YEAR,MO,DY,HR,ALLSKY_SFC_SW_DWN,CLRSKY_SFC_SW_DWN,TOA_SW_DWN,ALLSKY_SFC_PAR_TOT,CLRSKY_SFC_PAR_TOT,ALLSKY_SFC_UVA,ALLSKY_SFC_UVB,ALLSKY_SFC_UV_INDEX,T2M,T2MDEW,T2MWET,PRECTOTCORR,RH2M,QV2M,PS,WS2M,WS10M,WD2M,WD10M
2022,4,1,0,0,0,0,0,0,0,0,0,1.4,-3.25,-0.92,5,73.62,0,62.35,0.6,1.142192363,0.99,340.71
2022,4,1,1,0,0,0,0,0,0,0,0,1.25,-3.85,-1.3,4.76,70.81,0.06,62.31,0.43,0.818571194,0.78,317.84
2022,4,1,2,0,0,0,0,0,0,0,0,0.74,-4.1,-1.68,4.64,71.75,0.06,62.27,0.46,0.875680812,0.82,307.64
2022,4,1,3,0,0,0,0,0,0,0,0,0.49,-4.42,-1.96,4.52,71.12,0.06,62.26,0.41,0.780498115,0.73,330.71
2022,4,1,4,0,0,0,0,0,0,0,0,0.17,-4.92,-2.38,4.33,69.69,0,62.26,0.57,1.085082745,0.91,353.06
2022,4,1,5,0,0,0,0,0,0,0,0,-0.19,-5.85,-3.02,4.03,66.75,0,62.29,0.77,1.465813533,1.2,359.63
2022,4,1,6,0.14,0.16,0.41,14.73,18.3,1.98,0.01,0.02,-0.01,-6.1,-3.06,3.91,64.12,0,62.34,0.85,1.618105848,1.35,4.65
2022,4,1,7,0.8,0.96,1.51,95.4,114.27,12.41,0.12,0.6,2.92,-5.32,-1.2,4.27,57,0,62.39,1.28,2.436677042,1.65,350.72
2022,4,1,8,1.37,1.84,2.53,166.05,221.88,22.95,0.44,2.17,5.7,-6.92,-0.61,3.85,41.81,0,62.43,2.05,3.902490574,2.54,308
2022,4,1,9,1.82,2.6,3.39,227.95,314.1,32.93,0.88,4.58,7.91,-7.06,0.42,3.78,35.31,0,62.46,3.02,5.749034895,3.78,291.47
2022,4,1,10,2.6,3.17,4.03,321.5,381.88,46.06,1.47,7.58,9.65,-6.39,1.63,3.91,32.81,0,62.47,3.55,6.757971482,4.44,284.35
2022,4,1,11,2.16,3.48,4.41,277.4,418.58,40.95,1.42,7.1,10.85,-5.56,2.65,4.21,32.38,0,62.46,3.9,7.424250361,4.89,276.8
2022,4,1,12,2.05,3.5,4.5,263.75,420.23,38.59,1.36,6.77,11.39,-4.6,3.4,4.52,33.75,0,62.43,4.07,7.747871531,5.13,269.91
2022,4,1,13,1.69,3.19,4.3,216.15,379.4,30.34,1,5.02,11.42,-3.67,3.87,4.88,36.19,0,62.4,4.1,7.804981149,5.18,265.5
2022,4,1,14,1.28,2.65,3.81,162.05,312.3,22.52,0.66,3.5,11.08,-2.99,4.04,5.13,39,0,62.37,3.96,7.538469597,5.01,263.11
2022,4,1,15,0.96,2.01,3.08,118.15,236.52,16.2,0.39,1.98,10.37,-2.56,3.9,5.31,42.31,0,62.35,3.66,6.967373416,4.66,262.48
2022,4,1,16,0.6,1.19,2.14,70.95,137.02,9.34,0.15,0.73,9.19,-2.32,3.44,5.43,46.5,0.03,62.37,3.16,6.015546446,4.08,262.07
2022,4,1,17,0.22,0.42,1.08,24.75,47.5,3.28,0.02,0.1,6.94,-1.16,2.89,5.8,58,0,62.41,2.11,4.016709811,2.9,255.03
2022,4,1,18,0.03,0.03,0.12,2.02,2.85,0.28,0,0,3.15,-1.22,0.96,5.86,76.31,0,62.47,0.86,1.637142387,1.6,263.81
2022,4,1,19,0,0,0,0,0,0,0,0,2.44,-1.77,0.33,5.62,77.25,0.04,62.53,0.62,1.180265442,1.09,298.22
2022,4,1,20,0,0,0,0,0,0,0,0,2.24,-2.24,0,5.37,75.38,0,62.58,0.71,1.351594296,1.24,347.63
2022,4,1,21,0,0,0,0,0,0,0,0,2.3,-3.01,-0.35,5.07,70.44,0,62.62,0.75,1.427740454,1.29,2.43
2022,4,1,22,0,0,0,0,0,0,0,0,2.38,-3.77,-0.7,4.76,65.75,0,62.62,0.61,1.161228903,1.06,6.34
2022,4,1,23,0,0,0,0,0,0,0,0,2.33,-4.44,-1.06,4.52,62.5,0,62.61,0.54,1.027973127,0.95,8.06
2022,4,2,0,0,0,0,0,0,0,0,0,2.08,-5.06,-1.49,4.27,60.38,0,62.57,0.67,1.275448139,1.07,10.9
2022,4,2,1,0,0,0,0,0,0,0,0,1.8,-5.74,-1.97,4.03,58,0.01,62.53,0.78,1.484850072,1.2,13.95
2022,4,2,2,0,0,0,0,0,0,0,0,1.64,-6.45,-2.41,3.78,55.06,0.01,62.5,0.83,1.580032769,1.25,17.08
2022,4,2,3,0,0,0,0,0,0,0,0,1.62,-7.2,-2.79,3.54,51.56,0.01,62.49,0.8,1.522923151,1.19,20.69
2022,4,2,4,0,0,0,0,0,0,0,0,1.65,-8.13,-3.24,3.3,47.62,0,62.5,0.76,1.446776993,1.11,24.04
2022,4,2,5,0,0,0,0,0,0,0,0,1.52,-9.37,-3.92,2.93,43.5,0,62.54,0.74,1.408703915,1.04,26.76
2022,4,2,6,0.1,0.11,0.43,10.33,12.25,1.3,0,0.02,1.83,-9.44,-3.81,2.93,42.31,0,62.59,0.68,1.294484678,0.96,27.19
2022,4,2,7,0.57,0.68,1.53,62.42,73.35,7.48,0.07,0.35,4.07,-8.05,-1.99,3.42,41.94,0,62.65,0.49,0.93279043,0.62,15.26
2022,4,2,8,0.99,1.46,2.55,111.65,162.95,13.55,0.25,1.23,6.73,-7.31,-0.29,3.66,37.38,0,62.7,1.22,2.322457805,1.49,251.95
2022,4,2,9,1.41,2.21,3.41,162.7,250.48,20.52,0.52,2.73,8.71,-6.17,1.27,4.03,35.88,0,62.73,2.59,4.930463701,3.19,243.25
2022,4,2,10,2.13,2.75,4.05,247.42,315.2,31.82,0.96,4.9,10.15,-4.67,2.73,4.52,36.5,0,62.75,3.53,6.719898404,4.42,238.31
2022,4,2,11,1.94,3.15,4.42,233.4,363.98,30.3,1,4.95,10.9,-3.28,3.81,5,38.75,0,62.75,4.42,8.414150409,5.57,234.59
2022,4,2,12,1.76,3.04,4.51,209.4,346.25,25.87,0.84,4.2,10.88,-1.92,4.48,5.55,43.06,0,62.73,5.03,9.575379312,6.35,232.55
2022,4,2,13,1.45,2.83,4.3,171.65,323.33,21.68,0.67,3.38,10.31,-0.64,4.83,6.1,48.81,0,62.69,5.17,9.841890863,6.51,231.38
2022,4,2,14,1.08,2.28,3.82,129.1,253.27,15.28,0.42,2.23,9.41,0.19,4.8,6.41,54.44,0.01,62.65,4.99,9.499233154,6.26,231.23
2022,4,2,15,0.79,1.68,3.08,91.45,184.35,10.95,0.25,1.25,8.33,0.65,4.48,6.53,59.81,0.01,62.63,4.62,8.794881197,5.79,230.47
2022,4,2,16,0.47,0.98,2.15,53.25,105.7,6.45,0.1,0.5,6.87,0.85,3.86,6.59,66.62,0.01,62.62,4.07,7.747871531,5.12,230.75
2022,4,2,17,0.2,0.36,1.09,22.48,38.3,2.62,0.02,0.08,4.9,1.01,2.95,6.65,76.88,0,62.62,3.15,5.996509907,4.03,230.98
2022,4,2,18,0.02,0.02,0.12,1.5,2.5,0.19,0,0,2.57,1.2,1.88,6.77,92.12,0.19,62.64,1.41,2.684152054,2.07,227.6
2022,4,2,19,0,0,0,0,0,0,0,0,1.86,0.98,1.42,6.65,95.56,0.14,62.67,0.91,1.732325084,1.41,227.47
2022,4,2,20,0,0,0,0,0,0,0,0,1.56,0.76,1.16,6.59,96.38,0.09,62.7,0.59,1.123155824,0.98,233.13
2022,4,2,21,0,0,0,0,0,0,0,0,1.12,0.33,0.73,6.35,96.44,0.06,62.72,0.49,0.93279043,0.81,251.92
2022,4,2,22,0,0,0,0,0,0,0,0,0.69,-0.1,0.29,6.16,96.44,0.06,62.7,0.47,0.894717351,0.77,273.47
2022,4,2,23,0,0,0,0,0,0,0,0,0.12,-0.9,-0.39,5.8,94.81,0.05,62.68,0.51,0.970863509,0.79,286.65
2022,4,3,0,0,0,0,0,0,0,0,0,-0.31,-1.38,-0.85,5.62,94.56,0.03,62.64,0.52,0.989900048,0.79,297.84
2022,4,3,1,0,0,0,0,0,0,0,0,-0.73,-1.86,-1.29,5.43,94.31,0.01,62.59,0.62,1.180265442,0.9,308.66
2022,4,3,2,0,0,0,0,0,0,0,0,-1.21,-2.42,-1.81,5.19,93.94,0.01,62.54,0.71,1.351594296,1.03,325.47
2022,4,3,3,0,0,0,0,0,0,0,0,-1.31,-2.88,-2.1,5,91.38,0,62.51,0.8,1.522923151,1.17,336
2022,4,3,4,0,0,0,0,0,0,0,0,-1.24,-3.27,-2.25,4.82,88,0,62.5,0.84,1.599069309,1.21,334.43
2022,4,3,5,0,0,0,0,0,0,0,0,-1.22,-3.35,-2.28,4.82,87.31,0,62.51,0.81,1.54195969,1.15,327.17
2022,4,3,6,0.1,0.1,0.45,9.58,11.5,1.18,0,0.02,-0.74,-3.31,-2.02,4.82,84.5,0.06,62.55,0.71,1.351594296,1.01,312.48
2022,4,3,7,0.56,0.63,1.55,59.45,67.6,7.22,0.06,0.33,1.78,-2.93,-0.58,5.13,73.75,0,62.6,1.27,2.417640502,1.54,267.38
2022,4,3,8,1.15,1.38,2.57,125.48,150.65,14.91,0.26,1.25,4.3,-3.95,0.18,4.94,59.88,0,62.63,3.01,5.729998356,3.75,253.91
2022,4,3,9,1.74,2.15,3.42,194.62,240.5,23.8,0.56,2.88,6.44,-3.75,1.34,5,52.38,0.01,62.64,3.97,7.557506137,4.98,249.89
2022,4,3,10,1.9,2.69,4.06,225.05,307.2,28.58,0.81,4.1,7.9,-3.06,2.42,5.25,49.25,0,62.64,4.77,9.080429288,5.97,244.64
2022,4,3,11,2.5,3.07,4.44,294.38,354.15,37.37,1.16,5.83,8.59,-1.97,3.31,5.62,50.38,0.01,62.62,5.37,10.22262165,6.73,240.07
2022,4,3,12,1.95,2.7,4.52,221.7,295.75,25.09,0.76,3.8,8.67,-0.59,4.04,6.16,54.75,0.04,62.57,5.74,10.92697361,7.2,237.45
2022,4,3,13,1.74,2.52,4.31,194.9,275.05,22.45,0.65,3.25,8.31,0.58,4.44,6.59,60.19,0.09,62.51,5.79,11.02215631,7.28,236.55
2022,4,3,14,1.39,2.1,3.83,158.23,228.62,17.84,0.46,2.35,7.65,1.26,4.45,6.84,65.44,0.22,62.44,5.6,10.66046206,7.05,236.2
2022,4,3,15,1.18,1.57,3.09,127.48,168.4,13.99,0.29,1.45,6.64,1.53,4.08,6.96,71.19,0.37,62.4,4.99,9.499233154,6.26,235.93
2022,4,3,16,0.68,0.97,2.16,73.1,104.77,8.31,0.12,0.58,5.5,1.45,3.48,6.96,76.75,0.41,62.38,4.15,7.900163846,5.21,235.88
2022,4,3,17,0.25,0.35,1.1,26.25,38.73,3.14,0.02,0.08,3.94,1.33,2.63,6.9,84.94,0.49,62.38,3.13,5.958436828,3.99,235.69
2022,4,3,18,0.03,0.03,0.13,2.23,2.67,0.28,0,0,1.77,1.24,1.51,6.84,98.69,0.53,62.39,1.31,2.49378666,1.99,230.43
2022,4,3,19,0,0,0,0,0,0,0,0,1.5,1.28,1.39,6.9,100,0.45,62.41,0.81,1.54195969,1.28,231.18
2022,4,3,20,0,0,0,0,0,0,0,0,1.4,1.14,1.27,6.84,100,0.27,62.44,0.45,0.856644272,0.78,254.85
2022,4,3,21,0,0,0,0,0,0,0,0,0.94,0.7,0.82,6.65,100,0.2,62.44,0.48,0.913753891,0.82,306.87
2022,4,3,22,0,0,0,0,0,0,0,0,0.33,-0.02,0.15,6.29,100,0.15,62.42,0.72,1.370630836,1.22,330.98
2022,4,3,23,0,0,0,0,0,0,0,0,-0.13,-0.96,-0.55,5.86,97.31,0.09,62.4,0.85,1.618105848,1.4,339.44
2022,4,4,0,0,0,0,0,0,0,0,0,-0.45,-2,-1.23,5.43,92.56,0.02,62.37,0.88,1.675215466,1.39,337.9
2022,4,4,1,0,0,0,0,0,0,0,0,-0.36,-2.7,-1.53,5.19,87.12,0,62.33,0.85,1.618105848,1.31,336.8
2022,4,4,2,0,0,0,0,0,0,0,0,-0.56,-3.31,-1.93,4.94,84.25,0,62.29,0.9,1.713288545,1.34,336.58
2022,4,4,3,0,0,0,0,0,0,0,0,-0.75,-4.02,-2.38,4.64,80.88,0,62.27,0.94,1.789434702,1.36,349.08
2022,4,4,4,0,0,0,0,0,0,0,0,-0.94,-4.93,-2.94,4.33,76.19,0,62.28,1.06,2.017873175,1.5,359.4
2022,4,4,5,0,0,0,0,0,0,0,0,-1.03,-5.71,-3.38,4.03,71.75,0,62.33,1.01,1.922690478,1.45,6.2
2022,4,4,6,0.17,0.19,0.47,17.67,21.23,2.22,0.01,0.02,-0.67,-5.95,-3.31,3.97,68.25,0,62.38,0.99,1.884617399,1.42,8.89
2022,4,4,7,0.87,1.02,1.57,98.83,118,11.9,0.12,0.6,2.05,-5.26,-1.6,4.27,60.5,0,62.44,1.12,2.132092411,1.4,344.41
2022,4,4,8,1.7,1.9,2.59,198.9,224.42,25.75,0.49,2.42,4.45,-5.66,-0.6,4.21,50.56,0,62.49,1.74,3.312357853,2.14,287.18
2022,4,4,9,2.45,2.68,3.44,291.85,316.65,39.34,1.04,5.27,6.32,-5.59,0.37,4.27,44.75,0,62.52,2.61,4.96853678,3.27,268.08
2022,4,4,10,2.74,3.25,4.07,328.35,384.85,45.66,1.45,7.45,7.88,-5.17,1.36,4.39,41.38,0,62.52,3.4,6.472423392,4.24,257.78
2022,4,4,11,2.74,3.57,4.45,331.98,421.23,46.86,1.62,8.38,8.99,-4.52,2.23,4.58,40.25,0,62.52,4.14,7.881127306,5.19,248.65
2022,4,4,12,2.41,3.39,4.53,289.15,391.9,39.01,1.33,6.9,9.48,-3.63,2.93,4.88,41.44,0,62.49,4.72,8.985246591,5.93,242.39
2022,4,4,13,2.24,3.17,4.32,266.95,365.88,35.39,1.16,5.88,9.37,-2.69,3.34,5.19,44.31,0,62.47,5.04,9.594415851,6.35,239.21
2022,4,4,14,1.9,2.73,3.83,225.08,315.17,29.45,0.86,4.48,8.69,-1.92,3.38,5.43,48.56,0,62.46,5,9.518269694,6.3,237.93
2022,4,4,15,1.39,2.07,3.1,163.45,238.25,20.91,0.49,2.48,7.78,-1.53,3.12,5.55,52.62,0.02,62.46,4.73,9.00428313,5.96,237.37
2022,4,4,16,1,1.33,2.17,112.17,150.98,13.52,0.21,1.05,6.46,-1.42,2.52,5.55,57.75,0.05,62.49,4.18,7.957273464,5.29,236.99
2022,4,4,17,0.34,0.52,1.11,37.73,56.9,4.72,0.03,0.15,4.46,-1.38,1.54,5.55,66.31,0.08,62.53,3.25,6.186875301,4.19,236.01
2022,4,4,18,0.03,0.03,0.13,2.67,3.7,0.37,0,0,1.8,-0.99,0.4,5.74,82.5,0.07,62.59,1.52,2.893553987,2.19,232.11
2022,4,4,19,0,0,0,0,0,0,0,0,0.76,-1.63,-0.44,5.43,84.62,0.05,62.64,0.76,1.446776993,1.04,242.66
2022,4,4,20,0,0,0,0,0,0,0,0,-0.18,-2.02,-1.1,5.31,88.31,0.02,62.69,0.36,0.685315418,0.49,291.3
2022,4,4,21,0,0,0,0,0,0,0,0,-0.81,-2.38,-1.6,5.13,90.44,0.01,62.72,0.43,0.818571194,0.69,326.13
2022,4,4,22,0,0,0,0,0,0,0,0,-1.1,-2.77,-1.93,5,89.94,0,62.72,0.59,1.123155824,0.92,331.04
2022,4,4,23,0,0,0,0,0,0,0,0,-1.17,-3.21,-2.19,4.82,87.31,0,62.71,0.67,1.275448139,1,329.65
2022,4,5,0,0,0,0,0,0,0,0,0,-1.25,-3.77,-2.51,4.58,84,0,62.68,0.73,1.389667375,1.06,325.84
2022,4,5,1,0,0,0,0,0,0,0,0,-1.36,-4.39,-2.88,4.39,80.56,0,62.66,0.83,1.580032769,1.19,322.98
2022,4,5,2,0,0,0,0,0,0,0,0,-1.42,-4.99,-3.21,4.15,77.19,0.01,62.63,0.92,1.751361624,1.32,325.09
2022,4,5,3,0,0,0,0,0,0,0,0,-1.47,-5.63,-3.56,3.97,73.56,0.01,62.62,0.9,1.713288545,1.28,328.74
2022,4,5,4,0,0,0,0,0,0,0,0,-1.52,-6.32,-3.92,3.72,69.81,0.01,62.63,0.81,1.54195969,1.18,331.91
2022,4,5,5,0,0,0,0,0,0,0,0,-1.72,-6.89,-4.31,3.54,67.69,0.01,62.67,0.7,1.332557757,1.07,336.42
2022,4,5,6,0.17,0.2,0.49,17.77,21.75,2.25,0.01,0.02,-1.31,-6.71,-4.02,3.66,66.88,0,62.71,0.68,1.294484678,1.04,332.28
2022,4,5,7,0.84,1,1.59,96.15,115.8,11.84,0.11,0.55,1.49,-5.96,-2.24,3.97,58.69,0,62.76,1.12,2.132092411,1.4,302.01
2022,4,5,8,1.62,1.88,2.6,191.05,221.55,24.82,0.46,2.25,4.33,-8,-1.84,3.42,41.12,0,62.8,2.57,4.892390622,3.19,272.39
2022,4,5,9,2.28,2.65,3.45,273.95,314.2,36.92,0.94,4.75,6.53,-7.78,-0.63,3.48,35.88,0,62.82,3.46,6.586642628,4.33,263.16
2022,4,5,10,2.77,3.23,4.09,335.08,383.52,46.27,1.4,7.12,8.2,-7.14,0.53,3.6,33.62,0,62.82,4.12,7.843054228,5.15,256.22
2022,4,5,11,3.02,3.57,4.46,366.98,423.42,51.25,1.69,8.67,9.23,-6.39,1.41,3.85,33.12,0,62.81,4.68,8.909100433,5.86,250.36
2022,4,5,12,2.55,3.45,4.54,302.38,398.85,41.02,1.35,6.98,9.72,-5.67,2.02,4.03,33.75,0,62.78,5.05,9.613452391,6.35,245.99
2022,4,5,13,2.56,3.23,4.33,301.98,372.52,40.34,1.27,6.48,9.67,-5,2.33,4.21,35.5,0.04,62.73,5.12,9.746708166,6.45,243.43
2022,4,5,14,2.15,2.79,3.84,253.98,320.65,33.37,0.93,4.77,9.19,-4.52,2.33,4.39,37.88,0.09,62.69,4.92,9.365977378,6.2,242.43
2022,4,5,15,1.57,2.13,3.11,182.6,244.1,23.58,0.53,2.65,8.3,-4.31,1.99,4.46,40.81,0.09,62.66,4.53,8.623552342,5.7,242.14
2022,4,5,16,1.13,1.38,2.18,127.85,155.65,15.59,0.23,1.12,6.98,-4.24,1.37,4.46,44.69,0.09,62.65,3.86,7.348104203,4.88,242.12
2022,4,5,17,0.41,0.54,1.11,44.52,58.98,5.55,0.03,0.15,4.94,-3.95,0.49,4.52,52.5,0.06,62.65,2.77,5.27312141,3.61,241.1
2022,4,5,18,0.04,0.04,0.14,2.9,3.85,0.4,0,0,1.74,-3.29,-0.77,4.76,69.38,0.08,62.67,0.92,1.751361624,1.52,239.74
2022,4,5,19,0,0,0,0,0,0,0,0,0.19,-3.83,-1.82,4.58,74.25,0.05,62.69,0.37,0.704351957,0.61,325.49
2022,4,5,20,0,0,0,0,0,0,0,0,-0.77,-3.92,-2.35,4.52,79.62,0.01,62.72,0.71,1.351594296,1.31,8.9
2022,4,5,21,0,0,0,0,0,0,0,0,-0.88,-4.27,-2.58,4.39,78.12,0,62.74,0.93,1.770398163,1.65,14.83
2022,4,5,22,0,0,0,0,0,0,0,0,-0.45,-4.6,-2.52,4.27,73.38,0,62.73,0.95,1.808471242,1.55,13.97
2022,4,5,23,0,0,0,0,0,0,0,0,-0.08,-4.87,-2.47,4.21,69.69,0,62.71,0.81,1.54195969,1.27,3.88
2022,4,6,0,0,0,0,0,0,0,0,0,-0.06,-5.07,-2.56,4.15,68.38,0,62.68,0.76,1.446776993,1.17,348.01
2022,4,6,1,0,0,0,0,0,0,0,0,-0.17,-5.21,-2.69,4.09,68.25,0,62.64,0.8,1.522923151,1.26,341.23
2022,4,6,2,0,0,0,0,0,0,0,0,-0.36,-5.31,-2.84,4.09,68.69,0,62.61,0.85,1.618105848,1.34,342.73
2022,4,6,3,0,0,0,0,0,0,0,0,-0.37,-5.43,-2.9,4.03,68.12,0,62.59,0.85,1.618105848,1.32,345.55
2022,4,6,4,0,0,0,0,0,0,0,0,-0.45,-5.56,-3,3.97,67.94,0,62.59,0.85,1.618105848,1.31,348.62
2022,4,6,5,0,0,0,0,0,0,0,0,-0.68,-5.8,-3.24,3.91,67.88,0,62.62,0.85,1.618105848,1.32,351.15
2022,4,6,6,0.18,0.19,0.5,20.27,21.58,2.59,0.01,0.02,-0.1,-5.41,-2.76,4.03,66.88,0,62.67,0.89,1.694252005,1.35,352.67
2022,4,6,7,0.8,0.97,1.61,92.33,112.23,11.66,0.12,0.6,2.87,-4.39,-0.76,4.46,59.25,0,62.73,1.18,2.246311648,1.5,328.37
2022,4,6,8,1.43,1.84,2.62,168.85,216.88,22.12,0.43,2.1,5.66,-5.98,-0.16,3.91,42.94,0,62.79,1.93,3.674052102,2.38,280.02
2022,4,6,9,2.09,2.61,3.47,251.7,309.15,34,0.9,4.65,7.76,-6.3,0.73,3.85,36.44,0,62.82,2.65,5.044682938,3.3,259.65
2022,4,6,10,2.61,3.19,4.1,315.6,378.2,43.45,1.35,6.9,9.21,-5.93,1.64,3.97,34.12,0,62.83,3.47,6.605679167,4.36,248.9
2022,4,6,11,2.49,3.43,4.47,301.27,403.45,41.38,1.41,7.05,10.09,-5.23,2.44,4.15,33.94,0,62.82,4.24,8.0714927,5.35,241.75
2022,4,6,12,2.17,3.12,4.55,253.48,351.23,30.95,1.02,5.12,10.4,-4.55,2.93,4.39,35.06,0,62.79,4.83,9.194648524,6.1,237.92
2022,4,6,13,1.96,3.02,4.34,231.98,345.15,29.61,0.95,4.75,10.19,-3.89,3.15,4.64,37.38,0,62.75,5.1,9.708635087,6.44,236.83
2022,4,6,14,1.52,2.58,3.85,180.45,294.2,23.41,0.66,3.42,9.62,-3.45,3.08,4.76,40,0,62.72,5.06,9.63248893,6.39,236.87
2022,4,6,15,1.24,2.02,3.11,142.67,227.05,17.37,0.4,2.02,8.62,-3.25,2.69,4.82,43.31,0,62.69,4.67,8.890063894,5.9,236.12
2022,4,6,16,0.71,1.24,2.18,80.23,137.48,9.66,0.15,0.73,7.13,-3.15,1.99,4.82,48.12,0,62.68,3.97,7.557506137,5.01,235.99
2022,4,6,17,0.27,0.48,1.12,29.6,51.25,3.73,0.02,0.1,5.08,-2.88,1.1,4.94,56.56,0,62.69,2.96,5.634815659,3.82,235.66
2022,4,6,18,0.03,0.03,0.14,2.42,3.55,0.33,0,0,2.07,-2.23,-0.08,5.19,73.56,0,62.71,1.16,2.208238569,1.77,232.37
2022,4,6,19,0,0,0,0,0,0,0,0,0.78,-2.7,-0.96,5,77.62,0,62.74,0.34,0.647242339,0.5,274.47
2022,4,6,20,0,0,0,0,0,0,0,0,-0.13,-3.08,-1.61,4.82,80.75,0,62.78,0.41,0.780498115,0.73,355.08
2022,4,6,21,0,0,0,0,0,0,0,0,-0.5,-3.6,-2.05,4.64,79.94,0,62.8,0.67,1.275448139,1.14,357.26
2022,4,6,22,0,0,0,0,0,0,0,0,-0.53,-4.1,-2.31,4.46,76.94,0,62.79,0.85,1.618105848,1.34,353.96
2022,4,6,23,0,0,0,0,0,0,0,0,-0.34,-4.45,-2.39,4.33,73.62,0,62.76,0.81,1.54195969,1.23,350.12
2022,4,7,0,0,0,0,0,0,0,0,0,-0.36,-4.66,-2.51,4.27,72.5,0,62.73,0.77,1.465813533,1.13,336.28
2022,4,7,1,0,0,0,0,0,0,0,0,-0.42,-4.77,-2.6,4.21,72.25,0,62.69,0.82,1.56099623,1.18,323.58
2022,4,7,2,0,0,0,0,0,0,0,0,-0.7,-4.85,-2.77,4.21,73.44,0,62.66,0.96,1.827507781,1.34,320.66
2022,4,7,3,0,0,0,0,0,0,0,0,-0.98,-4.94,-2.95,4.21,74.56,0,62.63,0.91,1.732325084,1.26,327.69
2022,4,7,4,0,0,0,0,0,0,0,0,-1.16,-5.06,-3.11,4.15,74.94,0,62.63,0.88,1.675215466,1.22,334.58
2022,4,7,5,0,0,0,0,0,0,0,0,-1.38,-5.24,-3.31,4.09,75.25,0,62.64,0.88,1.675215466,1.24,339.4
2022,4,7,6,0.19,0.21,0.52,21.4,23.5,2.76,0.01,0.05,-0.77,-5.09,-2.93,4.15,72.62,0.01,62.68,0.97,1.846544321,1.34,343.36
2022,4,7,7,0.78,1.01,1.63,91.4,117.52,11.61,0.12,0.6,2.22,-5.47,-1.63,4.09,57.38,0,62.73,1.35,2.569932817,1.65,315.19
2022,4,7,8,1.43,1.89,2.64,168.95,222.92,22.38,0.43,2.15,4.94,-7.45,-1.26,3.48,40.56,0,62.75,2.22,4.226111744,2.72,277.43
2022,4,7,9,2.01,2.66,3.48,242.77,315.1,33.32,0.88,4.58,7,-7.51,-0.26,3.48,35.12,0,62.77,2.95,5.615779119,3.66,262.63
2022,4,7,10,2.46,3.23,4.11,299.5,383.95,41.73,1.31,6.65,8.53,-6.76,0.88,3.72,33.69,0,62.78,3.69,7.024483034,4.6,249.84
2022,4,7,11,2.73,3.56,4.48,332.3,423.35,46.75,1.59,8.1,9.4,-5.75,1.83,4.03,34.56,0,62.76,4.59,8.737771579,5.75,240.54
2022,4,7,12,2.44,3.42,4.56,296.27,399.2,39.05,1.34,6.67,9.58,-4.64,2.47,4.46,37.31,0,62.73,5.27,10.03225626,6.64,235.75
2022,4,7,13,1.63,2.99,4.35,196.9,341.67,25.89,0.82,4.1,9.22,-3.48,2.87,4.82,41.62,0.01,62.69,5.46,10.39395051,6.86,233.8
2022,4,7,14,1.48,2.6,3.86,177.12,295.45,22.26,0.63,3.3,8.48,-2.53,2.98,5.13,46.69,0.02,62.65,5.29,10.07032934,6.64,233.52
2022,4,7,15,1.09,2.01,3.12,128.65,228.4,16.22,0.38,1.9,7.4,-1.88,2.76,5.37,52.5,0.04,62.62,4.86,9.251758142,6.09,234.09
2022,4,7,16,0.62,1.24,2.19,72.27,137.75,9.03,0.14,0.67,5.83,-1.54,2.14,5.49,59.81,0.05,62.62,4.16,7.919200385,5.21,235.5
2022,4,7,17,0.28,0.48,1.13,30.2,52.08,3.83,0.02,0.12,3.9,-1.41,1.25,5.55,69,0.07,62.62,3.16,6.015546446,4.03,238.07
2022,4,7,18,0.04,0.04,0.15,2.7,3.77,0.37,0,0,1.3,-1.07,0.11,5.74,85.38,0.08,62.63,1.47,2.79837129,2.09,236.9
2022,4,7,19,0,0,0,0,0,0,0,0,0.4,-1.21,-0.41,5.62,90,0.06,62.66,0.66,1.2564116,0.94,259.44
2022,4,7,20,0,0,0,0,0,0,0,0,-0.3,-1.58,-0.94,5.49,92.56,0.02,62.69,0.37,0.704351957,0.66,319.33
2022,4,7,21,0,0,0,0,0,0,0,0,-0.89,-2.26,-1.57,5.19,92.25,0.01,62.7,0.53,1.008936588,0.92,343.25
2022,4,7,22,0,0,0,0,0,0,0,0,-1.09,-3,-2.05,4.94,88.44,0,62.68,0.67,1.275448139,1.07,343.82
2022,4,7,23,0,0,0,0,0,0,0,0,-1,-3.73,-2.37,4.64,82.88,0,62.64,0.68,1.294484678,1,330.64
2022,4,8,0,0,0,0,0,0,0,0,0,-0.95,-4.24,-2.6,4.46,79.31,0,62.61,0.67,1.275448139,0.93,310.24
2022,4,8,1,0,0,0,0,0,0,0,0,-0.96,-4.53,-2.74,4.33,77.38,0,62.57,0.65,1.23737506,0.88,302.98
2022,4,8,2,0,0,0,0,0,0,0,0,-1.4,-4.24,-2.82,4.46,82.19,0.01,62.53,0.73,1.389667375,1.02,303.08
2022,4,8,3,0,0,0,0,0,0,0,0,-1.77,-4.24,-3.01,4.46,84.75,0.01,62.51,0.7,1.332557757,0.97,311.1
2022,4,8,4,0,0,0,0,0,0,0,0,-2.06,-4.39,-3.23,4.39,85.69,0.01,62.5,0.69,1.313521218,0.96,324.89
2022,4,8,5,0,0,0,0,0,0,0,0,-2.17,-4.6,-3.38,4.33,85.19,0.01,62.51,0.72,1.370630836,1.02,331.67
2022,4,8,6,0.17,0.19,0.54,18.42,20.83,2.38,0.01,0.02,-1.47,-4.7,-3.09,4.33,80,0.03,62.52,0.78,1.484850072,1.07,329.89
2022,4,8,7,0.69,0.93,1.64,77.8,103.8,9.96,0.12,0.58,1.34,-4.97,-1.81,4.33,64.44,0,62.55,1.42,2.703188593,1.73,299.23
2022,4,8,8,1.13,1.79,2.65,130.48,204.75,17.12,0.35,1.77,3.93,-5.45,-0.77,4.21,52.06,0,62.56,2.29,4.35936752,2.8,273.2
2022,4,8,9,1.69,2.55,3.5,202.12,295.27,27.12,0.75,4,5.94,-5.14,0.4,4.33,46.44,0,62.58,3,5.710961816,3.72,259.47
2022,4,8,10,1.96,3.12,4.12,230.58,363.25,32.59,1.08,5.42,7.44,-4.22,1.62,4.64,45.12,0,62.58,3.74,7.119665731,4.66,249.68
2022,4,8,11,2.13,3.44,4.49,256.3,400.35,35.05,1.23,6.2,8.4,-3.2,2.59,5.07,45.88,0,62.57,4.57,8.6996985,5.71,243.51
2022,4,8,12,2.02,3.13,4.57,235.02,350.58,28.9,0.98,4.98,8.62,-2.09,3.26,5.49,49.19,0,62.53,5.13,9.765744706,6.45,240.61
2022,4,8,13,1.77,2.91,4.35,209.67,328.1,26.15,0.84,4.3,8.33,-1.17,3.58,5.86,53.44,0.04,62.47,5.31,10.10840241,6.69,240.86
2022,4,8,14,1.35,2.23,3.86,154.42,240.1,18.13,0.52,2.7,7.75,-0.54,3.6,6.1,57.94,0.07,62.42,5.23,9.956110099,6.61,241.8
2022,4,8,15,1.27,1.87,3.13,142.5,204.8,16.6,0.39,2.02,6.79,-0.26,3.26,6.23,62.81,0.1,62.39,4.78,9.099465827,6.07,243.14
2022,4,8,16,0.72,1.2,2.2,82.2,131.95,9.81,0.16,0.8,5.66,-0.32,2.67,6.16,67.5,0.1,62.38,4.06,7.728834991,5.17,244.79
2022,4,8,17,0.27,0.43,1.14,29.62,46.3,3.65,0.02,0.12,4.14,-0.38,1.88,6.16,74.69,0.15,62.4,3.14,5.977473368,4.08,244.61
2022,4,8,18,0.04,0.03,0.15,2.95,3.73,0.39,0,0,1.94,0,0.97,6.29,89.25,0.27,62.42,1.46,2.779334751,2.2,239.25
2022,4,8,19,0,0,0,0,0,0,0,0,1.27,0.05,0.66,6.29,93.56,0.16,62.47,0.93,1.770398163,1.43,244.83
2022,4,8,20,0,0,0,0,0,0,0,0,1,-0.02,0.49,6.23,94.81,0.08,62.51,0.46,0.875680812,0.74,281.55
2022,4,8,21,0,0,0,0,0,0,0,0,0.51,-0.34,0.09,6.1,95.94,0.03,62.54,0.46,0.875680812,0.8,337.47
2022,4,8,22,0,0,0,0,0,0,0,0,-0.13,-0.86,-0.49,5.86,96.94,0.02,62.52,0.6,1.142192363,1.03,357.4
2022,4,8,23,0,0,0,0,0,0,0,0,-0.62,-1.46,-1.04,5.62,96.44,0.01,62.49,0.7,1.332557757,1.15,2.34
2022,4,9,0,0,0,0,0,0,0,0,0,-0.71,-2.02,-1.37,5.37,93.12,0.01,62.44,0.73,1.389667375,1.17,0
2022,4,9,1,0,0,0,0,0,0,0,0,-0.73,-2.54,-1.63,5.13,89.56,0.01,62.39,0.7,1.332557757,1.11,354.33
2022,4,9,2,0,0,0,0,0,0,0,0,-0.6,-2.99,-1.79,5,85.56,0,62.35,0.72,1.370630836,1.09,350.47
2022,4,9,3,0,0,0,0,0,0,0,0,-0.53,-3.35,-1.94,4.82,82.62,0,62.32,0.67,1.275448139,0.98,349.86
2022,4,9,4,0,0,0,0,0,0,0,0,-0.57,-3.66,-2.12,4.7,80.88,0,62.32,0.58,1.104119284,0.83,344.65
2022,4,9,5,0,0,0,0,0,0,0,0,-0.75,-3.92,-2.34,4.64,80.31,0,62.34,0.61,1.161228903,0.85,338.89
2022,4,9,6,0.17,0.18,0.56,19.17,19.65,2.45,0.01,0.05,-0.34,-4.1,-2.22,4.58,76.81,0,62.38,0.77,1.465813533,1.02,336.17
2022,4,9,7,0.63,0.86,1.66,71.5,94.27,8.92,0.1,0.52,2.17,-3.95,-0.89,4.7,66.12,0,62.43,1.18,2.246311648,1.43,313.01
2022,4,9,8,0.92,1.69,2.67,105.77,192.17,13.95,0.3,1.48,4.47,-4.08,0.19,4.7,56.31,0,62.47,1.51,2.874517447,1.85,276.55
2022,4,9,9,1.32,2.58,3.51,155.4,303.58,21.66,0.62,3.3,6.37,-3.88,1.24,4.82,50.12,0,62.5,2.15,4.092855968,2.7,251.46
2022,4,9,10,1.72,3.19,4.14,212.5,376.23,29.88,0.99,4.98,7.88,-3.31,2.29,5,47.19,0,62.5,2.92,5.558669501,3.65,239.2
2022,4,9,11,1.91,3.49,4.5,239.33,410.25,33.25,1.19,5.95,8.88,-2.49,3.2,5.37,47.06,0,62.47,3.8,7.233884967,4.75,232.49
2022,4,9,12,1.77,3.15,4.58,215.08,357.42,26.27,0.91,4.58,9.2,-1.55,3.83,5.74,49.56,0,62.44,4.59,8.737771579,5.76,229.79
2022,4,9,13,1.73,2.93,4.36,205.7,332.1,24.95,0.82,4.08,8.73,-0.63,4.05,6.16,54.5,0.05,62.39,4.99,9.499233154,6.28,230.15
2022,4,9,14,1.37,2.48,3.87,164.45,279.98,19.7,0.59,3.1,7.86,-0.18,3.84,6.29,59.25,0.21,62.35,5.09,9.689598548,6.43,231.26
2022,4,9,15,0.95,1.85,3.13,112.25,206.08,13.33,0.33,1.67,6.73,0.03,3.38,6.35,64.38,0.31,62.33,4.91,9.346940839,6.23,231.98
2022,4,9,16,0.61,1.11,2.21,71.52,121.75,8.35,0.15,0.7,5.22,0.15,2.68,6.35,71.62,0.39,62.34,4.41,8.39511387,5.63,232.89
2022,4,9,17,0.25,0.42,1.15,27.33,45.6,3.16,0.02,0.12,3.44,0.23,1.84,6.35,81.19,0.47,62.35,3.62,6.891227258,4.69,233.4
2022,4,9,18,0.02,0.03,0.16,1.02,3.62,0.13,0,0,1.69,0.36,1.02,6.41,92.69,0.35,62.38,2.35,4.473586756,3.2,232.35
2022,4,9,19,0,0,0,0,0,0,0,0,1.08,0,0.54,6.23,94.12,0.26,62.42,1.67,3.179102078,2.26,236.26
2022,4,9,20,0,0,0,0,0,0,0,0,0.4,-0.54,-0.06,5.98,94.81,0.14,62.45,0.95,1.808471242,1.41,247.55
2022,4,9,21,0,0,0,0,0,0,0,0,0.28,-0.77,-0.25,5.86,94.12,0.07,62.47,0.72,1.370630836,1.04,275.19
2022,4,9,22,0,0,0,0,0,0,0,0,-0.12,-1.1,-0.61,5.74,94.75,0.03,62.45,0.59,1.123155824,0.91,291.25
2022,4,9,23,0,0,0,0,0,0,0,0,-0.68,-1.55,-1.11,5.55,95.81,0.02,62.42,0.58,1.104119284,0.91,302.06
2022,4,10,0,0,0,0,0,0,0,0,0,-1.17,-2.14,-1.66,5.31,95.38,0.02,62.39,0.66,1.2564116,0.99,307.32
2022,4,10,1,0,0,0,0,0,0,0,0,-1.42,-2.65,-2.03,5.07,93.5,0.02,62.35,0.77,1.465813533,1.09,305.39
2022,4,10,2,0,0,0,0,0,0,0,0,-1.63,-3.01,-2.32,4.94,92.5,0.03,62.31,0.84,1.599069309,1.16,305.94
2022,4,10,3,0,0,0,0,0,0,0,0,-1.77,-3.26,-2.51,4.82,91.69,0.04,62.28,0.88,1.675215466,1.22,307.16
2022,4,10,4,0,0,0,0,0,0,0,0,-1.79,-3.39,-2.59,4.82,90.94,0.03,62.27,0.87,1.656178927,1.2,308.37
2022,4,10,5,0,0,0,0,0,0,0,0,-1.84,-3.47,-2.66,4.76,90.69,0.03,62.29,0.96,1.827507781,1.31,306.05
2022,4,10,6,0.19,0.22,0.58,22.58,25.38,3.01,0.01,0.05,-1.14,-3.31,-2.23,4.82,87.06,0.04,62.33,1.11,2.113055872,1.5,303.77
2022,4,10,7,0.75,0.97,1.68,88.38,114.77,11.13,0.12,0.6,1.26,-2.68,-0.71,5.13,76.94,0.04,62.38,1.81,3.445613629,2.23,291.54
2022,4,10,8,1.32,1.81,2.68,161,218.5,21.34,0.41,2.08,3.41,-2.76,0.33,5.13,65.69,0.01,62.42,2.65,5.044682938,3.29,271.5
2022,4,10,9,1.48,2.58,3.52,186.6,314,26.98,0.72,3.75,5.4,-2.98,1.21,5,56.19,0,62.44,3.39,6.453386852,4.21,257.56
2022,4,10,10,1.5,3.12,4.15,204.98,382.25,30.22,0.96,4.85,6.76,-2.96,1.9,5.07,51.38,0,62.45,4.28,8.147638858,5.34,248.99
2022,4,10,11,2.21,3.54,4.51,286.58,424.33,41.94,1.46,7.25,7.42,-2.37,2.53,5.31,51.62,0.01,62.43,5.01,9.537306233,6.27,244.84
2022,4,10,12,1.95,3.14,4.58,243.6,362.55,31,1.04,5.2,7.45,-1.56,2.94,5.68,54.88,0.13,62.4,5.42,10.31780435,6.82,243.26
2022,4,10,13,1.55,2.55,4.37,182.5,278.4,20.88,0.63,3.17,7.19,-0.87,3.16,5.98,58.62,0.46,62.36,5.56,10.5843159,7.02,243.92
2022,4,10,14,1.33,2.36,3.87,161.27,266.1,19.85,0.56,2.92,6.55,-0.46,3.05,6.16,63.12,0.82,62.32,5.45,10.37491397,6.94,247.77
2022,4,10,15,0.9,1.75,3.14,108.02,195.88,12.94,0.29,1.5,5.45,-0.52,2.47,6.16,68.25,1.11,62.28,4.96,9.442123536,6.36,252.05
2022,4,10,16,0.56,1.01,2.21,67.05,110.05,8.05,0.12,0.62,4.08,-0.77,1.65,6.1,74.25,1.11,62.27,4.08,7.76690807,5.28,259.94
2022,4,10,17,0.13,0.39,1.16,13.75,42.77,1.73,0.01,0.05,2.9,-0.91,0.99,6.04,80.12,0.73,62.28,3.02,5.749034895,3.97,269.44
2022,4,10,18,0.03,0.03,0.16,1.6,3.58,0.21,0,0,1.65,-0.68,0.48,6.16,89.12,0.61,62.3,1.53,2.912590526,2.21,272.63
2022,4,10,19,0,0,0,0,0,0,0,0,1.06,-0.6,0.23,6.16,93.31,0.2,62.32,0.94,1.789434702,1.49,283.67
2022,4,10,20,0,0,0,0,0,0,0,0,0.54,-1.17,-0.32,5.92,92.88,0.02,62.36,0.95,1.808471242,1.61,318.55
2022,4,10,21,0,0,0,0,0,0,0,0,-0.07,-2.22,-1.14,5.43,89.62,0,62.38,1.26,2.398603963,2.03,336.19
2022,4,10,22,0,0,0,0,0,0,0,0,-0.15,-3.31,-1.73,5,82.5,0,62.37,1.33,2.531859738,2.1,341.83
2022,4,10,23,0,0,0,0,0,0,0,0,0.18,-4.34,-2.08,4.58,73.69,0,62.35,1.36,2.588969357,2.09,347.68
2022,4,11,0,0,0,0,0,0,0,0,0,0.3,-5.36,-2.53,4.21,66.94,0,62.31,1.43,2.722225132,2.15,353.96
2022,4,11,1,0,0,0,0,0,0,0,0,0.07,-6.4,-3.17,3.85,62.19,0,62.27,1.51,2.874517447,2.26,0.99
2022,4,11,2,0,0,0,0,0,0,0,0,-0.29,-7.36,-3.83,3.54,58.88,0,62.24,1.6,3.045846302,2.42,8.37
2022,4,11,3,0,0,0,0,0,0,0,0,-0.36,-8.26,-4.31,3.23,54.81,0,62.23,1.79,3.40754055,2.69,15.33
2022,4,11,4,0,0,0,0,0,0,0,0,-0.55,-9.1,-4.82,2.99,51.62,0,62.24,1.94,3.693088641,2.89,20.88
2022,4,11,5,0,0,0,0,0,0,0,0,-0.8,-9.81,-5.31,2.81,49.38,0,62.28,2.09,3.978636732,3.12,24.71
2022,4,11,6,0.2,0.19,0.6,22.25,21.5,2.91,0.01,0.05,-0.22,-9.12,-4.67,3.05,50.44,0,62.32,2.37,4.511659835,3.49,26.85
2022,4,11,7,0.84,0.92,1.69,94.48,103.85,11.44,0.11,0.55,3.11,-6.51,-1.7,3.91,51.25,0,62.37,2.98,5.672888737,4.07,27.65
2022,4,11,8,1.52,1.77,2.7,178.12,205.95,22.69,0.41,2.02,5.82,-8.67,-1.42,3.17,34.5,0,62.42,3.51,6.681825325,4.49,25.36
2022,4,11,9,2.18,2.55,3.54,262.12,300.88,34.99,0.87,4.45,8.06,-9.59,-0.76,2.93,27.19,0,62.45,2.91,5.539632962,3.59,23.44
2022,4,11,10,2.51,3.11,4.16,301.45,365.48,41.03,1.2,6.02,9.87,-9.3,0.29,2.99,24.75,0,62.45,1.39,2.646078975,1.67,21.06
2022,4,11,11,2.81,3.49,4.52,349.1,414.08,48.53,1.58,7.92,10.92,-8.06,1.43,3.42,26.19,0,62.45,0.55,1.047009666,0.79,238.84
2022,4,11,12,2.53,3.36,4.59,309.7,392.95,41.56,1.34,6.7,11.3,-6.6,2.35,3.91,29.44,0,62.43,1.99,3.788271338,2.61,229.73
2022,4,11,13,2.48,3.17,4.37,301.2,371.88,39.83,1.22,6.12,11.18,-4.98,3.1,4.58,34.31,0,62.4,3.16,6.015546446,4.04,231.6
2022,4,11,14,2.01,2.68,3.88,243.55,312.85,32.02,0.86,4.4,10.63,-3.14,3.74,5.25,41,0,62.38,3.86,7.348104203,4.91,232.49
2022,4,11,15,1.56,1.98,3.15,182.52,227.85,22.67,0.48,2.4,9.51,-2.07,3.73,5.74,48,0.06,62.37,3.96,7.538469597,5.04,234.02
2022,4,11,16,0.88,1.19,2.22,101.58,133.88,12.46,0.18,0.88,8.19,-1.61,3.3,5.86,53.94,0.2,62.37,3.52,6.700861864,4.48,235.59
2022,4,11,17,0.39,0.46,1.16,42.85,50.23,5.38,0.03,0.15,6.38,-0.65,2.87,6.16,64.19,0.17,62.38,2.73,5.196975253,3.62,232.71
2022,4,11,18,0.04,0.04,0.17,3.4,3.95,0.46,0,0,3.33,0.7,2.01,6.71,86.25,0.3,62.41,1.17,2.227275108,1.98,231.23
2022,4,11,19,0,0,0,0,0,0,0,0,2.33,0.93,1.63,6.71,93.19,0.43,62.46,0.52,0.989900048,0.95,251.71
2022,4,11,20,0,0,0,0,0,0,0,0,1.75,1.04,1.4,6.71,97.25,0.04,62.5,0.39,0.742425036,0.69,324.16
2022,4,11,21,0,0,0,0,0,0,0,0,1.36,0.72,1.04,6.59,97.44,0,62.53,0.64,1.218338521,1.08,347.47
2022,4,11,22,0,0,0,0,0,0,0,0,1.03,0.2,0.62,6.35,96.19,0,62.54,0.77,1.465813533,1.24,356.02
2022,4,11,23,0,0,0,0,0,0,0,0,0.76,-0.36,0.2,6.1,94.25,0,62.53,0.76,1.446776993,1.21,1.11
2022,4,12,0,0,0,0,0,0,0,0,0,0.54,-0.95,-0.21,5.86,91.88,0,62.5,0.78,1.484850072,1.22,2.2
2022,4,12,1,0,0,0,0,0,0,0,0,0.45,-1.53,-0.54,5.62,88.69,0.04,62.46,0.77,1.465813533,1.18,358.86
2022,4,12,2,0,0,0,0,0,0,0,0,0.22,-2.03,-0.91,5.37,86.88,0.04,62.44,0.78,1.484850072,1.18,353.16
2022,4,12,3,0,0,0,0,0,0,0,0,-0.17,-2.55,-1.36,5.19,85.88,0.04,62.41,0.91,1.732325084,1.41,355.87
2022,4,12,4,0,0,0,0,0,0,0,0,-0.6,-3.23,-1.91,4.88,84.12,0,62.39,1.1,2.094019333,1.75,4.09
2022,4,12,5,0,0,0,0,0,0,0,0,-0.85,-4.13,-2.49,4.58,79.94,0,62.39,1.23,2.341494345,1.94,15.21
2022,4,12,6,0.19,0.2,0.62,22.5,23.12,2.91,0.01,0.05,0.04,-4.61,-2.28,4.39,71.88,0,62.41,1.42,2.703188593,2.11,20.18
2022,4,12,7,0.7,0.93,1.71,83.38,107.4,10.91,0.12,0.6,3.55,-4.24,-0.35,4.64,59,0,62.45,1.39,2.646078975,1.79,12.34
2022,4,12,8,1.17,1.81,2.71,140.5,213.52,19.16,0.38,1.88,6.42,-5.81,0.31,4.09,42.56,0,62.48,1.07,2.036909714,1.28,314.01
2022,4,12,9,1.94,2.6,3.55,241.33,309.95,33.09,0.88,4.62,8.65,-6.14,1.25,3.97,35.62,0,62.5,2.11,4.016709811,2.62,253.02
2022,4,12,10,2.33,3.18,4.17,293.1,381.2,41.4,1.3,6.55,10.15,-5.82,2.16,4.03,32.69,0,62.51,3.46,6.586642628,4.39,241.15
2022,4,12,11,2.61,3.5,4.52,331.38,420.65,47.25,1.6,8.02,10.68,-4.77,2.95,4.39,34.44,0,62.5,4.2,7.995346543,5.33,237.83
2022,4,12,12,2.2,3.29,4.6,275.88,389.12,36.6,1.23,6.12,10.72,-3.45,3.64,4.94,38.38,0,62.47,4.59,8.737771579,5.81,236.84
2022,4,12,13,1.75,2.93,4.38,207.17,340.15,27.52,0.86,4.33,10.36,-2.17,4.09,5.43,43.38,0,62.43,4.76,9.061392748,6.02,237.3
2022,4,12,14,1.61,2.48,3.89,199.67,287.4,24.8,0.7,3.6,9.61,-1.22,4.19,5.86,48.81,0,62.38,4.67,8.890063894,5.9,238.37
2022,4,12,15,1.25,1.81,3.15,151.12,207.8,18.48,0.41,2.1,8.59,-0.6,4,6.1,54.5,0.01,62.36,4.19,7.976310003,5.3,239.92
2022,4,12,16,0.71,1.06,2.23,82.27,119.23,9.94,0.15,0.73,7.55,-0.21,3.67,6.23,60,0.03,62.36,3.61,6.872190719,4.58,241.03
2022,4,12,17,0.3,0.41,1.17,34.8,46,4.23,0.02,0.12,5.96,0.36,3.15,6.47,69.25,0.09,62.38,2.81,5.349267568,3.67,238.95
2022,4,12,18,0.05,0.04,0.17,3.8,3.92,0.48,0,0,3.19,1.07,2.13,6.77,88.06,0.1,62.43,1.25,2.379567423,2.03,237.71
2022,4,12,19,0,0,0,0,0,0,0,0,2.12,1.25,1.69,6.84,95.88,0.08,62.47,0.65,1.23737506,1.22,252.03
2022,4,12,20,0,0,0,0,0,0,0,0,1.76,1.21,1.49,6.77,97.94,0.04,62.52,0.38,0.723388497,0.7,291.68
2022,4,12,21,0,0,0,0,0,0,0,0,1.4,0.94,1.18,6.65,98.5,0.02,62.54,0.4,0.761461575,0.69,315.46
2022,4,12,22,0,0,0,0,0,0,0,0,1.14,0.49,0.81,6.47,97.19,0.02,62.53,0.42,0.799534654,0.73,320.19
2022,4,12,23,0,0,0,0,0,0,0,0,0.87,-0.09,0.4,6.16,94.88,0.01,62.5,0.43,0.818571194,0.7,322.74
2022,4,13,0,0,0,0,0,0,0,0,0,0.26,-0.58,-0.16,5.92,95.5,0,62.45,0.48,0.913753891,0.77,328.74
2022,4,13,1,0,0,0,0,0,0,0,0,-0.16,-1.06,-0.6,5.74,95.25,0,62.41,0.55,1.047009666,0.88,340.28
2022,4,13,2,0,0,0,0,0,0,0,0,-0.46,-1.55,-1,5.55,94.06,0,62.38,0.59,1.123155824,0.95,349.15
2022,4,13,3,0,0,0,0,0,0,0,0,-0.67,-1.96,-1.31,5.37,92.69,0,62.35,0.61,1.161228903,0.96,356.25
2022,4,13,4,0,0,0,0,0,0,0,0,-0.79,-2.35,-1.57,5.19,90.81,0,62.34,0.71,1.351594296,1.08,354.58
2022,4,13,5,0,0,0,0,0,0,0,0,-0.7,-2.72,-1.71,5.07,87.5,0.01,62.36,0.86,1.637142387,1.27,4.94
2022,4,13,6,0.21,0.23,0.64,24.45,25.9,3.17,0.01,0.05,0.16,-2.85,-1.35,5,80.94,0.01,62.39,0.85,1.618105848,1.27,1.41
2022,4,13,7,0.7,0.94,1.73,80.62,107.08,10.12,0.11,0.52,2.55,-2.62,-0.03,5.25,71.31,0,62.43,0.86,1.637142387,1.11,337.75
2022,4,13,8,1.26,1.82,2.72,151.27,213.9,20.22,0.4,1.95,4.92,-4.82,0.05,4.46,51.25,0,62.47,1.54,2.931627066,1.88,271.43
2022,4,13,9,1.58,2.55,3.56,193.35,301.35,26.99,0.71,3.67,6.27,-5.55,0.37,4.15,43.69,0,62.48,2.54,4.835281004,3.16,251.43
2022,4,13,10,2.47,3.16,4.18,301.85,377,41.92,1.3,6.52,7.72,-5.21,1.25,4.27,40.44,0,62.48,3.33,6.339167616,4.15,247.88
2022,4,13,11,2.35,3.51,4.53,300.35,421.55,43.2,1.47,7.3,9.39,-4.31,2.54,4.58,38.81,0,62.46,4.27,8.128602318,5.33,242.57
2022,4,13,12,1.96,3.11,4.6,243.62,361.38,30.63,1,5,10.07,-3.45,3.31,4.88,39.62,0,62.43,5.07,9.651525469,6.35,237.97
2022,4,13,13,1.85,2.89,4.39,225.9,335.08,28.27,0.87,4.38,9.75,-2.38,3.69,5.31,43.94,0,62.4,5.38,10.24165819,6.77,236.82
2022,4,13,14,1.55,2.46,3.89,190.27,282.67,23.51,0.66,3.38,8.92,-1.48,3.72,5.68,49.5,0.01,62.36,5.1,9.708635087,6.41,237.96
2022,4,13,15,1.12,1.85,3.16,134.1,210.7,16.38,0.37,1.88,7.94,-0.9,3.52,5.86,54.88,0.02,62.34,4.59,8.737771579,5.76,238.6
2022,4,13,16,0.66,1.15,2.23,77.33,129.17,9.45,0.15,0.7,6.55,-0.53,3.01,5.98,61.62,0.02,62.34,3.84,7.310031125,4.83,239.78
2022,4,13,17,0.28,0.47,1.18,31.15,52.85,3.97,0.02,0.12,4.84,-0.28,2.28,6.1,70.31,0.05,62.34,2.85,5.425413725,3.62,241.94
2022,4,13,18,0.05,0.04,0.18,3.9,4.6,0.52,0,0,2.4,0.12,1.26,6.29,86.06,0.1,62.35,1.11,2.113055872,1.7,242.96
2022,4,13,19,0,0,0,0,0,0,0,0,1.22,-0.1,0.55,6.16,91.94,0.09,62.37,0.47,0.894717351,0.8,270
2022,4,13,20,0,0,0,0,0,0,0,0,0.43,-0.52,-0.05,5.92,94.38,0.03,62.39,0.38,0.723388497,0.68,316.4
2022,4,13,21,0,0,0,0,0,0,0,0,0.09,-0.93,-0.42,5.8,93.75,0.02,62.41,0.48,0.913753891,0.83,324.96
2022,4,13,22,0,0,0,0,0,0,0,0,0.02,-1.34,-0.66,5.62,91.38,0.02,62.4,0.55,1.047009666,0.9,314.29
2022,4,13,23,0,0,0,0,0,0,0,0,-0.11,-1.79,-0.95,5.43,89.25,0.02,62.37,0.63,1.199301981,0.98,299.01
2022,4,14,0,0,0,0,0,0,0,0,0,-0.49,-2.29,-1.39,5.19,88.69,0.03,62.34,0.76,1.446776993,1.11,289.71
2022,4,14,1,0,0,0,0,0,0,0,0,-0.92,-2.66,-1.79,5.07,89.38,0.07,62.3,0.84,1.599069309,1.19,287.6
2022,4,14,2,0,0,0,0,0,0,0,0,-1.39,-2.86,-2.13,5,91.62,0.1,62.27,0.88,1.675215466,1.25,293.67
2022,4,14,3,0,0,0,0,0,0,0,0,-1.84,-3.16,-2.5,4.88,93.19,0.1,62.25,0.91,1.732325084,1.33,303.78
2022,4,14,4,0,0,0,0,0,0,0,0,-2.3,-3.73,-3.01,4.7,92.81,0.08,62.24,0.89,1.694252005,1.36,315.7
2022,4,14,5,0,0,0,0,0,0,0,0,-2.64,-4.66,-3.65,4.39,88.88,0.09,62.25,0.83,1.580032769,1.33,329.21
2022,4,14,6,0.25,0.26,0.66,28.02,28.62,3.59,0.01,0.05,-1.79,-5.2,-3.49,4.21,79.38,0,62.28,0.68,1.294484678,1.15,338.13
2022,4,14,7,1,1.05,1.74,111.02,118.48,13.42,0.13,0.67,1.62,-6.77,-2.58,3.78,54.94,0,62.32,1.13,2.151128951,1.43,300.91
2022,4,14,8,1.62,1.94,2.74,188.52,225.4,25.23,0.47,2.35,4.23,-11.55,-3.66,2.5,30.12,0,62.35,2.99,5.691925277,3.77,264.66
2022,4,14,9,2.58,2.74,3.57,304.45,320.9,41.32,1.03,5.17,5.9,-11.86,-2.98,2.44,26.19,0,62.37,4.01,7.633652294,5.03,254.78
2022,4,14,10,3.23,3.35,4.19,384.23,392.42,53.46,1.59,8.08,7.15,-10.99,-1.92,2.62,26.19,0,62.37,4.87,9.270794682,6.1,247.34
2022,4,14,11,3.47,3.7,4.54,417.4,433.05,59.07,1.91,9.9,7.79,-9.61,-0.91,2.99,28.12,0,62.36,5.56,10.5843159,6.99,240.97
2022,4,14,12,3.59,3.83,4.61,433.12,449.2,62.27,2.08,10.77,7.9,-8.24,-0.17,3.3,31,0,62.34,5.96,11.34577747,7.5,236.72
2022,4,14,13,3.34,3.61,4.39,399.3,422.62,57.07,1.8,9.27,7.62,-7.18,0.22,3.54,34.06,0,62.31,6.09,11.59325249,7.68,233.9
2022,4,14,14,2.9,3.06,3.9,342.33,357.33,47.22,1.3,6.6,6.98,-6.54,0.22,3.72,37.12,0,62.27,6,11.42192363,7.57,232.29
2022,4,14,15,2.25,2.4,3.16,263.27,280.48,35.41,0.78,3.85,6.09,-6.17,-0.04,3.85,40.5,0,62.25,5.8,11.04119284,7.36,231.82
2022,4,14,16,1.41,1.55,2.24,162.1,179.85,20.75,0.3,1.48,4.94,-6.08,-0.56,3.85,44.25,0.01,62.22,5.42,10.31780435,6.93,231.5
2022,4,14,17,0.65,0.67,1.19,72.02,76.05,8.74,0.05,0.25,3.27,-5.67,-1.2,3.97,51.62,0.08,62.22,4.6,8.756808118,5.99,229.76
2022,4,14,18,0.06,0.05,0.18,5.58,5.77,0.77,0,0.02,0.44,-4.05,-1.81,4.58,72.69,0.01,62.22,2.98,5.672888737,4.31,224.41
2022,4,14,19,0,0,0,0,0,0,0,0,-0.68,-4.07,-2.38,4.58,78.62,0.02,62.25,2.71,5.158902174,3.95,219.62
2022,4,14,20,0,0,0,0,0,0,0,0,-0.92,-3.9,-2.41,4.58,81.06,0.02,62.28,2.69,5.120829095,3.91,218.11
2022,4,14,21,0,0,0,0,0,0,0,0,-1.11,-3.88,-2.49,4.58,82.44,0.03,62.29,2.67,5.082756016,3.8,215.46
2022,4,14,22,0,0,0,0,0,0,0,0,-1.29,-3.99,-2.64,4.58,83,0.03,62.27,2.8,5.330231028,3.87,215.55
2022,4,14,23,0,0,0,0,0,0,0,0,-1.43,-4.16,-2.8,4.52,82.94,0.04,62.25,2.8,5.330231028,3.78,216.09
2022,4,15,0,0,0,0,0,0,0,0,0,-1.58,-4.39,-2.99,4.46,82.5,0.04,62.21,2.79,5.311194489,3.72,219.54
2022,4,15,1,0,0,0,0,0,0,0,0,-1.61,-4.69,-3.15,4.33,81.06,0.04,62.18,2.41,4.587805992,3.13,224.39
2022,4,15,2,0,0,0,0,0,0,0,0,-2.29,-4.97,-3.63,4.27,84.31,0.03,62.15,1.61,3.064882841,2.06,232.56
2022,4,15,3,0,0,0,0,0,0,0,0,-3.35,-5.32,-4.34,4.15,90.12,0.02,62.13,0.93,1.770398163,1.06,235.25
2022,4,15,4,0,0,0,0,0,0,0,0,-4.2,-5.68,-4.94,4.09,94.62,0.01,62.12,0.48,0.913753891,0.35,243.43
2022,4,15,5,0,0,0,0,0,0,0,0,-5.1,-6.13,-5.61,3.97,98.94,0,62.14,0.06,0.114219236,0.43,34.56
2022,4,15,6,0.28,0.3,0.68,31.73,33,3.95,0.01,0.05,-4.15,-6.42,-5.28,3.85,89.44,0,62.17,0.05,0.095182697,0.46,43.64
2022,4,15,7,1.11,1.11,1.76,125.02,128.25,14.98,0.15,0.75,-0.35,-8.7,-4.52,3.23,54.19,0,62.21,0.42,0.799534654,0.44,254.48
2022,4,15,8,2,1.99,2.75,234.02,234.12,30.39,0.55,2.75,2.55,-10.8,-4.13,2.62,36.06,0,62.24,2.49,4.740098307,3.03,243.04
2022,4,15,9,2.72,2.76,3.58,323.92,327.6,44.03,1.11,5.52,4.35,-10.81,-3.24,2.62,31.69,0,62.27,3.44,6.548569549,4.2,238.71
2022,4,15,10,3.23,3.34,4.2,389.48,396.92,54.41,1.63,8.35,5.72,-10.12,-2.2,2.81,30.62,0,62.28,4.05,7.709798452,4.95,234.05
2022,4,15,11,3.51,3.67,4.55,428.1,436.4,60.47,1.98,10.25,6.69,-9.12,-1.22,3.05,31.19,0,62.27,4.61,8.775844657,5.67,230.48
2022,4,15,12,3.5,3.76,4.62,429,447.83,61.45,2.04,10.67,7.19,-7.95,-0.38,3.36,33,0,62.23,5.05,9.613452391,6.24,229.17
2022,4,15,13,3.33,3.56,4.4,405.4,423.92,57.67,1.84,9.4,7.23,-6.87,0.18,3.66,35.75,0,62.19,5.22,9.93707356,6.49,228.37
2022,4,15,14,2.87,3.1,3.9,345.55,368.6,48.34,1.36,6.88,6.83,-6.18,0.33,3.85,38.62,0,62.15,5.2,9.899000481,6.47,228.23
2022,4,15,15,2.2,2.42,3.17,262.2,286.73,35.62,0.79,3.92,6.07,-5.93,0.07,3.91,41.44,0,62.13,5.11,9.727671627,6.39,229.91
2022,4,15,16,1.41,1.58,2.25,164.5,186.02,21.2,0.31,1.52,4.89,-6.01,-0.56,3.91,44.62,0,62.13,4.73,9.00428313,5.96,231.7
2022,4,15,17,0.65,0.7,1.2,73.98,80.83,8.96,0.05,0.25,3.19,-6.02,-1.42,3.85,50.25,0,62.16,3.95,7.519433058,5.07,232.58
2022,4,15,18,0.07,0.06,0.19,6.02,6.33,0.82,0,0.02,0.37,-4.79,-2.21,4.33,68.5,0,62.2,2.44,4.64491561,3.47,230.21
2022,4,15,19,0,0,0,0,0,0,0,0,-0.57,-5.7,-3.13,3.97,68.19,0,62.23,2.01,3.826344417,2.72,228.95
2022,4,15,20,0,0,0,0,0,0,0,0,-0.88,-6.27,-3.57,3.78,66.62,0,62.27,1.81,3.445613629,2.38,230.6
2022,4,15,21,0,0,0,0,0,0,0,0,-1.06,-6.63,-3.84,3.66,65.69,0,62.29,1.49,2.836444369,1.91,232.99
2022,4,15,22,0,0,0,0,0,0,0,0,-1.67,-6.79,-4.23,3.66,68.25,0,62.28,1.08,2.055946254,1.36,234.39
2022,4,15,23,0,0,0,0,0,0,0,0,-2.67,-6.95,-4.81,3.6,73.31,0,62.25,0.7,1.332557757,0.85,242.73
2022,4,16,0,0,0,0,0,0,0,0,0,-3.56,-7.2,-5.38,3.54,77.5,0,62.21,0.24,0.456876945,0.29,290.38
2022,4,16,1,0,0,0,0,0,0,0,0,-4.25,-7.63,-5.94,3.42,79.19,0,62.16,0.2,0.380730788,0.37,3.65
2022,4,16,2,0,0,0,0,0,0,0,0,-4.56,-8.45,-6.51,3.17,75.88,0,62.12,0.26,0.494950024,0.46,11.89
2022,4,16,3,0,0,0,0,0,0,0,0,-4.77,-9.52,-7.14,2.87,70.44,0,62.1,0.32,0.60916926,0.52,10.46
2022,4,16,4,0,0,0,0,0,0,0,0,-4.99,-10.26,-7.62,2.69,67.25,0,62.09,0.39,0.742425036,0.58,5.4
2022,4,16,5,0,0,0,0,0,0,0,0,-5.23,-10.75,-7.99,2.62,65.75,0,62.12,0.44,0.837607733,0.66,2.73
2022,4,16,6,0.34,0.35,0.7,37.98,39.2,4.49,0.02,0.05,-4.21,-9.15,-6.68,3.05,70.88,0,62.16,0.26,0.494950024,0.55,355.1
2022,4,16,7,1.18,1.21,1.77,135.67,141.8,16.62,0.16,0.83,-0.76,-10.21,-5.49,2.75,48.06,0,62.22,0.69,1.313521218,0.83,289.8
2022,4,16,8,2.09,2.1,2.77,246.67,249.08,32.59,0.59,2.9,1.81,-10.86,-4.52,2.62,37.31,0,62.26,2.19,4.169002126,2.66,247.73
2022,4,16,9,2.81,2.86,3.59,337.1,341.3,46.72,1.16,5.77,3.85,-10.98,-3.56,2.56,31.94,0,62.29,3.63,6.910263798,4.44,234.16
2022,4,16,10,3.35,3.43,4.2,405.77,409.88,57.72,1.72,8.7,5.15,-10.16,-2.51,2.75,31.19,0,62.29,4.51,8.585479264,5.55,228.82
2022,4,16,11,3.64,3.76,4.56,445.17,449.4,64.21,2.07,10.73,5.95,-8.95,-1.5,3.05,32.62,0,62.25,5.08,9.670562009,6.28,225.55
2022,4,16,12,3.33,3.76,4.62,407.1,445.3,58.55,1.91,9.88,6.35,-7.74,-0.7,3.36,35.12,0,62.2,5.47,10.41298704,6.79,223.79
2022,4,16,13,3.04,3.52,4.4,371.12,418.2,52.76,1.64,8.33,6.31,-6.93,-0.31,3.6,37.56,0,62.17,5.78,11.00311977,7.22,223.12
2022,4,16,14,2.51,3.03,3.91,304.83,361.33,42.48,1.15,5.77,5.87,-6.52,-0.32,3.72,40.06,0,62.14,5.91,11.25059478,7.44,222.57
2022,4,16,15,1.94,2.36,3.18,232.85,280,31.59,0.69,3.4,5.05,-6.49,-0.72,3.72,42.5,0,62.12,5.79,11.02215631,7.34,222.8
2022,4,16,16,1.2,1.54,2.25,141.75,180.83,18.46,0.27,1.3,3.79,-6.68,-1.45,3.66,45.69,0,62.13,5.33,10.14647549,6.8,223
2022,4,16,17,0.51,0.68,1.2,58.3,78.75,7.17,0.04,0.2,2.23,-6.74,-2.26,3.66,50.75,0,62.15,4.48,8.528369645,5.8,223.42
2022,4,16,18,0.06,0.06,0.19,5.65,6.55,0.78,0,0.02,-0.09,-5.33,-2.7,4.15,67.94,0,62.18,2.87,5.463486804,4.04,221.24
2022,4,16,19,0,0,0,0,0,0,0,0,-0.97,-5.71,-3.35,3.97,70.62,0,62.22,2.47,4.702025229,3.43,221.49
2022,4,16,20,0,0,0,0,0,0,0,0,-1.2,-6.67,-3.94,3.66,66.31,0,62.26,2.12,4.03574635,2.83,223.77
2022,4,16,21,0,0,0,0,0,0,0,0,-1.48,-7.34,-4.41,3.48,64.06,0,62.29,1.64,3.121992459,2.13,224.26
2022,4,16,22,0,0,0,0,0,0,0,0,-1.95,-7.43,-4.69,3.42,66.12,0,62.28,0.9,1.713288545,1.18,224.19
2022,4,16,23,0,0,0,0,0,0,0,0,-3.04,-7.51,-5.27,3.42,71.94,0,62.27,0.33,0.6282058,0.37,220.73
2022,4,17,0,0,0,0,0,0,0,0,0,-3.6,-7.57,-5.59,3.42,75.06,0,62.24,0.08,0.152292315,0.09,333.43
2022,4,17,1,0,0,0,0,0,0,0,0,-4.24,-7.72,-5.98,3.36,78.25,0,62.21,0.21,0.399767327,0.41,22.62
2022,4,17,2,0,0,0,0,0,0,0,0,-4.72,-7.9,-6.31,3.3,80.44,0,62.17,0.33,0.6282058,0.6,23.89
2022,4,17,3,0,0,0,0,0,0,0,0,-5.18,-8.07,-6.63,3.3,82.56,0,62.15,0.42,0.799534654,0.75,26.03
2022,4,17,4,0,0,0,0,0,0,0,0,-5.45,-8.31,-6.88,3.23,82.94,0,62.16,0.48,0.913753891,0.86,29.81
2022,4,17,5,0,0,0,0,0,0,0,0,-5.6,-8.9,-7.25,3.05,79.94,0,62.19,0.53,1.008936588,0.95,34.99
2022,4,17,6,0.36,0.38,0.72,39.85,41.73,4.63,0.02,0.08,-4.38,-8.02,-6.2,3.36,78.75,0,62.23,0.2,0.380730788,0.7,42.27
2022,4,17,7,1.21,1.26,1.79,138.05,145.4,16.8,0.17,0.88,-0.71,-9.6,-5.16,2.87,50.06,0,62.28,0.32,0.60916926,0.31,223.99
2022,4,17,8,2.17,2.14,2.78,253.62,252.7,33.71,0.63,3.15,1.98,-11.44,-4.73,2.44,34.62,0,62.33,2.36,4.492623295,2.87,234.19
2022,4,17,9,2.86,2.9,3.6,340.88,343.35,47.22,1.22,6.08,3.65,-12.23,-4.29,2.26,28.56,0,62.36,3.69,7.024483034,4.52,231.11
2022,4,17,10,3.26,3.46,4.21,393.8,410.67,56.34,1.73,8.85,4.8,-11.6,-3.39,2.38,28,0,62.37,4.43,8.433186949,5.45,228.61
2022,4,17,11,3.49,3.78,4.56,427.65,448.67,61.8,2.06,10.67,5.62,-10.39,-2.38,2.69,29.5,0,62.34,4.88,9.289831221,6,226.9
2022,4,17,12,3.34,3.73,4.63,410.15,441.83,58.16,1.94,10.08,6.05,-9.17,-1.56,2.99,31.75,0,62.31,5.16,9.822854324,6.38,227.18
2022,4,17,13,3.03,3.5,4.41,368.5,415.08,51.88,1.63,8.42,6.12,-8.12,-0.99,3.23,34.5,0,62.28,5.2,9.899000481,6.43,228.15
2022,4,17,14,2.61,3.02,3.91,314.95,358,43.52,1.22,6.2,5.78,-7.27,-0.75,3.48,37.88,0.01,62.25,4.97,9.461160075,6.16,228.39
2022,4,17,15,2,2.33,3.18,238.52,275.45,31.97,0.71,3.55,5.17,-6.85,-0.84,3.6,40.94,0.01,62.23,4.69,8.928136973,5.82,229.41
2022,4,17,16,1.23,1.5,2.26,144.35,175.38,18.59,0.28,1.38,4.18,-6.68,-1.25,3.66,44.56,0.02,62.23,4.15,7.900163846,5.19,230.56
2022,4,17,17,0.57,0.65,1.21,64.73,74.3,7.99,0.05,0.25,2.77,-6.52,-1.88,3.72,49.88,0.01,62.25,3.37,6.415313773,4.28,231.08
2022,4,17,18,0.07,0.06,0.2,5.98,6.3,0.82,0,0.02,0.76,-5.05,-2.14,4.21,65.56,0.04,62.28,2.01,3.826344417,2.77,230.15
2022,4,17,19,0,0,0,0,0,0,0,0,0.14,-6.22,-3.04,3.78,61.69,0.01,62.33,1.37,2.608005896,1.72,237.97
2022,4,17,20,0,0,0,0,0,0,0,0,-0.54,-6.41,-3.47,3.72,64.06,0,62.38,0.77,1.465813533,0.94,292.51
2022,4,17,21,0,0,0,0,0,0,0,0,-1.18,-6.42,-3.8,3.72,67.31,0,62.41,0.9,1.713288545,1.27,345.02
2022,4,17,22,0,0,0,0,0,0,0,0,-1.4,-6.6,-4,3.66,67.5,0,62.42,0.93,1.770398163,1.41,3.81
2022,4,17,23,0,0,0,0,0,0,0,0,-1.79,-6.88,-4.34,3.6,68.12,0,62.41,0.94,1.789434702,1.55,11.31
2022,4,18,0,0,0,0,0,0,0,0,0,-1.92,-7.11,-4.52,3.54,67.56,0,62.39,1,1.903653939,1.69,10.38
2022,4,18,1,0,0,0,0,0,0,0,0,-1.95,-7.38,-4.67,3.42,66.19,0,62.36,1.06,2.017873175,1.76,9.17
2022,4,18,2,0,0,0,0,0,0,0,0,-1.96,-7.71,-4.84,3.36,64.44,0,62.34,1.1,2.094019333,1.8,8.73
2022,4,18,3,0,0,0,0,0,0,0,0,-2.17,-8.06,-5.12,3.23,63.75,0,62.34,1.06,2.017873175,1.74,10.86
2022,4,18,4,0,0,0,0,0,0,0,0,-2.24,-8.39,-5.31,3.17,62.31,0,62.34,1.1,2.094019333,1.76,15.95
2022,4,18,5,0,0,0,0,0,0,0,0,-2.45,-8.7,-5.58,3.05,61.81,0,62.37,1.15,2.18920203,1.82,19.6
2022,4,18,6,0.34,0.35,0.74,38.42,40.25,4.55,0.02,0.08,-1.79,-7.52,-4.66,3.42,65.44,0.05,62.41,1.07,2.036909714,1.85,23.64
2022,4,18,7,1.17,1.2,1.8,135.3,141.05,16.4,0.18,0.88,1.79,-7.37,-2.79,3.54,50.81,0,62.46,1.83,3.483686708,2.4,20.38
2022,4,18,8,2.08,2.07,2.79,245.55,246.7,32.13,0.62,3.05,4.61,-9.74,-2.57,2.87,34.06,0,62.5,1.95,3.71212518,2.38,2.44
2022,4,18,9,2.8,2.82,3.62,335.3,336.62,45.86,1.19,5.98,6.84,-10.22,-1.69,2.75,27.88,0,62.54,1.42,2.703188593,1.7,335.9
2022,4,18,10,3.25,3.39,4.22,393.3,403.48,55.34,1.71,8.77,8.55,-9.87,-0.66,2.87,25.62,0,62.56,1.25,2.379567423,1.56,273.16
2022,4,18,11,3.54,3.7,4.57,431.33,440.15,61.03,2.04,10.67,9.62,-9.31,0.15,2.99,25.31,0,62.54,2.23,4.245148283,2.84,241.96
2022,4,18,12,3.21,3.6,4.63,390.52,423.83,53.87,1.78,9.35,10.14,-8.25,0.94,3.36,26.94,0,62.51,3.43,6.52953301,4.33,235.51
2022,4,18,13,2.96,3.35,4.41,354.65,393.25,48.28,1.51,7.8,10.15,-7.06,1.55,3.66,29.81,0,62.48,4.29,8.166675397,5.4,235.48
2022,4,18,14,2.46,2.85,3.92,292.73,333.3,38.8,1.07,5.45,9.62,-6.05,1.79,4.03,33.69,0,62.45,4.57,8.6996985,5.77,235.82
2022,4,18,15,1.81,2.15,3.19,212.3,249.83,27.2,0.59,2.98,8.51,-5.42,1.55,4.27,38.25,0.02,62.44,4.34,8.261858094,5.48,236.29
2022,4,18,16,1.16,1.34,2.26,131.62,153.58,16.09,0.24,1.17,7.11,-5.13,0.99,4.33,42.94,0.06,62.46,3.81,7.252921507,4.82,237.57
2022,4,18,17,0.49,0.55,1.22,54.33,62.12,6.59,0.04,0.2,5.33,-4.63,0.34,4.46,49.94,0.08,62.49,3.13,5.958436828,4.06,237.41
2022,4,18,18,0.06,0.05,0.2,5.25,5.73,0.7,0,0,2.49,-2.79,-0.15,5.07,69.38,0.13,62.53,1.51,2.874517447,2.3,235.12
2022,4,18,19,0,0,0,0,0,0,0,0,1.1,-2.93,-0.92,4.94,74.94,0.08,62.58,0.9,1.713288545,1.31,253.73
2022,4,18,20,0,0,0,0,0,0,0,0,0.21,-2.92,-1.35,4.94,79.88,0.02,62.61,0.65,1.23737506,0.97,313.05
2022,4,18,21,0,0,0,0,0,0,0,0,-0.35,-3.16,-1.75,4.82,81.81,0,62.62,0.86,1.637142387,1.33,337.2
2022,4,18,22,0,0,0,0,0,0,0,0,-0.56,-3.46,-2.01,4.7,81.19,0,62.61,1,1.903653939,1.56,347.85
2022,4,18,23,0,0,0,0,0,0,0,0,-0.65,-3.82,-2.24,4.58,79.5,0,62.6,1.02,1.941727017,1.61,350.49
2022,4,19,0,0,0,0,0,0,0,0,0,-0.66,-4.2,-2.43,4.46,77.19,0,62.57,1.01,1.922690478,1.59,346.92
2022,4,19,1,0,0,0,0,0,0,0,0,-0.63,-4.49,-2.56,4.33,75.25,0,62.53,1.02,1.941727017,1.57,342.92
2022,4,19,2,0,0,0,0,0,0,0,0,-0.7,-4.73,-2.71,4.27,74.19,0,62.51,1.12,2.132092411,1.65,340.11
2022,4,19,3,0,0,0,0,0,0,0,0,-0.92,-4.93,-2.92,4.21,74.25,0,62.49,1.21,2.303421266,1.78,343.16
2022,4,19,4,0,0,0,0,0,0,0,0,-1.28,-5.14,-3.21,4.15,75.25,0,62.49,1.13,2.151128951,1.78,348.1
2022,4,19,5,0,0,0,0,0,0,0,0,-1.7,-5.38,-3.54,4.03,76.56,0,62.51,1.12,2.132092411,1.84,354.41
2022,4,19,6,0.28,0.31,0.76,31.58,34.2,4.03,0.02,0.08,-0.82,-4.7,-2.76,4.27,75.44,0,62.55,1.25,2.379567423,1.99,2.25
2022,4,19,7,0.82,1.07,1.82,95.27,123.3,11.95,0.14,0.67,2.78,-5.15,-1.18,4.21,56.88,0,62.59,1.71,3.255248235,2.2,358.78
2022,4,19,8,1.63,1.9,2.8,192.1,222.95,24.59,0.49,2.45,5.52,-7.15,-0.81,3.6,40.06,0,62.63,1.31,2.49378666,1.6,327.16
2022,4,19,9,2.18,2.68,3.63,262.2,317.45,35.59,0.95,4.92,7.5,-7.24,0.13,3.6,34.62,0,62.65,1.29,2.455713581,1.65,259.38
2022,4,19,10,2.54,3.24,4.23,310.23,385.45,43.23,1.36,6.8,8.84,-6.44,1.2,3.85,33.88,0,62.65,2.41,4.587805992,3.07,235.26
2022,4,19,11,2.42,3.55,4.58,299.75,423,42.87,1.46,7.35,9.68,-5.19,2.24,4.27,35.69,0,62.63,3.69,7.024483034,4.65,230.66
2022,4,19,12,2.16,3.18,4.64,261.12,366.3,32.58,1.08,5.48,9.85,-3.67,3.09,4.82,39.88,0,62.6,4.63,8.813917736,5.84,230.59
2022,4,19,13,1.67,2.86,4.42,200.33,325.02,25.23,0.8,4,9.23,-2.29,3.48,5.37,46.12,0.01,62.56,5,9.518269694,6.3,232.25
2022,4,19,14,1.44,2.32,3.92,169.75,260.88,20.8,0.59,3.05,8.23,-1.39,3.42,5.74,52.56,0.06,62.51,4.91,9.346940839,6.18,235.35
2022,4,19,15,0.95,1.68,3.19,111.38,186.85,13.87,0.34,1.73,7.17,-0.88,3.14,5.92,58.31,0.11,62.48,4.65,8.851990815,5.88,237.87
2022,4,19,16,0.29,1.02,2.27,32.52,112.62,3.8,0.05,0.27,5.8,-0.52,2.63,6.04,65.5,0.11,62.46,4.16,7.919200385,5.3,239.5
2022,4,19,17,0.1,0.4,1.23,10.67,44.38,1.2,0.01,0.02,4.17,-0.23,1.97,6.16,74.62,0.1,62.46,3.29,6.263021458,4.23,242.96
2022,4,19,18,0.04,0.04,0.21,2.4,4.58,0.3,0,0,2.42,0.15,1.29,6.29,86.69,0.05,62.48,1.79,3.40754055,2.46,247.76
2022,4,19,19,0,0,0,0,0,0,0,0,1.72,0.17,0.94,6.29,91.12,0.03,62.51,1.05,1.998836636,1.52,268.52
2022,4,19,20,0,0,0,0,0,0,0,0,1.41,0.05,0.73,6.23,92.25,0.01,62.54,0.73,1.389667375,1.11,304.14
2022,4,19,21,0,0,0,0,0,0,0,0,0.94,-0.28,0.33,6.1,93.25,0,62.55,0.62,1.180265442,1.16,342.78
2022,4,19,22,0,0,0,0,0,0,0,0,0.44,-0.92,-0.24,5.8,92.06,0,62.55,0.81,1.54195969,1.39,354.83
2022,4,19,23,0,0,0,0,0,0,0,0,0.44,-1.47,-0.52,5.55,88,0,62.53,0.81,1.54195969,1.27,354.01
2022,4,20,0,0,0,0,0,0,0,0,0,0.73,-1.85,-0.56,5.37,83.69,0,62.5,0.98,1.86558086,1.33,342.95
2022,4,20,1,0,0,0,0,0,0,0,0,0.57,-2.16,-0.8,5.25,82.56,0.01,62.46,0.91,1.732325084,1.22,331.62
2022,4,20,2,0,0,0,0,0,0,0,0,0.23,-2.46,-1.11,5.13,82.62,0,62.43,0.86,1.637142387,1.13,332.72
2022,4,20,3,0,0,0,0,0,0,0,0,-0.02,-2.74,-1.38,5,82.44,0,62.4,0.86,1.637142387,1.14,348.54
2022,4,20,4,0,0,0,0,0,0,0,0,-0.2,-3.11,-1.65,4.88,81.31,0,62.39,1.06,2.017873175,1.43,7.24
2022,4,20,5,0,0,0,0,0,0,0,0,-0.42,-3.62,-2.02,4.7,79.5,0,62.4,1.21,2.303421266,1.67,17.75
2022,4,20,6,0.28,0.27,0.78,30.73,30.48,3.91,0.02,0.08,0.55,-3.7,-1.58,4.64,73.44,0,62.42,1.29,2.455713581,1.75,26.22
2022,4,20,7,0.91,0.95,1.83,103.02,109.33,12.39,0.14,0.7,3.42,-3.28,0.07,4.88,62.31,0,62.46,0.94,1.789434702,1.14,17.94
2022,4,20,8,1.44,1.77,2.81,169.7,207.3,21.59,0.43,2.15,5.76,-3.23,1.26,4.88,53.38,0,62.49,0.8,1.522923151,1.03,255.01
2022,4,20,9,2.1,2.58,3.63,256.15,306.33,33.96,0.91,4.77,7.47,-2.91,2.28,5.07,48.75,0,62.52,2.08,3.959600193,2.62,239.39
2022,4,20,10,2.33,3.13,4.24,287.23,373.27,39.22,1.21,6.12,8.76,-2.31,3.23,5.31,46.94,0.01,62.52,3.14,5.977473368,3.94,237.73
2022,4,20,11,2.52,3.5,4.58,320.2,419.08,44.16,1.52,7.6,9.38,-1.61,3.89,5.62,47.69,0.02,62.51,4,7.614615755,5.02,236.48
2022,4,20,12,2.03,3.36,4.64,258.67,397.38,34.68,1.16,5.98,9.25,-0.77,4.23,5.98,51.5,0.04,62.48,4.53,8.623552342,5.7,236.92
2022,4,20,13,2.07,3.14,4.42,258.55,370.2,33.94,1.1,5.52,8.86,-0.22,4.32,6.29,55.25,0.1,62.43,4.77,9.080429288,6.02,238.74
2022,4,20,14,1.65,2.63,3.93,204.92,307.8,26.22,0.76,3.88,8.04,0.18,4.11,6.47,60.19,0.2,62.37,4.77,9.080429288,6.04,240.82
2022,4,20,15,1.05,1.91,3.19,131.2,219.25,16.12,0.38,1.9,6.94,0.38,3.66,6.59,65.81,0.28,62.34,4.44,8.452223488,5.64,242.33
2022,4,20,16,0.55,1.14,2.28,65.7,128.77,8.03,0.12,0.6,5.73,0.47,3.09,6.59,71.94,0.28,62.34,3.93,7.481359979,5.02,241.44
2022,4,20,17,0.25,0.46,1.23,29.62,51.23,3.78,0.02,0.12,4.34,0.58,2.46,6.65,79.69,0.21,62.37,3.19,6.072656065,4.14,239.61
2022,4,20,18,0.05,0.05,0.22,3.62,5.35,0.47,0,0,2.73,1.02,1.87,6.84,91.62,0.58,62.41,1.83,3.483686708,2.61,236.12
2022,4,20,19,0,0,0,0,0,0,0,0,2.08,1.33,1.71,6.96,98,0.33,62.46,1.25,2.379567423,1.9,236.57
2022,4,20,20,0,0,0,0,0,0,0,0,1.8,1.39,1.59,6.96,99.94,0.15,62.51,0.8,1.522923151,1.31,244.2
2022,4,20,21,0,0,0,0,0,0,0,0,1.44,1.27,1.36,6.9,100,0.07,62.55,0.59,1.123155824,1.07,257.38
2022,4,20,22,0,0,0,0,0,0,0,0,1.19,1.03,1.11,6.77,100,0.02,62.54,0.52,0.989900048,0.88,279.21
2022,4,20,23,0,0,0,0,0,0,0,0,0.83,0.53,0.68,6.53,100,0,62.51,0.59,1.123155824,0.97,312.06
2022,4,21,0,0,0,0,0,0,0,0,0,0.27,-0.14,0.06,6.23,99.44,0,62.46,0.69,1.313521218,1.1,331.62
2022,4,21,1,0,0,0,0,0,0,0,0,0.15,-0.81,-0.33,5.86,95.25,0,62.42,0.83,1.580032769,1.25,342.92
2022,4,21,2,0,0,0,0,0,0,0,0,0.38,-1.49,-0.56,5.62,88.94,0,62.38,1.13,2.151128951,1.57,343.27
2022,4,21,3,0,0,0,0,0,0,0,0,0.62,-2.09,-0.74,5.37,83.5,0,62.35,1.22,2.322457805,1.64,347.89
2022,4,21,4,0,0,0,0,0,0,0,0,0.63,-2.59,-0.98,5.13,80.19,0,62.35,1.19,2.265348187,1.58,350.58
2022,4,21,5,0,0,0,0,0,0,0,0,0.55,-3.06,-1.26,4.94,77.62,0,62.36,1.16,2.208238569,1.56,357.99
2022,4,21,6,0.28,0.3,0.79,32.33,33.5,4.17,0.02,0.08,1.01,-3.04,-1.02,4.94,75.5,0,62.39,1.23,2.341494345,1.62,0.28
2022,4,21,7,0.92,1.06,1.85,107.52,122.8,13.62,0.17,0.85,3.44,-3.78,-0.17,4.76,60.81,0,62.43,1.46,2.779334751,1.81,331.11
2022,4,21,8,1.62,1.9,2.83,192.1,223.5,25.05,0.52,2.62,5.94,-5.14,0.4,4.33,46.44,0,62.47,2.04,3.883454035,2.52,292.76
2022,4,21,9,2.24,2.65,3.64,270.92,314.45,36.52,1,5.23,8.08,-5.45,1.31,4.21,39.31,0,62.5,2.62,4.987573319,3.27,268.63
2022,4,21,10,2.59,3.21,4.24,318.2,381.15,44.07,1.43,7.1,9.58,-4.88,2.35,4.46,37.62,0,62.51,3.45,6.567606089,4.34,251.21
2022,4,21,11,2.93,3.57,4.59,362.33,426,51.08,1.77,9.2,9.99,-4.11,2.94,4.82,39.31,0,62.49,4.09,7.785944609,5.15,242.74
2022,4,21,12,2.8,3.56,4.65,349.8,425,48.89,1.7,8.9,9.58,-3.17,3.21,5.25,43.88,0,62.47,4.38,8.338004252,5.53,237.16
2022,4,21,13,2.54,3.33,4.42,314.05,396.3,43.29,1.44,7.35,9.31,-1.85,3.73,5.86,49.75,0,62.43,4.52,8.604515803,5.68,234.06
2022,4,21,14,2.14,2.82,3.93,259.42,332.83,34.95,1.03,5.27,9.09,-0.48,4.3,6.41,55.56,0,62.38,4.69,8.928136973,5.91,232.14
2022,4,21,15,1.57,2.12,3.2,187,246.52,24.2,0.58,2.92,7.94,0.45,4.2,6.77,63.31,0.02,62.35,4.58,8.718735039,5.79,232.79
2022,4,21,16,0.96,1.31,2.28,111.05,148.23,14.08,0.23,1.12,6.41,1.12,3.76,6.96,72.44,0.17,62.35,4.19,7.976310003,5.35,234.34
2022,4,21,17,0.47,0.54,1.24,53.15,60.35,6.76,0.05,0.23,4.9,1.7,3.3,7.2,82.81,0.34,62.37,3.52,6.700861864,4.53,235.19
2022,4,21,18,0.06,0.05,0.22,4.83,6.05,0.66,0,0,3.28,2.1,2.69,7.32,94.69,0.34,62.39,2.28,4.34033098,3.12,232.64
2022,4,21,19,0,0,0,0,0,0,0,0,2.64,2.28,2.46,7.39,100,0.36,62.42,1.63,3.10295592,2.38,227.26
2022,4,21,20,0,0,0,0,0,0,0,0,2.58,2.3,2.44,7.39,100,0.16,62.47,1.39,2.646078975,2.09,228.03
2022,4,21,21,0,0,0,0,0,0,0,0,2.48,2.19,2.33,7.32,100,0.06,62.51,1,1.903653939,1.6,234.14
2022,4,21,22,0,0,0,0,0,0,0,0,2.23,1.89,2.06,7.2,100,0.02,62.51,0.84,1.599069309,1.39,243
2022,4,21,23,0,0,0,0,0,0,0,0,1.96,1.54,1.75,7.02,99.5,0.01,62.5,0.9,1.713288545,1.36,244.9
2022,4,22,0,0,0,0,0,0,0,0,0,1.63,1.13,1.38,6.77,98.69,0,62.47,1,1.903653939,1.4,243.58
2022,4,22,1,0,0,0,0,0,0,0,0,1.13,0.73,0.93,6.59,99.25,0,62.44,0.88,1.675215466,1.24,241.33
2022,4,22,2,0,0,0,0,0,0,0,0,0.73,0.4,0.57,6.41,99.69,0,62.41,0.73,1.389667375,1.11,243.79
2022,4,22,3,0,0,0,0,0,0,0,0,0.55,0.05,0.3,6.29,98.75,0.03,62.41,0.78,1.484850072,1.16,249.98
2022,4,22,4,0,0,0,0,0,0,0,0,0.16,-0.21,-0.02,6.16,99.69,0.03,62.42,0.95,1.808471242,1.38,252.9
2022,4,22,5,0,0,0,0,0,0,0,0,-0.36,-0.57,-0.46,5.98,100,0.03,62.44,0.85,1.618105848,1.2,258.76
2022,4,22,6,0.29,0.33,0.81,34.2,37.95,4.41,0.02,0.08,0.28,-0.98,-0.35,5.86,94,0,62.48,1.07,2.036909714,1.36,269.34
2022,4,22,7,0.82,1.09,1.86,97.5,129.33,12.55,0.16,0.8,2.39,-2.32,0.04,5.37,73.88,0,62.53,1.78,3.388504011,2.2,272.65
2022,4,22,8,1.27,1.94,2.84,154.7,233.3,20.98,0.45,2.25,4.94,-3.6,0.66,4.88,56.06,0,62.57,3.18,6.053619525,3.96,255.83
2022,4,22,9,1.62,2.7,3.65,198.08,326.17,28.12,0.8,4.17,6.81,-3.54,1.63,4.88,49.56,0,62.6,4.19,7.976310003,5.22,247.31
2022,4,22,10,2.1,3.27,4.25,267.12,395.95,38.37,1.27,6.38,8.01,-2.74,2.64,5.25,49,0,62.61,4.97,9.461160075,6.22,241.47
2022,4,22,11,2.38,3.63,4.59,306.6,439.23,44.38,1.59,8.02,8.54,-1.5,3.51,5.8,52.25,0,62.59,5.33,10.14647549,6.66,237.35
2022,4,22,12,2.27,3.43,4.65,290.6,410.02,38.82,1.37,7.02,8.58,-0.44,4.07,6.29,56.44,0,62.56,5.39,10.26069473,6.72,234.65
2022,4,22,13,2.06,3.19,4.43,257.08,377.98,34.22,1.16,5.83,8.29,0.34,4.31,6.59,60.5,0,62.51,5.32,10.12743895,6.64,232.27
2022,4,22,14,1.54,2.73,3.93,189.85,322.1,25.76,0.77,3.98,7.71,0.79,4.25,6.77,64.31,0,62.46,5.08,9.670562009,6.35,230.44
2022,4,22,15,1.2,2.07,3.2,148.02,242.55,19.27,0.48,2.42,6.86,0.89,3.87,6.77,68.12,0,62.42,4.85,9.232721603,6.08,228.75
2022,4,22,16,0.74,1.3,2.29,88.15,151.62,11.27,0.19,0.95,5.62,0.9,3.26,6.71,73.94,0.01,62.4,4.52,8.604515803,5.69,227.84
2022,4,22,17,0.34,0.56,1.25,40.7,64.33,5.11,0.04,0.17,4.12,0.78,2.44,6.65,81.25,0.02,62.4,3.96,7.538469597,5.06,227.94
2022,4,22,18,0.06,0.06,0.23,5.33,6.75,0.71,0,0.02,2.4,0.9,1.65,6.71,92.31,0.03,62.42,2.69,5.120829095,3.61,226.75
2022,4,22,19,0,0,0,0,0,0,0,0,1.99,1.15,1.58,6.84,96.81,0.04,62.44,1.93,3.674052102,2.7,224.41
2022,4,22,20,0,0,0,0,0,0,0,0,1.48,1.21,1.34,6.84,100,0.05,62.48,1.3,2.47475012,2.06,221.92
2022,4,22,21,0,0,0,0,0,0,0,0,1.65,1.33,1.49,6.9,100,0.05,62.5,1.53,2.912590526,2.24,218.19
2022,4,22,22,0,0,0,0,0,0,0,0,1.56,1.28,1.42,6.9,100,0.03,62.5,1.62,3.083919381,2.33,217.1
2022,4,22,23,0,0,0,0,0,0,0,0,1.38,1.08,1.23,6.77,100,0.02,62.48,1.9,3.616942484,2.68,220.28
2022,4,23,0,0,0,0,0,0,0,0,0,1.05,0.73,0.89,6.59,100,0.01,62.45,1.87,3.559832865,2.63,222.59
2022,4,23,1,0,0,0,0,0,0,0,0,0.65,0.28,0.47,6.41,99.75,0,62.42,1.64,3.121992459,2.29,225.69
2022,4,23,2,0,0,0,0,0,0,0,0,0.06,-0.31,-0.13,6.16,99.94,0,62.4,1.27,2.417640502,1.77,229.12
2022,4,23,3,0,0,0,0,0,0,0,0,-0.6,-1.06,-0.83,5.86,100,0,62.39,0.93,1.770398163,1.16,242.22
2022,4,23,4,0,0,0,0,0,0,0,0,-1.43,-2,-1.72,5.43,100,0,62.38,0.63,1.199301981,0.66,274.76
2022,4,23,5,0,0,0,0,0,0,0,0,-2.62,-3.31,-2.96,4.94,100,0,62.39,0.44,0.837607733,0.74,334.25
2022,4,23,6,0.45,0.45,0.83,50.45,52.27,5.78,0.02,0.1,-1.59,-4.15,-2.87,4.64,86.69,0,62.41,0.63,1.199301981,1.04,347.42
2022,4,23,7,1.25,1.31,1.87,145.92,155.2,17.91,0.22,1.08,1.98,-6.71,-2.37,3.85,54.5,0,62.45,1.41,2.684152054,1.73,309.31
2022,4,23,8,2.15,2.18,2.85,255.8,260.73,33.89,0.7,3.45,5.33,-9.09,-1.88,3.11,35,0,62.48,2.96,5.634815659,3.65,269.26
2022,4,23,9,2.9,2.94,3.66,347.8,350.17,48.02,1.33,6.7,7.47,-9.27,-0.91,3.05,29.56,0,62.51,3.93,7.481359979,4.89,253.56
2022,4,23,10,3.38,3.5,4.26,409.08,415.95,57.95,1.88,9.75,8.73,-8.14,0.3,3.36,30.06,0,62.52,4.8,9.137538906,6,242.2
2022,4,23,11,3.57,3.82,4.6,436.4,453.35,62.71,2.2,11.67,9.32,-6.6,1.36,3.85,32.81,0,62.5,5.45,10.37491397,6.84,235.95
2022,4,23,12,3.33,3.79,4.66,406.67,446.52,57.77,2.03,10.75,9.44,-4.95,2.24,4.33,36.94,0,62.48,5.75,10.94601015,7.22,233.45
2022,4,23,13,3.11,3.58,4.43,375.05,422.73,53.13,1.77,9.27,9.22,-3.66,2.78,4.76,40.94,0,62.45,5.69,10.83179091,7.13,233.96
2022,4,23,14,2.74,3.13,3.94,327.1,368.8,45.5,1.36,6.98,8.76,-3.19,2.78,4.88,43.38,0,62.41,5.41,10.29876781,6.76,235.26
2022,4,23,15,2.08,2.44,3.21,246.27,286.6,33.33,0.8,4.02,7.93,-3.24,2.35,4.88,45.5,0.01,62.39,5.11,9.727671627,6.41,235.53
2022,4,23,16,1.33,1.61,2.29,154.62,188.02,20.04,0.33,1.6,6.69,-3.37,1.66,4.82,48.88,0.02,62.38,4.61,8.775844657,5.82,235.61
2022,4,23,17,0.67,0.77,1.26,76.62,88.6,9.32,0.06,0.33,4.96,-3.3,0.83,4.82,55.38,0.03,62.39,3.8,7.233884967,4.85,235.03
2022,4,23,18,0.09,0.08,0.23,7.67,8.7,1.02,0,0.02,2.33,-2.21,0.06,5.25,72.75,0.03,62.42,2.18,4.149965586,3.05,230.19
2022,4,23,19,0,0,0,0,0,0,0,0,1,-2.35,-0.67,5.19,78.88,0.03,62.46,1.25,2.379567423,1.76,226.8
2022,4,23,20,0,0,0,0,0,0,0,0,0.65,-2.61,-0.98,5.07,79.19,0.02,62.5,0.69,1.313521218,0.95,231.71
2022,4,23,21,0,0,0,0,0,0,0,0,-0.1,-2.65,-1.38,5.07,83.5,0.01,62.52,0.17,0.32362117,0.24,297.41
2022,4,23,22,0,0,0,0,0,0,0,0,-0.51,-2.65,-1.58,5.07,86.31,0,62.5,0.19,0.361694248,0.35,344.41
2022,4,23,23,0,0,0,0,0,0,0,0,-0.78,-2.77,-1.78,5,87.5,0,62.46,0.29,0.552059642,0.48,336.8
2022,4,24,0,0,0,0,0,0,0,0,0,-1.1,-3.1,-2.1,4.88,87.75,0,62.42,0.42,0.799534654,0.64,324.95
2022,4,24,1,0,0,0,0,0,0,0,0,-1.54,-3.42,-2.48,4.76,89,0,62.38,0.46,0.875680812,0.71,331.74
2022,4,24,2,0,0,0,0,0,0,0,0,-1.92,-3.8,-2.86,4.64,89.19,0,62.35,0.51,0.970863509,0.78,333.95
2022,4,24,3,0,0,0,0,0,0,0,0,-2.47,-4.31,-3.39,4.46,89.75,0,62.33,0.55,1.047009666,0.91,351.59
2022,4,24,4,0,0,0,0,0,0,0,0,-2.85,-4.88,-3.86,4.27,88.38,0,62.32,0.61,1.161228903,1.06,357.46
2022,4,24,5,0,0,0,0,0,0,0,0,-2.89,-5.7,-4.29,3.97,83.12,0,62.34,0.66,1.2564116,1.11,348.61
2022,4,24,6,0.52,0.53,0.85,57.33,59.4,6.3,0.02,0.12,-1.37,-6.2,-3.78,3.91,71.75,0,62.37,0.63,1.199301981,1.01,331.85
2022,4,24,7,1.37,1.4,1.89,156.83,163.25,19.38,0.23,1.17,2.4,-8.42,-3.01,3.36,46.69,0,62.4,1.45,2.760298211,1.78,286.29
2022,4,24,8,2.28,2.28,2.86,266.08,266.77,35.62,0.74,3.67,5.74,-10.49,-2.38,2.81,30.56,0,62.44,3.25,6.186875301,4.07,259.71
2022,4,24,9,3.02,3.03,3.67,356.38,355.25,49.8,1.38,6.98,7.65,-10.49,-1.42,2.75,26.44,0,62.46,4.07,7.747871531,5.07,249.41
2022,4,24,10,3.47,3.58,4.27,412.77,419.33,58.88,1.92,10,8.79,-9.98,-0.6,2.87,25.25,0,62.47,4.7,8.947173512,5.85,240.63
2022,4,24,11,3.73,3.89,4.6,449.7,456.02,64.68,2.28,12.1,9.4,-9.15,0.13,3.05,25.81,0,62.45,5.22,9.93707356,6.51,234.92
2022,4,24,12,3.5,3.82,4.66,421.8,445.1,59.54,2.08,11.05,9.61,-8.3,0.65,3.23,27.19,0,62.41,5.58,10.62238898,6.98,231.18
2022,4,24,13,3.24,3.56,4.44,384,414.67,53.53,1.77,9.25,9.46,-7.74,0.86,3.36,28.56,0,62.37,5.77,10.98408323,7.24,229.47
2022,4,24,14,2.78,3.08,3.94,326.62,357.83,44.6,1.3,6.7,8.91,-7.4,0.76,3.48,30.44,0,62.32,5.73,10.90793707,7.2,229.05
2022,4,24,15,2.18,2.43,3.21,254.3,282.95,34.03,0.8,4.02,7.98,-7.13,0.43,3.54,33.12,0,62.29,5.41,10.29876781,6.83,228.8
2022,4,24,16,1.4,1.6,2.3,160.15,184.23,20.34,0.33,1.6,6.7,-6.93,-0.12,3.6,36.69,0,62.28,4.8,9.137538906,6.08,228.49
2022,4,24,17,0.64,0.73,1.26,71.83,82.33,8.7,0.06,0.3,4.91,-6.52,-0.81,3.72,42.94,0,62.3,3.84,7.310031125,4.93,227.82
2022,4,24,18,0.09,0.08,0.24,7.7,8.23,1.03,0,0.02,2.08,-4.7,-1.31,4.39,61.44,0,62.32,2.23,4.245148283,3.19,225.1
2022,4,24,19,0,0,0,0,0,0,0,0,1.19,-5.59,-2.2,4.03,60.12,0,62.36,1.68,3.198138617,2.25,223.73
2022,4,24,20,0,0,0,0,0,0,0,0,1.05,-6.07,-2.51,3.85,58.38,0,62.4,1.07,2.036909714,1.37,227.77
2022,4,24,21,0,0,0,0,0,0,0,0,0.37,-6.32,-2.98,3.78,60.19,0,62.43,0.49,0.93279043,0.58,234.82
2022,4,24,22,0,0,0,0,0,0,0,0,-0.59,-6.6,-3.6,3.66,63.31,0,62.42,0.24,0.456876945,0.2,263.16
2022,4,24,23,0,0,0,0,0,0,0,0,-1.21,-6.8,-4.01,3.6,65.62,0,62.4,0.16,0.30458463,0.28,358.41
2022,4,25,0,0,0,0,0,0,0,0,0,-1.71,-7,-4.36,3.54,67.25,0,62.35,0.35,0.666278879,0.59,2.26
2022,4,25,1,0,0,0,0,0,0,0,0,-2.12,-7.39,-4.76,3.48,67.38,0,62.31,0.58,1.104119284,0.94,0.95
2022,4,25,2,0,0,0,0,0,0,0,0,-2.39,-7.96,-5.17,3.3,65.69,0,62.28,0.8,1.522923151,1.29,3.12
2022,4,25,3,0,0,0,0,0,0,0,0,-2.59,-8.52,-5.55,3.17,63.75,0,62.25,1.02,1.941727017,1.64,6.55
2022,4,25,4,0,0,0,0,0,0,0,0,-2.73,-8.87,-5.8,3.05,62.5,0,62.25,1.18,2.246311648,1.92,10.58
2022,4,25,5,0,0,0,0,0,0,0,0,-2.81,-8.99,-5.9,2.99,62.12,0,62.25,1.23,2.341494345,2.06,14.72
2022,4,25,6,0.46,0.48,0.87,49.98,53.08,5.87,0.02,0.12,-1.38,-7.37,-4.37,3.48,64.06,0,62.28,1.28,2.436677042,2.11,13.47
2022,4,25,7,1.32,1.34,1.9,150.2,155.02,18.46,0.23,1.15,2.77,-8.31,-2.77,3.23,43.44,0,62.33,1.57,2.988736684,2.01,2.45
2022,4,25,8,2.22,2.23,2.87,259.85,261.25,34.53,0.73,3.6,6.05,-9.85,-1.89,2.81,29.94,0,62.37,1.58,3.007773223,1.91,281.82
2022,4,25,9,2.98,2.99,3.68,353.02,351.8,49.05,1.38,6.92,8.11,-9.2,-0.54,2.99,27.69,0,62.41,2.97,5.653852198,3.68,248.22
2022,4,25,10,3.44,3.54,4.27,411.17,417.23,58.56,1.92,10.05,9.4,-8.19,0.61,3.3,27.81,0,62.44,4.06,7.728834991,5.07,238.49
2022,4,25,11,3.7,3.84,4.61,449.6,453.6,64.46,2.29,12.2,10.12,-7.24,1.44,3.54,28.88,0,62.44,5.04,9.594415851,6.32,232.28
2022,4,25,12,3.43,3.68,4.67,414.8,430.67,57.23,1.99,10.65,10.26,-6.26,2.01,3.85,30.94,0,62.43,5.6,10.66046206,7.03,228.87
2022,4,25,13,3.09,3.43,4.44,369.5,402.48,50.75,1.66,8.75,9.98,-5.62,2.18,4.03,32.94,0,62.41,5.77,10.98408323,7.26,227.62
2022,4,25,14,2.66,2.96,3.95,315.5,346.05,42.42,1.25,6.42,9.3,-5.39,1.96,4.09,34.88,0,62.39,5.62,10.69853514,7.06,227.29
2022,4,25,15,2.01,2.27,3.22,235.95,265.2,30.89,0.73,3.73,8.3,-5.42,1.44,4.09,37.12,0,62.37,5.23,9.956110099,6.58,226.78
2022,4,25,16,1.26,1.46,2.31,144.67,168.5,18.23,0.3,1.48,7.05,-5.7,0.67,3.97,39.44,0,62.37,4.71,8.966210051,5.96,227.97
2022,4,25,17,0.61,0.65,1.27,68.5,73.58,8.42,0.06,0.3,5.33,-5.7,-0.19,3.97,44.44,0,62.38,3.82,7.271958046,4.92,228.61
2022,4,25,18,0.08,0.07,0.25,7,7.85,0.95,0,0.02,2.47,-4.2,-0.87,4.52,62.19,0,62.41,2.2,4.188038665,3.16,226.4
2022,4,25,19,0,0,0,0,0,0,0,0,1.33,-4.91,-1.78,4.21,63,0,62.46,1.6,3.045846302,2.18,225
2022,4,25,20,0,0,0,0,0,0,0,0,1.08,-5.15,-2.03,4.15,62.94,0,62.52,1.14,2.17016549,1.46,230.86
2022,4,25,21,0,0,0,0,0,0,0,0,0.46,-5.35,-2.45,4.09,64.69,0,62.55,0.68,1.294484678,0.85,242.02
2022,4,25,22,0,0,0,0,0,0,0,0,-0.35,-5.59,-2.97,3.97,67.5,0,62.56,0.44,0.837607733,0.49,256.18
2022,4,25,23,0,0,0,0,0,0,0,0,-0.98,-5.75,-3.37,3.97,70.19,0,62.53,0.31,0.590132721,0.32,287.1
2022,4,26,0,0,0,0,0,0,0,0,0,-1.33,-6.1,-3.71,3.85,70.19,0,62.49,0.34,0.647242339,0.42,311.99
2022,4,26,1,0,0,0,0,0,0,0,0,-1.59,-6.71,-4.15,3.66,68.19,0,62.45,0.42,0.799534654,0.57,316.67
2022,4,26,2,0,0,0,0,0,0,0,0,-1.7,-7.1,-4.4,3.54,66.62,0,62.42,0.52,0.989900048,0.71,314.56
2022,4,26,3,0,0,0,0,0,0,0,0,-1.97,-7.12,-4.55,3.54,67.94,0,62.4,0.58,1.104119284,0.86,326.89
2022,4,26,4,0,0,0,0,0,0,0,0,-2.43,-6.97,-4.7,3.54,71.44,0,62.39,0.65,1.23737506,1.08,346.57
2022,4,26,5,0,0,0,0,0,0,0,0,-2.92,-7.03,-4.98,3.54,74.12,0,62.4,0.77,1.465813533,1.33,359.66
2022,4,26,6,0.44,0.46,0.89,49.9,53.23,5.83,0.02,0.12,-1.79,-6.13,-3.96,3.85,73.38,0,62.43,0.81,1.54195969,1.44,3.42
2022,4,26,7,1.22,1.27,1.91,141.95,150.92,17.17,0.21,1.02,2.14,-7.86,-2.86,3.42,47.62,0,62.47,1.23,2.341494345,1.54,336.3
2022,4,26,8,2.07,2.13,2.88,247.15,254.65,32.03,0.65,3.23,5.14,-9.87,-2.36,2.87,32.38,0,62.49,2.28,4.34033098,2.79,272.57
2022,4,26,9,2.74,2.85,3.69,332.77,342.92,44.9,1.2,6.12,7.12,-9.85,-1.36,2.87,28.25,0,62.52,3.37,6.415313773,4.19,248.56
2022,4,26,10,3.32,3.38,4.28,405.23,407.42,55.57,1.73,8.98,8.37,-9.13,-0.38,3.05,27.75,0,62.53,4.46,8.490296567,5.56,235.77
2022,4,26,11,3.31,3.75,4.62,408.98,445.77,57.98,2.02,10.5,8.86,-7.69,0.58,3.42,30.38,0,62.52,5.35,10.18454857,6.68,229.55
2022,4,26,12,2.97,3.53,4.67,361.02,413.73,48.73,1.65,8.67,8.69,-5.84,1.43,3.97,35.44,0,62.51,5.84,11.117339,7.33,227.64
2022,4,26,13,2.77,3.31,4.45,333.52,387.12,44.64,1.44,7.45,8.18,-4.19,2,4.52,41.5,0,62.49,5.93,11.28866786,7.44,227.43
2022,4,26,14,2.41,2.84,3.95,286.17,331.33,37.46,1.09,5.55,7.51,-3.32,2.09,4.82,46.31,0,62.47,5.91,11.25059478,7.44,226.32
2022,4,26,15,1.74,2.17,3.23,206.1,251.85,26.44,0.62,3.15,6.53,-3.2,1.67,4.88,50.12,0.01,62.46,5.69,10.83179091,7.2,226.58
2022,4,26,16,1.02,1.41,2.31,119.35,163.62,14.61,0.23,1.15,5.3,-3.13,1.08,4.88,55,0.01,62.46,5.11,9.727671627,6.5,227.68
2022,4,26,17,0.46,0.61,1.28,53.23,68.98,6.47,0.05,0.23,3.8,-3.13,0.34,4.88,61.19,0.01,62.46,4.23,8.052456161,5.43,228.03
2022,4,26,18,0.08,0.07,0.25,6.83,7.7,0.9,0,0.02,1.78,-2.27,-0.24,5.25,75.69,0.02,62.47,2.77,5.27312141,3.83,221.27
2022,4,26,19,0,0,0,0,0,0,0,0,0.8,-1.86,-0.52,5.37,83.5,0.02,62.5,2.33,4.435513677,3.3,213.31
2022,4,26,20,0,0,0,0,0,0,0,0,0.42,-1.58,-0.58,5.49,87.44,0.02,62.53,2.31,4.397440598,3.3,214.1
2022,4,26,21,0,0,0,0,0,0,0,0,-0.08,-1.7,-0.89,5.43,89.69,0.03,62.56,2.38,4.530696374,3.35,220.27
2022,4,26,22,0,0,0,0,0,0,0,0,-0.33,-2.07,-1.2,5.31,89,0.04,62.56,2.63,5.006609859,3.69,231.87
2022,4,26,23,0,0,0,0,0,0,0,0,-0.56,-2.66,-1.61,5.07,86.94,0.02,62.54,2.6,4.949500241,3.66,240.48
2022,4,27,0,0,0,0,0,0,0,0,0,-0.67,-3.04,-1.85,4.94,85.25,0.01,62.49,2.2,4.188038665,3.03,244.29
2022,4,27,1,0,0,0,0,0,0,0,0,-0.7,-3.27,-1.99,4.82,84,0.01,62.44,1.85,3.521759787,2.5,247.93
2022,4,27,2,0,0,0,0,0,0,0,0,-0.74,-3.52,-2.13,4.76,82.62,0.01,62.38,1.57,2.988736684,2.11,256.94
2022,4,27,3,0,0,0,0,0,0,0,0,-0.49,-3.81,-2.15,4.64,79.38,0.01,62.35,1.28,2.436677042,1.68,271.6
2022,4,27,4,0,0,0,0,0,0,0,0,-0.67,-3.95,-2.31,4.64,79.69,0.01,62.34,0.83,1.580032769,1.1,301.31
2022,4,27,5,0,0,0,0,0,0,0,0,-1.17,-4.21,-2.69,4.52,81.12,0,62.35,0.76,1.446776993,1.08,347.07
2022,4,27,6,0.38,0.38,0.91,41.9,43.05,5.22,0.02,0.1,-0.42,-4.09,-2.25,4.58,77.31,0.01,62.37,1.15,2.18920203,1.6,356.65
2022,4,27,7,1.06,1.1,1.92,119.27,125.25,14.46,0.16,0.83,2.23,-4.44,-1.11,4.46,61.94,0.02,62.4,1.65,3.141028999,2.04,344.48
2022,4,27,8,1.76,1.95,2.89,205.4,227.8,26.35,0.52,2.58,4.67,-4.96,-0.15,4.27,49.88,0.01,62.42,1.68,3.198138617,2.03,317.65
2022,4,27,9,2.46,2.7,3.7,293.52,318.02,38.98,1.02,5.25,6.72,-5.17,0.77,4.15,42.56,0.02,62.44,1.76,3.350430932,2.14,286.12
2022,4,27,10,3.03,3.25,4.29,363.7,384.83,49.51,1.48,7.62,8.14,-5.14,1.5,4.21,38.75,0.06,62.45,2.36,4.492623295,2.92,262
2022,4,27,11,3.2,3.55,4.62,394.23,421.77,53.82,1.75,9.1,8.96,-4.89,2.04,4.27,37.44,0.1,62.44,3.09,5.882290671,3.85,251.79
2022,4,27,12,2.57,3.4,4.68,318.1,402.45,42.05,1.38,7.05,9.29,-4.67,2.31,4.39,37.38,0.14,62.41,3.58,6.815081101,4.46,248.87
2022,4,27,13,2.43,3.17,4.45,297.5,374.17,39.21,1.21,6.15,9.3,-4.56,2.37,4.46,37.81,0.15,62.37,3.78,7.195811888,4.72,248.45
2022,4,27,14,1.99,2.68,3.96,241.05,315.8,31.12,0.85,4.35,8.8,-4.38,2.21,4.52,39.62,0.17,62.34,3.76,7.15773881,4.7,247.53
2022,4,27,15,1.18,2.01,3.23,145.38,234.7,18.33,0.41,2.12,8,-4.14,1.93,4.58,42.5,0.12,62.33,3.47,6.605679167,4.35,248.37
2022,4,27,16,0.81,1.28,2.32,99.62,148.65,12.3,0.2,0.98,7.08,-4.12,1.48,4.58,45.25,0.05,62.34,3,5.710961816,3.76,252.36
2022,4,27,17,0.3,0.53,1.29,36.33,60.83,4.35,0.03,0.15,5.97,-4.14,0.91,4.58,48.75,0.01,62.35,2.4,4.568769453,3.09,251.7
2022,4,27,18,0.07,0.06,0.26,6.25,7.05,0.79,0,0.02,3.76,-2.25,0.76,5.25,65.62,0,62.38,0.95,1.808471242,1.62,239.98
2022,4,27,19,0,0,0,0,0,0,0,0,2.4,-3.26,-0.43,4.82,66.56,0,62.42,0.53,1.008936588,0.93,257.37
2022,4,27,20,0,0,0,0,0,0,0,0,1.8,-4.27,-1.24,4.46,64.56,0,62.47,0.44,0.837607733,0.84,346.48
2022,4,27,21,0,0,0,0,0,0,0,0,1.26,-4.95,-1.85,4.27,63.81,0,62.5,0.84,1.599069309,1.47,12.63
2022,4,27,22,0,0,0,0,0,0,0,0,1.18,-5.82,-2.32,3.97,59.94,0,62.5,0.85,1.618105848,1.48,16.9
2022,4,27,23,0,0,0,0,0,0,0,0,1.72,-6.68,-2.48,3.72,53.69,0,62.5,0.73,1.389667375,1.2,17.02
2022,4,28,0,0,0,0,0,0,0,0,0,1.9,-7.54,-2.81,3.48,49.44,0,62.49,0.5,0.951826969,0.79,10.2
2022,4,28,1,0,0,0,0,0,0,0,0,1.91,-8.14,-3.11,3.3,47.12,0.02,62.46,0.36,0.685315418,0.58,341.81
2022,4,28,2,0,0,0,0,0,0,0,0,1.55,-8.27,-3.36,3.23,47.56,0.02,62.46,0.44,0.837607733,0.65,317.91
2022,4,28,3,0,0,0,0,0,0,0,0,1.05,-8.69,-3.81,3.11,47.69,0.02,62.46,0.46,0.875680812,0.69,318.69
2022,4,28,4,0,0,0,0,0,0,0,0,0.64,-9.34,-4.35,2.99,46.75,0,62.49,0.49,0.93279043,0.71,327.53
2022,4,28,5,0.03,0.01,0.05,1.2,1.25,0.17,0,0,0.26,-9.99,-4.86,2.87,45.75,0,62.52,0.58,1.104119284,0.83,346.36
2022,4,28,6,0.37,0.38,0.88,41.38,43.27,5.12,0.02,0.1,0.95,-8.7,-3.88,3.17,48.44,0,62.57,0.59,1.123155824,0.93,1.93
2022,4,28,7,1.05,1.18,1.94,122.58,139.2,15.22,0.2,0.95,4.05,-9.1,-2.52,3.17,39.31,0,62.61,0.59,1.123155824,0.74,342.72
2022,4,28,8,1.86,2.06,2.9,223.73,246.3,29.04,0.61,3.05,6.58,-10.31,-1.87,2.87,29.88,0,62.65,1.28,2.436677042,1.54,247.98
2022,4,28,9,2.43,2.81,3.7,296.9,338.27,40.68,1.12,5.83,8.43,-9.26,-0.42,3.11,28.25,0,62.67,2.61,4.96853678,3.22,236.7
2022,4,28,10,2.98,3.36,4.29,366.3,405.23,51.11,1.65,8.33,9.84,-7.88,0.98,3.42,28.38,0,62.68,3.67,6.986409955,4.56,232.03
2022,4,28,11,3.32,3.67,4.63,416.02,442.52,57.8,2.01,10.35,10.72,-6.63,2.05,3.78,29.62,0,62.67,4.69,8.928136973,5.86,229.43
2022,4,28,12,2.67,3.41,4.68,329.6,401.58,42.53,1.46,7.52,10.8,-5.15,2.82,4.27,32.94,0,62.65,5.31,10.10840241,6.67,229.09
2022,4,28,13,2.17,3.16,4.45,264.52,367.58,34.58,1.12,5.67,10.33,-3.94,3.19,4.64,37,0.07,62.62,5.45,10.37491397,6.84,229.78
2022,4,28,14,1.88,2.72,3.96,229.67,315.88,28.79,0.84,4.35,9.51,-3.25,3.13,4.82,40.88,0.28,62.58,5.23,9.956110099,6.54,230.97
2022,4,28,15,1.4,2.04,3.23,167.98,234.25,20.58,0.48,2.5,8.48,-3.03,2.73,4.88,44.31,0.18,62.56,4.79,9.118502366,5.99,231.14
2022,4,28,16,0.82,1.24,2.33,94.77,138.9,11.41,0.19,0.92,7.15,-3.11,2.02,4.88,48.12,0.16,62.56,4.19,7.976310003,5.25,231.1
2022,4,28,17,0.37,0.52,1.3,41.77,57.2,4.99,0.04,0.17,5.39,-3.11,1.14,4.82,54.31,0.63,62.57,3.31,6.301094537,4.21,231.26
2022,4,28,18,0.07,0.06,0.26,5.98,6.85,0.7,0,0,2.76,-2.03,0.37,5.31,71.62,0.21,62.6,1.73,3.293321314,2.45,228.75
2022,4,28,19,0,0,0,0,0,0,0,0,1.69,-3.02,-0.67,4.88,71.19,0.2,62.64,0.94,1.789434702,1.3,236.31
2022,4,28,20,0,0,0,0,0,0,0,0,1.03,-3.37,-1.17,4.76,72.75,0.09,62.68,0.62,1.180265442,0.82,268.36
2022,4,28,21,0,0,0,0,0,0,0,0,0.22,-3.83,-1.81,4.58,74.5,0.03,62.69,0.66,1.2564116,0.93,298.07
2022,4,28,22,0,0,0,0,0,0,0,0,-0.32,-4.13,-2.23,4.52,75.81,0.02,62.68,0.65,1.23737506,0.97,315.98
2022,4,28,23,0,0,0,0,0,0,0,0,-0.66,-4.43,-2.54,4.39,76.06,0.01,62.66,0.75,1.427740454,1.09,319.67
2022,4,29,0,0,0,0,0,0,0,0,0,-0.99,-4.65,-2.82,4.33,76.81,0.01,62.61,0.86,1.637142387,1.25,327.8
2022,4,29,1,0,0,0,0,0,0,0,0,-1.3,-4.81,-3.06,4.27,77.69,0.03,62.56,1.03,1.960763557,1.51,339.41
2022,4,29,2,0,0,0,0,0,0,0,0,-1.4,-4.95,-3.17,4.21,77.31,0.04,62.52,1.26,2.398603963,1.83,348.45
2022,4,29,3,0,0,0,0,0,0,0,0,-1.3,-5.14,-3.22,4.15,75.38,0.04,62.49,1.42,2.703188593,2.05,353.88
2022,4,29,4,0,0,0,0,0,0,0,0,-1.11,-5.39,-3.25,4.03,72.75,0.03,62.48,1.5,2.855480908,2.17,355.66
2022,4,29,5,0.03,0.01,0.06,1.33,1.38,0.19,0,0,-0.92,-5.59,-3.25,3.97,70.5,0.02,62.49,1.43,2.722225132,2.08,357.85
2022,4,29,6,0.36,0.38,0.89,40.83,42.9,5.12,0.02,0.1,0.43,-4.73,-2.15,4.27,68.12,0,62.52,1.48,2.817407829,2.1,357.44
2022,4,29,7,1.01,1.14,1.95,116.8,131.2,14.47,0.19,0.92,3.73,-3.92,-0.1,4.58,57.81,0,62.55,1.76,3.350430932,2.23,339.28
2022,4,29,8,1.69,1.96,2.91,200.42,229.15,25.97,0.56,2.83,6.4,-4.45,0.98,4.39,45.75,0,62.57,1.83,3.483686708,2.26,300.73
2022,4,29,9,2.21,2.72,3.71,267.02,321.05,36.03,1.01,5.27,8.4,-4.36,2.01,4.39,40.25,0,62.58,2.04,3.883454035,2.57,265.82
2022,4,29,10,2.7,3.21,4.3,325.12,378.62,44.09,1.41,7.23,9.72,-3.71,3.01,4.64,38.81,0,62.57,2.77,5.27312141,3.52,245.2
2022,4,29,11,2.58,3.59,4.63,325.12,425.83,45.34,1.6,8.25,10.33,-2.92,3.7,5,39.81,0,62.56,3.78,7.195811888,4.78,236.73
2022,4,29,12,2.01,3.25,4.68,247.65,375.1,30.94,1.06,5.48,10.23,-1.92,4.15,5.43,43.56,0.01,62.53,4.48,8.528369645,5.66,234.88
2022,4,29,13,1.48,2.98,4.46,184.2,341,22.67,0.73,3.65,9.33,-0.96,4.19,5.86,50,0.02,62.49,4.54,8.642588882,5.73,235.66
2022,4,29,14,0.66,2.47,3.96,84.08,279.85,10.09,0.28,1.45,8.28,-0.1,4.09,6.29,57.31,0.05,62.45,4.35,8.280894633,5.49,236.08
2022,4,29,15,0.62,1.81,3.24,77.58,200.58,9.27,0.22,1.12,7.19,0.57,3.88,6.59,64.75,0.07,62.41,3.97,7.557506137,5.03,235.45
2022,4,29,16,0.43,1.08,2.33,50.48,116.95,5.86,0.1,0.5,6.1,0.95,3.52,6.77,71.62,0.07,62.38,3.49,6.643752246,4.45,235.67
2022,4,29,17,0.28,0.44,1.3,32.73,46.95,3.67,0.03,0.15,4.83,1.24,3.04,6.9,79.62,0.05,62.38,2.85,5.425413725,3.68,236.78
2022,4,29,18,0.06,0.06,0.27,4.7,5.98,0.55,0,0,3.76,1.55,2.65,7.02,87.62,0.05,62.41,1.98,3.769234799,2.66,237.71
2022,4,29,19,0,0,0,0,0,0,0,0,3.14,1.69,2.42,7.08,92.19,0.03,62.44,1.39,2.646078975,1.94,239.19
2022,4,29,20,0,0,0,0,0,0,0,0,2.91,1.63,2.27,7.02,93.06,0.02,62.48,1.19,2.265348187,1.64,240.63
2022,4,29,21,0,0,0,0,0,0,0,0,2.72,1.56,2.14,6.96,93.81,0.02,62.5,0.95,1.808471242,1.38,245.61
2022,4,29,22,0,0,0,0,0,0,0,0,2.5,1.48,1.99,6.9,94.56,0.01,62.5,0.75,1.427740454,1.18,246.15
2022,4,29,23,0,0,0,0,0,0,0,0,2.19,1.32,1.75,6.84,95.56,0.01,62.49,0.77,1.465813533,1.24,244.72
2022,4,30,0,0,0,0,0,0,0,0,0,1.89,1.08,1.48,6.71,96,0.01,62.45,0.9,1.713288545,1.34,238.07
2022,4,30,1,0,0,0,0,0,0,0,0,1.51,0.72,1.12,6.53,96.19,0.01,62.42,1.03,1.960763557,1.5,233.25
2022,4,30,2,0,0,0,0,0,0,0,0,1.09,0.26,0.68,6.35,95.94,0.01,62.4,1.06,2.017873175,1.5,230.92
2022,4,30,3,0,0,0,0,0,0,0,0,0.68,-0.37,0.15,6.04,94.25,0.01,62.4,0.96,1.827507781,1.3,232.09
2022,4,30,4,0,0,0,0,0,0,0,0,0.27,-1.08,-0.41,5.74,92.12,0.01,62.4,0.75,1.427740454,0.95,238.39
2022,4,30,5,0.02,0.01,0.06,0.95,1.27,0.13,0,0,-0.18,-1.74,-0.96,5.49,90.81,0,62.43,0.5,0.951826969,0.57,249.81
2022,4,30,6,0.21,0.3,0.9,24.73,34.45,2.86,0.02,0.08,0.48,-1.95,-0.74,5.37,85.38,0.01,62.47,0.28,0.533023103,0.3,278.97
2022,4,30,7,0.43,0.98,1.96,55.42,111.38,7.02,0.09,0.48,2.29,-2.08,0.1,5.37,74.31,0.01,62.52,0.66,1.2564116,0.79,248.51
2022,4,30,8,0.82,1.75,2.92,105.08,203.38,13.34,0.29,1.45,3.91,-2.2,0.86,5.31,65.5,0.02,62.54,1.58,3.007773223,1.94,237.01
2022,4,30,9,0.79,2.47,3.72,108.75,289.6,14.06,0.38,2.02,5.58,-2.12,1.73,5.31,58.5,0.04,62.56,2.33,4.435513677,2.86,230.31
2022,4,30,10,0.63,3.01,4.3,93.17,354.05,12.05,0.36,1.77,7.03,-1.95,2.55,5.37,53.56,0.08,62.55,3.12,5.939400289,3.84,224.75
2022,4,30,11,0.58,3.29,4.63,90.35,387.98,11.58,0.38,1.9,7.91,-1.52,3.19,5.55,52,0.14,62.52,3.89,7.405213822,4.84,222.84
2022,4,30,12,0.74,3.23,4.69,108.1,379.15,13.9,0.44,2.25,8.05,-1.1,3.48,5.68,53,0.23,62.47,4.48,8.528369645,5.62,223.08
2022,4,30,13,0.77,2.91,4.46,108.15,335.38,13.57,0.41,2.05,7.73,-0.84,3.44,5.8,55.25,0.34,62.42,4.81,9.156575445,6.05,224.22
2022,4,30,14,0.85,2.38,3.97,112.98,271.4,13.91,0.39,2,7.11,-0.53,3.29,5.98,58.94,0.48,62.36,4.78,9.099465827,6.05,226.78
2022,4,30,15,0.52,1.7,3.24,69.52,190.33,8.48,0.2,1,6.09,-0.21,2.94,6.1,64.88,0.5,62.32,4.31,8.204748476,5.47,231.9
2022,4,30,16,0.42,1.01,2.34,51.17,111.6,6.31,0.1,0.52,4.97,-0.02,2.48,6.23,71.31,0.39,62.31,3.58,6.815081101,4.55,238.19
2022,4,30,17,0.32,0.42,1.31,37.95,46.8,4.52,0.03,0.17,3.75,0.12,1.94,6.29,78.81,0.23,62.32,2.7,5.139865635,3.48,245.62
2022,4,30,18,0.06,0.05,0.28,5.48,5.98,0.66,0,0,2.57,0.44,1.51,6.47,88.19,0.07,62.35,1.7,3.236211696,2.29,252.12
2022,4,30,19,0,0,0,0,0,0,0,0,2.08,0.71,1.4,6.59,92.94,0.03,62.39,1.07,2.036909714,1.46,256.04
2022,4,30,20,0,0,0,0,0,0,0,0,1.93,0.68,1.3,6.59,93.56,0.01,62.44,0.69,1.313521218,0.99,265.95
2022,4,30,21,0,0,0,0,0,0,0,0,1.68,0.56,1.12,6.53,94.56,0,62.46,0.45,0.856644272,0.72,269.38
2022,4,30,22,0,0,0,0,0,0,0,0,1.38,0.31,0.84,6.41,95.12,0,62.44,0.28,0.533023103,0.45,287.18
2022,4,30,23,0,0,0,0,0,0,0,0,1.09,0.05,0.57,6.29,95.25,0,62.41,0.16,0.30458463,0.28,329.86
2022,5,1,0,0,0,0,0,0,0,0,0,0.9,-0.26,0.32,6.16,94.56,0,62.36,0.17,0.32362117,0.3,351.03
2022,5,1,1,0,0,0,0,0,0,0,0,0.64,-0.64,0,5.98,93.69,0,62.32,0.28,0.533023103,0.46,347.37
2022,5,1,2,0,0,0,0,0,0,0,0,0.34,-1.33,-0.49,5.74,90.94,0,62.29,0.47,0.894717351,0.74,342.72
2022,5,1,3,0,0,0,0,0,0,0,0,0.24,-1.75,-0.76,5.55,88.69,0,62.27,0.55,1.047009666,0.87,347.08
2022,5,1,4,0,0,0,0,0,0,0,0,0.12,-2.23,-1.06,5.31,86.38,0,62.27,0.59,1.123155824,0.92,350.22
2022,5,1,5,0.02,0.01,0.07,1.33,1.3,0.18,0,0,0.05,-2.66,-1.3,5.19,84.06,0,62.29,0.59,1.123155824,0.89,1.51
2022,5,1,6,0.22,0.29,0.92,24.45,31.85,3.09,0.02,0.08,1.26,-3.49,-1.11,5,74.5,0,62.32,0.63,1.199301981,0.85,37.18
2022,5,1,7,0.75,0.9,1.97,85.1,99.77,10.41,0.13,0.65,3.59,-4.38,-0.39,4.76,60.12,0,62.35,0.33,0.6282058,0.37,101.07
2022,5,1,8,1.36,1.66,2.93,156.27,189.83,19.64,0.41,2.02,5.57,-4.13,0.72,4.76,52.75,0,62.39,1.4,2.665115514,1.72,199.67
2022,5,1,9,2.03,2.41,3.73,241.48,282.23,31.14,0.84,4.4,7.25,-3.33,1.96,5,49.06,0,62.42,2.83,5.387340647,3.52,209.92
2022,5,1,10,2.27,2.9,4.31,271.3,340.75,35.57,1.09,5.48,8.33,-2.2,3.06,5.37,49.06,0,62.43,4.06,7.728834991,5.07,215.53
2022,5,1,11,2.28,3.29,4.64,288.9,391.38,38.83,1.31,6.7,8.56,-0.84,3.87,5.92,53,0,62.41,4.8,9.137538906,6.01,218.4
2022,5,1,12,2.17,3.3,4.69,279.23,391.33,38.27,1.32,6.9,8.37,0.06,4.21,6.29,57.25,0,62.39,5.31,10.10840241,6.68,220.4
2022,5,1,13,1.95,3.07,4.46,246.45,362.2,32.9,1.08,5.45,7.91,0.32,4.12,6.41,60,0.01,62.35,5.79,11.02215631,7.36,221.9
2022,5,1,14,1.68,2.6,3.97,207.83,304.52,27.48,0.8,4.12,7.15,0.4,3.78,6.41,63.44,0.01,62.3,5.98,11.38385055,7.66,224.09
2022,5,1,15,1.22,1.92,3.25,146.73,221.4,19.36,0.47,2.4,6.04,0.48,3.26,6.47,68.81,0.01,62.28,5.77,10.98408323,7.42,225.51
2022,5,1,16,0.61,1.16,2.34,72.23,130.7,9.05,0.15,0.73,4.61,0.55,2.58,6.53,76.62,0.01,62.26,5.04,9.594415851,6.5,227.34
2022,5,1,17,0.36,0.48,1.32,42.73,53.52,5.45,0.04,0.2,3.45,0.62,2.04,6.59,83.69,0.01,62.26,4.09,7.785944609,5.3,229.31
2022,5,1,18,0.06,0.06,0.28,4.77,6.73,0.62,0,0,2.42,0.67,1.55,6.59,90.56,0.1,62.28,3.04,5.787107974,4.01,228.87
2022,5,1,19,0,0,0,0,0,0,0,0,1.85,0.8,1.33,6.65,95.31,0.07,62.31,2.2,4.188038665,2.97,225.32
2022,5,1,20,0,0,0,0,0,0,0,0,1.62,0.76,1.19,6.65,96.62,0.03,62.35,2.02,3.845380956,2.76,222.82
2022,5,1,21,0,0,0,0,0,0,0,0,1.41,0.62,1.02,6.59,97.06,0.01,62.38,1.91,3.635979023,2.61,220.14
2022,5,1,22,0,0,0,0,0,0,0,0,1.27,0.5,0.88,6.47,96.88,0,62.38,1.81,3.445613629,2.45,215.52
2022,5,1,23,0,0,0,0,0,0,0,0,1.13,0.43,0.78,6.47,97.31,0.01,62.36,1.79,3.40754055,2.45,208.2
2022,5,2,0,0,0,0,0,0,0,0,0,0.77,0.15,0.46,6.35,97.88,0.02,62.31,1.83,3.483686708,2.46,206
2022,5,2,1,0,0,0,0,0,0,0,0,0.48,-0.3,0.09,6.16,96.81,0.04,62.26,1.71,3.255248235,2.32,207.43
2022,5,2,2,0,0,0,0,0,0,0,0,0.46,-0.28,0.09,6.16,97,0.07,62.21,1.97,3.750198259,2.68,214.43
2022,5,2,3,0,0,0,0,0,0,0,0,0.46,-0.18,0.14,6.16,97.56,0.07,62.2,2.08,3.959600193,2.89,222.7
2022,5,2,4,0,0,0,0,0,0,0,0,0.31,-0.2,0.06,6.16,98.5,0.06,62.21,2.13,4.054782889,2.94,226.94
2022,5,2,5,0.02,0.01,0.07,1.08,1.17,0.13,0,0,0.09,-0.4,-0.15,6.1,98.75,0.04,62.24,1.9,3.616942484,2.63,232.48
2022,5,2,6,0.13,0.26,0.93,13.48,28.12,1.66,0.01,0.02,0.71,-0.39,0.15,6.1,94.81,0.04,62.29,2.2,4.188038665,2.87,235.31
2022,5,2,7,0.51,0.82,1.98,57.88,89.2,7.23,0.09,0.45,1.94,-0.18,0.88,6.23,88.69,0.05,62.33,2.57,4.892390622,3.23,231.28
2022,5,2,8,0.93,1.48,2.94,109.85,163.38,13.69,0.27,1.33,3.54,-0.02,1.76,6.35,80.19,0.09,62.37,3.17,6.034582986,3.96,228.76
2022,5,2,9,1.25,2.17,3.73,156.45,245.27,19.88,0.51,2.65,5.3,-0.3,2.5,6.16,69.06,0.17,62.4,3.92,7.46232344,4.86,224.74
2022,5,2,10,1.64,2.7,4.31,202.7,308.58,26.3,0.79,3.92,6.3,-0.5,2.9,6.04,63.25,0.32,62.4,4.56,8.680661961,5.67,221.2
2022,5,2,11,1.79,3.01,4.64,224.77,346.4,29.65,0.96,4.85,6.62,-0.39,3.12,6.1,62.5,0.55,62.37,4.87,9.270794682,6.09,220.31
2022,5,2,12,1.95,3.58,4.69,261.38,434.17,38.27,1.32,6.8,6.7,-0.19,3.26,6.23,63.38,0.84,62.32,4.97,9.461160075,6.21,220.3
2022,5,2,13,2.11,3.32,4.46,266.9,399.9,38.11,1.27,6.42,6.56,0.14,3.35,6.41,65.75,1.07,62.27,5,9.518269694,6.27,220.91
2022,5,2,14,1.82,2.82,3.97,226.77,337.62,31.8,0.93,4.73,6.08,0.33,3.2,6.53,69.06,1.13,62.21,4.83,9.194648524,6.09,221.46
2022,5,2,15,1.45,2.15,3.25,177.8,255.02,24.37,0.59,3.02,5.45,0.33,2.89,6.53,72.25,0.92,62.17,4.26,8.109565779,5.39,221.12
2022,5,2,16,0.99,1.41,2.35,120.52,164.85,16.73,0.28,1.4,4.83,0.23,2.52,6.47,74.88,0.64,62.16,3.55,6.757971482,4.51,220.22
2022,5,2,17,0.45,0.64,1.33,54.3,73.27,7.31,0.05,0.27,3.87,0.36,2.12,6.53,80.69,0.41,62.17,2.85,5.425413725,3.67,220.85
2022,5,2,18,0.08,0.09,0.29,7.45,9.77,1.04,0,0.02,2.44,0.83,1.64,6.77,92.62,0.24,62.2,1.74,3.312357853,2.39,225.13
2022,5,2,19,0,0,0,0,0,0,0,0,2.06,1.32,1.69,6.96,98.19,0.12,62.26,1.18,2.246311648,1.6,231.95
2022,5,2,20,0,0,0,0,0,0,0,0,2.22,1.62,1.92,7.14,99.19,0.05,62.3,0.78,1.484850072,1.03,243.43
2022,5,2,21,0,0,0,0,0,0,0,0,2.11,1.65,1.88,7.14,100,0.03,62.32,0.51,0.970863509,0.7,241.44
2022,5,2,22,0,0,0,0,0,0,0,0,1.77,1.45,1.61,7.02,100,0.04,62.31,0.41,0.780498115,0.65,234.22
2022,5,2,23,0,0,0,0,0,0,0,0,1.58,1.3,1.44,6.96,100,0.05,62.3,0.57,1.085082745,0.91,237.94
2022,5,3,0,0,0,0,0,0,0,0,0,1.47,1.13,1.3,6.9,100,0.05,62.27,0.8,1.522923151,1.2,246.61
2022,5,3,1,0,0,0,0,0,0,0,0,1.3,0.95,1.13,6.84,100,0.04,62.24,0.86,1.637142387,1.26,254.93
2022,5,3,2,0,0,0,0,0,0,0,0,1.15,0.76,0.95,6.71,100,0.03,62.22,0.82,1.56099623,1.18,266.21
2022,5,3,3,0,0,0,0,0,0,0,0,1.06,0.51,0.79,6.65,100,0.02,62.21,0.68,1.294484678,0.93,286.14
2022,5,3,4,0,0,0,0,0,0,0,0,0.93,0.16,0.55,6.47,99,0.02,62.23,0.48,0.913753891,0.69,312.23
2022,5,3,5,0.02,0.02,0.08,1.45,1.6,0.2,0,0,0.66,-0.32,0.17,6.29,97.81,0.02,62.26,0.46,0.875680812,0.76,341.38
2022,5,3,6,0.35,0.35,0.94,38.67,39.1,5,0.02,0.1,1.57,-0.79,0.39,6.16,89.69,0.01,62.31,1.08,2.055946254,1.42,356.21
2022,5,3,7,0.98,1.05,1.99,110.7,119.8,13.66,0.16,0.83,4.44,-2.95,0.75,5.43,64.88,0.05,62.36,1.32,2.512823199,1.65,333.56
2022,5,3,8,1.59,1.83,2.94,184.77,214.27,23.35,0.46,2.27,6.76,-4.37,1.19,4.94,50.19,0.05,62.4,1.43,2.722225132,1.76,301.22
2022,5,3,9,2.21,2.53,3.74,266.55,299.23,34.89,0.91,4.6,8.47,-4.81,1.83,4.76,42.75,0.04,62.41,1.76,3.350430932,2.16,286.14
2022,5,3,10,2.43,3.02,4.32,292.17,357.38,39.18,1.17,5.95,9.79,-4.7,2.55,4.76,39.5,0.04,62.41,2.18,4.149965586,2.71,273.97
2022,5,3,11,2.59,3.35,4.64,321.8,397.8,43.47,1.41,7.27,10.75,-3.86,3.44,5.07,39.25,0.05,62.38,2.72,5.177938713,3.43,260.95
2022,5,3,12,2.5,3.59,4.7,324.1,432.95,46.19,1.57,8.08,11.27,-2.68,4.3,5.49,41.19,0.06,62.34,3.32,6.320131077,4.21,251.94
2022,5,3,13,1.89,3.31,4.47,239.58,395.7,34.24,1.1,5.55,11.18,-1.7,4.74,5.92,44.69,0.09,62.31,3.81,7.252921507,4.85,245.54
2022,5,3,14,1.64,2.78,3.98,205.9,329.85,28.63,0.82,4.17,10.61,-0.93,4.84,6.35,49.44,0.17,62.28,4.07,7.747871531,5.18,241.93
2022,5,3,15,1.16,2.08,3.26,144.58,244.45,19.66,0.46,2.3,9.82,-0.52,4.65,6.59,53.94,0.25,62.26,4.01,7.633652294,5.1,241.28
2022,5,3,16,1.05,1.35,2.35,126.52,157.65,16.34,0.27,1.3,8.74,-0.23,4.26,6.71,59.44,0.27,62.26,3.84,7.310031125,4.92,240.75
2022,5,3,17,0.37,0.63,1.33,43.88,72.3,5.97,0.04,0.23,6.9,0.78,3.83,7.14,71.31,0.31,62.27,3.31,6.301094537,4.33,238.95
2022,5,3,18,0.08,0.08,0.3,7.7,9.6,1.09,0,0.02,5.05,2.43,3.74,7.69,87.75,0.3,62.31,2.17,4.130929047,3.03,236.02
2022,5,3,19,0,0,0,0,0,0,0,0,4.19,2.88,3.54,7.93,95.69,0.25,62.36,1.48,2.817407829,2.23,238.59
2022,5,3,20,0,0,0,0,0,0,0,0,3.9,2.87,3.38,7.93,97.88,0.17,62.41,1.01,1.922690478,1.61,245.67
2022,5,3,21,0,0,0,0,0,0,0,0,3.59,2.58,3.08,7.81,98.75,0.09,62.44,0.58,1.104119284,1.06,259.43
2022,5,3,22,0,0,0,0,0,0,0,0,3.22,1.97,2.59,7.57,98.44,0.06,62.45,0.44,0.837607733,0.84,266.26
2022,5,3,23,0,0,0,0,0,0,0,0,2.99,1.45,2.22,7.39,97.62,0.02,62.42,0.4,0.761461575,0.7,271.91
2022,5,4,0,0,0,0,0,0,0,0,0,2.83,1.1,1.97,7.26,96.94,0.01,62.39,0.35,0.666278879,0.58,288.92
2022,5,4,1,0,0,0,0,0,0,0,0,2.69,0.72,1.71,7.14,95.75,0.03,62.36,0.28,0.533023103,0.47,321.04
2022,5,4,2,0,0,0,0,0,0,0,0,2.54,0.34,1.44,6.96,94.44,0.02,62.34,0.29,0.552059642,0.5,347.47
2022,5,4,3,0,0,0,0,0,0,0,0,2.31,-0.05,1.13,6.77,93.31,0.02,62.33,0.38,0.723388497,0.65,353.81
2022,5,4,4,0,0,0,0,0,0,0,0,2,-0.45,0.77,6.53,92.31,0,62.34,0.52,0.989900048,0.85,4.76
2022,5,4,5,0.03,0.02,0.08,2.05,2.05,0.3,0,0,1.58,-0.99,0.3,6.29,91.31,0,62.37,0.68,1.294484678,1.13,16.81
2022,5,4,6,0.29,0.4,0.95,34.1,45.55,4.59,0.02,0.1,2.51,-2.15,0.18,5.92,81.25,0,62.41,1.16,2.208238569,1.57,21.85
2022,5,4,7,0.8,1.14,2,98.15,134.48,13.03,0.17,0.85,5.12,-3.39,0.87,5.43,61.81,0.01,62.43,1.21,2.303421266,1.48,17.57
2022,5,4,8,1.21,1.91,2.95,148.9,227.08,20.17,0.43,2.15,7.83,-4.63,1.6,4.94,46.62,0.01,62.46,0.48,0.913753891,0.57,332.39
2022,5,4,9,1.76,2.59,3.74,223.75,310.73,30.44,0.83,4.3,9.74,-4.76,2.49,4.82,40,0.01,62.49,1.23,2.341494345,1.57,239.23
2022,5,4,10,2.06,3.07,4.32,257.08,366.98,35.12,1.08,5.42,10.91,-3.54,3.69,5.25,40.19,0.01,62.5,2.44,4.64491561,3.13,231.7
2022,5,4,11,2.2,3.41,4.65,288.67,411.45,39.52,1.32,6.67,11.35,-1.95,4.7,5.92,43.94,0.01,62.5,3.38,6.434350313,4.29,229.81
2022,5,4,12,2.13,3.64,4.7,289.4,445.45,42.16,1.45,7.42,11.12,-0.49,5.31,6.59,49.69,0.02,62.48,3.95,7.519433058,4.99,228.68
2022,5,4,13,1.72,3.38,4.47,232.02,412.17,33.95,1.11,5.52,10.64,0.34,5.49,6.96,54.19,0.08,62.44,4.21,8.014383082,5.31,229
2022,5,4,14,1.6,2.88,3.98,212.08,349.3,30.02,0.88,4.5,10.12,0.93,5.52,7.2,58,0.15,62.38,4.36,8.299931173,5.51,230.76
2022,5,4,15,1.18,2.21,3.26,154.58,265.95,21.46,0.51,2.58,9.31,1.51,5.41,7.45,63.5,0.2,62.34,4.05,7.709798452,5.12,233.5
2022,5,4,16,0.69,1.42,2.36,88.17,168.75,12.12,0.2,0.98,8.28,1.9,5.09,7.63,69.81,0.21,62.31,3.45,6.567606089,4.38,235.09
2022,5,4,17,0.31,0.65,1.34,40.62,74.95,5.36,0.04,0.2,7.08,1.94,4.51,7.63,75.75,0.18,62.31,2.92,5.558669501,3.73,237.74
2022,5,4,18,0.07,0.09,0.3,7.1,9.95,0.99,0,0.02,5.01,2.58,3.8,7.81,89,0.14,62.33,1.86,3.540796326,2.6,237.12
2022,5,4,19,0,0,0,0,0,0,0,0,3.42,2.3,2.86,7.57,97.06,0.1,62.37,1.35,2.569932817,2.03,239
2022,5,4,20,0,0,0,0,0,0,0,0,2.84,2.3,2.57,7.57,100,0.05,62.41,1.24,2.360530884,1.82,244.31
2022,5,4,21,0,0,0,0,0,0,0,0,2.54,2.51,2.52,7.63,100,0.03,62.45,1.38,2.627042435,2.02,253.17
2022,5,4,22,0,0,0,0,0,0,0,0,2.44,2.51,2.48,7.57,100,0.04,62.46,1.32,2.512823199,1.95,259.86
2022,5,4,23,0,0,0,0,0,0,0,0,2.22,2.2,2.21,7.45,100,0.05,62.45,1.29,2.455713581,1.89,262.64
2022,5,5,0,0,0,0,0,0,0,0,0,1.91,1.87,1.89,7.26,100,0.06,62.42,1.17,2.227275108,1.72,265.84
2022,5,5,1,0,0,0,0,0,0,0,0,1.61,1.48,1.54,7.02,100,0.08,62.39,1.05,1.998836636,1.52,270.59
2022,5,5,2,0,0,0,0,0,0,0,0,1.43,1.15,1.3,6.9,100,0.1,62.37,0.86,1.637142387,1.23,278.8
2022,5,5,3,0,0,0,0,0,0,0,0,1.11,0.81,0.96,6.71,100,0.09,62.34,0.48,0.913753891,0.79,288.97
2022,5,5,4,0,0,0,0,0,0,0,0,0.79,0.36,0.58,6.47,100,0.08,62.34,0.42,0.799534654,0.7,305.98
2022,5,5,5,0.03,0.02,0.09,1.92,1.92,0.27,0,0,0.62,-0.21,0.2,6.23,97.44,0.09,62.35,0.4,0.761461575,0.59,326.31
2022,5,5,6,0.24,0.35,0.96,28.25,40.2,3.74,0.02,0.1,1.88,-0.38,0.75,6.16,88.19,0.12,62.38,0.4,0.761461575,0.51,306.87
2022,5,5,7,0.68,1.03,2.01,83.25,119.05,10.98,0.15,0.73,4.67,-0.77,1.94,6.1,71.31,0.14,62.42,1.49,2.836444369,1.82,232.69
2022,5,5,8,1.14,1.81,2.96,144.38,214.55,19.48,0.42,2.12,6.7,-0.83,2.94,6.1,62.25,0.14,62.46,2.51,4.778171386,3.1,216.81
2022,5,5,9,1.62,2.49,3.75,210.08,298.83,28.43,0.79,4.1,8.15,-0.3,3.92,6.35,58.38,0.1,62.49,3.22,6.129765683,3.97,215.07
2022,5,5,10,2.12,3.02,4.33,268,364.42,36.91,1.17,5.83,9.12,0.43,4.77,6.59,57.25,0.09,62.49,3.72,7.081592652,4.59,216.34
2022,5,5,11,2.14,3.31,4.65,276.8,401.55,38.77,1.31,6.67,9.62,1.17,5.4,6.96,58,0.12,62.46,4.11,7.824017688,5.09,217.89
2022,5,5,12,1.98,3.81,4.7,279.58,475.02,43.8,1.59,8.12,10.03,1.94,5.98,7.32,59.31,0.21,62.4,4.51,8.585479264,5.59,217.91
2022,5,5,13,1.64,3.59,4.47,225.42,444.62,35.06,1.22,6.08,9.98,2.52,6.25,7.63,61.88,0.32,62.34,4.86,9.251758142,6.07,218.36
2022,5,5,14,1.35,3.11,3.98,187.48,384.33,29.14,0.91,4.65,9.37,2.81,6.08,7.75,65.69,0.42,62.3,5.08,9.670562009,6.4,218.8
2022,5,5,15,1.16,2.44,3.26,154.48,301.38,23.43,0.6,3.05,8.44,2.96,5.69,7.81,70.56,0.41,62.27,5.06,9.63248893,6.41,219.12
2022,5,5,16,0.71,1.6,2.36,89.88,194.38,12.9,0.23,1.1,7.41,2.89,5.15,7.81,75.25,0.3,62.26,4.83,9.194648524,6.16,221.04
2022,5,5,17,0.3,0.76,1.35,38.38,89.1,5.48,0.05,0.23,6.1,2.8,4.44,7.75,81.88,0.17,62.28,4.27,8.128602318,5.5,222.53
2022,5,5,18,0.08,0.1,0.31,7.62,11.25,1.09,0,0.02,4.55,2.9,3.73,7.81,91.94,0.14,62.32,3.14,5.977473368,4.13,221.71
2022,5,5,19,0,0,0,0,0,0,0,0,3.59,3.17,3.38,7.93,100,0.14,62.36,1.82,3.464650168,2.54,214.86
2022,5,5,20,0,0,0,0,0,0,0,0,3.16,3.19,3.18,7.93,100,0.12,62.41,1.34,2.550896278,2.05,212.05
2022,5,5,21,0,0,0,0,0,0,0,0,2.69,3.05,2.87,7.87,100,0.12,62.44,1.02,1.941727017,1.79,212.51
2022,5,5,22,0,0,0,0,0,0,0,0,2.39,2.77,2.58,7.75,100,0.13,62.45,0.96,1.827507781,1.76,212.7
2022,5,5,23,0,0,0,0,0,0,0,0,2.07,2.43,2.25,7.57,100,0.15,62.44,0.91,1.732325084,1.68,210.74
2022,5,6,0,0,0,0,0,0,0,0,0,1.76,2.14,1.95,7.39,100,0.13,62.41,0.86,1.637142387,1.64,206.57
2022,5,6,1,0,0,0,0,0,0,0,0,1.55,1.9,1.73,7.26,100,0.1,62.38,0.85,1.618105848,1.64,203.63
2022,5,6,2,0,0,0,0,0,0,0,0,1.44,1.73,1.58,7.2,100,0.08,62.35,0.89,1.694252005,1.65,203.16
2022,5,6,3,0,0,0,0,0,0,0,0,1.25,1.54,1.39,7.08,100,0.06,62.33,0.88,1.675215466,1.59,198.08
2022,5,6,4,0,0,0,0,0,0,0,0,1.12,1.33,1.22,6.96,100,0.04,62.33,0.88,1.675215466,1.51,193.17
2022,5,6,5,0.03,0.02,0.09,1.95,2.33,0.28,0,0,1,1.09,1.05,6.84,100,0.03,62.35,0.81,1.54195969,1.34,187.37
2022,5,6,6,0.26,0.41,0.98,30.62,47.35,3.95,0.02,0.1,1.88,0.89,1.38,6.71,95.62,0.01,62.38,1.12,2.132092411,1.45,180.92
2022,5,6,7,0.62,1.15,2.02,79.23,137.48,10.7,0.16,0.75,4.05,-0.38,1.83,6.1,74.81,0,62.41,1.84,3.502723247,2.29,190.04
2022,5,6,8,0.97,1.95,2.96,127.9,236.3,17.91,0.4,2,6.76,-1.66,2.55,5.55,56.44,0.01,62.44,3.23,6.148802222,4,194.25
2022,5,6,9,1.26,2.67,3.75,169.88,327.77,24.34,0.7,3.6,8.42,-1.73,3.35,5.49,50,0.01,62.46,4.17,7.938236924,5.18,198.3
2022,5,6,10,1.43,3.16,4.33,192.48,388,27.65,0.89,4.45,9.32,-1,4.16,5.86,49.75,0.02,62.47,4.85,9.232721603,6.02,202.01
2022,5,6,11,1.63,3.44,4.65,222.45,420.52,31.99,1.1,5.6,9.65,-0.1,4.78,6.23,52.12,0.03,62.46,5.17,9.841890863,6.43,204.54
2022,5,6,12,1.85,3.66,4.7,261.05,453.4,38.96,1.38,7.1,9.63,0.73,5.18,6.65,55.5,0.08,62.44,5.28,10.0512928,6.57,206.41
2022,5,6,13,1.51,3.44,4.47,213.73,424.67,32.1,1.1,5.48,9.26,1.46,5.37,7.02,60,0.16,62.4,5.22,9.93707356,6.51,207.76
2022,5,6,14,1.4,2.98,3.99,188.92,366.12,28.14,0.87,4.4,8.58,1.9,5.24,7.26,64.88,0.28,62.36,5.04,9.594415851,6.28,208.96
2022,5,6,15,1.11,2.31,3.27,146.77,282.5,21.47,0.55,2.77,7.76,2.01,4.89,7.32,69.06,0.37,62.33,4.86,9.251758142,6.08,211.08
2022,5,6,16,0.71,1.52,2.37,91.2,183.9,12.95,0.23,1.12,6.76,1.8,4.28,7.2,72.88,0.39,62.31,4.4,8.37607733,5.54,213.62
2022,5,6,17,0.38,0.7,1.36,46.25,82.7,6.05,0.05,0.25,5.58,1.62,3.6,7.14,78.06,0.36,62.32,3.71,7.062556113,4.71,216.43
2022,5,6,18,0.07,0.1,0.32,7.45,11.02,1.09,0.01,0.02,3.93,1.8,2.87,7.2,88.88,0.22,62.34,2.64,5.025646398,3.46,219.23
2022,5,6,19,0,0,0,0,0,0,0,0,2.98,2.16,2.57,7.39,97.44,0.21,62.38,1.49,2.836444369,2.07,220.11
2022,5,6,20,0,0,0,0,0,0,0,0,2.55,2.23,2.4,7.39,100,0.17,62.42,1,1.903653939,1.51,220.6
2022,5,6,21,0,0,0,0,0,0,0,0,2.31,2.2,2.26,7.39,100,0.14,62.46,0.72,1.370630836,1.14,222.51
2022,5,6,22,0,0,0,0,0,0,0,0,2.06,1.98,2.02,7.26,100,0.12,62.47,0.53,1.008936588,0.94,226.35
2022,5,6,23,0,0,0,0,0,0,0,0,1.89,1.78,1.83,7.14,100,0.1,62.47,0.57,1.085082745,0.97,224.67
2022,5,7,0,0,0,0,0,0,0,0,0,1.53,1.5,1.51,7.02,100,0.1,62.45,0.54,1.027973127,0.96,220.4
2022,5,7,1,0,0,0,0,0,0,0,0,1.27,1.2,1.24,6.84,100,0.09,62.42,0.55,1.047009666,0.98,214.95
2022,5,7,2,0,0,0,0,0,0,0,0,1.12,0.9,1.01,6.71,100,0.07,62.39,0.58,1.104119284,1.02,215.03
2022,5,7,3,0,0,0,0,0,0,0,0,1.04,0.76,0.9,6.65,100,0.05,62.36,0.59,1.123155824,1.05,217.46
2022,5,7,4,0,0,0,0,0,0,0,0,0.9,0.49,0.69,6.53,99.56,0.03,62.36,0.56,1.066046206,1.01,220.94
2022,5,7,5,0.03,0.03,0.1,2.33,2.92,0.35,0,0,0.8,0.13,0.47,6.35,97.44,0.01,62.38,0.49,0.93279043,0.82,223.85
2022,5,7,6,0.36,0.51,0.99,43.67,62.08,5.82,0.03,0.15,1.93,0.15,1.05,6.35,90.06,0,62.41,0.9,1.713288545,1.08,220.6
2022,5,7,7,1,1.33,2.03,124.73,164.62,16.76,0.23,1.17,3.61,0.2,1.9,6.41,80.75,0,62.45,1.56,2.969700144,1.89,215.4
2022,5,7,8,1.65,2.16,2.97,208.35,267.8,28.88,0.64,3.2,5.34,0.43,2.88,6.53,73,0,62.48,2.32,4.416477138,2.83,213.65
2022,5,7,9,2.18,2.86,3.76,279.73,354.02,39.72,1.14,5.83,7.14,0.67,3.9,6.65,65.69,0,62.5,3.08,5.863254131,3.79,213.13
2022,5,7,10,2.41,3.37,4.33,311.38,417.98,45.21,1.51,7.65,8.45,1.05,4.75,6.84,61.62,0,62.5,3.85,7.329067664,4.76,213.56
2022,5,7,11,2.52,3.66,4.66,334.38,452.67,49.12,1.75,9.05,9.21,1.56,5.38,7.08,60.62,0,62.47,4.57,8.6996985,5.72,214.65
2022,5,7,12,1.92,3.71,4.7,268.5,459.85,40.26,1.45,7.5,9.64,2.05,5.84,7.32,60.94,0,62.44,5.16,9.822854324,6.48,215.63
2022,5,7,13,1.76,3.51,4.48,237.62,434.33,35.93,1.26,6.27,9.38,2.48,5.94,7.51,63.75,0,62.4,5.52,10.50816974,6.96,216.92
2022,5,7,14,1.28,3.05,3.99,178.12,378.08,26.83,0.84,4.3,8.74,2.73,5.73,7.63,67.5,0,62.37,5.61,10.6794986,7.12,218.23
2022,5,7,15,1.15,2.39,3.27,152.4,296.45,22.46,0.59,2.98,7.85,2.73,5.3,7.63,71.56,0,62.35,5.47,10.41298704,6.96,220.04
2022,5,7,16,0.57,1.6,2.38,75.4,197.8,11.42,0.21,1.02,6.86,2.52,4.69,7.51,75.38,0,62.35,5.02,9.556342772,6.4,222.73
2022,5,7,17,0.22,0.77,1.36,28.2,92.85,4.3,0.03,0.17,5.67,2.26,3.97,7.39,80.31,0,62.35,4.22,8.033419621,5.4,224.94
2022,5,7,18,0.08,0.11,0.33,8.5,12.52,1.21,0.01,0.02,4.05,2.23,3.13,7.32,89.75,0.03,62.38,2.96,5.634815659,3.85,223.27
2022,5,7,19,0,0,0,0,0,0,0,0,2.98,2.25,2.62,7.39,97.12,0.02,62.41,1.47,2.79837129,2.01,217.27
2022,5,7,20,0,0,0,0,0,0,0,0,2.44,2.01,2.22,7.26,99.38,0.01,62.44,0.85,1.618105848,1.33,216.13
2022,5,7,21,0,0,0,0,0,0,0,0,1.82,1.68,1.75,7.08,100,0,62.46,0.43,0.818571194,0.83,219.67
2022,5,7,22,0,0,0,0,0,0,0,0,1.38,1.34,1.37,6.9,100,0,62.47,0.21,0.399767327,0.48,222.34
2022,5,7,23,0,0,0,0,0,0,0,0,0.78,0.8,0.79,6.65,100,0.01,62.45,0.06,0.114219236,0.16,219.09
2022,5,8,0,0,0,0,0,0,0,0,0,0.62,0.23,0.42,6.41,100,0.01,62.42,0.08,0.152292315,0.14,236.31
2022,5,8,1,0,0,0,0,0,0,0,0,0.82,0.05,0.43,6.29,97.19,0.02,62.38,0.15,0.285548091,0.28,206.57
2022,5,8,2,0,0,0,0,0,0,0,0,0.78,-0.24,0.26,6.16,95.5,0.03,62.36,0.17,0.32362117,0.33,186.79
2022,5,8,3,0,0,0,0,0,0,0,0,0.6,-0.7,-0.05,5.98,93.75,0.04,62.34,0.15,0.285548091,0.32,164.25
2022,5,8,4,0,0,0,0,0,0,0,0,0.58,-0.91,-0.16,5.92,92.44,0.05,62.35,0.17,0.32362117,0.33,147.43
2022,5,8,5,0.03,0.02,0.1,2.35,2.52,0.34,0,0,0.62,-1.24,-0.31,5.74,89.94,0.05,62.37,0.14,0.266511551,0.29,145.01
2022,5,8,6,0.38,0.39,1,42.4,45.73,5.53,0.02,0.12,2.2,-0.84,0.68,5.92,82.69,0.05,62.41,0.6,1.142192363,0.73,188.04
2022,5,8,7,0.99,1.08,2.03,114.3,125.83,14.59,0.2,0.98,4.43,-0.47,1.98,6.1,72.81,0.05,62.45,1.52,2.893553987,1.86,201.71
2022,5,8,8,1.64,1.88,2.98,194.92,223.6,25.24,0.54,2.67,6.38,-0.36,3.01,6.16,64.25,0.04,62.49,2.5,4.759134847,3.04,202.21
2022,5,8,9,1.93,2.65,3.76,242.02,320.55,33.27,0.93,4.77,8.07,-0.06,4.01,6.29,58.5,0.03,62.51,3.37,6.415313773,4.1,205.39
2022,5,8,10,2.26,3.22,4.34,288.67,392.42,40.75,1.33,6.73,9.27,0.62,4.94,6.65,56.75,0.03,62.51,4.08,7.76690807,5,209.29
2022,5,8,11,2.31,3.49,4.66,301.1,425.15,42.52,1.47,7.65,9.83,1.43,5.63,7.02,58,0.05,62.48,4.53,8.623552342,5.58,212.93
2022,5,8,12,2.37,3.73,4.71,320.88,461.98,47.54,1.71,8.92,9.9,2.19,6.05,7.45,60.81,0.08,62.44,4.81,9.156575445,5.94,215.8
2022,5,8,13,1.98,3.52,4.48,266.33,435.8,39.68,1.38,6.92,9.59,2.75,6.17,7.69,64.25,0.11,62.4,4.98,9.480196615,6.18,217.29
2022,5,8,14,1.76,3.05,3.99,229.67,377.3,33.51,1.02,5.2,9.19,3.04,6.12,7.81,67.25,0.12,62.36,5.04,9.594415851,6.29,218.14
2022,5,8,15,1.09,2.44,3.28,149.38,303.6,22.28,0.58,2.92,8.69,3.12,5.9,7.87,70.06,0.15,62.32,4.96,9.442123536,6.23,218.02
2022,5,8,16,0.7,1.67,2.38,93.12,207.45,13.7,0.25,1.23,7.83,3.06,5.44,7.87,74.19,0.14,62.3,4.64,8.832954276,5.87,218.3
2022,5,8,17,0.33,0.82,1.37,42.45,100.67,5.9,0.05,0.25,6.65,3.08,4.87,7.93,80.5,0.12,62.29,4.07,7.747871531,5.21,218.85
2022,5,8,18,0.07,0.12,0.33,6.95,13.5,1.05,0,0.02,5.12,3.41,4.26,8.06,91.5,0.06,62.32,3,5.710961816,3.94,219.12
2022,5,8,19,0,0,0,0,0,0,0,0,4.24,3.78,4.01,8.3,99.94,0.05,62.35,1.73,3.293321314,2.41,216.31
2022,5,8,20,0,0,0,0,0,0,0,0,3.83,3.81,3.82,8.3,100,0.04,62.39,1.32,2.512823199,2.05,215.21
2022,5,8,21,0,0,0,0,0,0,0,0,3.51,3.71,3.61,8.3,100,0.04,62.42,1.17,2.227275108,1.9,215.78
2022,5,8,22,0,0,0,0,0,0,0,0,3.23,3.44,3.33,8.12,100,0.04,62.43,1.03,1.960763557,1.73,216.92
2022,5,8,23,0,0,0,0,0,0,0,0,2.91,3.12,3.01,7.93,100,0.04,62.41,0.93,1.770398163,1.61,217.92
2022,5,9,0,0,0,0,0,0,0,0,0,2.6,2.79,2.69,7.75,100,0.04,62.38,0.91,1.732325084,1.61,219.49
2022,5,9,1,0,0,0,0,0,0,0,0,2.45,2.52,2.48,7.63,100,0.03,62.36,0.97,1.846544321,1.65,221.54
2022,5,9,2,0,0,0,0,0,0,0,0,2.24,2.26,2.25,7.45,100,0.02,62.34,0.93,1.770398163,1.59,224
2022,5,9,3,0,0,0,0,0,0,0,0,2.12,2.06,2.08,7.39,100,0.01,62.34,0.86,1.637142387,1.49,227.54
2022,5,9,4,0,0,0,0,0,0,0,0,2.05,1.93,1.99,7.26,100,0.01,62.35,0.77,1.465813533,1.36,232.93
2022,5,9,5,0.03,0.02,0.11,2.23,2.33,0.3,0,0,1.98,1.73,1.85,7.2,100,0,62.37,0.67,1.275448139,1.2,240.44
2022,5,9,6,0.21,0.37,1.01,24.35,41.6,3.43,0.02,0.08,2.76,1.61,2.19,7.14,95.31,0,62.41,1.19,2.265348187,1.49,250.33
2022,5,9,7,0.69,1.09,2.04,86.12,125.83,11.84,0.18,0.85,3.55,1.33,2.44,6.96,88,0.01,62.45,1.51,2.874517447,1.85,247.88
2022,5,9,8,1.19,1.86,2.98,147.3,220.75,20.14,0.46,2.33,4.71,1.22,2.97,6.9,80.44,0.01,62.48,2.04,3.883454035,2.48,234.76
2022,5,9,9,1.67,2.56,3.77,212.02,306.88,28.91,0.83,4.35,5.88,1.64,3.76,7.08,76.38,0.02,62.5,2.72,5.177938713,3.3,226.44
2022,5,9,10,1.87,3.02,4.34,234.83,362.38,32.42,1.05,5.25,8.12,2.69,5.4,7.63,70.69,0.04,62.5,4.09,7.785944609,5.08,218.76
2022,5,9,11,2.43,3.31,4.66,310.38,398.9,42.08,1.47,7.55,8.88,3.1,5.99,7.87,68.88,0.06,62.47,4.76,9.061392748,5.97,217.23
2022,5,9,12,2.43,3.66,4.71,321.83,451.5,47.09,1.7,8.98,9.12,3.44,6.29,8.06,69.25,0.09,62.43,5.14,9.784781245,6.46,217.67
2022,5,9,13,2.33,3.4,4.48,302.62,419.12,43.48,1.49,7.67,9.07,3.66,6.37,8.12,70.44,0.12,62.39,5.26,10.01321972,6.63,218.4
2022,5,9,14,1.85,2.82,3.99,235.38,343,32.64,0.98,5.02,8.88,3.8,6.33,8.24,72,0.15,62.35,5.19,9.879963942,6.55,219.29
2022,5,9,15,1.13,2.14,3.28,143.15,255.4,19.56,0.49,2.5,8.51,3.85,6.19,8.24,74.19,0.16,62.32,4.89,9.30886776,6.17,221.1
2022,5,9,16,0.76,1.38,2.39,92.95,163.42,12.52,0.22,1.08,7.89,3.85,5.87,8.3,77.5,0.15,62.32,4.44,8.452223488,5.62,221.56
2022,5,9,17,0.36,0.64,1.38,43.38,73.88,5.83,0.05,0.25,6.73,3.85,5.29,8.3,84.06,0.13,62.33,3.75,7.13870227,4.77,220.95
2022,5,9,18,0.08,0.09,0.34,7.67,10.6,1.06,0,0.02,5.35,4.04,4.69,8.42,93.75,0.52,62.36,2.72,5.177938713,3.53,218.9
2022,5,9,19,0,0,0,0,0,0,0,0,4.31,4.19,4.25,8.48,100,0.4,62.39,1.26,2.398603963,1.83,213.35
2022,5,9,20,0,0,0,0,0,0,0,0,3.84,4.08,3.96,8.48,100,0.32,62.44,0.82,1.56099623,1.48,212.94
2022,5,9,21,0,0,0,0,0,0,0,0,3.4,3.93,3.66,8.36,100,0.26,62.48,0.78,1.484850072,1.57,210.77
2022,5,9,22,0,0,0,0,0,0,0,0,3.09,3.76,3.43,8.3,100,0.22,62.49,0.83,1.580032769,1.71,209.26
2022,5,9,23,0,0,0,0,0,0,0,0,2.98,3.61,3.3,8.18,100,0.21,62.48,0.91,1.732325084,1.82,209.32
2022,5,10,0,0,0,0,0,0,0,0,0,2.95,3.53,3.24,8.12,100,0.21,62.44,1.01,1.922690478,1.93,210.92
2022,5,10,1,0,0,0,0,0,0,0,0,2.8,3.36,3.08,8.06,100,0.19,62.41,1.04,1.979800096,1.93,213.63
2022,5,10,2,0,0,0,0,0,0,0,0,2.58,3.1,2.84,7.87,100,0.17,62.37,0.97,1.846544321,1.85,217.45
2022,5,10,3,0,0,0,0,0,0,0,0,2.31,2.8,2.56,7.69,100,0.12,62.35,0.82,1.56099623,1.67,220.63
2022,5,10,4,0,0,0,0,0,0,0,0,2.05,2.49,2.27,7.57,100,0.11,62.35,0.67,1.275448139,1.39,222.04
2022,5,10,5,0.03,0.02,0.11,1.92,2.25,0.26,0,0,2.08,2.26,2.17,7.45,100,0.06,62.37,0.53,1.008936588,0.97,219.75
2022,5,10,6,0.27,0.33,1.02,30.92,37.33,3.94,0.02,0.1,3.38,2.39,2.89,7.51,96,0.11,62.42,0.72,1.370630836,0.92,214.63
2022,5,10,7,0.78,0.96,2.05,92.67,109.83,11.99,0.17,0.85,5.13,2.41,3.77,7.51,85.12,0.15,62.46,1.57,2.988736684,1.92,223.03
2022,5,10,8,1.47,1.73,2.99,174.85,202.58,22.72,0.51,2.6,7.08,2.38,4.73,7.51,74.25,0.07,62.49,2.38,4.530696374,2.9,227.29
2022,5,10,9,2,2.47,3.77,247.35,295.23,32.58,0.92,4.77,9.01,2.38,5.7,7.45,65.06,0.04,62.51,3.22,6.129765683,3.94,226.85
2022,5,10,10,2.25,3.02,4.34,279.27,364.42,38.17,1.24,6.35,10.5,2.33,6.42,7.51,58.94,0.04,62.5,4.05,7.709798452,5.01,225.25
2022,5,10,11,2.23,3.31,4.66,288.42,399.52,39.39,1.37,7.2,11.17,2.78,6.98,7.75,58.5,0.04,62.48,4.57,8.6996985,5.66,223.27
2022,5,10,12,2.02,3.65,4.71,275.95,449.85,40.79,1.5,7.88,11.32,3.22,7.26,8,59.69,0.05,62.45,4.89,9.30886776,6.09,221.15
2022,5,10,13,1.62,3.45,4.48,219.17,424.27,32.87,1.16,5.88,11.09,3.71,7.4,8.3,62.5,0.11,62.41,5.01,9.537306233,6.24,220.38
2022,5,10,14,1.38,2.95,4,186.75,362,27.47,0.87,4.42,10.69,4.04,7.37,8.42,65.44,0.2,62.38,4.9,9.3279043,6.09,220.74
2022,5,10,15,1.18,2.3,3.28,153.42,280.35,22.02,0.57,2.92,10.18,4.05,7.12,8.42,67.62,0.22,62.36,4.51,8.585479264,5.59,221.15
2022,5,10,16,0.82,1.5,2.39,102.02,180.2,14.02,0.26,1.25,9.33,4.04,6.69,8.42,71.44,0.26,62.35,4.06,7.728834991,5.04,220.66
2022,5,10,17,0.39,0.73,1.39,47.12,86.75,6.39,0.05,0.27,7.88,4.08,5.98,8.42,79.12,0.33,62.35,3.48,6.624715707,4.35,220.99
2022,5,10,18,0.08,0.11,0.35,8.45,12.48,1.2,0.01,0.02,5.87,4.19,5.03,8.54,91.62,0.37,62.37,2.46,4.682988689,3.23,219.89
2022,5,10,19,0,0,0,0,0,0,0,0,4.59,4.55,4.57,8.73,100,0.41,62.41,1.28,2.436677042,1.92,215.05
2022,5,10,20,0,0,0,0,0,0,0,0,4.26,4.59,4.43,8.79,100,0.33,62.46,0.96,1.827507781,1.67,213.54
2022,5,10,21,0,0,0,0,0,0,0,0,3.86,4.24,4.05,8.54,100,0.3,62.49,0.85,1.618105848,1.61,209.92
2022,5,10,22,0,0,0,0,0,0,0,0,3.3,4.01,3.65,8.42,100,0.29,62.49,0.81,1.54195969,1.64,205.1
2022,5,10,23,0,0,0,0,0,0,0,0,2.97,3.4,3.19,8.06,100,0.28,62.46,0.76,1.446776993,1.48,204.94
2022,5,11,0,0,0,0,0,0,0,0,0,2.8,3.23,3.01,8,100,0.25,62.41,0.74,1.408703915,1.38,207.58
2022,5,11,1,0,0,0,0,0,0,0,0,2.72,3.07,2.89,7.93,100,0.23,62.36,0.72,1.370630836,1.32,216.33
2022,5,11,2,0,0,0,0,0,0,0,0,2.72,2.96,2.84,7.87,100,0.22,62.31,0.65,1.23737506,1.14,227.22
2022,5,11,3,0,0,0,0,0,0,0,0,2.88,2.94,2.91,7.87,100,0.19,62.28,0.58,1.104119284,0.97,235.54
2022,5,11,4,0,0,0,0,0,0,0,0,2.93,2.96,2.94,7.87,100,0.25,62.27,0.6,1.142192363,0.98,234.04
2022,5,11,5,0.04,0.03,0.12,2.9,3.12,0.41,0,0,2.94,2.99,2.96,7.87,100,0.36,62.29,0.63,1.199301981,1,229.11
2022,5,11,6,0.39,0.43,1.03,45.9,50.5,6,0.03,0.17,4.16,3.46,3.81,8.12,98.69,0.06,62.32,0.95,1.808471242,1.28,232.43
2022,5,11,7,0.97,1.17,2.06,116.17,138.6,15.21,0.23,1.1,5.94,3.62,4.77,8.24,88.19,0.08,62.36,1.52,2.893553987,1.9,246.28
2022,5,11,8,1.73,1.94,2.99,208.73,233.3,27.44,0.62,3.1,7.71,3.44,5.57,8.12,77,0.09,62.38,1.84,3.502723247,2.31,242.22
2022,5,11,9,1.99,2.62,3.77,251.17,318.3,34.54,1.01,5.25,9.4,3.23,6.31,8,67.5,0.12,62.4,2.67,5.082756016,3.38,228.94
2022,5,11,10,2.07,3.11,4.34,261,378.35,36.84,1.23,6.25,10.33,3.51,6.91,8.12,64.56,0.16,62.41,3.57,6.796044561,4.54,223.26
2022,5,11,11,2.17,3.44,4.66,286.33,420.67,40.47,1.45,7.58,10.73,4.01,7.37,8.42,65,0.21,62.4,4.27,8.128602318,5.45,222.5
2022,5,11,12,2.24,3.62,4.71,302.73,446.95,44.09,1.62,8.55,10.76,4.48,7.62,8.67,66.94,0.26,62.38,4.72,8.985246591,6.02,223.68
2022,5,11,13,2.02,3.35,4.48,266.75,411.52,38.62,1.34,6.85,10.8,4.58,7.69,8.73,67.06,0.3,62.35,5.04,9.594415851,6.42,224.51
2022,5,11,14,1.71,2.86,4,220.98,349.42,31.21,0.98,5,10.57,4.51,7.55,8.67,67.69,0.32,62.32,5.17,9.841890863,6.59,224.62
2022,5,11,15,1.28,2.24,3.29,166.1,272.52,23.29,0.6,3.1,10.1,4.46,7.28,8.61,69.5,0.29,62.29,4.98,9.480196615,6.34,225.95
2022,5,11,16,0.73,1.43,2.4,89.42,170.2,12.16,0.23,1.1,9.26,4.37,6.82,8.61,73.06,0.24,62.28,4.52,8.604515803,5.77,227.36
2022,5,11,17,0.4,0.68,1.39,48.25,79.48,6.34,0.05,0.27,8.01,4.26,6.14,8.54,79.06,0.18,62.28,3.82,7.271958046,4.92,228.28
2022,5,11,18,0.08,0.1,0.36,7.98,11.85,1.1,0,0.02,6.37,4.44,5.4,8.61,89.56,0.12,62.29,2.7,5.139865635,3.61,226.58
2022,5,11,19,0,0,0,0,0,0,0,0,5.3,4.81,5.05,8.85,99.12,0.12,62.32,1.59,3.026809763,2.34,223.78
2022,5,11,20,0,0,0,0,0,0,0,0,5.01,4.98,5,8.97,100,0.13,62.36,1.2,2.284384726,1.91,225
2022,5,11,21,0,0,0,0,0,0,0,0,4.73,4.97,4.85,8.97,100,0.13,62.39,1.01,1.922690478,1.75,224.27
2022,5,11,22,0,0,0,0,0,0,0,0,4.43,4.83,4.63,8.91,100,0.15,62.38,0.93,1.770398163,1.72,223.16
2022,5,11,23,0,0,0,0,0,0,0,0,4.14,4.63,4.38,8.79,100,0.15,62.36,0.87,1.656178927,1.69,221.81
2022,5,12,0,0,0,0,0,0,0,0,0,4.01,4.46,4.23,8.67,100,0.13,62.31,0.84,1.599069309,1.61,220.66
2022,5,12,1,0,0,0,0,0,0,0,0,3.83,4.26,4.05,8.54,100,0.09,62.27,0.77,1.465813533,1.51,221.02
2022,5,12,2,0,0,0,0,0,0,0,0,3.66,4.06,3.86,8.42,100,0.06,62.23,0.7,1.332557757,1.39,221.82
2022,5,12,3,0,0,0,0,0,0,0,0,3.55,3.9,3.73,8.36,100,0.03,62.2,0.64,1.218338521,1.24,225
2022,5,12,4,0,0,0,0,0,0,0,0,3.51,3.77,3.64,8.24,100,0.02,62.2,0.61,1.161228903,1.1,228.74
2022,5,12,5,0.03,0.03,0.12,2.67,3.02,0.38,0,0,3.56,3.67,3.62,8.18,100,0.02,62.23,0.56,1.066046206,0.92,234.29
2022,5,12,6,0.4,0.39,1.03,46.48,45.48,6.05,0.03,0.17,4.87,4.01,4.44,8.42,96.75,0,62.28,0.86,1.637142387,1.11,242.9
2022,5,12,7,1.02,1.06,2.06,119.62,126.05,14.92,0.22,1.08,6.65,4.2,5.42,8.54,86.94,0,62.32,1.54,2.931627066,1.89,245.03
2022,5,12,8,1.69,1.77,3,203.12,214.2,25.56,0.56,2.85,8.45,4.23,6.34,8.54,77.12,0,62.36,2.51,4.778171386,3.13,230.27
2022,5,12,9,1.95,2.45,3.78,247.85,301.12,32.82,0.94,4.85,9.87,4.48,7.18,8.67,71.12,0,62.38,3.55,6.757971482,4.47,225.5
2022,5,12,10,2.25,2.96,4.35,290.48,365.27,39.14,1.28,6.55,10.93,4.79,7.86,8.85,67.56,0,62.37,4.31,8.204748476,5.44,225.52
2022,5,12,11,2.14,3.35,4.66,277.58,407.2,39.08,1.41,7.42,11.64,5.07,8.35,8.97,65.5,0.01,62.35,4.93,9.385013918,6.26,225.2
2022,5,12,12,2.25,3.52,4.71,298.15,432,42.9,1.59,8.48,11.87,5.23,8.55,9.09,65.12,0.01,62.3,5.46,10.39395051,6.96,224.14
2022,5,12,13,2.05,3.24,4.49,263.9,393.9,37.27,1.31,6.7,11.68,5.44,8.55,9.22,66.81,0.01,62.26,5.84,11.117339,7.46,223.73
2022,5,12,14,1.69,2.74,4,213.02,329.77,29.67,0.94,4.77,11.19,5.48,8.34,9.22,69.06,0.01,62.22,5.99,11.40288709,7.67,224.01
2022,5,12,15,1.25,2.13,3.29,156.67,255.2,21.59,0.56,2.92,10.39,5.44,7.91,9.22,72.62,0.01,62.18,5.73,10.90793707,7.32,223.92
2022,5,12,16,0.73,1.37,2.4,88.35,160.02,11.9,0.22,1.08,9.4,5.3,7.35,9.09,76.88,0.01,62.17,5.23,9.956110099,6.69,223.44
2022,5,12,17,0.41,0.65,1.4,47.9,74.1,6.44,0.06,0.3,8.06,5.15,6.61,9.03,83.31,0.01,62.18,4.49,8.547406185,5.78,222.04
2022,5,12,18,0.08,0.11,0.36,7.92,12.23,1.09,0,0.02,6.48,5.14,5.81,9.03,92.88,0.07,62.2,3.34,6.358204155,4.39,219.3
2022,5,12,19,0,0,0,0,0,0,0,0,5.75,5.23,5.49,9.09,98.5,0.05,62.24,2.25,4.283221362,3.04,214.43
2022,5,12,20,0,0,0,0,0,0,0,0,5.39,5.19,5.29,9.09,100,0.04,62.28,1.55,2.950663605,2.22,212.8
2022,5,12,21,0,0,0,0,0,0,0,0,4.95,5.1,5.02,9.03,100,0.03,62.3,1.17,2.227275108,1.9,212.91
2022,5,12,22,0,0,0,0,0,0,0,0,4.59,5.02,4.8,9.03,100,0.04,62.29,1.08,2.055946254,1.9,214.28
2022,5,12,23,0,0,0,0,0,0,0,0,4.34,4.95,4.65,8.97,100,0.06,62.26,1.12,2.132092411,2.03,215.28
2022,5,13,0,0,0,0,0,0,0,0,0,4.21,4.86,4.54,8.91,100,0.08,62.21,1.2,2.284384726,2.14,215.78
2022,5,13,1,0,0,0,0,0,0,0,0,4.02,4.72,4.37,8.85,100,0.1,62.17,1.2,2.284384726,2.17,215.75
2022,5,13,2,0,0,0,0,0,0,0,0,3.8,4.53,4.16,8.73,100,0.12,62.13,1.17,2.227275108,2.16,215.13
2022,5,13,3,0,0,0,0,0,0,0,0,3.62,4.35,3.98,8.61,100,0.13,62.1,1.1,2.094019333,2.1,213.63
2022,5,13,4,0,0,0,0,0,0,0,0,3.4,4.18,3.79,8.48,100,0.09,62.1,1.01,1.922690478,2.04,211.68
2022,5,13,5,0.04,0.03,0.13,3.88,3.9,0.54,0,0,3.42,4.12,3.77,8.48,100,0.05,62.12,0.95,1.808471242,1.97,210.85
2022,5,13,6,0.46,0.53,1.04,55.73,64.73,7.15,0.04,0.23,5.09,4.66,4.87,8.79,99.56,0.06,62.15,1.93,3.674052102,2.67,212.81
2022,5,13,7,1.1,1.35,2.07,136.67,168.75,18.12,0.29,1.42,6.7,4.92,5.81,8.97,90.75,0.08,62.19,3.25,6.186875301,4.18,225.38
2022,5,13,8,1.7,2.16,3,214.25,270.95,29.88,0.73,3.75,8.31,4.84,6.58,8.91,81.12,0.08,62.22,3.91,7.4432869,4.94,230.84
2022,5,13,9,2.09,2.84,3.78,271.62,355.17,38.94,1.21,6.35,9.58,4.85,7.22,8.91,74.5,0.12,62.23,4.61,8.775844657,5.81,230.02
2022,5,13,10,1.96,3.29,4.35,259.62,409.77,37.93,1.34,6.88,10.38,5.01,7.7,9.03,71.25,0.15,62.23,5.18,9.860927403,6.55,228.38
2022,5,13,11,2.06,3.55,4.67,279.9,439.92,41,1.54,8.1,10.89,5.25,8.07,9.16,70,0.17,62.2,5.55,10.56527936,7.02,227.57
2022,5,13,12,1.85,3.6,4.71,258.7,445.27,38.21,1.47,7.8,11.22,5.47,8.34,9.34,69.5,0.17,62.17,5.77,10.98408323,7.29,226.91
2022,5,13,13,1.68,3.34,4.49,231.5,412.52,33.55,1.23,6.17,11.28,5.58,8.43,9.4,69.81,0.18,62.14,5.83,11.09830246,7.38,226.67
2022,5,13,14,1.15,2.75,4,160.17,337.4,22.77,0.73,3.73,11.12,5.69,8.4,9.52,71.19,0.15,62.1,5.81,11.06022938,7.36,227.11
2022,5,13,15,0.92,2.08,3.29,124.67,251.67,17.24,0.47,2.42,10.58,5.62,8.09,9.46,73.56,0.11,62.08,5.6,10.66046206,7.1,227.27
2022,5,13,16,0.5,1.33,2.41,65.77,159.45,9,0.17,0.85,9.53,5.2,7.37,9.22,76.88,0.09,62.07,5.11,9.727671627,6.51,227.48
2022,5,13,17,0.34,0.62,1.41,39.85,72.42,5.23,0.05,0.25,8.14,4.84,6.49,9.03,82.5,0.1,62.07,4.32,8.223785015,5.52,227.58
2022,5,13,18,0.08,0.1,0.37,8.52,11.65,1.17,0.01,0.02,6.37,4.78,5.58,8.97,92.94,0.08,62.09,3.1,5.90132721,4.1,225.39
2022,5,13,19,0,0,0,0,0,0,0,0,5.15,5.09,5.12,9.16,100,0.09,62.12,1.4,2.665115514,2.13,220.83
2022,5,13,20,0,0,0,0,0,0,0,0,4.7,4.88,4.8,9.03,100,0.08,62.15,0.99,1.884617399,1.76,224.1
2022,5,13,21,0,0,0,0,0,0,0,0,4.22,4.4,4.3,8.73,100,0.09,62.17,0.88,1.675215466,1.63,232.03
2022,5,13,22,0,0,0,0,0,0,0,0,3.9,4.31,4.1,8.67,100,0.1,62.17,0.84,1.599069309,1.63,232.2
2022,5,13,23,0,0,0,0,0,0,0,0,3.72,4.32,4.01,8.67,100,0.12,62.15,0.88,1.675215466,1.78,232.13
2022,5,14,0,0,0,0,0,0,0,0,0,3.75,4.22,3.98,8.61,100,0.11,62.12,0.97,1.846544321,1.85,233.76
2022,5,14,1,0,0,0,0,0,0,0,0,3.58,3.94,3.76,8.42,100,0.08,62.09,0.96,1.827507781,1.76,236.03
2022,5,14,2,0,0,0,0,0,0,0,0,3.25,3.57,3.41,8.18,100,0.05,62.06,0.9,1.713288545,1.66,241.02
2022,5,14,3,0,0,0,0,0,0,0,0,2.73,3.03,2.88,7.87,100,0.03,62.05,0.73,1.389667375,1.44,247.74
2022,5,14,4,0,0,0,0,0,0,0,0,2.46,2.67,2.57,7.69,100,0.01,62.06,0.57,1.085082745,1.17,254.11
2022,5,14,5,0.04,0.03,0.13,3.48,3.5,0.48,0,0,2.37,2.36,2.36,7.45,100,0.01,62.08,0.52,0.989900048,0.91,265.56
2022,5,14,6,0.25,0.46,1.05,29.42,52.98,3.84,0.02,0.12,3.81,2.42,3.12,7.51,93.06,0,62.12,0.9,1.713288545,1.12,288.31
2022,5,14,7,0.67,1.28,2.08,82.33,154.23,11.45,0.19,0.9,6.15,2.38,4.26,7.45,78.69,0,62.16,1.51,2.874517447,1.81,277.92
2022,5,14,8,1.3,2.11,3.01,163.15,257.75,22.91,0.55,2.85,8.45,2.45,5.45,7.51,67.38,0,62.21,2.31,4.397440598,2.85,245.54
2022,5,14,9,1.72,2.82,3.78,220.73,346.35,31.55,0.95,5.05,10.27,2.83,6.55,7.69,61.12,0,62.24,3.37,6.415313773,4.21,232.62
2022,5,14,10,2.21,3.35,4.35,285.15,411.08,40.79,1.4,7,11.19,3.43,7.31,8.06,60.12,0,62.25,4.23,8.052456161,5.33,227.91
2022,5,14,11,2.54,3.64,4.67,339.67,447.4,48.66,1.8,9.4,11.53,4.02,7.78,8.36,61.31,0,62.25,4.75,9.042356209,5.98,226.01
2022,5,14,12,2.34,3.78,4.72,323.4,468.42,49.01,1.86,9.8,11.69,4.52,8.1,8.67,62.81,0,62.23,5.07,9.651525469,6.4,224.75
2022,5,14,13,1.74,3.53,4.49,238.95,435.25,36.14,1.31,6.55,11.61,4.98,8.3,8.91,65.06,0,62.21,5.23,9.956110099,6.61,224.04
2022,5,14,14,1.47,3.03,4.01,194.08,372.83,28.53,0.93,4.75,11.35,5.24,8.3,9.09,67.25,0,62.19,5.24,9.975146639,6.64,223.48
2022,5,14,15,1.02,2.34,3.3,133.83,285.77,19.07,0.52,2.65,10.75,5.23,7.98,9.09,69.94,0,62.19,4.9,9.3279043,6.21,222.55
2022,5,14,16,0.49,1.51,2.41,64.2,183.15,9.27,0.18,0.88,9.68,5.09,7.39,9.03,74.5,0,62.2,4.27,8.128602318,5.42,221.67
2022,5,14,17,0.23,0.69,1.41,28,81.83,3.98,0.04,0.2,8.3,5.03,6.67,8.97,81.44,0,62.21,3.48,6.624715707,4.43,220.92
2022,5,14,18,0.08,0.11,0.38,8.55,12.65,1.16,0.01,0.02,6.74,5.09,5.92,8.97,90.81,0.03,62.25,2.53,4.816244465,3.26,219.26
2022,5,14,19,0,0,0,0,0,0,0,0,5.75,5.12,5.44,8.97,97.5,0.01,62.29,1.5,2.855480908,2,217.23
2022,5,14,20,0,0,0,0,0,0,0,0,5.35,4.98,5.16,8.91,99.44,0,62.34,0.73,1.389667375,1.08,223.25
2022,5,14,21,0,0,0,0,0,0,0,0,4.87,4.71,4.8,8.79,100,0,62.37,0.31,0.590132721,0.5,240.26
2022,5,14,22,0,0,0,0,0,0,0,0,4.58,4.4,4.49,8.61,100,0,62.39,0.15,0.285548091,0.27,329.04
2022,5,14,23,0,0,0,0,0,0,0,0,4.16,3.98,4.07,8.3,100,0,62.38,0.27,0.513986563,0.47,0.95
2022,5,15,0,0,0,0,0,0,0,0,0,3.82,3.5,3.66,8.06,99.94,0,62.35,0.35,0.666278879,0.57,356.08
2022,5,15,1,0,0,0,0,0,0,0,0,3.75,3.14,3.44,7.87,97.81,0,62.31,0.43,0.818571194,0.67,351.3
2022,5,15,2,0,0,0,0,0,0,0,0,3.66,2.84,3.25,7.69,96.38,0,62.28,0.47,0.894717351,0.73,352.65
2022,5,15,3,0,0,0,0,0,0,0,0,3.49,2.62,3.05,7.57,96.06,0,62.26,0.5,0.951826969,0.77,356.5
2022,5,15,4,0,0,0,0,0,0,0,0,3.23,2.4,2.82,7.45,96.38,0,62.27,0.52,0.989900048,0.81,9.46
2022,5,15,5,0.04,0.03,0.14,3.35,3.4,0.45,0,0,2.98,2.15,2.57,7.32,96.56,0,62.29,0.58,1.104119284,0.93,24.84
2022,5,15,6,0.27,0.43,1.06,31.65,49.58,4.09,0.02,0.12,4.35,2.38,3.37,7.45,89.25,0.01,62.34,0.82,1.56099623,1.1,35.49
2022,5,15,7,0.76,1.22,2.08,92.98,143.25,12.31,0.2,0.95,7.11,1.9,4.5,7.32,72.62,0.01,62.38,0.44,0.837607733,0.51,107.88
2022,5,15,8,1.08,2.04,3.01,134.25,241.85,18.52,0.45,2.27,9.47,1.9,5.68,7.39,62.12,0,62.41,1.7,3.236211696,2.08,191.06
2022,5,15,9,1.51,2.77,3.79,197.45,331.67,27.65,0.84,4.35,11.15,2.76,6.96,7.75,58.5,0,62.44,2.96,5.634815659,3.66,203.28
2022,5,15,10,1.82,3.32,4.35,237.77,399.05,34.03,1.16,5.85,12.29,3.74,8.01,8.24,57.75,0,62.46,3.84,7.310031125,4.78,209.58
2022,5,15,11,1.75,3.66,4.67,241.38,441.12,35.21,1.31,6.75,12.67,4.57,8.62,8.73,59.31,0.02,62.45,4.45,8.471260027,5.56,213.78
2022,5,15,12,1.39,3.39,4.72,192.5,401.9,25.54,0.93,4.88,12.71,5.2,8.95,9.03,61.56,0.06,62.43,4.99,9.499233154,6.28,217.01
2022,5,15,13,1.29,3.18,4.49,172.02,374.4,22.59,0.78,3.92,12.49,5.63,9.06,9.28,64.06,0.09,62.4,5.38,10.24165819,6.81,219.88
2022,5,15,14,1.15,2.72,4.01,148.3,319.42,19.12,0.6,3.08,12.08,5.81,8.94,9.4,66.5,0.11,62.38,5.58,10.62238898,7.09,222.01
2022,5,15,15,0.83,2.08,3.3,107.1,242.5,13.68,0.36,1.88,11.36,5.67,8.51,9.34,69.12,0.12,62.36,5.58,10.62238898,7.12,224.07
2022,5,15,16,0.63,1.34,2.42,76.48,153.48,9.54,0.18,0.9,10.3,5.33,7.81,9.09,72.44,0.11,62.37,5.25,9.994183178,6.75,225.23
2022,5,15,17,0.35,0.61,1.42,39.42,68.65,4.7,0.05,0.23,8.76,4.98,6.87,8.91,78.38,0.09,62.39,4.59,8.737771579,5.92,225.53
2022,5,15,18,0.08,0.1,0.39,7.95,11.55,1.03,0,0.02,6.79,4.78,5.79,8.79,88.56,0.11,62.42,3.38,6.434350313,4.48,223.59
2022,5,15,19,0,0,0,0,0,0,0,0,5.49,4.62,5.05,8.67,95.94,0.08,62.47,2,3.807307877,2.77,219.97
2022,5,15,20,0,0,0,0,0,0,0,0,4.79,4.25,4.51,8.42,98.31,0.05,62.52,1.24,2.360530884,1.9,218.48
2022,5,15,21,0,0,0,0,0,0,0,0,4.12,3.56,3.83,8.06,98.19,0.03,62.55,0.81,1.54195969,1.39,218.86
2022,5,15,22,0,0,0,0,0,0,0,0,3.3,2.76,3.03,7.63,98.25,0.02,62.55,0.32,0.60916926,0.66,221.63
2022,5,15,23,0,0,0,0,0,0,0,0,2.64,2.14,2.39,7.26,98.56,0.02,62.52,0.1,0.190365394,0.32,209.05
2022,5,16,0,0,0,0,0,0,0,0,0,2.44,1.6,2.02,7.02,96.19,0.02,62.47,0.07,0.133255776,0.27,209.54
2022,5,16,1,0,0,0,0,0,0,0,0,2.38,1.15,1.76,6.77,93.44,0.02,62.42,0.08,0.152292315,0.32,221.99
2022,5,16,2,0,0,0,0,0,0,0,0,2.3,0.93,1.62,6.65,92.5,0.02,62.39,0.13,0.247475012,0.4,221.08
2022,5,16,3,0,0,0,0,0,0,0,0,2.17,0.86,1.51,6.65,93,0.02,62.38,0.19,0.361694248,0.51,207.35
2022,5,16,4,0,0,0,0,0,0,0,0,1.88,0.92,1.4,6.71,95.44,0.01,62.38,0.21,0.399767327,0.52,208.89
2022,5,16,5,0.04,0.04,0.14,3.58,4.33,0.52,0,0,1.62,0.97,1.3,6.71,97.69,0,62.4,0.15,0.285548091,0.38,214.02
2022,5,16,6,0.38,0.56,1.07,44.98,65.62,5.83,0.04,0.17,2.87,0.94,1.9,6.71,89.69,0,62.44,0.51,0.970863509,0.59,237.99
2022,5,16,7,0.9,1.41,2.09,111,170.2,15.53,0.25,1.23,4.72,0.35,2.54,6.47,75.69,0,62.46,1.1,2.094019333,1.32,243.28
2022,5,16,8,1.42,2.25,3.02,181.95,273.33,26.14,0.65,3.3,7.14,-0.44,3.35,6.1,60.62,0,62.47,2.46,4.682988689,2.99,234.69
2022,5,16,9,1.89,2.96,3.79,245.98,360.27,35.8,1.11,5.83,9.09,-0.24,4.42,6.23,53.75,0,62.48,3.43,6.52953301,4.18,230.92
2022,5,16,10,2.27,3.48,4.35,295.73,423.33,43.38,1.52,7.65,10.51,0.55,5.52,6.59,51.81,0,62.48,4.23,8.052456161,5.21,227.13
2022,5,16,11,2.41,3.76,4.67,318.2,457.73,47.52,1.77,9.27,11.36,1.43,6.39,7.02,52.19,0.03,62.47,4.94,9.404050457,6.14,224.43
2022,5,16,12,2.18,3.43,4.72,287.67,413.08,37.95,1.37,7.25,11.48,2.62,7.05,7.57,56,0.13,62.44,5.33,10.14647549,6.64,223
2022,5,16,13,1.96,3.16,4.49,247.52,379.23,33.13,1.12,5.77,11.12,3.51,7.32,8.06,60.62,0.24,62.41,5.42,10.31780435,6.77,222.19
2022,5,16,14,1.58,2.73,4.01,205.38,329.45,26.58,0.83,4.2,10.51,3.87,7.19,8.24,64.69,0.35,62.37,5.4,10.27973127,6.77,222.19
2022,5,16,15,1.04,2.06,3.31,132.65,247.1,16.51,0.42,2.17,9.58,4.04,6.81,8.36,69.69,0.47,62.33,5.23,9.956110099,6.59,223.13
2022,5,16,16,0.65,1.31,2.43,81.6,155.4,10.03,0.18,0.9,8.57,4.05,6.31,8.36,74.88,0.57,62.3,4.88,9.289831221,6.19,224.44
2022,5,16,17,0.41,0.62,1.43,49.95,74.25,6.17,0.05,0.27,7.33,4.2,5.76,8.48,82.44,0.57,62.28,4.38,8.338004252,5.62,225
2022,5,16,18,0.09,0.11,0.39,9.6,12.75,1.18,0,0.02,6.19,4.73,5.45,8.79,92.56,0.29,62.29,3.51,6.681825325,4.63,222.88
2022,5,16,19,0,0,0,0,0,0,0,0,5.58,5.15,5.37,9.09,99.44,0.23,62.31,2.42,4.606842532,3.37,218.7
2022,5,16,20,0,0,0,0,0,0,0,0,5.59,5.37,5.48,9.22,100,0.15,62.34,2.27,4.321294441,3.24,220.02
2022,5,16,21,0,0,0,0,0,0,0,0,5.51,5.43,5.47,9.22,100,0.08,62.37,2.27,4.321294441,3.28,222.49
2022,5,16,22,0,0,0,0,0,0,0,0,5.25,5.27,5.26,9.16,100,0.07,62.38,2.25,4.283221362,3.26,225.48
2022,5,16,23,0,0,0,0,0,0,0,0,4.91,4.93,4.92,8.91,100,0.07,62.38,2.34,4.454550217,3.38,233.55
2022,5,17,0,0,0,0,0,0,0,0,0,4.32,4.26,4.29,8.54,100,0.07,62.37,2.1,3.997673271,3.02,245.69
2022,5,17,1,0,0,0,0,0,0,0,0,3.39,3.26,3.33,8,100,0.03,62.34,1.54,2.931627066,2.28,262.51
2022,5,17,2,0,0,0,0,0,0,0,0,2.47,2.29,2.37,7.45,100,0.01,62.32,1.12,2.132092411,1.8,276.72
2022,5,17,3,0,0,0,0,0,0,0,0,1.51,1.45,1.48,7.02,100,0.01,62.29,0.86,1.637142387,1.62,288
2022,5,17,4,0,0,0,0,0,0,0,0,0.9,0.72,0.8,6.65,100,0.01,62.28,0.85,1.618105848,1.62,299.4
2022,5,17,5,0.04,0.04,0.14,3.4,3.9,0.46,0,0,0.41,-0.25,0.08,6.16,97.5,0.01,62.29,0.91,1.732325084,1.62,313.63
2022,5,17,6,0.46,0.46,1.07,52.4,52.92,6.66,0.04,0.2,2.37,-0.29,1.04,6.23,85.38,0,62.32,1.34,2.550896278,1.85,313.12
2022,5,17,7,1.15,1.22,2.09,134.55,143.48,16.81,0.25,1.23,5.06,-2.09,1.48,5.43,62.12,0,62.35,2.33,4.435513677,2.91,295.74
2022,5,17,8,1.91,2.04,3.02,229.17,244.12,29.79,0.68,3.42,7.55,-4.3,1.63,4.58,44.12,0,62.37,3.45,6.567606089,4.3,271.67
2022,5,17,9,2.52,2.77,3.79,308.83,333.42,41.45,1.23,6.48,9.44,-4.18,2.63,4.7,39.81,0,62.39,4.27,8.128602318,5.34,255.41
2022,5,17,10,2.79,3.28,4.36,342.75,395.25,47.44,1.59,8.23,10.58,-2.48,4.05,5.43,42.31,0,62.39,5.04,9.594415851,6.32,241.76
2022,5,17,11,2.99,3.61,4.67,377.12,433.6,52.3,1.91,10.12,11.02,-0.35,5.33,6.35,48.06,0,62.38,5.75,10.94601015,7.23,233.53
2022,5,17,12,3.07,3.74,4.72,391.55,449.25,55.78,2.07,11.17,10.8,1.53,6.16,7.14,55.12,0,62.36,6.08,11.57421595,7.65,230.8
2022,5,17,13,2.78,3.53,4.5,348.2,424.15,49.13,1.75,9,10.28,2.66,6.48,7.63,60.94,0.01,62.33,5.98,11.38385055,7.52,230.31
2022,5,17,14,2.39,3.07,4.01,298.1,370.6,41.78,1.34,6.83,9.87,2.92,6.4,7.75,63.38,0.04,62.29,5.75,10.94601015,7.21,229.53
2022,5,17,15,1.84,2.42,3.31,227.85,292.33,31.28,0.81,4.17,9.31,2.8,6.05,7.69,65.12,0.07,62.26,5.39,10.26069473,6.76,227.44
2022,5,17,16,1.23,1.63,2.43,148.3,196.6,19.58,0.36,1.77,8.33,2.51,5.42,7.51,68.12,0.08,62.25,4.83,9.194648524,6.05,225.52
2022,5,17,17,0.67,0.81,1.44,78.4,96.92,9.79,0.09,0.45,6.8,2.36,4.58,7.45,74.94,0.09,62.25,4.07,7.747871531,5.12,223.52
2022,5,17,18,0.13,0.13,0.4,13.58,15.73,1.82,0.01,0.02,4.79,2.34,3.57,7.45,86.31,0.07,62.27,3.01,5.729998356,3.88,219.94
2022,5,17,19,0,0,0,0,0,0,0,0,3.31,2.39,2.85,7.51,96.25,0.09,62.3,1.64,3.121992459,2.31,215.09
2022,5,17,20,0,0,0,0,0,0,0,0,2.85,2.08,2.47,7.32,97.19,0.09,62.34,1.16,2.208238569,1.77,217.28
2022,5,17,21,0,0,0,0,0,0,0,0,2.27,1.65,1.96,7.08,98.25,0.08,62.38,0.82,1.56099623,1.38,222.47
2022,5,17,22,0,0,0,0,0,0,0,0,1.96,1.38,1.67,6.96,98.56,0.08,62.39,0.77,1.465813533,1.26,227.77
2022,5,17,23,0,0,0,0,0,0,0,0,1.74,1.15,1.44,6.84,98.56,0.07,62.38,0.73,1.389667375,1.13,232.02
2022,5,18,0,0,0,0,0,0,0,0,0,1.42,0.92,1.17,6.71,99.12,0.05,62.36,0.66,1.2564116,1.03,230.25
2022,5,18,1,0,0,0,0,0,0,0,0,0.74,0.32,0.53,6.41,99.69,0.02,62.35,0.74,1.408703915,1.1,242.17
2022,5,18,2,0,0,0,0,0,0,0,0,-0.02,-0.35,-0.19,6.1,100,0.01,62.33,0.54,1.027973127,0.74,261.53
2022,5,18,3,0,0,0,0,0,0,0,0,-0.78,-1.33,-1.06,5.68,99.06,0.01,62.32,0.42,0.799534654,0.59,293.5
2022,5,18,4,0,0,0,0,0,0,0,0,-1.44,-2.38,-1.91,5.25,96.38,0.01,62.31,0.33,0.6282058,0.59,327.99
2022,5,18,5,0.05,0.04,0.15,3.98,4.23,0.55,0,0,-1.52,-3.5,-2.51,4.76,88.69,0.01,62.33,0.34,0.647242339,0.6,330.44
2022,5,18,6,0.48,0.49,1.08,54.88,56.73,6.85,0.04,0.2,0.46,-3.25,-1.39,4.94,78,0,62.36,0.52,0.989900048,0.66,302.01
2022,5,18,7,1.16,1.25,2.1,135.02,146.4,16.76,0.24,1.2,3.25,-3.88,-0.31,4.7,60.75,0.01,62.39,1.6,3.045846302,1.95,267.94
2022,5,18,8,1.89,2.07,3.02,226.1,245.75,29.5,0.67,3.4,5.68,-4.2,0.74,4.58,49.94,0,62.41,2.44,4.64491561,3.02,249.08
2022,5,18,9,2.5,2.69,3.79,299.92,318.92,39.55,1.12,5.83,7.65,-3.79,1.93,4.7,45.06,0,62.42,3.16,6.015546446,3.9,234.3
2022,5,18,10,3.04,3.26,4.36,369.27,388.95,50.17,1.63,8.5,8.99,-2.88,3.05,5.07,44.25,0,62.42,4.04,7.690761912,4.98,227.54
2022,5,18,11,3.25,3.62,4.67,408.27,435.23,57.05,2,10.77,9.73,-1.7,4.02,5.55,46,0,62.41,4.82,9.175611985,5.98,225.05
2022,5,18,12,2.69,3.73,4.72,349.7,451,50.39,1.82,9.75,9.94,-0.58,4.68,6.04,49.19,0,62.39,5.38,10.24165819,6.71,223.21
2022,5,18,13,2.59,3.49,4.5,326.15,422.5,46.52,1.61,8.38,9.76,0.32,5.04,6.41,52.88,0.01,62.36,5.68,10.81275437,7.1,221.52
2022,5,18,14,2,3,4.02,252.27,362.98,35.43,1.09,5.58,9.19,0.93,5.06,6.65,57.12,0.04,62.34,5.7,10.85082745,7.14,220.65
2022,5,18,15,1.6,2.33,3.31,198.2,280.7,26.95,0.69,3.52,8.39,1.05,4.72,6.71,60.81,0.05,62.32,5.37,10.22262165,6.72,219.72
2022,5,18,16,1,1.54,2.44,121.33,184.25,16.06,0.29,1.42,7.36,0.87,4.12,6.65,64.44,0.05,62.31,4.8,9.137538906,6.02,218.52
2022,5,18,17,0.5,0.73,1.44,57.9,86.62,7.34,0.07,0.33,5.88,0.59,3.23,6.53,70,0.05,62.32,4.1,7.804981149,5.17,216.52
2022,5,18,18,0.11,0.13,0.41,11.65,15.08,1.55,0.01,0.02,3.87,0.58,2.23,6.53,80.88,0.04,62.36,3.08,5.863254131,3.99,212.85
2022,5,18,19,0,0,0,0,0,0,0,0,2.48,0.76,1.62,6.59,90.5,0.04,62.4,1.93,3.674052102,2.57,207.73
2022,5,18,20,0,0,0,0,0,0,0,0,1.71,0.6,1.15,6.53,94.56,0.02,62.44,1.15,2.18920203,1.68,202.74
2022,5,18,21,0,0,0,0,0,0,0,0,1.61,0.37,0.98,6.41,93.75,0.02,62.47,0.85,1.618105848,1.25,202.73
2022,5,18,22,0,0,0,0,0,0,0,0,1.19,-0.12,0.53,6.23,93.12,0.01,62.47,0.51,0.970863509,0.8,205.32
2022,5,18,23,0,0,0,0,0,0,0,0,0.98,-0.33,0.33,6.1,93.06,0.02,62.45,0.29,0.552059642,0.4,204.54
2022,5,19,0,0,0,0,0,0,0,0,0,0.37,-0.76,-0.2,5.92,94,0.02,62.41,0.11,0.209401933,0.09,264.81
2022,5,19,1,0,0,0,0,0,0,0,0,0.15,-1.1,-0.47,5.74,92.94,0.01,62.38,0.34,0.647242339,0.46,353.12
2022,5,19,2,0,0,0,0,0,0,0,0,0.33,-1.04,-0.36,5.8,92.12,0.01,62.36,0.33,0.6282058,0.46,294.84
2022,5,19,3,0,0,0,0,0,0,0,0,0.48,-0.7,-0.11,5.92,93.31,0,62.36,0.5,0.951826969,0.64,253.57
2022,5,19,4,0,0,0,0,0,0,0,0,0.52,-0.45,0.03,6.04,94.81,0,62.35,0.7,1.332557757,0.94,245.99
2022,5,19,5,0.04,0.04,0.15,3.5,4.42,0.5,0,0,0.55,-0.37,0.09,6.04,95.06,0,62.36,0.7,1.332557757,0.93,250.35
2022,5,19,6,0.49,0.51,1.09,55.65,59.6,6.94,0.04,0.2,1.76,-0.27,0.75,6.1,88.12,0,62.37,0.99,1.884617399,1.21,273.34
2022,5,19,7,1.12,1.29,2.1,132.45,152.95,16.8,0.25,1.2,3.85,-0.76,1.55,5.92,73.25,0,62.38,1.65,3.141028999,2,280.56
2022,5,19,8,1.76,2.09,3.03,212.92,250.67,28.23,0.62,3.17,6.32,-1.09,2.62,5.74,60.12,0,62.39,2.19,4.169002126,2.67,263.44
2022,5,19,9,2.39,2.81,3.8,295.5,340.1,40.3,1.15,5.9,8.34,-1,3.67,5.8,52.69,0,62.4,2.82,5.368304107,3.48,243.49
2022,5,19,10,2.76,3.3,4.36,343.67,398.48,47.7,1.55,7.92,9.8,-0.54,4.63,5.98,49.56,0,62.4,3.78,7.195811888,4.71,231.4
2022,5,19,11,2.59,3.58,4.67,333.27,432.75,46.69,1.63,8.6,10.46,0.3,5.38,6.41,50.62,0.01,62.38,4.72,8.985246591,5.92,226.44
2022,5,19,12,1.99,3.35,4.72,260.58,400.48,34.45,1.2,6.27,10.52,1.13,5.83,6.84,53.56,0.03,62.35,5.35,10.18454857,6.73,225.89
2022,5,19,13,1.43,3.25,4.5,193.1,391.55,26.2,0.87,4.35,10.18,1.69,5.93,7.08,56.94,0.04,62.31,5.71,10.86986399,7.22,226.23
2022,5,19,14,1.45,2.8,4.02,191.6,337.15,25.78,0.8,4.02,9.59,2.05,5.82,7.26,60.62,0.05,62.27,5.82,11.07926592,7.38,226.84
2022,5,19,15,1.12,2.16,3.32,145.38,259.85,19.55,0.5,2.58,8.85,2.26,5.55,7.39,64.62,0.05,62.25,5.72,10.88890053,7.28,227.74
2022,5,19,16,0.75,1.37,2.44,90.3,163.52,11.67,0.2,1,7.58,2.47,5.03,7.45,71.31,0.05,62.24,5.27,10.03225626,6.73,228.67
2022,5,19,17,0.48,0.64,1.45,54.75,75.88,6.68,0.05,0.27,6.27,2.58,4.43,7.51,78.5,0.04,62.25,4.53,8.623552342,5.82,229.57
2022,5,19,18,0.1,0.12,0.42,10.73,13.8,1.41,0.01,0.02,4.87,2.61,3.74,7.51,86.69,0.02,62.27,3.46,6.586642628,4.53,229.41
2022,5,19,19,0,0,0,0,0,0,0,0,3.94,2.65,3.3,7.57,92.94,0.01,62.32,2.32,4.416477138,3.13,229.35
2022,5,19,20,0,0,0,0,0,0,0,0,3.54,2.5,3.02,7.45,94.56,0.01,62.37,1.71,3.255248235,2.37,230.75
2022,5,19,21,0,0,0,0,0,0,0,0,3.09,2.32,2.71,7.39,96.38,0.01,62.4,1.23,2.341494345,1.84,228.45
2022,5,19,22,0,0,0,0,0,0,0,0,2.74,2.16,2.45,7.26,97.88,0,62.41,0.83,1.580032769,1.4,224.77
2022,5,19,23,0,0,0,0,0,0,0,0,2.31,1.98,2.15,7.2,99.81,0,62.4,0.57,1.085082745,1.14,226.67
2022,5,20,0,0,0,0,0,0,0,0,0,2.09,1.81,1.95,7.14,100,0,62.36,0.59,1.123155824,1.13,234
2022,5,20,1,0,0,0,0,0,0,0,0,1.94,1.65,1.8,7.08,100,0.01,62.33,0.64,1.218338521,1.14,236.75
2022,5,20,2,0,0,0,0,0,0,0,0,1.79,1.46,1.62,6.96,100,0.03,62.29,0.68,1.294484678,1.17,241.73
2022,5,20,3,0,0,0,0,0,0,0,0,1.62,1.29,1.46,6.9,100,0.04,62.27,0.64,1.218338521,1.15,242.91
2022,5,20,4,0,0,0,0,0,0,0,0,1.52,1.2,1.37,6.9,100,0.02,62.27,0.57,1.085082745,1.07,242.5
2022,5,20,5,0.05,0.04,0.16,4,4.62,0.55,0,0,1.49,1.17,1.33,6.84,100,0,62.28,0.55,1.047009666,0.98,241.39
2022,5,20,6,0.31,0.51,1.09,37.5,60.85,4.91,0.03,0.15,2.83,1.43,2.13,6.96,93,0.01,62.31,1.28,2.436677042,1.58,240.4
2022,5,20,7,0.74,1.31,2.11,95.45,158.9,12.87,0.2,1,4.51,1.45,2.98,7.02,83,0.01,62.33,1.78,3.388504011,2.19,248.84
2022,5,20,8,1.45,2.13,3.03,185.67,259.95,26.09,0.63,3.23,6.34,1.33,3.84,6.96,72.56,0.01,62.34,2.23,4.245148283,2.75,249.35
2022,5,20,9,1.89,2.84,3.8,240.65,346.7,34.54,1.05,5.5,8.39,1.45,4.92,7.02,63.56,0.01,62.35,2.82,5.368304107,3.48,240.73
2022,5,20,10,2.44,3.34,4.36,311.15,407.33,44.27,1.51,7.62,9.96,1.83,5.9,7.2,58.69,0.02,62.33,3.78,7.195811888,4.69,229.52
2022,5,20,11,2.47,3.65,4.67,325.33,445.85,47.18,1.73,9.05,10.51,2.32,6.41,7.45,58.56,0.04,62.3,4.8,9.137538906,6.02,224.37
2022,5,20,12,2.31,3.5,4.72,300.75,425.45,41.8,1.5,8.05,10.54,2.76,6.65,7.69,60.19,0.1,62.27,5.53,10.52720628,6.98,222.42
2022,5,20,13,2.05,3.26,4.5,262.8,395.27,36.2,1.23,6.4,10.24,3.09,6.66,7.81,62.5,0.14,62.22,5.93,11.28866786,7.51,222.05
2022,5,20,14,1.71,2.82,4.02,216.73,342.62,29.5,0.91,4.65,9.65,3.14,6.4,7.87,65.19,0.18,62.18,5.96,11.34577747,7.56,222.07
2022,5,20,15,1.32,2.18,3.32,164.98,263.23,22.09,0.57,2.92,8.75,2.96,5.86,7.75,68.44,0.2,62.14,5.76,10.96504669,7.32,222.01
2022,5,20,16,0.85,1.42,2.45,103.08,170.77,13.29,0.24,1.2,7.6,2.63,5.12,7.63,72.38,0.2,62.12,5.34,10.16551203,6.8,222.86
2022,5,20,17,0.44,0.67,1.46,51.9,80,6.41,0.06,0.3,6.21,2.31,4.26,7.45,77.94,0.18,62.12,4.65,8.851990815,5.96,223.99
2022,5,20,18,0.1,0.12,0.42,10.88,14.67,1.47,0.01,0.02,4.53,2.3,3.41,7.45,87.38,0.74,62.14,3.55,6.757971482,4.64,223.84
2022,5,20,19,0,0,0,0,0,0,0,0,3.39,2.5,2.94,7.51,96.06,0.44,62.17,2.33,4.435513677,3.14,220.55
2022,5,20,20,0,0,0,0,0,0,0,0,3.23,2.43,2.83,7.45,96.62,0.25,62.19,1.93,3.674052102,2.57,221.68
2022,5,20,21,0,0,0,0,0,0,0,0,2.55,2.08,2.32,7.26,98.94,0.1,62.21,1.15,2.18920203,1.75,231.7
2022,5,20,22,0,0,0,0,0,0,0,0,2.45,1.81,2.13,7.14,97.56,0.06,62.21,0.87,1.656178927,1.25,252.13
2022,5,20,23,0,0,0,0,0,0,0,0,2.03,1.61,1.82,7.02,99.06,0.05,62.18,0.56,1.066046206,0.91,278.9
2022,5,21,0,0,0,0,0,0,0,0,0,1.55,1.31,1.43,6.9,100,0.04,62.14,0.59,1.123155824,1.12,292.99
2022,5,21,1,0,0,0,0,0,0,0,0,1.33,1.1,1.22,6.84,100,0.04,62.09,0.65,1.23737506,1.26,292.92
2022,5,21,2,0,0,0,0,0,0,0,0,1.13,0.93,1.03,6.71,100,0.03,62.06,0.71,1.351594296,1.33,291.74
2022,5,21,3,0,0,0,0,0,0,0,0,0.9,0.79,0.84,6.65,100,0.02,62.03,0.72,1.370630836,1.3,291.8
2022,5,21,4,0,0,0,0,0,0,0,0,0.83,0.68,0.75,6.65,100,0.01,62.03,0.72,1.370630836,1.27,298.61
2022,5,21,5,0.05,0.04,0.16,4.17,4.88,0.59,0,0,0.92,0.45,0.69,6.53,99.12,0.01,62.03,0.74,1.408703915,1.27,311.52
2022,5,21,6,0.37,0.51,1.1,43.4,60.95,5.55,0.03,0.17,2.73,0.42,1.58,6.53,87.44,0.04,62.05,1.38,2.627042435,1.79,318.01
2022,5,21,7,0.98,1.29,2.11,120.05,156.17,16.1,0.26,1.25,5.1,0.06,2.58,6.41,72.31,0.06,62.07,1.95,3.71212518,2.41,297.23
2022,5,21,8,1.28,2.09,3.03,160.83,254.27,22.66,0.55,2.8,7.74,-0.37,3.69,6.16,58.12,0.06,62.08,2.65,5.044682938,3.3,266.61
2022,5,21,9,2.05,2.79,3.8,263.55,339.42,36.36,1.1,5.77,9.76,-0.18,4.79,6.23,51.31,0.08,62.09,3.58,6.815081101,4.49,250.27
2022,5,21,10,2.18,3.33,4.36,279.67,405.85,40.3,1.39,6.95,10.93,0.5,5.72,6.59,50.06,0.11,62.09,4.53,8.623552342,5.72,242.35
2022,5,21,11,2.56,3.58,4.67,334.45,434.5,47.54,1.73,9.08,11.3,1.28,6.29,7.02,52,0.14,62.07,5.32,10.12743895,6.74,238.71
2022,5,21,12,2.42,3.47,4.72,311.35,418.23,42.65,1.53,8.2,10.9,1.87,6.39,7.32,55.81,0.23,62.05,5.76,10.96504669,7.31,236.77
2022,5,21,13,2.41,3.27,4.5,300.3,392.7,41.02,1.4,7.27,10.32,2.19,6.25,7.45,58.94,0.35,62.02,6.01,11.44096017,7.64,234.78
2022,5,21,14,2.07,2.82,4.02,255.95,338.75,34.4,1.06,5.42,9.58,2.15,5.87,7.39,61.44,0.31,61.98,6.1,11.61228903,7.78,232.8
2022,5,21,15,1.57,2.21,3.32,192.92,264.9,25.36,0.66,3.38,8.56,1.87,5.22,7.2,64.12,0.21,61.96,5.76,10.96504669,7.34,229.19
2022,5,21,16,0.99,1.47,2.45,119.55,175.42,15.32,0.28,1.4,7.33,1.58,4.45,7.02,68.06,0.18,61.96,5.18,9.860927403,6.6,226.2
2022,5,21,17,0.48,0.71,1.46,55.35,84.6,7.02,0.07,0.33,5.78,1.45,3.62,6.96,74.75,0.18,61.97,4.4,8.37607733,5.61,224.32
2022,5,21,18,0.11,0.13,0.43,12.83,15.95,1.77,0.01,0.02,3.99,1.42,2.71,6.9,84.5,0.15,61.98,3.33,6.339167616,4.33,221.05
2022,5,21,19,0,0,0,0,0,0,0,0,2.6,1.43,2.01,6.96,93.56,0.14,62,2,3.807307877,2.74,217.46
2022,5,21,20,0,0,0,0,0,0,0,0,2.33,1.13,1.73,6.77,93.25,0.07,62.02,1.41,2.684152054,1.89,222.99
2022,5,21,21,0,0,0,0,0,0,0,0,1.51,0.65,1.08,6.53,95.38,0.03,62.03,0.7,1.332557757,1.06,241.73
2022,5,21,22,0,0,0,0,0,0,0,0,1.1,0.42,0.76,6.47,96.75,0.03,62.03,0.43,0.818571194,0.74,257.86
2022,5,21,23,0,0,0,0,0,0,0,0,0.45,-0.02,0.22,6.23,98.31,0.03,61.99,0.36,0.685315418,0.67,269.33
2022,5,22,0,0,0,0,0,0,0,0,0,-0.08,-0.56,-0.32,6.04,98.25,0.04,61.95,0.32,0.60916926,0.6,275.93
2022,5,22,1,0,0,0,0,0,0,0,0,-0.69,-1.16,-0.92,5.8,99.19,0.06,61.92,0.25,0.475913485,0.44,284.53
2022,5,22,2,0,0,0,0,0,0,0,0,-1.22,-1.63,-1.42,5.55,100,0.07,61.88,0.19,0.361694248,0.36,317.64
2022,5,22,3,0,0,0,0,0,0,0,0,-1.6,-2.1,-1.85,5.37,99.94,0.06,61.87,0.27,0.513986563,0.51,332.65
2022,5,22,4,0,0,0,0,0,0,0,0,-1.92,-2.48,-2.2,5.25,99.62,0.05,61.88,0.34,0.647242339,0.57,339.81
2022,5,22,5,0.05,0.04,0.16,3.98,4.52,0.55,0,0,-1.86,-2.76,-2.31,5.13,96.94,0.03,61.9,0.36,0.685315418,0.61,337.38
2022,5,22,6,0.31,0.48,1.1,37.8,53.67,4.87,0.03,0.15,0.51,-2.27,-0.88,5.31,83.56,0.02,61.94,0.8,1.522923151,0.98,287.14
2022,5,22,7,0.28,1.23,2.11,35.33,141.02,4.84,0.07,0.35,3.41,-1.63,0.89,5.62,71.44,0.02,61.99,2.28,4.34033098,2.83,257.57
2022,5,22,8,0.27,2.05,3.03,39.3,240.1,5.84,0.12,0.62,5.4,-1.29,2.06,5.74,63.81,0.01,62.03,3.56,6.777008022,4.45,243.88
2022,5,22,9,0.54,2.74,3.8,80.6,323.67,11.77,0.32,1.67,6.6,-1.02,2.79,5.86,60.06,0.01,62.05,4.26,8.109565779,5.31,236.64
2022,5,22,10,0.61,3.25,4.36,93.9,385.62,13.6,0.41,2.08,7.52,-0.4,3.56,6.16,58.94,0.01,62.04,4.7,8.947173512,5.86,231.71
2022,5,22,11,1.59,3.6,4.67,215.5,430.67,31.3,1.11,5.73,8.22,0.3,4.26,6.47,58.94,0.03,62.02,5.25,9.994183178,6.56,227.27
2022,5,22,12,2.04,3.72,4.72,280.55,448.83,41.21,1.48,7.73,8.48,0.76,4.62,6.65,59.62,0.11,61.98,5.83,11.09830246,7.34,224.27
2022,5,22,13,1.87,3.53,4.5,250.73,427.98,37.16,1.3,6.48,8.49,0.95,4.73,6.71,60.25,0.32,61.93,6.33,12.05012943,8.02,223.26
2022,5,22,14,1.79,3.02,4.02,227.5,363.95,33.51,1.07,5.48,8.12,0.87,4.5,6.71,61.56,0.56,61.89,6.64,12.64026215,8.47,223.35
2022,5,22,15,1.39,2.43,3.33,176.95,294.73,26.13,0.7,3.62,7.09,0.83,3.96,6.71,65.88,0.7,61.87,6.4,12.18338521,8.19,224.3
2022,5,22,16,1.03,1.63,2.46,125.42,195.5,17.12,0.32,1.6,5.88,0.63,3.26,6.65,70.69,0.73,61.87,5.71,10.86986399,7.31,225.74
2022,5,22,17,0.57,0.8,1.47,65.7,94.7,8.24,0.08,0.38,4.44,0.35,2.4,6.53,76.81,0.56,61.89,4.78,9.099465827,6.15,227.32
2022,5,22,18,0.13,0.15,0.44,14.3,17.6,1.95,0.01,0.02,2.73,0.23,1.48,6.47,86.38,0.23,61.92,3.51,6.681825325,4.6,228.44
2022,5,22,19,0,0,0,0,0,0,0,0,1.41,0.48,0.94,6.59,97,0.18,61.97,2.19,4.169002126,2.98,229.25
2022,5,22,20,0,0,0,0,0,0,0,0,1.26,0.23,0.74,6.47,95.69,0.1,62,1.74,3.312357853,2.33,232.78
2022,5,22,21,0,0,0,0,0,0,0,0,0.53,-0.19,0.17,6.23,97.5,0.05,62.02,1.15,2.18920203,1.67,233.93
2022,5,22,22,0,0,0,0,0,0,0,0,0.33,-0.4,-0.03,6.16,97.38,0.03,62.03,0.73,1.389667375,1.08,236.2
2022,5,22,23,0,0,0,0,0,0,0,0,-0.17,-1.08,-0.63,5.86,96.19,0.01,62.01,0.55,1.047009666,0.76,243.17
2022,5,23,0,0,0,0,0,0,0,0,0,-1.06,-2.07,-1.56,5.43,95.94,0.01,61.98,0.29,0.552059642,0.35,263.52
2022,5,23,1,0,0,0,0,0,0,0,0,-1.63,-2.95,-2.28,5.07,94,0.01,61.95,0.24,0.456876945,0.21,252.26
2022,5,23,2,0,0,0,0,0,0,0,0,-1.94,-3.96,-2.95,4.7,89.25,0,61.92,0.23,0.437840406,0.18,250.02
2022,5,23,3,0,0,0,0,0,0,0,0,-2.17,-4.91,-3.54,4.33,84.62,0.01,61.91,0.13,0.247475012,0.08,111.8
2022,5,23,4,0,0,0,0,0,0,0,0,-2.28,-5.6,-3.94,4.09,80.88,0,61.9,0.19,0.361694248,0.32,91.4
2022,5,23,5,0.04,0.04,0.17,3.48,4.88,0.5,0,0,-2.24,-6.08,-4.17,3.97,77.5,0,61.91,0.34,0.647242339,0.55,85.91
2022,5,23,6,0.22,0.52,1.11,27.1,59.9,3.95,0.02,0.12,-0.28,-5.02,-2.66,4.33,72.19,0,61.93,0.54,1.027973127,0.76,97.71
2022,5,23,7,0.65,1.32,2.12,83.08,157.1,11.95,0.19,0.92,2.42,-5.19,-1.38,4.27,58.5,0,61.96,1.06,2.017873175,1.26,156.15
2022,5,23,8,1.11,2.14,3.04,142.3,258.48,20.53,0.49,2.48,4.65,-4.8,-0.08,4.39,51.44,0.01,61.98,2.01,3.826344417,2.47,184.9
2022,5,23,9,1.53,2.87,3.8,198.65,349.38,29.25,0.88,4.55,6.46,-4.25,1.11,4.58,47.31,0.01,62.01,2.96,5.634815659,3.63,196.49
2022,5,23,10,1.79,3.4,4.36,237.62,414.95,35.87,1.22,6.08,7.8,-3.35,2.22,4.94,46.5,0.01,62.02,3.87,7.367140743,4.79,202.97
2022,5,23,11,1.82,3.7,4.67,251.75,451.58,38.41,1.38,7.12,8.64,-2.27,3.19,5.37,47.81,0.02,62.03,4.76,9.061392748,5.92,206.4
2022,5,23,12,1.85,3.54,4.72,253.58,426.15,35.42,1.27,6.58,8.76,-0.86,3.95,5.98,52.62,0.04,62.02,5.3,10.08936588,6.62,207.47
2022,5,23,13,1.75,3.34,4.5,226.65,403.08,32.69,1.13,5.65,8.45,0.25,4.35,6.47,58.06,0.08,62.01,5.44,10.35587743,6.79,207.86
2022,5,23,14,1.55,2.9,4.03,199.42,350.2,28.14,0.88,4.48,8,0.81,4.4,6.71,62,0.22,61.98,5.52,10.50816974,6.91,208.88
2022,5,23,15,1.12,2.23,3.33,139.45,266.73,19.41,0.51,2.6,7.24,0.9,4.07,6.71,65.5,0.31,61.98,5.32,10.12743895,6.68,209.8
2022,5,23,16,0.73,1.47,2.46,89.42,175.4,11.95,0.23,1.12,6.23,0.8,3.52,6.65,69.81,0.35,61.99,4.87,9.270794682,6.14,210.61
2022,5,23,17,0.32,0.72,1.48,37.08,84.8,4.89,0.05,0.25,4.84,0.65,2.75,6.59,76.06,0.36,62.02,4.22,8.033419621,5.36,211.16
2022,5,23,18,0.1,0.14,0.45,11.2,16.42,1.58,0.01,0.02,2.97,0.74,1.86,6.65,87.75,0.17,62.06,3.17,6.034582986,4.13,211.37
2022,5,23,19,0,0,0,0,0,0,0,0,1.74,1.01,1.37,6.84,97.94,0.16,62.11,1.94,3.693088641,2.65,212.01
2022,5,23,20,0,0,0,0,0,0,0,0,1.45,0.85,1.15,6.71,98.56,0.11,62.16,1.41,2.684152054,1.99,214.44
2022,5,23,21,0,0,0,0,0,0,0,0,1.14,0.63,0.88,6.59,99.25,0.06,62.2,1.08,2.055946254,1.63,216.59
2022,5,23,22,0,0,0,0,0,0,0,0,0.93,0.44,0.69,6.53,99.5,0.03,62.21,0.75,1.427740454,1.18,220.44
2022,5,23,23,0,0,0,0,0,0,0,0,0.64,0.23,0.44,6.41,100,0.02,62.19,0.39,0.742425036,0.69,231.44
2022,5,24,0,0,0,0,0,0,0,0,0,0.29,-0.17,0.06,6.23,99.56,0.01,62.17,0.17,0.32362117,0.27,273.27
2022,5,24,1,0,0,0,0,0,0,0,0,-0.02,-0.92,-0.47,5.92,96.19,0,62.15,0.19,0.361694248,0.37,21.12
2022,5,24,2,0,0,0,0,0,0,0,0,-0.38,-1.84,-1.11,5.49,92.31,0,62.12,0.39,0.742425036,0.63,50.56
2022,5,24,3,0,0,0,0,0,0,0,0,-0.34,-2.39,-1.37,5.25,88.12,0,62.12,0.46,0.875680812,0.66,70.07
2022,5,24,4,0,0,0,0,0,0,0,0,-0.51,-2.84,-1.67,5.07,86.38,0,62.15,0.53,1.008936588,0.8,76.37
2022,5,24,5,0.05,0.05,0.17,4.3,5.3,0.61,0,0,-0.8,-3.21,-2.01,4.94,85.88,0,62.18,0.71,1.351594296,1.07,79.51
2022,5,24,6,0.36,0.54,1.11,43.55,65.33,5.8,0.04,0.17,1.33,-2.59,-0.63,5.25,77.38,0,62.23,0.91,1.732325084,1.15,122.5
2022,5,24,7,0.72,1.33,2.12,93.15,162.08,13.16,0.22,1.05,3.9,-2.34,0.78,5.37,66.44,0,62.29,2.02,3.845380956,2.5,187.19
2022,5,24,8,1.08,2.12,3.04,142.65,260.3,20.7,0.49,2.5,5.81,-1.61,2.1,5.68,61.25,0,62.34,3.04,5.787107974,3.76,196.78
2022,5,24,9,1.54,2.82,3.8,203.8,347.2,30.19,0.91,4.7,7.4,-0.88,3.26,5.92,57.56,0,62.37,3.71,7.062556113,4.56,197.04
2022,5,24,10,1.87,3.34,4.36,248.17,411.08,37.03,1.26,6.3,8.6,0.08,4.34,6.35,56.75,0,62.38,4.31,8.204748476,5.31,198.54
2022,5,24,11,1.98,3.67,4.67,275.1,451.75,41.16,1.5,7.73,9.44,1.01,5.22,6.77,57.19,0.01,62.36,4.81,9.156575445,5.96,202.02
2022,5,24,12,1.96,3.65,4.72,262.83,448.73,39.15,1.45,7.6,9.94,1.72,5.83,7.08,58,0.01,62.35,5.23,9.956110099,6.51,205.67
2022,5,24,13,1.63,3.45,4.5,224.5,423.1,33.05,1.16,5.77,9.88,2.08,5.98,7.26,59.62,0.01,62.33,5.53,10.52720628,6.92,208.68
2022,5,24,14,1.42,3,4.03,193.62,367.73,28.4,0.9,4.58,9.4,2.3,5.85,7.39,62.56,0.01,62.3,5.51,10.4891332,6.95,211.38
2022,5,24,15,1.14,2.35,3.34,145.95,286.92,21.44,0.59,3.05,8.62,2.43,5.52,7.45,66.56,0.01,62.29,5.22,9.93707356,6.57,213.22
2022,5,24,16,0.58,1.55,2.47,76.1,188.48,11.09,0.21,1.05,7.51,2.44,4.98,7.51,71.88,0.01,62.29,4.65,8.851990815,5.88,214.83
2022,5,24,17,0.44,0.75,1.49,51.67,89.62,6.78,0.07,0.33,6.32,2.37,4.34,7.45,77.5,0.01,62.31,3.95,7.519433058,5.01,216.37
2022,5,24,18,0.12,0.15,0.46,13.58,17.2,1.83,0.01,0.02,4.73,2.46,3.59,7.51,87.12,0.11,62.34,2.95,5.615779119,3.81,218.26
2022,5,24,19,0,0,0,0,0,0,0,0,3.49,2.48,2.98,7.51,95.19,0.12,62.37,1.87,3.559832865,2.51,219.94
2022,5,24,20,0,0,0,0,0,0,0,0,3,2.25,2.62,7.39,97.12,0.1,62.42,1.32,2.512823199,1.82,223.26
2022,5,24,21,0,0,0,0,0,0,0,0,2.49,1.93,2.21,7.2,98.5,0.07,62.45,0.95,1.808471242,1.39,225.45
2022,5,24,22,0,0,0,0,0,0,0,0,2.18,1.48,1.83,6.96,97.62,0.04,62.47,0.82,1.56099623,1.16,217.64
2022,5,24,23,0,0,0,0,0,0,0,0,1.97,1.08,1.53,6.77,96.38,0.03,62.45,0.81,1.54195969,1.1,208.74
2022,5,25,0,0,0,0,0,0,0,0,0,1.85,0.83,1.34,6.65,95.5,0.01,62.43,0.81,1.54195969,1.13,209.94
2022,5,25,1,0,0,0,0,0,0,0,0,1.67,0.58,1.12,6.53,94.88,0,62.41,0.77,1.465813533,1.09,208.77
2022,5,25,2,0,0,0,0,0,0,0,0,1.52,0.37,0.94,6.47,94.31,0,62.38,0.77,1.465813533,1.04,205.22
2022,5,25,3,0,0,0,0,0,0,0,0,1.36,0.18,0.76,6.35,93.94,0,62.36,0.61,1.161228903,0.84,185.34
2022,5,25,4,0,0,0,0,0,0,0,0,1.19,-0.03,0.58,6.23,93.38,0,62.36,0.51,0.970863509,0.74,157.75
2022,5,25,5,0.05,0.04,0.17,3.92,5.05,0.55,0,0,1.07,-0.3,0.39,6.1,92.19,0,62.37,0.56,1.066046206,0.84,144.83
2022,5,25,6,0.23,0.49,1.12,27.52,57.7,3.74,0.02,0.12,2.86,0.14,1.5,6.29,83.94,0,62.4,1.29,2.455713581,1.64,161.13
2022,5,25,7,0.58,1.26,2.12,74.42,150.27,10.77,0.18,0.88,5,0.26,2.63,6.41,73.06,0.01,62.42,2.65,5.044682938,3.3,174.69
2022,5,25,8,1,2.07,3.04,131.9,249.5,19.16,0.48,2.42,6.86,0.15,3.51,6.35,64,0.02,62.43,3.66,6.967373416,4.55,183.84
2022,5,25,9,1.37,2.77,3.8,184.12,336.15,26.84,0.8,4.2,8.26,0.37,4.32,6.47,59.12,0.06,62.44,4.58,8.718735039,5.69,190.68
2022,5,25,10,1.45,3.29,4.36,197.42,398.88,28.62,0.97,4.85,8.88,1.1,4.99,6.84,59.81,0.16,62.43,5.25,9.994183178,6.54,195.8
2022,5,25,11,1.79,3.53,4.67,247.73,426.98,35.31,1.28,6.65,9.08,1.88,5.48,7.2,62.31,0.34,62.41,5.72,10.88890053,7.17,199.01
2022,5,25,12,1.19,3.22,4.72,162.15,381.5,21.67,0.75,3.95,9.08,2.31,5.7,7.45,64.19,0.5,62.37,6.09,11.59325249,7.69,201.71
2022,5,25,13,0.65,3.05,4.5,96.92,360.4,12.98,0.41,2.1,8.88,2.58,5.73,7.57,66.31,0.69,62.33,6.28,11.95494674,7.97,203.7
2022,5,25,14,0.23,2.63,4.03,35.52,309.92,4.21,0.11,0.55,8.44,2.73,5.58,7.63,69,0.84,62.28,6.18,11.76458134,7.84,205.11
2022,5,25,15,0.29,2.05,3.34,42.75,241.3,5.65,0.13,0.7,7.85,2.62,5.23,7.57,71.25,0.74,62.27,5.85,11.13637554,7.45,205.46
2022,5,25,16,0.5,1.35,2.47,64.98,158.62,8.81,0.17,0.88,7.05,2.32,4.69,7.45,73.75,0.64,62.27,5.26,10.01321972,6.71,204.63
2022,5,25,17,0.33,0.65,1.49,39.58,75.48,5.07,0.05,0.27,5.84,1.97,3.9,7.26,78.44,0.56,62.28,4.31,8.204748476,5.51,202.78
2022,5,25,18,0.08,0.13,0.46,9.5,15.33,1.23,0.01,0.02,4.25,1.98,3.12,7.32,88.19,0.37,62.3,3.06,5.825181052,4.02,201.68
2022,5,25,19,0,0,0,0,0,0,0,0,2.98,2.32,2.65,7.51,98.5,0.43,62.33,1.71,3.255248235,2.36,202.58
2022,5,25,20,0,0,0,0,0,0,0,0,2.82,2.46,2.64,7.57,100,0.42,62.37,1.32,2.512823199,1.89,202.64
2022,5,25,21,0,0,0,0,0,0,0,0,2.54,2.4,2.47,7.51,100,0.38,62.39,1,1.903653939,1.55,204.11
2022,5,25,22,0,0,0,0,0,0,0,0,2.18,2.22,2.19,7.45,100,0.34,62.38,0.87,1.656178927,1.45,204.9
2022,5,25,23,0,0,0,0,0,0,0,0,1.88,2,1.94,7.39,100,0.3,62.34,0.8,1.522923151,1.36,208.03
2022,5,26,0,0,0,0,0,0,0,0,0,1.64,1.83,1.73,7.26,100,0.29,62.29,0.76,1.446776993,1.34,212.57
2022,5,26,1,0,0,0,0,0,0,0,0,1.51,1.68,1.59,7.2,100,0.24,62.24,0.76,1.446776993,1.34,214.53
2022,5,26,2,0,0,0,0,0,0,0,0,1.4,1.53,1.47,7.14,100,0.19,62.19,0.73,1.389667375,1.28,215.05
2022,5,26,3,0,0,0,0,0,0,0,0,1.23,1.33,1.28,7.02,100,0.15,62.16,0.67,1.275448139,1.21,212.36
2022,5,26,4,0,0,0,0,0,0,0,0,1.17,1.18,1.18,6.9,100,0.12,62.15,0.62,1.180265442,1.1,213.13
2022,5,26,5,0.05,0.05,0.18,3.92,5.1,0.56,0,0,1.19,1,1.09,6.77,100,0.06,62.16,0.61,1.161228903,1.02,213.08
2022,5,26,6,0.45,0.51,1.12,53.73,59.77,7.03,0.04,0.2,2.28,0.88,1.58,6.77,93.44,0.03,62.18,1.34,2.550896278,1.7,204.2
2022,5,26,7,1.01,1.26,2.13,120.75,149.33,15.52,0.23,1.1,3.59,0.65,2.12,6.65,83.94,0.04,62.21,2.1,3.997673271,2.61,196.32
2022,5,26,8,1.9,2.06,3.04,227.77,245.85,29.73,0.65,3.23,4.69,0.57,2.63,6.59,77.25,0.05,62.23,2.79,5.311194489,3.44,193.66
2022,5,26,9,2.34,2.8,3.8,287.48,338.55,39.57,1.1,5.62,6.3,0.65,3.48,6.65,69.62,0.05,62.24,3.53,6.719898404,4.36,194.43
2022,5,26,10,2.22,3.33,4.36,282.9,402.4,40.43,1.32,6.62,7.78,0.84,4.31,6.77,63.81,0.07,62.24,4.24,8.0714927,5.26,196.47
2022,5,26,11,2.54,3.63,4.67,331.17,438.27,46.86,1.62,8.45,8.55,1.16,4.86,6.96,62,0.14,62.21,4.8,9.137538906,6,198.84
2022,5,26,12,2.12,3.66,4.72,282.67,441.9,40.38,1.42,7.42,8.8,1.51,5.15,7.08,62.44,0.3,62.16,5.15,9.803817784,6.45,201.53
2022,5,26,13,1.69,3.45,4.5,220.67,414.33,31.59,1.05,5.27,8.8,1.88,5.34,7.26,63.94,0.45,62.11,5.32,10.12743895,6.71,203.91
2022,5,26,14,1.57,3.01,4.03,204.38,361.6,29.32,0.9,4.55,8.51,2.09,5.3,7.39,66,0.55,62.06,5.35,10.18454857,6.76,206.42
2022,5,26,15,1.25,2.33,3.34,159.27,277.42,22.42,0.57,2.92,7.43,2.4,4.92,7.51,72.31,0.59,62.04,5.12,9.746708166,6.5,210.48
2022,5,26,16,0.84,1.52,2.48,101.7,176.85,13.45,0.24,1.2,6.52,2.52,4.52,7.57,77.31,0.61,62.04,4.79,9.118502366,6.14,213.89
2022,5,26,17,0.44,0.74,1.5,50.85,83.92,6.45,0.06,0.3,5.37,2.45,3.91,7.51,83.12,0.54,62.05,4.18,7.957273464,5.38,217.15
2022,5,26,18,0.12,0.15,0.47,13.6,16.9,1.85,0.01,0.02,4.01,2.27,3.14,7.39,90.12,0.37,62.08,3.22,6.129765683,4.23,219.16
2022,5,26,19,0,0,0,0,0,0,0,0,2.92,2.19,2.55,7.32,97,0.34,62.13,2.1,3.997673271,2.87,218.93
2022,5,26,20,0,0,0,0,0,0,0,0,2.58,1.99,2.29,7.26,97.94,0.28,62.17,1.8,3.42657709,2.45,220.09
2022,5,26,21,0,0,0,0,0,0,0,0,2.25,1.76,2.01,7.08,98.5,0.22,62.2,1.36,2.588969357,1.89,221.48
2022,5,26,22,0,0,0,0,0,0,0,0,2.11,1.56,1.83,7.02,98.06,0.19,62.19,1.22,2.322457805,1.66,225.57
2022,5,26,23,0,0,0,0,0,0,0,0,1.69,1.33,1.51,6.9,99.5,0.17,62.16,0.85,1.618105848,1.24,231.12
2022,5,27,0,0,0,0,0,0,0,0,0,1.51,1.11,1.3,6.77,99.19,0.14,62.11,0.72,1.370630836,1.04,245.56
2022,5,27,1,0,0,0,0,0,0,0,0,1.15,0.87,1.01,6.65,99.94,0.1,62.06,0.52,0.989900048,0.85,266.82
2022,5,27,2,0,0,0,0,0,0,0,0,0.99,0.56,0.77,6.53,98.94,0.06,62.01,0.41,0.780498115,0.69,289.05
2022,5,27,3,0,0,0,0,0,0,0,0,0.96,0.28,0.62,6.41,97,0.03,61.98,0.34,0.647242339,0.59,311.26
2022,5,27,4,0,0,0,0,0,0,0,0,1.09,0.02,0.55,6.29,94.19,0.01,61.96,0.28,0.533023103,0.52,317.44
2022,5,27,5,0.05,0.04,0.18,4.2,4.55,0.58,0,0,1.24,-0.03,0.6,6.23,92.69,0.01,61.98,0.26,0.494950024,0.39,309.37
2022,5,27,6,0.46,0.45,1.12,50.42,51.05,6.45,0.04,0.17,2.55,0.6,1.58,6.53,88.69,0,62.02,0.47,0.894717351,0.58,280.1
2022,5,27,7,1.11,1.16,2.13,126.42,132.62,15.53,0.22,1.1,4.44,0.94,2.69,6.71,79.56,0,62.06,0.97,1.846544321,1.2,249.1
2022,5,27,8,1.77,1.92,3.04,208.08,225.3,26.47,0.58,2.9,6.41,1.15,3.78,6.84,70.5,0,62.09,1.54,2.931627066,1.96,222.09
2022,5,27,9,2.29,2.61,3.8,275.83,309.55,36.45,1.02,5.23,8.03,1.19,4.61,6.84,63.44,0,62.11,2.47,4.702025229,3.16,214.12
2022,5,27,10,2.49,3.14,4.36,305.48,374.12,41.64,1.34,6.92,8.92,1.51,5.22,7.02,61.12,0.01,62.12,3.43,6.52953301,4.35,215.06
2022,5,27,11,2.45,3.36,4.67,310.42,399.08,42.03,1.45,7.65,9.12,1.94,5.53,7.2,62,0.01,62.11,4.08,7.76690807,5.17,216.45
2022,5,27,12,2.45,3.77,4.72,324.02,460.33,48.33,1.77,9.42,9.12,2.23,5.68,7.32,63.12,0.02,62.1,4.49,8.547406185,5.67,218.62
2022,5,27,13,2.06,3.54,4.51,271.12,430.62,40.41,1.41,7.17,9.07,2.4,5.73,7.45,64,0.03,62.07,4.79,9.118502366,6.04,220.33
2022,5,27,14,1.74,3.1,4.04,224.77,376.85,33.74,1.09,5.5,8.54,2.47,5.5,7.45,66.62,0.03,62.04,4.95,9.423086997,6.25,221.46
2022,5,27,15,1.39,2.45,3.35,177.9,296.58,26.3,0.7,3.62,7.8,2.44,5.12,7.45,69.81,0.03,62.02,4.92,9.365977378,6.22,222.3
2022,5,27,16,0.88,1.67,2.48,110.52,200.77,15.97,0.3,1.52,6.95,2.4,4.68,7.45,73.81,0.03,62.01,4.6,8.756808118,5.84,222.78
2022,5,27,17,0.4,0.86,1.51,49,101.33,6.98,0.07,0.35,5.87,2.4,4.13,7.45,79.5,0.02,62.02,4.08,7.76690807,5.2,222.08
2022,5,27,18,0.13,0.17,0.48,14.73,19.77,2.07,0.01,0.02,4.48,2.43,3.45,7.45,87.81,0.04,62.04,3.29,6.263021458,4.27,219.87
2022,5,27,19,0,0,0,0,0,0,0,0,3.41,2.35,2.88,7.39,94.31,0.03,62.06,2.33,4.435513677,3.1,217.22
2022,5,27,20,0,0,0,0,0,0,0,0,3.01,2.13,2.57,7.32,95.62,0.02,62.09,1.7,3.236211696,2.28,219.15
2022,5,27,21,0,0,0,0,0,0,0,0,2.74,1.97,2.35,7.2,96.38,0.01,62.11,1.19,2.265348187,1.62,224.41
2022,5,27,22,0,0,0,0,0,0,0,0,2.48,1.82,2.15,7.14,97.38,0.01,62.1,0.8,1.522923151,1.14,231.1
2022,5,27,23,0,0,0,0,0,0,0,0,2.14,1.71,1.92,7.08,99.06,0.01,62.08,0.61,1.161228903,1,241.03
2022,5,28,0,0,0,0,0,0,0,0,0,1.75,1.58,1.66,7.08,100,0.03,62.04,0.53,1.008936588,1.01,251.57
2022,5,28,1,0,0,0,0,0,0,0,0,1.53,1.43,1.48,6.96,100,0.04,62,0.52,0.989900048,0.97,258.87
2022,5,28,2,0,0,0,0,0,0,0,0,1.47,1.26,1.37,6.9,100,0.03,61.96,0.42,0.799534654,0.77,271.16
2022,5,28,3,0,0,0,0,0,0,0,0,1.38,1.05,1.21,6.77,99.81,0.02,61.94,0.27,0.513986563,0.53,302.99
2022,5,28,4,0,0,0,0,0,0,0,0,1.21,0.77,0.99,6.65,99,0,61.93,0.29,0.552059642,0.53,343.71
2022,5,28,5,0.05,0.04,0.18,3.92,4.7,0.53,0,0,1.19,0.48,0.84,6.47,96.75,0,61.95,0.35,0.666278879,0.58,1.55
2022,5,28,6,0.26,0.42,1.13,31.48,50.08,4.16,0.03,0.12,3.12,0.98,2.05,6.77,87.69,0,62,0.54,1.027973127,0.66,336.45
2022,5,28,7,0.62,1.11,2.13,79.77,133.92,10.58,0.16,0.83,5.97,1.58,3.77,7.02,74.94,0.01,62.05,0.97,1.846544321,1.18,268.1
2022,5,28,8,1.04,1.85,3.04,138.25,227.45,18.59,0.45,2.25,8.21,1.79,5,7.2,65.5,0.01,62.08,1.53,2.912590526,1.91,232.47
2022,5,28,9,1.56,2.46,3.8,202.05,303.55,26.58,0.75,3.88,9.95,1.99,5.98,7.32,59.38,0.01,62.1,2.25,4.283221362,2.84,219.42
2022,5,28,10,1.11,3.1,4.36,157.75,382.33,22.62,0.77,3.85,11.35,2.37,6.86,7.57,55.94,0.02,62.11,3.16,6.015546446,3.97,214
2022,5,28,11,1.28,3.43,4.67,182.85,418.67,26.25,0.97,5.05,11.88,3.03,7.46,7.93,56.56,0.04,62.1,3.9,7.424250361,4.9,213.69
2022,5,28,12,1.39,3.21,4.72,188.83,384.7,24.96,0.88,4.65,11.65,3.54,7.6,8.18,59.31,0.05,62.08,4.3,8.185711936,5.4,215.94
2022,5,28,13,1.2,2.93,4.51,155.83,347.05,20.48,0.7,3.5,11.27,3.9,7.58,8.36,62.25,0.08,62.05,4.56,8.680661961,5.75,218.6
2022,5,28,14,1.26,2.5,4.04,156.4,295.3,20.24,0.62,3.17,10.62,4.15,7.38,8.48,65.75,0.09,62.03,4.71,8.966210051,5.95,219.29
2022,5,28,15,0.97,1.9,3.35,120.42,222.45,15.12,0.39,2.02,9.81,4.29,7.05,8.54,69.88,0.09,62.02,4.53,8.623552342,5.72,219.85
2022,5,28,16,0.57,1.19,2.49,68.9,138.45,8.42,0.16,0.77,8.74,4.21,6.48,8.48,74.5,0.07,62.03,4.12,7.843054228,5.22,220.57
2022,5,28,17,0.26,0.53,1.51,29.1,60.9,3.51,0.03,0.17,7.44,4.14,5.79,8.42,80.94,0.06,62.05,3.48,6.624715707,4.43,220.85
2022,5,28,18,0.08,0.11,0.49,9.17,12.9,1.14,0,0.02,6.16,4.09,5.13,8.36,88.06,0.03,62.07,2.7,5.139865635,3.49,219.18
2022,5,28,19,0,0,0,0,0,0,0,0,5.16,4.13,4.65,8.42,94.56,0.02,62.1,1.9,3.616942484,2.53,215.31
2022,5,28,20,0,0,0,0,0,0,0,0,4.73,4.03,4.37,8.36,96.75,0.01,62.14,1.38,2.627042435,1.85,211.67
2022,5,28,21,0,0,0,0,0,0,0,0,4.32,3.89,4.1,8.24,98.62,0.01,62.17,0.93,1.770398163,1.32,209.91
2022,5,28,22,0,0,0,0,0,0,0,0,3.77,3.63,3.7,8.12,100,0,62.18,0.53,1.008936588,0.93,211.95
2022,5,28,23,0,0,0,0,0,0,0,0,3.31,3.37,3.34,8,100,0,62.17,0.46,0.875680812,0.87,211.84
2022,5,29,0,0,0,0,0,0,0,0,0,2.97,3.12,3.04,7.87,100,0,62.14,0.43,0.818571194,0.8,213.38
2022,5,29,1,0,0,0,0,0,0,0,0,2.71,2.87,2.8,7.69,100,0,62.11,0.42,0.799534654,0.7,217.76
2022,5,29,2,0,0,0,0,0,0,0,0,2.52,2.64,2.58,7.57,100,0,62.09,0.36,0.685315418,0.55,224.42
2022,5,29,3,0,0,0,0,0,0,0,0,2.37,2.41,2.4,7.45,100,0,62.07,0.26,0.494950024,0.35,242.3
2022,5,29,4,0,0,0,0,0,0,0,0,2.3,2.19,2.24,7.32,100,0,62.07,0.14,0.266511551,0.21,289.09
2022,5,29,5,0.05,0.04,0.18,4.02,4.17,0.51,0,0,2.33,2.01,2.18,7.26,99.69,0,62.1,0.15,0.285548091,0.28,337.01
2022,5,29,6,0.28,0.37,1.13,32.15,43.7,3.91,0.02,0.12,3.88,2.24,3.06,7.39,90.81,0,62.15,0.46,0.875680812,0.56,321.84
2022,5,29,7,0.67,0.97,2.13,79.02,113.35,9.47,0.14,0.7,6.48,2.4,4.44,7.45,76.62,0,62.18,1.29,2.455713581,1.55,248.36
2022,5,29,8,1.1,1.71,3.04,135.58,203.25,17.05,0.39,2,8.73,2.74,5.73,7.63,67.38,0,62.21,2.58,4.911427162,3.18,225.99
2022,5,29,9,1.51,2.38,3.8,190.88,286.67,24.41,0.71,3.67,10.57,3.32,6.94,7.93,62.06,0,62.22,3.55,6.757971482,4.41,220.55
2022,5,29,10,1.72,2.88,4.36,217.52,347.92,28.56,0.93,4.7,11.7,3.87,7.79,8.3,59.88,0,62.23,4.31,8.204748476,5.4,219.07
2022,5,29,11,1.94,3.21,4.67,254.67,390.48,33.57,1.17,6.12,12.23,4.4,8.32,8.61,60,0,62.22,4.9,9.3279043,6.16,218.41
2022,5,29,12,1.9,3.45,4.72,257.3,426.02,36.34,1.31,6.92,12.16,4.87,8.51,8.85,62.19,0,62.2,5.21,9.918037021,6.57,218.97
2022,5,29,13,1.7,3.27,4.51,228.85,404.1,31.97,1.11,5.58,11.9,5.2,8.55,9.03,64.56,0,62.18,5.34,10.16551203,6.74,219.54
2022,5,29,14,1.13,2.79,4.04,154.4,343.8,21.43,0.67,3.38,11.48,5.27,8.37,9.09,66.62,0,62.16,5.32,10.12743895,6.73,220.38
2022,5,29,15,0.85,2.19,3.35,116,269.42,15.99,0.41,2.15,10.83,5.15,7.98,8.97,68.94,0,62.16,5.05,9.613452391,6.39,220.88
2022,5,29,16,0.55,1.44,2.49,71.98,176.6,9.76,0.19,0.92,9.98,4.94,7.46,8.91,72,0,62.15,4.61,8.775844657,5.85,221.7
2022,5,29,17,0.28,0.7,1.52,35,84.23,4.57,0.05,0.23,8.73,4.67,6.69,8.73,77,0,62.16,4,7.614615755,5.11,222.15
2022,5,29,18,0.1,0.14,0.5,12.15,17.27,1.63,0.01,0.02,7.06,4.56,5.81,8.67,85.69,0,62.19,3.11,5.920363749,4.07,220.48
2022,5,29,19,0,0,0,0,0,0,0,0,5.64,4.72,5.18,8.73,95.5,0,62.22,1.82,3.464650168,2.49,216.98
2022,5,29,20,0,0,0,0,0,0,0,0,5.22,4.65,4.94,8.73,98,0,62.26,1.47,2.79837129,2.01,216.96
2022,5,29,21,0,0,0,0,0,0,0,0,4.69,4.46,4.57,8.61,100,0,62.29,0.85,1.618105848,1.37,216.67
2022,5,29,22,0,0,0,0,0,0,0,0,4.16,4.23,4.2,8.48,100,0,62.29,0.69,1.313521218,1.28,215.82
2022,5,29,23,0,0,0,0,0,0,0,0,3.68,4,3.83,8.36,100,0,62.28,0.63,1.199301981,1.26,218.72
2022,5,30,0,0,0,0,0,0,0,0,0,3.3,3.74,3.51,8.24,100,0,62.24,0.63,1.199301981,1.24,225.51
2022,5,30,1,0,0,0,0,0,0,0,0,2.99,3.48,3.23,8.12,100,0,62.21,0.64,1.218338521,1.17,235.57
2022,5,30,2,0,0,0,0,0,0,0,0,2.81,3.22,3.01,7.93,100,0,62.19,0.61,1.161228903,1.02,248.52
2022,5,30,3,0,0,0,0,0,0,0,0,2.83,3.04,2.93,7.87,100,0,62.17,0.54,1.027973127,0.83,261.34
2022,5,30,4,0,0,0,0,0,0,0,0,2.83,2.86,2.84,7.75,100,0,62.19,0.41,0.780498115,0.59,276.84
2022,5,30,5,0.04,0.05,0.19,3.48,5.35,0.48,0,0,2.95,2.67,2.81,7.63,100,0,62.22,0.35,0.666278879,0.49,324.04
2022,5,30,6,0.32,0.5,1.13,38.02,59.38,4.81,0.03,0.15,4.51,2.65,3.58,7.63,90.19,0,62.26,0.49,0.93279043,0.61,340.64
2022,5,30,7,0.77,1.26,2.13,98.4,153.35,13.49,0.2,1,7.25,2.13,4.69,7.39,71.94,0,62.29,1.04,1.979800096,1.28,235.73
2022,5,30,8,1.41,2.06,3.04,178.55,252,24.35,0.55,2.77,9.59,1.86,5.73,7.26,60.88,0,62.32,2.65,5.044682938,3.29,215.54
2022,5,30,9,1.56,2.77,3.8,207.23,339.5,29.44,0.85,4.4,11.19,2.51,6.85,7.69,57.56,0,62.34,3.74,7.119665731,4.67,215.47
2022,5,30,10,1.79,3.31,4.36,237.92,406.38,34.25,1.12,5.55,12.08,3.23,7.66,8.12,57.31,0,62.34,4.41,8.39511387,5.53,218.05
2022,5,30,11,1.96,3.6,4.67,271.02,441.77,38.99,1.38,7.05,12.59,3.89,8.24,8.48,58.06,0.01,62.32,4.84,9.213685063,6.07,220.41
2022,5,30,12,1.91,3.74,4.72,264.08,463.95,40.07,1.43,7.4,12.65,4.51,8.58,8.85,60.12,0.03,62.3,5.13,9.765744706,6.45,222.5
2022,5,30,13,1.56,3.5,4.51,214.1,434.42,31.97,1.08,5.38,12.62,5.07,8.84,9.09,62.12,0.05,62.27,5.3,10.08936588,6.68,224.62
2022,5,30,14,1.45,3.02,4.04,193.83,374.5,28.09,0.86,4.35,12.31,5.37,8.84,9.28,64.38,0.07,62.24,5.31,10.10840241,6.71,226.51
2022,5,30,15,1.01,2.35,3.36,136,291.23,19.32,0.49,2.52,11.63,5.33,8.48,9.22,67,0.07,62.22,5.05,9.613452391,6.4,227.43
2022,5,30,16,0.65,1.53,2.5,84.88,187.42,11.64,0.21,1.02,10.62,5.15,7.89,9.09,70.69,0.07,62.21,4.57,8.6996985,5.78,227.08
2022,5,30,17,0.39,0.72,1.52,46.65,87.45,5.91,0.05,0.27,9.23,4.94,7.08,8.97,76.38,0.05,62.21,3.89,7.405213822,4.94,225.45
2022,5,30,18,0.12,0.15,0.5,13.5,18.08,1.78,0.01,0.02,7.33,4.83,6.08,8.91,86.31,0.08,62.23,3.01,5.729998356,3.92,222.82
2022,5,30,19,0,0,0,0,0,0,0,0,5.85,5.11,5.48,9.03,97.25,0.06,62.26,1.93,3.674052102,2.64,217.31
2022,5,30,20,0,0,0,0,0,0,0,0,5.41,5.05,5.23,8.97,99.75,0.04,62.29,1.41,2.684152054,2.02,215.41
2022,5,30,21,0,0,0,0,0,0,0,0,4.82,4.8,4.81,8.85,100,0.02,62.32,0.88,1.675215466,1.51,219.12
2022,5,30,22,0,0,0,0,0,0,0,0,4.23,4.55,4.39,8.73,100,0.01,62.33,0.76,1.446776993,1.48,223.93
2022,5,30,23,0,0,0,0,0,0,0,0,3.72,4.23,3.98,8.54,100,0.01,62.31,0.68,1.294484678,1.36,228.72
2022,5,31,0,0,0,0,0,0,0,0,0,3.32,3.69,3.51,8.24,100,0.01,62.29,0.62,1.180265442,1.14,238.5
2022,5,31,1,0,0,0,0,0,0,0,0,2.96,3.08,3.02,7.87,100,0.03,62.26,0.42,0.799534654,0.71,262.41
2022,5,31,2,0,0,0,0,0,0,0,0,2.41,2.26,2.33,7.45,100,0.03,62.23,0.29,0.552059642,0.48,313.67
2022,5,31,3,0,0,0,0,0,0,0,0,1.94,1.41,1.68,6.96,98.81,0.03,62.22,0.2,0.380730788,0.34,358.67
2022,5,31,4,0,0,0,0,0,0,0,0,1.82,0.53,1.18,6.53,93.44,0,62.21,0.2,0.380730788,0.34,44.06
2022,5,31,5,0.05,0.04,0.19,4.48,5.15,0.6,0,0,2,-0.37,0.82,6.1,86.5,0,62.23,0.26,0.494950024,0.43,72.9
2022,5,31,6,0.34,0.46,1.13,40.38,54.73,5.23,0.03,0.15,4.17,0.11,2.14,6.35,77.06,0,62.25,0.24,0.456876945,0.38,106.59
2022,5,31,7,0.78,1.19,2.13,96.9,142.85,12.74,0.19,0.92,6.87,-1.74,2.57,5.62,56.38,0,62.28,0.86,1.637142387,1.02,208.93
2022,5,31,8,1.24,1.99,3.04,157.27,241.98,21.08,0.47,2.38,9.19,-3.9,2.64,4.76,40.94,0,62.31,2.37,4.511659835,2.9,214.46
2022,5,31,9,1.7,2.69,3.8,219.3,328.95,29.92,0.84,4.35,11.05,-4.18,3.43,4.64,35.31,0,62.33,3.3,6.282057998,4.08,216.52
2022,5,31,10,1.8,3.18,4.36,229.58,389.52,32.52,1.04,5.23,12.37,-3.42,4.48,4.94,34.31,0,62.33,4.1,7.804981149,5.1,216.34
2022,5,31,11,2.12,3.53,4.67,283.17,431.42,39.74,1.38,7.05,13.15,-2.19,5.48,5.43,35.94,0,62.32,4.71,8.966210051,5.87,215.64
2022,5,31,12,2.05,3.52,4.72,272.25,428.3,37.64,1.3,6.8,13.37,-0.74,6.31,6.04,39.44,0.01,62.29,5.06,9.63248893,6.32,215.64
2022,5,31,13,1.72,3.28,4.51,223.12,397.42,31.07,1.02,5.15,13.14,0.64,6.89,6.71,44.19,0.05,62.27,5.11,9.727671627,6.36,216.11
2022,5,31,14,1.51,2.87,4.04,197.05,347.52,26.57,0.8,4.02,12.63,1.65,7.14,7.2,48.88,0.11,62.24,4.97,9.461160075,6.19,216.22
2022,5,31,15,1.1,2.23,3.36,141.9,268.12,18.89,0.47,2.38,11.83,2.33,7.08,7.51,53.81,0.16,62.22,4.71,8.966210051,5.87,214.98
2022,5,31,16,0.67,1.46,2.5,84.92,174.45,11.09,0.2,0.98,10.67,2.77,6.73,7.69,59.75,0.17,62.22,4.28,8.147638858,5.35,213.99
2022,5,31,17,0.35,0.7,1.53,41.83,82.58,5.38,0.05,0.25,8.98,3.21,6.09,7.93,68.94,0.15,62.23,3.63,6.910263798,4.55,213.36
2022,5,31,18,0.1,0.15,0.51,10.98,17.23,1.44,0.01,0.02,6.87,3.67,5.27,8.18,82.25,0.28,62.26,2.61,4.96853678,3.35,211.95
2022,5,31,19,0,0,0,0,0,0,0,0,4.92,4.09,4.51,8.42,96.88,0.23,62.29,1.11,2.113055872,1.67,207.05
2022,5,31,20,0,0,0,0,0,0,0,0,4.73,4.21,4.47,8.48,99,0.15,62.32,0.84,1.599069309,1.28,204.07
2022,5,31,21,0,0,0,0,0,0,0,0,4.31,4.09,4.2,8.42,100,0.07,62.35,0.62,1.180265442,1.13,208.52
2022,5,31,22,0,0,0,0,0,0,0,0,3.79,3.65,3.72,8.18,100,0.04,62.37,0.48,0.913753891,0.89,218.58
2022,5,31,23,0,0,0,0,0,0,0,0,2.91,3.07,2.99,7.87,100,0.02,62.36,0.32,0.60916926,0.57,232.19
2022,6,1,0,0,0,0,0,0,0,0,0,2.17,2.3,2.23,7.51,100,0.01,62.33,0.1,0.190365394,0.19,325.01
2022,6,1,1,0,0,0,0,0,0,0,0,1.43,1.26,1.34,6.96,100,0.03,62.31,0.24,0.456876945,0.57,21.66
2022,6,1,2,0,0,0,0,0,0,0,0,0.34,-0.27,0.04,6.23,98.62,0.03,62.28,0.46,0.875680812,0.98,25.95
2022,6,1,3,0,0,0,0,0,0,0,0,0.13,-1.74,-0.81,5.55,89.75,0.03,62.27,0.69,1.313521218,1.27,31.15
2022,6,1,4,0,0,0,0,0,0,0,0,-0.08,-2.99,-1.53,5.07,82.81,0.01,62.26,0.96,1.827507781,1.62,36.15
2022,6,1,5,0.06,0.04,0.19,4.83,4.83,0.62,0,0,-0.18,-3.95,-2.06,4.64,77.38,0.01,62.27,1.11,2.113055872,1.85,38.32
2022,6,1,6,0.38,0.43,1.14,45.35,50.73,5.63,0.03,0.15,2.5,-2.52,-0.01,5.31,72.25,0,62.3,1.22,2.322457805,1.82,39.24
2022,6,1,7,0.84,1.14,2.13,103.25,134.45,12.94,0.19,0.9,6.32,-5.05,0.63,4.46,46.31,0,62.34,0.29,0.552059642,0.37,36.38
2022,6,1,8,1.27,1.89,3.04,157.3,226.08,20.21,0.44,2.17,9.68,-7.38,1.15,3.85,31.81,0,62.37,2.34,4.454550217,2.87,214.81
2022,6,1,9,1.79,2.62,3.8,228.52,316.35,30.07,0.83,4.25,11.48,-5.96,2.76,4.21,31.12,0,62.4,3.51,6.681825325,4.36,212.64
2022,6,1,10,2.12,3.14,4.35,273.25,381.27,36.47,1.16,5.73,12.64,-3.82,4.4,4.94,33.69,0,62.41,4.46,8.490296567,5.56,212.44
2022,6,1,11,1.93,3.42,4.67,252.73,415.6,35.34,1.2,6.12,13.15,-1.52,5.82,5.8,38.25,0,62.41,5.07,9.651525469,6.35,213.2
2022,6,1,12,1.94,3.42,4.72,257.62,412.92,34.38,1.16,6.02,13.17,0.73,6.95,6.71,44.44,0.01,62.39,5.31,10.10840241,6.63,213.95
2022,6,1,13,1.62,3.13,4.51,209.92,373.9,27.98,0.89,4.45,12.84,2.55,7.7,7.63,51.19,0.08,62.35,5.19,9.879963942,6.46,214.9
2022,6,1,14,1.4,2.69,4.05,180.75,321.6,23.28,0.68,3.42,12.34,3.68,8.01,8.18,57,0.17,62.31,4.9,9.3279043,6.08,215.85
2022,6,1,15,1.04,2.07,3.36,134.52,247.45,17.38,0.42,2.12,11.52,4.19,7.86,8.48,62.25,0.23,62.29,4.49,8.547406185,5.59,217.16
2022,6,1,16,0.7,1.33,2.51,87.73,156.8,10.98,0.2,0.95,10.38,4.55,7.47,8.67,68.69,0.3,62.29,4.02,7.652688834,5,218.98
2022,6,1,17,0.37,0.62,1.54,42.83,72.38,5.24,0.05,0.23,9.04,4.58,6.81,8.73,75.31,0.29,62.3,3.43,6.52953301,4.3,220.73
2022,6,1,18,0.1,0.13,0.52,11.48,15.48,1.41,0.01,0.02,7.25,4.65,5.94,8.73,85.5,0.17,62.33,2.58,4.911427162,3.34,220.63
2022,6,1,19,0,0,0,0,0,0,0,0,5.15,4.87,5.01,8.85,100,0.13,62.36,1.06,2.017873175,1.8,215.83
2022,6,1,20,0,0,0,0,0,0,0,0,5.22,4.91,5.06,8.91,100,0.07,62.4,1.05,1.998836636,1.66,215.79
2022,6,1,21,0,0,0,0,0,0,0,0,4.87,4.82,4.84,8.85,100,0.04,62.43,0.76,1.446776993,1.41,217.57
2022,6,1,22,0,0,0,0,0,0,0,0,4.48,4.54,4.51,8.67,100,0.03,62.43,0.62,1.180265442,1.21,225.78
2022,6,1,23,0,0,0,0,0,0,0,0,3.94,3.69,3.82,8.18,100,0.04,62.41,0.42,0.799534654,0.78,247.03
2022,6,2,0,0,0,0,0,0,0,0,0,3.46,2.8,3.13,7.63,97.62,0.03,62.39,0.31,0.590132721,0.53,269.16
2022,6,2,1,0,0,0,0,0,0,0,0,2.89,1.89,2.39,7.2,95.31,0.01,62.36,0.3,0.571096182,0.47,297.85
2022,6,2,2,0,0,0,0,0,0,0,0,2.3,1.08,1.69,6.77,93.75,0,62.33,0.35,0.666278879,0.55,340.79
2022,6,2,3,0,0,0,0,0,0,0,0,1.94,0.3,1.12,6.41,90.75,0.01,62.31,0.43,0.818571194,0.7,25.13
2022,6,2,4,0,0,0,0,0,0,0,0,1.7,-0.52,0.58,5.98,86.81,0.01,62.3,0.55,1.047009666,0.87,46.45
2022,6,2,5,0.05,0.04,0.19,3.95,4.3,0.51,0,0,1.55,-1.29,0.13,5.68,82.94,0,62.31,0.65,1.23737506,1.01,56.31
2022,6,2,6,0.38,0.38,1.14,41.58,42.8,4.95,0.03,0.15,3.48,-0.45,1.51,6.1,77.94,0,62.33,0.65,1.23737506,0.95,67.85
2022,6,2,7,0.82,0.97,2.13,92.8,108.58,10.88,0.16,0.77,6.62,-2.23,2.19,5.43,55.69,0,62.35,0.87,1.656178927,1.03,204.62
2022,6,2,8,1.33,1.74,3.04,156.05,198.95,18.98,0.42,2.15,9.18,-4.74,2.22,4.52,38.75,0,62.37,2.57,4.892390622,3.16,212.16
2022,6,2,9,1.67,2.47,3.8,201.83,287.83,25.55,0.73,3.77,11.1,-4.78,3.15,4.46,33.75,0,62.39,3.68,7.005446494,4.55,213.44
2022,6,2,10,1.85,3.03,4.35,226.92,356.17,29.98,0.98,4.9,12.37,-3.65,4.36,4.82,33.69,0,62.4,4.42,8.414150409,5.48,214.89
2022,6,2,11,2.1,3.38,4.67,273.12,399.95,35.51,1.24,6.48,13.08,-2.18,5.45,5.37,35.75,0,62.39,4.8,9.137538906,5.95,216.46
2022,6,2,12,2.31,3.72,4.72,305.98,448.55,44.11,1.59,8.45,13.36,-0.87,6.25,5.92,38.44,0,62.37,5.01,9.537306233,6.24,217.87
2022,6,2,13,2.07,3.48,4.51,270.12,418.12,38.34,1.34,6.67,13.26,0.11,6.69,6.35,41.44,0,62.34,5.09,9.689598548,6.33,218.89
2022,6,2,14,1.6,2.99,4.05,206.95,357.33,28.98,0.91,4.55,12.77,0.76,6.76,6.65,44.88,0.01,62.31,4.97,9.461160075,6.18,219.67
2022,6,2,15,1.26,2.29,3.37,158.85,272.15,21.55,0.56,2.9,11.98,1.01,6.5,6.77,48.12,0,62.29,4.56,8.680661961,5.67,219.24
2022,6,2,16,0.83,1.49,2.51,101.62,174.05,13.23,0.25,1.23,10.88,0.98,5.94,6.71,51.56,0,62.27,4.04,7.690761912,5.03,217.74
2022,6,2,17,0.44,0.69,1.54,50.42,78.77,6.33,0.06,0.3,9.22,1.15,5.19,6.77,58.25,0,62.28,3.33,6.339167616,4.15,215.58
2022,6,2,18,0.13,0.15,0.53,14.6,17.15,1.89,0.01,0.02,6.97,1.75,4.36,7.08,70.88,0.01,62.29,2.21,4.207075205,2.84,210.37
2022,6,2,19,0,0,0,0,0,0,0,0,4.48,2.44,3.46,7.45,88.38,0.02,62.32,0.8,1.522923151,1.26,199.11
2022,6,2,20,0,0,0,0,0,0,0,0,3.69,2.66,3.18,7.57,94.75,0.02,62.35,0.32,0.60916926,0.55,154.54
2022,6,2,21,0,0,0,0,0,0,0,0,2.98,2.42,2.7,7.45,98.12,0.01,62.37,0.36,0.685315418,0.56,92.39
2022,6,2,22,0,0,0,0,0,0,0,0,2.3,1.91,2.11,7.2,99.44,0.01,62.36,0.47,0.894717351,0.78,61.11
2022,6,2,23,0,0,0,0,0,0,0,0,1.55,1.21,1.38,6.84,99.94,0.02,62.32,0.6,1.142192363,1.05,45.6
2022,6,3,0,0,0,0,0,0,0,0,0,0.83,0.19,0.51,6.35,97.62,0,62.26,0.79,1.503886612,1.34,38.61
2022,6,3,1,0,0,0,0,0,0,0,0,0.46,-1.01,-0.27,5.8,91.94,0.01,62.22,0.91,1.732325084,1.51,33.2
2022,6,3,2,0,0,0,0,0,0,0,0,0.08,-2.4,-1.17,5.25,85.44,0,62.18,1,1.903653939,1.66,30.18
2022,6,3,3,0,0,0,0,0,0,0,0,0.17,-3.93,-1.88,4.7,75.75,0,62.16,1.01,1.922690478,1.63,26.81
2022,6,3,4,0,0,0,0,0,0,0,0,0.42,-5.4,-2.49,4.21,66.62,0,62.16,0.97,1.846544321,1.53,20.66
2022,6,3,5,0.06,0.05,0.19,4.77,5.02,0.62,0,0,0.77,-6.55,-2.88,3.85,59.44,0,62.17,0.95,1.808471242,1.46,14.93
2022,6,3,6,0.35,0.45,1.14,39.98,50.98,4.74,0.03,0.15,3.15,-5.1,-0.97,4.46,57.69,0,62.2,0.83,1.580032769,1.21,7.77
2022,6,3,7,0.98,1.21,2.13,115.7,139.4,14.56,0.22,1.08,6.34,-6.1,0.12,4.09,42.75,0,62.25,0.97,1.846544321,1.18,281.09
2022,6,3,8,1.5,2,3.04,180.75,234.27,23.42,0.53,2.73,9.28,-7.06,1.11,3.85,33.06,0,62.28,2.81,5.349267568,3.48,235.7
2022,6,3,9,2.02,2.68,3.8,250.8,317.65,33.03,0.95,4.88,10.95,-5.95,2.51,4.15,31.69,0,62.31,3.71,7.062556113,4.62,225.21
2022,6,3,10,2.42,3.19,4.35,302.23,380.73,40.34,1.31,6.62,12.02,-4.17,3.92,4.7,33.5,0,62.33,4.54,8.642588882,5.66,217.99
2022,6,3,11,2.5,3.47,4.67,321.08,415.17,43.7,1.52,7.95,12.31,-2.11,5.1,5.43,38.06,0,62.34,5.11,9.727671627,6.37,213.9
2022,6,3,12,2.17,3.56,4.72,283.67,424.27,39.13,1.39,7.3,12.1,-0.13,5.98,6.23,44.06,0.04,62.34,5.24,9.975146639,6.51,211.61
2022,6,3,13,1.93,3.25,4.51,246.73,387.65,33.03,1.1,5.6,11.74,1.19,6.47,6.84,49.38,0.09,62.31,5.17,9.841890863,6.41,209.41
2022,6,3,14,1.41,2.73,4.05,181.55,326.85,24.22,0.73,3.65,11.33,1.88,6.61,7.14,53.19,0.13,62.28,5.01,9.537306233,6.22,208.59
2022,6,3,15,1.05,2.08,3.37,135.2,246.98,17.4,0.44,2.25,10.58,2.51,6.54,7.45,58.31,0.18,62.26,4.75,9.042356209,5.9,208.02
2022,6,3,16,0.71,1.35,2.52,89.35,158.92,11.3,0.21,1.02,9.36,2.87,6.12,7.63,64.75,0.14,62.25,4.28,8.147638858,5.33,208.44
2022,6,3,17,0.3,0.65,1.55,35.73,74.85,4.45,0.04,0.23,7.91,3.01,5.46,7.75,72.19,0.14,62.26,3.69,7.024483034,4.62,208.82
2022,6,3,18,0.1,0.14,0.53,11.17,16.42,1.44,0.01,0.02,6.18,3.22,4.69,7.87,82.75,0.49,62.29,2.8,5.330231028,3.61,208.01
2022,6,3,19,0,0,0,0,0,0,0,0,4.65,3.57,4.12,8.06,94.62,0.26,62.33,1.58,3.007773223,2.19,205.83
2022,6,3,20,0,0,0,0,0,0,0,0,4.18,3.43,3.8,8,96.69,0.22,62.37,1.18,2.246311648,1.76,203.27
2022,6,3,21,0,0,0,0,0,0,0,0,3.8,3.03,3.41,7.75,96.44,0.09,62.4,0.82,1.56099623,1.33,204.61
2022,6,3,22,0,0,0,0,0,0,0,0,3.22,2.66,2.94,7.57,98,0.03,62.41,0.45,0.856644272,0.88,209.3
2022,6,3,23,0,0,0,0,0,0,0,0,2.41,1.97,2.19,7.2,99,0.03,62.4,0.19,0.361694248,0.48,232.21
2022,6,4,0,0,0,0,0,0,0,0,0,1.67,1.15,1.41,6.77,98.38,0.03,62.36,0.24,0.456876945,0.4,299.6
2022,6,4,1,0,0,0,0,0,0,0,0,1.05,0.29,0.66,6.35,96.56,0.03,62.33,0.35,0.666278879,0.55,330.15
2022,6,4,2,0,0,0,0,0,0,0,0,0.49,-0.63,-0.06,5.98,93.94,0.01,62.3,0.52,0.989900048,0.83,349.65
2022,6,4,3,0,0,0,0,0,0,0,0,0.05,-1.58,-0.77,5.55,90.25,0.01,62.27,0.62,1.180265442,1.03,7.82
2022,6,4,4,0,0,0,0,0,0,0,0,-0.14,-2.45,-1.3,5.19,85.81,0,62.27,0.71,1.351594296,1.18,16.99
2022,6,4,5,0.04,0.04,0.19,3.12,4.7,0.4,0,0,-0.2,-3.14,-1.67,4.94,81.94,0,62.28,0.81,1.54195969,1.32,23.38
2022,6,4,6,0.13,0.43,1.14,14.4,48.7,1.87,0.01,0.05,2.17,-2.28,-0.06,5.37,74.75,0,62.31,0.82,1.56099623,1.22,31.15
2022,6,4,7,0.52,1.1,2.13,64.15,125.1,8.31,0.12,0.6,6.05,-4.02,1.01,4.82,51.12,0,62.34,0.58,1.104119284,0.67,265.35
2022,6,4,8,0.93,1.93,3.04,117.7,226.33,15.71,0.35,1.77,8.64,-4.31,2.16,4.7,41.94,0,62.38,2.16,4.111892508,2.62,225.24
2022,6,4,9,1.29,2.64,3.8,169.23,313.9,23.08,0.64,3.3,10.51,-3.06,3.73,5.13,40.25,0,62.4,3.21,6.110729143,3.96,224.76
2022,6,4,10,1.47,3.19,4.35,196.9,382.92,27.32,0.86,4.25,11.85,-1.31,5.27,5.8,41.62,0,62.42,4.06,7.728834991,5.03,224.31
2022,6,4,11,1.72,3.51,4.67,227.8,422.25,31.52,1.05,5.4,12.76,0.19,6.48,6.41,43.56,0,62.41,4.69,8.928136973,5.84,223.37
2022,6,4,12,2,3.86,4.72,270.73,473.77,41.97,1.48,7.67,13.19,1.49,7.34,7.02,46.31,0,62.39,5.04,9.594415851,6.29,222.73
2022,6,4,13,1.83,3.57,4.51,246.58,438.17,37.29,1.27,6.3,13.14,2.6,7.87,7.63,50.19,0.15,62.36,5.11,9.727671627,6.39,221.73
2022,6,4,14,1.54,3.04,4.05,205.1,371.92,29.79,0.91,4.55,12.35,3.48,7.91,8.06,56.12,0.43,62.33,4.95,9.423086997,6.19,221.42
2022,6,4,15,1.08,2.33,3.37,142.75,282.83,20.1,0.51,2.58,11.3,4.01,7.65,8.36,62.44,0.42,62.31,4.49,8.547406185,5.62,221.62
2022,6,4,16,0.69,1.51,2.52,89.17,182,12.2,0.23,1.1,10.22,4.21,7.22,8.48,67.94,0.43,62.29,3.98,7.576542676,5,223.04
2022,6,4,17,0.42,0.73,1.56,51.4,85.73,6.78,0.07,0.33,8.9,4.33,6.62,8.54,74.81,0.4,62.28,3.4,6.472423392,4.31,224.27
2022,6,4,18,0.1,0.16,0.54,11.95,18.33,1.57,0.01,0.02,7.2,4.51,5.86,8.67,85,0.25,62.29,2.7,5.139865635,3.53,223.74
2022,6,4,19,0,0,0,0,0,0,0,0,5.73,4.86,5.29,8.85,96.31,0.18,62.32,1.71,3.255248235,2.41,223.16
2022,6,4,20,0,0,0,0,0,0,0,0,5.24,4.73,4.99,8.79,98.69,0.14,62.36,1.4,2.665115514,2.04,223.29
2022,6,4,21,0,0,0,0,0,0,0,0,4.71,4.44,4.57,8.61,100,0.08,62.4,0.88,1.675215466,1.47,223.71
2022,6,4,22,0,0,0,0,0,0,0,0,4.18,4.13,4.15,8.42,100,0.07,62.41,0.69,1.313521218,1.32,227.16
2022,6,4,23,0,0,0,0,0,0,0,0,3.76,3.85,3.81,8.3,100,0.05,62.41,0.61,1.161228903,1.2,234.03
2022,6,5,0,0,0,0,0,0,0,0,0,3.37,3.55,3.46,8.12,100,0.02,62.39,0.6,1.142192363,1.16,241.54
2022,6,5,1,0,0,0,0,0,0,0,0,3.04,3.26,3.15,7.93,100,0.07,62.37,0.59,1.123155824,1.13,250.19
2022,6,5,2,0,0,0,0,0,0,0,0,2.77,2.91,2.84,7.75,100,0.07,62.35,0.57,1.085082745,1.02,263.42
2022,6,5,3,0,0,0,0,0,0,0,0,2.4,2.44,2.42,7.51,100,0.07,62.33,0.51,0.970863509,0.83,280.26
2022,6,5,4,0,0,0,0,0,0,0,0,2.15,1.9,2.02,7.2,100,0.01,62.33,0.49,0.93279043,0.78,308.93
2022,6,5,5,0.05,0.05,0.2,3.92,5.88,0.56,0,0,2.16,1.51,1.83,7.02,97.75,0.02,62.34,0.5,0.951826969,0.81,334.18
2022,6,5,6,0.21,0.56,1.14,25.85,65.23,3.73,0.02,0.12,3.87,1.69,2.77,7.14,88.25,0.01,62.35,0.83,1.580032769,1.05,339.15
2022,6,5,7,0.52,1.37,2.13,66.6,162.25,9.41,0.16,0.75,6.39,0.93,3.66,6.71,69.69,0,62.37,1.14,2.17016549,1.36,306.8
2022,6,5,8,0.8,2.17,3.04,107.8,260.85,16.21,0.39,1.98,8.79,0.05,4.42,6.29,55.25,0,62.4,1.46,2.779334751,1.77,262.91
2022,6,5,9,1.04,2.86,3.8,144.25,345.2,21.91,0.67,3.48,11.44,-0.91,5.26,5.92,43.62,0,62.42,2.76,5.254084871,3.41,236.2
2022,6,5,10,1.37,3.36,4.35,182.15,406.95,27.57,0.94,4.7,13.09,-0.41,6.34,6.16,40.88,0,62.44,4.02,7.652688834,5.05,226.5
2022,6,5,11,1.4,3.64,4.67,197.08,441.4,29.8,1.07,5.52,13.81,0.8,7.3,6.77,42.88,0,62.44,4.84,9.213685063,6.11,222.67
2022,6,5,12,1.34,3.48,4.72,189.42,416.83,26.64,0.95,4.98,13.89,2.15,8.02,7.51,47.19,0,62.42,5.19,9.879963942,6.54,221.61
2022,6,5,13,1.32,3.22,4.51,179.05,383.58,24.45,0.84,4.17,13.28,3.24,8.26,8.06,52.75,0,62.37,5.13,9.765744706,6.45,222.2
2022,6,5,14,1.14,2.73,4.05,147.15,324.52,20.01,0.62,3.12,12.71,3.95,8.33,8.42,57.12,0.07,62.34,5,9.518269694,6.31,222.99
2022,6,5,15,0.71,2.09,3.38,95.67,246.17,12.68,0.34,1.73,11.92,4.35,8.13,8.61,61.5,0.34,62.32,4.74,9.02331967,6,223.21
2022,6,5,16,0.6,1.36,2.53,74.52,158.35,9.59,0.19,0.9,10.77,4.58,7.68,8.73,67.25,0.47,62.3,4.19,7.976310003,5.31,224.4
2022,6,5,17,0.37,0.66,1.56,43.83,75.77,5.39,0.05,0.27,9.39,4.7,7.05,8.79,74.12,0.4,62.29,3.47,6.605679167,4.41,225.79
2022,6,5,18,0.09,0.15,0.55,9.95,17.15,1.32,0.01,0.02,7.71,4.79,6.25,8.79,83.44,0.43,62.3,2.65,5.044682938,3.46,227.38
2022,6,5,19,0,0,0,0,0,0,0,0,6.07,5.03,5.55,8.97,94.94,0.22,62.32,1.47,2.79837129,2.11,229.65
2022,6,5,20,0,0,0,0,0,0,0,0,5.44,4.88,5.15,8.85,98.06,0.13,62.35,0.86,1.637142387,1.27,238.07
2022,6,5,21,0,0,0,0,0,0,0,0,5.15,4.65,4.9,8.73,98.56,0.04,62.37,0.38,0.723388497,0.59,255.41
2022,6,5,22,0,0,0,0,0,0,0,0,4.79,4.3,4.54,8.48,98.69,0.02,62.38,0.18,0.342657709,0.33,347.62
2022,6,5,23,0,0,0,0,0,0,0,0,4.36,3.9,4.13,8.3,98.94,0.01,62.36,0.39,0.742425036,0.66,32.37
2022,6,6,0,0,0,0,0,0,0,0,0,4.1,3.44,3.76,8,97.38,0,62.33,0.49,0.93279043,0.8,34.62
2022,6,6,1,0,0,0,0,0,0,0,0,4.18,2.99,3.58,7.75,93.81,0.11,62.3,0.48,0.913753891,0.73,21.91
2022,6,6,2,0,0,0,0,0,0,0,0,4.05,2.71,3.38,7.63,92.75,0.11,62.28,0.51,0.970863509,0.77,1.74
2022,6,6,3,0,0,0,0,0,0,0,0,3.84,2.44,3.14,7.45,92.44,0.12,62.26,0.59,1.123155824,0.89,354.94
2022,6,6,4,0,0,0,0,0,0,0,0,3.45,2.15,2.8,7.32,93.06,0.01,62.25,0.69,1.313521218,1.09,352.98
2022,6,6,5,0.05,0.04,0.2,3.75,5,0.5,0,0,3.21,1.92,2.56,7.2,93.06,0.01,62.26,0.77,1.465813533,1.31,1.37
2022,6,6,6,0.16,0.44,1.14,18.9,51.45,2.6,0.02,0.08,5.05,2.54,3.79,7.57,85.94,0,62.29,1.08,2.055946254,1.42,11.12
2022,6,6,7,0.47,1.15,2.13,60.7,138.05,8.45,0.14,0.67,7.81,2.88,5.34,7.69,72.56,0,62.32,0.6,1.142192363,0.74,285.95
2022,6,6,8,1.01,1.96,3.04,133.4,240.25,18.56,0.45,2.27,10.58,2.76,6.67,7.69,59.94,0,62.35,2.13,4.054782889,2.62,215.54
2022,6,6,9,1.46,2.63,3.79,195.85,325.15,27.23,0.8,4.17,12.23,3.26,7.75,7.93,55.5,0,62.38,3.29,6.263021458,4.1,209.05
2022,6,6,10,1.81,3.14,4.35,242.85,389.3,33.84,1.12,5.58,13.2,4.08,8.64,8.36,55.06,0.01,62.41,4.21,8.014383082,5.28,206.64
2022,6,6,11,1.91,3.41,4.67,263.58,422.83,36.69,1.29,6.73,13.23,4.9,9.07,8.85,58.12,0.13,62.41,4.74,9.02331967,5.95,208.32
2022,6,6,12,1.85,3.43,4.72,251.65,421.65,34.75,1.23,6.48,13.11,5.51,9.31,9.22,60.94,0.6,62.38,4.94,9.404050457,6.21,211.15
2022,6,6,13,1.62,3.17,4.51,219.42,385.58,30.19,1.03,5.17,12.85,5.97,9.4,9.52,63.88,1.27,62.35,4.95,9.423086997,6.21,212.89
2022,6,6,14,1.32,2.64,4.06,170.2,316.2,23.05,0.7,3.52,12.33,6.33,9.33,9.77,67.75,1.91,62.31,4.8,9.137538906,6.04,214.68
2022,6,6,15,1.12,1.9,3.38,139.65,221.6,18.09,0.46,2.38,11.58,6.53,9.05,9.89,72.25,2.28,62.29,4.45,8.471260027,5.61,216.5
2022,6,6,16,0.54,1.27,2.53,67.95,147.75,8.95,0.16,0.83,10.75,6.53,8.64,9.89,76.38,2.02,62.27,3.98,7.576542676,5.02,218.3
2022,6,6,17,0.26,0.63,1.57,30.65,72.6,3.99,0.04,0.2,9.62,6.39,8.01,9.83,81.62,1.59,62.27,3.45,6.567606089,4.39,219.73
2022,6,6,18,0.1,0.14,0.56,12.12,16.98,1.52,0.01,0.02,8.16,6.33,7.25,9.77,89.69,0.72,62.29,2.71,5.158902174,3.53,219.61
2022,6,6,19,0,0,0,0,0,0,0,0,7.05,6.45,6.75,9.89,97.75,0.53,62.32,1.8,3.42657709,2.44,215.88
2022,6,6,20,0,0,0,0,0,0,0,0,6.57,6.26,6.42,9.7,99.62,0.36,62.35,1.21,2.303421266,1.74,213.83
2022,6,6,21,0,0,0,0,0,0,0,0,6.15,5.98,6.07,9.52,100,0.22,62.38,0.98,1.86558086,1.48,215.54
2022,6,6,22,0,0,0,0,0,0,0,0,5.74,5.7,5.73,9.34,100,0.15,62.39,0.76,1.446776993,1.13,215.45
2022,6,6,23,0,0,0,0,0,0,0,0,5.37,5.34,5.36,9.16,100,0.11,62.37,0.62,1.180265442,0.9,215.48
2022,6,7,0,0,0,0,0,0,0,0,0,5.07,4.93,5,8.91,100,0.08,62.35,0.58,1.104119284,0.77,220.03
2022,6,7,1,0,0,0,0,0,0,0,0,4.63,4.32,4.48,8.54,99.94,0.03,62.32,0.32,0.60916926,0.5,246.22
2022,6,7,2,0,0,0,0,0,0,0,0,4.17,3.44,3.81,8,96.81,0.02,62.3,0.28,0.533023103,0.44,291.04
2022,6,7,3,0,0,0,0,0,0,0,0,4.05,2.76,3.4,7.63,93,0.02,62.28,0.26,0.494950024,0.37,303.02
2022,6,7,4,0,0,0,0,0,0,0,0,3.96,2.34,3.15,7.39,90.75,0.01,62.28,0.19,0.361694248,0.27,306.87
2022,6,7,5,0.04,0.04,0.2,3.27,4.42,0.42,0,0,4.09,2.09,3.09,7.26,88.38,0.01,62.28,0.19,0.361694248,0.27,328.17
2022,6,7,6,0.22,0.37,1.14,25.7,42.67,2.95,0.02,0.1,5.58,2.83,4.2,7.69,84.62,0,62.31,0.47,0.894717351,0.59,286.99
2022,6,7,7,0.49,1.01,2.13,61.95,119.6,8.1,0.12,0.62,7.76,3.49,5.62,8.06,76.19,0,62.34,1.61,3.064882841,1.97,249.04
2022,6,7,8,0.82,1.74,3.04,107.67,208.1,14.42,0.34,1.73,9.91,3.94,6.93,8.3,67.94,0,62.36,2.6,4.949500241,3.22,231.71
2022,6,7,9,1.15,2.39,3.79,148.77,288.08,19.78,0.57,2.98,11.73,4.37,8.05,8.54,62,0,62.38,3.49,6.643752246,4.37,226.31
2022,6,7,10,1.27,2.91,4.35,168.9,352.23,22.72,0.75,3.73,12.8,4.94,8.87,8.91,60.25,0.01,62.39,4.3,8.185711936,5.41,223.07
2022,6,7,11,1.4,3.2,4.66,189.58,387.25,25.35,0.88,4.55,13.21,5.52,9.37,9.34,61.12,0.2,62.38,4.93,9.385013918,6.22,221.64
2022,6,7,12,1.55,3.64,4.72,223.35,453.42,34.3,1.25,6.58,13.29,6.06,9.67,9.64,62.94,0.53,62.36,5.24,9.975146639,6.61,221.7
2022,6,7,13,1.67,3.31,4.51,228.58,408.1,33.68,1.16,5.85,12.98,6.45,9.72,9.89,65.75,0.85,62.33,5.26,10.01321972,6.64,222.09
2022,6,7,14,1.27,2.75,4.06,174.35,334.6,24.77,0.77,3.85,12.52,6.61,9.57,10.01,68.5,0.96,62.32,5.12,9.746708166,6.46,222.35
2022,6,7,15,0.8,2.03,3.38,106.1,242.67,14.77,0.38,1.95,11.93,6.49,9.21,9.89,70.69,0.74,62.31,4.79,9.118502366,6.06,221.6
2022,6,7,16,0.47,1.21,2.54,61.02,139.45,8.13,0.15,0.75,11.15,6.15,8.65,9.7,72.88,0.57,62.32,4.43,8.433186949,5.62,220.83
2022,6,7,17,0.21,0.56,1.57,25.45,64.83,3.22,0.03,0.15,9.9,5.83,7.87,9.52,77.56,0.46,62.33,3.87,7.367140743,4.94,219.55
2022,6,7,18,0.09,0.13,0.56,10.05,14.73,1.22,0,0.02,8.19,5.72,6.96,9.4,86.31,0.29,62.36,3,5.710961816,3.95,217.21
2022,6,7,19,0,0,0,0,0,0,0,0,6.67,5.83,6.25,9.46,96.12,0.24,62.4,1.85,3.521759787,2.53,212.66
2022,6,7,20,0,0,0,0,0,0,0,0,6.25,5.55,5.9,9.28,97.06,0.19,62.44,1.45,2.760298211,1.99,209.69
2022,6,7,21,0,0,0,0,0,0,0,0,5.29,5.09,5.19,8.97,100,0.16,62.48,0.83,1.580032769,1.42,213.78
2022,6,7,22,0,0,0,0,0,0,0,0,4.87,4.54,4.7,8.67,99.81,0.17,62.47,0.62,1.180265442,1.04,227.12
2022,6,7,23,0,0,0,0,0,0,0,0,4.18,3.81,4,8.24,99.56,0.19,62.45,0.36,0.685315418,0.66,261.87
2022,6,8,0,0,0,0,0,0,0,0,0,3.54,2.97,3.25,7.75,98.19,0.16,62.41,0.34,0.647242339,0.57,297.98
2022,6,8,1,0,0,0,0,0,0,0,0,3.05,2.31,2.68,7.39,97,0.1,62.37,0.39,0.742425036,0.62,325.3
2022,6,8,2,0,0,0,0,0,0,0,0,2.7,1.7,2.2,7.08,95.19,0.04,62.33,0.53,1.008936588,0.87,353.26
2022,6,8,3,0,0,0,0,0,0,0,0,2.48,0.98,1.73,6.71,91.81,0.02,62.29,0.72,1.370630836,1.13,13.56
2022,6,8,4,0,0,0,0,0,0,0,0,2.24,0.23,1.23,6.35,88.25,0.01,62.27,0.86,1.637142387,1.37,25.39
2022,6,8,5,0.04,0.04,0.2,2.75,4.15,0.35,0,0,2.21,-0.39,0.91,6.04,84.44,0,62.25,0.95,1.808471242,1.51,30.81
2022,6,8,6,0.19,0.34,1.14,22.33,40.08,2.71,0.02,0.08,4.33,0.94,2.63,6.77,80.88,0.01,62.25,1.1,2.094019333,1.53,32.88
2022,6,8,7,0.48,0.91,2.13,58.9,104.73,7.13,0.11,0.52,7.34,0.84,4.09,6.71,65.25,0.01,62.27,0.37,0.704351957,0.44,316.43
2022,6,8,8,0.94,1.6,3.04,118.7,186.55,15,0.34,1.75,10.05,0.59,5.32,6.65,54.06,0,62.28,1.95,3.71212518,2.39,225.4
2022,6,8,9,1.16,2.27,3.79,152.73,270.02,20.84,0.6,3.1,12.01,1.05,6.53,6.9,49,0,62.3,3.21,6.110729143,3.99,223.97
2022,6,8,10,1.39,2.87,4.35,184.83,347.33,25.33,0.82,4.08,13.3,1.77,7.53,7.32,47.75,0,62.32,4.32,8.223785015,5.43,223.83
2022,6,8,11,1.45,3.2,4.66,200.58,388.77,27.45,0.94,4.85,13.78,2.84,8.31,7.93,50.31,0.02,62.32,4.99,9.499233154,6.28,223.94
2022,6,8,12,0.94,3.2,4.72,136.8,381.85,18.59,0.62,3.27,13.65,3.93,8.8,8.54,54.62,0.21,62.3,5.14,9.784781245,6.45,225
2022,6,8,13,0.76,2.91,4.52,101.83,344.02,12.7,0.41,2.02,13.29,4.7,8.99,8.97,58.69,0.65,62.27,5.09,9.689598548,6.4,226.09
2022,6,8,14,0.75,2.41,4.06,99.48,281.8,12.53,0.37,1.85,12.85,5.37,9.11,9.4,62.88,0.96,62.24,4.91,9.346940839,6.18,227.15
2022,6,8,15,0.45,1.79,3.39,60.8,205.38,7.42,0.18,0.92,12.19,5.83,9.01,9.64,67.44,0.89,62.22,4.62,8.794881197,5.82,227.83
2022,6,8,16,0.26,1.14,2.54,32.95,129.33,4.09,0.08,0.38,11.32,5.9,8.62,9.64,71.62,0.77,62.2,4.16,7.919200385,5.26,227.71
2022,6,8,17,0.1,0.54,1.58,10.42,61.52,1.27,0.02,0.05,10.06,5.83,7.94,9.58,77.25,0.66,62.19,3.59,6.83411764,4.57,226.8
2022,6,8,18,0.04,0.13,0.57,5.2,15.17,0.66,0,0,8.33,5.91,7.12,9.58,86.94,0.52,62.21,2.87,5.463486804,3.75,223.4
2022,6,8,19,0,0,0,0,0,0,0,0,6.81,6.24,6.52,9.77,98.38,0.44,62.24,1.71,3.255248235,2.39,216.34
2022,6,8,20,0,0,0,0,0,0,0,0,6.51,6.24,6.37,9.77,100,0.28,62.27,1.51,2.874517447,2.1,213.75
2022,6,8,21,0,0,0,0,0,0,0,0,5.96,5.95,5.95,9.58,100,0.14,62.31,0.99,1.884617399,1.59,212.36
2022,6,8,22,0,0,0,0,0,0,0,0,5.68,5.69,5.69,9.4,100,0.1,62.32,0.97,1.846544321,1.52,212.38
2022,6,8,23,0,0,0,0,0,0,0,0,5.22,5.37,5.3,9.22,100,0.08,62.31,0.68,1.294484678,1.13,215.68
2022,6,9,0,0,0,0,0,0,0,0,0,4.8,4.99,4.9,8.97,100,0.08,62.28,0.56,1.066046206,0.93,221.59
2022,6,9,1,0,0,0,0,0,0,0,0,4.5,4.59,4.55,8.73,100,0.11,62.26,0.45,0.856644272,0.7,233.64
2022,6,9,2,0,0,0,0,0,0,0,0,4.27,4.14,4.2,8.48,100,0.09,62.23,0.34,0.647242339,0.51,269.12
2022,6,9,3,0,0,0,0,0,0,0,0,3.95,3.69,3.82,8.24,100,0.08,62.21,0.3,0.571096182,0.44,291.99
2022,6,9,4,0,0,0,0,0,0,0,0,3.73,3.24,3.48,7.93,99.31,0.03,62.2,0.29,0.552059642,0.45,317.12
2022,6,9,5,0.04,0.04,0.2,2.58,4.75,0.34,0,0,3.87,2.93,3.4,7.81,96.12,0.04,62.2,0.32,0.60916926,0.52,338.04
2022,6,9,6,0.06,0.42,1.14,5.38,49.27,0.71,0,0.02,5.48,3.47,4.48,8.12,89.56,0,62.22,0.46,0.875680812,0.6,315
2022,6,9,7,0.29,1.12,2.13,37.33,133.33,5.23,0.08,0.4,7.7,3.82,5.76,8.3,78.62,0,62.24,1.35,2.569932817,1.64,251.39
2022,6,9,8,0.71,1.9,3.03,96.1,229.42,13.38,0.31,1.55,9.88,4.18,7.03,8.48,69.5,0,62.26,2.51,4.778171386,3.1,232.47
2022,6,9,9,1.15,2.6,3.79,155.25,316.92,21.56,0.62,3.23,11.87,4.3,8.08,8.54,61.25,0,62.28,3.36,6.396277234,4.19,230.22
2022,6,9,10,1.01,3.15,4.34,144.55,384.6,20.8,0.67,3.35,13.26,4.65,8.96,8.79,57.44,0,62.29,4.28,8.147638858,5.37,228.48
2022,6,9,11,1.14,3.46,4.66,166.75,424.42,23.97,0.82,4.23,13.81,5.23,9.52,9.22,57.94,0.05,62.27,4.95,9.423086997,6.25,226.93
2022,6,9,12,0.98,3.46,4.72,145.73,425.02,20.78,0.71,3.67,13.64,5.81,9.73,9.58,60.94,0.32,62.25,5.27,10.03225626,6.66,226.47
2022,6,9,13,0.84,3.21,4.52,125.23,393.33,17.31,0.55,2.8,13.35,6.26,9.8,9.83,63.94,0.54,62.23,5.35,10.18454857,6.76,227.01
2022,6,9,14,0.66,2.74,4.06,98.05,334.4,13.67,0.41,2.05,12.98,6.55,9.76,10.01,66.56,0.7,62.2,5.21,9.918037021,6.59,227.55
2022,6,9,15,0.57,2.1,3.39,79.42,254.55,10.73,0.27,1.4,12.27,6.58,9.42,10.01,69.75,0.71,62.19,4.92,9.365977378,6.24,226.78
2022,6,9,16,0.37,1.37,2.54,49.33,163.75,6.66,0.12,0.62,11.24,6.38,8.81,9.89,73.69,0.64,62.18,4.57,8.6996985,5.83,225.38
2022,6,9,17,0.17,0.66,1.58,19.67,78.12,2.58,0.02,0.12,9.87,6.07,7.98,9.7,79,0.59,62.2,4.07,7.747871531,5.23,223.91
2022,6,9,18,0.09,0.15,0.58,10.7,18.25,1.38,0.01,0.02,8.12,5.91,7.02,9.58,87.88,0.38,62.23,3.25,6.186875301,4.27,221.89
2022,6,9,19,0,0,0,0,0,0,0,0,6.74,6.1,6.42,9.64,97.62,0.28,62.27,2.24,4.264184823,3.03,219.88
2022,6,9,20,0,0,0,0,0,0,0,0,6.41,6.01,6.22,9.58,99.38,0.19,62.31,1.76,3.350430932,2.4,222.36
2022,6,9,21,0,0,0,0,0,0,0,0,5.84,5.75,5.8,9.4,100,0.11,62.35,1.07,2.036909714,1.68,229.51
2022,6,9,22,0,0,0,0,0,0,0,0,5.52,5.49,5.51,9.28,100,0.09,62.35,1.03,1.960763557,1.61,237.46
2022,6,9,23,0,0,0,0,0,0,0,0,4.99,5.13,5.06,9.03,100,0.06,62.33,0.74,1.408703915,1.3,248.2
2022,6,10,0,0,0,0,0,0,0,0,0,4.44,4.76,4.6,8.85,100,0.05,62.29,0.66,1.2564116,1.19,256.33
2022,6,10,1,0,0,0,0,0,0,0,0,3.94,4.25,4.1,8.54,100,0.04,62.24,0.61,1.161228903,1.07,267.91
2022,6,10,2,0,0,0,0,0,0,0,0,3.69,3.58,3.63,8.12,100,0.02,62.2,0.57,1.085082745,0.97,290.34
2022,6,10,3,0,0,0,0,0,0,0,0,3.55,3.04,3.3,7.81,98.88,0.02,62.17,0.6,1.142192363,0.98,318.56
2022,6,10,4,0,0,0,0,0,0,0,0,3.33,2.42,2.88,7.51,95.88,0.02,62.16,0.72,1.370630836,1.15,343.41
2022,6,10,5,0.05,0.05,0.2,3.67,5.55,0.51,0,0,3.15,1.77,2.46,7.14,92.5,0.02,62.17,0.78,1.484850072,1.27,0.35
2022,6,10,6,0.24,0.5,1.14,29.98,59.7,3.91,0.02,0.12,5.3,2.33,3.81,7.45,83.25,0.04,62.19,1.09,2.074982793,1.45,5.86
2022,6,10,7,0.8,1.27,2.13,101.27,154.92,13.73,0.22,1.05,7.87,1.93,4.9,7.26,68,0.04,62.21,1.19,2.265348187,1.46,326.82
2022,6,10,8,1.26,2.1,3.03,162.88,256.75,22.95,0.54,2.75,10.3,1.34,5.82,6.96,55.56,0.02,62.24,1.53,2.912590526,1.91,279.42
2022,6,10,9,1.69,2.8,3.79,222.35,343.73,31.76,0.95,4.9,12.22,1.37,6.79,7.02,49.19,0,62.26,2.24,4.264184823,2.83,251.31
2022,6,10,10,1.99,3.33,4.34,262.85,407.9,37.95,1.27,6.35,13.51,2.13,7.82,7.45,48.12,0,62.28,3.3,6.282057998,4.16,234.7
2022,6,10,11,2.04,3.63,4.66,273.92,444.6,40.55,1.46,7.58,14.11,3.29,8.69,8.18,50.44,0,62.28,4.46,8.490296567,5.65,227.47
2022,6,10,12,1.73,3.18,4.72,223.83,376.75,28.11,0.95,5,13.88,4.45,9.16,8.85,55.62,0.01,62.26,5.15,9.803817784,6.52,224.85
2022,6,10,13,1.67,2.96,4.52,209.05,349.33,26.09,0.84,4.3,13.12,5.25,9.19,9.28,61,0.19,62.23,5.41,10.29876781,6.86,224.4
2022,6,10,14,1.52,2.53,4.06,189.58,298.77,23.46,0.7,3.52,12.39,5.74,9.06,9.46,65.44,0.31,62.22,5.44,10.35587743,6.9,225.5
2022,6,10,15,1.19,1.94,3.39,146.27,226.75,17.87,0.45,2.3,11.54,5.77,8.65,9.46,69.06,0.27,62.21,5.28,10.0512928,6.71,225.09
2022,6,10,16,0.81,1.26,2.55,96.8,145.75,11.73,0.22,1.08,10.3,5.47,7.88,9.22,73.25,0.22,62.22,4.85,9.232721603,6.16,223.97
2022,6,10,17,0.41,0.61,1.59,47.48,70.25,5.75,0.05,0.27,8.69,5.08,6.88,8.97,79.38,0.18,62.25,4.05,7.709798452,5.13,222.59
2022,6,10,18,0.12,0.15,0.58,13.83,17.27,1.69,0.01,0.02,6.85,4.75,5.8,8.79,88.12,0.15,62.28,3.04,5.787107974,3.92,219.82
2022,6,10,19,0,0,0,0,0,0,0,0,5.24,4.5,4.87,8.61,96.81,0.1,62.32,1.63,3.10295592,2.29,213.04
2022,6,10,20,0,0,0,0,0,0,0,0,5.01,4.23,4.62,8.42,96.56,0.06,62.35,1.25,2.379567423,1.73,209.81
2022,6,10,21,0,0,0,0,0,0,0,0,4.32,3.5,3.9,8,96.25,0.03,62.37,0.56,1.066046206,0.84,222.74
2022,6,10,22,0,0,0,0,0,0,0,0,3.12,2.52,2.83,7.51,97.94,0.03,62.38,0.2,0.380730788,0.35,263.52
2022,6,10,23,0,0,0,0,0,0,0,0,2.15,1.71,1.93,7.08,99.12,0.03,62.37,0.22,0.418803867,0.34,308.45
2022,6,11,0,0,0,0,0,0,0,0,0,1.69,0.36,1.02,6.41,93,0.01,62.34,0.29,0.552059642,0.46,315.69
2022,6,11,1,0,0,0,0,0,0,0,0,1.34,-0.38,0.48,6.1,90.38,0.05,62.31,0.41,0.780498115,0.65,312.09
2022,6,11,2,0,0,0,0,0,0,0,0,0.9,-0.29,0.31,6.16,93.88,0.05,62.28,0.48,0.913753891,0.78,325.2
2022,6,11,3,0,0,0,0,0,0,0,0,0.63,-0.45,0.09,6.04,94.5,0.05,62.26,0.52,0.989900048,0.84,342.07
2022,6,11,4,0,0,0,0,0,0,0,0,0.42,-0.81,-0.2,5.92,93.44,0,62.25,0.57,1.085082745,0.94,356.19
2022,6,11,5,0.05,0.05,0.2,4.58,5.3,0.62,0,0,0.27,-1.27,-0.5,5.68,91.25,0.01,62.26,0.68,1.294484678,1.13,9.59
2022,6,11,6,0.42,0.47,1.14,49.58,55.42,6.39,0.04,0.2,2.52,-0.53,1,6.1,83.5,0.01,62.28,0.84,1.599069309,1.2,11.24
2022,6,11,7,0.91,1.21,2.13,112.73,145.62,14.76,0.23,1.15,5.83,-1.7,2.07,5.68,61.19,0,62.31,1.29,2.455713581,1.55,299.53
2022,6,11,8,1.35,1.99,3.03,169.38,240.83,22.76,0.54,2.75,8.23,-1.88,3.18,5.55,50.88,0,62.32,2.16,4.111892508,2.64,259.59
2022,6,11,9,1.98,2.69,3.79,252.02,327.62,34.41,1.02,5.25,10.19,-1.27,4.46,5.8,46.62,0,62.34,2.94,5.59674258,3.64,239.86
2022,6,11,10,2.12,3.22,4.34,270.62,392.23,38.67,1.32,6.65,11.61,-0.13,5.74,6.35,46.31,0,62.34,3.74,7.119665731,4.66,228.74
2022,6,11,11,2.38,3.51,4.66,315.62,428.58,44.63,1.6,8.48,12.48,1.15,6.82,6.96,48.12,0,62.33,4.51,8.585479264,5.64,223.99
2022,6,11,12,2.06,3.28,4.72,270.92,394.65,35.31,1.24,6.62,12.76,2.58,7.67,7.75,52.38,0,62.31,4.98,9.480196615,6.24,221.85
2022,6,11,13,1.71,3.01,4.52,219.77,360.2,28.63,0.96,4.9,12.26,3.75,8.01,8.36,58.5,0.03,62.29,5.07,9.651525469,6.36,221.36
2022,6,11,14,1.35,2.55,4.07,171.73,302.5,21.7,0.66,3.3,11.62,4.52,8.08,8.79,63.81,0.18,62.28,4.92,9.365977378,6.17,220.89
2022,6,11,15,1.11,1.89,3.4,135.42,221.35,16.47,0.41,2.12,10.94,4.96,7.94,8.97,68.38,0.26,62.26,4.7,8.947173512,5.91,220.93
2022,6,11,16,0.8,1.23,2.55,94.05,141.83,11.27,0.21,1.05,9.99,5.15,7.57,9.03,73.44,0.21,62.25,4.2,7.995346543,5.28,221.16
2022,6,11,17,0.43,0.61,1.59,47.95,70.15,5.72,0.06,0.3,8.7,5.12,6.91,9.03,79.81,0.14,62.25,3.51,6.681825325,4.42,220.99
2022,6,11,18,0.13,0.15,0.59,14.85,18.15,1.88,0.01,0.02,7.04,5,6.01,8.97,88.62,0.08,62.27,2.65,5.044682938,3.41,218.86
2022,6,11,19,0,0,0,0,0,0,0,0,5.7,5.14,5.42,9.03,98.31,0.05,62.31,1.63,3.10295592,2.24,213.47
2022,6,11,20,0,0,0,0,0,0,0,0,5.35,5.01,5.18,8.97,99.94,0.04,62.35,1.18,2.246311648,1.73,210.16
2022,6,11,21,0,0,0,0,0,0,0,0,4.83,4.75,4.8,8.79,100,0.03,62.39,0.7,1.332557757,1.15,221.7
2022,6,11,22,0,0,0,0,0,0,0,0,4.23,4.33,4.28,8.54,100,0.02,62.41,0.37,0.704351957,0.67,242.24
2022,6,11,23,0,0,0,0,0,0,0,0,3.59,3.66,3.62,8.18,100,0.02,62.39,0.16,0.30458463,0.28,286.39
2022,6,12,0,0,0,0,0,0,0,0,0,3.2,2.69,2.95,7.63,99.12,0.01,62.36,0.15,0.285548091,0.19,311.63
2022,6,12,1,0,0,0,0,0,0,0,0,3.37,1.78,2.58,7.14,91.75,0.02,62.33,0.19,0.361694248,0.28,285.95
2022,6,12,2,0,0,0,0,0,0,0,0,3.34,1.38,2.37,6.96,89.38,0.04,62.3,0.26,0.494950024,0.39,290.96
2022,6,12,3,0,0,0,0,0,0,0,0,3.23,1.33,2.28,6.96,89.81,0.03,62.28,0.29,0.552059642,0.45,299.25
2022,6,12,4,0,0,0,0,0,0,0,0,3.02,1.36,2.19,6.96,91.38,0.02,62.28,0.33,0.6282058,0.5,305.43
2022,6,12,5,0.05,0.04,0.2,3.42,4.4,0.43,0,0,3.01,1.57,2.3,7.08,92.81,0.02,62.3,0.33,0.6282058,0.53,328.89
2022,6,12,6,0.18,0.4,1.14,20.98,45.75,2.73,0.02,0.08,4.73,2.55,3.64,7.63,88.5,0,62.33,0.59,1.123155824,0.73,308.95
2022,6,12,7,0.59,1.08,2.13,72.95,123.9,9.52,0.15,0.7,7.18,2.82,5,7.75,76.06,0.01,62.36,1.31,2.49378666,1.57,263.16
2022,6,12,8,0.83,1.89,3.03,107.52,223.42,14.44,0.33,1.65,9.38,2.74,6.06,7.69,65.19,0.01,62.37,2.09,3.978636732,2.56,235.44
2022,6,12,9,0.68,2.62,3.78,94.35,314.35,13.41,0.37,1.92,11.3,3,7.15,7.81,58.44,0,62.39,3.12,5.939400289,3.87,226.55
2022,6,12,10,0.36,3.17,4.34,56.48,383.95,8.34,0.23,1.15,12.6,3.48,8.04,8.18,55.81,0,62.41,4.21,8.014383082,5.27,223.32
2022,6,12,11,0.27,3.49,4.66,43.75,424.2,6.48,0.18,0.95,13.09,4.15,8.62,8.61,57.06,0.03,62.42,4.99,9.499233154,6.28,222.98
2022,6,12,12,0.27,3.1,4.72,43.08,364.15,5.6,0.16,0.83,12.94,4.76,8.85,8.97,60.19,0.15,62.42,5.3,10.08936588,6.68,224
2022,6,12,13,0.28,2.93,4.52,43.45,345.12,5.74,0.16,0.8,12.65,5.26,8.96,9.28,63,0.18,62.4,5.3,10.08936588,6.67,225.38
2022,6,12,14,0.69,2.56,4.07,96.2,301.35,12.62,0.36,1.83,12.15,5.51,8.83,9.34,65.94,0.2,62.38,5.11,9.727671627,6.4,226.14
2022,6,12,15,0.88,2,3.4,111.83,235.73,14.45,0.37,1.9,11.37,5.5,8.43,9.34,69.06,0.17,62.37,4.61,8.775844657,5.78,225.49
2022,6,12,16,0.77,1.33,2.56,92.17,156.65,11.48,0.22,1.05,10.27,5.33,7.8,9.22,73.25,0.13,62.37,3.91,7.4432869,4.89,224.81
2022,6,12,17,0.43,0.65,1.6,49.45,75.1,5.96,0.06,0.3,9,5.15,7.08,9.09,78.75,0.13,62.37,3.13,5.958436828,3.93,224.84
2022,6,12,18,0.14,0.16,0.6,16.52,19.27,2.1,0.01,0.02,7.55,5.08,6.31,9.03,86.44,0.1,62.39,2.3,4.378404059,2.96,225.32
2022,6,12,19,0,0,0,0,0,0,0,0,6.32,5.33,5.83,9.16,95.75,0.1,62.44,1.46,2.779334751,2.01,225.63
2022,6,12,20,0,0,0,0,0,0,0,0,6.09,5.43,5.76,9.22,97.62,0.1,62.49,1.24,2.360530884,1.68,225.56
2022,6,12,21,0,0,0,0,0,0,0,0,5.67,5.3,5.48,9.09,99.69,0.08,62.52,0.71,1.351594296,1.13,236.53
2022,6,12,22,0,0,0,0,0,0,0,0,5.21,5.07,5.14,8.97,100,0.05,62.52,0.56,1.066046206,0.96,254.5
2022,6,12,23,0,0,0,0,0,0,0,0,4.6,4.64,4.62,8.73,100,0.04,62.51,0.51,0.970863509,0.93,266.15
2022,6,13,0,0,0,0,0,0,0,0,0,4.19,4.15,4.18,8.42,100,0.03,62.48,0.43,0.818571194,0.78,286.98
2022,6,13,1,0,0,0,0,0,0,0,0,3.92,3.69,3.8,8.18,100,0.04,62.44,0.38,0.723388497,0.69,315
2022,6,13,2,0,0,0,0,0,0,0,0,3.9,3.38,3.64,8,98.88,0.04,62.41,0.42,0.799534654,0.75,332.9
2022,6,13,3,0,0,0,0,0,0,0,0,3.77,2.94,3.36,7.75,96.81,0.01,62.39,0.52,0.989900048,0.89,328.69
2022,6,13,4,0,0,0,0,0,0,0,0,3.52,2.58,3.05,7.57,95.88,0.01,62.39,0.55,1.047009666,0.92,329.53
2022,6,13,5,0.04,0.05,0.2,3.6,5.25,0.48,0,0,3.4,2.4,2.9,7.45,95.44,0.01,62.41,0.55,1.047009666,0.97,338.2
2022,6,13,6,0.27,0.46,1.13,33.9,54.77,4.48,0.03,0.15,5.1,2.76,3.93,7.69,87.12,0.03,62.44,0.96,1.827507781,1.24,328.42
2022,6,13,7,0.62,1.18,2.12,80.45,146.33,10.53,0.16,0.8,7.4,3.03,5.22,7.81,75.69,0.02,62.46,1.35,2.569932817,1.63,283.57
2022,6,13,8,1.01,1.96,3.03,132.85,245.05,18.24,0.42,2.12,9.8,3.5,6.65,8.06,66.44,0,62.47,2.08,3.959600193,2.55,246.73
2022,6,13,9,1.98,2.64,3.78,259.75,332.45,34.83,0.99,5.17,11.72,4.02,7.87,8.36,60.75,0,62.49,3.11,5.920363749,3.86,231.25
2022,6,13,10,2.53,3.2,4.34,328.9,399.25,45.15,1.51,7.52,12.9,4.69,8.8,8.79,59.12,0,62.49,4.09,7.785944609,5.13,225.37
2022,6,13,11,2.34,3.56,4.66,311.45,438.75,44.8,1.62,8.48,13.38,5.34,9.36,9.22,60.12,0.02,62.48,4.82,9.175611985,6.07,223.85
2022,6,13,12,2.22,3.37,4.72,289.92,406.62,37.63,1.34,7.08,13.48,5.93,9.7,9.58,62.06,0.06,62.45,5.21,9.918037021,6.58,223.84
2022,6,13,13,1.92,3.13,4.52,247.15,377.42,32.1,1.09,5.52,13.37,6.34,9.86,9.83,63.94,0.14,62.41,5.32,10.12743895,6.72,223.96
2022,6,13,14,1.58,2.69,4.07,198.65,324.92,25.89,0.8,4,12.98,6.58,9.79,9.95,66.31,0.19,62.38,5.22,9.93707356,6.59,224.52
2022,6,13,15,1.21,2.09,3.4,154.7,252.33,19.79,0.52,2.65,12.3,6.6,9.45,9.95,69.25,0.2,62.35,4.98,9.480196615,6.3,224.65
2022,6,13,16,0.87,1.39,2.56,109.15,167.15,13.7,0.27,1.3,11.26,6.4,8.83,9.77,73,0.2,62.33,4.56,8.680661961,5.77,225.49
2022,6,13,17,0.41,0.69,1.6,49.98,83.17,6.16,0.06,0.33,9.9,6.11,8,9.58,78.5,0.16,62.34,3.95,7.519433058,5.04,226.26
2022,6,13,18,0.15,0.17,0.6,17.73,20.8,2.27,0.01,0.02,8.18,5.95,7.06,9.52,87.19,0.26,62.36,3.18,6.053619525,4.15,224.62
2022,6,13,19,0,0,0,0,0,0,0,0,6.83,6.03,6.43,9.52,96.06,0.14,62.4,2.32,4.416477138,3.1,219.79
2022,6,13,20,0,0,0,0,0,0,0,0,6.53,5.84,6.19,9.4,96.88,0.07,62.44,2.01,3.826344417,2.68,218.84
2022,6,13,21,0,0,0,0,0,0,0,0,6.08,5.6,5.83,9.28,98.38,0.02,62.47,1.36,2.588969357,1.92,221.03
2022,6,13,22,0,0,0,0,0,0,0,0,5.83,5.4,5.62,9.16,98.62,0.01,62.47,1.13,2.151128951,1.65,225.77
2022,6,13,23,0,0,0,0,0,0,0,0,5.57,5.2,5.39,9.03,99.19,0.02,62.45,1,1.903653939,1.5,232.83
2022,6,14,0,0,0,0,0,0,0,0,0,5.23,4.95,5.09,8.85,100,0.02,62.42,0.83,1.580032769,1.27,245.18
2022,6,14,1,0,0,0,0,0,0,0,0,4.73,4.67,4.7,8.73,100,0.01,62.39,0.61,1.161228903,1.1,258.13
2022,6,14,2,0,0,0,0,0,0,0,0,4.33,4.5,4.41,8.67,100,0.01,62.36,0.6,1.142192363,1.18,264.7
2022,6,14,3,0,0,0,0,0,0,0,0,4.05,4.4,4.23,8.61,100,0.07,62.34,0.65,1.23737506,1.26,260.01
2022,6,14,4,0,0,0,0,0,0,0,0,3.85,4.33,4.09,8.54,100,0.23,62.34,0.7,1.332557757,1.28,255.2
2022,6,14,5,0.04,0.05,0.2,3.33,5.73,0.46,0,0,3.98,4.27,4.12,8.54,100,0.23,62.35,0.63,1.199301981,1.09,256.26
2022,6,14,6,0.2,0.52,1.13,22.23,61.42,2.79,0.02,0.08,5.72,4.55,5.13,8.73,94.81,0.1,62.37,1.07,2.036909714,1.36,265.37
2022,6,14,7,0.58,1.29,2.12,74.2,157.23,10.46,0.17,0.85,7.58,4.47,6.02,8.67,83.06,0.01,62.4,1.52,2.893553987,1.84,267.56
2022,6,14,8,0.94,2.11,3.02,125.98,258.17,18.27,0.45,2.33,9.71,4.31,7.01,8.61,71.25,0,62.43,2.18,4.149965586,2.68,246.43
2022,6,14,9,1.3,2.81,3.78,175.17,345.65,25.52,0.77,4.05,11.57,4.37,7.97,8.61,63.19,0,62.45,3.07,5.844217592,3.81,234.26
2022,6,14,10,1.42,3.33,4.34,195.77,410.35,29.23,1.01,5.02,12.89,4.69,8.79,8.85,59.31,0,62.46,3.97,7.557506137,4.97,229.02
2022,6,14,11,2.07,3.64,4.66,284.08,447.98,41.7,1.55,8.12,13.55,5.19,9.37,9.16,59,0,62.45,4.73,9.00428313,5.96,227.02
2022,6,14,12,2.05,3.32,4.72,271.55,401.98,35.17,1.26,6.73,13.44,5.73,9.58,9.52,61.5,0.02,62.43,5.16,9.822854324,6.53,227.18
2022,6,14,13,1.82,3.1,4.52,237.15,376.62,30.79,1.05,5.42,13.2,6.19,9.7,9.77,64.12,0.26,62.4,5.35,10.18454857,6.78,227.52
2022,6,14,14,1.53,2.68,4.07,199.17,327.17,25.79,0.81,4.08,12.66,6.51,9.59,9.95,67.56,0.66,62.37,5.29,10.07032934,6.72,227.78
2022,6,14,15,1.2,2.08,3.4,155,253.15,19.7,0.52,2.7,11.98,6.6,9.3,10.01,71,0.8,62.35,4.98,9.480196615,6.33,228.85
2022,6,14,16,0.73,1.33,2.56,89.4,160.65,10.98,0.22,1.05,11.14,6.5,8.82,9.95,74.62,0.83,62.32,4.56,8.680661961,5.82,231.05
2022,6,14,17,0.37,0.66,1.61,43.35,79.42,5.3,0.05,0.27,9.94,6.4,8.17,9.89,80.25,0.73,62.32,3.92,7.46232344,5.04,232.24
2022,6,14,18,0.09,0.17,0.61,11.98,20.5,1.59,0.01,0.02,8.42,6.48,7.45,9.89,89.31,0.41,62.34,3.02,5.749034895,3.94,231.93
2022,6,14,19,0,0,0,0,0,0,0,0,7.3,6.65,6.98,10.01,97.31,0.27,62.37,2.12,4.03574635,2.85,228
2022,6,14,20,0,0,0,0,0,0,0,0,7.02,6.63,6.83,9.95,99.06,0.19,62.4,1.65,3.141028999,2.24,226.69
2022,6,14,21,0,0,0,0,0,0,0,0,6.7,6.41,6.56,9.83,99.75,0.1,62.44,1.23,2.341494345,1.82,228.31
2022,6,14,22,0,0,0,0,0,0,0,0,6.33,6.23,6.29,9.7,100,0.11,62.45,1.02,1.941727017,1.6,229.76
2022,6,14,23,0,0,0,0,0,0,0,0,6.07,6.05,6.06,9.58,100,0.2,62.44,0.91,1.732325084,1.48,235.3
2022,6,15,0,0,0,0,0,0,0,0,0,5.84,5.83,5.83,9.46,100,0.2,62.41,0.95,1.808471242,1.55,241.62
2022,6,15,1,0,0,0,0,0,0,0,0,5.51,5.58,5.54,9.28,100,0.1,62.38,0.83,1.580032769,1.44,247.62
2022,6,15,2,0,0,0,0,0,0,0,0,5.12,5.34,5.23,9.16,100,0.04,62.35,0.71,1.351594296,1.36,252.29
2022,6,15,3,0,0,0,0,0,0,0,0,4.71,5.11,4.9,9.03,100,0.03,62.33,0.69,1.313521218,1.43,255.13
2022,6,15,4,0,0,0,0,0,0,0,0,4.35,4.81,4.58,8.85,100,0.04,62.31,0.69,1.313521218,1.44,259.06
2022,6,15,5,0.05,0.05,0.19,4.02,5.73,0.55,0,0,4.26,4.56,4.4,8.67,100,0.07,62.32,0.66,1.2564116,1.3,261.33
2022,6,15,6,0.23,0.5,1.13,27.62,61.73,3.9,0.02,0.12,5.99,4.78,5.39,8.85,94.25,0,62.33,1.33,2.531859738,1.69,264.71
2022,6,15,7,0.73,1.27,2.12,92.42,158.02,13.04,0.21,1.02,7.81,4.6,6.2,8.73,82.25,0,62.35,1.82,3.464650168,2.23,263.77
2022,6,15,8,1.13,2.07,3.02,147.33,259.12,21.17,0.51,2.58,9.85,4.71,7.28,8.79,72.31,0,62.37,2.52,4.797207926,3.11,242.34
2022,6,15,9,1.61,2.77,3.78,212.35,346.52,30.66,0.91,4.77,11.49,5.02,8.26,9.03,66.44,0.01,62.38,3.31,6.301094537,4.11,232.96
2022,6,15,10,1.78,3.29,4.33,239.05,411.33,34.99,1.19,5.9,12.77,5.5,9.13,9.4,63.5,0.02,62.39,4.16,7.919200385,5.21,229.38
2022,6,15,11,2.02,3.6,4.65,277.02,448.73,40.55,1.46,7.55,13.37,6.05,9.71,9.83,63.69,0.12,62.39,5,9.518269694,6.3,228.22
2022,6,15,12,1.65,3.59,4.72,231.2,448.08,34.03,1.22,6.42,13.54,6.55,10.04,10.13,65.19,0.33,62.37,5.58,10.62238898,7.07,228.27
2022,6,15,13,1.2,3.32,4.52,174.58,412.77,25.37,0.87,4.35,13.31,6.93,10.12,10.38,67.56,0.63,62.35,5.8,11.04119284,7.37,229.13
2022,6,15,14,1.02,2.82,4.07,144.05,347.6,19.84,0.61,3.08,12.69,7.09,9.89,10.44,70.94,0.9,62.33,5.61,10.6794986,7.12,230.07
2022,6,15,15,0.91,2.15,3.41,124.02,262.77,16.61,0.44,2.27,11.88,7.18,9.53,10.5,75,1.09,62.31,5.23,9.956110099,6.65,228.38
2022,6,15,16,0.49,1.38,2.57,64.58,166.5,7.77,0.15,0.73,10.98,7.12,9.05,10.44,79.31,1.27,62.29,4.79,9.118502366,6.11,226.45
2022,6,15,17,0.47,0.66,1.61,57.75,78.4,7.35,0.08,0.4,9.84,6.95,8.4,10.31,84.62,1.26,62.3,4.25,8.09052924,5.49,224.25
2022,6,15,18,0.11,0.16,0.61,13.85,19.75,1.77,0.01,0.02,8.48,6.94,7.71,10.31,92.62,0.77,62.33,3.43,6.52953301,4.52,220.93
2022,6,15,19,0,0,0,0,0,0,0,0,7.56,7.15,7.36,10.44,99.75,0.72,62.37,2.5,4.759134847,3.39,214.75
2022,6,15,20,0,0,0,0,0,0,0,0,7.34,7.12,7.23,10.38,100,0.71,62.4,2.17,4.130929047,2.98,210.4
2022,6,15,21,0,0,0,0,0,0,0,0,6.94,6.83,6.89,10.19,100,0.73,62.41,1.9,3.616942484,2.67,212.34
2022,6,15,22,0,0,0,0,0,0,0,0,6.51,6.55,6.53,10.01,100,0.95,62.4,1.72,3.274284775,2.51,218.69
2022,6,15,23,0,0,0,0,0,0,0,0,6.46,6.41,6.44,9.89,100,1.1,62.38,1.71,3.255248235,2.5,229.69
2022,6,16,0,0,0,0,0,0,0,0,0,6.22,6.27,6.24,9.83,100,0.93,62.35,1.52,2.893553987,2.31,237.97
2022,6,16,1,0,0,0,0,0,0,0,0,5.89,6.04,5.96,9.64,100,0.56,62.32,1.22,2.322457805,1.99,247.57
2022,6,16,2,0,0,0,0,0,0,0,0,5.39,5.69,5.54,9.46,100,0.26,62.3,0.95,1.808471242,1.7,257.81
2022,6,16,3,0,0,0,0,0,0,0,0,4.72,5.18,4.94,9.16,100,0.15,62.28,0.78,1.484850072,1.48,269.09
2022,6,16,4,0,0,0,0,0,0,0,0,4.53,4.83,4.68,8.91,100,0.06,62.28,0.65,1.23737506,1.14,278.3
2022,6,16,5,0.04,0.04,0.19,3.67,5.25,0.5,0,0,4.65,4.59,4.62,8.79,100,0.04,62.29,0.36,0.685315418,0.57,290.19
2022,6,16,6,0.19,0.44,1.13,23.15,54.12,3.17,0.02,0.1,6.21,4.32,5.26,8.67,90.81,0.04,62.29,0.49,0.93279043,0.58,171.43
2022,6,16,7,0.78,1.14,2.11,98.75,141.6,13.04,0.2,1,7.17,3.37,5.27,8.12,79.56,0.05,62.32,1.18,2.246311648,1.43,172.14
2022,6,16,8,1.34,1.91,3.02,175.98,238.98,23.84,0.56,2.88,8.15,4.27,6.21,8.61,79,0.04,62.37,1.99,3.788271338,2.41,209.14
2022,6,16,9,1.75,2.58,3.77,232.33,323.2,32,0.94,4.88,9.47,5.8,7.63,9.52,80.31,0.05,62.42,3.61,6.872190719,4.5,232.12
2022,6,16,10,1.93,3.13,4.33,257.6,393.05,37.02,1.26,6.27,11.21,6.2,8.71,9.83,73.5,0.05,62.44,5.08,9.670562009,6.49,238.84
2022,6,16,11,2.12,3.45,4.65,293.23,431.88,42,1.52,7.92,12.3,6.01,9.15,9.77,68,0.07,62.44,5.61,10.6794986,7.12,238.23
2022,6,16,12,2,3.48,4.72,276.67,432.9,39.53,1.42,7.52,12.57,5.87,9.22,9.77,66.81,0.09,62.42,5.51,10.4891332,6.96,235.99
2022,6,16,13,1.55,3.15,4.52,211.73,386.05,29.28,1,5.1,12.46,5.8,9.13,9.77,67.44,0.08,62.38,5.31,10.10840241,6.66,234.84
2022,6,16,14,1.08,2.56,4.07,142.58,306.62,19.03,0.59,2.95,12.11,5.71,8.9,9.77,68.81,0.11,62.34,5.06,9.63248893,6.33,235.15
2022,6,16,15,0.97,1.83,3.41,121.95,212.67,15.25,0.39,2.02,11.62,5.53,8.58,9.58,69.94,0.13,62.31,4.61,8.775844657,5.76,234.16
2022,6,16,16,0.7,1.15,2.57,83.6,129.48,10.09,0.2,0.95,10.7,5.3,8,9.4,72.75,0.21,62.29,4.01,7.633652294,5.01,233.18
2022,6,16,17,0.3,0.57,1.62,35.45,64.42,4.45,0.05,0.23,9.39,5.14,7.26,9.28,78.25,0.36,62.29,3.44,6.548569549,4.31,233.63
2022,6,16,18,0.12,0.15,0.62,14.42,18.1,1.82,0.01,0.02,7.65,5.12,6.38,9.22,87.75,0.09,62.32,2.63,5.006609859,3.38,234.4
2022,6,16,19,0,0,0,0,0,0,0,0,6.01,5.56,5.79,9.52,100,0.12,62.36,1.24,2.360530884,1.8,232.58
2022,6,16,20,0,0,0,0,0,0,0,0,5.53,5.35,5.44,9.34,100,0.12,62.39,0.83,1.580032769,1.33,241.63
2022,6,16,21,0,0,0,0,0,0,0,0,4.85,4.64,4.74,8.91,100,0.13,62.41,0.5,0.951826969,0.9,270.5
2022,6,16,22,0,0,0,0,0,0,0,0,4.26,3.96,4.11,8.48,100,0.16,62.39,0.42,0.799534654,0.78,298.61
2022,6,16,23,0,0,0,0,0,0,0,0,4.2,3.15,3.68,8,96.88,0.15,62.36,0.4,0.761461575,0.71,298.26
2022,6,17,0,0,0,0,0,0,0,0,0,4.35,2.87,3.61,7.87,94.31,0.23,62.32,0.26,0.494950024,0.44,283.3
2022,6,17,1,0,0,0,0,0,0,0,0,4.25,3.31,3.78,8.12,97.88,0.54,62.26,0.11,0.209401933,0.17,297.76
2022,6,17,2,0,0,0,0,0,0,0,0,4.33,3.58,3.96,8.24,98.44,0.98,62.17,0.18,0.342657709,0.29,292.38
2022,6,17,3,0,0,0,0,0,0,0,0,4.62,4.04,4.33,8.42,98.81,1.28,62.12,0.42,0.799534654,0.8,242.19
2022,6,17,4,0,0,0,0,0,0,0,0,4.1,4.01,4.06,8.42,100,1.69,62.1,0.62,1.180265442,1.1,217.52
2022,6,17,5,0.04,0.04,0.19,2.92,4.58,0.4,0,0,3.79,3.54,3.66,8.12,100,1.86,62.15,0.56,1.066046206,0.97,197.85
2022,6,17,6,0.32,0.41,1.12,37.15,48.52,4.85,0.03,0.15,4.59,3.74,4.16,8.24,97.06,0.17,62.23,1.19,2.265348187,1.6,203.31
2022,6,17,7,0.8,1.12,2.11,98.75,134.8,13.22,0.2,0.98,5.42,4.32,4.87,8.61,95.25,0.13,62.29,2.12,4.03574635,2.7,222.77
2022,6,17,8,1.46,1.89,3.01,183.48,231.1,24.78,0.56,2.8,7.01,5.27,6.15,9.16,90.81,0.15,62.32,3.58,6.815081101,4.62,226.92
2022,6,17,9,2.11,2.65,3.77,268.12,329.1,37.52,1.06,5.42,9.07,6.05,7.56,9.64,83.5,0.15,62.35,5.01,9.537306233,6.6,230.86
2022,6,17,10,2.3,3.16,4.33,298.02,391.95,42.23,1.38,7.08,10.38,6.23,8.31,9.83,77.88,0.18,62.36,5.64,10.73660821,7.36,232.77
2022,6,17,11,2.38,3.45,4.65,320.02,428.17,46.03,1.63,8.52,10.83,6.09,8.47,9.77,75,0.21,62.36,5.59,10.64142552,7.22,233.32
2022,6,17,12,2.07,3.34,4.72,268.33,409.9,37.89,1.33,7,11.08,6.12,8.61,9.83,74,0.2,62.33,5.47,10.41298704,7.02,232.59
2022,6,17,13,1.85,3.15,4.52,240.52,386.23,34.16,1.15,5.85,11.33,6.27,8.8,9.95,73.56,0.16,62.29,5.45,10.37491397,6.96,231.38
2022,6,17,14,1.42,2.76,4.08,189.73,337.38,27.11,0.85,4.27,11.2,6.34,8.77,9.95,74.5,0.13,62.25,5.44,10.35587743,6.95,230.66
2022,6,17,15,1.15,2.16,3.41,152.52,262.58,20.87,0.55,2.83,10.77,6.3,8.54,9.95,76.38,0.1,62.23,5.23,9.956110099,6.69,231.16
2022,6,17,16,0.73,1.43,2.57,93.8,171.48,12.8,0.25,1.23,10.08,6.08,8.08,9.83,78.94,0.06,62.21,4.69,8.928136973,5.99,232.1
2022,6,17,17,0.37,0.69,1.62,44.27,80.73,5.84,0.06,0.3,9.05,5.91,7.48,9.7,83.75,0.04,62.22,3.88,7.386177282,4.96,232.48
2022,6,17,18,0.14,0.18,0.62,16.88,21.6,2.29,0.01,0.02,7.8,6.01,6.9,9.77,92,0.03,62.22,2.8,5.330231028,3.69,228.44
2022,6,17,19,0,0,0,0,0,0,0,0,6.73,6.47,6.6,10.07,100,0.05,62.21,1.48,2.817407829,2.19,212.33
2022,6,17,20,0,0,0,0,0,0,0,0,6.72,6.81,6.76,10.31,100,0.08,62.22,1.74,3.312357853,2.58,206.1
2022,6,17,21,0,0,0,0,0,0,0,0,6.86,7.07,6.96,10.44,100,0.11,62.25,2.4,4.568769453,3.52,211.01
2022,6,17,22,0,0,0,0,0,0,0,0,6.83,6.95,6.89,10.31,100,0.15,62.29,3.39,6.453386852,4.82,216.63
2022,6,17,23,0,0,0,0,0,0,0,0,6.31,6.29,6.3,9.83,100,0.19,62.3,3.65,6.948336876,5.08,218.26
2022,6,18,0,0,0,0,0,0,0,0,0,5.84,5.69,5.76,9.4,100,0.26,62.29,3.13,5.958436828,4.32,215.73
2022,6,18,1,0,0,0,0,0,0,0,0,5.69,5.52,5.6,9.28,100,0.37,62.26,2.38,4.530696374,3.32,209.58
2022,6,18,2,0,0,0,0,0,0,0,0,5.49,5.4,5.44,9.22,100,0.53,62.22,2.11,4.016709811,3.03,216.72
2022,6,18,3,0,0,0,0,0,0,0,0,5.27,5.34,5.3,9.22,100,0.71,62.2,1.68,3.198138617,2.58,224.88
2022,6,18,4,0,0,0,0,0,0,0,0,4.98,5.24,5.12,9.16,100,0.75,62.21,1.28,2.436677042,2.18,229.8
2022,6,18,5,0.04,0.04,0.19,3.35,5.05,0.47,0,0,4.75,5.05,4.9,9.03,100,0.66,62.25,1.06,2.017873175,1.91,232.66
2022,6,18,6,0.19,0.46,1.12,24.23,53.8,3.37,0.02,0.1,5.8,4.77,5.29,8.85,95.69,0.37,62.29,1.85,3.521759787,2.41,238.11
2022,6,18,7,0.42,1.22,2.11,55.2,148.75,8.09,0.12,0.6,7.12,4.28,5.7,8.54,84.19,0.13,62.32,2.32,4.416477138,2.89,238.24
2022,6,18,8,0.99,2.01,3.01,131.52,248.92,18.91,0.42,2.12,8.73,4.28,6.51,8.54,75.38,0.04,62.35,3.2,6.091692604,4.02,228.78
2022,6,18,9,1.52,2.72,3.77,204.38,338.33,29.77,0.84,4.35,10.01,4.35,7.18,8.61,69.62,0.03,62.37,3.98,7.576542676,5.01,226.45
2022,6,18,10,1.72,3.21,4.33,231.9,398.88,34.38,1.12,5.55,11.01,4.75,7.87,8.85,67.12,0.04,62.37,4.53,8.623552342,5.71,225.94
2022,6,18,11,1.81,3.51,4.65,249.38,437.2,36.98,1.27,6.52,11.58,5.34,8.47,9.28,67.56,0.04,62.36,4.86,9.251758142,6.12,226.4
2022,6,18,12,1.84,3.45,4.72,252.42,430.1,36.45,1.25,6.48,11.88,5.89,8.89,9.64,68.81,0.05,62.33,5.01,9.537306233,6.3,226.31
2022,6,18,13,1.64,3.22,4.52,224.92,400.15,32.11,1.06,5.27,12.02,6.18,9.1,9.83,69.5,0.06,62.3,5.12,9.746708166,6.45,226.03
2022,6,18,14,1.44,2.79,4.08,195.77,345.88,27.3,0.82,4.12,11.83,6.38,9.11,9.95,71.38,0.07,62.27,5.12,9.746708166,6.46,226.18
2022,6,18,15,1.03,2.18,3.41,139.88,269.58,19.38,0.49,2.5,11.45,6.51,8.98,10.01,73.81,0.08,62.25,5.06,9.63248893,6.42,225.79
2022,6,18,16,0.65,1.48,2.58,87.2,181.42,12.12,0.23,1.12,10.65,6.42,8.54,10.01,77.44,0.09,62.24,4.86,9.251758142,6.19,226.53
2022,6,18,17,0.36,0.75,1.63,42.92,90.4,5.62,0.05,0.27,9.46,6.19,7.83,9.83,82.5,0.1,62.25,4.32,8.223785015,5.55,227.51
2022,6,18,18,0.14,0.2,0.63,17.5,23.98,2.45,0.01,0.02,7.98,6.11,7.05,9.77,90.75,0.19,62.27,3.38,6.434350313,4.43,227.28
2022,6,18,19,0,0,0,0,0,0,0,0,6.76,6.43,6.6,10.01,100,0.19,62.29,1.89,3.597905944,2.61,222.94
2022,6,18,20,0,0,0,0,0,0,0,0,6.76,6.62,6.69,10.13,100,0.21,62.31,1.47,2.79837129,2.15,215.25
2022,6,18,21,0,0,0,0,0,0,0,0,6.63,6.65,6.65,10.19,100,0.25,62.33,1.41,2.684152054,2.16,206.47
2022,6,18,22,0,0,0,0,0,0,0,0,6.65,6.8,6.73,10.25,100,0.32,62.32,1.42,2.703188593,2.24,202.36
2022,6,18,23,0,0,0,0,0,0,0,0,6.94,7.12,7.03,10.5,100,0.37,62.27,2.09,3.978636732,3.11,206.76
2022,6,19,0,0,0,0,0,0,0,0,0,7.16,7.16,7.16,10.5,100,0.39,62.24,3.18,6.053619525,4.5,216.75
2022,6,19,1,0,0,0,0,0,0,0,0,6.96,6.93,6.94,10.25,100,0.37,62.23,3.46,6.586642628,4.85,228.59
2022,6,19,2,0,0,0,0,0,0,0,0,6.69,6.66,6.68,10.07,100,0.3,62.21,2.93,5.57770604,4.16,237.12
2022,6,19,3,0,0,0,0,0,0,0,0,6,6.19,6.1,9.77,100,0.2,62.18,1.51,2.874517447,2.43,239.73
2022,6,19,4,0,0,0,0,0,0,0,0,5.33,5.81,5.57,9.52,100,0.1,62.16,0.97,1.846544321,1.89,236.84
2022,6,19,5,0.04,0.05,0.19,3.42,5.62,0.5,0,0,5.19,5.52,5.35,9.34,100,0.04,62.16,0.84,1.599069309,1.63,232.03
2022,6,19,6,0.34,0.51,1.12,42.4,61.92,5.73,0.03,0.15,6.5,5.58,6.04,9.4,96.5,0.06,62.18,1.65,3.141028999,2.12,237.77
2022,6,19,7,0.85,1.24,2.11,105.58,151.92,14.02,0.2,0.98,8,5.64,6.82,9.46,87.5,0.04,62.21,2.14,4.073819429,2.65,240.72
2022,6,19,8,1.47,2.04,3.01,187.75,253.62,25.92,0.56,2.83,10.02,5.61,7.81,9.4,76.25,0.03,62.24,3.04,5.787107974,3.78,229.19
2022,6,19,9,1.98,2.78,3.77,258.4,348.65,37.22,1.04,5.27,11.59,5.68,8.64,9.46,69.06,0.04,62.28,4.23,8.052456161,5.32,223.81
2022,6,19,10,2.49,3.3,4.33,325.58,414.15,47.6,1.53,7.77,12.36,6.2,9.28,9.83,68.06,0.06,62.31,5.12,9.746708166,6.46,222.74
2022,6,19,11,2.63,3.6,4.65,355.52,450.92,52.61,1.82,9.45,12.5,6.64,9.57,10.13,69.44,0.09,62.32,5.64,10.73660821,7.11,223.22
2022,6,19,12,2.22,3.69,4.72,307.2,468.1,47.48,1.67,8.7,12.26,6.76,9.51,10.13,70.88,0.15,62.31,5.86,11.15541208,7.39,223.72
2022,6,19,13,2,3.44,4.52,270.1,434.6,40.34,1.36,6.92,11.95,6.64,9.3,10.07,71.62,0.25,62.27,5.76,10.96504669,7.25,224.21
2022,6,19,14,1.35,2.95,4.08,184.75,369.3,27.14,0.82,4.15,11.58,6.44,9.01,9.95,72.44,0.38,62.23,5.5,10.47009666,6.91,224.54
2022,6,19,15,1.02,2.27,3.42,136,281.8,19.12,0.48,2.42,11.08,6.19,8.63,9.77,73.69,0.46,62.21,5.18,9.860927403,6.52,225.53
2022,6,19,16,0.61,1.5,2.58,77.9,182.9,10.64,0.2,0.95,10.25,5.91,8.08,9.58,76.5,0.41,62.19,4.78,9.099465827,6.03,226.47
2022,6,19,17,0.25,0.77,1.63,30.85,91.88,4.21,0.04,0.2,8.94,5.64,7.29,9.46,82.06,0.32,62.2,4.16,7.919200385,5.27,226.8
2022,6,19,18,0.1,0.2,0.63,13.12,24.17,1.85,0.01,0.02,7.25,5.49,6.37,9.34,91.19,0.32,62.23,3.34,6.358204155,4.32,225
2022,6,19,19,0,0,0,0,0,0,0,0,5.58,5.65,5.62,9.46,100,0.2,62.26,1.89,3.597905944,2.79,216.36
2022,6,19,20,0,0,0,0,0,0,0,0,5.85,5.66,5.76,9.4,100,0.11,62.3,1.94,3.693088641,2.72,213.42
2022,6,19,21,0,0,0,0,0,0,0,0,5.42,5.11,5.26,9.03,100,0.08,62.34,1.97,3.750198259,2.73,211.55
2022,6,19,22,0,0,0,0,0,0,0,0,4.95,4.8,4.87,8.85,100,0.07,62.34,1.83,3.483686708,2.59,207.49
2022,6,19,23,0,0,0,0,0,0,0,0,4.68,4.67,4.68,8.79,100,0.1,62.31,1.83,3.483686708,2.65,209.28
2022,6,20,0,0,0,0,0,0,0,0,0,4.44,4.55,4.5,8.67,100,0.12,62.26,1.81,3.445613629,2.69,212.54
2022,6,20,1,0,0,0,0,0,0,0,0,4.04,4.23,4.13,8.48,100,0.14,62.22,1.52,2.893553987,2.36,213.64
2022,6,20,2,0,0,0,0,0,0,0,0,3.57,3.83,3.7,8.3,100,0.11,62.18,1.1,2.094019333,1.87,216.49
2022,6,20,3,0,0,0,0,0,0,0,0,3.15,3.54,3.34,8.12,100,0.06,62.15,0.76,1.446776993,1.5,217.59
2022,6,20,4,0,0,0,0,0,0,0,0,2.98,3.37,3.17,8.06,100,0.03,62.13,0.62,1.180265442,1.2,210.07
2022,6,20,5,0.05,0.04,0.19,4.08,4.42,0.55,0,0,3.2,3.28,3.24,8,100,0.02,62.13,0.5,0.951826969,0.89,191.71
2022,6,20,6,0.36,0.4,1.12,42.15,46.9,5.57,0.03,0.15,4.69,3.54,4.12,8.12,94.81,0.01,62.16,0.88,1.675215466,1.08,201.72
2022,6,20,7,0.79,1.1,2.1,97.83,130.52,12.89,0.19,0.9,6.7,3.5,5.1,8.12,82.25,0.02,62.19,1.86,3.540796326,2.27,227.23
2022,6,20,8,1.28,1.89,3,163.55,231.15,22.21,0.49,2.45,8.87,3.38,6.12,8.12,70.81,0.02,62.23,3.02,5.749034895,3.73,226.87
2022,6,20,9,1.99,2.63,3.76,258.73,326.92,35.84,1,5.15,10.62,3.09,6.86,8,62.12,0.02,62.25,4.08,7.76690807,5.09,225.68
2022,6,20,10,2.26,3.22,4.32,300.45,404.88,43.29,1.41,7.1,11.53,3.56,7.55,8.3,60.69,0.02,62.27,4.76,9.061392748,5.95,223.46
2022,6,20,11,2.23,3.56,4.65,309.38,447.92,45.71,1.59,8.27,11.89,4.37,8.13,8.73,62.5,0.04,62.27,5.15,9.803817784,6.43,221.26
2022,6,20,12,1.96,3.58,4.72,274.7,449.6,40.62,1.43,7.45,11.85,4.94,8.4,9.03,64.69,0.05,62.25,5.37,10.22262165,6.72,219.52
2022,6,20,13,1.49,3.39,4.52,209.4,425.25,31.48,1.06,5.35,11.64,5.21,8.43,9.16,66.44,0.11,62.22,5.42,10.31780435,6.78,218.82
2022,6,20,14,1.45,2.96,4.08,198.98,371.8,28.84,0.89,4.48,11.32,5.15,8.23,9.09,67.44,0.21,62.18,5.3,10.08936588,6.64,218.55
2022,6,20,15,1.11,2.34,3.42,150.62,292.92,21.73,0.56,2.88,10.72,4.89,7.8,8.97,69,0.32,62.15,5,9.518269694,6.27,218.11
2022,6,20,16,0.77,1.59,2.58,103.2,196.73,14.74,0.28,1.4,9.78,4.62,7.2,8.79,72.06,0.45,62.12,4.55,8.661625421,5.7,218.27
2022,6,20,17,0.37,0.83,1.63,47.55,101.12,6.76,0.07,0.35,8.35,4.58,6.47,8.79,79.19,0.64,62.12,3.87,7.367140743,4.87,217.57
2022,6,20,18,0.12,0.22,0.64,15.48,26.42,2.19,0.01,0.02,6.57,4.61,5.59,8.79,89.69,0.21,62.13,2.94,5.59674258,3.74,214.72
2022,6,20,19,0,0,0,0,0,0,0,0,5.17,4.69,4.93,8.85,99.38,0.26,62.16,1.69,3.217175156,2.3,205.96
2022,6,20,20,0,0,0,0,0,0,0,0,4.99,4.51,4.75,8.73,99.31,0.29,62.19,1.43,2.722225132,1.94,197.78
2022,6,20,21,0,0,0,0,0,0,0,0,4.39,3.9,4.15,8.36,99.38,0.37,62.22,0.97,1.846544321,1.41,198.74
2022,6,20,22,0,0,0,0,0,0,0,0,3.59,3.23,3.4,7.93,100,0.45,62.23,0.59,1.123155824,0.96,201.97
2022,6,20,23,0,0,0,0,0,0,0,0,2.86,2.46,2.66,7.57,100,0.51,62.2,0.18,0.342657709,0.43,214.56
2022,6,21,0,0,0,0,0,0,0,0,0,2.4,1.54,1.97,7.08,97,0.48,62.16,0.1,0.190365394,0.12,298.3
2022,6,21,1,0,0,0,0,0,0,0,0,2.18,0.72,1.45,6.71,93.06,0.4,62.13,0.21,0.399767327,0.34,18.85
2022,6,21,2,0,0,0,0,0,0,0,0,2.19,0.02,1.11,6.35,88.25,0.14,62.09,0.36,0.685315418,0.65,40.6
2022,6,21,3,0,0,0,0,0,0,0,0,2.44,-0.68,0.88,6.04,82.12,0.02,62.06,0.57,1.085082745,0.94,62.15
2022,6,21,4,0,0,0,0,0,0,0,0,2.77,-1.3,0.73,5.74,76.38,0.01,62.04,0.69,1.313521218,1.05,80.19
2022,6,21,5,0.05,0.04,0.18,4.35,5.12,0.6,0,0,2.98,-1.63,0.67,5.55,73.19,0.01,62.06,0.71,1.351594296,1.07,93.34
2022,6,21,6,0.37,0.46,1.11,43.6,54.38,5.68,0.03,0.17,5.01,0.23,2.62,6.41,73.25,0.01,62.09,0.72,1.370630836,0.97,134.35
2022,6,21,7,0.88,1.17,2.1,109.55,141.45,14.66,0.22,1.08,7.37,-0.03,3.67,6.29,60.75,0,62.14,1.87,3.559832865,2.3,191.54
2022,6,21,8,1.41,1.93,3,177.3,237.02,24.25,0.55,2.8,9.38,0.63,5.01,6.59,55.5,0,62.18,2.88,5.482523344,3.59,199.46
2022,6,21,9,1.85,2.6,3.76,239.08,321.5,33.13,0.96,5,10.88,1.5,6.19,7.02,53.62,0,62.21,3.63,6.910263798,4.53,201.78
2022,6,21,10,1.49,3.1,4.32,204,382.92,29.74,0.99,4.92,11.89,2.6,7.25,7.63,54.44,0.02,62.23,4.22,8.033419621,5.28,203.76
2022,6,21,11,1.53,3.38,4.65,218.2,417.27,31.73,1.12,5.8,12.44,3.73,8.08,8.3,57.06,0.07,62.22,4.61,8.775844657,5.77,205.35
2022,6,21,12,1.57,3.76,4.72,228.75,473.25,36.74,1.39,7.23,12.63,4.71,8.67,8.91,60.44,0.18,62.2,4.85,9.232721603,6.07,207.03
2022,6,21,13,1.4,3.55,4.52,198.6,445.12,31.89,1.16,5.77,12.12,5.48,8.8,9.34,65.75,0.34,62.18,4.8,9.137538906,6.01,209.16
2022,6,21,14,1.32,3.09,4.08,181.55,386.88,28.29,0.91,4.6,11.63,5.98,8.8,9.64,70.06,0.37,62.16,4.65,8.851990815,5.82,211.94
2022,6,21,15,1.16,2.45,3.42,155.23,305.85,23.48,0.64,3.3,11.05,6.12,8.58,9.7,73.38,0.32,62.15,4.5,8.566442724,5.66,216.41
2022,6,21,16,0.9,1.68,2.59,116.88,207.75,17.01,0.34,1.67,10.26,6.03,8.15,9.7,77,0.22,62.16,4.17,7.938236924,5.27,219.83
2022,6,21,17,0.47,0.86,1.64,56.8,103.25,7.59,0.09,0.4,9.22,5.78,7.5,9.52,81.31,0.13,62.19,3.64,6.929300337,4.62,221.78
2022,6,21,18,0.16,0.23,0.64,20,26.73,2.77,0.01,0.05,7.69,5.52,6.6,9.4,88.75,0.1,62.23,2.87,5.463486804,3.74,223.56
2022,6,21,19,0,0,0,0,0,0,0,0,6.27,5.77,6.02,9.52,99.38,0.07,62.28,1.63,3.10295592,2.26,222.9
2022,6,21,20,0,0,0,0,0,0,0,0,5.88,5.65,5.76,9.4,100,0.06,62.32,1.28,2.436677042,1.87,226.86
2022,6,21,21,0,0,0,0,0,0,0,0,5.18,5.09,5.14,9.09,100,0.05,62.35,0.73,1.389667375,1.21,236.62
2022,6,21,22,0,0,0,0,0,0,0,0,4.53,4.48,4.5,8.73,100,0.05,62.35,0.44,0.837607733,0.78,255.4
2022,6,21,23,0,0,0,0,0,0,0,0,3.84,3.69,3.76,8.24,100,0.06,62.33,0.28,0.533023103,0.49,305.22
2022,6,22,0,0,0,0,0,0,0,0,0,3.25,2.68,2.97,7.63,98.81,0.05,62.31,0.37,0.704351957,0.62,351.25
2022,6,22,1,0,0,0,0,0,0,0,0,3.15,1.73,2.44,7.14,92.81,0.04,62.29,0.55,1.047009666,0.86,14.16
2022,6,22,2,0,0,0,0,0,0,0,0,2.92,0.8,1.86,6.65,87.94,0.01,62.28,0.81,1.54195969,1.27,27.99
2022,6,22,3,0,0,0,0,0,0,0,0,2.5,-0.1,1.2,6.23,84.69,0.01,62.27,0.98,1.86558086,1.62,31.63
2022,6,22,4,0,0,0,0,0,0,0,0,2.15,-0.92,0.62,5.86,81.62,0.01,62.28,1.09,2.074982793,1.87,33.42
2022,6,22,5,0.05,0.05,0.18,4.52,5.33,0.65,0,0,2.26,-1.35,0.45,5.62,78.38,0,62.31,1.21,2.303421266,2.01,34.06
2022,6,22,6,0.5,0.51,1.11,57.9,60.08,7.5,0.05,0.23,4.86,0.71,2.79,6.65,76.81,0,62.35,1.33,2.531859738,1.91,36.68
2022,6,22,7,1.13,1.24,2.09,136.62,150.08,17.55,0.26,1.27,8.78,-0.43,4.18,6.16,54.5,0,62.4,0.21,0.399767327,0.27,180
2022,6,22,8,1.83,1.99,3,227.12,245.9,30.34,0.69,3.48,10.9,0.2,5.55,6.53,49.88,0,62.44,1.75,3.331394393,2.17,208.77
2022,6,22,9,2.25,2.68,3.76,288.4,333.2,40.05,1.16,6.05,12.48,1.48,6.98,7.14,49.19,0,62.47,2.52,4.797207926,3.12,208.04
2022,6,22,10,2.26,3.21,4.32,298.58,400.15,43.16,1.45,7.27,13.71,2.83,8.27,7.81,49.94,0,62.49,3.24,6.167838761,4.03,208.7
2022,6,22,11,2,3.51,4.64,274.6,439.65,41.34,1.5,7.75,14.45,4.11,9.28,8.54,52.06,0.01,62.5,3.94,7.500396519,4.93,209.61
2022,6,22,12,2.18,3.71,4.71,299.88,468.2,46.18,1.72,9.05,14.64,5.24,9.94,9.28,55.56,0.01,62.49,4.41,8.39511387,5.54,209.6
2022,6,22,13,1.92,3.46,4.52,261.17,433.5,39.74,1.41,7.17,14.16,6.14,10.15,9.83,60.69,0.02,62.48,4.62,8.794881197,5.81,210.81
2022,6,22,14,1.43,3.02,4.08,195.67,377.2,29.63,0.97,4.85,13.46,6.7,10.08,10.13,65.62,0.06,62.47,4.51,8.585479264,5.68,212.18
2022,6,22,15,1.07,2.38,3.42,145.23,295.9,21.61,0.59,3.08,12.71,7.06,9.88,10.38,70.38,0.1,62.46,4.29,8.166675397,5.4,214.08
2022,6,22,16,0.74,1.64,2.59,97.27,201.2,14.22,0.29,1.45,11.79,7.25,9.52,10.5,75.62,0.13,62.45,3.94,7.500396519,4.99,216.08
2022,6,22,17,0.4,0.86,1.64,50.77,103.62,7.32,0.09,0.42,10.4,7.44,8.93,10.62,83.81,0.11,62.48,3.43,6.52953301,4.37,218.18
2022,6,22,18,0.15,0.22,0.65,18.7,26.23,2.64,0.01,0.05,9.08,7.61,8.34,10.68,92.44,0.06,62.52,2.71,5.158902174,3.51,220.03
2022,6,22,19,0,0,0,0,0,0,0,0,8.14,7.73,7.94,10.74,99.06,0.04,62.57,1.75,3.331394393,2.39,218.63
2022,6,22,20,0,0,0,0,0,0,0,0,7.83,7.65,7.74,10.68,100,0.03,62.6,1.33,2.531859738,1.98,220.53
2022,6,22,21,0,0,0,0,0,0,0,0,7.47,7.5,7.48,10.56,100,0.02,62.63,1.08,2.055946254,1.75,222.46
2022,6,22,22,0,0,0,0,0,0,0,0,7.05,7.2,7.13,10.31,100,0.02,62.64,0.86,1.637142387,1.47,225.43
2022,6,22,23,0,0,0,0,0,0,0,0,6.57,6.58,6.57,9.95,100,0.03,62.62,0.72,1.370630836,1.18,234.95
2022,6,23,0,0,0,0,0,0,0,0,0,6.05,5.97,6.01,9.52,100,0.02,62.59,0.46,0.875680812,0.8,259.89
2022,6,23,1,0,0,0,0,0,0,0,0,5.48,5.29,5.38,9.09,100,0.01,62.55,0.4,0.761461575,0.69,323.26
2022,6,23,2,0,0,0,0,0,0,0,0,5.08,4.49,4.78,8.61,97.75,0.01,62.51,0.68,1.294484678,1.12,0
2022,6,23,3,0,0,0,0,0,0,0,0,4.56,3.64,4.1,8.06,95.44,0,62.48,0.9,1.713288545,1.56,14.25
2022,6,23,4,0,0,0,0,0,0,0,0,4.36,3.05,3.7,7.75,92.62,0,62.47,0.96,1.827507781,1.68,24.66
2022,6,23,5,0.05,0.04,0.18,4.05,5.1,0.58,0,0,4.33,2.68,3.51,7.51,90.31,0,62.48,0.98,1.86558086,1.71,28.09
2022,6,23,6,0.35,0.5,1.1,41.83,59.1,5.58,0.03,0.15,6.83,3.92,5.37,8.24,83.38,0,62.49,1.26,2.398603963,1.75,25.42
2022,6,23,7,0.88,1.24,2.09,108.75,151.65,14.52,0.21,1.05,10.01,4.07,7.05,8.36,68.12,0,62.5,0.76,1.446776993,0.93,354.19
2022,6,23,8,1.61,2.02,2.99,203.75,250.65,27.95,0.62,3.15,12.51,4.58,8.55,8.73,60.19,0.01,62.51,0.83,1.580032769,1.05,229.81
2022,6,23,9,1.83,2.71,3.75,240.6,339.1,34.71,1,5.17,14.08,5.24,9.66,9.22,57.31,0.01,62.53,2.2,4.188038665,2.78,211.32
2022,6,23,10,1.6,3.21,4.32,218.38,402.75,33.09,1.1,5.5,14.83,6.18,10.51,9.89,58.5,0.01,62.55,3.45,6.567606089,4.34,209.71
2022,6,23,11,1.68,3.55,4.64,237.6,443.75,36.19,1.29,6.62,14.93,7.05,10.98,10.5,61.69,0.01,62.55,4.13,7.862090767,5.19,209.88
2022,6,23,12,1.77,3.68,4.71,239.5,459.73,37.68,1.39,7.23,14.64,7.6,11.12,10.86,65,0.02,62.54,4.52,8.604515803,5.71,211.62
2022,6,23,13,1.57,3.51,4.52,216.92,438.12,33.84,1.2,6.02,14.33,8.07,11.19,11.17,68.06,0.03,62.51,4.69,8.928136973,5.94,213.69
2022,6,23,14,1.32,3.11,4.08,181.88,387.6,28.34,0.92,4.6,13.62,8.4,11.01,11.35,72.56,0.04,62.49,4.67,8.890063894,5.94,215.53
2022,6,23,15,1.03,2.5,3.43,140.25,310.88,21.7,0.59,3.05,12.89,8.59,10.74,11.47,76.81,0.04,62.46,4.52,8.604515803,5.76,217.01
2022,6,23,16,0.64,1.73,2.59,85.02,212.5,12.98,0.27,1.33,12.08,8.58,10.33,11.41,80.88,0.04,62.44,4.29,8.166675397,5.53,217.94
2022,6,23,17,0.41,0.92,1.64,49.75,109.8,6.8,0.08,0.38,11.1,8.55,9.83,11.41,86.06,0.03,62.44,3.92,7.46232344,5.1,220.09
2022,6,23,18,0.19,0.25,0.65,23.02,28.52,3.2,0.01,0.05,9.87,8.69,9.28,11.47,94.06,0.17,62.47,3.25,6.186875301,4.32,221.92
2022,6,23,19,0,0,0,0,0,0,0,0,9.15,8.78,8.96,11.54,99.19,0.17,62.5,2.45,4.66395215,3.34,221.78
2022,6,23,20,0,0,0,0,0,0,0,0,8.94,8.73,8.83,11.47,100,0.16,62.53,2.08,3.959600193,2.93,221.76
2022,6,23,21,0,0,0,0,0,0,0,0,8.54,8.49,8.51,11.29,100,0.16,62.56,1.74,3.312357853,2.54,223.13
2022,6,23,22,0,0,0,0,0,0,0,0,8.12,8.19,8.15,11.05,100,0.14,62.56,1.44,2.741261672,2.19,223.99
2022,6,23,23,0,0,0,0,0,0,0,0,7.69,7.87,7.78,10.8,100,0.1,62.54,1.11,2.113055872,1.84,225.17
2022,6,24,0,0,0,0,0,0,0,0,0,7.37,7.62,7.49,10.62,100,0.06,62.5,0.96,1.827507781,1.69,228.37
2022,6,24,1,0,0,0,0,0,0,0,0,7.01,7.35,7.18,10.44,100,0.04,62.46,0.84,1.599069309,1.62,230.87
2022,6,24,2,0,0,0,0,0,0,0,0,6.73,7.1,6.91,10.31,100,0.04,62.43,0.76,1.446776993,1.53,234.12
2022,6,24,3,0,0,0,0,0,0,0,0,6.56,6.94,6.75,10.19,100,0.04,62.41,0.67,1.275448139,1.37,231.24
2022,6,24,4,0,0,0,0,0,0,0,0,6.48,6.82,6.65,10.13,100,0.03,62.42,0.62,1.180265442,1.16,229.65
2022,6,24,5,0.04,0.05,0.18,3.6,5.2,0.53,0,0,6.66,6.79,6.73,10.07,100,0.02,62.43,0.53,1.008936588,0.9,233.83
2022,6,24,6,0.22,0.51,1.1,26.25,60.67,3.58,0.02,0.1,8.03,7.11,7.57,10.31,95.94,0.04,62.46,0.7,1.332557757,0.87,245.73
2022,6,24,7,0.59,1.27,2.09,75.9,157.45,10.77,0.16,0.8,10.09,7.01,8.55,10.31,83.31,0.04,62.5,1.17,2.227275108,1.4,239.15
2022,6,24,8,0.96,2.05,2.99,127.08,255.92,18.59,0.43,2.15,12.15,6.8,9.48,10.19,72,0.04,62.54,2.17,4.130929047,2.65,227.15
2022,6,24,9,1.35,2.73,3.75,184.8,342.73,27.64,0.8,4.17,13.57,6.91,10.24,10.31,66.44,0.03,62.55,3.07,5.844217592,3.81,224.83
2022,6,24,10,1.72,3.23,4.31,238.38,405.75,35.84,1.2,5.92,14.4,7.38,10.89,10.68,65.06,0.05,62.54,3.76,7.15773881,4.7,221.97
2022,6,24,11,1.71,3.55,4.64,243.25,444.88,37.13,1.33,6.8,14.68,7.87,11.27,11.05,65.94,0.11,62.51,4.32,8.223785015,5.44,220.16
2022,6,24,12,1.69,3.58,4.71,239.48,448.08,36.5,1.32,6.88,14.49,8.19,11.34,11.23,67.94,0.22,62.48,4.71,8.966210051,5.97,220.11
2022,6,24,13,1.62,3.35,4.52,223.88,418.45,33.72,1.17,5.9,14.12,8.4,11.26,11.35,70.38,0.31,62.44,5.01,9.537306233,6.39,220.09
2022,6,24,14,1.39,2.93,4.09,186.5,365.23,28.02,0.89,4.48,13.48,8.57,11.03,11.47,73.81,0.41,62.4,5.06,9.63248893,6.49,221.39
2022,6,24,15,0.99,2.33,3.43,133.58,288.55,19.96,0.53,2.75,12.52,8.64,10.58,11.47,78.69,0.49,62.37,4.84,9.213685063,6.23,223.68
2022,6,24,16,0.67,1.59,2.6,87.4,194.67,12.72,0.25,1.25,11.44,8.59,10.02,11.41,84.06,0.5,62.36,4.4,8.37607733,5.71,226.28
2022,6,24,17,0.37,0.8,1.65,44.17,94.95,5.97,0.06,0.33,10.4,8.58,9.48,11.41,90.12,0.51,62.36,3.78,7.195811888,4.96,228.19
2022,6,24,18,0.14,0.22,0.65,18.05,25.8,2.52,0.01,0.05,9.65,8.63,9.14,11.47,95.06,0.34,62.38,3.16,6.015546446,4.21,227.33
2022,6,24,19,0,0,0,0,0,0,0,0,9.16,8.76,8.96,11.54,99.06,0.33,62.41,2.48,4.721061768,3.39,223.6
2022,6,24,20,0,0,0,0,0,0,0,0,9.03,8.8,8.91,11.54,100,0.34,62.45,2.04,3.883454035,2.88,223.68
2022,6,24,21,0,0,0,0,0,0,0,0,8.75,8.64,8.69,11.47,100,0.34,62.47,1.75,3.331394393,2.57,228.08
2022,6,24,22,0,0,0,0,0,0,0,0,8.37,8.47,8.42,11.35,100,0.34,62.47,1.48,2.817407829,2.29,229.69
2022,6,24,23,0,0,0,0,0,0,0,0,8.1,8.29,8.19,11.23,100,0.34,62.45,1.39,2.646078975,2.24,230.25
2022,6,25,0,0,0,0,0,0,0,0,0,7.82,8.15,7.98,11.11,100,0.29,62.42,1.21,2.303421266,2.06,227.61
2022,6,25,1,0,0,0,0,0,0,0,0,7.62,8.07,7.84,11.05,100,0.22,62.39,1.11,2.113055872,1.99,224.68
2022,6,25,2,0,0,0,0,0,0,0,0,7.4,7.9,7.65,10.93,100,0.16,62.34,1.02,1.941727017,1.93,222.54
2022,6,25,3,0,0,0,0,0,0,0,0,7.13,7.63,7.38,10.74,100,0.12,62.32,0.96,1.827507781,1.83,221.53
2022,6,25,4,0,0,0,0,0,0,0,0,6.87,7.32,7.09,10.5,100,0.1,62.32,0.86,1.637142387,1.74,224.45
2022,6,25,5,0.04,0.04,0.17,3.02,4.6,0.44,0,0,6.85,7.08,6.97,10.38,100,0.08,62.32,0.91,1.732325084,1.71,231.14
2022,6,25,6,0.17,0.44,1.1,20.65,51.75,3.03,0.02,0.1,7.89,7.09,7.49,10.38,96.94,0.05,62.35,1.82,3.464650168,2.38,240.23
2022,6,25,7,0.64,1.17,2.08,81.85,143.05,11.68,0.19,0.9,9.06,7.01,8.04,10.25,88.81,0.03,62.38,2.16,4.111892508,2.66,249.76
2022,6,25,8,1.11,2,2.99,145.73,249,21.31,0.51,2.58,11.04,7.09,9.07,10.31,78.31,0.06,62.4,2.89,5.501559883,3.59,246
2022,6,25,9,1.54,2.69,3.75,207.95,337.4,30.72,0.91,4.73,12.68,7.27,9.98,10.5,71.31,0.13,62.41,3.59,6.83411764,4.49,238.8
2022,6,25,10,1.66,3.23,4.31,226.1,407.08,34.77,1.2,5.98,13.76,7.58,10.66,10.74,68,0.22,62.42,4.2,7.995346543,5.31,233.01
2022,6,25,11,1.97,3.53,4.64,272.25,444.35,41.05,1.49,7.75,14.33,7.97,11.15,11.05,67.25,0.29,62.4,4.69,8.928136973,5.95,229.26
2022,6,25,12,1.82,3.58,4.71,253.83,450.15,38.6,1.41,7.4,14.1,8.17,11.13,11.17,69.12,0.32,62.36,4.91,9.346940839,6.28,228.18
2022,6,25,13,1.61,3.41,4.52,224.42,429.3,34.3,1.2,6.08,13.17,8.35,10.76,11.29,74.12,0.36,62.32,4.82,9.175611985,6.19,228.32
2022,6,25,14,1.41,2.99,4.09,194.33,376.27,29.59,0.95,4.75,12.19,8.51,10.35,11.41,79.75,0.39,62.29,4.44,8.452223488,5.72,228.1
2022,6,25,15,1.12,2.37,3.43,152.92,296.48,23.04,0.63,3.3,11.3,8.54,9.92,11.41,84.69,0.39,62.27,4.05,7.709798452,5.24,226.75
2022,6,25,16,0.74,1.65,2.6,97.58,204.42,14.47,0.3,1.48,10.55,8.55,9.55,11.41,88.88,0.38,62.26,3.73,7.100629191,4.86,226.95
2022,6,25,17,0.37,0.87,1.65,47.8,106.05,7.02,0.09,0.4,9.94,8.55,9.24,11.35,92.44,0.34,62.25,3.51,6.681825325,4.6,227.82
2022,6,25,18,0.13,0.23,0.66,17.08,27.62,2.47,0.01,0.05,9.26,8.45,8.86,11.29,96.06,0.31,62.26,3.13,5.958436828,4.18,226.14
2022,6,25,19,0,0,0,0,0,0,0,0,8.61,8.31,8.46,11.17,99.44,0.33,62.31,2.19,4.169002126,3.05,219.81
2022,6,25,20,0,0,0,0,0,0,0,0,8.44,8.19,8.31,11.05,99.75,0.46,62.38,1.67,3.179102078,2.37,218.57
2022,6,25,21,0,0,0,0,0,0,0,0,8.29,8.07,8.18,10.99,100,0.51,62.4,1.57,2.988736684,2.24,224.86
2022,6,25,22,0,0,0,0,0,0,0,0,7.91,7.84,7.87,10.8,100,0.4,62.37,1.64,3.121992459,2.39,218.89
2022,6,25,23,0,0,0,0,0,0,0,0,7.48,7.48,7.48,10.56,100,0.36,62.38,1.89,3.597905944,2.75,218.53
2022,6,26,0,0,0,0,0,0,0,0,0,7.04,6.95,7,10.19,100,0.33,62.37,1.75,3.331394393,2.54,225.12
2022,6,26,1,0,0,0,0,0,0,0,0,6.68,6.58,6.63,9.95,100,0.29,62.34,1.46,2.779334751,2.09,229.4
2022,6,26,2,0,0,0,0,0,0,0,0,6.43,6.23,6.33,9.77,100,0.28,62.31,1.1,2.094019333,1.58,232.45
2022,6,26,3,0,0,0,0,0,0,0,0,6.33,6.06,6.19,9.64,100,0.32,62.29,0.75,1.427740454,1.16,237.06
2022,6,26,4,0,0,0,0,0,0,0,0,6.22,5.92,6.07,9.52,100,0.39,62.29,0.51,0.970863509,0.88,241.84
2022,6,26,5,0.04,0.04,0.17,3.35,5.1,0.5,0,0,6.25,5.79,6.02,9.46,98.94,0.47,62.3,0.39,0.742425036,0.64,255.11
2022,6,26,6,0.15,0.49,1.09,16.98,59.2,2.45,0.02,0.08,6.92,5.98,6.45,9.58,95.81,0.6,62.34,0.54,1.027973127,0.7,271.93
2022,6,26,7,0.57,1.23,2.08,74.15,152.35,11.19,0.18,0.9,8.22,6.22,7.22,9.7,88.81,0.64,62.38,1,1.903653939,1.22,259.34
2022,6,26,8,1.07,2.02,2.98,140.17,252.88,21.14,0.52,2.62,9.94,6.61,8.27,9.95,81.12,0.68,62.41,1.71,3.255248235,2.14,240.44
2022,6,26,9,1.18,2.72,3.74,163.27,343.35,25.29,0.77,4.02,11.26,6.87,9.07,10.13,75.56,0.75,62.45,2.45,4.66395215,3.09,223.05
2022,6,26,10,1.53,3.26,4.31,213.33,410.9,33.02,1.15,5.73,11.9,7.06,9.48,10.25,73.44,0.82,62.47,3.3,6.282057998,4.18,213.81
2022,6,26,11,1.8,3.57,4.64,257.67,450.17,40.02,1.48,7.67,12.19,7.28,9.73,10.38,73.06,0.92,62.47,3.97,7.557506137,5.05,210.17
2022,6,26,12,1.81,3.62,4.71,253.15,456,39.27,1.47,7.75,12.19,7.42,9.8,10.5,73.75,1.03,62.46,4.37,8.318967712,5.57,209.98
2022,6,26,13,1.65,3.43,4.52,226.42,432,34.93,1.26,6.4,11.89,7.58,9.74,10.62,75.94,1.12,62.44,4.5,8.566442724,5.73,211.29
2022,6,26,14,1.57,3.03,4.09,212.52,380.7,32.38,1.07,5.4,11.44,7.64,9.54,10.62,78.5,1.16,62.42,4.4,8.37607733,5.6,213.05
2022,6,26,15,1.22,2.43,3.43,162.58,304.85,24.31,0.68,3.52,11.05,7.62,9.33,10.62,80.5,1.1,62.41,4.06,7.728834991,5.15,215.81
2022,6,26,16,0.8,1.69,2.6,102.95,210,15.09,0.32,1.58,10.49,7.55,9.02,10.62,83.19,0.91,62.41,3.61,6.872190719,4.6,216.79
2022,6,26,17,0.4,0.89,1.65,50.73,108.7,7.3,0.09,0.42,9.72,7.51,8.62,10.56,87.44,0.51,62.43,3.18,6.053619525,4.08,216.04
2022,6,26,18,0.16,0.24,0.66,19.67,28.23,2.77,0.01,0.05,8.71,7.51,8.11,10.56,93.62,0.22,62.45,2.76,5.254084871,3.61,214.14
2022,6,26,19,0,0,0,0,0,0,0,0,7.92,7.51,7.72,10.56,98.88,0.26,62.48,1.94,3.693088641,2.66,213.88
2022,6,26,20,0,0,0,0,0,0,0,0,7.58,7.42,7.51,10.5,100,0.42,62.52,1.49,2.836444369,2.15,216.41
2022,6,26,21,0,0,0,0,0,0,0,0,6.93,6.9,6.92,10.19,100,0.52,62.55,1.14,2.17016549,1.74,223.18
2022,6,26,22,0,0,0,0,0,0,0,0,6.92,6.73,6.83,10.07,100,0.61,62.56,0.83,1.580032769,1.33,225.71
2022,6,26,23,0,0,0,0,0,0,0,0,6.7,6.46,6.58,9.89,100,0.68,62.53,0.82,1.56099623,1.31,234.22
2022,6,27,0,0,0,0,0,0,0,0,0,6.39,6.06,6.23,9.64,100,0.72,62.51,1.02,1.941727017,1.49,248.53
2022,6,27,1,0,0,0,0,0,0,0,0,6.19,5.83,6.01,9.46,100,0.67,62.49,1.01,1.922690478,1.49,259.45
2022,6,27,2,0,0,0,0,0,0,0,0,6.12,5.76,5.94,9.46,100,0.59,62.46,0.83,1.580032769,1.26,266.45
2022,6,27,3,0,0,0,0,0,0,0,0,6.07,5.76,5.92,9.46,100,0.49,62.43,0.68,1.294484678,1.04,266.99
2022,6,27,4,0,0,0,0,0,0,0,0,5.94,5.76,5.85,9.46,100,0.38,62.42,0.57,1.085082745,0.97,261.22
2022,6,27,5,0.04,0.04,0.17,2.88,4.7,0.43,0,0,5.9,5.74,5.82,9.46,100,0.26,62.43,0.63,1.199301981,1.06,266.21
2022,6,27,6,0.24,0.45,1.09,30.08,54,4.44,0.03,0.15,6.98,6.26,6.62,9.77,97.69,0.07,62.46,1.06,2.017873175,1.36,261.4
2022,6,27,7,0.48,1.18,2.07,63.5,144.92,9.75,0.16,0.8,8.62,7.04,7.83,10.31,91.88,0.04,62.49,1.75,3.331394393,2.19,251.31
2022,6,27,8,0.99,1.97,2.98,132.88,245.6,20.04,0.5,2.55,10.18,7.5,8.83,10.62,85.25,0.05,62.51,2.28,4.34033098,2.88,243.02
2022,6,27,9,1.65,2.69,3.74,221.65,339.35,33.08,1.02,5.33,11.74,7.71,9.73,10.74,77.94,0.07,62.52,2.67,5.082756016,3.39,233.82
2022,6,27,10,1.89,3.23,4.31,258.98,408.15,39.2,1.38,6.9,12.62,7.77,10.19,10.8,74,0.12,62.53,3.11,5.920363749,3.98,228.26
2022,6,27,11,1.89,3.54,4.64,262.95,447.27,40.27,1.5,7.83,13.07,7.9,10.48,10.93,72.56,0.17,62.51,3.5,6.662788786,4.49,226.13
2022,6,27,12,1.9,3.74,4.71,269.5,477.83,42.96,1.66,8.77,13.26,8.02,10.65,11.05,72.38,0.23,62.47,3.83,7.290994585,4.92,225.84
2022,6,27,13,1.75,3.55,4.53,245.88,453.8,39.35,1.47,7.48,13.25,8.17,10.71,11.17,73.12,0.26,62.43,4.23,8.052456161,5.44,225.99
2022,6,27,14,1.29,3.14,4.09,182.48,400.8,29.04,0.99,4.98,12.88,8.32,10.6,11.29,75.56,0.28,62.41,4.46,8.490296567,5.77,226.92
2022,6,27,15,0.81,2.52,3.43,116.17,322.3,18.8,0.55,2.85,12.16,8.45,10.3,11.35,79.69,0.3,62.39,4.33,8.242821555,5.62,228.1
2022,6,27,16,0.57,1.78,2.6,78.7,226.1,12.56,0.27,1.38,11.24,8.56,9.9,11.41,85.12,0.33,62.37,3.94,7.500396519,5.13,230.5
2022,6,27,17,0.47,0.95,1.65,60.9,118.12,9.16,0.12,0.58,10.37,8.6,9.48,11.41,90.38,0.36,62.37,3.4,6.472423392,4.48,232.93
2022,6,27,18,0.12,0.26,0.66,15.6,30.73,2.3,0.01,0.05,9.52,8.61,9.06,11.41,95.69,0.44,62.39,2.73,5.196975253,3.66,233.42
2022,6,27,19,0,0,0,0,0,0,0,0,8.58,8.36,8.47,11.29,100,0.43,62.43,1.73,3.293321314,2.39,233.09
2022,6,27,20,0,0,0,0,0,0,0,0,8.22,7.95,8.08,10.99,100,0.41,62.46,1.33,2.531859738,1.92,238.84
2022,6,27,21,0,0,0,0,0,0,0,0,7.8,7.78,7.8,10.86,100,0.4,62.48,1.11,2.113055872,1.75,242.63
2022,6,27,22,0,0,0,0,0,0,0,0,7.16,7.4,7.29,10.62,100,0.37,62.47,1.11,2.113055872,1.87,241.08
2022,6,27,23,0,0,0,0,0,0,0,0,6.96,7.12,7.04,10.44,100,0.32,62.44,1.03,1.960763557,1.71,235.22
2022,6,28,0,0,0,0,0,0,0,0,0,7.07,7.12,7.09,10.44,100,0.35,62.39,0.95,1.808471242,1.63,229.07
2022,6,28,1,0,0,0,0,0,0,0,0,6.77,6.97,6.87,10.31,100,0.24,62.34,0.82,1.56099623,1.53,232.9
2022,6,28,2,0,0,0,0,0,0,0,0,6.55,6.81,6.68,10.19,100,0.18,62.29,0.74,1.408703915,1.47,231.67
2022,6,28,3,0,0,0,0,0,0,0,0,6.56,6.77,6.67,10.19,100,0.1,62.27,0.58,1.104119284,1.21,233.13
2022,6,28,4,0,0,0,0,0,0,0,0,6.52,6.73,6.62,10.13,100,0.06,62.27,0.43,0.818571194,0.94,235.52
2022,6,28,5,0.04,0.04,0.17,3.55,4.77,0.53,0,0,6.54,6.68,6.61,10.13,100,0.05,62.29,0.28,0.533023103,0.6,245.43
2022,6,28,6,0.28,0.46,1.08,35.2,55.08,5.06,0.03,0.15,7.73,7.01,7.37,10.38,97.94,0.07,62.32,0.36,0.685315418,0.45,282.09
2022,6,28,7,0.67,1.16,2.07,86.45,142.17,12.54,0.2,1,9.31,7.48,8.4,10.68,90.5,0.07,62.33,0.61,1.161228903,0.77,272.31
2022,6,28,8,1.08,1.9,2.97,141.12,234.92,20.65,0.5,2.55,11.33,7.77,9.55,10.86,80.62,0.09,62.34,0.97,1.846544321,1.22,257.83
2022,6,28,9,1.39,2.55,3.74,187.3,317.62,27.55,0.84,4.33,13.12,7.81,10.47,10.93,72.12,0.12,62.35,1.57,2.988736684,2,237.43
2022,6,28,10,1.22,3.1,4.3,173.05,386.83,26.61,0.94,4.67,14.03,7.84,10.94,10.99,68.31,0.17,62.35,2.44,4.64491561,3.13,231.38
2022,6,28,11,1.38,3.4,4.64,197,424.25,30.03,1.1,5.83,14.19,8.01,11.1,11.17,68.62,0.24,62.32,3.09,5.882290671,3.95,230.14
2022,6,28,12,1.24,3.72,4.71,179.08,473.85,28.73,1.09,5.85,14.06,8.19,11.12,11.29,70.06,0.34,62.29,3.55,6.757971482,4.55,230.43
2022,6,28,13,0.88,3.47,4.53,130.45,439.15,21.41,0.8,4.02,13.83,8.26,11.05,11.35,71.5,0.47,62.25,3.92,7.46232344,5.04,231.6
2022,6,28,14,0.6,3,4.09,90.2,378.3,14.88,0.5,2.5,13.33,8.38,10.86,11.41,74.25,0.57,62.22,4.14,7.881127306,5.37,232.98
2022,6,28,15,0.36,2.34,3.43,53.58,292.62,8.62,0.23,1.23,12.65,8.46,10.55,11.47,77.75,0.68,62.19,4.05,7.709798452,5.28,236.03
2022,6,28,16,0.17,1.58,2.6,23.52,194.52,3.93,0.08,0.38,11.88,8.51,10.19,11.47,81.88,0.82,62.18,3.8,7.233884967,4.98,238.33
2022,6,28,17,0.09,0.81,1.65,11.08,97.9,1.8,0.02,0.1,11,8.55,9.77,11.47,86.81,0.95,62.18,3.36,6.396277234,4.44,240.82
2022,6,28,18,0.08,0.21,0.66,10.75,25.7,1.63,0.01,0.02,9.98,8.62,9.3,11.47,93.06,0.48,62.2,2.7,5.139865635,3.64,243.88
2022,6,28,19,0,0,0,0,0,0,0,0,9.12,8.62,8.87,11.47,98.62,0.36,62.24,1.76,3.350430932,2.45,242.86
2022,6,28,20,0,0,0,0,0,0,0,0,8.66,8.34,8.51,11.29,99.94,0.26,62.29,1.25,2.379567423,1.83,242.56
2022,6,28,21,0,0,0,0,0,0,0,0,8.29,8.01,8.15,11.05,100,0.3,62.31,0.98,1.86558086,1.55,247.45
2022,6,28,22,0,0,0,0,0,0,0,0,8.06,7.83,7.94,10.93,100,0.38,62.28,0.71,1.351594296,1.22,245.74
2022,6,28,23,0,0,0,0,0,0,0,0,7.78,7.63,7.7,10.74,100,0.4,62.25,0.57,1.085082745,1.06,233.97
2022,6,29,0,0,0,0,0,0,0,0,0,7.54,7.43,7.48,10.62,100,0.31,62.23,0.78,1.484850072,1.32,231.02
2022,6,29,1,0,0,0,0,0,0,0,0,7.14,7.08,7.11,10.38,100,0.18,62.22,0.84,1.599069309,1.38,240.09
2022,6,29,2,0,0,0,0,0,0,0,0,6.8,6.74,6.77,10.19,100,0.1,62.2,0.69,1.313521218,1.21,256.14
2022,6,29,3,0,0,0,0,0,0,0,0,6.66,6.65,6.66,10.13,100,0.07,62.18,0.5,0.951826969,0.97,257.87
2022,6,29,4,0,0,0,0,0,0,0,0,6.48,6.59,6.54,10.07,100,0.04,62.17,0.41,0.780498115,0.88,252.37
2022,6,29,5,0.04,0.04,0.16,3.38,4.38,0.49,0,0,6.5,6.61,6.55,10.07,100,0.03,62.19,0.41,0.780498115,0.88,253.5
2022,6,29,6,0.37,0.44,1.08,55.75,54.2,4.3,0.02,0.1,7.73,7.12,7.43,10.44,98.44,0,62.22,0.93,1.770398163,1.27,249.44
2022,6,29,7,0.9,1.15,2.06,132,145.08,12.79,0.17,0.85,9.21,7.34,8.27,10.62,90.69,0.01,62.26,1.3,2.47475012,1.71,240.97
2022,6,29,8,0.5,1.88,2.97,65.12,234.85,9.24,0.2,1.05,10.5,7.19,8.84,10.56,82.88,0.01,62.3,1.67,3.179102078,2.18,232.43
2022,6,29,9,1.05,2.54,3.73,143.5,319.3,20.76,0.6,3.1,11.35,7.14,9.24,10.56,78.25,0.01,62.33,2.16,4.111892508,2.78,229.45
2022,6,29,10,0.62,3.08,4.3,88.77,384.77,13.16,0.42,2.08,12.02,7.19,9.6,10.62,75.25,0.01,62.33,2.57,4.892390622,3.29,229.53
2022,6,29,11,1.3,3.4,4.64,183.23,421.45,26.34,0.92,4.75,12.51,7.38,9.95,10.74,73.75,0.02,62.31,2.94,5.59674258,3.74,228.05
2022,6,29,12,0.55,3.48,4.71,83.9,427.1,12.55,0.44,2.3,12.73,7.55,10.15,10.86,73.31,0.02,62.28,3.18,6.053619525,4.03,225.86
2022,6,29,13,0.48,3.24,4.53,68.95,395.1,10.26,0.34,1.67,12.82,7.72,10.27,10.99,73.56,0.02,62.24,3.47,6.605679167,4.41,224.93
2022,6,29,14,0.58,2.76,4.09,79.98,332.23,11.61,0.35,1.75,12.69,7.82,10.26,10.99,74.38,0.02,62.21,3.83,7.290994585,4.89,224.87
2022,6,29,15,0.57,2.1,3.44,74.15,247.75,10.51,0.27,1.42,11.86,7.75,9.8,10.86,77.81,0.02,62.19,3.89,7.405213822,5.02,221.21
2022,6,29,16,1.19,1.43,2.61,173.02,174.1,17.55,0.33,1.62,10.88,7.65,9.26,10.74,82.06,0.02,62.18,3.75,7.13870227,4.85,214.97
2022,6,29,17,0.65,0.71,1.66,91.48,85.62,9.55,0.1,0.5,9.79,7.54,8.66,10.62,87.25,0.03,62.2,3.33,6.339167616,4.33,217.22
2022,6,29,18,0.2,0.19,0.66,28.65,23.27,3.24,0.01,0.05,8.61,7.37,7.99,10.5,93.19,0.05,62.23,2.7,5.139865635,3.55,206.79
2022,6,29,19,0,0,0,0,0,0,0,0,7.82,7.23,7.53,10.38,97.38,0.05,62.3,2.23,4.245148283,2.99,209.24
2022,6,29,20,0,0,0,0,0,0,0,0,7.5,6.92,7.21,10.13,97.56,0.04,62.36,1.51,2.874517447,2.1,207.9
2022,6,29,21,0,0,0,0,0,0,0,0,7.2,6.62,6.91,9.95,97.56,0.04,62.38,1.24,2.360530884,1.71,200.1
2022,6,29,22,0,0,0,0,0,0,0,0,6.82,6.26,6.54,9.7,97.69,0.03,62.39,1.03,1.960763557,1.39,203.54
2022,6,29,23,0,0,0,0,0,0,0,0,6.31,5.72,6.01,9.4,97.81,0.02,62.38,0.76,1.446776993,0.99,202.72
2022,6,30,0,0,0,0,0,0,0,0,0,6.11,5.48,5.8,9.22,97.62,0.01,62.35,0.64,1.218338521,0.82,194.83
2022,6,30,1,0,0,0,0,0,0,0,0,5.91,5.26,5.58,9.09,97.38,0.01,62.32,0.51,0.970863509,0.67,185.31
2022,6,30,2,0,0,0,0,0,0,0,0,5.86,4.9,5.38,8.85,95.19,0,62.29,0.34,0.647242339,0.46,201.8
2022,6,30,3,0,0,0,0,0,0,0,0,5.7,4.52,5.11,8.67,93.94,0,62.27,0.32,0.60916926,0.45,237.68
2022,6,30,4,0,0,0,0,0,0,0,0,5.49,4.47,4.98,8.61,95.06,0,62.27,0.34,0.647242339,0.48,268.15
2022,6,30,5,0.05,0.04,0.16,5.27,4.27,0.63,0,0,5.47,4.42,4.94,8.61,94.81,0,62.28,0.44,0.837607733,0.63,285.95
2022,6,30,6,0.43,0.41,1.07,56.4,50.02,7.01,0.04,0.2,6.17,4.62,5.4,8.73,91.62,0.02,62.31,0.84,1.599069309,1.02,274.84
2022,6,30,7,1.22,1.07,2.06,160.45,130.9,17.98,0.27,1.3,7.57,5.56,6.57,9.28,88.75,0.02,62.34,1.71,3.255248235,2.11,248.08
2022,6,30,8,1.14,1.75,2.97,139.6,209.23,18.97,0.45,2.25,9.16,6.3,7.73,9.77,83.88,0.02,62.38,2.62,4.987573319,3.28,237.07
2022,6,30,9,1.44,2.4,3.73,180.62,288.12,24.63,0.72,3.75,10.42,6.6,8.51,9.95,78.69,0.01,62.4,3.09,5.882290671,3.87,232.88
2022,6,30,10,1.53,2.92,4.3,195.95,352.85,27.21,0.91,4.48,11.24,6.83,9.04,10.13,75.81,0.01,62.41,3.35,6.377240695,4.23,231.37
2022,6,30,11,1.72,3.25,4.63,219.73,393.3,30.94,1.09,5.62,11.48,6.98,9.23,10.25,75.38,0.01,62.41,3.47,6.605679167,4.4,229.39
2022,6,30,12,2.26,3.67,4.71,304.7,460.7,44.55,1.67,8.8,11.31,7.1,9.21,10.38,76.94,0.01,62.38,3.41,6.491459931,4.33,226.32
2022,6,30,13,2.51,3.49,4.53,324.58,437.17,46.61,1.66,8.58,11.06,7.18,9.12,10.38,78.56,0.01,62.34,3.33,6.339167616,4.23,222.38
2022,6,30,14,2.15,3.06,4.09,275.33,382.48,39.07,1.27,6.33,10.77,7.23,9,10.44,80.31,0.02,62.3,3.32,6.320131077,4.22,218.91
2022,6,30,15,1.67,2.43,3.44,210.92,302.55,29.36,0.8,4.1,10.27,7.33,8.8,10.5,83.5,0.02,62.28,3.34,6.358204155,4.26,219.2
2022,6,30,16,1.58,1.67,2.61,213.62,209.45,22.35,0.45,2.25,9.68,7.44,8.55,10.56,87.38,0.03,62.26,3.24,6.167838761,4.16,221.5
2022,6,30,17,0.8,0.86,1.66,65.12,103.9,7.52,0.09,0.42,9.02,7.51,8.26,10.62,91.56,0.03,62.26,3,5.710961816,3.87,223.2
2022,6,30,18,0.16,0.22,0.67,19.4,26.27,2.64,0.01,0.05,8.32,7.52,7.92,10.62,96.19,0.14,62.28,2.53,4.816244465,3.33,224.05
2022,6,30,19,0,0,0,0,0,0,0,0,7.85,7.55,7.69,10.62,99.31,0.11,62.31,1.8,3.42657709,2.48,221.93
2022,6,30,20,0,0,0,0,0,0,0,0,7.5,7.41,7.46,10.5,100,0.06,62.35,1.2,2.284384726,1.86,223.64
2022,6,30,21,0,0,0,0,0,0,0,0,7.04,7.21,7.12,10.38,100,0.02,62.38,0.77,1.465813533,1.45,228.06
2022,6,30,22,0,0,0,0,0,0,0,0,6.83,7.01,6.92,10.19,100,0.01,62.38,0.62,1.180265442,1.14,241.33
2022,6,30,23,0,0,0,0,0,0,0,0,6.58,6.69,6.64,10.01,100,0,62.36,0.43,0.818571194,0.78,289.34
2022,7,1,0,0,0,0,0,0,0,0,0,6.08,6.2,6.14,9.64,100,0,62.33,0.56,1.066046206,1.02,338.52
2022,7,1,1,0,0,0,0,0,0,0,0,6.05,5.65,5.85,9.28,98.69,0.01,62.3,0.65,1.23737506,1.11,339.91
2022,7,1,2,0,0,0,0,0,0,0,0,6.15,5.23,5.69,9.03,95.06,0.01,62.27,0.64,1.218338521,1.05,328.09
2022,7,1,3,0,0,0,0,0,0,0,0,6.14,4.96,5.55,8.85,93.44,0.01,62.25,0.68,1.294484678,1.05,330.2
2022,7,1,4,0,0,0,0,0,0,0,0,5.81,4.68,5.24,8.73,93.88,0.01,62.24,0.74,1.408703915,1.09,346.36
2022,7,1,5,0.04,0.03,0.16,3.17,3.17,0.41,0,0,5.5,4.37,4.93,8.54,93.94,0.01,62.25,0.96,1.827507781,1.39,5.17
2022,7,1,6,0.34,0.34,1.06,37.4,38.95,4.64,0.02,0.12,7.16,5.06,6.11,8.97,88.38,0.03,62.27,1.29,2.455713581,1.68,10.73
2022,7,1,7,0.82,0.9,2.05,92.02,103.38,11.55,0.16,0.8,9.64,5.73,7.69,9.46,78.31,0.04,62.29,1.27,2.417640502,1.56,342.2
2022,7,1,8,1.26,1.61,2.96,148.6,189.15,19.12,0.41,2.05,12.04,6.33,9.19,9.83,69.56,0.04,62.3,1.17,2.227275108,1.44,284.41
2022,7,1,9,1.76,2.31,3.73,213.7,277.1,28.01,0.77,3.92,13.86,6.81,10.33,10.19,64.06,0.04,62.33,1.77,3.369467472,2.26,238.56
2022,7,1,10,1.93,2.86,4.3,239.55,345.83,32.25,1.03,5.27,14.91,7.41,11.16,10.68,62.69,0.08,62.35,2.79,5.311194489,3.54,222.32
2022,7,1,11,1.77,3.23,4.63,221.6,393.3,31.15,1.09,5.62,14.96,7.83,11.39,11.05,64.56,0.14,62.35,3.61,6.872190719,4.58,218.9
2022,7,1,12,1.87,3.39,4.71,249.2,417.75,34.59,1.23,6.58,14.66,8.29,11.48,11.35,67.81,0.24,62.32,4.2,7.995346543,5.34,219.72
2022,7,1,13,1.51,3.22,4.53,200.15,396.55,28.51,0.99,5.05,13.68,8.62,11.15,11.6,73.62,0.39,62.28,4.44,8.452223488,5.71,221.67
2022,7,1,14,1.4,2.8,4.09,183.25,343.67,25.48,0.81,4.08,12.87,8.88,10.87,11.78,78.69,0.54,62.24,4.52,8.604515803,5.86,225.65
2022,7,1,15,1.07,2.17,3.44,138.6,264.15,19.14,0.52,2.65,12.08,8.83,10.46,11.72,82.38,0.65,62.2,4.46,8.490296567,5.84,231.95
2022,7,1,16,0.77,1.43,2.61,92.2,170.58,12.37,0.25,1.23,10.88,8.71,9.8,11.6,88.38,0.72,62.18,3.97,7.557506137,5.22,239.9
2022,7,1,17,0.46,0.72,1.66,53.02,84.8,6.97,0.08,0.38,9.64,8.36,9,11.29,93.75,0.73,62.19,3.34,6.358204155,4.42,242.67
2022,7,1,18,0.23,0.2,0.67,30.17,24.73,4.32,0.02,0.08,8.61,8.04,8.33,11.05,98.38,0.48,62.24,2.41,4.587805992,3.28,237.45
2022,7,1,19,0,0,0,0,0,0,0,0,7.55,7.32,7.44,10.56,100,0.52,62.29,1.62,3.083919381,2.34,234.24
2022,7,1,20,0,0,0,0,0,0,0,0,6.89,6.72,6.8,10.13,100,0.58,62.34,1.48,2.817407829,2.17,235.28
2022,7,1,21,0,0,0,0,0,0,0,0,6.76,6.4,6.58,9.89,99.94,0.5,62.38,1.77,3.369467472,2.46,236.41
2022,7,1,22,0,0,0,0,0,0,0,0,6.47,6.06,6.26,9.64,99.62,0.35,62.4,1.53,2.912590526,2.12,243.06
2022,7,1,23,0,0,0,0,0,0,0,0,5.98,5.44,5.71,9.22,98.69,0.3,62.38,1.16,2.208238569,1.56,255.82
2022,7,2,0,0,0,0,0,0,0,0,0,5.43,4.62,5.02,8.73,96.94,0.49,62.34,0.85,1.618105848,1.1,295.66
2022,7,2,1,0,0,0,0,0,0,0,0,5.15,4.12,4.63,8.42,95.5,0.58,62.3,0.83,1.580032769,1.11,330
2022,7,2,2,0,0,0,0,0,0,0,0,5.02,4,4.51,8.36,95.44,0.29,62.27,0.88,1.675215466,1.24,340.88
2022,7,2,3,0,0,0,0,0,0,0,0,5,4.09,4.55,8.42,96,0.07,62.24,0.99,1.884617399,1.54,351.83
2022,7,2,4,0,0,0,0,0,0,0,0,5.11,4.07,4.59,8.36,94.75,0.04,62.21,1.2,2.284384726,1.99,2.25
2022,7,2,5,0.05,0.04,0.15,4.73,4.05,0.72,0,0.02,5.51,3.87,4.69,8.24,90.69,0.03,62.18,1.31,2.49378666,2.11,7.89
2022,7,2,6,0.46,0.42,1.06,58.6,50.5,8.7,0.05,0.25,7.22,4.9,6.06,8.91,86.81,0.01,62.18,1.54,2.931627066,2.14,12.01
2022,7,2,7,1.19,1.11,2.05,150.6,135.6,21.71,0.34,1.65,9.78,4.95,7.37,8.91,73.12,0.02,62.19,1.66,3.160065538,2.11,23.34
2022,7,2,8,1.28,1.85,2.96,159.25,226.55,21.8,0.49,2.48,12.19,5.26,8.73,9.09,63.88,0.03,62.2,0.96,1.827507781,1.18,63.77
2022,7,2,9,1.73,2.56,3.73,223.8,317.77,31.24,0.9,4.65,13.98,5.73,9.85,9.46,59.06,0.06,62.21,1.26,2.398603963,1.55,141.34
2022,7,2,10,1.83,3.07,4.3,237.05,382.6,34.3,1.14,5.75,14.9,6.42,10.66,10.01,58.56,0.11,62.22,2.28,4.34033098,2.87,172.18
2022,7,2,11,1.9,3.41,4.63,259.42,427.48,37.53,1.34,6.95,15.04,7.19,11.12,10.56,61.25,0.19,62.23,3.08,5.863254131,3.89,185.54
2022,7,2,12,2.31,3.69,4.71,319.88,469.42,47.71,1.77,9.35,14.38,7.78,11.08,10.99,66.5,0.33,62.22,3.44,6.548569549,4.35,193.94
2022,7,2,13,2.18,3.53,4.53,300.75,448.3,44.77,1.62,8.2,13.65,8.17,10.91,11.29,71.56,0.49,62.2,3.59,6.83411764,4.56,200.89
2022,7,2,14,1.98,3.13,4.09,265.85,396.85,39.16,1.29,6.52,12.82,8.42,10.62,11.41,76.62,0.65,62.17,3.6,6.853154179,4.59,205.39
2022,7,2,15,1.54,2.5,3.44,201.95,314.98,29.31,0.81,4.17,12.16,8.59,10.38,11.54,80.81,0.82,62.16,3.44,6.548569549,4.4,207.98
2022,7,2,16,1.58,1.69,2.61,211.58,208.9,30.32,0.59,2.95,11.44,8.65,10.05,11.6,85.06,1.04,62.15,3.22,6.129765683,4.15,209.08
2022,7,2,17,0.91,0.93,1.66,117.65,114.5,17.7,0.21,1.02,10.19,8.57,9.38,11.54,91.88,1.33,62.17,2.66,5.063719477,3.43,208.73
2022,7,2,18,0.24,0.25,0.67,32.12,30.15,4.89,0.02,0.08,9.2,8.36,8.78,11.35,97.06,1.36,62.21,2.02,3.845380956,2.65,204.15
2022,7,2,19,0,0,0,0,0,0,0,0,8.14,8.09,8.12,11.17,100,1.28,62.24,1.22,2.322457805,1.88,199.19
2022,7,2,20,0,0,0,0,0,0,0,0,7.49,7.82,7.65,10.99,100,0.95,62.31,1.2,2.284384726,2.02,212.33
2022,7,2,21,0,0,0,0,0,0,0,0,7.4,7.26,7.33,10.56,100,0.61,62.39,1.19,2.265348187,1.88,229.37
2022,7,2,22,0,0,0,0,0,0,0,0,7.03,6.62,6.83,10.01,99.5,0.36,62.4,1.11,2.113055872,1.64,257.09
2022,7,2,23,0,0,0,0,0,0,0,0,6.69,6.16,6.42,9.7,98.38,0.17,62.36,0.93,1.770398163,1.41,266.5
2022,7,3,0,0,0,0,0,0,0,0,0,6.55,5.96,6.26,9.52,97.75,0.06,62.35,0.78,1.484850072,1.18,254.58
2022,7,3,1,0,0,0,0,0,0,0,0,6.25,5.74,6,9.4,98.31,0.02,62.33,0.76,1.446776993,1.17,262.3
2022,7,3,2,0,0,0,0,0,0,0,0,5.82,5.38,5.6,9.16,98.88,0.02,62.29,0.71,1.351594296,1.08,294.89
2022,7,3,3,0,0,0,0,0,0,0,0,5.83,4.82,5.33,8.79,94.88,0.01,62.26,0.7,1.332557757,1.05,338.59
2022,7,3,4,0,0,0,0,0,0,0,0,5.98,4.26,5.12,8.42,90.12,0.01,62.26,0.55,1.047009666,0.86,10.49
2022,7,3,5,0.04,0.03,0.15,3.58,3.83,0.49,0,0,5.95,4.29,5.12,8.48,90.38,0.01,62.29,0.38,0.723388497,0.61,34.09
2022,7,3,6,0.43,0.44,1.05,57.35,52.67,6.84,0.03,0.17,6.87,4.75,5.81,8.73,87.81,0.01,62.33,0.45,0.856644272,0.64,65.61
2022,7,3,7,1.19,1.16,2.04,156.1,143.35,19.44,0.27,1.35,7.74,4.9,6.33,8.85,83.75,0.01,62.38,0.68,1.294484678,0.85,109.27
2022,7,3,8,1.07,1.92,2.95,134.88,234.23,18.6,0.41,2.05,9.21,5.13,7.17,8.97,77.06,0.01,62.41,1.26,2.398603963,1.56,165.48
2022,7,3,9,1.31,2.61,3.72,170.2,321.23,23.96,0.66,3.45,11.02,5.86,8.44,9.46,71.94,0.02,62.43,2.11,4.016709811,2.61,189.49
2022,7,3,10,1.51,3.13,4.29,199.52,386.5,28.47,0.91,4.52,12.37,6.4,9.38,9.89,68.69,0.02,62.43,2.7,5.139865635,3.39,194.29
2022,7,3,11,1.67,3.43,4.63,221.38,421.92,31.68,1.09,5.58,12.73,6.8,9.77,10.25,69.44,0.03,62.42,2.96,5.634815659,3.72,196.46
2022,7,3,12,1.43,3.53,4.71,195.45,435.42,28.55,0.99,5.15,12.49,7.01,9.75,10.44,71.69,0.05,62.4,2.91,5.539632962,3.68,200.01
2022,7,3,13,1.2,3.35,4.53,162.83,411.38,23.8,0.79,3.95,12.06,7.07,9.56,10.5,74.19,0.09,62.36,2.67,5.082756016,3.37,203.95
2022,7,3,14,0.48,2.92,4.09,69.45,356.12,10.27,0.3,1.5,11.73,7.08,9.4,10.5,76,0.13,62.34,2.44,4.64491561,3.07,205.98
2022,7,3,15,0.46,2.27,3.44,66.2,273.6,9.59,0.23,1.2,11.38,7.06,9.23,10.56,77.94,0.15,62.31,2.23,4.245148283,2.8,206.92
2022,7,3,16,1.25,1.59,2.61,186.73,194.62,16.98,0.3,1.5,11.03,7.11,9.07,10.62,80.25,0.18,62.28,2.02,3.845380956,2.53,208.15
2022,7,3,17,0.77,0.84,1.66,108.9,100.95,11.12,0.11,0.55,10.59,7.23,8.91,10.68,83.31,0.18,62.27,1.88,3.578869405,2.37,207.24
2022,7,3,18,0.24,0.23,0.67,32.75,27.2,3.8,0.01,0.05,9.76,7.65,8.71,10.99,90.19,0.19,62.28,1.67,3.179102078,2.24,208.8
2022,7,3,19,0,0,0,0,0,0,0,0,8.1,7.95,8.02,11.11,100,0.21,62.32,0.75,1.427740454,1.46,211.23
2022,7,3,20,0,0,0,0,0,0,0,0,7.66,8.12,7.89,11.17,100,0.21,62.35,0.69,1.313521218,1.27,212.91
2022,7,3,21,0,0,0,0,0,0,0,0,7.87,8.15,8.01,11.17,100,0.25,62.38,0.62,1.180265442,1.08,211.96
2022,7,3,22,0,0,0,0,0,0,0,0,7.87,8.07,7.98,11.11,100,0.28,62.4,0.57,1.085082745,0.95,211.61
2022,7,3,23,0,0,0,0,0,0,0,0,7.76,7.9,7.83,10.99,100,0.26,62.39,0.49,0.93279043,0.81,214.77
2022,7,4,0,0,0,0,0,0,0,0,0,7.58,7.64,7.61,10.8,100,0.25,62.34,0.32,0.60916926,0.54,219.7
2022,7,4,1,0,0,0,0,0,0,0,0,7.26,7.33,7.3,10.62,100,0.2,62.3,0.13,0.247475012,0.2,215.54
2022,7,4,2,0,0,0,0,0,0,0,0,6.87,6.99,6.93,10.44,100,0.12,62.28,0.05,0.095182697,0.19,14.62
2022,7,4,3,0,0,0,0,0,0,0,0,6.58,6.68,6.63,10.19,100,0.07,62.26,0.26,0.494950024,0.6,21.25
2022,7,4,4,0,0,0,0,0,0,0,0,6.27,6.26,6.26,9.95,100,0.04,62.25,0.6,1.142192363,1.1,30.2
2022,7,4,5,0.05,0.04,0.15,5.42,4.67,0.73,0,0.02,5.9,5.73,5.81,9.52,100,0.02,62.26,0.86,1.637142387,1.53,31.42
2022,7,4,6,0.36,0.53,1.05,43.35,64.45,5.78,0.03,0.15,7.72,6.27,6.99,9.89,93.69,0.03,62.29,1.44,2.741261672,1.94,31.32
2022,7,4,7,1.23,1.34,2.04,158.35,168.23,19.39,0.28,1.4,10.23,6.72,8.48,10.13,81,0.02,62.32,0.96,1.827507781,1.23,39.85
2022,7,4,8,1.43,2.11,2.95,180.55,264.85,25.11,0.57,2.83,12.23,7.18,9.71,10.5,73.5,0.02,62.34,0.28,0.533023103,0.33,163.3
2022,7,4,9,1.93,2.79,3.72,246.77,350.42,35.1,1.02,5.23,14.12,7.27,10.69,10.68,66,0.03,62.35,0.79,1.503886612,0.98,190.14
2022,7,4,10,2.78,3.31,4.29,353.6,414.4,50.32,1.7,8.48,15.61,7.33,11.47,10.74,60.38,0.05,62.34,1.21,2.303421266,1.5,195.99
2022,7,4,11,2.56,3.6,4.63,335.98,451.9,48.48,1.75,9.05,16.48,7.47,11.98,10.86,57.75,0.07,62.31,1.69,3.217175156,2.13,198.57
2022,7,4,12,2.01,3.66,4.71,266.05,460.85,39.52,1.45,7.6,16.83,7.75,12.29,11.11,57.75,0.1,62.28,2.21,4.207075205,2.79,200.46
2022,7,4,13,1.89,3.5,4.53,248.02,439.6,36.28,1.28,6.52,16.78,7.9,12.33,11.23,58.5,0.14,62.25,2.64,5.025646398,3.34,200.68
2022,7,4,14,1.86,3.1,4.1,241.33,389.85,35.02,1.13,5.65,16.2,7.95,12.08,11.29,60.88,0.2,62.21,2.94,5.59674258,3.73,202.43
2022,7,4,15,1.19,2.51,3.44,154.67,314.6,22.48,0.61,3.12,15.04,8.13,11.58,11.47,66.44,0.23,62.19,3.05,5.806144513,3.88,205.02
2022,7,4,16,2.62,1.79,2.61,412.3,227.62,30.3,0.59,2.95,14.02,8.33,11.18,11.6,71.94,0.23,62.16,2.88,5.482523344,3.67,207
2022,7,4,17,0.7,0.96,1.66,71.2,118.5,7.94,0.09,0.42,13.05,8.54,10.8,11.72,77.56,0.23,62.16,2.75,5.235048331,3.54,211.83
2022,7,4,18,0.26,0.27,0.67,33.92,32.65,4.28,0.02,0.08,11.8,9.15,10.48,12.08,86.56,0.18,62.19,2.36,4.492623295,3.17,217.49
2022,7,4,19,0,0,0,0,0,0,0,0,10.44,9.72,10.08,12.39,97.19,0.19,62.24,1.38,2.627042435,2.11,218.69
2022,7,4,20,0,0,0,0,0,0,0,0,9.85,9.69,9.77,12.33,100,0.15,62.29,0.94,1.789434702,1.64,221.91
2022,7,4,21,0,0,0,0,0,0,0,0,9.44,9.62,9.53,12.27,100,0.07,62.34,0.76,1.446776993,1.45,220.63
2022,7,4,22,0,0,0,0,0,0,0,0,9.41,9.53,9.48,12.15,100,0.04,62.35,0.73,1.389667375,1.33,213.04
2022,7,4,23,0,0,0,0,0,0,0,0,9.04,9.26,9.15,11.96,100,0.03,62.33,0.61,1.161228903,1.21,205.24
2022,7,5,0,0,0,0,0,0,0,0,0,8.71,8.96,8.83,11.72,100,0.01,62.3,0.56,1.066046206,1.14,198.31
2022,7,5,1,0,0,0,0,0,0,0,0,8.47,8.73,8.59,11.54,100,0.01,62.28,0.54,1.027973127,1.13,202.32
2022,7,5,2,0,0,0,0,0,0,0,0,8.31,8.55,8.43,11.41,100,0.01,62.27,0.54,1.027973127,1.15,209.7
2022,7,5,3,0,0,0,0,0,0,0,0,8.21,8.38,8.3,11.29,100,0.01,62.27,0.5,0.951826969,1.06,214.51
2022,7,5,4,0,0,0,0,0,0,0,0,8.05,8.23,8.14,11.17,100,0.01,62.28,0.38,0.723388497,0.86,208.9
2022,7,5,5,0.04,0.04,0.14,3.62,4.2,0.51,0,0,8.01,8.12,8.07,11.11,100,0.02,62.3,0.3,0.571096182,0.7,200.26
2022,7,5,6,0.36,0.51,1.04,42.55,61.6,5.64,0.03,0.15,9.08,8.39,8.73,11.29,97.56,0,62.34,0.61,1.161228903,0.84,181.59
2022,7,5,7,1.21,1.31,2.03,155.1,164.77,19.74,0.3,1.45,10.31,8.43,9.37,11.41,90.38,0,62.37,1.06,2.017873175,1.32,178.31
2022,7,5,8,1.78,2.08,2.95,223.3,262,29.97,0.67,3.33,11.58,8.1,9.84,11.23,82.06,0,62.41,1.44,2.741261672,1.77,172.91
2022,7,5,9,2.52,2.76,3.72,321,348.42,44.01,1.26,6.4,12.78,7.75,10.26,11.05,74.75,0,62.43,1.85,3.521759787,2.28,164.49
2022,7,5,10,2.33,3.28,4.29,295.45,414.2,42.76,1.45,7.38,13.89,7.62,10.75,10.99,69,0,62.44,2.35,4.473586756,2.9,165.81
2022,7,5,11,2.82,3.43,4.63,383.85,447.42,53.23,1.86,9.8,14.37,7.58,10.98,10.93,66.5,0,62.42,2.8,5.330231028,3.49,170.07
2022,7,5,12,2.04,3.66,4.71,275.05,461.85,40.71,1.52,7.98,14.39,7.58,10.98,10.86,66.12,0,62.4,3.02,5.749034895,3.78,174.55
2022,7,5,13,1.61,3.5,4.53,217.75,442.25,32.3,1.16,5.92,14.3,7.68,10.98,10.93,66.75,0.01,62.38,3.13,5.958436828,3.91,180.69
2022,7,5,14,1.45,3.11,4.1,191.73,394.52,28.41,0.93,4.65,14,7.83,10.91,10.99,68.56,0.01,62.34,3.11,5.920363749,3.9,186.1
2022,7,5,15,1.21,2.55,3.44,159.17,323.05,23.43,0.66,3.4,13.67,8.05,10.87,11.17,70.94,0.01,62.33,2.96,5.634815659,3.69,189.88
2022,7,5,16,3.17,1.85,2.61,530.58,236.75,24.45,0.5,2.48,13.05,8.24,10.65,11.29,74.69,0.01,62.32,2.82,5.368304107,3.55,191.95
2022,7,5,17,1.66,1.04,1.66,267.45,131.65,9.69,0.11,0.55,12.13,8.55,10.34,11.54,80.94,0.01,62.34,2.56,4.873354083,3.24,193.97
2022,7,5,18,0.26,0.3,0.67,35.55,36.65,4.27,0.02,0.08,10.8,8.94,9.87,11.78,90.56,0.03,62.38,2.06,3.921527114,2.68,193.47
2022,7,5,19,0,0,0,0,0,0,0,0,9.52,9.23,9.38,11.96,100,0.02,62.41,1.3,2.47475012,1.89,190.71
2022,7,5,20,0,0,0,0,0,0,0,0,9.3,9.28,9.29,11.96,100,0.02,62.45,1.2,2.284384726,1.79,194.16
2022,7,5,21,0,0,0,0,0,0,0,0,9.05,9.24,9.15,11.9,100,0.02,62.5,1.11,2.113055872,1.8,207.34
2022,7,5,22,0,0,0,0,0,0,0,0,8.82,9.16,8.99,11.84,100,0.02,62.52,0.96,1.827507781,1.75,212.41
2022,7,5,23,0,0,0,0,0,0,0,0,8.76,9.1,8.93,11.84,100,0.03,62.51,0.93,1.770398163,1.74,214.76
2022,7,6,0,0,0,0,0,0,0,0,0,8.75,9.05,8.9,11.78,100,0.05,62.49,0.91,1.732325084,1.69,222.93
2022,7,6,1,0,0,0,0,0,0,0,0,8.63,8.91,8.77,11.66,100,0.09,62.45,0.89,1.694252005,1.65,229.81
2022,7,6,2,0,0,0,0,0,0,0,0,8.29,8.63,8.46,11.47,100,0.11,62.43,0.85,1.618105848,1.63,228.69
2022,7,6,3,0,0,0,0,0,0,0,0,8.02,8.33,8.18,11.23,100,0.08,62.45,0.79,1.503886612,1.6,214.08
2022,7,6,4,0,0,0,0,0,0,0,0,7.91,8.04,7.98,11.05,100,0.05,62.5,0.92,1.751361624,1.62,194.5
2022,7,6,5,0.04,0.04,0.14,3.33,4.35,0.47,0,0,7.97,7.82,7.89,10.86,100,0.03,62.53,0.93,1.770398163,1.39,185.17
2022,7,6,6,0.47,0.56,1.04,59.8,68.33,7.43,0.04,0.2,8.58,7.87,8.23,10.93,97.88,0.08,62.57,0.84,1.599069309,1.11,162.84
2022,7,6,7,1.38,1.37,2.03,179.12,172.77,23.27,0.34,1.67,9.86,7.23,8.55,10.44,85.75,0.06,62.6,1.36,2.588969357,1.69,152.72
2022,7,6,8,1.62,2.14,2.94,202.6,268.85,28.13,0.64,3.25,11.55,6.38,8.96,9.83,72.25,0.05,62.62,2.06,3.921527114,2.54,168.27
2022,7,6,9,2.23,2.82,3.71,283.8,353.9,40.03,1.16,6.08,13.08,5.87,9.47,9.52,63.31,0.05,62.63,2.55,4.854317544,3.13,172.84
2022,7,6,10,2.45,3.33,4.29,311.42,417.85,45.15,1.52,7.6,14.4,5.92,10.15,9.58,58.44,0.05,62.63,2.97,5.653852198,3.66,177.55
2022,7,6,11,2.62,3.63,4.63,345.83,454.85,49.76,1.8,9.35,15.21,6.4,10.8,9.89,57.38,0.05,62.63,3.4,6.472423392,4.22,185.42
2022,7,6,12,2.44,3.65,4.71,321.75,456.6,45.97,1.67,8.83,15.53,7.08,11.3,10.38,58.94,0.06,62.61,3.74,7.119665731,4.66,192.4
2022,7,6,13,2.11,3.47,4.53,276.2,434.73,39.79,1.39,7.12,15.46,7.61,11.54,10.8,61.44,0.06,62.59,3.92,7.46232344,4.9,197.71
2022,7,6,14,1.76,3.06,4.1,229.58,383.3,32.65,1.05,5.23,14.85,7.91,11.38,10.99,65.06,0.06,62.57,3.86,7.348104203,4.85,202.76
2022,7,6,15,1.18,2.44,3.44,152.6,304.15,21.54,0.59,3.02,14.08,8.17,11.13,11.17,69.44,0.06,62.55,3.82,7.271958046,4.84,206.36
2022,7,6,16,1.93,1.72,2.61,289.1,215.55,26.04,0.5,2.48,12.76,8.43,10.59,11.35,76.94,0.06,62.54,3.49,6.643752246,4.45,209.13
2022,7,6,17,1.65,0.93,1.66,278.83,113.88,13.75,0.15,0.73,11.32,8.67,9.99,11.54,85.94,0.07,62.55,2.93,5.57770604,3.77,210.82
2022,7,6,18,0.28,0.26,0.67,40.17,30.88,3.73,0.02,0.05,10.26,8.96,9.61,11.78,93.94,0.07,62.59,2.3,4.378404059,2.99,210.99
2022,7,6,19,0,0,0,0,0,0,0,0,9.74,9.18,9.46,11.96,98.81,0.07,62.63,1.72,3.274284775,2.31,206.13
2022,7,6,20,0,0,0,0,0,0,0,0,9.66,9.3,9.48,12.02,100,0.06,62.67,1.44,2.741261672,2.01,203.87
2022,7,6,21,0,0,0,0,0,0,0,0,9.52,9.34,9.44,12.08,100,0.05,62.69,1.23,2.341494345,1.81,203.91
2022,7,6,22,0,0,0,0,0,0,0,0,9.34,9.32,9.33,12.02,100,0.04,62.69,1.12,2.132092411,1.74,203.57
2022,7,6,23,0,0,0,0,0,0,0,0,9.15,9.2,9.17,11.96,100,0.03,62.66,1.06,2.017873175,1.69,205.14
2022,7,7,0,0,0,0,0,0,0,0,0,8.88,8.97,8.93,11.84,100,0.03,62.62,0.99,1.884617399,1.61,206.81
2022,7,7,1,0,0,0,0,0,0,0,0,8.4,8.61,8.5,11.6,100,0.02,62.59,0.81,1.54195969,1.41,206
2022,7,7,2,0,0,0,0,0,0,0,0,8.15,8.32,8.23,11.41,100,0.01,62.57,0.69,1.313521218,1.3,207.18
2022,7,7,3,0,0,0,0,0,0,0,0,7.98,8.14,8.06,11.29,100,0.01,62.57,0.55,1.047009666,1.13,210.63
2022,7,7,4,0,0,0,0,0,0,0,0,7.79,7.93,7.86,11.11,100,0.01,62.57,0.34,0.647242339,0.84,213.99
2022,7,7,5,0.04,0.04,0.14,3.58,4.1,0.5,0,0,7.67,7.76,7.72,10.99,100,0.01,62.6,0.23,0.437840406,0.63,218
2022,7,7,6,0.48,0.53,1.03,57.42,63.88,7.18,0.04,0.17,8.84,8.15,8.5,11.23,99,0.01,62.65,0.58,1.104119284,0.84,216.66
2022,7,7,7,1.18,1.32,2.02,146.15,164.5,18.76,0.26,1.27,10.45,8.36,9.4,11.29,89.38,0.01,62.69,1.51,2.874517447,1.92,222.52
2022,7,7,8,2.01,2.11,2.94,252.9,265.58,34.19,0.75,3.73,11.89,8.15,10.02,11.11,79.88,0.02,62.71,2.51,4.778171386,3.16,213.42
2022,7,7,9,2.63,2.82,3.71,337.75,355.67,47.61,1.35,6.9,12.77,8.07,10.42,11.05,75.06,0.02,62.72,3.22,6.129765683,4.07,207.2
2022,7,7,10,2.57,3.35,4.28,333.55,422.45,49.44,1.66,8.45,13.49,8.15,10.82,11.11,72.12,0.02,62.73,3.55,6.757971482,4.47,205.49
2022,7,7,11,3,3.67,4.63,401.58,461.65,59.28,2.13,11.27,14.01,8.43,11.22,11.35,70.94,0.04,62.71,3.79,7.214848428,4.77,205.85
2022,7,7,12,2.69,3.69,4.71,363.95,462.52,53.6,1.95,10.35,14.33,8.8,11.57,11.6,71.06,0.05,62.67,4.03,7.671725373,5.06,207.59
2022,7,7,13,2.01,3.53,4.53,273.45,441.38,40.99,1.45,7.4,14.37,9.01,11.69,11.78,71.81,0.07,62.62,4.2,7.995346543,5.31,209.55
2022,7,7,14,1.76,3.13,4.1,237.7,391.55,35.16,1.14,5.7,14.1,9.05,11.58,11.84,73.31,0.1,62.57,4.29,8.166675397,5.45,210.5
2022,7,7,15,1.28,2.53,3.44,170.73,315.67,24.91,0.69,3.5,13.31,9.22,11.26,11.9,77.81,0.12,62.54,4.06,7.728834991,5.18,214.24
2022,7,7,16,0.91,1.77,2.61,118.2,219.05,16.79,0.34,1.67,12.33,9.23,10.78,11.9,82.94,0.15,62.51,3.66,6.967373416,4.7,217.63
2022,7,7,17,0.42,0.96,1.66,51.52,115.6,6.94,0.08,0.38,11.23,9.19,10.21,11.84,88.81,0.16,62.52,3.09,5.882290671,3.99,221.03
2022,7,7,18,0.13,0.26,0.66,17.23,30.6,2.45,0.01,0.05,10.3,9.16,9.73,11.84,94.31,0.31,62.54,2.47,4.702025229,3.24,224.61
2022,7,7,19,0,0,0,0,0,0,0,0,9.67,9.25,9.46,11.9,99,0.31,62.56,1.71,3.255248235,2.35,224.46
2022,7,7,20,0,0,0,0,0,0,0,0,9.36,9.22,9.29,11.84,100,0.32,62.58,1.39,2.646078975,2.09,226.36
2022,7,7,21,0,0,0,0,0,0,0,0,9.05,9.08,9.07,11.78,100,0.3,62.6,1.07,2.036909714,1.77,226.61
2022,7,7,22,0,0,0,0,0,0,0,0,8.73,8.91,8.82,11.6,100,0.29,62.6,0.81,1.54195969,1.48,227.36
2022,7,7,23,0,0,0,0,0,0,0,0,8.58,8.85,8.72,11.6,100,0.27,62.57,0.73,1.389667375,1.39,225.91
2022,7,8,0,0,0,0,0,0,0,0,0,8.41,8.8,8.61,11.6,100,0.25,62.52,0.71,1.351594296,1.38,224.08
2022,7,8,1,0,0,0,0,0,0,0,0,8.26,8.75,8.5,11.54,100,0.24,62.48,0.72,1.370630836,1.42,221.87
2022,7,8,2,0,0,0,0,0,0,0,0,8.15,8.68,8.41,11.47,100,0.25,62.45,0.74,1.408703915,1.44,221.27
2022,7,8,3,0,0,0,0,0,0,0,0,8.01,8.59,8.3,11.41,100,0.23,62.43,0.75,1.427740454,1.49,219.69
2022,7,8,4,0,0,0,0,0,0,0,0,7.9,8.51,8.2,11.35,100,0.18,62.41,0.75,1.427740454,1.52,218.11
2022,7,8,5,0.04,0.04,0.13,3.75,4.1,0.52,0,0,7.94,8.45,8.19,11.29,100,0.11,62.42,0.71,1.351594296,1.42,218.07
2022,7,8,6,0.31,0.52,1.02,37.67,62.58,4.91,0.03,0.12,9.37,8.85,9.12,11.66,98.56,0.06,62.44,1.18,2.246311648,1.64,223.45
2022,7,8,7,0.73,1.29,2.02,91.73,159.75,12.88,0.2,0.95,10.75,8.64,9.69,11.6,89.31,0.03,62.47,1.36,2.588969357,1.74,222.45
2022,7,8,8,1.11,2.07,2.93,146.08,258.55,21.27,0.49,2.5,12.38,8.1,10.24,11.29,78.25,0.02,62.49,1.35,2.569932817,1.69,213.32
2022,7,8,9,1.5,2.76,3.71,204.65,346.88,30.36,0.91,4.67,14.06,7.91,10.99,11.17,69.62,0.03,62.5,1.88,3.578869405,2.33,201.84
2022,7,8,10,1.86,3.28,4.28,253.33,412.95,38.05,1.3,6.5,15.24,7.99,11.62,11.29,64.94,0.06,62.5,2.64,5.025646398,3.29,198.43
2022,7,8,11,1.93,3.59,4.62,268.12,451.8,40.56,1.48,7.65,15.86,8.31,12.08,11.54,63.75,0.11,62.49,3.41,6.491459931,4.27,200.32
2022,7,8,12,1.68,3.64,4.71,238.2,457.55,36.25,1.34,7.05,15.93,8.61,12.26,11.72,64.44,0.21,62.46,3.97,7.557506137,5.03,203.22
2022,7,8,13,1.38,3.45,4.53,194.15,434.48,29.97,1.07,5.42,15.44,8.88,12.16,11.9,67.44,0.37,62.42,4.27,8.128602318,5.43,206.75
2022,7,8,14,1.08,3.06,4.1,156.42,384.83,24.07,0.78,3.9,14.27,9.22,11.74,12.08,73.88,0.55,62.38,4.22,8.033419621,5.41,210.64
2022,7,8,15,0.93,2.47,3.44,132.4,310.85,20.25,0.56,2.88,13.04,9.37,11.2,12.15,80.31,0.82,62.34,3.77,7.176775349,4.86,213.59
2022,7,8,16,0.38,1.74,2.61,51.65,218.2,7.8,0.16,0.77,11.97,9.32,10.64,12.08,85.69,1.09,62.32,3.21,6.110729143,4.15,217.34
2022,7,8,17,0.22,0.95,1.66,27.48,117.98,4.03,0.05,0.23,11.1,9.29,10.19,12.02,90.38,1.28,62.32,2.75,5.235048331,3.56,221.35
2022,7,8,18,0.1,0.26,0.66,12.95,31.02,1.93,0.01,0.02,10.3,9.29,9.8,11.96,95.06,0.96,62.32,2.49,4.740098307,3.3,220.78
2022,7,8,19,0,0,0,0,0,0,0,0,9.65,9.26,9.46,11.9,98.94,0.69,62.35,2.41,4.587805992,3.28,217.44
2022,7,8,20,0,0,0,0,0,0,0,0,9.37,9.12,9.24,11.78,99.88,0.83,62.38,2.4,4.568769453,3.3,220.1
2022,7,8,21,0,0,0,0,0,0,0,0,9.06,8.86,8.96,11.6,100,0.99,62.4,2.1,3.997673271,2.95,220.91
2022,7,8,22,0,0,0,0,0,0,0,0,8.72,8.57,8.64,11.35,100,0.79,62.41,1.88,3.578869405,2.71,223.6
2022,7,8,23,0,0,0,0,0,0,0,0,8.42,8.37,8.39,11.23,100,0.51,62.39,1.6,3.045846302,2.37,224.07
2022,7,9,0,0,0,0,0,0,0,0,0,8.24,8.23,8.24,11.17,100,0.28,62.36,1.48,2.817407829,2.22,221.15
2022,7,9,1,0,0,0,0,0,0,0,0,8.12,8.13,8.12,11.11,100,0.14,62.33,1.56,2.969700144,2.34,217.41
2022,7,9,2,0,0,0,0,0,0,0,0,7.89,7.97,7.93,10.99,100,0.04,62.31,1.45,2.760298211,2.24,215.35
2022,7,9,3,0,0,0,0,0,0,0,0,7.59,7.76,7.68,10.8,100,0.02,62.29,1.33,2.531859738,2.14,211.54
2022,7,9,4,0,0,0,0,0,0,0,0,7.29,7.5,7.4,10.62,100,0.02,62.29,1.24,2.360530884,2.06,209.77
2022,7,9,5,0.04,0.04,0.13,3.6,3.98,0.51,0,0,7.15,7.28,7.21,10.44,100,0.02,62.31,1.22,2.322457805,2.01,208.75
2022,7,9,6,0.26,0.51,1.02,31.6,62.45,4.23,0.02,0.12,7.9,7.08,7.48,10.31,96.31,0.01,62.35,2.06,3.921527114,2.68,203.57
2022,7,9,7,0.68,1.3,2.01,88.6,162.65,12.48,0.19,0.92,8.75,6.83,7.8,10.13,89.25,0.01,62.38,2.26,4.302257901,2.8,200.26
2022,7,9,8,1.17,2.08,2.93,153.67,262.55,22.44,0.52,2.65,10.33,6.88,8.61,10.13,80.56,0.02,62.39,2.71,5.158902174,3.35,198.48
2022,7,9,9,1.75,2.76,3.7,231,348.88,33.78,0.99,5.17,12.05,7,9.52,10.25,72.5,0.02,62.39,3.39,6.453386852,4.21,197.16
2022,7,9,10,2.45,3.3,4.28,320.65,415.73,47.27,1.6,8,13.29,7.2,10.24,10.38,67.94,0.04,62.38,4.01,7.633652294,5.02,196.63
2022,7,9,11,2.16,3.62,4.62,295.88,456.42,44.52,1.62,8.35,13.79,7.59,10.69,10.68,67.56,0.07,62.35,4.5,8.566442724,5.66,197.51
2022,7,9,12,1.96,3.61,4.71,275.25,451.88,40.81,1.5,7.85,13.84,7.95,10.9,10.99,69,0.12,62.31,4.74,9.02331967,5.99,199.59
2022,7,9,13,1.79,3.45,4.53,246.4,432.08,36.8,1.3,6.55,13.69,8.22,10.96,11.17,70.75,0.18,62.26,4.83,9.194648524,6.11,202.56
2022,7,9,14,1.54,3.06,4.1,207.65,383.9,30.91,1,5.02,13.22,8.4,10.81,11.29,73.88,0.24,62.23,4.76,9.061392748,6.03,205.87
2022,7,9,15,1.17,2.47,3.44,156.7,310,23.09,0.63,3.27,12.4,8.38,10.4,11.29,77.75,0.27,62.21,4.42,8.414150409,5.65,209.33
2022,7,9,16,0.8,1.74,2.61,103.92,217.2,14.95,0.3,1.52,11.38,8.26,9.82,11.17,82.56,0.28,62.19,3.97,7.557506137,5.1,213.18
2022,7,9,17,0.32,0.96,1.66,41.08,118.3,5.94,0.07,0.33,10.41,8.21,9.31,11.17,87.81,0.27,62.2,3.38,6.434350313,4.38,216.81
2022,7,9,18,0.14,0.28,0.66,18.15,32.6,2.62,0.01,0.05,9.47,8.2,8.83,11.17,93.62,0.24,62.23,2.7,5.139865635,3.55,220.81
2022,7,9,19,0,0,0,0,0,0,0,0,8.84,8.26,8.55,11.23,98.12,0.22,62.26,2.01,3.826344417,2.72,220.92
2022,7,9,20,0,0,0,0,0,0,0,0,8.63,8.26,8.44,11.23,99.56,0.22,62.3,1.7,3.236211696,2.37,219.1
2022,7,9,21,0,0,0,0,0,0,0,0,8.42,8.19,8.31,11.17,100,0.24,62.34,1.58,3.007773223,2.27,217.58
2022,7,9,22,0,0,0,0,0,0,0,0,8.15,8.04,8.09,11.05,100,0.27,62.35,1.48,2.817407829,2.18,217.44
2022,7,9,23,0,0,0,0,0,0,0,0,7.85,7.81,7.83,10.86,100,0.31,62.34,1.42,2.703188593,2.14,217
2022,7,10,0,0,0,0,0,0,0,0,0,7.57,7.55,7.55,10.68,100,0.33,62.32,1.38,2.627042435,2.1,215.93
2022,7,10,1,0,0,0,0,0,0,0,0,7.2,7.19,7.19,10.44,100,0.29,62.29,1.29,2.455713581,1.99,211.81
2022,7,10,2,0,0,0,0,0,0,0,0,6.74,6.63,6.69,10.07,100,0.2,62.27,1.07,2.036909714,1.64,204.13
2022,7,10,3,0,0,0,0,0,0,0,0,6.33,6.19,6.26,9.77,100,0.14,62.25,0.93,1.770398163,1.37,190.86
2022,7,10,4,0,0,0,0,0,0,0,0,6.05,5.94,5.99,9.58,100,0.09,62.24,0.66,1.2564116,1.04,169.62
2022,7,10,5,0.04,0.03,0.12,3.58,3.8,0.49,0,0,5.87,5.65,5.76,9.34,100,0.05,62.26,0.52,0.989900048,0.86,138.67
2022,7,10,6,0.45,0.52,1.01,53.5,61.75,6.81,0.03,0.17,7.4,5.78,6.59,9.46,91.56,0.03,62.29,0.91,1.732325084,1.12,127.35
2022,7,10,7,1.16,1.31,2.01,142.38,161.98,18.23,0.26,1.25,9.48,5.52,7.51,9.28,77.75,0.01,62.31,1.23,2.341494345,1.48,160.9
2022,7,10,8,1.96,2.1,2.92,244.48,262.88,32.9,0.73,3.62,11.55,5.44,8.5,9.22,67.38,0.01,62.33,2.01,3.826344417,2.46,183.83
2022,7,10,9,2.61,2.79,3.7,331.88,349.6,46.16,1.31,6.73,13.21,5.83,9.52,9.52,62.31,0,62.34,2.9,5.520596422,3.58,191.7
2022,7,10,10,3.09,3.32,4.28,397.15,416.38,56.64,1.88,9.7,14.26,6.54,10.4,10.01,61.19,0.01,62.35,3.73,7.100629191,4.66,194.76
2022,7,10,11,3.23,3.62,4.62,426.08,454.38,61.49,2.2,11.7,14.56,7.2,10.88,10.44,62.88,0.03,62.35,4.25,8.09052924,5.35,195.34
2022,7,10,12,2.26,3.77,4.71,311.83,471.5,47.33,1.77,9.33,14.54,7.76,11.15,10.86,65.38,0.06,62.33,4.71,8.966210051,5.95,195.7
2022,7,10,13,2.18,3.59,4.53,295.9,449.9,44.3,1.59,8.2,14.18,8.18,11.18,11.17,68.69,0.09,62.3,4.99,9.499233154,6.33,196.2
2022,7,10,14,1.84,3.19,4.1,246.17,399.9,36.59,1.21,6.08,13.65,8.47,11.05,11.35,72.38,0.11,62.27,4.95,9.423086997,6.3,197.18
2022,7,10,15,1.29,2.59,3.44,174.1,325.15,25.81,0.72,3.67,12.97,8.57,10.77,11.41,76.06,0.12,62.25,4.63,8.813917736,5.9,199.56
2022,7,10,16,0.9,1.84,2.61,119.1,230.75,17.64,0.37,1.83,11.89,8.55,10.22,11.41,81.5,0.11,62.24,4.09,7.785944609,5.23,203.58
2022,7,10,17,0.34,1.03,1.66,44.23,126.88,6.49,0.08,0.38,10.81,8.55,9.68,11.41,87.62,0.1,62.26,3.56,6.777008022,4.6,207.52
2022,7,10,18,0.12,0.29,0.66,16.17,33.7,2.35,0.01,0.05,9.77,8.6,9.19,11.47,94.31,0.11,62.3,2.99,5.691925277,3.94,210.73
2022,7,10,19,0,0,0,0,0,0,0,0,9.14,8.7,8.92,11.54,99.06,0.11,62.34,2.28,4.34033098,3.12,209.58
2022,7,10,20,0,0,0,0,0,0,0,0,9.04,8.76,8.9,11.6,100,0.11,62.37,2.04,3.883454035,2.83,209.25
2022,7,10,21,0,0,0,0,0,0,0,0,8.9,8.76,8.83,11.6,100,0.11,62.41,1.77,3.369467472,2.54,210.12
2022,7,10,22,0,0,0,0,0,0,0,0,8.73,8.71,8.72,11.54,100,0.12,62.42,1.61,3.064882841,2.38,211.45
2022,7,10,23,0,0,0,0,0,0,0,0,8.48,8.56,8.52,11.41,100,0.1,62.41,1.46,2.779334751,2.24,215.91
2022,7,11,0,0,0,0,0,0,0,0,0,8.15,8.32,8.24,11.23,100,0.07,62.39,1.31,2.49378666,2.1,221.69
2022,7,11,1,0,0,0,0,0,0,0,0,7.83,8.03,7.93,11.05,100,0.05,62.38,1.15,2.18920203,1.94,225.49
2022,7,11,2,0,0,0,0,0,0,0,0,7.5,7.65,7.58,10.74,100,0.03,62.37,0.99,1.884617399,1.66,229.02
2022,7,11,3,0,0,0,0,0,0,0,0,7.07,6.95,7.01,10.25,100,0.02,62.37,0.85,1.618105848,1.29,238.62
2022,7,11,4,0,0,0,0,0,0,0,0,6.72,6.19,6.45,9.7,98.38,0.01,62.37,0.67,1.275448139,1,252.7
2022,7,11,5,0.04,0.03,0.12,3.45,3.5,0.48,0,0,6.58,5.84,6.21,9.46,97,0.01,62.39,0.52,0.989900048,0.79,260.91
2022,7,11,6,0.43,0.47,1,51.17,55.8,6.65,0.03,0.17,7.68,6.23,6.96,9.77,92.75,0.01,62.42,1.05,1.998836636,1.28,254.1
2022,7,11,7,1.05,1.25,2,130.48,154.2,17.29,0.26,1.27,9.48,6.51,8,9.95,83.44,0.01,62.44,1.87,3.559832865,2.28,238.16
2022,7,11,8,1.74,2.05,2.92,220.55,257.67,30.27,0.71,3.62,11.33,6.61,8.98,10.01,74.38,0.01,62.46,2.64,5.025646398,3.24,221.29
2022,7,11,9,2.35,2.75,3.69,304.3,346.52,43.05,1.28,6.77,12.86,6.98,9.92,10.31,69.19,0.02,62.48,3.45,6.567606089,4.29,213.49
2022,7,11,10,2.73,3.3,4.27,354.7,415.8,51.83,1.79,9.1,13.88,7.54,10.71,10.68,67.38,0.03,62.48,4.13,7.862090767,5.18,210.74
2022,7,11,11,2.69,3.62,4.62,364.38,456.35,53.72,2.01,10.58,14.44,8.08,11.26,11.11,67.31,0.06,62.47,4.68,8.909100433,5.92,210.12
2022,7,11,12,2.33,3.65,4.71,321.23,459.85,47.37,1.79,9.55,14.39,8.57,11.48,11.47,69.69,0.08,62.44,5.06,9.63248893,6.43,210.68
2022,7,11,13,1.96,3.49,4.53,269.52,439.77,40.13,1.47,7.5,13.91,8.93,11.42,11.72,73.44,0.11,62.4,5.18,9.860927403,6.62,211.68
2022,7,11,14,1.46,3.09,4.1,202.05,389.5,30.33,1.01,5.08,13.21,9.16,11.19,11.9,78,0.12,62.36,5.05,9.613452391,6.49,212.87
2022,7,11,15,1.05,2.5,3.44,147.02,315.02,22.2,0.63,3.3,12.3,9.32,10.81,12.02,83.62,0.14,62.34,4.68,8.909100433,6.06,214.28
2022,7,11,16,0.77,1.77,2.61,104.48,221.88,15.59,0.34,1.7,11.54,9.4,10.48,12.08,88.44,0.15,62.32,4.27,8.128602318,5.57,215.18
2022,7,11,17,0.34,0.96,1.66,41.95,117.88,5.66,0.07,0.33,10.89,9.43,10.15,12.15,92.5,0.15,62.33,3.79,7.214848428,5,214.11
2022,7,11,18,0.13,0.27,0.65,16.35,31.48,2.3,0.01,0.05,10.21,9.37,9.79,12.08,96.5,0.16,62.35,3.12,5.939400289,4.21,210.8
2022,7,11,19,0,0,0,0,0,0,0,0,9.23,9.01,9.12,11.9,100,0.18,62.39,1.97,3.750198259,2.71,206.12
2022,7,11,20,0,0,0,0,0,0,0,0,9.3,9.06,9.18,11.9,100,0.18,62.41,1.86,3.540796326,2.69,200.07
2022,7,11,21,0,0,0,0,0,0,0,0,9.15,9.19,9.17,11.96,100,0.17,62.43,2.61,4.96853678,3.77,204.07
2022,7,11,22,0,0,0,0,0,0,0,0,8.76,8.94,8.85,11.72,100,0.14,62.45,3.02,5.749034895,4.33,209.48
2022,7,11,23,0,0,0,0,0,0,0,0,7.9,7.9,7.9,10.99,100,0.12,62.46,2.29,4.35936752,3.25,217.48
2022,7,12,0,0,0,0,0,0,0,0,0,7.29,7.04,7.16,10.38,100,0.1,62.46,1.38,2.627042435,1.97,232.26
2022,7,12,1,0,0,0,0,0,0,0,0,7.06,6.74,6.9,10.13,100,0.09,62.41,1.02,1.941727017,1.46,241.51
2022,7,12,2,0,0,0,0,0,0,0,0,6.92,6.62,6.76,10.01,99.88,0.08,62.38,0.53,1.008936588,0.82,227.32
2022,7,12,3,0,0,0,0,0,0,0,0,6.81,6.43,6.62,9.83,99.12,0.07,62.37,0.32,0.60916926,0.49,228.9
2022,7,12,4,0,0,0,0,0,0,0,0,6.72,6.28,6.5,9.77,98.75,0.06,62.36,0.28,0.533023103,0.45,270
2022,7,12,5,0.04,0.03,0.12,3.15,3.55,0.45,0,0,6.66,6.01,6.34,9.58,97.31,0.04,62.38,0.4,0.761461575,0.63,311.46
2022,7,12,6,0.36,0.5,1,42.4,60.45,5.48,0.03,0.15,7.74,6.12,6.93,9.64,91.44,0.04,62.42,0.6,1.142192363,0.76,298.14
2022,7,12,7,0.99,1.3,2,125.58,164.38,17.22,0.26,1.27,9.76,6.41,8.08,9.83,81.12,0.03,62.44,1.48,2.817407829,1.8,236.65
2022,7,12,8,1.77,2.1,2.91,227,267.1,31.62,0.73,3.75,11.67,6.99,9.33,10.19,74.25,0.04,62.46,2.6,4.949500241,3.21,221.25
2022,7,12,9,2.48,2.79,3.69,321.48,354.48,45.84,1.36,7.17,13.18,7.5,10.33,10.62,69.88,0.07,62.47,3.44,6.548569549,4.28,214.44
2022,7,12,10,2.73,3.31,4.27,358.12,419.62,52.16,1.8,9.23,13.94,7.96,10.95,10.99,68.81,0.11,62.46,4.11,7.824017688,5.15,211.86
2022,7,12,11,2.7,3.63,4.62,362.48,459.02,54.01,2.01,10.65,14.33,8.41,11.37,11.35,69.25,0.14,62.43,4.6,8.756808118,5.79,211.55
2022,7,12,12,2.57,3.69,4.7,351.25,466.33,52.18,1.97,10.55,14.58,8.78,11.68,11.66,69.88,0.17,62.38,5.03,9.575379312,6.37,212.13
2022,7,12,13,1.98,3.5,4.53,269.52,442.48,40.62,1.48,7.73,14.36,9.14,11.75,11.9,72.44,0.19,62.33,5.27,10.03225626,6.72,212.71
2022,7,12,14,1.7,3.1,4.1,233.02,391.62,34.68,1.16,5.8,13.74,9.4,11.57,12.15,76.62,0.19,62.29,5.26,10.01321972,6.76,214.08
2022,7,12,15,1.16,2.5,3.44,158.7,315.6,23.66,0.66,3.48,13.11,9.53,11.32,12.21,80.44,0.18,62.26,5.1,9.708635087,6.59,215.5
2022,7,12,16,0.83,1.75,2.61,111.12,219.55,15.94,0.34,1.65,12.23,9.54,10.88,12.21,85.25,0.16,62.25,4.7,8.947173512,6.14,216.93
2022,7,12,17,0.43,0.95,1.65,56.48,117.05,8.11,0.09,0.48,11.28,9.49,10.38,12.21,90.56,0.16,62.25,4.06,7.728834991,5.37,218.09
2022,7,12,18,0.14,0.26,0.65,17.88,29.9,2.55,0.01,0.05,10.42,9.49,9.96,12.21,96,0.12,62.28,3.25,6.186875301,4.37,218.04
2022,7,12,19,0,0,0,0,0,0,0,0,9.9,9.48,9.69,12.21,99.5,0.11,62.32,2.46,4.682988689,3.37,216.52
2022,7,12,20,0,0,0,0,0,0,0,0,9.73,9.45,9.58,12.15,100,0.08,62.37,2.34,4.454550217,3.27,214.79
2022,7,12,21,0,0,0,0,0,0,0,0,9.49,9.35,9.42,12.08,100,0.07,62.4,2.31,4.397440598,3.28,213.24
2022,7,12,22,0,0,0,0,0,0,0,0,9.02,8.9,8.96,11.72,100,0.06,62.41,2.28,4.34033098,3.22,212.3
2022,7,12,23,0,0,0,0,0,0,0,0,8.23,7.92,8.07,10.99,100,0.06,62.4,1.95,3.71212518,2.73,210.96
2022,7,13,0,0,0,0,0,0,0,0,0,7.66,7.12,7.39,10.38,98.62,0.04,62.38,1.58,3.007773223,2.25,208.44
2022,7,13,1,0,0,0,0,0,0,0,0,6.89,6.21,6.55,9.7,97.44,0.02,62.36,0.93,1.770398163,1.34,213.14
2022,7,13,2,0,0,0,0,0,0,0,0,6.37,5.44,5.9,9.22,95.88,0.01,62.33,0.49,0.93279043,0.71,263.03
2022,7,13,3,0,0,0,0,0,0,0,0,6.09,5.26,5.68,9.09,96.44,0,62.29,0.49,0.93279043,0.78,319.09
2022,7,13,4,0,0,0,0,0,0,0,0,6.18,5.22,5.7,9.09,95.5,0,62.27,0.54,1.027973127,0.91,347.15
2022,7,13,5,0.04,0.03,0.11,3.42,3.83,0.48,0,0,6.15,4.97,5.55,8.91,94.12,0,62.25,0.67,1.275448139,1.14,5.12
2022,7,13,6,0.36,0.56,0.99,44.58,70.02,6.12,0.03,0.17,7.08,5.11,6.09,9.03,89.31,0,62.25,1.01,1.922690478,1.36,11.57
2022,7,13,7,0.91,1.37,1.99,116.27,174.9,16.45,0.27,1.3,8.65,5.29,6.97,9.16,81.12,0,62.25,0.91,1.732325084,1.12,0.8
2022,7,13,8,1.54,2.15,2.91,199.15,275.27,28.66,0.7,3.62,10.8,5.95,8.37,9.52,73.38,0.01,62.26,0.72,1.370630836,0.91,272.47
2022,7,13,9,2.4,2.83,3.69,314.48,360.38,45.05,1.41,7.6,12.48,6.53,9.51,9.95,68.38,0.01,62.26,1.47,2.79837129,1.85,217.11
2022,7,13,10,2.73,3.34,4.27,359.75,423.92,52.72,1.89,9.48,13.98,7.18,10.58,10.44,64.88,0.02,62.26,2.78,5.29215795,3.48,203.11
2022,7,13,11,2.7,3.64,4.62,368.52,461.55,54.68,2.11,11.12,14.33,7.76,11.05,10.86,65.94,0.04,62.26,3.94,7.500396519,4.96,197.89
2022,7,13,12,2.48,3.63,4.7,339.3,458.2,49.96,1.94,10.45,14.16,8.22,11.19,11.17,68.75,0.07,62.24,4.67,8.890063894,5.92,196.16
2022,7,13,13,2.33,3.47,4.53,313.38,437.62,46.39,1.74,8.98,13.49,8.49,10.99,11.35,73,0.1,62.21,4.99,9.499233154,6.36,195.96
2022,7,13,14,1.75,3.07,4.1,235.73,387.17,34.7,1.2,6.05,13.01,8.59,10.8,11.47,75.81,0.12,62.18,5.06,9.63248893,6.48,196.75
2022,7,13,15,1.32,2.47,3.44,177.1,310.3,25.66,0.76,3.98,12.51,8.54,10.52,11.41,78.06,0.12,62.16,5.03,9.575379312,6.47,198.65
2022,7,13,16,0.83,1.74,2.61,107.98,217.8,15.28,0.34,1.67,11.72,8.41,10.06,11.29,81.56,0.11,62.15,4.71,8.966210051,6.1,201.01
2022,7,13,17,0.48,0.96,1.65,60.67,117.73,8.3,0.11,0.52,10.77,8.28,9.52,11.23,86,0.09,62.16,4.17,7.938236924,5.43,203.69
2022,7,13,18,0.15,0.27,0.65,19.35,31.58,2.56,0.01,0.05,9.55,8.26,8.9,11.17,93.31,0.07,62.2,3.32,6.320131077,4.39,206.75
2022,7,13,19,0,0,0,0,0,0,0,0,8.75,8.33,8.55,11.23,99.06,0.06,62.25,2.36,4.492623295,3.23,208.61
2022,7,13,20,0,0,0,0,0,0,0,0,8.58,8.3,8.44,11.23,100,0.04,62.29,1.92,3.655015562,2.71,208.64
2022,7,13,21,0,0,0,0,0,0,0,0,8.33,8.21,8.27,11.17,100,0.03,62.32,1.76,3.350430932,2.54,208.93
2022,7,13,22,0,0,0,0,0,0,0,0,8.01,8.01,8.01,10.99,100,0.02,62.33,1.73,3.293321314,2.56,209.07
2022,7,13,23,0,0,0,0,0,0,0,0,7.71,7.77,7.74,10.86,100,0.02,62.33,1.72,3.274284775,2.58,211.53
2022,7,14,0,0,0,0,0,0,0,0,0,7.54,7.62,7.58,10.74,100,0.01,62.32,1.68,3.198138617,2.53,215.21
2022,7,14,1,0,0,0,0,0,0,0,0,7.45,7.56,7.51,10.74,100,0.01,62.29,1.56,2.969700144,2.39,217.96
2022,7,14,2,0,0,0,0,0,0,0,0,7.44,7.56,7.5,10.74,100,0,62.26,1.51,2.874517447,2.34,218.63
2022,7,14,3,0,0,0,0,0,0,0,0,7.44,7.57,7.51,10.74,100,0,62.23,1.56,2.969700144,2.42,221.46
2022,7,14,4,0,0,0,0,0,0,0,0,7.31,7.5,7.4,10.68,100,0,62.23,1.49,2.836444369,2.35,224.06
2022,7,14,5,0.04,0.03,0.11,3.45,3.58,0.48,0,0,7.4,7.51,7.45,10.68,100,0,62.25,1.4,2.665115514,2.2,216.79
2022,7,14,6,0.54,0.54,0.98,64.08,65.9,7.48,0.04,0.2,8.16,7.49,7.83,10.68,98.12,0,62.29,2.1,3.997673271,2.84,205.44
2022,7,14,7,1.29,1.34,1.98,160.3,168.3,20.21,0.29,1.42,9,7.01,8.01,10.31,89.56,0,62.33,2.4,4.568769453,3.03,196.19
2022,7,14,8,2.11,2.14,2.91,265.4,269.95,35.92,0.82,4.08,10.39,6.64,8.51,10.07,79.56,0,62.36,2.73,5.196975253,3.39,191.83
2022,7,14,9,2.59,2.83,3.69,332.67,356.98,47.25,1.41,7.35,11.83,6.45,9.15,9.95,71.44,0,62.36,3.36,6.396277234,4.19,188.9
2022,7,14,10,2.06,3.36,4.27,270.75,422.77,40.63,1.43,7.33,12.98,6.64,9.81,10.07,67.06,0,62.35,3.96,7.538469597,4.96,188.88
2022,7,14,11,2.44,3.68,4.62,333.02,462.15,50.04,1.91,10.02,13.65,6.9,10.28,10.25,65.44,0,62.31,4.37,8.318967712,5.51,189.72
2022,7,14,12,2.42,3.73,4.7,330.7,467,49.15,1.9,10.15,13.95,7.2,10.58,10.5,65.5,0.01,62.26,4.7,8.947173512,5.94,190.93
2022,7,14,13,2.22,3.57,4.53,302.4,447.35,45.27,1.68,8.65,13.77,7.44,10.6,10.68,67.19,0.04,62.22,4.89,9.30886776,6.22,193.08
2022,7,14,14,1.83,3.18,4.1,246.1,399.25,36.71,1.26,6.25,13.28,7.71,10.49,10.86,70.56,0.07,62.19,4.91,9.346940839,6.27,194.43
2022,7,14,15,1.4,2.59,3.44,186,325.52,27.48,0.79,4.12,12.59,7.88,10.24,10.93,74.5,0.09,62.18,4.82,9.175611985,6.19,194.09
2022,7,14,16,1.02,1.85,2.61,131.85,232.27,18.88,0.41,2.02,11.65,7.95,9.8,10.99,79.69,0.09,62.19,4.61,8.775844657,5.96,192.65
2022,7,14,17,0.58,1.03,1.65,72.88,127.9,9.97,0.12,0.6,10.38,7.9,9.14,10.93,86.31,0.07,62.22,4.17,7.938236924,5.45,190.73
2022,7,14,18,0.14,0.29,0.64,18.45,34.67,2.6,0.01,0.05,9.09,7.79,8.44,10.86,93.62,0.04,62.27,3.27,6.22494838,4.33,188.93
2022,7,14,19,0,0,0,0,0,0,0,0,8.43,7.88,8.15,10.99,98.75,0.03,62.32,2.29,4.35936752,3.09,191.37
2022,7,14,20,0,0,0,0,0,0,0,0,8.23,7.89,8.05,10.93,100,0.02,62.37,1.88,3.578869405,2.63,199.08
2022,7,14,21,0,0,0,0,0,0,0,0,8.04,7.88,7.96,10.93,100,0.02,62.41,1.73,3.293321314,2.51,207.04
2022,7,14,22,0,0,0,0,0,0,0,0,7.59,7.53,7.56,10.62,100,0.03,62.44,1.59,3.026809763,2.39,211.93
2022,7,14,23,0,0,0,0,0,0,0,0,7.03,6.99,7.01,10.25,100,0.04,62.43,1.62,3.083919381,2.44,213.39
2022,7,15,0,0,0,0,0,0,0,0,0,6.39,6.3,6.34,9.77,100,0.05,62.44,1.45,2.760298211,2.18,208.04
2022,7,15,1,0,0,0,0,0,0,0,0,5.66,5.54,5.6,9.28,100,0.04,62.44,0.78,1.484850072,1.32,186.45
2022,7,15,2,0,0,0,0,0,0,0,0,5.5,5.06,5.28,8.97,99.12,0.02,62.42,0.47,0.894717351,0.71,154
2022,7,15,3,0,0,0,0,0,0,0,0,5.29,4.45,4.87,8.61,96.19,0.01,62.41,0.2,0.380730788,0.39,91.15
2022,7,15,4,0,0,0,0,0,0,0,0,5.08,3.87,4.48,8.24,93.5,0,62.4,0.27,0.513986563,0.43,53.97
2022,7,15,5,0.04,0.03,0.11,3.1,3.45,0.44,0,0,5.03,3.44,4.23,8,91,0,62.41,0.33,0.6282058,0.55,43.26
2022,7,15,6,0.5,0.53,0.98,60.73,66.73,7.09,0.03,0.17,6.91,4.33,5.62,8.54,85.75,0,62.45,0.15,0.285548091,0.33,57.43
2022,7,15,7,1.2,1.32,1.98,152.52,170.38,19.34,0.27,1.33,9.22,3.87,6.55,8.3,71.12,0,62.49,0.81,1.54195969,0.95,169.15
2022,7,15,8,2.05,2.09,2.9,265.1,271.3,35.27,0.78,3.88,10.9,3.83,7.37,8.3,63.44,0,62.52,1.94,3.693088641,2.37,182.83
2022,7,15,9,2.73,2.75,3.68,358.65,357.25,49.42,1.41,7.17,11.99,4.24,8.12,8.54,60.88,0,62.54,2.6,4.949500241,3.2,182.94
2022,7,15,10,3.09,3.33,4.27,402.25,424.35,57.91,2,10.3,12.72,4.8,8.76,8.85,60.38,0,62.54,3.13,5.958436828,3.87,183.12
2022,7,15,11,2.96,3.71,4.61,390.62,465.05,58.79,2.23,11.85,13.05,5.26,9.15,9.22,61.12,0,62.52,3.49,6.643752246,4.33,183.2
2022,7,15,12,2.15,3.77,4.7,299.33,471.9,45.98,1.8,9.58,13.1,5.68,9.39,9.46,62.62,0,62.5,3.71,7.062556113,4.62,183.3
2022,7,15,13,2.01,3.61,4.53,271.4,452.33,41.92,1.59,8.1,13.01,6.03,9.52,9.7,64.44,0,62.47,3.85,7.329067664,4.81,184.28
2022,7,15,14,1.98,3.22,4.1,261.48,404.6,39.53,1.38,6.83,12.76,6.29,9.52,9.83,66.62,0,62.45,3.9,7.424250361,4.89,185.5
2022,7,15,15,1.68,2.63,3.44,219.33,331.65,32.27,0.94,4.9,12.37,6.4,9.38,9.89,68.75,0,62.44,3.8,7.233884967,4.79,186.46
2022,7,15,16,1.32,1.89,2.61,167.9,238.52,23.6,0.5,2.48,11.82,6.44,9.12,9.95,71.5,0,62.43,3.59,6.83411764,4.55,187.2
2022,7,15,17,0.81,1.06,1.65,100.45,133.12,12.72,0.15,0.7,10.87,6.61,8.73,10.07,77.06,0,62.45,3.18,6.053619525,4.06,188.52
2022,7,15,18,0.24,0.3,0.64,29.33,35.23,3.59,0.01,0.05,9.42,6.99,8.2,10.31,87.25,0,62.48,2.4,4.568769453,3.14,190.02
2022,7,15,19,0,0,0,0,0,0,0,0,8.18,7.53,7.86,10.68,98.38,0,62.52,1.35,2.569932817,1.89,190.71
2022,7,15,20,0,0,0,0,0,0,0,0,7.98,7.62,7.8,10.74,100,0,62.56,1.14,2.17016549,1.65,186.52
2022,7,15,21,0,0,0,0,0,0,0,0,7.54,7.5,7.52,10.68,100,0,62.59,0.74,1.408703915,1.21,184.43
2022,7,15,22,0,0,0,0,0,0,0,0,7.33,7.26,7.3,10.5,100,0,62.59,0.85,1.618105848,1.29,185.23
2022,7,15,23,0,0,0,0,0,0,0,0,6.96,6.91,6.94,10.25,100,0,62.57,0.6,1.142192363,0.96,180
2022,7,16,0,0,0,0,0,0,0,0,0,6.69,6.5,6.59,10.01,100,0,62.54,0.52,0.989900048,0.76,174.7
2022,7,16,1,0,0,0,0,0,0,0,0,6.3,5.92,6.12,9.58,100,0,62.51,0.24,0.456876945,0.41,137.29
2022,7,16,2,0,0,0,0,0,0,0,0,5.87,5.28,5.58,9.22,99.12,0,62.49,0.19,0.361694248,0.36,98.65
2022,7,16,3,0,0,0,0,0,0,0,0,5.59,4.67,5.13,8.79,96.75,0,62.48,0.26,0.494950024,0.46,56.85
2022,7,16,4,0,0,0,0,0,0,0,0,5.24,4.04,4.64,8.42,94.75,0,62.47,0.5,0.951826969,0.88,36.36
2022,7,16,5,0.04,0.03,0.1,2.95,3.35,0.41,0,0,5.01,3.36,4.18,8,91.62,0,62.47,0.78,1.484850072,1.4,36.61
2022,7,16,6,0.44,0.55,0.97,52.55,67.33,6.69,0.03,0.17,7.24,4.08,5.66,8.48,83.06,0,62.49,1.07,2.036909714,1.53,36.93
2022,7,16,7,1.12,1.35,1.97,139.05,170.35,17.88,0.26,1.27,10.05,3.33,6.69,8,64.94,0,62.52,0.46,0.875680812,0.56,96.43
2022,7,16,8,2.05,2.15,2.9,258.58,271.33,35.13,0.8,3.95,11.96,4.02,7.99,8.42,60.31,0,62.55,1.44,2.741261672,1.8,193.01
2022,7,16,9,2.7,2.84,3.68,344.75,357.95,48.85,1.45,7.48,13.3,4.98,9.15,9.03,59.12,0,62.56,2.52,4.797207926,3.12,196.75
2022,7,16,10,2.61,3.37,4.26,332.12,423.05,49.5,1.73,8.95,14.29,5.94,10.12,9.64,59.25,0,62.57,3.42,6.51049647,4.26,196.97
2022,7,16,11,2.85,3.68,4.61,378.5,461.48,56.66,2.15,11.3,14.73,6.78,10.76,10.19,60.94,0,62.56,4.1,7.804981149,5.12,197.3
2022,7,16,12,2.3,3.71,4.7,305.45,464.7,46.67,1.8,9.62,14.43,7.41,10.92,10.62,64.62,0,62.53,4.43,8.433186949,5.57,198.05
2022,7,16,13,2.36,3.54,4.53,313.67,444.3,46.67,1.72,8.92,14.18,7.84,11.01,10.93,67.31,0,62.5,4.6,8.756808118,5.8,198.7
2022,7,16,14,1.94,3.14,4.09,255.65,395.02,37.95,1.28,6.48,13.99,8.14,11.06,11.11,69.31,0.01,62.48,4.68,8.909100433,5.92,199.58
2022,7,16,15,1.47,2.54,3.44,192.38,320.05,28,0.8,4.15,13.44,8.39,10.91,11.29,72.88,0.01,62.47,4.58,8.718735039,5.83,200.4
2022,7,16,16,1.03,1.8,2.6,132.77,225.55,19,0.41,2.02,12.39,8.48,10.44,11.29,78.31,0.01,62.47,4.31,8.204748476,5.53,200.51
2022,7,16,17,0.54,0.98,1.64,67.62,120.6,9.12,0.11,0.55,11.08,8.47,9.78,11.29,85.25,0.01,62.48,3.82,7.271958046,4.93,200.79
2022,7,16,18,0.17,0.27,0.63,20.8,31.62,2.8,0.01,0.05,9.73,8.44,9.09,11.29,93.31,0.01,62.52,3.05,5.806144513,3.98,202.24
2022,7,16,19,0,0,0,0,0,0,0,0,8.97,8.44,8.7,11.29,98.44,0.01,62.57,2.18,4.149965586,2.94,204.32
2022,7,16,20,0,0,0,0,0,0,0,0,8.59,8.21,8.4,11.11,99.56,0.01,62.63,1.62,3.083919381,2.26,206.48
2022,7,16,21,0,0,0,0,0,0,0,0,8.09,7.62,7.86,10.68,98.94,0.02,62.68,1.32,2.512823199,1.89,207.84
2022,7,16,22,0,0,0,0,0,0,0,0,7.6,7.25,7.43,10.44,99.81,0.01,62.7,1.13,2.151128951,1.58,213.3
2022,7,16,23,0,0,0,0,0,0,0,0,7.3,6.99,7.15,10.25,100,0.01,62.69,0.98,1.86558086,1.35,222.9
2022,7,17,0,0,0,0,0,0,0,0,0,7.08,6.69,6.88,10.01,99.62,0.01,62.67,0.84,1.599069309,1.14,235.01
2022,7,17,1,0,0,0,0,0,0,0,0,6.81,6.43,6.62,9.83,99.56,0,62.65,0.63,1.199301981,0.87,250.59
2022,7,17,2,0,0,0,0,0,0,0,0,6.47,6.12,6.3,9.64,99.81,0,62.63,0.4,0.761461575,0.66,269.33
2022,7,17,3,0,0,0,0,0,0,0,0,6.24,5.8,6.02,9.4,99.12,0,62.62,0.25,0.475913485,0.46,297
2022,7,17,4,0,0,0,0,0,0,0,0,5.94,5.37,5.65,9.16,98.25,0,62.61,0.39,0.742425036,0.67,4.04
2022,7,17,5,0.03,0.03,0.1,2.67,3.02,0.38,0,0,5.47,4.78,5.12,8.73,97.25,0,62.63,0.75,1.427740454,1.27,23.11
2022,7,17,6,0.37,0.5,0.96,43.92,60.67,5.62,0.03,0.15,7.54,5.3,6.42,9.16,88,0,62.66,1.12,2.132092411,1.52,24.59
2022,7,17,7,1.17,1.3,1.97,144.42,162.73,18.38,0.27,1.3,10.7,4.94,7.82,8.85,69,0,62.69,0.29,0.552059642,0.36,313.26
2022,7,17,8,1.98,2.1,2.89,249.98,265.33,33.77,0.77,3.85,12.96,5.19,9.08,9.03,60.56,0,62.7,1.62,3.083919381,2,222.79
2022,7,17,9,2.63,2.79,3.68,336.67,352.17,47.27,1.4,7.23,14.33,5.89,10.12,9.52,58.38,0,62.71,2.74,5.216011792,3.4,214.79
2022,7,17,10,2.92,3.31,4.26,376.27,417.83,54.48,1.88,9.7,15.04,6.79,10.91,10.19,59.56,0,62.71,3.57,6.796044561,4.46,212.19
2022,7,17,11,3.13,3.62,4.61,412.7,456.17,60.45,2.27,12.05,15.15,7.55,11.35,10.74,62.5,0,62.7,4.07,7.747871531,5.1,211.08
2022,7,17,12,2.79,3.62,4.7,372.7,453.5,53.93,2.04,11.02,15.19,8.03,11.61,11.11,64.38,0,62.65,4.38,8.338004252,5.52,210.81
2022,7,17,13,2.19,3.45,4.52,288.58,431.1,42.59,1.55,8.1,15.09,8.4,11.75,11.35,66.19,0,62.6,4.65,8.851990815,5.88,211.3
2022,7,17,14,1.89,3.04,4.09,247.52,378.45,35.66,1.2,6,14.64,8.68,11.66,11.54,69.19,0,62.56,4.69,8.928136973,5.96,212.36
2022,7,17,15,1.34,2.41,3.44,176.1,298.92,25.23,0.72,3.75,13.88,8.85,11.37,11.66,73.25,0,62.54,4.62,8.794881197,5.9,213.61
2022,7,17,16,0.86,1.67,2.6,110,204.9,15.55,0.34,1.65,12.7,8.87,10.79,11.6,78.94,0,62.53,4.3,8.185711936,5.55,215.14
2022,7,17,17,0.44,0.89,1.64,55.58,106.58,7.67,0.09,0.45,11.44,8.9,10.18,11.6,85.81,0,62.54,3.8,7.233884967,4.93,216.16
2022,7,17,18,0.13,0.23,0.63,15.75,25.88,2.2,0.01,0.02,10.21,8.94,9.58,11.66,93.31,0.26,62.57,3.09,5.882290671,4.07,216.65
2022,7,17,19,0,0,0,0,0,0,0,0,9.48,8.98,9.23,11.66,98.31,0.21,62.61,2.35,4.473586756,3.17,215.57
2022,7,17,20,0,0,0,0,0,0,0,0,9.26,8.95,9.1,11.66,99.62,0.16,62.66,1.89,3.597905944,2.64,215.72
2022,7,17,21,0,0,0,0,0,0,0,0,8.97,8.85,8.9,11.54,100,0.1,62.68,1.49,2.836444369,2.21,217.52
2022,7,17,22,0,0,0,0,0,0,0,0,8.65,8.71,8.68,11.47,100,0.08,62.67,1.25,2.379567423,1.98,220.21
2022,7,17,23,0,0,0,0,0,0,0,0,8.31,8.5,8.4,11.29,100,0.06,62.63,1.02,1.941727017,1.76,223.56
2022,7,18,0,0,0,0,0,0,0,0,0,7.94,8.22,8.08,11.11,100,0.04,62.58,0.82,1.56099623,1.54,226.03
2022,7,18,1,0,0,0,0,0,0,0,0,7.62,7.95,7.78,10.93,100,0.03,62.52,0.7,1.332557757,1.41,232.43
2022,7,18,2,0,0,0,0,0,0,0,0,7.31,7.51,7.41,10.62,100,0.02,62.48,0.64,1.218338521,1.21,246.07
2022,7,18,3,0,0,0,0,0,0,0,0,7.19,7.26,7.23,10.44,100,0.02,62.45,0.49,0.93279043,0.88,260.79
2022,7,18,4,0,0,0,0,0,0,0,0,7.1,7.05,7.08,10.31,100,0.02,62.45,0.29,0.552059642,0.55,295.46
2022,7,18,5,0.03,0.03,0.1,2.35,2.8,0.34,0,0,7.01,6.8,6.9,10.13,100,0.02,62.46,0.34,0.647242339,0.65,0
2022,7,18,6,0.21,0.47,0.95,25.52,57.27,3.62,0.02,0.1,8.47,7.02,7.74,10.31,92.69,0.02,62.49,0.67,1.275448139,0.87,0
2022,7,18,7,0.68,1.25,1.96,87.77,157.8,12.76,0.2,0.98,10.56,7.3,8.94,10.44,81.88,0.03,62.52,1.11,2.113055872,1.37,274.9
2022,7,18,8,1.13,2.04,2.89,150.02,259.1,22.22,0.54,2.75,12.26,7.62,9.94,10.68,74.88,0.04,62.55,1.7,3.236211696,2.11,251.7
2022,7,18,9,1.64,2.71,3.67,220.12,344.92,32.72,1.01,5.38,13.65,7.87,10.76,10.93,69.81,0.08,62.57,2.37,4.511659835,2.98,232.14
2022,7,18,10,1.98,3.23,4.26,266.52,410.05,39.85,1.4,6.95,14.32,8.19,11.26,11.17,68.56,0.19,62.58,3.34,6.358204155,4.24,222.16
2022,7,18,11,1.77,3.53,4.61,244.25,448.4,37.34,1.41,7.27,14.33,8.54,11.44,11.47,70.06,0.33,62.57,4.08,7.76690807,5.21,220.01
2022,7,18,12,1.71,3.5,4.7,242.5,440.15,36.12,1.37,7.25,14.21,8.84,11.52,11.66,71.88,0.45,62.54,4.54,8.642588882,5.83,220.16
2022,7,18,13,1.55,3.33,4.52,216.7,419.5,32.36,1.17,6,13.97,9.06,11.51,11.84,73.94,0.59,62.5,4.75,9.042356209,6.13,220.86
2022,7,18,14,1.19,2.94,4.09,167.15,369.27,25.12,0.85,4.23,13.47,9.2,11.33,11.9,76.88,0.74,62.45,4.71,8.966210051,6.09,222.56
2022,7,18,15,0.95,2.36,3.44,130.9,294.4,19.63,0.57,2.98,12.69,9.23,10.96,11.9,80.81,0.79,62.42,4.47,8.509333106,5.81,224.95
2022,7,18,16,0.68,1.63,2.6,91.42,201.48,13.66,0.3,1.48,11.94,9.23,10.58,11.9,84.75,0.79,62.4,4.15,7.900163846,5.4,225.94
2022,7,18,17,0.31,0.89,1.64,38.62,107.42,5.48,0.07,0.33,11,9.21,10.1,11.84,90,0.77,62.39,3.71,7.062556113,4.88,225.84
2022,7,18,18,0.1,0.23,0.62,12.48,26.75,1.82,0.01,0.02,10.08,9.17,9.63,11.84,95.31,0.36,62.41,3.22,6.129765683,4.31,225.37
2022,7,18,19,0,0,0,0,0,0,0,0,9.21,8.94,9.07,11.66,99.94,0.39,62.44,2.53,4.816244465,3.46,225.64
2022,7,18,20,0,0,0,0,0,0,0,0,8.83,8.63,8.73,11.47,100,0.42,62.47,1.96,3.73116172,2.82,228.04
2022,7,18,21,0,0,0,0,0,0,0,0,8.67,8.53,8.6,11.41,100,0.49,62.51,1.75,3.331394393,2.57,230.93
2022,7,18,22,0,0,0,0,0,0,0,0,8.2,8.14,8.17,11.11,100,0.6,62.52,1.3,2.47475012,2.02,236.19
2022,7,18,23,0,0,0,0,0,0,0,0,7.73,7.65,7.69,10.74,100,0.78,62.49,1.11,2.113055872,1.75,241.72
2022,7,19,0,0,0,0,0,0,0,0,0,7.58,7.41,7.5,10.62,100,0.96,62.44,0.95,1.808471242,1.53,242.39
2022,7,19,1,0,0,0,0,0,0,0,0,7.56,7.46,7.51,10.62,100,0.96,62.38,0.8,1.522923151,1.34,241.34
2022,7,19,2,0,0,0,0,0,0,0,0,7.39,7.42,7.4,10.62,100,0.69,62.33,0.56,1.066046206,1.06,242.68
2022,7,19,3,0,0,0,0,0,0,0,0,7.15,7.28,7.22,10.5,100,0.39,62.29,0.45,0.856644272,0.92,243.87
2022,7,19,4,0,0,0,0,0,0,0,0,6.91,7.15,7.04,10.44,100,0.24,62.27,0.36,0.685315418,0.72,238.72
2022,7,19,5,0.03,0.02,0.09,2.38,2.55,0.35,0,0,6.93,7.11,7.02,10.38,100,0.16,62.27,0.25,0.475913485,0.48,241.76
2022,7,19,6,0.2,0.43,0.95,24.92,51.88,3.7,0.02,0.1,8.09,7.48,7.79,10.62,97.94,0.55,62.31,0.17,0.32362117,0.23,270
2022,7,19,7,0.78,1.21,1.96,99.67,150.83,14.28,0.22,1.08,9.71,7.76,8.73,10.86,89.56,0.32,62.36,0.03,0.057109618,0.03,135
2022,7,19,8,1.36,2,2.88,176.23,253.45,25.5,0.61,3.1,11.61,7.65,9.63,10.8,78.94,0.24,62.4,0.71,1.351594296,0.87,170.71
2022,7,19,9,2.02,2.7,3.67,265.15,342.55,38.39,1.17,6.23,13.44,7.6,10.52,10.86,70.19,0.22,62.43,1.71,3.255248235,2.13,187.15
2022,7,19,10,2.38,3.2,4.26,311.6,405.25,45.66,1.59,7.98,14.51,7.91,11.22,11.11,66.94,0.19,62.44,2.57,4.892390622,3.22,198.08
2022,7,19,11,2.44,3.53,4.61,326.15,445.85,48.4,1.81,9.52,14.87,8.37,11.62,11.41,67.31,0.18,62.43,3.21,6.110729143,4.05,204.88
2022,7,19,12,2.06,3.66,4.7,286.62,464.83,44.15,1.7,9.02,14.4,8.55,11.48,11.54,70.12,0.17,62.4,3.63,6.910263798,4.63,211.06
2022,7,19,13,1.79,3.48,4.52,246.73,441.75,37.93,1.41,7.17,13.39,8.79,11.09,11.72,75.81,0.22,62.36,3.73,7.100629191,4.8,217.52
2022,7,19,14,0.86,3.07,4.09,125.33,390.3,20.01,0.69,3.42,12.18,8.92,10.55,11.78,82.5,0.27,62.33,3.38,6.434350313,4.38,222.69
2022,7,19,15,0.54,2.48,3.43,78.73,313.9,12.64,0.37,1.95,11.55,8.91,10.23,11.78,85.94,0.26,62.3,2.98,5.672888737,3.85,226.07
2022,7,19,16,0.32,1.74,2.6,45,219.83,7.23,0.16,0.8,11.04,8.83,9.94,11.72,88.31,0.22,62.28,2.56,4.873354083,3.3,226.82
2022,7,19,17,0.17,0.95,1.63,22,118.05,3.53,0.04,0.23,10.43,8.76,9.6,11.66,91.62,0.16,62.28,2.15,4.092855968,2.79,224.66
2022,7,19,18,0.1,0.24,0.62,13.25,28.58,1.95,0.01,0.02,9.68,8.87,9.27,11.72,97,0.24,62.3,1.73,3.293321314,2.29,215.42
2022,7,19,19,0,0,0,0,0,0,0,0,9.08,8.82,8.95,11.72,100,0.36,62.32,1.28,2.436677042,1.86,204.08
2022,7,19,20,0,0,0,0,0,0,0,0,8.67,8.58,8.63,11.54,100,0.31,62.33,1.22,2.322457805,1.86,201.49
2022,7,19,21,0,0,0,0,0,0,0,0,8.11,8.2,8.15,11.23,100,0.23,62.37,1.32,2.512823199,2.06,203.94
2022,7,19,22,0,0,0,0,0,0,0,0,7.73,7.69,7.71,10.8,100,0.29,62.38,1.37,2.608005896,2.14,205.72
2022,7,19,23,0,0,0,0,0,0,0,0,7.48,7.4,7.44,10.56,100,0.52,62.38,1.43,2.722225132,2.25,209.15
2022,7,20,0,0,0,0,0,0,0,0,0,7.27,7.19,7.23,10.44,100,0.67,62.38,1.38,2.627042435,2.19,209.21
2022,7,20,1,0,0,0,0,0,0,0,0,7.21,7.03,7.12,10.31,100,0.76,62.39,1.23,2.341494345,1.9,204.03
2022,7,20,2,0,0,0,0,0,0,0,0,7.01,6.82,6.91,10.19,100,0.72,62.37,1.25,2.379567423,1.91,203.84
2022,7,20,3,0,0,0,0,0,0,0,0,6.74,6.54,6.64,10.01,100,0.52,62.35,1.11,2.113055872,1.72,199.92
2022,7,20,4,0,0,0,0,0,0,0,0,6.65,6.46,6.55,9.95,100,0.37,62.33,1.12,2.132092411,1.72,192.59
2022,7,20,5,0.03,0.02,0.09,2.12,2.48,0.31,0,0,6.63,6.45,6.54,9.89,100,0.48,62.34,1.18,2.246311648,1.79,191.85
2022,7,20,6,0.2,0.43,0.94,24.4,52.52,3.41,0.02,0.1,7.22,6.38,6.8,9.83,96.38,0.26,62.39,1.77,3.369467472,2.3,186.04
2022,7,20,7,0.47,1.21,1.95,59.77,152.55,8.91,0.14,0.7,8.02,5.8,6.9,9.46,87.56,0.27,62.43,1.92,3.655015562,2.41,175.73
2022,7,20,8,0.92,2.01,2.88,120.4,255.5,18.15,0.45,2.25,9.04,5.6,7.32,9.28,80.69,0.23,62.46,2.57,4.892390622,3.23,180
2022,7,20,9,1.45,2.7,3.67,192.92,343.4,28.89,0.89,4.75,9.61,6.16,7.88,9.64,80.75,0.21,62.49,3.09,5.882290671,3.89,191.81
2022,7,20,10,1.8,3.23,4.26,244.4,409.8,36.84,1.31,6.5,9.9,6.67,8.29,10.01,81.94,0.24,62.51,3.34,6.358204155,4.22,202.91
2022,7,20,11,1.43,3.54,4.61,200.7,447.95,31.43,1.18,6.1,10.15,7,8.57,10.25,82.5,0.31,62.52,3.57,6.796044561,4.51,209.81
2022,7,20,12,1.34,3.59,4.7,193.38,452.75,29.84,1.13,5.95,10.56,7.21,8.88,10.38,81.5,0.4,62.51,3.85,7.329067664,4.88,213.77
2022,7,20,13,0.89,3.38,4.52,130.62,424.5,20.36,0.74,3.75,11,7.37,9.19,10.5,80,0.39,62.48,3.92,7.46232344,4.95,215.37
2022,7,20,14,0.87,2.95,4.09,122.27,369.58,18.76,0.63,3.12,11.04,7.46,9.25,10.56,80.12,0.38,62.44,4,7.614615755,5.07,214.33
2022,7,20,15,0.65,2.33,3.43,91.45,291.02,14.09,0.41,2.15,10.87,7.59,9.23,10.68,81.75,0.53,62.4,4.09,7.785944609,5.22,214.69
2022,7,20,16,0.41,1.59,2.59,54.7,196.55,8.07,0.17,0.85,10.43,7.69,9.06,10.74,84.69,0.54,62.37,4.07,7.747871531,5.22,214.38
2022,7,20,17,0.19,0.83,1.63,23.27,100.88,3.49,0.04,0.2,9.52,7.66,8.59,10.74,89.88,0.44,62.37,3.75,7.13870227,4.85,213.64
2022,7,20,18,0.1,0.21,0.61,12.38,24.23,1.79,0.01,0.02,8.44,7.54,7.98,10.62,95.88,0.48,62.41,2.97,5.653852198,3.92,215.91
2022,7,20,19,0,0,0,0,0,0,0,0,7.79,7.42,7.61,10.56,99.56,0.35,62.47,1.8,3.42657709,2.49,216.19
2022,7,20,20,0,0,0,0,0,0,0,0,7.55,7.15,7.35,10.38,99.38,0.28,62.51,1.46,2.779334751,2.07,216.7
2022,7,20,21,0,0,0,0,0,0,0,0,7.13,6.82,6.98,10.13,100,0.25,62.53,1.18,2.246311648,1.61,217.92
2022,7,20,22,0,0,0,0,0,0,0,0,6.83,6.4,6.62,9.83,99.25,0.25,62.53,0.96,1.827507781,1.25,213.79
2022,7,20,23,0,0,0,0,0,0,0,0,6.59,6.05,6.32,9.64,98.69,0.3,62.51,0.82,1.56099623,1.05,210.96
2022,7,21,0,0,0,0,0,0,0,0,0,6.53,5.92,6.23,9.52,98.25,0.34,62.46,0.7,1.332557757,0.91,213.42
2022,7,21,1,0,0,0,0,0,0,0,0,6.44,5.83,6.14,9.46,98.12,0.36,62.41,0.58,1.104119284,0.77,219.66
2022,7,21,2,0,0,0,0,0,0,0,0,6.33,5.74,6.03,9.4,98.25,0.36,62.38,0.54,1.027973127,0.73,232.88
2022,7,21,3,0,0,0,0,0,0,0,0,6.23,5.61,5.91,9.34,98.06,0.32,62.36,0.25,0.475913485,0.41,266.7
2022,7,21,4,0,0,0,0,0,0,0,0,6,5.42,5.71,9.22,98.31,0.19,62.36,0.31,0.590132721,0.54,344.96
2022,7,21,5,0.03,0.02,0.08,2.05,2.25,0.3,0,0,5.94,5.08,5.51,8.97,96.38,0.17,62.37,0.53,1.008936588,0.91,19.06
2022,7,21,6,0.14,0.39,0.93,16.48,46.65,2.33,0.02,0.05,7.37,5.58,6.48,9.34,90.56,0.26,62.4,0.92,1.751361624,1.23,36.72
2022,7,21,7,0.5,1.13,1.94,63.67,138.58,9.39,0.15,0.73,9.41,5.84,7.63,9.52,80.25,0.37,62.45,0.26,0.494950024,0.3,58.78
2022,7,21,8,1.05,1.92,2.87,136.62,240.1,19.87,0.49,2.48,10.93,6.33,8.63,9.83,75.19,0.53,62.48,1.08,2.055946254,1.4,204.13
2022,7,21,9,1.57,2.63,3.66,209.6,330.6,30.49,0.94,5.02,11.81,6.9,9.35,10.25,74,0.66,62.52,2.27,4.321294441,2.86,207.12
2022,7,21,10,1.93,3.18,4.25,255.27,400.05,37.77,1.32,6.58,12.12,7.42,9.77,10.62,75.06,0.67,62.54,3.25,6.186875301,4.12,213.39
2022,7,21,11,1.95,3.51,4.61,267.1,441.77,39.95,1.5,7.8,11.89,7.77,9.83,10.86,78,0.67,62.53,3.72,7.081592652,4.77,220.48
2022,7,21,12,1.68,3.59,4.7,240.15,451.25,36.39,1.39,7.42,11.36,8,9.68,11.05,81.94,0.74,62.52,3.78,7.195811888,4.87,226.69
2022,7,21,13,1.5,3.43,4.52,207.88,432.7,31.94,1.18,6,11.12,8.15,9.63,11.17,84.12,0.81,62.5,3.69,7.024483034,4.77,231.52
2022,7,21,14,1.24,3.03,4.09,175.95,384.83,27.02,0.91,4.52,11.04,8.23,9.63,11.23,85.06,0.88,62.47,3.48,6.624715707,4.5,233.83
2022,7,21,15,0.67,2.45,3.43,96.12,311.3,15.23,0.44,2.3,10.92,8.28,9.6,11.29,86,0.92,62.45,3.27,6.22494838,4.23,231.22
2022,7,21,16,0.45,1.73,2.59,60.6,218.73,9.53,0.21,1.05,10.67,8.38,9.53,11.35,88,0.95,62.43,3.11,5.920363749,4.06,227.81
2022,7,21,17,0.25,0.95,1.62,32.08,117.95,4.96,0.06,0.3,10.19,8.5,9.34,11.41,91.5,1,62.44,2.83,5.387340647,3.74,227.54
2022,7,21,18,0.1,0.24,0.6,12.23,28.55,1.84,0.01,0.02,9.45,8.59,9.02,11.47,96.69,0.93,62.48,2.17,4.130929047,2.96,228.74
2022,7,21,19,0,0,0,0,0,0,0,0,8.7,8.55,8.63,11.41,100,0.95,62.53,1.23,2.341494345,1.87,231.12
2022,7,21,20,0,0,0,0,0,0,0,0,8.37,8.37,8.37,11.29,100,0.84,62.58,1.06,2.017873175,1.69,233.08
2022,7,21,21,0,0,0,0,0,0,0,0,7.93,8.05,7.99,11.05,100,0.64,62.62,0.92,1.751361624,1.53,233.07
2022,7,21,22,0,0,0,0,0,0,0,0,7.44,7.58,7.51,10.74,100,0.51,62.62,0.67,1.275448139,1.19,232.45
2022,7,21,23,0,0,0,0,0,0,0,0,7.23,7.21,7.22,10.5,100,0.47,62.61,0.5,0.951826969,0.97,228.6
2022,7,22,0,0,0,0,0,0,0,0,0,6.87,6.86,6.86,10.19,100,0.49,62.59,0.48,0.913753891,0.92,235.37
2022,7,22,1,0,0,0,0,0,0,0,0,6.59,6.6,6.59,10.01,100,0.5,62.58,0.48,0.913753891,0.92,239.95
2022,7,22,2,0,0,0,0,0,0,0,0,6.45,6.22,6.33,9.77,100,0.46,62.57,0.43,0.818571194,0.68,271.97
2022,7,22,3,0,0,0,0,0,0,0,0,6.46,6.05,6.26,9.64,99.94,0.39,62.55,0.29,0.552059642,0.46,343.39
2022,7,22,4,0,0,0,0,0,0,0,0,6.03,5.6,5.81,9.34,99.62,0.34,62.53,0.7,1.332557757,1.11,29.45
2022,7,22,5,0.02,0.02,0.08,1.8,2.5,0.27,0,0,5.75,5.1,5.43,8.97,97.88,0.34,62.54,0.9,1.713288545,1.47,28.61
2022,7,22,6,0.15,0.48,0.92,17.92,59.23,2.66,0.02,0.08,7.24,5.67,6.46,9.34,91.94,0.14,62.55,1.26,2.398603963,1.74,32.69
2022,7,22,7,0.53,1.27,1.94,68.75,161.65,10.08,0.16,0.8,9.28,5.55,7.41,9.28,79.38,0.14,62.58,1.15,2.18920203,1.49,68.42
2022,7,22,8,0.86,2.06,2.87,113.27,262.65,17.2,0.43,2.2,10.87,5.58,8.23,9.34,71.69,0.13,62.61,1.01,1.922690478,1.27,129.26
2022,7,22,9,1.28,2.74,3.66,173.3,349.52,26.47,0.83,4.42,12.21,5.93,9.07,9.58,67.5,0.13,62.63,1.39,2.646078975,1.75,169.74
2022,7,22,10,1.36,3.27,4.25,192.48,415.17,30.22,1.09,5.4,13.39,6.47,9.93,10.01,65.06,0.13,62.64,2.09,3.978636732,2.66,189.99
2022,7,22,11,1.55,3.58,4.6,218.5,454.2,34.09,1.3,6.73,13.98,7.07,10.52,10.44,65.25,0.13,62.63,2.78,5.29215795,3.53,199.8
2022,7,22,12,1.29,3.66,4.7,188.3,463.23,29.7,1.16,6.15,13.86,7.56,10.71,10.74,67.88,0.14,62.61,3.26,6.20591184,4.16,206.32
2022,7,22,13,1.78,3.5,4.52,245.58,443,37.58,1.41,7.2,12.86,7.87,10.37,10.99,73.88,0.16,62.59,3.4,6.472423392,4.37,212.44
2022,7,22,14,1.63,3.1,4.09,220.45,393.6,33.41,1.14,5.65,11.91,8.13,10.02,11.17,79.94,0.17,62.57,3.24,6.167838761,4.19,218.56
2022,7,22,15,1.27,2.51,3.43,170.2,318.88,25.66,0.75,3.98,11.26,8.28,9.77,11.29,84.25,0.17,62.54,2.89,5.501559883,3.75,221.96
2022,7,22,16,0.81,1.77,2.58,107.35,225.02,16.22,0.36,1.77,10.7,8.33,9.51,11.35,87.88,0.16,62.52,2.49,4.740098307,3.24,223.93
2022,7,22,17,0.3,0.97,1.62,38.9,121.35,5.98,0.08,0.38,10.16,8.4,9.28,11.41,91.56,0.13,62.51,2.06,3.921527114,2.71,223.48
2022,7,22,18,0.12,0.24,0.6,15.38,28.92,2.23,0.01,0.02,9.63,8.63,9.13,11.54,96.19,0.16,62.53,1.63,3.10295592,2.21,216.95
2022,7,22,19,0,0,0,0,0,0,0,0,9.12,8.8,8.96,11.66,100,0.14,62.56,1.23,2.341494345,1.85,207.97
2022,7,22,20,0,0,0,0,0,0,0,0,9.06,8.98,9.02,11.72,100,0.13,62.58,1.35,2.569932817,2.04,207.15
2022,7,22,21,0,0,0,0,0,0,0,0,9.06,9.08,9.07,11.78,100,0.18,62.59,1.48,2.817407829,2.23,208.63
2022,7,22,22,0,0,0,0,0,0,0,0,8.94,9.03,8.98,11.72,100,0.31,62.59,1.49,2.836444369,2.32,210.8
2022,7,22,23,0,0,0,0,0,0,0,0,8.72,8.86,8.79,11.6,100,0.44,62.57,1.51,2.874517447,2.38,212.64
2022,7,23,0,0,0,0,0,0,0,0,0,8.43,8.54,8.48,11.29,100,0.59,62.55,1.38,2.627042435,2.19,216.75
2022,7,23,1,0,0,0,0,0,0,0,0,8,8.11,8.05,10.99,100,0.77,62.52,1.06,2.017873175,1.79,221.28
2022,7,23,2,0,0,0,0,0,0,0,0,7.62,7.62,7.62,10.62,100,0.89,62.5,0.82,1.56099623,1.45,224.78
2022,7,23,3,0,0,0,0,0,0,0,0,7.13,7.21,7.17,10.38,100,0.92,62.49,0.67,1.275448139,1.29,227.21
2022,7,23,4,0,0,0,0,0,0,0,0,6.71,6.77,6.74,10.07,100,0.85,62.49,0.62,1.180265442,1.12,228.1
2022,7,23,5,0.02,0.02,0.08,1.65,2.38,0.25,0,0,6.55,6.42,6.49,9.83,100,0.7,62.51,0.54,1.027973127,0.85,243.9
2022,7,23,6,0.26,0.48,0.92,32.08,58.4,4.51,0.02,0.12,7.3,6.44,6.87,9.83,96.25,1.03,62.54,0.5,0.951826969,0.65,295.02
2022,7,23,7,0.8,1.28,1.93,104.6,162.62,14.85,0.23,1.12,8.94,6.41,7.68,9.83,85.88,0.76,62.58,0.55,1.047009666,0.69,276.48
2022,7,23,8,1.43,2.08,2.87,188.23,264.77,27.33,0.66,3.35,10.49,6.65,8.57,10.01,78.75,0.53,62.6,1.33,2.531859738,1.73,216.35
2022,7,23,9,1.96,2.78,3.66,261,353.9,38.94,1.21,6.48,11.48,6.92,9.2,10.25,75.56,0.38,62.62,2.38,4.530696374,3.08,204.1
2022,7,23,10,2.44,3.31,4.25,326.02,420.42,48.29,1.74,8.75,12.02,7.4,9.71,10.56,75.25,0.27,62.62,3.14,5.977473368,4.05,206.37
2022,7,23,11,2.31,3.62,4.6,320.88,459.55,48.55,1.87,9.77,11.98,7.69,9.83,10.74,76.81,0.21,62.59,3.51,6.681825325,4.57,209.42
2022,7,23,12,2.29,3.62,4.69,321.42,458.05,47.42,1.84,9.88,11.83,7.94,9.89,10.93,78.69,0.18,62.56,3.71,7.062556113,4.84,210.92
2022,7,23,13,2.05,3.46,4.52,284.5,437.92,42.23,1.59,8.1,11.3,8.05,9.68,10.99,82.12,0.15,62.53,3.68,7.005446494,4.82,211.68
2022,7,23,14,1.68,3.07,4.08,232.17,388.5,34.62,1.19,5.92,10.32,8.06,9.19,10.99,87.62,0.15,62.49,3.25,6.186875301,4.23,210.55
2022,7,23,15,1.15,2.47,3.42,155.23,312.62,23.37,0.67,3.55,9.84,7.83,8.84,10.86,89.12,0.17,62.46,2.9,5.520596422,3.78,206.62
2022,7,23,16,1.03,1.74,2.58,135.88,218.45,19.78,0.44,2.17,9.24,7.44,8.34,10.56,90.38,0.24,62.47,2.43,4.625879071,3.16,201.49
2022,7,23,17,0.52,0.93,1.61,66.95,115.6,9.69,0.12,0.6,8.04,6.7,7.37,10.07,93.38,0.34,62.49,1.78,3.388504011,2.3,193.33
2022,7,23,18,0.12,0.23,0.59,15.88,26.9,2.28,0.01,0.05,7.02,6.18,6.6,9.7,96.62,0.51,62.52,0.98,1.86558086,1.32,184.76
2022,7,23,19,0,0,0,0,0,0,0,0,6.43,5.87,6.15,9.46,98.31,0.5,62.55,0.53,1.008936588,0.81,177.78
2022,7,23,20,0,0,0,0,0,0,0,0,6.14,5.57,5.86,9.28,98.31,0.41,62.59,0.5,0.951826969,0.72,171.25
2022,7,23,21,0,0,0,0,0,0,0,0,5.96,5.27,5.62,9.09,97.5,0.3,62.62,0.56,1.066046206,0.81,165.43
2022,7,23,22,0,0,0,0,0,0,0,0,5.69,5,5.34,8.91,97.5,0.2,62.62,0.48,0.913753891,0.66,168.42
2022,7,23,23,0,0,0,0,0,0,0,0,5.46,4.86,5.16,8.85,98.12,0.2,62.61,0.31,0.590132721,0.34,224.06
2022,7,24,0,0,0,0,0,0,0,0,0,5.19,4.74,4.97,8.73,99.06,0.1,62.59,0.47,0.894717351,0.64,281.31
2022,7,24,1,0,0,0,0,0,0,0,0,4.76,4.51,4.64,8.61,100,0.04,62.55,0.32,0.60916926,0.54,298.41
2022,7,24,2,0,0,0,0,0,0,0,0,4.68,4.33,4.51,8.48,99.69,0.02,62.53,0.21,0.399767327,0.39,331.39
2022,7,24,3,0,0,0,0,0,0,0,0,4.72,4.06,4.39,8.36,97.5,0,62.5,0.21,0.399767327,0.43,5.19
2022,7,24,4,0,0,0,0,0,0,0,0,4.76,3.58,4.17,8.06,94.06,0,62.46,0.32,0.60916926,0.57,22.68
2022,7,24,5,0.02,0.02,0.07,1.48,2.15,0.23,0,0,4.9,3.15,4.03,7.81,90.25,0.01,62.45,0.42,0.799534654,0.68,30.96
2022,7,24,6,0.21,0.44,0.91,26.3,52.35,3.59,0.02,0.1,6.24,4.01,5.13,8.36,87.62,0.04,62.49,0.12,0.228438473,0.26,63.43
2022,7,24,7,0.41,1.2,1.93,56.27,149.8,8.83,0.13,0.67,7.83,4.52,6.18,8.61,81.12,0.05,62.54,1.07,2.036909714,1.33,209.87
2022,7,24,8,0.69,2,2.86,93.88,252.88,14.54,0.34,1.73,9.2,5.38,7.3,9.09,78.38,0.08,62.57,1.93,3.674052102,2.41,224.47
2022,7,24,9,1.37,2.71,3.65,186.02,343.38,28.2,0.85,4.5,10.48,5.76,8.12,9.4,74.25,0.1,62.59,2.11,4.016709811,2.63,231.87
2022,7,24,10,1.94,3.25,4.25,267.7,412.12,40.44,1.42,7.08,11.7,5.98,8.84,9.58,69.88,0.11,62.59,2.24,4.264184823,2.8,230.21
2022,7,24,11,1.93,3.58,4.6,272.12,453.4,42.12,1.57,8.08,12.4,6.14,9.27,9.77,67.88,0.16,62.56,2.5,4.759134847,3.15,226.01
2022,7,24,12,1.99,3.66,4.69,284.92,463.8,43.6,1.66,8.75,12.48,6.26,9.37,9.89,68.44,0.27,62.51,2.75,5.235048331,3.5,223.1
2022,7,24,13,1.65,3.5,4.52,236.27,442.92,36.67,1.34,6.77,12.08,6.41,9.25,10.01,70.94,0.41,62.47,2.96,5.634815659,3.8,220.41
2022,7,24,14,1.51,3.1,4.08,212.95,392.75,33.07,1.12,5.62,11.19,6.64,8.91,10.19,76.38,0.53,62.44,3.01,5.729998356,3.9,220.94
2022,7,24,15,0.84,2.5,3.42,116.8,317.23,17.59,0.49,2.55,10.5,6.9,8.7,10.38,81.31,0.55,62.42,2.78,5.29215795,3.59,221.39
2022,7,24,16,0.75,1.77,2.58,101.65,223.85,15.3,0.32,1.6,9.97,7.02,8.5,10.44,84.75,0.5,62.4,2.42,4.606842532,3.14,219.86
2022,7,24,17,0.53,0.97,1.61,69.1,121.25,9.92,0.12,0.58,9.44,7.12,8.27,10.5,88.31,0.44,62.41,2.1,3.997673271,2.75,217.62
2022,7,24,18,0.12,0.24,0.58,15.65,29.23,2.25,0.01,0.02,8.86,7.3,8.08,10.56,92.62,0.27,62.44,1.68,3.198138617,2.26,213.31
2022,7,24,19,0,0,0,0,0,0,0,0,8.12,7.61,7.87,10.68,98.75,0.23,62.47,0.98,1.86558086,1.54,205.91
2022,7,24,20,0,0,0,0,0,0,0,0,7.58,7.46,7.52,10.56,100,0.19,62.52,0.77,1.465813533,1.35,199.59
2022,7,24,21,0,0,0,0,0,0,0,0,7.22,7.36,7.29,10.5,100,0.22,62.56,0.73,1.389667375,1.36,201.99
2022,7,24,22,0,0,0,0,0,0,0,0,7.16,7.23,7.2,10.38,100,0.3,62.58,0.95,1.808471242,1.58,207.07
2022,7,24,23,0,0,0,0,0,0,0,0,7.04,7.02,7.03,10.19,100,0.36,62.58,1.17,2.227275108,1.82,212.94
2022,7,25,0,0,0,0,0,0,0,0,0,6.8,6.75,6.77,10.01,100,0.36,62.58,1.17,2.227275108,1.81,216.03
2022,7,25,1,0,0,0,0,0,0,0,0,6.4,6.43,6.41,9.83,100,0.3,62.56,1.06,2.017873175,1.68,216.87
2022,7,25,2,0,0,0,0,0,0,0,0,6,6.06,6.03,9.58,100,0.22,62.54,0.97,1.846544321,1.58,215.11
2022,7,25,3,0,0,0,0,0,0,0,0,5.8,5.86,5.83,9.46,100,0.14,62.54,0.87,1.656178927,1.44,212.14
2022,7,25,4,0,0,0,0,0,0,0,0,5.66,5.71,5.69,9.34,100,0.08,62.54,0.72,1.370630836,1.23,211.27
2022,7,25,5,0.02,0.02,0.07,1.45,2.08,0.23,0,0,5.67,5.62,5.65,9.28,100,0.04,62.55,0.6,1.142192363,1.02,211.49
2022,7,25,6,0.18,0.44,0.9,23.15,53,3.21,0.02,0.08,6.47,5.82,6.14,9.4,97.38,0.01,62.57,0.79,1.503886612,1.01,210.13
2022,7,25,7,0.59,1.23,1.92,78.88,154.42,11.58,0.17,0.83,7.55,5.87,6.71,9.46,90.81,0.01,62.6,1.05,1.998836636,1.28,210.78
2022,7,25,8,1.15,2.05,2.86,155.77,260.02,23.3,0.55,2.75,8.89,5.99,7.44,9.52,83.75,0.01,62.63,1.77,3.369467472,2.18,208.95
2022,7,25,9,1.58,2.75,3.65,216.55,349.73,32.7,0.98,5.23,9.8,6.21,8.01,9.7,80.06,0.02,62.67,2.32,4.416477138,2.88,206.43
2022,7,25,10,1.85,3.28,4.24,257.23,416.73,39.47,1.38,6.88,10.65,6.51,8.58,9.89,77.38,0.05,62.69,2.74,5.216011792,3.4,205.92
2022,7,25,11,2.01,3.6,4.6,285.27,456.6,43.81,1.64,8.45,11.09,6.76,8.93,10.07,76.44,0.11,62.69,3.1,5.90132721,3.87,207.91
2022,7,25,12,1.98,3.71,4.69,286.3,470.73,44.39,1.67,8.83,11.14,6.93,9.03,10.19,77.06,0.19,62.67,3.32,6.320131077,4.16,210.47
2022,7,25,13,1.91,3.53,4.51,267.98,448.73,41.29,1.52,7.7,10.92,7.06,8.99,10.31,78.94,0.29,62.64,3.41,6.491459931,4.3,213.43
2022,7,25,14,1.66,3.13,4.08,233.4,398.08,35.9,1.2,6.05,10.57,7.16,8.87,10.38,81.25,0.38,62.61,3.41,6.491459931,4.32,216.02
2022,7,25,15,1,2.53,3.42,140.92,321.9,21.27,0.57,2.95,10.15,7.21,8.69,10.38,83.69,0.49,62.59,3.35,6.377240695,4.29,217.45
2022,7,25,16,0.8,1.78,2.57,112.15,225.73,16.91,0.34,1.7,9.55,7.32,8.44,10.44,87.62,0.61,62.58,3.24,6.167838761,4.19,217.81
2022,7,25,17,0.46,0.96,1.6,61.8,120.17,8.94,0.1,0.52,8.9,7.44,8.17,10.56,92.25,0.7,62.57,2.96,5.634815659,3.9,218.57
2022,7,25,18,0.12,0.23,0.57,14.9,27.42,2.11,0.01,0.02,8.25,7.53,7.89,10.56,96.94,0.87,62.59,2.44,4.64491561,3.29,220.19
2022,7,25,19,0,0,0,0,0,0,0,0,7.79,7.49,7.64,10.56,99.94,0.78,62.62,1.77,3.369467472,2.44,222.27
2022,7,25,20,0,0,0,0,0,0,0,0,7.48,7.27,7.38,10.44,100,0.63,62.68,1.58,3.007773223,2.23,223.58
2022,7,25,21,0,0,0,0,0,0,0,0,6.98,6.94,6.95,10.19,100,0.46,62.73,1.47,2.79837129,2.14,227.07
2022,7,25,22,0,0,0,0,0,0,0,0,6.83,6.74,6.79,10.07,100,0.34,62.75,1.44,2.741261672,2.16,226.32
2022,7,25,23,0,0,0,0,0,0,0,0,6.39,6.2,6.3,9.64,100,0.23,62.76,1.33,2.531859738,2,227.21
2022,7,26,0,0,0,0,0,0,0,0,0,6.02,5.64,5.83,9.28,99.44,0.14,62.74,1.22,2.322457805,1.79,232.63
2022,7,26,1,0,0,0,0,0,0,0,0,5.58,5.05,5.31,8.91,98.38,0.09,62.72,1.11,2.113055872,1.53,244.22
2022,7,26,2,0,0,0,0,0,0,0,0,5.23,4.74,4.98,8.73,98.62,0.06,62.69,0.7,1.332557757,1.02,261.62
2022,7,26,3,0,0,0,0,0,0,0,0,4.78,4.45,4.62,8.54,99.88,0.03,62.67,0.49,0.93279043,0.85,285.44
2022,7,26,4,0,0,0,0,0,0,0,0,4.55,4.15,4.35,8.36,99.38,0.02,62.67,0.45,0.856644272,0.76,312.51
2022,7,26,5,0.02,0.02,0.07,1.42,1.92,0.22,0,0,4.62,3.83,4.23,8.18,96.81,0.01,62.67,0.47,0.894717351,0.76,335.56
2022,7,26,6,0.14,0.41,0.89,17.95,49.55,2.78,0.02,0.08,6.08,4.34,5.21,8.54,91.06,0.01,62.7,0.5,0.951826969,0.65,332.21
2022,7,26,7,0.36,1.19,1.91,46.98,147.88,7.2,0.11,0.52,8.21,4.76,6.48,8.73,80.62,0.01,62.72,0.95,1.808471242,1.17,245.65
2022,7,26,8,0.98,2.01,2.85,130.5,254.27,19.84,0.48,2.4,9.93,5.42,7.68,9.16,75.31,0.02,62.74,1.86,3.540796326,2.33,225.95
2022,7,26,9,1.44,2.73,3.65,196.25,346.48,29.9,0.91,4.85,11.32,5.91,8.62,9.52,71.31,0.06,62.75,2.42,4.606842532,3.02,221.65
2022,7,26,10,1.97,3.27,4.24,269.9,414.27,41.2,1.44,7.15,12.32,6.41,9.37,9.89,69.31,0.1,62.74,3.02,5.749034895,3.8,219.65
2022,7,26,11,2.05,3.59,4.6,289.2,454.05,44.24,1.66,8.58,12.79,6.84,9.81,10.19,69.25,0.21,62.7,3.57,6.796044561,4.52,217.56
2022,7,26,12,1.79,3.64,4.69,260.55,459.92,40.06,1.52,8.02,12.93,7.23,10.08,10.5,70.31,0.41,62.66,4.03,7.671725373,5.13,216.52
2022,7,26,13,1.62,3.47,4.51,230.98,438.88,35.45,1.3,6.62,12.23,7.42,9.83,10.56,74.25,0.63,62.62,4.12,7.843054228,5.3,216.79
2022,7,26,14,1.21,3.07,4.08,177.15,387.75,27.7,0.93,4.65,11.55,7.57,9.56,10.68,78.25,0.88,62.57,4.01,7.633652294,5.16,217.49
2022,7,26,15,0.82,2.46,3.41,118.52,310.5,18.21,0.51,2.62,10.76,7.6,9.19,10.68,82.5,1.1,62.55,3.75,7.13870227,4.85,218.4
2022,7,26,16,0.7,1.71,2.57,96.35,214.67,14.5,0.31,1.55,10.01,7.61,8.8,10.68,86.69,1.3,62.53,3.43,6.52953301,4.46,220.1
2022,7,26,17,0.33,0.9,1.6,43.25,111.67,6.34,0.08,0.38,9.25,7.61,8.43,10.68,91.12,1.47,62.53,3.08,5.863254131,4.04,221.55
2022,7,26,18,0.12,0.21,0.57,14.27,24.3,2.02,0.01,0.02,8.48,7.66,8.07,10.68,96.31,0.98,62.56,2.54,4.835281004,3.42,220.64
2022,7,26,19,0,0,0,0,0,0,0,0,8.13,7.8,7.97,10.74,99.44,0.95,62.59,1.96,3.73116172,2.72,216.47
2022,7,26,20,0,0,0,0,0,0,0,0,8.06,7.81,7.94,10.74,99.94,0.85,62.61,1.85,3.521759787,2.61,212.79
2022,7,26,21,0,0,0,0,0,0,0,0,7.9,7.68,7.8,10.68,100,0.77,62.63,1.76,3.350430932,2.52,213.99
2022,7,26,22,0,0,0,0,0,0,0,0,7.65,7.48,7.56,10.56,100,0.7,62.64,1.55,2.950663605,2.26,217.42
2022,7,26,23,0,0,0,0,0,0,0,0,7.3,7.21,7.25,10.38,100,0.64,62.62,1.42,2.703188593,2.11,219.29
2022,7,27,0,0,0,0,0,0,0,0,0,6.78,6.76,6.76,10.07,100,0.57,62.59,1.3,2.47475012,1.98,219.54
2022,7,27,1,0,0,0,0,0,0,0,0,6.59,6.5,6.55,9.89,100,0.5,62.56,1.18,2.246311648,1.81,215.54
2022,7,27,2,0,0,0,0,0,0,0,0,6.21,6.23,6.22,9.7,100,0.43,62.55,0.9,1.713288545,1.57,212.43
2022,7,27,3,0,0,0,0,0,0,0,0,5.93,6.03,5.98,9.58,100,0.29,62.54,0.75,1.427740454,1.4,209.71
2022,7,27,4,0,0,0,0,0,0,0,0,5.77,5.87,5.82,9.46,100,0.17,62.53,0.63,1.199301981,1.21,207.4
2022,7,27,5,0.02,0.02,0.07,1.27,1.85,0.2,0,0,5.73,5.74,5.73,9.4,100,0.09,62.54,0.51,0.970863509,0.92,215.31
2022,7,27,6,0.13,0.42,0.89,15.88,51.4,2.37,0.02,0.05,6.67,6.04,6.36,9.58,98.06,0.09,62.57,0.53,1.008936588,0.69,238.82
2022,7,27,7,0.46,1.2,1.91,61.5,152.3,9.27,0.13,0.65,8.37,6.37,7.37,9.83,89.06,0.07,62.6,0.42,0.799534654,0.52,249.65
2022,7,27,8,0.85,2.01,2.85,117,256.77,17.96,0.41,2.08,10.51,6.62,8.56,9.95,78.56,0.08,62.64,1.43,2.722225132,1.81,212.66
2022,7,27,9,1.42,2.71,3.64,199.73,346.55,30.58,0.91,4.77,11.71,6.95,9.33,10.25,74.38,0.09,62.67,2.83,5.387340647,3.58,209.98
2022,7,27,10,1.54,3.24,4.24,219.98,413.75,34.3,1.17,5.85,12.36,7.4,9.88,10.56,73.44,0.14,62.67,3.65,6.948336876,4.65,212.09
2022,7,27,11,1.75,3.56,4.59,249.5,453.6,38.64,1.41,7.17,12.68,7.71,10.19,10.74,73.31,0.2,62.64,4.15,7.900163846,5.31,213.11
2022,7,27,12,2.09,3.7,4.69,297.55,472.3,46.13,1.73,9.05,12.7,7.93,10.32,10.93,74.25,0.29,62.6,4.45,8.471260027,5.7,214.1
2022,7,27,13,2.14,3.52,4.51,293.58,449.62,45.16,1.64,8.33,12.23,8.06,10.14,10.99,77.12,0.37,62.56,4.55,8.661625421,5.87,215.47
2022,7,27,14,2.04,3.11,4.07,276.65,396.33,41.23,1.35,6.83,11.77,8.16,9.97,11.05,79.88,0.45,62.52,4.6,8.756808118,5.94,216.49
2022,7,27,15,1.45,2.48,3.41,194.55,315.92,28.45,0.78,4,11.02,8.08,9.55,10.99,83.38,0.52,62.51,4.56,8.680661961,5.9,217.8
2022,7,27,16,0.94,1.71,2.56,122.83,216.15,17.61,0.35,1.75,10.18,7.9,9.04,10.86,87.06,0.53,62.51,4.34,8.261858094,5.66,219.62
2022,7,27,17,0.51,0.89,1.59,62.67,109.4,8.49,0.09,0.45,9.24,7.65,8.44,10.68,91.25,0.51,62.54,3.85,7.329067664,5.05,221.86
2022,7,27,18,0.14,0.2,0.56,17,24.02,2.4,0.01,0.02,8.26,7.4,7.83,10.5,95.88,0.54,62.58,2.99,5.691925277,3.99,224.13
2022,7,27,19,0,0,0,0,0,0,0,0,7.72,7.34,7.53,10.44,99.31,0.51,62.63,2,3.807307877,2.74,223.84
2022,7,27,20,0,0,0,0,0,0,0,0,7.44,7.15,7.3,10.31,100,0.47,62.67,1.48,2.817407829,2.11,226.8
2022,7,27,21,0,0,0,0,0,0,0,0,6.93,6.68,6.8,9.95,100,0.47,62.69,1.19,2.265348187,1.81,233.97
2022,7,27,22,0,0,0,0,0,0,0,0,6.4,6.17,6.29,9.64,100,0.48,62.7,0.95,1.808471242,1.48,237.74
2022,7,27,23,0,0,0,0,0,0,0,0,6.08,5.8,5.94,9.4,100,0.47,62.7,0.91,1.732325084,1.41,236.75
2022,7,28,0,0,0,0,0,0,0,0,0,5.7,5.42,5.56,9.16,100,0.39,62.68,0.69,1.313521218,1.07,246.8
2022,7,28,1,0,0,0,0,0,0,0,0,5.26,4.94,5.1,8.85,99.94,0.28,62.64,0.6,1.142192363,0.95,271.42
2022,7,28,2,0,0,0,0,0,0,0,0,4.78,4.35,4.57,8.48,99.19,0.18,62.61,0.62,1.180265442,1.01,305.9
2022,7,28,3,0,0,0,0,0,0,0,0,4.36,3.48,3.92,8,96.12,0.12,62.59,0.69,1.313521218,1.14,328.7
2022,7,28,4,0,0,0,0,0,0,0,0,4.36,2.82,3.58,7.63,91.69,0.07,62.59,0.72,1.370630836,1.17,338.91
2022,7,28,5,0.02,0.02,0.06,1.35,1.75,0.21,0,0,4.49,2.37,3.43,7.39,87.94,0.04,62.6,0.65,1.23737506,1.03,347.75
2022,7,28,6,0.18,0.4,0.88,22.45,48.1,3.23,0.02,0.08,6.37,3.22,4.79,7.87,82.38,0.02,62.63,0.62,1.180265442,0.81,337.38
2022,7,28,7,0.58,1.18,1.9,76.83,149.08,11.31,0.17,0.85,8.75,4.21,6.48,8.48,75.19,0.01,62.67,1.5,2.855480908,1.86,251.64
2022,7,28,8,1.08,2.01,2.84,146.05,255.33,22.04,0.53,2.65,10.58,5.21,7.89,9.09,71.56,0.03,62.69,2.4,4.568769453,2.99,237.93
2022,7,28,9,1.48,2.72,3.64,206.98,346.4,31.5,0.98,5.2,12.08,5.98,9.03,9.64,68.31,0.03,62.7,3.02,5.749034895,3.77,232.06
2022,7,28,10,1.86,3.25,4.24,259.25,413.48,39.54,1.4,6.98,12.96,6.8,9.88,10.19,68.25,0.05,62.7,3.69,7.024483034,4.66,226.56
2022,7,28,11,1.97,3.58,4.59,279.85,454.75,42.98,1.64,8.45,13.27,7.48,10.37,10.62,69.81,0.12,62.69,4.27,8.128602318,5.42,223.31
2022,7,28,12,1.95,3.58,4.69,278.17,452.5,42.35,1.61,8.48,13.37,7.91,10.65,10.93,71.25,0.18,62.67,4.74,9.02331967,6.07,222.03
2022,7,28,13,1.67,3.38,4.51,235.02,426.5,35.56,1.3,6.6,12.99,8.06,10.52,11.05,73.75,0.21,62.62,4.99,9.499233154,6.43,222.24
2022,7,28,14,1.44,2.99,4.07,203.65,378.52,31,1.04,5.2,12.32,8.03,10.17,10.99,76.88,0.24,62.58,4.98,9.480196615,6.45,221.86
2022,7,28,15,1.28,2.39,3.41,176.15,301.15,26.45,0.75,3.92,11.5,8.08,9.79,10.99,81.12,0.26,62.56,4.8,9.137538906,6.24,221.25
2022,7,28,16,0.82,1.64,2.56,108.73,206,15.96,0.33,1.65,10.76,8,9.37,10.93,84.56,0.25,62.56,4.5,8.566442724,5.87,221.01
2022,7,28,17,0.41,0.84,1.58,52.73,102.45,7.35,0.09,0.4,9.69,7.78,8.74,10.74,89.38,0.24,62.57,3.96,7.538469597,5.21,220.14
2022,7,28,18,0.13,0.19,0.55,16.05,22.48,2.22,0.01,0.02,8.47,7.56,8.01,10.62,95.69,0.32,62.6,3.14,5.977473368,4.21,217.68
2022,7,28,19,0,0,0,0,0,0,0,0,7.88,7.5,7.69,10.56,99.19,0.33,62.64,2.62,4.987573319,3.59,215.52
2022,7,28,20,0,0,0,0,0,0,0,0,7.47,7.25,7.36,10.38,100,0.24,62.7,2.21,4.207075205,3.11,216.41
2022,7,28,21,0,0,0,0,0,0,0,0,6.71,6.55,6.62,9.89,100,0.13,62.76,1.78,3.388504011,2.54,215.11
2022,7,28,22,0,0,0,0,0,0,0,0,6.38,6.09,6.23,9.58,100,0.08,62.78,1.35,2.569932817,1.98,211.74
2022,7,28,23,0,0,0,0,0,0,0,0,6.15,5.71,5.93,9.34,98.94,0.07,62.76,0.98,1.86558086,1.44,209.63
2022,7,29,0,0,0,0,0,0,0,0,0,5.85,5.26,5.55,9.03,97.69,0.06,62.72,0.62,1.180265442,0.89,203.2
2022,7,29,1,0,0,0,0,0,0,0,0,5.6,4.81,5.2,8.73,96.25,0.04,62.68,0.28,0.533023103,0.41,169.11
2022,7,29,2,0,0,0,0,0,0,0,0,5.5,4.25,4.87,8.42,93.12,0.03,62.64,0.26,0.494950024,0.4,131.08
2022,7,29,3,0,0,0,0,0,0,0,0,5.54,3.82,4.68,8.12,90.06,0.02,62.6,0.33,0.6282058,0.5,133.11
2022,7,29,4,0,0,0,0,0,0,0,0,5.36,3.42,4.39,7.93,88.69,0.03,62.58,0.42,0.799534654,0.66,133.09
2022,7,29,5,0.02,0.01,0.06,1.25,1.58,0.2,0,0,4.98,2.85,3.91,7.63,87.62,0.04,62.59,0.51,0.970863509,0.8,136.97
2022,7,29,6,0.13,0.38,0.87,16.55,45.25,2.43,0.02,0.05,6.26,3.85,5.05,8.18,86.25,0.16,62.63,0.73,1.389667375,0.98,159.55
2022,7,29,7,0.53,1.12,1.9,69.6,140.42,10.03,0.15,0.7,8.47,4.45,6.46,8.54,77.25,0.2,62.66,1.61,3.064882841,2,184.93
2022,7,29,8,0.97,1.94,2.84,133.08,246.55,20.02,0.47,2.35,10.31,5.28,7.8,9.03,72,0.26,62.69,2.53,4.816244465,3.17,196.02
2022,7,29,9,1.3,2.65,3.64,184.2,338.45,28.15,0.84,4.38,11.7,5.96,8.83,9.46,68.88,0.3,62.7,3.26,6.20591184,4.1,198.92
2022,7,29,10,1.16,3.19,4.23,171.3,407.8,27.13,0.94,4.67,12.69,6.67,9.69,9.95,67.94,0.35,62.7,3.97,7.557506137,5.01,200.16
2022,7,29,11,1.46,3.53,4.59,211.67,449.92,32.8,1.2,6.1,13.01,7.23,10.12,10.38,69.19,0.44,62.68,4.5,8.566442724,5.69,201.6
2022,7,29,12,1.31,3.59,4.68,199.62,456.1,31.22,1.16,6.08,12.98,7.54,10.26,10.62,70.94,0.53,62.64,4.75,9.042356209,6.02,203.71
2022,7,29,13,1.39,3.39,4.51,199.27,428.4,30.84,1.1,5.55,12.7,7.74,10.22,10.74,73.06,0.58,62.6,4.76,9.061392748,6.04,206.57
2022,7,29,14,1.2,2.94,4.07,168.88,370.5,25.51,0.84,4.2,12.13,7.69,9.91,10.68,75.62,0.64,62.56,4.56,8.680661961,5.8,210.26
2022,7,29,15,1.03,2.31,3.4,141.2,289.6,21.14,0.59,3.02,11.41,7.57,9.49,10.62,78.5,0.64,62.53,4.14,7.881127306,5.27,211.36
2022,7,29,16,0.75,1.56,2.55,98.25,193.45,14.06,0.28,1.4,10.55,7.32,8.94,10.44,81.75,0.65,62.51,3.6,6.853154179,4.62,210.81
2022,7,29,17,0.32,0.78,1.57,41.02,95.23,6.11,0.07,0.33,9.47,7.13,8.3,10.25,86.69,0.64,62.5,2.99,5.691925277,3.88,209.4
2022,7,29,18,0.12,0.17,0.54,14.08,20.62,1.98,0.01,0.02,8.35,7.12,7.74,10.25,93.38,0.65,62.51,2.31,4.397440598,3.05,206.17
2022,7,29,19,0,0,0,0,0,0,0,0,7.71,7.2,7.46,10.31,98.19,0.63,62.53,1.79,3.40754055,2.42,201.77
2022,7,29,20,0,0,0,0,0,0,0,0,7.53,7.15,7.33,10.31,99.06,0.47,62.56,1.65,3.141028999,2.29,198.74
2022,7,29,21,0,0,0,0,0,0,0,0,7.25,6.98,7.12,10.19,99.88,0.32,62.6,1.56,2.969700144,2.23,206.48
2022,7,29,22,0,0,0,0,0,0,0,0,6.91,6.6,6.76,9.89,99.56,0.22,62.64,1.35,2.569932817,1.96,217.55
2022,7,29,23,0,0,0,0,0,0,0,0,6.55,6.22,6.38,9.64,99.5,0.25,62.65,1.04,1.979800096,1.55,224.59
2022,7,30,0,0,0,0,0,0,0,0,0,6.26,5.87,6.07,9.4,99.06,0.26,62.62,0.84,1.599069309,1.2,232.16
2022,7,30,1,0,0,0,0,0,0,0,0,6.01,5.49,5.75,9.16,98,0.24,62.58,0.81,1.54195969,1.1,238.34
2022,7,30,2,0,0,0,0,0,0,0,0,5.83,5.15,5.49,8.97,96.81,0.22,62.54,0.58,1.104119284,0.77,249.72
2022,7,30,3,0,0,0,0,0,0,0,0,5.6,4.83,5.22,8.73,96.25,0.18,62.52,0.3,0.571096182,0.38,294.44
2022,7,30,4,0,0,0,0,0,0,0,0,5.48,4.43,4.95,8.48,94.31,0.12,62.5,0.27,0.513986563,0.45,7
2022,7,30,5,0.02,0.01,0.06,1.45,1.6,0.22,0,0,5.4,3.93,4.67,8.24,91.44,0.06,62.49,0.43,0.818571194,0.66,34.44
2022,7,30,6,0.17,0.41,0.86,22.12,50.15,3.27,0.02,0.08,6.78,4.53,5.65,8.61,87.12,0.06,62.49,0.26,0.494950024,0.42,41.19
2022,7,30,7,0.58,1.19,1.89,76.02,150.92,10.95,0.16,0.8,8.93,4.83,6.88,8.79,77,0.06,62.51,0.98,1.86558086,1.18,219.37
2022,7,30,8,0.94,2,2.83,128.98,254.38,19.55,0.47,2.38,10.65,5.36,8.01,9.16,71.25,0.06,62.53,2.15,4.092855968,2.65,218.19
2022,7,30,9,1.47,2.7,3.63,202.95,344.8,30.84,0.95,5.05,12.01,6.08,9.05,9.64,68.56,0.12,62.56,2.99,5.691925277,3.73,217.42
2022,7,30,10,1.56,3.24,4.23,219.5,412.48,34.27,1.22,6.05,12.88,6.87,9.88,10.19,68.56,0.3,62.58,3.75,7.13870227,4.72,219.02
2022,7,30,11,1.84,3.56,4.59,260.02,452.77,40.55,1.53,7.85,13,7.53,10.26,10.68,71.12,0.65,62.57,4.2,7.995346543,5.31,221.9
2022,7,30,12,1.53,3.5,4.68,222.9,440.95,33.77,1.28,6.73,13.01,7.84,10.43,10.86,72.5,0.12,62.55,4.43,8.433186949,5.63,224.16
2022,7,30,13,1.44,3.35,4.5,205.48,422.3,31.34,1.15,5.77,12.7,7.81,10.26,10.86,73.81,0.18,62.51,4.6,8.756808118,5.89,226.61
2022,7,30,14,1.29,2.95,4.06,180.73,370.92,27.15,0.91,4.58,11.95,7.76,9.86,10.8,77.19,0.24,62.48,4.46,8.490296567,5.73,230.58
2022,7,30,15,1.03,2.34,3.4,142.17,293.48,21.12,0.6,3.17,11.19,7.62,9.4,10.68,80.25,0.29,62.44,4.02,7.652688834,5.18,232.47
2022,7,30,16,0.66,1.59,2.54,88.8,197.62,13.25,0.28,1.4,10.37,7.41,8.89,10.56,83.56,0.32,62.41,3.54,6.738934943,4.58,231.1
2022,7,30,17,0.3,0.8,1.57,39.15,97.08,5.77,0.06,0.33,9.55,7.24,8.4,10.44,87.19,0.33,62.38,3.01,5.729998356,3.92,228.96
2022,7,30,18,0.11,0.17,0.53,12.92,20.27,1.79,0.01,0.02,8.55,7.16,7.86,10.38,92.75,0.28,62.38,2.32,4.416477138,3.07,223.45
2022,7,30,19,0,0,0,0,0,0,0,0,7.7,7.23,7.47,10.38,98.5,0.27,62.4,1.51,2.874517447,2.11,213.22
2022,7,30,20,0,0,0,0,0,0,0,0,7.34,7.14,7.24,10.31,100,0.27,62.42,1.14,2.17016549,1.66,211.15
2022,7,30,21,0,0,0,0,0,0,0,0,6.97,6.9,6.94,10.13,100,0.28,62.44,0.98,1.86558086,1.56,222.16
2022,7,30,22,0,0,0,0,0,0,0,0,6.68,6.6,6.64,9.95,100,0.29,62.45,0.78,1.484850072,1.3,238.8
2022,7,30,23,0,0,0,0,0,0,0,0,6.4,6.25,6.32,9.7,100,0.31,62.44,0.48,0.913753891,0.79,238.36
2022,7,31,0,0,0,0,0,0,0,0,0,6.16,5.83,5.99,9.46,99.69,0.37,62.41,0.14,0.266511551,0.26,231.07
2022,7,31,1,0,0,0,0,0,0,0,0,5.74,5.3,5.52,9.09,98.94,0.43,62.36,0.18,0.342657709,0.3,346.33
2022,7,31,2,0,0,0,0,0,0,0,0,5.48,4.69,5.08,8.73,96.62,0.48,62.32,0.38,0.723388497,0.61,348.11
2022,7,31,3,0,0,0,0,0,0,0,0,5.44,4.19,4.82,8.42,93.38,0.49,62.27,0.45,0.856644272,0.7,359.36
2022,7,31,4,0,0,0,0,0,0,0,0,5.37,3.71,4.54,8.18,90.69,0.49,62.25,0.48,0.913753891,0.72,20.19
2022,7,31,5,0.02,0.01,0.05,1.1,1.33,0.16,0,0,5.27,3.36,4.31,7.93,89,0.46,62.26,0.45,0.856644272,0.67,34.99
2022,7,31,6,0.11,0.33,0.86,13.95,40.77,1.99,0.01,0.05,6.63,4.19,5.4,8.48,86.31,0.78,62.29,0.34,0.647242339,0.48,31.61
2022,7,31,7,0.37,1.04,1.88,50.7,132.1,7.28,0.1,0.5,9.17,5.76,7.47,9.46,81,0.63,62.33,1.25,2.379567423,1.54,248.9
2022,7,31,8,0.74,1.82,2.83,102.95,235.1,14.86,0.34,1.67,11.01,6.69,8.84,10.07,76.31,0.51,62.35,2.18,4.149965586,2.73,241.97
2022,7,31,9,0.92,2.5,3.63,134.3,326.38,19.73,0.56,2.95,12.44,7.28,9.86,10.5,72.5,0.43,62.36,2.89,5.501559883,3.64,235.93
2022,7,31,10,1.34,3.1,4.23,196.85,398.25,29.06,0.98,4.88,13.26,7.85,10.56,10.93,71.5,0.37,62.36,3.68,7.005446494,4.67,230.7
2022,7,31,11,1.46,3.49,4.59,214.52,442.15,31.88,1.2,6.08,13.5,8.23,10.87,11.23,72.31,0.38,62.33,4.23,8.052456161,5.41,227.34
2022,7,31,12,1.21,3.57,4.68,186.62,451.27,28.14,1.06,5.52,13.3,8.44,10.87,11.41,74.19,0.45,62.3,4.6,8.756808118,5.93,224.95
2022,7,31,13,0.57,3.38,4.5,90.5,427.27,13.85,0.48,2.45,12.64,8.6,10.62,11.47,78.06,0.54,62.27,4.77,9.080429288,6.2,223.77
2022,7,31,14,0.36,2.94,4.06,58.1,371,8.84,0.28,1.42,11.98,8.7,10.33,11.54,81.81,0.58,62.25,4.79,9.118502366,6.24,223.33
2022,7,31,15,0.43,2.31,3.39,63.35,290.08,9.48,0.27,1.38,11.25,8.72,9.98,11.54,85.81,0.57,62.22,4.64,8.832954276,6.07,223.18
2022,7,31,16,0.4,1.54,2.54,54.27,190.92,7.91,0.16,0.8,10.62,8.67,9.65,11.47,89.25,0.53,62.21,4.33,8.242821555,5.7,223.61
2022,7,31,17,0.23,0.77,1.56,30.5,93,4.19,0.05,0.23,9.96,8.64,9.3,11.47,93.12,0.49,62.21,3.81,7.252921507,5.09,224.44
2022,7,31,18,0.09,0.16,0.52,11.15,19.23,1.56,0.01,0.02,9.38,8.73,9.06,11.54,97.5,0.51,62.22,2.87,5.463486804,3.94,223.07
2022,7,31,19,0,0,0,0,0,0,0,0,8.95,8.8,8.87,11.6,100,0.43,62.24,1.83,3.483686708,2.64,217.79
2022,7,31,20,0,0,0,0,0,0,0,0,8.83,8.88,8.85,11.66,100,0.34,62.27,1.88,3.578869405,2.79,216.68
2022,7,31,21,0,0,0,0,0,0,0,0,8.76,8.97,8.87,11.72,100,0.28,62.3,2.19,4.169002126,3.26,220.53
2022,7,31,22,0,0,0,0,0,0,0,0,8.55,8.78,8.66,11.6,100,0.29,62.31,2.46,4.682988689,3.63,224.04
2022,7,31,23,0,0,0,0,0,0,0,0,7.99,8.12,8.05,11.05,100,0.33,62.32,2.34,4.454550217,3.47,229.85
2022,8,1,0,0,0,0,0,0,0,0,0,7.25,7.44,7.34,10.56,100,0.37,62.3,1.64,3.121992459,2.61,235.5
2022,8,1,1,0,0,0,0,0,0,0,0,6.73,7.05,6.88,10.31,100,0.39,62.28,1.13,2.151128951,2,232.77
2022,8,1,2,0,0,0,0,0,0,0,0,6.39,6.75,6.57,10.13,100,0.38,62.26,0.98,1.86558086,1.78,232.83
2022,8,1,3,0,0,0,0,0,0,0,0,6.11,6.51,6.3,10.01,100,0.41,62.26,0.83,1.580032769,1.55,232.38
2022,8,1,4,0,0,0,0,0,0,0,0,6.12,6.37,6.25,9.89,100,0.47,62.26,0.7,1.332557757,1.25,227.03
2022,8,1,5,0.02,0.01,0.05,0.95,1.25,0.14,0,0,6.33,6.38,6.36,9.95,100,0.52,62.28,0.59,1.123155824,0.95,221.01
2022,8,1,6,0.15,0.35,0.85,18.65,41.3,2.62,0.02,0.05,7.4,6.9,7.15,10.31,99.56,0.5,62.31,0.64,1.218338521,0.9,215.07
2022,8,1,7,0.53,1.09,1.88,68.58,134.2,9.55,0.13,0.65,8.94,7.52,8.23,10.74,93.38,0.55,62.34,1.5,2.855480908,1.9,219.99
2022,8,1,8,0.94,1.89,2.82,128.92,237.92,18.74,0.43,2.15,10.12,8.19,9.15,11.17,90,0.61,62.36,2.58,4.911427162,3.35,224.15
2022,8,1,9,1.17,2.61,3.63,163.33,329.48,24.04,0.7,3.7,11.05,8.54,9.8,11.41,86.5,0.63,62.38,3.36,6.396277234,4.42,227.72
2022,8,1,10,1.24,3.16,4.23,180.88,398.62,27.11,0.91,4.55,11.6,8.73,10.16,11.6,84.38,0.59,62.37,3.98,7.576542676,5.25,228.44
2022,8,1,11,1.08,3.47,4.58,165.67,439.55,25.22,0.91,4.58,11.65,8.77,10.22,11.54,83.94,0.52,62.35,4.36,8.299931173,5.75,228.64
2022,8,1,12,1.02,3.55,4.68,161.73,449.85,24.55,0.9,4.7,11.62,8.72,10.17,11.54,83.69,0.45,62.31,4.48,8.528369645,5.9,228.81
2022,8,1,13,0.91,3.38,4.5,140.42,430.58,21.52,0.77,3.83,11.42,8.59,10.01,11.41,83.94,0.37,62.28,4.46,8.490296567,5.86,228.79
2022,8,1,14,0.81,2.99,4.06,124.5,381.1,19.02,0.61,3.08,10.99,8.46,9.73,11.29,85.5,0.32,62.25,4.24,8.0714927,5.58,228.92
2022,8,1,15,0.48,2.39,3.39,75.2,305.3,11.7,0.31,1.65,10.4,8.3,9.36,11.17,88.06,0.32,62.24,3.9,7.424250361,5.13,229.69
2022,8,1,16,0.48,1.65,2.53,67.9,209.15,10.14,0.2,1,9.75,8.17,8.96,11.11,91.19,0.35,62.23,3.48,6.624715707,4.6,229.82
2022,8,1,17,0.28,0.84,1.55,37.23,104.92,5.39,0.05,0.27,9.1,8.02,8.56,10.99,94.5,0.39,62.23,2.9,5.520596422,3.86,228.69
2022,8,1,18,0.08,0.18,0.51,9.12,21,1.28,0.01,0.02,8.04,7.75,7.89,10.8,100,0.38,62.25,1.65,3.141028999,2.3,224.04
2022,8,1,19,0,0,0,0,0,0,0,0,7.33,7.21,7.27,10.5,100,0.38,62.29,1.06,2.017873175,1.64,213.16
2022,8,1,20,0,0,0,0,0,0,0,0,7.33,6.99,7.16,10.31,100,0.35,62.34,0.99,1.884617399,1.47,198.24
2022,8,1,21,0,0,0,0,0,0,0,0,7.26,6.94,7.1,10.31,100,0.33,62.38,1.08,2.055946254,1.57,193.21
2022,8,1,22,0,0,0,0,0,0,0,0,6.99,6.9,6.94,10.25,100,0.34,62.4,1.33,2.531859738,1.97,199.23
2022,8,1,23,0,0,0,0,0,0,0,0,6.78,6.91,6.84,10.25,100,0.37,62.37,1.46,2.779334751,2.31,205.7
2022,8,2,0,0,0,0,0,0,0,0,0,6.82,7.12,6.97,10.38,100,0.36,62.33,1.52,2.893553987,2.51,209.83
2022,8,2,1,0,0,0,0,0,0,0,0,6.87,7.29,7.08,10.5,100,0.33,62.28,1.43,2.722225132,2.48,214.59
2022,8,2,2,0,0,0,0,0,0,0,0,6.94,7.44,7.19,10.62,100,0.29,62.26,1.34,2.550896278,2.37,222.06
2022,8,2,3,0,0,0,0,0,0,0,0,6.84,7.49,7.16,10.68,100,0.27,62.24,1.2,2.284384726,2.22,221.72
2022,8,2,4,0,0,0,0,0,0,0,0,6.7,7.38,7.04,10.62,100,0.3,62.24,1.11,2.113055872,2.15,219.11
2022,8,2,5,0.02,0.01,0.05,0.92,1.27,0.14,0,0,6.41,6.94,6.68,10.25,100,0.32,62.26,1.04,1.979800096,2.02,222.02
2022,8,2,6,0.11,0.37,0.84,13.73,45.38,1.97,0.01,0.05,7.44,7.05,7.25,10.31,99.62,0.42,62.31,1.81,3.445613629,2.55,218.52
2022,8,2,7,0.38,1.14,1.87,49.77,144.23,7.25,0.1,0.52,8.29,7.06,7.67,10.31,94.12,0.34,62.36,2.4,4.568769453,3.13,221.86
2022,8,2,8,0.83,1.96,2.82,112.38,250.27,16.69,0.4,1.98,9.35,7.21,8.28,10.44,88.44,0.26,62.4,2.76,5.254084871,3.55,223.39
2022,8,2,9,1.37,2.67,3.62,188.52,341.48,27.85,0.82,4.38,10.6,7.41,9.01,10.56,82.38,0.2,62.44,3.24,6.167838761,4.13,224.69
2022,8,2,10,1.51,3.21,4.22,213.6,409.92,31.96,1.1,5.45,11.63,7.65,9.64,10.74,78.12,0.15,62.44,3.76,7.15773881,4.81,225.92
2022,8,2,11,1.62,3.53,4.58,231.75,451.42,34.56,1.28,6.52,12.15,7.83,9.99,10.86,76.44,0.16,62.43,4.14,7.881127306,5.32,226.91
2022,8,2,12,1.21,3.61,4.67,185.02,460.65,28.37,1.05,5.5,12.32,7.98,10.15,10.99,76.38,0.22,62.4,4.31,8.204748476,5.55,227.45
2022,8,2,13,1.19,3.45,4.49,179.27,439.02,27.52,1.01,5.05,12.19,8.04,10.12,11.05,77.31,0.31,62.37,4.27,8.128602318,5.49,226.61
2022,8,2,14,0.82,3.04,4.05,125.4,386.7,19.38,0.65,3.23,11.8,8.08,9.94,11.05,79.56,0.39,62.33,4.06,7.728834991,5.23,225.79
2022,8,2,15,0.64,2.43,3.38,95.4,308.9,14.73,0.42,2.17,11.28,8.12,9.7,11.11,82.56,0.46,62.31,3.81,7.252921507,4.93,224.49
2022,8,2,16,0.79,1.66,2.52,107.45,210.33,15.66,0.33,1.62,10.63,8.11,9.37,11.11,86.06,0.5,62.3,3.52,6.700861864,4.57,222.37
2022,8,2,17,0.48,0.84,1.54,62.15,104.65,8.68,0.09,0.48,9.74,8.08,8.91,11.05,91.19,0.54,62.32,3.04,5.787107974,3.98,219.1
2022,8,2,18,0.11,0.17,0.5,13.33,20.48,1.89,0.01,0.02,8.77,8.05,8.4,11.05,97.12,0.52,62.36,2.42,4.606842532,3.25,212.55
2022,8,2,19,0,0,0,0,0,0,0,0,8.09,7.93,8.01,10.93,100,0.52,62.42,1.74,3.312357853,2.48,205.76
2022,8,2,20,0,0,0,0,0,0,0,0,7.83,7.85,7.84,10.86,100,0.44,62.48,1.58,3.007773223,2.36,203.17
2022,8,2,21,0,0,0,0,0,0,0,0,7.62,7.74,7.68,10.8,100,0.3,62.51,1.48,2.817407829,2.3,201.69
2022,8,2,22,0,0,0,0,0,0,0,0,7.26,7.52,7.39,10.62,100,0.18,62.52,1.39,2.646078975,2.27,203.74
2022,8,2,23,0,0,0,0,0,0,0,0,6.93,7.22,7.07,10.38,100,0.1,62.52,1.31,2.49378666,2.17,209.8
2022,8,3,0,0,0,0,0,0,0,0,0,6.64,6.8,6.73,10.07,100,0.07,62.49,1.34,2.550896278,2.14,217.29
2022,8,3,1,0,0,0,0,0,0,0,0,6.26,6.31,6.28,9.77,100,0.03,62.48,1.12,2.132092411,1.81,220.09
2022,8,3,2,0,0,0,0,0,0,0,0,6.01,5.95,5.98,9.52,100,0.03,62.48,0.9,1.713288545,1.42,221.66
2022,8,3,3,0,0,0,0,0,0,0,0,5.93,5.68,5.8,9.34,100,0.01,62.47,0.64,1.218338521,0.94,229.4
2022,8,3,4,0,0,0,0,0,0,0,0,5.82,5.35,5.58,9.09,98.44,0.01,62.48,0.13,0.247475012,0.23,193.57
2022,8,3,5,0,0,0,0,0,0,0,0,5.65,5.04,5.34,8.91,97.31,0,62.5,0.17,0.32362117,0.24,48.99
2022,8,3,6,0.23,0.38,0.88,28.67,45.9,3.93,0.02,0.1,7.12,5.66,6.39,9.34,92.19,0,62.51,0.29,0.552059642,0.35,277.77
2022,8,3,7,0.72,1.12,1.87,92.38,140.85,12.7,0.18,0.88,9.24,6.26,7.76,9.7,82.88,0,62.54,1.68,3.198138617,2.09,224.55
2022,8,3,8,1.38,1.93,2.82,179.85,244.27,25.34,0.59,2.95,10.52,6.9,8.71,10.13,79.44,0.01,62.57,2.84,5.406377186,3.57,219.4
2022,8,3,9,1.91,2.64,3.62,254.48,335.2,36.05,1.08,5.77,11.91,7.44,9.68,10.5,75.19,0.01,62.6,3.4,6.472423392,4.27,221.51
2022,8,3,10,1.95,3.19,4.22,267.67,404.95,38.82,1.34,6.67,12.71,7.77,10.24,10.74,73.06,0.01,62.61,3.89,7.405213822,4.91,220.81
2022,8,3,11,1.76,3.51,4.58,248.1,445.33,36.54,1.34,6.9,13.03,8.15,10.59,11.05,73.62,0.02,62.58,4.18,7.957273464,5.31,219.5
2022,8,3,12,1.66,3.58,4.67,239.9,454.12,35.41,1.32,6.92,13.01,8.38,10.69,11.23,74.94,0.04,62.55,4.26,8.109565779,5.42,218.92
2022,8,3,13,1.36,3.41,4.49,198.25,432.45,29.7,1.08,5.4,13.02,8.56,10.79,11.41,75.88,0.06,62.51,4.26,8.109565779,5.43,218.29
2022,8,3,14,1.24,3.01,4.05,174.35,380.83,25.86,0.85,4.27,12.21,8.54,10.37,11.35,79.81,0.08,62.48,3.99,7.595579215,5.12,218.18
2022,8,3,15,0.94,2.38,3.38,131.6,299.77,19.41,0.54,2.85,11.37,8.5,9.94,11.35,84.06,0.09,62.46,3.54,6.738934943,4.55,219.15
2022,8,3,16,0.6,1.6,2.52,81.02,199.15,11.88,0.25,1.23,10.65,8.45,9.55,11.29,88,0.09,62.46,3.11,5.920363749,4.03,222.57
2022,8,3,17,0.29,0.79,1.53,38.08,95.23,5.34,0.06,0.3,9.9,8.49,9.2,11.35,92.69,0.09,62.47,2.61,4.96853678,3.42,227.5
2022,8,3,18,0.08,0.16,0.49,9.65,18.23,1.37,0.01,0.02,9.31,8.58,8.94,11.41,97.06,0.08,62.5,2.08,3.959600193,2.81,231.32
2022,8,3,19,0,0,0,0,0,0,0,0,8.8,8.62,8.7,11.41,100,0.07,62.54,1.43,2.722225132,2.14,224.11
2022,8,3,20,0,0,0,0,0,0,0,0,8.56,8.63,8.6,11.41,100,0.05,62.63,1.27,2.417640502,2.08,208.68
2022,8,3,21,0,0,0,0,0,0,0,0,8.44,8.55,8.5,11.35,100,0.06,62.66,1.31,2.49378666,2.16,220.15
2022,8,3,22,0,0,0,0,0,0,0,0,8.31,8.47,8.39,11.29,100,0.11,62.67,1.29,2.455713581,2.14,225.15
2022,8,3,23,0,0,0,0,0,0,0,0,8.25,8.36,8.3,11.17,100,0.16,62.64,1.43,2.722225132,2.28,226.8
2022,8,4,0,0,0,0,0,0,0,0,0,7.79,8.02,7.9,10.99,100,0.18,62.58,1.56,2.969700144,2.47,230.12
2022,8,4,1,0,0,0,0,0,0,0,0,7.39,7.64,7.51,10.74,100,0.19,62.54,1.36,2.588969357,2.3,230.92
2022,8,4,2,0,0,0,0,0,0,0,0,6.98,7.43,7.21,10.62,100,0.14,62.51,1.16,2.208238569,2.12,238.42
2022,8,4,3,0,0,0,0,0,0,0,0,7.15,7.44,7.3,10.62,100,0.08,62.48,1.1,2.094019333,1.97,244.15
2022,8,4,4,0,0,0,0,0,0,0,0,7.18,7.42,7.3,10.62,100,0.05,62.48,0.91,1.732325084,1.7,246.97
2022,8,4,5,0,0,0,0,0,0,0,0,7.26,7.44,7.36,10.62,100,0.02,62.49,0.77,1.465813533,1.5,256.11
2022,8,4,6,0.08,0.33,0.87,9.7,39.02,1.41,0.01,0.02,8.32,7.9,8.11,10.99,100,0.01,62.5,1.02,1.941727017,1.53,255.47
2022,8,4,7,0.43,1.01,1.86,56.42,124.55,8.13,0.12,0.58,9.9,8.65,9.28,11.54,94.5,0.01,62.54,1.77,3.369467472,2.29,234.85
2022,8,4,8,0.85,1.84,2.81,115.65,230.1,16.64,0.38,1.92,11.04,8.6,9.82,11.54,87.5,0.02,62.55,2.33,4.435513677,3,226.37
2022,8,4,9,1.09,2.59,3.62,152.92,327.42,22.42,0.66,3.45,11.73,8.37,10.05,11.41,82.69,0.04,62.56,2.78,5.29215795,3.59,217.49
2022,8,4,10,1.46,3.16,4.22,206.25,400.27,30.42,1.03,5.12,11.95,8.46,10.21,11.47,81.94,0.07,62.57,3.25,6.186875301,4.2,209.43
2022,8,4,11,1.7,3.5,4.58,239.73,443.35,35.33,1.28,6.5,11.73,8.67,10.2,11.6,84.12,0.12,62.57,3.72,7.081592652,4.81,208.23
2022,8,4,12,1.52,3.57,4.67,222.75,453.3,32.95,1.2,6.27,11.72,8.91,10.31,11.72,85.12,0.16,62.54,4.19,7.976310003,5.46,211.89
2022,8,4,13,1.54,3.41,4.49,219.75,432.5,32.71,1.16,5.83,12.04,9.21,10.62,11.96,84.69,0.22,62.48,4.7,8.947173512,6.13,213.41
2022,8,4,14,1.31,3,4.04,186.25,380.73,27.48,0.89,4.45,11.98,9.22,10.6,11.9,84.69,0.28,62.44,5.22,9.93707356,6.86,213.06
2022,8,4,15,1.16,2.38,3.37,158.52,301.33,23.15,0.64,3.33,11.03,8.88,9.95,11.6,87.94,0.28,62.42,5.11,9.727671627,6.75,212.15
2022,8,4,16,0.78,1.6,2.51,105.38,199.95,15.03,0.3,1.5,10.02,8.44,9.23,11.23,91.25,0.23,62.43,4.48,8.528369645,5.93,212.58
2022,8,4,17,0.39,0.78,1.52,48.83,95.08,6.77,0.07,0.35,9.22,8.02,8.62,10.99,93.81,0.18,62.46,3.58,6.815081101,4.73,213.4
2022,8,4,18,0.13,0.15,0.48,15.17,17.73,2.08,0.01,0.02,8.43,7.74,8.08,10.74,97.31,0.12,62.51,2.37,4.511659835,3.18,212.05
2022,8,4,19,0,0,0,0,0,0,0,0,7.71,7.44,7.58,10.56,100,0.11,62.55,1.3,2.47475012,1.85,207.97
2022,8,4,20,0,0,0,0,0,0,0,0,7.53,7.02,7.28,10.31,99,0.1,62.58,0.99,1.884617399,1.34,203.42
2022,8,4,21,0,0,0,0,0,0,0,0,7.3,6.55,6.92,9.95,97.31,0.1,62.6,0.77,1.465813533,1.02,199.68
2022,8,4,22,0,0,0,0,0,0,0,0,7.02,6.08,6.55,9.64,95.94,0.1,62.59,0.78,1.484850072,1.03,200.5
2022,8,4,23,0,0,0,0,0,0,0,0,6.58,5.87,6.23,9.46,97.44,0.08,62.57,0.84,1.599069309,1.12,207.46
2022,8,5,0,0,0,0,0,0,0,0,0,6.08,5.69,5.89,9.4,99.62,0.05,62.53,0.56,1.066046206,0.82,211.43
2022,8,5,1,0,0,0,0,0,0,0,0,5.68,5.39,5.53,9.16,100,0.04,62.49,0.32,0.60916926,0.47,252.76
2022,8,5,2,0,0,0,0,0,0,0,0,5.28,4.89,5.08,8.85,99.5,0.03,62.46,0.21,0.399767327,0.34,311.31
2022,8,5,3,0,0,0,0,0,0,0,0,5.21,4.3,4.76,8.48,95.69,0.04,62.45,0.23,0.437840406,0.36,330.1
2022,8,5,4,0,0,0,0,0,0,0,0,5.18,3.73,4.46,8.12,92,0.07,62.46,0.36,0.685315418,0.59,333.09
2022,8,5,5,0,0,0,0,0,0,0,0,5.3,3.37,4.33,7.93,88.81,0.06,62.46,0.52,0.989900048,0.86,345.2
2022,8,5,6,0.29,0.35,0.86,35.8,42.55,4.72,0.02,0.1,6.77,4.42,5.6,8.54,86.69,0,62.49,0.55,1.047009666,0.84,356.26
2022,8,5,7,0.82,1.08,1.85,104,134.4,13.84,0.19,0.92,9.14,4.5,6.82,8.61,74.12,0,62.51,0.73,1.389667375,0.9,280.04
2022,8,5,8,1.45,1.87,2.81,186.62,235.2,25.43,0.56,2.85,11.01,5.23,8.12,9.03,68.56,0,62.53,1.97,3.750198259,2.43,243.85
2022,8,5,9,2.13,2.6,3.61,277.67,329,38.62,1.12,5.85,12.64,6.19,9.42,9.64,65.88,0,62.55,2.77,5.27312141,3.45,233.57
2022,8,5,10,2.38,3.16,4.22,313.23,400.92,45.15,1.53,7.75,13.75,7.13,10.44,10.31,65.56,0,62.54,3.52,6.700861864,4.42,226.94
2022,8,5,11,2.48,3.5,4.58,336.75,442.42,48.72,1.79,9.3,14.11,7.83,10.98,10.86,67.38,0,62.51,4.16,7.919200385,5.28,223.44
2022,8,5,12,2.21,3.6,4.67,306.62,454.23,44.86,1.68,8.9,14.13,8.33,11.23,11.29,69.62,0,62.46,4.51,8.585479264,5.74,222.96
2022,8,5,13,2.12,3.43,4.48,286.1,432.2,41.45,1.5,7.65,13.63,8.55,11.09,11.41,72.94,0.01,62.42,4.51,8.585479264,5.79,223.74
2022,8,5,14,1.85,3.01,4.04,251.23,380.5,36.16,1.2,6,13.37,8.8,11.08,11.66,75.5,0.01,62.37,4.42,8.414150409,5.67,225.11
2022,8,5,15,1.38,2.38,3.36,187.27,299.45,26.77,0.73,3.85,12.69,8.83,10.76,11.66,78.88,0.01,62.34,4.08,7.76690807,5.25,224.94
2022,8,5,16,0.81,1.61,2.5,108.33,200.73,15.24,0.3,1.5,11.77,8.72,10.25,11.54,83.19,0.01,62.32,3.52,6.700861864,4.55,224.44
2022,8,5,17,0.4,0.8,1.51,51.42,97.05,7.05,0.08,0.38,10.51,8.65,9.58,11.47,90,0.01,62.33,2.85,5.425413725,3.71,222.87
2022,8,5,18,0.13,0.15,0.47,15.02,17.3,2.04,0.01,0.02,9.13,8.5,8.81,11.41,98.19,0.09,62.36,1.98,3.769234799,2.61,217.35
2022,8,5,19,0,0,0,0,0,0,0,0,8.44,8.19,8.32,11.29,100,0.08,62.39,1.14,2.17016549,1.64,207.3
2022,8,5,20,0,0,0,0,0,0,0,0,8.26,8.12,8.19,11.23,100,0.08,62.42,1.09,2.074982793,1.66,212.49
2022,8,5,21,0,0,0,0,0,0,0,0,8.2,8.11,8.15,11.23,100,0.1,62.45,1.36,2.588969357,2.04,223.45
2022,8,5,22,0,0,0,0,0,0,0,0,8.02,7.83,7.93,10.99,100,0.18,62.45,1.77,3.369467472,2.56,234.95
2022,8,5,23,0,0,0,0,0,0,0,0,7.59,7.5,7.55,10.68,100,0.29,62.44,1.64,3.121992459,2.47,242.71
2022,8,6,0,0,0,0,0,0,0,0,0,7.22,7.15,7.19,10.38,100,0.33,62.4,1.58,3.007773223,2.42,243.19
2022,8,6,1,0,0,0,0,0,0,0,0,6.59,6.55,6.57,9.95,100,0.31,62.38,1.57,2.988736684,2.41,235.43
2022,8,6,2,0,0,0,0,0,0,0,0,5.96,5.83,5.9,9.46,100,0.27,62.38,1.39,2.646078975,2.15,232.96
2022,8,6,3,0,0,0,0,0,0,0,0,5.44,5.09,5.26,9.03,99.94,0.21,62.41,1.12,2.132092411,1.63,234.17
2022,8,6,4,0,0,0,0,0,0,0,0,4.99,4.44,4.71,8.61,98.44,0.16,62.4,0.84,1.599069309,1.12,247.38
2022,8,6,5,0,0,0,0,0,0,0,0,4.54,3.67,4.11,8.18,96.31,0.14,62.39,0.21,0.399767327,0.29,265.36
2022,8,6,6,0.12,0.34,0.85,14.9,39.85,2.15,0.01,0.05,5.23,3.48,4.35,8.06,90.88,0.45,62.42,0.38,0.723388497,0.47,200.22
2022,8,6,7,0.43,1.01,1.85,56.2,123.6,8.09,0.12,0.58,6.6,3.77,5.19,8.18,84.06,0.41,62.45,0.83,1.580032769,1.05,214.99
2022,8,6,8,0.88,1.81,2.8,120.1,225.17,17.17,0.4,2,7.73,4.03,5.88,8.3,78.88,0.27,62.49,1.27,2.417640502,1.59,221.61
2022,8,6,9,1.29,2.54,3.61,179.95,318.3,25.77,0.76,4.05,8.42,4.17,6.3,8.36,75.94,0.18,62.5,1.43,2.722225132,1.76,225.36
2022,8,6,10,1.63,3.1,4.21,227.12,390,33.05,1.13,5.6,9.1,4.38,6.74,8.48,73.44,0.15,62.48,1.63,3.10295592,1.99,233.31
2022,8,6,11,1.77,3.46,4.57,246.2,435.3,35.81,1.31,6.75,9.93,4.83,7.37,8.79,71.81,0.13,62.43,1.8,3.42657709,2.2,242.98
2022,8,6,12,1.95,3.6,4.67,278.88,454.3,41.26,1.55,8.12,10.69,5.29,7.99,9.09,70.44,0.16,62.37,2.07,3.940563653,2.53,242.64
2022,8,6,13,2.17,3.39,4.48,296.23,428.88,43.06,1.56,7.92,11.14,5.76,8.44,9.4,70.75,0.25,62.32,2.41,4.587805992,2.99,236.31
2022,8,6,14,2.14,2.96,4.04,286.08,375,40.23,1.31,6.65,11.12,6.19,8.65,9.7,73.12,0.34,62.27,2.61,4.96853678,3.27,231.6
2022,8,6,15,1.57,2.33,3.36,208.27,294.55,29.44,0.8,4.17,10.76,6.51,8.64,9.95,76.75,0.44,62.25,2.57,4.892390622,3.24,225.59
2022,8,6,16,1.07,1.59,2.49,139.8,199.62,19.44,0.39,1.92,10.17,6.69,8.43,10.13,80.94,0.58,62.24,2.37,4.511659835,3,217.17
2022,8,6,17,0.48,0.76,1.5,59.15,92.73,8.07,0.09,0.42,9.34,6.86,8.1,10.25,86.69,0.8,62.24,2.18,4.149965586,2.82,208.41
2022,8,6,18,0.11,0.14,0.45,13.42,16.73,1.88,0.01,0.02,8.33,7.19,7.76,10.44,94.69,0.54,62.27,1.61,3.064882841,2.23,205.13
2022,8,6,19,0,0,0,0,0,0,0,0,7.5,7.27,7.39,10.5,100,0.71,62.3,0.91,1.732325084,1.53,205.39
2022,8,6,20,0,0,0,0,0,0,0,0,7.37,7.37,7.37,10.56,100,0.87,62.32,0.95,1.808471242,1.59,209.08
2022,8,6,21,0,0,0,0,0,0,0,0,7.23,7.36,7.29,10.56,100,0.98,62.34,0.9,1.713288545,1.6,224.41
2022,8,6,22,0,0,0,0,0,0,0,0,6.93,7.21,7.07,10.44,100,0.94,62.34,0.86,1.637142387,1.65,234.81
2022,8,6,23,0,0,0,0,0,0,0,0,6.65,7.01,6.83,10.31,100,0.69,62.32,0.84,1.599069309,1.6,237.55
2022,8,7,0,0,0,0,0,0,0,0,0,6.2,6.63,6.42,10.07,100,0.41,62.29,0.91,1.732325084,1.71,230.36
2022,8,7,1,0,0,0,0,0,0,0,0,5.95,6.48,6.22,10.01,100,0.21,62.29,0.92,1.751361624,1.82,215.94
2022,8,7,2,0,0,0,0,0,0,0,0,6.32,6.71,6.51,10.19,100,0.14,62.28,0.9,1.713288545,1.77,207.02
2022,8,7,3,0,0,0,0,0,0,0,0,6.4,6.82,6.62,10.25,100,0.1,62.26,0.79,1.503886612,1.62,204.47
2022,8,7,4,0,0,0,0,0,0,0,0,6.36,6.73,6.54,10.19,100,0.08,62.27,0.65,1.23737506,1.29,200.52
2022,8,7,5,0,0,0,0,0,0,0,0,6.31,6.48,6.4,9.95,100,0.05,62.3,0.52,0.989900048,0.97,190.68
2022,8,7,6,0.35,0.36,0.84,41.85,43.25,5.4,0.02,0.12,7.26,6.65,6.96,10.07,98.56,0.07,62.35,0.68,1.294484678,0.92,161.26
2022,8,7,7,1.03,1.11,1.84,123.95,136.25,15.57,0.2,1,8.91,6.4,7.65,9.89,86.25,0.05,62.39,1.22,2.322457805,1.52,155.68
2022,8,7,8,1.89,1.94,2.8,237.85,243.88,31.45,0.68,3.38,10.72,6.17,8.44,9.7,75.06,0.04,62.42,2.1,3.997673271,2.63,169.92
2022,8,7,9,2.56,2.66,3.61,327.4,336.92,45.05,1.29,6.6,12.12,6.22,9.16,9.77,69,0.04,62.44,2.76,5.254084871,3.46,178.45
2022,8,7,10,2.98,3.21,4.21,386.12,407.1,54.62,1.85,9.58,13.22,6.65,9.94,10.13,66.44,0.05,62.43,3.17,6.034582986,3.98,185.3
2022,8,7,11,2.79,3.54,4.57,374.4,448.15,54.13,2.01,10.5,13.94,7.34,10.65,10.62,66.62,0.07,62.4,3.56,6.777008022,4.48,191.78
2022,8,7,12,2.33,3.66,4.66,326.85,464.25,48.5,1.85,9.75,14.2,7.96,11.08,11.11,68.25,0.11,62.37,3.87,7.367140743,4.88,196.46
2022,8,7,13,1.9,3.5,4.48,264.73,443.67,39.56,1.45,7.42,13.86,8.26,11.06,11.35,71.12,0.14,62.33,3.98,7.576542676,5.05,199.44
2022,8,7,14,1.64,3.09,4.03,228.67,393.42,34.02,1.15,5.83,13.55,8.43,10.99,11.47,73.44,0.18,62.28,3.96,7.538469597,5.04,201.36
2022,8,7,15,1.23,2.48,3.35,170.38,316.3,25.16,0.71,3.67,13.12,8.68,10.9,11.6,76.56,0.19,62.26,3.89,7.405213822,4.99,202.87
2022,8,7,16,0.84,1.72,2.49,113.75,218.45,16.39,0.34,1.65,12.14,8.91,10.53,11.78,82.75,0.17,62.25,3.58,6.815081101,4.63,203.45
2022,8,7,17,0.39,0.87,1.49,48.52,108.35,6.51,0.07,0.33,11.06,9.18,10.12,11.96,90.19,0.13,62.25,3.05,5.806144513,3.99,203.91
2022,8,7,18,0.09,0.17,0.44,10.88,19.4,1.52,0.01,0.02,10.08,9.36,9.73,12.08,97.38,0.13,62.28,2.3,4.378404059,3.12,201.75
2022,8,7,19,0,0,0,0,0,0,0,0,9.55,9.33,9.44,12.08,100,0.12,62.3,1.54,2.931627066,2.22,196.14
2022,8,7,20,0,0,0,0,0,0,0,0,9.19,9.15,9.17,11.96,100,0.11,62.34,1.41,2.684152054,2.1,190.06
2022,8,7,21,0,0,0,0,0,0,0,0,8.56,8.76,8.66,11.72,100,0.09,62.37,1.24,2.360530884,1.97,182.27
2022,8,7,22,0,0,0,0,0,0,0,0,8.33,8.54,8.44,11.6,100,0.08,62.37,1.25,2.379567423,2.05,176.94
2022,8,7,23,0,0,0,0,0,0,0,0,7.87,8.11,7.99,11.23,100,0.07,62.34,1.18,2.246311648,1.98,170.24
2022,8,8,0,0,0,0,0,0,0,0,0,7.63,7.59,7.61,10.8,100,0.06,62.31,1.12,2.132092411,1.69,163.07
2022,8,8,1,0,0,0,0,0,0,0,0,7.16,7.11,7.13,10.38,100,0.05,62.29,0.55,1.047009666,0.81,149.98
2022,8,8,2,0,0,0,0,0,0,0,0,6.6,6.59,6.6,10.01,100,0.04,62.3,0.26,0.494950024,0.4,88.88
2022,8,8,3,0,0,0,0,0,0,0,0,6.14,5.87,6.01,9.52,100,0.02,62.31,0.44,0.837607733,0.78,73.02
2022,8,8,4,0,0,0,0,0,0,0,0,6.05,5.07,5.56,8.97,95.06,0.01,62.31,0.59,1.123155824,1.03,75.54
2022,8,8,5,0,0,0,0,0,0,0,0,6.05,4.41,5.23,8.54,90.81,0,62.32,0.6,1.142192363,1.01,65.81
2022,8,8,6,0.36,0.39,0.83,42.52,45.62,5.45,0.02,0.1,7.73,5.32,6.52,9.22,87.31,0,62.34,0.65,1.23737506,1.03,55.22
2022,8,8,7,0.94,1.14,1.84,115.05,141.17,14.97,0.2,0.98,10.58,5.15,7.87,9.16,71.44,0,62.36,1.06,2.017873175,1.3,88.96
2022,8,8,8,1.67,1.97,2.79,211.02,248.02,28.79,0.64,3.23,12.71,4.96,8.83,9.03,61.25,0,62.37,1.69,3.217175156,2.08,130.27
2022,8,8,9,2.29,2.7,3.6,295.23,341.65,41.63,1.23,6.58,14.13,5.6,9.87,9.46,58.62,0,62.37,2.31,4.397440598,2.86,149.65
2022,8,8,10,2.82,3.25,4.21,365.75,410.75,52.76,1.81,9.08,15.03,6.49,10.76,10.13,59,0.01,62.37,2.8,5.330231028,3.48,164.78
2022,8,8,11,2.75,3.57,4.57,366.6,451.12,53.71,1.99,10.23,15.34,7.38,11.37,10.74,61.38,0.01,62.36,3.28,6.243984919,4.1,177.92
2022,8,8,12,2.65,3.57,4.66,358.75,449.95,51.91,1.95,10.27,14.98,8.1,11.55,11.23,65.75,0.02,62.34,3.64,6.929300337,4.58,185.38
2022,8,8,13,1.62,3.42,4.47,224.98,431.52,34.07,1.23,6.23,14.07,8.6,11.33,11.6,71.94,0.03,62.3,3.61,6.872190719,4.58,190.02
2022,8,8,14,1.18,3.03,4.03,168.23,383.62,25.57,0.85,4.3,13.51,9.14,11.33,12.02,77.19,0.05,62.25,3.44,6.548569549,4.36,191.89
2022,8,8,15,1.14,2.45,3.34,154.6,309.88,23.08,0.66,3.45,12.72,9.33,11.02,12.21,82.25,0.06,62.21,3.15,5.996509907,4.03,186.45
2022,8,8,16,0.61,1.71,2.48,85.12,216.83,12.35,0.23,1.12,11.99,9.41,10.7,12.27,86.69,0.08,62.18,2.95,5.615779119,3.83,169.88
2022,8,8,17,0.48,0.88,1.48,59.02,109.62,8.16,0.09,0.42,11.23,9.54,10.38,12.33,91.69,0.09,62.14,3.1,5.90132721,4.11,157.87
2022,8,8,18,0.1,0.17,0.43,11.02,19.65,1.54,0.01,0.02,10.3,9.61,9.95,12.33,97.69,0.05,62.14,2.47,4.702025229,3.37,167.28
2022,8,8,19,0,0,0,0,0,0,0,0,9.74,9.56,9.65,12.27,100,0.06,62.21,1.78,3.388504011,2.53,186.75
2022,8,8,20,0,0,0,0,0,0,0,0,9.37,9.28,9.32,12.08,100,0.07,62.27,1.45,2.760298211,2.09,184.71
2022,8,8,21,0,0,0,0,0,0,0,0,8.87,8.79,8.83,11.72,100,0.08,62.3,1.29,2.455713581,1.9,188.53
2022,8,8,22,0,0,0,0,0,0,0,0,8.45,8.44,8.45,11.41,100,0.07,62.3,1.34,2.550896278,2.03,203.11
2022,8,8,23,0,0,0,0,0,0,0,0,7.94,7.9,7.92,11.05,100,0.05,62.3,1.04,1.979800096,1.62,208.17
2022,8,9,0,0,0,0,0,0,0,0,0,7.48,7.4,7.44,10.68,100,0.03,62.29,0.9,1.713288545,1.41,216.24
2022,8,9,1,0,0,0,0,0,0,0,0,7.13,7.03,7.08,10.38,100,0.02,62.29,0.76,1.446776993,1.24,225.25
2022,8,9,2,0,0,0,0,0,0,0,0,6.9,6.8,6.85,10.25,100,0.01,62.3,0.56,1.066046206,0.88,223.57
2022,8,9,3,0,0,0,0,0,0,0,0,6.73,6.57,6.65,10.07,100,0.01,62.3,0.33,0.6282058,0.5,189.9
2022,8,9,4,0,0,0,0,0,0,0,0,6.44,6.27,6.36,9.83,100,0,62.31,0.27,0.513986563,0.47,109.33
2022,8,9,5,0,0,0,0,0,0,0,0,6.15,5.9,6.02,9.58,100,0,62.33,0.42,0.799534654,0.82,67.59
2022,8,9,6,0.38,0.42,0.82,45.83,50.65,5.53,0.02,0.1,7.69,6.41,7.05,9.95,94.25,0,62.35,0.83,1.580032769,1.24,68.13
2022,8,9,7,1.11,1.2,1.83,138.45,152.05,17.32,0.22,1.1,10.45,6.48,8.46,9.95,78.31,0,62.37,1.23,2.341494345,1.48,113.72
2022,8,9,8,1.85,2.02,2.79,235.05,256.52,31.86,0.7,3.5,12.68,6.12,9.4,9.7,66.19,0,62.38,1.98,3.769234799,2.44,153.93
2022,8,9,9,2.6,2.73,3.6,333.92,346.02,46.88,1.37,7.12,14.39,5.84,10.12,9.64,58.56,0,62.39,2.57,4.892390622,3.19,160.72
2022,8,9,10,2.78,3.27,4.2,360.98,413.33,52.55,1.8,9.2,15.57,6.02,10.8,9.83,55.38,0,62.37,3.08,5.863254131,3.85,167.12
2022,8,9,11,2.84,3.59,4.57,376.7,453.12,55.67,2.08,10.83,16.16,6.58,11.37,10.25,55.62,0,62.35,3.45,6.567606089,4.34,172.13
2022,8,9,12,2.57,3.67,4.66,350.9,462.23,52.38,1.99,10.48,16.25,7.22,11.73,10.74,57.88,0.01,62.31,3.65,6.948336876,4.58,175.5
2022,8,9,13,2.1,3.51,4.47,281.88,440.33,42.39,1.56,7.95,15.99,7.81,11.9,11.17,61.12,0.02,62.28,3.63,6.910263798,4.55,177.93
2022,8,9,14,1.92,3.08,4.02,256.85,386.42,37.91,1.27,6.45,15.48,8.23,11.86,11.47,64.75,0.03,62.24,3.36,6.396277234,4.2,178.51
2022,8,9,15,1.27,2.45,3.34,168.88,307.5,24.72,0.7,3.6,14.77,8.33,11.55,11.54,68.06,0.03,62.21,3.07,5.844217592,3.84,175.33
2022,8,9,16,0.75,1.68,2.47,99.73,209.12,14.62,0.3,1.48,13.82,8.26,11.05,11.41,71.88,0.03,62.21,2.85,5.425413725,3.59,173.38
2022,8,9,17,0.38,0.85,1.47,47.15,103.08,6.73,0.07,0.35,12.58,8.22,10.4,11.41,77.69,0.04,62.23,2.51,4.778171386,3.24,171.54
2022,8,9,18,0.1,0.15,0.42,10.85,17.3,1.57,0.01,0.02,10.84,8.69,9.76,11.72,89.69,0.16,62.26,1.75,3.331394393,2.36,173.93
2022,8,9,19,0,0,0,0,0,0,0,0,9.48,9.21,9.35,12.08,100,0.18,62.3,0.86,1.637142387,1.34,178
2022,8,9,20,0,0,0,0,0,0,0,0,9.55,9.4,9.48,12.21,100,0.18,62.33,1.01,1.922690478,1.56,181.73
2022,8,9,21,0,0,0,0,0,0,0,0,9.42,9.42,9.42,12.21,100,0.15,62.34,0.81,1.54195969,1.36,191.57
2022,8,9,22,0,0,0,0,0,0,0,0,9.26,9.37,9.32,12.15,100,0.07,62.33,0.57,1.085082745,1.12,202.1
2022,8,9,23,0,0,0,0,0,0,0,0,9.03,9.15,9.09,11.96,100,0.03,62.29,0.4,0.761461575,0.89,207.69
2022,8,10,0,0,0,0,0,0,0,0,0,8.69,8.84,8.76,11.72,100,0.03,62.25,0.27,0.513986563,0.61,207.55
2022,8,10,1,0,0,0,0,0,0,0,0,8.3,8.44,8.37,11.41,100,0.03,62.2,0.16,0.30458463,0.24,189.46
2022,8,10,2,0,0,0,0,0,0,0,0,7.98,8.04,8.01,11.11,100,0.03,62.15,0.2,0.380730788,0.3,65.43
2022,8,10,3,0,0,0,0,0,0,0,0,7.47,7.51,7.49,10.74,100,0.03,62.11,0.59,1.123155824,1,40.89
2022,8,10,4,0,0,0,0,0,0,0,0,6.62,6.82,6.73,10.25,100,0.03,62.1,0.88,1.675215466,1.66,37.73
2022,8,10,5,0,0,0,0,0,0,0,0,5.84,6.01,5.93,9.7,100,0.04,62.12,1.01,1.922690478,1.93,38.08
2022,8,10,6,0.3,0.41,0.81,36.23,49.8,4.81,0.02,0.1,7.75,6.51,7.12,10.01,94.44,0.04,62.15,1.48,2.817407829,2.17,41.21
2022,8,10,7,0.83,1.2,1.82,104.55,150.65,14.41,0.2,1,10.57,6.8,8.68,10.25,79.62,0.03,62.18,1.9,3.616942484,2.42,69.64
2022,8,10,8,1.39,2.01,2.78,179.5,254.7,25.52,0.59,2.98,12.88,7.05,9.97,10.44,69.75,0.02,62.22,1.86,3.540796326,2.33,113.12
2022,8,10,9,1.91,2.72,3.6,251,344.42,36.33,1.09,5.83,14.39,7.41,10.9,10.74,65.06,0.03,62.25,2.29,4.35936752,2.85,150.49
2022,8,10,10,2.33,3.26,4.2,310.85,411.95,45.68,1.59,7.88,15.2,7.99,11.6,11.17,64.25,0.05,62.28,3.03,5.768071434,3.8,172.69
2022,8,10,11,2.17,3.58,4.56,298.12,452.1,44.71,1.68,8.6,15.32,8.55,11.94,11.6,66.12,0.09,62.27,3.67,6.986409955,4.63,182.32
2022,8,10,12,2.04,3.65,4.65,285.23,460.55,42.95,1.65,8.6,14.77,8.91,11.84,11.84,69.94,0.16,62.24,4,7.614615755,5.09,188.03
2022,8,10,13,1.85,3.49,4.46,255.42,440.9,38.49,1.42,7.15,13.94,9.23,11.58,12.02,75.12,0.24,62.21,4.02,7.652688834,5.15,193.07
2022,8,10,14,1.58,3.08,4.01,217.33,389.77,32.58,1.09,5.52,13.3,9.38,11.34,12.15,78.81,0.38,62.17,3.98,7.576542676,5.13,195.45
2022,8,10,15,1.22,2.44,3.33,166.77,309.92,24.91,0.71,3.67,12.48,9.39,10.93,12.08,82.94,0.65,62.14,3.86,7.348104203,5.02,198.43
2022,8,10,16,0.78,1.67,2.46,103.85,211.6,15.38,0.31,1.55,11.57,9.28,10.43,11.96,87.12,1.08,62.12,3.62,6.891227258,4.73,200.89
2022,8,10,17,0.38,0.83,1.46,47.85,101.73,6.66,0.07,0.35,10.31,8.97,9.64,11.72,92.75,1.27,62.13,3.06,5.825181052,4.04,204.54
2022,8,10,18,0.09,0.15,0.41,9.98,17.2,1.36,0.01,0.02,9.32,8.6,8.96,11.41,96.75,0.77,62.15,2.37,4.511659835,3.19,211.4
2022,8,10,19,0,0,0,0,0,0,0,0,8.76,8.26,8.51,11.23,98.44,0.52,62.18,2.07,3.940563653,2.85,211.91
2022,8,10,20,0,0,0,0,0,0,0,0,8.21,7.76,7.98,10.86,99,0.32,62.2,2.25,4.283221362,3.12,193.48
2022,8,10,21,0,0,0,0,0,0,0,0,7.54,7.08,7.31,10.31,98.88,0.21,62.26,1.85,3.521759787,2.64,161.73
2022,8,10,22,0,0,0,0,0,0,0,0,6.73,6.47,6.6,9.89,100,0.18,62.26,1.21,2.303421266,1.68,145.64
2022,8,10,23,0,0,0,0,0,0,0,0,6.43,6.18,6.3,9.7,100,0.2,62.25,0.72,1.370630836,1.02,143.13
2022,8,11,0,0,0,0,0,0,0,0,0,6.2,6.05,6.12,9.64,100,0.2,62.24,0.6,1.142192363,0.89,142.52
2022,8,11,1,0,0,0,0,0,0,0,0,5.95,5.83,5.9,9.52,100,0.17,62.24,0.42,0.799534654,0.71,119.67
2022,8,11,2,0,0,0,0,0,0,0,0,5.51,5.44,5.48,9.28,100,0.12,62.24,0.49,0.93279043,0.91,90
2022,8,11,3,0,0,0,0,0,0,0,0,5.04,5.01,5.03,8.97,100,0.07,62.24,0.62,1.180265442,1.23,79.4
2022,8,11,4,0,0,0,0,0,0,0,0,4.55,4.56,4.55,8.67,100,0.03,62.24,0.73,1.389667375,1.47,73.68
2022,8,11,5,0,0,0,0,0,0,0,0,4.07,4.03,4.05,8.36,100,0.02,62.26,0.87,1.656178927,1.75,69.29
2022,8,11,6,0.41,0.43,0.8,49.38,52.25,5.65,0.02,0.1,6.29,4.91,5.6,8.97,93.38,0.02,62.29,1.43,2.722225132,2.18,65.18
2022,8,11,7,1.19,1.22,1.82,147.98,155.6,18.31,0.23,1.12,9.23,5.05,7.13,9.03,77.44,0.02,62.32,2.14,4.073819429,2.77,82.21
2022,8,11,8,2,2.04,2.78,254.73,260.6,34.21,0.73,3.65,11.51,4.35,7.93,8.73,63.88,0.02,62.34,2.45,4.66395215,3.11,105.01
2022,8,11,9,2.54,2.75,3.59,327.38,350.23,46.3,1.34,6.95,13.25,3.8,8.52,8.42,55.25,0.03,62.35,2.78,5.29215795,3.53,125.91
2022,8,11,10,2.73,3.29,4.2,356.5,417.38,52.12,1.78,9.1,14.37,4.31,9.34,8.79,53.56,0.05,62.37,3.18,6.053619525,4.03,150.1
2022,8,11,11,2.99,3.61,4.56,396.4,457,58.58,2.16,11.38,14.86,5.43,10.15,9.52,56.12,0.06,62.37,3.76,7.15773881,4.78,169.26
2022,8,11,12,2.3,3.71,4.65,312.4,465.75,47.41,1.8,9.5,14.8,6.44,10.62,10.19,60.12,0.06,62.38,4.16,7.919200385,5.29,176.19
2022,8,11,13,2.32,3.55,4.46,311.73,445.75,46.79,1.72,8.8,14.4,7.12,10.76,10.56,64.25,0.05,62.36,4.11,7.824017688,5.2,174.57
2022,8,11,14,1.84,3.14,4.01,248.67,395.23,37.06,1.23,6.3,13.9,7.33,10.62,10.68,66.94,0.05,62.33,3.91,7.4432869,4.94,170.54
2022,8,11,15,1.36,2.53,3.32,182,317.98,26.76,0.74,3.83,13.48,7.17,10.33,10.56,68,0.04,62.3,3.66,6.967373416,4.62,166.81
2022,8,11,16,0.97,1.74,2.45,123.27,217.95,17.38,0.34,1.67,12.89,6.87,9.88,10.38,69.31,0.04,62.28,3.33,6.339167616,4.25,163.33
2022,8,11,17,0.49,0.88,1.45,59.8,107.65,7.76,0.08,0.38,11.66,6.83,9.25,10.38,75.12,0.02,62.28,2.79,5.311194489,3.61,160.11
2022,8,11,18,0.1,0.16,0.4,10.5,18.17,1.48,0.01,0.02,9.58,7.32,8.45,10.68,89.12,0.01,62.3,1.53,2.912590526,2.19,157.55
2022,8,11,19,0,0,0,0,0,0,0,0,7.6,7.54,7.57,10.8,100,0.01,62.34,0.73,1.389667375,1.26,140.01
2022,8,11,20,0,0,0,0,0,0,0,0,7.5,7.55,7.52,10.8,100,0,62.39,0.64,1.218338521,1.06,113.53
2022,8,11,21,0,0,0,0,0,0,0,0,7.14,7.13,7.14,10.44,100,0,62.43,0.64,1.218338521,1.04,89.57
2022,8,11,22,0,0,0,0,0,0,0,0,6.45,6.39,6.42,9.95,100,0,62.43,0.69,1.313521218,1.18,67
2022,8,11,23,0,0,0,0,0,0,0,0,5.67,5.64,5.65,9.46,100,0,62.42,0.85,1.618105848,1.48,52.52
2022,8,12,0,0,0,0,0,0,0,0,0,4.65,4.7,4.68,8.91,100,0,62.39,0.94,1.789434702,1.89,47.85
2022,8,12,1,0,0,0,0,0,0,0,0,3.71,3.74,3.73,8.3,100,0,62.35,1.04,1.979800096,2.23,45.57
2022,8,12,2,0,0,0,0,0,0,0,0,3.3,2.94,3.12,7.81,100,0,62.32,1.15,2.18920203,2.45,46.42
2022,8,12,3,0,0,0,0,0,0,0,0,3.08,2.2,2.64,7.39,96.56,0,62.3,1.25,2.379567423,2.6,45.73
2022,8,12,4,0,0,0,0,0,0,0,0,2.94,1.54,2.24,7.02,92.62,0,62.29,1.33,2.531859738,2.67,43.93
2022,8,12,5,0,0,0,0,0,0,0,0,2.95,1.01,1.98,6.71,88.94,0,62.29,1.38,2.627042435,2.69,41
2022,8,12,6,0.4,0.44,0.79,47.83,52.23,5.41,0.02,0.1,5.54,3.19,4.37,8,87.88,0,62.32,1.71,3.255248235,2.81,41.4
2022,8,12,7,1.22,1.25,1.81,148.65,155.12,18.38,0.23,1.15,9.7,3.59,6.65,8.12,67.44,0,62.36,2.13,4.054782889,2.8,62.79
2022,8,12,8,2.06,2.08,2.78,255.6,259.42,34.26,0.74,3.67,12.69,3.44,8.07,8.06,54.75,0,62.41,2.08,3.959600193,2.63,119
2022,8,12,9,2.62,2.8,3.59,329.7,348.75,46.53,1.34,6.88,14.14,4.22,9.18,8.61,53.12,0,62.45,2.76,5.254084871,3.49,153.84
2022,8,12,10,2.86,3.34,4.2,363.27,415.75,52.63,1.8,9.38,14.94,5.51,10.23,9.46,55.5,0,62.46,3.24,6.167838761,4.08,170.18
2022,8,12,11,3.12,3.65,4.56,407.67,455.12,59.75,2.23,11.77,15.38,6.69,11.04,10.25,58.62,0,62.44,3.59,6.83411764,4.51,178.11
2022,8,12,12,2.83,3.69,4.64,378.6,461.33,55.7,2.11,11.15,15.52,7.69,11.61,10.93,61.81,0,62.41,3.82,7.271958046,4.81,181.21
2022,8,12,13,2.61,3.51,4.45,346.83,439.65,50.84,1.85,9.48,15.26,8.31,11.79,11.35,65.31,0,62.37,3.93,7.481359979,4.97,183.15
2022,8,12,14,1.96,3.09,4,253.7,387.77,37.58,1.23,6.33,14.58,8.55,11.56,11.54,69.19,0,62.34,3.85,7.329067664,4.87,184.23
2022,8,12,15,1.24,2.47,3.31,166.92,310.35,24.66,0.69,3.58,14.05,8.58,11.31,11.54,71.62,0,62.31,3.62,6.891227258,4.59,184.88
2022,8,12,16,0.79,1.69,2.44,102.95,211.12,14.73,0.29,1.42,13.3,8.47,10.89,11.47,74.62,0,62.31,3.29,6.263021458,4.2,185.66
2022,8,12,17,0.48,0.85,1.43,57.98,103.27,7.37,0.07,0.35,12.21,8.44,10.32,11.47,80.06,0,62.32,2.75,5.235048331,3.56,187.7
2022,8,12,18,0.11,0.14,0.38,11.35,15.75,1.58,0.01,0.02,10.46,8.84,9.65,11.72,92.25,0,62.35,1.78,3.388504011,2.42,193.81
2022,8,12,19,0,0,0,0,0,0,0,0,9.32,9.22,9.26,11.96,100,0.01,62.38,0.88,1.675215466,1.44,201.69
2022,8,12,20,0,0,0,0,0,0,0,0,9.29,9.39,9.34,12.08,100,0.01,62.42,0.92,1.751361624,1.47,201.91
2022,8,12,21,0,0,0,0,0,0,0,0,9.02,9.19,9.1,11.96,100,0.01,62.45,0.78,1.484850072,1.34,195.17
2022,8,12,22,0,0,0,0,0,0,0,0,8.83,9.01,8.91,11.78,100,0,62.46,0.76,1.446776993,1.31,193.12
2022,8,12,23,0,0,0,0,0,0,0,0,8.5,8.76,8.63,11.6,100,0,62.45,0.7,1.332557757,1.29,197.67
2022,8,13,0,0,0,0,0,0,0,0,0,8.24,8.55,8.39,11.47,100,0,62.43,0.67,1.275448139,1.25,201.93
2022,8,13,1,0,0,0,0,0,0,0,0,8.14,8.4,8.27,11.35,100,0,62.4,0.62,1.180265442,1.15,205.7
2022,8,13,2,0,0,0,0,0,0,0,0,8.12,8.2,8.16,11.23,100,0,62.36,0.47,0.894717351,0.81,204.58
2022,8,13,3,0,0,0,0,0,0,0,0,8.01,8.03,8.01,11.11,100,0,62.33,0.17,0.32362117,0.26,176.53
2022,8,13,4,0,0,0,0,0,0,0,0,7.72,7.78,7.75,10.93,100,0.01,62.31,0.26,0.494950024,0.45,73.78
2022,8,13,5,0,0,0,0,0,0,0,0,7.36,7.42,7.39,10.68,100,0.01,62.3,0.51,0.970863509,0.93,61.93
2022,8,13,6,0.33,0.35,0.78,37.77,40.58,4.66,0.02,0.08,8.33,7.58,7.95,10.8,97.94,0.01,62.32,0.85,1.618105848,1.23,61.97
2022,8,13,7,0.98,1.12,1.81,118.48,136.15,14.82,0.19,0.9,10.45,7.65,9.05,10.86,85.38,0.01,62.35,1.02,1.941727017,1.25,104.47
2022,8,13,8,1.7,1.96,2.77,212.5,244.02,28.59,0.61,3.02,12.1,7.94,10.01,11.11,78.25,0,62.38,1.6,3.045846302,1.98,155.46
2022,8,13,9,2.4,2.69,3.58,305,337.2,42.67,1.21,6.25,13.08,8.3,10.69,11.41,75.44,0,62.41,2.09,3.978636732,2.59,172.38
2022,8,13,10,2.91,3.24,4.19,373,406.85,53.08,1.79,9.02,13.87,8.59,11.23,11.66,73.19,0,62.41,2.65,5.044682938,3.32,184.32
2022,8,13,11,3.26,3.57,4.55,423.42,447.95,61.25,2.23,11.65,14.33,8.66,11.49,11.72,71.38,0.01,62.4,3.24,6.167838761,4.12,189.5
2022,8,13,12,2.54,3.57,4.64,336.45,446.02,48.18,1.78,9.3,14.52,8.94,11.73,11.96,71.88,0.01,62.38,3.71,7.062556113,4.73,193.94
2022,8,13,13,2,3.4,4.45,269.08,423.75,39.42,1.41,7.08,13.74,9.33,11.54,12.21,77.31,0.01,62.34,3.84,7.310031125,4.95,201.1
2022,8,13,14,1.67,2.96,3.99,223.98,369.2,32.41,1.05,5.35,13.02,9.72,11.37,12.51,82.75,0.02,62.28,3.72,7.081592652,4.82,209.18
2022,8,13,15,1.3,2.32,3.3,171.33,287.7,24.28,0.66,3.4,12.06,9.75,10.9,12.51,88.06,0.02,62.23,3.38,6.434350313,4.45,215.78
2022,8,13,16,0.76,1.54,2.43,100.23,189.6,14.27,0.28,1.38,10.75,9.54,10.15,12.33,94.88,0.03,62.22,2.68,5.101792556,3.57,215.12
2022,8,13,17,0.26,0.72,1.42,32.45,86.25,4.69,0.05,0.23,10.17,9.39,9.78,12.21,97.69,0.04,62.24,2.46,4.682988689,3.33,203.07
2022,8,13,18,0.08,0.11,0.37,9,12.92,1.28,0,0.02,9.15,9.15,9.15,12.02,100,0.15,62.3,1.86,3.540796326,2.71,200.79
2022,8,13,19,0,0,0,0,0,0,0,0,8.34,8.8,8.58,11.72,100,0.2,62.36,2.02,3.845380956,3.04,213.36
2022,8,13,20,0,0,0,0,0,0,0,0,8.33,8.24,8.29,11.29,100,0.22,62.43,2.62,4.987573319,3.72,216.97
2022,8,13,21,0,0,0,0,0,0,0,0,7.37,7.15,7.26,10.44,100,0.23,62.51,1.97,3.750198259,2.91,209.94
2022,8,13,22,0,0,0,0,0,0,0,0,6.84,6.4,6.62,9.89,99.44,0.25,62.54,1.68,3.198138617,2.41,209.56
2022,8,13,23,0,0,0,0,0,0,0,0,6.44,5.62,6.03,9.34,96.62,0.33,62.54,0.51,0.970863509,0.67,199.7
2022,8,14,0,0,0,0,0,0,0,0,0,5.87,4.83,5.35,8.79,95,0.37,62.47,0.38,0.723388497,0.75,44.58
2022,8,14,1,0,0,0,0,0,0,0,0,5.93,4.45,5.19,8.61,92,0.23,62.4,0.51,0.970863509,1.09,67.66
2022,8,14,2,0,0,0,0,0,0,0,0,6.4,3.86,5.13,8.24,85.31,0.16,62.39,0.47,0.894717351,0.78,116.82
2022,8,14,3,0,0,0,0,0,0,0,0,6.11,3.56,4.83,8.12,85.81,0.25,62.39,0.58,1.104119284,0.91,219.05
2022,8,14,4,0,0,0,0,0,0,0,0,5.26,4.15,4.71,8.48,94.94,0.31,62.37,0.48,0.913753891,0.79,271.7
2022,8,14,5,0,0,0,0,0,0,0,0,5.01,4.4,4.7,8.61,98.38,0.21,62.37,0.25,0.475913485,0.48,304.46
2022,8,14,6,0.14,0.32,0.77,18.77,37.27,2.67,0.02,0.05,5.85,4.74,5.3,8.85,95.19,0.25,62.41,0.13,0.247475012,0.15,201.25
2022,8,14,7,0.53,1.06,1.8,69.23,131.65,10.14,0.14,0.7,7.23,5.39,6.3,9.22,90.44,0.22,62.45,0.9,1.713288545,1.1,173.88
2022,8,14,8,0.92,1.9,2.77,122.23,240.4,18.08,0.41,2.08,9.16,6.23,7.69,9.7,83.56,0.22,62.48,2.08,3.959600193,2.58,174.79
2022,8,14,9,1.41,2.64,3.58,191.9,335.85,28.49,0.84,4.45,11.26,6.8,9.03,10.13,75.62,0.22,62.5,2.84,5.406377186,3.54,173.8
2022,8,14,10,1.72,3.19,4.19,241.45,406.6,36.13,1.24,6.15,13.01,7.15,10.08,10.38,69.12,0.19,62.49,3.31,6.301094537,4.16,178.17
2022,8,14,11,1.54,3.53,4.55,221.77,448.65,33.95,1.23,6.23,14.01,7.54,10.78,10.68,66.56,0.14,62.47,3.79,7.214848428,4.79,183.46
2022,8,14,12,2.03,3.61,4.63,286.6,459.17,43.7,1.65,8.52,14.36,7.98,11.17,11.05,67.19,0.11,62.44,4.16,7.919200385,5.28,186.63
2022,8,14,13,1.91,3.46,4.44,264.75,438.67,40.55,1.48,7.42,14.11,8.33,11.22,11.29,69.75,0.1,62.4,4.33,8.242821555,5.52,188.72
2022,8,14,14,1.66,3.05,3.99,223.35,387.95,33.39,1.1,5.62,13.54,8.49,11.01,11.41,73.12,0.13,62.36,4.28,8.147638858,5.48,189.69
2022,8,14,15,1.27,2.44,3.29,170,310.7,25.24,0.7,3.6,12.62,8.58,10.6,11.47,78.06,0.2,62.34,4.19,7.976310003,5.39,190.61
2022,8,14,16,0.85,1.68,2.41,110.88,213.85,15.91,0.31,1.52,11.35,8.55,9.95,11.47,84.81,0.33,62.34,3.85,7.329067664,5,191.54
2022,8,14,17,0.41,0.85,1.41,51.9,106.75,6.98,0.07,0.33,10.19,8.5,9.35,11.41,91.44,0.5,62.35,3.17,6.034582986,4.16,191.06
2022,8,14,18,0.11,0.13,0.36,11.98,15.33,1.69,0.01,0.02,9.29,8.54,8.91,11.47,97.44,0.63,62.38,2.42,4.606842532,3.26,193.7
2022,8,14,19,0,0,0,0,0,0,0,0,8.83,8.51,8.67,11.47,100,0.8,62.41,1.82,3.464650168,2.52,199.39
2022,8,14,20,0,0,0,0,0,0,0,0,8.53,8.33,8.43,11.29,100,0.71,62.44,1.53,2.912590526,2.19,200.44
2022,8,14,21,0,0,0,0,0,0,0,0,8.11,8.04,8.07,11.05,100,0.51,62.46,1.32,2.512823199,1.96,202.27
2022,8,14,22,0,0,0,0,0,0,0,0,7.68,7.7,7.69,10.8,100,0.34,62.47,1.15,2.18920203,1.78,201.61
2022,8,14,23,0,0,0,0,0,0,0,0,7.28,7.36,7.32,10.56,100,0.21,62.46,1.04,1.979800096,1.66,198.69
2022,8,15,0,0,0,0,0,0,0,0,0,6.89,7,6.94,10.31,100,0.12,62.44,0.93,1.770398163,1.53,199.73
2022,8,15,1,0,0,0,0,0,0,0,0,6.51,6.65,6.58,10.07,100,0.08,62.42,0.83,1.580032769,1.39,200.78
2022,8,15,2,0,0,0,0,0,0,0,0,6.18,6.35,6.26,9.83,100,0.05,62.4,0.59,1.123155824,1.08,198.17
2022,8,15,3,0,0,0,0,0,0,0,0,5.97,6.08,6.02,9.64,100,0.03,62.4,0.33,0.6282058,0.61,179.27
2022,8,15,4,0,0,0,0,0,0,0,0,5.76,5.78,5.77,9.46,100,0.02,62.4,0.26,0.494950024,0.51,85.6
2022,8,15,5,0,0,0,0,0,0,0,0,5.19,5.27,5.23,9.09,100,0.01,62.43,0.63,1.199301981,1.22,64.09
2022,8,15,6,0.3,0.39,0.76,36.35,46.5,4.62,0.02,0.1,6.58,5.62,6.1,9.34,95.94,0,62.48,1.24,2.360530884,1.76,68.43
2022,8,15,7,0.84,1.18,1.79,105.95,148.73,14.3,0.19,0.9,9.09,5.82,7.45,9.52,82.25,0,62.54,1.79,3.40754055,2.26,108.94
2022,8,15,8,1.46,2.01,2.76,188.23,255.3,26.9,0.6,3.02,11.05,5.9,8.48,9.58,72.81,0,62.58,2.5,4.759134847,3.17,138.5
2022,8,15,9,1.96,2.73,3.58,258.38,346.2,37.89,1.12,5.88,12.64,6.09,9.37,9.77,66.62,0,62.61,3.2,6.091692604,4.08,154.96
2022,8,15,10,2.3,3.28,4.18,304.85,414.9,45.59,1.57,7.9,13.65,6.51,10.08,10.01,64.12,0.01,62.63,3.86,7.348104203,4.93,168.58
2022,8,15,11,2.37,3.6,4.54,322.98,454.38,48.88,1.83,9.33,14.18,7.05,10.62,10.38,64.19,0.01,62.64,4.36,8.299931173,5.58,177.19
2022,8,15,12,2.16,3.65,4.63,297.08,460.42,45.37,1.72,8.9,14.15,7.48,10.81,10.68,66.12,0.02,62.63,4.66,8.871027354,5.95,182.26
2022,8,15,13,1.95,3.48,4.44,268.08,438.95,40.94,1.49,7.52,13.98,7.71,10.84,10.8,67.75,0.02,62.61,4.79,9.118502366,6.14,185.41
2022,8,15,14,1.75,3.07,3.98,233.92,388.85,35.12,1.16,5.95,13.58,7.75,10.66,10.8,69.56,0.02,62.59,4.77,9.080429288,6.11,188.38
2022,8,15,15,1.36,2.46,3.28,180.15,311.25,26.16,0.71,3.62,12.91,7.65,10.29,10.74,72.06,0.02,62.58,4.52,8.604515803,5.81,190.39
2022,8,15,16,0.92,1.69,2.4,118.8,214.75,16.59,0.32,1.55,11.91,7.51,9.71,10.62,76.12,0.02,62.57,4.11,7.824017688,5.3,192.07
2022,8,15,17,0.54,0.86,1.39,67.15,108.12,8.58,0.08,0.38,10.51,7.42,8.97,10.56,83.12,0.01,62.58,3.44,6.548569549,4.47,194.38
2022,8,15,18,0.11,0.14,0.35,11.7,15.52,1.53,0.01,0.02,8.69,7.47,8.08,10.62,94.25,0.01,62.6,2.25,4.283221362,3.06,198.62
2022,8,15,19,0,0,0,0,0,0,0,0,8.05,7.67,7.86,10.74,99.75,0.01,62.63,1.49,2.836444369,2.07,203.37
2022,8,15,20,0,0,0,0,0,0,0,0,7.89,7.68,7.78,10.74,100,0.01,62.67,1.18,2.246311648,1.77,206.23
2022,8,15,21,0,0,0,0,0,0,0,0,7.57,7.63,7.6,10.68,100,0.01,62.7,0.91,1.732325084,1.5,209.23
2022,8,15,22,0,0,0,0,0,0,0,0,7.22,7.44,7.33,10.56,100,0.01,62.71,0.7,1.332557757,1.29,211.68
2022,8,15,23,0,0,0,0,0,0,0,0,6.94,7.2,7.07,10.44,100,0,62.7,0.69,1.313521218,1.24,211.89
2022,8,16,0,0,0,0,0,0,0,0,0,6.59,6.83,6.71,10.13,100,0,62.68,0.62,1.180265442,1.05,209.43
2022,8,16,1,0,0,0,0,0,0,0,0,6.3,6.41,6.36,9.89,100,0,62.65,0.43,0.818571194,0.7,203.7
2022,8,16,2,0,0,0,0,0,0,0,0,5.95,5.93,5.94,9.52,100,0,62.62,0.19,0.361694248,0.23,151.7
2022,8,16,3,0,0,0,0,0,0,0,0,5.55,5.39,5.47,9.22,100,0,62.6,0.21,0.399767327,0.37,57.99
2022,8,16,4,0,0,0,0,0,0,0,0,5.19,4.89,5.04,8.91,100,0,62.58,0.37,0.704351957,0.62,35.71
2022,8,16,5,0,0,0,0,0,0,0,0,4.86,4.42,4.64,8.61,99.62,0,62.59,0.57,1.085082745,0.9,31.22
2022,8,16,6,0.32,0.36,0.75,39.52,43.83,5.15,0.02,0.1,6.05,4.73,5.39,8.79,94.12,0,62.63,0.77,1.465813533,1.11,26.21
2022,8,16,7,0.94,1.14,1.79,118.4,142.8,15.48,0.2,1,9.01,4.7,6.86,8.79,76.75,0,62.67,0.85,1.618105848,1.03,288.57
2022,8,16,8,1.72,1.96,2.76,219.6,248.27,30.2,0.66,3.35,11.2,4.76,7.98,8.91,67,0,62.7,2.05,3.902490574,2.52,237.39
2022,8,16,9,2.13,2.67,3.57,280,338.6,40.27,1.18,6.17,12.62,5.27,8.94,9.22,63.44,0,62.73,2.76,5.254084871,3.44,223.44
2022,8,16,10,2.72,3.23,4.18,355.88,407.17,52.05,1.79,9.2,13.45,6.05,9.75,9.77,63.5,0,62.73,3.43,6.52953301,4.31,218.89
2022,8,16,11,2.89,3.57,4.54,383.35,448.1,57.14,2.15,11.17,13.77,6.8,10.29,10.31,65.5,0,62.71,3.88,7.386177282,4.88,218.37
2022,8,16,12,2.71,3.7,4.63,367.55,467.55,56.58,2.17,11.48,13.65,7.33,10.49,10.68,68.19,0,62.67,4.1,7.804981149,5.18,219.43
2022,8,16,13,2.51,3.52,4.43,341.12,445.17,52.4,1.95,9.92,13.44,7.71,10.57,10.93,70.75,0.01,62.63,4.1,7.804981149,5.2,221.23
2022,8,16,14,1.89,3.11,3.97,258.98,392.77,40.21,1.36,7,13.05,7.8,10.42,10.93,72.88,0.01,62.58,3.9,7.424250361,4.96,223.02
2022,8,16,15,1.23,2.48,3.27,167.5,313.23,25.62,0.72,3.67,12.68,7.7,10.19,10.86,74.06,0.03,62.55,3.55,6.757971482,4.52,225.42
2022,8,16,16,0.84,1.68,2.39,110.12,212.08,15.95,0.31,1.52,12.1,7.48,9.79,10.68,75.62,0.03,62.54,3.15,5.996509907,4.03,227.75
2022,8,16,17,0.42,0.83,1.38,54.02,103.02,7.51,0.07,0.35,11.1,7.36,9.23,10.56,79.94,0.03,62.53,2.64,5.025646398,3.43,231.01
2022,8,16,18,0.08,0.12,0.33,8.77,13.65,1.31,0.01,0.02,9.12,7.67,8.39,10.74,92.81,0.08,62.54,1.51,2.874517447,2.21,231.47
2022,8,16,19,0,0,0,0,0,0,0,0,7.91,7.84,7.88,10.86,100,0.07,62.57,0.79,1.503886612,1.45,229.16
2022,8,16,20,0,0,0,0,0,0,0,0,7.63,7.88,7.76,10.86,100,0.05,62.6,0.69,1.313521218,1.26,236.9
2022,8,16,21,0,0,0,0,0,0,0,0,7.62,7.74,7.68,10.74,100,0.05,62.62,0.63,1.199301981,1.1,247.97
2022,8,16,22,0,0,0,0,0,0,0,0,7.45,7.46,7.45,10.56,100,0.05,62.62,0.61,1.161228903,1.03,259.03
2022,8,16,23,0,0,0,0,0,0,0,0,7.25,7.18,7.21,10.38,100,0.04,62.61,0.58,1.104119284,0.96,278.39
2022,8,17,0,0,0,0,0,0,0,0,0,6.89,6.88,6.89,10.19,100,0.04,62.58,0.56,1.066046206,0.93,294.21
2022,8,17,1,0,0,0,0,0,0,0,0,6.65,6.54,6.59,10.01,100,0.03,62.54,0.6,1.142192363,1.02,312.83
2022,8,17,2,0,0,0,0,0,0,0,0,6.36,6.26,6.31,9.83,100,0.03,62.49,0.62,1.180265442,1.12,326.98
2022,8,17,3,0,0,0,0,0,0,0,0,6.09,6.01,6.05,9.64,100,0.03,62.45,0.66,1.2564116,1.22,336.56
2022,8,17,4,0,0,0,0,0,0,0,0,5.81,5.72,5.76,9.46,100,0.03,62.42,0.71,1.351594296,1.28,344.78
2022,8,17,5,0,0,0,0,0,0,0,0,5.69,5.37,5.53,9.22,100,0.03,62.44,0.67,1.275448139,1.15,5.48
2022,8,17,6,0.22,0.32,0.74,28.98,37.35,3.99,0.02,0.08,6.91,5.71,6.31,9.46,94.81,0.03,62.51,0.92,1.751361624,1.33,37.14
2022,8,17,7,0.64,1.1,1.78,83.23,137.33,12.12,0.16,0.8,9.48,6.01,7.75,9.64,81.25,0.03,62.55,0.47,0.894717351,0.56,29.45
2022,8,17,8,1.15,1.96,2.75,154.7,247.8,23.21,0.53,2.67,12.25,6.38,9.32,9.95,69.81,0.03,62.58,1.34,2.550896278,1.67,195.98
2022,8,17,9,1.56,2.68,3.57,212,339.45,32.2,0.96,5.05,13.46,7,10.23,10.44,67.5,0.05,62.61,2.53,4.816244465,3.15,197
2022,8,17,10,1.98,3.24,4.18,269.98,409.88,41.71,1.46,7.35,13.97,7.69,10.83,10.93,68.5,0.06,62.61,3.12,5.939400289,3.91,200.57
2022,8,17,11,2.29,3.56,4.54,317.45,450.77,49.03,1.84,9.38,13.76,8.07,10.91,11.17,71.06,0.09,62.59,3.44,6.548569549,4.34,203.79
2022,8,17,12,2.26,3.58,4.62,312.17,451.3,47.7,1.8,9.35,13.32,8.29,10.8,11.35,74.06,0.16,62.55,3.52,6.700861864,4.48,206.3
2022,8,17,13,2.06,3.4,4.42,287.5,429.9,43.89,1.61,8.1,12.8,8.48,10.64,11.47,77.38,0.21,62.5,3.4,6.472423392,4.34,208.36
2022,8,17,14,1.5,2.95,3.96,208.85,373.8,31.8,1.04,5.33,12.25,8.69,10.47,11.6,81.19,0.24,62.45,3.1,5.90132721,3.96,212.09
2022,8,17,15,1.28,2.32,3.26,177.62,293.7,26.94,0.73,3.8,11.84,8.85,10.35,11.72,84.06,0.25,62.42,2.88,5.482523344,3.68,219.23
2022,8,17,16,0.83,1.56,2.38,113.48,195.52,16.89,0.33,1.6,11.35,8.99,10.17,11.78,87.5,0.24,62.4,2.7,5.139865635,3.48,226.45
2022,8,17,17,0.38,0.75,1.37,51.23,91.5,7.58,0.07,0.35,10.77,9.2,9.99,11.96,92,0.23,62.39,2.39,4.549732914,3.15,231.14
2022,8,17,18,0.08,0.1,0.32,8.65,12.17,1.27,0.01,0.02,10.08,9.4,9.75,12.08,97.25,0.21,62.39,1.74,3.312357853,2.41,227.89
2022,8,17,19,0,0,0,0,0,0,0,0,9.47,9.45,9.46,12.08,100,0.16,62.42,1.01,1.922690478,1.65,219.25
2022,8,17,20,0,0,0,0,0,0,0,0,9.18,9.33,9.26,11.96,100,0.11,62.46,0.85,1.618105848,1.56,216.64
2022,8,17,21,0,0,0,0,0,0,0,0,8.9,9.12,9.01,11.78,100,0.08,62.49,0.76,1.446776993,1.51,219.77
2022,8,17,22,0,0,0,0,0,0,0,0,8.68,8.88,8.78,11.6,100,0.06,62.49,0.73,1.389667375,1.46,224.13
2022,8,17,23,0,0,0,0,0,0,0,0,8.48,8.64,8.56,11.41,100,0.05,62.46,0.71,1.351594296,1.37,227.55
2022,8,18,0,0,0,0,0,0,0,0,0,8.23,8.35,8.29,11.23,100,0.03,62.43,0.65,1.23737506,1.22,232.84
2022,8,18,1,0,0,0,0,0,0,0,0,7.94,8.05,7.99,11.05,100,0.02,62.39,0.54,1.027973127,1.11,239.11
2022,8,18,2,0,0,0,0,0,0,0,0,7.63,7.76,7.69,10.8,100,0.01,62.35,0.52,0.989900048,1.09,232.31
2022,8,18,3,0,0,0,0,0,0,0,0,7.36,7.51,7.44,10.68,100,0.01,62.35,0.58,1.104119284,1.18,212.01
2022,8,18,4,0,0,0,0,0,0,0,0,7.19,7.31,7.25,10.56,100,0,62.36,0.69,1.313521218,1.27,192.84
2022,8,18,5,0,0,0,0,0,0,0,0,7.02,7.06,7.04,10.38,100,0,62.37,0.82,1.56099623,1.44,188.44
2022,8,18,6,0.23,0.34,0.73,29.02,41.25,3.98,0.02,0.08,7.57,7.27,7.42,10.56,100,0,62.41,1.1,2.094019333,1.71,187.87
2022,8,18,7,0.93,1.13,1.78,117.92,143.17,15.52,0.2,0.98,8.12,7.24,7.68,10.5,97,0,62.48,1.98,3.769234799,2.58,195.8
2022,8,18,8,1.78,1.95,2.75,227.4,248.4,31.23,0.67,3.35,8.46,7.18,7.82,10.44,93.94,0,62.54,2.44,4.64491561,3.11,202.9
2022,8,18,9,2.37,2.67,3.56,307.73,339.48,44.05,1.27,6.52,9.33,6.98,8.15,10.25,87.12,0,62.57,2.25,4.283221362,2.82,211.53
2022,8,18,10,2.72,3.22,4.17,358.6,409.45,52.89,1.8,9.27,11.17,6.94,9.06,10.19,76.69,0.01,62.56,2.47,4.702025229,3.06,212.07
2022,8,18,11,2.89,3.54,4.53,384.5,449.45,57.74,2.14,11.1,13.04,7.19,10.11,10.38,68.94,0.03,62.52,3.29,6.263021458,4.11,210.12
2022,8,18,12,2.53,3.53,4.62,342.35,446.85,50.96,1.9,9.92,13.81,7.4,10.61,10.56,66.56,0.08,62.47,3.75,7.13870227,4.72,211.61
2022,8,18,13,2.02,3.31,4.42,275.52,418.52,41.27,1.47,7.52,13.85,7.55,10.7,10.68,67.19,0.14,62.42,3.78,7.195811888,4.77,212.96
2022,8,18,14,1.65,2.85,3.95,223.5,357.7,32.68,1.05,5.4,13.58,7.58,10.58,10.74,68.69,0.19,62.37,3.58,6.815081101,4.52,214.87
2022,8,18,15,1.29,2.22,3.25,175.23,277.98,25.76,0.69,3.55,13.15,7.52,10.33,10.68,70.5,0.26,62.34,3.31,6.301094537,4.2,215.38
2022,8,18,16,0.84,1.43,2.37,111.9,176.08,16.41,0.31,1.55,12.44,7.41,9.93,10.62,73.38,0.31,62.33,3.06,5.825181052,3.89,212.96
2022,8,18,17,0.25,0.63,1.35,32.8,75.67,4.8,0.04,0.2,11.26,7.38,9.32,10.62,79.19,0.36,62.35,2.64,5.025646398,3.43,208.55
2022,8,18,18,0.06,0.09,0.31,5.62,10.1,0.82,0,0,9.51,7.75,8.63,10.86,90.88,0.33,62.37,1.66,3.160065538,2.29,203.51
2022,8,18,19,0,0,0,0,0,0,0,0,8.33,7.9,8.12,10.99,99.5,0.33,62.4,0.77,1.465813533,1.26,199.56
2022,8,18,20,0,0,0,0,0,0,0,0,8.08,7.92,8,10.93,100,0.32,62.42,0.65,1.23737506,1,199.56
2022,8,18,21,0,0,0,0,0,0,0,0,7.95,7.78,7.87,10.86,100,0.31,62.45,0.6,1.142192363,0.91,197.97
2022,8,18,22,0,0,0,0,0,0,0,0,7.75,7.55,7.65,10.68,100,0.29,62.46,0.51,0.970863509,0.83,202
2022,8,18,23,0,0,0,0,0,0,0,0,7.48,7.19,7.33,10.44,100,0.31,62.47,0.54,1.027973127,0.91,220.12
2022,8,19,0,0,0,0,0,0,0,0,0,7.15,6.68,6.91,10.07,99.12,0.34,62.46,0.61,1.161228903,0.94,233.41
2022,8,19,1,0,0,0,0,0,0,0,0,6.94,6.35,6.65,9.83,98.31,0.32,62.43,0.61,1.161228903,0.89,228.91
2022,8,19,2,0,0,0,0,0,0,0,0,6.67,5.84,6.26,9.52,96.75,0.32,62.42,0.38,0.723388497,0.55,219.81
2022,8,19,3,0,0,0,0,0,0,0,0,6.58,5.35,5.97,9.16,93.94,0.3,62.39,0.15,0.285548091,0.23,348.31
2022,8,19,4,0,0,0,0,0,0,0,0,6.29,4.9,5.59,8.85,92.69,0.23,62.35,0.65,1.23737506,1.07,20.95
2022,8,19,5,0,0,0,0,0,0,0,0,6.09,4.4,5.24,8.54,90.56,0.14,62.32,0.88,1.675215466,1.49,27.77
2022,8,19,6,0.11,0.31,0.72,14.52,36.88,2.2,0.01,0.05,6.83,5.09,5.96,9.03,90.81,0.05,62.29,1.25,2.379567423,1.98,24.95
2022,8,19,7,0.47,1.08,1.77,61.85,133.77,9.25,0.12,0.62,9.27,5.28,7.27,9.16,77.94,0.03,62.26,1.47,2.79837129,1.94,24.81
2022,8,19,8,1.07,1.9,2.74,140.38,239.85,20.86,0.48,2.4,11.79,5.98,8.88,9.64,69.31,0.03,62.33,1.01,1.922690478,1.26,141.56
2022,8,19,9,1.65,2.63,3.56,220.08,333.25,32.88,0.98,5.2,13.29,6.97,10.13,10.31,67.5,0.03,62.37,2.15,4.092855968,2.73,190.54
2022,8,19,10,1.87,3.19,4.17,259.88,402.33,39.49,1.35,6.77,13.65,7.58,10.62,10.8,68.88,0.04,62.37,2.7,5.139865635,3.43,200.42
2022,8,19,11,2.02,3.51,4.53,281.65,442.95,42.94,1.58,7.95,12.96,8.05,10.51,11.11,74.12,0.09,62.39,3.49,6.643752246,4.5,199.03
2022,8,19,12,2.32,3.61,4.61,323.35,456.9,49.62,1.87,9.6,12.09,8.45,10.27,11.41,80.38,0.18,62.39,3.85,7.329067664,5.02,202.33
2022,8,19,13,2.12,3.42,4.41,292.15,434.62,44.89,1.62,8.23,11.66,8.88,10.27,11.72,84.88,0.24,62.37,4.17,7.938236924,5.46,204.15
2022,8,19,14,1.37,3,3.95,191.75,381.2,29.94,0.99,5.12,11.48,9.18,10.33,11.9,87.44,0.27,62.34,4.47,8.509333106,5.89,206.91
2022,8,19,15,1.2,2.35,3.24,159.33,297.62,23.7,0.65,3.33,11.12,9.24,10.18,11.9,89.62,0.29,62.33,4.66,8.871027354,6.18,209.55
2022,8,19,16,0.78,1.57,2.35,101.58,196.77,15.09,0.29,1.42,10.42,9.03,9.73,11.72,92.31,0.32,62.33,4.59,8.737771579,6.13,212.35
2022,8,19,17,0.32,0.74,1.34,42.05,90.15,6.11,0.05,0.27,9.58,8.57,9.08,11.35,94.62,0.37,62.35,4.21,8.014383082,5.68,215.02
2022,8,19,18,0.07,0.09,0.3,6.77,10.85,1.02,0,0.02,8.67,8.13,8.4,11.05,97.81,0.26,62.4,3.39,6.453386852,4.65,214.81
2022,8,19,19,0,0,0,0,0,0,0,0,7.84,7.46,7.65,10.56,99.31,0.34,62.47,2.77,5.27312141,3.84,205.42
2022,8,19,20,0,0,0,0,0,0,0,0,7.01,6.26,6.64,9.77,97.25,0.45,62.55,2.39,4.549732914,3.24,195.81
2022,8,19,21,0,0,0,0,0,0,0,0,6.38,5.48,5.93,9.22,96.19,0.66,62.59,1.59,3.026809763,2.16,180.62
2022,8,19,22,0,0,0,0,0,0,0,0,5.78,4.83,5.3,8.85,95.88,0.92,62.58,0.63,1.199301981,0.88,150.95
2022,8,19,23,0,0,0,0,0,0,0,0,5.34,4.56,4.95,8.67,96.75,1.11,62.54,0.15,0.285548091,0.13,276.71
2022,8,20,0,0,0,0,0,0,0,0,0,5.18,4.3,4.74,8.48,96.06,1.01,62.5,0.24,0.456876945,0.24,316.33
2022,8,20,1,0,0,0,0,0,0,0,0,5.07,4.14,4.61,8.42,95.69,0.64,62.46,0.13,0.247475012,0.27,15.26
2022,8,20,2,0,0,0,0,0,0,0,0,4.83,3.77,4.3,8.18,94.75,0.36,62.43,0.34,0.647242339,0.7,36.87
2022,8,20,3,0,0,0,0,0,0,0,0,4.53,3.07,3.8,7.81,92.12,0.19,62.39,0.52,0.989900048,0.87,43.18
2022,8,20,4,0,0,0,0,0,0,0,0,4.31,2.68,3.49,7.57,90.94,0.08,62.39,0.49,0.93279043,0.81,48.92
2022,8,20,5,0,0,0,0,0,0,0,0,3.9,2.27,3.08,7.32,90.94,0.04,62.4,0.61,1.161228903,0.97,45
2022,8,20,6,0.14,0.31,0.72,18.42,37.02,2.73,0.01,0.05,5.01,3.15,4.08,7.87,89.94,0.07,62.43,0.82,1.56099623,1.23,33.08
2022,8,20,7,0.59,1.07,1.76,78.4,133.08,11.52,0.16,0.77,7.88,3.95,5.92,8.3,78.12,0.15,62.47,0.45,0.856644272,0.52,89.13
2022,8,20,8,1.1,1.9,2.74,144.67,239.17,21.67,0.49,2.48,10.01,4.87,7.44,8.85,72,0.24,62.5,1.69,3.217175156,2.09,174.86
2022,8,20,9,1.88,2.62,3.56,249.3,331.27,36.89,1.09,5.83,11.65,5.69,8.67,9.4,68.69,0.24,62.51,2.52,4.797207926,3.17,179.01
2022,8,20,10,2.31,3.16,4.16,308.75,400.55,46.14,1.59,7.98,12.86,6.37,9.61,9.89,66.56,0.2,62.5,3.19,6.072656065,4.06,180.77
2022,8,20,11,2.62,3.47,4.52,351.5,439.23,52.05,1.92,9.88,13.33,6.97,10.15,10.31,67.31,0.17,62.48,3.87,7.367140743,4.95,182.17
2022,8,20,12,2.57,3.62,4.6,350.17,459.88,53.7,2.04,10.6,13.33,7.41,10.37,10.62,69.25,0.17,62.44,4.35,8.280894633,5.59,181.68
2022,8,20,13,2.27,3.45,4.4,311.23,436.42,47.88,1.75,8.9,13.08,7.6,10.34,10.8,71.38,0.19,62.41,4.67,8.890063894,6.03,181.19
2022,8,20,14,1.75,3.01,3.94,237.12,381.35,36.74,1.22,6.3,12.65,7.6,10.12,10.8,73.44,0.22,62.38,4.7,8.947173512,6.09,180.66
2022,8,20,15,1.41,2.32,3.23,185.62,292.52,27.47,0.74,3.83,12.19,7.46,9.82,10.68,75.06,0.21,62.35,4.4,8.37607733,5.72,179.92
2022,8,20,16,1,1.53,2.34,127.17,190.25,17.8,0.34,1.65,11.58,7.35,9.47,10.62,77.62,0.18,62.33,3.81,7.252921507,4.96,179.01
2022,8,20,17,0.43,0.72,1.32,53.95,87.85,7.4,0.06,0.33,10.56,7.35,8.96,10.68,83.12,0.14,62.32,2.98,5.672888737,3.92,177.72
2022,8,20,18,0.09,0.09,0.29,8.88,10.55,1.28,0.01,0.02,8.95,7.62,8.29,10.86,94.38,0.11,62.32,1.58,3.007773223,2.24,175
2022,8,20,19,0,0,0,0,0,0,0,0,7.94,7.75,7.84,10.93,100,0.11,62.33,0.8,1.522923151,1.32,163.5
2022,8,20,20,0,0,0,0,0,0,0,0,7.72,7.67,7.69,10.86,100,0.13,62.36,0.92,1.751361624,1.36,146.95
2022,8,20,21,0,0,0,0,0,0,0,0,7.44,7.51,7.48,10.74,100,0.19,62.39,1.01,1.922690478,1.44,148.72
2022,8,20,22,0,0,0,0,0,0,0,0,7.21,7.33,7.27,10.62,100,0.23,62.4,1,1.903653939,1.47,159.84
2022,8,20,23,0,0,0,0,0,0,0,0,6.95,7.16,7.05,10.5,100,0.25,62.4,0.98,1.86558086,1.48,164.43
2022,8,21,0,0,0,0,0,0,0,0,0,6.75,6.98,6.87,10.31,100,0.26,62.39,0.78,1.484850072,1.23,174.54
2022,8,21,1,0,0,0,0,0,0,0,0,6.58,6.83,6.71,10.25,100,0.25,62.37,0.71,1.351594296,1.17,188.83
2022,8,21,2,0,0,0,0,0,0,0,0,6.4,6.76,6.58,10.13,100,0.19,62.34,0.73,1.389667375,1.31,201.04
2022,8,21,3,0,0,0,0,0,0,0,0,6.26,6.74,6.51,10.13,100,0.11,62.32,0.76,1.446776993,1.42,210.37
2022,8,21,4,0,0,0,0,0,0,0,0,6.25,6.7,6.48,10.07,100,0.05,62.32,0.71,1.351594296,1.28,222.27
2022,8,21,5,0,0,0,0,0,0,0,0,6.28,6.57,6.42,10.01,100,0.02,62.33,0.55,1.047009666,0.91,231.95
2022,8,21,6,0.2,0.3,0.71,25.17,34.27,3.45,0.02,0.08,7.08,6.74,6.9,10.13,100,0,62.37,0.34,0.647242339,0.52,244.98
2022,8,21,7,0.77,1.06,1.76,93.58,128.02,12.52,0.16,0.8,8.88,6.94,7.91,10.38,90.69,0,62.41,0.86,1.637142387,1.06,194.44
2022,8,21,8,1.44,1.91,2.73,182.8,238.33,25.68,0.58,2.88,10.55,6.98,8.76,10.44,81.81,0,62.45,1.84,3.502723247,2.29,189.43
2022,8,21,9,2.1,2.66,3.55,272.1,333.08,39.24,1.16,6.02,11.88,7.03,9.46,10.44,75,0,62.47,2.6,4.949500241,3.27,191.01
2022,8,21,10,2.43,3.22,4.16,319.23,403.75,47.72,1.66,8.4,12.87,7.16,10.01,10.56,70.75,0.01,62.47,3.16,6.015546446,3.97,194.12
2022,8,21,11,2.66,3.55,4.52,353.85,444.75,53.06,1.98,10.3,13.55,7.53,10.54,10.8,69.25,0.02,62.45,3.65,6.948336876,4.63,197.7
2022,8,21,12,2.56,3.65,4.6,344.88,456.7,52.76,2.01,10.52,13.94,7.89,10.91,11.05,69,0.03,62.41,4.09,7.785944609,5.21,199.63
2022,8,21,13,2.44,3.44,4.4,324.6,430.85,48.8,1.78,9.2,13.87,8.19,11.03,11.23,70.44,0.04,62.36,4.43,8.433186949,5.68,200.88
2022,8,21,14,2.03,3.02,3.93,268.9,378.5,40.23,1.33,6.88,13.37,8.44,10.9,11.35,73.62,0.05,62.32,4.55,8.661625421,5.86,200.95
2022,8,21,15,1.46,2.36,3.22,194.12,296.48,28.44,0.77,3.95,12.58,8.5,10.55,11.35,77.5,0.05,62.29,4.55,8.661625421,5.89,199.76
2022,8,21,16,0.88,1.55,2.33,113.52,192.48,16.18,0.3,1.5,11.46,8.37,9.91,11.23,82.5,0.04,62.27,4.38,8.338004252,5.72,198.06
2022,8,21,17,0.48,0.72,1.31,60.27,88.02,7.99,0.07,0.33,10.02,7.99,9.01,10.93,88.5,0.04,62.27,3.86,7.348104203,5.09,196.6
2022,8,21,18,0.09,0.09,0.27,8.98,10.15,1.28,0.01,0.02,8.12,7.48,7.8,10.62,97.62,0.03,62.3,2.52,4.797207926,3.39,198.56
2022,8,21,19,0,0,0,0,0,0,0,0,7.76,7.33,7.55,10.56,99.31,0.03,62.33,1.81,3.445613629,2.51,203.13
2022,8,21,20,0,0,0,0,0,0,0,0,7.58,7.35,7.47,10.56,100,0.03,62.38,1.41,2.684152054,2.05,206.96
2022,8,21,21,0,0,0,0,0,0,0,0,7.02,7.02,7.02,10.31,100,0.02,62.41,1.08,2.055946254,1.65,214.59
2022,8,21,22,0,0,0,0,0,0,0,0,6.78,6.41,6.6,9.89,99.75,0.01,62.41,0.96,1.827507781,1.38,219.27
2022,8,21,23,0,0,0,0,0,0,0,0,6.54,6.01,6.27,9.58,98.62,0.01,62.4,0.79,1.503886612,1.11,223.85
2022,8,22,0,0,0,0,0,0,0,0,0,6.35,5.83,6.09,9.46,98.69,0.01,62.37,0.75,1.427740454,1.07,231.21
2022,8,22,1,0,0,0,0,0,0,0,0,6.03,5.56,5.8,9.34,99.06,0.01,62.35,0.48,0.913753891,0.72,232.51
2022,8,22,2,0,0,0,0,0,0,0,0,5.64,5.06,5.35,9.03,98.44,0,62.33,0.12,0.228438473,0.22,270
2022,8,22,3,0,0,0,0,0,0,0,0,5.08,4.42,4.75,8.61,98.06,0,62.31,0.35,0.666278879,0.55,15.61
2022,8,22,4,0,0,0,0,0,0,0,0,4.55,3.6,4.07,8.12,95.88,0,62.31,0.63,1.199301981,1,26.37
2022,8,22,5,0,0,0,0,0,0,0,0,4.34,2.76,3.55,7.63,91.38,0,62.32,0.76,1.446776993,1.2,32.56
2022,8,22,6,0.28,0.32,0.7,34.08,37.2,4.38,0.02,0.08,5.7,3.24,4.47,7.93,86.38,0,62.35,0.79,1.503886612,1.21,41.85
2022,8,22,7,1.04,1.1,1.75,125.9,134.9,15.71,0.19,0.95,8.98,3.43,6.2,8.12,70.44,0,62.38,0.57,1.085082745,0.69,150.82
2022,8,22,8,1.89,1.93,2.73,235.4,241.48,31.52,0.66,3.3,11.19,3.33,7.26,8,60.19,0,62.41,2.24,4.264184823,2.8,192.91
2022,8,22,9,2.47,2.66,3.55,313.65,333.38,44.16,1.27,6.48,12.55,4.01,8.28,8.42,57.75,0,62.44,3.02,5.749034895,3.79,195.18
2022,8,22,10,2.85,3.23,4.16,367.67,405.98,53.91,1.84,9.5,13.48,4.95,9.22,9.03,58.19,0,62.47,3.66,6.967373416,4.61,196.75
2022,8,22,11,2.88,3.54,4.51,383.42,447.02,57.15,2.11,11.02,13.91,5.99,9.95,9.7,60.88,0,62.46,4.07,7.747871531,5.14,198.79
2022,8,22,12,2.4,3.61,4.59,326.92,457.02,50.11,1.88,9.83,13.88,6.9,10.39,10.31,64.81,0,62.43,4.17,7.938236924,5.27,199.67
2022,8,22,13,2.23,3.41,4.39,305.62,432.8,46.38,1.69,8.58,13.6,7.48,10.54,10.74,68.62,0,62.39,4.14,7.881127306,5.23,199.81
2022,8,22,14,1.71,2.97,3.92,231.25,377.65,34.97,1.12,5.83,13.26,7.84,10.55,10.99,71.75,0,62.34,4.06,7.728834991,5.14,200.17
2022,8,22,15,1.3,2.33,3.21,176.35,295.65,26.21,0.7,3.6,12.83,7.93,10.38,11.05,74.12,0,62.32,3.94,7.500396519,5.03,201.02
2022,8,22,16,0.79,1.54,2.31,102.6,193.7,14.7,0.27,1.35,12,7.9,9.95,10.99,78.12,0,62.32,3.76,7.15773881,4.85,202.56
2022,8,22,17,0.42,0.72,1.29,52.33,88.3,6.91,0.05,0.27,10.61,8.08,9.34,11.11,86.44,0,62.34,3.3,6.282057998,4.3,204.56
2022,8,22,18,0.07,0.08,0.26,6.77,9.6,0.98,0,0.02,9.15,8.38,8.76,11.29,97.12,0.02,62.38,2.41,4.587805992,3.25,204.72
2022,8,22,19,0,0,0,0,0,0,0,0,8.82,8.61,8.71,11.47,100,0.02,62.43,1.75,3.331394393,2.47,200.73
2022,8,22,20,0,0,0,0,0,0,0,0,8.74,8.73,8.73,11.54,100,0.02,62.48,1.57,2.988736684,2.35,201.27
2022,8,22,21,0,0,0,0,0,0,0,0,8.59,8.75,8.67,11.54,100,0.02,62.51,1.41,2.684152054,2.23,206.03
2022,8,22,22,0,0,0,0,0,0,0,0,8.37,8.58,8.48,11.35,100,0.02,62.52,1.37,2.608005896,2.22,211.45
2022,8,22,23,0,0,0,0,0,0,0,0,8.12,8.35,8.23,11.23,100,0.02,62.51,1.41,2.684152054,2.27,215.61
2022,8,23,0,0,0,0,0,0,0,0,0,7.9,8.07,7.98,11.05,100,0.03,62.47,1.46,2.779334751,2.31,217.3
2022,8,23,1,0,0,0,0,0,0,0,0,7.56,7.7,7.63,10.8,100,0.03,62.45,1.53,2.912590526,2.34,216.45
2022,8,23,2,0,0,0,0,0,0,0,0,7.13,7.29,7.21,10.56,100,0.03,62.43,1.28,2.436677042,2.02,212.52
2022,8,23,3,0,0,0,0,0,0,0,0,7.01,7.09,7.05,10.44,100,0.04,62.42,1.03,1.960763557,1.72,209.58
2022,8,23,4,0,0,0,0,0,0,0,0,6.51,6.38,6.45,9.89,100,0.04,62.43,0.58,1.104119284,1.04,204.05
2022,8,23,5,0,0,0,0,0,0,0,0,6.42,5.85,6.13,9.52,98.69,0.03,62.45,0.19,0.361694248,0.28,123.69
2022,8,23,6,0.29,0.31,0.69,35.12,37.48,4.52,0.02,0.08,7.3,5.88,6.59,9.58,93.5,0.04,62.48,0.67,1.275448139,0.91,53.03
2022,8,23,7,0.89,1.08,1.75,109.7,134.52,14.11,0.18,0.88,9.44,6.12,7.77,9.7,82.19,0.03,62.52,0.72,1.370630836,0.85,100.59
2022,8,23,8,1.5,1.91,2.72,192.88,241.4,26.93,0.59,2.95,11.37,6.29,8.83,9.83,73.19,0.02,62.56,1.7,3.236211696,2.12,171.72
2022,8,23,9,1.98,2.63,3.54,261.02,333.75,37.87,1.12,5.9,12.51,6.69,9.6,10.13,69.94,0.03,62.59,2.63,5.006609859,3.28,183.55
2022,8,23,10,2.29,3.17,4.15,308.38,401.98,46.36,1.6,8.05,13.13,7.12,10.12,10.44,69.12,0.04,62.6,3.17,6.034582986,3.99,189.02
2022,8,23,11,2.2,3.48,4.51,305.25,441.15,46.73,1.73,8.77,13.33,7.51,10.42,10.68,69.81,0.07,62.59,3.65,6.948336876,4.63,192.47
2022,8,23,12,1.86,3.66,4.59,267.83,466.67,42.97,1.62,8.3,13.05,7.84,10.44,10.93,72.81,0.1,62.57,3.92,7.46232344,5.01,195.27
2022,8,23,13,1.12,3.44,4.38,170.75,439.77,28.31,1,5,12.28,8.14,10.21,11.17,77.88,0.14,62.53,3.96,7.538469597,5.09,198.35
2022,8,23,14,0.81,3,3.91,119.92,384.55,19.77,0.64,3.3,11.54,8.42,9.98,11.35,83.12,0.18,62.5,3.84,7.310031125,4.96,199.2
2022,8,23,15,0.44,2.36,3.2,63.73,302.73,10.41,0.28,1.42,10.86,8.56,9.71,11.41,87.56,0.22,62.48,3.67,6.986409955,4.77,195.77
2022,8,23,16,0.28,1.57,2.3,37.4,201.35,6.03,0.11,0.55,9.89,8.51,9.2,11.35,93,0.28,62.49,3.3,6.282057998,4.32,188.1
2022,8,23,17,0.15,0.72,1.28,19.42,90.4,3.16,0.03,0.12,9.03,8.21,8.62,11.17,96.88,0.35,62.5,2.74,5.216011792,3.62,180
2022,8,23,18,0.06,0.08,0.25,5.67,9.3,0.85,0,0.02,8.4,8.03,8.22,11.05,100,0.35,62.53,2.02,3.845380956,2.75,177.4
2022,8,23,19,0,0,0,0,0,0,0,0,7.92,7.8,7.86,10.86,100,0.41,62.59,1.39,2.646078975,2,180.45
2022,8,23,20,0,0,0,0,0,0,0,0,7.44,7.39,7.41,10.56,100,0.4,62.66,1.08,2.055946254,1.66,193.06
2022,8,23,21,0,0,0,0,0,0,0,0,7.04,7,7.01,10.31,100,0.32,62.71,0.91,1.732325084,1.43,213
2022,8,23,22,0,0,0,0,0,0,0,0,6.74,6.64,6.69,10.01,100,0.21,62.73,0.79,1.503886612,1.23,218.55
2022,8,23,23,0,0,0,0,0,0,0,0,6.51,6.37,6.44,9.83,100,0.13,62.72,0.66,1.2564116,1.03,214.78
2022,8,24,0,0,0,0,0,0,0,0,0,6.35,6.19,6.26,9.7,100,0.07,62.69,0.48,0.913753891,0.72,212.14
2022,8,24,1,0,0,0,0,0,0,0,0,6.24,6,6.12,9.58,100,0.04,62.66,0.13,0.247475012,0.19,214.99
2022,8,24,2,0,0,0,0,0,0,0,0,6.02,5.68,5.85,9.34,100,0.03,62.65,0.27,0.513986563,0.42,34.29
2022,8,24,3,0,0,0,0,0,0,0,0,5.73,5.32,5.53,9.09,99.38,0.02,62.64,0.55,1.047009666,0.93,36.49
2022,8,24,4,0,0,0,0,0,0,0,0,5.31,4.82,5.07,8.79,98.62,0.02,62.64,0.72,1.370630836,1.27,37.22
2022,8,24,5,0,0,0,0,0,0,0,0,5.08,4.28,4.69,8.42,96.31,0.01,62.66,0.83,1.580032769,1.48,37.9
2022,8,24,6,0.23,0.29,0.68,29.58,35.23,4.07,0.02,0.08,6.51,5,5.76,8.91,92.25,0.04,62.69,1.03,1.960763557,1.63,39.35
2022,8,24,7,0.93,1.08,1.74,116.48,135.02,15.09,0.19,0.92,9.84,5.49,7.67,9.22,76.12,0.02,62.7,0.96,1.827507781,1.2,56.73
2022,8,24,8,1.83,1.92,2.72,232.98,243.95,31.75,0.68,3.35,12.33,5.67,9,9.34,65.44,0.02,62.69,0.89,1.694252005,1.1,178.78
2022,8,24,9,2.48,2.65,3.54,321.7,337.7,46.02,1.33,6.83,13.51,6.21,9.86,9.77,63.25,0.01,62.7,1.97,3.750198259,2.52,194.73
2022,8,24,10,2.45,3.2,4.15,325.9,407.33,49.37,1.7,8.73,13.65,6.9,10.28,10.25,65.81,0.01,62.71,2.91,5.539632962,3.71,193.39
2022,8,24,11,2.55,3.54,4.5,348.62,449.83,53.76,2.02,10.33,12.98,7.25,10.12,10.5,70.25,0.01,62.7,3.15,5.996509907,4.02,195.79
2022,8,24,12,2.42,3.64,4.58,338.17,461.95,53.12,2.03,10.5,12.67,7.58,10.13,10.74,73.25,0.03,62.68,3.19,6.072656065,4.07,198.71
2022,8,24,13,2.18,3.43,4.37,300.2,435,47.09,1.72,8.8,12.87,7.99,10.43,10.99,74.06,0.05,62.64,3.37,6.415313773,4.27,200.79
2022,8,24,14,1.69,2.98,3.9,235.67,378.02,36.92,1.23,6.38,12.95,8.13,10.55,11.05,74.12,0.07,62.59,3.54,6.738934943,4.51,199.85
2022,8,24,15,0.94,2.33,3.19,136.33,294.58,22.26,0.62,3.15,12.41,8.19,10.3,11.11,77,0.09,62.56,3.51,6.681825325,4.49,199.19
2022,8,24,16,0.59,1.5,2.29,83.6,188.4,13.2,0.25,1.23,11.4,8.19,9.8,11.11,82.19,0.09,62.55,3.18,6.053619525,4.12,198.02
2022,8,24,17,0.28,0.69,1.26,37.05,84.23,5.45,0.05,0.23,10.15,8.25,9.19,11.11,89.62,0.09,62.55,2.47,4.702025229,3.23,196.99
2022,8,24,18,0.07,0.07,0.24,6.35,8.38,0.95,0,0.02,9.03,8.35,8.69,11.17,97.25,0.07,62.58,1.51,2.874517447,2.07,196.66
2022,8,24,19,0,0,0,0,0,0,0,0,8.54,8.32,8.43,11.17,100,0.08,62.61,1.07,2.036909714,1.61,194.64
2022,8,24,20,0,0,0,0,0,0,0,0,8.28,8.24,8.26,11.11,100,0.1,62.64,0.85,1.618105848,1.37,189.19
2022,8,24,21,0,0,0,0,0,0,0,0,7.98,8.05,8.01,10.93,100,0.1,62.67,0.67,1.275448139,1.16,181.93
2022,8,24,22,0,0,0,0,0,0,0,0,7.71,7.84,7.78,10.8,100,0.11,62.67,0.55,1.047009666,0.99,181.35
2022,8,24,23,0,0,0,0,0,0,0,0,7.49,7.6,7.55,10.62,100,0.11,62.65,0.41,0.780498115,0.74,183.61
2022,8,25,0,0,0,0,0,0,0,0,0,7.33,7.26,7.29,10.38,100,0.09,62.61,0.29,0.552059642,0.48,178.12
2022,8,25,1,0,0,0,0,0,0,0,0,7.3,6.97,7.13,10.19,99.81,0.07,62.59,0.18,0.342657709,0.22,145.18
2022,8,25,2,0,0,0,0,0,0,0,0,7.16,6.66,6.91,10.01,98.81,0.06,62.57,0.19,0.361694248,0.28,65.56
2022,8,25,3,0,0,0,0,0,0,0,0,7.01,6.4,6.7,9.83,98.06,0.06,62.56,0.33,0.6282058,0.5,59.81
2022,8,25,4,0,0,0,0,0,0,0,0,6.8,6.15,6.48,9.7,97.88,0.07,62.56,0.42,0.799534654,0.65,69.61
2022,8,25,5,0,0,0,0,0,0,0,0,6.37,5.85,6.11,9.46,98.88,0.06,62.57,0.53,1.008936588,0.9,69.68
2022,8,25,6,0.25,0.31,0.67,30.62,35.73,4.09,0.02,0.08,7.07,6.09,6.58,9.7,96.12,0.07,62.59,0.83,1.580032769,1.21,69.23
2022,8,25,7,0.75,1.1,1.73,95.02,134.9,13.03,0.17,0.85,8.6,6.39,7.49,9.89,88.81,0.06,62.62,1.02,1.941727017,1.28,85.79
2022,8,25,8,1.46,1.96,2.71,188.25,246.7,26.88,0.6,3.02,10.01,6.4,8.2,10.01,81.44,0.05,62.64,0.96,1.827507781,1.17,135.54
2022,8,25,9,2.05,2.7,3.53,269.15,339.4,39.92,1.2,6.25,11.11,6.47,8.79,10.13,76.5,0.04,62.67,1.29,2.455713581,1.57,166.79
2022,8,25,10,2.54,3.26,4.14,336.52,410.2,51.14,1.79,9.23,12.01,6.42,9.22,10.13,72.06,0.03,62.68,1.6,3.045846302,1.97,186.62
2022,8,25,11,2.63,3.56,4.5,350.67,447.98,54.34,2.06,10.62,12.62,6.58,9.6,10.25,70.12,0.02,62.66,1.92,3.655015562,2.38,204.38
2022,8,25,12,2.66,3.58,4.57,361.45,449.08,54.69,2.09,10.88,13.02,6.93,9.98,10.5,69.81,0.01,62.63,2.3,4.378404059,2.86,215.34
2022,8,25,13,2.18,3.38,4.36,290.15,421.58,44.72,1.63,8.35,13.67,7.34,10.51,10.74,68.75,0.01,62.59,2.66,5.063719477,3.31,221.17
2022,8,25,14,1.91,2.89,3.89,255.92,360.4,38.73,1.27,6.65,13.82,7.59,10.7,10.93,69.19,0.02,62.54,2.92,5.558669501,3.66,221.28
2022,8,25,15,1.28,2.23,3.17,173.35,276.1,26.12,0.71,3.65,13.42,7.81,10.62,11.11,71.94,0.03,62.51,2.96,5.634815659,3.74,217.01
2022,8,25,16,0.74,1.46,2.27,97.3,178.6,14.67,0.28,1.38,12.51,7.92,10.22,11.17,76.62,0.03,62.5,2.81,5.349267568,3.58,213.34
2022,8,25,17,0.47,0.63,1.24,55.67,73.77,7.47,0.06,0.3,11.28,7.98,9.62,11.17,83.19,0.02,62.51,2.43,4.625879071,3.16,211.77
2022,8,25,18,0.07,0.06,0.23,6.65,7.15,0.96,0.01,0.02,9.4,8.37,8.88,11.35,96.06,0.09,62.53,1.4,2.665115514,2.07,210.63
2022,8,25,19,0,0,0,0,0,0,0,0,8.59,8.69,8.64,11.54,100,0.13,62.57,0.85,1.618105848,1.46,210.81
2022,8,25,20,0,0,0,0,0,0,0,0,8.6,8.74,8.67,11.54,100,0.14,62.6,0.98,1.86558086,1.63,211.25
2022,8,25,21,0,0,0,0,0,0,0,0,8.39,8.55,8.48,11.41,100,0.13,62.62,0.88,1.675215466,1.53,214.58
2022,8,25,22,0,0,0,0,0,0,0,0,8.16,8.39,8.27,11.23,100,0.11,62.61,0.81,1.54195969,1.44,215.94
2022,8,25,23,0,0,0,0,0,0,0,0,7.92,8.13,8.02,11.05,100,0.1,62.59,0.72,1.370630836,1.41,221.63
2022,8,26,0,0,0,0,0,0,0,0,0,7.76,7.93,7.84,10.93,100,0.09,62.55,0.7,1.332557757,1.34,234.27
2022,8,26,1,0,0,0,0,0,0,0,0,7.63,7.73,7.69,10.8,100,0.07,62.51,0.65,1.23737506,1.22,252.14
2022,8,26,2,0,0,0,0,0,0,0,0,7.51,7.49,7.5,10.62,100,0.07,62.48,0.63,1.199301981,1.12,272.4
2022,8,26,3,0,0,0,0,0,0,0,0,7.48,7.3,7.38,10.5,100,0.07,62.45,0.55,1.047009666,0.96,294.48
2022,8,26,4,0,0,0,0,0,0,0,0,7.26,6.99,7.13,10.31,100,0.07,62.45,0.53,1.008936588,0.93,336.67
2022,8,26,5,0,0,0,0,0,0,0,0,6.81,6.56,6.69,10.01,100,0.08,62.46,0.68,1.294484678,1.2,12.77
2022,8,26,6,0.15,0.27,0.66,20.1,32.33,2.8,0.01,0.05,7.59,6.7,7.15,10.07,96.5,0.06,62.48,0.89,1.694252005,1.36,31.41
2022,8,26,7,0.59,1.05,1.73,77.02,130.83,11.35,0.16,0.75,9.96,6.84,8.4,10.19,83.25,0.05,62.51,1.01,1.922690478,1.27,52.78
2022,8,26,8,1.12,1.88,2.71,152.2,239.02,23.03,0.53,2.65,12.1,6.87,9.48,10.25,72.75,0.06,62.53,0.86,1.637142387,1.05,152.48
2022,8,26,9,1.51,2.64,3.53,211.48,337.08,33.09,1,5.33,13.45,7.22,10.33,10.56,68.31,0.1,62.55,2,3.807307877,2.5,186.64
2022,8,26,10,2.26,3.19,4.14,309,407.62,47.5,1.67,8.48,14.3,7.88,11.08,11.05,67.56,0.13,62.57,2.96,5.634815659,3.71,198.02
2022,8,26,11,2.06,3.52,4.49,293.05,448.2,46.32,1.75,8.88,14.53,8.43,11.48,11.41,68.94,0.15,62.55,3.6,6.853154179,4.57,205.64
2022,8,26,12,1.94,3.51,4.57,277.8,443.73,43.33,1.63,8.33,14.54,8.76,11.65,11.66,70.31,0.16,62.52,4.01,7.633652294,5.12,211.26
2022,8,26,13,1.73,3.3,4.36,246.48,416.48,38.42,1.39,6.98,14.31,9,11.65,11.84,72.38,0.17,62.48,4.22,8.033419621,5.43,215.15
2022,8,26,14,1.39,2.83,3.88,198.05,356.73,30.51,1,5.23,13.6,9.17,11.39,11.96,76.5,0.17,62.45,4.16,7.919200385,5.39,217.4
2022,8,26,15,0.99,2.1,3.16,137.27,261.02,20.71,0.55,2.85,12.76,9.24,11,11.96,80.88,0.14,62.42,3.94,7.500396519,5.14,220.25
2022,8,26,16,0.62,1.3,2.26,82.85,159.65,12.19,0.23,1.1,11.76,9.25,10.5,11.96,86.19,0.12,62.41,3.49,6.643752246,4.58,223.41
2022,8,26,17,0.28,0.53,1.23,35.27,63.48,5.05,0.04,0.2,10.78,9.26,10.01,11.9,91.81,0.12,62.42,2.89,5.501559883,3.83,225.41
2022,8,26,18,0.06,0.05,0.21,5.75,6.1,0.83,0,0.02,9.81,9.28,9.55,11.9,97.88,0.21,62.43,2.03,3.864417496,2.8,222.96
2022,8,26,19,0,0,0,0,0,0,0,0,9.39,9.23,9.31,11.84,100,0.22,62.46,1.31,2.49378666,1.96,218.7
2022,8,26,20,0,0,0,0,0,0,0,0,9.12,9.15,9.14,11.78,100,0.21,62.49,1,1.903653939,1.67,215.69
2022,8,26,21,0,0,0,0,0,0,0,0,8.74,8.93,8.83,11.6,100,0.19,62.51,0.83,1.580032769,1.56,213.13
2022,8,26,22,0,0,0,0,0,0,0,0,8.39,8.66,8.52,11.41,100,0.16,62.52,0.85,1.618105848,1.62,213.77
2022,8,26,23,0,0,0,0,0,0,0,0,8.18,8.46,8.32,11.23,100,0.13,62.51,0.87,1.656178927,1.64,217.64
2022,8,27,0,0,0,0,0,0,0,0,0,7.99,8.26,8.12,11.11,100,0.11,62.48,0.88,1.675215466,1.64,225.77
2022,8,27,1,0,0,0,0,0,0,0,0,7.76,8.05,7.91,10.99,100,0.11,62.43,0.85,1.618105848,1.57,233.93
2022,8,27,2,0,0,0,0,0,0,0,0,7.49,7.81,7.65,10.8,100,0.13,62.38,0.86,1.637142387,1.62,243.93
2022,8,27,3,0,0,0,0,0,0,0,0,7.31,7.59,7.45,10.68,100,0.11,62.35,0.83,1.580032769,1.5,243.7
2022,8,27,4,0,0,0,0,0,0,0,0,7.17,7.37,7.27,10.5,100,0.06,62.37,0.67,1.275448139,1.22,237.53
2022,8,27,5,0,0,0,0,0,0,0,0,7.03,7.07,7.05,10.31,100,0.04,62.39,0.51,0.970863509,0.9,249.03
2022,8,27,6,0.12,0.24,0.66,16.85,28.55,2.52,0.01,0.05,7.69,7.15,7.42,10.38,98.5,0.03,62.41,0.65,1.23737506,0.91,269.51
2022,8,27,7,0.46,0.95,1.72,59.88,118.35,8.85,0.12,0.58,9.26,7.54,8.4,10.62,90.81,0.03,62.44,1.51,2.874517447,1.9,256.19
2022,8,27,8,0.86,1.77,2.7,119.35,223.95,18.16,0.41,2.05,10.84,8.07,9.46,11.05,84.62,0.04,62.48,2.81,5.349267568,3.6,246.16
2022,8,27,9,1.34,2.51,3.52,190.95,320.12,29.27,0.88,4.65,11.94,8.15,10.05,11.17,79.56,0.06,62.53,3.25,6.186875301,4.14,241.74
2022,8,27,10,1.62,3.07,4.13,233.08,393.15,36.26,1.24,6.3,12.65,8.23,10.44,11.23,76.75,0.07,62.54,3.43,6.52953301,4.39,235.66
2022,8,27,11,1.88,3.41,4.48,270.35,436.12,42.28,1.56,7.85,12.78,8.32,10.55,11.35,76.81,0.1,62.5,3.63,6.910263798,4.69,230.21
2022,8,27,12,1.67,3.6,4.56,253.3,463.85,42.02,1.59,8.05,12.75,8.43,10.58,11.47,77.5,0.15,62.45,3.85,7.329067664,5,227.47
2022,8,27,13,1.61,3.39,4.35,241.05,436.58,39.28,1.39,6.98,12.59,8.45,10.52,11.47,78.31,0.2,62.4,3.96,7.538469597,5.17,226.84
2022,8,27,14,1.42,2.93,3.87,208.12,377.42,33.85,1.12,5.85,12.17,8.51,10.34,11.47,80.62,0.24,62.35,3.92,7.46232344,5.14,225.49
2022,8,27,15,1.09,2.25,3.15,156.9,289.55,25.11,0.68,3.5,11.77,8.46,10.12,11.41,82.19,0.26,62.32,3.76,7.15773881,4.96,224.11
2022,8,27,16,0.63,1.41,2.24,89.1,178.7,14.19,0.27,1.33,11.12,8.43,9.77,11.35,85.44,0.28,62.31,3.42,6.51049647,4.54,222.21
2022,8,27,17,0.21,0.56,1.21,28.05,68.15,4.34,0.03,0.17,10.31,8.53,9.42,11.41,90.44,0.3,62.33,2.96,5.634815659,3.98,218.38
2022,8,27,18,0.04,0.05,0.2,3.77,5.92,0.57,0,0,9.12,8.58,8.85,11.41,97.94,0.45,62.35,2.02,3.845380956,2.89,214.21
2022,8,27,19,0,0,0,0,0,0,0,0,8.48,8.5,8.49,11.29,100,0.54,62.38,1.72,3.274284775,2.55,208.53
2022,8,27,20,0,0,0,0,0,0,0,0,8.18,8.3,8.24,11.11,100,0.65,62.45,1.84,3.502723247,2.77,210.91
2022,8,27,21,0,0,0,0,0,0,0,0,7.84,7.94,7.89,10.86,100,0.75,62.53,1.74,3.312357853,2.63,216.53
2022,8,27,22,0,0,0,0,0,0,0,0,7.27,7.35,7.31,10.44,100,0.81,62.55,1.4,2.665115514,2.17,225.58
2022,8,27,23,0,0,0,0,0,0,0,0,6.55,6.57,6.56,9.89,100,0.8,62.54,1.07,2.036909714,1.71,232.03
2022,8,28,0,0,0,0,0,0,0,0,0,6.04,5.94,5.99,9.46,100,0.68,62.53,0.75,1.427740454,1.2,238.27
2022,8,28,1,0,0,0,0,0,0,0,0,5.69,5.47,5.58,9.16,100,0.62,62.51,0.43,0.818571194,0.66,252.85
2022,8,28,2,0,0,0,0,0,0,0,0,5.19,4.8,5,8.73,98.81,0.56,62.48,0.2,0.380730788,0.38,328.63
2022,8,28,3,0,0,0,0,0,0,0,0,4.94,3.89,4.41,8.18,94.25,0.43,62.45,0.28,0.533023103,0.45,353
2022,8,28,4,0,0,0,0,0,0,0,0,5.01,3.24,4.12,7.81,89.5,0.27,62.43,0.21,0.399767327,0.25,343.81
2022,8,28,5,0,0,0,0,0,0,0,0,4.92,2.82,3.87,7.57,87.44,0.17,62.45,0.12,0.228438473,0.08,66.04
2022,8,28,6,0.05,0.25,0.65,6.45,29.6,1.02,0,0.02,6.05,3.65,4.85,8.12,86.19,0.66,62.49,0.28,0.533023103,0.38,153.43
2022,8,28,7,0.27,0.98,1.72,36.05,121.45,5.64,0.08,0.38,8.28,4.82,6.55,8.79,80.38,0.74,62.55,1.17,2.227275108,1.46,205.05
2022,8,28,8,0.53,1.82,2.7,76.83,229.4,12.42,0.28,1.42,9.6,6.32,7.96,9.77,81.81,0.53,62.6,2.53,4.816244465,3.18,219.82
2022,8,28,9,0.81,2.56,3.52,119.8,324.65,19.46,0.58,3,10.48,7.49,8.99,10.62,83.62,0.32,62.62,3.3,6.282057998,4.17,221.88
2022,8,28,10,0.95,3.11,4.13,147.5,395.4,24.3,0.85,4.35,11.48,8.3,9.88,11.17,82.62,0.33,62.61,4.01,7.633652294,5.12,219.25
2022,8,28,11,1.27,3.42,4.48,188.95,435.65,30.31,1.09,5.48,12.2,8.82,10.51,11.6,81.44,0.55,62.59,4.71,8.966210051,6.1,217.5
2022,8,28,12,1.05,3.44,4.55,159.92,438.73,25.82,0.93,4.7,12.41,9.06,10.74,11.78,81.56,0.82,62.56,5.13,9.765744706,6.68,216.59
2022,8,28,13,1.39,3.17,4.34,199.3,404.08,30.8,1.06,5.35,12.17,9.07,10.62,11.78,82.88,1.1,62.53,5.31,10.10840241,6.98,216.25
2022,8,28,14,1.12,2.66,3.86,164.9,337.05,25.34,0.79,4.12,11.54,8.94,10.24,11.66,85.62,1.32,62.51,5.24,9.975146639,6.93,216.47
2022,8,28,15,1.19,1.97,3.14,160.92,248.1,23.55,0.6,3.1,10.81,8.77,9.79,11.54,88.81,1.39,62.49,4.86,9.251758142,6.45,217.22
2022,8,28,16,0.74,1.22,2.23,98.3,151.38,14.12,0.25,1.23,10.15,8.62,9.38,11.41,91.88,1.35,62.49,4.29,8.166675397,5.73,218.07
2022,8,28,17,0.34,0.49,1.19,44.33,59.62,6.23,0.05,0.23,9.52,8.53,9.03,11.35,95.31,1.31,62.5,3.54,6.738934943,4.79,217.84
2022,8,28,18,0.05,0.05,0.19,4.15,5.45,0.62,0,0.02,8.9,8.53,8.72,11.35,99.5,0.88,62.52,2.5,4.759134847,3.48,215.97
2022,8,28,19,0,0,0,0,0,0,0,0,8.59,8.51,8.55,11.35,100,0.66,62.55,1.92,3.655015562,2.8,214.44
2022,8,28,20,0,0,0,0,0,0,0,0,8.44,8.48,8.46,11.29,100,0.47,62.61,1.81,3.445613629,2.71,218.45
2022,8,28,21,0,0,0,0,0,0,0,0,8.15,8.3,8.23,11.17,100,0.38,62.66,1.56,2.969700144,2.42,222.51
2022,8,28,22,0,0,0,0,0,0,0,0,7.92,8.04,7.98,10.99,100,0.29,62.69,1.44,2.741261672,2.23,225.85
2022,8,28,23,0,0,0,0,0,0,0,0,7.73,7.8,7.76,10.8,100,0.18,62.69,1.31,2.49378666,2.04,229.35
2022,8,29,0,0,0,0,0,0,0,0,0,7.55,7.56,7.55,10.62,100,0.12,62.67,1.02,1.941727017,1.65,229.6
2022,8,29,1,0,0,0,0,0,0,0,0,7.33,7.29,7.3,10.44,100,0.1,62.63,0.73,1.389667375,1.32,229.55
2022,8,29,2,0,0,0,0,0,0,0,0,6.92,6.9,6.9,10.19,100,0.05,62.6,0.52,0.989900048,1.11,233.62
2022,8,29,3,0,0,0,0,0,0,0,0,6.48,6.44,6.46,9.83,100,0.03,62.58,0.42,0.799534654,0.9,240.75
2022,8,29,4,0,0,0,0,0,0,0,0,6.3,6.17,6.23,9.64,100,0.02,62.58,0.41,0.780498115,0.78,255.4
2022,8,29,5,0,0,0,0,0,0,0,0,6.19,5.94,6.06,9.52,100,0.02,62.61,0.41,0.780498115,0.73,268.77
2022,8,29,6,0.2,0.22,0.64,25.75,26.77,3.62,0.02,0.08,6.81,6.08,6.44,9.58,97.31,0,62.66,0.6,1.142192363,0.82,279.28
2022,8,29,7,0.73,0.9,1.71,93.08,111.67,13.05,0.17,0.85,8.6,6.43,7.51,9.89,88.44,0,62.71,1.38,2.627042435,1.7,263.92
2022,8,29,8,1.23,1.71,2.69,162.6,215.2,23.59,0.54,2.73,10.66,6.93,8.8,10.19,79.75,0,62.75,2.34,4.454550217,2.93,246.78
2022,8,29,9,1.57,2.41,3.51,210.77,302.5,30.31,0.91,4.8,12.04,7.24,9.64,10.44,74.38,0,62.78,2.89,5.501559883,3.65,239.27
2022,8,29,10,2.07,2.97,4.12,279.02,375.95,40.94,1.41,7.15,13.07,7.67,10.37,10.74,71.62,0.01,62.78,3.45,6.567606089,4.39,231.36
2022,8,29,11,2.22,3.31,4.47,299.48,418.67,44.71,1.66,8.58,13.42,7.94,10.68,10.93,71.25,0.01,62.77,4.06,7.728834991,5.22,225.55
2022,8,29,12,2.16,3.54,4.54,304.55,452.45,47.97,1.85,9.5,13.26,8.15,10.71,11.05,72.81,0.02,62.74,4.56,8.680661961,5.93,222.44
2022,8,29,13,1.69,3.31,4.33,238.08,422.83,37.42,1.38,7,12.82,8.32,10.57,11.17,75.56,0.03,62.71,4.8,9.137538906,6.28,221.17
2022,8,29,14,1.49,2.85,3.84,210.65,364.33,32.92,1.09,5.7,12.3,8.43,10.37,11.23,78.56,0.03,62.68,4.89,9.30886776,6.4,220.79
2022,8,29,15,1.08,2.18,3.12,150.2,277.67,23.23,0.62,3.23,11.58,8.4,9.99,11.17,82.06,0.04,62.66,4.68,8.909100433,6.15,220.67
2022,8,29,16,0.65,1.37,2.21,88.98,172.4,13.53,0.25,1.25,10.69,8.28,9.48,11.11,86.31,0.05,62.66,4.24,8.0714927,5.6,220.98
2022,8,29,17,0.26,0.55,1.17,33.15,67.33,4.84,0.04,0.2,9.64,8.17,8.9,10.99,91.94,0.05,62.67,3.53,6.719898404,4.71,221.23
2022,8,29,18,0.04,0.05,0.18,3.98,5.6,0.61,0,0,8.8,8.14,8.48,10.99,97.12,0.11,62.7,2.6,4.949500241,3.55,219.72
2022,8,29,19,0,0,0,0,0,0,0,0,8.48,8.12,8.3,10.99,99.19,0.1,62.75,1.93,3.674052102,2.72,216.34
2022,8,29,20,0,0,0,0,0,0,0,0,8.16,7.94,8.05,10.86,100,0.06,62.8,1.55,2.950663605,2.27,212.76
2022,8,29,21,0,0,0,0,0,0,0,0,7.66,7.56,7.62,10.62,100,0.04,62.84,1.32,2.512823199,2.02,207.16
2022,8,29,22,0,0,0,0,0,0,0,0,7.51,7.33,7.42,10.44,100,0.03,62.83,1.25,2.379567423,1.85,210.8
2022,8,29,23,0,0,0,0,0,0,0,0,7.38,7.19,7.29,10.38,100,0.03,62.8,1.17,2.227275108,1.76,214.33
2022,8,30,0,0,0,0,0,0,0,0,0,7.32,7.19,7.25,10.38,100,0.03,62.75,1.08,2.055946254,1.69,215.23
2022,8,30,1,0,0,0,0,0,0,0,0,7.19,7.15,7.18,10.31,100,0.03,62.71,1.04,1.979800096,1.65,221.16
2022,8,30,2,0,0,0,0,0,0,0,0,7.12,7.18,7.15,10.31,100,0.03,62.67,0.88,1.675215466,1.48,228.84
2022,8,30,3,0,0,0,0,0,0,0,0,6.82,7.1,6.96,10.31,100,0.02,62.63,0.68,1.294484678,1.36,231.08
2022,8,30,4,0,0,0,0,0,0,0,0,6.76,7.08,6.92,10.25,100,0.01,62.62,0.62,1.180265442,1.19,230.87
2022,8,30,5,0,0,0,0,0,0,0,0,6.84,7.05,6.95,10.25,100,0.01,62.64,0.45,0.856644272,0.81,221.5
2022,8,30,6,0.08,0.23,0.63,10.83,28.05,1.59,0.01,0.02,7.41,7.24,7.33,10.38,100,0.01,62.67,0.28,0.533023103,0.54,217.37
2022,8,30,7,0.38,0.95,1.7,52.2,118.83,7.8,0.1,0.52,9.15,7.65,8.4,10.74,92.56,0.01,62.71,0.82,1.56099623,1.04,242.28
2022,8,30,8,0.73,1.76,2.68,100.88,222.62,15.84,0.37,1.83,11.05,7.78,9.41,10.8,82.38,0.01,62.75,1.6,3.045846302,1.99,248.16
2022,8,30,9,1.07,2.49,3.51,153.12,317.65,24.18,0.72,3.8,12.76,7.85,10.3,10.86,74.06,0.01,62.78,2.52,4.797207926,3.19,239.23
2022,8,30,10,1.39,3.02,4.11,203.02,384.48,31.95,1.09,5.55,13.77,8.13,10.95,11.11,70.69,0.02,62.78,3.34,6.358204155,4.26,233.72
2022,8,30,11,1.63,3.36,4.47,237.35,428.17,37.33,1.37,6.88,14.23,8.4,11.32,11.35,70.06,0.04,62.76,3.99,7.595579215,5.15,232.96
2022,8,30,12,1.83,3.41,4.54,264.42,432.42,41.2,1.55,7.8,13.9,8.55,11.23,11.47,72.31,0.06,62.72,4.4,8.37607733,5.73,232.58
2022,8,30,13,1.72,3.18,4.32,243.83,402.12,37.94,1.36,6.85,13.47,8.73,11.1,11.6,75.06,0.07,62.67,4.59,8.737771579,6.01,232.65
2022,8,30,14,1.48,2.71,3.83,208.25,341.3,31.71,1.03,5.42,12.94,8.8,10.87,11.6,77.94,0.09,62.62,4.58,8.718735039,6.03,233.06
2022,8,30,15,1.01,2.03,3.11,138.27,253.9,20.98,0.55,2.85,12.13,8.76,10.44,11.6,81.75,0.09,62.59,4.38,8.338004252,5.8,234.49
2022,8,30,16,0.57,1.23,2.2,75.52,150.42,11.12,0.2,1,11.23,8.74,9.98,11.54,86.5,0.09,62.57,3.92,7.46232344,5.21,236.12
2022,8,30,17,0.24,0.48,1.16,29.85,57.3,4.34,0.03,0.15,10.33,8.78,9.55,11.54,91.81,0.09,62.57,3.35,6.377240695,4.53,235.32
2022,8,30,18,0.04,0.04,0.17,3.65,4.67,0.55,0,0,9.47,8.86,9.16,11.6,97.5,0.13,62.59,2.38,4.530696374,3.32,227.1
2022,8,30,19,0,0,0,0,0,0,0,0,9.13,8.83,8.98,11.54,99.56,0.1,62.65,1.71,3.255248235,2.44,215.62
2022,8,30,20,0,0,0,0,0,0,0,0,8.92,8.69,8.8,11.41,100,0.08,62.7,1.62,3.083919381,2.35,215.54
2022,8,30,21,0,0,0,0,0,0,0,0,8.62,8.49,8.55,11.29,100,0.06,62.73,1.58,3.007773223,2.36,218.54
2022,8,30,22,0,0,0,0,0,0,0,0,8.3,8.23,8.26,11.05,100,0.06,62.72,1.51,2.874517447,2.29,220.43
2022,8,30,23,0,0,0,0,0,0,0,0,8.03,7.98,8.01,10.93,100,0.06,62.69,1.5,2.855480908,2.31,222.94
2022,8,31,0,0,0,0,0,0,0,0,0,7.81,7.83,7.83,10.8,100,0.06,62.64,1.54,2.931627066,2.38,225.66
2022,8,31,1,0,0,0,0,0,0,0,0,7.46,7.62,7.54,10.68,100,0.06,62.6,1.35,2.569932817,2.21,227.58
2022,8,31,2,0,0,0,0,0,0,0,0,7.22,7.44,7.33,10.56,100,0.06,62.59,1.24,2.360530884,2.14,222.93
2022,8,31,3,0,0,0,0,0,0,0,0,6.86,7.28,7.07,10.44,100,0.05,62.58,1.29,2.455713581,2.24,212.75
2022,8,31,4,0,0,0,0,0,0,0,0,6.46,6.68,6.57,10.01,100,0.06,62.57,1.28,2.436677042,2.18,211.24
2022,8,31,5,0,0,0,0,0,0,0,0,6.2,6.28,6.24,9.77,100,0.08,62.57,0.92,1.751361624,1.61,210.68
2022,8,31,6,0.06,0.23,0.62,8.42,27.45,1.3,0.01,0.02,6.55,6.19,6.37,9.7,99.75,0.2,62.6,0.84,1.599069309,1.25,219.67
2022,8,31,7,0.43,0.95,1.7,58.73,117.98,8.59,0.12,0.58,7.51,6.19,6.85,9.7,93.44,0.15,62.62,1.18,2.246311648,1.49,267.89
2022,8,31,8,0.79,1.77,2.68,110.95,223.55,17.23,0.41,2.02,8.62,6.74,7.68,10.07,90.12,0.09,62.65,1.86,3.540796326,2.35,271.91
2022,8,31,9,1.1,2.49,3.5,160.95,317.52,25.47,0.78,4.17,9.96,7.54,8.75,10.62,86.94,0.07,62.67,2.58,4.911427162,3.3,261.16
2022,8,31,10,1.48,3.05,4.11,216.12,388.42,34.06,1.22,6.17,11.31,7.96,9.64,10.99,82,0.09,62.68,2.97,5.653852198,3.81,252.57
2022,8,31,11,1.39,3.38,4.46,210.58,430.1,34.09,1.27,6.4,12.14,8.23,10.19,11.23,79.25,0.15,62.66,3.32,6.320131077,4.29,243.3
2022,8,31,12,1.2,3.59,4.53,187.33,459.98,32.24,1.27,6.35,12.26,8.44,10.36,11.41,79.69,0.22,62.62,3.73,7.100629191,4.87,236.59
2022,8,31,13,1.23,3.38,4.31,184.9,432.92,30.99,1.13,5.73,12.01,8.65,10.33,11.54,82.19,0.24,62.57,4.02,7.652688834,5.3,233.27
2022,8,31,14,0.85,2.92,3.82,133.38,374.3,22.74,0.75,3.92,11.67,8.8,10.23,11.66,84.81,0.24,62.51,4.16,7.919200385,5.55,232.95
2022,8,31,15,1.19,2.25,3.1,167.17,288.95,26.53,0.72,3.73,11.25,8.93,10.09,11.72,87.62,0.21,62.47,4,7.614615755,5.39,234.14
2022,8,31,16,0.52,1.44,2.18,74.5,184.65,12.11,0.23,1.15,10.76,9.12,9.94,11.84,91.38,0.17,62.45,3.42,6.51049647,4.62,235.05
2022,8,31,17,0.24,0.62,1.14,30.2,77.65,4.16,0.03,0.15,10.22,9.21,9.71,11.9,95,0.13,62.46,2.58,4.911427162,3.52,233.31
2022,8,31,18,0.05,0.05,0.16,4.42,5.6,0.68,0,0.02,9.56,9.22,9.39,11.9,99.31,0.17,62.49,1.44,2.741261672,2.09,225.3
2022,8,31,19,0,0,0,0,0,0,0,0,9.14,9.06,9.1,11.78,100,0.14,62.52,1.09,2.074982793,1.73,218.94
2022,8,31,20,0,0,0,0,0,0,0,0,8.93,8.94,8.94,11.66,100,0.15,62.56,1.25,2.379567423,1.98,218.27
2022,8,31,21,0,0,0,0,0,0,0,0,8.73,8.81,8.76,11.54,100,0.2,62.58,1.71,3.255248235,2.62,221.49
2022,8,31,22,0,0,0,0,0,0,0,0,8.4,8.58,8.48,11.35,100,0.28,62.61,1.9,3.616942484,2.94,229.1
2022,8,31,23,0,0,0,0,0,0,0,0,7.99,8.11,8.05,11.05,100,0.3,62.61,1.85,3.521759787,2.87,240.29
2022,9,1,0,0,0,0,0,0,0,0,0,7.54,7.6,7.57,10.68,100,0.28,62.58,1.34,2.550896278,2.16,249.47
2022,9,1,1,0,0,0,0,0,0,0,0,7.04,7.03,7.03,10.31,100,0.27,62.55,1.07,2.036909714,1.83,257.68
2022,9,1,2,0,0,0,0,0,0,0,0,6.52,6.51,6.51,9.95,100,0.27,62.53,0.89,1.694252005,1.58,257.69
2022,9,1,3,0,0,0,0,0,0,0,0,6.04,6.01,6.02,9.64,100,0.31,62.53,0.65,1.23737506,1.29,249.48
2022,9,1,4,0,0,0,0,0,0,0,0,6.03,5.76,5.89,9.46,100,0.31,62.53,0.38,0.723388497,0.76,225.42
2022,9,1,5,0.02,0,0,0.02,0.05,0.01,0,0,5.97,5.5,5.73,9.34,99.94,0.27,62.53,0.35,0.666278879,0.61,152.45
2022,9,1,6,0.05,0.24,0.61,6.23,29.95,1.05,0,0.02,6.17,5.69,5.93,9.46,100,0.24,62.58,0.56,1.066046206,0.9,165.48
2022,9,1,7,0.28,0.97,1.69,38.1,125.3,6.47,0.09,0.42,6.94,6,6.47,9.7,97.12,0.21,62.68,1.4,2.665115514,1.86,219.37
2022,9,1,8,0.57,1.75,2.67,82.83,228.6,14.02,0.31,1.55,7.71,6.52,7.12,10.01,95.31,0.23,62.77,2.05,3.902490574,2.69,228.3
2022,9,1,9,0.88,2.44,3.5,127.42,318.4,20.37,0.59,3.12,8.41,6.88,7.65,10.19,92.62,0.3,62.81,2.29,4.35936752,2.96,223.72
2022,9,1,10,1.07,3.02,4.1,162.15,386.77,27.45,0.91,4.67,8.6,6.97,7.79,10.25,91.88,0.37,62.79,2.08,3.959600193,2.63,234.32
2022,9,1,11,1.34,3.38,4.45,199.85,427.8,33.7,1.27,6.38,9.44,7.23,8.33,10.44,88.31,0.5,62.75,2.32,4.416477138,2.92,242.75
2022,9,1,12,1.25,3.41,4.52,188.7,431.75,31.85,1.2,6.02,10.7,7.84,9.27,10.86,84.44,0.65,62.67,2.94,5.59674258,3.75,236.74
2022,9,1,13,1.16,3.19,4.3,171.98,403.42,29.14,1.03,5.23,11.57,8.44,10.01,11.29,82.81,0.73,62.6,3.62,6.891227258,4.68,230.22
2022,9,1,14,1.1,2.73,3.81,161.05,344.95,26.79,0.86,4.55,11.43,8.56,9.99,11.41,84.19,0.78,62.55,4.02,7.652688834,5.28,228.3
2022,9,1,15,0.79,2.04,3.08,111.35,255.83,18.45,0.49,2.55,10.69,8.62,9.65,11.41,88.62,0.77,62.53,3.84,7.310031125,5.1,226.62
2022,9,1,16,0.59,1.19,2.16,72.27,143.42,9.54,0.16,0.8,9.93,8.68,9.3,11.41,93.44,0.7,62.52,3.34,6.358204155,4.47,225.5
2022,9,1,17,0.22,0.48,1.12,26.2,58.08,3.91,0.03,0.15,9.31,8.63,8.98,11.41,96.94,0.58,62.54,2.79,5.311194489,3.79,226.84
2022,9,1,18,0.04,0.04,0.15,3.45,4.3,0.53,0,0,8.73,8.53,8.62,11.29,100,0.39,62.59,1.8,3.42657709,2.61,227.91
2022,9,1,19,0,0,0,0,0,0,0,0,8.27,8.3,8.29,11.11,100,0.43,62.64,1.3,2.47475012,2.09,231.07
2022,9,1,20,0,0,0,0,0,0,0,0,7.91,8.04,7.98,10.93,100,0.46,62.7,1.06,2.017873175,1.87,230.26
2022,9,1,21,0,0,0,0,0,0,0,0,7.68,7.84,7.76,10.8,100,0.49,62.73,1.13,2.151128951,2.02,223.27
2022,9,1,22,0,0,0,0,0,0,0,0,7.51,7.73,7.62,10.74,100,0.54,62.73,1.32,2.512823199,2.29,216.24
2022,9,1,23,0,0,0,0,0,0,0,0,7.43,7.72,7.57,10.74,100,0.59,62.71,1.5,2.855480908,2.53,213.15
2022,9,2,0,0,0,0,0,0,0,0,0,7.35,7.79,7.57,10.74,100,0.61,62.67,1.52,2.893553987,2.55,212.77
2022,9,2,1,0,0,0,0,0,0,0,0,7.15,7.63,7.39,10.62,100,0.52,62.64,1.62,3.083919381,2.68,213.46
2022,9,2,2,0,0,0,0,0,0,0,0,6.77,7.14,6.95,10.25,100,0.4,62.62,1.59,3.026809763,2.61,214.02
2022,9,2,3,0,0,0,0,0,0,0,0,6.29,6.63,6.46,9.89,100,0.32,62.61,1.34,2.550896278,2.31,216.21
2022,9,2,4,0,0,0,0,0,0,0,0,5.98,6.29,6.13,9.7,100,0.29,62.61,1.02,1.941727017,1.92,221.36
2022,9,2,5,0,0,0,0,0,0,0,0,5.87,6.11,5.99,9.58,100,0.26,62.62,0.84,1.599069309,1.65,226.92
2022,9,2,6,0.1,0.23,0.61,13.4,27.73,2.2,0.01,0.02,6.55,6.33,6.44,9.7,100,0.05,62.66,1.01,1.922690478,1.58,233.02
2022,9,2,7,0.5,0.96,1.68,65.77,118.33,10.34,0.13,0.65,7.9,7.08,7.49,10.25,96.38,0.03,62.7,1.92,3.655015562,2.52,237.15
2022,9,2,8,0.86,1.74,2.67,117.08,217.5,18.73,0.42,2.1,9.4,7.87,8.63,10.86,92.06,0.03,62.73,2.98,5.672888737,3.89,236.21
2022,9,2,9,1.13,2.43,3.49,158.2,303.92,25.73,0.75,3.95,11.01,8.32,9.66,11.23,85.5,0.03,62.76,3.51,6.681825325,4.56,234.13
2022,9,2,10,1.37,2.96,4.1,194.4,371.7,31.62,1.07,5.45,12.47,8.69,10.58,11.54,79.81,0.04,62.76,4.09,7.785944609,5.32,232.22
2022,9,2,11,1.48,3.27,4.45,215.17,410.83,35.1,1.27,6.35,13.21,8.91,11.06,11.72,77.19,0.07,62.73,4.6,8.756808118,6,229.97
2022,9,2,12,1.47,3.28,4.51,210.35,410.38,33.48,1.21,6.05,13.31,9.05,11.18,11.84,77.31,0.11,62.69,4.93,9.385013918,6.45,228.63
2022,9,2,13,1.57,3.08,4.29,221.25,386.92,35.33,1.21,6.1,13.15,9.09,11.12,11.84,78.31,0.15,62.64,5.08,9.670562009,6.68,227.7
2022,9,2,14,1.15,2.6,3.8,164.8,325.5,26.54,0.81,4.3,12.62,9.08,10.85,11.84,81,0.19,62.6,5,9.518269694,6.61,227.49
2022,9,2,15,0.87,1.96,3.07,120.2,243.55,19.25,0.48,2.48,11.77,9.11,10.44,11.84,85.5,0.22,62.57,4.69,8.928136973,6.23,227.49
2022,9,2,16,0.53,1.2,2.15,72.4,147.25,11.46,0.2,0.98,10.89,9.13,10.01,11.78,90.44,0.25,62.56,4.19,7.976310003,5.62,227.76
2022,9,2,17,0.24,0.47,1.1,30.15,55.62,4.66,0.03,0.15,10.05,9.07,9.55,11.72,95.19,0.26,62.56,3.52,6.700861864,4.79,226.39
2022,9,2,18,0.03,0.03,0.14,2.98,3.9,0.46,0,0,9.32,8.99,9.15,11.66,99.31,0.23,62.58,2.49,4.740098307,3.51,220.39
2022,9,2,19,0,0,0,0,0,0,0,0,8.99,8.83,8.91,11.54,100,0.17,62.6,2.17,4.130929047,3.12,215.32
2022,9,2,20,0,0,0,0,0,0,0,0,8.65,8.55,8.61,11.35,100,0.1,62.64,2.22,4.226111744,3.21,216.09
2022,9,2,21,0,0,0,0,0,0,0,0,7.68,7.44,7.56,10.56,100,0.09,62.67,2.19,4.169002126,3.07,222.53
2022,9,2,22,0,0,0,0,0,0,0,0,7.1,6.8,6.95,10.13,100,0.1,62.66,1.6,3.045846302,2.38,224.34
2022,9,2,23,0,0,0,0,0,0,0,0,6.65,6.53,6.59,9.89,100,0.06,62.64,1.42,2.703188593,2.25,222.18
2022,9,3,0,0,0,0,0,0,0,0,0,6.44,6.23,6.33,9.7,100,0.03,62.61,1.4,2.665115514,2.11,221.85
2022,9,3,1,0,0,0,0,0,0,0,0,6.42,6.05,6.24,9.58,99.69,0.01,62.56,1.33,2.531859738,1.93,226.15
2022,9,3,2,0,0,0,0,0,0,0,0,6.37,5.92,6.14,9.52,99,0.02,62.51,0.99,1.884617399,1.4,237.11
2022,9,3,3,0,0,0,0,0,0,0,0,6.41,5.78,6.09,9.4,97.69,0.02,62.47,0.56,1.066046206,0.81,251.92
2022,9,3,4,0,0,0,0,0,0,0,0,6.44,5.61,6.02,9.34,96.38,0.01,62.43,0.41,0.780498115,0.68,268.03
2022,9,3,5,0,0,0,0,0,0,0,0,6.42,5.48,5.95,9.22,95.69,0.01,62.42,0.28,0.533023103,0.57,273.92
2022,9,3,6,0.09,0.23,0.6,12.38,27.6,1.93,0.01,0.02,6.99,5.79,6.39,9.46,94.12,0.01,62.43,0.3,0.571096182,0.48,257.77
2022,9,3,7,0.52,0.96,1.68,68.12,119.05,10.61,0.13,0.65,8.75,6.48,7.61,9.95,87.88,0.01,62.47,1.21,2.303421266,1.53,246.45
2022,9,3,8,0.94,1.75,2.66,126.1,219.05,19.95,0.44,2.2,10.72,6.88,8.8,10.25,79.5,0.01,62.52,2.34,4.454550217,2.96,239.5
2022,9,3,9,1.28,2.41,3.49,175.02,301.65,27.73,0.8,4.15,12.23,7.36,9.79,10.62,74.62,0.02,62.53,3.06,5.825181052,3.88,234.17
2022,9,3,10,1.57,2.94,4.09,218,368.3,34.64,1.16,5.9,13.2,7.99,10.59,11.11,73.12,0.03,62.52,3.62,6.891227258,4.61,230.16
2022,9,3,11,1.6,3.25,4.44,226.67,407.52,36.66,1.3,6.5,13.76,8.55,11.15,11.54,73.12,0.04,62.48,4.2,7.995346543,5.38,227.41
2022,9,3,12,1.65,3.58,4.5,241.33,456.45,41.75,1.54,7.7,13.86,8.89,11.37,11.78,74.19,0.06,62.44,4.68,8.909100433,6.03,226.42
2022,9,3,13,1.46,3.33,4.28,210.25,424.65,36.06,1.25,6.27,13.7,9.05,11.37,11.9,75.5,0.07,62.39,5.02,9.556342772,6.5,226.46
2022,9,3,14,1.29,2.85,3.79,184.38,362.1,30.85,0.95,5,13.15,8.98,11.06,11.78,77.62,0.08,62.34,5.18,9.860927403,6.76,226.92
2022,9,3,15,0.97,2.15,3.05,134.4,272.38,22.02,0.55,2.83,12.33,8.7,10.52,11.6,80.31,0.08,62.31,5.14,9.784781245,6.73,227.07
2022,9,3,16,0.62,1.33,2.13,82.3,166.27,13.26,0.23,1.1,11.26,8.32,9.79,11.29,84,0.07,62.31,4.74,9.02331967,6.24,226.27
2022,9,3,17,0.3,0.52,1.08,37.5,62.88,5.82,0.04,0.17,9.95,8.13,9.04,11.11,90.44,0.06,62.31,4.03,7.671725373,5.37,222.64
2022,9,3,18,0.04,0.03,0.13,3.4,3.9,0.5,0,0,8.66,8.19,8.42,11.11,98.75,0.25,62.33,2.9,5.520596422,4,215.86
2022,9,3,19,0,0,0,0,0,0,0,0,8.42,8.23,8.33,11.17,100,0.22,62.36,2.51,4.778171386,3.52,209.98
2022,9,3,20,0,0,0,0,0,0,0,0,8.33,8.25,8.29,11.17,100,0.22,62.4,2.52,4.797207926,3.6,211.69
2022,9,3,21,0,0,0,0,0,0,0,0,8.15,8.15,8.15,11.11,100,0.2,62.43,2.59,4.930463701,3.74,217.01
2022,9,3,22,0,0,0,0,0,0,0,0,7.57,7.55,7.56,10.62,100,0.19,62.45,2.23,4.245148283,3.26,219.26
2022,9,3,23,0,0,0,0,0,0,0,0,6.79,6.76,6.77,10.07,100,0.18,62.45,1.58,3.007773223,2.41,219.35
2022,9,4,0,0,0,0,0,0,0,0,0,6.28,6.21,6.24,9.7,100,0.17,62.44,1.26,2.398603963,1.99,217.01
2022,9,4,1,0,0,0,0,0,0,0,0,5.87,5.74,5.8,9.46,100,0.15,62.41,1.24,2.360530884,1.85,218.66
2022,9,4,2,0,0,0,0,0,0,0,0,5.44,5.39,5.41,9.22,100,0.12,62.38,0.9,1.713288545,1.4,219.56
2022,9,4,3,0,0,0,0,0,0,0,0,5.1,5.09,5.1,9.09,100,0.08,62.37,0.58,1.104119284,0.98,221.78
2022,9,4,4,0,0,0,0,0,0,0,0,4.72,4.68,4.69,8.85,100,0.05,62.36,0.16,0.30458463,0.42,214.29
2022,9,4,5,0,0,0,0,0,0,0,0,4.23,4.16,4.2,8.48,100,0.03,62.37,0.09,0.171328854,0.07,122.01
2022,9,4,6,0.09,0.24,0.59,12.35,28.67,1.98,0.01,0.02,4.98,4.1,4.54,8.48,97.12,0.14,62.4,0.12,0.228438473,0.18,107.65
2022,9,4,7,0.44,1.01,1.67,58.83,125.88,9.48,0.12,0.6,7.62,4.63,6.12,8.79,84.06,0.11,62.45,0.93,1.770398163,1.14,211.84
2022,9,4,8,0.97,1.82,2.66,129.52,229.27,20.8,0.46,2.3,9.72,4.76,7.24,8.91,74,0.07,62.49,2.37,4.511659835,2.97,216.99
2022,9,4,9,1.49,2.51,3.48,198.7,315.2,31.25,0.9,4.75,11.3,4.77,8.04,8.97,66.88,0.02,62.52,3.26,6.20591184,4.11,220.68
2022,9,4,10,1.37,3,4.09,194.45,373.58,31.95,1.07,5.45,12.44,4.98,8.71,9.22,63.62,0.04,62.53,3.96,7.538469597,5.03,222.54
2022,9,4,11,1.75,3.3,4.43,235.65,410.9,36.91,1.31,6.7,13.01,5.71,9.36,9.7,64.69,0.08,62.52,4.43,8.433186949,5.64,222.36
2022,9,4,12,1.72,3.38,4.5,240.02,422.7,40.62,1.5,7.48,13.2,6.47,9.83,10.19,67.12,0.19,62.49,4.65,8.851990815,5.91,222.16
2022,9,4,13,1.53,3.02,4.27,201.67,371.6,30.8,1.05,5.35,13.08,7,10.05,10.56,69.69,0.25,62.45,4.66,8.871027354,5.93,222.28
2022,9,4,14,1.2,2.55,3.77,162.48,311.88,25.8,0.8,4.2,12.64,7.33,9.98,10.74,73,0.35,62.4,4.56,8.680661961,5.8,222.54
2022,9,4,15,0.79,1.86,3.04,103.62,224.38,16.1,0.4,2.05,11.86,7.44,9.65,10.74,77.12,0.38,62.38,4.26,8.109565779,5.44,222.21
2022,9,4,16,0.51,1.13,2.11,64.65,133.3,10.12,0.17,0.85,10.72,7.37,9.05,10.68,82.62,0.34,62.37,3.83,7.290994585,4.91,222.16
2022,9,4,17,0.23,0.44,1.06,26.77,50.62,3.95,0.02,0.12,9.27,7.14,8.21,10.5,89.5,0.32,62.39,3.21,6.110729143,4.18,222.19
2022,9,4,18,0.03,0.03,0.12,1.98,3.12,0.32,0,0,7.25,6.98,7.12,10.38,100,0.32,62.42,1.78,3.388504011,2.61,218.31
2022,9,4,19,0,0,0,0,0,0,0,0,7.02,6.94,6.98,10.38,100,0.28,62.48,1.43,2.722225132,2.14,215.78
2022,9,4,20,0,0,0,0,0,0,0,0,6.14,6.23,6.19,9.89,100,0.18,62.53,0.81,1.54195969,1.36,220.35
2022,9,4,21,0,0,0,0,0,0,0,0,5.63,5.53,5.58,9.4,100,0.13,62.56,0.54,1.027973127,0.88,225
2022,9,4,22,0,0,0,0,0,0,0,0,4.84,4.64,4.74,8.85,100,0.13,62.56,0.21,0.399767327,0.39,238.84
2022,9,4,23,0,0,0,0,0,0,0,0,4.13,3.86,4,8.36,100,0.14,62.54,0.1,0.190365394,0.14,303.69
2022,9,5,0,0,0,0,0,0,0,0,0,3.7,2.84,3.27,7.81,98,0.13,62.51,0.16,0.30458463,0.21,347.01
2022,9,5,1,0,0,0,0,0,0,0,0,3.51,1.94,2.73,7.32,93.44,0.1,62.49,0.13,0.247475012,0.17,329.93
2022,9,5,2,0,0,0,0,0,0,0,0,3.44,1.3,2.37,7.02,89.62,0.08,62.46,0.11,0.209401933,0.15,332.1
2022,9,5,3,0,0,0,0,0,0,0,0,3.65,0.81,2.23,6.77,85.19,0.05,62.45,0.12,0.228438473,0.14,70.56
2022,9,5,4,0,0,0,0,0,0,0,0,3.64,0.39,2.01,6.53,82.5,0.03,62.46,0.22,0.418803867,0.31,92.86
2022,9,5,5,0,0,0,0,0,0,0,0,3.63,-0.01,1.81,6.35,80.06,0.02,62.47,0.32,0.60916926,0.45,90
2022,9,5,6,0.13,0.22,0.58,16.83,26.17,2.56,0.01,0.02,4.32,0.39,2.36,6.53,78.69,0.01,62.49,0.39,0.742425036,0.56,93.97
2022,9,5,7,0.59,0.96,1.67,76.02,118,11.52,0.13,0.65,6.94,1.78,4.36,7.2,72.38,0,62.54,0.77,1.465813533,0.95,189
2022,9,5,8,1.04,1.77,2.65,139.4,221.15,22.05,0.47,2.35,9.08,3.08,6.08,7.87,68.25,0,62.59,2.34,4.454550217,2.97,214.49
2022,9,5,9,1.64,2.47,3.48,218.77,309.08,34.62,0.97,5,10.56,4.35,7.46,8.54,67.12,0,62.63,3.11,5.920363749,3.93,219.83
2022,9,5,10,2.19,3,4.08,286.77,377.12,45.98,1.5,7.8,11.56,5.48,8.52,9.22,67.81,0,62.64,3.73,7.100629191,4.72,222.11
2022,9,5,11,1.87,3.18,4.43,249.7,394.45,39.12,1.37,6.85,12.12,6.45,9.29,9.89,70,0.01,62.62,4.1,7.804981149,5.2,222.63
2022,9,5,12,2.07,3.4,4.49,287.62,428.35,46.31,1.67,8.35,12.47,7.18,9.82,10.44,72.06,0.01,62.58,4.36,8.299931173,5.54,222.89
2022,9,5,13,1.75,3.09,4.26,236.2,385.98,36.51,1.23,6.2,12.37,7.55,9.97,10.74,74.44,0.02,62.52,4.5,8.566442724,5.75,223.68
2022,9,5,14,1.44,2.68,3.76,196.9,336.17,31.3,0.95,4.95,12.01,7.65,9.83,10.8,76.75,0.04,62.47,4.45,8.471260027,5.7,225
2022,9,5,15,1.01,2.01,3.02,136.48,250.08,21.55,0.52,2.62,11.42,7.45,9.44,10.68,78.94,0.05,62.44,4.11,7.824017688,5.27,226.26
2022,9,5,16,0.63,1.23,2.1,82.27,150.73,12.5,0.2,0.98,10.61,7.15,8.88,10.5,81.81,0.05,62.43,3.65,6.948336876,4.71,227.55
2022,9,5,17,0.23,0.47,1.05,27.65,56.23,4.09,0.02,0.12,9.37,6.95,8.16,10.38,87.81,0.05,62.44,2.95,5.615779119,3.87,227.45
2022,9,5,18,0.02,0.03,0.11,1.7,3.08,0.28,0,0,7.4,6.99,7.19,10.38,100,0.87,62.47,1.34,2.550896278,2.12,221.56
2022,9,5,19,0,0,0,0,0,0,0,0,7.13,7.21,7.17,10.44,100,0.75,62.51,0.94,1.789434702,1.6,217.26
2022,9,5,20,0,0,0,0,0,0,0,0,7.09,7.13,7.11,10.38,100,0.51,62.57,0.95,1.808471242,1.58,219.19
2022,9,5,21,0,0,0,0,0,0,0,0,6.73,6.84,6.79,10.19,100,0.36,62.6,0.85,1.618105848,1.44,225.22
2022,9,5,22,0,0,0,0,0,0,0,0,6.28,6.42,6.35,9.95,100,0.29,62.6,0.71,1.351594296,1.22,230.19
2022,9,5,23,0,0,0,0,0,0,0,0,5.72,5.87,5.8,9.64,100,0.25,62.59,0.59,1.123155824,1.06,231.6
2022,9,6,0,0,0,0,0,0,0,0,0,5.3,5.53,5.41,9.4,100,0.19,62.57,0.56,1.066046206,0.99,228.86
2022,9,6,1,0,0,0,0,0,0,0,0,4.96,5.2,5.08,9.22,100,0.11,62.55,0.58,1.104119284,0.99,230.77
2022,9,6,2,0,0,0,0,0,0,0,0,4.74,4.98,4.86,9.09,100,0.17,62.52,0.57,1.085082745,0.93,234.57
2022,9,6,3,0,0,0,0,0,0,0,0,4.55,4.78,4.67,8.97,100,0.2,62.51,0.56,1.066046206,0.9,227.83
2022,9,6,4,0,0,0,0,0,0,0,0,4.42,4.67,4.55,8.91,100,0.09,62.52,0.57,1.085082745,0.93,220.55
2022,9,6,5,0,0,0,0,0,0,0,0,4.37,4.61,4.49,8.85,100,0.02,62.55,0.59,1.123155824,0.99,215.33
2022,9,6,6,0.14,0.23,0.58,17.3,26.73,2.63,0.01,0.05,5.26,4.98,5.12,9.03,100,0.05,62.6,0.67,1.275448139,1.05,214.99
2022,9,6,7,0.58,0.97,1.66,74.35,119.42,11.28,0.14,0.67,7.43,5.69,6.56,9.46,91.81,0,62.67,1.52,2.893553987,1.91,223.17
2022,9,6,8,1.01,1.77,2.65,135.33,221.1,21.07,0.46,2.27,9.48,5.58,7.52,9.4,79.44,0,62.72,2.33,4.435513677,2.92,228.9
2022,9,6,9,1.46,2.46,3.47,197.5,308.25,30.72,0.88,4.58,11.2,5.67,8.44,9.52,71.69,0.02,62.75,3.03,5.768071434,3.82,231.82
2022,9,6,10,1.77,2.96,4.07,239.38,371.75,37.15,1.21,6.23,12.31,6,9.15,9.83,68.62,0.04,62.75,3.51,6.681825325,4.45,231.42
2022,9,6,11,1.99,3.21,4.42,269.12,401.98,41.27,1.45,7.25,12.9,6.53,9.71,10.19,68.81,0.08,62.73,3.93,7.481359979,5,229.24
2022,9,6,12,2.04,3.54,4.48,288.5,450,47.83,1.73,8.73,12.94,7.03,9.98,10.56,70.94,0.18,62.69,4.17,7.938236924,5.34,228.03
2022,9,6,13,1.98,3.26,4.25,273.65,413.23,44.92,1.55,7.83,12.65,7.41,10.04,10.8,73.88,0.35,62.66,4.25,8.09052924,5.45,227.9
2022,9,6,14,1.71,2.73,3.75,232.08,343.92,36.16,1.1,5.88,12.27,7.6,9.94,10.93,76.31,0.71,62.62,4.2,7.995346543,5.41,227.93
2022,9,6,15,1.18,2.01,3.01,158.05,250.98,24.63,0.61,3.08,11.59,7.62,9.6,10.86,79.69,1.13,62.6,3.86,7.348104203,4.97,229.4
2022,9,6,16,0.59,1.2,2.08,78.58,147.05,12.34,0.2,0.98,10.87,7.48,9.17,10.74,82.75,1.6,62.58,3.36,6.396277234,4.36,232.06
2022,9,6,17,0.29,0.44,1.03,35.3,52.67,5.24,0.03,0.15,9.85,7.28,8.57,10.62,87.31,1.76,62.59,2.73,5.196975253,3.62,233.87
2022,9,6,18,0.02,0.02,0.1,1.88,2.75,0.3,0,0,7.91,7.4,7.65,10.62,99.75,1.08,62.61,1.17,2.227275108,1.95,230.69
2022,9,6,19,0,0,0,0,0,0,0,0,7.29,7.52,7.4,10.68,100,1.38,62.65,0.77,1.465813533,1.5,230.27
2022,9,6,20,0,0,0,0,0,0,0,0,7.33,7.55,7.44,10.68,100,1.33,62.7,0.73,1.389667375,1.34,230.45
2022,9,6,21,0,0,0,0,0,0,0,0,7.08,7.28,7.18,10.5,100,0.88,62.74,0.74,1.408703915,1.29,227.7
2022,9,6,22,0,0,0,0,0,0,0,0,6.76,6.73,6.74,10.07,100,0.77,62.76,0.7,1.332557757,1.13,224.72
2022,9,6,23,0,0,0,0,0,0,0,0,6.29,6.08,6.18,9.7,100,0.51,62.77,0.54,1.027973127,0.82,225
2022,9,7,0,0,0,0,0,0,0,0,0,5.66,5.61,5.64,9.46,100,0.45,62.74,0.35,0.666278879,0.59,222.32
2022,9,7,1,0,0,0,0,0,0,0,0,5.12,5.15,5.14,9.16,100,0.31,62.7,0.29,0.552059642,0.52,224.4
2022,9,7,2,0,0,0,0,0,0,0,0,4.7,4.77,4.73,8.97,100,0.2,62.66,0.27,0.513986563,0.5,231.34
2022,9,7,3,0,0,0,0,0,0,0,0,4.57,4.62,4.59,8.91,100,0.18,62.64,0.38,0.723388497,0.69,228.21
2022,9,7,4,0,0,0,0,0,0,0,0,4.68,4.66,4.67,8.91,100,0.17,62.65,0.4,0.761461575,0.67,235.94
2022,9,7,5,0,0,0,0,0,0,0,0,4.83,4.58,4.71,8.79,100,0.15,62.68,0.19,0.361694248,0.3,283.67
2022,9,7,6,0.13,0.21,0.57,16.7,25.05,2.47,0.01,0.05,5.46,4.86,5.16,8.91,99.44,0.02,62.71,0.12,0.228438473,0.23,334.29
2022,9,7,7,0.55,0.92,1.65,71.1,113.62,10.79,0.13,0.65,7.37,5.78,6.58,9.46,92.38,0.03,62.76,0.4,0.761461575,0.48,241.76
2022,9,7,8,0.98,1.72,2.64,130.2,215.48,20.41,0.45,2.2,9.47,6.28,7.87,9.7,82.44,0.05,62.81,1.44,2.741261672,1.77,224.82
2022,9,7,9,1.39,2.39,3.46,186.25,299.3,28.27,0.81,4.23,10.9,6.51,8.7,9.89,76.31,0.06,62.84,2.55,4.854317544,3.23,225.29
2022,9,7,10,1.63,2.85,4.07,219.17,354.1,32.7,1.08,5.5,11.76,6.95,9.35,10.25,74.56,0.08,62.85,3.23,6.148802222,4.12,224
2022,9,7,11,1.78,3.13,4.41,235.62,386.38,36.53,1.27,6.5,12.09,7.3,9.69,10.5,74.69,0.13,62.83,3.72,7.081592652,4.78,223.21
2022,9,7,12,1.62,3.3,4.47,225.42,407.38,35.08,1.27,6.45,12.14,7.54,9.84,10.68,75.69,0.25,62.79,4.05,7.709798452,5.24,223.37
2022,9,7,13,1.85,3.08,4.24,252.48,384.35,39.2,1.34,6.85,11.83,7.66,9.74,10.74,77.75,0.36,62.75,4.13,7.862090767,5.38,225.18
2022,9,7,14,1.39,2.57,3.73,190.98,321.23,29.64,0.9,4.75,11.46,7.73,9.59,10.8,79.81,0.43,62.71,4,7.614615755,5.22,227.36
2022,9,7,15,1.13,1.89,2.99,151.38,234.67,23.27,0.57,2.9,10.83,7.73,9.28,10.8,83.19,0.47,62.68,3.65,6.948336876,4.79,228.83
2022,9,7,16,0.69,1.12,2.06,90.23,135.98,13.48,0.22,1.08,10.06,7.75,8.9,10.8,87.5,0.5,62.69,3.15,5.996509907,4.16,229.57
2022,9,7,17,0.24,0.4,1.01,30.45,48,4.5,0.02,0.12,9.15,7.89,8.51,10.86,93.81,0.55,62.71,2.45,4.66395215,3.28,228.96
2022,9,7,18,0.03,0.02,0.09,2.08,2.42,0.31,0,0,8.45,8.05,8.25,10.93,99.19,0.39,62.75,1.59,3.026809763,2.25,224.16
2022,9,7,19,0,0,0,0,0,0,0,0,8.27,8.12,8.19,10.99,100,0.38,62.77,1.22,2.322457805,1.84,219.84
2022,9,7,20,0,0,0,0,0,0,0,0,8.13,8.16,8.15,10.99,100,0.36,62.79,1.1,2.094019333,1.76,215.45
2022,9,7,21,0,0,0,0,0,0,0,0,7.9,8.04,7.97,10.93,100,0.35,62.8,1.29,2.455713581,2.08,216.31
2022,9,7,22,0,0,0,0,0,0,0,0,7.55,7.73,7.64,10.74,100,0.31,62.82,1.34,2.550896278,2.14,227.52
2022,9,7,23,0,0,0,0,0,0,0,0,6.98,7.12,7.05,10.38,100,0.2,62.82,1.21,2.303421266,1.97,239.27
2022,9,8,0,0,0,0,0,0,0,0,0,6.8,6.78,6.79,10.13,100,0.11,62.81,1.12,2.132092411,1.85,240.07
2022,9,8,1,0,0,0,0,0,0,0,0,6.48,6.44,6.46,9.89,100,0.11,62.8,1.07,2.036909714,1.79,235.83
2022,9,8,2,0,0,0,0,0,0,0,0,6.27,6.19,6.23,9.7,100,0.11,62.79,0.9,1.713288545,1.51,235.08
2022,9,8,3,0,0,0,0,0,0,0,0,5.88,5.92,5.9,9.52,100,0.1,62.77,0.56,1.066046206,1.15,227.75
2022,9,8,4,0,0,0,0,0,0,0,0,5.73,5.82,5.78,9.46,100,0.1,62.76,0.44,0.837607733,0.93,220.91
2022,9,8,5,0,0,0,0,0,0,0,0,5.62,5.71,5.66,9.34,100,0.08,62.77,0.31,0.590132721,0.67,213.14
2022,9,8,6,0.11,0.2,0.56,14.15,24.12,2.12,0.01,0.02,6.12,5.94,6.02,9.52,100,0.02,62.79,0.11,0.209401933,0.33,205.35
2022,9,8,7,0.46,0.89,1.65,59.88,110.67,9.01,0.11,0.52,8.01,6.62,7.32,10.01,93.38,0.02,62.81,0.52,0.989900048,0.72,209.36
2022,9,8,8,0.71,1.68,2.63,98.77,211.17,16.08,0.35,1.75,9.79,6.8,8.3,10.13,83.94,0.03,62.84,0.99,1.884617399,1.3,202.25
2022,9,8,9,1.05,2.38,3.46,149.08,298.98,24.11,0.69,3.6,11.14,6.8,8.97,10.19,77.06,0.03,62.85,1.57,2.988736684,2.02,202.01
2022,9,8,10,1.17,2.88,4.06,168.7,361.38,27.66,0.91,4.67,12.15,6.9,9.53,10.25,72.81,0.06,62.84,2.4,4.568769453,3.08,205.2
2022,9,8,11,1.47,3.1,4.4,203.38,387.33,32.81,1.15,5.75,12.23,7.19,9.71,10.44,73.69,0.09,62.81,3.18,6.053619525,4.11,208.27
2022,9,8,12,1.49,3.05,4.46,207.83,377.12,32.54,1.14,5.67,11.58,7.47,9.52,10.62,78.06,0.13,62.78,3.53,6.719898404,4.62,211.08
2022,9,8,13,1.28,2.88,4.23,178.17,355.85,28.21,0.95,4.8,11.06,7.69,9.37,10.74,81.81,0.17,62.74,3.65,6.948336876,4.78,213.74
2022,9,8,14,1,2.44,3.72,139.73,301.4,22.24,0.66,3.52,10.34,7.76,9.05,10.8,86.25,0.23,62.69,3.48,6.624715707,4.56,216.93
2022,9,8,15,0.72,1.77,2.98,98.17,217.33,15.59,0.38,1.9,9.68,7.65,8.67,10.74,89.56,0.31,62.66,3.14,5.977473368,4.15,221.1
2022,9,8,16,0.4,1.02,2.04,53.58,123.2,8.48,0.13,0.65,9.12,7.62,8.37,10.74,92.69,0.42,62.66,2.93,5.57770604,3.92,224.84
2022,9,8,17,0.21,0.36,0.99,26.25,42.88,3.84,0.02,0.1,8.62,7.55,8.08,10.68,95.44,0.53,62.69,2.57,4.892390622,3.56,231.24
2022,9,8,18,0.02,0.02,0.08,1.67,2.08,0.25,0,0,7.59,7.49,7.54,10.62,100,0.85,62.74,1.4,2.665115514,2.19,231.21
2022,9,8,19,0,0,0,0,0,0,0,0,6.8,6.9,6.85,10.13,100,0.76,62.78,1.07,2.036909714,1.85,226.2
2022,9,8,20,0,0,0,0,0,0,0,0,6.09,6.26,6.17,9.7,100,0.74,62.84,0.86,1.637142387,1.59,223.01
2022,9,8,21,0,0,0,0,0,0,0,0,5.51,5.55,5.53,9.22,100,0.75,62.87,0.8,1.522923151,1.51,218.47
2022,9,8,22,0,0,0,0,0,0,0,0,5.44,5.16,5.3,8.97,100,0.72,62.87,1.1,2.094019333,1.65,221.54
2022,9,8,23,0,0,0,0,0,0,0,0,5.2,4.89,5.05,8.79,100,0.62,62.85,1.04,1.979800096,1.51,224.79
2022,9,9,0,0,0,0,0,0,0,0,0,5.11,4.81,4.96,8.79,100,0.51,62.8,0.83,1.580032769,1.25,220.45
2022,9,9,1,0,0,0,0,0,0,0,0,4.94,4.73,4.83,8.73,100,0.42,62.76,0.65,1.23737506,1.06,222.61
2022,9,9,2,0,0,0,0,0,0,0,0,4.77,4.68,4.73,8.73,100,0.36,62.72,0.63,1.199301981,1.14,229.18
2022,9,9,3,0,0,0,0,0,0,0,0,4.67,4.65,4.66,8.73,100,0.3,62.69,0.47,0.894717351,0.91,235.09
2022,9,9,4,0,0,0,0,0,0,0,0,4.6,4.55,4.57,8.67,100,0.23,62.68,0.28,0.533023103,0.57,242.02
2022,9,9,5,0,0,0,0,0,0,0,0,4.6,4.36,4.48,8.54,100,0.18,62.69,0.05,0.095182697,0.12,288.43
2022,9,9,6,0.07,0.18,0.55,8.95,21.95,1.26,0.01,0.02,4.9,4.33,4.62,8.54,98.69,0.86,62.71,0.33,0.6282058,0.44,25.2
2022,9,9,7,0.36,0.84,1.64,46.95,102.23,6.65,0.08,0.4,6.12,4.86,5.49,8.85,93.94,0.74,62.75,0.33,0.6282058,0.42,64.4
2022,9,9,8,0.61,1.61,2.63,83.2,198.85,12.68,0.28,1.38,7.58,5.26,6.41,9.03,87.12,0.52,62.79,0.71,1.351594296,0.91,162.97
2022,9,9,9,0.92,2.29,3.45,128.62,283.33,19.48,0.55,2.92,8.83,5.4,7.11,9.16,80.88,0.35,62.81,1.61,3.064882841,2.11,183.81
2022,9,9,10,1.27,2.78,4.05,177.38,343.85,26.34,0.87,4.42,9.58,5.58,7.58,9.28,77.81,0.24,62.81,2.28,4.34033098,2.98,194.11
2022,9,9,11,1.45,3.01,4.39,195.9,370.62,28.9,0.99,5,10.06,5.78,7.92,9.4,76.44,0.19,62.79,2.7,5.139865635,3.53,202.25
2022,9,9,12,1.76,3.45,4.45,244.4,438.12,38.8,1.42,7.12,10.31,5.88,8.09,9.46,75.69,0.15,62.76,2.91,5.539632962,3.82,207.4
2022,9,9,13,1.85,3.22,4.21,252.83,407.83,39.26,1.38,6.9,10.33,5.91,8.12,9.52,75.88,0.1,62.71,3.01,5.729998356,3.96,210.61
2022,9,9,14,1.36,2.76,3.71,188.58,349.38,29.55,0.92,4.95,9.99,6.06,8.03,9.58,78.44,0.09,62.67,3.04,5.787107974,4,212.98
2022,9,9,15,0.87,2.09,2.96,120.4,265.15,19.11,0.48,2.45,9.35,6.26,7.8,9.7,82.75,0.07,62.64,2.85,5.425413725,3.76,212.11
2022,9,9,16,0.55,1.29,2.03,73,161.65,11.3,0.19,0.92,8.71,6.41,7.56,9.83,87.06,0.06,62.62,2.66,5.063719477,3.54,208.21
2022,9,9,17,0.16,0.48,0.97,20.35,57.95,3.05,0.02,0.08,7.83,6.53,7.18,9.89,93.06,0.04,62.63,2.38,4.530696374,3.21,209.31
2022,9,9,18,0.02,0.02,0.08,1.75,2.27,0.27,0,0,6.84,6.49,6.66,9.83,99.38,0.04,62.68,1.51,2.874517447,2.16,215.71
2022,9,9,19,0,0,0,0,0,0,0,0,6.58,6.37,6.48,9.77,100,0.04,62.71,1.03,1.960763557,1.49,213.02
2022,9,9,20,0,0,0,0,0,0,0,0,6.52,6.26,6.4,9.64,99.75,0.05,62.76,0.85,1.618105848,1.19,205.22
2022,9,9,21,0,0,0,0,0,0,0,0,6.33,6.09,6.21,9.52,99.88,0.09,62.79,0.63,1.199301981,0.97,202.83
2022,9,9,22,0,0,0,0,0,0,0,0,6.15,5.93,6.04,9.4,99.94,0.15,62.79,0.65,1.23737506,1.09,205.09
2022,9,9,23,0,0,0,0,0,0,0,0,6.01,5.8,5.9,9.34,99.94,0.2,62.78,0.69,1.313521218,1.2,209.74
2022,9,10,0,0,0,0,0,0,0,0,0,5.76,5.64,5.7,9.22,100,0.21,62.75,0.65,1.23737506,1.16,213.15
2022,9,10,1,0,0,0,0,0,0,0,0,5.48,5.42,5.45,9.09,100,0.16,62.71,0.59,1.123155824,1.05,215.34
2022,9,10,2,0,0,0,0,0,0,0,0,5.23,5.17,5.2,8.97,100,0.11,62.68,0.58,1.104119284,1.01,219.35
2022,9,10,3,0,0,0,0,0,0,0,0,5.12,5.01,5.07,8.91,100,0.07,62.68,0.69,1.313521218,1.16,226.64
2022,9,10,4,0,0,0,0,0,0,0,0,4.99,4.88,4.94,8.85,100,0.05,62.69,0.62,1.180265442,1.12,229.53
2022,9,10,5,0,0,0,0,0,0,0,0,4.94,4.83,4.88,8.79,100,0.03,62.7,0.53,1.008936588,0.99,225.96
2022,9,10,6,0.06,0.21,0.55,7.33,25.25,1.16,0,0.02,5.32,4.98,5.15,8.91,99.94,0.02,62.72,0.56,1.066046206,0.91,221.19
2022,9,10,7,0.51,0.94,1.63,65.38,117.12,9.28,0.11,0.55,6.78,5.71,6.24,9.34,95.12,0.04,62.76,1.3,2.47475012,1.69,214.28
2022,9,10,8,1.01,1.73,2.62,134.02,217.65,20.05,0.45,2.2,8.26,6.19,7.23,9.7,89,0.07,62.8,2.2,4.188038665,2.86,212.39
2022,9,10,9,1.4,2.43,3.44,189.25,305.52,28.51,0.83,4.38,9.42,6.44,7.94,9.89,83.88,0.1,62.82,2.73,5.196975253,3.53,210.94
2022,9,10,10,1.65,2.94,4.05,221.23,369.42,33.55,1.12,5.73,10.55,6.68,8.62,10.01,79.06,0.14,62.8,3.28,6.243984919,4.26,209.11
2022,9,10,11,2.25,3.21,4.38,301.1,404.17,44.08,1.58,7.95,11.21,7.05,9.13,10.31,77.5,0.2,62.76,3.9,7.424250361,5.09,208.53
2022,9,10,12,1.9,3.45,4.44,261.48,438.65,41.36,1.52,7.67,11.12,7.28,9.2,10.44,78.94,0.27,62.7,4.36,8.299931173,5.72,209.61
2022,9,10,13,2.05,3.23,4.2,275.3,409.7,42.08,1.48,7.45,10.84,7.49,9.16,10.56,81.44,0.34,62.63,4.64,8.832954276,6.12,212.01
2022,9,10,14,1.68,2.76,3.69,225.25,350.33,33.92,1.05,5.6,10.38,7.53,8.96,10.62,84.19,0.46,62.57,4.66,8.871027354,6.18,215.32
2022,9,10,15,1.22,2.09,2.94,161.45,265.48,23.74,0.58,2.92,9.71,7.39,8.55,10.5,87.25,0.58,62.55,4.53,8.623552342,6.02,218.62
2022,9,10,16,0.75,1.28,2.01,96.8,160.62,13.55,0.22,1.05,8.86,7.17,8.01,10.38,91.19,0.71,62.55,4.22,8.033419621,5.65,222.03
2022,9,10,17,0.28,0.47,0.95,34.08,57.73,4.57,0.02,0.12,7.94,7.04,7.49,10.31,96.25,0.83,62.59,3.52,6.700861864,4.77,224.4
2022,9,10,18,0.02,0.02,0.07,1.62,2.05,0.25,0,0,7.23,6.99,7.11,10.25,100,0.78,62.63,2.18,4.149965586,3.08,223.77
2022,9,10,19,0,0,0,0,0,0,0,0,7.01,6.94,6.98,10.25,100,0.81,62.67,1.62,3.083919381,2.43,216.91
2022,9,10,20,0,0,0,0,0,0,0,0,6.83,6.87,6.85,10.19,100,0.76,62.71,1.58,3.007773223,2.44,211.09
2022,9,10,21,0,0,0,0,0,0,0,0,6.55,6.66,6.61,10.01,100,0.63,62.73,1.62,3.083919381,2.51,209.04
2022,9,10,22,0,0,0,0,0,0,0,0,6.19,6.32,6.25,9.77,100,0.44,62.73,1.61,3.064882841,2.53,207.99
2022,9,10,23,0,0,0,0,0,0,0,0,5.65,5.65,5.65,9.28,100,0.31,62.71,1.51,2.874517447,2.35,205.63
2022,9,11,0,0,0,0,0,0,0,0,0,5.19,5.04,5.12,8.91,100,0.27,62.68,1.45,2.760298211,2.18,202.98
2022,9,11,1,0,0,0,0,0,0,0,0,4.78,4.58,4.68,8.67,100,0.22,62.66,1.21,2.303421266,1.87,201.09
2022,9,11,2,0,0,0,0,0,0,0,0,4.2,4.04,4.12,8.3,100,0.14,62.65,0.8,1.522923151,1.27,194.21
2022,9,11,3,0,0,0,0,0,0,0,0,3.58,3.51,3.55,8,100,0.06,62.62,0.38,0.723388497,0.62,187.21
2022,9,11,4,0,0,0,0,0,0,0,0,2.9,2.83,2.87,7.63,100,0.03,62.6,0.06,0.114219236,0.13,100.62
2022,9,11,5,0,0,0,0,0,0,0,0,2.42,2.01,2.21,7.2,99.12,0.03,62.61,0.23,0.437840406,0.42,30.41
2022,9,11,6,0.17,0.21,0.54,20.85,25.3,2.78,0.01,0.05,3.4,2.25,2.83,7.32,94.38,0.02,62.61,0.17,0.32362117,0.43,26.1
2022,9,11,7,0.69,0.94,1.62,85.88,115.8,11.77,0.14,0.67,6.65,3.24,4.94,7.93,81.06,0.01,62.64,0.45,0.856644272,0.55,199.21
2022,9,11,8,1.29,1.76,2.61,164.55,220.5,23.62,0.5,2.5,8.76,4.22,6.49,8.42,74.88,0.01,62.67,2.05,3.902490574,2.61,208.64
2022,9,11,9,1.88,2.45,3.44,242.62,305.75,34.58,0.98,5.12,9.97,5.11,7.54,9.03,73.75,0.03,62.67,2.72,5.177938713,3.49,211.45
2022,9,11,10,2.16,2.98,4.04,279.62,371.83,40.73,1.34,6.85,10.95,5.87,8.41,9.58,73.12,0.08,62.67,3.19,6.072656065,4.1,212.09
2022,9,11,11,2.23,3.26,4.38,293.35,407.05,43.03,1.52,7.8,11.33,6.58,8.96,10.07,74.94,0.16,62.64,3.69,7.024483034,4.76,211.71
2022,9,11,12,2.08,3.44,4.43,283.08,435.33,43.91,1.59,8.15,11.11,6.93,9.02,10.25,77.69,0.22,62.59,4.04,7.690761912,5.21,212.26
2022,9,11,13,1.55,3.2,4.19,216.15,404.98,34.05,1.19,6,10.6,6.92,8.76,10.25,80.12,0.27,62.53,4.16,7.919200385,5.4,212.54
2022,9,11,14,1.32,2.72,3.68,183,343.02,28.75,0.88,4.67,10.07,6.83,8.45,10.19,82.38,0.28,62.47,4.12,7.843054228,5.38,214.11
2022,9,11,15,1.05,2.04,2.93,142.05,257.4,21.84,0.53,2.7,9.5,6.77,8.14,10.13,85.19,0.28,62.42,3.98,7.576542676,5.25,218.17
2022,9,11,16,0.47,1.23,1.99,63.4,152.75,9.34,0.14,0.7,8.72,6.76,7.74,10.13,89.88,0.3,62.41,3.64,6.929300337,4.85,222.52
2022,9,11,17,0.25,0.43,0.93,31.12,51.83,4.37,0.02,0.1,8.04,6.83,7.44,10.19,94.62,0.35,62.43,3.04,5.787107974,4.13,225.54
2022,9,11,18,0.02,0.01,0.06,1.35,1.75,0.21,0,0,7.26,6.88,7.08,10.25,100,0.41,62.45,1.92,3.655015562,2.77,225.11
2022,9,11,19,0,0,0,0,0,0,0,0,6.97,6.83,6.9,10.19,100,0.57,62.48,1.51,2.874517447,2.3,221.83
2022,9,11,20,0,0,0,0,0,0,0,0,6.65,6.58,6.62,10.01,100,0.56,62.52,1.29,2.455713581,2.1,216.06
2022,9,11,21,0,0,0,0,0,0,0,0,6.5,6.52,6.51,9.95,100,0.58,62.54,1.32,2.512823199,2.14,206.47
2022,9,11,22,0,0,0,0,0,0,0,0,6.33,6.45,6.39,9.89,100,0.6,62.53,1.49,2.836444369,2.37,203.94
2022,9,11,23,0,0,0,0,0,0,0,0,6.02,6.17,6.1,9.7,100,0.54,62.5,1.53,2.912590526,2.43,202.69
2022,9,12,0,0,0,0,0,0,0,0,0,5.79,5.92,5.85,9.58,100,0.43,62.47,1.48,2.817407829,2.37,205.21
2022,9,12,1,0,0,0,0,0,0,0,0,5.56,5.66,5.62,9.4,100,0.28,62.43,1.26,2.398603963,2.11,212.28
2022,9,12,2,0,0,0,0,0,0,0,0,5.4,5.44,5.43,9.22,100,0.19,62.4,0.89,1.694252005,1.57,211.4
2022,9,12,3,0,0,0,0,0,0,0,0,5.32,5.26,5.29,9.09,100,0.1,62.36,0.6,1.142192363,1.05,205.99
2022,9,12,4,0,0,0,0,0,0,0,0,5.16,5.01,5.08,8.97,100,0.03,62.34,0.24,0.456876945,0.42,186.34
2022,9,12,5,0,0,0,0,0,0,0,0,4.92,4.68,4.8,8.73,100,0.01,62.35,0.16,0.30458463,0.34,62.85
2022,9,12,6,0.19,0.2,0.53,22.73,23.95,3.04,0.01,0.05,5.22,4.56,4.89,8.67,97.44,0,62.37,0.3,0.571096182,0.62,48.07
2022,9,12,7,0.76,0.91,1.62,92.52,112.08,11.85,0.14,0.67,7.18,5.15,6.16,9.03,89,0,62.41,0.34,0.647242339,0.44,131.38
2022,9,12,8,1.46,1.72,2.61,182.92,214.52,24.95,0.52,2.58,9.03,5.57,7.3,9.34,80.94,0,62.45,1.47,2.79837129,1.87,187.93
2022,9,12,9,2.09,2.41,3.43,265.17,301.95,36.95,1.03,5.33,10.52,5.95,8.23,9.58,75.44,0,62.47,2.4,4.568769453,3.08,190.08
2022,9,12,10,2.06,2.92,4.03,271.02,366.6,39.38,1.3,6.73,11.5,6.3,8.9,9.89,72.69,0.02,62.47,3.15,5.996509907,4.07,191.4
2022,9,12,11,2.13,3.23,4.37,285.73,405.6,42.88,1.54,7.8,11.76,6.74,9.26,10.19,73.5,0.06,62.45,3.74,7.119665731,4.85,193.52
2022,9,12,12,1.82,3.26,4.42,249.02,408.42,38,1.39,7.02,11.43,7.01,9.22,10.31,76.31,0.07,62.4,4.09,7.785944609,5.31,195.1
2022,9,12,13,1.56,3.05,4.18,214.8,381.73,33.17,1.16,5.8,11.06,7.16,9.11,10.44,78.75,0.07,62.35,4.32,8.223785015,5.65,195.88
2022,9,12,14,1.04,2.59,3.66,147.67,324.35,23.19,0.72,3.85,10.58,7.26,8.92,10.44,81.56,0.07,62.31,4.44,8.452223488,5.83,196.42
2022,9,12,15,0.66,1.94,2.91,92.85,242.08,14.67,0.37,1.85,9.65,7.16,8.4,10.38,86.06,0.06,62.29,4.3,8.185711936,5.69,197.49
2022,9,12,16,0.42,1.15,1.97,58.3,142.6,9.01,0.15,0.73,8.76,7.01,7.88,10.25,90.38,0.05,62.3,4.03,7.671725373,5.37,198.59
2022,9,12,17,0.13,0.4,0.91,16.83,47.6,2.59,0.02,0.08,7.73,6.73,7.23,10.07,95.06,0.04,62.33,3.33,6.339167616,4.48,199.35
2022,9,12,18,0.02,0.01,0.05,1.05,1.5,0.16,0,0,6.87,6.41,6.64,9.83,98.81,0.04,62.37,2.19,4.169002126,3.05,202.95
2022,9,12,19,0,0,0,0,0,0,0,0,6.5,6.27,6.39,9.77,100,0.04,62.42,1.53,2.912590526,2.27,208.42
2022,9,12,20,0,0,0,0,0,0,0,0,6,6.01,6,9.52,100,0.03,62.47,1.14,2.17016549,1.85,214.16
2022,9,12,21,0,0,0,0,0,0,0,0,5.59,5.66,5.62,9.34,100,0.03,62.51,0.92,1.751361624,1.55,216.99
2022,9,12,22,0,0,0,0,0,0,0,0,5.37,5.29,5.33,9.09,100,0.04,62.5,0.71,1.351594296,1.13,219.09
2022,9,12,23,0,0,0,0,0,0,0,0,5.19,4.98,5.08,8.91,100,0.04,62.48,0.45,0.856644272,0.65,223.53
2022,9,13,0,0,0,0,0,0,0,0,0,4.88,4.62,4.75,8.67,99.94,0.04,62.46,0.14,0.266511551,0.19,209.74
2022,9,13,1,0,0,0,0,0,0,0,0,4.58,4.19,4.39,8.42,99.12,0.03,62.43,0.09,0.171328854,0.18,64.54
2022,9,13,2,0,0,0,0,0,0,0,0,4.33,3.8,4.06,8.18,98.06,0.02,62.4,0.32,0.60916926,0.6,47.12
2022,9,13,3,0,0,0,0,0,0,0,0,4.23,3.33,3.79,7.93,95.44,0.02,62.39,0.47,0.894717351,0.79,48.22
2022,9,13,4,0,0,0,0,0,0,0,0,4.42,3.05,3.73,7.75,92.19,0.02,62.4,0.46,0.875680812,0.75,51.34
2022,9,13,5,0,0,0,0,0,0,0,0,4.58,2.78,3.68,7.57,89.38,0.03,62.42,0.39,0.742425036,0.62,56.31
2022,9,13,6,0.07,0.2,0.52,8.3,23.77,1.32,0.01,0.02,4.97,3.04,4,7.75,88.62,0.05,62.45,0.3,0.571096182,0.5,62.24
2022,9,13,7,0.43,0.94,1.61,54.12,116,8.37,0.1,0.52,6.76,3.8,5.28,8.18,83,0.03,62.51,0.43,0.818571194,0.55,137.29
2022,9,13,8,0.85,1.76,2.6,111.35,221.3,17.28,0.4,1.98,8.4,4.37,6.39,8.54,77.56,0.04,62.56,1.36,2.588969357,1.7,181.58
2022,9,13,9,1.26,2.45,3.42,170.08,308.6,26.27,0.78,4.17,9.83,5.08,7.46,9.03,74.31,0.05,62.59,2.19,4.169002126,2.76,186.02
2022,9,13,10,1.49,2.97,4.02,208.45,373.3,32.36,1.12,5.8,10.91,5.67,8.29,9.4,72.19,0.08,62.58,2.8,5.330231028,3.54,187.74
2022,9,13,11,1.67,3.26,4.36,228.9,410.33,35.51,1.31,6.6,11.23,6.03,8.63,9.64,72.38,0.1,62.55,3.21,6.110729143,4.11,190.97
2022,9,13,12,1.3,3.29,4.4,187.73,412.48,29.95,1.12,5.65,10.97,6.25,8.61,9.77,74.62,0.11,62.5,3.41,6.491459931,4.37,193.12
2022,9,13,13,1.19,3.07,4.16,171.88,385.27,27.52,0.99,4.98,10.6,6.37,8.48,9.89,76.94,0.11,62.45,3.45,6.567606089,4.45,194.23
2022,9,13,14,1.16,2.6,3.65,160.98,325.27,25.34,0.8,4.3,10.08,6.41,8.25,9.89,79.69,0.11,62.4,3.32,6.320131077,4.3,194.94
2022,9,13,15,0.99,1.92,2.89,131.33,239.62,19.77,0.49,2.52,9.43,6.45,7.94,9.89,83.44,0.12,62.37,3.07,5.844217592,4,194.14
2022,9,13,16,0.58,1.12,1.95,76.62,138.23,11.2,0.18,0.88,8.55,6.51,7.53,9.89,88.69,0.13,62.36,2.63,5.006609859,3.45,193.22
2022,9,13,17,0.21,0.4,0.93,25.45,47.67,3.69,0.02,0.1,7.74,6.55,7.15,9.95,93.88,0.16,62.39,2.06,3.921527114,2.73,190.73
2022,9,13,18,0,0,0,0,0,0,0,0,6.99,6.54,6.76,9.89,98.69,0.16,62.44,1.37,2.608005896,1.89,188.8
2022,9,13,19,0,0,0,0,0,0,0,0,6.58,6.36,6.48,9.77,100,0.16,62.49,0.96,1.827507781,1.44,185
2022,9,13,20,0,0,0,0,0,0,0,0,6.36,6.17,6.26,9.64,100,0.16,62.55,0.8,1.522923151,1.2,176.26
2022,9,13,21,0,0,0,0,0,0,0,0,6.18,5.94,6.06,9.52,100,0.15,62.57,0.66,1.2564116,0.93,167.94
2022,9,13,22,0,0,0,0,0,0,0,0,5.88,5.66,5.77,9.34,100,0.12,62.57,0.53,1.008936588,0.72,164.91
2022,9,13,23,0,0,0,0,0,0,0,0,5.42,5.3,5.37,9.09,100,0.08,62.55,0.38,0.723388497,0.59,167.06
2022,9,14,0,0,0,0,0,0,0,0,0,5.03,5,5.01,8.91,100,0.06,62.52,0.37,0.704351957,0.59,183.01
2022,9,14,1,0,0,0,0,0,0,0,0,4.87,4.77,4.82,8.79,100,0.04,62.48,0.33,0.6282058,0.52,204.66
2022,9,14,2,0,0,0,0,0,0,0,0,4.77,4.54,4.65,8.67,100,0.03,62.46,0.08,0.152292315,0.15,246.04
2022,9,14,3,0,0,0,0,0,0,0,0,4.42,4.18,4.3,8.42,100,0.03,62.45,0.27,0.513986563,0.47,13.35
2022,9,14,4,0,0,0,0,0,0,0,0,4.23,3.69,3.96,8.12,98.44,0.03,62.46,0.49,0.93279043,0.82,27.05
2022,9,14,5,0,0,0,0,0,0,0,0,4.42,3.32,3.87,7.93,94.38,0.05,62.49,0.47,0.894717351,0.75,35.19
2022,9,14,6,0.12,0.18,0.51,14.23,22.02,1.97,0.01,0.02,4.95,3.54,4.25,8.06,92.5,0.07,62.53,0.26,0.494950024,0.43,36.87
2022,9,14,7,0.64,0.88,1.6,80.2,108.58,11.25,0.13,0.67,6.79,4.65,5.72,8.73,88.44,0.1,62.59,0.69,1.313521218,0.85,210.78
2022,9,14,8,1.24,1.66,2.59,157.85,207.75,22.27,0.48,2.38,8.24,5.54,6.89,9.28,85,0.13,62.65,1.96,3.73116172,2.47,214.29
2022,9,14,9,1.63,2.36,3.41,215.3,295.85,31.32,0.9,4.77,9.77,6.13,7.95,9.64,79.94,0.13,62.67,2.65,5.044682938,3.34,207.76
2022,9,14,10,1.69,2.89,4.01,228.5,362.33,34.36,1.16,5.95,11.12,6.5,8.8,9.95,75.12,0.11,62.66,3.34,6.358204155,4.24,203.78
2022,9,14,11,1.77,3.17,4.35,241.52,398.23,36.65,1.33,6.67,11.71,6.87,9.29,10.19,74,0.08,62.64,3.98,7.576542676,5.1,203.46
2022,9,14,12,1.62,3.38,4.39,227.12,429.83,36.36,1.35,6.75,11.84,7.21,9.52,10.44,75.12,0.07,62.61,4.34,8.261858094,5.58,205.27
2022,9,14,13,1.37,3.13,4.15,193.85,398.25,31.04,1.09,5.5,11.79,7.41,9.6,10.56,76.25,0.07,62.56,4.53,8.623552342,5.85,207.35
2022,9,14,14,1.22,2.64,3.63,168.85,335.85,26.42,0.82,4.38,11.39,7.45,9.42,10.56,78.44,0.07,62.52,4.53,8.623552342,5.88,209.59
2022,9,14,15,0.84,1.97,2.87,113.7,249.17,17.67,0.45,2.25,10.69,7.36,9.03,10.5,81.62,0.08,62.51,4.3,8.185711936,5.62,211.52
2022,9,14,16,0.44,1.16,1.93,59.23,145.48,9.02,0.14,0.7,9.59,7.16,8.37,10.38,86.62,0.08,62.52,3.8,7.233884967,5,212.75
2022,9,14,17,0.17,0.41,0.91,21.17,49.98,3.06,0.02,0.08,8.44,7.03,7.74,10.25,92.75,0.09,62.55,3.12,5.939400289,4.16,213.51
2022,9,14,18,0,0,0,0,0,0,0,0,7.28,6.9,7.09,10.19,99.69,0.23,62.58,1.95,3.71212518,2.73,214.28
2022,9,14,19,0,0,0,0,0,0,0,0,6.94,6.76,6.85,10.07,100,0.22,62.63,1.45,2.760298211,2.12,214.8
2022,9,14,20,0,0,0,0,0,0,0,0,6.67,6.62,6.64,10.01,100,0.18,62.68,1.27,2.417640502,1.98,216.33
2022,9,14,21,0,0,0,0,0,0,0,0,6.34,6.41,6.38,9.83,100,0.14,62.69,1.14,2.17016549,1.85,217.98
2022,9,14,22,0,0,0,0,0,0,0,0,6.01,6.16,6.09,9.7,100,0.08,62.68,1.06,2.017873175,1.78,218.58
2022,9,14,23,0,0,0,0,0,0,0,0,5.67,5.83,5.76,9.46,100,0.03,62.64,1.04,1.979800096,1.78,220.38
2022,9,15,0,0,0,0,0,0,0,0,0,5.28,5.47,5.37,9.28,100,0.01,62.6,0.86,1.637142387,1.58,223.8
2022,9,15,1,0,0,0,0,0,0,0,0,4.8,5.07,4.94,9.03,100,0.01,62.57,0.69,1.313521218,1.4,229.09
2022,9,15,2,0,0,0,0,0,0,0,0,4.6,4.77,4.69,8.85,100,0,62.53,0.6,1.142192363,1.17,237.79
2022,9,15,3,0,0,0,0,0,0,0,0,4.44,4.57,4.51,8.73,100,0,62.51,0.57,1.085082745,1.03,253.76
2022,9,15,4,0,0,0,0,0,0,0,0,4.19,4.34,4.26,8.54,100,0,62.51,0.55,1.047009666,0.98,268.63
2022,9,15,5,0,0,0,0,0,0,0,0,4.03,4.12,4.08,8.42,100,0.01,62.52,0.49,0.93279043,0.84,280.78
2022,9,15,6,0.11,0.18,0.51,14.02,22.12,2.11,0.01,0.02,4.51,4.23,4.37,8.48,100,0.02,62.54,0.39,0.742425036,0.64,289.09
2022,9,15,7,0.57,0.9,1.6,72.75,112.1,10.72,0.12,0.62,6.47,4.74,5.6,8.73,90.75,0.02,62.59,1.03,1.960763557,1.3,262.41
2022,9,15,8,1.06,1.68,2.59,138.48,210.4,20.41,0.44,2.17,8.28,5,6.64,8.85,81.25,0.05,62.63,2.28,4.34033098,2.89,241.64
2022,9,15,9,1.33,2.37,3.41,180.4,296.27,27.14,0.77,4.08,9.64,5.36,7.5,9.09,75.94,0.08,62.64,3.1,5.90132721,3.94,232.9
2022,9,15,10,1.56,2.88,4,213.8,360.88,32.38,1.09,5.6,10.86,5.97,8.41,9.52,73.25,0.11,62.62,3.72,7.081592652,4.74,227.34
2022,9,15,11,1.69,3.15,4.34,227.45,394.17,34.81,1.23,6.17,11.74,6.57,9.15,9.95,72.31,0.2,62.6,4.3,8.185711936,5.51,223.85
2022,9,15,12,1.54,3.16,4.38,216.9,395.65,32.8,1.19,5.92,12.14,7.17,9.65,10.44,73.56,0.37,62.55,4.63,8.813917736,5.94,222.87
2022,9,15,13,1.41,2.91,4.14,193.75,363.33,29.09,0.97,4.92,12.08,7.51,9.8,10.68,75.56,0.55,62.49,4.72,8.985246591,6.09,222.14
2022,9,15,14,1.16,2.43,3.62,158.58,302.75,23.86,0.71,3.77,11.73,7.58,9.65,10.74,77.56,0.64,62.44,4.77,9.080429288,6.19,221.72
2022,9,15,15,0.88,1.79,2.86,117.88,220.9,17.53,0.41,2.08,10.98,7.44,9.2,10.62,80.62,0.67,62.4,4.53,8.623552342,5.91,220.66
2022,9,15,16,0.55,1.03,1.91,71.65,125.73,10.35,0.16,0.75,9.96,7.21,8.58,10.44,85,0.56,62.39,4.21,8.014383082,5.54,219.22
2022,9,15,17,0.22,0.34,0.88,27.02,40.77,3.8,0.02,0.1,8.55,7.1,7.83,10.38,92.62,0.4,62.41,3.56,6.777008022,4.78,218.76
2022,9,15,18,0,0,0,0,0,0,0,0,7.41,7.08,7.25,10.31,99.88,0.37,62.43,2.39,4.549732914,3.35,217.03
2022,9,15,19,0,0,0,0,0,0,0,0,7.26,7.05,7.15,10.31,100,0.21,62.48,2,3.807307877,2.85,215.96
2022,9,15,20,0,0,0,0,0,0,0,0,6.85,6.7,6.78,10.01,100,0.12,62.53,1.7,3.236211696,2.51,217.91
2022,9,15,21,0,0,0,0,0,0,0,0,6.43,6.2,6.31,9.7,100,0.06,62.55,1.42,2.703188593,2.08,220.44
2022,9,15,22,0,0,0,0,0,0,0,0,5.8,5.6,5.7,9.28,100,0.04,62.54,1.05,1.998836636,1.58,225.8
2022,9,15,23,0,0,0,0,0,0,0,0,5.23,4.98,5.1,8.91,100,0.04,62.51,0.8,1.522923151,1.05,228.01
2022,9,16,0,0,0,0,0,0,0,0,0,4.58,4.26,4.42,8.48,100,0.07,62.45,0.34,0.647242339,0.45,233.53
2022,9,16,1,0,0,0,0,0,0,0,0,4.22,3.62,3.91,8.12,98,0.08,62.4,0.18,0.342657709,0.27,222.61
2022,9,16,2,0,0,0,0,0,0,0,0,3.96,3.06,3.51,7.81,95.88,0.09,62.36,0.11,0.209401933,0.24,211.61
2022,9,16,3,0,0,0,0,0,0,0,0,3.62,2.63,3.13,7.57,95.06,0.09,62.34,0.07,0.133255776,0.16,243.43
2022,9,16,4,0,0,0,0,0,0,0,0,3.43,2.11,2.76,7.26,92.75,0.09,62.32,0.14,0.266511551,0.13,6.71
2022,9,16,5,0,0,0,0,0,0,0,0,3.5,1.56,2.53,6.96,88.56,0.11,62.32,0.22,0.418803867,0.35,38.66
2022,9,16,6,0.09,0.16,0.5,11.08,19.4,1.62,0.01,0.02,4.23,1.74,2.98,7.08,85.31,0.13,62.33,0.23,0.437840406,0.43,53.13
2022,9,16,7,0.36,0.8,1.59,46.8,96.92,7.09,0.09,0.4,7.04,3.56,5.3,8.06,80.06,0.15,62.36,0.45,0.856644272,0.49,213.94
2022,9,16,8,0.6,1.56,2.58,78,191.15,11.77,0.25,1.23,9.13,4.58,6.85,8.67,74.44,0.2,62.4,2.06,3.921527114,2.59,225.37
2022,9,16,9,0.95,2.23,3.4,128.6,274.23,19.06,0.53,2.75,10.59,5.51,8.05,9.22,72.19,0.24,62.43,3.06,5.825181052,3.87,222.96
2022,9,16,10,1.4,2.72,3.99,190.8,334.55,27.84,0.91,4.7,11.55,6.19,8.87,9.7,71.19,0.29,62.43,3.61,6.872190719,4.58,221.33
2022,9,16,11,1.48,2.93,4.33,195.73,357.5,28.53,0.98,4.9,12.19,6.8,9.5,10.13,71.31,0.37,62.4,3.98,7.576542676,5.07,219.18
2022,9,16,12,1.68,3.33,4.37,237.6,421.38,37.63,1.37,6.83,12.41,7.31,9.87,10.56,72.88,0.46,62.35,4.3,8.185711936,5.5,217.62
2022,9,16,13,1.62,3.08,4.12,225.38,388.62,35.12,1.2,6.08,12.24,7.65,9.94,10.8,75.5,0.5,62.29,4.44,8.452223488,5.7,216.7
2022,9,16,14,1.44,2.6,3.6,196.1,328.38,30.3,0.91,4.83,11.76,7.69,9.73,10.86,78.06,0.5,62.23,4.42,8.414150409,5.68,216.33
2022,9,16,15,0.93,1.92,2.84,125.25,240.98,19.1,0.45,2.27,10.97,7.44,9.21,10.68,80.94,0.42,62.19,4.3,8.185711936,5.57,215.87
2022,9,16,16,0.48,1.12,1.89,63.62,139.2,9.58,0.14,0.7,9.88,7.13,8.51,10.44,85.25,0.3,62.2,4,7.614615755,5.23,216.01
2022,9,16,17,0.23,0.37,0.85,28.62,44.58,4.05,0.02,0.1,8.58,6.93,7.76,10.31,91.62,0.2,62.23,3.45,6.567606089,4.59,216.69
2022,9,16,18,0,0,0,0,0,0,0,0,6.88,6.79,6.83,10.19,100,0.1,62.26,1.89,3.597905944,2.83,215.23
2022,9,16,19,0,0,0,0,0,0,0,0,6.98,6.88,6.94,10.25,100,0.1,62.31,1.7,3.236211696,2.5,213.14
2022,9,16,20,0,0,0,0,0,0,0,0,6.62,6.47,6.55,9.95,100,0.11,62.37,1.53,2.912590526,2.3,214.88
2022,9,16,21,0,0,0,0,0,0,0,0,6.22,6.12,6.16,9.7,100,0.15,62.4,1.34,2.550896278,2.03,216.69
2022,9,16,22,0,0,0,0,0,0,0,0,5.76,5.68,5.72,9.4,100,0.23,62.4,1.21,2.303421266,1.87,218.55
2022,9,16,23,0,0,0,0,0,0,0,0,5.22,5.09,5.15,9.03,100,0.27,62.38,0.93,1.770398163,1.48,222.64
2022,9,17,0,0,0,0,0,0,0,0,0,4.47,4.3,4.38,8.54,100,0.25,62.36,0.54,1.027973127,0.9,233.13
2022,9,17,1,0,0,0,0,0,0,0,0,3.98,3.68,3.83,8.18,100,0.19,62.33,0.26,0.494950024,0.42,248.2
2022,9,17,2,0,0,0,0,0,0,0,0,3.64,2.78,3.21,7.63,96.25,0.12,62.3,0.16,0.30458463,0.27,289.98
2022,9,17,3,0,0,0,0,0,0,0,0,3.56,1.68,2.62,7.08,89.38,0.07,62.3,0.16,0.30458463,0.24,284.93
2022,9,17,4,0,0,0,0,0,0,0,0,3.46,0.98,2.22,6.71,85.5,0.07,62.32,0.24,0.456876945,0.41,262.33
2022,9,17,5,0,0,0,0,0,0,0,0,3.41,0.55,1.98,6.47,82.94,0.08,62.35,0.24,0.456876945,0.43,260.54
2022,9,17,6,0.08,0.16,0.49,9.98,19.6,1.49,0.01,0.02,4.03,0.78,2.4,6.59,80.94,0.05,62.39,0.18,0.342657709,0.27,254.74
2022,9,17,7,0.21,0.82,1.58,26.25,102,4.22,0.05,0.25,6.51,2.22,4.37,7.32,75.31,0.06,62.45,0.73,1.389667375,0.87,218.1
2022,9,17,8,0.59,1.56,2.57,79.62,198.25,12.3,0.26,1.27,8.69,3.48,6.08,8,70.88,0.09,62.52,2.27,4.321294441,2.88,213.04
2022,9,17,9,1.13,2.2,3.39,155.95,279.23,22.99,0.62,3.25,9.9,4.52,7.22,8.61,70.5,0.11,62.55,3.29,6.263021458,4.18,212.65
2022,9,17,10,1.52,2.75,3.99,202.92,346.08,29.85,0.96,4.98,10.86,5.45,8.15,9.22,70.88,0.13,62.56,3.68,7.005446494,4.67,214.09
2022,9,17,11,1.58,3.06,4.32,215.6,381.17,31.95,1.11,5.55,11.57,6.24,8.9,9.77,71.56,0.14,62.55,3.95,7.519433058,5.01,214.66
2022,9,17,12,1.35,3.08,4.36,185.75,380.5,28.1,0.98,4.88,11.76,6.83,9.3,10.19,73.69,0.14,62.5,4.2,7.995346543,5.36,216.52
2022,9,17,13,1.32,2.83,4.11,180.05,348.73,27.31,0.91,4.6,11.55,7.13,9.34,10.38,76.19,0.12,62.45,4.26,8.109565779,5.44,219.47
2022,9,17,14,1.26,2.36,3.58,165.33,288.83,24.48,0.72,3.83,11.12,7.1,9.11,10.38,78.25,0.11,62.41,4.05,7.709798452,5.17,221.57
2022,9,17,15,0.86,1.7,2.82,112.1,206.2,16.34,0.38,1.92,10.48,6.86,8.66,10.25,80.44,0.08,62.38,3.68,7.005446494,4.7,222.78
2022,9,17,16,0.48,0.95,1.87,59.98,113.9,8.71,0.12,0.62,9.52,6.44,7.98,9.95,83.25,0.05,62.39,3.2,6.091692604,4.13,223.01
2022,9,17,17,0.2,0.29,0.83,24.4,34.83,3.47,0.02,0.08,8.31,6.08,7.19,9.7,88.12,0.03,62.42,2.52,4.797207926,3.33,223.67
2022,9,17,18,0,0,0,0,0,0,0,0,6.8,6.04,6.42,9.64,97.38,0.02,62.46,1.17,2.227275108,1.77,221.23
2022,9,17,19,0,0,0,0,0,0,0,0,6.31,5.94,6.12,9.58,99.94,0.02,62.5,0.65,1.23737506,1.06,224.1
2022,9,17,20,0,0,0,0,0,0,0,0,6.2,5.85,6.02,9.52,100,0.02,62.54,0.36,0.685315418,0.62,218.32
2022,9,17,21,0,0,0,0,0,0,0,0,6.14,5.65,5.9,9.4,99.19,0.03,62.54,0.26,0.494950024,0.4,215.54
2022,9,17,22,0,0,0,0,0,0,0,0,6.05,5.45,5.75,9.22,98.38,0.03,62.53,0.27,0.513986563,0.47,193.57
2022,9,17,23,0,0,0,0,0,0,0,0,5.9,5.33,5.62,9.16,98.62,0.03,62.51,0.37,0.704351957,0.63,181.41
2022,9,18,0,0,0,0,0,0,0,0,0,5.78,5.37,5.58,9.22,99.75,0.03,62.48,0.49,0.93279043,0.76,178.23
2022,9,18,1,0,0,0,0,0,0,0,0,5.76,5.38,5.58,9.22,99.75,0.03,62.46,0.65,1.23737506,0.98,199.01
2022,9,18,2,0,0,0,0,0,0,0,0,5.65,5.37,5.51,9.16,100,0.02,62.43,0.65,1.23737506,1.06,217.54
2022,9,18,3,0,0,0,0,0,0,0,0,5.51,5.26,5.39,9.09,100,0.01,62.41,0.44,0.837607733,0.82,230.4
2022,9,18,4,0,0,0,0,0,0,0,0,5.43,5.15,5.29,9.03,100,0,62.41,0.33,0.6282058,0.64,240
2022,9,18,5,0,0,0,0,0,0,0,0,5.38,5.07,5.23,8.97,100,0,62.43,0.29,0.552059642,0.61,255.26
2022,9,18,6,0.15,0.15,0.48,17,18.25,2.38,0.01,0.02,5.6,5.2,5.4,9.09,99.56,0,62.47,0.41,0.780498115,0.72,270
2022,9,18,7,0.75,0.77,1.57,86.73,91.52,10.88,0.12,0.55,6.81,5.79,6.3,9.46,95.31,0,62.52,1.04,1.979800096,1.33,258.09
2022,9,18,8,1.43,1.5,2.56,170.65,179.9,21.79,0.42,2.1,8.38,6.47,7.43,9.89,89.75,0,62.55,2.06,3.921527114,2.65,234.25
2022,9,18,9,1.89,2.14,3.38,231.9,259.27,30.73,0.8,4.12,9.31,6.56,7.94,9.95,85,0,62.58,2.74,5.216011792,3.53,222.94
2022,9,18,10,1.96,2.62,3.98,239.17,316.85,33.48,1.04,5.35,10.11,6.66,8.38,10.07,81.19,0,62.59,3.26,6.20591184,4.2,216.29
2022,9,18,11,1.96,2.85,4.3,244.88,344.12,34.28,1.15,5.77,10.37,6.76,8.56,10.07,80.19,0,62.58,3.62,6.891227258,4.66,212.89
2022,9,18,12,2.19,3.36,4.34,290.95,425.67,45.09,1.6,8.2,10.01,6.8,8.4,10.13,82.25,0,62.56,3.65,6.948336876,4.7,212.16
2022,9,18,13,1.85,3.1,4.09,249.25,391.33,38.04,1.28,6.55,9.92,6.9,8.41,10.19,83.31,0.01,62.52,3.56,6.777008022,4.59,212.2
2022,9,18,14,1.49,2.59,3.57,197.17,326.88,29.58,0.86,4.45,9.82,6.94,8.37,10.19,84.12,0.01,62.49,3.46,6.586642628,4.48,212.83
2022,9,18,15,0.96,1.9,2.8,126.27,238.67,19.23,0.45,2.23,9.34,6.93,8.13,10.19,86.69,0.01,62.47,3.09,5.882290671,4.04,213.07
2022,9,18,16,0.58,1.06,1.85,72,129.58,9.96,0.14,0.67,8.79,6.87,7.83,10.19,89.69,0.01,62.48,2.64,5.025646398,3.48,213.94
2022,9,18,17,0.21,0.33,0.8,26.35,39.55,3.79,0.02,0.08,8.05,6.9,7.48,10.19,94.69,0,62.51,1.95,3.71212518,2.6,215.94
2022,9,18,18,0,0,0,0,0,0,0,0,7.16,6.79,6.98,10.13,99.81,0,62.54,1.05,1.998836636,1.57,214.64
2022,9,18,19,0,0,0,0,0,0,0,0,6.87,6.64,6.76,10.01,100,0,62.59,0.97,1.846544321,1.46,205.05
2022,9,18,20,0,0,0,0,0,0,0,0,6.64,6.44,6.54,9.89,100,0,62.63,0.94,1.789434702,1.38,195.77
2022,9,18,21,0,0,0,0,0,0,0,0,6.3,6.01,6.15,9.58,100,0,62.65,0.8,1.522923151,1.21,188.91
2022,9,18,22,0,0,0,0,0,0,0,0,5.81,5.65,5.73,9.34,100,0.01,62.64,0.62,1.180265442,0.99,184.05
2022,9,18,23,0,0,0,0,0,0,0,0,5.3,5.31,5.31,9.16,100,0.01,62.62,0.52,0.989900048,0.93,181.93
2022,9,19,0,0,0,0,0,0,0,0,0,4.92,5.03,4.98,8.97,100,0.01,62.59,0.47,0.894717351,0.88,183.54
2022,9,19,1,0,0,0,0,0,0,0,0,4.76,4.79,4.77,8.85,100,0.01,62.56,0.42,0.799534654,0.77,184.09
2022,9,19,2,0,0,0,0,0,0,0,0,4.67,4.58,4.62,8.73,100,0.01,62.53,0.34,0.647242339,0.57,174.45
2022,9,19,3,0,0,0,0,0,0,0,0,4.73,4.37,4.55,8.54,100,0.01,62.51,0.25,0.475913485,0.38,140.04
2022,9,19,4,0,0,0,0,0,0,0,0,4.69,4.12,4.4,8.42,98.38,0.01,62.51,0.31,0.590132721,0.48,81.61
2022,9,19,5,0,0,0,0,0,0,0,0,4.62,3.77,4.19,8.18,96.25,0.01,62.52,0.49,0.93279043,0.78,61.11
2022,9,19,6,0.15,0.16,0.48,17.83,19,2.45,0.01,0.02,5,3.65,4.33,8.06,92.75,0,62.57,0.5,0.951826969,0.81,69.64
2022,9,19,7,0.67,0.81,1.57,79.17,96.85,10.05,0.1,0.52,7.42,4.47,5.94,8.61,83.56,0,62.63,0.81,1.54195969,1.01,142.51
2022,9,19,8,1.28,1.55,2.55,156.55,188.67,20.64,0.4,1.98,9.35,5.02,7.19,8.97,76.25,0,62.69,2,3.807307877,2.51,183.92
2022,9,19,9,1.46,2.23,3.37,188.45,274.6,26.53,0.72,3.73,10.62,5.69,8.15,9.4,73.75,0,62.72,2.73,5.196975253,3.44,194.32
2022,9,19,10,1.79,2.76,3.97,231.88,341.02,34.12,1.09,5.67,11.44,6.27,8.86,9.83,72.94,0,62.71,3.26,6.20591184,4.13,199.46
2022,9,19,11,2.1,3.02,4.29,274.95,372.48,39.2,1.34,6.77,11.88,6.73,9.31,10.19,73.19,0,62.69,3.75,7.13870227,4.78,202.88
2022,9,19,12,2.1,3.22,4.33,277.98,403.4,41.11,1.44,7.27,12.01,7.05,9.53,10.38,73.94,0,62.64,4.21,8.014383082,5.44,205.53
2022,9,19,13,1.7,2.97,4.08,224.27,370.52,33.56,1.1,5.65,11.71,7.33,9.52,10.56,76.81,0,62.58,4.48,8.528369645,5.84,208.35
2022,9,19,14,1.46,2.5,3.55,192.4,311.38,28.73,0.84,4.4,11.13,7.62,9.37,10.74,81.12,0,62.52,4.56,8.680661961,5.98,210.78
2022,9,19,15,0.96,1.81,2.78,125.58,223.83,18.91,0.43,2.15,10.23,7.74,8.98,10.8,86.69,0.01,62.49,4.29,8.166675397,5.71,213.45
2022,9,19,16,0.42,1.02,1.83,53.62,124.2,8.16,0.11,0.55,9.37,7.82,8.59,10.93,92.44,0.01,62.49,3.86,7.348104203,5.19,215.75
2022,9,19,17,0.19,0.31,0.78,24.4,36.15,3.55,0.02,0.08,8.58,7.87,8.23,10.99,98,0.01,62.51,3.09,5.882290671,4.23,215.92
2022,9,19,18,0,0,0,0,0,0,0,0,8.17,7.99,8.08,11.05,100,0.02,62.54,2,3.807307877,2.93,211.91
2022,9,19,19,0,0,0,0,0,0,0,0,7.88,7.97,7.92,11.05,100,0.02,62.6,1.95,3.71212518,3.02,204.91
2022,9,19,20,0,0,0,0,0,0,0,0,7.51,7.58,7.55,10.74,100,0.02,62.66,2.27,4.321294441,3.47,198.52
2022,9,19,21,0,0,0,0,0,0,0,0,6.56,6.44,6.5,9.89,100,0.02,62.7,2.22,4.226111744,3.33,193.97
2022,9,19,22,0,0,0,0,0,0,0,0,5.33,5.13,5.23,9.03,100,0.02,62.71,1.36,2.588969357,2.08,190.59
2022,9,19,23,0,0,0,0,0,0,0,0,4.66,4.22,4.44,8.42,99.38,0.01,62.69,0.32,0.60916926,0.66,195.85
2022,9,20,0,0,0,0,0,0,0,0,0,4.33,3.84,4.09,8.24,98.81,0.01,62.65,0.2,0.380730788,0.29,313.92
2022,9,20,1,0,0,0,0,0,0,0,0,4.12,3.48,3.8,8,97.69,0.01,62.6,0.21,0.399767327,0.53,350.68
2022,9,20,2,0,0,0,0,0,0,0,0,4.37,3.13,3.76,7.81,93.56,0.01,62.56,0.27,0.513986563,0.59,7.59
2022,9,20,3,0,0,0,0,0,0,0,0,4.81,2.86,3.83,7.69,89,0.01,62.53,0.23,0.437840406,0.4,29.6
2022,9,20,4,0,0,0,0,0,0,0,0,4.87,2.52,3.7,7.51,86.56,0,62.53,0.24,0.456876945,0.38,56.63
2022,9,20,5,0,0,0,0,0,0,0,0,4.76,2.36,3.56,7.39,86.25,0,62.55,0.38,0.723388497,0.61,60.16
2022,9,20,6,0.13,0.16,0.47,15.45,19.33,2.19,0.01,0.02,4.91,2.6,3.76,7.51,86.81,0.03,62.58,0.49,0.93279043,0.82,61.48
2022,9,20,7,0.65,0.85,1.56,78.9,103.83,10.95,0.12,0.6,7.03,3.42,5.23,8,79.69,0.03,62.63,0.6,1.142192363,0.82,99.28
2022,9,20,8,1.36,1.65,2.55,169.73,203.02,23.71,0.49,2.45,9.13,3.7,6.42,8.12,70.38,0.03,62.68,1.54,2.931627066,1.91,162.83
2022,9,20,9,1.91,2.31,3.37,240,284.73,33.43,0.92,4.85,10.6,4.68,7.64,8.73,68.5,0.03,62.7,2.48,4.721061768,3.13,179.43
2022,9,20,10,2.21,2.81,3.96,278.17,347.67,39.76,1.28,6.7,11.71,5.58,8.64,9.34,67.88,0.03,62.71,3.19,6.072656065,4.03,188.35
2022,9,20,11,2.18,3.08,4.28,282.15,380.23,40.59,1.41,7.23,12.27,6.44,9.36,9.95,69.56,0.03,62.69,3.84,7.310031125,4.9,194.5
2022,9,20,12,2.14,3.34,4.32,284.58,420.88,44.02,1.59,8.12,12.11,7,9.55,10.31,73.12,0.03,62.65,4.24,8.0714927,5.44,197.11
2022,9,20,13,1.72,3.08,4.06,229.02,387.98,35.74,1.22,6.3,11.7,7.19,9.44,10.44,76.06,0.03,62.6,4.44,8.452223488,5.75,198.12
2022,9,20,14,1.46,2.6,3.53,195.23,326.75,30.2,0.91,4.83,11.2,7.2,9.2,10.44,78.56,0.03,62.55,4.43,8.433186949,5.76,199.42
2022,9,20,15,0.97,1.91,2.77,127.85,239.4,19.88,0.47,2.38,10.58,7.05,8.82,10.38,80.94,0.02,62.52,4.18,7.957273464,5.46,201.31
2022,9,20,16,0.53,1.1,1.81,68.48,135.58,10.32,0.15,0.73,9.8,6.81,8.31,10.19,83.88,0.02,62.53,3.68,7.005446494,4.85,204.13
2022,9,20,17,0.16,0.33,0.75,21.2,38.77,3.23,0.02,0.08,8.69,6.83,7.76,10.13,90.31,0.01,62.55,2.84,5.406377186,3.79,208.84
2022,9,20,18,0,0,0,0,0,0,0,0,7.4,6.99,7.19,10.25,99.75,0.01,62.59,1.41,2.684152054,2.08,213.21
2022,9,20,19,0,0,0,0,0,0,0,0,7.09,6.99,7.05,10.25,100,0.01,62.64,1.07,2.036909714,1.64,212.18
2022,9,20,20,0,0,0,0,0,0,0,0,6.98,6.95,6.97,10.19,100,0.02,62.7,0.92,1.751361624,1.45,206.57
2022,9,20,21,0,0,0,0,0,0,0,0,6.57,6.71,6.64,10.01,100,0.02,62.73,0.85,1.618105848,1.35,202.42
2022,9,20,22,0,0,0,0,0,0,0,0,6.2,6.33,6.26,9.77,100,0.03,62.73,0.9,1.713288545,1.4,203.99
2022,9,20,23,0,0,0,0,0,0,0,0,5.8,5.63,5.72,9.34,100,0.03,62.71,0.78,1.484850072,1.22,206.73
2022,9,21,0,0,0,0,0,0,0,0,0,5.51,5.24,5.37,9.09,100,0.03,62.68,0.59,1.123155824,0.94,211.7
2022,9,21,1,0,0,0,0,0,0,0,0,5.12,4.97,5.05,8.91,100,0.02,62.65,0.31,0.590132721,0.59,216.42
2022,9,21,2,0,0,0,0,0,0,0,0,4.87,4.63,4.75,8.73,100,0.01,62.6,0.04,0.076146158,0.14,240.64
2022,9,21,3,0,0,0,0,0,0,0,0,4.46,4.14,4.3,8.42,100,0.01,62.58,0.28,0.533023103,0.47,9.62
2022,9,21,4,0,0,0,0,0,0,0,0,4.19,3.44,3.82,8,96.94,0,62.58,0.64,1.218338521,1.04,23.48
2022,9,21,5,0,0,0,0,0,0,0,0,3.98,2.69,3.33,7.57,93,0,62.59,0.85,1.618105848,1.4,32.45
2022,9,21,6,0.15,0.17,0.46,17.15,19.65,2.41,0.01,0.05,4.27,2.29,3.28,7.32,88.44,0,62.62,0.91,1.732325084,1.52,37.05
2022,9,21,7,0.77,0.86,1.55,90.55,103.5,11.26,0.12,0.6,7.37,3.73,5.55,8.18,79.88,0,62.67,0.53,1.008936588,0.77,54.87
2022,9,21,8,1.56,1.66,2.54,190.45,203.73,25.06,0.5,2.45,9.88,3.4,6.64,8,66,0,62.71,1.36,2.588969357,1.69,194.74
2022,9,21,9,2.12,2.35,3.36,263.65,288.73,36.1,0.98,4.98,11.41,3.75,7.58,8.3,61.5,0,62.72,2.4,4.568769453,3.01,203.37
2022,9,21,10,2.54,2.86,3.95,315.8,351.2,44.09,1.41,7.35,12.53,4.3,8.41,8.67,59.75,0,62.72,3.18,6.053619525,4.03,206.37
2022,9,21,11,2.54,3.12,4.27,319.4,381.1,45.42,1.58,8.12,13.09,5.16,9.13,9.22,61.44,0.01,62.71,3.82,7.271958046,4.86,207.76
2022,9,21,12,2.43,3.39,4.31,317.67,423.95,48.88,1.78,9.08,13.18,6.05,9.62,9.83,65.06,0.03,62.68,4.16,7.919200385,5.31,209.43
2022,9,21,13,1.94,3.12,4.05,255.3,390.2,39.39,1.34,6.98,12.57,6.69,9.63,10.25,70.5,0.05,62.63,4.15,7.900163846,5.3,211.75
2022,9,21,14,1.42,2.63,3.52,188.95,328.12,28.63,0.86,4.55,11.84,6.97,9.4,10.44,75,0.07,62.59,3.97,7.557506137,5.08,213.64
2022,9,21,15,0.94,1.92,2.75,121.1,238.4,17.78,0.41,2.05,11.12,6.88,9,10.31,77.94,0.07,62.55,3.68,7.005446494,4.71,214.45
2022,9,21,16,0.56,1.09,1.79,70.4,132.33,9.91,0.14,0.67,10.2,6.66,8.43,10.13,81.56,0.06,62.54,3.3,6.282057998,4.26,214.1
2022,9,21,17,0.19,0.32,0.73,23.77,37.85,3.37,0.02,0.08,8.87,6.49,7.68,10.01,88.12,0.05,62.55,2.74,5.216011792,3.63,214.03
2022,9,21,18,0,0,0,0,0,0,0,0,6.8,6.65,6.72,10.13,100,0.05,62.58,1.26,2.398603963,2,214.5
2022,9,21,19,0,0,0,0,0,0,0,0,6.74,6.77,6.76,10.19,100,0.04,62.64,1.2,2.284384726,1.86,214.22
2022,9,21,20,0,0,0,0,0,0,0,0,6.43,6.44,6.44,9.95,100,0.03,62.7,1.02,1.941727017,1.63,214.83
2022,9,21,21,0,0,0,0,0,0,0,0,6.07,5.99,6.03,9.64,100,0.02,62.73,0.79,1.503886612,1.27,218.49
2022,9,21,22,0,0,0,0,0,0,0,0,5.65,5.57,5.61,9.34,100,0.01,62.72,0.79,1.503886612,1.21,222.65
2022,9,21,23,0,0,0,0,0,0,0,0,4.96,5.12,5.05,9.09,100,0,62.7,0.57,1.085082745,0.98,231.77
2022,9,22,0,0,0,0,0,0,0,0,0,4.55,4.69,4.62,8.85,100,0,62.68,0.44,0.837607733,0.75,242.9
2022,9,22,1,0,0,0,0,0,0,0,0,4.17,3.98,4.08,8.42,100,0,62.65,0.25,0.475913485,0.42,302.8
2022,9,22,2,0,0,0,0,0,0,0,0,3.8,3.17,3.48,7.93,99.06,0,62.61,0.43,0.818571194,0.73,8.56
2022,9,22,3,0,0,0,0,0,0,0,0,3.44,2.26,2.84,7.39,94.88,0,62.58,0.68,1.294484678,1.06,29.95
2022,9,22,4,0,0,0,0,0,0,0,0,3.15,1.37,2.26,6.9,90.5,0,62.57,0.84,1.599069309,1.33,37.82
2022,9,22,5,0,0,0,0,0,0,0,0,3,0.47,1.73,6.47,85.5,0,62.57,0.87,1.656178927,1.39,42.27
2022,9,22,6,0.15,0.17,0.45,17.08,19.77,2.38,0.01,0.05,3.48,0.01,1.75,6.23,79.75,0,62.6,0.8,1.522923151,1.26,47.51
2022,9,22,7,0.73,0.88,1.54,86.25,105.2,10.82,0.12,0.58,6.37,1.7,4.03,7.14,74.75,0,62.64,0.48,0.913753891,0.65,79.63
2022,9,22,8,1.38,1.67,2.53,169.12,203.98,22.63,0.45,2.23,9.21,1.08,5.15,6.84,58.69,0,62.68,1.87,3.559832865,2.37,209.02
2022,9,22,9,2.13,2.35,3.35,265.02,288.4,36.25,0.97,4.95,10.83,1.49,6.16,7.02,54.19,0,62.71,2.88,5.482523344,3.66,214.91
2022,9,22,10,2.21,2.85,3.94,276.38,350.3,39.41,1.25,6.55,11.93,2.29,7.11,7.45,53.38,0,62.73,3.62,6.891227258,4.62,216.89
2022,9,22,11,2.35,3.13,4.26,300.58,383.9,43.15,1.49,7.55,12.37,3.33,7.85,8,55.81,0,62.72,4,7.614615755,5.11,218.29
2022,9,22,12,2.32,3.36,4.29,303.15,419.35,46.62,1.67,8.48,12.4,4.33,8.37,8.61,59.75,0,62.68,4.04,7.690761912,5.14,220.25
2022,9,22,13,2.09,3.1,4.03,271.6,385.95,41.76,1.41,7.33,12.21,5.05,8.62,9.03,63.5,0,62.62,4.01,7.633652294,5.09,221.76
2022,9,22,14,1.63,2.59,3.5,211.83,321.38,32.08,0.95,5.05,11.77,5.4,8.58,9.28,67.12,0,62.57,3.95,7.519433058,5.03,222.61
2022,9,22,15,1.08,1.88,2.73,138.25,232.38,20.8,0.48,2.4,11.02,5.47,8.25,9.34,71,0,62.55,3.67,6.986409955,4.7,222.24
2022,9,22,16,0.56,1.05,1.77,70.1,127.62,10.38,0.14,0.7,9.89,5.4,7.65,9.28,76.19,0,62.54,3.23,6.148802222,4.16,221.12
2022,9,22,17,0.21,0.29,0.7,25.83,34.02,3.65,0.02,0.08,8.27,5.33,6.8,9.22,84.56,0,62.56,2.45,4.66395215,3.22,220.87
2022,9,22,18,0,0,0,0,0,0,0,0,6.11,5.45,5.78,9.28,98.62,0.03,62.58,0.96,1.827507781,1.52,220.22
2022,9,22,19,0,0,0,0,0,0,0,0,5.59,5.44,5.51,9.28,100,0.02,62.63,0.44,0.837607733,0.77,226.64
2022,9,22,20,0,0,0,0,0,0,0,0,5.09,5.01,5.05,8.97,100,0.01,62.66,0.15,0.285548091,0.23,252.18
2022,9,22,21,0,0,0,0,0,0,0,0,4.32,4.08,4.19,8.42,100,0.01,62.69,0.15,0.285548091,0.23,309.56
2022,9,22,22,0,0,0,0,0,0,0,0,3.94,2.9,3.41,7.75,96,0.02,62.7,0.23,0.437840406,0.39,297.6
2022,9,22,23,0,0,0,0,0,0,0,0,3.59,1.68,2.64,7.14,90.31,0.03,62.69,0.26,0.494950024,0.43,301.68
2022,9,23,0,0,0,0,0,0,0,0,0,3.64,0.71,2.18,6.65,83.94,0.04,62.66,0.19,0.361694248,0.28,332.02
2022,9,23,1,0,0,0,0,0,0,0,0,3.67,-0.06,1.8,6.29,79.19,0.04,62.63,0.17,0.32362117,0.21,15.07
2022,9,23,2,0,0,0,0,0,0,0,0,3.71,-0.72,1.5,5.98,75.38,0.04,62.59,0.18,0.342657709,0.21,17.1
2022,9,23,3,0,0,0,0,0,0,0,0,3.69,-1.09,1.3,5.8,73.31,0.03,62.56,0.2,0.380730788,0.25,51.34
2022,9,23,4,0,0,0,0,0,0,0,0,3.58,-1.21,1.19,5.74,73,0.03,62.54,0.29,0.552059642,0.4,65.46
2022,9,23,5,0,0,0,0,0,0,0,0,3.49,-1.24,1.12,5.74,72.94,0.02,62.55,0.33,0.6282058,0.46,74.32
2022,9,23,6,0.14,0.15,0.45,15.48,17.8,2.14,0.01,0.02,3.83,-0.89,1.47,5.86,72.94,0.03,62.58,0.22,0.418803867,0.31,101.59
2022,9,23,7,0.59,0.81,1.53,70.42,96.12,9.24,0.09,0.48,6.05,1.11,3.58,6.84,73,0.03,62.62,0.73,1.389667375,0.88,207.47
2022,9,23,8,1.14,1.58,2.52,141.15,191.23,19.23,0.38,1.85,8.43,1.91,5.17,7.14,64.88,0.04,62.67,2.37,4.511659835,3.05,219.28
2022,9,23,9,1.59,2.26,3.34,203.05,274.33,28.38,0.76,3.95,9.93,2.76,6.34,7.57,62.25,0.05,62.69,3.28,6.243984919,4.18,221.37
2022,9,23,10,1.9,2.75,3.93,239.17,333.9,33.9,1.05,5.5,10.96,3.87,7.42,8.24,63.06,0.08,62.69,3.96,7.538469597,5.06,222.56
2022,9,23,11,2.01,3,4.25,258.58,364.92,36.59,1.23,6.12,11.26,5.07,8.16,8.97,67.19,0.13,62.68,4.3,8.185711936,5.5,223.5
2022,9,23,12,2.09,3.16,4.28,271.85,391.33,40.53,1.39,6.98,11.27,5.87,8.58,9.46,71,0.21,62.64,4.42,8.414150409,5.65,224.33
2022,9,23,13,1.64,2.91,4.02,213.25,356.73,31.96,1.03,5.33,10.99,6.24,8.62,9.7,74.19,0.27,62.58,4.4,8.37607733,5.63,224.83
2022,9,23,14,1.03,2.4,3.48,138.77,292.83,21.3,0.6,3.17,10.5,6.3,8.4,9.77,77,0.33,62.53,4.29,8.166675397,5.51,225.63
2022,9,23,15,0.55,1.72,2.71,71.27,206.7,10.58,0.22,1.1,9.82,6.12,7.98,9.7,79.75,0.33,62.5,3.72,7.081592652,4.77,227.26
2022,9,23,16,0.39,0.93,1.75,49.2,110.33,7.41,0.09,0.48,9.03,5.86,7.44,9.52,82.75,0.27,62.49,3.04,5.787107974,3.9,229.8
2022,9,23,17,0.16,0.25,0.68,20.1,28.55,2.84,0.01,0.05,7.8,5.59,6.69,9.4,88.62,0.23,62.5,2.09,3.978636732,2.74,232.54
2022,9,23,18,0,0,0,0,0,0,0,0,5.99,5.45,5.73,9.28,99.12,0.16,62.52,0.58,1.104119284,0.93,230.81
2022,9,23,19,0,0,0,0,0,0,0,0,5.22,5.19,5.2,9.09,100,0.14,62.56,0.04,0.076146158,0.09,184.76
2022,9,23,20,0,0,0,0,0,0,0,0,4.64,4.58,4.61,8.67,100,0.14,62.6,0.21,0.399767327,0.37,80.34
2022,9,23,21,0,0,0,0,0,0,0,0,4.48,3.89,4.19,8.3,98.69,0.13,62.61,0.21,0.399767327,0.35,108.43
2022,9,23,22,0,0,0,0,0,0,0,0,4.62,3.38,4,8,94.62,0.12,62.61,0.28,0.533023103,0.44,164.48
2022,9,23,23,0,0,0,0,0,0,0,0,4.62,3.32,3.97,8,94.38,0.1,62.59,0.5,0.951826969,0.74,182.41
2022,9,24,0,0,0,0,0,0,0,0,0,4.26,3.6,3.93,8.18,99.06,0.07,62.56,0.6,1.142192363,0.92,193.68
2022,9,24,1,0,0,0,0,0,0,0,0,4.17,4.03,4.1,8.48,100,0.04,62.51,0.78,1.484850072,1.33,216.87
2022,9,24,2,0,0,0,0,0,0,0,0,4.37,4.67,4.52,8.85,100,0.02,62.47,1.08,2.055946254,2.02,224.84
2022,9,24,3,0,0,0,0,0,0,0,0,4.88,5.5,5.19,9.28,100,0.01,62.44,1.21,2.303421266,2.42,224.22
2022,9,24,4,0,0,0,0,0,0,0,0,5.06,5.85,5.46,9.52,100,0.01,62.44,1.3,2.47475012,2.56,226.61
2022,9,24,5,0,0,0,0,0,0,0,0,4.77,5.52,5.15,9.34,100,0,62.48,1.15,2.18920203,2.34,229.34
2022,9,24,6,0.13,0.15,0.44,14.6,17.3,1.99,0.01,0.02,4.7,5.09,4.9,9.03,100,0.01,62.52,0.89,1.694252005,1.81,228.67
2022,9,24,7,0.57,0.82,1.52,68.5,98.02,8.98,0.09,0.48,6.37,5.39,5.88,9.28,96.62,0,62.58,1.72,3.274284775,2.28,229.99
2022,9,24,8,1.17,1.6,2.51,144.65,195.45,19.78,0.39,1.92,7.81,5.09,6.45,9.09,85.81,0.01,62.64,2.3,4.378404059,2.91,233.84
2022,9,24,9,1.65,2.26,3.33,209.73,276.73,29.19,0.78,4,9.61,4.9,7.26,8.97,75.06,0.02,62.67,3.12,5.939400289,3.94,232.9
2022,9,24,10,2.28,2.73,3.92,283.9,334.5,39.45,1.24,6.5,10.9,4.9,7.9,8.97,68.88,0.03,62.67,3.73,7.100629191,4.72,232.13
2022,9,24,11,1.97,2.99,4.24,255.33,366.35,36.51,1.24,6.27,11.58,5.34,8.46,9.28,67.94,0.06,62.65,4.14,7.881127306,5.27,230.17
2022,9,24,12,2.05,3.13,4.26,268.58,387.33,40.2,1.39,7,11.73,5.87,8.8,9.58,69.81,0.12,62.6,4.38,8.338004252,5.59,228.74
2022,9,24,13,1.41,2.83,4,184.65,346.83,27.49,0.89,4.6,11.44,6.2,8.82,9.83,72.75,0.22,62.54,4.4,8.37607733,5.62,228.1
2022,9,24,14,0.73,2.28,3.46,99.08,275.95,15,0.42,2.23,10.9,6.3,8.6,9.95,75.88,0.23,62.48,4.21,8.014383082,5.38,228.83
2022,9,24,15,0.51,1.57,2.69,67.1,187.73,10.1,0.22,1.1,10.19,6.23,8.21,9.89,79.25,0.17,62.44,3.84,7.310031125,4.91,229.72
2022,9,24,16,0.27,0.82,1.73,35.55,95.48,5.28,0.07,0.33,9.2,6.12,7.66,9.83,84.25,0.12,62.42,3.26,6.20591184,4.18,231.22
2022,9,24,17,0.11,0.2,0.66,13.62,23.6,1.93,0.01,0.02,7.9,6.01,6.95,9.77,91.38,0.08,62.42,2.42,4.606842532,3.18,229.49
2022,9,24,18,0,0,0,0,0,0,0,0,6.69,6.27,6.48,9.89,100,0.13,62.44,1.35,2.569932817,1.96,216.09
2022,9,24,19,0,0,0,0,0,0,0,0,6.55,6.48,6.51,10.01,100,0.11,62.48,1.21,2.303421266,1.86,205.38
2022,9,24,20,0,0,0,0,0,0,0,0,6.28,6.25,6.26,9.83,100,0.1,62.53,1.1,2.094019333,1.78,205.78
2022,9,24,21,0,0,0,0,0,0,0,0,6.13,6.02,6.08,9.7,100,0.1,62.57,0.96,1.827507781,1.56,208.5
2022,9,24,22,0,0,0,0,0,0,0,0,5.71,5.8,5.76,9.58,100,0.1,62.56,0.82,1.56099623,1.47,214.79
2022,9,24,23,0,0,0,0,0,0,0,0,5.49,5.75,5.62,9.58,100,0.1,62.53,0.8,1.522923151,1.58,221.4
2022,9,25,0,0,0,0,0,0,0,0,0,5.4,5.81,5.61,9.64,100,0.1,62.5,0.8,1.522923151,1.73,224.08
2022,9,25,1,0,0,0,0,0,0,0,0,5.21,5.8,5.51,9.64,100,0.09,62.45,0.9,1.713288545,1.9,227.66
2022,9,25,2,0,0,0,0,0,0,0,0,4.87,5.5,5.18,9.4,100,0.08,62.42,0.92,1.751361624,1.92,233.46
2022,9,25,3,0,0,0,0,0,0,0,0,4.54,5.06,4.8,9.09,100,0.07,62.4,0.8,1.522923151,1.75,237.94
2022,9,25,4,0,0,0,0,0,0,0,0,3.99,4.26,4.12,8.54,100,0.06,62.4,0.68,1.294484678,1.42,248.78
2022,9,25,5,0,0,0,0,0,0,0,0,3.88,3.74,3.81,8.24,100,0.05,62.44,0.57,1.085082745,1.02,259.38
2022,9,25,6,0.12,0.12,0.43,13.3,14.75,1.98,0.01,0.02,4.19,3.54,3.87,8.06,98.06,0.03,62.5,0.3,0.571096182,0.51,262.12
2022,9,25,7,0.52,0.68,1.52,61.3,79.52,8.03,0.09,0.4,6.32,4.3,5.3,8.54,89.38,0.03,62.56,0.81,1.54195969,1.03,234.61
2022,9,25,8,0.94,1.39,2.5,115.5,164.88,15.23,0.3,1.45,8.3,4.81,6.55,8.85,81,0.04,62.63,1.9,3.616942484,2.38,229.52
2022,9,25,9,1.37,2.02,3.32,172.48,241.3,23.43,0.61,3.17,9.8,5.12,7.46,9.09,75.06,0.07,62.66,2.64,5.025646398,3.31,222.04
2022,9,25,10,1.56,2.5,3.9,195.4,301.38,28.27,0.86,4.48,10.63,5.51,8.07,9.34,73.06,0.12,62.67,3.23,6.148802222,4.07,218.14
2022,9,25,11,1.6,2.74,4.22,206.15,331.17,30.17,0.99,5.05,10.79,5.98,8.38,9.64,74.5,0.24,62.66,3.72,7.081592652,4.73,217.34
2022,9,25,12,1.67,3.17,4.25,234.48,397.7,40.38,1.41,7.2,10.32,6.23,8.27,9.77,77.94,0.37,62.62,4.01,7.633652294,5.14,218.77
2022,9,25,13,1.27,2.88,3.99,180.88,360.5,31.52,1.02,5.3,9.75,6.26,8,9.77,80.94,0.46,62.58,4.14,7.881127306,5.34,221.8
2022,9,25,14,1.12,2.36,3.45,158.8,293.75,26.93,0.77,4,9.18,6.09,7.63,9.64,83.19,0.49,62.54,4.07,7.747871531,5.28,224.28
2022,9,25,15,0.89,1.67,2.67,123.02,206.12,20.66,0.45,2.25,8.75,5.9,7.33,9.58,84.75,0.46,62.52,3.89,7.405213822,5.08,226.06
2022,9,25,16,0.42,0.88,1.71,56.85,106.83,9.39,0.12,0.58,8.12,5.76,6.94,9.46,87.62,0.44,62.53,3.73,7.100629191,4.92,226.8
2022,9,25,17,0.16,0.22,0.63,20.05,26.33,3.06,0.01,0.05,7.15,5.63,6.39,9.4,92.88,0.43,62.56,3.24,6.167838761,4.37,226.45
2022,9,25,18,0,0,0,0,0,0,0,0,6.28,5.88,6.08,9.52,100,0.31,62.6,2.13,4.054782889,3,223.52
2022,9,25,19,0,0,0,0,0,0,0,0,6.18,5.98,6.08,9.58,100,0.27,62.65,1.78,3.388504011,2.58,223.03
2022,9,25,20,0,0,0,0,0,0,0,0,5.76,5.55,5.66,9.28,100,0.19,62.71,1.64,3.121992459,2.36,230.36
2022,9,25,21,0,0,0,0,0,0,0,0,5.15,5.1,5.13,9.03,100,0.14,62.74,1.09,2.074982793,1.69,232.33
2022,9,25,22,0,0,0,0,0,0,0,0,4.66,4.73,4.69,8.79,100,0.09,62.74,0.81,1.54195969,1.39,231.84
2022,9,25,23,0,0,0,0,0,0,0,0,4.15,4.23,4.19,8.54,100,0.06,62.72,0.67,1.275448139,1.22,236.21
2022,9,26,0,0,0,0,0,0,0,0,0,3.63,3.6,3.62,8.18,100,0.05,62.7,0.5,0.951826969,0.93,252.93
2022,9,26,1,0,0,0,0,0,0,0,0,3.01,2.82,2.91,7.69,100,0.03,62.67,0.32,0.60916926,0.62,283.16
2022,9,26,2,0,0,0,0,0,0,0,0,2.76,2.31,2.54,7.45,100,0.02,62.63,0.24,0.456876945,0.51,311.92
2022,9,26,3,0,0,0,0,0,0,0,0,2.69,1.88,2.29,7.2,97.44,0.01,62.59,0.23,0.437840406,0.53,334.57
2022,9,26,4,0,0,0,0,0,0,0,0,2.68,1.3,1.99,6.9,93.44,0.01,62.56,0.27,0.513986563,0.59,356.95
2022,9,26,5,0,0,0,0,0,0,0,0,2.68,0.37,1.52,6.47,87.25,0.01,62.57,0.35,0.666278879,0.62,13.86
2022,9,26,6,0.12,0.13,0.42,13.65,16.08,2.05,0.01,0.02,3.16,0.12,1.65,6.35,82.69,0.01,62.6,0.3,0.571096182,0.51,26.57
2022,9,26,7,0.5,0.77,1.51,63.62,94.75,9.82,0.1,0.5,5.87,1.95,3.91,7.26,78.5,0.01,62.66,0.77,1.465813533,0.94,240.67
2022,9,26,8,0.99,1.54,2.5,130.58,191.3,20.49,0.41,2.02,7.76,3.55,5.65,8.12,77.19,0.02,62.72,2.69,5.120829095,3.45,232.82
2022,9,26,9,1.36,2.2,3.31,185.2,274.33,29.34,0.8,4.1,9.04,4.65,6.84,8.79,76.56,0.03,62.74,3.43,6.52953301,4.38,232.82
2022,9,26,10,1.59,2.68,3.89,218.33,334.7,34.78,1.1,5.8,9.94,5.33,7.64,9.22,75.44,0.04,62.74,3.99,7.595579215,5.1,231.66
2022,9,26,11,1.75,2.96,4.21,241.3,370.08,38.47,1.3,6.67,10.37,5.9,8.14,9.58,76.06,0.07,62.71,4.45,8.471260027,5.72,229.26
2022,9,26,12,1.67,2.97,4.24,232.45,371.15,37.35,1.26,6.48,10.62,6.28,8.44,9.83,76.75,0.12,62.66,4.83,9.194648524,6.25,227.99
2022,9,26,13,1.37,2.76,3.97,190.5,342.15,31.28,1.01,5.27,10.47,6.44,8.46,9.95,78.38,0.16,62.61,5.05,9.613452391,6.57,228.23
2022,9,26,14,1.12,2.25,3.43,156.7,277.5,25.31,0.7,3.65,9.99,6.37,8.18,9.89,80.44,0.19,62.56,4.98,9.480196615,6.51,229.58
2022,9,26,15,0.72,1.58,2.65,99.2,193,16.08,0.34,1.7,9.37,6.12,7.74,9.7,82.56,0.18,62.52,4.66,8.871027354,6.11,230.92
2022,9,26,16,0.36,0.83,1.69,47.42,99.12,7.52,0.09,0.45,8.48,5.83,7.15,9.58,86.06,0.14,62.51,4.09,7.785944609,5.38,232.02
2022,9,26,17,0.15,0.2,0.61,19.08,23.5,2.85,0.01,0.05,7.26,5.76,6.51,9.52,92.94,0.1,62.51,3.14,5.977473368,4.21,231.94
2022,9,26,18,0,0,0,0,0,0,0,0,6.05,5.93,5.99,9.58,100,0.05,62.53,1.49,2.836444369,2.23,223.72
2022,9,26,19,0,0,0,0,0,0,0,0,5.88,6.01,5.94,9.64,100,0.03,62.57,1.17,2.227275108,1.94,218.8
2022,9,26,20,0,0,0,0,0,0,0,0,5.69,5.91,5.8,9.52,100,0.02,62.61,1.12,2.132092411,1.92,219.21
2022,9,26,21,0,0,0,0,0,0,0,0,5.2,5.6,5.4,9.34,100,0.02,62.64,0.91,1.732325084,1.75,219.94
2022,9,26,22,0,0,0,0,0,0,0,0,4.58,5.17,4.87,9.09,100,0.02,62.63,0.81,1.54195969,1.68,223.49
2022,9,26,23,0,0,0,0,0,0,0,0,4.18,4.81,4.49,8.91,100,0.02,62.61,0.76,1.446776993,1.56,226.82
2022,9,27,0,0,0,0,0,0,0,0,0,3.98,4.58,4.27,8.79,100,0.02,62.58,0.72,1.370630836,1.39,227.51
2022,9,27,1,0,0,0,0,0,0,0,0,3.95,4.37,4.16,8.67,100,0.02,62.53,0.64,1.218338521,1.09,229.67
2022,9,27,2,0,0,0,0,0,0,0,0,3.95,4.08,4.02,8.48,100,0.02,62.49,0.46,0.875680812,0.7,237.38
2022,9,27,3,0,0,0,0,0,0,0,0,3.98,3.72,3.85,8.24,100,0.01,62.44,0.19,0.361694248,0.27,286.86
2022,9,27,4,0,0,0,0,0,0,0,0,3.64,3.21,3.42,7.93,99.75,0.01,62.42,0.5,0.951826969,0.77,20.83
2022,9,27,5,0,0,0,0,0,0,0,0,2.91,2.57,2.74,7.57,100,0,62.43,0.78,1.484850072,1.28,30
2022,9,27,6,0.12,0.13,0.42,13.65,15.55,2.05,0.01,0.02,3,2.01,2.51,7.2,95.06,0,62.45,0.86,1.637142387,1.45,32.92
2022,9,27,7,0.67,0.75,1.5,77.25,88.88,9.61,0.09,0.48,6.12,3.18,4.65,7.87,83.62,0,62.49,0.61,1.161228903,0.82,26.08
2022,9,27,8,1.11,1.47,2.49,134.3,177.42,17.68,0.34,1.7,8.86,3.15,6.01,7.93,69.62,0,62.55,1.07,2.036909714,1.38,222.71
2022,9,27,9,1.55,2.16,3.3,195.83,263.75,27.27,0.72,3.67,10.36,3.65,7.01,8.24,65.69,0,62.58,2.33,4.435513677,2.97,220.94
2022,9,27,10,2.11,2.64,3.88,267.83,323.62,38.02,1.21,6.35,11.51,4.62,8.06,8.85,65.31,0.01,62.59,3.28,6.243984919,4.19,224.17
2022,9,27,11,1.7,2.92,4.2,228,359.73,34.12,1.16,5.92,12.06,5.62,8.84,9.58,67.88,0.01,62.58,4.03,7.671725373,5.18,225.61
2022,9,27,12,1.94,3.21,4.22,265.6,406.08,43.93,1.55,7.98,11.87,6.37,9.12,10.07,72.19,0.02,62.54,4.47,8.509333106,5.77,227.08
2022,9,27,13,1.62,2.92,3.95,220.23,366.23,35.33,1.17,6.12,11.51,6.7,9.11,10.25,75.19,0.02,62.49,4.72,8.985246591,6.13,228.82
2022,9,27,14,1.21,2.38,3.41,161.83,296,24.84,0.71,3.7,11.11,6.68,8.9,10.19,76.88,0.03,62.44,4.69,8.928136973,6.12,231.01
2022,9,27,15,0.75,1.67,2.63,96.62,205.42,14.23,0.31,1.55,10.48,6.36,8.42,9.95,78.38,0.03,62.42,4.25,8.09052924,5.54,233.31
2022,9,27,16,0.42,0.87,1.67,49.7,104.35,6.71,0.09,0.42,9.64,6.05,7.84,9.77,81.31,0.03,62.42,3.62,6.891227258,4.75,234.24
2022,9,27,17,0.15,0.21,0.59,19.5,25.35,3.05,0.01,0.05,8.32,5.89,7.11,9.64,87.94,0.03,62.43,2.7,5.139865635,3.65,233.45
2022,9,27,18,0,0,0,0,0,0,0,0,6.37,6.12,6.24,9.77,100,0.21,62.46,0.98,1.86558086,1.74,227.55
2022,9,27,19,0,0,0,0,0,0,0,0,5.87,6.19,6.03,9.77,100,0.19,62.5,0.75,1.427740454,1.45,225.65
2022,9,27,20,0,0,0,0,0,0,0,0,5.84,6.03,5.94,9.64,100,0.16,62.53,0.74,1.408703915,1.32,225.24
2022,9,27,21,0,0,0,0,0,0,0,0,5.13,5.47,5.3,9.28,100,0.14,62.54,0.67,1.275448139,1.29,232.16
2022,9,27,22,0,0,0,0,0,0,0,0,4.61,4.98,4.79,8.97,100,0.13,62.53,0.66,1.2564116,1.25,239.59
2022,9,27,23,0,0,0,0,0,0,0,0,4.25,4.51,4.38,8.73,100,0.1,62.51,0.63,1.199301981,1.13,247.17
2022,9,28,0,0,0,0,0,0,0,0,0,3.86,3.98,3.91,8.42,100,0.06,62.49,0.52,0.989900048,0.88,268.99
2022,9,28,1,0,0,0,0,0,0,0,0,3.33,3.27,3.3,8,100,0.03,62.47,0.41,0.780498115,0.75,317.12
2022,9,28,2,0,0,0,0,0,0,0,0,2.79,2.25,2.51,7.45,99.38,0.01,62.45,0.54,1.027973127,0.94,347.01
2022,9,28,3,0,0,0,0,0,0,0,0,2.71,1.24,1.98,6.9,92.88,0,62.42,0.72,1.370630836,1.16,7.75
2022,9,28,4,0,0,0,0,0,0,0,0,2.8,0.23,1.51,6.41,85.62,0,62.41,0.84,1.599069309,1.34,18.75
2022,9,28,5,0,0,0,0,0,0,0,0,2.73,-0.67,1.03,5.98,80.25,0,62.42,0.81,1.54195969,1.29,25.48
2022,9,28,6,0.12,0.14,0.41,13.92,16.27,2.14,0.01,0.02,3.56,-0.92,1.33,5.86,74.19,0.02,62.44,0.75,1.427740454,1.1,30.2
2022,9,28,7,0.64,0.78,1.49,74.95,93.2,9.59,0.09,0.48,6.11,0.98,3.55,6.77,72.19,0,62.49,0.1,0.190365394,0.13,317.49
2022,9,28,8,1.14,1.55,2.48,141.55,188.15,19.45,0.38,1.88,8.27,1.91,5.09,7.32,67.19,0,62.54,2.19,4.169002126,2.81,222.64
2022,9,28,9,1.61,2.22,3.29,206.92,271.83,29.59,0.8,4.15,9.51,2.58,6.05,7.75,65.25,0,62.57,3.12,5.939400289,3.99,223.1
2022,9,28,10,1.91,2.72,3.87,244.85,333.38,36.09,1.14,5.98,10.47,3.36,6.91,8.24,64.94,0.01,62.56,3.68,7.005446494,4.68,225.27
2022,9,28,11,2.05,2.97,4.19,265.48,364.73,39.92,1.35,6.95,11.01,4.17,7.59,8.73,66.5,0.01,62.54,4.01,7.633652294,5.09,226.68
2022,9,28,12,2.27,3.19,4.21,297.23,398.45,47.14,1.64,8.52,11.19,4.82,8.01,9.16,68.62,0.01,62.49,4.2,7.995346543,5.35,227.66
2022,9,28,13,2.59,2.91,3.94,329.73,362.27,48.68,1.6,8.42,10.94,5.33,8.14,9.4,71.88,0.04,62.43,4.23,8.052456161,5.41,228.57
2022,9,28,14,2.05,2.39,3.39,260.88,295.4,37.21,1.05,5.48,10.51,5.57,8.04,9.52,74.88,0.09,62.39,4.11,7.824017688,5.26,229.76
2022,9,28,15,1.35,1.69,2.61,168.2,206.3,23.18,0.49,2.45,9.9,5.52,7.71,9.52,77.69,0.11,62.36,3.87,7.367140743,4.98,230.41
2022,9,28,16,0.6,0.89,1.65,70.98,105.9,9.37,0.11,0.55,8.94,5.46,7.2,9.46,82.5,0.14,62.36,3.46,6.586642628,4.48,230.51
2022,9,28,17,0.17,0.21,0.57,20,24.65,3.06,0.01,0.05,7.49,5.48,6.48,9.46,90.88,0.21,62.37,2.66,5.063719477,3.53,230.29
2022,9,28,18,0,0,0,0,0,0,0,0,5.56,5.7,5.63,9.52,100,0.29,62.4,1.04,1.979800096,1.77,222.49
2022,9,28,19,0,0,0,0,0,0,0,0,5.18,5.72,5.45,9.52,100,0.28,62.45,0.86,1.637142387,1.67,215.69
2022,9,28,20,0,0,0,0,0,0,0,0,4.57,5.07,4.82,9.09,100,0.18,62.51,0.79,1.503886612,1.57,215.9
2022,9,28,21,0,0,0,0,0,0,0,0,4.07,4.4,4.24,8.67,100,0.13,62.54,0.67,1.275448139,1.29,217.15
2022,9,28,22,0,0,0,0,0,0,0,0,3.44,3.61,3.52,8.24,100,0.06,62.53,0.49,0.93279043,0.96,223.34
2022,9,28,23,0,0,0,0,0,0,0,0,2.69,2.61,2.65,7.63,100,0.01,62.52,0.22,0.418803867,0.43,247.62
2022,9,29,0,0,0,0,0,0,0,0,0,1.8,1.25,1.52,6.96,99.81,0.01,62.51,0.2,0.380730788,0.25,339.86
2022,9,29,1,0,0,0,0,0,0,0,0,1.52,-0.28,0.62,6.23,91.19,0.01,62.49,0.28,0.533023103,0.4,5.6
2022,9,29,2,0,0,0,0,0,0,0,0,1.4,-2.06,-0.33,5.43,80.69,0.01,62.46,0.33,0.6282058,0.51,10.62
2022,9,29,3,0,0,0,0,0,0,0,0,1.31,-3.67,-1.17,4.82,72.06,0.01,62.44,0.44,0.837607733,0.68,14.68
2022,9,29,4,0,0,0,0,0,0,0,0,1.25,-4.95,-1.85,4.39,65.38,0,62.44,0.49,0.93279043,0.78,12.09
2022,9,29,5,0,0,0,0,0,0,0,0,1.48,-6.02,-2.27,3.97,58.88,0,62.46,0.51,0.970863509,0.79,13.08
2022,9,29,6,0.13,0.14,0.4,14.2,16.2,2.14,0.01,0.02,2.23,-6.77,-2.27,3.78,52.62,0,62.49,0.49,0.93279043,0.72,13.13
2022,9,29,7,0.73,0.8,1.48,83.15,93.6,10.32,0.1,0.5,4.64,-3.93,0.35,4.76,56.25,0,62.53,0.49,0.93279043,0.59,287.72
2022,9,29,8,1.44,1.56,2.47,171.42,186.77,22.27,0.41,2.05,6.87,-2.02,2.43,5.49,55.5,0,62.58,2.01,3.826344417,2.54,239.97
2022,9,29,9,2.02,2.24,3.28,245.92,269.92,33.55,0.86,4.35,8.47,-1.33,3.57,5.8,52.62,0,62.61,2.81,5.349267568,3.56,229.63
2022,9,29,10,2.21,2.73,3.86,276.62,329.48,39.45,1.22,6.4,9.74,-0.42,4.66,6.23,51.88,0,62.6,3.43,6.52953301,4.33,224.85
2022,9,29,11,2.26,2.96,4.17,286.4,356.9,41.27,1.37,7.05,10.46,0.64,5.55,6.77,53.56,0,62.58,3.86,7.348104203,4.89,222.8
2022,9,29,12,2.4,3.3,4.19,318.2,410,51.73,1.82,9.45,10.76,1.59,6.17,7.26,56.25,0,62.53,4.1,7.804981149,5.2,222.26
2022,9,29,13,1.92,3,3.92,254.6,370.12,40.77,1.34,7.05,10.71,2.32,6.51,7.63,59.12,0,62.48,4.19,7.976310003,5.32,222.56
2022,9,29,14,1.39,2.46,3.38,181.6,302.23,28.08,0.78,4.02,10.33,2.76,6.54,7.81,62.31,0,62.43,4.11,7.824017688,5.23,223.3
2022,9,29,15,0.86,1.73,2.59,109.92,209.75,16.28,0.34,1.7,9.58,3.05,6.31,7.93,66.62,0,62.41,3.86,7.348104203,4.94,222.63
2022,9,29,16,0.49,0.93,1.63,63.38,111.35,10.45,0.13,0.62,8.3,3.42,5.86,8.12,74.25,0,62.4,3.31,6.301094537,4.25,222.17
2022,9,29,17,0.17,0.2,0.55,20.48,23.67,3.11,0.01,0.05,6.45,3.73,5.09,8.3,86.06,0,62.42,2.32,4.416477138,3.05,221.37
2022,9,29,18,0,0,0,0,0,0,0,0,4.44,4.17,4.3,8.54,100,0,62.44,0.84,1.599069309,1.35,214.61
2022,9,29,19,0,0,0,0,0,0,0,0,4.12,4.17,4.14,8.54,100,0.01,62.49,0.41,0.780498115,0.81,202.83
2022,9,29,20,0,0,0,0,0,0,0,0,3.55,3.63,3.59,8.18,100,0,62.55,0.17,0.32362117,0.45,175.99
2022,9,29,21,0,0,0,0,0,0,0,0,2.86,2.75,2.8,7.69,100,0,62.58,0.1,0.190365394,0.25,159.86
2022,9,29,22,0,0,0,0,0,0,0,0,2.88,1.95,2.41,7.26,97,0,62.59,0.06,0.114219236,0.29,192.53
2022,9,29,23,0,0,0,0,0,0,0,0,2.8,1.18,1.99,6.9,92.44,0,62.58,0.07,0.133255776,0.31,210.47
2022,9,30,0,0,0,0,0,0,0,0,0,2.69,0.57,1.62,6.59,89.19,0,62.57,0.09,0.171328854,0.31,220.91
2022,9,30,1,0,0,0,0,0,0,0,0,2.58,0.02,1.3,6.35,86.31,0,62.54,0.14,0.266511551,0.35,233.13
2022,9,30,2,0,0,0,0,0,0,0,0,2.45,-0.52,0.97,6.1,83.56,0.01,62.52,0.2,0.380730788,0.42,240.12
2022,9,30,3,0,0,0,0,0,0,0,0,2.32,-0.86,0.73,5.92,82.06,0.01,62.5,0.18,0.342657709,0.42,237.2
2022,9,30,4,0,0,0,0,0,0,0,0,2.07,-1.13,0.47,5.8,81.56,0.01,62.49,0.03,0.057109618,0.13,217.57
2022,9,30,5,0,0,0,0,0,0,0,0,1.85,-1.38,0.23,5.68,81.06,0.01,62.5,0.17,0.32362117,0.12,50.19
2022,9,30,6,0.12,0.14,0.39,13.25,15.77,2.03,0.01,0.02,1.84,-1.41,0.22,5.62,80.69,0,62.53,0.14,0.266511551,0.19,26.57
2022,9,30,7,0.65,0.8,1.47,75.62,91.95,9.82,0.1,0.5,4.39,0.55,2.47,6.53,78.25,0,62.58,0.5,0.951826969,0.54,236.31
2022,9,30,8,1.25,1.56,2.46,149.67,183.2,20.1,0.39,1.9,6.92,1.15,4.04,6.77,68.12,0,62.63,1.73,3.293321314,2.17,223.25
2022,9,30,9,1.98,2.3,3.27,246.1,277.75,36.5,0.98,5.12,8.76,1.9,5.33,7.14,63.56,0,62.66,2.77,5.27312141,3.49,220.64
2022,9,30,10,2.21,2.73,3.85,276.67,327.92,39.35,1.23,6.58,10.13,2.67,6.4,7.57,61.5,0,62.65,3.49,6.643752246,4.4,220.61
2022,9,30,11,2.35,2.98,4.16,292.58,358.5,42.42,1.41,7.27,10.91,3.45,7.18,8.06,61.88,0,62.62,4.04,7.690761912,5.15,219.71
2022,9,30,12,2.34,3.23,4.18,307.15,399.58,48.9,1.7,8.8,11.18,4.17,7.68,8.48,64.06,0,62.57,4.38,8.338004252,5.6,219.62
2022,9,30,13,1.66,2.91,3.91,218.23,358.08,34.45,1.1,5.77,11.08,4.65,7.87,8.79,66.62,0,62.51,4.45,8.471260027,5.69,220.27
2022,9,30,14,1.27,2.41,3.36,171.35,296.05,28.75,0.81,4.2,10.7,4.8,7.75,8.91,69.12,0,62.46,4.28,8.147638858,5.47,221.29
2022,9,30,15,0.84,1.7,2.58,112.85,206.8,18.73,0.4,1.98,9.94,4.81,7.38,8.91,72.81,0,62.43,3.91,7.4432869,5,221.26
2022,9,30,16,0.39,0.88,1.61,50.7,104.88,8.55,0.1,0.5,8.74,4.87,6.8,8.97,79.25,0,62.43,3.29,6.263021458,4.23,221.11
2022,9,30,17,0.13,0.18,0.52,16.35,21.5,2.57,0.01,0.05,6.99,4.94,5.97,8.97,89.62,0,62.44,2.27,4.321294441,2.98,221.38
2022,9,30,18,0,0,0,0,0,0,0,0,5.19,5.15,5.17,9.09,100,0,62.46,0.81,1.54195969,1.35,213.87
2022,9,30,19,0,0,0,0,0,0,0,0,5.01,5.12,5.06,9.09,100,0,62.51,0.48,0.913753891,0.88,205.66
2022,9,30,20,0,0,0,0,0,0,0,0,4.44,4.54,4.48,8.73,100,0,62.56,0.14,0.266511551,0.4,194.86
2022,9,30,21,0,0,0,0,0,0,0,0,3.53,3.6,3.57,8.18,100,0,62.59,0.07,0.133255776,0.24,176.31
2022,9,30,22,0,0,0,0,0,0,0,0,3.51,2.47,2.99,7.51,95.94,0,62.6,0.07,0.133255776,0.31,187.31
2022,9,30,23,0,0,0,0,0,0,0,0,3.35,1.28,2.32,6.9,89.25,0,62.58,0.14,0.266511551,0.42,203.2
2022,10,1,0,0,0,0,0,0,0,0,0,3.03,0.44,1.73,6.53,85.81,0,62.56,0.1,0.190365394,0.33,209.58
2022,10,1,1,0,0,0,0,0,0,0,0,2.76,-0.18,1.29,6.23,83.38,0,62.53,0.06,0.114219236,0.21,228.01
2022,10,1,2,0,0,0,0,0,0,0,0,2.46,-0.65,0.9,5.98,82,0,62.49,0.11,0.209401933,0.09,275.19
2022,10,1,3,0,0,0,0,0,0,0,0,2.11,-0.91,0.6,5.86,82.25,0,62.46,0.19,0.361694248,0.19,308.29
2022,10,1,4,0,0,0,0,0,0,0,0,1.55,-1.03,0.26,5.8,84.56,0,62.46,0.24,0.456876945,0.3,334.09
2022,10,1,5,0,0,0,0,0,0,0,0,1.42,-1.15,0.14,5.74,84.44,0,62.47,0.31,0.590132721,0.41,344.65
2022,10,1,6,0.12,0.12,0.39,13.5,13.65,2.02,0.01,0.02,1.8,-1.22,0.29,5.68,81.69,0,62.5,0.27,0.513986563,0.41,351.25
2022,10,1,7,0.77,0.78,1.46,89.4,91.77,12.31,0.12,0.58,4.62,0.44,2.53,6.47,76.44,0,62.55,0.42,0.799534654,0.43,254.2
2022,10,1,8,1.49,1.53,2.45,175.85,182.62,22.74,0.41,2.02,7.44,-0.13,3.65,6.16,60.19,0,62.6,1.74,3.312357853,2.2,227.45
2022,10,1,9,2.25,2.38,3.26,280.7,294.65,40.18,1.04,5.2,9.12,0.8,4.96,6.65,57.75,0,62.63,2.92,5.558669501,3.7,218.74
2022,10,1,10,2.58,2.92,3.84,329.33,362.3,49.62,1.54,8.02,10.28,1.79,6.03,7.2,57.69,0,62.63,3.71,7.062556113,4.71,214.59
2022,10,1,11,2.56,3.2,4.15,332.88,397.75,52.05,1.76,9.17,10.87,2.8,6.83,7.75,59.69,0,62.62,4.28,8.147638858,5.46,213.21
2022,10,1,12,2.44,3.3,4.16,321.52,413.67,53.08,1.84,9.6,10.98,3.69,7.33,8.24,62.94,0,62.59,4.56,8.680661961,5.82,213.46
2022,10,1,13,2,3.03,3.89,265.23,378.52,43.68,1.41,7.35,10.73,4.31,7.52,8.61,66.75,0,62.54,4.58,8.718735039,5.86,214.24
2022,10,1,14,1.49,2.51,3.34,200.85,312.05,32.22,0.9,4.62,10.16,4.55,7.36,8.79,70.56,0,62.5,4.4,8.37607733,5.63,215.52
2022,10,1,15,0.95,1.76,2.56,123.27,217.85,19.18,0.4,1.98,9.36,4.51,6.94,8.73,74.31,0,62.47,3.99,7.595579215,5.11,216.05
2022,10,1,16,0.41,0.87,1.59,49.9,102.9,6.84,0.08,0.38,8.18,4.4,6.29,8.67,79.94,0,62.46,3.34,6.358204155,4.29,216.41
2022,10,1,17,0.13,0.19,0.5,15.23,21.3,2.41,0.01,0.05,6.55,4.33,5.44,8.67,88.94,0,62.47,2.31,4.397440598,3.02,215.54
2022,10,1,18,0,0,0,0,0,0,0,0,4.94,4.43,4.69,8.67,99.75,0,62.49,0.82,1.56099623,1.21,207.72
2022,10,1,19,0,0,0,0,0,0,0,0,4.25,4.27,4.26,8.54,100,0,62.53,0.33,0.6282058,0.53,175.79
2022,10,1,20,0,0,0,0,0,0,0,0,3.45,3.49,3.47,8.12,100,0,62.58,0.22,0.418803867,0.39,132.58
2022,10,1,21,0,0,0,0,0,0,0,0,3.11,2.04,2.57,7.26,95.31,0,62.6,0.18,0.342657709,0.36,140.36
2022,10,1,22,0,0,0,0,0,0,0,0,3.46,0.62,2.04,6.53,83.88,0,62.61,0.17,0.32362117,0.45,175.99
2022,10,1,23,0,0,0,0,0,0,0,0,3.33,-0.45,1.44,6.04,78.31,0,62.59,0.19,0.361694248,0.48,199.03
2022,10,2,0,0,0,0,0,0,0,0,0,2.98,-1.29,0.85,5.68,75.25,0,62.57,0.08,0.152292315,0.31,202.07
2022,10,2,1,0,0,0,0,0,0,0,0,2.5,-1.9,0.3,5.43,74.31,0,62.54,0.08,0.152292315,0.08,163.3
2022,10,2,2,0,0,0,0,0,0,0,0,1.76,-2.29,-0.27,5.25,75.81,0,62.5,0.18,0.342657709,0.18,61.19
2022,10,2,3,0,0,0,0,0,0,0,0,1.5,-2.82,-0.66,5.07,74.06,0,62.47,0.3,0.571096182,0.38,62.9
2022,10,2,4,0,0,0,0,0,0,0,0,1.51,-3.3,-0.9,4.82,71.25,0,62.46,0.37,0.704351957,0.52,66.91
2022,10,2,5,0,0,0,0,0,0,0,0,1.4,-3.68,-1.14,4.7,69.56,0,62.47,0.37,0.704351957,0.54,68.96
2022,10,2,6,0.13,0.13,0.38,13.77,14.48,2.06,0.01,0.02,1.8,-3.68,-0.95,4.7,67.44,0,62.5,0.33,0.6282058,0.5,73.81
2022,10,2,7,0.79,0.83,1.45,91.48,97.55,12.59,0.12,0.58,4.81,-1.62,1.59,5.55,64.75,0,62.55,0.54,1.027973127,0.6,180.74
2022,10,2,8,1.43,1.64,2.44,172.48,198.35,23.71,0.42,2.1,7.61,-2.81,2.4,5.07,48.44,0,62.61,1.92,3.655015562,2.43,207.55
2022,10,2,9,2.11,2.43,3.25,264,299.8,38.89,0.98,4.98,9.15,-1.99,3.58,5.43,46.81,0,62.65,2.91,5.539632962,3.7,211.34
2022,10,2,10,2.69,2.96,3.83,341,366.62,51.38,1.55,8,10.33,-0.71,4.8,5.98,47.81,0,62.66,3.5,6.662788786,4.43,212.77
2022,10,2,11,2.83,3.25,4.13,361.95,402.9,55.93,1.85,9.62,11.06,0.51,5.78,6.59,50,0,62.64,3.88,7.386177282,4.92,213.34
2022,10,2,12,2.71,3.29,4.15,352.08,409.62,56.12,1.89,9.83,11.33,1.57,6.45,7.14,53.12,0,62.59,4.08,7.76690807,5.18,214.74
2022,10,2,13,2.31,3.04,3.87,299.35,377.75,48.15,1.52,7.95,11.26,2.48,6.87,7.57,56.88,0,62.54,4.13,7.862090767,5.24,216.58
2022,10,2,14,1.75,2.53,3.32,227.23,315.12,35.83,0.96,4.9,10.87,3.08,6.98,7.93,60.81,0,62.49,4,7.614615755,5.1,218.47
2022,10,2,15,1.17,1.82,2.54,149.12,226.48,22.78,0.45,2.25,10.17,3.31,6.74,8.06,64.62,0,62.47,3.74,7.119665731,4.79,220.1
2022,10,2,16,0.63,0.99,1.57,77.33,121,10.8,0.11,0.55,8.92,3.48,6.2,8.12,71.06,0,62.48,3.26,6.20591184,4.2,221.38
2022,10,2,17,0.15,0.2,0.48,17.83,23.48,2.73,0.01,0.05,6.99,3.84,5.41,8.36,83.19,0,62.49,2.2,4.188038665,2.95,222.31
2022,10,2,18,0,0,0,0,0,0,0,0,4.57,4.08,4.33,8.42,99.69,0.05,62.52,0.68,1.294484678,1.17,222.3
2022,10,2,19,0,0,0,0,0,0,0,0,3.87,3.94,3.9,8.36,100,0.07,62.57,0.13,0.247475012,0.28,238.5
2022,10,2,20,0,0,0,0,0,0,0,0,3.4,3.18,3.29,7.87,100,0.08,62.61,0.14,0.266511551,0.16,22.83
2022,10,2,21,0,0,0,0,0,0,0,0,3.19,2.22,2.71,7.39,96,0.07,62.64,0.13,0.247475012,0.19,21.37
2022,10,2,22,0,0,0,0,0,0,0,0,3.37,1.42,2.4,6.96,89.31,0.05,62.64,0.16,0.30458463,0.21,349.51
2022,10,2,23,0,0,0,0,0,0,0,0,3.26,0.77,2.01,6.59,85.75,0.02,62.63,0.26,0.494950024,0.37,348.93
2022,10,3,0,0,0,0,0,0,0,0,0,2.78,0.13,1.46,6.29,84.56,0.01,62.61,0.39,0.742425036,0.62,359.27
2022,10,3,1,0,0,0,0,0,0,0,0,2.33,-0.56,0.88,5.98,82.81,0,62.58,0.56,1.066046206,0.91,11.89
2022,10,3,2,0,0,0,0,0,0,0,0,2.06,-1.22,0.42,5.68,80.31,0,62.54,0.71,1.351594296,1.12,20.84
2022,10,3,3,0,0,0,0,0,0,0,0,1.93,-1.75,0.08,5.49,78,0,62.51,0.76,1.446776993,1.19,25.22
2022,10,3,4,0,0,0,0,0,0,0,0,1.8,-2.13,-0.17,5.31,76.44,0,62.5,0.79,1.503886612,1.23,25.1
2022,10,3,5,0,0,0,0,0,0,0,0,1.67,-2.42,-0.38,5.19,75.44,0,62.51,0.83,1.580032769,1.3,25.18
2022,10,3,6,0.14,0.14,0.37,14.62,16.62,1.84,0.01,0.02,1.83,-2.5,-0.33,5.13,73.94,0,62.54,0.88,1.675215466,1.37,26.71
2022,10,3,7,0.88,0.88,1.44,107.17,109.8,12.05,0.11,0.55,4.57,-0.09,2.24,6.29,74.12,0,62.59,0.7,1.332557757,1,23.96
2022,10,3,8,1.69,1.68,2.43,211.67,213.33,26.16,0.47,2.33,7.81,0.62,4.22,6.71,63.69,0,62.65,1.52,2.893553987,1.91,236.7
2022,10,3,9,2.29,2.37,3.24,290.85,300.73,38.14,0.97,4.88,9.43,1.65,5.54,7.26,61.75,0,62.68,2.37,4.511659835,2.98,224.04
2022,10,3,10,2.62,2.9,3.81,332.73,364.52,45.47,1.39,7.27,10.96,2.37,6.66,7.69,58.75,0,62.69,3.02,5.749034895,3.82,217.43
2022,10,3,11,2.86,3.19,4.12,361.02,398.77,50.44,1.7,8.77,11.87,3.24,7.55,8.18,58.88,0,62.69,3.68,7.005446494,4.68,215.02
2022,10,3,12,2.55,3.23,4.13,321.62,402.27,45.88,1.57,8.1,12.15,4.29,8.23,8.79,62.06,0.02,62.67,4.05,7.709798452,5.17,215.23
2022,10,3,13,2.7,2.95,3.85,338.33,366.35,46.6,1.49,7.92,11.86,5.33,8.6,9.4,67.62,0.07,62.64,4.09,7.785944609,5.23,216.56
2022,10,3,14,2.17,2.4,3.3,268.83,296.42,36.14,0.98,5.17,11.02,6.01,8.51,9.77,74.25,0.2,62.6,3.91,7.4432869,5,218.72
2022,10,3,15,1.07,1.64,2.52,131.48,199.52,17.91,0.37,1.8,10.19,6.25,8.22,9.89,79.38,0.34,62.59,3.66,6.967373416,4.7,222.04
2022,10,3,16,0.69,0.86,1.55,82.58,101.98,10.58,0.12,0.6,9.07,6.12,7.59,9.77,84.62,0.5,62.6,3.24,6.167838761,4.22,224.7
2022,10,3,17,0.13,0.16,0.47,14.77,18.38,2.01,0.01,0.02,7.66,6.08,6.87,9.7,92.69,0.65,62.64,2.38,4.530696374,3.23,226.96
2022,10,3,18,0,0,0,0,0,0,0,0,6.15,6.22,6.19,9.77,100,0.31,62.68,0.97,1.846544321,1.65,229.43
2022,10,3,19,0,0,0,0,0,0,0,0,6.21,6.29,6.25,9.77,100,0.35,62.74,0.94,1.789434702,1.61,233.46
2022,10,3,20,0,0,0,0,0,0,0,0,6.05,6.07,6.06,9.64,100,0.37,62.79,0.84,1.599069309,1.52,239.34
2022,10,3,21,0,0,0,0,0,0,0,0,5.36,5.3,5.33,9.16,100,0.41,62.8,0.63,1.199301981,1.24,251.22
2022,10,3,22,0,0,0,0,0,0,0,0,4.74,4.64,4.69,8.79,100,0.46,62.8,0.48,0.913753891,0.92,263.66
2022,10,3,23,0,0,0,0,0,0,0,0,4.23,3.92,4.07,8.36,100,0.43,62.78,0.36,0.685315418,0.6,289.86
2022,10,4,0,0,0,0,0,0,0,0,0,3.75,3.17,3.46,7.93,99.69,0.38,62.76,0.37,0.704351957,0.54,342.35
2022,10,4,1,0,0,0,0,0,0,0,0,3.55,2.62,3.08,7.63,97.06,0.32,62.71,0.51,0.970863509,0.77,18.99
2022,10,4,2,0,0,0,0,0,0,0,0,3.61,2.44,3.02,7.51,95.38,0.31,62.66,0.66,1.2564116,1.01,40.94
2022,10,4,3,0,0,0,0,0,0,0,0,3.55,2.62,3.08,7.63,96.94,0.35,62.62,0.54,1.027973127,0.98,68.54
2022,10,4,4,0,0,0,0,0,0,0,0,3.49,2.75,3.12,7.69,98.19,0.38,62.6,0.4,0.761461575,0.82,105.49
2022,10,4,5,0,0,0,0,0,0,0,0,3.58,2.78,3.18,7.69,97.69,0.37,62.63,0.26,0.494950024,0.47,146.58
2022,10,4,6,0.07,0.12,0.36,7.58,14.25,1.09,0.01,0.02,3.63,2.83,3.23,7.75,97.69,0.18,62.67,0.19,0.361694248,0.34,257.91
2022,10,4,7,0.29,0.81,1.43,35.83,99.67,4.91,0.05,0.27,4.76,3.83,4.29,8.3,97.12,0.16,62.73,0.57,1.085082745,0.77,261.21
2022,10,4,8,0.51,1.61,2.42,64.05,203.23,9.55,0.21,1.02,6.18,4.57,5.37,8.73,92.56,0.17,62.79,1.04,1.979800096,1.3,235.26
2022,10,4,9,0.76,2.32,3.22,99.05,293.38,14.85,0.44,2.3,7.9,5.15,6.53,9.09,85.5,0.18,62.8,1.59,3.026809763,2,217.05
2022,10,4,10,0.88,2.83,3.8,122.52,357.05,18.66,0.65,3.55,9.49,5.66,7.58,9.4,79.38,0.2,62.81,2.46,4.682988689,3.13,211.23
2022,10,4,11,0.92,3.09,4.1,122.65,388.42,18.46,0.67,3.4,10.26,6.12,8.19,9.64,77.62,0.24,62.8,3.27,6.22494838,4.2,214.16
2022,10,4,12,1.02,3.1,4.12,141.35,389.6,21.54,0.78,3.98,10.28,6.37,8.33,9.83,78.62,0.28,62.76,3.87,7.367140743,5.03,215.64
2022,10,4,13,0.61,2.82,3.84,82.73,354.92,12.45,0.41,2.25,10.27,6.52,8.4,9.89,79.25,0.31,62.71,4.25,8.09052924,5.56,215.97
2022,10,4,14,0.58,2.31,3.28,81.08,290.85,12.34,0.38,2.02,10.05,6.56,8.3,9.89,80.44,0.34,62.66,4.44,8.452223488,5.84,216.07
2022,10,4,15,0.45,1.62,2.5,60.08,202.05,9.07,0.2,1.02,9.13,6.48,7.8,9.83,84.94,0.36,62.64,4.22,8.033419621,5.59,215.67
2022,10,4,16,0.29,0.83,1.53,35.17,100.7,5.14,0.06,0.33,8.26,6.3,7.28,9.7,89.12,0.32,62.66,3.76,7.15773881,5.01,214.38
2022,10,4,17,0.08,0.15,0.45,8.17,17.73,1.2,0.01,0.02,7.07,6.09,6.58,9.58,95.12,0.28,62.68,2.9,5.520596422,3.92,213.12
2022,10,4,18,0,0,0,0,0,0,0,0,6.2,5.9,6.05,9.46,99.88,0.27,62.72,1.87,3.559832865,2.6,209.49
2022,10,4,19,0,0,0,0,0,0,0,0,5.89,5.66,5.78,9.34,100,0.24,62.75,1.35,2.569932817,1.94,205.84
2022,10,4,20,0,0,0,0,0,0,0,0,5.59,5.37,5.48,9.09,100,0.21,62.79,0.99,1.884617399,1.54,201.75
2022,10,4,21,0,0,0,0,0,0,0,0,5.31,5.02,5.17,8.91,100,0.27,62.81,0.83,1.580032769,1.28,198.43
2022,10,4,22,0,0,0,0,0,0,0,0,5.01,4.62,4.81,8.67,99.56,0.41,62.8,0.65,1.23737506,1.05,191.14
2022,10,4,23,0,0,0,0,0,0,0,0,4.62,4.28,4.45,8.48,99.88,0.57,62.78,0.65,1.23737506,1.09,186.16
2022,10,5,0,0,0,0,0,0,0,0,0,4.28,3.99,4.14,8.3,100,0.65,62.75,0.67,1.275448139,1.11,190.99
2022,10,5,1,0,0,0,0,0,0,0,0,3.98,3.76,3.87,8.18,100,0.59,62.71,0.6,1.142192363,1.03,196.36
2022,10,5,2,0,0,0,0,0,0,0,0,3.71,3.48,3.59,8,100,0.46,62.68,0.56,1.066046206,1.01,197.59
2022,10,5,3,0,0,0,0,0,0,0,0,3.4,3.07,3.23,7.75,100,0.34,62.66,0.53,1.008936588,0.95,194.26
2022,10,5,4,0,0,0,0,0,0,0,0,2.98,2.56,2.76,7.51,99.44,0.22,62.67,0.41,0.780498115,0.74,182.44
2022,10,5,5,0,0,0,0,0,0,0,0,2.45,1.92,2.19,7.14,98.38,0.14,62.69,0.26,0.494950024,0.46,143.33
2022,10,5,6,0.06,0.13,0.36,5.58,14.62,0.84,0,0.02,2.24,1.43,1.83,6.9,96.31,0.21,62.74,0.34,0.647242339,0.5,107.3
2022,10,5,7,0.14,0.83,1.42,15.55,102.15,2.41,0.03,0.15,3.1,1.66,2.38,7.02,92.56,0.28,62.8,0.48,0.913753891,0.63,139.01
2022,10,5,8,0.38,1.64,2.41,47.5,206.15,7.27,0.16,0.8,4.1,2.09,3.1,7.2,88.69,0.36,62.85,0.88,1.675215466,1.13,176.45
2022,10,5,9,0.74,2.34,3.21,96.05,295.33,14.43,0.43,2.25,5.17,2.63,3.9,7.51,85.38,0.4,62.87,1.49,2.836444369,1.88,187.63
2022,10,5,10,1.05,2.85,3.79,142.7,359.25,21.93,0.77,4.12,6.33,3.32,4.82,7.87,82.69,0.45,62.86,2.23,4.245148283,2.8,194.89
2022,10,5,11,1.35,3.11,4.09,180.7,392.48,27.16,1,5.1,7.87,3.94,5.9,8.24,77.69,0.56,62.84,3.31,6.301094537,4.22,201.05
2022,10,5,12,1.56,3.11,4.1,202.15,393.23,29.41,1.08,5.52,8.22,4.32,6.27,8.42,77.81,0.67,62.79,3.73,7.100629191,4.79,204.77
2022,10,5,13,1.39,2.83,3.82,185,357.27,27.28,0.93,5.02,8.15,4.51,6.33,8.54,79.12,0.76,62.73,3.9,7.424250361,5.03,206.76
2022,10,5,14,1.16,2.33,3.27,150,292.17,21.77,0.63,3.38,7.67,4.49,6.08,8.54,81.75,0.75,62.69,3.82,7.271958046,4.94,207.78
2022,10,5,15,0.75,1.64,2.48,97.02,205.05,14.09,0.31,1.58,6.98,4.34,5.66,8.48,84.81,0.69,62.67,3.44,6.548569549,4.45,206.39
2022,10,5,16,0.44,0.85,1.51,53.77,103.8,7.5,0.09,0.45,6.19,4.1,5.15,8.3,88.06,0.64,62.67,2.85,5.425413725,3.7,203.8
2022,10,5,17,0.09,0.15,0.43,9.9,17.62,1.36,0.01,0.02,5.22,3.85,4.53,8.18,92.69,0.59,62.69,2.13,4.054782889,2.78,199.91
2022,10,5,18,0,0,0,0,0,0,0,0,4.3,3.59,3.94,8.06,97.19,0.51,62.73,1.22,2.322457805,1.61,191.2
2022,10,5,19,0,0,0,0,0,0,0,0,4.06,3.22,3.64,7.81,96.25,0.4,62.78,0.9,1.713288545,1.19,183.01
2022,10,5,20,0,0,0,0,0,0,0,0,3.8,3.08,3.44,7.75,97.25,0.35,62.83,0.91,1.732325084,1.23,184.01
2022,10,5,21,0,0,0,0,0,0,0,0,3.43,2.63,3.03,7.51,96.56,0.38,62.85,0.84,1.599069309,1.13,190.38
2022,10,5,22,0,0,0,0,0,0,0,0,2.91,2.32,2.62,7.32,98,0.38,62.84,0.67,1.275448139,0.93,197.67
2022,10,5,23,0,0,0,0,0,0,0,0,2.46,1.96,2.21,7.14,98.62,0.39,62.81,0.54,1.027973127,0.79,200.96
2022,10,6,0,0,0,0,0,0,0,0,0,2.15,1.48,1.81,6.9,97.38,0.38,62.78,0.33,0.6282058,0.51,198.71
2022,10,6,1,0,0,0,0,0,0,0,0,1.88,1.2,1.55,6.77,97.19,0.39,62.75,0.1,0.190365394,0.21,197.1
2022,10,6,2,0,0,0,0,0,0,0,0,1.65,0.98,1.32,6.65,97.19,0.41,62.72,0.06,0.114219236,0.12,222.27
2022,10,6,3,0,0,0,0,0,0,0,0,1.4,0.78,1.09,6.59,97.62,0.44,62.7,0.04,0.076146158,0.09,120.96
2022,10,6,4,0,0,0,0,0,0,0,0,1.33,0.58,0.96,6.47,96.62,0.47,62.7,0.12,0.228438473,0.23,97.85
2022,10,6,5,0,0,0,0,0,0,0,0,1.23,0.39,0.8,6.41,96.06,0.48,62.72,0.17,0.32362117,0.3,102.2
2022,10,6,6,0.07,0.1,0.35,6.48,12.02,0.93,0,0.02,0.89,0.08,0.48,6.23,96.19,0.5,62.76,0.26,0.494950024,0.42,78.27
2022,10,6,7,0.21,0.74,1.41,25.3,89.17,3.57,0.04,0.2,1.8,0.63,1.22,6.53,93.94,0.43,62.81,0.29,0.552059642,0.38,129.96
2022,10,6,8,0.48,1.57,2.4,59.55,195.52,8.84,0.2,0.95,3.36,1.4,2.38,6.84,88.56,0.35,62.87,0.8,1.522923151,1,196.87
2022,10,6,9,0.64,2.29,3.2,86.77,287.5,13.04,0.38,1.98,4.88,2.1,3.49,7.14,83.38,0.31,62.9,1.8,3.42657709,2.32,216.1
2022,10,6,10,1,2.81,3.77,135.12,353.52,20.29,0.69,3.77,6.32,2.9,4.61,7.57,79.94,0.33,62.9,2.99,5.691925277,3.83,218.37
2022,10,6,11,1.08,3.08,4.08,145.52,386.3,21.93,0.78,4,7.38,3.55,5.47,8,78,0.35,62.88,3.79,7.214848428,4.87,217.18
2022,10,6,12,1.08,3.1,4.09,146.23,387.95,22.08,0.8,4.08,7.9,3.96,5.93,8.24,77.44,0.37,62.83,4,7.614615755,5.15,216.56
2022,10,6,13,1.13,2.84,3.8,150,353.58,22.52,0.77,4.17,8.23,4.23,6.23,8.42,77.38,0.35,62.77,4.18,7.957273464,5.39,217.05
2022,10,6,14,1.12,2.35,3.25,143.65,291.73,20.79,0.61,3.23,8.07,4.29,6.18,8.42,78.62,0.29,62.72,4.2,7.995346543,5.44,217.48
2022,10,6,15,0.76,1.63,2.46,95.52,199.65,13.55,0.3,1.48,7.59,4.24,5.91,8.42,81,0.21,62.69,3.94,7.500396519,5.12,217.87
2022,10,6,16,0.38,0.81,1.48,45.17,95.73,6.32,0.08,0.38,6.77,4.09,5.43,8.36,84.88,0.12,62.69,3.41,6.491459931,4.44,218.79
2022,10,6,17,0.1,0.14,0.41,11.02,15.45,1.54,0.01,0.02,5.63,4,4.82,8.3,91.31,0.08,62.7,2.41,4.587805992,3.19,216.53
2022,10,6,18,0,0,0,0,0,0,0,0,4.23,3.75,3.99,8.18,99.19,0.06,62.73,0.91,1.732325084,1.35,202.42
2022,10,6,19,0,0,0,0,0,0,0,0,3.62,3.38,3.5,7.93,100,0.06,62.78,0.36,0.685315418,0.6,174.74
2022,10,6,20,0,0,0,0,0,0,0,0,3.3,2.78,3.05,7.63,98.81,0.07,62.83,0.2,0.380730788,0.4,159.44
2022,10,6,21,0,0,0,0,0,0,0,0,3.39,2.19,2.79,7.26,93.94,0.08,62.85,0.2,0.380730788,0.5,193.6
2022,10,6,22,0,0,0,0,0,0,0,0,3.3,2.01,2.66,7.2,93.38,0.12,62.86,0.37,0.704351957,0.75,211.88
2022,10,6,23,0,0,0,0,0,0,0,0,3.01,2.05,2.53,7.2,95.69,0.18,62.84,0.38,0.723388497,0.76,212.38
2022,10,7,0,0,0,0,0,0,0,0,0,2.74,2,2.37,7.2,97.12,0.22,62.81,0.36,0.685315418,0.72,214.38
2022,10,7,1,0,0,0,0,0,0,0,0,2.55,1.94,2.25,7.14,98.06,0.23,62.78,0.37,0.704351957,0.71,215.1
2022,10,7,2,0,0,0,0,0,0,0,0,2.43,1.9,2.16,7.14,98.62,0.23,62.74,0.36,0.685315418,0.68,213.33
2022,10,7,3,0,0,0,0,0,0,0,0,2.39,1.86,2.12,7.14,98.56,0.23,62.72,0.35,0.666278879,0.67,196.31
2022,10,7,4,0,0,0,0,0,0,0,0,2.35,1.83,2.08,7.08,98.56,0.24,62.71,0.45,0.856644272,0.79,188.53
2022,10,7,5,0,0,0,0,0,0,0,0,2.25,1.78,2.01,7.08,98.88,0.24,62.73,0.49,0.93279043,0.85,188.43
2022,10,7,6,0.1,0.1,0.34,9.92,10.85,1.34,0.01,0.02,2.26,1.72,1.99,7.02,98.19,0.17,62.76,0.51,0.970863509,0.85,189.03
2022,10,7,7,0.62,0.67,1.4,71.3,77.95,9.13,0.09,0.45,3.88,2.7,3.29,7.57,94.25,0.15,62.8,1.17,2.227275108,1.53,201.86
2022,10,7,8,1.07,1.45,2.39,129.7,174.25,17.34,0.34,1.67,5.8,3.44,4.62,7.93,86.69,0.15,62.85,2.44,4.64491561,3.16,218.06
2022,10,7,9,1.62,2.19,3.19,202.02,268.1,27.45,0.73,3.8,6.99,3.99,5.49,8.3,83.12,0.14,62.86,3.13,5.958436828,4.03,220.99
2022,10,7,10,2.06,2.74,3.76,259.15,337.95,35.78,1.14,6.1,8.05,4.46,6.26,8.54,80,0.16,62.84,3.48,6.624715707,4.44,221.51
2022,10,7,11,2.28,3.03,4.06,287.35,375.8,40.35,1.38,7.23,8.86,4.84,6.85,8.85,77.88,0.19,62.8,3.82,7.271958046,4.89,221.44
2022,10,7,12,2.12,3.07,4.07,268.05,382.25,37.89,1.32,6.83,9.15,5.13,7.14,9.03,77.88,0.19,62.74,4.03,7.671725373,5.18,222.25
2022,10,7,13,1.48,2.78,3.79,191.1,345.27,27.28,0.88,4.67,9.21,5.29,7.25,9.09,78.44,0.17,62.67,4.13,7.862090767,5.31,223.63
2022,10,7,14,0.9,2.29,3.23,117.2,283.45,17.02,0.48,2.52,8.9,5.3,7.1,9.16,80.19,0.11,62.61,4.14,7.881127306,5.35,224.53
2022,10,7,15,0.64,1.59,2.44,81.12,194.17,11.63,0.25,1.23,8.31,5.21,6.76,9.09,82.94,0.06,62.58,3.95,7.519433058,5.14,223.95
2022,10,7,16,0.32,0.79,1.46,38.3,93.75,5.36,0.06,0.3,7.51,5.12,6.31,9.03,87.12,0.03,62.59,3.6,6.853154179,4.74,223.2
2022,10,7,17,0.06,0.13,0.39,6.52,14.65,0.95,0,0.02,6.26,5.19,5.73,9.09,95.44,0.01,62.61,2.74,5.216011792,3.72,219.64
2022,10,7,18,0,0,0,0,0,0,0,0,5.18,5.23,5.21,9.09,100,0.01,62.64,1.26,2.398603963,2,210.96
2022,10,7,19,0,0,0,0,0,0,0,0,4.98,5.24,5.11,9.09,100,0.01,62.69,1,1.903653939,1.78,209.93
2022,10,7,20,0,0,0,0,0,0,0,0,4.73,5.13,4.93,9.03,100,0.01,62.73,0.88,1.675215466,1.72,211.45
2022,10,7,21,0,0,0,0,0,0,0,0,4.32,4.83,4.58,8.85,100,0.01,62.76,0.83,1.580032769,1.71,215.87
2022,10,7,22,0,0,0,0,0,0,0,0,4.04,4.58,4.31,8.73,100,0.01,62.78,0.76,1.446776993,1.62,216.76
2022,10,7,23,0,0,0,0,0,0,0,0,3.81,4.33,4.07,8.54,100,0.01,62.77,0.73,1.389667375,1.52,219.17
2022,10,8,0,0,0,0,0,0,0,0,0,3.62,4.01,3.82,8.36,100,0.01,62.75,0.67,1.275448139,1.33,224.76
2022,10,8,1,0,0,0,0,0,0,0,0,3.52,3.67,3.6,8.18,100,0.01,62.72,0.57,1.085082745,1.05,233.82
2022,10,8,2,0,0,0,0,0,0,0,0,3.44,3.3,3.37,7.93,100,0.01,62.68,0.38,0.723388497,0.65,253.1
2022,10,8,3,0,0,0,0,0,0,0,0,3.19,2.8,3,7.63,99.88,0,62.65,0.19,0.361694248,0.33,298.39
2022,10,8,4,0,0,0,0,0,0,0,0,3.11,2.18,2.64,7.32,95.81,0,62.65,0.13,0.247475012,0.17,333.43
2022,10,8,5,0,0,0,0,0,0,0,0,3.36,1.67,2.51,7.02,90.62,0,62.66,0.03,0.057109618,0.08,225
2022,10,8,6,0.11,0.11,0.33,11.12,12.55,1.52,0.01,0.02,3.42,1.42,2.42,6.9,88.69,0,62.7,0.14,0.266511551,0.33,205.35
2022,10,8,7,0.66,0.78,1.39,78.27,92.55,10.03,0.1,0.5,4.83,2.22,3.53,7.32,85.5,0,62.76,0.9,1.713288545,1.16,217.87
2022,10,8,8,1.19,1.54,2.37,144.83,187.9,19.23,0.38,1.85,6.59,2.91,4.76,7.69,79.38,0,62.82,2.07,3.940563653,2.64,225.72
2022,10,8,9,1.71,2.23,3.18,211.17,274.58,28.42,0.75,3.8,8.23,3.62,5.92,8.06,74.62,0,62.85,2.95,5.615779119,3.76,226.18
2022,10,8,10,2.16,2.76,3.75,269.83,341.5,37.76,1.2,6.42,9.19,4.33,6.76,8.48,73.5,0.01,62.85,3.67,6.986409955,4.69,227.09
2022,10,8,11,2.11,3.04,4.05,265.23,376.05,37.62,1.29,6.75,9.62,4.87,7.24,8.85,74.31,0.03,62.81,4.18,7.957273464,5.39,228.41
2022,10,8,12,1.97,3.12,4.05,252.8,390.12,36.77,1.28,6.67,9.75,5.22,7.48,9.09,75.56,0.05,62.75,4.44,8.452223488,5.75,229.58
2022,10,8,13,1.63,2.86,3.77,209.95,357.85,30.48,1,5.45,9.74,5.43,7.58,9.22,76.75,0.08,62.68,4.5,8.566442724,5.84,230.26
2022,10,8,14,1.06,2.36,3.21,137.23,295.42,20.03,0.57,2.98,9.45,5.48,7.47,9.28,78.56,0.1,62.62,4.41,8.39511387,5.73,230.58
2022,10,8,15,0.75,1.66,2.42,94.08,207.75,13.44,0.28,1.38,8.87,5.36,7.12,9.22,81.06,0.09,62.6,4.11,7.824017688,5.37,229.78
2022,10,8,16,0.33,0.86,1.44,39.52,105.25,5.28,0.05,0.27,7.97,5.22,6.59,9.16,85.38,0.09,62.61,3.56,6.777008022,4.68,228.59
2022,10,8,17,0.1,0.14,0.38,10.48,15.8,1.46,0.01,0.02,6.62,5.16,5.89,9.09,93.25,0.08,62.64,2.5,4.759134847,3.39,226.12
2022,10,8,18,0,0,0,0,0,0,0,0,5.21,5.23,5.22,9.09,100,0.12,62.67,1,1.903653939,1.64,213.77
2022,10,8,19,0,0,0,0,0,0,0,0,5.01,5.12,5.06,9.03,100,0.07,62.72,0.75,1.427740454,1.32,206.26
2022,10,8,20,0,0,0,0,0,0,0,0,4.71,4.87,4.79,8.85,100,0.03,62.77,0.69,1.313521218,1.27,205.14
2022,10,8,21,0,0,0,0,0,0,0,0,4.35,4.58,4.47,8.73,100,0.03,62.81,0.65,1.23737506,1.22,211.97
2022,10,8,22,0,0,0,0,0,0,0,0,3.97,4.19,4.08,8.48,100,0.02,62.83,0.56,1.066046206,1.1,222.11
2022,10,8,23,0,0,0,0,0,0,0,0,3.46,3.65,3.56,8.18,100,0.02,62.81,0.31,0.590132721,0.69,243.73
2022,10,9,0,0,0,0,0,0,0,0,0,2.98,3.06,3.01,7.81,100,0.02,62.79,0.21,0.399767327,0.44,281.31
2022,10,9,1,0,0,0,0,0,0,0,0,2.78,2.4,2.59,7.45,100,0.01,62.75,0.26,0.494950024,0.46,293.96
2022,10,9,2,0,0,0,0,0,0,0,0,2.73,1.97,2.35,7.26,97.69,0.01,62.71,0.27,0.513986563,0.47,284.5
2022,10,9,3,0,0,0,0,0,0,0,0,2.91,1.65,2.28,7.08,94.31,0.01,62.68,0.08,0.152292315,0.21,248.2
2022,10,9,4,0,0,0,0,0,0,0,0,2.71,1.23,1.97,6.9,92.81,0.01,62.67,0.16,0.30458463,0.33,162
2022,10,9,5,0,0,0,0,0,0,0,0,2.53,0.84,1.69,6.65,91.38,0.01,62.7,0.28,0.533023103,0.55,170.94
2022,10,9,6,0.1,0.1,0.33,10,11.05,1.35,0.01,0.02,2.44,0.7,1.57,6.59,91.06,0.01,62.76,0.51,0.970863509,0.82,192.06
2022,10,9,7,0.67,0.69,1.38,77.98,80.5,9.82,0.09,0.45,3.73,1.99,2.86,7.26,91.56,0.01,62.83,1.29,2.455713581,1.69,206.68
2022,10,9,8,1.29,1.45,2.36,155.35,174.95,20.09,0.38,1.83,5.32,3.4,4.36,8.06,90.56,0.01,62.9,2.58,4.911427162,3.33,220.91
2022,10,9,9,1.79,2.17,3.16,221.77,266.15,29.77,0.77,3.95,6.87,4.18,5.52,8.42,85.5,0.02,62.94,3.33,6.339167616,4.28,223.67
2022,10,9,10,1.73,2.69,3.73,220.1,332.95,31.09,0.96,5.15,7.91,4.56,6.23,8.67,81.62,0.04,62.93,3.87,7.367140743,4.96,223.47
2022,10,9,11,1.88,2.99,4.03,239.58,370.85,34.17,1.15,5.95,8.56,4.78,6.67,8.79,79.25,0.09,62.9,4.25,8.09052924,5.47,223.73
2022,10,9,12,1.86,3.04,4.04,237.75,380.95,34.2,1.16,5.98,8.87,4.95,6.91,8.91,78.56,0.25,62.85,4.51,8.585479264,5.83,224.4
2022,10,9,13,1.27,2.8,3.75,164.5,349.08,24,0.77,4.15,9.03,5.12,7.08,9.03,78.75,0.39,62.79,4.65,8.851990815,6.02,224.95
2022,10,9,14,0.92,2.3,3.19,116.3,285.83,17.11,0.48,2.48,8.64,5.11,6.87,9.03,80.75,0.41,62.74,4.62,8.794881197,6,225.16
2022,10,9,15,0.61,1.58,2.4,77.45,195.9,11.08,0.23,1.1,8.02,4.98,6.5,8.97,83.5,0.36,62.72,4.39,8.357040791,5.72,224.89
2022,10,9,16,0.32,0.79,1.42,38.88,95.02,5.44,0.05,0.27,7.08,4.77,5.93,8.85,87.75,0.28,62.73,3.96,7.538469597,5.22,224.82
2022,10,9,17,0.08,0.12,0.36,8.55,13.6,1.2,0.01,0.02,5.79,4.65,5.23,8.73,95.19,0.22,62.76,2.99,5.691925277,4.04,222.57
2022,10,9,18,0,0,0,0,0,0,0,0,4.55,4.63,4.59,8.73,100,0.15,62.8,1.38,2.627042435,2.17,210.43
2022,10,9,19,0,0,0,0,0,0,0,0,4.08,4.44,4.26,8.61,100,0.1,62.85,1.01,1.922690478,1.84,208.2
2022,10,9,20,0,0,0,0,0,0,0,0,3.65,4.01,3.83,8.36,100,0.08,62.9,0.85,1.618105848,1.62,209.16
2022,10,9,21,0,0,0,0,0,0,0,0,3.28,3.63,3.45,8.12,100,0.05,62.93,0.76,1.446776993,1.5,216.09
2022,10,9,22,0,0,0,0,0,0,0,0,3,3.37,3.19,8,100,0.04,62.93,0.75,1.427740454,1.49,221.81
2022,10,9,23,0,0,0,0,0,0,0,0,2.82,3.18,3,7.87,100,0.03,62.92,0.74,1.408703915,1.45,224.56
2022,10,10,0,0,0,0,0,0,0,0,0,2.76,3.03,2.9,7.81,100,0.02,62.9,0.69,1.313521218,1.3,224.51
2022,10,10,1,0,0,0,0,0,0,0,0,2.68,2.84,2.76,7.69,100,0.02,62.87,0.6,1.142192363,1.1,227.89
2022,10,10,2,0,0,0,0,0,0,0,0,2.58,2.59,2.58,7.51,100,0.01,62.84,0.45,0.856644272,0.8,234.14
2022,10,10,3,0,0,0,0,0,0,0,0,2.58,2.4,2.49,7.45,100,0.01,62.81,0.29,0.552059642,0.52,214.64
2022,10,10,4,0,0,0,0,0,0,0,0,2.48,2.17,2.33,7.26,100,0.01,62.8,0.28,0.533023103,0.48,187.47
2022,10,10,5,0,0,0,0,0,0,0,0,2.32,1.98,2.15,7.14,99.75,0.01,62.81,0.27,0.513986563,0.47,181.91
2022,10,10,6,0.09,0.09,0.32,8.83,10.7,1.22,0.01,0.02,2.33,1.89,2.11,7.08,99,0,62.84,0.28,0.533023103,0.46,178.06
2022,10,10,7,0.61,0.69,1.37,73.42,82.6,9.53,0.09,0.45,3.83,2.62,3.23,7.51,94.19,0,62.88,1.02,1.941727017,1.29,208.28
2022,10,10,8,1.06,1.47,2.35,129.38,179.95,17.54,0.34,1.65,5.48,3.14,4.31,7.75,86.69,0.01,62.92,2.51,4.778171386,3.23,220.78
2022,10,10,9,1.43,2.19,3.15,178.48,270.3,24.85,0.66,3.4,6.37,3.58,4.98,8,84,0.03,62.94,3.66,6.967373416,4.74,221.99
2022,10,10,10,1.91,2.7,3.72,240.42,335.6,33.77,1.04,5.6,6.92,3.83,5.37,8.18,82.31,0.08,62.93,4.13,7.862090767,5.35,223.11
2022,10,10,11,2.04,2.98,4.02,259.08,371.15,36.58,1.22,6.33,7.4,4.05,5.73,8.3,81.06,0.13,62.9,4.33,8.242821555,5.59,223.75
2022,10,10,12,2.03,3.12,4.02,261.42,396.83,38.09,1.3,6.7,7.99,4.3,6.15,8.48,79.44,0.15,62.84,4.51,8.585479264,5.81,224.24
2022,10,10,13,1.56,2.83,3.73,199.17,358.95,28.91,0.9,4.85,8.57,4.69,6.63,8.73,78.69,0.14,62.78,4.7,8.947173512,6.07,223.96
2022,10,10,14,1.4,2.32,3.17,177.83,293.95,25.45,0.68,3.55,8.38,4.8,6.59,8.85,80.38,0.14,62.73,4.77,9.080429288,6.19,224.54
2022,10,10,15,0.84,1.6,2.38,104.92,200.48,14.84,0.29,1.42,7.67,4.67,6.17,8.73,83.56,0.13,62.7,4.45,8.471260027,5.8,224.73
2022,10,10,16,0.36,0.78,1.4,44.58,94.27,6.19,0.06,0.3,6.76,4.38,5.57,8.54,87,0.1,62.69,3.61,6.872190719,4.7,223.99
2022,10,10,17,0.08,0.11,0.34,8.38,13.08,1.17,0,0.02,5.47,4.1,4.79,8.36,93.25,0.07,62.68,2.4,4.568769453,3.21,218.07
2022,10,10,18,0,0,0,0,0,0,0,0,4.07,3.9,3.98,8.24,100,0.03,62.7,1.08,2.055946254,1.65,200.24
2022,10,10,19,0,0,0,0,0,0,0,0,3.54,3.67,3.6,8.12,100,0.01,62.73,0.69,1.313521218,1.16,186.17
2022,10,10,20,0,0,0,0,0,0,0,0,2.95,3.19,3.07,7.87,100,0.01,62.75,0.5,0.951826969,0.9,177.01
2022,10,10,21,0,0,0,0,0,0,0,0,2.39,2.48,2.44,7.45,100,0.02,62.77,0.28,0.533023103,0.57,178.43
2022,10,10,22,0,0,0,0,0,0,0,0,2.28,1.89,2.08,7.14,99.69,0.04,62.78,0.2,0.380730788,0.47,206.57
2022,10,10,23,0,0,0,0,0,0,0,0,2.23,1.57,1.9,6.96,97.75,0.03,62.76,0.29,0.552059642,0.59,219.13
2022,10,11,0,0,0,0,0,0,0,0,0,2.05,1.4,1.73,6.9,97.81,0.02,62.73,0.33,0.6282058,0.63,219.44
2022,10,11,1,0,0,0,0,0,0,0,0,1.79,1.25,1.51,6.84,98.56,0.01,62.69,0.21,0.399767327,0.46,221.55
2022,10,11,2,0,0,0,0,0,0,0,0,1.58,1.03,1.3,6.71,98.38,0.01,62.65,0.11,0.209401933,0.29,209.36
2022,10,11,3,0,0,0,0,0,0,0,0,1.51,0.81,1.16,6.59,97.19,0.02,62.61,0.07,0.133255776,0.18,192.26
2022,10,11,4,0,0,0,0,0,0,0,0,1.48,0.62,1.05,6.53,96,0.04,62.59,0.03,0.057109618,0.12,203.2
2022,10,11,5,0,0,0,0,0,0,0,0,1.48,0.42,0.95,6.41,94.38,0.07,62.6,0.05,0.095182697,0.11,171.87
2022,10,11,6,0.09,0.09,0.31,9.05,10.17,1.23,0.01,0.02,1.69,0.39,1.04,6.41,92.75,0.02,62.64,0.13,0.247475012,0.21,197.1
2022,10,11,7,0.65,0.68,1.36,75.52,79.35,9.49,0.09,0.42,3.54,1.7,2.62,7.08,89.88,0.03,62.69,0.88,1.675215466,1.09,230.83
2022,10,11,8,1.27,1.44,2.34,152.95,173.35,19.73,0.37,1.8,5.48,2.62,4.05,7.57,84,0.03,62.73,1.86,3.540796326,2.35,233.51
2022,10,11,9,1.76,2.14,3.14,217.4,261.4,29.13,0.75,3.85,7.26,3.18,5.22,7.87,77.69,0.02,62.76,3.12,5.939400289,3.98,226.75
2022,10,11,10,2.08,2.65,3.71,260.38,325.67,35.94,1.1,5.9,8.17,3.76,5.97,8.24,76.38,0.02,62.78,4.19,7.976310003,5.4,223.42
2022,10,11,11,2.06,2.93,4,258.42,360.25,36.48,1.22,6.35,8.56,4.24,6.4,8.54,76.94,0.01,62.76,4.76,9.061392748,6.14,222.63
2022,10,11,12,1.41,3.03,4,179.4,376.65,26.41,0.9,4.67,8.69,4.03,6.36,8.42,74.88,0.01,62.73,4.94,9.404050457,6.36,224.01
2022,10,11,13,1.23,2.75,3.72,160.7,340.5,23.98,0.78,4.2,8.58,3.35,5.97,8,72,0.01,62.68,4.89,9.30886776,6.3,225.35
2022,10,11,14,1.09,2.22,3.15,135.98,274.45,19.44,0.53,2.75,8.09,2.86,5.48,7.75,71.94,0.01,62.63,4.72,8.985246591,6.1,224.22
2022,10,11,15,0.66,1.51,2.36,81.88,183.73,11.45,0.23,1.15,7.16,2.75,4.95,7.69,76.12,0.01,62.6,4.42,8.414150409,5.73,218.86
2022,10,11,16,0.25,0.72,1.38,31.23,85.42,4.63,0.05,0.25,5.77,2.87,4.33,7.75,84.5,0.01,62.59,3.85,7.329067664,5.03,212.63
2022,10,11,17,0.07,0.1,0.33,7.27,11.7,1.03,0,0.02,4.22,2.8,3.51,7.69,93.44,0.01,62.6,2.91,5.539632962,3.84,204.64
2022,10,11,18,0,0,0,0,0,0,0,0,3.02,2.37,2.69,7.45,98.56,0.25,62.62,1.65,3.141028999,2.25,189.2
2022,10,11,19,0,0,0,0,0,0,0,0,2.23,1.3,1.76,6.9,96.5,0.19,62.65,1.01,1.922690478,1.42,174.95
2022,10,11,20,0,0,0,0,0,0,0,0,1.48,0.33,0.9,6.41,94.88,0.17,62.69,0.53,1.008936588,0.76,162.68
2022,10,11,21,0,0,0,0,0,0,0,0,1.27,0.12,0.7,6.29,94.38,0.18,62.7,0.44,0.837607733,0.6,174.74
2022,10,11,22,0,0,0,0,0,0,0,0,1.15,0.08,0.62,6.29,94.81,0.22,62.68,0.4,0.761461575,0.53,174.96
2022,10,11,23,0,0,0,0,0,0,0,0,1.03,0,0.51,6.23,94.94,0.28,62.64,0.35,0.666278879,0.45,175.07
2022,10,12,0,0,0,0,0,0,0,0,0,0.94,-0.07,0.44,6.16,94.75,0.31,62.61,0.36,0.685315418,0.47,179.05
2022,10,12,1,0,0,0,0,0,0,0,0,0.89,-0.11,0.39,6.16,94.81,0.27,62.58,0.35,0.666278879,0.41,178.9
2022,10,12,2,0,0,0,0,0,0,0,0,0.9,-0.07,0.41,6.16,94.94,0.16,62.56,0.36,0.685315418,0.34,182.6
2022,10,12,3,0,0,0,0,0,0,0,0,0.76,-0.24,0.26,6.1,94.44,0.08,62.53,0.35,0.666278879,0.32,131.99
2022,10,12,4,0,0,0,0,0,0,0,0,0.63,-0.78,-0.07,5.86,91.44,0.04,62.51,0.27,0.513986563,0.45,99.95
2022,10,12,5,0,0,0,0,0,0,0,0,1.09,-1.17,-0.04,5.68,85.62,0.02,62.52,0.37,0.704351957,0.58,120.7
2022,10,12,6,0.06,0.09,0.3,5.55,10.65,0.81,0,0.02,1.36,-1.39,-0.02,5.55,82.5,0.6,62.55,0.5,0.951826969,0.75,147.8
2022,10,12,7,0.26,0.74,1.35,34.23,89,4.74,0.05,0.23,3.01,-0.11,1.45,6.16,81.81,0.25,62.61,0.92,1.751361624,1.19,183.76
2022,10,12,8,0.65,1.56,2.33,83.3,194.67,12.16,0.24,1.2,5.48,-0.52,2.48,6.04,67.31,0.13,62.65,1.85,3.521759787,2.35,209.04
2022,10,12,9,1.11,2.29,3.13,142.9,287.67,21.05,0.57,2.98,7.26,-0.7,3.28,6.04,59.31,0.01,62.69,3.16,6.015546446,4.06,218.99
2022,10,12,10,1.14,2.8,3.69,157.35,353.2,24.22,0.78,4.2,8.11,-0.73,3.69,6.1,56.56,0,62.71,4.13,7.862090767,5.37,223.17
2022,10,12,11,1.4,3.07,3.99,187.1,386.48,28.47,0.97,5.05,8.33,-0.43,3.95,6.29,57.44,0,62.7,4.41,8.39511387,5.7,225.67
2022,10,12,12,1.3,3.06,3.99,177.23,385.95,27.1,0.92,4.8,8.46,-0.48,3.99,6.29,57.06,0.01,62.66,4.48,8.528369645,5.77,227.47
2022,10,12,13,1.19,2.8,3.7,162.48,351.77,24.77,0.79,4.25,8.36,-0.77,3.79,6.16,56.44,0.02,62.62,4.53,8.623552342,5.83,229.07
2022,10,12,14,0.92,2.29,3.14,124.45,287.92,18.59,0.51,2.62,7.9,-1.13,3.39,6.04,56.94,0.04,62.58,4.4,8.37607733,5.68,231.03
2022,10,12,15,0.66,1.56,2.34,84.23,194.12,11.88,0.23,1.15,7.02,-1.27,2.87,5.98,59.75,0.1,62.56,3.93,7.481359979,5.09,231.99
2022,10,12,16,0.37,0.77,1.37,45.05,93.4,5.79,0.05,0.27,5.7,-0.94,2.38,6.1,67.06,0.18,62.55,3.09,5.882290671,4.02,234.09
2022,10,12,17,0.08,0.1,0.31,8.17,11.65,1.18,0.01,0.02,3.95,-0.17,1.89,6.53,80.38,1.15,62.56,1.75,3.331394393,2.39,235.27
2022,10,12,18,0,0,0,0,0,0,0,0,2.2,-0.13,1.04,6.41,89.25,0.98,62.58,0.56,1.066046206,0.83,245.6
2022,10,12,19,0,0,0,0,0,0,0,0,1.75,-0.95,0.4,5.98,86.12,0.44,62.61,0.33,0.6282058,0.5,253.56
2022,10,12,20,0,0,0,0,0,0,0,0,1.5,-2.77,-0.64,5.19,76.25,0.06,62.65,0.32,0.60916926,0.55,237.65
2022,10,12,21,0,0,0,0,0,0,0,0,1.23,-4.24,-1.5,4.64,69.62,0.08,62.66,0.36,0.685315418,0.64,228.95
2022,10,12,22,0,0,0,0,0,0,0,0,0.97,-5.22,-2.13,4.27,65.88,0.06,62.67,0.41,0.780498115,0.72,231.15
2022,10,12,23,0,0,0,0,0,0,0,0,0.6,-5.88,-2.64,4.09,64.19,0.01,62.64,0.51,0.970863509,0.83,234.52
2022,10,13,0,0,0,0,0,0,0,0,0,0.23,-6.32,-3.05,3.91,63.38,0.01,62.62,0.49,0.93279043,0.78,233.13
2022,10,13,1,0,0,0,0,0,0,0,0,-0.04,-6.9,-3.47,3.72,61.5,0.01,62.59,0.37,0.704351957,0.62,225.51
2022,10,13,2,0,0,0,0,0,0,0,0,-0.42,-7.8,-4.11,3.48,58.88,0,62.55,0.25,0.475913485,0.46,221.55
2022,10,13,3,0,0,0,0,0,0,0,0,-0.69,-8.92,-4.81,3.17,54.81,0,62.54,0.17,0.32362117,0.36,208.81
2022,10,13,4,0,0,0,0,0,0,0,0,-0.81,-10.34,-5.57,2.81,49.38,0,62.54,0.19,0.361694248,0.35,189.04
2022,10,13,5,0,0,0,0,0,0,0,0,-0.85,-11.97,-6.41,2.44,43.5,0,62.56,0.26,0.494950024,0.43,176.88
2022,10,13,6,0.09,0.1,0.3,8.98,11.4,1.24,0.01,0.02,-0.74,-13.1,-6.92,2.26,39.31,0,62.6,0.4,0.761461575,0.59,170.91
2022,10,13,7,0.72,0.85,1.34,86.27,102.58,10.63,0.09,0.45,1.2,-11.49,-5.14,2.75,41.38,0,62.65,1.12,2.132092411,1.46,193.89
2022,10,13,8,1.65,1.71,2.32,201.52,211.52,26.12,0.46,2.25,3.55,-9.36,-2.91,3.05,38.94,0,62.72,2.27,4.321294441,2.99,206.7
2022,10,13,9,2.27,2.42,3.11,280.58,299.42,38.58,0.96,4.8,5.01,-8.56,-1.77,3.23,37,0,62.76,3.22,6.129765683,4.17,208.29
2022,10,13,10,2.42,2.91,3.68,303.7,359.5,43.22,1.3,6.75,6.15,-7.57,-0.7,3.48,36.81,0,62.76,3.74,7.119665731,4.79,209.41
2022,10,13,11,2.44,3.16,3.97,308.48,389.52,44.54,1.45,7.58,7.04,-6.67,0.19,3.72,37.38,0,62.74,4.16,7.919200385,5.31,210.98
2022,10,13,12,2.4,3.14,3.97,304.15,387.9,43.91,1.42,7.42,7.43,-5.96,0.73,3.97,38.56,0,62.69,4.4,8.37607733,5.64,212.26
2022,10,13,13,2.43,2.87,3.68,304.85,353.6,42.88,1.3,6.95,7.38,-5.54,0.92,4.09,40,0.01,62.63,4.41,8.39511387,5.66,213.73
2022,10,13,14,2.09,2.36,3.12,258.98,290.7,35.22,0.9,4.62,6.95,-5.51,0.72,4.15,41.44,0.01,62.57,4.21,8.014383082,5.4,215.64
2022,10,13,15,1.05,1.64,2.32,129.3,200.2,17.72,0.33,1.6,6.18,-5.69,0.24,4.09,43.31,0.01,62.54,3.75,7.13870227,4.84,216.93
2022,10,13,16,0.49,0.81,1.35,59.17,96.55,7.65,0.07,0.33,4.83,-5.65,-0.41,4.15,47.94,0.02,62.53,3,5.710961816,3.9,216.27
2022,10,13,17,0.1,0.1,0.3,9.67,11.52,1.3,0.01,0.02,2.56,-4.65,-1.04,4.52,61.44,0.05,62.54,1.67,3.179102078,2.33,211.56
2022,10,13,18,0,0,0,0,0,0,0,0,0.42,-5.88,-2.73,4.03,64.5,0.07,62.57,0.39,0.742425036,0.68,190.66
2022,10,13,19,0,0,0,0,0,0,0,0,-0.53,-6.01,-3.27,3.97,68.19,0.01,62.61,0.32,0.60916926,0.52,122.01
2022,10,13,20,0,0,0,0,0,0,0,0,-0.55,-7.05,-3.8,3.66,62.62,0,62.66,0.44,0.837607733,0.67,110.32
2022,10,13,21,0,0,0,0,0,0,0,0,-0.35,-8.9,-4.63,3.11,53.12,0,62.68,0.54,1.027973127,0.77,119.67
2022,10,13,22,0,0,0,0,0,0,0,0,-0.48,-10.61,-5.54,2.69,46.31,0,62.69,0.66,1.2564116,0.9,134.65
2022,10,13,23,0,0,0,0,0,0,0,0,-0.74,-11.85,-6.29,2.38,42.06,0,62.67,0.69,1.313521218,0.96,138.64
2022,10,14,0,0,0,0,0,0,0,0,0,-1.05,-12.57,-6.81,2.2,39.94,0,62.64,0.65,1.23737506,0.91,134.3
2022,10,14,1,0,0,0,0,0,0,0,0,-1.61,-12.92,-7.27,2.14,40.19,0.04,62.6,0.55,1.047009666,0.81,127.53
2022,10,14,2,0,0,0,0,0,0,0,0,-1.74,-13.5,-7.62,2.01,38.31,0.04,62.57,0.49,0.93279043,0.75,121.37
2022,10,14,3,0,0,0,0,0,0,0,0,-1.7,-13.85,-7.77,1.95,36.81,0.04,62.55,0.45,0.856644272,0.68,122.77
2022,10,14,4,0,0,0,0,0,0,0,0,-1.38,-14.42,-7.89,1.83,33.94,0,62.54,0.43,0.818571194,0.65,128.66
2022,10,14,5,0,0,0,0,0,0,0,0,-1.38,-15.06,-8.22,1.71,31.75,0,62.56,0.42,0.799534654,0.64,137.96
2022,10,14,6,0.09,0.1,0.29,8.05,10.4,1.12,0.01,0.02,-1.45,-15.59,-8.52,1.65,30.19,0,62.58,0.42,0.799534654,0.64,144.38
2022,10,14,7,0.76,0.79,1.33,82.55,87.9,9.77,0.08,0.4,0.19,-11.13,-5.47,2.62,42.44,0,62.63,0.48,0.913753891,0.7,159.15
2022,10,14,8,1.53,1.73,2.31,179,203.42,22.88,0.39,1.92,3.02,-12.1,-4.54,2.44,32.19,0,62.67,1.47,2.79837129,1.89,187.36
2022,10,14,9,2.32,2.46,3.1,275.5,291.05,36.95,0.9,4.48,4.78,-11.5,-3.36,2.5,29.25,0,62.7,2.53,4.816244465,3.24,203.6
2022,10,14,10,2.68,2.97,3.66,320.8,353.45,44.37,1.3,6.7,6.01,-9.4,-1.7,2.99,32.25,0,62.7,3.1,5.90132721,3.95,209.6
2022,10,14,11,2.81,3.24,3.96,338.92,385.62,47.81,1.53,7.98,6.98,-7.71,-0.37,3.48,34.81,0,62.68,3.57,6.796044561,4.54,212.62
2022,10,14,12,2.71,3.22,3.96,326.83,383.73,46.08,1.47,7.65,7.55,-6.49,0.52,3.85,37.12,0,62.63,3.93,7.481359979,5.01,215.1
2022,10,14,13,2.45,2.94,3.66,294.52,349.08,40.98,1.22,6.45,7.55,-5.6,0.97,4.15,39.81,0,62.57,4.05,7.709798452,5.17,217.32
2022,10,14,14,1.93,2.4,3.1,230.23,284.25,31.32,0.78,4,7.12,-5.25,0.93,4.27,42.19,0,62.52,3.9,7.424250361,4.99,219.67
2022,10,14,15,1.25,1.66,2.3,146.55,194.8,19.22,0.34,1.67,6.3,-5.29,0.51,4.21,44.5,0,62.5,3.48,6.624715707,4.47,220.04
2022,10,14,16,0.61,0.81,1.33,67.9,91.67,8.29,0.07,0.35,4.89,-5.24,-0.18,4.27,49.25,0,62.5,2.71,5.158902174,3.5,217.92
2022,10,14,17,0.11,0.1,0.28,9.92,10.88,1.29,0.01,0.02,2.64,-4.55,-0.95,4.52,61.5,0,62.51,1.24,2.360530884,1.73,210.16
2022,10,14,18,0,0,0,0,0,0,0,0,0.05,-5.12,-2.53,4.21,69.19,0,62.53,0.27,0.513986563,0.42,112.78
2022,10,14,19,0,0,0,0,0,0,0,0,-0.67,-5.81,-3.24,3.97,69.19,0,62.57,0.54,1.027973127,0.88,74.61
2022,10,14,20,0,0,0,0,0,0,0,0,-0.79,-7.26,-4.02,3.54,61.81,0,62.61,0.55,1.047009666,0.89,81.44
2022,10,14,21,0,0,0,0,0,0,0,0,-0.21,-9.45,-4.83,2.93,49.19,0,62.63,0.53,1.008936588,0.79,88.87
2022,10,14,22,0,0,0,0,0,0,0,0,-0.22,-11.16,-5.69,2.56,42.44,0,62.62,0.48,0.913753891,0.67,93.33
2022,10,14,23,0,0,0,0,0,0,0,0,-0.4,-12.82,-6.61,2.2,37.19,0,62.59,0.4,0.761461575,0.55,109.21
2022,10,15,0,0,0,0,0,0,0,0,0,-0.56,-14.99,-7.77,1.77,30.69,0,62.56,0.35,0.666278879,0.46,120.96
2022,10,15,1,0,0,0,0,0,0,0,0,-0.78,-16.87,-8.83,1.46,26,0,62.53,0.29,0.552059642,0.39,126.87
2022,10,15,2,0,0,0,0,0,0,0,0,-0.93,-18.31,-9.62,1.28,22.94,0,62.51,0.29,0.552059642,0.38,124.02
2022,10,15,3,0,0,0,0,0,0,0,0,-1.09,-19.56,-10.32,1.16,20.69,0,62.49,0.35,0.666278879,0.48,128.37
2022,10,15,4,0,0,0,0,0,0,0,0,-1.27,-20.45,-10.86,1.04,19.38,0,62.49,0.4,0.761461575,0.56,132.17
2022,10,15,5,0,0,0,0,0,0,0,0,-1.37,-21.32,-11.35,0.98,18,0.01,62.51,0.42,0.799534654,0.57,127.18
2022,10,15,6,0.08,0.09,0.28,7.25,9.62,1.01,0.01,0.02,-1.31,-21.87,-11.59,0.92,16.94,0,62.55,0.42,0.799534654,0.59,128.54
2022,10,15,7,0.75,0.8,1.32,81.7,88.45,9.53,0.08,0.4,0.06,-13.82,-6.88,2.14,35.31,0,62.61,0.39,0.742425036,0.63,142.56
2022,10,15,8,1.51,1.69,2.29,175.67,198.05,22.16,0.39,1.9,3.35,-13.95,-5.3,2.08,26.69,0,62.67,1.09,2.074982793,1.43,180
2022,10,15,9,2.3,2.43,3.09,271.95,286.48,35.98,0.88,4.42,5.52,-13.63,-4.05,2.08,22.81,0,62.72,2.34,4.454550217,3.02,206.1
2022,10,15,10,2.74,2.95,3.65,326.85,349.02,44.68,1.32,6.83,6.92,-10.94,-2.01,2.62,26.5,0,62.72,3.09,5.882290671,3.97,216.04
2022,10,15,11,2.96,3.23,3.94,355.48,381.85,49.33,1.59,8.27,7.87,-8.9,-0.52,3.11,29.75,0,62.7,3.7,7.043519573,4.75,219.73
2022,10,15,12,2.96,3.23,3.94,358.55,386.65,50.27,1.62,8.55,8.15,-7.45,0.35,3.6,33.25,0,62.66,4.08,7.76690807,5.24,221.25
2022,10,15,13,2.57,2.96,3.64,309.92,353.05,42.99,1.29,6.8,7.93,-6.37,0.78,3.97,37.25,0,62.6,4.11,7.824017688,5.27,223.38
2022,10,15,14,2.08,2.44,3.08,245.1,290.02,33.29,0.83,4.2,7.37,-5.77,0.8,4.21,40.88,0,62.55,3.87,7.367140743,4.95,226.15
2022,10,15,15,1.3,1.71,2.28,151.73,202.48,19.88,0.36,1.77,6.43,-5.43,0.5,4.33,45.12,0,62.53,3.48,6.624715707,4.47,227.34
2022,10,15,16,0.67,0.86,1.31,76.58,100.02,9.14,0.08,0.38,4.87,-5.14,-0.13,4.46,51.56,0,62.53,2.69,5.120829095,3.51,227.71
2022,10,15,17,0.12,0.11,0.27,10.6,11.3,1.33,0.01,0.02,2.37,-3.94,-0.78,4.88,67.38,0,62.55,1.16,2.208238569,1.68,226.51
2022,10,15,18,0,0,0,0,0,0,0,0,-0.06,-4.52,-2.3,4.52,74.88,0,62.58,0.1,0.190365394,0.16,261.47
2022,10,15,19,0,0,0,0,0,0,0,0,-0.88,-5.8,-3.34,4.09,72.38,0,62.62,0.38,0.723388497,0.59,43.39
2022,10,15,20,0,0,0,0,0,0,0,0,-1.04,-7.42,-4.24,3.6,64.06,0,62.67,0.41,0.780498115,0.64,52.99
2022,10,15,21,0,0,0,0,0,0,0,0,-0.49,-9.26,-4.88,3.05,52.75,0,62.7,0.42,0.799534654,0.6,61.09
2022,10,15,22,0,0,0,0,0,0,0,0,-0.14,-11.01,-5.57,2.69,44.31,0,62.7,0.44,0.837607733,0.61,75.07
2022,10,15,23,0,0,0,0,0,0,0,0,-0.24,-12.85,-6.54,2.26,37.81,0,62.69,0.39,0.742425036,0.52,92.56
2022,10,16,0,0,0,0,0,0,0,0,0,-0.52,-14.6,-7.56,1.89,33,0,62.67,0.32,0.60916926,0.43,113.75
2022,10,16,1,0,0,0,0,0,0,0,0,-0.79,-16.42,-8.6,1.59,28.25,0,62.66,0.27,0.513986563,0.37,131.53
2022,10,16,2,0,0,0,0,0,0,0,0,-1.02,-17.65,-9.33,1.4,25.19,0,62.64,0.23,0.437840406,0.31,136.01
2022,10,16,3,0,0,0,0,0,0,0,0,-1.13,-18.81,-9.97,1.22,22.56,0,62.63,0.22,0.418803867,0.3,146.73
2022,10,16,4,0,0,0,0,0,0,0,0,-1.13,-20.33,-10.73,1.1,19.38,0,62.64,0.2,0.380730788,0.32,164.62
2022,10,16,5,0,0,0,0,0,0,0,0,-1.25,-20.62,-10.94,1.04,18.94,0,62.67,0.22,0.418803867,0.35,173.66
2022,10,16,6,0.09,0.11,0.27,7.98,10.88,1.12,0.01,0.02,-1.45,-20.25,-10.85,1.1,20,0,62.72,0.24,0.456876945,0.37,167.74
2022,10,16,7,0.87,0.9,1.31,95.2,99.9,10.7,0.09,0.42,0.18,-15.1,-7.45,1.83,29.88,0,62.78,0.23,0.437840406,0.38,154.49
2022,10,16,8,1.66,1.77,2.28,189.62,203.58,23.8,0.41,2.05,3.18,-14.44,-5.63,1.95,26.06,0,62.85,1.09,2.074982793,1.4,204.71
2022,10,16,9,2.41,2.5,3.07,278.67,290.17,37.03,0.91,4.58,5.25,-14.7,-4.73,1.83,21.06,0,62.88,2.5,4.759134847,3.22,217.7
2022,10,16,10,2.89,3.02,3.63,339.35,351.55,46.37,1.37,7.1,6.4,-12.42,-3,2.32,24.06,0,62.88,3.21,6.110729143,4.12,218.91
2022,10,16,11,3.12,3.28,3.92,368.52,383.23,51.01,1.63,8.58,7.23,-10.55,-1.67,2.75,27.06,0,62.86,3.69,7.024483034,4.71,219.34
2022,10,16,12,3.1,3.26,3.92,369.92,384.08,51.25,1.64,8.62,7.55,-9.29,-0.87,3.05,29.69,0,62.81,3.98,7.576542676,5.08,220.2
2022,10,16,13,2.86,2.99,3.63,339.02,351.4,46.41,1.37,7.08,7.46,-8.35,-0.45,3.36,32.56,0,62.75,4.05,7.709798452,5.18,221.45
2022,10,16,14,2.3,2.46,3.06,270.75,289.27,35.98,0.89,4.48,6.99,-7.74,-0.38,3.54,35.62,0,62.7,3.88,7.386177282,4.97,223.03
2022,10,16,15,1.6,1.72,2.26,185.8,202.33,23.36,0.41,2,6.11,-7.33,-0.61,3.72,39.44,0,62.69,3.5,6.662788786,4.51,224.58
2022,10,16,16,0.82,0.87,1.29,91.95,99.58,10.32,0.09,0.4,4.59,-6.72,-1.06,3.91,46.44,0,62.69,2.76,5.254084871,3.6,226.5
2022,10,16,17,0.11,0.11,0.26,10.23,10.8,1.27,0.01,0.02,2.14,-5.09,-1.48,4.46,63,0,62.7,1.23,2.341494345,1.78,225.71
2022,10,16,18,0,0,0,0,0,0,0,0,-0.2,-5.85,-3.02,4.09,68.25,0,62.73,0.06,0.114219236,0.17,236.31
2022,10,16,19,0,0,0,0,0,0,0,0,-1.15,-6.67,-3.91,3.78,69,0,62.76,0.28,0.533023103,0.44,47.86
2022,10,16,20,0,0,0,0,0,0,0,0,-0.92,-8,-4.46,3.42,60.69,0,62.81,0.27,0.513986563,0.38,42.51
2022,10,16,21,0,0,0,0,0,0,0,0,-0.45,-9.88,-5.17,2.93,50.31,0,62.83,0.15,0.285548091,0.22,68.96
2022,10,16,22,0,0,0,0,0,0,0,0,-0.68,-11.84,-6.26,2.5,44.06,0,62.83,0.2,0.380730788,0.27,106.86
2022,10,16,23,0,0,0,0,0,0,0,0,-1.27,-13.98,-7.63,2.14,39.06,0,62.82,0.3,0.571096182,0.41,110.17
2022,10,17,0,0,0,0,0,0,0,0,0,-1.89,-15.67,-8.78,1.83,35.06,0,62.8,0.41,0.780498115,0.55,97.33
2022,10,17,1,0,0,0,0,0,0,0,0,-2.7,-15.94,-9.32,1.65,34.56,0,62.77,0.42,0.799534654,0.6,83.99
2022,10,17,2,0,0,0,0,0,0,0,0,-3.62,-16.67,-10.14,1.53,34.06,0,62.74,0.35,0.666278879,0.54,72.35
2022,10,17,3,0,0,0,0,0,0,0,0,-3.92,-17.92,-10.92,1.34,30.62,0,62.73,0.31,0.590132721,0.5,57.8
2022,10,17,4,0,0,0,0,0,0,0,0,-3.85,-19.1,-11.47,1.22,27.25,0,62.73,0.26,0.494950024,0.41,52.03
2022,10,17,5,0,0,0,0,0,0,0,0,-3.49,-20.27,-11.88,1.04,23.5,0,62.75,0.2,0.380730788,0.29,55.89
2022,10,17,6,0.09,0.1,0.26,8,10.42,1.11,0.01,0.02,-3.04,-21.29,-12.17,0.98,20.56,0,62.79,0.17,0.32362117,0.21,66.25
2022,10,17,7,0.85,0.88,1.29,95.62,99.92,10.7,0.09,0.42,-1.18,-14.37,-7.77,2.01,36.75,0,62.83,0.12,0.228438473,0.19,90
2022,10,17,8,1.65,1.72,2.27,192.1,202.88,24.1,0.41,2.02,2.01,-17.14,-7.56,1.59,22.94,0,62.86,0.76,1.446776993,0.92,211.8
2022,10,17,9,2.33,2.43,3.06,276.3,288.45,36.64,0.89,4.45,4.27,-15.94,-5.83,1.65,20.12,0,62.88,2.2,4.188038665,2.8,221.49
2022,10,17,10,2.84,2.93,3.62,339.5,348.52,46.25,1.35,6.95,5.72,-12.88,-3.58,2.2,24.25,0,62.86,2.9,5.520596422,3.69,221.65
2022,10,17,11,3.02,3.19,3.91,362.98,378.9,50.16,1.59,8.3,6.79,-10.72,-1.96,2.69,27.31,0,62.82,3.5,6.662788786,4.47,222.59
2022,10,17,12,3.06,3.2,3.9,370,382.2,51.25,1.62,8.5,7.25,-9.26,-1,3.05,30.19,0,62.76,3.9,7.424250361,4.98,223.73
2022,10,17,13,2.81,2.91,3.61,337.83,347,46.03,1.34,6.88,7.21,-8.31,-0.55,3.36,33.12,0,62.69,3.99,7.595579215,5.11,225.31
2022,10,17,14,2.22,2.38,3.04,264.4,282.58,34.97,0.84,4.27,6.77,-7.65,-0.44,3.54,36.31,0,62.65,3.86,7.348104203,4.95,225.9
2022,10,17,15,1.46,1.63,2.24,171.6,193.95,21.61,0.37,1.83,5.86,-7.2,-0.67,3.72,40.44,0,62.63,3.42,6.51049647,4.4,225.86
2022,10,17,16,0.78,0.79,1.27,87.88,91.38,9.91,0.08,0.38,4.37,-6.77,-1.2,3.91,46.69,0,62.61,2.61,4.96853678,3.4,224.44
2022,10,17,17,0.09,0.09,0.24,8.52,9.25,1.09,0,0.02,1.93,-5.83,-1.95,4.21,60.12,0,62.61,1.15,2.18920203,1.6,215.64
2022,10,17,18,0,0,0,0,0,0,0,0,-0.77,-6.08,-3.42,3.97,69.44,0,62.63,0.24,0.456876945,0.39,106.26
2022,10,17,19,0,0,0,0,0,0,0,0,-1.52,-7.6,-4.56,3.48,64.94,0,62.66,0.44,0.837607733,0.75,74.95
2022,10,17,20,0,0,0,0,0,0,0,0,-1.06,-10.02,-5.55,2.87,51.12,0,62.69,0.41,0.780498115,0.64,96.26
2022,10,17,21,0,0,0,0,0,0,0,0,-0.7,-12.45,-6.58,2.32,40.38,0,62.69,0.53,1.008936588,0.73,121.49
2022,10,17,22,0,0,0,0,0,0,0,0,-1.09,-13.69,-7.38,2.08,37.19,0,62.69,0.56,1.066046206,0.82,122.93
2022,10,17,23,0,0,0,0,0,0,0,0,-1.73,-15.05,-8.39,1.83,34.5,0,62.67,0.59,1.123155824,0.91,138.49
2022,10,18,0,0,0,0,0,0,0,0,0,-2.52,-16,-9.26,1.65,33.25,0,62.64,0.61,1.161228903,1.01,153.43
2022,10,18,1,0,0,0,0,0,0,0,0,-2.97,-16.83,-9.9,1.46,31.44,0,62.62,0.59,1.123155824,1.05,165.34
2022,10,18,2,0,0,0,0,0,0,0,0,-3.5,-16.72,-10.11,1.46,32.88,0,62.59,0.56,1.066046206,1.05,169.7
2022,10,18,3,0,0,0,0,0,0,0,0,-4.02,-15.86,-9.95,1.65,37.44,0,62.57,0.55,1.047009666,1.03,165.96
2022,10,18,4,0,0,0,0,0,0,0,0,-4.32,-14.8,-9.56,1.83,43.19,0,62.55,0.55,1.047009666,1.02,161.15
2022,10,18,5,0,0,0,0,0,0,0,0,-4.5,-13.54,-9.02,2.08,50.19,0,62.55,0.57,1.085082745,1.04,160.75
2022,10,18,6,0.08,0.09,0.26,7.4,8.88,1.02,0.01,0.02,-4.48,-12.31,-8.4,2.38,56.88,0,62.57,0.6,1.142192363,1.07,159.98
2022,10,18,7,0.79,0.81,1.28,87.6,91.55,9.94,0.08,0.38,-2.08,-8.19,-5.13,3.54,68.75,0,62.6,0.67,1.275448139,1.05,161.83
2022,10,18,8,1.57,1.66,2.25,181.6,193.65,22.66,0.38,1.88,1.17,-7.94,-3.38,3.54,53.62,0,62.64,2.01,3.826344417,2.61,183.08
2022,10,18,9,2.27,2.37,3.05,267.25,280.02,35.1,0.84,4.2,3.44,-8.61,-2.59,3.3,42.38,0,62.67,3.41,6.491459931,4.43,195.85
2022,10,18,10,2.73,2.87,3.6,326.73,340.98,44.2,1.27,6.52,4.8,-8.06,-1.63,3.48,40.31,0,62.68,4.27,8.128602318,5.53,202.58
2022,10,18,11,2.95,3.13,3.89,355.17,372.3,48.55,1.52,7.9,5.59,-7.35,-0.88,3.66,40.5,0,62.65,4.81,9.156575445,6.23,206.05
2022,10,18,12,2.97,3.14,3.89,359.85,375.92,49.48,1.55,8.1,5.81,-6.81,-0.5,3.85,41.62,0,62.6,5.05,9.613452391,6.54,208.4
2022,10,18,13,2.72,2.85,3.59,326.35,340.88,44.2,1.27,6.5,5.59,-6.46,-0.44,3.91,43.25,0,62.54,5.07,9.651525469,6.56,210.72
2022,10,18,14,2.13,2.32,3.02,253.7,277,33.45,0.8,4.05,5.04,-6.65,-0.81,3.85,44.12,0,62.49,4.82,9.175611985,6.25,212.28
2022,10,18,15,1.4,1.6,2.23,164.12,189.25,20.63,0.34,1.73,4.23,-7.39,-1.59,3.66,44.19,0,62.46,4.48,8.528369645,5.84,212.44
2022,10,18,16,0.69,0.77,1.25,77.17,88.42,8.83,0.07,0.33,2.81,-7.52,-2.35,3.66,48.81,0,62.46,3.87,7.367140743,5.13,210.98
2022,10,18,17,0.09,0.08,0.23,7.88,8.62,1.01,0,0.02,0.07,-5.92,-2.92,4.21,68.75,0,62.47,2.61,4.96853678,3.71,206.78
2022,10,18,18,0,0,0,0,0,0,0,0,-1.7,-7.13,-4.42,3.72,70.62,0,62.49,1.89,3.597905944,2.57,195.68
2022,10,18,19,0,0,0,0,0,0,0,0,-2.36,-8.24,-5.3,3.42,68.12,0,62.51,1.45,2.760298211,1.95,184.59
2022,10,18,20,0,0,0,0,0,0,0,0,-3.15,-9.99,-6.57,2.93,62.94,0,62.55,1.13,2.151128951,1.6,176.91
2022,10,18,21,0,0,0,0,0,0,0,0,-3.49,-11.39,-7.44,2.62,57.25,0,62.56,0.99,1.884617399,1.48,178.18
2022,10,18,22,0,0,0,0,0,0,0,0,-3.81,-11.99,-7.9,2.44,55.06,0,62.55,0.88,1.675215466,1.38,177.07
2022,10,18,23,0,0,0,0,0,0,0,0,-4.06,-12.35,-8.21,2.32,53.44,0,62.52,0.8,1.522923151,1.31,170.71
2022,10,19,0,0,0,0,0,0,0,0,0,-4.1,-12.77,-8.43,2.2,50.81,0,62.48,0.7,1.332557757,1.17,162.53
2022,10,19,1,0,0,0,0,0,0,0,0,-4.17,-13.18,-8.67,2.08,48.69,0,62.45,0.63,1.199301981,1.07,152.12
2022,10,19,2,0,0,0,0,0,0,0,0,-4.38,-13.58,-8.98,2.01,47.44,0,62.41,0.6,1.142192363,1.01,140.65
2022,10,19,3,0,0,0,0,0,0,0,0,-4.6,-14,-9.3,1.95,46.44,0,62.38,0.6,1.142192363,1.02,138.4
2022,10,19,4,0,0,0,0,0,0,0,0,-4.52,-14.56,-9.54,1.83,43.62,0,62.38,0.62,1.180265442,1.04,144.16
2022,10,19,5,0,0,0,0,0,0,0,0,-4.74,-14.58,-9.66,1.83,44.31,0,62.4,0.63,1.199301981,1.07,149.11
2022,10,19,6,0.08,0.08,0.25,7.83,9.27,1.22,0.01,0.02,-5.01,-14.13,-9.56,1.89,47.44,0,62.42,0.61,1.161228903,1.07,151.19
2022,10,19,7,0.75,0.76,1.27,83.95,86.08,10.84,0.09,0.42,-2.88,-11.37,-7.13,2.62,54.75,0,62.47,1.03,1.960763557,1.43,166.42
2022,10,19,8,1.52,1.57,2.24,176.62,183.77,22.69,0.38,1.85,-0.28,-10.51,-5.39,2.75,46.38,0,62.52,2.38,4.530696374,3.07,184.97
2022,10,19,9,2.06,2.29,3.03,246.05,270.7,34.2,0.82,4.12,1.75,-9.7,-3.98,2.93,42.06,0,62.54,3.44,6.548569549,4.43,198.28
2022,10,19,10,2.49,2.79,3.59,301.62,332.12,43.3,1.25,6.52,3.14,-8.71,-2.79,3.17,41.38,0,62.53,4.21,8.014383082,5.42,206.2
2022,10,19,11,2.72,3.04,3.87,332.27,362.55,48.13,1.5,7.9,3.9,-7.56,-1.83,3.48,43.19,0,62.49,4.68,8.909100433,6.01,210.73
2022,10,19,12,2.69,3.02,3.87,328.27,360.92,47.61,1.47,7.73,4.12,-6.84,-1.36,3.72,45.12,0,62.44,4.87,9.270794682,6.26,213.29
2022,10,19,13,2.36,2.69,3.57,286.48,319.83,40.1,1.15,6,3.91,-6.38,-1.24,3.85,47.5,0,62.38,4.79,9.118502366,6.15,214.7
2022,10,19,14,1.7,2.03,3.01,198.4,233.3,25.72,0.59,3.02,3.42,-6.28,-1.43,3.91,49.62,0,62.33,4.56,8.680661961,5.86,215.66
2022,10,19,15,1.03,1.21,2.21,113.4,132.15,13.94,0.23,1.1,2.58,-6.45,-1.93,3.85,52.12,0,62.31,4.2,7.995346543,5.42,215.73
2022,10,19,16,0.44,0.49,1.23,47.62,53.02,6.84,0.05,0.25,1.22,-6.43,-2.6,3.85,58,0,62.31,3.54,6.738934943,4.61,214.85
2022,10,19,17,0.06,0.05,0.22,5.23,5.27,0.73,0,0.02,-1.17,-5.52,-3.35,4.27,76.62,0,62.33,2.21,4.207075205,3.05,210.76
2022,10,19,18,0,0,0,0,0,0,0,0,-2.61,-6.2,-4.41,4.03,81.56,0,62.35,1.35,2.569932817,1.74,200.47
2022,10,19,19,0,0,0,0,0,0,0,0,-3.61,-6.77,-5.19,3.85,84.69,0,62.39,0.69,1.313521218,0.85,163.4
2022,10,19,20,0,0,0,0,0,0,0,0,-4.28,-8.01,-6.15,3.42,79.94,0,62.44,0.47,0.894717351,0.67,127.41
2022,10,19,21,0,0,0,0,0,0,0,0,-4.17,-9.52,-6.85,2.93,68.75,0,62.46,0.4,0.761461575,0.62,105.26
2022,10,19,22,0,0,0,0,0,0,0,0,-3.93,-10.92,-7.42,2.62,59.19,0,62.46,0.43,0.818571194,0.61,101.02
2022,10,19,23,0,0,0,0,0,0,0,0,-3.98,-12.13,-8.05,2.32,53.12,0,62.44,0.44,0.837607733,0.62,96.5
2022,10,20,0,0,0,0,0,0,0,0,0,-4.12,-13.14,-8.63,2.14,48.81,0,62.41,0.5,0.951826969,0.73,88.77
2022,10,20,1,0,0,0,0,0,0,0,0,-4.34,-13.85,-9.1,1.95,46.38,0,62.39,0.58,1.104119284,0.86,80.02
2022,10,20,2,0,0,0,0,0,0,0,0,-4.77,-14.07,-9.42,1.89,46.94,0,62.38,0.59,1.123155824,0.91,79.65
2022,10,20,3,0,0,0,0,0,0,0,0,-4.95,-14.48,-9.71,1.83,45.88,0,62.37,0.62,1.180265442,0.96,80.15
2022,10,20,4,0,0,0,0,0,0,0,0,-4.99,-14.88,-9.93,1.77,44.19,0,62.38,0.61,1.161228903,0.96,82.53
2022,10,20,5,0,0,0,0,0,0,0,0,-5.01,-15.07,-10.04,1.71,43.44,0,62.42,0.57,1.085082745,0.9,90.5
2022,10,20,6,0.06,0.06,0.24,5.6,6.23,0.82,0,0.02,-5.06,-14.81,-9.93,1.77,44.81,0,62.48,0.53,1.008936588,0.83,101.42
2022,10,20,7,0.51,0.51,1.26,52.08,53.73,7.36,0.05,0.27,-3.14,-10.92,-7.02,2.69,57.06,0,62.55,0.53,1.008936588,0.81,117.55
2022,10,20,8,1.1,1.12,2.23,111.8,116.83,13.46,0.21,1.02,-0.27,-10.26,-5.27,2.81,47.25,0,62.62,1.38,2.627042435,1.71,176.6
2022,10,20,9,1.69,1.79,3.02,181.92,191.9,21.84,0.48,2.42,2.05,-8.56,-3.25,3.3,46.62,0,62.66,2.83,5.387340647,3.61,204.13
2022,10,20,10,2.04,2.33,3.57,228.67,256.33,28.36,0.76,3.95,3.57,-7.06,-1.75,3.72,47.62,0,62.67,3.67,6.986409955,4.7,213
2022,10,20,11,2.13,2.61,3.86,244.45,292.08,31.34,0.91,4.8,4.48,-5.66,-0.6,4.15,49.88,0,62.64,4.25,8.09052924,5.44,217.12
2022,10,20,12,2.62,3.07,3.85,322.15,366.6,48.08,1.5,7.88,4.76,-4.56,0.1,4.52,52.94,0,62.6,4.48,8.528369645,5.72,219.23
2022,10,20,13,2.15,2.74,3.55,263.92,323.38,38.5,1.11,5.77,4.64,-4.07,0.29,4.7,55.12,0,62.55,4.46,8.490296567,5.7,220.83
2022,10,20,14,1.6,2.1,2.99,186.33,241.92,25.17,0.59,2.92,4.18,-4.13,0.02,4.64,56.56,0,62.52,4.28,8.147638858,5.47,222.57
2022,10,20,15,0.91,1.24,2.19,101.17,134.3,12.84,0.21,1.02,3.35,-4.5,-0.57,4.52,58.31,0,62.52,3.85,7.329067664,4.93,223.33
2022,10,20,16,0.43,0.54,1.21,47.12,58.4,6.89,0.05,0.25,1.97,-4.6,-1.31,4.52,64,0,62.53,2.97,5.653852198,3.81,223.01
2022,10,20,17,0.07,0.06,0.21,5.9,6.05,0.88,0,0.02,-0.06,-4.45,-2.26,4.58,75.62,0,62.55,1.65,3.141028999,2.19,217.61
2022,10,20,18,0,0,0,0,0,0,0,0,-2.06,-5.22,-3.63,4.27,83.31,0,62.58,0.46,0.875680812,0.54,180.83
2022,10,20,19,0,0,0,0,0,0,0,0,-3.08,-6.34,-4.7,3.91,82.5,0,62.63,0.34,0.647242339,0.58,83.07
2022,10,20,20,0,0,0,0,0,0,0,0,-3.32,-8.27,-5.8,3.3,71.81,0,62.68,0.31,0.590132721,0.47,91.91
2022,10,20,21,0,0,0,0,0,0,0,0,-2.74,-10.63,-6.68,2.75,56.25,0,62.7,0.33,0.6282058,0.49,128.52
2022,10,20,22,0,0,0,0,0,0,0,0,-2.76,-12.67,-7.71,2.26,47.44,0,62.7,0.42,0.799534654,0.67,145.01
2022,10,20,23,0,0,0,0,0,0,0,0,-2.95,-14.4,-8.67,1.95,41.19,0,62.68,0.49,0.93279043,0.81,157.38
2022,10,21,0,0,0,0,0,0,0,0,0,-3.15,-15.76,-9.45,1.71,36.75,0,62.66,0.54,1.027973127,0.9,164.88
2022,10,21,1,0,0,0,0,0,0,0,0,-3.39,-16.32,-9.85,1.59,35,0,62.64,0.55,1.047009666,0.9,167.42
2022,10,21,2,0,0,0,0,0,0,0,0,-3.72,-16.46,-10.1,1.59,35.31,0,62.62,0.48,0.913753891,0.79,163.9
2022,10,21,3,0,0,0,0,0,0,0,0,-4,-16.6,-10.31,1.53,35.75,0,62.61,0.41,0.780498115,0.66,158.57
2022,10,21,4,0,0,0,0,0,0,0,0,-4.22,-16.51,-10.36,1.59,36.88,0,62.61,0.38,0.723388497,0.62,157.93
2022,10,21,5,0,0,0,0,0,0,0,0,-4.45,-16.47,-10.46,1.59,37.94,0,62.63,0.36,0.685315418,0.58,147.59
2022,10,21,6,0.07,0.07,0.23,6.35,7.27,0.99,0.01,0.02,-4.65,-16.57,-10.61,1.59,38.31,0,62.67,0.38,0.723388497,0.59,131.76
2022,10,21,7,0.62,0.63,1.25,66.45,68.55,9.23,0.07,0.35,-3.15,-11.74,-7.45,2.56,54.56,0,62.73,0.36,0.685315418,0.6,124.32
2022,10,21,8,1.28,1.35,2.21,139.88,147.4,17.2,0.28,1.38,-0.01,-14.6,-7.31,1.95,32.19,0,62.79,1.15,2.18920203,1.45,180.93
2022,10,21,9,2.08,2.19,3,242.85,254.7,32.8,0.77,3.85,2.12,-14.45,-6.17,1.95,27.38,0,62.83,2.58,4.911427162,3.28,204.61
2022,10,21,10,2.65,2.77,3.56,316.38,327.48,45.03,1.28,6.58,3.62,-12.64,-4.51,2.26,29.06,0,62.84,3.53,6.719898404,4.52,211.58
2022,10,21,11,2.78,3.03,3.84,336.2,359.08,48.9,1.52,7.98,4.6,-11.08,-3.24,2.62,31.25,0,62.81,4.15,7.900163846,5.31,214.39
2022,10,21,12,2.86,3.15,3.83,352.73,378.27,53.73,1.72,9.08,4.96,-9.89,-2.46,2.93,33.75,0,62.76,4.39,8.357040791,5.61,215.77
2022,10,21,13,2.48,2.82,3.54,300.05,336.77,44.54,1.29,6.62,4.87,-9.13,-2.13,3.11,36.25,0,62.71,4.34,8.261858094,5.55,216.93
2022,10,21,14,1.95,2.23,2.97,233.6,262.98,32.97,0.8,4.02,4.4,-8.83,-2.21,3.17,38.5,0,62.68,4.03,7.671725373,5.15,217.55
2022,10,21,15,1.23,1.45,2.17,144.02,168.52,19.01,0.32,1.58,3.58,-8.7,-2.56,3.23,41.44,0,62.66,3.58,6.815081101,4.58,215.97
2022,10,21,16,0.6,0.68,1.19,68.83,77.85,9.53,0.08,0.35,2.07,-8.21,-3.07,3.42,48.62,0,62.66,2.88,5.482523344,3.72,211.95
2022,10,21,17,0.07,0.06,0.2,6.25,6.85,0.94,0,0.02,-0.35,-7.2,-3.77,3.78,64.44,0,62.68,1.62,3.083919381,2.23,202.25
2022,10,21,18,0,0,0,0,0,0,0,0,-2.72,-6.99,-4.85,3.72,76.69,0,62.71,0.42,0.799534654,0.66,144.62
2022,10,21,19,0,0,0,0,0,0,0,0,-4.03,-7.94,-5.99,3.42,78.5,0,62.75,0.56,1.066046206,0.94,90.95
2022,10,21,20,0,0,0,0,0,0,0,0,-4.3,-9.47,-6.88,2.99,70,0,62.79,0.67,1.275448139,1.1,88.38
2022,10,21,21,0,0,0,0,0,0,0,0,-4.35,-10.64,-7.49,2.69,63.06,0,62.81,0.67,1.275448139,1.1,97.38
2022,10,21,22,0,0,0,0,0,0,0,0,-4.34,-11.48,-7.91,2.44,58.44,0,62.81,0.65,1.23737506,1.05,102.48
2022,10,21,23,0,0,0,0,0,0,0,0,-4.38,-12.11,-8.24,2.32,55.88,0,62.8,0.63,1.199301981,1,105.88
2022,10,22,0,0,0,0,0,0,0,0,0,-4.52,-12.56,-8.54,2.32,55.25,0,62.78,0.61,1.161228903,0.95,106.2
2022,10,22,1,0,0,0,0,0,0,0,0,-4.77,-12.81,-8.78,2.32,56.38,0,62.76,0.58,1.104119284,0.91,102.85
2022,10,22,2,0,0,0,0,0,0,0,0,-5.06,-13.03,-9.05,2.26,57.5,0,62.73,0.57,1.085082745,0.91,95.42
2022,10,22,3,0,0,0,0,0,0,0,0,-5.21,-13.32,-9.27,2.26,56.94,0,62.72,0.57,1.085082745,0.92,94.89
2022,10,22,4,0,0,0,0,0,0,0,0,-5.19,-13.42,-9.31,2.2,55.75,0,62.73,0.59,1.123155824,0.93,95.81
2022,10,22,5,0,0,0,0,0,0,0,0,-5.35,-13.31,-9.33,2.2,56.12,0,62.76,0.6,1.142192363,0.95,92.82
2022,10,22,6,0.07,0.08,0.23,7.05,8.73,1.15,0.01,0.02,-5.47,-13.04,-9.25,2.2,57.25,0,62.79,0.61,1.161228903,0.99,88.65
2022,10,22,7,0.8,0.8,1.23,89.15,91.05,11.3,0.09,0.42,-3.67,-9.84,-6.75,2.99,66.5,0,62.83,0.55,1.047009666,0.95,88.58
2022,10,22,8,1.55,1.65,2.2,182.33,193.7,24.75,0.41,2.02,-0.36,-11.17,-5.76,2.56,44,0,62.87,1.22,2.322457805,1.56,136.22
2022,10,22,9,2.29,2.39,2.99,273.33,283.12,39.42,0.95,4.7,2.01,-11.87,-4.93,2.5,35.38,0,62.89,2.35,4.473586756,2.98,173.08
2022,10,22,10,2.73,2.91,3.54,328.67,346.5,49.29,1.42,7.27,3.71,-10.39,-3.35,2.87,36.19,0,62.88,3.31,6.301094537,4.22,188.94
2022,10,22,11,2.98,3.18,3.83,362.5,379.52,55.26,1.73,9.02,4.76,-8.5,-1.87,3.36,39.62,0,62.85,4.05,7.709798452,5.19,197.15
2022,10,22,12,3.01,3.2,3.82,367.6,383.23,56.58,1.8,9.42,5.12,-6.63,-0.75,3.97,45.06,0,62.8,4.42,8.414150409,5.67,201.08
2022,10,22,13,2.76,2.91,3.52,336.15,349.45,50.91,1.47,7.5,4.98,-5.06,-0.04,4.46,51.31,0,62.74,4.48,8.528369645,5.73,203.03
2022,10,22,14,2.18,2.38,2.95,265.3,285.9,39.28,0.95,4.77,4.45,-3.92,0.26,4.82,57.69,0,62.7,4.26,8.109565779,5.46,204.07
2022,10,22,15,1.4,1.64,2.15,168.02,197.15,24.05,0.41,1.98,3.63,-3.17,0.23,5.07,64.31,0,62.68,3.97,7.557506137,5.12,204.06
2022,10,22,16,0.69,0.79,1.18,80.77,92.85,10.48,0.08,0.38,2.16,-2.41,-0.13,5.31,75.06,0,62.68,3.47,6.605679167,4.52,203.29
2022,10,22,17,0.08,0.07,0.19,6.88,7.65,0.98,0.01,0.02,-0.36,-1.81,-1.09,5.55,94.31,0,62.7,2.21,4.207075205,3.12,201.93
2022,10,22,18,0,0,0,0,0,0,0,0,-1.29,-1.61,-1.45,5.62,100,0,62.73,1.43,2.722225132,2.14,199.16
2022,10,22,19,0,0,0,0,0,0,0,0,-1.56,-1.61,-1.59,5.62,100,0,62.78,0.95,1.808471242,1.53,191.77
2022,10,22,20,0,0,0,0,0,0,0,0,-1.99,-1.92,-1.95,5.49,100,0,62.83,0.8,1.522923151,1.35,181.66
2022,10,22,21,0,0,0,0,0,0,0,0,-2.74,-2.72,-2.73,5.19,100,0,62.85,0.65,1.23737506,1.1,157.07
2022,10,22,22,0,0,0,0,0,0,0,0,-3.74,-3.91,-3.82,4.7,100,0,62.83,0.59,1.123155824,1.01,124.92
2022,10,22,23,0,0,0,0,0,0,0,0,-4.61,-5.21,-4.92,4.27,100,0,62.79,0.63,1.199301981,1.04,106.53
2022,10,23,0,0,0,0,0,0,0,0,0,-5.26,-6.74,-6,3.72,95.94,0,62.76,0.68,1.294484678,1.13,92.76
2022,10,23,1,0,0,0,0,0,0,0,0,-5.6,-8.27,-6.93,3.3,86.12,0,62.72,0.73,1.389667375,1.26,80.71
2022,10,23,2,0,0,0,0,0,0,0,0,-5.93,-9.71,-7.82,2.87,77.75,0,62.69,0.81,1.54195969,1.42,73.36
2022,10,23,3,0,0,0,0,0,0,0,0,-6.24,-10.86,-8.55,2.56,71.94,0,62.67,0.83,1.580032769,1.48,68.59
2022,10,23,4,0,0,0,0,0,0,0,0,-6.52,-12.01,-9.27,2.32,66.44,0,62.67,0.81,1.54195969,1.46,66.72
2022,10,23,5,0,0,0,0,0,0,0,0,-6.7,-12.97,-9.84,2.14,61.69,0,62.69,0.83,1.580032769,1.52,62.52
2022,10,23,6,0.08,0.09,0.22,7.42,9.3,1.16,0.01,0.02,-6.74,-13.66,-10.2,2.01,58.5,0,62.72,0.81,1.54195969,1.51,61.18
2022,10,23,7,0.79,0.83,1.22,91.15,97.7,11.56,0.09,0.42,-4.63,-11.16,-7.89,2.69,64.56,0,62.77,0.69,1.313521218,1.28,62.34
2022,10,23,8,1.59,1.67,2.19,191.15,201.23,26.4,0.45,2.17,-1.1,-12.84,-6.96,2.38,42.75,0,62.83,1.04,1.979800096,1.38,119.91
2022,10,23,9,2.19,2.38,2.97,268.88,288.45,39.84,0.97,4.85,1.8,-12.67,-5.44,2.32,33.75,0,62.86,2.59,4.930463701,3.33,174.34
2022,10,23,10,2.61,2.89,3.53,323.95,350.23,49.63,1.46,7.55,3.52,-10.98,-3.73,2.69,34.44,0,62.86,3.69,7.024483034,4.75,191.09
2022,10,23,11,2.83,3.14,3.81,353.5,382.12,55.04,1.75,9.23,4.51,-9.24,-2.37,3.11,37.12,0,62.83,4.29,8.166675397,5.51,198.51
2022,10,23,12,2.71,3.12,3.8,340.5,381.52,53.57,1.7,9,4.9,-7.66,-1.38,3.48,40.75,0,62.78,4.45,8.471260027,5.7,202.38
2022,10,23,13,2.53,2.85,3.5,313.92,347.8,48.31,1.39,7.12,4.88,-6.47,-0.79,3.85,44.62,0,62.72,4.4,8.37607733,5.64,205.18
2022,10,23,14,1.98,2.33,2.93,246.2,284.58,37.34,0.91,4.52,4.49,-5.72,-0.61,4.09,48.5,0,62.68,4.17,7.938236924,5.34,206.42
2022,10,23,15,1.33,1.61,2.13,162.4,196.4,23.47,0.39,1.92,3.73,-5.27,-0.77,4.21,53,0,62.65,3.67,6.986409955,4.7,207.5
2022,10,23,16,0.62,0.77,1.16,73.75,92.6,9.84,0.07,0.35,2.4,-4.6,-1.1,4.46,61.62,0,62.64,3,5.710961816,3.89,206.98
2022,10,23,17,0.07,0.07,0.18,6.5,7.4,0.98,0.01,0.02,0,-3.59,-1.79,4.88,80.06,0,62.65,1.81,3.445613629,2.55,204.21
2022,10,23,18,0,0,0,0,0,0,0,0,-1.44,-3.65,-2.55,4.76,88.25,0,62.68,1.07,2.036909714,1.45,190.58
2022,10,23,19,0,0,0,0,0,0,0,0,-2.37,-3.53,-2.95,4.82,96.12,0,62.7,0.5,0.951826969,0.72,136.76
2022,10,23,20,0,0,0,0,0,0,0,0,-3.28,-3.83,-3.56,4.64,100,0,62.72,0.48,0.913753891,0.79,91.13
2022,10,23,21,0,0,0,0,0,0,0,0,-3.67,-4.29,-3.98,4.52,100,0,62.72,0.52,0.989900048,0.86,80.62
2022,10,23,22,0,0,0,0,0,0,0,0,-3.67,-4.77,-4.22,4.33,96.5,0,62.7,0.51,0.970863509,0.84,77.12
2022,10,23,23,0,0,0,0,0,0,0,0,-3.63,-5.19,-4.42,4.15,93,0,62.67,0.53,1.008936588,0.86,67.62
2022,10,24,0,0,0,0,0,0,0,0,0,-4.04,-5.7,-4.87,4.03,92.31,0,62.61,0.66,1.2564116,1.09,56.65
2022,10,24,1,0,0,0,0,0,0,0,0,-4.41,-6.35,-5.38,3.78,90.19,0,62.55,0.91,1.732325084,1.52,50.83
2022,10,24,2,0,0,0,0,0,0,0,0,-5.06,-7.17,-6.12,3.54,89.06,0,62.5,1.1,2.094019333,1.92,48.79
2022,10,24,3,0,0,0,0,0,0,0,0,-5.52,-8.09,-6.81,3.3,85.56,0,62.47,1.17,2.227275108,2.1,45.45
2022,10,24,4,0,0,0,0,0,0,0,0,-5.72,-9.02,-7.37,2.99,80.12,0,62.46,1.19,2.265348187,2.14,42.48
2022,10,24,5,0,0,0,0,0,0,0,0,-5.63,-9.84,-7.74,2.81,74,0,62.47,1.19,2.265348187,2.08,39.97
2022,10,24,6,0.09,0.09,0.21,7.92,9.23,1.16,0.01,0.02,-5.37,-10.48,-7.92,2.62,68.38,0,62.51,1.19,2.265348187,2.01,37.41
2022,10,24,7,0.81,0.84,1.21,93.7,98.75,11.84,0.09,0.45,-3.22,-7.63,-5.43,3.54,75.88,0,62.54,1.02,1.941727017,1.84,36.19
2022,10,24,8,1.61,1.68,2.17,192.12,202,26.63,0.47,2.27,0.72,-9.4,-4.34,3.05,47.44,0,62.58,1.2,2.284384726,1.58,32.04
2022,10,24,9,2.32,2.39,2.96,281.48,288.52,41.27,1.02,5.12,4.16,-11.41,-3.62,2.69,32.69,0,62.58,1.24,2.360530884,1.54,215.94
2022,10,24,10,2.72,2.88,3.51,333.3,349.38,50.52,1.52,7.77,5.62,-9.81,-2.09,3.11,34.31,0,62.56,2.7,5.139865635,3.45,212.14
2022,10,24,11,2.79,3.13,3.79,346.48,380.27,53.98,1.77,9.38,6.5,-7.77,-0.63,3.72,38.38,0,62.51,3.66,6.967373416,4.71,212.82
2022,10,24,12,2.84,3.11,3.78,353.55,379.3,54.67,1.77,9.4,6.69,-5.76,0.47,4.39,44.69,0,62.45,4.41,8.39511387,5.69,212.73
2022,10,24,13,2.55,2.82,3.48,317.98,344.4,48.5,1.45,7.58,6.37,-3.97,1.2,5,52.25,0,62.39,4.57,8.6996985,5.9,213.16
2022,10,24,14,1.93,2.28,2.91,240.3,279.08,36.13,0.89,4.48,5.73,-2.76,1.48,5.43,58.94,0,62.35,4.22,8.033419621,5.43,215.45
2022,10,24,15,1.37,1.55,2.12,167.73,188.98,23.34,0.4,1.98,4.83,-2.14,1.34,5.62,64.88,0,62.32,3.57,6.796044561,4.57,219.32
2022,10,24,16,0.56,0.71,1.14,67.33,85.27,9.27,0.07,0.35,3.52,-1.9,0.81,5.68,72.06,0,62.32,2.79,5.311194489,3.6,223.95
2022,10,24,17,0.06,0.06,0.17,5.5,6.4,0.86,0.01,0.02,1.15,-1.52,-0.18,5.86,87.88,0,62.32,1.5,2.855480908,2.12,226.35
2022,10,24,18,0,0,0,0,0,0,0,0,-0.33,-1.18,-0.76,5.92,99.69,0,62.33,0.63,1.199301981,0.93,249.27
2022,10,24,19,0,0,0,0,0,0,0,0,-0.95,-1.62,-1.29,5.74,100,0,62.35,0.26,0.494950024,0.48,319.6
2022,10,24,20,0,0,0,0,0,0,0,0,-1.66,-2.64,-2.15,5.25,99,0,62.37,0.41,0.780498115,0.75,5.36
2022,10,24,21,0,0,0,0,0,0,0,0,-2.33,-3.6,-2.97,4.88,96.75,0,62.36,0.65,1.23737506,1.05,22.75
2022,10,24,22,0,0,0,0,0,0,0,0,-2.99,-4.77,-3.88,4.46,92.81,0,62.33,0.99,1.884617399,1.61,24.08
2022,10,24,23,0,0,0,0,0,0,0,0,-3.45,-5.91,-4.68,4.03,87.69,0,62.27,1.17,2.227275108,1.96,22.99
2022,10,25,0,0,0,0,0,0,0,0,0,-3.63,-6.78,-5.2,3.72,82.44,0,62.2,1.21,2.303421266,2.07,25.98
2022,10,25,1,0,0,0,0,0,0,0,0,-3.72,-7.42,-5.56,3.54,78.44,0,62.14,1.21,2.303421266,2.09,27.81
2022,10,25,2,0,0,0,0,0,0,0,0,-3.93,-7.82,-5.88,3.42,77,0,62.08,1.24,2.360530884,2.19,27.57
2022,10,25,3,0,0,0,0,0,0,0,0,-4.15,-8.13,-6.13,3.3,76.19,0,62.05,1.29,2.455713581,2.33,24.94
2022,10,25,4,0,0,0,0,0,0,0,0,-4.11,-8.45,-6.28,3.23,73.81,0,62.06,1.32,2.512823199,2.4,24.64
2022,10,25,5,0,0,0,0,0,0,0,0,-3.96,-8.83,-6.39,3.11,70.5,0,62.09,1.33,2.531859738,2.41,25.15
2022,10,25,6,0.07,0.08,0.2,7,8.88,1.09,0.01,0.02,-3.72,-9.15,-6.44,2.99,67.12,0,62.13,1.34,2.550896278,2.35,24.95
2022,10,25,7,0.78,0.79,1.2,93.02,96.83,11.62,0.09,0.45,-1.53,-6.23,-3.88,3.97,73.75,0,62.19,1.08,2.055946254,2.06,24.91
2022,10,25,8,1.59,1.62,2.16,194.23,199.45,26.52,0.46,2.25,2.67,-6.67,-2,3.85,51.62,0,62.25,1.57,2.988736684,2.1,21.41
2022,10,25,9,2.24,2.31,2.94,276.98,285.42,40.38,1,5,6.12,-7.96,-0.92,3.54,37.25,0,62.3,1.04,1.979800096,1.29,332.97
2022,10,25,10,2.64,2.81,3.5,329.05,344.75,49.42,1.48,7.58,7.98,-7.24,0.37,3.91,36.31,0,62.33,1.79,3.40754055,2.32,257.37
2022,10,25,11,2.92,3.02,3.78,363.95,371.88,54.5,1.75,9.17,8.9,-5.38,1.76,4.58,39.88,0,62.32,3.07,5.844217592,4,241.68
2022,10,25,12,2.9,2.97,3.77,362.38,366.85,53.63,1.7,8.88,9.19,-3.48,2.86,5.31,45.44,0,62.3,3.87,7.367140743,5.05,237.83
2022,10,25,13,2.47,2.64,3.47,306.05,322.92,44.14,1.28,6.6,8.94,-1.86,3.55,5.98,52.25,0,62.27,4.34,8.261858094,5.67,236.4
2022,10,25,14,1.87,2.07,2.9,226.5,250.3,31.39,0.74,3.73,8.12,-0.41,3.85,6.65,61.06,0,62.26,4.43,8.433186949,5.79,235
2022,10,25,15,1.11,1.3,2.1,130.48,151.3,16.75,0.27,1.35,6.82,0.67,3.75,7.02,70.81,0,62.28,4.1,7.804981149,5.35,232.41
2022,10,25,16,0.46,0.5,1.12,51.98,57,7.57,0.05,0.27,5.12,1.38,3.25,7.2,81.56,0,62.32,3.4,6.472423392,4.49,228.04
2022,10,25,17,0.05,0.04,0.16,4.2,4.6,0.66,0,0.02,2.69,1.9,2.3,7.32,98.44,0,62.36,2.07,3.940563653,2.92,218.71
2022,10,25,18,0,0,0,0,0,0,0,0,1.49,1.8,1.64,7.26,100,0,62.4,1.23,2.341494345,1.84,206.13
2022,10,25,19,0,0,0,0,0,0,0,0,1.07,0.91,0.99,6.84,100,0,62.46,1.02,1.941727017,1.37,194.51
2022,10,25,20,0,0,0,0,0,0,0,0,0.12,-0.06,0.03,6.41,100,0,62.5,0.86,1.637142387,1.12,174.41
2022,10,25,21,0,0,0,0,0,0,0,0,-0.39,-1.87,-1.13,5.62,94.81,0,62.53,0.66,1.2564116,0.89,184.05
2022,10,25,22,0,0,0,0,0,0,0,0,-0.67,-4.85,-2.77,4.46,77.75,0,62.54,0.53,1.008936588,0.81,198.08
2022,10,25,23,0,0,0,0,0,0,0,0,-1.22,-7.77,-4.5,3.6,65.69,0,62.53,0.38,0.723388497,0.72,203.52
2022,10,26,0,0,0,0,0,0,0,0,0,-1.8,-10.18,-5.99,3.05,58.12,0,62.5,0.27,0.513986563,0.69,210.63
2022,10,26,1,0,0,0,0,0,0,0,0,-2.26,-12.29,-7.27,2.62,51.75,0,62.49,0.22,0.418803867,0.63,211.33
2022,10,26,2,0,0,0,0,0,0,0,0,-2.49,-14.38,-8.43,2.26,45.31,0,62.46,0.28,0.533023103,0.67,208.35
2022,10,26,3,0,0,0,0,0,0,0,0,-2.74,-15.74,-9.24,2.01,40.88,0,62.44,0.34,0.647242339,0.67,199.7
2022,10,26,4,0,0,0,0,0,0,0,0,-3.03,-16.72,-9.88,1.77,37.31,0,62.42,0.41,0.780498115,0.69,189.14
2022,10,26,5,0,0,0,0,0,0,0,0,-3.26,-17.9,-10.58,1.53,33.5,0,62.44,0.48,0.913753891,0.73,183.08
2022,10,26,6,0.06,0.06,0.2,5.55,6.5,0.88,0.01,0.02,-3.42,-18.91,-11.17,1.4,30.5,0,62.48,0.5,0.951826969,0.74,180
2022,10,26,7,0.68,0.66,1.18,74.42,74.77,9.84,0.08,0.4,-2.13,-14.79,-8.45,2.08,41.06,0,62.52,0.41,0.780498115,0.66,180.67
2022,10,26,8,1.44,1.47,2.15,165.08,170.17,21.17,0.37,1.8,0.46,-15.21,-7.38,2.01,31.75,0,62.58,1.01,1.922690478,1.25,212.01
2022,10,26,9,2.04,2.13,2.93,238,248.33,32.16,0.78,3.95,2.8,-14.39,-5.79,2.14,29.12,0,62.62,2.57,4.892390622,3.29,228.66
2022,10,26,10,2.41,2.59,3.48,285.58,303.02,39.47,1.16,6.05,4.35,-12.12,-3.88,2.62,31.31,0,62.63,3.54,6.738934943,4.57,232.99
2022,10,26,11,2.64,2.9,3.76,316.23,342.58,45.38,1.45,7.73,5.25,-9.95,-2.35,3.11,35.06,0,62.6,4.03,7.671725373,5.18,234.15
2022,10,26,12,2.43,2.88,3.75,294.55,340.88,42.59,1.38,7.45,5.64,-8.05,-1.2,3.6,39.88,0,62.55,4.24,8.0714927,5.43,235.14
2022,10,26,13,1.82,2.48,3.45,214.35,287.48,29.84,0.87,4.52,5.65,-6.27,-0.31,4.15,45.62,0,62.49,4.19,7.976310003,5.36,235.99
2022,10,26,14,1.46,1.82,2.88,167.08,203.67,21.35,0.51,2.6,5.37,-4.78,0.3,4.64,51.75,0,62.44,4.02,7.652688834,5.14,236.53
2022,10,26,15,0.92,1.15,2.08,102.12,124.98,12.89,0.22,1.08,4.68,-3.57,0.55,5,58.94,0,62.43,3.64,6.929300337,4.69,235.59
2022,10,26,16,0.4,0.48,1.11,44.4,53.4,6.59,0.05,0.25,3.3,-2.49,0.4,5.37,69.69,0,62.43,3,5.710961816,3.92,233.27
2022,10,26,17,0.05,0.04,0.15,4.05,4.3,0.62,0,0.02,0.84,-1.35,-0.25,5.8,89.44,0,62.45,1.57,2.988736684,2.27,227.79
2022,10,26,18,0,0,0,0,0,0,0,0,-0.1,-0.58,-0.34,6.04,100,0,62.48,0.56,1.066046206,0.85,218.25
2022,10,26,19,0,0,0,0,0,0,0,0,-0.6,-0.95,-0.78,5.86,100,0,62.52,0.08,0.152292315,0.12,315
2022,10,26,20,0,0,0,0,0,0,0,0,-1.31,-1.67,-1.49,5.55,100,0,62.53,0.18,0.342657709,0.27,351.63
2022,10,26,21,0,0,0,0,0,0,0,0,-1.44,-2.35,-1.9,5.31,97.75,0,62.53,0.28,0.533023103,0.41,337.38
2022,10,26,22,0,0,0,0,0,0,0,0,-1.39,-2.9,-2.14,5.07,93.5,0,62.51,0.38,0.723388497,0.57,339.81
2022,10,26,23,0,0,0,0,0,0,0,0,-1.46,-3.4,-2.43,4.88,90.56,0,62.49,0.5,0.951826969,0.75,353.46
2022,10,27,0,0,0,0,0,0,0,0,0,-1.66,-3.98,-2.81,4.7,88.06,0,62.46,0.66,1.2564116,0.98,8.71
2022,10,27,1,0,0,0,0,0,0,0,0,-1.84,-4.68,-3.26,4.39,84.25,0,62.42,0.74,1.408703915,1.11,18.82
2022,10,27,2,0,0,0,0,0,0,0,0,-1.91,-5.33,-3.62,4.15,80.12,0,62.39,0.75,1.427740454,1.12,26.57
2022,10,27,3,0,0,0,0,0,0,0,0,-2.17,-5.87,-4.02,3.97,77.94,0,62.38,0.81,1.54195969,1.22,28.38
2022,10,27,4,0,0,0,0,0,0,0,0,-2.56,-6.34,-4.45,3.85,77.31,0,62.37,0.86,1.637142387,1.32,28.23
2022,10,27,5,0,0,0,0,0,0,0,0,-2.77,-6.78,-4.77,3.66,75.75,0,62.39,0.88,1.675215466,1.35,26.12
2022,10,27,6,0.05,0.04,0.19,4.4,4.92,0.66,0,0.02,-2.71,-7.18,-4.95,3.54,72.94,0,62.43,0.85,1.618105848,1.26,22.59
2022,10,27,7,0.51,0.5,1.17,53.88,54.67,7.55,0.05,0.27,-1.31,-6.2,-3.76,3.91,71.69,0,62.49,0.62,1.180265442,0.95,27.82
2022,10,27,8,1.17,1.19,2.13,126.83,131.35,15.57,0.26,1.27,1.32,-4.82,-1.75,4.46,66.06,0,62.55,0.27,0.513986563,0.35,251.97
2022,10,27,9,1.82,1.87,2.91,206.45,213.38,26.06,0.61,3.08,4,-4.68,-0.34,4.76,58.88,0,62.6,2.37,4.511659835,3.03,231.27
2022,10,27,10,2.04,2.32,3.46,235.27,266.02,30.73,0.86,4.5,5.47,-3.56,0.95,5.25,58.44,0,62.61,3.39,6.453386852,4.37,230.59
2022,10,27,11,2.25,2.62,3.74,268.27,306.2,36.3,1.12,6,6.33,-2.02,2.15,5.8,60.62,0,62.58,4.01,7.633652294,5.16,230.09
2022,10,27,12,2.26,2.84,3.73,280.15,342.35,41.16,1.32,7.12,6.63,-0.79,2.92,6.23,63.88,0,62.53,4.4,8.37607733,5.66,230.38
2022,10,27,13,1.8,2.49,3.43,217,295.42,30.92,0.9,4.7,6.37,0.04,3.2,6.47,67.75,0,62.47,4.48,8.528369645,5.77,231.59
2022,10,27,14,1.36,1.92,2.86,161.83,221.88,22.04,0.53,2.75,5.84,0.48,3.16,6.65,71.56,0,62.44,4.27,8.128602318,5.5,232.38
2022,10,27,15,0.82,1.2,2.06,93.62,132.27,12.3,0.21,1.05,4.94,0.69,2.82,6.65,76.81,0,62.43,3.84,7.310031125,4.96,232.17
2022,10,27,16,0.36,0.49,1.09,40,52.4,6,0.05,0.23,3.52,0.85,2.19,6.71,85.12,0,62.44,3.19,6.072656065,4.15,230.58
2022,10,27,17,0.04,0.04,0.14,3.52,4.12,0.55,0,0.02,1.48,0.91,1.19,6.71,98.5,0,62.46,1.92,3.655015562,2.71,223.25
2022,10,27,18,0,0,0,0,0,0,0,0,0.67,0.9,0.79,6.65,100,0,62.5,1.05,1.998836636,1.66,209.21
2022,10,27,19,0,0,0,0,0,0,0,0,0.56,0.46,0.51,6.47,100,0,62.54,0.83,1.580032769,1.23,206.4
2022,10,27,20,0,0,0,0,0,0,0,0,-0.11,-0.48,-0.29,6.04,99.81,0,62.58,0.48,0.913753891,0.63,209.12
2022,10,27,21,0,0,0,0,0,0,0,0,-0.86,-1.81,-1.33,5.49,96.5,0,62.59,0.4,0.761461575,0.47,233.13
2022,10,27,22,0,0,0,0,0,0,0,0,-0.92,-3.49,-2.2,4.82,85.56,0,62.6,0.27,0.513986563,0.36,237.34
2022,10,27,23,0,0,0,0,0,0,0,0,-1.29,-5.07,-3.18,4.27,78.31,0,62.58,0.23,0.437840406,0.43,208.44
2022,10,28,0,0,0,0,0,0,0,0,0,-1.73,-6.2,-3.97,3.91,74.25,0,62.55,0.29,0.552059642,0.54,197.65
2022,10,28,1,0,0,0,0,0,0,0,0,-2.07,-7,-4.53,3.66,71.44,0,62.53,0.28,0.533023103,0.52,196.53
2022,10,28,2,0,0,0,0,0,0,0,0,-2.45,-7.35,-4.89,3.54,71.25,0,62.5,0.16,0.30458463,0.38,195.46
2022,10,28,3,0,0,0,0,0,0,0,0,-2.89,-6.99,-4.94,3.6,75.62,0,62.48,0.17,0.32362117,0.33,169.22
2022,10,28,4,0,0,0,0,0,0,0,0,-3.27,-6.46,-4.86,3.78,81.81,0,62.47,0.24,0.456876945,0.38,143.37
2022,10,28,5,0,0,0,0,0,0,0,0,-3.56,-6.13,-4.85,3.91,86.62,0,62.48,0.28,0.533023103,0.41,128.83
2022,10,28,6,0.05,0.04,0.18,4.02,4.77,0.6,0,0,-3.83,-5.99,-4.91,3.97,89.94,0,62.52,0.3,0.571096182,0.44,126.25
2022,10,28,7,0.49,0.5,1.16,52.4,53.08,7.29,0.05,0.27,-2.49,-5.02,-3.76,4.39,88.38,0,62.57,0.31,0.590132721,0.49,137.6
2022,10,28,8,0.97,1.07,2.12,103.27,113.17,12.73,0.21,1.02,0.23,-5.85,-2.81,4.15,66.69,0,62.62,1.05,1.998836636,1.32,210.67
2022,10,28,9,1.55,1.67,2.9,166.73,180.62,20.59,0.46,2.33,2.72,-7.39,-2.34,3.85,52.25,0,62.65,2.76,5.254084871,3.53,229.3
2022,10,28,10,1.87,2.11,3.45,206,231.67,25.86,0.7,3.65,4.26,-6.43,-1.09,4.21,50.88,0,62.66,3.57,6.796044561,4.58,231.51
2022,10,28,11,1.95,2.42,3.73,221.38,270.3,28.41,0.83,4.42,5.21,-4.91,0.15,4.7,53.19,0,62.63,4.09,7.785944609,5.23,231.25
2022,10,28,12,2.09,2.75,3.71,254.5,324.77,36.27,1.12,6.05,5.61,-3.32,1.14,5.25,57.75,0,62.57,4.29,8.166675397,5.48,231.54
2022,10,28,13,1.7,2.36,3.41,199.98,271.98,27.28,0.76,3.92,5.5,-1.87,1.82,5.74,63.81,0,62.51,4.21,8.014383082,5.37,232.68
2022,10,28,14,1.27,1.67,2.85,144.58,183.9,18.34,0.41,2.12,5.12,-0.94,2.09,6.1,69.12,0,62.46,3.91,7.4432869,4.99,233.92
2022,10,28,15,0.77,1,2.05,84.02,106.67,10.65,0.16,0.83,4.44,-0.54,1.95,6.23,74,0,62.43,3.37,6.415313773,4.29,236.05
2022,10,28,16,0.33,0.4,1.08,36.58,43.62,5.39,0.04,0.17,3.3,-0.42,1.44,6.23,80.69,0,62.41,2.6,4.949500241,3.32,238.37
2022,10,28,17,0.04,0.03,0.14,2.98,3.25,0.45,0,0,1.44,-0.24,0.6,6.29,93,0,62.4,1.35,2.569932817,1.92,235.79
2022,10,28,18,0,0,0,0,0,0,0,0,0.69,0.21,0.45,6.47,100,0,62.43,0.5,0.951826969,0.83,235.71
2022,10,28,19,0,0,0,0,0,0,0,0,0.39,-0.1,0.14,6.29,100,0,62.47,0.26,0.494950024,0.42,331.05
2022,10,28,20,0,0,0,0,0,0,0,0,-0.31,-1.09,-0.7,5.86,98.62,0,62.5,0.58,1.104119284,0.97,12.03
2022,10,28,21,0,0,0,0,0,0,0,0,-0.74,-2.39,-1.56,5.31,93,0,62.53,0.62,1.180265442,0.94,16.93
2022,10,28,22,0,0,0,0,0,0,0,0,-0.85,-3.43,-2.14,4.94,87,0,62.54,0.51,0.970863509,0.72,9.36
2022,10,28,23,0,0,0,0,0,0,0,0,-1.2,-4.25,-2.72,4.64,84.12,0,62.54,0.53,1.008936588,0.76,3.54
2022,10,29,0,0,0,0,0,0,0,0,0,-1.52,-5.05,-3.29,4.33,81.12,0,62.51,0.67,1.275448139,0.97,12.58
2022,10,29,1,0,0,0,0,0,0,0,0,-1.84,-5.88,-3.86,4.09,77.56,0,62.49,0.78,1.484850072,1.13,22.32
2022,10,29,2,0,0,0,0,0,0,0,0,-2.11,-6.69,-4.4,3.78,73.88,0,62.46,0.84,1.599069309,1.23,28.03
2022,10,29,3,0,0,0,0,0,0,0,0,-2.52,-7.49,-5.01,3.54,71.19,0,62.44,0.91,1.732325084,1.38,38.1
2022,10,29,4,0,0,0,0,0,0,0,0,-3.22,-8.2,-5.7,3.3,70.81,0,62.44,0.97,1.846544321,1.53,43.34
2022,10,29,5,0,0,0,0,0,0,0,0,-3.56,-8.79,-6.18,3.11,69.06,0,62.46,1.03,1.960763557,1.66,46.33
2022,10,29,6,0.05,0.05,0.18,4.42,5.1,0.68,0,0.02,-3.7,-9.32,-6.51,2.99,66.56,0,62.51,1.05,1.998836636,1.68,49.51
2022,10,29,7,0.54,0.55,1.14,58.42,59.92,7.97,0.05,0.27,-1.92,-7.1,-4.51,3.66,70.75,0,62.57,0.88,1.675215466,1.49,55.23
2022,10,29,8,1.24,1.26,2.1,137.52,141.9,16.86,0.27,1.3,1.57,-7.01,-2.72,3.72,54.62,0,62.63,0.71,1.351594296,0.88,106.99
2022,10,29,9,1.87,1.96,2.88,215.9,227.08,27.98,0.63,3.15,4.07,-6.04,-0.99,4.15,51.12,0,62.66,2.1,3.997673271,2.67,205.67
2022,10,29,10,2.35,2.55,3.43,281.8,302.95,39.15,1.09,5.52,5.51,-4.89,0.31,4.58,51.19,0,62.67,3.31,6.301094537,4.27,219.58
2022,10,29,11,2.52,2.83,3.71,308.6,339.65,44.44,1.35,7.15,6.4,-3.77,1.31,5,52.38,0,62.66,4.06,7.728834991,5.24,223.91
2022,10,29,12,2.54,2.94,3.7,315.73,359.3,47.52,1.47,7.65,6.68,-2.52,2.08,5.49,56.12,0,62.61,4.45,8.471260027,5.73,225.39
2022,10,29,13,2.24,2.65,3.4,279.6,321.58,41.26,1.18,6.15,6.51,-1.59,2.46,5.8,60.19,0,62.56,4.53,8.623552342,5.84,226.41
2022,10,29,14,1.72,2.09,2.83,210.27,251.85,29.74,0.7,3.48,5.94,-0.89,2.52,6.04,65.31,0,62.53,4.28,8.147638858,5.51,227.18
2022,10,29,15,1.08,1.37,2.03,129.88,162.12,17.34,0.27,1.35,5.01,-0.42,2.3,6.23,71.5,0,62.52,3.71,7.062556113,4.76,227.93
2022,10,29,16,0.48,0.59,1.06,55.15,68.45,7.61,0.05,0.25,3.63,-0.12,1.76,6.35,79.94,0,62.52,2.84,5.406377186,3.66,228.63
2022,10,29,17,0.05,0.04,0.13,4.1,4.3,0.61,0,0.02,1.56,0.14,0.85,6.41,93.88,0,62.53,1.49,2.836444369,2.05,224.23
2022,10,29,18,0,0,0,0,0,0,0,0,0.62,0.3,0.46,6.47,100,0,62.56,0.52,0.989900048,0.68,208.03
2022,10,29,19,0,0,0,0,0,0,0,0,-0.11,-0.36,-0.24,6.1,100,0,62.6,0.19,0.361694248,0.16,144.78
2022,10,29,20,0,0,0,0,0,0,0,0,-0.97,-1.38,-1.17,5.68,100,0,62.64,0.09,0.171328854,0.31,46.01
2022,10,29,21,0,0,0,0,0,0,0,0,-1.25,-2.68,-1.97,5.13,93.62,0,62.65,0.24,0.456876945,0.35,43.21
2022,10,29,22,0,0,0,0,0,0,0,0,-1.15,-3.88,-2.51,4.7,84.56,0,62.65,0.18,0.342657709,0.2,61.39
2022,10,29,23,0,0,0,0,0,0,0,0,-1.33,-4.86,-3.1,4.33,79.5,0,62.64,0.08,0.152292315,0.08,36.87
2022,10,30,0,0,0,0,0,0,0,0,0,-1.65,-5.67,-3.66,4.09,76.44,0,62.61,0.32,0.60916926,0.45,26.57
2022,10,30,1,0,0,0,0,0,0,0,0,-2.11,-6.63,-4.37,3.72,73.31,0,62.57,0.59,1.123155824,0.88,30.44
2022,10,30,2,0,0,0,0,0,0,0,0,-3,-7.48,-5.24,3.48,73.12,0,62.54,0.82,1.56099623,1.29,36.1
2022,10,30,3,0,0,0,0,0,0,0,0,-3.31,-8.11,-5.71,3.3,70.81,0,62.51,1.02,1.941727017,1.63,38.96
2022,10,30,4,0,0,0,0,0,0,0,0,-3.83,-8.54,-6.18,3.17,71.06,0,62.5,1.12,2.132092411,1.87,40.76
2022,10,30,5,0,0,0,0,0,0,0,0,-4.22,-8.85,-6.53,3.05,71.31,0,62.52,1.16,2.208238569,2.01,42.32
2022,10,30,6,0.05,0.06,0.17,4.73,6.12,0.77,0,0.02,-4.41,-9.07,-6.74,2.99,70.88,0,62.57,1.17,2.227275108,2.03,44.53
2022,10,30,7,0.68,0.69,1.13,75.2,77.9,9.59,0.07,0.33,-2.56,-6.52,-4.53,3.78,76.94,0,62.63,1.04,1.979800096,1.81,47.44
2022,10,30,8,1.44,1.48,2.09,167.05,173.23,21.46,0.34,1.7,1.15,-6.56,-2.7,3.78,57.06,0,62.69,0.87,1.656178927,1.12,61.1
2022,10,30,9,2.16,2.23,2.87,258.67,266.9,36.24,0.84,4.23,4.51,-6.98,-1.23,3.78,45.44,0,62.73,2.01,3.826344417,2.54,215.5
2022,10,30,10,2.65,2.75,3.42,321.92,331.23,46.91,1.34,6.8,5.9,-5.71,0.09,4.27,46.38,0,62.75,3.31,6.301094537,4.28,219.07
2022,10,30,11,2.89,2.98,3.69,354.83,362.52,52.27,1.61,8.38,6.71,-4.2,1.26,4.82,49.5,0,62.72,4.09,7.785944609,5.29,221.65
2022,10,30,12,2.93,2.96,3.68,362.8,363.25,53.25,1.62,8.4,6.9,-2.82,2.04,5.37,54.06,0,62.67,4.44,8.452223488,5.73,223.62
2022,10,30,13,2.58,2.68,3.38,319.3,328.25,46.31,1.3,6.73,6.65,-1.56,2.55,5.8,59.62,0,62.61,4.46,8.490296567,5.75,224.89
2022,10,30,14,2.02,2.14,2.81,247.88,261.7,34.72,0.8,4,6.03,-0.57,2.73,6.16,65.88,0,62.57,4.2,7.995346543,5.4,226
2022,10,30,15,1.3,1.44,2.02,158.1,175.2,21.01,0.33,1.62,5.1,0.1,2.6,6.41,72.94,0,62.55,3.65,6.948336876,4.68,226.29
2022,10,30,16,0.62,0.65,1.04,72.2,77.58,9.09,0.05,0.3,3.69,0.44,2.07,6.53,82,0,62.56,2.87,5.463486804,3.7,226.28
2022,10,30,17,0.05,0.04,0.12,4.1,4.48,0.6,0,0.02,1.56,0.64,1.1,6.59,96.44,0,62.57,1.56,2.969700144,2.16,220.02
2022,10,30,18,0,0,0,0,0,0,0,0,0.69,0.74,0.72,6.59,100,0,62.59,0.57,1.085082745,0.83,191.42
2022,10,30,19,0,0,0,0,0,0,0,0,0.13,0.33,0.23,6.41,100,0,62.63,0.2,0.380730788,0.34,125.54
2022,10,30,20,0,0,0,0,0,0,0,0,-0.77,-0.53,-0.66,5.98,100,0,62.66,0.23,0.437840406,0.51,41.27
2022,10,30,21,0,0,0,0,0,0,0,0,-1.19,-1.81,-1.5,5.43,98.81,0,62.68,0.39,0.742425036,0.72,11.92
2022,10,30,22,0,0,0,0,0,0,0,0,-1.2,-3.17,-2.18,4.94,89.25,0,62.69,0.41,0.780498115,0.65,1.38
2022,10,30,23,0,0,0,0,0,0,0,0,-1,-4.18,-2.59,4.52,81.06,0,62.68,0.47,0.894717351,0.69,358.05
2022,10,31,0,0,0,0,0,0,0,0,0,-1.1,-4.93,-3.02,4.27,76.88,0,62.66,0.54,1.027973127,0.8,9
2022,10,31,1,0,0,0,0,0,0,0,0,-1.2,-5.63,-3.42,4.03,73.06,0,62.64,0.59,1.123155824,0.87,15.66
2022,10,31,2,0,0,0,0,0,0,0,0,-1.36,-6.29,-3.83,3.78,69.88,0,62.62,0.61,1.161228903,0.9,17.65
2022,10,31,3,0,0,0,0,0,0,0,0,-1.75,-6.87,-4.31,3.6,68.75,0,62.59,0.63,1.199301981,0.95,21.1
2022,10,31,4,0,0,0,0,0,0,0,0,-2.32,-7.37,-4.85,3.48,69,0,62.59,0.67,1.275448139,1.05,22.2
2022,10,31,5,0,0,0,0,0,0,0,0,-2.56,-7.81,-5.19,3.36,67.75,0,62.6,0.65,1.23737506,1.05,21.01
2022,10,31,6,0.05,0.06,0.16,5,6.08,0.78,0.01,0.02,-2.68,-8.17,-5.42,3.23,66.38,0,62.64,0.57,1.085082745,0.94,26.78
2022,10,31,7,0.68,0.68,1.12,76.58,78.83,9.56,0.07,0.35,-0.94,-6.31,-3.63,3.91,69.06,0,62.69,0.38,0.723388497,0.65,39.63
2022,10,31,8,1.47,1.48,2.07,173.33,176.77,22.18,0.37,1.8,1.76,-4.69,-1.46,4.52,65.12,0,62.76,0.2,0.380730788,0.21,229.64
2022,10,31,9,2.22,2.23,2.85,266.92,268.98,37.16,0.89,4.42,4.36,-4.92,-0.28,4.58,55.12,0,62.8,2.36,4.492623295,3,229.54
2022,10,31,10,2.68,2.73,3.4,326.33,328.9,46.95,1.36,6.98,5.98,-4.46,0.76,4.88,52.38,0,62.82,3.6,6.853154179,4.65,230.53
2022,10,31,11,2.97,2.98,3.68,361.05,359.48,52.63,1.66,8.6,6.8,-3.2,1.8,5.31,54.31,0,62.8,4.19,7.976310003,5.39,230.7
2022,10,31,12,2.95,3.01,3.66,360.92,364.98,53.55,1.71,8.98,7.04,-1.79,2.62,5.86,58.81,0,62.75,4.41,8.39511387,5.67,231.27
2022,10,31,13,2.61,2.73,3.36,319.25,330.73,46.86,1.38,7.1,6.88,-0.65,3.12,6.35,64.06,0,62.68,4.34,8.261858094,5.56,232.31
2022,10,31,14,2.13,2.2,2.8,257.77,267.15,36.54,0.87,4.33,6.39,0,3.19,6.59,68.81,0,62.64,4.03,7.671725373,5.16,232.38
2022,10,31,15,1.31,1.48,2,158.92,179.15,21.38,0.35,1.73,5.61,0.22,2.91,6.65,73.06,0,62.62,3.5,6.662788786,4.47,230.53
2022,10,31,16,0.58,0.66,1.03,67.67,77.52,8.52,0.05,0.27,4.28,0.3,2.29,6.59,79.75,0,62.61,2.66,5.063719477,3.42,228.33
2022,10,31,17,0.05,0.04,0.11,3.88,4.23,0.56,0,0.02,2.29,0.64,1.47,6.71,93.12,0,62.62,1.27,2.417640502,1.78,220.74
2022,10,31,18,0,0,0,0,0,0,0,0,1.06,0.91,0.99,6.77,100,0,62.64,0.28,0.533023103,0.48,193.13
2022,10,31,19,0,0,0,0,0,0,0,0,0.4,0.44,0.42,6.53,100,0,62.68,0.2,0.380730788,0.31,110.73
2022,10,31,20,0,0,0,0,0,0,0,0,-0.52,-0.56,-0.53,6.04,100,0,62.72,0.15,0.285548091,0.45,57.14
2022,10,31,21,0,0,0,0,0,0,0,0,-1.13,-2.32,-1.73,5.31,95.5,0,62.75,0.26,0.494950024,0.51,31.26
2022,10,31,22,0,0,0,0,0,0,0,0,-1.35,-4.45,-2.9,4.46,82.38,0,62.77,0.27,0.513986563,0.36,0
2022,10,31,23,0,0,0,0,0,0,0,0,-1.32,-6.53,-3.93,3.78,70,0,62.76,0.31,0.590132721,0.39,321.52
2022,11,1,0,0,0,0,0,0,0,0,0,-1.6,-9.07,-5.34,3.11,58.75,0,62.74,0.3,0.571096182,0.44,296.11
2022,11,1,1,0,0,0,0,0,0,0,0,-1.82,-11.51,-6.67,2.56,49.19,0,62.71,0.24,0.456876945,0.34,297.15
2022,11,1,2,0,0,0,0,0,0,0,0,-2.05,-13.52,-7.79,2.14,42.19,0,62.69,0.19,0.361694248,0.24,321.63
2022,11,1,3,0,0,0,0,0,0,0,0,-2.13,-15.85,-8.99,1.77,35.06,0,62.67,0.15,0.285548091,0.19,304.99
2022,11,1,4,0,0,0,0,0,0,0,0,-2.19,-17.38,-9.78,1.59,31,0,62.67,0.2,0.380730788,0.32,260.07
2022,11,1,5,0,0,0,0,0,0,0,0,-2.28,-18.15,-10.21,1.46,29.25,0,62.68,0.33,0.6282058,0.53,251.03
2022,11,1,6,0.05,0.06,0.15,4.65,5.85,0.77,0.01,0.02,-2.31,-19.44,-10.88,1.34,26.44,0,62.7,0.4,0.761461575,0.63,244.08
2022,11,1,7,0.69,0.71,1.1,78.15,81.67,9.79,0.08,0.38,-1.19,-16.08,-8.63,1.83,33.12,0,62.74,0.4,0.761461575,0.67,235.39
2022,11,1,8,1.5,1.53,2.06,175.95,180.92,23.23,0.4,1.98,1.53,-14.13,-6.3,2.26,33,0,62.79,0.96,1.827507781,1.28,233.69
2022,11,1,9,2.17,2.24,2.84,258.25,266.77,36.6,0.91,4.52,3.63,-12.99,-4.68,2.44,31.19,0,62.82,2.47,4.702025229,3.19,235.77
2022,11,1,10,2.63,2.74,3.38,317.88,327.8,46.57,1.39,7.17,5.08,-10.81,-2.86,2.87,33.19,0,62.82,3.47,6.605679167,4.47,233.95
2022,11,1,11,2.84,2.99,3.66,345.77,359.05,51.49,1.66,8.8,5.92,-9.02,-1.55,3.36,36.19,0,62.79,4.12,7.843054228,5.32,232.04
2022,11,1,12,2.89,3.02,3.65,354.48,365.02,53.61,1.75,9.25,6.11,-7.53,-0.71,3.78,40.19,0,62.75,4.42,8.414150409,5.68,231.65
2022,11,1,13,2.63,2.74,3.35,320.4,330.92,47.78,1.43,7.38,5.87,-6.31,-0.22,4.15,44.75,0,62.69,4.4,8.37607733,5.65,232.19
2022,11,1,14,2.08,2.21,2.78,252.55,267.38,36.54,0.9,4.5,5.35,-5.52,-0.08,4.39,49.12,0,62.65,4.18,7.957273464,5.37,232.98
2022,11,1,15,1.33,1.48,1.98,160.35,179.27,21.89,0.37,1.83,4.5,-5.14,-0.32,4.46,53.25,0,62.62,3.6,6.853154179,4.62,232.01
2022,11,1,16,0.6,0.65,1.01,69.88,77.02,8.73,0.06,0.3,3.09,-4.75,-0.83,4.58,60.31,0,62.6,2.72,5.177938713,3.51,228.43
2022,11,1,17,0.05,0.04,0.11,3.8,4.05,0.55,0,0.02,0.75,-3.83,-1.54,4.94,76.44,0,62.6,1.41,2.684152054,1.95,216.69
2022,11,1,18,0,0,0,0,0,0,0,0,-1.12,-3.57,-2.35,4.88,88.38,0,62.62,0.35,0.666278879,0.47,165.5
2022,11,1,19,0,0,0,0,0,0,0,0,-2.36,-4.35,-3.36,4.58,91.31,0,62.66,0.28,0.533023103,0.45,81.03
2022,11,1,20,0,0,0,0,0,0,0,0,-2.46,-6.1,-4.28,3.97,79.75,0,62.69,0.22,0.418803867,0.26,84.81
2022,11,1,21,0,0,0,0,0,0,0,0,-2.28,-8.27,-5.28,3.3,65.69,0,62.71,0.08,0.152292315,0.08,196.7
2022,11,1,22,0,0,0,0,0,0,0,0,-2.49,-10.58,-6.54,2.75,55.44,0,62.71,0.15,0.285548091,0.32,254.25
2022,11,1,23,0,0,0,0,0,0,0,0,-2.88,-12.95,-7.92,2.26,46.94,0,62.68,0.22,0.418803867,0.38,270
2022,11,2,0,0,0,0,0,0,0,0,0,-3.27,-14.93,-9.1,1.89,40.88,0,62.64,0.2,0.380730788,0.28,304.59
2022,11,2,1,0,0,0,0,0,0,0,0,-3.66,-15.95,-9.81,1.71,37.94,0,62.59,0.21,0.399767327,0.27,356.73
2022,11,2,2,0,0,0,0,0,0,0,0,-4.11,-16.81,-10.46,1.59,36.25,0,62.54,0.21,0.399767327,0.35,16.82
2022,11,2,3,0,0,0,0,0,0,0,0,-4.13,-18.12,-11.13,1.4,32.44,0,62.5,0.26,0.494950024,0.45,29.25
2022,11,2,4,0,0,0,0,0,0,0,0,-3.76,-19.92,-11.84,1.16,26.62,0,62.47,0.3,0.571096182,0.48,37.06
2022,11,2,5,0,0,0,0,0,0,0,0,-3.24,-21.84,-12.53,0.98,21.06,0,62.48,0.29,0.552059642,0.41,45.76
2022,11,2,6,0.05,0.06,0.15,4.52,5.8,0.75,0.01,0.02,-2.82,-23.02,-12.92,0.85,17.69,0,62.51,0.19,0.361694248,0.25,71.57
2022,11,2,7,0.72,0.73,1.09,81.6,84.5,10.07,0.07,0.35,-1.6,-20.77,-11.18,1.1,20.88,0,62.56,0.17,0.32362117,0.24,163.3
2022,11,2,8,1.55,1.56,2.05,182.98,184.95,24.29,0.41,2,1.04,-16.2,-7.58,1.77,27.06,0,62.6,0.76,1.446776993,0.99,219.57
2022,11,2,9,2.23,2.27,2.82,266.17,270.3,38,0.91,4.58,3.21,-15.88,-6.34,1.77,23.19,0,62.62,2.64,5.025646398,3.43,233.99
2022,11,2,10,2.66,2.76,3.37,321.58,330.35,47.5,1.4,7.2,4.48,-13.17,-4.35,2.26,27.12,0,62.62,3.64,6.929300337,4.71,233.7
2022,11,2,11,2.95,3,3.64,357.38,360.55,53.28,1.7,8.88,5.21,-10.97,-2.88,2.81,31.62,0,62.58,4.19,7.976310003,5.41,231.69
2022,11,2,12,2.88,2.98,3.63,351.77,360.05,52.66,1.69,8.88,5.4,-9.06,-1.83,3.3,37.06,0,62.52,4.48,8.528369645,5.76,230.39
2022,11,2,13,2.54,2.71,3.33,308.3,325.73,45.77,1.34,6.83,5.07,-7.3,-1.12,3.85,43.69,0,62.45,4.5,8.566442724,5.78,229.99
2022,11,2,14,1.99,2.18,2.76,241.12,261.88,34.76,0.84,4.2,4.34,-5.67,-0.67,4.33,51.69,0,62.4,4.22,8.033419621,5.43,229.67
2022,11,2,15,1.29,1.46,1.97,153.85,173.58,20.93,0.34,1.7,3.23,-4.17,-0.47,4.76,61.75,0,62.37,3.63,6.910263798,4.66,227.11
2022,11,2,16,0.56,0.63,1,63.83,72.48,8.27,0.05,0.27,1.76,-3.15,-0.69,5.07,73.25,0,62.35,2.83,5.387340647,3.65,223.18
2022,11,2,17,0.04,0.03,0.1,3.23,3.62,0.48,0,0,-0.56,-2.38,-1.47,5.37,92.38,0,62.35,1.61,3.064882841,2.22,215.42
2022,11,2,18,0,0,0,0,0,0,0,0,-1.92,-2.11,-2.02,5.49,100,0,62.36,0.5,0.951826969,0.65,184.82
2022,11,2,19,0,0,0,0,0,0,0,0,-2.98,-2.83,-2.91,5.19,100,0,62.38,0.34,0.647242339,0.58,69.62
2022,11,2,20,0,0,0,0,0,0,0,0,-3.07,-4.06,-3.57,4.7,99.31,0,62.4,0.5,0.951826969,0.89,46.78
2022,11,2,21,0,0,0,0,0,0,0,0,-2.99,-5.32,-4.16,4.27,89.44,0,62.4,0.72,1.370630836,1.18,33.69
2022,11,2,22,0,0,0,0,0,0,0,0,-3.13,-6.48,-4.8,3.91,82.5,0,62.4,0.83,1.580032769,1.35,29.09
2022,11,2,23,0,0,0,0,0,0,0,0,-2.89,-7.43,-5.16,3.6,74.62,0,62.37,0.88,1.675215466,1.4,28.71
2022,11,3,0,0,0,0,0,0,0,0,0,-3.1,-8.2,-5.66,3.36,70.81,0,62.34,0.91,1.732325084,1.48,29.41
2022,11,3,1,0,0,0,0,0,0,0,0,-3.56,-8.79,-6.17,3.17,69.56,0,62.31,0.97,1.846544321,1.63,29.88
2022,11,3,2,0,0,0,0,0,0,0,0,-3.83,-9.27,-6.56,2.99,67.88,0,62.28,1.07,2.036909714,1.85,30.13
2022,11,3,3,0,0,0,0,0,0,0,0,-4.02,-9.69,-6.85,2.93,66.38,0,62.26,1.17,2.227275108,2.07,29.08
2022,11,3,4,0,0,0,0,0,0,0,0,-4.2,-10.03,-7.12,2.81,65.25,0,62.26,1.22,2.322457805,2.2,27.2
2022,11,3,5,0,0,0,0,0,0,0,0,-4.34,-10.38,-7.36,2.75,64,0,62.29,1.27,2.417640502,2.29,26.74
2022,11,3,6,0.04,0.04,0.14,4.02,4.7,0.65,0,0.02,-4.52,-10.68,-7.6,2.62,63.12,0,62.34,1.3,2.47475012,2.37,26.65
2022,11,3,7,0.61,0.61,1.08,67.05,68.42,8.67,0.06,0.3,-3,-8.17,-5.59,3.36,71.12,0,62.41,1.18,2.246311648,2.23,26.65
2022,11,3,8,1.36,1.37,2.03,155.62,158.25,19.59,0.3,1.5,0.98,-8.6,-3.81,3.3,50.31,0,62.47,2.01,3.826344417,2.74,22.98
2022,11,3,9,2.01,2.07,2.81,236.48,243.65,32.02,0.73,3.62,4.26,-11.33,-3.53,2.62,31.88,0,62.51,1.8,3.42657709,2.31,7.77
2022,11,3,10,2.41,2.59,3.35,288.67,307.4,41.02,1.14,5.88,5.8,-10.77,-2.49,2.81,30.62,0,62.53,1.05,1.998836636,1.31,331.14
2022,11,3,11,2.62,2.83,3.63,315.88,337.42,45.55,1.38,7.2,6.69,-9.24,-1.27,3.23,33.38,0,62.5,1.32,2.512823199,1.69,270.8
2022,11,3,12,2.66,2.9,3.61,326.73,350.25,48.67,1.5,7.9,7.12,-7.9,-0.39,3.72,36.88,0,62.45,2.08,3.959600193,2.72,255.16
2022,11,3,13,2.41,2.57,3.31,291.35,308.02,41.77,1.16,5.9,7.04,-6.92,0.06,4.15,41.25,0,62.39,2.66,5.063719477,3.47,252.05
2022,11,3,14,1.77,1.98,2.75,212.02,234.92,29.01,0.66,3.3,6.49,-5.91,0.29,4.58,47.12,0,62.34,2.83,5.387340647,3.71,251.83
2022,11,3,15,1.05,1.2,1.95,118.55,135,14.8,0.23,1.12,5.51,-5.3,0.1,4.88,53.62,0,62.32,2.57,4.892390622,3.37,254
2022,11,3,16,0.43,0.47,0.99,47.9,52.17,6.79,0.04,0.2,3.97,-4.61,-0.32,5.19,63.56,0,62.34,2.01,3.826344417,2.71,256
2022,11,3,17,0.03,0.03,0.1,2.55,2.73,0.4,0,0,1.15,-2.2,-0.52,5.8,87.56,0,62.37,0.77,1.465813533,1.35,256.29
2022,11,3,18,0,0,0,0,0,0,0,0,0.63,-1.7,-0.53,5.98,93.38,0,62.4,0.49,0.93279043,0.82,265.1
2022,11,3,19,0,0,0,0,0,0,0,0,0.74,-2.11,-0.68,5.8,90,0,62.44,0.3,0.571096182,0.52,308.93
2022,11,3,20,0,0,0,0,0,0,0,0,-0.08,-3.55,-1.81,5.25,86.75,0,62.48,0.62,1.180265442,1.01,8
2022,11,3,21,0,0,0,0,0,0,0,0,-0.49,-5.44,-2.96,4.58,78.19,0,62.5,0.78,1.484850072,1.2,15.12
2022,11,3,22,0,0,0,0,0,0,0,0,-0.62,-7.19,-3.9,3.97,68.69,0,62.51,0.81,1.54195969,1.21,18.79
2022,11,3,23,0,0,0,0,0,0,0,0,-0.83,-8.51,-4.67,3.54,61.88,0,62.5,0.78,1.484850072,1.17,24.51
2022,11,4,0,0,0,0,0,0,0,0,0,-1.31,-9.49,-5.41,3.17,58.44,0,62.49,0.89,1.694252005,1.35,30.28
2022,11,4,1,0,0,0,0,0,0,0,0,-2.14,-10.31,-6.23,2.93,57.81,0,62.48,0.99,1.884617399,1.57,33.22
2022,11,4,2,0,0,0,0,0,0,0,0,-2.65,-11.02,-6.84,2.75,56.38,0,62.47,1.03,1.960763557,1.66,33.32
2022,11,4,3,0,0,0,0,0,0,0,0,-2.87,-12.06,-7.46,2.5,52.25,0,62.47,1.02,1.941727017,1.63,32.7
2022,11,4,4,0,0,0,0,0,0,0,0,-2.97,-12.88,-7.92,2.32,48.81,0,62.49,1.03,1.960763557,1.63,33.08
2022,11,4,5,0,0,0,0,0,0,0,0,-3.39,-13.35,-8.37,2.2,48.31,0,62.52,1.06,2.017873175,1.71,34.78
2022,11,4,6,0.04,0.04,0.13,3.7,4.17,0.59,0,0.02,-3.71,-13.82,-8.77,2.14,47.19,0,62.56,1.12,2.132092411,1.83,38.05
2022,11,4,7,0.57,0.57,1.06,60.3,61.75,7.91,0.05,0.25,-2.42,-10.63,-6.52,2.81,56.88,0,62.61,1.01,1.922690478,1.8,41.49
2022,11,4,8,1.3,1.31,2.02,145.85,148.33,18.03,0.28,1.38,1.23,-10.88,-4.83,2.81,42.19,0,62.67,1.13,2.151128951,1.52,55.66
2022,11,4,9,1.94,1.97,2.79,223.1,228.2,29.25,0.65,3.23,4.33,-10.79,-3.23,2.99,35.88,0,62.71,0.88,1.675215466,1.13,178.81
2022,11,4,10,2.43,2.48,3.34,285.9,290.8,38.97,1.05,5.38,5.79,-9.35,-1.78,3.48,38,0,62.71,1.74,3.312357853,2.22,207.65
2022,11,4,11,2.66,2.78,3.61,318.02,329.95,45.03,1.34,7,6.67,-7.7,-0.51,3.97,40.69,0,62.69,2.36,4.492623295,3.03,217.14
2022,11,4,12,2.78,2.9,3.6,339.6,350,50.12,1.53,7.95,7.04,-6.06,0.48,4.46,44.62,0,62.64,2.8,5.330231028,3.6,222.1
2022,11,4,13,2.45,2.61,3.3,299.27,314.67,43.42,1.22,6.33,6.94,-4.82,1.05,4.88,49.25,0,62.59,2.99,5.691925277,3.85,225.74
2022,11,4,14,1.91,2.07,2.73,230.25,249.12,32.3,0.73,3.65,6.37,-4.19,1.09,5.13,53.75,0,62.56,2.98,5.672888737,3.84,227.55
2022,11,4,15,1.23,1.35,1.94,144.98,160.85,18.97,0.29,1.42,5.45,-3.89,0.78,5.25,58.69,0,62.55,2.75,5.235048331,3.59,228.71
2022,11,4,16,0.53,0.56,0.97,59.45,64.23,7.58,0.05,0.23,4.16,-3.72,0.23,5.37,65.06,0,62.56,2.32,4.416477138,3.1,229.19
2022,11,4,17,0.03,0.03,0.09,2.67,2.98,0.41,0,0,1.4,-1.28,0.06,6.04,89.56,0,62.58,1.02,1.941727017,1.76,221.76
2022,11,4,18,0,0,0,0,0,0,0,0,0.82,-0.55,0.14,6.29,97.5,0,62.62,0.67,1.275448139,1.19,214
2022,11,4,19,0,0,0,0,0,0,0,0,0.76,-0.38,0.19,6.35,98.44,0,62.67,0.47,0.894717351,0.78,207.6
2022,11,4,20,0,0,0,0,0,0,0,0,0.26,-0.5,-0.12,6.23,100,0,62.72,0.23,0.437840406,0.34,182.66
2022,11,4,21,0,0,0,0,0,0,0,0,-0.72,-1.25,-0.99,5.86,100,0,62.76,0.15,0.285548091,0.4,46.59
2022,11,4,22,0,0,0,0,0,0,0,0,-1.88,-2.32,-2.1,5.37,100,0,62.77,0.22,0.418803867,0.61,38.77
2022,11,4,23,0,0,0,0,0,0,0,0,-2.54,-3.41,-2.97,4.88,99.62,0,62.77,0.27,0.513986563,0.51,41.92
2022,11,5,0,0,0,0,0,0,0,0,0,-2.56,-3.94,-3.25,4.7,95.25,0,62.74,0.19,0.361694248,0.33,53.67
2022,11,5,1,0,0,0,0,0,0,0,0,-2.41,-4.23,-3.31,4.58,91.56,0,62.72,0.21,0.399767327,0.34,71.15
2022,11,5,2,0,0,0,0,0,0,0,0,-2.14,-4.46,-3.31,4.46,87.44,0,62.69,0.27,0.513986563,0.4,78.69
2022,11,5,3,0,0,0,0,0,0,0,0,-2.45,-4.81,-3.63,4.33,86.94,0,62.68,0.39,0.742425036,0.6,78.69
2022,11,5,4,0,0,0,0,0,0,0,0,-2.94,-5.2,-4.07,4.15,87.44,0,62.67,0.54,1.027973127,0.87,70.1
2022,11,5,5,0,0,0,0,0,0,0,0,-3.15,-5.61,-4.38,4.03,85.88,0,62.69,0.64,1.218338521,1.03,66.74
2022,11,5,6,0.04,0.04,0.13,3.83,4.5,0.6,0,0.02,-3.34,-6.09,-4.71,3.85,83.81,0,62.73,0.68,1.294484678,1.09,65.45
2022,11,5,7,0.64,0.64,1.05,72.02,74.58,8.88,0.05,0.27,-2.05,-5.21,-3.63,4.21,82.06,0,62.79,0.54,1.027973127,0.94,69
2022,11,5,8,1.42,1.44,2,168.27,171.62,21.85,0.34,1.67,1.28,-5.53,-2.13,4.21,62.94,0,62.83,0.69,1.313521218,0.83,144.52
2022,11,5,9,2.08,2.13,2.78,248.85,255.62,34.8,0.8,3.95,3.98,-7.09,-1.56,3.85,47.88,0,62.86,2.05,3.902490574,2.58,204.93
2022,11,5,10,2.6,2.68,3.32,317.3,324.42,46.8,1.33,6.77,5.44,-6.27,-0.42,4.15,46.44,0,62.86,2.83,5.387340647,3.6,214.93
2022,11,5,11,2.82,2.92,3.59,346.48,354.73,51.52,1.58,8.17,6.4,-5.03,0.69,4.58,48,0,62.82,3.57,6.796044561,4.56,217.69
2022,11,5,12,2.86,2.88,3.58,352,352.2,51.8,1.56,8.08,6.7,-3.68,1.51,5.13,52.31,0,62.78,4.06,7.728834991,5.2,219.14
2022,11,5,13,2.48,2.61,3.28,306.33,319.02,44.82,1.24,6.35,6.5,-2.63,1.93,5.49,57.19,0,62.73,4.2,7.995346543,5.38,220.11
2022,11,5,14,1.94,2.09,2.72,237.23,256.42,33.77,0.76,3.75,5.9,-2.07,1.91,5.68,61.56,0,62.69,4.05,7.709798452,5.19,220.55
2022,11,5,15,1.22,1.39,1.93,147.73,169.48,19.86,0.3,1.48,4.85,-1.78,1.53,5.74,67.06,0,62.68,3.77,7.176775349,4.84,219.83
2022,11,5,16,0.52,0.58,0.96,60.27,69.4,7.45,0.04,0.23,3.19,-1.34,0.92,5.92,77.31,0,62.69,3.13,5.958436828,4.06,218.44
2022,11,5,17,0.03,0.03,0.09,2.8,3.02,0.41,0,0,0.75,-0.69,0.03,6.16,95.94,0,62.71,1.91,3.635979023,2.64,213.78
2022,11,5,18,0,0,0,0,0,0,0,0,0.06,-0.17,-0.06,6.35,100,0,62.74,1.3,2.47475012,1.79,207.01
2022,11,5,19,0,0,0,0,0,0,0,0,-0.24,-0.67,-0.45,6.1,100,0,62.78,1.15,2.18920203,1.57,200.42
2022,11,5,20,0,0,0,0,0,0,0,0,-0.84,-1.26,-1.05,5.86,100,0,62.81,0.96,1.827507781,1.31,191.71
2022,11,5,21,0,0,0,0,0,0,0,0,-1.77,-1.97,-1.87,5.55,100,0,62.83,0.38,0.723388497,0.6,171.03
2022,11,5,22,0,0,0,0,0,0,0,0,-3.16,-3.07,-3.12,5.13,100,0,62.83,0.15,0.285548091,0.28,77.12
2022,11,5,23,0,0,0,0,0,0,0,0,-4.35,-5.25,-4.8,4.33,100,0,62.81,0.3,0.571096182,0.47,37.63
2022,11,6,0,0,0,0,0,0,0,0,0,-4.35,-7.91,-6.13,3.48,82.75,0,62.79,0.31,0.590132721,0.4,31.53
2022,11,6,1,0,0,0,0,0,0,0,0,-4.32,-10.1,-7.2,2.93,68.81,0,62.75,0.2,0.380730788,0.24,34.22
2022,11,6,2,0,0,0,0,0,0,0,0,-3.84,-12.1,-7.97,2.44,55.44,0,62.72,0.14,0.266511551,0.11,56.31
2022,11,6,3,0,0,0,0,0,0,0,0,-3.49,-13.77,-8.63,2.08,46.12,0,62.7,0.11,0.209401933,0.11,111.04
2022,11,6,4,0,0,0,0,0,0,0,0,-3.27,-15.01,-9.14,1.83,40.12,0,62.69,0.11,0.209401933,0.13,127.57
2022,11,6,5,0,0,0,0,0,0,0,0,-3.22,-15.77,-9.49,1.71,36.69,0,62.7,0.1,0.190365394,0.11,111.04
2022,11,6,6,0.04,0.04,0.12,3.3,4.02,0.54,0,0.02,-3.2,-16.17,-9.68,1.59,34.69,0,62.73,0.13,0.247475012,0.16,92.86
2022,11,6,7,0.58,0.59,1.03,62.9,64.9,8.12,0.05,0.25,-2.24,-14.24,-8.24,1.95,38.94,0,62.76,0.08,0.152292315,0.09,105.26
2022,11,6,8,1.38,1.43,1.99,160.95,168.42,20.9,0.32,1.6,0.49,-12.35,-5.92,2.44,38.44,0,62.8,0.84,1.599069309,1.05,223.79
2022,11,6,9,2.08,2.16,2.76,248.98,258.88,35.05,0.8,3.98,2.87,-12.02,-4.57,2.5,33.81,0,62.82,2.64,5.025646398,3.4,230.41
2022,11,6,10,2.47,2.65,3.3,299.55,319.15,44.07,1.23,6.25,4.26,-10.46,-3.1,2.87,34.94,0,62.82,3.83,7.290994585,4.96,234.16
2022,11,6,11,2.65,2.89,3.58,324.58,348.9,48.36,1.47,7.67,4.95,-9.02,-2.03,3.23,37.56,0,62.77,4.38,8.338004252,5.65,234.33
2022,11,6,12,2.52,2.84,3.57,312.8,345.92,46.81,1.43,7.52,5.12,-7.82,-1.35,3.6,41.06,0,62.71,4.62,8.794881197,5.94,234.8
2022,11,6,13,2.05,2.57,3.27,252.23,311.25,37.77,1.05,5.35,4.9,-6.67,-0.88,3.97,45.69,0,62.65,4.57,8.6996985,5.86,234.66
2022,11,6,14,1.62,2.05,2.7,199.52,248,28.96,0.66,3.3,4.37,-5.63,-0.63,4.27,51.06,0,62.6,4.18,7.957273464,5.35,234.69
2022,11,6,15,1.01,1.34,1.91,121.83,161.6,16.84,0.26,1.27,3.51,-4.75,-0.62,4.52,57.5,0,62.57,3.68,7.005446494,4.73,234.89
2022,11,6,16,0.4,0.55,0.95,47.45,64.48,6.33,0.04,0.17,2,-3.75,-0.88,4.82,68.69,0,62.56,2.97,5.653852198,3.88,234.58
2022,11,6,17,0.03,0.03,0.08,2.4,2.75,0.38,0,0,-0.05,-2.62,-1.34,5.25,86.75,0,62.56,1.64,3.121992459,2.29,231.52
2022,11,6,18,0,0,0,0,0,0,0,0,-1.22,-2.27,-1.74,5.37,97.31,0,62.58,0.48,0.913753891,0.63,236.71
2022,11,6,19,0,0,0,0,0,0,0,0,-2.41,-2.6,-2.51,5.19,100,0,62.61,0.21,0.399767327,0.34,30.74
2022,11,6,20,0,0,0,0,0,0,0,0,-2.74,-3.48,-3.11,4.82,99.75,0,62.64,0.46,0.875680812,0.76,30.76
2022,11,6,21,0,0,0,0,0,0,0,0,-2.88,-4.49,-3.69,4.46,93.12,0,62.65,0.58,1.104119284,0.95,19.78
2022,11,6,22,0,0,0,0,0,0,0,0,-2.26,-5.31,-3.78,4.15,82.56,0,62.65,0.57,1.085082745,0.84,11.83
2022,11,6,23,0,0,0,0,0,0,0,0,-2.2,-5.89,-4.05,3.97,78.19,0,62.62,0.49,0.93279043,0.69,4.55
2022,11,7,0,0,0,0,0,0,0,0,0,-2.49,-6.38,-4.44,3.78,76.75,0,62.6,0.55,1.047009666,0.79,0.57
2022,11,7,1,0,0,0,0,0,0,0,0,-3.1,-6.96,-5.03,3.6,76.75,0,62.58,0.7,1.332557757,1.07,16.18
2022,11,7,2,0,0,0,0,0,0,0,0,-3.42,-7.6,-5.5,3.42,74.56,0,62.56,0.78,1.484850072,1.22,17.97
2022,11,7,3,0,0,0,0,0,0,0,0,-3.15,-8.1,-5.63,3.3,69.81,0,62.55,0.7,1.332557757,1.06,7.65
2022,11,7,4,0,0,0,0,0,0,0,0,-2.82,-8.56,-5.69,3.11,65.19,0,62.55,0.57,1.085082745,0.83,358.38
2022,11,7,5,0,0,0,0,0,0,0,0,-2.75,-9,-5.88,2.99,62.38,0,62.57,0.53,1.008936588,0.77,1.17
2022,11,7,6,0.04,0.04,0.12,3.62,3.95,0.54,0,0.02,-2.62,-9.67,-6.14,2.87,58.12,0,62.62,0.53,1.008936588,0.75,6.6
2022,11,7,7,0.46,0.58,1.02,52.5,65.8,7.29,0.05,0.25,-1.76,-8.38,-5.07,3.23,61.94,0,62.66,0.42,0.799534654,0.64,14.04
2022,11,7,8,1.1,1.36,1.97,131.92,160.65,17.94,0.29,1.42,1.1,-7.3,-3.1,3.6,54.81,0,62.71,0.48,0.913753891,0.58,294.83
2022,11,7,9,1.84,2.06,2.74,223,247.95,31.36,0.72,3.58,3.72,-7.47,-1.88,3.85,48.38,0,62.74,2.28,4.34033098,2.91,249.08
2022,11,7,10,2.13,2.58,3.29,265.2,312.45,39.7,1.12,5.83,5.03,-5.78,-0.38,4.46,51.12,0,62.75,3.11,5.920363749,4.02,242.94
2022,11,7,11,2.29,2.83,3.56,285.58,343.33,43.6,1.35,7.17,5.89,-4.12,0.89,5,54.44,0,62.7,3.74,7.119665731,4.83,240.78
2022,11,7,12,1.92,2.73,3.55,241.62,330.33,36.53,1.12,6.05,6.19,-2.81,1.69,5.49,58.5,0,62.65,4.23,8.052456161,5.45,239.25
2022,11,7,13,1.54,2.46,3.25,190.45,295.7,28.8,0.8,4.17,5.97,-1.92,2.02,5.86,62.81,0,62.58,4.31,8.204748476,5.55,238.82
2022,11,7,14,1.23,1.94,2.69,151.38,231.33,22.08,0.51,2.55,5.26,-1.4,1.93,5.98,67.75,0,62.54,4.12,7.843054228,5.32,238.65
2022,11,7,15,0.77,1.23,1.9,92.67,143.7,12.77,0.2,0.98,4.24,-1.14,1.55,6.04,73.31,0,62.54,3.63,6.910263798,4.67,238.46
2022,11,7,16,0.32,0.47,0.93,37.35,52.77,5.31,0.03,0.15,2.9,-1.1,0.9,6.04,80.19,0,62.54,2.85,5.425413725,3.68,238.54
2022,11,7,17,0.03,0.02,0.08,2.02,2.25,0.31,0,0,0.85,-0.91,-0.02,6.1,94.06,0,62.56,1.67,3.179102078,2.31,232.7
2022,11,7,18,0,0,0,0,0,0,0,0,0.37,-0.58,-0.11,6.16,98.94,0,62.58,0.69,1.313521218,0.9,226.76
2022,11,7,19,0,0,0,0,0,0,0,0,-0.52,-0.88,-0.7,5.98,100,0,62.62,0.11,0.209401933,0.24,3.69
2022,11,7,20,0,0,0,0,0,0,0,0,-1.01,-1.99,-1.49,5.49,98.38,0,62.65,0.34,0.647242339,0.57,6.25
2022,11,7,21,0,0,0,0,0,0,0,0,-0.53,-3.55,-2.04,4.88,84.19,0,62.65,0.21,0.399767327,0.37,315.86
2022,11,7,22,0,0,0,0,0,0,0,0,-0.38,-4.59,-2.48,4.52,76.81,0,62.64,0.29,0.552059642,0.55,234.74
2022,11,7,23,0,0,0,0,0,0,0,0,-1,-4.99,-2.99,4.39,78.69,0,62.62,0.52,0.989900048,0.83,221.19
2022,11,8,0,0,0,0,0,0,0,0,0,-1.64,-5.13,-3.38,4.33,82,0,62.6,0.35,0.666278879,0.6,215.97
2022,11,8,1,0,0,0,0,0,0,0,0,-2.31,-5.49,-3.9,4.21,84.38,0,62.57,0.13,0.247475012,0.29,220.6
2022,11,8,2,0,0,0,0,0,0,0,0,-2.75,-5.97,-4.36,4.09,84.19,0,62.56,0.13,0.247475012,0.26,254.29
2022,11,8,3,0,0,0,0,0,0,0,0,-2.81,-6.31,-4.56,3.97,82.06,0,62.54,0.08,0.152292315,0.13,266.42
2022,11,8,4,0,0,0,0,0,0,0,0,-2.83,-6.47,-4.65,3.91,81.06,0,62.55,0.06,0.114219236,0.19,240.26
2022,11,8,5,0,0,0,0,0,0,0,0,-2.97,-7.13,-5.05,3.72,78.06,0,62.57,0.09,0.171328854,0.27,215.54
2022,11,8,6,0.04,0.03,0.11,2.92,2.85,0.43,0,0,-3.06,-8.54,-5.81,3.36,70.69,0,62.62,0.16,0.30458463,0.34,194.68
2022,11,8,7,0.42,0.45,1,46.15,48.88,6.43,0.04,0.2,-2.03,-9.02,-5.53,3.17,62.06,0,62.68,0.29,0.552059642,0.61,204.93
2022,11,8,8,1.05,1.2,1.96,119.08,135.75,14.91,0.23,1.15,0.9,-9.78,-4.45,3.11,48.25,0,62.75,1.18,2.246311648,1.57,221.78
2022,11,8,9,1.57,1.92,2.73,189.2,225.5,25.88,0.61,3.1,3.01,-11.15,-4.07,2.87,38.38,0,62.8,2.93,5.57770604,3.82,234.75
2022,11,8,10,2.05,2.42,3.27,249.35,287.6,35.11,1,5.33,3.93,-9.46,-2.77,3.3,40.75,0,62.81,3.87,7.367140743,5.03,237.37
2022,11,8,11,2.22,2.7,3.55,273.77,322.4,40.88,1.28,7.02,3.98,-8.13,-2.08,3.66,45,0,62.79,4.13,7.862090767,5.35,238.56
2022,11,8,12,2.22,2.72,3.53,273.7,325.98,40.19,1.25,6.83,3.71,-7.28,-1.78,3.91,49,0,62.74,3.96,7.538469597,5.1,240.33
2022,11,8,13,1.94,2.44,3.24,233.88,289.35,33.77,0.95,5.05,3.56,-6.89,-1.67,3.97,50.69,0,62.67,3.65,6.948336876,4.67,241.76
2022,11,8,14,1.39,1.88,2.67,166.35,221.15,23.33,0.54,2.75,3.62,-6.72,-1.56,4.03,50.81,0,62.62,3.46,6.586642628,4.41,241.44
2022,11,8,15,0.91,1.17,1.88,106.35,134.2,15.12,0.24,1.2,3.18,-6.63,-1.73,4.03,52.81,0,62.59,3.14,5.977473368,4.01,239.04
2022,11,8,16,0.31,0.4,0.92,35.33,44.3,5.12,0.03,0.15,1.96,-5.97,-2.01,4.27,61.12,0,62.58,2.37,4.511659835,3.09,236.03
2022,11,8,17,0.02,0.02,0.07,1.73,1.88,0.27,0,0,-0.15,-5.2,-2.67,4.52,74.94,0,62.58,1.08,2.055946254,1.51,227.09
2022,11,8,18,0,0,0,0,0,0,0,0,-2.24,-5.07,-3.66,4.46,88,0,62.62,0.1,0.190365394,0.14,141.84
2022,11,8,19,0,0,0,0,0,0,0,0,-3.17,-6.95,-5.06,3.85,81.88,0,62.67,0.25,0.475913485,0.31,50.19
2022,11,8,20,0,0,0,0,0,0,0,0,-2.78,-9.29,-6.03,3.17,65.69,0,62.7,0.19,0.361694248,0.12,0
2022,11,8,21,0,0,0,0,0,0,0,0,-2.39,-11.16,-6.77,2.69,54.5,0,62.72,0.11,0.209401933,0.23,252.18
2022,11,8,22,0,0,0,0,0,0,0,0,-2.35,-12.85,-7.6,2.38,47.25,0,62.71,0.17,0.32362117,0.42,231.01
2022,11,8,23,0,0,0,0,0,0,0,0,-2.46,-13.99,-8.22,2.14,43,0,62.69,0.28,0.533023103,0.56,221.04
2022,11,9,0,0,0,0,0,0,0,0,0,-2.7,-15.09,-8.89,1.95,39.75,0,62.66,0.38,0.723388497,0.68,218.45
2022,11,9,1,0,0,0,0,0,0,0,0,-2.93,-15.8,-9.37,1.77,37.81,0,62.63,0.41,0.780498115,0.71,218.76
2022,11,9,2,0,0,0,0,0,0,0,0,-3.13,-16.25,-9.69,1.71,36.62,0,62.6,0.38,0.723388497,0.65,221.12
2022,11,9,3,0,0,0,0,0,0,0,0,-3.28,-16.69,-9.99,1.65,35.38,0,62.57,0.25,0.475913485,0.48,211.61
2022,11,9,4,0,0,0,0,0,0,0,0,-3.44,-17.2,-10.32,1.53,33.75,0,62.56,0.2,0.380730788,0.38,188.3
2022,11,9,5,0,0,0,0,0,0,0,0,-3.54,-18.06,-10.8,1.4,31.25,0,62.55,0.23,0.437840406,0.39,174.29
2022,11,9,6,0.03,0.03,0.1,2.6,2.75,0.39,0,0,-3.56,-19.34,-11.45,1.28,27.75,0,62.58,0.3,0.571096182,0.47,171.33
2022,11,9,7,0.47,0.46,0.99,48.23,49.5,6.49,0.04,0.2,-2.61,-17.31,-9.96,1.53,31.19,0,62.61,0.38,0.723388497,0.63,175.71
2022,11,9,8,1.16,1.17,1.94,124.58,128.65,14.92,0.22,1.08,0.32,-14.84,-7.26,1.95,31.06,0,62.66,1.01,1.922690478,1.35,200.75
2022,11,9,9,1.77,1.85,2.71,198.88,208.83,25.48,0.55,2.73,2.54,-14.58,-6.02,1.95,26.81,0,62.69,2.59,4.930463701,3.36,216.02
2022,11,9,10,2.27,2.39,3.25,263.62,275.1,35.5,0.94,4.77,3.9,-12.85,-4.48,2.26,28.44,0,62.7,3.72,7.081592652,4.82,217.43
2022,11,9,11,2.39,2.65,3.53,281.1,308.67,39.05,1.12,5.88,4.57,-11.04,-3.24,2.69,32.12,0,62.67,4.27,8.128602318,5.51,218.32
2022,11,9,12,2.35,2.67,3.52,281.67,314.65,39.92,1.16,6.08,4.74,-9.7,-2.48,3.05,35.75,0,62.63,4.53,8.623552342,5.82,219.06
2022,11,9,13,2.09,2.35,3.22,247.67,274.45,33.71,0.91,4.7,4.48,-8.74,-2.13,3.3,39.38,0,62.58,4.58,8.718735039,5.89,220.05
2022,11,9,14,1.54,1.79,2.66,179.08,206.08,23.4,0.51,2.55,3.9,-8.27,-2.19,3.42,42.5,0,62.55,4.39,8.357040791,5.64,221.01
2022,11,9,15,0.9,1.08,1.87,100.88,120.73,12.55,0.18,0.9,2.97,-8.07,-2.56,3.48,46.12,0,62.53,4,7.614615755,5.19,220.42
2022,11,9,16,0.32,0.38,0.91,35.4,41.6,5.08,0.03,0.15,1.25,-6.99,-2.88,3.85,57.38,0,62.52,3.19,6.072656065,4.23,219.22
2022,11,9,17,0.02,0.02,0.07,1.48,1.62,0.23,0,0,-1.7,-5.61,-3.66,4.27,80.88,0,62.53,1.7,3.236211696,2.44,212.98
2022,11,9,18,0,0,0,0,0,0,0,0,-3.13,-5.02,-4.07,4.39,93.56,0,62.55,0.54,1.027973127,0.85,183.18
2022,11,9,19,0,0,0,0,0,0,0,0,-4.08,-5.27,-4.68,4.27,98.5,0,62.59,0.36,0.685315418,0.58,139.4
2022,11,9,20,0,0,0,0,0,0,0,0,-4.37,-6.13,-5.25,3.97,93.69,0,62.61,0.41,0.780498115,0.64,137.96
2022,11,9,21,0,0,0,0,0,0,0,0,-4.54,-7.21,-5.88,3.6,86.75,0,62.62,0.43,0.818571194,0.72,153.43
2022,11,9,22,0,0,0,0,0,0,0,0,-4.92,-8.61,-6.77,3.17,79.38,0,62.61,0.39,0.742425036,0.63,149.28
2022,11,9,23,0,0,0,0,0,0,0,0,-5.24,-10.25,-7.74,2.75,70.88,0,62.6,0.31,0.590132721,0.49,139.5
2022,11,10,0,0,0,0,0,0,0,0,0,-5.74,-11.74,-8.74,2.44,64.88,0,62.57,0.27,0.513986563,0.39,117.07
2022,11,10,1,0,0,0,0,0,0,0,0,-6.04,-12.85,-9.45,2.2,60.19,0,62.54,0.29,0.552059642,0.43,96.23
2022,11,10,2,0,0,0,0,0,0,0,0,-5.93,-14.09,-10.01,1.95,53.06,0,62.51,0.33,0.6282058,0.5,86.42
2022,11,10,3,0,0,0,0,0,0,0,0,-5.92,-14.88,-10.39,1.83,48.94,0,62.49,0.32,0.60916926,0.5,92.68
2022,11,10,4,0,0,0,0,0,0,0,0,-5.52,-16.09,-10.81,1.59,42,0,62.48,0.31,0.590132721,0.47,123.42
2022,11,10,5,0,0,0,0,0,0,0,0,-5.11,-17.75,-11.43,1.34,34.56,0,62.49,0.44,0.837607733,0.78,170.73
2022,11,10,6,0.03,0.02,0.1,2.42,2.55,0.37,0,0,-5.02,-18.2,-11.6,1.28,32.62,0,62.52,0.67,1.275448139,1.21,184.43
2022,11,10,7,0.46,0.46,0.98,49.7,50.92,6.66,0.04,0.17,-4.27,-14.48,-9.38,1.95,45.94,0,62.57,0.67,1.275448139,1.3,188.28
2022,11,10,8,1.16,1.18,1.92,128.98,133.77,15.76,0.22,1.08,-0.91,-14.68,-7.8,1.95,34.62,0,62.62,1.43,2.722225132,1.96,192.21
2022,11,10,9,1.83,1.89,2.7,213.33,221.75,28.19,0.59,2.92,1.45,-14.15,-6.35,1.95,28.94,0,62.66,3.14,5.977473368,4.1,211.84
2022,11,10,10,2.22,2.47,3.24,268.17,295.83,38.43,1.01,5.1,2.8,-11.55,-4.38,2.44,32.75,0,62.67,4.2,7.995346543,5.46,219.95
2022,11,10,11,2.47,2.74,3.51,301.42,328.1,43.75,1.27,6.58,3.44,-9.73,-3.14,2.87,36.88,0,62.63,4.71,8.966210051,6.09,222.71
2022,11,10,12,2.42,2.66,3.5,293.7,318.12,41.91,1.2,6.2,3.55,-8.67,-2.56,3.17,40.44,0,62.57,4.93,9.385013918,6.35,225.3
2022,11,10,13,1.96,2.37,3.21,238.95,282.42,33.8,0.89,4.58,3.21,-8.06,-2.43,3.36,43.94,0,62.51,4.82,9.175611985,6.19,227.25
2022,11,10,14,1.42,1.83,2.65,169.52,217.5,23.19,0.48,2.4,2.6,-7.6,-2.49,3.54,47.88,0,62.46,4.57,8.6996985,5.89,228.93
2022,11,10,15,0.78,1.13,1.86,91.62,131.08,12.01,0.16,0.83,1.62,-6.82,-2.6,3.72,54.62,0,62.43,4.23,8.052456161,5.48,228.81
2022,11,10,16,0.3,0.41,0.9,35.02,45.8,5.01,0.02,0.12,-0.14,-5.49,-2.81,4.21,69.31,0,62.43,3.47,6.605679167,4.6,225.83
2022,11,10,17,0.02,0.02,0.07,1.52,1.73,0.23,0,0,-2.99,-4.47,-3.73,4.52,95.31,0,62.45,2.25,4.283221362,3.14,218.84
2022,11,10,18,0,0,0,0,0,0,0,0,-3.71,-4.13,-3.92,4.64,100,0,62.49,1.47,2.79837129,2,214.68
2022,11,10,19,0,0,0,0,0,0,0,0,-4.22,-4.61,-4.42,4.52,100,0,62.53,0.8,1.522923151,1.09,214.49
2022,11,10,20,0,0,0,0,0,0,0,0,-4.23,-6.06,-5.14,4.03,93.62,0,62.55,0.58,1.104119284,0.8,211.83
2022,11,10,21,0,0,0,0,0,0,0,0,-3.98,-7.13,-5.55,3.66,84.25,0,62.55,0.57,1.085082745,0.85,208.44
2022,11,10,22,0,0,0,0,0,0,0,0,-4.17,-7.57,-5.87,3.54,82.56,0,62.54,0.65,1.23737506,0.98,211.67
2022,11,10,23,0,0,0,0,0,0,0,0,-4.48,-7.83,-6.15,3.48,83,0,62.52,0.64,1.218338521,0.98,214.95
2022,11,11,0,0,0,0,0,0,0,0,0,-4.88,-8.09,-6.49,3.42,84.31,0,62.49,0.39,0.742425036,0.68,218.97
2022,11,11,1,0,0,0,0,0,0,0,0,-5.42,-8.56,-6.99,3.3,84.69,0,62.46,0.13,0.247475012,0.3,221.88
2022,11,11,2,0,0,0,0,0,0,0,0,-6.1,-8.77,-7.43,3.17,87.38,0,62.43,0.04,0.076146158,0.05,141.34
2022,11,11,3,0,0,0,0,0,0,0,0,-6.31,-9.24,-7.77,3.05,84.75,0,62.4,0.18,0.342657709,0.24,82.65
2022,11,11,4,0,0,0,0,0,0,0,0,-6.45,-9.69,-8.07,2.93,81.88,0,62.37,0.23,0.437840406,0.33,94.09
2022,11,11,5,0,0,0,0,0,0,0,0,-6.63,-10.1,-8.37,2.81,79.69,0,62.37,0.25,0.475913485,0.39,109.89
2022,11,11,6,0.03,0.02,0.09,2.38,2.48,0.36,0,0,-6.78,-10.56,-8.67,2.69,77.12,0,62.4,0.29,0.552059642,0.47,117.85
2022,11,11,7,0.5,0.5,0.96,53.5,54.77,6.98,0.03,0.17,-5.59,-9.6,-7.6,2.93,77.19,0,62.44,0.34,0.647242339,0.51,135
2022,11,11,8,1.3,1.29,1.91,147.33,148.3,18.23,0.23,1.17,-2.87,-11.06,-6.96,2.62,54.5,0,62.49,1.27,2.417640502,1.6,210.58
2022,11,11,9,1.97,1.99,2.68,229.62,234.23,30.87,0.62,3.05,-0.62,-11.67,-6.14,2.5,43.12,0,62.53,3.02,5.749034895,3.86,222.62
2022,11,11,10,2.26,2.5,3.22,269.02,295.62,38.3,0.95,4.75,0.81,-11.05,-5.12,2.62,41.06,0,62.54,3.88,7.386177282,4.97,223.15
2022,11,11,11,2.42,2.75,3.5,293.52,326.67,42.59,1.17,6.02,1.67,-10.37,-4.35,2.81,41.12,0,62.51,4.52,8.604515803,5.79,223.58
2022,11,11,12,1.99,2.54,3.49,241.2,297.77,33.68,0.91,4.73,1.92,-9.74,-3.92,2.99,42.69,0,62.47,4.8,9.137538906,6.14,224.54
2022,11,11,13,1.59,2.24,3.19,187.73,260.95,25.51,0.62,3.12,1.79,-9.31,-3.76,3.11,44.62,0,62.42,4.73,9.00428313,6.05,225.05
2022,11,11,14,1.16,1.72,2.63,135.83,196.5,17.82,0.35,1.75,1.3,-9.09,-3.9,3.17,46.94,0,62.38,4.52,8.604515803,5.8,225
2022,11,11,15,0.69,1.04,1.85,77.48,115.23,9.69,0.12,0.62,0.28,-8.89,-4.31,3.17,51.25,0,62.35,4.11,7.824017688,5.29,223.74
2022,11,11,16,0.27,0.36,0.89,29.75,40.05,4.23,0.02,0.1,-1.48,-8.13,-4.81,3.42,63.12,0,62.36,3.25,6.186875301,4.26,221.28
2022,11,11,17,0.02,0.01,0.06,1.42,1.52,0.22,0,0,-4.11,-7.21,-5.67,3.72,85.38,0,62.37,1.94,3.693088641,2.65,214.81
2022,11,11,18,0,0,0,0,0,0,0,0,-5.25,-7.26,-6.26,3.66,92.94,0,62.4,0.77,1.465813533,1,200.56
2022,11,11,19,0,0,0,0,0,0,0,0,-6.22,-8.37,-7.29,3.3,91.81,0,62.43,0.18,0.342657709,0.26,117.35
2022,11,11,20,0,0,0,0,0,0,0,0,-6.61,-10.35,-8.49,2.75,79.44,0,62.46,0.26,0.494950024,0.42,77.01
2022,11,11,21,0,0,0,0,0,0,0,0,-6.42,-12.67,-9.54,2.26,63.44,0,62.48,0.21,0.399767327,0.23,84.09
2022,11,11,22,0,0,0,0,0,0,0,0,-6.26,-15.31,-10.79,1.77,49.44,0,62.48,0.06,0.114219236,0.29,214.99
2022,11,11,23,0,0,0,0,0,0,0,0,-6.6,-16.31,-11.46,1.59,46.06,0,62.46,0.12,0.228438473,0.38,222.51
2022,11,12,0,0,0,0,0,0,0,0,0,-7.01,-16.84,-11.92,1.53,45.19,0,62.43,0.03,0.057109618,0.16,206.57
2022,11,12,1,0,0,0,0,0,0,0,0,-7.51,-16.02,-11.77,1.65,51.19,0,62.39,0.06,0.114219236,0.09,155.56
2022,11,12,2,0,0,0,0,0,0,0,0,-7.64,-15.46,-11.56,1.77,54.56,0,62.36,0.02,0.038073079,0.05,206.57
2022,11,12,3,0,0,0,0,0,0,0,0,-7.72,-14.38,-11.06,1.89,60.25,0,62.33,0.12,0.228438473,0.17,309.47
2022,11,12,4,0,0,0,0,0,0,0,0,-7.82,-13.18,-10.5,2.14,67.06,0,62.31,0.22,0.418803867,0.35,339.15
2022,11,12,5,0,0,0,0,0,0,0,0,-8.01,-12.44,-10.23,2.26,72.5,0,62.32,0.27,0.513986563,0.47,359.05
2022,11,12,6,0.03,0.02,0.09,1.88,2,0.26,0,0,-8.11,-12.04,-10.08,2.32,75.81,0,62.36,0.31,0.590132721,0.56,7.22
2022,11,12,7,0.43,0.42,0.95,42.67,43.4,5.27,0.02,0.12,-6.94,-10.63,-8.78,2.69,79.69,0,62.4,0.31,0.590132721,0.54,14.24
2022,11,12,8,1.18,1.17,1.89,125.58,126.8,14.8,0.19,0.92,-3.62,-12.28,-7.95,2.38,52.69,0,62.44,0.52,0.989900048,0.65,276.95
2022,11,12,9,1.74,1.79,2.66,192.12,200.25,23.71,0.46,2.27,-0.67,-14.76,-7.71,1.95,33.69,0,62.47,2.73,5.196975253,3.51,243.04
2022,11,12,10,2.23,2.28,3.21,254.08,260.98,31.97,0.75,3.75,1.07,-13.89,-6.41,2.14,32.5,0,62.47,4.05,7.709798452,5.25,241
2022,11,12,11,2.52,2.52,3.48,292.7,292.6,36.97,0.94,4.7,1.96,-12.28,-5.17,2.5,35.19,0,62.44,4.78,9.099465827,6.2,239.23
2022,11,12,12,2.26,2.5,3.47,263.35,289.02,33.76,0.88,4.5,2.14,-10.29,-4.07,2.93,40.94,0,62.39,5.11,9.727671627,6.62,239.01
2022,11,12,13,1.74,2.21,3.18,198.02,251.42,25.43,0.6,3.05,1.87,-8.41,-3.27,3.36,48.12,0,62.34,5.1,9.708635087,6.58,239.39
2022,11,12,14,1.28,1.68,2.62,146.4,187.45,18.41,0.36,1.77,1.23,-6.97,-2.87,3.72,56,0,62.3,4.74,9.02331967,6.11,239.73
2022,11,12,15,0.88,1.02,1.83,94.85,110.45,11.47,0.15,0.7,0.16,-6,-2.92,4.03,65.19,0,62.28,4.25,8.09052924,5.49,237.67
2022,11,12,16,0.26,0.32,0.88,26.9,33.15,3.42,0.02,0.08,-1.58,-5.1,-3.34,4.33,80.62,0,62.28,3.38,6.434350313,4.4,235.63
2022,11,12,17,0.02,0.01,0.06,1.08,1.17,0.15,0,0,-3.88,-4.63,-4.25,4.52,100,0,62.28,1.83,3.483686708,2.5,231.34
2022,11,12,18,0,0,0,0,0,0,0,0,-4.93,-4.92,-4.92,4.39,100,0,62.29,0.78,1.484850072,0.98,243.03
2022,11,12,19,0,0,0,0,0,0,0,0,-5.7,-6.03,-5.87,4.03,100,0,62.32,0.43,0.818571194,0.59,289.4
2022,11,12,20,0,0,0,0,0,0,0,0,-5.74,-7.13,-6.44,3.66,97.25,0,62.35,0.29,0.552059642,0.51,310.03
2022,11,12,21,0,0,0,0,0,0,0,0,-5.65,-7.8,-6.72,3.48,91.12,0,62.37,0.28,0.533023103,0.48,309.69
2022,11,12,22,0,0,0,0,0,0,0,0,-5.61,-8.23,-6.92,3.3,87,0,62.36,0.28,0.533023103,0.46,325.49
2022,11,12,23,0,0,0,0,0,0,0,0,-5.39,-8.73,-7.06,3.17,81.38,0,62.34,0.27,0.513986563,0.43,338.59
2022,11,13,0,0,0,0,0,0,0,0,0,-5.22,-9.3,-7.26,2.99,75.94,0,62.31,0.26,0.494950024,0.41,319.64
2022,11,13,1,0,0,0,0,0,0,0,0,-5.38,-9.76,-7.57,2.87,73.81,0,62.29,0.28,0.533023103,0.46,303.96
2022,11,13,2,0,0,0,0,0,0,0,0,-5.63,-10.24,-7.94,2.75,72.5,0,62.27,0.31,0.590132721,0.51,305.64
2022,11,13,3,0,0,0,0,0,0,0,0,-5.86,-10.49,-8.18,2.75,72.88,0,62.25,0.27,0.513986563,0.45,295.68
2022,11,13,4,0,0,0,0,0,0,0,0,-6.13,-10.8,-8.46,2.69,74.12,0,62.24,0.49,0.93279043,0.92,270.97
2022,11,13,5,0,0,0,0,0,0,0,0,-6.33,-10.99,-8.66,2.75,75.81,0,62.26,0.6,1.142192363,1.14,267.65
2022,11,13,6,0.03,0.02,0.08,1.88,2.05,0.27,0,0,-6.46,-11.09,-8.77,2.75,77.69,0,62.29,0.55,1.047009666,1.06,271.7
2022,11,13,7,0.43,0.43,0.93,44.23,45.55,5.41,0.02,0.12,-5.51,-10.2,-7.85,2.99,77.88,0,62.34,0.45,0.856644272,0.9,274.97
2022,11,13,8,1.19,1.21,1.88,130.95,136.42,15.66,0.2,0.98,-2.05,-9.25,-5.65,3.17,61.5,0,62.39,1.11,2.113055872,1.56,248.2
2022,11,13,9,1.88,1.92,2.65,214.2,221.62,27.03,0.52,2.6,0.58,-9.95,-4.69,2.99,47.31,0,62.45,2.52,4.797207926,3.24,236.62
2022,11,13,10,2.27,2.42,3.19,263.75,281.73,34.57,0.84,4.17,2.35,-9.15,-3.4,3.23,44.38,0,62.47,3.56,6.777008022,4.61,238.87
2022,11,13,11,2.44,2.68,3.47,286.55,312.5,38.31,1.02,5.17,3.35,-7.89,-2.27,3.54,45.56,0,62.45,4.18,7.957273464,5.39,237.48
2022,11,13,12,2.23,2.5,3.46,259.67,287.92,33.59,0.88,4.5,3.65,-6.65,-1.5,3.85,48.81,0,62.4,4.56,8.680661961,5.87,235.25
2022,11,13,13,1.91,2.23,3.16,218.77,254.95,28.11,0.66,3.33,3.48,-5.82,-1.17,4.09,52.25,0,62.36,4.54,8.642588882,5.84,234.1
2022,11,13,14,1.47,1.71,2.61,167.48,194.15,21.01,0.41,2,3.03,-5.73,-1.35,4.09,53.81,0,62.32,4.27,8.128602318,5.48,234.34
2022,11,13,15,0.99,1.07,1.82,108.8,118.05,13.06,0.16,0.8,2.02,-5.81,-1.9,4.03,57.19,0,62.32,3.83,7.290994585,4.94,233.09
2022,11,13,16,0.32,0.36,0.87,33.27,38.15,4.16,0.02,0.1,0.17,-5.5,-2.67,4.15,67.12,0,62.33,2.83,5.387340647,3.72,231.06
2022,11,13,17,0.02,0.01,0.06,1.12,1.35,0.16,0,0,-2.53,-5.67,-4.1,4.09,82.38,0,62.36,1.04,1.979800096,1.39,228.87
2022,11,13,18,0,0,0,0,0,0,0,0,-4.62,-6.45,-5.53,3.78,91.5,0,62.4,0.22,0.418803867,0.44,42.14
2022,11,13,19,0,0,0,0,0,0,0,0,-4.65,-7.85,-6.24,3.36,81.5,0,62.44,0.47,0.894717351,0.8,41.45
2022,11,13,20,0,0,0,0,0,0,0,0,-4.33,-9.52,-6.92,2.93,68.88,0,62.48,0.5,0.951826969,0.83,36.54
2022,11,13,21,0,0,0,0,0,0,0,0,-4.1,-11.35,-7.72,2.5,57.69,0,62.5,0.46,0.875680812,0.75,31.37
2022,11,13,22,0,0,0,0,0,0,0,0,-3.57,-13.56,-8.56,2.08,45.5,0,62.5,0.41,0.780498115,0.62,39.34
2022,11,13,23,0,0,0,0,0,0,0,0,-3.44,-15.42,-9.42,1.71,38.06,0,62.49,0.24,0.456876945,0.34,58.13
2022,11,14,0,0,0,0,0,0,0,0,0,-3.31,-17.12,-10.21,1.46,32,0,62.47,0.06,0.114219236,0.09,160.02
2022,11,14,1,0,0,0,0,0,0,0,0,-3.7,-17.25,-10.48,1.46,32.44,0,62.47,0.27,0.513986563,0.44,245.73
2022,11,14,2,0,0,0,0,0,0,0,0,-4.1,-16.85,-10.48,1.53,35,0,62.46,0.21,0.399767327,0.35,260.96
2022,11,14,3,0,0,0,0,0,0,0,0,-4.03,-16.58,-10.31,1.53,35.5,0,62.46,0.17,0.32362117,0.37,230.19
2022,11,14,4,0,0,0,0,0,0,0,0,-3.89,-15.3,-9.6,1.71,39.06,0,62.46,0.28,0.533023103,0.64,224.01
2022,11,14,5,0,0,0,0,0,0,0,0,-4.49,-14.13,-9.31,1.89,45.5,0,62.48,0.45,0.856644272,0.95,239.44
2022,11,14,6,0.03,0.02,0.07,1.73,1.83,0.24,0,0,-5.01,-13.23,-9.12,2.08,51.44,0,62.52,0.22,0.418803867,0.54,233.79
2022,11,14,7,0.4,0.39,0.92,41.35,41.95,5.07,0.02,0.12,-4.42,-11.49,-7.95,2.44,58,0,62.57,0.11,0.209401933,0.34,212.97
2022,11,14,8,1.15,1.16,1.86,128.33,131.92,15.16,0.2,0.98,-1.37,-9.93,-5.65,2.87,52.62,0,62.62,0.8,1.522923151,1.06,230.68
2022,11,14,9,1.8,1.84,2.63,208.05,214.02,25.88,0.51,2.52,0.93,-9.85,-4.46,2.81,43.25,0,62.65,2.61,4.96853678,3.36,236.27
2022,11,14,10,2.24,2.33,3.18,262.7,273.05,33.77,0.82,4.15,2.44,-8.53,-3.05,3.17,43.5,0,62.65,3.56,6.777008022,4.58,237.69
2022,11,14,11,2.48,2.57,3.45,293.02,302.55,38.04,1.01,5.15,3.34,-7.48,-2.07,3.48,44.81,0,62.6,4.16,7.919200385,5.34,238.52
2022,11,14,12,2.02,2.37,3.44,235.27,273.48,30.21,0.8,4.12,3.65,-6.56,-1.45,3.78,47.5,0,62.54,4.37,8.318967712,5.61,238.79
2022,11,14,13,1.77,2.09,3.15,204,239.42,25.56,0.62,3.15,3.61,-5.8,-1.1,4.03,50.88,0,62.47,4.42,8.414150409,5.67,239.37
2022,11,14,14,1.31,1.59,2.59,149.58,179.95,18.41,0.36,1.77,3.15,-5.24,-1.04,4.21,54.94,0,62.43,4.36,8.299931173,5.61,240.36
2022,11,14,15,0.87,0.98,1.81,94.9,108.15,11.27,0.15,0.73,2.09,-4.85,-1.38,4.33,61.19,0,62.41,3.93,7.481359979,5.09,241
2022,11,14,16,0.3,0.32,0.86,32.02,35.25,4.01,0.02,0.1,0.39,-4.47,-2.04,4.52,71.5,0,62.4,3.01,5.729998356,3.96,240.7
2022,11,14,17,0.02,0.01,0.05,1.08,1.23,0.15,0,0,-2.42,-4.32,-3.37,4.52,90.62,0,62.41,1.37,2.608005896,1.88,240.88
2022,11,14,18,0,0,0,0,0,0,0,0,-4.08,-4.75,-4.42,4.33,100,0,62.44,0.39,0.742425036,0.6,287.49
2022,11,14,19,0,0,0,0,0,0,0,0,-4.1,-6.05,-5.07,3.91,90.38,0,62.48,0.38,0.723388497,0.66,295.96
2022,11,14,20,0,0,0,0,0,0,0,0,-3.77,-7.1,-5.44,3.6,80.75,0,62.52,0.46,0.875680812,0.85,273.67
2022,11,14,21,0,0,0,0,0,0,0,0,-3.63,-7.88,-5.76,3.36,74.94,0,62.53,0.64,1.218338521,1.2,259.86
2022,11,14,22,0,0,0,0,0,0,0,0,-3.95,-8.41,-6.18,3.23,73.69,0,62.53,0.74,1.408703915,1.37,255.17
2022,11,14,23,0,0,0,0,0,0,0,0,-4.35,-8.85,-6.6,3.11,73.69,0,62.51,0.74,1.408703915,1.41,253.97
2022,11,15,0,0,0,0,0,0,0,0,0,-4.78,-9.24,-7.02,3.05,74.5,0,62.48,0.69,1.313521218,1.35,254.92
2022,11,15,1,0,0,0,0,0,0,0,0,-5.2,-9.56,-7.38,2.99,75.81,0,62.45,0.61,1.161228903,1.23,255.61
2022,11,15,2,0,0,0,0,0,0,0,0,-5.72,-9.55,-7.63,2.99,79.81,0,62.42,0.54,1.027973127,1.12,255.09
2022,11,15,3,0,0,0,0,0,0,0,0,-6.12,-9.31,-7.72,3.05,84.38,0,62.4,0.42,0.799534654,0.92,254.19
2022,11,15,4,0,0,0,0,0,0,0,0,-6.38,-9.13,-7.75,3.11,87.56,0,62.39,0.26,0.494950024,0.59,256.33
2022,11,15,5,0,0,0,0,0,0,0,0,-6.52,-9.08,-7.8,3.11,88.75,0,62.41,0.18,0.342657709,0.41,260.18
2022,11,15,6,0.03,0.02,0.07,1.83,1.95,0.26,0,0,-6.51,-9.16,-7.83,3.11,87.69,0,62.45,0.11,0.209401933,0.25,259.38
2022,11,15,7,0.44,0.45,0.9,47.62,49.7,5.57,0.02,0.12,-5.47,-8.34,-6.9,3.36,86.81,0,62.5,0.04,0.076146158,0.08,150.95
2022,11,15,8,1.17,1.19,1.85,131.2,136.77,15.51,0.2,0.95,-2.13,-7.54,-4.83,3.54,69.88,0,62.55,0.51,0.970863509,0.68,221.74
2022,11,15,9,1.82,1.86,2.62,210,216.17,26.34,0.5,2.48,0.49,-7.81,-3.66,3.54,56,0,62.58,2.61,4.96853678,3.36,239.2
2022,11,15,10,2.25,2.33,3.16,262.4,272.83,34,0.8,4.02,1.9,-7.05,-2.57,3.78,54.56,0,62.57,3.64,6.929300337,4.68,238.17
2022,11,15,11,2.34,2.54,3.44,276.8,299.7,36.37,0.95,4.77,2.68,-6.14,-1.73,4.09,55.62,0,62.52,4.16,7.919200385,5.34,235.8
2022,11,15,12,2.4,2.56,3.43,285.7,303.7,37.44,0.97,4.88,2.9,-5.22,-1.17,4.39,58.69,0,62.46,4.46,8.490296567,5.72,234.4
2022,11,15,13,2.09,2.25,3.14,245.4,265,31.3,0.73,3.7,2.58,-4.5,-0.96,4.64,62.88,0,62.41,4.48,8.528369645,5.74,234.02
2022,11,15,14,1.56,1.71,2.58,180.77,198.98,22.24,0.41,2.05,1.91,-4.06,-1.07,4.76,67.62,0,62.36,4.21,8.014383082,5.37,234.65
2022,11,15,15,0.9,1.01,1.8,101.33,115.33,12.05,0.15,0.73,0.83,-3.89,-1.53,4.76,73.69,0,62.33,3.66,6.967373416,4.7,234.75
2022,11,15,16,0.33,0.34,0.85,35.4,37.05,4.37,0.02,0.1,-0.75,-3.74,-2.24,4.82,84.25,0,62.32,2.81,5.349267568,3.64,234.26
2022,11,15,17,0.02,0.01,0.05,1.08,1.2,0.16,0,0,-2.84,-3.65,-3.24,4.88,100,0,62.31,1.53,2.912590526,2.1,227.87
2022,11,15,18,0,0,0,0,0,0,0,0,-3.91,-3.86,-3.88,4.82,100,0,62.33,0.29,0.552059642,0.34,225.94
2022,11,15,19,0,0,0,0,0,0,0,0,-5,-5.03,-5.02,4.39,100,0,62.34,0.24,0.456876945,0.45,44.29
2022,11,15,20,0,0,0,0,0,0,0,0,-5,-6.77,-5.89,3.78,94.19,0,62.34,0.37,0.704351957,0.61,42.42
2022,11,15,21,0,0,0,0,0,0,0,0,-4.79,-7.96,-6.38,3.42,83.31,0,62.34,0.36,0.685315418,0.61,28.2
2022,11,15,22,0,0,0,0,0,0,0,0,-4.52,-8.85,-6.69,3.11,75,0,62.33,0.4,0.761461575,0.64,19.98
2022,11,15,23,0,0,0,0,0,0,0,0,-4.5,-9.55,-7.02,2.93,69.88,0,62.31,0.42,0.799534654,0.64,18.43
2022,11,16,0,0,0,0,0,0,0,0,0,-4.67,-9.96,-7.31,2.81,68,0,62.28,0.41,0.780498115,0.63,20.47
2022,11,16,1,0,0,0,0,0,0,0,0,-4.93,-9.76,-7.35,2.87,70.75,0,62.26,0.36,0.685315418,0.54,15.04
2022,11,16,2,0,0,0,0,0,0,0,0,-5.27,-9.03,-7.15,3.05,78.06,0,62.23,0.31,0.590132721,0.45,359.01
2022,11,16,3,0,0,0,0,0,0,0,0,-5.81,-8.97,-7.39,3.11,82.69,0,62.21,0.22,0.418803867,0.35,357.46
2022,11,16,4,0,0,0,0,0,0,0,0,-6.13,-8.77,-7.45,3.17,87,0,62.21,0.16,0.30458463,0.28,0
2022,11,16,5,0,0,0,0,0,0,0,0,-6.29,-8.45,-7.37,3.3,91,0,62.23,0.14,0.266511551,0.26,354.81
2022,11,16,6,0.03,0.02,0.06,1.58,1.7,0.23,0,0,-6.38,-8.09,-7.23,3.36,94.31,0,62.27,0.13,0.247475012,0.23,348.31
2022,11,16,7,0.41,0.42,0.89,42.4,43.95,5.19,0.02,0.12,-5.67,-7.41,-6.54,3.6,94.31,0,62.32,0.2,0.380730788,0.28,342.07
2022,11,16,8,1.09,1.14,1.83,119.48,127.02,14.45,0.18,0.9,-3.03,-7.08,-5.06,3.66,77.69,0,62.37,0.56,1.066046206,0.69,251.57
2022,11,16,9,1.71,1.87,2.6,195.6,215.67,24.95,0.48,2.4,-0.31,-8.31,-4.31,3.42,57.38,0,62.4,2.51,4.778171386,3.2,235.73
2022,11,16,10,2.06,2.37,3.14,238.15,276,31.56,0.77,3.85,1.4,-8.1,-3.35,3.54,52.06,0,62.41,3.58,6.815081101,4.6,234.34
2022,11,16,11,2.41,2.62,3.42,283.38,306.88,37.65,0.99,5.05,2.44,-7.42,-2.49,3.72,51.12,0,62.38,4.28,8.147638858,5.5,233.31
2022,11,16,12,2.11,2.54,3.41,248.75,297.7,32.97,0.88,4.55,2.76,-6.49,-1.87,4.03,53.62,0,62.32,4.72,8.985246591,6.06,232.23
2022,11,16,13,1.77,2.24,3.12,206.3,259.62,26.84,0.65,3.3,2.47,-5.59,-1.56,4.27,58.25,0,62.25,4.75,9.042356209,6.1,232.6
2022,11,16,14,1.25,1.7,2.57,141.25,194.58,17.91,0.34,1.7,1.84,-4.97,-1.56,4.46,63.5,0,62.22,4.51,8.585479264,5.79,233.67
2022,11,16,15,0.81,1.04,1.79,88.9,114.58,10.92,0.14,0.67,0.72,-4.6,-1.95,4.58,70.75,0.01,62.2,4.06,7.728834991,5.23,232.22
2022,11,16,16,0.3,0.35,0.89,30.95,37.08,3.91,0.02,0.1,-1.1,-4.42,-2.77,4.64,82.81,0.01,62.2,3.15,5.996509907,4.08,229.82
2022,11,16,17,0,0,0,0,0,0,0,0,-3.43,-4.41,-3.92,4.64,100,0.01,62.19,1.81,3.445613629,2.44,220.98
2022,11,16,18,0,0,0,0,0,0,0,0,-4.63,-4.96,-4.8,4.46,100,0,62.2,0.83,1.580032769,1.03,211.64
2022,11,16,19,0,0,0,0,0,0,0,0,-5.91,-6.6,-6.26,3.91,100,0,62.23,0.22,0.418803867,0.08,174.29
2022,11,16,20,0,0,0,0,0,0,0,0,-6.37,-9.22,-7.8,3.11,86.56,0,62.26,0.14,0.266511551,0.33,38.23
2022,11,16,21,0,0,0,0,0,0,0,0,-6.52,-11.27,-8.9,2.56,73.12,0,62.27,0.18,0.342657709,0.27,19.98
2022,11,16,22,0,0,0,0,0,0,0,0,-6.57,-13.31,-9.94,2.2,61.75,0,62.26,0.15,0.285548091,0.18,315
2022,11,16,23,0,0,0,0,0,0,0,0,-6.51,-14.95,-10.73,1.89,53.25,0,62.24,0.16,0.30458463,0.32,254.62
2022,11,17,0,0,0,0,0,0,0,0,0,-6.93,-14.82,-10.88,1.89,55.75,0,62.21,0.23,0.437840406,0.45,250.94
2022,11,17,1,0,0,0,0,0,0,0,0,-7.38,-14.53,-10.95,1.95,59.81,0,62.18,0.18,0.342657709,0.4,245.46
2022,11,17,2,0,0,0,0,0,0,0,0,-7.63,-14.27,-10.95,2.01,62.94,0,62.16,0.15,0.285548091,0.33,241.61
2022,11,17,3,0,0,0,0,0,0,0,0,-7.8,-13.72,-10.76,2.14,67.25,0,62.13,0.11,0.209401933,0.24,235.78
2022,11,17,4,0,0,0,0,0,0,0,0,-7.83,-13.3,-10.56,2.2,69.5,0,62.1,0.06,0.114219236,0.09,228.37
2022,11,17,5,0,0,0,0,0,0,0,0,-7.88,-13.03,-10.45,2.2,69.94,0,62.09,0.06,0.114219236,0.09,19.98
2022,11,17,6,0.03,0.02,0.06,1.45,1.58,0.2,0,0,-7.81,-13.07,-10.45,2.14,68.25,0,62.11,0.17,0.32362117,0.29,28.61
2022,11,17,7,0.36,0.4,0.87,39.35,43.23,4.9,0.02,0.1,-7.03,-12.27,-9.66,2.32,69.25,0,62.15,0.22,0.418803867,0.38,38.29
2022,11,17,8,0.99,1.14,1.82,111.33,128.38,13.68,0.17,0.85,-4.45,-11,-7.73,2.69,63.44,0,62.19,0.04,0.076146158,0.04,315
2022,11,17,9,1.61,1.81,2.59,184.4,209.23,23.38,0.45,2.2,-1.59,-11.57,-6.58,2.75,51.19,0,62.22,1.76,3.350430932,2.19,239.04
2022,11,17,10,2.07,2.29,3.13,241,266.42,31.18,0.74,3.73,0.26,-10.38,-5.06,3.11,49.62,0,62.23,2.58,4.911427162,3.27,239.27
2022,11,17,11,2.03,2.54,3.41,237.88,294.73,31.74,0.84,4.3,1.54,-8.83,-3.65,3.48,50.88,0,62.2,3.19,6.072656065,4.08,236.31
2022,11,17,12,1.92,2.44,3.4,225.17,280.65,29.48,0.77,4.02,2.23,-7.31,-2.53,3.91,54.38,0,62.16,3.73,7.100629191,4.79,233.9
2022,11,17,13,1.57,2.13,3.11,177.35,239.83,22.81,0.54,2.73,2.32,-6.12,-1.9,4.27,58.69,0,62.11,3.98,7.576542676,5.1,232.66
2022,11,17,14,1.41,1.63,2.56,156.48,179.17,19.14,0.36,1.8,1.91,-5.33,-1.71,4.46,63.31,0,62.08,3.9,7.424250361,5,232.23
2022,11,17,15,0.78,0.92,1.78,82.75,97.15,10.02,0.12,0.6,1.17,-4.88,-1.86,4.58,68.12,0,62.07,3.51,6.681825325,4.53,231.37
2022,11,17,16,0.28,0.32,0.88,28.92,32.85,3.63,0.02,0.08,-0.19,-4.49,-2.34,4.64,76.81,0,62.07,2.81,5.349267568,3.72,229.01
2022,11,17,17,0,0,0,0,0,0,0,0,-2.92,-3.83,-3.38,4.82,100,0,62.09,1.18,2.246311648,1.94,220.6
2022,11,17,18,0,0,0,0,0,0,0,0,-3.8,-3.55,-3.67,4.88,100,0,62.13,0.55,1.047009666,1.02,208.33
2022,11,17,19,0,0,0,0,0,0,0,0,-4.1,-3.6,-3.85,4.88,100,0,62.18,0.19,0.361694248,0.3,180
2022,11,17,20,0,0,0,0,0,0,0,0,-4.49,-4.09,-4.29,4.64,100,0,62.23,0.18,0.342657709,0.35,53.13
2022,11,17,21,0,0,0,0,0,0,0,0,-4.75,-4.94,-4.85,4.33,100,0,62.26,0.43,0.818571194,0.7,35.98
2022,11,17,22,0,0,0,0,0,0,0,0,-4.45,-5.74,-5.1,4.09,97,0,62.26,0.49,0.93279043,0.72,40.13
2022,11,17,23,0,0,0,0,0,0,0,0,-4.59,-6.37,-5.48,3.91,93.12,0,62.25,0.55,1.047009666,0.8,43.03
2022,11,18,0,0,0,0,0,0,0,0,0,-5.06,-7.02,-6.04,3.66,91.94,0,62.22,0.73,1.389667375,1.11,36.71
2022,11,18,1,0,0,0,0,0,0,0,0,-5.56,-7.74,-6.65,3.48,90.12,0,62.2,0.86,1.637142387,1.39,32.18
2022,11,18,2,0,0,0,0,0,0,0,0,-5.73,-8.36,-7.04,3.3,86.5,0,62.18,0.94,1.789434702,1.54,30.72
2022,11,18,3,0,0,0,0,0,0,0,0,-5.81,-8.95,-7.38,3.11,82.69,0,62.16,1.04,1.979800096,1.73,30.96
2022,11,18,4,0,0,0,0,0,0,0,0,-6.07,-9.56,-7.81,2.93,80.06,0,62.16,1.12,2.132092411,1.9,29.83
2022,11,18,5,0,0,0,0,0,0,0,0,-6.43,-10.36,-8.4,2.75,76.81,0,62.18,1.2,2.284384726,2.06,29.96
2022,11,18,6,0.02,0.01,0.06,1.15,1.25,0.16,0,0,-6.77,-11.2,-8.99,2.5,73.12,0,62.24,1.26,2.398603963,2.18,31.81
2022,11,18,7,0.35,0.35,0.86,36.23,36.9,4.52,0.02,0.1,-6.04,-10.8,-8.42,2.62,72.12,0,62.31,1.16,2.208238569,2.12,32.52
2022,11,18,8,1.06,1.07,1.8,114.75,117.52,13.52,0.17,0.83,-2.35,-9.15,-5.75,3.11,62.25,0,62.37,1.47,2.79837129,2.1,33.45
2022,11,18,9,1.67,1.71,2.57,188.3,195.62,23.22,0.45,2.2,1.39,-10.56,-4.59,2.75,40.62,0,62.42,0.54,1.027973127,0.66,11.58
2022,11,18,10,2.05,2.21,3.11,235.62,255.15,30.06,0.72,3.6,3.4,-9.56,-3.08,3.11,39.62,0,62.43,1.25,2.379567423,1.64,253.64
2022,11,18,11,2.23,2.5,3.39,261.38,291.85,34.25,0.91,4.73,4.48,-8.36,-1.94,3.48,41.5,0,62.4,2.32,4.416477138,3.01,251.99
2022,11,18,12,2.13,2.45,3.39,250.02,285.42,32.7,0.88,4.52,5.12,-7.42,-1.16,3.78,43.38,0,62.36,2.89,5.501559883,3.76,254.32
2022,11,18,13,1.9,2.21,3.1,220.45,255.35,28.52,0.69,3.48,5.3,-6.84,-0.77,4.03,45.31,0,62.31,3.04,5.787107974,3.96,258.16
2022,11,18,14,1.46,1.72,2.55,169.27,197.52,21.54,0.43,2.12,4.94,-6.49,-0.77,4.21,48.25,0,62.28,2.91,5.539632962,3.81,263.28
2022,11,18,15,0.86,1.06,1.77,97.58,118.73,12.18,0.16,0.77,4,-6.27,-1.14,4.33,52.88,0,62.27,2.53,4.816244465,3.35,266.92
2022,11,18,16,0.35,0.39,0.87,36.75,42.58,4.55,0.02,0.1,2.12,-5.77,-1.83,4.52,63.19,0,62.28,1.73,3.293321314,2.43,268.89
2022,11,18,17,0,0,0,0,0,0,0,0,-1.42,-4.31,-2.87,4.76,87.25,0,62.31,0.76,1.446776993,1.39,262.87
2022,11,18,18,0,0,0,0,0,0,0,0,-2.02,-4.99,-3.51,4.58,88.94,0,62.36,0.54,1.027973127,0.93,303.29
2022,11,18,19,0,0,0,0,0,0,0,0,-2.7,-6.15,-4.42,4.21,86.81,0,62.42,0.69,1.313521218,1.15,351.37
2022,11,18,20,0,0,0,0,0,0,0,0,-2.23,-7.41,-4.81,3.85,75.31,0,62.47,0.65,1.23737506,1.03,356.07
2022,11,18,21,0,0,0,0,0,0,0,0,-1.66,-8.36,-5.01,3.54,66.19,0,62.51,0.39,0.742425036,0.6,347.96
2022,11,18,22,0,0,0,0,0,0,0,0,-1.66,-8.92,-5.29,3.36,62.88,0,62.54,0.21,0.399767327,0.34,349.46
2022,11,18,23,0,0,0,0,0,0,0,0,-1.85,-9.34,-5.59,3.23,61.5,0,62.53,0.26,0.494950024,0.37,34.7
2022,11,19,0,0,0,0,0,0,0,0,0,-1.95,-9.69,-5.82,3.11,60.06,0,62.52,0.24,0.456876945,0.36,83.8
2022,11,19,1,0,0,0,0,0,0,0,0,-2.35,-9.68,-6.02,3.11,61.69,0,62.52,0.22,0.418803867,0.29,143.75
2022,11,19,2,0,0,0,0,0,0,0,0,-2.65,-9.6,-6.13,3.11,63.25,0,62.52,0.13,0.247475012,0.17,117.76
2022,11,19,3,0,0,0,0,0,0,0,0,-2.86,-9.62,-6.24,3.05,63.75,0,62.51,0.11,0.209401933,0.17,30.07
2022,11,19,4,0,0,0,0,0,0,0,0,-2.91,-9.77,-6.34,2.99,62.81,0,62.52,0.19,0.361694248,0.29,14.04
2022,11,19,5,0,0,0,0,0,0,0,0,-2.78,-9.95,-6.37,2.93,60.88,0,62.53,0.17,0.32362117,0.25,10.95
2022,11,19,6,0.03,0.02,0.05,1.4,1.58,0.2,0,0,-2.51,-10.17,-6.35,2.87,58.12,0,62.57,0.13,0.247475012,0.18,331.19
2022,11,19,7,0.48,0.5,0.84,53.27,55.85,5.74,0.02,0.12,-1.92,-9.8,-5.86,2.99,57.38,0,62.61,0.09,0.171328854,0.17,294.23
2022,11,19,8,1.27,1.29,1.79,147.58,152.17,17.32,0.22,1.08,0.44,-7.72,-3.64,3.54,56,0,62.66,0.14,0.266511551,0.28,236.31
2022,11,19,9,1.98,1.99,2.56,235.92,239.1,30.04,0.59,2.88,3.15,-9.38,-3.11,3.05,40,0,62.69,1.72,3.274284775,2.2,233.09
2022,11,19,10,2.37,2.47,3.1,285.35,297.12,37.89,0.93,4.65,4.69,-8.41,-1.86,3.36,39.81,0,62.7,3.14,5.977473368,4.08,236.25
2022,11,19,11,2.7,2.71,3.38,326.75,326.48,43.7,1.17,5.9,5.51,-7,-0.74,3.85,42.44,0,62.67,3.56,6.777008022,4.59,238.37
2022,11,19,12,2.61,2.66,3.38,313.6,319.6,41.84,1.12,5.7,5.87,-5.73,0.07,4.21,45.69,0,62.6,3.84,7.310031125,4.95,237.11
2022,11,19,13,2.39,2.41,3.09,284.27,287.55,37.4,0.91,4.55,5.63,-4.55,0.54,4.58,50.62,0,62.54,4.05,7.709798452,5.22,235.62
2022,11,19,14,1.83,1.91,2.54,216.12,227.6,27.57,0.54,2.65,4.81,-3.58,0.62,4.94,57.44,0,62.5,3.96,7.538469597,5.1,235.6
2022,11,19,15,1.21,1.23,1.76,139.7,145.48,16.45,0.2,1,3.47,-2.81,0.33,5.19,66.44,0,62.49,3.4,6.472423392,4.38,237.25
2022,11,19,16,0.48,0.5,0.86,53.02,56.33,5.79,0.02,0.12,1.64,-2.35,-0.36,5.37,78,0,62.49,2.24,4.264184823,2.93,239.74
2022,11,19,17,0,0,0,0,0,0,0,0,-1.2,-2.29,-1.75,5.31,96.5,0,62.49,0.49,0.93279043,0.64,250.68
2022,11,19,18,0,0,0,0,0,0,0,0,-2.84,-2.68,-2.76,5.13,100,0,62.51,0.34,0.647242339,0.54,31.39
2022,11,19,19,0,0,0,0,0,0,0,0,-2.74,-4.1,-3.42,4.58,94.56,0,62.53,0.31,0.590132721,0.41,34.9
2022,11,19,20,0,0,0,0,0,0,0,0,-2.21,-6.29,-4.25,3.85,76.44,0,62.55,0.16,0.30458463,0.23,149.04
2022,11,19,21,0,0,0,0,0,0,0,0,-2.22,-8.49,-5.35,3.3,64.56,0,62.58,0.42,0.799534654,0.83,189.73
2022,11,19,22,0,0,0,0,0,0,0,0,-2.65,-10.42,-6.54,2.81,57.25,0,62.59,0.53,1.008936588,1.03,190.46
2022,11,19,23,0,0,0,0,0,0,0,0,-3.02,-12.06,-7.53,2.44,51.19,0,62.58,0.41,0.780498115,0.87,185.66
2022,11,20,0,0,0,0,0,0,0,0,0,-3.28,-13.13,-8.2,2.2,47.44,0,62.55,0.32,0.60916926,0.77,191.08
2022,11,20,1,0,0,0,0,0,0,0,0,-3.43,-13.81,-8.62,2.08,44.94,0,62.53,0.2,0.380730788,0.62,200.05
2022,11,20,2,0,0,0,0,0,0,0,0,-3.98,-13.69,-8.83,2.08,47.12,0,62.51,0.05,0.095182697,0.36,215.39
2022,11,20,3,0,0,0,0,0,0,0,0,-4.27,-14.11,-9.19,1.95,46.31,0,62.49,0.02,0.038073079,0.24,207.41
2022,11,20,4,0,0,0,0,0,0,0,0,-3.95,-15,-9.48,1.83,41.38,0,62.48,0.09,0.171328854,0.41,206.08
2022,11,20,5,0,0,0,0,0,0,0,0,-3.35,-16.2,-9.77,1.59,34.94,0,62.5,0.23,0.437840406,0.71,209.67
2022,11,20,6,0,0,0,0,0,0,0,0,-3.24,-16.74,-9.99,1.53,32.88,0,62.54,0.4,0.761461575,0.97,203.26
2022,11,20,7,0.5,0.5,0.88,52.92,54.52,5.91,0.03,0.12,-2.47,-15.56,-9.02,1.71,34.69,0,62.58,0.57,1.085082745,1.18,196.52
2022,11,20,8,1.29,1.3,1.77,148.9,153.33,17.62,0.22,1.1,0.3,-11.2,-5.45,2.62,42.31,0,62.63,1.14,2.17016549,1.67,208.85
2022,11,20,9,1.96,2,2.54,231.88,237.8,29.88,0.59,2.9,2.49,-12.06,-4.78,2.38,32.75,0,62.66,2.9,5.520596422,3.81,230.24
2022,11,20,10,2.45,2.48,3.09,291.75,296.23,38.99,0.97,4.85,3.76,-10.94,-3.59,2.62,33.25,0,62.67,4.06,7.728834991,5.29,236.57
2022,11,20,11,2.64,2.71,3.36,317.58,325.58,42.98,1.17,5.95,4.44,-9.58,-2.57,2.99,36.06,0,62.64,4.54,8.642588882,5.88,236.92
2022,11,20,12,2.66,2.66,3.36,321.1,321,42.84,1.15,5.8,4.59,-8.53,-1.97,3.3,39.25,0,62.57,4.73,9.00428313,6.11,236.05
2022,11,20,13,2.36,2.4,3.08,282.73,288.48,37.16,0.91,4.55,4.42,-7.63,-1.6,3.6,42.94,0,62.5,4.68,8.909100433,6.04,235.96
2022,11,20,14,1.86,1.91,2.53,221.5,228.62,28.11,0.55,2.7,3.88,-6.68,-1.4,3.91,48.12,0,62.46,4.41,8.39511387,5.68,235.87
2022,11,20,15,1.19,1.23,1.76,138.58,146.23,16.26,0.2,1,2.8,-5.67,-1.43,4.21,56.06,0,62.42,3.82,7.271958046,4.94,236.54
2022,11,20,16,0.48,0.49,0.85,53.5,56.4,5.76,0.02,0.12,0.85,-4.52,-1.84,4.58,70.75,0,62.4,2.83,5.387340647,3.79,236.01
2022,11,20,17,0,0,0,0,0,0,0,0,-2.1,-4.56,-3.33,4.58,89.12,0,62.4,1.46,2.779334751,2.03,240.97
2022,11,20,18,0,0,0,0,0,0,0,0,-4.09,-5.25,-4.67,4.33,100,0,62.41,0.59,1.123155824,0.9,277.5
2022,11,20,19,0,0,0,0,0,0,0,0,-4.51,-7.62,-6.06,3.66,87.06,0,62.43,0.53,1.008936588,0.89,293.4
2022,11,20,20,0,0,0,0,0,0,0,0,-4.53,-10.52,-7.53,2.87,68.75,0,62.45,0.62,1.180265442,1.11,279.33
2022,11,20,21,0,0,0,0,0,0,0,0,-4.31,-12.7,-8.51,2.38,56,0,62.45,0.79,1.503886612,1.43,269.37
2022,11,20,22,0,0,0,0,0,0,0,0,-4.56,-13.7,-9.13,2.14,52,0,62.46,0.83,1.580032769,1.52,268.52
2022,11,20,23,0,0,0,0,0,0,0,0,-4.87,-13.73,-9.3,2.14,52.12,0,62.46,0.8,1.522923151,1.49,273.01
2022,11,21,0,0,0,0,0,0,0,0,0,-5.37,-12.81,-9.09,2.26,57.88,0,62.43,0.76,1.446776993,1.43,279.1
2022,11,21,1,0,0,0,0,0,0,0,0,-5.71,-11.94,-8.83,2.38,63.62,0,62.41,0.71,1.351594296,1.35,287.81
2022,11,21,2,0,0,0,0,0,0,0,0,-5.81,-11.44,-8.63,2.5,66.94,0,62.39,0.72,1.370630836,1.32,297.77
2022,11,21,3,0,0,0,0,0,0,0,0,-5.81,-11.02,-8.42,2.62,69.62,0,62.36,0.67,1.275448139,1.18,311.79
2022,11,21,4,0,0,0,0,0,0,0,0,-5.62,-11.11,-8.36,2.62,68.25,0,62.34,0.67,1.275448139,1.14,319.99
2022,11,21,5,0,0,0,0,0,0,0,0,-5.35,-11.51,-8.43,2.5,64.62,0,62.34,0.66,1.2564116,1.11,319
2022,11,21,6,0,0,0,0,0,0,0,0,-5.3,-11.97,-8.63,2.44,62.12,0,62.38,0.63,1.199301981,1.05,313.19
2022,11,21,7,0.5,0.51,0.86,54.55,56.25,5.89,0.03,0.12,-4.44,-11.04,-7.74,2.69,63.69,0,62.44,0.55,1.047009666,0.96,301.76
2022,11,21,8,1.25,1.25,1.76,142.42,145.3,16.68,0.21,1.02,-1.06,-9.4,-5.23,3.11,55.75,0,62.5,0.84,1.599069309,1.23,276.58
2022,11,21,9,1.91,1.93,2.53,223.17,227.1,28.33,0.55,2.73,1.83,-10.81,-4.49,2.69,39.06,0,62.54,2.39,4.549732914,3.11,251.11
2022,11,21,10,2.39,2.42,3.07,281.25,285.73,37.07,0.91,4.55,3.48,-10.27,-3.39,2.87,36.56,0,62.56,3.5,6.662788786,4.53,248.79
2022,11,21,11,2.65,2.67,3.35,313.85,315.85,41.93,1.13,5.73,4.44,-9.29,-2.43,3.11,37.06,0,62.54,4.01,7.633652294,5.17,248.01
2022,11,21,12,2.61,2.65,3.35,308.73,312.77,41.23,1.11,5.65,4.92,-8.4,-1.74,3.36,38.56,0,62.48,4.25,8.09052924,5.46,245.67
2022,11,21,13,2.2,2.36,3.07,259.4,277.88,33.96,0.83,4.17,4.94,-7.67,-1.36,3.54,40.81,0,62.43,4.27,8.128602318,5.5,244.6
2022,11,21,14,1.68,1.83,2.52,196.52,216.42,24.72,0.48,2.35,4.58,-7.2,-1.31,3.66,43.5,0,62.39,4.05,7.709798452,5.22,244.78
2022,11,21,15,1.01,1.16,1.75,115.2,134.58,13.77,0.17,0.85,3.57,-6.82,-1.63,3.85,48.38,0,62.37,3.43,6.52953301,4.44,245.56
2022,11,21,16,0.43,0.45,0.84,46.35,49.27,5.25,0.02,0.12,1.58,-5.66,-2.03,4.27,62,0,62.36,2.2,4.188038665,2.95,246.9
2022,11,21,17,0,0,0,0,0,0,0,0,-1.69,-6.81,-4.25,3.78,71.75,0,62.37,0.7,1.332557757,1.07,280.9
2022,11,21,18,0,0,0,0,0,0,0,0,-3.24,-8.37,-5.8,3.36,71.5,0,62.4,0.56,1.066046206,0.96,328.24
2022,11,21,19,0,0,0,0,0,0,0,0,-3,-10.1,-6.55,2.87,60.81,0,62.43,0.59,1.123155824,1.03,315.62
2022,11,21,20,0,0,0,0,0,0,0,0,-2.2,-12.01,-7.1,2.44,48.5,0,62.45,0.7,1.332557757,1.21,294.08
2022,11,21,21,0,0,0,0,0,0,0,0,-2.01,-13.34,-7.67,2.2,42.62,0,62.47,0.89,1.694252005,1.51,277.13
2022,11,21,22,0,0,0,0,0,0,0,0,-2.64,-13.5,-8.07,2.14,44.25,0,62.48,0.98,1.86558086,1.7,267.9
2022,11,21,23,0,0,0,0,0,0,0,0,-3.39,-13.25,-8.32,2.2,48.19,0,62.48,0.98,1.86558086,1.77,265.45
2022,11,22,0,0,0,0,0,0,0,0,0,-3.88,-12.77,-8.33,2.32,52.31,0,62.47,0.95,1.808471242,1.74,268.97
2022,11,22,1,0,0,0,0,0,0,0,0,-4.17,-12.13,-8.15,2.44,57.06,0,62.46,0.93,1.770398163,1.72,273.9
2022,11,22,2,0,0,0,0,0,0,0,0,-4.64,-11.5,-8.07,2.62,63.25,0,62.43,0.91,1.732325084,1.71,277.35
2022,11,22,3,0,0,0,0,0,0,0,0,-4.99,-11.15,-8.06,2.75,67.81,0,62.41,0.85,1.618105848,1.61,278.37
2022,11,22,4,0,0,0,0,0,0,0,0,-5.19,-11.16,-8.17,2.75,69.38,0,62.4,0.8,1.522923151,1.52,277.96
2022,11,22,5,0,0,0,0,0,0,0,0,-5.39,-11.39,-8.39,2.69,69.12,0,62.42,0.73,1.389667375,1.4,277.05
2022,11,22,6,0,0,0,0,0,0,0,0,-5.56,-11.92,-8.74,2.56,66.44,0,62.46,0.67,1.275448139,1.3,276.23
2022,11,22,7,0.45,0.48,0.84,49.27,53.02,5.55,0.02,0.12,-4.92,-11.08,-7.99,2.75,67.44,0,62.52,0.59,1.123155824,1.19,273.76
2022,11,22,8,1.18,1.23,1.74,133.92,141.65,15.95,0.2,1,-1.14,-9.56,-5.35,3.11,55.81,0,62.57,0.88,1.675215466,1.33,268.65
2022,11,22,9,1.84,1.91,2.51,213.85,223.38,27.33,0.54,2.67,2.15,-11.99,-4.92,2.44,34.69,0,62.6,2.54,4.835281004,3.36,248.03
2022,11,22,10,2.28,2.4,3.06,266.98,282.25,35.39,0.88,4.42,3.69,-11.27,-3.79,2.62,33.06,0,62.61,3.96,7.538469597,5.17,243.24
2022,11,22,11,2.53,2.65,3.34,299.6,312.62,40.16,1.09,5.62,4.34,-9.92,-2.79,2.93,35.5,0,62.57,4.5,8.566442724,5.82,242.51
2022,11,22,12,2.41,2.6,3.34,285.2,307.5,38.13,1.04,5.35,4.62,-8.95,-2.17,3.17,37.75,0,62.51,4.73,9.00428313,6.11,243.6
2022,11,22,13,2.11,2.33,3.06,245.9,273.52,32.23,0.79,4,4.57,-8.23,-1.83,3.42,40.06,0,62.44,4.73,9.00428313,6.11,245.14
2022,11,22,14,1.67,1.83,2.51,193.4,213.52,24.53,0.48,2.4,4.15,-7.8,-1.82,3.54,42.75,0,62.39,4.54,8.642588882,5.9,246.49
2022,11,22,15,1.04,1.16,1.74,117.7,132.75,14.01,0.18,0.88,3.11,-7.36,-2.13,3.66,47.69,0,62.36,3.96,7.538469597,5.17,247.54
2022,11,22,16,0.43,0.44,0.84,46.7,48.38,5.3,0.02,0.12,1.03,-5.99,-2.48,4.15,63.06,0,62.35,2.78,5.29215795,3.78,250.18
2022,11,22,17,0,0,0,0,0,0,0,0,-2.09,-7.04,-4.56,3.72,72.94,0,62.36,1.36,2.588969357,1.99,270.22
2022,11,22,18,0,0,0,0,0,0,0,0,-3.63,-8.19,-5.91,3.36,74.75,0,62.39,0.76,1.446776993,1.3,305.22
2022,11,22,19,0,0,0,0,0,0,0,0,-3.68,-9.41,-6.54,3.05,67.81,0,62.43,0.78,1.484850072,1.37,305.05
2022,11,22,20,0,0,0,0,0,0,0,0,-3.77,-10.46,-7.12,2.81,62.44,0,62.46,0.79,1.503886612,1.46,296.29
2022,11,22,21,0,0,0,0,0,0,0,0,-3.77,-11.4,-7.59,2.56,57.56,0,62.48,0.82,1.56099623,1.55,288.8
2022,11,22,22,0,0,0,0,0,0,0,0,-3.9,-12.14,-8.02,2.38,54.5,0,62.48,0.85,1.618105848,1.62,282.56
2022,11,22,23,0,0,0,0,0,0,0,0,-4.16,-12.63,-8.39,2.32,53.44,0,62.47,0.85,1.618105848,1.64,278.52
2022,11,23,0,0,0,0,0,0,0,0,0,-4.47,-12.79,-8.63,2.26,54.31,0,62.46,0.84,1.599069309,1.62,276.1
2022,11,23,1,0,0,0,0,0,0,0,0,-4.77,-12.88,-8.83,2.26,55.69,0,62.44,0.83,1.580032769,1.6,273.09
2022,11,23,2,0,0,0,0,0,0,0,0,-5.12,-12.98,-9.05,2.26,57.38,0,62.42,0.78,1.484850072,1.55,270.86
2022,11,23,3,0,0,0,0,0,0,0,0,-5.42,-13.13,-9.27,2.26,58.62,0,62.4,0.73,1.389667375,1.48,269.7
2022,11,23,4,0,0,0,0,0,0,0,0,-5.67,-13.35,-9.5,2.26,59.25,0,62.38,0.66,1.2564116,1.35,269.34
2022,11,23,5,0,0,0,0,0,0,0,0,-5.92,-13.88,-9.91,2.14,57.81,0,62.39,0.59,1.123155824,1.21,271.11
2022,11,23,6,0,0,0,0,0,0,0,0,-6.2,-14.69,-10.45,1.95,54.75,0,62.42,0.55,1.047009666,1.11,274.86
2022,11,23,7,0.46,0.48,0.82,50.65,52.58,5.54,0.02,0.12,-5.44,-13.83,-9.63,2.14,55.44,0,62.46,0.52,0.989900048,1.04,278.19
2022,11,23,8,1.2,1.22,1.73,136.4,141.38,16.05,0.2,1,-1.74,-11.33,-6.53,2.75,52.12,0,62.49,0.85,1.618105848,1.29,268.26
2022,11,23,9,1.88,1.9,2.5,218.33,222.58,27.65,0.54,2.65,1.58,-14.85,-6.63,1.95,28.75,0,62.53,2.68,5.101792556,3.53,250.76
2022,11,23,10,2.36,2.39,3.04,276.48,281.02,36.29,0.89,4.45,3.07,-14.06,-5.49,2.08,27.56,0,62.54,3.92,7.46232344,5.13,244.84
2022,11,23,11,2.52,2.64,3.32,297.88,311.6,39.96,1.09,5.55,3.78,-12.67,-4.45,2.32,29.44,0,62.5,4.54,8.642588882,5.92,240.86
2022,11,23,12,2.45,2.62,3.33,290.4,309.4,38.91,1.05,5.42,3.9,-11.38,-3.74,2.62,32.5,0,62.44,4.8,9.137538906,6.21,238.47
2022,11,23,13,2.11,2.34,3.05,247.1,274.88,32.63,0.8,4.05,3.59,-10.67,-3.54,2.75,35.06,0,62.38,4.68,8.909100433,6.04,238.59
2022,11,23,14,1.6,1.84,2.5,185.73,213.73,23.8,0.47,2.33,2.88,-10.44,-3.78,2.81,37.31,0,62.33,4.27,8.128602318,5.51,239.94
2022,11,23,15,1,1.15,1.73,112.98,131.8,13.62,0.17,0.85,1.65,-10.52,-4.44,2.75,40.12,0,62.3,3.42,6.51049647,4.4,242.16
2022,11,23,16,0.41,0.43,0.83,44.33,47.15,5.08,0.02,0.12,-0.21,-9.74,-4.98,2.99,50,0,62.27,2.02,3.845380956,2.65,240.34
2022,11,23,17,0,0,0,0,0,0,0,0,-3,-10.42,-6.71,2.81,58.81,0,62.26,0.5,0.951826969,0.71,261.78
2022,11,23,18,0,0,0,0,0,0,0,0,-4.84,-10.84,-7.84,2.69,65.31,0,62.28,0.5,0.951826969,0.83,12.47
2022,11,23,19,0,0,0,0,0,0,0,0,-5.16,-12.1,-8.63,2.38,60,0,62.31,0.66,1.2564116,1.19,17.24
2022,11,23,20,0,0,0,0,0,0,0,0,-4.87,-14.16,-9.52,1.95,48.75,0,62.33,0.62,1.180265442,1.07,14.85
2022,11,23,21,0,0,0,0,0,0,0,0,-4.25,-16.67,-10.45,1.59,36.94,0,62.35,0.48,0.913753891,0.76,1.77
2022,11,23,22,0,0,0,0,0,0,0,0,-3.86,-18.81,-11.34,1.28,29.19,0,62.36,0.34,0.647242339,0.49,334.26
2022,11,23,23,0,0,0,0,0,0,0,0,-3.9,-19.76,-11.83,1.16,26.81,0,62.37,0.34,0.647242339,0.49,302.68
2022,11,24,0,0,0,0,0,0,0,0,0,-3.88,-20.85,-12.37,1.04,23.75,0,62.36,0.42,0.799534654,0.61,302.47
2022,11,24,1,0,0,0,0,0,0,0,0,-3.9,-19.98,-11.94,1.16,25.75,0,62.34,0.5,0.951826969,0.72,312.36
2022,11,24,2,0,0,0,0,0,0,0,0,-4.08,-19.22,-11.65,1.22,28.25,0,62.32,0.56,1.066046206,0.82,331.74
2022,11,24,3,0,0,0,0,0,0,0,0,-4.86,-17.89,-11.38,1.4,34.38,0,62.29,0.7,1.332557757,1.1,2.03
2022,11,24,4,0,0,0,0,0,0,0,0,-5.46,-17.48,-11.47,1.4,36.75,0,62.26,1.05,1.998836636,1.7,16.85
2022,11,24,5,0,0,0,0,0,0,0,0,-6.37,-17.31,-11.84,1.4,39.69,0,62.26,1.37,2.608005896,2.3,22.13
2022,11,24,6,0,0,0,0,0,0,0,0,-7.48,-16.91,-12.2,1.46,45.25,0,62.27,1.57,2.988736684,2.85,25.16
2022,11,24,7,0.43,0.44,0.8,44.95,46.62,5.08,0.02,0.1,-7.41,-14.93,-11.17,1.83,55.38,0,62.31,1.66,3.160065538,3.23,27.49
2022,11,24,8,1.16,1.18,1.71,128.58,132.65,14.99,0.19,0.92,-2.92,-9.87,-6.39,2.99,62.88,0,62.36,2.39,4.549732914,3.8,28.09
2022,11,24,9,1.79,1.85,2.48,204.35,213.27,25.7,0.51,2.5,1.12,-12.29,-5.59,2.32,35.25,0,62.42,3.95,7.519433058,5.31,26.49
2022,11,24,10,2.29,2.27,3.03,270.08,269.15,33.95,0.8,4.02,3.78,-12.76,-4.49,2.32,28.75,0,62.45,4.16,7.919200385,5.43,17.84
2022,11,24,11,2.41,2.53,3.31,285.6,299.98,37.05,0.98,5.02,5.4,-13.01,-3.81,2.32,25.75,0,62.42,3.71,7.062556113,4.77,9.34
2022,11,24,12,2.52,2.61,3.31,301.62,311.42,39.92,1.09,5.55,6.44,-12.64,-3.1,2.44,25.25,0,62.37,3.17,6.034582986,4.03,2
2022,11,24,13,2.3,2.37,3.04,270.98,280.25,35.47,0.88,4.4,6.82,-12.09,-2.63,2.62,26.25,0,62.33,2.81,5.349267568,3.57,357.49
2022,11,24,14,1.76,1.87,2.49,206.23,220.7,26.15,0.52,2.58,6.59,-11.66,-2.53,2.75,28.06,0,62.3,2.47,4.702025229,3.16,356.03
2022,11,24,15,1.1,1.19,1.73,125.6,138.75,14.85,0.2,0.95,5.68,-11.18,-2.75,2.93,31.75,0,62.29,2.14,4.073819429,2.77,1.61
2022,11,24,16,0.45,0.46,0.82,48.9,50.62,5.39,0.02,0.12,3.69,-10.42,-3.36,3.11,39.12,0,62.3,1.76,3.350430932,2.38,15.04
2022,11,24,17,0,0,0,0,0,0,0,0,0.01,-10.52,-5.25,2.93,47.5,0,62.33,1.15,2.18920203,1.93,34.59
2022,11,24,18,0,0,0,0,0,0,0,0,-2.16,-11.49,-6.82,2.62,51.69,0,62.39,1.34,2.550896278,2.48,40.91
2022,11,24,19,0,0,0,0,0,0,0,0,-2.61,-13.02,-7.81,2.32,47.12,0,62.46,1.37,2.608005896,2.47,40.25
2022,11,24,20,0,0,0,0,0,0,0,0,-2.8,-14.49,-8.65,2.01,42.25,0,62.53,1.31,2.49378666,2.23,36.03
2022,11,24,21,0,0,0,0,0,0,0,0,-2.9,-15.62,-9.26,1.83,38.62,0,62.59,1.29,2.455713581,2.13,32.58
2022,11,24,22,0,0,0,0,0,0,0,0,-3.02,-16.38,-9.7,1.71,36.31,0,62.63,1.25,2.379567423,2.03,31.49
2022,11,24,23,0,0,0,0,0,0,0,0,-3,-17.01,-10,1.59,34.06,0,62.65,1.18,2.246311648,1.88,31.25
2022,11,25,0,0,0,0,0,0,0,0,0,-2.88,-17.58,-10.23,1.53,32,0,62.65,1.1,2.094019333,1.71,31.01
2022,11,25,1,0,0,0,0,0,0,0,0,-2.63,-18.07,-10.35,1.46,30,0,62.65,0.94,1.789434702,1.46,31.65
2022,11,25,2,0,0,0,0,0,0,0,0,-1.99,-18.94,-10.47,1.34,26.25,0,62.65,0.73,1.389667375,1.09,26.75
2022,11,25,3,0,0,0,0,0,0,0,0,-1.2,-20.06,-10.63,1.22,21.88,0,62.64,0.44,0.837607733,0.65,6.19
2022,11,25,4,0,0,0,0,0,0,0,0,-0.93,-19.27,-10.1,1.34,23.56,0,62.65,0.44,0.837607733,0.6,310.76
2022,11,25,5,0,0,0,0,0,0,0,0,-0.98,-16.89,-8.94,1.71,31,0,62.67,0.59,1.123155824,0.81,305.99
2022,11,25,6,0,0,0,0,0,0,0,0,-1,-15.6,-8.3,1.95,35.31,0,62.7,0.58,1.104119284,0.81,320.91
2022,11,25,7,0.43,0.44,0.79,46.38,48.52,5.09,0.02,0.1,-0.6,-13.88,-7.24,2.26,38.62,0,62.74,0.49,0.93279043,0.7,325.95
2022,11,25,8,1.15,1.19,1.7,131.23,138,15.4,0.2,0.95,1.19,-9.21,-4.01,3.23,48.62,0,62.79,0.38,0.723388497,0.57,296.21
2022,11,25,9,1.83,1.87,2.47,213.62,220,26.98,0.53,2.6,3.26,-8.38,-2.56,3.36,43.94,0,62.83,1.3,2.47475012,1.64,244.9
2022,11,25,10,2.32,2.37,3.02,272.88,278.92,35.86,0.88,4.42,4.73,-7.38,-1.33,3.66,43.06,0,62.83,2.46,4.682988689,3.13,233.85
2022,11,25,11,2.51,2.61,3.3,298.55,308.88,39.74,1.07,5.48,5.72,-6.63,-0.45,3.91,42.94,0,62.8,2.99,5.691925277,3.81,232.5
2022,11,25,12,2.62,2.63,3.3,314.75,315.5,41.89,1.13,5.73,6.19,-5.74,0.23,4.21,44.62,0,62.74,3.47,6.605679167,4.45,231.28
2022,11,25,13,2.3,2.37,3.03,273.45,282.23,35.82,0.88,4.42,6.03,-4.96,0.54,4.46,47.75,0,62.68,3.72,7.081592652,4.77,231.52
2022,11,25,14,1.8,1.87,2.49,212.15,221.5,26.72,0.52,2.58,5.3,-4.51,0.4,4.58,51.75,0,62.64,3.55,6.757971482,4.57,233.97
2022,11,25,15,1.17,1.19,1.72,134.45,138.8,15.58,0.2,0.95,4.11,-4.19,-0.04,4.7,57.38,0,62.62,2.97,5.653852198,3.82,238.55
2022,11,25,16,0.44,0.45,0.82,48.27,50.48,5.3,0.02,0.12,2.32,-3.67,-0.67,4.88,68.06,0,62.6,1.81,3.445613629,2.41,242.85
2022,11,25,17,0,0,0,0,0,0,0,0,-1.07,-3.46,-2.27,4.88,87.81,0,62.6,0.27,0.513986563,0.46,293.96
2022,11,25,18,0,0,0,0,0,0,0,0,-2.66,-4.29,-3.47,4.58,93.62,0,62.62,0.45,0.856644272,0.79,8.53
2022,11,25,19,0,0,0,0,0,0,0,0,-2.74,-5.22,-3.98,4.21,87.5,0,62.65,0.57,1.085082745,1.02,10.19
2022,11,25,20,0,0,0,0,0,0,0,0,-2.34,-6.57,-4.45,3.78,75.56,0,62.66,0.58,1.104119284,0.98,7.81
2022,11,25,21,0,0,0,0,0,0,0,0,-2.13,-7.97,-5.06,3.36,65.88,0,62.67,0.52,0.989900048,0.83,4.85
2022,11,25,22,0,0,0,0,0,0,0,0,-1.98,-9.13,-5.56,3.05,58.75,0,62.67,0.45,0.856644272,0.71,8.84
2022,11,25,23,0,0,0,0,0,0,0,0,-1.7,-10.35,-6.02,2.75,51.56,0,62.64,0.45,0.856644272,0.68,6.56
2022,11,26,0,0,0,0,0,0,0,0,0,-1.6,-11.2,-6.4,2.5,47.31,0,62.59,0.52,0.989900048,0.77,0
2022,11,26,1,0,0,0,0,0,0,0,0,-1.83,-11.67,-6.75,2.38,46.06,0,62.55,0.65,1.23737506,0.98,356.79
2022,11,26,2,0,0,0,0,0,0,0,0,-2.45,-11.76,-7.1,2.38,48,0,62.52,0.78,1.484850072,1.22,358.16
2022,11,26,3,0,0,0,0,0,0,0,0,-2.72,-12.1,-7.41,2.32,47.75,0,62.48,0.95,1.808471242,1.52,3.54
2022,11,26,4,0,0,0,0,0,0,0,0,-2.83,-12.63,-7.73,2.2,46.06,0,62.46,1.09,2.074982793,1.74,9.55
2022,11,26,5,0,0,0,0,0,0,0,0,-2.85,-13.41,-8.13,2.08,43.25,0,62.46,1.21,2.303421266,1.92,13.64
2022,11,26,6,0,0,0,0,0,0,0,0,-2.96,-14.26,-8.61,1.95,40.94,0,62.48,1.26,2.398603963,2.02,16.61
2022,11,26,7,0.42,0.43,0.77,45.12,46.92,4.93,0.02,0.1,-2.52,-13.33,-7.92,2.2,44.25,0,62.52,1.21,2.303421266,2.01,20.19
2022,11,26,8,1.17,1.16,1.69,132.4,134.2,15.18,0.19,0.95,0.46,-8.62,-4.08,3.36,52.88,0,62.55,0.95,1.808471242,1.67,23.45
2022,11,26,9,1.8,1.82,2.46,209.25,214,25.98,0.52,2.52,3.82,-12.11,-4.14,2.44,30.19,0,62.58,1.09,2.074982793,1.38,1.3
2022,11,26,10,2.22,2.3,3,260.77,271.42,33.78,0.84,4.25,6.41,-11.12,-2.35,2.75,28.62,0,62.59,1.64,3.121992459,2.09,296.37
2022,11,26,11,2.54,2.54,3.29,299.62,300.25,38.98,1.05,5.35,7.58,-9.46,-0.94,3.17,30.69,0,62.55,2.37,4.511659835,3.07,274.82
2022,11,26,12,2.61,2.61,3.29,312.1,311.85,41.31,1.13,5.77,8.12,-7.88,0.12,3.66,33.75,0,62.49,2.97,5.653852198,3.86,262.1
2022,11,26,13,2.27,2.34,3.02,268.85,277.62,35.02,0.88,4.42,8.08,-6.51,0.79,4.09,37.94,0,62.42,3.39,6.453386852,4.46,253.72
2022,11,26,14,1.82,1.84,2.48,212.15,215.88,26.45,0.53,2.6,7.33,-5.3,1.01,4.52,44.12,0,62.38,3.6,6.853154179,4.77,247.05
2022,11,26,15,1.07,1.15,1.72,121.67,132.77,14.09,0.18,0.9,5.86,-4.13,0.87,4.94,53.44,0,62.37,3.46,6.586642628,4.64,242.31
2022,11,26,16,0.42,0.42,0.81,44.83,46.35,5.06,0.02,0.12,3.3,-2.62,0.34,5.43,70.06,0,62.37,2.29,4.35936752,3.27,237.11
2022,11,26,17,0,0,0,0,0,0,0,0,0.41,-1.24,-0.41,5.8,92.25,0,62.37,0.92,1.751361624,1.51,237.21
2022,11,26,18,0,0,0,0,0,0,0,0,-0.77,-1.11,-0.95,5.8,100,0,62.38,0.27,0.513986563,0.5,270.9
2022,11,26,19,0,0,0,0,0,0,0,0,-2.2,-1.35,-1.77,5.68,100,0,62.39,0.27,0.513986563,0.41,341.22
2022,11,26,20,0,0,0,0,0,0,0,0,-2.93,-2.43,-2.68,5.25,100,0,62.41,0.4,0.761461575,0.65,351.67
2022,11,26,21,0,0,0,0,0,0,0,0,-3.06,-3.98,-3.52,4.64,98.12,0,62.41,0.42,0.799534654,0.66,346.95
2022,11,26,22,0,0,0,0,0,0,0,0,-3,-5.58,-4.29,4.09,85.94,0,62.41,0.32,0.60916926,0.52,337.71
2022,11,26,23,0,0,0,0,0,0,0,0,-2.56,-7.07,-4.81,3.6,73.19,0,62.38,0.25,0.475913485,0.37,332.35
2022,11,27,0,0,0,0,0,0,0,0,0,-2.4,-8.06,-5.23,3.3,66.44,0,62.34,0.2,0.380730788,0.26,333.43
2022,11,27,1,0,0,0,0,0,0,0,0,-2.43,-8.7,-5.56,3.11,62.88,0,62.31,0.16,0.30458463,0.21,342.26
2022,11,27,2,0,0,0,0,0,0,0,0,-2.53,-9,-5.77,3.05,61.5,0,62.27,0.16,0.30458463,0.21,349.51
2022,11,27,3,0,0,0,0,0,0,0,0,-2.36,-9.39,-5.88,2.93,58.38,0,62.23,0.12,0.228438473,0.17,332.24
2022,11,27,4,0,0,0,0,0,0,0,0,-2.26,-9.67,-5.96,2.87,56.31,0,62.2,0.09,0.171328854,0.18,290.85
2022,11,27,5,0,0,0,0,0,0,0,0,-2.17,-9.59,-5.88,2.87,56.06,0,62.2,0.08,0.152292315,0.17,272.6
2022,11,27,6,0,0,0,0,0,0,0,0,-2,-9.37,-5.69,2.93,56.25,0,62.23,0.08,0.152292315,0.19,238.24
2022,11,27,7,0.36,0.37,0.75,37.85,39.27,4.39,0.02,0.1,-1.6,-8.71,-5.16,3.11,57.88,0,62.28,0.24,0.456876945,0.41,210.02
2022,11,27,8,1.07,1.07,1.67,117.15,120.62,13.56,0.17,0.88,0.4,-6.1,-2.85,3.91,62.12,0,62.33,0.54,1.027973127,0.8,216.65
2022,11,27,9,1.72,1.74,2.44,194.08,198.48,23.91,0.48,2.38,2.8,-5.65,-1.42,4.09,54.38,0,62.38,1.73,3.293321314,2.18,232.43
2022,11,27,10,2.16,2.23,2.99,247.65,256.45,31.7,0.8,4.05,4.98,-6.05,-0.53,4.03,46.56,0,62.39,3.07,5.844217592,3.97,235.75
2022,11,27,11,2.35,2.46,3.28,272.15,285.52,35.2,0.97,5.02,5.99,-5.19,0.4,4.39,46.75,0,62.36,3.86,7.348104203,5,236.86
2022,11,27,12,2.46,2.58,3.28,291.92,306.3,38.67,1.09,5.62,6.2,-3.94,1.13,4.82,50.69,0,62.3,4.28,8.147638858,5.54,236.67
2022,11,27,13,2.1,2.3,3.01,248,272.73,32.23,0.82,4.12,5.81,-2.85,1.48,5.19,56.25,0,62.24,4.37,8.318967712,5.64,235.89
2022,11,27,14,1.64,1.81,2.47,191.12,211.95,24.15,0.5,2.48,5.01,-2.13,1.44,5.49,62.38,0,62.2,4.09,7.785944609,5.27,236.12
2022,11,27,15,1.01,1.13,1.71,113.9,129.55,13.72,0.19,0.92,3.76,-1.63,1.07,5.62,70.25,0,62.18,3.51,6.681825325,4.53,237.82
2022,11,27,16,0.41,0.42,0.81,43.08,44.62,4.97,0.02,0.12,1.86,-1.3,0.28,5.74,81.94,0,62.18,2.43,4.625879071,3.23,237.85
2022,11,27,17,0,0,0,0,0,0,0,0,-0.29,-1.02,-0.66,5.8,97.06,0,62.18,0.98,1.86558086,1.42,236.22
2022,11,27,18,0,0,0,0,0,0,0,0,-1.8,-1.3,-1.55,5.68,100,0,62.2,0.17,0.32362117,0.29,310.6
2022,11,27,19,0,0,0,0,0,0,0,0,-2.95,-2.04,-2.49,5.37,100,0,62.23,0.35,0.666278879,0.67,4.65
2022,11,27,20,0,0,0,0,0,0,0,0,-3.42,-3.4,-3.41,4.82,100,0,62.24,0.58,1.104119284,1.05,3.84
2022,11,27,21,0,0,0,0,0,0,0,0,-2.97,-4.68,-3.83,4.39,91.44,0,62.26,0.59,1.123155824,0.96,353.45
2022,11,27,22,0,0,0,0,0,0,0,0,-2.31,-5.68,-3.99,4.03,80,0,62.26,0.52,0.989900048,0.79,340.31
2022,11,27,23,0,0,0,0,0,0,0,0,-2.23,-6.6,-4.42,3.78,73.81,0,62.25,0.52,0.989900048,0.77,330.04
2022,11,28,0,0,0,0,0,0,0,0,0,-2.38,-7.38,-4.88,3.54,70.06,0,62.22,0.52,0.989900048,0.76,329.74
2022,11,28,1,0,0,0,0,0,0,0,0,-2.49,-8.04,-5.27,3.36,66.88,0,62.19,0.53,1.008936588,0.78,331.39
2022,11,28,2,0,0,0,0,0,0,0,0,-2.56,-8.6,-5.58,3.17,64.31,0,62.16,0.57,1.085082745,0.85,327.77
2022,11,28,3,0,0,0,0,0,0,0,0,-2.47,-9.11,-5.79,3.05,61.19,0,62.14,0.58,1.104119284,0.85,327.33
2022,11,28,4,0,0,0,0,0,0,0,0,-2.2,-9.74,-5.98,2.93,57,0,62.13,0.51,0.970863509,0.73,325.46
2022,11,28,5,0,0,0,0,0,0,0,0,-2.01,-10.16,-6.08,2.81,54.56,0,62.15,0.43,0.818571194,0.62,312.47
2022,11,28,6,0,0,0,0,0,0,0,0,-1.84,-10.34,-6.09,2.81,53.56,0,62.2,0.36,0.685315418,0.53,291.64
2022,11,28,7,0.33,0.36,0.73,35.25,37.73,4.21,0.02,0.08,-1.29,-9.7,-5.5,3.05,55,0,62.27,0.37,0.704351957,0.55,255.96
2022,11,28,8,0.99,1.06,1.66,109.45,119.1,12.98,0.16,0.77,0.73,-6.98,-3.13,3.78,58.94,0,62.34,0.69,1.313521218,1.01,231.62
2022,11,28,9,1.61,1.73,2.43,183.3,199.1,22.91,0.45,2.17,3.22,-7.33,-2.06,3.72,48.25,0,62.41,2.07,3.940563653,2.66,238.92
2022,11,28,10,2.09,2.22,2.98,242.77,257.8,31.35,0.76,3.85,5.04,-7.63,-1.3,3.72,42.88,0,62.44,3.64,6.929300337,4.78,245.66
2022,11,28,11,2.34,2.47,3.27,272.25,287.85,35.62,0.95,4.88,5.67,-6.49,-0.41,4.09,44.88,0,62.43,4.25,8.09052924,5.54,245.68
2022,11,28,12,2.2,2.53,3.27,261.95,299.6,35.05,0.95,4.95,5.83,-5.37,0.23,4.46,48.25,0,62.4,4.48,8.528369645,5.81,245.26
2022,11,28,13,1.78,2.25,3,208.52,265.4,27.55,0.68,3.45,5.59,-4.56,0.51,4.76,52.06,0,62.36,4.5,8.566442724,5.81,244.92
2022,11,28,14,1.37,1.75,2.47,159.12,204,20.52,0.41,2.05,4.98,-4.2,0.39,4.82,55.31,0,62.33,4.25,8.09052924,5.48,244.79
2022,11,28,15,0.81,1.08,1.71,92.48,122.55,11.52,0.16,0.75,3.89,-3.98,-0.05,4.88,60.44,0,62.33,3.62,6.891227258,4.68,244.5
2022,11,28,16,0.34,0.39,0.81,36.42,41.8,4.39,0.02,0.1,2.03,-3.59,-0.78,5.07,71.12,0,62.33,2.39,4.549732914,3.17,243.37
2022,11,28,17,0,0,0,0,0,0,0,0,-1.27,-3.05,-2.17,5.13,93.19,0,62.35,0.51,0.970863509,0.77,258.35
2022,11,28,18,0,0,0,0,0,0,0,0,-2.85,-3.54,-3.2,4.88,100,0,62.39,0.29,0.552059642,0.42,347.24
2022,11,28,19,0,0,0,0,0,0,0,0,-2.91,-5.24,-4.07,4.21,88.25,0,62.43,0.31,0.590132721,0.46,341.26
2022,11,28,20,0,0,0,0,0,0,0,0,-2.19,-7.22,-4.7,3.6,70.81,0,62.47,0.35,0.666278879,0.57,312.22
2022,11,28,21,0,0,0,0,0,0,0,0,-2.06,-8.64,-5.35,3.23,62.38,0,62.48,0.44,0.837607733,0.78,290.62
2022,11,28,22,0,0,0,0,0,0,0,0,-2.15,-9.67,-5.92,2.93,57.75,0,62.49,0.69,1.313521218,1.13,283.17
2022,11,28,23,0,0,0,0,0,0,0,0,-2.4,-10.31,-6.36,2.81,56.06,0,62.48,0.84,1.599069309,1.34,286.22
2022,11,29,0,0,0,0,0,0,0,0,0,-2.62,-10.86,-6.74,2.69,55,0,62.45,0.92,1.751361624,1.45,291.86
2022,11,29,1,0,0,0,0,0,0,0,0,-2.6,-11.32,-6.96,2.62,53.38,0,62.42,0.92,1.751361624,1.42,297.98
2022,11,29,2,0,0,0,0,0,0,0,0,-2.59,-11.82,-7.2,2.56,51.75,0,62.4,0.92,1.751361624,1.41,305.28
2022,11,29,3,0,0,0,0,0,0,0,0,-2.46,-12.41,-7.43,2.44,49.5,0,62.38,0.92,1.751361624,1.37,308.97
2022,11,29,4,0,0,0,0,0,0,0,0,-2.35,-13,-7.67,2.38,47.19,0,62.37,0.85,1.618105848,1.24,314.49
2022,11,29,5,0,0,0,0,0,0,0,0,-2.13,-13.66,-7.89,2.26,44.19,0,62.38,0.75,1.427740454,1.07,326.66
2022,11,29,6,0,0,0,0,0,0,0,0,-1.86,-14.38,-8.12,2.14,40.69,0,62.41,0.68,1.294484678,0.95,328.14
2022,11,29,7,0.35,0.36,0.72,36.7,38.1,4.23,0.02,0.08,-1.27,-14.16,-7.72,2.2,39.62,0,62.46,0.58,1.104119284,0.8,322.57
2022,11,29,8,1.08,1.09,1.64,120.08,123.88,13.79,0.16,0.77,0.76,-10.22,-4.73,2.99,46.62,0,62.5,0.52,0.989900048,0.75,293.9
2022,11,29,9,1.74,1.77,2.41,200.58,206.27,24.88,0.45,2.25,3.4,-11.72,-4.16,2.75,35.19,0,62.55,1.73,3.293321314,2.22,260.27
2022,11,29,10,2.22,2.27,2.96,259.8,266.58,33.57,0.78,3.88,5.04,-10.94,-2.95,2.93,33.94,0,62.57,2.84,5.406377186,3.68,252.57
2022,11,29,11,2.41,2.54,3.25,283.17,299.23,37.43,0.97,4.9,5.89,-9.27,-1.7,3.36,36.19,0,62.55,3.48,6.624715707,4.52,247.96
2022,11,29,12,2.38,2.56,3.26,282.58,303.95,37.69,0.98,5.02,6.23,-7.81,-0.79,3.72,39.44,0,62.51,3.86,7.348104203,5,245.52
2022,11,29,13,2.1,2.32,2.99,247.67,274,32.63,0.77,3.88,6.08,-6.77,-0.35,4.03,43,0,62.46,3.96,7.538469597,5.14,244.99
2022,11,29,14,1.6,1.84,2.46,187.4,216.15,24.1,0.46,2.27,5.4,-6.06,-0.33,4.21,47.19,0,62.43,3.78,7.195811888,4.89,245.44
2022,11,29,15,1,1.17,1.7,114.5,135.73,13.74,0.16,0.83,4.19,-5.45,-0.63,4.39,53.62,0,62.42,3.28,6.243984919,4.27,245.82
2022,11,29,16,0.42,0.44,0.8,45.7,48.92,5.07,0.02,0.1,2.08,-4.54,-1.23,4.76,66.88,0,62.42,2.18,4.149965586,3,244.1
2022,11,29,17,0,0,0,0,0,0,0,0,-0.88,-3.71,-2.3,4.88,85.88,0,62.44,0.62,1.180265442,1.06,247.57
2022,11,29,18,0,0,0,0,0,0,0,0,-2.89,-3.95,-3.42,4.76,99,0,62.48,0.24,0.456876945,0.36,335.66
2022,11,29,19,0,0,0,0,0,0,0,0,-3.15,-4.65,-3.9,4.46,95,0,62.52,0.27,0.513986563,0.43,355.84
2022,11,29,20,0,0,0,0,0,0,0,0,-2.49,-5.76,-4.13,4.03,81.81,0,62.56,0.26,0.494950024,0.36,349.92
2022,11,29,21,0,0,0,0,0,0,0,0,-2.31,-7.03,-4.67,3.66,72.5,0,62.59,0.16,0.30458463,0.21,330.52
2022,11,29,22,0,0,0,0,0,0,0,0,-2.48,-8.06,-5.27,3.36,67.5,0,62.6,0.1,0.190365394,0.13,349.99
2022,11,29,23,0,0,0,0,0,0,0,0,-2.81,-8.99,-5.91,3.11,64.06,0,62.59,0.13,0.247475012,0.17,30.07
2022,11,30,0,0,0,0,0,0,0,0,0,-3.26,-10,-6.63,2.81,60.94,0,62.57,0.16,0.30458463,0.21,23.75
2022,11,30,1,0,0,0,0,0,0,0,0,-3.77,-10.98,-7.37,2.56,58.38,0,62.56,0.23,0.437840406,0.33,331.61
2022,11,30,2,0,0,0,0,0,0,0,0,-3.98,-11.85,-7.92,2.38,55.12,0,62.53,0.3,0.571096182,0.45,329.89
2022,11,30,3,0,0,0,0,0,0,0,0,-3.53,-13.24,-8.38,2.14,46.94,0,62.5,0.35,0.666278879,0.51,329.49
2022,11,30,4,0,0,0,0,0,0,0,0,-3.15,-14.66,-8.9,1.89,39.88,0,62.5,0.38,0.723388497,0.55,317.89
2022,11,30,5,0,0,0,0,0,0,0,0,-2.88,-15.87,-9.38,1.65,34.88,0,62.51,0.38,0.723388497,0.56,320.71
2022,11,30,6,0,0,0,0,0,0,0,0,-2.67,-17.04,-9.86,1.46,30.69,0,62.54,0.35,0.666278879,0.5,347.47
2022,11,30,7,0.34,0.36,0.7,35.27,36.85,4.07,0.02,0.08,-1.95,-18.07,-10.01,1.4,26.62,0,62.58,0.29,0.552059642,0.4,351.09
2022,11,30,8,1.07,1.08,1.63,116.1,120.27,13.35,0.16,0.77,0.15,-13.43,-6.64,2.2,35.69,0,62.62,0.32,0.60916926,0.46,259.26
2022,11,30,9,1.71,1.76,2.4,192.77,200.75,23.76,0.45,2.23,2.44,-14.72,-6.14,2.08,28.31,0,62.66,1.6,3.045846302,2.07,242.86
2022,11,30,10,2.21,2.27,2.95,253.17,260.5,32.44,0.77,3.85,4.01,-13.26,-4.63,2.38,29.38,0,62.67,3.12,5.939400289,4.05,243.68
2022,11,30,11,2.43,2.54,3.24,279.67,293.55,36.72,0.97,4.95,4.82,-10.93,-3.06,2.87,33.56,0,62.64,3.7,7.043519573,4.79,243.69
2022,11,30,12,2.56,2.63,3.25,298.38,306.48,39.85,1.07,5.45,5.12,-9.09,-1.99,3.36,38.12,0,62.59,3.99,7.595579215,5.15,243.24
2022,11,30,13,2.26,2.38,2.99,261.48,276.27,34.55,0.85,4.3,4.81,-7.61,-1.4,3.72,43.56,0,62.54,3.99,7.595579215,5.14,244.33
2022,11,30,14,1.77,1.89,2.46,203.52,218.27,26.02,0.52,2.55,4.06,-6.47,-1.2,4.03,49.75,0,62.5,3.7,7.043519573,4.76,246.59
2022,11,30,15,1.13,1.21,1.7,126.7,137.6,14.91,0.19,0.92,2.78,-5.6,-1.41,4.33,57.94,0,62.48,3.13,5.958436828,4.05,248.03
2022,11,30,16,0.45,0.46,0.8,47.92,49.92,5.23,0.02,0.12,0.73,-4.81,-2.05,4.58,71.44,0,62.47,2.03,3.864417496,2.74,246.65
2022,11,30,17,0,0,0,0,0,0,0,0,-2.21,-4.63,-3.42,4.52,89.44,0,62.47,0.51,0.970863509,0.79,266.6
2022,11,30,18,0,0,0,0,0,0,0,0,-3.92,-5.32,-4.62,4.27,96.94,0,62.5,0.35,0.666278879,0.58,10.1
2022,11,30,19,0,0,0,0,0,0,0,0,-4.13,-7.31,-5.72,3.6,83.5,0,62.53,0.45,0.856644272,0.75,16.36
2022,11,30,20,0,0,0,0,0,0,0,0,-3.93,-9.29,-6.61,3.05,69.12,0,62.55,0.39,0.742425036,0.62,7.21
2022,11,30,21,0,0,0,0,0,0,0,0,-3.35,-11.1,-7.22,2.56,56.19,0,62.56,0.41,0.780498115,0.6,3.76
2022,11,30,22,0,0,0,0,0,0,0,0,-3.33,-12.69,-8.01,2.26,48.56,0,62.55,0.47,0.894717351,0.71,9.57
2022,11,30,23,0,0,0,0,0,0,0,0,-3.68,-13.79,-8.74,2.01,44.94,0,62.52,0.61,1.161228903,0.94,13.46
2022,12,1,0,0,0,0,0,0,0,0,0,-4.38,-14.57,-9.48,1.83,44.12,0,62.48,0.79,1.503886612,1.25,12.3
2022,12,1,1,0,0,0,0,0,0,0,0,-4.74,-15.48,-10.11,1.71,41.69,0,62.44,0.95,1.808471242,1.5,8.68
2022,12,1,2,0,0,0,0,0,0,0,0,-4.92,-16,-10.46,1.65,40.31,0,62.4,1.11,2.113055872,1.76,15.95
2022,12,1,3,0,0,0,0,0,0,0,0,-5.17,-16.33,-10.75,1.59,40,0,62.37,1.21,2.303421266,1.94,19.96
2022,12,1,4,0,0,0,0,0,0,0,0,-5.43,-16.6,-11.02,1.53,40.25,0,62.34,1.25,2.379567423,2.05,22.85
2022,12,1,5,0,0,0,0,0,0,0,0,-5.62,-16.98,-11.3,1.53,40.06,0,62.34,1.29,2.455713581,2.14,26.19
2022,12,1,6,0,0,0,0,0,0,0,0,-5.72,-17.48,-11.6,1.46,39.06,0,62.38,1.32,2.512823199,2.2,28.2
2022,12,1,7,0.35,0.37,0.69,37.85,39.75,4.08,0.02,0.08,-5.02,-16.02,-10.52,1.77,43.88,0,62.42,1.26,2.398603963,2.17,28.77
2022,12,1,8,1.06,1.1,1.62,119.4,126.5,13.57,0.16,0.8,-1.74,-11.81,-6.77,2.62,49.81,0,62.46,1.12,2.132092411,1.86,28.4
2022,12,1,9,1.77,1.76,2.39,204.8,205.85,24.7,0.46,2.27,1.96,-16.39,-7.22,1.65,23.31,0,62.51,1.08,2.055946254,1.36,9.95
2022,12,1,10,2.14,2.27,2.94,248.85,265.2,31.98,0.77,3.88,4.48,-14.81,-5.17,2.01,24.12,0,62.52,1.32,2.512823199,1.71,266.06
2022,12,1,11,2.53,2.56,3.23,293.77,296.55,38.28,1.02,5.2,5.56,-12.51,-3.48,2.5,28,0,62.49,2.59,4.930463701,3.37,246.77
2022,12,1,12,2.53,2.59,3.25,294.05,301.9,38.72,1.05,5.3,5.91,-10.31,-2.2,3.05,32.81,0,62.43,3.34,6.358204155,4.38,242.47
2022,12,1,13,2.21,2.34,2.98,257.15,272.4,33.42,0.83,4.17,5.73,-8.83,-1.55,3.48,37.62,0,62.38,3.65,6.948336876,4.78,242.05
2022,12,1,14,1.75,1.86,2.45,201.4,215.2,25.29,0.5,2.48,5.07,-8.03,-1.48,3.72,42.25,0,62.34,3.55,6.757971482,4.66,243.52
2022,12,1,15,1.11,1.19,1.7,125.15,135.7,14.66,0.19,0.92,3.85,-7.5,-1.83,3.91,48.25,0,62.32,3.15,5.996509907,4.17,244.92
2022,12,1,16,0.44,0.46,0.8,46.85,49.3,5.11,0.02,0.12,1.62,-6.31,-2.35,4.27,61.81,0,62.32,1.99,3.788271338,2.83,244.99
2022,12,1,17,0,0,0,0,0,0,0,0,-1.65,-4.7,-3.17,4.58,85.25,0,62.33,0.7,1.332557757,1.24,253.51
2022,12,1,18,0,0,0,0,0,0,0,0,-2.95,-5.56,-4.26,4.33,90.06,0,62.36,0.48,0.913753891,0.78,332.67
2022,12,1,19,0,0,0,0,0,0,0,0,-3.1,-6.58,-4.84,3.97,84.44,0,62.4,0.56,1.066046206,0.93,348.88
2022,12,1,20,0,0,0,0,0,0,0,0,-2.58,-7.56,-5.07,3.66,74.44,0,62.43,0.58,1.104119284,0.87,344.84
2022,12,1,21,0,0,0,0,0,0,0,0,-2.6,-8.36,-5.49,3.42,69.56,0,62.44,0.62,1.180265442,0.9,341.88
2022,12,1,22,0,0,0,0,0,0,0,0,-2.82,-9.08,-5.95,3.23,66.5,0,62.45,0.69,1.313521218,1.02,352.49
2022,12,1,23,0,0,0,0,0,0,0,0,-3.17,-9.81,-6.49,2.99,64.19,0,62.43,0.67,1.275448139,1.02,357.8
2022,12,2,0,0,0,0,0,0,0,0,0,-3.43,-10.61,-7.02,2.81,61,0,62.41,0.59,1.123155824,0.91,354.09
2022,12,2,1,0,0,0,0,0,0,0,0,-3.49,-11.38,-7.43,2.62,57,0,62.39,0.49,0.93279043,0.78,346.66
2022,12,2,2,0,0,0,0,0,0,0,0,-3.53,-12.2,-7.87,2.38,52.88,0,62.37,0.41,0.780498115,0.65,337.43
2022,12,2,3,0,0,0,0,0,0,0,0,-3.42,-13.22,-8.31,2.2,47.56,0,62.36,0.4,0.761461575,0.59,319.32
2022,12,2,4,0,0,0,0,0,0,0,0,-3.84,-13.65,-8.74,2.14,47.62,0,62.35,0.45,0.856644272,0.68,317.33
2022,12,2,5,0,0,0,0,0,0,0,0,-4.05,-13.86,-8.95,2.08,47.94,0,62.36,0.51,0.970863509,0.8,337.68
2022,12,2,6,0,0,0,0,0,0,0,0,-3.95,-14.27,-9.11,2.01,45.88,0,62.4,0.53,1.008936588,0.85,346.22
2022,12,2,7,0.32,0.33,0.67,33.62,34.88,3.85,0.02,0.08,-3.09,-13.82,-8.45,2.14,45.06,0,62.45,0.45,0.856644272,0.71,343.97
2022,12,2,8,1.05,1.05,1.6,115.98,118.92,13.3,0.15,0.73,-0.34,-10.91,-5.62,2.75,46,0,62.49,0.36,0.685315418,0.53,304.16
2022,12,2,9,1.71,1.73,2.38,194.83,199.5,24.02,0.43,2.12,2.19,-13.65,-5.74,2.14,30,0,62.54,1.71,3.255248235,2.18,249.04
2022,12,2,10,2.15,2.23,2.93,249.02,258.88,32.02,0.73,3.65,3.72,-12.04,-4.17,2.5,31.31,0,62.56,3.02,5.749034895,3.9,244.77
2022,12,2,11,2.38,2.48,3.22,278.8,290.4,36.41,0.93,4.67,4.65,-10.2,-2.77,2.93,34.31,0,62.53,3.61,6.872190719,4.66,243.82
2022,12,2,12,2.46,2.55,3.24,290.75,302.75,38.41,0.99,5,5.01,-8.7,-1.85,3.3,37.94,0,62.47,3.93,7.481359979,5.07,242.57
2022,12,2,13,2.23,2.3,2.97,263.88,272.4,34.11,0.8,3.98,4.83,-7.56,-1.37,3.6,42.12,0,62.41,4.01,7.633652294,5.17,242.54
2022,12,2,14,1.76,1.81,2.45,205.2,214.25,25.48,0.47,2.33,4.15,-6.74,-1.29,3.85,47,0,62.37,3.79,7.214848428,4.89,243.72
2022,12,2,15,1.09,1.15,1.69,124.08,134.05,14.42,0.17,0.85,2.99,-6.13,-1.57,4.03,53.44,0,62.35,3.24,6.167838761,4.19,245.68
2022,12,2,16,0.42,0.43,0.8,45.83,47.83,5.02,0.02,0.1,1.04,-5.34,-2.15,4.33,65.56,0,62.34,2.12,4.03574635,2.87,246.92
2022,12,2,17,0,0,0,0,0,0,0,0,-2.2,-5.04,-3.62,4.33,84.56,0,62.34,0.54,1.027973127,0.92,274.4
2022,12,2,18,0,0,0,0,0,0,0,0,-3.63,-5.54,-4.58,4.09,91.19,0,62.37,0.49,0.93279043,0.85,341.23
2022,12,2,19,0,0,0,0,0,0,0,0,-3.53,-6.77,-5.15,3.72,81.75,0,62.4,0.63,1.199301981,1.07,349.1
2022,12,2,20,0,0,0,0,0,0,0,0,-3.03,-8.31,-5.67,3.3,69,0,62.42,0.65,1.23737506,1.03,341.02
2022,12,2,21,0,0,0,0,0,0,0,0,-2.24,-9.6,-5.92,2.93,57.94,0,62.44,0.58,1.104119284,0.83,329.31
2022,12,2,22,0,0,0,0,0,0,0,0,-2.26,-10.7,-6.49,2.69,53,0,62.44,0.42,0.799534654,0.57,307.18
2022,12,2,23,0,0,0,0,0,0,0,0,-2.57,-11.62,-7.1,2.5,50.56,0,62.45,0.33,0.6282058,0.46,281.89
2022,12,3,0,0,0,0,0,0,0,0,0,-3.06,-12.6,-7.82,2.32,48.75,0,62.44,0.31,0.590132721,0.46,270
2022,12,3,1,0,0,0,0,0,0,0,0,-3.49,-13.6,-8.54,2.14,46.62,0,62.44,0.38,0.723388497,0.61,260.42
2022,12,3,2,0,0,0,0,0,0,0,0,-3.8,-14.56,-9.18,1.95,44.31,0,62.42,0.37,0.704351957,0.65,255.29
2022,12,3,3,0,0,0,0,0,0,0,0,-3.95,-15.78,-9.86,1.77,40.31,0,62.39,0.23,0.437840406,0.4,258.69
2022,12,3,4,0,0,0,0,0,0,0,0,-4.08,-17.33,-10.7,1.53,35.06,0,62.37,0.24,0.456876945,0.4,265.52
2022,12,3,5,0,0,0,0,0,0,0,0,-4.2,-18.8,-11.5,1.28,30.56,0,62.38,0.31,0.590132721,0.49,265.46
2022,12,3,6,0,0,0,0,0,0,0,0,-4.44,-20.06,-12.24,1.16,27.44,0,62.41,0.28,0.533023103,0.46,264.19
2022,12,3,7,0.32,0.33,0.66,33.05,34.42,3.77,0.02,0.08,-4.13,-19.98,-12.06,1.16,27.12,0,62.44,0.21,0.399767327,0.37,255.38
2022,12,3,8,1.06,1.07,1.59,116.08,119.1,13.22,0.15,0.73,-1.83,-13.66,-7.74,2.2,41.69,0,62.48,0.23,0.437840406,0.44,230.06
2022,12,3,9,1.73,1.75,2.36,195.08,200,23.89,0.44,2.17,0.83,-17.59,-8.38,1.46,22.81,0,62.51,1.75,3.331394393,2.27,230.88
2022,12,3,10,2.17,2.25,2.92,248.52,259.9,31.82,0.74,3.73,2.23,-16.36,-7.06,1.65,23.12,0,62.52,3.24,6.167838761,4.18,230.99
2022,12,3,11,2.51,2.51,3.21,291.83,292.33,37.77,0.98,4.9,2.94,-14.48,-5.77,1.95,26.12,0,62.49,3.93,7.481359979,5.07,232.51
2022,12,3,12,2.51,2.57,3.23,294.23,301.73,38.68,1.02,5.2,3.15,-12.97,-4.92,2.26,29.44,0,62.45,4.1,7.804981149,5.25,234.75
2022,12,3,13,2.24,2.34,2.97,260.9,272.38,33.93,0.81,4.1,3.08,-12.15,-4.54,2.44,31.69,0,62.39,3.94,7.500396519,5.03,236.21
2022,12,3,14,1.76,1.84,2.44,203.85,215.33,25.62,0.5,2.45,2.56,-11.63,-4.53,2.5,34.38,0,62.33,3.66,6.967373416,4.67,237.77
2022,12,3,15,1.12,1.18,1.69,126.12,135.75,14.78,0.19,0.9,1.4,-11.07,-4.84,2.69,39.31,0,62.31,3.22,6.129765683,4.15,237.78
2022,12,3,16,0.45,0.45,0.8,48,49.2,5.23,0.02,0.1,-0.7,-9.16,-4.92,3.23,55.56,0,62.31,2.16,4.111892508,2.9,234.98
2022,12,3,17,0,0,0,0,0,0,0,0,-3.52,-9.29,-6.41,3.05,67.19,0,62.33,0.58,1.104119284,0.89,244.56
2022,12,3,18,0,0,0,0,0,0,0,0,-5.02,-9.75,-7.38,2.93,72.69,0,62.36,0.29,0.552059642,0.43,10.49
2022,12,3,19,0,0,0,0,0,0,0,0,-4.95,-10.87,-7.92,2.62,65.31,0,62.4,0.35,0.666278879,0.57,15.95
2022,12,3,20,0,0,0,0,0,0,0,0,-4.27,-13,-8.63,2.2,51.19,0,62.43,0.28,0.533023103,0.39,344.85
2022,12,3,21,0,0,0,0,0,0,0,0,-4.05,-15.13,-9.6,1.77,41.38,0,62.45,0.31,0.590132721,0.44,293.86
2022,12,3,22,0,0,0,0,0,0,0,0,-4.2,-17.05,-10.63,1.53,35.25,0,62.45,0.39,0.742425036,0.6,275.26
2022,12,3,23,0,0,0,0,0,0,0,0,-4.53,-18.82,-11.67,1.28,31.06,0,62.44,0.47,0.894717351,0.73,271.23
2022,12,4,0,0,0,0,0,0,0,0,0,-5.06,-18.98,-12.02,1.28,32.31,0,62.42,0.53,1.008936588,0.85,274.2
2022,12,4,1,0,0,0,0,0,0,0,0,-5.65,-19.1,-12.37,1.28,34.31,0,62.4,0.51,0.970863509,0.85,282.76
2022,12,4,2,0,0,0,0,0,0,0,0,-5.92,-20.16,-13.04,1.16,31.81,0,62.39,0.49,0.93279043,0.78,296.31
2022,12,4,3,0,0,0,0,0,0,0,0,-5.88,-21.38,-13.63,1.04,27.69,0,62.37,0.45,0.856644272,0.69,313.63
2022,12,4,4,0,0,0,0,0,0,0,0,-5.64,-22.52,-14.08,0.92,23.62,0,62.36,0.48,0.913753891,0.72,324.75
2022,12,4,5,0,0,0,0,0,0,0,0,-5.51,-23.32,-14.42,0.79,21.19,0,62.37,0.52,0.989900048,0.76,331.06
2022,12,4,6,0,0,0,0,0,0,0,0,-5.51,-23.86,-14.69,0.79,19.94,0,62.4,0.57,1.085082745,0.82,338.1
2022,12,4,7,0.34,0.35,0.64,35.33,36.67,3.86,0.02,0.08,-5.1,-22.99,-14.05,0.85,21.56,0,62.44,0.62,1.180265442,0.89,345.84
2022,12,4,8,1.1,1.09,1.58,121.9,124.02,13.83,0.16,0.75,-3.1,-15.42,-9.26,1.95,41.75,0,62.48,0.52,0.989900048,0.83,350.27
2022,12,4,9,1.75,1.76,2.35,199.58,203.8,24.55,0.45,2.2,0.04,-18.04,-9,1.46,24.5,0,62.53,1.25,2.379567423,1.58,288.17
2022,12,4,10,2.26,2.26,2.91,259.92,261.6,33.18,0.77,3.8,2.26,-16.91,-7.33,1.65,23.38,0,62.55,2.58,4.911427162,3.3,263.06
2022,12,4,11,2.41,2.51,3.2,279.98,291.62,36.5,0.94,4.77,3.56,-15,-5.72,1.95,24.94,0,62.52,3.14,5.977473368,4.03,255.99
2022,12,4,12,2.43,2.52,3.22,283.15,293.38,36.87,0.96,4.88,4.22,-13.33,-4.56,2.26,27.5,0,62.46,3.5,6.662788786,4.5,250.97
2022,12,4,13,2.1,2.27,2.96,242.23,262,31.16,0.73,3.7,4.26,-11.92,-3.83,2.56,31.12,0,62.41,3.81,7.252921507,4.93,246.56
2022,12,4,14,1.65,1.78,2.44,187.65,204.35,23.31,0.45,2.2,3.61,-10.7,-3.54,2.87,36.38,0,62.38,3.79,7.214848428,4.93,244.77
2022,12,4,15,1.02,1.13,1.69,113.15,126.35,13.36,0.16,0.83,2.33,-9.69,-3.68,3.11,43.38,0,62.37,3.3,6.282057998,4.3,246.42
2022,12,4,16,0.41,0.42,0.8,43,44.83,4.88,0.02,0.1,0.2,-8.16,-3.98,3.6,57.88,0,62.37,2.09,3.978636732,2.88,248.31
2022,12,4,17,0,0,0,0,0,0,0,0,-3.17,-7.56,-5.36,3.6,76.31,0,62.38,0.5,0.951826969,0.89,275.51
2022,12,4,18,0,0,0,0,0,0,0,0,-4.75,-8.51,-6.63,3.3,80.12,0,62.42,0.45,0.856644272,0.82,350.63
2022,12,4,19,0,0,0,0,0,0,0,0,-4.88,-10.13,-7.51,2.87,70.31,0,62.46,0.62,1.180265442,1.12,3.2
2022,12,4,20,0,0,0,0,0,0,0,0,-4.4,-11.91,-8.16,2.44,58,0,62.49,0.63,1.199301981,1.05,0
2022,12,4,21,0,0,0,0,0,0,0,0,-3.69,-13.88,-8.78,2.08,45.94,0,62.52,0.53,1.008936588,0.8,349.24
2022,12,4,22,0,0,0,0,0,0,0,0,-3.27,-15.66,-9.46,1.77,37.69,0,62.53,0.41,0.780498115,0.57,331.33
2022,12,4,23,0,0,0,0,0,0,0,0,-3.45,-16.95,-10.2,1.53,34.06,0,62.53,0.38,0.723388497,0.53,293.53
2022,12,5,0,0,0,0,0,0,0,0,0,-3.88,-17.69,-10.78,1.46,32.94,0,62.51,0.62,1.180265442,0.98,265.43
2022,12,5,1,0,0,0,0,0,0,0,0,-4.2,-17.35,-10.77,1.46,34.88,0,62.5,0.67,1.275448139,1.09,259.66
2022,12,5,2,0,0,0,0,0,0,0,0,-4.52,-17.23,-10.88,1.53,35.88,0,62.49,0.61,1.161228903,1,265.53
2022,12,5,3,0,0,0,0,0,0,0,0,-4.81,-17.8,-11.31,1.4,34.31,0,62.49,0.56,1.066046206,0.9,271.99
2022,12,5,4,0,0,0,0,0,0,0,0,-4.93,-18.43,-11.68,1.28,32.31,0,62.49,0.41,0.780498115,0.63,272.83
2022,12,5,5,0,0,0,0,0,0,0,0,-5.21,-18.75,-11.98,1.28,31.88,0,62.52,0.3,0.571096182,0.48,268.12
2022,12,5,6,0,0,0,0,0,0,0,0,-5.48,-19.01,-12.24,1.22,31.69,0,62.56,0.19,0.361694248,0.3,270
2022,12,5,7,0.33,0.34,0.63,34.77,35.92,3.79,0.02,0.08,-5.24,-18.52,-11.88,1.28,32.75,0,62.61,0.11,0.209401933,0.15,278.97
2022,12,5,8,1.09,1.09,1.56,121.23,124.38,13.84,0.16,0.75,-2.92,-12.89,-7.91,2.32,48.62,0,62.65,0.15,0.285548091,0.24,230.19
2022,12,5,9,1.74,1.77,2.34,200.52,205.92,24.97,0.46,2.27,0.27,-16.44,-8.09,1.65,26.25,0,62.68,1.57,2.988736684,2.03,240.47
2022,12,5,10,2.18,2.27,2.9,253.6,265.95,33.09,0.78,3.9,2.19,-15.88,-6.85,1.71,24.38,0,62.69,3.19,6.072656065,4.13,243.1
2022,12,5,11,2.5,2.55,3.19,293,298.62,38.79,1.02,5.12,3.11,-14.24,-5.56,2.01,26.62,0,62.65,3.9,7.424250361,5.03,240.81
2022,12,5,12,2.48,2.57,3.21,292.83,304.15,39.09,1.04,5.27,3.43,-12.87,-4.72,2.32,29.56,0,62.59,4.28,8.147638858,5.52,240.68
2022,12,5,13,2.27,2.34,2.96,266.45,275.55,35,0.84,4.23,3.23,-11.81,-4.29,2.56,33.12,0,62.52,4.31,8.204748476,5.54,240.55
2022,12,5,14,1.77,1.87,2.44,206.33,219.52,26.26,0.51,2.52,2.55,-10.89,-4.17,2.75,37.88,0,62.47,4.03,7.671725373,5.18,241.04
2022,12,5,15,1.13,1.22,1.69,128.8,140.73,15.27,0.19,0.95,1.33,-9.99,-4.34,2.99,44.56,0,62.45,3.39,6.453386852,4.38,242.93
2022,12,5,16,0.47,0.48,0.8,51.4,53.15,5.48,0.02,0.12,-0.71,-8.39,-4.55,3.48,60.44,0,62.44,2.19,4.169002126,2.95,245.27
2022,12,5,17,0,0,0,0,0,0,0,0,-3.8,-8.58,-6.19,3.3,74.69,0,62.44,0.64,1.218338521,1.03,272.6
2022,12,5,18,0,0,0,0,0,0,0,0,-5.33,-9.68,-7.51,2.99,77,0,62.46,0.41,0.780498115,0.71,354.92
2022,12,5,19,0,0,0,0,0,0,0,0,-5.31,-11.61,-8.46,2.56,65.19,0,62.47,0.48,0.913753891,0.84,357.86
2022,12,5,20,0,0,0,0,0,0,0,0,-5,-13.39,-9.2,2.2,54.12,0,62.49,0.48,0.913753891,0.77,344.69
2022,12,5,21,0,0,0,0,0,0,0,0,-4.52,-15.1,-9.81,1.83,44.38,0,62.49,0.33,0.6282058,0.5,339.03
2022,12,5,22,0,0,0,0,0,0,0,0,-4.14,-16.92,-10.52,1.59,36.12,0,62.47,0.23,0.437840406,0.36,285.26
2022,12,5,23,0,0,0,0,0,0,0,0,-4.25,-18.05,-11.15,1.4,32.5,0,62.44,0.58,1.104119284,0.92,253.72
2022,12,6,0,0,0,0,0,0,0,0,0,-4.92,-18.04,-11.48,1.4,34.56,0,62.41,0.77,1.465813533,1.26,255.27
2022,12,6,1,0,0,0,0,0,0,0,0,-5.6,-18.25,-11.92,1.4,36.31,0,62.38,0.82,1.56099623,1.39,260.59
2022,12,6,2,0,0,0,0,0,0,0,0,-5.88,-19.57,-12.73,1.22,32.94,0,62.35,0.66,1.2564116,1.06,271.26
2022,12,6,3,0,0,0,0,0,0,0,0,-6.26,-20.35,-13.31,1.16,31.69,0,62.32,0.39,0.742425036,0.58,302.41
2022,12,6,4,0,0,0,0,0,0,0,0,-6.88,-20.76,-13.82,1.1,32.06,0,62.3,0.34,0.647242339,0.54,340.51
2022,12,6,5,0,0,0,0,0,0,0,0,-7.08,-21.53,-14.31,0.98,29.94,0,62.32,0.43,0.818571194,0.68,348.82
2022,12,6,6,0,0,0,0,0,0,0,0,-7.24,-22.14,-14.7,0.92,28.44,0,62.34,0.55,1.047009666,0.9,2.99
2022,12,6,7,0.32,0.32,0.61,32.77,33.83,3.66,0.02,0.08,-6.49,-21.58,-14.03,1.04,28.69,0,62.37,0.59,1.123155824,0.96,8.92
2022,12,6,8,1.05,1.05,1.55,115.02,118.48,13.11,0.15,0.75,-3.45,-15.4,-9.43,1.89,41.25,0,62.42,0.37,0.704351957,0.6,347.23
2022,12,6,9,1.69,1.72,2.33,191.62,197.38,23.56,0.45,2.2,0.14,-18.03,-8.95,1.4,23.19,0,62.47,1.27,2.417640502,1.61,264.15
2022,12,6,10,2.14,2.22,2.88,245.52,256.02,31.46,0.75,3.75,2.4,-16.23,-6.91,1.71,23.62,0,62.49,2.96,5.634815659,3.81,254.05
2022,12,6,11,2.37,2.48,3.19,275.8,288.92,36.21,0.97,4.92,3.62,-14.12,-5.25,2.08,26,0,62.45,3.79,7.214848428,4.92,252.54
2022,12,6,12,2.48,2.56,3.21,290.95,300.83,38.7,1.05,5.35,4.04,-12.49,-4.23,2.38,29,0,62.39,4.19,7.976310003,5.44,251.23
2022,12,6,13,2.26,2.32,2.95,263.8,271.92,34.49,0.85,4.33,3.95,-11.42,-3.74,2.56,31.88,0,62.33,4.27,8.128602318,5.54,250.57
2022,12,6,14,1.77,1.85,2.43,204.58,215.35,25.88,0.52,2.55,3.4,-10.78,-3.69,2.75,34.88,0,62.29,4.07,7.747871531,5.29,249.69
2022,12,6,15,1.14,1.18,1.69,129,136.1,15.17,0.2,0.98,2.26,-10.21,-3.98,2.87,39.62,0,62.27,3.61,6.872190719,4.73,248.48
2022,12,6,16,0.44,0.46,0.8,47.27,49.9,5.2,0.02,0.12,0.08,-8.49,-4.2,3.36,54.56,0,62.27,2.4,4.568769453,3.3,246.29
2022,12,6,17,0,0,0,0,0,0,0,0,-3.22,-8.85,-6.03,3.17,67.25,0,62.29,0.81,1.54195969,1.31,268.64
2022,12,6,18,0,0,0,0,0,0,0,0,-4.74,-9.48,-7.11,2.93,71.94,0,62.32,0.52,0.989900048,0.91,317.43
2022,12,6,19,0,0,0,0,0,0,0,0,-4.74,-10.4,-7.57,2.69,66.12,0,62.35,0.57,1.085082745,0.95,329.2
2022,12,6,20,0,0,0,0,0,0,0,0,-4.62,-11.1,-7.86,2.56,61.19,0,62.37,0.6,1.142192363,0.98,331.39
2022,12,6,21,0,0,0,0,0,0,0,0,-4.52,-12.01,-8.27,2.32,55.94,0,62.37,0.62,1.180265442,0.99,334.65
2022,12,6,22,0,0,0,0,0,0,0,0,-4.33,-13.19,-8.76,2.08,49.44,0,62.35,0.57,1.085082745,0.89,344.74
2022,12,6,23,0,0,0,0,0,0,0,0,-4.16,-14.46,-9.31,1.89,43.19,0,62.33,0.46,0.875680812,0.7,349.7
2022,12,7,0,0,0,0,0,0,0,0,0,-4.06,-15.73,-9.89,1.65,38.06,0,62.31,0.33,0.6282058,0.47,324.46
2022,12,7,1,0,0,0,0,0,0,0,0,-4.24,-16.74,-10.49,1.53,35.19,0,62.29,0.32,0.60916926,0.49,282.93
2022,12,7,2,0,0,0,0,0,0,0,0,-4.75,-17.21,-10.98,1.46,35.25,0,62.27,0.36,0.685315418,0.58,274.64
2022,12,7,3,0,0,0,0,0,0,0,0,-5.21,-17.34,-11.27,1.4,36.25,0,62.25,0.29,0.552059642,0.46,286.89
2022,12,7,4,0,0,0,0,0,0,0,0,-5.56,-17.24,-11.4,1.46,37.69,0,62.25,0.27,0.513986563,0.4,310.24
2022,12,7,5,0,0,0,0,0,0,0,0,-5.74,-17.02,-11.38,1.46,39,0,62.26,0.29,0.552059642,0.42,333.43
2022,12,7,6,0,0,0,0,0,0,0,0,-5.75,-16.99,-11.37,1.46,39.19,0,62.29,0.31,0.590132721,0.45,353
2022,12,7,7,0.35,0.35,0.6,35.45,36.23,3.77,0.02,0.08,-5.38,-16.51,-10.95,1.59,40.38,0,62.34,0.32,0.60916926,0.49,9.16
2022,12,7,8,1.11,1.11,1.54,123,126.88,14.02,0.16,0.77,-3.26,-11.96,-7.61,2.5,54.25,0,62.39,0.2,0.380730788,0.36,10.08
2022,12,7,9,1.76,1.8,2.32,202.1,208.17,25.27,0.48,2.35,0.03,-14.31,-7.13,2.01,32.88,0,62.44,1.09,2.074982793,1.36,262.38
2022,12,7,10,2.27,2.3,2.87,261.92,267.42,34.17,0.82,4.1,2.35,-14.63,-6.14,2.01,28,0,62.44,2.7,5.139865635,3.43,254.7
2022,12,7,11,2.49,2.57,3.18,289.35,299.27,38.48,1.03,5.27,3.62,-13.46,-4.92,2.26,28.31,0,62.39,3.35,6.377240695,4.31,252.26
2022,12,7,12,2.49,2.54,3.2,290.4,295.65,38.24,1.02,5.23,4.13,-12.01,-3.94,2.56,31.06,0,62.33,3.67,6.986409955,4.75,248.37
2022,12,7,13,2.18,2.29,2.95,252.55,265.35,32.7,0.8,4.05,4.03,-10.71,-3.34,2.87,35,0,62.27,3.75,7.13870227,4.84,246.21
2022,12,7,14,1.66,1.8,2.43,188.9,208.45,23.7,0.47,2.33,3.44,-9.76,-3.16,3.11,39.56,0,62.23,3.54,6.738934943,4.58,246.24
2022,12,7,15,1.02,1.15,1.69,114.58,130.33,13.67,0.18,0.9,2.37,-9.06,-3.34,3.3,45.44,0,62.21,3.06,5.825181052,3.98,247.51
2022,12,7,16,0.42,0.44,0.8,44.35,46.88,5.01,0.02,0.12,0.4,-7.6,-3.6,3.78,59.81,0,62.21,1.89,3.597905944,2.67,247.79
2022,12,7,17,0,0,0,0,0,0,0,0,-2.53,-6.43,-4.48,3.97,79.5,0,62.22,0.58,1.104119284,1.06,256.78
2022,12,7,18,0,0,0,0,0,0,0,0,-3.81,-7.32,-5.56,3.72,83.25,0,62.25,0.48,0.913753891,0.79,335.98
2022,12,7,19,0,0,0,0,0,0,0,0,-3.85,-8.52,-6.19,3.36,75.81,0,62.28,0.56,1.066046206,0.91,348.59
2022,12,7,20,0,0,0,0,0,0,0,0,-3.31,-9.73,-6.52,3.05,65.31,0,62.31,0.53,1.008936588,0.77,339.92
2022,12,7,21,0,0,0,0,0,0,0,0,-3.18,-10.65,-6.92,2.81,59.31,0,62.34,0.52,0.989900048,0.72,310.6
2022,12,7,22,0,0,0,0,0,0,0,0,-3.45,-11.26,-7.35,2.62,57,0,62.36,0.49,0.93279043,0.67,308.87
2022,12,7,23,0,0,0,0,0,0,0,0,-3.7,-11.81,-7.76,2.44,54.81,0,62.36,0.41,0.780498115,0.59,318.24
2022,12,8,0,0,0,0,0,0,0,0,0,-3.9,-12.32,-8.11,2.32,52.75,0,62.35,0.33,0.6282058,0.48,336.8
2022,12,8,1,0,0,0,0,0,0,0,0,-4.19,-12.78,-8.49,2.2,51.5,0,62.33,0.34,0.647242339,0.48,325.54
2022,12,8,2,0,0,0,0,0,0,0,0,-4.41,-13.24,-8.82,2.14,50.25,0,62.31,0.35,0.666278879,0.51,339.34
2022,12,8,3,0,0,0,0,0,0,0,0,-4.65,-14.12,-9.38,1.95,47.06,0,62.29,0.36,0.685315418,0.52,359.14
2022,12,8,4,0,0,0,0,0,0,0,0,-4.71,-15.43,-10.07,1.71,41.81,0,62.27,0.38,0.723388497,0.53,354.96
2022,12,8,5,0,0,0,0,0,0,0,0,-4.81,-17.24,-11.02,1.46,35.88,0,62.29,0.46,0.875680812,0.63,346.31
2022,12,8,6,0,0,0,0,0,0,0,0,-4.95,-19.06,-12.01,1.22,30.69,0,62.32,0.55,1.047009666,0.77,350.06
2022,12,8,7,0.32,0.33,0.58,32.6,34.23,3.54,0.02,0.08,-4.71,-19.6,-12.16,1.22,29.31,0,62.37,0.6,1.142192363,0.86,357.4
2022,12,8,8,1.08,1.08,1.53,120.2,123.83,13.66,0.16,0.77,-2.58,-13.95,-8.27,2.14,43.81,0,62.42,0.43,0.818571194,0.71,5.71
2022,12,8,9,1.75,1.77,2.31,201.48,204.9,24.95,0.48,2.35,0.68,-16.56,-7.94,1.71,26.69,0,62.46,0.89,1.694252005,1.1,280.27
2022,12,8,10,2.26,2.26,2.87,261.17,263.7,33.77,0.82,4.1,2.78,-15.2,-6.2,2.01,27.12,0,62.46,2.62,4.987573319,3.34,257.98
2022,12,8,11,2.52,2.53,3.17,293.38,294.88,38.55,1.04,5.27,3.76,-12.95,-4.6,2.44,30.56,0,62.42,3.17,6.034582986,4.09,254.02
2022,12,8,12,2.44,2.5,3.2,285.3,293.25,37.45,1.02,5.25,4.2,-11.01,-3.41,2.87,34.81,0,62.35,3.44,6.548569549,4.45,251.15
2022,12,8,13,2.17,2.26,2.94,251.48,263.38,32.55,0.81,4.1,4.16,-9.53,-2.69,3.23,39.38,0,62.28,3.55,6.757971482,4.59,249.99
2022,12,8,14,1.69,1.79,2.43,193.98,206.88,24.22,0.49,2.45,3.69,-8.61,-2.46,3.48,43.69,0,62.25,3.49,6.643752246,4.53,249.59
2022,12,8,15,1.06,1.14,1.69,118.83,129.3,13.98,0.19,0.92,2.62,-7.93,-2.66,3.66,49.62,0,62.23,3.12,5.939400289,4.08,248.65
2022,12,8,16,0.43,0.43,0.81,45.7,46.98,5.11,0.02,0.12,0.59,-6.79,-3.1,3.97,62.38,0,62.23,1.99,3.788271338,2.77,246.25
2022,12,8,17,0,0,0,0,0,0,0,0,-2.74,-5.73,-4.24,4.15,84.81,0,62.25,0.54,1.027973127,0.99,262.32
2022,12,8,18,0,0,0,0,0,0,0,0,-4.15,-6.3,-5.23,3.97,91.44,0,62.29,0.38,0.723388497,0.66,331.01
2022,12,8,19,0,0,0,0,0,0,0,0,-4.21,-7.33,-5.77,3.6,84,0,62.33,0.43,0.818571194,0.72,343.54
2022,12,8,20,0,0,0,0,0,0,0,0,-3.91,-8.91,-6.41,3.11,71.25,0,62.37,0.43,0.818571194,0.69,336.63
2022,12,8,21,0,0,0,0,0,0,0,0,-3.51,-10.6,-7.06,2.69,59.44,0,62.4,0.44,0.837607733,0.66,331.93
2022,12,8,22,0,0,0,0,0,0,0,0,-3.45,-12.08,-7.77,2.38,51.81,0,62.41,0.47,0.894717351,0.72,339.01
2022,12,8,23,0,0,0,0,0,0,0,0,-3.33,-13.41,-8.37,2.08,45.31,0,62.38,0.59,1.123155824,0.89,338.85
2022,12,9,0,0,0,0,0,0,0,0,0,-3.23,-14.38,-8.81,1.89,41.12,0,62.35,0.7,1.332557757,1.05,332.48
2022,12,9,1,0,0,0,0,0,0,0,0,-3.24,-14.96,-9.1,1.83,39.12,0,62.34,0.75,1.427740454,1.11,327.31
2022,12,9,2,0,0,0,0,0,0,0,0,-3.35,-15.25,-9.3,1.77,38.75,0,62.31,0.81,1.54195969,1.21,331.12
2022,12,9,3,0,0,0,0,0,0,0,0,-3.52,-15.72,-9.62,1.71,37.81,0,62.29,0.87,1.656178927,1.29,344.2
2022,12,9,4,0,0,0,0,0,0,0,0,-3.7,-16.35,-10.02,1.65,36.25,0,62.28,0.91,1.732325084,1.34,356.32
2022,12,9,5,0,0,0,0,0,0,0,0,-3.67,-16.99,-10.32,1.53,34.06,0,62.3,0.92,1.751361624,1.33,4.37
2022,12,9,6,0,0,0,0,0,0,0,0,-3.67,-17.56,-10.61,1.46,32.44,0,62.35,0.89,1.694252005,1.27,12.84
2022,12,9,7,0.3,0.3,0.57,31.42,31.83,3.46,0.02,0.05,-3.24,-17.44,-10.34,1.46,31.81,0,62.39,0.76,1.446776993,1.06,18.43
2022,12,9,8,1.05,1.05,1.51,118.35,121.05,13.46,0.16,0.75,-1.08,-14.62,-7.85,2.01,35.69,0,62.44,0.32,0.60916926,0.45,345.96
2022,12,9,9,1.71,1.73,2.29,198.65,203.15,24.74,0.47,2.3,1.55,-12.44,-5.45,2.5,36.75,0,62.5,1.48,2.817407829,1.9,245.75
2022,12,9,10,2.22,2.24,2.86,260.67,263.75,33.88,0.81,4.05,3.37,-12.12,-4.37,2.56,32.81,0,62.52,3.23,6.148802222,4.22,241.68
2022,12,9,11,2.44,2.51,3.16,287.7,296.8,38.24,1.02,5.25,4.13,-11.09,-3.48,2.75,33.88,0,62.49,4.08,7.76690807,5.33,245.76
2022,12,9,12,2.41,2.51,3.19,284.38,296.3,37.7,1.02,5.23,4.34,-10.2,-2.93,2.99,35.81,0,62.43,4.46,8.490296567,5.8,247.51
2022,12,9,13,2.17,2.28,2.94,255.55,268.77,33.3,0.82,4.12,4.09,-9.44,-2.67,3.17,38.62,0,62.37,4.54,8.642588882,5.89,247.21
2022,12,9,14,1.73,1.82,2.43,200.9,214.02,25.3,0.51,2.5,3.4,-8.71,-2.66,3.3,42.62,0,62.32,4.29,8.166675397,5.56,246.14
2022,12,9,15,1.1,1.18,1.69,125.85,136.95,14.8,0.2,0.95,2.13,-8.01,-2.94,3.48,48.94,0,62.3,3.68,7.005446494,4.79,245.32
2022,12,9,16,0.45,0.46,0.81,49.83,51.77,5.37,0.02,0.12,0.01,-6.82,-3.41,3.85,62.56,0,62.28,2.37,4.511659835,3.23,245.54
2022,12,9,17,0,0,0,0,0,0,0,0,-3.34,-6.66,-4.99,3.78,81.62,0,62.3,0.69,1.313521218,1.15,270.78
2022,12,9,18,0,0,0,0,0,0,0,0,-4.71,-7.72,-6.21,3.42,83.56,0,62.34,0.5,0.951826969,0.89,315
2022,12,9,19,0,0,0,0,0,0,0,0,-4.47,-9.14,-6.81,3.05,72.62,0,62.37,0.51,0.970863509,0.92,301.13
2022,12,9,20,0,0,0,0,0,0,0,0,-3.75,-10.15,-6.95,2.81,62.69,0,62.41,0.48,0.913753891,0.83,283.64
2022,12,9,21,0,0,0,0,0,0,0,0,-3.69,-10.74,-7.21,2.69,59.25,0,62.43,0.55,1.047009666,0.9,272.99
2022,12,9,22,0,0,0,0,0,0,0,0,-3.92,-11.16,-7.53,2.56,58.19,0,62.44,0.66,1.2564116,1.03,278.25
2022,12,9,23,0,0,0,0,0,0,0,0,-4.38,-11.63,-8,2.44,58.25,0,62.44,0.75,1.427740454,1.21,283.41
2022,12,10,0,0,0,0,0,0,0,0,0,-4.51,-12.11,-8.31,2.38,56.62,0,62.44,0.66,1.2564116,1.04,289.39
2022,12,10,1,0,0,0,0,0,0,0,0,-4.78,-12.56,-8.67,2.32,56.06,0,62.43,0.6,1.142192363,0.96,292.41
2022,12,10,2,0,0,0,0,0,0,0,0,-4.92,-12.93,-8.92,2.26,55.5,0,62.41,0.6,1.142192363,0.96,295.1
2022,12,10,3,0,0,0,0,0,0,0,0,-4.62,-13.63,-9.13,2.14,51.56,0,62.39,0.61,1.161228903,0.93,293.77
2022,12,10,4,0,0,0,0,0,0,0,0,-4.75,-13.92,-9.34,2.14,51.75,0,62.38,0.58,1.104119284,0.87,286.8
2022,12,10,5,0,0,0,0,0,0,0,0,-5.28,-14.07,-9.68,2.14,54.56,0,62.38,0.46,0.875680812,0.69,300.63
2022,12,10,6,0,0,0,0,0,0,0,0,-5.77,-14.46,-10.11,2.08,55.81,0,62.41,0.41,0.780498115,0.61,325.91
2022,12,10,7,0.3,0.32,0.56,31.55,34.2,3.44,0.02,0.08,-5.81,-14.52,-10.16,2.08,56.19,0,62.46,0.38,0.723388497,0.61,340.64
2022,12,10,8,1.07,1.08,1.5,122.17,126.2,13.83,0.16,0.77,-3.09,-10.89,-6.99,2.81,60,0,62.5,0.44,0.837607733,0.71,316.33
2022,12,10,9,1.75,1.77,2.28,204.73,208.65,25.51,0.48,2.4,0.43,-14.05,-6.81,2.2,34.69,0,62.54,1.57,2.988736684,2.01,275.58
2022,12,10,10,2.24,2.28,2.85,263.3,269.38,34.45,0.84,4.23,2.86,-14.34,-5.74,2.14,28.69,0,62.54,3.23,6.148802222,4.19,260.34
2022,12,10,11,2.55,2.56,3.16,300.98,302.95,40.05,1.09,5.55,4.01,-13.35,-4.67,2.32,28.56,0,62.5,4.1,7.804981149,5.38,256.47
2022,12,10,12,2.47,2.55,3.19,291.88,301.3,38.95,1.08,5.58,4.47,-12.33,-3.93,2.5,30.19,0,62.44,4.51,8.585479264,5.9,254.4
2022,12,10,13,2.23,2.35,2.94,260.62,275.92,34.68,0.89,4.5,4.35,-11.31,-3.49,2.75,33.12,0,62.38,4.51,8.585479264,5.88,254.04
2022,12,10,14,1.75,1.9,2.43,203.23,222.33,26.18,0.55,2.7,3.77,-10.44,-3.34,2.93,36.94,0,62.32,4.25,8.09052924,5.54,254.55
2022,12,10,15,1.13,1.25,1.69,128.92,145.33,15.45,0.21,1.05,2.62,-9.62,-3.49,3.17,42.88,0,62.3,3.6,6.853154179,4.73,256.06
2022,12,10,16,0.48,0.52,0.81,52.23,57.62,5.52,0.03,0.15,0.45,-7.99,-3.77,3.66,58.25,0,62.29,2.2,4.188038665,3.1,259.26
2022,12,10,17,0,0,0,0,0,0,0,0,-2.66,-8.07,-5.37,3.48,70.75,0,62.31,0.89,1.694252005,1.56,283.34
2022,12,10,18,0,0,0,0,0,0,0,0,-4.1,-9.35,-6.73,3.11,72,0,62.35,0.88,1.675215466,1.62,322.47
2022,12,10,19,0,0,0,0,0,0,0,0,-4.2,-11.24,-7.72,2.62,61.5,0,62.38,0.96,1.827507781,1.75,327.59
2022,12,10,20,0,0,0,0,0,0,0,0,-3.85,-13.04,-8.44,2.26,51,0,62.41,0.97,1.846544321,1.7,322.87
2022,12,10,21,0,0,0,0,0,0,0,0,-3.03,-14.87,-8.95,1.95,40.62,0,62.44,0.89,1.694252005,1.39,321.14
2022,12,10,22,0,0,0,0,0,0,0,0,-2.96,-15.73,-9.35,1.77,37.38,0,62.46,0.86,1.637142387,1.29,320.42
2022,12,10,23,0,0,0,0,0,0,0,0,-3.19,-16.2,-9.7,1.71,36.69,0,62.45,0.83,1.580032769,1.26,319.28
2022,12,11,0,0,0,0,0,0,0,0,0,-3.82,-16.24,-10.03,1.71,38.88,0,62.45,0.9,1.713288545,1.43,305.25
2022,12,11,1,0,0,0,0,0,0,0,0,-3.95,-16.79,-10.37,1.65,37.44,0,62.44,1.03,1.960763557,1.65,297.42
2022,12,11,2,0,0,0,0,0,0,0,0,-4.36,-17.07,-10.71,1.59,38.06,0,62.43,1.21,2.303421266,2.01,294.87
2022,12,11,3,0,0,0,0,0,0,0,0,-4.85,-17.94,-11.39,1.46,36.44,0,62.41,1.34,2.550896278,2.31,291.19
2022,12,11,4,0,0,0,0,0,0,0,0,-5.08,-18.94,-12.01,1.34,33.56,0,62.4,1.43,2.722225132,2.5,282.43
2022,12,11,5,0,0,0,0,0,0,0,0,-5.32,-19.59,-12.45,1.28,32.25,0,62.42,1.47,2.79837129,2.59,274.85
2022,12,11,6,0,0,0,0,0,0,0,0,-5.66,-19.96,-12.81,1.22,32.25,0,62.46,1.35,2.569932817,2.37,272.27
2022,12,11,7,0.3,0.33,0.55,31.52,34.6,3.33,0.02,0.05,-5.05,-19.23,-12.13,1.28,32.94,0,62.51,1.21,2.303421266,2.09,272.57
2022,12,11,8,1.09,1.1,1.49,122.73,127.23,13.76,0.15,0.73,-2.16,-12.74,-7.45,2.38,46.94,0,62.58,0.91,1.732325084,1.68,270
2022,12,11,9,1.75,1.79,2.27,203.6,209.38,25.27,0.47,2.3,1.4,-14.58,-6.59,1.95,28.94,0,62.62,1.94,3.693088641,2.61,260.88
2022,12,11,10,2.22,2.29,2.84,260.08,269.55,33.89,0.8,3.98,3.3,-14.9,-5.8,1.95,25.44,0,62.64,3.15,5.996509907,4.09,257.98
2022,12,11,11,2.49,2.57,3.15,292.45,302.88,39.01,1.04,5.3,4.33,-13.49,-4.58,2.2,26.25,0,62.6,3.54,6.738934943,4.56,258.75
2022,12,11,12,2.45,2.54,3.18,287.88,298.62,38.04,1.02,5.17,4.98,-12.18,-3.6,2.44,27.81,0,62.53,3.84,7.310031125,4.96,258.28
2022,12,11,13,2.21,2.31,2.94,258.5,270.88,33.62,0.83,4.17,5.19,-11.35,-3.08,2.56,29.31,0,62.45,3.96,7.538469597,5.13,258.12
2022,12,11,14,1.77,1.85,2.43,204.83,215.98,25.71,0.51,2.52,4.93,-10.89,-2.98,2.69,31,0,62.4,3.78,7.195811888,4.92,259.19
2022,12,11,15,1.13,1.2,1.69,128.02,138.6,14.95,0.2,0.95,3.98,-10.39,-3.21,2.81,34.75,0,62.36,3.11,5.920363749,4.1,263
2022,12,11,16,0.46,0.48,0.82,50.88,53.1,5.45,0.02,0.12,1.84,-8.14,-3.15,3.48,49.56,0,62.34,1.63,3.10295592,2.38,272.07
2022,12,11,17,0,0,0,0,0,0,0,0,-1.34,-9.49,-5.42,2.99,54.5,0,62.35,0.87,1.656178927,1.57,318.44
2022,12,11,18,0,0,0,0,0,0,0,0,-1.94,-11.35,-6.64,2.56,49.12,0,62.38,1.03,1.960763557,1.75,351
2022,12,11,19,0,0,0,0,0,0,0,0,-1.41,-12.81,-7.11,2.26,41.12,0,62.41,1.01,1.922690478,1.64,355.91
2022,12,11,20,0,0,0,0,0,0,0,0,-0.38,-14.32,-7.35,1.95,32.69,0,62.44,1.01,1.922690478,1.55,352.77
2022,12,11,21,0,0,0,0,0,0,0,0,-0.17,-14.92,-7.55,1.83,30.12,0,62.46,0.98,1.86558086,1.47,338.09
2022,12,11,22,0,0,0,0,0,0,0,0,-0.31,-15.12,-7.71,1.77,30,0,62.47,0.91,1.732325084,1.33,321.65
2022,12,11,23,0,0,0,0,0,0,0,0,-0.88,-14.88,-7.88,1.83,32.19,0,62.47,0.85,1.618105848,1.25,304.58
2022,12,12,0,0,0,0,0,0,0,0,0,-1.69,-14.55,-8.12,1.89,35.69,0,62.46,0.85,1.618105848,1.3,290.07
2022,12,12,1,0,0,0,0,0,0,0,0,-2.13,-14.81,-8.47,1.83,36.38,0,62.46,1.03,1.960763557,1.62,276.65
2022,12,12,2,0,0,0,0,0,0,0,0,-2.51,-15.13,-8.82,1.83,36.81,0,62.46,1.11,2.113055872,1.78,272.77
2022,12,12,3,0,0,0,0,0,0,0,0,-2.75,-15.68,-9.21,1.77,36.12,0,62.45,1.01,1.922690478,1.61,271.39
2022,12,12,4,0,0,0,0,0,0,0,0,-2.43,-17.19,-9.81,1.53,30.12,0,62.44,0.95,1.808471242,1.44,274.04
2022,12,12,5,0,0,0,0,0,0,0,0,-2.52,-18.33,-10.42,1.34,27,0,62.44,0.81,1.54195969,1.2,278.97
2022,12,12,6,0,0,0,0,0,0,0,0,-2.52,-19.56,-11.04,1.16,23.94,0,62.47,0.59,1.123155824,0.85,287.1
2022,12,12,7,0.29,0.31,0.54,29.73,32.8,3.19,0.02,0.05,-2,-20.03,-11.02,1.16,22.06,0,62.51,0.3,0.571096182,0.43,306.03
2022,12,12,8,1.06,1.08,1.48,119.52,124.27,13.48,0.16,0.8,0.1,-15.49,-7.69,1.83,30.31,0,62.55,0.27,0.513986563,0.43,261.72
2022,12,12,9,1.73,1.76,2.27,201.27,206.4,24.95,0.49,2.45,2.73,-14.63,-5.95,1.95,26.19,0,62.6,1.3,2.47475012,1.7,243.55
2022,12,12,10,2.26,2.27,2.83,263.42,266.85,34.23,0.85,4.3,4.44,-15.17,-5.36,1.83,22.31,0,62.62,2.99,5.691925277,3.9,245.39
2022,12,12,11,2.5,2.55,3.14,294.98,300.73,39.22,1.1,5.67,5.35,-13.38,-4.02,2.2,24.38,0,62.59,3.87,7.367140743,5.05,246.45
2022,12,12,12,2.49,2.5,3.18,291.73,293.7,38.26,1.07,5.52,5.68,-11.91,-3.12,2.5,27.12,0,62.53,4.24,8.0714927,5.51,245.25
2022,12,12,13,2.2,2.27,2.94,257.05,266.23,33.1,0.85,4.35,5.52,-10.92,-2.7,2.69,30,0,62.47,4.33,8.242821555,5.61,245.75
2022,12,12,14,1.78,1.8,2.43,206.4,212.02,25.52,0.53,2.65,4.87,-10.31,-2.72,2.87,33.12,0,62.44,4.02,7.652688834,5.21,247.32
2022,12,12,15,1.1,1.17,1.7,125.77,136.48,14.62,0.21,1.02,3.6,-9.74,-3.06,2.99,38.12,0,62.42,3.16,6.015546446,4.12,250.64
2022,12,12,16,0.47,0.48,0.82,51.65,53.1,5.53,0.03,0.15,1.33,-8.06,-3.36,3.54,52.62,0,62.39,1.66,3.160065538,2.31,257.89
2022,12,12,17,0,0,0,0,0,0,0,0,-2.06,-9.27,-5.67,3.05,59.31,0,62.39,0.54,1.027973127,0.92,314.66
2022,12,12,18,0,0,0,0,0,0,0,0,-2.65,-11.25,-6.95,2.56,52.69,0,62.41,0.52,0.989900048,0.85,351.57
2022,12,12,19,0,0,0,0,0,0,0,0,-2.06,-12.99,-7.52,2.2,43,0,62.43,0.41,0.780498115,0.64,342.23
2022,12,12,20,0,0,0,0,0,0,0,0,-1.24,-14.81,-8.03,1.89,33.88,0,62.46,0.35,0.666278879,0.52,307.04
2022,12,12,21,0,0,0,0,0,0,0,0,-1.34,-16.18,-8.76,1.65,30.06,0,62.48,0.64,1.218338521,0.95,269.53
2022,12,12,22,0,0,0,0,0,0,0,0,-2.15,-15.74,-8.94,1.71,33.38,0,62.5,0.81,1.54195969,1.27,255.36
2022,12,12,23,0,0,0,0,0,0,0,0,-3.43,-14.3,-8.87,1.95,42.56,0,62.5,0.97,1.846544321,1.68,256.29
2022,12,13,0,0,0,0,0,0,0,0,0,-3.99,-13.98,-8.98,2.01,46.12,0,62.49,0.97,1.846544321,1.73,260.62
2022,12,13,1,0,0,0,0,0,0,0,0,-4.37,-13.85,-9.11,2.01,48.25,0,62.48,0.82,1.56099623,1.47,262.69
2022,12,13,2,0,0,0,0,0,0,0,0,-4.77,-13.56,-9.17,2.14,51.56,0,62.46,0.74,1.408703915,1.33,268.65
2022,12,13,3,0,0,0,0,0,0,0,0,-5.21,-13.46,-9.34,2.14,54.31,0,62.45,0.7,1.332557757,1.24,277.26
2022,12,13,4,0,0,0,0,0,0,0,0,-5.7,-14.16,-9.93,2.01,53.25,0,62.44,0.69,1.313521218,1.19,287.24
2022,12,13,5,0,0,0,0,0,0,0,0,-5.84,-15.25,-10.54,1.83,48.88,0,62.45,0.65,1.23737506,1.06,305.44
2022,12,13,6,0,0,0,0,0,0,0,0,-5.99,-16.4,-11.2,1.65,44.69,0,62.49,0.66,1.2564116,1.05,322.54
2022,12,13,7,0.27,0.29,0.52,28.27,31.52,3.12,0.02,0.05,-5.61,-16.55,-11.08,1.65,42.94,0,62.53,0.68,1.294484678,1.09,329.95
2022,12,13,8,1.02,1.06,1.47,115.92,123.15,13.2,0.16,0.8,-2.79,-11.1,-6.95,2.75,56.81,0,62.57,0.53,1.008936588,0.95,324.08
2022,12,13,9,1.67,1.75,2.26,195,205.85,24.72,0.5,2.5,1.19,-15.14,-6.98,1.89,28.44,0,62.61,1.4,2.665115514,1.82,286.72
2022,12,13,10,2.16,2.27,2.82,253.2,266.77,33.46,0.85,4.35,3.65,-16.09,-6.22,1.71,21.88,0,62.62,2.99,5.691925277,3.89,265.86
2022,12,13,11,2.33,2.54,3.14,274,299.92,36.95,1.05,5.48,4.83,-15.11,-5.14,1.89,21.81,0,62.58,3.85,7.329067664,5.04,260.99
2022,12,13,12,2.33,2.49,3.18,272.38,291.67,35.97,1.02,5.33,5.3,-13.93,-4.31,2.08,23.5,0,62.51,4.33,8.242821555,5.67,259.28
2022,12,13,13,2.06,2.28,2.93,239.62,266.55,31.17,0.81,4.17,5.23,-12.89,-3.83,2.32,25.94,0,62.44,4.37,8.318967712,5.72,259.06
2022,12,13,14,1.67,1.84,2.43,193.67,213.98,24.51,0.53,2.65,4.69,-12.22,-3.77,2.44,28.62,0,62.38,4.02,7.652688834,5.28,260.04
2022,12,13,15,1.07,1.2,1.7,121.67,138.25,14.5,0.21,1.05,3.55,-11.6,-4.02,2.62,32.94,0,62.33,3.35,6.377240695,4.45,262.44
2022,12,13,16,0.48,0.49,0.83,51.38,54.08,5.52,0.03,0.15,1.12,-8.77,-3.83,3.42,51.31,0,62.31,1.77,3.369467472,2.66,267.81
2022,12,13,17,0,0,0,0,0,0,0,0,-2.2,-9.7,-5.95,2.99,58.38,0,62.3,0.94,1.789434702,1.69,302.37
2022,12,13,18,0,0,0,0,0,0,0,0,-3.1,-11.57,-7.34,2.56,54.06,0,62.32,1.05,1.998836636,1.86,336.01
2022,12,13,19,0,0,0,0,0,0,0,0,-2.77,-13.34,-8.05,2.2,44.88,0,62.34,0.99,1.884617399,1.67,348.11
2022,12,13,20,0,0,0,0,0,0,0,0,-1.88,-15.17,-8.52,1.83,35.19,0,62.37,0.95,1.808471242,1.49,350.93
2022,12,13,21,0,0,0,0,0,0,0,0,-1.6,-16.33,-8.97,1.65,30.81,0,62.39,0.86,1.637142387,1.32,334.35
2022,12,13,22,0,0,0,0,0,0,0,0,-1.74,-16.83,-9.29,1.59,29.75,0,62.4,0.87,1.656178927,1.31,314.52
2022,12,13,23,0,0,0,0,0,0,0,0,-2.1,-16.22,-9.16,1.65,32.44,0,62.39,0.91,1.732325084,1.34,305.54
2022,12,14,0,0,0,0,0,0,0,0,0,-2.77,-15.44,-9.1,1.83,37.56,0,62.39,0.9,1.713288545,1.38,302.97
2022,12,14,1,0,0,0,0,0,0,0,0,-2.77,-15.81,-9.29,1.77,36.56,0,62.38,0.89,1.694252005,1.35,304.88
2022,12,14,2,0,0,0,0,0,0,0,0,-2.85,-16.45,-9.65,1.65,34.75,0,62.36,0.91,1.732325084,1.36,306.61
2022,12,14,3,0,0,0,0,0,0,0,0,-3.71,-16.95,-10.33,1.65,36.5,0,62.35,0.99,1.884617399,1.53,302.72
2022,12,14,4,0,0,0,0,0,0,0,0,-3.49,-18.45,-10.97,1.4,31.19,0,62.34,0.99,1.884617399,1.46,305.64
2022,12,14,5,0,0,0,0,0,0,0,0,-3.33,-19.81,-11.57,1.28,27.12,0,62.35,0.93,1.770398163,1.34,305.73
2022,12,14,6,0,0,0,0,0,0,0,0,-3.27,-20.89,-12.08,1.16,24.5,0,62.38,0.78,1.484850072,1.09,303.58
2022,12,14,7,0.26,0.28,0.51,26.4,29.2,3,0.02,0.08,-2.95,-21.13,-12.04,1.1,23.31,0,62.42,0.65,1.23737506,0.89,293.2
2022,12,14,8,1.01,1.05,1.46,112.83,119.35,12.93,0.16,0.83,-1.24,-15.18,-8.21,2.08,37.25,0,62.47,0.55,1.047009666,0.82,261.25
2022,12,14,9,1.7,1.74,2.25,195.55,202.05,24.45,0.52,2.58,1.35,-14.49,-6.57,2.01,30.44,0,62.52,1.39,2.646078975,1.82,248.06
2022,12,14,10,2.16,2.27,2.82,249.98,263.55,32.81,0.87,4.42,3.26,-14.59,-5.67,2.14,27.62,0,62.53,2.84,5.406377186,3.66,245.29
2022,12,14,11,2.36,2.55,3.13,275.42,297.75,37.06,1.09,5.8,4.24,-12.95,-4.35,2.38,29.12,0,62.5,3.45,6.567606089,4.46,245.01
2022,12,14,12,2.23,2.45,3.17,258.75,284.58,34.09,1.02,5.42,4.64,-11.52,-3.45,2.69,31.44,0,62.44,3.87,7.367140743,5.02,244.83
2022,12,14,13,1.97,2.26,2.93,224.92,259.9,29.27,0.8,4.12,4.48,-10.51,-3.01,2.87,34.31,0,62.38,4.01,7.633652294,5.18,246.14
2022,12,14,14,1.57,1.8,2.43,180.83,208,23.11,0.53,2.67,3.8,-9.85,-3.02,3.05,38.06,0,62.33,3.87,7.367140743,5.01,247.35
2022,12,14,15,1,1.17,1.7,111.98,133.33,13.62,0.22,1.1,2.48,-9.27,-3.39,3.23,43.88,0,62.31,3.34,6.358204155,4.35,247.3
2022,12,14,16,0.45,0.47,0.84,48.35,51.65,5.48,0.03,0.17,0.2,-7.91,-3.85,3.6,58.44,0,62.3,2.04,3.883454035,2.8,248.08
2022,12,14,17,0,0,0,0,0,0,0,0,-3.36,-7.99,-5.67,3.48,74.88,0,62.31,0.59,1.123155824,1.01,283.82
2022,12,14,18,0,0,0,0,0,0,0,0,-4.7,-9.78,-7.24,2.99,72.25,0,62.32,0.56,1.066046206,1.01,321.89
2022,12,14,19,0,0,0,0,0,0,0,0,-4.42,-12.24,-8.34,2.44,57.62,0,62.34,0.6,1.142192363,1.07,313.23
2022,12,14,20,0,0,0,0,0,0,0,0,-3.61,-14.81,-9.21,1.95,43.25,0,62.35,0.65,1.23737506,1.14,297.45
2022,12,14,21,0,0,0,0,0,0,0,0,-3.57,-17.06,-10.31,1.59,35.56,0,62.36,0.87,1.656178927,1.51,277.42
2022,12,14,22,0,0,0,0,0,0,0,0,-4.1,-17.1,-10.6,1.59,37.12,0,62.36,1.06,2.017873175,1.9,265.28
2022,12,14,23,0,0,0,0,0,0,0,0,-4.61,-17.1,-10.85,1.65,39.25,0,62.35,1.09,2.074982793,1.97,258.82
2022,12,15,0,0,0,0,0,0,0,0,0,-5.13,-16.91,-11.02,1.65,42.19,0,62.33,1.13,2.151128951,2.06,258.65
2022,12,15,1,0,0,0,0,0,0,0,0,-5.57,-16.41,-10.99,1.77,46.06,0,62.31,1.1,2.094019333,1.99,262.35
2022,12,15,2,0,0,0,0,0,0,0,0,-6.35,-16.02,-11.19,1.83,50.81,0,62.28,1.08,2.055946254,1.95,270.46
2022,12,15,3,0,0,0,0,0,0,0,0,-6.95,-15.48,-11.21,1.89,56.19,0,62.24,1,1.903653939,1.74,285.1
2022,12,15,4,0,0,0,0,0,0,0,0,-7.11,-15.2,-11.16,2.01,59.25,0,62.2,0.95,1.808471242,1.56,310.32
2022,12,15,5,0,0,0,0,0,0,0,0,-7.31,-15.46,-11.38,1.95,59.94,0,62.17,1.03,1.960763557,1.66,331.99
2022,12,15,6,0,0,0,0,0,0,0,0,-7.47,-16.29,-11.88,1.89,57.38,0,62.17,1.14,2.17016549,1.84,346.26
2022,12,15,7,0.25,0.26,0.5,25.48,27.38,2.89,0.01,0.05,-6.94,-16.67,-11.8,1.77,52.69,0,62.18,1.18,2.246311648,1.92,355.33
2022,12,15,8,0.98,1.01,1.45,110.52,115.3,12.53,0.15,0.73,-3.79,-12.01,-7.9,2.62,58.38,0,62.21,0.93,1.770398163,1.63,1.38
2022,12,15,9,1.68,1.69,2.24,193.25,196.8,23.73,0.45,2.25,0.09,-15.05,-7.48,2.08,33.25,0,62.25,1.36,2.588969357,1.73,329.61
2022,12,15,10,2.17,2.2,2.81,252.55,257.35,32.52,0.8,4,2.51,-14.87,-6.18,2.14,29.31,0,62.26,2.21,4.207075205,2.82,289.94
2022,12,15,11,2.46,2.48,3.13,287.98,291,37.74,1.03,5.3,3.76,-13.12,-4.67,2.44,30.81,0,62.21,2.84,5.406377186,3.67,274.39
2022,12,15,12,2.23,2.32,3.17,254.98,266.3,32.4,0.89,4.6,4.39,-11.48,-3.55,2.81,33.69,0,62.14,3.31,6.301094537,4.31,266.68
2022,12,15,13,1.97,2.11,2.93,223.33,240.8,28.22,0.72,3.62,4.49,-10.21,-2.86,3.11,37.06,0,62.08,3.46,6.586642628,4.52,264.55
2022,12,15,14,1.53,1.66,2.43,171.65,188.05,21.1,0.45,2.2,4.16,-9.45,-2.64,3.36,40.44,0,62.03,3.29,6.263021458,4.31,265.01
2022,12,15,15,0.92,1.04,1.71,99.8,115.02,11.9,0.17,0.88,3.19,-8.78,-2.8,3.54,46.06,0,62.02,2.71,5.158902174,3.59,267.01
2022,12,15,16,0.39,0.39,0.84,40.12,41.48,4.8,0.03,0.12,0.98,-6.92,-2.96,4.09,61.94,0,62.02,1.39,2.646078975,2.06,272.17
2022,12,15,17,0,0,0,0,0,0,0,0,-1.56,-7,-4.28,3.91,71.94,0,62.04,0.7,1.332557757,1.24,307.81
2022,12,15,18,0,0,0,0,0,0,0,0,-2.51,-8.66,-5.59,3.42,68.75,0,62.08,0.93,1.770398163,1.56,353.69
2022,12,15,19,0,0,0,0,0,0,0,0,-2.01,-10.37,-6.19,2.93,56.94,0,62.11,0.89,1.694252005,1.39,0.97
2022,12,15,20,0,0,0,0,0,0,0,0,-1.85,-11.69,-6.77,2.62,49.88,0,62.14,0.77,1.465813533,1.18,0
2022,12,15,21,0,0,0,0,0,0,0,0,-1.86,-12.59,-7.23,2.44,46,0,62.16,0.73,1.389667375,1.1,347.65
2022,12,15,22,0,0,0,0,0,0,0,0,-2.06,-13.3,-7.68,2.26,43.81,0,62.17,0.7,1.332557757,1.03,338.28
2022,12,15,23,0,0,0,0,0,0,0,0,-2.26,-13.85,-8.06,2.14,42.31,0,62.16,0.65,1.23737506,0.94,329.36
2022,12,16,0,0,0,0,0,0,0,0,0,-2.52,-14.18,-8.35,2.08,41.81,0,62.14,0.64,1.218338521,0.91,314.3
2022,12,16,1,0,0,0,0,0,0,0,0,-2.87,-14.03,-8.45,2.14,43.81,0,62.13,0.68,1.294484678,0.95,303.3
2022,12,16,2,0,0,0,0,0,0,0,0,-3.35,-14.06,-8.7,2.14,45.88,0,62.12,0.77,1.465813533,1.11,293.15
2022,12,16,3,0,0,0,0,0,0,0,0,-3.44,-14.59,-9.01,2.01,44.38,0,62.08,0.72,1.370630836,1.03,299.48
2022,12,16,4,0,0,0,0,0,0,0,0,-3.49,-15.23,-9.36,1.95,42.44,0,62.06,0.68,1.294484678,0.98,318.56
2022,12,16,5,0,0,0,0,0,0,0,0,-3.71,-16,-9.86,1.83,40.38,0,62.06,0.67,1.275448139,0.98,339.55
2022,12,16,6,0,0,0,0,0,0,0,0,-4,-16.89,-10.45,1.65,37.75,0,62.09,0.72,1.370630836,1.07,353.29
2022,12,16,7,0.21,0.22,0.49,20.95,22.2,2.56,0.01,0.05,-4.05,-16.78,-10.42,1.65,38.12,0,62.13,0.8,1.522923151,1.23,3.28
2022,12,16,8,0.91,0.92,1.44,99.02,101.7,11.39,0.12,0.58,-2.1,-11.4,-6.75,2.69,52.62,0,62.17,0.69,1.313521218,1.21,9.64
2022,12,16,9,1.53,1.58,2.23,172.42,179.92,21.05,0.37,1.83,1.59,-13.45,-5.92,2.2,31.81,0,62.2,0.77,1.465813533,1.03,330.9
2022,12,16,10,1.97,2.09,2.8,224.23,238.8,28.56,0.64,3.2,3.74,-13.52,-4.89,2.26,28.5,0,62.22,2.28,4.34033098,2.95,274.1
2022,12,16,11,2.17,2.35,3.12,247.85,270.33,32.15,0.81,4.12,4.55,-11.7,-3.57,2.69,31.69,0,62.21,3.45,6.567606089,4.52,263.24
2022,12,16,12,2.06,2.22,3.17,230.73,251.5,28.88,0.72,3.67,4.84,-10.17,-2.67,3.05,35.38,0,62.17,4.08,7.76690807,5.35,256.41
2022,12,16,13,1.84,1.99,2.93,204.58,221.62,25.1,0.59,2.95,4.62,-8.99,-2.18,3.36,39.56,0,62.13,4.37,8.318967712,5.73,250.3
2022,12,16,14,1.39,1.54,2.44,149.88,168.08,18.12,0.35,1.75,3.7,-7.84,-2.06,3.66,46,0,62.12,4.37,8.318967712,5.73,243.43
2022,12,16,15,0.93,0.96,1.71,96.85,101.35,11.53,0.15,0.75,2.06,-6.71,-2.33,3.97,55.62,0,62.13,3.73,7.100629191,4.89,238.72
2022,12,16,16,0.33,0.35,0.85,32.58,35.05,4.13,0.02,0.1,-0.25,-5.69,-2.97,4.21,70.31,0,62.14,2.34,4.454550217,3.16,236.51
2022,12,16,17,0,0,0,0,0,0,0,0,-3.52,-5.05,-4.28,4.33,94.88,0,62.15,0.39,0.742425036,0.67,259.22
2022,12,16,18,0,0,0,0,0,0,0,0,-5,-5.52,-5.26,4.15,100,0,62.18,0.36,0.685315418,0.68,358.68
2022,12,16,19,0,0,0,0,0,0,0,0,-4.82,-6.87,-5.85,3.66,89.56,0,62.2,0.51,0.970863509,0.93,6.29
2022,12,16,20,0,0,0,0,0,0,0,0,-4.45,-8.27,-6.36,3.23,76.94,0,62.23,0.57,1.085082745,0.96,5.15
2022,12,16,21,0,0,0,0,0,0,0,0,-4.21,-9.38,-6.8,2.93,68.56,0,62.25,0.53,1.008936588,0.85,356.33
2022,12,16,22,0,0,0,0,0,0,0,0,-3.92,-10.7,-7.31,2.62,59.81,0,62.27,0.51,0.970863509,0.76,333.7
2022,12,16,23,0,0,0,0,0,0,0,0,-4.02,-11.9,-7.96,2.38,54.19,0,62.26,0.52,0.989900048,0.78,311.35
2022,12,17,0,0,0,0,0,0,0,0,0,-4.1,-12.65,-8.38,2.2,51,0,62.23,0.48,0.913753891,0.71,313.21
2022,12,17,1,0,0,0,0,0,0,0,0,-4.06,-13.17,-8.61,2.14,48.56,0,62.21,0.45,0.856644272,0.65,312.55
2022,12,17,2,0,0,0,0,0,0,0,0,-3.92,-13.88,-8.9,2.01,45.19,0,62.2,0.48,0.913753891,0.69,301.18
2022,12,17,3,0,0,0,0,0,0,0,0,-3.98,-14.5,-9.24,1.89,43.62,0,62.18,0.54,1.027973127,0.77,307.57
2022,12,17,4,0,0,0,0,0,0,0,0,-4.19,-15.35,-9.77,1.83,42.19,0,62.16,0.59,1.123155824,0.85,329.22
2022,12,17,5,0,0,0,0,0,0,0,0,-4.45,-16.44,-10.45,1.71,39.94,0,62.16,0.66,1.2564116,0.95,349.15
2022,12,17,6,0,0,0,0,0,0,0,0,-4.7,-17.49,-11.1,1.53,37.69,0,62.2,0.71,1.351594296,1.03,1.74
2022,12,17,7,0.21,0.22,0.48,21.17,22.83,2.53,0.01,0.05,-4.55,-17.89,-11.22,1.53,36.12,0,62.24,0.69,1.313521218,1.03,9.61
2022,12,17,8,0.9,0.94,1.43,99.33,105.02,11.55,0.1,0.5,-2.81,-12.56,-7.69,2.44,50.75,0,62.29,0.5,0.951826969,0.85,16.09
2022,12,17,9,1.54,1.6,2.22,174.6,184.02,21.38,0.34,1.65,0.56,-14.31,-6.87,2.08,33.06,0,62.34,0.64,1.218338521,0.83,318.05
2022,12,17,10,1.92,2.09,2.8,220.15,242.2,28.31,0.59,2.92,2.8,-13.98,-5.6,2.26,30.56,0,62.35,2.1,3.997673271,2.68,266.49
2022,12,17,11,2.17,2.36,3.12,250.4,273.15,32.46,0.76,3.77,3.68,-12.17,-4.24,2.69,33.56,0,62.33,3.15,5.996509907,4.08,256.39
2022,12,17,12,1.86,2.2,3.17,209,249.12,26.37,0.62,3.1,3.92,-10.54,-3.31,3.05,37.56,0,62.29,3.77,7.176775349,4.92,250.9
2022,12,17,13,1.66,1.97,2.93,187.02,220.3,23.08,0.51,2.55,3.66,-9.27,-2.8,3.36,42.25,0,62.25,4.06,7.728834991,5.3,247.93
2022,12,17,14,1.22,1.52,2.44,135.27,167.12,16.3,0.29,1.45,2.88,-8.16,-2.63,3.66,48.44,0,62.24,3.98,7.576542676,5.19,246.41
2022,12,17,15,0.85,0.95,1.72,90.62,100.85,10.61,0.12,0.6,1.63,-7.23,-2.8,3.91,56.56,0,62.24,3.45,6.567606089,4.52,245.16
2022,12,17,16,0.3,0.34,0.86,30.35,35.08,3.81,0.02,0.08,-0.38,-6.16,-3.27,4.15,70.25,0,62.24,2.28,4.34033098,3.13,241.71
2022,12,17,17,0,0,0,0,0,0,0,0,-3.24,-5.02,-4.13,4.39,94.12,0,62.26,0.69,1.313521218,1.31,240.68
2022,12,17,18,0,0,0,0,0,0,0,0,-4.17,-5.45,-4.81,4.27,98.5,0,62.3,0.33,0.6282058,0.57,321.71
2022,12,17,19,0,0,0,0,0,0,0,0,-4.63,-6.22,-5.42,3.97,95.81,0,62.33,0.56,1.066046206,0.95,359.53
2022,12,17,20,0,0,0,0,0,0,0,0,-4.39,-7.22,-5.81,3.66,86.12,0,62.36,0.61,1.161228903,0.97,3.69
2022,12,17,21,0,0,0,0,0,0,0,0,-3.83,-8.24,-6.04,3.36,75.25,0,62.37,0.54,1.027973127,0.8,358.88
2022,12,17,22,0,0,0,0,0,0,0,0,-3.74,-9,-6.37,3.11,70,0,62.37,0.46,0.875680812,0.67,353.96
2022,12,17,23,0,0,0,0,0,0,0,0,-3.81,-9.57,-6.69,2.99,67,0,62.35,0.51,0.970863509,0.73,0.62
2022,12,18,0,0,0,0,0,0,0,0,0,-4.02,-10.12,-7.07,2.87,65.06,0,62.32,0.57,1.085082745,0.82,7.13
2022,12,18,1,0,0,0,0,0,0,0,0,-4.17,-10.73,-7.45,2.69,62.38,0,62.3,0.64,1.218338521,0.91,7.37
2022,12,18,2,0,0,0,0,0,0,0,0,-4.36,-11.35,-7.85,2.56,60,0,62.29,0.7,1.332557757,1.01,9.32
2022,12,18,3,0,0,0,0,0,0,0,0,-5.01,-11.65,-8.33,2.5,62,0,62.26,0.81,1.54195969,1.24,15.7
2022,12,18,4,0,0,0,0,0,0,0,0,-5.52,-12.6,-9.06,2.26,59.19,0,62.23,0.96,1.827507781,1.51,22.85
2022,12,18,5,0,0,0,0,0,0,0,0,-6.01,-13.66,-9.84,2.08,55.69,0,62.24,1.04,1.979800096,1.63,25.83
2022,12,18,6,0,0,0,0,0,0,0,0,-6.52,-14.6,-10.56,1.89,53.25,0,62.27,1.03,1.960763557,1.64,24.49
2022,12,18,7,0.17,0.16,0.47,16.98,17.3,2.17,0.01,0.02,-6.27,-14.92,-10.6,1.83,50.94,0,62.31,1.01,1.922690478,1.63,24.1
2022,12,18,8,0.76,0.78,1.42,80.83,84.98,9.41,0.08,0.4,-3.56,-11.36,-7.46,2.62,57.25,0,62.35,0.86,1.637142387,1.44,23.65
2022,12,18,9,1.34,1.42,2.22,148.17,159.23,17.82,0.28,1.38,-0.13,-13.17,-6.66,2.2,36.19,0,62.39,0.63,1.199301981,0.76,331.06
2022,12,18,10,1.78,1.92,2.79,200.12,218.77,24.83,0.51,2.5,2.27,-12.42,-5.07,2.5,34.56,0,62.4,2.25,4.283221362,2.88,259.85
2022,12,18,11,1.85,2.22,3.12,212,254.65,27.3,0.64,3.2,3.3,-11.04,-3.87,2.87,36.94,0,62.36,3.21,6.110729143,4.17,256.22
2022,12,18,12,1.98,2.37,3.17,233,278.33,30.73,0.74,3.77,3.73,-9.72,-2.99,3.23,40.38,0,62.29,3.71,7.062556113,4.82,255.36
2022,12,18,13,1.7,2.15,2.94,200.45,252.65,26.17,0.59,2.95,3.73,-8.68,-2.48,3.54,44.19,0,62.24,3.91,7.4432869,5.08,254.13
2022,12,18,14,1.3,1.71,2.44,148.65,198.9,18.59,0.33,1.62,3.19,-7.7,-2.26,3.85,49.75,0,62.21,3.87,7.367140743,5.05,252.07
2022,12,18,15,0.74,1.08,1.72,84.77,123.62,10.71,0.12,0.62,2.06,-6.89,-2.42,4.09,57.5,0,62.2,3.39,6.453386852,4.46,250.87
2022,12,18,16,0.32,0.43,0.87,34.52,46.38,4.16,0.02,0.1,0.08,-5.83,-2.87,4.39,70.88,0,62.19,2.18,4.149965586,3.04,249.37
2022,12,18,17,0,0,0,0,0,0,0,0,-2.78,-4.53,-3.66,4.64,95.94,0,62.19,0.76,1.446776993,1.39,249.33
2022,12,18,18,0,0,0,0,0,0,0,0,-3.45,-5.17,-4.31,4.52,97.69,0,62.19,0.46,0.875680812,0.74,327.48
2022,12,18,19,0,0,0,0,0,0,0,0,-4.09,-6.38,-5.24,4.09,93.94,0,62.2,0.71,1.351594296,1.19,6.8
2022,12,18,20,0,0,0,0,0,0,0,0,-3.85,-7.77,-5.81,3.66,82.25,0,62.22,0.69,1.313521218,1.05,2.99
2022,12,18,21,0,0,0,0,0,0,0,0,-3.25,-8.75,-6,3.36,71.81,0,62.23,0.46,0.875680812,0.64,322.43
2022,12,18,22,0,0,0,0,0,0,0,0,-3.56,-8.94,-6.25,3.3,72.25,0,62.25,0.51,0.970863509,0.7,268.09
2022,12,18,23,0,0,0,0,0,0,0,0,-4.19,-8.77,-6.48,3.3,77.06,0,62.24,0.5,0.951826969,0.71,253.97
2022,12,19,0,0,0,0,0,0,0,0,0,-4.77,-8.5,-6.63,3.36,82.31,0,62.22,0.39,0.742425036,0.58,252.05
2022,12,19,1,0,0,0,0,0,0,0,0,-5.21,-8.24,-6.73,3.42,86.75,0,62.22,0.26,0.494950024,0.42,259.32
2022,12,19,2,0,0,0,0,0,0,0,0,-5.55,-7.91,-6.73,3.48,91.19,0,62.2,0.24,0.456876945,0.38,278.3
2022,12,19,3,0,0,0,0,0,0,0,0,-5.85,-7.72,-6.78,3.54,94.75,0,62.17,0.26,0.494950024,0.41,307.97
2022,12,19,4,0,0,0,0,0,0,0,0,-6.17,-7.79,-6.98,3.54,96.62,0,62.14,0.38,0.723388497,0.59,331.75
2022,12,19,5,0,0,0,0,0,0,0,0,-6.43,-8.48,-7.45,3.3,93,0,62.14,0.39,0.742425036,0.62,349.11
2022,12,19,6,0,0,0,0,0,0,0,0,-6.55,-9.52,-8.03,3.05,85.94,0,62.16,0.41,0.780498115,0.64,356.51
2022,12,19,7,0.18,0.19,0.46,18.4,19.75,2.28,0.01,0.02,-6.01,-10.48,-8.24,2.81,75.94,0,62.18,0.38,0.723388497,0.56,357.61
2022,12,19,8,0.83,0.88,1.42,91.62,97.7,10.48,0.09,0.42,-3.81,-9.43,-6.62,3.11,69.81,0,62.21,0.23,0.437840406,0.36,328.39
2022,12,19,9,1.38,1.54,2.21,156.2,177.02,19.21,0.3,1.48,-1.06,-10.08,-5.57,2.99,53.06,0,62.25,1.48,2.817407829,1.83,252.65
2022,12,19,10,1.82,2.04,2.79,210.08,237.6,26.71,0.55,2.7,1.22,-10.12,-4.45,3.11,46.38,0,62.26,3.18,6.053619525,4.09,242.7
2022,12,19,11,1.88,2.32,3.12,218.35,271.35,28.71,0.67,3.4,2.38,-9.1,-3.36,3.36,46.56,0,62.23,4.15,7.900163846,5.38,245.18
2022,12,19,12,1.86,2.34,3.17,217.35,273.58,28.39,0.68,3.48,2.69,-7.59,-2.45,3.78,50.44,0,62.17,4.59,8.737771579,5.94,246.17
2022,12,19,13,1.5,2.11,2.94,173.08,245.25,22.21,0.49,2.45,2.5,-6.24,-1.88,4.09,55.75,0,62.11,4.66,8.871027354,6.01,245.83
2022,12,19,14,1.15,1.66,2.45,132.23,190.2,16.7,0.3,1.48,1.86,-5.35,-1.74,4.33,61.44,0,62.07,4.42,8.414150409,5.68,246.08
2022,12,19,15,0.69,1.03,1.73,77.58,115.42,9.66,0.11,0.55,0.72,-4.83,-2.06,4.46,68.75,0,62.04,3.76,7.15773881,4.85,247.56
2022,12,19,16,0.28,0.36,0.82,29.67,38.45,3.71,0.02,0.08,-1.01,-4.49,-2.75,4.52,80.31,0,62.02,2.65,5.044682938,3.5,249.79
2022,12,19,17,0.02,0.01,0.05,1.08,1.27,0.16,0,0,-3.47,-4.27,-3.87,4.64,100,0,62.02,0.91,1.732325084,1.52,254.82
2022,12,19,18,0,0,0,0,0,0,0,0,-4.73,-4.67,-4.7,4.46,100,0,62.04,0.48,0.913753891,0.91,314.65
2022,12,19,19,0,0,0,0,0,0,0,0,-5.56,-5.74,-5.66,4.09,100,0,62.06,0.61,1.161228903,1.15,354.91
2022,12,19,20,0,0,0,0,0,0,0,0,-5.25,-7.42,-6.33,3.6,90.81,0,62.07,0.7,1.332557757,1.19,359.25
2022,12,19,21,0,0,0,0,0,0,0,0,-4.42,-9.05,-6.74,3.17,74.31,0,62.08,0.63,1.199301981,1.01,337.21
2022,12,19,22,0,0,0,0,0,0,0,0,-3.92,-10.21,-7.06,2.87,65,0,62.08,0.6,1.142192363,0.96,310.7
2022,12,19,23,0,0,0,0,0,0,0,0,-4.06,-10.96,-7.52,2.75,62.25,0,62.07,0.59,1.123155824,0.93,296.35
2022,12,20,0,0,0,0,0,0,0,0,0,-4.39,-11.47,-7.93,2.62,61.88,0,62.06,0.51,0.970863509,0.82,291.9
2022,12,20,1,0,0,0,0,0,0,0,0,-4.6,-11.99,-8.29,2.56,60.75,0,62.06,0.33,0.6282058,0.57,306.09
2022,12,20,2,0,0,0,0,0,0,0,0,-4.77,-12.48,-8.63,2.5,60.31,0,62.05,0.42,0.799534654,0.66,328.57
2022,12,20,3,0,0,0,0,0,0,0,0,-4.91,-13.23,-9.07,2.38,58.44,0,62.04,0.54,1.027973127,0.81,340.87
2022,12,20,4,0,0,0,0,0,0,0,0,-4.83,-14.14,-9.49,2.26,54.62,0,62.03,0.56,1.066046206,0.82,345.7
2022,12,20,5,0,0,0,0,0,0,0,0,-4.59,-15.12,-9.85,2.08,50.06,0,62.05,0.5,0.951826969,0.72,348.08
2022,12,20,6,0,0,0,0,0,0,0,0,-4.49,-15.93,-10.21,2.01,47.38,0,62.09,0.43,0.818571194,0.62,337.93
2022,12,20,7,0.17,0.21,0.46,17.65,21.67,2.27,0.01,0.05,-4.12,-15.97,-10.05,2.01,46.5,0,62.14,0.37,0.704351957,0.55,321.98
2022,12,20,8,0.81,0.94,1.41,89.83,106.3,10.53,0.09,0.42,-2.37,-12.27,-7.31,2.62,51.62,0,62.2,0.34,0.647242339,0.54,282.62
2022,12,20,9,1.4,1.63,2.2,159.48,188.73,20.06,0.31,1.52,0.24,-11.96,-5.86,2.81,45.06,0,62.25,1.5,2.855480908,1.88,255.04
2022,12,20,10,1.84,2.15,2.78,213.5,250.95,28.16,0.59,2.9,2.44,-10.81,-4.18,3.05,42.12,0,62.26,2.93,5.57770604,3.77,245.66
2022,12,20,11,2.19,2.44,3.11,254.62,285.85,33.74,0.78,3.92,3.57,-9.12,-2.77,3.42,43.38,0,62.22,3.74,7.119665731,4.86,243.35
2022,12,20,12,1.99,2.32,3.17,229.3,266.7,29.68,0.7,3.52,3.92,-7.47,-1.77,3.85,47.5,0,62.15,4.12,7.843054228,5.34,242.65
2022,12,20,13,1.77,2.12,2.94,201.33,242.38,25.35,0.54,2.67,3.8,-6.27,-1.24,4.21,51.94,0,62.09,4.17,7.938236924,5.39,242.91
2022,12,20,14,1.37,1.68,2.45,155.08,191.2,19.42,0.34,1.67,3.23,-5.42,-1.1,4.39,57,0,62.06,3.99,7.595579215,5.17,242.93
2022,12,20,15,0.8,1.07,1.73,88.83,119.15,10.9,0.12,0.62,2.03,-4.79,-1.38,4.58,64.44,0,62.06,3.46,6.586642628,4.49,242.77
2022,12,20,16,0.31,0.39,0.83,33.15,41.45,4.03,0.02,0.08,0.13,-4.32,-2.1,4.7,75.62,0,62.06,2.26,4.302257901,3.06,243.83
2022,12,20,17,0.02,0.01,0.05,1.2,1.42,0.17,0,0,-2.54,-3.79,-3.17,4.82,96.62,0,62.08,0.59,1.123155824,1.13,246.28
2022,12,20,18,0,0,0,0,0,0,0,0,-4.06,-4.2,-4.13,4.64,100,0,62.12,0.41,0.780498115,0.77,343.58
2022,12,20,19,0,0,0,0,0,0,0,0,-4.54,-5.47,-5.01,4.15,99.56,0,62.16,0.71,1.351594296,1.3,352.06
2022,12,20,20,0,0,0,0,0,0,0,0,-3.51,-7.49,-5.5,3.54,77.94,0,62.19,0.66,1.2564116,1.1,331.06
2022,12,20,21,0,0,0,0,0,0,0,0,-2.91,-8.95,-5.93,3.17,66.38,0,62.2,0.61,1.161228903,1.02,288.85
2022,12,20,22,0,0,0,0,0,0,0,0,-3.23,-9.88,-6.56,2.99,63.56,0,62.19,0.72,1.370630836,1.15,267.66
2022,12,20,23,0,0,0,0,0,0,0,0,-3.6,-10.47,-7.03,2.87,63,0,62.17,0.83,1.580032769,1.32,266.25
2022,12,21,0,0,0,0,0,0,0,0,0,-3.95,-10.91,-7.43,2.75,62.75,0,62.15,0.87,1.656178927,1.36,269.34
2022,12,21,1,0,0,0,0,0,0,0,0,-4.24,-11.26,-7.74,2.69,62.44,0,62.15,0.74,1.408703915,1.16,274.64
2022,12,21,2,0,0,0,0,0,0,0,0,-5.01,-10.83,-7.92,2.81,69.88,0,62.15,0.85,1.618105848,1.43,277.55
2022,12,21,3,0,0,0,0,0,0,0,0,-5.38,-10.11,-7.75,3.05,77.88,0,62.15,0.8,1.522923151,1.42,276.62
2022,12,21,4,0,0,0,0,0,0,0,0,-5.56,-9.71,-7.64,3.17,82.44,0,62.16,0.72,1.370630836,1.31,272.39
2022,12,21,5,0,0,0,0,0,0,0,0,-5.89,-9.38,-7.63,3.3,87.94,0,62.18,0.64,1.218338521,1.21,269.63
2022,12,21,6,0,0,0,0,0,0,0,0,-6.25,-9.34,-7.8,3.3,91.19,0,62.23,0.59,1.123155824,1.13,268.81
2022,12,21,7,0.22,0.22,0.45,22.23,23.73,2.45,0.01,0.02,-6.14,-9.42,-7.77,3.23,89.06,0,62.28,0.56,1.066046206,1.12,268.8
2022,12,21,8,0.94,0.96,1.4,107.83,112.5,12.05,0.09,0.45,-3.07,-8.16,-5.62,3.48,73.69,0,62.34,0.7,1.332557757,1.17,264.63
2022,12,21,9,1.6,1.65,2.2,186.75,195.62,23.14,0.34,1.7,0.55,-10.38,-4.92,2.87,45.06,0,62.39,2.48,4.721061768,3.25,252.65
2022,12,21,10,2.11,2.17,2.78,249.5,258.8,32.48,0.65,3.2,2.38,-10.98,-4.3,2.75,37.69,0,62.41,3.98,7.576542676,5.18,252.17
2022,12,21,11,2.36,2.48,3.11,280.52,295.35,37.49,0.86,4.3,3.23,-9.99,-3.38,2.99,38.5,0,62.37,4.7,8.947173512,6.11,251.59
2022,12,21,12,2.28,2.45,3.17,268.88,289.75,35.55,0.83,4.15,3.58,-8.65,-2.53,3.36,42.12,0,62.31,5.03,9.575379312,6.52,250.46
2022,12,21,13,2.09,2.26,2.94,245.67,266.38,32.12,0.69,3.4,3.41,-7.51,-2.05,3.66,47,0,62.26,4.97,9.461160075,6.42,248.68
2022,12,21,14,1.63,1.83,2.46,190.6,214.95,24.43,0.42,2.1,2.71,-6.77,-2.03,3.91,52.56,0,62.22,4.53,8.623552342,5.83,248.31
2022,12,21,15,1.05,1.21,1.74,120.4,140.25,14.58,0.16,0.8,1.45,-6.45,-2.5,4.03,59.31,0,62.19,3.82,7.271958046,4.93,250.76
2022,12,21,16,0.44,0.48,0.84,48.05,52.9,5.28,0.02,0.1,-0.62,-6.2,-3.42,4.15,71.5,0,62.17,2.56,4.873354083,3.43,255.24
2022,12,21,17,0.03,0.02,0.06,1.42,1.73,0.2,0,0,-3.85,-6,-4.92,4.21,94.19,0,62.18,0.93,1.770398163,1.5,273.87
2022,12,21,18,0,0,0,0,0,0,0,0,-5.23,-6.87,-6.05,3.97,99.81,0,62.2,0.62,1.180265442,1.18,302.01
2022,12,21,19,0,0,0,0,0,0,0,0,-5.69,-9.2,-7.44,3.23,85.94,0,62.23,0.68,1.294484678,1.3,304.94
2022,12,21,20,0,0,0,0,0,0,0,0,-5.45,-11.45,-8.45,2.69,69.5,0,62.25,0.81,1.54195969,1.52,289.83
2022,12,21,21,0,0,0,0,0,0,0,0,-5.56,-12.85,-9.2,2.38,62.62,0,62.27,0.96,1.827507781,1.78,278.84
2022,12,21,22,0,0,0,0,0,0,0,0,-5.79,-13.81,-9.8,2.2,59.19,0,62.28,1.01,1.922690478,1.87,270.48
2022,12,21,23,0,0,0,0,0,0,0,0,-6.21,-14.28,-10.25,2.14,59.62,0,62.27,0.99,1.884617399,1.85,265.16
2022,12,22,0,0,0,0,0,0,0,0,0,-6.92,-13.89,-10.41,2.26,66.69,0,62.25,0.92,1.751361624,1.79,262.47
2022,12,22,1,0,0,0,0,0,0,0,0,-7.54,-13.03,-10.29,2.44,76.12,0,62.24,0.84,1.599069309,1.69,262.28
2022,12,22,2,0,0,0,0,0,0,0,0,-7.99,-12.38,-10.18,2.56,82.38,0,62.23,0.75,1.427740454,1.54,265.04
2022,12,22,3,0,0,0,0,0,0,0,0,-8.49,-12.67,-10.58,2.44,81.81,0,62.21,0.61,1.161228903,1.23,271.09
2022,12,22,4,0,0,0,0,0,0,0,0,-8.95,-13.99,-11.47,2.14,74,0,62.19,0.52,0.989900048,1,278.07
2022,12,22,5,0,0,0,0,0,0,0,0,-9.26,-15.96,-12.61,1.71,62.56,0,62.19,0.45,0.856644272,0.88,281.31
2022,12,22,6,0,0,0,0,0,0,0,0,-9.4,-18.27,-13.84,1.4,50.62,0,62.2,0.43,0.818571194,0.81,283.37
2022,12,22,7,0.23,0.24,0.44,23.42,25.23,2.83,0.01,0.05,-8.81,-19.43,-14.12,1.22,43,0,62.22,0.41,0.780498115,0.79,281.42
2022,12,22,8,0.97,1.02,1.39,111.92,118.58,14.01,0.12,0.58,-5.27,-15.72,-10.49,1.83,46.88,0,62.26,0.49,0.93279043,0.85,262.09
2022,12,22,9,1.67,1.73,2.19,196.4,204.73,27,0.43,2.12,-1.59,-21.44,-11.52,1.04,19.31,0,62.29,2.19,4.169002126,2.87,241.9
2022,12,22,10,2.19,2.28,2.78,258.5,269.38,37.52,0.8,3.95,0.28,-20.09,-9.91,1.16,18.69,0,62.29,3.76,7.15773881,4.86,239.07
2022,12,22,11,2.5,2.6,3.11,296.67,306.8,43.95,1.07,5.3,1.1,-18.32,-8.61,1.34,20.75,0,62.24,4.46,8.490296567,5.75,237.65
2022,12,22,12,2.41,2.62,3.17,285.38,308.23,42.16,1.04,5.15,1.28,-16.95,-7.84,1.59,23.31,0,62.17,4.7,8.947173512,6.04,236.76
2022,12,22,13,2.27,2.42,2.95,268.95,284.4,39.09,0.9,4.45,1.01,-15.95,-7.46,1.71,26.12,0,62.11,4.6,8.756808118,5.89,237.51
2022,12,22,14,1.83,1.98,2.46,214.67,232.05,30.41,0.56,2.77,0.44,-15.25,-7.41,1.83,28.88,0,62.06,4.16,7.919200385,5.33,239.22
2022,12,22,15,1.21,1.33,1.75,139.7,154.83,18.53,0.22,1.08,-0.69,-14.56,-7.63,1.95,33.56,0,62.03,3.49,6.643752246,4.48,239.86
2022,12,22,16,0.52,0.56,0.85,57.17,61.9,6.77,0.03,0.12,-2.67,-12.87,-7.77,2.32,47.25,0,62.02,2.3,4.378404059,3.05,238.71
2022,12,22,17,0.03,0.02,0.06,1.9,2.05,0.28,0,0,-5.38,-12.31,-8.85,2.38,60.19,0,62.01,0.45,0.856644272,0.77,238.74
2022,12,22,18,0,0,0,0,0,0,0,0,-7.06,-12.19,-9.62,2.38,70.06,0,62.02,0.28,0.533023103,0.55,26.2
2022,12,22,19,0,0,0,0,0,0,0,0,-7.28,-13.17,-10.22,2.2,65.56,0,62.04,0.47,0.894717351,0.95,24.68
2022,12,22,20,0,0,0,0,0,0,0,0,-7.06,-14.25,-10.66,1.95,57.88,0,62.06,0.58,1.104119284,1.06,21.64
2022,12,22,21,0,0,0,0,0,0,0,0,-6.77,-15.39,-11.08,1.77,50.38,0,62.06,0.62,1.180265442,1.04,18.02
2022,12,22,22,0,0,0,0,0,0,0,0,-6.74,-16.38,-11.56,1.59,45.69,0,62.07,0.64,1.218338521,1.03,21.72
2022,12,22,23,0,0,0,0,0,0,0,0,-7.05,-17.81,-12.43,1.4,40.81,0,62.05,0.65,1.23737506,1.03,17.74
2022,12,23,0,0,0,0,0,0,0,0,0,-6.7,-19.49,-13.1,1.16,33.5,0,62.03,0.69,1.313521218,1,8.51
2022,12,23,1,0,0,0,0,0,0,0,0,-6.48,-20.74,-13.61,1.04,28.94,0,62.03,0.66,1.2564116,0.91,0
2022,12,23,2,0,0,0,0,0,0,0,0,-6.62,-21.39,-14.01,0.98,27.75,0,62.03,0.66,1.2564116,0.92,350.7
2022,12,23,3,0,0,0,0,0,0,0,0,-7.33,-21.52,-14.43,0.98,29.94,0,62.02,0.8,1.522923151,1.19,359.62
2022,12,23,4,0,0,0,0,0,0,0,0,-7.78,-22.01,-14.89,0.98,30.44,0,62.02,0.93,1.770398163,1.43,6.89
2022,12,23,5,0,0,0,0,0,0,0,0,-7.54,-22.95,-15.25,0.92,27.44,0,62.05,0.92,1.751361624,1.43,9.1
2022,12,23,6,0,0,0,0,0,0,0,0,-6.7,-24.39,-15.54,0.79,22.12,0,62.1,0.81,1.54195969,1.22,9.94
2022,12,23,7,0.24,0.26,0.43,23.48,25.77,2.79,0.01,0.05,-5.28,-25.02,-15.15,0.73,18.44,0,62.16,0.64,1.218338521,0.91,10.35
2022,12,23,8,1.02,1.05,1.39,115.42,120.08,14.27,0.11,0.55,-2.74,-21.63,-12.19,1.16,23.38,0,62.21,0.27,0.513986563,0.4,355.52
2022,12,23,9,1.74,1.77,2.19,201.95,206.38,27.79,0.43,2.12,-0.1,-17.04,-8.57,1.65,27.62,0,62.27,1.05,1.998836636,1.33,242.84
2022,12,23,10,2.29,2.31,2.77,267.45,270.6,38.79,0.8,3.98,2.11,-16.21,-7.06,1.77,25.06,0,62.3,2.89,5.501559883,3.73,238.87
2022,12,23,11,2.58,2.63,3.11,302.4,306.98,44.67,1.07,5.3,3.25,-15.26,-6.01,1.89,24.19,0,62.28,3.81,7.252921507,4.96,238.19
2022,12,23,12,2.61,2.64,3.17,304.65,307.62,44.38,1.08,5.33,3.65,-14.78,-5.56,1.89,23.81,0,62.24,4.45,8.471260027,5.81,235.41
2022,12,23,13,2.33,2.43,2.95,273.92,283.85,39.6,0.89,4.4,3.26,-14.5,-5.62,1.89,24.81,0,62.21,4.56,8.680661961,5.9,234.1
2022,12,23,14,1.89,1.98,2.47,219.88,231.12,30.86,0.55,2.73,2.37,-14.67,-6.15,1.89,26.06,0,62.19,4.08,7.76690807,5.24,234.89
2022,12,23,15,1.2,1.33,1.75,138.35,153.92,18.33,0.21,1.05,1.08,-14.76,-6.84,1.89,28.62,0,62.18,3.08,5.863254131,3.95,236.47
2022,12,23,16,0.47,0.55,0.86,52.33,61.4,6.42,0.02,0.12,-0.83,-13.48,-7.15,2.2,38.56,0,62.16,1.69,3.217175156,2.24,233.09
2022,12,23,17,0.03,0.02,0.06,1.98,2.12,0.3,0,0,-3.57,-13.6,-8.59,2.08,45,0,62.15,0.17,0.32362117,0.35,191.56
2022,12,23,18,0,0,0,0,0,0,0,0,-4.81,-13.99,-9.39,2.01,48.62,0,62.17,0.16,0.30458463,0.25,93.58
2022,12,23,19,0,0,0,0,0,0,0,0,-4.69,-15.21,-9.95,1.77,43.31,0,62.18,0.18,0.342657709,0.26,116.57
2022,12,23,20,0,0,0,0,0,0,0,0,-4.56,-16.59,-10.58,1.59,37.62,0,62.19,0.23,0.437840406,0.41,171.25
2022,12,23,21,0,0,0,0,0,0,0,0,-5.13,-17.78,-11.45,1.4,35.19,0,62.2,0.74,1.408703915,1.38,210.63
2022,12,23,22,0,0,0,0,0,0,0,0,-6.39,-16.37,-11.38,1.59,45.06,0,62.21,1.04,1.979800096,1.98,217.32
2022,12,23,23,0,0,0,0,0,0,0,0,-7.13,-17.25,-12.19,1.46,44.31,0,62.19,1.13,2.151128951,2.07,221.94
2022,12,24,0,0,0,0,0,0,0,0,0,-7.85,-19.73,-13.79,1.16,37.62,0,62.18,1.03,1.960763557,1.81,229.37
2022,12,24,1,0,0,0,0,0,0,0,0,-8.68,-22.41,-15.55,0.92,32.31,0,62.17,0.85,1.618105848,1.55,236.95
2022,12,24,2,0,0,0,0,0,0,0,0,-9.28,-24.07,-16.68,0.79,29.25,0,62.17,0.91,1.732325084,1.62,237.99
2022,12,24,3,0,0,0,0,0,0,0,0,-9.91,-24.2,-17.06,0.79,29.75,0,62.16,0.89,1.694252005,1.59,243.18
2022,12,24,4,0,0,0,0,0,0,0,0,-10.83,-23.35,-17.09,0.79,33.75,0,62.13,0.72,1.370630836,1.34,253.78
2022,12,24,5,0,0,0,0,0,0,0,0,-11.3,-22.86,-17.08,0.85,36,0,62.12,0.59,1.123155824,1.17,259.97
2022,12,24,6,0,0,0,0,0,0,0,0,-11.41,-22.39,-16.9,0.85,37.56,0,62.14,0.47,0.894717351,0.99,257.18
2022,12,24,7,0.23,0.23,0.42,22.88,24.25,2.75,0.01,0.05,-10.61,-19.75,-15.18,1.1,45.5,0,62.17,0.31,0.590132721,0.71,252.76
2022,12,24,8,0.95,0.99,1.38,110.42,116.12,13.73,0.11,0.55,-6.96,-14.29,-10.63,1.89,56.25,0,62.16,0.54,1.027973127,0.69,209.74
2022,12,24,9,1.56,1.66,2.18,184.65,198.77,24.59,0.38,1.88,-4.17,-12.58,-8.38,2.2,51.12,0,62.17,2.83,5.387340647,3.66,215.79
2022,12,24,10,2.05,2.18,2.77,246.17,261.45,34.3,0.71,3.5,-4.13,-9.48,-6.8,2.93,67.19,0,62.19,3.58,6.815081101,4.61,218.6
2022,12,24,11,2.15,2.48,3.11,262.38,297.98,38.17,0.92,4.65,-2.89,-7.92,-5.41,3.36,69.44,0,62.16,3.87,7.367140743,4.96,221.68
2022,12,24,12,1.9,2.4,3.17,230.65,285.38,32.76,0.8,4.1,-0.93,-7.06,-3.99,3.66,64.06,0,62.08,5.7,10.85082745,7.39,229.67
2022,12,24,13,1.52,2.21,2.95,183.7,263.23,26.34,0.59,3,-0.44,-7.43,-3.93,3.54,60.19,0,62.03,6.8,12.94484678,8.91,235.43
2022,12,24,14,1.2,1.79,2.47,145.48,212.1,20.34,0.38,1.85,-1.29,-8.16,-4.72,3.36,61.25,0,62.02,6.66,12.67833523,8.75,239.54
2022,12,24,15,0.75,1.17,1.76,89.45,137.15,12.02,0.15,0.73,-2.72,-9.14,-5.93,3.11,63.5,0,62.01,5.98,11.38385055,7.9,240.95
2022,12,24,16,0.33,0.46,0.87,38.2,52.92,5.08,0.02,0.1,-4.52,-9.52,-7.02,3.05,72.31,0,62,4.62,8.794881197,6.16,238.53
2022,12,24,17,0.03,0.02,0.07,1.9,2.02,0.29,0,0,-7.05,-9.33,-8.19,3.11,91.88,0,61.99,2.74,5.216011792,3.89,239.83
2022,12,24,18,0,0,0,0,0,0,0,0,-7.95,-9.52,-8.74,3.11,98.56,0,61.99,1.91,3.635979023,2.75,252.29
2022,12,24,19,0,0,0,0,0,0,0,0,-8.35,-9.81,-9.08,3.05,99.94,0,62,1.69,3.217175156,2.54,255.41
2022,12,24,20,0,0,0,0,0,0,0,0,-8.74,-9.69,-9.21,3.05,100,0,62.02,1.8,3.42657709,2.92,251.08
2022,12,24,21,0,0,0,0,0,0,0,0,-8.85,-10.05,-9.45,2.93,100,0,62.06,2.11,4.016709811,3.42,247.88
2022,12,24,22,0,0,0,0,0,0,0,0,-9.49,-10.35,-9.92,2.81,100,0,62.07,2.03,3.864417496,3.25,246.02
2022,12,24,23,0,0,0,0,0,0,0,0,-9.94,-10.45,-10.2,2.81,100,0,62.06,1.91,3.635979023,2.97,246.41
2022,12,25,0,0,0,0,0,0,0,0,0,-10.07,-10.77,-10.42,2.75,100,0,62.03,1.75,3.331394393,2.64,247.6
2022,12,25,1,0,0,0,0,0,0,0,0,-10.19,-10.94,-10.56,2.75,100,0,62.02,1.57,2.988736684,2.36,249.04
2022,12,25,2,0,0,0,0,0,0,0,0,-10.45,-11.01,-10.73,2.75,100,0,62.02,1.39,2.646078975,2.13,252.5
2022,12,25,3,0,0,0,0,0,0,0,0,-10.85,-11.11,-10.99,2.75,100,0,62,1.18,2.246311648,1.86,256.66
2022,12,25,4,0,0,0,0,0,0,0,0,-11.23,-11.31,-11.27,2.69,100,0,61.98,0.95,1.808471242,1.57,266
2022,12,25,5,0,0,0,0,0,0,0,0,-11.6,-11.86,-11.74,2.62,100,0,61.98,0.86,1.637142387,1.52,276.5
2022,12,25,6,0,0,0,0,0,0,0,0,-11.82,-12.78,-12.3,2.5,100,0,62.01,0.84,1.599069309,1.52,284.61
2022,12,25,7,0.17,0.16,0.42,16.33,16.83,2.24,0.01,0.02,-11.35,-13.48,-12.42,2.38,100,0,62.05,0.79,1.503886612,1.44,291.97
2022,12,25,8,0.83,0.83,1.37,89.75,91.7,11.18,0.08,0.4,-8.18,-12.91,-10.54,2.56,83.25,0,62.1,1.15,2.18920203,1.62,287.12
2022,12,25,9,1.48,1.5,2.18,166.25,170.3,20.7,0.29,1.42,-5.22,-14.1,-9.66,2.38,59.62,0,62.16,2.59,4.930463701,3.3,263.06
2022,12,25,10,2,1.98,2.77,235.12,234.45,30.78,0.56,2.77,-3.22,-13.45,-8.34,2.38,51.31,0,62.18,3.5,6.662788786,4.45,251.25
2022,12,25,11,2.22,2.32,3.11,262.12,273.73,35.29,0.76,3.75,-1.91,-12.24,-7.07,2.56,48.88,0,62.15,4.08,7.76690807,5.18,243.51
2022,12,25,12,2.32,2.46,3.17,273.73,288.4,37.93,0.85,4.23,-1.2,-11,-6.1,2.75,49.38,0,62.1,4.61,8.775844657,5.87,237.83
2022,12,25,13,2.12,2.29,2.96,246.23,264.42,33.87,0.7,3.48,-1.18,-10.12,-5.65,2.87,51.88,0,62.05,4.81,9.156575445,6.12,234.87
2022,12,25,14,1.7,1.84,2.48,194.75,210.73,25.78,0.43,2.12,-1.69,-9.77,-5.73,2.93,54.94,0,62.04,4.66,8.871027354,5.94,233.72
2022,12,25,15,1.1,1.19,1.77,121.15,133.35,14.83,0.16,0.77,-2.64,-9.65,-6.15,2.93,59.81,0,62.03,4.21,8.014383082,5.39,232.12
2022,12,25,16,0.45,0.47,0.87,47.62,49.7,6.08,0.02,0.12,-4.27,-9.12,-6.69,3.11,71.94,0,62.05,3.41,6.491459931,4.46,227.98
2022,12,25,17,0.03,0.02,0.07,1.92,2,0.29,0,0,-6.64,-8.26,-7.45,3.36,95.31,0,62.08,1.88,3.578869405,2.71,217.4
2022,12,25,18,0,0,0,0,0,0,0,0,-7.12,-8.2,-7.66,3.36,100,0,62.13,1.1,2.094019333,1.58,210.38
2022,12,25,19,0,0,0,0,0,0,0,0,-7.99,-8.88,-8.43,3.17,100,0,62.17,0.34,0.647242339,0.47,205.71
2022,12,25,20,0,0,0,0,0,0,0,0,-8.74,-10.35,-9.55,2.81,96.38,0,62.2,0.08,0.152292315,0.14,163.61
2022,12,25,21,0,0,0,0,0,0,0,0,-8.78,-13.14,-10.96,2.2,75.88,0,62.22,0.16,0.30458463,0.39,203.5
2022,12,25,22,0,0,0,0,0,0,0,0,-8.81,-16.13,-12.47,1.71,58.94,0,62.23,0.5,0.951826969,0.98,212.3
2022,12,25,23,0,0,0,0,0,0,0,0,-9.28,-17.71,-13.5,1.46,53.56,0,62.22,0.74,1.408703915,1.35,217.73
2022,12,26,0,0,0,0,0,0,0,0,0,-9.78,-18.4,-14.09,1.4,52.56,0,62.2,0.76,1.446776993,1.41,224.55
2022,12,26,1,0,0,0,0,0,0,0,0,-10.11,-18.04,-14.08,1.4,55.5,0,62.19,0.79,1.503886612,1.48,238.83
2022,12,26,2,0,0,0,0,0,0,0,0,-10.78,-16.41,-13.6,1.65,67.44,0,62.18,0.91,1.732325084,1.66,254.13
2022,12,26,3,0,0,0,0,0,0,0,0,-11.1,-15.35,-13.22,1.77,75.38,0,62.15,0.71,1.351594296,1.33,263.59
2022,12,26,4,0,0,0,0,0,0,0,0,-11.34,-14.64,-12.99,1.89,81.25,0,62.12,0.52,0.989900048,1.05,273.84
2022,12,26,5,0,0,0,0,0,0,0,0,-11.42,-14.42,-12.92,1.89,83,0,62.11,0.47,0.894717351,0.95,280.47
2022,12,26,6,0,0,0,0,0,0,0,0,-11.48,-14.59,-13.03,1.89,81.62,0,62.13,0.41,0.780498115,0.77,285.87
2022,12,26,7,0.14,0.15,0.41,15,16.17,2.11,0.01,0.02,-10.99,-14.73,-12.86,1.83,76.88,0,62.16,0.32,0.60916926,0.57,289.18
2022,12,26,8,0.74,0.8,1.37,81.27,88.35,10.45,0.08,0.4,-7.85,-13.46,-10.66,2.08,66.62,0,62.2,0.49,0.93279043,0.66,248.33
2022,12,26,9,1.36,1.46,2.17,152.2,163.95,19.02,0.27,1.35,-4.95,-14.35,-9.65,1.89,46.62,0,62.27,2.57,4.892390622,3.28,235.67
2022,12,26,10,1.88,1.98,2.77,214.92,226.67,27.92,0.53,2.65,-3.77,-13.97,-8.87,1.95,43.38,0,62.31,3.85,7.329067664,4.96,236.23
2022,12,26,11,2.09,2.29,3.11,242.62,264.62,32.68,0.73,3.62,-3.27,-13.11,-8.2,2.08,45.06,0,62.28,4.26,8.109565779,5.43,241.07
2022,12,26,12,2.18,2.39,3.18,255.12,277.77,34.82,0.8,4,-2.33,-12.5,-7.42,2.26,44.25,0,62.2,4.84,9.213685063,6.15,242.78
2022,12,26,13,1.97,2.18,2.96,227.48,250.48,30.25,0.63,3.15,-1.99,-11.96,-6.98,2.38,45.62,0,62.14,5.25,9.994183178,6.72,239.38
2022,12,26,14,1.52,1.73,2.49,172.12,196.85,22.12,0.38,1.85,-2.54,-11.36,-6.95,2.5,50.56,0,62.11,5.18,9.860927403,6.65,236.1
2022,12,26,15,0.98,1.11,1.78,106.83,122.6,12.94,0.14,0.7,-3.72,-10.68,-7.2,2.69,59.56,0,62.1,4.6,8.756808118,5.91,233.49
2022,12,26,16,0.39,0.43,0.88,41.67,46,5.52,0.02,0.12,-5.4,-10.11,-7.76,2.81,72.69,0,62.09,3.59,6.83411764,4.65,231.34
2022,12,26,17,0.03,0.02,0.07,1.95,2.05,0.3,0,0,-7.31,-9.58,-8.45,2.99,90.31,0,62.09,2.05,3.902490574,2.76,224.77
2022,12,26,18,0,0,0,0,0,0,0,0,-8.17,-9.92,-9.04,2.87,94.5,0,62.11,1.07,2.036909714,1.33,222.39
2022,12,26,19,0,0,0,0,0,0,0,0,-8.95,-10.96,-9.95,2.62,92.44,0,62.13,0.73,1.389667375,0.83,240.79
2022,12,26,20,0,0,0,0,0,0,0,0,-9.37,-12.7,-11.03,2.26,81.94,0,62.14,0.49,0.93279043,0.66,260.43
2022,12,26,21,0,0,0,0,0,0,0,0,-9.51,-14.23,-11.87,1.95,71.88,0,62.14,0.47,0.894717351,0.77,260.63
2022,12,26,22,0,0,0,0,0,0,0,0,-10.02,-15.03,-12.52,1.83,69.5,0,62.12,0.43,0.818571194,0.78,257.91
2022,12,26,23,0,0,0,0,0,0,0,0,-10.66,-15.32,-12.99,1.77,70.88,0,62.07,0.28,0.533023103,0.59,264.67
2022,12,27,0,0,0,0,0,0,0,0,0,-11.17,-15.46,-13.32,1.71,72.44,0,62.01,0.25,0.475913485,0.37,309.81
2022,12,27,1,0,0,0,0,0,0,0,0,-11.85,-15.69,-13.77,1.65,74.69,0,61.96,0.36,0.685315418,0.56,344.6
2022,12,27,2,0,0,0,0,0,0,0,0,-12.19,-16.06,-14.12,1.59,74.06,0,61.91,0.58,1.104119284,0.95,1.88
2022,12,27,3,0,0,0,0,0,0,0,0,-12.65,-16.43,-14.54,1.53,74.44,0,61.88,0.85,1.618105848,1.42,15.64
2022,12,27,4,0,0,0,0,0,0,0,0,-13.51,-16.97,-15.24,1.46,76.44,0,61.86,1.09,2.074982793,1.93,20.85
2022,12,27,5,0,0,0,0,0,0,0,0,-14.35,-17.53,-15.94,1.4,78.31,0,61.86,1.21,2.303421266,2.35,23.75
2022,12,27,6,0,0,0,0,0,0,0,0,-14.95,-18.05,-16.5,1.34,78.75,0,61.88,1.27,2.417640502,2.66,25.43
2022,12,27,7,0.17,0.19,0.41,16.85,19.15,2.3,0.01,0.02,-14.42,-17.77,-16.1,1.34,78.19,0,61.93,1.29,2.455713581,2.75,25.62
2022,12,27,8,0.91,0.92,1.36,101.58,104.73,12.48,0.09,0.42,-10.2,-16.6,-13.4,1.59,61.31,0,61.98,2,3.807307877,2.91,22.71
2022,12,27,9,1.59,1.62,2.17,182.65,187.9,23.47,0.32,1.58,-6.1,-17.19,-11.64,1.46,39.75,0,62.02,2.05,3.902490574,2.59,352.38
2022,12,27,10,2.09,2.16,2.77,244.23,252.85,33.21,0.62,3.05,-2.49,-16.45,-9.48,1.59,32.38,0,62.03,3.05,5.806144513,3.87,292.06
2022,12,27,11,2.46,2.47,3.11,289.05,290.73,39.98,0.85,4.2,-0.81,-15.19,-7.99,1.83,32.12,0,61.98,4.13,7.862090767,5.32,275.56
2022,12,27,12,2.36,2.4,3.18,271.05,275.98,36.26,0.78,3.85,0.06,-14.02,-6.99,2.08,33.62,0,61.91,4.85,9.232721603,6.28,268.36
2022,12,27,13,2.07,2.2,2.97,237.23,251.27,31.27,0.62,3.1,0.22,-12.79,-6.29,2.32,37.56,0,61.86,5.24,9.975146639,6.81,263.35
2022,12,27,14,1.66,1.75,2.5,187.58,198.42,23.83,0.38,1.9,-0.27,-11.67,-5.97,2.56,43,0,61.82,5.14,9.784781245,6.7,260.67
2022,12,27,15,1.07,1.12,1.79,116.83,124.42,13.98,0.14,0.7,-1.24,-10.81,-6.02,2.81,50,0,61.8,4.63,8.813917736,6.06,258.62
2022,12,27,16,0.43,0.44,0.89,45.85,47.1,5.96,0.02,0.12,-2.93,-9.98,-6.45,2.99,61.56,0,61.8,3.53,6.719898404,4.73,255.28
2022,12,27,17,0.03,0.02,0.08,2.05,2.15,0.3,0,0,-5.95,-8.95,-7.45,3.23,85.94,0,61.82,1.47,2.79837129,2.37,253.12
2022,12,27,18,0,0,0,0,0,0,0,0,-7.19,-8.75,-7.97,3.23,96.94,0,61.85,0.81,1.54195969,1.42,272.52
2022,12,27,19,0,0,0,0,0,0,0,0,-7.85,-9.02,-8.43,3.17,99.62,0,61.89,0.44,0.837607733,0.89,292.27
2022,12,27,20,0,0,0,0,0,0,0,0,-7.86,-9.84,-8.85,2.93,92.25,0,61.92,0.41,0.780498115,0.8,287.72
2022,12,27,21,0,0,0,0,0,0,0,0,-7.85,-10.84,-9.35,2.69,84.56,0,61.95,0.55,1.047009666,1.02,263.85
2022,12,27,22,0,0,0,0,0,0,0,0,-8.24,-11.45,-9.85,2.5,83,0,61.98,0.6,1.142192363,1.11,244.69
2022,12,27,23,0,0,0,0,0,0,0,0,-8.79,-11.82,-10.31,2.44,84.12,0,61.97,0.63,1.199301981,1.19,231.93
2022,12,28,0,0,0,0,0,0,0,0,0,-9.34,-11.81,-10.57,2.44,88.25,0,61.95,0.58,1.104119284,1.18,226.88
2022,12,28,1,0,0,0,0,0,0,0,0,-9.88,-11.19,-10.53,2.56,97.81,0,61.93,0.38,0.723388497,0.95,228.68
2022,12,28,2,0,0,0,0,0,0,0,0,-10.35,-10.6,-10.47,2.69,100,0,61.9,0.2,0.380730788,0.67,244.33
2022,12,28,3,0,0,0,0,0,0,0,0,-11.21,-10.55,-10.88,2.69,100,0,61.87,0.18,0.342657709,0.43,276.23
2022,12,28,4,0,0,0,0,0,0,0,0,-11.31,-11.07,-11.19,2.56,100,0,61.85,0.29,0.552059642,0.48,320.91
2022,12,28,5,0,0,0,0,0,0,0,0,-11.42,-11.9,-11.67,2.38,100,0,61.86,0.43,0.818571194,0.69,341.57
2022,12,28,6,0,0,0,0,0,0,0,0,-11.51,-12.87,-12.19,2.2,96.62,0,61.9,0.57,1.085082745,0.94,350.46
2022,12,28,7,0.18,0.18,0.4,17.6,18.5,2.3,0.01,0.02,-10.92,-13.8,-12.35,2.08,84.94,0,61.94,0.66,1.2564116,1.11,353.53
2022,12,28,8,0.86,0.91,1.36,96.08,102.35,11.97,0.09,0.4,-7.53,-12.44,-9.99,2.38,72.62,0,62,0.65,1.23737506,1.08,348.77
2022,12,28,9,1.54,1.61,2.17,177.6,185.6,23.43,0.33,1.62,-3.69,-14.02,-8.86,2.08,46.19,0,62.06,2.18,4.149965586,2.79,293.77
2022,12,28,10,1.95,2.14,2.77,228.08,250.25,31.99,0.61,3.02,-1.43,-13.67,-7.55,2.14,39.75,0,62.08,3.67,6.986409955,4.73,278.26
2022,12,28,11,2.22,2.45,3.11,262.73,287.62,37.56,0.82,4.08,-0.15,-12.8,-6.48,2.32,38.75,0,62.03,4.46,8.490296567,5.75,273.58
2022,12,28,12,2.02,2.2,3.18,230.4,249.38,29.62,0.63,3.12,0.42,-11.95,-5.77,2.56,40.06,0,61.95,4.85,9.232721603,6.26,269.64
2022,12,28,13,1.83,2.03,2.98,210.52,230.3,26.8,0.53,2.62,0.45,-11.2,-5.38,2.69,42.62,0,61.89,4.96,9.442123536,6.42,268.53
2022,12,28,14,1.35,1.62,2.5,152.17,183.83,19.19,0.3,1.52,0.12,-10.73,-5.3,2.81,45.19,0,61.85,4.72,8.985246591,6.12,270.59
2022,12,28,15,0.9,1.05,1.8,98.35,115.38,11.89,0.12,0.62,-0.6,-10.59,-5.6,2.81,48.25,0,61.82,4.16,7.919200385,5.45,273.37
2022,12,28,16,0.36,0.41,0.9,38.05,43.23,5.07,0.02,0.1,-2.12,-10.25,-6.19,2.93,56.38,0,61.83,2.99,5.691925277,4.06,277.63
2022,12,28,17,0.03,0.02,0.08,2.02,2.12,0.3,0,0,-4.93,-9.9,-7.42,2.99,73.31,0,61.85,1.48,2.817407829,2.37,294.37
2022,12,28,18,0,0,0,0,0,0,0,0,-5.31,-11.02,-8.16,2.69,68.31,0,61.9,1.42,2.703188593,2.3,320.79
2022,12,28,19,0,0,0,0,0,0,0,0,-5,-12.21,-8.61,2.38,59.56,0,61.96,1.27,2.417640502,2.09,324.41
2022,12,28,20,0,0,0,0,0,0,0,0,-5.29,-13.23,-9.26,2.2,55.56,0,62,0.88,1.675215466,1.65,331.98
2022,12,28,21,0,0,0,0,0,0,0,0,-5.63,-14.29,-9.96,1.95,51.81,0,62.04,0.79,1.503886612,1.57,335.6
2022,12,28,22,0,0,0,0,0,0,0,0,-5.82,-15.2,-10.51,1.83,48.38,0,62.06,0.93,1.770398163,1.78,323.58
2022,12,28,23,0,0,0,0,0,0,0,0,-6.28,-15.9,-11.1,1.71,47.38,0,62.05,1.1,2.094019333,2.02,309.18
2022,12,29,0,0,0,0,0,0,0,0,0,-6.82,-16.4,-11.61,1.65,47.75,0,62.05,1.2,2.284384726,2.17,302.95
2022,12,29,1,0,0,0,0,0,0,0,0,-7.26,-16.7,-11.98,1.59,48.62,0,62.04,1.27,2.417640502,2.29,301.74
2022,12,29,2,0,0,0,0,0,0,0,0,-7.53,-17.11,-12.32,1.59,48.19,0,62.04,1.29,2.455713581,2.3,301.7
2022,12,29,3,0,0,0,0,0,0,0,0,-7.56,-17.65,-12.61,1.46,45.88,0,62.03,1.22,2.322457805,2.15,305.08
2022,12,29,4,0,0,0,0,0,0,0,0,-7.42,-18.31,-12.86,1.4,42.44,0,62.02,1.13,2.151128951,1.9,309.99
2022,12,29,5,0,0,0,0,0,0,0,0,-7.28,-18.96,-13.13,1.28,39.25,0,62.04,1.06,2.017873175,1.7,310.34
2022,12,29,6,0,0,0,0,0,0,0,0,-7.36,-19.45,-13.41,1.22,37.5,0,62.08,0.97,1.846544321,1.54,313.15
2022,12,29,7,0.16,0.16,0.4,15.85,16.67,2.12,0.01,0.02,-6.98,-19.33,-13.16,1.22,36.25,0,62.12,0.9,1.713288545,1.47,318.44
2022,12,29,8,0.78,0.85,1.35,88.77,96.15,11.22,0.08,0.4,-4.42,-15.74,-10.08,1.71,40.88,0,62.17,0.73,1.389667375,1.29,313.28
2022,12,29,9,1.37,1.53,2.16,158.83,177.77,20.8,0.29,1.45,-0.99,-14.9,-7.95,1.83,32.94,0,62.21,1.84,3.502723247,2.41,286.73
2022,12,29,10,1.9,2.06,2.77,223.6,242.3,30.6,0.59,2.9,1.72,-13.2,-5.74,2.14,30.75,0,62.23,3.58,6.815081101,4.66,273.17
2022,12,29,11,2.13,2.37,3.11,253.48,280.3,35.76,0.79,3.92,2.95,-11.5,-4.27,2.44,32.44,0,62.2,4.57,8.6996985,5.98,268.2
2022,12,29,12,1.75,2.05,3.19,198.92,230.65,24.48,0.53,2.62,3.3,-10.42,-3.56,2.69,34.81,0,62.15,5.05,9.613452391,6.6,264.15
2022,12,29,13,1.45,1.86,2.98,163.73,209.3,20.12,0.41,2,3.12,-9.61,-3.24,2.87,37.75,0,62.1,5.19,9.879963942,6.78,260.11
2022,12,29,14,1.12,1.47,2.51,125.33,161.85,15.07,0.25,1.23,2.33,-8.9,-3.28,3.05,42.44,0,62.08,5.03,9.575379312,6.58,255.78
2022,12,29,15,0.69,0.91,1.81,75,97.8,8.91,0.09,0.48,0.8,-8.34,-3.77,3.23,49.62,0,62.06,4.32,8.223785015,5.68,251.89
2022,12,29,16,0.3,0.34,0.92,33,35.8,4.38,0.02,0.1,-1.42,-7.77,-4.6,3.36,62,0,62.08,2.97,5.653852198,3.97,250.32
2022,12,29,17,0.02,0.02,0.09,1.7,1.92,0.25,0,0,-4.48,-7.46,-5.97,3.48,82.25,0,62.11,0.97,1.846544321,1.56,270
2022,12,29,18,0,0,0,0,0,0,0,0,-5.58,-7.92,-6.75,3.36,86.94,0,62.16,0.59,1.123155824,1.14,319.18
2022,12,29,19,0,0,0,0,0,0,0,0,-5.27,-8.67,-6.97,3.11,79.5,0,62.21,0.51,0.970863509,0.99,311.48
2022,12,29,20,0,0,0,0,0,0,0,0,-4.88,-9.49,-7.18,2.93,72,0,62.26,0.34,0.647242339,0.75,286.36
2022,12,29,21,0,0,0,0,0,0,0,0,-4.91,-10.02,-7.46,2.81,69.12,0,62.29,0.43,0.818571194,0.84,258.17
2022,12,29,22,0,0,0,0,0,0,0,0,-5.51,-10.52,-8.02,2.69,69.75,0,62.32,0.77,1.465813533,1.35,240.46
2022,12,29,23,0,0,0,0,0,0,0,0,-6.7,-10.85,-8.77,2.62,75.31,0,62.31,0.95,1.808471242,1.76,239.56
2022,12,30,0,0,0,0,0,0,0,0,0,-7.51,-11.17,-9.34,2.56,78.94,0,62.3,1.04,1.979800096,1.97,244.35
2022,12,30,1,0,0,0,0,0,0,0,0,-7.87,-11.13,-9.5,2.56,82,0,62.29,1.02,1.941727017,1.87,249.67
2022,12,30,2,0,0,0,0,0,0,0,0,-8.36,-10.92,-9.64,2.62,86.94,0,62.28,0.85,1.618105848,1.55,257.78
2022,12,30,3,0,0,0,0,0,0,0,0,-8.91,-10.78,-9.85,2.62,91.88,0,62.26,0.6,1.142192363,1.09,269.59
2022,12,30,4,0,0,0,0,0,0,0,0,-9.72,-10.85,-10.29,2.62,97.56,0,62.23,0.44,0.837607733,0.72,297.12
2022,12,30,5,0,0,0,0,0,0,0,0,-9.98,-11.27,-10.63,2.5,95.81,0,62.22,0.45,0.856644272,0.73,334.8
2022,12,30,6,0,0,0,0,0,0,0,0,-10.12,-12.12,-11.12,2.32,90.12,0,62.24,0.55,1.047009666,0.9,351.03
2022,12,30,7,0.14,0.14,0.39,14.2,15.17,1.79,0.01,0.02,-9.56,-13.15,-11.35,2.14,78.81,0,62.27,0.56,1.066046206,0.94,354.29
2022,12,30,8,0.68,0.79,1.35,75.15,88.65,8.91,0.06,0.3,-6.5,-11.86,-9.18,2.44,69.25,0,62.31,0.43,0.818571194,0.71,346.58
2022,12,30,9,1.19,1.46,2.16,134.92,167.25,16.38,0.23,1.12,-2.92,-13.24,-8.08,2.2,46,0,62.35,1.61,3.064882841,2.02,265.79
2022,12,30,10,1.6,1.98,2.76,183.27,229.4,23.31,0.44,2.15,-0.68,-12.7,-6.69,2.38,41,0,62.37,3.49,6.643752246,4.49,251.66
2022,12,30,11,1.81,2.3,3.12,211.6,266.95,27.72,0.61,3.05,0.32,-11.38,-5.53,2.62,42.19,0,62.34,4.42,8.414150409,5.71,247.57
2022,12,30,12,1.72,2.1,3.19,194.65,234.08,23.74,0.53,2.65,0.46,-10.04,-4.79,2.93,46.12,0,62.29,4.97,9.461160075,6.41,243.19
2022,12,30,13,1.32,1.92,2.99,145.6,211.45,18.02,0.38,1.85,-0.06,-8.88,-4.47,3.17,51.94,0,62.25,5.1,9.708635087,6.52,240.67
2022,12,30,14,1.24,1.55,2.52,135.58,167.9,16.04,0.27,1.35,-1.01,-8.14,-4.58,3.3,58.75,0,62.21,4.84,9.213685063,6.18,239.71
2022,12,30,15,0.71,0.98,1.82,74.8,103.3,8.95,0.1,0.5,-2.27,-7.88,-5.08,3.36,66.12,0,62.19,4.22,8.033419621,5.38,239.75
2022,12,30,16,0.24,0.36,0.93,24.92,37.25,3.17,0.02,0.08,-4,-7.85,-5.92,3.36,76.94,0,62.18,3.29,6.263021458,4.26,240.1
2022,12,30,17,0.02,0.02,0.09,1.62,2.1,0.23,0,0,-6.29,-7.94,-7.12,3.36,93,0,62.18,1.69,3.217175156,2.32,242.05
2022,12,30,18,0,0,0,0,0,0,0,0,-7.18,-8.36,-7.77,3.23,97.19,0,62.19,1,1.903653939,1.36,261.4
2022,12,30,19,0,0,0,0,0,0,0,0,-7.43,-9.02,-8.22,3.05,94,0,62.2,0.48,0.913753891,0.7,273.18
2022,12,30,20,0,0,0,0,0,0,0,0,-7.67,-10.02,-8.85,2.81,88.06,0,62.2,0.39,0.742425036,0.7,265.5
2022,12,30,21,0,0,0,0,0,0,0,0,-7.94,-10.63,-9.29,2.69,85.56,0,62.2,0.52,0.989900048,0.93,258.41
2022,12,30,22,0,0,0,0,0,0,0,0,-8.44,-10.63,-9.53,2.69,89.69,0,62.19,0.58,1.104119284,1.04,259.2
2022,12,30,23,0,0,0,0,0,0,0,0,-9.15,-10.28,-9.72,2.75,98.56,0,62.16,0.68,1.294484678,1.23,263.06
2022,12,31,0,0,0,0,0,0,0,0,0,-9.7,-9.85,-9.77,2.87,100,0,62.13,0.67,1.275448139,1.21,266.68
2022,12,31,1,0,0,0,0,0,0,0,0,-10.04,-9.43,-9.74,2.99,100,0,62.1,0.62,1.180265442,1.13,272.39
2022,12,31,2,0,0,0,0,0,0,0,0,-10.38,-9.35,-9.86,2.99,100,0,62.07,0.57,1.085082745,1.06,278.49
2022,12,31,3,0,0,0,0,0,0,0,0,-10.52,-9.58,-10.05,2.93,100,0,62.04,0.48,0.913753891,0.83,296.32
2022,12,31,4,0,0,0,0,0,0,0,0,-10.47,-9.95,-10.21,2.87,100,0,62.01,0.47,0.894717351,0.75,324.32
2022,12,31,5,0,0,0,0,0,0,0,0,-10.59,-10.31,-10.45,2.75,100,0,62,0.53,1.008936588,0.83,347.01
2022,12,31,6,0,0,0,0,0,0,0,0,-10.77,-10.75,-10.76,2.69,100,0,62.03,0.65,1.23737506,1.02,5.71
2022,12,31,7,0.12,0.15,0.39,12.1,15.62,1.62,0.01,0.02,-10.57,-11.27,-10.92,2.56,100,0,62.07,0.75,1.427740454,1.21,18.08
2022,12,31,8,0.6,0.8,1.35,66.67,89.5,8.11,0.05,0.27,-8.03,-10.96,-9.49,2.62,85.62,0,62.11,0.88,1.675215466,1.2,9.4
2022,12,31,9,1.05,1.46,2.16,118.08,166.25,14.84,0.21,1.02,-4.67,-11.02,-7.85,2.69,65.38,0,62.15,1.76,3.350430932,2.18,275.96
2022,12,31,10,1.43,1.96,2.77,163.33,225.67,21.02,0.4,1.98,-2.56,-10.72,-6.63,2.87,57.88,0,62.17,3.16,6.015546446,4.03,254.37
2022,12,31,11,1.56,2.26,3.12,182.48,259.75,24.23,0.54,2.7,-1.35,-10.07,-5.71,3.05,56.06,0,62.14,3.93,7.481359979,5.04,249.2
2022,12,31,12,1.34,2.11,3.2,154.35,236.62,19.76,0.45,2.25,-0.7,-9.45,-5.08,3.23,55.94,0,62.08,4.47,8.509333106,5.73,246.47
2022,12,31,13,1.24,1.93,3,137.33,212.05,16.93,0.35,1.75,-0.7,-8.81,-4.76,3.36,58.25,0,62.02,4.77,9.080429288,6.14,244.51
2022,12,31,14,1.11,1.49,2.53,122.02,159.45,14.4,0.25,1.23,-1.28,-8.13,-4.7,3.48,63.5,0,61.99,4.81,9.156575445,6.21,243.21
2022,12,31,15,0.6,0.91,1.83,62.55,94.17,7.45,0.09,0.42,-2.34,-7.56,-4.95,3.6,71.19,0,61.98,4.35,8.280894633,5.63,241.69
2022,12,31,16,0.19,0.33,0.94,19.38,33.42,2.45,0.01,0.05,-3.88,-7.2,-5.54,3.66,82.31,0,61.98,3.32,6.320131077,4.34,241.41
2022,12,31,17,0.02,0.02,0.1,1.52,2,0.21,0,0,-5.97,-6.81,-6.39,3.72,100,0,61.99,1.4,2.665115514,2.13,237.3
2022,12,31,18,0,0,0,0,0,0,0,0,-6.86,-6.8,-6.83,3.72,100,0,62.02,0.49,0.93279043,0.92,244.95
2022,12,31,19,0,0,0,0,0,0,0,0,-7.41,-7.45,-7.42,3.54,100,0,62.06,0.17,0.32362117,0.34,312.18
2022,12,31,20,0,0,0,0,0,0,0,0,-7.74,-8.27,-8,3.3,100,0,62.1,0.2,0.380730788,0.38,310.86
2022,12,31,21,0,0,0,0,0,0,0,0,-7.72,-9.01,-8.37,3.11,98,0,62.13,0.28,0.533023103,0.63,248.2
2022,12,31,22,0,0,0,0,0,0,0,0,-8.26,-9.4,-8.83,3.05,99.88,0,62.15,0.58,1.104119284,1.05,234.41
2022,12,31,23,0,0,0,0,0,0,0,0,-8.88,-9.77,-9.32,2.99,100,0,62.13,0.38,0.723388497,0.76,256.39
2023,1,1,0,0,0,0,0,0,0,0,0,-9.35,-10.34,-9.85,2.81,100,0,62.11,0.34,0.647242339,0.64,276.26
2023,1,1,1,0,0,0,0,0,0,0,0,-9.67,-10.91,-10.29,2.69,100,0,62.1,0.32,0.60916926,0.63,271.43
2023,1,1,2,0,0,0,0,0,0,0,0,-9.9,-11.37,-10.63,2.56,97.69,0,62.07,0.27,0.513986563,0.49,280.95
2023,1,1,3,0,0,0,0,0,0,0,0,-10.5,-11.72,-11.11,2.5,99.62,0,62.04,0.31,0.590132721,0.47,319.71
2023,1,1,4,0,0,0,0,0,0,0,0,-10.81,-12.3,-11.56,2.38,97.38,0,62.03,0.35,0.666278879,0.55,341.82
2023,1,1,5,0,0,0,0,0,0,0,0,-10.85,-13.09,-11.97,2.2,91.06,0,62.05,0.32,0.60916926,0.49,349.05
2023,3,1,6,0,0,0,0,0,0,0,0,-8.26,-11.83,-10.04,0,78.06,2.38,62.53,0.56,1.066046206,29.05,31.03
2023,3,1,7,0.43,0.47,0.94,45.3,50.33,5.47,0.02,0.12,-6.2,-11.56,-8.88,0,67.88,2.44,62.58,0.84,1.599069309,29.42,30.45
2023,3,1,8,1.03,1.28,1.94,115.83,145.05,14.42,0.19,0.92,-2.77,-12.35,-7.56,0,47,2.26,62.64,0.99,1.884617399,309.23,310.76
2023,3,1,9,1.66,2.09,2.83,191.3,241.98,25.12,0.52,2.6,0.48,-12.81,-6.16,0,35.44,2.26,62.68,3.27,6.22494838,259.82,259.87
2023,3,1,10,2.2,2.74,3.52,257.98,318.45,35.06,0.93,4.75,2.12,-12.22,-5.05,0,33.25,2.38,62.7,4.15,7.900163846,251.12,250.91
2023,3,1,11,2.37,3.14,3.94,278.73,366.1,38.33,1.15,5.95,3.03,-11.26,-4.11,0,34.25,2.56,62.69,4.84,9.213685063,245.46,245.25
2023,3,1,12,1.94,2.86,4.07,226.88,326.15,29.53,0.88,4.55,3.19,-10.01,-3.41,0,38,2.93,62.65,5.25,9.994183178,241.3,241.13
2023,3,1,13,1.81,2.7,3.9,215.73,307.85,27.5,0.8,4.2,2.69,-8.59,-2.95,0,44.31,3.3,62.61,5.27,10.03225626,238.53,238.47
2023,3,1,14,1.44,2.28,3.45,171.95,258.77,21.66,0.55,2.85,1.83,-7.42,-2.79,0,51.5,3.6,62.57,4.94,9.404050457,235.96,235.97
2023,3,1,15,1.26,1.71,2.74,141.02,189.73,17.2,0.34,1.73,0.73,-6.77,-3.02,0,58.19,3.72,62.54,4.49,8.547406185,231.99,232.15
2023,3,1,16,0.53,0.95,1.82,58.45,103.58,7.05,0.09,0.42,-0.72,-6.45,-3.59,0,66.44,3.78,62.54,3.89,7.405213822,227.6,227.7
2023,3,1,17,0.24,0.27,0.78,26.73,29.6,3.34,0.02,0.05,-3.02,-6.08,-4.55,0,83,3.91,62.56,2.53,4.816244465,222.62,222.89
2023,3,1,18,0,0,0,0,0,0,0,0,-4.52,-5.87,-5.2,0,95.44,3.97,62.59,1.53,2.912590526,213.53,213.99
2023,3,1,19,0,0,0,0,0,0,0,0,-5.06,-5.96,-5.51,0,99.06,3.97,62.62,0.5,0.951826969,186.24,182
2023,3,1,20,0,0,0,0,0,0,0,0,-5.92,-6.27,-6.1,0,100,3.85,62.64,0.19,0.361694248,112.25,106.31
2023,3,1,21,0,0,0,0,0,0,0,0,-6.55,-6.67,-6.61,0,100,3.72,62.65,0.21,0.399767327,51.01,53.37
2023,3,1,22,0,0,0,0,0,0,0,0,-6.98,-7.48,-7.23,0,100,3.48,62.64,0.31,0.590132721,20.73,23.1
2023,3,1,23,0,0,0,0,0,0,0,0,-7.08,-8.92,-8,0,92.12,3.05,62.62,0.4,0.761461575,9.09,11.56
2023,3,2,0,0,0,0,0,0,0,0,0,-7.07,-10.26,-8.67,0,81.62,2.75,62.59,0.46,0.875680812,4.84,6.91
2023,3,2,1,0,0,0,0,0,0,0,0,-7.28,-11.14,-9.21,0,76.81,2.5,62.55,0.51,0.970863509,2.64,4.2
2023,3,2,2,0,0,0,0,0,0,0,0,-7.61,-11.68,-9.64,0,75.31,2.38,62.52,0.59,1.123155824,8.34,11.73
2023,3,2,3,0,0,0,0,0,0,0,0,-7.85,-12.05,-9.95,0,74.31,2.32,62.49,0.67,1.275448139,17.59,20.9
2023,3,2,4,0,0,0,0,0,0,0,0,-8.07,-12.34,-10.2,0,73.69,2.26,62.47,0.8,1.522923151,23.05,26.13
2023,3,2,5,0,0,0,0,0,0,0,0,-8.32,-12.68,-10.5,0,72.94,2.2,62.48,0.93,1.770398163,26.35,28.45
2023,3,2,6,0.03,0.02,0.05,1.3,1.6,0.19,0,0,-8.5,-12.96,-10.74,0,72.44,2.14,62.52,1.01,1.922690478,28.15,29.9
2023,3,2,7,0.45,0.51,0.91,50.1,57.58,5.95,0.03,0.15,-6.21,-12.74,-9.48,0,61.19,2.2,62.56,1.22,2.322457805,30.02,29.68
2023,3,2,8,1.24,1.39,1.96,143.38,161.9,17.84,0.25,1.23,-2.84,-13.55,-8.19,0,42.19,2.01,62.61,0.86,1.637142387,352.68,352.98
2023,3,2,9,1.93,2.19,2.85,226.83,258.5,29.99,0.66,3.27,0.15,-13.56,-6.71,0,33.75,2.08,62.64,1.36,2.588969357,258.37,256.87
2023,3,2,10,2.46,2.82,3.54,293.62,333.3,40.11,1.11,5.75,2.02,-12.74,-5.36,0,32.06,2.26,62.65,2.58,4.911427162,239.63,238.85
2023,3,2,11,2.61,3.21,3.96,314.67,379.62,44.16,1.39,7.33,3.22,-11.41,-4.1,0,33.5,2.56,62.63,3.73,7.100629191,233.35,232.94
2023,3,2,12,2.32,3.09,4.09,276.62,359.77,37.49,1.2,6.2,3.58,-9.98,-3.2,0,37.5,2.93,62.59,4.53,8.623552342,231.65,231.29
2023,3,2,13,1.9,2.91,3.92,232.05,340.35,31.12,0.96,5.12,3.26,-8.63,-2.68,0,43.12,3.3,62.55,4.7,8.947173512,232.08,231.89
2023,3,2,14,1.43,2.47,3.47,175,289.33,23.37,0.64,3.33,2.43,-7.92,-2.75,0,48.19,3.48,62.5,4.46,8.490296567,232.97,232.84
2023,3,2,15,1.03,1.83,2.76,125,213.3,16.4,0.36,1.8,1.39,-7.48,-3.05,0,53.25,3.6,62.49,4.1,7.804981149,233.68,233.48
2023,3,2,16,0.56,1.08,1.84,65.92,123.35,8.48,0.12,0.58,-0.05,-6.93,-3.49,0,61.12,3.72,62.49,3.46,6.586642628,233.44,233.29
2023,3,2,17,0.22,0.33,0.79,26.42,36.92,3.47,0.02,0.08,-2.13,-6.27,-4.2,0,76.38,3.91,62.5,2.11,4.016709811,234.19,233.6
2023,3,2,18,0,0,0,0,0,0,0,0,-3.76,-5.91,-4.83,0,89.5,3.97,62.53,1.25,2.379567423,236.71,236.24
2023,3,2,19,0,0,0,0,0,0,0,0,-4.34,-5.75,-5.04,0,94.56,4.03,62.56,0.34,0.647242339,271.3,268.43
2023,3,2,20,0,0,0,0,0,0,0,0,-5.16,-5.88,-5.52,0,100,3.97,62.6,0.41,0.780498115,343.3,346.87
2023,3,2,21,0,0,0,0,0,0,0,0,-5.77,-6.28,-6.02,0,100,3.85,62.62,0.71,1.351594296,1.89,5.26
2023,3,2,22,0,0,0,0,0,0,0,0,-6.12,-6.92,-6.52,0,100,3.66,62.61,0.92,1.751361624,11.79,13.37
2023,3,2,23,0,0,0,0,0,0,0,0,-6.15,-7.6,-6.88,0,94.69,3.42,62.6,0.99,1.884617399,16.01,17.1
2023,3,3,0,0,0,0,0,0,0,0,0,-6.06,-8.24,-7.16,0,88.75,3.23,62.58,1.01,1.922690478,18.43,19.28
2023,3,3,1,0,0,0,0,0,0,0,0,-6.02,-8.83,-7.42,0,83.88,3.05,62.54,1.02,1.941727017,19.27,19.89
2023,3,3,2,0,0,0,0,0,0,0,0,-6.05,-9.38,-7.71,0,79.94,2.93,62.51,1.03,1.960763557,18.16,18.61
2023,3,3,3,0,0,0,0,0,0,0,0,-6.13,-9.85,-7.99,0,77.12,2.81,62.49,1.03,1.960763557,14.46,14.7
2023,3,3,4,0,0,0,0,0,0,0,0,-6.33,-10.32,-8.33,0,75.25,2.69,62.49,1.06,2.017873175,14.04,14.23
2023,3,3,5,0,0,0,0,0,0,0,0,-6.6,-10.78,-8.7,0,73.94,2.56,62.51,1.11,2.113055872,17.16,17.41
2023,3,3,6,0.03,0.02,0.06,1.65,1.83,0.23,0,0,-6.79,-11.25,-9.02,0,72.06,2.44,62.54,1.15,2.18920203,21.51,22.15
2023,3,3,7,0.5,0.55,0.93,55.92,62.38,6.35,0.03,0.15,-4.48,-10.29,-7.38,0,65.25,2.75,62.59,1.18,2.246311648,25.55,25.25
2023,3,3,8,1.25,1.43,1.98,145.6,168.58,18.12,0.25,1.23,-0.84,-12.09,-6.46,0,40.5,2.32,62.64,0.98,1.86558086,344.74,344.85
2023,3,3,9,2.01,2.23,2.87,237.5,264.85,31.55,0.69,3.42,1.93,-12.8,-5.43,0,31.75,2.2,62.67,1.96,3.73116172,256.85,255.92
2023,3,3,10,2.53,2.86,3.55,302.02,338.95,41.48,1.14,5.8,3.64,-12.13,-4.24,0,30.38,2.38,62.68,3.23,6.148802222,241.7,241.2
2023,3,3,11,2.68,3.24,3.98,322.2,384.58,45.3,1.41,7.33,4.65,-10.85,-3.1,0,32.12,2.75,62.67,4.26,8.109565779,235.84,235.45
2023,3,3,12,2.32,3.18,4.11,276.45,371.75,37.8,1.21,6.23,4.91,-9.42,-2.25,0,36.12,3.11,62.63,5.02,9.556342772,233.42,233.16
2023,3,3,13,1.88,3.02,3.94,224.7,352.1,31.26,0.96,5,4.59,-7.88,-1.65,0,41.75,3.54,62.6,5.26,10.01321972,232.48,232.3
2023,3,3,14,1.61,2.58,3.48,192.1,301.05,26.03,0.71,3.73,3.86,-6.77,-1.45,0,47.44,3.78,62.57,5,9.518269694,233.45,233.27
2023,3,3,15,1.19,1.93,2.77,139.25,223.9,18.45,0.39,1.95,2.78,-6.1,-1.66,0,53.31,3.97,62.56,4.38,8.338004252,233.78,233.65
2023,3,3,16,0.59,1.13,1.85,69.38,129.52,9.15,0.12,0.6,1.23,-5.74,-2.26,0,60.81,4.03,62.57,3.53,6.719898404,233.46,233.33
2023,3,3,17,0.29,0.36,0.81,31.77,39.92,3.92,0.02,0.08,-1.27,-5.37,-3.32,0,76.19,4.15,62.58,2.1,3.997673271,233,232.28
2023,3,3,18,0,0,0,0,0,0,0,0,-3.02,-4.92,-3.97,0,90.81,4.27,62.6,0.79,1.503886612,227,226.83
2023,3,3,19,0,0,0,0,0,0,0,0,-4.34,-4.8,-4.57,0,100,4.33,62.62,0.26,0.494950024,36.53,37.04
2023,3,3,20,0,0,0,0,0,0,0,0,-5.15,-5.27,-5.21,0,100,4.15,62.65,0.63,1.199301981,25.92,28.4
2023,3,3,21,0,0,0,0,0,0,0,0,-5.52,-6.06,-5.79,0,100,3.91,62.66,0.89,1.694252005,22.74,24.83
2023,3,3,22,0,0,0,0,0,0,0,0,-5.42,-6.91,-6.17,0,94.12,3.6,62.67,0.97,1.846544321,22.23,23.77
2023,3,3,23,0,0,0,0,0,0,0,0,-4.95,-7.68,-6.32,0,84.69,3.42,62.66,0.88,1.675215466,20.38,21.62
2023,3,4,0,0,0,0,0,0,0,0,0,-4.52,-8.29,-6.41,0,77.25,3.23,62.65,0.59,1.123155824,11.46,12.92
2023,3,4,1,0,0,0,0,0,0,0,0,-4.24,-8.5,-6.37,0,74.25,3.17,62.63,0.33,0.6282058,343.3,343.2
2023,3,4,2,0,0,0,0,0,0,0,0,-4.64,-8.37,-6.51,0,78,3.23,62.61,0.25,0.475913485,313.73,312.18
2023,3,4,3,0,0,0,0,0,0,0,0,-5.37,-8.42,-6.89,0,82.69,3.23,62.6,0.29,0.552059642,337.62,341.9
2023,3,4,4,0,0,0,0,0,0,0,0,-5.91,-8.63,-7.27,0,84.81,3.11,62.59,0.52,0.989900048,6.91,9.46
2023,3,4,5,0,0,0,0,0,0,0,0,-6.37,-9.02,-7.7,0,85.25,3.05,62.59,0.79,1.503886612,19.16,21.01
2023,3,4,6,0.03,0.02,0.07,1.92,2.12,0.26,0,0,-6.68,-9.54,-8.11,0,83.62,2.87,62.63,0.94,1.789434702,25.07,26.18
2023,3,4,7,0.46,0.57,0.95,51.95,66,6.03,0.03,0.15,-4.48,-9.51,-6.99,0,69.88,2.93,62.69,1.2,2.284384726,27.06,27.49
2023,3,4,8,1.19,1.44,2,141.4,172.85,17.73,0.27,1.3,-1.4,-9.92,-5.66,0,51.94,2.81,62.75,0.86,1.637142387,335.3,335.59
2023,3,4,9,1.74,2.24,2.89,208.7,268.73,28.24,0.66,3.3,2.03,-11.19,-4.58,0,37.62,2.62,62.8,2.85,5.425413725,247.73,247.7
2023,3,4,10,2.18,2.85,3.57,263.02,342.23,36.86,1.08,5.7,3.76,-10.49,-3.37,0,35.38,2.81,62.8,4.19,7.976310003,236.64,236.59
2023,3,4,11,2.42,3.23,3.99,292.85,387.45,41.7,1.37,7.25,4.59,-9.24,-2.32,0,37,3.11,62.79,5.2,9.899000481,231.72,231.62
2023,3,4,12,2.24,3.22,4.12,265.88,380.35,36.66,1.23,6.35,4.51,-7.5,-1.5,0,42.5,3.54,62.75,5.69,10.83179091,229.79,229.84
2023,3,4,13,1.71,3.05,3.95,208.27,359.17,29.18,0.94,4.92,3.93,-5.84,-0.95,0,49.75,4.03,62.7,5.61,10.6794986,229.86,229.92
2023,3,4,14,1.49,2.63,3.5,179.73,308.55,24.43,0.71,3.8,3.15,-4.99,-0.92,0,55.69,4.27,62.65,5.27,10.03225626,229.27,229.28
2023,3,4,15,1.05,1.98,2.78,124.92,230.12,16.54,0.38,1.9,2.15,-4.88,-1.36,0,60.31,4.27,62.63,4.81,9.156575445,225.99,226.05
2023,3,4,16,0.61,1.17,1.86,70.7,134.02,9.31,0.13,0.65,0.64,-4.65,-2,0,68.56,4.39,62.63,4.06,7.728834991,222.97,223.03
2023,3,4,17,0.3,0.38,0.82,33.3,41.62,4.25,0.02,0.1,-1.81,-4.22,-3.01,0.01,86.75,4.52,62.64,2.53,4.816244465,217.72,217.97
2023,3,4,18,0,0,0,0,0,0,0,0,-3.12,-3.96,-3.54,0.01,98.44,4.64,62.66,1.43,2.722225132,206,206.15
2023,3,4,19,0,0,0,0,0,0,0,0,-3.62,-4.1,-3.86,0,100,4.58,62.69,0.5,0.951826969,174.64,178.94
2023,3,4,20,0,0,0,0,0,0,0,0,-4.38,-4.38,-4.38,0,100,4.46,62.72,0.27,0.513986563,127.87,147.8
2023,3,4,21,0,0,0,0,0,0,0,0,-5.04,-4.77,-4.91,0,100,4.33,62.73,0.17,0.32362117,76.61,97.59
2023,3,4,22,0,0,0,0,0,0,0,0,-5.78,-5.48,-5.63,0,100,4.09,62.73,0.22,0.418803867,37.69,39.04
2023,3,4,23,0,0,0,0,0,0,0,0,-6.13,-6.96,-6.55,0,99.75,3.6,62.71,0.28,0.533023103,35.91,36.16
2023,3,5,0,0,0,0,0,0,0,0,0,-6.09,-8.81,-7.45,0,85.06,3.11,62.68,0.31,0.590132721,45,45
2023,3,5,1,0,0,0,0,0,0,0,0,-6.2,-10.57,-8.38,0,73.88,2.69,62.65,0.36,0.685315418,49.4,52.33
2023,3,5,2,0,0,0,0,0,0,0,0,-6.55,-12.06,-9.31,0,66.56,2.32,62.63,0.43,0.818571194,50.19,51.34
2023,3,5,3,0,0,0,0,0,0,0,0,-6.88,-13.13,-10,0,61.75,2.08,62.6,0.44,0.837607733,52.93,52.54
2023,3,5,4,0,0,0,0,0,0,0,0,-6.8,-14.06,-10.43,0,55.94,1.89,62.6,0.37,0.704351957,52.65,52.43
2023,3,5,5,0,0,0,0,0,0,0,0,-6.52,-14.48,-10.5,0,52.5,1.83,62.61,0.3,0.571096182,51.34,51.48
2023,3,5,6,0.03,0.02,0.07,2,2.25,0.27,0,0,-6.17,-14.32,-10.24,0,51.75,1.89,62.65,0.25,0.475913485,46.27,45.78
2023,3,5,7,0.55,0.57,0.97,59.8,63.5,6.73,0.03,0.17,-3.94,-12.27,-8.1,0,52.75,2.32,62.69,0.24,0.456876945,11.31,15.38
2023,3,5,8,1.32,1.45,2.02,152.67,169,18.78,0.28,1.38,-0.93,-12.24,-6.59,0,41.44,2.32,62.73,1.47,2.79837129,257.14,256.87
2023,3,5,9,2.17,2.26,2.91,254.95,265.55,33.34,0.76,3.77,1.48,-12.11,-5.31,0,35.5,2.38,62.75,3.07,5.844217592,248.47,248.46
2023,3,5,10,2.49,2.88,3.59,294.7,340.08,40.34,1.16,5.98,3.16,-11.29,-4.06,0,33.81,2.56,62.76,3.87,7.367140743,241.78,241.8
2023,3,5,11,2.82,3.26,4.01,337.48,386.12,46.92,1.52,8,4.19,-10.17,-2.99,0,34.69,2.87,62.72,4.54,8.642588882,236.5,236.49
2023,3,5,12,2.45,3.16,4.14,291.52,370.4,39.56,1.3,6.77,4.54,-8.86,-2.17,0,37.75,3.17,62.66,5.01,9.537306233,233.63,233.58
2023,3,5,13,2.25,3.01,3.97,269.55,353.62,36.6,1.16,6.08,4.31,-7.56,-1.63,0,42.44,3.54,62.59,5.11,9.727671627,232.64,232.64
2023,3,5,14,1.6,2.62,3.51,193.23,306.92,26.14,0.75,4,3.58,-6.61,-1.52,0,48.06,3.78,62.54,4.94,9.404050457,232.39,232.42
2023,3,5,15,1.03,1.98,2.8,123.02,231.9,16.68,0.39,1.98,2.4,-5.9,-1.75,0,55,3.97,62.51,4.6,8.756808118,231.42,231.4
2023,3,5,16,0.54,1.19,1.88,64.23,137.73,8.62,0.13,0.65,0.83,-5.56,-2.36,0,63,4.09,62.51,3.98,7.576542676,230.81,230.88
2023,3,5,17,0.21,0.39,0.84,24.83,44.27,3.42,0.02,0.08,-1.49,-5.25,-3.37,0,77.94,4.21,62.52,2.71,5.158902174,228.27,228.77
2023,3,5,18,0,0,0,0,0,0,0,0,-3.51,-4.82,-4.17,0,95.19,4.33,62.54,1.53,2.912590526,223.97,224.7
2023,3,5,19,0,0,0,0,0,0,0,0,-3.95,-4.85,-4.4,0,98.38,4.33,62.57,0.48,0.913753891,234.25,234.07
2023,3,5,20,0,0,0,0,0,0,0,0,-4.91,-5.19,-5.05,0,100,4.21,62.59,0.15,0.285548091,0,350.13
2023,3,5,21,0,0,0,0,0,0,0,0,-5.6,-5.57,-5.59,0,100,4.09,62.59,0.26,0.494950024,26.57,26.98
2023,3,5,22,0,0,0,0,0,0,0,0,-6.25,-6.12,-6.18,0,100,3.91,62.57,0.36,0.685315418,36.12,34.66
2023,3,5,23,0,0,0,0,0,0,0,0,-6.59,-7.27,-6.93,0,100,3.54,62.54,0.45,0.856644272,37.87,36.67
2023,3,6,0,0,0,0,0,0,0,0,0,-6.54,-8.95,-7.74,0,87.12,3.05,62.51,0.46,0.875680812,37.45,37.09
2023,3,6,1,0,0,0,0,0,0,0,0,-6.77,-10.45,-8.61,0,77.75,2.69,62.46,0.51,0.970863509,39.35,38.74
2023,3,6,2,0,0,0,0,0,0,0,0,-7.12,-11.57,-9.35,0,72.31,2.44,62.4,0.61,1.161228903,48.61,46.75
2023,3,6,3,0,0,0,0,0,0,0,0,-7.44,-12.5,-9.97,0,68.31,2.2,62.37,0.68,1.294484678,54.31,51.57
2023,3,6,4,0,0,0,0,0,0,0,0,-7.6,-13.21,-10.4,0,65,2.08,62.35,0.68,1.294484678,59.04,55.91
2023,3,6,5,0,0,0,0,0,0,0,0,-7.63,-13.61,-10.62,0,63.06,2.01,62.36,0.66,1.2564116,61.93,58.19
2023,3,6,6,0.03,0.02,0.08,2.38,2.6,0.33,0,0,-7.45,-13.56,-10.51,0,63.06,2.08,62.41,0.58,1.104119284,63.78,59.83
2023,3,6,7,0.58,0.6,0.99,64.17,67.7,7.12,0.04,0.2,-4.82,-12.38,-8.6,0,56.94,2.32,62.45,0.53,1.008936588,70.23,68.84
2023,3,6,8,1.48,1.49,2.04,171.23,174.67,20.84,0.32,1.58,-1.52,-14.3,-7.91,0,36,1.95,62.51,1.23,2.341494345,226.28,226.26
2023,3,6,9,2.25,2.3,2.93,264.9,271.45,34.75,0.82,4.1,1.3,-16.06,-7.38,0,25.56,1.71,62.55,3.65,6.948336876,228.3,228.27
2023,3,6,10,2.75,2.94,3.61,326.3,345.9,44.66,1.33,7,2.88,-15.06,-6.09,0,24.94,1.89,62.57,4.82,9.175611985,229.14,229.09
2023,3,6,11,2.96,3.33,4.03,351.3,392.23,49.16,1.64,8.7,3.73,-13.59,-4.93,0,26.56,2.14,62.57,5.57,10.60335244,228.98,229
2023,3,6,12,2.55,3.31,4.15,301.58,385.7,41.9,1.42,7.48,3.89,-11.98,-4.04,0,29.88,2.38,62.53,5.84,11.117339,228.74,228.73
2023,3,6,13,2.5,3.17,3.98,297.65,369.52,40.91,1.35,7.23,3.64,-10.52,-3.44,0,34.12,2.69,62.48,5.71,10.86986399,229.22,229.18
2023,3,6,14,2.06,2.75,3.52,244.95,321.52,33.46,0.98,5.25,3.12,-9.54,-3.21,0,38.12,2.93,62.43,5.38,10.24165819,229.42,229.43
2023,3,6,15,1.55,2.11,2.81,184.12,245.83,24.21,0.55,2.83,2.27,-8.9,-3.31,0,42.69,3.05,62.4,4.94,9.404050457,228.27,228.32
2023,3,6,16,0.88,1.3,1.89,102,149.65,13.1,0.2,0.95,0.86,-8.54,-3.85,0,48.75,3.17,62.39,4.21,8.014383082,227.03,227.09
2023,3,6,17,0.37,0.46,0.85,41.27,51.08,5.08,0.02,0.12,-1.61,-7.64,-4.63,0,64.38,3.42,62.4,2.72,5.177938713,222.44,222.31
2023,3,6,18,0,0,0,0,0,0,0,0,-3.96,-7.22,-5.6,0.03,80.75,3.54,62.42,1.47,2.79837129,205.2,205.1
2023,3,6,19,0,0,0,0,0,0,0,0,-4.77,-7.07,-5.92,0.01,87.44,3.6,62.45,0.61,1.161228903,164.36,165.73
2023,3,6,20,0,0,0,0,0,0,0,0,-5.84,-7.38,-6.61,0,93.56,3.48,62.48,0.43,0.818571194,102.53,112.04
2023,3,6,21,0,0,0,0,0,0,0,0,-6.47,-7.95,-7.21,0,94.12,3.3,62.49,0.45,0.856644272,72.82,75.53
2023,3,6,22,0,0,0,0,0,0,0,0,-6.65,-8.97,-7.81,0,87.69,3.05,62.48,0.5,0.951826969,64.23,63.2
2023,3,6,23,0,0,0,0,0,0,0,0,-6.61,-10.51,-8.56,0,76.38,2.69,62.46,0.55,1.047009666,68.5,66.93
2023,3,7,0,0,0,0,0,0,0,0,0,-6.76,-11.83,-9.3,0,68.69,2.38,62.44,0.58,1.104119284,70.35,68.82
2023,3,7,1,0,0,0,0,0,0,0,0,-7.06,-12.82,-9.94,0,64.31,2.14,62.41,0.59,1.123155824,66.5,64.48
2023,3,7,2,0,0,0,0,0,0,0,0,-7.35,-13.42,-10.38,0,62.5,2.08,62.37,0.6,1.142192363,56.73,55.22
2023,3,7,3,0,0,0,0,0,0,0,0,-7.53,-13.81,-10.67,0,61.38,1.95,62.34,0.56,1.066046206,46.7,46.27
2023,3,7,4,0,0,0,0,0,0,0,0,-7.6,-14.17,-10.88,0,59.81,1.89,62.34,0.51,0.970863509,31.72,33.96
2023,3,7,5,0,0,0,0,0,0,0,0,-7.58,-14.52,-11.05,0,57.81,1.83,62.36,0.56,1.066046206,26.57,29.97
2023,3,7,6,0.04,0.03,0.09,2.62,3.05,0.34,0,0,-7.38,-14.52,-10.95,0,57.56,1.89,62.41,0.62,1.180265442,25.59,29.09
2023,3,7,7,0.63,0.66,1.01,69.05,74.17,7.53,0.05,0.23,-4.73,-13.66,-9.2,0,50.5,2.08,62.47,0.83,1.580032769,31.61,31.97
2023,3,7,8,1.53,1.57,2.06,175.17,181.98,21.38,0.34,1.65,-1.33,-15.77,-8.55,0,30.94,1.71,62.53,0.67,1.275448139,290.56,291.49
2023,3,7,9,2.3,2.38,2.95,268.9,277.7,35.41,0.84,4.25,1.89,-17.82,-7.97,0,20.94,1.46,62.58,2.93,5.57770604,244.87,244.82
2023,3,7,10,2.78,3,3.63,327.7,350.98,44.82,1.34,7.05,3.57,-16.61,-6.52,0,20.25,1.59,62.6,3.71,7.062556113,237.05,236.88
2023,3,7,11,3.04,3.39,4.04,359.02,396.35,50.23,1.7,9.02,4.65,-15.08,-5.21,0,21.44,1.83,62.59,4.47,8.509333106,229.89,229.84
2023,3,7,12,2.87,3.39,4.17,339.12,393.42,46.97,1.62,8.5,5.02,-13.35,-4.16,0,24.38,2.14,62.56,5.14,9.784781245,225.8,225.69
2023,3,7,13,2.74,3.23,4,322.5,374.85,44.25,1.47,7.83,4.76,-11.41,-3.32,0,29.25,2.5,62.52,5.44,10.35587743,224.13,224.12
2023,3,7,14,2.24,2.79,3.54,264.55,324.58,35.84,1.05,5.55,3.93,-9.63,-2.85,0,35.81,2.87,62.48,5.29,10.07032934,223.62,223.66
2023,3,7,15,1.71,2.12,2.82,199.27,246.45,26.3,0.61,3.08,2.7,-8.43,-2.86,0.01,42.94,3.17,62.47,4.84,9.213685063,221.14,221.24
2023,3,7,16,1.02,1.29,1.9,115.38,148.08,14.37,0.21,1.05,0.95,-7.61,-3.33,0.06,52.12,3.42,62.47,4.11,7.824017688,218.29,218.39
2023,3,7,17,0.38,0.46,0.86,41,49.67,5.02,0.02,0.12,-1.53,-6.86,-4.2,0.16,67.88,3.66,62.49,2.77,5.27312141,213.15,213.42
2023,3,7,18,0,0,0,0,0,0,0,0,-3.6,-6.67,-5.13,0.16,81.88,3.72,62.52,1.82,3.464650168,203.49,203.89
2023,3,7,19,0,0,0,0,0,0,0,0,-4.23,-6.56,-5.39,0.04,87.06,3.72,62.57,0.68,1.294484678,180,178.57
2023,3,7,20,0,0,0,0,0,0,0,0,-5.15,-6.75,-5.95,0.01,92.94,3.66,62.6,0.38,0.723388497,105.46,109.09
2023,3,7,21,0,0,0,0,0,0,0,0,-5.31,-7.07,-6.2,0,91.94,3.6,62.62,0.45,0.856644272,89.01,92.83
2023,3,7,22,0,0,0,0,0,0,0,0,-5.1,-7.45,-6.27,0,87.5,3.48,62.62,0.45,0.856644272,86.99,88.3
2023,3,7,23,0,0,0,0,0,0,0,0,-4.82,-8.16,-6.49,0,80.5,3.3,62.61,0.46,0.875680812,98.82,97.13
2023,3,8,0,0,0,0,0,0,0,0,0,-4.78,-9.2,-6.99,0,73.12,2.99,62.59,0.45,0.856644272,101.11,96.89
2023,3,8,1,0,0,0,0,0,0,0,0,-5.22,-10.4,-7.81,0.01,68.12,2.69,62.55,0.46,0.875680812,84.19,81.53
2023,3,8,2,0,0,0,0,0,0,0,0,-5.74,-11.48,-8.61,0.02,64.62,2.44,62.51,0.52,0.989900048,72.65,75.03
2023,3,8,3,0,0,0,0,0,0,0,0,-6.1,-12.61,-9.35,0.01,60.25,2.2,62.48,0.5,0.951826969,67.86,70.82
2023,3,8,4,0,0,0,0,0,0,0,0,-6.17,-13.64,-9.91,0,55.19,2.01,62.49,0.43,0.818571194,65.3,66.04
2023,3,8,5,0,0,0,0,0,0,0,0,-6.07,-14.53,-10.3,0,50.62,1.83,62.52,0.39,0.742425036,69.04,68.33
2023,3,8,6,0.03,0.03,0.1,2.62,2.77,0.36,0,0,-5.81,-15.1,-10.45,0,47,1.77,62.56,0.34,0.647242339,79.46,81.07
2023,3,8,7,0.42,0.52,1.03,45.02,55.8,5.66,0.04,0.2,-3.8,-15.78,-9.79,0,40.06,1.77,62.63,0.35,0.666278879,157.96,144.12
2023,3,8,8,0.77,1.29,2.07,90.52,145.02,11.98,0.21,1.05,-1.07,-18.45,-9.76,0,23.19,1.28,62.7,1.91,3.635979023,215.7,215.69
2023,3,8,9,1.15,2.03,2.97,136.33,229.83,18.19,0.47,2.42,1.05,-17.94,-8.45,0,20.06,1.34,62.74,3.61,6.872190719,218.23,218.25
2023,3,8,10,1.48,2.6,3.65,178.27,299.17,24.09,0.77,4.2,2.12,-16.51,-7.19,0.01,21.31,1.53,62.76,4.52,8.604515803,217.13,217.24
2023,3,8,11,1.02,2.89,4.06,130.17,330.85,17.9,0.61,3.2,2.58,-14.61,-6.02,0.02,24.62,1.77,62.75,4.85,9.232721603,217.02,217.12
2023,3,8,12,0.94,2.64,4.19,117.08,290.75,14.77,0.48,2.48,2.75,-12.72,-4.99,0.05,29,2.14,62.7,4.92,9.365977378,216.67,216.75
2023,3,8,13,0.72,2.29,4.01,90.9,242.6,10.91,0.34,1.8,2.62,-11.09,-4.23,0.05,33.94,2.5,62.64,4.96,9.442123536,215.64,215.75
2023,3,8,14,0.65,1.95,3.55,80.9,206.15,9.78,0.28,1.52,2.27,-10.01,-3.87,0.03,38.56,2.75,62.58,4.95,9.423086997,214.92,214.94
2023,3,8,15,0.44,1.41,2.83,53.12,147.25,6.48,0.15,0.77,1.51,-9.45,-3.97,0.03,43.25,2.93,62.54,4.58,8.718735039,212.17,212.19
2023,3,8,16,0.57,0.79,1.91,60.7,81.73,7.23,0.12,0.58,0.25,-9.15,-4.45,0.03,49.25,3.05,62.53,3.9,7.424250361,208.11,208.12
2023,3,8,17,0.19,0.24,0.88,20.15,25.45,2.36,0.02,0.08,-2.04,-8.39,-5.22,0.02,64.12,3.3,62.53,2.68,5.101792556,203.2,202.82
2023,3,8,18,0,0,0,0,0,0,0,0,-4.61,-7.88,-6.24,0.03,82.38,3.42,62.54,1.47,2.79837129,192.56,191.93
2023,3,8,19,0,0,0,0,0,0,0,0,-5.42,-7.33,-6.38,0.03,91.62,3.54,62.57,0.79,1.503886612,168.02,167.26
2023,3,8,20,0,0,0,0,0,0,0,0,-6.02,-7.52,-6.77,0.02,95,3.48,62.6,0.56,1.066046206,129.91,132.54
2023,3,8,21,0,0,0,0,0,0,0,0,-6.33,-8.01,-7.17,0.03,93.94,3.36,62.61,0.52,0.989900048,125.13,129.25
2023,3,8,22,0,0,0,0,0,0,0,0,-6.61,-8.46,-7.54,0.03,92.56,3.23,62.59,0.5,0.951826969,135,139.7
2023,3,8,23,0,0,0,0,0,0,0,0,-6.71,-9.07,-7.89,0.02,88.69,3.05,62.56,0.55,1.047009666,149.45,150.95
2023,3,9,0,0,0,0,0,0,0,0,0,-6.83,-9.55,-8.19,0.01,85.94,2.93,62.51,0.53,1.008936588,151.19,152.73
2023,3,9,1,0,0,0,0,0,0,0,0,-7.09,-9.87,-8.48,0,85.31,2.87,62.46,0.46,0.875680812,139.82,145.98
2023,3,9,2,0,0,0,0,0,0,0,0,-7.19,-10.05,-8.62,0,84.38,2.81,62.4,0.41,0.780498115,127.3,137.41
2023,3,9,3,0,0,0,0,0,0,0,0,-7.32,-10.16,-8.74,0,84.12,2.75,62.36,0.42,0.799534654,106.09,112.31
2023,3,9,4,0,0,0,0,0,0,0,0,-7.49,-10.28,-8.88,0,84.25,2.75,62.35,0.46,0.875680812,83.12,82.44
2023,3,9,5,0,0,0,0,0,0,0,0,-7.7,-10.52,-9.11,0,83.94,2.69,62.37,0.57,1.085082745,63.79,62.3
2023,3,9,6,0.03,0.02,0.1,2.1,2.25,0.27,0,0,-7.73,-10.75,-9.24,0,82.56,2.62,62.4,0.66,1.2564116,55.56,54.34
2023,3,9,7,0.4,0.39,1.05,40.42,40.75,5.03,0.03,0.15,-4.96,-10.55,-7.76,0,66.88,2.69,62.46,1.07,2.036909714,60.26,58.37
2023,3,9,8,1.04,1.08,2.1,109.55,114.65,12.89,0.2,0.98,-1.58,-11.65,-6.61,0,45.19,2.44,62.52,0.99,1.884617399,177.3,176.63
2023,3,9,9,1.73,1.81,2.99,188.7,198.05,22.48,0.51,2.55,1.16,-12.52,-5.68,0,34.25,2.26,62.55,2.93,5.57770604,213.01,212.73
2023,3,9,10,2.14,2.39,3.66,239.95,264.45,29.29,0.81,4.23,2.67,-12.11,-4.72,0,32,2.38,62.56,3.96,7.538469597,217.14,216.91
2023,3,9,11,2.22,2.8,4.08,252.5,313.17,31.97,1,5.23,3.46,-11.17,-3.86,0,32.94,2.56,62.54,4.82,9.175611985,217.63,217.47
2023,3,9,12,2.61,3.3,4.2,315.62,385.08,43.73,1.48,7.67,3.55,-9.94,-3.2,0,36.44,2.87,62.5,5.22,9.93707356,217.95,217.87
2023,3,9,13,2.22,3.02,4.03,263.58,347.55,35.8,1.15,6.02,3.12,-8.85,-2.87,0,40.88,3.11,62.45,5.2,9.899000481,218.11,218.03
2023,3,9,14,1.74,2.47,3.56,203.88,278.73,26.59,0.75,3.98,2.28,-8.13,-2.92,0.01,45.81,3.3,62.41,4.95,9.423086997,217.43,217.38
2023,3,9,15,1.29,1.72,2.85,145.5,187.8,18.5,0.41,2.1,1.29,-7.81,-3.26,0.01,50.5,3.36,62.4,4.45,8.471260027,216.79,216.74
2023,3,9,16,0.63,0.92,1.92,67.95,96.38,8.61,0.12,0.6,-0.07,-7.58,-3.83,0.01,56.94,3.48,62.4,3.64,6.929300337,216.28,216.34
2023,3,9,17,0.24,0.3,0.89,26.08,31.85,3.35,0.02,0.08,-2.05,-7.2,-4.63,0,69.5,3.6,62.42,2.43,4.625879071,215.99,216
2023,3,9,18,0,0,0,0,0,0,0,0,-4.02,-6.77,-5.4,0,84.94,3.72,62.44,1.33,2.531859738,212.01,211.79
2023,3,9,19,0,0,0,0,0,0,0,0,-4.95,-6.56,-5.75,0,93.12,3.72,62.48,0.21,0.399767327,195.07,180
2023,3,9,20,0,0,0,0,0,0,0,0,-5.97,-6.85,-6.41,0,99.06,3.66,62.51,0.43,0.818571194,44.26,43.81
2023,3,9,21,0,0,0,0,0,0,0,0,-6.15,-7.45,-6.8,0,95.5,3.48,62.52,0.59,1.123155824,41.76,42.08
2023,3,9,22,0,0,0,0,0,0,0,0,-6.14,-8.22,-7.18,0,89.19,3.23,62.51,0.68,1.294484678,41.25,42.04
2023,3,9,23,0,0,0,0,0,0,0,0,-6.02,-9.12,-7.56,0,81.56,2.99,62.49,0.7,1.332557757,43.65,44.17
2023,3,10,0,0,0,0,0,0,0,0,0,-6.02,-9.96,-7.99,0,75.62,2.75,62.46,0.73,1.389667375,45.43,45.82
2023,3,10,1,0,0,0,0,0,0,0,0,-6.14,-10.7,-8.42,0,71.44,2.62,62.42,0.81,1.54195969,46.17,46.01
2023,3,10,2,0,0,0,0,0,0,0,0,-6.36,-11.24,-8.8,0,69.19,2.44,62.36,0.92,1.751361624,43.62,43.05
2023,3,10,3,0,0,0,0,0,0,0,0,-6.68,-11.57,-9.13,0,68.75,2.38,62.33,1.03,1.960763557,41.31,41.19
2023,3,10,4,0,0,0,0,0,0,0,0,-6.93,-11.82,-9.38,0,68.62,2.32,62.32,1.12,2.132092411,40.47,40.67
2023,3,10,5,0,0,0,0,0,0,0,0,-6.9,-11.99,-9.44,0,67.38,2.32,62.34,1.15,2.18920203,41.7,42.1
2023,3,10,6,0.04,0.03,0.11,2.85,3.2,0.4,0,0,-6.49,-11.9,-9.2,0,65.75,2.32,62.38,1.12,2.132092411,44.72,45.31
2023,3,10,7,0.52,0.53,1.07,54.85,56.83,6.67,0.04,0.2,-3.17,-11.04,-7.11,0,54.06,2.5,62.44,1.37,2.608005896,54.04,53.04
2023,3,10,8,1.25,1.34,2.11,137.62,149,16.72,0.26,1.27,0.48,-12.34,-5.93,0,35.62,2.26,62.5,1.08,2.055946254,143.55,144.5
2023,3,10,9,2.02,2.12,3.01,229.45,241.12,29.18,0.67,3.38,2.4,-11.81,-4.7,0,33.06,2.38,62.54,2.49,4.740098307,190.29,191.05
2023,3,10,10,2.44,2.73,3.68,283.67,312.35,37.35,1.07,5.58,3.59,-10.75,-3.58,0,33.62,2.62,62.54,3.5,6.662788786,202.32,202.79
2023,3,10,11,2.65,3.08,4.1,308.1,353.4,41.05,1.3,6.85,4.29,-9.52,-2.62,0,36,2.99,62.53,4.29,8.166675397,208.29,208.63
2023,3,10,12,2.93,3.38,4.22,352.38,396.35,49.09,1.66,8.62,4.43,-8.4,-1.99,0,39.38,3.3,62.48,4.67,8.890063894,211.54,211.74
2023,3,10,13,2.68,3.15,4.04,318.35,367.75,43.58,1.38,7.27,3.95,-7.54,-1.8,0,43.56,3.54,62.43,4.7,8.947173512,212.37,212.52
2023,3,10,14,2.14,2.63,3.58,250.9,302.52,33.24,0.94,4.88,3.17,-6.93,-1.88,0,48,3.66,62.38,4.52,8.604515803,211.8,211.81
2023,3,10,15,1.53,1.89,2.86,172.08,210.83,21.89,0.48,2.42,2.19,-6.71,-2.26,0,52,3.72,62.36,4.23,8.052456161,209.22,209.27
2023,3,10,16,0.89,1.1,1.93,96.75,118.83,12.01,0.17,0.85,0.87,-6.67,-2.9,0,57.31,3.72,62.37,3.71,7.062556113,205.54,205.62
2023,3,10,17,0.33,0.38,0.91,35.08,39.73,4.52,0.02,0.12,-1.11,-6.38,-3.74,0,68.38,3.78,62.39,2.76,5.254084871,201.41,201.43
2023,3,10,18,0,0,0,0,0,0,0,0,-3.58,-5.85,-4.71,0,87.94,3.97,62.42,1.65,3.141028999,193.97,193.76
2023,3,10,19,0,0,0,0,0,0,0,0,-4.2,-5.6,-4.9,0,94.31,4.03,62.46,1.14,2.17016549,180.78,179.42
2023,3,10,20,0,0,0,0,0,0,0,0,-4.8,-5.65,-5.22,0,98.56,4.03,62.5,0.62,1.180265442,152.14,146.03
2023,3,10,21,0,0,0,0,0,0,0,0,-5.45,-5.9,-5.68,0,100,3.91,62.52,0.43,0.818571194,99.46,101.55
2023,3,10,22,0,0,0,0,0,0,0,0,-5.83,-6.23,-6.03,0,100,3.85,62.51,0.52,0.989900048,94.27,95.61
2023,3,10,23,0,0,0,0,0,0,0,0,-5.93,-6.56,-6.24,0,100,3.72,62.48,0.58,1.104119284,98.46,100.22
2023,3,11,0,0,0,0,0,0,0,0,0,-6.09,-6.92,-6.51,0,99.06,3.6,62.44,0.62,1.180265442,102.45,103.82
2023,3,11,1,0,0,0,0,0,0,0,0,-6.31,-7.31,-6.81,0,97.62,3.48,62.4,0.62,1.180265442,101.59,101.48
2023,3,11,2,0,0,0,0,0,0,0,0,-6.52,-7.78,-7.15,0,95.75,3.36,62.34,0.64,1.218338521,96.34,95.08
2023,3,11,3,0,0,0,0,0,0,0,0,-6.76,-8.27,-7.52,0,93.69,3.23,62.31,0.66,1.2564116,92.69,90
2023,3,11,4,0,0,0,0,0,0,0,0,-7.01,-8.81,-7.92,0,91.44,3.11,62.3,0.72,1.370630836,87.51,84.58
2023,3,11,5,0,0,0,0,0,0,0,0,-7.22,-9.41,-8.31,0,88.31,2.93,62.32,0.82,1.56099623,81.25,78.69
2023,3,11,6,0.03,0.03,0.12,2.65,2.9,0.36,0,0,-7.18,-9.91,-8.54,0,84.25,2.81,62.36,0.89,1.694252005,72.68,71.91
2023,3,11,7,0.44,0.44,1.09,45.45,46.7,5.75,0.04,0.17,-4.21,-10.37,-7.29,0,62.94,2.69,62.42,1.64,3.121992459,74.24,73.32
2023,3,11,8,1.23,1.25,2.13,132.42,137.2,15.98,0.25,1.25,-1.2,-12.35,-6.78,0,40.94,2.26,62.48,1.76,3.350430932,102.31,102.67
2023,3,11,9,1.92,2,3.03,216.1,225.02,26.8,0.62,3.12,1.31,-13.72,-6.2,0,29.94,2.01,62.5,2.06,3.921527114,136.23,137.25
2023,3,11,10,2.39,2.58,3.7,275.33,293.67,35.13,1.01,5.3,3,-13.69,-5.35,0,26.88,2.01,62.5,2.61,4.96853678,158.8,160.48
2023,3,11,11,2.63,2.93,4.11,303.7,334.15,39.26,1.24,6.55,3.96,-12.82,-4.43,0,27.69,2.26,62.47,3.25,6.186875301,175.31,176.69
2023,3,11,12,2.53,3.19,4.23,302.5,369.3,41.07,1.38,7.15,4.21,-11.35,-3.56,0,31.5,2.62,62.42,3.66,6.967373416,187.61,188.74
2023,3,11,13,2.14,2.96,4.06,254.1,339.4,34.41,1.12,5.85,3.49,-9.99,-3.25,0,37.75,2.93,62.37,3.55,6.757971482,195.96,196.81
2023,3,11,14,1.7,2.44,3.59,202.6,275.95,27.05,0.8,4.25,2.28,-8.85,-3.28,0,45.5,3.3,62.33,3.08,5.863254131,202.53,203.06
2023,3,11,15,1.14,1.77,2.87,134.67,195.15,17.75,0.42,2.15,0.9,-7.79,-3.45,0,54.38,3.54,62.32,2.6,4.949500241,211.88,212.01
2023,3,11,16,0.73,0.97,1.95,87.27,103.98,11.28,0.18,0.9,-0.18,-6.92,-3.56,0,62.69,3.78,62.34,2.2,4.188038665,222.41,221.92
2023,3,11,17,0.12,0.3,0.92,13.12,32.25,1.7,0.01,0.05,-1.36,-6.31,-3.84,0,72.31,3.97,62.36,1.7,3.236211696,232.29,230.99
2023,3,11,18,0,0,0,0,0,0,0,0,-2.6,-5.79,-4.2,0,83.38,4.09,62.4,0.81,1.54195969,249.12,241.68
2023,3,11,19,0,0,0,0,0,0,0,0,-2.92,-5.56,-4.24,0,86.75,4.15,62.46,0.53,1.008936588,263.19,248.5
2023,3,11,20,0,0,0,0,0,0,0,0,-3.11,-5.5,-4.31,0,88.12,4.15,62.51,0.21,0.399767327,303.11,277.35
2023,3,11,21,0,0,0,0,0,0,0,0,-3.27,-5.52,-4.4,0,88.81,4.15,62.54,0.5,0.951826969,30.19,38.12
2023,3,11,22,0,0,0,0,0,0,0,0,-3.44,-5.77,-4.6,0,87.94,4.03,62.54,0.84,1.599069309,37.41,40.97
2023,3,11,23,0,0,0,0,0,0,0,0,-3.34,-6.1,-4.72,0,84.62,3.91,62.53,0.96,1.827507781,37.06,39.68
2023,3,12,0,0,0,0,0,0,0,0,0,-3.19,-6.42,-4.81,0,81,3.78,62.5,1.02,1.941727017,36,37.72
2023,3,12,1,0,0,0,0,0,0,0,0,-3.1,-6.82,-4.95,0,77.5,3.66,62.46,1.05,1.998836636,36.18,36.99
2023,3,12,2,0,0,0,0,0,0,0,0,-3.1,-7.24,-5.17,0,74.69,3.54,62.41,0.95,1.808471242,37.63,37.79
2023,3,12,3,0,0,0,0,0,0,0,0,-3.34,-7.77,-5.56,0,72.81,3.36,62.37,0.84,1.599069309,37.83,36.61
2023,3,12,4,0,0,0,0,0,0,0,0,-3.54,-8.31,-5.93,0,70.88,3.23,62.38,0.78,1.484850072,37.67,35.81
2023,3,12,5,0,0,0,0,0,0,0,0,-4.06,-8.77,-6.42,0,71.19,3.11,62.41,0.85,1.618105848,37.92,36.74
2023,3,12,6,0.03,0.03,0.13,2.77,3.35,0.39,0,0,-4.17,-9.12,-6.65,0,69.88,2.99,62.46,0.93,1.770398163,38.21,37.45
2023,3,12,7,0.48,0.48,1.11,51.08,52.12,6.41,0.04,0.2,-1.56,-8.49,-5.02,0,59.62,3.17,62.52,1.25,2.379567423,40.68,40.21
2023,3,12,8,1.22,1.21,2.15,132.15,135,16.01,0.24,1.2,1.74,-10.15,-4.2,0,40.19,2.75,62.58,1.07,2.036909714,64,63.28
2023,3,12,9,1.95,2.04,3.05,224.58,234.9,28.29,0.65,3.23,3.78,-10.6,-3.41,0,33.81,2.69,62.62,0.74,1.408703915,154.51,157.57
2023,3,12,10,2.39,2.64,3.72,281.27,306.67,36.58,1.03,5.35,5.03,-10.16,-2.56,0,32.38,2.81,62.63,1.64,3.121992459,198.95,200.61
2023,3,12,11,2.7,3,4.13,318.38,349.25,41.97,1.31,6.88,6.01,-9.35,-1.67,0,32.81,3.05,62.63,2.79,5.311194489,211.24,212.13
2023,3,12,12,2.97,3.3,4.25,359.42,391.77,49.66,1.66,8.65,6.37,-8.1,-0.86,0,35.81,3.42,62.59,3.79,7.214848428,217.55,217.97
2023,3,12,13,2.74,3.07,4.07,326.5,361.62,44.34,1.41,7.38,6.01,-6.75,-0.37,0,41.06,3.85,62.55,4.28,8.147638858,220.85,221.15
2023,3,12,14,2.18,2.56,3.6,255.75,295.27,33.71,0.95,4.95,4.73,-5.45,-0.36,0,49.31,4.21,62.51,4.24,8.0714927,220.67,221.01
2023,3,12,15,1.63,1.83,2.88,183.98,204.33,23.17,0.51,2.55,3.23,-4.49,-0.63,0,58.19,4.46,62.5,3.94,7.500396519,218.89,219.19
2023,3,12,16,0.89,1.03,1.96,95.92,111.12,11.98,0.17,0.85,1.81,-3.98,-1.09,0,66.5,4.64,62.51,3.67,6.986409955,218.16,218.42
2023,3,12,17,0.31,0.34,0.93,32.42,36.23,4.19,0.02,0.1,0.05,-3.49,-1.72,0,78.25,4.76,62.54,3.03,5.768071434,218.61,218.96
2023,3,12,18,0,0,0,0,0,0,0,0,-1.35,-3.14,-2.24,0.01,90.31,4.94,62.57,2,3.807307877,219.46,218.91
2023,3,12,19,0,0,0,0,0,0,0,0,-1.7,-3.24,-2.47,0,92.25,4.88,62.61,1.54,2.931627066,221.71,219.27
2023,3,12,20,0,0,0,0,0,0,0,0,-2.13,-3.61,-2.87,0,93.06,4.76,62.65,1.05,1.998836636,223.79,220.88
2023,3,12,21,0,0,0,0,0,0,0,0,-2.67,-3.98,-3.32,0,94.75,4.64,62.67,0.56,1.066046206,226.12,222.18
2023,3,12,22,0,0,0,0,0,0,0,0,-3.51,-4.27,-3.88,0,99.19,4.52,62.66,0.1,0.190365394,241.39,333.43
2023,3,12,23,0,0,0,0,0,0,0,0,-4.17,-4.81,-4.49,0,100,4.33,62.65,0.12,0.228438473,34.7,35.54
2023,3,13,0,0,0,0,0,0,0,0,0,-4.63,-5.77,-5.2,0,96.56,3.97,62.64,0.11,0.209401933,74.05,86.82
2023,3,13,1,0,0,0,0,0,0,0,0,-4.95,-7.22,-6.09,0,88.19,3.54,62.61,0.14,0.266511551,116.57,149.04
2023,3,13,2,0,0,0,0,0,0,0,0,-5.21,-8.74,-6.98,0,79.62,3.11,62.58,0.17,0.32362117,109.29,138.81
2023,3,13,3,0,0,0,0,0,0,0,0,-5.76,-9.93,-7.85,0,75.56,2.81,62.55,0.22,0.418803867,83.88,95.86
2023,3,13,4,0,0,0,0,0,0,0,0,-6.03,-10.84,-8.43,0,71.62,2.62,62.53,0.36,0.685315418,64,67.13
2023,3,13,5,0,0,0,0,0,0,0,0,-6.37,-11.49,-8.92,0,69.5,2.5,62.52,0.49,0.93279043,56.06,54.52
2023,3,13,6,0.04,0.03,0.14,3.35,3.55,0.45,0,0,-6.42,-11.62,-9.02,0,68.56,2.44,62.54,0.6,1.142192363,49.72,47.62
2023,3,13,7,0.5,0.51,1.13,54.1,54.95,6.78,0.04,0.2,-3.74,-11.07,-7.4,0,57.25,2.56,62.57,0.76,1.446776993,46.66,45
2023,3,13,8,1.24,1.3,2.17,135.77,144.67,16.49,0.25,1.23,-0.08,-12.37,-6.23,0,37.94,2.32,62.61,1.06,2.017873175,226.5,226.78
2023,3,13,9,1.87,2.09,3.06,214.08,237.3,27.1,0.61,3.05,2.3,-11.77,-4.74,0,33.69,2.44,62.61,2.61,4.96853678,228.39,228.28
2023,3,13,10,2.27,2.71,3.74,267.85,312.73,35.26,0.98,5.15,3.95,-10.39,-3.22,0,33.75,2.75,62.59,3.57,6.796044561,226.24,226.01
2023,3,13,11,2.56,3.1,4.15,306.77,360.88,41.08,1.28,6.58,4.98,-8.87,-1.95,0,36,3.11,62.56,4.4,8.37607733,223.56,223.37
2023,3,13,12,2.24,2.88,4.26,260.4,323.27,32.31,1.01,5.1,5.23,-7.24,-1.01,0,40.62,3.6,62.51,5.06,9.63248893,221.68,221.58
2023,3,13,13,1.79,2.64,4.08,209.12,295.33,25.43,0.76,3.9,4.56,-5.4,-0.42,0.01,49.31,4.15,62.44,5.19,9.879963942,220.79,220.78
2023,3,13,14,1.41,2.16,3.62,163.1,239.52,19.8,0.52,2.67,3.58,-4.3,-0.36,0.03,57.31,4.52,62.38,5.01,9.537306233,220.7,220.69
2023,3,13,15,0.96,1.57,2.89,109.05,171.05,13.12,0.28,1.42,2.48,-4,-0.76,0.03,63.31,4.64,62.34,4.8,9.137538906,220.71,220.75
2023,3,13,16,0.56,0.88,1.97,62.73,93.95,7.49,0.11,0.52,1.13,-4.02,-1.44,0.04,69.69,4.64,62.33,4.34,8.261858094,220.69,220.74
2023,3,13,17,0.18,0.3,0.95,20.02,32.58,2.4,0.02,0.05,-0.46,-3.85,-2.16,0.03,79.81,4.7,62.34,3.37,6.415313773,220.67,220.72
2023,3,13,18,0,0,0,0,0,0,0,0,-2.02,-3.52,-2.77,0.03,93.56,4.82,62.37,1.93,3.674052102,221.23,220.73
2023,3,13,19,0,0,0,0,0,0,0,0,-2.3,-3.64,-2.97,0.02,95,4.82,62.4,1.45,2.760298211,220.63,220.12
2023,3,13,20,0,0,0,0,0,0,0,0,-2.63,-3.74,-3.18,0.01,96.88,4.76,62.43,0.88,1.675215466,214.11,213.27
2023,3,13,21,0,0,0,0,0,0,0,0,-3.2,-3.81,-3.5,0.01,100,4.7,62.45,0.34,0.647242339,186.63,189.02
2023,3,13,22,0,0,0,0,0,0,0,0,-3.79,-4.06,-3.92,0,100,4.58,62.43,0.12,0.228438473,143.13,166.5
2023,3,13,23,0,0,0,0,0,0,0,0,-4.53,-4.56,-4.55,0,100,4.46,62.4,0.08,0.152292315,68.2,80.54
2023,3,14,0,0,0,0,0,0,0,0,0,-5.43,-5.38,-5.41,0,100,4.15,62.37,0.21,0.399767327,33.11,33.31
2023,3,14,1,0,0,0,0,0,0,0,0,-6.06,-6.75,-6.4,0.01,100,3.72,62.33,0.3,0.571096182,25.91,26.95
2023,3,14,2,0,0,0,0,0,0,0,0,-6.14,-8.2,-7.17,0.01,89.94,3.3,62.29,0.33,0.6282058,29.58,29.45
2023,3,14,3,0,0,0,0,0,0,0,0,-5.85,-9.81,-7.83,0.01,76.38,2.87,62.26,0.29,0.552059642,36.25,36.87
2023,3,14,4,0,0,0,0,0,0,0,0,-5.87,-11.27,-8.57,0.01,67.06,2.5,62.25,0.33,0.6282058,48.81,50.65
2023,3,14,5,0,0,0,0,0,0,0,0,-5.86,-12.33,-9.1,0.01,60.69,2.26,62.27,0.37,0.704351957,57.99,59.97
2023,3,14,6,0.04,0.04,0.15,3.1,3.9,0.43,0,0,-5.3,-13.06,-9.18,0,53.88,2.14,62.3,0.3,0.571096182,72.03,78.69
2023,3,14,7,0.48,0.49,1.15,51.23,53.2,6.31,0.04,0.2,-2.66,-10.92,-6.79,0,52.56,2.56,62.33,0.64,1.218338521,191.31,186.2
2023,3,14,8,1.15,1.24,2.19,127.55,138.9,15.33,0.23,1.15,-0.15,-8.85,-4.5,0,51.19,3.11,62.37,2.35,4.473586756,217.02,217.06
2023,3,14,9,1.71,1.99,3.08,196.7,227.52,24.63,0.55,2.8,1.73,-8.34,-3.3,0,47.12,3.23,62.39,3.7,7.043519573,223.97,223.96
2023,3,14,10,2.19,2.61,3.75,257.92,302.15,33.38,0.93,4.83,2.87,-7.67,-2.41,0,46,3.48,62.38,4.64,8.832954276,225.68,225.72
2023,3,14,11,2.36,3.04,4.16,286.1,355.9,37.6,1.2,6.08,3.28,-6.69,-1.7,0.01,48.44,3.72,62.36,5.23,9.956110099,226.51,226.61
2023,3,14,12,1.97,2.92,4.28,237.1,335.9,29.65,0.94,4.7,3.23,-5.95,-1.35,0.01,51.62,3.97,62.31,5.58,10.62238898,226.81,226.77
2023,3,14,13,1.69,2.67,4.1,200.9,302.3,25.2,0.76,3.9,2.63,-5.24,-1.31,0.01,57.25,4.21,62.25,5.75,10.94601015,226.16,226.19
2023,3,14,14,1.4,2.22,3.63,165.23,247.6,20.43,0.55,2.92,1.61,-4.99,-1.69,0.01,63.06,4.33,62.2,5.55,10.56527936,226.65,226.72
2023,3,14,15,0.94,1.6,2.91,105.88,173.8,12.63,0.27,1.33,0.56,-5.02,-2.23,0.01,67.88,4.33,62.16,5.13,9.765744706,226.05,226.13
2023,3,14,16,0.48,0.89,1.98,53.77,93.38,6.5,0.09,0.42,-0.56,-5.04,-2.8,0.01,74.06,4.33,62.16,4.49,8.547406185,224.65,224.72
2023,3,14,17,0.18,0.28,0.91,19.92,30,2.5,0.01,0.05,-1.97,-4.76,-3.36,0.01,85.38,4.46,62.16,3.52,6.700861864,220.41,220.53
2023,3,14,18,0.02,0.01,0.05,0.8,0.98,0.11,0,0,-3.69,-4.31,-4,0.01,100,4.64,62.17,2.39,4.549732914,210.93,211.12
2023,3,14,19,0,0,0,0,0,0,0,0,-3.97,-4.19,-4.08,0.01,100,4.64,62.2,2.1,3.997673271,205.61,205.42
2023,3,14,20,0,0,0,0,0,0,0,0,-4.13,-4.37,-4.25,0,100,4.58,62.23,1.65,3.141028999,197.06,196.42
2023,3,14,21,0,0,0,0,0,0,0,0,-4.52,-4.9,-4.71,0,100,4.39,62.24,1.06,2.017873175,190.23,189.81
2023,3,14,22,0,0,0,0,0,0,0,0,-5.32,-5.51,-5.42,0,100,4.15,62.23,0.42,0.799534654,161.57,155.43
2023,3,14,23,0,0,0,0,0,0,0,0,-6.13,-6.83,-6.49,0,100,3.72,62.21,0.21,0.399767327,119.48,106.11
2023,3,15,0,0,0,0,0,0,0,0,0,-6.12,-8.69,-7.4,0,87.81,3.23,62.18,0.14,0.266511551,128.16,115.71
2023,3,15,1,0,0,0,0,0,0,0,0,-6.11,-9.88,-7.99,0,79.44,2.93,62.14,0.13,0.247475012,151.93,148.67
2023,3,15,2,0,0,0,0,0,0,0,0,-6.31,-10.52,-8.42,0,75.94,2.75,62.1,0.17,0.32362117,135,130.03
2023,3,15,3,0,0,0,0,0,0,0,0,-6.4,-10.51,-8.45,0,75.56,2.69,62.08,0.22,0.418803867,140.71,133.15
2023,3,15,4,0,0,0,0,0,0,0,0,-6.66,-10.31,-8.49,0,78,2.75,62.07,0.25,0.475913485,128.66,123.07
2023,3,15,5,0,0,0,0,0,0,0,0,-6.94,-10.23,-8.59,0,80.69,2.75,62.1,0.27,0.513986563,110.56,107.47
2023,3,15,6,0.04,0.04,0.16,3.48,4.33,0.48,0,0,-6.88,-9.95,-8.42,0.01,82.94,2.87,62.14,0.29,0.552059642,115.2,104.44
2023,3,15,7,0.54,0.54,1.17,56.1,57.65,6.81,0.03,0.17,-4.33,-9.77,-7.05,0.01,68.25,2.93,62.19,0.52,0.989900048,180,172.2
2023,3,15,8,1.2,1.32,2.21,132.2,145.8,15.94,0.21,1.02,-1.68,-11.07,-6.38,0.02,48.88,2.62,62.23,2.14,4.073819429,223.96,223.77
2023,3,15,9,1.7,2.08,3.1,194.3,233.73,24.68,0.5,2.5,0.33,-11.31,-5.49,0.02,40.56,2.56,62.25,3.28,6.243984919,225.48,225.4
2023,3,15,10,2.27,2.69,3.77,264.27,306.38,34.09,0.86,4.4,1.72,-10.31,-4.3,0.02,40.12,2.81,62.25,3.96,7.538469597,224.92,224.87
2023,3,15,11,2.27,3.06,4.18,269.05,351.38,35.68,1.01,5.08,2.4,-8.89,-3.24,0.04,43.19,3.11,62.23,4.5,8.566442724,224.09,224.03
2023,3,15,12,2.1,2.95,4.29,247.48,333.1,31.2,0.89,4.48,2.3,-7.45,-2.58,0.07,48.94,3.54,62.19,4.77,9.080429288,224.27,224.3
2023,3,15,13,1.9,2.76,4.11,222.58,310.27,27.96,0.76,3.83,2.01,-6.57,-2.28,0.08,53.5,3.78,62.13,4.95,9.423086997,224.62,224.69
2023,3,15,14,1.38,2.3,3.64,165.1,255.38,20.41,0.5,2.52,1.47,-6.1,-2.31,0.1,57.81,3.97,62.09,4.93,9.385013918,225.83,225.98
2023,3,15,15,1.06,1.67,2.92,124.58,183.58,15.05,0.29,1.42,0.8,-5.89,-2.55,0.1,61.81,4.03,62.06,4.7,8.947173512,227.56,227.63
2023,3,15,16,0.57,0.9,1.99,62.35,94.27,7.51,0.09,0.42,-0.22,-5.99,-3.1,0.1,66.19,3.97,62.06,4.15,7.900163846,229.12,229.1
2023,3,15,17,0.21,0.29,0.92,22.45,31.25,2.83,0.01,0.05,-1.8,-5.86,-3.83,0.09,76.44,4.03,62.08,3.15,5.996509907,229.43,229.45
2023,3,15,18,0.02,0.01,0.05,0.98,1.08,0.14,0,0,-3.81,-5.42,-4.62,0.08,93.69,4.21,62.1,1.68,3.198138617,227.64,228.12
2023,3,15,19,0,0,0,0,0,0,0,0,-4.19,-5.3,-4.74,0.04,97.38,4.21,62.14,1.14,2.17016549,232.82,233.19
2023,3,15,20,0,0,0,0,0,0,0,0,-4.36,-5.38,-4.87,0.02,97.94,4.15,62.18,0.41,0.780498115,254.36,256.61
2023,3,15,21,0,0,0,0,0,0,0,0,-4.98,-5.68,-5.33,0.01,100,4.09,62.2,0.25,0.475913485,21.8,22.2
2023,3,15,22,0,0,0,0,0,0,0,0,-5.6,-6.09,-5.85,0,100,3.91,62.21,0.42,0.799534654,45,44.56
2023,3,15,23,0,0,0,0,0,0,0,0,-6.07,-6.64,-6.35,0,100,3.72,62.21,0.46,0.875680812,51.19,50.19
2023,3,16,0,0,0,0,0,0,0,0,0,-6.25,-7.24,-6.74,0,98.81,3.6,62.19,0.41,0.780498115,59.04,55.76
2023,3,16,1,0,0,0,0,0,0,0,0,-6.42,-7.78,-7.1,0,95.88,3.42,62.16,0.33,0.6282058,56.69,54.66
2023,3,16,2,0,0,0,0,0,0,0,0,-6.67,-8.17,-7.42,0,95.19,3.3,62.11,0.33,0.6282058,37.41,36.21
2023,3,16,3,0,0,0,0,0,0,0,0,-7.06,-8.46,-7.76,0,96.31,3.23,62.09,0.52,0.989900048,25.8,26.57
2023,3,16,4,0,0,0,0,0,0,0,0,-7.64,-9.04,-8.34,0,96.25,3.11,62.1,0.8,1.522923151,28.07,29.29
2023,3,16,5,0,0,0,0,0,0,0,0,-8.12,-9.82,-8.97,0,93.31,2.87,62.14,0.98,1.86558086,32.68,33.69
2023,3,16,6,0.06,0.05,0.18,4.88,5.83,0.66,0,0.02,-7.83,-10.41,-9.12,0,86.12,2.69,62.2,1.04,1.979800096,37.04,37.34
2023,3,16,7,0.58,0.67,1.19,69.1,79.02,8.38,0.05,0.25,-4.35,-10.31,-7.34,0,64.19,2.75,62.27,1.78,3.388504011,41.97,41.66
2023,3,16,8,1.26,1.5,2.23,156.23,183.98,19.79,0.3,1.45,-0.57,-9.59,-5.08,0,50.19,2.93,62.34,0.33,0.6282058,195.02,196.7
2023,3,16,9,1.98,2.25,3.12,247.23,278.1,32.2,0.71,3.6,2.39,-9.35,-3.49,0,42,3.05,62.38,3.39,6.453386852,220.23,220.14
2023,3,16,10,2.24,2.88,3.79,282.15,352.08,38.86,1.09,5.77,3.09,-8.04,-2.47,0,44.38,3.36,62.4,4.49,8.547406185,219.56,219.42
2023,3,16,11,2.56,3.28,4.19,319.83,394.95,45,1.41,7.15,3.05,-6.67,-1.81,0.01,49.44,3.78,62.39,4.97,9.461160075,218.74,218.7
2023,3,16,12,2.49,3.37,4.31,311.42,404.25,43.7,1.42,7.1,3.06,-5.71,-1.32,0.03,52.94,4.03,62.36,5.08,9.670562009,218.63,218.62
2023,3,16,13,1.95,3.11,4.12,242.5,368.65,33.88,1.05,5.33,3.01,-5.33,-1.16,0.03,54.56,4.15,62.31,5.07,9.651525469,219.25,219.31
2023,3,16,14,1.55,2.59,3.65,195.5,303.42,26.47,0.72,3.8,2.58,-5.31,-1.36,0.04,56.31,4.15,62.26,5.09,9.689598548,219.9,219.96
2023,3,16,15,1.1,1.85,2.93,135.6,213.08,17.78,0.39,1.95,1.51,-5.46,-1.98,0.04,60.06,4.09,62.25,4.99,9.499233154,219.98,220
2023,3,16,16,0.34,1.03,2,41.9,114.02,4.98,0.06,0.33,0.09,-5.52,-2.71,0.04,66.38,4.09,62.27,4.54,8.642588882,219.28,219.34
2023,3,16,17,0.21,0.31,0.93,24.42,34.4,3.08,0.02,0.08,-1.66,-5.48,-3.56,0.05,77,4.09,62.31,3.62,6.891227258,217.02,217.06
2023,3,16,18,0.02,0.01,0.06,0.9,1.17,0.12,0,0,-3.74,-5.13,-4.43,0.06,94.38,4.21,62.35,2.25,4.283221362,209.77,209.69
2023,3,16,19,0,0,0,0,0,0,0,0,-4.5,-5.24,-4.87,0.05,99.81,4.15,62.39,1.94,3.693088641,207.6,207.7
2023,3,16,20,0,0,0,0,0,0,0,0,-4.9,-5.49,-5.2,0.03,100,4.09,62.44,1.63,3.10295592,208.04,207.94
2023,3,16,21,0,0,0,0,0,0,0,0,-5.14,-5.77,-5.45,0.01,100,4.03,62.47,1.19,2.265348187,208.76,208.35
2023,3,16,22,0,0,0,0,0,0,0,0,-5.4,-6.03,-5.71,0,100,3.97,62.46,0.62,1.180265442,212.69,211.21
2023,3,16,23,0,0,0,0,0,0,0,0,-5.77,-6.37,-6.06,0,100,3.85,62.44,0.29,0.552059642,229.4,226.97
2023,3,17,0,0,0,0,0,0,0,0,0,-5.99,-6.76,-6.37,0,100,3.72,62.4,0.17,0.32362117,236.31,248.96
2023,3,17,1,0,0,0,0,0,0,0,0,-6.35,-7.38,-6.86,0,99.31,3.54,62.35,0.06,0.114219236,284.04,340.56
2023,3,17,2,0,0,0,0,0,0,0,0,-6.39,-8.02,-7.2,0.01,94.31,3.36,62.28,0.11,0.209401933,33.69,34.05
2023,3,17,3,0,0,0,0,0,0,0,0,-6.95,-8.63,-7.79,0.02,93.81,3.17,62.23,0.32,0.60916926,48.95,48.42
2023,3,17,4,0,0,0,0,0,0,0,0,-7.24,-9.19,-8.21,0.02,91.25,3.05,62.21,0.47,0.894717351,42.98,44.32
2023,3,17,5,0,0,0,0,0,0,0,0,-7.25,-9.71,-8.49,0,86.88,2.87,62.22,0.67,1.275448139,34.99,38.77
2023,3,17,6,0.03,0.04,0.19,2.42,3.9,0.3,0,0,-6.77,-9.92,-8.34,0,81.44,2.81,62.26,0.73,1.389667375,37.12,40.26
2023,3,17,7,0.35,0.44,1.21,38.77,46.3,4.56,0.02,0.12,-3.63,-9.57,-6.6,0,64.31,2.93,62.32,0.51,0.970863509,36.87,38.97
2023,3,17,8,0.83,1.1,2.25,93.7,116.73,11.23,0.16,0.75,-0.73,-9.49,-5.11,0,51.38,2.93,62.38,1.64,3.121992459,242.46,241.82
2023,3,17,9,1.36,1.83,3.14,155.9,201.52,19.05,0.38,1.92,1.3,-9.21,-3.96,0,45.81,3.05,62.41,3.24,6.167838761,235.81,235.57
2023,3,17,10,1.69,2.5,3.8,201.62,283.5,25.12,0.64,3.3,2.73,-8.6,-2.94,0,44,3.3,62.42,4.33,8.242821555,231.23,231.09
2023,3,17,11,1.81,2.86,4.21,221.73,327.12,28.18,0.8,4.02,3.24,-7.6,-2.18,0.01,46.19,3.54,62.4,4.96,9.442123536,227.68,227.62
2023,3,17,12,1.78,3.05,4.32,224.35,353.23,29.66,0.87,4.35,3.14,-6.52,-1.69,0.04,50.44,3.85,62.35,5.12,9.746708166,224.63,224.65
2023,3,17,13,1.56,2.75,4.14,193.15,312.98,25.09,0.69,3.48,2.61,-5.67,-1.53,0.11,55.56,4.09,62.3,5.1,9.708635087,222.39,222.4
2023,3,17,14,1.36,2.24,3.66,163.73,248.58,20.45,0.49,2.5,1.91,-5.32,-1.7,0.2,59.75,4.21,62.25,4.99,9.499233154,221,221.02
2023,3,17,15,0.92,1.43,2.94,105.77,151.42,12.27,0.23,1.12,1.02,-5.2,-2.09,0.23,64.38,4.27,62.22,4.68,8.909100433,220.26,220.29
2023,3,17,16,0.53,0.73,2.01,59.67,74.77,6.62,0.08,0.38,-0.12,-5.27,-2.7,0.18,69.75,4.21,62.21,4.14,7.881127306,219.87,219.89
2023,3,17,17,0.14,0.23,0.94,15.55,24.6,1.77,0.01,0.02,-1.75,-5.29,-3.52,0.15,80,4.21,62.22,3.28,6.243984919,219.39,219.39
2023,3,17,18,0.02,0.01,0.06,0.77,0.88,0.09,0,0,-3.34,-5.03,-4.18,0.14,93.62,4.33,62.24,2.13,4.054782889,215.61,215.37
2023,3,17,19,0,0,0,0,0,0,0,0,-3.95,-4.86,-4.41,0.12,99.94,4.39,62.27,1.47,2.79837129,212.85,212.1
2023,3,17,20,0,0,0,0,0,0,0,0,-4.24,-4.93,-4.59,0.1,100,4.39,62.31,1.19,2.265348187,210.77,210.02
2023,3,17,21,0,0,0,0,0,0,0,0,-4.56,-5.17,-4.86,0.09,100,4.27,62.32,0.77,1.465813533,207.08,205.96
2023,3,17,22,0,0,0,0,0,0,0,0,-5.24,-5.6,-5.42,0.06,100,4.15,62.32,0.17,0.32362117,188.13,177.71
2023,3,17,23,0,0,0,0,0,0,0,0,-5.89,-6.58,-6.24,0.03,100,3.78,62.31,0.03,0.057109618,45,45
2023,3,18,0,0,0,0,0,0,0,0,0,-6.09,-7.59,-6.84,0.02,95.12,3.48,62.29,0.07,0.133255776,305.54,274.09
2023,3,18,1,0,0,0,0,0,0,0,0,-6.34,-8.32,-7.33,0.02,90.88,3.23,62.25,0.12,0.228438473,341.57,316.97
2023,3,18,2,0,0,0,0,0,0,0,0,-6.52,-9.01,-7.77,0.01,86.75,3.05,62.21,0.21,0.399767327,4.24,353.29
2023,3,18,3,0,0,0,0,0,0,0,0,-6.67,-9.79,-8.23,0.01,81.69,2.87,62.18,0.22,0.418803867,21.04,18.92
2023,3,18,4,0,0,0,0,0,0,0,0,-6.73,-10.48,-8.6,0.01,77.19,2.69,62.16,0.25,0.475913485,36.16,37.35
2023,3,18,5,0,0,0,0,0,0,0,0,-6.85,-10.92,-8.88,0.02,74.81,2.56,62.16,0.36,0.685315418,45.88,46.08
2023,3,18,6,0.05,0.04,0.2,3.3,3.58,0.38,0,0,-6.68,-10.85,-8.77,0.01,74.5,2.56,62.19,0.44,0.837607733,56.59,54.53
2023,3,18,7,0.39,0.38,1.23,38.88,39.95,4.47,0.02,0.1,-4.11,-9.49,-6.8,0.01,68.19,2.93,62.24,0.21,0.399767327,60.52,59.04
2023,3,18,8,0.96,1.01,2.27,97.67,103.85,11.13,0.14,0.7,-1.16,-8.19,-4.67,0.01,60.12,3.36,62.3,1.82,3.464650168,223.43,223.41
2023,3,18,9,1.49,1.73,3.16,161.92,185.48,18.92,0.37,1.83,0.77,-7.56,-3.39,0.01,54.69,3.54,62.33,3.15,5.996509907,220.77,220.75
2023,3,18,10,1.86,2.44,3.82,215.8,272.8,26.57,0.66,3.42,2.06,-6.86,-2.4,0.01,52.88,3.72,62.35,4.13,7.862090767,219.86,219.84
2023,3,18,11,2.15,2.82,4.22,251.2,319.23,31.34,0.88,4.4,2.55,-5.85,-1.65,0.02,55.19,4.03,62.34,4.72,8.985246591,218.69,218.7
2023,3,18,12,1.76,2.86,4.34,212.73,320.27,26.68,0.77,3.83,2.52,-5.07,-1.27,0.06,58.44,4.27,62.29,4.95,9.423086997,218.01,218.05
2023,3,18,13,1.54,2.56,4.15,186.98,282.48,22.9,0.62,3.15,2.22,-4.71,-1.24,0.12,61.38,4.39,62.23,5.02,9.556342772,217.85,217.87
2023,3,18,14,0.91,2.05,3.68,113.48,222.42,13.51,0.31,1.6,1.68,-4.63,-1.48,0.21,64.31,4.46,62.17,4.94,9.404050457,217.99,217.99
2023,3,18,15,0.47,1.37,2.95,55.35,144.25,6.41,0.12,0.58,0.8,-4.74,-1.97,0.28,68.06,4.39,62.13,4.71,8.966210051,217.38,217.48
2023,3,18,16,0.21,0.71,2.02,22.52,73.3,2.59,0.03,0.15,-0.32,-4.82,-2.57,0.36,73.75,4.39,62.11,4.3,8.185711936,216.2,216.28
2023,3,18,17,0.14,0.23,0.95,15.98,24.77,1.71,0.01,0.02,-1.88,-4.81,-3.35,0.4,84.31,4.39,62.13,3.47,6.605679167,215.19,215.22
2023,3,18,18,0.02,0.01,0.06,0.75,0.95,0.09,0,0,-3.82,-4.74,-4.28,0.13,100,4.46,62.16,2.14,4.073819429,211.89,211.96
2023,3,18,19,0,0,0,0,0,0,0,0,-4.36,-4.81,-4.58,0.13,100,4.46,62.22,1.72,3.274284775,209.58,209.02
2023,3,18,20,0,0,0,0,0,0,0,0,-4.56,-4.95,-4.76,0.16,100,4.39,62.27,1.43,2.722225132,204.47,202.92
2023,3,18,21,0,0,0,0,0,0,0,0,-4.77,-5.18,-4.98,0.22,100,4.33,62.29,1.17,2.227275108,199.16,196.32
2023,3,18,22,0,0,0,0,0,0,0,0,-4.77,-5.49,-5.13,0.28,100,4.21,62.27,0.99,1.884617399,197.43,193.59
2023,3,18,23,0,0,0,0,0,0,0,0,-4.7,-5.72,-5.2,0.3,99.94,4.15,62.24,0.96,1.827507781,198.58,194.93
2023,3,19,0,0,0,0,0,0,0,0,0,-4.61,-5.77,-5.19,0.29,98.75,4.09,62.19,0.93,1.770398163,203.14,200.34
2023,3,19,1,0,0,0,0,0,0,0,0,-4.6,-5.74,-5.17,0.24,99.06,4.15,62.13,1.01,1.922690478,210.13,209.58
2023,3,19,2,0,0,0,0,0,0,0,0,-4.69,-5.52,-5.1,0.17,100,4.21,62.08,1.01,1.922690478,217.76,217.39
2023,3,19,3,0,0,0,0,0,0,0,0,-4.78,-5.34,-5.06,0.12,100,4.27,62.05,0.84,1.599069309,220.49,220.36
2023,3,19,4,0,0,0,0,0,0,0,0,-4.97,-5.19,-5.08,0.07,100,4.33,62.04,0.81,1.54195969,221.08,220.79
2023,3,19,5,0,0,0,0,0,0,0,0,-5.16,-5.11,-5.13,0.03,100,4.39,62.07,0.82,1.56099623,217.64,217.39
2023,3,19,6,0.04,0.04,0.21,2.38,3.7,0.27,0,0,-5.04,-4.99,-5.02,0.03,100,4.39,62.11,0.84,1.599069309,212.8,212.74
2023,3,19,7,0.16,0.38,1.25,18.7,39.77,2.22,0.02,0.05,-2.69,-4.57,-3.63,0.04,92.38,4.52,62.16,1.66,3.160065538,210.78,210.78
2023,3,19,8,0.42,0.99,2.29,50.9,104.67,6.22,0.09,0.42,-0.67,-5.31,-2.99,0.04,73.56,4.27,62.19,2.32,4.416477138,209.94,210.03
2023,3,19,9,0.56,1.75,3.17,71.9,191.48,9.36,0.2,0.95,1.08,-5.64,-2.28,0.04,62.69,4.15,62.21,3.37,6.415313773,212.7,212.56
2023,3,19,10,0.52,2.33,3.84,71.45,260.12,9.38,0.23,1.17,1.48,-5.08,-1.8,0.04,63.44,4.33,62.2,4.29,8.166675397,212.88,212.83
2023,3,19,11,0.98,2.69,4.24,128.75,303.75,16.67,0.45,2.27,1.4,-4.28,-1.44,0.04,67.69,4.58,62.17,4.67,8.890063894,211.38,211.37
2023,3,19,12,1.38,3.41,4.35,193.23,412.23,29.46,0.89,4.48,1.56,-3.7,-1.07,0.05,69.94,4.82,62.11,5.11,9.727671627,210.48,210.39
2023,3,19,13,1.31,3.03,4.16,178.2,360.88,25.87,0.74,3.75,1.48,-3.47,-1,0.06,71.69,4.88,62.04,5.32,10.12743895,209.84,209.79
2023,3,19,14,1.23,2.47,3.69,161.33,289.25,22.7,0.58,2.92,1.43,-3.5,-1.03,0.06,71.75,4.88,61.97,5.5,10.47009666,210.28,210.16
2023,3,19,15,0.88,1.71,2.96,110.52,194.45,15.2,0.3,1.45,0.9,-3.4,-1.25,0.05,75.19,4.94,61.94,5.35,10.18454857,209.74,209.61
2023,3,19,16,0.47,0.92,2.03,58.85,101.9,7.63,0.09,0.42,0.01,-3.34,-1.67,0.04,80.62,4.94,61.92,4.75,9.042356209,208.17,208.01
2023,3,19,17,0.22,0.29,0.96,24.98,32.73,3.05,0.01,0.05,-1.27,-3.08,-2.17,0.04,91.31,5.07,61.92,3.7,7.043519573,206.19,205.95
2023,3,19,18,0.02,0.01,0.07,1,1.27,0.14,0,0,-2.67,-2.99,-2.83,0.1,100,5.07,61.93,2.14,4.073819429,204.88,204.23
2023,3,19,19,0,0,0,0,0,0,0,0,-2.91,-2.94,-2.92,0.13,100,5.07,61.98,1.9,3.616942484,201.49,200.95
2023,3,19,20,0,0,0,0,0,0,0,0,-2.93,-2.96,-2.95,0.13,100,5.07,62.03,1.87,3.559832865,200.25,199.85
2023,3,19,21,0,0,0,0,0,0,0,0,-3.26,-3.41,-3.34,0.09,100,4.88,62.04,1.55,2.950663605,198.25,197.6
2023,3,19,22,0,0,0,0,0,0,0,0,-3.7,-3.92,-3.81,0.07,100,4.7,62.02,1.1,2.094019333,195.61,194.1
2023,3,19,23,0,0,0,0,0,0,0,0,-3.89,-4.38,-4.13,0.07,100,4.58,61.97,0.78,1.484850072,190.41,189.33
2023,3,20,0,0,0,0,0,0,0,0,0,-4.08,-4.92,-4.49,0.1,99.88,4.39,61.92,0.49,0.93279043,193.82,190.24
2023,3,20,1,0,0,0,0,0,0,0,0,-4.24,-5.52,-4.88,0.09,96.25,4.15,61.88,0.3,0.571096182,188.97,176.19
2023,3,20,2,0,0,0,0,0,0,0,0,-4.37,-6.15,-5.26,0.09,92.25,3.97,61.82,0.25,0.475913485,143.84,114.18
2023,3,20,3,0,0,0,0,0,0,0,0,-4.29,-6.79,-5.54,0.07,86.81,3.72,61.77,0.33,0.6282058,106.31,92.86
2023,3,20,4,0,0,0,0,0,0,0,0,-4.12,-7.17,-5.65,0.06,82.5,3.6,61.74,0.38,0.723388497,94.76,90.67
2023,3,20,5,0,0,0,0,0,0,0,0,-4.02,-7.45,-5.74,0.05,79.88,3.54,61.76,0.33,0.6282058,88.64,86.03
2023,3,20,6,0.05,0.04,0.23,4.05,4.7,0.52,0,0,-3.82,-7.5,-5.66,0.04,78.25,3.48,61.8,0.25,0.475913485,65.85,64.8
2023,3,20,7,0.34,0.44,1.27,39.45,48.75,4.9,0.03,0.15,-2.08,-7.1,-4.59,0.04,70.19,3.66,61.87,0.11,0.209401933,59.74,56.31
2023,3,20,8,0.74,1.12,2.31,88.33,124.7,11.48,0.16,0.83,-0.56,-6.25,-3.41,0.03,67.06,3.97,61.92,0.62,1.180265442,156.99,155.35
2023,3,20,9,0.95,1.85,3.19,119.62,209.85,15.96,0.34,1.73,0.41,-5.1,-2.35,0.04,68.75,4.33,61.93,1.65,3.141028999,171.03,170.98
2023,3,20,10,1.08,2.48,3.85,141.25,287.42,19.45,0.52,2.62,1.45,-3.82,-1.19,0.05,70.69,4.82,61.9,3.54,6.738934943,192.99,193.3
2023,3,20,11,1.15,2.85,4.25,153.73,332.45,21.2,0.61,3.05,1.62,-2.88,-0.63,0.1,74.69,5.19,61.84,5.14,9.784781245,206.25,206.57
2023,3,20,12,1.55,3.55,4.36,216.67,437.88,34,1.05,5.33,0.99,-2.68,-0.85,0.28,78.5,5.19,61.78,6.03,11.47903325,214.12,214.26
2023,3,20,13,1.13,3.31,4.17,162.58,405.92,25.82,0.77,3.88,0.16,-3.08,-1.46,0.45,80.38,5,61.76,6.1,11.61228903,218.5,218.48
2023,3,20,14,1,2.78,3.7,140.23,337.95,21.5,0.56,2.85,-0.63,-3.67,-2.15,0.53,81.88,4.82,61.75,5.39,10.26069473,222.59,222.49
2023,3,20,15,0.72,2.01,2.97,98.2,238.98,14.72,0.3,1.52,-0.96,-4.26,-2.61,0.59,80.62,4.58,61.72,4.34,8.261858094,226.82,226.72
2023,3,20,16,0.34,1.14,2.04,45.45,131.17,6.74,0.09,0.42,-1.41,-4.7,-3.05,0.61,81.06,4.46,61.7,3.44,6.548569549,227.95,227.84
2023,3,20,17,0.09,0.37,0.97,9.83,41.25,1.47,0.01,0.02,-2.43,-4.77,-3.6,0.59,88.25,4.46,61.7,2.66,5.063719477,225,224.82
2023,3,20,18,0.02,0.02,0.07,1.15,1.58,0.17,0,0,-3.74,-4.77,-4.26,0.74,99.25,4.46,61.74,1.79,3.40754055,219.68,219.09
2023,3,20,19,0,0,0,0,0,0,0,0,-4.3,-4.8,-4.55,0.6,100,4.46,61.77,1.35,2.569932817,217,215.67
2023,3,20,20,0,0,0,0,0,0,0,0,-4.56,-4.85,-4.7,0.49,100,4.46,61.81,1.34,2.550896278,214.99,213.99
2023,3,20,21,0,0,0,0,0,0,0,0,-4.77,-4.94,-4.85,0.45,100,4.39,61.85,1.38,2.627042435,214.59,213.92
2023,3,20,22,0,0,0,0,0,0,0,0,-5,-5.08,-5.04,0.45,100,4.39,61.86,1.36,2.588969357,215.88,215.25
2023,3,20,23,0,0,0,0,0,0,0,0,-5.27,-5.26,-5.27,0.38,100,4.27,61.85,1.33,2.531859738,217.34,217.21
2023,3,21,0,0,0,0,0,0,0,0,0,-5.79,-5.56,-5.68,0.26,100,4.21,61.82,1.26,2.398603963,220.99,221.14
2023,3,21,1,0,0,0,0,0,0,0,0,-6.3,-5.92,-6.1,0.21,100,4.09,61.78,1.06,2.017873175,224.1,224.23
2023,3,21,2,0,0,0,0,0,0,0,0,-6.44,-6.11,-6.27,0.2,100,4.03,61.74,0.87,1.656178927,225.36,225.96
2023,3,21,3,0,0,0,0,0,0,0,0,-6.5,-6.33,-6.42,0.17,100,3.97,61.71,0.68,1.294484678,234.31,235.45
2023,3,21,4,0,0,0,0,0,0,0,0,-6.54,-6.51,-6.52,0.11,100,3.91,61.71,0.55,1.047009666,236.53,237.7
2023,3,21,5,0,0,0,0,0,0,0,0,-6.68,-6.7,-6.69,0.06,100,3.85,61.73,0.45,0.856644272,229.18,227.86
2023,3,21,6,0.05,0.05,0.24,4.12,5.3,0.54,0,0,-6.43,-6.87,-6.65,0.15,100,3.78,61.78,0.44,0.837607733,201.04,199.6
2023,3,21,7,0.27,0.46,1.29,32.73,51.02,4.39,0.02,0.12,-4.63,-6.45,-5.54,0.12,92.88,3.91,61.85,1.07,2.036909714,206.38,206.27
2023,3,21,8,0.82,1.08,2.33,96.05,119.12,12.29,0.17,0.85,-2.35,-5.7,-4.02,0.25,80.69,4.09,61.92,2.55,4.854317544,215.15,215.1
2023,3,21,9,1.27,1.71,3.21,145.35,188.4,18.88,0.39,1.92,-1.06,-5.23,-3.14,0.4,75.25,4.21,61.96,3.58,6.815081101,215.67,215.68
2023,3,21,10,1.49,2.31,3.87,178.3,259,23.54,0.59,3,0.03,-4.71,-2.34,0.54,71.44,4.39,61.97,4.39,8.357040791,214.99,215.05
2023,3,21,11,1.6,2.79,4.27,204.4,320.8,28.01,0.8,4.05,0.79,-4.39,-1.81,0.6,69.31,4.52,61.95,5.17,9.841890863,214.91,214.95
2023,3,21,12,1.33,2.89,4.37,177.65,333.45,25.29,0.75,3.8,0.82,-4.28,-1.74,0.63,69.94,4.58,61.92,5.74,10.92697361,214.51,214.53
2023,3,21,13,0.97,2.54,4.18,131.45,285.8,18.14,0.49,2.52,0.41,-4.27,-1.93,0.73,72.25,4.58,61.87,5.89,11.2125217,214.47,214.49
2023,3,21,14,0.64,2.05,3.71,91.33,226.48,11.99,0.28,1.45,-0.12,-4.43,-2.27,0.72,74.5,4.58,61.83,5.67,10.79371783,216.03,216.07
2023,3,21,15,0.48,1.4,2.98,64.92,150.05,8.43,0.16,0.77,-0.88,-4.81,-2.84,0.59,77.5,4.46,61.8,4.92,9.365977378,216.47,216.47
2023,3,21,16,0.31,0.77,2.05,40.25,81.62,5.14,0.06,0.3,-1.76,-5.07,-3.42,0.44,81.94,4.39,61.8,3.95,7.519433058,216.14,216.21
2023,3,21,17,0.23,0.26,0.98,24.92,27.85,3.09,0.02,0.05,-3.09,-5.17,-4.13,0.36,90.94,4.33,61.82,2.9,5.520596422,214.03,213.95
2023,3,21,18,0.02,0.01,0.08,1.2,1.23,0.16,0,0,-5.37,-5.73,-5.55,0.28,100,4.15,61.84,1.66,3.160065538,208.74,207.83
2023,3,21,19,0,0,0,0,0,0,0,0,-6.27,-6.13,-6.2,0.19,100,4.09,61.89,1.34,2.550896278,204.78,204.11
2023,3,21,20,0,0,0,0,0,0,0,0,-6.73,-6.33,-6.52,0.11,100,4.03,61.94,1.18,2.246311648,203.35,202.46
2023,3,21,21,0,0,0,0,0,0,0,0,-7.17,-6.69,-6.92,0.07,100,3.91,61.97,1.19,2.265348187,210.45,210.29
2023,3,21,22,0,0,0,0,0,0,0,0,-7.47,-6.99,-7.23,0.04,100,3.78,61.97,1.21,2.303421266,215.02,215.03
2023,3,21,23,0,0,0,0,0,0,0,0,-7.69,-7.27,-7.48,0.02,100,3.72,61.95,1.19,2.265348187,215.36,215.27
2023,3,22,0,0,0,0,0,0,0,0,0,-7.89,-7.52,-7.7,0.02,100,3.66,61.92,1.06,2.017873175,216.62,215.94
2023,3,22,1,0,0,0,0,0,0,0,0,-8.2,-8,-8.1,0.02,100,3.48,61.88,0.75,1.427740454,221.63,220.43
2023,3,22,2,0,0,0,0,0,0,0,0,-8.52,-8.89,-8.7,0.02,100,3.23,61.84,0.49,0.93279043,221.78,221.99
2023,3,22,3,0,0,0,0,0,0,0,0,-8.77,-9.52,-9.14,0.02,100,3.05,61.8,0.37,0.704351957,216.38,216.3
2023,3,22,4,0,0,0,0,0,0,0,0,-8.88,-9.82,-9.35,0.02,100,2.99,61.78,0.25,0.475913485,214.7,211.33
2023,3,22,5,0,0,0,0,0,0,0,0,-8.98,-10.13,-9.56,0.01,100,2.87,61.78,0.03,0.057109618,180,55.01
2023,3,22,6,0.05,0.04,0.25,4.23,4.5,0.48,0,0,-8.56,-10.37,-9.46,0.02,94.25,2.81,61.8,0.04,0.076146158,45,39.81
2023,3,22,7,0.38,0.43,1.31,42.98,45.67,5.27,0.03,0.17,-5.59,-9.43,-7.51,0,78.81,3.05,61.85,0.41,0.780498115,278.75,273.97
2023,3,22,8,0.94,1.08,2.35,99.85,111.95,12,0.18,0.88,-2.22,-7.98,-5.1,0,66.62,3.42,61.91,2.01,3.826344417,250.02,249.85
2023,3,22,9,1.41,1.79,3.23,155.25,189.55,18.91,0.4,2.02,-0.42,-7.8,-4.11,0,58.38,3.48,61.94,2.92,5.558669501,240.69,240.42
2023,3,22,10,1.76,2.46,3.89,197.15,269.2,25.31,0.66,3.38,0.93,-7.58,-3.32,0,53.88,3.54,61.96,3.98,7.576542676,234.44,234.25
2023,3,22,11,1.84,2.69,4.28,211.52,294.25,26.97,0.78,3.92,1.47,-6.85,-2.7,0.01,55.19,3.78,61.95,4.82,9.175611985,231.38,231.29
2023,3,22,12,2.28,3.48,4.39,288.55,413.7,41.88,1.34,6.77,1.25,-5.96,-2.35,0.06,60.12,4.03,61.94,5.08,9.670562009,230.43,230.44
2023,3,22,13,1.99,3.26,4.19,257.45,387,37.31,1.16,5.85,0.9,-5.33,-2.22,0.1,64.88,4.27,61.89,5.02,9.556342772,230.56,230.51
2023,3,22,14,1.61,2.75,3.72,205.9,322.33,29.43,0.8,4.12,0.51,-5.09,-2.29,0.11,67.94,4.33,61.85,4.84,9.213685063,230.76,230.76
2023,3,22,15,1.17,2.04,2.99,147.1,235.38,20.64,0.45,2.23,-0.27,-5.2,-2.74,0.12,71.44,4.27,61.82,4.4,8.37607733,232.07,232.1
2023,3,22,16,0.6,1.21,2.06,72.8,135,10.04,0.14,0.67,-1.28,-5.5,-3.39,0.09,75.75,4.21,61.8,3.73,7.100629191,234.71,234.7
2023,3,22,17,0.19,0.4,0.99,21.62,42.7,3.02,0.02,0.08,-2.7,-5.7,-4.2,0.08,84.06,4.15,61.79,2.78,5.29215795,236,236
2023,3,22,18,0.02,0.02,0.08,1.55,1.9,0.23,0,0,-5.13,-5.87,-5.5,0.08,100,4.15,61.78,1.41,2.684152054,234.72,234.74
2023,3,22,19,0,0,0,0,0,0,0,0,-5.61,-5.77,-5.69,0.05,100,4.15,61.8,1.08,2.055946254,244.18,245.58
2023,3,22,20,0,0,0,0,0,0,0,0,-5.75,-5.81,-5.77,0.02,100,4.15,61.82,0.7,1.332557757,274.5,279.46
2023,3,22,21,0,0,0,0,0,0,0,0,-6.35,-6.17,-6.26,0.01,100,4.03,61.84,0.48,0.913753891,325.01,331.21
2023,3,22,22,0,0,0,0,0,0,0,0,-7.2,-6.94,-7.06,0,100,3.78,61.84,0.6,1.142192363,357.03,0.82
2023,3,22,23,0,0,0,0,0,0,0,0,-7.67,-8.06,-7.86,0,100,3.42,61.83,0.78,1.484850072,6.34,10.16
2023,3,23,0,0,0,0,0,0,0,0,0,-7.53,-9.23,-8.38,0,94.38,3.05,61.81,0.86,1.637142387,9.38,13.36
2023,3,23,1,0,0,0,0,0,0,0,0,-7.38,-10.21,-8.79,0,84.88,2.81,61.77,0.89,1.694252005,9.05,11.9
2023,3,23,2,0,0,0,0,0,0,0,0,-7.38,-10.92,-9.15,0,79.12,2.62,61.73,0.92,1.751361624,8.27,10.04
2023,3,23,3,0,0,0,0,0,0,0,0,-7.52,-11.49,-9.5,0.01,75.5,2.44,61.7,0.98,1.86558086,13.82,14.44
2023,3,23,4,0,0,0,0,0,0,0,0,-7.47,-11.96,-9.71,0.01,71.69,2.38,61.7,0.99,1.884617399,15.02,15.45
2023,3,23,5,0,0,0,0,0,0,0,0,-7.53,-12.35,-9.94,0.01,69.5,2.26,61.73,1,1.903653939,16.87,17.81
2023,3,23,6,0.09,0.11,0.27,8.38,11.15,1.16,0.01,0.02,-7.38,-11.77,-9.58,0.02,72.88,2.38,61.77,1.01,1.922690478,19.42,21.5
2023,3,23,7,0.81,0.89,1.33,93.05,103.15,11.03,0.08,0.38,-4.35,-10.92,-7.63,0,61.31,2.62,61.83,1.16,2.208238569,18.8,19.69
2023,3,23,8,1.56,1.77,2.37,185.23,210.2,24.13,0.38,1.9,-0.24,-10.2,-5.22,0,46.5,2.81,61.91,1.5,2.855480908,270,269.04
2023,3,23,9,2.11,2.55,3.24,258.73,304.77,35.78,0.84,4.23,2.06,-9.44,-3.69,0,43,3.05,61.95,3.48,6.624715707,248.96,248.5
2023,3,23,10,2.48,3.14,3.9,310.12,376.73,44.14,1.28,6.58,3.01,-7.92,-2.45,0,46.06,3.54,61.97,4.22,8.033419621,243.53,243.06
2023,3,23,11,2.65,3.48,4.29,332.08,419.73,48.46,1.56,7.88,3.43,-6.3,-1.44,0,51.19,4.03,61.98,4.64,8.832954276,240.11,239.77
2023,3,23,12,2.12,3.44,4.4,265.95,406.1,38.05,1.25,6.27,3.34,-5.24,-0.95,0.01,56,4.39,61.97,4.86,9.251758142,240.02,239.72
2023,3,23,13,1.82,3.28,4.2,234.4,388.3,33.45,1.06,5.38,3.09,-4.65,-0.77,0.05,59.38,4.58,61.94,4.79,9.118502366,240.85,240.59
2023,3,23,14,1.42,2.83,3.73,183.65,335.02,26.12,0.74,3.85,2.49,-4.36,-0.94,0.08,63.25,4.64,61.91,4.59,8.737771579,242,241.73
2023,3,23,15,0.97,2.16,3,122.67,254.27,17.16,0.38,1.95,1.61,-4.29,-1.35,0.09,67.75,4.7,61.88,4.21,8.014383082,242.96,242.68
2023,3,23,16,0.56,1.34,2.07,68.55,155.05,9.34,0.13,0.65,0.49,-4.31,-1.91,0.1,73.25,4.7,61.88,3.67,6.986409955,243.6,243.43
2023,3,23,17,0.18,0.49,1,20.73,54.98,2.79,0.02,0.08,-1.02,-4.23,-2.63,0.11,83.19,4.7,61.91,2.75,5.235048331,244.75,244.48
2023,3,23,18,0.02,0.02,0.08,1.55,2.3,0.23,0,0,-3.29,-4.42,-3.85,0.1,100,4.7,61.94,1.42,2.703188593,247.96,245.34
2023,3,23,19,0,0,0,0,0,0,0,0,-3.87,-4.26,-4.06,0.06,100,4.7,61.97,0.82,1.56099623,248.1,247.58
2023,3,23,20,0,0,0,0,0,0,0,0,-4.24,-4.27,-4.25,0.03,100,4.7,62.01,0.49,0.93279043,274.54,276.47
2023,3,23,21,0,0,0,0,0,0,0,0,-4.79,-4.66,-4.72,0.02,100,4.58,62.04,0.37,0.704351957,2.44,0
2023,3,23,22,0,0,0,0,0,0,0,0,-5.54,-5.25,-5.4,0.01,100,4.33,62.05,0.57,1.085082745,33.91,34.82
2023,3,23,23,0,0,0,0,0,0,0,0,-5.95,-5.91,-5.93,0,100,4.15,62.06,0.62,1.180265442,42.95,43.31
2023,3,24,0,0,0,0,0,0,0,0,0,-6.33,-6.6,-6.46,0,100,3.91,62.05,0.55,1.047009666,44.42,44.61
2023,3,24,1,0,0,0,0,0,0,0,0,-6.57,-7.23,-6.9,0,100,3.72,62.02,0.53,1.008936588,45,45
2023,3,24,2,0,0,0,0,0,0,0,0,-6.9,-7.92,-7.41,0,100,3.48,61.98,0.65,1.23737506,44.51,43.36
2023,3,24,3,0,0,0,0,0,0,0,0,-7.23,-8.6,-7.92,0,99,3.3,61.96,0.66,1.2564116,38.23,37.6
2023,3,24,4,0,0,0,0,0,0,0,0,-7.36,-9.01,-8.18,0,96.88,3.17,61.96,0.62,1.180265442,35.29,34.07
2023,3,24,5,0,0,0,0,0,0,0,0,-7.28,-9.09,-8.18,0.01,95.62,3.17,61.99,0.58,1.104119284,28.3,28.04
2023,3,24,6,0.09,0.1,0.28,8.05,10.85,1.11,0.01,0.02,-6.88,-9.14,-8.01,0,91.75,3.17,62.03,0.6,1.142192363,23.89,24.68
2023,3,24,7,0.68,0.84,1.35,80.9,98.25,10.17,0.08,0.38,-4.45,-7.78,-6.11,0,84.31,3.54,62.09,0.38,0.723388497,341.94,344.58
2023,3,24,8,1.3,1.72,2.39,156.12,204.5,20.88,0.34,1.73,-1.46,-6.1,-3.78,0,74.69,4.03,62.16,1.94,3.693088641,244.68,244.62
2023,3,24,9,1.84,2.52,3.26,226.45,300.42,31.64,0.77,3.83,0.8,-5.77,-2.49,0,64.38,4.21,62.22,3.41,6.491459931,238.86,238.82
2023,3,24,10,2.15,3.13,3.92,268.62,373.62,38.86,1.16,5.9,2.16,-5.13,-1.49,0,61.06,4.39,62.24,3.97,7.557506137,235.9,235.73
2023,3,24,11,2.29,3.5,4.31,289.8,419.23,42.72,1.41,7.1,3.02,-4.38,-0.68,0.01,60.12,4.58,62.23,4.59,8.737771579,233.44,233.33
2023,3,24,12,2.2,3.48,4.41,275.67,413.85,39.12,1.3,6.55,3.33,-3.66,-0.17,0.02,61.69,4.82,62.2,5,9.518269694,231.66,231.52
2023,3,24,13,1.87,3.3,4.21,242.62,393.27,34.57,1.1,5.58,3.16,-3.17,0,0.04,64.44,4.94,62.16,5.14,9.784781245,230.36,230.28
2023,3,24,14,1.52,2.84,3.74,189.02,336.77,26.66,0.74,3.83,2.7,-3.05,-0.17,0.04,67.25,5,62.12,5.22,9.93707356,229.85,229.78
2023,3,24,15,1.03,2.19,3.01,132.12,260.02,18.56,0.42,2.12,1.9,-3.23,-0.67,0.05,70.31,4.94,62.11,5.24,9.975146639,229.05,228.96
2023,3,24,16,0.57,1.37,2.08,71.1,160.45,9.86,0.15,0.73,0.76,-3.49,-1.36,0.06,74.75,4.82,62.13,4.81,9.156575445,227.9,227.83
2023,3,24,17,0.23,0.52,1.01,26.83,57.98,3.53,0.02,0.08,-0.72,-3.52,-2.13,0.06,83.44,4.82,62.16,3.9,7.424250361,225,225
2023,3,24,18,0.02,0.02,0.09,1.73,2.48,0.26,0,0,-3.07,-3.72,-3.4,0.06,100,4.76,62.19,2.06,3.921527114,218.69,219
2023,3,24,19,0,0,0,0,0,0,0,0,-4.09,-4.06,-4.07,0.05,100,4.7,62.22,1.5,2.855480908,213.27,214.09
2023,3,24,20,0,0,0,0,0,0,0,0,-4.67,-4.38,-4.52,0.04,100,4.58,62.27,1.37,2.608005896,213.87,214.47
2023,3,24,21,0,0,0,0,0,0,0,0,-4.93,-4.6,-4.77,0.03,100,4.52,62.33,1.07,2.036909714,221.74,221.41
2023,3,24,22,0,0,0,0,0,0,0,0,-5,-4.77,-4.88,0.02,100,4.46,62.34,0.59,1.123155824,234.2,231.49
2023,3,24,23,0,0,0,0,0,0,0,0,-5.42,-5.05,-5.24,0.01,100,4.39,62.33,0.25,0.475913485,257.28,252.26
2023,3,25,0,0,0,0,0,0,0,0,0,-6.02,-5.6,-5.81,0.01,100,4.21,62.32,0.16,0.30458463,316.97,317.49
2023,3,25,1,0,0,0,0,0,0,0,0,-6.42,-6.39,-6.4,0.01,100,3.91,62.29,0.24,0.456876945,354.29,354.29
2023,3,25,2,0,0,0,0,0,0,0,0,-6.42,-8.06,-7.24,0.01,95.06,3.36,62.26,0.32,0.60916926,327.09,327.05
2023,3,25,3,0,0,0,0,0,0,0,0,-6.26,-9.39,-7.83,0.01,83,2.99,62.24,0.31,0.590132721,323.13,320.77
2023,3,25,4,0,0,0,0,0,0,0,0,-6.23,-9.61,-7.92,0.01,80.94,2.93,62.24,0.29,0.552059642,329.3,325.18
2023,3,25,5,0,0,0,0,0,0,0,0,-6.15,-9.32,-7.74,0.01,82.31,2.99,62.26,0.27,0.513986563,346.76,348.27
2023,3,25,6,0.09,0.09,0.3,8,9.83,1.09,0,0.02,-5.96,-8.71,-7.34,0.01,85.81,3.17,62.3,0.29,0.552059642,355.36,0.84
2023,3,25,7,0.72,0.74,1.37,78.2,81.02,9.4,0.07,0.33,-3.77,-7.33,-5.55,0,80.81,3.6,62.36,0.67,1.275448139,310.24,311.19
2023,3,25,8,1.57,1.71,2.4,181.83,200.48,23.13,0.38,1.85,-0.67,-5.98,-3.33,0,70.31,4.09,62.41,2.44,4.64491561,262.47,262.56
2023,3,25,9,2.17,2.49,3.28,258.85,294.08,34.65,0.81,4.08,1.38,-5.69,-2.16,0,61.62,4.15,62.45,3.21,6.110729143,253.46,253.48
2023,3,25,10,2.58,3.09,3.93,311.4,365.5,42.85,1.23,6.3,3.12,-5.07,-0.98,0,56.88,4.33,62.47,3.74,7.119665731,245.2,245.29
2023,3,25,11,2.81,3.45,4.32,339,408.45,47.47,1.51,7.67,4.41,-4.29,0.06,0,55,4.58,62.47,4.44,8.452223488,239.78,239.84
2023,3,25,12,2.47,3.36,4.42,298.1,393.92,40.52,1.29,6.58,5.04,-3.63,0.7,0.01,55.38,4.82,62.43,4.98,9.480196615,238.4,238.45
2023,3,25,13,1.99,3.18,4.23,242.8,372.88,33.16,1.02,5.15,5.09,-3.32,0.89,0.02,56.44,4.94,62.38,5.18,9.860927403,238.95,239
2023,3,25,14,1.66,2.76,3.75,202.1,323.55,27.15,0.75,3.92,4.52,-3.14,0.69,0.03,59.56,5,62.35,5.14,9.784781245,240.01,240.07
2023,3,25,15,1.23,2.1,3.02,147.95,244.52,19.55,0.43,2.17,3.63,-3.1,0.26,0.03,63.62,5.07,62.33,4.79,9.118502366,242.22,242.31
2023,3,25,16,0.82,1.31,2.08,94.12,150.23,11.93,0.16,0.83,2.44,-3.25,-0.4,0.03,68.44,5,62.34,4.18,7.957273464,243,243.13
2023,3,25,17,0.29,0.48,1.02,31.62,52.62,3.98,0.02,0.1,0.65,-3.35,-1.35,0.05,77.44,4.94,62.35,3.07,5.844217592,241.21,241.15
2023,3,25,18,0.03,0.02,0.09,2.08,2.4,0.29,0,0,-2.17,-3.31,-2.74,0.04,97.88,5,62.36,1.4,2.665115514,231.34,231.73
2023,3,25,19,0,0,0,0,0,0,0,0,-2.48,-2.91,-2.7,0.03,100,5.13,62.38,0.94,1.789434702,220.6,221.74
2023,3,25,20,0,0,0,0,0,0,0,0,-2.87,-2.99,-2.93,0.01,100,5.07,62.42,0.73,1.389667375,218.95,218.18
2023,3,25,21,0,0,0,0,0,0,0,0,-3.4,-3.27,-3.34,0.01,100,4.94,62.45,0.71,1.351594296,223.21,221.19
2023,3,25,22,0,0,0,0,0,0,0,0,-3.79,-3.51,-3.65,0,100,4.88,62.44,0.57,1.085082745,219.4,217.87
2023,3,25,23,0,0,0,0,0,0,0,0,-4.42,-3.92,-4.17,0,100,4.76,62.41,0.31,0.590132721,205.28,207.5
2023,3,26,0,0,0,0,0,0,0,0,0,-5.24,-4.6,-4.92,0,100,4.52,62.37,0.15,0.285548091,201.25,204.94
2023,3,26,1,0,0,0,0,0,0,0,0,-5.92,-5.4,-5.67,0,100,4.21,62.32,0.04,0.076146158,168.69,194.74
2023,3,26,2,0,0,0,0,0,0,0,0,-6.24,-6.25,-6.25,0,100,3.97,62.29,0.02,0.038073079,71.57,168.69
2023,3,26,3,0,0,0,0,0,0,0,0,-6.34,-7.02,-6.67,0,100,3.72,62.26,0.13,0.247475012,64.98,73.07
2023,3,26,4,0,0,0,0,0,0,0,0,-6.45,-7.63,-7.04,0,99.25,3.54,62.24,0.21,0.399767327,70.2,75.62
2023,3,26,5,0,0,0,0,0,0,0,0,-6.61,-8.06,-7.34,0,97.06,3.42,62.25,0.27,0.513986563,79.99,84.81
2023,3,26,6,0.09,0.1,0.31,8.3,11.15,1.14,0.01,0.02,-6.31,-7.95,-7.13,0,95.81,3.42,62.27,0.24,0.456876945,113.2,93.12
2023,3,26,7,0.82,0.84,1.39,89.62,93.2,10.39,0.08,0.38,-3.37,-7.15,-5.26,0,79.88,3.66,62.31,0.23,0.437840406,222.27,220.6
2023,3,26,8,1.6,1.72,2.42,183.3,198.95,23.09,0.38,1.88,-0.15,-8.7,-4.42,0,53.56,3.23,62.35,2.59,4.930463701,238.09,237.94
2023,3,26,9,2.27,2.54,3.29,267.88,295.92,35.65,0.85,4.25,1.94,-9.8,-3.92,0,41.44,2.93,62.37,4.08,7.76690807,234.36,234.32
2023,3,26,10,2.62,3.16,3.95,312.9,369.6,43.15,1.27,6.45,3.33,-9.74,-3.2,0,37.38,2.87,62.37,4.86,9.251758142,232.25,232.19
2023,3,26,11,3.07,3.53,4.34,368.4,413.9,51.33,1.66,8.55,4.12,-9.22,-2.55,0,36.75,2.99,62.34,5.35,10.18454857,230.99,230.98
2023,3,26,12,3.06,3.58,4.43,367.25,419.17,51.01,1.67,8.67,4.5,-8.37,-1.94,0,38.38,3.23,62.3,5.73,10.90793707,230.53,230.48
2023,3,26,13,3,3.4,4.24,358.15,400.05,49.62,1.56,8,4.34,-7.51,-1.58,0,41.62,3.48,62.25,5.94,11.3077044,229.59,229.59
2023,3,26,14,2.54,2.96,3.76,303.73,349.02,41.51,1.16,5.92,3.76,-6.83,-1.53,0,45.88,3.66,62.2,6.01,11.44096017,227.58,227.54
2023,3,26,15,1.89,2.29,3.03,224.6,270.3,29.87,0.66,3.27,2.76,-6.45,-1.84,0,50.81,3.78,62.18,6.03,11.47903325,225,225.04
2023,3,26,16,1.17,1.46,2.09,137.12,171.08,17.3,0.24,1.2,1.21,-6,-2.4,0,59,3.97,62.18,5.6,10.66046206,223.93,223.99
2023,3,26,17,0.46,0.58,1.03,50.8,65.8,5.9,0.03,0.12,-0.63,-5.83,-3.23,0,68.75,4.03,62.19,4.54,8.642588882,223.26,223.34
2023,3,26,18,0.03,0.03,0.09,2.62,2.88,0.36,0,0,-3.06,-5.47,-4.27,0,87.31,4.15,62.2,2.74,5.216011792,217.46,217.59
2023,3,26,19,0,0,0,0,0,0,0,0,-3.86,-5.43,-4.65,0,94.12,4.15,62.22,2.14,4.073819429,210.5,210.46
2023,3,26,20,0,0,0,0,0,0,0,0,-4.6,-5.71,-5.16,0,98.69,4.09,62.24,1.66,3.160065538,203.55,203.27
2023,3,26,21,0,0,0,0,0,0,0,0,-4.95,-5.88,-5.41,0,100,4.09,62.24,1.31,2.49378666,205.04,205.27
2023,3,26,22,0,0,0,0,0,0,0,0,-5.27,-6.07,-5.67,0,100,4.03,62.21,1.07,2.036909714,215.78,215.19
2023,3,26,23,0,0,0,0,0,0,0,0,-5.56,-6.2,-5.88,0,100,4.03,62.18,0.8,1.522923151,224.6,223.59
2023,3,27,0,0,0,0,0,0,0,0,0,-5.85,-6.32,-6.09,0,100,3.97,62.14,0.53,1.008936588,230.41,229.66
2023,3,27,1,0,0,0,0,0,0,0,0,-6.26,-6.45,-6.35,0,100,3.97,62.09,0.16,0.30458463,247.17,241.26
2023,3,27,2,0,0,0,0,0,0,0,0,-6.59,-6.67,-6.63,0,100,3.91,62.05,0.09,0.171328854,4.76,355.91
2023,3,27,3,0,0,0,0,0,0,0,0,-7.19,-7.07,-7.13,0,100,3.78,62.01,0.26,0.494950024,51.07,51.34
2023,3,27,4,0,0,0,0,0,0,0,0,-8.07,-7.77,-7.92,0,100,3.6,61.99,0.47,0.894717351,55.78,54.04
2023,3,27,5,0,0,0,0,0,0,0,0,-8.88,-8.7,-8.79,0,100,3.36,62.01,0.59,1.123155824,53.13,51.39
2023,3,27,6,0.11,0.13,0.33,10.67,13.42,1.38,0.01,0.02,-8.49,-9.75,-9.12,0,100,3.11,62.04,0.72,1.370630836,50.27,47.99
2023,3,27,7,0.92,0.93,1.41,101.15,104.2,11.56,0.08,0.4,-5.05,-10.94,-7.99,0,69.5,2.81,62.1,0.73,1.389667375,50.67,49.79
2023,3,27,8,1.69,1.83,2.44,192.85,210.25,24.59,0.38,1.92,-0.74,-15.17,-7.95,0,32.31,1.83,62.16,2.34,4.454550217,236.84,236.65
2023,3,27,9,2.39,2.64,3.31,279.35,304.83,37.53,0.86,4.25,1.42,-15.91,-7.24,0,25,1.71,62.2,4.01,7.633652294,233.55,233.52
2023,3,27,10,2.97,3.25,3.96,348.8,376.7,48.16,1.34,6.8,2.8,-14.85,-6.02,0,24.5,1.83,62.22,4.89,9.30886776,228.95,228.92
2023,3,27,11,3.19,3.61,4.35,377.73,419.42,52.98,1.64,8.38,3.57,-13.52,-4.98,0,26,2.08,62.23,5.48,10.43202358,225.12,225.14
2023,3,27,12,3.08,3.66,4.45,364.4,423.83,51.04,1.62,8.23,3.84,-12.24,-4.2,0,28.44,2.32,62.22,5.82,11.07926592,223.97,223.96
2023,3,27,13,2.95,3.48,4.25,348.35,402.35,48.4,1.46,7.4,3.69,-11.11,-3.71,0,31.75,2.5,62.18,5.89,11.2125217,223.23,223.24
2023,3,27,14,2.49,3.02,3.77,292.9,349.2,40.22,1.07,5.42,3.12,-10.2,-3.54,0,35.81,2.75,62.14,5.77,10.98408323,221.87,221.85
2023,3,27,15,1.97,2.33,3.03,228.62,268.75,30.26,0.63,3.15,2.16,-9.52,-3.68,0,40.75,2.93,62.12,5.52,10.50816974,220.41,220.46
2023,3,27,16,1.24,1.48,2.1,140.15,168.58,17.55,0.23,1.12,0.74,-8.97,-4.12,0,47.56,3.05,62.11,5,9.518269694,218.21,218.28
2023,3,27,17,0.5,0.59,1.03,53.73,64.12,6.38,0.03,0.15,-1.19,-8.35,-4.77,0,58.62,3.23,62.12,4.02,7.652688834,214.55,214.54
2023,3,27,18,0.03,0.03,0.1,2.23,2.9,0.31,0,0,-4.35,-7.54,-5.94,0,82.81,3.54,62.13,2.27,4.321294441,209.21,209.13
2023,3,27,19,0,0,0,0,0,0,0,0,-5.22,-7.12,-6.17,0,92.38,3.66,62.15,1.88,3.578869405,203.79,203.37
2023,3,27,20,0,0,0,0,0,0,0,0,-5.64,-7.11,-6.38,0,95.88,3.66,62.17,1.57,2.988736684,197.71,197.23
2023,3,27,21,0,0,0,0,0,0,0,0,-5.94,-7.32,-6.63,0,96.69,3.6,62.18,1.18,2.246311648,192.28,192.17
2023,3,27,22,0,0,0,0,0,0,0,0,-6.49,-7.6,-7.05,0,99.31,3.54,62.17,0.78,1.484850072,189.18,186.86
2023,3,27,23,0,0,0,0,0,0,0,0,-7.06,-7.99,-7.52,0,100,3.42,62.14,0.54,1.027973127,184.14,174.49
2023,3,28,0,0,0,0,0,0,0,0,0,-7.67,-8.38,-8.02,0,100,3.3,62.1,0.38,0.723388497,178.81,148.47
2023,3,28,1,0,0,0,0,0,0,0,0,-8.27,-8.8,-8.53,0,100,3.23,62.06,0.18,0.342657709,167.2,84.56
2023,3,28,2,0,0,0,0,0,0,0,0,-8.7,-9.65,-9.17,0,100,2.99,62.02,0.06,0.114219236,74.05,45.58
2023,3,28,3,0,0,0,0,0,0,0,0,-9.01,-10.99,-9.99,0,92.19,2.62,61.99,0.22,0.418803867,14.53,30.87
2023,3,28,4,0,0,0,0,0,0,0,0,-9.03,-12.1,-10.56,0,83,2.38,61.99,0.44,0.837607733,14.53,27.85
2023,3,28,5,0,0,0,0,0,0,0,0,-9.06,-12.77,-10.92,0,77.5,2.2,62,0.68,1.294484678,27.45,31.5
2023,3,28,6,0.1,0.12,0.34,9.35,12.48,1.26,0,0.02,-8.28,-12.89,-10.59,0,71.44,2.2,62.03,0.87,1.656178927,28.86,32.28
2023,3,28,7,0.81,0.85,1.43,85.1,91.52,10.04,0.07,0.35,-4.56,-14.99,-9.77,0,42.75,1.77,62.09,0.95,1.808471242,19.18,20.85
2023,3,28,8,1.67,1.71,2.46,184.6,191.38,22.92,0.34,1.7,-1.05,-13.31,-7.18,0,37.5,2.08,62.14,1.53,2.912590526,258.8,258.64
2023,3,28,9,2.08,2.45,3.33,236.6,276.58,30.89,0.67,3.33,1.21,-11.38,-5.09,0,37.69,2.5,62.16,2.82,5.368304107,234.68,234.19
2023,3,28,10,2.51,2.95,3.98,289.9,336.12,38.02,0.99,4.98,2.69,-9.7,-3.5,0,39.75,2.93,62.19,4.05,7.709798452,225.47,225.25
2023,3,28,11,2.73,3.28,4.36,319,378.67,42.6,1.23,6.2,3.35,-7.91,-2.28,0,44.38,3.48,62.21,5.1,9.708635087,223.57,223.41
2023,3,28,12,2.69,3.45,4.46,317.85,393.5,43.12,1.3,6.58,3.02,-6.4,-1.69,0,51,3.91,62.21,5.5,10.47009666,223.85,223.71
2023,3,28,13,2.55,3.24,4.26,300.58,368.88,40.41,1.16,5.85,2.5,-5.67,-1.59,0,55.44,4.09,62.19,5.82,11.07926592,224.89,224.87
2023,3,28,14,2.09,2.8,3.78,244.15,318.48,32.59,0.82,4.15,2.06,-5.52,-1.73,0,57.56,4.09,62.17,5.99,11.40288709,226.06,226.09
2023,3,28,15,1.64,2.14,3.04,189.65,242.98,24.8,0.49,2.45,1.23,-5.81,-2.29,0,59.56,3.97,62.15,5.71,10.86986399,227.05,227.1
2023,3,28,16,1.28,1.38,2.11,142,154.77,17.52,0.22,1.08,0,-6.13,-3.06,0,63.62,3.91,62.16,4.91,9.346940839,227.25,227.32
2023,3,28,17,0.43,0.51,1.04,45.42,54,5.52,0.02,0.12,-1.58,-6.24,-3.91,0,72,3.85,62.18,3.75,7.13870227,225.93,226.04
2023,3,28,18,0.03,0.03,0.1,2.42,2.83,0.34,0,0,-4.05,-6.12,-5.08,0,89.88,3.91,62.21,2.07,3.940563653,220.86,222.03
2023,3,28,19,0,0,0,0,0,0,0,0,-4.85,-6.31,-5.58,0,94.94,3.85,62.25,1.53,2.912590526,218.98,219.7
2023,3,28,20,0,0,0,0,0,0,0,0,-5.17,-6.51,-5.85,0,96.06,3.78,62.28,0.88,1.675215466,218.9,219.13
2023,3,28,21,0,0,0,0,0,0,0,0,-5.85,-6.71,-6.27,0,100,3.72,62.3,0.36,0.685315418,205.46,202.44
2023,3,28,22,0,0,0,0,0,0,0,0,-6.55,-6.98,-6.76,0,100,3.66,62.3,0.1,0.190365394,99.46,71.57
2023,3,28,23,0,0,0,0,0,0,0,0,-7.26,-7.32,-7.29,0,100,3.54,62.29,0.2,0.380730788,57.53,50.08
2023,3,29,0,0,0,0,0,0,0,0,0,-7.7,-7.77,-7.74,0,100,3.42,62.26,0.28,0.533023103,47.29,44.55
2023,3,29,1,0,0,0,0,0,0,0,0,-8.25,-8.68,-8.47,0,100,3.17,62.23,0.38,0.723388497,37.57,38.21
2023,3,29,2,0,0,0,0,0,0,0,0,-8.56,-9.98,-9.27,0,95.44,2.81,62.2,0.47,0.894717351,30.8,33.69
2023,3,29,3,0,0,0,0,0,0,0,0,-8.84,-11.25,-10.04,0,87.12,2.5,62.18,0.61,1.161228903,30.84,33.96
2023,3,29,4,0,0,0,0,0,0,0,0,-9.16,-12.27,-10.72,0,81.5,2.26,62.16,0.78,1.484850072,29.89,32.95
2023,3,29,5,0,0,0,0,0,0,0,0,-9.51,-13.01,-11.26,0,78.38,2.14,62.17,0.96,1.827507781,28.24,31.2
2023,3,29,6,0.12,0.14,0.36,11.1,13.9,1.47,0.01,0.02,-8.79,-13.41,-11.1,0,71.06,2.08,62.2,1.36,2.588969357,28.93,30.53
2023,3,29,7,0.91,0.95,1.45,98.83,105.25,11.47,0.09,0.42,-5.2,-14.14,-9.67,0,48.31,1.89,62.25,1.86,3.540796326,30.34,30.96
2023,3,29,8,1.74,1.85,2.48,196.48,211.67,24.86,0.4,2,-0.89,-13.57,-7.23,0,36.25,2.08,62.29,1.18,2.246311648,279.15,278.63
2023,3,29,9,2.2,2.67,3.35,258.35,307.52,35.02,0.83,4.1,1.94,-12.41,-5.24,0,33.44,2.38,62.32,3.43,6.52953301,245.07,244.89
2023,3,29,10,2.86,3.3,3.99,336.77,381.88,46.92,1.35,6.83,3.39,-10.72,-3.67,0,35,2.75,62.34,4.61,8.775844657,237.74,237.55
2023,3,29,11,2.91,3.62,4.38,342.05,419.48,48.2,1.53,7.8,4.1,-9.1,-2.49,0,37.94,3.11,62.34,5.36,10.20358511,233.71,233.61
2023,3,29,12,2.83,3.63,4.47,336.88,420.1,47.2,1.52,7.73,4.12,-7.6,-1.74,0,42.31,3.48,62.33,5.65,10.75564475,232.59,232.43
2023,3,29,13,2.52,3.38,4.27,300.92,391.75,41.59,1.27,6.42,3.65,-6.56,-1.45,0,47.06,3.72,62.29,5.57,10.60335244,231.2,231.16
2023,3,29,14,2.25,2.93,3.79,265.05,341,35.88,0.95,4.83,3.03,-6.07,-1.52,0,50.94,3.85,62.27,5.5,10.47009666,229.66,229.69
2023,3,29,15,1.61,2.24,3.05,189.35,260.5,25.07,0.53,2.62,2.24,-6.1,-1.92,0,53.75,3.85,62.24,5.44,10.35587743,226.4,226.43
2023,3,29,16,1,1.41,2.12,115,161.85,14.41,0.2,0.95,0.94,-6.28,-2.67,0,58.06,3.78,62.24,5.03,9.575379312,224.31,224.36
2023,3,29,17,0.43,0.56,1.05,46.52,61.62,5.48,0.02,0.12,-0.95,-6.32,-3.63,0,67.12,3.78,62.26,3.95,7.519433058,221.47,221.52
2023,3,29,18,0.03,0.03,0.11,2.45,3.08,0.34,0,0,-3.54,-6.17,-4.86,0,84.81,3.85,62.28,2.18,4.149965586,214.32,214.41
2023,3,29,19,0,0,0,0,0,0,0,0,-4.59,-6.44,-5.52,0,91.06,3.78,62.31,1.58,3.007773223,205.17,204.85
2023,3,29,20,0,0,0,0,0,0,0,0,-5.07,-6.64,-5.85,0,93.56,3.72,62.36,0.97,1.846544321,186.44,184.48
2023,3,29,21,0,0,0,0,0,0,0,0,-5.88,-6.88,-6.38,0,98.5,3.66,62.38,0.56,1.066046206,154.5,139.09
2023,3,29,22,0,0,0,0,0,0,0,0,-6.57,-7.17,-6.88,0,100,3.6,62.38,0.45,0.856644272,123.69,101.42
2023,3,29,23,0,0,0,0,0,0,0,0,-6.92,-7.53,-7.23,0,100,3.48,62.36,0.41,0.780498115,93.3,79.84
2023,3,30,0,0,0,0,0,0,0,0,0,-7.08,-7.88,-7.48,0,100,3.42,62.33,0.42,0.799534654,84.61,76.61
2023,3,30,1,0,0,0,0,0,0,0,0,-7.19,-8.39,-7.79,0,97.88,3.23,62.29,0.42,0.799534654,82.48,78.23
2023,3,30,2,0,0,0,0,0,0,0,0,-7.32,-8.98,-8.15,0,93.88,3.11,62.24,0.4,0.761461575,79.8,77.68
2023,3,30,3,0,0,0,0,0,0,0,0,-7.62,-9.42,-8.52,0,92.62,2.99,62.2,0.39,0.742425036,54.06,53
2023,3,30,4,0,0,0,0,0,0,0,0,-7.93,-9.86,-8.89,0,91.5,2.87,62.17,0.45,0.856644272,29.25,31.22
2023,3,30,5,0,0,0,0,0,0,0,0,-8.11,-10.42,-9.26,0,88,2.69,62.16,0.61,1.161228903,14.93,19.01
2023,3,30,6,0.11,0.12,0.38,10.4,12.48,1.38,0.01,0.02,-7.3,-10.6,-8.95,0,80.56,2.69,62.18,0.84,1.599069309,14.04,18.71
2023,3,30,7,0.78,0.78,1.47,82.35,84.5,9.8,0.08,0.38,-3.66,-11.51,-7.59,0,53.88,2.44,62.21,1.37,2.608005896,7.21,9.46
2023,3,30,8,1.63,1.66,2.5,182.35,186.48,22.38,0.36,1.8,0.02,-11.5,-5.74,0,39.69,2.44,62.25,1.95,3.71212518,286.77,286.57
2023,3,30,9,2.23,2.36,3.36,257.65,270.58,32.87,0.76,3.77,2.48,-10.64,-4.09,0,36.12,2.62,62.26,3.21,6.110729143,259.48,259.11
2023,3,30,10,2.68,2.99,4.01,312.55,345.77,41.28,1.16,5.88,4.11,-9.6,-2.75,0,35.31,2.93,62.26,4.05,7.709798452,247.44,247.11
2023,3,30,11,2.97,3.38,4.39,352.2,394.38,47.58,1.48,7.58,5.08,-8.67,-1.8,0,35.94,3.17,62.25,4.76,9.061392748,241.04,240.64
2023,3,30,12,2.56,3.4,4.48,308.15,394.35,41.67,1.33,6.8,5.36,-7.86,-1.25,0,37.94,3.42,62.23,5.26,10.01321972,237.49,237.22
2023,3,30,13,2.05,3.2,4.28,246.58,369.58,33.47,1.02,5.2,5.02,-7.05,-1.02,0,41.56,3.66,62.19,5.39,10.26069473,235.76,235.54
2023,3,30,14,1.69,2.69,3.79,201.35,306.95,26.66,0.73,3.75,4.25,-6.39,-1.07,0,46.19,3.85,62.15,5.22,9.93707356,234.43,234.3
2023,3,30,15,1.18,2.03,3.06,137.95,229.52,17.98,0.4,1.98,3.14,-6.13,-1.49,0,50.69,3.91,62.13,4.84,9.213685063,233.46,233.32
2023,3,30,16,0.86,1.34,2.13,96.25,150.67,11.98,0.16,0.83,1.8,-6.08,-2.13,0,55.81,3.91,62.11,4.22,8.033419621,232.3,232.17
2023,3,30,17,0.34,0.51,1.06,36.7,55.08,4.6,0.02,0.12,-0.01,-6.13,-3.06,0,63.31,3.91,62.12,3.25,6.186875301,230.57,230.45
2023,3,30,18,0.03,0.03,0.11,2.4,3,0.34,0,0,-2.45,-5.88,-4.17,0.05,79.31,3.97,62.15,1.82,3.464650168,225.17,224.76
2023,3,30,19,0,0,0,0,0,0,0,0,-3.34,-5.88,-4.61,0.02,85.25,3.97,62.2,1.36,2.588969357,220.35,220.21
2023,3,30,20,0,0,0,0,0,0,0,0,-3.91,-5.95,-4.93,0,89.06,3.91,62.26,0.67,1.275448139,217.93,217.41
2023,3,30,21,0,0,0,0,0,0,0,0,-4.88,-6.23,-5.56,0,94.5,3.85,62.29,0.14,0.266511551,206.57,116.57
2023,3,30,22,0,0,0,0,0,0,0,0,-5.74,-6.49,-6.11,0,99.75,3.78,62.29,0.28,0.533023103,37.18,37.44
2023,3,30,23,0,0,0,0,0,0,0,0,-5.99,-6.8,-6.39,0,99.62,3.66,62.27,0.41,0.780498115,34.9,34.99
2023,3,31,0,0,0,0,0,0,0,0,0,-5.81,-7.17,-6.49,0,95.31,3.6,62.25,0.4,0.761461575,35.54,35.54
2023,3,31,1,0,0,0,0,0,0,0,0,-5.46,-7.62,-6.54,0,89.06,3.42,62.22,0.39,0.742425036,40.1,38.57
2023,3,31,2,0,0,0,0,0,0,0,0,-5.09,-8.06,-6.57,0,83.06,3.3,62.19,0.36,0.685315418,42.36,40.75
2023,3,31,3,0,0,0,0,0,0,0,0,-5.18,-8.41,-6.8,0,81.19,3.23,62.16,0.41,0.780498115,43.45,42.81
2023,3,31,4,0,0,0,0,0,0,0,0,-5.39,-8.78,-7.09,0,80.06,3.11,62.15,0.48,0.913753891,49.6,49.17
2023,3,31,5,0,0,0,0,0,0,0,0,-5.85,-9.33,-7.59,0.01,79.25,2.99,62.16,0.61,1.161228903,57.53,55.71
2023,3,31,6,0.11,0.12,0.39,10.52,13.2,1.38,0.01,0.02,-5.67,-9.42,-7.54,0.04,77.69,2.93,62.19,0.64,1.218338521,60,54.28
2023,3,31,7,0.63,0.78,1.49,69.48,84.85,8.77,0.09,0.4,-2.52,-9.13,-5.82,0.03,61,3.05,62.23,0.69,1.313521218,50.53,48.77
2023,3,31,8,1.17,1.51,2.52,134.33,166.08,16.82,0.3,1.5,0.69,-10.04,-4.67,0.04,43.88,2.81,62.27,1.53,2.912590526,242.91,243.11
2023,3,31,9,1.72,2.19,3.38,200.15,244.9,24.89,0.62,3.2,2.67,-9.45,-3.38,0.06,40.25,2.99,62.3,3.63,6.910263798,230.59,230.66
2023,3,31,10,2.12,2.73,4.02,247.38,310.05,31.73,0.93,4.77,3.55,-7.69,-2.06,0.19,43.88,3.48,62.32,5.05,9.613452391,225.25,225.5
2023,3,31,11,2.06,3.14,4.4,247.05,359.27,32.02,1.04,5.17,2.66,-6.09,-1.71,0.45,52.94,3.91,62.33,5.38,10.24165819,221.29,221.52
2023,3,31,12,1.48,3.14,4.49,183.42,358.42,24.48,0.8,4,1.67,-5.21,-1.77,0.64,60.56,4.15,62.3,5.05,9.613452391,217.46,217.68
2023,3,31,13,0.73,2.99,4.29,99.48,343.38,13.34,0.41,2.02,1.5,-4.74,-1.62,0.62,63.62,4.33,62.24,4.72,8.985246591,215.85,215.92
2023,3,31,14,0.63,2.51,3.8,78.23,283.6,9.94,0.26,1.3,1.77,-4.48,-1.35,0.7,63.88,4.46,62.18,5.03,9.575379312,223.81,223.84
2023,3,31,15,0.44,1.88,3.07,52.75,209.55,6.7,0.14,0.67,0.89,-4.55,-1.83,0.93,68.19,4.46,62.16,5.1,9.708635087,232.46,232.45
2023,3,31,16,0.24,1.1,2.14,25.83,119.83,3.21,0.04,0.23,-0.14,-4.81,-2.48,0.9,72.5,4.39,62.18,4.39,8.357040791,238.83,238.87
2023,3,31,17,0.08,0.4,1.07,9.08,43.1,1.16,0.01,0.02,-1.27,-5.18,-3.23,0.76,78.19,4.33,62.2,3.2,6.091692604,241.75,242.21
2023,3,31,18,0.02,0.02,0.11,1.6,2.48,0.21,0,0,-4.13,-5.88,-5,0.41,95.75,4.15,62.21,1.7,3.236211696,239.9,241.62
2023,3,31,19,0,0,0,0,0,0,0,0,-5.48,-6.06,-5.77,0.24,100,4.09,62.24,0.76,1.446776993,243.7,246.86
2023,3,31,20,0,0,0,0,0,0,0,0,-6.12,-6.44,-6.27,0.13,100,3.97,62.27,0.3,0.571096182,240.8,255.62
2023,3,31,21,0,0,0,0,0,0,0,0,-6.93,-7.34,-7.13,0.07,100,3.66,62.27,0.03,0.057109618,236.31,20.32
2023,3,31,22,0,0,0,0,0,0,0,0,-7.06,-8.61,-7.84,0.02,98.31,3.3,62.26,0.08,0.152292315,113.96,39.21
2023,3,31,23,0,0,0,0,0,0,0,0,-7.26,-9.74,-8.5,0.01,91,2.99,62.22,0.22,0.418803867,49.4,37.01
2023,4,1,0,0,0,0,0,0,0,0,0,-7.53,-10.65,-9.1,0,85.44,2.75,62.17,0.38,0.723388497,41.63,39.25
2023,4,1,1,0,0,0,0,0,0,0,0,-7.4,-10.88,-9.13,0,82.62,2.69,62.14,0.2,0.380730788,62.45,67.01
2023,4,1,2,0,0,0,0,0,0,0,0,-7.45,-10.36,-8.9,0.01,87.31,2.87,62.11,0.11,0.209401933,158.96,176.42
2023,4,1,3,0,0,0,0,0,0,0,0,-7.4,-9.46,-8.43,0.04,94.25,3.11,62.09,0.12,0.228438473,180,185.19
2023,4,1,4,0,0,0,0,0,0,0,0,-7.18,-9.21,-8.2,0.09,94.12,3.17,62.07,0.24,0.456876945,145.78,125.54
2023,4,1,5,0,0,0,0,0,0,0,0,-7.02,-9.4,-8.2,0.1,90.62,3.05,62.07,0.36,0.685315418,119.9,96.26
2023,4,1,6,0.09,0.09,0.41,8.7,9.8,0.98,0,0.02,-6.39,-9.58,-7.99,0.07,84,2.99,62.09,0.43,0.818571194,107.1,91.23
2023,4,1,7,0.56,0.61,1.51,58.05,64.4,6.91,0.05,0.27,-4.53,-10.13,-7.33,0.09,68.31,2.87,62.13,0.59,1.123155824,146.94,140.67
2023,4,1,8,1.3,1.38,2.53,138.2,148.8,16.76,0.27,1.33,-2.74,-10.75,-6.74,0.09,55.94,2.75,62.16,1.97,3.750198259,203.41,203.46
2023,4,1,9,1.58,2.03,3.39,179.33,224.88,22.64,0.52,2.62,-1.45,-10.17,-5.81,0.14,52.38,2.87,62.18,3.06,5.825181052,213.45,213.4
2023,4,1,10,1.83,2.59,4.03,204.58,286.92,26.28,0.72,3.67,0.04,-9.39,-4.68,0.22,48.75,2.99,62.17,3.75,7.13870227,217.8,217.82
2023,4,1,11,1.92,3.1,4.41,225.48,350.7,29.64,0.91,4.55,1.3,-8.35,-3.53,0.26,48.31,3.23,62.13,4.58,8.718735039,219.26,219.35
2023,4,1,12,2.1,3.66,4.5,263.58,435.85,38.67,1.3,6.45,1.72,-7.21,-2.74,0.35,51.38,3.6,62.08,5.36,10.20358511,219.86,219.93
2023,4,1,13,1.51,3.41,4.3,193.98,403.45,28.46,0.91,4.5,1.1,-6.17,-2.53,0.47,58.69,3.91,62.02,5.52,10.50816974,220.81,220.92
2023,4,1,14,1.08,2.87,3.81,142.77,335.23,20.61,0.58,2.95,0.25,-5.64,-2.7,0.51,65.25,4.09,61.96,5.19,9.879963942,222.26,222.37
2023,4,1,15,0.48,2.13,3.08,61.95,245.17,8.8,0.19,0.92,-0.65,-5.6,-3.13,0.47,70.62,4.09,61.92,4.79,9.118502366,221.1,221.26
2023,4,1,16,0.23,1.26,2.15,27.27,140.6,3.64,0.05,0.25,-1.87,-5.51,-3.69,0.37,79,4.15,61.9,4.28,8.147638858,219.15,219.34
2023,4,1,17,0.18,0.46,1.08,20.9,49.12,2.77,0.02,0.08,-3.19,-5.55,-4.37,0.26,88.62,4.21,61.92,3.44,6.548569549,218.17,218.49
2023,4,1,18,0.03,0.03,0.12,2.17,2.85,0.31,0,0,-4.69,-5.82,-5.25,0.18,99.56,4.15,61.94,2.15,4.092855968,214.62,215.36
2023,4,1,19,0,0,0,0,0,0,0,0,-5.44,-6.1,-5.77,0.13,100,4.09,61.96,1.49,2.836444369,212.61,213.47
2023,4,1,20,0,0,0,0,0,0,0,0,-5.89,-6.45,-6.17,0.08,100,3.97,61.98,1.16,2.208238569,215.4,216.07
2023,4,1,21,0,0,0,0,0,0,0,0,-6.28,-6.91,-6.6,0.04,100,3.85,61.99,0.82,1.56099623,221.91,221.99
2023,4,1,22,0,0,0,0,0,0,0,0,-6.78,-7.7,-7.24,0.02,100,3.6,61.97,0.43,0.818571194,228.72,234.93
2023,4,1,23,0,0,0,0,0,0,0,0,-7.24,-8.89,-8.06,0.01,96.5,3.23,61.94,0.27,0.513986563,232.13,265.43
2023,4,2,0,0,0,0,0,0,0,0,0,-7.66,-10.16,-8.91,0.01,89.19,2.87,61.9,0.18,0.342657709,225,286.7
2023,4,2,1,0,0,0,0,0,0,0,0,-8.09,-11.08,-9.58,0,85,2.62,61.86,0.16,0.30458463,200.22,75.96
2023,4,2,2,0,0,0,0,0,0,0,0,-8.45,-11.69,-10.07,0,82.62,2.5,61.8,0.16,0.30458463,212.91,0
2023,4,2,3,0,0,0,0,0,0,0,0,-8.78,-11.79,-10.29,0,83.56,2.44,61.74,0.11,0.209401933,175.91,66.8
2023,4,2,4,0,0,0,0,0,0,0,0,-8.95,-11.84,-10.4,0,83.94,2.44,61.7,0.13,0.247475012,122.74,67.48
2023,4,2,5,0,0,0,0,0,0,0,0,-9.01,-11.84,-10.42,0,84,2.38,61.69,0.18,0.342657709,82.57,60.69
2023,4,2,6,0.11,0.14,0.43,11.75,14.62,1.62,0.01,0.02,-8.24,-11.45,-9.85,0.01,81.44,2.5,61.71,0.3,0.571096182,58.78,53.56
2023,4,2,7,0.73,0.84,1.53,80.02,93.42,10.11,0.08,0.38,-5.1,-9.94,-7.52,0,71.12,2.87,61.75,0.31,0.590132721,288.89,294.34
2023,4,2,8,1.39,1.74,2.55,162.38,202.4,21.52,0.34,1.73,-1.79,-8.92,-5.35,0,58.5,3.11,61.78,2.03,3.864417496,249.96,249.4
2023,4,2,9,1.84,2.52,3.41,222.2,297.95,30.65,0.7,3.48,-0.04,-8.25,-4.15,0,53.88,3.3,61.8,2.82,5.368304107,242.09,241.33
2023,4,2,10,2.29,3.12,4.05,281.25,372,39.77,1.1,5.55,1.26,-7.48,-3.1,0,52.38,3.54,61.82,3.76,7.15773881,235.25,234.84
2023,4,2,11,2.33,3.47,4.42,291.8,414.55,41.97,1.28,6.48,1.86,-6.45,-2.3,0.01,54.69,3.85,61.82,4.71,8.966210051,230.66,230.32
2023,4,2,12,2.2,3.61,4.51,275.95,433.17,41.09,1.3,6.52,1.73,-5.56,-1.92,0.07,59.44,4.15,61.81,5.26,10.01321972,229.64,229.47
2023,4,2,13,2.11,3.39,4.31,270.67,405.67,39.57,1.2,6.05,1.41,-5.1,-1.85,0.12,63,4.33,61.78,5.47,10.41298704,230.1,230.08
2023,4,2,14,1.58,2.89,3.82,202.45,343.83,29.23,0.78,3.98,0.98,-4.9,-1.96,0.17,66.19,4.39,61.75,5.39,10.26069473,230.89,230.8
2023,4,2,15,1.17,2.19,3.08,146.5,257.48,20.75,0.44,2.17,0.26,-4.89,-2.32,0.18,69.88,4.39,61.74,5.17,9.841890863,231.38,231.32
2023,4,2,16,0.69,1.32,2.15,85.35,150.08,11.92,0.16,0.8,-0.7,-4.86,-2.78,0.15,75.75,4.39,61.75,4.74,9.02331967,230.35,230.31
2023,4,2,17,0.25,0.5,1.09,28.9,54.27,3.83,0.02,0.1,-2.02,-4.7,-3.36,0.14,85.5,4.46,61.76,3.88,7.386177282,226.22,226.19
2023,4,2,18,0.03,0.03,0.12,2.7,3.2,0.4,0,0,-3.87,-4.67,-4.27,0.1,100,4.52,61.79,2.39,4.549732914,219.57,219.35
2023,4,2,19,0,0,0,0,0,0,0,0,-4.86,-4.86,-4.86,0.08,100,4.46,61.82,1.68,3.198138617,214.36,214.12
2023,4,2,20,0,0,0,0,0,0,0,0,-5.26,-4.99,-5.13,0.07,100,4.39,61.85,1.43,2.722225132,216.3,216.34
2023,4,2,21,0,0,0,0,0,0,0,0,-5.38,-5.02,-5.2,0.06,100,4.39,61.87,1.31,2.49378666,217.76,217.93
2023,4,2,22,0,0,0,0,0,0,0,0,-5.52,-5.06,-5.29,0.06,100,4.39,61.86,1.2,2.284384726,221.05,221.01
2023,4,2,23,0,0,0,0,0,0,0,0,-5.64,-5.06,-5.35,0.05,100,4.39,61.85,1.13,2.151128951,224.16,224.15
2023,4,3,0,0,0,0,0,0,0,0,0,-5.66,-5.01,-5.33,0.04,100,4.39,61.82,1.1,2.094019333,231.34,231.19
2023,4,3,1,0,0,0,0,0,0,0,0,-5.65,-4.9,-5.27,0.03,100,4.46,61.79,1.03,1.960763557,237.76,237.67
2023,4,3,2,0,0,0,0,0,0,0,0,-5.85,-4.94,-5.4,0.01,100,4.46,61.75,0.96,1.827507781,245.52,245.87
2023,4,3,3,0,0,0,0,0,0,0,0,-5.95,-5.06,-5.5,0.01,100,4.39,61.72,0.82,1.56099623,257.29,257.72
2023,4,3,4,0,0,0,0,0,0,0,0,-6.09,-5.28,-5.68,0,100,4.33,61.72,0.68,1.294484678,275.25,277.02
2023,4,3,5,0,0,0,0,0,0,0,0,-6.2,-5.57,-5.88,0,100,4.21,61.74,0.56,1.066046206,315,316.45
2023,4,3,6,0.14,0.15,0.45,13.92,16.35,1.88,0.01,0.02,-5.86,-5.97,-5.92,0,100,4.09,61.78,0.73,1.389667375,5.53,5.59
2023,4,3,7,0.81,0.89,1.55,88.38,98.7,11.01,0.09,0.45,-2.95,-6.17,-4.56,0,83.88,4.03,61.84,1.18,2.246311648,357.35,357.56
2023,4,3,8,1.52,1.75,2.57,176.17,201.88,22.93,0.39,1.95,0.4,-8.05,-3.83,0,54.88,3.48,61.9,1.31,2.49378666,273.43,271.4
2023,4,3,9,2.19,2.56,3.42,263.12,301.2,35.91,0.87,4.35,2.48,-7.94,-2.73,0,48.19,3.54,61.96,2.88,5.482523344,238.29,237.41
2023,4,3,10,2.55,3.15,4.06,305.83,373.25,43,1.25,6.33,3.7,-6.76,-1.53,0,48.88,3.91,62,3.98,7.576542676,232.1,231.76
2023,4,3,11,2.81,3.49,4.44,345.05,415.35,48.86,1.55,7.95,4.32,-5.21,-0.45,0,52.56,4.39,62.02,4.88,9.289831221,228.83,228.61
2023,4,3,12,2.91,3.67,4.52,362.58,440.7,52.7,1.73,8.83,4.39,-3.69,0.35,0,57.94,4.88,62.02,5.54,10.54624282,228.08,227.91
2023,4,3,13,2.42,3.43,4.31,304.3,413.08,43.89,1.38,6.98,4.1,-2.77,0.66,0,62.31,5.13,62,5.93,11.28866786,228.37,228.31
2023,4,3,14,1.78,2.91,3.83,221.8,348.48,32.05,0.89,4.52,3.45,-2.64,0.4,0,65.44,5.13,61.98,6.02,11.45999671,228.58,228.54
2023,4,3,15,1.17,2.2,3.09,143.88,260.33,19.88,0.44,2.17,2.63,-3.03,-0.2,0,67.19,5,61.97,5.7,10.85082745,229.45,229.43
2023,4,3,16,0.64,1.38,2.16,76.67,161,10.24,0.15,0.7,1.49,-3.47,-0.99,0,70.56,4.82,61.98,5.04,9.594415851,231.48,231.44
2023,4,3,17,0.25,0.57,1.1,28.33,65.17,3.71,0.02,0.1,0.06,-3.72,-1.83,0,76.88,4.76,62.01,4.11,7.824017688,231.56,231.58
2023,4,3,18,0.04,0.04,0.13,2.88,3.83,0.42,0,0,-2.39,-3.71,-3.06,0.04,94.69,4.76,62.05,2.3,4.378404059,223.07,222.93
2023,4,3,19,0,0,0,0,0,0,0,0,-3.24,-3.63,-3.43,0.05,100,4.82,62.07,1.65,3.141028999,213.61,214.07
2023,4,3,20,0,0,0,0,0,0,0,0,-3.49,-3.7,-3.6,0.07,100,4.82,62.11,1.51,2.874517447,212.79,213.48
2023,4,3,21,0,0,0,0,0,0,0,0,-3.82,-3.84,-3.83,0.08,100,4.76,62.14,1.32,2.512823199,208.53,208.8
2023,4,3,22,0,0,0,0,0,0,0,0,-4.27,-4.06,-4.17,0.08,100,4.7,62.14,1.14,2.17016549,200.92,201.29
2023,4,3,23,0,0,0,0,0,0,0,0,-4.67,-4.27,-4.48,0.08,100,4.64,62.12,1.15,2.18920203,203.96,204.4
2023,4,4,0,0,0,0,0,0,0,0,0,-4.86,-4.34,-4.6,0.06,100,4.64,62.1,1.23,2.341494345,210.47,210.47
2023,4,4,1,0,0,0,0,0,0,0,0,-4.99,-4.35,-4.67,0.05,100,4.64,62.07,1.12,2.132092411,213.36,213.56
2023,4,4,2,0,0,0,0,0,0,0,0,-5.24,-4.42,-4.83,0.03,100,4.58,62.04,0.97,1.846544321,210.09,211.01
2023,4,4,3,0,0,0,0,0,0,0,0,-5.42,-4.48,-4.95,0.01,100,4.58,62.03,0.81,1.54195969,210.3,211.41
2023,4,4,4,0,0,0,0,0,0,0,0,-5.44,-4.56,-5,0,100,4.58,62.02,0.63,1.199301981,209.74,213.34
2023,4,4,5,0,0,0,0,0,0,0,0,-5.79,-5.08,-5.43,0,100,4.39,62.04,0.29,0.552059642,208.61,216.7
2023,4,4,6,0.14,0.18,0.46,15.2,19.38,2.05,0.01,0.02,-5.62,-5.81,-5.71,0,100,4.15,62.08,0.12,0.228438473,246.8,274.4
2023,4,4,7,0.88,0.92,1.57,97.62,103.85,11.88,0.11,0.52,-2.27,-7.04,-4.66,0,73.62,3.72,62.14,1.07,2.036909714,242.5,242.55
2023,4,4,8,1.7,1.83,2.58,201.12,216.17,26.12,0.47,2.3,0.51,-7.65,-3.57,0,56.12,3.54,62.19,3.36,6.396277234,241.23,241.13
2023,4,4,9,2.22,2.6,3.44,268.08,311.35,36.88,0.92,4.62,2.32,-7.14,-2.42,0,50.88,3.66,62.24,4.58,8.718735039,240.95,240.92
2023,4,4,10,2.78,3.21,4.07,341.95,386.38,48.13,1.45,7.38,3.55,-6.18,-1.32,0.01,49.69,3.91,62.27,5.48,10.43202358,238.1,238.07
2023,4,4,11,3.09,3.57,4.45,383.75,430.8,55.04,1.82,9.35,4.23,-5.21,-0.49,0.05,50.62,4.21,62.27,6.19,11.78361788,234.08,234.08
2023,4,4,12,2.75,3.55,4.53,343.88,426.52,48.84,1.64,8.4,4.35,-4.44,-0.04,0.08,53.19,4.46,62.25,6.56,12.48796984,230.8,230.86
2023,4,4,13,2.14,3.39,4.32,268.38,406.6,38.66,1.24,6.33,4.04,-3.92,0.06,0.12,56.62,4.64,62.22,6.67,12.69737177,229.46,229.55
2023,4,4,14,1.91,2.92,3.83,238.55,349,33.73,0.98,5.02,3.51,-3.63,-0.06,0.14,60.19,4.76,62.18,6.61,12.58315253,229.31,229.38
2023,4,4,15,1.45,2.24,3.1,177.42,266.9,24.62,0.57,2.85,2.69,-3.62,-0.46,0.17,63.94,4.76,62.14,6.46,12.29760444,228.87,229
2023,4,4,16,0.78,1.36,2.17,93.45,158.42,12.52,0.2,0.95,1.4,-3.67,-1.14,0.17,70,4.76,62.13,6.11,11.63132557,227.8,227.99
2023,4,4,17,0.26,0.49,1.11,31.62,54.67,4.08,0.02,0.12,-0.14,-3.57,-1.85,0.17,79.31,4.82,62.13,5.24,9.975146639,224.64,224.81
2023,4,4,18,0.04,0.03,0.13,2.88,3.5,0.41,0,0,-2.14,-3.24,-2.69,0.2,96.5,4.94,62.15,3.24,6.167838761,214.69,215.15
2023,4,4,19,0,0,0,0,0,0,0,0,-2.45,-3.04,-2.75,0.19,100,5.07,62.16,2.83,5.387340647,205.5,205.97
2023,4,4,20,0,0,0,0,0,0,0,0,-2.27,-2.76,-2.52,0.16,100,5.19,62.2,3.24,6.167838761,208.54,208.97
2023,4,4,21,0,0,0,0,0,0,0,0,-2.41,-2.77,-2.59,0.11,100,5.13,62.24,3.52,6.700861864,212.21,212.79
2023,4,4,22,0,0,0,0,0,0,0,0,-3.35,-3.4,-3.38,0.06,100,4.88,62.24,3.05,5.806144513,214.79,215.67
2023,4,4,23,0,0,0,0,0,0,0,0,-4.33,-4.27,-4.3,0.02,100,4.58,62.22,2.18,4.149965586,213.92,214.82
2023,4,5,0,0,0,0,0,0,0,0,0,-5.23,-5.44,-5.34,0.01,100,4.21,62.17,1.39,2.646078975,213.78,213.44
2023,4,5,1,0,0,0,0,0,0,0,0,-6.66,-6.38,-6.52,0,100,3.97,62.12,0.5,0.951826969,189.02,180
2023,4,5,2,0,0,0,0,0,0,0,0,-7.93,-7.6,-7.77,0,100,3.54,62.06,0.25,0.475913485,110.14,77.64
2023,4,5,3,0,0,0,0,0,0,0,0,-8.51,-9.44,-8.98,0,100,3.05,62.02,0.31,0.590132721,78.41,62.45
2023,4,5,4,0,0,0,0,0,0,0,0,-8.86,-11.45,-10.16,0,88.62,2.56,62.01,0.36,0.685315418,80.13,62.61
2023,4,5,5,0,0,0,0,0,0,0,0,-9.03,-12.96,-11,0,78.25,2.2,62.03,0.45,0.856644272,82.01,65.22
2023,4,5,6,0.17,0.2,0.48,18.42,20.83,2.45,0.01,0.02,-8.02,-12.85,-10.44,0,71.88,2.26,62.06,0.49,0.93279043,81.74,66.96
2023,4,5,7,0.97,1.08,1.59,109.15,124.05,13.23,0.12,0.6,-4.19,-14.12,-9.15,0,47.19,2.01,62.12,0.79,1.503886612,96.28,91.68
2023,4,5,8,1.87,2.01,2.6,219.8,237.05,29.11,0.53,2.62,-0.42,-14.01,-7.21,0,35.31,2.08,62.17,2.18,4.149965586,211.07,211.08
2023,4,5,9,2.55,2.81,3.45,306.9,332.33,42.81,1.1,5.52,2.09,-13.16,-5.53,0,31.5,2.26,62.22,4.06,7.728834991,228.05,228.03
2023,4,5,10,3.02,3.39,4.09,366.1,401.88,52.45,1.62,8.27,3.54,-11.14,-3.8,0,33.62,2.62,62.24,5.01,9.537306233,228.35,228.25
2023,4,5,11,3.37,3.73,4.46,410.83,442.1,59.3,1.99,10.4,4.3,-8.9,-2.31,0,38.19,3.17,62.25,5.67,10.79371783,227.96,227.98
2023,4,5,12,3.23,3.77,4.54,398.15,448.6,57.59,1.97,10.25,4.54,-6.88,-1.17,0,43.75,3.72,62.24,5.93,11.28866786,226.28,226.28
2023,4,5,13,2.94,3.56,4.33,356.55,424.4,51.52,1.67,8.62,4.45,-5.4,-0.47,0,49.19,4.15,62.21,6.05,11.51710633,223.74,223.79
2023,4,5,14,2.52,3.09,3.84,307.77,368.92,43.55,1.26,6.5,3.9,-4.63,-0.36,0.01,54.19,4.39,62.18,6.05,11.51710633,221.49,221.47
2023,4,5,15,1.85,2.39,3.11,223.75,283.17,30.66,0.7,3.5,2.94,-4.2,-0.63,0.09,59.88,4.52,62.16,5.95,11.32674094,219.88,219.92
2023,4,5,16,1.14,1.58,2.18,136.95,187.55,17.99,0.27,1.33,1.61,-4.27,-1.34,0.16,65.44,4.52,62.17,5.59,10.64142552,219.5,219.54
2023,4,5,17,0.5,0.69,1.11,57.02,79.9,6.87,0.04,0.2,-0.06,-4.41,-2.24,0.2,73,4.46,62.19,4.64,8.832954276,218.03,218.17
2023,4,5,18,0.05,0.05,0.14,4,4.75,0.55,0,0,-2.28,-4.33,-3.31,0.16,88.88,4.52,62.23,2.78,5.29215795,212.62,213.18
2023,4,5,19,0,0,0,0,0,0,0,0,-3.33,-4.39,-3.86,0.12,97.19,4.52,62.26,1.95,3.71212518,205.85,206.21
2023,4,5,20,0,0,0,0,0,0,0,0,-3.58,-4.6,-4.09,0.08,97.81,4.46,62.3,1.57,2.988736684,198.62,198.88
2023,4,5,21,0,0,0,0,0,0,0,0,-3.92,-4.87,-4.39,0.04,98.56,4.33,62.34,1.11,2.113055872,188.53,189.28
2023,4,5,22,0,0,0,0,0,0,0,0,-4.74,-5.24,-4.99,0.03,100,4.21,62.36,0.71,1.351594296,184.45,185.38
2023,4,5,23,0,0,0,0,0,0,0,0,-5.69,-5.67,-5.68,0.02,100,4.09,62.36,0.34,0.647242339,164.05,162.9
2023,4,6,0,0,0,0,0,0,0,0,0,-6.7,-6.27,-6.48,0.02,100,3.91,62.35,0.18,0.342657709,133.26,109.29
2023,4,6,1,0,0,0,0,0,0,0,0,-7.46,-7.48,-7.47,0.02,100,3.54,62.33,0.19,0.361694248,82.87,64.61
2023,4,6,2,0,0,0,0,0,0,0,0,-7.66,-9.13,-8.39,0.02,95.62,3.05,62.31,0.29,0.552059642,67.62,62.42
2023,4,6,3,0,0,0,0,0,0,0,0,-7.7,-10.44,-9.07,0.02,85.75,2.75,62.28,0.36,0.685315418,65.66,62.84
2023,4,6,4,0,0,0,0,0,0,0,0,-7.75,-11.37,-9.56,0.02,79.31,2.5,62.27,0.41,0.780498115,59.98,58.12
2023,4,6,5,0,0,0,0,0,0,0,0,-8.38,-12.11,-10.25,0.01,78.25,2.32,62.28,0.55,1.047009666,45.58,45.57
2023,4,6,6,0.24,0.26,0.5,24.8,26.95,2.95,0.01,0.05,-7.84,-12.02,-9.93,0,75.62,2.38,62.31,0.8,1.522923151,30.58,35.11
2023,4,6,7,1.06,1.15,1.6,120.4,132.15,14.44,0.14,0.7,-4.17,-13.55,-8.85,0,47.94,2.08,62.36,1.63,3.10295592,30.87,32.22
2023,4,6,8,1.95,2.06,2.62,226.5,240.95,29.91,0.57,2.8,-0.4,-15.6,-8,0,29.5,1.77,62.4,0.8,1.522923151,307.87,309.99
2023,4,6,9,2.66,2.83,3.47,314.38,330.55,43.38,1.14,5.75,2.51,-15.85,-6.67,0,22.88,1.65,62.45,3.23,6.148802222,244.8,244.68
2023,4,6,10,3.11,3.44,4.1,371.8,402.92,53.07,1.67,8.62,4.09,-14.08,-4.99,0,23.94,1.95,62.49,4.4,8.37607733,236.73,236.69
2023,4,6,11,3.43,3.79,4.47,411.48,443.42,59.5,2.05,10.73,5.09,-12.17,-3.54,0,26.56,2.32,62.48,4.96,9.442123536,232.75,232.74
2023,4,6,12,3.12,3.78,4.55,374.67,439,53.59,1.87,9.73,5.51,-10.1,-2.3,0,30.94,2.81,62.47,5.58,10.62238898,230,229.9
2023,4,6,13,2.87,3.58,4.34,340.4,416.05,48.52,1.62,8.35,5.36,-8.06,-1.35,0,36.94,3.3,62.43,5.66,10.77468129,228.92,228.93
2023,4,6,14,2.44,3.06,3.85,290.52,353.52,40.3,1.19,6.1,4.87,-6.61,-0.88,0,42.81,3.72,62.4,5.55,10.56527936,227.57,227.6
2023,4,6,15,1.9,2.44,3.11,225.58,283.65,30.83,0.73,3.67,4,-6.01,-1,0,47.69,3.91,62.39,5.31,10.10840241,226.01,226.04
2023,4,6,16,1.18,1.6,2.18,137.98,185.83,18.05,0.28,1.4,2.72,-5.85,-1.56,0,52.88,3.91,62.38,4.81,9.156575445,224.6,224.69
2023,4,6,17,0.55,0.68,1.12,60.2,76.2,7.26,0.04,0.23,0.83,-5.74,-2.45,0.01,61.12,3.97,62.39,3.89,7.405213822,223.7,223.8
2023,4,6,18,0.05,0.05,0.14,4.23,4.85,0.58,0,0,-2.12,-5.61,-3.87,0.01,78.69,4.03,62.42,2.11,4.016709811,218.1,218.16
2023,4,6,19,0,0,0,0,0,0,0,0,-3.35,-5.95,-4.65,0.01,84.88,3.91,62.46,1.43,2.722225132,205.58,205.38
2023,4,6,20,0,0,0,0,0,0,0,0,-3.94,-6.17,-5.05,0,87.88,3.85,62.5,0.83,1.580032769,192.99,191.08
2023,4,6,21,0,0,0,0,0,0,0,0,-4.9,-6.35,-5.63,0,94.12,3.78,62.52,0.26,0.494950024,148.74,136.68
2023,4,6,22,0,0,0,0,0,0,0,0,-5.85,-6.6,-6.22,0,100,3.72,62.53,0.24,0.456876945,88.15,83.77
2023,4,6,23,0,0,0,0,0,0,0,0,-6.4,-6.85,-6.63,0,100,3.66,62.53,0.24,0.456876945,69.23,66.04
2023,4,7,0,0,0,0,0,0,0,0,0,-6.42,-7.58,-7,0,96.75,3.42,62.52,0.24,0.456876945,70.97,71.92
2023,4,7,1,0,0,0,0,0,0,0,0,-6.31,-8.42,-7.37,0,89.19,3.17,62.52,0.27,0.513986563,76.76,80.54
2023,4,7,2,0,0,0,0,0,0,0,0,-6.24,-8.9,-7.56,0,84.94,3.05,62.49,0.29,0.552059642,79,81.87
2023,4,7,3,0,0,0,0,0,0,0,0,-6.44,-9.14,-7.79,0,84.75,2.99,62.47,0.41,0.780498115,70.87,71.57
2023,4,7,4,0,0,0,0,0,0,0,0,-6.95,-9.56,-8.25,0,85.69,2.93,62.45,0.56,1.066046206,59.86,57.9
2023,4,7,5,0,0,0,0,0,0,0,0,-7.67,-10.13,-8.9,0,87.12,2.75,62.47,0.7,1.332557757,52.24,50.6
2023,4,7,6,0.23,0.26,0.52,24.9,27.08,3,0.01,0.05,-6.97,-10.12,-8.55,0,83.25,2.81,62.51,0.82,1.56099623,46.15,45.77
2023,4,7,7,1.04,1.13,1.62,117.33,129.08,14.09,0.13,0.67,-3.35,-11.19,-7.27,0,55.06,2.56,62.57,1.4,2.665115514,44.77,45.17
2023,4,7,8,1.91,2.03,2.63,222.1,237.38,29.09,0.54,2.65,0.68,-13.12,-6.22,0,34.81,2.2,62.62,1.02,1.941727017,253.51,253.44
2023,4,7,9,2.6,2.77,3.48,307.77,324.27,41.89,1.07,5.38,3.3,-12.88,-4.79,0,29.81,2.32,62.66,2.71,5.158902174,237.82,237.44
2023,4,7,10,2.93,3.38,4.11,350.42,397,49.68,1.53,7.83,4.83,-11.25,-3.2,0,30.38,2.62,62.67,3.47,6.605679167,230.57,230.39
2023,4,7,11,3.34,3.75,4.48,401.7,440.65,57.79,1.95,10.17,5.98,-9.56,-1.79,0,31.94,2.99,62.65,4.24,8.0714927,226.12,225.9
2023,4,7,12,3.37,3.76,4.56,405.05,438.5,57.55,1.96,10.25,6.56,-8.01,-0.73,0,34.69,3.36,62.63,4.89,9.30886776,224.55,224.32
2023,4,7,13,3.08,3.55,4.35,367.8,414.25,52.02,1.7,8.7,6.48,-6.73,-0.13,0,38.38,3.66,62.6,5.16,9.822854324,223.65,223.57
2023,4,7,14,2.7,3.06,3.86,320.67,356.25,44.2,1.27,6.48,5.78,-5.9,-0.06,0,42.62,3.91,62.58,5.12,9.746708166,223.58,223.56
2023,4,7,15,2.03,2.38,3.12,238.4,276.83,32.09,0.73,3.7,4.68,-5.67,-0.49,0,46.75,3.97,62.58,4.77,9.080429288,223.94,223.88
2023,4,7,16,1.24,1.55,2.19,143.25,178.55,18.56,0.28,1.38,3.38,-5.93,-1.27,0,50.06,3.91,62.58,4.23,8.052456161,224.1,224.11
2023,4,7,17,0.57,0.66,1.13,63.02,73.2,7.71,0.05,0.23,1.51,-6.21,-2.35,0,55.88,3.78,62.6,3.34,6.358204155,223.67,223.66
2023,4,7,18,0.05,0.04,0.15,3.7,4.7,0.52,0,0,-1.13,-5.96,-3.54,0,70.31,3.91,62.62,1.83,3.483686708,217.21,216.97
2023,4,7,19,0,0,0,0,0,0,0,0,-2.21,-6.51,-4.36,0,73.44,3.72,62.66,1.13,2.151128951,201.07,199.78
2023,4,7,20,0,0,0,0,0,0,0,0,-3.34,-6.75,-5.05,0,79.12,3.66,62.7,0.52,0.989900048,173.95,160.02
2023,4,7,21,0,0,0,0,0,0,0,0,-4.14,-6.95,-5.55,0,83.38,3.6,62.73,0.32,0.60916926,131.99,102.99
2023,4,7,22,0,0,0,0,0,0,0,0,-4.71,-7.14,-5.92,0,86.19,3.54,62.73,0.37,0.704351957,71.57,65.45
2023,4,7,23,0,0,0,0,0,0,0,0,-5.03,-7.39,-6.21,0,86.75,3.48,62.72,0.42,0.799534654,54.83,54.75
2023,4,8,0,0,0,0,0,0,0,0,0,-5.23,-7.95,-6.59,0,84.31,3.3,62.7,0.46,0.875680812,57.38,57.12
2023,4,8,1,0,0,0,0,0,0,0,0,-5.55,-8.55,-7.05,0,82.38,3.11,62.67,0.53,1.008936588,53.97,53.83
2023,4,8,2,0,0,0,0,0,0,0,0,-5.77,-9.02,-7.4,0,80.56,2.99,62.65,0.57,1.085082745,51.1,50.65
2023,4,8,3,0,0,0,0,0,0,0,0,-6,-9.52,-7.76,0,78.62,2.87,62.63,0.63,1.199301981,42.99,42.37
2023,4,8,4,0,0,0,0,0,0,0,0,-6.13,-10.01,-8.06,0,76.06,2.75,62.63,0.62,1.180265442,32.69,33.79
2023,4,8,5,0,0,0,0,0,0,0,0,-6.4,-10.53,-8.46,0,74.31,2.62,62.66,0.67,1.275448139,26.86,29.19
2023,4,8,6,0.22,0.27,0.54,23.25,28.52,2.86,0.01,0.05,-5.67,-9.96,-7.81,0,74.31,2.81,62.7,0.66,1.2564116,25.35,30.68
2023,4,8,7,1,1.17,1.64,114.38,134.23,14.69,0.16,0.77,-1.86,-10.08,-5.97,0,53.06,2.75,62.75,0.95,1.808471242,29.1,31.08
2023,4,8,8,1.7,2.07,2.65,201.12,240.42,27.21,0.54,2.67,1.83,-12.8,-5.48,0,32.69,2.26,62.8,1.75,3.331394393,252.05,251.77
2023,4,8,9,2.37,2.86,3.5,282.42,333.9,39.9,1.07,5.58,4.15,-13.67,-4.76,0,26.12,2.14,62.83,3.34,6.358204155,236.83,236.79
2023,4,8,10,3.07,3.43,4.12,366.05,401.02,52.19,1.65,8.4,5.58,-12.32,-3.37,0,26.06,2.32,62.84,4.01,7.633652294,228.95,228.87
2023,4,8,11,2.98,3.78,4.49,362.05,442.83,52.99,1.84,9.33,6.62,-10.56,-1.97,0,27.88,2.69,62.82,4.61,8.775844657,224.25,224.17
2023,4,8,12,2.77,3.69,4.57,336.15,428.12,47.67,1.66,8.38,7.04,-8.91,-0.94,0,30.94,3.11,62.8,5.2,9.899000481,221.59,221.52
2023,4,8,13,2.69,3.5,4.35,322.8,406.73,45.11,1.52,7.52,6.83,-7.52,-0.35,0,34.88,3.42,62.77,5.42,10.31780435,220.85,220.77
2023,4,8,14,2.23,3.03,3.86,268.67,352.5,37.45,1.11,5.85,6.1,-6.7,-0.3,0,38.94,3.66,62.74,5.08,9.670562009,220.2,220.19
2023,4,8,15,1.6,2.34,3.13,190.3,271.08,25.91,0.61,3.1,4.79,-6.49,-0.85,0,43.25,3.72,62.71,4.65,8.851990815,219.28,219.21
2023,4,8,16,0.99,1.51,2.2,115.17,173.02,15.05,0.23,1.15,3.45,-6.4,-1.47,0,47.88,3.72,62.7,4.09,7.785944609,218.95,218.95
2023,4,8,17,0.41,0.64,1.14,46.95,71.8,6.18,0.04,0.2,1.88,-6.28,-2.2,0,54.06,3.78,62.72,3.3,6.282057998,219.15,219.14
2023,4,8,18,0.05,0.04,0.15,3.98,4.83,0.56,0,0,-0.78,-5.76,-3.27,0,69.38,3.97,62.74,1.98,3.769234799,214.7,214.61
2023,4,8,19,0,0,0,0,0,0,0,0,-1.74,-6.3,-4.02,0,71.62,3.78,62.79,1.5,2.855480908,205.9,206.07
2023,4,8,20,0,0,0,0,0,0,0,0,-2.44,-6.5,-4.47,0,74.75,3.72,62.83,0.78,1.484850072,202.23,201.13
2023,4,8,21,0,0,0,0,0,0,0,0,-3.2,-6.66,-4.93,0,78.75,3.66,62.86,0.35,0.666278879,204.86,199.36
2023,4,8,22,0,0,0,0,0,0,0,0,-3.99,-6.88,-5.44,0,82.5,3.6,62.87,0.01,0.019036539,180,31.43
2023,4,8,23,0,0,0,0,0,0,0,0,-4.56,-7.36,-5.96,0,83.12,3.42,62.85,0.23,0.437840406,29.98,30.62
2023,4,9,0,0,0,0,0,0,0,0,0,-4.67,-7.92,-6.29,0,80.06,3.3,62.82,0.28,0.533023103,28.74,29.31
2023,4,9,1,0,0,0,0,0,0,0,0,-4.52,-8.29,-6.41,0,76.69,3.17,62.78,0.24,0.456876945,29.05,28.41
2023,4,9,2,0,0,0,0,0,0,0,0,-4.73,-8.65,-6.69,0,75.81,3.11,62.74,0.27,0.513986563,28.07,27.76
2023,4,9,3,0,0,0,0,0,0,0,0,-5.12,-9.02,-7.07,0,76.06,2.99,62.72,0.27,0.513986563,29.54,29.74
2023,4,9,4,0,0,0,0,0,0,0,0,-5.49,-9.34,-7.42,0,76.56,2.93,62.72,0.33,0.6282058,41.19,42.56
2023,4,9,5,0,0,0,0,0,0,0,0,-5.64,-9.55,-7.6,0,76.19,2.87,62.74,0.4,0.761461575,54.46,55.35
2023,4,9,6,0.24,0.24,0.56,25.8,26.5,3.12,0.01,0.05,-4.82,-8.93,-6.88,0,75.75,3.05,62.77,0.3,0.571096182,71.57,60.95
2023,4,9,7,0.97,1.04,1.66,108.75,118.67,12.91,0.12,0.62,-1.25,-9.56,-5.41,0,53.12,2.93,62.81,0.01,0.019036539,0,37.87
2023,4,9,8,1.84,1.9,2.66,213.62,221.6,27.07,0.49,2.42,1.94,-11.74,-4.91,0,34.44,2.38,62.84,2.13,4.054782889,235.9,235.78
2023,4,9,9,2.44,2.65,3.51,289.33,313.5,38.73,0.98,4.92,3.95,-11.42,-3.73,0,30.5,2.44,62.84,3.58,6.815081101,227.21,227.21
2023,4,9,10,2.99,3.3,4.13,358.5,388.83,50.15,1.54,7.9,5.27,-10.24,-2.49,0,30.69,2.69,62.83,4.67,8.890063894,224.25,224.29
2023,4,9,11,3.08,3.71,4.5,375.38,434.4,54.34,1.88,9.62,6.07,-9.11,-1.52,0,31.88,2.99,62.81,5.5,10.47009666,223.22,223.24
2023,4,9,12,3.18,3.63,4.57,384.27,423.35,53.55,1.82,9.52,6.27,-8.24,-0.98,0,33.75,3.17,62.78,5.82,11.07926592,222.5,222.6
2023,4,9,13,2.64,3.37,4.36,318.3,393.52,44,1.41,7.27,6.12,-7.75,-0.81,0,35.5,3.36,62.73,5.82,11.07926592,221.74,221.77
2023,4,9,14,2.16,2.83,3.87,255.8,328.58,34.35,0.97,4.92,5.68,-7.49,-0.91,0,37.5,3.42,62.67,5.6,10.66046206,220.87,221.01
2023,4,9,15,1.61,2.09,3.13,185.6,238.2,23.92,0.54,2.7,4.85,-7.32,-1.24,0,40.38,3.48,62.64,5.35,10.18454857,220.44,220.51
2023,4,9,16,1.03,1.35,2.2,116.65,152.6,14.73,0.22,1.1,3.5,-7.08,-1.79,0,45.31,3.54,62.61,4.77,9.080429288,219.75,219.78
2023,4,9,17,0.45,0.52,1.15,48.48,55.9,6.1,0.03,0.17,1.6,-6.79,-2.6,0,53.25,3.66,62.59,3.77,7.176775349,217.51,217.57
2023,4,9,18,0.05,0.04,0.16,3.98,4.6,0.55,0,0,-1.34,-6.1,-3.72,0,71.19,3.91,62.59,2.21,4.207075205,211.1,211.09
2023,4,9,19,0,0,0,0,0,0,0,0,-2.33,-6.13,-4.24,0,77,3.85,62.6,1.69,3.217175156,200.03,199.16
2023,4,9,20,0,0,0,0,0,0,0,0,-3.03,-6.17,-4.6,0,81.62,3.85,62.62,1.21,2.303421266,186.67,184.38
2023,4,9,21,0,0,0,0,0,0,0,0,-3.92,-6.27,-5.1,0,87.19,3.85,62.62,0.73,1.389667375,170.74,163.87
2023,4,9,22,0,0,0,0,0,0,0,0,-4.67,-6.54,-5.6,0,91.06,3.72,62.6,0.44,0.837607733,152.53,137.53
2023,4,9,23,0,0,0,0,0,0,0,0,-5.48,-6.77,-6.12,0,95.69,3.66,62.55,0.36,0.685315418,92.49,89.27
2023,4,10,0,0,0,0,0,0,0,0,0,-5.84,-7.24,-6.54,0,94.75,3.54,62.49,0.41,0.780498115,72.26,71.37
2023,4,10,1,0,0,0,0,0,0,0,0,-6.01,-8.07,-7.04,0,89.56,3.3,62.43,0.47,0.894717351,58.71,58.57
2023,4,10,2,0,0,0,0,0,0,0,0,-6.21,-8.95,-7.59,0,84.44,3.05,62.38,0.59,1.123155824,45.54,45.9
2023,4,10,3,0,0,0,0,0,0,0,0,-6.52,-9.81,-8.16,0,80.44,2.81,62.35,0.78,1.484850072,35.6,37.2
2023,4,10,4,0,0,0,0,0,0,0,0,-7.04,-10.58,-8.81,0,78.56,2.62,62.34,0.96,1.827507781,32.65,34.13
2023,4,10,5,0,0,0,0,0,0,0,0,-7.62,-11.18,-9.4,0,78.31,2.5,62.36,1.07,2.036909714,31.83,33.2
2023,4,10,6,0.27,0.27,0.58,28.2,28.85,3.35,0.01,0.05,-6.42,-10.77,-8.6,0,73.88,2.62,62.39,1.24,2.360530884,29.79,31.76
2023,4,10,7,1.03,1.13,1.67,115.38,128.88,13.95,0.13,0.65,-2.5,-10.91,-6.7,0,51.81,2.56,62.45,1.57,2.988736684,21.96,23.05
2023,4,10,8,1.84,2.03,2.68,214.6,237.35,28.49,0.52,2.58,1.7,-10.27,-4.28,0,39.31,2.69,62.51,1.8,3.42657709,278.73,278.34
2023,4,10,9,2.54,2.82,3.52,302.73,331.98,42.2,1.06,5.33,4,-10.01,-3,0,34.31,2.81,62.56,2.99,5.691925277,249.34,249.06
2023,4,10,10,3.07,3.41,4.14,369.67,402.15,53.12,1.61,8.17,5.56,-9.56,-2,0,32.19,2.93,62.58,3.73,7.100629191,238.01,237.73
2023,4,10,11,3.22,3.76,4.51,393.42,443.17,57.55,1.91,9.83,6.68,-8.74,-1.03,0,32,3.11,62.57,4.38,8.338004252,232.54,232.33
2023,4,10,12,2.98,3.72,4.58,361.12,435.7,52.04,1.73,8.92,7.2,-8.08,-0.44,0,32.81,3.3,62.55,5.17,9.841890863,229.72,229.56
2023,4,10,13,2.86,3.51,4.37,342.77,410.92,48.83,1.54,7.88,6.98,-7.16,-0.09,0,35.81,3.6,62.51,5.63,10.71757167,229.05,228.94
2023,4,10,14,2.49,3.04,3.87,298.3,355.02,41.66,1.16,5.92,6.05,-6.23,-0.09,0,40.94,3.85,62.47,5.7,10.85082745,229.39,229.36
2023,4,10,15,1.92,2.37,3.14,225.7,275.83,30.57,0.67,3.33,4.69,-5.65,-0.48,0,46.94,3.97,62.47,5.62,10.69853514,231.78,231.83
2023,4,10,16,1.22,1.55,2.21,141.15,179.35,18.19,0.27,1.3,3.25,-5.6,-1.17,0,52,4.03,62.48,4.95,9.423086997,234.3,234.45
2023,4,10,17,0.62,0.68,1.15,68.12,76.42,8.23,0.05,0.23,1.57,-5.57,-2,0,58.75,4.03,62.5,3.78,7.195811888,234.67,234.77
2023,4,10,18,0.06,0.05,0.16,4.92,5.27,0.67,0,0,-0.62,-5.15,-2.88,0,71.88,4.15,62.52,2.11,4.016709811,230.25,230.96
2023,4,10,19,0,0,0,0,0,0,0,0,-1.39,-5.51,-3.45,0,74.31,4.03,62.55,1.29,2.455713581,230.15,230.43
2023,4,10,20,0,0,0,0,0,0,0,0,-2.3,-5.66,-3.98,0,79.31,3.97,62.58,0.58,1.104119284,249.35,257.11
2023,4,10,21,0,0,0,0,0,0,0,0,-3.03,-5.81,-4.42,0,83.25,3.97,62.6,0.16,0.30458463,281.31,343.81
2023,4,10,22,0,0,0,0,0,0,0,0,-3.63,-5.98,-4.81,0,86.44,3.91,62.6,0.24,0.456876945,42.4,41.63
2023,4,10,23,0,0,0,0,0,0,0,0,-4.18,-6.1,-5.14,0,89.62,3.85,62.59,0.28,0.533023103,42.71,43.53
2023,4,11,0,0,0,0,0,0,0,0,0,-4.31,-6.42,-5.37,0,88.38,3.72,62.58,0.2,0.380730788,45,47.29
2023,4,11,1,0,0,0,0,0,0,0,0,-4.58,-6.88,-5.73,0,87,3.6,62.57,0.15,0.285548091,25.2,23.5
2023,4,11,2,0,0,0,0,0,0,0,0,-4.98,-7.17,-6.08,0,88,3.54,62.54,0.25,0.475913485,14.47,11.07
2023,4,11,3,0,0,0,0,0,0,0,0,-5.35,-7.39,-6.38,0,89.31,3.48,62.51,0.37,0.704351957,6.07,3.87
2023,4,11,4,0,0,0,0,0,0,0,0,-5.78,-8.01,-6.89,0,88.06,3.3,62.5,0.51,0.970863509,11.48,11.99
2023,4,11,5,0,0,0,0,0,0,0,0,-6.19,-8.84,-7.51,0,84.88,3.05,62.51,0.67,1.275448139,18.43,21.04
2023,4,11,6,0.31,0.32,0.6,33.17,34.98,3.78,0.01,0.05,-5.22,-8.7,-6.96,0,79.62,3.11,62.52,0.74,1.408703915,18.43,24.47
2023,4,11,7,1.14,1.22,1.69,130.23,141.17,15.81,0.16,0.8,-1.31,-9.42,-5.37,0,54.06,2.93,62.55,1.2,2.284384726,17.02,19.33
2023,4,11,8,2.05,2.12,2.69,239.4,247.9,31.95,0.62,3.05,2.45,-11.84,-4.7,0,34.25,2.5,62.58,1.69,3.217175156,270.53,270.44
2023,4,11,9,2.75,2.9,3.53,325.3,339.5,45.66,1.21,6.1,4.97,-12.62,-3.83,0,26.81,2.32,62.61,3.06,5.825181052,248.14,247.98
2023,4,11,10,3.35,3.49,4.15,398.33,407.75,57.16,1.8,9.25,6.56,-11.9,-2.67,0,25.12,2.44,62.62,3.85,7.329067664,239.12,238.83
2023,4,11,11,3.43,3.83,4.51,414.25,446.83,60.64,2.09,10.85,7.65,-10.77,-1.56,0,25.56,2.69,62.62,4.41,8.39511387,234.82,234.54
2023,4,11,12,3.15,3.7,4.59,374.27,425.58,52.8,1.79,9.33,8.15,-9.71,-0.78,0,27,2.93,62.58,4.85,9.232721603,233.26,232.97
2023,4,11,13,2.94,3.46,4.37,346.92,399.83,48.38,1.55,8,8.12,-8.63,-0.26,0,29.5,3.17,62.55,4.97,9.461160075,232.09,231.84
2023,4,11,14,2.44,2.94,3.88,286.83,337.48,38.88,1.1,5.62,7.69,-7.86,-0.09,0,32.06,3.36,62.51,4.85,9.232721603,231.28,231.05
2023,4,11,15,1.81,2.22,3.15,207.25,250.7,26.96,0.61,3.02,6.83,-7.28,-0.23,0,35.5,3.48,62.49,4.69,8.928136973,229.6,229.42
2023,4,11,16,1.08,1.39,2.22,120.6,153.67,15.09,0.23,1.12,5.34,-6.71,-0.68,0,41,3.66,62.49,4.41,8.39511387,226.08,226.02
2023,4,11,17,0.51,0.62,1.16,54.6,67.2,6.8,0.04,0.2,3.03,-6.19,-1.58,0,50.12,3.78,62.52,3.68,7.005446494,222.42,222.41
2023,4,11,18,0.05,0.05,0.17,4.15,5,0.58,0,0,0.52,-5.06,-2.27,0,66,4.15,62.56,2.19,4.169002126,214.99,214.84
2023,4,11,19,0,0,0,0,0,0,0,0,-0.48,-5.33,-2.9,0,69.62,4.09,62.6,1.5,2.855480908,206.97,205.67
2023,4,11,20,0,0,0,0,0,0,0,0,-1,-5.83,-3.42,0,69.81,3.91,62.64,0.85,1.618105848,198.1,192.99
2023,4,11,21,0,0,0,0,0,0,0,0,-1.46,-5.96,-3.71,0,71.81,3.85,62.66,0.35,0.666278879,200.85,173.83
2023,4,11,22,0,0,0,0,0,0,0,0,-1.92,-6.35,-4.13,0,72.31,3.72,62.64,0.1,0.190365394,247.38,33.69
2023,4,11,23,0,0,0,0,0,0,0,0,-2.38,-6.58,-4.48,0,73.62,3.66,62.62,0.16,0.30458463,334.65,8.47
2023,4,12,0,0,0,0,0,0,0,0,0,-3.08,-6.79,-4.93,0,76.75,3.6,62.58,0.41,0.780498115,2.16,3.33
2023,4,12,1,0,0,0,0,0,0,0,0,-3.63,-7.03,-5.33,0,78.75,3.54,62.54,0.56,1.066046206,4.03,1.99
2023,4,12,2,0,0,0,0,0,0,0,0,-3.85,-7.31,-5.57,0,78.44,3.48,62.5,0.63,1.199301981,359.29,358.69
2023,4,12,3,0,0,0,0,0,0,0,0,-3.95,-7.55,-5.75,0,77.56,3.42,62.47,0.69,1.313521218,355.45,355.17
2023,4,12,4,0,0,0,0,0,0,0,0,-4.03,-7.74,-5.88,0,76.88,3.36,62.46,0.75,1.427740454,354.64,355.89
2023,4,12,5,0,0,0,0,0,0,0,0,-4.14,-7.92,-6.02,0,76.44,3.3,62.48,0.78,1.484850072,353.09,354.64
2023,4,12,6,0.29,0.31,0.61,31.95,33.67,3.76,0.01,0.05,-3.26,-7.52,-5.39,0,73.62,3.42,62.53,0.68,1.294484678,352.06,354.74
2023,4,12,7,1.1,1.18,1.71,125.73,138.02,15.27,0.16,0.77,0.65,-7.73,-3.53,0,52.88,3.36,62.59,0.93,1.770398163,308.88,313.63
2023,4,12,8,1.91,2.07,2.71,225.52,245.67,30.23,0.58,2.85,3.88,-9.62,-2.87,0,36.38,2.93,62.64,2.6,4.949500241,255.76,255.73
2023,4,12,9,2.6,2.84,3.55,313.25,337.48,43.81,1.14,5.83,5.84,-10.1,-2.13,0,30.44,2.81,62.68,3.78,7.195811888,243.86,243.94
2023,4,12,10,3.14,3.41,4.17,381.92,405.45,54.65,1.69,8.6,7.26,-9.61,-1.18,0,28.62,2.93,62.69,4.55,8.661625421,238.9,238.9
2023,4,12,11,3.39,3.74,4.52,415.48,444.3,60.22,2.02,10.5,8.15,-8.49,-0.17,0,29.44,3.17,62.68,5.18,9.860927403,235.76,235.73
2023,4,12,12,3.21,3.58,4.6,385.42,418.38,53.38,1.76,9.15,8.41,-7.27,0.58,0,31.88,3.48,62.65,5.63,10.71757167,233.64,233.64
2023,4,12,13,3.16,3.36,4.38,373.73,392.4,51.06,1.59,8.23,8.22,-6.31,0.96,0,34.81,3.78,62.63,5.59,10.64142552,232.73,232.8
2023,4,12,14,2.54,2.82,3.89,298.45,326.3,39.37,1.08,5.5,7.82,-5.65,1.08,0,37.69,3.97,62.59,5.25,9.994183178,231.77,231.85
2023,4,12,15,1.92,2.14,3.15,220.23,245.2,28.06,0.61,3.02,7.1,-5.28,0.91,0,40.69,4.09,62.57,4.89,9.30886776,229.67,229.78
2023,4,12,16,1.19,1.35,2.23,133.4,151.3,16.23,0.23,1.15,5.95,-5.02,0.47,0,44.94,4.15,62.56,4.33,8.242821555,228.29,228.31
2023,4,12,17,0.55,0.56,1.17,58.3,60.88,7.16,0.04,0.2,4.11,-4.67,-0.28,0,52.5,4.27,62.57,3.36,6.396277234,227.07,227.13
2023,4,12,18,0.05,0.04,0.17,4.48,4.8,0.6,0,0,1.41,-3.97,-1.27,0,67.5,4.58,62.58,1.79,3.40754055,218.42,218.66
2023,4,12,19,0,0,0,0,0,0,0,0,0.34,-4.2,-1.93,0,71.56,4.46,62.61,0.88,1.675215466,202.93,202.1
2023,4,12,20,0,0,0,0,0,0,0,0,-0.67,-4.38,-2.52,0,76.31,4.39,62.65,0.33,0.6282058,200.56,185.36
2023,4,12,21,0,0,0,0,0,0,0,0,-1.23,-4.77,-3,0,77.38,4.27,62.67,0.16,0.30458463,240.95,338.96
2023,4,12,22,0,0,0,0,0,0,0,0,-1.43,-5.31,-3.38,0,75.44,4.09,62.68,0.17,0.32362117,248.2,309.29
2023,4,12,23,0,0,0,0,0,0,0,0,-1.71,-5.95,-3.83,0,73.31,3.85,62.67,0.15,0.285548091,218.66,213.69
2023,4,13,0,0,0,0,0,0,0,0,0,-2.17,-6.39,-4.28,0,73.31,3.72,62.65,0.05,0.095182697,108.43,85.6
2023,4,13,1,0,0,0,0,0,0,0,0,-2.72,-6.63,-4.67,0,75.38,3.66,62.63,0.08,0.152292315,48.81,50.71
2023,4,13,2,0,0,0,0,0,0,0,0,-3.14,-6.87,-5.01,0,76.56,3.6,62.59,0.19,0.361694248,38.29,38.93
2023,4,13,3,0,0,0,0,0,0,0,0,-3.42,-7.22,-5.32,0,76.19,3.48,62.56,0.3,0.571096182,29.93,28.95
2023,4,13,4,0,0,0,0,0,0,0,0,-3.69,-7.57,-5.63,0,75.75,3.42,62.54,0.48,0.913753891,23.2,22.48
2023,4,13,5,0,0,0,0,0,0,0,0,-4.25,-7.98,-6.12,0,76.88,3.3,62.53,0.72,1.370630836,22.38,24.11
2023,4,13,6,0.27,0.29,0.63,29.67,31.12,3.65,0.01,0.05,-3.8,-7.84,-5.82,0,75.44,3.36,62.56,0.88,1.675215466,21.99,26.94
2023,4,13,7,1.09,1.12,1.72,122.65,128.67,14.77,0.15,0.75,-0.14,-8.14,-4.14,0,54.19,3.23,62.59,1.42,2.703188593,19.23,21.07
2023,4,13,8,1.93,2,2.72,224.75,234.67,29.37,0.55,2.73,3.43,-9.87,-3.22,0,36.88,2.87,62.62,1.37,2.608005896,291.74,291.39
2023,4,13,9,2.65,2.76,3.56,315.35,326.45,43.12,1.11,5.58,6.22,-10.83,-2.31,0,28.75,2.75,62.64,2.94,5.59674258,249.98,249.88
2023,4,13,10,3.15,3.33,4.18,379.75,393.85,53.32,1.62,8.33,7.85,-10.02,-1.09,0,27.5,2.93,62.65,3.94,7.500396519,238.39,238.28
2023,4,13,11,3.29,3.6,4.53,397.5,423.42,56.05,1.84,9.6,8.83,-8.71,0.06,0,28.56,3.23,62.63,4.59,8.737771579,232.6,232.54
2023,4,13,12,2.93,3.31,4.6,342.38,376.95,44.62,1.42,7.4,9.21,-7.49,0.86,0,30.69,3.54,62.6,5.05,9.613452391,229.33,229.29
2023,4,13,13,2.73,3.27,4.39,324.33,378.88,43.9,1.37,7,9.01,-6.27,1.37,0,33.94,3.91,62.55,5.24,9.975146639,227.3,227.28
2023,4,13,14,2.33,2.8,3.89,274.4,322.83,36.39,1.01,5.12,8.44,-5.4,1.52,0,37.25,4.09,62.51,5.24,9.975146639,225.36,225.39
2023,4,13,15,1.74,2.12,3.16,200.83,241.77,25.68,0.57,2.83,7.33,-4.75,1.3,0,41.94,4.27,62.51,5.22,9.93707356,222.27,222.3
2023,4,13,16,1.02,1.31,2.23,115.05,146.9,14.29,0.22,1.05,5.74,-4.21,0.76,0,48.62,4.46,62.53,4.8,9.137538906,219.45,219.47
2023,4,13,17,0.48,0.54,1.18,51.8,58.2,6.49,0.04,0.2,3.65,-3.85,-0.1,0,57.81,4.58,62.57,3.84,7.310031125,216.05,216.11
2023,4,13,18,0.05,0.04,0.18,3.9,4.67,0.54,0,0,1.2,-3.19,-0.99,0,72.88,4.82,62.63,2.25,4.283221362,210.66,210.1
2023,4,13,19,0,0,0,0,0,0,0,0,0.21,-3.49,-1.64,0,76.31,4.7,62.68,1.49,2.836444369,199.29,197.65
2023,4,13,20,0,0,0,0,0,0,0,0,-0.63,-3.74,-2.18,0,80.19,4.64,62.72,0.91,1.732325084,190.92,184.83
2023,4,13,21,0,0,0,0,0,0,0,0,-1.31,-3.95,-2.63,0,83.5,4.58,62.74,0.46,0.875680812,196.89,178.85
2023,4,13,22,0,0,0,0,0,0,0,0,-1.68,-4.16,-2.92,0,84.69,4.46,62.74,0.26,0.494950024,214.16,198.43
2023,4,13,23,0,0,0,0,0,0,0,0,-2.13,-4.53,-3.34,0,85.44,4.33,62.72,0.25,0.475913485,255.53,316.33
2023,4,14,0,0,0,0,0,0,0,0,0,-2.37,-5.17,-3.77,0,82.75,4.15,62.67,0.25,0.475913485,278.88,331.19
2023,4,14,1,0,0,0,0,0,0,0,0,-2.33,-5.99,-4.16,0,77.12,3.85,62.64,0.22,0.418803867,294.78,333.43
2023,4,14,2,0,0,0,0,0,0,0,0,-2.57,-6.67,-4.63,0,74.38,3.66,62.63,0.16,0.30458463,333.43,343.14
2023,4,14,3,0,0,0,0,0,0,0,0,-2.91,-7.1,-5.01,0,73.69,3.54,62.62,0.17,0.32362117,349.22,343.3
2023,4,14,4,0,0,0,0,0,0,0,0,-3.52,-7.38,-5.45,0,75.81,3.42,62.62,0.39,0.742425036,14.04,11.74
2023,4,14,5,0,0,0,0,0,0,0,0,-4.1,-7.65,-5.88,0,77.88,3.36,62.64,0.58,1.104119284,18.19,19.56
2023,4,14,6,0.25,0.29,0.65,29.15,31.02,3.8,0.02,0.05,-3.3,-7.29,-5.29,0,75.31,3.48,62.67,0.53,1.008936588,11.8,20.6
2023,4,14,7,1.01,1.11,1.74,114.4,127.55,13.91,0.14,0.67,0.51,-7.2,-3.34,0,55.88,3.54,62.71,0.8,1.522923151,355.52,1.25
2023,4,14,8,1.85,1.99,2.74,217.08,234.65,28.46,0.52,2.58,3.98,-9.44,-2.73,0,37.62,3.05,62.73,1.78,3.388504011,265.97,266.02
2023,4,14,9,2.53,2.76,3.57,302.65,327.73,41.55,1.05,5.35,6.47,-10.24,-1.89,0,30.06,2.87,62.75,3.03,5.768071434,246.08,246.03
2023,4,14,10,3.13,3.25,4.18,384.35,393.95,52.88,1.52,7.7,8.33,-9.64,-0.66,0,27.62,2.99,62.77,3.95,7.519433058,235.65,235.52
2023,4,14,11,3.06,3.63,4.54,380.58,435.98,54.17,1.77,8.77,9.47,-8.27,0.6,0,28.38,3.36,62.75,4.73,9.00428313,229.62,229.51
2023,4,14,12,2.75,3.46,4.61,334.58,404.88,44.94,1.46,7.25,9.85,-6.79,1.53,0,31,3.72,62.73,5.26,10.01321972,226.44,226.35
2023,4,14,13,2.56,3.21,4.39,307.62,376.35,40.94,1.24,6.23,9.69,-5.33,2.18,0,34.75,4.15,62.7,5.27,10.03225626,225.9,225.82
2023,4,14,14,2.32,2.76,3.9,278.83,324.83,36.22,0.98,5.05,9.14,-4.24,2.45,0,38.88,4.52,62.67,4.91,9.346940839,224.87,224.79
2023,4,14,15,1.72,2.11,3.16,203.55,246.4,26.27,0.57,2.85,8.12,-3.7,2.21,0,43.19,4.64,62.64,4.38,8.338004252,225.29,225.29
2023,4,14,16,1.04,1.32,2.24,121.02,152.1,15.51,0.23,1.1,6.76,-3.49,1.64,0,48.06,4.7,62.63,3.76,7.15773881,227.36,227.36
2023,4,14,17,0.44,0.54,1.19,49.7,59.67,6.31,0.03,0.17,4.98,-3.35,0.81,0,54.88,4.76,62.63,2.75,5.235048331,228.57,228.5
2023,4,14,18,0.05,0.04,0.18,4.42,4.92,0.59,0,0,2.75,-2.52,0.12,0,68.88,5.13,62.65,1.32,2.512823199,225.24,225.16
2023,4,14,19,0,0,0,0,0,0,0,0,2.05,-2.92,-0.43,0,69.81,4.94,62.68,0.85,1.618105848,220.54,221.04
2023,4,14,20,0,0,0,0,0,0,0,0,1.38,-2.96,-0.79,0,73,4.88,62.7,0.07,0.133255776,315,19.8
2023,4,14,21,0,0,0,0,0,0,0,0,0.82,-3.29,-1.24,0,74.06,4.76,62.72,0.63,1.199301981,38,41.02
2023,4,14,22,0,0,0,0,0,0,0,0,0.24,-3.46,-1.61,0,76.19,4.7,62.71,0.87,1.656178927,51.18,51.53
2023,4,14,23,0,0,0,0,0,0,0,0,0.16,-3.71,-1.77,0,75.12,4.64,62.7,0.89,1.694252005,61.19,60.92
2023,4,15,0,0,0,0,0,0,0,0,0,0.23,-3.87,-1.81,0,73.81,4.58,62.72,0.76,1.446776993,71.38,71.44
2023,4,15,1,0,0,0,0,0,0,0,0,0.02,-4.02,-1.99,0,74.06,4.52,62.7,0.71,1.351594296,77.33,76.36
2023,4,15,2,0,0,0,0,0,0,0,0,-0.33,-4.24,-2.28,0,74.88,4.46,62.68,0.8,1.522923151,75.83,72.51
2023,4,15,3,0,0,0,0,0,0,0,0,-0.69,-4.45,-2.57,0,75.94,4.33,62.66,0.7,1.332557757,64.29,62.51
2023,4,15,4,0,0,0,0,0,0,0,0,-0.84,-4.63,-2.74,0,75.69,4.27,62.68,0.48,0.913753891,65.94,63.17
2023,4,15,5,0,0,0,0,0,0,0,0,-0.99,-4.8,-2.89,0,75.62,4.21,62.72,0.37,0.704351957,51.91,50.87
2023,4,15,6,0.22,0.26,0.67,25.6,28.5,3.3,0.01,0.05,-0.18,-4.84,-2.51,0,70.56,4.21,62.77,0.22,0.418803867,53.53,47.23
2023,4,15,7,0.83,1.03,1.76,94.9,116.58,12.05,0.11,0.55,3.02,-5.12,-1.05,0,55.12,4.15,62.82,0.67,1.275448139,215.93,216.75
2023,4,15,8,1.61,1.93,2.75,190.8,225.58,25.34,0.45,2.23,5.7,-8.42,-1.36,0,34.81,3.17,62.86,2.34,4.454550217,220.12,220.14
2023,4,15,9,2.12,2.71,3.58,255.8,320.73,35.93,0.86,4.38,7.53,-9.6,-1.03,0,27.69,2.87,62.88,3.66,6.967373416,215.69,215.63
2023,4,15,10,2.87,3.29,4.19,347.27,390.55,48.8,1.4,7.08,8.91,-9.06,-0.07,0,26.5,2.99,62.89,4.61,8.775844657,213.66,213.71
2023,4,15,11,3,3.63,4.55,369.42,431.48,52.54,1.64,8.05,9.66,-7.88,0.89,0,27.81,3.3,62.87,5.31,10.10840241,214.63,214.67
2023,4,15,12,2.67,3.41,4.62,320.73,396.98,42.41,1.3,6.4,9.87,-6.63,1.62,0,30.31,3.66,62.84,5.72,10.88890053,216.56,216.66
2023,4,15,13,2.55,3.22,4.4,306.23,375.65,40.69,1.19,5.95,9.69,-5.61,2.04,0,33.25,3.97,62.79,5.81,11.06022938,217.9,218
2023,4,15,14,2.06,2.78,3.9,246.15,323.73,32.94,0.84,4.33,9.19,-5.14,2.02,0,35.75,4.15,62.75,5.69,10.83179091,218.48,218.51
2023,4,15,15,1.62,2.13,3.17,190.45,245.3,25.02,0.51,2.55,8.29,-4.79,1.75,0,39.12,4.27,62.72,5.56,10.5843159,218.56,218.65
2023,4,15,16,1.06,1.35,2.25,121.52,153.88,15.49,0.2,1,6.8,-4.38,1.21,0,44.75,4.39,62.72,5.12,9.746708166,218.18,218.34
2023,4,15,17,0.44,0.56,1.19,48.5,61.75,6.18,0.03,0.15,4.98,-3.92,0.53,0,52.62,4.58,62.73,4.2,7.995346543,218.36,218.52
2023,4,15,18,0.05,0.05,0.19,4.08,5.15,0.58,0,0,2.77,-2.75,0.01,0,67.81,5,62.76,2.65,5.044682938,216.5,216.92
2023,4,15,19,0,0,0,0,0,0,0,0,2.08,-2.21,-0.07,0,74.25,5.25,62.8,1.95,3.71212518,211.91,212.37
2023,4,15,20,0,0,0,0,0,0,0,0,1.93,-2.19,-0.13,0,75.31,5.25,62.81,1.43,2.722225132,209.36,208.61
2023,4,15,21,0,0,0,0,0,0,0,0,1.53,-2.42,-0.45,0,76.06,5.19,62.81,0.93,1.770398163,213.02,212.44
2023,4,15,22,0,0,0,0,0,0,0,0,1.16,-2.51,-0.67,0,77.69,5.13,62.8,0.8,1.522923151,214.31,213.84
2023,4,15,23,0,0,0,0,0,0,0,0,0.77,-2.74,-0.99,0,78.69,5.07,62.77,0.82,1.56099623,219.95,221.95
2023,4,16,0,0,0,0,0,0,0,0,0,0.48,-3.4,-1.45,0,76.75,4.82,62.74,0.89,1.694252005,230,236.04
2023,4,16,1,0,0,0,0,0,0,0,0,0.42,-4.44,-2.01,0,71.19,4.46,62.7,0.94,1.789434702,237.89,244.2
2023,4,16,2,0,0,0,0,0,0,0,0,0.29,-5.41,-2.56,0,66.88,4.15,62.67,0.85,1.618105848,236.31,242.1
2023,4,16,3,0,0,0,0,0,0,0,0,-0.11,-6.55,-3.33,0,63.31,3.85,62.63,0.73,1.389667375,233.25,238.93
2023,4,16,4,0,0,0,0,0,0,0,0,-0.5,-7.98,-4.24,0,57.88,3.36,62.61,0.4,0.761461575,225,227.56
2023,4,16,5,0,0,0,0,0,0,0,0,-1.21,-9.14,-5.17,0,54.94,3.05,62.61,0.14,0.266511551,132.71,101.31
2023,4,16,6,0.24,0.33,0.69,27.38,36,3.55,0.02,0.05,-0.55,-9.6,-5.08,0,50.38,2.93,62.63,0.3,0.571096182,156.8,121.76
2023,4,16,7,0.86,1.17,1.77,99.73,136.25,13.22,0.16,0.8,2.75,-11.72,-4.49,0,33.94,2.5,62.66,1.08,2.055946254,220.02,219.58
2023,4,16,8,1.49,2.04,2.76,178.55,240.7,24.57,0.52,2.58,5.26,-13.78,-4.26,0,23.06,2.01,62.68,2.63,5.006609859,229.45,229.49
2023,4,16,9,2.13,2.82,3.59,258.6,335.52,37.36,1.05,5.58,7.09,-12.9,-2.91,0,21.69,2.2,62.7,3.76,7.15773881,226.18,226.16
2023,4,16,10,2.62,3.36,4.2,321.45,401.23,46.7,1.54,7.73,8.44,-11.18,-1.38,0,23.06,2.5,62.7,4.6,8.756808118,223.28,223.23
2023,4,16,11,2.91,3.7,4.56,362.5,442.52,53.15,1.9,9.52,9.28,-9.24,0.02,0,25.88,2.99,62.67,5.29,10.07032934,221.35,221.28
2023,4,16,12,2.44,3.41,4.62,298.42,398.42,40.08,1.38,7.15,9.62,-6.96,1.33,0,30.5,3.66,62.63,5.71,10.86986399,220.29,220.28
2023,4,16,13,2.36,3.19,4.4,284.83,370.08,37.98,1.23,6.38,9.44,-4.98,2.23,0,35.94,4.21,62.58,5.91,11.25059478,220.45,220.42
2023,4,16,14,2.16,2.7,3.91,254.33,310.62,33.1,0.97,5,8.76,-3.77,2.49,0,41.19,4.64,62.54,5.85,11.13637554,220.34,220.39
2023,4,16,15,1.48,1.91,3.17,168.2,213.3,20.49,0.47,2.38,7.66,-3.3,2.18,0,46.06,4.82,62.51,5.66,10.77468129,219.96,219.95
2023,4,16,16,0.96,1.17,2.25,105.12,127.25,12.55,0.2,0.98,6.07,-2.96,1.55,0,52.81,4.94,62.5,5.03,9.575379312,219.45,219.49
2023,4,16,17,0.46,0.51,1.2,50.25,54.92,6.24,0.04,0.2,4.16,-2.64,0.76,0,61.88,5.07,62.5,3.94,7.500396519,219.37,219.36
2023,4,16,18,0.06,0.05,0.19,4.75,5.02,0.64,0,0,1.84,-2,-0.08,0,76.75,5.37,62.51,2.25,4.283221362,216.83,216.59
2023,4,16,19,0,0,0,0,0,0,0,0,0.9,-1.62,-0.36,0,84.31,5.49,62.53,1.55,2.950663605,209.03,208.27
2023,4,16,20,0,0,0,0,0,0,0,0,0.73,-1.56,-0.42,0,85.62,5.49,62.54,1.37,2.608005896,207.44,206.46
2023,4,16,21,0,0,0,0,0,0,0,0,0.56,-1.56,-0.5,0,86.69,5.49,62.54,1.06,2.017873175,205.43,203.67
2023,4,16,22,0,0,0,0,0,0,0,0,0.24,-1.63,-0.7,0,88.31,5.49,62.53,0.74,1.408703915,202.48,198.28
2023,4,16,23,0,0,0,0,0,0,0,0,-0.24,-1.77,-1,0,90.75,5.43,62.5,0.41,0.780498115,207.05,193.5
2023,4,17,0,0,0,0,0,0,0,0,0,-0.77,-2,-1.39,0,93.31,5.37,62.46,0.19,0.361694248,226.64,180
2023,4,17,1,0,0,0,0,0,0,0,0,-1.31,-2.56,-1.93,0,93.31,5.13,62.42,0.17,0.32362117,297.76,2.73
2023,4,17,2,0,0,0,0,0,0,0,0,-1.68,-3.09,-2.38,0,92.38,4.88,62.39,0.35,0.666278879,328.82,356.51
2023,4,17,3,0,0,0,0,0,0,0,0,-2.07,-3.61,-2.84,0,91.56,4.7,62.38,0.51,0.970863509,352.12,0
2023,4,17,4,0,0,0,0,0,0,0,0,-2.35,-4.1,-3.23,0,90.12,4.52,62.39,0.6,1.142192363,357.77,359.12
2023,4,17,5,0,0,0,0,0,0,0,0,-2.44,-4.59,-3.52,0,87.31,4.33,62.43,0.65,1.23737506,0.69,1.67
2023,4,17,6,0.31,0.32,0.71,33.42,34.55,4.14,0.02,0.08,-1.45,-4.75,-3.1,0,79.38,4.27,62.47,0.64,1.218338521,352.27,0.82
2023,4,17,7,1.08,1.14,1.79,121.62,130.5,14.62,0.16,0.8,2.05,-4.91,-1.43,0,60.12,4.27,62.52,1.03,1.960763557,331.88,335.03
2023,4,17,8,1.9,2.02,2.78,221.92,237.77,28.98,0.57,2.85,5.02,-5.45,-0.22,0,46.81,4.09,62.57,1.8,3.42657709,272.24,271.87
2023,4,17,9,2.65,2.8,3.6,316.48,331.35,43.3,1.16,5.83,7.19,-5.37,0.9,0,40.75,4.09,62.6,2.8,5.330231028,245.44,245.06
2023,4,17,10,3.11,3.37,4.21,377.85,401.12,53.3,1.69,8.7,8.77,-4.82,1.98,0,38.19,4.27,62.61,3.64,6.929300337,234.16,234.06
2023,4,17,11,3.32,3.71,4.56,407.83,441.8,58.69,2.02,10.62,9.94,-4.1,2.91,0,37.38,4.58,62.6,4.54,8.642588882,229.18,229.16
2023,4,17,12,3.06,3.56,4.63,372.33,418.58,51.57,1.75,9.2,10.3,-3.3,3.5,0,38.75,4.82,62.58,5.21,9.918037021,227.25,227.29
2023,4,17,13,2.97,3.35,4.41,357.75,393.7,49.11,1.59,8.23,9.96,-2.69,3.64,0,41.38,5.07,62.57,5.46,10.39395051,227.2,227.27
2023,4,17,14,2.53,2.88,3.91,301.75,337.77,40.58,1.17,6,9.17,-2.47,3.35,0,44.19,5.13,62.56,5.31,10.10840241,227.98,228.1
2023,4,17,15,1.94,2.21,3.18,228.85,258.05,29.88,0.69,3.45,8.45,-2.55,2.95,0,46,5.07,62.56,4.84,9.213685063,227.81,227.88
2023,4,17,16,1.14,1.4,2.26,131.23,162.02,16.41,0.26,1.25,7.21,-2.71,2.25,0,49.5,5,62.57,4.19,7.976310003,226.43,226.5
2023,4,17,17,0.59,0.6,1.21,65.1,67.45,8.03,0.05,0.25,5.45,-2.74,1.36,0,55.69,5,62.6,3.39,6.453386852,224.35,224.42
2023,4,17,18,0.05,0.05,0.2,4.52,5.9,0.63,0,0,3.03,-1.92,0.55,0,70.38,5.31,62.65,1.9,3.616942484,219.65,220.12
2023,4,17,19,0,0,0,0,0,0,0,0,2.06,-2.2,-0.07,0,73.69,5.19,62.71,1.31,2.49378666,217.01,217.6
2023,4,17,20,0,0,0,0,0,0,0,0,1.86,-2.48,-0.31,0,73.19,5.07,62.77,0.83,1.580032769,213.84,213.69
2023,4,17,21,0,0,0,0,0,0,0,0,1.08,-2.57,-0.74,0,77,5.07,62.8,0.32,0.60916926,202.83,199.18
2023,4,17,22,0,0,0,0,0,0,0,0,0.36,-2.73,-1.19,0,80.12,5,62.81,0.09,0.171328854,190.3,104.04
2023,4,17,23,0,0,0,0,0,0,0,0,-0.24,-2.92,-1.58,0,82.56,4.94,62.79,0.04,0.076146158,323.13,23.96
2023,4,18,0,0,0,0,0,0,0,0,0,-0.74,-3.16,-1.95,0,84.62,4.82,62.75,0.19,0.361694248,333.43,7.85
2023,4,18,1,0,0,0,0,0,0,0,0,-1.2,-3.41,-2.31,0,86.25,4.76,62.7,0.4,0.761461575,350.91,7.89
2023,4,18,2,0,0,0,0,0,0,0,0,-1.48,-3.68,-2.58,0,86.44,4.64,62.66,0.62,1.180265442,359.27,9.59
2023,4,18,3,0,0,0,0,0,0,0,0,-1.6,-4.03,-2.81,0,84.88,4.52,62.63,0.85,1.618105848,2.1,9.36
2023,4,18,4,0,0,0,0,0,0,0,0,-1.56,-4.54,-3.05,0,81.25,4.33,62.63,1,1.903653939,5.36,11.58
2023,4,18,5,0,0,0,0,0,0,0,0,-1.37,-5.1,-3.24,0,76.31,4.15,62.65,1,1.903653939,9.9,13.9
2023,4,18,6,0.34,0.35,0.73,37.35,39.05,4.45,0.02,0.08,-0.17,-5.17,-2.67,0,68.88,4.15,62.69,0.84,1.599069309,3.21,9.74
2023,4,18,7,1.08,1.2,1.8,123.35,138.73,14.97,0.17,0.85,3.25,-5.06,-0.91,0,54.56,4.21,62.74,0.86,1.637142387,305.42,309.47
2023,4,18,8,1.87,2.08,2.79,220.02,245.12,28.95,0.59,2.95,6.08,-6.59,-0.25,0,40.94,3.85,62.78,2.69,5.120829095,253.3,253.24
2023,4,18,9,2.59,2.84,3.61,311.2,336.75,42.72,1.17,6.02,7.9,-6.25,0.82,0,37.69,3.97,62.81,3.75,7.13870227,239.96,239.87
2023,4,18,10,3.06,3.41,4.22,370.65,404.73,52.3,1.7,8.58,9.17,-5.05,2.06,0,37.81,4.33,62.83,4.58,8.718735039,232.41,232.35
2023,4,18,11,3.35,3.73,4.57,409.33,443.08,58.18,2.03,10.6,9.91,-3.55,3.19,0,40,4.82,62.81,5.22,9.93707356,227.43,227.43
2023,4,18,12,2.95,3.46,4.63,356.08,403.27,47.46,1.6,8.4,9.95,-2.13,3.9,0,43.75,5.31,62.78,5.55,10.56527936,224.49,224.54
2023,4,18,13,2.76,3.25,4.41,330.08,377.5,43.62,1.4,7.23,9.38,-1.25,4.07,0,48,5.62,62.74,5.71,10.86986399,223.56,223.67
2023,4,18,14,2.41,2.78,3.92,283.23,320.8,36.72,1.05,5.35,8.57,-0.77,3.9,0,52.38,5.8,62.7,5.76,10.96504669,224.01,224.22
2023,4,18,15,1.72,2.04,3.18,197.45,229.95,24.66,0.56,2.85,7.65,-0.61,3.52,0,56.38,5.86,62.68,5.43,10.33684089,224.13,224.31
2023,4,18,16,1.15,1.34,2.26,130,150.35,16.08,0.25,1.25,6.61,-0.67,2.97,0,60.31,5.86,62.67,4.87,9.270794682,223.57,223.83
2023,4,18,17,0.54,0.54,1.22,57.52,58.7,7.05,0.05,0.23,5.03,-0.62,2.21,0,67.56,5.86,62.69,3.92,7.46232344,220.55,220.75
2023,4,18,18,0.05,0.05,0.2,4.3,5.52,0.59,0,0,2.85,-0.17,1.34,0,81.5,6.1,62.71,2.26,4.302257901,210.73,211.25
2023,4,18,19,0,0,0,0,0,0,0,0,1.96,-0.31,0.83,0,85.94,6.04,62.74,1.65,3.141028999,200.24,200.53
2023,4,18,20,0,0,0,0,0,0,0,0,1.65,-0.58,0.54,0,86.19,5.92,62.77,1.64,3.121992459,201.8,201.47
2023,4,18,21,0,0,0,0,0,0,0,0,1.33,-0.81,0.26,0,86.94,5.8,62.79,1.29,2.455713581,209.66,209.68
2023,4,18,22,0,0,0,0,0,0,0,0,0.57,-1.34,-0.38,0,88.62,5.62,62.78,0.92,1.751361624,206.35,203.92
2023,4,18,23,0,0,0,0,0,0,0,0,-0.52,-1.83,-1.17,0,93.56,5.43,62.74,0.63,1.199301981,183.53,169.3
2023,4,19,0,0,0,0,0,0,0,0,0,-1.41,-2.25,-1.83,0,98,5.31,62.68,0.38,0.723388497,180,137.49
2023,4,19,1,0,0,0,0,0,0,0,0,-2.06,-2.73,-2.4,0,100,5.13,62.62,0.18,0.342657709,195.26,67.01
2023,4,19,2,0,0,0,0,0,0,0,0,-2.74,-3.69,-3.22,0,98,4.76,62.56,0.05,0.095182697,243.43,37.03
2023,4,19,3,0,0,0,0,0,0,0,0,-3.67,-5.16,-4.41,0,93.62,4.21,62.52,0.27,0.513986563,348.37,21.8
2023,4,19,4,0,0,0,0,0,0,0,0,-3.74,-6.71,-5.23,0,82.56,3.66,62.49,0.51,0.970863509,352.98,15.6
2023,4,19,5,0,0,0,0,0,0,0,0,-3.56,-7.95,-5.75,0,73,3.3,62.47,0.73,1.389667375,358.15,13.67
2023,4,19,6,0.33,0.34,0.75,35.02,36.33,4.33,0.02,0.08,-1.92,-7.18,-4.56,0,67.94,3.54,62.48,0.79,1.503886612,356.04,12.01
2023,4,19,7,1.08,1.16,1.82,121.5,131.9,14.73,0.17,0.85,2.18,-7.32,-2.57,0,48.75,3.48,62.5,1.2,2.284384726,356.63,0
2023,4,19,8,1.92,2.04,2.8,223.9,239.27,29.07,0.59,2.95,5.51,-7.24,-0.87,0,39.56,3.54,62.52,1.77,3.369467472,272.02,271.9
2023,4,19,9,2.62,2.81,3.62,312.88,332.42,42.44,1.16,6,7.87,-7.34,0.26,0,33.94,3.6,62.54,3.28,6.243984919,245.82,245.77
2023,4,19,10,3.15,3.38,4.23,381.08,401.02,53.03,1.7,8.73,9.45,-6.37,1.55,0,33,3.91,62.55,4.47,8.509333106,237.7,237.51
2023,4,19,11,3.15,3.7,4.58,384.83,439.5,54.77,1.91,10,10.38,-4.99,2.7,0,34.56,4.33,62.53,5.41,10.29876781,233.58,233.55
2023,4,19,12,2.54,3.3,4.64,301.52,376.75,39.19,1.3,6.85,10.58,-3.42,3.58,0,38.19,4.88,62.5,5.88,11.19348516,231.2,231.16
2023,4,19,13,2.57,3.08,4.42,302.58,352.17,38.59,1.22,6.3,10.04,-2.04,4,0,43.56,5.37,62.46,5.93,11.28866786,228.58,228.63
2023,4,19,14,2.11,2.6,3.92,245.62,297.25,30.98,0.87,4.45,9.04,-1.24,3.9,0,49.12,5.68,62.42,5.76,10.96504669,225.49,225.57
2023,4,19,15,1.52,1.91,3.19,173.73,213,21.09,0.48,2.4,7.94,-1.19,3.37,0,53,5.68,62.38,5.4,10.27973127,222.71,222.87
2023,4,19,16,0.94,1.21,2.27,105.55,133,12.8,0.2,0.98,6.73,-1.56,2.58,0,55.94,5.49,62.36,4.86,9.251758142,221.15,221.36
2023,4,19,17,0.41,0.53,1.23,45.02,58.6,5.55,0.04,0.17,5.19,-1.79,1.7,0,61.12,5.43,62.36,4.11,7.824017688,220.29,220.46
2023,4,19,18,0.06,0.05,0.21,4.67,5.7,0.62,0,0,2.94,-1.16,0.9,0,75.19,5.68,62.36,2.51,4.778171386,214.33,215.13
2023,4,19,19,0,0,0,0,0,0,0,0,1.66,-0.99,0.33,0,83.5,5.74,62.39,1.77,3.369467472,208.15,209.49
2023,4,19,20,0,0,0,0,0,0,0,0,1.28,-1.03,0.12,0,85.62,5.74,62.42,1.77,3.369467472,210.88,211.78
2023,4,19,21,0,0,0,0,0,0,0,0,1.16,-0.96,0.1,0,87.12,5.8,62.44,1.6,3.045846302,210.2,210.45
2023,4,19,22,0,0,0,0,0,0,0,0,1.14,-0.84,0.15,0,88.19,5.86,62.43,1.38,2.627042435,203.96,203.63
2023,4,19,23,0,0,0,0,0,0,0,0,1.02,-0.8,0.12,0,89.19,5.86,62.41,1.6,3.045846302,205.19,204.66
2023,4,20,0,0,0,0,0,0,0,0,0,0.78,-0.84,-0.03,0,90.56,5.86,62.37,1.87,3.559832865,205.28,204.91
2023,4,20,1,0,0,0,0,0,0,0,0,0.56,-0.99,-0.21,0,91.31,5.8,62.33,1.82,3.464650168,205.69,205.42
2023,4,20,2,0,0,0,0,0,0,0,0,0.13,-1.21,-0.54,0,92.88,5.74,62.28,1.6,3.045846302,202.32,201.45
2023,4,20,3,0,0,0,0,0,0,0,0,-0.31,-1.45,-0.88,0,94.69,5.68,62.24,1.26,2.398603963,201.8,199.75
2023,4,20,4,0,0,0,0,0,0,0,0,-0.72,-1.87,-1.3,0,95,5.49,62.22,0.87,1.656178927,204.95,200.76
2023,4,20,5,0,0,0,0,0,0,0,0,-1.24,-2.21,-1.73,0,96.69,5.37,62.22,0.56,1.066046206,209.05,197.3
2023,4,20,6,0.37,0.39,0.77,41,44,4.81,0.02,0.08,-0.49,-2.4,-1.45,0,89.5,5.25,62.24,0.49,0.93279043,232.77,236.31
2023,4,20,7,1.12,1.24,1.83,129.35,146.58,15.81,0.19,0.95,2.17,-3.31,-0.57,0,68.5,4.88,62.3,1.17,2.227275108,266.54,266.56
2023,4,20,8,1.98,2.12,2.81,236.33,253.2,31.27,0.66,3.25,5.07,-4.21,0.43,0,51.94,4.58,62.34,2.98,5.672888737,256.51,256.38
2023,4,20,9,2.64,2.87,3.63,320,343.95,44.2,1.23,6.38,7.01,-4.45,1.28,0,44.44,4.46,62.38,4.18,7.957273464,246.45,246.45
2023,4,20,10,3.08,3.43,4.24,376.67,410.95,53.4,1.75,9.02,7.99,-4.02,1.98,0,43,4.64,62.4,5.02,9.556342772,238.04,238.06
2023,4,20,11,3.11,3.74,4.58,385.73,449.42,55.41,1.97,10.38,7.96,-2.97,2.5,0,46.81,5,62.39,5.56,10.5843159,233,233.01
2023,4,20,12,2.76,3.56,4.64,341.15,422.7,47.09,1.65,8.73,7.66,-1.91,2.88,0,51.69,5.43,62.36,6.02,11.45999671,231.06,231.19
2023,4,20,13,2.32,3.35,4.42,284.2,396.05,39.23,1.32,6.8,7.63,-1.32,3.15,0,54.12,5.68,62.32,6.62,12.60218907,231.95,232.08
2023,4,20,14,2.09,2.9,3.93,253.52,342.3,34.56,1.05,5.42,7.66,-1.23,3.22,0,54.38,5.74,62.27,7.25,13.80149106,232.31,232.48
2023,4,20,15,1.54,2.24,3.2,186.3,262.98,24.86,0.62,3.12,7.3,-1.38,2.96,0,54.75,5.62,62.23,7.82,14.8865738,230.88,231.03
2023,4,20,16,0.92,1.44,2.28,107.83,166.98,13.88,0.23,1.15,6,-2.1,1.94,0,56.31,5.31,62.21,7.63,14.52487955,232.4,232.65
2023,4,20,17,0.49,0.63,1.23,55.02,71.02,6.79,0.05,0.25,4.48,-3.2,0.65,0,57.56,4.88,62.23,6.39,12.16434867,237.18,237.54
2023,4,20,18,0.06,0.06,0.21,5.3,6.73,0.73,0,0.02,1.98,-3.46,-0.74,0.02,67.69,4.76,62.25,3.6,6.853154179,236.07,237.26
2023,4,20,19,0,0,0,0,0,0,0,0,0.29,-4.01,-1.86,0.01,73.44,4.58,62.28,2.5,4.759134847,235.32,237.39
2023,4,20,20,0,0,0,0,0,0,0,0,-0.15,-4.66,-2.4,0,72.31,4.39,62.31,2.21,4.207075205,237.44,238.94
2023,4,20,21,0,0,0,0,0,0,0,0,-0.38,-5.05,-2.71,0.01,71.56,4.21,62.33,1.98,3.769234799,238.88,239.86
2023,4,20,22,0,0,0,0,0,0,0,0,-0.95,-5.22,-3.08,0.01,74.19,4.21,62.33,1.75,3.331394393,238.16,238.91
2023,4,20,23,0,0,0,0,0,0,0,0,-1.26,-5.29,-3.27,0,75.69,4.15,62.3,1.58,3.007773223,237.96,239.15
2023,4,21,0,0,0,0,0,0,0,0,0,-1.62,-5.37,-3.49,0,77.56,4.15,62.26,1.12,2.132092411,242.19,243.29
2023,4,21,1,0,0,0,0,0,0,0,0,-2.29,-5.37,-3.83,0,82.12,4.15,62.22,0.59,1.123155824,237.99,242.55
2023,4,21,2,0,0,0,0,0,0,0,0,-2.81,-5.42,-4.12,0,85.44,4.15,62.19,0.24,0.456876945,223.67,234.46
2023,4,21,3,0,0,0,0,0,0,0,0,-3.52,-5.64,-4.58,0,89.12,4.09,62.16,0.19,0.361694248,21.37,26.57
2023,4,21,4,0,0,0,0,0,0,0,0,-4.06,-5.94,-5,0,91,3.97,62.15,0.37,0.704351957,24.94,27.14
2023,4,21,5,0,0,0,0,0,0,0,0,-4.02,-6.33,-5.17,0,87.69,3.85,62.17,0.36,0.685315418,28.81,30.36
2023,4,21,6,0.22,0.39,0.79,26.4,43.33,3.41,0.02,0.08,-2.59,-6.28,-4.43,0,78.62,3.91,62.22,0.25,0.475913485,228.81,289.98
2023,4,21,7,0.82,1.22,1.84,95.88,141.7,12.72,0.16,0.8,0.6,-8.59,-3.99,0,51.12,3.3,62.28,1.84,3.502723247,250.95,250.95
2023,4,21,8,1.46,2.1,2.82,178.9,248.42,24.97,0.55,2.77,2.78,-9.53,-3.38,0,40.12,2.99,62.33,3.44,6.548569549,250.08,250.02
2023,4,21,9,2.17,2.84,3.64,267,338.42,37.22,1.06,5.7,4.54,-9.75,-2.6,0,34.25,2.87,62.36,4.14,7.881127306,241.11,241.21
2023,4,21,10,2.21,3.38,4.25,283.15,403.92,40.36,1.34,6.6,5.83,-9.51,-1.84,0,31.62,2.93,62.36,4.74,9.02331967,231.69,231.84
2023,4,21,11,2.54,3.68,4.59,324.98,440.7,46.23,1.64,8.23,5.97,-9.06,-1.55,0,32.44,3.05,62.35,5.49,10.45106012,225.23,225.46
2023,4,21,12,2.41,3.47,4.65,301.77,408.33,39.78,1.38,7.02,6.14,-8.01,-0.93,0.01,34.94,3.3,62.33,6.04,11.49806979,220.49,220.68
2023,4,21,13,2.12,3.22,4.43,258.67,377.27,34.7,1.16,5.77,6.44,-6.67,-0.12,0.13,38.25,3.66,62.28,6.7,12.75448139,217.8,217.94
2023,4,21,14,1.85,2.78,3.93,223.7,323.55,29.09,0.87,4.48,5.29,-4.97,0.15,0.22,47.81,4.27,62.22,6.93,13.1923218,218.27,218.47
2023,4,21,15,1.46,2.16,3.2,175.6,250.95,23.16,0.57,2.92,3.81,-3.95,-0.07,0.19,57.56,4.64,62.17,6.71,12.77351793,221.08,221.34
2023,4,21,16,0.79,1.39,2.28,93.85,159.55,12.49,0.22,1.1,2.73,-3.67,-0.47,0.1,63.62,4.76,62.14,6.55,12.4689333,223.4,223.62
2023,4,21,17,0.37,0.61,1.24,44.08,68.38,5.61,0.04,0.23,1.59,-3.45,-0.93,0.15,70.31,4.82,62.15,6.02,11.45999671,223.26,223.51
2023,4,21,18,0.05,0.06,0.22,4.52,6.7,0.61,0,0,-0.06,-2.83,-1.45,0.1,83.44,5.07,62.19,4.43,8.433186949,219.28,219.58
2023,4,21,19,0,0,0,0,0,0,0,0,-1.08,-2.7,-1.89,0.12,91.75,5.13,62.23,3.44,6.548569549,216.22,216.68
2023,4,21,20,0,0,0,0,0,0,0,0,-1.45,-3.05,-2.25,0.12,92.69,5,62.26,2.94,5.59674258,213.73,213.85
2023,4,21,21,0,0,0,0,0,0,0,0,-1.82,-3.3,-2.56,0.1,94.12,4.94,62.27,2.15,4.092855968,206.1,204.19
2023,4,21,22,0,0,0,0,0,0,0,0,-2.56,-3.83,-3.2,0.09,96.19,4.76,62.25,1.58,3.007773223,198.79,193.7
2023,4,21,23,0,0,0,0,0,0,0,0,-3.59,-4.71,-4.15,0.05,97.31,4.39,62.22,1.21,2.303421266,194.22,181.34
2023,4,22,0,0,0,0,0,0,0,0,0,-4.52,-5.53,-5.03,0.02,98.31,4.15,62.17,0.91,1.732325084,186.88,168.86
2023,4,22,1,0,0,0,0,0,0,0,0,-5.01,-6.02,-5.52,0,98.38,3.97,62.12,0.81,1.54195969,182.22,163.99
2023,4,22,2,0,0,0,0,0,0,0,0,-5.39,-6.35,-5.87,0,99.06,3.85,62.07,0.67,1.275448139,175.96,154.68
2023,4,22,3,0,0,0,0,0,0,0,0,-5.5,-6.84,-6.17,0,96.25,3.72,62.04,0.64,1.218338521,168,149.4
2023,4,22,4,0,0,0,0,0,0,0,0,-5.42,-7.38,-6.4,0,91.31,3.54,62.03,0.65,1.23737506,159.61,148.46
2023,4,22,5,0,0,0,0,0,0,0,0,-5.36,-7.77,-6.57,0,87.75,3.42,62.04,0.64,1.218338521,154.06,149.44
2023,4,22,6,0.38,0.41,0.81,41.9,45.35,5.02,0.02,0.08,-4.05,-7.35,-5.7,0,81.75,3.6,62.08,0.99,1.884617399,178.65,173.35
2023,4,22,7,1.13,1.21,1.86,128.92,140.83,15.74,0.18,0.9,-1.56,-7.33,-4.45,0,66.69,3.6,62.13,2.32,4.416477138,204.49,204.56
2023,4,22,8,1.87,2.04,2.84,221.1,241.1,28.9,0.57,2.85,0.4,-7.56,-3.58,0,55.94,3.54,62.19,3.26,6.20591184,217.5,217.47
2023,4,22,9,2.52,2.81,3.65,305.45,335.73,41.66,1.11,5.6,2.04,-7.45,-2.7,0,49.94,3.54,62.23,3.84,7.310031125,225.08,225.07
2023,4,22,10,2.85,3.37,4.25,349.5,403.33,48.9,1.53,7.83,3.16,-6.75,-1.8,0.01,48.62,3.72,62.25,4.51,8.585479264,226.82,226.94
2023,4,22,11,2.96,3.71,4.6,369,444.02,52.68,1.8,9.3,3.69,-5.73,-1.02,0.01,50.88,4.03,62.24,5.06,9.63248893,227.25,227.34
2023,4,22,12,2.82,3.73,4.66,352.23,446.25,50.27,1.74,9.08,3.73,-4.94,-0.6,0.04,54.12,4.33,62.22,5.35,10.18454857,228.32,228.41
2023,4,22,13,2.58,3.51,4.43,317.88,417.17,45.05,1.48,7.62,3.59,-4.53,-0.47,0.12,56.56,4.52,62.17,5.48,10.43202358,229.22,229.28
2023,4,22,14,2.14,2.97,3.94,260.02,350.62,35.83,1.05,5.38,3.26,-4.3,-0.52,0.16,58.94,4.58,62.14,5.53,10.52720628,228.95,228.99
2023,4,22,15,1.62,2.29,3.21,192.8,266.67,25.98,0.62,3.1,2.59,-4.34,-0.87,0.15,61.56,4.58,62.11,5.45,10.37491397,227.32,227.41
2023,4,22,16,1.07,1.5,2.29,123.62,173.7,16.11,0.26,1.27,1.52,-4.52,-1.5,0.1,65.5,4.52,62.11,5.15,9.803817784,225.43,225.58
2023,4,22,17,0.49,0.67,1.25,54.95,74.35,6.83,0.05,0.23,0.19,-4.73,-2.27,0.09,70.88,4.39,62.12,4.61,8.775844657,222.73,222.79
2023,4,22,18,0.07,0.07,0.23,5.9,7.45,0.81,0,0.02,-1.5,-4.52,-3.01,0.33,83.19,4.52,62.14,3.46,6.586642628,217.28,217.33
2023,4,22,19,0,0,0,0,0,0,0,0,-2.65,-4.09,-3.37,0.41,94.69,4.64,62.16,2.64,5.025646398,210.73,211.18
2023,4,22,20,0,0,0,0,0,0,0,0,-3.11,-4.06,-3.59,0.42,98,4.64,62.19,2.51,4.778171386,208.08,208.54
2023,4,22,21,0,0,0,0,0,0,0,0,-3.55,-4.35,-3.95,0.33,98.81,4.52,62.2,2.42,4.606842532,206.9,207.13
2023,4,22,22,0,0,0,0,0,0,0,0,-3.7,-4.75,-4.22,0.28,96.75,4.33,62.2,2.28,4.34033098,206.39,206.19
2023,4,22,23,0,0,0,0,0,0,0,0,-3.85,-5.19,-4.52,0.18,94.62,4.21,62.18,1.92,3.655015562,205.52,205.26
2023,4,23,0,0,0,0,0,0,0,0,0,-4.39,-5.62,-5.01,0.1,95.81,4.09,62.14,1.15,2.18920203,198.19,197.89
2023,4,23,1,0,0,0,0,0,0,0,0,-5.1,-6.03,-5.56,0.04,98.5,3.97,62.11,0.58,1.104119284,191.61,187.2
2023,4,23,2,0,0,0,0,0,0,0,0,-5.53,-6.31,-5.92,0.01,100,3.85,62.09,0.42,0.799534654,180,167.07
2023,4,23,3,0,0,0,0,0,0,0,0,-6.1,-6.5,-6.3,0,100,3.78,62.08,0.25,0.475913485,145.3,124.99
2023,4,23,4,0,0,0,0,0,0,0,0,-6.18,-6.5,-6.35,0,100,3.78,62.09,0.19,0.361694248,153.43,141.58
2023,4,23,5,0,0,0,0,0,0,0,0,-6.05,-6.25,-6.15,0,100,3.91,62.11,0.12,0.228438473,156.8,169.7
2023,4,23,6,0.36,0.4,0.83,40,42.98,5,0.02,0.1,-4.59,-5.77,-5.17,0,97,4.03,62.15,0.39,0.742425036,203.5,201.48
2023,4,23,7,1.01,1.2,1.87,113.7,136.73,14.17,0.17,0.85,-2.17,-5.98,-4.07,0,78.25,4.03,62.19,1.4,2.665115514,237.99,237.31
2023,4,23,8,1.71,2.06,2.85,201.6,239.6,26.62,0.55,2.73,-0.14,-7.02,-3.58,0,61.19,3.72,62.24,2.42,4.606842532,242.69,242.69
2023,4,23,9,2.31,2.8,3.66,276.88,328.75,37.74,1.02,5.33,1.83,-8.16,-3.17,0,48.88,3.42,62.27,3.27,6.22494838,237.37,237.54
2023,4,23,10,2.78,3.33,4.26,336.8,393.3,46.48,1.46,7.4,3.42,-8.22,-2.4,0,43.5,3.42,62.28,4.14,7.881127306,230.13,230.21
2023,4,23,11,2.97,3.6,4.6,363,424.7,50.11,1.7,8.7,4.4,-7.56,-1.58,0,42.88,3.6,62.28,4.98,9.480196615,225.95,226.03
2023,4,23,12,2.17,3.58,4.66,273.6,419.67,37.9,1.3,6.65,4.51,-6.31,-0.9,0,46.69,3.97,62.27,5.3,10.08936588,225,225.05
2023,4,23,13,2.28,3.39,4.44,282.35,397.85,38.55,1.29,6.45,4.25,-5.17,-0.46,0.01,51.69,4.27,62.25,5.28,10.0512928,225,225.05
2023,4,23,14,1.99,2.91,3.94,241.42,339.9,32.41,0.95,4.85,3.58,-4.7,-0.56,0.03,56.12,4.46,62.22,5.11,9.727671627,225.87,225.9
2023,4,23,15,1.42,2.18,3.21,168.98,249.73,22.48,0.54,2.73,2.73,-4.63,-0.95,0.15,60.19,4.46,62.21,4.72,8.985246591,227.75,227.75
2023,4,23,16,0.85,1.45,2.3,100.27,165.7,12.87,0.2,1,1.75,-4.68,-1.46,0.38,64.62,4.52,62.21,4.13,7.862090767,230.53,230.46
2023,4,23,17,0.36,0.62,1.26,40.9,68.23,5.16,0.03,0.17,0.53,-4.74,-2.11,0.68,70.69,4.52,62.23,3.35,6.377240695,233.83,233.72
2023,4,23,18,0.06,0.06,0.23,5.42,6.73,0.62,0,0,-1.08,-4.67,-2.87,0.48,81.31,4.58,62.26,2.27,4.321294441,237.51,237.04
2023,4,23,19,0,0,0,0,0,0,0,0,-1.76,-4.36,-3.06,0.48,88.56,4.7,62.29,1.61,3.064882841,244.18,242.63
2023,4,23,20,0,0,0,0,0,0,0,0,-2.18,-4.54,-3.36,0.37,90.38,4.64,62.33,1.3,2.47475012,253.96,250.68
2023,4,23,21,0,0,0,0,0,0,0,0,-2.49,-4.61,-3.55,0.23,91.88,4.58,62.36,1.11,2.113055872,263.53,261.19
2023,4,23,22,0,0,0,0,0,0,0,0,-3.03,-4.42,-3.73,0.11,96.56,4.58,62.37,0.72,1.370630836,277.43,277.47
2023,4,23,23,0,0,0,0,0,0,0,0,-3.61,-4.59,-4.1,0.03,99.69,4.52,62.35,0.66,1.2564116,303.88,304.04
2023,4,24,0,0,0,0,0,0,0,0,0,-4.08,-4.91,-4.49,0.01,100,4.39,62.32,0.71,1.351594296,322.62,322.74
2023,4,24,1,0,0,0,0,0,0,0,0,-4.49,-5.22,-4.85,0.01,100,4.27,62.28,0.75,1.427740454,332.9,333.27
2023,4,24,2,0,0,0,0,0,0,0,0,-4.83,-5.58,-5.2,0.03,100,4.15,62.25,0.81,1.54195969,339.64,339.76
2023,4,24,3,0,0,0,0,0,0,0,0,-5.1,-5.99,-5.55,0.04,99.75,3.97,62.24,0.83,1.580032769,350.8,350.91
2023,4,24,4,0,0,0,0,0,0,0,0,-5.42,-6.51,-5.96,0.04,98.12,3.78,62.24,0.86,1.637142387,2.6,2.5
2023,4,24,5,0,0,0,0,0,0,0,0,-5.87,-7.15,-6.51,0.03,96.44,3.6,62.25,0.92,1.751361624,16.28,16.26
2023,4,24,6,0.12,0.32,0.85,14.08,34.1,1.84,0.01,0.02,-4.6,-7.3,-5.95,0,85.69,3.54,62.3,1.18,2.246311648,35.8,34.17
2023,4,24,7,0.39,1,1.89,47.92,110.25,6.39,0.09,0.4,-1.21,-7.07,-4.14,0,66.31,3.66,62.36,1.67,3.179102078,58.76,58.41
2023,4,24,8,0.53,1.83,2.86,70.92,208.15,9.8,0.2,1.02,1.55,-8.1,-3.28,0,49.38,3.36,62.41,1.71,3.255248235,128.5,129.56
2023,4,24,9,0.66,2.52,3.67,91.88,288.8,12.61,0.33,1.73,3.51,-8.27,-2.38,0,42.12,3.3,62.46,2.84,5.406377186,176.37,177.24
2023,4,24,10,1.04,3.09,4.27,139.92,358.73,18.94,0.59,2.9,4.83,-7.42,-1.29,0.01,41.25,3.54,62.49,3.9,7.424250361,195.09,195.63
2023,4,24,11,0.91,3.41,4.61,129.73,399.4,17.87,0.59,2.92,5.27,-6.1,-0.41,0.03,44.69,3.97,62.49,4.72,8.985246591,202.19,202.52
2023,4,24,12,0.81,3.44,4.67,117.75,404.5,16.62,0.55,2.75,4.76,-4.63,0.07,0.08,52,4.46,62.48,5.13,9.765744706,205.82,206.1
2023,4,24,13,0.71,3.27,4.44,100.75,386.35,14.34,0.46,2.27,4.02,-3.6,0.21,0.16,59.19,4.82,62.45,5.25,9.994183178,208.13,208.39
2023,4,24,14,1.13,2.83,3.95,148.73,333.98,21.03,0.64,3.27,3.27,-3.26,0.01,0.22,63.94,4.94,62.4,5.35,10.18454857,210.16,210.41
2023,4,24,15,0.88,2.18,3.22,112.42,255.77,15.63,0.39,1.98,2.48,-2.99,-0.26,0.25,69.06,5.07,62.37,5.23,9.956110099,213.36,213.6
2023,4,24,16,0.72,1.35,2.3,84.83,155.35,10.97,0.18,0.88,1.58,-2.85,-0.63,0.22,74.12,5.07,62.36,5.02,9.556342772,216.07,216.27
2023,4,24,17,0.32,0.57,1.26,35.8,63.35,4.5,0.03,0.15,0.48,-2.79,-1.16,0.18,80.5,5.07,62.37,4.55,8.661625421,218.52,218.65
2023,4,24,18,0.07,0.06,0.24,6.25,6.9,0.84,0,0.02,-0.85,-2.82,-1.84,0.13,89.5,5.13,62.39,3.59,6.83411764,221.21,221.42
2023,4,24,19,0,0,0,0,0,0,0,0,-1.52,-2.83,-2.17,0.09,95.12,5.13,62.41,2.93,5.57770604,223.05,223.02
2023,4,24,20,0,0,0,0,0,0,0,0,-1.92,-3.1,-2.5,0.06,96.81,5.07,62.45,2.36,4.492623295,225,224.52
2023,4,24,21,0,0,0,0,0,0,0,0,-2.58,-3.53,-3.06,0.04,99,4.88,62.48,2.01,3.826344417,225,224.03
2023,4,24,22,0,0,0,0,0,0,0,0,-3.24,-4.24,-3.74,0.02,99.19,4.64,62.49,1.76,3.350430932,223.92,223.24
2023,4,24,23,0,0,0,0,0,0,0,0,-3.83,-4.89,-4.36,0.02,99.31,4.39,62.46,1.36,2.588969357,216.15,215.54
2023,4,25,0,0,0,0,0,0,0,0,0,-4.83,-5.88,-5.35,0.01,100,4.09,62.43,0.83,1.580032769,206.32,205.07
2023,4,25,1,0,0,0,0,0,0,0,0,-5.93,-7.24,-6.59,0.01,98.88,3.66,62.39,0.41,0.780498115,202.2,190.18
2023,4,25,2,0,0,0,0,0,0,0,0,-6.35,-8.51,-7.43,0,91.75,3.3,62.36,0.02,0.038073079,333.43,28.89
2023,4,25,3,0,0,0,0,0,0,0,0,-6.39,-9.62,-8,0,83.56,2.99,62.35,0.23,0.437840406,51.95,48.37
2023,4,25,4,0,0,0,0,0,0,0,0,-6.25,-10.52,-8.39,0,75.81,2.75,62.35,0.33,0.6282058,76.29,73.61
2023,4,25,5,0,0,0,0,0,0,0,0,-6.1,-11.17,-8.63,0,70.06,2.56,62.38,0.43,0.818571194,87.92,85.45
2023,4,25,6,0.24,0.35,0.87,26.62,37.75,3.28,0.02,0.08,-4.58,-10.1,-7.34,0,67.62,2.81,62.41,0.44,0.837607733,124.82,108.64
2023,4,25,7,0.78,1.08,1.9,89.58,120.55,11.62,0.15,0.7,-1.86,-9.13,-5.49,0,58.75,3.05,62.45,0.95,1.808471242,176.72,174.88
2023,4,25,8,1.43,1.95,2.87,171.2,224.95,22.84,0.47,2.38,0.44,-9.44,-4.5,0,47.56,2.99,62.48,2.18,4.149965586,205.92,205.43
2023,4,25,9,1.8,2.7,3.68,218.02,315.08,30.09,0.81,4.23,2.35,-9.17,-3.41,0,42.56,3.05,62.51,3.21,6.110729143,212.57,212.34
2023,4,25,10,2.24,3.28,4.27,272.92,386.05,38.12,1.19,6,3.76,-8.13,-2.19,0,42,3.36,62.52,4.08,7.76690807,215.24,215.14
2023,4,25,11,2.39,3.61,4.61,296.55,426.27,41.87,1.41,7.17,4.63,-6.97,-1.17,0,43.38,3.66,62.5,4.8,9.137538906,216.8,216.66
2023,4,25,12,2.39,3.66,4.67,299.77,431.9,42.3,1.45,7.5,4.76,-5.89,-0.56,0.02,46.69,4.03,62.46,5.12,9.746708166,217.25,217.15
2023,4,25,13,2.21,3.43,4.44,271.4,403.27,38.3,1.27,6.45,4.42,-4.85,-0.22,0.04,51.62,4.33,62.41,5.15,9.803817784,219.22,219.14
2023,4,25,14,1.64,3,3.95,203.3,351.73,28.52,0.84,4.25,3.99,-4.27,-0.14,0.06,55.56,4.52,62.36,5,9.518269694,222.34,222.24
2023,4,25,15,1.39,2.35,3.22,173.62,274.05,23.84,0.58,2.9,3.35,-4.04,-0.35,0.07,59.25,4.58,62.32,4.72,8.985246591,224.6,224.51
2023,4,25,16,0.8,1.53,2.31,94.8,175.58,12.65,0.2,1,2.45,-4.04,-0.8,0.07,63.25,4.64,62.31,4.27,8.128602318,226.26,226.18
2023,4,25,17,0.36,0.68,1.27,41.7,74.62,5.43,0.04,0.17,0.97,-3.99,-1.51,0.05,70.69,4.64,62.32,3.46,6.586642628,229.03,228.98
2023,4,25,18,0.07,0.07,0.24,6.3,7.65,0.88,0,0.02,-0.73,-3.78,-2.25,0.05,82.25,4.76,62.34,2.28,4.34033098,230.85,230.83
2023,4,25,19,0,0,0,0,0,0,0,0,-1.6,-3.38,-2.49,0.03,91.38,4.88,62.37,1.31,2.49378666,231.55,231.41
2023,4,25,20,0,0,0,0,0,0,0,0,-1.67,-3.48,-2.58,0.01,91.06,4.82,62.4,0.96,1.827507781,237.35,236.98
2023,4,25,21,0,0,0,0,0,0,0,0,-1.74,-3.85,-2.8,0.01,89.06,4.7,62.42,0.53,1.008936588,247.25,245.83
2023,4,25,22,0,0,0,0,0,0,0,0,-2.11,-4.2,-3.15,0,89.44,4.58,62.41,0.22,0.418803867,257.91,259.05
2023,4,25,23,0,0,0,0,0,0,0,0,-2.71,-4.28,-3.5,0,93.19,4.52,62.39,0.06,0.114219236,284.04,284.04
2023,4,26,0,0,0,0,0,0,0,0,0,-3.21,-4.49,-3.85,0,95.62,4.46,62.37,0.06,0.114219236,277.13,256.76
2023,4,26,1,0,0,0,0,0,0,0,0,-3.82,-4.64,-4.23,0,99.5,4.39,62.34,0.06,0.114219236,315,280.3
2023,4,26,2,0,0,0,0,0,0,0,0,-4.3,-4.77,-4.53,0,100,4.39,62.31,0.11,0.209401933,338.96,336.04
2023,4,26,3,0,0,0,0,0,0,0,0,-4.8,-4.96,-4.88,0,100,4.27,62.29,0.24,0.456876945,11.31,14.74
2023,4,26,4,0,0,0,0,0,0,0,0,-5.25,-5.42,-5.33,0,100,4.15,62.28,0.59,1.123155824,23.2,25.11
2023,4,26,5,0,0,0,0,0,0,0,0,-5.76,-6.17,-5.96,0,100,3.91,62.29,0.93,1.770398163,28.73,29.71
2023,4,26,6,0.38,0.39,0.89,41.83,42.23,5.28,0.02,0.1,-3.88,-6.39,-5.13,0,86.31,3.85,62.32,1.12,2.132092411,34.24,34.25
2023,4,26,7,1.08,1.17,1.91,122.05,132.73,14.97,0.18,0.9,0.07,-6.57,-3.25,0,61.38,3.78,62.37,0.21,0.399767327,231.01,231.63
2023,4,26,8,1.73,2.04,2.88,204.4,238.67,26.54,0.55,2.75,2.6,-6.42,-1.91,0,52.81,3.91,62.41,2.26,4.302257901,225.98,226.04
2023,4,26,9,2.41,2.81,3.69,293.8,333.85,39.4,1.07,5.67,4.44,-6.1,-0.82,0,47.56,3.97,62.43,3.32,6.320131077,223.85,223.84
2023,4,26,10,2.99,3.37,4.28,365.48,401.92,49.78,1.59,7.88,5.89,-5.22,0.33,0,46,4.27,62.44,4.56,8.680661961,221.8,221.72
2023,4,26,11,3.11,3.69,4.62,384.4,440.15,53.38,1.84,9.27,6.44,-3.93,1.26,0.01,48.75,4.7,62.43,5.46,10.39395051,220.88,220.91
2023,4,26,12,3.01,3.68,4.67,369.7,435.27,50.66,1.75,8.95,6.19,-2.97,1.61,0.02,52.75,5,62.4,5.82,11.07926592,220.75,220.77
2023,4,26,13,2.55,3.44,4.45,309.25,403.52,42.69,1.4,7,5.69,-2.36,1.66,0.04,56.88,5.19,62.37,5.75,10.94601015,221.7,221.75
2023,4,26,14,2.14,2.99,3.95,255.88,350.73,35.22,1.03,5.33,5.17,-2.21,1.48,0.06,59.69,5.25,62.33,5.57,10.60335244,223.35,223.42
2023,4,26,15,1.67,2.33,3.22,199.08,271.17,26.8,0.63,3.23,4.31,-2.28,1.01,0.07,63.19,5.25,62.29,5.17,9.841890863,224.08,224.22
2023,4,26,16,1.06,1.51,2.31,124.65,171.98,16.26,0.27,1.3,3.16,-2.42,0.37,0.08,67.88,5.19,62.28,4.59,8.737771579,223.62,223.74
2023,4,26,17,0.45,0.66,1.28,51.35,72.08,6.49,0.05,0.23,1.79,-2.49,-0.35,0.08,74.62,5.19,62.28,3.87,7.367140743,223.28,223.4
2023,4,26,18,0.08,0.07,0.25,6.85,7.7,0.93,0,0.02,0.08,-2.51,-1.21,0.04,84.62,5.19,62.32,2.8,5.330231028,222.74,223.02
2023,4,26,19,0,0,0,0,0,0,0,0,-0.81,-2.71,-1.76,0.03,89.69,5.13,62.36,2.01,3.826344417,219.81,219.98
2023,4,26,20,0,0,0,0,0,0,0,0,-1.18,-2.92,-2.05,0.02,91.06,5.07,62.4,1.47,2.79837129,215.89,216.16
2023,4,26,21,0,0,0,0,0,0,0,0,-1.41,-3.06,-2.24,0.01,91.69,5,62.43,1.3,2.47475012,211.97,212.01
2023,4,26,22,0,0,0,0,0,0,0,0,-2,-3.41,-2.7,0.01,93.69,4.82,62.43,0.73,1.389667375,203.28,201.61
2023,4,26,23,0,0,0,0,0,0,0,0,-2.75,-3.83,-3.29,0,96.62,4.7,62.4,0.47,0.894717351,195.42,186.44
2023,4,27,0,0,0,0,0,0,0,0,0,-3.77,-4.32,-4.05,0,100,4.52,62.36,0.26,0.494950024,173.09,136.12
2023,4,27,1,0,0,0,0,0,0,0,0,-4.8,-5.35,-5.07,0,100,4.15,62.32,0.09,0.171328854,94.76,62.1
2023,4,27,2,0,0,0,0,0,0,0,0,-5.28,-7.11,-6.2,0,91.44,3.6,62.3,0.13,0.247475012,57.26,49.9
2023,4,27,3,0,0,0,0,0,0,0,0,-5.31,-8.76,-7.03,0,79.94,3.11,62.28,0.18,0.342657709,50.19,47.07
2023,4,27,4,0,0,0,0,0,0,0,0,-5.25,-9.85,-7.55,0,72.44,2.87,62.29,0.26,0.494950024,49.97,47.95
2023,4,27,5,0,0,0,0,0,0,0,0,-5.11,-10.77,-7.94,0,65.81,2.62,62.32,0.28,0.533023103,56.31,54.57
2023,4,27,6,0.26,0.39,0.9,28.52,40.73,3.54,0.02,0.08,-3.76,-9.6,-6.68,0,65.12,2.93,62.37,0.21,0.399767327,197.74,130.24
2023,4,27,7,0.81,1.16,1.92,92.92,127.1,11.91,0.16,0.75,-0.88,-9.24,-5.06,0,53.12,2.99,62.43,1.02,1.941727017,244.03,244.09
2023,4,27,8,1.32,2.03,2.89,156.42,230.4,20.95,0.45,2.23,1.72,-9.48,-3.88,0,43.56,2.99,62.47,2.42,4.606842532,241.86,241.87
2023,4,27,9,1.85,2.79,3.7,221.4,321.12,30.26,0.83,4.35,3.88,-9.15,-2.63,0,38.31,3.11,62.51,3.51,6.681825325,230.5,230.47
2023,4,27,10,2.32,3.2,4.29,276.55,365.1,36.32,1.13,5.62,5.47,-7.91,-1.22,0,37.94,3.42,62.51,4.46,8.490296567,224.29,224.31
2023,4,27,11,2.19,3.64,4.62,271.38,423.23,38.14,1.3,6.58,6.29,-6.12,0.08,0,41.25,3.91,62.5,5.21,9.918037021,220.69,220.68
2023,4,27,12,1.76,3.41,4.68,220.92,387.45,28.95,0.97,4.92,6.45,-4.22,1.12,0,46.94,4.52,62.48,5.75,10.94601015,218.1,218.17
2023,4,27,13,1.36,3.08,4.45,171.9,344.45,21.47,0.66,3.3,5.83,-3.03,1.4,0.01,53.38,4.94,62.43,6.08,11.57421595,216.9,217.03
2023,4,27,14,1.08,2.67,3.96,136.73,298.38,17.29,0.48,2.45,4.39,-2.96,0.72,0.02,59.31,4.94,62.4,6.11,11.63132557,217.51,217.62
2023,4,27,15,1.09,1.8,3.23,126.27,190.1,15.04,0.34,1.75,2.73,-3.26,-0.27,0.01,65.25,4.82,62.39,5.45,10.37491397,219.42,219.53
2023,4,27,16,0.62,1.23,2.32,72.15,131.65,8.79,0.14,0.67,1.76,-3.58,-0.91,0.01,68.38,4.76,62.38,4.73,9.00428313,220.78,220.95
2023,4,27,17,0.35,0.46,1.29,37.4,47.02,4.2,0.03,0.15,0.88,-3.76,-1.44,0.01,72.06,4.7,62.37,4.07,7.747871531,222.12,222.32
2023,4,27,18,0.07,0.06,0.26,6.42,6.4,0.78,0,0.02,-0.39,-3.62,-2,0,80.5,4.76,62.39,3,5.710961816,221.83,222.05
2023,4,27,19,0,0,0,0,0,0,0,0,-1.37,-3.34,-2.35,0,89.31,4.88,62.42,1.98,3.769234799,216.01,216.74
2023,4,27,20,0,0,0,0,0,0,0,0,-1.71,-3.32,-2.52,0,92,4.88,62.46,1.69,3.217175156,215.23,216.31
2023,4,27,21,0,0,0,0,0,0,0,0,-1.94,-3.48,-2.71,0,92.62,4.82,62.48,1.45,2.760298211,213.09,213.44
2023,4,27,22,0,0,0,0,0,0,0,0,-2.66,-3.9,-3.27,0,95.25,4.64,62.47,0.92,1.751361624,200.9,199.03
2023,4,27,23,0,0,0,0,0,0,0,0,-3.7,-4.38,-4.03,0,100,4.52,62.46,0.57,1.085082745,183.92,173.03
2023,4,28,0,0,0,0,0,0,0,0,0,-4.67,-5.1,-4.88,0,100,4.27,62.44,0.36,0.685315418,188.84,156.97
2023,4,28,1,0,0,0,0,0,0,0,0,-5.51,-6.41,-5.95,0,99.44,3.85,62.41,0.15,0.285548091,176.99,81.87
2023,4,28,2,0,0,0,0,0,0,0,0,-5.77,-8.06,-6.92,0,88.25,3.3,62.38,0.22,0.418803867,62.53,54.29
2023,4,28,3,0,0,0,0,0,0,0,0,-5.69,-9.4,-7.55,0,78.06,2.93,62.34,0.36,0.685315418,47.64,46.33
2023,4,28,4,0,0,0,0,0,0,0,0,-5.74,-10.36,-8.05,0,72,2.69,62.34,0.47,0.894717351,36.87,36.03
2023,4,28,5,0.02,0.01,0.05,1,1.08,0.15,0,0,-5.88,-10.9,-8.39,0,69.12,2.56,62.35,0.63,1.199301981,34.47,35.09
2023,4,28,6,0.31,0.35,0.87,33.38,37.1,4.2,0.02,0.08,-4.13,-9.82,-6.98,0,65.38,2.81,62.37,0.82,1.56099623,17.74,25.13
2023,4,28,7,1.01,1.13,1.93,111.75,124.83,13.61,0.16,0.75,-0.27,-10.16,-5.21,0,45.69,2.75,62.4,0.97,1.846544321,346.97,349.29
2023,4,28,8,1.64,1.97,2.9,188.4,223.85,23.88,0.45,2.25,2.97,-9.1,-3.07,0,39.75,2.99,62.43,1.95,3.71212518,262.39,261.63
2023,4,28,9,2.13,2.73,3.7,254.92,314.85,33.72,0.87,4.4,5.08,-8.1,-1.51,0,37.56,3.3,62.45,3.02,5.749034895,245.09,244.51
2023,4,28,10,2.5,3.28,4.29,301.85,381.1,40.62,1.23,6.1,6.68,-6.72,-0.02,0,37.81,3.72,62.46,3.95,7.519433058,236.53,236.31
2023,4,28,11,2.57,3.61,4.62,315.2,422.98,43.2,1.41,7.05,7.65,-5.34,1.15,0,39.81,4.15,62.44,4.78,9.099465827,231.24,231.14
2023,4,28,12,2.25,3.24,4.68,268.98,364.27,32.36,1.02,5.12,7.73,-3.82,1.95,0,44.69,4.7,62.42,5.34,10.16551203,227.37,227.42
2023,4,28,13,1.92,3.01,4.45,221.3,335.98,27.16,0.81,4.05,7.09,-2.44,2.33,0.01,51.81,5.25,62.39,5.59,10.64142552,226.02,226.08
2023,4,28,14,1.56,2.5,3.96,178.73,274.08,21.2,0.57,2.9,5.89,-1.79,2.05,0.01,58.94,5.49,62.36,5.77,10.98408323,225.6,225.69
2023,4,28,15,1.15,1.88,3.23,131.8,204.15,15.63,0.34,1.73,4.19,-1.35,1.42,0.01,68.31,5.62,62.33,5.74,10.92697361,223.45,223.58
2023,4,28,16,0.59,1.07,2.32,64.48,110.83,7.12,0.1,0.5,2.62,-1.1,0.76,0.01,77.62,5.74,62.32,5.39,10.26069473,222.01,222.14
2023,4,28,17,0.31,0.42,1.29,33.02,43.27,3.71,0.02,0.1,1.45,-1.17,0.14,0.02,84,5.74,62.32,4.77,9.080429288,222.61,222.74
2023,4,28,18,0.06,0.05,0.26,4.6,5.73,0.56,0,0,0.48,-1.32,-0.42,0.15,89.31,5.68,62.34,3.75,7.13870227,223.4,223.59
2023,4,28,19,0,0,0,0,0,0,0,0,-0.14,-1.62,-0.88,0.14,91.81,5.55,62.38,2.97,5.653852198,223.72,223.78
2023,4,28,20,0,0,0,0,0,0,0,0,-0.27,-1.92,-1.1,0.11,91.12,5.43,62.42,2.49,4.740098307,222.46,222.38
2023,4,28,21,0,0,0,0,0,0,0,0,-0.56,-2.11,-1.33,0.07,92.25,5.37,62.44,1.82,3.464650168,224.31,223.93
2023,4,28,22,0,0,0,0,0,0,0,0,-0.87,-2.21,-1.54,0.05,93.94,5.31,62.43,1.19,2.265348187,226.33,226.01
2023,4,28,23,0,0,0,0,0,0,0,0,-1.27,-2.37,-1.81,0.04,95.75,5.25,62.41,0.9,1.713288545,228.86,228.46
2023,4,29,0,0,0,0,0,0,0,0,0,-1.67,-2.84,-2.26,0.03,95.44,5.07,62.37,0.56,1.066046206,236.31,237.93
2023,4,29,1,0,0,0,0,0,0,0,0,-2.55,-3.35,-2.95,0.02,98.56,4.88,62.33,0.12,0.228438473,233.13,270
2023,4,29,2,0,0,0,0,0,0,0,0,-3.24,-3.84,-3.53,0.01,100,4.7,62.3,0.13,0.247475012,64.98,58.5
2023,4,29,3,0,0,0,0,0,0,0,0,-3.56,-4.37,-3.96,0.01,99,4.52,62.29,0.22,0.418803867,100.12,94.4
2023,4,29,4,0,0,0,0,0,0,0,0,-3.84,-4.75,-4.29,0,98.44,4.39,62.29,0.26,0.494950024,109.54,98
2023,4,29,5,0.02,0.01,0.05,1.1,1.12,0.16,0,0,-3.82,-4.74,-4.28,0,98.31,4.39,62.31,0.24,0.456876945,111.45,97.35
2023,4,29,6,0.23,0.31,0.89,26.12,33.83,2.99,0.01,0.05,-2.26,-4.01,-3.13,0,91.44,4.64,62.35,0.38,0.723388497,159.72,137.6
2023,4,29,7,0.77,1.09,1.94,91.65,122.33,11.79,0.14,0.67,0.45,-2.72,-1.13,0,81,5.13,62.39,1.36,2.588969357,197.39,197.34
2023,4,29,8,1.38,1.92,2.91,166.3,223,21.66,0.43,2.12,2.43,-2.62,-0.1,0,71,5.19,62.44,2.76,5.254084871,213.82,213.8
2023,4,29,9,2.01,2.66,3.71,244.83,313.17,32.25,0.83,4.3,3.48,-2.87,0.3,0,64.62,5.07,62.49,3.56,6.777008022,217.95,217.98
2023,4,29,10,2.28,3.11,4.3,273.17,364.55,36.2,1.07,5.38,4.1,-2.76,0.67,0,62.31,5.07,62.51,4.08,7.76690807,219.48,219.42
2023,4,29,11,2.23,3.53,4.63,278.65,418.23,38.22,1.25,6.23,5.04,-2.49,1.27,0.03,59.5,5.19,62.51,4.7,8.947173512,218.45,218.47
2023,4,29,12,1.76,3.49,4.68,227.17,409.92,31,1.01,5.08,5.35,-2.12,1.62,0.13,59.88,5.37,62.48,5.45,10.37491397,216.72,216.66
2023,4,29,13,1.45,3.24,4.46,188.58,378.6,25.55,0.79,3.9,5.23,-1.79,1.73,0.3,61.81,5.49,62.44,5.94,11.3077044,215.53,215.57
2023,4,29,14,1.27,2.72,3.96,158,314.95,20.13,0.55,2.83,4.96,-1.6,1.68,0.54,63.88,5.55,62.39,6.21,11.82169096,216.67,216.7
2023,4,29,15,0.94,2,3.24,116.33,226.17,14.63,0.33,1.62,4.3,-1.47,1.41,0.57,67.5,5.62,62.35,6.26,11.91687366,217.5,217.51
2023,4,29,16,0.69,1.19,2.33,79.73,129.95,10.16,0.16,0.77,2.84,-1.21,0.81,0.55,76.12,5.74,62.32,5.75,10.94601015,217.77,217.83
2023,4,29,17,0.32,0.49,1.3,37.75,52.73,4.59,0.03,0.15,1.62,-1.17,0.23,0.5,83.44,5.74,62.32,4.83,9.194648524,218.24,218.26
2023,4,29,18,0.06,0.06,0.27,4.7,6.15,0.57,0,0,0.38,-0.98,-0.3,0.35,92.94,5.86,62.34,3.43,6.52953301,215.07,215.03
2023,4,29,19,0,0,0,0,0,0,0,0,-0.03,-0.95,-0.49,0.35,96.31,5.86,62.38,2.67,5.082756016,209.27,208.96
2023,4,29,20,0,0,0,0,0,0,0,0,-0.25,-1.05,-0.65,0.34,97.12,5.8,62.41,2.53,4.816244465,205.22,204.83
2023,4,29,21,0,0,0,0,0,0,0,0,-0.36,-1.13,-0.75,0.31,97.31,5.8,62.43,2.43,4.625879071,204.67,204.3
2023,4,29,22,0,0,0,0,0,0,0,0,-0.58,-1.27,-0.92,0.27,98,5.68,62.43,2.52,4.797207926,204.9,204.52
2023,4,29,23,0,0,0,0,0,0,0,0,-0.89,-1.4,-1.15,0.19,99.5,5.68,62.41,2.54,4.835281004,204.68,204.11
2023,4,30,0,0,0,0,0,0,0,0,0,-1.1,-1.58,-1.34,0.11,99.88,5.55,62.38,2.5,4.759134847,204.73,203.9
2023,4,30,1,0,0,0,0,0,0,0,0,-1.17,-1.75,-1.46,0.06,99.12,5.49,62.35,2.52,4.797207926,207.68,206.57
2023,4,30,2,0,0,0,0,0,0,0,0,-1.73,-2.21,-1.97,0.02,100,5.31,62.31,1.95,3.71212518,204.1,203.33
2023,4,30,3,0,0,0,0,0,0,0,0,-2.82,-3.06,-2.94,0.01,100,5,62.28,1.16,2.208238569,197.58,194.7
2023,4,30,4,0,0,0,0,0,0,0,0,-3.67,-4.16,-3.92,0.01,100,4.58,62.28,0.51,0.970863509,174.73,158.2
2023,4,30,5,0.02,0.01,0.06,1.08,1.15,0.15,0,0,-3.7,-5.4,-4.55,0.01,92.38,4.15,62.28,0.4,0.761461575,160.5,128.54
2023,4,30,6,0.15,0.3,0.9,17.5,33.02,2.09,0.01,0.05,-2.05,-5.54,-3.79,0,79.5,4.09,62.3,0.57,1.085082745,166.53,148.51
2023,4,30,7,0.46,0.96,1.96,56.95,106.48,7.45,0.09,0.45,0.7,-4.94,-2.12,0.01,66.69,4.27,62.33,1.36,2.588969357,198.75,198.1
2023,4,30,8,1.01,1.72,2.92,124.15,196.35,15.87,0.31,1.58,2.44,-3.93,-0.74,0.03,63.62,4.64,62.35,2.31,4.397440598,216.75,216.53
2023,4,30,9,1.15,2.42,3.72,147.9,281.12,19.48,0.5,2.6,3.15,-3.27,-0.06,0.09,63.56,4.88,62.36,2.59,4.930463701,224.39,224.41
2023,4,30,10,1.43,2.85,4.3,178.42,328.38,23.02,0.66,3.33,3.62,-2.3,0.66,0.23,66.31,5.25,62.37,3.4,6.472423392,223.14,223.27
2023,4,30,11,1.35,3.27,4.63,183.98,385.35,24.94,0.8,3.95,4.47,-1.33,1.57,0.41,67.38,5.68,62.34,4.32,8.223785015,219.86,219.94
2023,4,30,12,0.68,3.27,4.69,100.08,384.08,14.12,0.42,2.12,5.42,-0.83,2.3,0.57,65.56,5.92,62.27,5.38,10.24165819,217.39,217.46
2023,4,30,13,0.63,2.97,4.46,90.17,344.83,12.37,0.36,1.77,4.23,-0.78,1.73,0.54,71.44,5.92,62.24,6.08,11.57421595,218.74,218.89
2023,4,30,14,0.41,2.13,3.97,58.65,233.27,7.49,0.18,0.9,2.58,-0.92,0.83,0.32,79.44,5.86,62.22,5.61,10.6794986,222.18,222.35
2023,4,30,15,0.45,1.85,3.24,60.62,211.02,8.34,0.18,0.9,1.9,-1.16,0.37,0.15,82.12,5.8,62.19,4.87,9.270794682,221.75,221.83
2023,4,30,16,0.23,1.11,2.34,29.77,123.02,4.09,0.06,0.3,1.42,-1.38,0.02,0.08,83.88,5.68,62.19,4.41,8.39511387,220.83,220.93
2023,4,30,17,0.13,0.46,1.31,15.17,51.1,2.07,0.02,0.08,0.76,-1.4,-0.32,0.05,87.81,5.68,62.21,3.92,7.46232344,218.36,218.46
2023,4,30,18,0.05,0.06,0.28,3.77,6.27,0.48,0,0,-0.36,-1.45,-0.9,0.03,95.31,5.68,62.25,3.04,5.787107974,212.1,212.17
2023,4,30,19,0,0,0,0,0,0,0,0,-0.88,-1.7,-1.29,0.04,97.81,5.55,62.29,2.39,4.549732914,203.54,203.31
2023,4,30,20,0,0,0,0,0,0,0,0,-1.11,-1.95,-1.53,0.04,97.88,5.49,62.33,2.14,4.073819429,200.48,199.86
2023,4,30,21,0,0,0,0,0,0,0,0,-1.28,-2.17,-1.73,0.06,97.56,5.37,62.35,1.98,3.769234799,199.79,198.99
2023,4,30,22,0,0,0,0,0,0,0,0,-1.43,-2.35,-1.89,0.07,97.12,5.25,62.33,1.84,3.502723247,201.98,200.3
2023,4,30,23,0,0,0,0,0,0,0,0,-1.52,-2.45,-1.99,0.07,96.94,5.25,62.29,1.81,3.445613629,202.35,200.84
2023,5,1,0,0,0,0,0,0,0,0,0,-1.73,-2.57,-2.15,0.06,97.56,5.19,62.23,1.65,3.141028999,203.66,201.91
2023,5,1,1,0,0,0,0,0,0,0,0,-2.07,-2.74,-2.41,0.04,98.88,5.13,62.18,1.43,2.722225132,203.77,201.68
2023,5,1,2,0,0,0,0,0,0,0,0,-2.28,-2.82,-2.56,0.02,100,5.07,62.15,1.13,2.151128951,204.08,202.35
2023,5,1,3,0,0,0,0,0,0,0,0,-2.53,-2.84,-2.68,0.01,100,5.07,62.16,1.04,1.979800096,205.8,204.38
2023,5,1,4,0,0,0,0,0,0,0,0,-2.85,-3.01,-2.92,0.01,100,5,62.18,1.13,2.151128951,203.56,203.17
2023,5,1,5,0.02,0.01,0.06,1.12,1.23,0.16,0,0,-3.41,-3.41,-3.41,0.01,100,4.88,62.21,1.42,2.703188593,205.86,206.31
2023,5,1,6,0.17,0.29,0.91,20.35,31.95,2.46,0.01,0.05,-2.44,-3.37,-2.91,0,98.12,4.88,62.26,2.11,4.016709811,215.22,214.72
2023,5,1,7,0.47,0.95,1.97,58.05,106.12,7.88,0.1,0.5,-0.88,-3.75,-2.31,0,84,4.76,62.32,2.69,5.120829095,225.82,225.65
2023,5,1,8,0.73,1.72,2.93,94.42,196.95,13.14,0.27,1.38,0.87,-4.35,-1.74,0,69.88,4.52,62.37,3.4,6.472423392,229.84,229.83
2023,5,1,9,0.73,2.55,3.72,103.12,302.65,14.91,0.41,2.08,1.99,-4.45,-1.23,0,63.31,4.46,62.4,4.13,7.862090767,227.22,227.29
2023,5,1,10,0.9,3.15,4.31,129.4,379,19.04,0.59,2.95,2.49,-4.07,-0.79,0,62.69,4.58,62.41,4.49,8.547406185,223.31,223.41
2023,5,1,11,1.07,3.51,4.64,153.05,424.33,22.57,0.75,3.75,2.68,-3.76,-0.54,0,63.38,4.7,62.39,4.62,8.794881197,219.99,220.12
2023,5,1,12,1.04,3.54,4.69,150.52,428.95,22.27,0.74,3.75,2.62,-3.54,-0.46,0,64.69,4.76,62.35,4.7,8.947173512,217.98,218.08
2023,5,1,13,1.19,3.32,4.46,168.12,400.73,24.54,0.78,3.9,2.15,-3.46,-0.66,0,67.25,4.82,62.31,4.64,8.832954276,216.93,216.96
2023,5,1,14,0.8,2.86,3.97,111.67,343.23,16.45,0.47,2.4,1.58,-3.52,-0.96,0,69.88,4.82,62.28,4.37,8.318967712,215.99,216
2023,5,1,15,0.6,2.19,3.25,82.65,260.9,12.41,0.3,1.52,1.16,-3.53,-1.18,0,72.12,4.82,62.25,4.08,7.76690807,214.39,214.38
2023,5,1,16,0.33,1.42,2.34,41.9,166.12,6.28,0.11,0.52,0.66,-3.59,-1.46,0,74.56,4.76,62.24,3.76,7.15773881,213.13,213.03
2023,5,1,17,0.13,0.64,1.32,16.48,73.17,2.49,0.02,0.1,-0.13,-3.62,-1.88,0,79,4.76,62.24,3.35,6.377240695,209.98,209.96
2023,5,1,18,0.07,0.08,0.28,6.4,8.95,0.88,0,0.02,-1.4,-3.63,-2.52,0,87.88,4.82,62.27,2.69,5.120829095,204.71,204.5
2023,5,1,19,0,0,0,0,0,0,0,0,-2.36,-3.74,-3.05,0,95.12,4.76,62.3,2.09,3.978636732,199.18,198.08
2023,5,1,20,0,0,0,0,0,0,0,0,-2.94,-4.17,-3.56,0,96.94,4.64,62.33,1.53,2.912590526,193.89,191.87
2023,5,1,21,0,0,0,0,0,0,0,0,-3.67,-5.1,-4.38,0,95.75,4.33,62.36,0.97,1.846544321,197.41,192.37
2023,5,1,22,0,0,0,0,0,0,0,0,-4.1,-6.44,-5.27,0,88.62,3.85,62.36,0.65,1.23737506,201.29,195.09
2023,5,1,23,0,0,0,0,0,0,0,0,-4.3,-7.52,-5.91,0,81.94,3.48,62.34,0.44,0.837607733,194.53,186.12
2023,5,2,0,0,0,0,0,0,0,0,0,-4.54,-8.24,-6.39,0,78,3.23,62.3,0.33,0.6282058,175.91,157.62
2023,5,2,1,0,0,0,0,0,0,0,0,-4.75,-8.77,-6.77,0,75.38,3.11,62.24,0.26,0.494950024,148.74,111.5
2023,5,2,2,0,0,0,0,0,0,0,0,-4.96,-9.13,-7.04,0,74.12,2.99,62.19,0.24,0.456876945,101.31,70.28
2023,5,2,3,0,0,0,0,0,0,0,0,-5.22,-9.35,-7.28,0,74.25,2.93,62.16,0.42,0.799534654,56.31,50.55
2023,5,2,4,0,0,0,0,0,0,0,0,-5.35,-9.49,-7.42,0,74.12,2.87,62.14,0.6,1.142192363,53.43,51.47
2023,5,2,5,0.02,0.01,0.07,1.02,1.38,0.14,0,0,-5.01,-9.47,-7.24,0,72.12,2.93,62.17,0.65,1.23737506,62.82,60.91
2023,5,2,6,0.1,0.31,0.93,11.92,33.83,1.65,0.01,0.02,-3.4,-8.35,-5.88,0,70,3.23,62.22,0.53,1.008936588,107.9,96.84
2023,5,2,7,0.36,0.99,1.98,46.02,109.88,6.48,0.09,0.42,-0.63,-7.05,-3.85,0,61.94,3.6,62.27,1.48,2.817407829,199.39,199.15
2023,5,2,8,0.59,1.79,2.93,77.1,204.98,11.1,0.23,1.17,1.61,-5.87,-2.13,0,57.75,3.97,62.31,2.68,5.101792556,213.46,213.39
2023,5,2,9,0.74,2.52,3.73,103.83,293.42,14.8,0.4,2.05,3.5,-5.1,-0.8,0,53.62,4.21,62.34,3.56,6.777008022,212.09,212.08
2023,5,2,10,0.71,3.1,4.31,102.48,365.62,14.78,0.46,2.27,4.71,-4.26,0.23,0,52.69,4.52,62.36,4.61,8.775844657,210.21,210.21
2023,5,2,11,1.03,3.4,4.64,146.6,401.77,21.36,0.73,3.67,4.4,-3.46,0.48,0,57.25,4.82,62.38,5.3,10.08936588,210.69,210.74
2023,5,2,12,1.02,3.39,4.69,143.23,399.12,21.01,0.72,3.7,3.76,-2.96,0.4,0,62.31,5,62.37,5.25,9.994183178,212.72,212.72
2023,5,2,13,1.21,3.2,4.47,163.5,375.6,23.42,0.77,3.85,3.78,-2.92,0.43,0,62.5,5,62.35,4.98,9.480196615,215.61,215.55
2023,5,2,14,1.22,2.74,3.97,161.98,320.45,23.17,0.71,3.6,3.85,-2.96,0.44,0,62,5,62.32,4.77,9.080429288,218.95,218.85
2023,5,2,15,0.93,2.07,3.25,119.02,238.77,16.56,0.41,2.1,3.65,-3.09,0.29,0,62.38,4.94,62.3,4.53,8.623552342,221.5,221.57
2023,5,2,16,0.54,1.33,2.35,67.62,150.5,9.38,0.16,0.77,3.1,-3,0.05,0,65.38,5,62.28,4.04,7.690761912,220.37,220.45
2023,5,2,17,0.34,0.6,1.32,39.27,66.4,5.23,0.04,0.2,1.92,-2.58,-0.33,0,73.44,5.19,62.29,3.56,6.777008022,214.07,214
2023,5,2,18,0.08,0.08,0.29,7,8.58,0.95,0,0.02,0.06,-2.14,-1.04,0,86.94,5.37,62.3,2.75,5.235048331,204.89,204.66
2023,5,2,19,0,0,0,0,0,0,0,0,-0.97,-2.13,-1.56,0,95.12,5.37,62.32,2.08,3.959600193,197.69,197.16
2023,5,2,20,0,0,0,0,0,0,0,0,-0.96,-2.14,-1.55,0,95.06,5.37,62.37,1.88,3.578869405,200.17,199
2023,5,2,21,0,0,0,0,0,0,0,0,-1.35,-2.35,-1.85,0,96.44,5.25,62.43,1.73,3.293321314,211.54,209.86
2023,5,2,22,0,0,0,0,0,0,0,0,-1.58,-2.7,-2.14,0,95.25,5.13,62.45,1.78,3.388504011,217.68,216.5
2023,5,2,23,0,0,0,0,0,0,0,0,-2.03,-3.04,-2.53,0,96.19,4.94,62.43,1.56,2.969700144,218.3,217.42
2023,5,3,0,0,0,0,0,0,0,0,0,-2.28,-3.36,-2.82,0,95.88,4.82,62.4,1.28,2.436677042,218.55,218.38
2023,5,3,1,0,0,0,0,0,0,0,0,-2.59,-3.77,-3.18,0,95.44,4.7,62.38,1.15,2.18920203,233.29,235.15
2023,5,3,2,0,0,0,0,0,0,0,0,-2.77,-4.17,-3.47,0,94.12,4.58,62.36,1.08,2.055946254,246.96,250.86
2023,5,3,3,0,0,0,0,0,0,0,0,-2.87,-4.48,-3.67,0,92.56,4.46,62.34,0.74,1.408703915,254.05,258.87
2023,5,3,4,0,0,0,0,0,0,0,0,-2.97,-4.65,-3.81,0,91.94,4.39,62.32,0.52,0.989900048,255.34,259.3
2023,5,3,5,0.02,0.01,0.07,1.35,1.3,0.17,0,0,-2.77,-4.4,-3.59,0,92.38,4.46,62.33,0.46,0.875680812,231.95,231.84
2023,5,3,6,0.25,0.3,0.94,27.15,32.9,3.27,0.02,0.08,-1.7,-3.49,-2.6,0,90.88,4.82,62.37,1.21,2.303421266,209.7,209.92
2023,5,3,7,0.79,0.99,1.99,89.55,108.2,11.4,0.15,0.73,0.15,-1.67,-0.76,0,89.69,5.55,62.43,2.67,5.082756016,208.66,208.74
2023,5,3,8,1.43,1.88,2.94,169.48,214.88,22.39,0.48,2.42,2.46,-0.84,0.81,0,80.62,5.86,62.47,4.6,8.756808118,217.96,217.96
2023,5,3,9,2.1,2.66,3.74,254.2,309.95,33.94,0.95,4.98,4.32,-0.88,1.72,0,70.62,5.86,62.51,5.53,10.52720628,222.94,222.96
2023,5,3,10,2.23,3.15,4.32,271.3,369.48,37.03,1.19,5.95,5.45,-0.99,2.23,0,64.81,5.8,62.54,5.81,11.06022938,225.65,225.61
2023,5,3,11,2.34,3.53,4.65,292.45,417.55,40.7,1.41,7.17,6.3,-0.84,2.73,0,61.88,5.92,62.53,6.04,11.49806979,226.05,226.05
2023,5,3,12,2.37,3.72,4.7,304.45,447.85,43.64,1.56,8.02,6.7,-0.63,3.03,0,61.06,5.98,62.5,6.3,11.99301981,224.55,224.56
2023,5,3,13,2.1,3.42,4.47,267.48,409.9,38.19,1.27,6.4,6.63,-0.34,3.15,0,62.75,6.1,62.45,6.41,12.20242175,222.68,222.73
2023,5,3,14,1.78,2.97,3.98,224.33,356,31.52,0.96,4.9,6.12,-0.09,3.02,0,66.19,6.23,62.42,6.42,12.22145829,220.46,220.48
2023,5,3,15,1,2.27,3.26,131.42,269.23,18.62,0.46,2.33,5.13,-0.14,2.5,0,70.56,6.23,62.4,6.16,11.72650826,217.38,217.46
2023,5,3,16,0.71,1.44,2.35,88.75,168.2,12.3,0.2,1,4.05,-0.52,1.76,0,73.81,6.04,62.39,5.57,10.60335244,214.25,214.3
2023,5,3,17,0.33,0.62,1.33,41.73,70.65,5.48,0.05,0.23,2.68,-0.85,0.91,0,79.25,5.86,62.41,4.56,8.680661961,211.4,211.4
2023,5,3,18,0.07,0.08,0.3,6.77,9.1,0.86,0,0.02,0.99,-0.96,0.01,0.03,88.5,5.8,62.43,3.22,6.129765683,204.39,204.44
2023,5,3,19,0,0,0,0,0,0,0,0,-0.07,-1.17,-0.62,0.02,94.38,5.74,62.46,2.13,4.054782889,187.39,187.36
2023,5,3,20,0,0,0,0,0,0,0,0,-0.6,-1.71,-1.16,0.02,94.69,5.49,62.51,1.75,3.331394393,180,178.85
2023,5,3,21,0,0,0,0,0,0,0,0,-0.92,-2.15,-1.53,0.04,93.81,5.31,62.52,1.62,3.083919381,182.21,180.21
2023,5,3,22,0,0,0,0,0,0,0,0,-0.94,-2.24,-1.59,0.08,93.25,5.25,62.5,1.91,3.635979023,187.27,185.89
2023,5,3,23,0,0,0,0,0,0,0,0,-1,-2.17,-1.59,0.14,94.38,5.31,62.46,2.1,3.997673271,190.3,189.33
2023,5,4,0,0,0,0,0,0,0,0,0,-1.17,-2.12,-1.64,0.19,96.5,5.37,62.41,2.03,3.864417496,190.4,189.8
2023,5,4,1,0,0,0,0,0,0,0,0,-1.38,-2.09,-1.74,0.24,98.88,5.37,62.38,2.02,3.845380956,192.75,192.03
2023,5,4,2,0,0,0,0,0,0,0,0,-1.65,-2.19,-1.92,0.26,100,5.37,62.35,1.88,3.578869405,192.94,191.34
2023,5,4,3,0,0,0,0,0,0,0,0,-2.02,-2.38,-2.2,0.2,100,5.31,62.31,1.56,2.969700144,188.62,184.7
2023,5,4,4,0,0,0,0,0,0,0,0,-2.38,-2.65,-2.52,0.1,100,5.25,62.29,1.36,2.588969357,187.9,182
2023,5,4,5,0.02,0.01,0.08,1.15,1.42,0.15,0,0,-2.51,-2.87,-2.69,0.04,100,5.13,62.29,1.09,2.074982793,189.06,183.43
2023,5,4,6,0.1,0.29,0.95,11.35,31.8,1.55,0.01,0.05,-1.33,-2.54,-1.94,0.06,95.69,5.25,62.33,1.35,2.569932817,199.59,199.08
2023,5,4,7,0.26,0.88,2,32.85,97.17,4.63,0.07,0.35,0.64,-1.29,-0.32,0.04,89.5,5.74,62.38,2.65,5.044682938,211.11,211.21
2023,5,4,8,0.35,1.61,2.95,46.92,180.1,6.59,0.15,0.75,2.43,-0.63,0.9,0.11,83.06,6.04,62.43,4.31,8.204748476,218.97,218.89
2023,5,4,9,0.38,2.33,3.74,57.2,267,8.22,0.23,1.2,4.43,-0.67,1.88,0.4,72,6.04,62.46,5.4,10.27973127,222.42,222.37
2023,5,4,10,0.44,2.93,4.32,64.83,341.38,9.27,0.29,1.42,5.51,-0.98,2.26,1.11,65.12,5.86,62.47,5.77,10.98408323,223.68,223.73
2023,5,4,11,0.74,3.4,4.65,110.42,404.7,16,0.54,2.83,5.98,-0.74,2.62,1.65,64.06,5.98,62.46,6,11.42192363,221.89,221.89
2023,5,4,12,0.71,3.84,4.7,109.52,474.12,17.77,0.66,3.48,6.06,-0.4,2.83,1.65,65.31,6.16,62.43,6.23,11.85976404,220.22,220.19
2023,5,4,13,0.95,3.59,4.47,140.55,441.12,22.48,0.81,4.08,5.69,-0.05,2.82,1.27,68.75,6.29,62.4,6.31,12.01205635,219.22,219.27
2023,5,4,14,0.77,3.11,3.98,109.92,379.95,17.52,0.59,3,5.22,0.03,2.62,0.77,71.44,6.35,62.36,6.15,11.70747172,218.97,218.97
2023,5,4,15,0.5,2.43,3.26,71.4,294.7,11.34,0.32,1.65,4.63,-0.12,2.26,0.34,73.62,6.29,62.33,5.55,10.56527936,217.74,217.72
2023,5,4,16,0.6,1.61,2.36,75.45,192.95,10.86,0.22,1.08,3.8,-0.29,1.75,0.13,77.12,6.16,62.31,4.84,9.213685063,215.28,215.25
2023,5,4,17,0.32,0.75,1.34,39.45,87.33,5.38,0.05,0.25,2.53,-0.41,1.06,0.06,83.75,6.16,62.3,4.09,7.785944609,212.35,212.31
2023,5,4,18,0.1,0.1,0.3,9.35,10.88,1.27,0.01,0.02,0.77,-0.52,0.12,0.03,94.56,6.1,62.31,2.93,5.57770604,208.48,208.26
2023,5,4,19,0,0,0,0,0,0,0,0,-0.05,-0.77,-0.41,0.02,99.25,6.04,62.34,2.19,4.169002126,202.9,202.83
2023,5,4,20,0,0,0,0,0,0,0,0,-0.68,-1.39,-1.04,0.01,100,5.8,62.38,1.41,2.684152054,199.04,196.04
2023,5,4,21,0,0,0,0,0,0,0,0,-1.77,-2.28,-2.02,0.01,100,5.43,62.4,1.04,1.979800096,192.15,186.23
2023,5,4,22,0,0,0,0,0,0,0,0,-2.85,-3.53,-3.19,0.01,100,4.94,62.39,0.84,1.599069309,187.45,178.72
2023,5,4,23,0,0,0,0,0,0,0,0,-3.38,-5.09,-4.24,0.01,94.38,4.33,62.35,0.66,1.2564116,179.33,168.06
2023,5,5,0,0,0,0,0,0,0,0,0,-3.71,-6.08,-4.9,0,88.94,3.97,62.3,0.46,0.875680812,163.11,148.78
2023,5,5,1,0,0,0,0,0,0,0,0,-4.19,-6.72,-5.45,0,87.25,3.78,62.25,0.28,0.533023103,104.42,93.75
2023,5,5,2,0,0,0,0,0,0,0,0,-4.74,-7.58,-6.16,0,84.62,3.48,62.2,0.41,0.780498115,51.17,50.5
2023,5,5,3,0,0,0,0,0,0,0,0,-5.31,-8.81,-7.06,0,79.56,3.11,62.16,0.72,1.370630836,33.86,34.6
2023,5,5,4,0,0,0,0,0,0,0,0,-5.76,-9.98,-7.87,0,74.25,2.81,62.15,0.94,1.789434702,30.39,31.48
2023,5,5,5,0.02,0.02,0.08,1.6,1.73,0.22,0,0,-5.85,-11.04,-8.45,0,67.75,2.56,62.16,1.03,1.960763557,29.69,30.66
2023,5,5,6,0.36,0.35,0.96,36.35,37.33,4.73,0.02,0.12,-3.49,-9.42,-6.45,0,65.56,2.99,62.2,0.87,1.656178927,24.95,29
2023,5,5,7,1.05,1.11,2.01,112.4,119.98,13.94,0.2,1,0.37,-9.86,-4.74,0,45.25,2.87,62.24,0.38,0.723388497,349.38,354.47
2023,5,5,8,1.79,1.93,2.96,200.83,216.92,25.35,0.57,2.88,3.8,-9.77,-2.98,0,37.31,2.99,62.27,2.53,4.816244465,244.78,244.46
2023,5,5,9,2.52,2.7,3.75,293.75,311.3,38.43,1.12,5.77,5.65,-8.84,-1.6,0,36.19,3.3,62.29,3.65,6.948336876,236.79,236.63
2023,5,5,10,2.85,3.3,4.33,338,385.05,46.12,1.55,8.25,6.93,-7.05,-0.06,0,38.25,3.85,62.29,4.37,8.318967712,231.96,231.82
2023,5,5,11,3.03,3.61,4.65,369.88,423.8,51.05,1.86,10.05,7.68,-5.33,1.18,0,41.69,4.39,62.28,5.13,9.765744706,229.51,229.45
2023,5,5,12,3.18,3.83,4.7,406.45,465.48,59.1,2.23,12.1,7.86,-3.42,2.22,0,47.31,5.07,62.26,5.52,10.50816974,229.42,229.41
2023,5,5,13,2.81,3.61,4.47,355.6,437.83,51.12,1.84,9.6,7.71,-1.87,2.92,0,52.94,5.62,62.22,5.54,10.54624282,230.32,230.37
2023,5,5,14,2.17,3.16,3.98,266.98,384,38.76,1.25,6.48,7.39,-1.1,3.15,0,56.75,5.86,62.18,5.47,10.41298704,230.97,230.94
2023,5,5,15,1.71,2.5,3.26,211.9,302.92,29.87,0.79,4.08,6.64,-0.96,2.84,0,60,5.92,62.16,5.16,9.822854324,231.45,231.58
2023,5,5,16,1.01,1.67,2.36,122.85,200.2,16.75,0.31,1.52,5.55,-1.14,2.2,0,63.75,5.8,62.15,4.6,8.756808118,231.48,231.64
2023,5,5,17,0.44,0.82,1.35,52.83,95.27,6.91,0.06,0.3,3.9,-1.21,1.35,0,71.25,5.8,62.16,3.83,7.290994585,231.21,231.28
2023,5,5,18,0.11,0.12,0.31,10.55,12.67,1.41,0.01,0.02,1.58,-1.1,0.24,0,85,5.86,62.18,2.51,4.778171386,227.77,228
2023,5,5,19,0,0,0,0,0,0,0,0,0.46,-0.92,-0.23,0,93.44,5.92,62.21,1.88,3.578869405,220.96,221.3
2023,5,5,20,0,0,0,0,0,0,0,0,-0.23,-1.06,-0.64,0,97.44,5.86,62.24,1.45,2.760298211,217.55,218.21
2023,5,5,21,0,0,0,0,0,0,0,0,-0.24,-1.25,-0.74,0,96.19,5.8,62.26,1.11,2.113055872,218.98,219.69
2023,5,5,22,0,0,0,0,0,0,0,0,-0.79,-1.96,-1.38,0,95.44,5.49,62.24,0.6,1.142192363,225.53,229.47
2023,5,5,23,0,0,0,0,0,0,0,0,-1.6,-2.68,-2.14,0,96.69,5.19,62.2,0.36,0.685315418,219.64,223.26
2023,5,6,0,0,0,0,0,0,0,0,0,-2.18,-3.26,-2.72,0,96.94,4.94,62.16,0.4,0.761461575,211.53,209.74
2023,5,6,1,0,0,0,0,0,0,0,0,-2.27,-4.24,-3.25,0,90.44,4.58,62.13,0.48,0.913753891,201.97,200.05
2023,5,6,2,0,0,0,0,0,0,0,0,-2.42,-5.02,-3.72,0,86.06,4.33,62.11,0.48,0.913753891,193.13,194.81
2023,5,6,3,0,0,0,0,0,0,0,0,-2.67,-5.46,-4.07,0,85.12,4.21,62.1,0.47,0.894717351,183.81,186.48
2023,5,6,4,0,0,0,0,0,0,0,0,-2.94,-5.77,-4.35,0,85,4.09,62.11,0.34,0.647242339,181.3,184.9
2023,5,6,5,0.03,0.03,0.09,2.65,2.9,0.37,0,0,-3.22,-5.68,-4.45,0,87.44,4.09,62.13,0.14,0.266511551,186.34,194.04
2023,5,6,6,0.52,0.57,0.97,58.88,65.83,6.84,0.04,0.17,-1.72,-4.79,-3.25,0,82.38,4.39,62.17,0.27,0.513986563,194.83,186.17
2023,5,6,7,1.26,1.42,2.02,148.3,169.23,18.76,0.28,1.38,1.65,-3.74,-1.04,0,68.81,4.76,62.21,1.67,3.179102078,238.62,238.55
2023,5,6,8,2.08,2.27,2.96,249.48,271.95,33.68,0.8,4,4.08,-3.94,0.07,0,57.62,4.7,62.25,2.95,5.615779119,237.24,237.2
2023,5,6,9,2.58,3,3.75,316.3,360.38,44.62,1.37,7.12,6.06,-3.82,1.12,0,51.12,4.82,62.28,3.8,7.233884967,234.97,234.84
2023,5,6,10,2.94,3.53,4.33,361.8,424.35,52.24,1.84,9.65,7.51,-3.05,2.23,0,49.31,5.13,62.29,4.55,8.661625421,232.32,232.15
2023,5,6,11,2.99,3.82,4.65,375.3,458.27,54.62,2.07,11.08,8.32,-1.97,3.17,0,50.69,5.55,62.28,5.09,9.689598548,230.05,229.91
2023,5,6,12,2.73,3.8,4.7,347.42,454.17,49.9,1.89,10.17,8.62,-0.92,3.85,0,53.19,5.98,62.24,5.37,10.22262165,229.13,229.02
2023,5,6,13,2.38,3.59,4.47,293.92,429.7,42.6,1.55,8.1,8.45,-0.18,4.14,0,56.38,6.23,62.21,5.41,10.29876781,228.92,228.9
2023,5,6,14,2.05,3.11,3.98,253.15,369.42,35.8,1.17,6.05,8.03,0.24,4.14,0,59.31,6.41,62.18,5.29,10.07032934,229.07,229.16
2023,5,6,15,1.62,2.51,3.27,197.9,295.98,27.83,0.76,3.92,7.41,0.34,3.88,0,62.19,6.47,62.15,5.25,9.994183178,227.05,227.1
2023,5,6,16,1.06,1.72,2.37,124.88,200.58,16.97,0.33,1.62,6.35,0.19,3.27,0,65.88,6.35,62.14,5.15,9.803817784,225.31,225.34
2023,5,6,17,0.47,0.86,1.35,54.73,96.9,7.16,0.07,0.33,4.73,0.12,2.42,0,73.06,6.29,62.15,4.59,8.737771579,223.9,224.03
2023,5,6,18,0.1,0.12,0.32,9.5,12.3,1.32,0.01,0.02,2.58,0.12,1.35,0,84.88,6.29,62.17,3.24,6.167838761,221.38,221.59
2023,5,6,19,0,0,0,0,0,0,0,0,1.45,-0.07,0.69,0,91,6.23,62.2,2.12,4.03574635,218.73,218.83
2023,5,6,20,0,0,0,0,0,0,0,0,0.67,-0.4,0.13,0,93.94,6.04,62.25,1.54,2.931627066,214.25,215.58
2023,5,6,21,0,0,0,0,0,0,0,0,0.52,-0.7,-0.1,0,93.06,5.92,62.28,1.54,2.931627066,213.45,213.69
2023,5,6,22,0,0,0,0,0,0,0,0,0.01,-0.95,-0.48,0,94.94,5.8,62.29,1.33,2.531859738,205.36,205.35
2023,5,6,23,0,0,0,0,0,0,0,0,-0.38,-1.23,-0.8,0,96.06,5.68,62.28,1.25,2.379567423,196.73,196.02
2023,5,7,0,0,0,0,0,0,0,0,0,-1.1,-1.92,-1.5,0,96.94,5.43,62.27,1.16,2.208238569,199.65,198.07
2023,5,7,1,0,0,0,0,0,0,0,0,-2.28,-2.91,-2.6,0,99.56,5.07,62.24,1.03,1.960763557,208.51,206.25
2023,5,7,2,0,0,0,0,0,0,0,0,-2.92,-4.34,-3.63,0,94.5,4.52,62.21,1,1.903653939,215.43,214.32
2023,5,7,3,0,0,0,0,0,0,0,0,-3.06,-5.1,-4.07,0,90.19,4.27,62.19,1.02,1.941727017,207.35,204.21
2023,5,7,4,0,0,0,0,0,0,0,0,-2.94,-4.81,-3.87,0,91.44,4.39,62.18,1.16,2.208238569,200.51,197.87
2023,5,7,5,0.03,0.03,0.09,2.62,2.88,0.37,0,0,-2.87,-4.36,-3.61,0,94,4.52,62.2,1.32,2.512823199,196.5,193.85
2023,5,7,6,0.47,0.53,0.98,52.67,59.8,6.48,0.04,0.17,-1.42,-3.52,-2.47,0,88.94,4.82,62.24,1.76,3.350430932,197.31,196.4
2023,5,7,7,1.2,1.38,2.02,140.55,161.35,17.86,0.28,1.38,0.97,-2.62,-0.83,0,79.25,5.19,62.28,2.96,5.634815659,210.5,210.8
2023,5,7,8,1.86,2.23,2.97,224,265.17,30.35,0.74,3.75,2.93,-2.8,0.06,0,67.88,5.13,62.31,3.76,7.15773881,220.87,220.94
2023,5,7,9,2.37,2.97,3.76,291.88,354.35,40.96,1.28,6.83,4.8,-2.69,1.06,0,59.75,5.13,62.33,4.56,8.680661961,224.1,224.16
2023,5,7,10,2.72,3.52,4.33,334.15,420.52,48.36,1.73,9.02,6.16,-2.3,1.93,0,55.81,5.31,62.35,5.22,9.93707356,223.97,223.92
2023,5,7,11,2.84,3.82,4.65,358.88,457.95,52.09,2.02,10.75,7.01,-2.01,2.5,0,53.81,5.37,62.35,5.66,10.77468129,223.32,223.33
2023,5,7,12,2.66,3.7,4.7,335.52,438.5,46.69,1.79,9.7,7.49,-1.88,2.81,0,52.56,5.43,62.33,5.92,11.26963132,223.02,223.06
2023,5,7,13,2.32,3.51,4.48,291.08,416.65,40.9,1.48,7.83,7.51,-1.56,2.98,0,53.75,5.62,62.3,6.01,11.44096017,222.31,222.3
2023,5,7,14,2.06,3.06,3.99,253.77,364.73,35.52,1.17,6.05,7.12,-1.25,2.94,0,56.38,5.74,62.27,5.95,11.32674094,221.7,221.68
2023,5,7,15,1.52,2.36,3.27,186.45,278.4,25.39,0.69,3.58,6.39,-1,2.69,0,60.31,5.8,62.23,5.75,10.94601015,221.97,222.02
2023,5,7,16,0.98,1.63,2.37,118.12,193.6,15.79,0.31,1.52,5.28,-1.02,2.13,0,65,5.8,62.22,5.28,10.0512928,222.54,222.58
2023,5,7,17,0.5,0.82,1.36,59.83,96.17,7.49,0.08,0.38,3.83,-1.01,1.41,0,72.06,5.8,62.21,4.52,8.604515803,221.49,221.58
2023,5,7,18,0.08,0.12,0.32,7.83,13.33,1.09,0.01,0.02,1.92,-0.77,0.58,0.01,84.12,5.92,62.22,3.18,6.053619525,218.11,218.43
2023,5,7,19,0,0,0,0,0,0,0,0,0.98,-0.51,0.23,0.01,92.12,6.04,62.24,2.18,4.149965586,212.09,212.4
2023,5,7,20,0,0,0,0,0,0,0,0,0.87,-0.47,0.2,0,93.12,6.1,62.28,2.01,3.826344417,211.35,211.61
2023,5,7,21,0,0,0,0,0,0,0,0,0.43,-0.42,0,0,96.31,6.1,62.31,1.54,2.931627066,208.91,209.97
2023,5,7,22,0,0,0,0,0,0,0,0,0.6,-0.42,0.09,0,95.06,6.1,62.32,1.61,3.064882841,211.06,211.42
2023,5,7,23,0,0,0,0,0,0,0,0,0.06,-0.6,-0.27,0,97.31,5.98,62.3,1.34,2.550896278,213.14,213.08
2023,5,8,0,0,0,0,0,0,0,0,0,-0.1,-0.77,-0.43,0,97.19,5.92,62.25,0.93,1.770398163,212.36,212.71
2023,5,8,1,0,0,0,0,0,0,0,0,-0.8,-1.36,-1.08,0,98.75,5.68,62.21,0.64,1.218338521,230.46,234.26
2023,5,8,2,0,0,0,0,0,0,0,0,-1.77,-2.27,-2.02,0,100,5.31,62.18,0.52,0.989900048,252.39,276.91
2023,5,8,3,0,0,0,0,0,0,0,0,-2.88,-3.37,-3.13,0,100,4.88,62.16,0.27,0.513986563,273.37,349.32
2023,5,8,4,0,0,0,0,0,0,0,0,-3.81,-4.26,-4.03,0,100,4.58,62.17,0.24,0.456876945,26.57,32.97
2023,5,8,5,0.04,0.03,0.1,3.05,3.38,0.41,0,0,-3.72,-4.7,-4.2,0,97.69,4.39,62.22,0.29,0.552059642,72.55,65.96
2023,5,8,6,0.56,0.63,0.99,64.05,72.65,7.47,0.04,0.2,-1.45,-4.67,-3.06,0,81.38,4.39,62.29,0.59,1.123155824,170.04,155.18
2023,5,8,7,1.4,1.51,2.03,164.33,179,20.96,0.3,1.5,1.74,-6.07,-2.17,0,58.31,4.03,62.35,2.08,3.959600193,206.85,206.95
2023,5,8,8,2.22,2.35,2.98,263.77,279.77,35.8,0.83,4.12,4.09,-8.08,-1.99,0,41.94,3.42,62.41,3.48,6.624715707,222.27,222.3
2023,5,8,9,2.65,3.07,3.76,321.4,365.5,45.48,1.36,7.02,5.87,-8.76,-1.45,0,34.5,3.17,62.46,4.42,8.414150409,224.57,224.6
2023,5,8,10,3.12,3.6,4.33,380.25,427.83,54.9,1.9,9.9,7.06,-8.29,-0.61,0,32.75,3.3,62.48,5.15,9.803817784,224.02,224.01
2023,5,8,11,3.2,3.89,4.66,399.45,462.92,58.16,2.16,11.55,7.76,-7.06,0.35,0,34.12,3.6,62.47,5.56,10.5843159,222.61,222.66
2023,5,8,12,2.99,3.85,4.71,376.17,456.67,53.85,1.99,10.73,8.15,-5.81,1.17,0,36.44,3.97,62.44,5.92,11.26963132,221.41,221.43
2023,5,8,13,2.77,3.65,4.48,343.38,433.38,49.19,1.73,9.1,8.16,-4.78,1.69,0.02,39.44,4.27,62.41,6.31,12.01205635,220.38,220.51
2023,5,8,14,2.44,3.19,3.99,295.75,379.75,41.79,1.34,6.9,7.7,-4.15,1.77,0.06,42.75,4.52,62.38,6.55,12.4689333,220.36,220.52
2023,5,8,15,1.85,2.53,3.27,224.3,300.58,30.98,0.81,4.15,6.58,-3.63,1.48,0.08,48.19,4.7,62.36,6.57,12.50700638,222.64,222.88
2023,5,8,16,1.18,1.72,2.38,139.55,203.17,18.52,0.34,1.67,4.9,-2.97,0.97,0.1,57.06,4.94,62.35,6.07,11.55517941,226.77,227.01
2023,5,8,17,0.56,0.85,1.37,64.45,99.27,8.03,0.07,0.35,3.08,-2.62,0.23,0.09,66.81,5.07,62.36,4.9,9.3279043,229.14,229.31
2023,5,8,18,0.11,0.12,0.33,11.35,13.62,1.51,0.01,0.02,1.18,-2.55,-0.68,0.07,77.31,5.13,62.37,3.23,6.148802222,229.22,229.54
2023,5,8,19,0,0,0,0,0,0,0,0,-0.15,-2.72,-1.43,0.04,84.38,5.07,62.39,1.77,3.369467472,221.42,223
2023,5,8,20,0,0,0,0,0,0,0,0,-0.87,-3.15,-2.01,0.02,86.94,4.94,62.43,1.19,2.265348187,219.13,219.92
2023,5,8,21,0,0,0,0,0,0,0,0,-2.09,-3.66,-2.88,0,92.94,4.76,62.45,0.72,1.370630836,202.38,197.28
2023,5,8,22,0,0,0,0,0,0,0,0,-3.27,-4.44,-3.85,0,97.12,4.52,62.44,0.52,0.989900048,181.74,150.14
2023,5,8,23,0,0,0,0,0,0,0,0,-3.87,-7,-5.44,0,83.19,3.66,62.42,0.52,0.989900048,181.71,153.03
2023,5,9,0,0,0,0,0,0,0,0,0,-3.76,-11.88,-7.82,0,55.44,2.44,62.4,0.77,1.465813533,204.49,199.41
2023,5,9,1,0,0,0,0,0,0,0,0,-3.91,-16.06,-9.99,0,39.56,1.77,62.37,0.82,1.56099623,198.95,195.29
2023,5,9,2,0,0,0,0,0,0,0,0,-3.95,-17.97,-10.96,0,33.25,1.46,62.34,0.83,1.580032769,190.89,189.2
2023,5,9,3,0,0,0,0,0,0,0,0,-4.27,-16.99,-10.63,0,36,1.53,62.3,0.77,1.465813533,183.5,183.27
2023,5,9,4,0,0,0,0,0,0,0,0,-4.72,-15.35,-10.03,0,42.44,1.77,62.28,0.54,1.027973127,167.56,171.05
2023,5,9,5,0.04,0.04,0.1,3.27,3.65,0.44,0,0,-5.1,-14.34,-9.71,0,47.88,1.89,62.28,0.36,0.685315418,137.64,148.78
2023,5,9,6,0.64,0.66,1,70.52,75.33,7.83,0.04,0.17,-3.29,-12.19,-7.74,0,52.5,2.44,62.31,0.36,0.685315418,162.35,141.95
2023,5,9,7,1.43,1.56,2.04,166.75,183.65,21.11,0.3,1.48,0.05,-15.07,-7.52,0,30.81,1.89,62.33,1.16,2.208238569,241.36,241.44
2023,5,9,8,2.21,2.41,2.98,262.5,285.92,35.87,0.81,4.02,2.84,-15.8,-6.48,0,23.56,1.77,62.36,3.1,5.90132721,246.4,246.45
2023,5,9,9,2.85,3.11,3.77,347.2,371.5,49.21,1.45,7.42,4.91,-14.07,-4.58,0,23.31,2.01,62.38,4.18,7.957273464,243.72,243.74
2023,5,9,10,3.24,3.62,4.34,397.4,433.77,57.59,1.97,10.27,6.58,-12.28,-2.85,0,24.06,2.32,62.4,5.08,9.670562009,238.51,238.56
2023,5,9,11,3.29,3.9,4.66,413,468.75,60.66,2.23,11.92,7.56,-10.56,-1.5,0,26.06,2.69,62.4,5.88,11.19348516,234.13,234.3
2023,5,9,12,3.17,3.87,4.71,402.25,463.95,58.24,2.13,11.5,7.86,-8.5,-0.32,0,30.19,3.17,62.39,6.29,11.97398327,232.72,232.86
2023,5,9,13,2.95,3.66,4.48,365.75,438.67,52.83,1.85,9.73,7.69,-6.6,0.55,0,35.44,3.72,62.38,6.36,12.10723905,233.34,233.52
2023,5,9,14,2.72,3.21,3.99,332.42,384.7,47.09,1.47,7.55,7.27,-5.41,0.93,0,39.94,4.09,62.35,6.27,11.9359102,234.27,234.47
2023,5,9,15,2.1,2.55,3.28,254.85,305.2,35.31,0.91,4.6,6.47,-4.61,0.93,0,45.06,4.33,62.31,6.09,11.59325249,234.72,234.97
2023,5,9,16,1.39,1.74,2.39,164.85,207.4,21.88,0.39,1.9,5.12,-3.88,0.62,0.01,52.5,4.64,62.28,5.66,10.77468129,234.38,234.59
2023,5,9,17,0.71,0.88,1.38,81.67,102.88,10.05,0.09,0.42,3.24,-3.06,0.09,0.02,64,4.94,62.25,4.74,9.02331967,232.09,232.32
2023,5,9,18,0.12,0.13,0.34,12.02,14.35,1.54,0.01,0.02,1.05,-2.41,-0.68,0.02,78.75,5.19,62.24,3.32,6.320131077,224.9,225.14
2023,5,9,19,0,0,0,0,0,0,0,0,-0.29,-2.04,-1.17,0.02,89.69,5.37,62.24,2.33,4.435513677,213.64,214.05
2023,5,9,20,0,0,0,0,0,0,0,0,-0.4,-1.99,-1.2,0.02,90.88,5.37,62.27,2.38,4.530696374,211.87,212.09
2023,5,9,21,0,0,0,0,0,0,0,0,-0.6,-2.01,-1.31,0.01,92.12,5.37,62.3,2.53,4.816244465,210.99,211.3
2023,5,9,22,0,0,0,0,0,0,0,0,-0.9,-2.16,-1.52,0.01,93.19,5.31,62.32,2.47,4.702025229,209.97,210.5
2023,5,9,23,0,0,0,0,0,0,0,0,-1.13,-2.28,-1.7,0.01,94.06,5.25,62.32,2.58,4.911427162,210.52,210.88
2023,5,10,0,0,0,0,0,0,0,0,0,-1.51,-2.6,-2.06,0.01,95.06,5.13,62.31,2.81,5.349267568,215.28,215.6
2023,5,10,1,0,0,0,0,0,0,0,0,-1.9,-2.93,-2.42,0,96.19,5,62.29,2.66,5.063719477,214.58,214.61
2023,5,10,2,0,0,0,0,0,0,0,0,-2.29,-3.2,-2.75,0,97.56,4.94,62.28,2.36,4.492623295,211.32,210.94
2023,5,10,3,0,0,0,0,0,0,0,0,-2.75,-3.59,-3.17,0,98.75,4.82,62.27,2.3,4.378404059,207.79,207.33
2023,5,10,4,0,0,0,0,0,0,0,0,-3.23,-3.92,-3.57,0,100,4.7,62.27,2.05,3.902490574,202.85,202.04
2023,5,10,5,0.05,0.04,0.11,3.62,3.8,0.48,0,0,-3.87,-4.24,-4.06,0,100,4.58,62.28,1.71,3.255248235,197.03,195.07
2023,5,10,6,0.61,0.65,1.01,68.25,74.58,7.7,0.04,0.17,-2.8,-4.67,-3.74,0,91.88,4.46,62.31,1.74,3.312357853,195.1,193.31
2023,5,10,7,1.36,1.53,2.05,159.33,180.5,19.98,0.28,1.38,-0.38,-8.04,-4.21,0,57.31,3.42,62.34,2.65,5.044682938,212.1,212.39
2023,5,10,8,2.14,2.37,2.99,255.45,281.35,34.68,0.78,3.85,2.03,-11.42,-4.69,0,35.81,2.5,62.37,4.05,7.709798452,219.92,219.84
2023,5,10,9,2.79,3.08,3.77,338.55,366.35,47.53,1.38,7.05,3.98,-12.22,-4.12,0,29,2.38,62.39,5.01,9.537306233,221.9,221.89
2023,5,10,10,3.25,3.6,4.34,395.9,427.73,56.59,1.91,9.88,5.45,-11.6,-3.07,0,27.5,2.5,62.4,5.68,10.81275437,221.21,221.14
2023,5,10,11,3.42,3.9,4.66,421.1,462.33,60.98,2.2,11.75,6.47,-10.86,-2.2,0,27.25,2.62,62.4,6.23,11.85976404,220.06,220.1
2023,5,10,12,3.1,3.89,4.71,381.9,455.92,54.67,1.98,10.62,6.99,-10.23,-1.62,0,27.69,2.75,62.39,6.61,12.58315253,219.29,219.25
2023,5,10,13,2.95,3.68,4.48,359.8,430,51.08,1.77,9.23,6.99,-9.37,-1.19,0,29.69,2.99,62.37,6.81,12.96388332,218.05,218.05
2023,5,10,14,2.63,3.2,4,314.83,373.85,43.91,1.35,6.92,6.52,-8.6,-1.04,0,32.5,3.17,62.34,6.77,12.88773717,216.74,216.72
2023,5,10,15,1.97,2.46,3.28,230.7,282.8,30.94,0.77,3.9,5.62,-8.35,-1.37,0,35.19,3.23,62.31,6.53,12.43086022,216.39,216.41
2023,5,10,16,1.32,1.66,2.39,150.1,187.45,19.23,0.34,1.62,4.26,-8.45,-2.1,0,38.19,3.17,62.29,5.9,11.23155824,216.11,216.19
2023,5,10,17,0.67,0.82,1.38,73.92,89.73,9.07,0.08,0.38,2.48,-8.81,-3.17,0,41.81,3.05,62.29,4.86,9.251758142,215.17,215.24
2023,5,10,18,0.12,0.12,0.35,11.15,13.08,1.48,0.01,0.02,0.01,-8.09,-4.04,0,53.69,3.3,62.3,3.14,5.977473368,212.82,212.68
2023,5,10,19,0,0,0,0,0,0,0,0,-1.86,-8.18,-5.02,0,62.06,3.23,62.33,2.01,3.826344417,205.57,204.43
2023,5,10,20,0,0,0,0,0,0,0,0,-2.52,-8.68,-5.6,0,62.62,3.11,62.36,1.26,2.398603963,194.73,191.42
2023,5,10,21,0,0,0,0,0,0,0,0,-3.37,-9.04,-6.2,0,65.19,2.99,62.37,0.76,1.446776993,169.96,157.1
2023,5,10,22,0,0,0,0,0,0,0,0,-4.15,-9.35,-6.75,0,67.75,2.93,62.37,0.6,1.142192363,135,120.8
2023,5,10,23,0,0,0,0,0,0,0,0,-4.87,-9.74,-7.31,0,69.56,2.81,62.36,0.59,1.123155824,102.2,97.82
2023,5,11,0,0,0,0,0,0,0,0,0,-5.34,-10.59,-7.96,0,67.25,2.62,62.35,0.65,1.23737506,91.38,91.61
2023,5,11,1,0,0,0,0,0,0,0,0,-5.63,-11.54,-8.59,0,63.38,2.44,62.33,0.68,1.294484678,89.34,89.62
2023,5,11,2,0,0,0,0,0,0,0,0,-5.87,-12.46,-9.17,0,59.5,2.2,62.33,0.71,1.351594296,88.11,88.21
2023,5,11,3,0,0,0,0,0,0,0,0,-6.03,-13.37,-9.7,0,55.44,2.01,62.34,0.7,1.332557757,86.19,85.63
2023,5,11,4,0,0,0,0,0,0,0,0,-6.21,-14.02,-10.11,0,53.06,1.89,62.36,0.68,1.294484678,84.03,83.58
2023,5,11,5,0.04,0.03,0.11,3.33,3.42,0.45,0,0,-6.31,-14.38,-10.35,0,51.69,1.83,62.39,0.63,1.199301981,80.77,80.41
2023,5,11,6,0.55,0.57,1.02,58.98,62.05,6.87,0.03,0.17,-4.04,-12.54,-8.29,0,52.12,2.26,62.44,0.46,0.875680812,101.69,87.53
2023,5,11,7,1.3,1.44,2.06,147.58,164.62,18.27,0.26,1.3,-0.56,-14.23,-7.4,0,32.38,1.89,62.5,1.38,2.627042435,155.32,153.43
2023,5,11,8,2.21,2.3,2.99,257,267.52,33.77,0.76,3.75,2.08,-13.51,-5.72,0,28.19,2.01,62.52,2.45,4.66395215,186.6,186.32
2023,5,11,9,2.85,3.03,3.78,339.05,355.27,46.59,1.35,6.92,4.44,-12.36,-3.95,0,26.5,2.2,62.52,3.36,6.396277234,202.57,202.26
2023,5,11,10,3.2,3.58,4.35,384.55,419.67,54.27,1.83,9.58,6.29,-11.27,-2.49,0,25.81,2.44,62.51,4.35,8.280894633,209.46,209.03
2023,5,11,11,3.52,3.88,4.66,430.33,455.35,61.27,2.22,11.9,7.31,-10.15,-1.42,0,26.69,2.75,62.5,5.24,9.975146639,212.65,212.37
2023,5,11,12,3.41,3.89,4.71,420.4,454.95,59.65,2.16,11.73,7.73,-8.99,-0.63,0,28.69,2.99,62.48,5.76,10.96504669,214.23,214.04
2023,5,11,13,3.21,3.67,4.49,386.73,429.83,54.66,1.9,10,7.6,-7.97,-0.19,0,31.5,3.3,62.46,5.81,11.06022938,214.54,214.44
2023,5,11,14,2.73,3.2,4,323.3,374.62,44.94,1.38,7.12,7.11,-7.37,-0.13,0,34.25,3.48,62.44,5.56,10.5843159,214.52,214.39
2023,5,11,15,2.22,2.53,3.29,262.58,295.92,35.36,0.88,4.45,6.31,-7.24,-0.46,0,36.5,3.48,62.41,5.1,9.708635087,214.13,214.08
2023,5,11,16,1.53,1.71,2.4,175.77,198.08,22.47,0.39,1.92,5.16,-7.34,-1.09,0,39.19,3.48,62.4,4.44,8.452223488,213.8,213.78
2023,5,11,17,0.73,0.76,1.39,78.23,82.17,9.48,0.08,0.4,3.6,-7.45,-1.93,0,43.31,3.42,62.39,3.51,6.681825325,213.48,213.46
2023,5,11,18,0.14,0.13,0.35,13.42,13.58,1.72,0.01,0.02,1.2,-6.42,-2.61,0,56.62,3.78,62.41,2.01,3.826344417,211.65,211.16
2023,5,11,19,0,0,0,0,0,0,0,0,-0.35,-6.97,-3.66,0,60.38,3.6,62.45,1.25,2.379567423,201.27,200.3
2023,5,11,20,0,0,0,0,0,0,0,0,-0.85,-7.2,-4.02,0,61.62,3.48,62.48,0.63,1.199301981,173.58,165.96
2023,5,11,21,0,0,0,0,0,0,0,0,-1.44,-7.33,-4.38,0,64,3.48,62.52,0.48,0.913753891,115.3,103.74
2023,5,11,22,0,0,0,0,0,0,0,0,-1.93,-7.4,-4.67,0,66.25,3.42,62.54,0.6,1.142192363,95.19,88.61
2023,5,11,23,0,0,0,0,0,0,0,0,-2.33,-7.46,-4.9,0,68.12,3.42,62.53,0.6,1.142192363,96.75,89.1
2023,5,12,0,0,0,0,0,0,0,0,0,-2.74,-7.56,-5.15,0,69.94,3.42,62.5,0.57,1.085082745,99.46,90.92
2023,5,12,1,0,0,0,0,0,0,0,0,-3.1,-7.61,-5.36,0,71.75,3.36,62.47,0.55,1.047009666,90.81,85.24
2023,5,12,2,0,0,0,0,0,0,0,0,-3.44,-7.75,-5.6,0,72.88,3.36,62.44,0.58,1.104119284,76.72,74.74
2023,5,12,3,0,0,0,0,0,0,0,0,-3.54,-7.93,-5.74,0,72.38,3.3,62.42,0.6,1.142192363,62.1,61.28
2023,5,12,4,0,0,0,0,0,0,0,0,-3.59,-8.1,-5.85,0,71.56,3.23,62.43,0.71,1.351594296,39.64,40.15
2023,5,12,5,0.04,0.03,0.12,3.12,3.15,0.42,0,0,-3.62,-8.3,-5.96,0,70.56,3.17,62.45,0.84,1.599069309,30.14,30.8
2023,5,12,6,0.43,0.42,1.03,43.48,44.12,5.45,0.03,0.12,-1.72,-7.1,-4.41,0,67.19,3.54,62.49,0.89,1.694252005,16.84,22.62
2023,5,12,7,1.19,1.3,2.06,132.55,146.52,16.16,0.23,1.12,1.87,-8.38,-3.25,0,45.56,3.17,62.53,0.77,1.465813533,358.83,0
2023,5,12,8,1.99,2.16,3,230.27,250.42,29.59,0.66,3.3,4.48,-8.91,-2.21,0,36.19,3.05,62.56,1.07,2.036909714,266.66,265.47
2023,5,12,9,2.63,2.9,3.78,314.65,339.33,42.15,1.2,6.25,6.58,-8.67,-1.04,0,32.06,3.11,62.58,1.96,3.73116172,249.18,247.68
2023,5,12,10,3.08,3.44,4.35,373.65,405.02,51.39,1.71,8.7,8.23,-8.25,-0.02,0,29.88,3.23,62.57,2.8,5.330231028,242,240.14
2023,5,12,11,3.18,3.66,4.67,389.42,428.23,53.36,1.86,9.9,9.22,-7.56,0.83,0,29.94,3.48,62.54,3.54,6.738934943,238.28,236.73
2023,5,12,12,2.79,3.52,4.71,343,406.33,45.35,1.56,8.38,9.67,-6.75,1.46,0,31.5,3.78,62.5,4,7.614615755,238.42,237.16
2023,5,12,13,2.3,3.3,4.49,277.5,379.73,36.93,1.23,6.35,9.73,-5.97,1.87,0,34,4.09,62.46,4.2,7.995346543,241.19,239.96
2023,5,12,14,1.88,2.91,4,232.45,337.48,30.83,0.95,4.85,9.3,-5.45,1.93,0,37.19,4.33,62.41,4.07,7.747871531,246.69,245.53
2023,5,12,15,1.28,2.13,3.29,153.88,241.35,19.8,0.49,2.52,8.66,-5.3,1.69,0,39.94,4.46,62.37,3.81,7.252921507,252.46,251.36
2023,5,12,16,0.94,1.52,2.4,111.6,174.4,14.23,0.26,1.25,7.69,-5.2,1.25,0,43.38,4.58,62.36,3.42,6.51049647,256.92,255.86
2023,5,12,17,0.52,0.72,1.4,58.83,80.98,7.45,0.06,0.33,6.25,-4.86,0.69,0,49.19,4.7,62.37,2.9,5.520596422,256.45,255.73
2023,5,12,18,0.1,0.11,0.36,10.08,12.17,1.36,0.01,0.02,3.76,-3.13,0.31,0,64.62,5.19,62.42,1.63,3.10295592,248.35,250.51
2023,5,12,19,0,0,0,0,0,0,0,0,1.49,-2.4,-0.45,0,80.12,5.43,62.48,0.73,1.389667375,268.77,268.19
2023,5,12,20,0,0,0,0,0,0,0,0,1.07,-2.73,-0.83,0,81.75,5.37,62.54,0.65,1.23737506,298.72,302.36
2023,5,12,21,0,0,0,0,0,0,0,0,0.8,-3.45,-1.32,0,79.38,5.13,62.58,0.5,0.951826969,322.59,330.81
2023,5,12,22,0,0,0,0,0,0,0,0,0.73,-4.1,-1.69,0,75.88,4.88,62.6,0.41,0.780498115,1.08,359.48
2023,5,12,23,0,0,0,0,0,0,0,0,0.57,-4.85,-2.14,0,72,4.58,62.6,0.59,1.123155824,28.25,21.8
2023,5,13,0,0,0,0,0,0,0,0,0,0.52,-5.64,-2.56,0,67.19,4.27,62.58,0.54,1.027973127,39.17,31.38
2023,5,13,1,0,0,0,0,0,0,0,0,0.44,-6.34,-2.95,0,63.38,3.97,62.55,0.5,0.951826969,40.6,33.69
2023,5,13,2,0,0,0,0,0,0,0,0,0.13,-7.06,-3.46,0,60.56,3.72,62.52,0.68,1.294484678,29.83,27.88
2023,5,13,3,0,0,0,0,0,0,0,0,-0.52,-8.02,-4.27,0,58.06,3.42,62.5,0.94,1.789434702,26.14,25.79
2023,5,13,4,0,0,0,0,0,0,0,0,-0.95,-9.65,-5.3,0,51.94,2.93,62.49,1.13,2.151128951,29.4,29.66
2023,5,13,5,0.04,0.03,0.12,3.4,3.4,0.47,0,0,-1.27,-11.28,-6.27,0,46,2.5,62.51,1.19,2.265348187,33.79,33.88
2023,5,13,6,0.5,0.51,1.04,54.4,56.55,6.59,0.03,0.15,0.68,-10.74,-5.03,0,42.88,2.75,62.54,1.29,2.455713581,36.38,35.96
2023,5,13,7,1.25,1.33,2.07,141.35,152.35,17.24,0.23,1.15,4.39,-12.67,-4.14,0,29,2.44,62.57,1.24,2.360530884,44.24,43.76
2023,5,13,8,2.06,2.17,3,242.02,255.58,31.41,0.67,3.35,7.05,-12.83,-2.89,0,23.69,2.38,62.6,0.23,0.437840406,146.31,154.18
2023,5,13,9,2.66,2.87,3.78,321.88,340.52,43.37,1.2,6.12,8.83,-11.42,-1.29,0,23.69,2.69,62.62,1.23,2.341494345,205.26,207.2
2023,5,13,10,3.04,3.39,4.35,372.92,405.73,51.55,1.65,8.5,10.16,-9.54,0.31,0,25.62,3.17,62.62,2.18,4.149965586,213.92,215.07
2023,5,13,11,3.22,3.71,4.67,404.62,446.05,56.83,1.96,10.35,11.07,-7.88,1.59,0,28.19,3.72,62.6,3.13,5.958436828,218.73,219.54
2023,5,13,12,3.06,3.7,4.72,390.55,444.2,54.31,1.89,10,11.52,-5.97,2.78,0,32.06,4.33,62.57,3.88,7.386177282,221.08,221.6
2023,5,13,13,2.72,3.49,4.49,342.77,420.83,48.03,1.59,8.2,11.23,-4.28,3.48,0,37.25,4.94,62.54,4.25,8.09052924,221.95,222.38
2023,5,13,14,2.38,3.04,4,297.6,368.9,41.08,1.24,6.3,10.27,-2.92,3.67,0,43.62,5.43,62.5,4.26,8.109565779,223.36,223.69
2023,5,13,15,1.8,2.39,3.3,224.4,289.92,30.41,0.75,3.75,9.13,-2.04,3.55,0,49.81,5.8,62.47,4.14,7.881127306,224.77,224.94
2023,5,13,16,1.08,1.59,2.41,132.77,192.33,17.37,0.3,1.45,7.48,-1.05,3.22,0,59.25,6.16,62.46,3.92,7.46232344,224.27,224.43
2023,5,13,17,0.52,0.77,1.41,63.25,91.35,7.94,0.06,0.33,5.72,-0.15,2.78,0,69.75,6.41,62.46,3.46,6.586642628,224.45,224.65
2023,5,13,18,0.1,0.12,0.37,11.2,13.4,1.49,0.01,0.02,3.86,0.78,2.32,0.03,82.81,6.65,62.49,2.36,4.492623295,225.94,225.39
2023,5,13,19,0,0,0,0,0,0,0,0,2.61,1.18,1.9,0.02,92.06,6.77,62.52,1.53,2.912590526,227.9,226
2023,5,13,20,0,0,0,0,0,0,0,0,2.35,1.15,1.75,0.01,93.38,6.77,62.57,1.44,2.741261672,226.97,225.3
2023,5,13,21,0,0,0,0,0,0,0,0,2.19,1.07,1.63,0,93.81,6.71,62.6,1.45,2.760298211,225,224.24
2023,5,13,22,0,0,0,0,0,0,0,0,1.97,0.9,1.44,0,94.19,6.59,62.61,1.3,2.47475012,225.97,225.34
2023,5,13,23,0,0,0,0,0,0,0,0,1.7,0.64,1.17,0,94.12,6.47,62.6,1.21,2.303421266,226.31,225.38
2023,5,14,0,0,0,0,0,0,0,0,0,1.33,0.23,0.78,0,94,6.29,62.56,0.93,1.770398163,239.78,239.04
2023,5,14,1,0,0,0,0,0,0,0,0,0.99,-0.08,0.45,0,94.19,6.16,62.5,0.72,1.370630836,270,270.48
2023,5,14,2,0,0,0,0,0,0,0,0,0.71,-0.35,0.19,0,94.38,6.04,62.45,0.57,1.085082745,303.91,305.54
2023,5,14,3,0,0,0,0,0,0,0,0,0.51,-0.65,-0.07,0,93.62,5.92,62.39,0.45,0.856644272,327.68,331.43
2023,5,14,4,0,0,0,0,0,0,0,0,0.27,-1.05,-0.39,0,92.25,5.74,62.36,0.61,1.161228903,348.26,348.61
2023,5,14,5,0.04,0.03,0.13,3.58,3.73,0.49,0,0,0.39,-1.42,-0.52,0,88.75,5.62,62.34,0.71,1.351594296,5.02,5.09
2023,5,14,6,0.53,0.52,1.05,58.35,59.27,6.99,0.04,0.17,2.19,-1.66,0.26,0,77.31,5.55,62.37,0.85,1.618105848,15.95,15.22
2023,5,14,7,1.27,1.33,2.08,147.1,156.9,18.12,0.26,1.27,4.78,-2.9,0.94,0,59.44,5.13,62.39,0.38,0.723388497,253.07,252.76
2023,5,14,8,2.12,2.16,3.01,254.2,260.55,33.18,0.73,3.62,7.03,-3.37,1.83,0,49.31,4.94,62.39,1.92,3.655015562,217.24,218.22
2023,5,14,9,2.79,2.86,3.78,342.6,347.25,46.45,1.32,6.73,8.77,-2.76,3.01,0,45.81,5.19,62.4,3.18,6.053619525,215.21,215.72
2023,5,14,10,3.08,3.41,4.35,385.9,416.02,54.19,1.8,9.35,9.97,-1.85,4.06,0,45.31,5.55,62.41,4.35,8.280894633,217.12,217.4
2023,5,14,11,3.06,3.7,4.67,394,451.12,55.87,2,10.6,10.26,-0.89,4.69,0.01,47.75,5.98,62.4,5.09,9.689598548,219.77,219.87
2023,5,14,12,2.74,3.63,4.72,355.88,440.12,49.24,1.77,9.4,10.26,-0.14,5.06,0.04,50.44,6.29,62.38,5.63,10.71757167,221.74,221.73
2023,5,14,13,2.47,3.41,4.49,315.52,414.05,43.88,1.5,7.75,9.87,0.25,5.06,0.07,52.94,6.47,62.34,6.06,11.53614287,223.64,223.64
2023,5,14,14,2.03,2.96,4.01,259.25,359.45,35.72,1.11,5.65,9.27,0.47,4.87,0.08,55.62,6.53,62.3,6.17,11.7455448,225.05,225
2023,5,14,15,1.47,2.3,3.3,185.42,276.42,25.16,0.65,3.3,8.42,0.46,4.44,0.08,58.81,6.53,62.26,6.22,11.8407275,224.34,224.28
2023,5,14,16,0.9,1.48,2.41,110.38,175.25,14.53,0.27,1.33,7.1,0.5,3.8,0.07,64.44,6.53,62.25,5.87,11.17444862,223.65,223.7
2023,5,14,17,0.31,0.68,1.41,38.3,78.8,4.92,0.05,0.23,5.5,0.51,3.01,0.07,71.94,6.53,62.25,5.07,9.651525469,223.63,223.6
2023,5,14,18,0.07,0.1,0.38,6.67,11.15,0.85,0,0.02,3.63,0.74,2.19,0.1,83.38,6.65,62.27,3.71,7.062556113,221.07,221.08
2023,5,14,19,0,0,0,0,0,0,0,0,2.51,1.18,1.84,0.12,93,6.84,62.3,2.61,4.96853678,213.64,213.28
2023,5,14,20,0,0,0,0,0,0,0,0,2.08,1.19,1.63,0.11,95.94,6.84,62.34,2.65,5.044682938,208.76,208.6
2023,5,14,21,0,0,0,0,0,0,0,0,1.93,0.94,1.43,0.11,95.38,6.71,62.37,2.7,5.139865635,204.64,204.21
2023,5,14,22,0,0,0,0,0,0,0,0,0.98,0.48,0.73,0.1,98.81,6.47,62.37,2.27,4.321294441,200.12,199.03
2023,5,14,23,0,0,0,0,0,0,0,0,0.94,0.12,0.53,0.08,96.56,6.35,62.34,2.55,4.854317544,197.27,196.12
2023,5,15,0,0,0,0,0,0,0,0,0,-0.1,-0.6,-0.35,0.1,99.19,6.04,62.3,2.11,4.016709811,199.44,197.45
2023,5,15,1,0,0,0,0,0,0,0,0,-0.27,-1.01,-0.63,0.09,97.56,5.86,62.22,1.69,3.217175156,204.55,202.75
2023,5,15,2,0,0,0,0,0,0,0,0,-0.08,-0.96,-0.52,0.06,96.25,5.86,62.16,1.92,3.655015562,214.21,213.55
2023,5,15,3,0,0,0,0,0,0,0,0,0.08,-0.73,-0.33,0.05,96.38,5.98,62.13,2.36,4.492623295,224.2,224.02
2023,5,15,4,0,0,0,0,0,0,0,0,0.04,-0.8,-0.38,0.04,96.31,5.92,62.14,2.37,4.511659835,235.63,235.65
2023,5,15,5,0.03,0.03,0.13,2.02,2.73,0.27,0,0,-0.18,-1.13,-0.66,0.04,96.12,5.8,62.15,2.21,4.207075205,247.07,247.25
2023,5,15,6,0.31,0.37,1.06,35.1,41.05,4.35,0.02,0.12,0.4,-1.22,-0.41,0.06,92.31,5.86,62.17,2.33,4.435513677,258.39,258.89
2023,5,15,7,0.81,1.1,2.08,95.95,124.77,12.08,0.18,0.88,2.01,-1.68,0.16,0.03,79.88,5.68,62.19,2.77,5.27312141,271.77,271.81
2023,5,15,8,1.23,1.89,3.01,149.8,218.7,19.59,0.45,2.25,4.34,-2.81,0.77,0.01,62.31,5.19,62.21,3.13,5.958436828,269.14,268.96
2023,5,15,9,1.71,2.66,3.79,215.45,314.6,28.65,0.84,4.33,6.62,-3.54,1.55,0,50.31,4.94,62.21,3.72,7.081592652,253.51,253.36
2023,5,15,10,1.91,3.14,4.35,241.77,371.58,32.84,1.09,5.45,8.15,-3.3,2.42,0.01,46.62,5.07,62.21,4.54,8.642588882,239.37,239.38
2023,5,15,11,2.09,3.46,4.67,268.35,410.15,36.71,1.29,6.75,8.85,-2.25,3.3,0.12,48.5,5.55,62.2,5.51,10.4891332,231.85,231.91
2023,5,15,12,2.13,3.45,4.72,275.02,407.75,37.36,1.31,6.92,8.83,-0.94,3.94,0.34,53.25,6.04,62.17,6.12,11.6503621,230.18,230.23
2023,5,15,13,1.91,3.27,4.49,244.1,386.33,32.88,1.11,5.65,8.08,0.07,4.08,0.54,59.25,6.41,62.16,6.32,12.03109289,229.61,229.73
2023,5,15,14,1.6,2.83,4.01,202.33,334.02,27.1,0.82,4.17,7.08,0.71,3.9,0.57,65.75,6.65,62.15,6.11,11.63132557,229.04,229.18
2023,5,15,15,1.2,2.22,3.3,149,260.1,19.69,0.49,2.52,6.37,0.83,3.6,0.48,69.56,6.71,62.13,5.84,11.117339,227.49,227.65
2023,5,15,16,0.82,1.48,2.42,97.95,171.85,12.62,0.23,1.12,5.41,0.68,3.05,0.41,73.56,6.65,62.13,5.35,10.18454857,226.12,226.21
2023,5,15,17,0.41,0.72,1.42,48.17,82.8,5.97,0.05,0.25,4.16,0.52,2.34,0.35,79.44,6.59,62.12,4.57,8.6996985,224.1,224.19
2023,5,15,18,0.1,0.11,0.38,9.88,12.95,1.33,0.01,0.02,2.57,0.65,1.61,0.28,89.75,6.65,62.13,3.4,6.472423392,220.8,220.75
2023,5,15,19,0,0,0,0,0,0,0,0,1.76,1.03,1.39,0.37,97.62,6.84,62.16,2.34,4.454550217,214.27,214.23
2023,5,15,20,0,0,0,0,0,0,0,0,1.34,1.09,1.22,0.49,100,6.84,62.2,1.81,3.445613629,209.99,209.98
2023,5,15,21,0,0,0,0,0,0,0,0,1.39,1.13,1.26,0.56,100,6.84,62.23,1.95,3.71212518,206.98,207.07
2023,5,15,22,0,0,0,0,0,0,0,0,1.4,1.05,1.23,0.56,100,6.84,62.25,2.17,4.130929047,206.93,206.96
2023,5,15,23,0,0,0,0,0,0,0,0,0.87,0.65,0.76,0.47,100,6.59,62.25,1.93,3.674052102,210.09,210.23
2023,5,16,0,0,0,0,0,0,0,0,0,0.17,-0.05,0.06,0.34,100,6.29,62.24,1.59,3.026809763,216.81,217.23
2023,5,16,1,0,0,0,0,0,0,0,0,-0.1,-0.57,-0.34,0.22,99.25,6.04,62.23,1.39,2.646078975,235.33,235.64
2023,5,16,2,0,0,0,0,0,0,0,0,-0.51,-1.11,-0.81,0.12,98.81,5.8,62.21,1.28,2.436677042,263,265.15
2023,5,16,3,0,0,0,0,0,0,0,0,-0.95,-1.61,-1.28,0.06,98.62,5.62,62.2,0.85,1.618105848,291.11,294.32
2023,5,16,4,0,0,0,0,0,0,0,0,-1.68,-2.48,-2.08,0.03,98.06,5.25,62.19,0.61,1.161228903,317.58,323.13
2023,5,16,5,0.04,0.04,0.14,3.75,4,0.52,0,0,-1.99,-3.58,-2.79,0.01,92.31,4.82,62.2,0.74,1.408703915,335.85,338.96
2023,5,16,6,0.41,0.5,1.06,47.55,55.98,6.12,0.03,0.17,-0.05,-3.8,-1.92,0,77.69,4.76,62.23,1.24,2.360530884,335.05,338.55
2023,5,16,7,0.9,1.32,2.09,106.12,154.4,13.95,0.21,1.02,2.89,-3.9,-0.51,0,62.56,4.7,62.27,1.51,2.874517447,305.74,305.65
2023,5,16,8,1.37,2.16,3.02,170,257.65,23.28,0.55,2.75,5.17,-4.31,0.43,0,51.69,4.58,62.31,2.38,4.530696374,266.99,265.94
2023,5,16,9,1.77,2.89,3.79,228.3,347.65,32.03,0.96,5,7.01,-4.19,1.41,0,46,4.64,62.35,3.3,6.282057998,254.48,253.37
2023,5,16,10,2.01,3.41,4.35,254.15,409.35,36.64,1.24,6.27,8.28,-3.38,2.45,0,45.19,4.94,62.35,4.08,7.76690807,245.06,244.33
2023,5,16,11,2.16,3.72,4.67,279.52,446.62,40.19,1.47,7.6,8.99,-2.17,3.41,0,47.44,5.43,62.35,4.68,8.909100433,238.09,237.74
2023,5,16,12,1.82,3.45,4.72,229.58,405.98,31.06,1.1,5.77,9.15,-1.09,4.04,0.08,50.94,5.92,62.33,5.04,9.594415851,235.3,235.11
2023,5,16,13,1.75,3.21,4.49,226.48,378.75,28.98,0.98,4.88,9.03,-0.46,4.29,0.24,53.62,6.16,62.31,5.21,9.918037021,234.09,233.92
2023,5,16,14,1.22,2.68,4.01,159.02,314.35,20.66,0.62,3.15,8.49,-0.05,4.22,0.37,56.94,6.35,62.29,5.19,9.879963942,233.75,233.6
2023,5,16,15,0.77,2.08,3.31,102.62,243.4,12.93,0.31,1.62,7.41,0.23,3.82,0.5,62.19,6.41,62.28,4.91,9.346940839,233.28,233.03
2023,5,16,16,0.62,1.34,2.42,77.83,153.23,9.56,0.17,0.85,5.96,0.33,3.15,0.54,69.06,6.47,62.28,4.38,8.338004252,233.33,233.16
2023,5,16,17,0.35,0.58,1.43,41.4,63.65,4.87,0.04,0.2,4.44,0.33,2.39,0.46,76.56,6.41,62.3,3.65,6.948336876,233.96,233.76
2023,5,16,18,0.08,0.1,0.39,8.25,11.27,1.05,0,0.02,2.82,0.33,1.58,0.39,85.62,6.41,62.33,2.73,5.196975253,234.67,234.58
2023,5,16,19,0,0,0,0,0,0,0,0,1.51,0.44,0.98,0.23,94.81,6.47,62.37,1.78,3.388504011,234.49,234.53
2023,5,16,20,0,0,0,0,0,0,0,0,1.21,0.28,0.74,0.1,95.38,6.35,62.41,1.19,2.265348187,239.23,239.31
2023,5,16,21,0,0,0,0,0,0,0,0,0.93,0.11,0.51,0.03,96.06,6.29,62.44,0.73,1.389667375,262.65,261.47
2023,5,16,22,0,0,0,0,0,0,0,0,0.57,-0.08,0.25,0.01,97.25,6.16,62.44,0.49,0.93279043,316.93,319.57
2023,5,16,23,0,0,0,0,0,0,0,0,-0.1,-0.6,-0.35,0.01,98.12,5.98,62.43,0.64,1.218338521,348,349.41
2023,5,17,0,0,0,0,0,0,0,0,0,-0.24,-1.24,-0.74,0.01,94.62,5.68,62.4,0.69,1.313521218,348.18,347.34
2023,5,17,1,0,0,0,0,0,0,0,0,-0.21,-1.74,-0.98,0.02,90.75,5.43,62.36,0.62,1.180265442,325.71,324.46
2023,5,17,2,0,0,0,0,0,0,0,0,-0.16,-1.98,-1.07,0.02,88.69,5.37,62.34,0.67,1.275448139,310.75,309.38
2023,5,17,3,0,0,0,0,0,0,0,0,-0.23,-2.04,-1.13,0.03,88.69,5.31,62.33,0.7,1.332557757,310.46,309.29
2023,5,17,4,0,0,0,0,0,0,0,0,-0.43,-2.1,-1.27,0.02,89.81,5.31,62.34,0.68,1.294484678,311.74,310.29
2023,5,17,5,0.05,0.04,0.14,3.92,4.67,0.55,0,0,-0.65,-2.16,-1.41,0.02,91.06,5.25,62.36,0.68,1.294484678,310.82,310.65
2023,5,17,6,0.53,0.61,1.07,61.45,71.6,7.29,0.04,0.2,1.15,-1.5,-0.18,0,83.94,5.55,62.41,1.13,2.151128951,295.33,297.39
2023,5,17,7,1.14,1.45,2.09,137.15,175.4,17.6,0.27,1.33,3.51,-1.12,1.19,0,73.5,5.8,62.45,1.81,3.445613629,280.68,280.32
2023,5,17,8,1.67,2.27,3.02,208.4,277.27,28.52,0.67,3.35,5.69,-1.29,2.19,0,62.38,5.68,62.49,2.3,4.378404059,264.74,264.2
2023,5,17,9,2.3,2.97,3.79,291.15,363.2,41.01,1.23,6.38,7.69,-1.23,3.23,0,54.75,5.74,62.53,2.96,5.634815659,245.87,245.81
2023,5,17,10,2.75,3.47,4.36,348.45,425.48,50.05,1.73,8.98,9.08,-0.66,4.21,0.01,52.06,5.98,62.56,3.96,7.538469597,232.86,233.06
2023,5,17,11,2.8,3.73,4.67,363.12,458,52.79,1.95,10.42,9.69,0.11,4.9,0.03,53,6.35,62.56,4.83,9.194648524,228.01,228.27
2023,5,17,12,2.3,3.54,4.72,302.35,428.48,41.14,1.5,8.02,9.61,0.86,5.23,0.09,56.12,6.71,62.54,5.4,10.27973127,227.46,227.56
2023,5,17,13,1.79,3.32,4.49,233.2,400.55,31.89,1.11,5.73,9.08,1.4,5.24,0.18,60.38,6.96,62.52,5.6,10.66046206,228.17,228.22
2023,5,17,14,1.71,2.87,4.01,222.1,347.3,29.14,0.93,4.73,8.42,1.68,5.05,0.3,64.38,7.08,62.5,5.57,10.60335244,228.98,228.99
2023,5,17,15,1.13,2.23,3.31,148.48,268.33,19.06,0.5,2.6,7.62,1.76,4.69,0.45,68.44,7.14,62.49,5.46,10.39395051,227.61,227.55
2023,5,17,16,0.65,1.45,2.43,83.48,173.08,10.17,0.19,0.92,6.48,1.73,4.1,0.53,73.81,7.14,62.48,5.14,9.784781245,226.05,225.96
2023,5,17,17,0.35,0.67,1.43,43.88,78.12,5.7,0.05,0.27,5.05,1.66,3.35,0.51,81.31,7.14,62.5,4.54,8.642588882,224.09,224.14
2023,5,17,18,0.09,0.11,0.4,9.58,12.65,1.26,0,0.02,3.51,2.02,2.77,0.34,92.75,7.26,62.53,3.55,6.757971482,220.18,220.07
2023,5,17,19,0,0,0,0,0,0,0,0,2.8,2.36,2.58,0.44,99.88,7.45,62.57,2.61,4.96853678,213.64,213.55
2023,5,17,20,0,0,0,0,0,0,0,0,2.64,2.39,2.51,0.41,100,7.45,62.6,2.32,4.416477138,209.94,209.9
2023,5,17,21,0,0,0,0,0,0,0,0,2.55,2.35,2.45,0.31,100,7.45,62.64,2.2,4.188038665,209.74,209.66
2023,5,17,22,0,0,0,0,0,0,0,0,2.41,2.19,2.3,0.19,100,7.32,62.65,2.14,4.073819429,210.5,209.95
2023,5,17,23,0,0,0,0,0,0,0,0,1.87,1.55,1.72,0.12,100,7.02,62.62,1.73,3.293321314,214.34,214.05
2023,5,18,0,0,0,0,0,0,0,0,0,1.25,0.83,1.04,0.07,99.88,6.65,62.58,1.24,2.360530884,236.81,236.66
2023,5,18,1,0,0,0,0,0,0,0,0,0.63,0.02,0.33,0.04,98.62,6.29,62.54,0.94,1.789434702,283.46,285.99
2023,5,18,2,0,0,0,0,0,0,0,0,0.13,-0.74,-0.31,0.02,96.62,5.98,62.5,0.8,1.522923151,311.82,316.36
2023,5,18,3,0,0,0,0,0,0,0,0,0.01,-1.52,-0.76,0.01,91.81,5.62,62.49,0.74,1.408703915,322.77,323.06
2023,5,18,4,0,0,0,0,0,0,0,0,-0.01,-1.85,-0.93,0.01,89.5,5.43,62.5,0.62,1.180265442,323.13,322.61
2023,5,18,5,0.05,0.04,0.15,3.83,3.9,0.52,0,0,-0.14,-1.53,-0.84,0.01,92.69,5.62,62.52,0.64,1.218338521,328.07,329.68
2023,5,18,6,0.39,0.46,1.08,45.12,52.88,5.63,0.03,0.15,1.33,-1.59,-0.13,0.02,83.19,5.62,62.55,1.04,1.979800096,347.85,349.07
2023,5,18,7,0.77,1.2,2.1,91.92,139.33,11.73,0.18,0.88,4.06,-2.24,0.91,0.02,65.44,5.31,62.57,1.22,2.322457805,317.08,316.51
2023,5,18,8,1.42,2.01,3.02,175.38,237.9,22.72,0.53,2.7,6.67,-2.26,2.21,0.02,54.31,5.31,62.59,1.78,3.388504011,261.16,260.24
2023,5,18,9,1.83,2.69,3.79,229.08,319.67,30.66,0.9,4.67,8.76,-1.77,3.5,0.01,48.81,5.49,62.61,2.79,5.311194489,245.73,245.38
2023,5,18,10,2.17,3.22,4.36,273.62,385.85,37.22,1.23,6.27,10.11,-0.81,4.65,0,47.94,5.92,62.62,3.87,7.367140743,237.43,237.4
2023,5,18,11,2.32,3.55,4.67,306.83,429.27,41.74,1.52,7.88,10.69,0.2,5.45,0.01,49.94,6.41,62.61,4.71,8.966210051,232.75,232.78
2023,5,18,12,2.07,3.48,4.72,275.9,419.67,36.8,1.32,6.98,10.7,1.09,5.9,0.07,53.38,6.84,62.58,5.29,10.07032934,230.88,230.97
2023,5,18,13,1.76,3.23,4.5,227.27,387.12,30.66,1.04,5.33,10.3,1.69,5.99,0.15,57.12,7.14,62.54,5.66,10.77468129,230.77,230.82
2023,5,18,14,2.08,2.77,4.02,254.48,330.5,32.73,1.02,5.17,9.54,2.1,5.82,0.2,61.62,7.32,62.49,5.71,10.86986399,232,232.06
2023,5,18,15,1.18,2.17,3.31,145.8,256.65,19.01,0.48,2.45,8.7,2.15,5.42,0.24,65.31,7.32,62.46,5.39,10.26069473,234.08,234.02
2023,5,18,16,1.15,1.41,2.44,136.92,164.42,16.95,0.32,1.58,7.73,1.9,4.81,0.23,68.75,7.26,62.44,4.81,9.156575445,236,235.97
2023,5,18,17,0.43,0.69,1.44,48.73,79.98,6.13,0.05,0.27,6.3,1.81,4.05,0.2,75.62,7.2,62.42,3.95,7.519433058,237.85,237.81
2023,5,18,18,0.08,0.12,0.41,8.58,13.4,1.16,0,0.02,4.62,2.01,3.31,0.16,86,7.32,62.42,2.79,5.311194489,238.4,238.43
2023,5,18,19,0,0,0,0,0,0,0,0,3.35,2.37,2.86,0.14,96.19,7.45,62.44,1.58,3.007773223,238.36,238.29
2023,5,18,20,0,0,0,0,0,0,0,0,2.82,2.55,2.69,0.11,100,7.57,62.46,1.2,2.284384726,247.09,247.19
2023,5,18,21,0,0,0,0,0,0,0,0,2.48,2.56,2.52,0.07,100,7.57,62.48,0.86,1.637142387,255.84,256.35
2023,5,18,22,0,0,0,0,0,0,0,0,2.11,2.43,2.27,0.05,100,7.51,62.49,0.69,1.313521218,264.81,265.15
2023,5,18,23,0,0,0,0,0,0,0,0,1.87,2.25,2.05,0.03,100,7.39,62.47,0.67,1.275448139,266.63,267.41
2023,5,19,0,0,0,0,0,0,0,0,0,1.65,2.03,1.84,0.02,100,7.32,62.44,0.66,1.2564116,267.98,270
2023,5,19,1,0,0,0,0,0,0,0,0,1.43,1.81,1.62,0.02,100,7.2,62.4,0.67,1.275448139,268.67,270.38
2023,5,19,2,0,0,0,0,0,0,0,0,1.19,1.56,1.38,0.01,100,7.08,62.37,0.69,1.313521218,268.05,270
2023,5,19,3,0,0,0,0,0,0,0,0,0.99,1.08,1.04,0.01,100,6.77,62.34,0.63,1.199301981,270,272.44
2023,5,19,4,0,0,0,0,0,0,0,0,0.81,0.55,0.68,0.01,100,6.53,62.32,0.56,1.066046206,271.59,273.37
2023,5,19,5,0.04,0.04,0.15,3.58,4.7,0.51,0,0,0.73,0.12,0.42,0.01,97.88,6.29,62.32,0.48,0.913753891,269.06,271.19
2023,5,19,6,0.43,0.55,1.08,51.9,65.33,6.54,0.04,0.2,2.08,-0.13,0.98,0,87.56,6.23,62.35,0.48,0.913753891,260.69,264.6
2023,5,19,7,1.04,1.37,2.1,125.95,164.25,16.5,0.27,1.3,3.95,-0.74,1.61,0,74.06,5.98,62.39,1.19,2.265348187,231.11,231.77
2023,5,19,8,1.67,2.2,3.03,207.75,266.2,28.37,0.69,3.52,5.86,-1.09,2.39,0,63.75,5.92,62.42,2.37,4.511659835,224.33,224.89
2023,5,19,9,2.15,2.91,3.8,269.92,353.23,37.91,1.16,6.08,7.94,-1.49,3.22,0,53.75,5.74,62.44,3.76,7.15773881,224.07,224.32
2023,5,19,10,2.72,3.41,4.36,335.12,412,47.16,1.65,8.38,9.15,-1.29,3.93,0,50.56,5.86,62.45,4.99,9.499233154,224.56,224.59
2023,5,19,11,2.73,3.73,4.67,355.67,450.75,50.6,1.88,10,9.51,-0.53,4.49,0.01,52.06,6.16,62.44,5.77,10.98408323,224.51,224.52
2023,5,19,12,2.51,3.56,4.72,327.67,426.1,44.22,1.62,8.73,9.34,0.21,4.78,0.04,54.94,6.47,62.42,6.15,11.70747172,225.05,225.08
2023,5,19,13,2.32,3.35,4.5,289.67,401.38,39.73,1.38,7.2,9.03,0.61,4.82,0.06,57.19,6.59,62.39,6.24,11.87880058,224.85,224.88
2023,5,19,14,1.75,2.94,4.02,222.38,353.3,30.13,0.96,4.9,8.44,0.65,4.55,0.1,59.44,6.59,62.36,6.04,11.49806979,224.58,224.58
2023,5,19,15,1.43,2.3,3.32,180.1,275.92,23.92,0.63,3.3,7.59,0.46,4.03,0.14,61.88,6.47,62.33,5.77,10.98408323,221.87,221.95
2023,5,19,16,1.02,1.49,2.44,124.45,175.73,15.8,0.3,1.48,6.28,0.28,3.28,0.16,66.81,6.41,62.32,5.37,10.22262165,219.87,219.88
2023,5,19,17,0.54,0.74,1.45,64,86.42,7.86,0.08,0.38,4.67,0.07,2.37,0.17,73.56,6.29,62.31,4.71,8.966210051,218.54,218.58
2023,5,19,18,0.12,0.13,0.42,13.15,15.05,1.71,0.01,0.02,2.84,0.05,1.44,0.12,83.5,6.29,62.32,3.65,6.948336876,214.37,214.32
2023,5,19,19,0,0,0,0,0,0,0,0,1.41,0.15,0.79,0.11,93,6.29,62.33,2.44,4.64491561,206.89,206.87
2023,5,19,20,0,0,0,0,0,0,0,0,1.19,-0.02,0.58,0.09,93.44,6.23,62.37,2.2,4.188038665,203.39,203.26
2023,5,19,21,0,0,0,0,0,0,0,0,0.35,-0.5,-0.07,0.07,96.06,6.04,62.41,1.54,2.931627066,205.26,205.32
2023,5,19,22,0,0,0,0,0,0,0,0,0.06,-0.9,-0.42,0.04,95.25,5.86,62.41,1.05,1.998836636,214.05,212.86
2023,5,19,23,0,0,0,0,0,0,0,0,-0.31,-1.25,-0.78,0.02,95.69,5.68,62.39,0.36,0.685315418,233.88,229.97
2023,5,20,0,0,0,0,0,0,0,0,0,-0.62,-1.54,-1.08,0.01,96.06,5.55,62.35,0.27,0.513986563,284.83,276.84
2023,5,20,1,0,0,0,0,0,0,0,0,-0.75,-1.6,-1.17,0.01,96.75,5.55,62.31,0.29,0.552059642,271.55,271.1
2023,5,20,2,0,0,0,0,0,0,0,0,-0.95,-1.65,-1.3,0.01,97.94,5.55,62.27,0.25,0.475913485,253.81,262.87
2023,5,20,3,0,0,0,0,0,0,0,0,-1.13,-1.77,-1.45,0,98.56,5.49,62.23,0.23,0.437840406,236.31,248.63
2023,5,20,4,0,0,0,0,0,0,0,0,-1.38,-2.06,-1.72,0,98.5,5.37,62.21,0.18,0.342657709,226.74,232.13
2023,5,20,5,0.06,0.04,0.16,4.95,5,0.66,0,0,-2.01,-2.81,-2.41,0,98.06,5.07,62.22,0.1,0.190365394,279.46,13.13
2023,5,20,6,0.54,0.58,1.09,62.33,68.3,7.59,0.05,0.23,-0.36,-3.16,-1.76,0,83.62,4.94,62.25,0.32,0.60916926,20.22,26.94
2023,5,20,7,1.21,1.41,2.11,143.95,168.08,18.57,0.28,1.4,2.84,-4.18,-0.67,0,61,4.58,62.3,1.01,1.922690478,244.42,244.44
2023,5,20,8,1.96,2.24,3.03,237.75,269,32.03,0.75,3.77,5.64,-5.27,0.19,0,45.88,4.21,62.32,2.59,4.930463701,230.99,230.77
2023,5,20,9,2.56,2.95,3.8,316.3,354.6,43.69,1.3,6.8,7.55,-5.35,1.1,0,39.88,4.15,62.35,3.68,7.005446494,226.72,226.53
2023,5,20,10,2.68,3.45,4.36,331.67,415.33,47.29,1.6,8.3,8.76,-4.86,1.94,0,38.38,4.33,62.36,4.81,9.156575445,225.4,225.26
2023,5,20,11,2.87,3.74,4.67,367.83,449.8,52.5,1.91,10.15,9.21,-3.87,2.67,0,40.25,4.7,62.36,5.51,10.4891332,224.6,224.45
2023,5,20,12,2.36,3.53,4.72,299.45,419.83,40.7,1.44,7.73,9.06,-2.66,3.2,0,44.56,5.13,62.36,5.79,11.02215631,223.91,223.82
2023,5,20,13,2.16,3.32,4.5,273.2,393.02,36.18,1.25,6.3,8.74,-1.73,3.51,0,48.62,5.49,62.36,5.92,11.26963132,223.34,223.25
2023,5,20,14,1.83,2.76,4.02,226.88,323.25,28.98,0.88,4.48,8.18,-1.23,3.48,0,52.38,5.68,62.35,5.95,11.32674094,223.62,223.56
2023,5,20,15,1.35,2.13,3.32,166.6,248.45,21.19,0.53,2.77,7.23,-0.89,3.17,0,57.19,5.86,62.34,5.69,10.83179091,223.44,223.45
2023,5,20,16,0.88,1.43,2.45,105.9,165.98,13.34,0.24,1.2,6.08,-0.81,2.64,0,62.19,5.86,62.34,5.25,9.994183178,222.59,222.52
2023,5,20,17,0.45,0.66,1.46,52.23,74.77,6.43,0.06,0.3,4.58,-0.9,1.84,0,68.5,5.8,62.36,4.58,8.718735039,221.89,221.85
2023,5,20,18,0.11,0.12,0.42,11.4,13.52,1.47,0.01,0.02,2.61,-0.85,0.87,0.02,79.06,5.86,62.38,3.45,6.567606089,219.13,219.23
2023,5,20,19,0,0,0,0,0,0,0,0,1.02,-0.5,0.26,0.02,91.19,5.98,62.41,2.04,3.883454035,214.85,214.82
2023,5,20,20,0,0,0,0,0,0,0,0,0.7,-0.7,0,0.01,92.06,5.92,62.45,1.45,2.760298211,216.87,216.91
2023,5,20,21,0,0,0,0,0,0,0,0,0.12,-0.93,-0.41,0.01,94.44,5.8,62.49,0.9,1.713288545,217.27,218.05
2023,5,20,22,0,0,0,0,0,0,0,0,0.37,-1.01,-0.32,0.01,92.25,5.8,62.5,1.07,2.036909714,215.78,215.35
2023,5,20,23,0,0,0,0,0,0,0,0,0.24,-1.09,-0.42,0,92.5,5.74,62.48,1.04,1.979800096,216.44,215.69
2023,5,21,0,0,0,0,0,0,0,0,0,-0.2,-1.37,-0.79,0,93.75,5.62,62.44,0.76,1.446776993,220.86,219.69
2023,5,21,1,0,0,0,0,0,0,0,0,-0.54,-1.67,-1.1,0,94.12,5.49,62.4,0.44,0.837607733,235.75,236.09
2023,5,21,2,0,0,0,0,0,0,0,0,-0.85,-1.87,-1.36,0,95.06,5.43,62.36,0.4,0.761461575,241.93,256.76
2023,5,21,3,0,0,0,0,0,0,0,0,-1.13,-2.08,-1.6,0.01,95.81,5.31,62.33,0.25,0.475913485,261.12,303.23
2023,5,21,4,0,0,0,0,0,0,0,0,-1.37,-2.27,-1.82,0,96.31,5.25,62.32,0.16,0.30458463,313.03,350.54
2023,5,21,5,0.05,0.04,0.16,4.02,4.65,0.55,0,0,-1.48,-2.5,-1.99,0,95.56,5.19,62.33,0.25,0.475913485,350.84,12.99
2023,5,21,6,0.49,0.52,1.1,55.58,60.4,6.81,0.05,0.23,0.31,-2.67,-1.18,0.02,82,5.13,62.36,0.87,1.656178927,15.16,17.57
2023,5,21,7,1.05,1.31,2.11,123.65,154.9,15.77,0.25,1.23,3.09,-3.2,-0.05,0.02,64.5,4.94,62.39,0.62,1.180265442,10.89,11.07
2023,5,21,8,1.68,2.14,3.03,205.58,255.62,27.48,0.66,3.38,5.94,-3.88,1.04,0.02,49.88,4.64,62.42,1.23,2.341494345,225.77,224.19
2023,5,21,9,2.15,2.85,3.8,268.15,341.23,36.89,1.12,5.9,7.76,-3.66,2.05,0.02,44.81,4.7,62.46,2.76,5.254084871,221.67,220.98
2023,5,21,10,2.45,3.36,4.36,304.52,402.6,42.8,1.47,7.65,8.81,-2.88,2.97,0.05,44.44,5,62.49,4.19,7.976310003,219.86,219.62
2023,5,21,11,2.48,3.67,4.67,323.73,440.55,45.14,1.69,8.9,9.09,-1.75,3.67,0.09,47.56,5.49,62.5,5.08,9.670562009,220.32,220.27
2023,5,21,12,1.92,3.38,4.72,250.3,398.7,32.66,1.17,6.27,9.08,-0.96,4.06,0.14,50.44,5.8,62.5,5.53,10.52720628,221.51,221.34
2023,5,21,13,1.71,3.2,4.5,223.08,378.05,28.39,1,5.02,8.8,-0.48,4.15,0.18,53.19,6.04,62.48,5.73,10.90793707,222.57,222.45
2023,5,21,14,0.91,2.72,4.02,121.62,319.98,15.55,0.48,2.42,8.09,-0.3,3.9,0.19,56.5,6.1,62.46,5.62,10.69853514,224.66,224.46
2023,5,21,15,0.93,2.1,3.32,120.6,245.8,14.91,0.38,2,7.17,-0.32,3.43,0.16,60.12,6.1,62.46,5.17,9.841890863,228.68,228.45
2023,5,21,16,0.68,1.37,2.45,84.7,159.23,10.62,0.21,1.02,6.11,-0.4,2.86,0.12,64.38,6.04,62.45,4.46,8.490296567,233.41,233.24
2023,5,21,17,0.33,0.64,1.46,39.8,73.17,4.79,0.05,0.25,4.79,-0.42,2.18,0.08,70.38,6.04,62.46,3.46,6.586642628,237.82,237.64
2023,5,21,18,0.11,0.11,0.43,11.92,13.42,1.51,0.01,0.02,3.4,-0.2,1.59,0.08,78.94,6.16,62.5,2.3,4.378404059,241,240.74
2023,5,21,19,0,0,0,0,0,0,0,0,2.34,0.05,1.19,0.05,86.38,6.23,62.54,1.01,1.922690478,240.47,239.81
2023,5,21,20,0,0,0,0,0,0,0,0,1.64,-0.02,0.8,0.02,90.12,6.16,62.59,0.29,0.552059642,291.8,277.02
2023,5,21,21,0,0,0,0,0,0,0,0,1.18,-0.1,0.54,0.01,92.69,6.16,62.62,0.32,0.60916926,353.05,350.68
2023,5,21,22,0,0,0,0,0,0,0,0,0.51,-0.5,0.01,0,94.31,5.98,62.63,0.52,0.989900048,9.61,10.83
2023,5,21,23,0,0,0,0,0,0,0,0,0.26,-0.98,-0.36,0,92.56,5.74,62.61,0.67,1.275448139,14.85,13.85
2023,5,22,0,0,0,0,0,0,0,0,0,0.29,-1.45,-0.58,0,89.19,5.55,62.59,0.71,1.351594296,12.05,9.96
2023,5,22,1,0,0,0,0,0,0,0,0,0.2,-1.88,-0.84,0,86.75,5.37,62.55,0.79,1.503886612,6.84,4.85
2023,5,22,2,0,0,0,0,0,0,0,0,-0.1,-2.3,-1.2,0,85.94,5.19,62.51,0.92,1.751361624,7.31,6.44
2023,5,22,3,0,0,0,0,0,0,0,0,-0.62,-2.79,-1.7,0,86.38,5,62.48,1.07,2.036909714,12.21,12.04
2023,5,22,4,0,0,0,0,0,0,0,0,-1.16,-3.39,-2.27,0,86.19,4.76,62.48,1.2,2.284384726,16.2,16.18
2023,5,22,5,0.05,0.04,0.16,4.23,4.45,0.57,0,0,-1.31,-4.03,-2.67,0,82.94,4.52,62.49,1.33,2.531859738,17.47,17.5
2023,5,22,6,0.38,0.49,1.1,43.27,55.48,5.52,0.03,0.17,1.29,-3.48,-1.1,0,71.75,4.82,62.52,1.83,3.483686708,17.89,18.12
2023,5,22,7,0.84,1.25,2.11,99,143.58,12.56,0.2,0.95,5.51,-5.69,-0.09,0,46.12,4.15,62.56,2.65,5.044682938,14.36,14.49
2023,5,22,8,1.46,2.06,3.03,176.83,242.02,23.3,0.54,2.75,8.95,-8.06,0.44,0,30.06,3.42,62.59,2.45,4.66395215,6.22,6.67
2023,5,22,9,1.79,2.77,3.8,223.65,328.42,30.48,0.91,4.7,11.43,-8.98,1.23,0,23.38,3.11,62.62,1.33,2.531859738,344.33,343.94
2023,5,22,10,2.12,3.31,4.36,269.65,394.08,36.9,1.26,6.3,12.82,-7.97,2.42,0,23.31,3.42,62.63,1.22,2.322457805,255.87,252.71
2023,5,22,11,2.3,3.58,4.67,300.08,427.77,41.46,1.5,7.85,13.33,-6.12,3.61,0,26.56,4.03,62.64,2.62,4.987573319,234.09,233.16
2023,5,22,12,2.22,3.29,4.72,287.27,387.3,35.48,1.24,6.6,13.26,-4.22,4.52,0,31.62,4.82,62.63,3.81,7.252921507,230.99,230.71
2023,5,22,13,2.02,2.97,4.5,245.25,347.15,31.01,1.02,5.2,12.83,-2.09,5.37,0.01,38.56,5.68,62.63,4.38,8.338004252,228.76,228.75
2023,5,22,14,1.74,2.54,4.02,210.7,295.85,25.9,0.77,3.9,11.82,-0.68,5.57,0.07,46.06,6.35,62.62,4.41,8.39511387,227.73,227.84
2023,5,22,15,1.33,1.9,3.33,157.83,219.08,19.07,0.47,2.42,10.49,-0.05,5.23,0.12,52.56,6.65,62.6,4.12,7.843054228,227,227.13
2023,5,22,16,0.89,1.21,2.46,103.17,137.88,12.3,0.22,1.08,9.01,0.64,4.83,0.14,60,6.9,62.6,3.77,7.176775349,226.85,226.99
2023,5,22,17,0.42,0.55,1.47,46.77,61.55,5.63,0.05,0.25,7.61,1.4,4.5,0.12,68.25,7.08,62.62,3.1,5.90132721,229.09,229.11
2023,5,22,18,0.09,0.1,0.44,9.9,11.92,1.25,0,0.02,5.99,2.11,4.05,0.07,79.31,7.39,62.64,2.16,4.111892508,231.89,231.99
2023,5,22,19,0,0,0,0,0,0,0,0,4.65,2.87,3.76,0.04,91.12,7.75,62.67,1.33,2.531859738,236.5,236.58
2023,5,22,20,0,0,0,0,0,0,0,0,4.09,3.2,3.65,0.01,96.5,7.87,62.7,0.7,1.332557757,247.72,247.07
2023,5,22,21,0,0,0,0,0,0,0,0,3.78,3.19,3.48,0,98.38,7.87,62.72,0.36,0.685315418,279.87,276.26
2023,5,22,22,0,0,0,0,0,0,0,0,3.48,2.9,3.19,0,98.44,7.69,62.72,0.32,0.60916926,335.32,330.78
2023,5,22,23,0,0,0,0,0,0,0,0,3.11,2.43,2.77,0,97.81,7.45,62.71,0.25,0.475913485,349.05,345.96
2023,5,23,0,0,0,0,0,0,0,0,0,2.63,1.88,2.26,0,97.38,7.14,62.68,0.15,0.285548091,308.66,290.77
2023,5,23,1,0,0,0,0,0,0,0,0,2.16,1.39,1.78,0,97.19,6.9,62.65,0.29,0.552059642,282.53,275.01
2023,5,23,2,0,0,0,0,0,0,0,0,1.87,0.97,1.42,0,96.44,6.71,62.63,0.36,0.685315418,307.12,305.54
2023,5,23,3,0,0,0,0,0,0,0,0,1.5,0.5,1,0,95.75,6.53,62.61,0.41,0.780498115,342.26,343.57
2023,5,23,4,0,0,0,0,0,0,0,0,1.25,-0.12,0.56,0,93.06,6.23,62.61,0.5,0.951826969,8.13,8.7
2023,5,23,5,0.05,0.04,0.17,3.75,4.08,0.48,0,0,0.98,-0.67,0.16,0,90.94,5.92,62.62,0.52,0.989900048,26.57,24.62
2023,5,23,6,0.08,0.41,1.11,9.95,46.95,0.99,0.01,0.02,2.5,-0.62,0.94,0,82,5.98,62.65,0.17,0.32362117,30.07,21.54
2023,5,23,7,0.38,1.09,2.12,48.7,125.8,6.32,0.1,0.5,5.25,-1.74,1.76,0,64.25,5.68,62.69,1.75,3.331394393,223.19,223.36
2023,5,23,8,0.37,1.85,3.03,52.12,216.65,6.96,0.16,0.8,7.3,-2.68,2.31,0.01,52.44,5.31,62.71,3.08,5.863254131,218.09,218.26
2023,5,23,9,0.34,2.53,3.8,51.67,299.9,6.98,0.18,0.95,9.01,-3.14,2.93,0.01,44.81,5.13,62.73,3.98,7.576542676,216.69,216.89
2023,5,23,10,0.28,3.04,4.36,45.83,362.55,6.12,0.17,0.85,10.2,-2.86,3.67,0.02,42.19,5.25,62.71,4.57,8.6996985,217.85,217.99
2023,5,23,11,0.52,3.33,4.67,80.98,397.95,10.87,0.34,1.8,11.01,-2.03,4.49,0.08,42.31,5.55,62.68,4.95,9.423086997,218.41,218.5
2023,5,23,12,0.61,3.33,4.72,93.55,399.12,12.45,0.41,2.15,11.35,-0.76,5.3,0.14,45.19,6.04,62.64,5.2,9.899000481,218.78,218.82
2023,5,23,13,0.61,3.13,4.5,90.1,373.8,11.65,0.36,1.83,11.15,0.5,5.82,0.33,49.88,6.59,62.59,5.25,9.994183178,219.14,219.18
2023,5,23,14,1.17,2.69,4.02,157.58,321.02,20.23,0.62,3.1,10.52,1.33,5.93,0.63,54.81,6.96,62.54,5.13,9.765744706,219.81,219.86
2023,5,23,15,0.86,2.07,3.33,114.95,245.3,14.9,0.38,2,9.29,1.87,5.58,1.03,61.56,7.2,62.5,4.59,8.737771579,222.65,222.69
2023,5,23,16,0.72,1.35,2.46,89.15,157.33,11.31,0.21,1.05,8.01,1.94,4.98,1.23,67.56,7.26,62.47,3.88,7.386177282,227.28,227.21
2023,5,23,17,0.39,0.63,1.48,46.27,72.95,5.63,0.05,0.27,6.61,2.15,4.38,0.98,75.62,7.39,62.46,3.1,5.90132721,230.62,230.52
2023,5,23,18,0.1,0.12,0.45,10.85,13.9,1.3,0.01,0.02,5.05,2.43,3.74,0.34,85.88,7.51,62.46,2,3.807307877,233.09,233.13
2023,5,23,19,0,0,0,0,0,0,0,0,3.9,2.73,3.32,0.15,94.81,7.69,62.47,0.73,1.389667375,230.67,230.89
2023,5,23,20,0,0,0,0,0,0,0,0,3.31,2.65,2.98,0.06,98.31,7.63,62.49,0.02,0.038073079,288.43,270
2023,5,23,21,0,0,0,0,0,0,0,0,2.62,2.32,2.48,0.02,100,7.45,62.52,0.27,0.513986563,33.23,40.01
2023,5,23,22,0,0,0,0,0,0,0,0,2.14,1.81,1.98,0.01,100,7.14,62.56,0.32,0.60916926,46.97,48.67
2023,5,23,23,0,0,0,0,0,0,0,0,2.2,1.3,1.75,0.2,96.12,6.9,62.55,0.09,0.171328854,114.44,137.73
2023,5,24,0,0,0,0,0,0,0,0,0,1.99,1.08,1.54,0.31,96.38,6.77,62.52,0.48,0.913753891,229.6,229.11
2023,5,24,1,0,0,0,0,0,0,0,0,1.64,1.17,1.4,0.02,100,6.9,62.49,0.58,1.104119284,243.43,242.82
2023,5,24,2,0,0,0,0,0,0,0,0,1.58,1.1,1.33,0,100,6.84,62.46,0.4,0.761461575,268.88,265.29
2023,5,24,3,0,0,0,0,0,0,0,0,1.37,0.88,1.13,0.01,99.81,6.71,62.44,0.37,0.704351957,312.44,309.34
2023,5,24,4,0,0,0,0,0,0,0,0,1.27,0.53,0.9,0,97.81,6.53,62.44,0.48,0.913753891,319.6,316.61
2023,5,24,5,0.04,0.04,0.17,3.55,4.5,0.48,0,0,1.21,0.22,0.72,0,95.94,6.41,62.46,0.61,1.161228903,303.49,303.69
2023,5,24,6,0.38,0.44,1.11,44.27,51.4,5.49,0.04,0.2,2.76,0.17,1.47,0,85.5,6.35,62.49,1.02,1.941727017,295.39,298.09
2023,5,24,7,0.91,1.15,2.12,110.3,135.7,13.57,0.23,1.1,5.35,-0.55,2.4,0,67.5,6.04,62.52,1.53,2.912590526,270.58,270.73
2023,5,24,8,1.31,1.88,3.04,161.17,223.62,20.98,0.52,2.67,7.96,-1.35,3.3,0,53.69,5.74,62.55,2.67,5.082756016,232.73,232.86
2023,5,24,9,1.85,2.56,3.8,230.75,308.33,30.54,0.93,4.92,9.56,-0.86,4.35,0,50.12,5.98,62.58,3.79,7.214848428,223.41,223.6
2023,5,24,10,2.36,3.11,4.36,294.65,376.52,39.41,1.36,7,10.53,0.15,5.34,0,50.69,6.41,62.59,4.6,8.756808118,221.21,221.32
2023,5,24,11,2.57,3.42,4.67,332.65,415.2,45.22,1.66,9,10.76,1.3,6.02,0,54.25,7.02,62.57,5.03,9.575379312,221.35,221.39
2023,5,24,12,2.69,3.74,4.72,357.27,461.2,51.91,2.01,10.98,10.48,2.15,6.31,0,58.56,7.39,62.54,5.32,10.12743895,222.74,222.83
2023,5,24,13,2.67,3.51,4.5,341.55,431.08,48.94,1.8,9.55,10,2.75,6.37,0,62.69,7.69,62.51,5.55,10.56527936,225.11,225.18
2023,5,24,14,2.29,3.09,4.03,291.67,379.4,41.55,1.38,7.12,9.48,2.97,6.23,0,65.88,7.81,62.49,5.74,10.92697361,227.98,227.99
2023,5,24,15,1.68,2.43,3.33,211,296.77,29.58,0.82,4.27,8.76,2.9,5.83,0,68.81,7.81,62.45,5.73,10.90793707,229.42,229.5
2023,5,24,16,1.12,1.66,2.46,138.88,201.5,18.88,0.38,1.88,7.57,2.65,5.12,0,73.19,7.63,62.43,5.2,9.899000481,229.69,229.76
2023,5,24,17,0.58,0.84,1.48,67.85,99.55,8.79,0.09,0.45,6.11,2.51,4.31,0,80.06,7.57,62.42,4.24,8.0714927,228.44,228.56
2023,5,24,18,0.13,0.17,0.45,14.52,19.25,1.95,0.01,0.02,4.65,2.57,3.62,0.03,88.88,7.57,62.42,3.19,6.072656065,225.5,225.53
2023,5,24,19,0,0,0,0,0,0,0,0,3.41,2.92,3.16,0.03,99.38,7.75,62.43,1.9,3.616942484,218,217.85
2023,5,24,20,0,0,0,0,0,0,0,0,3.09,3.06,3.08,0.03,100,7.87,62.46,1.66,3.160065538,212.35,212.18
2023,5,24,21,0,0,0,0,0,0,0,0,2.61,2.9,2.76,0.02,100,7.75,62.49,1.44,2.741261672,207.82,207.88
2023,5,24,22,0,0,0,0,0,0,0,0,2.39,2.85,2.62,0.01,100,7.75,62.5,1.36,2.588969357,203.63,203.68
2023,5,24,23,0,0,0,0,0,0,0,0,2.01,2.26,2.14,0.01,100,7.39,62.48,1.41,2.684152054,202.74,202.59
2023,5,25,0,0,0,0,0,0,0,0,0,1.58,1.76,1.67,0.01,100,7.14,62.45,1.25,2.379567423,203.2,202.92
2023,5,25,1,0,0,0,0,0,0,0,0,1.13,1.17,1.15,0.01,100,6.9,62.41,0.86,1.637142387,209.36,207.6
2023,5,25,2,0,0,0,0,0,0,0,0,0.69,0.46,0.58,0.01,100,6.53,62.37,0.44,0.837607733,216.25,214.61
2023,5,25,3,0,0,0,0,0,0,0,0,0.51,-0.12,0.19,0.01,98.62,6.29,62.34,0.32,0.60916926,235.92,242.1
2023,5,25,4,0,0,0,0,0,0,0,0,0.49,-0.45,0.02,0.01,96.31,6.1,62.33,0.39,0.742425036,267.71,265.17
2023,5,25,5,0.05,0.05,0.17,4.3,5.48,0.61,0,0.02,0.53,-0.42,0.06,0.01,96.44,6.16,62.33,0.65,1.23737506,260.31,258.29
2023,5,25,6,0.46,0.53,1.11,54.12,61.88,7.06,0.05,0.25,1.55,0.19,0.87,0.01,93.62,6.41,62.36,1.59,3.026809763,244.06,243.73
2023,5,25,7,0.86,1.29,2.12,104.1,153.3,13.82,0.23,1.17,3.2,0.88,2.04,0,87.75,6.77,62.4,3.08,5.863254131,241.48,241.47
2023,5,25,8,1.39,2.11,3.04,174.67,255.95,24.23,0.62,3.17,5.01,1.12,3.06,0,78.81,6.9,62.44,3.78,7.195811888,240.26,240.4
2023,5,25,9,1.8,2.82,3.8,233.08,346.27,33.29,1.07,5.67,6.84,0.76,3.8,0.01,67.44,6.65,62.46,4.4,8.37607733,236.14,236.31
2023,5,25,10,1.88,3.35,4.36,241.42,411.35,35.37,1.28,6.52,8.35,0.91,4.63,0.02,61.44,6.77,62.45,5.27,10.03225626,229.81,229.94
2023,5,25,11,2.14,3.68,4.67,291.98,452.25,42.64,1.66,8.83,8.78,1.36,5.07,0.07,61.56,6.96,62.43,5.93,11.28866786,226.28,226.48
2023,5,25,12,1.89,3.69,4.72,263.67,450.33,38.13,1.49,8.02,8.75,1.78,5.26,0.21,63.44,7.14,62.41,6.44,12.25953137,225.15,225.31
2023,5,25,13,1.77,3.45,4.5,241.52,420.7,34.46,1.3,6.65,8.48,2.05,5.26,0.33,65.81,7.32,62.38,6.73,12.81159101,224.91,225.11
2023,5,25,14,1.44,2.92,4.03,196.25,354.4,27.27,0.93,4.73,7.92,2.06,4.99,0.42,68.5,7.32,62.36,6.73,12.81159101,225.47,225.7
2023,5,25,15,1.12,2.24,3.34,148.58,269.3,20.42,0.59,3.12,7.15,1.89,4.52,0.42,71.31,7.26,62.34,6.4,12.18338521,226.24,226.43
2023,5,25,16,0.6,1.46,2.47,81.88,173.2,10.69,0.22,1.08,6.01,1.69,3.85,0.36,76,7.14,62.34,5.84,11.117339,227.33,227.49
2023,5,25,17,0.26,0.7,1.49,30.38,82.05,4.06,0.05,0.23,4.69,1.44,3.06,0.25,81.69,7.02,62.35,5.06,9.63248893,227.57,227.81
2023,5,25,18,0.09,0.14,0.46,10.33,16.55,1.4,0.01,0.02,3.19,1.23,2.22,0.19,89.44,6.9,62.37,4.01,7.633652294,225.47,225.72
2023,5,25,19,0,0,0,0,0,0,0,0,1.94,1.2,1.57,0.12,97.81,6.9,62.41,2.72,5.177938713,219.76,219.96
2023,5,25,20,0,0,0,0,0,0,0,0,1.55,0.75,1.15,0.06,97.06,6.65,62.45,2.29,4.35936752,219.18,218.82
2023,5,25,21,0,0,0,0,0,0,0,0,0.62,0,0.31,0.03,98.31,6.29,62.48,1.54,2.931627066,215.06,215.22
2023,5,25,22,0,0,0,0,0,0,0,0,0.03,-0.74,-0.35,0.02,97.38,5.98,62.48,1.04,1.979800096,218.59,215.96
2023,5,25,23,0,0,0,0,0,0,0,0,-0.6,-1.56,-1.08,0.02,96.25,5.62,62.44,0.57,1.085082745,217.18,214.05
2023,5,26,0,0,0,0,0,0,0,0,0,-0.9,-2.14,-1.52,0.04,94.19,5.37,62.37,0.61,1.161228903,204.93,200.38
2023,5,26,1,0,0,0,0,0,0,0,0,-0.75,-2.36,-1.56,0.04,91.25,5.25,62.32,0.52,0.989900048,213.45,212.28
2023,5,26,2,0,0,0,0,0,0,0,0,-0.52,-2.34,-1.42,0.03,89.44,5.25,62.28,0.57,1.085082745,232.82,236.89
2023,5,26,3,0,0,0,0,0,0,0,0,-0.35,-2.01,-1.17,0.02,90.25,5.37,62.26,0.86,1.637142387,237.17,241.15
2023,5,26,4,0,0,0,0,0,0,0,0,-0.24,-1.87,-1.05,0.01,90.25,5.43,62.26,0.73,1.389667375,239.88,244.56
2023,5,26,5,0.06,0.05,0.18,4.92,5.33,0.67,0,0,0.05,-1.55,-0.75,0,90.25,5.55,62.29,0.84,1.599069309,239.13,242.7
2023,5,26,6,0.53,0.54,1.12,60.77,62.05,7.69,0.05,0.27,1.55,-0.76,0.39,0,86.5,5.92,62.35,1.71,3.255248235,236.97,236.89
2023,5,26,7,1.19,1.36,2.12,141.52,161.67,18.2,0.3,1.48,3.48,-1.1,1.19,0,74.62,5.86,62.4,2.45,4.66395215,237.12,237.01
2023,5,26,8,2.01,2.21,3.04,245.5,268.15,32.99,0.8,4.1,5.67,-1.92,1.87,0,61.12,5.62,62.44,3.2,6.091692604,231.84,231.86
2023,5,26,9,2.57,2.91,3.8,319.95,354.35,44.38,1.38,7.2,7.7,-2.51,2.6,0,51.31,5.37,62.47,4.13,7.862090767,226.68,226.55
2023,5,26,10,2.74,3.42,4.36,343.27,416.15,48.82,1.73,9.15,9,-2.2,3.4,0,48.38,5.55,62.48,5.01,9.537306233,223.48,223.38
2023,5,26,11,2.65,3.72,4.67,347.75,452.15,50.15,1.93,10.42,9.52,-1.04,4.24,0.02,50.81,6.04,62.47,5.63,10.71757167,222.02,221.94
2023,5,26,12,2.4,3.82,4.72,323.8,467.2,48.19,1.89,10.25,9.28,0.24,4.76,0.05,55.81,6.53,62.45,6.11,11.63132557,221.79,221.7
2023,5,26,13,2.14,3.6,4.5,282.42,439.88,41.74,1.59,8.05,8.58,0.9,4.73,0.1,60.5,6.77,62.43,6.2,11.80265442,220.81,220.82
2023,5,26,14,1.84,3.13,4.03,239.27,381.65,34.84,1.19,6.02,7.77,1.11,4.44,0.15,64.44,6.84,62.4,6,11.42192363,220.41,220.39
2023,5,26,15,1.46,2.45,3.34,185.7,297.02,26.41,0.75,3.95,7.01,1,4.01,0.2,67.25,6.77,62.37,5.73,10.90793707,218.81,218.86
2023,5,26,16,0.96,1.52,2.48,114.77,178.08,15.28,0.3,1.52,5.89,0.76,3.33,0.23,71.44,6.65,62.36,5.28,10.0512928,216.94,216.96
2023,5,26,17,0.44,0.72,1.5,50.65,82.3,6.66,0.07,0.35,4.42,0.52,2.47,0.22,77.94,6.53,62.37,4.6,8.756808118,214.42,214.41
2023,5,26,18,0.11,0.14,0.47,12,15.73,1.52,0.01,0.02,2.62,0.44,1.54,0.43,88,6.53,62.4,3.75,7.13870227,210.84,210.81
2023,5,26,19,0,0,0,0,0,0,0,0,1.26,0.56,0.91,0.35,97.75,6.53,62.43,2.58,4.911427162,204.47,204.61
2023,5,26,20,0,0,0,0,0,0,0,0,0.92,0.27,0.6,0.24,98.12,6.41,62.47,2.05,3.902490574,199.61,199.8
2023,5,26,21,0,0,0,0,0,0,0,0,0.01,-0.35,-0.17,0.14,100,6.1,62.48,1.24,2.360530884,197.63,196.53
2023,5,26,22,0,0,0,0,0,0,0,0,-0.56,-1.05,-0.81,0.04,99.94,5.8,62.46,0.55,1.047009666,180.81,175.38
2023,5,26,23,0,0,0,0,0,0,0,0,-1.45,-2.77,-2.11,0.01,94.81,5.13,62.42,0.38,0.723388497,171.7,152.15
2023,5,27,0,0,0,0,0,0,0,0,0,-1.42,-4.35,-2.88,0,83.88,4.58,62.38,0.52,0.989900048,179.14,167.47
2023,5,27,1,0,0,0,0,0,0,0,0,-1.6,-5.2,-3.4,0,79.25,4.27,62.32,0.66,1.2564116,182.69,173.42
2023,5,27,2,0,0,0,0,0,0,0,0,-1.87,-5.52,-3.7,0,78.31,4.09,62.28,0.61,1.161228903,180.73,170.44
2023,5,27,3,0,0,0,0,0,0,0,0,-2.11,-5.78,-3.95,0,77.5,3.97,62.24,0.49,0.93279043,164.43,148.44
2023,5,27,4,0,0,0,0,0,0,0,0,-2.29,-6.19,-4.24,0,75.75,3.85,62.21,0.38,0.723388497,151.86,130.79
2023,5,27,5,0.04,0.05,0.18,3.52,5.1,0.49,0,0,-2.24,-6.46,-4.35,0,73.5,3.72,62.2,0.26,0.494950024,145.84,116.08
2023,5,27,6,0.36,0.5,1.12,42.1,55.65,5.47,0.04,0.2,-0.07,-5.43,-2.75,0,67.31,4.09,62.22,0.37,0.704351957,202.25,186.63
2023,5,27,7,0.9,1.29,2.13,109.38,148.23,14.5,0.25,1.23,2.87,-5.3,-1.21,0,55.19,4.15,62.25,1.55,2.950663605,223.36,223.65
2023,5,27,8,1.45,2.08,3.04,176.3,243.45,23.86,0.59,3.1,5.15,-4.67,0.24,0,49.62,4.39,62.28,2.78,5.29215795,225.91,225.65
2023,5,27,9,1.97,2.86,3.8,247.77,341.67,35.04,1.11,5.9,6.95,-3.97,1.49,0.01,46.44,4.64,62.31,3.97,7.557506137,223.17,222.94
2023,5,27,10,2.27,3.41,4.36,291.4,410.45,41.46,1.5,7.58,7.94,-2.84,2.55,0.01,47.62,5.07,62.35,5.13,9.765744706,221.24,221.15
2023,5,27,11,2.22,3.71,4.67,297.73,448.88,43.02,1.66,8.8,8.22,-1.48,3.37,0.05,51.94,5.68,62.36,5.76,10.96504669,220.43,220.43
2023,5,27,12,2.03,3.69,4.72,276.98,446.15,39.56,1.52,8.17,8.19,-0.48,3.85,0.2,56,6.1,62.35,5.89,11.2125217,220.86,220.83
2023,5,27,13,1.86,3.47,4.5,248.75,420.48,35.44,1.3,6.67,7.76,0.19,3.98,0.36,60.38,6.41,62.33,5.76,10.96504669,222.03,222.01
2023,5,27,14,1.45,2.98,4.03,185.02,359,26.91,0.91,4.58,7.15,0.48,3.81,0.62,64.31,6.53,62.31,5.42,10.31780435,222.43,222.39
2023,5,27,15,1.1,2.36,3.34,145.88,285.73,20.62,0.58,3.05,6.33,0.54,3.44,0.84,68.38,6.59,62.28,5.09,9.689598548,220.95,220.89
2023,5,27,16,0.68,1.59,2.48,88.83,191.8,12.47,0.26,1.3,5.13,0.66,2.9,0.98,75,6.65,62.27,4.79,9.118502366,219.3,219.29
2023,5,27,17,0.32,0.8,1.5,39.8,94.25,5.38,0.06,0.3,3.78,0.66,2.22,1.09,82.69,6.65,62.27,4.2,7.995346543,217.51,217.54
2023,5,27,18,0.12,0.16,0.48,13.33,18.73,1.84,0.01,0.02,2.37,0.76,1.56,0.61,92,6.71,62.29,3.41,6.491459931,213.98,214
2023,5,27,19,0,0,0,0,0,0,0,0,1.39,0.9,1.15,0.71,99.75,6.77,62.32,2.33,4.435513677,207.94,207.89
2023,5,27,20,0,0,0,0,0,0,0,0,1.07,0.9,0.98,0.62,100,6.77,62.36,1.98,3.769234799,206.46,206.28
2023,5,27,21,0,0,0,0,0,0,0,0,0.99,0.85,0.92,0.44,100,6.77,62.39,1.93,3.674052102,207.5,207.45
2023,5,27,22,0,0,0,0,0,0,0,0,0.92,0.82,0.87,0.29,100,6.71,62.4,1.86,3.540796326,208.61,208.62
2023,5,27,23,0,0,0,0,0,0,0,0,0.76,0.74,0.75,0.19,100,6.71,62.39,1.67,3.179102078,210.87,210.62
2023,5,28,0,0,0,0,0,0,0,0,0,0.61,0.62,0.61,0.14,100,6.65,62.37,1.47,2.79837129,213.27,213.07
2023,5,28,1,0,0,0,0,0,0,0,0,0.39,0.29,0.33,0.11,100,6.47,62.36,1.45,2.760298211,218.23,218.2
2023,5,28,2,0,0,0,0,0,0,0,0,-0.18,-0.42,-0.3,0.09,100,6.1,62.35,0.94,1.789434702,233.13,232.07
2023,5,28,3,0,0,0,0,0,0,0,0,-1.02,-1.42,-1.23,0.07,100,5.68,62.33,0.34,0.647242339,256.91,263.45
2023,5,28,4,0,0,0,0,0,0,0,0,-1.85,-2.72,-2.28,0.05,97.94,5.13,62.32,0.2,0.380730788,344.36,349.92
2023,5,28,5,0.05,0.05,0.18,4.15,5.2,0.58,0,0,-1.89,-3.88,-2.88,0.03,89.56,4.7,62.33,0.27,0.513986563,356.73,5.12
2023,5,28,6,0.44,0.51,1.13,49.8,55.48,6.39,0.05,0.25,0.63,-3.89,-1.63,0.03,73,4.7,62.35,0.43,0.818571194,303.11,316.17
2023,5,28,7,0.96,1.28,2.13,113.12,144.67,14.73,0.26,1.3,3.48,-4.44,-0.48,0,57.12,4.46,62.39,1.48,2.817407829,256.91,256.56
2023,5,28,8,1.42,2.12,3.04,169.58,245.48,22.84,0.59,3.12,5.72,-4.35,0.68,0,49.62,4.52,62.42,2.71,5.158902174,242.33,241.84
2023,5,28,9,1.98,2.85,3.8,238.75,334.58,32.69,1.05,5.62,7.53,-4.03,1.75,0,45.5,4.7,62.45,3.56,6.777008022,238.37,237.84
2023,5,28,10,2.11,3.39,4.36,258.2,401.4,36.9,1.35,7,8.87,-3.13,2.87,0,45.12,5.13,62.47,4.32,8.223785015,236.05,235.65
2023,5,28,11,2.33,3.72,4.67,298.23,444.17,42.32,1.66,8.95,9.7,-1.86,3.92,0,47.19,5.68,62.47,4.79,9.118502366,233.95,233.69
2023,5,28,12,2.29,3.8,4.72,294.92,456.45,42.47,1.7,9.25,10.12,-0.59,4.76,0.05,50.38,6.23,62.45,5.02,9.556342772,232.72,232.49
2023,5,28,13,1.84,3.59,4.5,227.77,433.05,33.74,1.3,6.8,10.12,0.47,5.3,0.14,54,6.71,62.43,5.05,9.613452391,231.41,231.2
2023,5,28,14,1.66,3.16,4.04,211.88,384.27,30.74,1.08,5.42,9.77,1.16,5.47,0.27,57.62,6.96,62.43,5.07,9.651525469,230.06,229.95
2023,5,28,15,1.27,2.54,3.35,161.65,309.98,23.43,0.7,3.67,8.87,1.62,5.24,0.36,62.88,7.14,62.43,4.77,9.080429288,229.71,229.62
2023,5,28,16,0.87,1.76,2.49,106.8,215.33,14.91,0.32,1.6,7.68,1.89,4.78,0.36,69.38,7.26,62.43,4.23,8.052456161,228.89,228.91
2023,5,28,17,0.42,0.94,1.51,50.05,113.33,6.75,0.08,0.4,6.18,2.11,4.15,0.28,78,7.39,62.45,3.55,6.757971482,229.02,229.15
2023,5,28,18,0.16,0.2,0.49,17.6,23.5,2.27,0.01,0.05,4.64,2.35,3.5,0.17,88,7.51,62.48,2.73,5.196975253,229.52,229.45
2023,5,28,19,0,0,0,0,0,0,0,0,3.26,2.76,3.01,0.11,99.44,7.69,62.52,1.51,2.874517447,230.23,229.6
2023,5,28,20,0,0,0,0,0,0,0,0,2.87,2.84,2.86,0.06,100,7.69,62.56,0.97,1.846544321,228.6,228.1
2023,5,28,21,0,0,0,0,0,0,0,0,2.51,2.77,2.64,0.03,100,7.69,62.6,0.62,1.180265442,232.13,232.13
2023,5,28,22,0,0,0,0,0,0,0,0,2.37,2.65,2.51,0.01,100,7.63,62.63,0.56,1.066046206,236.98,238.14
2023,5,28,23,0,0,0,0,0,0,0,0,2.15,2.42,2.28,0.01,100,7.51,62.63,0.5,0.951826969,237.8,239.04
2023,5,29,0,0,0,0,0,0,0,0,0,1.89,2.01,1.95,0.01,100,7.26,62.62,0.46,0.875680812,243.87,245.06
2023,5,29,1,0,0,0,0,0,0,0,0,1.73,1.6,1.67,0.01,100,7.08,62.6,0.4,0.761461575,255.14,257.8
2023,5,29,2,0,0,0,0,0,0,0,0,1.65,1.15,1.4,0,99.25,6.84,62.59,0.36,0.685315418,274.97,277.77
2023,5,29,3,0,0,0,0,0,0,0,0,1.53,0.44,0.98,0.01,94.88,6.47,62.57,0.43,0.818571194,308.33,309.63
2023,5,29,4,0,0,0,0,0,0,0,0,1.44,-0.27,0.58,0.01,90.5,6.1,62.56,0.53,1.008936588,344.52,344.45
2023,5,29,5,0.07,0.07,0.18,6.55,7.1,0.84,0,0.02,1.13,-1.03,0.05,0,87.19,5.8,62.56,0.66,1.2564116,17.15,16.57
2023,5,29,6,0.61,0.7,1.13,71.52,83.9,8.35,0.06,0.3,2.76,-0.77,1,0,79.38,5.92,62.6,0.92,1.751361624,33.96,35.75
2023,5,29,7,1.42,1.54,2.13,171.42,188.1,21.78,0.37,1.83,5.72,-1.6,2.06,0,61.44,5.62,62.64,0.36,0.685315418,160.77,163.5
2023,5,29,8,2.16,2.35,3.04,265.05,287.02,35.69,0.91,4.6,8.26,-2.59,2.83,0,48.88,5.31,62.67,2.1,3.997673271,204.37,204.64
2023,5,29,9,2.71,3.03,3.8,335.6,369.92,46.85,1.51,7.95,10.07,-2.15,3.96,0,44.88,5.49,62.7,3.36,6.396277234,209.25,209.43
2023,5,29,10,2.95,3.53,4.36,366.65,430.75,52.5,1.95,10.17,11.17,-1.04,5.06,0,45.31,5.98,62.73,4.34,8.261858094,211.69,211.8
2023,5,29,11,3.09,3.82,4.67,394.55,464.73,57.07,2.26,12.4,11.69,0.22,5.95,0,47.94,6.53,62.73,4.92,9.365977378,213.21,213.37
2023,5,29,12,3,3.82,4.72,385.1,464.55,55.09,2.2,12.12,11.76,1.49,6.63,0.01,51.88,7.14,62.71,5.1,9.708635087,213.64,213.71
2023,5,29,13,2.52,3.63,4.51,314.92,440.67,45.45,1.73,9.25,11.43,2.36,6.9,0.01,55.88,7.51,62.69,5.19,9.879963942,214.07,214.17
2023,5,29,14,2.31,3.19,4.04,287.12,388.25,40.67,1.41,7.17,10.9,2.94,6.92,0.02,59.62,7.75,62.67,5.21,9.918037021,215.12,215.23
2023,5,29,15,1.55,2.57,3.35,193.38,312.88,27.43,0.8,4.27,10.14,3.18,6.66,0.01,63.56,7.87,62.67,4.95,9.423086997,216.2,216.31
2023,5,29,16,1.02,1.76,2.49,125.23,211.75,17.02,0.36,1.8,9.17,3.19,6.18,0.01,67.69,7.87,62.67,4.48,8.528369645,217.41,217.54
2023,5,29,17,0.51,0.96,1.52,61.02,115.58,7.86,0.09,0.45,7.83,3.09,5.46,0.01,73.62,7.75,62.69,3.78,7.195811888,218.2,218.34
2023,5,29,18,0.14,0.21,0.49,15.45,24.4,2.05,0.01,0.02,6.04,3.04,4.54,0,82.88,7.75,62.71,2.78,5.29215795,217.22,217.22
2023,5,29,19,0,0,0,0,0,0,0,0,4.33,3.28,3.8,0,94.81,7.87,62.75,1.39,2.646078975,214.94,214.68
2023,5,29,20,0,0,0,0,0,0,0,0,3.74,3.24,3.49,0,98.56,7.81,62.79,0.92,1.751361624,213.55,212.1
2023,5,29,21,0,0,0,0,0,0,0,0,3.32,3.11,3.21,0,100,7.75,62.84,0.61,1.161228903,214.51,212.59
2023,5,29,22,0,0,0,0,0,0,0,0,2.93,2.9,2.92,0,100,7.63,62.86,0.37,0.704351957,213.02,212.25
2023,5,29,23,0,0,0,0,0,0,0,0,2.24,2.36,2.3,0,100,7.39,62.84,0.09,0.171328854,199.98,204.68
2023,5,30,0,0,0,0,0,0,0,0,0,1.51,1.58,1.55,0,100,6.96,62.82,0.07,0.133255776,35.54,195.95
2023,5,30,1,0,0,0,0,0,0,0,0,0.91,0.41,0.66,0,98.81,6.41,62.79,0.18,0.342657709,20.85,12.53
2023,5,30,2,0,0,0,0,0,0,0,0,0.75,-1.08,-0.17,0,89.62,5.74,62.77,0.26,0.494950024,27.35,27.18
2023,5,30,3,0,0,0,0,0,0,0,0,0.63,-2.52,-0.95,0,81.12,5.19,62.74,0.36,0.685315418,42.36,42.71
2023,5,30,4,0,0,0,0,0,0,0,0,0.54,-3.94,-1.7,0,73.31,4.64,62.72,0.52,0.989900048,48.65,47.69
2023,5,30,5,0.08,0.07,0.19,6.7,7.27,0.84,0,0.02,0.7,-5.17,-2.23,0,65.81,4.21,62.73,0.59,1.123155824,52.52,51.41
2023,5,30,6,0.69,0.72,1.13,80.08,85.95,8.98,0.06,0.3,2.98,-4.54,-0.78,0,59.12,4.46,62.77,0.31,0.590132721,72.47,64.89
2023,5,30,7,1.55,1.57,2.13,185.95,190.85,23.16,0.38,1.88,6.58,-6.63,-0.02,0,39.62,3.85,62.81,1.48,2.817407829,221.36,221.47
2023,5,30,8,2.37,2.39,3.04,287.75,289.9,38.34,0.95,4.77,9.05,-6.55,1.26,0,33.12,3.78,62.84,2.62,4.987573319,220.64,220.54
2023,5,30,9,2.98,3.07,3.8,364.98,372.67,50.63,1.61,8.42,11.15,-5.61,2.77,0,30.69,4.03,62.86,3.68,7.005446494,217.58,217.6
2023,5,30,10,3.35,3.57,4.36,415.17,433.55,58.92,2.15,11.52,12.47,-4.32,4.08,0,31.06,4.46,62.86,4.64,8.832954276,216.45,216.53
2023,5,30,11,3.33,3.86,4.67,421.7,468.17,60.79,2.38,13.15,13.04,-3.02,5.01,0,33.12,4.94,62.85,5.21,9.918037021,216.29,216.32
2023,5,30,12,3.27,3.89,4.72,415.9,470,59.85,2.37,13.15,13.13,-1.76,5.69,0,36.31,5.43,62.81,5.41,10.29876781,216.49,216.49
2023,5,30,13,2.97,3.7,4.51,367.12,446.83,53.08,2.02,10.88,12.95,-0.69,6.13,0,39.75,5.92,62.77,5.37,10.22262165,216.54,216.6
2023,5,30,14,2.64,3.28,4.04,324.35,395.83,46.33,1.6,8.25,12.49,0.15,6.33,0,43.62,6.29,62.74,5.18,9.860927403,216.28,216.43
2023,5,30,15,2.02,2.68,3.36,245.27,321.67,34.66,1.01,5.3,11.66,0.8,6.23,0,48.19,6.59,62.72,4.93,9.385013918,215.65,215.65
2023,5,30,16,1.37,1.91,2.5,163.77,229.1,22.55,0.48,2.38,10.41,1.2,5.8,0,53.75,6.77,62.71,4.52,8.604515803,215.28,215.32
2023,5,30,17,0.74,1.07,1.52,86.1,126,10.97,0.12,0.62,8.72,1.43,5.08,0,61,6.84,62.72,3.86,7.348104203,214.94,215.1
2023,5,30,18,0.2,0.26,0.5,21.5,28.35,2.65,0.01,0.05,6.47,1.7,4.08,0,72.56,6.96,62.75,2.78,5.29215795,213.56,213.62
2023,5,30,19,0,0,0,0,0,0,0,0,4.4,2,3.19,0,85.56,7.14,62.78,1.2,2.284384726,211.09,210.88
2023,5,30,20,0,0,0,0,0,0,0,0,3.62,1.74,2.68,0,88.75,6.96,62.82,0.48,0.913753891,204.9,204.66
2023,5,30,21,0,0,0,0,0,0,0,0,2.85,1.29,2.07,0,90.69,6.77,62.84,0.1,0.190365394,157.38,167.47
2023,5,30,22,0,0,0,0,0,0,0,0,1.69,0.67,1.18,0,94.31,6.47,62.85,0.19,0.361694248,68.63,84.81
2023,5,30,23,0,0,0,0,0,0,0,0,1.08,0.14,0.61,0,94.69,6.23,62.84,0.26,0.494950024,57.26,64.03
2023,5,31,0,0,0,0,0,0,0,0,0,0.69,-1.11,-0.21,0,88.81,5.68,62.81,0.28,0.533023103,48.37,53.37
2023,5,31,1,0,0,0,0,0,0,0,0,0.3,-3.16,-1.43,0,78.5,4.88,62.78,0.33,0.6282058,45.97,48.72
2023,5,31,2,0,0,0,0,0,0,0,0,0.14,-5.13,-2.49,0,68.31,4.21,62.75,0.39,0.742425036,49.9,52.63
2023,5,31,3,0,0,0,0,0,0,0,0,0.12,-7.07,-3.48,0,58.69,3.6,62.72,0.46,0.875680812,43.64,44.56
2023,5,31,4,0,0,0,0,0,0,0,0,0.23,-8.81,-4.29,0,50.5,3.11,62.69,0.55,1.047009666,38.66,38.97
2023,5,31,5,0.07,0.07,0.19,6.15,7.48,0.83,0,0.02,0.55,-10.04,-4.74,0,44.5,2.81,62.69,0.6,1.142192363,38.07,38.29
2023,5,31,6,0.61,0.73,1.13,69.65,86.2,8.05,0.06,0.33,2.93,-8.35,-2.71,0,44.38,3.3,62.71,0.17,0.32362117,27.76,37.95
2023,5,31,7,1.31,1.58,2.13,155.7,190.5,20.41,0.38,1.85,6.67,-11.95,-2.64,0,24.81,2.44,62.74,1.23,2.341494345,233.49,233.49
2023,5,31,8,1.98,2.38,3.04,239.27,287.05,33.09,0.9,4.77,9.13,-11.24,-1.06,0,22.25,2.56,62.77,2.75,5.235048331,228.69,228.75
2023,5,31,9,2.7,3.07,3.8,329.4,370.83,46.15,1.56,8.48,10.99,-9.72,0.64,0,22.31,2.93,62.79,3.82,7.271958046,223.51,223.6
2023,5,31,10,3.18,3.58,4.36,391.83,432.75,55.99,2.14,11.35,12.23,-7.93,2.15,0,24,3.42,62.8,4.72,8.985246591,220.97,221.06
2023,5,31,11,3.17,3.86,4.67,400.65,468.1,57.94,2.38,13.2,12.8,-6.02,3.4,0,27,3.97,62.79,5.21,9.918037021,220.81,220.86
2023,5,31,12,2.7,3.81,4.72,340.7,459.9,49.44,2.02,11.42,12.94,-4.02,4.47,0,31.19,4.64,62.76,5.42,10.31780435,221.38,221.39
2023,5,31,13,2.84,3.6,4.51,353.77,436.3,50.17,1.98,10.55,12.9,-2.32,5.29,0,35.31,5.25,62.73,5.5,10.47009666,221.78,221.86
2023,5,31,14,2.46,3.17,4.04,305.15,385.98,42.81,1.53,7.85,12.56,-1.04,5.76,0,39.62,5.74,62.69,5.5,10.47009666,222.18,222.33
2023,5,31,15,1.93,2.55,3.36,239.48,311.05,32.92,0.98,5.25,11.75,-0.04,5.86,0,44.88,6.16,62.67,5.24,9.975146639,222.95,223.07
2023,5,31,16,1.28,1.78,2.5,157.67,218.98,21.06,0.46,2.3,10.49,0.59,5.54,0,51,6.47,62.66,4.76,9.061392748,223.74,223.83
2023,5,31,17,0.63,0.96,1.53,76.77,117.52,9.88,0.12,0.6,8.73,0.96,4.85,0,58.94,6.65,62.66,4.05,7.709798452,224.14,224.32
2023,5,31,18,0.18,0.22,0.51,20.17,25.85,2.55,0.01,0.05,6.48,1.45,3.97,0,71.56,6.9,62.67,2.87,5.463486804,222.68,222.95
2023,5,31,19,0,0,0,0,0,0,0,0,4.61,2.05,3.33,0,85.25,7.2,62.68,1.2,2.284384726,219.18,218.9
2023,5,31,20,0,0,0,0,0,0,0,0,3.84,2.01,2.93,0,89.88,7.2,62.69,0.56,1.066046206,205.84,206.15
2023,5,31,21,0,0,0,0,0,0,0,0,3.19,1.92,2.56,0,93.56,7.14,62.7,0.25,0.475913485,185.36,185.19
2023,5,31,22,0,0,0,0,0,0,0,0,2.55,1.69,2.12,0,96.62,7.08,62.68,0.11,0.209401933,171.87,181.55
2023,5,31,23,0,0,0,0,0,0,0,0,1.58,1.19,1.38,0,99.88,6.84,62.65,0.1,0.190365394,51.34,84.29
2023,6,1,0,0,0,0,0,0,0,0,0,0.82,0.44,0.63,0,99.94,6.47,62.6,0.22,0.418803867,34.82,37.75
2023,6,1,1,0,0,0,0,0,0,0,0,0.14,-0.52,-0.19,0,97.75,6.04,62.56,0.28,0.533023103,37.18,38.81
2023,6,1,2,0,0,0,0,0,0,0,0,-0.36,-2.12,-1.24,0,90.5,5.37,62.52,0.34,0.647242339,33.69,34.14
2023,6,1,3,0,0,0,0,0,0,0,0,-0.8,-4.27,-2.54,0,80.5,4.58,62.5,0.41,0.780498115,43.45,44.09
2023,6,1,4,0,0,0,0,0,0,0,0,-1.11,-6.89,-4,0,68.31,3.78,62.49,0.48,0.913753891,53.7,55.65
2023,6,1,5,0.07,0.07,0.19,6.15,7.45,0.82,0,0.02,-0.77,-9.31,-5.04,0,55.31,3.17,62.5,0.46,0.875680812,66.93,69.74
