YEAR,MO,DY,HR,ALLSKY_SFC_SW_DWN,CLRSKY_SFC_SW_DWN,TOA_SW_DWN,ALLSKY_SFC_PAR_TOT,CLRSKY_SFC_PAR_TOT,ALLSKY_SFC_UVA,ALLSKY_SFC_UVB,ALLSKY_SFC_UV_INDEX,T2M,T2MDEW,T2MWET,QV2M,RH2M,PRECTOTCORR,PS,WS2M,WD2M,WS10M,WD10M
2022,4,1,0,0,0,0,0,0,0,0,0,7.73,3.21,5.47,7.45,82.88,0.01,73.07,0.75,332.63,1.16,333.09
2022,4,1,1,0,0,0,0,0,0,0,0,7.58,2.56,5.07,7.14,80.25,0,73.02,0.74,334.25,1.14,335.2
2022,4,1,2,0,0,0,0,0,0,0,0,7.38,1.99,4.69,6.84,77.94,0,72.98,0.77,338.63,1.19,339.66
2022,4,1,3,0,0,0,0,0,0,0,0,7.33,1.43,4.37,6.59,74.88,0,72.96,0.66,351.2,1.03,352.12
2022,4,1,4,0,0,0,0,0,0,0,0,7.21,0.98,4.1,6.35,72.94,0,72.98,0.6,357.77,0.91,359.02
2022,4,1,5,0,0,0,0,0,0,0,0,6.89,0.62,3.76,6.16,72.31,0,73.02,0.58,356.91,0.88,357.97
2022,4,1,6,0.14,0.16,0.41,14.73,18.3,1.98,0.01,0.02,7.38,1.41,4.4,6.35,72.31,0,73.07,0.52,0.87,0.81,0
2022,4,1,7,0.8,0.96,1.51,95.4,114.27,12.41,0.12,0.6,10.12,2.62,6.37,7.08,67,0,73.12,0.23,273.95,0.28,279.73
2022,4,1,8,1.37,1.84,2.53,166.05,221.88,22.95,0.44,2.17,12.29,2.73,7.51,7.26,59.31,0,73.18,1.49,209.52,1.87,209.57
2022,4,1,9,1.82,2.6,3.39,227.95,314.1,32.93,0.88,4.58,14.23,2.75,8.49,7.2,51.94,0,73.2,2.48,213.04,3.14,213.22
2022,4,1,10,2.6,3.17,4.03,321.5,381.88,46.06,1.47,7.58,15.83,3.33,9.58,7.32,47.88,0,73.2,3.19,211.16,4.07,211.25
2022,4,1,11,2.16,3.48,4.41,277.4,418.58,40.95,1.42,7.1,16.8,4.11,10.46,7.63,46.5,0.01,73.17,3.85,208.91,4.96,208.95
2022,4,1,12,2.05,3.5,4.5,263.75,420.23,38.59,1.36,6.77,17.13,4.83,10.98,7.87,47.12,0.02,73.14,4.25,208.4,5.52,208.42
2022,4,1,13,1.69,3.19,4.3,216.15,379.4,30.34,1,5.02,17.06,5.29,11.17,8,48.19,0.02,73.09,4.32,209.02,5.6,208.96
2022,4,1,14,1.28,2.65,3.81,162.05,312.3,22.52,0.66,3.5,16.65,5.55,11.1,8.12,49.94,0.02,73.05,4.16,209.36,5.42,209.34
2022,4,1,15,0.96,2.01,3.08,118.15,236.52,16.2,0.39,1.98,15.95,5.76,10.86,8.18,52.69,0.02,73.03,3.89,208.42,5.1,208.45
2022,4,1,16,0.6,1.19,2.14,70.95,137.02,9.34,0.15,0.73,14.87,5.91,10.4,8.24,56.75,0.01,73.04,3.34,207.76,4.42,207.79
2022,4,1,17,0.22,0.42,1.08,24.75,47.5,3.28,0.02,0.1,13.02,6.4,9.71,8.48,66.25,0.02,73.09,2.18,206.66,3.07,206.43
2022,4,1,18,0.03,0.03,0.12,2.02,2.85,0.28,0,0,9.91,6.62,8.26,8.67,82.94,0.05,73.16,0.88,207.02,1.7,206.8
2022,4,1,19,0,0,0,0,0,0,0,0,9.47,5.69,7.58,8.06,79.88,0.04,73.24,0.71,224.1,1.13,223.88
2022,4,1,20,0,0,0,0,0,0,0,0,9.56,4.9,7.23,7.69,75.56,0.02,73.3,0.48,255.74,0.68,256.76
2022,4,1,21,0,0,0,0,0,0,0,0,9.41,4.13,6.77,7.39,73.31,0.01,73.34,0.44,310.71,0.62,309.9
2022,4,1,22,0,0,0,0,0,0,0,0,8.98,3.25,6.12,7.02,71.88,0,73.34,0.59,336.5,0.88,338.01
2022,4,1,23,0,0,0,0,0,0,0,0,8.58,2.34,5.46,6.71,70.31,0,73.32,0.69,342.99,1.09,344.67
2022,4,2,0,0,0,0,0,0,0,0,0,8.27,1.53,4.9,6.41,68.62,0,73.28,0.81,345.43,1.31,347.29
2022,4,2,1,0,0,0,0,0,0,0,0,8.26,0.67,4.46,6.04,65.12,0,73.24,0.86,347.98,1.4,349.7
2022,4,2,2,0,0,0,0,0,0,0,0,8.53,-0.24,4.15,5.74,60.25,0,73.2,0.86,350.11,1.36,352.06
2022,4,2,3,0,0,0,0,0,0,0,0,8.73,-1.02,3.85,5.43,56.25,0,73.19,0.81,352.81,1.24,354.94
2022,4,2,4,0,0,0,0,0,0,0,0,8.87,-1.85,3.51,5.13,52.69,0,73.21,0.73,354.47,1.08,356.27
2022,4,2,5,0,0,0,0,0,0,0,0,8.7,-2.42,3.14,4.88,51.19,0,73.25,0.62,354.94,0.92,357.06
2022,4,2,6,0.1,0.11,0.43,10.33,12.25,1.3,0,0.02,9.28,-1.99,3.65,5,50.38,0,73.31,0.52,357.44,0.77,358.25
2022,4,2,7,0.57,0.68,1.53,62.42,73.35,7.48,0.07,0.35,11.76,0.08,5.92,5.98,51.06,0,73.38,0.14,240.64,0.15,246.04
2022,4,2,8,0.99,1.46,2.55,111.65,162.95,13.55,0.25,1.23,13.84,0.08,6.96,5.86,43.5,0,73.43,1.62,191.09,2.01,191.18
2022,4,2,9,1.41,2.21,3.41,162.7,250.48,20.52,0.52,2.73,15.33,0.95,8.15,6.1,41.38,0,73.47,2.51,194.21,3.16,194.17
2022,4,2,10,2.13,2.75,4.05,247.42,315.2,31.82,0.96,4.9,16.65,2.2,9.42,6.59,40.88,0,73.47,3.19,195.33,4.07,195.37
2022,4,2,11,1.94,3.15,4.42,233.4,363.98,30.3,1,4.95,17.44,3.39,10.41,7.08,41.81,0,73.45,3.81,196.8,4.88,196.84
2022,4,2,12,1.76,3.04,4.51,209.4,346.25,25.87,0.84,4.2,17.62,4.46,11.05,7.57,44.06,0,73.41,4.19,198.84,5.38,198.91
2022,4,2,13,1.45,2.83,4.3,171.65,323.33,21.68,0.67,3.38,17.33,5.73,11.52,8.12,48.19,0.01,73.36,4.24,200.7,5.45,200.72
2022,4,2,14,1.08,2.28,3.82,129.1,253.27,15.28,0.42,2.23,16.59,6.67,11.63,8.54,53.25,0.08,73.32,4.01,202.67,5.15,202.75
2022,4,2,15,0.79,1.68,3.08,91.45,184.35,10.95,0.25,1.25,15.53,7.01,11.26,8.73,58,0.13,73.28,3.63,204.96,4.67,205.06
2022,4,2,16,0.47,0.98,2.15,53.25,105.7,6.45,0.1,0.5,14.36,6.97,10.66,8.73,62.5,0.15,73.27,3.22,206.81,4.22,206.75
2022,4,2,17,0.2,0.36,1.09,22.48,38.3,2.62,0.02,0.08,12.61,7.43,10.01,9.09,72.81,0.14,73.29,2.18,207.94,3.02,207.3
2022,4,2,18,0.02,0.02,0.12,1.5,2.5,0.19,0,0,10.05,7.69,8.87,9.34,88.5,0.78,73.32,0.91,203.91,1.76,202.7
2022,4,2,19,0,0,0,0,0,0,0,0,9.8,7.22,8.51,8.97,87,0.7,73.37,0.78,208.11,1.32,207.17
2022,4,2,20,0,0,0,0,0,0,0,0,9.26,6.62,7.94,8.67,86.81,0.59,73.42,0.55,218.66,0.94,221.28
2022,4,2,21,0,0,0,0,0,0,0,0,8.77,6.26,7.51,8.42,87.81,0.56,73.44,0.47,246.43,0.8,248.92
2022,4,2,22,0,0,0,0,0,0,0,0,8.15,5.84,7,8.24,89.19,0.6,73.42,0.54,286.06,0.92,283.32
2022,4,2,23,0,0,0,0,0,0,0,0,7.4,5.48,6.44,8.06,91.94,0.53,73.39,0.65,305.22,1.12,302.13
2022,4,3,0,0,0,0,0,0,0,0,0,6.77,4.91,5.84,7.75,92.56,0.38,73.34,0.79,317.8,1.35,315.7
2022,4,3,1,0,0,0,0,0,0,0,0,6.25,4.21,5.23,7.45,91.5,0.24,73.29,0.86,330.19,1.53,328.18
2022,4,3,2,0,0,0,0,0,0,0,0,6,3.46,4.73,7.08,88.62,0.16,73.24,0.89,341.09,1.56,338.57
2022,4,3,3,0,0,0,0,0,0,0,0,5.91,2.77,4.34,6.77,85.25,0.13,73.21,0.92,345.73,1.59,343.44
2022,4,3,4,0,0,0,0,0,0,0,0,5.92,2.15,4.04,6.47,81.75,0.1,73.2,0.92,347.26,1.58,344.79
2022,4,3,5,0,0,0,0,0,0,0,0,5.94,1.68,3.8,6.29,78.88,0.11,73.22,0.9,345.36,1.52,342.96
2022,4,3,6,0.1,0.1,0.45,9.58,11.5,1.18,0,0.02,6.78,2.38,4.58,6.59,78.06,0.14,73.27,0.85,341.9,1.41,340.86
2022,4,3,7,0.56,0.63,1.55,59.45,67.6,7.22,0.06,0.33,9.83,3.79,6.81,7.39,71.5,0.15,73.32,0.92,295.05,1.21,296.07
2022,4,3,8,1.15,1.38,2.57,125.48,150.65,14.91,0.26,1.25,11.98,4.15,8.06,7.63,63.75,0.32,73.36,2.06,240.04,2.63,240.32
2022,4,3,9,1.74,2.15,3.42,194.62,240.5,23.8,0.56,2.88,13.77,4.78,9.28,7.93,59.19,0.28,73.37,2.99,227.43,3.83,227.56
2022,4,3,10,1.9,2.69,4.06,225.05,307.2,28.58,0.81,4.1,15.12,5.48,10.3,8.3,56.56,0.18,73.35,3.8,224,4.85,224.09
2022,4,3,11,2.5,3.07,4.44,294.38,354.15,37.37,1.16,5.83,15.88,6.25,11.07,8.67,56.38,0.2,73.31,4.36,223.98,5.6,224.04
2022,4,3,12,1.95,2.7,4.52,221.7,295.75,25.09,0.76,3.8,16.1,7.1,11.6,9.09,58.25,0.29,73.25,4.67,225.88,6.01,225.9
2022,4,3,13,1.74,2.52,4.31,194.9,275.05,22.45,0.65,3.25,15.91,7.78,11.84,9.46,61.25,0.52,73.16,4.77,229.85,6.16,229.78
2022,4,3,14,1.39,2.1,3.83,158.23,228.62,17.84,0.46,2.35,15.52,8.01,11.76,9.58,63.44,0.67,73.08,4.75,234.24,6.16,234.29
2022,4,3,15,1.18,1.57,3.09,127.48,168.4,13.99,0.29,1.45,14.94,7.8,11.37,9.46,64.94,0.72,73.03,4.4,235.27,5.75,235.23
2022,4,3,16,0.68,0.97,2.16,73.1,104.77,8.31,0.12,0.58,13.94,7.56,10.75,9.34,68.38,0.64,73.02,3.84,233.6,5.07,233.64
2022,4,3,17,0.25,0.35,1.1,26.25,38.73,3.14,0.02,0.08,12.21,7.81,10.01,9.52,78.31,0.71,73.04,2.75,229.49,3.77,229.21
2022,4,3,18,0.03,0.03,0.13,2.23,2.67,0.28,0,0,9.26,8.12,8.69,9.83,98.12,0.42,73.08,1.07,226.18,2.07,225.15
2022,4,3,19,0,0,0,0,0,0,0,0,8.41,7.64,8.02,9.46,100,0.34,73.12,0.84,226.51,1.76,226.08
2022,4,3,20,0,0,0,0,0,0,0,0,8.19,7.26,7.73,9.22,99.19,0.28,73.16,0.81,234.46,1.51,234.5
2022,4,3,21,0,0,0,0,0,0,0,0,7.94,6.9,7.42,9.03,98.69,0.26,73.18,0.79,249.78,1.38,249.82
2022,4,3,22,0,0,0,0,0,0,0,0,7.66,6.55,7.11,8.85,98.44,0.24,73.16,0.78,274.57,1.31,274.79
2022,4,3,23,0,0,0,0,0,0,0,0,7.39,6.09,6.74,8.61,97.56,0.2,73.13,0.82,295.84,1.37,296.13
2022,4,4,0,0,0,0,0,0,0,0,0,7.23,5.47,6.35,8.3,95.06,0.14,73.09,0.88,299.74,1.45,299.32
2022,4,4,1,0,0,0,0,0,0,0,0,7.24,4.85,6.05,8,91.56,0.09,73.04,0.9,305.07,1.47,305.04
2022,4,4,2,0,0,0,0,0,0,0,0,7.13,4.17,5.65,7.63,88.38,0.04,72.99,0.95,311.99,1.55,311.73
2022,4,4,3,0,0,0,0,0,0,0,0,7.11,3.44,5.27,7.26,84.31,0.02,72.97,0.94,327.89,1.5,327.8
2022,4,4,4,0,0,0,0,0,0,0,0,7.08,2.77,4.93,6.96,80.31,0.01,72.99,0.92,338.65,1.46,338.26
2022,4,4,5,0,0,0,0,0,0,0,0,7.1,2.18,4.64,6.59,76.69,0,73.05,0.88,341.4,1.38,340.54
2022,4,4,6,0.17,0.19,0.47,17.67,21.23,2.22,0.01,0.02,7.76,2.8,5.29,6.84,76.06,0,73.11,0.78,340.11,1.28,339.24
2022,4,4,7,0.87,1.02,1.57,98.83,118,11.9,0.12,0.6,10.67,3.8,7.23,7.57,69.12,0,73.18,0.92,296.35,1.21,297.72
2022,4,4,8,1.7,1.9,2.59,198.9,224.42,25.75,0.49,2.42,12.79,3.33,8.06,7.32,57.88,0.01,73.21,1.97,241.3,2.51,241.52
2022,4,4,9,2.45,2.68,3.44,291.85,316.65,39.34,1.04,5.27,14.57,3.04,8.8,7.02,49.69,0,73.23,2.92,230.31,3.74,230.42
2022,4,4,10,2.74,3.25,4.07,328.35,384.85,45.66,1.45,7.45,15.97,3.13,9.55,6.96,44.81,0,73.23,3.62,225.79,4.65,225.75
2022,4,4,11,2.74,3.57,4.45,331.98,421.23,46.86,1.62,8.38,16.76,3.47,10.12,7.02,42.94,0,73.21,4.24,221.64,5.47,221.59
2022,4,4,12,2.41,3.39,4.53,289.15,391.9,39.01,1.33,6.9,17,4.03,10.51,7.2,43.62,0.01,73.18,4.57,219.32,5.91,219.26
2022,4,4,13,2.24,3.17,4.32,266.95,365.88,35.39,1.16,5.88,16.89,4.61,10.75,7.45,45.38,0.01,73.15,4.64,217.95,5.99,217.96
2022,4,4,14,1.9,2.73,3.83,225.08,315.17,29.45,0.86,4.48,16.4,4.98,10.69,7.63,47.69,0.06,73.12,4.51,219.65,5.84,219.57
2022,4,4,15,1.39,2.07,3.1,163.45,238.25,20.91,0.49,2.48,15.66,4.94,10.3,7.57,49.75,0.12,73.12,4.22,221.18,5.5,221.14
2022,4,4,16,1,1.33,2.17,112.17,150.98,13.52,0.21,1.05,14.58,4.57,9.58,7.39,52,0.14,73.15,3.66,222.58,4.82,222.5
2022,4,4,17,0.34,0.52,1.11,37.73,56.9,4.72,0.03,0.15,12.67,5.87,9.27,8.18,65.44,0.17,73.19,2.24,222.03,3.15,221.68
2022,4,4,18,0.03,0.03,0.13,2.67,3.7,0.37,0,0,9.91,5.79,7.85,8.18,78.25,0.19,73.25,1.04,221.35,1.89,220.65
2022,4,4,19,0,0,0,0,0,0,0,0,9.5,4.42,6.96,7.32,72.38,0.12,73.32,0.75,233.49,1.29,233.62
2022,4,4,20,0,0,0,0,0,0,0,0,9.38,3.55,6.47,6.84,68.38,0.07,73.38,0.56,273.22,0.87,273.09
2022,4,4,21,0,0,0,0,0,0,0,0,8.45,3.34,5.9,6.77,72,0.03,73.41,0.7,323.64,1.13,322.58
2022,4,4,22,0,0,0,0,0,0,0,0,7.55,3.18,5.37,6.71,75.75,0.02,73.41,0.89,338.85,1.51,338.09
2022,4,4,23,0,0,0,0,0,0,0,0,6.85,2.88,4.87,6.59,78,0.01,73.4,0.97,342.59,1.7,342.32
2022,4,5,0,0,0,0,0,0,0,0,0,6.45,2.38,4.42,6.41,77.69,0,73.38,1,343.13,1.77,342.84
2022,4,5,1,0,0,0,0,0,0,0,0,6.23,1.83,4.03,6.16,76.19,0,73.35,1.02,345.75,1.81,345.78
2022,4,5,2,0,0,0,0,0,0,0,0,6.04,1.32,3.68,5.98,74.56,0,73.32,1.04,348.77,1.86,348.36
2022,4,5,3,0,0,0,0,0,0,0,0,5.92,0.8,3.36,5.74,72.56,0,73.31,1.06,350.26,1.86,349.35
2022,4,5,4,0,0,0,0,0,0,0,0,5.84,0.31,3.08,5.55,70.44,0,73.34,1.07,349.92,1.86,348.36
2022,4,5,5,0,0,0,0,0,0,0,0,5.8,-0.13,2.83,5.37,68.31,0,73.38,1.07,348.61,1.85,346.55
2022,4,5,6,0.17,0.2,0.49,17.77,21.75,2.25,0.01,0.02,6.7,0.71,3.7,5.68,68.38,0,73.44,1.03,345.43,1.77,344.92
2022,4,5,7,0.84,1,1.59,96.15,115.8,11.84,0.11,0.55,10.19,2.12,6.16,6.53,61.88,0,73.49,1.24,313.22,1.74,316.82
2022,4,5,8,1.62,1.88,2.6,191.05,221.55,24.82,0.46,2.25,13.19,0.03,6.62,5.43,42.25,0,73.53,2.09,251.9,2.71,252.04
2022,4,5,9,2.28,2.65,3.45,273.95,314.2,36.92,0.94,4.75,15.19,-0.58,7.3,5.13,35.06,0,73.54,3.26,235.93,4.23,235.99
2022,4,5,10,2.77,3.23,4.09,335.08,383.52,46.27,1.4,7.12,16.69,-0.24,8.23,5.25,32.5,0,73.53,4.15,229.66,5.38,229.6
2022,4,5,11,3.02,3.57,4.46,366.98,423.42,51.25,1.69,8.67,17.51,0.24,8.87,5.43,31.81,0,73.51,4.8,225.86,6.25,225.81
2022,4,5,12,2.55,3.45,4.54,302.38,398.85,41.02,1.35,6.98,17.7,0.94,9.32,5.68,32.94,0,73.47,5.09,224.38,6.65,224.38
2022,4,5,13,2.56,3.23,4.33,301.98,372.52,40.34,1.27,6.48,17.51,1.58,9.55,5.92,34.88,0.02,73.43,5.09,223.94,6.65,223.95
2022,4,5,14,2.15,2.79,3.84,253.98,320.65,33.37,0.93,4.77,17.05,2.05,9.55,6.16,37.12,0.24,73.38,4.88,224.09,6.39,224.06
2022,4,5,15,1.57,2.13,3.11,182.6,244.1,23.58,0.53,2.65,16.18,2.26,9.22,6.23,39.81,0.4,73.34,4.46,224.5,5.86,224.46
2022,4,5,16,1.13,1.38,2.18,127.85,155.65,15.59,0.23,1.12,14.8,2.37,8.58,6.29,43.88,0.38,73.33,3.69,225.51,4.91,225.52
2022,4,5,17,0.41,0.54,1.11,44.52,58.98,5.55,0.03,0.15,12.57,4.15,8.36,7.32,58.88,0.33,73.34,2.14,225.3,3.07,225.1
2022,4,5,18,0.04,0.04,0.14,2.9,3.85,0.4,0,0,9.58,4.5,7.05,7.51,73.94,0.31,73.37,0.93,231.12,1.69,230.8
2022,4,5,19,0,0,0,0,0,0,0,0,8.84,3.03,5.94,6.65,69.12,0.18,73.41,0.68,275.25,1.11,275.27
2022,4,5,20,0,0,0,0,0,0,0,0,8.13,2.57,5.35,6.47,70.31,0.05,73.46,0.84,329.86,1.35,329.89
2022,4,5,21,0,0,0,0,0,0,0,0,7.69,2.14,4.92,6.29,70.56,0.01,73.47,1,346.4,1.64,346.49
2022,4,5,22,0,0,0,0,0,0,0,0,7.6,1.54,4.57,6.04,68.31,0,73.45,1.02,344.48,1.68,344.86
2022,4,5,23,0,0,0,0,0,0,0,0,7.55,0.93,4.24,5.8,65.75,0,73.42,1.02,339.9,1.66,340.2
2022,4,6,0,0,0,0,0,0,0,0,0,7.59,0.42,4.01,5.62,63.06,0,73.39,0.99,337.28,1.58,337.36
2022,4,6,1,0,0,0,0,0,0,0,0,7.65,-0.01,3.82,5.43,60.69,0,73.36,0.94,336.61,1.48,336.28
2022,4,6,2,0,0,0,0,0,0,0,0,7.58,-0.34,3.62,5.25,59.25,0,73.33,0.88,337.54,1.35,337.15
2022,4,6,3,0,0,0,0,0,0,0,0,7.34,-0.59,3.38,5.13,58.88,0,73.31,0.84,337.5,1.29,337.62
2022,4,6,4,0,0,0,0,0,0,0,0,7.31,-0.88,3.22,5,57.5,0,73.33,0.87,338.96,1.33,338.57
2022,4,6,5,0,0,0,0,0,0,0,0,7.04,-1.1,2.97,4.88,57.5,0,73.36,0.85,338.89,1.3,338.84
2022,4,6,6,0.18,0.19,0.5,20.27,21.58,2.59,0.01,0.02,7.83,-0.01,3.91,5.31,58.94,0,73.41,0.78,340.66,1.22,339.83
2022,4,6,7,0.8,0.97,1.61,92.33,112.23,11.66,0.12,0.6,11.01,1.38,6.19,6.04,53.88,0,73.47,0.74,293.04,0.96,296.98
2022,4,6,8,1.43,1.84,2.62,168.85,216.88,22.12,0.43,2.1,13.73,-0.27,6.73,5.19,39,0,73.53,1.75,226.09,2.21,226.15
2022,4,6,9,2.09,2.61,3.47,251.7,309.15,34,0.9,4.65,15.41,-0.13,7.64,5.25,35.31,0,73.56,2.67,214.02,3.4,214.13
2022,4,6,10,2.61,3.19,4.1,315.6,378.2,43.45,1.35,6.9,16.8,0.7,8.75,5.62,34.5,0,73.55,3.39,210.76,4.36,210.84
2022,4,6,11,2.49,3.43,4.47,301.27,403.45,41.38,1.41,7.05,17.58,1.53,9.55,5.98,34.88,0,73.51,4.09,209.65,5.29,209.67
2022,4,6,12,2.17,3.12,4.55,253.48,351.23,30.95,1.02,5.12,17.75,2.39,10.07,6.35,36.69,0,73.47,4.52,210.56,5.86,210.64
2022,4,6,13,1.96,3.02,4.34,231.98,345.15,29.61,0.95,4.75,17.55,3.21,10.38,6.71,39.25,0.01,73.42,4.59,213.04,5.95,213.04
2022,4,6,14,1.52,2.58,3.85,180.45,294.2,23.41,0.66,3.42,17.08,3.79,10.44,6.96,42.06,0.11,73.38,4.41,216.06,5.71,216.1
2022,4,6,15,1.24,2.02,3.11,142.67,227.05,17.37,0.4,2.02,16.28,4.1,10.19,7.14,45.19,0.22,73.35,3.99,216.8,5.19,216.73
2022,4,6,16,0.71,1.24,2.18,80.23,137.48,9.66,0.15,0.73,14.94,4.26,9.6,7.2,49.88,0.23,73.34,3.36,217.24,4.4,217.13
2022,4,6,17,0.27,0.48,1.12,29.6,51.25,3.73,0.02,0.1,12.87,5.55,9.21,8.06,63.56,0.22,73.36,2.09,217.56,2.94,216.69
2022,4,6,18,0.03,0.03,0.14,2.42,3.55,0.33,0,0,10.25,5.87,8.06,8.3,77.75,0.17,73.39,0.89,216.77,1.54,216.75
2022,4,6,19,0,0,0,0,0,0,0,0,9.7,4.64,7.17,7.51,73.12,0.1,73.44,0.46,238.2,0.79,242.43
2022,4,6,20,0,0,0,0,0,0,0,0,9.08,4.22,6.65,7.32,74.56,0.05,73.49,0.46,321.19,0.76,316.66
2022,4,6,21,0,0,0,0,0,0,0,0,8.07,3.83,5.95,7.14,77.94,0.03,73.52,0.8,340.68,1.31,339.4
2022,4,6,22,0,0,0,0,0,0,0,0,7.65,3.25,5.45,6.9,77.31,0.01,73.51,0.92,341.72,1.53,341.57
2022,4,6,23,0,0,0,0,0,0,0,0,7.56,2.62,5.09,6.59,74.5,0.01,73.48,0.93,341.41,1.54,341.38
2022,4,7,0,0,0,0,0,0,0,0,0,7.58,2.04,4.81,6.29,71.25,0.01,73.45,0.9,340.78,1.46,340.02
2022,4,7,1,0,0,0,0,0,0,0,0,7.59,1.55,4.57,6.1,68.5,0.01,73.41,0.85,338.89,1.36,337.71
2022,4,7,2,0,0,0,0,0,0,0,0,7.52,1.11,4.32,5.86,66.5,0,73.38,0.81,339.64,1.28,338.13
2022,4,7,3,0,0,0,0,0,0,0,0,7.13,0.77,3.95,5.74,66.56,0,73.37,0.71,341.97,1.12,341.31
2022,4,7,4,0,0,0,0,0,0,0,0,6.88,0.49,3.69,5.62,66.19,0,73.39,0.66,347.76,1.04,346.59
2022,4,7,5,0,0,0,0,0,0,0,0,6.69,0.27,3.48,5.49,65.81,0,73.42,0.66,351.87,1.04,350.47
2022,4,7,6,0.19,0.21,0.52,21.4,23.5,2.76,0.01,0.05,7.26,1.2,4.23,5.86,67.75,0,73.47,0.66,347.76,1.06,347.61
2022,4,7,7,0.78,1.01,1.63,91.4,117.52,11.61,0.12,0.6,10.09,3,6.55,6.9,65.5,0,73.51,0.54,291.04,0.68,295.69
2022,4,7,8,1.43,1.89,2.64,168.95,222.92,22.38,0.43,2.15,12.5,2.65,7.58,6.77,54.88,0.02,73.54,1.58,219.99,1.99,220.06
2022,4,7,9,2.01,2.66,3.48,242.77,315.1,33.32,0.88,4.58,14.33,2.56,8.44,6.71,48.44,0.01,73.54,2.65,209.89,3.37,210.07
2022,4,7,10,2.46,3.23,4.11,299.5,383.95,41.73,1.31,6.65,15.73,3.22,9.48,7.02,46.25,0.01,73.54,3.51,206.68,4.5,206.74
2022,4,7,11,2.73,3.56,4.48,332.3,423.35,46.75,1.59,8.1,16.44,4.11,10.27,7.45,46.75,0.03,73.51,4.27,207.69,5.49,207.73
2022,4,7,12,2.44,3.42,4.56,296.27,399.2,39.05,1.34,6.67,16.48,5.09,10.78,7.87,49.44,0.06,73.47,4.66,210.17,6,210.23
2022,4,7,13,1.63,2.99,4.35,196.9,341.67,25.89,0.82,4.1,16.07,5.83,10.95,8.24,52.81,0.16,73.42,4.59,214.61,5.9,214.59
2022,4,7,14,1.48,2.6,3.86,177.12,295.45,22.26,0.63,3.3,15.55,6.18,10.87,8.36,55.56,0.3,73.36,4.39,218.64,5.65,218.66
2022,4,7,15,1.09,2.01,3.12,128.65,228.4,16.22,0.38,1.9,14.97,6.28,10.62,8.42,58,0.33,73.32,4.08,221.35,5.27,221.39
2022,4,7,16,0.62,1.24,2.19,72.27,137.75,9.03,0.14,0.67,13.94,6.33,10.13,8.48,62.25,0.32,73.3,3.55,224.2,4.65,224.05
2022,4,7,17,0.28,0.48,1.13,30.2,52.08,3.83,0.02,0.12,12.37,6.96,9.66,8.91,72.88,0.33,73.3,2.43,227.22,3.33,226.61
2022,4,7,18,0.04,0.04,0.15,2.7,3.77,0.37,0,0,9.64,7.35,8.49,9.22,90.38,0.34,73.32,1.02,228.4,1.9,227.17
2022,4,7,19,0,0,0,0,0,0,0,0,8.9,6.56,7.73,8.73,89.5,0.24,73.35,0.77,238.24,1.42,239.63
2022,4,7,20,0,0,0,0,0,0,0,0,8.58,5.98,7.28,8.36,87.94,0.15,73.4,0.71,265.55,1.2,266.63
2022,4,7,21,0,0,0,0,0,0,0,0,7.99,5.45,6.73,8.06,88.5,0.11,73.42,0.77,293.96,1.28,294.21
2022,4,7,22,0,0,0,0,0,0,0,0,7.34,4.78,6.06,7.75,88.75,0.09,73.41,0.87,315.73,1.45,315
2022,4,7,23,0,0,0,0,0,0,0,0,6.94,4.01,5.48,7.39,86.75,0.08,73.38,0.93,323.51,1.55,323.19
2022,4,8,0,0,0,0,0,0,0,0,0,6.8,3.26,5.03,7.02,83.12,0.08,73.34,0.94,323.13,1.56,322.73
2022,4,8,1,0,0,0,0,0,0,0,0,6.69,2.58,4.63,6.65,79.69,0.09,73.3,0.93,322.17,1.53,321.61
2022,4,8,2,0,0,0,0,0,0,0,0,6.55,2.02,4.29,6.35,77,0.08,73.27,0.94,321.41,1.55,320.53
2022,4,8,3,0,0,0,0,0,0,0,0,6.44,1.51,3.98,6.1,74.5,0.04,73.24,0.92,323.33,1.51,322.13
2022,4,8,4,0,0,0,0,0,0,0,0,6.26,1.01,3.63,5.86,72.5,0.02,73.24,0.92,328.2,1.52,326.96
2022,4,8,5,0,0,0,0,0,0,0,0,6.19,0.55,3.37,5.68,70.25,0.01,73.26,0.89,331.87,1.46,330.14
2022,4,8,6,0.17,0.19,0.54,18.42,20.83,2.38,0.01,0.02,7.05,1.35,4.2,5.98,70.12,0,73.29,0.85,328.5,1.36,328.87
2022,4,8,7,0.69,0.93,1.64,77.8,103.8,9.96,0.12,0.58,9.92,2.51,6.21,6.65,63.69,0,73.32,1.12,281.62,1.47,282.63
2022,4,8,8,1.13,1.79,2.65,130.48,204.75,17.12,0.35,1.77,12.03,2.19,7.11,6.47,54.25,0,73.34,2.14,238.28,2.73,238.36
2022,4,8,9,1.69,2.55,3.5,202.12,295.27,27.12,0.75,4,13.8,2.35,8.08,6.53,48.81,0,73.36,3.08,225.51,3.94,225.64
2022,4,8,10,1.96,3.12,4.12,230.58,363.25,32.59,1.08,5.42,15.15,3.19,9.18,6.96,47.25,0.01,73.35,3.94,221.94,5.05,221.86
2022,4,8,11,2.13,3.44,4.49,256.3,400.35,35.05,1.23,6.2,15.9,4.25,10.08,7.45,48.19,0.04,73.32,4.61,221.42,5.93,221.42
2022,4,8,12,2.02,3.13,4.57,235.02,350.58,28.9,0.98,4.98,16.12,5.22,10.67,7.87,50.44,0.16,73.26,4.92,222.81,6.36,222.81
2022,4,8,13,1.77,2.91,4.35,209.67,328.1,26.15,0.84,4.3,15.86,5.91,10.89,8.24,53.62,0.44,73.2,4.94,224.62,6.4,224.6
2022,4,8,14,1.35,2.23,3.86,154.42,240.1,18.13,0.52,2.7,15.19,6.31,10.75,8.48,57.44,0.58,73.13,4.83,226.44,6.3,226.41
2022,4,8,15,1.27,1.87,3.13,142.5,204.8,16.6,0.39,2.02,14.19,6.54,10.36,8.61,62.25,0.56,73.09,4.38,226.23,5.78,226.2
2022,4,8,16,0.72,1.2,2.2,82.2,131.95,9.81,0.16,0.8,13.23,6.72,9.97,8.73,67,0.49,73.08,3.71,224.91,4.95,224.87
2022,4,8,17,0.27,0.43,1.14,29.62,46.3,3.65,0.02,0.12,11.94,7.54,9.74,9.28,77.69,0.45,73.09,2.46,222.16,3.42,221.85
2022,4,8,18,0.04,0.03,0.15,2.95,3.73,0.39,0,0,9.57,7.83,8.7,9.52,93.44,0.33,73.13,1.11,217.59,2.18,216.99
2022,4,8,19,0,0,0,0,0,0,0,0,8.6,6.89,7.75,8.91,93.06,0.23,73.18,0.95,219.32,1.98,219.08
2022,4,8,20,0,0,0,0,0,0,0,0,8.51,6.2,7.36,8.42,88.94,0.13,73.24,0.9,224.29,1.61,224.41
2022,4,8,21,0,0,0,0,0,0,0,0,8.43,5.67,7.05,8.12,86.12,0.08,73.28,0.73,241.78,1.18,241.91
2022,4,8,22,0,0,0,0,0,0,0,0,8.23,5.3,6.76,7.93,85.06,0.05,73.27,0.61,278.13,0.93,277.72
2022,4,8,23,0,0,0,0,0,0,0,0,7.58,4.95,6.26,7.75,87,0.03,73.24,0.64,315.5,1,314.68
2022,4,9,0,0,0,0,0,0,0,0,0,7.15,4.48,5.82,7.51,87,0.02,73.2,0.76,330.26,1.2,330.26
2022,4,9,1,0,0,0,0,0,0,0,0,6.83,3.9,5.37,7.26,85.88,0.01,73.14,0.81,333.68,1.29,333.75
2022,4,9,2,0,0,0,0,0,0,0,0,6.69,3.3,4.99,7.02,83.62,0,73.1,0.86,334.6,1.36,334.17
2022,4,9,3,0,0,0,0,0,0,0,0,6.69,2.69,4.69,6.71,80.38,0,73.07,0.86,336.94,1.36,336.67
2022,4,9,4,0,0,0,0,0,0,0,0,6.8,2.13,4.46,6.47,76.81,0,73.07,0.81,337.89,1.27,337.87
2022,4,9,5,0,0,0,0,0,0,0,0,6.87,1.72,4.3,6.29,74.06,0,73.11,0.7,332,1.06,332.3
2022,4,9,6,0.17,0.18,0.56,19.17,19.65,2.45,0.01,0.05,7.51,2.52,5.01,6.65,74.75,0,73.16,0.58,323.29,0.89,323.53
2022,4,9,7,0.63,0.86,1.66,71.5,94.27,8.92,0.1,0.52,10,3.58,6.79,7.26,69.19,0,73.21,0.89,253.64,1.11,255.28
2022,4,9,8,0.92,1.69,2.67,105.77,192.17,13.95,0.3,1.48,12.01,3.38,7.69,7.14,59.81,0,73.25,1.96,222.41,2.45,222.54
2022,4,9,9,1.32,2.58,3.51,155.4,303.58,21.66,0.62,3.3,13.78,3.41,8.6,7.14,53.19,0,73.27,2.78,213.65,3.52,213.69
2022,4,9,10,1.72,3.19,4.14,212.5,376.23,29.88,0.99,4.98,15.12,3.89,9.51,7.32,50,0,73.24,3.35,209.61,4.26,209.52
2022,4,9,11,1.91,3.49,4.5,239.33,410.25,33.25,1.19,5.95,15.95,4.46,10.21,7.57,48.94,0,73.19,3.87,207.39,4.94,207.37
2022,4,9,12,1.77,3.15,4.58,215.08,357.42,26.27,0.91,4.58,16.12,5.09,10.6,7.87,50.12,0.02,73.14,4.19,207.66,5.37,207.65
2022,4,9,13,1.73,2.93,4.36,205.7,332.1,24.95,0.82,4.08,15.71,5.68,10.69,8.12,53.12,0.1,73.09,4.24,208.88,5.44,208.92
2022,4,9,14,1.37,2.48,3.87,164.45,279.98,19.7,0.59,3.1,14.8,6.07,10.44,8.3,57.5,0.32,73.05,4.13,210.2,5.33,210.17
2022,4,9,15,0.95,1.85,3.13,112.25,206.08,13.33,0.33,1.67,13.73,6.26,10,8.42,62.44,0.43,73.03,3.9,212.07,5.06,212.07
2022,4,9,16,0.61,1.11,2.21,71.52,121.75,8.35,0.15,0.7,12.73,6.36,9.55,8.48,67.19,0.5,73.03,3.5,214.26,4.61,214.15
2022,4,9,17,0.25,0.42,1.15,27.33,45.6,3.16,0.02,0.12,11.37,6.98,9.18,8.85,77,0.35,73.05,2.5,213.54,3.43,213.29
2022,4,9,18,0.02,0.03,0.16,1.02,3.62,0.13,0,0,9.45,7.69,8.58,9.46,93.06,0.35,73.08,1.12,210.69,2.04,209.42
2022,4,9,19,0,0,0,0,0,0,0,0,8.6,7.16,7.88,9.09,95.12,0.26,73.13,0.83,212.35,1.76,211.57
2022,4,9,20,0,0,0,0,0,0,0,0,8.17,6.15,7.16,8.42,90.88,0.18,73.18,0.77,216.75,1.47,218.09
2022,4,9,21,0,0,0,0,0,0,0,0,7.85,5.51,6.68,8.06,88.62,0.1,73.19,0.66,238.57,1.13,239.37
2022,4,9,22,0,0,0,0,0,0,0,0,7.51,5.05,6.28,7.81,88,0.06,73.18,0.6,276.01,0.97,275.98
2022,4,9,23,0,0,0,0,0,0,0,0,6.83,4.71,5.77,7.63,90.25,0.04,73.15,0.69,312.23,1.16,311.44
2022,4,10,0,0,0,0,0,0,0,0,0,6.21,4.2,5.21,7.39,91.25,0.02,73.11,0.81,327.99,1.41,327.89
2022,4,10,1,0,0,0,0,0,0,0,0,5.87,3.52,4.7,7.08,89.38,0.01,73.05,0.86,333.67,1.51,333.57
2022,4,10,2,0,0,0,0,0,0,0,0,5.77,2.88,4.33,6.77,86.06,0.01,73.01,0.88,335.47,1.52,335.14
2022,4,10,3,0,0,0,0,0,0,0,0,5.84,2.34,4.09,6.53,82.44,0,72.98,0.87,336.67,1.46,336.04
2022,4,10,4,0,0,0,0,0,0,0,0,5.97,1.9,3.94,6.29,79.06,0,72.98,0.82,338.3,1.36,336.97
2022,4,10,5,0,0,0,0,0,0,0,0,6.06,1.59,3.83,6.16,76.62,0,73.01,0.76,338.2,1.22,336.56
2022,4,10,6,0.19,0.22,0.58,22.58,25.38,3.01,0.01,0.05,6.96,2.4,4.68,6.53,76.31,0,73.06,0.63,329.64,1.01,331.46
2022,4,10,7,0.75,0.97,1.68,88.38,114.77,11.13,0.12,0.6,9.55,3.98,6.76,7.32,72.19,0,73.13,0.67,260.65,0.86,262.68
2022,4,10,8,1.32,1.81,2.68,161,218.5,21.34,0.41,2.08,11.46,4.27,7.87,7.51,64.81,0.01,73.17,1.82,217.51,2.32,218.45
2022,4,10,9,1.48,2.58,3.52,186.6,314,26.98,0.72,3.75,13.13,4.39,8.76,7.57,58.69,0.01,73.18,2.8,213.87,3.56,214.28
2022,4,10,10,1.5,3.12,4.15,204.98,382.25,30.22,0.96,4.85,14.48,4.8,9.64,7.75,55.19,0.04,73.18,3.66,212.98,4.65,213.08
2022,4,10,11,2.21,3.54,4.51,286.58,424.33,41.94,1.46,7.25,15.14,5.33,10.24,8,54.5,0.14,73.16,4.28,212.94,5.47,212.94
2022,4,10,12,1.95,3.14,4.58,243.6,362.55,31,1.04,5.2,15.14,5.94,10.54,8.3,56.56,0.5,73.12,4.63,214.15,5.94,214.23
2022,4,10,13,1.55,2.55,4.37,182.5,278.4,20.88,0.63,3.17,14.46,6.25,10.35,8.48,60.19,1.21,73.08,4.74,216.89,6.13,216.81
2022,4,10,14,1.33,2.36,3.87,161.27,266.1,19.85,0.56,2.92,13.76,6.66,10.22,8.73,64.88,2.17,73.03,4.66,218.25,6.07,218.15
2022,4,10,15,0.9,1.75,3.14,108.02,195.88,12.94,0.29,1.5,12.73,7.08,9.9,9.03,71.56,2.81,72.99,4.3,218.66,5.66,218.56
2022,4,10,16,0.56,1.01,2.21,67.05,110.05,8.05,0.12,0.62,11.3,7.54,9.42,9.34,81.19,2.86,72.98,3.33,219.58,4.45,219.16
2022,4,10,17,0.13,0.39,1.16,13.75,42.77,1.73,0.01,0.05,10.21,7.94,9.08,9.64,90.31,2.21,72.99,2.16,222.94,2.93,222.19
2022,4,10,18,0.03,0.03,0.16,1.6,3.58,0.21,0,0,8.94,8.09,8.51,9.83,100,4.02,73.02,0.96,226.66,1.6,225.2
2022,4,10,19,0,0,0,0,0,0,0,0,8.19,7.41,7.8,9.4,100,1.21,73.05,0.57,232.82,1.02,232.78
2022,4,10,20,0,0,0,0,0,0,0,0,7.61,6.51,7.05,8.85,99,0.26,73.08,0.4,285.95,0.7,287.43
2022,4,10,21,0,0,0,0,0,0,0,0,6.65,5.52,6.08,8.42,100,0.03,73.1,0.8,329.42,1.35,328.52
2022,4,10,22,0,0,0,0,0,0,0,0,6.35,4.35,5.35,7.93,96.5,0,73.1,0.95,337.23,1.62,337.02
2022,4,10,23,0,0,0,0,0,0,0,0,6.31,3.26,4.78,7.39,90.44,0,73.07,1.04,344.29,1.78,344.74
2022,4,11,0,0,0,0,0,0,0,0,0,6.42,2.21,4.31,6.84,83.12,0,73.03,1.09,347.96,1.85,348.55
2022,4,11,1,0,0,0,0,0,0,0,0,6.69,1.31,4,6.35,75.94,0,72.98,1.11,349.88,1.84,350.22
2022,4,11,2,0,0,0,0,0,0,0,0,6.94,0.54,3.74,5.98,69.75,0,72.95,1.11,351.07,1.78,351.16
2022,4,11,3,0,0,0,0,0,0,0,0,7.03,-0.15,3.44,5.55,64.94,0,72.94,1.11,355.17,1.77,354.94
2022,4,11,4,0,0,0,0,0,0,0,0,7.05,-0.85,3.1,5.25,60.75,0,72.96,1.11,355.57,1.78,355.22
2022,4,11,5,0,0,0,0,0,0,0,0,6.98,-1.52,2.73,4.88,57.38,0,73,1.14,353.31,1.86,353.23
2022,4,11,6,0.2,0.19,0.6,22.25,21.5,2.91,0.01,0.05,7.78,-0.27,3.75,5.37,59.44,0,73.04,1.13,352.83,1.87,353.02
2022,4,11,7,0.84,0.92,1.69,94.48,103.85,11.44,0.11,0.55,11.25,0.97,6.11,6.04,53.19,0,73.09,1.31,352.83,1.86,352.99
2022,4,11,8,1.52,1.77,2.7,178.12,205.95,22.69,0.41,2.02,14.04,0.68,7.36,5.98,43.56,0,73.12,0.54,341.57,0.74,344.05
2022,4,11,9,2.18,2.55,3.54,262.12,300.88,34.99,0.87,4.45,15.66,0.79,8.23,6.1,40.12,0,73.13,0.61,207.55,0.75,207.9
2022,4,11,10,2.51,3.11,4.16,301.45,365.48,41.03,1.2,6.02,16.98,0.76,8.87,6.35,38.25,0,73.13,1.38,198.43,1.76,198.92
2022,4,11,11,2.81,3.49,4.52,349.1,414.08,48.53,1.58,7.92,17.77,1.71,9.74,6.77,39,0,73.11,2.41,199.73,3.05,199.78
2022,4,11,12,2.53,3.36,4.59,309.7,392.95,41.56,1.34,6.7,17.95,3.29,10.62,7.39,42.12,0,73.08,3.18,203.92,4.08,203.82
2022,4,11,13,2.48,3.17,4.37,301.2,371.88,39.83,1.22,6.12,17.85,4.3,11.08,7.87,45.06,0,73.03,3.56,206.45,4.6,206.43
2022,4,11,14,2.01,2.68,3.88,243.55,312.85,32.02,0.86,4.4,17.4,5.16,11.28,8.24,48.38,0.01,73,3.71,208.73,4.82,208.68
2022,4,11,15,1.56,1.98,3.15,182.52,227.85,22.67,0.48,2.4,16.47,5.74,11.11,8.42,52.62,0.05,72.99,3.47,211.47,4.52,211.44
2022,4,11,16,0.88,1.19,2.22,101.58,133.88,12.46,0.18,0.88,15.22,6.23,10.73,8.61,58.25,0.13,73,2.88,214.38,3.79,214.34
2022,4,11,17,0.39,0.46,1.16,42.85,50.23,5.38,0.03,0.15,13.57,7.32,10.44,9.22,69.31,0.18,73.01,1.92,212.2,2.71,211.9
2022,4,11,18,0.04,0.04,0.17,3.4,3.95,0.46,0,0,10.92,8.05,9.48,9.64,86.38,0.21,73.04,0.83,216.22,1.48,216.38
2022,4,11,19,0,0,0,0,0,0,0,0,10.74,7.3,9.02,9.03,81.94,0.36,73.1,0.55,239.04,0.92,241.7
2022,4,11,20,0,0,0,0,0,0,0,0,10.44,6.89,8.66,8.79,81.38,0.15,73.15,0.42,300.41,0.71,298.81
2022,4,11,21,0,0,0,0,0,0,0,0,9.3,6.4,7.86,8.54,85.44,0.04,73.19,0.72,335.1,1.19,333.94
2022,4,11,22,0,0,0,0,0,0,0,0,8.57,5.62,7.1,8.18,85.81,0.02,73.21,0.93,339.44,1.52,339.24
2022,4,11,23,0,0,0,0,0,0,0,0,8.41,4.83,6.62,7.81,82.62,0,73.19,0.98,339.55,1.59,339.25
2022,4,12,0,0,0,0,0,0,0,0,0,8.33,4.04,6.19,7.45,79.12,0,73.14,1.01,338.2,1.64,337.59
2022,4,12,1,0,0,0,0,0,0,0,0,8.26,3.29,5.78,7.08,75.56,0.02,73.1,1.04,334.78,1.69,334.03
2022,4,12,2,0,0,0,0,0,0,0,0,8.23,2.59,5.41,6.71,72.12,0.02,73.07,1.05,330.2,1.69,329.76
2022,4,12,3,0,0,0,0,0,0,0,0,8.09,2.01,5.05,6.41,69.69,0.02,73.05,1.05,332.1,1.68,331.65
2022,4,12,4,0,0,0,0,0,0,0,0,7.87,1.36,4.62,6.1,67.31,0,73.03,1.02,338.93,1.64,338.81
2022,4,12,5,0,0,0,0,0,0,0,0,7.57,0.73,4.15,5.86,65.44,0,73.04,1,346.94,1.62,346.9
2022,4,12,6,0.19,0.2,0.62,22.5,23.12,2.91,0.01,0.05,8.57,1.73,5.15,6.23,65.31,0,73.07,0.92,347.26,1.52,347.54
2022,4,12,7,0.7,0.93,1.71,83.38,107.4,10.91,0.12,0.6,11.61,2.51,7.05,6.77,58.19,0,73.12,0.89,310.38,1.18,309.9
2022,4,12,8,1.17,1.81,2.71,140.5,213.52,19.16,0.38,1.88,13.87,1.73,7.8,6.53,48.06,0,73.15,1.53,244.88,1.91,244.8
2022,4,12,9,1.94,2.6,3.55,241.33,309.95,33.09,0.88,4.62,15.53,2.01,8.77,6.65,44,0,73.16,2.45,224.35,3.08,224.28
2022,4,12,10,2.33,3.18,4.17,293.1,381.2,41.4,1.3,6.55,16.69,2.85,9.77,6.96,42.94,0,73.15,3.2,217.57,4.1,217.57
2022,4,12,11,2.61,3.5,4.52,331.38,420.65,47.25,1.6,8.02,17.08,3.72,10.4,7.39,44.44,0,73.13,3.84,212.88,4.97,212.94
2022,4,12,12,2.2,3.29,4.6,275.88,389.12,36.6,1.23,6.12,16.77,4.62,10.7,7.81,47.94,0,73.12,4.2,211.06,5.45,211.09
2022,4,12,13,1.75,2.93,4.38,207.17,340.15,27.52,0.86,4.33,16.4,5.58,10.99,8.24,51.62,0,73.09,4.24,211.14,5.51,211.19
2022,4,12,14,1.61,2.48,3.89,199.67,287.4,24.8,0.7,3.6,15.8,6.49,11.15,8.67,56.31,0.03,73.04,3.99,211.89,5.17,211.84
2022,4,12,15,1.25,1.81,3.15,151.12,207.8,18.48,0.41,2.1,14.93,7.01,10.98,8.91,61.19,0.07,73,3.41,212.38,4.41,212.42
2022,4,12,16,0.71,1.06,2.23,82.27,119.23,9.94,0.15,0.73,14.15,7.29,10.73,9.03,65.31,0.07,72.98,2.89,212.05,3.75,212.13
2022,4,12,17,0.3,0.41,1.17,34.8,46,4.23,0.02,0.12,12.9,7.81,10.36,9.4,73.56,0.09,72.99,2.1,213.63,2.87,213.34
2022,4,12,18,0.05,0.04,0.17,3.8,3.92,0.48,0,0,10.51,8.24,9.38,9.7,89.19,0.59,73.03,0.96,215.11,1.71,214.56
2022,4,12,19,0,0,0,0,0,0,0,0,10.31,7.58,8.94,9.22,85.88,0.45,73.09,0.88,230.06,1.35,229.69
2022,4,12,20,0,0,0,0,0,0,0,0,10,7.12,8.56,8.91,85.06,0.27,73.15,0.58,266.91,0.93,266.15
2022,4,12,21,0,0,0,0,0,0,0,0,8.87,6.62,7.75,8.67,89.19,0.18,73.18,0.71,307.38,1.21,305.02
2022,4,12,22,0,0,0,0,0,0,0,0,8.15,6.21,7.18,8.48,91.56,0.12,73.18,0.83,318.81,1.47,318.44
2022,4,12,23,0,0,0,0,0,0,0,0,7.88,5.7,6.79,8.24,90.44,0.07,73.16,0.87,322.31,1.54,322.84
2022,4,13,0,0,0,0,0,0,0,0,0,7.55,4.97,6.26,7.87,88.31,0.03,73.11,0.94,323.13,1.6,323.75
2022,4,13,1,0,0,0,0,0,0,0,0,7.32,4.3,5.81,7.51,85.88,0.13,73.06,0.99,327.56,1.67,327.8
2022,4,13,2,0,0,0,0,0,0,0,0,7.15,3.73,5.44,7.26,83.5,0.12,73.01,1.01,332.45,1.72,332.16
2022,4,13,3,0,0,0,0,0,0,0,0,7.16,3.24,5.2,7.02,80.56,0.11,72.98,1,336.63,1.68,336.42
2022,4,13,4,0,0,0,0,0,0,0,0,7.21,2.8,5.01,6.77,77.75,0,72.98,0.97,336.32,1.62,335.42
2022,4,13,5,0,0,0,0,0,0,0,0,7.21,2.45,4.83,6.59,75.69,0,73,0.97,342.15,1.6,340.95
2022,4,13,6,0.21,0.23,0.64,24.45,25.9,3.17,0.01,0.05,8.15,3.75,5.95,7.2,77.75,0,73.03,0.84,345.96,1.45,345.66
2022,4,13,7,0.7,0.94,1.73,80.62,107.08,10.12,0.11,0.52,10.77,4.3,7.54,7.63,69.12,0,73.08,0.79,319.83,1.08,323.55
2022,4,13,8,1.26,1.82,2.72,151.27,213.9,20.22,0.4,1.95,12.71,3.19,7.95,7.02,55.81,0,73.11,1.08,243.25,1.36,243.43
2022,4,13,9,1.58,2.55,3.56,193.35,301.35,26.99,0.71,3.67,14.15,2.87,8.51,6.9,49.94,0,73.12,2.12,221.72,2.72,222.32
2022,4,13,10,2.47,3.16,4.18,301.85,377,41.92,1.3,6.52,15.08,3.14,9.11,7.02,47.88,0,73.12,2.98,217.32,3.85,217.5
2022,4,13,11,2.35,3.51,4.53,300.35,421.55,43.2,1.47,7.3,16.18,4.03,10.1,7.45,47.31,0.01,73.1,3.78,217.18,4.86,217.22
2022,4,13,12,1.96,3.11,4.6,243.62,361.38,30.63,1,5,16.65,4.83,10.74,7.81,48.06,0.06,73.07,4.25,217.08,5.48,217.12
2022,4,13,13,1.85,2.89,4.39,225.9,335.08,28.27,0.87,4.38,16.25,5.48,10.87,8.06,51.06,0.43,73.02,4.41,219.18,5.71,219.17
2022,4,13,14,1.55,2.46,3.89,190.27,282.67,23.51,0.66,3.38,15.58,6.12,10.85,8.36,55.25,0.54,72.97,4.17,222.72,5.4,222.71
2022,4,13,15,1.12,1.85,3.16,134.1,210.7,16.38,0.37,1.88,15.01,6.59,10.8,8.61,59,0.38,72.93,3.75,225.93,4.87,225.85
2022,4,13,16,0.66,1.15,2.23,77.33,129.17,9.45,0.15,0.7,14.21,6.76,10.48,8.73,62.88,0.3,72.91,3.16,228.71,4.14,228.67
2022,4,13,17,0.28,0.47,1.18,31.15,52.85,3.97,0.02,0.12,12.69,7.33,10.01,9.16,72.69,0.29,72.9,2.06,233,2.88,232.38
2022,4,13,18,0.05,0.04,0.18,3.9,4.6,0.52,0,0,10.31,7.94,9.12,9.64,89.5,0.2,72.92,0.87,240.45,1.6,239.56
2022,4,13,19,0,0,0,0,0,0,0,0,9.42,6.92,8.17,8.91,87.81,0.12,72.95,0.74,272.44,1.37,273.27
2022,4,13,20,0,0,0,0,0,0,0,0,8.64,6.39,7.51,8.61,89.56,0.05,72.97,0.86,309.07,1.59,308
2022,4,13,21,0,0,0,0,0,0,0,0,7.8,5.73,6.76,8.3,91.38,0.02,72.98,1,323.22,1.89,322.89
2022,4,13,22,0,0,0,0,0,0,0,0,7.72,5.15,6.43,8,88.94,0.01,72.96,1.05,323.82,1.99,323.63
2022,4,13,23,0,0,0,0,0,0,0,0,7.69,4.49,6.09,7.69,85.25,0,72.92,1.07,321.21,2.06,320.22
2022,4,14,0,0,0,0,0,0,0,0,0,7.41,3.8,5.61,7.32,82.75,0,72.87,1.14,319.74,2.2,318.89
2022,4,14,1,0,0,0,0,0,0,0,0,6.98,3.02,5,6.9,80.62,0.02,72.83,1.22,317.33,2.39,316.46
2022,4,14,2,0,0,0,0,0,0,0,0,6.59,2.21,4.4,6.47,77.44,0.02,72.79,1.28,317.23,2.46,316.42
2022,4,14,3,0,0,0,0,0,0,0,0,6.12,1.76,3.94,6.23,77.12,0.02,72.77,1.32,321.02,2.54,319.99
2022,4,14,4,0,0,0,0,0,0,0,0,5.62,1.29,3.45,5.98,76.81,0.01,72.76,1.34,326.86,2.62,325.84
2022,4,14,5,0,0,0,0,0,0,0,0,5.19,0.6,2.9,5.68,75.25,0.01,72.79,1.37,331.1,2.69,330.01
2022,4,14,6,0.25,0.26,0.66,28.02,28.62,3.59,0.01,0.05,6.59,1.76,4.18,6.35,75.81,0,72.83,1.43,329.79,2.68,331.5
2022,4,14,7,1,1.05,1.74,111.02,118.48,13.42,0.13,0.67,10.86,1.27,6.07,6.29,56.38,0,72.87,2.09,314.85,2.99,316.06
2022,4,14,8,1.62,1.94,2.74,188.52,225.4,25.23,0.47,2.35,14.13,-2.45,5.84,4.7,34.06,0,72.91,3.05,277.51,4.09,277.57
2022,4,14,9,2.58,2.74,3.57,304.45,320.9,41.32,1.03,5.17,16.2,-3.47,6.37,4.39,27.69,0,72.92,4.08,259.08,5.39,259.13
2022,4,14,10,3.23,3.35,4.19,384.23,392.42,53.46,1.59,8.08,17.51,-3.56,6.98,4.33,25.31,0,72.92,5.02,251.4,6.62,251.48
2022,4,14,11,3.47,3.7,4.54,417.4,433.05,59.07,1.91,9.9,18.19,-2.86,7.66,4.52,25.25,0,72.91,5.67,246.69,7.49,246.78
2022,4,14,12,3.59,3.83,4.61,433.12,449.2,62.27,2.08,10.77,18.39,-1.96,8.22,4.76,26.31,0,72.89,6,244.2,7.93,244.32
2022,4,14,13,3.34,3.61,4.39,399.3,422.62,57.07,1.8,9.27,18.31,-1.52,8.4,4.88,26.94,0,72.87,6.1,243.47,8.09,243.56
2022,4,14,14,2.9,3.06,3.9,342.33,357.33,47.22,1.3,6.6,17.89,-1.53,8.18,4.82,27.44,0.01,72.84,6.05,243.3,8.06,243.41
2022,4,14,15,2.25,2.4,3.16,263.27,280.48,35.41,0.78,3.85,17.05,-1.76,7.65,4.7,28.38,0.02,72.82,5.84,243.98,7.84,244.07
2022,4,14,16,1.41,1.55,2.24,162.1,179.85,20.75,0.3,1.48,15.69,-1.79,6.95,4.7,30.94,0.03,72.81,5.19,245.36,7.06,245.48
2022,4,14,17,0.65,0.67,1.19,72.02,76.05,8.74,0.05,0.25,13.18,0.47,6.82,5.8,44.56,0.08,72.82,3.35,246.06,4.81,246.35
2022,4,14,18,0.06,0.05,0.18,5.58,5.77,0.77,0,0.02,9.04,1.83,5.44,6.35,64.5,0.01,72.85,1.61,251.04,3.17,251.92
2022,4,14,19,0,0,0,0,0,0,0,0,7.73,1.41,4.57,6.1,67.44,0.01,72.9,1.3,261.05,2.81,261.37
2022,4,14,20,0,0,0,0,0,0,0,0,7.58,1.11,4.34,5.92,66.06,0,72.95,1.23,270.73,2.5,270.54
2022,4,14,21,0,0,0,0,0,0,0,0,7.58,0.81,4.19,5.74,64.19,0.01,72.98,1.21,279.28,2.28,279.27
2022,4,14,22,0,0,0,0,0,0,0,0,7.52,0.58,4.05,5.62,63,0.01,72.97,1.17,287.83,2.09,288.1
2022,4,14,23,0,0,0,0,0,0,0,0,7.32,0.4,3.86,5.49,62.88,0.01,72.95,1.15,296.74,1.96,297.48
2022,4,15,0,0,0,0,0,0,0,0,0,6.94,0.23,3.59,5.43,63.69,0.01,72.91,1.12,305.02,1.91,305.7
2022,4,15,1,0,0,0,0,0,0,0,0,6.55,0.05,3.3,5.37,64.5,0.01,72.87,1.09,312.38,1.9,312.83
2022,4,15,2,0,0,0,0,0,0,0,0,6.33,-0.11,3.11,5.31,64.75,0.01,72.83,1.13,316.96,1.93,318.29
2022,4,15,3,0,0,0,0,0,0,0,0,6.28,-0.41,2.94,5.19,63.5,0.01,72.8,1.13,318.93,1.87,319.58
2022,4,15,4,0,0,0,0,0,0,0,0,5.94,-0.77,2.58,5.07,63.31,0.01,72.8,1.13,322.89,1.9,322.33
2022,4,15,5,0,0,0,0,0,0,0,0,5.34,-1.13,2.11,4.94,64.31,0,72.82,1.17,330.35,2.01,330.45
2022,4,15,6,0.28,0.3,0.68,31.73,33,3.95,0.01,0.05,6.14,-0.07,3.03,5.49,67.56,0,72.87,1.32,330.09,2.14,332.31
2022,4,15,7,1.11,1.11,1.76,125.02,128.25,14.98,0.15,0.75,9.8,-1.23,4.29,5.25,50.75,0,72.92,1.48,298.73,2.04,301.08
2022,4,15,8,2,1.99,2.75,234.02,234.12,30.39,0.55,2.75,12.45,-3.84,4.3,4.27,34.62,0,72.96,2.6,252.16,3.38,252.24
2022,4,15,9,2.72,2.76,3.58,323.92,327.6,44.03,1.11,5.52,14.19,-3.71,5.23,4.27,31.06,0,72.98,3.36,240.93,4.3,240.87
2022,4,15,10,3.23,3.34,4.2,389.48,396.92,54.41,1.63,8.35,15.51,-2.96,6.27,4.52,29.94,0,72.98,3.97,235.5,5.06,235.5
2022,4,15,11,3.51,3.67,4.55,428.1,436.4,60.47,1.98,10.25,16.45,-2.17,7.14,4.7,29.44,0,72.94,4.56,231.05,5.84,230.97
2022,4,15,12,3.5,3.76,4.62,429,447.83,61.45,2.04,10.67,16.95,-1.38,7.78,4.88,29.69,0,72.89,4.98,229.46,6.42,229.44
2022,4,15,13,3.33,3.56,4.4,405.4,423.92,57.67,1.84,9.4,17.03,-0.89,8.07,5,30.25,0,72.83,5.15,229.62,6.68,229.6
2022,4,15,14,2.87,3.1,3.9,345.55,368.6,48.34,1.36,6.88,16.7,-0.79,7.95,5.07,30.88,0,72.78,5.07,231.75,6.61,231.76
2022,4,15,15,2.2,2.42,3.17,262.2,286.73,35.62,0.79,3.92,16.01,-1.02,7.5,4.94,31.62,0,72.75,4.9,236.51,6.44,236.68
2022,4,15,16,1.41,1.58,2.25,164.5,186.02,21.2,0.31,1.52,14.9,-1.4,6.75,4.82,32.94,0,72.75,4.39,242.11,5.87,242.31
2022,4,15,17,0.65,0.7,1.2,73.98,80.83,8.96,0.05,0.25,12.82,0.44,6.63,5.68,44.56,0,72.77,2.81,245.5,3.99,245.95
2022,4,15,18,0.07,0.06,0.19,6.02,6.33,0.82,0,0.02,8.83,1.49,5.15,6.1,62.88,0.03,72.8,1.32,252.85,2.72,253.13
2022,4,15,19,0,0,0,0,0,0,0,0,7.58,0.18,3.88,5.49,61.5,0.01,72.85,1.22,264.11,2.51,264.11
2022,4,15,20,0,0,0,0,0,0,0,0,7.48,-0.49,3.5,5.19,58.44,0.01,72.91,1.2,277.08,2.34,276.91
2022,4,15,21,0,0,0,0,0,0,0,0,7.27,-1.1,3.08,4.94,56.38,0,72.94,1.19,289.15,2.23,288.82
2022,4,15,22,0,0,0,0,0,0,0,0,6.88,-1.53,2.68,4.76,56,0,72.94,1.18,298.43,2.18,297.58
2022,4,15,23,0,0,0,0,0,0,0,0,6.45,-1.81,2.33,4.64,56.44,0,72.91,1.18,305.05,2.17,304.15
2022,4,16,0,0,0,0,0,0,0,0,0,6.11,-2.11,2,4.58,56.44,0,72.87,1.2,310.52,2.18,309.46
2022,4,16,1,0,0,0,0,0,0,0,0,5.73,-2.5,1.61,4.39,56.25,0,72.82,1.21,315.26,2.19,314.28
2022,4,16,2,0,0,0,0,0,0,0,0,5.33,-2.97,1.19,4.27,55.88,0,72.78,1.22,320.71,2.2,319.31
2022,4,16,3,0,0,0,0,0,0,0,0,5.04,-3.55,0.75,4.09,54.56,0,72.76,1.22,323.35,2.2,321.79
2022,4,16,4,0,0,0,0,0,0,0,0,4.9,-4.27,0.32,3.85,52.19,0,72.77,1.2,325.59,2.14,323.93
2022,4,16,5,0,0,0,0,0,0,0,0,4.78,-4.96,-0.1,3.66,49.94,0,72.81,1.2,326.73,2.11,324.96
2022,4,16,6,0.34,0.35,0.7,37.98,39.2,4.49,0.02,0.05,5.98,-3.87,1.05,4.21,52.62,0,72.87,1.32,319.55,2.22,322.73
2022,4,16,7,1.18,1.21,1.77,135.67,141.8,16.62,0.16,0.83,9.65,-3.13,3.26,4.7,46.06,0,72.93,1.54,307.16,2.18,310.36
2022,4,16,8,2.09,2.1,2.77,246.67,249.08,32.59,0.59,2.9,12.52,-6.09,3.22,3.48,27.88,0,72.99,2.32,267.69,3.02,267.77
2022,4,16,9,2.81,2.86,3.59,337.1,341.3,46.72,1.16,5.77,14.29,-5.63,4.33,3.6,25.69,0,73.02,3.23,242.13,4.13,242.13
2022,4,16,10,3.35,3.43,4.2,405.77,409.88,57.72,1.72,8.7,15.51,-4.62,5.44,3.85,25.62,0,73.03,4.01,232.28,5.11,232.27
2022,4,16,11,3.64,3.76,4.56,445.17,449.4,64.21,2.07,10.73,16.21,-3.48,6.37,4.21,26.62,0,72.98,4.56,227.71,5.83,227.77
2022,4,16,12,3.33,3.76,4.62,407.1,445.3,58.55,1.91,9.88,16.58,-2.45,7.06,4.52,27.88,0,72.93,4.86,225.85,6.23,225.91
2022,4,16,13,3.04,3.52,4.4,371.12,418.2,52.76,1.64,8.33,16.56,-1.93,7.31,4.64,28.75,0.01,72.87,5.02,226.77,6.47,226.81
2022,4,16,14,2.51,3.03,3.91,304.83,361.33,42.48,1.15,5.77,16.16,-1.82,7.17,4.64,29.62,0.03,72.83,4.97,229.59,6.45,229.67
2022,4,16,15,1.94,2.36,3.18,232.85,280,31.59,0.69,3.4,15.33,-1.9,6.72,4.64,30.94,0.06,72.8,4.66,235.24,6.09,235.35
2022,4,16,16,1.2,1.54,2.25,141.75,180.83,18.46,0.27,1.3,14.16,-2.03,6.06,4.58,33,0.1,72.79,4.11,240.9,5.47,241.13
2022,4,16,17,0.51,0.68,1.2,58.3,78.75,7.17,0.04,0.2,12.01,0.64,6.33,5.8,48.06,0.07,72.81,2.53,243.83,3.6,244.44
2022,4,16,18,0.06,0.06,0.19,5.65,6.55,0.78,0,0.02,8.82,1.55,5.19,6.16,63.31,0.09,72.85,1.35,251.46,2.5,252.19
2022,4,16,19,0,0,0,0,0,0,0,0,7.85,0.26,4.05,5.49,60.38,0.06,72.91,1.16,265.75,2.18,265.89
2022,4,16,20,0,0,0,0,0,0,0,0,7.58,-0.56,3.51,5.13,57.5,0.04,72.97,1.11,279.73,2.01,279.83
2022,4,16,21,0,0,0,0,0,0,0,0,7.46,-1.42,3.02,4.76,54.12,0.02,73,1.06,289.77,1.83,289.75
2022,4,16,22,0,0,0,0,0,0,0,0,7.17,-1.92,2.63,4.58,53,0,73.01,1.04,303.93,1.75,303.9
2022,4,16,23,0,0,0,0,0,0,0,0,6.71,-2.21,2.25,4.46,53.44,0,72.99,1.06,320.09,1.77,319.65
2022,4,17,0,0,0,0,0,0,0,0,0,6.12,-2.39,1.86,4.46,54.94,0,72.96,1.11,330.36,1.87,329.69
2022,4,17,1,0,0,0,0,0,0,0,0,5.49,-2.56,1.47,4.39,56.56,0.01,72.92,1.14,336.08,1.96,335.57
2022,4,17,2,0,0,0,0,0,0,0,0,5,-2.68,1.16,4.33,57.94,0.01,72.88,1.17,340.84,2.01,340.51
2022,4,17,3,0,0,0,0,0,0,0,0,4.65,-2.82,0.91,4.27,58.75,0.01,72.86,1.19,345.14,2.06,344.8
2022,4,17,4,0,0,0,0,0,0,0,0,4.31,-2.9,0.71,4.27,59.75,0,72.87,1.21,346.95,2.11,346.74
2022,4,17,5,0,0,0,0,0,0,0,0,4.05,-2.98,0.54,4.21,60.5,0,72.91,1.22,347.83,2.15,347.83
2022,4,17,6,0.36,0.38,0.72,39.85,41.73,4.63,0.02,0.08,5.3,-1.48,1.9,4.82,63.69,0,72.96,1.29,338.26,2.19,342.54
2022,4,17,7,1.21,1.26,1.79,138.05,145.4,16.8,0.17,0.88,9.19,-1.81,3.69,4.94,49.88,0,73.02,1.35,310.78,1.93,314.84
2022,4,17,8,2.17,2.14,2.78,253.62,252.7,33.71,0.63,3.15,12.15,-5,3.58,3.78,31.06,0,73.06,2.12,260.47,2.75,260.67
2022,4,17,9,2.86,2.9,3.6,340.88,343.35,47.22,1.22,6.08,13.94,-5.16,4.39,3.72,27.38,0,73.09,3.15,241.84,4.01,241.74
2022,4,17,10,3.26,3.46,4.21,393.8,410.67,56.34,1.73,8.85,15.17,-4.6,5.29,3.91,26.62,0,73.09,3.95,234.42,5.02,234.43
2022,4,17,11,3.49,3.78,4.56,427.65,448.67,61.8,2.06,10.67,15.93,-3.72,6.1,4.15,26.88,0,73.06,4.49,229.8,5.73,229.75
2022,4,17,12,3.34,3.73,4.63,410.15,441.83,58.16,1.94,10.08,16.33,-2.69,6.82,4.46,28.06,0.01,73,4.82,227.56,6.17,227.52
2022,4,17,13,3.03,3.5,4.41,368.5,415.08,51.88,1.63,8.42,16.38,-1.97,7.21,4.64,29.25,0.08,72.96,4.92,226.74,6.34,226.75
2022,4,17,14,2.61,3.02,3.91,314.95,358,43.52,1.22,6.2,16.01,-1.45,7.27,4.82,30.88,0.26,72.93,4.76,227.4,6.15,227.37
2022,4,17,15,2,2.33,3.18,238.52,275.45,31.97,0.71,3.55,15.11,-1.04,7.04,4.94,33.56,0.39,72.91,4.36,230.38,5.67,230.26
2022,4,17,16,1.23,1.5,2.26,144.35,175.38,18.59,0.28,1.38,14.02,-0.78,6.62,5,36.69,0.42,72.91,3.73,233.68,4.93,233.44
2022,4,17,17,0.57,0.65,1.21,64.73,74.3,7.99,0.05,0.25,12.14,1.22,6.68,5.98,49.25,0.25,72.94,2.3,235.66,3.26,235.17
2022,4,17,18,0.07,0.06,0.2,5.98,6.3,0.82,0,0.02,9.51,2.45,5.98,6.59,64.94,0.53,72.98,1.18,239.36,2,238.42
2022,4,17,19,0,0,0,0,0,0,0,0,8.97,0.39,4.68,5.49,56.38,0.27,73.03,0.86,260.11,1.42,260.8
2022,4,17,20,0,0,0,0,0,0,0,0,8.35,-0.08,4.14,5.31,56.56,0.09,73.09,0.78,305.6,1.31,305.02
2022,4,17,21,0,0,0,0,0,0,0,0,7.76,-0.53,3.62,5.13,56.94,0.03,73.13,0.91,337.38,1.54,336.04
2022,4,17,22,0,0,0,0,0,0,0,0,7.09,-0.56,3.26,5.13,59.69,0.02,73.15,1,351.42,1.72,349.51
2022,4,17,23,0,0,0,0,0,0,0,0,6.75,-0.68,3.04,5.13,60.75,0.01,73.14,1.05,351.87,1.81,351.31
2022,4,18,0,0,0,0,0,0,0,0,0,6.62,-0.9,2.86,5,60.31,0,73.11,1.06,349.77,1.81,350.29
2022,4,18,1,0,0,0,0,0,0,0,0,6.58,-1.13,2.72,4.94,59.44,0.08,73.08,1.03,349.97,1.75,351.29
2022,4,18,2,0,0,0,0,0,0,0,0,6.56,-1.47,2.55,4.82,58.06,0.08,73.06,1.02,349.81,1.72,351.1
2022,4,18,3,0,0,0,0,0,0,0,0,6.52,-1.86,2.33,4.7,56.44,0.08,73.06,0.99,346.29,1.63,347.83
2022,4,18,4,0,0,0,0,0,0,0,0,6.33,-2.17,2.08,4.58,55.75,0,73.07,1.01,347.04,1.66,348.32
2022,4,18,5,0,0,0,0,0,0,0,0,6.22,-2.52,1.85,4.46,54.62,0,73.1,1.04,351.38,1.7,351.8
2022,4,18,6,0.34,0.35,0.74,38.42,40.25,4.55,0.02,0.08,7.19,-1.05,3.07,5,57.94,0,73.15,1.06,352.35,1.73,354.29
2022,4,18,7,1.17,1.2,1.8,135.3,141.05,16.4,0.18,0.88,10.37,-0.48,4.94,5.37,50.19,0,73.2,1.18,346.98,1.65,349.33
2022,4,18,8,2.08,2.07,2.79,245.55,246.7,32.13,0.62,3.05,13.32,-2.96,5.18,4.46,34.06,0,73.23,0.75,300.04,0.92,300.71
2022,4,18,9,2.8,2.82,3.62,335.3,336.62,45.86,1.19,5.98,15.33,-3.41,5.97,4.27,28.88,0,73.26,1.39,225.68,1.72,225.37
2022,4,18,10,3.25,3.39,4.22,393.3,403.48,55.34,1.71,8.77,16.64,-2.35,7.15,4.64,28.56,0,73.25,2.46,209.34,3.11,209.21
2022,4,18,11,3.54,3.7,4.57,431.33,440.15,61.03,2.04,10.67,17.35,-1.25,8.05,5,29.5,0,73.22,3.31,206.2,4.22,206.23
2022,4,18,12,3.21,3.6,4.63,390.52,423.83,53.87,1.78,9.35,17.61,-0.31,8.65,5.37,31.19,0,73.18,3.77,206.35,4.82,206.36
2022,4,18,13,2.96,3.35,4.41,354.65,393.25,48.28,1.51,7.8,17.51,0.53,9.02,5.68,33.25,0,73.14,3.94,206.01,5.07,205.97
2022,4,18,14,2.46,2.85,3.92,292.73,333.3,38.8,1.07,5.45,17.09,1.22,9.15,5.98,35.75,0.01,73.11,3.91,205.69,5.04,205.73
2022,4,18,15,1.81,2.15,3.19,212.3,249.83,27.2,0.59,2.98,16.21,1.78,9,6.16,39.12,0.1,73.09,3.6,206.4,4.65,206.31
2022,4,18,16,1.16,1.34,2.26,131.62,153.58,16.09,0.24,1.17,14.9,2.43,8.67,6.41,44.19,0.35,73.11,3.05,207.74,3.98,207.72
2022,4,18,17,0.49,0.55,1.22,54.33,62.12,6.59,0.04,0.2,12.96,3.87,8.41,7.14,55.88,0.7,73.14,2.03,210.32,2.8,209.78
2022,4,18,18,0.06,0.05,0.2,5.25,5.73,0.7,0,0,10.43,4.91,7.67,7.69,71.44,0.12,73.2,0.84,208.48,1.38,208.74
2022,4,18,19,0,0,0,0,0,0,0,0,9.9,3.36,6.63,6.77,65.38,0.12,73.24,0.3,240.8,0.52,244.98
2022,4,18,20,0,0,0,0,0,0,0,0,8.96,3.35,6.15,6.84,69.94,0.06,73.29,0.62,346.84,1,344.55
2022,4,18,21,0,0,0,0,0,0,0,0,7.98,3.27,5.62,6.84,74.56,0.02,73.31,0.91,359.02,1.53,358.54
2022,4,18,22,0,0,0,0,0,0,0,0,7.55,2.75,5.15,6.59,74.19,0,73.29,0.99,1.35,1.67,1.34
2022,4,18,23,0,0,0,0,0,0,0,0,7.46,2.15,4.81,6.29,71.56,0,73.27,1,0.45,1.65,0.54
2022,4,19,0,0,0,0,0,0,0,0,0,7.47,1.56,4.51,6.04,68.56,0,73.23,0.98,358.63,1.57,358.86
2022,4,19,1,0,0,0,0,0,0,0,0,7.48,0.94,4.22,5.8,65.5,0,73.2,0.91,359.02,1.45,359.38
2022,4,19,2,0,0,0,0,0,0,0,0,7.49,0.34,3.91,5.55,62.56,0,73.18,0.88,356.93,1.36,357.04
2022,4,19,3,0,0,0,0,0,0,0,0,7.32,-0.21,3.55,5.31,60.69,0,73.17,0.93,354.19,1.45,354.1
2022,4,19,4,0,0,0,0,0,0,0,0,7.23,-0.79,3.22,5.07,58.44,0,73.16,0.97,354.43,1.5,354.32
2022,4,19,5,0,0,0,0,0,0,0,0,7.22,-1.39,2.91,4.82,55.75,0,73.19,0.95,357.18,1.47,356.96
2022,4,19,6,0.28,0.31,0.76,31.58,34.2,4.03,0.02,0.08,8.26,0.02,4.15,5.37,57.94,0,73.25,0.85,3.18,1.33,3.37
2022,4,19,7,0.82,1.07,1.82,95.27,123.3,11.95,0.14,0.67,11.43,-0.17,5.63,5.55,48.19,0,73.32,0.33,24.1,0.45,26.57
2022,4,19,8,1.63,1.9,2.8,192.1,222.95,24.59,0.49,2.45,13.57,-0.56,6.51,5.49,41.69,0,73.36,1.25,188.99,1.53,188.79
2022,4,19,9,2.18,2.68,3.63,262.2,317.45,35.59,0.95,4.92,15.04,0.43,7.73,5.86,40.31,0,73.39,2.36,193.39,2.96,193.41
2022,4,19,10,2.54,3.24,4.23,310.23,385.45,43.23,1.36,6.8,16.24,1.65,8.94,6.35,40.25,0,73.38,3,193.57,3.79,193.61
2022,4,19,11,2.42,3.55,4.58,299.75,423,42.87,1.46,7.35,17.01,2.7,9.86,6.77,41.06,0,73.34,3.53,193.94,4.49,194.01
2022,4,19,12,2.16,3.18,4.64,261.12,366.3,32.58,1.08,5.48,17.26,3.77,10.51,7.26,43.25,0.01,73.28,3.92,196.7,4.99,196.73
2022,4,19,13,1.67,2.86,4.42,200.33,325.02,25.23,0.8,4,17.03,4.8,10.92,7.75,46.81,0.08,73.23,4.05,201.16,5.17,201.25
2022,4,19,14,1.44,2.32,3.92,169.75,260.88,20.8,0.59,3.05,16.32,5.52,10.92,8.12,51.12,0.28,73.17,3.94,205.35,5.06,205.42
2022,4,19,15,0.95,1.68,3.19,111.38,186.85,13.87,0.34,1.73,15.13,6,10.56,8.36,56.94,0.41,73.14,3.7,208.89,4.81,208.81
2022,4,19,16,0.29,1.02,2.27,32.52,112.62,3.8,0.05,0.27,13.87,6.55,10.21,8.67,64.06,0.27,73.12,3.27,212.82,4.28,212.7
2022,4,19,17,0.1,0.4,1.23,10.67,44.38,1.2,0.01,0.02,12.4,7.19,9.8,9.09,73.69,0.12,73.11,2.37,219.52,3.2,219.25
2022,4,19,18,0.04,0.04,0.21,2.4,4.58,0.3,0,0,10.26,8.04,9.15,9.7,90.88,0.08,73.12,0.95,224.33,1.69,222.75
2022,4,19,19,0,0,0,0,0,0,0,0,9.47,7.37,8.42,9.22,91.12,0.05,73.16,0.72,239.25,1.28,239.52
2022,4,19,20,0,0,0,0,0,0,0,0,9.13,6.93,8.03,8.97,90.44,0.02,73.2,0.69,276.48,1.13,276.34
2022,4,19,21,0,0,0,0,0,0,0,0,8.53,6.44,7.48,8.67,91.38,0.01,73.22,0.78,317.84,1.26,318.28
2022,4,19,22,0,0,0,0,0,0,0,0,8.12,5.73,6.92,8.3,89.94,0.01,73.21,0.87,339.44,1.42,339.67
2022,4,19,23,0,0,0,0,0,0,0,0,8.23,5.08,6.65,7.93,85.31,0,73.19,0.84,346.61,1.36,347.08
2022,4,20,0,0,0,0,0,0,0,0,0,8.3,4.53,6.41,7.63,81.56,0.01,73.16,0.73,347.01,1.17,348.01
2022,4,20,1,0,0,0,0,0,0,0,0,8.2,4.08,6.14,7.39,79.44,0.02,73.13,0.6,338.75,0.96,340.53
2022,4,20,2,0,0,0,0,0,0,0,0,7.8,3.71,5.76,7.2,79.31,0.02,73.1,0.6,332.1,0.96,334.06
2022,4,20,3,0,0,0,0,0,0,0,0,7.55,3.29,5.41,6.96,78.12,0.01,73.07,0.66,332.53,1.05,334.96
2022,4,20,4,0,0,0,0,0,0,0,0,7.47,2.83,5.15,6.71,75.94,0,73.06,0.77,341.75,1.22,342.49
2022,4,20,5,0,0,0,0,0,0,0,0,7.51,2.34,4.93,6.47,72.88,0,73.07,0.82,350.09,1.26,350.01
2022,4,20,6,0.28,0.27,0.78,30.73,30.48,3.91,0.02,0.08,8.71,3.18,5.94,6.96,72.06,0,73.11,0.63,355.76,1.01,354.69
2022,4,20,7,0.91,0.95,1.83,103.02,109.33,12.39,0.14,0.7,11.55,4.07,7.81,7.51,64.62,0,73.16,0.29,223.92,0.36,227.64
2022,4,20,8,1.44,1.77,2.81,169.7,207.3,21.59,0.43,2.15,13.36,4.18,8.76,7.57,57.69,0.02,73.2,1.84,196.82,2.29,196.83
2022,4,20,9,2.1,2.58,3.63,256.15,306.33,33.96,0.91,4.77,14.81,4.68,9.74,7.81,54.12,0.02,73.22,2.49,198.83,3.13,198.93
2022,4,20,10,2.33,3.13,4.24,287.23,373.27,39.22,1.21,6.12,15.91,5.19,10.55,8.06,52.12,0.03,73.21,2.93,199.93,3.69,199.93
2022,4,20,11,2.52,3.5,4.58,320.2,419.08,44.16,1.52,7.6,16.61,5.71,11.16,8.3,51.5,0.05,73.18,3.46,199.66,4.38,199.7
2022,4,20,12,2.03,3.36,4.64,258.67,397.38,34.68,1.16,5.98,16.64,6.32,11.48,8.67,53.44,0.1,73.14,3.8,202.09,4.83,202.13
2022,4,20,13,2.07,3.14,4.42,258.55,370.2,33.94,1.1,5.52,15.96,6.79,11.37,8.85,57.19,0.21,73.1,3.88,206.05,4.95,206.04
2022,4,20,14,1.65,2.63,3.93,204.92,307.8,26.22,0.76,3.88,14.73,7.14,10.94,9.03,63.06,0.33,73.05,3.76,209.6,4.83,209.55
2022,4,20,15,1.05,1.91,3.19,131.2,219.25,16.12,0.38,1.9,13.58,7.4,10.49,9.22,69,0.49,73.02,3.37,213.06,4.33,213
2022,4,20,16,0.55,1.14,2.28,65.7,128.77,8.03,0.12,0.6,12.73,7.65,10.19,9.34,74,0.6,73.03,2.96,212.73,3.84,212.62
2022,4,20,17,0.25,0.46,1.23,29.62,51.23,3.78,0.02,0.12,11.71,7.94,9.83,9.52,80.75,0.68,73.05,2.38,210.35,3.18,210.09
2022,4,20,18,0.05,0.05,0.22,3.62,5.35,0.47,0,0,10.2,8.75,9.48,10.13,95.25,1.64,73.09,1.13,208.17,1.84,206.78
2022,4,20,19,0,0,0,0,0,0,0,0,9.48,8.64,9.06,10.07,99.44,0.91,73.14,0.82,211.72,1.51,208.82
2022,4,20,20,0,0,0,0,0,0,0,0,8.83,8.04,8.44,9.7,99.75,0.38,73.21,0.62,215.29,1.19,215.67
2022,4,20,21,0,0,0,0,0,0,0,0,8.33,7.53,7.93,9.34,99.88,0.16,73.25,0.55,223.85,0.94,226.01
2022,4,20,22,0,0,0,0,0,0,0,0,7.88,7.23,7.55,9.22,100,0.07,73.25,0.4,255.14,0.65,256.8
2022,4,20,23,0,0,0,0,0,0,0,0,7.17,6.85,7.01,9.03,100,0.04,73.21,0.54,323.3,0.86,322.4
2022,4,21,0,0,0,0,0,0,0,0,0,6.41,6.13,6.27,8.67,100,0.01,73.16,0.8,345.28,1.39,345.34
2022,4,21,1,0,0,0,0,0,0,0,0,6.38,5.27,5.83,8.18,99.62,0.01,73.11,0.89,355.49,1.54,355.36
2022,4,21,2,0,0,0,0,0,0,0,0,6.94,4.66,5.8,7.81,91.69,0,73.08,0.84,1.06,1.41,0.63
2022,4,21,3,0,0,0,0,0,0,0,0,7.36,4.23,5.8,7.57,85.94,0,73.06,0.79,1.7,1.27,1.05
2022,4,21,4,0,0,0,0,0,0,0,0,7.6,3.77,5.69,7.26,81.5,0,73.07,0.73,353.25,1.14,352.53
2022,4,21,5,0,0,0,0,0,0,0,0,7.65,3.36,5.51,7.02,78.69,0,73.09,0.66,347.62,1.04,346.49
2022,4,21,6,0.28,0.3,0.79,32.33,33.5,4.17,0.02,0.08,8.73,4.19,6.46,7.51,77.56,0,73.14,0.53,337.57,0.81,336.66
2022,4,21,7,0.92,1.06,1.85,107.52,122.8,13.62,0.17,0.85,10.67,4.47,7.57,7.75,70.5,0,73.18,0.6,249.44,0.75,250.43
2022,4,21,8,1.62,1.9,2.83,192.1,223.5,25.05,0.52,2.62,12.53,4.55,8.55,7.81,63.19,0,73.22,1.71,214.56,2.14,214.91
2022,4,21,9,2.24,2.65,3.64,270.92,314.45,36.52,1,5.23,14.39,4.62,9.51,7.87,56.38,0,73.24,2.69,207.68,3.42,207.91
2022,4,21,10,2.59,3.21,4.24,318.2,381.15,44.07,1.43,7.1,15.73,5.12,10.43,8.12,53.31,0,73.23,3.52,204.23,4.51,204.44
2022,4,21,11,2.93,3.57,4.59,362.33,426,51.08,1.77,9.2,16.21,5.76,10.98,8.42,53.62,0.01,73.19,3.88,202.9,4.97,203.02
2022,4,21,12,2.8,3.56,4.65,349.8,425,48.89,1.7,8.9,15.74,6.17,10.95,8.61,56.31,0.02,73.14,3.93,204.27,5.08,204.32
2022,4,21,13,2.54,3.33,4.42,314.05,396.3,43.29,1.44,7.35,15.26,6.59,10.92,8.79,59.44,0.04,73.09,3.86,207.6,4.99,207.69
2022,4,21,14,2.14,2.82,3.93,259.42,332.83,34.95,1.03,5.27,15.08,7.41,11.24,9.22,62.69,0.11,73.05,3.84,210.42,4.94,210.37
2022,4,21,15,1.57,2.12,3.2,187,246.52,24.2,0.58,2.92,14.21,7.89,11.05,9.4,67.88,0.17,73.02,3.6,212.24,4.66,212.25
2022,4,21,16,0.96,1.31,2.28,111.05,148.23,14.08,0.23,1.12,13.01,7.94,10.48,9.46,73.56,0.25,73,3.2,216.56,4.19,216.59
2022,4,21,17,0.47,0.54,1.24,53.15,60.35,6.76,0.05,0.23,12,7.98,9.99,9.46,78.88,0.26,73.02,2.7,220.89,3.65,220.75
2022,4,21,18,0.06,0.05,0.22,4.83,6.05,0.66,0,0,10.55,8.4,9.48,9.83,89.94,0.11,73.06,1.53,221.9,2.34,221.35
2022,4,21,19,0,0,0,0,0,0,0,0,9.83,8.27,9.05,9.7,93.5,0.09,73.11,1.25,224.75,2.12,223.81
2022,4,21,20,0,0,0,0,0,0,0,0,9.57,8.05,8.81,9.58,93.62,0.06,73.16,1.08,229.4,1.89,228.19
2022,4,21,21,0,0,0,0,0,0,0,0,9.28,7.58,8.43,9.22,92.19,0.04,73.2,0.89,237.14,1.5,236.48
2022,4,21,22,0,0,0,0,0,0,0,0,9.05,7.29,8.16,9.03,91.88,0.03,73.21,0.76,251.38,1.26,251.11
2022,4,21,23,0,0,0,0,0,0,0,0,8.6,7,7.8,8.91,93,0.02,73.2,0.6,275.19,1.09,272.06
2022,4,22,0,0,0,0,0,0,0,0,0,8.09,6.74,7.41,8.73,94.88,0.02,73.17,0.59,297.58,1.09,293.25
2022,4,22,1,0,0,0,0,0,0,0,0,7.53,6.32,6.92,8.54,96.19,0.01,73.13,0.68,306.08,1.24,302.08
2022,4,22,2,0,0,0,0,0,0,0,0,6.95,5.89,6.42,8.3,97.38,0,73.11,0.71,309.64,1.24,307.81
2022,4,22,3,0,0,0,0,0,0,0,0,6.65,5.53,6.09,8.12,97.19,0,73.09,0.7,316.82,1.23,314.48
2022,4,22,4,0,0,0,0,0,0,0,0,6.53,5.22,5.87,8,96,0,73.1,0.68,319.18,1.2,314.47
2022,4,22,5,0,0,0,0,0,0,0,0,6.23,4.88,5.56,7.81,95.88,0,73.12,0.71,320.36,1.23,316.55
2022,4,22,6,0.29,0.33,0.81,34.2,37.95,4.41,0.02,0.08,7.48,5.44,6.46,8.12,91.69,0,73.16,0.75,315.84,1.27,318.25
2022,4,22,7,0.82,1.09,1.86,97.5,129.33,12.55,0.16,0.8,10.5,5.12,7.81,8,73.88,0,73.21,1.31,285.2,1.67,284.88
2022,4,22,8,1.27,1.94,2.84,154.7,233.3,20.98,0.45,2.25,13.05,4.08,8.56,7.57,59.25,0,73.25,2.47,241.09,3.16,241.22
2022,4,22,9,1.62,2.7,3.65,198.08,326.17,28.12,0.8,4.17,14.9,3.81,9.35,7.51,51.88,0,73.28,3.48,230.56,4.46,230.62
2022,4,22,10,2.1,3.27,4.25,267.12,395.95,38.37,1.27,6.38,16.15,4.52,10.33,7.81,49.75,0,73.28,4.21,227.1,5.41,227.05
2022,4,22,11,2.38,3.63,4.59,306.6,439.23,44.38,1.59,8.02,16.9,5.58,11.24,8.24,50.06,0,73.25,4.62,226.23,5.94,226.23
2022,4,22,12,2.27,3.43,4.65,290.6,410.02,38.82,1.37,7.02,17.36,6.04,11.69,8.48,50.12,0.01,73.2,4.9,227.33,6.32,227.3
2022,4,22,13,2.06,3.19,4.43,257.08,377.98,34.22,1.16,5.83,17.35,6.34,11.84,8.67,51.19,0.02,73.15,4.98,227.29,6.46,227.26
2022,4,22,14,1.54,2.73,3.93,189.85,322.1,25.76,0.77,3.98,16.94,6.43,11.69,8.73,52.75,0.02,73.09,4.9,228.56,6.39,228.57
2022,4,22,15,1.2,2.07,3.2,148.02,242.55,19.27,0.48,2.42,16.2,6.36,11.28,8.67,55,0.02,73.06,4.77,229.11,6.28,229.04
2022,4,22,16,0.74,1.3,2.29,88.15,151.62,11.27,0.19,0.95,15.05,6.33,10.69,8.61,58.88,0.02,73.05,4.42,229.38,5.88,229.37
2022,4,22,17,0.34,0.56,1.25,40.7,64.33,5.11,0.04,0.17,13.38,6.61,9.99,8.73,66.38,0.02,73.07,3.52,229.95,4.8,229.88
2022,4,22,18,0.06,0.06,0.23,5.33,6.75,0.71,0,0.02,11.01,7.31,9.16,9.16,81.62,0.05,73.1,1.72,231.1,2.76,230.86
2022,4,22,19,0,0,0,0,0,0,0,0,9.7,7.21,8.46,9.09,88.31,0.05,73.13,1.14,230.85,2.3,230.92
2022,4,22,20,0,0,0,0,0,0,0,0,8.95,6.78,7.87,8.79,89.94,0.04,73.17,1.02,234.36,2.24,234.21
2022,4,22,21,0,0,0,0,0,0,0,0,8.45,6.32,7.39,8.48,89.94,0.04,73.2,0.99,239.58,2.08,239.29
2022,4,22,22,0,0,0,0,0,0,0,0,8.23,5.83,7.04,8.24,88.31,0.04,73.2,0.98,246.5,1.85,246.67
2022,4,22,23,0,0,0,0,0,0,0,0,8.1,5.42,6.76,8,86.5,0.03,73.18,0.92,257.26,1.64,257.03
2022,4,23,0,0,0,0,0,0,0,0,0,7.83,5.05,6.44,7.81,85.94,0.02,73.14,0.83,272.7,1.44,271.25
2022,4,23,1,0,0,0,0,0,0,0,0,7.32,4.71,6.01,7.63,87,0.01,73.1,0.78,291.16,1.38,287.51
2022,4,23,2,0,0,0,0,0,0,0,0,6.74,4.32,5.53,7.45,88.19,0.01,73.08,0.8,307.43,1.43,303.86
2022,4,23,3,0,0,0,0,0,0,0,0,6.21,3.87,5.05,7.2,88.62,0,73.06,0.87,317.55,1.6,315
2022,4,23,4,0,0,0,0,0,0,0,0,5.76,3.37,4.56,6.96,88.25,0,73.06,0.93,325.24,1.73,323.8
2022,4,23,5,0,0,0,0,0,0,0,0,5.22,2.62,3.92,6.59,87.31,0,73.08,1.02,331.07,1.89,330.58
2022,4,23,6,0.45,0.45,0.83,50.45,52.27,5.78,0.02,0.1,6.89,3.44,5.16,7.14,83.94,0,73.11,1.04,331.11,1.82,334.64
2022,4,23,7,1.25,1.31,1.87,145.92,155.2,17.91,0.22,1.08,10.4,2.18,6.29,6.65,61.62,0,73.15,1.5,298.71,1.96,299.32
2022,4,23,8,2.15,2.18,2.85,255.8,260.73,33.89,0.7,3.45,13.12,0.08,6.59,5.68,44.31,0,73.19,2.61,248.8,3.36,248.87
2022,4,23,9,2.9,2.94,3.66,347.8,350.17,48.02,1.33,6.7,15.21,-0.68,7.26,5.37,36.44,0,73.2,3.69,236.65,4.76,236.73
2022,4,23,10,3.38,3.5,4.26,409.08,415.95,57.95,1.88,9.75,16.69,-0.37,8.16,5.43,33.56,0,73.19,4.56,230.56,5.89,230.54
2022,4,23,11,3.57,3.82,4.6,436.4,453.35,62.71,2.2,11.67,17.48,0.66,9.07,5.8,33.88,0,73.17,5.03,228.34,6.52,228.3
2022,4,23,12,3.33,3.79,4.66,406.67,446.52,57.77,2.03,10.75,17.87,1.73,9.8,6.16,35.19,0,73.12,5.2,229.57,6.75,229.51
2022,4,23,13,3.11,3.58,4.43,375.05,422.73,53.13,1.77,9.27,18.01,2.51,10.26,6.47,36.5,0.01,73.07,5.21,231.33,6.77,231.37
2022,4,23,14,2.74,3.13,3.94,327.1,368.8,45.5,1.36,6.98,17.88,2.76,10.32,6.53,37.25,0.01,73.01,5.04,233.82,6.57,233.85
2022,4,23,15,2.08,2.44,3.21,246.27,286.6,33.33,0.8,4.02,17.43,2.4,9.92,6.35,37.25,0.02,72.97,4.79,235.3,6.29,235.32
2022,4,23,16,1.33,1.61,2.29,154.62,188.02,20.04,0.33,1.6,16.45,1.81,9.13,6.1,38,0.02,72.95,4.35,237.17,5.8,237.14
2022,4,23,17,0.67,0.77,1.26,76.62,88.6,9.32,0.06,0.33,14.57,2.23,8.4,6.35,44.5,0.02,72.97,3.11,238.79,4.3,238.73
2022,4,23,18,0.09,0.08,0.23,7.67,8.7,1.02,0,0.02,10.73,4.01,7.37,7.26,65.69,0.02,73,1.25,242.47,2.45,242.29
2022,4,23,19,0,0,0,0,0,0,0,0,9.09,2.8,5.94,6.59,66.81,0.01,73.06,1.09,256.26,2.13,255.76
2022,4,23,20,0,0,0,0,0,0,0,0,8.94,1.95,5.44,6.16,63,0.01,73.12,1.03,278.75,1.83,279.1
2022,4,23,21,0,0,0,0,0,0,0,0,8.65,1.39,5.02,5.86,61.5,0.01,73.14,1,309.63,1.77,309.81
2022,4,23,22,0,0,0,0,0,0,0,0,8.19,1.09,4.64,5.74,62.12,0,73.13,1.04,325.36,1.84,324.35
2022,4,23,23,0,0,0,0,0,0,0,0,7.87,0.89,4.37,5.68,62.62,0,73.09,1.05,329.25,1.84,327.87
2022,4,24,0,0,0,0,0,0,0,0,0,7.58,0.78,4.18,5.68,63.38,0,73.05,1.06,329.47,1.84,327.99
2022,4,24,1,0,0,0,0,0,0,0,0,7.23,0.62,3.92,5.62,64.19,0,73,1.08,331.03,1.87,329.69
2022,4,24,2,0,0,0,0,0,0,0,0,6.82,0.39,3.6,5.49,65,0,72.96,1.11,333.25,1.96,332.21
2022,4,24,3,0,0,0,0,0,0,0,0,6.27,0.11,3.19,5.37,66.19,0,72.92,1.16,338.27,2.11,336.94
2022,4,24,4,0,0,0,0,0,0,0,0,5.6,-0.29,2.65,5.25,67.5,0,72.91,1.22,344.36,2.28,342.87
2022,4,24,5,0,0,0,0,0,0,0,0,5.1,-0.71,2.19,5.13,67.94,0,72.93,1.27,344.68,2.43,343.37
2022,4,24,6,0.52,0.53,0.85,57.33,59.4,6.3,0.02,0.12,6.83,1.08,3.96,5.98,70.31,0,72.96,1.35,335.67,2.47,338.7
2022,4,24,7,1.37,1.4,1.89,156.83,163.25,19.38,0.23,1.17,11.14,-0.06,5.54,5.55,49.06,0,73,1.89,316.01,2.58,316.97
2022,4,24,8,2.28,2.28,2.86,266.08,266.77,35.62,0.74,3.67,14.42,-2.37,6.02,4.64,33,0,73.03,2.58,270.17,3.36,270
2022,4,24,9,3.02,3.03,3.67,356.38,355.25,49.8,1.38,6.98,16.87,-3.2,6.83,4.33,26.38,0,73.05,3.58,247.29,4.65,247.18
2022,4,24,10,3.47,3.58,4.27,412.77,419.33,58.88,1.92,10,18.33,-2.85,7.74,4.39,24.38,0,73.05,4.37,236.08,5.66,236.09
2022,4,24,11,3.73,3.89,4.6,449.7,456.02,64.68,2.28,12.1,19.1,-2.56,8.27,4.46,23.44,0,73.03,4.88,231.17,6.35,231.2
2022,4,24,12,3.5,3.82,4.66,421.8,445.1,59.54,2.08,11.05,19.39,-2.08,8.65,4.58,23.81,0,73,5.08,228.24,6.61,228.26
2022,4,24,13,3.24,3.56,4.44,384,414.67,53.53,1.77,9.25,19.31,-1.75,8.78,4.7,24.44,0,72.95,5.11,227.23,6.65,227.29
2022,4,24,14,2.78,3.08,3.94,326.62,357.83,44.6,1.3,6.7,18.86,-1.61,8.62,4.76,25.44,0,72.91,4.97,228.12,6.49,228.17
2022,4,24,15,2.18,2.43,3.21,254.3,282.95,34.03,0.8,4.02,18.05,-1.61,8.22,4.76,26.81,0,72.88,4.7,228.71,6.17,228.75
2022,4,24,16,1.4,1.6,2.3,160.15,184.23,20.34,0.33,1.6,16.84,-1.63,7.6,4.76,28.88,0,72.87,4.2,229.76,5.59,229.88
2022,4,24,17,0.64,0.73,1.26,71.83,82.33,8.7,0.06,0.3,14.75,0.49,7.62,5.68,39.69,0,72.88,2.73,227.32,3.85,227.22
2022,4,24,18,0.09,0.08,0.24,7.7,8.23,1.03,0,0.02,10.92,2.81,6.87,6.71,60.25,0,72.92,1.18,227.14,2.35,227.02
2022,4,24,19,0,0,0,0,0,0,0,0,9.96,0.76,5.36,5.74,54.56,0,72.98,1.07,236.89,1.87,236.91
2022,4,24,20,0,0,0,0,0,0,0,0,10.14,-0.42,4.86,5.19,49,0,73.04,0.81,264.45,1.25,264.25
2022,4,24,21,0,0,0,0,0,0,0,0,9.52,-0.68,4.42,5.07,50,0,73.08,0.77,316.64,1.19,316.33
2022,4,24,22,0,0,0,0,0,0,0,0,8.66,-0.77,3.94,5.07,52.69,0,73.08,0.93,339.89,1.5,339.2
2022,4,24,23,0,0,0,0,0,0,0,0,7.95,-0.95,3.5,5,54.69,0,73.06,1.01,348.43,1.66,347.53
2022,4,25,0,0,0,0,0,0,0,0,0,7.31,-1.22,3.05,4.88,56.12,0,73.02,1.08,349.99,1.81,349.08
2022,4,25,1,0,0,0,0,0,0,0,0,6.74,-1.49,2.62,4.82,57.38,0,72.98,1.13,351.65,1.95,350.76
2022,4,25,2,0,0,0,0,0,0,0,0,6.31,-1.78,2.26,4.7,57.81,0,72.95,1.17,352.3,2.04,351.4
2022,4,25,3,0,0,0,0,0,0,0,0,5.92,-2.06,1.93,4.64,58.19,0,72.92,1.2,351.76,2.12,350.88
2022,4,25,4,0,0,0,0,0,0,0,0,5.51,-2.31,1.6,4.58,58.81,0,72.91,1.22,354.51,2.22,353.93
2022,4,25,5,0,0,0,0,0,0,0,0,5.3,-2.59,1.36,4.46,58.38,0,72.93,1.24,356.38,2.26,356.04
2022,4,25,6,0.46,0.48,0.87,49.98,53.08,5.87,0.02,0.12,7,-0.56,3.22,5.31,61.81,0,72.97,1.13,350.41,2.11,353.82
2022,4,25,7,1.32,1.34,1.9,150.2,155.02,18.46,0.23,1.15,11.05,-2.2,4.43,4.76,42.25,0,73.02,1.47,339.84,2,341.78
2022,4,25,8,2.22,2.23,2.87,259.85,261.25,34.53,0.73,3.6,14.19,-3.63,5.28,4.15,30.06,0,73.07,1.94,259.78,2.45,259.55
2022,4,25,9,2.98,2.99,3.68,353.02,351.8,49.05,1.38,6.92,16.16,-3.17,6.5,4.21,27,0,73.1,3.14,233.82,4.04,233.82
2022,4,25,10,3.44,3.54,4.27,411.17,417.23,58.56,1.92,10.05,17.55,-2.15,7.7,4.52,26.56,0,73.11,3.86,225.74,4.96,225.77
2022,4,25,11,3.7,3.84,4.61,449.6,453.6,64.46,2.29,12.2,18.35,-1.45,8.44,4.76,26.44,0,73.09,4.53,221.22,5.85,221.21
2022,4,25,12,3.43,3.68,4.67,414.8,430.67,57.23,1.99,10.65,18.61,-0.77,8.92,5,27.31,0,73.06,4.82,220.01,6.23,219.96
2022,4,25,13,3.09,3.43,4.44,369.5,402.48,50.75,1.66,8.75,18.51,-0.31,9.11,5.19,28.38,0,73.03,4.78,220.09,6.17,220.07
2022,4,25,14,2.66,2.96,3.95,315.5,346.05,42.42,1.25,6.42,18.2,-0.26,8.98,5.19,29,0,73,4.58,221.41,5.92,221.41
2022,4,25,15,2.01,2.27,3.22,235.95,265.2,30.89,0.73,3.73,17.54,-0.49,8.52,5.07,29.69,0,72.98,4.24,222.16,5.5,222.24
2022,4,25,16,1.26,1.46,2.31,144.67,168.5,18.23,0.3,1.48,16.45,-0.74,7.86,5,31.31,0,72.97,3.78,223.83,4.98,223.79
2022,4,25,17,0.61,0.65,1.27,68.5,73.58,8.42,0.06,0.3,14.47,1.16,7.82,5.92,41.94,0,73,2.49,225.25,3.47,224.91
2022,4,25,18,0.08,0.07,0.25,7,7.85,0.95,0,0.02,10.92,2.99,6.95,6.77,60.75,0.02,73.05,1.11,226.99,2.14,226.77
2022,4,25,19,0,0,0,0,0,0,0,0,9.97,0.76,5.36,5.68,54.19,0.01,73.11,0.95,240.9,1.63,240.73
2022,4,25,20,0,0,0,0,0,0,0,0,9.71,-0.02,4.85,5.31,51.75,0,73.18,0.75,280.25,1.19,279.83
2022,4,25,21,0,0,0,0,0,0,0,0,8.76,0.08,4.42,5.37,55.69,0,73.23,0.85,320.19,1.4,319.09
2022,4,25,22,0,0,0,0,0,0,0,0,7.84,0.05,3.94,5.37,59.38,0,73.24,0.98,336.08,1.68,335.34
2022,4,25,23,0,0,0,0,0,0,0,0,7.06,-0.28,3.39,5.25,61.44,0,73.21,1.04,342.93,1.88,342.32
2022,4,26,0,0,0,0,0,0,0,0,0,6.48,-0.72,2.88,5.13,62.25,0,73.16,1.08,346.17,2.02,345.91
2022,4,26,1,0,0,0,0,0,0,0,0,6.1,-1.1,2.5,5,62.12,0.02,73.12,1.12,344.22,2.13,344.03
2022,4,26,2,0,0,0,0,0,0,0,0,5.81,-1.42,2.19,4.88,61.75,0.02,73.08,1.14,343.68,2.18,343.77
2022,4,26,3,0,0,0,0,0,0,0,0,5.54,-1.67,1.94,4.76,61.69,0.02,73.05,1.16,345.59,2.24,345.67
2022,4,26,4,0,0,0,0,0,0,0,0,5.34,-1.89,1.73,4.7,61.25,0,73.05,1.19,348.62,2.29,349
2022,4,26,5,0,0,0,0,0,0,0,0,5.28,-2.12,1.58,4.58,60.31,0,73.06,1.22,351.14,2.32,351.49
2022,4,26,6,0.44,0.46,0.89,49.9,53.23,5.83,0.02,0.12,7.02,-0.16,3.43,5.43,63.19,0,73.09,1.2,347.23,2.25,351.42
2022,4,26,7,1.22,1.27,1.91,141.95,150.92,17.17,0.21,1.02,10.91,-1.27,4.82,5.07,45.69,0,73.13,1.59,335.95,2.21,338.42
2022,4,26,8,2.07,2.13,2.88,247.15,254.65,32.03,0.65,3.23,14.07,-3.2,5.43,4.33,31.69,0,73.16,1.56,270.29,1.97,270.23
2022,4,26,9,2.74,2.85,3.69,332.77,342.92,44.9,1.2,6.12,16.25,-2.97,6.64,4.39,27.75,0,73.18,2.92,231.96,3.72,231.9
2022,4,26,10,3.32,3.38,4.28,405.23,407.42,55.57,1.73,8.98,17.49,-2.13,7.68,4.64,27.12,0,73.18,3.86,223.85,4.93,223.91
2022,4,26,11,3.31,3.75,4.62,408.98,445.77,57.98,2.02,10.5,18.08,-1.24,8.42,4.88,27.75,0,73.17,4.58,220.29,5.87,220.3
2022,4,26,12,2.97,3.53,4.67,361.02,413.73,48.73,1.65,8.67,18.09,-0.26,8.92,5.25,29.56,0,73.15,4.93,220.43,6.34,220.4
2022,4,26,13,2.77,3.31,4.45,333.52,387.12,44.64,1.44,7.45,17.77,0.68,9.23,5.62,32.19,0.05,73.12,4.95,222.83,6.39,222.82
2022,4,26,14,2.41,2.84,3.95,286.17,331.33,37.46,1.09,5.55,17.26,1.31,9.29,5.86,34.81,0.24,73.1,4.8,226.25,6.21,226.22
2022,4,26,15,1.74,2.17,3.23,206.1,251.85,26.44,0.62,3.15,16.52,1.55,9.04,5.98,37.12,0.24,73.08,4.46,230.82,5.82,230.78
2022,4,26,16,1.02,1.41,2.31,119.35,163.62,14.61,0.23,1.15,15.41,1.72,8.57,6.04,40.38,0.17,73.07,3.93,235.36,5.18,235.26
2022,4,26,17,0.46,0.61,1.28,53.23,68.98,6.47,0.05,0.23,13.65,3.36,8.51,6.9,51.88,0.11,73.08,2.62,239.77,3.65,239.27
2022,4,26,18,0.08,0.07,0.25,6.83,7.7,0.9,0,0.02,10.86,4.78,7.82,7.75,69.94,0.29,73.11,1.24,244.24,2.17,242.97
2022,4,26,19,0,0,0,0,0,0,0,0,9.74,3.41,6.58,6.9,66.94,0.23,73.16,0.96,258.69,1.76,259.24
2022,4,26,20,0,0,0,0,0,0,0,0,9.23,3.02,6.12,6.65,67.19,0.14,73.21,0.97,284.48,1.77,284.04
2022,4,26,21,0,0,0,0,0,0,0,0,8.75,2.82,5.79,6.59,68.38,0.11,73.24,1,305.8,1.82,304.31
2022,4,26,22,0,0,0,0,0,0,0,0,8.21,2.65,5.44,6.53,70.06,0.11,73.23,1.02,313.13,1.86,311.93
2022,4,26,23,0,0,0,0,0,0,0,0,7.94,2.44,5.19,6.41,70.19,0.1,73.21,1.04,316.52,1.85,316.2
2022,4,27,0,0,0,0,0,0,0,0,0,7.47,2.2,4.83,6.29,71.06,0.1,73.16,1.02,321.55,1.86,320.1
2022,4,27,1,0,0,0,0,0,0,0,0,6.96,1.94,4.45,6.16,72.19,0.25,73.1,1.03,325.83,1.93,324.38
2022,4,27,2,0,0,0,0,0,0,0,0,6.58,1.73,4.15,6.04,72.94,0.24,73.06,1.06,327.01,1.99,326.19
2022,4,27,3,0,0,0,0,0,0,0,0,6.46,1.43,3.94,5.92,71.94,0.22,73.04,1.05,330.57,1.94,329.83
2022,4,27,4,0,0,0,0,0,0,0,0,6.4,1.07,3.74,5.8,70.38,0.02,73.04,1.04,334.78,1.89,333.75
2022,4,27,5,0,0,0,0,0,0,0,0,6.48,0.62,3.55,5.62,67.75,0.01,73.06,1.04,334.59,1.81,334.21
2022,4,27,6,0.38,0.38,0.91,41.9,43.05,5.22,0.02,0.1,7.9,2.31,5.1,6.47,70.88,0.01,73.1,0.96,324.89,1.69,328.44
2022,4,27,7,1.06,1.1,1.92,119.27,125.25,14.46,0.16,0.83,11.23,1.97,6.59,6.29,55.31,0.03,73.13,1.25,297.53,1.72,299.36
2022,4,27,8,1.76,1.95,2.89,205.4,227.8,26.35,0.52,2.58,13.68,0.18,6.93,5.43,40.56,0.04,73.15,2.08,247.96,2.7,247.89
2022,4,27,9,2.46,2.7,3.7,293.52,318.02,38.98,1.02,5.25,15.11,-0.16,7.48,5.25,35.88,0.04,73.16,3.05,232.4,3.95,232.31
2022,4,27,10,3.03,3.25,4.29,363.7,384.83,49.51,1.48,7.62,16.17,0.24,8.2,5.43,34.5,0.08,73.15,3.78,228.6,4.89,228.62
2022,4,27,11,3.2,3.55,4.62,394.23,421.77,53.82,1.75,9.1,16.86,0.54,8.7,5.49,33.62,0.16,73.12,4.27,226.34,5.54,226.31
2022,4,27,12,2.57,3.4,4.68,318.1,402.45,42.05,1.38,7.05,17.15,0.8,8.98,5.62,33.56,0.34,73.07,4.48,226.77,5.84,226.74
2022,4,27,13,2.43,3.17,4.45,297.5,374.17,39.21,1.21,6.15,17.18,0.87,9.02,5.62,33.62,0.42,73.02,4.42,228.73,5.75,228.69
2022,4,27,14,1.99,2.68,3.96,241.05,315.8,31.12,0.85,4.35,16.91,0.92,8.91,5.68,34.31,0.72,72.97,4.13,230.37,5.4,230.34
2022,4,27,15,1.18,2.01,3.23,145.38,234.7,18.33,0.41,2.12,16.15,0.99,8.58,5.68,36.19,0.83,72.95,3.66,229.07,4.83,229.07
2022,4,27,16,0.81,1.28,2.32,99.62,148.65,12.3,0.2,0.98,15.12,1.42,8.27,5.86,39.94,0.62,72.96,2.98,228.19,4.01,228.16
2022,4,27,17,0.3,0.53,1.29,36.33,60.83,4.35,0.03,0.15,13.5,3.03,8.26,6.65,50.44,0.13,72.98,1.89,225.67,2.73,225.35
2022,4,27,18,0.07,0.06,0.26,6.25,7.05,0.79,0,0.02,11.14,4.83,7.99,7.69,68,0,73.03,0.98,219.81,1.74,219.18
2022,4,27,19,0,0,0,0,0,0,0,0,10.56,2.3,6.43,6.29,57.81,0,73.09,0.69,222.23,1.08,222.36
2022,4,27,20,0,0,0,0,0,0,0,0,10.48,0.9,5.69,5.68,52.38,0,73.15,0.33,289.29,0.47,290.56
2022,4,27,21,0,0,0,0,0,0,0,0,9.9,1.23,5.57,5.86,56.25,0,73.19,0.67,357.34,1,357.76
2022,4,27,22,0,0,0,0,0,0,0,0,9.57,1.4,5.48,5.98,58.94,0,73.2,0.78,5.19,1.22,5.89
2022,4,27,23,0,0,0,0,0,0,0,0,9.46,0.5,4.98,5.68,56.06,0,73.2,0.81,1.67,1.27,3.53
2022,4,28,0,0,0,0,0,0,0,0,0,9.23,-0.57,4.33,5.25,52.94,0,73.18,0.81,352.81,1.29,354.77
2022,4,28,1,0,0,0,0,0,0,0,0,9.07,-1.31,3.88,5,51.06,0.21,73.15,0.8,344.05,1.26,346.74
2022,4,28,2,0,0,0,0,0,0,0,0,8.86,-1.79,3.53,4.88,50.44,0.21,73.13,0.79,339.25,1.26,341.9
2022,4,28,3,0,0,0,0,0,0,0,0,8.69,-2.22,3.24,4.76,49.75,0.21,73.14,0.78,344.29,1.24,347.28
2022,4,28,4,0,0,0,0,0,0,0,0,8.55,-2.71,2.92,4.64,48.69,0,73.17,0.77,349.49,1.22,352.28
2022,4,28,5,0.03,0.01,0.05,1.2,1.25,0.17,0,0,8.42,-3.27,2.58,4.46,47.25,0,73.21,0.82,354.02,1.31,356.92
2022,4,28,6,0.37,0.38,0.88,41.38,43.27,5.12,0.02,0.1,9.4,-0.94,4.23,5.37,53.31,0,73.25,0.73,359.39,1.24,1.44
2022,4,28,7,1.05,1.18,1.94,122.58,139.2,15.22,0.2,0.95,12.68,-1.45,5.62,5.19,41.75,0,73.31,0.42,320.33,0.58,327.17
2022,4,28,8,1.86,2.06,2.9,223.73,246.3,29.04,0.61,3.05,14.83,-2.41,6.22,4.76,33.12,0,73.34,1.55,209.92,1.96,210.14
2022,4,28,9,2.43,2.81,3.7,296.9,338.27,40.68,1.12,5.83,16.11,-1.76,7.17,4.88,31.31,0,73.36,2.63,205.88,3.35,205.85
2022,4,28,10,2.98,3.36,4.29,366.3,405.23,51.11,1.65,8.33,17.23,-0.56,8.33,5.25,31.5,0,73.35,3.27,206.69,4.18,206.66
2022,4,28,11,3.32,3.67,4.63,416.02,442.52,57.8,2.01,10.35,17.91,0.47,9.19,5.62,32.19,0,73.32,3.86,207.7,4.95,207.74
2022,4,28,12,2.67,3.41,4.68,329.6,401.58,42.53,1.46,7.52,18.17,1.38,9.77,5.98,33.56,0,73.29,4.22,210.13,5.41,210.16
2022,4,28,13,2.17,3.16,4.45,264.52,367.58,34.58,1.12,5.67,18.11,2.23,10.16,6.29,35.44,0.02,73.24,4.29,212.5,5.51,212.5
2022,4,28,14,1.88,2.72,3.96,229.67,315.88,28.79,0.84,4.35,17.7,2.77,10.23,6.47,37.56,0.09,73.19,4.13,215.53,5.3,215.52
2022,4,28,15,1.4,2.04,3.23,167.98,234.25,20.58,0.48,2.5,17.04,2.85,9.94,6.53,39.31,0.18,73.16,3.82,217.36,4.94,217.36
2022,4,28,16,0.82,1.24,2.33,94.77,138.9,11.41,0.19,0.92,15.94,2.77,9.36,6.47,41.94,0.23,73.16,3.37,218.41,4.43,218.27
2022,4,28,17,0.37,0.52,1.3,41.77,57.2,4.99,0.04,0.17,14.1,3.98,9.04,7.14,52.19,0.43,73.19,2.25,220.92,3.14,220.26
2022,4,28,18,0.07,0.06,0.26,5.98,6.85,0.7,0,0,11.27,5.34,8.3,8,70.25,0.05,73.24,1.01,226.26,1.8,225.53
2022,4,28,19,0,0,0,0,0,0,0,0,10.38,3.62,7.01,6.96,65,0.05,73.29,0.71,248.78,1.23,249.95
2022,4,28,20,0,0,0,0,0,0,0,0,9.71,3.24,6.48,6.77,66.25,0.03,73.34,0.7,302.28,1.18,300.64
2022,4,28,21,0,0,0,0,0,0,0,0,8.62,2.96,5.79,6.71,70.19,0.02,73.37,0.92,323.62,1.58,322.05
2022,4,28,22,0,0,0,0,0,0,0,0,7.94,2.51,5.23,6.47,71.31,0.01,73.36,1,332.43,1.74,331.25
2022,4,28,23,0,0,0,0,0,0,0,0,7.46,1.96,4.71,6.23,71,0,73.32,1.05,338.2,1.86,336.77
2022,4,29,0,0,0,0,0,0,0,0,0,7.12,1.32,4.22,5.98,69.44,0,73.27,1.1,340.92,1.97,340.06
2022,4,29,1,0,0,0,0,0,0,0,0,6.89,0.65,3.76,5.68,67.19,0,73.21,1.13,342.69,2.04,341.7
2022,4,29,2,0,0,0,0,0,0,0,0,6.73,0.12,3.42,5.49,65.19,0,73.17,1.16,344.37,2.1,343.38
2022,4,29,3,0,0,0,0,0,0,0,0,6.75,-0.37,3.19,5.25,62.69,0,73.14,1.18,345.04,2.11,344.11
2022,4,29,4,0,0,0,0,0,0,0,0,6.94,-0.82,3.05,5.07,59.62,0,73.14,1.19,344.78,2.08,344.29
2022,4,29,5,0.03,0.01,0.06,1.33,1.38,0.19,0,0,7.23,-1.25,2.99,4.88,56.31,0,73.17,1.18,344.58,1.99,344.05
2022,4,29,6,0.36,0.38,0.89,40.83,42.9,5.12,0.02,0.1,8.97,0.65,4.8,5.62,57.81,0,73.21,1.04,340.75,1.74,341.4
2022,4,29,7,1.01,1.14,1.95,116.8,131.2,14.47,0.19,0.92,12.44,1.12,6.77,5.86,47.81,0,73.25,1.08,298.97,1.44,299.63
2022,4,29,8,1.69,1.96,2.91,200.42,229.15,25.97,0.56,2.83,14.76,1.06,7.9,5.8,40.69,0,73.27,2.02,237.97,2.57,237.9
2022,4,29,9,2.21,2.72,3.71,267.02,321.05,36.03,1.01,5.27,16.31,1.64,8.98,6.1,38.44,0,73.28,2.89,220.72,3.69,220.71
2022,4,29,10,2.7,3.21,4.3,325.12,378.62,44.09,1.41,7.23,17.38,2.8,10.09,6.59,39.12,0,73.26,3.54,213.02,4.54,213.06
2022,4,29,11,2.58,3.59,4.63,325.12,425.83,45.34,1.6,8.25,17.87,3.8,10.83,7.14,40.75,0.01,73.24,4.07,209.08,5.24,209.01
2022,4,29,12,2.01,3.25,4.68,247.65,375.1,30.94,1.06,5.48,17.75,4.73,11.24,7.63,43.94,0.03,73.2,4.2,208.95,5.41,208.93
2022,4,29,13,1.48,2.98,4.46,184.2,341,22.67,0.73,3.65,17.27,5.56,11.42,8.06,47.94,0.09,73.14,3.95,212.25,5.07,212.3
2022,4,29,14,0.66,2.47,3.96,84.08,279.85,10.09,0.28,1.45,16.65,6.05,11.35,8.36,51.69,0.2,73.08,3.62,215.16,4.65,215.21
2022,4,29,15,0.62,1.81,3.24,77.58,200.58,9.27,0.22,1.12,15.55,6.63,11.08,8.73,57.5,0.28,73.04,3.23,214.65,4.16,214.67
2022,4,29,16,0.43,1.08,2.33,50.48,116.95,5.86,0.1,0.5,14.46,7.02,10.74,8.91,63.25,0.19,73.01,2.82,215.63,3.67,215.55
2022,4,29,17,0.28,0.44,1.3,32.73,46.95,3.67,0.03,0.15,13.4,7.72,10.56,9.4,71.25,0.15,73,2.13,215.9,2.91,215.61
2022,4,29,18,0.06,0.06,0.27,4.7,5.98,0.55,0,0,11.73,8.74,10.23,10.19,86,0.1,73.02,1.03,214.78,1.82,212.53
2022,4,29,19,0,0,0,0,0,0,0,0,11.08,8.39,9.74,9.89,87.31,0.06,73.06,0.85,214.86,1.57,211.79
2022,4,29,20,0,0,0,0,0,0,0,0,10.95,8.01,9.48,9.58,85.5,0.04,73.1,0.76,217.46,1.3,216.18
2022,4,29,21,0,0,0,0,0,0,0,0,10.75,7.57,9.15,9.28,83.88,0.04,73.12,0.68,233,1.12,233.53
2022,4,29,22,0,0,0,0,0,0,0,0,10.41,7.23,8.82,9.03,83.81,0.04,73.12,0.59,255.41,1.02,256.71
2022,4,29,23,0,0,0,0,0,0,0,0,9.98,6.97,8.47,8.91,84.81,0.05,73.09,0.57,279.46,1.03,277.88
2022,4,30,0,0,0,0,0,0,0,0,0,9.6,6.74,8.17,8.79,85.81,0.05,73.05,0.57,301.5,1.01,297.16
2022,4,30,1,0,0,0,0,0,0,0,0,9.23,6.51,7.87,8.67,86.62,0.03,73.01,0.59,312.84,1.03,306.35
2022,4,30,2,0,0,0,0,0,0,0,0,8.78,6.26,7.51,8.48,87.75,0.02,72.98,0.62,316.02,1.1,310.38
2022,4,30,3,0,0,0,0,0,0,0,0,8.29,5.94,7.12,8.3,88.81,0.01,72.98,0.66,325.18,1.16,320.19
2022,4,30,4,0,0,0,0,0,0,0,0,7.58,5.42,6.5,8.06,90.38,0.01,73,0.75,329.44,1.32,328.28
2022,4,30,5,0.02,0.01,0.06,0.95,1.27,0.13,0,0,6.99,4.83,5.9,7.75,90.75,0.01,73.04,0.85,335.08,1.53,335.53
2022,4,30,6,0.21,0.3,0.9,24.73,34.45,2.86,0.02,0.08,8.17,5.31,6.74,8.12,87.75,0.01,73.1,0.84,332.72,1.51,338.09
2022,4,30,7,0.43,0.98,1.96,55.42,111.38,7.02,0.09,0.48,11.03,5.3,8.16,8.18,72.56,0,73.16,1.03,308.86,1.33,310.71
2022,4,30,8,0.82,1.75,2.92,105.08,203.38,13.34,0.29,1.45,13.4,4.3,8.85,7.45,56.75,0.01,73.19,1.7,239.08,2.14,239.04
2022,4,30,9,0.79,2.47,3.72,108.75,289.6,14.06,0.38,2.02,15.12,3.75,9.44,7.08,48.25,0.02,73.2,2.59,222.44,3.28,222.39
2022,4,30,10,0.63,3.01,4.3,93.17,354.05,12.05,0.36,1.77,16.42,3.83,10.12,7.08,44.38,0.06,73.19,3.38,214.54,4.31,214.44
2022,4,30,11,0.58,3.29,4.63,90.35,387.98,11.58,0.38,1.9,17.05,4.21,10.62,7.26,43.75,0.19,73.15,4.03,209.99,5.18,209.85
2022,4,30,12,0.74,3.23,4.69,108.1,379.15,13.9,0.44,2.25,17.01,4.75,10.88,7.57,45.5,0.39,73.1,4.48,207.86,5.78,207.78
2022,4,30,13,0.77,2.91,4.46,108.15,335.38,13.57,0.41,2.05,16.37,5.38,10.87,7.93,49.62,0.92,73.05,4.58,208.4,5.92,208.25
2022,4,30,14,0.85,2.38,3.97,112.98,271.4,13.91,0.39,2,15.4,6.01,10.7,8.3,55.44,1.41,73,4.32,209.35,5.61,209.17
2022,4,30,15,0.52,1.7,3.24,69.52,190.33,8.48,0.2,1,14.29,6.65,10.47,8.73,62.62,1.45,72.96,3.67,209.62,4.76,209.47
2022,4,30,16,0.42,1.01,2.34,51.17,111.6,6.31,0.1,0.52,13.28,7.16,10.23,9.09,69.69,0.97,72.95,2.93,210.26,3.81,210.14
2022,4,30,17,0.32,0.42,1.31,37.95,46.8,4.52,0.03,0.17,12.12,7.64,9.88,9.52,78.31,0.41,72.97,2.07,212.67,2.75,211.88
2022,4,30,18,0.06,0.05,0.28,5.48,5.98,0.66,0,0,10.65,8.67,9.66,10.31,93.88,0.05,73.01,1,220.55,1.5,216.09
2022,4,30,19,0,0,0,0,0,0,0,0,10,7.98,8.99,9.7,92.38,0.01,73.07,0.56,219.29,0.84,217.08
2022,4,30,20,0,0,0,0,0,0,0,0,9.76,7.61,8.68,9.46,91.38,0.01,73.14,0.22,274.09,0.41,272.2
2022,4,30,21,0,0,0,0,0,0,0,0,8.94,7.35,8.15,9.28,95.06,0,73.17,0.48,321.63,0.83,317.29
2022,4,30,22,0,0,0,0,0,0,0,0,8.27,6.87,7.58,9.03,96.69,0,73.16,0.65,326.69,1.16,327.91
2022,4,30,23,0,0,0,0,0,0,0,0,8.09,6.29,7.19,8.73,94.5,0,73.13,0.69,332.27,1.22,335.74
2022,5,1,0,0,0,0,0,0,0,0,0,8.11,5.69,6.9,8.42,90.81,0,73.08,0.65,335.9,1.14,340.32
2022,5,1,1,0,0,0,0,0,0,0,0,8.12,5.16,6.64,8.12,87.44,0,73.03,0.63,335.97,1.06,339.69
2022,5,1,2,0,0,0,0,0,0,0,0,8.08,4.63,6.35,7.81,84.5,0,72.99,0.72,338.2,1.15,340.58
2022,5,1,3,0,0,0,0,0,0,0,0,8.04,4.11,6.07,7.51,81.81,0,72.97,0.77,341.01,1.24,342.71
2022,5,1,4,0,0,0,0,0,0,0,0,8.27,3.57,5.92,7.26,77.69,0,72.97,0.75,340.43,1.17,341.32
2022,5,1,5,0.02,0.01,0.07,1.33,1.3,0.18,0,0,8.48,3.21,5.85,7.08,74.38,0,72.99,0.71,340.77,1.1,341.31
2022,5,1,6,0.22,0.29,0.92,24.45,31.85,3.09,0.02,0.08,9.51,4.14,6.83,7.63,75,0,73.02,0.56,342.84,0.89,344.74
2022,5,1,7,0.75,0.9,1.97,85.1,99.77,10.41,0.13,0.65,11.85,3.57,7.71,7.39,62.44,0,73.06,0.59,242.42,0.73,244.54
2022,5,1,8,1.36,1.66,2.93,156.27,189.83,19.64,0.41,2.02,13.62,2.98,8.3,7.02,52.69,0,73.09,1.82,207.88,2.27,207.62
2022,5,1,9,2.03,2.41,3.73,241.48,282.23,31.14,0.84,4.4,15.23,3.21,9.22,7.02,47.56,0,73.1,2.62,204.27,3.31,204.21
2022,5,1,10,2.27,2.9,4.31,271.3,340.75,35.57,1.09,5.48,16.4,3.86,10.12,7.26,45.75,0,73.09,3.32,203.91,4.2,203.8
2022,5,1,11,2.28,3.29,4.64,288.9,391.38,38.83,1.31,6.7,17.05,4.76,10.9,7.69,46.25,0,73.06,3.83,205.52,4.86,205.53
2022,5,1,12,2.17,3.3,4.69,279.23,391.33,38.27,1.32,6.9,17.14,5.52,11.33,8.06,48.12,0.01,73.02,4.19,208.05,5.35,208.02
2022,5,1,13,1.95,3.07,4.46,246.45,362.2,32.9,1.08,5.45,16.6,5.88,11.24,8.24,51,0.05,72.97,4.55,210.53,5.88,210.52
2022,5,1,14,1.68,2.6,3.97,207.83,304.52,27.48,0.8,4.12,15.8,6.18,10.99,8.42,54.88,0.11,72.93,4.64,213.32,6.02,213.36
2022,5,1,15,1.22,1.92,3.25,146.73,221.4,19.36,0.47,2.4,14.55,6.64,10.59,8.73,61.38,0.16,72.9,4.27,216.14,5.57,216.16
2022,5,1,16,0.61,1.16,2.34,72.23,130.7,9.05,0.15,0.73,13.37,6.92,10.15,8.91,67.62,0.12,72.89,3.67,220.51,4.83,220.54
2022,5,1,17,0.36,0.48,1.32,42.73,53.52,5.45,0.04,0.2,12.42,7.14,9.78,9.03,73.25,0.09,72.89,2.98,223.83,4.01,223.81
2022,5,1,18,0.06,0.06,0.28,4.77,6.73,0.62,0,0,11.13,8,9.56,9.7,85.5,0.25,72.93,1.65,223.85,2.45,223.71
2022,5,1,19,0,0,0,0,0,0,0,0,10.18,8,9.09,9.7,91,0.17,72.98,1.15,224.45,2.01,223.9
2022,5,1,20,0,0,0,0,0,0,0,0,9.63,7.64,8.63,9.4,91.81,0.1,73.03,1,230.71,1.87,230.26
2022,5,1,21,0,0,0,0,0,0,0,0,9.18,7.19,8.19,9.09,91.5,0.06,73.05,0.92,240.62,1.75,240.22
2022,5,1,22,0,0,0,0,0,0,0,0,8.93,6.81,7.87,8.85,90.5,0.04,73.04,0.87,251.24,1.61,250.68
2022,5,1,23,0,0,0,0,0,0,0,0,8.64,6.49,7.56,8.67,90.44,0.03,73.02,0.84,258.69,1.49,258.51
2022,5,2,0,0,0,0,0,0,0,0,0,8.31,6.16,7.23,8.48,90.62,0.03,72.98,0.72,270.62,1.27,268.95
2022,5,2,1,0,0,0,0,0,0,0,0,7.79,5.74,6.76,8.3,91.75,0.04,72.96,0.55,293.3,0.98,287.14
2022,5,2,2,0,0,0,0,0,0,0,0,7.28,5.39,6.33,8.12,93.06,0.06,72.95,0.41,311.91,0.69,301.52
2022,5,2,3,0,0,0,0,0,0,0,0,7.01,5.19,6.1,8.06,93.69,0.07,72.95,0.35,313.21,0.58,302.41
2022,5,2,4,0,0,0,0,0,0,0,0,7.09,5.16,6.13,8.06,93.25,0.06,72.95,0.39,291.37,0.66,283.05
2022,5,2,5,0.02,0.01,0.07,1.08,1.17,0.13,0,0,6.99,5.28,6.14,8.18,95,0.02,72.99,0.44,288.43,0.75,283.89
2022,5,2,6,0.13,0.26,0.93,13.48,28.12,1.66,0.01,0.02,7.83,6.12,6.98,8.67,95.56,0.01,73.06,0.67,266.63,0.93,277.24
2022,5,2,7,0.51,0.82,1.98,57.88,89.2,7.23,0.09,0.45,9.76,6.98,8.37,9.16,88.31,0.01,73.11,1.17,243.09,1.53,242
2022,5,2,8,0.93,1.48,2.94,109.85,163.38,13.69,0.27,1.33,11.73,7.48,9.6,9.46,80.06,0.06,73.14,2.38,222.74,3.02,222.59
2022,5,2,9,1.25,2.17,3.73,156.45,245.27,19.88,0.51,2.65,13.27,7.16,10.22,9.16,70.38,0.15,73.16,3.1,217.94,3.91,217.85
2022,5,2,10,1.64,2.7,4.31,202.7,308.58,26.3,0.79,3.92,14.21,6.88,10.55,8.97,64.75,0.35,73.15,3.63,214.58,4.58,214.5
2022,5,2,11,1.79,3.01,4.64,224.77,346.4,29.65,0.96,4.85,14.75,6.73,10.73,8.85,61.62,0.6,73.11,3.9,213.15,4.93,213.16
2022,5,2,12,1.95,3.58,4.69,261.38,434.17,38.27,1.32,6.8,14.87,6.72,10.8,8.85,61,0.97,73.05,4.06,211.8,5.15,211.78
2022,5,2,13,2.11,3.32,4.46,266.9,399.9,38.11,1.27,6.42,14.6,6.87,10.73,8.97,62.88,1.75,72.99,4.13,210.5,5.27,210.48
2022,5,2,14,1.82,2.82,3.97,226.77,337.62,31.8,0.93,4.73,13.97,7.12,10.54,9.16,66.81,2.24,72.94,4.03,209.9,5.17,209.9
2022,5,2,15,1.45,2.15,3.25,177.8,255.02,24.37,0.59,3.02,13.19,7.41,10.3,9.4,72.19,1.87,72.91,3.61,208.45,4.65,208.5
2022,5,2,16,0.99,1.41,2.35,120.52,164.85,16.73,0.28,1.4,12.38,7.61,9.99,9.52,77.12,1.32,72.89,3.06,205.58,3.97,205.56
2022,5,2,17,0.45,0.64,1.33,54.3,73.27,7.31,0.05,0.27,11.44,7.89,9.66,9.7,83.56,0.76,72.9,2.42,201.77,3.2,201.75
2022,5,2,18,0.08,0.09,0.29,7.45,9.77,1.04,0,0.02,9.87,8.55,9.21,10.25,98,0.27,72.94,1.22,199.48,1.88,198.43
2022,5,2,19,0,0,0,0,0,0,0,0,8.87,8.3,8.58,10.07,100,0.18,73,0.71,198.03,1.28,197.77
2022,5,2,20,0,0,0,0,0,0,0,0,8.65,8.3,8.48,10.07,100,0.1,73.06,0.58,203.1,0.99,204.15
2022,5,2,21,0,0,0,0,0,0,0,0,8.58,8.3,8.44,10.07,100,0.07,73.09,0.49,213.18,0.8,214.31
2022,5,2,22,0,0,0,0,0,0,0,0,8.39,8.21,8.3,10.07,100,0.06,73.09,0.49,225.64,0.8,225
2022,5,2,23,0,0,0,0,0,0,0,0,8.12,8.08,8.1,10.01,100,0.05,73.08,0.53,235.84,0.88,235.89
2022,5,3,0,0,0,0,0,0,0,0,0,8.05,7.93,7.99,9.89,100,0.04,73.05,0.52,237.99,0.87,237.89
2022,5,3,1,0,0,0,0,0,0,0,0,8.01,7.82,7.91,9.77,100,0.03,73.03,0.51,233.65,0.9,234.23
2022,5,3,2,0,0,0,0,0,0,0,0,7.89,7.6,7.75,9.64,100,0.02,73.01,0.51,227.49,0.88,228.96
2022,5,3,3,0,0,0,0,0,0,0,0,7.75,7.4,7.58,9.46,100,0.01,73,0.41,210.02,0.68,212.42
2022,5,3,4,0,0,0,0,0,0,0,0,7.77,7.26,7.51,9.4,100,0.01,73.01,0.22,198.43,0.36,203.2
2022,5,3,5,0.02,0.02,0.08,1.45,1.6,0.2,0,0,7.72,7.12,7.42,9.28,100,0.01,73.04,0.08,21.8,0.17,27.76
2022,5,3,6,0.35,0.35,0.94,38.67,39.1,5,0.02,0.1,8.4,7.06,7.73,9.28,98.56,0.01,73.09,0.43,13.54,0.67,18.43
2022,5,3,7,0.98,1.05,1.99,110.7,119.8,13.66,0.16,0.83,10.56,5.65,8.1,8.61,79.19,0.05,73.15,0.31,49.09,0.39,49.03
2022,5,3,8,1.59,1.83,2.94,184.77,214.27,23.35,0.46,2.27,12.14,4.18,8.15,7.87,64.94,0.05,73.18,0.85,166.09,1.07,167.29
2022,5,3,9,2.21,2.53,3.74,266.55,299.23,34.89,0.91,4.6,13.19,4.4,8.8,8,61.69,0.05,73.2,1.86,183.37,2.36,183.79
2022,5,3,10,2.43,3.02,4.32,292.17,357.38,39.18,1.17,5.95,14.21,4.91,9.56,8.36,60.19,0.04,73.19,2.58,191.72,3.29,191.79
2022,5,3,11,2.59,3.35,4.64,321.8,397.8,43.47,1.41,7.27,15.32,5.59,10.46,8.73,58.69,0.06,73.14,3.12,194.8,3.99,194.88
2022,5,3,12,2.5,3.59,4.7,324.1,432.95,46.19,1.57,8.08,16.1,6.2,11.15,9.09,57.88,0.09,73.07,3.58,196.5,4.59,196.62
2022,5,3,13,1.89,3.31,4.47,239.58,395.7,34.24,1.1,5.55,16.3,6.8,11.55,9.34,58.88,0.14,73.01,3.92,198.94,5.05,198.97
2022,5,3,14,1.64,2.78,3.98,205.9,329.85,28.63,0.82,4.17,15.98,7.58,11.78,9.7,62.25,0.17,72.97,3.98,200.82,5.13,200.78
2022,5,3,15,1.16,2.08,3.26,144.58,244.45,19.66,0.46,2.3,15.3,8.23,11.76,10.01,67.06,0.18,72.95,3.7,201.58,4.77,201.61
2022,5,3,16,1.05,1.35,2.35,126.52,157.65,16.34,0.27,1.3,14.34,8.64,11.49,10.19,72.88,0.13,72.94,3.39,201.36,4.41,201.39
2022,5,3,17,0.37,0.63,1.33,43.88,72.3,5.97,0.04,0.23,12.95,9.16,11.05,10.5,82,0.13,72.97,2.88,200.3,3.79,200.38
2022,5,3,18,0.08,0.08,0.3,7.7,9.6,1.09,0,0.02,11.12,9.62,10.37,10.8,95.19,0.22,73.02,1.93,199.39,2.67,199.34
2022,5,3,19,0,0,0,0,0,0,0,0,10.51,9.84,10.18,10.99,100,0.24,73.07,1.33,200.24,1.91,199.84
2022,5,3,20,0,0,0,0,0,0,0,0,10.29,9.87,10.08,10.99,100,0.2,73.12,0.99,203.73,1.46,202.6
2022,5,3,21,0,0,0,0,0,0,0,0,10.16,9.8,9.98,10.99,100,0.15,73.16,0.76,206.83,1.22,204.26
2022,5,3,22,0,0,0,0,0,0,0,0,10.04,9.71,9.87,10.93,100,0.11,73.17,0.54,209.54,0.95,207.82
2022,5,3,23,0,0,0,0,0,0,0,0,9.78,9.5,9.64,10.8,100,0.07,73.14,0.46,219.43,0.84,217.83
2022,5,4,0,0,0,0,0,0,0,0,0,9.53,9.23,9.38,10.68,100,0.04,73.11,0.45,239.89,0.76,238.93
2022,5,4,1,0,0,0,0,0,0,0,0,9.17,8.78,8.98,10.5,100,0.02,73.07,0.43,274.16,0.68,273.29
2022,5,4,2,0,0,0,0,0,0,0,0,8.74,8.01,8.38,10.13,100,0.01,73.04,0.46,312.93,0.72,313.24
2022,5,4,3,0,0,0,0,0,0,0,0,8.65,7.01,7.83,9.7,100,0,73.03,0.54,329.32,0.84,329.86
2022,5,4,4,0,0,0,0,0,0,0,0,8.8,6.12,7.46,9.34,96.19,0,73.04,0.55,329.45,0.85,329.22
2022,5,4,5,0.03,0.02,0.08,2.05,2.05,0.3,0,0,8.93,5.51,7.23,9.03,92.5,0,73.06,0.54,324.46,0.83,324.21
2022,5,4,6,0.29,0.4,0.95,34.1,45.55,4.59,0.02,0.1,9.85,6.37,8.11,9.34,89.88,0.01,73.11,0.5,311.19,0.76,313.75
2022,5,4,7,0.8,1.14,2,98.15,134.48,13.03,0.17,0.85,11.54,5.35,8.44,9.09,78.38,0.05,73.15,0.77,243.96,0.95,243.23
2022,5,4,8,1.21,1.91,2.95,148.9,227.08,20.17,0.43,2.15,13.33,4.98,9.15,9.09,69.38,0.04,73.19,1.49,211.94,1.86,211.75
2022,5,4,9,1.76,2.59,3.74,223.75,310.73,30.44,0.83,4.3,14.84,5.57,10.2,9.22,63.75,0.03,73.21,2.41,197.38,3.01,197.35
2022,5,4,10,2.06,3.07,4.32,257.08,366.98,35.12,1.08,5.42,15.98,6.51,11.24,9.46,60.94,0.06,73.21,3.26,194.3,4.15,194.27
2022,5,4,11,2.2,3.41,4.65,288.67,411.45,39.52,1.32,6.67,16.55,7.42,11.99,9.77,60.69,0.09,73.19,3.91,194.92,5.03,194.83
2022,5,4,12,2.13,3.64,4.7,289.4,445.45,42.16,1.45,7.42,16.29,8.3,12.3,10.13,64,0.15,73.16,4.16,197.82,5.39,197.8
2022,5,4,13,1.72,3.38,4.47,232.02,412.17,33.95,1.11,5.52,15.55,9.07,12.31,10.5,69.44,0.34,73.12,4.01,201.47,5.2,201.4
2022,5,4,14,1.6,2.88,3.98,212.08,349.3,30.02,0.88,4.5,14.78,9.4,12.08,10.68,74.19,0.51,73.06,3.82,205.15,4.97,205.11
2022,5,4,15,1.18,2.21,3.26,154.58,265.95,21.46,0.51,2.58,13.73,9.53,11.62,10.8,80.06,0.59,73.02,3.32,205.48,4.36,205.46
2022,5,4,16,0.69,1.42,2.36,88.17,168.75,12.12,0.2,0.98,12.62,9.89,11.26,10.99,87.62,0.59,73,2.74,204.23,3.57,204.15
2022,5,4,17,0.31,0.65,1.34,40.62,74.95,5.36,0.04,0.2,11.88,10.08,10.98,11.11,92.94,0.51,73,2.31,199.97,3.05,199.92
2022,5,4,18,0.07,0.09,0.3,7.1,9.95,0.99,0,0.02,11,10.19,10.59,11.23,99.5,0.15,73.04,1.6,193.02,2.19,192.8
2022,5,4,19,0,0,0,0,0,0,0,0,10.72,10.28,10.5,11.29,100,0.11,73.08,1.1,193.15,1.58,192.31
2022,5,4,20,0,0,0,0,0,0,0,0,10.58,10.23,10.4,11.23,100,0.07,73.12,0.96,194.15,1.47,193.82
2022,5,4,21,0,0,0,0,0,0,0,0,9.89,9.95,9.92,10.99,100,0.05,73.15,0.81,199.65,1.52,199.55
2022,5,4,22,0,0,0,0,0,0,0,0,9.31,9.68,9.5,10.8,100,0.05,73.17,0.74,201.12,1.51,199
2022,5,4,23,0,0,0,0,0,0,0,0,8.94,9.31,9.12,10.5,100,0.06,73.16,0.64,196.43,1.3,191.11
2022,5,5,0,0,0,0,0,0,0,0,0,8.76,9,8.88,10.25,100,0.07,73.13,0.54,183.32,1.08,175.03
2022,5,5,1,0,0,0,0,0,0,0,0,8.57,8.62,8.59,9.95,100,0.06,73.1,0.45,173.99,0.86,163.55
2022,5,5,2,0,0,0,0,0,0,0,0,8.22,8.21,8.22,9.64,100,0.05,73.08,0.33,148.57,0.66,133.56
2022,5,5,3,0,0,0,0,0,0,0,0,7.98,7.81,7.9,9.46,100,0.05,73.07,0.3,115.91,0.7,104.19
2022,5,5,4,0,0,0,0,0,0,0,0,7.8,7.53,7.67,9.28,100,0.05,73.07,0.39,108.8,0.88,99.21
2022,5,5,5,0.03,0.02,0.09,1.92,1.92,0.27,0,0,7.93,7.41,7.67,9.22,100,0.06,73.09,0.39,109.89,0.84,101.21
2022,5,5,6,0.24,0.35,0.96,28.25,40.2,3.74,0.02,0.1,8.79,7.66,8.23,9.4,96.81,0.1,73.13,0.68,106.76,0.99,105.02
2022,5,5,7,0.68,1.03,2.01,83.25,119.05,10.98,0.15,0.73,9.87,7.96,8.91,9.52,91.38,0.16,73.17,1.1,125.73,1.44,125.94
2022,5,5,8,1.14,1.81,2.96,144.38,214.55,19.48,0.42,2.12,10.84,8.41,9.62,9.77,87.94,0.16,73.21,1.67,144.9,2.13,145.44
2022,5,5,9,1.62,2.49,3.75,210.08,298.83,28.43,0.79,4.1,11.79,8.68,10.23,9.95,83.94,0.13,73.24,2.33,160.41,2.96,160.7
2022,5,5,10,2.12,3.02,4.33,268,364.42,36.91,1.17,5.83,12.2,8.76,10.48,9.95,82.12,0.09,73.24,2.69,172.83,3.41,172.89
2022,5,5,11,2.14,3.31,4.65,276.8,401.55,38.77,1.31,6.67,12.75,8.69,10.73,9.95,78.81,0.07,73.21,2.86,183.44,3.6,183.48
2022,5,5,12,1.98,3.81,4.7,279.58,475.02,43.8,1.59,8.12,13.57,8.58,11.08,9.89,74.06,0.06,73.13,2.95,191.76,3.71,191.9
2022,5,5,13,1.64,3.59,4.47,225.42,444.62,35.06,1.22,6.08,14.3,8.52,11.41,9.83,70.38,0.07,73.05,3.02,195.76,3.8,195.75
2022,5,5,14,1.35,3.11,3.98,187.48,384.33,29.14,0.91,4.65,14.48,8.52,11.5,9.83,69.62,0.08,72.97,3.08,196.78,3.9,196.88
2022,5,5,15,1.16,2.44,3.26,154.48,301.38,23.43,0.6,3.05,14.26,8.62,11.44,9.95,71.06,0.08,72.93,3.08,195.17,3.92,195.14
2022,5,5,16,0.71,1.6,2.36,89.88,194.38,12.9,0.23,1.1,13.43,8.7,11.06,10.01,75.5,0.07,72.91,2.89,194.26,3.7,194.18
2022,5,5,17,0.3,0.76,1.35,38.38,89.1,5.48,0.05,0.23,12.28,8.76,10.52,10.01,81.88,0.04,72.92,2.47,194.48,3.2,194.54
2022,5,5,18,0.08,0.1,0.31,7.62,11.25,1.09,0,0.02,10.85,8.97,9.91,10.25,91.75,0.31,72.96,1.65,194.23,2.29,194.23
2022,5,5,19,0,0,0,0,0,0,0,0,10.02,9.21,9.62,10.5,99.31,0.33,73.02,1.03,193.61,1.59,193.08
2022,5,5,20,0,0,0,0,0,0,0,0,9.57,9.1,9.33,10.44,100,0.34,73.07,0.67,194.85,1.16,194.04
2022,5,5,21,0,0,0,0,0,0,0,0,9.44,8.93,9.19,10.31,100,0.37,73.12,0.7,200.26,1.04,199.25
2022,5,5,22,0,0,0,0,0,0,0,0,9.15,8.65,8.9,10.13,100,0.44,73.14,0.41,205.08,0.7,204.55
2022,5,5,23,0,0,0,0,0,0,0,0,8.9,8.44,8.67,10.01,100,0.53,73.13,0.21,225,0.46,219.43
2022,5,6,0,0,0,0,0,0,0,0,0,8.57,8.23,8.4,9.89,100,0.56,73.11,0.16,275.71,0.31,258.41
2022,5,6,1,0,0,0,0,0,0,0,0,8.22,7.86,8.04,9.7,100,0.55,73.08,0.24,297.41,0.38,296.57
2022,5,6,2,0,0,0,0,0,0,0,0,7.95,7.42,7.69,9.46,100,0.45,73.05,0.31,313.99,0.52,319.3
2022,5,6,3,0,0,0,0,0,0,0,0,7.8,6.87,7.33,9.09,100,0.34,73.03,0.39,340.11,0.64,344.44
2022,5,6,4,0,0,0,0,0,0,0,0,7.71,6.34,7.02,8.79,97.56,0.26,73.04,0.49,358.18,0.78,0.57
2022,5,6,5,0.03,0.02,0.09,1.95,2.33,0.28,0,0,7.65,5.88,6.76,8.54,95.12,0.19,73.07,0.54,6.61,0.85,7.91
2022,5,6,6,0.26,0.41,0.98,30.62,47.35,3.95,0.02,0.1,8.66,6.46,7.56,8.91,93.12,0.17,73.12,0.52,9.46,0.78,12.65
2022,5,6,7,0.62,1.15,2.02,79.23,137.48,10.7,0.16,0.75,10.37,6.28,8.33,8.85,82.44,0.22,73.18,0.7,135.91,0.88,136.08
2022,5,6,8,0.97,1.95,2.96,127.9,236.3,17.91,0.4,2,11.58,6.54,9.06,9.09,78,0.28,73.23,1.71,154.49,2.15,155.3
2022,5,6,9,1.26,2.67,3.75,169.88,327.77,24.34,0.7,3.6,12.83,7.09,9.97,9.34,73.94,0.27,73.25,2.09,158.32,2.61,158.96
2022,5,6,10,1.43,3.16,4.33,192.48,388,27.65,0.89,4.45,14.09,7.59,10.84,9.58,69.75,0.23,73.24,2.66,165.56,3.33,165.87
2022,5,6,11,1.63,3.44,4.65,222.45,420.52,31.99,1.1,5.6,14.87,8.13,11.5,9.83,68,0.28,73.2,3.13,171.69,3.94,171.9
2022,5,6,12,1.85,3.66,4.7,261.05,453.4,38.96,1.38,7.1,15.29,8.63,11.96,10.07,67.75,0.39,73.16,3.43,176.34,4.32,176.37
2022,5,6,13,1.51,3.44,4.47,213.73,424.67,32.1,1.1,5.48,15.53,8.96,12.25,10.25,67.75,0.56,73.11,3.64,179.88,4.61,179.9
2022,5,6,14,1.4,2.98,3.99,188.92,366.12,28.14,0.87,4.4,15.25,8.94,12.09,10.25,68.88,0.85,73.05,3.74,182.16,4.78,182.25
2022,5,6,15,1.11,2.31,3.27,146.77,282.5,21.47,0.55,2.77,14.56,8.96,11.76,10.25,72.25,0.98,73.01,3.77,183.56,4.87,183.59
2022,5,6,16,0.71,1.52,2.37,91.2,183.9,12.95,0.23,1.12,13.3,9.19,11.24,10.38,79.38,0.98,72.99,3.39,185.82,4.4,185.7
2022,5,6,17,0.38,0.7,1.36,46.25,82.7,6.05,0.05,0.25,12.32,9.38,10.85,10.56,85.75,0.93,72.99,2.88,186.55,3.8,186.38
2022,5,6,18,0.07,0.1,0.32,7.45,11.02,1.09,0.01,0.02,11.05,9.8,10.42,10.93,96.5,0.13,73.02,1.73,188.31,2.44,187.92
2022,5,6,19,0,0,0,0,0,0,0,0,10.44,9.96,10.19,11.05,100,0.15,73.06,1.14,189.46,1.76,188.17
2022,5,6,20,0,0,0,0,0,0,0,0,10.05,9.76,9.9,10.93,100,0.13,73.12,0.86,187.84,1.48,186.07
2022,5,6,21,0,0,0,0,0,0,0,0,9.9,9.58,9.74,10.74,100,0.12,73.16,0.91,186.94,1.48,185.47
2022,5,6,22,0,0,0,0,0,0,0,0,9.8,9.55,9.67,10.68,100,0.12,73.19,0.93,183.85,1.46,183.38
2022,5,6,23,0,0,0,0,0,0,0,0,9.69,9.48,9.58,10.68,100,0.11,73.19,0.93,179.52,1.41,179.36
2022,5,7,0,0,0,0,0,0,0,0,0,9.54,9.4,9.47,10.62,100,0.11,73.18,0.91,178.03,1.38,178.06
2022,5,7,1,0,0,0,0,0,0,0,0,9.44,9.29,9.37,10.5,100,0.11,73.16,0.8,178.89,1.24,178.92
2022,5,7,2,0,0,0,0,0,0,0,0,9.28,9.1,9.19,10.44,100,0.1,73.14,0.68,181.32,1.04,180.43
2022,5,7,3,0,0,0,0,0,0,0,0,9.03,8.76,8.9,10.19,100,0.09,73.13,0.43,188.28,0.71,185.02
2022,5,7,4,0,0,0,0,0,0,0,0,8.47,8.35,8.4,9.95,100,0.04,73.13,0.1,192.99,0.34,185.31
2022,5,7,5,0.03,0.03,0.1,2.33,2.92,0.35,0,0,7.93,7.88,7.9,9.7,100,0.03,73.16,0.11,21.04,0.09,41.63
2022,5,7,6,0.36,0.51,0.99,43.67,62.08,5.82,0.03,0.15,8.95,7.67,8.31,9.58,97.81,0,73.2,0.26,34.16,0.39,32.74
2022,5,7,7,1,1.33,2.03,124.73,164.62,16.76,0.23,1.17,10.99,7.03,9.01,9.09,81.06,0,73.24,0.64,139.47,0.79,140.99
2022,5,7,8,1.65,2.16,2.97,208.35,267.8,28.88,0.64,3.2,12.8,6.99,9.9,9.03,71.44,0,73.27,1.71,168.69,2.1,168.86
2022,5,7,9,2.18,2.86,3.76,279.73,354.02,39.72,1.14,5.83,14.02,7.18,10.6,9.16,66.88,0,73.28,2.45,175.62,3.04,175.73
2022,5,7,10,2.41,3.37,4.33,311.38,417.98,45.21,1.51,7.65,14.97,7.49,11.23,9.34,64.25,0,73.26,2.92,178.93,3.65,178.9
2022,5,7,11,2.52,3.66,4.66,334.38,452.67,49.12,1.75,9.05,15.61,7.84,11.73,9.52,62.94,0,73.22,3.35,182.4,4.21,182.44
2022,5,7,12,1.92,3.71,4.7,268.5,459.85,40.26,1.45,7.5,15.86,8.25,12.05,9.77,63.38,0,73.15,3.78,186.29,4.79,186.28
2022,5,7,13,1.76,3.51,4.48,237.62,434.33,35.93,1.26,6.27,15.73,8.7,12.22,10.07,65.62,0,73.09,4.06,190.21,5.17,190.27
2022,5,7,14,1.28,3.05,3.99,178.12,378.08,26.83,0.84,4.3,14.84,9.08,11.96,10.25,71.06,0,73.03,4.03,193.58,5.16,193.66
2022,5,7,15,1.15,2.39,3.27,152.4,296.45,22.46,0.59,2.98,14.19,9.32,11.76,10.44,75.12,0,73,3.86,197.19,4.98,197.16
2022,5,7,16,0.57,1.6,2.38,75.4,197.8,11.42,0.21,1.02,13.52,9.37,11.44,10.44,78.69,0,72.98,3.55,200.35,4.62,200.27
2022,5,7,17,0.22,0.77,1.36,28.2,92.85,4.3,0.03,0.17,12.55,9.29,10.92,10.44,83.62,0,72.98,2.94,202.82,3.86,202.77
2022,5,7,18,0.08,0.11,0.33,8.5,12.52,1.21,0.01,0.02,11.42,9.33,10.37,10.5,90.88,0.11,73.01,1.85,203.33,2.53,202.92
2022,5,7,19,0,0,0,0,0,0,0,0,10.6,9.43,10.01,10.68,97.31,0.06,73.05,0.93,201.8,1.42,199.23
2022,5,7,20,0,0,0,0,0,0,0,0,10.34,9.29,9.81,10.56,98.06,0.04,73.09,0.76,200.49,1.16,195.63
2022,5,7,21,0,0,0,0,0,0,0,0,10.07,9.13,9.6,10.44,98.88,0.02,73.11,0.54,196.06,0.78,192.22
2022,5,7,22,0,0,0,0,0,0,0,0,9.69,8.91,9.3,10.31,100,0.02,73.13,0.23,180,0.38,182.39
2022,5,7,23,0,0,0,0,0,0,0,0,9.25,8.55,8.9,10.13,100,0.03,73.12,0.07,206.57,0.13,209.74
2022,5,8,0,0,0,0,0,0,0,0,0,8.94,8.26,8.6,10.01,100,0.04,73.09,0.13,302.74,0.19,303.02
2022,5,8,1,0,0,0,0,0,0,0,0,8.69,7.99,8.33,9.83,100,0.07,73.06,0.15,306.25,0.21,306.03
2022,5,8,2,0,0,0,0,0,0,0,0,8.44,7.76,8.09,9.7,100,0.1,73.04,0.14,319.4,0.22,319.4
2022,5,8,3,0,0,0,0,0,0,0,0,8.34,7.55,7.94,9.58,100,0.11,73.03,0.11,338.96,0.17,344.05
2022,5,8,4,0,0,0,0,0,0,0,0,8.29,7.43,7.86,9.52,100,0.09,73.04,0.09,10.3,0.16,20.22
2022,5,8,5,0.03,0.02,0.1,2.35,2.52,0.34,0,0,8.31,7.37,7.84,9.52,100,0.09,73.07,0.13,37.57,0.23,39.56
2022,5,8,6,0.38,0.39,1,42.4,45.73,5.53,0.02,0.12,9.32,7.97,8.64,9.89,98.38,0.06,73.11,0.22,126.47,0.3,116.57
2022,5,8,7,0.99,1.08,2.03,114.3,125.83,14.59,0.2,0.98,10.83,8.49,9.66,10.13,91.25,0.15,73.17,1.26,165.96,1.58,166.24
2022,5,8,8,1.64,1.88,2.98,194.92,223.6,25.24,0.54,2.67,12.06,8.62,10.34,10.13,84.38,0.1,73.21,2.06,173.47,2.62,173.49
2022,5,8,9,1.93,2.65,3.76,242.02,320.55,33.27,0.93,4.77,13.2,8.69,10.95,10.13,78.12,0.09,73.23,2.56,176.15,3.23,176.12
2022,5,8,10,2.26,3.22,4.34,288.67,392.42,40.75,1.33,6.73,14.14,8.82,11.48,10.13,73.62,0.11,73.22,2.95,179.39,3.73,179.4
2022,5,8,11,2.31,3.49,4.66,301.1,425.15,42.52,1.47,7.65,14.94,9.08,12.01,10.31,70.81,0.15,73.18,3.3,183.39,4.17,183.33
2022,5,8,12,2.37,3.73,4.71,320.88,461.98,47.54,1.71,8.92,15.81,9.33,12.58,10.44,67.88,0.22,73.12,3.66,186.62,4.63,186.69
2022,5,8,13,1.98,3.52,4.48,266.33,435.8,39.68,1.38,6.92,16.04,9.4,12.73,10.5,67.06,0.27,73.07,3.94,189.01,5.02,189.05
2022,5,8,14,1.76,3.05,3.99,229.67,377.3,33.51,1.02,5.2,15.88,9.4,12.65,10.5,67.75,0.36,73.02,4.03,190.61,5.17,190.63
2022,5,8,15,1.09,2.44,3.28,149.38,303.6,22.28,0.58,2.92,15.26,9.49,12.38,10.56,70.81,0.48,72.98,3.85,191.24,4.95,191.2
2022,5,8,16,0.7,1.67,2.38,93.12,207.45,13.7,0.25,1.23,14.4,9.48,11.94,10.56,74.81,0.39,72.97,3.51,190.13,4.55,190.08
2022,5,8,17,0.33,0.82,1.37,42.45,100.67,5.9,0.05,0.25,13.23,9.42,11.33,10.5,80.56,0.26,72.97,2.96,187.57,3.92,187.45
2022,5,8,18,0.07,0.12,0.33,6.95,13.5,1.05,0,0.02,11.69,9.98,10.83,11.05,93.5,0.05,73,1.74,186.2,2.5,185.55
2022,5,8,19,0,0,0,0,0,0,0,0,10.9,10.05,10.48,11.11,99.38,0.05,73.04,1.21,184.43,2.03,182.65
2022,5,8,20,0,0,0,0,0,0,0,0,10.56,9.76,10.16,10.86,99.38,0.04,73.09,1.17,182.69,1.97,180.45
2022,5,8,21,0,0,0,0,0,0,0,0,10.21,9.41,9.81,10.56,99.12,0.03,73.13,1.12,182,1.88,179.29
2022,5,8,22,0,0,0,0,0,0,0,0,9.98,9.23,9.6,10.44,99.38,0.03,73.15,1.02,179.13,1.77,175.95
2022,5,8,23,0,0,0,0,0,0,0,0,9.8,9.13,9.46,10.38,99.94,0.03,73.14,0.92,175.11,1.63,172.3
2022,5,9,0,0,0,0,0,0,0,0,0,9.46,8.98,9.22,10.25,100,0.03,73.11,0.83,170.8,1.51,168.34
2022,5,9,1,0,0,0,0,0,0,0,0,9.37,9.02,9.2,10.31,100,0.03,73.09,0.78,168.47,1.5,166.4
2022,5,9,2,0,0,0,0,0,0,0,0,9.24,9.04,9.14,10.31,100,0.02,73.06,0.74,164.05,1.41,162.27
2022,5,9,3,0,0,0,0,0,0,0,0,9.12,8.93,9.02,10.25,100,0.01,73.06,0.67,152.84,1.25,151.68
2022,5,9,4,0,0,0,0,0,0,0,0,9.09,8.87,8.98,10.19,100,0.01,73.06,0.59,142.52,1.07,141.8
2022,5,9,5,0.03,0.02,0.11,2.23,2.33,0.3,0,0,9.08,8.73,8.9,10.13,100,0.01,73.09,0.49,126.5,0.9,129.36
2022,5,9,6,0.21,0.37,1.01,24.35,41.6,3.43,0.02,0.08,10.29,9.11,9.7,10.38,96.88,0,73.14,0.84,139.51,1.18,138.21
2022,5,9,7,0.69,1.09,2.04,86.12,125.83,11.84,0.18,0.85,11.48,9.15,10.31,10.44,89.94,0,73.2,1.59,143.58,2.05,144.31
2022,5,9,8,1.19,1.86,2.98,147.3,220.75,20.14,0.46,2.33,12.78,9.05,10.92,10.31,81.88,0.01,73.23,2.42,159.57,3.06,159.53
2022,5,9,9,1.67,2.56,3.77,212.02,306.88,28.91,0.83,4.35,14.28,9.03,11.65,10.25,73.88,0.01,73.24,3.17,171.77,3.99,171.77
2022,5,9,10,1.87,3.02,4.34,234.83,362.38,32.42,1.05,5.25,15.2,9.2,12.2,10.38,70.19,0.01,73.23,3.81,180.12,4.83,180.19
2022,5,9,11,2.43,3.31,4.66,310.38,398.9,42.08,1.47,7.55,15.93,9.35,12.64,10.44,67.5,0.02,73.19,4.18,185.9,5.31,185.91
2022,5,9,12,2.43,3.66,4.71,321.83,451.5,47.09,1.7,8.98,15.97,9.36,12.66,10.44,67.31,0.04,73.14,4.37,189.88,5.58,189.91
2022,5,9,13,2.33,3.4,4.48,302.62,419.12,43.48,1.49,7.67,15.74,9.34,12.54,10.44,68.19,0.07,73.08,4.28,193.1,5.45,193.08
2022,5,9,14,1.85,2.82,3.99,235.38,343,32.64,0.98,5.02,15.58,9.29,12.43,10.44,68.75,0.12,73.02,4.05,195.11,5.17,195.15
2022,5,9,15,1.13,2.14,3.28,143.15,255.4,19.56,0.49,2.5,14.85,9.33,12.09,10.44,72.25,0.16,72.98,3.62,196.68,4.66,196.64
2022,5,9,16,0.76,1.38,2.39,92.95,163.42,12.52,0.22,1.08,14.49,9.45,11.97,10.56,74.5,0.19,72.97,3.22,197.64,4.14,197.68
2022,5,9,17,0.36,0.64,1.38,43.38,73.88,5.83,0.05,0.25,13.45,9.54,11.5,10.62,80.19,0.21,72.98,2.68,196.59,3.52,196.63
2022,5,9,18,0.08,0.09,0.34,7.67,10.6,1.06,0,0.02,12.05,10.03,11.04,11.05,91.44,0.61,73.01,1.62,195.38,2.3,194.93
2022,5,9,19,0,0,0,0,0,0,0,0,11.27,10.46,10.87,11.41,99.44,0.57,73.05,1.06,194.96,1.71,192.64
2022,5,9,20,0,0,0,0,0,0,0,0,11,10.37,10.69,11.29,100,0.51,73.12,0.97,194.04,1.61,190.88
2022,5,9,21,0,0,0,0,0,0,0,0,10.73,10.19,10.46,11.11,100,0.46,73.17,0.94,189.54,1.6,186.43
2022,5,9,22,0,0,0,0,0,0,0,0,10.44,10,10.22,10.99,100,0.43,73.2,0.84,185.34,1.51,182.67
2022,5,9,23,0,0,0,0,0,0,0,0,10.1,9.76,9.93,10.8,100,0.41,73.18,0.81,185.55,1.45,183.09
2022,5,10,0,0,0,0,0,0,0,0,0,9.82,9.44,9.63,10.62,100,0.37,73.15,0.82,188.21,1.37,185.55
2022,5,10,1,0,0,0,0,0,0,0,0,9.58,9.22,9.4,10.5,100,0.32,73.11,0.66,182.69,1.18,181.52
2022,5,10,2,0,0,0,0,0,0,0,0,9.4,9.11,9.26,10.44,100,0.27,73.07,0.59,176.95,1.07,177.08
2022,5,10,3,0,0,0,0,0,0,0,0,9.32,9.06,9.19,10.38,100,0.21,73.05,0.48,169.78,0.9,173.49
2022,5,10,4,0,0,0,0,0,0,0,0,9.19,8.98,9.08,10.31,100,0.17,73.04,0.34,159.9,0.65,170.31
2022,5,10,5,0.03,0.02,0.11,1.92,2.25,0.26,0,0,9.13,8.83,8.98,10.25,100,0.13,73.05,0.18,149.04,0.36,168.69
2022,5,10,6,0.27,0.33,1.02,30.92,37.33,3.94,0.02,0.1,10.02,9.21,9.62,10.5,99.56,0.14,73.09,0.26,186.91,0.37,191.07
2022,5,10,7,0.78,0.96,2.05,92.67,109.83,11.99,0.17,0.85,11.7,9.67,10.69,10.74,91.38,0.11,73.13,0.89,197.8,1.16,199.65
2022,5,10,8,1.47,1.73,2.99,174.85,202.58,22.72,0.51,2.6,13.64,9.73,11.69,10.74,80.44,0.08,73.16,1.65,202.56,2.09,203.31
2022,5,10,9,2,2.47,3.77,247.35,295.23,32.58,0.92,4.77,15.41,9.47,12.44,10.62,70.88,0.05,73.17,2.48,200.83,3.14,201.01
2022,5,10,10,2.25,3.02,4.34,279.27,364.42,38.17,1.24,6.35,16.65,9.44,13.05,10.68,65.69,0.04,73.16,3.37,198.94,4.3,199.09
2022,5,10,11,2.23,3.31,4.66,288.42,399.52,39.39,1.37,7.2,17.21,9.76,13.48,10.86,64.56,0.03,73.13,3.88,199.38,4.96,199.49
2022,5,10,12,2.02,3.65,4.71,275.95,449.85,40.79,1.5,7.88,17.33,10.18,13.76,11.11,65.5,0.06,73.1,3.99,200.99,5.09,201.16
2022,5,10,13,1.62,3.45,4.48,219.17,424.27,32.87,1.16,5.88,17.26,10.45,13.86,11.29,66.62,0.11,73.05,3.96,203.58,5.05,203.63
2022,5,10,14,1.38,2.95,4,186.75,362,27.47,0.87,4.42,16.68,10.43,13.55,11.23,68.94,0.21,73.01,3.89,206.51,4.98,206.57
2022,5,10,15,1.18,2.3,3.28,153.42,280.35,22.02,0.57,2.92,16.06,10.37,13.22,11.23,71.5,0.24,72.98,3.58,209.08,4.62,209.17
2022,5,10,16,0.82,1.5,2.39,102.02,180.2,14.02,0.26,1.25,15.28,10.25,12.76,11.17,74.75,0.24,72.98,3.16,208.66,4.09,208.67
2022,5,10,17,0.39,0.73,1.39,47.12,86.75,6.39,0.05,0.27,14.08,10.28,12.18,11.17,81.06,0.21,72.98,2.59,206.87,3.41,206.98
2022,5,10,18,0.08,0.11,0.35,8.45,12.48,1.2,0.01,0.02,12.58,10.51,11.54,11.35,91.06,0.23,73.01,1.68,207.04,2.38,206.9
2022,5,10,19,0,0,0,0,0,0,0,0,11.97,10.91,11.44,11.72,97.44,0.2,73.07,1.17,210.17,1.72,209.58
2022,5,10,20,0,0,0,0,0,0,0,0,11.69,10.98,11.34,11.78,99.75,0.17,73.13,0.9,213.69,1.42,212.37
2022,5,10,21,0,0,0,0,0,0,0,0,11.31,10.81,11.06,11.66,100,0.15,73.17,0.65,213.31,1.16,211.56
2022,5,10,22,0,0,0,0,0,0,0,0,10.9,10.44,10.67,11.41,100,0.14,73.18,0.55,221.57,1.02,218.8
2022,5,10,23,0,0,0,0,0,0,0,0,10.57,9.99,10.28,11.11,100,0.14,73.15,0.43,236.02,0.81,236.46
2022,5,11,0,0,0,0,0,0,0,0,0,10.18,9.67,9.92,11.05,100,0.13,73.09,0.4,265.52,0.68,264.75
2022,5,11,1,0,0,0,0,0,0,0,0,9.9,9.42,9.65,10.93,100,0.12,73.03,0.42,276.46,0.64,275.64
2022,5,11,2,0,0,0,0,0,0,0,0,9.67,9.11,9.39,10.68,100,0.11,72.98,0.39,285.15,0.58,285.52
2022,5,11,3,0,0,0,0,0,0,0,0,9.55,8.84,9.2,10.56,100,0.09,72.96,0.41,303.39,0.6,303.9
2022,5,11,4,0,0,0,0,0,0,0,0,9.48,8.56,9.01,10.38,100,0.08,72.95,0.41,304,0.6,303.9
2022,5,11,5,0.04,0.03,0.12,2.9,3.12,0.41,0,0,9.34,8.18,8.76,10.07,100,0.07,72.97,0.46,308.05,0.67,308.87
2022,5,11,6,0.39,0.43,1.03,45.9,50.5,6,0.03,0.17,10.68,8.67,9.68,10.38,94.31,0.07,73.01,0.58,306.25,0.79,307.78
2022,5,11,7,0.97,1.17,2.06,116.17,138.6,15.21,0.23,1.1,12.97,8.97,10.97,10.56,82.38,0.09,73.03,1.14,239.57,1.39,239.53
2022,5,11,8,1.73,1.94,2.99,208.73,233.3,27.44,0.62,3.1,14.93,9.48,12.2,10.8,74.38,0.08,73.05,2.18,215.51,2.73,215.33
2022,5,11,9,1.99,2.62,3.77,251.17,318.3,34.54,1.01,5.25,16.26,9.95,13.1,11.11,70,0.11,73.06,3.11,209.21,3.95,209
2022,5,11,10,2.07,3.11,4.34,261,378.35,36.84,1.23,6.25,16.9,10.44,13.67,11.41,69.06,0.2,73.07,3.61,207.62,4.6,207.39
2022,5,11,11,2.17,3.44,4.66,286.33,420.67,40.47,1.45,7.58,17.44,10.8,14.12,11.6,68,0.32,73.05,4.01,207.21,5.13,207.07
2022,5,11,12,2.24,3.62,4.71,302.73,446.95,44.09,1.62,8.55,17.72,11.05,14.38,11.78,67.69,0.39,73.01,4.42,207.15,5.68,207.09
2022,5,11,13,2.02,3.35,4.48,266.75,411.52,38.62,1.34,6.85,17.61,11.2,14.4,11.9,68.75,0.52,72.96,4.63,207.95,5.98,207.91
2022,5,11,14,1.71,2.86,4,220.98,349.42,31.21,0.98,5,17.29,11.18,14.23,11.84,69.88,0.62,72.92,4.57,209.37,5.94,209.4
2022,5,11,15,1.28,2.24,3.29,166.1,272.52,23.29,0.6,3.1,16.65,11.04,13.84,11.72,72,0.66,72.88,4.21,210.95,5.46,210.89
2022,5,11,16,0.73,1.43,2.4,89.42,170.2,12.16,0.23,1.1,15.83,10.85,13.34,11.6,74.88,0.62,72.87,3.7,210.84,4.84,210.92
2022,5,11,17,0.4,0.68,1.39,48.25,79.48,6.34,0.05,0.27,14.69,10.72,12.7,11.47,79.94,0.55,72.87,3.08,209.29,4.09,209.26
2022,5,11,18,0.08,0.1,0.36,7.98,11.85,1.1,0,0.02,13.23,11.17,12.2,11.9,91.12,0.15,72.9,1.91,206.15,2.76,205.84
2022,5,11,19,0,0,0,0,0,0,0,0,12.42,11.47,11.94,12.15,98.25,0.12,72.95,1.35,204.94,2.14,203.67
2022,5,11,20,0,0,0,0,0,0,0,0,12.15,11.39,11.77,12.08,99.31,0.1,73,1.21,205.57,2,203.96
2022,5,11,21,0,0,0,0,0,0,0,0,11.86,11.25,11.55,11.96,100,0.09,73.03,1.02,205.78,1.8,204.67
2022,5,11,22,0,0,0,0,0,0,0,0,11.51,11.05,11.28,11.78,100,0.1,73.03,0.88,208.16,1.64,207.17
2022,5,11,23,0,0,0,0,0,0,0,0,11.22,10.87,11.05,11.66,100,0.09,73,0.77,212.07,1.5,211.78
2022,5,12,0,0,0,0,0,0,0,0,0,10.96,10.71,10.83,11.54,100,0.07,72.96,0.66,219.72,1.35,219.85
2022,5,12,1,0,0,0,0,0,0,0,0,10.73,10.6,10.66,11.47,100,0.05,72.9,0.59,228.24,1.25,228.54
2022,5,12,2,0,0,0,0,0,0,0,0,10.49,10.49,10.49,11.41,100,0.03,72.86,0.57,234.55,1.24,235.3
2022,5,12,3,0,0,0,0,0,0,0,0,10.37,10.4,10.38,11.41,100,0.02,72.83,0.57,238.5,1.19,239.74
2022,5,12,4,0,0,0,0,0,0,0,0,10.22,10.3,10.26,11.29,100,0.01,72.83,0.59,240.72,1.14,242.73
2022,5,12,5,0.03,0.03,0.12,2.67,3.02,0.38,0,0,10.2,10.22,10.21,11.23,100,0.01,72.85,0.58,245.17,1.06,247.41
2022,5,12,6,0.4,0.39,1.03,46.48,45.48,6.05,0.03,0.17,11.48,10.7,11.09,11.66,99.88,0.01,72.9,1.03,241.88,1.37,242.56
2022,5,12,7,1.02,1.06,2.06,119.62,126.05,14.92,0.22,1.08,13.01,10.83,11.91,11.72,91,0.01,72.95,1.69,231.96,2.13,232
2022,5,12,8,1.69,1.77,3,203.12,214.2,25.56,0.56,2.85,14.89,10.47,12.68,11.41,78.56,0.01,73,2.36,216.79,2.98,216.57
2022,5,12,9,1.95,2.45,3.78,247.85,301.12,32.82,0.94,4.85,16.17,10.4,13.29,11.35,71.88,0.01,73.02,3.11,209.33,3.96,209.14
2022,5,12,10,2.25,2.96,4.35,290.48,365.27,39.14,1.28,6.55,17.17,10.71,13.94,11.54,68.5,0.01,73,3.69,207.65,4.72,207.63
2022,5,12,11,2.14,3.35,4.66,277.58,407.2,39.08,1.41,7.42,17.84,11.03,14.44,11.72,66.75,0.01,72.96,4.21,206.8,5.4,206.82
2022,5,12,12,2.25,3.52,4.71,298.15,432,42.9,1.59,8.48,18.05,11.27,14.66,11.84,66.62,0.02,72.91,4.61,207.13,5.94,207.14
2022,5,12,13,2.05,3.24,4.49,263.9,393.9,37.27,1.31,6.7,18.02,11.36,14.69,11.9,66.94,0.02,72.85,4.91,207.79,6.36,207.76
2022,5,12,14,1.69,2.74,4,213.02,329.77,29.67,0.94,4.77,17.56,11.32,14.44,11.9,68.69,0.03,72.79,5.03,208.87,6.56,208.82
2022,5,12,15,1.25,2.13,3.29,156.67,255.2,21.59,0.56,2.92,16.89,11.07,13.98,11.72,70.56,0.03,72.76,4.78,209.71,6.25,209.74
2022,5,12,16,0.73,1.37,2.4,88.35,160.02,11.9,0.22,1.08,16.01,10.82,13.41,11.54,73.5,0.03,72.75,4.27,209.99,5.62,209.95
2022,5,12,17,0.41,0.65,1.4,47.9,74.1,6.44,0.06,0.3,14.75,10.7,12.73,11.47,79.25,0.02,72.76,3.46,209.23,4.62,209.25
2022,5,12,18,0.08,0.11,0.36,7.92,12.23,1.09,0,0.02,13.46,10.83,12.15,11.6,87.25,0.31,72.8,2.26,206.3,3.18,206.06
2022,5,12,19,0,0,0,0,0,0,0,0,12.67,11.19,11.93,11.9,94.5,0.21,72.85,1.44,204.75,2.17,203.98
2022,5,12,20,0,0,0,0,0,0,0,0,12.31,11.23,11.77,11.9,96.94,0.13,72.9,1.19,206.57,1.89,205.4
2022,5,12,21,0,0,0,0,0,0,0,0,12.01,11.18,11.59,11.84,98.38,0.12,72.93,0.94,208.69,1.65,207.66
2022,5,12,22,0,0,0,0,0,0,0,0,11.72,11.08,11.4,11.78,99.62,0.12,72.92,0.81,210.77,1.54,210.47
2022,5,12,23,0,0,0,0,0,0,0,0,11.43,10.95,11.19,11.66,100,0.13,72.89,0.79,214.48,1.56,214.41
2022,5,13,0,0,0,0,0,0,0,0,0,11.16,10.76,10.97,11.54,100,0.11,72.84,0.79,217.78,1.61,218.09
2022,5,13,1,0,0,0,0,0,0,0,0,10.9,10.53,10.72,11.41,100,0.09,72.79,0.79,221.78,1.59,222.61
2022,5,13,2,0,0,0,0,0,0,0,0,10.65,10.33,10.49,11.29,100,0.08,72.75,0.73,225,1.53,225.62
2022,5,13,3,0,0,0,0,0,0,0,0,10.44,10.15,10.3,11.17,100,0.07,72.72,0.66,224.52,1.38,225.23
2022,5,13,4,0,0,0,0,0,0,0,0,10.35,10.04,10.19,11.05,100,0.06,72.71,0.6,222.37,1.19,222.07
2022,5,13,5,0.04,0.03,0.13,3.88,3.9,0.54,0,0,10.35,9.99,10.17,11.05,100,0.03,72.73,0.48,220.4,0.91,218.74
2022,5,13,6,0.46,0.53,1.04,55.73,64.73,7.15,0.04,0.23,11.24,10.33,10.79,11.35,98.69,0.03,72.76,0.88,210.88,1.17,210.5
2022,5,13,7,1.1,1.35,2.07,136.67,168.75,18.12,0.29,1.42,12.55,10.65,11.6,11.54,92.25,0.04,72.8,1.78,203.2,2.29,203.33
2022,5,13,8,1.7,2.16,3,214.25,270.95,29.88,0.73,3.75,14.42,10.9,12.65,11.72,82.75,0.13,72.82,2.56,197.6,3.26,197.74
2022,5,13,9,2.09,2.84,3.78,271.62,355.17,38.94,1.21,6.35,15.9,10.9,13.4,11.66,75.12,0.23,72.83,3.31,200.02,4.23,200.11
2022,5,13,10,1.96,3.29,4.35,259.62,409.77,37.93,1.34,6.88,16.54,11.1,13.82,11.78,72.81,0.32,72.82,3.91,204.06,5.01,204.09
2022,5,13,11,2.06,3.55,4.67,279.9,439.92,41,1.54,8.1,16.63,11.37,14,12.02,73.69,0.32,72.78,4.23,206.42,5.46,206.42
2022,5,13,12,1.85,3.6,4.71,258.7,445.27,38.21,1.47,7.8,16.79,11.62,14.2,12.21,74.19,0.32,72.74,4.38,209.26,5.66,209.25
2022,5,13,13,1.68,3.34,4.49,231.5,412.52,33.55,1.23,6.17,16.98,11.74,14.36,12.33,74,0.3,72.68,4.42,212.37,5.72,212.35
2022,5,13,14,1.15,2.75,4,160.17,337.4,22.77,0.73,3.73,17.34,11.87,14.6,12.51,73.12,0.25,72.63,4.38,215.05,5.67,215
2022,5,13,15,0.92,2.08,3.29,124.67,251.67,17.24,0.47,2.42,17.13,11.8,14.47,12.45,73.69,0.17,72.59,4.17,217.23,5.42,217.15
2022,5,13,16,0.5,1.33,2.41,65.77,159.45,9,0.17,0.85,16.33,11.64,13.98,12.33,76.81,0.1,72.57,3.78,220.05,4.94,220.06
2022,5,13,17,0.34,0.62,1.41,39.85,72.42,5.23,0.05,0.25,15.06,11.46,13.26,12.15,82.31,0.07,72.58,3.11,222.96,4.14,222.94
2022,5,13,18,0.08,0.1,0.37,8.52,11.65,1.17,0.01,0.02,13.57,11.58,12.58,12.27,91.56,0.02,72.6,1.91,221.85,2.73,221.76
2022,5,13,19,0,0,0,0,0,0,0,0,12.69,11.82,12.26,12.45,98.31,0.01,72.64,1.19,217.02,1.92,216.73
2022,5,13,20,0,0,0,0,0,0,0,0,12.29,11.55,11.92,12.21,99,0.01,72.68,0.94,219.62,1.67,218.74
2022,5,13,21,0,0,0,0,0,0,0,0,11.76,11.14,11.44,11.9,100,0.01,72.72,0.93,238.46,1.53,236.63
2022,5,13,22,0,0,0,0,0,0,0,0,11.18,10.87,11.02,11.72,100,0.01,72.74,0.66,252.2,1.15,251.81
2022,5,13,23,0,0,0,0,0,0,0,0,10.81,10.65,10.73,11.6,100,0.01,72.72,0.59,268.47,1.06,267.47
2022,5,14,0,0,0,0,0,0,0,0,0,10.5,10.35,10.42,11.41,100,0.01,72.68,0.58,286.48,1.08,285.04
2022,5,14,1,0,0,0,0,0,0,0,0,10.1,9.98,10.05,11.11,100,0.01,72.64,0.59,301.36,1.14,299.89
2022,5,14,2,0,0,0,0,0,0,0,0,9.69,9.58,9.64,10.86,100,0.01,72.61,0.61,307.75,1.2,306.5
2022,5,14,3,0,0,0,0,0,0,0,0,9.33,9.1,9.22,10.5,100,0,72.59,0.65,313.53,1.17,311.47
2022,5,14,4,0,0,0,0,0,0,0,0,9.14,8.66,8.9,10.19,100,0,72.6,0.65,323.82,1.09,321.98
2022,5,14,5,0.04,0.03,0.13,3.48,3.5,0.48,0,0,9.13,8.25,8.69,9.95,99.44,0,72.62,0.63,335.67,1.01,335.41
2022,5,14,6,0.25,0.46,1.05,29.42,52.98,3.84,0.02,0.12,10.85,8.7,9.77,10.25,91.31,0,72.67,0.58,337.91,0.85,340.06
2022,5,14,7,0.67,1.28,2.08,82.33,154.23,11.45,0.19,0.9,13.42,8.76,11.08,10.25,77.38,0,72.72,0.77,236.95,0.97,237.21
2022,5,14,8,1.3,2.11,3.01,163.15,257.75,22.91,0.55,2.85,15.52,8.75,12.13,10.13,66.88,0,72.76,2.24,209.42,2.83,209.47
2022,5,14,9,1.72,2.82,3.78,220.73,346.35,31.55,0.95,5.05,16.97,8.97,12.97,10.25,61.62,0,72.8,3.13,206.5,3.98,206.46
2022,5,14,10,2.21,3.35,4.35,285.15,411.08,40.79,1.4,7,17.84,9.48,13.66,10.56,60.06,0,72.82,3.78,207.31,4.83,207.35
2022,5,14,11,2.54,3.64,4.67,339.67,447.4,48.66,1.8,9.4,18.17,10.04,14.11,10.93,60.75,0,72.82,4.2,209.19,5.37,209.18
2022,5,14,12,2.34,3.78,4.72,323.4,468.42,49.01,1.86,9.8,18.31,10.37,14.34,11.17,61.56,0,72.8,4.55,210.88,5.86,210.91
2022,5,14,13,1.74,3.53,4.49,238.95,435.25,36.14,1.31,6.55,18.15,10.61,14.38,11.35,63.12,0.01,72.78,4.74,211.81,6.14,211.79
2022,5,14,14,1.47,3.03,4.01,194.08,372.83,28.53,0.93,4.75,17.34,10.72,14.03,11.41,66.94,0.01,72.77,4.64,212.4,6.04,212.44
2022,5,14,15,1.02,2.34,3.3,133.83,285.77,19.07,0.52,2.65,16.57,10.69,13.63,11.41,70.19,0.01,72.76,4.11,211.73,5.36,211.65
2022,5,14,16,0.49,1.51,2.41,64.2,183.15,9.27,0.18,0.88,15.65,10.56,13.11,11.29,73.88,0,72.78,3.47,210.03,4.52,210.11
2022,5,14,17,0.23,0.69,1.41,28,81.83,3.98,0.04,0.2,14.55,10.44,12.5,11.23,78.81,0,72.81,2.76,206.93,3.63,206.84
2022,5,14,18,0.08,0.11,0.38,8.55,12.65,1.16,0.01,0.02,13.27,10.57,11.92,11.35,86.62,0.23,72.85,1.76,202.93,2.45,202.65
2022,5,14,19,0,0,0,0,0,0,0,0,12.37,10.85,11.62,11.6,93.88,0.09,72.91,1.07,200.95,1.7,197.68
2022,5,14,20,0,0,0,0,0,0,0,0,11.94,10.49,11.22,11.29,94.12,0.03,72.96,0.88,196.02,1.35,192.35
2022,5,14,21,0,0,0,0,0,0,0,0,11.56,10.19,10.87,11.05,94.38,0.01,72.98,0.54,190.01,0.85,189.03
2022,5,14,22,0,0,0,0,0,0,0,0,11.37,10.01,10.69,10.93,94.38,0.01,72.99,0.16,212.91,0.33,222.09
2022,5,14,23,0,0,0,0,0,0,0,0,10.7,9.76,10.23,10.74,97.19,0.01,72.98,0.4,334.44,0.67,329.84
2022,5,15,0,0,0,0,0,0,0,0,0,10.05,9.3,9.68,10.44,98.81,0.01,72.96,0.61,344.36,1.11,343.61
2022,5,15,1,0,0,0,0,0,0,0,0,9.78,8.8,9.29,10.13,97.62,0.01,72.93,0.65,350.99,1.24,350.6
2022,5,15,2,0,0,0,0,0,0,0,0,9.69,8.39,9.04,9.89,96,0.02,72.9,0.67,353.96,1.31,354.53
2022,5,15,3,0,0,0,0,0,0,0,0,9.49,7.85,8.67,9.58,93.94,0.02,72.88,0.74,352.13,1.35,352.71
2022,5,15,4,0,0,0,0,0,0,0,0,9.55,7.26,8.41,9.22,90.06,0.04,72.89,0.78,350.26,1.29,351.62
2022,5,15,5,0.04,0.03,0.14,3.35,3.4,0.45,0,0,10,6.83,8.42,8.97,85.12,0.02,72.92,0.71,350.43,1.09,351.75
2022,5,15,6,0.27,0.43,1.06,31.65,49.58,4.09,0.02,0.12,11.58,7.85,9.72,9.7,82.94,0.01,72.97,0.48,349.78,0.76,352.37
2022,5,15,7,0.76,1.22,2.08,92.98,143.25,12.31,0.2,0.95,14.15,8.08,11.11,9.77,70.81,0.01,73.02,0.66,195.85,0.81,195.64
2022,5,15,8,1.08,2.04,3.01,134.25,241.85,18.52,0.45,2.27,15.93,8.32,12.12,9.89,63.75,0.01,73.06,2.05,190.54,2.59,190.43
2022,5,15,9,1.51,2.77,3.79,197.45,331.67,27.65,0.84,4.35,17.3,8.69,13,10.07,59.5,0,73.07,2.76,192.07,3.51,191.96
2022,5,15,10,1.82,3.32,4.35,237.77,399.05,34.03,1.16,5.85,18.37,9.26,13.81,10.38,57.38,0.01,73.06,3.32,196.39,4.23,196.19
2022,5,15,11,1.75,3.66,4.67,241.38,441.12,35.21,1.31,6.75,19.05,9.88,14.46,10.74,56.88,0.03,73.03,3.7,200.39,4.72,200.32
2022,5,15,12,1.39,3.39,4.72,192.5,401.9,25.54,0.93,4.88,19.35,10.3,14.82,10.99,57.12,0.12,72.98,4.07,202.68,5.22,202.69
2022,5,15,13,1.29,3.18,4.49,172.02,374.4,22.59,0.78,3.92,18.85,10.5,14.67,11.11,59.5,0.24,72.94,4.31,204.38,5.6,204.38
2022,5,15,14,1.15,2.72,4.01,148.3,319.42,19.12,0.6,3.08,18.1,10.66,14.38,11.23,62.94,0.39,72.9,4.31,206.94,5.63,206.88
2022,5,15,15,0.83,2.08,3.3,107.1,242.5,13.68,0.36,1.88,17.19,10.71,13.94,11.29,66.94,0.35,72.88,4.07,210.55,5.36,210.56
2022,5,15,16,0.63,1.34,2.42,76.48,153.48,9.54,0.18,0.9,16.27,10.65,13.46,11.23,70.75,0.28,72.89,3.63,213.42,4.82,213.36
2022,5,15,17,0.35,0.61,1.42,39.42,68.65,4.7,0.05,0.23,15.3,10.59,12.94,11.23,75.19,0.22,72.91,3,214.19,4.09,214.18
2022,5,15,18,0.08,0.1,0.39,7.95,11.55,1.03,0,0.02,13.83,11.31,12.57,11.9,87.69,0.23,72.94,1.78,214.11,2.71,213.46
2022,5,15,19,0,0,0,0,0,0,0,0,12.73,10.9,11.82,11.54,91.56,0.18,73.01,1.38,216.03,2.3,214.77
2022,5,15,20,0,0,0,0,0,0,0,0,12.44,10.23,11.33,10.99,88.94,0.12,73.08,1.3,224.03,2.03,223.44
2022,5,15,21,0,0,0,0,0,0,0,0,12.3,9.65,10.98,10.56,86.25,0.08,73.14,0.9,233.13,1.35,233.26
2022,5,15,22,0,0,0,0,0,0,0,0,11.77,9.11,10.44,10.19,86.44,0.06,73.15,0.5,275.36,0.78,274
2022,5,15,23,0,0,0,0,0,0,0,0,10.69,8.37,9.53,9.83,89.31,0.07,73.13,0.53,320.95,0.92,316.38
2022,5,16,0,0,0,0,0,0,0,0,0,9.88,7.48,8.68,9.34,89.75,0.07,73.09,0.64,329.04,1.1,328.34
2022,5,16,1,0,0,0,0,0,0,0,0,9.44,6.73,8.09,8.97,88.5,0.07,73.04,0.69,332.27,1.21,332.6
2022,5,16,2,0,0,0,0,0,0,0,0,9.16,6.05,7.6,8.61,86.5,0.06,73,0.75,335.31,1.29,336.85
2022,5,16,3,0,0,0,0,0,0,0,0,9.06,5.46,7.26,8.3,83.88,0.05,72.98,0.74,340.99,1.25,343.27
2022,5,16,4,0,0,0,0,0,0,0,0,8.9,5.01,6.96,8.06,82.12,0.03,72.98,0.75,344.95,1.25,347.35
2022,5,16,5,0.04,0.04,0.14,3.58,4.33,0.52,0,0,8.8,4.69,6.74,7.81,80.81,0.01,73,0.79,349.7,1.3,351.05
2022,5,16,6,0.38,0.56,1.07,44.98,65.62,5.83,0.04,0.17,10.47,6.71,8.58,9.22,84.69,0,73.04,0.71,342.16,1.21,348.84
2022,5,16,7,0.9,1.41,2.09,111,170.2,15.53,0.25,1.23,13.28,5.82,9.55,8.67,66.25,0.02,73.07,0.51,312.51,0.65,315
2022,5,16,8,1.42,2.25,3.02,181.95,273.33,26.14,0.65,3.3,15.25,5.1,10.18,8.24,55.62,0,73.08,1.21,216.05,1.52,216.87
2022,5,16,9,1.89,2.96,3.79,245.98,360.27,35.8,1.11,5.83,16.97,5.33,11.15,8.3,50.25,0,73.08,2.27,206.3,2.83,206.71
2022,5,16,10,2.27,3.48,4.35,295.73,423.33,43.38,1.52,7.65,18.23,6.09,12.15,8.67,48.31,0,73.06,3.12,203.03,3.92,203.24
2022,5,16,11,2.41,3.76,4.67,318.2,457.73,47.52,1.77,9.27,18.87,7.16,13.01,9.16,49.19,0.02,73.04,3.75,201.65,4.75,201.71
2022,5,16,12,2.18,3.43,4.72,287.67,413.08,37.95,1.37,7.25,18.98,8.35,13.66,9.83,52.25,0.14,73.01,4.01,201.61,5.1,201.69
2022,5,16,13,1.96,3.16,4.49,247.52,379.23,33.13,1.12,5.77,18.56,9.2,13.88,10.31,56.31,0.33,72.97,4.04,202.3,5.15,202.37
2022,5,16,14,1.58,2.73,4.01,205.38,329.45,26.58,0.83,4.2,17.65,9.65,13.65,10.68,61.44,0.62,72.93,3.99,204.3,5.14,204.31
2022,5,16,15,1.04,2.06,3.31,132.65,247.1,16.51,0.42,2.17,16.62,10.07,13.34,11.05,67.81,0.88,72.89,3.77,207.42,4.89,207.3
2022,5,16,16,0.65,1.31,2.43,81.6,155.4,10.03,0.18,0.9,15.55,10.37,12.97,11.29,74.44,0.99,72.86,3.4,210.69,4.44,210.67
2022,5,16,17,0.41,0.62,1.43,49.95,74.25,6.17,0.05,0.27,14.25,10.63,12.44,11.54,82.75,0.96,72.86,2.83,211.8,3.77,211.62
2022,5,16,18,0.09,0.11,0.39,9.6,12.75,1.18,0,0.02,12.86,11.12,11.99,12.02,94,0.73,72.89,1.78,210.83,2.5,210.41
2022,5,16,19,0,0,0,0,0,0,0,0,12.28,11.52,11.9,12.39,100,0.51,72.92,1.2,210.9,1.75,209.65
2022,5,16,20,0,0,0,0,0,0,0,0,12,11.56,11.78,12.39,100,0.27,72.96,1.07,210.32,1.58,209.22
2022,5,16,21,0,0,0,0,0,0,0,0,11.45,11.25,11.35,12.15,100,0.12,72.98,1.01,213.94,1.55,211.36
2022,5,16,22,0,0,0,0,0,0,0,0,11.19,10.95,11.07,11.96,100,0.07,72.98,1.07,213.11,1.61,210.3
2022,5,16,23,0,0,0,0,0,0,0,0,11.03,10.76,10.9,11.84,100,0.05,72.94,1,209.36,1.45,206.98
2022,5,17,0,0,0,0,0,0,0,0,0,10.86,10.41,10.64,11.6,100,0.06,72.91,0.79,221.78,1.08,221.5
2022,5,17,1,0,0,0,0,0,0,0,0,10.48,10.05,10.26,11.29,100,0.06,72.87,0.67,260.65,0.96,262.53
2022,5,17,2,0,0,0,0,0,0,0,0,9.8,9.53,9.66,10.99,100,0.05,72.83,0.5,302.2,0.85,302.67
2022,5,17,3,0,0,0,0,0,0,0,0,8.84,8.76,8.8,10.5,100,0.02,72.79,0.62,314.49,1.21,309.76
2022,5,17,4,0,0,0,0,0,0,0,0,8.03,7.92,7.98,9.95,100,0,72.77,0.77,316.64,1.55,313.98
2022,5,17,5,0.04,0.04,0.14,3.4,3.9,0.46,0,0,7.69,7.08,7.38,9.4,100,0,72.79,0.87,322.31,1.7,321.34
2022,5,17,6,0.46,0.46,1.07,52.4,52.92,6.66,0.04,0.2,10.12,7.73,8.92,9.83,92.31,0.01,72.83,1.07,324.22,1.66,323.99
2022,5,17,7,1.15,1.22,2.09,134.55,143.48,16.81,0.25,1.23,12.78,6.9,9.84,9.34,73.75,0.01,72.87,1.81,288.59,2.35,288.43
2022,5,17,8,1.91,2.04,3.02,229.17,244.12,29.79,0.68,3.42,15.4,5.62,10.51,8.67,57.81,0.02,72.89,2.89,255.44,3.73,255.56
2022,5,17,9,2.52,2.77,3.79,308.83,333.42,41.45,1.23,6.48,17.45,5.08,11.26,8.42,49.12,0.01,72.91,3.81,242.91,4.92,242.86
2022,5,17,10,2.79,3.28,4.36,342.75,395.25,47.44,1.59,8.23,18.65,6.02,12.33,8.85,47.94,0.01,72.93,4.69,234.43,6.09,234.39
2022,5,17,11,2.99,3.61,4.67,377.12,433.6,52.3,1.91,10.12,19.08,7.62,13.35,9.7,51.06,0.01,72.92,5.22,230.71,6.8,230.69
2022,5,17,12,3.07,3.74,4.72,391.55,449.25,55.78,2.07,11.17,19.09,8.9,14,10.31,54.44,0.03,72.89,5.38,231.43,6.99,231.44
2022,5,17,13,2.78,3.53,4.5,348.2,424.15,49.13,1.75,9,18.77,9.34,14.06,10.5,56.5,0.12,72.85,5.33,233.94,6.96,233.95
2022,5,17,14,2.39,3.07,4.01,298.1,370.6,41.78,1.34,6.83,18.43,9.07,13.75,10.31,56.5,0.23,72.81,5.25,237.02,6.89,237.12
2022,5,17,15,1.84,2.42,3.31,227.85,292.33,31.28,0.81,4.17,17.81,8.54,13.17,9.95,56.62,0.27,72.78,4.84,237.46,6.38,237.59
2022,5,17,16,1.23,1.63,2.43,148.3,196.6,19.58,0.36,1.77,16.98,8.1,12.54,9.64,57.81,0.26,72.76,4.25,237.25,5.64,237.39
2022,5,17,17,0.67,0.81,1.44,78.4,96.92,9.79,0.09,0.45,15.67,7.87,11.76,9.46,61.75,0.24,72.77,3.4,236.53,4.6,236.63
2022,5,17,18,0.13,0.13,0.4,13.58,15.73,1.82,0.01,0.02,13.17,8.94,11.06,10.38,79.44,0.26,72.81,1.77,235.61,2.79,236.09
2022,5,17,19,0,0,0,0,0,0,0,0,11.27,8.56,9.92,10.01,87.31,0.17,72.86,1.12,240.4,2.17,240.38
2022,5,17,20,0,0,0,0,0,0,0,0,10.95,8.08,9.52,9.64,86.12,0.08,72.92,1.22,247.86,2.15,247.08
2022,5,17,21,0,0,0,0,0,0,0,0,10.33,7.37,8.85,9.22,85.44,0.05,72.97,0.98,254.31,1.81,254.22
2022,5,17,22,0,0,0,0,0,0,0,0,9.98,6.76,8.37,8.79,83.69,0.04,72.99,0.86,264.76,1.53,265.6
2022,5,17,23,0,0,0,0,0,0,0,0,9.49,6.22,7.85,8.48,83.38,0.04,72.98,0.83,284.17,1.46,284.56
2022,5,18,0,0,0,0,0,0,0,0,0,8.76,5.74,7.25,8.24,84.88,0.03,72.95,0.88,304.53,1.59,303.38
2022,5,18,1,0,0,0,0,0,0,0,0,7.96,5.23,6.6,7.93,86.75,0.06,72.93,0.96,318.29,1.82,316.22
2022,5,18,2,0,0,0,0,0,0,0,0,7.3,4.62,5.96,7.63,87.25,0.05,72.9,1.02,327.53,1.98,326.12
2022,5,18,3,0,0,0,0,0,0,0,0,6.87,3.94,5.41,7.32,85.69,0.05,72.89,1.09,330.31,2.15,328.68
2022,5,18,4,0,0,0,0,0,0,0,0,6.59,2.98,4.78,6.84,81.88,0,72.89,1.14,330.79,2.21,328.9
2022,5,18,5,0.05,0.04,0.15,3.98,4.23,0.55,0,0,6.83,2.18,4.5,6.47,76.19,0,72.91,1.12,329.51,2.1,327.79
2022,5,18,6,0.48,0.49,1.08,54.88,56.73,6.85,0.04,0.2,9.3,4.54,6.92,7.87,78.62,0,72.96,1.11,313.85,1.83,317.25
2022,5,18,7,1.16,1.25,2.1,135.02,146.4,16.76,0.24,1.2,12.53,3.12,7.83,7.02,56.44,0,73,1.79,275.01,2.4,275.41
2022,5,18,8,1.89,2.07,3.02,226.1,245.75,29.5,0.67,3.4,14.75,2.16,8.46,6.41,44.81,0,73.04,2.81,244.15,3.65,244.15
2022,5,18,9,2.5,2.69,3.79,299.92,318.92,39.55,1.12,5.83,16.36,2.86,9.61,6.77,42.5,0,73.05,3.52,230.59,4.53,230.6
2022,5,18,10,3.04,3.26,4.36,369.27,388.95,50.17,1.63,8.5,17.43,3.65,10.55,7.14,41.81,0,73.04,4.1,223.46,5.27,223.56
2022,5,18,11,3.25,3.62,4.67,408.27,435.23,57.05,2,10.77,18.04,4.41,11.23,7.45,42.06,0.01,73.02,4.53,220.39,5.83,220.33
2022,5,18,12,2.69,3.73,4.72,349.7,451,50.39,1.82,9.75,18.27,5.29,11.78,7.87,43.69,0.04,73,4.74,219.65,6.09,219.64
2022,5,18,13,2.59,3.49,4.5,326.15,422.5,46.52,1.61,8.38,18.16,5.98,12.07,8.18,45.88,0.11,72.96,4.78,219.49,6.14,219.42
2022,5,18,14,2,3,4.02,252.27,362.98,35.43,1.09,5.58,17.9,6.33,12.12,8.42,47.69,0.19,72.93,4.73,219.5,6.1,219.5
2022,5,18,15,1.6,2.33,3.31,198.2,280.7,26.95,0.69,3.52,17.33,6.48,11.9,8.48,50.06,0.21,72.91,4.47,219.82,5.8,219.76
2022,5,18,16,1,1.54,2.44,121.33,184.25,16.06,0.29,1.42,16.4,6.35,11.38,8.42,52.75,0.21,72.9,3.96,220.67,5.17,220.59
2022,5,18,17,0.5,0.73,1.44,57.9,86.62,7.34,0.07,0.33,15,6.46,10.73,8.54,58.5,0.18,72.92,3.14,221.07,4.21,220.94
2022,5,18,18,0.11,0.13,0.41,11.65,15.08,1.55,0.01,0.02,12.63,8.16,10.4,9.89,78.62,0.07,72.97,1.64,222.68,2.57,221.55
2022,5,18,19,0,0,0,0,0,0,0,0,11,7.62,9.31,9.4,83.56,0.05,73.02,0.98,223.71,1.86,222.79
2022,5,18,20,0,0,0,0,0,0,0,0,10.58,7.21,8.9,9.09,83.25,0.04,73.08,0.92,230.19,1.73,230.49
2022,5,18,21,0,0,0,0,0,0,0,0,10.23,6.76,8.49,8.79,82.62,0.02,73.12,0.85,241.56,1.55,241.76
2022,5,18,22,0,0,0,0,0,0,0,0,9.98,6.15,8.06,8.42,80.56,0.01,73.12,0.78,260.73,1.35,261.68
2022,5,18,23,0,0,0,0,0,0,0,0,9.4,5.62,7.51,8.18,81.12,0.01,73.09,0.74,287.28,1.29,287.23
2022,5,19,0,0,0,0,0,0,0,0,0,8.93,4.93,6.93,7.81,80.12,0.02,73.04,0.85,313.51,1.49,312.46
2022,5,19,1,0,0,0,0,0,0,0,0,8.43,4.28,6.36,7.51,79.38,0.02,73,0.97,327.85,1.74,326.52
2022,5,19,2,0,0,0,0,0,0,0,0,8.2,3.69,5.94,7.14,76.88,0.05,72.96,1.01,329.26,1.87,327.64
2022,5,19,3,0,0,0,0,0,0,0,0,8.19,3.18,5.69,6.84,73.56,0.13,72.95,1.02,325.33,1.88,323.27
2022,5,19,4,0,0,0,0,0,0,0,0,8.32,2.73,5.52,6.59,70.19,0.11,72.95,0.98,324.78,1.76,322.57
2022,5,19,5,0.04,0.04,0.15,3.5,4.42,0.5,0,0,8.38,2.56,5.47,6.47,68.88,0.08,72.96,0.94,327.49,1.69,325.57
2022,5,19,6,0.49,0.51,1.09,55.65,59.6,6.94,0.04,0.2,10.05,5.35,7.69,8.12,77.19,0.12,73,1.11,319.27,1.72,322.56
2022,5,19,7,1.12,1.29,2.1,132.45,152.95,16.8,0.25,1.2,12.98,4.49,8.73,7.51,58.56,0.27,73.02,1.51,275.95,1.99,276.09
2022,5,19,8,1.76,2.09,3.03,212.92,250.67,28.23,0.62,3.17,15.07,4.3,9.69,7.39,50.38,0.01,73.03,2.58,236.6,3.33,236.57
2022,5,19,9,2.39,2.81,3.8,295.5,340.1,40.3,1.15,5.9,16.62,4.97,10.8,7.75,48,0.05,73.04,3.61,224.03,4.67,224.12
2022,5,19,10,2.76,3.3,4.36,343.67,398.48,47.7,1.55,7.92,17.51,5.87,11.69,8.3,48.31,0.07,73.05,4.41,220.69,5.72,220.79
2022,5,19,11,2.59,3.58,4.67,333.27,432.75,46.69,1.63,8.6,17.82,6.76,12.29,8.73,50.06,0.05,73.03,4.86,220.63,6.29,220.67
2022,5,19,12,1.99,3.35,4.72,260.58,400.48,34.45,1.2,6.27,17.25,7.29,12.26,9.03,53.44,0.12,72.99,4.96,221.04,6.46,221.13
2022,5,19,13,1.43,3.25,4.5,193.1,391.55,26.2,0.87,4.35,16.76,7.61,12.18,9.22,56.31,0.16,72.95,5.02,221.66,6.55,221.76
2022,5,19,14,1.45,2.8,4.02,191.6,337.15,25.78,0.8,4.02,16.54,7.78,12.15,9.34,57.75,0.2,72.9,4.94,223.97,6.43,224.11
2022,5,19,15,1.12,2.16,3.32,145.38,259.85,19.55,0.5,2.58,16.08,7.74,11.9,9.28,59.25,0.18,72.86,4.67,226.83,6.11,226.92
2022,5,19,16,0.75,1.37,2.44,90.3,163.52,11.67,0.2,1,15.42,7.61,11.51,9.22,61.19,0.15,72.84,4.21,228.98,5.55,229.05
2022,5,19,17,0.48,0.64,1.45,54.75,75.88,6.68,0.05,0.27,14.28,7.61,10.94,9.22,65.94,0.1,72.84,3.34,228.79,4.53,228.92
2022,5,19,18,0.1,0.12,0.42,10.73,13.8,1.41,0.01,0.02,12.42,8.69,10.55,10.07,81.38,0.13,72.88,1.82,226.57,2.79,226.7
2022,5,19,19,0,0,0,0,0,0,0,0,11.05,8.22,9.63,9.7,85.94,0.07,72.94,1.33,225.48,2.38,225.8
2022,5,19,20,0,0,0,0,0,0,0,0,10.79,7.75,9.27,9.4,84.5,0.04,73.01,1.24,227.8,2.12,227.84
2022,5,19,21,0,0,0,0,0,0,0,0,10.64,7.12,8.88,8.97,81.56,0.02,73.06,0.99,232.05,1.64,232.15
2022,5,19,22,0,0,0,0,0,0,0,0,10.39,6.51,8.45,8.54,79.44,0.02,73.07,0.76,236.8,1.32,236.88
2022,5,19,23,0,0,0,0,0,0,0,0,10.2,6.09,8.15,8.3,78.12,0.02,73.05,0.54,250.51,0.96,248.46
2022,5,20,0,0,0,0,0,0,0,0,0,9.81,6.24,8.02,8.48,81.62,0.04,73.02,0.42,284.04,0.77,276.4
2022,5,20,1,0,0,0,0,0,0,0,0,9.38,6.23,7.8,8.48,84.06,0.04,72.98,0.41,304.9,0.74,295.49
2022,5,20,2,0,0,0,0,0,0,0,0,9.07,6.08,7.58,8.42,85.19,0.03,72.94,0.43,312.06,0.78,305.6
2022,5,20,3,0,0,0,0,0,0,0,0,8.94,5.71,7.33,8.18,83.44,0.02,72.92,0.39,321.52,0.67,313.58
2022,5,20,4,0,0,0,0,0,0,0,0,8.83,5.44,7.14,8,82.5,0.01,72.91,0.37,330.71,0.61,321.23
2022,5,20,5,0.05,0.04,0.16,4,4.62,0.55,0,0,8.64,5.33,6.98,7.93,82.81,0,72.93,0.41,340.87,0.69,333.73
2022,5,20,6,0.31,0.51,1.09,37.5,60.85,4.91,0.03,0.15,10.21,6.78,8.5,8.91,83.25,0,72.95,0.58,310.1,0.8,316.97
2022,5,20,7,0.74,1.31,2.11,95.45,158.9,12.87,0.2,1,12.54,7.08,9.81,9.03,72.5,0.01,72.97,0.88,239.56,1.11,240.36
2022,5,20,8,1.45,2.13,3.03,185.67,259.95,26.09,0.63,3.23,14.59,7.12,10.86,9.03,63.56,0,72.97,2.1,212.98,2.63,213.27
2022,5,20,9,1.89,2.84,3.8,240.65,346.7,34.54,1.05,5.5,16.4,7.11,11.75,9.03,56.62,0,72.96,3.03,209.47,3.84,209.48
2022,5,20,10,2.44,3.34,4.36,311.15,407.33,44.27,1.51,7.62,17.56,7.4,12.48,9.22,53.44,0,72.94,3.68,207.71,4.69,207.67
2022,5,20,11,2.47,3.65,4.67,325.33,445.85,47.18,1.73,9.05,18.11,7.93,13.01,9.46,53.19,0.01,72.9,4.12,208.17,5.26,208.16
2022,5,20,12,2.31,3.5,4.72,300.75,425.45,41.8,1.5,8.05,18.07,8.39,13.23,9.7,54.62,0.1,72.86,4.34,211.14,5.56,211.14
2022,5,20,13,2.05,3.26,4.5,262.8,395.27,36.2,1.23,6.4,17.6,8.62,13.11,9.89,57,0.27,72.81,4.49,214.3,5.8,214.25
2022,5,20,14,1.71,2.82,4.02,216.73,342.62,29.5,0.91,4.65,17.46,8.79,13.12,10.01,58.25,0.49,72.76,4.56,217.13,5.89,217.19
2022,5,20,15,1.32,2.18,3.32,164.98,263.23,22.09,0.57,2.92,16.76,8.74,12.76,10.01,60.75,0.61,72.72,4.39,218.64,5.7,218.71
2022,5,20,16,0.85,1.42,2.45,103.08,170.77,13.29,0.24,1.2,15.44,8.67,12.06,9.95,65.94,0.55,72.7,3.95,220.02,5.18,220.1
2022,5,20,17,0.44,0.67,1.46,51.9,80,6.41,0.06,0.3,14.05,8.58,11.32,9.95,72.06,0.48,72.71,3.34,221.59,4.47,221.53
2022,5,20,18,0.1,0.12,0.42,10.88,14.67,1.47,0.01,0.02,12.14,9.16,10.65,10.5,86.31,0.8,72.73,2,223.25,2.84,222.66
2022,5,20,19,0,0,0,0,0,0,0,0,10.83,9.42,10.12,10.8,96.5,0.67,72.77,1.26,225,2.07,223.01
2022,5,20,20,0,0,0,0,0,0,0,0,10.24,9.11,9.67,10.56,98.5,0.49,72.81,1.02,229.97,1.77,227.51
2022,5,20,21,0,0,0,0,0,0,0,0,9.5,8.4,8.94,10.07,98.62,0.3,72.82,0.77,238.74,1.43,238.39
2022,5,20,22,0,0,0,0,0,0,0,0,9.14,7.95,8.55,9.77,98.19,0.15,72.81,0.71,263.66,1.27,263.27
2022,5,20,23,0,0,0,0,0,0,0,0,8.68,7.59,8.14,9.58,99.12,0.1,72.78,0.71,296,1.29,295.16
2022,5,21,0,0,0,0,0,0,0,0,0,8.25,7.04,7.64,9.22,98.38,0.07,72.72,0.8,307.87,1.48,307.05
2022,5,21,1,0,0,0,0,0,0,0,0,8.08,6.55,7.32,8.91,96.06,0.06,72.67,0.84,310.49,1.54,310.25
2022,5,21,2,0,0,0,0,0,0,0,0,8.05,6.16,7.11,8.67,93.31,0.04,72.63,0.86,311.33,1.52,311.24
2022,5,21,3,0,0,0,0,0,0,0,0,7.92,5.73,6.83,8.36,91.12,0.03,72.6,0.9,308.66,1.54,308.21
2022,5,21,4,0,0,0,0,0,0,0,0,7.83,5.34,6.58,8.12,89.06,0.01,72.59,0.94,311.63,1.58,311
2022,5,21,5,0.05,0.04,0.16,4.17,4.88,0.59,0,0,7.89,5.02,6.45,7.93,86.81,0.01,72.6,0.96,315.66,1.62,315.2
2022,5,21,6,0.37,0.51,1.1,43.4,60.95,5.55,0.03,0.17,9.99,6.56,8.28,8.91,84.44,0.06,72.62,0.98,308.87,1.54,310.25
2022,5,21,7,0.98,1.29,2.11,120.05,156.17,16.1,0.26,1.25,12.66,6.66,9.66,8.97,71.06,0.88,72.63,1.73,263.77,2.24,263.99
2022,5,21,8,1.28,2.09,3.03,160.83,254.27,22.66,0.55,2.8,14.54,6.8,10.66,9.09,63.62,0.43,72.63,2.69,236.86,3.48,236.99
2022,5,21,9,2.05,2.79,3.8,263.55,339.42,36.36,1.1,5.77,16.08,7.19,11.63,9.34,59.12,0.29,72.63,3.54,227.51,4.59,227.48
2022,5,21,10,2.18,3.33,4.36,279.67,405.85,40.3,1.39,6.95,17.05,7.8,12.43,9.7,57.75,0.18,72.62,4.28,223.45,5.57,223.41
2022,5,21,11,2.56,3.58,4.67,334.45,434.5,47.54,1.73,9.08,17.5,8.4,12.95,10.01,58,0.19,72.59,4.73,223.13,6.15,223.1
2022,5,21,12,2.42,3.47,4.72,311.35,418.23,42.65,1.53,8.2,17.73,8.75,13.24,10.19,58.06,0.29,72.56,4.97,224.3,6.47,224.27
2022,5,21,13,2.41,3.27,4.5,300.3,392.7,41.02,1.4,7.27,17.77,8.91,13.34,10.19,58.19,0.45,72.5,5.18,226.89,6.77,226.87
2022,5,21,14,2.07,2.82,4.02,255.95,338.75,34.4,1.06,5.42,17.57,8.63,13.1,10.01,57.69,0.52,72.45,5.35,230.27,7.04,230.32
2022,5,21,15,1.57,2.21,3.32,192.92,264.9,25.36,0.66,3.38,16.97,8.07,12.51,9.64,57.69,0.49,72.42,5.05,231.73,6.65,231.68
2022,5,21,16,0.99,1.47,2.45,119.55,175.42,15.32,0.28,1.4,15.91,7.55,11.73,9.34,59.69,0.4,72.42,4.33,231.81,5.74,231.74
2022,5,21,17,0.48,0.71,1.46,55.35,84.6,7.02,0.07,0.33,14.41,7.33,10.87,9.22,64.94,0.3,72.44,3.32,231.49,4.48,231.37
2022,5,21,18,0.11,0.13,0.43,12.83,15.95,1.77,0.01,0.02,11.99,8.55,10.27,10.25,84.69,0.19,72.47,1.72,235.16,2.63,233.95
2022,5,21,19,0,0,0,0,0,0,0,0,10.42,7.65,9.03,9.52,87.44,0.15,72.52,0.98,239.74,1.64,238.8
2022,5,21,20,0,0,0,0,0,0,0,0,10,6.85,8.43,8.97,84.75,0.08,72.57,0.74,255.38,1.26,255.62
2022,5,21,21,0,0,0,0,0,0,0,0,9.22,6.29,7.76,8.67,86.19,0.03,72.59,0.71,287.24,1.25,286.29
2022,5,21,22,0,0,0,0,0,0,0,0,8.37,5.76,7.07,8.36,88.19,0.01,72.59,0.77,308.84,1.38,306.48
2022,5,21,23,0,0,0,0,0,0,0,0,7.52,5.2,6.37,8.06,90.12,0.01,72.56,0.84,319.51,1.53,317.69
2022,5,22,0,0,0,0,0,0,0,0,0,6.85,4.57,5.71,7.69,90.31,0,72.53,0.91,321.95,1.68,320.84
2022,5,22,1,0,0,0,0,0,0,0,0,6.5,3.87,5.19,7.32,88.12,0,72.5,0.94,322.75,1.69,321.75
2022,5,22,2,0,0,0,0,0,0,0,0,6.44,3.22,4.83,7.02,84.44,0,72.49,0.92,323.62,1.59,323.19
2022,5,22,3,0,0,0,0,0,0,0,0,6.39,2.63,4.51,6.71,81.19,0,72.48,0.92,322.94,1.55,322.38
2022,5,22,4,0,0,0,0,0,0,0,0,6.33,2.08,4.21,6.47,78.38,0,72.48,0.93,323.9,1.55,323.19
2022,5,22,5,0.05,0.04,0.16,3.98,4.52,0.55,0,0,6.48,1.75,4.11,6.29,75.81,0,72.5,0.91,327.26,1.53,326.63
2022,5,22,6,0.31,0.48,1.1,37.8,53.67,4.87,0.03,0.15,8.8,3.9,6.35,7.57,77.38,0.04,72.54,0.91,312.57,1.4,317.25
2022,5,22,7,0.28,1.23,2.11,35.33,141.02,4.84,0.07,0.35,11.77,3.29,7.53,7.08,59.31,0.12,72.58,1.73,260.67,2.25,261.03
2022,5,22,8,0.27,2.05,3.03,39.3,240.1,5.84,0.12,0.62,13.89,4.08,8.98,7.39,54.25,0,72.62,2.94,235.93,3.8,235.89
2022,5,22,9,0.54,2.74,3.8,80.6,323.67,11.77,0.32,1.67,15.45,4.7,10.08,7.69,51.12,0,72.64,3.75,227.61,4.82,227.63
2022,5,22,10,0.61,3.25,4.36,93.9,385.62,13.6,0.41,2.08,16.32,5.43,10.87,8.12,50.81,0.02,72.64,4.26,222.4,5.47,222.39
2022,5,22,11,1.59,3.6,4.67,215.5,430.67,31.3,1.11,5.73,16.73,6.29,11.51,8.61,52.38,0.06,72.62,4.56,219.93,5.85,219.96
2022,5,22,12,2.04,3.72,4.72,280.55,448.83,41.21,1.48,7.73,16.71,7.01,11.86,8.97,54.81,0.28,72.58,4.67,220.46,5.99,220.4
2022,5,22,13,1.87,3.53,4.5,250.73,427.98,37.16,1.3,6.48,16.41,7.48,11.94,9.28,57.44,0.76,72.53,4.74,221.26,6.1,221.26
2022,5,22,14,1.79,3.02,4.02,227.5,363.95,33.51,1.07,5.48,16,7.7,11.85,9.4,59.94,1.04,72.49,4.81,220.65,6.22,220.67
2022,5,22,15,1.39,2.43,3.33,176.95,294.73,26.13,0.7,3.62,15.26,7.78,11.52,9.52,63.44,1.06,72.47,4.67,220.19,6.07,220.15
2022,5,22,16,1.03,1.63,2.46,125.42,195.5,17.12,0.32,1.6,14.15,7.74,10.94,9.52,68.25,1,72.47,4.23,220.05,5.56,220.09
2022,5,22,17,0.57,0.8,1.47,65.7,94.7,8.24,0.08,0.38,13,7.8,10.4,9.58,74.19,0.62,72.49,3.53,220.33,4.72,220.36
2022,5,22,18,0.13,0.15,0.44,14.3,17.6,1.95,0.01,0.02,11.34,8.65,10,10.31,89,0.15,72.52,2.09,219.39,3.05,219.19
2022,5,22,19,0,0,0,0,0,0,0,0,9.81,8.46,9.13,10.07,96.56,0.13,72.56,1.14,216.95,2.07,216.39
2022,5,22,20,0,0,0,0,0,0,0,0,9.3,7.98,8.63,9.7,96.12,0.09,72.61,0.94,220.96,1.85,220.36
2022,5,22,21,0,0,0,0,0,0,0,0,9.05,7.41,8.23,9.28,93.81,0.06,72.63,0.86,228.67,1.6,228.16
2022,5,22,22,0,0,0,0,0,0,0,0,8.73,6.82,7.77,8.97,92.12,0.04,72.64,0.74,247.52,1.33,246
2022,5,22,23,0,0,0,0,0,0,0,0,8.17,6.28,7.23,8.67,92.62,0.03,72.63,0.68,275.25,1.18,272.28
2022,5,23,0,0,0,0,0,0,0,0,0,7.39,5.59,6.49,8.3,93.94,0.02,72.6,0.75,299.52,1.25,298.32
2022,5,23,1,0,0,0,0,0,0,0,0,6.88,4.91,5.9,8,93.38,0.02,72.57,0.79,315.4,1.33,315.71
2022,5,23,2,0,0,0,0,0,0,0,0,6.62,4.3,5.47,7.69,91.38,0.01,72.55,0.82,323.89,1.36,324.85
2022,5,23,3,0,0,0,0,0,0,0,0,6.51,3.64,5.08,7.39,88.38,0.01,72.55,0.8,339.44,1.29,340.58
2022,5,23,4,0,0,0,0,0,0,0,0,6.37,3.02,4.7,7.08,85.75,0,72.56,0.8,352.11,1.28,353
2022,5,23,5,0.04,0.04,0.17,3.48,4.88,0.5,0,0,6.37,2.55,4.46,6.9,83.25,0,72.59,0.81,1.1,1.32,2.03
2022,5,23,6,0.22,0.52,1.11,27.1,59.9,3.95,0.02,0.12,8.31,3.63,5.98,7.69,81.25,0,72.63,0.65,7.55,1.06,9.74
2022,5,23,7,0.65,1.32,2.12,83.08,157.1,11.95,0.19,0.92,11.03,2.55,6.8,7.02,62.31,0,72.66,0.56,204.04,0.67,203.29
2022,5,23,8,1.11,2.14,3.04,142.3,258.48,20.53,0.49,2.48,12.76,2.78,7.77,7.02,55.44,0.01,72.7,1.99,198.29,2.48,198.21
2022,5,23,9,1.53,2.87,3.8,198.65,349.38,29.25,0.88,4.55,14.33,3.4,8.87,7.2,51.44,0.01,72.71,2.69,198.43,3.36,198.31
2022,5,23,10,1.79,3.4,4.36,237.62,414.95,35.87,1.22,6.08,15.57,4.1,9.83,7.51,49.44,0,72.71,3.31,197.28,4.15,197.21
2022,5,23,11,1.82,3.7,4.67,251.75,451.58,38.41,1.38,7.12,16.35,4.94,10.65,7.93,49.5,0,72.7,3.79,196.53,4.77,196.45
2022,5,23,12,1.85,3.54,4.72,253.58,426.15,35.42,1.27,6.58,16.74,5.82,11.28,8.36,50.81,0,72.69,4.09,196.32,5.16,196.27
2022,5,23,13,1.75,3.34,4.5,226.65,403.08,32.69,1.13,5.65,16.41,6.58,11.49,8.73,54.12,0.01,72.67,4.12,197.33,5.21,197.37
2022,5,23,14,1.55,2.9,4.03,199.42,350.2,28.14,0.88,4.48,15.74,6.91,11.33,8.85,57.62,0.05,72.64,4.06,198.75,5.16,198.74
2022,5,23,15,1.12,2.23,3.33,139.45,266.73,19.41,0.51,2.6,15.01,7.12,11.07,9.03,61.38,0.08,72.63,3.9,201.38,4.99,201.39
2022,5,23,16,0.73,1.47,2.46,89.42,175.4,11.95,0.23,1.12,14.22,7.18,10.7,9.09,65.06,0.12,72.64,3.6,203.39,4.64,203.41
2022,5,23,17,0.32,0.72,1.48,37.08,84.8,4.89,0.05,0.25,13.08,7.34,10.22,9.22,70.94,0.17,72.68,3.14,203.89,4.13,203.85
2022,5,23,18,0.1,0.14,0.45,11.2,16.42,1.58,0.01,0.02,11.55,8.08,9.82,9.77,83.06,0.09,72.72,1.97,202.81,2.77,202.88
2022,5,23,19,0,0,0,0,0,0,0,0,10.5,8.65,9.58,10.19,93.25,0.1,72.78,0.99,201.72,1.67,201.4
2022,5,23,20,0,0,0,0,0,0,0,0,9.94,8.65,9.3,10.19,97,0.08,72.85,0.79,205.29,1.53,205
2022,5,23,21,0,0,0,0,0,0,0,0,9.56,8.56,9.06,10.13,99.06,0.07,72.89,0.67,208.66,1.38,208.45
2022,5,23,22,0,0,0,0,0,0,0,0,9.26,8.4,8.83,10.07,100,0.05,72.9,0.63,216.44,1.16,216.25
2022,5,23,23,0,0,0,0,0,0,0,0,9.03,8.31,8.67,10.01,100,0.03,72.89,0.56,232.33,0.95,233.04
2022,5,24,0,0,0,0,0,0,0,0,0,8.77,8.07,8.42,9.83,100,0.02,72.87,0.47,253.66,0.75,255.53
2022,5,24,1,0,0,0,0,0,0,0,0,8.56,7.79,8.17,9.64,100,0.01,72.85,0.33,267.27,0.51,269.12
2022,5,24,2,0,0,0,0,0,0,0,0,8.31,7.51,7.91,9.46,100,0,72.84,0.15,288.43,0.23,289.65
2022,5,24,3,0,0,0,0,0,0,0,0,8.07,7.23,7.65,9.28,100,0,72.84,0.12,298.3,0.18,298.81
2022,5,24,4,0,0,0,0,0,0,0,0,7.8,6.94,7.37,9.09,99.88,0,72.88,0.18,334.54,0.31,336.04
2022,5,24,5,0.05,0.05,0.17,4.3,5.3,0.61,0,0,7.62,6.65,7.13,8.85,98.94,0,72.92,0.31,28.5,0.57,23.4
2022,5,24,6,0.36,0.54,1.11,43.55,65.33,5.8,0.04,0.17,9.52,7.09,8.31,9.22,90.19,0,72.98,0.31,63.43,0.46,53.9
2022,5,24,7,0.72,1.33,2.12,93.15,162.08,13.16,0.22,1.05,11.77,6.62,9.2,8.85,75,0.01,73.06,0.75,178.81,0.99,177.27
2022,5,24,8,1.08,2.12,3.04,142.65,260.3,20.7,0.49,2.5,13.45,6.41,9.94,8.67,65.88,0.01,73.12,1.88,181.19,2.34,180.77
2022,5,24,9,1.54,2.82,3.8,203.8,347.2,30.19,0.91,4.7,14.64,6.55,10.59,8.73,61.38,0.01,73.15,2.5,178.21,3.08,178.11
2022,5,24,10,1.87,3.34,4.36,248.17,411.08,37.03,1.26,6.3,15.58,6.87,11.23,8.91,58.94,0.01,73.14,2.85,175.44,3.53,175.43
2022,5,24,11,1.98,3.67,4.67,275.1,451.75,41.16,1.5,7.73,16.35,7.39,11.87,9.22,58,0,73.1,3.12,175.69,3.87,175.72
2022,5,24,12,1.96,3.65,4.72,262.83,448.73,39.15,1.45,7.6,16.83,8,12.41,9.58,58.44,0.01,73.06,3.31,179.19,4.12,179.13
2022,5,24,13,1.63,3.45,4.5,224.5,423.1,33.05,1.16,5.77,16.76,8.55,12.65,9.95,60.81,0.01,73.01,3.39,183.3,4.25,183.27
2022,5,24,14,1.42,3,4.03,193.62,367.73,28.4,0.9,4.58,16.44,9.07,12.75,10.31,64.19,0.01,72.97,3.43,186.8,4.33,186.74
2022,5,24,15,1.14,2.35,3.34,145.95,286.92,21.44,0.59,3.05,15.99,9.4,12.69,10.56,67.56,0.01,72.94,3.46,189.48,4.41,189.48
2022,5,24,16,0.58,1.55,2.47,76.1,188.48,11.09,0.21,1.05,15.2,9.58,12.39,10.62,71.75,0.01,72.93,3.33,192.18,4.28,192.11
2022,5,24,17,0.44,0.75,1.49,51.67,89.62,6.78,0.07,0.33,13.9,9.76,11.83,10.8,79.06,0.01,72.96,2.93,193.74,3.83,193.81
2022,5,24,18,0.12,0.15,0.46,13.58,17.2,1.83,0.01,0.02,12.66,9.98,11.32,10.93,87,0.09,73,2.17,194.79,2.96,194.7
2022,5,24,19,0,0,0,0,0,0,0,0,11.72,10.08,10.9,11.05,93.75,0.1,73.05,1.36,190.6,1.94,191.17
2022,5,24,20,0,0,0,0,0,0,0,0,11.32,9.97,10.65,11.05,96,0.09,73.12,1.14,187.85,1.72,189.42
2022,5,24,21,0,0,0,0,0,0,0,0,11.01,9.69,10.35,10.8,96.12,0.07,73.17,1.08,189.19,1.59,191.03
2022,5,24,22,0,0,0,0,0,0,0,0,10.79,9.55,10.16,10.68,96.31,0.04,73.21,0.99,193.71,1.4,194.19
2022,5,24,23,0,0,0,0,0,0,0,0,10.32,9.15,9.74,10.44,97.19,0.03,73.21,0.64,189.12,0.86,189.89
2022,5,25,0,0,0,0,0,0,0,0,0,9.33,8.65,8.99,10.13,100,0.01,73.19,0.07,130.6,0.11,90
2022,5,25,1,0,0,0,0,0,0,0,0,8.58,8.22,8.4,9.89,100,0,73.15,0.19,34.99,0.42,32.8
2022,5,25,2,0,0,0,0,0,0,0,0,8.15,7.76,7.96,9.64,100,0,73.11,0.29,28.61,0.69,24.23
2022,5,25,3,0,0,0,0,0,0,0,0,7.96,7.26,7.61,9.28,100,0,73.09,0.45,35.07,1.02,26.76
2022,5,25,4,0,0,0,0,0,0,0,0,7.76,6.58,7.17,8.85,98,0,73.08,0.64,34.08,1.31,27.79
2022,5,25,5,0.05,0.04,0.17,3.92,5.05,0.55,0,0,7.83,6.06,6.95,8.48,93.69,0,73.09,0.7,34.57,1.36,29.95
2022,5,25,6,0.23,0.49,1.12,27.52,57.7,3.74,0.02,0.12,10.22,7.24,8.73,9.28,87.31,0.01,73.12,0.64,56.89,0.99,48.52
2022,5,25,7,0.58,1.26,2.12,74.42,150.27,10.77,0.18,0.88,12.76,6.85,9.8,8.91,70.81,0.01,73.15,1.12,140.09,1.42,139.91
2022,5,25,8,1,2.07,3.04,131.9,249.5,19.16,0.48,2.42,14.48,6.7,10.59,8.79,62.12,0.01,73.16,2.21,164.44,2.76,164.08
2022,5,25,9,1.37,2.77,3.8,184.12,336.15,26.84,0.8,4.2,15.74,7.13,11.44,9.03,58.94,0.03,73.17,2.99,173.99,3.72,173.86
2022,5,25,10,1.45,3.29,4.36,197.42,398.88,28.62,0.97,4.85,16.46,7.65,12.05,9.34,58.38,0.07,73.16,3.5,179.49,4.39,179.39
2022,5,25,11,1.79,3.53,4.67,247.73,426.98,35.31,1.28,6.65,16.81,8.19,12.5,9.7,59.19,0.16,73.13,3.85,183.26,4.85,183.23
2022,5,25,12,1.19,3.22,4.72,162.15,381.5,21.67,0.75,3.95,16.76,8.7,12.73,10.07,61.5,0.25,73.08,4.03,185.68,5.09,185.55
2022,5,25,13,0.65,3.05,4.5,96.92,360.4,12.98,0.41,2.1,16.61,9.08,12.84,10.31,63.56,0.38,73.03,4.05,187.86,5.13,187.78
2022,5,25,14,0.23,2.63,4.03,35.52,309.92,4.21,0.11,0.55,16.37,9.11,12.73,10.31,64.62,0.5,72.97,3.99,189.13,5.07,189.13
2022,5,25,15,0.29,2.05,3.34,42.75,241.3,5.65,0.13,0.7,15.87,9,12.44,10.25,66.19,0.5,72.93,3.75,190.8,4.79,190.71
2022,5,25,16,0.5,1.35,2.47,64.98,158.62,8.81,0.17,0.88,15.2,8.8,12,10.13,68.25,0.45,72.93,3.35,191.57,4.31,191.51
2022,5,25,17,0.33,0.65,1.49,39.58,75.48,5.07,0.05,0.27,14.04,8.69,11.37,10.07,73.25,0.35,72.94,2.74,191.34,3.56,191.38
2022,5,25,18,0.08,0.13,0.46,9.5,15.33,1.23,0.01,0.02,12.43,9.35,10.89,10.62,85.88,0.24,72.97,1.71,190.02,2.42,190.62
2022,5,25,19,0,0,0,0,0,0,0,0,11.33,9.88,10.61,11.05,96.12,0.26,73.01,1.08,190.42,1.78,191.9
2022,5,25,20,0,0,0,0,0,0,0,0,11.19,9.69,10.44,10.86,95.38,0.26,73.07,1.07,192.62,1.68,193.71
2022,5,25,21,0,0,0,0,0,0,0,0,11.04,9.47,10.25,10.68,94.88,0.22,73.11,1.06,195.37,1.61,196.59
2022,5,25,22,0,0,0,0,0,0,0,0,10.6,9.1,9.85,10.44,95.44,0.19,73.12,0.69,206.27,1.11,206.38
2022,5,25,23,0,0,0,0,0,0,0,0,10.36,9,9.68,10.38,96.19,0.17,73.08,0.64,213.11,1.03,212.97
2022,5,26,0,0,0,0,0,0,0,0,0,10.11,8.89,9.5,10.25,96.75,0.13,73.03,0.67,216.47,1.07,217.87
2022,5,26,1,0,0,0,0,0,0,0,0,9.59,8.65,9.12,10.07,98.5,0.1,72.98,0.57,229.48,0.98,228.22
2022,5,26,2,0,0,0,0,0,0,0,0,9.21,8.45,8.83,9.95,99.5,0.06,72.94,0.51,238.74,0.89,235.75
2022,5,26,3,0,0,0,0,0,0,0,0,8.83,8.21,8.52,9.77,100,0.09,72.9,0.41,242.45,0.7,233.13
2022,5,26,4,0,0,0,0,0,0,0,0,8.42,7.95,8.19,9.64,100,0.11,72.89,0.35,250.35,0.61,236.51
2022,5,26,5,0.05,0.05,0.18,3.92,5.1,0.56,0,0,8.12,7.83,7.98,9.52,100,0.08,72.91,0.28,263.48,0.49,250.41
2022,5,26,6,0.45,0.51,1.12,53.73,59.77,7.03,0.04,0.2,9.69,8.16,8.93,9.77,94.81,0.04,72.94,0.36,245.66,0.49,241.39
2022,5,26,7,1.01,1.26,2.13,120.75,149.33,15.52,0.23,1.1,11.45,7.66,9.56,9.52,81.88,0.07,72.97,0.84,214.43,1.09,211.18
2022,5,26,8,1.9,2.06,3.04,227.77,245.85,29.73,0.65,3.23,13.37,7.2,10.28,9.16,69.5,0.08,72.99,1.73,191.97,2.16,190.86
2022,5,26,9,2.34,2.8,3.8,287.48,338.55,39.57,1.1,5.62,14.67,6.98,10.83,8.97,62.75,0.08,73.01,2.65,187.8,3.29,187.5
2022,5,26,10,2.22,3.33,4.36,282.9,402.4,40.43,1.32,6.62,15.4,7.31,11.35,9.16,61.19,0.08,73.01,3.25,187.04,4.06,186.96
2022,5,26,11,2.54,3.63,4.67,331.17,438.27,46.86,1.62,8.45,15.86,7.74,11.8,9.46,61.12,0.08,72.98,3.68,187.8,4.62,187.68
2022,5,26,12,2.12,3.66,4.72,282.67,441.9,40.38,1.42,7.42,15.88,8.04,11.96,9.58,62.06,0.09,72.92,3.92,189.18,4.93,189.12
2022,5,26,13,1.69,3.45,4.5,220.67,414.33,31.59,1.05,5.27,15.79,8.21,12,9.7,62.94,0.11,72.86,4,191.49,5.05,191.43
2022,5,26,14,1.57,3.01,4.03,204.38,361.6,29.32,0.9,4.55,15.51,8.19,11.85,9.64,63.75,0.12,72.8,4.03,193.58,5.1,193.55
2022,5,26,15,1.25,2.33,3.34,159.27,277.42,22.42,0.57,2.92,14.94,8.03,11.49,9.52,65.25,0.13,72.76,3.94,196.13,5.03,196.24
2022,5,26,16,0.84,1.52,2.48,101.7,176.85,13.45,0.24,1.2,14.28,7.81,11.05,9.34,66.88,0.14,72.75,3.74,198.02,4.83,198.11
2022,5,26,17,0.44,0.74,1.5,50.85,83.92,6.45,0.06,0.3,13.23,7.69,10.46,9.28,70.88,0.13,72.76,3.3,199.76,4.34,199.9
2022,5,26,18,0.12,0.15,0.47,13.6,16.9,1.85,0.01,0.02,11.92,7.92,9.92,9.46,78.81,0.02,72.79,2.19,199.34,3.08,200.05
2022,5,26,19,0,0,0,0,0,0,0,0,10.62,8.22,9.42,9.7,88.12,0.03,72.83,1.32,198.33,2.2,200.56
2022,5,26,20,0,0,0,0,0,0,0,0,10.05,7.76,8.9,9.34,88.56,0.04,72.87,1.29,200.52,2.19,203.36
2022,5,26,21,0,0,0,0,0,0,0,0,9.69,7.26,8.48,9.03,87.5,0.04,72.9,1.22,203.44,1.94,205.53
2022,5,26,22,0,0,0,0,0,0,0,0,9.55,6.77,8.16,8.73,85.25,0.05,72.89,1.07,204.69,1.56,205.54
2022,5,26,23,0,0,0,0,0,0,0,0,9.27,6.36,7.81,8.48,84.5,0.05,72.85,0.58,213.48,0.89,211.05
2022,5,27,0,0,0,0,0,0,0,0,0,8.83,6.08,7.45,8.36,85.5,0.05,72.79,0.22,247.07,0.41,230.48
2022,5,27,1,0,0,0,0,0,0,0,0,8.2,5.87,7.04,8.24,88.12,0.04,72.73,0.17,335.77,0.2,315
2022,5,27,2,0,0,0,0,0,0,0,0,7.77,5.68,6.73,8.18,89.69,0.03,72.68,0.26,356.53,0.37,353.93
2022,5,27,3,0,0,0,0,0,0,0,0,7.43,5.5,6.46,8.06,90.75,0.02,72.65,0.31,8.75,0.52,9.61
2022,5,27,4,0,0,0,0,0,0,0,0,7.26,5.33,6.3,8,90.81,0.02,72.65,0.33,18,0.59,18.68
2022,5,27,5,0.05,0.04,0.18,4.2,4.55,0.58,0,0,7.31,5.26,6.29,7.93,90.12,0.01,72.68,0.32,27.82,0.57,27.98
2022,5,27,6,0.46,0.45,1.12,50.42,51.05,6.45,0.04,0.17,9.17,6.37,7.77,8.61,86.25,0,72.75,0.14,90,0.24,69.23
2022,5,27,7,1.11,1.16,2.13,126.42,132.62,15.53,0.22,1.1,11.51,5.97,8.74,8.24,70.88,0,72.82,1.2,176.26,1.5,176.42
2022,5,27,8,1.77,1.92,3.04,208.08,225.3,26.47,0.58,2.9,13.35,5.67,9.51,8,61,0,72.87,2.34,181.34,2.93,181.22
2022,5,27,9,2.29,2.61,3.8,275.83,309.55,36.45,1.02,5.23,14.73,5.62,10.18,8,55.5,0,72.89,3.2,184.9,4.01,184.92
2022,5,27,10,2.49,3.14,4.36,305.48,374.12,41.64,1.34,6.92,15.65,5.73,10.69,8.06,52.62,0.01,72.88,3.94,190.17,4.98,190.13
2022,5,27,11,2.45,3.36,4.67,310.42,399.08,42.03,1.45,7.65,16.09,5.86,10.98,8.12,51.5,0.04,72.85,4.38,194.14,5.57,194.06
2022,5,27,12,2.45,3.77,4.72,324.02,460.33,48.33,1.77,9.42,16.34,5.87,11.11,8.12,50.75,0.06,72.81,4.57,196.61,5.81,196.65
2022,5,27,13,2.06,3.54,4.51,271.12,430.62,40.41,1.41,7.17,16.35,5.83,11.08,8.06,50.56,0.06,72.76,4.56,198.9,5.8,198.95
2022,5,27,14,1.74,3.1,4.04,224.77,376.85,33.74,1.09,5.5,16.04,5.68,10.86,8,51.06,0.05,72.71,4.36,201.1,5.56,201.08
2022,5,27,15,1.39,2.45,3.35,177.9,296.58,26.3,0.7,3.62,15.52,5.48,10.5,7.87,52.06,0.04,72.68,4.05,202.91,5.17,202.93
2022,5,27,16,0.88,1.67,2.48,110.52,200.77,15.97,0.3,1.52,14.76,5.33,10.04,7.81,54.19,0.03,72.65,3.61,204.68,4.63,204.62
2022,5,27,17,0.4,0.86,1.51,49,101.33,6.98,0.07,0.35,13.67,5.17,9.42,7.75,57.56,0.02,72.65,2.98,205.83,3.9,205.79
2022,5,27,18,0.13,0.17,0.48,14.73,19.77,2.07,0.01,0.02,11.9,6.55,9.23,8.67,72.31,0.03,72.67,1.79,205.89,2.59,206.1
2022,5,27,19,0,0,0,0,0,0,0,0,10.47,6.61,8.54,8.73,80,0.02,72.69,1.15,208.49,1.88,209.01
2022,5,27,20,0,0,0,0,0,0,0,0,10.26,6.37,8.31,8.61,79.88,0.01,72.72,1.02,217.84,1.63,218.19
2022,5,27,21,0,0,0,0,0,0,0,0,10.05,5.91,7.98,8.3,78.31,0.01,72.75,0.89,228.2,1.38,228.21
2022,5,27,22,0,0,0,0,0,0,0,0,9.65,5.58,7.62,8.12,78.62,0.01,72.75,0.68,235.76,1.14,236.2
2022,5,27,23,0,0,0,0,0,0,0,0,9.36,5.4,7.37,8,79.19,0.07,72.73,0.64,243.12,1.06,243.62
2022,5,28,0,0,0,0,0,0,0,0,0,9.1,5.24,7.17,7.93,79.81,0.08,72.71,0.62,249.27,1.02,250.32
2022,5,28,1,0,0,0,0,0,0,0,0,8.83,5.18,7.01,7.93,81,0.06,72.68,0.59,256.15,0.96,256.76
2022,5,28,2,0,0,0,0,0,0,0,0,8.68,5.09,6.88,7.87,81.25,0.09,72.65,0.55,263.48,0.89,264.44
2022,5,28,3,0,0,0,0,0,0,0,0,8.72,4.82,6.76,7.69,79.38,0.04,72.63,0.48,268.12,0.72,270.62
2022,5,28,4,0,0,0,0,0,0,0,0,8.62,4.64,6.63,7.63,79.06,0.01,72.63,0.34,281.82,0.5,286.19
2022,5,28,5,0.05,0.04,0.18,3.92,4.7,0.53,0,0,8.7,4.8,6.76,7.69,79.62,0.01,72.66,0.27,324.46,0.42,327.2
2022,5,28,6,0.26,0.42,1.13,31.48,50.08,4.16,0.03,0.12,10.12,5.58,7.85,8.18,76.56,0.01,72.71,0.16,267.14,0.19,262.87
2022,5,28,7,0.62,1.11,2.13,79.77,133.92,10.58,0.16,0.83,12.19,5.94,9.06,8.3,67.94,0.01,72.76,1.44,195.69,1.81,195.54
2022,5,28,8,1.04,1.85,3.04,138.25,227.45,18.59,0.45,2.25,14.08,6.25,10.16,8.42,61.06,0.01,72.79,2.65,191.74,3.35,191.7
2022,5,28,9,1.56,2.46,3.8,202.05,303.55,26.58,0.75,3.88,15.65,6.73,11.19,8.73,57,0.01,72.79,3.37,192.17,4.31,192.12
2022,5,28,10,1.11,3.1,4.36,157.75,382.33,22.62,0.77,3.85,16.69,7.3,11.99,9.03,55.38,0.02,72.78,4.02,193.6,5.16,193.57
2022,5,28,11,1.28,3.43,4.67,182.85,418.67,26.25,0.97,5.05,17.06,7.95,12.51,9.46,56.38,0.03,72.76,4.31,195.25,5.54,195.21
2022,5,28,12,1.39,3.21,4.72,188.83,384.7,24.96,0.88,4.65,16.77,8.39,12.58,9.7,59,0.05,72.72,4.34,196.54,5.59,196.48
2022,5,28,13,1.2,2.93,4.51,155.83,347.05,20.48,0.7,3.5,16.57,8.68,12.62,9.89,60.88,0.06,72.67,4.36,197.75,5.63,197.78
2022,5,28,14,1.26,2.5,4.04,156.4,295.3,20.24,0.62,3.17,16.01,8.94,12.48,10.07,64.12,0.06,72.64,4.26,199.97,5.5,199.93
2022,5,28,15,0.97,1.9,3.35,120.42,222.45,15.12,0.39,2.02,15.33,9.08,12.21,10.13,67.56,0.06,72.63,3.9,201.48,5.06,201.46
2022,5,28,16,0.57,1.19,2.49,68.9,138.45,8.42,0.16,0.77,14.6,9.06,11.83,10.13,70.81,0.05,72.62,3.49,202.95,4.54,202.99
2022,5,28,17,0.26,0.53,1.51,29.1,60.9,3.51,0.03,0.17,13.69,9,11.34,10.13,75,0.04,72.64,2.92,203.48,3.86,203.5
2022,5,28,18,0.08,0.11,0.49,9.17,12.9,1.14,0,0.02,12.52,9.19,10.86,10.31,82.44,0.07,72.68,1.91,203.32,2.7,202.85
2022,5,28,19,0,0,0,0,0,0,0,0,11.52,9.38,10.45,10.5,89.75,0.05,72.73,1.23,203.96,1.99,201.22
2022,5,28,20,0,0,0,0,0,0,0,0,11.17,9.23,10.2,10.38,91,0.03,72.78,1.04,206.18,1.72,201.8
2022,5,28,21,0,0,0,0,0,0,0,0,10.85,8.94,9.9,10.19,91.19,0.01,72.81,0.97,209.86,1.55,206.57
2022,5,28,22,0,0,0,0,0,0,0,0,10.59,8.67,9.63,10.01,91.19,0.01,72.82,0.9,216.17,1.35,214.15
2022,5,28,23,0,0,0,0,0,0,0,0,10.36,8.48,9.42,9.89,91.62,0,72.81,0.76,227.09,1.08,225.58
2022,5,29,0,0,0,0,0,0,0,0,0,10.03,8.31,9.17,9.83,92.94,0,72.78,0.46,249.1,0.69,248.68
2022,5,29,1,0,0,0,0,0,0,0,0,9.56,8.08,8.82,9.7,94.75,0.01,72.74,0.4,284.86,0.67,282.89
2022,5,29,2,0,0,0,0,0,0,0,0,9.26,7.87,8.57,9.58,95.56,0.01,72.71,0.45,299.25,0.73,298.76
2022,5,29,3,0,0,0,0,0,0,0,0,9.08,7.68,8.38,9.46,95.44,0.01,72.69,0.48,306.3,0.74,306.87
2022,5,29,4,0,0,0,0,0,0,0,0,8.95,7.48,8.21,9.34,95.06,0,72.7,0.48,318.99,0.72,319.4
2022,5,29,5,0.05,0.04,0.18,4.02,4.17,0.51,0,0,8.89,7.26,8.08,9.22,94.25,0,72.73,0.47,337.31,0.7,337.14
2022,5,29,6,0.28,0.37,1.13,32.15,43.7,3.91,0.02,0.12,10.4,7.53,8.97,9.4,86.69,0,72.77,0.3,337.38,0.4,338.4
2022,5,29,7,0.67,0.97,2.13,79.02,113.35,9.47,0.14,0.7,12.86,7.83,10.35,9.58,75.06,0,72.8,1.16,200.51,1.42,200.33
2022,5,29,8,1.1,1.71,3.04,135.58,203.25,17.05,0.39,2,14.68,8.25,11.47,9.77,68.06,0,72.83,2.29,195.65,2.87,195.47
2022,5,29,9,1.51,2.38,3.8,190.88,286.67,24.41,0.71,3.67,16.31,8.72,12.51,10.01,63,0.01,72.84,2.98,193.64,3.78,193.52
2022,5,29,10,1.72,2.88,4.36,217.52,347.92,28.56,0.93,4.7,17.46,9.3,13.37,10.38,60.62,0.04,72.82,3.58,193.25,4.55,193.2
2022,5,29,11,1.94,3.21,4.67,254.67,390.48,33.57,1.17,6.12,18.03,9.88,13.95,10.74,60.56,0.07,72.8,3.92,194.78,4.98,194.71
2022,5,29,12,1.9,3.45,4.72,257.3,426.02,36.34,1.31,6.92,17.99,10.21,14.1,10.99,61.88,0.09,72.77,4.12,197.65,5.26,197.63
2022,5,29,13,1.7,3.27,4.51,228.85,404.1,31.97,1.11,5.58,17.67,10.4,14.04,11.11,63.75,0.21,72.73,4.18,201.72,5.36,201.63
2022,5,29,14,1.13,2.79,4.04,154.4,343.8,21.43,0.67,3.38,17.53,10.51,14.02,11.23,64.88,0.53,72.7,4.13,205.89,5.31,205.81
2022,5,29,15,0.85,2.19,3.35,116,269.42,15.99,0.41,2.15,16.67,10.46,13.56,11.17,68.38,0.65,72.69,3.9,208.78,5.05,208.74
2022,5,29,16,0.55,1.44,2.49,71.98,176.6,9.76,0.19,0.92,15.68,10.44,13.06,11.17,72.94,0.32,72.69,3.46,211.43,4.53,211.3
2022,5,29,17,0.28,0.7,1.52,35,84.23,4.57,0.05,0.23,14.51,10.42,12.46,11.17,78.62,0.16,72.7,2.86,212.95,3.79,212.87
2022,5,29,18,0.1,0.14,0.5,12.15,17.27,1.63,0.01,0.02,13.19,10.67,11.94,11.41,87.5,0.04,72.74,1.9,210.04,2.66,210.1
2022,5,29,19,0,0,0,0,0,0,0,0,12.22,10.99,11.6,11.72,95.88,0.03,72.79,1.18,206.4,1.87,206.57
2022,5,29,20,0,0,0,0,0,0,0,0,11.79,10.62,11.2,11.41,95.94,0.03,72.84,1.01,208.54,1.61,208.3
2022,5,29,21,0,0,0,0,0,0,0,0,11.5,10.31,10.9,11.17,95.75,0.02,72.88,0.85,212.23,1.29,212.34
2022,5,29,22,0,0,0,0,0,0,0,0,11.22,10.18,10.7,11.11,96.88,0.01,72.89,0.55,224.42,0.85,224.26
2022,5,29,23,0,0,0,0,0,0,0,0,10.73,10.01,10.37,10.99,99.19,0.01,72.87,0.36,256.26,0.66,252
2022,5,30,0,0,0,0,0,0,0,0,0,10.2,9.67,9.94,10.8,100,0.01,72.83,0.31,288.89,0.58,282.36
2022,5,30,1,0,0,0,0,0,0,0,0,9.81,9.15,9.48,10.44,100,0.01,72.79,0.37,309.04,0.68,308.45
2022,5,30,2,0,0,0,0,0,0,0,0,9.64,8.59,9.12,10.07,97.75,0,72.75,0.47,318.37,0.81,322.8
2022,5,30,3,0,0,0,0,0,0,0,0,9.74,8.02,8.88,9.7,93.62,0,72.73,0.52,328.45,0.85,331.31
2022,5,30,4,0,0,0,0,0,0,0,0,9.88,7.58,8.73,9.46,90.06,0,72.74,0.47,337.67,0.72,340.39
2022,5,30,5,0.04,0.05,0.19,3.48,5.35,0.48,0,0,9.89,7.29,8.58,9.28,88.25,0,72.77,0.54,352.46,0.79,353.72
2022,5,30,6,0.32,0.5,1.13,38.02,59.38,4.81,0.03,0.15,11.58,7.94,9.76,9.7,82.88,0,72.83,0.38,5.95,0.56,6.43
2022,5,30,7,0.77,1.26,2.13,98.4,153.35,13.49,0.2,1,14.19,7.86,11.02,9.64,69.31,0,72.87,0.89,195.26,1.09,194.93
2022,5,30,8,1.41,2.06,3.04,178.55,252,24.35,0.55,2.77,15.98,8.31,12.15,9.89,63.5,0,72.91,2.17,189.73,2.72,189.44
2022,5,30,9,1.56,2.77,3.8,207.23,339.5,29.44,0.85,4.4,17.23,8.87,13.05,10.25,60.62,0,72.92,2.93,189.21,3.7,189.22
2022,5,30,10,1.79,3.31,4.36,237.92,406.38,34.25,1.12,5.55,18.06,9.48,13.77,10.68,59.88,0.01,72.91,3.5,191.84,4.44,191.76
2022,5,30,11,1.96,3.6,4.67,271.02,441.77,38.99,1.38,7.05,18.55,10.19,14.37,11.11,60.62,0.02,72.88,3.9,194.4,4.95,194.43
2022,5,30,12,1.91,3.74,4.72,264.08,463.95,40.07,1.43,7.4,18.68,10.76,14.72,11.47,62.06,0.04,72.84,4.08,197.36,5.21,197.37
2022,5,30,13,1.56,3.5,4.51,214.1,434.42,31.97,1.08,5.38,18.65,11.15,14.9,11.78,63.5,0.08,72.8,4.25,200.9,5.43,200.91
2022,5,30,14,1.45,3.02,4.04,193.83,374.5,28.09,0.86,4.35,17.91,11.3,14.61,11.84,67.06,0.1,72.76,4.26,204.12,5.49,204.09
2022,5,30,15,1.01,2.35,3.36,136,291.23,19.32,0.49,2.52,17.13,11.37,14.25,11.9,70.88,0.1,72.74,3.99,207.02,5.17,206.95
2022,5,30,16,0.65,1.53,2.5,84.88,187.42,11.64,0.21,1.02,16.54,11.32,13.93,11.9,73.44,0.08,72.73,3.67,209.56,4.78,209.58
2022,5,30,17,0.39,0.72,1.52,46.65,87.45,5.91,0.05,0.27,15.38,11.16,13.27,11.78,78.31,0.05,72.74,3.18,210.29,4.2,210.29
2022,5,30,18,0.12,0.15,0.5,13.5,18.08,1.78,0.01,0.02,13.94,11.2,12.57,11.84,86.31,0.27,72.76,2.34,208.27,3.23,208.3
2022,5,30,19,0,0,0,0,0,0,0,0,13.03,11.49,12.26,12.08,93.62,0.19,72.8,1.42,205.72,2.1,205.33
2022,5,30,20,0,0,0,0,0,0,0,0,12.64,11.51,12.08,12.08,96.12,0.14,72.85,1.22,207.88,1.89,207.31
2022,5,30,21,0,0,0,0,0,0,0,0,12.19,11.33,11.76,11.96,97.94,0.1,72.89,0.97,210.88,1.68,210.74
2022,5,30,22,0,0,0,0,0,0,0,0,11.67,11.15,11.4,11.84,100,0.09,72.9,0.79,217.78,1.43,218.37
2022,5,30,23,0,0,0,0,0,0,0,0,11.15,10.68,10.91,11.54,100,0.07,72.89,0.69,236.49,1.22,236.21
2022,5,31,0,0,0,0,0,0,0,0,0,10.56,10.13,10.35,11.17,100,0.04,72.85,0.55,275.71,0.99,273.6
2022,5,31,1,0,0,0,0,0,0,0,0,9.94,9.3,9.62,10.68,100,0.03,72.82,0.59,305.8,1.05,309.59
2022,5,31,2,0,0,0,0,0,0,0,0,9.33,8.41,8.87,10.07,99.94,0.02,72.78,0.68,327.23,1.17,330.35
2022,5,31,3,0,0,0,0,0,0,0,0,9.3,7.63,8.47,9.64,95.38,0.01,72.76,0.7,340.56,1.12,342.07
2022,5,31,4,0,0,0,0,0,0,0,0,9.06,6.91,7.99,9.22,92.88,0.01,72.76,0.75,352.8,1.15,353.36
2022,5,31,5,0.05,0.04,0.19,4.48,5.15,0.6,0,0,9.01,6.23,7.62,8.85,89.5,0.01,72.77,0.86,1.04,1.34,1.34
2022,5,31,6,0.34,0.46,1.13,40.38,54.73,5.23,0.03,0.15,11.15,7.22,9.19,9.52,83.62,0,72.81,0.76,7.13,1.15,7.41
2022,5,31,7,0.78,1.19,2.13,96.9,142.85,12.74,0.19,0.92,14.08,5.28,9.68,8.61,62.31,0,72.84,0.33,230.71,0.4,231.34
2022,5,31,8,1.24,1.99,3.04,157.27,241.98,21.08,0.47,2.38,16.31,3.98,10.15,8.12,50.94,0,72.86,2,197.51,2.48,197.63
2022,5,31,9,1.7,2.69,3.8,219.3,328.95,29.92,0.84,4.35,17.81,4.43,11.12,8.3,47.38,0,72.87,2.85,193.96,3.6,194.07
2022,5,31,10,1.8,3.18,4.36,229.58,389.52,32.52,1.04,5.23,18.86,5.4,12.13,8.73,46.69,0,72.87,3.47,192.88,4.4,192.93
2022,5,31,11,2.12,3.53,4.67,283.17,431.42,39.74,1.38,7.05,19.4,6.67,13.04,9.34,48.25,0.01,72.86,3.85,192.91,4.89,192.93
2022,5,31,12,2.05,3.52,4.72,272.25,428.3,37.64,1.3,6.8,19.59,7.86,13.73,9.89,50.5,0.06,72.83,4,194.12,5.09,194.23
2022,5,31,13,1.72,3.28,4.51,223.12,397.42,31.07,1.02,5.15,19.49,8.92,14.2,10.44,53.62,0.15,72.8,4.02,196.46,5.12,196.5
2022,5,31,14,1.51,2.87,4.04,197.05,347.52,26.57,0.8,4.02,19.04,9.68,14.36,10.86,57.31,0.25,72.76,3.88,200.04,4.94,200.07
2022,5,31,15,1.1,2.23,3.36,141.9,268.12,18.89,0.47,2.38,18.48,10.11,14.3,11.11,60.62,0.4,72.74,3.71,202.41,4.75,202.43
2022,5,31,16,0.67,1.46,2.5,84.92,174.45,11.09,0.2,0.98,17.42,10.42,13.92,11.29,65.88,0.42,72.73,3.39,204.5,4.39,204.51
2022,5,31,17,0.35,0.7,1.53,41.83,82.58,5.38,0.05,0.25,15.88,10.71,13.3,11.54,74.06,0.43,72.74,2.85,205.86,3.75,205.92
2022,5,31,18,0.1,0.15,0.51,10.98,17.23,1.44,0.01,0.02,14.26,11.17,12.71,11.96,85.25,0.35,72.78,1.88,206.99,2.6,206.8
2022,5,31,19,0,0,0,0,0,0,0,0,13.25,11.9,12.57,12.57,96.12,0.32,72.83,1.02,210.29,1.54,209.42
2022,5,31,20,0,0,0,0,0,0,0,0,12.86,11.97,12.41,12.7,99.31,0.28,72.88,0.77,215.13,1.24,213.19
2022,5,31,21,0,0,0,0,0,0,0,0,12.43,11.81,12.12,12.57,100,0.21,72.92,0.5,221.86,0.93,221.59
2022,5,31,22,0,0,0,0,0,0,0,0,11.89,11.33,11.61,12.21,100,0.16,72.95,0.44,258.69,0.8,258.69
2022,5,31,23,0,0,0,0,0,0,0,0,11.42,10.86,11.14,11.9,100,0.12,72.93,0.47,289.33,0.89,292.08
2022,6,1,0,0,0,0,0,0,0,0,0,10.98,10.07,10.52,11.35,100,0.09,72.9,0.58,314.45,1.12,316.7
2022,6,1,1,0,0,0,0,0,0,0,0,10.39,8.97,9.68,10.62,98.12,0.06,72.87,0.77,332.92,1.4,333.43
2022,6,1,2,0,0,0,0,0,0,0,0,10.01,7.66,8.83,9.83,92.88,0.08,72.84,0.91,340.94,1.55,340.83
2022,6,1,3,0,0,0,0,0,0,0,0,9.88,6.16,8.02,8.97,85.81,0.11,72.81,0.99,345.85,1.61,345.96
2022,6,1,4,0,0,0,0,0,0,0,0,9.81,4.65,7.23,8.24,79.06,0.1,72.81,1.02,349.89,1.65,349.91
2022,6,1,5,0.06,0.04,0.19,4.83,4.83,0.62,0,0,9.95,3.63,6.79,7.75,73.62,0.09,72.82,1.01,353.37,1.64,353.45
2022,6,1,6,0.38,0.43,1.14,45.35,50.73,5.63,0.03,0.15,12.2,5.54,8.87,8.97,73.31,0.02,72.86,0.8,352.67,1.27,352.92
2022,6,1,7,0.84,1.14,2.13,103.25,134.45,12.94,0.19,0.9,15.05,3.34,9.2,8.06,54.81,0.08,72.9,0.56,254.6,0.67,254.51
2022,6,1,8,1.27,1.89,3.04,157.3,226.08,20.21,0.44,2.17,16.83,4.46,10.65,8.36,50.88,0.02,72.93,1.7,203.51,2.11,203.06
2022,6,1,9,1.79,2.62,3.8,228.52,316.35,30.07,0.83,4.25,18.43,5.55,11.98,8.79,48.31,0.01,72.95,2.55,196.38,3.2,196
2022,6,1,10,2.12,3.14,4.35,273.25,381.27,36.47,1.16,5.73,19.51,6.76,13.13,9.34,47.88,0,72.96,3.34,195.47,4.23,195.32
2022,6,1,11,1.93,3.42,4.67,252.73,415.6,35.34,1.2,6.12,20.1,8.05,14.08,9.95,49.38,0,72.95,3.89,196.69,4.95,196.6
2022,6,1,12,1.94,3.42,4.72,257.62,412.92,34.38,1.16,6.02,20.23,9.3,14.76,10.68,52.44,0.01,72.93,4.13,199.12,5.27,199.05
2022,6,1,13,1.62,3.13,4.51,209.92,373.9,27.98,0.89,4.45,20.05,10.15,15.11,11.17,55.5,0.03,72.88,4.08,202.64,5.21,202.68
2022,6,1,14,1.4,2.69,4.05,180.75,321.6,23.28,0.68,3.42,19.45,10.64,15.05,11.47,59.06,0.11,72.84,3.93,206.57,5.02,206.53
2022,6,1,15,1.04,2.07,3.36,134.52,247.45,17.38,0.42,2.12,18.65,10.84,14.75,11.6,62.81,0.13,72.81,3.63,210.1,4.66,210.09
2022,6,1,16,0.7,1.33,2.51,87.73,156.8,10.98,0.2,0.95,17.67,10.88,14.28,11.66,66.94,0.13,72.8,3.31,213.73,4.27,213.66
2022,6,1,17,0.37,0.62,1.54,42.83,72.38,5.24,0.05,0.23,16.41,10.96,13.69,11.72,73,0.14,72.81,2.85,216.96,3.72,216.97
2022,6,1,18,0.1,0.13,0.52,11.48,15.48,1.41,0.01,0.02,14.83,11.28,13.05,12.02,82.81,0.15,72.85,2.02,218.42,2.78,218.38
2022,6,1,19,0,0,0,0,0,0,0,0,13.58,11.8,12.69,12.45,93.19,0.2,72.89,0.99,222.76,1.58,221.99
2022,6,1,20,0,0,0,0,0,0,0,0,13.14,11.95,12.55,12.57,96.94,0.19,72.93,0.79,230.99,1.35,230.41
2022,6,1,21,0,0,0,0,0,0,0,0,12.58,11.86,12.22,12.57,100,0.2,72.96,0.65,246.8,1.18,247
2022,6,1,22,0,0,0,0,0,0,0,0,12.05,11.44,11.74,12.27,100,0.19,72.96,0.62,277.93,1.14,277.91
2022,6,1,23,0,0,0,0,0,0,0,0,11.37,10.57,10.97,11.72,100,0.17,72.94,0.69,300.63,1.28,302.04
2022,6,2,0,0,0,0,0,0,0,0,0,10.93,9.72,10.33,11.11,98.88,0.13,72.9,0.77,304.66,1.33,307.14
2022,6,2,1,0,0,0,0,0,0,0,0,10.59,8.94,9.76,10.56,96,0.08,72.86,0.86,310.94,1.43,312.13
2022,6,2,2,0,0,0,0,0,0,0,0,10.3,8.06,9.18,9.95,92.44,0.05,72.83,0.94,320.38,1.54,320.98
2022,6,2,3,0,0,0,0,0,0,0,0,10.18,7.11,8.64,9.34,87.69,0.03,72.82,0.97,336.13,1.53,336.19
2022,6,2,4,0,0,0,0,0,0,0,0,10.03,6.19,8.11,8.85,83.5,0.01,72.82,0.98,348.51,1.55,348.63
2022,6,2,5,0.05,0.04,0.19,3.95,4.3,0.51,0,0,9.95,5.43,7.69,8.42,80.25,0.01,72.83,0.99,353.66,1.6,353.57
2022,6,2,6,0.38,0.38,1.14,41.58,42.8,4.95,0.03,0.15,12.05,6.89,9.47,9.46,78.38,0,72.86,0.96,351.08,1.46,350.74
2022,6,2,7,0.82,0.97,2.13,92.8,108.58,10.88,0.16,0.77,14.76,5.16,9.97,8.61,59.62,0,72.89,0.69,286.39,0.84,286.75
2022,6,2,8,1.33,1.74,3.04,156.05,198.95,18.98,0.42,2.15,16.66,4.59,10.62,8.3,51.19,0,72.91,1.85,213.82,2.3,213.37
2022,6,2,9,1.67,2.47,3.8,201.83,287.83,25.55,0.73,3.77,17.91,5.57,11.74,8.67,49.38,0,72.94,2.72,207.15,3.42,206.86
2022,6,2,10,1.85,3.03,4.35,226.92,356.17,29.98,0.98,4.9,18.86,6.52,12.69,9.09,48.69,0,72.94,3.25,206.07,4.12,205.88
2022,6,2,11,2.1,3.38,4.67,273.12,399.95,35.51,1.24,6.48,19.51,7.44,13.48,9.52,49,0.01,72.92,3.6,205.45,4.56,205.25
2022,6,2,12,2.31,3.72,4.72,305.98,448.55,44.11,1.59,8.45,19.94,8.22,14.08,9.95,49.69,0.08,72.89,3.83,206.04,4.87,205.99
2022,6,2,13,2.07,3.48,4.51,270.12,418.12,38.34,1.34,6.67,20.03,8.85,14.44,10.31,51.06,0.09,72.84,4.02,207.81,5.13,207.77
2022,6,2,14,1.6,2.99,4.05,206.95,357.33,28.98,0.91,4.55,19.67,9.33,14.51,10.56,53.62,0.15,72.8,4.02,210.7,5.17,210.64
2022,6,2,15,1.26,2.29,3.37,158.85,272.15,21.55,0.56,2.9,18.95,9.57,14.26,10.74,56.88,0.16,72.78,3.78,211.98,4.86,212.01
2022,6,2,16,0.83,1.49,2.51,101.62,174.05,13.23,0.25,1.23,17.87,9.63,13.76,10.8,61.19,0.15,72.77,3.4,211.57,4.41,211.47
2022,6,2,17,0.44,0.69,1.54,50.42,78.77,6.33,0.06,0.3,16.34,9.87,13.11,10.99,68.56,0.13,72.79,2.78,211.68,3.66,211.66
2022,6,2,18,0.13,0.15,0.53,14.6,17.15,1.89,0.01,0.02,14.52,10.33,12.43,11.29,79.56,0.07,72.83,1.74,212.69,2.43,212.67
2022,6,2,19,0,0,0,0,0,0,0,0,12.98,10.77,11.88,11.66,90.62,0.11,72.87,0.79,220.17,1.38,218.1
2022,6,2,20,0,0,0,0,0,0,0,0,12.5,10.48,11.49,11.41,91.75,0.13,72.92,0.52,236.55,0.96,234.63
2022,6,2,21,0,0,0,0,0,0,0,0,12.01,10,11.01,11.17,92.75,0.08,72.95,0.51,257.66,0.87,256.97
2022,6,2,22,0,0,0,0,0,0,0,0,11.37,9.55,10.46,10.93,94.62,0.11,72.93,0.59,283.11,0.96,282.23
2022,6,2,23,0,0,0,0,0,0,0,0,10.74,9.06,9.9,10.62,95.75,0.12,72.88,0.7,305.98,1.16,305.09
2022,6,3,0,0,0,0,0,0,0,0,0,10.21,8.35,9.28,10.19,95.06,0.07,72.82,0.81,318.92,1.33,318.34
2022,6,3,1,0,0,0,0,0,0,0,0,9.77,7.44,8.61,9.64,92.75,0.07,72.77,0.86,324.58,1.42,324.21
2022,6,3,2,0,0,0,0,0,0,0,0,9.4,6.36,7.88,9.03,89.31,0.1,72.73,0.91,330.8,1.5,331.03
2022,6,3,3,0,0,0,0,0,0,0,0,9.19,5.19,7.19,8.48,84.69,0.07,72.7,0.97,336.74,1.58,336.99
2022,6,3,4,0,0,0,0,0,0,0,0,9.12,3.97,6.55,7.87,79.38,0.05,72.69,1,339.86,1.62,339.99
2022,6,3,5,0.06,0.05,0.19,4.77,5.02,0.62,0,0,9.33,3.09,6.21,7.51,74.31,0.02,72.7,0.98,342.29,1.58,341.83
2022,6,3,6,0.35,0.45,1.14,39.98,50.98,4.74,0.03,0.15,11.49,4.87,8.19,8.48,72.62,0.03,72.73,0.8,332.68,1.25,332.96
2022,6,3,7,0.98,1.21,2.13,115.7,139.4,14.56,0.22,1.08,13.85,3.44,8.65,7.87,57.88,0.04,72.78,1.17,264.63,1.47,265.11
2022,6,3,8,1.5,2,3.04,180.75,234.27,23.42,0.53,2.73,16.09,3.08,9.58,7.63,48.44,0.01,72.81,2.13,226.93,2.65,226.67
2022,6,3,9,2.02,2.68,3.8,250.8,317.65,33.03,0.95,4.88,17.66,3.87,10.76,7.75,44.81,0,72.85,2.72,211.5,3.42,211.19
2022,6,3,10,2.42,3.19,4.35,302.23,380.73,40.34,1.31,6.62,18.68,4.91,11.8,8.12,44,0,72.88,3.27,203.38,4.12,203.21
2022,6,3,11,2.5,3.47,4.67,321.08,415.17,43.7,1.52,7.95,19.31,5.82,12.57,8.48,44.25,0.01,72.89,3.68,200.36,4.65,200.26
2022,6,3,12,2.17,3.56,4.72,283.67,424.27,39.13,1.39,7.3,19.52,6.77,13.15,8.97,46,0.02,72.89,3.88,200.15,4.91,200.02
2022,6,3,13,1.93,3.25,4.51,246.73,387.65,33.03,1.1,5.6,19.47,7.58,13.52,9.34,48.19,0.05,72.86,3.84,200.98,4.86,201
2022,6,3,14,1.41,2.73,4.05,181.55,326.85,24.22,0.73,3.65,19.12,8.1,13.62,9.64,50.56,0.09,72.82,3.73,202.38,4.74,202.26
2022,6,3,15,1.05,2.08,3.37,135.2,246.98,17.4,0.44,2.25,18.46,8.37,13.41,9.77,53.44,0.11,72.79,3.55,203.74,4.54,203.74
2022,6,3,16,0.71,1.35,2.52,89.35,158.92,11.3,0.21,1.02,17.43,8.55,12.99,9.89,57.56,0.09,72.78,3.2,205.44,4.13,205.4
2022,6,3,17,0.3,0.65,1.55,35.73,74.85,4.45,0.04,0.23,16.22,8.66,12.44,9.95,62.69,0.08,72.8,2.79,207.5,3.67,207.49
2022,6,3,18,0.1,0.14,0.53,11.17,16.42,1.44,0.01,0.02,14.35,9.62,11.98,10.74,76.19,0.33,72.83,1.66,208.01,2.43,207.55
2022,6,3,19,0,0,0,0,0,0,0,0,12.88,9.83,11.36,10.86,85.06,0.26,72.89,1.08,211.04,1.76,209.74
2022,6,3,20,0,0,0,0,0,0,0,0,12.75,9.48,11.12,10.56,83.44,0.21,72.95,1.02,214.06,1.48,213.19
2022,6,3,21,0,0,0,0,0,0,0,0,12.51,9.06,10.79,10.25,82.38,0.16,72.99,0.65,230.37,0.92,230.19
2022,6,3,22,0,0,0,0,0,0,0,0,11.78,8.91,10.35,10.19,85.81,0.17,73,0.42,289.44,0.65,291.29
2022,6,3,23,0,0,0,0,0,0,0,0,10.8,8.32,9.55,9.83,88.62,0.31,72.98,0.58,318.81,1.03,317.46
2022,6,4,0,0,0,0,0,0,0,0,0,10.1,7.57,8.83,9.46,88.94,0.43,72.93,0.74,325.8,1.3,326.31
2022,6,4,1,0,0,0,0,0,0,0,0,9.73,6.83,8.28,9.03,87.19,0.51,72.89,0.8,328.17,1.33,329.21
2022,6,4,2,0,0,0,0,0,0,0,0,9.48,6.04,7.76,8.54,84.12,0.54,72.85,0.88,332.98,1.41,333.72
2022,6,4,3,0,0,0,0,0,0,0,0,9.4,5.2,7.3,8.12,80,0.56,72.82,0.9,341.72,1.41,342.27
2022,6,4,4,0,0,0,0,0,0,0,0,9.26,4.44,6.85,7.69,76.62,0.23,72.81,0.92,348.79,1.44,348.75
2022,6,4,5,0.04,0.04,0.19,3.12,4.7,0.4,0,0,9.13,3.94,6.53,7.45,74.81,0.15,72.83,0.96,354.38,1.55,354.2
2022,6,4,6,0.13,0.43,1.14,14.4,48.7,1.87,0.01,0.05,11.19,5.59,8.39,8.54,75,0.15,72.87,0.97,352.59,1.45,353.83
2022,6,4,7,0.52,1.1,2.13,64.15,125.1,8.31,0.12,0.6,13.93,4.01,8.97,7.87,57.69,0.09,72.9,0.63,287.31,0.76,288.06
2022,6,4,8,0.93,1.93,3.04,117.7,226.33,15.71,0.35,1.77,15.9,3.05,9.48,7.51,48.38,0.05,72.93,1.5,213.27,1.82,213.08
2022,6,4,9,1.29,2.64,3.8,169.23,313.9,23.08,0.64,3.3,17.5,3.86,10.68,7.75,45.06,0,72.95,2.35,206.91,2.92,206.84
2022,6,4,10,1.47,3.19,4.35,196.9,382.92,27.32,0.86,4.25,18.74,4.95,11.85,8.12,43.88,0,72.96,3.04,205.71,3.82,205.67
2022,6,4,11,1.72,3.51,4.67,227.8,422.25,31.52,1.05,5.4,19.48,6.33,12.9,8.79,45.12,0,72.94,3.61,205.51,4.56,205.56
2022,6,4,12,2,3.86,4.72,270.73,473.77,41.97,1.48,7.67,19.83,7.6,13.71,9.4,47.5,0,72.91,3.94,205.96,5,205.84
2022,6,4,13,1.83,3.57,4.51,246.58,438.17,37.29,1.27,6.3,19.8,8.7,14.25,10.07,50.69,0.04,72.88,4.09,207.05,5.2,207.07
2022,6,4,14,1.54,3.04,4.05,205.1,371.92,29.79,0.91,4.55,19.35,9.5,14.43,10.56,54.62,0.18,72.84,4.05,209.48,5.18,209.47
2022,6,4,15,1.08,2.33,3.37,142.75,282.83,20.1,0.51,2.58,18.41,10.05,14.23,10.93,59.94,0.19,72.82,3.86,212.02,4.97,212.09
2022,6,4,16,0.69,1.51,2.52,89.17,182,12.2,0.23,1.1,17.08,10.35,13.72,11.17,66.5,0.19,72.8,3.52,214.61,4.58,214.58
2022,6,4,17,0.42,0.73,1.56,51.4,85.73,6.78,0.07,0.33,15.74,10.59,13.17,11.35,73.69,0.22,72.8,3.05,216.78,4.03,216.71
2022,6,4,18,0.1,0.16,0.54,11.95,18.33,1.57,0.01,0.02,14.31,10.83,12.57,11.54,82.25,0.29,72.82,2.31,217.84,3.17,217.8
2022,6,4,19,0,0,0,0,0,0,0,0,13.42,11.33,12.37,11.96,90.56,0.25,72.86,1.4,217.32,2.07,217.17
2022,6,4,20,0,0,0,0,0,0,0,0,13.01,11.49,12.26,12.15,94.06,0.2,72.92,1.12,219.6,1.75,219.02
2022,6,4,21,0,0,0,0,0,0,0,0,12.45,11.28,11.87,11.9,96.06,0.15,72.96,0.79,220.97,1.48,220.08
2022,6,4,22,0,0,0,0,0,0,0,0,12.08,11.04,11.56,11.72,96.81,0.14,72.98,0.7,225,1.29,224.75
2022,6,4,23,0,0,0,0,0,0,0,0,11.75,10.8,11.27,11.54,97.62,0.11,72.98,0.52,243.43,0.95,241.13
2022,6,5,0,0,0,0,0,0,0,0,0,11.1,10.44,10.76,11.35,99.94,0.07,72.96,0.43,285.8,0.79,278.53
2022,6,5,1,0,0,0,0,0,0,0,0,10.47,10,10.23,11.05,100,0.05,72.94,0.46,311.55,0.87,306.97
2022,6,5,2,0,0,0,0,0,0,0,0,10.11,9.51,9.81,10.74,100,0.03,72.91,0.54,321.47,1.04,320.8
2022,6,5,3,0,0,0,0,0,0,0,0,9.82,8.79,9.3,10.25,98.69,0.04,72.89,0.67,327.43,1.21,327.64
2022,6,5,4,0,0,0,0,0,0,0,0,9.68,8.06,8.87,9.83,95.31,0.01,72.88,0.77,332.92,1.31,333.43
2022,6,5,5,0.05,0.05,0.2,3.92,5.88,0.56,0,0,9.73,7.5,8.62,9.52,91.81,0,72.89,0.81,335.65,1.33,335.7
2022,6,5,6,0.21,0.56,1.14,25.85,65.23,3.73,0.02,0.12,11.86,8.19,10.02,10.01,84.06,0.13,72.91,0.83,332.47,1.2,333.77
2022,6,5,7,0.52,1.37,2.13,66.6,162.25,9.41,0.16,0.75,14.36,7.34,10.85,9.4,66.94,0.32,72.94,0.9,255.96,1.1,255.96
2022,6,5,8,0.8,2.17,3.04,107.8,260.85,16.21,0.39,1.98,16.32,6.9,11.61,9.22,57.75,0,72.97,2.08,213.81,2.57,213.74
2022,6,5,9,1.04,2.86,3.8,144.25,345.2,21.91,0.67,3.48,17.97,6.94,12.46,9.22,52.31,0,72.99,2.88,205.04,3.63,204.96
2022,6,5,10,1.37,3.36,4.35,182.15,406.95,27.57,0.94,4.7,19.23,7.51,13.37,9.58,50,0,73,3.55,198.47,4.52,198.56
2022,6,5,11,1.4,3.64,4.67,197.08,441.4,29.8,1.07,5.52,19.9,8.45,14.18,10.07,50.56,0,72.99,4.08,196.46,5.22,196.43
2022,6,5,12,1.34,3.48,4.72,189.42,416.83,26.64,0.95,4.98,19.87,9.55,14.71,10.68,53.69,0.01,72.97,4.31,197.38,5.53,197.36
2022,6,5,13,1.32,3.22,4.51,179.05,383.58,24.45,0.84,4.17,19.08,10.48,14.78,11.23,59.31,0.1,72.92,4.21,198.17,5.41,198.17
2022,6,5,14,1.14,2.73,4.05,147.15,324.52,20.01,0.62,3.12,18.23,11.17,14.69,11.72,65.12,0.34,72.88,3.95,199.55,5.07,199.52
2022,6,5,15,0.71,2.09,3.38,95.67,246.17,12.68,0.34,1.73,17.36,11.44,14.4,11.96,70.06,0.63,72.85,3.59,201.43,4.63,201.46
2022,6,5,16,0.6,1.36,2.53,74.52,158.35,9.59,0.19,0.9,16.39,11.56,13.98,12.08,75.25,0.75,72.83,3.19,203.99,4.14,203.95
2022,6,5,17,0.37,0.66,1.56,43.83,75.77,5.39,0.05,0.27,15.29,11.62,13.45,12.15,81.12,0.46,72.83,2.73,207.08,3.6,207.12
2022,6,5,18,0.09,0.15,0.55,9.95,17.15,1.32,0.01,0.02,14.08,11.73,12.9,12.27,88.56,0.58,72.86,2.03,209.33,2.78,209.23
2022,6,5,19,0,0,0,0,0,0,0,0,13.25,12.17,12.71,12.63,96.62,0.42,72.9,1.25,209.61,1.82,209.32
2022,6,5,20,0,0,0,0,0,0,0,0,12.85,12.2,12.52,12.7,99.5,0.24,72.95,0.84,211.33,1.33,210.04
2022,6,5,21,0,0,0,0,0,0,0,0,12.4,11.9,12.15,12.39,100,0.1,72.99,0.53,217.87,1.04,217.65
2022,6,5,22,0,0,0,0,0,0,0,0,12.18,11.48,11.83,12.02,98.94,0.07,73.01,0.47,242.15,0.8,240.95
2022,6,5,23,0,0,0,0,0,0,0,0,11.8,11.05,11.42,11.72,98.88,0.04,72.99,0.4,284.86,0.64,284.04
2022,6,6,0,0,0,0,0,0,0,0,0,11.46,10.62,11.04,11.47,98.62,0.11,72.96,0.45,313.6,0.75,314.58
2022,6,6,1,0,0,0,0,0,0,0,0,11.4,10.2,10.8,11.23,96.75,0.26,72.93,0.51,313.75,0.81,313.83
2022,6,6,2,0,0,0,0,0,0,0,0,11.41,9.87,10.64,10.99,94.69,0.42,72.9,0.56,313.3,0.87,313.91
2022,6,6,3,0,0,0,0,0,0,0,0,11.41,9.55,10.48,10.8,93.06,0.42,72.87,0.54,309.7,0.82,309.95
2022,6,6,4,0,0,0,0,0,0,0,0,11.28,9.2,10.24,10.56,92,0.55,72.86,0.53,305.34,0.77,305.94
2022,6,6,5,0.05,0.04,0.2,3.75,5,0.5,0,0,11.06,9.04,10.05,10.5,92.94,0.16,72.87,0.46,323.33,0.68,324.85
2022,6,6,6,0.16,0.44,1.14,18.9,51.45,2.6,0.02,0.08,12.45,9.52,10.98,10.93,87.94,0.03,72.91,0.46,353.12,0.59,353.16
2022,6,6,7,0.47,1.15,2.13,60.7,138.05,8.45,0.14,0.67,14.78,9.32,12.05,10.62,73.38,0.02,72.94,0.59,196.05,0.73,195.52
2022,6,6,8,1.01,1.96,3.04,133.4,240.25,18.56,0.45,2.27,16.4,9.65,13.02,10.68,66.88,0.01,72.96,1.82,189.38,2.27,189.11
2022,6,6,9,1.46,2.63,3.79,195.85,325.15,27.23,0.8,4.17,17.83,10.12,13.98,10.99,62.81,0.02,72.98,2.6,188.3,3.27,188.25
2022,6,6,10,1.81,3.14,4.35,242.85,389.3,33.84,1.12,5.58,18.83,10.85,14.84,11.47,61.62,0.04,73,3.28,188.23,4.15,188.33
2022,6,6,11,1.91,3.41,4.67,263.58,422.83,36.69,1.29,6.73,19.35,11.48,15.41,11.96,62,0.16,72.97,3.75,190.56,4.77,190.67
2022,6,6,12,1.85,3.43,4.72,251.65,421.65,34.75,1.23,6.48,19.36,11.92,15.64,12.33,63.75,0.49,72.93,3.98,193.63,5.08,193.69
2022,6,6,13,1.62,3.17,4.51,219.42,385.58,30.19,1.03,5.17,19.05,12.23,15.64,12.57,66.31,1.15,72.87,3.96,197.33,5.07,197.32
2022,6,6,14,1.32,2.64,4.06,170.2,316.2,23.05,0.7,3.52,18.33,12.47,15.4,12.82,70.5,2.08,72.83,3.84,200.98,4.95,200.89
2022,6,6,15,1.12,1.9,3.38,139.65,221.6,18.09,0.46,2.38,17.42,12.65,15.04,13,75.75,2.51,72.79,3.53,203.78,4.57,203.71
2022,6,6,16,0.54,1.27,2.53,67.95,147.75,8.95,0.16,0.83,16.54,12.68,14.61,13.06,80.44,1.93,72.78,3.07,206.43,3.99,206.36
2022,6,6,17,0.26,0.63,1.57,30.65,72.6,3.99,0.04,0.2,15.55,12.63,14.09,13.06,85.62,1.55,72.78,2.58,210.22,3.38,209.94
2022,6,6,18,0.1,0.14,0.56,12.12,16.98,1.52,0.01,0.02,14.35,12.68,13.51,13.06,92.88,0.58,72.82,1.91,211.93,2.58,211.86
2022,6,6,19,0,0,0,0,0,0,0,0,13.53,12.9,13.22,13.31,99.5,0.45,72.86,1.07,209.18,1.55,209.28
2022,6,6,20,0,0,0,0,0,0,0,0,13.11,12.88,13,13.31,100,0.34,72.91,0.64,209.4,1.08,208.97
2022,6,6,21,0,0,0,0,0,0,0,0,12.75,12.69,12.72,13.12,100,0.25,72.94,0.5,212.95,0.99,212.82
2022,6,6,22,0,0,0,0,0,0,0,0,12.51,12.41,12.47,12.88,100,0.19,72.95,0.45,222.88,0.84,219.33
2022,6,6,23,0,0,0,0,0,0,0,0,12.22,12.15,12.19,12.7,100,0.14,72.93,0.29,247.62,0.55,240.87
2022,6,7,0,0,0,0,0,0,0,0,0,11.81,11.77,11.8,12.39,100,0.09,72.88,0.25,292.48,0.46,298.3
2022,6,7,1,0,0,0,0,0,0,0,0,11.26,11.16,11.22,12.02,100,0.04,72.83,0.46,331.7,0.95,335.75
2022,6,7,2,0,0,0,0,0,0,0,0,10.55,10.32,10.43,11.41,100,0.02,72.8,0.68,346.76,1.45,347.84
2022,6,7,3,0,0,0,0,0,0,0,0,10.05,9.32,9.69,10.74,100,0.02,72.78,0.82,352.87,1.62,353.08
2022,6,7,4,0,0,0,0,0,0,0,0,10.37,8.42,9.4,10.13,93.38,0.01,72.78,0.86,352.68,1.43,352.8
2022,6,7,5,0.04,0.04,0.2,3.27,4.42,0.42,0,0,11.04,7.93,9.48,9.77,86.38,0.01,72.79,0.7,346.43,1.07,346.88
2022,6,7,6,0.22,0.37,1.14,25.7,42.67,2.95,0.02,0.1,12.9,8.95,10.93,10.5,82.25,0.01,72.83,0.56,324.09,0.77,324.87
2022,6,7,7,0.49,1.01,2.13,61.95,119.6,8.1,0.12,0.62,15.19,8.79,11.99,10.44,70.44,0.31,72.86,1.23,239.85,1.5,239.7
2022,6,7,8,0.82,1.74,3.04,107.67,208.1,14.42,0.34,1.73,16.83,9.3,13.07,10.68,64.94,0.04,72.88,2.31,212.72,2.9,212.58
2022,6,7,9,1.15,2.39,3.79,148.77,288.08,19.78,0.57,2.98,18.25,9.84,14.05,10.99,61.06,0.01,72.89,3.05,206.83,3.86,206.67
2022,6,7,10,1.27,2.91,4.35,168.9,352.23,22.72,0.75,3.73,19.17,10.58,14.87,11.47,59.94,0.05,72.9,3.62,204.35,4.61,204.22
2022,6,7,11,1.4,3.2,4.66,189.58,387.25,25.35,0.88,4.55,19.62,11.35,15.49,11.96,60.81,0.23,72.9,3.95,203.82,5.03,203.7
2022,6,7,12,1.55,3.64,4.72,223.35,453.42,34.3,1.25,6.58,19.49,12.01,15.75,12.39,63.62,0.47,72.87,4.05,205.23,5.17,205.13
2022,6,7,13,1.67,3.31,4.51,228.58,408.1,33.68,1.16,5.85,18.94,12.3,15.62,12.63,67,0.63,72.83,4.05,207.36,5.2,207.26
2022,6,7,14,1.27,2.75,4.06,174.35,334.6,24.77,0.77,3.85,18.47,12.4,15.44,12.76,69.62,1.04,72.8,3.92,210.81,5.06,210.65
2022,6,7,15,0.8,2.03,3.38,106.1,242.67,14.77,0.38,1.95,17.87,12.43,15.15,12.76,72.44,0.99,72.8,3.59,211.58,4.67,211.46
2022,6,7,16,0.47,1.21,2.54,61.02,139.45,8.13,0.15,0.75,17.09,12.37,14.73,12.76,75.88,0.81,72.81,3.24,211.2,4.24,211.14
2022,6,7,17,0.21,0.56,1.57,25.45,64.83,3.22,0.03,0.15,16.19,12.28,14.23,12.7,80,0.58,72.83,2.78,209.66,3.71,209.54
2022,6,7,18,0.09,0.13,0.56,10.05,14.73,1.22,0,0.02,14.98,12.55,13.76,12.94,88.38,0.51,72.86,1.91,205.62,2.75,205.4
2022,6,7,19,0,0,0,0,0,0,0,0,13.95,12.92,13.44,13.31,97.12,0.51,72.91,1.26,201.8,2.07,200.96
2022,6,7,20,0,0,0,0,0,0,0,0,13.52,12.62,13.08,13,97.75,0.48,72.96,1.11,203.15,1.88,201.76
2022,6,7,21,0,0,0,0,0,0,0,0,13.06,12.1,12.58,12.57,97.19,0.52,73.01,0.99,209.41,1.6,208.81
2022,6,7,22,0,0,0,0,0,0,0,0,12.6,11.58,12.09,12.15,97.12,0.63,73.02,0.79,229.4,1.27,229.25
2022,6,7,23,0,0,0,0,0,0,0,0,11.93,11.03,11.48,11.78,98.5,0.68,72.99,0.65,276.19,1.06,277.23
2022,6,8,0,0,0,0,0,0,0,0,0,11.11,10.27,10.69,11.29,99.5,0.77,72.94,0.67,301.65,1.19,302.12
2022,6,8,1,0,0,0,0,0,0,0,0,10.67,9.51,10.09,10.74,97.56,0.71,72.89,0.77,308.03,1.29,308.88
2022,6,8,2,0,0,0,0,0,0,0,0,10.48,8.7,9.58,10.19,93.81,0.33,72.84,0.85,314.26,1.39,314.32
2022,6,8,3,0,0,0,0,0,0,0,0,10.45,7.9,9.17,9.7,89.31,0.24,72.81,0.84,321.01,1.31,320.81
2022,6,8,4,0,0,0,0,0,0,0,0,10.25,7.19,8.72,9.28,86.56,0.2,72.79,0.81,329.7,1.26,329.77
2022,6,8,5,0.04,0.04,0.2,2.75,4.15,0.35,0,0,10.18,6.7,8.44,9.03,84.44,0.13,72.78,0.78,336.27,1.23,336.85
2022,6,8,6,0.19,0.34,1.14,22.33,40.08,2.71,0.02,0.08,12.12,8.05,10.08,9.95,81.88,0.24,72.78,0.71,330.33,1.01,330.86
2022,6,8,7,0.48,0.91,2.13,58.9,104.73,7.13,0.11,0.52,14.45,7.93,11.19,9.95,70.25,0.25,72.8,0.92,247.57,1.13,247.68
2022,6,8,8,0.94,1.6,3.04,118.7,186.55,15,0.34,1.75,16.36,8.07,12.22,10.07,62.81,0.05,72.81,2.05,207.74,2.54,207.67
2022,6,8,9,1.16,2.27,3.79,152.73,270.02,20.84,0.6,3.1,17.87,8.6,13.23,10.38,58.88,0.02,72.82,2.75,202.04,3.47,201.95
2022,6,8,10,1.39,2.87,4.35,184.83,347.33,25.33,0.82,4.08,19,9.43,14.21,10.86,57.62,0.04,72.84,3.43,200.13,4.37,200.09
2022,6,8,11,1.45,3.2,4.66,200.58,388.77,27.45,0.94,4.85,19.51,10.49,15,11.54,59.19,0.2,72.84,3.95,200.83,5.06,200.9
2022,6,8,12,0.94,3.2,4.72,136.8,381.85,18.59,0.62,3.27,19.46,11.48,15.47,12.21,62.56,0.45,72.82,4.16,202.76,5.33,202.69
2022,6,8,13,0.76,2.91,4.52,101.83,344.02,12.7,0.41,2.02,18.92,12.13,15.52,12.57,66.94,0.76,72.78,4.12,204.87,5.29,204.9
2022,6,8,14,0.75,2.41,4.06,99.48,281.8,12.53,0.37,1.85,18.51,12.53,15.52,12.94,70.25,1.07,72.75,4.03,207.11,5.17,207.15
2022,6,8,15,0.45,1.79,3.39,60.8,205.38,7.42,0.18,0.92,17.88,12.64,15.26,13,73.62,1.16,72.72,3.96,209.04,5.13,209.06
2022,6,8,16,0.26,1.14,2.54,32.95,129.33,4.09,0.08,0.38,16.68,12.58,14.63,12.94,79.19,1.06,72.71,3.62,209.88,4.77,209.88
2022,6,8,17,0.1,0.54,1.58,10.42,61.52,1.27,0.02,0.05,15.41,12.56,13.99,13,85.88,0.81,72.71,3.09,209.87,4.12,209.92
2022,6,8,18,0.04,0.13,0.57,5.2,15.17,0.66,0,0,14.21,12.65,13.43,13.06,93.56,0.92,72.74,2.33,208.46,3.19,208.51
2022,6,8,19,0,0,0,0,0,0,0,0,13.51,12.88,13.19,13.31,99.62,0.76,72.79,1.6,206.32,2.28,206.48
2022,6,8,20,0,0,0,0,0,0,0,0,13.31,12.98,13.14,13.37,100,0.62,72.84,1.21,207.23,1.79,207.01
2022,6,8,21,0,0,0,0,0,0,0,0,13.06,12.97,13.01,13.37,100,0.5,72.88,0.81,205.82,1.37,205.69
2022,6,8,22,0,0,0,0,0,0,0,0,12.82,12.83,12.83,13.24,100,0.46,72.89,0.68,203.03,1.33,202.8
2022,6,8,23,0,0,0,0,0,0,0,0,12.58,12.58,12.58,13,100,0.43,72.87,0.63,202.46,1.3,202.7
2022,6,9,0,0,0,0,0,0,0,0,0,12.33,12.12,12.23,12.7,100,0.36,72.84,0.58,213.48,1.08,213.46
2022,6,9,1,0,0,0,0,0,0,0,0,12.11,11.98,12.05,12.57,100,0.28,72.81,0.48,234.25,0.87,231.58
2022,6,9,2,0,0,0,0,0,0,0,0,11.87,11.67,11.76,12.33,100,0.2,72.78,0.47,252.47,0.76,251.38
2022,6,9,3,0,0,0,0,0,0,0,0,11.65,11.33,11.49,12.15,100,0.15,72.75,0.45,270.99,0.7,271.29
2022,6,9,4,0,0,0,0,0,0,0,0,11.27,10.85,11.06,11.78,100,0.1,72.73,0.52,308.93,0.81,309.52
2022,6,9,5,0.04,0.04,0.2,2.58,4.75,0.34,0,0,10.91,10.3,10.61,11.47,100,0.05,72.72,0.6,337.78,1.02,337.95
2022,6,9,6,0.06,0.42,1.14,5.38,49.27,0.71,0,0.02,12.51,10.24,11.37,11.47,91.88,0.24,72.73,0.83,342.94,1.07,343.42
2022,6,9,7,0.29,1.12,2.13,37.33,133.33,5.23,0.08,0.4,14.76,10.02,12.39,11.29,78.06,0.56,72.74,0.84,242.96,1.01,242.84
2022,6,9,8,0.71,1.9,3.03,96.1,229.42,13.38,0.31,1.55,16.48,10.32,13.4,11.41,70.81,0.21,72.74,2.08,210.04,2.59,209.9
2022,6,9,9,1.15,2.6,3.79,155.25,316.92,21.56,0.62,3.23,17.96,10.71,14.33,11.66,65.88,0.03,72.75,2.71,206.12,3.43,206.1
2022,6,9,10,1.01,3.15,4.34,144.55,384.6,20.8,0.67,3.35,19.13,11.29,15.21,12.08,63.25,0.19,72.75,3.38,204.73,4.3,204.7
2022,6,9,11,1.14,3.46,4.66,166.75,424.42,23.97,0.82,4.23,19.65,12,15.82,12.57,63.88,0.33,72.74,3.9,204.36,4.99,204.4
2022,6,9,12,0.98,3.46,4.72,145.73,425.02,20.78,0.71,3.67,19.5,12.62,16.06,13.06,66.75,0.69,72.72,4.11,205.59,5.26,205.54
2022,6,9,13,0.84,3.21,4.52,125.23,393.33,17.31,0.55,2.8,18.83,13.02,15.92,13.37,71.19,1.62,72.7,4.12,207.44,5.3,207.4
2022,6,9,14,0.66,2.74,4.06,98.05,334.4,13.67,0.41,2.05,17.9,13.26,15.58,13.55,76.62,3.13,72.67,4.03,210.39,5.22,210.4
2022,6,9,15,0.57,2.1,3.39,79.42,254.55,10.73,0.27,1.4,17.07,13.36,15.21,13.67,81.44,3.35,72.66,3.85,211.88,5.01,211.81
2022,6,9,16,0.37,1.37,2.54,49.33,163.75,6.66,0.12,0.62,16.24,13.21,14.73,13.55,85.19,2.18,72.67,3.56,212.54,4.68,212.52
2022,6,9,17,0.17,0.66,1.58,19.67,78.12,2.58,0.02,0.12,15.33,12.99,14.16,13.37,89.12,1.52,72.69,3.13,212.98,4.17,212.92
2022,6,9,18,0.09,0.15,0.58,10.7,18.25,1.38,0.01,0.02,14.2,12.91,13.56,13.31,95.38,0.74,72.73,2.39,211.61,3.28,211.46
2022,6,9,19,0,0,0,0,0,0,0,0,13.49,13.03,13.26,13.43,100,0.66,72.78,1.56,210.67,2.25,210.49
2022,6,9,20,0,0,0,0,0,0,0,0,13.24,12.98,13.11,13.37,100,0.58,72.82,1.17,213.26,1.77,212.78
2022,6,9,21,0,0,0,0,0,0,0,0,12.73,12.65,12.69,13.06,100,0.43,72.86,0.81,217.53,1.5,216.93
2022,6,9,22,0,0,0,0,0,0,0,0,12.36,12.27,12.32,12.76,100,0.35,72.86,0.69,227.77,1.31,227.17
2022,6,9,23,0,0,0,0,0,0,0,0,12.01,11.98,12,12.57,100,0.33,72.84,0.6,235.07,1.16,234.6
2022,6,10,0,0,0,0,0,0,0,0,0,11.65,11.61,11.63,12.33,100,0.27,72.79,0.6,244.44,1.13,244.14
2022,6,10,1,0,0,0,0,0,0,0,0,11.37,11.2,11.28,12.02,100,0.23,72.75,0.62,257.7,1.11,257.82
2022,6,10,2,0,0,0,0,0,0,0,0,11.03,10.72,10.87,11.72,100,0.41,72.72,0.62,278.64,1.06,278.49
2022,6,10,3,0,0,0,0,0,0,0,0,10.56,10.11,10.33,11.35,100,0.42,72.71,0.65,303.31,1.14,303.58
2022,6,10,4,0,0,0,0,0,0,0,0,9.93,9.24,9.58,10.8,100,0.23,72.69,0.75,322.65,1.29,323.13
2022,6,10,5,0.05,0.05,0.2,3.67,5.55,0.51,0,0,9.88,8.53,9.21,10.31,98.19,0.13,72.69,0.79,330.4,1.29,330.64
2022,6,10,6,0.24,0.5,1.14,29.98,59.7,3.91,0.02,0.12,12.1,9.37,10.73,10.86,89.56,0.08,72.71,0.86,315.37,1.18,315.54
2022,6,10,7,0.8,1.27,2.13,101.27,154.92,13.73,0.22,1.05,14.51,9.1,11.81,10.68,74.94,0.02,72.74,1.29,260.59,1.64,259.82
2022,6,10,8,1.26,2.1,3.03,162.88,256.75,22.95,0.54,2.75,16.62,8.74,12.68,10.5,64.69,0,72.75,2.27,230.88,2.85,230.9
2022,6,10,9,1.69,2.8,3.79,222.35,343.73,31.76,0.95,4.9,18.08,8.98,13.52,10.68,59.81,0.01,72.77,3.1,219.18,3.94,219.28
2022,6,10,10,1.99,3.33,4.34,262.85,407.9,37.95,1.27,6.35,18.96,9.69,14.33,11.11,58.81,0.05,72.79,3.74,213.59,4.8,213.51
2022,6,10,11,2.04,3.63,4.66,273.92,444.6,40.55,1.46,7.58,19.37,10.44,14.9,11.47,59.31,0.2,72.78,4.33,211.51,5.6,211.43
2022,6,10,12,1.73,3.18,4.72,223.83,376.75,28.11,0.95,5,18.78,11.19,14.98,11.84,63.5,0.39,72.77,4.66,211.56,6.07,211.52
2022,6,10,13,1.67,2.96,4.52,209.05,349.33,26.09,0.84,4.3,18.15,11.83,14.99,12.27,68.19,0.66,72.74,4.55,214.02,5.91,214.01
2022,6,10,14,1.52,2.53,4.06,189.58,298.77,23.46,0.7,3.52,17.61,11.78,14.69,12.15,70.12,0.83,72.71,4.45,216.51,5.81,216.47
2022,6,10,15,1.19,1.94,3.39,146.27,226.75,17.87,0.45,2.3,17.19,11.4,14.3,11.9,70.25,0.78,72.69,4.33,218.48,5.71,218.44
2022,6,10,16,0.81,1.26,2.55,96.8,145.75,11.73,0.22,1.08,16.64,10.95,13.8,11.54,70.62,0.63,72.7,3.97,220.21,5.27,220.25
2022,6,10,17,0.41,0.61,1.59,47.48,70.25,5.75,0.05,0.27,15.69,10.66,13.17,11.35,73.81,0.46,72.72,3.16,220.79,4.29,220.79
2022,6,10,18,0.12,0.15,0.58,13.83,17.27,1.69,0.01,0.02,13.97,11.38,12.67,12.08,87.81,0.76,72.76,1.79,222.88,2.72,222.21
2022,6,10,19,0,0,0,0,0,0,0,0,12.68,10.49,11.58,11.29,89.56,0.45,72.8,1.35,230.87,2.2,229.18
2022,6,10,20,0,0,0,0,0,0,0,0,12.2,9.6,10.9,10.62,86.81,0.29,72.85,0.87,243.43,1.48,243.3
2022,6,10,21,0,0,0,0,0,0,0,0,12.05,8.98,10.51,10.19,84.19,0.16,72.89,0.89,276.56,1.33,276.41
2022,6,10,22,0,0,0,0,0,0,0,0,10.98,8.01,9.5,9.64,85.69,0.08,72.9,0.78,312.16,1.35,309.85
2022,6,10,23,0,0,0,0,0,0,0,0,10.19,7.06,8.62,9.16,85.56,0.05,72.89,0.84,325.57,1.44,324.06
2022,6,11,0,0,0,0,0,0,0,0,0,9.76,6.23,7.99,8.67,83.81,0.02,72.86,0.87,331.59,1.47,331.39
2022,6,11,1,0,0,0,0,0,0,0,0,9.43,5.4,7.41,8.3,81.62,0.48,72.82,0.92,333.87,1.57,333.05
2022,6,11,2,0,0,0,0,0,0,0,0,9.3,4.8,7.05,8,79.5,0.47,72.79,0.98,335.07,1.67,333.91
2022,6,11,3,0,0,0,0,0,0,0,0,9.2,4.31,6.76,7.75,77.56,0.47,72.78,1.02,335.19,1.75,333.78
2022,6,11,4,0,0,0,0,0,0,0,0,9.08,3.58,6.33,7.32,74,0,72.77,1.03,334.41,1.78,332.76
2022,6,11,5,0.05,0.05,0.2,4.58,5.3,0.62,0,0,9.08,3.26,6.18,7.14,72.06,0,72.79,1,338.45,1.76,337.07
2022,6,11,6,0.42,0.47,1.14,49.58,55.42,6.39,0.04,0.2,11.26,5.35,8.31,8.48,73.69,0,72.82,1.16,335.33,1.72,335.64
2022,6,11,7,0.91,1.21,2.13,112.73,145.62,14.76,0.23,1.15,14.04,4.71,9.37,8.06,58.44,0,72.86,1.24,271.08,1.59,270.84
2022,6,11,8,1.35,1.99,3.03,169.38,240.83,22.76,0.54,2.75,15.81,4.76,10.29,8.12,52.69,0,72.88,2.36,229.83,2.99,229.87
2022,6,11,9,1.98,2.69,3.79,252.02,327.62,34.41,1.02,5.25,17.2,5.62,11.41,8.61,51.06,0,72.89,3.05,218.87,3.88,218.95
2022,6,11,10,2.12,3.22,4.34,270.62,392.23,38.67,1.32,6.65,18.19,6.83,12.51,9.28,51.81,0,72.89,3.57,212.02,4.54,211.99
2022,6,11,11,2.38,3.51,4.66,315.62,428.58,44.63,1.6,8.48,18.77,8.08,13.43,10.01,53.81,0,72.87,3.97,208.58,5.07,208.54
2022,6,11,12,2.06,3.28,4.72,270.92,394.65,35.31,1.24,6.62,18.74,9.31,14.02,10.74,57.69,0,72.86,4.08,207.2,5.21,207.22
2022,6,11,13,1.71,3.01,4.52,219.77,360.2,28.63,0.96,4.9,18.44,10.3,14.37,11.29,61.94,0.11,72.83,3.96,207.22,5.05,207.16
2022,6,11,14,1.35,2.55,4.07,171.73,302.5,21.7,0.66,3.3,18.05,10.98,14.51,11.72,65.69,0.5,72.8,3.72,207.97,4.72,207.92
2022,6,11,15,1.11,1.89,3.4,135.42,221.35,16.47,0.41,2.12,17.24,11.28,14.26,11.9,70.25,0.69,72.77,3.44,209.71,4.41,209.66
2022,6,11,16,0.8,1.23,2.55,94.05,141.83,11.27,0.21,1.05,16.36,11.33,13.84,11.96,74.56,0.54,72.75,3.1,212.01,3.99,212.04
2022,6,11,17,0.43,0.61,1.59,47.95,70.15,5.72,0.06,0.3,15.26,11.3,13.28,11.96,80,0.41,72.75,2.6,214.12,3.4,214.05
2022,6,11,18,0.13,0.15,0.59,14.85,18.15,1.88,0.01,0.02,13.84,11.54,12.69,12.21,89.5,0.26,72.77,1.81,215.68,2.48,215.64
2022,6,11,19,0,0,0,0,0,0,0,0,12.58,11.87,12.23,12.51,99.62,0.2,72.82,0.94,220.29,1.52,220.22
2022,6,11,20,0,0,0,0,0,0,0,0,12.15,11.62,11.88,12.27,100,0.15,72.88,0.68,238.13,1.1,238.69
2022,6,11,21,0,0,0,0,0,0,0,0,11.7,11.41,11.55,12.08,100,0.08,72.92,0.48,277.47,0.87,279.29
2022,6,11,22,0,0,0,0,0,0,0,0,11.05,10.94,11,11.78,100,0.07,72.92,0.51,315.62,1.02,321.2
2022,6,11,23,0,0,0,0,0,0,0,0,10.31,10.09,10.2,11.17,100,0.07,72.89,0.7,341.77,1.45,344.01
2022,6,12,0,0,0,0,0,0,0,0,0,9.68,9.1,9.39,10.5,100,0.06,72.86,0.8,349.89,1.67,351.38
2022,6,12,1,0,0,0,0,0,0,0,0,9.3,8.18,8.74,9.89,97.94,0.06,72.83,0.86,353.72,1.73,354.03
2022,6,12,2,0,0,0,0,0,0,0,0,8.99,7.3,8.15,9.34,94.75,0.06,72.81,0.92,355.64,1.77,355.45
2022,6,12,3,0,0,0,0,0,0,0,0,9.14,6.39,7.76,8.79,88.5,0.04,72.8,0.95,352.47,1.65,352.37
2022,6,12,4,0,0,0,0,0,0,0,0,9.51,5.59,7.55,8.36,81.69,0.02,72.81,0.9,345.36,1.43,345.13
2022,6,12,5,0.05,0.04,0.2,3.42,4.4,0.43,0,0,9.87,5.15,7.51,8.06,77.25,0.01,72.83,0.8,340.68,1.26,339.99
2022,6,12,6,0.18,0.4,1.14,20.98,45.75,2.73,0.02,0.08,11.9,6.94,9.42,9.22,77.06,0,72.87,0.77,335.27,1.07,336.25
2022,6,12,7,0.59,1.08,2.13,72.95,123.9,9.52,0.15,0.7,14.47,7.71,11.08,9.7,68.75,0.04,72.9,1.06,254.11,1.3,254.29
2022,6,12,8,0.83,1.89,3.03,107.52,223.42,14.44,0.33,1.65,16.34,8.2,12.27,10.01,62.56,0.01,72.9,2.19,218.47,2.73,218.38
2022,6,12,9,0.68,2.62,3.78,94.35,314.35,13.41,0.37,1.92,17.87,8.83,13.34,10.38,59,0.02,72.92,2.99,213.4,3.8,213.33
2022,6,12,10,0.36,3.17,4.34,56.48,383.95,8.34,0.23,1.15,18.72,9.59,14.15,10.86,58.62,0.09,72.93,3.62,211.15,4.64,211.15
2022,6,12,11,0.27,3.49,4.66,43.75,424.2,6.48,0.18,0.95,18.91,10.39,14.65,11.41,60.75,0.26,72.94,3.97,210.81,5.09,210.74
2022,6,12,12,0.27,3.1,4.72,43.08,364.15,5.6,0.16,0.83,18.73,11.08,14.91,11.84,63.88,0.59,72.93,4.06,212.34,5.22,212.21
2022,6,12,13,0.28,2.93,4.52,43.45,345.12,5.74,0.16,0.8,18.26,11.6,14.93,12.21,67.62,0.8,72.91,4,214.34,5.16,214.27
2022,6,12,14,0.69,2.56,4.07,96.2,301.35,12.62,0.36,1.83,17.55,11.94,14.74,12.39,71.94,0.84,72.89,3.74,217.18,4.84,217.13
2022,6,12,15,0.88,2,3.4,111.83,235.73,14.45,0.37,1.9,16.94,11.96,14.44,12.45,74.94,0.86,72.87,3.39,218.64,4.41,218.6
2022,6,12,16,0.77,1.33,2.56,92.17,156.65,11.48,0.22,1.05,16.13,11.9,14.01,12.39,78.62,0.69,72.87,2.97,219.34,3.89,219.38
2022,6,12,17,0.43,0.65,1.6,49.45,75.1,5.96,0.06,0.3,15.15,11.94,13.55,12.45,84.12,0.52,72.87,2.45,219.17,3.27,219.09
2022,6,12,18,0.14,0.16,0.6,16.52,19.27,2.1,0.01,0.02,14.07,12.26,13.16,12.76,92.56,0.41,72.91,1.64,218.02,2.3,217.69
2022,6,12,19,0,0,0,0,0,0,0,0,13.23,12.53,12.88,13.06,99.81,0.31,72.96,1.02,219.41,1.61,218.88
2022,6,12,20,0,0,0,0,0,0,0,0,12.98,12.33,12.65,12.82,100,0.29,73.03,0.87,225.36,1.32,225.72
2022,6,12,21,0,0,0,0,0,0,0,0,12.76,12.19,12.48,12.7,100,0.25,73.07,0.6,240.44,0.91,241.23
2022,6,12,22,0,0,0,0,0,0,0,0,12.37,11.98,12.17,12.51,100,0.24,73.07,0.43,263.77,0.75,263.4
2022,6,12,23,0,0,0,0,0,0,0,0,11.82,11.58,11.69,12.21,100,0.24,73.05,0.42,284.04,0.79,284.31
2022,6,13,0,0,0,0,0,0,0,0,0,11.19,10.99,11.09,11.78,100,0.2,73.01,0.48,309.09,0.94,311.28
2022,6,13,1,0,0,0,0,0,0,0,0,10.42,10.23,10.33,11.23,100,0.28,72.98,0.62,330.52,1.28,332.81
2022,6,13,2,0,0,0,0,0,0,0,0,9.75,9.28,9.51,10.56,100,0.72,72.95,0.78,347.22,1.58,347.47
2022,6,13,3,0,0,0,0,0,0,0,0,9.49,8.35,8.92,9.89,97.31,0.26,72.94,0.87,349.19,1.69,349.32
2022,6,13,4,0,0,0,0,0,0,0,0,9.19,7.55,8.37,9.4,94.06,0.03,72.94,0.9,349.47,1.74,349.4
2022,6,13,5,0.04,0.05,0.2,3.6,5.25,0.48,0,0,9.34,6.98,8.15,9.03,89.81,0.01,72.96,0.91,348.11,1.69,347.96
2022,6,13,6,0.27,0.46,1.13,33.9,54.77,4.48,0.03,0.15,11.88,8.05,9.97,9.83,82.31,0,72.99,1,334.04,1.44,334.55
2022,6,13,7,0.62,1.18,2.12,80.45,146.33,10.53,0.16,0.8,14.59,8.4,11.5,10.07,70.81,0.01,73.01,1.47,257.37,1.83,257.21
2022,6,13,8,1.01,1.96,3.03,132.85,245.05,18.24,0.42,2.12,16.35,8.89,12.62,10.38,65.06,0,73.03,2.5,227.4,3.16,227.4
2022,6,13,9,1.98,2.64,3.78,259.75,332.45,34.83,0.99,5.17,17.79,9.67,13.73,10.86,62.19,0,73.04,3.22,218.01,4.1,218.03
2022,6,13,10,2.53,3.2,4.34,328.9,399.25,45.15,1.51,7.52,18.69,10.5,14.59,11.41,61.69,0,73.05,3.79,213.4,4.85,213.31
2022,6,13,11,2.34,3.56,4.66,311.45,438.75,44.8,1.62,8.48,19.13,11.19,15.16,11.9,62.5,0,73.03,4.18,212.18,5.37,212.09
2022,6,13,12,2.22,3.37,4.72,289.92,406.62,37.63,1.34,7.08,19.25,11.8,15.52,12.27,64.06,0.04,73,4.4,212.76,5.66,212.66
2022,6,13,13,1.92,3.13,4.52,247.15,377.42,32.1,1.09,5.52,19.03,12.21,15.62,12.57,66.38,0.19,72.94,4.47,214.47,5.76,214.34
2022,6,13,14,1.58,2.69,4.07,198.65,324.92,25.89,0.8,4,18.62,12.29,15.45,12.57,68.31,0.32,72.89,4.35,216.89,5.61,216.85
2022,6,13,15,1.21,2.09,3.4,154.7,252.33,19.79,0.52,2.65,18.12,12.09,15.11,12.45,69.5,0.43,72.85,4.25,219.1,5.53,219.04
2022,6,13,16,0.87,1.39,2.56,109.15,167.15,13.7,0.27,1.3,17.36,11.8,14.58,12.21,71.62,0.43,72.84,4.01,221.05,5.28,220.98
2022,6,13,17,0.41,0.69,1.6,49.98,83.17,6.16,0.06,0.33,16.12,11.58,13.85,12.08,76.5,0.37,72.85,3.42,221.48,4.6,221.56
2022,6,13,18,0.15,0.17,0.6,17.73,20.8,2.27,0.01,0.02,14.55,11.97,13.26,12.45,87.56,0.72,72.89,2.19,219.36,3.12,219.42
2022,6,13,19,0,0,0,0,0,0,0,0,13.14,11.98,12.56,12.51,96.31,0.47,72.94,1.45,220.4,2.39,220.5
2022,6,13,20,0,0,0,0,0,0,0,0,12.57,11.5,12.03,12.08,96.75,0.32,72.99,1.27,229.47,2.15,229.42
2022,6,13,21,0,0,0,0,0,0,0,0,12.27,11.05,11.66,11.72,95.81,0.15,73.02,1.08,242.88,1.75,243.21
2022,6,13,22,0,0,0,0,0,0,0,0,12.08,10.7,11.39,11.47,94.69,0.12,73.02,0.82,259.55,1.28,260.54
2022,6,13,23,0,0,0,0,0,0,0,0,11.7,10.42,11.06,11.23,95.31,0.15,73,0.6,288.2,1.02,286.49
2022,6,14,0,0,0,0,0,0,0,0,0,11.37,10.12,10.75,11.05,95.56,0.15,72.96,0.58,306.25,1.02,303.45
2022,6,14,1,0,0,0,0,0,0,0,0,11.1,9.8,10.45,10.8,95.25,0.62,72.92,0.6,315,1.05,311.67
2022,6,14,2,0,0,0,0,0,0,0,0,10.91,9.49,10.2,10.62,94.56,0.57,72.88,0.62,316.02,1.07,312.33
2022,6,14,3,0,0,0,0,0,0,0,0,10.84,9.26,10.05,10.44,93.56,0.55,72.87,0.57,312.8,0.98,308.52
2022,6,14,4,0,0,0,0,0,0,0,0,10.73,9.16,9.94,10.38,93.62,0.02,72.88,0.5,306.16,0.87,300.96
2022,6,14,5,0.04,0.05,0.2,3.33,5.73,0.46,0,0,10.77,9.25,10.01,10.44,93.94,0.03,72.91,0.41,306.43,0.7,301.73
2022,6,14,6,0.2,0.52,1.13,22.23,61.42,2.79,0.02,0.08,12.19,9.95,11.07,10.93,89.81,0.02,72.95,0.56,274.76,0.71,275.02
2022,6,14,7,0.58,1.29,2.12,74.2,157.23,10.46,0.17,0.85,14.01,10.23,12.12,11.11,81.06,0.02,72.98,1.24,220.91,1.52,221.05
2022,6,14,8,0.94,2.11,3.02,125.98,258.17,18.27,0.45,2.33,15.82,10.25,13.04,11.17,72.31,0,73,2.14,208.06,2.66,208.07
2022,6,14,9,1.3,2.81,3.78,175.17,345.65,25.52,0.77,4.05,17.33,10.28,13.81,11.17,65.81,0,73.01,2.96,207.17,3.74,207.26
2022,6,14,10,1.42,3.33,4.34,195.77,410.35,29.23,1.01,5.02,18.41,10.62,14.51,11.41,62.75,0,73.02,3.63,207.39,4.64,207.39
2022,6,14,11,2.07,3.64,4.66,284.08,447.98,41.7,1.55,8.12,18.83,11.15,14.99,11.78,63.06,0.02,73.01,4.1,208.08,5.25,208.05
2022,6,14,12,2.05,3.32,4.72,271.55,401.98,35.17,1.26,6.73,18.6,11.6,15.1,12.08,65.62,0.17,72.98,4.31,209.17,5.55,209.13
2022,6,14,13,1.82,3.1,4.52,237.15,376.62,30.79,1.05,5.42,18.4,12.04,15.22,12.39,68.25,0.49,72.94,4.4,210.75,5.66,210.81
2022,6,14,14,1.53,2.68,4.07,199.17,327.17,25.79,0.81,4.08,17.59,12.12,14.86,12.45,72.12,0.84,72.9,4.29,212.04,5.55,212.06
2022,6,14,15,1.2,2.08,3.4,155,253.15,19.7,0.52,2.7,16.9,12.18,14.55,12.57,75.69,0.83,72.87,3.97,213.6,5.16,213.57
2022,6,14,16,0.73,1.33,2.56,89.4,160.65,10.98,0.22,1.05,16.17,12.2,14.19,12.57,79.62,0.78,72.84,3.54,216.11,4.63,216.08
2022,6,14,17,0.37,0.66,1.61,43.35,79.42,5.3,0.05,0.27,15.25,12.2,13.73,12.63,84.56,0.7,72.84,3.01,217.61,3.99,217.61
2022,6,14,18,0.09,0.17,0.61,11.98,20.5,1.59,0.01,0.02,14.13,12.36,13.25,12.82,92.19,0.26,72.86,2.14,213.98,2.94,213.86
2022,6,14,19,0,0,0,0,0,0,0,0,13.2,12.65,12.92,13.06,100,0.2,72.91,1.27,210.66,1.92,210
2022,6,14,20,0,0,0,0,0,0,0,0,12.89,12.44,12.66,12.88,100,0.15,72.95,1,212.57,1.51,211.88
2022,6,14,21,0,0,0,0,0,0,0,0,12.76,12.23,12.5,12.7,100,0.1,72.99,0.56,218.16,0.83,216.98
2022,6,14,22,0,0,0,0,0,0,0,0,12.4,12.11,12.26,12.57,100,0.08,73,0.22,249.68,0.44,241.14
2022,6,14,23,0,0,0,0,0,0,0,0,12.01,11.89,11.95,12.39,100,0.06,72.98,0.2,292.62,0.4,279.09
2022,6,15,0,0,0,0,0,0,0,0,0,11.69,11.65,11.66,12.21,100,0.04,72.93,0.26,307.57,0.49,299.41
2022,6,15,1,0,0,0,0,0,0,0,0,11.49,11.43,11.46,12.08,100,0.02,72.88,0.31,316.01,0.61,308.77
2022,6,15,2,0,0,0,0,0,0,0,0,11.31,11.22,11.26,11.9,100,0.01,72.84,0.36,322.88,0.7,316.82
2022,6,15,3,0,0,0,0,0,0,0,0,11.05,10.98,11.01,11.72,100,0.01,72.81,0.43,321.67,0.82,316.55
2022,6,15,4,0,0,0,0,0,0,0,0,10.79,10.71,10.75,11.54,100,0.02,72.79,0.48,322.94,0.91,319.18
2022,6,15,5,0.05,0.05,0.19,4.02,5.73,0.55,0,0,10.78,10.52,10.65,11.41,100,0.04,72.8,0.49,329.35,0.95,329.2
2022,6,15,6,0.23,0.5,1.13,27.62,61.73,3.9,0.02,0.12,12.55,10.96,11.76,11.78,93.94,0.04,72.83,0.88,320.39,1.16,320.74
2022,6,15,7,0.73,1.27,2.12,92.42,158.02,13.04,0.21,1.02,14.82,11.01,12.91,11.78,81.5,0.07,72.87,1.27,243.28,1.59,243.18
2022,6,15,8,1.13,2.07,3.02,147.33,259.12,21.17,0.51,2.58,16.65,11.12,13.88,11.9,72.94,0.08,72.88,2.64,219.59,3.34,219.79
2022,6,15,9,1.61,2.77,3.78,212.35,346.52,30.66,0.91,4.77,17.98,11.32,14.65,12.02,67.81,0.11,72.9,3.32,215.9,4.23,215.98
2022,6,15,10,1.78,3.29,4.33,239.05,411.33,34.99,1.19,5.9,18.84,11.75,15.3,12.33,65.94,0.2,72.92,3.87,213.56,4.96,213.56
2022,6,15,11,2.02,3.6,4.65,277.02,448.73,40.55,1.46,7.55,19.22,12.36,15.79,12.76,66.62,0.37,72.91,4.36,212.49,5.61,212.43
2022,6,15,12,1.65,3.59,4.72,231.2,448.08,34.03,1.22,6.42,19.01,12.89,15.95,13.18,69.62,0.67,72.89,4.69,212.76,6.05,212.73
2022,6,15,13,1.2,3.32,4.52,174.58,412.77,25.37,0.87,4.35,18.56,13.15,15.86,13.43,72.81,1.02,72.85,4.82,214.1,6.25,214.05
2022,6,15,14,1.02,2.82,4.07,144.05,347.6,19.84,0.61,3.08,18.08,13.23,15.66,13.55,75.62,1.38,72.82,4.69,216.81,6.12,216.8
2022,6,15,15,0.91,2.15,3.41,124.02,262.77,16.61,0.44,2.27,17.13,13.14,15.14,13.49,80,1.79,72.8,4.33,218.4,5.67,218.29
2022,6,15,16,0.49,1.38,2.57,64.58,166.5,7.77,0.15,0.73,16.3,13.13,14.72,13.49,84.5,2.01,72.78,3.76,219.35,4.95,219.3
2022,6,15,17,0.47,0.66,1.61,57.75,78.4,7.35,0.08,0.4,15.4,13.13,14.26,13.55,89.75,1.98,72.79,3.17,219.1,4.23,219.07
2022,6,15,18,0.11,0.16,0.61,13.85,19.75,1.77,0.01,0.02,14.26,13.18,13.72,13.61,97.12,1.61,72.83,2.36,217.33,3.22,217.31
2022,6,15,19,0,0,0,0,0,0,0,0,13.62,13.34,13.48,13.73,100,1.55,72.87,1.36,214.24,2.01,214.06
2022,6,15,20,0,0,0,0,0,0,0,0,13.4,13.31,13.36,13.73,100,1.45,72.92,1.03,212.01,1.7,211.5
2022,6,15,21,0,0,0,0,0,0,0,0,13.13,13.05,13.08,13.49,100,1.43,72.94,0.98,218.52,1.71,217.39
2022,6,15,22,0,0,0,0,0,0,0,0,12.83,12.89,12.86,13.37,100,1.83,72.94,0.88,219.22,1.6,218.05
2022,6,15,23,0,0,0,0,0,0,0,0,12.42,12.61,12.51,13.12,100,2.08,72.91,0.79,220.17,1.57,219.33
2022,6,16,0,0,0,0,0,0,0,0,0,12.1,12.3,12.2,12.88,100,1.71,72.89,0.76,223.75,1.55,223.36
2022,6,16,1,0,0,0,0,0,0,0,0,11.89,12.01,11.94,12.63,100,1.22,72.85,0.74,233.97,1.49,234.15
2022,6,16,2,0,0,0,0,0,0,0,0,11.57,11.76,11.66,12.39,100,0.72,72.81,0.72,248.2,1.51,248.2
2022,6,16,3,0,0,0,0,0,0,0,0,11.44,11.51,11.48,12.21,100,0.36,72.78,0.69,261.6,1.38,260.91
2022,6,16,4,0,0,0,0,0,0,0,0,11.4,11.29,11.34,12.02,100,0.21,72.77,0.62,282.45,1.14,280.69
2022,6,16,5,0.04,0.04,0.19,3.67,5.25,0.5,0,0,11.47,11.18,11.32,12.02,100,0.21,72.79,0.55,313.85,1.06,314.1
2022,6,16,6,0.19,0.44,1.13,23.15,54.12,3.17,0.02,0.1,12.79,11.31,12.05,12.15,95.75,0.38,72.84,0.82,323.13,1.11,325.07
2022,6,16,7,0.78,1.14,2.11,98.75,141.6,13.04,0.2,1,14.65,10.68,12.66,11.78,82.19,0.53,72.9,0.83,241.99,1.06,242.68
2022,6,16,8,1.34,1.91,3.02,175.98,238.98,23.84,0.56,2.88,14.92,10.98,12.95,11.96,82.12,0.67,72.95,1.82,221.16,2.29,221.13
2022,6,16,9,1.75,2.58,3.77,232.33,323.2,32,0.94,4.88,15.69,11.79,13.74,12.51,81.75,0.78,72.97,2.41,229.6,3.05,229.46
2022,6,16,10,1.93,3.13,4.33,257.6,393.05,37.02,1.26,6.27,17.15,12.37,14.76,12.94,76.94,0.77,72.96,3.45,230.61,4.43,230.58
2022,6,16,11,2.12,3.45,4.65,293.23,431.88,42,1.52,7.92,17.96,12.57,15.26,13.18,74.38,0.77,72.93,4.26,230.36,5.51,230.35
2022,6,16,12,2,3.48,4.72,276.67,432.9,39.53,1.42,7.52,18.23,12.74,15.49,13.37,74.12,0.74,72.89,4.58,230.82,5.95,230.86
2022,6,16,13,1.55,3.15,4.52,211.73,386.05,29.28,1,5.1,18.59,13.12,15.86,13.73,74.38,0.68,72.84,4.64,231.63,6.03,231.57
2022,6,16,14,1.08,2.56,4.07,142.58,306.62,19.03,0.59,2.95,18.47,13.3,15.88,13.85,75.62,0.59,72.79,4.63,232.2,6.04,232.26
2022,6,16,15,0.97,1.83,3.41,121.95,212.67,15.25,0.39,2.02,17.94,13.12,15.53,13.67,77.19,0.52,72.75,4.47,230.6,5.88,230.56
2022,6,16,16,0.7,1.15,2.57,83.6,129.48,10.09,0.2,0.95,16.79,12.98,14.88,13.61,82.5,0.64,72.74,3.99,229.69,5.29,229.73
2022,6,16,17,0.3,0.57,1.62,35.45,64.42,4.45,0.05,0.23,15.56,12.9,14.23,13.61,89.25,1,72.74,3.33,233.78,4.47,233.81
2022,6,16,18,0.12,0.15,0.62,14.42,18.1,1.82,0.01,0.02,14.36,12.87,13.61,13.67,96.88,0.28,72.77,2.4,240.19,3.33,240.19
2022,6,16,19,0,0,0,0,0,0,0,0,13.18,12.96,13.07,13.73,100,0.39,72.81,1.21,245.59,2,245.54
2022,6,16,20,0,0,0,0,0,0,0,0,12.97,12.83,12.9,13.61,100,0.51,72.86,1.13,254.33,1.86,253.92
2022,6,16,21,0,0,0,0,0,0,0,0,12.56,12.33,12.44,13.31,100,0.53,72.88,1.14,268.43,1.89,267.15
2022,6,16,22,0,0,0,0,0,0,0,0,11.8,11.58,11.69,12.76,100,0.63,72.87,0.91,277.37,1.75,276.68
2022,6,16,23,0,0,0,0,0,0,0,0,10.9,10.73,10.81,12.21,100,0.73,72.83,0.79,285.4,1.7,284.1
2022,6,17,0,0,0,0,0,0,0,0,0,10.53,10.14,10.33,11.78,100,0.8,72.82,0.77,291.37,1.55,290.35
2022,6,17,1,0,0,0,0,0,0,0,0,10.7,9.68,10.19,11.47,100,0.97,72.79,0.6,302.24,1.05,304.05
2022,6,17,2,0,0,0,0,0,0,0,0,10.76,9.62,10.19,11.47,100,1.49,72.75,0.18,322.13,0.33,324.78
2022,6,17,3,0,0,0,0,0,0,0,0,10.54,9.97,10.26,11.6,100,1.84,72.73,0.05,180,0.18,184.97
2022,6,17,4,0,0,0,0,0,0,0,0,10.52,10.18,10.35,11.66,100,1.48,72.71,0.26,141.07,0.44,142.93
2022,6,17,5,0.04,0.04,0.19,2.92,4.58,0.4,0,0,10.41,10.05,10.23,11.6,100,1.28,72.7,0.31,100.18,0.55,89.19
2022,6,17,6,0.32,0.41,1.12,37.15,48.52,4.85,0.03,0.15,11.23,10.54,10.89,11.96,100,0.66,72.73,0.02,315,0.01,315
2022,6,17,7,0.8,1.12,2.11,98.75,134.8,13.22,0.2,0.98,12.12,10.87,11.49,12.15,100,0.16,72.78,0.81,252.61,1.08,253.14
2022,6,17,8,1.46,1.89,3.01,183.48,231.1,24.78,0.56,2.8,13.11,11.46,12.29,12.51,96.19,0.07,72.83,1.86,246.77,2.45,246.71
2022,6,17,9,2.11,2.65,3.77,268.12,329.1,37.52,1.06,5.42,14.91,12.42,13.67,13.12,90,0.06,72.87,3.36,231.51,4.43,231.51
2022,6,17,10,2.3,3.16,4.33,298.02,391.95,42.23,1.38,7.08,16.29,12.91,14.6,13.43,84.31,0.09,72.9,4.59,226.79,6.07,226.77
2022,6,17,11,2.38,3.45,4.65,320.02,428.17,46.03,1.63,8.52,16.95,12.92,14.94,13.37,80.5,0.29,72.89,5.11,227.23,6.79,227.24
2022,6,17,12,2.07,3.34,4.72,268.33,409.9,37.89,1.33,7,17.3,12.94,15.12,13.43,78.94,0.51,72.86,5.23,227.85,6.92,227.84
2022,6,17,13,1.85,3.15,4.52,240.52,386.23,34.16,1.15,5.85,17.08,12.89,14.98,13.37,79.81,0.7,72.81,5.06,228.63,6.72,228.68
2022,6,17,14,1.42,2.76,4.08,189.73,337.38,27.11,0.85,4.27,16.94,12.85,14.89,13.37,80.38,0.82,72.76,4.88,229.74,6.49,229.69
2022,6,17,15,1.15,2.16,3.41,152.52,262.58,20.87,0.55,2.83,16.72,12.79,14.76,13.31,81.12,0.86,72.73,4.65,229.49,6.18,229.46
2022,6,17,16,0.73,1.43,2.57,93.8,171.48,12.8,0.25,1.23,15.93,12.64,14.29,13.18,84.56,0.75,72.71,4.11,228.77,5.51,228.74
2022,6,17,17,0.37,0.69,1.62,44.27,80.73,5.84,0.06,0.3,14.99,12.6,13.8,13.18,89.75,0.55,72.72,3.4,229.28,4.6,229.27
2022,6,17,18,0.14,0.18,0.62,16.88,21.6,2.29,0.01,0.02,13.87,12.7,13.29,13.31,97.38,0.14,72.75,2.32,226.64,3.23,226.66
2022,6,17,19,0,0,0,0,0,0,0,0,13.21,12.93,13.07,13.49,100,0.1,72.78,1.3,220.6,1.96,220.48
2022,6,17,20,0,0,0,0,0,0,0,0,13.17,12.98,13.08,13.43,100,0.09,72.82,1.18,217.17,1.86,216.97
2022,6,17,21,0,0,0,0,0,0,0,0,13.05,12.98,13.01,13.37,100,0.09,72.86,1.34,214.34,2.13,214.1
2022,6,17,22,0,0,0,0,0,0,0,0,12.81,12.8,12.81,13.24,100,0.1,72.88,1.6,217.48,2.51,217.16
2022,6,17,23,0,0,0,0,0,0,0,0,12.43,12.45,12.44,12.94,100,0.09,72.87,1.49,222.88,2.38,223.4
2022,6,18,0,0,0,0,0,0,0,0,0,11.98,11.95,11.97,12.57,100,0.09,72.85,1.45,233.75,2.38,235.84
2022,6,18,1,0,0,0,0,0,0,0,0,11.51,11.31,11.41,12.15,100,0.1,72.83,1.23,245.56,1.96,248.96
2022,6,18,2,0,0,0,0,0,0,0,0,11.2,10.78,10.99,11.78,100,0.15,72.8,0.62,262.79,1.02,263.85
2022,6,18,3,0,0,0,0,0,0,0,0,11.21,10.63,10.92,11.72,100,0.32,72.77,0.2,270,0.35,263.52
2022,6,18,4,0,0,0,0,0,0,0,0,11.35,10.66,11.01,11.72,100,0.69,72.77,0.29,242.74,0.44,241.63
2022,6,18,5,0.04,0.04,0.19,3.35,5.05,0.47,0,0,11.36,10.83,11.09,11.84,100,1.02,72.79,0.52,247.71,0.79,247.25
2022,6,18,6,0.19,0.46,1.12,24.23,53.8,3.37,0.02,0.1,12.11,11.15,11.63,12.08,99.56,0.74,72.84,1,255.1,1.31,254.8
2022,6,18,7,0.42,1.22,2.11,55.2,148.75,8.09,0.12,0.6,13.54,11.29,12.41,12.15,91.25,0.5,72.88,1.63,250.44,2.08,250
2022,6,18,8,0.99,2.01,3.01,131.52,248.92,18.91,0.42,2.12,15.31,11.29,13.3,12.15,81.38,0.28,72.91,2.48,233.71,3.17,233.41
2022,6,18,9,1.52,2.72,3.77,204.38,338.33,29.77,0.84,4.35,16.58,11.23,13.9,12.15,74.88,0.16,72.93,3.27,226.45,4.21,226.2
2022,6,18,10,1.72,3.21,4.33,231.9,398.88,34.38,1.12,5.55,17.47,11.46,14.46,12.33,71.69,0.11,72.93,3.82,223.76,4.91,223.52
2022,6,18,11,1.81,3.51,4.65,249.38,437.2,36.98,1.27,6.52,18.01,11.75,14.88,12.45,70.25,0.1,72.9,4.17,222.65,5.37,222.53
2022,6,18,12,1.84,3.45,4.72,252.42,430.1,36.45,1.25,6.48,18.23,12.09,15.16,12.7,70.38,0.09,72.86,4.38,222.91,5.64,222.75
2022,6,18,13,1.64,3.22,4.52,224.92,400.15,32.11,1.06,5.27,18.33,12.24,15.29,12.76,70.38,0.09,72.82,4.53,223.53,5.85,223.38
2022,6,18,14,1.44,2.79,4.08,195.77,345.88,27.3,0.82,4.12,18.08,12.33,15.2,12.82,71.88,0.09,72.78,4.55,223.75,5.91,223.66
2022,6,18,15,1.03,2.18,3.41,139.88,269.58,19.38,0.49,2.5,17.57,12.44,15.01,12.94,74.69,0.1,72.75,4.55,222.98,5.94,222.92
2022,6,18,16,0.65,1.48,2.58,87.2,181.42,12.12,0.23,1.12,16.8,12.52,14.66,13,78.94,0.11,72.74,4.46,222.87,5.89,222.8
2022,6,18,17,0.36,0.75,1.63,42.92,90.4,5.62,0.05,0.27,15.69,12.68,14.19,13.18,85.69,0.12,72.74,4.03,223.35,5.41,223.3
2022,6,18,18,0.14,0.2,0.63,17.5,23.98,2.45,0.01,0.02,14.32,13.04,13.68,13.55,96.19,0.83,72.76,2.99,222.99,4.13,222.93
2022,6,18,19,0,0,0,0,0,0,0,0,13.83,13.41,13.62,13.85,100,0.79,72.79,2.1,222.89,3,223
2022,6,18,20,0,0,0,0,0,0,0,0,13.87,13.62,13.74,14.04,100,0.67,72.82,1.73,223.91,2.57,224.02
2022,6,18,21,0,0,0,0,0,0,0,0,13.71,13.62,13.67,14.04,100,0.55,72.85,1.42,229.67,2.26,229.64
2022,6,18,22,0,0,0,0,0,0,0,0,13.4,13.43,13.41,13.85,100,0.46,72.85,1.23,232.48,2.06,232.39
2022,6,18,23,0,0,0,0,0,0,0,0,13.26,13.23,13.25,13.61,100,0.41,72.82,1.34,230.19,2.18,229.8
2022,6,19,0,0,0,0,0,0,0,0,0,13.12,13.07,13.09,13.49,100,0.35,72.78,1.56,230.27,2.46,229.64
2022,6,19,1,0,0,0,0,0,0,0,0,12.86,12.83,12.84,13.24,100,0.35,72.74,1.61,233.46,2.54,233.13
2022,6,19,2,0,0,0,0,0,0,0,0,12.53,12.52,12.53,13,100,0.45,72.7,1.24,237.31,2.08,237.56
2022,6,19,3,0,0,0,0,0,0,0,0,12.12,12.29,12.2,12.82,100,0.52,72.66,0.9,237.41,1.75,237.23
2022,6,19,4,0,0,0,0,0,0,0,0,11.85,12.19,12.01,12.76,100,0.42,72.65,0.83,233.02,1.69,232.71
2022,6,19,5,0.04,0.05,0.19,3.42,5.62,0.5,0,0,11.98,12.17,12.08,12.76,100,0.24,72.67,0.83,229.57,1.57,229.43
2022,6,19,6,0.34,0.51,1.12,42.4,61.92,5.73,0.03,0.15,13.2,12.48,12.84,13,99.31,0.15,72.69,1.79,229.78,2.37,229.81
2022,6,19,7,0.85,1.24,2.11,105.58,151.92,14.02,0.2,0.98,14.25,12.36,13.3,12.88,92.06,0.12,72.73,2.01,232.91,2.55,233.24
2022,6,19,8,1.47,2.04,3.01,187.75,253.62,25.92,0.56,2.83,15.84,12.17,14.01,12.76,82.25,0.14,72.77,2.44,224.22,3.09,224.08
2022,6,19,9,1.98,2.78,3.77,258.4,348.65,37.22,1.04,5.27,16.91,12.18,14.55,12.76,76.88,0.22,72.8,3.14,218.24,4.02,217.98
2022,6,19,10,2.49,3.3,4.33,325.58,414.15,47.6,1.53,7.77,17.68,12.62,15.15,13.06,75.19,0.33,72.83,3.78,217.27,4.85,217.07
2022,6,19,11,2.63,3.6,4.65,355.52,450.92,52.61,1.82,9.45,18.01,12.84,15.43,13.24,74.56,0.41,72.84,4.35,218,5.62,217.83
2022,6,19,12,2.22,3.69,4.72,307.2,468.1,47.48,1.67,8.7,18.14,12.9,15.52,13.31,74.19,0.43,72.82,4.79,219.77,6.2,219.69
2022,6,19,13,2,3.44,4.52,270.1,434.6,40.34,1.36,6.92,17.95,12.79,15.37,13.24,74.5,0.42,72.77,4.91,221.91,6.38,221.83
2022,6,19,14,1.35,2.95,4.08,184.75,369.3,27.14,0.82,4.15,17.79,12.55,15.17,13.06,74.25,0.46,72.73,4.87,223.76,6.35,223.75
2022,6,19,15,1.02,2.27,3.42,136,281.8,19.12,0.48,2.42,17.44,12.31,14.87,12.88,74.75,0.5,72.69,4.61,225.82,6.03,225.79
2022,6,19,16,0.61,1.5,2.58,77.9,182.9,10.64,0.2,0.95,16.61,12.01,14.31,12.63,77.31,0.49,72.68,4.15,226.3,5.47,226.27
2022,6,19,17,0.25,0.77,1.63,30.85,91.88,4.21,0.04,0.2,15.52,11.79,13.65,12.45,81.75,0.43,72.7,3.39,225.93,4.53,225.98
2022,6,19,18,0.1,0.2,0.63,13.12,24.17,1.85,0.01,0.02,14.03,11.97,13,12.63,91.56,1.73,72.74,2.17,224.27,3.04,224.17
2022,6,19,19,0,0,0,0,0,0,0,0,12.84,12.09,12.47,12.76,99.69,1.33,72.79,1.32,223.8,2.14,223.23
2022,6,19,20,0,0,0,0,0,0,0,0,12.42,11.66,12.05,12.33,99.38,0.92,72.86,1.19,226.59,1.97,226.12
2022,6,19,21,0,0,0,0,0,0,0,0,12.08,11.13,11.61,11.9,98,0.58,72.91,1.09,232.56,1.65,232.7
2022,6,19,22,0,0,0,0,0,0,0,0,11.76,10.79,11.27,11.66,98.25,0.38,72.92,0.91,242.33,1.33,243.43
2022,6,19,23,0,0,0,0,0,0,0,0,11.41,10.43,10.92,11.41,98.38,0.31,72.9,0.84,254.28,1.24,256.57
2022,6,20,0,0,0,0,0,0,0,0,0,11.05,10.05,10.55,11.17,98.38,0.25,72.84,0.66,273.41,1.08,276.25
2022,6,20,1,0,0,0,0,0,0,0,0,10.76,9.68,10.23,10.86,97.75,0.24,72.78,0.67,282.75,1.16,284.04
2022,6,20,2,0,0,0,0,0,0,0,0,10.39,9.26,9.83,10.56,97.44,0.19,72.73,0.72,287.06,1.27,286.43
2022,6,20,3,0,0,0,0,0,0,0,0,10.05,8.88,9.47,10.31,97.25,0.17,72.68,0.74,299.82,1.27,299.4
2022,6,20,4,0,0,0,0,0,0,0,0,9.58,8.44,9.01,10.01,97.56,0.14,72.66,0.77,314.59,1.36,315.23
2022,6,20,5,0.05,0.04,0.19,4.08,4.42,0.55,0,0,9.48,8.06,8.76,9.83,96.12,0.11,72.66,0.78,333.18,1.38,333.15
2022,6,20,6,0.36,0.4,1.12,42.15,46.9,5.57,0.03,0.15,11.72,8.88,10.3,10.44,88.12,0.18,72.69,0.91,324.41,1.27,325.53
2022,6,20,7,0.79,1.1,2.1,97.83,130.52,12.89,0.19,0.9,14.26,8.89,11.57,10.31,73.94,0.21,72.73,1.48,242.35,1.86,242.68
2022,6,20,8,1.28,1.89,3,163.55,231.15,22.21,0.49,2.45,15.77,9.38,12.58,10.62,68.88,0.19,72.75,2.46,217.12,3.11,217.04
2022,6,20,9,1.99,2.63,3.76,258.73,326.92,35.84,1,5.15,17.1,9.9,13.5,10.99,65.5,0.14,72.77,3.1,210.57,3.94,210.48
2022,6,20,10,2.26,3.22,4.32,300.45,404.88,43.29,1.41,7.1,18.07,10.4,14.24,11.41,63.81,0.13,72.77,3.64,206.95,4.63,206.87
2022,6,20,11,2.23,3.56,4.65,309.38,447.92,45.71,1.59,8.27,18.54,11.05,14.8,11.84,64.38,0.16,72.77,4,205.46,5.09,205.46
2022,6,20,12,1.96,3.58,4.72,274.7,449.6,40.62,1.43,7.45,18.48,11.57,15.03,12.21,66.5,0.19,72.74,4.15,207.19,5.31,207.13
2022,6,20,13,1.49,3.39,4.52,209.4,425.25,31.48,1.06,5.35,18.28,11.82,15.05,12.39,68.38,0.3,72.7,4.16,210.56,5.33,210.55
2022,6,20,14,1.45,2.96,4.08,198.98,371.8,28.84,0.89,4.48,17.87,11.81,14.83,12.39,70.19,0.53,72.66,4.11,212.96,5.29,212.94
2022,6,20,15,1.11,2.34,3.42,150.62,292.92,21.73,0.56,2.88,16.83,11.75,14.29,12.39,75,0.86,72.62,3.88,215.48,5.03,215.52
2022,6,20,16,0.77,1.59,2.58,103.2,196.73,14.74,0.28,1.4,15.83,11.79,13.81,12.51,80.62,1.11,72.6,3.48,219.16,4.54,219.2
2022,6,20,17,0.37,0.83,1.63,47.55,101.12,6.76,0.07,0.35,14.72,11.73,13.23,12.51,86.62,1.31,72.61,2.94,221.34,3.88,221.24
2022,6,20,18,0.12,0.22,0.64,15.48,26.42,2.19,0.01,0.02,13.37,11.71,12.54,12.57,94.81,0.14,72.64,2.16,225.15,2.92,225.22
2022,6,20,19,0,0,0,0,0,0,0,0,12.37,11.76,12.06,12.63,100,0.18,72.68,1.19,230.05,1.74,230.82
2022,6,20,20,0,0,0,0,0,0,0,0,12,11.41,11.71,12.39,100,0.22,72.74,0.91,237.68,1.42,239.63
2022,6,20,21,0,0,0,0,0,0,0,0,11.3,10.83,11.07,11.96,100,0.28,72.78,0.59,259.29,1.12,261.98
2022,6,20,22,0,0,0,0,0,0,0,0,10.66,10.33,10.5,11.6,100,0.32,72.78,0.57,287.45,1.09,289.6
2022,6,20,23,0,0,0,0,0,0,0,0,10.19,9.63,9.91,11.11,100,0.4,72.74,0.67,317.37,1.28,318.22
2022,6,21,0,0,0,0,0,0,0,0,0,9.87,8.61,9.23,10.44,99.38,0.47,72.69,0.8,334.68,1.45,334.54
2022,6,21,1,0,0,0,0,0,0,0,0,9.94,7.56,8.76,9.7,92.31,0.52,72.65,0.86,341.57,1.45,341.47
2022,6,21,2,0,0,0,0,0,0,0,0,10.02,6.74,8.38,9.22,86.75,0.45,72.61,0.87,349.7,1.39,349.95
2022,6,21,3,0,0,0,0,0,0,0,0,10.01,6.17,8.09,8.79,83.25,0.28,72.58,0.86,6.23,1.34,6.34
2022,6,21,4,0,0,0,0,0,0,0,0,9.86,5.83,7.84,8.61,82.19,0.11,72.58,0.88,24.07,1.36,23.76
2022,6,21,5,0.05,0.04,0.18,4.35,5.12,0.6,0,0,9.94,5.82,7.88,8.61,81.75,0.03,72.61,0.84,39.33,1.31,39.67
2022,6,21,6,0.37,0.46,1.11,43.6,54.38,5.68,0.03,0.17,11.91,7.78,9.84,9.89,82.56,0.01,72.66,0.7,61.44,1.02,60.69
2022,6,21,7,0.88,1.17,2.1,109.55,141.45,14.66,0.22,1.08,13.83,8.01,10.91,9.95,73.25,0.01,72.71,1.32,146.12,1.63,146.16
2022,6,21,8,1.41,1.93,3,177.3,237.02,24.25,0.55,2.8,15.2,9.01,12.1,10.56,71,0.01,72.77,2.26,168.22,2.84,168.1
2022,6,21,9,1.85,2.6,3.76,239.08,321.5,33.13,0.96,5,16.29,9.98,13.13,11.17,70.19,0.02,72.81,2.88,175.96,3.64,175.82
2022,6,21,10,1.49,3.1,4.32,204,382.92,29.74,0.99,4.92,16.99,10.94,13.97,11.84,70.94,0.05,72.82,3.23,179.58,4.06,179.45
2022,6,21,11,1.53,3.38,4.65,218.2,417.27,31.73,1.12,5.8,17.51,11.62,14.57,12.27,71.31,0.1,72.81,3.48,183.34,4.4,183.26
2022,6,21,12,1.57,3.76,4.72,228.75,473.25,36.74,1.39,7.23,17.88,12.02,14.95,12.57,71.06,0.15,72.78,3.72,187.24,4.72,187.14
2022,6,21,13,1.4,3.55,4.52,198.6,445.12,31.89,1.16,5.77,17.85,12.14,15,12.63,71.62,0.17,72.74,3.85,190.53,4.9,190.47
2022,6,21,14,1.32,3.09,4.08,181.55,386.88,28.29,0.91,4.6,17.55,12.19,14.87,12.63,73.19,0.18,72.7,3.83,193.21,4.9,193.08
2022,6,21,15,1.16,2.45,3.42,155.23,305.85,23.48,0.64,3.3,16.99,12.17,14.58,12.63,75.56,0.16,72.68,3.67,196.82,4.73,196.7
2022,6,21,16,0.9,1.68,2.59,116.88,207.75,17.01,0.34,1.67,16.19,12.12,14.15,12.57,79.31,0.13,72.68,3.35,200.21,4.35,200.06
2022,6,21,17,0.47,0.86,1.64,56.8,103.25,7.59,0.09,0.4,15.07,12.09,13.58,12.57,85.25,0.09,72.71,2.81,203.64,3.69,203.58
2022,6,21,18,0.16,0.23,0.64,20,26.73,2.77,0.01,0.05,13.84,12.24,13.04,12.7,93.12,0.07,72.76,2.09,207.62,2.8,207.57
2022,6,21,19,0,0,0,0,0,0,0,0,13.11,12.46,12.78,12.88,99.12,0.06,72.82,1.39,209.59,1.94,209.66
2022,6,21,20,0,0,0,0,0,0,0,0,12.88,12.56,12.72,12.94,100,0.04,72.88,0.92,212.88,1.37,213.33
2022,6,21,21,0,0,0,0,0,0,0,0,12.62,12.4,12.51,12.82,100,0.03,72.92,0.6,214.32,1,215.17
2022,6,21,22,0,0,0,0,0,0,0,0,12.26,11.99,12.12,12.51,100,0.03,72.92,0.39,238.84,0.7,234.54
2022,6,21,23,0,0,0,0,0,0,0,0,11.9,11.66,11.78,12.27,100,0.03,72.9,0.29,270,0.53,270
2022,6,22,0,0,0,0,0,0,0,0,0,11.56,11.19,11.37,11.96,100,0.02,72.86,0.28,295.11,0.56,303.02
2022,6,22,1,0,0,0,0,0,0,0,0,11.29,10.69,10.99,11.66,100,0.02,72.83,0.3,343.44,0.65,340.48
2022,6,22,2,0,0,0,0,0,0,0,0,10.89,10.24,10.57,11.35,100,0.01,72.82,0.52,2.6,0.96,357.67
2022,6,22,3,0,0,0,0,0,0,0,0,10.62,9.6,10.11,10.93,99.19,0,72.81,0.71,4.45,1.19,1.51
2022,6,22,4,0,0,0,0,0,0,0,0,10.75,9.09,9.92,10.62,95.56,0,72.84,0.67,11.44,1.05,9.88
2022,6,22,5,0.05,0.05,0.18,4.52,5.33,0.65,0,0,10.98,8.87,9.92,10.5,93,0,72.89,0.57,24.44,0.86,24.02
2022,6,22,6,0.5,0.51,1.11,57.9,60.08,7.5,0.05,0.23,12.69,9.77,11.23,11.11,88.19,0,72.96,0.44,71.57,0.59,68.2
2022,6,22,7,1.13,1.24,2.09,136.62,150.08,17.55,0.26,1.27,14.55,10.37,12.46,11.41,80.44,0,73.02,1.15,158.85,1.41,158.85
2022,6,22,8,1.83,1.99,3,227.12,245.9,30.34,0.69,3.48,16.06,10.98,13.52,11.84,75.62,0,73.07,2.06,173.25,2.57,173.18
2022,6,22,9,2.25,2.68,3.76,288.4,333.2,40.05,1.16,6.05,17.21,11.48,14.34,12.21,72.56,0,73.1,2.75,178.86,3.45,178.7
2022,6,22,10,2.26,3.21,4.32,298.58,400.15,43.16,1.45,7.27,17.93,12.1,15.01,12.63,71.88,0,73.13,3.21,182.1,4.05,181.99
2022,6,22,11,2,3.51,4.64,274.6,439.65,41.34,1.5,7.75,18.33,12.64,15.48,13.06,72.31,0.01,73.12,3.51,184.47,4.45,184.43
2022,6,22,12,2.18,3.71,4.71,299.88,468.2,46.18,1.72,9.05,18.59,13.06,15.83,13.37,72.81,0.03,73.1,3.67,186.23,4.66,186.26
2022,6,22,13,1.92,3.46,4.52,261.17,433.5,39.74,1.41,7.17,18.56,13.3,15.93,13.55,73.88,0.05,73.06,3.74,188.05,4.78,188.08
2022,6,22,14,1.43,3.02,4.08,195.67,377.2,29.63,0.97,4.85,18.29,13.39,15.84,13.61,75.44,0.06,73.04,3.68,189.64,4.72,189.73
2022,6,22,15,1.07,2.38,3.42,145.23,295.9,21.61,0.59,3.08,17.82,13.39,15.6,13.61,77.69,0.07,73.02,3.5,191.86,4.5,191.91
2022,6,22,16,0.74,1.64,2.59,97.27,201.2,14.22,0.29,1.45,17.06,13.36,15.21,13.61,81.31,0.06,73.02,3.19,194.17,4.13,194.12
2022,6,22,17,0.4,0.86,1.64,50.77,103.62,7.32,0.09,0.42,15.96,13.39,14.68,13.61,87.38,0.05,73.05,2.65,195.71,3.47,195.7
2022,6,22,18,0.15,0.22,0.65,18.7,26.23,2.64,0.01,0.05,14.84,13.48,14.15,13.67,94.31,0.06,73.11,1.97,197.5,2.61,197.41
2022,6,22,19,0,0,0,0,0,0,0,0,14.05,13.58,13.82,13.73,99.94,0.04,73.16,1.1,197.28,1.55,197.25
2022,6,22,20,0,0,0,0,0,0,0,0,13.69,13.58,13.64,13.79,100,0.04,73.21,0.62,194.56,1.08,195.04
2022,6,22,21,0,0,0,0,0,0,0,0,13.41,13.43,13.42,13.61,100,0.04,73.23,0.54,188.37,1.04,188.68
2022,6,22,22,0,0,0,0,0,0,0,0,13.21,13.22,13.22,13.43,100,0.04,73.24,0.5,186.24,0.95,187.53
2022,6,22,23,0,0,0,0,0,0,0,0,13.08,13.01,13.04,13.24,100,0.04,73.21,0.35,182.54,0.69,187.77
2022,6,23,0,0,0,0,0,0,0,0,0,12.82,12.73,12.77,13.06,100,0.04,73.15,0.15,194.74,0.34,198.85
2022,6,23,1,0,0,0,0,0,0,0,0,12.65,12.44,12.55,12.82,100,0.03,73.1,0.1,278.75,0.16,272.73
2022,6,23,2,0,0,0,0,0,0,0,0,12.45,12.08,12.26,12.57,100,0.02,73.06,0.25,318.81,0.38,320.04
2022,6,23,3,0,0,0,0,0,0,0,0,12.05,11.59,11.82,12.27,100,0.01,73.04,0.42,343.91,0.64,343.77
2022,6,23,4,0,0,0,0,0,0,0,0,11.39,10.97,11.18,11.84,100,0,73.05,0.52,3.47,0.92,2.94
2022,6,23,5,0.05,0.04,0.18,4.05,5.1,0.58,0,0,11.23,10.47,10.84,11.54,100,0,73.06,0.71,6.34,1.24,6.14
2022,6,23,6,0.35,0.5,1.1,41.83,59.1,5.58,0.03,0.15,12.92,10.83,11.87,11.9,93.19,0.01,73.09,0.84,1.07,1.13,1.59
2022,6,23,7,0.88,1.24,2.09,108.75,151.65,14.52,0.21,1.05,15.37,11.06,13.22,12.15,81.06,0.04,73.11,0.7,210.85,0.87,210.7
2022,6,23,8,1.61,2.02,2.99,203.75,250.65,27.95,0.62,3.15,17.17,11.31,14.24,12.39,73.81,0.04,73.13,2.37,195.32,2.96,195.28
2022,6,23,9,1.83,2.71,3.75,240.6,339.1,34.71,1,5.17,18.35,12.06,15.2,12.88,71.31,0.06,73.16,3.23,195.15,4.11,194.88
2022,6,23,10,1.6,3.21,4.32,218.38,402.75,33.09,1.1,5.5,19.16,12.83,15.99,13.37,70.38,0.07,73.16,3.76,196.78,4.82,196.58
2022,6,23,11,1.68,3.55,4.64,237.6,443.75,36.19,1.29,6.62,19.32,13.47,16.39,13.79,71.75,0.1,73.14,3.98,198.43,5.11,198.43
2022,6,23,12,1.77,3.68,4.71,239.5,459.73,37.68,1.39,7.23,19.09,13.96,16.52,14.16,74.62,0.15,73.11,3.99,199.32,5.15,199.23
2022,6,23,13,1.57,3.51,4.52,216.92,438.12,33.84,1.2,6.02,18.86,14.24,16.55,14.4,76.94,0.17,73.07,3.99,200.03,5.15,199.95
2022,6,23,14,1.32,3.11,4.08,181.88,387.6,28.34,0.92,4.6,18.57,14.37,16.47,14.53,78.94,0.17,73.03,3.94,200.92,5.1,200.91
2022,6,23,15,1.03,2.5,3.43,140.25,310.88,21.7,0.59,3.05,18.01,14.41,16.21,14.53,81.88,0.16,73,3.79,201.01,4.96,201.06
2022,6,23,16,0.64,1.73,2.59,85.02,212.5,12.98,0.27,1.33,17.27,14.43,15.85,14.53,85.81,0.13,72.98,3.54,201.64,4.66,201.66
2022,6,23,17,0.41,0.92,1.64,49.75,109.8,6.8,0.08,0.38,16.39,14.46,15.43,14.59,90.94,0.1,72.98,3.15,202.49,4.19,202.5
2022,6,23,18,0.19,0.25,0.65,23.02,28.52,3.2,0.01,0.05,15.46,14.54,15,14.65,96.94,0.09,73.01,2.55,203.11,3.47,203.05
2022,6,23,19,0,0,0,0,0,0,0,0,14.98,14.65,14.81,14.71,100,0.1,73.05,1.9,197.69,2.69,197.75
2022,6,23,20,0,0,0,0,0,0,0,0,14.81,14.62,14.71,14.71,100,0.11,73.1,1.74,193.48,2.54,193.35
2022,6,23,21,0,0,0,0,0,0,0,0,14.54,14.46,14.5,14.53,100,0.11,73.15,1.58,193.14,2.37,192.98
2022,6,23,22,0,0,0,0,0,0,0,0,14.23,14.21,14.23,14.34,100,0.12,73.16,1.35,194.76,2.08,194.77
2022,6,23,23,0,0,0,0,0,0,0,0,13.91,13.97,13.94,14.16,100,0.11,73.13,1.14,196.32,1.84,196.28
2022,6,24,0,0,0,0,0,0,0,0,0,13.62,13.76,13.69,13.98,100,0.1,73.08,0.98,196.13,1.68,196.16
2022,6,24,1,0,0,0,0,0,0,0,0,13.31,13.49,13.4,13.73,100,0.09,73.04,0.84,195.58,1.55,195.79
2022,6,24,2,0,0,0,0,0,0,0,0,13,13.22,13.11,13.49,100,0.08,73.01,0.78,195,1.51,195.33
2022,6,24,3,0,0,0,0,0,0,0,0,12.75,13.01,12.88,13.31,100,0.06,72.99,0.72,189.36,1.49,189.36
2022,6,24,4,0,0,0,0,0,0,0,0,12.59,12.9,12.75,13.24,100,0.04,72.99,0.68,185.25,1.46,184.61
2022,6,24,5,0.04,0.05,0.18,3.6,5.2,0.53,0,0,12.65,12.87,12.76,13.18,100,0.02,73,0.66,182.69,1.36,182.3
2022,6,24,6,0.22,0.51,1.1,26.25,60.67,3.58,0.02,0.1,13.95,13.28,13.62,13.55,98.81,0.01,73.03,1.52,181.77,1.99,182.03
2022,6,24,7,0.59,1.27,2.09,75.9,157.45,10.77,0.16,0.8,15.08,13.44,14.26,13.67,92.75,0.02,73.08,1.76,183.81,2.21,184.06
2022,6,24,8,0.96,2.05,2.99,127.08,255.92,18.59,0.43,2.15,16.58,13.43,15.01,13.67,84.38,0.02,73.12,1.99,186.99,2.47,187.26
2022,6,24,9,1.35,2.73,3.75,184.8,342.73,27.64,0.8,4.17,17.99,13.44,15.72,13.73,77.62,0.03,73.12,2.59,189.04,3.24,189.14
2022,6,24,10,1.72,3.23,4.31,238.38,405.75,35.84,1.2,5.92,18.81,13.73,16.26,13.98,75.06,0.04,73.1,3.27,188.81,4.15,188.88
2022,6,24,11,1.71,3.55,4.64,243.25,444.88,37.13,1.33,6.8,19.09,14.12,16.61,14.34,75.38,0.08,73.06,3.68,189.66,4.7,189.76
2022,6,24,12,1.69,3.58,4.71,239.48,448.08,36.5,1.32,6.88,19.08,14.4,16.74,14.53,76.56,0.12,73.01,3.9,190.61,5.02,190.66
2022,6,24,13,1.62,3.35,4.52,223.88,418.45,33.72,1.17,5.9,18.65,14.44,16.55,14.59,78.81,0.15,72.95,4.06,192.33,5.28,192.31
2022,6,24,14,1.39,2.93,4.09,186.5,365.23,28.02,0.89,4.48,18.01,14.54,16.28,14.65,82.38,0.18,72.89,4.03,194.36,5.28,194.41
2022,6,24,15,0.99,2.33,3.43,133.58,288.55,19.96,0.53,2.75,17.28,14.51,15.9,14.65,86.12,0.21,72.86,3.79,195.78,5.01,195.83
2022,6,24,16,0.67,1.59,2.6,87.4,194.67,12.72,0.25,1.25,16.56,14.44,15.5,14.59,89.62,0.22,72.84,3.45,196.18,4.6,196.16
2022,6,24,17,0.37,0.8,1.65,44.17,94.95,5.97,0.06,0.33,15.9,14.4,15.15,14.53,93.38,0.22,72.85,2.99,195.45,4.02,195.55
2022,6,24,18,0.14,0.22,0.65,18.05,25.8,2.52,0.01,0.05,15.22,14.37,14.8,14.53,97.69,0.2,72.89,2.41,192.15,3.3,192.16
2022,6,24,19,0,0,0,0,0,0,0,0,14.83,14.45,14.64,14.65,100,0.22,72.94,1.77,187.09,2.51,186.97
2022,6,24,20,0,0,0,0,0,0,0,0,14.73,14.48,14.61,14.65,100,0.24,72.99,1.54,182.33,2.24,182.19
2022,6,24,21,0,0,0,0,0,0,0,0,14.58,14.41,14.5,14.59,100,0.28,73.02,1.36,180.99,2.05,180.87
2022,6,24,22,0,0,0,0,0,0,0,0,14.33,14.25,14.3,14.4,100,0.3,73.03,1.26,177.16,1.95,177.24
2022,6,24,23,0,0,0,0,0,0,0,0,13.98,13.9,13.94,14.1,100,0.3,73,1.3,173.77,2,174.62
2022,6,25,0,0,0,0,0,0,0,0,0,13.66,13.63,13.65,13.85,100,0.3,72.98,1.19,175.11,1.89,176.44
2022,6,25,1,0,0,0,0,0,0,0,0,13.37,13.41,13.39,13.61,100,0.29,72.95,1.1,175.91,1.79,177
2022,6,25,2,0,0,0,0,0,0,0,0,13.02,13.09,13.06,13.37,100,0.25,72.91,1.01,173.32,1.69,174.95
2022,6,25,3,0,0,0,0,0,0,0,0,12.64,12.72,12.68,13,100,0.2,72.89,0.79,174.91,1.43,175.91
2022,6,25,4,0,0,0,0,0,0,0,0,12.29,12.38,12.33,12.76,100,0.15,72.88,0.64,178.6,1.29,178.61
2022,6,25,5,0.04,0.04,0.17,3.02,4.6,0.44,0,0,12.3,12.27,12.28,12.63,100,0.08,72.89,0.71,186.97,1.27,187.08
2022,6,25,6,0.17,0.44,1.1,20.65,51.75,3.03,0.02,0.1,13.18,12.46,12.82,12.82,98.31,0.14,72.93,1.25,186.81,1.65,187.9
2022,6,25,7,0.64,1.17,2.08,81.85,143.05,11.68,0.19,0.9,14.31,12.62,13.47,12.88,92.06,0.15,72.97,1.42,183.48,1.83,184.89
2022,6,25,8,1.11,2,2.99,145.73,249,21.31,0.51,2.58,15.65,12.69,14.17,12.94,84.75,0.19,72.99,1.95,180.69,2.48,181.81
2022,6,25,9,1.54,2.69,3.75,207.95,337.4,30.72,0.91,4.73,16.64,12.8,14.72,13.06,80.38,0.22,73.01,2.62,177.78,3.34,178.66
2022,6,25,10,1.66,3.23,4.31,226.1,407.08,34.77,1.2,5.98,17.23,12.99,15.11,13.24,78.44,0.16,73.02,3.27,177.81,4.19,178.5
2022,6,25,11,1.97,3.53,4.64,272.25,444.35,41.05,1.49,7.75,17.44,13.12,15.28,13.37,78,0.1,72.99,3.49,178.97,4.48,179.6
2022,6,25,12,1.82,3.58,4.71,253.83,450.15,38.6,1.41,7.4,17.58,13.18,15.38,13.43,77.56,0.07,72.94,3.54,178.99,4.55,179.61
2022,6,25,13,1.61,3.41,4.52,224.42,429.3,34.3,1.2,6.08,17.37,13.14,15.26,13.37,78.31,0.07,72.88,3.53,178.61,4.57,179.22
2022,6,25,14,1.41,2.99,4.09,194.33,376.27,29.59,0.95,4.75,16.79,13.08,14.94,13.31,81,0.08,72.84,3.33,178.12,4.33,178.66
2022,6,25,15,1.12,2.37,3.43,152.92,296.48,23.04,0.63,3.3,15.97,13.02,14.5,13.31,85.06,0.09,72.82,3.01,178.81,3.94,179.32
2022,6,25,16,0.74,1.65,2.6,97.58,204.42,14.47,0.3,1.48,15.33,13.01,14.17,13.31,88.44,0.09,72.81,2.74,179.84,3.61,180.25
2022,6,25,17,0.37,0.87,1.65,47.8,106.05,7.02,0.09,0.4,14.66,13.02,13.84,13.31,92.56,0.09,72.82,2.54,180.88,3.38,181.46
2022,6,25,18,0.13,0.23,0.66,17.08,27.62,2.47,0.01,0.05,13.91,13.01,13.46,13.31,97.44,0.17,72.86,2.2,179.18,2.98,179.7
2022,6,25,19,0,0,0,0,0,0,0,0,13.4,13.01,13.2,13.37,100,0.21,72.93,1.54,175.62,2.19,175.7
2022,6,25,20,0,0,0,0,0,0,0,0,13.24,12.98,13.11,13.37,100,0.28,73,1.18,181.9,1.77,180.76
2022,6,25,21,0,0,0,0,0,0,0,0,13.06,12.83,12.94,13.24,100,0.31,73.03,1.14,174.88,1.76,172.59
2022,6,25,22,0,0,0,0,0,0,0,0,12.82,12.61,12.71,13,100,0.34,73.04,1.06,161.03,1.65,158.65
2022,6,25,23,0,0,0,0,0,0,0,0,12.59,12.38,12.49,12.82,100,0.4,73.01,0.75,161.19,1.26,156.61
2022,6,26,0,0,0,0,0,0,0,0,0,12.36,12.08,12.23,12.57,100,0.38,72.97,0.48,155.94,0.83,150.79
2022,6,26,1,0,0,0,0,0,0,0,0,12.15,11.8,11.98,12.39,100,0.35,72.95,0.39,148.24,0.65,138.42
2022,6,26,2,0,0,0,0,0,0,0,0,11.94,11.53,11.73,12.15,100,0.33,72.93,0.34,152.24,0.5,132.46
2022,6,26,3,0,0,0,0,0,0,0,0,11.76,11.2,11.48,11.9,100,0.3,72.91,0.08,90,0.25,59.35
2022,6,26,4,0,0,0,0,0,0,0,0,11.75,10.88,11.31,11.6,98,0.32,72.91,0.14,0,0.27,3.27
2022,6,26,5,0.04,0.04,0.17,3.35,5.1,0.5,0,0,11.92,10.68,11.3,11.47,95.69,0.36,72.94,0.18,339.15,0.3,342.03
2022,6,26,6,0.15,0.49,1.09,16.98,59.2,2.45,0.02,0.08,12.81,10.93,11.87,11.72,92.12,0.43,73,0.07,130.6,0.07,96.34
2022,6,26,7,0.57,1.23,2.08,74.15,152.35,11.19,0.18,0.9,14.19,11.04,12.62,11.66,84.12,0.46,73.07,1.26,158.86,1.57,159.04
2022,6,26,8,1.07,2.02,2.98,140.17,252.88,21.14,0.52,2.62,14.98,11.3,13.14,11.84,81.12,0.52,73.13,2.2,167.69,2.79,167.71
2022,6,26,9,1.18,2.72,3.74,163.27,343.35,25.29,0.77,4.02,15.8,11.66,13.73,12.08,78.75,0.62,73.16,2.59,171.33,3.28,171.37
2022,6,26,10,1.53,3.26,4.31,213.33,410.9,33.02,1.15,5.73,16.99,11.99,14.49,12.39,74.5,0.71,73.17,2.96,172.26,3.74,172.33
2022,6,26,11,1.8,3.57,4.64,257.67,450.17,40.02,1.48,7.67,17.82,12.33,15.08,12.63,72.38,0.8,73.16,3.3,173.88,4.18,173.99
2022,6,26,12,1.81,3.62,4.71,253.15,456,39.27,1.47,7.75,18.31,12.69,15.5,12.94,71.81,0.81,73.12,3.51,176.81,4.44,176.88
2022,6,26,13,1.65,3.43,4.52,226.42,432,34.93,1.26,6.4,18.4,12.97,15.69,13.24,72.88,0.74,73.08,3.56,180.13,4.52,180.2
2022,6,26,14,1.57,3.03,4.09,212.52,380.7,32.38,1.07,5.4,18.23,13.13,15.68,13.37,74.31,0.59,73.04,3.55,182.4,4.53,182.47
2022,6,26,15,1.22,2.43,3.43,162.58,304.85,24.31,0.68,3.52,17.78,13.18,15.48,13.43,76.62,0.39,73.01,3.35,182.14,4.28,182.3
2022,6,26,16,0.8,1.69,2.6,102.95,210,15.09,0.32,1.58,17.16,13.11,15.13,13.37,79.31,0.2,72.99,3.07,181.31,3.95,181.47
2022,6,26,17,0.4,0.89,1.65,50.73,108.7,7.3,0.09,0.42,16.23,13,14.62,13.24,83.44,0.07,73,2.69,181.83,3.49,181.93
2022,6,26,18,0.16,0.24,0.66,19.67,28.23,2.77,0.01,0.05,14.89,13.05,13.97,13.31,91.31,0.12,73.03,2.17,185.79,2.9,185.73
2022,6,26,19,0,0,0,0,0,0,0,0,13.86,13.3,13.58,13.55,99.5,0.49,73.06,1.35,192.67,1.89,192.66
2022,6,26,20,0,0,0,0,0,0,0,0,13.57,13.33,13.45,13.61,100,0.68,73.11,0.95,195.3,1.45,194.63
2022,6,26,21,0,0,0,0,0,0,0,0,13.28,13.17,13.23,13.43,100,0.55,73.14,0.87,192.92,1.47,191.97
2022,6,26,22,0,0,0,0,0,0,0,0,13.06,13.05,13.06,13.31,100,0.47,73.17,0.87,190.81,1.54,189.65
2022,6,26,23,0,0,0,0,0,0,0,0,12.99,12.99,12.99,13.31,100,0.47,73.16,0.98,193.82,1.69,193.39
2022,6,27,0,0,0,0,0,0,0,0,0,12.9,12.9,12.9,13.24,100,0.52,73.13,1.02,194.68,1.75,194.22
2022,6,27,1,0,0,0,0,0,0,0,0,12.68,12.6,12.64,13.06,100,0.54,73.11,1.1,196.89,1.81,196.32
2022,6,27,2,0,0,0,0,0,0,0,0,12.22,12.05,12.14,12.76,100,0.49,73.08,0.78,214.01,1.3,212.74
2022,6,27,3,0,0,0,0,0,0,0,0,12.19,11.78,11.98,12.57,100,0.43,73.06,0.53,238.17,0.92,233.33
2022,6,27,4,0,0,0,0,0,0,0,0,12.11,11.76,11.94,12.57,100,0.42,73.03,0.46,233.33,0.87,226.82
2022,6,27,5,0.04,0.04,0.17,2.88,4.7,0.43,0,0,12.08,11.9,11.99,12.7,100,0.39,73.03,0.54,220.87,1.02,217.22
2022,6,27,6,0.24,0.45,1.09,30.08,54,4.44,0.03,0.15,13.07,12.44,12.76,13.12,100,0.3,73.06,1.03,211.41,1.42,210.8
2022,6,27,7,0.48,1.18,2.07,63.5,144.92,9.75,0.16,0.8,14,12.89,13.44,13.37,97.62,0.23,73.09,1.84,206.46,2.38,206.48
2022,6,27,8,0.99,1.97,2.98,132.88,245.6,20.04,0.5,2.55,15.04,13.15,14.09,13.55,92.31,0.28,73.11,2.39,204.47,3.06,204.41
2022,6,27,9,1.65,2.69,3.74,221.65,339.35,33.08,1.02,5.33,16.38,13.37,14.88,13.67,85.5,0.38,73.12,2.95,201.94,3.77,201.89
2022,6,27,10,1.89,3.23,4.31,258.98,408.15,39.2,1.38,6.9,17.34,13.65,15.5,13.85,81.69,0.49,73.11,3.47,201.37,4.47,201.32
2022,6,27,11,1.89,3.54,4.64,262.95,447.27,40.27,1.5,7.83,17.87,13.89,15.87,14.04,80,0.58,73.08,3.91,203.03,5.06,203
2022,6,27,12,1.9,3.74,4.71,269.5,477.83,42.96,1.66,8.77,17.79,14,15.9,14.16,80.81,0.66,73.03,4.21,204.09,5.49,204.12
2022,6,27,13,1.75,3.55,4.53,245.88,453.8,39.35,1.47,7.48,17.55,14.12,15.83,14.22,82.56,0.71,72.98,4.35,204.95,5.7,204.98
2022,6,27,14,1.29,3.14,4.09,182.48,400.8,29.04,0.99,4.98,17.08,14.16,15.62,14.28,85.19,0.74,72.94,4.29,205.58,5.65,205.57
2022,6,27,15,0.81,2.52,3.43,116.17,322.3,18.8,0.55,2.85,16.45,14.12,15.29,14.28,88.56,0.75,72.92,3.94,207.02,5.22,207.06
2022,6,27,16,0.57,1.78,2.6,78.7,226.1,12.56,0.27,1.38,15.93,14.11,15.01,14.28,91.5,0.91,72.89,3.46,208.88,4.61,209
2022,6,27,17,0.47,0.95,1.65,60.9,118.12,9.16,0.12,0.58,15.38,14.12,14.76,14.28,95,1.27,72.88,2.94,209.97,3.93,210.03
2022,6,27,18,0.12,0.26,0.66,15.6,30.73,2.3,0.01,0.05,14.8,14.15,14.48,14.34,98.88,2,72.9,2.31,207.61,3.16,207.71
2022,6,27,19,0,0,0,0,0,0,0,0,14.43,14.2,14.31,14.34,100,2.1,72.94,1.54,202.66,2.21,202.48
2022,6,27,20,0,0,0,0,0,0,0,0,14.19,14.01,14.09,14.22,100,1.67,72.99,1.43,198.14,2.11,198.1
2022,6,27,21,0,0,0,0,0,0,0,0,13.27,13.19,13.23,13.67,100,1.18,73.03,1.01,200.4,1.61,200.46
2022,6,27,22,0,0,0,0,0,0,0,0,12.83,12.83,12.83,13.49,100,0.92,73.03,0.71,206,1.35,204.94
2022,6,27,23,0,0,0,0,0,0,0,0,12.3,12.38,12.34,13.18,100,0.9,73.01,0.58,225.55,1.18,219.61
2022,6,28,0,0,0,0,0,0,0,0,0,11.85,11.87,11.87,12.82,100,1.06,72.97,0.51,255.75,0.94,243.43
2022,6,28,1,0,0,0,0,0,0,0,0,11.91,11.65,11.78,12.63,100,1.12,72.91,0.68,276.63,1.11,266.37
2022,6,28,2,0,0,0,0,0,0,0,0,12.08,11.75,11.91,12.7,100,1.15,72.86,0.66,277.46,1.19,267.36
2022,6,28,3,0,0,0,0,0,0,0,0,12.25,11.91,12.08,12.76,100,1.05,72.85,0.46,257.37,0.91,254.05
2022,6,28,4,0,0,0,0,0,0,0,0,12.39,11.89,12.14,12.76,100,0.86,72.86,0.35,242.3,0.68,237.23
2022,6,28,5,0.04,0.04,0.17,3.55,4.77,0.53,0,0,12.51,11.95,12.23,12.76,100,0.8,72.88,0.24,218.37,0.52,213.93
2022,6,28,6,0.28,0.46,1.08,35.2,55.08,5.06,0.03,0.15,13.27,12.35,12.81,13.06,99.81,0.81,72.91,0.25,188.88,0.48,192.23
2022,6,28,7,0.67,1.16,2.07,86.45,142.17,12.54,0.2,1,14.37,12.8,13.58,13.37,94.94,0.83,72.92,1.18,195.69,1.54,196.23
2022,6,28,8,1.08,1.9,2.97,141.12,234.92,20.65,0.5,2.55,15.32,13.23,14.28,13.67,91.19,0.84,72.92,2.03,197.25,2.6,197.51
2022,6,28,9,1.39,2.55,3.74,187.3,317.62,27.55,0.84,4.33,16.42,13.62,15.02,13.98,86.81,0.83,72.92,2.63,199.94,3.37,200.07
2022,6,28,10,1.22,3.1,4.3,173.05,386.83,26.61,0.94,4.67,17.19,13.8,15.5,14.1,83.56,0.77,72.89,3.22,203.76,4.15,203.86
2022,6,28,11,1.38,3.4,4.64,197,424.25,30.03,1.1,5.83,17.3,14.02,15.66,14.28,83.88,0.72,72.86,3.64,206.78,4.74,206.82
2022,6,28,12,1.24,3.72,4.71,179.08,473.85,28.73,1.09,5.85,16.97,14.2,15.58,14.4,86.31,0.67,72.81,3.9,209.13,5.13,209.14
2022,6,28,13,0.88,3.47,4.53,130.45,439.15,21.41,0.8,4.02,16.58,14.26,15.42,14.4,88.62,0.69,72.77,4.04,210.34,5.37,210.33
2022,6,28,14,0.6,3,4.09,90.2,378.3,14.88,0.5,2.5,16.13,14.2,15.17,14.34,90.69,0.81,72.73,4.02,210.7,5.39,210.69
2022,6,28,15,0.36,2.34,3.43,53.58,292.62,8.62,0.23,1.23,15.69,14.15,14.91,14.28,93,1,72.71,3.77,211.45,5.07,211.51
2022,6,28,16,0.17,1.58,2.6,23.52,194.52,3.93,0.08,0.38,15.34,14.12,14.73,14.28,95,1.25,72.7,3.45,212.25,4.67,212.28
2022,6,28,17,0.09,0.81,1.65,11.08,97.9,1.8,0.02,0.1,14.98,14.1,14.54,14.28,97.06,1.75,72.69,3.13,213.1,4.28,213.17
2022,6,28,18,0.08,0.21,0.66,10.75,25.7,1.63,0.01,0.02,14.55,14.11,14.33,14.28,100,0.22,72.7,2.52,208.31,3.52,208.21
2022,6,28,19,0,0,0,0,0,0,0,0,14.15,14.08,14.12,14.28,100,0.24,72.77,1.61,194.91,2.39,194.58
2022,6,28,20,0,0,0,0,0,0,0,0,14,14.03,14.01,14.22,100,0.24,72.83,1.34,192.42,2.07,192.62
2022,6,28,21,0,0,0,0,0,0,0,0,13.87,13.98,13.92,14.16,100,0.2,72.86,1.18,193.39,1.92,193.92
2022,6,28,22,0,0,0,0,0,0,0,0,13.7,13.89,13.8,14.1,100,0.16,72.86,1.08,191.63,1.84,192.26
2022,6,28,23,0,0,0,0,0,0,0,0,13.58,13.76,13.66,13.98,100,0.15,72.83,1.14,189.85,1.93,190.49
2022,6,29,0,0,0,0,0,0,0,0,0,13.37,13.55,13.46,13.79,100,0.14,72.81,1.17,194.69,1.99,195.24
2022,6,29,1,0,0,0,0,0,0,0,0,13.12,13.26,13.19,13.61,100,0.14,72.79,1.05,201.01,1.8,201.34
2022,6,29,2,0,0,0,0,0,0,0,0,12.94,13.03,12.98,13.43,100,0.18,72.77,0.99,204.74,1.72,204.47
2022,6,29,3,0,0,0,0,0,0,0,0,12.87,13,12.94,13.43,100,0.18,72.76,0.99,207.17,1.76,207.25
2022,6,29,4,0,0,0,0,0,0,0,0,12.83,13.03,12.93,13.43,100,0.15,72.75,1,208.57,1.8,208.79
2022,6,29,5,0.04,0.04,0.16,3.38,4.38,0.49,0,0,12.9,13.04,12.97,13.43,100,0.14,72.77,1.02,207.74,1.81,208.12
2022,6,29,6,0.37,0.44,1.08,55.75,54.2,4.3,0.02,0.1,13.59,13.26,13.43,13.55,100,0.04,72.82,1.95,207.9,2.75,207.8
2022,6,29,7,0.9,1.15,2.06,132,145.08,12.79,0.17,0.85,14,13.38,13.69,13.67,99.19,0.03,72.85,2.63,206.03,3.56,206
2022,6,29,8,0.5,1.88,2.97,65.12,234.85,9.24,0.2,1.05,14.56,13.46,14.01,13.67,95.94,0.04,72.88,3.02,207.63,4.02,207.56
2022,6,29,9,1.05,2.54,3.73,143.5,319.3,20.76,0.6,3.1,15.15,13.48,14.32,13.73,92.5,0.04,72.89,3.14,206.88,4.14,206.81
2022,6,29,10,0.62,3.08,4.3,88.77,384.77,13.16,0.42,2.08,15.74,13.53,14.63,13.73,89.31,0.05,72.87,3.22,205.45,4.2,205.47
2022,6,29,11,1.3,3.4,4.64,183.23,421.45,26.34,0.92,4.75,16.06,13.55,14.8,13.79,87.69,0.07,72.84,3.29,203.4,4.27,203.38
2022,6,29,12,0.55,3.48,4.71,83.9,427.1,12.55,0.44,2.3,16.2,13.53,14.87,13.73,86.62,0.08,72.79,3.34,199.96,4.35,199.97
2022,6,29,13,0.48,3.24,4.53,68.95,395.1,10.26,0.34,1.67,16.05,13.54,14.8,13.73,87.44,0.08,72.75,3.45,197.78,4.53,197.78
2022,6,29,14,0.58,2.76,4.09,79.98,332.23,11.61,0.35,1.75,15.83,13.59,14.71,13.79,88.94,0.09,72.73,3.67,198.51,4.84,198.55
2022,6,29,15,0.57,2.1,3.44,74.15,247.75,10.51,0.27,1.42,15.44,13.56,14.5,13.79,90.94,0.1,72.71,3.77,199,5.01,199.03
2022,6,29,16,1.19,1.43,2.61,173.02,174.1,17.55,0.33,1.62,14.84,13.42,14.13,13.67,93.81,0.12,72.71,3.6,196.9,4.83,196.91
2022,6,29,17,0.65,0.71,1.66,91.48,85.62,9.55,0.1,0.5,14.25,13.29,13.77,13.61,97,0.14,72.73,3.19,194.75,4.32,194.66
2022,6,29,18,0.2,0.19,0.66,28.65,23.27,3.24,0.01,0.05,13.62,13.05,13.33,13.49,100,0.69,72.78,2.29,191.2,3.16,191.12
2022,6,29,19,0,0,0,0,0,0,0,0,12.65,12.53,12.59,13.18,100,0.43,72.83,1.2,191.68,1.79,188.77
2022,6,29,20,0,0,0,0,0,0,0,0,11.97,11.82,11.89,12.76,100,0.24,72.9,0.59,202.5,1.03,186.53
2022,6,29,21,0,0,0,0,0,0,0,0,11.67,11.41,11.54,12.39,100,0.12,72.94,0.22,186.12,0.53,157.57
2022,6,29,22,0,0,0,0,0,0,0,0,11.62,11.02,11.33,12.08,100,0.05,72.94,0.2,32.47,0.33,66.45
2022,6,29,23,0,0,0,0,0,0,0,0,11.51,10.68,11.09,11.78,100,0.03,72.91,0.55,6.52,0.73,11.67
2022,6,30,0,0,0,0,0,0,0,0,0,11.31,10.38,10.85,11.54,100,0.01,72.87,0.76,356.46,1.08,358.75
2022,6,30,1,0,0,0,0,0,0,0,0,11.34,10.26,10.8,11.41,98.81,0.01,72.83,0.7,355.5,1.09,358.35
2022,6,30,2,0,0,0,0,0,0,0,0,11.52,10.1,10.81,11.23,95.94,0,72.8,0.49,358.18,0.83,357.3
2022,6,30,3,0,0,0,0,0,0,0,0,11.58,9.88,10.73,11.05,93.94,0,72.78,0.38,338.2,0.62,336.33
2022,6,30,4,0,0,0,0,0,0,0,0,11.51,9.86,10.69,10.99,94.19,0,72.78,0.33,324.78,0.54,321.47
2022,6,30,5,0.05,0.04,0.16,5.27,4.27,0.63,0,0,11.51,9.99,10.75,11.11,95.06,0,72.8,0.28,328.5,0.45,327.68
2022,6,30,6,0.43,0.41,1.07,56.4,50.02,7.01,0.04,0.2,12.44,10.19,11.31,11.29,91.06,0.01,72.84,0.19,292.25,0.22,302.01
2022,6,30,7,1.22,1.07,2.06,160.45,130.9,17.98,0.27,1.3,13.73,10.61,12.17,11.47,84.94,0.01,72.89,0.76,188.88,0.94,190.01
2022,6,30,8,1.14,1.75,2.97,139.6,209.23,18.97,0.45,2.25,14.88,11.3,13.09,11.96,82.38,0.01,72.93,1.56,187.77,1.95,188.52
2022,6,30,9,1.44,2.4,3.73,180.62,288.12,24.63,0.72,3.75,15.92,11.79,13.85,12.39,79.5,0.01,72.95,2.14,185.67,2.68,186.36
2022,6,30,10,1.53,2.92,4.3,195.95,352.85,27.21,0.91,4.48,16.69,12.2,14.44,12.7,77.81,0.01,72.97,2.62,184.96,3.31,185.41
2022,6,30,11,1.72,3.25,4.63,219.73,393.3,30.94,1.09,5.62,17.05,12.55,14.8,13,77.75,0.02,72.96,2.9,185.57,3.67,185.99
2022,6,30,12,2.26,3.67,4.71,304.7,460.7,44.55,1.67,8.8,17.05,12.75,14.9,13.12,78.69,0.04,72.92,2.9,186.82,3.68,187.2
2022,6,30,13,2.51,3.49,4.53,324.58,437.17,46.61,1.66,8.58,16.88,12.8,14.83,13.18,79.62,0.07,72.87,2.81,187.66,3.58,188.02
2022,6,30,14,2.15,3.06,4.09,275.33,382.48,39.07,1.27,6.33,16.36,12.8,14.58,13.18,82.19,0.09,72.83,2.7,188.15,3.47,188.42
2022,6,30,15,1.67,2.43,3.44,210.92,302.55,29.36,0.8,4.1,15.65,12.94,14.3,13.31,86.69,0.1,72.81,2.5,192.43,3.24,192.69
2022,6,30,16,1.58,1.67,2.61,213.62,209.45,22.35,0.45,2.25,15.03,13.04,14.03,13.37,90.88,0.1,72.78,2.19,200.05,2.83,200.19
2022,6,30,17,0.8,0.86,1.66,65.12,103.9,7.52,0.09,0.42,14.51,13.15,13.83,13.49,94.62,0.08,72.79,1.89,208.16,2.45,208.36
2022,6,30,18,0.16,0.22,0.67,19.4,26.27,2.64,0.01,0.05,14.01,13.24,13.62,13.55,98.44,0.28,72.82,1.57,216.07,2.08,216.14
2022,6,30,19,0,0,0,0,0,0,0,0,13.55,13.33,13.44,13.67,100,0.22,72.86,0.81,219.09,1.24,218.88
2022,6,30,20,0,0,0,0,0,0,0,0,13.26,13.19,13.23,13.55,100,0.17,72.9,0.6,222.37,1.14,222.51
2022,6,30,21,0,0,0,0,0,0,0,0,13.08,13.02,13.05,13.37,100,0.1,72.93,0.5,221.19,0.95,221.01
2022,6,30,22,0,0,0,0,0,0,0,0,12.94,12.8,12.87,13.18,100,0.07,72.92,0.41,213.39,0.7,214.05
2022,6,30,23,0,0,0,0,0,0,0,0,12.8,12.44,12.62,12.94,100,0.05,72.87,0.18,232.13,0.31,234.29
2022,7,1,0,0,0,0,0,0,0,0,0,12.46,12.19,12.32,12.76,100,0.05,72.83,0.28,338.5,0.44,333.43
2022,7,1,1,0,0,0,0,0,0,0,0,11.96,11.73,11.84,12.45,100,0.04,72.8,0.47,338.55,0.78,337.03
2022,7,1,2,0,0,0,0,0,0,0,0,11.74,11.34,11.55,12.15,100,0.03,72.77,0.58,338.63,0.97,338.2
2022,7,1,3,0,0,0,0,0,0,0,0,11.68,10.98,11.33,11.84,99.88,0.03,72.76,0.56,343.84,0.96,343.93
2022,7,1,4,0,0,0,0,0,0,0,0,11.58,10.62,11.1,11.54,98.12,0.03,72.76,0.53,347.2,0.93,348.31
2022,7,1,5,0.04,0.03,0.16,3.17,3.17,0.41,0,0,11.65,10.47,11.05,11.41,96.69,0.04,72.78,0.59,350.79,1.03,352.12
2022,7,1,6,0.34,0.34,1.06,37.4,38.95,4.64,0.02,0.12,13.04,11.33,12.18,12.08,93.62,0.06,72.8,0.78,345,1.04,344.71
2022,7,1,7,0.82,0.9,2.05,92.02,103.38,11.55,0.16,0.8,15.25,12.05,13.65,12.7,85.25,0.08,72.81,0.6,240.44,0.75,240.48
2022,7,1,8,1.26,1.61,2.96,148.6,189.15,19.12,0.41,2.05,17.09,12.54,14.82,13.18,78.38,0.08,72.82,1.89,199.78,2.33,199.77
2022,7,1,9,1.76,2.31,3.73,213.7,277.1,28.01,0.77,3.92,18.28,13.08,15.69,13.61,75.19,0.09,72.83,2.82,192.46,3.56,192.3
2022,7,1,10,1.93,2.86,4.3,239.55,345.83,32.25,1.03,5.27,19.12,13.7,16.4,14.1,73.88,0.09,72.84,3.41,190.28,4.34,190.06
2022,7,1,11,1.77,3.23,4.63,221.6,393.3,31.15,1.09,5.62,19.55,14.15,16.85,14.47,73.69,0.13,72.82,3.85,191.36,4.92,191.26
2022,7,1,12,1.87,3.39,4.71,249.2,417.75,34.59,1.23,6.58,19.15,14.43,16.79,14.65,76.56,0.27,72.79,4.08,192.95,5.27,192.92
2022,7,1,13,1.51,3.22,4.53,200.15,396.55,28.51,0.99,5.05,18.4,14.62,16.51,14.77,81,0.37,72.74,4.13,194.14,5.38,194.12
2022,7,1,14,1.4,2.8,4.09,183.25,343.67,25.48,0.81,4.08,17.57,14.73,16.15,14.89,85.75,0.48,72.69,4.13,193.8,5.44,193.8
2022,7,1,15,1.07,2.17,3.44,138.6,264.15,19.14,0.52,2.65,16.73,14.58,15.65,14.77,89.69,0.57,72.65,4.05,193.5,5.41,193.53
2022,7,1,16,0.77,1.43,2.61,92.2,170.58,12.37,0.25,1.23,15.75,14.19,14.97,14.47,93.62,0.66,72.62,3.53,194.1,4.71,194.01
2022,7,1,17,0.46,0.72,1.66,53.02,84.8,6.97,0.08,0.38,15.46,14.42,14.94,14.65,96.44,0.79,72.64,3.28,194.33,4.46,194.3
2022,7,1,18,0.23,0.2,0.67,30.17,24.73,4.32,0.02,0.08,14.69,14.39,14.55,14.59,100,0.24,72.72,2.43,192.25,3.45,192.3
2022,7,1,19,0,0,0,0,0,0,0,0,13.81,13.67,13.74,14.1,100,0.34,72.78,1.45,192.76,2.21,193.1
2022,7,1,20,0,0,0,0,0,0,0,0,13.51,13.64,13.58,14.1,100,0.49,72.85,1.25,195.6,2.04,195.79
2022,7,1,21,0,0,0,0,0,0,0,0,13.2,13.23,13.21,13.85,100,0.67,72.9,1.06,201.64,1.81,201.02
2022,7,1,22,0,0,0,0,0,0,0,0,12.69,12.73,12.7,13.55,100,0.81,72.92,0.88,210.88,1.58,207.07
2022,7,1,23,0,0,0,0,0,0,0,0,12.61,12.51,12.56,13.43,100,0.93,72.89,0.68,215.69,1.2,211.73
2022,7,2,0,0,0,0,0,0,0,0,0,12.74,12.29,12.51,13.24,100,0.86,72.84,0.46,227.07,0.73,226.29
2022,7,2,1,0,0,0,0,0,0,0,0,12.83,12.15,12.48,13.12,100,0.59,72.8,0.45,237.68,0.64,236.5
2022,7,2,2,0,0,0,0,0,0,0,0,12.76,12.16,12.46,13.12,100,0.38,72.77,0.32,212.91,0.49,214.7
2022,7,2,3,0,0,0,0,0,0,0,0,12.59,11.95,12.27,13,100,0.19,72.75,0.23,223.6,0.34,225
2022,7,2,4,0,0,0,0,0,0,0,0,12.62,11.64,12.13,12.76,100,0.07,72.73,0.13,356.63,0.2,357.71
2022,7,2,5,0.05,0.04,0.15,4.73,4.05,0.72,0,0.02,12.36,11.4,11.88,12.51,100,0.02,72.73,0.68,38.45,1.01,39.01
2022,7,2,6,0.46,0.42,1.06,58.6,50.5,8.7,0.05,0.25,12.63,11.73,12.19,12.88,100,0.02,72.76,0.93,40.55,1.38,39.72
2022,7,2,7,1.19,1.11,2.05,150.6,135.6,21.71,0.34,1.65,13.48,11.51,12.5,12.57,94.38,0.02,72.78,1.14,39.45,1.52,39.35
2022,7,2,8,1.28,1.85,2.96,159.25,226.55,21.8,0.49,2.48,14.99,11.44,13.22,12.33,84.12,0.02,72.81,0.95,87.63,1.21,87.05
2022,7,2,9,1.73,2.56,3.73,223.8,317.77,31.24,0.9,4.65,16.05,11.92,13.98,12.63,80.31,0.05,72.85,1.78,141.97,2.24,141.65
2022,7,2,10,1.83,3.07,4.3,237.05,382.6,34.3,1.14,5.75,16.97,12.57,14.77,13.12,78.81,0.09,72.86,2.49,154.96,3.13,154.78
2022,7,2,11,1.9,3.41,4.63,259.42,427.48,37.53,1.34,6.95,18.08,13.09,15.58,13.55,75.69,0.13,72.84,2.99,161.28,3.77,161.26
2022,7,2,12,2.31,3.69,4.71,319.88,469.42,47.71,1.77,9.35,18.83,13.37,16.1,13.79,73.44,0.18,72.8,3.29,167.09,4.15,167.06
2022,7,2,13,2.18,3.53,4.53,300.75,448.3,44.77,1.62,8.2,19.05,13.51,16.29,13.92,73.12,0.21,72.75,3.46,173.13,4.41,173.18
2022,7,2,14,1.98,3.13,4.09,265.85,396.85,39.16,1.29,6.52,18.85,13.68,16.26,14.04,74.69,0.22,72.71,3.54,178.48,4.53,178.52
2022,7,2,15,1.54,2.5,3.44,201.95,314.98,29.31,0.81,4.17,18.23,13.84,16.04,14.16,78.25,0.21,72.68,3.41,183.67,4.39,183.77
2022,7,2,16,1.58,1.69,2.61,211.58,208.9,30.32,0.59,2.95,17.47,13.96,15.72,14.22,82.5,0.21,72.67,3.17,187.93,4.12,187.85
2022,7,2,17,0.91,0.93,1.66,117.65,114.5,17.7,0.21,1.02,16.39,14.08,15.24,14.34,89,0.23,72.7,2.68,190.59,3.5,190.53
2022,7,2,18,0.24,0.25,0.67,32.12,30.15,4.89,0.02,0.08,15.34,14.23,14.78,14.47,96.06,0.36,72.75,1.97,193.54,2.61,193.5
2022,7,2,19,0,0,0,0,0,0,0,0,14.72,14.39,14.55,14.59,100,0.41,72.81,1.04,193.93,1.52,194.25
2022,7,2,20,0,0,0,0,0,0,0,0,14.37,14.29,14.33,14.53,100,0.35,72.87,0.82,201.7,1.43,201.4
2022,7,2,21,0,0,0,0,0,0,0,0,14.07,14.13,14.1,14.34,100,0.27,72.91,0.81,210.3,1.5,209.89
2022,7,2,22,0,0,0,0,0,0,0,0,13.94,13.99,13.97,14.22,100,0.19,72.92,0.75,199.37,1.41,198.43
2022,7,2,23,0,0,0,0,0,0,0,0,13.71,13.69,13.7,13.98,100,0.15,72.94,0.71,183.14,1.31,180
2022,7,3,0,0,0,0,0,0,0,0,0,13.57,13.42,13.5,13.79,100,0.13,72.91,0.64,178.6,1.15,173.75
2022,7,3,1,0,0,0,0,0,0,0,0,13.4,13.12,13.26,13.55,100,0.16,72.87,0.41,157.8,0.69,155.18
2022,7,3,2,0,0,0,0,0,0,0,0,13.07,12.78,12.93,13.24,100,0.21,72.82,0.17,84.81,0.37,73.89
2022,7,3,3,0,0,0,0,0,0,0,0,12.69,12.25,12.47,12.82,100,0.23,72.79,0.35,45.91,0.78,37.67
2022,7,3,4,0,0,0,0,0,0,0,0,11.77,11.21,11.49,12.15,100,0.21,72.81,0.86,33.11,1.54,28.52
2022,7,3,5,0.04,0.03,0.15,3.58,3.83,0.49,0,0,11.58,10.58,11.08,11.72,99.62,0.17,72.85,1.06,25.25,1.87,21.85
2022,7,3,6,0.43,0.44,1.05,57.35,52.67,6.84,0.03,0.17,12.96,10.88,11.92,11.96,93.25,0.12,72.89,1.28,14.12,1.85,13.45
2022,7,3,7,1.19,1.16,2.04,156.1,143.35,19.44,0.27,1.35,15.15,10.4,12.78,11.41,77.06,0.08,72.93,0.76,43.75,0.97,42.06
2022,7,3,8,1.07,1.92,2.95,134.88,234.23,18.6,0.41,2.05,16.83,10.92,13.87,11.78,71.56,0.04,72.96,1.51,158.2,1.88,158.33
2022,7,3,9,1.31,2.61,3.72,170.2,321.23,23.96,0.66,3.45,17.72,11.72,14.72,12.39,71,0.03,72.99,2.82,172.36,3.59,172.5
2022,7,3,10,1.51,3.13,4.29,199.52,386.5,28.47,0.91,4.52,18.32,12.55,15.43,13,71.94,0.03,73,2.93,173.73,3.71,173.71
2022,7,3,11,1.67,3.43,4.63,221.38,421.92,31.68,1.09,5.58,19.16,12.94,16.05,13.43,70.25,0.04,72.99,3.06,175.47,3.86,175.48
2022,7,3,12,1.43,3.53,4.71,195.45,435.42,28.55,0.99,5.15,19.31,13.13,16.23,13.61,70.56,0.06,72.95,3.24,177.79,4.12,177.94
2022,7,3,13,1.2,3.35,4.53,162.83,411.38,23.8,0.79,3.95,18.89,13.29,16.08,13.73,73.19,0.09,72.91,3.11,179.71,3.95,179.77
2022,7,3,14,0.48,2.92,4.09,69.45,356.12,10.27,0.3,1.5,18.23,13.35,15.79,13.73,76.31,0.1,72.88,2.83,182.06,3.62,182.1
2022,7,3,15,0.46,2.27,3.44,66.2,273.6,9.59,0.23,1.2,17.36,13.48,15.42,13.92,81.31,0.1,72.85,2.48,186.34,3.18,186.36
2022,7,3,16,1.25,1.59,2.61,186.73,194.62,16.98,0.3,1.5,16.58,13.77,15.18,14.16,87.06,0.1,72.83,1.98,188.39,2.53,188.53
2022,7,3,17,0.77,0.84,1.66,108.9,100.95,11.12,0.11,0.55,15.95,14,14.98,14.34,91.88,0.08,72.81,1.52,186.5,1.93,186.75
2022,7,3,18,0.24,0.23,0.67,32.75,27.2,3.8,0.01,0.05,15.17,14.26,14.72,14.59,97.94,0.1,72.83,1.1,188.19,1.48,188.52
2022,7,3,19,0,0,0,0,0,0,0,0,14.55,14.43,14.49,14.71,100,0.1,72.87,0.5,194.47,0.89,194.16
2022,7,3,20,0,0,0,0,0,0,0,0,14.38,14.3,14.34,14.59,100,0.09,72.92,0.51,189.75,0.89,189.05
2022,7,3,21,0,0,0,0,0,0,0,0,14.17,14.18,14.17,14.47,100,0.11,72.97,0.56,175.97,0.96,175.35
2022,7,3,22,0,0,0,0,0,0,0,0,14.03,14.01,14.02,14.28,100,0.14,72.99,0.56,169.62,0.91,169.17
2022,7,3,23,0,0,0,0,0,0,0,0,13.98,13.88,13.93,14.16,100,0.19,72.97,0.46,180,0.73,178.77
2022,7,4,0,0,0,0,0,0,0,0,0,13.92,13.76,13.83,14.04,100,0.23,72.92,0.41,183.24,0.65,182.76
2022,7,4,1,0,0,0,0,0,0,0,0,13.77,13.62,13.69,13.92,100,0.19,72.88,0.38,185.95,0.59,184.57
2022,7,4,2,0,0,0,0,0,0,0,0,13.59,13.39,13.49,13.79,100,0.1,72.84,0.29,205.2,0.46,205.25
2022,7,4,3,0,0,0,0,0,0,0,0,13.44,13.06,13.26,13.49,100,0.04,72.83,0.18,260.13,0.27,261.63
2022,7,4,4,0,0,0,0,0,0,0,0,13.06,12.59,12.83,13.18,100,0.01,72.83,0.36,335.66,0.6,337.78
2022,7,4,5,0.05,0.04,0.15,5.42,4.67,0.73,0,0.02,12.74,12.1,12.42,12.82,100,0.01,72.85,0.6,354.74,1.01,354.69
2022,7,4,6,0.36,0.53,1.05,43.35,64.45,5.78,0.03,0.15,14.3,12.37,13.33,13.18,93.94,0.02,72.89,0.69,352.15,0.91,352.57
2022,7,4,7,1.23,1.34,2.04,158.35,168.23,19.39,0.28,1.4,16.5,12.89,14.69,13.55,83.94,0.05,72.92,0.95,203.82,1.16,203.45
2022,7,4,8,1.43,2.11,2.95,180.55,264.85,25.11,0.57,2.83,18.25,13.2,15.73,13.79,76.5,0.07,72.95,2.23,191.7,2.78,191.66
2022,7,4,9,1.93,2.79,3.72,246.77,350.42,35.1,1.02,5.23,19.38,13.44,16.41,14.04,72.44,0.1,72.97,2.87,188.77,3.6,188.75
2022,7,4,10,2.78,3.31,4.29,353.6,414.4,50.32,1.7,8.48,20.14,13.77,16.96,14.28,70.38,0.14,72.96,3.37,188,4.27,187.89
2022,7,4,11,2.56,3.6,4.63,335.98,451.9,48.48,1.75,9.05,20.58,14.17,17.37,14.59,70.06,0.2,72.93,3.78,186.17,4.82,186.14
2022,7,4,12,2.01,3.66,4.71,266.05,460.85,39.52,1.45,7.6,20.36,14.44,17.4,14.77,71.81,0.24,72.88,3.92,185.72,5.04,185.69
2022,7,4,13,1.89,3.5,4.53,248.02,439.6,36.28,1.28,6.52,20.43,14.77,17.6,15.08,72.94,0.27,72.83,3.9,185.98,5,185.92
2022,7,4,14,1.86,3.1,4.1,241.33,389.85,35.02,1.13,5.65,20.18,14.85,17.51,15.2,74.44,0.29,72.77,3.83,187.02,4.93,186.91
2022,7,4,15,1.19,2.51,3.44,154.67,314.6,22.48,0.61,3.12,19.55,14.94,17.24,15.26,77.75,0.3,72.73,3.58,190.18,4.62,190.13
2022,7,4,16,2.62,1.79,2.61,412.3,227.62,30.3,0.59,2.95,18.49,15.05,16.76,15.32,83.31,0.29,72.7,3.2,193.42,4.15,193.38
2022,7,4,17,0.7,0.96,1.66,71.2,118.5,7.94,0.09,0.42,17.36,15.23,16.29,15.44,90.19,0.26,72.7,2.78,195.99,3.64,195.95
2022,7,4,18,0.26,0.27,0.67,33.92,32.65,4.28,0.02,0.08,16.3,15.37,15.83,15.5,97.06,0.08,72.74,2.26,194.85,3.02,194.83
2022,7,4,19,0,0,0,0,0,0,0,0,15.8,15.51,15.65,15.62,100,0.07,72.8,1.55,187.84,2.19,187.99
2022,7,4,20,0,0,0,0,0,0,0,0,15.73,15.58,15.65,15.69,100,0.06,72.87,1.26,184.26,1.91,184.69
2022,7,4,21,0,0,0,0,0,0,0,0,15.65,15.58,15.62,15.62,100,0.05,72.92,1.14,181.96,1.81,182.71
2022,7,4,22,0,0,0,0,0,0,0,0,15.42,15.4,15.41,15.44,100,0.04,72.95,1.07,180.42,1.77,181.52
2022,7,4,23,0,0,0,0,0,0,0,0,15.04,15.09,15.06,15.14,100,0.04,72.94,0.92,180.49,1.6,181.12
2022,7,5,0,0,0,0,0,0,0,0,0,14.67,14.79,14.73,14.89,100,0.05,72.91,0.94,180.48,1.64,181.36
2022,7,5,1,0,0,0,0,0,0,0,0,14.4,14.53,14.47,14.65,100,0.06,72.9,0.92,178.54,1.63,179.45
2022,7,5,2,0,0,0,0,0,0,0,0,14.14,14.27,14.21,14.4,100,0.07,72.91,0.84,176.79,1.55,177.4
2022,7,5,3,0,0,0,0,0,0,0,0,13.87,13.98,13.92,14.1,100,0.08,72.93,0.72,181.25,1.43,180.94
2022,7,5,4,0,0,0,0,0,0,0,0,13.69,13.73,13.71,13.92,100,0.06,72.94,0.58,195.52,1.21,195.74
2022,7,5,5,0.04,0.04,0.14,3.62,4.2,0.51,0,0,13.69,13.61,13.65,13.79,100,0.02,72.95,0.49,213.94,0.98,213.56
2022,7,5,6,0.36,0.51,1.04,42.55,61.6,5.64,0.03,0.15,14.47,13.72,14.09,13.85,97.88,0,72.99,0.74,229.27,0.99,226.91
2022,7,5,7,1.21,1.31,2.03,155.1,164.77,19.74,0.3,1.45,15.61,13.9,14.75,13.98,91.75,0,73.04,1.24,210.59,1.56,209.78
2022,7,5,8,1.78,2.08,2.95,223.3,262,29.97,0.67,3.33,17.18,13.98,15.58,14.04,83.56,0.01,73.08,1.92,196.3,2.41,196.02
2022,7,5,9,2.52,2.76,3.72,321,348.42,44.01,1.26,6.4,18.23,13.67,15.95,13.92,77.25,0.01,73.1,2.47,184.36,3.11,184.18
2022,7,5,10,2.33,3.28,4.29,295.45,414.2,42.76,1.45,7.38,18.65,13.74,16.19,14.04,76.06,0.02,73.11,2.77,180.16,3.51,180
2022,7,5,11,2.82,3.43,4.63,383.85,447.42,53.23,1.86,9.8,18.83,13.86,16.34,14.22,76,0.02,73.09,2.9,179.23,3.67,179.02
2022,7,5,12,2.04,3.66,4.71,275.05,461.85,40.71,1.52,7.98,18.9,13.93,16.41,14.28,76.12,0.02,73.05,2.95,180,3.73,179.88
2022,7,5,13,1.61,3.5,4.53,217.75,442.25,32.3,1.16,5.92,19.05,14.01,16.53,14.4,75.81,0.03,73,3.02,181.63,3.85,181.51
2022,7,5,14,1.45,3.11,4.1,191.73,394.52,28.41,0.93,4.65,18.96,14.11,16.53,14.47,76.75,0.04,72.95,3.03,182.66,3.88,182.65
2022,7,5,15,1.21,2.55,3.44,159.17,323.05,23.43,0.66,3.4,18.8,14.26,16.53,14.65,78.44,0.04,72.92,2.87,184.53,3.65,184.54
2022,7,5,16,3.17,1.85,2.61,530.58,236.75,24.45,0.5,2.48,18.4,14.36,16.38,14.77,81,0.05,72.91,2.66,185.56,3.4,185.54
2022,7,5,17,1.66,1.04,1.66,267.45,131.65,9.69,0.11,0.55,17.62,14.48,16.05,14.89,85.75,0.05,72.92,2.3,187.8,2.96,187.72
2022,7,5,18,0.26,0.3,0.67,35.55,36.65,4.27,0.02,0.08,16.48,14.83,15.65,15.14,93.81,0.05,72.97,1.65,192,2.2,192.11
2022,7,5,19,0,0,0,0,0,0,0,0,15.25,15.07,15.16,15.32,100,0.04,73.03,0.6,196.56,1.12,196.66
2022,7,5,20,0,0,0,0,0,0,0,0,15.05,15.06,15.05,15.26,100,0.04,73.07,0.58,197.22,1.12,197.43
2022,7,5,21,0,0,0,0,0,0,0,0,14.79,14.99,14.89,15.2,100,0.03,73.12,0.65,193.2,1.34,192.82
2022,7,5,22,0,0,0,0,0,0,0,0,14.57,14.9,14.74,15.08,100,0.04,73.17,0.75,184.17,1.59,183.66
2022,7,5,23,0,0,0,0,0,0,0,0,14.48,14.87,14.67,15.01,100,0.07,73.17,0.83,180,1.72,179.22
2022,7,6,0,0,0,0,0,0,0,0,0,14.42,14.76,14.59,14.89,100,0.12,73.16,0.93,174.24,1.81,174.07
2022,7,6,1,0,0,0,0,0,0,0,0,14.12,14.2,14.16,14.28,100,0.12,73.15,0.87,165.96,1.6,165.63
2022,7,6,2,0,0,0,0,0,0,0,0,13.78,13.66,13.73,13.79,100,0.07,73.16,0.44,145.75,0.8,146.15
2022,7,6,3,0,0,0,0,0,0,0,0,13.19,12.87,13.03,13.12,100,0.04,73.17,0.28,26.57,0.52,28.89
2022,7,6,4,0,0,0,0,0,0,0,0,12.94,11.98,12.46,12.39,96.94,0.02,73.18,0.58,15.52,1.25,11.87
2022,7,6,5,0.04,0.04,0.14,3.33,4.35,0.47,0,0,13.51,10.95,12.23,11.72,88.25,0.01,73.2,0.57,10.23,1.1,6.52
2022,7,6,6,0.47,0.56,1.04,59.8,68.33,7.43,0.04,0.2,14.66,11.45,13.06,12.39,86.81,0.01,73.24,0.41,20.17,0.73,14.93
2022,7,6,7,1.38,1.37,2.03,179.12,172.77,23.27,0.34,1.67,16.69,10.3,13.49,11.54,70.94,0.01,73.3,0.39,117.6,0.47,116.57
2022,7,6,8,1.62,2.14,2.94,202.6,268.85,28.13,0.64,3.25,18.48,9.95,14.22,11.05,60.88,0.01,73.33,1.79,165.6,2.27,165.68
2022,7,6,9,2.23,2.82,3.71,283.8,353.9,40.03,1.16,6.08,19.4,10.82,15.11,11.66,60.62,0.01,73.35,2.72,171.4,3.42,171.46
2022,7,6,10,2.45,3.33,4.29,311.42,417.85,45.15,1.52,7.6,20.03,11.88,15.95,12.51,62.5,0.02,73.36,3.24,171.81,4.09,171.65
2022,7,6,11,2.62,3.63,4.63,345.83,454.85,49.76,1.8,9.35,20.32,12.85,16.58,13.31,65.25,0.02,73.34,3.5,172.94,4.42,172.9
2022,7,6,12,2.44,3.65,4.71,321.75,456.6,45.97,1.67,8.83,20.44,13.59,17.01,13.98,67.94,0.02,73.31,3.58,174.74,4.52,174.64
2022,7,6,13,2.11,3.47,4.53,276.2,434.73,39.79,1.39,7.12,20.37,14.07,17.23,14.4,70.25,0.03,73.25,3.58,176.87,4.52,176.83
2022,7,6,14,1.76,3.06,4.1,229.58,383.3,32.65,1.05,5.23,20.04,14.41,17.23,14.71,73.19,0.04,73.21,3.47,179.35,4.41,179.39
2022,7,6,15,1.18,2.44,3.44,152.6,304.15,21.54,0.59,3.02,19.51,14.58,17.05,14.89,76.38,0.04,73.17,3.37,181.59,4.3,181.67
2022,7,6,16,1.93,1.72,2.61,289.1,215.55,26.04,0.5,2.48,18.62,14.59,16.6,14.89,80.75,0.04,73.15,3.08,183.64,3.96,183.62
2022,7,6,17,1.65,0.93,1.66,278.83,113.88,13.75,0.15,0.73,17.55,14.63,16.08,14.89,86.69,0.04,73.16,2.6,185.86,3.38,185.97
2022,7,6,18,0.28,0.26,0.67,40.17,30.88,3.73,0.02,0.05,16.24,14.88,15.56,15.14,95.5,0.11,73.21,1.83,190.06,2.41,189.89
2022,7,6,19,0,0,0,0,0,0,0,0,15.63,15.22,15.43,15.44,100,0.1,73.27,0.99,192.28,1.4,192.25
2022,7,6,20,0,0,0,0,0,0,0,0,15.5,15.33,15.41,15.5,100,0.09,73.33,0.75,187.2,1.23,187.67
2022,7,6,21,0,0,0,0,0,0,0,0,15.3,15.28,15.29,15.38,100,0.08,73.38,0.74,182.41,1.37,182.29
2022,7,6,22,0,0,0,0,0,0,0,0,15.06,15.2,15.13,15.26,100,0.08,73.39,0.77,181.17,1.48,181.52
2022,7,6,23,0,0,0,0,0,0,0,0,14.79,15.07,14.93,15.14,100,0.08,73.36,0.8,181.11,1.59,180.85
2022,7,7,0,0,0,0,0,0,0,0,0,14.51,14.87,14.69,14.95,100,0.08,73.32,0.78,181.72,1.61,181.95
2022,7,7,1,0,0,0,0,0,0,0,0,14.25,14.65,14.44,14.71,100,0.07,73.29,0.74,186.67,1.57,187.16
2022,7,7,2,0,0,0,0,0,0,0,0,13.98,14.42,14.19,14.47,100,0.06,73.26,0.71,194.04,1.52,195.18
2022,7,7,3,0,0,0,0,0,0,0,0,13.73,14.19,13.96,14.28,100,0.06,73.25,0.69,200.48,1.5,201.36
2022,7,7,4,0,0,0,0,0,0,0,0,13.53,13.98,13.76,14.04,100,0.05,73.25,0.65,204.73,1.39,205.27
2022,7,7,5,0.04,0.04,0.14,3.58,4.1,0.5,0,0,13.62,13.84,13.73,13.92,100,0.04,73.28,0.54,210.26,1.11,208.55
2022,7,7,6,0.48,0.53,1.03,57.42,63.88,7.18,0.04,0.17,14.89,14.23,14.56,14.28,98.62,0.04,73.32,0.88,216.67,1.2,212.56
2022,7,7,7,1.18,1.32,2.02,146.15,164.5,18.76,0.26,1.27,16.12,14.12,15.12,14.28,91.25,0.02,73.35,1.12,200.46,1.46,198.05
2022,7,7,8,2.01,2.11,2.94,252.9,265.58,34.19,0.75,3.73,17.75,14.1,15.92,14.34,82.56,0.02,73.36,1.87,185.04,2.35,184.57
2022,7,7,9,2.63,2.82,3.71,337.75,355.67,47.61,1.35,6.9,18.91,14.11,16.51,14.4,77.12,0.02,73.36,2.57,183.84,3.23,183.6
2022,7,7,10,2.57,3.35,4.28,333.55,422.45,49.44,1.66,8.45,19.64,14.35,16.99,14.65,74.94,0.03,73.35,3.09,186.53,3.91,186.31
2022,7,7,11,3,3.67,4.63,401.58,461.65,59.28,2.13,11.27,20.02,14.62,17.32,14.89,74.25,0.05,73.32,3.42,188.28,4.34,188.17
2022,7,7,12,2.69,3.69,4.71,363.95,462.52,53.6,1.95,10.35,20.34,14.8,17.57,15.08,73.5,0.08,73.27,3.69,189.02,4.7,188.99
2022,7,7,13,2.01,3.53,4.53,273.45,441.38,40.99,1.45,7.4,20.32,14.99,17.65,15.2,74.38,0.11,73.21,3.82,190.14,4.88,190.05
2022,7,7,14,1.76,3.13,4.1,237.7,391.55,35.16,1.14,5.7,20.13,15.17,17.65,15.32,75.81,0.16,73.15,3.88,190.9,4.98,190.85
2022,7,7,15,1.28,2.53,3.44,170.73,315.67,24.91,0.69,3.5,19.61,15.14,17.37,15.26,77.94,0.18,73.11,3.86,193.33,5,193.28
2022,7,7,16,0.91,1.77,2.61,118.2,219.05,16.79,0.34,1.67,18.71,15.1,16.9,15.2,81.88,0.2,73.08,3.6,196.9,4.71,196.87
2022,7,7,17,0.42,0.96,1.66,51.52,115.6,6.94,0.08,0.38,17.52,15.07,16.3,15.14,88,0.2,73.08,3.11,201.53,4.11,201.54
2022,7,7,18,0.13,0.26,0.66,17.23,30.6,2.45,0.01,0.05,16.35,15.23,15.79,15.32,95.75,0.31,73.12,2.46,206,3.32,205.96
2022,7,7,19,0,0,0,0,0,0,0,0,15.78,15.37,15.58,15.44,100,0.32,73.16,1.82,204.59,2.55,204.6
2022,7,7,20,0,0,0,0,0,0,0,0,15.69,15.46,15.57,15.5,100,0.3,73.2,1.59,201.38,2.29,201.66
2022,7,7,21,0,0,0,0,0,0,0,0,15.47,15.37,15.42,15.44,100,0.23,73.23,1.14,201.29,1.77,201.47
2022,7,7,22,0,0,0,0,0,0,0,0,15.09,15.08,15.08,15.2,100,0.19,73.24,0.83,203.91,1.49,203.87
2022,7,7,23,0,0,0,0,0,0,0,0,14.73,14.86,14.8,14.95,100,0.18,73.21,0.69,203.37,1.4,203.28
2022,7,8,0,0,0,0,0,0,0,0,0,14.43,14.62,14.52,14.77,100,0.18,73.16,0.67,204.78,1.42,204.73
2022,7,8,1,0,0,0,0,0,0,0,0,14.33,14.47,14.4,14.65,100,0.2,73.12,0.65,205.64,1.37,205.25
2022,7,8,2,0,0,0,0,0,0,0,0,14.32,14.4,14.36,14.65,100,0.2,73.09,0.63,198.89,1.28,198.43
2022,7,8,3,0,0,0,0,0,0,0,0,14.25,14.36,14.3,14.59,100,0.18,73.08,0.64,194.04,1.32,193.3
2022,7,8,4,0,0,0,0,0,0,0,0,14.15,14.34,14.25,14.53,100,0.13,73.06,0.68,196.13,1.4,195.2
2022,7,8,5,0.04,0.04,0.13,3.75,4.1,0.52,0,0,14.17,14.34,14.26,14.53,100,0.08,73.06,0.68,199.48,1.42,199.33
2022,7,8,6,0.31,0.52,1.02,37.67,62.58,4.91,0.03,0.12,15.18,14.7,14.94,14.83,100,0.04,73.09,1.42,201.33,1.95,201.33
2022,7,8,7,0.73,1.29,2.02,91.73,159.75,12.88,0.2,0.95,15.94,14.82,15.37,14.89,95.62,0.04,73.13,2.08,205.6,2.68,205.59
2022,7,8,8,1.11,2.07,2.93,146.08,258.55,21.27,0.49,2.5,16.88,14.86,15.87,14.89,90.19,0.04,73.15,2.36,207.84,2.98,207.44
2022,7,8,9,1.5,2.76,3.71,204.65,346.88,30.36,0.91,4.67,18.15,14.58,16.37,14.71,82.19,0.07,73.17,2.55,205,3.2,204.69
2022,7,8,10,1.86,3.28,4.28,253.33,412.95,38.05,1.3,6.5,19.18,14.49,16.83,14.65,77,0.12,73.16,2.94,196.7,3.7,196.44
2022,7,8,11,1.93,3.59,4.62,268.12,451.8,40.56,1.48,7.65,19.61,14.62,17.12,14.83,75.62,0.2,73.13,3.44,191.41,4.38,191.31
2022,7,8,12,1.68,3.64,4.71,238.2,457.55,36.25,1.34,7.05,19.26,14.7,16.98,14.89,77.62,0.31,73.1,3.68,189.4,4.74,189.38
2022,7,8,13,1.38,3.45,4.53,194.15,434.48,29.97,1.07,5.42,18.78,14.73,16.76,14.89,80.06,0.41,73.05,3.76,189.33,4.87,189.33
2022,7,8,14,1.08,3.06,4.1,156.42,384.83,24.07,0.78,3.9,18.15,14.73,16.44,14.89,83.06,0.5,73,3.62,190.07,4.71,190.02
2022,7,8,15,0.93,2.47,3.44,132.4,310.85,20.25,0.56,2.88,17.42,14.83,16.12,14.95,87.19,0.57,72.96,3.27,191.28,4.29,191.35
2022,7,8,16,0.38,1.74,2.61,51.65,218.2,7.8,0.16,0.77,16.75,14.87,15.8,14.95,91.06,0.65,72.92,2.89,192.01,3.8,191.98
2022,7,8,17,0.22,0.95,1.66,27.48,117.98,4.03,0.05,0.23,16.14,14.86,15.5,14.89,94.44,0.77,72.9,2.52,193.99,3.34,193.94
2022,7,8,18,0.1,0.26,0.66,12.95,31.02,1.93,0.01,0.02,15.49,14.85,15.17,14.89,98.38,0.59,72.9,2.14,194.39,2.9,194.48
2022,7,8,19,0,0,0,0,0,0,0,0,15.06,14.83,14.94,14.89,100,1.01,72.91,1.73,190.7,2.47,190.78
2022,7,8,20,0,0,0,0,0,0,0,0,14.9,14.77,14.83,14.83,100,1.35,72.97,1.86,188.23,2.7,188.48
2022,7,8,21,0,0,0,0,0,0,0,0,14.76,14.65,14.71,14.77,100,0.84,73.03,1.98,186.56,2.91,186.78
2022,7,8,22,0,0,0,0,0,0,0,0,14.51,14.38,14.44,14.53,100,0.39,73.06,1.9,183.53,2.82,183.5
2022,7,8,23,0,0,0,0,0,0,0,0,13.92,13.93,13.92,14.1,100,0.2,73.07,1.67,182.41,2.6,181.9
2022,7,9,0,0,0,0,0,0,0,0,0,13.52,13.65,13.58,13.92,100,0.05,73.04,1.43,184.4,2.36,183.42
2022,7,9,1,0,0,0,0,0,0,0,0,13.33,13.38,13.35,13.67,100,0.02,73.02,1.16,180.77,2.02,178.67
2022,7,9,2,0,0,0,0,0,0,0,0,13.08,12.94,13.01,13.24,100,0.02,73.01,0.85,170.45,1.51,166.54
2022,7,9,3,0,0,0,0,0,0,0,0,12.79,12.58,12.69,12.94,100,0.01,72.99,0.55,153.07,0.98,150.99
2022,7,9,4,0,0,0,0,0,0,0,0,12.37,12.2,12.29,12.63,100,0,72.98,0.38,133.32,0.71,138.99
2022,7,9,5,0.04,0.04,0.13,3.6,3.98,0.51,0,0,12.26,11.99,12.12,12.45,100,0,73,0.23,120.96,0.42,123.69
2022,7,9,6,0.26,0.51,1.02,31.6,62.45,4.23,0.02,0.12,13.37,12.01,12.69,12.51,94.81,0.01,73.05,0.38,114.44,0.49,115.74
2022,7,9,7,0.68,1.3,2.01,88.6,162.65,12.48,0.19,0.92,15.1,11.65,13.38,12.15,82.56,0.01,73.1,1.23,144.8,1.54,146.15
2022,7,9,8,1.17,2.08,2.93,153.67,262.55,22.44,0.52,2.65,16.72,11.66,14.19,12.15,74.31,0.01,73.12,2.18,157.93,2.74,158.62
2022,7,9,9,1.75,2.76,3.7,231,348.88,33.78,0.99,5.17,17.92,12.04,14.98,12.45,70.62,0.01,73.14,2.87,165.81,3.61,166.11
2022,7,9,10,2.45,3.3,4.28,320.65,415.73,47.27,1.6,8,18.66,12.68,15.67,13,70.44,0.02,73.12,3.39,172.19,4.29,172.25
2022,7,9,11,2.16,3.62,4.62,295.88,456.42,44.52,1.62,8.35,19.08,13.23,16.16,13.49,71.12,0.02,73.07,3.65,175.95,4.63,176.03
2022,7,9,12,1.96,3.61,4.71,275.25,451.88,40.81,1.5,7.85,19.15,13.61,16.37,13.85,72.62,0.05,73.02,3.74,179.64,4.75,179.72
2022,7,9,13,1.79,3.45,4.53,246.4,432.08,36.8,1.3,6.55,19.02,13.78,16.4,13.98,73.94,0.09,72.96,3.81,182.35,4.84,182.41
2022,7,9,14,1.54,3.06,4.1,207.65,383.9,30.91,1,5.02,18.72,13.8,16.26,14.04,75.44,0.13,72.91,3.81,184.71,4.87,184.79
2022,7,9,15,1.17,2.47,3.44,156.7,310,23.09,0.63,3.27,18.19,13.65,15.92,13.92,77.19,0.14,72.87,3.59,186.62,4.62,186.7
2022,7,9,16,0.8,1.74,2.61,103.92,217.2,14.95,0.3,1.52,17.45,13.5,15.48,13.73,80,0.11,72.84,3.23,187.91,4.18,188.05
2022,7,9,17,0.32,0.96,1.66,41.08,118.3,5.94,0.07,0.33,16.44,13.44,14.94,13.67,84.94,0.1,72.84,2.75,188.66,3.6,188.87
2022,7,9,18,0.14,0.28,0.66,18.15,32.6,2.62,0.01,0.05,15.3,13.56,14.43,13.79,92.06,0.07,72.88,2.06,187.39,2.79,187.4
2022,7,9,19,0,0,0,0,0,0,0,0,14.45,13.9,14.18,14.1,99.75,0.06,72.92,1.28,185.95,1.81,185.44
2022,7,9,20,0,0,0,0,0,0,0,0,14.17,13.9,14.04,14.1,100,0.07,72.98,0.95,179.53,1.45,177.23
2022,7,9,21,0,0,0,0,0,0,0,0,13.94,13.73,13.83,13.92,100,0.08,73.03,0.9,173.49,1.44,170.33
2022,7,9,22,0,0,0,0,0,0,0,0,13.64,13.46,13.55,13.67,100,0.1,73.05,0.91,169.56,1.48,166.55
2022,7,9,23,0,0,0,0,0,0,0,0,13.35,13.06,13.21,13.37,100,0.12,73.05,0.92,165.26,1.44,162.26
2022,7,10,0,0,0,0,0,0,0,0,0,13.02,12.61,12.81,13,100,0.11,73.03,0.67,159.68,0.96,155.1
2022,7,10,1,0,0,0,0,0,0,0,0,12.44,11.97,12.21,12.51,100,0.07,73,0.23,141.95,0.27,85.1
2022,7,10,2,0,0,0,0,0,0,0,0,11.87,11.15,11.51,11.84,99.12,0.04,72.96,0.2,4.57,0.69,4.55
2022,7,10,3,0,0,0,0,0,0,0,0,11.82,10.44,11.12,11.29,94.81,0.03,72.93,0.43,354.81,0.95,356.69
2022,7,10,4,0,0,0,0,0,0,0,0,12.1,9.92,11.01,10.86,89.69,0.02,72.92,0.47,7.59,0.86,6.23
2022,7,10,5,0.04,0.03,0.12,3.58,3.8,0.49,0,0,12.42,9.83,11.13,10.8,87.19,0.01,72.94,0.53,14.44,0.89,12.69
2022,7,10,6,0.45,0.52,1.01,53.5,61.75,6.81,0.03,0.17,14.13,10.89,12.51,11.72,84.81,0,72.97,0.47,51.04,0.67,42.18
2022,7,10,7,1.16,1.31,2.01,142.38,161.98,18.23,0.26,1.25,16.53,10.32,13.43,11.23,69.44,0,73,1.38,148.92,1.74,148.95
2022,7,10,8,1.96,2.1,2.92,244.48,262.88,32.9,0.73,3.62,17.63,10.74,14.19,11.54,66.69,0,73.03,2.53,166.78,3.19,166.71
2022,7,10,9,2.61,2.79,3.7,331.88,349.6,46.16,1.31,6.73,18.54,11.67,15.11,12.33,67.19,0,73.06,3.13,171.67,3.95,171.69
2022,7,10,10,3.09,3.32,4.28,397.15,416.38,56.64,1.88,9.7,19.17,12.64,15.9,13.12,68.88,0.01,73.07,3.5,173.98,4.43,173.93
2022,7,10,11,3.23,3.62,4.62,426.08,454.38,61.49,2.2,11.7,19.37,13.42,16.4,13.79,71.44,0.02,73.05,3.72,175.06,4.71,175.05
2022,7,10,12,2.26,3.77,4.71,311.83,471.5,47.33,1.77,9.33,19.44,13.86,16.65,14.16,72.94,0.04,73.01,3.79,174.79,4.82,174.88
2022,7,10,13,2.18,3.59,4.53,295.9,449.9,44.3,1.59,8.2,19.37,14.01,16.69,14.28,73.94,0.05,72.96,3.84,173.69,4.88,173.75
2022,7,10,14,1.84,3.19,4.1,246.17,399.9,36.59,1.21,6.08,19.09,14.06,16.58,14.34,75.38,0.06,72.91,3.8,173.74,4.85,173.8
2022,7,10,15,1.29,2.59,3.44,174.1,325.15,25.81,0.72,3.67,18.58,14,16.3,14.28,77.44,0.06,72.88,3.55,174.58,4.56,174.59
2022,7,10,16,0.9,1.84,2.61,119.1,230.75,17.64,0.37,1.83,17.94,13.87,15.9,14.16,79.94,0.05,72.86,3.22,174.98,4.15,175.14
2022,7,10,17,0.34,1.03,1.66,44.23,126.88,6.49,0.08,0.38,17.02,13.8,15.4,14.1,84.31,0.03,72.88,2.83,177.63,3.7,177.7
2022,7,10,18,0.12,0.29,0.66,16.17,33.7,2.35,0.01,0.05,15.58,14.01,14.8,14.28,93.75,0.05,72.92,2.13,184,2.85,183.93
2022,7,10,19,0,0,0,0,0,0,0,0,14.77,14.31,14.54,14.53,100,0.05,72.98,1.26,188.58,1.77,188.63
2022,7,10,20,0,0,0,0,0,0,0,0,14.6,14.38,14.49,14.59,100,0.07,73.03,0.9,187.5,1.4,187.68
2022,7,10,21,0,0,0,0,0,0,0,0,14.32,14.22,14.27,14.4,100,0.07,73.08,0.82,187.67,1.44,188.09
2022,7,10,22,0,0,0,0,0,0,0,0,14.01,13.99,14,14.16,100,0.07,73.09,0.73,189.26,1.35,190.01
2022,7,10,23,0,0,0,0,0,0,0,0,13.83,13.76,13.8,13.98,100,0.05,73.07,0.61,192.61,1.11,191.78
2022,7,11,0,0,0,0,0,0,0,0,0,13.7,13.57,13.64,13.79,100,0.03,73.03,0.44,200.67,0.85,196.09
2022,7,11,1,0,0,0,0,0,0,0,0,13.4,13.34,13.37,13.61,100,0.01,73,0.17,195.95,0.46,189.78
2022,7,11,2,0,0,0,0,0,0,0,0,12.96,13.05,13.01,13.37,100,0.01,72.98,0.07,102.53,0.16,129.09
2022,7,11,3,0,0,0,0,0,0,0,0,12.62,12.72,12.67,13.06,100,0,72.97,0.07,32.01,0.18,30.96
2022,7,11,4,0,0,0,0,0,0,0,0,12.26,12.26,12.26,12.7,100,0.01,72.97,0.14,9.46,0.35,11.56
2022,7,11,5,0.04,0.03,0.12,3.45,3.5,0.48,0,0,12.24,11.94,12.09,12.45,100,0.01,73,0.22,10.12,0.5,12.72
2022,7,11,6,0.43,0.47,1,51.17,55.8,6.65,0.03,0.17,14.12,12.37,13.24,12.94,93.44,0,73.04,0.14,42.71,0.23,38.05
2022,7,11,7,1.05,1.25,2,130.48,154.2,17.29,0.26,1.27,16.05,12.42,14.23,13,83.12,0.01,73.07,0.94,159,1.14,159.95
2022,7,11,8,1.74,2.05,2.92,220.55,257.67,30.27,0.71,3.62,17.47,12.52,15,13.06,76.19,0.01,73.1,2.2,169.57,2.75,169.84
2022,7,11,9,2.35,2.75,3.69,304.3,346.52,43.05,1.28,6.77,18.37,12.98,15.68,13.37,73.75,0.01,73.12,2.92,173.24,3.68,173.54
2022,7,11,10,2.73,3.3,4.27,354.7,415.8,51.83,1.79,9.1,18.78,13.62,16.2,13.85,74.62,0.03,73.12,3.21,175.95,4.06,176.13
2022,7,11,11,2.69,3.62,4.62,364.38,456.35,53.72,2.01,10.58,19.07,14.02,16.55,14.22,75.12,0.06,73.1,3.43,177.52,4.34,177.83
2022,7,11,12,2.33,3.65,4.71,321.23,459.85,47.37,1.79,9.55,19.22,14.26,16.73,14.47,75.5,0.09,73.05,3.64,178.65,4.63,178.94
2022,7,11,13,1.96,3.49,4.53,269.52,439.77,40.13,1.47,7.5,19.05,14.31,16.68,14.53,76.62,0.14,73,3.74,178.92,4.81,179.16
2022,7,11,14,1.46,3.09,4.1,202.05,389.5,30.33,1.01,5.08,18.41,14.37,16.39,14.53,79.81,0.18,72.96,3.68,179.27,4.77,179.44
2022,7,11,15,1.05,2.5,3.44,147.02,315.02,22.2,0.63,3.3,17.64,14.54,16.09,14.71,84.56,0.2,72.93,3.3,180.27,4.29,180.52
2022,7,11,16,0.77,1.77,2.61,104.48,221.88,15.59,0.34,1.7,17.22,14.63,15.93,14.77,87.31,0.2,72.92,3.02,181.19,3.94,181.36
2022,7,11,17,0.34,0.96,1.66,41.95,117.88,5.66,0.07,0.33,16.42,14.8,15.61,14.89,92.75,0.2,72.94,2.7,181.66,3.56,181.88
2022,7,11,18,0.13,0.27,0.65,16.35,31.48,2.3,0.01,0.05,15.72,14.95,15.33,15.01,97.81,0.14,72.98,2.23,182.61,3.03,182.66
2022,7,11,19,0,0,0,0,0,0,0,0,15.37,15.08,15.23,15.14,100,0.14,73.04,1.64,183.01,2.35,183.05
2022,7,11,20,0,0,0,0,0,0,0,0,15.28,15.14,15.21,15.2,100,0.13,73.1,1.62,184.14,2.4,184.1
2022,7,11,21,0,0,0,0,0,0,0,0,15.14,15.08,15.11,15.14,100,0.14,73.15,1.69,185.03,2.55,184.92
2022,7,11,22,0,0,0,0,0,0,0,0,14.62,14.53,14.57,14.71,100,0.15,73.17,1.68,186.69,2.57,186.28
2022,7,11,23,0,0,0,0,0,0,0,0,14.17,14.11,14.14,14.4,100,0.15,73.16,1.35,192.75,2.18,191.55
2022,7,12,0,0,0,0,0,0,0,0,0,13.91,13.8,13.86,14.16,100,0.13,73.14,1.15,195.73,1.84,194.27
2022,7,12,1,0,0,0,0,0,0,0,0,13.79,13.49,13.64,13.92,100,0.11,73.1,0.9,187,1.36,185.61
2022,7,12,2,0,0,0,0,0,0,0,0,13.51,13.17,13.34,13.67,100,0.09,73.05,0.39,154.98,0.62,154.41
2022,7,12,3,0,0,0,0,0,0,0,0,13.17,12.87,13.02,13.37,100,0.06,73.02,0.16,69.78,0.27,69.44
2022,7,12,4,0,0,0,0,0,0,0,0,12.94,12.53,12.73,13.06,100,0.04,73,0.33,358.64,0.63,1.43
2022,7,12,5,0.04,0.03,0.12,3.15,3.55,0.45,0,0,13.05,12.09,12.58,12.7,98.5,0.03,73.02,0.57,353.66,1,355.05
2022,7,12,6,0.36,0.5,1,42.4,60.45,5.48,0.03,0.15,15.12,12.53,13.83,13.12,89.12,0.02,73.05,0.39,341.2,0.57,345.77
2022,7,12,7,0.99,1.3,2,125.58,164.38,17.22,0.26,1.27,17.12,12.14,14.63,12.63,75.56,0.02,73.08,0.99,179.1,1.21,179.63
2022,7,12,8,1.77,2.1,2.91,227,267.1,31.62,0.73,3.75,18.33,12.64,15.48,13,71.94,0.02,73.09,2.23,179.6,2.8,179.68
2022,7,12,9,2.48,2.79,3.69,321.48,354.48,45.84,1.36,7.17,19.21,13.22,16.21,13.55,70.81,0.05,73.1,3.02,178.37,3.82,178.48
2022,7,12,10,2.73,3.31,4.27,358.12,419.62,52.16,1.8,9.23,19.54,13.89,16.72,14.16,72.56,0.07,73.09,3.53,179.24,4.49,179.4
2022,7,12,11,2.7,3.63,4.62,362.48,459.02,54.01,2.01,10.65,19.49,14.4,16.94,14.65,75.12,0.11,73.06,3.78,180.71,4.82,180.84
2022,7,12,12,2.57,3.69,4.7,351.25,466.33,52.18,1.97,10.55,19.38,14.63,17.01,14.83,76.62,0.13,73.01,3.92,181.26,4.99,181.43
2022,7,12,13,1.98,3.5,4.53,269.52,442.48,40.62,1.48,7.73,19.26,14.69,16.98,14.89,77.44,0.13,72.94,3.92,181.71,5.03,181.87
2022,7,12,14,1.7,3.1,4.1,233.02,391.62,34.68,1.16,5.8,19.08,14.76,16.92,14.95,78.62,0.12,72.89,3.85,181.63,4.94,181.81
2022,7,12,15,1.16,2.5,3.44,158.7,315.6,23.66,0.66,3.48,18.7,14.69,16.69,14.89,80,0.1,72.86,3.72,180.96,4.81,181.21
2022,7,12,16,0.83,1.75,2.61,111.12,219.55,15.94,0.34,1.65,18.07,14.52,16.3,14.71,82.25,0.08,72.84,3.45,180.26,4.5,180.5
2022,7,12,17,0.43,0.95,1.65,56.48,117.05,8.11,0.09,0.48,17.03,14.43,15.73,14.59,87.19,0.06,72.85,2.94,178.48,3.89,178.62
2022,7,12,18,0.14,0.26,0.65,17.88,29.9,2.55,0.01,0.05,15.98,14.51,15.24,14.65,93.62,0.08,72.89,2.25,178.61,3.05,178.82
2022,7,12,19,0,0,0,0,0,0,0,0,15.3,14.75,15.02,14.89,99.44,0.07,72.94,1.52,182.36,2.13,182.32
2022,7,12,20,0,0,0,0,0,0,0,0,15.09,14.81,14.95,14.89,100,0.05,73,1.21,183.34,1.77,183.54
2022,7,12,21,0,0,0,0,0,0,0,0,14.63,14.32,14.48,14.47,100,0.05,73.05,1.13,183.55,1.76,183.56
2022,7,12,22,0,0,0,0,0,0,0,0,14.3,13.78,14.04,13.98,99.88,0.04,73.06,0.99,182.27,1.44,181.87
2022,7,12,23,0,0,0,0,0,0,0,0,13.84,13.17,13.51,13.49,99.31,0.04,73.04,0.59,179.25,0.81,176.67
2022,7,13,0,0,0,0,0,0,0,0,0,13.3,12.65,12.98,13.12,99.81,0.03,72.99,0.32,182.79,0.32,164.62
2022,7,13,1,0,0,0,0,0,0,0,0,12.9,12.11,12.51,12.7,99.25,0.02,72.94,0.23,187.85,0.21,156.25
2022,7,13,2,0,0,0,0,0,0,0,0,12.63,11.84,12.24,12.57,100,0.01,72.9,0.14,225,0.05,149.04
2022,7,13,3,0,0,0,0,0,0,0,0,12.29,11.43,11.86,12.39,100,0.01,72.86,0.24,326.82,0.38,357.61
2022,7,13,4,0,0,0,0,0,0,0,0,11.91,10.87,11.4,12.02,100,0,72.84,0.63,355.76,0.99,4.99
2022,7,13,5,0.04,0.03,0.11,3.42,3.83,0.48,0,0,11.76,10.48,11.12,11.66,98.38,0,72.85,0.82,4.36,1.32,8.85
2022,7,13,6,0.36,0.56,0.99,44.58,70.02,6.12,0.03,0.17,12.48,10.9,11.69,12.02,96.81,0,72.88,0.93,7.24,1.38,9.09
2022,7,13,7,0.91,1.37,1.99,116.27,174.9,16.45,0.27,1.3,13.81,10.58,12.19,11.6,85.44,0,72.9,0.92,17.21,1.27,17.54
2022,7,13,8,1.54,2.15,2.91,199.15,275.27,28.66,0.7,3.62,15.44,10.83,13.13,11.66,77.38,0,72.93,0.56,109.71,0.67,109.7
2022,7,13,9,2.4,2.83,3.69,314.48,360.38,45.05,1.41,7.6,16.91,11.75,14.33,12.33,74.25,0.01,72.95,1.81,164.7,2.24,164.85
2022,7,13,10,2.73,3.34,4.27,359.75,423.92,52.72,1.89,9.48,18.11,12.64,15.37,13,72.81,0.02,72.96,2.95,172.86,3.74,172.8
2022,7,13,11,2.7,3.64,4.62,368.52,461.55,54.68,2.11,11.12,18.69,13.33,16.01,13.61,73.38,0.08,72.94,3.56,173.58,4.54,173.67
2022,7,13,12,2.48,3.63,4.7,339.3,458.2,49.96,1.94,10.45,18.8,13.7,16.26,13.98,74.75,0.16,72.9,3.76,173.92,4.82,174.04
2022,7,13,13,2.33,3.47,4.53,313.38,437.62,46.39,1.74,8.98,18.77,13.96,16.37,14.22,76.19,0.2,72.86,3.81,174.59,4.89,174.77
2022,7,13,14,1.75,3.07,4.1,235.73,387.17,34.7,1.2,6.05,18.63,14.06,16.34,14.28,77.31,0.21,72.82,3.77,174.76,4.84,174.91
2022,7,13,15,1.32,2.47,3.44,177.1,310.3,25.66,0.76,3.98,18.19,14.04,16.11,14.28,79.38,0.19,72.79,3.52,176.05,4.53,176.24
2022,7,13,16,0.83,1.74,2.61,107.98,217.8,15.28,0.34,1.67,17.52,13.87,15.69,14.16,81.81,0.17,72.77,3.01,177.17,3.9,177.24
2022,7,13,17,0.48,0.96,1.65,60.67,117.73,8.3,0.11,0.52,16.69,13.67,15.18,13.98,85.12,0.14,72.78,2.51,177.5,3.29,177.69
2022,7,13,18,0.15,0.27,0.65,19.35,31.58,2.56,0.01,0.05,15.58,13.87,14.73,14.16,92.69,0.33,72.82,1.75,182.3,2.38,182.26
2022,7,13,19,0,0,0,0,0,0,0,0,14.81,14.27,14.55,14.53,100,0.31,72.88,0.98,185.48,1.47,185.19
2022,7,13,20,0,0,0,0,0,0,0,0,14.6,14.13,14.37,14.4,100,0.21,72.94,0.84,182.12,1.27,181.41
2022,7,13,21,0,0,0,0,0,0,0,0,14.31,13.93,14.12,14.22,100,0.12,72.98,0.82,180.55,1.25,179.64
2022,7,13,22,0,0,0,0,0,0,0,0,14.09,13.71,13.9,14.1,100,0.1,73.01,0.8,175.52,1.21,174.07
2022,7,13,23,0,0,0,0,0,0,0,0,13.98,13.62,13.8,14.04,100,0.06,73,0.75,178.81,1.17,177.69
2022,7,14,0,0,0,0,0,0,0,0,0,13.86,13.58,13.72,13.98,100,0.06,72.97,0.79,181.13,1.25,180
2022,7,14,1,0,0,0,0,0,0,0,0,13.74,13.56,13.65,13.98,100,0.03,72.94,0.88,181.01,1.43,179.69
2022,7,14,2,0,0,0,0,0,0,0,0,13.71,13.62,13.66,14.04,100,0.02,72.91,0.9,181.99,1.52,181.18
2022,7,14,3,0,0,0,0,0,0,0,0,13.69,13.77,13.73,14.16,100,0.01,72.89,0.86,175.84,1.57,174.86
2022,7,14,4,0,0,0,0,0,0,0,0,13.53,13.73,13.63,14.1,100,0.01,72.89,0.91,167.63,1.72,166.6
2022,7,14,5,0.04,0.03,0.11,3.45,3.58,0.48,0,0,13.37,13.16,13.27,13.67,100,0.01,72.94,0.86,154.83,1.39,153.58
2022,7,14,6,0.54,0.54,0.98,64.08,65.9,7.48,0.04,0.2,14.07,13.02,13.55,13.61,98.69,0.01,72.99,0.88,117.02,1.19,116.4
2022,7,14,7,1.29,1.34,1.98,160.3,168.3,20.21,0.29,1.42,15.44,12.51,13.98,13.12,87.19,0.02,73.02,1.17,109.89,1.48,110.73
2022,7,14,8,2.11,2.14,2.91,265.4,269.95,35.92,0.82,4.08,17.16,11.89,14.52,12.57,74.62,0.02,73.05,1.85,140.81,2.31,141.19
2022,7,14,9,2.59,2.83,3.69,332.67,356.98,47.25,1.41,7.35,18.48,11.82,15.15,12.45,68.19,0.03,73.08,2.64,157.38,3.32,157.42
2022,7,14,10,2.06,3.36,4.27,270.75,422.77,40.63,1.43,7.33,19.25,12.19,15.72,12.7,66.38,0.02,73.07,3.22,165.22,4.06,165.19
2022,7,14,11,2.44,3.68,4.62,333.02,462.15,50.04,1.91,10.02,19.73,12.67,16.2,13.12,66.38,0.03,73.03,3.6,169.74,4.55,169.71
2022,7,14,12,2.42,3.73,4.7,330.7,467,49.15,1.9,10.15,19.76,13.11,16.43,13.49,68.19,0.06,72.98,3.78,172.41,4.81,172.44
2022,7,14,13,2.22,3.57,4.53,302.4,447.35,45.27,1.68,8.65,19.48,13.48,16.48,13.85,71.06,0.16,72.92,3.81,172.82,4.86,172.89
2022,7,14,14,1.83,3.18,4.1,246.1,399.25,36.71,1.26,6.25,18.79,13.58,16.19,13.92,74.62,0.27,72.89,3.66,170.9,4.68,170.98
2022,7,14,15,1.4,2.59,3.44,186,325.52,27.48,0.79,4.12,18.01,13.48,15.75,13.79,77.75,0.32,72.88,3.48,168.61,4.49,168.65
2022,7,14,16,1.02,1.85,2.61,131.85,232.27,18.88,0.41,2.02,17.28,13.32,15.3,13.67,80.56,0.32,72.9,3.23,166.7,4.19,166.85
2022,7,14,17,0.58,1.03,1.65,72.88,127.9,9.97,0.12,0.6,16.45,13.2,14.83,13.61,84.38,0.31,72.93,2.74,166.83,3.62,166.89
2022,7,14,18,0.14,0.29,0.64,18.45,34.67,2.6,0.01,0.05,15.32,13.45,14.38,13.85,92.44,0.03,72.98,1.75,171.51,2.35,171.6
2022,7,14,19,0,0,0,0,0,0,0,0,14.66,13.69,14.18,14.04,97.75,0.03,73.04,0.84,181.06,1.18,180.38
2022,7,14,20,0,0,0,0,0,0,0,0,14.55,13.52,14.04,13.85,97.31,0.04,73.1,0.53,174.96,0.79,173.72
2022,7,14,21,0,0,0,0,0,0,0,0,14.05,13.23,13.64,13.61,98.81,0.05,73.14,0.41,169.11,0.6,166.5
2022,7,14,22,0,0,0,0,0,0,0,0,13.51,12.72,13.12,13.18,99.5,0.07,73.18,0.56,151.65,0.81,147.23
2022,7,14,23,0,0,0,0,0,0,0,0,12.94,12.26,12.6,12.82,100,0.08,73.2,0.7,139.05,1.03,130.08
2022,7,15,0,0,0,0,0,0,0,0,0,12.42,11.66,12.04,12.33,100,0.06,73.21,0.58,125.18,0.88,107.47
2022,7,15,1,0,0,0,0,0,0,0,0,11.99,10.98,11.48,11.78,98,0.02,73.19,0.39,72.65,0.86,51.26
2022,7,15,2,0,0,0,0,0,0,0,0,11.85,10.36,11.11,11.23,94.56,0.01,73.16,0.64,39.54,1.29,35.9
2022,7,15,3,0,0,0,0,0,0,0,0,12.01,9.68,10.84,10.8,89.75,0.01,73.12,0.76,33.2,1.39,31.46
2022,7,15,4,0,0,0,0,0,0,0,0,12.26,8.93,10.6,10.31,84.12,0,73.09,0.81,25.82,1.35,24.94
2022,7,15,5,0.04,0.03,0.11,3.1,3.45,0.44,0,0,12.82,8.69,10.76,10.13,79.94,0,73.08,0.75,17.68,1.21,16.91
2022,7,15,6,0.5,0.53,0.98,60.73,66.73,7.09,0.03,0.17,14.22,10.15,12.19,11.35,81.62,0,73.11,0.54,21.34,0.88,17.63
2022,7,15,7,1.2,1.32,1.98,152.52,170.38,19.34,0.27,1.33,16.07,9.32,12.69,10.56,67.38,0,73.16,0.51,130.03,0.63,129.44
2022,7,15,8,2.05,2.09,2.9,265.1,271.3,35.27,0.78,3.88,16.79,9.9,13.34,10.93,66.69,0,73.2,1.52,165.39,1.94,165.57
2022,7,15,9,2.73,2.75,3.68,358.65,357.25,49.42,1.41,7.17,17.02,10.56,13.8,11.41,68.81,0,73.23,2.03,169.38,2.57,169.31
2022,7,15,10,3.09,3.33,4.27,402.25,424.35,57.91,2,10.3,17.36,11.3,14.33,12.02,71,0,73.24,2.37,167.84,2.99,167.78
2022,7,15,11,2.96,3.71,4.61,390.62,465.05,58.79,2.23,11.85,17.71,11.98,14.84,12.63,72.75,0,73.21,2.56,166.77,3.23,166.7
2022,7,15,12,2.15,3.77,4.7,299.33,471.9,45.98,1.8,9.58,17.9,12.5,15.2,13.06,74.19,0,73.18,2.62,164.76,3.29,164.88
2022,7,15,13,2.01,3.61,4.53,271.4,452.33,41.92,1.59,8.1,17.87,12.81,15.33,13.31,75.81,0,73.14,2.64,164.73,3.33,164.92
2022,7,15,14,1.98,3.22,4.1,261.48,404.6,39.53,1.38,6.83,17.6,12.94,15.27,13.43,77.81,0,73.1,2.56,165.33,3.24,165.5
2022,7,15,15,1.68,2.63,3.44,219.33,331.65,32.27,0.94,4.9,17.24,13.01,15.12,13.49,79.88,0,73.08,2.4,165.69,3.05,165.79
2022,7,15,16,1.32,1.89,2.61,167.9,238.52,23.6,0.5,2.48,16.76,13.03,14.9,13.55,82.5,0,73.06,2.18,165.66,2.79,165.73
2022,7,15,17,0.81,1.06,1.65,100.45,133.12,12.72,0.15,0.7,16.13,13.19,14.66,13.67,86.94,0,73.07,1.87,166.49,2.43,166.41
2022,7,15,18,0.24,0.3,0.64,29.33,35.23,3.59,0.01,0.05,15.19,13.61,14.4,14.1,95.06,0.01,73.1,1.16,170.67,1.57,170.86
2022,7,15,19,0,0,0,0,0,0,0,0,14.4,13.8,14.1,14.22,100,0.01,73.14,0.33,178.64,0.56,176.82
2022,7,15,20,0,0,0,0,0,0,0,0,14.2,13.69,13.94,14.1,100,0.01,73.19,0.15,122.01,0.29,130.6
2022,7,15,21,0,0,0,0,0,0,0,0,13.94,13.33,13.64,13.85,100,0.01,73.23,0.22,90,0.38,98.3
2022,7,15,22,0,0,0,0,0,0,0,0,13.58,12.94,13.26,13.55,100,0.01,73.24,0.26,78.02,0.44,82.87
2022,7,15,23,0,0,0,0,0,0,0,0,13.37,12.6,12.99,13.24,100,0.01,73.21,0.31,59.53,0.5,62.24
2022,7,16,0,0,0,0,0,0,0,0,0,13.19,12.23,12.71,12.94,99.69,0,73.17,0.43,44.26,0.68,44.53
2022,7,16,1,0,0,0,0,0,0,0,0,13.05,11.79,12.42,12.57,97.81,0,73.14,0.54,31.39,0.88,32.28
2022,7,16,2,0,0,0,0,0,0,0,0,12.96,11.25,12.1,12.15,95.06,0,73.11,0.63,28.78,1.04,29.85
2022,7,16,3,0,0,0,0,0,0,0,0,12.97,10.72,11.84,11.72,91.69,0,73.09,0.66,21.67,1.05,21.8
2022,7,16,4,0,0,0,0,0,0,0,0,13.01,10.12,11.57,11.29,88,0,73.07,0.69,15.77,1.08,16.34
2022,7,16,5,0.04,0.03,0.1,2.95,3.35,0.41,0,0,13.15,9.68,11.41,10.99,84.69,0,73.07,0.69,20.48,1.07,20.56
2022,7,16,6,0.44,0.55,0.97,52.55,67.33,6.69,0.03,0.17,14.76,10.66,12.71,11.9,82.5,0,73.09,0.59,42.32,0.84,40.08
2022,7,16,7,1.12,1.35,1.97,139.05,170.35,17.88,0.26,1.27,16.8,10.62,13.71,11.78,71.69,0,73.14,1.29,144.58,1.61,144.69
2022,7,16,8,2.05,2.15,2.9,258.58,271.33,35.13,0.8,3.95,17.77,11.33,14.55,12.27,70.38,0,73.18,2.31,168.5,2.89,168.48
2022,7,16,9,2.7,2.84,3.68,344.75,357.95,48.85,1.45,7.48,18.51,12.12,15.32,12.88,70.44,0,73.22,2.87,171.54,3.61,171.41
2022,7,16,10,2.61,3.37,4.26,332.12,423.05,49.5,1.73,8.95,18.95,12.92,15.94,13.49,71.75,0.01,73.23,3.22,172.18,4.06,172.15
2022,7,16,11,2.85,3.68,4.61,378.5,461.48,56.66,2.15,11.3,19.18,13.52,16.35,13.92,73.19,0.04,73.2,3.32,172.71,4.2,172.84
2022,7,16,12,2.3,3.71,4.7,305.45,464.7,46.67,1.8,9.62,19.26,13.82,16.54,14.16,73.94,0.07,73.15,3.33,173.26,4.2,173.38
2022,7,16,13,2.36,3.54,4.53,313.67,444.3,46.67,1.72,8.92,19.18,13.91,16.55,14.22,74.56,0.1,73.11,3.28,174.13,4.15,174.28
2022,7,16,14,1.94,3.14,4.09,255.65,395.02,37.95,1.28,6.48,18.9,13.95,16.43,14.22,75.94,0.13,73.07,3.2,174.12,4.07,174.27
2022,7,16,15,1.47,2.54,3.44,192.38,320.05,28,0.8,4.15,18.4,13.9,16.15,14.16,78,0.12,73.05,3.04,173.95,3.88,174.11
2022,7,16,16,1.03,1.8,2.6,132.77,225.55,19,0.41,2.02,17.73,13.79,15.76,14.1,80.81,0.11,73.05,2.77,174,3.55,174.06
2022,7,16,17,0.54,0.98,1.64,67.62,120.6,9.12,0.11,0.55,16.8,13.78,15.3,14.1,85.75,0.09,73.06,2.31,175.93,3,176.12
2022,7,16,18,0.17,0.27,0.63,20.8,31.62,2.8,0.01,0.05,15.59,14.01,14.8,14.34,94.25,0.04,73.11,1.56,181.43,2.06,181.52
2022,7,16,19,0,0,0,0,0,0,0,0,14.86,14.42,14.64,14.71,100,0.04,73.17,0.7,192.95,1.02,195.1
2022,7,16,20,0,0,0,0,0,0,0,0,14.69,14.26,14.48,14.53,100,0.04,73.25,0.47,212.11,0.71,214.22
2022,7,16,21,0,0,0,0,0,0,0,0,14.35,13.99,14.17,14.28,100,0.05,73.31,0.3,231.34,0.53,226.81
2022,7,16,22,0,0,0,0,0,0,0,0,13.97,13.66,13.82,13.98,100,0.06,73.34,0.22,247.07,0.4,233.81
2022,7,16,23,0,0,0,0,0,0,0,0,13.73,13.41,13.57,13.79,100,0.06,73.33,0.21,245.38,0.4,231.34
2022,7,17,0,0,0,0,0,0,0,0,0,13.61,13.23,13.41,13.61,100,0.06,73.31,0.19,231.71,0.4,217.78
2022,7,17,1,0,0,0,0,0,0,0,0,13.51,13.07,13.29,13.49,100,0.04,73.29,0.14,220.6,0.36,209.9
2022,7,17,2,0,0,0,0,0,0,0,0,13.37,12.93,13.15,13.37,100,0.03,73.26,0.11,162.9,0.23,178.09
2022,7,17,3,0,0,0,0,0,0,0,0,13.21,12.77,12.99,13.24,100,0.02,73.25,0.09,100.3,0.13,107.35
2022,7,17,4,0,0,0,0,0,0,0,0,12.9,12.38,12.64,12.94,100,0.01,73.23,0.35,31.18,0.6,33.27
2022,7,17,5,0.03,0.03,0.1,2.67,3.02,0.38,0,0,12.56,11.65,12.11,12.39,99.56,0,73.22,0.74,17.86,1.31,19.19
2022,7,17,6,0.37,0.5,0.96,43.92,60.67,5.62,0.03,0.15,14.75,12.16,13.46,12.94,90.12,0,73.22,0.99,19.87,1.42,20.22
2022,7,17,7,1.17,1.3,1.97,144.42,162.73,18.38,0.27,1.3,17.75,11.45,14.6,12.21,70.38,0,73.24,0.7,103.57,0.86,102.64
2022,7,17,8,1.98,2.1,2.89,249.98,265.33,33.77,0.77,3.85,19.19,11.69,15.44,12.33,64.75,0,73.26,2.03,165.27,2.51,165.23
2022,7,17,9,2.63,2.79,3.68,336.67,352.17,47.27,1.4,7.23,19.87,12.4,16.14,12.94,65.06,0,73.28,2.95,173.76,3.72,173.85
2022,7,17,10,2.92,3.31,4.26,376.27,417.83,54.48,1.88,9.7,20.14,13.23,16.69,13.61,67.38,0,73.29,3.46,175.86,4.39,176.02
2022,7,17,11,3.13,3.62,4.61,412.7,456.17,60.45,2.27,12.05,20.08,13.94,17.01,14.22,70.56,0.02,73.28,3.58,176.74,4.53,176.94
2022,7,17,12,2.79,3.62,4.7,372.7,453.5,53.93,2.04,11.02,19.91,14.37,17.14,14.59,73.06,0.04,73.24,3.55,176.72,4.51,177.02
2022,7,17,13,2.19,3.45,4.52,288.58,431.1,42.59,1.55,8.1,19.73,14.56,17.14,14.71,74.62,0.04,73.17,3.59,176.38,4.55,176.66
2022,7,17,14,1.89,3.04,4.09,247.52,378.45,35.66,1.2,6,19.37,14.6,16.99,14.77,76.44,0.04,73.12,3.55,177.23,4.54,177.43
2022,7,17,15,1.34,2.41,3.44,176.1,298.92,25.23,0.72,3.75,18.88,14.55,16.72,14.71,78.44,0.04,73.09,3.5,179.23,4.5,179.4
2022,7,17,16,0.86,1.67,2.6,110,204.9,15.55,0.34,1.65,18.1,14.4,16.25,14.53,81.5,0.03,73.09,3.28,180.82,4.26,181.05
2022,7,17,17,0.44,0.89,1.64,55.58,106.58,7.67,0.09,0.45,17.1,14.29,15.69,14.4,86,0.02,73.1,2.88,181.4,3.78,181.66
2022,7,17,18,0.13,0.23,0.63,15.75,25.88,2.2,0.01,0.02,15.83,14.35,15.09,14.47,93.62,0.24,73.14,2.21,182.64,2.96,182.72
2022,7,17,19,0,0,0,0,0,0,0,0,15,14.55,14.77,14.65,100,0.22,73.2,1.44,184.97,2.02,185.11
2022,7,17,20,0,0,0,0,0,0,0,0,14.76,14.57,14.66,14.71,100,0.19,73.26,1.02,183.06,1.56,182.88
2022,7,17,21,0,0,0,0,0,0,0,0,14.33,14.28,14.3,14.4,100,0.16,73.3,0.84,182.14,1.45,181.23
2022,7,17,22,0,0,0,0,0,0,0,0,13.93,13.96,13.94,14.1,100,0.14,73.3,0.73,183.08,1.35,182.66
2022,7,17,23,0,0,0,0,0,0,0,0,13.64,13.69,13.66,13.85,100,0.1,73.26,0.63,184.24,1.18,184.95
2022,7,18,0,0,0,0,0,0,0,0,0,13.4,13.43,13.42,13.67,100,0.07,73.2,0.56,182.42,1.04,183.87
2022,7,18,1,0,0,0,0,0,0,0,0,13.21,13.19,13.19,13.43,100,0.05,73.13,0.45,177.04,0.84,180
2022,7,18,2,0,0,0,0,0,0,0,0,13.12,12.95,13.04,13.24,100,0.05,73.08,0.33,169.22,0.59,175.43
2022,7,18,3,0,0,0,0,0,0,0,0,12.94,12.73,12.83,13.06,100,0.06,73.05,0.19,158.63,0.32,164.62
2022,7,18,4,0,0,0,0,0,0,0,0,12.73,12.48,12.6,12.88,100,0.08,73.03,0.09,74.74,0.14,77.47
2022,7,18,5,0.03,0.03,0.1,2.35,2.8,0.34,0,0,12.53,12.19,12.36,12.7,100,0.06,73.04,0.28,19.44,0.49,23.68
2022,7,18,6,0.21,0.47,0.95,25.52,57.27,3.62,0.02,0.1,14.12,12.51,13.31,12.94,93.56,0.03,73.07,0.56,42.75,0.71,42.78
2022,7,18,7,0.68,1.25,1.96,87.77,157.8,12.76,0.2,0.98,16.37,12.78,14.58,13.12,82.06,0.02,73.1,1.21,162.38,1.47,162.72
2022,7,18,8,1.13,2.04,2.89,150.02,259.1,22.22,0.54,2.75,17.86,13.05,15.45,13.31,75.88,0.02,73.12,2.37,175.64,2.95,175.9
2022,7,18,9,1.64,2.71,3.67,220.12,344.92,32.72,1.01,5.38,18.76,13.4,16.08,13.61,73.19,0.08,73.15,3.08,179.27,3.89,179.42
2022,7,18,10,1.98,3.23,4.26,266.52,410.05,39.85,1.4,6.95,19.16,13.9,16.53,14.04,73.69,0.29,73.16,3.55,182.02,4.52,182.08
2022,7,18,11,1.77,3.53,4.61,244.25,448.4,37.34,1.41,7.27,19.18,14.23,16.71,14.34,75.19,0.54,73.15,3.78,183.91,4.83,184.08
2022,7,18,12,1.71,3.5,4.7,242.5,440.15,36.12,1.37,7.25,19.14,14.53,16.83,14.59,76.62,0.76,73.1,3.9,185.4,4.99,185.66
2022,7,18,13,1.55,3.33,4.52,216.7,419.5,32.36,1.17,6,19.03,14.64,16.83,14.71,77.69,0.99,73.04,3.97,186.9,5.1,187.13
2022,7,18,14,1.19,2.94,4.09,167.15,369.27,25.12,0.85,4.23,18.65,14.69,16.67,14.77,79.81,1.17,72.97,3.92,189.07,5.06,189.24
2022,7,18,15,0.95,2.36,3.44,130.9,294.4,19.63,0.57,2.98,17.98,14.64,16.31,14.71,83,1.22,72.92,3.69,192.59,4.8,192.7
2022,7,18,16,0.68,1.63,2.6,91.42,201.48,13.66,0.3,1.48,17.15,14.53,15.84,14.65,86.94,1.17,72.9,3.36,196.2,4.41,196.38
2022,7,18,17,0.31,0.89,1.64,38.62,107.42,5.48,0.07,0.33,16.39,14.49,15.44,14.65,91.12,1.17,72.9,2.95,198.05,3.91,198.04
2022,7,18,18,0.1,0.23,0.62,12.48,26.75,1.82,0.01,0.02,15.42,14.44,14.94,14.59,96.75,0.29,72.93,2.37,198.61,3.22,198.7
2022,7,18,19,0,0,0,0,0,0,0,0,14.88,14.53,14.7,14.71,100,0.3,72.97,1.75,197.63,2.48,197.63
2022,7,18,20,0,0,0,0,0,0,0,0,14.79,14.59,14.69,14.77,100,0.29,73,1.54,198.07,2.24,198.06
2022,7,18,21,0,0,0,0,0,0,0,0,14.52,14.35,14.44,14.59,100,0.27,73.03,1.42,195.03,2.16,194.89
2022,7,18,22,0,0,0,0,0,0,0,0,13.93,13.78,13.86,14.16,100,0.32,73.04,1.21,196.91,1.94,196.39
2022,7,18,23,0,0,0,0,0,0,0,0,13.02,12.75,12.88,13.49,100,0.41,73.03,0.76,212.38,1.2,208.91
2022,7,19,0,0,0,0,0,0,0,0,0,12.79,12.37,12.58,13.24,100,0.56,72.99,0.44,248.01,0.68,239.04
2022,7,19,1,0,0,0,0,0,0,0,0,12.66,12.05,12.35,13.06,100,0.74,72.95,0.43,309.81,0.53,298.81
2022,7,19,2,0,0,0,0,0,0,0,0,12.86,11.92,12.39,12.94,100,0.85,72.9,0.38,341.94,0.47,337.67
2022,7,19,3,0,0,0,0,0,0,0,0,13.02,12.19,12.61,13.06,100,0.77,72.86,0.13,312.51,0.19,294.44
2022,7,19,4,0,0,0,0,0,0,0,0,13.06,12.4,12.73,13.12,100,0.55,72.84,0.12,251.57,0.23,252.18
2022,7,19,5,0.03,0.02,0.09,2.38,2.55,0.35,0,0,13.19,12.39,12.79,13.12,100,0.33,72.86,0.16,264.56,0.3,257.8
2022,7,19,6,0.2,0.43,0.95,24.92,51.88,3.7,0.02,0.1,13.97,12.55,13.26,13.24,96.44,0.32,72.9,0.38,268.81,0.5,266.42
2022,7,19,7,0.78,1.21,1.96,99.67,150.83,14.28,0.22,1.08,15.41,12.71,14.06,13.31,88.12,0.19,72.93,0.88,207.92,1.09,207.85
2022,7,19,8,1.36,2,2.88,176.23,253.45,25.5,0.61,3.1,16.54,13.03,14.79,13.55,83.69,0.14,72.96,1.56,192.72,1.92,192.68
2022,7,19,9,2.02,2.7,3.67,265.15,342.55,38.39,1.17,6.23,17.55,13.23,15.39,13.73,79.56,0.13,72.98,1.99,188.35,2.46,188.03
2022,7,19,10,2.38,3.2,4.26,311.6,405.25,45.66,1.59,7.98,18.33,13.49,15.91,13.98,77.06,0.12,72.97,2.45,189.16,3.06,189.1
2022,7,19,11,2.44,3.53,4.61,326.15,445.85,48.4,1.81,9.52,18.62,13.75,16.19,14.16,76.62,0.13,72.94,2.8,191.91,3.54,191.71
2022,7,19,12,2.06,3.66,4.7,286.62,464.83,44.15,1.7,9.02,18.57,13.95,16.26,14.28,77.62,0.13,72.9,2.98,193.78,3.79,193.58
2022,7,19,13,1.79,3.48,4.52,246.73,441.75,37.93,1.41,7.17,18.19,14.07,16.13,14.4,79.94,0.12,72.84,3.01,195.05,3.85,194.94
2022,7,19,14,0.86,3.07,4.09,125.33,390.3,20.01,0.69,3.42,17.4,14.21,15.8,14.47,84.5,0.12,72.8,2.82,196.88,3.62,196.79
2022,7,19,15,0.54,2.48,3.43,78.73,313.9,12.64,0.37,1.95,16.51,14.29,15.4,14.53,89.75,0.1,72.77,2.48,200.89,3.17,200.94
2022,7,19,16,0.32,1.74,2.6,45,219.83,7.23,0.16,0.8,15.89,14.21,15.05,14.47,92.88,0.11,72.76,2.02,205.67,2.58,205.71
2022,7,19,17,0.17,0.95,1.63,22,118.05,3.53,0.04,0.23,15.29,13.93,14.61,14.28,95.31,0.1,72.77,1.39,213.33,1.76,213.19
2022,7,19,18,0.1,0.24,0.62,13.25,28.58,1.95,0.01,0.02,14.68,13.62,14.15,14.1,97.88,0.17,72.8,0.78,232.78,1.01,230.99
2022,7,19,19,0,0,0,0,0,0,0,0,13.66,12.94,13.3,13.67,100,0.23,72.84,0.5,315.63,0.63,309.99
2022,7,19,20,0,0,0,0,0,0,0,0,13.15,12.15,12.65,13.06,100,0.24,72.89,0.91,349.56,1.26,349.32
2022,7,19,21,0,0,0,0,0,0,0,0,13.03,11.67,12.35,12.63,97.81,0.19,72.93,0.96,355.35,1.37,355.43
2022,7,19,22,0,0,0,0,0,0,0,0,13.01,11.17,12.09,12.15,94.31,0.25,72.95,0.92,351.73,1.3,351.72
2022,7,19,23,0,0,0,0,0,0,0,0,12.95,10.81,11.88,11.84,92.19,0.33,72.94,0.8,342.98,1.13,342.32
2022,7,20,0,0,0,0,0,0,0,0,0,12.8,10.77,11.79,11.78,92.88,0.43,72.92,0.73,327.15,1.07,327.82
2022,7,20,1,0,0,0,0,0,0,0,0,12.51,10.95,11.73,11.96,96,0.47,72.89,0.75,318.81,1.19,324.64
2022,7,20,2,0,0,0,0,0,0,0,0,12.71,11.08,11.89,12.02,94.94,0.4,72.85,0.64,315.5,1.06,325.84
2022,7,20,3,0,0,0,0,0,0,0,0,13.11,10.94,12.02,11.78,90.81,0.31,72.84,0.4,329.42,0.65,332.21
2022,7,20,4,0,0,0,0,0,0,0,0,13.2,10.73,11.97,11.6,88.81,0.35,72.85,0.08,5.71,0.08,338.2
2022,7,20,5,0.03,0.02,0.09,2.12,2.48,0.31,0,0,12.87,11.12,12,11.9,93.25,0.35,72.88,0.22,114.78,0.37,114.94
2022,7,20,6,0.2,0.43,0.94,24.4,52.52,3.41,0.02,0.1,13.12,11.7,12.41,12.51,96.19,0.24,72.92,0.32,142.85,0.4,126.19
2022,7,20,7,0.47,1.21,1.95,59.77,152.55,8.91,0.14,0.7,13.86,11.4,12.62,12.27,90.19,0.24,72.97,0.56,109.71,0.7,107.43
2022,7,20,8,0.92,2.01,2.88,120.4,255.5,18.15,0.45,2.25,15.22,11.98,13.59,12.76,85.88,0.25,73,1.25,135.76,1.55,136.83
2022,7,20,9,1.45,2.7,3.67,192.92,343.4,28.89,0.89,4.75,16.29,12.43,14.36,13,81.81,0.26,73.03,1.86,155.92,2.3,156.57
2022,7,20,10,1.8,3.23,4.26,244.4,409.8,36.84,1.31,6.5,16.94,12.97,14.95,13.37,80.69,0.35,73.03,2.42,170.9,3.04,171.12
2022,7,20,11,1.43,3.54,4.61,200.7,447.95,31.43,1.18,6.1,17.2,13.35,15.27,13.67,81.19,0.49,73.02,2.88,181.55,3.67,181.83
2022,7,20,12,1.34,3.59,4.7,193.38,452.75,29.84,1.13,5.95,17.06,13.48,15.26,13.79,82.31,0.64,73,3.04,189.17,3.9,189.44
2022,7,20,13,0.89,3.38,4.52,130.62,424.5,20.36,0.74,3.75,16.86,13.55,15.21,13.85,83.94,0.78,72.97,2.87,195.62,3.69,195.83
2022,7,20,14,0.87,2.95,4.09,122.27,369.58,18.76,0.63,3.12,16.76,13.6,15.19,13.92,84.88,0.83,72.92,2.58,199.26,3.31,199.29
2022,7,20,15,0.65,2.33,3.43,91.45,291.02,14.09,0.41,2.15,16.45,13.67,15.06,14.04,87.19,0.88,72.88,2.41,204.9,3.1,204.89
2022,7,20,16,0.41,1.59,2.59,54.7,196.55,8.07,0.17,0.85,16.01,13.82,14.92,14.22,90.69,0.95,72.86,2.35,212.79,3.04,212.63
2022,7,20,17,0.19,0.83,1.63,23.27,100.88,3.49,0.04,0.2,15.52,13.94,14.73,14.34,94.5,0.95,72.85,2.19,217.89,2.86,217.68
2022,7,20,18,0.1,0.21,0.61,12.38,24.23,1.79,0.01,0.02,14.85,14.05,14.44,14.47,99.38,0.85,72.87,1.66,223.67,2.25,223.6
2022,7,20,19,0,0,0,0,0,0,0,0,14.17,13.95,14.06,14.34,100,0.81,72.92,0.81,227.73,1.37,228.01
2022,7,20,20,0,0,0,0,0,0,0,0,14.01,13.84,13.93,14.28,100,0.73,72.97,0.66,222.14,1.12,221.9
2022,7,20,21,0,0,0,0,0,0,0,0,13.74,13.69,13.72,14.16,100,0.73,72.99,0.61,204.26,1.08,204.34
2022,7,20,22,0,0,0,0,0,0,0,0,13.56,13.57,13.56,14.1,100,0.82,73,0.62,203.01,1.13,202.68
2022,7,20,23,0,0,0,0,0,0,0,0,13.44,13.46,13.44,14.04,100,0.88,72.98,0.58,195.52,1.12,195.4
2022,7,21,0,0,0,0,0,0,0,0,0,13.29,13.38,13.33,13.98,100,0.88,72.94,0.61,189.58,1.24,189.46
2022,7,21,1,0,0,0,0,0,0,0,0,13.24,13.38,13.31,13.98,100,0.83,72.9,0.63,187.83,1.32,187.46
2022,7,21,2,0,0,0,0,0,0,0,0,13.2,13.33,13.26,13.92,100,0.68,72.87,0.65,186.19,1.35,186.3
2022,7,21,3,0,0,0,0,0,0,0,0,13.15,13.18,13.16,13.79,100,0.5,72.86,0.64,179.3,1.25,179.64
2022,7,21,4,0,0,0,0,0,0,0,0,13.14,12.98,13.06,13.61,100,0.4,72.87,0.53,159.15,0.97,159.82
2022,7,21,5,0.03,0.02,0.08,2.05,2.25,0.3,0,0,13.01,12.79,12.9,13.43,100,0.27,72.9,0.48,133.03,0.89,131.8
2022,7,21,6,0.14,0.39,0.93,16.48,46.65,2.33,0.02,0.05,13.82,12.96,13.39,13.61,100,0.29,72.95,0.94,111.45,1.26,110.35
2022,7,21,7,0.5,1.13,1.94,63.67,138.58,9.39,0.15,0.73,15.23,12.83,14.03,13.49,90.44,0.43,72.99,1.53,117.74,1.89,117.52
2022,7,21,8,1.05,1.92,2.87,136.62,240.1,19.87,0.49,2.48,16.61,12.95,14.78,13.43,82.88,0.56,73.04,2.19,145.63,2.74,145.81
2022,7,21,9,1.57,2.63,3.66,209.6,330.6,30.49,0.94,5.02,17.09,13.13,15.11,13.49,80.81,0.76,73.09,2.77,164.12,3.53,164.46
2022,7,21,10,1.93,3.18,4.25,255.27,400.05,37.77,1.32,6.58,17.31,13.45,15.38,13.73,81,0.96,73.12,3.25,173.8,4.17,173.98
2022,7,21,11,1.95,3.51,4.61,267.1,441.77,39.95,1.5,7.8,17.73,13.83,15.77,14.04,80.62,0.99,73.1,3.54,177.09,4.53,177.43
2022,7,21,12,1.68,3.59,4.7,240.15,451.25,36.39,1.39,7.42,18.05,14.02,16.04,14.22,79.88,0.99,73.06,3.7,179.27,4.74,179.53
2022,7,21,13,1.5,3.43,4.52,207.88,432.7,31.94,1.18,6,17.83,14.04,15.94,14.16,80.81,0.95,73.02,3.68,181.82,4.75,182.17
2022,7,21,14,1.24,3.03,4.09,175.95,384.83,27.02,0.91,4.52,17.26,13.94,15.59,14.04,83.06,0.91,72.98,3.42,184.46,4.42,184.86
2022,7,21,15,0.67,2.45,3.43,96.12,311.3,15.23,0.44,2.3,16.57,13.75,15.15,13.85,85.62,0.91,72.97,3.06,185.71,3.98,186.19
2022,7,21,16,0.45,1.73,2.59,60.6,218.73,9.53,0.21,1.05,15.84,13.62,14.73,13.73,88.94,0.89,72.96,2.65,184.23,3.46,184.66
2022,7,21,17,0.25,0.95,1.62,32.08,117.95,4.96,0.06,0.3,15.11,13.55,14.33,13.73,92.88,0.99,72.99,2.28,180.98,3.02,181.19
2022,7,21,18,0.1,0.24,0.6,12.23,28.55,1.84,0.01,0.02,14.38,13.53,13.95,13.73,97.38,0.95,73.05,1.78,176.99,2.41,177.21
2022,7,21,19,0,0,0,0,0,0,0,0,13.92,13.56,13.74,13.73,100,1.16,73.11,1.21,176.31,1.72,176.1
2022,7,21,20,0,0,0,0,0,0,0,0,13.58,13.31,13.44,13.55,100,1.23,73.18,0.96,173.92,1.47,172.65
2022,7,21,21,0,0,0,0,0,0,0,0,13.19,12.88,13.04,13.24,100,1.28,73.24,0.82,166.76,1.26,164.59
2022,7,21,22,0,0,0,0,0,0,0,0,12.65,12.26,12.46,12.82,100,1.29,73.25,0.56,142.33,0.82,140.05
2022,7,21,23,0,0,0,0,0,0,0,0,11.86,11.41,11.63,12.27,100,1.32,73.23,0.51,56.79,0.84,52.92
2022,7,22,0,0,0,0,0,0,0,0,0,11.81,10.89,11.35,11.84,100,1.34,73.19,0.7,35.46,1.17,33.06
2022,7,22,1,0,0,0,0,0,0,0,0,11.71,10.54,11.12,11.54,98,1.28,73.16,0.72,25.17,1.24,24.47
2022,7,22,2,0,0,0,0,0,0,0,0,11.56,10.27,10.92,11.35,97.25,1.05,73.14,0.86,19.58,1.48,19.78
2022,7,22,3,0,0,0,0,0,0,0,0,11.43,10.08,10.76,11.23,96.88,0.65,73.14,0.87,19.41,1.57,20.42
2022,7,22,4,0,0,0,0,0,0,0,0,11.2,9.74,10.47,10.93,95.88,0.32,73.14,1.03,23.26,1.85,23.86
2022,7,22,5,0.02,0.02,0.08,1.8,2.5,0.27,0,0,11.3,9.65,10.48,10.8,94.31,0.14,73.16,0.96,25.94,1.82,26.01
2022,7,22,6,0.15,0.48,0.92,17.92,59.23,2.66,0.02,0.08,12.87,10.38,11.62,11.41,89.62,0.14,73.19,1.08,35.3,1.67,34.51
2022,7,22,7,0.53,1.27,1.94,68.75,161.65,10.08,0.16,0.8,14.7,10.24,12.48,11.17,77.94,0.15,73.23,1.18,72.65,1.6,71.83
2022,7,22,8,0.86,2.06,2.87,113.27,262.65,17.2,0.43,2.2,15.95,10.73,13.34,11.47,74,0.2,73.26,1.6,120.2,2.04,119.91
2022,7,22,9,1.28,2.74,3.66,173.3,349.52,26.47,0.83,4.42,16.84,11.44,14.14,12.02,73.25,0.24,73.27,2.11,146.02,2.67,145.98
2022,7,22,10,1.36,3.27,4.25,192.48,415.17,30.22,1.09,5.4,17.54,12.15,14.84,12.63,73.5,0.24,73.27,2.5,159.13,3.17,159.06
2022,7,22,11,1.55,3.58,4.6,218.5,454.2,34.09,1.3,6.73,18.01,12.86,15.43,13.24,75,0.25,73.24,2.78,167.65,3.53,167.72
2022,7,22,12,1.29,3.66,4.7,188.3,463.23,29.7,1.16,6.15,18.11,13.49,15.8,13.85,77.62,0.29,73.21,2.92,172.78,3.72,172.99
2022,7,22,13,1.78,3.5,4.52,245.58,443,37.58,1.41,7.2,17.88,13.89,15.88,14.22,80.75,0.32,73.17,2.91,176.14,3.69,176.36
2022,7,22,14,1.63,3.1,4.09,220.45,393.6,33.41,1.14,5.65,17.58,14,15.79,14.28,82.62,0.33,73.12,2.92,177.54,3.74,177.84
2022,7,22,15,1.27,2.51,3.43,170.2,318.88,25.66,0.75,3.98,17.22,13.99,15.6,14.22,84.31,0.35,73.07,2.85,175.12,3.68,175.38
2022,7,22,16,0.81,1.77,2.58,107.35,225.02,16.22,0.36,1.77,16.69,13.94,15.31,14.16,86.75,0.36,73.04,2.61,172.96,3.4,173.01
2022,7,22,17,0.3,0.97,1.62,38.9,121.35,5.98,0.08,0.38,15.7,13.96,14.83,14.16,92.56,0.34,73.06,2.12,171.72,2.76,171.71
2022,7,22,18,0.12,0.24,0.6,15.38,28.92,2.23,0.01,0.02,14.84,13.98,14.41,14.22,98.12,0.47,73.12,1.48,169.05,1.96,168.73
2022,7,22,19,0,0,0,0,0,0,0,0,14.33,13.93,14.13,14.22,100,0.47,73.19,0.93,169.82,1.34,168.56
2022,7,22,20,0,0,0,0,0,0,0,0,14.11,13.79,13.95,14.1,100,0.5,73.24,0.89,168.4,1.41,165.89
2022,7,22,21,0,0,0,0,0,0,0,0,13.86,13.62,13.74,13.92,100,0.55,73.27,0.79,168.02,1.35,166.29
2022,7,22,22,0,0,0,0,0,0,0,0,13.6,13.37,13.48,13.67,100,0.88,73.29,0.73,171.35,1.29,169.51
2022,7,22,23,0,0,0,0,0,0,0,0,13.32,13.05,13.19,13.43,100,1.38,73.28,0.7,170.96,1.2,168.69
2022,7,23,0,0,0,0,0,0,0,0,0,13.03,12.59,12.81,13.12,100,1.66,73.24,0.67,166.45,1.01,163.81
2022,7,23,1,0,0,0,0,0,0,0,0,12.54,12.04,12.29,12.76,100,1.75,73.2,0.38,150.26,0.49,138.22
2022,7,23,2,0,0,0,0,0,0,0,0,12.07,11.47,11.76,12.39,100,1.64,73.16,0.22,55.18,0.51,40.03
2022,7,23,3,0,0,0,0,0,0,0,0,11.98,11.05,11.51,12.08,100,1.34,73.14,0.52,23.09,0.95,22.33
2022,7,23,4,0,0,0,0,0,0,0,0,12.32,10.83,11.58,11.78,96.19,1.13,73.13,0.51,22.62,0.91,22.81
2022,7,23,5,0.02,0.02,0.08,1.65,2.38,0.25,0,0,12.79,10.48,11.63,11.47,90.56,0.95,73.12,0.45,23.46,0.73,24.09
2022,7,23,6,0.26,0.48,0.92,32.08,58.4,4.51,0.02,0.12,13.8,10.88,12.34,11.84,87.5,0.63,73.12,0.47,39.56,0.66,39.19
2022,7,23,7,0.8,1.28,1.93,104.6,162.62,14.85,0.23,1.12,15.4,11.58,13.5,12.33,82.12,0.48,73.15,0.66,127.82,0.86,124.99
2022,7,23,8,1.43,2.08,2.87,188.23,264.77,27.33,0.66,3.35,16.22,12.08,14.15,12.57,79.69,0.38,73.21,2.07,162.87,2.69,163.14
2022,7,23,9,1.96,2.78,3.66,261,353.9,38.94,1.21,6.48,16.34,12.73,14.54,13.12,82.44,0.35,73.25,2.67,166.82,3.47,167.25
2022,7,23,10,2.44,3.31,4.25,326.02,420.42,48.29,1.74,8.75,16.55,13.23,14.89,13.55,84,0.29,73.25,2.87,167.44,3.71,167.98
2022,7,23,11,2.31,3.62,4.6,320.88,459.55,48.55,1.87,9.77,16.72,13.51,15.12,13.79,84.44,0.24,73.22,3.05,170.27,3.94,170.76
2022,7,23,12,2.29,3.62,4.69,321.42,458.05,47.42,1.84,9.88,16.75,13.67,15.21,13.92,85.06,0.21,73.18,3.09,173.18,3.99,173.71
2022,7,23,13,2.05,3.46,4.52,284.5,437.92,42.23,1.59,8.1,16.65,13.73,15.19,13.98,85.81,0.18,73.13,3.03,174.67,3.91,175.19
2022,7,23,14,1.68,3.07,4.08,232.17,388.5,34.62,1.19,5.92,16.58,13.62,15.1,13.92,85.75,0.15,73.09,2.89,175.2,3.72,175.67
2022,7,23,15,1.15,2.47,3.42,155.23,312.62,23.37,0.67,3.55,15.98,13.17,14.58,13.55,87.06,0.15,73.07,2.4,176.64,3.07,177.23
2022,7,23,16,1.03,1.74,2.58,135.88,218.45,19.78,0.44,2.17,15.01,12.33,13.68,12.94,88.38,0.2,73.08,1.45,178.15,1.83,179.02
2022,7,23,17,0.52,0.93,1.61,66.95,115.6,9.69,0.12,0.6,14.08,11.75,12.92,12.51,90.75,0.26,73.11,0.55,188.13,0.69,188.4
2022,7,23,18,0.12,0.23,0.59,15.88,26.9,2.28,0.01,0.05,13.2,11.71,12.46,12.63,97.31,0.78,73.15,0.38,334.49,0.58,346.72
2022,7,23,19,0,0,0,0,0,0,0,0,12.68,11.15,11.92,12.21,97.06,1.09,73.21,0.75,347.99,1.21,353.7
2022,7,23,20,0,0,0,0,0,0,0,0,12.95,10.66,11.81,11.72,91.69,1.07,73.27,0.79,352.03,1.24,357.1
2022,7,23,21,0,0,0,0,0,0,0,0,13.48,10.38,11.94,11.41,86.25,0.69,73.31,0.43,6.23,0.63,13.69
2022,7,23,22,0,0,0,0,0,0,0,0,13.33,10.4,11.87,11.41,87.06,0.54,73.31,0.13,107.35,0.23,107.82
2022,7,23,23,0,0,0,0,0,0,0,0,12.87,10.18,11.52,11.29,88.81,0.53,73.28,0.23,170.22,0.36,172.57
2022,7,24,0,0,0,0,0,0,0,0,0,12.44,10.15,11.3,11.29,91.5,0.29,73.24,0.21,186.34,0.33,190.78
2022,7,24,1,0,0,0,0,0,0,0,0,12.23,10.12,11.17,11.29,92.75,0.07,73.2,0.05,341.57,0.09,329.04
2022,7,24,2,0,0,0,0,0,0,0,0,11.92,9.82,10.87,11.11,92.81,0.02,73.15,0.51,1.76,0.82,3.81
2022,7,24,3,0,0,0,0,0,0,0,0,11.89,9.21,10.55,10.62,89.06,0.04,73.09,0.71,355.55,1.14,356.05
2022,7,24,4,0,0,0,0,0,0,0,0,12.01,8.51,10.26,10.07,83.88,0.15,73.05,0.73,331.78,1.12,332.19
2022,7,24,5,0.02,0.02,0.07,1.48,2.15,0.23,0,0,12.33,8.16,10.25,9.83,80,0.27,73.06,0.47,330.02,0.68,330.17
2022,7,24,6,0.21,0.44,0.91,26.3,52.35,3.59,0.02,0.1,13.45,9.73,11.59,10.99,83.19,0.28,73.12,0.3,119.2,0.44,116.57
2022,7,24,7,0.41,1.2,1.93,56.27,149.8,8.83,0.13,0.67,14.53,10.93,12.73,11.72,82.75,0.32,73.18,1.37,156.8,1.72,157.28
2022,7,24,8,0.69,2,2.86,93.88,252.88,14.54,0.34,1.73,15.4,11.57,13.49,12.21,81.44,0.44,73.21,1.82,161.72,2.26,162.32
2022,7,24,9,1.37,2.71,3.65,186.02,343.38,28.2,0.85,4.5,16.41,12.05,14.23,12.63,78.88,0.44,73.23,2.3,167.43,2.88,167.77
2022,7,24,10,1.94,3.25,4.25,267.7,412.12,40.44,1.42,7.08,17.17,12.51,14.84,13,77.5,0.41,73.21,2.76,173.66,3.48,173.94
2022,7,24,11,1.93,3.58,4.6,272.12,453.4,42.12,1.57,8.08,17.57,12.99,15.28,13.43,77.94,0.49,73.17,3.05,179.41,3.85,179.65
2022,7,24,12,1.99,3.66,4.69,284.92,463.8,43.6,1.66,8.75,17.5,13.25,15.37,13.61,79.31,0.56,73.12,3.21,182.51,4.09,182.74
2022,7,24,13,1.65,3.5,4.52,236.27,442.92,36.67,1.34,6.77,16.98,13.24,15.11,13.55,81.62,0.67,73.1,3.35,182.41,4.29,182.61
2022,7,24,14,1.51,3.1,4.08,212.95,392.75,33.07,1.12,5.62,16.12,13.01,14.56,13.31,84.56,0.7,73.07,3.35,181.87,4.35,182.06
2022,7,24,15,0.84,2.5,3.42,116.8,317.23,17.59,0.49,2.55,15.19,12.8,13.99,13.12,88.38,0.69,73.06,3.07,177.81,4.02,177.99
2022,7,24,16,0.75,1.77,2.58,101.65,223.85,15.3,0.32,1.6,14.46,12.66,13.56,13,91.88,0.59,73.06,2.6,172.04,3.41,172.24
2022,7,24,17,0.53,0.97,1.61,69.1,121.25,9.92,0.12,0.58,13.88,12.55,13.22,12.88,94.81,0.55,73.09,2.07,164.92,2.73,165.25
2022,7,24,18,0.12,0.24,0.58,15.65,29.23,2.25,0.01,0.02,13.33,12.52,12.93,12.88,98.31,0.26,73.13,1.43,155.12,1.89,155.13
2022,7,24,19,0,0,0,0,0,0,0,0,13.01,12.54,12.77,12.94,100,0.17,73.19,0.82,145.1,1.13,143.13
2022,7,24,20,0,0,0,0,0,0,0,0,12.81,12.37,12.59,12.82,100,0.15,73.25,0.66,129.72,1,123.81
2022,7,24,21,0,0,0,0,0,0,0,0,12.53,12.05,12.29,12.57,100,0.23,73.3,0.61,122.47,0.91,115.91
2022,7,24,22,0,0,0,0,0,0,0,0,12.27,11.73,12.01,12.33,100,0.36,73.32,0.58,126.25,0.83,121.61
2022,7,24,23,0,0,0,0,0,0,0,0,12.04,11.46,11.75,12.15,100,0.4,73.32,0.51,133.75,0.7,130.46
2022,7,25,0,0,0,0,0,0,0,0,0,11.78,11.17,11.48,11.9,100,0.4,73.3,0.33,143.67,0.43,140.86
2022,7,25,1,0,0,0,0,0,0,0,0,11.49,10.9,11.2,11.72,100,0.36,73.27,0.15,147.99,0.13,139.76
2022,7,25,2,0,0,0,0,0,0,0,0,11.24,10.72,10.98,11.6,100,0.26,73.24,0.08,16.7,0.19,2.39
2022,7,25,3,0,0,0,0,0,0,0,0,11.09,10.4,10.75,11.35,100,0.11,73.23,0.16,0,0.31,355.71
2022,7,25,4,0,0,0,0,0,0,0,0,11.12,10.16,10.64,11.17,98.62,0.03,73.22,0.23,358.03,0.38,356.42
2022,7,25,5,0.02,0.02,0.07,1.45,2.08,0.23,0,0,11.33,10.06,10.69,11.11,96.56,0.01,73.24,0.24,7.35,0.38,5.83
2022,7,25,6,0.18,0.44,0.9,23.15,53,3.21,0.02,0.08,12.29,10.65,11.47,11.54,94.31,0.01,73.27,0.18,97.43,0.21,85.76
2022,7,25,7,0.59,1.23,1.92,78.88,154.42,11.58,0.17,0.83,13.63,10.97,12.3,11.66,87.56,0.01,73.3,1.05,156.86,1.31,157.12
2022,7,25,8,1.15,2.05,2.86,155.77,260.02,23.3,0.55,2.75,14.69,11.4,13.05,12.02,84.12,0.03,73.34,1.8,166.93,2.25,166.93
2022,7,25,9,1.58,2.75,3.65,216.55,349.73,32.7,0.98,5.23,15.91,11.9,13.9,12.45,80.38,0.1,73.36,2.24,168.93,2.79,169.04
2022,7,25,10,1.85,3.28,4.24,257.23,416.73,39.47,1.38,6.88,16.8,12.27,14.54,12.76,77.88,0.2,73.37,2.73,172.94,3.43,173.07
2022,7,25,11,2.01,3.6,4.6,285.27,456.6,43.81,1.64,8.45,17.22,12.64,14.93,13.06,77.56,0.39,73.35,3.12,177.56,3.95,177.73
2022,7,25,12,1.98,3.71,4.69,286.3,470.73,44.39,1.67,8.83,17.38,12.88,15.13,13.24,77.94,0.65,73.31,3.38,181.85,4.32,182.08
2022,7,25,13,1.91,3.53,4.51,267.98,448.73,41.29,1.52,7.7,17.12,12.98,15.05,13.31,79.62,0.89,73.26,3.54,185.45,4.56,185.6
2022,7,25,14,1.66,3.13,4.08,233.4,398.08,35.9,1.2,6.05,16.41,13.08,14.75,13.37,83.75,1.04,73.23,3.41,186.44,4.43,186.49
2022,7,25,15,1,2.53,3.42,140.92,321.9,21.27,0.57,2.95,15.75,13.12,14.44,13.43,87.44,1.05,73.21,3.11,185.77,4.05,185.97
2022,7,25,16,0.8,1.78,2.57,112.15,225.73,16.91,0.34,1.7,15.12,13.12,14.12,13.37,90.69,1.02,73.2,2.79,183.22,3.65,183.43
2022,7,25,17,0.46,0.96,1.6,61.8,120.17,8.94,0.1,0.52,14.44,13.03,13.73,13.24,94.19,1.02,73.21,2.43,179.63,3.23,180
2022,7,25,18,0.12,0.23,0.57,14.9,27.42,2.11,0.01,0.02,13.67,12.97,13.32,13.18,98.38,0.83,73.24,1.95,176.55,2.64,176.77
2022,7,25,19,0,0,0,0,0,0,0,0,13.22,12.9,13.05,13.12,100,0.69,73.29,1.44,174.07,2.03,174.27
2022,7,25,20,0,0,0,0,0,0,0,0,12.87,12.73,12.8,12.94,100,0.55,73.37,1.04,171.81,1.59,171.83
2022,7,25,21,0,0,0,0,0,0,0,0,12.54,12.37,12.45,12.63,100,0.43,73.44,0.97,173.51,1.54,171.54
2022,7,25,22,0,0,0,0,0,0,0,0,12.12,11.78,11.94,12.21,100,0.31,73.47,0.9,172.01,1.33,169.82
2022,7,25,23,0,0,0,0,0,0,0,0,11.34,11,11.17,11.72,100,0.22,73.47,0.4,173.29,0.41,160.87
2022,7,26,0,0,0,0,0,0,0,0,0,10.9,10.31,10.6,11.29,100,0.2,73.44,0.07,319.4,0.38,2.39
2022,7,26,1,0,0,0,0,0,0,0,0,10.78,9.92,10.35,11.05,99.88,0.17,73.39,0.42,333.43,0.88,350.29
2022,7,26,2,0,0,0,0,0,0,0,0,10.86,9.65,10.26,10.8,97.06,0.15,73.35,0.53,338.36,1.06,351.51
2022,7,26,3,0,0,0,0,0,0,0,0,10.87,9.26,10.06,10.5,94.44,0.17,73.31,0.46,352.15,0.91,359.01
2022,7,26,4,0,0,0,0,0,0,0,0,11.02,8.95,9.99,10.31,91.69,0.16,73.3,0.4,357.75,0.77,3.47
2022,7,26,5,0.02,0.02,0.07,1.42,1.92,0.22,0,0,11.28,8.9,10.08,10.25,89.88,0.13,73.3,0.38,5.95,0.74,10.95
2022,7,26,6,0.14,0.41,0.89,17.95,49.55,2.78,0.02,0.08,12.47,9.97,11.22,11.11,89.75,0.12,73.33,0.12,26.57,0.37,23.84
2022,7,26,7,0.36,1.19,1.91,46.98,147.88,7.2,0.11,0.52,14.1,10.09,12.09,10.99,80.19,0.13,73.37,0.61,151.8,0.78,144.4
2022,7,26,8,0.98,2.01,2.85,130.5,254.27,19.84,0.48,2.4,15.23,10.47,12.85,11.23,75.88,0.12,73.41,1.57,154.71,2.01,155.22
2022,7,26,9,1.44,2.73,3.65,196.25,346.48,29.9,0.91,4.85,15.65,11.1,13.37,11.66,76.75,0.15,73.44,2.11,158.67,2.69,159.62
2022,7,26,10,1.97,3.27,4.24,269.9,414.27,41.2,1.44,7.15,16.09,11.83,13.96,12.21,78.19,0.25,73.43,2.51,162.58,3.2,163.42
2022,7,26,11,2.05,3.59,4.6,289.2,454.05,44.24,1.66,8.58,16.3,12.33,14.31,12.57,79.56,0.44,73.4,2.85,166.84,3.63,167.58
2022,7,26,12,1.79,3.64,4.69,260.55,459.92,40.06,1.52,8.02,16.26,12.69,14.48,12.94,81.81,0.67,73.35,3.15,172.87,4.03,173.32
2022,7,26,13,1.62,3.47,4.51,230.98,438.88,35.45,1.3,6.62,16.26,13.19,14.73,13.43,84.62,0.88,73.27,3.39,180.13,4.35,180.31
2022,7,26,14,1.21,3.07,4.08,177.15,387.75,27.7,0.93,4.65,16.23,13.31,14.77,13.49,85.5,1.11,73.21,3.59,185.12,4.65,185.3
2022,7,26,15,0.82,2.46,3.41,118.52,310.5,18.21,0.51,2.62,15.95,13.29,14.62,13.49,86.81,1.28,73.18,3.5,187.7,4.56,187.78
2022,7,26,16,0.7,1.71,2.57,96.35,214.67,14.5,0.31,1.55,15.49,13.16,14.33,13.37,88.69,1.52,73.16,3.17,190.09,4.15,190.31
2022,7,26,17,0.33,0.9,1.6,43.25,111.67,6.34,0.08,0.38,14.64,12.98,13.81,13.24,92.75,1.96,73.17,2.66,191.87,3.51,191.96
2022,7,26,18,0.12,0.21,0.57,14.27,24.3,2.02,0.01,0.02,13.44,12.63,13.04,13.06,98.69,1.53,73.21,1.75,191.86,2.37,191.79
2022,7,26,19,0,0,0,0,0,0,0,0,12.13,11.76,11.94,12.51,100,1.53,73.27,0.59,190.71,0.91,185.42
2022,7,26,20,0,0,0,0,0,0,0,0,12.11,11.47,11.79,12.33,100,1.11,73.34,0.35,143.13,0.54,144.94
2022,7,26,21,0,0,0,0,0,0,0,0,12.06,11.05,11.56,11.96,99.56,0.76,73.38,0.34,59.93,0.43,64.36
2022,7,26,22,0,0,0,0,0,0,0,0,11.83,10.66,11.25,11.66,98.31,0.53,73.38,0.51,3.52,0.66,2.73
2022,7,26,23,0,0,0,0,0,0,0,0,11.71,10.34,11.02,11.41,96.94,0.41,73.35,0.65,350.99,0.88,349.79
2022,7,27,0,0,0,0,0,0,0,0,0,11.83,10.21,11.02,11.29,95,0.33,73.3,0.55,352.67,0.74,352.13
2022,7,27,1,0,0,0,0,0,0,0,0,11.95,10.3,11.12,11.29,94.5,0.3,73.26,0.34,338.68,0.49,336.32
2022,7,27,2,0,0,0,0,0,0,0,0,11.81,10.26,11.04,11.29,95.12,0.28,73.22,0.34,300.74,0.51,299.31
2022,7,27,3,0,0,0,0,0,0,0,0,11.5,10.12,10.81,11.17,96.25,0.26,73.2,0.46,303.96,0.73,302.85
2022,7,27,4,0,0,0,0,0,0,0,0,11.43,9.94,10.69,11.05,95.56,0.23,73.19,0.47,321.04,0.75,319.66
2022,7,27,5,0.02,0.02,0.07,1.27,1.85,0.2,0,0,11.58,9.86,10.72,10.99,94.06,0.16,73.19,0.39,342.65,0.59,341.57
2022,7,27,6,0.13,0.42,0.89,15.88,51.4,2.37,0.02,0.05,12.76,10.49,11.62,11.47,90.88,0.13,73.23,0.18,350.13,0.25,350.84
2022,7,27,7,0.46,1.2,1.91,61.5,152.3,9.27,0.13,0.65,14.48,11.38,12.94,12.08,85.56,0.09,73.26,0.96,183.75,1.16,183.48
2022,7,27,8,0.85,2.01,2.85,117,256.77,17.96,0.41,2.08,15.99,12.18,14.08,12.7,81.56,0.08,73.29,2.09,185.58,2.6,185.35
2022,7,27,9,1.42,2.71,3.64,199.73,346.55,30.58,0.91,4.77,17.22,12.77,15,13.12,78,0.09,73.3,2.81,187.03,3.54,186.97
2022,7,27,10,1.54,3.24,4.24,219.98,413.75,34.3,1.17,5.85,17.9,13.36,15.63,13.55,77.31,0.15,73.3,3.41,187.11,4.33,187.15
2022,7,27,11,1.75,3.56,4.59,249.5,453.6,38.64,1.41,7.17,18.14,13.72,15.93,13.85,77.81,0.25,73.26,3.84,188.29,4.92,188.31
2022,7,27,12,2.09,3.7,4.69,297.55,472.3,46.13,1.73,9.05,18.33,13.97,16.15,14.1,78.06,0.39,73.2,4.17,190.13,5.37,190.15
2022,7,27,13,2.14,3.52,4.51,293.58,449.62,45.16,1.64,8.33,18.15,14.09,16.12,14.22,79.56,0.5,73.15,4.39,192.33,5.67,192.33
2022,7,27,14,2.04,3.11,4.07,276.65,396.33,41.23,1.35,6.83,17.4,14.1,15.75,14.22,83.31,0.58,73.11,4.33,194.41,5.65,194.42
2022,7,27,15,1.45,2.48,3.41,194.55,315.92,28.45,0.78,4,16.76,14.01,15.38,14.1,86.12,0.64,73.09,4.18,196.3,5.49,196.37
2022,7,27,16,0.94,1.71,2.56,122.83,216.15,17.61,0.35,1.75,16.04,13.84,14.94,13.98,89.38,0.66,73.09,3.85,198.32,5.09,198.32
2022,7,27,17,0.51,0.89,1.59,62.67,109.4,8.49,0.09,0.45,15.15,13.72,14.43,13.92,94.06,0.72,73.11,3.24,200.31,4.33,200.36
2022,7,27,18,0.14,0.2,0.56,17,24.02,2.4,0.01,0.02,14.36,13.69,14.03,13.92,99.06,0.51,73.16,2.41,200.32,3.3,200.37
2022,7,27,19,0,0,0,0,0,0,0,0,14.06,13.79,13.92,13.98,100,0.53,73.21,1.66,198.69,2.36,198.49
2022,7,27,20,0,0,0,0,0,0,0,0,13.94,13.8,13.87,14.04,100,0.45,73.26,1.28,200.31,1.93,199.9
2022,7,27,21,0,0,0,0,0,0,0,0,13.75,13.75,13.75,13.98,100,0.33,73.28,1.05,201.41,1.71,200.83
2022,7,27,22,0,0,0,0,0,0,0,0,13.49,13.6,13.55,13.85,100,0.26,73.28,0.99,201.89,1.7,201.61
2022,7,27,23,0,0,0,0,0,0,0,0,13.3,13.47,13.39,13.73,100,0.19,73.28,1.02,205.97,1.77,205.89
2022,7,28,0,0,0,0,0,0,0,0,0,13.17,13.28,13.23,13.61,100,0.12,73.25,1.03,218.52,1.78,218.58
2022,7,28,1,0,0,0,0,0,0,0,0,13.01,13.09,13.05,13.49,100,0.07,73.2,0.94,229.04,1.68,229.51
2022,7,28,2,0,0,0,0,0,0,0,0,12.69,12.78,12.73,13.24,100,0.04,73.16,0.83,235.71,1.59,236.23
2022,7,28,3,0,0,0,0,0,0,0,0,12.39,12.46,12.43,13,100,0.03,73.15,0.7,236.84,1.45,236.22
2022,7,28,4,0,0,0,0,0,0,0,0,12.17,12.09,12.13,12.76,100,0.02,73.15,0.59,232.52,1.25,231.34
2022,7,28,5,0.02,0.02,0.06,1.35,1.75,0.21,0,0,12.17,11.84,12.01,12.57,100,0.02,73.18,0.59,230.39,1.04,229.86
2022,7,28,6,0.18,0.4,0.88,22.45,48.1,3.23,0.02,0.08,12.81,12.01,12.4,12.76,100,0.03,73.24,0.79,227.8,1.06,227.7
2022,7,28,7,0.58,1.18,1.9,76.83,149.08,11.31,0.17,0.85,13.56,11.88,12.73,12.63,95.06,0.04,73.29,1.18,223.12,1.46,223.26
2022,7,28,8,1.08,2.01,2.84,146.05,255.33,22.04,0.53,2.65,14.56,11.75,13.15,12.57,88.5,0.04,73.32,1.75,208.28,2.19,208.12
2022,7,28,9,1.48,2.72,3.64,206.98,346.4,31.5,0.98,5.2,15.29,11.95,13.62,12.7,85.38,0.03,73.33,2.28,198.56,2.88,198.68
2022,7,28,10,1.86,3.25,4.24,259.25,413.48,39.54,1.4,6.98,15.73,12.34,14.04,12.94,84.56,0.05,73.34,2.64,196.18,3.34,196.15
2022,7,28,11,1.97,3.58,4.59,279.85,454.75,42.98,1.64,8.45,16.18,12.73,14.46,13.18,83.69,0.1,73.33,2.91,197.02,3.7,197.06
2022,7,28,12,1.95,3.58,4.69,278.17,452.5,42.35,1.61,8.48,16.25,12.88,14.57,13.24,83.56,0.18,73.29,3.05,199.27,3.91,199.23
2022,7,28,13,1.67,3.38,4.51,235.02,426.5,35.56,1.3,6.6,16.18,12.95,14.56,13.24,84.12,0.24,73.23,3.04,201.23,3.91,201.08
2022,7,28,14,1.44,2.99,4.07,203.65,378.52,31,1.04,5.2,15.78,12.98,14.37,13.24,86.31,0.25,73.18,2.88,203.65,3.72,203.5
2022,7,28,15,1.28,2.39,3.41,176.15,301.15,26.45,0.75,3.92,15.33,13.04,14.19,13.31,89.19,0.25,73.15,2.6,207.72,3.37,207.46
2022,7,28,16,0.82,1.64,2.56,108.73,206,15.96,0.33,1.65,14.98,13.13,14.05,13.43,91.75,0.22,73.14,2.33,211.03,3.03,210.74
2022,7,28,17,0.41,0.84,1.58,52.73,102.45,7.35,0.09,0.4,14.49,13.17,13.83,13.43,95.06,0.17,73.14,2.05,213.81,2.68,213.37
2022,7,28,18,0.13,0.19,0.55,16.05,22.48,2.22,0.01,0.02,13.83,13.2,13.51,13.49,99.56,0.5,73.17,1.6,212.21,2.18,211.98
2022,7,28,19,0,0,0,0,0,0,0,0,13.24,13.1,13.17,13.43,100,0.36,73.22,1.08,202.65,1.7,205.03
2022,7,28,20,0,0,0,0,0,0,0,0,13.05,12.97,13.01,13.31,100,0.24,73.28,0.98,204.1,1.54,206.44
2022,7,28,21,0,0,0,0,0,0,0,0,12.84,12.79,12.81,13.12,100,0.13,73.33,0.78,218.48,1.26,219.99
2022,7,28,22,0,0,0,0,0,0,0,0,12.57,12.53,12.55,12.94,100,0.09,73.35,0.59,237.36,1.02,236.92
2022,7,28,23,0,0,0,0,0,0,0,0,12.33,12.23,12.28,12.76,100,0.07,73.33,0.41,265.6,0.71,263.03
2022,7,29,0,0,0,0,0,0,0,0,0,12.08,11.87,11.98,12.51,100,0.05,73.29,0.34,294.78,0.6,296.23
2022,7,29,1,0,0,0,0,0,0,0,0,11.78,11.49,11.63,12.21,100,0.02,73.25,0.36,315.88,0.69,320.03
2022,7,29,2,0,0,0,0,0,0,0,0,11.36,10.97,11.16,11.84,100,0.01,73.21,0.44,327.45,0.85,332.02
2022,7,29,3,0,0,0,0,0,0,0,0,11.19,10.48,10.84,11.41,100,0.01,73.18,0.43,340.91,0.81,343.83
2022,7,29,4,0,0,0,0,0,0,0,0,11.14,10.21,10.67,11.17,98.56,0.01,73.17,0.37,4.86,0.68,3.95
2022,7,29,5,0.02,0.01,0.06,1.25,1.58,0.2,0,0,11.04,9.99,10.51,10.99,97.56,0.02,73.19,0.4,19.5,0.72,16.28
2022,7,29,6,0.13,0.38,0.87,16.55,45.25,2.43,0.02,0.05,12.64,10.86,11.75,11.72,93.56,0.03,73.23,0.33,36.33,0.54,28.41
2022,7,29,7,0.53,1.12,1.9,69.6,140.42,10.03,0.15,0.7,14.74,11.05,12.9,11.84,82.38,0.05,73.27,0.54,178.34,0.69,177.4
2022,7,29,8,0.97,1.94,2.84,133.08,246.55,20.02,0.47,2.35,16.33,11.56,13.94,12.21,76.81,0.09,73.3,1.76,187.91,2.21,187.33
2022,7,29,9,1.3,2.65,3.64,184.2,338.45,28.15,0.84,4.38,17.52,12.1,14.81,12.63,73.69,0.15,73.32,2.66,189.46,3.35,189.26
2022,7,29,10,1.16,3.19,4.23,171.3,407.8,27.13,0.94,4.67,18.3,12.72,15.51,13.12,72.88,0.27,73.32,3.35,190.21,4.24,190.09
2022,7,29,11,1.46,3.53,4.59,211.67,449.92,32.8,1.2,6.1,18.55,13.4,15.98,13.67,74.81,0.37,73.29,3.76,192.22,4.78,192.17
2022,7,29,12,1.31,3.59,4.68,199.62,456.1,31.22,1.16,6.08,18.4,13.83,16.12,14.04,77.56,0.49,73.25,3.92,194.89,4.98,194.91
2022,7,29,13,1.39,3.39,4.51,199.27,428.4,30.84,1.1,5.55,18.11,14.01,16.05,14.22,79.81,0.56,73.2,3.95,199.04,5.04,199
2022,7,29,14,1.2,2.94,4.07,168.88,370.5,25.51,0.84,4.2,17.89,13.99,15.94,14.22,80.81,0.59,73.14,3.97,203.89,5.1,203.78
2022,7,29,15,1.03,2.31,3.4,141.2,289.6,21.14,0.59,3.02,17.58,13.8,15.69,14.04,81.25,0.49,73.11,3.94,207.12,5.11,207
2022,7,29,16,0.75,1.56,2.55,98.25,193.45,14.06,0.28,1.4,16.81,13.62,15.22,13.85,84.44,0.49,73.09,3.71,208.67,4.88,208.57
2022,7,29,17,0.32,0.78,1.57,41.02,95.23,6.11,0.07,0.33,15.55,13.74,14.65,14.04,92.38,0.56,73.09,3.16,209.8,4.22,209.65
2022,7,29,18,0.12,0.17,0.54,14.08,20.62,1.98,0.01,0.02,14.65,13.91,14.28,14.22,99.19,0.58,73.11,2.37,210.7,3.25,210.63
2022,7,29,19,0,0,0,0,0,0,0,0,14.37,14.11,14.24,14.34,100,0.64,73.14,1.67,208.48,2.39,208.49
2022,7,29,20,0,0,0,0,0,0,0,0,14.26,14.16,14.21,14.4,100,0.64,73.19,1.34,205.22,2.03,205.58
2022,7,29,21,0,0,0,0,0,0,0,0,14.06,14.11,14.08,14.34,100,0.58,73.24,1.18,207.07,1.92,207.61
2022,7,29,22,0,0,0,0,0,0,0,0,13.8,13.84,13.82,14.1,100,0.52,73.27,1.04,213.1,1.79,214.87
2022,7,29,23,0,0,0,0,0,0,0,0,13.49,13.48,13.48,13.85,100,0.55,73.27,0.84,218.99,1.52,221.88
2022,7,30,0,0,0,0,0,0,0,0,0,13.12,13.09,13.11,13.55,100,0.61,73.23,0.64,229.47,1.17,230.15
2022,7,30,1,0,0,0,0,0,0,0,0,12.83,12.74,12.78,13.24,100,0.53,73.18,0.55,244.54,0.98,242.41
2022,7,30,2,0,0,0,0,0,0,0,0,12.6,12.4,12.5,13,100,0.4,73.14,0.46,263.23,0.79,259.8
2022,7,30,3,0,0,0,0,0,0,0,0,12.35,12.07,12.21,12.76,100,0.32,73.1,0.36,290.41,0.58,288.19
2022,7,30,4,0,0,0,0,0,0,0,0,12.11,11.72,11.91,12.45,100,0.25,73.09,0.38,334.49,0.58,335.17
2022,7,30,5,0.02,0.01,0.06,1.45,1.6,0.22,0,0,11.78,11.28,11.53,12.15,100,0.18,73.08,0.51,359.12,0.79,359.43
2022,7,30,6,0.17,0.41,0.86,22.12,50.15,3.27,0.02,0.08,12.91,11.51,12.21,12.39,96.81,0.28,73.08,0.64,9.81,0.84,9.11
2022,7,30,7,0.58,1.19,1.89,76.02,150.92,10.95,0.16,0.8,15.2,11.54,13.37,12.33,83.31,0.2,73.1,0.82,188.75,1,189.02
2022,7,30,8,0.94,2,2.83,128.98,254.38,19.55,0.47,2.38,16.39,12.02,14.21,12.7,79.25,0.2,73.13,2.14,189.05,2.67,188.91
2022,7,30,9,1.47,2.7,3.63,202.95,344.8,30.84,0.95,5.05,17.3,12.69,14.99,13.18,77.81,0.2,73.15,2.79,190.81,3.52,190.74
2022,7,30,10,1.56,3.24,4.23,219.5,412.48,34.27,1.22,6.05,18.01,13.4,15.71,13.73,77.38,0.28,73.15,3.37,194.91,4.28,194.82
2022,7,30,11,1.84,3.56,4.59,260.02,452.77,40.55,1.53,7.85,18.33,13.91,16.12,14.1,78.06,0.76,73.12,3.83,199.8,4.88,199.74
2022,7,30,12,1.53,3.5,4.68,222.9,440.95,33.77,1.28,6.73,18.3,14.15,16.23,14.34,79.38,0.31,73.08,4.14,204.05,5.31,203.96
2022,7,30,13,1.44,3.35,4.5,205.48,422.3,31.34,1.15,5.77,18.01,14.25,16.12,14.4,81.31,0.49,73.02,4.44,206.52,5.77,206.46
2022,7,30,14,1.29,2.95,4.06,180.73,370.92,27.15,0.91,4.58,17.34,14.26,15.8,14.47,84.75,0.65,72.96,4.48,210.59,5.87,210.56
2022,7,30,15,1.03,2.34,3.4,142.17,293.48,21.12,0.6,3.17,16.59,14.19,15.39,14.4,88.5,0.82,72.91,4.2,214.22,5.54,214.14
2022,7,30,16,0.66,1.59,2.54,88.8,197.62,13.25,0.28,1.4,15.83,14.1,14.96,14.34,92.69,0.9,72.88,3.65,217.16,4.86,217.22
2022,7,30,17,0.3,0.8,1.57,39.15,97.08,5.77,0.06,0.33,15.18,14.03,14.61,14.34,96.5,0.92,72.86,3.02,219.75,4.05,219.68
2022,7,30,18,0.11,0.17,0.53,12.92,20.27,1.79,0.01,0.02,14.58,13.98,14.29,14.34,100,0.65,72.88,2.3,219.76,3.16,219.68
2022,7,30,19,0,0,0,0,0,0,0,0,14.26,13.98,14.12,14.34,100,0.65,72.92,1.62,220.12,2.32,220.23
2022,7,30,20,0,0,0,0,0,0,0,0,14.02,13.87,13.94,14.22,100,0.67,72.95,1.29,222.79,1.93,223.04
2022,7,30,21,0,0,0,0,0,0,0,0,13.56,13.53,13.55,13.98,100,0.7,72.97,1.05,228.61,1.75,228.98
2022,7,30,22,0,0,0,0,0,0,0,0,13.1,13.15,13.12,13.67,100,0.77,72.98,0.87,231.9,1.59,232.4
2022,7,30,23,0,0,0,0,0,0,0,0,12.75,12.84,12.8,13.37,100,0.77,72.99,0.69,226.37,1.38,227.29
2022,7,31,0,0,0,0,0,0,0,0,0,12.47,12.48,12.47,13.06,100,0.75,72.96,0.59,239.69,1.22,240.16
2022,7,31,1,0,0,0,0,0,0,0,0,12.13,12.09,12.12,12.76,100,0.71,72.89,0.56,266.82,1.17,266.19
2022,7,31,2,0,0,0,0,0,0,0,0,11.8,11.68,11.74,12.51,100,0.68,72.84,0.59,285.32,1.21,283.77
2022,7,31,3,0,0,0,0,0,0,0,0,11.62,11.27,11.44,12.21,100,0.69,72.8,0.59,292.5,1.1,290.75
2022,7,31,4,0,0,0,0,0,0,0,0,11.63,10.94,11.29,11.96,100,0.71,72.78,0.51,299.31,0.85,296.8
2022,7,31,5,0.02,0.01,0.05,1.1,1.33,0.16,0,0,11.69,10.8,11.24,11.9,100,0.75,72.8,0.39,305.27,0.62,303.08
2022,7,31,6,0.11,0.33,0.86,13.95,40.77,1.99,0.01,0.05,12.95,11.39,12.17,12.33,95.75,0.87,72.84,0.52,293.09,0.66,294.44
2022,7,31,7,0.37,1.04,1.88,50.7,132.1,7.28,0.1,0.5,14.94,11.87,13.41,12.63,86.31,0.88,72.87,1.12,225.57,1.36,225.47
2022,7,31,8,0.74,1.82,2.83,102.95,235.1,14.86,0.34,1.67,16.33,12.55,14.44,13.12,82,0.84,72.89,2.06,203.74,2.54,203.73
2022,7,31,9,0.92,2.5,3.63,134.3,326.38,19.73,0.56,2.95,17.36,13.12,15.24,13.55,79.38,0.72,72.9,2.82,199.09,3.55,198.87
2022,7,31,10,1.34,3.1,4.23,196.85,398.25,29.06,0.98,4.88,18.14,13.7,15.92,14.04,78.19,0.55,72.89,3.45,199.01,4.4,198.85
2022,7,31,11,1.46,3.49,4.59,214.52,442.15,31.88,1.2,6.08,18.47,14.12,16.3,14.34,78.38,0.47,72.86,3.95,200.83,5.07,200.75
2022,7,31,12,1.21,3.57,4.68,186.62,451.27,28.14,1.06,5.52,18.29,14.27,16.28,14.47,79.88,0.47,72.82,4.28,203.01,5.54,202.99
2022,7,31,13,0.57,3.38,4.5,90.5,427.27,13.85,0.48,2.45,17.85,14.36,16.11,14.53,82.5,0.49,72.78,4.46,204.77,5.82,204.74
2022,7,31,14,0.36,2.94,4.06,58.1,371,8.84,0.28,1.42,17.19,14.37,15.77,14.59,86.06,0.47,72.74,4.4,207.29,5.8,207.26
2022,7,31,15,0.43,2.31,3.39,63.35,290.08,9.48,0.27,1.38,16.54,14.36,15.44,14.59,89.75,0.43,72.7,4.18,209.97,5.57,209.94
2022,7,31,16,0.4,1.54,2.54,54.27,190.92,7.91,0.16,0.8,15.98,14.34,15.16,14.65,93.25,0.35,72.68,3.89,212.6,5.24,212.58
2022,7,31,17,0.23,0.77,1.56,30.5,93,4.19,0.05,0.23,15.56,14.44,15.01,14.77,96.75,0.32,72.68,3.42,214.02,4.67,214.09
2022,7,31,18,0.09,0.16,0.52,11.15,19.23,1.56,0.01,0.02,15.12,14.65,14.89,15.01,100,0.93,72.7,2.5,212.75,3.46,212.65
2022,7,31,19,0,0,0,0,0,0,0,0,14.98,14.75,14.87,15.14,100,0.82,72.74,1.89,207.84,2.72,207.74
2022,7,31,20,0,0,0,0,0,0,0,0,14.95,14.86,14.9,15.2,100,0.69,72.79,1.94,205.84,2.85,205.86
2022,7,31,21,0,0,0,0,0,0,0,0,14.76,14.71,14.74,14.95,100,0.73,72.84,2.45,211.15,3.57,211.05
2022,7,31,22,0,0,0,0,0,0,0,0,14.47,14.52,14.5,14.71,100,0.7,72.85,2.44,211,3.61,211.11
2022,7,31,23,0,0,0,0,0,0,0,0,14.17,14.2,14.19,14.4,100,0.73,72.84,2.26,210.83,3.35,210.99
2022,8,1,0,0,0,0,0,0,0,0,0,13.66,13.73,13.69,14.04,100,0.66,72.81,1.6,212.84,2.5,212.9
2022,8,1,1,0,0,0,0,0,0,0,0,13.34,13.54,13.44,13.98,100,0.6,72.78,1.17,214.11,2.01,214.06
2022,8,1,2,0,0,0,0,0,0,0,0,13.19,13.46,13.33,13.92,100,0.55,72.75,1.07,216.95,1.93,217.1
2022,8,1,3,0,0,0,0,0,0,0,0,13.24,13.49,13.37,13.98,100,0.52,72.73,1.05,215.34,1.91,215.84
2022,8,1,4,0,0,0,0,0,0,0,0,13.27,13.52,13.4,13.98,100,0.55,72.74,1.02,210.89,1.87,211.17
2022,8,1,5,0.02,0.01,0.05,0.95,1.25,0.14,0,0,13.33,13.55,13.44,13.98,100,0.57,72.76,0.99,204.74,1.84,204.93
2022,8,1,6,0.15,0.35,0.85,18.65,41.3,2.62,0.02,0.05,14.01,13.76,13.88,14.16,100,0.6,72.81,1.51,201.25,2.21,200.94
2022,8,1,7,0.53,1.09,1.88,68.58,134.2,9.55,0.13,0.65,14.49,13.9,14.19,14.28,100,0.65,72.87,2.26,195.67,3.08,195.59
2022,8,1,8,0.94,1.89,2.82,128.92,237.92,18.74,0.43,2.15,14.94,14.01,14.48,14.34,98.06,0.73,72.92,2.89,193.77,3.88,193.73
2022,8,1,9,1.17,2.61,3.63,163.33,329.48,24.04,0.7,3.7,15.3,14.11,14.7,14.34,95.94,0.75,72.96,3.59,195.67,4.82,195.7
2022,8,1,10,1.24,3.16,4.23,180.88,398.62,27.11,0.91,4.55,15.81,14.31,15.06,14.47,93.75,0.76,72.95,4.32,197.81,5.78,197.8
2022,8,1,11,1.08,3.47,4.58,165.67,439.55,25.22,0.91,4.58,16.08,14.33,15.21,14.47,92,0.77,72.92,4.83,200.17,6.47,200.12
2022,8,1,12,1.02,3.55,4.68,161.73,449.85,24.55,0.9,4.7,16.08,14.19,15.14,14.34,91,0.79,72.87,4.97,202.34,6.67,202.3
2022,8,1,13,0.91,3.38,4.5,140.42,430.58,21.52,0.77,3.83,15.99,14.01,15.01,14.16,90.56,0.81,72.83,4.8,203.93,6.4,203.97
2022,8,1,14,0.81,2.99,4.06,124.5,381.1,19.02,0.61,3.08,15.8,13.84,14.82,14.04,90.88,0.77,72.79,4.35,204.31,5.8,204.35
2022,8,1,15,0.48,2.39,3.39,75.2,305.3,11.7,0.31,1.65,15.48,13.69,14.58,13.98,92.12,0.79,72.77,3.8,204.93,5.06,204.9
2022,8,1,16,0.48,1.65,2.53,67.9,209.15,10.14,0.2,1,14.91,13.49,14.2,13.85,94.81,0.82,72.76,3.1,205.72,4.13,205.64
2022,8,1,17,0.28,0.84,1.55,37.23,104.92,5.39,0.05,0.27,14.3,13.36,13.83,13.85,98.56,0.87,72.76,2.44,205.66,3.27,205.65
2022,8,1,18,0.08,0.18,0.51,9.12,21,1.28,0.01,0.02,13.61,13.14,13.37,13.79,100,0.87,72.79,1.26,209.74,1.81,208.89
2022,8,1,19,0,0,0,0,0,0,0,0,12.96,12.83,12.9,13.55,100,0.73,72.85,0.72,227.19,1.31,218.93
2022,8,1,20,0,0,0,0,0,0,0,0,12.9,12.76,12.83,13.49,100,0.57,72.9,0.59,243.43,1.13,227.81
2022,8,1,21,0,0,0,0,0,0,0,0,12.91,12.8,12.86,13.49,100,0.42,72.94,0.47,229.71,0.98,216.6
2022,8,1,22,0,0,0,0,0,0,0,0,12.8,12.82,12.81,13.49,100,0.31,72.96,0.55,217.52,1.16,210.7
2022,8,1,23,0,0,0,0,0,0,0,0,12.76,12.82,12.79,13.49,100,0.24,72.95,0.67,209.25,1.36,205.24
2022,8,2,0,0,0,0,0,0,0,0,0,12.75,12.86,12.8,13.49,100,0.27,72.91,0.71,199.23,1.45,197.95
2022,8,2,1,0,0,0,0,0,0,0,0,12.69,12.8,12.74,13.43,100,0.37,72.86,0.76,194.89,1.49,194.62
2022,8,2,2,0,0,0,0,0,0,0,0,12.64,12.77,12.71,13.37,100,0.49,72.82,0.81,196.17,1.58,196.1
2022,8,2,3,0,0,0,0,0,0,0,0,12.58,12.76,12.66,13.37,100,0.51,72.8,0.88,195.52,1.68,195.65
2022,8,2,4,0,0,0,0,0,0,0,0,12.52,12.76,12.64,13.31,100,0.45,72.78,0.89,196.36,1.74,196.48
2022,8,2,5,0.02,0.01,0.05,0.92,1.27,0.14,0,0,12.5,12.76,12.63,13.31,100,0.35,72.8,0.94,196.34,1.82,196.49
2022,8,2,6,0.11,0.37,0.84,13.73,45.38,1.97,0.01,0.05,13.43,13.22,13.33,13.67,100,0.27,72.86,1.8,194.04,2.59,194.12
2022,8,2,7,0.38,1.14,1.87,49.77,144.23,7.25,0.1,0.52,13.96,13.33,13.65,13.73,100,0.18,72.93,2.59,198.49,3.5,198.48
2022,8,2,8,0.83,1.96,2.82,112.38,250.27,16.69,0.4,1.98,14.39,13.3,13.84,13.61,96.56,0.22,72.98,2.97,198.72,3.95,198.69
2022,8,2,9,1.37,2.67,3.62,188.52,341.48,27.85,0.82,4.38,14.88,13.41,14.15,13.67,94,0.24,73.02,3.26,196.3,4.27,196.25
2022,8,2,10,1.51,3.21,4.22,213.6,409.92,31.96,1.1,5.45,15.31,13.39,14.35,13.61,91,0.3,73.03,3.44,193.28,4.48,193.31
2022,8,2,11,1.62,3.53,4.58,231.75,451.42,34.56,1.28,6.52,15.43,13.23,14.33,13.49,89.38,0.44,73.01,3.28,190.7,4.26,190.77
2022,8,2,12,1.21,3.61,4.67,185.02,460.65,28.37,1.05,5.5,15.48,13.16,14.32,13.43,88.62,0.65,72.96,2.97,188.94,3.84,189.14
2022,8,2,13,1.19,3.45,4.49,179.27,439.02,27.52,1.01,5.05,15.57,13.19,14.37,13.43,88.25,0.87,72.91,2.65,190.02,3.42,190.13
2022,8,2,14,0.82,3.04,4.05,125.4,386.7,19.38,0.65,3.23,15.79,13.23,14.51,13.49,87.19,1,72.86,2.53,192.49,3.25,192.5
2022,8,2,15,0.64,2.43,3.38,95.4,308.9,14.73,0.42,2.17,15.74,13.38,14.56,13.61,88.31,1.09,72.83,2.53,195.19,3.27,195.23
2022,8,2,16,0.79,1.66,2.52,107.45,210.33,15.66,0.33,1.62,15.55,13.51,14.53,13.73,90.19,1.12,72.82,2.5,196.51,3.24,196.38
2022,8,2,17,0.48,0.84,1.54,62.15,104.65,8.68,0.09,0.48,15.08,13.53,14.3,13.73,93.06,1.07,72.85,2.31,195.68,3.03,195.72
2022,8,2,18,0.11,0.17,0.5,13.33,20.48,1.89,0.01,0.02,14.16,13.55,13.86,13.73,98.81,0.38,72.9,1.6,192.95,2.24,192.68
2022,8,2,19,0,0,0,0,0,0,0,0,13.42,13.45,13.44,13.61,100,0.34,72.97,0.8,188.45,1.46,188.61
2022,8,2,20,0,0,0,0,0,0,0,0,13.23,13.34,13.29,13.55,100,0.28,73.06,0.7,185.14,1.4,185.11
2022,8,2,21,0,0,0,0,0,0,0,0,13.05,13.17,13.12,13.37,100,0.17,73.12,0.65,183.45,1.35,183.33
2022,8,2,22,0,0,0,0,0,0,0,0,12.91,12.97,12.94,13.18,100,0.11,73.13,0.63,184.29,1.23,184.01
2022,8,2,23,0,0,0,0,0,0,0,0,12.78,12.72,12.75,13,100,0.06,73.11,0.5,196.19,0.99,193.71
2022,8,3,0,0,0,0,0,0,0,0,0,12.45,12.38,12.42,12.7,100,0.04,73.07,0.28,223.88,0.62,213.69
2022,8,3,1,0,0,0,0,0,0,0,0,12.1,12.06,12.08,12.45,100,0.02,73.04,0.07,212.01,0.2,203.5
2022,8,3,2,0,0,0,0,0,0,0,0,11.93,11.78,11.86,12.21,100,0.02,73.02,0.05,116.57,0.1,90
2022,8,3,3,0,0,0,0,0,0,0,0,11.8,11.54,11.67,12.02,100,0.01,73,0.14,77.47,0.37,57.99
2022,8,3,4,0,0,0,0,0,0,0,0,11.76,11.32,11.54,11.84,99.75,0.01,73.01,0.32,32.15,0.77,28.38
2022,8,3,5,0,0,0,0,0,0,0,0,11.73,10.91,11.33,11.54,97.31,0.01,73,0.7,358.07,1.31,0.34
2022,8,3,6,0.23,0.38,0.88,28.67,45.9,3.93,0.02,0.1,13.31,11.83,12.58,12.39,94.19,0,73.03,0.6,353.99,1.02,356.92
2022,8,3,7,0.72,1.12,1.87,92.38,140.85,12.7,0.18,0.88,15.58,11.72,13.65,12.21,80.5,0.01,73.1,0.84,186.93,1.05,186.81
2022,8,3,8,1.38,1.93,2.82,179.85,244.27,25.34,0.59,2.95,16.37,12.4,14.39,12.76,79.94,0.01,73.16,2.16,186.87,2.72,186.94
2022,8,3,9,1.91,2.64,3.62,254.48,335.2,36.05,1.08,5.77,16.96,13,14.98,13.24,80.12,0.03,73.21,2.53,184.78,3.19,184.78
2022,8,3,10,1.95,3.19,4.22,267.67,404.95,38.82,1.34,6.67,17.39,13.49,15.44,13.73,80.56,0.04,73.23,2.83,181.11,3.59,181.25
2022,8,3,11,1.76,3.51,4.58,248.1,445.33,36.54,1.34,6.9,17.74,13.89,15.81,14.1,80.88,0.06,73.21,3.03,181.18,3.85,181.39
2022,8,3,12,1.66,3.58,4.67,239.9,454.12,35.41,1.32,6.92,18.07,14.19,16.13,14.34,80.75,0.09,73.16,3.19,182.53,4.07,182.64
2022,8,3,13,1.36,3.41,4.49,198.25,432.45,29.7,1.08,5.4,18.23,14.39,16.3,14.59,81,0.14,73.11,3.29,184.63,4.21,184.79
2022,8,3,14,1.24,3.01,4.05,174.35,380.83,25.86,0.85,4.27,18.01,14.42,16.21,14.59,82.25,0.19,73.07,3.28,186.97,4.23,187.01
2022,8,3,15,0.94,2.38,3.38,131.6,299.77,19.41,0.54,2.85,17.46,14.48,15.97,14.65,85.38,0.2,73.03,3.08,190.37,3.99,190.39
2022,8,3,16,0.6,1.6,2.52,81.02,199.15,11.88,0.25,1.23,16.73,14.57,15.65,14.71,89.94,0.2,73.02,2.71,194.72,3.53,194.74
2022,8,3,17,0.29,0.79,1.53,38.08,95.23,5.34,0.06,0.3,15.98,14.7,15.34,14.89,95.19,0.19,73.01,2.37,198.67,3.12,198.71
2022,8,3,18,0.08,0.16,0.49,9.65,18.23,1.37,0.01,0.02,15.31,14.83,15.07,14.95,100,0.12,73.03,1.92,197.26,2.66,197.1
2022,8,3,19,0,0,0,0,0,0,0,0,14.87,14.86,14.87,15.01,100,0.08,73.1,1.25,183.22,1.96,183.21
2022,8,3,20,0,0,0,0,0,0,0,0,14.86,14.97,14.91,15.08,100,0.06,73.19,1.12,182,1.87,181.68
2022,8,3,21,0,0,0,0,0,0,0,0,14.85,15.05,14.95,15.14,100,0.1,73.22,1.09,186.97,1.88,187.15
2022,8,3,22,0,0,0,0,0,0,0,0,14.8,15.04,14.92,15.14,100,0.23,73.23,1.23,184.37,2.08,184.53
2022,8,3,23,0,0,0,0,0,0,0,0,14.74,14.95,14.84,15.01,100,0.29,73.21,1.52,182.66,2.44,183.12
2022,8,4,0,0,0,0,0,0,0,0,0,14.57,14.77,14.67,14.89,100,0.37,73.17,1.67,179.2,2.66,179.83
2022,8,4,1,0,0,0,0,0,0,0,0,14.32,14.52,14.42,14.65,100,0.32,73.12,1.62,175.86,2.59,176.71
2022,8,4,2,0,0,0,0,0,0,0,0,13.94,14.21,14.08,14.4,100,0.18,73.1,1.21,174.44,2.11,175.32
2022,8,4,3,0,0,0,0,0,0,0,0,13.79,14.05,13.91,14.22,100,0.13,73.09,1.08,173.34,1.97,174.09
2022,8,4,4,0,0,0,0,0,0,0,0,13.62,13.91,13.77,14.16,100,0.07,73.09,1,171.93,1.91,172.73
2022,8,4,5,0,0,0,0,0,0,0,0,13.5,13.79,13.65,14.04,100,0.04,73.09,0.96,171.15,1.87,171.84
2022,8,4,6,0.08,0.33,0.87,9.7,39.02,1.41,0.01,0.02,14.39,14.1,14.25,14.34,100,0.06,73.13,1.9,164.99,2.67,165.23
2022,8,4,7,0.43,1.01,1.86,56.42,124.55,8.13,0.12,0.58,15.09,13.89,14.49,14.22,96.69,0.07,73.18,2.58,164.36,3.42,164.34
2022,8,4,8,0.85,1.84,2.81,115.65,230.1,16.64,0.38,1.92,16,13.62,14.81,13.92,89.44,0.11,73.2,2.73,166.96,3.54,166.98
2022,8,4,9,1.09,2.59,3.62,152.92,327.42,22.42,0.66,3.45,16.89,13.57,15.23,13.92,84.38,0.17,73.22,2.89,175.82,3.7,175.88
2022,8,4,10,1.46,3.16,4.22,206.25,400.27,30.42,1.03,5.12,17.23,13.76,15.5,14.1,83.62,0.23,73.23,3.02,182.97,3.86,182.9
2022,8,4,11,1.7,3.5,4.58,239.73,443.35,35.33,1.28,6.5,17.76,14.15,15.96,14.4,82.44,0.27,73.21,3.49,187.59,4.49,187.59
2022,8,4,12,1.52,3.57,4.67,222.75,453.3,32.95,1.2,6.27,17.55,14.4,15.97,14.53,84.5,0.33,73.17,4.07,188.72,5.32,188.78
2022,8,4,13,1.54,3.41,4.49,219.75,432.5,32.71,1.16,5.83,17.52,14.49,16.01,14.59,84.81,0.4,73.12,4.34,188.38,5.7,188.43
2022,8,4,14,1.31,3,4.04,186.25,380.73,27.48,0.89,4.45,17.02,14.28,15.65,14.34,86.19,0.42,73.08,4.24,186.98,5.61,187.04
2022,8,4,15,1.16,2.38,3.37,158.52,301.33,23.15,0.64,3.33,16.67,14.06,15.37,14.16,86.94,0.37,73.06,3.89,185.76,5.14,185.94
2022,8,4,16,0.78,1.6,2.51,105.38,199.95,15.03,0.3,1.5,16.18,13.71,14.94,13.85,87.69,0.31,73.06,3.32,185.54,4.4,185.71
2022,8,4,17,0.39,0.78,1.52,48.83,95.08,6.77,0.07,0.35,15.41,13.41,14.41,13.61,90.56,0.25,73.07,2.47,186,3.26,186.19
2022,8,4,18,0.13,0.15,0.48,15.17,17.73,2.08,0.01,0.02,14.41,13.37,13.9,13.61,96.81,0.28,73.11,1.3,189.69,1.76,189.46
2022,8,4,19,0,0,0,0,0,0,0,0,13.93,13.31,13.62,13.61,99.75,0.23,73.14,0.5,198.15,0.69,197.2
2022,8,4,20,0,0,0,0,0,0,0,0,13.76,13.05,13.4,13.43,99.31,0.2,73.17,0.13,266.42,0.18,267.51
2022,8,4,21,0,0,0,0,0,0,0,0,13.55,12.78,13.16,13.18,99.19,0.17,73.2,0.18,318.58,0.28,316.12
2022,8,4,22,0,0,0,0,0,0,0,0,13.4,12.46,12.93,12.94,98.44,0.13,73.21,0.2,298.61,0.29,295.87
2022,8,4,23,0,0,0,0,0,0,0,0,13.08,12.15,12.62,12.76,98.81,0.15,73.19,0.23,262.15,0.33,260.54
2022,8,5,0,0,0,0,0,0,0,0,0,12.7,11.98,12.34,12.63,100,0.17,73.14,0.35,262.41,0.53,263.19
2022,8,5,1,0,0,0,0,0,0,0,0,12.37,11.76,12.06,12.45,100,0.16,73.09,0.4,274.48,0.6,274.51
2022,8,5,2,0,0,0,0,0,0,0,0,12.23,11.53,11.88,12.27,100,0.16,73.07,0.25,244.23,0.35,243.43
2022,8,5,3,0,0,0,0,0,0,0,0,12,11.48,11.74,12.27,100,0.15,73.04,0.25,275.36,0.36,273.73
2022,8,5,4,0,0,0,0,0,0,0,0,11.78,11.23,11.51,12.08,100,0.07,73.02,0.44,320.06,0.67,321.13
2022,8,5,5,0,0,0,0,0,0,0,0,11.63,10.78,11.2,11.78,100,0.02,73.02,0.57,343.3,0.92,344.19
2022,8,5,6,0.29,0.35,0.86,35.8,42.55,4.72,0.02,0.1,12.46,11.17,11.82,12.08,97.62,0,73.05,0.62,352.07,1.01,352
2022,8,5,7,0.82,1.08,1.85,104,134.4,13.84,0.19,0.92,13.96,11,12.48,11.96,87.69,0,73.07,0.87,332.29,1.1,332.53
2022,8,5,8,1.45,1.87,2.81,186.62,235.2,25.43,0.56,2.85,16.4,11.58,14,12.39,77.44,0,73.08,1.13,245.92,1.38,245.61
2022,8,5,9,2.13,2.6,3.61,277.67,329,38.62,1.12,5.85,18.11,12.51,15.31,13.12,73.44,0,73.08,2.25,211.37,2.81,210.91
2022,8,5,10,2.38,3.16,4.22,313.23,400.92,45.15,1.53,7.75,18.99,13.51,16.25,13.92,73.81,0,73.08,3.1,200.35,3.94,200.2
2022,8,5,11,2.48,3.5,4.58,336.75,442.42,48.72,1.79,9.3,19.38,14.41,16.9,14.71,76.06,0.03,73.04,3.6,198.59,4.6,198.53
2022,8,5,12,2.21,3.6,4.67,306.62,454.23,44.86,1.68,8.9,19.37,14.85,17.11,15.08,77.94,0.08,72.98,3.75,200.63,4.8,200.5
2022,8,5,13,2.12,3.43,4.48,286.1,432.2,41.45,1.5,7.65,19.16,14.98,17.08,15.2,79.44,0.12,72.91,3.78,202.37,4.86,202.31
2022,8,5,14,1.85,3.01,4.04,251.23,380.5,36.16,1.2,6,18.89,15.07,16.98,15.26,81.12,0.14,72.85,3.72,202.96,4.81,202.94
2022,8,5,15,1.38,2.38,3.36,187.27,299.45,26.77,0.73,3.85,18.37,15.09,16.73,15.26,83.88,0.17,72.8,3.57,201.29,4.64,201.21
2022,8,5,16,0.81,1.61,2.5,108.33,200.73,15.24,0.3,1.5,17.62,15.12,16.37,15.32,88.06,0.17,72.79,3.33,199.58,4.38,199.5
2022,8,5,17,0.4,0.8,1.51,51.42,97.05,7.05,0.08,0.38,16.6,15.18,15.89,15.38,94.19,0.15,72.8,2.87,199.08,3.83,199.06
2022,8,5,18,0.13,0.15,0.47,15.02,17.3,2.04,0.01,0.02,15.83,15.26,15.55,15.44,99.44,0.17,72.85,2.15,196.72,2.95,196.61
2022,8,5,19,0,0,0,0,0,0,0,0,15.47,15.33,15.4,15.44,100,0.15,72.9,1.48,190.66,2.2,190.83
2022,8,5,20,0,0,0,0,0,0,0,0,15.37,15.34,15.36,15.44,100,0.17,72.95,1.56,187.48,2.37,187.97
2022,8,5,21,0,0,0,0,0,0,0,0,15.29,15.32,15.3,15.44,100,0.31,72.97,1.73,187.77,2.64,188.18
2022,8,5,22,0,0,0,0,0,0,0,0,15.15,15.21,15.18,15.32,100,0.61,72.96,2,185.82,3.02,186.24
2022,8,5,23,0,0,0,0,0,0,0,0,14.84,14.87,14.86,15.01,100,0.78,72.95,2.46,185.84,3.61,186.22
2022,8,6,0,0,0,0,0,0,0,0,0,14.01,13.98,14,14.34,100,0.88,72.94,2.08,184.32,3.08,184.8
2022,8,6,1,0,0,0,0,0,0,0,0,13.51,13.55,13.53,14.04,100,1.15,72.91,1.72,181.3,2.67,181.85
2022,8,6,2,0,0,0,0,0,0,0,0,13.01,13.21,13.12,13.73,100,1.42,72.9,1.48,183.03,2.38,183.2
2022,8,6,3,0,0,0,0,0,0,0,0,12.62,12.83,12.73,13.49,100,1.45,72.89,0.96,188.92,1.78,187.81
2022,8,6,4,0,0,0,0,0,0,0,0,12.42,12.52,12.47,13.31,100,1.43,72.88,0.72,191.92,1.42,189.15
2022,8,6,5,0,0,0,0,0,0,0,0,12.48,12.14,12.31,13.06,100,1.4,72.9,0.51,181.76,0.84,179.46
2022,8,6,6,0.12,0.34,0.85,14.9,39.85,2.15,0.01,0.05,12.66,11.83,12.24,12.88,100,1.43,72.94,0.18,172.57,0.21,158.2
2022,8,6,7,0.43,1.01,1.85,56.2,123.6,8.09,0.12,0.58,13.04,11.44,12.24,12.45,96.75,0.7,72.99,0.4,0,0.57,2.35
2022,8,6,8,0.88,1.81,2.8,120.1,225.17,17.17,0.4,2,13.58,10.94,12.26,11.9,89.31,0.35,73.03,1.01,348.86,1.28,349.44
2022,8,6,9,1.29,2.54,3.61,179.95,318.3,25.77,0.76,4.05,14.9,11,12.95,11.84,81.5,0.22,73.01,1.07,333.43,1.31,333.74
2022,8,6,10,1.63,3.1,4.21,227.12,390,33.05,1.13,5.6,17.21,11.77,14.49,12.39,73.44,0.14,72.96,1.07,232.71,1.31,232.03
2022,8,6,11,1.77,3.46,4.57,246.2,435.3,35.81,1.31,6.75,18.03,12.57,15.3,13.06,73.31,0.13,72.91,2.48,199.92,3.15,199.74
2022,8,6,12,1.95,3.6,4.67,278.88,454.3,41.26,1.55,8.12,17.89,13.19,15.54,13.61,77.06,0.15,72.87,2.93,196.11,3.76,195.91
2022,8,6,13,2.17,3.39,4.48,296.23,428.88,43.06,1.56,7.92,17.49,13.58,15.53,13.98,81,0.22,72.83,3.01,195.8,3.88,195.55
2022,8,6,14,2.14,2.96,4.04,286.08,375,40.23,1.31,6.65,17.22,13.78,15.5,14.16,83.5,0.35,72.78,2.96,198,3.81,197.91
2022,8,6,15,1.57,2.33,3.36,208.27,294.55,29.44,0.8,4.17,16.9,13.94,15.43,14.28,86,0.47,72.75,2.83,200.33,3.66,200.21
2022,8,6,16,1.07,1.59,2.49,139.8,199.62,19.44,0.39,1.92,16.51,14.13,15.32,14.47,89.31,0.62,72.75,2.64,201.33,3.42,201.17
2022,8,6,17,0.48,0.76,1.5,59.15,92.73,8.07,0.09,0.42,15.66,14.28,14.97,14.59,95.06,0.73,72.77,2.37,200.89,3.12,200.84
2022,8,6,18,0.11,0.14,0.45,13.42,16.73,1.88,0.01,0.02,14.94,14.44,14.69,14.77,100,0.53,72.8,1.72,199.92,2.38,199.74
2022,8,6,19,0,0,0,0,0,0,0,0,14.54,14.5,14.52,14.77,100,0.59,72.84,1,193.5,1.64,193.51
2022,8,6,20,0,0,0,0,0,0,0,0,14.48,14.57,14.52,14.89,100,0.6,72.88,1.09,187.84,1.81,187.95
2022,8,6,21,0,0,0,0,0,0,0,0,14.53,14.62,14.58,14.95,100,0.52,72.92,1.4,182.56,2.24,182.59
2022,8,6,22,0,0,0,0,0,0,0,0,14.62,14.77,14.69,15.08,100,0.43,72.96,1.85,180,2.87,180.47
2022,8,6,23,0,0,0,0,0,0,0,0,14.34,14.68,14.51,14.95,100,0.31,73,2.36,180.38,3.6,180.75
2022,8,7,0,0,0,0,0,0,0,0,0,13.8,14.05,13.93,14.34,100,0.19,73.02,1.96,182.28,3.04,182.36
2022,8,7,1,0,0,0,0,0,0,0,0,12.73,12.73,12.73,13.37,100,0.09,73.01,1.12,191.31,1.79,191.31
2022,8,7,2,0,0,0,0,0,0,0,0,12.37,11.76,12.06,12.57,100,0.05,72.98,0.42,217.5,0.55,234.27
2022,8,7,3,0,0,0,0,0,0,0,0,12.32,11.41,11.87,12.21,99.31,0.03,72.95,0.23,326.31,0.64,334.06
2022,8,7,4,0,0,0,0,0,0,0,0,12.59,10.97,11.78,11.78,94.19,0.02,72.94,0.45,351.03,0.91,347.04
2022,8,7,5,0,0,0,0,0,0,0,0,12.71,10.67,11.69,11.54,91.25,0.02,72.96,0.41,1.1,0.86,355.84
2022,8,7,6,0.35,0.36,0.84,41.85,43.25,5.4,0.02,0.12,14.02,11.89,12.96,12.63,91.75,0.02,73,0.39,34.33,0.7,22.28
2022,8,7,7,1.03,1.11,1.84,123.95,136.25,15.57,0.2,1,15.93,11.16,13.55,11.9,76.75,0.03,73.04,0.74,100.36,0.92,98.75
2022,8,7,8,1.89,1.94,2.8,237.85,243.88,31.45,0.68,3.38,17.52,11.44,14.48,12.15,70.69,0.03,73.07,1.99,151.62,2.51,151.52
2022,8,7,9,2.56,2.66,3.61,327.4,336.92,45.05,1.29,6.6,18.21,12.24,15.23,12.88,71.62,0.04,73.09,2.63,164.64,3.31,164.65
2022,8,7,10,2.98,3.21,4.21,386.12,407.1,54.62,1.85,9.58,18.72,13.12,15.92,13.61,73.5,0.04,73.07,2.94,170.66,3.71,170.66
2022,8,7,11,2.79,3.54,4.57,374.4,448.15,54.13,2.01,10.5,18.94,13.87,16.4,14.28,75.94,0.07,73.04,3.16,174.75,3.99,174.84
2022,8,7,12,2.33,3.66,4.66,326.85,464.25,48.5,1.85,9.75,19.03,14.34,16.69,14.65,77.44,0.12,72.98,3.24,178.21,4.1,178.25
2022,8,7,13,1.9,3.5,4.48,264.73,443.67,39.56,1.45,7.42,19.05,14.51,16.79,14.83,78.12,0.17,72.92,3.17,180,4.01,180
2022,8,7,14,1.64,3.09,4.03,228.67,393.42,34.02,1.15,5.83,18.94,14.57,16.76,14.89,78.88,0.21,72.87,3.15,180.43,4.01,180.45
2022,8,7,15,1.23,2.48,3.35,170.38,316.3,25.16,0.71,3.67,18.56,14.55,16.55,14.83,80.62,0.22,72.84,3.17,179.01,4.08,179.12
2022,8,7,16,0.84,1.72,2.49,113.75,218.45,16.39,0.34,1.65,17.9,14.47,16.19,14.77,83.5,0.19,72.83,3.01,177.62,3.92,177.6
2022,8,7,17,0.39,0.87,1.49,48.52,108.35,6.51,0.07,0.33,16.91,14.57,15.74,14.83,89.31,0.12,72.85,2.56,178.25,3.38,178.41
2022,8,7,18,0.09,0.17,0.44,10.88,19.4,1.52,0.01,0.02,15.73,14.83,15.28,15.01,97.69,0.06,72.89,1.67,180.54,2.26,180.59
2022,8,7,19,0,0,0,0,0,0,0,0,15.19,14.97,15.08,15.14,100,0.06,72.95,0.84,181.07,1.36,181.97
2022,8,7,20,0,0,0,0,0,0,0,0,14.89,14.84,14.87,14.95,100,0.05,73.01,0.69,182.6,1.28,183.16
2022,8,7,21,0,0,0,0,0,0,0,0,14.59,14.65,14.62,14.77,100,0.04,73.07,0.62,192.3,1.2,191.68
2022,8,7,22,0,0,0,0,0,0,0,0,14.32,14.32,14.32,14.47,100,0.04,73.08,0.54,202.87,1.03,199.95
2022,8,7,23,0,0,0,0,0,0,0,0,13.74,13.65,13.7,13.98,100,0.04,73.05,0.17,223.15,0.33,212.57
2022,8,8,0,0,0,0,0,0,0,0,0,13.23,13.12,13.17,13.49,100,0.04,73,0.25,28.18,0.6,13.5
2022,8,8,1,0,0,0,0,0,0,0,0,12.83,12.31,12.57,12.82,100,0.03,72.96,0.59,23.2,1.19,16.77
2022,8,8,2,0,0,0,0,0,0,0,0,13.08,11.4,12.24,12.15,93.94,0.01,72.96,0.68,20.71,1.18,18.08
2022,8,8,3,0,0,0,0,0,0,0,0,13.55,10.57,12.06,11.54,86.69,0.01,72.97,0.7,28,1.07,27.31
2022,8,8,4,0,0,0,0,0,0,0,0,13.62,9.88,11.75,11.11,82.81,0.01,72.97,0.71,31.07,1.07,32.18
2022,8,8,5,0,0,0,0,0,0,0,0,13.73,9.31,11.51,10.74,79.5,0.01,72.96,0.8,19.5,1.2,20.21
2022,8,8,6,0.36,0.39,0.83,42.52,45.62,5.45,0.02,0.1,15.33,10.99,13.15,12.02,80.62,0,72.99,0.71,15.42,1.11,15.89
2022,8,8,7,0.94,1.14,1.84,115.05,141.17,14.97,0.2,0.98,18.19,11.07,14.63,12.08,67.5,0,73.01,0.91,114.36,1.16,114.67
2022,8,8,8,1.67,1.97,2.79,211.02,248.02,28.79,0.64,3.23,19.23,11.77,15.5,12.57,65.69,0,73.04,2.21,155.34,2.81,155.57
2022,8,8,9,2.29,2.7,3.6,295.23,341.65,41.63,1.23,6.58,19.68,12.74,16.21,13.37,67.88,0.01,73.06,3.01,165.24,3.84,165.37
2022,8,8,10,2.82,3.25,4.21,365.75,410.75,52.76,1.81,9.08,19.67,13.71,16.69,14.22,72.25,0.01,73.07,3.46,167.47,4.41,167.42
2022,8,8,11,2.75,3.57,4.57,366.6,451.12,53.71,1.99,10.23,19.45,14.39,16.92,14.83,76.25,0.03,73.06,3.66,168.16,4.67,168.13
2022,8,8,12,2.65,3.57,4.66,358.75,449.95,51.91,1.95,10.27,19.3,14.62,16.96,15.01,77.81,0.05,73.01,3.86,169.03,4.97,169.04
2022,8,8,13,1.62,3.42,4.47,224.98,431.52,34.07,1.23,6.23,18.85,14.81,16.83,15.14,80.62,0.07,72.95,3.97,171.17,5.16,171.12
2022,8,8,14,1.18,3.03,4.03,168.23,383.62,25.57,0.85,4.3,18.31,15.08,16.69,15.32,84.5,0.1,72.89,3.74,172.56,4.88,172.54
2022,8,8,15,1.14,2.45,3.34,154.6,309.88,23.08,0.66,3.45,17.91,15.15,16.54,15.38,86.81,0.12,72.84,3.38,169.49,4.43,169.52
2022,8,8,16,0.61,1.71,2.48,85.12,216.83,12.35,0.23,1.12,17.3,15.23,16.27,15.44,90.44,0.14,72.81,2.93,164.22,3.87,164.17
2022,8,8,17,0.48,0.88,1.48,59.02,109.62,8.16,0.09,0.42,16.58,15.46,16.02,15.62,95.94,0.16,72.81,2.41,159.27,3.2,159.26
2022,8,8,18,0.1,0.17,0.43,11.02,19.65,1.54,0.01,0.02,16.11,15.65,15.87,15.81,100,0.09,72.82,1.73,163.45,2.41,163.44
2022,8,8,19,0,0,0,0,0,0,0,0,15.76,15.68,15.73,15.81,100,0.09,72.9,1.06,182.12,1.71,182.09
2022,8,8,20,0,0,0,0,0,0,0,0,15.59,15.61,15.6,15.69,100,0.08,72.98,1.11,190.92,1.86,189.9
2022,8,8,21,0,0,0,0,0,0,0,0,15.3,15.45,15.37,15.56,100,0.08,73.04,1.21,190.44,2.04,189.72
2022,8,8,22,0,0,0,0,0,0,0,0,14.94,15.15,15.05,15.2,100,0.08,73.06,1.17,193.11,2.02,192.96
2022,8,8,23,0,0,0,0,0,0,0,0,14.47,14.61,14.54,14.65,100,0.08,73.07,1.07,194.34,1.9,194.55
2022,8,9,0,0,0,0,0,0,0,0,0,13.92,13.9,13.91,14.04,100,0.08,73.07,0.9,200.79,1.6,202.32
2022,8,9,1,0,0,0,0,0,0,0,0,13.48,13.23,13.36,13.49,100,0.06,73.08,0.57,221.11,0.95,223.33
2022,8,9,2,0,0,0,0,0,0,0,0,13.06,12.77,12.92,13.12,100,0.05,73.08,0.28,247.01,0.46,262.15
2022,8,9,3,0,0,0,0,0,0,0,0,12.79,12.34,12.56,12.76,100,0.03,73.08,0.22,294.78,0.46,303.96
2022,8,9,4,0,0,0,0,0,0,0,0,12.58,11.83,12.21,12.33,98.75,0.01,73.06,0.34,324.46,0.68,329.6
2022,8,9,5,0,0,0,0,0,0,0,0,12.73,11.37,12.05,11.96,94.81,0,73.06,0.56,343.07,1.12,347.51
2022,8,9,6,0.38,0.42,0.82,45.83,50.65,5.53,0.02,0.1,14.65,12.48,13.57,13.06,91.25,0.01,73.07,0.69,359.35,1.16,358.45
2022,8,9,7,1.11,1.2,1.83,138.45,152.05,17.32,0.22,1.1,17.4,11.95,14.68,12.63,74.19,0,73.09,0.66,105.2,0.8,102.41
2022,8,9,8,1.85,2.02,2.79,235.05,256.52,31.86,0.7,3.5,18.73,12.12,15.43,12.88,69.5,0,73.1,1.86,155.48,2.31,155.43
2022,8,9,9,2.6,2.73,3.6,333.92,346.02,46.88,1.37,7.12,19.62,12.67,16.15,13.43,68.62,0,73.1,2.63,160.38,3.31,160.41
2022,8,9,10,2.78,3.27,4.2,360.98,413.33,52.55,1.8,9.2,20.13,13.47,16.8,14.16,70,0,73.09,3.18,162.99,4.03,162.86
2022,8,9,11,2.84,3.59,4.57,376.7,453.12,55.67,2.08,10.83,20.35,14.19,17.27,14.77,72.06,0,73.06,3.47,164.3,4.41,164.26
2022,8,9,12,2.57,3.67,4.66,350.9,462.23,52.38,1.99,10.48,20.38,14.69,17.53,15.2,73.69,0.02,73,3.67,164.84,4.69,164.83
2022,8,9,13,2.1,3.51,4.47,281.88,440.33,42.39,1.56,7.95,20.27,14.98,17.62,15.38,75,0.03,72.94,3.71,165.38,4.76,165.35
2022,8,9,14,1.92,3.08,4.02,256.85,386.42,37.91,1.27,6.45,19.95,15.08,17.51,15.44,76.81,0.05,72.88,3.59,164.72,4.6,164.74
2022,8,9,15,1.27,2.45,3.34,168.88,307.5,24.72,0.7,3.6,19.02,15.06,17.04,15.38,81.19,0.06,72.85,3.26,163.26,4.2,163.12
2022,8,9,16,0.75,1.68,2.47,99.73,209.12,14.62,0.3,1.48,17.94,15.06,16.51,15.38,86.88,0.08,72.85,2.82,161.77,3.66,161.72
2022,8,9,17,0.38,0.85,1.47,47.15,103.08,6.73,0.07,0.35,16.99,15.1,16.05,15.44,92.44,0.07,72.87,2.33,159.62,3.06,159.53
2022,8,9,18,0.1,0.15,0.42,10.85,17.3,1.57,0.01,0.02,16.27,15.31,15.8,15.62,98,0.07,72.92,1.65,160.11,2.24,159.79
2022,8,9,19,0,0,0,0,0,0,0,0,16.01,15.65,15.83,15.87,100,0.07,72.98,1.11,164.89,1.61,164.21
2022,8,9,20,0,0,0,0,0,0,0,0,15.82,15.69,15.76,15.87,100,0.05,73.04,0.99,171.87,1.59,171.83
2022,8,9,21,0,0,0,0,0,0,0,0,15.52,15.58,15.55,15.69,100,0.03,73.07,1.05,171.87,1.77,172.41
2022,8,9,22,0,0,0,0,0,0,0,0,15.21,15.33,15.27,15.38,100,0.02,73.07,1.1,171.41,1.87,172.07
2022,8,9,23,0,0,0,0,0,0,0,0,14.82,14.9,14.86,14.95,100,0.01,73.03,1.06,167.2,1.84,168.21
2022,8,10,0,0,0,0,0,0,0,0,0,14.35,14.39,14.37,14.47,100,0.01,72.98,0.85,163.91,1.57,165.27
2022,8,10,1,0,0,0,0,0,0,0,0,13.87,13.87,13.87,13.98,100,0.01,72.93,0.67,157.33,1.34,158.39
2022,8,10,2,0,0,0,0,0,0,0,0,13.51,13.49,13.5,13.61,100,0,72.88,0.58,149.3,1.13,149.37
2022,8,10,3,0,0,0,0,0,0,0,0,13.38,13.23,13.31,13.43,100,0,72.84,0.49,133.07,0.88,130.66
2022,8,10,4,0,0,0,0,0,0,0,0,13.19,12.91,13.05,13.18,100,0,72.82,0.41,86.7,0.71,86.86
2022,8,10,5,0,0,0,0,0,0,0,0,12.71,12.44,12.58,12.82,100,0.01,72.84,0.55,41.57,0.98,43.71
2022,8,10,6,0.3,0.41,0.81,36.23,49.8,4.81,0.02,0.1,13.9,12.58,13.24,13,95.12,0,72.88,0.9,42.17,1.21,41.85
2022,8,10,7,0.83,1.2,1.82,104.55,150.65,14.41,0.2,1,15.98,12.8,14.39,13.24,84.75,0,72.92,1.44,126.19,1.79,126.32
2022,8,10,8,1.39,2.01,2.78,179.5,254.7,25.52,0.59,2.98,17.12,13.15,15.14,13.55,80.75,0,72.96,2.54,149.97,3.23,149.96
2022,8,10,9,1.91,2.72,3.6,251,344.42,36.33,1.09,5.83,17.94,13.62,15.78,13.98,79.12,0,72.99,3.23,155.42,4.14,155.47
2022,8,10,10,2.33,3.26,4.2,310.85,411.95,45.68,1.59,7.88,18.36,14.12,16.24,14.4,79.38,0.01,73.01,3.67,156,4.73,156.1
2022,8,10,11,2.17,3.58,4.56,298.12,452.1,44.71,1.68,8.6,18.58,14.37,16.48,14.59,79.19,0.02,73,3.97,155.71,5.15,155.81
2022,8,10,12,2.04,3.65,4.65,285.23,460.55,42.95,1.65,8.6,18.55,14.4,16.47,14.59,79.19,0.05,72.95,4.11,156.36,5.37,156.53
2022,8,10,13,1.85,3.49,4.46,255.42,440.9,38.49,1.42,7.15,18.45,14.48,16.46,14.59,79.75,0.07,72.91,4.18,157.26,5.48,157.46
2022,8,10,14,1.58,3.08,4.01,217.33,389.77,32.58,1.09,5.52,18.2,14.45,16.33,14.59,80.88,0.1,72.88,4.15,156.62,5.45,156.86
2022,8,10,15,1.22,2.44,3.33,166.77,309.92,24.91,0.71,3.67,17.73,14.24,15.98,14.34,82.06,0.09,72.85,3.9,158.52,5.14,158.81
2022,8,10,16,0.78,1.67,2.46,103.85,211.6,15.38,0.31,1.55,16.76,13.9,15.33,14.04,85.44,0.08,72.83,3.41,162.11,4.52,162.41
2022,8,10,17,0.38,0.83,1.46,47.85,101.73,6.66,0.07,0.35,15.62,13.71,14.67,13.92,90.88,0.05,72.85,2.69,167.09,3.64,167.34
2022,8,10,18,0.09,0.15,0.41,9.98,17.2,1.36,0.01,0.02,14.45,13.65,14.05,13.92,98.25,0.01,72.9,1.78,176.99,2.5,176.95
2022,8,10,19,0,0,0,0,0,0,0,0,13.29,12.73,13.01,13.37,100,0.01,73,1.07,177.91,1.48,177.88
2022,8,10,20,0,0,0,0,0,0,0,0,13.17,12.15,12.65,12.88,98.94,0.01,73.1,0.56,166.35,0.75,165.53
2022,8,10,21,0,0,0,0,0,0,0,0,12.76,11.83,12.3,12.7,100,0.01,73.16,0.14,76.76,0.29,40.6
2022,8,10,22,0,0,0,0,0,0,0,0,12.98,11.63,12.3,12.45,97.31,0.01,73.18,0.68,71.15,1,68.03
2022,8,10,23,0,0,0,0,0,0,0,0,12.82,11.49,12.15,12.33,97.19,0.01,73.18,0.76,88.23,1.14,88.04
2022,8,11,0,0,0,0,0,0,0,0,0,12.44,11.4,11.92,12.27,99.44,0.01,73.18,0.77,94.67,1.2,95.6
2022,8,11,1,0,0,0,0,0,0,0,0,12.19,11.23,11.71,12.21,100,0.01,73.18,0.77,91.16,1.25,91.79
2022,8,11,2,0,0,0,0,0,0,0,0,12.18,11.26,11.72,12.15,99.81,0.01,73.17,0.75,95.41,1.28,94.18
2022,8,11,3,0,0,0,0,0,0,0,0,12.19,11.34,11.77,12.15,99.69,0,73.15,0.69,92.6,1.27,91.41
2022,8,11,4,0,0,0,0,0,0,0,0,12.3,11.34,11.82,12.08,98.75,0,73.14,0.66,85.91,1.19,85.86
2022,8,11,5,0,0,0,0,0,0,0,0,12.54,11.26,11.9,12.02,96.44,0,73.12,0.66,69.21,1.09,68.96
2022,8,11,6,0.41,0.43,0.8,49.38,52.25,5.65,0.02,0.1,14.01,12.08,13.05,12.76,93.19,0.01,73.12,0.69,54.16,1.09,52.88
2022,8,11,7,1.19,1.22,1.82,147.98,155.6,18.31,0.23,1.12,16.39,11.61,14,12.45,78,0.01,73.13,1.39,101.06,1.74,101.11
2022,8,11,8,2,2.04,2.78,254.73,260.6,34.21,0.73,3.65,17.78,11.32,14.55,12.45,71.44,0.01,73.14,2.24,134.01,2.82,133.88
2022,8,11,9,2.54,2.75,3.59,327.38,350.23,46.3,1.34,6.95,18.68,11.76,15.22,12.94,70.06,0.01,73.15,2.96,149.92,3.75,149.86
2022,8,11,10,2.73,3.29,4.2,356.5,417.38,52.12,1.78,9.1,19.17,12.55,15.87,13.55,71.12,0.01,73.16,3.51,157.37,4.48,157.23
2022,8,11,11,2.99,3.61,4.56,396.4,457,58.58,2.16,11.38,19.3,13.28,16.29,14.04,73,0.01,73.15,3.85,160.31,4.93,160.39
2022,8,11,12,2.3,3.71,4.65,312.4,465.75,47.41,1.8,9.5,19.26,13.82,16.54,14.34,74.75,0.01,73.14,3.87,161.05,4.96,161.17
2022,8,11,13,2.32,3.55,4.46,311.73,445.75,46.79,1.72,8.8,19.08,14.07,16.57,14.47,76.31,0.01,73.1,3.73,160.27,4.77,160.29
2022,8,11,14,1.84,3.14,4.01,248.67,395.23,37.06,1.23,6.3,18.79,14.04,16.41,14.4,77.31,0.01,73.05,3.57,158.27,4.57,158.34
2022,8,11,15,1.36,2.53,3.32,182,317.98,26.76,0.74,3.83,18.4,13.83,16.11,14.22,78.19,0.01,73.02,3.35,155.35,4.31,155.34
2022,8,11,16,0.97,1.74,2.45,123.27,217.95,17.38,0.34,1.67,17.78,13.56,15.67,13.98,79.94,0.01,73,3.12,152.86,4.04,152.84
2022,8,11,17,0.49,0.88,1.45,59.8,107.65,7.76,0.08,0.38,16.72,13.51,15.12,13.98,85.31,0,73.01,2.58,152.97,3.37,152.84
2022,8,11,18,0.1,0.16,0.4,10.5,18.17,1.48,0.01,0.02,15.26,13.78,14.52,14.16,95.19,0,73.05,1.42,150.61,1.96,150.88
2022,8,11,19,0,0,0,0,0,0,0,0,14.47,14.05,14.26,14.4,100,0,73.1,0.58,139.9,0.96,138.64
2022,8,11,20,0,0,0,0,0,0,0,0,14.23,13.87,14.05,14.22,100,0,73.18,0.54,118.41,0.93,117.42
2022,8,11,21,0,0,0,0,0,0,0,0,13.98,13.58,13.79,13.98,100,0,73.22,0.53,110.56,0.92,110.9
2022,8,11,22,0,0,0,0,0,0,0,0,13.83,13.36,13.59,13.79,100,0,73.23,0.5,101.66,0.83,102.47
2022,8,11,23,0,0,0,0,0,0,0,0,13.63,13.06,13.35,13.55,100,0,73.21,0.44,78.69,0.7,80.33
2022,8,12,0,0,0,0,0,0,0,0,0,13.26,12.63,12.94,13.18,100,0,73.18,0.53,41.42,0.84,41.59
2022,8,12,1,0,0,0,0,0,0,0,0,12.9,12.05,12.48,12.82,100,0,73.13,0.66,28.39,1.06,28.27
2022,8,12,2,0,0,0,0,0,0,0,0,12.64,11.41,12.02,12.33,98.25,0,73.09,0.73,21.35,1.18,20.96
2022,8,12,3,0,0,0,0,0,0,0,0,12.39,10.64,11.51,11.78,95.31,0,73.05,0.84,15.72,1.37,14.51
2022,8,12,4,0,0,0,0,0,0,0,0,12.44,9.79,11.12,11.17,90.06,0,73.02,0.9,12.58,1.47,11.97
2022,8,12,5,0,0,0,0,0,0,0,0,12.62,9.07,10.84,10.62,84.81,0,73,0.91,12.37,1.47,11.67
2022,8,12,6,0.4,0.44,0.79,47.83,52.23,5.41,0.02,0.1,14.39,10.84,12.62,11.96,85,0,73.03,0.71,14.04,1.2,14.67
2022,8,12,7,1.22,1.25,1.81,148.65,155.12,18.38,0.23,1.15,17.44,10.44,13.94,11.6,67.81,0,73.07,0.81,84.45,1.03,83.47
2022,8,12,8,2.06,2.08,2.78,255.6,259.42,34.26,0.74,3.67,18.8,11.01,14.9,12.02,64.69,0,73.12,2,146,2.52,145.62
2022,8,12,9,2.62,2.8,3.59,329.7,348.75,46.53,1.34,6.88,19.27,12.2,15.74,13,67.75,0,73.16,2.69,158.35,3.4,158.03
2022,8,12,10,2.86,3.34,4.2,363.27,415.75,52.63,1.8,9.38,19.7,13.26,16.48,13.85,70.25,0,73.17,3.03,162.59,3.83,162.42
2022,8,12,11,3.12,3.65,4.56,407.67,455.12,59.75,2.23,11.77,19.98,14.12,17.05,14.59,72.75,0,73.14,3.39,165.58,4.3,165.48
2022,8,12,12,2.83,3.69,4.64,378.6,461.33,55.7,2.11,11.15,19.94,14.61,17.27,14.95,74.88,0,73.09,3.49,167.18,4.43,167.07
2022,8,12,13,2.61,3.51,4.45,346.83,439.65,50.84,1.85,9.48,19.84,14.8,17.32,15.14,76.06,0,73.04,3.39,169.39,4.31,169.44
2022,8,12,14,1.96,3.09,4,253.7,387.77,37.58,1.23,6.33,19.59,14.82,17.2,15.14,77.25,0,72.99,3.33,172.04,4.24,171.94
2022,8,12,15,1.24,2.47,3.31,166.92,310.35,24.66,0.69,3.58,19.12,14.69,16.9,15.01,78.81,0,72.95,3.19,173.81,4.08,173.84
2022,8,12,16,0.79,1.69,2.44,102.95,211.12,14.73,0.29,1.42,18.51,14.5,16.51,14.83,80.88,0,72.93,2.87,176.4,3.68,176.35
2022,8,12,17,0.48,0.85,1.43,57.98,103.27,7.37,0.07,0.35,17.62,14.42,16.02,14.77,85.06,0,72.94,2.38,182.07,3.08,182.04
2022,8,12,18,0.11,0.14,0.38,11.35,15.75,1.58,0.01,0.02,16.17,14.71,15.44,14.95,94.62,0.05,72.96,1.49,193.31,2.04,193.5
2022,8,12,19,0,0,0,0,0,0,0,0,15.33,15.04,15.19,15.26,100,0.07,73.01,0.7,208.56,1.1,208.74
2022,8,12,20,0,0,0,0,0,0,0,0,15.32,15.14,15.23,15.32,100,0.07,73.07,0.56,210.83,0.96,210.96
2022,8,12,21,0,0,0,0,0,0,0,0,15.12,15.03,15.08,15.2,100,0.06,73.11,0.51,205.39,0.96,206.15
2022,8,12,22,0,0,0,0,0,0,0,0,14.91,14.83,14.87,15.01,100,0.05,73.13,0.48,204.9,0.92,205.25
2022,8,12,23,0,0,0,0,0,0,0,0,14.73,14.65,14.69,14.83,100,0.05,73.12,0.48,204.9,0.95,205.3
2022,8,13,0,0,0,0,0,0,0,0,0,14.56,14.49,14.52,14.71,100,0.04,73.09,0.51,204.23,1.03,205.2
2022,8,13,1,0,0,0,0,0,0,0,0,14.39,14.35,14.37,14.59,100,0.02,73.05,0.55,201.5,1.09,202.34
2022,8,13,2,0,0,0,0,0,0,0,0,14.29,14.26,14.27,14.47,100,0.01,73.01,0.54,198.43,1.04,200.2
2022,8,13,3,0,0,0,0,0,0,0,0,14.3,14.17,14.23,14.4,100,0,72.98,0.51,198.71,0.89,200.5
2022,8,13,4,0,0,0,0,0,0,0,0,14.41,14.06,14.23,14.28,100,0,72.95,0.34,214.78,0.54,216.21
2022,8,13,5,0,0,0,0,0,0,0,0,14.38,13.82,14.1,14.1,99.94,0,72.93,0.15,302.01,0.27,300.96
2022,8,13,6,0.33,0.35,0.78,37.77,40.58,4.66,0.02,0.08,15.15,14.15,14.65,14.47,97.62,0,72.95,0.21,342.9,0.35,341.57
2022,8,13,7,0.98,1.12,1.81,118.48,136.15,14.82,0.19,0.9,16.76,14.14,15.45,14.47,88.12,0,72.99,0.78,185.14,0.98,186.39
2022,8,13,8,1.7,1.96,2.77,212.5,244.02,28.59,0.61,3.02,17.63,14.46,16.05,14.65,84.56,0,73.03,1.89,183.09,2.39,182.82
2022,8,13,9,2.4,2.69,3.58,305,337.2,42.67,1.21,6.25,18.69,14.73,16.71,14.95,80.56,0,73.05,2.58,182.08,3.28,181.77
2022,8,13,10,2.91,3.24,4.19,373,406.85,53.08,1.79,9.02,19.44,14.97,17.2,15.2,78.31,0.02,73.06,3.14,183.57,4.02,183.23
2022,8,13,11,3.26,3.57,4.55,423.42,447.95,61.25,2.23,11.65,19.83,15.23,17.53,15.5,77.81,0.05,73.03,3.65,181.96,4.71,181.71
2022,8,13,12,2.54,3.57,4.64,336.45,446.02,48.18,1.78,9.3,19.69,15.28,17.48,15.5,78.69,0.08,72.99,3.95,180.34,5.16,180.17
2022,8,13,13,2,3.4,4.45,269.08,423.75,39.42,1.41,7.08,18.87,15.22,17.05,15.5,82.44,0.14,72.93,3.96,181.13,5.24,181.11
2022,8,13,14,1.67,2.96,3.99,223.98,369.2,32.41,1.05,5.35,17.74,15.32,16.53,15.56,88.94,0.22,72.88,3.72,184.45,4.96,184.52
2022,8,13,15,1.3,2.32,3.3,171.33,287.7,24.28,0.66,3.4,17.02,15.48,16.25,15.69,93.56,0.28,72.82,3.43,189.57,4.62,189.54
2022,8,13,16,0.76,1.54,2.43,100.23,189.6,14.27,0.28,1.38,16.63,15.52,16.08,15.69,95.94,0.36,72.8,3.12,194.21,4.23,194.22
2022,8,13,17,0.26,0.72,1.42,32.45,86.25,4.69,0.05,0.23,16.23,15.52,15.87,15.69,98.44,0.45,72.81,2.71,199.17,3.73,199.19
2022,8,13,18,0.08,0.11,0.37,9,12.92,1.28,0,0.02,15.85,15.51,15.68,15.69,100,0.25,72.84,2.31,200.4,3.3,200.49
2022,8,13,19,0,0,0,0,0,0,0,0,15.51,15.35,15.43,15.5,100,0.32,72.91,2.34,196.08,3.43,196.12
2022,8,13,20,0,0,0,0,0,0,0,0,14.27,14.23,14.26,14.65,100,0.42,73.06,1.72,187.58,2.61,186.36
2022,8,13,21,0,0,0,0,0,0,0,0,13.62,13.31,13.47,13.98,100,0.67,73.17,0.7,200.85,0.92,202.43
2022,8,13,22,0,0,0,0,0,0,0,0,12.7,11.95,12.33,12.94,100,1.05,73.17,0.36,320.36,0.9,339.21
2022,8,13,23,0,0,0,0,0,0,0,0,12.51,11.23,11.87,12.27,98.56,1.17,73.07,1.5,348.92,2.51,349.6
2022,8,14,0,0,0,0,0,0,0,0,0,12.57,10.51,11.54,11.6,92.94,0.59,73,1.57,1.71,2.68,3.51
2022,8,14,1,0,0,0,0,0,0,0,0,12.66,10.48,11.57,11.54,91.75,0.41,73.1,0.55,59.04,1.06,62.68
2022,8,14,2,0,0,0,0,0,0,0,0,12.12,10.91,11.51,11.96,98.94,0.55,73.13,0.21,92.12,0.55,101.47
2022,8,14,3,0,0,0,0,0,0,0,0,11.65,10.54,11.1,11.72,99.62,0.42,73.12,0.52,0.87,0.85,8.5
2022,8,14,4,0,0,0,0,0,0,0,0,11.69,10.37,11.03,11.6,98.5,0.17,73.11,0.71,347.33,1.2,353.25
2022,8,14,5,0,0,0,0,0,0,0,0,11.87,9.92,10.9,11.17,93.88,0.08,73.12,0.72,357.51,1.09,2.05
2022,8,14,6,0.14,0.32,0.77,18.77,37.27,2.67,0.02,0.05,12.41,10.35,11.38,11.54,93.62,0.07,73.18,0.61,14.74,0.88,19.08
2022,8,14,7,0.53,1.06,1.8,69.23,131.65,10.14,0.14,0.7,13.39,10.51,11.94,11.54,87.94,0.09,73.23,0.74,77.14,0.95,77.11
2022,8,14,8,0.92,1.9,2.77,122.23,240.4,18.08,0.41,2.08,14.55,11.29,12.92,12.02,85.06,0.1,73.28,1.42,129.2,1.77,129.45
2022,8,14,9,1.41,2.64,3.58,191.9,335.85,28.49,0.84,4.45,16.23,12.22,14.22,12.7,80.56,0.1,73.29,2.35,139.05,2.97,139.6
2022,8,14,10,1.72,3.19,4.19,241.45,406.6,36.13,1.24,6.15,17.83,12.8,15.32,13.18,75.44,0.08,73.28,3.06,147.81,3.9,148.19
2022,8,14,11,1.54,3.53,4.55,221.77,448.65,33.95,1.23,6.23,18.71,13.3,16.01,13.67,73.81,0.07,73.24,3.49,156.08,4.45,156.31
2022,8,14,12,2.03,3.61,4.63,286.6,459.17,43.7,1.65,8.52,19.02,13.83,16.42,14.16,74.94,0.1,73.2,3.71,160.69,4.75,160.88
2022,8,14,13,1.91,3.46,4.44,264.75,438.67,40.55,1.48,7.42,18.94,14.16,16.55,14.47,76.88,0.16,73.14,3.74,161.98,4.8,162.1
2022,8,14,14,1.66,3.05,3.99,223.35,387.95,33.39,1.1,5.62,18.59,14.27,16.43,14.53,78.88,0.24,73.1,3.69,161.76,4.75,161.98
2022,8,14,15,1.27,2.44,3.29,170,310.7,25.24,0.7,3.6,18.01,14.19,16.11,14.4,81.25,0.33,73.07,3.62,161.37,4.69,161.57
2022,8,14,16,0.85,1.68,2.41,110.88,213.85,15.91,0.31,1.52,17.23,14.01,15.62,14.22,84.31,0.41,73.07,3.47,160.55,4.57,160.54
2022,8,14,17,0.41,0.85,1.41,51.9,106.75,6.98,0.07,0.33,16.11,13.96,15.04,14.16,90.06,0.45,73.11,3,160.2,4.02,160.33
2022,8,14,18,0.11,0.13,0.36,11.98,15.33,1.69,0.01,0.02,14.99,14.13,14.56,14.28,97.56,0.3,73.16,2.06,162.32,2.84,162.36
2022,8,14,19,0,0,0,0,0,0,0,0,14.56,14.2,14.38,14.28,100,0.24,73.22,1.57,158.94,2.26,158.93
2022,8,14,20,0,0,0,0,0,0,0,0,14.19,13.9,14.05,13.98,100,0.17,73.28,1.53,150.29,2.29,150.98
2022,8,14,21,0,0,0,0,0,0,0,0,13.79,13.57,13.68,13.67,100,0.11,73.33,1.38,145.86,2.1,146.55
2022,8,14,22,0,0,0,0,0,0,0,0,13.43,13.26,13.34,13.43,100,0.09,73.35,1.17,143.97,1.85,144.63
2022,8,14,23,0,0,0,0,0,0,0,0,13.08,12.95,13.01,13.18,100,0.1,73.35,1.04,142.35,1.71,142.61
2022,8,15,0,0,0,0,0,0,0,0,0,12.7,12.62,12.65,12.88,100,0.09,73.32,0.89,139.62,1.58,138.81
2022,8,15,1,0,0,0,0,0,0,0,0,12.33,12.26,12.3,12.63,100,0.09,73.28,0.72,133.69,1.37,130.85
2022,8,15,2,0,0,0,0,0,0,0,0,11.98,11.91,11.94,12.33,100,0.06,73.25,0.61,117.55,1.22,115.42
2022,8,15,3,0,0,0,0,0,0,0,0,11.75,11.67,11.71,12.15,100,0.04,73.23,0.57,101.93,1.2,99.4
2022,8,15,4,0,0,0,0,0,0,0,0,11.56,11.42,11.49,11.96,100,0.03,73.23,0.62,86.38,1.27,83.27
2022,8,15,5,0,0,0,0,0,0,0,0,11.45,11.09,11.27,11.72,100,0.02,73.25,0.75,72.32,1.44,70.68
2022,8,15,6,0.3,0.39,0.76,36.35,46.5,4.62,0.02,0.1,13.09,11.76,12.42,12.33,95.62,0.01,73.3,1.08,71.96,1.59,71.12
2022,8,15,7,0.84,1.18,1.79,105.95,148.73,14.3,0.19,0.9,14.95,11.89,13.42,12.39,85.44,0.01,73.37,2.13,111.49,2.77,111.5
2022,8,15,8,1.46,2.01,2.76,188.23,255.3,26.9,0.6,3.02,16.19,12.24,14.22,12.7,80.88,0,73.42,3.02,128.91,3.91,128.91
2022,8,15,9,1.96,2.73,3.58,258.38,346.2,37.89,1.12,5.88,17.07,12.61,14.84,13.06,78.44,0.01,73.45,3.5,136.45,4.5,136.62
2022,8,15,10,2.3,3.28,4.18,304.85,414.9,45.59,1.57,7.9,17.65,13.02,15.33,13.37,77.62,0.01,73.45,3.74,142.13,4.8,142.27
2022,8,15,11,2.37,3.6,4.54,322.98,454.38,48.88,1.83,9.33,18.05,13.39,15.73,13.67,77.25,0.02,73.42,3.81,146.54,4.89,146.74
2022,8,15,12,2.16,3.65,4.63,297.08,460.42,45.37,1.72,8.9,18.27,13.61,15.94,13.85,77.25,0.03,73.38,3.72,149.28,4.75,149.47
2022,8,15,13,1.95,3.48,4.44,268.08,438.95,40.94,1.49,7.52,18.33,13.65,15.99,13.92,77.12,0.03,73.33,3.55,150.79,4.54,151.1
2022,8,15,14,1.75,3.07,3.98,233.92,388.85,35.12,1.16,5.95,18.12,13.55,15.83,13.85,77.69,0.03,73.28,3.36,153.02,4.3,153.25
2022,8,15,15,1.36,2.46,3.28,180.15,311.25,26.16,0.71,3.62,17.71,13.37,15.54,13.67,78.94,0.03,73.25,3.15,154.9,4.05,155.12
2022,8,15,16,0.92,1.69,2.4,118.8,214.75,16.59,0.32,1.55,17.12,13.24,15.18,13.61,81.31,0.02,73.23,2.89,156.07,3.73,156.28
2022,8,15,17,0.54,0.86,1.39,67.15,108.12,8.58,0.08,0.38,16.08,13.12,14.6,13.49,86.25,0.02,73.24,2.43,157.48,3.17,157.73
2022,8,15,18,0.11,0.14,0.35,11.7,15.52,1.53,0.01,0.02,14.54,13.28,13.91,13.61,96.25,0.08,73.26,1.43,158.2,1.99,158.57
2022,8,15,19,0,0,0,0,0,0,0,0,13.87,13.57,13.72,13.85,100,0.08,73.3,0.61,155.07,1,154.44
2022,8,15,20,0,0,0,0,0,0,0,0,13.67,13.44,13.55,13.73,100,0.07,73.35,0.57,146.09,1.01,145.08
2022,8,15,21,0,0,0,0,0,0,0,0,13.42,13.3,13.36,13.61,100,0.08,73.39,0.5,138.81,0.89,138.91
2022,8,15,22,0,0,0,0,0,0,0,0,13.15,13.08,13.12,13.43,100,0.08,73.39,0.45,128.66,0.82,128.4
2022,8,15,23,0,0,0,0,0,0,0,0,12.89,12.79,12.84,13.18,100,0.07,73.38,0.4,114.54,0.67,114.17
2022,8,16,0,0,0,0,0,0,0,0,0,12.62,12.33,12.48,12.88,100,0.05,73.34,0.34,72.8,0.55,73.61
2022,8,16,1,0,0,0,0,0,0,0,0,12.14,11.78,11.96,12.51,100,0.03,73.3,0.53,22.75,0.88,23.6
2022,8,16,2,0,0,0,0,0,0,0,0,11.66,11.13,11.4,12.02,100,0.01,73.25,0.66,13.05,1.2,12.77
2022,8,16,3,0,0,0,0,0,0,0,0,11.56,10.28,10.92,11.41,98.12,0.01,73.22,0.75,5.36,1.3,4.82
2022,8,16,4,0,0,0,0,0,0,0,0,11.95,9.64,10.8,10.99,91.81,0,73.2,0.69,0,1.08,359.58
2022,8,16,5,0,0,0,0,0,0,0,0,12.22,9.3,10.76,10.74,88.5,0.01,73.21,0.59,0.76,0.88,0
2022,8,16,6,0.32,0.36,0.75,39.52,43.83,5.15,0.02,0.1,13.04,10.51,11.78,11.72,91.25,0.01,73.24,0.51,1.76,0.77,1.17
2022,8,16,7,0.94,1.14,1.79,118.4,142.8,15.48,0.2,1,15.05,10.68,12.87,11.84,81.12,0,73.28,0.23,226.4,0.28,225
2022,8,16,8,1.72,1.96,2.76,219.6,248.27,30.2,0.66,3.35,16.63,11.15,13.9,12.15,74.88,0,73.31,1.71,193.47,2.14,193.32
2022,8,16,9,2.13,2.67,3.57,280,338.6,40.27,1.18,6.17,17.61,11.94,14.77,12.7,73.75,0,73.33,2.53,193.01,3.21,192.95
2022,8,16,10,2.72,3.23,4.18,355.88,407.17,52.05,1.79,9.2,18.51,12.92,15.72,13.49,73.81,0,73.33,3.11,194.25,3.94,194.12
2022,8,16,11,2.89,3.57,4.54,383.35,448.1,57.14,2.15,11.17,19.08,13.77,16.43,14.16,74.75,0.01,73.29,3.46,195.73,4.39,195.69
2022,8,16,12,2.71,3.7,4.63,367.55,467.55,56.58,2.17,11.48,19.29,14.36,16.83,14.59,76.06,0.02,73.22,3.6,197.92,4.59,197.85
2022,8,16,13,2.51,3.52,4.43,341.12,445.17,52.4,1.95,9.92,19.2,14.67,16.94,14.83,77.69,0.05,73.15,3.63,200.15,4.64,200.08
2022,8,16,14,1.89,3.11,3.97,258.98,392.77,40.21,1.36,7,18.98,14.71,16.84,14.83,78.81,0.07,73.08,3.53,203.05,4.54,202.9
2022,8,16,15,1.23,2.48,3.27,167.5,313.23,25.62,0.72,3.67,18.58,14.65,16.62,14.83,80.5,0.09,73.04,3.35,206.62,4.31,206.57
2022,8,16,16,0.84,1.68,2.39,110.12,212.08,15.95,0.31,1.52,17.7,14.61,16.15,14.77,84.94,0.11,73.02,3.05,211.17,3.97,211.06
2022,8,16,17,0.42,0.83,1.38,54.02,103.02,7.51,0.07,0.35,16.64,14.52,15.58,14.77,90.56,0.1,73.01,2.62,216.39,3.44,216.51
2022,8,16,18,0.08,0.12,0.33,8.77,13.65,1.31,0.01,0.02,15.36,14.54,14.94,14.77,98.25,0.14,73.02,1.82,219.24,2.49,219.28
2022,8,16,19,0,0,0,0,0,0,0,0,14.79,14.62,14.7,14.77,100,0.13,73.06,1.07,219.64,1.63,219.35
2022,8,16,20,0,0,0,0,0,0,0,0,14.53,14.51,14.52,14.65,100,0.1,73.11,0.81,223.83,1.39,223.64
2022,8,16,21,0,0,0,0,0,0,0,0,14.26,14.32,14.29,14.47,100,0.1,73.15,0.79,227.42,1.42,227.24
2022,8,16,22,0,0,0,0,0,0,0,0,13.98,14.05,14.01,14.28,100,0.11,73.16,0.75,227.53,1.39,227.73
2022,8,16,23,0,0,0,0,0,0,0,0,13.74,13.79,13.76,14.04,100,0.11,73.16,0.68,233,1.32,233.67
2022,8,17,0,0,0,0,0,0,0,0,0,13.6,13.65,13.62,13.92,100,0.09,73.12,0.63,239.28,1.27,239.64
2022,8,17,1,0,0,0,0,0,0,0,0,13.4,13.41,13.41,13.67,100,0.07,73.09,0.63,246.61,1.24,246.66
2022,8,17,2,0,0,0,0,0,0,0,0,13.15,13.15,13.15,13.49,100,0.05,73.04,0.61,258.26,1.23,257.11
2022,8,17,3,0,0,0,0,0,0,0,0,12.84,12.82,12.83,13.24,100,0.03,72.99,0.56,266.78,1.1,263.08
2022,8,17,4,0,0,0,0,0,0,0,0,12.49,12.43,12.46,12.94,100,0.02,72.98,0.44,273.07,0.81,268.35
2022,8,17,5,0,0,0,0,0,0,0,0,12.33,12.05,12.19,12.7,100,0.02,73.04,0.12,270,0.18,274.97
2022,8,17,6,0.22,0.32,0.74,28.98,37.35,3.99,0.02,0.08,13.15,12.3,12.73,12.94,99.94,0.02,73.12,0.24,342.76,0.31,343.86
2022,8,17,7,0.64,1.1,1.78,83.23,137.33,12.12,0.16,0.8,14.76,13.08,13.92,13.55,94.06,0.02,73.16,0.8,215.08,0.99,215.33
2022,8,17,8,1.15,1.96,2.75,154.7,247.8,23.21,0.53,2.67,16.14,13.48,14.81,13.85,88,0.02,73.21,1.63,197.83,2.03,197.25
2022,8,17,9,1.56,2.68,3.57,212,339.45,32.2,0.96,5.05,16.93,13.65,15.3,13.98,84.56,0.03,73.23,2.11,192.85,2.65,192.44
2022,8,17,10,1.98,3.24,4.18,269.98,409.88,41.71,1.46,7.35,17.62,13.98,15.8,14.28,82.56,0.05,73.21,2.45,194.79,3.08,194.39
2022,8,17,11,2.29,3.56,4.54,317.45,450.77,49.03,1.84,9.38,18.03,14.2,16.12,14.47,81.56,0.08,73.16,2.68,197.12,3.4,196.81
2022,8,17,12,2.26,3.58,4.62,312.17,451.3,47.7,1.8,9.35,18.12,14.32,16.22,14.59,81.56,0.13,73.11,2.83,199.19,3.61,198.94
2022,8,17,13,2.06,3.4,4.42,287.5,429.9,43.89,1.61,8.1,18.06,14.33,16.19,14.59,81.94,0.19,73.04,2.85,202.27,3.63,202.26
2022,8,17,14,1.5,2.95,3.96,208.85,373.8,31.8,1.04,5.33,17.87,14.28,16.08,14.59,82.75,0.21,72.97,2.77,206.06,3.55,205.95
2022,8,17,15,1.28,2.32,3.26,177.62,293.7,26.94,0.73,3.8,17.57,14.29,15.93,14.59,84.5,0.2,72.93,2.68,210.91,3.45,210.92
2022,8,17,16,0.83,1.56,2.38,113.48,195.52,16.89,0.33,1.6,17.03,14.37,15.69,14.65,87.75,0.17,72.9,2.54,214.96,3.31,215
2022,8,17,17,0.38,0.75,1.37,51.23,91.5,7.58,0.07,0.35,16.19,14.61,15.4,14.89,93.81,0.14,72.89,2.2,216.34,2.91,216.38
2022,8,17,18,0.08,0.1,0.32,8.65,12.17,1.27,0.01,0.02,15.39,14.87,15.13,15.08,100,0.16,72.91,1.41,212.54,1.96,212.49
2022,8,17,19,0,0,0,0,0,0,0,0,15.02,14.94,14.98,15.14,100,0.13,72.96,0.76,204.98,1.29,204.7
2022,8,17,20,0,0,0,0,0,0,0,0,14.83,14.88,14.86,15.01,100,0.1,73.02,0.65,203.47,1.27,203.57
2022,8,17,21,0,0,0,0,0,0,0,0,14.66,14.83,14.74,14.95,100,0.08,73.05,0.63,198.66,1.33,198.86
2022,8,17,22,0,0,0,0,0,0,0,0,14.47,14.7,14.58,14.83,100,0.05,73.06,0.64,194.04,1.37,194.19
2022,8,17,23,0,0,0,0,0,0,0,0,14.33,14.6,14.47,14.77,100,0.04,73.03,0.65,193.2,1.39,193.65
2022,8,18,0,0,0,0,0,0,0,0,0,14.19,14.46,14.33,14.65,100,0.02,72.98,0.66,193.71,1.41,193.8
2022,8,18,1,0,0,0,0,0,0,0,0,14.01,14.32,14.16,14.53,100,0.01,72.93,0.68,189.89,1.45,190.22
2022,8,18,2,0,0,0,0,0,0,0,0,13.77,14.16,13.97,14.34,100,0.01,72.9,0.71,180.63,1.54,180.29
2022,8,18,3,0,0,0,0,0,0,0,0,13.61,14.04,13.82,14.22,100,0,72.91,0.76,173.53,1.65,172.94
2022,8,18,4,0,0,0,0,0,0,0,0,13.65,13.98,13.82,14.16,100,0,72.93,0.75,173.46,1.6,173.54
2022,8,18,5,0,0,0,0,0,0,0,0,13.65,13.85,13.75,14.04,100,0,72.95,0.73,178.77,1.45,178.76
2022,8,18,6,0.23,0.34,0.73,29.02,41.25,3.98,0.02,0.08,14.2,14.01,14.11,14.22,100,0,72.99,0.57,185.55,1.03,186.1
2022,8,18,7,0.93,1.13,1.78,117.92,143.17,15.52,0.2,0.98,15.05,14,14.53,14.22,96.81,0,73.04,0.7,187.05,0.97,187.87
2022,8,18,8,1.78,1.95,2.75,227.4,248.4,31.23,0.67,3.35,15.92,13.88,14.9,14.16,91.31,0,73.1,1.09,176.71,1.38,178.06
2022,8,18,9,2.37,2.67,3.56,307.73,339.48,44.05,1.27,6.52,17.01,13.92,15.47,14.28,85.75,0.01,73.13,1.85,176.12,2.32,176.72
2022,8,18,10,2.72,3.22,4.17,358.6,409.45,52.89,1.8,9.27,17.95,14.12,16.04,14.4,81.69,0.02,73.12,2.43,181.84,3.06,182.05
2022,8,18,11,2.89,3.54,4.53,384.5,449.45,57.74,2.14,11.1,18.41,14.4,16.4,14.71,80.69,0.08,73.08,2.73,188.06,3.46,188.19
2022,8,18,12,2.53,3.53,4.62,342.35,446.85,50.96,1.9,9.92,18.64,14.64,16.64,14.89,80.56,0.18,73.02,2.79,192.63,3.53,192.78
2022,8,18,13,2.02,3.31,4.42,275.52,418.52,41.27,1.47,7.52,18.81,14.79,16.8,15.01,80.44,0.27,72.95,2.77,194.86,3.52,194.9
2022,8,18,14,1.65,2.85,3.95,223.5,357.7,32.68,1.05,5.4,18.85,14.91,16.88,15.2,80.88,0.31,72.89,2.78,194.82,3.54,194.71
2022,8,18,15,1.29,2.22,3.25,175.23,277.98,25.76,0.69,3.55,18.76,15.04,16.9,15.32,82,0.36,72.87,2.8,194.19,3.59,194.1
2022,8,18,16,0.84,1.43,2.37,111.9,176.08,16.41,0.31,1.55,18.27,15.08,16.68,15.32,84.81,0.38,72.87,2.76,193.6,3.57,193.55
2022,8,18,17,0.25,0.63,1.35,32.8,75.67,4.8,0.04,0.2,17.25,15.11,16.18,15.38,90.69,0.4,72.9,2.47,193.38,3.27,193.27
2022,8,18,18,0.06,0.09,0.31,5.62,10.1,0.82,0,0,15.94,15.29,15.62,15.56,99.69,0.54,72.94,1.46,193.96,2.09,194.3
2022,8,18,19,0,0,0,0,0,0,0,0,15.45,15.35,15.4,15.56,100,0.62,72.98,0.75,197.68,1.32,198.65
2022,8,18,20,0,0,0,0,0,0,0,0,15.28,15.12,15.2,15.38,100,0.63,73.02,0.64,203.75,1.14,203.4
2022,8,18,21,0,0,0,0,0,0,0,0,15.07,14.7,14.88,15.01,100,0.59,73.05,0.35,187.77,0.67,189.46
2022,8,18,22,0,0,0,0,0,0,0,0,14.46,14.34,14.4,14.71,100,0.59,73.07,0.33,118.39,0.62,123.69
2022,8,18,23,0,0,0,0,0,0,0,0,14.06,14.12,14.09,14.47,100,0.57,73.07,0.43,117.95,0.87,117.95
2022,8,19,0,0,0,0,0,0,0,0,0,13.86,13.86,13.86,14.22,100,0.52,73.05,0.45,126.47,0.85,122.67
2022,8,19,1,0,0,0,0,0,0,0,0,13.44,13.42,13.43,13.85,100,0.56,73.02,0.35,112.04,0.7,106.82
2022,8,19,2,0,0,0,0,0,0,0,0,13.18,13.01,13.09,13.49,100,0.57,72.99,0.25,72.12,0.58,64.47
2022,8,19,3,0,0,0,0,0,0,0,0,13.11,12.55,12.83,13.12,100,0.55,72.95,0.41,16.7,0.78,18.62
2022,8,19,4,0,0,0,0,0,0,0,0,13.23,11.93,12.58,12.63,96.5,0.5,72.91,0.62,13.16,1.07,12.71
2022,8,19,5,0,0,0,0,0,0,0,0,13.51,11.25,12.37,12.08,90.81,0.4,72.87,0.67,1.33,1.09,0.82
2022,8,19,6,0.11,0.31,0.72,14.52,36.88,2.2,0.01,0.05,14.52,12.03,13.28,12.7,89.31,0.38,72.83,0.52,336.91,0.89,338.85
2022,8,19,7,0.47,1.08,1.77,61.85,133.77,9.25,0.12,0.62,16.33,12.05,14.19,12.82,80.19,0.35,72.94,1.38,162.9,1.83,163.11
2022,8,19,8,1.07,1.9,2.74,140.38,239.85,20.86,0.48,2.4,16.07,13.15,14.61,13.61,86.88,0.24,73.09,2.68,169.25,3.52,169.11
2022,8,19,9,1.65,2.63,3.56,220.08,333.25,32.88,0.98,5.2,16.24,13.48,14.87,13.85,87.31,0.13,73.09,2.58,179.83,3.34,179.87
2022,8,19,10,1.87,3.19,4.17,259.88,402.33,39.49,1.35,6.77,16.21,13.83,15.02,14.16,89.44,0.1,73.11,2.84,186.48,3.72,186.39
2022,8,19,11,2.02,3.51,4.53,281.65,442.95,42.94,1.58,7.95,15.87,13.87,14.87,14.16,91.31,0.17,73.1,2.4,194.53,3.12,194.21
2022,8,19,12,2.32,3.61,4.61,323.35,456.9,49.62,1.87,9.6,15.94,13.89,14.92,14.1,90.75,0.28,73.09,2.23,198.18,2.87,197.74
2022,8,19,13,2.12,3.42,4.41,292.15,434.62,44.89,1.62,8.23,16.14,13.94,15.05,14.16,89.75,0.4,73.05,2.44,200.98,3.17,200.94
2022,8,19,14,1.37,3,3.95,191.75,381.2,29.94,0.99,5.12,16.42,14.14,15.28,14.28,89.12,0.51,73,2.76,199.51,3.6,199.54
2022,8,19,15,1.2,2.35,3.24,159.33,297.62,23.7,0.65,3.33,16.44,14.01,15.23,14.16,88.06,0.62,72.99,2.85,198.68,3.74,198.62
2022,8,19,16,0.78,1.57,2.35,101.58,196.77,15.09,0.29,1.42,16.16,13.75,14.95,13.92,88,0.71,73,2.88,195.58,3.8,195.64
2022,8,19,17,0.32,0.74,1.34,42.05,90.15,6.11,0.05,0.27,15.24,13.39,14.32,13.61,91.44,0.83,73.04,2.62,193.79,3.52,193.85
2022,8,19,18,0.07,0.09,0.3,6.77,10.85,1.02,0,0.02,13.72,12.81,13.26,13.24,98.44,0.27,73.12,1.49,190.6,2.07,190.67
2022,8,19,19,0,0,0,0,0,0,0,0,12.34,11.65,12,12.45,100,0.4,73.22,0.44,190.3,0.33,195.02
2022,8,19,20,0,0,0,0,0,0,0,0,12.05,11.19,11.62,12.15,100,0.7,73.3,0.11,225,0.35,353.66
2022,8,19,21,0,0,0,0,0,0,0,0,12.01,10.73,11.37,11.78,98,0.98,73.36,0.23,346.43,0.74,3.61
2022,8,19,22,0,0,0,0,0,0,0,0,12.31,10.3,11.3,11.41,93.44,0.92,73.36,0.39,3.43,0.82,12.17
2022,8,19,23,0,0,0,0,0,0,0,0,12.48,9.83,11.15,11.05,89.19,0.57,73.33,0.46,33.15,0.78,36.87
2022,8,20,0,0,0,0,0,0,0,0,0,12.33,9.49,10.9,10.74,87.69,0.23,73.27,0.61,17.05,0.94,21
2022,8,20,1,0,0,0,0,0,0,0,0,12.17,9.12,10.65,10.44,86.12,0.08,73.23,0.86,13.15,1.3,15.38
2022,8,20,2,0,0,0,0,0,0,0,0,12.35,8.89,10.62,10.19,83.12,0.05,73.18,0.74,17.86,1.2,18.2
2022,8,20,3,0,0,0,0,0,0,0,0,12.61,8.4,10.51,9.89,78.94,0.05,73.14,0.56,21.95,0.86,22.38
2022,8,20,4,0,0,0,0,0,0,0,0,12.89,8.12,10.51,9.64,75.94,0.11,73.14,0.36,34.38,0.49,35.96
2022,8,20,5,0,0,0,0,0,0,0,0,12.69,8.29,10.49,9.77,77.88,0.25,73.15,0.23,61.7,0.31,62.78
2022,8,20,6,0.14,0.31,0.72,18.42,37.02,2.73,0.01,0.05,13.13,9.84,11.48,10.93,84.56,0.26,73.19,0.31,73.86,0.44,74.48
2022,8,20,7,0.59,1.07,1.76,78.4,133.08,11.52,0.16,0.77,14.51,11.3,12.9,12.02,85,0.16,73.23,0.93,120.88,1.2,121.09
2022,8,20,8,1.1,1.9,2.74,144.67,239.17,21.67,0.49,2.48,15.69,12.15,13.92,12.7,83.12,0.1,73.26,1.71,127.18,2.2,128.5
2022,8,20,9,1.88,2.62,3.56,249.3,331.27,36.89,1.09,5.83,17.24,12.76,15,13.24,78.5,0.09,73.27,2.39,131.82,3.05,132.51
2022,8,20,10,2.31,3.16,4.16,308.75,400.55,46.14,1.59,7.98,18.28,13.16,15.72,13.61,75.56,0.08,73.26,3.05,146.27,3.91,146.56
2022,8,20,11,2.62,3.47,4.52,351.5,439.23,52.05,1.92,9.88,18.58,13.65,16.12,14.04,76.56,0.1,73.25,3.6,153.99,4.63,154.17
2022,8,20,12,2.57,3.62,4.6,350.17,459.88,53.7,2.04,10.6,18.53,13.77,16.15,14.1,77.25,0.12,73.2,3.73,152.41,4.81,152.64
2022,8,20,13,2.27,3.45,4.4,311.23,436.42,47.88,1.75,8.9,18.58,13.77,16.18,14.16,77.06,0.16,73.15,3.7,152.3,4.78,152.56
2022,8,20,14,1.75,3.01,3.94,237.12,381.35,36.74,1.22,6.3,18.31,13.73,16.02,14.1,78.12,0.18,73.09,3.61,154.93,4.69,155.06
2022,8,20,15,1.41,2.32,3.23,185.62,292.52,27.47,0.74,3.83,17.83,13.63,15.73,14.04,80.12,0.15,73.04,3.3,153.86,4.29,153.99
2022,8,20,16,1,1.53,2.34,127.17,190.25,17.8,0.34,1.65,17.23,13.48,15.35,13.92,82.44,0.12,73,2.88,151.7,3.77,151.79
2022,8,20,17,0.43,0.72,1.32,53.95,87.85,7.4,0.06,0.33,16.3,13.48,14.89,13.98,87.75,0.09,72.98,2.31,151.36,3.06,151.34
2022,8,20,18,0.09,0.09,0.29,8.88,10.55,1.28,0.01,0.02,14.97,13.86,14.41,14.34,97.81,0.11,72.99,1.09,151.78,1.57,151.78
2022,8,20,19,0,0,0,0,0,0,0,0,14.33,13.94,14.13,14.34,100,0.12,73.02,0.5,138.81,0.85,139.11
2022,8,20,20,0,0,0,0,0,0,0,0,14.11,13.83,13.97,14.22,100,0.12,73.06,0.53,129.05,0.93,129.56
2022,8,20,21,0,0,0,0,0,0,0,0,13.82,13.69,13.76,14.1,100,0.12,73.1,0.61,136.55,1.13,136.68
2022,8,20,22,0,0,0,0,0,0,0,0,13.67,13.61,13.64,14.04,100,0.07,73.12,0.62,144.71,1.17,145.04
2022,8,20,23,0,0,0,0,0,0,0,0,13.54,13.5,13.51,13.92,100,0.05,73.11,0.64,148.07,1.2,147.76
2022,8,21,0,0,0,0,0,0,0,0,0,13.41,13.4,13.4,13.79,100,0.04,73.08,0.65,147.26,1.21,147.64
2022,8,21,1,0,0,0,0,0,0,0,0,13.26,13.28,13.27,13.67,100,0.03,73.04,0.67,149.84,1.24,149.72
2022,8,21,2,0,0,0,0,0,0,0,0,13.03,13.13,13.08,13.55,100,0.03,73,0.7,154.29,1.29,154.52
2022,8,21,3,0,0,0,0,0,0,0,0,12.85,13.03,12.94,13.43,100,0.02,72.98,0.73,159.23,1.38,159.41
2022,8,21,4,0,0,0,0,0,0,0,0,12.69,12.93,12.8,13.37,100,0.01,72.98,0.73,159.44,1.43,160.18
2022,8,21,5,0,0,0,0,0,0,0,0,12.55,12.81,12.68,13.24,100,0.01,73,0.73,156.72,1.43,156.8
2022,8,21,6,0.2,0.3,0.71,25.17,34.27,3.45,0.02,0.08,13.42,13.11,13.26,13.49,100,0,73.04,0.99,145.56,1.53,147.69
2022,8,21,7,0.77,1.06,1.76,93.58,128.02,12.52,0.16,0.8,14.4,12.93,13.66,13.31,94.69,0.01,73.11,1.67,130.46,2.16,131.48
2022,8,21,8,1.44,1.91,2.73,182.8,238.33,25.68,0.58,2.88,15.83,12.79,14.31,13.24,85.75,0.01,73.14,2.22,133.14,2.83,133.66
2022,8,21,9,2.1,2.66,3.55,272.1,333.08,39.24,1.16,6.02,17.07,12.81,14.94,13.24,79.38,0.01,73.16,2.79,145.95,3.56,146.28
2022,8,21,10,2.43,3.22,4.16,319.23,403.75,47.72,1.66,8.4,17.8,13.06,15.43,13.49,77.06,0.03,73.15,3.13,153.43,3.98,153.64
2022,8,21,11,2.66,3.55,4.52,353.85,444.75,53.06,1.98,10.3,18.27,13.44,15.85,13.79,76.56,0.06,73.1,3.32,158.2,4.24,158.49
2022,8,21,12,2.56,3.65,4.6,344.88,456.7,52.76,2.01,10.52,18.48,13.8,16.14,14.1,77.25,0.09,73.04,3.45,162.47,4.4,162.66
2022,8,21,13,2.44,3.44,4.4,324.6,430.85,48.8,1.78,9.2,18.43,14.02,16.23,14.34,78.5,0.13,72.97,3.5,165.41,4.48,165.67
2022,8,21,14,2.03,3.02,3.93,268.9,378.5,40.23,1.33,6.88,18.08,14.03,16.05,14.34,80.12,0.15,72.91,3.46,166.81,4.43,166.97
2022,8,21,15,1.46,2.36,3.22,194.12,296.48,28.44,0.77,3.95,17.51,13.87,15.69,14.16,82.25,0.13,72.87,3.36,166.97,4.34,167.09
2022,8,21,16,0.88,1.55,2.33,113.52,192.48,16.18,0.3,1.5,16.7,13.62,15.16,13.98,85.19,0.12,72.86,3.07,166.6,3.98,166.73
2022,8,21,17,0.48,0.72,1.31,60.27,88.02,7.99,0.07,0.33,15.65,13.3,14.48,13.67,89.31,0.09,72.87,2.55,166.01,3.36,166.16
2022,8,21,18,0.09,0.09,0.27,8.98,10.15,1.28,0.01,0.02,14.06,13.22,13.64,13.61,98.56,0.04,72.9,1.4,168.75,2.04,168.95
2022,8,21,19,0,0,0,0,0,0,0,0,13.64,13.37,13.5,13.73,100,0.03,72.95,0.86,174.29,1.34,174.32
2022,8,21,20,0,0,0,0,0,0,0,0,13.45,13.17,13.31,13.55,100,0.02,73.03,0.8,172.67,1.28,172.27
2022,8,21,21,0,0,0,0,0,0,0,0,13.16,12.96,13.06,13.37,100,0.02,73.08,0.68,169.34,1.12,169.16
2022,8,21,22,0,0,0,0,0,0,0,0,12.9,12.57,12.73,13.12,100,0.02,73.1,0.55,159.25,0.89,159.5
2022,8,21,23,0,0,0,0,0,0,0,0,12.55,12.24,12.4,12.88,100,0.02,73.08,0.3,128.66,0.5,131.86
2022,8,22,0,0,0,0,0,0,0,0,0,12.14,11.83,11.99,12.57,100,0.02,73.03,0.27,71.57,0.45,72.82
2022,8,22,1,0,0,0,0,0,0,0,0,11.63,11.28,11.45,12.15,100,0.01,72.99,0.43,39.81,0.76,37.46
2022,8,22,2,0,0,0,0,0,0,0,0,11.16,10.58,10.87,11.6,100,0,72.94,0.65,24.73,1.12,23.88
2022,8,22,3,0,0,0,0,0,0,0,0,11.07,9.83,10.45,11.05,97.69,0,72.91,0.81,20.36,1.34,20.56
2022,8,22,4,0,0,0,0,0,0,0,0,11.18,9.07,10.12,10.5,92.25,0,72.89,0.89,22.74,1.45,22.55
2022,8,22,5,0,0,0,0,0,0,0,0,11.37,8.37,9.87,10.07,87,0,72.89,0.9,27.23,1.45,26.98
2022,8,22,6,0.28,0.32,0.7,34.08,37.2,4.38,0.02,0.08,12.89,9.59,11.24,11.05,86.25,0,72.92,0.72,35.25,1.23,34.4
2022,8,22,7,1.04,1.1,1.75,125.9,134.9,15.71,0.19,0.95,15.83,9.73,12.78,11.17,72.31,0,72.97,0.92,107.21,1.18,106.15
2022,8,22,8,1.89,1.93,2.73,235.4,241.48,31.52,0.66,3.3,17.34,9.82,13.58,11.17,65.88,0,73.01,1.91,150.28,2.4,150.35
2022,8,22,9,2.47,2.66,3.55,313.65,333.38,44.16,1.27,6.48,18.37,10.62,14.49,11.84,65.19,0,73.05,2.63,163.45,3.34,163.56
2022,8,22,10,2.85,3.23,4.16,367.67,405.98,53.91,1.84,9.5,19,11.62,15.31,12.57,66.56,0,73.08,3.13,170.23,3.99,170.3
2022,8,22,11,2.88,3.54,4.51,383.42,447.02,57.15,2.11,11.02,19.3,12.62,15.97,13.31,69.25,0,73.08,3.39,174.45,4.32,174.5
2022,8,22,12,2.4,3.61,4.59,326.92,457.02,50.11,1.88,9.83,19.37,13.48,16.42,13.98,72.38,0.01,73.04,3.42,176.86,4.35,176.91
2022,8,22,13,2.23,3.41,4.39,305.62,432.8,46.38,1.69,8.58,19.27,13.93,16.6,14.34,74.56,0.01,72.98,3.39,177.49,4.31,177.51
2022,8,22,14,1.71,2.97,3.92,231.25,377.65,34.97,1.12,5.83,18.87,14.1,16.48,14.47,77.12,0.01,72.92,3.24,177.51,4.14,177.51
2022,8,22,15,1.3,2.33,3.21,176.35,295.65,26.21,0.7,3.6,18.28,14.07,16.17,14.47,79.81,0.01,72.89,2.99,178.5,3.84,178.6
2022,8,22,16,0.79,1.54,2.31,102.6,193.7,14.7,0.27,1.35,17.55,13.94,15.74,14.28,82.88,0.02,72.89,2.71,180.99,3.49,181.03
2022,8,22,17,0.42,0.72,1.29,52.33,88.3,6.91,0.05,0.27,16.51,13.88,15.2,14.22,88,0.01,72.92,2.32,184.06,3.04,183.98
2022,8,22,18,0.07,0.08,0.26,6.77,9.6,0.98,0,0.02,15,14.15,14.58,14.47,98.62,0.06,72.97,1.36,187.94,1.92,187.93
2022,8,22,19,0,0,0,0,0,0,0,0,14.57,14.38,14.48,14.65,100,0.06,73.03,0.73,188.04,1.22,188.08
2022,8,22,20,0,0,0,0,0,0,0,0,14.44,14.4,14.42,14.59,100,0.07,73.11,0.68,183.95,1.3,184.13
2022,8,22,21,0,0,0,0,0,0,0,0,14.26,14.37,14.32,14.59,100,0.07,73.17,0.69,181.3,1.38,180.65
2022,8,22,22,0,0,0,0,0,0,0,0,14.1,14.27,14.19,14.47,100,0.07,73.2,0.77,177.66,1.52,177.05
2022,8,22,23,0,0,0,0,0,0,0,0,13.9,14.05,13.98,14.22,100,0.07,73.2,0.86,179.48,1.63,178.62
2022,8,23,0,0,0,0,0,0,0,0,0,13.8,13.83,13.82,14.1,100,0.08,73.18,0.91,180,1.56,179.43
2022,8,23,1,0,0,0,0,0,0,0,0,13.78,13.51,13.65,13.79,100,0.1,73.16,0.7,182.54,1.13,181.97
2022,8,23,2,0,0,0,0,0,0,0,0,13.49,13.1,13.3,13.43,100,0.13,73.14,0.15,183.01,0.31,180
2022,8,23,3,0,0,0,0,0,0,0,0,13.01,12.62,12.81,13,100,0.13,73.13,0.12,28.3,0.19,33.02
2022,8,23,4,0,0,0,0,0,0,0,0,12.76,11.86,12.31,12.45,98.31,0.09,73.12,0.29,15.52,0.53,15.26
2022,8,23,5,0,0,0,0,0,0,0,0,12.97,11.15,12.05,11.9,92.75,0.05,73.13,0.47,7.59,0.85,4.76
2022,8,23,6,0.29,0.31,0.69,35.12,37.48,4.52,0.02,0.08,14.35,11.76,13.05,12.45,89,0.03,73.16,0.36,21.57,0.62,16.14
2022,8,23,7,0.89,1.08,1.75,109.7,134.52,14.11,0.18,0.88,16.46,11.63,14.05,12.27,76.69,0.03,73.21,1.09,145.18,1.42,145.52
2022,8,23,8,1.5,1.91,2.72,192.88,241.4,26.93,0.59,2.95,17.18,12.06,14.62,12.57,75.06,0.04,73.27,2.43,162.21,3.14,162.2
2022,8,23,9,1.98,2.63,3.54,261.02,333.75,37.87,1.12,5.9,17.49,12.84,15.16,13.24,77.62,0.06,73.32,2.87,167.74,3.68,167.74
2022,8,23,10,2.29,3.17,4.15,308.38,401.98,46.36,1.6,8.05,17.71,13.35,15.53,13.73,79,0.09,73.32,3.02,172.56,3.85,172.66
2022,8,23,11,2.2,3.48,4.51,305.25,441.15,46.73,1.73,8.77,17.68,13.52,15.6,13.85,79.88,0.15,73.3,3.13,179.43,4.03,179.33
2022,8,23,12,1.86,3.66,4.59,267.83,466.67,42.97,1.62,8.3,17.26,13.62,15.44,13.92,82.31,0.2,73.26,3.11,185.18,4.04,185.1
2022,8,23,13,1.12,3.44,4.38,170.75,439.77,28.31,1,5,16.64,13.72,15.18,13.98,86.19,0.28,73.23,2.88,187.63,3.74,187.56
2022,8,23,14,0.81,3,3.91,119.92,384.55,19.77,0.64,3.3,16.25,13.76,15.01,14.04,88.44,0.38,73.2,2.58,186.44,3.34,186.31
2022,8,23,15,0.44,2.36,3.2,63.73,302.73,10.41,0.28,1.42,15.94,13.77,14.86,14.04,90.19,0.47,73.2,2.21,183.85,2.86,183.76
2022,8,23,16,0.28,1.57,2.3,37.4,201.35,6.03,0.11,0.55,15.6,13.81,14.7,14.04,92.44,0.55,73.22,1.79,184.01,2.32,183.67
2022,8,23,17,0.15,0.72,1.28,19.42,90.4,3.16,0.03,0.12,15.15,13.87,14.51,14.1,95.62,0.62,73.25,1.34,185.68,1.77,185.06
2022,8,23,18,0.06,0.08,0.25,5.67,9.3,0.85,0,0.02,14.61,14.03,14.32,14.22,99.88,0.49,73.31,0.75,186.6,1.07,190.49
2022,8,23,19,0,0,0,0,0,0,0,0,14.37,13.8,14.08,13.98,99.75,0.46,73.38,0.58,192.36,0.87,195.16
2022,8,23,20,0,0,0,0,0,0,0,0,14.08,13.51,13.79,13.67,99.75,0.37,73.46,0.43,203.33,0.65,205.64
2022,8,23,21,0,0,0,0,0,0,0,0,13.76,13.09,13.42,13.31,99.38,0.27,73.53,0.3,218.66,0.43,226.47
2022,8,23,22,0,0,0,0,0,0,0,0,13.45,12.63,13.05,12.94,98.5,0.19,73.55,0.19,242.35,0.27,268.36
2022,8,23,23,0,0,0,0,0,0,0,0,13.23,12.16,12.7,12.57,97.06,0.16,73.52,0.16,306.87,0.34,321.55
2022,8,24,0,0,0,0,0,0,0,0,0,13.1,11.65,12.37,12.15,94.62,0.12,73.47,0.22,332.53,0.4,335.46
2022,8,24,1,0,0,0,0,0,0,0,0,13.09,11.21,12.15,11.84,91.88,0.09,73.42,0.25,354.64,0.42,355.76
2022,8,24,2,0,0,0,0,0,0,0,0,13.07,10.84,11.96,11.54,89.75,0.08,73.39,0.35,5.19,0.57,5.55
2022,8,24,3,0,0,0,0,0,0,0,0,13.08,10.51,11.8,11.29,87.75,0.08,73.37,0.49,356.37,0.8,356.63
2022,8,24,4,0,0,0,0,0,0,0,0,13.08,10.13,11.61,10.99,85.62,0.08,73.35,0.65,352.36,1.06,351.09
2022,8,24,5,0,0,0,0,0,0,0,0,13.15,9.83,11.49,10.8,83.62,0.05,73.34,0.72,348.08,1.21,346.14
2022,8,24,6,0.23,0.29,0.68,29.58,35.23,4.07,0.02,0.08,14.24,11.32,12.78,12.08,87.25,0.02,73.35,0.6,346.5,1.1,342.6
2022,8,24,7,0.93,1.08,1.74,116.48,135.02,15.09,0.19,0.92,16.88,11.45,14.17,12.15,73.81,0.02,73.37,0.29,237.17,0.43,250.91
2022,8,24,8,1.83,1.92,2.72,232.98,243.95,31.75,0.68,3.35,17.35,11.79,14.57,12.33,72.75,0.01,73.42,1.87,192.76,2.44,192.79
2022,8,24,9,2.48,2.65,3.54,321.7,337.7,46.02,1.33,6.83,16.67,12.5,14.58,12.88,79.69,0.01,73.5,2.36,190.08,3.07,189.82
2022,8,24,10,2.45,3.2,4.15,325.9,407.33,49.37,1.7,8.73,16.41,12.83,14.62,13.18,82.81,0.02,73.51,1.91,199.62,2.47,198.61
2022,8,24,11,2.55,3.54,4.5,348.62,449.83,53.76,2.02,10.33,16.89,13.02,14.95,13.31,81.19,0.05,73.48,1.78,192.69,2.31,191.12
2022,8,24,12,2.42,3.64,4.58,338.17,461.95,53.12,2.03,10.5,17.73,13.32,15.53,13.61,78.31,0.1,73.41,2.21,182.43,2.84,181.57
2022,8,24,13,2.18,3.43,4.37,300.2,435,47.09,1.72,8.8,18.09,13.65,15.87,13.92,78.19,0.13,73.34,2.64,180.68,3.38,180.4
2022,8,24,14,1.69,2.98,3.9,235.67,378.02,36.92,1.23,6.38,17.81,13.77,15.8,14.04,80.38,0.2,73.28,2.69,180.67,3.46,180.39
2022,8,24,15,0.94,2.33,3.19,136.33,294.58,22.26,0.62,3.15,17.36,13.8,15.58,14.1,83,0.23,73.23,2.52,182.13,3.26,181.92
2022,8,24,16,0.59,1.5,2.29,83.6,188.4,13.2,0.25,1.23,16.74,13.87,15.31,14.22,86.94,0.21,73.21,2.16,184.99,2.79,184.66
2022,8,24,17,0.28,0.69,1.26,37.05,84.23,5.45,0.05,0.23,15.92,14.01,14.97,14.34,92.5,0.19,73.22,1.7,189.25,2.23,188.87
2022,8,24,18,0.07,0.07,0.24,6.35,8.38,0.95,0,0.02,14.98,14.28,14.62,14.53,99.69,0.13,73.26,0.85,190.59,1.29,191.85
2022,8,24,19,0,0,0,0,0,0,0,0,14.49,14.27,14.38,14.53,100,0.12,73.3,0.56,188.02,1.01,189.75
2022,8,24,20,0,0,0,0,0,0,0,0,14.33,14.19,14.26,14.4,100,0.1,73.35,0.52,189.46,0.94,188.6
2022,8,24,21,0,0,0,0,0,0,0,0,14.21,14.1,14.15,14.28,100,0.08,73.38,0.53,185.88,0.95,184.72
2022,8,24,22,0,0,0,0,0,0,0,0,14.03,13.98,14.01,14.22,100,0.07,73.37,0.59,180,1.03,179.13
2022,8,24,23,0,0,0,0,0,0,0,0,13.87,13.87,13.87,14.1,100,0.05,73.34,0.63,180,1.09,179.18
2022,8,25,0,0,0,0,0,0,0,0,0,13.73,13.8,13.76,14.04,100,0.04,73.3,0.66,183.41,1.16,183.87
2022,8,25,1,0,0,0,0,0,0,0,0,13.63,13.72,13.67,13.92,100,0.03,73.25,0.68,185.97,1.17,186.13
2022,8,25,2,0,0,0,0,0,0,0,0,13.59,13.62,13.6,13.85,100,0.03,73.22,0.66,186.79,1.12,187.22
2022,8,25,3,0,0,0,0,0,0,0,0,13.44,13.47,13.45,13.73,100,0.03,73.21,0.67,184.04,1.13,183.97
2022,8,25,4,0,0,0,0,0,0,0,0,13.28,13.28,13.28,13.55,100,0.03,73.21,0.67,178,1.11,178.39
2022,8,25,5,0,0,0,0,0,0,0,0,13.23,12.98,13.11,13.37,100,0.03,73.23,0.57,171.31,0.9,171.03
2022,8,25,6,0.25,0.31,0.67,30.62,35.73,4.09,0.02,0.08,13.81,13.31,13.56,13.67,100,0.02,73.25,0.48,170.54,0.68,170.11
2022,8,25,7,0.75,1.1,1.73,95.02,134.9,13.03,0.17,0.85,14.75,13.5,14.12,13.85,96.56,0.01,73.29,0.77,161.57,0.93,161.41
2022,8,25,8,1.46,1.96,2.71,188.25,246.7,26.88,0.6,3.02,15.55,13.4,14.47,13.85,91.5,0.01,73.32,1.26,162.35,1.56,162.2
2022,8,25,9,2.05,2.7,3.53,269.15,339.4,39.92,1.2,6.25,16.11,13.38,14.75,13.85,88.38,0.01,73.34,1.68,169.84,2.1,169.73
2022,8,25,10,2.54,3.26,4.14,336.52,410.2,51.14,1.79,9.23,16.72,13.37,15.05,13.85,85.06,0.02,73.33,2.04,180,2.56,180
2022,8,25,11,2.63,3.56,4.5,350.67,447.98,54.34,2.06,10.62,17.48,13.44,15.46,13.92,81.44,0.02,73.29,2.37,186.42,2.99,186.29
2022,8,25,12,2.66,3.58,4.57,361.45,449.08,54.69,2.09,10.88,18.58,13.74,16.15,14.22,77.5,0.03,73.23,2.66,189.99,3.35,189.95
2022,8,25,13,2.18,3.38,4.36,290.15,421.58,44.72,1.63,8.35,19.02,13.96,16.49,14.34,76,0.04,73.15,2.89,190.73,3.68,190.64
2022,8,25,14,1.91,2.89,3.89,255.92,360.4,38.73,1.27,6.65,19.13,14.25,16.69,14.59,76.62,0.05,73.09,3.05,190.94,3.91,190.95
2022,8,25,15,1.28,2.23,3.17,173.35,276.1,26.12,0.71,3.65,18.66,14.4,16.54,14.71,79.44,0.06,73.05,3.01,189.88,3.87,189.88
2022,8,25,16,0.74,1.46,2.27,97.3,178.6,14.67,0.28,1.38,17.73,14.55,16.14,14.77,84.75,0.06,73.04,2.72,189.08,3.53,189.17
2022,8,25,17,0.47,0.63,1.24,55.67,73.77,7.47,0.06,0.3,16.56,14.59,15.58,14.77,91.31,0.07,73.06,2.23,189.89,2.92,190.02
2022,8,25,18,0.07,0.06,0.23,6.65,7.15,0.96,0.01,0.02,15.3,14.68,14.99,14.83,99.25,0.2,73.1,1.29,191.17,1.83,191.07
2022,8,25,19,0,0,0,0,0,0,0,0,14.76,14.71,14.73,14.83,100,0.22,73.15,0.71,189.57,1.27,189.17
2022,8,25,20,0,0,0,0,0,0,0,0,14.53,14.6,14.57,14.65,100,0.21,73.2,0.65,188.33,1.3,187.94
2022,8,25,21,0,0,0,0,0,0,0,0,14.3,14.38,14.34,14.47,100,0.16,73.24,0.63,188.53,1.33,188.13
2022,8,25,22,0,0,0,0,0,0,0,0,14.02,14.08,14.05,14.22,100,0.14,73.23,0.6,189.71,1.28,189.46
2022,8,25,23,0,0,0,0,0,0,0,0,13.83,13.96,13.89,14.1,100,0.13,73.2,0.6,191.31,1.25,190.82
2022,8,26,0,0,0,0,0,0,0,0,0,13.66,13.79,13.73,13.92,100,0.1,73.15,0.61,194.93,1.25,194.12
2022,8,26,1,0,0,0,0,0,0,0,0,13.51,13.62,13.56,13.79,100,0.08,73.09,0.61,197.27,1.21,197.27
2022,8,26,2,0,0,0,0,0,0,0,0,13.4,13.44,13.42,13.61,100,0.07,73.05,0.6,198.2,1.1,197.4
2022,8,26,3,0,0,0,0,0,0,0,0,13.35,13.3,13.32,13.49,100,0.1,73.02,0.55,196.39,0.93,196.01
2022,8,26,4,0,0,0,0,0,0,0,0,13.29,13.12,13.2,13.37,100,0.14,73.02,0.44,187.13,0.72,186.82
2022,8,26,5,0,0,0,0,0,0,0,0,13.25,12.91,13.08,13.18,100,0.15,73.04,0.29,154.8,0.46,156.93
2022,8,26,6,0.15,0.27,0.66,20.1,32.33,2.8,0.01,0.05,13.65,13.01,13.33,13.31,99.31,0.11,73.08,0.34,103.09,0.46,103.8
2022,8,26,7,0.59,1.05,1.73,77.02,130.83,11.35,0.16,0.75,15.08,12.94,14.01,13.37,90.75,0.08,73.11,0.73,141.91,0.9,141.73
2022,8,26,8,1.12,1.88,2.71,152.2,239.02,23.03,0.53,2.65,16.57,13.08,14.82,13.55,83.69,0.07,73.14,1.65,176.2,2.06,176.08
2022,8,26,9,1.51,2.64,3.53,211.48,337.08,33.09,1,5.33,17.76,13.48,15.62,13.92,79.75,0.08,73.16,2.25,184.98,2.83,184.75
2022,8,26,10,2.26,3.19,4.14,309,407.62,47.5,1.67,8.48,18.65,14.08,16.37,14.4,78.19,0.1,73.15,2.81,191.4,3.56,191.14
2022,8,26,11,2.06,3.52,4.49,293.05,448.2,46.32,1.75,8.88,19.14,14.57,16.86,14.83,77.88,0.13,73.11,3.25,194.47,4.16,194.35
2022,8,26,12,1.94,3.51,4.57,277.8,443.73,43.33,1.63,8.33,19.38,14.85,17.12,15.08,77.88,0.17,73.06,3.59,195.67,4.63,195.56
2022,8,26,13,1.73,3.3,4.36,246.48,416.48,38.42,1.39,6.98,19.41,15.02,17.22,15.2,78.44,0.19,73,3.73,196.31,4.85,196.19
2022,8,26,14,1.39,2.83,3.88,198.05,356.73,30.51,1,5.23,19.16,15.07,17.12,15.26,79.88,0.19,72.94,3.7,197.82,4.83,197.79
2022,8,26,15,0.99,2.1,3.16,137.27,261.02,20.71,0.55,2.85,18.36,15.15,16.76,15.32,84.19,0.17,72.91,3.54,201.52,4.65,201.48
2022,8,26,16,0.62,1.3,2.26,82.85,159.65,12.19,0.23,1.1,17.29,15.13,16.21,15.26,89.69,0.16,72.89,3.17,205.87,4.22,205.9
2022,8,26,17,0.28,0.53,1.23,35.27,63.48,5.05,0.04,0.2,16.35,15.09,15.72,15.2,94.88,0.16,72.9,2.66,209.35,3.59,209.3
2022,8,26,18,0.06,0.05,0.21,5.75,6.1,0.83,0,0.02,15.52,15.03,15.27,15.14,99.56,0.19,72.92,1.84,209.71,2.59,209.66
2022,8,26,19,0,0,0,0,0,0,0,0,15.12,14.98,15.05,15.08,100,0.2,72.97,1.22,207.88,1.86,207.86
2022,8,26,20,0,0,0,0,0,0,0,0,14.83,14.82,14.83,14.89,100,0.19,73.02,0.96,207.19,1.6,207.32
2022,8,26,21,0,0,0,0,0,0,0,0,14.54,14.62,14.58,14.71,100,0.15,73.05,0.79,203.27,1.46,203.68
2022,8,26,22,0,0,0,0,0,0,0,0,14.25,14.41,14.33,14.53,100,0.12,73.06,0.73,203.84,1.46,203.68
2022,8,26,23,0,0,0,0,0,0,0,0,14.09,14.25,14.17,14.4,100,0.1,73.05,0.74,210.65,1.47,210.39
2022,8,27,0,0,0,0,0,0,0,0,0,13.96,14.08,14.01,14.28,100,0.1,73,0.7,219.56,1.42,219.2
2022,8,27,1,0,0,0,0,0,0,0,0,13.8,13.9,13.85,14.1,100,0.13,72.93,0.63,228.01,1.36,228.04
2022,8,27,2,0,0,0,0,0,0,0,0,13.58,13.67,13.62,13.92,100,0.14,72.86,0.6,231.34,1.26,231.28
2022,8,27,3,0,0,0,0,0,0,0,0,13.5,13.49,13.49,13.79,100,0.1,72.83,0.56,226.7,1.06,225.9
2022,8,27,4,0,0,0,0,0,0,0,0,13.4,13.34,13.37,13.67,100,0.06,72.84,0.5,228.14,0.91,226.4
2022,8,27,5,0,0,0,0,0,0,0,0,13.32,13.19,13.25,13.55,100,0.04,72.85,0.49,225.64,0.85,225.74
2022,8,27,6,0.12,0.24,0.66,16.85,28.55,2.52,0.01,0.05,13.87,13.51,13.69,13.85,100,0.04,72.88,0.71,198.03,1.04,200.2
2022,8,27,7,0.46,0.95,1.72,59.88,118.35,8.85,0.12,0.58,14.98,13.79,14.38,14.1,96.38,0.05,72.95,1.36,196.98,1.72,196.87
2022,8,27,8,0.86,1.77,2.7,119.35,223.95,18.16,0.41,2.05,15.84,13.97,14.9,14.28,92.44,0.06,73.01,1.89,199.11,2.4,199.03
2022,8,27,9,1.34,2.51,3.52,190.95,320.12,29.27,0.88,4.65,16.3,14.07,15.19,14.4,90.31,0.07,73.05,2.13,201.1,2.72,201.04
2022,8,27,10,1.62,3.07,4.13,233.08,393.15,36.26,1.24,6.3,16.74,14.15,15.44,14.47,88.25,0.1,73.05,2.16,206.38,2.74,206.27
2022,8,27,11,1.88,3.41,4.48,270.35,436.12,42.28,1.56,7.85,17.08,14.15,15.62,14.47,86.31,0.18,73.02,2.37,209.18,3.02,209.08
2022,8,27,12,1.67,3.6,4.56,253.3,463.85,42.02,1.59,8.05,17.27,14.22,15.74,14.47,85.38,0.29,72.96,2.71,206.49,3.49,206.45
2022,8,27,13,1.61,3.39,4.35,241.05,436.58,39.28,1.39,6.98,17.12,14.31,15.72,14.53,86.62,0.39,72.91,3,204.63,3.92,204.62
2022,8,27,14,1.42,2.93,3.87,208.12,377.42,33.85,1.12,5.85,16.9,14.44,15.67,14.65,88.31,0.45,72.86,3.12,204.71,4.11,204.71
2022,8,27,15,1.09,2.25,3.15,156.9,289.55,25.11,0.68,3.5,16.58,14.47,15.52,14.65,90.12,0.51,72.83,3.14,204.59,4.17,204.55
2022,8,27,16,0.63,1.41,2.24,89.1,178.7,14.19,0.27,1.33,16.04,14.48,15.26,14.65,93.19,0.54,72.83,2.92,203.96,3.94,203.87
2022,8,27,17,0.21,0.56,1.21,28.05,68.15,4.34,0.03,0.17,15.43,14.53,14.98,14.65,97.12,0.54,72.86,2.55,201.61,3.49,201.56
2022,8,27,18,0.04,0.05,0.2,3.77,5.92,0.57,0,0,14.79,14.55,14.67,14.71,100,1.1,72.9,1.74,195.91,2.53,195.58
2022,8,27,19,0,0,0,0,0,0,0,0,14.37,14.4,14.39,14.59,100,1.14,72.94,1.26,189.29,2.03,189.1
2022,8,27,20,0,0,0,0,0,0,0,0,14.12,14.3,14.21,14.47,100,1.25,73.03,1.19,185.64,2.01,185.8
2022,8,27,21,0,0,0,0,0,0,0,0,13.97,14.19,14.08,14.34,100,1.46,73.1,1.13,192.79,1.97,192.82
2022,8,27,22,0,0,0,0,0,0,0,0,13.69,13.91,13.8,14.1,100,1.68,73.12,1.05,196.82,1.89,196.79
2022,8,27,23,0,0,0,0,0,0,0,0,13.44,13.66,13.55,13.85,100,1.64,73.11,0.94,195.42,1.76,194.65
2022,8,28,0,0,0,0,0,0,0,0,0,13.26,13.48,13.37,13.73,100,1.54,73.08,0.79,198.97,1.61,198.08
2022,8,28,1,0,0,0,0,0,0,0,0,13.08,13.23,13.15,13.49,100,1.53,73.05,0.68,203.03,1.41,202.74
2022,8,28,2,0,0,0,0,0,0,0,0,12.91,12.94,12.92,13.31,100,1.33,73,0.59,208.25,1.18,208.09
2022,8,28,3,0,0,0,0,0,0,0,0,12.8,12.69,12.75,13.12,100,1,72.96,0.52,201.16,0.93,202.25
2022,8,28,4,0,0,0,0,0,0,0,0,12.68,12.54,12.61,13.06,100,0.8,72.95,0.51,189.75,0.92,191.31
2022,8,28,5,0,0,0,0,0,0,0,0,12.53,12.39,12.46,12.94,100,0.67,72.98,0.51,185.27,0.93,186.29
2022,8,28,6,0.05,0.25,0.65,6.45,29.6,1.02,0,0.02,13.24,12.78,13.01,13.31,100,0.92,73.04,0.78,180,1.19,177.74
2022,8,28,7,0.27,0.98,1.72,36.05,121.45,5.64,0.08,0.38,14.23,13.06,13.65,13.55,97.31,0.61,73.12,1.5,172.54,1.94,172.13
2022,8,28,8,0.53,1.82,2.7,76.83,229.4,12.42,0.28,1.42,15.1,13.24,14.17,13.67,92.69,0.43,73.16,1.85,171.49,2.35,171.57
2022,8,28,9,0.81,2.56,3.52,119.8,324.65,19.46,0.58,3,16.12,13.46,14.79,13.79,87.81,0.4,73.2,2.37,173.56,3.03,173.63
2022,8,28,10,0.95,3.11,4.13,147.5,395.4,24.3,0.85,4.35,17.08,13.81,15.44,14.1,84.31,0.49,73.2,2.99,175.21,3.85,175.46
2022,8,28,11,1.27,3.42,4.48,188.95,435.65,30.31,1.09,5.48,17.67,14.16,15.91,14.34,82.88,0.6,73.18,3.62,178.64,4.7,178.86
2022,8,28,12,1.05,3.44,4.55,159.92,438.73,25.82,0.93,4.7,17.54,14.33,15.94,14.53,84.25,0.75,73.15,4.06,181.1,5.34,181.17
2022,8,28,13,1.39,3.17,4.34,199.3,404.08,30.8,1.06,5.35,16.92,14.45,15.69,14.59,88.06,0.91,73.1,4.28,182.72,5.69,182.75
2022,8,28,14,1.12,2.66,3.86,164.9,337.05,25.34,0.79,4.12,16.47,14.47,15.47,14.59,90.5,0.98,73.06,4.36,184.31,5.86,184.28
2022,8,28,15,1.19,1.97,3.14,160.92,248.1,23.55,0.6,3.1,15.94,14.28,15.11,14.4,92.44,0.94,73.04,4.15,184.32,5.63,184.37
2022,8,28,16,0.74,1.22,2.23,98.3,151.38,14.12,0.25,1.23,15.3,13.98,14.64,14.1,94.56,0.9,73.05,3.69,183.15,5.07,183.27
2022,8,28,17,0.34,0.49,1.19,44.33,59.62,6.23,0.05,0.23,14.58,13.71,14.15,13.92,97.5,0.92,73.08,2.97,179.55,4.13,179.67
2022,8,28,18,0.05,0.05,0.19,4.15,5.45,0.62,0,0.02,13.97,13.55,13.76,13.79,100,0.25,73.13,1.95,174.72,2.79,174.53
2022,8,28,19,0,0,0,0,0,0,0,0,13.61,13.37,13.49,13.67,100,0.19,73.19,1.42,171.11,2.11,169.98
2022,8,28,20,0,0,0,0,0,0,0,0,13.19,12.96,13.07,13.24,100,0.13,73.26,1.17,169.59,1.85,166.55
2022,8,28,21,0,0,0,0,0,0,0,0,12.67,12.32,12.5,12.7,100,0.11,73.33,0.86,168.49,1.36,161.57
2022,8,28,22,0,0,0,0,0,0,0,0,12.42,11.96,12.19,12.39,100,0.09,73.35,0.57,168.85,0.81,155.42
2022,8,28,23,0,0,0,0,0,0,0,0,12.25,11.73,11.99,12.21,100,0.06,73.32,0.24,170.54,0.29,135
2022,8,29,0,0,0,0,0,0,0,0,0,12.05,11.4,11.73,11.9,98.75,0.05,73.25,0.07,353.66,0.22,8.13
2022,8,29,1,0,0,0,0,0,0,0,0,11.94,11.16,11.55,11.66,97.69,0.05,73.19,0.26,340.46,0.52,345.12
2022,8,29,2,0,0,0,0,0,0,0,0,11.99,10.98,11.48,11.54,96.19,0.04,73.15,0.36,331.78,0.69,338.08
2022,8,29,3,0,0,0,0,0,0,0,0,12.09,10.73,11.4,11.35,93.81,0.03,73.13,0.37,331.29,0.62,335.38
2022,8,29,4,0,0,0,0,0,0,0,0,12.08,10.53,11.3,11.17,92.75,0.03,73.15,0.21,340.91,0.33,343.69
2022,8,29,5,0,0,0,0,0,0,0,0,11.79,10.5,11.14,11.17,94.38,0.02,73.2,0.1,51.34,0.18,53.62
2022,8,29,6,0.2,0.22,0.64,25.75,26.77,3.62,0.02,0.08,12.27,11.21,11.74,11.72,96.19,0.01,73.27,0.2,69.44,0.35,63.43
2022,8,29,7,0.73,0.9,1.71,93.08,111.67,13.05,0.17,0.85,14.19,11.86,13.03,12.27,88.75,0.01,73.34,0.66,139.33,0.81,139.28
2022,8,29,8,1.23,1.71,2.69,162.6,215.2,23.59,0.54,2.73,15.72,12.47,14.09,12.82,83.81,0.01,73.39,1.62,168.04,2.03,168.47
2022,8,29,9,1.57,2.41,3.51,210.77,302.5,30.31,0.91,4.8,16.94,12.8,14.87,13.06,79.38,0.01,73.42,2.48,175.67,3.16,176.04
2022,8,29,10,2.07,2.97,4.12,279.02,375.95,40.94,1.41,7.15,17.65,13.24,15.45,13.43,77.88,0.03,73.43,3.11,179.57,3.99,179.89
2022,8,29,11,2.22,3.31,4.47,299.48,418.67,44.71,1.66,8.58,18.05,13.63,15.83,13.73,77.75,0.06,73.41,3.51,183.44,4.52,183.56
2022,8,29,12,2.16,3.54,4.54,304.55,452.45,47.97,1.85,9.5,18.16,13.87,16.01,13.98,78.25,0.09,73.37,3.85,186.17,4.98,186.31
2022,8,29,13,1.69,3.31,4.33,238.08,422.83,37.42,1.38,7,17.9,13.99,15.95,14.04,80.06,0.11,73.32,3.96,188.05,5.15,188.12
2022,8,29,14,1.49,2.85,3.84,210.65,364.33,32.92,1.09,5.7,17.48,13.96,15.72,14.04,82.12,0.11,73.28,3.87,189.65,5.05,189.8
2022,8,29,15,1.08,2.18,3.12,150.2,277.67,23.23,0.62,3.23,16.76,13.78,15.26,13.92,84.94,0.11,73.25,3.58,190.55,4.71,190.71
2022,8,29,16,0.65,1.37,2.21,88.98,172.4,13.53,0.25,1.25,16.08,13.65,14.87,13.79,88.25,0.11,73.24,3.12,190.38,4.12,190.59
2022,8,29,17,0.26,0.55,1.17,33.15,67.33,4.84,0.04,0.2,15.13,13.51,14.32,13.73,93.19,0.11,73.24,2.46,189.52,3.28,189.87
2022,8,29,18,0.04,0.05,0.18,3.98,5.6,0.61,0,0,14.23,13.58,13.91,13.79,99.44,0.34,73.27,1.48,188.82,2.06,188.75
2022,8,29,19,0,0,0,0,0,0,0,0,13.86,13.54,13.69,13.79,100,0.29,73.31,1,186.74,1.52,184.71
2022,8,29,20,0,0,0,0,0,0,0,0,13.62,13.26,13.44,13.61,100,0.22,73.37,0.84,182.14,1.23,178.91
2022,8,29,21,0,0,0,0,0,0,0,0,13.42,12.92,13.17,13.37,100,0.16,73.41,0.52,185.19,0.73,180.62
2022,8,29,22,0,0,0,0,0,0,0,0,13.19,12.68,12.94,13.18,100,0.13,73.41,0.35,202.52,0.49,191.13
2022,8,29,23,0,0,0,0,0,0,0,0,12.95,12.64,12.8,13.18,100,0.12,73.38,0.37,198.43,0.6,182.23
2022,8,30,0,0,0,0,0,0,0,0,0,12.74,12.65,12.69,13.18,100,0.14,73.34,0.36,178.75,0.74,169.05
2022,8,30,1,0,0,0,0,0,0,0,0,12.68,12.67,12.68,13.18,100,0.14,73.3,0.36,176.27,0.8,169.24
2022,8,30,2,0,0,0,0,0,0,0,0,12.68,12.66,12.67,13.18,100,0.14,73.26,0.38,182.34,0.86,176.36
2022,8,30,3,0,0,0,0,0,0,0,0,12.61,12.54,12.58,13.12,100,0.14,73.22,0.38,193.17,0.85,185.29
2022,8,30,4,0,0,0,0,0,0,0,0,12.37,12.3,12.33,13,100,0.15,73.21,0.28,218.16,0.69,199.26
2022,8,30,5,0,0,0,0,0,0,0,0,12.06,11.81,11.94,12.7,100,0.14,73.23,0.21,280.49,0.39,228.27
2022,8,30,6,0.08,0.23,0.63,10.83,28.05,1.59,0.01,0.02,12.26,11.89,12.08,12.82,100,0.11,73.28,0.31,301.7,0.38,262.87
2022,8,30,7,0.38,0.95,1.7,52.2,118.83,7.8,0.1,0.52,13.4,12.31,12.86,13.12,100,0.07,73.35,0.61,221.39,0.8,219.88
2022,8,30,8,0.73,1.76,2.68,100.88,222.62,15.84,0.37,1.83,15.08,12.95,14.01,13.55,92.31,0.06,73.39,1.5,213.27,1.87,213.09
2022,8,30,9,1.07,2.49,3.51,153.12,317.65,24.18,0.72,3.8,16.48,13.3,14.89,13.67,85.38,0.06,73.41,2.34,204.43,2.98,204.48
2022,8,30,10,1.39,3.02,4.11,203.02,384.48,31.95,1.09,5.55,17.37,13.73,15.55,13.98,82.56,0.09,73.4,3.03,200.02,3.91,200.1
2022,8,30,11,1.63,3.36,4.47,237.35,428.17,37.33,1.37,6.88,17.8,14.01,15.9,14.16,81.38,0.14,73.36,3.6,200.56,4.7,200.51
2022,8,30,12,1.83,3.41,4.54,264.42,432.42,41.2,1.55,7.8,17.83,14.31,16.07,14.4,82.44,0.21,73.31,4,201.8,5.26,201.72
2022,8,30,13,1.72,3.18,4.32,243.83,402.12,37.94,1.36,6.85,17.4,14.37,15.88,14.4,84.69,0.26,73.25,4.13,203.51,5.48,203.42
2022,8,30,14,1.48,2.71,3.83,208.25,341.3,31.71,1.03,5.42,16.86,14.37,15.62,14.4,87.44,0.3,73.2,4.07,204.99,5.42,204.9
2022,8,30,15,1.01,2.03,3.11,138.27,253.9,20.98,0.55,2.85,16.23,14.29,15.26,14.34,90.62,0.33,73.16,3.78,207.47,5.06,207.4
2022,8,30,16,0.57,1.23,2.2,75.52,150.42,11.12,0.2,1,15.78,14.18,14.98,14.28,92.81,0.34,73.14,3.44,210.76,4.63,210.72
2022,8,30,17,0.24,0.48,1.16,29.85,57.3,4.34,0.03,0.15,15.11,14.05,14.58,14.16,96.25,0.35,73.14,2.88,210.88,3.92,210.91
2022,8,30,18,0.04,0.04,0.17,3.65,4.67,0.55,0,0,14.4,14.01,14.2,14.16,100,0.59,73.18,1.83,204.16,2.62,203.96
2022,8,30,19,0,0,0,0,0,0,0,0,14.2,14.02,14.11,14.16,100,0.55,73.24,1.23,199.7,1.86,199.65
2022,8,30,20,0,0,0,0,0,0,0,0,14,13.95,13.98,14.1,100,0.49,73.29,1.07,198.7,1.73,198.43
2022,8,30,21,0,0,0,0,0,0,0,0,13.9,13.9,13.9,14.04,100,0.41,73.32,1.08,199.35,1.78,199.47
2022,8,30,22,0,0,0,0,0,0,0,0,13.85,13.85,13.85,14.04,100,0.38,73.3,1.08,203.42,1.78,203.3
2022,8,30,23,0,0,0,0,0,0,0,0,13.74,13.77,13.76,13.98,100,0.4,73.26,1.03,207.92,1.74,208.06
2022,8,31,0,0,0,0,0,0,0,0,0,13.6,13.69,13.65,13.92,100,0.38,73.21,0.98,210.65,1.71,210.78
2022,8,31,1,0,0,0,0,0,0,0,0,13.41,13.58,13.49,13.79,100,0.35,73.18,0.92,211.38,1.67,211.24
2022,8,31,2,0,0,0,0,0,0,0,0,13.19,13.39,13.29,13.67,100,0.36,73.14,0.84,217.08,1.64,217.25
2022,8,31,3,0,0,0,0,0,0,0,0,13.08,13.29,13.19,13.55,100,0.46,73.09,0.77,220.48,1.57,220.35
2022,8,31,4,0,0,0,0,0,0,0,0,12.83,13.09,12.96,13.43,100,0.61,73.07,0.73,219.33,1.57,218.93
2022,8,31,5,0,0,0,0,0,0,0,0,12.47,12.69,12.58,13.12,100,0.66,73.07,0.69,224.54,1.52,223.96
2022,8,31,6,0.06,0.23,0.62,8.42,27.45,1.3,0.01,0.02,13.25,13.04,13.15,13.43,100,0.66,73.09,1.01,225.31,1.57,225
2022,8,31,7,0.43,0.95,1.7,58.73,117.98,8.59,0.12,0.58,14.38,13.28,13.83,13.67,97.31,0.44,73.12,1.71,231.5,2.19,231.53
2022,8,31,8,0.79,1.77,2.68,110.95,223.55,17.23,0.41,2.02,15.62,13.36,14.49,13.73,90.38,0.29,73.18,2.15,229.13,2.71,228.97
2022,8,31,9,1.1,2.49,3.5,160.95,317.52,25.47,0.78,4.17,17.01,13.46,15.23,13.79,83,0.23,73.23,2.88,221.38,3.69,221.39
2022,8,31,10,1.48,3.05,4.11,216.12,388.42,34.06,1.22,6.17,17.71,13.69,15.7,13.92,80.25,0.24,73.24,3.48,216.41,4.51,216.41
2022,8,31,11,1.39,3.38,4.46,210.58,430.1,34.09,1.27,6.4,17.79,14,15.9,14.22,81.38,0.29,73.21,3.89,212.8,5.13,212.87
2022,8,31,12,1.2,3.59,4.53,187.33,459.98,32.24,1.27,6.35,17.64,14.27,15.96,14.47,83.5,0.31,73.16,4.16,212.02,5.51,212.09
2022,8,31,13,1.23,3.38,4.31,184.9,432.92,30.99,1.13,5.73,17.43,14.51,15.97,14.65,85.81,0.28,73.1,4.28,211.2,5.73,211.22
2022,8,31,14,0.85,2.92,3.82,133.38,374.3,22.74,0.75,3.92,17,14.63,15.81,14.77,88.75,0.25,73.03,4.31,210.23,5.83,210.17
2022,8,31,15,1.19,2.25,3.1,167.17,288.95,26.53,0.72,3.73,16.37,14.63,15.51,14.77,92.25,0.22,72.98,4.06,209.13,5.55,209.16
2022,8,31,16,0.52,1.44,2.18,74.5,184.65,12.11,0.23,1.15,15.69,14.57,15.13,14.77,96.19,0.18,72.95,3.35,207.76,4.62,207.74
2022,8,31,17,0.24,0.62,1.14,30.2,77.65,4.16,0.03,0.15,15.19,14.58,14.88,14.77,99.5,0.15,72.97,2.59,204.63,3.59,204.56
2022,8,31,18,0.05,0.05,0.16,4.42,5.6,0.68,0,0.02,14.91,14.57,14.74,14.83,100,0.42,73,1.83,198.9,2.62,198.76
2022,8,31,19,0,0,0,0,0,0,0,0,14.83,14.64,14.73,14.83,100,0.47,73.05,1.55,195.15,2.29,195.41
2022,8,31,20,0,0,0,0,0,0,0,0,14.69,14.65,14.67,14.83,100,0.66,73.09,1.41,195.12,2.17,195.24
2022,8,31,21,0,0,0,0,0,0,0,0,14.51,14.58,14.54,14.77,100,1.09,73.12,1.48,199.78,2.34,199.46
2022,8,31,22,0,0,0,0,0,0,0,0,14.35,14.49,14.42,14.65,100,1.55,73.12,1.66,203.55,2.64,203.22
2022,8,31,23,0,0,0,0,0,0,0,0,14.14,14.26,14.2,14.47,100,1.68,73.11,1.75,203.7,2.75,204.01
2022,9,1,0,0,0,0,0,0,0,0,0,13.68,13.95,13.81,14.16,100,1.51,73.09,1.47,202.2,2.41,202.08
2022,9,1,1,0,0,0,0,0,0,0,0,13.48,13.73,13.6,13.98,100,1.23,73.06,1.51,202.19,2.49,201.97
2022,9,1,2,0,0,0,0,0,0,0,0,13.22,13.48,13.35,13.79,100,0.94,73.05,1.45,201.86,2.44,201.22
2022,9,1,3,0,0,0,0,0,0,0,0,13.16,13.3,13.23,13.67,100,0.76,73.05,1.22,202.96,2.11,202.39
2022,9,1,4,0,0,0,0,0,0,0,0,13.08,13.18,13.13,13.61,100,0.61,73.05,0.88,207.92,1.66,207.17
2022,9,1,5,0.02,0,0,0.02,0.05,0.01,0,0,13,13.07,13.03,13.49,100,0.53,73.08,0.72,213.52,1.47,212.85
2022,9,1,6,0.05,0.24,0.61,6.23,29.95,1.05,0,0.02,13.23,13.12,13.18,13.55,100,0.55,73.13,0.86,218.33,1.5,218.43
2022,9,1,7,0.28,0.97,1.69,38.1,125.3,6.47,0.09,0.42,13.84,13.34,13.59,13.79,100,0.72,73.18,1.77,226.25,2.44,226.3
2022,9,1,8,0.57,1.75,2.67,82.83,228.6,14.02,0.31,1.55,14.26,13.21,13.73,13.73,98.62,1.02,73.24,2.38,239.39,3.16,239.25
2022,9,1,9,0.88,2.44,3.5,127.42,318.4,20.37,0.59,3.12,14.97,13.1,14.03,13.73,94.06,1.33,73.28,2.51,249.26,3.27,249.14
2022,9,1,10,1.07,3.02,4.1,162.15,386.77,27.45,0.91,4.67,15.78,12.98,14.38,13.61,88.81,1.55,73.27,2.4,248.61,3.08,248.71
2022,9,1,11,1.34,3.38,4.45,199.85,427.8,33.7,1.27,6.38,16.44,12.83,14.63,13.49,84.38,1.75,73.25,2.58,242.04,3.31,241.98
2022,9,1,12,1.25,3.41,4.52,188.7,431.75,31.85,1.2,6.02,16.62,13.01,14.81,13.61,83.94,1.89,73.2,2.82,234.37,3.65,234.23
2022,9,1,13,1.16,3.19,4.3,171.98,403.42,29.14,1.03,5.23,16.81,13.43,15.12,13.92,84.69,1.96,73.15,3.02,230.35,3.94,230.31
2022,9,1,14,1.1,2.73,3.81,161.05,344.95,26.79,0.86,4.55,16.89,13.8,15.34,14.16,85.81,1.94,73.08,3.25,226.36,4.27,226.34
2022,9,1,15,0.79,2.04,3.08,111.35,255.83,18.45,0.49,2.55,16.51,14.03,15.27,14.34,88.75,1.84,73.04,3.27,222.58,4.34,222.59
2022,9,1,16,0.59,1.19,2.16,72.27,143.42,9.54,0.16,0.8,15.73,14.13,14.93,14.4,93.62,1.7,73.04,2.95,220.27,3.96,220.2
2022,9,1,17,0.22,0.48,1.12,26.2,58.08,3.91,0.03,0.15,15.01,14.15,14.58,14.34,98,1.67,73.07,2.48,216.69,3.39,216.66
2022,9,1,18,0.04,0.04,0.15,3.45,4.3,0.53,0,0,14.36,14.11,14.23,14.34,100,0.52,73.12,1.59,210.34,2.31,210.3
2022,9,1,19,0,0,0,0,0,0,0,0,13.98,13.99,13.98,14.22,100,0.6,73.19,1.1,207.47,1.77,207.58
2022,9,1,20,0,0,0,0,0,0,0,0,13.73,13.85,13.8,14.04,100,0.64,73.25,0.94,204.64,1.64,204.74
2022,9,1,21,0,0,0,0,0,0,0,0,13.49,13.7,13.59,13.92,100,0.59,73.29,0.85,203.96,1.59,204.05
2022,9,1,22,0,0,0,0,0,0,0,0,13.3,13.55,13.42,13.79,100,0.55,73.3,0.87,206.8,1.67,206.68
2022,9,1,23,0,0,0,0,0,0,0,0,13.13,13.4,13.26,13.67,100,0.58,73.27,0.9,210.36,1.75,210.35
2022,9,2,0,0,0,0,0,0,0,0,0,12.97,13.27,13.12,13.55,100,0.63,73.24,0.93,213.69,1.82,213.83
2022,9,2,1,0,0,0,0,0,0,0,0,12.78,13.1,12.94,13.43,100,0.63,73.21,0.93,218.21,1.86,218.02
2022,9,2,2,0,0,0,0,0,0,0,0,12.55,12.86,12.7,13.18,100,0.52,73.19,0.87,226.82,1.81,226.4
2022,9,2,3,0,0,0,0,0,0,0,0,12.26,12.56,12.41,12.94,100,0.34,73.18,0.73,230.19,1.63,230.26
2022,9,2,4,0,0,0,0,0,0,0,0,12,12.12,12.06,12.7,100,0.19,73.17,0.68,240.5,1.41,240.02
2022,9,2,5,0,0,0,0,0,0,0,0,11.91,11.84,11.88,12.51,100,0.14,73.18,0.64,257.32,1.18,256.61
2022,9,2,6,0.1,0.23,0.61,13.4,27.73,2.2,0.01,0.02,12.67,12.08,12.37,12.7,100,0.09,73.21,0.73,276.75,1.1,276.12
2022,9,2,7,0.5,0.96,1.68,65.77,118.33,10.34,0.13,0.65,14.3,12.37,13.34,12.94,92.69,0.08,73.26,1.22,269.63,1.52,270
2022,9,2,8,0.86,1.74,2.67,117.08,217.5,18.73,0.42,2.1,16.01,12.85,14.43,13.31,85.38,0.09,73.3,1.87,234.71,2.35,234.35
2022,9,2,9,1.13,2.43,3.49,158.2,303.92,25.73,0.75,3.95,17.07,13.41,15.24,13.67,82.25,0.1,73.32,2.66,218.69,3.4,218.47
2022,9,2,10,1.37,2.96,4.1,194.4,371.7,31.62,1.07,5.45,17.81,13.96,15.88,14.16,80.94,0.15,73.31,3.29,214.45,4.25,214.22
2022,9,2,11,1.48,3.27,4.45,215.17,410.83,35.1,1.27,6.35,18.29,14.41,16.35,14.53,80.81,0.25,73.28,3.83,212.59,5,212.42
2022,9,2,12,1.47,3.28,4.51,210.35,410.38,33.48,1.21,6.05,18.09,14.65,16.37,14.77,82.94,0.34,73.22,4.16,212.26,5.49,212.15
2022,9,2,13,1.57,3.08,4.29,221.25,386.92,35.33,1.21,6.1,17.7,14.86,16.28,14.95,86,0.42,73.17,4.26,213.16,5.67,213.08
2022,9,2,14,1.15,2.6,3.8,164.8,325.5,26.54,0.81,4.3,17.22,14.9,16.06,15.01,88.88,0.47,73.11,4.2,213.63,5.65,213.56
2022,9,2,15,0.87,1.96,3.07,120.2,243.55,19.25,0.48,2.48,16.59,14.92,15.76,15.01,92.62,0.54,73.08,4.02,214.06,5.46,214.03
2022,9,2,16,0.53,1.2,2.15,72.4,147.25,11.46,0.2,0.98,16.01,14.91,15.46,15.01,96,0.63,73.07,3.61,214.96,4.96,214.87
2022,9,2,17,0.24,0.47,1.1,30.15,55.62,4.66,0.03,0.15,15.47,14.85,15.15,14.95,99.06,0.72,73.07,3.02,212.87,4.22,212.84
2022,9,2,18,0.03,0.03,0.14,2.98,3.9,0.46,0,0,14.98,14.79,14.88,14.89,100,0.47,73.09,2.24,208.53,3.23,208.42
2022,9,2,19,0,0,0,0,0,0,0,0,14.75,14.69,14.72,14.77,100,0.56,73.12,1.91,208.55,2.84,208.61
2022,9,2,20,0,0,0,0,0,0,0,0,14.55,14.55,14.55,14.65,100,0.57,73.17,1.69,214.06,2.58,214.03
2022,9,2,21,0,0,0,0,0,0,0,0,14.28,14.33,14.3,14.47,100,0.47,73.2,1.35,219.38,2.17,219.59
2022,9,2,22,0,0,0,0,0,0,0,0,13.77,13.8,13.79,14.1,100,0.3,73.19,1.11,218.41,1.91,219.54
2022,9,2,23,0,0,0,0,0,0,0,0,13.33,13.33,13.33,13.73,100,0.16,73.16,1.04,219.81,1.82,222.74
2022,9,3,0,0,0,0,0,0,0,0,0,12.95,12.85,12.9,13.43,100,0.09,73.12,1,228.48,1.66,232.27
2022,9,3,1,0,0,0,0,0,0,0,0,12.49,12.26,12.38,13.06,100,0.05,73.07,0.9,257.52,1.48,258.39
2022,9,3,2,0,0,0,0,0,0,0,0,12.25,11.83,12.04,12.7,100,0.03,73.02,0.91,290.61,1.54,288.34
2022,9,3,3,0,0,0,0,0,0,0,0,12.24,11.66,11.95,12.51,100,0.03,72.98,0.66,297.47,1.21,296.57
2022,9,3,4,0,0,0,0,0,0,0,0,12.24,11.45,11.84,12.33,100,0.03,72.95,0.57,291.66,1.02,292.05
2022,9,3,5,0,0,0,0,0,0,0,0,12.21,11.32,11.76,12.27,100,0.03,72.95,0.54,286.86,0.89,285.26
2022,9,3,6,0.09,0.23,0.6,12.38,27.6,1.93,0.01,0.02,12.8,11.78,12.3,12.63,99.25,0.03,72.98,0.5,276.34,0.76,277.13
2022,9,3,7,0.52,0.96,1.68,68.12,119.05,10.61,0.13,0.65,14.42,12.43,13.42,13.12,93,0.03,73.02,1.14,243.96,1.43,243.72
2022,9,3,8,0.94,1.75,2.66,126.1,219.05,19.95,0.44,2.2,16.01,13.11,14.56,13.61,87.25,0.04,73.06,2.14,228.7,2.73,228.6
2022,9,3,9,1.28,2.41,3.49,175.02,301.65,27.73,0.8,4.15,17.31,13.44,15.37,13.92,81.94,0.06,73.07,2.74,221.88,3.51,221.85
2022,9,3,10,1.57,2.94,4.09,218,368.3,34.64,1.16,5.9,18.09,13.76,15.92,14.16,79.25,0.11,73.05,3.25,217.86,4.21,217.53
2022,9,3,11,1.6,3.25,4.44,226.67,407.52,36.66,1.3,6.5,18.35,14.15,16.26,14.4,79.44,0.15,73,3.65,216.48,4.75,216.17
2022,9,3,12,1.65,3.58,4.5,241.33,456.45,41.75,1.54,7.7,18.25,14.36,16.3,14.59,80.69,0.19,72.95,3.98,216.78,5.21,216.53
2022,9,3,13,1.46,3.33,4.28,210.25,424.65,36.06,1.25,6.27,17.92,14.33,16.13,14.53,82.25,0.22,72.89,4.25,217.9,5.6,217.75
2022,9,3,14,1.29,2.85,3.79,184.38,362.1,30.85,0.95,5,17.62,14.23,15.93,14.47,83.12,0.23,72.84,4.29,219.38,5.68,219.25
2022,9,3,15,0.97,2.15,3.05,134.4,272.38,22.02,0.55,2.83,17,14.08,15.55,14.34,85.69,0.23,72.81,4.08,219.17,5.44,219.11
2022,9,3,16,0.62,1.33,2.13,82.3,166.27,13.26,0.23,1.1,16.17,13.98,15.08,14.22,89.88,0.21,72.81,3.66,219.81,4.9,219.76
2022,9,3,17,0.3,0.52,1.08,37.5,62.88,5.82,0.04,0.17,15.12,13.92,14.52,14.16,95.75,0.18,72.82,3,217.91,4.09,217.86
2022,9,3,18,0.04,0.03,0.13,3.4,3.9,0.5,0,0,14.34,13.98,14.15,14.22,100,0.56,72.85,2.08,210.52,2.95,210.44
2022,9,3,19,0,0,0,0,0,0,0,0,14.19,14.07,14.12,14.28,100,0.4,72.88,1.72,206.68,2.54,206.72
2022,9,3,20,0,0,0,0,0,0,0,0,14.04,14.05,14.04,14.28,100,0.32,72.93,1.65,205.84,2.52,205.93
2022,9,3,21,0,0,0,0,0,0,0,0,13.87,14,13.94,14.22,100,0.28,72.97,1.66,206.32,2.59,206.18
2022,9,3,22,0,0,0,0,0,0,0,0,13.61,13.81,13.71,14.04,100,0.31,72.99,1.51,207.5,2.43,207.64
2022,9,3,23,0,0,0,0,0,0,0,0,13.19,13.4,13.29,13.73,100,0.32,72.99,1.32,211.9,2.22,212.35
2022,9,4,0,0,0,0,0,0,0,0,0,12.78,12.97,12.87,13.43,100,0.28,72.97,1.1,218.34,1.98,219.4
2022,9,4,1,0,0,0,0,0,0,0,0,12.4,12.49,12.44,13.06,100,0.24,72.93,0.91,230.57,1.75,232.26
2022,9,4,2,0,0,0,0,0,0,0,0,12.05,12.07,12.06,12.76,100,0.21,72.9,0.72,244.27,1.5,245.31
2022,9,4,3,0,0,0,0,0,0,0,0,11.75,11.7,11.73,12.51,100,0.15,72.88,0.62,259.11,1.26,259.25
2022,9,4,4,0,0,0,0,0,0,0,0,11.51,11.4,11.45,12.33,100,0.11,72.88,0.58,280.1,1.03,279.18
2022,9,4,5,0,0,0,0,0,0,0,0,11.16,10.91,11.04,12.02,100,0.06,72.9,0.55,313.85,0.95,315
2022,9,4,6,0.09,0.24,0.59,12.35,28.67,1.98,0.01,0.02,11.59,10.79,11.19,12.02,100,0.04,72.94,0.84,341.06,1.26,340.44
2022,9,4,7,0.44,1.01,1.67,58.83,125.88,9.48,0.12,0.6,13.55,11.19,12.37,12.27,92.06,0.03,72.99,0.88,302.01,1.1,302.22
2022,9,4,8,0.97,1.82,2.66,129.52,229.27,20.8,0.46,2.3,15.9,11.73,13.82,12.7,82,0.05,73.04,1.67,226.52,2.08,226.22
2022,9,4,9,1.49,2.51,3.48,198.7,315.2,31.25,0.9,4.75,17.21,11.9,14.55,12.94,76.69,0.06,73.06,2.48,215.79,3.15,215.62
2022,9,4,10,1.37,3,4.09,194.45,373.58,31.95,1.07,5.45,18.03,12.22,15.12,13.24,74.5,0.11,73.07,3.15,212.23,4.05,212.06
2022,9,4,11,1.75,3.3,4.43,235.65,410.9,36.91,1.31,6.7,18.49,12.81,15.65,13.67,74.69,0.22,73.05,3.63,211.7,4.7,211.6
2022,9,4,12,1.72,3.38,4.5,240.02,422.7,40.62,1.5,7.48,18.64,13.39,16.01,14.04,75.94,0.3,73.01,3.9,211.75,5.09,211.69
2022,9,4,13,1.53,3.02,4.27,201.67,371.6,30.8,1.05,5.35,18.52,13.83,16.18,14.34,78.06,0.37,72.96,4.03,213.94,5.27,213.88
2022,9,4,14,1.2,2.55,3.77,162.48,311.88,25.8,0.8,4.2,18.19,13.98,16.08,14.4,80,0.41,72.9,4.04,216.43,5.32,216.4
2022,9,4,15,0.79,1.86,3.04,103.62,224.38,16.1,0.4,2.05,17.55,14.04,15.8,14.47,83.5,0.41,72.87,3.83,217.45,5.08,217.38
2022,9,4,16,0.51,1.13,2.11,64.65,133.3,10.12,0.17,0.85,16.43,13.99,15.21,14.4,89.5,0.35,72.86,3.36,218.76,4.5,218.8
2022,9,4,17,0.23,0.44,1.06,26.77,50.62,3.95,0.02,0.12,15.29,13.94,14.62,14.4,96.06,0.31,72.89,2.75,220.85,3.74,220.85
2022,9,4,18,0.03,0.03,0.12,1.98,3.12,0.32,0,0,14.23,13.98,14.11,14.4,100,0.25,72.93,1.56,220.32,2.34,220.27
2022,9,4,19,0,0,0,0,0,0,0,0,14.08,14.01,14.05,14.4,100,0.19,72.99,1.14,217.18,1.83,217.21
2022,9,4,20,0,0,0,0,0,0,0,0,13.64,13.58,13.62,14.04,100,0.15,73.06,0.93,225.68,1.66,225.57
2022,9,4,21,0,0,0,0,0,0,0,0,13.3,13.23,13.27,13.73,100,0.13,73.1,0.85,238.22,1.58,237.33
2022,9,4,22,0,0,0,0,0,0,0,0,12.92,12.82,12.87,13.43,100,0.16,73.11,0.73,245.91,1.44,244.27
2022,9,4,23,0,0,0,0,0,0,0,0,12.44,12.33,12.39,13.06,100,0.17,73.1,0.61,255.26,1.26,253.47
2022,9,5,0,0,0,0,0,0,0,0,0,12.05,11.69,11.87,12.7,100,0.17,73.08,0.62,268.55,1.22,266.7
2022,9,5,1,0,0,0,0,0,0,0,0,11.69,10.99,11.34,12.21,100,0.15,73.05,0.66,276.79,1.22,274.76
2022,9,5,2,0,0,0,0,0,0,0,0,11.36,10.4,10.88,11.84,100,0.11,73.02,0.68,286.57,1.23,284.39
2022,9,5,3,0,0,0,0,0,0,0,0,11.18,9.79,10.48,11.47,100,0.06,73.01,0.67,300.16,1.13,298.17
2022,9,5,4,0,0,0,0,0,0,0,0,11.06,9.18,10.12,11.11,98.38,0.04,73.01,0.65,312.09,1.06,311.11
2022,9,5,5,0,0,0,0,0,0,0,0,11.01,8.58,9.8,10.74,95.5,0.02,73.03,0.63,325.12,0.99,325.3
2022,9,5,6,0.13,0.22,0.58,16.83,26.17,2.56,0.01,0.02,11.59,9.12,10.36,11.11,94.62,0.02,73.06,0.54,332.32,0.89,332.76
2022,9,5,7,0.59,0.96,1.67,76.02,118,11.52,0.13,0.65,13.56,9.23,11.4,11.23,84.38,0.06,73.11,0.71,283.28,0.88,283.79
2022,9,5,8,1.04,1.77,2.65,139.4,221.15,22.05,0.47,2.35,15.28,10.29,12.79,11.9,79.81,0.06,73.17,1.51,226.47,1.88,226.18
2022,9,5,9,1.64,2.47,3.48,218.77,309.08,34.62,0.97,5,16.57,11.25,13.91,12.45,77,0.05,73.2,2.2,214.31,2.79,213.82
2022,9,5,10,2.19,3,4.08,286.77,377.12,45.98,1.5,7.8,17.33,12.04,14.69,12.94,76.31,0.07,73.2,2.84,210.02,3.65,209.64
2022,9,5,11,1.87,3.18,4.43,249.7,394.45,39.12,1.37,6.85,17.73,12.85,15.29,13.49,77.62,0.1,73.17,3.24,209.28,4.18,209.2
2022,9,5,12,2.07,3.4,4.49,287.62,428.35,46.31,1.67,8.35,17.87,13.45,15.65,13.92,79.12,0.17,73.12,3.43,210.65,4.43,210.5
2022,9,5,13,1.75,3.09,4.26,236.2,385.98,36.51,1.23,6.2,17.78,13.63,15.71,13.98,80.06,0.22,73.05,3.6,212.76,4.67,212.63
2022,9,5,14,1.44,2.68,3.76,196.9,336.17,31.3,0.95,4.95,17.38,13.55,15.47,13.92,81.56,0.25,72.99,3.63,215.27,4.76,215.18
2022,9,5,15,1.01,2.01,3.02,136.48,250.08,21.55,0.52,2.62,16.86,13.38,15.12,13.73,83.25,0.21,72.95,3.4,216.87,4.49,216.79
2022,9,5,16,0.63,1.23,2.1,82.27,150.73,12.5,0.2,0.98,16.17,13.25,14.71,13.67,86.31,0.18,72.95,3.08,217.36,4.11,217.35
2022,9,5,17,0.23,0.47,1.05,27.65,56.23,4.09,0.02,0.12,15.04,13.33,14.18,13.73,93.38,0.18,72.96,2.53,217.33,3.43,217.23
2022,9,5,18,0.02,0.03,0.11,1.7,3.08,0.28,0,0,14.02,13.55,13.79,13.92,100,0.81,72.99,1.55,217.85,2.24,217.91
2022,9,5,19,0,0,0,0,0,0,0,0,13.79,13.65,13.72,13.98,100,0.83,73.04,0.99,217.95,1.59,218
2022,9,5,20,0,0,0,0,0,0,0,0,13.55,13.59,13.57,13.92,100,0.7,73.1,0.77,222.12,1.45,222.17
2022,9,5,21,0,0,0,0,0,0,0,0,13.17,13.38,13.27,13.73,100,0.63,73.14,0.7,225.45,1.49,225.42
2022,9,5,22,0,0,0,0,0,0,0,0,12.85,13.11,12.98,13.49,100,0.64,73.15,0.68,223.6,1.48,223.29
2022,9,5,23,0,0,0,0,0,0,0,0,12.62,12.8,12.71,13.18,100,0.59,73.15,0.67,222.63,1.46,222.4
2022,9,6,0,0,0,0,0,0,0,0,0,12.37,12.48,12.42,12.94,100,0.44,73.14,0.65,225.97,1.42,225.67
2022,9,6,1,0,0,0,0,0,0,0,0,12.16,12.28,12.22,12.76,100,0.28,73.11,0.65,225.97,1.35,225.23
2022,9,6,2,0,0,0,0,0,0,0,0,11.99,12.14,12.07,12.63,100,0.26,73.09,0.68,230.11,1.36,230.11
2022,9,6,3,0,0,0,0,0,0,0,0,11.94,12.04,11.99,12.57,100,0.28,73.07,0.7,229.54,1.31,229.58
2022,9,6,4,0,0,0,0,0,0,0,0,11.95,12.01,11.98,12.57,100,0.22,73.07,0.69,225.46,1.2,225.79
2022,9,6,5,0,0,0,0,0,0,0,0,12.01,11.99,12,12.51,100,0.13,73.1,0.66,222.59,1.09,222.96
2022,9,6,6,0.14,0.23,0.58,17.3,26.73,2.63,0.01,0.05,12.56,12.27,12.42,12.76,100,0.1,73.16,0.57,221.11,0.9,221.84
2022,9,6,7,0.58,0.97,1.66,74.35,119.42,11.28,0.14,0.67,13.92,12.83,13.38,13.31,97.5,0.14,73.22,1.18,227.42,1.48,227.14
2022,9,6,8,1.01,1.77,2.65,135.33,221.1,21.07,0.46,2.27,15.37,13.05,14.2,13.55,90.56,0.25,73.28,1.68,222.74,2.1,222.73
2022,9,6,9,1.46,2.46,3.47,197.5,308.25,30.72,0.88,4.58,16.6,13.17,14.88,13.67,84.56,0.16,73.31,2.26,211.98,2.86,212.04
2022,9,6,10,1.77,2.96,4.07,239.38,371.75,37.15,1.21,6.23,17.36,13.48,15.42,13.92,82.06,0.15,73.31,2.86,207.47,3.67,207.55
2022,9,6,11,1.99,3.21,4.42,269.12,401.98,41.27,1.45,7.25,17.56,13.84,15.7,14.22,82.62,0.35,73.29,3.28,206.75,4.25,206.75
2022,9,6,12,2.04,3.54,4.48,288.5,450,47.83,1.73,8.73,17.15,14.08,15.62,14.4,85.75,0.72,73.24,3.4,207.04,4.45,207.15
2022,9,6,13,1.98,3.26,4.25,273.65,413.23,44.92,1.55,7.83,16.81,14.22,15.51,14.47,88.19,0.95,73.19,3.43,208.84,4.53,208.86
2022,9,6,14,1.71,2.73,3.75,232.08,343.92,36.16,1.1,5.88,16.53,14.16,15.34,14.4,89.44,1.12,73.14,3.4,211.39,4.52,211.35
2022,9,6,15,1.18,2.01,3.01,158.05,250.98,24.63,0.61,3.08,16.1,14.05,15.07,14.34,91.31,1.41,73.1,3.17,213.02,4.23,212.93
2022,9,6,16,0.59,1.2,2.08,78.58,147.05,12.34,0.2,0.98,15.7,13.93,14.81,14.28,93.06,1.63,73.09,2.78,214.58,3.72,214.56
2022,9,6,17,0.29,0.44,1.03,35.3,52.67,5.24,0.03,0.15,15.01,13.8,14.41,14.16,96.56,1.62,73.1,2.31,214.12,3.14,214.16
2022,9,6,18,0.02,0.02,0.1,1.88,2.75,0.3,0,0,14.05,13.83,13.94,14.1,100,0.33,73.13,1.36,210.68,2.05,210.18
2022,9,6,19,0,0,0,0,0,0,0,0,13.76,13.83,13.8,14.1,100,0.32,73.18,0.95,205.3,1.64,204.24
2022,9,6,20,0,0,0,0,0,0,0,0,13.61,13.77,13.69,13.98,100,0.31,73.24,0.77,199.54,1.48,198.15
2022,9,6,21,0,0,0,0,0,0,0,0,13.41,13.64,13.52,13.85,100,0.28,73.29,0.71,198.03,1.46,196.49
2022,9,6,22,0,0,0,0,0,0,0,0,13.15,13.37,13.26,13.61,100,0.26,73.32,0.68,202.17,1.47,201.12
2022,9,6,23,0,0,0,0,0,0,0,0,12.93,13.01,12.97,13.37,100,0.23,73.33,0.64,207.82,1.35,206.57
2022,9,7,0,0,0,0,0,0,0,0,0,12.82,12.84,12.83,13.24,100,0.19,73.31,0.61,208.2,1.21,207.4
2022,9,7,1,0,0,0,0,0,0,0,0,12.73,12.75,12.74,13.18,100,0.14,73.27,0.58,208.3,1.18,208.09
2022,9,7,2,0,0,0,0,0,0,0,0,12.58,12.53,12.55,13.06,100,0.08,73.23,0.54,212.09,1.12,211.58
2022,9,7,3,0,0,0,0,0,0,0,0,12.49,12.38,12.44,12.94,100,0.03,73.21,0.52,207.72,1.02,207.35
2022,9,7,4,0,0,0,0,0,0,0,0,12.48,12.3,12.39,12.88,100,0.02,73.21,0.46,207,0.87,204.95
2022,9,7,5,0,0,0,0,0,0,0,0,12.51,12.23,12.37,12.82,100,0.02,73.23,0.36,214.38,0.66,208.07
2022,9,7,6,0.13,0.21,0.57,16.7,25.05,2.47,0.01,0.05,12.82,12.43,12.62,13,100,0.02,73.28,0.21,214.29,0.43,202.38
2022,9,7,7,0.55,0.92,1.65,71.1,113.62,10.79,0.13,0.65,13.84,12.8,13.32,13.31,98.5,0.03,73.33,0.8,186.16,1.04,185.19
2022,9,7,8,0.98,1.72,2.64,130.2,215.48,20.41,0.45,2.2,14.9,13.12,14.01,13.55,93.69,0.06,73.39,1.5,177.61,1.9,177.41
2022,9,7,9,1.39,2.39,3.46,186.25,299.3,28.27,0.81,4.23,15.59,13.17,14.38,13.61,89.88,0.04,73.42,2.08,178.92,2.68,178.66
2022,9,7,10,1.63,2.85,4.07,219.17,354.1,32.7,1.08,5.5,16.08,13.37,14.73,13.73,87.88,0.05,73.43,2.64,181.86,3.45,181.82
2022,9,7,11,1.78,3.13,4.41,235.62,386.38,36.53,1.27,6.5,16.15,13.57,14.86,13.85,88.12,0.1,73.41,2.94,183.51,3.85,183.37
2022,9,7,12,1.62,3.3,4.47,225.42,407.38,35.08,1.27,6.45,15.92,13.65,14.79,13.85,89.69,0.18,73.37,3.02,185.64,3.97,185.64
2022,9,7,13,1.85,3.08,4.24,252.48,384.35,39.2,1.34,6.85,15.72,13.67,14.69,13.92,90.94,0.23,73.32,3.02,188.32,4.01,188.4
2022,9,7,14,1.39,2.57,3.73,190.98,321.23,29.64,0.9,4.75,15.43,13.73,14.58,13.92,92.88,0.24,73.27,2.9,190.07,3.87,190.24
2022,9,7,15,1.13,1.89,2.99,151.38,234.67,23.27,0.57,2.9,15.13,13.76,14.44,13.98,94.75,0.27,73.24,2.67,190.62,3.58,190.82
2022,9,7,16,0.69,1.12,2.06,90.23,135.98,13.48,0.22,1.08,14.76,13.76,14.26,13.98,97.06,0.29,73.24,2.37,189.12,3.21,189.26
2022,9,7,17,0.24,0.4,1.01,30.45,48,4.5,0.02,0.12,14.37,13.81,14.08,13.98,99.81,0.29,73.27,1.92,186.06,2.68,186.03
2022,9,7,18,0.03,0.02,0.09,2.08,2.42,0.31,0,0,13.93,13.73,13.83,13.92,100,0.2,73.33,1.21,187.77,1.88,185.73
2022,9,7,19,0,0,0,0,0,0,0,0,13.73,13.65,13.69,13.79,100,0.18,73.38,1,184.95,1.66,182.16
2022,9,7,20,0,0,0,0,0,0,0,0,13.56,13.55,13.55,13.73,100,0.16,73.43,0.91,178.52,1.6,176.07
2022,9,7,21,0,0,0,0,0,0,0,0,13.34,13.34,13.34,13.55,100,0.13,73.46,0.95,176.69,1.68,174.93
2022,9,7,22,0,0,0,0,0,0,0,0,13.01,12.99,13,13.31,100,0.07,73.48,1.05,180,1.82,178.28
2022,9,7,23,0,0,0,0,0,0,0,0,12.17,12.19,12.19,12.82,100,0.03,73.48,1.01,183.55,1.72,181.56
2022,9,8,0,0,0,0,0,0,0,0,0,11.9,11.86,11.88,12.63,100,0.02,73.46,0.83,182.7,1.53,180.88
2022,9,8,1,0,0,0,0,0,0,0,0,11.8,11.8,11.8,12.57,100,0.03,73.43,0.73,180,1.4,179.36
2022,9,8,2,0,0,0,0,0,0,0,0,11.63,11.51,11.57,12.27,100,0.04,73.4,0.51,162.12,0.99,164.43
2022,9,8,3,0,0,0,0,0,0,0,0,11.12,10.98,11.05,11.9,100,0.05,73.38,0.18,102.26,0.45,92.01
2022,9,8,4,0,0,0,0,0,0,0,0,10.86,10.39,10.62,11.41,100,0.05,73.37,0.42,16.39,0.91,30.54
2022,9,8,5,0,0,0,0,0,0,0,0,11.05,10.04,10.55,11.05,98.44,0.04,73.38,0.5,24.96,0.99,29.19
2022,9,8,6,0.11,0.2,0.56,14.15,24.12,2.12,0.01,0.02,11.81,10.21,11.01,11.17,94.62,0.03,73.41,0.36,37.12,0.7,41.85
2022,9,8,7,0.46,0.89,1.65,59.88,110.67,9.01,0.11,0.52,13.78,10.69,12.23,11.47,85.38,0.03,73.45,0.53,132.61,0.78,126.41
2022,9,8,8,0.71,1.68,2.63,98.77,211.17,16.08,0.35,1.75,15.33,11.05,13.19,11.6,78.12,0.03,73.52,1.98,167.5,2.6,167.13
2022,9,8,9,1.05,2.38,3.46,149.08,298.98,24.11,0.69,3.6,16.03,11.73,13.88,12.15,78.19,0.05,73.56,2.9,172.87,3.76,172.85
2022,9,8,10,1.17,2.88,4.06,168.7,361.38,27.66,0.91,4.67,16.51,12.28,14.4,12.63,78.81,0.1,73.55,3.02,174.07,3.9,174.13
2022,9,8,11,1.47,3.1,4.4,203.38,387.33,32.81,1.15,5.75,16.62,12.65,14.63,12.94,80.19,0.15,73.51,3.05,176.18,3.94,176.25
2022,9,8,12,1.49,3.05,4.46,207.83,377.12,32.54,1.14,5.67,16.91,13.1,15.01,13.37,81.12,0.21,73.45,3.17,179.01,4.12,179.13
2022,9,8,13,1.28,2.88,4.23,178.17,355.85,28.21,0.95,4.8,17.05,13.44,15.25,13.67,82.38,0.26,73.37,3.45,181.82,4.5,181.89
2022,9,8,14,1,2.44,3.72,139.73,301.4,22.24,0.66,3.52,16.67,13.68,15.18,13.92,85.62,0.29,73.3,3.67,184.89,4.86,184.98
2022,9,8,15,0.72,1.77,2.98,98.17,217.33,15.59,0.38,1.9,15.97,13.83,14.9,14.1,90.62,0.33,73.24,3.7,188.39,5,188.36
2022,9,8,16,0.4,1.02,2.04,53.58,123.2,8.48,0.13,0.65,15.07,13.68,14.37,14.04,95.56,0.42,73.23,3.48,191.26,4.76,191.27
2022,9,8,17,0.21,0.36,0.99,26.25,42.88,3.84,0.02,0.1,14.27,13.55,13.91,13.92,99.94,0.63,73.27,2.91,192.55,4.07,192.52
2022,9,8,18,0.02,0.02,0.08,1.67,2.08,0.25,0,0,13.77,13.69,13.73,13.98,100,1.65,73.36,1.84,190.54,2.79,190.96
2022,9,8,19,0,0,0,0,0,0,0,0,13.05,13.08,13.06,13.55,100,1.3,73.46,1.35,183.64,2.16,182.28
2022,9,8,20,0,0,0,0,0,0,0,0,12.31,12.11,12.21,12.88,100,0.74,73.52,0.74,167.74,1.28,162.56
2022,9,8,21,0,0,0,0,0,0,0,0,11.83,11.29,11.56,12.21,100,0.61,73.56,0.37,139.27,0.61,121.85
2022,9,8,22,0,0,0,0,0,0,0,0,11.54,10.75,11.15,11.72,100,0.57,73.58,0.22,104.53,0.45,78.89
2022,9,8,23,0,0,0,0,0,0,0,0,11.37,10.43,10.9,11.41,99.69,0.49,73.57,0.11,36.03,0.34,28.93
2022,9,9,0,0,0,0,0,0,0,0,0,11.14,10.13,10.64,11.17,99.12,0.41,73.54,0.25,16.19,0.61,12.61
2022,9,9,1,0,0,0,0,0,0,0,0,11,9.87,10.44,10.99,98.12,0.35,73.5,0.4,41.82,0.79,33.69
2022,9,9,2,0,0,0,0,0,0,0,0,10.8,9.53,10.16,10.74,97.25,0.28,73.46,0.55,37.52,0.99,33.44
2022,9,9,3,0,0,0,0,0,0,0,0,10.55,9.19,9.87,10.5,96.44,0.24,73.43,0.68,33.33,1.2,32.56
2022,9,9,4,0,0,0,0,0,0,0,0,10.3,8.94,9.62,10.25,96.19,0.21,73.43,0.8,32.3,1.45,32.49
2022,9,9,5,0,0,0,0,0,0,0,0,10.14,8.58,9.36,10.01,94.88,0.16,73.44,0.75,36.51,1.49,36.45
2022,9,9,6,0.07,0.18,0.55,8.95,21.95,1.26,0.01,0.02,10.75,8.69,9.72,10.07,91.75,0.18,73.46,0.86,40.21,1.52,40.63
2022,9,9,7,0.36,0.84,1.64,46.95,102.23,6.65,0.08,0.4,12.79,9.3,11.05,10.44,83.12,0.14,73.52,1,78.25,1.42,77.64
2022,9,9,8,0.61,1.61,2.63,83.2,198.85,12.68,0.28,1.38,14.13,9.87,12,10.8,78.56,0.15,73.59,1.77,135.89,2.41,135.53
2022,9,9,9,0.92,2.29,3.45,128.62,283.33,19.48,0.55,2.92,14.65,10.23,12.44,10.99,77.62,0.12,73.62,2.36,151.06,3.13,151.2
2022,9,9,10,1.27,2.78,4.05,177.38,343.85,26.34,0.87,4.42,15.28,10.7,12.99,11.35,77,0.13,73.6,2.43,156.49,3.18,156.84
2022,9,9,11,1.45,3.01,4.39,195.9,370.62,28.9,0.99,5,15.76,11.15,13.46,11.78,77.12,0.18,73.54,2.39,164.05,3.11,164.57
2022,9,9,12,1.76,3.45,4.45,244.4,438.12,38.8,1.42,7.12,16.12,11.61,13.86,12.15,77.56,0.19,73.47,2.45,173.96,3.2,174.25
2022,9,9,13,1.85,3.22,4.21,252.83,407.83,39.26,1.38,6.9,16.09,11.97,14.03,12.45,79.5,0.16,73.41,2.6,182.06,3.39,182.11
2022,9,9,14,1.36,2.76,3.71,188.58,349.38,29.55,0.92,4.95,15.71,12.22,13.97,12.63,82.81,0.15,73.34,2.57,185.94,3.36,186.13
2022,9,9,15,0.87,2.09,2.96,120.4,265.15,19.11,0.48,2.45,15.27,12.4,13.83,12.76,86.06,0.12,73.3,2.32,184.44,3.05,184.7
2022,9,9,16,0.55,1.29,2.03,73,161.65,11.3,0.19,0.92,14.73,12.44,13.58,12.82,89.25,0.07,73.29,2.07,178.7,2.75,179.19
2022,9,9,17,0.16,0.48,0.97,20.35,57.95,3.05,0.02,0.08,13.96,12.56,13.26,12.88,94.5,0.04,73.3,1.76,174.9,2.38,175.11
2022,9,9,18,0.02,0.02,0.08,1.75,2.27,0.27,0,0,13.21,12.73,12.97,13.06,100,0.03,73.34,1.02,180,1.48,179.4
2022,9,9,19,0,0,0,0,0,0,0,0,13.02,12.65,12.83,12.94,100,0.02,73.39,0.58,164.27,0.88,162.53
2022,9,9,20,0,0,0,0,0,0,0,0,12.8,12.58,12.69,12.88,100,0.04,73.44,0.44,140.71,0.8,137.39
2022,9,9,21,0,0,0,0,0,0,0,0,12.65,12.45,12.55,12.76,100,0.08,73.48,0.37,134.14,0.69,133.63
2022,9,9,22,0,0,0,0,0,0,0,0,12.5,12.3,12.4,12.63,100,0.16,73.49,0.39,135,0.72,139.4
2022,9,9,23,0,0,0,0,0,0,0,0,12.33,12.15,12.25,12.51,100,0.28,73.48,0.5,146.56,0.9,149.21
2022,9,10,0,0,0,0,0,0,0,0,0,12.15,11.98,12.07,12.39,100,0.32,73.45,0.57,155.56,1.03,157.15
2022,9,10,1,0,0,0,0,0,0,0,0,11.96,11.79,11.87,12.27,100,0.29,73.41,0.58,159.35,1.03,161.02
2022,9,10,2,0,0,0,0,0,0,0,0,11.79,11.55,11.67,12.08,100,0.2,73.39,0.52,158.04,0.93,159.89
2022,9,10,3,0,0,0,0,0,0,0,0,11.72,11.3,11.51,11.9,100,0.14,73.39,0.34,158.2,0.6,161.8
2022,9,10,4,0,0,0,0,0,0,0,0,11.4,10.98,11.19,11.66,100,0.07,73.39,0.11,155.22,0.18,145.62
2022,9,10,5,0,0,0,0,0,0,0,0,11.26,10.76,11.01,11.47,100,0.07,73.4,0.09,70.02,0.24,51.63
2022,9,10,6,0.06,0.21,0.55,7.33,25.25,1.16,0,0.02,11.65,10.98,11.31,11.72,100,0.1,73.42,0.18,133.26,0.28,85.24
2022,9,10,7,0.51,0.94,1.63,65.38,117.12,9.28,0.11,0.55,12.88,11.34,12.11,12.02,94.94,0.18,73.47,0.48,131.01,0.63,125.87
2022,9,10,8,1.01,1.73,2.62,134.02,217.65,20.05,0.45,2.2,14.05,11.56,12.8,12.15,88.88,0.37,73.52,1.39,149.26,1.82,149.8
2022,9,10,9,1.4,2.43,3.44,189.25,305.52,28.51,0.83,4.38,14.98,11.98,13.48,12.45,85.94,0.52,73.54,2.11,162.37,2.75,162.96
2022,9,10,10,1.65,2.94,4.05,221.23,369.42,33.55,1.12,5.73,15.94,12.37,14.16,12.82,82.88,0.56,73.52,2.67,171.06,3.45,171.41
2022,9,10,11,2.25,3.21,4.38,301.1,404.17,44.08,1.58,7.95,16.78,12.77,14.78,13.18,80.62,0.63,73.45,3.12,177.27,4.05,177.57
2022,9,10,12,1.9,3.45,4.44,261.48,438.65,41.36,1.52,7.67,17.06,13.08,15.07,13.43,80.69,0.61,73.37,3.4,181.45,4.42,181.62
2022,9,10,13,2.05,3.23,4.2,275.3,409.7,42.08,1.48,7.45,16.9,13.22,15.06,13.55,82.06,0.69,73.28,3.49,183.85,4.57,184.12
2022,9,10,14,1.68,2.76,3.69,225.25,350.33,33.92,1.05,5.6,16.42,13.08,14.75,13.37,83.62,0.74,73.19,3.4,185.13,4.48,185.4
2022,9,10,15,1.22,2.09,2.94,161.45,265.48,23.74,0.58,2.92,15.84,12.87,14.35,13.18,85.38,0.74,73.16,3.1,184.76,4.11,185.13
2022,9,10,16,0.75,1.28,2.01,96.8,160.62,13.55,0.22,1.05,15.09,12.58,13.84,12.94,87.88,0.7,73.16,2.76,182.92,3.69,183.4
2022,9,10,17,0.28,0.47,0.95,34.08,57.73,4.57,0.02,0.12,14.03,12.29,13.15,12.7,92.5,0.68,73.2,2.09,180.64,2.86,181.25
2022,9,10,18,0.02,0.02,0.07,1.62,2.05,0.25,0,0,12.65,11.96,12.3,12.57,100,1.15,73.27,0.98,180.46,1.32,177.63
2022,9,10,19,0,0,0,0,0,0,0,0,11.77,11.21,11.49,12.08,100,1.26,73.32,0.38,163.07,0.36,126.12
2022,9,10,20,0,0,0,0,0,0,0,0,11.46,10.69,11.08,11.66,100,1.07,73.38,0.32,133.03,0.5,83.76
2022,9,10,21,0,0,0,0,0,0,0,0,11.33,10.35,10.84,11.35,99.25,1.01,73.42,0.32,129.99,0.51,84.73
2022,9,10,22,0,0,0,0,0,0,0,0,11.28,10.21,10.74,11.29,98.75,0.83,73.43,0.33,126.33,0.56,85.17
2022,9,10,23,0,0,0,0,0,0,0,0,11.16,10.05,10.61,11.17,98.69,0.54,73.42,0.28,124.59,0.49,77.07
2022,9,11,0,0,0,0,0,0,0,0,0,10.91,9.79,10.35,10.99,98.81,0.37,73.39,0.21,79.11,0.58,48.81
2022,9,11,1,0,0,0,0,0,0,0,0,10.62,9.42,10.02,10.74,98.38,0.25,73.34,0.28,30.14,0.79,24.02
2022,9,11,2,0,0,0,0,0,0,0,0,10.52,9.1,9.81,10.5,96.62,0.2,73.31,0.39,5.71,0.99,8.64
2022,9,11,3,0,0,0,0,0,0,0,0,10.55,8.68,9.61,10.19,93.38,0.15,73.27,0.56,357.58,1.22,2.57
2022,9,11,4,0,0,0,0,0,0,0,0,10.52,8.15,9.33,9.77,89.56,0.07,73.23,0.68,4.6,1.4,6.09
2022,9,11,5,0,0,0,0,0,0,0,0,10.84,7.42,9.13,9.22,83.25,0.04,73.21,0.81,8.91,1.45,9.61
2022,9,11,6,0.17,0.21,0.54,20.85,25.3,2.78,0.01,0.05,11.78,7.98,9.88,9.64,81.69,0.02,73.21,0.69,8.4,1.21,9.28
2022,9,11,7,0.69,0.94,1.62,85.88,115.8,11.77,0.14,0.67,14.37,9.06,11.72,10.44,74.44,0.02,73.24,0.16,90,0.22,77.47
2022,9,11,8,1.29,1.76,2.61,164.55,220.5,23.62,0.5,2.5,15.78,10.33,13.05,11.29,73.69,0.02,73.28,1.56,173.98,2.03,174.05
2022,9,11,9,1.88,2.45,3.44,242.62,305.75,34.58,0.98,5.12,16.15,11.31,13.73,12.02,76.75,0.02,73.3,2.25,176.01,2.92,176.17
2022,9,11,10,2.16,2.98,4.04,279.62,371.83,40.73,1.34,6.85,16.75,12.27,14.51,12.82,78.69,0.09,73.3,2.67,172.11,3.46,172.35
2022,9,11,11,2.23,3.26,4.38,293.35,407.05,43.03,1.52,7.8,16.85,12.9,14.88,13.31,81.12,0.24,73.27,3.09,170.99,4.02,171.18
2022,9,11,12,2.08,3.44,4.43,283.08,435.33,43.91,1.59,8.15,16.72,13.17,14.94,13.55,82.94,0.55,73.21,3.42,171.59,4.48,171.79
2022,9,11,13,1.55,3.2,4.19,216.15,404.98,34.05,1.19,6,16.51,13.29,14.9,13.61,84.44,0.86,73.13,3.63,174.45,4.8,174.59
2022,9,11,14,1.32,2.72,3.68,183,343.02,28.75,0.88,4.67,16.05,13.32,14.68,13.61,87,1.02,73.06,3.72,176.99,4.95,177.11
2022,9,11,15,1.05,2.04,2.93,142.05,257.4,21.84,0.53,2.7,15.43,13.35,14.39,13.61,90.44,0.99,73,3.52,180.25,4.73,180.38
2022,9,11,16,0.47,1.23,1.99,63.4,152.75,9.34,0.14,0.7,14.86,13.21,14.03,13.49,92.75,0.96,72.99,3.15,183.12,4.28,183.24
2022,9,11,17,0.25,0.43,0.93,31.12,51.83,4.37,0.02,0.1,14.01,13.04,13.52,13.31,97,1.17,73.02,2.47,186.54,3.42,186.69
2022,9,11,18,0.02,0.01,0.06,1.35,1.75,0.21,0,0,13.21,12.89,13.05,13.24,100,0.31,73.06,1.49,192.72,2.21,192.46
2022,9,11,19,0,0,0,0,0,0,0,0,12.77,12.53,12.65,13,100,0.3,73.12,1.19,196.05,1.87,194.27
2022,9,11,20,0,0,0,0,0,0,0,0,12.08,11.9,11.99,12.7,100,0.29,73.2,0.89,194.77,1.39,190.36
2022,9,11,21,0,0,0,0,0,0,0,0,11.86,11.46,11.65,12.33,100,0.26,73.25,0.74,175.14,1.17,166.52
2022,9,11,22,0,0,0,0,0,0,0,0,11.53,11.12,11.33,12.02,100,0.2,73.27,0.64,157.17,1.05,145.01
2022,9,11,23,0,0,0,0,0,0,0,0,11.27,10.73,11,11.72,100,0.17,73.26,0.57,137.2,0.95,123.95
2022,9,12,0,0,0,0,0,0,0,0,0,11.03,10.29,10.65,11.35,100,0.13,73.23,0.47,113.57,0.79,98.53
2022,9,12,1,0,0,0,0,0,0,0,0,10.88,9.95,10.42,11.05,99.19,0.11,73.19,0.36,81.35,0.66,64.04
2022,9,12,2,0,0,0,0,0,0,0,0,10.63,9.62,10.12,10.8,98.31,0.06,73.14,0.52,41.35,0.99,32.44
2022,9,12,3,0,0,0,0,0,0,0,0,10.87,9.33,10.1,10.5,94.25,0.03,73.09,0.65,26.57,1.18,24.19
2022,9,12,4,0,0,0,0,0,0,0,0,11.34,8.98,10.16,10.19,88.81,0.03,73.05,0.63,26.57,1.11,28.55
2022,9,12,5,0,0,0,0,0,0,0,0,11.62,8.51,10.07,9.89,84.31,0.03,73.05,0.58,40.6,0.93,42.27
2022,9,12,6,0.19,0.2,0.53,22.73,23.95,3.04,0.01,0.05,12.15,9.13,10.64,10.31,85.12,0.01,73.09,0.5,65.04,0.81,66.15
2022,9,12,7,0.76,0.91,1.62,92.52,112.08,11.85,0.14,0.67,13.87,10.46,12.16,11.35,83.62,0.05,73.15,1.13,119.94,1.5,119.63
2022,9,12,8,1.46,1.72,2.61,182.92,214.52,24.95,0.52,2.58,14.94,11.21,13.08,11.9,81.75,0.16,73.2,1.99,143.13,2.57,143.27
2022,9,12,9,2.09,2.41,3.43,265.17,301.95,36.95,1.03,5.33,15.72,11.85,13.78,12.39,81.25,0.26,73.22,2.5,152.23,3.23,152.44
2022,9,12,10,2.06,2.92,4.03,271.02,366.6,39.38,1.3,6.73,15.84,12.27,14.06,12.76,82.88,0.25,73.21,2.86,156.16,3.7,156.25
2022,9,12,11,2.13,3.23,4.37,285.73,405.6,42.88,1.54,7.8,15.76,12.56,14.16,13,84.62,0.22,73.18,3.21,158.56,4.19,158.66
2022,9,12,12,1.82,3.26,4.42,249.02,408.42,38,1.39,7.02,15.75,12.69,14.22,13.06,85.25,0.23,73.12,3.54,159.73,4.65,159.77
2022,9,12,13,1.56,3.05,4.18,214.8,381.73,33.17,1.16,5.8,15.62,12.65,14.13,13,85.56,0.27,73.06,3.88,160.73,5.17,160.69
2022,9,12,14,1.04,2.59,3.66,147.67,324.35,23.19,0.72,3.85,15.23,12.61,13.92,13,87.25,0.27,73.02,4.05,161.91,5.45,161.77
2022,9,12,15,0.66,1.94,2.91,92.85,242.08,14.67,0.37,1.85,14.55,12.47,13.51,12.88,90.31,0.26,73.01,3.74,164.14,5.06,164.14
2022,9,12,16,0.42,1.15,1.97,58.3,142.6,9.01,0.15,0.73,14.05,12.2,13.12,12.63,91.69,0.23,73.03,3.17,164.7,4.27,164.85
2022,9,12,17,0.13,0.4,0.91,16.83,47.6,2.59,0.02,0.08,13.21,11.82,12.51,12.33,94.44,0.2,73.07,2.13,162.5,2.9,162.78
2022,9,12,18,0.02,0.01,0.05,1.05,1.5,0.16,0,0,12.26,11.58,11.92,12.15,99.25,0.28,73.12,0.95,164.7,1.34,161.35
2022,9,12,19,0,0,0,0,0,0,0,0,11.81,11.17,11.49,11.84,99.88,0.19,73.19,0.59,160.6,0.76,148.93
2022,9,12,20,0,0,0,0,0,0,0,0,11.62,10.87,11.24,11.6,99.25,0.15,73.26,0.47,153.43,0.59,131.26
2022,9,12,21,0,0,0,0,0,0,0,0,11.57,10.68,11.12,11.47,98.69,0.14,73.3,0.41,147.53,0.56,123.69
2022,9,12,22,0,0,0,0,0,0,0,0,11.11,10.3,10.7,11.29,99.88,0.11,73.3,0.31,130.91,0.51,99.75
2022,9,12,23,0,0,0,0,0,0,0,0,10.9,9.96,10.43,11.05,99.38,0.11,73.27,0.31,94.29,0.62,76.14
2022,9,13,0,0,0,0,0,0,0,0,0,10.83,9.68,10.26,10.86,97.69,0.12,73.23,0.38,82.87,0.7,75.03
2022,9,13,1,0,0,0,0,0,0,0,0,10.8,9.45,10.12,10.62,96.06,0.1,73.19,0.43,66.67,0.77,65.27
2022,9,13,2,0,0,0,0,0,0,0,0,10.62,9.21,9.92,10.44,95.5,0.09,73.16,0.55,54.74,0.95,53.7
2022,9,13,3,0,0,0,0,0,0,0,0,10.58,8.98,9.78,10.25,94.06,0.07,73.13,0.6,43.42,1.06,44.1
2022,9,13,4,0,0,0,0,0,0,0,0,10.58,8.72,9.65,10.07,92.31,0.08,73.13,0.65,35.22,1.15,36.17
2022,9,13,5,0,0,0,0,0,0,0,0,10.62,8.47,9.55,9.89,90.5,0.09,73.15,0.67,33.5,1.16,34.33
2022,9,13,6,0.07,0.2,0.52,8.3,23.77,1.32,0.01,0.02,11.1,8.99,10.05,10.31,91.31,0.08,73.2,0.65,38.66,1.12,36.79
2022,9,13,7,0.43,0.94,1.61,54.12,116,8.37,0.1,0.52,12.76,9.92,11.33,10.99,87.25,0.06,73.26,0.78,80.73,1.07,77.79
2022,9,13,8,0.85,1.76,2.6,111.35,221.3,17.28,0.4,1.98,13.79,10.44,12.11,11.29,83.88,0.06,73.32,1.46,126.07,1.89,125.59
2022,9,13,9,1.26,2.45,3.42,170.08,308.6,26.27,0.78,4.17,14.44,10.87,12.66,11.6,82.69,0.08,73.35,2.06,141.61,2.64,141.6
2022,9,13,10,1.49,2.97,4.02,208.45,373.3,32.36,1.12,5.8,14.93,11.38,13.15,12.02,83,0.13,73.35,2.5,150.88,3.23,150.89
2022,9,13,11,1.67,3.26,4.36,228.9,410.33,35.51,1.31,6.6,14.98,11.74,13.36,12.33,84.62,0.15,73.32,2.7,155.36,3.51,155.38
2022,9,13,12,1.3,3.29,4.4,187.73,412.48,29.95,1.12,5.65,14.86,11.93,13.39,12.45,86.25,0.15,73.26,2.74,157.68,3.57,157.87
2022,9,13,13,1.19,3.07,4.16,171.88,385.27,27.52,0.99,4.98,14.72,12.01,13.37,12.51,87.38,0.18,73.2,2.71,158.32,3.54,158.36
2022,9,13,14,1.16,2.6,3.65,160.98,325.27,25.34,0.8,4.3,14.57,12.02,13.3,12.51,88.06,0.21,73.14,2.64,157.6,3.48,157.58
2022,9,13,15,0.99,1.92,2.89,131.33,239.62,19.77,0.49,2.52,14.28,11.88,13.08,12.39,88.75,0.22,73.1,2.51,155.59,3.34,155.71
2022,9,13,16,0.58,1.12,1.95,76.62,138.23,11.2,0.18,0.88,13.65,11.85,12.75,12.39,92.25,0.25,73.1,2.13,155.03,2.85,155.19
2022,9,13,17,0.21,0.4,0.93,25.45,47.67,3.69,0.02,0.1,12.95,11.94,12.45,12.45,97.06,0.31,73.13,1.51,153.17,2.03,153.04
2022,9,13,18,0,0,0,0,0,0,0,0,12.36,11.92,12.14,12.39,100,0.11,73.19,0.75,149.96,1.15,145.77
2022,9,13,19,0,0,0,0,0,0,0,0,12.15,11.73,11.94,12.27,100,0.09,73.26,0.55,135.58,0.88,129.94
2022,9,13,20,0,0,0,0,0,0,0,0,12.05,11.51,11.78,12.08,100,0.07,73.32,0.38,104.32,0.6,100.44
2022,9,13,21,0,0,0,0,0,0,0,0,11.87,11.17,11.52,11.78,99.38,0.04,73.35,0.29,43.92,0.52,37.72
2022,9,13,22,0,0,0,0,0,0,0,0,11.9,10.8,11.34,11.47,96.5,0.03,73.34,0.32,8.33,0.55,9.06
2022,9,13,23,0,0,0,0,0,0,0,0,12.01,10.44,11.23,11.23,93.44,0.02,73.33,0.06,0,0.08,29.05
2022,9,14,0,0,0,0,0,0,0,0,0,11.8,10.31,11.05,11.11,94,0.02,73.3,0.25,190.95,0.41,182.2
2022,9,14,1,0,0,0,0,0,0,0,0,11.37,10.26,10.82,11.11,96.62,0.04,73.26,0.08,168.69,0.17,161.57
2022,9,14,2,0,0,0,0,0,0,0,0,10.9,9.94,10.42,10.93,97.88,0.07,73.21,0.27,42.61,0.49,35.96
2022,9,14,3,0,0,0,0,0,0,0,0,10.83,9.44,10.14,10.56,95.19,0.11,73.18,0.46,32.62,0.82,31.43
2022,9,14,4,0,0,0,0,0,0,0,0,11.2,9.07,10.14,10.31,90.38,0.15,73.18,0.49,46.93,0.78,47.03
2022,9,14,5,0,0,0,0,0,0,0,0,11.19,8.83,10.01,10.13,89.06,0.18,73.21,0.52,61.53,0.82,63.43
2022,9,14,6,0.12,0.18,0.51,14.23,22.02,1.97,0.01,0.02,11.51,9.56,10.54,10.68,92.12,0.18,73.26,0.35,67.96,0.61,69.7
2022,9,14,7,0.64,0.88,1.6,80.2,108.58,11.25,0.13,0.67,12.91,10.78,11.84,11.6,91.06,0.18,73.34,0.8,137.76,1.07,135.59
2022,9,14,8,1.24,1.66,2.59,157.85,207.75,22.27,0.48,2.38,13.7,11.55,12.62,12.15,90.88,0.16,73.41,1.68,153.2,2.19,153.71
2022,9,14,9,1.63,2.36,3.41,215.3,295.85,31.32,0.9,4.77,14.44,11.88,13.16,12.45,88.56,0.13,73.43,2.37,155.29,3.1,155.57
2022,9,14,10,1.69,2.89,4.01,228.5,362.33,34.36,1.16,5.95,15.08,12.07,13.57,12.57,85.94,0.11,73.42,2.81,157.99,3.67,158.13
2022,9,14,11,1.77,3.17,4.35,241.52,398.23,36.65,1.33,6.67,15.63,12.27,13.95,12.7,83.75,0.09,73.38,3.09,163.08,4.02,163.15
2022,9,14,12,1.62,3.38,4.39,227.12,429.83,36.36,1.35,6.75,16.15,12.47,14.31,12.88,81.88,0.1,73.32,3.33,167.53,4.33,167.72
2022,9,14,13,1.37,3.13,4.15,193.85,398.25,31.04,1.09,5.5,16.4,12.61,14.51,12.94,81.19,0.12,73.24,3.48,171.21,4.54,171.3
2022,9,14,14,1.22,2.64,3.63,168.85,335.85,26.42,0.82,4.38,16.27,12.65,14.46,13,82,0.13,73.18,3.47,174.83,4.55,174.88
2022,9,14,15,0.84,1.97,2.87,113.7,249.17,17.67,0.45,2.25,15.73,12.6,14.17,12.94,84.56,0.13,73.15,3.26,177.53,4.3,177.61
2022,9,14,16,0.44,1.16,1.93,59.23,145.48,9.02,0.14,0.7,14.86,12.59,13.73,12.94,89.31,0.13,73.15,2.78,179.68,3.69,179.88
2022,9,14,17,0.17,0.41,0.91,21.17,49.98,3.06,0.02,0.08,13.84,12.55,13.19,12.88,95.06,0.12,73.18,2.07,183.67,2.79,183.69
2022,9,14,18,0,0,0,0,0,0,0,0,12.96,12.58,12.77,12.94,100,0.23,73.23,1.18,188.4,1.75,188.49
2022,9,14,19,0,0,0,0,0,0,0,0,12.65,12.46,12.56,12.82,100,0.22,73.28,0.84,187.52,1.34,187.37
2022,9,14,20,0,0,0,0,0,0,0,0,12.48,12.33,12.4,12.63,100,0.16,73.35,0.67,186.04,1.14,185.51
2022,9,14,21,0,0,0,0,0,0,0,0,12.26,12.12,12.19,12.45,100,0.14,73.38,0.56,188.81,1.01,188
2022,9,14,22,0,0,0,0,0,0,0,0,12.08,11.8,11.94,12.21,100,0.09,73.36,0.47,190.56,0.88,189.71
2022,9,14,23,0,0,0,0,0,0,0,0,11.82,11.36,11.59,11.84,100,0.04,73.32,0.33,186.79,0.71,187.59
2022,9,15,0,0,0,0,0,0,0,0,0,11.44,11.23,11.33,11.78,100,0.02,73.27,0.16,177.27,0.45,182.96
2022,9,15,1,0,0,0,0,0,0,0,0,11.05,10.87,10.96,11.54,100,0.02,73.22,0.04,126.87,0.16,168.69
2022,9,15,2,0,0,0,0,0,0,0,0,10.76,10.55,10.65,11.29,100,0.01,73.16,0.08,21.8,0.21,19.09
2022,9,15,3,0,0,0,0,0,0,0,0,10.55,10.12,10.34,11.05,100,0.01,73.12,0.26,337.25,0.6,345.6
2022,9,15,4,0,0,0,0,0,0,0,0,10.39,9.62,10,10.68,98.81,0.01,73.1,0.55,331.26,1,335.04
2022,9,15,5,0,0,0,0,0,0,0,0,10.39,9.12,9.75,10.31,95.69,0.01,73.09,0.7,330.02,1.17,331.39
2022,9,15,6,0.11,0.18,0.51,14.02,22.12,2.11,0.01,0.02,11.04,9.43,10.23,10.62,94,0.01,73.1,0.65,327.26,1.11,328.21
2022,9,15,7,0.57,0.9,1.6,72.75,112.1,10.72,0.12,0.62,13.69,10.45,12.07,11.35,84.69,0,73.13,0.84,268.39,1.09,270.41
2022,9,15,8,1.06,1.68,2.59,138.48,210.4,20.41,0.44,2.17,15.36,10.95,13.15,11.66,78,0.01,73.17,1.91,222.68,2.47,222.69
2022,9,15,9,1.33,2.37,3.41,180.4,296.27,27.14,0.77,4.08,16.45,11.62,14.04,12.21,76.19,0.01,73.18,2.56,209.46,3.29,209.31
2022,9,15,10,1.56,2.88,4,213.8,360.88,32.38,1.09,5.6,17.01,12.32,14.66,12.82,77.12,0.04,73.18,3.05,200.85,3.94,200.77
2022,9,15,11,1.69,3.15,4.34,227.45,394.17,34.81,1.23,6.17,17.08,12.9,14.98,13.31,79.69,0.14,73.16,3.39,198.69,4.4,198.76
2022,9,15,12,1.54,3.16,4.38,216.9,395.65,32.8,1.19,5.92,17.19,13.23,15.2,13.55,80.62,0.26,73.11,3.66,199.44,4.76,199.45
2022,9,15,13,1.41,2.91,4.14,193.75,363.33,29.09,0.97,4.92,17.26,13.44,15.35,13.73,81.12,0.39,73.03,3.93,200.85,5.15,200.88
2022,9,15,14,1.16,2.43,3.62,158.58,302.75,23.86,0.71,3.77,16.61,13.44,15.03,13.73,84.5,0.49,72.96,4,202.36,5.32,202.43
2022,9,15,15,0.88,1.79,2.86,117.88,220.9,17.53,0.41,2.08,15.76,13.41,14.58,13.73,88.94,0.54,72.92,3.71,204.35,4.98,204.35
2022,9,15,16,0.55,1.03,1.91,71.65,125.73,10.35,0.16,0.75,14.9,13.39,14.15,13.67,93.88,0.53,72.92,3.22,205.57,4.37,205.42
2022,9,15,17,0.22,0.34,0.88,27.02,40.77,3.8,0.02,0.1,14.17,13.39,13.78,13.67,98.44,0.45,72.93,2.6,205.03,3.6,205.01
2022,9,15,18,0,0,0,0,0,0,0,0,13.62,13.4,13.51,13.67,100,0.67,72.97,1.7,201.02,2.49,201.17
2022,9,15,19,0,0,0,0,0,0,0,0,13.46,13.42,13.44,13.67,100,0.5,73.01,1.35,200.75,2.11,200.85
2022,9,15,20,0,0,0,0,0,0,0,0,13.2,13.32,13.26,13.61,100,0.33,73.05,1.01,203.2,1.78,203.3
2022,9,15,21,0,0,0,0,0,0,0,0,12.85,13.07,12.96,13.37,100,0.26,73.08,0.79,206.31,1.58,205.43
2022,9,15,22,0,0,0,0,0,0,0,0,12.55,12.77,12.66,13.12,100,0.24,73.06,0.72,207.12,1.51,206.04
2022,9,15,23,0,0,0,0,0,0,0,0,12.23,12.33,12.28,12.82,100,0.24,73.03,0.66,212.94,1.32,212.47
2022,9,16,0,0,0,0,0,0,0,0,0,12.04,12.02,12.03,12.63,100,0.29,72.97,0.61,219.24,1.15,219.76
2022,9,16,1,0,0,0,0,0,0,0,0,11.8,11.8,11.8,12.45,100,0.31,72.91,0.59,220.19,1.11,220.73
2022,9,16,2,0,0,0,0,0,0,0,0,11.62,11.58,11.6,12.33,100,0.31,72.87,0.6,225,1.1,225
2022,9,16,3,0,0,0,0,0,0,0,0,11.48,11.37,11.42,12.15,100,0.31,72.84,0.57,234.55,1,234.57
2022,9,16,4,0,0,0,0,0,0,0,0,11.37,11.11,11.23,11.96,100,0.27,72.82,0.44,247.07,0.73,247.85
2022,9,16,5,0,0,0,0,0,0,0,0,11.28,10.76,11.02,11.78,100,0.23,72.82,0.29,295.2,0.5,300.19
2022,9,16,6,0.09,0.16,0.5,11.08,19.4,1.62,0.01,0.02,11.28,10.49,10.88,11.66,100,0.24,72.83,0.63,352.87,0.97,352.59
2022,9,16,7,0.36,0.8,1.59,46.8,96.92,7.09,0.09,0.4,13.08,10.72,11.9,11.84,91.56,0.26,72.88,0.91,355.56,1.15,355.72
2022,9,16,8,0.6,1.56,2.58,78,191.15,11.77,0.25,1.23,15.62,10.95,13.29,11.96,78.38,0.29,72.92,0.86,215.72,1.08,215.87
2022,9,16,9,0.95,2.23,3.4,128.6,274.23,19.06,0.53,2.75,16.88,11.61,14.24,12.39,75.12,0.31,72.96,2.19,199.41,2.79,199.6
2022,9,16,10,1.4,2.72,3.99,190.8,334.55,27.84,0.91,4.7,17.37,12.44,14.9,13.06,76.69,0.38,72.96,2.92,197.42,3.77,197.5
2022,9,16,11,1.48,2.93,4.33,195.73,357.5,28.53,0.98,4.9,17.58,13.12,15.35,13.61,78.81,0.51,72.93,3.26,196.13,4.22,196.22
2022,9,16,12,1.68,3.33,4.37,237.6,421.38,37.63,1.37,6.83,17.65,13.55,15.6,13.98,80.25,0.64,72.86,3.52,196.63,4.58,196.67
2022,9,16,13,1.62,3.08,4.12,225.38,388.62,35.12,1.2,6.08,17.5,13.76,15.62,14.1,81.88,0.7,72.79,3.67,198.86,4.8,198.82
2022,9,16,14,1.44,2.6,3.6,196.1,328.38,30.3,0.91,4.83,16.97,13.8,15.39,14.16,84.94,0.66,72.71,3.66,200.98,4.83,201.04
2022,9,16,15,0.93,1.92,2.84,125.25,240.98,19.1,0.45,2.27,16.15,13.73,14.94,14.16,89.19,0.53,72.67,3.49,203.87,4.67,203.87
2022,9,16,16,0.48,1.12,1.89,63.62,139.2,9.58,0.14,0.7,15.3,13.78,14.55,14.16,94.44,0.38,72.66,3.17,205.11,4.29,205.12
2022,9,16,17,0.23,0.37,0.85,28.62,44.58,4.05,0.02,0.1,14.63,13.86,14.25,14.22,99.06,0.28,72.69,2.67,206.42,3.71,206.35
2022,9,16,18,0,0,0,0,0,0,0,0,14.19,13.99,14.08,14.34,100,0.35,72.72,1.82,204.36,2.67,204.39
2022,9,16,19,0,0,0,0,0,0,0,0,14.05,14.04,14.05,14.34,100,0.28,72.78,1.54,203.58,2.38,203.79
2022,9,16,20,0,0,0,0,0,0,0,0,13.85,13.98,13.91,14.22,100,0.25,72.86,1.33,204.3,2.16,204.53
2022,9,16,21,0,0,0,0,0,0,0,0,13.58,13.76,13.66,14.04,100,0.33,72.9,1.11,206.21,1.92,206.57
2022,9,16,22,0,0,0,0,0,0,0,0,13.26,13.43,13.34,13.73,100,0.47,72.9,0.94,209.98,1.72,209.58
2022,9,16,23,0,0,0,0,0,0,0,0,12.97,13.12,13.05,13.49,100,0.54,72.89,0.79,210.09,1.58,208.97
2022,9,17,0,0,0,0,0,0,0,0,0,12.7,12.83,12.76,13.24,100,0.53,72.86,0.7,205.99,1.45,204.78
2022,9,17,1,0,0,0,0,0,0,0,0,12.43,12.57,12.5,13.06,100,0.45,72.83,0.65,200.39,1.43,199.53
2022,9,17,2,0,0,0,0,0,0,0,0,12.23,12.33,12.28,12.82,100,0.29,72.82,0.64,197.77,1.44,197.06
2022,9,17,3,0,0,0,0,0,0,0,0,12.05,12.11,12.08,12.63,100,0.16,72.82,0.65,194.53,1.5,193.82
2022,9,17,4,0,0,0,0,0,0,0,0,11.88,11.91,11.9,12.51,100,0.1,72.83,0.68,196.13,1.54,195.59
2022,9,17,5,0,0,0,0,0,0,0,0,11.76,11.74,11.75,12.33,100,0.07,72.88,0.65,196.04,1.43,195.86
2022,9,17,6,0.08,0.16,0.49,9.98,19.6,1.49,0.01,0.02,12.26,11.98,12.12,12.57,100,0.05,72.92,0.64,187.04,1.21,187.77
2022,9,17,7,0.21,0.82,1.58,26.25,102,4.22,0.05,0.25,13.7,12.77,13.23,13.18,98.06,0.06,72.99,1.31,181.36,1.72,181.56
2022,9,17,8,0.59,1.56,2.57,79.62,198.25,12.3,0.26,1.27,15,13.03,14.01,13.49,91.94,0.1,73.05,1.71,181.83,2.2,182.24
2022,9,17,9,1.13,2.2,3.39,155.95,279.23,22.99,0.62,3.25,16.23,13.13,14.68,13.55,85.56,0.13,73.08,2.19,185.93,2.82,186.36
2022,9,17,10,1.52,2.75,3.99,202.92,346.08,29.85,0.96,4.98,16.94,13.19,15.06,13.55,81.94,0.2,73.1,2.65,191.04,3.43,191.28
2022,9,17,11,1.58,3.06,4.32,215.6,381.17,31.95,1.11,5.55,17.16,13.22,15.19,13.55,80.75,0.32,73.08,3.02,192.99,3.94,193.07
2022,9,17,12,1.35,3.08,4.36,185.75,380.5,28.1,0.98,4.88,17.05,13.24,15.15,13.55,81.25,0.39,73.03,3.17,195,4.16,195.13
2022,9,17,13,1.32,2.83,4.11,180.05,348.73,27.31,0.91,4.6,16.69,13.23,14.97,13.55,83,0.43,72.97,3.15,198.52,4.15,198.54
2022,9,17,14,1.26,2.36,3.58,165.33,288.83,24.48,0.72,3.83,16.03,13.27,14.65,13.61,86.81,0.39,72.92,2.9,202.98,3.84,202.97
2022,9,17,15,0.86,1.7,2.82,112.1,206.2,16.34,0.38,1.92,15.28,13.31,14.3,13.67,91.38,0.3,72.89,2.48,205.76,3.3,205.71
2022,9,17,16,0.48,0.95,1.87,59.98,113.9,8.71,0.12,0.62,14.79,13.35,14.07,13.67,94.62,0.26,72.89,2.11,207.61,2.81,207.63
2022,9,17,17,0.2,0.29,0.83,24.4,34.83,3.47,0.02,0.08,14.23,13.46,13.84,13.79,98.81,0.23,72.92,1.72,207.97,2.33,207.94
2022,9,17,18,0,0,0,0,0,0,0,0,13.71,13.49,13.6,13.79,100,0.03,72.96,1.02,205.78,1.62,204.83
2022,9,17,19,0,0,0,0,0,0,0,0,13.56,13.5,13.53,13.79,100,0.04,73.01,0.77,202.66,1.38,200.9
2022,9,17,20,0,0,0,0,0,0,0,0,13.39,13.43,13.4,13.73,100,0.03,73.06,0.6,201.52,1.21,200.08
2022,9,17,21,0,0,0,0,0,0,0,0,13.19,13.15,13.17,13.55,100,0.04,73.08,0.55,205.46,1.15,204.99
2022,9,17,22,0,0,0,0,0,0,0,0,13.08,13.04,13.05,13.49,100,0.05,73.07,0.54,201.04,1.15,199.78
2022,9,17,23,0,0,0,0,0,0,0,0,12.96,12.97,12.97,13.43,100,0.05,73.06,0.54,190.01,1.18,188.78
2022,9,18,0,0,0,0,0,0,0,0,0,12.98,13.05,13.02,13.49,100,0.05,73.03,0.56,183.18,1.24,181.8
2022,9,18,1,0,0,0,0,0,0,0,0,13,13.12,13.06,13.55,100,0.04,73,0.67,181.33,1.43,180.94
2022,9,18,2,0,0,0,0,0,0,0,0,13.01,13.18,13.1,13.61,100,0.02,72.97,0.84,182.65,1.66,182.7
2022,9,18,3,0,0,0,0,0,0,0,0,13.07,13.26,13.17,13.67,100,0.01,72.95,0.99,181.8,1.88,182.15
2022,9,18,4,0,0,0,0,0,0,0,0,13.05,13.26,13.15,13.67,100,0,72.95,1.17,183.05,2.13,183.37
2022,9,18,5,0,0,0,0,0,0,0,0,12.84,13.05,12.94,13.43,100,0,73,1.15,187.03,2.1,187.26
2022,9,18,6,0.15,0.15,0.48,17,18.25,2.38,0.01,0.02,12.77,12.78,12.78,13.18,100,0,73.06,1.17,189.96,1.98,190.24
2022,9,18,7,0.75,0.77,1.57,86.73,91.52,10.88,0.12,0.55,12.87,12.48,12.67,13.12,100,0,73.15,1.71,196.45,2.34,196.31
2022,9,18,8,1.43,1.5,2.56,170.65,179.9,21.79,0.42,2.1,13.16,12.01,12.58,12.7,97.94,0,73.23,1.53,206.7,1.96,206.46
2022,9,18,9,1.89,2.14,3.38,231.9,259.27,30.73,0.8,4.12,14.29,11.89,13.08,12.57,90.25,0,73.26,1.37,210.96,1.73,210.16
2022,9,18,10,1.96,2.62,3.98,239.17,316.85,33.48,1.04,5.35,15.74,12.14,13.94,12.7,82.88,0.01,73.26,1.74,199.9,2.21,199.59
2022,9,18,11,1.96,2.85,4.3,244.88,344.12,34.28,1.15,5.77,16.89,12.52,14.7,13,78.94,0.01,73.23,2.44,194.08,3.14,194.24
2022,9,18,12,2.19,3.36,4.34,290.95,425.67,45.09,1.6,8.2,17.44,12.87,15.16,13.37,78.06,0.03,73.17,2.72,192.8,3.51,192.86
2022,9,18,13,1.85,3.1,4.09,249.25,391.33,38.04,1.28,6.55,17.58,13.1,15.34,13.55,78.62,0.04,73.11,2.83,192.92,3.67,192.79
2022,9,18,14,1.49,2.59,3.57,197.17,326.88,29.58,0.86,4.45,17.31,13.18,15.24,13.67,80.5,0.05,73.06,2.73,192.72,3.55,192.6
2022,9,18,15,0.96,1.9,2.8,126.27,238.67,19.23,0.45,2.23,16.76,13.17,14.97,13.61,83.12,0.04,73.04,2.45,191.02,3.2,190.71
2022,9,18,16,0.58,1.06,1.85,72,129.58,9.96,0.14,0.67,16.1,13.12,14.62,13.61,86.44,0.03,73.04,2.12,189.12,2.79,188.7
2022,9,18,17,0.21,0.33,0.8,26.35,39.55,3.79,0.02,0.08,15.04,13.19,14.12,13.67,93.06,0.03,73.06,1.61,189.23,2.17,188.71
2022,9,18,18,0,0,0,0,0,0,0,0,13.84,13.38,13.61,13.79,100,0.03,73.1,0.62,191.59,0.98,192.38
2022,9,18,19,0,0,0,0,0,0,0,0,13.58,13.26,13.42,13.67,100,0.03,73.16,0.16,185.44,0.28,184.76
2022,9,18,20,0,0,0,0,0,0,0,0,13.19,12.9,13.05,13.37,100,0.04,73.23,0.16,75.96,0.32,64.06
2022,9,18,21,0,0,0,0,0,0,0,0,12.83,12.46,12.64,13.06,100,0.05,73.28,0.27,62.7,0.52,58.45
2022,9,18,22,0,0,0,0,0,0,0,0,12.66,12.13,12.4,12.76,100,0.05,73.3,0.29,64.8,0.51,65.77
2022,9,18,23,0,0,0,0,0,0,0,0,12.73,11.9,12.32,12.57,100,0.05,73.28,0.31,81.25,0.5,82.87
2022,9,19,0,0,0,0,0,0,0,0,0,12.58,11.66,12.12,12.39,99.31,0.05,73.26,0.33,91.36,0.53,93.37
2022,9,19,1,0,0,0,0,0,0,0,0,12.39,11.45,11.92,12.21,99.06,0.05,73.22,0.28,78.69,0.46,84.09
2022,9,19,2,0,0,0,0,0,0,0,0,12.19,11.21,11.7,12.02,98.75,0.03,73.19,0.3,54.64,0.47,60.85
2022,9,19,3,0,0,0,0,0,0,0,0,12.01,10.87,11.44,11.72,97.62,0.02,73.16,0.4,37.78,0.64,36.03
2022,9,19,4,0,0,0,0,0,0,0,0,11.89,10.44,11.16,11.41,95.5,0.01,73.15,0.61,23.29,0.97,21.63
2022,9,19,5,0,0,0,0,0,0,0,0,11.87,9.91,10.89,10.99,92.44,0,73.17,0.72,20.99,1.13,20.56
2022,9,19,6,0.15,0.16,0.48,17.83,19,2.45,0.01,0.02,12.45,9.94,11.19,11.05,89.31,0,73.23,0.64,37.01,0.99,36.69
2022,9,19,7,0.67,0.81,1.57,79.17,96.85,10.05,0.1,0.52,14.75,11.55,13.15,12.39,86.56,0,73.33,0.84,122.06,1.12,120.49
2022,9,19,8,1.28,1.55,2.55,156.55,188.67,20.64,0.4,1.98,15.87,11.8,13.83,12.51,81.25,0,73.41,1.84,156.16,2.37,155.88
2022,9,19,9,1.46,2.23,3.37,188.45,274.6,26.53,0.72,3.73,16.65,12.27,14.46,12.88,79.69,0.01,73.43,2.29,166.01,2.94,166
2022,9,19,10,1.79,2.76,3.97,231.88,341.02,34.12,1.09,5.67,17.08,12.72,14.9,13.24,79.75,0.02,73.42,2.65,171.87,3.43,171.87
2022,9,19,11,2.1,3.02,4.29,274.95,372.48,39.2,1.34,6.77,17.07,13.11,15.09,13.55,81.56,0.02,73.39,2.97,174.57,3.87,174.55
2022,9,19,12,2.1,3.22,4.33,277.98,403.4,41.11,1.44,7.27,16.85,13.23,15.04,13.67,83.06,0.03,73.34,3.23,174.58,4.24,174.71
2022,9,19,13,1.7,2.97,4.08,224.27,370.52,33.56,1.1,5.65,16.49,13.3,14.9,13.67,85,0.03,73.27,3.27,175.34,4.32,175.43
2022,9,19,14,1.46,2.5,3.55,192.4,311.38,28.73,0.84,4.4,16.08,13.16,14.62,13.55,86.38,0.02,73.21,3.2,176.78,4.28,176.86
2022,9,19,15,0.96,1.81,2.78,125.58,223.83,18.91,0.43,2.15,15.47,13.28,14.37,13.61,90.44,0.02,73.18,2.85,182.04,3.82,182.11
2022,9,19,16,0.42,1.02,1.83,53.62,124.2,8.16,0.11,0.55,15.19,13.15,14.17,13.49,91.25,0.02,73.18,2.57,184.01,3.48,183.98
2022,9,19,17,0.19,0.31,0.78,24.4,36.15,3.55,0.02,0.08,14.3,13.12,13.72,13.49,96.75,0.02,73.21,1.89,189.73,2.62,189.77
2022,9,19,18,0,0,0,0,0,0,0,0,13.19,12.81,13,13.31,100,0.23,73.26,0.98,197.14,1.46,202.31
2022,9,19,19,0,0,0,0,0,0,0,0,12.37,12.07,12.22,12.82,100,0.21,73.33,0.61,214.09,0.88,232.62
2022,9,19,20,0,0,0,0,0,0,0,0,11.92,11.41,11.66,12.33,100,0.13,73.4,0.41,240.52,0.68,276.63
2022,9,19,21,0,0,0,0,0,0,0,0,11.9,10.91,11.4,11.84,99.62,0.08,73.42,0.39,266.57,0.74,298.18
2022,9,19,22,0,0,0,0,0,0,0,0,11.88,10.63,11.26,11.6,97.38,0.08,73.42,0.51,294.59,0.95,313.33
2022,9,19,23,0,0,0,0,0,0,0,0,11.54,10.21,10.87,11.29,97.25,0.1,73.39,0.63,332.8,1.19,341.68
2022,9,20,0,0,0,0,0,0,0,0,0,11.41,9.89,10.65,11.05,96.06,0.13,73.35,0.65,0,1.29,4.53
2022,9,20,1,0,0,0,0,0,0,0,0,11.39,9.51,10.44,10.74,93.56,0.17,73.31,0.6,22.91,1.21,22.76
2022,9,20,2,0,0,0,0,0,0,0,0,11.53,8.96,10.25,10.31,88.69,0.16,73.26,0.62,43.48,1.12,39.35
2022,9,20,3,0,0,0,0,0,0,0,0,11.62,8.55,10.08,9.95,85.25,0.12,73.22,0.72,45.44,1.17,42.84
2022,9,20,4,0,0,0,0,0,0,0,0,11.72,8.42,10.07,9.83,83.69,0.07,73.21,0.78,36.41,1.24,35.79
2022,9,20,5,0,0,0,0,0,0,0,0,11.79,8.42,10.1,9.83,83.12,0.03,73.23,0.74,28.47,1.24,28.5
2022,9,20,6,0.13,0.16,0.47,15.45,19.33,2.19,0.01,0.02,12.25,8.69,10.47,10.01,82.31,0.05,73.26,0.73,27.39,1.2,27.06
2022,9,20,7,0.65,0.85,1.56,78.9,103.83,10.95,0.12,0.6,13.72,10.29,12,11.29,84.31,0.03,73.31,0.77,42.12,1.08,39.7
2022,9,20,8,1.36,1.65,2.55,169.73,203.02,23.71,0.49,2.45,15.52,10.8,13.16,11.6,77,0.02,73.37,0.9,104.52,1.16,103.66
2022,9,20,9,1.91,2.31,3.37,240,284.73,33.43,0.92,4.85,16.51,11.27,13.89,11.96,74.5,0.02,73.39,1.72,145.52,2.2,145.69
2022,9,20,10,2.21,2.81,3.96,278.17,347.67,39.76,1.28,6.7,17.05,12.05,14.55,12.63,75.94,0.03,73.39,2.53,160.73,3.28,160.83
2022,9,20,11,2.18,3.08,4.28,282.15,380.23,40.59,1.41,7.23,17.12,12.73,14.93,13.24,79.19,0.04,73.38,2.91,164.43,3.79,164.59
2022,9,20,12,2.14,3.34,4.32,284.58,420.88,44.02,1.59,8.12,16.97,13.05,15.01,13.55,81.75,0.06,73.33,2.93,165.33,3.82,165.42
2022,9,20,13,1.72,3.08,4.06,229.02,387.98,35.74,1.22,6.3,16.68,13.11,14.89,13.55,83.5,0.08,73.26,2.86,166.27,3.73,166.31
2022,9,20,14,1.46,2.6,3.53,195.23,326.75,30.2,0.91,4.83,16.36,13.05,14.7,13.55,84.94,0.1,73.2,2.71,166.65,3.54,166.73
2022,9,20,15,0.97,1.91,2.77,127.85,239.4,19.88,0.47,2.38,16.01,12.87,14.44,13.43,85.88,0.09,73.15,2.41,166.32,3.17,166.44
2022,9,20,16,0.53,1.1,1.81,68.48,135.58,10.32,0.15,0.73,15.51,12.79,14.15,13.31,88.19,0.1,73.14,2.02,166.82,2.68,166.86
2022,9,20,17,0.16,0.33,0.75,21.2,38.77,3.23,0.02,0.08,14.63,12.96,13.8,13.49,94.38,0.11,73.15,1.4,168.38,1.88,168.22
2022,9,20,18,0,0,0,0,0,0,0,0,13.83,13.19,13.51,13.61,100,0.11,73.18,0.46,174.19,0.73,173.25
2022,9,20,19,0,0,0,0,0,0,0,0,13.61,13.16,13.39,13.55,100,0.14,73.25,0.13,139.76,0.28,146.31
2022,9,20,20,0,0,0,0,0,0,0,0,13.27,12.87,13.07,13.31,100,0.12,73.32,0.22,102.53,0.39,110.96
2022,9,20,21,0,0,0,0,0,0,0,0,12.84,12.48,12.66,13,100,0.13,73.37,0.29,93.09,0.5,97.13
2022,9,20,22,0,0,0,0,0,0,0,0,12.48,12.15,12.32,12.76,100,0.13,73.38,0.29,86.91,0.5,90.9
2022,9,20,23,0,0,0,0,0,0,0,0,12.17,11.83,12,12.51,100,0.15,73.36,0.3,72.03,0.53,74.52
2022,9,21,0,0,0,0,0,0,0,0,0,11.98,11.49,11.73,12.27,100,0.17,73.33,0.36,55.62,0.64,53.97
2022,9,21,1,0,0,0,0,0,0,0,0,11.9,11.15,11.53,12.02,100,0.13,73.27,0.49,46.93,0.86,43.89
2022,9,21,2,0,0,0,0,0,0,0,0,11.9,10.73,11.31,11.72,98.06,0.1,73.22,0.62,38.88,1.05,38.06
2022,9,21,3,0,0,0,0,0,0,0,0,11.8,10.14,10.98,11.29,95.31,0.06,73.18,0.74,32.52,1.22,32.47
2022,9,21,4,0,0,0,0,0,0,0,0,11.57,9.38,10.48,10.8,92.44,0.03,73.16,0.86,31.68,1.4,31.73
2022,9,21,5,0,0,0,0,0,0,0,0,11.37,8.71,10.05,10.38,89.88,0.01,73.18,0.93,31.95,1.48,32.1
2022,9,21,6,0.15,0.17,0.46,17.15,19.65,2.41,0.01,0.05,11.72,8.69,10.2,10.38,88.12,0,73.21,0.86,31.23,1.41,31.84
2022,9,21,7,0.77,0.86,1.55,90.55,103.5,11.26,0.12,0.6,14.3,10.48,12.39,11.84,84.69,0,73.27,0.78,68.84,1.1,66.53
2022,9,21,8,1.56,1.66,2.54,190.45,203.73,25.06,0.5,2.45,15.92,10.48,13.2,11.84,76.5,0,73.32,1.61,138.34,2.06,138.38
2022,9,21,9,2.12,2.35,3.36,263.65,288.73,36.1,0.98,4.98,17.11,10.84,13.98,12.21,73.19,0.01,73.34,2.23,155.85,2.87,156.08
2022,9,21,10,2.54,2.86,3.95,315.8,351.2,44.09,1.41,7.35,17.92,11.48,14.7,12.76,72.5,0.03,73.34,2.69,164.15,3.46,164.27
2022,9,21,11,2.54,3.12,4.27,319.4,381.1,45.42,1.58,8.12,18.21,12.4,15.3,13.37,74.81,0.07,73.32,2.95,169.46,3.8,169.71
2022,9,21,12,2.43,3.39,4.31,317.67,423.95,48.88,1.78,9.08,18.15,13.08,15.62,13.85,77.5,0.11,73.27,3,172.82,3.87,173.05
2022,9,21,13,1.94,3.12,4.05,255.3,390.2,39.39,1.34,6.98,17.87,13.53,15.69,14.1,80.25,0.15,73.22,2.96,175.91,3.84,176.15
2022,9,21,14,1.42,2.63,3.52,188.95,328.12,28.63,0.86,4.55,17.44,13.71,15.58,14.16,82.88,0.18,73.16,2.88,178.75,3.73,178.92
2022,9,21,15,0.94,1.92,2.75,121.1,238.4,17.78,0.41,2.05,16.93,13.66,15.3,14.1,85.06,0.18,73.12,2.74,178.86,3.58,179
2022,9,21,16,0.56,1.09,1.79,70.4,132.33,9.91,0.14,0.67,16.18,13.49,14.83,13.92,88.12,0.16,73.11,2.54,179.47,3.35,179.6
2022,9,21,17,0.19,0.32,0.73,23.77,37.85,3.37,0.02,0.08,15.01,13.42,14.22,13.85,94.44,0.16,73.12,2.1,181.92,2.86,181.88
2022,9,21,18,0,0,0,0,0,0,0,0,13.86,13.55,13.7,13.92,100,0.07,73.15,1.08,185.38,1.71,184.46
2022,9,21,19,0,0,0,0,0,0,0,0,13.6,13.57,13.58,13.85,100,0.08,73.22,0.77,182.31,1.38,181.62
2022,9,21,20,0,0,0,0,0,0,0,0,13.32,13.27,13.3,13.61,100,0.08,73.29,0.7,181.93,1.26,181.42
2022,9,21,21,0,0,0,0,0,0,0,0,13.08,12.86,12.98,13.24,100,0.06,73.33,0.57,187.03,0.97,188.33
2022,9,21,22,0,0,0,0,0,0,0,0,12.94,12.6,12.77,13.06,100,0.06,73.33,0.46,192.85,0.78,193.9
2022,9,21,23,0,0,0,0,0,0,0,0,12.64,12.31,12.48,12.82,100,0.05,73.32,0.43,195.8,0.78,195
2022,9,22,0,0,0,0,0,0,0,0,0,12.43,12.07,12.25,12.57,100,0.04,73.29,0.4,194.57,0.75,193.89
2022,9,22,1,0,0,0,0,0,0,0,0,12.31,11.87,12.09,12.45,100,0.04,73.26,0.29,197.45,0.53,195.26
2022,9,22,2,0,0,0,0,0,0,0,0,12.14,11.73,11.93,12.39,100,0.03,73.21,0.05,239.04,0.12,208.3
2022,9,22,3,0,0,0,0,0,0,0,0,11.71,11.32,11.51,12.08,100,0.03,73.18,0.23,33.69,0.36,30.96
2022,9,22,4,0,0,0,0,0,0,0,0,11.19,10.75,10.97,11.66,100,0.03,73.17,0.56,31.92,0.97,29.86
2022,9,22,5,0,0,0,0,0,0,0,0,10.62,9.98,10.3,11.17,100,0.02,73.18,0.79,25.29,1.4,24.71
2022,9,22,6,0.15,0.17,0.45,17.08,19.77,2.38,0.01,0.05,10.99,9.64,10.32,10.99,98,0.01,73.21,0.72,23.52,1.34,23.42
2022,9,22,7,0.73,0.88,1.54,86.25,105.2,10.82,0.12,0.58,13.67,10.72,12.19,11.9,89,0.01,73.26,0.56,66.28,0.78,62.67
2022,9,22,8,1.38,1.67,2.53,169.12,203.98,22.63,0.45,2.23,15.26,10.89,13.08,12.02,81.25,0.01,73.31,1.13,143.13,1.45,144.68
2022,9,22,9,2.13,2.35,3.35,265.02,288.4,36.25,0.97,4.95,16.73,10.65,13.69,12.08,74.19,0.01,73.33,1.84,163.95,2.36,164.86
2022,9,22,10,2.21,2.85,3.94,276.38,350.3,39.41,1.25,6.55,17.62,11.05,14.34,12.45,72.38,0.01,73.34,2.69,178.33,3.49,178.59
2022,9,22,11,2.35,3.13,4.26,300.58,383.9,43.15,1.49,7.55,17.76,12.12,14.94,13.18,75.81,0.02,73.32,3.12,185.61,4.04,185.77
2022,9,22,12,2.32,3.36,4.29,303.15,419.35,46.62,1.67,8.48,17.72,12.91,15.32,13.67,78.75,0.04,73.26,3.19,191.01,4.14,191.2
2022,9,22,13,2.09,3.1,4.03,271.6,385.95,41.76,1.41,7.33,17.59,13.28,15.44,13.92,80.56,0.04,73.19,3.13,196.67,4.06,196.66
2022,9,22,14,1.63,2.59,3.5,211.83,321.38,32.08,0.95,5.05,17.12,13.19,15.15,13.79,82.19,0.05,73.12,3.02,201.86,3.96,201.76
2022,9,22,15,1.08,1.88,2.73,138.25,232.38,20.8,0.48,2.4,16.73,13.13,14.93,13.73,83.94,0.06,73.09,2.82,204.93,3.7,204.99
2022,9,22,16,0.56,1.05,1.77,70.1,127.62,10.38,0.14,0.7,16.06,12.98,14.51,13.61,86.75,0.05,73.08,2.51,206.25,3.33,206.2
2022,9,22,17,0.21,0.29,0.7,25.83,34.02,3.65,0.02,0.08,14.78,13.01,13.89,13.67,94.69,0.05,73.1,1.99,207.37,2.71,207.3
2022,9,22,18,0,0,0,0,0,0,0,0,13.54,13.16,13.35,13.73,100,0.04,73.13,0.9,212.16,1.47,212.42
2022,9,22,19,0,0,0,0,0,0,0,0,13.37,13.08,13.23,13.67,100,0.03,73.18,0.71,222.78,1.2,221.82
2022,9,22,20,0,0,0,0,0,0,0,0,13.16,12.73,12.94,13.37,100,0.03,73.23,0.58,236.52,0.95,235.39
2022,9,22,21,0,0,0,0,0,0,0,0,12.76,12.27,12.51,13.06,100,0.03,73.28,0.5,247.86,0.84,248.2
2022,9,22,22,0,0,0,0,0,0,0,0,12.27,11.8,12.03,12.76,100,0.03,73.29,0.55,255.17,0.88,255.59
2022,9,22,23,0,0,0,0,0,0,0,0,11.94,11.44,11.69,12.51,100,0.04,73.28,0.56,261.98,0.88,262.3
2022,9,23,0,0,0,0,0,0,0,0,0,11.62,10.98,11.3,12.21,100,0.05,73.25,0.53,275.88,0.84,275.34
2022,9,23,1,0,0,0,0,0,0,0,0,11.31,10.3,10.81,11.78,100,0.06,73.21,0.57,302.17,0.88,302.01
2022,9,23,2,0,0,0,0,0,0,0,0,10.95,9.48,10.22,11.29,100,0.06,73.17,0.68,325.22,1.08,325.28
2022,9,23,3,0,0,0,0,0,0,0,0,10.77,8.57,9.67,10.68,96.62,0.05,73.14,0.69,340.13,1.07,339.98
2022,9,23,4,0,0,0,0,0,0,0,0,10.71,7.83,9.27,10.25,93.12,0.05,73.14,0.65,352.36,0.99,351.87
2022,9,23,5,0,0,0,0,0,0,0,0,10.6,7.3,8.94,9.95,91,0.05,73.15,0.62,357.83,0.96,358.14
2022,9,23,6,0.14,0.15,0.45,15.48,17.8,2.14,0.01,0.02,11.02,7.28,9.15,10.01,88.75,0.06,73.19,0.54,354.21,0.85,354.71
2022,9,23,7,0.59,0.81,1.53,70.42,96.12,9.24,0.09,0.48,12.69,8.13,10.41,10.62,84.44,0.07,73.24,0.26,322.43,0.34,324.46
2022,9,23,8,1.14,1.58,2.52,141.15,191.23,19.23,0.38,1.85,14.28,8.81,11.55,11.11,79.62,0.11,73.31,0.96,189.85,1.22,190.66
2022,9,23,9,1.59,2.26,3.34,203.05,274.33,28.38,0.76,3.95,15.76,9.89,12.83,11.6,75.94,0.12,73.33,1.87,195.49,2.39,195.71
2022,9,23,10,1.9,2.75,3.93,239.17,333.9,33.9,1.05,5.5,16.76,10.87,13.81,12.21,74.62,0.13,73.31,2.67,200.18,3.45,200.28
2022,9,23,11,2.01,3,4.25,258.58,364.92,36.59,1.23,6.12,17.23,11.76,14.49,12.7,75.62,0.15,73.27,3.19,204.18,4.15,204.25
2022,9,23,12,2.09,3.16,4.28,271.85,391.33,40.53,1.39,6.98,17.36,12.4,14.88,13.12,77.31,0.16,73.21,3.44,208.08,4.49,208.21
2022,9,23,13,1.64,2.91,4.02,213.25,356.73,31.96,1.03,5.33,17.11,12.69,14.9,13.31,79.44,0.17,73.14,3.47,211.76,4.56,211.84
2022,9,23,14,1.03,2.4,3.48,138.77,292.83,21.3,0.6,3.17,16.73,12.73,14.73,13.31,81.56,0.18,73.07,3.39,216.18,4.48,216.27
2022,9,23,15,0.55,1.72,2.71,71.27,206.7,10.58,0.22,1.1,16.19,12.62,14.4,13.24,83.94,0.18,73.03,3.04,217.28,4.05,217.25
2022,9,23,16,0.39,0.93,1.75,49.2,110.33,7.41,0.09,0.48,15.3,12.61,13.95,13.31,89.25,0.15,73.02,2.58,214.89,3.47,214.91
2022,9,23,17,0.16,0.25,0.68,20.1,28.55,2.84,0.01,0.05,14.26,12.65,13.45,13.43,96,0.13,73.03,1.88,213.62,2.59,213.45
2022,9,23,18,0,0,0,0,0,0,0,0,12.96,12.71,12.83,13.43,100,0.07,73.07,0.66,214.82,1.24,213.39
2022,9,23,19,0,0,0,0,0,0,0,0,12.83,12.7,12.76,13.37,100,0.07,73.12,0.56,217.67,1.04,215.49
2022,9,23,20,0,0,0,0,0,0,0,0,12.73,12.53,12.62,13.24,100,0.06,73.17,0.49,213.94,0.87,211.84
2022,9,23,21,0,0,0,0,0,0,0,0,12.53,12.28,12.4,13.06,100,0.08,73.2,0.53,217.21,0.95,214.99
2022,9,23,22,0,0,0,0,0,0,0,0,12.39,12.08,12.23,12.94,100,0.09,73.21,0.6,223.42,1.04,221.02
2022,9,23,23,0,0,0,0,0,0,0,0,12.22,11.9,12.05,12.82,100,0.1,73.19,0.56,222.75,0.98,222.43
2022,9,24,0,0,0,0,0,0,0,0,0,11.91,11.51,11.71,12.57,100,0.1,73.16,0.58,246.9,0.86,242.27
2022,9,24,1,0,0,0,0,0,0,0,0,11.65,11.23,11.44,12.39,100,0.1,73.1,0.56,245.96,0.92,235.77
2022,9,24,2,0,0,0,0,0,0,0,0,11.44,11.26,11.35,12.33,100,0.08,73.04,0.59,230.87,1.16,220.64
2022,9,24,3,0,0,0,0,0,0,0,0,11.44,11.45,11.44,12.45,100,0.06,73.02,0.65,212.15,1.38,209.02
2022,9,24,4,0,0,0,0,0,0,0,0,11.44,11.59,11.52,12.45,100,0.04,73.02,0.74,202.48,1.6,201.8
2022,9,24,5,0,0,0,0,0,0,0,0,11.38,11.53,11.45,12.33,100,0.02,73.06,0.69,196.39,1.54,195.31
2022,9,24,6,0.13,0.15,0.44,14.6,17.3,1.99,0.01,0.02,11.47,11.41,11.44,12.21,100,0.02,73.12,0.58,194.78,1.19,193.31
2022,9,24,7,0.57,0.82,1.52,68.5,98.02,8.98,0.09,0.48,12.62,11.82,12.23,12.51,100,0.02,73.19,1,193.06,1.33,194.28
2022,9,24,8,1.17,1.6,2.51,144.65,195.45,19.78,0.39,1.92,13.76,11.95,12.86,12.57,93.25,0.02,73.23,1.14,206.92,1.49,208.59
2022,9,24,9,1.65,2.26,3.33,209.73,276.73,29.19,0.78,4,15.66,12.18,13.92,12.76,83.69,0.03,73.25,1.81,211.98,2.34,212.74
2022,9,24,10,2.28,2.73,3.92,283.9,334.5,39.45,1.24,6.5,17.05,12.16,14.61,12.82,77.06,0.06,73.25,2.71,210.85,3.51,211.07
2022,9,24,11,1.97,2.99,4.24,255.33,366.35,36.51,1.24,6.27,17.65,12.34,15,13.06,75.38,0.1,73.22,3.39,209.88,4.42,210.01
2022,9,24,12,2.05,3.13,4.26,268.58,387.33,40.2,1.39,7,17.69,12.64,15.16,13.31,76.62,0.11,73.16,3.71,210.78,4.86,210.93
2022,9,24,13,1.41,2.83,4,184.65,346.83,27.49,0.89,4.6,17.34,12.96,15.15,13.55,79.81,0.11,73.09,3.73,213.89,4.9,213.94
2022,9,24,14,0.73,2.28,3.46,99.08,275.95,15,0.42,2.23,16.87,13.01,14.94,13.61,82.38,0.11,73.02,3.58,218.45,4.73,218.42
2022,9,24,15,0.51,1.57,2.69,67.1,187.73,10.1,0.22,1.1,15.9,12.87,14.39,13.55,87.12,0.1,72.96,3.23,220.48,4.32,220.46
2022,9,24,16,0.27,0.82,1.73,35.55,95.48,5.28,0.07,0.33,14.96,12.87,13.91,13.61,92.88,0.09,72.95,2.68,221.34,3.63,221.34
2022,9,24,17,0.11,0.2,0.66,13.62,23.6,1.93,0.01,0.02,14.16,12.98,13.58,13.73,98.88,0.08,72.95,1.96,220.63,2.73,220.48
2022,9,24,18,0,0,0,0,0,0,0,0,13.53,13.19,13.36,13.85,100,0.19,72.98,1.1,221.84,1.74,221.72
2022,9,24,19,0,0,0,0,0,0,0,0,13.47,13.28,13.37,13.92,100,0.22,73.02,0.96,223.34,1.6,223.22
2022,9,24,20,0,0,0,0,0,0,0,0,13.38,13.26,13.32,13.85,100,0.24,73.07,0.85,228.37,1.5,228.17
2022,9,24,21,0,0,0,0,0,0,0,0,13.15,13.02,13.08,13.67,100,0.27,73.1,0.81,240.46,1.51,239.59
2022,9,24,22,0,0,0,0,0,0,0,0,12.85,12.73,12.79,13.49,100,0.29,73.09,0.8,248.72,1.51,247.43
2022,9,24,23,0,0,0,0,0,0,0,0,12.7,12.58,12.64,13.37,100,0.27,73.06,0.84,251.57,1.56,249.11
2022,9,25,0,0,0,0,0,0,0,0,0,12.62,12.54,12.58,13.31,100,0.23,73.01,0.91,246.29,1.68,244.63
2022,9,25,1,0,0,0,0,0,0,0,0,12.61,12.63,12.62,13.37,100,0.19,72.97,1,234.2,1.84,234.35
2022,9,25,2,0,0,0,0,0,0,0,0,12.55,12.72,12.63,13.37,100,0.18,72.95,1.09,224.13,2.02,224.84
2022,9,25,3,0,0,0,0,0,0,0,0,12.41,12.69,12.55,13.24,100,0.16,72.94,1.09,220.65,2.1,221.53
2022,9,25,4,0,0,0,0,0,0,0,0,12.12,12.39,12.26,13,100,0.15,72.96,0.95,218,1.96,218.05
2022,9,25,5,0,0,0,0,0,0,0,0,11.71,11.98,11.84,12.7,100,0.14,73.01,0.77,211.76,1.76,210.79
2022,9,25,6,0.12,0.12,0.43,13.3,14.75,1.98,0.01,0.02,11.94,12.01,11.98,12.7,100,0.13,73.09,0.7,205.13,1.49,203.75
2022,9,25,7,0.52,0.68,1.52,61.3,79.52,8.03,0.09,0.4,13.24,12.65,12.94,13.31,100,0.1,73.18,1.58,200.49,2.19,200.44
2022,9,25,8,0.94,1.39,2.5,115.5,164.88,15.23,0.3,1.45,14.19,12.74,13.47,13.37,96.38,0.09,73.26,1.97,203.32,2.59,203.24
2022,9,25,9,1.37,2.02,3.32,172.48,241.3,23.43,0.61,3.17,15.35,12.65,14,13.24,88.81,0.1,73.29,2.31,201.87,3,202.02
2022,9,25,10,1.56,2.5,3.9,195.4,301.38,28.27,0.86,4.48,16.23,12.61,14.42,13.18,83.56,0.16,73.29,2.67,199.87,3.48,199.82
2022,9,25,11,1.6,2.74,4.22,206.15,331.17,30.17,0.99,5.05,16.59,12.78,14.69,13.24,82.12,0.22,73.27,3.08,197.74,4.03,197.84
2022,9,25,12,1.67,3.17,4.25,234.48,397.7,40.38,1.41,7.2,16.26,12.92,14.58,13.37,84.25,0.26,73.22,3.38,198.02,4.47,198.02
2022,9,25,13,1.27,2.88,3.99,180.88,360.5,31.52,1.02,5.3,15.72,12.95,14.33,13.37,87.25,0.28,73.17,3.49,198.92,4.63,198.89
2022,9,25,14,1.12,2.36,3.45,158.8,293.75,26.93,0.77,4,14.86,12.89,13.87,13.31,91.81,0.31,73.12,3.41,199.39,4.58,199.33
2022,9,25,15,0.89,1.67,2.67,123.02,206.12,20.66,0.45,2.25,14.25,12.79,13.51,13.24,94.88,0.3,73.09,3.15,199.69,4.28,199.72
2022,9,25,16,0.42,0.88,1.71,56.85,106.83,9.39,0.12,0.58,13.76,12.85,13.31,13.24,98.25,0.33,73.1,2.85,199.38,3.93,199.41
2022,9,25,17,0.16,0.22,0.63,20.05,26.33,3.06,0.01,0.05,13.42,13,13.21,13.43,100,0.34,73.12,2.36,199.09,3.36,198.98
2022,9,25,18,0,0,0,0,0,0,0,0,13.3,13.12,13.22,13.49,100,0.12,73.16,1.78,198.91,2.65,198.6
2022,9,25,19,0,0,0,0,0,0,0,0,13.3,13.17,13.23,13.55,100,0.11,73.21,1.65,197.32,2.52,197.14
2022,9,25,20,0,0,0,0,0,0,0,0,13.15,13.07,13.11,13.43,100,0.1,73.27,1.39,199.76,2.17,199.35
2022,9,25,21,0,0,0,0,0,0,0,0,12.97,12.86,12.91,13.24,100,0.09,73.31,1.22,200.64,1.93,199.9
2022,9,25,22,0,0,0,0,0,0,0,0,12.78,12.66,12.73,13.06,100,0.08,73.32,1,202.14,1.62,201.14
2022,9,25,23,0,0,0,0,0,0,0,0,12.52,12.41,12.47,12.82,100,0.06,73.31,0.76,204.98,1.33,202.8
2022,9,26,0,0,0,0,0,0,0,0,0,12.18,12.01,12.09,12.45,100,0.05,73.28,0.58,213.48,1.09,211.18
2022,9,26,1,0,0,0,0,0,0,0,0,11.83,11.39,11.61,12.02,100,0.04,73.25,0.44,237.45,0.77,237.93
2022,9,26,2,0,0,0,0,0,0,0,0,11.38,10.9,11.14,11.66,100,0.04,73.2,0.38,266.5,0.69,264.16
2022,9,26,3,0,0,0,0,0,0,0,0,10.87,10.33,10.59,11.35,100,0.03,73.16,0.41,291.19,0.73,288.63
2022,9,26,4,0,0,0,0,0,0,0,0,10.48,9.76,10.12,10.99,100,0.04,73.14,0.48,315.66,0.78,315.81
2022,9,26,5,0,0,0,0,0,0,0,0,10.18,9.14,9.66,10.62,99.75,0.05,73.15,0.54,335.28,0.87,336.19
2022,9,26,6,0.12,0.13,0.42,13.65,16.08,2.05,0.01,0.02,10.24,8.86,9.55,10.5,98.12,0.05,73.2,0.56,346.16,0.92,347.26
2022,9,26,7,0.5,0.77,1.51,63.62,94.75,9.82,0.1,0.5,12.18,9.44,10.81,10.86,89.44,0.05,73.28,0.31,308.88,0.42,309.67
2022,9,26,8,0.99,1.54,2.5,130.58,191.3,20.49,0.41,2.02,14.06,10.01,12.04,11.23,81.81,0.05,73.37,1.31,206.57,1.7,207.39
2022,9,26,9,1.36,2.2,3.31,185.2,274.33,29.34,0.8,4.1,15.48,10.53,13,11.54,77.06,0.06,73.39,2.03,206.47,2.63,206.87
2022,9,26,10,1.59,2.68,3.89,218.33,334.7,34.78,1.1,5.8,16.37,10.98,13.67,11.9,74.81,0.06,73.37,2.69,207.09,3.49,207.2
2022,9,26,11,1.75,2.96,4.21,241.3,370.08,38.47,1.3,6.67,16.76,11.62,14.19,12.39,75.75,0.07,73.33,3.08,207.54,3.98,207.72
2022,9,26,12,1.67,2.97,4.24,232.45,371.15,37.35,1.26,6.48,16.87,12.08,14.48,12.7,77.12,0.08,73.26,3.27,210.54,4.25,210.62
2022,9,26,13,1.37,2.76,3.97,190.5,342.15,31.28,1.01,5.27,16.69,12.27,14.48,12.82,78.94,0.08,73.18,3.44,214.45,4.49,214.44
2022,9,26,14,1.12,2.25,3.43,156.7,277.5,25.31,0.7,3.65,16.21,12.24,14.23,12.82,81.19,0.09,73.12,3.46,218.68,4.56,218.74
2022,9,26,15,0.72,1.58,2.65,99.2,193,16.08,0.34,1.7,15.52,12.16,13.84,12.82,84.56,0.1,73.07,3.35,222.54,4.45,222.58
2022,9,26,16,0.36,0.83,1.69,47.42,99.12,7.52,0.09,0.45,14.51,12.06,13.29,12.76,89.94,0.1,73.06,2.93,224.57,3.93,224.52
2022,9,26,17,0.15,0.2,0.61,19.08,23.5,2.85,0.01,0.05,13.34,12.02,12.69,12.76,97.12,0.09,73.07,2.17,225.15,2.99,225
2022,9,26,18,0,0,0,0,0,0,0,0,12.48,12.11,12.3,12.82,100,0.04,73.1,1.22,221.88,1.85,221.92
2022,9,26,19,0,0,0,0,0,0,0,0,12.38,12.13,12.26,12.82,100,0.04,73.14,1.03,221.63,1.69,220.89
2022,9,26,20,0,0,0,0,0,0,0,0,12.25,12.15,12.19,12.76,100,0.04,73.2,0.84,220.08,1.49,218.19
2022,9,26,21,0,0,0,0,0,0,0,0,12.11,12.1,12.11,12.76,100,0.04,73.23,0.73,219.81,1.41,218.71
2022,9,26,22,0,0,0,0,0,0,0,0,11.94,11.94,11.94,12.63,100,0.04,73.23,0.71,223.21,1.42,222.76
2022,9,26,23,0,0,0,0,0,0,0,0,11.82,11.81,11.81,12.51,100,0.03,73.2,0.68,229.18,1.38,229.12
2022,9,27,0,0,0,0,0,0,0,0,0,11.67,11.72,11.69,12.45,100,0.02,73.17,0.61,232.25,1.33,231.92
2022,9,27,1,0,0,0,0,0,0,0,0,11.49,11.56,11.53,12.33,100,0.01,73.12,0.61,238.15,1.34,237.89
2022,9,27,2,0,0,0,0,0,0,0,0,11.33,11.4,11.37,12.21,100,0.01,73.06,0.62,243.76,1.28,243.43
2022,9,27,3,0,0,0,0,0,0,0,0,11.22,11.14,11.18,12.02,100,0.01,73.01,0.58,260.67,1.09,259.25
2022,9,27,4,0,0,0,0,0,0,0,0,10.96,10.55,10.76,11.72,100,0,72.98,0.51,296.18,0.91,297
2022,9,27,5,0,0,0,0,0,0,0,0,10.69,9.91,10.3,11.35,100,0,72.99,0.5,322.59,0.85,324.71
2022,9,27,6,0.12,0.13,0.42,13.65,15.55,2.05,0.01,0.02,10.73,9.7,10.22,11.23,100,0.01,73.03,0.52,342.39,0.92,344.79
2022,9,27,7,0.67,0.75,1.5,77.25,88.88,9.61,0.09,0.48,12.38,10.21,11.3,11.54,93.69,0.01,73.09,0.47,345.5,0.63,347.86
2022,9,27,8,1.11,1.47,2.49,134.3,177.42,17.68,0.34,1.7,14.34,10.39,12.37,11.72,83.75,0.02,73.15,0.71,193.28,0.88,193.3
2022,9,27,9,1.55,2.16,3.3,195.83,263.75,27.27,0.72,3.67,15.73,10.76,13.24,11.96,78.19,0.02,73.18,1.72,197.94,2.18,197.98
2022,9,27,10,2.11,2.64,3.88,267.83,323.62,38.02,1.21,6.35,16.66,11.12,13.89,12.21,75.12,0.03,73.18,2.53,202.52,3.25,202.44
2022,9,27,11,1.7,2.92,4.2,228,359.73,34.12,1.16,5.92,17.13,11.58,14.36,12.51,74.69,0.04,73.16,3.1,206.5,4.04,206.42
2022,9,27,12,1.94,3.21,4.22,265.6,406.08,43.93,1.55,7.98,17.23,12.03,14.62,12.76,75.69,0.04,73.11,3.42,210.6,4.5,210.57
2022,9,27,13,1.62,2.92,3.95,220.23,366.23,35.33,1.17,6.12,16.96,12.26,14.61,12.88,77.5,0.05,73.05,3.52,214.89,4.64,214.79
2022,9,27,14,1.21,2.38,3.41,161.83,296,24.84,0.71,3.7,16.56,12.3,14.44,12.88,79.44,0.05,72.99,3.46,219.87,4.59,219.82
2022,9,27,15,0.75,1.67,2.63,96.62,205.42,14.23,0.31,1.55,16.13,12.22,14.18,12.82,81.25,0.06,72.95,3.18,221.81,4.23,221.7
2022,9,27,16,0.42,0.87,1.67,49.7,104.35,6.71,0.09,0.42,15.27,12.2,13.73,12.82,85.94,0.05,72.95,2.8,220.36,3.77,220.38
2022,9,27,17,0.15,0.21,0.59,19.5,25.35,3.05,0.01,0.05,14,12.36,13.18,12.94,94.31,0.05,72.97,2.2,218.66,3.04,218.64
2022,9,27,18,0,0,0,0,0,0,0,0,12.91,12.65,12.78,13.12,100,0.99,73,1.14,211.84,1.79,211.95
2022,9,27,19,0,0,0,0,0,0,0,0,12.78,12.75,12.76,13.18,100,0.91,73.06,0.91,209.2,1.59,208.84
2022,9,27,20,0,0,0,0,0,0,0,0,12.65,12.75,12.7,13.18,100,0.83,73.1,0.79,211.64,1.52,211.57
2022,9,27,21,0,0,0,0,0,0,0,0,12.39,12.51,12.45,13,100,0.87,73.12,0.74,220.73,1.54,220.89
2022,9,27,22,0,0,0,0,0,0,0,0,12.15,12.15,12.15,12.76,100,0.93,73.11,0.78,233.13,1.58,233.24
2022,9,27,23,0,0,0,0,0,0,0,0,11.9,11.87,11.89,12.51,100,0.94,73.08,0.77,240.83,1.57,241.39
2022,9,28,0,0,0,0,0,0,0,0,0,11.61,11.53,11.57,12.33,100,0.85,73.06,0.73,249.23,1.47,248.77
2022,9,28,1,0,0,0,0,0,0,0,0,11.28,11.1,11.19,12.02,100,0.71,73.03,0.66,261.87,1.28,261.92
2022,9,28,2,0,0,0,0,0,0,0,0,10.76,10.3,10.53,11.6,100,0.53,73,0.69,275.19,1.22,275.16
2022,9,28,3,0,0,0,0,0,0,0,0,10.49,9.71,10.1,11.23,100,0.33,72.97,0.58,292.09,0.94,292.07
2022,9,28,4,0,0,0,0,0,0,0,0,10.44,9.22,9.83,10.99,100,0.24,72.96,0.54,324.46,0.81,325.55
2022,9,28,5,0,0,0,0,0,0,0,0,10.13,8.62,9.37,10.62,99.69,0.17,72.98,0.65,355.18,0.99,355.46
2022,9,28,6,0.12,0.14,0.41,13.92,16.27,2.14,0.01,0.02,10.05,8.3,9.18,10.38,98.31,0.21,73.02,0.69,7.21,1.12,7.62
2022,9,28,7,0.64,0.78,1.49,74.95,93.2,9.59,0.09,0.48,12.2,9.4,10.8,11.05,90.94,0.19,73.09,0.58,16.48,0.76,15.46
2022,9,28,8,1.14,1.55,2.48,141.55,188.15,19.45,0.38,1.88,14.45,9.54,11.99,11.29,80.25,0.17,73.15,1.01,185.8,1.27,186.38
2022,9,28,9,1.61,2.22,3.29,206.92,271.83,29.59,0.8,4.15,15.72,9.81,12.76,11.6,75.69,0.25,73.18,2.04,195.52,2.61,195.78
2022,9,28,10,1.91,2.72,3.87,244.85,333.38,36.09,1.14,5.98,16.51,10.21,13.37,11.84,73.69,0.24,73.17,2.64,203,3.41,203.1
2022,9,28,11,2.05,2.97,4.19,265.48,364.73,39.92,1.35,6.95,16.98,10.82,13.9,12.21,73.44,0.27,73.13,3.04,207.75,3.94,207.63
2022,9,28,12,2.27,3.19,4.21,297.23,398.45,47.14,1.64,8.52,17.12,11.37,14.25,12.45,74.44,0.31,73.06,3.24,212.01,4.22,211.84
2022,9,28,13,2.59,2.91,3.94,329.73,362.27,48.68,1.6,8.42,17.06,11.76,14.41,12.7,75.81,0.42,72.99,3.33,215.44,4.35,215.35
2022,9,28,14,2.05,2.39,3.39,260.88,295.4,37.21,1.05,5.48,16.73,11.94,14.33,12.76,77.81,0.49,72.94,3.31,218.96,4.34,219.01
2022,9,28,15,1.35,1.69,2.61,168.2,206.3,23.18,0.49,2.45,16.2,11.94,14.07,12.7,80.31,0.47,72.91,3.15,221.28,4.17,221.21
2022,9,28,16,0.6,0.89,1.65,70.98,105.9,9.37,0.11,0.55,15.33,11.92,13.62,12.7,84.88,0.48,72.9,2.83,221.08,3.8,221
2022,9,28,17,0.17,0.21,0.57,20,24.65,3.06,0.01,0.05,13.86,12.04,12.94,12.82,94,0.47,72.92,2.13,220.1,2.96,219.96
2022,9,28,18,0,0,0,0,0,0,0,0,12.55,12.31,12.43,12.94,100,0.26,72.96,0.98,216.87,1.61,217.7
2022,9,28,19,0,0,0,0,0,0,0,0,12.38,12.35,12.37,12.94,100,0.26,73.02,0.86,217.28,1.54,218.61
2022,9,28,20,0,0,0,0,0,0,0,0,12.15,12.05,12.1,12.7,100,0.23,73.08,0.81,226.95,1.45,228.06
2022,9,28,21,0,0,0,0,0,0,0,0,11.84,11.6,11.73,12.39,100,0.21,73.11,0.75,242.1,1.32,242.83
2022,9,28,22,0,0,0,0,0,0,0,0,11.29,11.07,11.18,12.08,100,0.16,73.11,0.66,256.95,1.19,256.69
2022,9,28,23,0,0,0,0,0,0,0,0,10.75,10.58,10.67,11.78,100,0.13,73.1,0.67,275.38,1.12,276.38
2022,9,29,0,0,0,0,0,0,0,0,0,10.22,9.95,10.08,11.29,100,0.09,73.09,0.68,304.78,1.21,305.24
2022,9,29,1,0,0,0,0,0,0,0,0,9.62,9.06,9.33,10.74,100,0.07,73.08,0.75,328.63,1.36,328.13
2022,9,29,2,0,0,0,0,0,0,0,0,8.93,7.83,8.37,9.95,100,0.06,73.05,0.87,341.73,1.54,341.11
2022,9,29,3,0,0,0,0,0,0,0,0,8.55,6.49,7.52,9.22,96.44,0.05,73.03,0.98,347.52,1.68,347.38
2022,9,29,4,0,0,0,0,0,0,0,0,8.65,5.28,6.97,8.48,88.44,0.04,73.02,0.99,351.36,1.64,350.94
2022,9,29,5,0,0,0,0,0,0,0,0,8.8,4.19,6.49,7.87,81.44,0.02,73.05,0.96,355.35,1.57,355.14
2022,9,29,6,0.13,0.14,0.4,14.2,16.2,2.14,0.01,0.02,9.22,3.87,6.55,7.75,77.5,0.01,73.09,0.91,358.53,1.49,358.5
2022,9,29,7,0.73,0.8,1.48,83.15,93.6,10.32,0.1,0.5,11.88,5.78,8.83,8.91,74.69,0.01,73.14,0.82,355.64,1.19,356.24
2022,9,29,8,1.44,1.56,2.47,171.42,186.77,22.27,0.41,2.05,14.68,5.19,9.94,8.73,61,0.01,73.19,0.73,231.05,0.92,231.19
2022,9,29,9,2.02,2.24,3.28,245.92,269.92,33.55,0.86,4.35,16,5.82,10.9,9.03,58.19,0.02,73.21,1.95,203.68,2.5,203.76
2022,9,29,10,2.21,2.73,3.86,276.62,329.48,39.45,1.22,6.4,16.89,7.14,12.01,9.77,59.38,0.03,73.2,2.56,202.19,3.32,202.28
2022,9,29,11,2.26,2.96,4.17,286.4,356.9,41.27,1.37,7.05,17.33,8.53,12.93,10.62,62.56,0.05,73.17,2.99,202.61,3.87,202.68
2022,9,29,12,2.4,3.3,4.19,318.2,410,51.73,1.82,9.45,17.44,9.7,13.57,11.35,66.31,0.05,73.12,3.19,204.3,4.14,204.29
2022,9,29,13,1.92,3,3.92,254.6,370.12,40.77,1.34,7.05,17.3,10.46,13.88,11.78,69.69,0.05,73.05,3.27,206.57,4.25,206.42
2022,9,29,14,1.39,2.46,3.38,181.6,302.23,28.08,0.78,4.02,16.9,10.8,13.84,12.02,72.62,0.05,73,3.22,208.43,4.2,208.28
2022,9,29,15,0.86,1.73,2.59,109.92,209.75,16.28,0.34,1.7,16.16,10.89,13.53,12.08,76.44,0.06,72.97,3.01,209.03,3.98,209.03
2022,9,29,16,0.49,0.93,1.63,63.38,111.35,10.45,0.13,0.62,15.12,11.02,13.07,12.15,82.25,0.06,72.97,2.62,208.47,3.5,208.4
2022,9,29,17,0.17,0.2,0.55,20.48,23.67,3.11,0.01,0.05,13.48,11.38,12.43,12.39,93.44,0.06,72.98,1.93,209.37,2.66,209.35
2022,9,29,18,0,0,0,0,0,0,0,0,11.93,11.64,11.78,12.57,100,0.02,73.02,0.73,214.54,1.27,215.25
2022,9,29,19,0,0,0,0,0,0,0,0,11.89,11.62,11.76,12.51,100,0.02,73.08,0.53,225,0.91,226.04
2022,9,29,20,0,0,0,0,0,0,0,0,11.68,11.12,11.4,12.15,100,0.02,73.15,0.39,252.3,0.61,252.03
2022,9,29,21,0,0,0,0,0,0,0,0,11.3,10.53,10.91,11.72,100,0.01,73.19,0.42,302.23,0.72,301.28
2022,9,29,22,0,0,0,0,0,0,0,0,10.99,9.83,10.41,11.29,100,0.01,73.21,0.53,311.42,0.9,310.76
2022,9,29,23,0,0,0,0,0,0,0,0,10.86,9.3,10.08,10.86,97.69,0.01,73.2,0.51,310.03,0.81,311.86
2022,9,30,0,0,0,0,0,0,0,0,0,10.57,8.87,9.72,10.56,96.69,0.01,73.19,0.43,315,0.68,318.26
2022,9,30,1,0,0,0,0,0,0,0,0,10.3,8.44,9.37,10.25,95.88,0.01,73.16,0.47,330.02,0.73,332.61
2022,9,30,2,0,0,0,0,0,0,0,0,9.99,7.91,8.95,9.95,94.75,0.01,73.13,0.58,342.78,0.91,344.05
2022,9,30,3,0,0,0,0,0,0,0,0,9.73,7.32,8.52,9.58,92.88,0,73.11,0.61,352.6,0.97,353.51
2022,9,30,4,0,0,0,0,0,0,0,0,9.51,6.72,8.11,9.22,90.69,0,73.1,0.65,1.38,1.03,2.6
2022,9,30,5,0,0,0,0,0,0,0,0,9.42,6.16,7.79,8.91,87.94,0,73.12,0.69,7.13,1.11,8.47
2022,9,30,6,0.12,0.14,0.39,13.25,15.77,2.03,0.01,0.02,9.67,6.01,7.83,8.79,85.5,0,73.14,0.69,11.82,1.12,13.36
2022,9,30,7,0.65,0.8,1.47,75.62,91.95,9.82,0.1,0.5,12.33,7.69,10.01,9.95,81.06,0,73.19,0.41,11.09,0.63,15.75
2022,9,30,8,1.25,1.56,2.46,149.67,183.2,20.1,0.39,1.9,14.7,8.15,11.43,10.07,70.38,0,73.24,0.94,186.65,1.18,186.84
2022,9,30,9,1.98,2.3,3.27,246.1,277.75,36.5,0.98,5.12,16.05,9,12.52,10.62,67.88,0,73.25,1.97,191.44,2.52,191.62
2022,9,30,10,2.21,2.73,3.85,276.67,327.92,39.35,1.23,6.58,17.05,9.83,13.44,11.23,67.44,0,73.24,2.62,195.9,3.4,196.02
2022,9,30,11,2.35,2.98,4.16,292.58,358.5,42.42,1.41,7.27,17.47,10.68,14.07,11.84,69.31,0.01,73.2,3.05,198.81,3.96,198.86
2022,9,30,12,2.34,3.23,4.18,307.15,399.58,48.9,1.7,8.8,17.55,11.39,14.48,12.33,71.88,0.01,73.15,3.28,202.23,4.28,202.31
2022,9,30,13,1.66,2.91,3.91,218.23,358.08,34.45,1.1,5.77,17.34,11.74,14.54,12.57,74.19,0.02,73.08,3.36,205.73,4.4,205.7
2022,9,30,14,1.27,2.41,3.36,171.35,296.05,28.75,0.81,4.2,16.9,11.82,14.36,12.63,76.38,0.02,73.02,3.31,209.23,4.36,209.18
2022,9,30,15,0.84,1.7,2.58,112.85,206.8,18.73,0.4,1.98,16.23,11.73,13.98,12.57,79.25,0.02,72.99,3.09,210.91,4.09,210.93
2022,9,30,16,0.39,0.88,1.61,50.7,104.88,8.55,0.1,0.5,15.17,11.62,13.39,12.51,84.56,0.02,72.98,2.63,212.13,3.53,212.07
2022,9,30,17,0.13,0.18,0.52,16.35,21.5,2.57,0.01,0.05,13.76,11.71,12.73,12.63,93.44,0.01,72.99,1.85,214.16,2.55,214.03
2022,9,30,18,0,0,0,0,0,0,0,0,12.18,11.98,12.08,12.76,100,0.01,73.02,0.65,217.15,1.19,217.78
2022,9,30,19,0,0,0,0,0,0,0,0,12.15,11.94,12.05,12.7,100,0,73.08,0.51,228.73,0.89,230.32
2022,9,30,20,0,0,0,0,0,0,0,0,12.02,11.55,11.78,12.45,100,0,73.14,0.38,266.5,0.61,267.06
2022,9,30,21,0,0,0,0,0,0,0,0,11.73,11.01,11.37,12.02,100,0,73.18,0.37,311.53,0.56,312.75
2022,9,30,22,0,0,0,0,0,0,0,0,11.3,10.36,10.83,11.6,100,0,73.19,0.35,327.72,0.55,331.98
2022,9,30,23,0,0,0,0,0,0,0,0,10.73,9.82,10.27,11.23,100,0,73.17,0.34,336.97,0.56,343.07
2022,10,1,0,0,0,0,0,0,0,0,0,10.11,9.19,9.65,10.86,100,0,73.15,0.41,344.36,0.74,350.24
2022,10,1,1,0,0,0,0,0,0,0,0,9.69,8.34,9.01,10.31,100,0,73.11,0.54,351.75,1.01,357.78
2022,10,1,2,0,0,0,0,0,0,0,0,9.49,7.42,8.46,9.77,96.31,0,73.06,0.66,357.95,1.2,2.23
2022,10,1,3,0,0,0,0,0,0,0,0,9.48,6.53,8.01,9.28,91.19,0,73.03,0.76,0.59,1.33,3.7
2022,10,1,4,0,0,0,0,0,0,0,0,9.51,5.73,7.62,8.73,85.94,0,73.01,0.83,1.62,1.39,3.56
2022,10,1,5,0,0,0,0,0,0,0,0,9.65,5.04,7.34,8.3,80.75,0,73.02,0.86,1.04,1.39,2.25
2022,10,1,6,0.12,0.12,0.39,13.5,13.65,2.02,0.01,0.02,10.01,4.94,7.48,8.18,77.94,0,73.06,0.82,1.64,1.33,2.69
2022,10,1,7,0.77,0.78,1.46,89.4,91.77,12.31,0.12,0.58,12.79,6.92,9.85,9.46,74.94,0,73.12,0.41,0,0.65,2.07
2022,10,1,8,1.49,1.53,2.45,175.85,182.62,22.74,0.41,2.02,15.52,7.15,11.33,9.77,64.69,0,73.19,1.06,187.59,1.36,187.9
2022,10,1,9,2.25,2.38,3.26,280.7,294.65,40.18,1.04,5.2,16.3,7.92,12.11,10.13,63.81,0,73.22,2.26,187.77,2.93,187.66
2022,10,1,10,2.58,2.92,3.84,329.33,362.3,49.62,1.54,8.02,16.93,9.51,13.22,11.17,67.56,0,73.24,2.72,188.43,3.51,188.44
2022,10,1,11,2.56,3.2,4.15,332.88,397.75,52.05,1.76,9.17,17.23,10.8,14.01,12.02,71.31,0,73.23,2.93,189.66,3.8,189.71
2022,10,1,12,2.44,3.3,4.16,321.52,413.67,53.08,1.84,9.6,17.21,11.69,14.44,12.57,74.62,0,73.18,3.01,193.06,3.89,193.12
2022,10,1,13,2,3.03,3.89,265.23,378.52,43.68,1.41,7.35,17.19,12.19,14.69,12.88,76.5,0,73.11,3.04,196.85,3.96,196.86
2022,10,1,14,1.49,2.51,3.34,200.85,312.05,32.22,0.9,4.62,16.97,12.28,14.62,12.94,77.81,0,73.05,3.09,200.45,4.04,200.47
2022,10,1,15,0.95,1.76,2.56,123.27,217.85,19.18,0.4,1.98,16.48,12.14,14.3,12.82,79.5,0,73.01,2.98,202,3.95,202.05
2022,10,1,16,0.41,0.87,1.59,49.9,102.9,6.84,0.08,0.38,15.52,12.1,13.81,12.82,84.5,0,73,2.64,202.62,3.54,202.55
2022,10,1,17,0.13,0.19,0.5,15.23,21.3,2.41,0.01,0.05,14.07,12.19,13.13,12.94,93.75,0,73.01,1.87,203.14,2.61,203.27
2022,10,1,18,0,0,0,0,0,0,0,0,12.69,12.47,12.58,13.06,100,0,73.04,0.69,202.77,1.24,202.54
2022,10,1,19,0,0,0,0,0,0,0,0,12.65,12.37,12.51,13,100,0,73.08,0.51,206.18,0.89,206.57
2022,10,1,20,0,0,0,0,0,0,0,0,12.52,11.88,12.2,12.63,100,0,73.14,0.28,227.29,0.47,225.67
2022,10,1,21,0,0,0,0,0,0,0,0,12.15,11.52,11.83,12.39,100,0,73.17,0.17,307.41,0.28,291.5
2022,10,1,22,0,0,0,0,0,0,0,0,11.66,10.8,11.23,11.96,100,0,73.16,0.31,329.53,0.5,330.26
2022,10,1,23,0,0,0,0,0,0,0,0,11.12,10.08,10.6,11.47,100,0,73.14,0.46,340.35,0.77,343.41
2022,10,2,0,0,0,0,0,0,0,0,0,10.78,9.28,10.03,10.93,98.75,0,73.11,0.6,346.5,1,348.25
2022,10,2,1,0,0,0,0,0,0,0,0,10.55,8.4,9.48,10.38,94.94,0,73.07,0.72,350.64,1.18,352.03
2022,10,2,2,0,0,0,0,0,0,0,0,10.39,7.46,8.92,9.77,90.44,0,73.03,0.79,354.91,1.28,356.14
2022,10,2,3,0,0,0,0,0,0,0,0,10.24,6.56,8.4,9.22,86,0,72.99,0.82,1.64,1.31,2.39
2022,10,2,4,0,0,0,0,0,0,0,0,10.14,5.76,7.95,8.67,81.88,0,72.99,0.84,6.93,1.34,7.7
2022,10,2,5,0,0,0,0,0,0,0,0,10.07,5.14,7.61,8.3,78.62,0,73.02,0.81,11.09,1.29,11.85
2022,10,2,6,0.13,0.13,0.38,13.77,14.48,2.06,0.01,0.02,10.4,5.08,7.74,8.24,76.5,0,73.07,0.73,15.52,1.18,16.99
2022,10,2,7,0.79,0.83,1.45,91.48,97.55,12.59,0.12,0.58,12.99,7.08,10.03,9.7,75.88,0,73.14,0.32,43.03,0.55,42.11
2022,10,2,8,1.43,1.64,2.44,172.48,198.35,23.71,0.42,2.1,14.97,7.29,11.12,9.95,68.31,0,73.21,1.18,161.09,1.49,161.09
2022,10,2,9,2.11,2.43,3.25,264,299.8,38.89,0.98,4.98,16.14,8.67,12.4,10.74,68.5,0,73.24,1.98,175.01,2.54,175.24
2022,10,2,10,2.69,2.96,3.83,341,366.62,51.38,1.55,8,17.07,10.02,13.55,11.6,69.75,0,73.24,2.44,181.47,3.15,181.71
2022,10,2,11,2.83,3.25,4.13,361.95,402.9,55.93,1.85,9.62,17.59,11.18,14.38,12.39,71.81,0,73.21,2.72,185.45,3.51,185.62
2022,10,2,12,2.71,3.29,4.15,352.08,409.62,56.12,1.89,9.83,17.8,12.03,14.91,12.94,74.06,0,73.14,2.89,189.64,3.75,189.72
2022,10,2,13,2.31,3.04,3.87,299.35,377.75,48.15,1.52,7.95,17.62,12.46,15.04,13.18,76.25,0,73.07,3,193.39,3.9,193.42
2022,10,2,14,1.75,2.53,3.32,227.23,315.12,35.83,0.96,4.9,17.22,12.52,14.87,13.18,78.06,0,73.01,3,196.5,3.93,196.63
2022,10,2,15,1.17,1.82,2.54,149.12,226.48,22.78,0.45,2.25,16.58,12.38,14.48,13.06,80.44,0,72.99,2.83,198.83,3.74,198.89
2022,10,2,16,0.63,0.99,1.57,77.33,121,10.8,0.11,0.55,15.72,12.3,14.01,13,84.62,0,72.99,2.5,200.3,3.34,200.38
2022,10,2,17,0.15,0.2,0.48,17.83,23.48,2.73,0.01,0.05,14.37,12.52,13.44,13.18,93.88,0,73.01,1.81,201.25,2.53,201.34
2022,10,2,18,0,0,0,0,0,0,0,0,13.15,12.77,12.96,13.37,100,0.09,73.05,0.78,206.82,1.3,205.95
2022,10,2,19,0,0,0,0,0,0,0,0,13.05,12.65,12.85,13.24,100,0.11,73.1,0.58,214.55,0.99,214.7
2022,10,2,20,0,0,0,0,0,0,0,0,12.91,12.33,12.62,13,100,0.11,73.15,0.48,224.34,0.8,223.81
2022,10,2,21,0,0,0,0,0,0,0,0,12.78,12.01,12.4,12.82,100,0.1,73.18,0.38,240.26,0.62,237.31
2022,10,2,22,0,0,0,0,0,0,0,0,12.58,11.54,12.05,12.45,100,0.06,73.19,0.36,255.07,0.59,250.6
2022,10,2,23,0,0,0,0,0,0,0,0,12.19,10.88,11.54,12.08,99.25,0.03,73.17,0.36,286.46,0.52,282.99
2022,10,3,0,0,0,0,0,0,0,0,0,11.73,10.27,11.01,11.66,98.62,0,73.14,0.45,322.13,0.66,323.13
2022,10,3,1,0,0,0,0,0,0,0,0,11.12,9.47,10.3,11.11,98,0,73.11,0.59,344.68,0.92,345.73
2022,10,3,2,0,0,0,0,0,0,0,0,10.83,8.68,9.75,10.62,95.38,0,73.08,0.67,355.96,1.04,356.13
2022,10,3,3,0,0,0,0,0,0,0,0,10.6,7.88,9.24,10.13,92.38,0,73.06,0.7,356.14,1.09,356.3
2022,10,3,4,0,0,0,0,0,0,0,0,10.51,7.13,8.82,9.64,88.62,0,73.05,0.75,354.59,1.17,355.01
2022,10,3,5,0,0,0,0,0,0,0,0,10.53,6.5,8.51,9.22,84.62,0,73.06,0.78,356.57,1.23,356.72
2022,10,3,6,0.14,0.14,0.37,14.62,16.62,1.84,0.01,0.02,10.81,6.23,8.52,9.03,81.19,0.01,73.1,0.77,2.34,1.2,2.23
2022,10,3,7,0.88,0.88,1.44,107.17,109.8,12.05,0.11,0.55,13.06,8.22,10.64,10.31,80.38,0.01,73.17,0.59,0.75,0.85,0.53
2022,10,3,8,1.69,1.68,2.43,211.67,213.33,26.16,0.47,2.33,15.29,7.84,11.56,10.44,70.12,0.01,73.24,0.89,197.96,1.11,198.05
2022,10,3,9,2.29,2.37,3.24,290.85,300.73,38.14,0.97,4.88,16.32,8.6,12.46,10.86,68.62,0.01,73.28,2,186.04,2.56,186.13
2022,10,3,10,2.62,2.9,3.81,332.73,364.52,45.47,1.39,7.27,17.08,9.73,13.4,11.54,69.31,0.03,73.3,2.47,184,3.18,184.09
2022,10,3,11,2.86,3.19,4.12,361.02,398.77,50.44,1.7,8.77,17.51,10.76,14.13,12.21,71.19,0.09,73.29,2.76,185.68,3.58,185.64
2022,10,3,12,2.55,3.23,4.13,321.62,402.27,45.88,1.57,8.1,17.65,11.76,14.7,12.76,73.94,0.22,73.25,3,188.7,3.9,188.75
2022,10,3,13,2.7,2.95,3.85,338.33,366.35,46.6,1.49,7.92,17.49,12.5,15,13.18,77.06,0.32,73.2,3.08,191.99,4.03,191.96
2022,10,3,14,2.17,2.4,3.3,268.83,296.42,36.14,0.98,5.17,17.08,12.86,14.98,13.37,80.12,0.46,73.14,3.08,193.47,4.08,193.5
2022,10,3,15,1.07,1.64,2.52,131.48,199.52,17.91,0.37,1.8,16.07,13.06,14.57,13.55,86.44,0.58,73.12,2.91,194.6,3.91,194.56
2022,10,3,16,0.69,0.86,1.55,82.58,101.98,10.58,0.12,0.6,15.04,13.22,14.12,13.67,93.25,0.67,73.14,2.5,195.6,3.4,195.6
2022,10,3,17,0.13,0.16,0.47,14.77,18.38,2.01,0.01,0.02,14.13,13.38,13.76,13.79,99.94,0.74,73.16,1.83,195.64,2.57,195.51
2022,10,3,18,0,0,0,0,0,0,0,0,13.8,13.58,13.69,13.98,100,0.98,73.21,1.12,194.52,1.73,193.85
2022,10,3,19,0,0,0,0,0,0,0,0,13.81,13.63,13.73,13.98,100,1.04,73.27,1.17,192.36,1.83,192.08
2022,10,3,20,0,0,0,0,0,0,0,0,13.68,13.53,13.6,13.85,100,1.01,73.34,1.23,191.02,1.94,190.9
2022,10,3,21,0,0,0,0,0,0,0,0,13.32,13.14,13.23,13.55,100,0.88,73.38,1.22,192.61,1.91,192.27
2022,10,3,22,0,0,0,0,0,0,0,0,12.62,12.48,12.55,13.06,100,0.65,73.41,0.98,203.08,1.52,199.46
2022,10,3,23,0,0,0,0,0,0,0,0,12.19,11.83,12.01,12.63,100,0.41,73.42,0.7,217.26,1.13,207.28
2022,10,4,0,0,0,0,0,0,0,0,0,11.88,11.51,11.7,12.45,100,0.27,73.4,0.66,221.19,1.07,211.25
2022,10,4,1,0,0,0,0,0,0,0,0,11.83,11.44,11.64,12.33,100,0.18,73.37,0.54,213.23,0.97,205.74
2022,10,4,2,0,0,0,0,0,0,0,0,11.69,11.41,11.55,12.33,100,0.16,73.33,0.48,193.13,0.92,188.75
2022,10,4,3,0,0,0,0,0,0,0,0,11.51,11.2,11.36,12.15,100,0.17,73.32,0.53,174.88,1.03,172.61
2022,10,4,4,0,0,0,0,0,0,0,0,11.31,11.08,11.2,12.02,100,0.19,73.32,0.73,163.12,1.37,162.7
2022,10,4,5,0,0,0,0,0,0,0,0,11.11,10.77,10.94,11.72,100,0.14,73.35,0.67,167.11,1.17,164.95
2022,10,4,6,0.07,0.12,0.36,7.58,14.25,1.09,0.01,0.02,11.03,10.42,10.73,11.41,100,0.12,73.4,0.45,174.99,0.67,172.63
2022,10,4,7,0.29,0.81,1.43,35.83,99.67,4.91,0.05,0.27,11.47,10.36,10.91,11.35,98.31,0.18,73.47,0.16,180,0.22,177.95
2022,10,4,8,0.51,1.61,2.42,64.05,203.23,9.55,0.21,1.02,12.37,10.61,11.49,11.47,93.56,0.3,73.54,0.43,133.53,0.56,136.12
2022,10,4,9,0.76,2.32,3.22,99.05,293.38,14.85,0.44,2.3,13.53,11.1,12.31,11.78,89.19,0.35,73.56,1.37,146.67,1.77,147.65
2022,10,4,10,0.88,2.83,3.8,122.52,357.05,18.66,0.65,3.55,14.81,11.49,13.15,12.08,84.31,0.44,73.54,2.18,154.81,2.83,155.06
2022,10,4,11,0.92,3.09,4.1,122.65,388.42,18.46,0.67,3.4,15.48,11.79,13.63,12.33,82.31,0.57,73.51,2.81,164.84,3.67,165.08
2022,10,4,12,1.02,3.1,4.12,141.35,389.6,21.54,0.78,3.98,15.59,11.98,13.79,12.51,82.56,0.67,73.45,3.1,171.6,4.08,171.75
2022,10,4,13,0.61,2.82,3.84,82.73,354.92,12.45,0.41,2.25,15.37,11.98,13.68,12.51,83.62,0.73,73.39,3.17,176.47,4.19,176.58
2022,10,4,14,0.58,2.31,3.28,81.08,290.85,12.34,0.38,2.02,14.9,11.88,13.39,12.39,85.62,0.75,73.33,3.07,180.15,4.09,180.33
2022,10,4,15,0.45,1.62,2.5,60.08,202.05,9.07,0.2,1.02,14.03,11.76,12.9,12.33,89.81,0.73,73.32,2.8,181.92,3.75,182.15
2022,10,4,16,0.29,0.83,1.53,35.17,100.7,5.14,0.06,0.33,13.15,11.58,12.37,12.15,94,0.69,73.34,2.28,182.16,3.07,182.48
2022,10,4,17,0.08,0.15,0.45,8.17,17.73,1.2,0.01,0.02,12.32,11.36,11.83,11.96,97.88,0.66,73.37,1.54,181.74,2.13,181.89
2022,10,4,18,0,0,0,0,0,0,0,0,11.67,11.15,11.41,11.84,100,0.6,73.41,0.82,181.09,1.16,180
2022,10,4,19,0,0,0,0,0,0,0,0,11.35,10.87,11.11,11.66,100,0.52,73.46,0.47,171.47,0.58,164.27
2022,10,4,20,0,0,0,0,0,0,0,0,11.01,10.54,10.77,11.41,100,0.48,73.51,0.32,152.82,0.38,123.37
2022,10,4,21,0,0,0,0,0,0,0,0,10.7,10.09,10.4,11.11,100,0.58,73.51,0.22,124.82,0.4,82.18
2022,10,4,22,0,0,0,0,0,0,0,0,10.51,9.65,10.08,10.74,99.38,0.71,73.5,0.22,85.91,0.49,65.48
2022,10,4,23,0,0,0,0,0,0,0,0,10.37,9.37,9.87,10.56,98.44,0.88,73.48,0.24,69.23,0.53,55.84
2022,10,5,0,0,0,0,0,0,0,0,0,10.16,9.09,9.63,10.38,98,0.96,73.45,0.24,46.33,0.5,40.6
2022,10,5,1,0,0,0,0,0,0,0,0,9.98,8.86,9.42,10.19,97.62,0.85,73.42,0.24,29.05,0.51,24.23
2022,10,5,2,0,0,0,0,0,0,0,0,9.87,8.58,9.23,10.01,96.56,0.57,73.39,0.24,14.93,0.52,14.04
2022,10,5,3,0,0,0,0,0,0,0,0,9.73,8.35,9.04,9.89,95.88,0.37,73.37,0.33,12.38,0.66,11.58
2022,10,5,4,0,0,0,0,0,0,0,0,9.7,8.13,8.91,9.77,94.88,0.35,73.36,0.34,11.82,0.73,10.47
2022,10,5,5,0,0,0,0,0,0,0,0,9.78,8.05,8.92,9.7,93.94,0.42,73.39,0.35,7.77,0.73,6.75
2022,10,5,6,0.06,0.13,0.36,5.58,14.62,0.84,0,0.02,9.89,8.24,9.07,9.83,94.56,0.58,73.45,0.31,4.4,0.67,3.33
2022,10,5,7,0.14,0.83,1.42,15.55,102.15,2.41,0.03,0.15,10.97,9.32,10.14,10.62,95,0.68,73.52,0.09,349.7,0.27,356.73
2022,10,5,8,0.38,1.64,2.41,47.5,206.15,7.27,0.16,0.8,12.2,9.65,10.93,10.74,88.75,0.74,73.58,0.26,173.09,0.29,169.29
2022,10,5,9,0.74,2.34,3.21,96.05,295.33,14.43,0.43,2.25,13.24,9.4,11.32,10.44,80.88,0.71,73.61,0.81,179.45,1.07,180
2022,10,5,10,1.05,2.85,3.79,142.7,359.25,21.93,0.77,4.12,13.91,9.52,11.72,10.56,77.94,0.66,73.59,1.31,185.13,1.7,185.82
2022,10,5,11,1.35,3.11,4.09,180.7,392.48,27.16,1,5.1,14.58,9.91,12.25,10.8,76.56,0.64,73.55,1.89,191.45,2.45,191.95
2022,10,5,12,1.56,3.11,4.1,202.15,393.23,29.41,1.08,5.52,14.87,10.37,12.62,11.17,77.62,0.64,73.49,2.33,196.98,3.03,197.08
2022,10,5,13,1.39,2.83,3.82,185,357.27,27.28,0.93,5.02,14.66,10.76,12.71,11.54,80.81,0.62,73.43,2.6,200.94,3.42,201.05
2022,10,5,14,1.16,2.33,3.27,150,292.17,21.77,0.63,3.38,14.21,10.99,12.6,11.72,84.62,0.56,73.38,2.55,204.05,3.36,204.18
2022,10,5,15,0.75,1.64,2.48,97.02,205.05,14.09,0.31,1.58,13.67,11.07,12.37,11.78,88.12,0.51,73.35,2.26,204.26,2.99,204.02
2022,10,5,16,0.44,0.85,1.51,53.77,103.8,7.5,0.09,0.45,13.04,11.04,12.04,11.78,91.75,0.49,73.34,1.82,203.81,2.43,203.68
2022,10,5,17,0.09,0.15,0.43,9.9,17.62,1.36,0.01,0.02,12.19,11.05,11.62,11.78,97.19,0.45,73.36,1.25,206.4,1.72,206.21
2022,10,5,18,0,0,0,0,0,0,0,0,11.52,11.01,11.26,11.78,100,0.34,73.39,0.62,216.29,0.88,217.79
2022,10,5,19,0,0,0,0,0,0,0,0,11.22,10.78,11,11.6,100,0.28,73.45,0.33,228.81,0.41,242.95
2022,10,5,20,0,0,0,0,0,0,0,0,10.72,10.36,10.54,11.29,100,0.25,73.51,0.23,246.04,0.31,293.96
2022,10,5,21,0,0,0,0,0,0,0,0,10.28,9.74,10.01,10.86,100,0.26,73.54,0.27,284.83,0.54,318.5
2022,10,5,22,0,0,0,0,0,0,0,0,10.43,9.28,9.86,10.5,97.56,0.23,73.54,0.35,288.03,0.58,302.83
2022,10,5,23,0,0,0,0,0,0,0,0,10.58,9.06,9.83,10.31,94.81,0.19,73.51,0.39,274.57,0.59,279.09
2022,10,6,0,0,0,0,0,0,0,0,0,10.4,8.91,9.65,10.19,95.19,0.18,73.48,0.41,276.58,0.65,276.87
2022,10,6,1,0,0,0,0,0,0,0,0,10.24,8.86,9.55,10.19,95.75,0.19,73.44,0.46,276.88,0.74,277.28
2022,10,6,2,0,0,0,0,0,0,0,0,10.03,8.73,9.38,10.13,96.38,0.21,73.4,0.46,293.07,0.78,290.42
2022,10,6,3,0,0,0,0,0,0,0,0,9.73,8.52,9.12,10.01,97.25,0.23,73.37,0.45,308.66,0.78,305.6
2022,10,6,4,0,0,0,0,0,0,0,0,9.55,8.41,8.98,9.95,97.81,0.25,73.37,0.43,325.44,0.77,326.15
2022,10,6,5,0,0,0,0,0,0,0,0,9.45,8.27,8.86,9.89,97.88,0.26,73.4,0.42,331.99,0.77,335.51
2022,10,6,6,0.07,0.1,0.35,6.48,12.02,0.93,0,0.02,9.44,8.32,8.87,9.89,98.44,0.22,73.45,0.41,337.38,0.82,341.05
2022,10,6,7,0.21,0.74,1.41,25.3,89.17,3.57,0.04,0.2,10.48,8.97,9.73,10.38,96.06,0.17,73.52,0.45,327.68,0.72,335.1
2022,10,6,8,0.48,1.57,2.4,59.55,195.52,8.84,0.2,0.95,12.05,9.34,10.69,10.56,88.38,0.13,73.58,0.32,265.82,0.42,276.46
2022,10,6,9,0.64,2.29,3.2,86.77,287.5,13.04,0.38,1.98,13.73,8.91,11.32,10.13,76,0.12,73.6,1.07,220.87,1.38,221.09
2022,10,6,10,1,2.81,3.77,135.12,353.52,20.29,0.69,3.77,14.63,9.4,12.01,10.5,74.06,0.1,73.59,1.9,209.63,2.43,209.7
2022,10,6,11,1.08,3.08,4.08,145.52,386.3,21.93,0.78,4,15.45,9.87,12.66,10.86,72.62,0.11,73.54,2.39,207.91,3.08,208.12
2022,10,6,12,1.08,3.1,4.09,146.23,387.95,22.08,0.8,4.08,15.84,10.34,13.09,11.23,73.12,0.11,73.48,2.68,206.86,3.49,207.02
2022,10,6,13,1.13,2.84,3.8,150,353.58,22.52,0.77,4.17,15.83,10.69,13.26,11.54,75.12,0.12,73.41,2.85,206.85,3.72,206.94
2022,10,6,14,1.12,2.35,3.25,143.65,291.73,20.79,0.61,3.23,15.46,10.96,13.21,11.78,78.38,0.14,73.35,2.87,207.96,3.76,208
2022,10,6,15,0.76,1.63,2.46,95.52,199.65,13.55,0.3,1.48,14.74,11.08,12.9,11.84,82.75,0.15,73.32,2.62,209.24,3.47,209.28
2022,10,6,16,0.38,0.81,1.48,45.17,95.73,6.32,0.08,0.38,13.83,11.1,12.47,11.9,87.94,0.11,73.32,2.18,211.81,2.91,211.81
2022,10,6,17,0.1,0.14,0.41,11.02,15.45,1.54,0.01,0.02,12.6,11.18,11.89,11.96,96,0.09,73.33,1.53,215.88,2.11,215.98
2022,10,6,18,0,0,0,0,0,0,0,0,11.67,11.25,11.46,12.02,100,0.04,73.36,0.72,226.31,1.13,225.84
2022,10,6,19,0,0,0,0,0,0,0,0,11.51,11.18,11.34,11.96,100,0.03,73.42,0.49,239.35,0.81,239.23
2022,10,6,20,0,0,0,0,0,0,0,0,11.29,11.01,11.15,11.84,100,0.03,73.48,0.42,246.8,0.69,246.63
2022,10,6,21,0,0,0,0,0,0,0,0,11.05,10.72,10.88,11.66,100,0.04,73.52,0.46,253.39,0.76,253.97
2022,10,6,22,0,0,0,0,0,0,0,0,10.81,10.39,10.6,11.41,100,0.05,73.53,0.5,264.64,0.82,265.1
2022,10,6,23,0,0,0,0,0,0,0,0,10.48,10.05,10.26,11.23,100,0.06,73.51,0.52,282.15,0.86,282.13
2022,10,7,0,0,0,0,0,0,0,0,0,10.3,9.78,10.04,11.05,100,0.06,73.48,0.57,296.92,0.95,297.41
2022,10,7,1,0,0,0,0,0,0,0,0,10.13,9.51,9.82,10.86,100,0.05,73.44,0.58,302.83,1.04,302.37
2022,10,7,2,0,0,0,0,0,0,0,0,10.04,9.27,9.65,10.68,100,0.05,73.4,0.6,303.27,1.12,303.02
2022,10,7,3,0,0,0,0,0,0,0,0,10.04,8.91,9.48,10.44,99.44,0.04,73.37,0.62,306.29,1.07,306.37
2022,10,7,4,0,0,0,0,0,0,0,0,10.1,8.63,9.37,10.25,97.19,0.04,73.36,0.6,302.87,0.98,303.56
2022,10,7,5,0,0,0,0,0,0,0,0,10.11,8.44,9.27,10.13,95.81,0.06,73.38,0.58,299.65,0.92,300.47
2022,10,7,6,0.1,0.1,0.34,9.92,10.85,1.34,0.01,0.02,10.18,8.4,9.29,10.07,95.12,0.07,73.41,0.57,300.43,0.91,300.96
2022,10,7,7,0.62,0.67,1.4,71.3,77.95,9.13,0.09,0.45,11.7,9.71,10.71,11.05,94.25,0.08,73.46,0.72,278.13,1.03,280.03
2022,10,7,8,1.07,1.45,2.39,129.7,174.25,17.34,0.34,1.67,13.25,10.19,11.72,11.41,87.94,0.1,73.51,1.42,240.76,1.85,240.95
2022,10,7,9,1.62,2.19,3.19,202.02,268.1,27.45,0.73,3.8,14.19,10.8,12.49,11.84,85.94,0.12,73.53,2.11,223.8,2.76,223.74
2022,10,7,10,2.06,2.74,3.76,259.15,337.95,35.78,1.14,6.1,14.89,11.08,12.98,12.02,83.38,0.14,73.51,2.61,218.69,3.42,218.6
2022,10,7,11,2.28,3.03,4.06,287.35,375.8,40.35,1.38,7.23,15.26,11.24,13.25,12.08,81.75,0.16,73.46,2.98,217.65,3.93,217.58
2022,10,7,12,2.12,3.07,4.07,268.05,382.25,37.89,1.32,6.83,15.33,11.39,13.36,12.15,81.5,0.16,73.39,3.13,219.22,4.13,219.24
2022,10,7,13,1.48,2.78,3.79,191.1,345.27,27.28,0.88,4.67,15.3,11.45,13.37,12.15,81.75,0.13,73.3,3.17,221.11,4.2,221.01
2022,10,7,14,0.9,2.29,3.23,117.2,283.45,17.02,0.48,2.52,15.12,11.44,13.28,12.15,82.5,0.09,73.23,3.13,223.28,4.18,223.18
2022,10,7,15,0.64,1.59,2.44,81.12,194.17,11.63,0.25,1.23,14.7,11.37,13.04,12.08,84.38,0.06,73.2,2.91,223.48,3.9,223.38
2022,10,7,16,0.32,0.79,1.46,38.3,93.75,5.36,0.06,0.3,13.81,11.38,12.6,12.15,89.62,0.04,73.2,2.48,224.23,3.36,224.25
2022,10,7,17,0.06,0.13,0.39,6.52,14.65,0.95,0,0.02,12.68,11.49,12.08,12.21,97.44,0.03,73.22,1.74,226.82,2.44,226.95
2022,10,7,18,0,0,0,0,0,0,0,0,11.78,11.62,11.7,12.33,100,0.07,73.26,0.71,223.67,1.29,226.23
2022,10,7,19,0,0,0,0,0,0,0,0,11.76,11.7,11.73,12.33,100,0.06,73.31,0.66,223.09,1.24,225.51
2022,10,7,20,0,0,0,0,0,0,0,0,11.69,11.72,11.7,12.33,100,0.06,73.36,0.6,221.33,1.16,221.99
2022,10,7,21,0,0,0,0,0,0,0,0,11.52,11.59,11.56,12.27,100,0.06,73.4,0.6,226.06,1.19,226.06
2022,10,7,22,0,0,0,0,0,0,0,0,11.42,11.47,11.44,12.15,100,0.06,73.41,0.62,226.52,1.23,227.06
2022,10,7,23,0,0,0,0,0,0,0,0,11.28,11.32,11.3,12.02,100,0.05,73.4,0.64,227.49,1.24,227.8
2022,10,8,0,0,0,0,0,0,0,0,0,11.11,11.17,11.14,11.9,100,0.04,73.38,0.62,228.07,1.23,228.09
2022,10,8,1,0,0,0,0,0,0,0,0,10.91,10.98,10.94,11.78,100,0.03,73.34,0.61,229.16,1.21,228.92
2022,10,8,2,0,0,0,0,0,0,0,0,10.73,10.69,10.71,11.6,100,0.02,73.3,0.57,235.01,1.07,235.15
2022,10,8,3,0,0,0,0,0,0,0,0,10.68,10.49,10.58,11.47,100,0.01,73.28,0.47,241.31,0.79,242.43
2022,10,8,4,0,0,0,0,0,0,0,0,10.58,10.23,10.4,11.29,100,0.01,73.28,0.37,251.57,0.6,253.23
2022,10,8,5,0,0,0,0,0,0,0,0,10.56,9.98,10.27,11.17,100,0.01,73.3,0.35,263.52,0.52,264.81
2022,10,8,6,0.11,0.11,0.33,11.12,12.55,1.52,0.01,0.02,10.51,9.73,10.12,10.99,100,0,73.35,0.37,288.43,0.55,288.95
2022,10,8,7,0.66,0.78,1.39,78.27,92.55,10.03,0.1,0.5,11.46,10.07,10.76,11.29,97.75,0,73.42,0.53,278.49,0.68,279.25
2022,10,8,8,1.19,1.54,2.37,144.83,187.9,19.23,0.38,1.85,13.19,10.21,11.7,11.35,87.88,0,73.48,1.08,241.59,1.38,240.82
2022,10,8,9,1.71,2.23,3.18,211.17,274.58,28.42,0.75,3.8,14.78,10.57,12.67,11.6,81,0.01,73.51,1.99,222.77,2.57,222.41
2022,10,8,10,2.16,2.76,3.75,269.83,341.5,37.76,1.2,6.42,15.74,10.98,13.36,11.9,77.88,0.02,73.5,2.78,216.77,3.63,216.6
2022,10,8,11,2.11,3.04,4.05,265.23,376.05,37.62,1.29,6.75,16.09,11.46,13.77,12.21,78.19,0.04,73.46,3.32,216.76,4.36,216.77
2022,10,8,12,1.97,3.12,4.05,252.8,390.12,36.77,1.28,6.67,16.22,11.73,13.98,12.39,78.75,0.1,73.38,3.62,218.78,4.78,218.76
2022,10,8,13,1.63,2.86,3.77,209.95,357.85,30.48,1,5.45,16.12,11.8,13.96,12.45,79.44,0.16,73.29,3.72,220.99,4.93,220.89
2022,10,8,14,1.06,2.36,3.21,137.23,295.42,20.03,0.57,2.98,15.87,11.72,13.8,12.39,80.31,0.22,73.22,3.7,222.86,4.95,222.83
2022,10,8,15,0.75,1.66,2.42,94.08,207.75,13.44,0.28,1.38,15.33,11.65,13.49,12.39,82.88,0.26,73.19,3.43,223.06,4.63,223.02
2022,10,8,16,0.33,0.86,1.44,39.52,105.25,5.28,0.05,0.27,14.41,11.69,13.05,12.39,88.31,0.33,73.2,2.9,222.49,3.96,222.44
2022,10,8,17,0.1,0.14,0.38,10.48,15.8,1.46,0.01,0.02,13.04,11.87,12.46,12.57,97.94,0.36,73.22,1.98,221.31,2.79,221.37
2022,10,8,18,0,0,0,0,0,0,0,0,12.15,11.95,12.05,12.63,100,0.79,73.26,0.99,219.23,1.66,219.67
2022,10,8,19,0,0,0,0,0,0,0,0,11.99,11.94,11.96,12.57,100,0.68,73.32,0.78,219.73,1.43,220.8
2022,10,8,20,0,0,0,0,0,0,0,0,11.79,11.74,11.76,12.39,100,0.53,73.39,0.69,221.79,1.31,222.09
2022,10,8,21,0,0,0,0,0,0,0,0,11.51,11.42,11.47,12.15,100,0.45,73.44,0.64,235.92,1.22,236
2022,10,8,22,0,0,0,0,0,0,0,0,11.27,11.02,11.15,11.9,100,0.3,73.45,0.67,259.22,1.21,259.56
2022,10,8,23,0,0,0,0,0,0,0,0,10.9,10.51,10.71,11.54,100,0.22,73.43,0.7,287.43,1.26,287.65
2022,10,9,0,0,0,0,0,0,0,0,0,10.4,9.85,10.12,11.11,100,0.19,73.4,0.69,307.65,1.33,308.08
2022,10,9,1,0,0,0,0,0,0,0,0,10.12,8.98,9.55,10.56,99.69,0.15,73.36,0.77,311.3,1.34,311.22
2022,10,9,2,0,0,0,0,0,0,0,0,10.04,8.4,9.22,10.13,96.56,0.13,73.32,0.73,307.12,1.15,307.02
2022,10,9,3,0,0,0,0,0,0,0,0,9.96,8.07,9.01,9.95,95.12,0.12,73.29,0.62,308.32,0.93,308.21
2022,10,9,4,0,0,0,0,0,0,0,0,9.87,7.87,8.87,9.83,94.62,0.14,73.3,0.54,317.34,0.81,317.73
2022,10,9,5,0,0,0,0,0,0,0,0,9.83,7.66,8.75,9.7,93.62,0.15,73.35,0.51,315,0.76,315.83
2022,10,9,6,0.1,0.1,0.33,10,11.05,1.35,0.01,0.02,9.79,7.58,8.69,9.64,93.44,0.2,73.42,0.51,301.26,0.8,303.38
2022,10,9,7,0.67,0.69,1.38,77.98,80.5,9.82,0.09,0.45,11.19,8.99,10.09,10.62,93.62,0.24,73.51,0.74,274.26,1.04,276.48
2022,10,9,8,1.29,1.45,2.36,155.35,174.95,20.09,0.38,1.83,12.61,9.76,11.19,11.17,89.75,0.27,73.59,1.61,245.92,2.09,246.02
2022,10,9,9,1.79,2.17,3.16,221.77,266.15,29.77,0.77,3.95,14.13,10.42,12.27,11.66,84.75,0.3,73.62,2.11,236.19,2.71,236.04
2022,10,9,10,1.73,2.69,3.73,220.1,332.95,31.09,0.96,5.15,15.28,10.63,12.95,11.78,79.75,0.36,73.6,2.58,227.21,3.34,227.18
2022,10,9,11,1.88,2.99,4.03,239.58,370.85,34.17,1.15,5.95,15.78,11.05,13.41,12.02,78.81,0.47,73.56,3.03,222.17,3.97,222.05
2022,10,9,12,1.86,3.04,4.04,237.75,380.95,34.2,1.16,5.98,15.83,11.4,13.62,12.27,79.75,0.7,73.5,3.31,221.94,4.36,221.95
2022,10,9,13,1.27,2.8,3.75,164.5,349.08,24,0.77,4.15,15.76,11.56,13.66,12.33,80.69,0.97,73.42,3.48,223.27,4.61,223.21
2022,10,9,14,0.92,2.3,3.19,116.3,285.83,17.11,0.48,2.48,15.51,11.51,13.51,12.27,81.5,1.05,73.36,3.52,224.46,4.71,224.46
2022,10,9,15,0.61,1.58,2.4,77.45,195.9,11.08,0.23,1.1,14.9,11.48,13.19,12.27,84.62,1.13,73.34,3.36,223.97,4.54,223.95
2022,10,9,16,0.32,0.79,1.42,38.88,95.02,5.44,0.05,0.27,13.92,11.5,12.71,12.33,90.56,1.15,73.36,2.94,224.57,4,224.53
2022,10,9,17,0.08,0.12,0.36,8.55,13.6,1.2,0.01,0.02,12.62,11.58,12.1,12.45,99.56,1.08,73.39,2.06,224.54,2.92,224.57
2022,10,9,18,0,0,0,0,0,0,0,0,11.65,11.53,11.59,12.33,100,0.82,73.44,1.07,223.82,1.81,223.77
2022,10,9,19,0,0,0,0,0,0,0,0,11.44,11.38,11.41,12.21,100,0.67,73.51,0.95,228.68,1.69,228.56
2022,10,9,20,0,0,0,0,0,0,0,0,11.17,11.15,11.16,12.02,100,0.5,73.58,0.77,231.16,1.48,231.01
2022,10,9,21,0,0,0,0,0,0,0,0,10.94,10.92,10.93,11.84,100,0.36,73.61,0.73,239.88,1.43,239.52
2022,10,9,22,0,0,0,0,0,0,0,0,10.64,10.58,10.61,11.54,100,0.28,73.62,0.72,252.94,1.44,253.24
2022,10,9,23,0,0,0,0,0,0,0,0,10.34,10.2,10.27,11.29,100,0.19,73.6,0.72,266.89,1.42,266.84
2022,10,10,0,0,0,0,0,0,0,0,0,10.08,9.77,9.93,10.99,100,0.16,73.57,0.78,284.45,1.45,284.71
2022,10,10,1,0,0,0,0,0,0,0,0,9.75,9.19,9.47,10.56,100,0.17,73.52,0.76,300.26,1.44,300.05
2022,10,10,2,0,0,0,0,0,0,0,0,9.42,8.51,8.97,10.13,100,0.18,73.48,0.78,312.16,1.45,311.51
2022,10,10,3,0,0,0,0,0,0,0,0,9.4,8.05,8.73,9.77,97.44,0.2,73.45,0.75,319.66,1.32,318.37
2022,10,10,4,0,0,0,0,0,0,0,0,9.35,7.73,8.54,9.58,95.62,0.21,73.45,0.68,324.31,1.17,322.59
2022,10,10,5,0,0,0,0,0,0,0,0,9.13,7.42,8.28,9.34,94.75,0.21,73.47,0.62,326.31,1.04,325.36
2022,10,10,6,0.09,0.09,0.32,8.83,10.7,1.22,0.01,0.02,9.12,7.32,8.22,9.28,94,0.14,73.51,0.56,333.43,0.94,331.08
2022,10,10,7,0.61,0.69,1.37,73.42,82.6,9.53,0.09,0.45,10.99,8.88,9.94,10.38,92.75,0.09,73.56,0.6,310.76,0.87,315
2022,10,10,8,1.06,1.47,2.35,129.38,179.95,17.54,0.34,1.65,13.05,9.15,11.1,10.31,80.94,0.06,73.62,1.32,245.56,1.74,245.62
2022,10,10,9,1.43,2.19,3.15,178.48,270.3,24.85,0.66,3.4,14.06,9.78,11.92,10.74,78.62,0.06,73.65,2.44,222.93,3.21,222.83
2022,10,10,10,1.91,2.7,3.72,240.42,335.6,33.77,1.04,5.6,14.77,10.16,12.47,11.05,77.19,0.08,73.65,3.24,219.42,4.27,219.43
2022,10,10,11,2.04,2.98,4.02,259.08,371.15,36.58,1.22,6.33,15.15,10.56,12.86,11.35,77.38,0.16,73.6,3.64,220.12,4.8,220.12
2022,10,10,12,2.03,3.12,4.02,261.42,396.83,38.09,1.3,6.7,15.34,10.84,13.09,11.54,77.81,0.28,73.53,3.77,221.22,4.99,221.25
2022,10,10,13,1.56,2.83,3.73,199.17,358.95,28.91,0.9,4.85,15.37,10.92,13.15,11.6,78,0.33,73.45,3.78,221.56,5.02,221.53
2022,10,10,14,1.4,2.32,3.17,177.83,293.95,25.45,0.68,3.55,15.15,10.97,13.06,11.66,79.31,0.35,73.39,3.71,221.84,4.96,221.87
2022,10,10,15,0.84,1.6,2.38,104.92,200.48,14.84,0.29,1.42,14.55,10.92,12.73,11.6,82.06,0.37,73.35,3.52,221.68,4.75,221.66
2022,10,10,16,0.36,0.78,1.4,44.58,94.27,6.19,0.06,0.3,13.51,10.78,12.14,11.54,87.12,0.41,73.33,2.97,221.37,4.05,221.4
2022,10,10,17,0.08,0.11,0.34,8.38,13.08,1.17,0,0.02,12.06,10.82,11.44,11.6,96.31,0.44,73.34,1.9,217.67,2.7,217.6
2022,10,10,18,0,0,0,0,0,0,0,0,11.15,10.76,10.96,11.54,100,0.09,73.36,1.02,219.07,1.62,217.75
2022,10,10,19,0,0,0,0,0,0,0,0,10.89,10.65,10.77,11.47,100,0.07,73.4,0.78,220.91,1.35,219.38
2022,10,10,20,0,0,0,0,0,0,0,0,10.6,10.46,10.53,11.35,100,0.06,73.43,0.67,220.24,1.2,219.18
2022,10,10,21,0,0,0,0,0,0,0,0,10.32,10.09,10.2,11.11,100,0.07,73.46,0.66,234.62,1.15,234.37
2022,10,10,22,0,0,0,0,0,0,0,0,10.09,9.66,9.87,10.8,100,0.12,73.47,0.72,256.26,1.2,256.87
2022,10,10,23,0,0,0,0,0,0,0,0,9.57,9.12,9.35,10.5,100,0.12,73.44,0.64,275.64,1.23,275.46
2022,10,11,0,0,0,0,0,0,0,0,0,9.09,8.5,8.8,10.13,100,0.08,73.4,0.68,285.95,1.36,285.31
2022,10,11,1,0,0,0,0,0,0,0,0,8.79,7.82,8.3,9.7,100,0.04,73.35,0.78,288.8,1.42,288.24
2022,10,11,2,0,0,0,0,0,0,0,0,8.58,7.35,7.97,9.4,98.75,0.03,73.3,0.8,291.28,1.38,291.2
2022,10,11,3,0,0,0,0,0,0,0,0,8.43,7.05,7.73,9.22,97.81,0.03,73.26,0.78,299.89,1.36,299.66
2022,10,11,4,0,0,0,0,0,0,0,0,8.24,6.66,7.45,9.03,96.69,0.03,73.24,0.79,311.4,1.36,311.28
2022,10,11,5,0,0,0,0,0,0,0,0,8.19,6.29,7.24,8.79,94.62,0.03,73.26,0.78,322.33,1.31,322.03
2022,10,11,6,0.09,0.09,0.31,9.05,10.17,1.23,0.01,0.02,8.35,6.15,7.25,8.67,92.69,0.02,73.3,0.73,330.71,1.25,331.68
2022,10,11,7,0.65,0.68,1.36,75.52,79.35,9.49,0.09,0.42,10.5,7.75,9.12,9.64,89.19,0.04,73.34,0.73,325.46,1.12,328.97
2022,10,11,8,1.27,1.44,2.34,152.95,173.35,19.73,0.37,1.8,13.12,8.14,10.62,9.7,75.62,0.08,73.39,1,263.26,1.31,264.19
2022,10,11,9,1.76,2.14,3.14,217.4,261.4,29.13,0.75,3.85,14.65,8.91,11.78,10.19,71.62,0.1,73.41,1.97,222.43,2.59,222.55
2022,10,11,10,2.08,2.65,3.71,260.38,325.67,35.94,1.1,5.9,15.37,9.66,12.51,10.74,72.06,0.09,73.42,2.95,216.38,3.9,216.46
2022,10,11,11,2.06,2.93,4,258.42,360.25,36.48,1.22,6.35,15.75,10.33,13.04,11.29,73.88,0.07,73.42,3.48,218.34,4.6,218.23
2022,10,11,12,1.41,3.03,4,179.4,376.65,26.41,0.9,4.67,15.97,10.67,13.32,11.6,74.94,0.05,73.38,3.67,222.15,4.83,222.12
2022,10,11,13,1.23,2.75,3.72,160.7,340.5,23.98,0.78,4.2,15.78,10.59,13.19,11.6,75.75,0.05,73.32,3.62,224.56,4.79,224.54
2022,10,11,14,1.09,2.22,3.15,135.98,274.45,19.44,0.53,2.75,15.4,10.48,12.94,11.6,77.5,0.06,73.26,3.46,224.63,4.6,224.66
2022,10,11,15,0.66,1.51,2.36,81.88,183.73,11.45,0.23,1.15,14.63,10.39,12.51,11.6,81.31,0.09,73.23,3.18,224.4,4.27,224.33
2022,10,11,16,0.25,0.72,1.38,31.23,85.42,4.63,0.05,0.25,13.4,10.45,11.93,11.66,88.75,0.12,73.23,2.63,224.04,3.58,224.12
2022,10,11,17,0.07,0.1,0.33,7.27,11.7,1.03,0,0.02,11.95,10.68,11.31,11.9,99.44,0.16,73.26,1.68,225.75,2.36,225.54
2022,10,11,18,0,0,0,0,0,0,0,0,10.99,10.66,10.83,11.84,100,1.94,73.28,0.81,230.91,1.36,229.65
2022,10,11,19,0,0,0,0,0,0,0,0,10.96,10.67,10.81,11.78,100,1.66,73.33,0.74,225,1.25,223.99
2022,10,11,20,0,0,0,0,0,0,0,0,10.9,10.69,10.8,11.78,100,1.32,73.37,0.7,216.87,1.22,215.32
2022,10,11,21,0,0,0,0,0,0,0,0,10.73,10.47,10.6,11.54,100,1.1,73.39,0.79,217.78,1.32,216.8
2022,10,11,22,0,0,0,0,0,0,0,0,10.32,10.11,10.21,11.23,100,1.04,73.38,0.85,224.63,1.45,224.13
2022,10,11,23,0,0,0,0,0,0,0,0,10.09,9.95,10.02,11.11,100,1.06,73.35,0.77,223.36,1.44,222.8
2022,10,12,0,0,0,0,0,0,0,0,0,10.07,9.94,10.01,11.11,100,1.13,73.32,0.83,220.01,1.55,220.29
2022,10,12,1,0,0,0,0,0,0,0,0,9.95,9.86,9.9,11.05,100,1.09,73.28,0.93,221.59,1.66,223.29
2022,10,12,2,0,0,0,0,0,0,0,0,9.76,9.65,9.71,10.86,100,0.84,73.24,0.8,226.97,1.5,230.08
2022,10,12,3,0,0,0,0,0,0,0,0,9.55,9.42,9.48,10.68,100,0.54,73.2,0.65,227.91,1.25,229.83
2022,10,12,4,0,0,0,0,0,0,0,0,9.37,9.17,9.27,10.56,100,0.37,73.19,0.53,216.53,0.98,216.6
2022,10,12,5,0,0,0,0,0,0,0,0,9.23,8.91,9.07,10.38,100,0.19,73.22,0.5,202.96,0.91,203.71
2022,10,12,6,0.06,0.09,0.3,5.55,10.65,0.81,0,0.02,9.06,8.7,8.88,10.25,100,0.24,73.28,0.52,201.96,0.97,201.8
2022,10,12,7,0.26,0.74,1.35,34.23,89,4.74,0.05,0.23,10.08,9.28,9.69,10.62,100,0.12,73.35,0.81,197.91,1.09,197.92
2022,10,12,8,0.65,1.56,2.33,83.3,194.67,12.16,0.24,1.2,11.34,8.98,10.16,10.5,91.38,0.05,73.4,0.71,169.81,0.93,171.8
2022,10,12,9,1.11,2.29,3.13,142.9,287.67,21.05,0.57,2.98,13.05,8.75,10.9,10.44,81.19,0.02,73.42,1.26,179.64,1.64,180.55
2022,10,12,10,1.14,2.8,3.69,157.35,353.2,24.22,0.78,4.2,14.31,8.68,11.5,10.44,75.12,0.05,73.42,2.13,198.83,2.78,199.05
2022,10,12,11,1.4,3.07,3.99,187.1,386.48,28.47,0.97,5.05,14.8,8.94,11.87,10.68,74.25,0.13,73.39,2.73,204.88,3.56,204.93
2022,10,12,12,1.3,3.06,3.99,177.23,385.95,27.1,0.92,4.8,14.83,9.09,11.96,10.8,74.81,0.21,73.34,2.98,209.65,3.89,209.7
2022,10,12,13,1.19,2.8,3.7,162.48,351.77,24.77,0.79,4.25,14.61,9,11.8,10.74,75.56,0.22,73.29,3.07,215.59,4.02,215.51
2022,10,12,14,0.92,2.29,3.14,124.45,287.92,18.59,0.51,2.62,14.23,8.69,11.45,10.56,76.25,0.27,73.24,3,219.82,3.94,219.78
2022,10,12,15,0.66,1.56,2.34,84.23,194.12,11.88,0.23,1.15,13.79,8.25,11.02,10.38,77.12,0.36,73.21,2.7,221.01,3.57,220.83
2022,10,12,16,0.37,0.77,1.37,45.05,93.4,5.79,0.05,0.27,12.82,8.02,10.42,10.31,81.69,0.44,73.19,2.12,220.21,2.83,220.07
2022,10,12,17,0.08,0.1,0.31,8.17,11.65,1.18,0.01,0.02,11.4,8.43,9.91,10.56,91.31,0.51,73.19,1.15,224.73,1.64,224.61
2022,10,12,18,0,0,0,0,0,0,0,0,10.18,8.87,9.52,10.68,100,0.47,73.21,0.45,251.88,0.76,250.82
2022,10,12,19,0,0,0,0,0,0,0,0,9.81,8.59,9.2,10.44,100,0.24,73.26,0.4,291.6,0.72,291.8
2022,10,12,20,0,0,0,0,0,0,0,0,9.29,7.62,8.46,9.95,99.5,0.12,73.31,0.5,302.2,0.87,305.12
2022,10,12,21,0,0,0,0,0,0,0,0,8.77,6.74,7.76,9.46,98.12,0.11,73.34,0.51,303.21,0.93,308.88
2022,10,12,22,0,0,0,0,0,0,0,0,8.25,5.9,7.08,8.97,96.75,0.15,73.36,0.47,299.98,0.92,308.81
2022,10,12,23,0,0,0,0,0,0,0,0,7.77,5.11,6.44,8.54,94.88,0.15,73.34,0.46,300.96,0.93,312.27
2022,10,13,0,0,0,0,0,0,0,0,0,7.3,4.29,5.8,8.06,92.12,0.13,73.32,0.49,309.81,0.99,319.79
2022,10,13,1,0,0,0,0,0,0,0,0,7.09,3.43,5.26,7.51,87.56,0.07,73.29,0.57,319.48,1.05,326.19
2022,10,13,2,0,0,0,0,0,0,0,0,7.03,2.62,4.83,7.08,82.81,0.04,73.25,0.62,325.71,1.08,329.53
2022,10,13,3,0,0,0,0,0,0,0,0,6.99,1.86,4.43,6.71,78.5,0.03,73.23,0.62,333.76,1.03,337.31
2022,10,13,4,0,0,0,0,0,0,0,0,6.94,1.08,4.01,6.35,74.62,0.01,73.24,0.61,343.65,1.02,347.57
2022,10,13,5,0,0,0,0,0,0,0,0,6.83,0.33,3.58,6.04,71.62,0.01,73.28,0.61,350.42,1.03,354.33
2022,10,13,6,0.09,0.1,0.3,8.98,11.4,1.24,0.01,0.02,6.87,-0.19,3.34,5.86,69.19,0,73.33,0.59,356.19,1.01,0
2022,10,13,7,0.72,0.85,1.34,86.27,102.58,10.63,0.09,0.45,8.95,3.02,5.99,7.45,76.38,0.01,73.4,0.35,350.96,0.66,357.98
2022,10,13,8,1.65,1.71,2.32,201.52,211.52,26.12,0.46,2.25,12,1.67,6.83,6.84,57.19,0.01,73.47,0.33,203.55,0.38,205.51
2022,10,13,9,2.27,2.42,3.11,280.58,299.42,38.58,0.96,4.8,13.54,2,7.77,6.84,51.94,0.01,73.51,1.42,195.64,1.84,195.98
2022,10,13,10,2.42,2.91,3.68,303.7,359.5,43.22,1.3,6.75,14.3,2.83,8.57,7.26,52.25,0,73.51,2.12,200.31,2.71,200.27
2022,10,13,11,2.44,3.16,3.97,308.48,389.52,44.54,1.45,7.58,14.84,3.78,9.31,7.81,54.19,0,73.48,2.54,203.41,3.25,203.36
2022,10,13,12,2.4,3.14,3.97,304.15,387.9,43.91,1.42,7.42,15.07,4.6,9.83,8.3,56.69,0,73.42,2.83,206.92,3.65,207
2022,10,13,13,2.43,2.87,3.68,304.85,353.6,42.88,1.3,6.95,14.99,5.19,10.09,8.67,59.56,0.01,73.34,3,210.5,3.9,210.47
2022,10,13,14,2.09,2.36,3.12,258.98,290.7,35.22,0.9,4.62,14.6,5.55,10.08,8.91,62.81,0.01,73.28,3.03,212.91,3.97,213.03
2022,10,13,15,1.05,1.64,2.32,129.3,200.2,17.72,0.33,1.6,13.9,5.7,9.8,9.03,66.62,0.01,73.24,2.88,214.04,3.81,214.05
2022,10,13,16,0.49,0.81,1.35,59.17,96.55,7.65,0.07,0.33,12.73,5.83,9.28,9.16,72.88,0.02,73.24,2.47,213.54,3.35,213.51
2022,10,13,17,0.1,0.1,0.3,9.67,11.52,1.3,0.01,0.02,10.58,7.18,8.88,9.77,89.56,0.04,73.26,1.26,212.31,1.97,212.37
2022,10,13,18,0,0,0,0,0,0,0,0,8.76,6.77,7.76,9.58,99.31,0.03,73.3,0.6,227.63,1.05,227.73
2022,10,13,19,0,0,0,0,0,0,0,0,8.49,6.57,7.53,9.46,99.81,0.01,73.36,0.46,274.84,0.77,279.37
2022,10,13,20,0,0,0,0,0,0,0,0,8.09,5.93,7.01,9.09,98.62,0.01,73.42,0.49,311.78,0.88,317.52
2022,10,13,21,0,0,0,0,0,0,0,0,7.76,4.89,6.33,8.48,94.38,0,73.45,0.62,333.76,1.04,336.91
2022,10,13,22,0,0,0,0,0,0,0,0,7.62,3.75,5.69,7.87,88.31,0,73.45,0.74,346.55,1.21,348.03
2022,10,13,23,0,0,0,0,0,0,0,0,7.45,2.65,5.05,7.26,82.44,0,73.43,0.82,353.42,1.33,354.29
2022,10,14,0,0,0,0,0,0,0,0,0,7.29,1.49,4.39,6.65,76.44,0,73.4,0.88,357.47,1.43,358.12
2022,10,14,1,0,0,0,0,0,0,0,0,6.99,0.58,3.79,6.16,72.56,0,73.35,0.93,0.96,1.52,1.47
2022,10,14,2,0,0,0,0,0,0,0,0,6.73,-0.41,3.16,5.74,68.81,0,73.32,0.96,2.79,1.58,3.4
2022,10,14,3,0,0,0,0,0,0,0,0,6.64,-1.47,2.58,5.37,64.19,0,73.3,0.96,2.79,1.56,2.88
2022,10,14,4,0,0,0,0,0,0,0,0,6.65,-2.39,2.12,5,59.81,0,73.29,0.94,2.86,1.49,2.7
2022,10,14,5,0,0,0,0,0,0,0,0,6.65,-3.24,1.71,4.64,55.88,0,73.31,0.91,1.96,1.44,1.87
2022,10,14,6,0.09,0.1,0.29,8.05,10.4,1.12,0.01,0.02,6.83,-3.85,1.49,4.39,52.5,0,73.35,0.87,1.55,1.35,1.66
2022,10,14,7,0.76,0.79,1.33,82.55,87.9,9.77,0.08,0.4,8.84,-1.38,3.73,5.74,59.5,0,73.4,0.68,355.4,1.09,357.53
2022,10,14,8,1.53,1.73,2.31,179,203.42,22.88,0.39,1.92,12.09,-2.55,4.77,5.49,45.62,0,73.45,0.45,220.06,0.55,219.81
2022,10,14,9,2.32,2.46,3.1,275.5,291.05,36.95,0.9,4.48,13.44,-1.27,6.08,5.74,43.75,0,73.47,1.74,199.08,2.25,199.06
2022,10,14,10,2.68,2.97,3.66,320.8,353.45,44.37,1.3,6.7,14.08,0.71,7.4,6.41,46.94,0,73.46,2.32,201.91,3.02,201.86
2022,10,14,11,2.81,3.24,3.96,338.92,385.62,47.81,1.53,7.98,14.69,2.48,8.58,7.2,50.44,0,73.43,2.75,203.8,3.57,203.76
2022,10,14,12,2.71,3.22,3.96,326.83,383.73,46.08,1.47,7.65,14.87,3.95,9.4,7.87,54.75,0,73.36,3.09,205.59,4.02,205.67
2022,10,14,13,2.45,2.94,3.66,294.52,349.08,40.98,1.22,6.45,14.69,5.17,9.93,8.54,59.75,0,73.29,3.24,208.79,4.23,208.79
2022,10,14,14,1.93,2.4,3.1,230.23,284.25,31.32,0.78,4,14.23,5.97,10.1,8.91,64.5,0,73.23,3.21,212.49,4.23,212.54
2022,10,14,15,1.25,1.66,2.3,146.55,194.8,19.22,0.34,1.67,13.52,6.37,9.94,9.16,69.06,0,73.2,3,214.6,3.99,214.62
2022,10,14,16,0.61,0.81,1.33,67.9,91.67,8.29,0.07,0.35,12.29,6.8,9.55,9.4,76.88,0,73.19,2.53,215.95,3.42,215.9
2022,10,14,17,0.11,0.1,0.28,9.92,10.88,1.29,0.01,0.02,9.98,7.7,8.84,9.89,94.56,0,73.21,1.14,220.01,1.82,220.31
2022,10,14,18,0,0,0,0,0,0,0,0,8.05,7.43,7.74,9.7,100,0,73.24,0.56,259.48,0.93,258.31
2022,10,14,19,0,0,0,0,0,0,0,0,7.61,6.94,7.27,9.46,100,0,73.28,0.68,326.67,1.16,327.38
2022,10,14,20,0,0,0,0,0,0,0,0,7.06,5.87,6.46,8.91,100,0,73.32,0.83,345.31,1.5,346.18
2022,10,14,21,0,0,0,0,0,0,0,0,6.68,4.58,5.63,8.18,98.25,0,73.34,0.95,350.54,1.71,351.31
2022,10,14,22,0,0,0,0,0,0,0,0,6.73,3.28,5.01,7.51,89.62,0,73.33,0.98,353.16,1.7,352.87
2022,10,14,23,0,0,0,0,0,0,0,0,6.84,2.08,4.46,6.9,81.56,0,73.3,0.97,353.97,1.62,353.08
2022,10,15,0,0,0,0,0,0,0,0,0,6.8,0.9,3.85,6.35,75.31,0,73.27,0.9,354.54,1.5,353.73
2022,10,15,1,0,0,0,0,0,0,0,0,6.76,-0.17,3.3,5.92,70.38,0,73.24,0.84,353.6,1.38,353.2
2022,10,15,2,0,0,0,0,0,0,0,0,6.81,-1.21,2.8,5.49,65.25,0,73.22,0.8,353.29,1.3,352.75
2022,10,15,3,0,0,0,0,0,0,0,0,7.2,-2.4,2.4,5.07,58.69,0,73.2,0.77,356.53,1.19,355.49
2022,10,15,4,0,0,0,0,0,0,0,0,7.22,-3.32,1.95,4.76,54.94,0,73.21,0.74,0.6,1.12,359.6
2022,10,15,5,0,0,0,0,0,0,0,0,6.95,-3.94,1.51,4.52,53.38,0,73.24,0.67,3.99,1.04,4.3
2022,10,15,6,0.08,0.09,0.28,7.25,9.62,1.01,0.01,0.02,7.18,-4.34,1.42,4.39,51,0,73.29,0.63,7.83,0.98,8.71
2022,10,15,7,0.75,0.8,1.32,81.7,88.45,9.53,0.08,0.4,9.33,-0.99,4.17,5.8,58.25,0,73.35,0.46,9.78,0.74,12.72
2022,10,15,8,1.51,1.69,2.29,175.67,198.05,22.16,0.39,1.9,12.13,-1.63,5.25,5.98,49.81,0,73.42,0.5,173.76,0.62,172.07
2022,10,15,9,2.3,2.43,3.09,271.95,286.48,35.98,0.88,4.42,13.51,0.15,6.83,6.59,50,0,73.45,1.49,183,1.89,183.31
2022,10,15,10,2.74,2.95,3.65,326.85,349.02,44.68,1.32,6.83,14.58,1.83,8.21,7.14,50.5,0,73.45,2.08,191.06,2.69,191.41
2022,10,15,11,2.96,3.23,3.94,355.48,381.85,49.33,1.59,8.27,15.33,3.27,9.3,7.75,52.12,0,73.42,2.78,196.65,3.65,196.92
2022,10,15,12,2.96,3.23,3.94,358.55,386.65,50.27,1.62,8.55,15.4,4.51,9.95,8.36,55.94,0,73.38,3.32,200.82,4.36,200.87
2022,10,15,13,2.57,2.96,3.64,309.92,353.05,42.99,1.29,6.8,15.02,5.5,10.26,8.91,61.06,0,73.32,3.44,204.82,4.53,204.89
2022,10,15,14,2.08,2.44,3.08,245.1,290.02,33.29,0.83,4.2,14.52,6.01,10.27,9.22,65,0,73.25,3.29,209.31,4.34,209.34
2022,10,15,15,1.3,1.71,2.28,151.73,202.48,19.88,0.36,1.77,13.74,6.38,10.06,9.34,69.38,0,73.22,3.01,212.29,4.01,212.27
2022,10,15,16,0.67,0.86,1.31,76.58,100.02,9.14,0.08,0.38,12.4,6.88,9.64,9.46,77.06,0,73.22,2.47,215.85,3.36,215.72
2022,10,15,17,0.12,0.11,0.27,10.6,11.3,1.33,0.01,0.02,9.89,7.85,8.87,10.01,95.94,0,73.24,1.08,221.77,1.79,222.17
2022,10,15,18,0,0,0,0,0,0,0,0,8.01,7.51,7.76,9.7,100,0,73.27,0.64,262.96,1.08,262.51
2022,10,15,19,0,0,0,0,0,0,0,0,7.51,6.98,7.25,9.46,100,0,73.33,0.69,317.77,1.18,318.74
2022,10,15,20,0,0,0,0,0,0,0,0,7.13,5.84,6.48,8.91,100,0,73.38,0.79,340.31,1.4,341.46
2022,10,15,21,0,0,0,0,0,0,0,0,6.89,4.44,5.66,8.24,97.19,0,73.42,0.89,347.31,1.57,348.24
2022,10,15,22,0,0,0,0,0,0,0,0,6.94,3.12,5.03,7.57,89,0,73.43,0.92,349.74,1.57,350.86
2022,10,15,23,0,0,0,0,0,0,0,0,7.06,1.89,4.48,6.9,80.81,0,73.41,0.91,351.59,1.5,352.5
2022,10,16,0,0,0,0,0,0,0,0,0,7.11,0.74,3.92,6.35,73.69,0,73.39,0.88,353.38,1.42,353.35
2022,10,16,1,0,0,0,0,0,0,0,0,7.06,-0.27,3.4,5.86,68.5,0,73.38,0.87,354.34,1.39,354.19
2022,10,16,2,0,0,0,0,0,0,0,0,6.92,-1.22,2.85,5.43,64.31,0,73.37,0.86,354.81,1.39,354.51
2022,10,16,3,0,0,0,0,0,0,0,0,6.72,-2.21,2.25,5.07,60.75,0,73.36,0.82,353.42,1.33,353.25
2022,10,16,4,0,0,0,0,0,0,0,0,6.84,-3.34,1.75,4.7,55.94,0,73.37,0.76,350.54,1.22,350.78
2022,10,16,5,0,0,0,0,0,0,0,0,7,-4.26,1.37,4.39,51.38,0,73.41,0.72,346.12,1.13,346.44
2022,10,16,6,0.09,0.11,0.27,7.98,10.88,1.12,0.01,0.02,7.13,-4.68,1.23,4.21,48.75,0,73.47,0.67,347.91,1.05,348.02
2022,10,16,7,0.87,0.9,1.31,95.2,99.9,10.7,0.09,0.42,9.32,-1.7,3.81,5.55,55.62,0,73.54,0.5,346.4,0.8,349.35
2022,10,16,8,1.66,1.77,2.28,189.62,203.58,23.8,0.41,2.05,12.57,-3.2,4.69,5.68,45.88,0,73.61,0.63,215.87,0.79,215.74
2022,10,16,9,2.41,2.5,3.07,278.67,290.17,37.03,0.91,4.58,13.68,-1.42,6.13,6.1,45.88,0,73.65,1.83,203.62,2.39,203.72
2022,10,16,10,2.89,3.02,3.63,339.35,351.55,46.37,1.37,7.1,14.34,0.83,7.58,6.96,50,0,73.65,2.41,203.66,3.16,203.78
2022,10,16,11,3.12,3.28,3.92,368.52,383.23,51.01,1.63,8.58,14.9,2.53,8.72,7.69,53.25,0,73.62,2.82,205.22,3.69,205.32
2022,10,16,12,3.1,3.26,3.92,369.92,384.08,51.25,1.64,8.62,15.11,3.73,9.42,8.3,56.69,0,73.56,3.12,207.14,4.06,207.11
2022,10,16,13,2.86,2.99,3.63,339.02,351.4,46.41,1.37,7.08,14.95,4.5,9.73,8.73,60.25,0,73.48,3.22,209.49,4.21,209.47
2022,10,16,14,2.3,2.46,3.06,270.75,289.27,35.98,0.89,4.48,14.56,4.86,9.71,8.91,63.12,0,73.42,3.15,211.84,4.15,211.78
2022,10,16,15,1.6,1.72,2.26,185.8,202.33,23.36,0.41,2,13.87,5.08,9.48,9.03,66.62,0,73.39,2.97,214.07,3.96,213.97
2022,10,16,16,0.82,0.87,1.29,91.95,99.58,10.32,0.09,0.4,12.56,5.69,9.12,9.22,74.5,0,73.4,2.48,215.89,3.4,215.74
2022,10,16,17,0.11,0.11,0.26,10.23,10.8,1.27,0.01,0.02,9.99,7.31,8.65,9.95,95,0,73.42,1.03,219.75,1.75,220.3
2022,10,16,18,0,0,0,0,0,0,0,0,8.28,6.76,7.52,9.52,100,0,73.46,0.64,255.96,1.09,255.07
2022,10,16,19,0,0,0,0,0,0,0,0,7.72,6.22,6.97,9.22,100,0,73.51,0.65,310.6,1.05,311.07
2022,10,16,20,0,0,0,0,0,0,0,0,7.34,5.19,6.26,8.73,100,0,73.56,0.76,334.49,1.24,334.57
2022,10,16,21,0,0,0,0,0,0,0,0,7.14,4.16,5.65,8.18,95.44,0,73.59,0.78,339.58,1.27,339.44
2022,10,16,22,0,0,0,0,0,0,0,0,6.89,3.2,5.05,7.69,90.88,0,73.6,0.81,347.17,1.32,347.69
2022,10,16,23,0,0,0,0,0,0,0,0,6.62,2.23,4.43,7.14,85.94,0,73.59,0.85,354.18,1.39,354.51
2022,10,17,0,0,0,0,0,0,0,0,0,6.37,1.26,3.82,6.59,80.81,0,73.57,0.87,356.91,1.44,357.2
2022,10,17,1,0,0,0,0,0,0,0,0,6.13,0.37,3.26,6.1,76,0,73.54,0.89,357.49,1.49,357.59
2022,10,17,2,0,0,0,0,0,0,0,0,5.94,-0.52,2.72,5.68,71.62,0,73.51,0.9,357.51,1.52,357.05
2022,10,17,3,0,0,0,0,0,0,0,0,5.86,-1.38,2.24,5.31,67.69,0,73.49,0.91,357.04,1.52,356.46
2022,10,17,4,0,0,0,0,0,0,0,0,5.93,-2.27,1.83,5,63.19,0,73.49,0.89,354.94,1.47,353.9
2022,10,17,5,0,0,0,0,0,0,0,0,6.07,-3.14,1.47,4.7,58.56,0,73.52,0.86,352.68,1.39,351.28
2022,10,17,6,0.09,0.1,0.26,8,10.42,1.11,0.01,0.02,6.05,-3.92,1.07,4.46,55.94,0,73.56,0.79,349.8,1.29,349.91
2022,10,17,7,0.85,0.88,1.29,95.62,99.92,10.7,0.09,0.42,8.33,-0.96,3.69,5.92,63.44,0,73.61,0.57,339.08,0.94,343.66
2022,10,17,8,1.65,1.72,2.27,192.1,202.88,24.1,0.41,2.02,11.49,-3.42,4.04,5.55,48.31,0,73.66,0.72,230.75,0.92,230.88
2022,10,17,9,2.33,2.43,3.06,276.3,288.45,36.64,0.89,4.45,12.73,-1.81,5.46,5.92,47.69,0,73.68,1.92,209.28,2.49,209.46
2022,10,17,10,2.84,2.93,3.62,339.5,348.52,46.25,1.35,6.95,13.6,0.12,6.86,6.47,49.12,0,73.66,2.46,208.44,3.22,208.55
2022,10,17,11,3.02,3.19,3.91,362.98,378.9,50.16,1.59,8.3,14.33,1.62,7.98,7.02,50.56,0,73.61,2.9,208.08,3.81,208.14
2022,10,17,12,3.06,3.2,3.9,370,382.2,51.25,1.62,8.5,14.65,2.75,8.69,7.51,52.81,0,73.53,3.28,208.95,4.29,208.99
2022,10,17,13,2.81,2.91,3.61,337.83,347,46.03,1.34,6.88,14.52,3.59,9.05,7.87,56.06,0,73.45,3.41,209.97,4.46,209.93
2022,10,17,14,2.22,2.38,3.04,264.4,282.58,34.97,0.84,4.27,14.06,4.15,9.1,8.12,59.56,0,73.4,3.28,211.15,4.3,211.18
2022,10,17,15,1.46,1.63,2.24,171.6,193.95,21.61,0.37,1.83,13.3,4.45,8.87,8.3,63.62,0,73.36,2.87,210.96,3.8,210.94
2022,10,17,16,0.78,0.79,1.27,87.88,91.38,9.91,0.08,0.38,12.01,5.05,8.53,8.54,71.25,0,73.34,2.22,209.82,2.99,209.91
2022,10,17,17,0.09,0.09,0.24,8.52,9.25,1.09,0,0.02,9.56,6.49,8.03,9.22,90.56,0,73.34,0.86,214.27,1.48,214.45
2022,10,17,18,0,0,0,0,0,0,0,0,8.01,5.68,6.84,8.61,94.06,0,73.36,0.5,270,0.77,270.58
2022,10,17,19,0,0,0,0,0,0,0,0,7.37,5.15,6.26,8.36,95.38,0,73.4,0.69,333.15,1.14,333.96
2022,10,17,20,0,0,0,0,0,0,0,0,7.18,4.15,5.66,7.87,91.38,0,73.44,0.76,346.25,1.23,347.2
2022,10,17,21,0,0,0,0,0,0,0,0,7.07,3.19,5.13,7.45,86.94,0,73.46,0.74,352.72,1.2,352.92
2022,10,17,22,0,0,0,0,0,0,0,0,6.87,2.33,4.6,7.02,83.38,0,73.47,0.74,1.21,1.21,1.48
2022,10,17,23,0,0,0,0,0,0,0,0,6.75,1.43,4.09,6.65,79.19,0,73.46,0.69,7.77,1.14,8.3
2022,10,18,0,0,0,0,0,0,0,0,0,6.78,0.62,3.7,6.29,75,0,73.45,0.58,15.52,0.96,17.1
2022,10,18,1,0,0,0,0,0,0,0,0,6.65,0.4,3.53,6.16,74,0,73.43,0.54,22.11,0.89,23.4
2022,10,18,2,0,0,0,0,0,0,0,0,6.36,0.57,3.47,6.16,75.5,0,73.41,0.55,23.3,0.92,23.52
2022,10,18,3,0,0,0,0,0,0,0,0,6.1,0.32,3.21,6.04,75.75,0,73.39,0.54,26.57,0.91,28.1
2022,10,18,4,0,0,0,0,0,0,0,0,5.91,0.11,3.01,5.98,75.75,0,73.4,0.51,36.35,0.86,37.28
2022,10,18,5,0,0,0,0,0,0,0,0,5.69,-0.24,2.73,5.86,75.5,0,73.41,0.48,42.34,0.82,43.08
2022,10,18,6,0.08,0.09,0.26,7.4,8.88,1.02,0.01,0.02,5.44,-0.52,2.46,5.74,75.44,0,73.45,0.45,53.53,0.78,51.87
2022,10,18,7,0.79,0.81,1.28,87.6,91.55,9.94,0.08,0.38,7.07,2.18,4.62,7.08,82.75,0,73.5,0.38,79.38,0.71,70.77
2022,10,18,8,1.57,1.66,2.25,181.6,193.65,22.66,0.38,1.88,9.49,2.86,6.18,7.39,73.12,0,73.56,1.35,136.41,1.77,135.72
2022,10,18,9,2.27,2.37,3.05,267.25,280.02,35.1,0.84,4.2,10.9,2.49,6.69,7.26,65.56,0,73.58,1.95,159.09,2.53,159.61
2022,10,18,10,2.73,2.87,3.6,326.73,340.98,44.2,1.27,6.52,12.12,2.66,7.39,7.32,60.75,0,73.58,2.3,173.36,2.98,173.98
2022,10,18,11,2.95,3.13,3.89,355.17,372.3,48.55,1.52,7.9,12.94,3.04,7.98,7.45,58.62,0,73.53,2.66,183.53,3.43,183.92
2022,10,18,12,2.97,3.14,3.89,359.85,375.92,49.48,1.55,8.1,13.32,3.42,8.37,7.63,58.69,0,73.45,3,192.63,3.87,192.83
2022,10,18,13,2.72,2.85,3.59,326.35,340.88,44.2,1.27,6.5,13.26,3.88,8.58,7.87,60.62,0,73.36,3.17,200.49,4.09,200.68
2022,10,18,14,2.13,2.32,3.02,253.7,277,33.45,0.8,4.05,12.87,4.06,8.46,8,63.06,0,73.29,3.08,207.35,4,207.41
2022,10,18,15,1.4,1.6,2.23,164.12,189.25,20.63,0.34,1.73,12.17,3.76,7.97,7.93,65.5,0,73.26,2.81,211.84,3.69,211.84
2022,10,18,16,0.69,0.77,1.25,77.17,88.42,8.83,0.07,0.33,11,3.44,7.23,7.93,70.56,0,73.25,2.33,214.33,3.12,214.29
2022,10,18,17,0.09,0.08,0.23,7.88,8.62,1.01,0,0.02,8.74,4.75,6.74,8.48,88.06,0,73.27,1.03,214.78,1.67,214.88
2022,10,18,18,0,0,0,0,0,0,0,0,6.99,4.52,5.76,8.18,95.5,0,73.3,0.44,253.5,0.8,247.47
2022,10,18,19,0,0,0,0,0,0,0,0,6.19,4.24,5.21,8,99.38,0,73.35,0.43,315.74,0.75,315
2022,10,18,20,0,0,0,0,0,0,0,0,5.81,3.4,4.61,7.63,97.12,0,73.39,0.46,326.85,0.85,328.22
2022,10,18,21,0,0,0,0,0,0,0,0,5.65,2.45,4.05,7.2,92.38,0,73.41,0.5,325.81,0.94,328.55
2022,10,18,22,0,0,0,0,0,0,0,0,5.63,1.54,3.58,6.71,86.31,0,73.4,0.59,321.46,1.12,323.77
2022,10,18,23,0,0,0,0,0,0,0,0,5.59,0.84,3.22,6.29,81.5,0,73.37,0.63,318.01,1.2,320.53
2022,10,19,0,0,0,0,0,0,0,0,0,5.52,-0.32,2.6,5.86,75.81,0,73.33,0.63,324.54,1.14,327.29
2022,10,19,1,0,0,0,0,0,0,0,0,5.35,-1.49,1.93,5.43,71.12,0,73.28,0.67,331.34,1.17,333.78
2022,10,19,2,0,0,0,0,0,0,0,0,4.95,-2.19,1.38,5.07,68.75,0,73.24,0.79,332.16,1.36,333.29
2022,10,19,3,0,0,0,0,0,0,0,0,4.68,-3.37,0.65,4.7,64.44,0,73.22,0.82,337.09,1.38,338.08
2022,10,19,4,0,0,0,0,0,0,0,0,4.53,-4.75,-0.11,4.27,59.44,0,73.22,0.82,349.01,1.34,350.26
2022,10,19,5,0,0,0,0,0,0,0,0,4.55,-6.06,-0.75,3.91,54.06,0,73.25,0.75,353.46,1.2,355.14
2022,10,19,6,0.08,0.08,0.25,7.83,9.27,1.22,0.01,0.02,4.51,-6.93,-1.21,3.66,51.25,0,73.31,0.67,355.29,1.05,358.29
2022,10,19,7,0.75,0.76,1.27,83.95,86.08,10.84,0.09,0.42,6.05,-3.02,1.51,5.13,64,0,73.38,0.45,350.05,0.79,354.35
2022,10,19,8,1.52,1.57,2.24,176.62,183.77,22.69,0.38,1.85,8.85,-2.24,3.3,5.25,54.38,0,73.44,0.66,215.38,0.83,215.04
2022,10,19,9,2.06,2.29,3.03,246.05,270.7,34.2,0.82,4.12,10.31,-1.02,4.64,5.68,53.06,0,73.46,1.68,202.99,2.16,203.04
2022,10,19,10,2.49,2.79,3.59,301.62,332.12,43.3,1.25,6.52,11.42,0.04,5.73,6.04,52.56,0,73.44,2.33,201.05,3,201.22
2022,10,19,11,2.72,3.04,3.87,332.27,362.55,48.13,1.5,7.9,12.04,1.05,6.54,6.41,53.81,0,73.4,2.94,200.84,3.78,200.94
2022,10,19,12,2.69,3.02,3.87,328.27,360.92,47.61,1.47,7.73,12.18,2.06,7.12,6.84,56.69,0,73.33,3.27,202.34,4.21,202.33
2022,10,19,13,2.36,2.69,3.57,286.48,319.83,40.1,1.15,6,11.98,3.11,7.55,7.32,61.25,0,73.26,3.35,204.65,4.33,204.72
2022,10,19,14,1.7,2.03,3.01,198.4,233.3,25.72,0.59,3.02,11.51,4,7.76,7.75,66.88,0,73.19,3.23,207.68,4.18,207.62
2022,10,19,15,1.03,1.21,2.21,113.4,132.15,13.94,0.23,1.1,10.78,4.53,7.65,8,72.5,0,73.16,3,209.84,3.92,209.73
2022,10,19,16,0.44,0.49,1.23,47.62,53.02,6.84,0.05,0.25,9.67,4.83,7.25,8.18,79.62,0,73.15,2.6,211.88,3.48,211.8
2022,10,19,17,0.06,0.05,0.22,5.23,5.27,0.73,0,0.02,7.71,5.6,6.65,8.67,96.06,0,73.16,1.42,214.66,2.13,213.92
2022,10,19,18,0,0,0,0,0,0,0,0,6.45,5.92,6.19,8.73,100,0,73.2,0.67,225,1.17,223.92
2022,10,19,19,0,0,0,0,0,0,0,0,6.44,5.73,6.08,8.67,100,0,73.25,0.53,247.25,0.89,247.26
2022,10,19,20,0,0,0,0,0,0,0,0,6.3,5.23,5.77,8.42,100,0,73.31,0.49,261.74,0.75,262.21
2022,10,19,21,0,0,0,0,0,0,0,0,6.17,4.89,5.53,8.24,100,0,73.34,0.44,283.3,0.63,283.52
2022,10,19,22,0,0,0,0,0,0,0,0,5.96,4.43,5.19,8.06,100,0,73.34,0.46,308.81,0.66,308.23
2022,10,19,23,0,0,0,0,0,0,0,0,5.57,3.87,4.73,7.81,100,0,73.31,0.52,331.53,0.78,331.39
2022,10,20,0,0,0,0,0,0,0,0,0,5.17,3.23,4.2,7.51,99.94,0,73.29,0.58,346.72,0.92,346.79
2022,10,20,1,0,0,0,0,0,0,0,0,4.58,2.41,3.5,7.14,98.81,0,73.27,0.61,354.14,1.02,352.93
2022,10,20,2,0,0,0,0,0,0,0,0,3.96,1.3,2.62,6.71,96.81,0,73.25,0.74,356.35,1.23,355.63
2022,10,20,3,0,0,0,0,0,0,0,0,3.63,-0.04,1.8,6.16,91.38,0,73.24,0.85,355.76,1.39,355.5
2022,10,20,4,0,0,0,0,0,0,0,0,3.55,-1.42,1.06,5.62,84.06,0,73.26,0.92,354.63,1.48,354.56
2022,10,20,5,0,0,0,0,0,0,0,0,3.56,-2.77,0.4,5.13,76.31,0,73.3,0.93,354.19,1.47,354.2
2022,10,20,6,0.06,0.06,0.24,5.6,6.23,0.82,0,0.02,3.62,-3.65,-0.02,4.76,70.75,0,73.37,0.88,354.39,1.4,354.86
2022,10,20,7,0.51,0.51,1.26,52.08,53.73,7.36,0.05,0.27,5.54,-0.98,2.28,5.8,75.38,0,73.45,0.65,352.36,1.08,354.21
2022,10,20,8,1.1,1.12,2.23,111.8,116.83,13.46,0.21,1.02,8.48,-1.19,3.65,5.92,63.06,0,73.52,0.38,176.42,0.45,176.05
2022,10,20,9,1.69,1.79,3.02,181.92,191.9,21.84,0.48,2.42,10.15,0.8,5.48,6.65,63.38,0,73.56,1.64,179.73,2.09,180.21
2022,10,20,10,2.04,2.33,3.57,228.67,256.33,28.36,0.76,3.95,11.33,2.37,6.85,7.26,63.56,0,73.55,2.31,188.35,3,188.68
2022,10,20,11,2.13,2.61,3.86,244.45,292.08,31.34,0.91,4.8,12.06,3.68,7.87,7.75,64.69,0,73.51,2.87,195.47,3.71,195.65
2022,10,20,12,2.62,3.07,3.85,322.15,366.6,48.08,1.5,7.88,12.27,4.72,8.5,8.18,67.19,0,73.45,3.2,202.11,4.11,202.23
2022,10,20,13,2.15,2.74,3.55,263.92,323.38,38.5,1.11,5.77,12.26,5.24,8.75,8.36,68.81,0,73.39,3.22,207.75,4.15,207.72
2022,10,20,14,1.6,2.1,2.99,186.33,241.92,25.17,0.59,2.92,11.98,5.15,8.56,8.3,69.44,0,73.34,3.15,212.43,4.09,212.45
2022,10,20,15,0.91,1.24,2.19,101.17,134.3,12.84,0.21,1.02,11.38,4.92,8.15,8.18,71.31,0,73.32,2.99,215.52,3.93,215.52
2022,10,20,16,0.43,0.54,1.21,47.12,58.4,6.89,0.05,0.25,10.29,4.97,7.62,8.24,77.12,0,73.33,2.48,217.7,3.34,217.67
2022,10,20,17,0.07,0.06,0.21,5.9,6.05,0.88,0,0.02,8.12,5.8,6.96,8.73,94.38,0,73.35,1.12,219.6,1.8,219.2
2022,10,20,18,0,0,0,0,0,0,0,0,6.56,5.7,6.13,8.54,100,0,73.38,0.53,246.47,0.9,246.54
2022,10,20,19,0,0,0,0,0,0,0,0,6.13,5.46,5.8,8.42,100,0,73.44,0.54,317.34,0.87,317.17
2022,10,20,20,0,0,0,0,0,0,0,0,5.8,4.73,5.26,8.06,100,0,73.49,0.67,340.3,1.12,339.68
2022,10,20,21,0,0,0,0,0,0,0,0,5.73,3.9,4.82,7.69,98.31,0,73.52,0.67,347.25,1.12,345.48
2022,10,20,22,0,0,0,0,0,0,0,0,5.65,3.08,4.37,7.26,93.69,0,73.51,0.65,353.13,1.08,351.22
2022,10,20,23,0,0,0,0,0,0,0,0,5.58,2.27,3.93,6.9,89.12,0,73.5,0.6,358.51,0.99,356.85
2022,10,21,0,0,0,0,0,0,0,0,0,5.49,1.55,3.52,6.53,85.25,0,73.49,0.55,5.71,0.9,3.98
2022,10,21,1,0,0,0,0,0,0,0,0,5.33,0.8,3.07,6.23,81.94,0,73.47,0.55,8.93,0.89,7.06
2022,10,21,2,0,0,0,0,0,0,0,0,5.02,-0.39,2.31,5.8,78.44,0,73.46,0.61,5.13,0.98,5.03
2022,10,21,3,0,0,0,0,0,0,0,0,4.68,-1.59,1.55,5.43,75.12,0,73.45,0.65,2.07,1.04,3.01
2022,10,21,4,0,0,0,0,0,0,0,0,4.4,-2.57,0.91,5.13,72.06,0,73.46,0.62,0,1.01,1.78
2022,10,21,5,0,0,0,0,0,0,0,0,4.45,-3.52,0.46,4.82,67.56,0,73.49,0.65,359.31,1.01,1.78
2022,10,21,6,0.07,0.07,0.23,6.35,7.27,0.99,0.01,0.02,4.55,-4.2,0.18,4.58,64.06,0,73.55,0.66,2.05,1,4.47
2022,10,21,7,0.62,0.63,1.25,66.45,68.55,9.23,0.07,0.35,6.26,-1.54,2.36,5.68,70.69,0,73.62,0.54,5.79,0.89,8.63
2022,10,21,8,1.28,1.35,2.21,139.88,147.4,17.2,0.28,1.38,9.02,-1.18,3.92,6.16,63.19,0,73.69,0.39,143.13,0.48,142.21
2022,10,21,9,2.08,2.19,3,242.85,254.7,32.8,0.77,3.85,10.7,-0.09,5.31,6.77,62.12,0,73.73,1.63,176.97,2.07,177.19
2022,10,21,10,2.65,2.77,3.56,316.38,327.48,45.03,1.28,6.58,11.84,1.67,6.76,7.39,62.62,0,73.72,2.23,186.63,2.89,186.99
2022,10,21,11,2.78,3.03,3.84,336.2,359.08,48.9,1.52,7.98,12.58,3.12,7.85,7.87,63.69,0,73.67,2.61,192.25,3.37,192.33
2022,10,21,12,2.86,3.15,3.83,352.73,378.27,53.73,1.72,9.08,13,3.97,8.48,8.18,64.44,0,73.61,2.92,196.93,3.75,197.08
2022,10,21,13,2.48,2.82,3.54,300.05,336.77,44.54,1.29,6.62,13.02,4.51,8.76,8.36,65.75,0,73.54,3.08,200.37,3.95,200.37
2022,10,21,14,1.95,2.23,2.97,233.6,262.98,32.97,0.8,4.02,12.62,4.83,8.73,8.48,68.31,0,73.5,2.98,202.8,3.87,202.83
2022,10,21,15,1.23,1.45,2.17,144.02,168.52,19.01,0.32,1.58,11.92,4.98,8.45,8.54,71.75,0,73.48,2.74,204.23,3.58,204.22
2022,10,21,16,0.6,0.68,1.19,68.83,77.85,9.53,0.08,0.35,10.71,5.33,8.01,8.61,78.62,0,73.49,2.31,203.71,3.1,203.6
2022,10,21,17,0.07,0.06,0.2,6.25,6.85,0.94,0,0.02,8.58,6.6,7.59,9.22,96.94,0,73.52,1.05,203.31,1.69,203.13
2022,10,21,18,0,0,0,0,0,0,0,0,7.48,6.66,7.07,9.03,100,0,73.57,0.5,214.19,0.87,213.69
2022,10,21,19,0,0,0,0,0,0,0,0,7.37,6.48,6.92,8.97,100,0,73.62,0.24,262.65,0.39,258.47
2022,10,21,20,0,0,0,0,0,0,0,0,7.06,6.23,6.64,8.85,100,0,73.68,0.22,345.47,0.39,346.24
2022,10,21,21,0,0,0,0,0,0,0,0,6.86,5.98,6.41,8.67,100,0,73.7,0.3,15.12,0.57,13.47
2022,10,21,22,0,0,0,0,0,0,0,0,6.72,5.35,6.03,8.36,100,0,73.7,0.46,16.89,0.83,15.87
2022,10,21,23,0,0,0,0,0,0,0,0,6.4,4.4,5.4,7.87,96.25,0,73.69,0.65,9.69,1.06,10.23
2022,10,22,0,0,0,0,0,0,0,0,0,6.09,3.65,4.87,7.45,92.88,0,73.67,0.78,6.34,1.22,6.99
2022,10,22,1,0,0,0,0,0,0,0,0,5.85,2.8,4.33,6.96,88.56,0,73.65,0.86,6.23,1.34,6.34
2022,10,22,2,0,0,0,0,0,0,0,0,5.6,1.87,3.73,6.47,83.94,0,73.63,0.92,7.79,1.44,8.09
2022,10,22,3,0,0,0,0,0,0,0,0,5.26,0.79,3.02,5.98,79.31,0,73.63,0.87,10.91,1.39,10.99
2022,10,22,4,0,0,0,0,0,0,0,0,4.73,-0.44,2.15,5.49,75.5,0,73.65,0.84,16.24,1.37,16.17
2022,10,22,5,0,0,0,0,0,0,0,0,4.55,-1.71,1.41,5,70.25,0,73.68,0.92,20.44,1.46,20.38
2022,10,22,6,0.07,0.08,0.23,7.05,8.73,1.15,0.01,0.02,4.35,-2.8,0.77,4.64,66.12,0,73.73,0.99,22.72,1.58,22.75
2022,10,22,7,0.8,0.8,1.23,89.15,91.05,11.3,0.09,0.42,6.11,0.05,3.08,6.04,76.06,0,73.78,0.82,26.08,1.43,25.3
2022,10,22,8,1.55,1.65,2.2,182.33,193.7,24.75,0.41,2.02,9.28,-2.25,3.51,5.49,55.25,0,73.83,0.98,90.45,1.31,88.29
2022,10,22,9,2.29,2.39,2.99,273.33,283.12,39.42,0.95,4.7,10.86,-1.78,4.54,5.55,50.62,0,73.85,1.7,137.42,2.18,137.17
2022,10,22,10,2.73,2.91,3.54,328.67,346.5,49.29,1.42,7.27,11.98,-0.3,5.84,5.98,50.5,0,73.83,2.19,159.3,2.83,159.46
2022,10,22,11,2.98,3.18,3.83,362.5,379.52,55.26,1.73,9.02,12.69,1.04,6.87,6.47,51.94,0,73.78,2.59,171.33,3.33,171.22
2022,10,22,12,3.01,3.2,3.82,367.6,383.23,56.58,1.8,9.42,12.99,2.06,7.53,6.84,54.06,0,73.71,2.85,177.33,3.65,177.3
2022,10,22,13,2.76,2.91,3.52,336.15,349.45,50.91,1.47,7.5,12.94,3.05,7.99,7.26,57.38,0,73.64,2.96,180.76,3.81,180.82
2022,10,22,14,2.18,2.38,2.95,265.3,285.9,39.28,0.95,4.77,12.52,3.85,8.19,7.57,61.62,0,73.58,2.9,182.78,3.75,182.87
2022,10,22,15,1.4,1.64,2.15,168.02,197.15,24.05,0.41,1.98,11.76,4.48,8.12,7.87,66.88,0,73.56,2.7,184.8,3.53,184.7
2022,10,22,16,0.69,0.79,1.18,80.77,92.85,10.48,0.08,0.38,10.47,5.18,7.82,8.12,75.38,0,73.57,2.27,186.73,3.03,186.67
2022,10,22,17,0.08,0.07,0.19,6.88,7.65,0.98,0.01,0.02,8.27,6.19,7.23,8.67,93.12,0,73.59,1.16,189.33,1.83,189.82
2022,10,22,18,0,0,0,0,0,0,0,0,7.22,5.46,6.34,8.06,93.56,0,73.63,0.61,201.94,1.07,198.3
2022,10,22,19,0,0,0,0,0,0,0,0,7.04,5.44,6.24,8.06,94.38,0,73.7,0.24,230.19,0.48,211.12
2022,10,22,20,0,0,0,0,0,0,0,0,6.25,5.17,5.71,7.93,98.25,0,73.76,0.13,17.35,0.13,40.24
2022,10,22,21,0,0,0,0,0,0,0,0,5.41,4.67,5.04,7.69,100,0,73.79,0.4,43.41,0.76,41.24
2022,10,22,22,0,0,0,0,0,0,0,0,4.79,3.54,4.16,7.2,99,0,73.78,0.63,48.54,1.26,41.49
2022,10,22,23,0,0,0,0,0,0,0,0,4.34,2.26,3.3,6.65,94.06,0,73.74,0.82,43.45,1.64,37.64
2022,10,23,0,0,0,0,0,0,0,0,0,4.09,1.19,2.64,6.1,87.88,0,73.7,0.97,35.48,1.87,31.17
2022,10,23,1,0,0,0,0,0,0,0,0,3.93,0.04,1.98,5.55,81.19,0,73.66,1.09,27.3,2.05,25
2022,10,23,2,0,0,0,0,0,0,0,0,3.85,-1.08,1.38,5.13,75,0,73.62,1.17,22.3,2.15,21.53
2022,10,23,3,0,0,0,0,0,0,0,0,3.65,-2.13,0.76,4.7,69.81,0,73.59,1.19,16.41,2.14,16.32
2022,10,23,4,0,0,0,0,0,0,0,0,3.34,-3.28,0.03,4.27,65.25,0,73.59,1.22,14.48,2.19,14.48
2022,10,23,5,0,0,0,0,0,0,0,0,2.96,-4.48,-0.76,3.91,61.44,0,73.61,1.27,12.41,2.27,12.51
2022,10,23,6,0.08,0.09,0.22,7.42,9.3,1.16,0.01,0.02,2.62,-5.21,-1.3,3.72,59.69,0,73.65,1.3,10.7,2.35,10.9
2022,10,23,7,0.79,0.83,1.22,91.15,97.7,11.56,0.09,0.42,4.73,-1.38,1.67,5.31,73.5,0,73.71,1.07,10.9,2.13,10.77
2022,10,23,8,1.59,1.67,2.19,191.15,201.23,26.4,0.45,2.17,9.08,-3.1,2.99,4.7,48.44,0,73.77,0.84,47.26,1.27,42.75
2022,10,23,9,2.19,2.38,2.97,268.88,288.45,39.84,0.97,4.85,11.18,-2.88,4.15,4.64,41.25,0,73.79,1.28,125.54,1.67,125.1
2022,10,23,10,2.61,2.89,3.53,323.95,350.23,49.63,1.46,7.55,12.38,-1.05,5.67,5.31,43.5,0,73.78,1.84,152.78,2.39,153.18
2022,10,23,11,2.83,3.14,3.81,353.5,382.12,55.04,1.75,9.23,13.15,0.34,6.75,5.86,45.75,0,73.73,2.26,168.42,2.88,168.42
2022,10,23,12,2.71,3.12,3.8,340.5,381.52,53.57,1.7,9,13.59,1.27,7.43,6.29,47.62,0,73.65,2.59,179.83,3.3,179.86
2022,10,23,13,2.53,2.85,3.5,313.92,347.8,48.31,1.39,7.12,13.62,2.14,7.88,6.65,50.31,0,73.57,2.9,189,3.72,188.93
2022,10,23,14,1.98,2.33,2.93,246.2,284.58,37.34,0.91,4.52,13.22,2.94,8.08,7.02,54.19,0,73.51,3.01,194.9,3.93,194.87
2022,10,23,15,1.33,1.61,2.13,162.4,196.4,23.47,0.39,1.92,12.35,3.68,8.01,7.32,60.06,0,73.48,2.76,198.85,3.65,198.75
2022,10,23,16,0.62,0.77,1.16,73.75,92.6,9.84,0.07,0.35,11.02,4.72,7.87,7.87,70.38,0,73.47,2.08,201.08,2.88,200.99
2022,10,23,17,0.07,0.07,0.18,6.5,7.4,0.98,0.01,0.02,8.93,5.4,7.17,8.24,84.81,0,73.48,1.14,205.16,1.81,205.24
2022,10,23,18,0,0,0,0,0,0,0,0,8.05,4.17,6.11,7.32,80.12,0,73.51,0.64,217.01,0.99,216.33
2022,10,23,19,0,0,0,0,0,0,0,0,8.06,3.89,5.98,7.14,78.25,0,73.55,0.29,244.8,0.41,241.48
2022,10,23,20,0,0,0,0,0,0,0,0,7.73,3.71,5.72,7.08,78.88,0,73.57,0.11,347.91,0.14,347.47
2022,10,23,21,0,0,0,0,0,0,0,0,7.39,3.58,5.48,7.02,80,0,73.57,0.24,17.24,0.34,18.85
2022,10,23,22,0,0,0,0,0,0,0,0,6.72,3.5,5.11,6.96,83.38,0,73.53,0.39,1.15,0.63,4.29
2022,10,23,23,0,0,0,0,0,0,0,0,6.3,3.11,4.7,6.77,83.56,0,73.47,0.77,352.44,1.23,353.42
2022,10,24,0,0,0,0,0,0,0,0,0,5.82,2.44,4.13,6.53,82.75,0,73.38,1.03,353.47,1.73,353.26
2022,10,24,1,0,0,0,0,0,0,0,0,5.53,1.6,3.57,6.16,79.75,0,73.3,1.13,353.22,1.94,353.28
2022,10,24,2,0,0,0,0,0,0,0,0,5.34,0.78,3.06,5.8,76.25,0,73.25,1.14,356.08,1.94,356.31
2022,10,24,3,0,0,0,0,0,0,0,0,5.18,-0.06,2.56,5.49,72.75,0,73.23,1.04,357.42,1.77,358.23
2022,10,24,4,0,0,0,0,0,0,0,0,4.78,-0.93,1.92,5.19,70.62,0,73.22,0.92,356.12,1.59,356.9
2022,10,24,5,0,0,0,0,0,0,0,0,4.6,-1.88,1.37,4.88,67.25,0,73.23,0.95,352.47,1.59,352.94
2022,10,24,6,0.09,0.09,0.21,7.92,9.23,1.16,0.01,0.02,4.69,-2.68,1.01,4.58,63.19,0,73.26,1.05,351.45,1.71,351.87
2022,10,24,7,0.81,0.84,1.21,93.7,98.75,11.84,0.09,0.45,6.41,0.83,3.62,6.23,76,0,73.29,0.85,356.85,1.56,355.98
2022,10,24,8,1.61,1.68,2.17,192.12,202,26.63,0.47,2.27,10.62,-0.74,4.94,5.68,52.06,0,73.32,0.48,2.82,0.69,358.7
2022,10,24,9,2.32,2.39,2.96,281.48,288.52,41.27,1.02,5.12,13.02,-0.31,6.36,5.92,46.56,0,73.34,1.52,184.71,1.98,184.99
2022,10,24,10,2.72,2.88,3.51,333.3,349.38,50.52,1.52,7.77,13.69,1.88,7.79,6.84,51.25,0,73.32,2.4,186.36,3.16,186.39
2022,10,24,11,2.79,3.13,3.79,346.48,380.27,53.98,1.77,9.38,14.02,3.86,8.94,7.69,56.5,0,73.27,2.9,187.28,3.8,187.31
2022,10,24,12,2.84,3.11,3.78,353.55,379.3,54.67,1.77,9.4,14.07,5.51,9.79,8.54,62.12,0,73.21,3.2,188.29,4.17,188.3
2022,10,24,13,2.55,2.82,3.48,317.98,344.4,48.5,1.45,7.58,13.72,6.65,10.19,9.09,67.75,0,73.14,3.15,190.86,4.1,190.88
2022,10,24,14,1.93,2.28,2.91,240.3,279.08,36.13,0.89,4.48,13.13,7.13,10.13,9.34,72.06,0,73.08,2.92,197.27,3.8,197.24
2022,10,24,15,1.37,1.55,2.12,167.73,188.98,23.34,0.4,1.98,12.4,7.18,9.8,9.34,75.56,0,73.03,2.64,205.2,3.46,205.24
2022,10,24,16,0.56,0.71,1.14,67.33,85.27,9.27,0.07,0.35,11.23,7.44,9.33,9.46,82.94,0,73.01,2.34,210.34,3.15,210.26
2022,10,24,17,0.06,0.06,0.17,5.5,6.4,0.86,0.01,0.02,8.97,8.05,8.51,9.89,100,0,73.01,1.05,216.53,1.75,216.82
2022,10,24,18,0,0,0,0,0,0,0,0,7.83,7.98,7.9,9.83,100,0,73,0.64,236.89,1.26,236.9
2022,10,24,19,0,0,0,0,0,0,0,0,7.71,7.9,7.8,9.77,100,0,73.03,0.64,248.46,1.17,248.41
2022,10,24,20,0,0,0,0,0,0,0,0,7.43,7.59,7.51,9.64,100,0,73.05,0.62,261.97,1.1,261.41
2022,10,24,21,0,0,0,0,0,0,0,0,7.04,7.13,7.08,9.4,100,0,73.04,0.58,289.65,1.05,288.71
2022,10,24,22,0,0,0,0,0,0,0,0,6.4,6.46,6.43,9.03,100,0,73,0.63,322,1.18,320.63
2022,10,24,23,0,0,0,0,0,0,0,0,5.69,5.79,5.74,8.61,100,0,72.96,0.74,336.41,1.37,336.8
2022,10,25,0,0,0,0,0,0,0,0,0,5.3,5.19,5.25,8.24,100,0,72.91,0.82,343.46,1.54,344.05
2022,10,25,1,0,0,0,0,0,0,0,0,5.24,4.54,4.89,7.81,100,0,72.85,0.87,342.22,1.66,342.76
2022,10,25,2,0,0,0,0,0,0,0,0,5.26,3.83,4.55,7.45,97.25,0,72.78,0.93,338.38,1.74,339.53
2022,10,25,3,0,0,0,0,0,0,0,0,5.37,3.17,4.27,7.08,92.31,0,72.75,1,337.45,1.8,338.57
2022,10,25,4,0,0,0,0,0,0,0,0,5.49,2.6,4.05,6.84,88,0,72.75,1.06,339.69,1.86,340.35
2022,10,25,5,0,0,0,0,0,0,0,0,5.61,2.01,3.81,6.53,83.81,0,72.77,1.06,339.3,1.83,340.25
2022,10,25,6,0.07,0.08,0.2,7,8.88,1.09,0.01,0.02,5.21,1.44,3.33,6.29,82.94,0,72.81,0.94,338.55,1.72,340.08
2022,10,25,7,0.78,0.79,1.2,93.02,96.83,11.62,0.09,0.45,7.27,2.8,5.04,7.2,82.31,0,72.87,1.05,340.49,1.71,339.9
2022,10,25,8,1.59,1.62,2.16,194.23,199.45,26.52,0.46,2.25,10.18,2.51,6.34,7.2,67.94,0,72.94,1.05,314.4,1.4,314.1
2022,10,25,9,2.24,2.31,2.94,276.98,285.42,40.38,1,5,12.66,1.37,7.02,7.2,57.31,0,72.98,1.18,238.84,1.54,238.49
2022,10,25,10,2.64,2.81,3.5,329.05,344.75,49.42,1.48,7.58,14.01,2.03,8.02,7.63,55.69,0,73,2.34,219.71,3.05,219.81
2022,10,25,11,2.92,3.02,3.78,363.95,371.88,54.5,1.75,9.17,14.45,3.98,9.21,8.36,59.12,0,72.99,3.17,217.89,4.21,217.91
2022,10,25,12,2.9,2.97,3.77,362.38,366.85,53.63,1.7,8.88,14.45,5.36,9.9,8.85,62.94,0,72.95,3.61,218.93,4.83,218.89
2022,10,25,13,2.47,2.64,3.47,306.05,322.92,44.14,1.28,6.6,14.14,6.23,10.18,9.16,66.19,0,72.92,3.85,220.31,5.2,220.25
2022,10,25,14,1.87,2.07,2.9,226.5,250.3,31.39,0.74,3.73,13.47,7.05,10.26,9.4,70.94,0,72.91,3.84,220.46,5.19,220.42
2022,10,25,15,1.11,1.3,2.1,130.48,151.3,16.75,0.27,1.35,12.38,7.94,10.16,9.77,78.94,0,72.94,3.4,219.69,4.59,219.62
2022,10,25,16,0.46,0.5,1.12,51.98,57,7.57,0.05,0.27,10.83,8.37,9.6,9.89,88.81,0,72.99,2.7,219.95,3.7,220.04
2022,10,25,17,0.05,0.04,0.16,4.2,4.6,0.66,0,0.02,8.67,8.35,8.51,9.89,100,0,73.05,1.36,217.07,2.19,216.75
2022,10,25,18,0,0,0,0,0,0,0,0,7.9,8.17,8.03,9.77,100,0,73.11,0.7,218.16,1.45,217.98
2022,10,25,19,0,0,0,0,0,0,0,0,7.44,7.79,7.62,9.52,100,0,73.19,0.63,228.54,1.23,228.34
2022,10,25,20,0,0,0,0,0,0,0,0,7.23,7.52,7.38,9.34,100,0,73.25,0.56,232.97,0.97,232.85
2022,10,25,21,0,0,0,0,0,0,0,0,6.9,6.95,6.93,9.09,100,0,73.28,0.53,254.52,0.91,254.53
2022,10,25,22,0,0,0,0,0,0,0,0,6.39,6.3,6.34,8.73,100,0,73.29,0.51,281.48,0.9,277.5
2022,10,25,23,0,0,0,0,0,0,0,0,5.74,5.74,5.74,8.48,100,0,73.28,0.49,301.91,0.89,297.24
2022,10,26,0,0,0,0,0,0,0,0,0,5.21,4.98,5.09,8.18,100,0,73.27,0.6,320.29,1.07,317.67
2022,10,26,1,0,0,0,0,0,0,0,0,4.57,3.77,4.17,7.69,100,0,73.25,0.68,328.7,1.27,327.58
2022,10,26,2,0,0,0,0,0,0,0,0,4.24,2.64,3.44,7.2,100,0,73.23,0.68,331.07,1.29,329.39
2022,10,26,3,0,0,0,0,0,0,0,0,4,1.56,2.78,6.77,97.94,0,73.22,0.68,334.03,1.28,332.34
2022,10,26,4,0,0,0,0,0,0,0,0,3.99,0.58,2.29,6.35,91.38,0,73.22,0.67,339.44,1.21,336.41
2022,10,26,5,0,0,0,0,0,0,0,0,4.13,-0.23,1.95,5.92,84.94,0,73.25,0.63,344.05,1.1,340.54
2022,10,26,6,0.06,0.06,0.2,5.55,6.5,0.88,0.01,0.02,4.31,-0.81,1.75,5.62,79.75,0,73.29,0.58,348.39,0.99,343.56
2022,10,26,7,0.68,0.66,1.18,74.42,74.77,9.84,0.08,0.4,6.36,-0.57,2.89,6.1,74.44,0,73.35,0.46,322.55,0.74,330.18
2022,10,26,8,1.44,1.47,2.15,165.08,170.17,21.17,0.37,1.8,9.2,-2.19,3.51,5.8,58.5,0,73.41,1.04,244.78,1.36,244.76
2022,10,26,9,2.04,2.13,2.93,238,248.33,32.16,0.78,3.95,10.84,-1.08,4.88,6.1,55.19,0,73.45,2.19,224.42,2.88,224.67
2022,10,26,10,2.41,2.59,3.48,285.58,303.02,39.47,1.16,6.05,11.94,0.33,6.13,6.53,55.12,0,73.46,2.92,221.63,3.87,221.73
2022,10,26,11,2.64,2.9,3.76,316.23,342.58,45.38,1.45,7.73,12.66,1.38,7.02,6.96,55.94,0,73.42,3.45,220.22,4.56,220.35
2022,10,26,12,2.43,2.88,3.75,294.55,340.88,42.59,1.38,7.45,12.96,2.12,7.55,7.32,57.56,0,73.36,3.84,220.21,5.07,220.25
2022,10,26,13,1.82,2.48,3.45,214.35,287.48,29.84,0.87,4.52,12.8,2.86,7.83,7.69,60.88,0,73.29,3.95,221.31,5.24,221.31
2022,10,26,14,1.46,1.82,2.88,167.08,203.67,21.35,0.51,2.6,12.26,3.33,7.8,7.87,64.56,0,73.24,3.83,223.01,5.09,223.07
2022,10,26,15,0.92,1.15,2.08,102.12,124.98,12.89,0.22,1.08,11.33,3.79,7.56,8,69.69,0,73.23,3.46,222.99,4.64,222.95
2022,10,26,16,0.4,0.48,1.11,44.4,53.4,6.59,0.05,0.25,9.92,4.51,7.22,8.18,78.25,0,73.24,2.8,222.96,3.83,222.93
2022,10,26,17,0.05,0.04,0.15,4.05,4.3,0.62,0,0.02,7.64,5.74,6.69,8.67,96.88,0,73.27,1.23,223.45,1.99,223.89
2022,10,26,18,0,0,0,0,0,0,0,0,6.22,5.9,6.05,8.67,100,0,73.31,0.63,245.03,1.28,245.15
2022,10,26,19,0,0,0,0,0,0,0,0,6.01,5.67,5.83,8.54,100,0,73.35,0.57,281.77,1.11,280.99
2022,10,26,20,0,0,0,0,0,0,0,0,5.95,5.07,5.51,8.24,100,0,73.37,0.61,300.2,1.06,299.22
2022,10,26,21,0,0,0,0,0,0,0,0,5.83,4.48,5.15,7.93,100,0,73.37,0.62,304.7,1.04,304.29
2022,10,26,22,0,0,0,0,0,0,0,0,5.71,4.02,4.87,7.75,98.88,0,73.35,0.64,307.57,1.05,307.13
2022,10,26,23,0,0,0,0,0,0,0,0,5.51,3.62,4.57,7.51,97.19,0,73.32,0.64,314.01,1.04,313.78
2022,10,27,0,0,0,0,0,0,0,0,0,5.41,3.25,4.33,7.26,94.75,0,73.28,0.65,319.4,1.04,318.98
2022,10,27,1,0,0,0,0,0,0,0,0,5.31,2.96,4.13,7.02,92.62,0,73.24,0.66,324.62,1.07,324.22
2022,10,27,2,0,0,0,0,0,0,0,0,5.4,2.65,4.03,6.84,89.38,0,73.2,0.68,334.03,1.1,332.89
2022,10,27,3,0,0,0,0,0,0,0,0,5.54,2.31,3.93,6.65,85.75,0,73.18,0.67,340.3,1.07,337.73
2022,10,27,4,0,0,0,0,0,0,0,0,5.55,1.89,3.72,6.41,82.88,0,73.19,0.64,344.44,1.01,341
2022,10,27,5,0,0,0,0,0,0,0,0,5.38,1.36,3.37,6.16,80.88,0,73.21,0.62,349.11,0.97,345.52
2022,10,27,6,0.05,0.04,0.19,4.4,4.92,0.66,0,0.02,5.13,0.82,2.98,5.98,79.38,0,73.26,0.62,353.5,0.95,349.15
2022,10,27,7,0.51,0.5,1.17,53.88,54.67,7.55,0.05,0.27,6.19,1.94,4.06,6.47,80.44,0,73.33,0.54,352.57,0.85,352.09
2022,10,27,8,1.17,1.19,2.13,126.83,131.35,15.57,0.26,1.27,8.75,2.1,5.43,6.71,69.75,0,73.39,0.65,248.71,0.81,248.61
2022,10,27,9,1.82,1.87,2.91,206.45,213.38,26.06,0.61,3.08,10.72,2.65,6.69,7.02,64.06,0,73.43,1.97,214.51,2.55,214.76
2022,10,27,10,2.04,2.32,3.46,235.27,266.02,30.73,0.86,4.5,11.89,3.6,7.75,7.39,62.44,0,73.42,2.58,208.97,3.38,209.17
2022,10,27,11,2.25,2.62,3.74,268.27,306.2,36.3,1.12,6,12.66,4.58,8.62,7.81,62.38,0,73.38,3.13,209.32,4.12,209.38
2022,10,27,12,2.26,2.84,3.73,280.15,342.35,41.16,1.32,7.12,12.97,5.45,9.21,8.18,64,0,73.32,3.53,211.22,4.64,211.23
2022,10,27,13,1.8,2.49,3.43,217,295.42,30.92,0.9,4.7,12.81,6.02,9.41,8.42,66.56,0,73.25,3.68,213.49,4.86,213.54
2022,10,27,14,1.36,1.92,2.86,161.83,221.88,22.04,0.53,2.75,12.26,6.48,9.37,8.61,70.5,0,73.21,3.59,215.35,4.76,215.38
2022,10,27,15,0.82,1.2,2.06,93.62,132.27,12.3,0.21,1.05,11.26,6.62,8.94,8.67,75.81,0,73.2,3.25,217.09,4.34,217.1
2022,10,27,16,0.36,0.49,1.09,40,52.4,6,0.05,0.23,9.9,6.51,8.21,8.61,82.31,0,73.22,2.64,217.55,3.6,217.52
2022,10,27,17,0.04,0.04,0.14,3.52,4.12,0.55,0,0.02,7.58,6.63,7.11,8.67,97.62,0,73.25,1.08,215.3,1.86,215.09
2022,10,27,18,0,0,0,0,0,0,0,0,6.33,5.87,6.1,8.24,100,0,73.3,0.67,220.24,1.3,220.86
2022,10,27,19,0,0,0,0,0,0,0,0,6.01,5.46,5.73,7.93,99.81,0,73.35,0.52,262.23,0.92,259.26
2022,10,27,20,0,0,0,0,0,0,0,0,5.38,5.17,5.28,7.81,100,0,73.38,0.58,310.1,1.01,307.49
2022,10,27,21,0,0,0,0,0,0,0,0,4.94,4.71,4.82,7.63,100,0,73.39,0.68,323.39,1.21,321.57
2022,10,27,22,0,0,0,0,0,0,0,0,4.79,4.16,4.48,7.32,100,0,73.39,0.7,323.13,1.23,320.66
2022,10,27,23,0,0,0,0,0,0,0,0,4.83,3.62,4.23,7.08,96.81,0,73.37,0.65,319.4,1.11,315.86
2022,10,28,0,0,0,0,0,0,0,0,0,4.76,3.12,3.94,6.9,94.44,0,73.35,0.59,316.08,1.01,312.81
2022,10,28,1,0,0,0,0,0,0,0,0,4.87,2.65,3.76,6.71,90.94,0,73.33,0.58,321.58,0.99,316.6
2022,10,28,2,0,0,0,0,0,0,0,0,5.06,2.24,3.65,6.53,87.44,0,73.3,0.6,330.44,0.99,323.31
2022,10,28,3,0,0,0,0,0,0,0,0,5.09,1.94,3.52,6.41,85.31,0,73.27,0.56,338.79,0.92,329.95
2022,10,28,4,0,0,0,0,0,0,0,0,5.01,1.68,3.34,6.29,84.31,0,73.27,0.51,348.52,0.83,339.51
2022,10,28,5,0,0,0,0,0,0,0,0,4.83,1.33,3.08,6.1,83.44,0,73.3,0.48,356.25,0.78,345.4
2022,10,28,6,0.05,0.04,0.18,4.02,4.77,0.6,0,0,4.5,0.86,2.68,5.98,83.25,0,73.35,0.49,359.09,0.79,347.47
2022,10,28,7,0.49,0.5,1.16,52.4,53.08,7.29,0.05,0.27,5.57,1.37,3.48,6.29,81.81,0,73.42,0.54,340.51,0.83,341.4
2022,10,28,8,0.97,1.07,2.12,103.27,113.17,12.73,0.21,1.02,8.35,1.09,4.72,6.47,69,0,73.48,0.82,258.48,1.06,258.94
2022,10,28,9,1.55,1.67,2.9,166.73,180.62,20.59,0.46,2.33,10.25,0.87,5.55,6.53,61.62,0,73.51,2.09,223.34,2.76,223.74
2022,10,28,10,1.87,2.11,3.45,206,231.67,25.86,0.7,3.65,11.46,1.69,6.58,6.9,60.12,0,73.51,2.8,218.88,3.7,219.17
2022,10,28,11,1.95,2.42,3.73,221.38,270.3,28.41,0.83,4.42,12.33,2.56,7.44,7.26,59.75,0,73.46,3.37,218.78,4.45,218.94
2022,10,28,12,2.09,2.75,3.71,254.5,324.77,36.27,1.12,6.05,12.71,3.34,8.02,7.57,60.69,0,73.39,3.75,219.67,4.94,219.68
2022,10,28,13,1.7,2.36,3.41,199.98,271.98,27.28,0.76,3.92,12.58,4.11,8.34,7.87,63.25,0,73.31,3.84,220.63,5.09,220.58
2022,10,28,14,1.27,1.67,2.85,144.58,183.9,18.34,0.41,2.12,12.09,4.82,8.46,8.12,67.19,0,73.25,3.67,220.85,4.88,220.91
2022,10,28,15,0.77,1,2.05,84.02,106.67,10.65,0.16,0.83,11.3,5.47,8.38,8.3,72.81,0,73.21,3.26,221.6,4.36,221.66
2022,10,28,16,0.33,0.4,1.08,36.58,43.62,5.39,0.04,0.17,9.93,5.98,7.95,8.54,81.81,0,73.19,2.52,222.61,3.44,222.52
2022,10,28,17,0.04,0.03,0.14,2.98,3.25,0.45,0,0,7.58,6.59,7.08,8.85,99.62,0,73.2,0.97,225.33,1.69,225.37
2022,10,28,18,0,0,0,0,0,0,0,0,6.44,6.34,6.39,8.67,100,0,73.24,0.64,249.36,1.23,249.15
2022,10,28,19,0,0,0,0,0,0,0,0,6.16,6.03,6.09,8.48,100,0,73.28,0.61,290.98,1.06,290.31
2022,10,28,20,0,0,0,0,0,0,0,0,5.82,5.38,5.6,8.18,100,0,73.31,0.69,324.69,1.16,325.13
2022,10,28,21,0,0,0,0,0,0,0,0,5.84,4.56,5.2,7.87,99.56,0,73.35,0.65,330.68,1.09,332.34
2022,10,28,22,0,0,0,0,0,0,0,0,5.78,3.87,4.83,7.57,96.06,0,73.36,0.61,329.8,1.03,333.43
2022,10,28,23,0,0,0,0,0,0,0,0,5.51,3.26,4.38,7.26,94,0,73.35,0.63,333.43,1.06,336.08
2022,10,29,0,0,0,0,0,0,0,0,0,5.54,2.73,4.14,6.96,90.19,0,73.32,0.68,339.9,1.12,340.8
2022,10,29,1,0,0,0,0,0,0,0,0,5.65,2.16,3.9,6.65,85.62,0,73.28,0.73,342.54,1.17,342.9
2022,10,29,2,0,0,0,0,0,0,0,0,5.55,1.64,3.6,6.35,82.5,0,73.25,0.75,337.98,1.22,337.72
2022,10,29,3,0,0,0,0,0,0,0,0,5.69,0.99,3.34,6.04,77.69,0,73.23,0.75,339.86,1.19,339.31
2022,10,29,4,0,0,0,0,0,0,0,0,5.94,0.05,3,5.68,71.69,0,73.25,0.76,346.96,1.13,345.96
2022,10,29,5,0,0,0,0,0,0,0,0,5.74,-0.78,2.48,5.37,68.62,0,73.29,0.73,1.23,1.06,0.84
2022,10,29,6,0.05,0.05,0.18,4.42,5.1,0.68,0,0.02,5.51,-1.41,2.05,5.13,66.75,0,73.35,0.7,14.81,1.03,13.61
2022,10,29,7,0.54,0.55,1.14,58.42,59.92,7.97,0.05,0.27,6.44,0.53,3.48,5.98,73.06,0,73.42,0.55,19.21,0.86,20.74
2022,10,29,8,1.24,1.26,2.1,137.52,141.9,16.86,0.27,1.3,9.06,0.86,4.96,6.29,64.38,0,73.49,0.37,139.27,0.47,137.02
2022,10,29,9,1.87,1.96,2.88,215.9,227.08,27.98,0.63,3.15,10.76,2.27,6.51,6.96,63.62,0,73.53,1.73,184.14,2.22,184.24
2022,10,29,10,2.35,2.55,3.43,281.8,302.95,39.15,1.09,5.52,11.83,3.48,7.66,7.57,64.12,0,73.52,2.46,191.56,3.22,191.77
2022,10,29,11,2.52,2.83,3.71,308.6,339.65,44.44,1.35,7.15,12.62,4.51,8.56,8.06,64.75,0,73.48,2.89,197.46,3.79,197.65
2022,10,29,12,2.54,2.94,3.7,315.73,359.3,47.52,1.47,7.65,12.99,5.32,9.15,8.42,66.12,0,73.42,3.16,203.14,4.12,203.21
2022,10,29,13,2.24,2.65,3.4,279.6,321.58,41.26,1.18,6.15,12.91,5.9,9.4,8.67,68.44,0,73.35,3.28,208.34,4.29,208.29
2022,10,29,14,1.72,2.09,2.83,210.27,251.85,29.74,0.7,3.48,12.54,6.26,9.4,8.85,71.38,0,73.3,3.21,212.49,4.22,212.45
2022,10,29,15,1.08,1.37,2.03,129.88,162.12,17.34,0.27,1.35,11.82,6.53,9.18,8.97,75.69,0,73.28,2.94,213.31,3.9,213.4
2022,10,29,16,0.48,0.59,1.06,55.15,68.45,7.61,0.05,0.25,10.4,6.95,8.68,9.09,84.56,0,73.28,2.34,213,3.17,213.02
2022,10,29,17,0.05,0.04,0.13,4.1,4.3,0.61,0,0.02,8.12,7.41,7.76,9.34,100,0,73.3,0.92,215.31,1.6,215.24
2022,10,29,18,0,0,0,0,0,0,0,0,7.19,7.01,7.1,9.03,100,0,73.35,0.63,228.54,1.11,228.43
2022,10,29,19,0,0,0,0,0,0,0,0,6.96,6.8,6.88,8.91,100,0,73.4,0.44,265.91,0.69,265.45
2022,10,29,20,0,0,0,0,0,0,0,0,6.37,6.39,6.37,8.73,100,0,73.43,0.51,323.65,0.83,324.52
2022,10,29,21,0,0,0,0,0,0,0,0,5.76,5.69,5.73,8.36,100,0,73.45,0.68,347.4,1.24,347.98
2022,10,29,22,0,0,0,0,0,0,0,0,5.44,4.87,5.15,7.93,100,0,73.46,0.75,350.44,1.42,352.09
2022,10,29,23,0,0,0,0,0,0,0,0,5.4,4.06,4.73,7.51,98.31,0,73.44,0.82,349.55,1.44,350.95
2022,10,30,0,0,0,0,0,0,0,0,0,5.74,3.33,4.54,7.08,90.94,0,73.41,0.81,349.99,1.32,350.09
2022,10,30,1,0,0,0,0,0,0,0,0,5.79,2.72,4.26,6.77,86.25,0,73.36,0.74,350.93,1.22,350.06
2022,10,30,2,0,0,0,0,0,0,0,0,6.18,2.15,4.16,6.47,80.12,0,73.32,0.75,355.83,1.22,353.01
2022,10,30,3,0,0,0,0,0,0,0,0,6.22,1.61,3.91,6.16,76.38,0,73.29,0.73,1.22,1.2,357.75
2022,10,30,4,0,0,0,0,0,0,0,0,6.11,1,3.55,5.92,73.44,0,73.29,0.77,5.83,1.27,2.47
2022,10,30,5,0,0,0,0,0,0,0,0,5.81,0.27,3.04,5.62,71.12,0,73.31,0.79,9.65,1.34,6.04
2022,10,30,6,0.05,0.06,0.17,4.73,6.12,0.77,0,0.02,5.43,-0.53,2.45,5.31,69.19,0,73.37,0.84,10.16,1.44,6.24
2022,10,30,7,0.68,0.69,1.13,75.2,77.9,9.59,0.07,0.33,6.63,1.05,3.84,6.1,73.25,0,73.44,0.85,5.29,1.38,5.19
2022,10,30,8,1.44,1.48,2.09,167.05,173.23,21.46,0.34,1.7,9.37,1.62,5.5,6.53,65,0,73.5,0.26,333.43,0.35,336.3
2022,10,30,9,2.16,2.23,2.87,258.67,266.9,36.24,0.84,4.23,11.67,1.64,6.65,6.77,58.31,0,73.53,1.8,200,2.33,199.77
2022,10,30,10,2.65,2.75,3.42,321.92,331.23,46.91,1.34,6.8,12.63,2.87,7.75,7.39,59.5,0,73.55,2.56,197.6,3.36,197.72
2022,10,30,11,2.89,2.98,3.69,354.83,362.52,52.27,1.61,8.38,13.21,3.98,8.6,7.93,61.5,0,73.52,2.96,200.54,3.91,200.72
2022,10,30,12,2.93,2.96,3.68,362.8,363.25,53.25,1.62,8.4,13.39,4.85,9.12,8.36,63.81,0,73.46,3.25,203.85,4.26,203.93
2022,10,30,13,2.58,2.68,3.38,319.3,328.25,46.31,1.3,6.73,13.16,5.48,9.32,8.61,66.69,0,73.4,3.38,206.39,4.44,206.43
2022,10,30,14,2.02,2.14,2.81,247.88,261.7,34.72,0.8,4,12.68,6.02,9.35,8.79,70.31,0,73.35,3.33,208.13,4.41,208.11
2022,10,30,15,1.3,1.44,2.02,158.1,175.2,21.01,0.33,1.62,11.85,6.51,9.18,8.97,75.75,0,73.33,3.03,210.99,4.03,210.89
2022,10,30,16,0.62,0.65,1.04,72.2,77.58,9.09,0.05,0.3,10.52,6.84,8.68,9.09,84,0,73.33,2.43,213.74,3.3,213.8
2022,10,30,17,0.05,0.04,0.12,4.1,4.48,0.6,0,0.02,8.2,7.37,7.79,9.4,100,0,73.36,0.97,217.15,1.67,216.82
2022,10,30,18,0,0,0,0,0,0,0,0,7.24,7.03,7.14,9.16,100,0,73.4,0.64,226.97,1.2,226.85
2022,10,30,19,0,0,0,0,0,0,0,0,7.12,6.87,6.99,9.03,100,0,73.44,0.5,258.34,0.85,257.76
2022,10,30,20,0,0,0,0,0,0,0,0,6.68,6.48,6.58,8.85,100,0,73.46,0.53,316.19,0.88,316.43
2022,10,30,21,0,0,0,0,0,0,0,0,6.08,5.87,5.98,8.48,100,0,73.47,0.7,340.56,1.21,340.05
2022,10,30,22,0,0,0,0,0,0,0,0,5.82,5.14,5.48,8.12,100,0,73.46,0.77,343.58,1.31,343.07
2022,10,30,23,0,0,0,0,0,0,0,0,5.82,4.44,5.13,7.69,97.81,0,73.44,0.8,344.74,1.36,343.96
2022,10,31,0,0,0,0,0,0,0,0,0,5.83,3.8,4.82,7.32,93,0,73.42,0.82,345.17,1.38,344.55
2022,10,31,1,0,0,0,0,0,0,0,0,5.87,3.2,4.54,6.96,88.38,0,73.39,0.83,345.31,1.38,344.23
2022,10,31,2,0,0,0,0,0,0,0,0,5.94,2.63,4.29,6.65,84.12,0,73.37,0.82,345.7,1.37,344.14
2022,10,31,3,0,0,0,0,0,0,0,0,5.69,2.13,3.91,6.41,82.19,0,73.34,0.77,348.35,1.32,346.62
2022,10,31,4,0,0,0,0,0,0,0,0,5.68,1.67,3.68,6.16,79.38,0,73.34,0.75,355.24,1.3,352.75
2022,10,31,5,0,0,0,0,0,0,0,0,5.67,1.1,3.39,5.92,76.38,0,73.36,0.76,2.95,1.3,359.66
2022,10,31,6,0.05,0.06,0.16,5,6.08,0.78,0.01,0.02,5.61,0.35,2.98,5.68,73.19,0,73.41,0.81,9.46,1.35,4.65
2022,10,31,7,0.68,0.68,1.12,76.58,78.83,9.56,0.07,0.35,6.82,1.84,4.33,6.47,77.25,0,73.49,0.76,7.05,1.25,7.57
2022,10,31,8,1.47,1.48,2.07,173.33,176.77,22.18,0.37,1.8,9.47,2.5,5.98,7.02,69.62,0,73.56,0.34,24.23,0.46,27
2022,10,31,9,2.22,2.23,2.85,266.92,268.98,37.16,0.89,4.42,11.71,2.92,7.31,7.45,63.75,0,73.61,1.45,193.06,1.88,193.69
2022,10,31,10,2.68,2.73,3.4,326.33,328.9,46.95,1.36,6.98,12.79,4.15,8.47,8.06,64.19,0,73.62,2.3,193.94,3.04,194.61
2022,10,31,11,2.97,2.98,3.68,361.05,359.48,52.63,1.66,8.6,13.46,5.26,9.36,8.61,65.44,0,73.59,2.8,198.69,3.68,198.97
2022,10,31,12,2.95,3.01,3.66,360.92,364.98,53.55,1.71,8.98,13.69,6.16,9.93,8.97,67.5,0,73.52,3.11,204.31,4.07,204.5
2022,10,31,13,2.61,2.73,3.36,319.25,330.73,46.86,1.38,7.1,13.48,6.79,10.13,9.22,70.19,0,73.45,3.21,210.25,4.22,210.27
2022,10,31,14,2.13,2.2,2.8,257.77,267.15,36.54,0.87,4.33,13.05,7.19,10.12,9.34,73.12,0,73.39,3.17,214.24,4.18,214.25
2022,10,31,15,1.31,1.48,2,158.92,179.15,21.38,0.35,1.73,12.3,7.48,9.9,9.46,77.31,0,73.38,2.91,215.48,3.87,215.46
2022,10,31,16,0.58,0.66,1.03,67.67,77.52,8.52,0.05,0.27,11.03,7.8,9.41,9.58,85.31,0,73.38,2.36,215.16,3.21,215.08
2022,10,31,17,0.05,0.04,0.11,3.88,4.23,0.56,0,0.02,8.64,8.13,8.39,9.83,100,0,73.38,0.95,216.96,1.66,216.98
2022,10,31,18,0,0,0,0,0,0,0,0,7.73,7.94,7.83,9.64,100,0,73.41,0.64,228.95,1.22,228.88
2022,10,31,19,0,0,0,0,0,0,0,0,7.71,7.78,7.74,9.58,100,0,73.45,0.54,252.35,0.9,252.35
2022,10,31,20,0,0,0,0,0,0,0,0,7.36,7.42,7.39,9.34,100,0,73.49,0.54,297.68,0.87,297.95
2022,10,31,21,0,0,0,0,0,0,0,0,6.72,6.78,6.75,9.03,100,0,73.52,0.67,325.39,1.16,325.99
2022,10,31,22,0,0,0,0,0,0,0,0,6.08,5.89,5.98,8.61,100,0,73.52,0.8,336.43,1.42,336.68
2022,10,31,23,0,0,0,0,0,0,0,0,5.77,4.87,5.32,8.06,100,0,73.5,0.89,338.85,1.56,338.57
2022,11,1,0,0,0,0,0,0,0,0,0,5.71,3.75,4.73,7.51,96,0,73.48,0.91,340.48,1.59,338.98
2022,11,1,1,0,0,0,0,0,0,0,0,5.65,2.65,4.15,6.96,89.88,0,73.46,0.93,343.39,1.63,341.57
2022,11,1,2,0,0,0,0,0,0,0,0,5.63,1.55,3.59,6.53,84.19,0,73.43,0.95,346.19,1.65,343.79
2022,11,1,3,0,0,0,0,0,0,0,0,5.46,0.47,2.97,6.1,79.75,0,73.42,0.89,347.8,1.55,345.68
2022,11,1,4,0,0,0,0,0,0,0,0,5.78,-0.62,2.58,5.68,72.81,0,73.42,0.81,343.83,1.35,341.77
2022,11,1,5,0,0,0,0,0,0,0,0,6.26,-2.01,2.12,5.25,64.88,0,73.45,0.77,336.8,1.17,334.8
2022,11,1,6,0.05,0.06,0.15,4.65,5.85,0.77,0.01,0.02,6.13,-3.42,1.36,4.88,60.62,0,73.49,0.68,330.5,1.01,328.65
2022,11,1,7,0.69,0.71,1.1,78.15,81.67,9.79,0.08,0.38,7.14,-1.4,2.87,5.62,65.12,0,73.55,0.48,319.6,0.75,318.37
2022,11,1,8,1.5,1.53,2.06,175.95,180.92,23.23,0.4,1.98,9.62,-1.19,4.21,6.1,59.94,0,73.61,0.75,243.97,0.97,244.68
2022,11,1,9,2.17,2.24,2.84,258.25,266.77,36.6,0.91,4.52,11.33,-0.52,5.4,6.47,56.62,0,73.64,1.83,222.06,2.38,222.07
2022,11,1,10,2.63,2.74,3.38,317.88,327.8,46.57,1.39,7.17,12.52,0.94,6.73,6.9,56.12,0,73.64,2.58,217.98,3.41,217.92
2022,11,1,11,2.84,2.99,3.66,345.77,359.05,51.49,1.66,8.8,13.29,1.96,7.62,7.26,56.06,0,73.6,3.18,217.83,4.22,217.78
2022,11,1,12,2.89,3.02,3.65,354.48,365.02,53.61,1.75,9.25,13.55,2.55,8.05,7.51,57.06,0,73.55,3.58,218.35,4.74,218.31
2022,11,1,13,2.63,2.74,3.35,320.4,330.92,47.78,1.43,7.38,13.42,3,8.21,7.69,58.94,0,73.48,3.72,219.81,4.94,219.81
2022,11,1,14,2.08,2.21,2.78,252.55,267.38,36.54,0.9,4.5,12.96,3.47,8.21,7.87,62.12,0,73.43,3.64,221.43,4.85,221.41
2022,11,1,15,1.33,1.48,1.98,160.35,179.27,21.89,0.37,1.83,12.12,3.98,8.05,8.06,66.88,0,73.4,3.25,220.12,4.37,220.07
2022,11,1,16,0.6,0.65,1.01,69.88,77.02,8.73,0.06,0.3,10.65,4.76,7.7,8.3,76.12,0,73.39,2.49,217.73,3.43,217.68
2022,11,1,17,0.05,0.04,0.11,3.8,4.05,0.55,0,0.02,7.9,6.05,6.98,8.91,97.88,0,73.41,0.89,216.47,1.6,216.09
2022,11,1,18,0,0,0,0,0,0,0,0,6.7,6.06,6.38,8.79,100,0,73.44,0.54,242.32,0.9,242.1
2022,11,1,19,0,0,0,0,0,0,0,0,6.36,5.8,6.08,8.67,100,0,73.48,0.49,307.23,0.8,306.65
2022,11,1,20,0,0,0,0,0,0,0,0,5.99,5.08,5.54,8.36,100,0,73.51,0.58,333.43,0.98,333.43
2022,11,1,21,0,0,0,0,0,0,0,0,5.55,4.26,4.9,8,100,0,73.53,0.66,334.04,1.17,333.95
2022,11,1,22,0,0,0,0,0,0,0,0,5.14,3.33,4.23,7.51,99.94,0,73.51,0.78,333.95,1.41,333.29
2022,11,1,23,0,0,0,0,0,0,0,0,5.14,2.33,3.73,6.96,92.81,0,73.48,0.85,331.56,1.49,330.07
2022,11,2,0,0,0,0,0,0,0,0,0,5.12,1.35,3.24,6.47,86.12,0,73.44,0.86,329.48,1.48,327.9
2022,11,2,1,0,0,0,0,0,0,0,0,4.95,0.33,2.64,5.98,80.5,0,73.39,0.83,328.85,1.45,327.77
2022,11,2,2,0,0,0,0,0,0,0,0,4.93,-1.02,1.95,5.43,73.5,0,73.33,0.87,329.04,1.48,328.15
2022,11,2,3,0,0,0,0,0,0,0,0,4.71,-2.71,1,4.88,67.12,0,73.29,0.92,335.39,1.52,334.09
2022,11,2,4,0,0,0,0,0,0,0,0,4.51,-4.31,0.09,4.46,62.06,0,73.27,0.93,345.96,1.48,344.43
2022,11,2,5,0,0,0,0,0,0,0,0,4.16,-5.54,-0.69,4.15,59.12,0,73.28,0.91,354.58,1.44,353.14
2022,11,2,6,0.05,0.06,0.15,4.52,5.8,0.75,0.01,0.02,3.72,-6.35,-1.31,3.91,58,0,73.32,0.88,356.93,1.41,357.14
2022,11,2,7,0.72,0.73,1.09,81.6,84.5,10.07,0.07,0.35,5.41,-3.53,0.94,4.94,64.38,0,73.37,0.72,355.03,1.2,355.52
2022,11,2,8,1.55,1.56,2.05,182.98,184.95,24.29,0.41,2,8.84,-3.17,2.83,5.25,54.06,0,73.41,0.39,297.07,0.55,300.55
2022,11,2,9,2.23,2.27,2.82,266.17,270.3,38,0.91,4.58,11.15,-2.78,4.19,5.62,49.62,0,73.43,1.67,221.97,2.18,222.54
2022,11,2,10,2.66,2.76,3.37,321.58,330.35,47.5,1.4,7.2,12.37,-0.84,5.76,6.23,50.81,0,73.42,2.74,217.46,3.66,217.8
2022,11,2,11,2.95,3,3.64,357.38,360.55,53.28,1.7,8.88,12.99,0.55,6.76,6.77,53.06,0,73.38,3.35,218.56,4.47,218.69
2022,11,2,12,2.88,2.98,3.63,351.77,360.05,52.66,1.69,8.88,13.23,1.55,7.4,7.26,55.81,0,73.3,3.75,220.36,5,220.38
2022,11,2,13,2.54,2.71,3.33,308.3,325.73,45.77,1.34,6.83,13.07,2.1,7.58,7.51,58.62,0,73.23,3.97,222.61,5.31,222.61
2022,11,2,14,1.99,2.18,2.76,241.12,261.88,34.76,0.84,4.2,12.49,2.35,7.42,7.63,61.75,0,73.18,3.89,224.67,5.22,224.7
2022,11,2,15,1.29,1.46,1.97,153.85,173.58,20.93,0.34,1.7,11.51,2.62,7.07,7.69,66.5,0,73.16,3.43,224.35,4.65,224.39
2022,11,2,16,0.56,0.63,1,63.83,72.48,8.27,0.05,0.27,10,3.44,6.73,7.93,75.5,0,73.15,2.58,223.03,3.57,223.05
2022,11,2,17,0.04,0.03,0.1,3.23,3.62,0.48,0,0,7.48,5.15,6.31,8.54,96.62,0,73.16,0.94,221.28,1.68,221.41
2022,11,2,18,0,0,0,0,0,0,0,0,6.12,5.07,5.6,8.42,100,0,73.19,0.59,245.81,1.07,244.93
2022,11,2,19,0,0,0,0,0,0,0,0,5.9,4.8,5.35,8.24,100,0,73.22,0.47,301.29,0.77,301.26
2022,11,2,20,0,0,0,0,0,0,0,0,5.71,4.33,5.01,8,100,0,73.25,0.57,344.81,0.94,345.04
2022,11,2,21,0,0,0,0,0,0,0,0,5.55,3.79,4.67,7.63,98.94,0,73.25,0.67,354.69,1.11,354.77
2022,11,2,22,0,0,0,0,0,0,0,0,5.36,3.21,4.29,7.32,95.62,0,73.23,0.7,351.06,1.18,351.22
2022,11,2,23,0,0,0,0,0,0,0,0,5.27,2.68,3.98,6.96,92,0,73.19,0.72,342.94,1.21,342.38
2022,11,3,0,0,0,0,0,0,0,0,0,5.12,2.12,3.62,6.65,88.88,0,73.15,0.75,338.75,1.29,338.26
2022,11,3,1,0,0,0,0,0,0,0,0,4.83,1.28,3.05,6.29,85.56,0,73.11,0.82,341.57,1.39,341.26
2022,11,3,2,0,0,0,0,0,0,0,0,4.48,0.33,2.4,5.92,82.31,0,73.08,0.89,348.29,1.48,348.16
2022,11,3,3,0,0,0,0,0,0,0,0,4.32,-0.49,1.91,5.55,78.44,0,73.05,0.97,355.85,1.6,355.52
2022,11,3,4,0,0,0,0,0,0,0,0,4.19,-1.32,1.43,5.25,74.25,0,73.05,1.05,0,1.73,359.74
2022,11,3,5,0,0,0,0,0,0,0,0,4.16,-2.08,1.04,4.94,70.06,0,73.08,1.08,1.66,1.75,1.28
2022,11,3,6,0.04,0.04,0.14,4.02,4.7,0.65,0,0.02,3.98,-2.69,0.65,4.7,67.56,0,73.14,1.03,2.17,1.7,2.11
2022,11,3,7,0.61,0.61,1.08,67.05,68.42,8.67,0.06,0.3,5.57,-0.42,2.58,5.55,72,0,73.22,0.85,4.24,1.5,3.89
2022,11,3,8,1.36,1.37,2.03,155.62,158.25,19.59,0.3,1.5,9.23,0.14,4.69,6.1,61.25,0,73.29,0.65,348.83,0.88,350.29
2022,11,3,9,2.01,2.07,2.81,236.48,243.65,32.02,0.73,3.62,11.59,-0.58,5.51,6.1,52.56,0,73.33,0.5,213.44,0.68,211.87
2022,11,3,10,2.41,2.59,3.35,288.67,307.4,41.02,1.14,5.88,12.65,-0.25,6.2,6.53,52.5,0,73.34,1.31,202.44,1.75,201.75
2022,11,3,11,2.62,2.83,3.63,315.88,337.42,45.55,1.38,7.2,13.3,0.93,7.12,7.14,54.69,0,73.3,2.13,206.75,2.8,206.35
2022,11,3,12,2.66,2.9,3.61,326.73,350.25,48.67,1.5,7.9,13.55,2.64,8.09,7.75,58.75,0,73.24,2.76,209.46,3.64,209.42
2022,11,3,13,2.41,2.57,3.31,291.35,308.02,41.77,1.16,5.9,13.34,3.55,8.45,8.12,62,0,73.16,3.11,212.05,4.11,212.03
2022,11,3,14,1.77,1.98,2.75,212.02,234.92,29.01,0.66,3.3,12.66,4.05,8.36,8.24,65.88,0,73.11,3.17,213.53,4.22,213.45
2022,11,3,15,1.05,1.2,1.95,118.55,135,14.8,0.23,1.12,11.69,4.45,8.07,8.36,70.88,0,73.09,2.91,212.97,3.95,212.97
2022,11,3,16,0.43,0.47,0.99,47.9,52.17,6.79,0.04,0.2,10.12,5.44,7.78,8.67,81.69,0,73.1,2.32,209.67,3.25,209.64
2022,11,3,17,0.03,0.03,0.1,2.55,2.73,0.4,0,0,7.9,6.57,7.24,9.09,99.56,0,73.14,1,206.97,1.66,206.81
2022,11,3,18,0,0,0,0,0,0,0,0,7.19,6.61,6.9,9.03,100,0,73.2,0.52,212.01,0.91,211.64
2022,11,3,19,0,0,0,0,0,0,0,0,7.26,6.42,6.84,8.91,100,0,73.25,0.32,249.78,0.46,248.2
2022,11,3,20,0,0,0,0,0,0,0,0,7.02,5.7,6.36,8.61,100,0,73.29,0.44,339.33,0.66,339.84
2022,11,3,21,0,0,0,0,0,0,0,0,6.73,4.65,5.69,8.18,97.56,0,73.3,0.63,357.17,1.01,357.34
2022,11,3,22,0,0,0,0,0,0,0,0,6.28,3.59,4.94,7.75,95.31,0,73.3,0.78,5.77,1.31,5.81
2022,11,3,23,0,0,0,0,0,0,0,0,6.15,2.51,4.33,7.26,89.88,0,73.28,0.85,16.09,1.39,16.3
2022,11,4,0,0,0,0,0,0,0,0,0,6.19,1.62,3.91,6.84,84.44,0,73.27,0.74,27.65,1.18,28.09
2022,11,4,1,0,0,0,0,0,0,0,0,6.2,1.08,3.65,6.53,81.06,0,73.27,0.66,36.87,1.02,36
2022,11,4,2,0,0,0,0,0,0,0,0,6.14,0.81,3.48,6.35,79.12,0,73.28,0.68,37,1.02,35.64
2022,11,4,3,0,0,0,0,0,0,0,0,6.09,0.52,3.3,6.16,76.81,0,73.29,0.67,24.17,1.01,23.2
2022,11,4,4,0,0,0,0,0,0,0,0,6,-0.07,2.96,5.86,73.31,0,73.31,0.72,6.2,1.11,6.47
2022,11,4,5,0,0,0,0,0,0,0,0,5.76,-1.43,2.17,5.31,68,0,73.36,0.81,3.33,1.24,3.6
2022,11,4,6,0.04,0.04,0.13,3.7,4.17,0.59,0,0.02,5.73,-2.67,1.54,4.88,62.5,0,73.42,0.86,12.02,1.3,12.12
2022,11,4,7,0.57,0.57,1.06,60.3,61.75,7.91,0.05,0.25,6.57,-0.85,2.86,5.49,66.44,0,73.48,0.74,22.25,1.23,22
2022,11,4,8,1.3,1.31,2.02,145.85,148.33,18.03,0.28,1.38,9.58,-0.77,4.41,6.04,59.69,0,73.54,0.58,83.07,0.78,81.38
2022,11,4,9,1.94,1.97,2.79,223.1,228.2,29.25,0.65,3.23,11.37,1.44,6.4,6.84,60.12,0,73.57,1.61,157.17,2.07,157.31
2022,11,4,10,2.43,2.48,3.34,285.9,290.8,38.97,1.05,5.38,12.52,2.47,7.5,7.39,60.06,0,73.56,2.06,170.61,2.65,170.51
2022,11,4,11,2.66,2.78,3.61,318.02,329.95,45.03,1.34,7,13.26,3.44,8.35,7.93,61.06,0,73.51,2.45,180.36,3.19,180.42
2022,11,4,12,2.78,2.9,3.6,339.6,350,50.12,1.53,7.95,13.56,4.4,8.98,8.36,63.38,0,73.45,2.71,185.79,3.54,185.82
2022,11,4,13,2.45,2.61,3.3,299.27,314.67,43.42,1.22,6.33,13.46,5.06,9.26,8.67,66.06,0,73.39,2.82,188.76,3.68,188.66
2022,11,4,14,1.91,2.07,2.73,230.25,249.12,32.3,0.73,3.65,12.93,5.42,9.17,8.79,69.38,0,73.35,2.74,189.87,3.6,189.87
2022,11,4,15,1.23,1.35,1.94,144.98,160.85,18.97,0.29,1.42,12.14,5.74,8.94,8.91,73.81,0,73.33,2.53,190.48,3.38,190.53
2022,11,4,16,0.53,0.56,0.97,59.45,64.23,7.58,0.05,0.23,10.72,6.47,8.59,9.16,83.19,0,73.34,2.09,190.34,2.86,190.39
2022,11,4,17,0.03,0.03,0.09,2.67,2.98,0.41,0,0,8.29,7.46,7.87,9.52,100,0,73.38,0.77,188.21,1.37,188.55
2022,11,4,18,0,0,0,0,0,0,0,0,7.7,7.54,7.62,9.46,100,0,73.44,0.36,173.8,0.63,175.76
2022,11,4,19,0,0,0,0,0,0,0,0,7.44,7.4,7.43,9.4,100,0,73.5,0.13,96.71,0.22,102.09
2022,11,4,20,0,0,0,0,0,0,0,0,6.96,7.09,7.03,9.22,100,0,73.56,0.33,40.16,0.6,34.93
2022,11,4,21,0,0,0,0,0,0,0,0,6.43,6.51,6.47,8.91,100,0,73.6,0.56,25.5,1.06,22.04
2022,11,4,22,0,0,0,0,0,0,0,0,6.37,5.76,6.06,8.54,100,0,73.62,0.56,22.99,1.03,19.54
2022,11,4,23,0,0,0,0,0,0,0,0,6.7,5.31,6.01,8.3,99.44,0,73.61,0.38,22.89,0.68,18.64
2022,11,5,0,0,0,0,0,0,0,0,0,6.83,5.16,5.99,8.18,97.19,0,73.57,0.3,13.67,0.52,11.31
2022,11,5,1,0,0,0,0,0,0,0,0,6.73,5.03,5.88,8.06,96.62,0,73.54,0.29,9.21,0.51,7.02
2022,11,5,2,0,0,0,0,0,0,0,0,6.76,4.94,5.85,8,95.19,0,73.51,0.37,2.44,0.59,1.51
2022,11,5,3,0,0,0,0,0,0,0,0,6.76,4.75,5.76,7.81,93.5,0,73.5,0.5,2.68,0.73,2.46
2022,11,5,4,0,0,0,0,0,0,0,0,6.13,4.31,5.22,7.57,94.62,0,73.5,0.63,6.42,0.96,6.55
2022,11,5,5,0,0,0,0,0,0,0,0,5.64,3.63,4.64,7.26,93.38,0,73.52,0.72,11.31,1.14,11.46
2022,11,5,6,0.04,0.04,0.13,3.83,4.5,0.6,0,0.02,5.19,2.83,4.01,6.84,90.88,0,73.58,0.79,15.55,1.29,15.47
2022,11,5,7,0.64,0.64,1.05,72.02,74.58,8.88,0.05,0.27,6.57,3.33,4.95,7.14,86.75,0,73.64,0.79,16.65,1.3,17.46
2022,11,5,8,1.42,1.44,2,168.27,171.62,21.85,0.34,1.67,9.62,2.7,6.16,7.26,71.44,0,73.7,0.46,118.3,0.59,115.89
2022,11,5,9,2.08,2.13,2.78,248.85,255.62,34.8,0.8,3.95,11.34,2.07,6.7,7.32,64.31,0,73.73,1.7,173.92,2.17,174
2022,11,5,10,2.6,2.68,3.32,317.3,324.42,46.8,1.33,6.77,12.35,2.87,7.61,7.69,63.25,0,73.71,2.16,181.66,2.79,181.76
2022,11,5,11,2.82,2.92,3.59,346.48,354.73,51.52,1.58,8.17,13.01,3.92,8.47,8.12,63.81,0,73.67,2.58,188.72,3.35,188.85
2022,11,5,12,2.86,2.88,3.58,352,352.2,51.8,1.56,8.08,13.32,4.81,9.06,8.48,65.19,0,73.61,2.91,194.45,3.78,194.47
2022,11,5,13,2.48,2.61,3.28,306.33,319.02,44.82,1.24,6.35,13.15,5.55,9.36,8.79,68.19,0,73.56,3.08,196.5,3.99,196.48
2022,11,5,14,1.94,2.09,2.72,237.23,256.42,33.77,0.76,3.75,12.58,6.12,9.35,8.97,72.38,0,73.53,2.94,196.66,3.82,196.62
2022,11,5,15,1.22,1.39,1.93,147.73,169.48,19.86,0.3,1.48,11.59,6.33,8.97,9.03,77.5,0,73.52,2.6,196.91,3.4,196.81
2022,11,5,16,0.52,0.58,0.96,60.27,69.4,7.45,0.04,0.23,10.3,6.39,8.34,8.97,84.19,0,73.54,2.08,198.16,2.77,198.23
2022,11,5,17,0.03,0.03,0.09,2.8,3.02,0.41,0,0,8.11,7.01,7.56,9.28,100,0,73.57,0.86,198.6,1.46,198.43
2022,11,5,18,0,0,0,0,0,0,0,0,7.25,7,7.12,9.16,100,0,73.6,0.44,215.66,0.77,213.05
2022,11,5,19,0,0,0,0,0,0,0,0,6.81,6.81,6.81,9.03,100,0,73.65,0.26,280.3,0.44,279.13
2022,11,5,20,0,0,0,0,0,0,0,0,6.19,6.44,6.32,8.79,100,0,73.68,0.36,331.19,0.75,337.2
2022,11,5,21,0,0,0,0,0,0,0,0,5.51,5.76,5.63,8.42,100,0,73.7,0.62,352.79,1.28,355.09
2022,11,5,22,0,0,0,0,0,0,0,0,5.1,4.55,4.83,7.81,100,0,73.69,0.83,356.76,1.59,358.6
2022,11,5,23,0,0,0,0,0,0,0,0,5.37,3.14,4.26,7.08,93.31,0,73.67,0.83,355.15,1.44,356.27
2022,11,6,0,0,0,0,0,0,0,0,0,5.63,1.99,3.81,6.53,84.25,0,73.63,0.73,350.13,1.2,350.29
2022,11,6,1,0,0,0,0,0,0,0,0,5.69,1.13,3.41,6.1,78.31,0,73.58,0.7,347.68,1.13,346.44
2022,11,6,2,0,0,0,0,0,0,0,0,6.01,0.15,3.08,5.68,71.25,0,73.54,0.75,344.38,1.15,342.67
2022,11,6,3,0,0,0,0,0,0,0,0,5.87,-0.73,2.58,5.31,67.56,0,73.52,0.75,340.63,1.17,338.77
2022,11,6,4,0,0,0,0,0,0,0,0,5.51,-1.68,1.91,5,64.94,0,73.53,0.72,337.62,1.11,335.96
2022,11,6,5,0,0,0,0,0,0,0,0,5.12,-2.89,1.12,4.64,61.81,0,73.55,0.76,339.51,1.14,338.2
2022,11,6,6,0.04,0.04,0.12,3.3,4.02,0.54,0,0.02,4.76,-3.98,0.4,4.27,59,0,73.59,0.81,344.89,1.2,343.69
2022,11,6,7,0.58,0.59,1.03,62.9,64.9,8.12,0.05,0.25,5.49,-1.85,1.82,5.13,67.25,0,73.64,0.67,345.8,1.1,345.17
2022,11,6,8,1.38,1.43,1.99,160.95,168.42,20.9,0.32,1.6,8.6,-2.77,2.92,5.19,55,0,73.69,0.63,278.53,0.81,280.55
2022,11,6,9,2.08,2.16,2.76,248.98,258.88,35.05,0.8,3.98,10.58,-2.4,4.09,5.43,50.5,0,73.71,1.57,218.35,2.04,218.8
2022,11,6,10,2.47,2.65,3.3,299.55,319.15,44.07,1.23,6.25,11.8,-0.81,5.5,5.98,51,0,73.69,2.42,211.95,3.21,212.26
2022,11,6,11,2.65,2.89,3.58,324.58,348.9,48.36,1.47,7.67,12.47,0.6,6.54,6.47,52.81,0,73.64,3.05,212.88,4.04,213.01
2022,11,6,12,2.52,2.84,3.57,312.8,345.92,46.81,1.43,7.52,12.68,1.51,7.09,6.9,55.12,0,73.57,3.47,214.73,4.59,214.8
2022,11,6,13,2.05,2.57,3.27,252.23,311.25,37.77,1.05,5.35,12.49,2.14,7.31,7.2,58.31,0,73.5,3.7,216.24,4.9,216.12
2022,11,6,14,1.62,2.05,2.7,199.52,248,28.96,0.66,3.3,11.96,2.58,7.27,7.39,62.25,0,73.45,3.55,217.4,4.73,217.34
2022,11,6,15,1.01,1.34,1.91,121.83,161.6,16.84,0.26,1.27,11.11,2.87,6.99,7.51,66.69,0,73.41,3.17,217.29,4.26,217.25
2022,11,6,16,0.4,0.55,0.95,47.45,64.48,6.33,0.04,0.17,9.65,3.74,6.69,7.75,76.12,0,73.41,2.56,216.8,3.55,216.77
2022,11,6,17,0.03,0.03,0.08,2.4,2.75,0.38,0,0,7.31,5.31,6.31,8.42,96.38,0,73.42,0.96,218.73,1.71,218.7
2022,11,6,18,0,0,0,0,0,0,0,0,6.28,5.45,5.87,8.36,100,0,73.45,0.64,240.95,1.22,239.66
2022,11,6,19,0,0,0,0,0,0,0,0,6.15,5.44,5.8,8.36,100,0,73.49,0.59,273.01,1.02,273.06
2022,11,6,20,0,0,0,0,0,0,0,0,5.95,5.07,5.51,8.18,100,0,73.52,0.59,306.42,1.01,306.16
2022,11,6,21,0,0,0,0,0,0,0,0,5.89,4.55,5.22,7.87,100,0,73.52,0.67,320.19,1.13,320.04
2022,11,6,22,0,0,0,0,0,0,0,0,5.89,4.01,4.95,7.63,96.31,0,73.51,0.73,315.87,1.21,315.78
2022,11,6,23,0,0,0,0,0,0,0,0,5.61,3.51,4.56,7.32,94.31,0,73.48,0.73,310.67,1.23,310.36
2022,11,7,0,0,0,0,0,0,0,0,0,5.36,2.96,4.15,7.02,92.12,0,73.44,0.78,310.1,1.3,309.63
2022,11,7,1,0,0,0,0,0,0,0,0,5.21,2.31,3.76,6.65,88.62,0,73.4,0.78,327.26,1.32,327.06
2022,11,7,2,0,0,0,0,0,0,0,0,5.18,1.43,3.3,6.29,83.38,0,73.36,0.84,339.19,1.39,338.5
2022,11,7,3,0,0,0,0,0,0,0,0,5.08,0.67,2.88,5.92,79.44,0,73.35,0.86,342.06,1.38,340.54
2022,11,7,4,0,0,0,0,0,0,0,0,4.8,0.01,2.4,5.62,77.12,0,73.36,0.87,345.96,1.41,343.88
2022,11,7,5,0,0,0,0,0,0,0,0,4.57,-0.57,2,5.37,74.75,0,73.39,0.87,354.34,1.44,351.56
2022,11,7,6,0.04,0.04,0.12,3.62,3.95,0.54,0,0.02,4.39,-1.16,1.62,5.13,72.44,0,73.45,0.89,357.49,1.46,354.17
2022,11,7,7,0.46,0.58,1.02,52.5,65.8,7.29,0.05,0.25,5.3,0.45,2.87,5.86,77.62,0,73.51,0.74,355.79,1.31,354.19
2022,11,7,8,1.1,1.36,1.97,131.92,160.65,17.94,0.29,1.42,8.21,1.15,4.69,6.35,68.38,0,73.57,0.71,317.68,0.93,319.09
2022,11,7,9,1.84,2.06,2.74,223,247.95,31.36,0.72,3.58,10.76,1.19,5.98,6.65,60.5,0,73.6,1.85,230.66,2.41,230.53
2022,11,7,10,2.13,2.58,3.29,265.2,312.45,39.7,1.12,5.83,11.98,2.43,7.2,7.2,60.69,0,73.59,2.82,218.81,3.75,218.83
2022,11,7,11,2.29,2.83,3.56,285.58,343.33,43.6,1.35,7.17,12.59,3.9,8.25,7.87,63.38,0,73.54,3.38,216.82,4.51,216.83
2022,11,7,12,1.92,2.73,3.55,241.62,330.33,36.53,1.12,6.05,12.68,4.97,8.83,8.3,66.38,0,73.46,3.76,219.44,5.02,219.51
2022,11,7,13,1.54,2.46,3.25,190.45,295.7,28.8,0.8,4.17,12.44,5.58,9.01,8.48,69.19,0,73.38,3.84,221.12,5.12,221.1
2022,11,7,14,1.23,1.94,2.69,151.38,231.33,22.08,0.51,2.55,11.92,6.01,8.97,8.67,72.69,0,73.32,3.59,220.94,4.81,220.91
2022,11,7,15,0.77,1.23,1.9,92.67,143.7,12.77,0.2,0.98,11.08,6.54,8.81,8.85,78.38,0,73.31,3.17,220,4.28,219.97
2022,11,7,16,0.32,0.47,0.93,37.35,52.77,5.31,0.03,0.15,9.73,6.9,8.31,8.97,87.06,0,73.31,2.44,220.72,3.37,220.67
2022,11,7,17,0.03,0.02,0.08,2.02,2.25,0.31,0,0,7.54,7.11,7.33,9.09,100,0,73.34,0.96,223.34,1.75,223.55
2022,11,7,18,0,0,0,0,0,0,0,0,6.72,6.78,6.75,8.85,100,0,73.39,0.65,233.82,1.32,232.93
2022,11,7,19,0,0,0,0,0,0,0,0,6.63,6.53,6.58,8.67,100,0,73.44,0.51,256.81,0.88,257.2
2022,11,7,20,0,0,0,0,0,0,0,0,6.46,6.12,6.3,8.48,100,0,73.46,0.45,315,0.76,314.17
2022,11,7,21,0,0,0,0,0,0,0,0,5.91,5.4,5.65,8.18,100,0,73.47,0.58,335.49,1.03,333.82
2022,11,7,22,0,0,0,0,0,0,0,0,5.68,4.65,5.16,7.81,100,0,73.46,0.6,337.09,1.12,337.01
2022,11,7,23,0,0,0,0,0,0,0,0,5.58,4.04,4.81,7.57,97.62,0,73.44,0.63,334.08,1.11,332.9
2022,11,8,0,0,0,0,0,0,0,0,0,5.44,3.36,4.4,7.2,94.38,0,73.41,0.62,322.7,1.05,321.34
2022,11,8,1,0,0,0,0,0,0,0,0,5.67,2.83,4.25,6.96,89.62,0,73.39,0.65,316.47,1.03,312.86
2022,11,8,2,0,0,0,0,0,0,0,0,5.48,2.37,3.92,6.77,87.94,0,73.37,0.65,312.09,1.04,309.53
2022,11,8,3,0,0,0,0,0,0,0,0,5.43,2.07,3.75,6.59,85.81,0,73.34,0.63,334.08,1,329.65
2022,11,8,4,0,0,0,0,0,0,0,0,5.42,1.65,3.54,6.35,82.94,0,73.34,0.64,339.36,1.04,334.78
2022,11,8,5,0,0,0,0,0,0,0,0,5.13,0.96,3.05,6.04,80.75,0,73.38,0.69,336.04,1.14,331.33
2022,11,8,6,0.04,0.03,0.11,2.92,2.85,0.43,0,0,4.94,-0.01,2.47,5.68,77.19,0,73.43,0.76,336.88,1.22,333.27
2022,11,8,7,0.42,0.45,1,46.15,48.88,6.43,0.04,0.2,5.78,0.77,3.27,6.04,77,0,73.5,0.6,335.43,1.06,331.73
2022,11,8,8,1.05,1.2,1.96,119.08,135.75,14.91,0.23,1.15,8.43,0.44,4.44,6.35,67.69,0,73.58,0.88,283.79,1.19,284.86
2022,11,8,9,1.57,1.92,2.73,189.2,225.5,25.88,0.61,3.1,10.55,-0.35,5.09,6.35,58.75,0,73.63,1.9,239.64,2.52,239.46
2022,11,8,10,2.05,2.42,3.27,249.35,287.6,35.11,1,5.33,11.78,0.4,6.08,6.77,57.5,0,73.63,2.83,228.92,3.8,229.08
2022,11,8,11,2.22,2.7,3.55,273.77,322.4,40.88,1.28,7.02,12.26,1.37,6.82,7.14,58.94,0,73.59,3.36,227.26,4.53,227.31
2022,11,8,12,2.22,2.72,3.53,273.7,325.98,40.19,1.25,6.83,12.45,2.13,7.3,7.45,60.62,0,73.53,3.6,228.6,4.85,228.59
2022,11,8,13,1.94,2.44,3.24,233.88,289.35,33.77,0.95,5.05,12.19,2.33,7.26,7.51,62.19,0,73.45,3.57,230.5,4.84,230.43
2022,11,8,14,1.39,1.88,2.67,166.35,221.15,23.33,0.54,2.75,11.65,2.44,7.05,7.51,64.56,0,73.4,3.41,230.95,4.67,230.98
2022,11,8,15,0.91,1.17,1.88,106.35,134.2,15.12,0.24,1.2,10.8,2.78,6.79,7.63,69.06,0,73.38,2.97,229.81,4.11,229.71
2022,11,8,16,0.31,0.4,0.92,35.33,44.3,5.12,0.03,0.15,9.49,3.61,6.55,7.87,77.75,0,73.37,2.14,226.77,3.04,226.87
2022,11,8,17,0.02,0.02,0.07,1.73,1.88,0.27,0,0,7.14,5.05,6.09,8.3,96.44,0,73.39,0.79,229.4,1.51,229.82
2022,11,8,18,0,0,0,0,0,0,0,0,6,4.66,5.33,8.12,100,0,73.44,0.62,257.7,1.13,257.6
2022,11,8,19,0,0,0,0,0,0,0,0,5.8,4.26,5.03,7.87,100,0,73.49,0.58,306.25,1.01,304.92
2022,11,8,20,0,0,0,0,0,0,0,0,5.44,3.56,4.5,7.57,98.81,0,73.52,0.67,329.84,1.23,329.85
2022,11,8,21,0,0,0,0,0,0,0,0,5.04,2.55,3.8,7.08,94.88,0,73.54,0.77,334.74,1.38,333.73
2022,11,8,22,0,0,0,0,0,0,0,0,5.08,1.44,3.26,6.53,87.69,0,73.53,0.78,331.89,1.33,330.42
2022,11,8,23,0,0,0,0,0,0,0,0,5.05,0.47,2.76,6.1,82.06,0,73.51,0.74,326.65,1.24,325.01
2022,11,9,0,0,0,0,0,0,0,0,0,5.31,-0.77,2.26,5.68,74.94,0,73.49,0.8,316.59,1.25,314.75
2022,11,9,1,0,0,0,0,0,0,0,0,5.3,-1.85,1.73,5.31,70.5,0,73.46,0.84,307.83,1.28,306.59
2022,11,9,2,0,0,0,0,0,0,0,0,5.09,-2.74,1.18,5.07,67.94,0,73.44,0.87,303.98,1.32,303.12
2022,11,9,3,0,0,0,0,0,0,0,0,4.87,-3.54,0.67,4.82,65.88,0,73.42,0.85,304.86,1.28,304.08
2022,11,9,4,0,0,0,0,0,0,0,0,4.68,-4.14,0.27,4.64,64.12,0,73.41,0.8,308.22,1.19,307.55
2022,11,9,5,0,0,0,0,0,0,0,0,4.58,-4.82,-0.12,4.46,61.69,0,73.43,0.72,313.69,1.06,312.61
2022,11,9,6,0.03,0.03,0.1,2.6,2.75,0.39,0,0,4.66,-5.99,-0.67,4.15,57.75,0,73.46,0.67,322.59,0.95,323.32
2022,11,9,7,0.47,0.46,0.99,48.23,49.5,6.49,0.04,0.2,5.26,-4.52,0.37,4.64,61.75,0,73.51,0.5,331.03,0.78,333.95
2022,11,9,8,1.16,1.17,1.94,124.58,128.65,14.92,0.22,1.08,8.05,-2.53,2.76,5.43,59.38,0,73.56,0.34,260.75,0.44,262.87
2022,11,9,9,1.77,1.85,2.71,198.88,208.83,25.48,0.55,2.73,10.26,-2.63,3.82,5.49,51.75,0,73.59,1.55,213.69,2.03,213.38
2022,11,9,10,2.27,2.39,3.25,263.62,275.1,35.5,0.94,4.77,11.43,-1.12,5.15,5.92,51.94,0,73.59,2.27,207.45,2.98,207.44
2022,11,9,11,2.39,2.65,3.53,281.1,308.67,39.05,1.12,5.88,12.07,0.33,6.2,6.47,53.81,0,73.56,2.8,206.92,3.68,206.89
2022,11,9,12,2.35,2.67,3.52,281.67,314.65,39.92,1.16,6.08,12.28,1.39,6.83,6.84,56.38,0,73.5,3.18,209.08,4.17,209.01
2022,11,9,13,2.09,2.35,3.22,247.67,274.45,33.71,0.91,4.7,12.07,2.15,7.11,7.2,59.88,0,73.45,3.38,211.6,4.45,211.65
2022,11,9,14,1.54,1.79,2.66,179.08,206.08,23.4,0.51,2.55,11.45,2.81,7.13,7.45,64.5,0,73.42,3.31,214.81,4.37,214.8
2022,11,9,15,0.9,1.08,1.87,100.88,120.73,12.55,0.18,0.9,10.5,3.09,6.8,7.51,69.38,0,73.4,2.97,217.2,3.96,217.14
2022,11,9,16,0.32,0.38,0.91,35.4,41.6,5.08,0.03,0.15,9,3.42,6.21,7.63,77.81,0,73.4,2.37,216.95,3.25,217.09
2022,11,9,17,0.02,0.02,0.07,1.48,1.62,0.23,0,0,6.27,4.35,5.31,7.87,97.31,0,73.43,0.97,217.15,1.72,217.6
2022,11,9,18,0,0,0,0,0,0,0,0,5.1,4.57,4.83,7.87,100,0,73.47,0.62,245.38,1.05,245.34
2022,11,9,19,0,0,0,0,0,0,0,0,4.8,4.34,4.57,7.75,100,0,73.52,0.53,297.32,0.88,298.16
2022,11,9,20,0,0,0,0,0,0,0,0,4.37,3.57,3.97,7.45,100,0,73.55,0.55,320.19,0.92,323.62
2022,11,9,21,0,0,0,0,0,0,0,0,4.05,2.81,3.43,7.08,100,0,73.56,0.56,330.95,0.96,333.43
2022,11,9,22,0,0,0,0,0,0,0,0,3.76,1.91,2.83,6.65,97.81,0,73.56,0.65,340.25,1.1,342.6
2022,11,9,23,0,0,0,0,0,0,0,0,3.62,0.87,2.24,6.16,91.62,0,73.54,0.7,343.79,1.15,345.4
2022,11,10,0,0,0,0,0,0,0,0,0,3.34,-0.3,1.52,5.68,86.06,0,73.51,0.76,346.39,1.22,346.68
2022,11,10,1,0,0,0,0,0,0,0,0,2.92,-1.33,0.8,5.25,82.06,0,73.47,0.82,349.55,1.33,349.55
2022,11,10,2,0,0,0,0,0,0,0,0,2.53,-2.75,-0.11,4.76,76.81,0,73.44,0.91,351.1,1.48,351.18
2022,11,10,3,0,0,0,0,0,0,0,0,2.33,-4.2,-0.94,4.33,70.75,0,73.42,0.96,352.53,1.56,352.8
2022,11,10,4,0,0,0,0,0,0,0,0,2.28,-5.56,-1.64,3.97,65,0,73.4,0.96,352.07,1.54,352.73
2022,11,10,5,0,0,0,0,0,0,0,0,2.34,-6.72,-2.19,3.66,59.88,0,73.42,0.89,348.89,1.42,349.25
2022,11,10,6,0.03,0.02,0.1,2.42,2.55,0.37,0,0,2.33,-7.92,-2.8,3.42,55.94,0,73.47,0.75,343.07,1.2,345.33
2022,11,10,7,0.46,0.46,0.98,49.7,50.92,6.66,0.04,0.17,3.76,-6,-1.12,3.97,58.5,0,73.53,0.51,340.17,0.85,343.91
2022,11,10,8,1.16,1.18,1.92,128.98,133.77,15.76,0.22,1.08,6.89,-3.69,1.6,4.7,55.69,0,73.58,0.1,225,0.09,245.56
2022,11,10,9,1.83,1.89,2.7,213.33,221.75,28.19,0.59,2.92,9.09,-3.46,2.82,4.76,48.69,0,73.61,1.15,192.99,1.49,193.96
2022,11,10,10,2.22,2.47,3.24,268.17,295.83,38.43,1.01,5.1,10.44,-1.94,4.26,5.25,48.94,0,73.59,2.09,200.13,2.75,200.65
2022,11,10,11,2.47,2.74,3.51,301.42,328.1,43.75,1.27,6.58,11.15,-0.51,5.33,5.8,51.38,0,73.53,2.73,206.71,3.59,207.07
2022,11,10,12,2.42,2.66,3.5,293.7,318.12,41.91,1.2,6.2,11.41,0.5,5.95,6.23,54.25,0,73.44,3.15,213.06,4.13,213.12
2022,11,10,13,1.96,2.37,3.21,238.95,282.42,33.8,0.89,4.58,11.3,1.13,6.21,6.53,57.5,0,73.36,3.39,217.69,4.45,217.8
2022,11,10,14,1.42,1.83,2.65,169.52,217.5,23.19,0.48,2.4,10.86,1.47,6.16,6.77,61.06,0,73.3,3.41,221,4.51,221
2022,11,10,15,0.78,1.13,1.86,91.62,131.08,12.01,0.16,0.83,10.01,1.66,5.83,6.9,65.94,0,73.27,3.29,222.3,4.44,222.29
2022,11,10,16,0.3,0.41,0.9,35.02,45.8,5.01,0.02,0.12,8.47,2.33,5.4,7.2,75.94,0,73.29,2.74,221.06,3.81,220.84
2022,11,10,17,0.02,0.02,0.07,1.52,1.73,0.23,0,0,5.93,3.68,4.8,7.63,96.25,0,73.33,1.16,226.09,1.97,225.16
2022,11,10,18,0,0,0,0,0,0,0,0,5.01,3.97,4.49,7.63,100,0.01,73.39,0.76,245.02,1.35,244.32
2022,11,10,19,0,0,0,0,0,0,0,0,4.73,3.83,4.28,7.51,100,0.01,73.44,0.7,273.86,1.18,273.41
2022,11,10,20,0,0,0,0,0,0,0,0,4.45,3.39,3.92,7.32,100,0.01,73.47,0.69,284.35,1.17,283.94
2022,11,10,21,0,0,0,0,0,0,0,0,3.92,2.73,3.33,7.08,100,0.01,73.47,0.77,284.18,1.24,285.35
2022,11,10,22,0,0,0,0,0,0,0,0,3.45,2.25,2.85,6.84,100,0.01,73.47,0.69,293.37,1.16,293.1
2022,11,10,23,0,0,0,0,0,0,0,0,3,1.76,2.38,6.59,100,0,73.45,0.64,306.03,1.11,304.36
2022,11,11,0,0,0,0,0,0,0,0,0,2.63,1.16,1.9,6.29,100,0,73.42,0.7,319.95,1.22,317.08
2022,11,11,1,0,0,0,0,0,0,0,0,2.19,0.33,1.26,5.92,97.25,0,73.38,0.79,327.09,1.39,324.16
2022,11,11,2,0,0,0,0,0,0,0,0,1.78,-0.59,0.6,5.55,93.56,0,73.33,0.86,331.35,1.52,329.09
2022,11,11,3,0,0,0,0,0,0,0,0,1.54,-1.52,0.01,5.13,88.69,0,73.3,0.93,335.6,1.59,334.06
2022,11,11,4,0,0,0,0,0,0,0,0,1.38,-2.38,-0.5,4.82,83.69,0,73.29,0.95,338.29,1.61,337.79
2022,11,11,5,0,0,0,0,0,0,0,0,1.31,-3.12,-0.91,4.52,79.12,0,73.3,0.93,341.41,1.54,341.38
2022,11,11,6,0.03,0.02,0.09,2.38,2.48,0.36,0,0,1.3,-3.7,-1.2,4.27,75.38,0,73.34,0.88,343.98,1.43,344.53
2022,11,11,7,0.5,0.5,0.96,53.5,54.77,6.98,0.03,0.17,2.47,-2.24,0.11,4.82,78.19,0,73.4,0.69,345.49,1.22,346.68
2022,11,11,8,1.3,1.29,1.91,147.33,148.3,18.23,0.23,1.17,6.14,-1.63,2.26,5.25,65.69,0,73.46,0.68,277.94,0.92,282.74
2022,11,11,9,1.97,1.99,2.68,229.62,234.23,30.87,0.62,3.05,8.11,-2.52,2.8,4.88,53.19,0,73.5,1.79,231.38,2.36,231.31
2022,11,11,10,2.26,2.5,3.22,269.02,295.62,38.3,0.95,4.75,9.36,-1.98,3.69,5.07,50.75,0,73.5,2.61,220.99,3.44,221.04
2022,11,11,11,2.42,2.75,3.5,293.52,326.67,42.59,1.17,6.02,10.17,-1.33,4.42,5.37,50.62,0,73.45,3.27,218.7,4.31,218.74
2022,11,11,12,1.99,2.54,3.49,241.2,297.77,33.68,0.91,4.73,10.38,-0.69,4.85,5.62,52.38,0,73.4,3.68,218.72,4.86,218.73
2022,11,11,13,1.59,2.24,3.19,187.73,260.95,25.51,0.62,3.12,10.18,-0.11,5.04,5.86,55.5,0,73.34,3.78,219.81,5.01,219.75
2022,11,11,14,1.16,1.72,2.63,135.83,196.5,17.82,0.35,1.75,9.69,0.34,5.01,6.1,59.69,0,73.3,3.67,220.43,4.89,220.4
2022,11,11,15,0.69,1.04,1.85,77.48,115.23,9.69,0.12,0.62,8.8,0.84,4.83,6.41,66.25,0,73.28,3.41,220.54,4.6,220.45
2022,11,11,16,0.27,0.36,0.89,29.75,40.05,4.23,0.02,0.1,7.35,1.65,4.51,6.77,77.69,0,73.28,2.72,221.74,3.78,221.56
2022,11,11,17,0.02,0.01,0.06,1.42,1.52,0.22,0,0,4.92,2.66,3.79,7.2,97,0.02,73.31,1.29,228.19,2.08,226.67
2022,11,11,18,0,0,0,0,0,0,0,0,3.86,3.03,3.44,7.26,100,0.02,73.34,0.81,249.64,1.32,249.52
2022,11,11,19,0,0,0,0,0,0,0,0,3.33,2.74,3.04,7.14,100,0.01,73.38,0.62,285.45,1.06,284.55
2022,11,11,20,0,0,0,0,0,0,0,0,2.81,2.09,2.45,6.84,100,0.01,73.41,0.65,312.09,1.11,311.87
2022,11,11,21,0,0,0,0,0,0,0,0,2.16,0.95,1.56,6.41,100,0.01,73.42,0.74,326.14,1.26,326.6
2022,11,11,22,0,0,0,0,0,0,0,0,1.67,-0.45,0.61,5.92,100,0.01,73.42,0.81,333.19,1.38,332.71
2022,11,11,23,0,0,0,0,0,0,0,0,1.33,-1.79,-0.23,5.43,95.44,0.01,73.39,0.87,338.96,1.48,338.59
2022,11,12,0,0,0,0,0,0,0,0,0,1.05,-3.07,-1.01,5,89.69,0,73.35,0.92,344.19,1.54,342.94
2022,11,12,1,0,0,0,0,0,0,0,0,0.76,-4.33,-1.78,4.64,84.38,0,73.32,0.96,345.85,1.62,344.89
2022,11,12,2,0,0,0,0,0,0,0,0,0.48,-5.74,-2.63,4.27,79,0,73.28,1.01,343.81,1.69,342.82
2022,11,12,3,0,0,0,0,0,0,0,0,0.15,-7.11,-3.48,3.85,73.25,0,73.25,1.08,341.43,1.82,340.71
2022,11,12,4,0,0,0,0,0,0,0,0,-0.06,-8.17,-4.12,3.54,67.81,0,73.23,1.13,341.82,1.91,341.12
2022,11,12,5,0,0,0,0,0,0,0,0,-0.14,-8.89,-4.52,3.23,62.69,0,73.23,1.14,343.3,1.91,342.9
2022,11,12,6,0.03,0.02,0.09,1.88,2,0.26,0,0,-0.23,-9.45,-4.84,2.99,58.44,0,73.27,1.14,345.77,1.91,345.05
2022,11,12,7,0.43,0.42,0.95,42.67,43.4,5.27,0.02,0.12,0.91,-6.95,-3.02,3.6,64.56,0,73.32,0.98,347.52,1.76,346.89
2022,11,12,8,1.18,1.17,1.89,125.58,126.8,14.8,0.19,0.92,4.95,-4.41,0.27,4.33,58.44,0,73.37,0.78,324.73,1.18,326.31
2022,11,12,9,1.74,1.79,2.66,192.12,200.25,23.71,0.46,2.27,7.56,-4.75,1.4,4.33,48.88,0,73.4,1.65,244.16,2.21,244.7
2022,11,12,10,2.23,2.28,3.21,254.08,260.98,31.97,0.75,3.75,9.11,-3.75,2.68,4.76,48.19,0,73.39,2.8,227.49,3.78,227.93
2022,11,12,11,2.52,2.52,3.48,292.7,292.6,36.97,0.94,4.7,10.05,-2.51,3.77,5.25,49.94,0,73.34,3.62,226.49,4.88,226.49
2022,11,12,12,2.26,2.5,3.47,263.35,289.02,33.76,0.88,4.5,10.48,-1.21,4.63,5.74,53.31,0,73.28,4.14,227.14,5.58,227.1
2022,11,12,13,1.74,2.21,3.18,198.02,251.42,25.43,0.6,3.05,10.39,0.06,5.23,6.29,58.44,0.01,73.22,4.37,228.84,5.91,228.75
2022,11,12,14,1.28,1.68,2.62,146.4,187.45,18.41,0.36,1.77,9.95,0.83,5.39,6.59,62.88,0.01,73.16,4.31,232.51,5.87,232.35
2022,11,12,15,0.88,1.02,1.83,94.85,110.45,11.47,0.15,0.7,9.07,1.34,5.21,6.77,68.5,0.01,73.14,3.93,234.22,5.42,234.09
2022,11,12,16,0.26,0.32,0.88,26.9,33.15,3.42,0.02,0.08,7.62,2.2,4.91,7.08,79.25,0.01,73.13,2.96,236.52,4.18,236.13
2022,11,12,17,0.02,0.01,0.06,1.08,1.17,0.15,0,0,4.82,2.82,3.82,7.26,98.5,0.02,73.14,1.27,245.97,2.25,243.61
2022,11,12,18,0,0,0,0,0,0,0,0,3.19,2.48,2.83,7.08,100,0.01,73.17,0.85,260.45,1.72,261.1
2022,11,12,19,0,0,0,0,0,0,0,0,2.7,1.72,2.21,6.84,100,0.01,73.21,0.8,276.71,1.52,278.25
2022,11,12,20,0,0,0,0,0,0,0,0,2.4,0.82,1.61,6.47,100,0,73.25,0.8,289.5,1.46,289.12
2022,11,12,21,0,0,0,0,0,0,0,0,1.86,-0.21,0.82,6.1,100,0,73.26,0.82,309.17,1.5,306.09
2022,11,12,22,0,0,0,0,0,0,0,0,1.47,-1.42,0.02,5.68,97.69,0,73.25,0.89,321.42,1.6,318.16
2022,11,12,23,0,0,0,0,0,0,0,0,1.33,-2.44,-0.56,5.25,91.5,0,73.21,0.85,322.82,1.54,319.75
2022,11,13,0,0,0,0,0,0,0,0,0,1.53,-3.22,-0.85,4.94,84.94,0,73.18,0.83,318.81,1.46,314.35
2022,11,13,1,0,0,0,0,0,0,0,0,1.74,-3.83,-1.04,4.7,79.81,0,73.16,0.82,315.77,1.42,309.4
2022,11,13,2,0,0,0,0,0,0,0,0,1.55,-4.27,-1.36,4.52,77.94,0,73.13,0.82,316.15,1.43,309.89
2022,11,13,3,0,0,0,0,0,0,0,0,1.1,-4.63,-1.77,4.39,77.94,0,73.11,0.76,316.66,1.32,312.36
2022,11,13,4,0,0,0,0,0,0,0,0,0.77,-4.82,-2.02,4.33,78.06,0,73.12,0.69,317.77,1.18,313.93
2022,11,13,5,0,0,0,0,0,0,0,0,0.55,-4.77,-2.11,4.27,78.62,0,73.15,0.64,321.45,1.1,319.62
2022,11,13,6,0.03,0.02,0.08,1.88,2.05,0.27,0,0,0.73,-4.72,-1.99,4.21,76.88,0,73.2,0.64,330,1.06,328.31
2022,11,13,7,0.43,0.43,0.93,44.23,45.55,5.41,0.02,0.12,1.82,-3.35,-0.77,4.7,78.81,0,73.26,0.56,328.08,0.99,330.59
2022,11,13,8,1.19,1.21,1.88,130.95,136.42,15.66,0.2,0.98,5.56,-0.4,2.58,5.68,73.38,0,73.33,0.26,281.98,0.5,279.9
2022,11,13,9,1.88,1.92,2.65,214.2,221.62,27.03,0.52,2.6,7.98,-0.63,3.68,5.68,62.25,0,73.38,1.43,216.81,1.91,217.85
2022,11,13,10,2.27,2.42,3.19,263.75,281.73,34.57,0.84,4.17,9.48,0.39,4.94,6.1,60.25,0,73.38,2.43,216.35,3.23,216.84
2022,11,13,11,2.44,2.68,3.47,286.55,312.5,38.31,1.02,5.17,10.58,1.5,6.04,6.53,60,0,73.33,3.03,215.66,4.02,215.82
2022,11,13,12,2.23,2.5,3.46,259.67,287.92,33.59,0.88,4.5,11.08,2.55,6.82,6.96,61.62,0,73.26,3.54,216.46,4.7,216.49
2022,11,13,13,1.91,2.23,3.16,218.77,254.95,28.11,0.66,3.33,10.96,3.24,7.1,7.2,64.44,0,73.2,3.71,219.53,4.93,219.47
2022,11,13,14,1.47,1.71,2.61,167.48,194.15,21.01,0.41,2,10.6,3.4,7,7.26,66.56,0,73.15,3.54,221.33,4.73,221.32
2022,11,13,15,0.99,1.07,1.82,108.8,118.05,13.06,0.16,0.8,9.76,3.33,6.55,7.26,70.19,0,73.13,3.25,221.39,4.41,221.26
2022,11,13,16,0.32,0.36,0.87,33.27,38.15,4.16,0.02,0.1,8.12,3.56,5.84,7.39,79.62,0,73.15,2.38,223.8,3.33,223.76
2022,11,13,17,0.02,0.01,0.06,1.12,1.35,0.16,0,0,5.49,3.62,4.55,7.32,95,0,73.19,0.88,238.43,1.55,237.99
2022,11,13,18,0,0,0,0,0,0,0,0,4.59,3.16,3.88,7.08,97.81,0,73.23,0.63,289.56,1.06,288.97
2022,11,13,19,0,0,0,0,0,0,0,0,3.89,2.53,3.21,6.84,99.19,0,73.28,0.7,327.38,1.18,326.31
2022,11,13,20,0,0,0,0,0,0,0,0,3.47,1.56,2.51,6.47,96.94,0,73.33,0.77,334.74,1.29,334.84
2022,11,13,21,0,0,0,0,0,0,0,0,3.05,0.59,1.82,6.1,94.44,0,73.36,0.85,333.9,1.44,333.3
2022,11,13,22,0,0,0,0,0,0,0,0,2.73,-0.51,1.11,5.74,90.5,0,73.37,0.91,336.74,1.55,335.51
2022,11,13,23,0,0,0,0,0,0,0,0,2.57,-1.63,0.47,5.37,85.88,0,73.35,0.93,339.27,1.56,337.67
2022,11,14,0,0,0,0,0,0,0,0,0,2.76,-2.85,-0.04,5,79.38,0,73.33,0.97,337.77,1.57,335.34
2022,11,14,1,0,0,0,0,0,0,0,0,2.37,-4.06,-0.85,4.7,76.19,0,73.31,0.99,334.85,1.62,332.69
2022,11,14,2,0,0,0,0,0,0,0,0,1.64,-5.09,-1.73,4.33,73.88,0,73.29,1,341.85,1.68,341.06
2022,11,14,3,0,0,0,0,0,0,0,0,1.64,-5.88,-2.12,4.03,68.56,0,73.28,0.96,345.4,1.6,344.74
2022,11,14,4,0,0,0,0,0,0,0,0,1.9,-6.24,-2.17,3.85,64.19,0,73.29,0.87,341.24,1.46,340.88
2022,11,14,5,0,0,0,0,0,0,0,0,2.09,-6.56,-2.24,3.66,60.88,0,73.32,0.82,337.59,1.34,337.46
2022,11,14,6,0.03,0.02,0.07,1.73,1.83,0.24,0,0,2.3,-7.15,-2.42,3.54,57.88,0,73.38,0.77,334.21,1.23,333.11
2022,11,14,7,0.4,0.39,0.92,41.35,41.95,5.07,0.02,0.12,3.37,-5.52,-1.08,3.97,60.44,0,73.45,0.63,329.28,1.02,328.51
2022,11,14,8,1.15,1.16,1.86,128.33,131.92,15.16,0.2,0.98,6.69,-2.5,2.1,4.88,58.81,0,73.5,0.5,282.72,0.75,283.17
2022,11,14,9,1.8,1.84,2.63,208.05,214.02,25.88,0.51,2.52,8.92,-2.86,3.03,4.82,49.56,0,73.54,1.68,228.76,2.24,229.38
2022,11,14,10,2.24,2.33,3.18,262.7,273.05,33.77,0.82,4.15,10.2,-1.32,4.44,5.25,49.56,0,73.52,2.45,221.77,3.27,222.29
2022,11,14,11,2.48,2.57,3.45,293.02,302.55,38.04,1.01,5.15,11.12,-0.1,5.51,5.62,50.06,0,73.45,3.19,221.82,4.25,222.1
2022,11,14,12,2.02,2.37,3.44,235.27,273.48,30.21,0.8,4.12,11.41,0.73,6.07,5.92,51.62,0,73.36,3.65,224.05,4.9,224.03
2022,11,14,13,1.77,2.09,3.15,204,239.42,25.56,0.62,3.15,11.3,1.26,6.28,6.16,53.88,0,73.29,3.84,226.49,5.17,226.41
2022,11,14,14,1.31,1.59,2.59,149.58,179.95,18.41,0.36,1.77,10.84,1.52,6.18,6.29,56.56,0,73.23,3.71,228.76,5.02,228.72
2022,11,14,15,0.87,0.98,1.81,94.9,108.15,11.27,0.15,0.73,9.92,1.8,5.86,6.41,61.31,0,73.2,3.19,229.37,4.38,229.2
2022,11,14,16,0.3,0.32,0.86,32.02,35.25,4.01,0.02,0.1,8.26,2.58,5.42,6.77,72.69,0,73.18,2.1,230.88,3.02,230.46
2022,11,14,17,0.02,0.01,0.05,1.08,1.23,0.15,0,0,5.46,2.83,4.15,6.84,88.56,0,73.2,0.85,244.38,1.57,244.71
2022,11,14,18,0,0,0,0,0,0,0,0,4.47,2.11,3.29,6.47,89.88,0,73.24,0.74,280.95,1.42,278.84
2022,11,14,19,0,0,0,0,0,0,0,0,4.29,1.47,2.87,6.16,87.5,0,73.29,0.77,296.04,1.47,291.91
2022,11,14,20,0,0,0,0,0,0,0,0,4.19,0.79,2.49,5.92,84.31,0,73.33,0.78,297.6,1.49,293.2
2022,11,14,21,0,0,0,0,0,0,0,0,3.84,-0.09,1.87,5.62,82,0,73.35,0.81,297.55,1.53,292.78
2022,11,14,22,0,0,0,0,0,0,0,0,3.53,-0.95,1.29,5.31,79.44,0,73.36,0.83,298.74,1.53,294.73
2022,11,14,23,0,0,0,0,0,0,0,0,3.69,-1.74,0.97,5.07,74.75,0,73.34,0.85,302.96,1.47,298.2
2022,11,15,0,0,0,0,0,0,0,0,0,3.63,-2.4,0.62,4.82,71.88,0,73.31,0.85,304.13,1.41,299.12
2022,11,15,1,0,0,0,0,0,0,0,0,3.48,-2.95,0.26,4.7,69.94,0,73.29,0.86,303.11,1.39,298.87
2022,11,15,2,0,0,0,0,0,0,0,0,3.21,-3.35,-0.07,4.52,69.12,0,73.26,0.88,302.98,1.42,298.69
2022,11,15,3,0,0,0,0,0,0,0,0,2.94,-3.63,-0.35,4.39,68.75,0,73.24,0.86,304.27,1.38,300.19
2022,11,15,4,0,0,0,0,0,0,0,0,2.64,-3.84,-0.6,4.33,68.88,0,73.24,0.85,311.28,1.36,307.53
2022,11,15,5,0,0,0,0,0,0,0,0,2.21,-4.04,-0.92,4.27,69.62,0,73.26,0.85,317.97,1.37,315.46
2022,11,15,6,0.03,0.02,0.07,1.83,1.95,0.26,0,0,1.58,-4.24,-1.33,4.15,71.38,0,73.32,0.85,322.5,1.4,321.34
2022,11,15,7,0.44,0.45,0.9,47.62,49.7,5.57,0.02,0.12,2.65,-3.05,-0.2,4.52,72,0,73.38,0.79,328.84,1.36,326.22
2022,11,15,8,1.17,1.19,1.85,131.2,136.77,15.51,0.2,0.95,6.48,-0.56,2.96,5.49,66.75,0,73.43,0.77,301.26,1.17,303.06
2022,11,15,9,1.82,1.86,2.62,210,216.17,26.34,0.5,2.48,9.12,-1.03,4.05,5.25,53.31,0,73.46,1.78,246.7,2.4,246.78
2022,11,15,10,2.25,2.33,3.16,262.4,272.83,34,0.8,4.02,10.48,-0.23,5.12,5.55,51.81,0,73.44,2.81,230.42,3.78,230.71
2022,11,15,11,2.34,2.54,3.44,276.8,299.7,36.37,0.95,4.77,11.24,0.58,5.9,5.92,52.25,0,73.38,3.46,227.01,4.64,227.05
2022,11,15,12,2.4,2.56,3.43,285.7,303.7,37.44,0.97,4.88,11.51,1.33,6.42,6.29,54.12,0,73.3,3.86,226.64,5.17,226.53
2022,11,15,13,2.09,2.25,3.14,245.4,265,31.3,0.73,3.7,11.33,1.94,6.64,6.53,57.31,0,73.24,4.01,227.61,5.39,227.47
2022,11,15,14,1.56,1.71,2.58,180.77,198.98,22.24,0.41,2.05,10.8,2.37,6.58,6.77,61.38,0,73.18,3.88,228.67,5.24,228.57
2022,11,15,15,0.9,1.01,1.8,101.33,115.33,12.05,0.15,0.73,9.8,2.69,6.24,6.96,67.25,0,73.15,3.44,229.88,4.69,229.66
2022,11,15,16,0.33,0.34,0.85,35.4,37.05,4.37,0.02,0.1,8.15,3.23,5.69,7.26,78.19,0,73.14,2.47,231.54,3.48,231.02
2022,11,15,17,0.02,0.01,0.05,1.08,1.2,0.16,0,0,5.35,3.55,4.45,7.32,95.75,0,73.15,1.04,238.22,1.81,236.45
2022,11,15,18,0,0,0,0,0,0,0,0,4.24,3.35,3.8,7.14,100,0.01,73.18,0.76,266.46,1.32,266.28
2022,11,15,19,0,0,0,0,0,0,0,0,3.72,2.94,3.33,6.96,100,0,73.21,0.75,301.37,1.31,301.14
2022,11,15,20,0,0,0,0,0,0,0,0,3.21,2.2,2.7,6.65,100,0,73.22,0.74,320.58,1.31,319.36
2022,11,15,21,0,0,0,0,0,0,0,0,2.81,1.33,2.08,6.29,98.81,0,73.21,0.8,327.4,1.39,325.77
2022,11,15,22,0,0,0,0,0,0,0,0,2.52,0.45,1.48,5.92,95.06,0,73.2,0.83,332.47,1.44,330.79
2022,11,15,23,0,0,0,0,0,0,0,0,2.3,-0.42,0.94,5.62,90.88,0,73.17,0.83,336.8,1.44,334.68
2022,11,16,0,0,0,0,0,0,0,0,0,2.15,-1.24,0.45,5.25,86.5,0,73.15,0.83,339,1.44,336.64
2022,11,16,1,0,0,0,0,0,0,0,0,2.25,-2.04,0.1,4.94,80.81,0,73.12,0.88,342.37,1.48,338.31
2022,11,16,2,0,0,0,0,0,0,0,0,1.87,-2.73,-0.43,4.7,78.44,0,73.09,0.9,343.92,1.55,339.65
2022,11,16,3,0,0,0,0,0,0,0,0,1.15,-3.36,-1.1,4.46,78.25,0,73.08,0.9,345.36,1.6,342.1
2022,11,16,4,0,0,0,0,0,0,0,0,0.8,-3.96,-1.59,4.21,76.56,0,73.08,0.93,348.31,1.66,345.57
2022,11,16,5,0,0,0,0,0,0,0,0,0.55,-4.55,-2,4.03,74.44,0,73.11,0.95,350.07,1.69,347.44
2022,11,16,6,0.03,0.02,0.06,1.58,1.7,0.23,0,0,0.37,-5.08,-2.35,3.85,72.19,0,73.15,0.97,350.69,1.69,348.79
2022,11,16,7,0.41,0.42,0.89,42.4,43.95,5.19,0.02,0.12,1.65,-3.87,-1.11,4.27,72.62,0,73.21,0.87,352.23,1.59,348.97
2022,11,16,8,1.09,1.14,1.83,119.48,127.02,14.45,0.18,0.9,5.33,-1.84,1.75,5.07,66.5,0,73.27,0.77,322.43,1.11,324.74
2022,11,16,9,1.71,1.87,2.6,195.6,215.67,24.95,0.48,2.4,7.88,-1.12,3.38,5.43,59.94,0,73.3,1.61,240.32,2.12,240.88
2022,11,16,10,2.06,2.37,3.14,238.15,276,31.56,0.77,3.85,9.35,-0.08,4.63,5.92,59,0,73.3,2.64,223.08,3.53,223.48
2022,11,16,11,2.41,2.62,3.42,283.38,306.88,37.65,0.99,5.05,10.27,0.97,5.62,6.35,59.44,0,73.26,3.34,221.68,4.44,221.79
2022,11,16,12,2.11,2.54,3.41,248.75,297.7,32.97,0.88,4.55,10.58,1.7,6.14,6.65,61.19,0,73.18,3.78,223.07,5.03,223.11
2022,11,16,13,1.77,2.24,3.12,206.3,259.62,26.84,0.65,3.3,10.37,2.08,6.23,6.84,63.56,0.02,73.1,3.91,226.38,5.21,226.28
2022,11,16,14,1.25,1.7,2.57,141.25,194.58,17.91,0.34,1.7,9.9,2.39,6.14,6.96,66.88,0.1,73.05,3.8,229.08,5.11,229.03
2022,11,16,15,0.81,1.04,1.79,88.9,114.58,10.92,0.14,0.67,9.02,2.92,5.98,7.14,72.75,0.07,73.03,3.54,228.75,4.83,228.74
2022,11,16,16,0.3,0.35,0.89,30.95,37.08,3.91,0.02,0.1,7.49,3.75,5.62,7.51,84.5,0.29,73.02,2.76,229.24,3.87,229.01
2022,11,16,17,0,0,0,0,0,0,0,0,5.09,4.24,4.66,7.69,100,0.17,73.03,1.27,238.55,2.12,235.96
2022,11,16,18,0,0,0,0,0,0,0,0,4.37,4,4.18,7.51,100,0,73.07,1.11,253.22,1.8,250.7
2022,11,16,19,0,0,0,0,0,0,0,0,3.74,3.13,3.44,7.2,100,0,73.11,0.75,265.83,1.33,266.3
2022,11,16,20,0,0,0,0,0,0,0,0,3.03,1.84,2.44,6.84,100,0,73.15,0.65,278.33,1.26,277.83
2022,11,16,21,0,0,0,0,0,0,0,0,2.5,0.43,1.46,6.41,100,0,73.16,0.69,293.96,1.3,291.8
2022,11,16,22,0,0,0,0,0,0,0,0,1.85,-1.06,0.4,5.92,99.69,0,73.16,0.74,309.88,1.36,306.61
2022,11,16,23,0,0,0,0,0,0,0,0,1.31,-2.42,-0.55,5.49,95.62,0,73.15,0.8,320.12,1.42,317.01
2022,11,17,0,0,0,0,0,0,0,0,0,1.16,-3.64,-1.24,5.07,89.44,0,73.12,0.82,328.28,1.38,326.58
2022,11,17,1,0,0,0,0,0,0,0,0,0.94,-4.59,-1.82,4.7,84.62,0,73.09,0.78,329.83,1.3,329.27
2022,11,17,2,0,0,0,0,0,0,0,0,0.84,-5.38,-2.27,4.46,80.06,0,73.06,0.76,329.74,1.26,328.98
2022,11,17,3,0,0,0,0,0,0,0,0,0.77,-6.18,-2.7,4.21,76,0,73.04,0.74,331.82,1.2,332.1
2022,11,17,4,0,0,0,0,0,0,0,0,0.7,-6.9,-3.1,4.03,72.88,0,73.03,0.71,335.4,1.14,336.08
2022,11,17,5,0,0,0,0,0,0,0,0,0.52,-7.57,-3.52,3.85,70.94,0,73.04,0.71,341.97,1.11,342.45
2022,11,17,6,0.03,0.02,0.06,1.45,1.58,0.2,0,0,0.32,-7.83,-3.76,3.72,69.88,0,73.07,0.7,350.33,1.11,351.07
2022,11,17,7,0.36,0.4,0.87,39.35,43.23,4.9,0.02,0.1,1.4,-6.45,-2.52,4.03,70,0,73.13,0.66,353.21,1.05,353.61
2022,11,17,8,0.99,1.14,1.82,111.33,128.38,13.68,0.17,0.85,4.49,-3.13,0.68,5.07,70.75,0,73.19,0.3,305.36,0.45,310.82
2022,11,17,9,1.61,1.81,2.59,184.4,209.23,23.38,0.45,2.2,6.55,-3.12,1.72,5.19,62.5,0,73.22,1.6,224.01,2.07,224.24
2022,11,17,10,2.07,2.29,3.13,241,266.42,31.18,0.74,3.73,7.97,-1.95,3.01,5.49,60,0,73.21,2.34,219.32,3.07,219.43
2022,11,17,11,2.03,2.54,3.41,237.88,294.73,31.74,0.84,4.3,9.05,-0.91,4.08,5.74,58.25,0,73.16,2.89,219.19,3.83,219.28
2022,11,17,12,1.92,2.44,3.4,225.17,280.65,29.48,0.77,4.02,9.65,0.15,4.9,6.04,58.88,0,73.09,3.39,218.54,4.5,218.58
2022,11,17,13,1.57,2.13,3.11,177.35,239.83,22.81,0.54,2.73,9.57,1.12,5.34,6.35,62.06,0,73.03,3.62,217.81,4.83,217.78
2022,11,17,14,1.41,1.63,2.56,156.48,179.17,19.14,0.36,1.8,8.94,1.86,5.4,6.53,67,0,72.99,3.55,217.12,4.76,217.19
2022,11,17,15,0.78,0.92,1.78,82.75,97.15,10.02,0.12,0.6,8.07,2.51,5.29,6.77,73.31,0,72.98,3.16,215.74,4.28,215.78
2022,11,17,16,0.28,0.32,0.88,28.92,32.85,3.63,0.02,0.08,6.72,3.26,4.99,7.08,84.19,0,72.99,2.43,213.59,3.37,213.65
2022,11,17,17,0,0,0,0,0,0,0,0,4.65,3.79,4.22,7.32,100,0,73.01,1.18,212.53,1.99,212.51
2022,11,17,18,0,0,0,0,0,0,0,0,4.07,3.8,3.94,7.32,100,0,73.05,0.91,213.83,1.54,213.85
2022,11,17,19,0,0,0,0,0,0,0,0,3.84,3.85,3.84,7.32,100,0,73.11,0.56,221.63,0.98,220.8
2022,11,17,20,0,0,0,0,0,0,0,0,3.73,3.69,3.72,7.26,100,0,73.15,0.3,252.03,0.47,247.31
2022,11,17,21,0,0,0,0,0,0,0,0,3.33,3.43,3.37,7.14,100,0,73.18,0.25,312.51,0.38,312.51
2022,11,17,22,0,0,0,0,0,0,0,0,3.02,3.05,3.03,6.96,100,0,73.19,0.38,322.43,0.61,325.91
2022,11,17,23,0,0,0,0,0,0,0,0,2.74,2.53,2.64,6.77,100,0,73.18,0.52,333.05,0.82,337.09
2022,11,18,0,0,0,0,0,0,0,0,0,2.48,1.88,2.19,6.53,100,0,73.15,0.59,343.95,0.93,346.9
2022,11,18,1,0,0,0,0,0,0,0,0,2.09,1.18,1.63,6.23,100,0,73.14,0.61,348.84,0.95,352.41
2022,11,18,2,0,0,0,0,0,0,0,0,1.89,0.48,1.19,5.98,99.69,0,73.11,0.64,351.57,0.99,354.56
2022,11,18,3,0,0,0,0,0,0,0,0,1.59,-0.29,0.65,5.68,96.69,0,73.09,0.73,357.54,1.15,359.61
2022,11,18,4,0,0,0,0,0,0,0,0,1.2,-1.17,0.02,5.31,93.56,0,73.08,0.81,3.3,1.32,4.4
2022,11,18,5,0,0,0,0,0,0,0,0,1.16,-2.14,-0.49,4.94,87.31,0,73.11,0.93,5.81,1.51,6.54
2022,11,18,6,0.02,0.01,0.06,1.15,1.25,0.16,0,0,1.21,-3.16,-0.97,4.58,80.38,0,73.17,0.97,8.33,1.57,9.14
2022,11,18,7,0.35,0.35,0.86,36.23,36.9,4.52,0.02,0.1,2.39,-3.02,-0.31,4.64,74.62,0,73.24,0.9,11.99,1.48,12.5
2022,11,18,8,1.06,1.07,1.8,114.75,117.52,13.52,0.17,0.83,5.58,-1.13,2.23,5.37,69.38,0,73.31,0.58,32.41,0.86,30.07
2022,11,18,9,1.67,1.71,2.57,188.3,195.62,23.22,0.45,2.2,8.12,-1.42,3.35,5.49,59.5,0,73.35,0.95,169.61,1.24,169.47
2022,11,18,10,2.05,2.21,3.11,235.62,255.15,30.06,0.72,3.6,9.65,-0.96,4.34,5.68,55.62,0,73.35,1.92,191.04,2.5,190.43
2022,11,18,11,2.23,2.5,3.39,261.38,291.85,34.25,0.91,4.73,10.45,0.18,5.31,5.98,55.5,0,73.31,2.51,196.8,3.3,196.5
2022,11,18,12,2.13,2.45,3.39,250.02,285.42,32.7,0.88,4.52,10.85,1.19,6.01,6.29,56.75,0,73.26,2.88,198.04,3.82,197.88
2022,11,18,13,1.9,2.21,3.1,220.45,255.35,28.52,0.69,3.48,10.87,1.76,6.31,6.47,58.31,0,73.2,3.04,197.36,4.05,197.28
2022,11,18,14,1.46,1.72,2.55,169.27,197.52,21.54,0.43,2.12,10.37,2.04,6.2,6.59,61.06,0,73.16,3.01,197.54,4.04,197.42
2022,11,18,15,0.86,1.06,1.77,97.58,118.73,12.18,0.16,0.77,9.39,2.23,5.8,6.65,65.88,0,73.15,2.7,198.23,3.67,198.09
2022,11,18,16,0.35,0.39,0.87,36.75,42.58,4.55,0.02,0.1,7.76,2.81,5.29,6.84,75.62,0,73.17,1.98,199.58,2.8,199.75
2022,11,18,17,0,0,0,0,0,0,0,0,5.3,3.33,4.32,6.96,91.75,0,73.21,0.67,209.25,1.21,208.55
2022,11,18,18,0,0,0,0,0,0,0,0,4.78,2.83,3.8,6.71,91.62,0,73.26,0.3,268.49,0.44,267.95
2022,11,18,19,0,0,0,0,0,0,0,0,4.53,2.3,3.41,6.53,90.5,0,73.32,0.4,358.88,0.68,2.63
2022,11,18,20,0,0,0,0,0,0,0,0,4.62,1.7,3.15,6.29,87.19,0,73.36,0.47,33.42,0.86,33.11
2022,11,18,21,0,0,0,0,0,0,0,0,4.62,1.22,2.92,6.16,85,0,73.39,0.48,45.66,0.89,43.22
2022,11,18,22,0,0,0,0,0,0,0,0,4.51,0.69,2.6,5.98,83.5,0,73.4,0.53,29.22,0.96,31.36
2022,11,18,23,0,0,0,0,0,0,0,0,4.38,-0.24,2.08,5.74,80.75,0,73.4,0.7,18.23,1.17,21.59
2022,11,19,0,0,0,0,0,0,0,0,0,4.43,-1.24,1.59,5.49,76.62,0,73.38,0.7,10.93,1.13,13.94
2022,11,19,1,0,0,0,0,0,0,0,0,4.34,-1.89,1.23,5.25,74,0,73.37,0.63,358.57,0.98,1.82
2022,11,19,2,0,0,0,0,0,0,0,0,3.97,-2.3,0.83,5.07,73.31,0,73.36,0.65,359.31,1.03,0.43
2022,11,19,3,0,0,0,0,0,0,0,0,3.68,-2.88,0.4,4.82,71.38,0,73.34,0.75,1.79,1.2,2.99
2022,11,19,4,0,0,0,0,0,0,0,0,3.55,-3.59,-0.02,4.52,67.69,0,73.33,0.84,2.12,1.34,2.33
2022,11,19,5,0,0,0,0,0,0,0,0,3.12,-4.35,-0.61,4.21,65,0,73.35,0.86,0,1.4,1.28
2022,11,19,6,0.03,0.02,0.05,1.4,1.58,0.2,0,0,3.24,-4.98,-0.87,3.97,60.88,0,73.4,0.89,356.49,1.42,357.48
2022,11,19,7,0.48,0.5,0.84,53.27,55.85,5.74,0.02,0.12,4.22,-4.05,0.08,4.21,60.5,0,73.46,0.84,358.39,1.37,358.69
2022,11,19,8,1.27,1.29,1.79,147.58,152.17,17.32,0.22,1.08,7.36,-0.55,3.4,5.62,64.38,0,73.51,0.58,6.93,0.93,8.2
2022,11,19,9,1.98,1.99,2.56,235.92,239.1,30.04,0.59,2.88,9.93,-1.44,4.24,5.49,52.69,0,73.53,0.68,189.89,0.88,189.71
2022,11,19,10,2.37,2.47,3.1,285.35,297.12,37.89,0.93,4.65,11.33,-0.28,5.53,5.98,52.31,0,73.53,2.11,201.33,2.78,201.95
2022,11,19,11,2.7,2.71,3.38,326.75,326.48,43.7,1.17,5.9,12.08,1.12,6.6,6.47,54.19,0,73.48,2.67,205.82,3.55,206.23
2022,11,19,12,2.61,2.66,3.38,313.6,319.6,41.84,1.12,5.7,12.42,2.24,7.33,6.96,56.56,0,73.4,3.02,206.9,4.03,207.26
2022,11,19,13,2.39,2.41,3.09,284.27,287.55,37.4,0.91,4.55,12.3,3.12,7.71,7.26,59.69,0,73.33,3.23,208.42,4.31,208.61
2022,11,19,14,1.83,1.91,2.54,216.12,227.6,27.57,0.54,2.65,11.7,3.83,7.77,7.51,64.12,0,73.28,3.24,210.77,4.33,210.82
2022,11,19,15,1.21,1.23,1.76,139.7,145.48,16.45,0.2,1,10.65,4.49,7.57,7.75,70.69,0,73.27,2.86,212.74,3.86,212.76
2022,11,19,16,0.48,0.5,0.86,53.02,56.33,5.79,0.02,0.12,8.98,5.12,7.05,8,81.5,0,73.27,2,214.99,2.79,215.07
2022,11,19,17,0,0,0,0,0,0,0,0,6.42,5.17,5.8,7.93,96.62,0,73.27,0.64,227.49,1.1,227.89
2022,11,19,18,0,0,0,0,0,0,0,0,5.64,4.81,5.23,7.69,99.19,0,73.28,0.49,317.6,0.78,316.61
2022,11,19,19,0,0,0,0,0,0,0,0,4.94,4.22,4.58,7.45,100,0,73.31,0.76,341.38,1.29,341.24
2022,11,19,20,0,0,0,0,0,0,0,0,5.05,3.48,4.26,7.14,95.56,0,73.34,0.74,341.57,1.23,340.76
2022,11,19,21,0,0,0,0,0,0,0,0,5.09,2.85,3.98,6.84,91.62,0,73.38,0.66,340.07,1.1,337.82
2022,11,19,22,0,0,0,0,0,0,0,0,5.06,2.24,3.65,6.59,88.44,0,73.39,0.64,345.79,1.04,343.47
2022,11,19,23,0,0,0,0,0,0,0,0,4.63,1.33,2.98,6.29,86.56,0,73.37,0.6,348.69,1,348.69
2022,11,20,0,0,0,0,0,0,0,0,0,4.11,0.38,2.24,5.92,85.12,0,73.34,0.64,342.23,1.07,341.3
2022,11,20,1,0,0,0,0,0,0,0,0,3.82,-0.62,1.6,5.62,81.88,0,73.31,0.73,340.59,1.21,338.75
2022,11,20,2,0,0,0,0,0,0,0,0,3.53,-1.7,0.91,5.25,78.19,0,73.28,0.85,342.9,1.4,343.79
2022,11,20,3,0,0,0,0,0,0,0,0,3.36,-2.83,0.26,4.82,73.12,0,73.25,0.98,345.19,1.63,346.96
2022,11,20,4,0,0,0,0,0,0,0,0,3.47,-3.96,-0.25,4.46,66.56,0,73.23,1.02,343.93,1.64,344.84
2022,11,20,5,0,0,0,0,0,0,0,0,3.5,-5.07,-0.78,4.09,60.94,0,73.26,0.93,337.31,1.5,337.98
2022,11,20,6,0,0,0,0,0,0,0,0,3.38,-5.94,-1.28,3.78,57.44,0,73.32,0.81,332.94,1.3,334.05
2022,11,20,7,0.5,0.5,0.88,52.92,54.52,5.91,0.03,0.12,4.51,-4.91,-0.2,4.15,57.69,0,73.38,0.59,336.5,0.96,336.99
2022,11,20,8,1.29,1.3,1.77,148.9,153.33,17.62,0.22,1.1,7.64,-1.21,3.22,5.49,61.62,0,73.44,0.26,295.02,0.42,297.51
2022,11,20,9,1.96,2,2.54,231.88,237.8,29.88,0.59,2.9,9.91,-2.63,3.64,5.25,50.5,0,73.48,1.5,223.52,2.02,224.53
2022,11,20,10,2.45,2.48,3.09,291.75,296.23,38.99,0.97,4.85,11.24,-1.37,4.94,5.68,49.94,0,73.48,2.63,222.71,3.56,223.4
2022,11,20,11,2.64,2.71,3.36,317.58,325.58,42.98,1.17,5.95,12.11,-0.33,5.89,6.04,50.12,0,73.43,3.31,224.24,4.47,224.5
2022,11,20,12,2.66,2.66,3.36,321.1,321,42.84,1.15,5.8,12.46,0.32,6.39,6.29,51.12,0,73.36,3.68,225.69,4.96,225.77
2022,11,20,13,2.36,2.4,3.08,282.73,288.48,37.16,0.91,4.55,12.43,0.65,6.55,6.47,52.75,0,73.28,3.78,226.84,5.11,226.86
2022,11,20,14,1.86,1.91,2.53,221.5,228.62,28.11,0.55,2.7,11.98,1.02,6.51,6.65,55.69,0,73.22,3.65,227.17,4.96,227.17
2022,11,20,15,1.19,1.23,1.76,138.58,146.23,16.26,0.2,1,10.96,1.58,6.27,6.84,61.25,0,73.19,3.2,226.19,4.41,226.22
2022,11,20,16,0.48,0.49,0.85,53.5,56.4,5.76,0.02,0.12,9.15,2.74,5.94,7.26,73.31,0,73.18,2.25,227.11,3.26,227.04
2022,11,20,17,0,0,0,0,0,0,0,0,5.98,3.5,4.74,7.39,92.75,0,73.19,0.91,237.68,1.74,237.8
2022,11,20,18,0,0,0,0,0,0,0,0,5.13,3.02,4.08,7.14,95.31,0,73.21,0.76,265.29,1.44,265.03
2022,11,20,19,0,0,0,0,0,0,0,0,4.93,2.38,3.65,6.96,93.69,0,73.23,0.71,291.22,1.33,285.34
2022,11,20,20,0,0,0,0,0,0,0,0,4.58,1.47,3.02,6.65,91.75,0,73.25,0.62,306.29,1.2,295.56
2022,11,20,21,0,0,0,0,0,0,0,0,3.77,0.4,2.08,6.29,92,0,73.26,0.59,310.68,1.2,298.91
2022,11,20,22,0,0,0,0,0,0,0,0,3.02,-0.61,1.2,5.92,91.69,0,73.26,0.65,313.06,1.34,302.11
2022,11,20,23,0,0,0,0,0,0,0,0,2.54,-1.51,0.51,5.62,89.62,0,73.25,0.73,314.13,1.48,304.45
2022,11,21,0,0,0,0,0,0,0,0,0,2.12,-2.34,-0.1,5.31,87,0,73.23,0.79,313,1.58,304.55
2022,11,21,1,0,0,0,0,0,0,0,0,1.82,-3.08,-0.63,5,84.19,0,73.2,0.86,315.37,1.67,307.41
2022,11,21,2,0,0,0,0,0,0,0,0,1.57,-3.78,-1.1,4.7,80.62,0,73.16,0.96,318.29,1.83,311.37
2022,11,21,3,0,0,0,0,0,0,0,0,1.29,-4.55,-1.63,4.39,76.56,0,73.12,1.01,321.27,1.9,316
2022,11,21,4,0,0,0,0,0,0,0,0,1.23,-5.25,-2.01,4.09,71.5,0,73.09,1.03,323.3,1.9,319.17
2022,11,21,5,0,0,0,0,0,0,0,0,1.33,-5.87,-2.27,3.78,66.44,0,73.09,1.02,323.75,1.83,320.54
2022,11,21,6,0,0,0,0,0,0,0,0,1.47,-6.34,-2.43,3.66,62.75,0,73.14,0.96,324.89,1.69,322.5
2022,11,21,7,0.5,0.51,0.86,54.55,56.25,5.89,0.03,0.12,2.58,-4.66,-1.04,4.15,66.19,0,73.21,0.8,323.69,1.49,322.65
2022,11,21,8,1.25,1.25,1.76,142.42,145.3,16.68,0.21,1.02,6.67,-1.05,2.81,5.31,63.31,0,73.27,0.68,311.25,1.18,307.17
2022,11,21,9,1.91,1.93,2.53,223.17,227.1,28.33,0.55,2.73,9.98,-2.8,3.59,4.82,46.38,0,73.31,1.61,255.36,2.21,255.28
2022,11,21,10,2.39,2.42,3.07,281.25,285.73,37.07,0.91,4.55,11.46,-1.64,4.9,5.31,46.31,0,73.31,2.68,239.32,3.64,239.52
2022,11,21,11,2.65,2.67,3.35,313.85,315.85,41.93,1.13,5.73,12.4,-0.35,6.02,5.86,48,0,73.27,3.4,235.11,4.62,235.26
2022,11,21,12,2.61,2.65,3.35,308.73,312.77,41.23,1.11,5.65,12.83,0.79,6.81,6.47,51,0,73.2,3.8,234.38,5.16,234.31
2022,11,21,13,2.2,2.36,3.07,259.4,277.88,33.96,0.83,4.17,12.83,1.63,7.23,6.96,54.75,0,73.13,3.96,234.4,5.4,234.36
2022,11,21,14,1.68,1.83,2.52,196.52,216.42,24.72,0.48,2.35,12.39,2.15,7.27,7.26,58.94,0,73.08,3.86,235.47,5.31,235.37
2022,11,21,15,1.01,1.16,1.75,115.2,134.58,13.77,0.17,0.85,11.37,2.5,6.94,7.45,64.56,0,73.05,3.32,235.82,4.63,235.8
2022,11,21,16,0.43,0.45,0.84,46.35,49.27,5.25,0.02,0.12,9.48,3.37,6.43,7.75,76.31,0,73.05,2.1,236.25,3.07,236.84
2022,11,21,17,0,0,0,0,0,0,0,0,6.06,3.73,4.89,7.75,96.69,0,73.07,0.79,253.35,1.61,254.82
2022,11,21,18,0,0,0,0,0,0,0,0,5.34,2.9,4.12,7.45,97.38,0,73.11,0.74,290.34,1.45,290.48
2022,11,21,19,0,0,0,0,0,0,0,0,4.98,1.96,3.47,7.02,93.94,0,73.14,0.86,313.15,1.67,310.46
2022,11,21,20,0,0,0,0,0,0,0,0,4.62,0.94,2.79,6.47,89.5,0,73.18,0.91,313.26,1.75,309.74
2022,11,21,21,0,0,0,0,0,0,0,0,4.27,-0.26,2.01,6.04,85.5,0,73.2,0.93,303.69,1.77,299.96
2022,11,21,22,0,0,0,0,0,0,0,0,3.76,-1.2,1.28,5.74,84.06,0,73.21,0.97,300.49,1.84,296.67
2022,11,21,23,0,0,0,0,0,0,0,0,3.22,-1.93,0.65,5.43,83.06,0,73.2,1.01,304.3,1.92,300.64
2022,11,22,0,0,0,0,0,0,0,0,0,2.82,-2.5,0.15,5.19,81,0,73.18,1.05,309.59,2.02,305.72
2022,11,22,1,0,0,0,0,0,0,0,0,2.69,-2.88,-0.1,4.88,77.62,0,73.16,1.11,312.71,2.12,307.97
2022,11,22,2,0,0,0,0,0,0,0,0,2.73,-3.25,-0.26,4.7,73.94,0,73.13,1.15,315.27,2.17,309.75
2022,11,22,3,0,0,0,0,0,0,0,0,2.62,-3.67,-0.52,4.52,71.56,0,73.11,1.15,318.59,2.12,313.21
2022,11,22,4,0,0,0,0,0,0,0,0,2.51,-4.06,-0.78,4.33,69.69,0,73.1,1.13,322.02,2.06,317
2022,11,22,5,0,0,0,0,0,0,0,0,2.47,-4.56,-1.05,4.21,67.25,0,73.12,1.12,324.09,1.99,319.45
2022,11,22,6,0,0,0,0,0,0,0,0,2.3,-5.24,-1.47,3.97,64.94,0,73.17,1.09,324.37,1.93,320.25
2022,11,22,7,0.45,0.48,0.84,49.27,53.02,5.55,0.02,0.12,3.48,-4.34,-0.43,4.27,64,0,73.24,0.98,323.13,1.8,318.35
2022,11,22,8,1.18,1.23,1.74,133.92,141.65,15.95,0.2,1,7.45,-0.47,3.49,5.68,64.19,0,73.3,0.81,305.99,1.46,303.01
2022,11,22,9,1.84,1.91,2.51,213.85,223.38,27.33,0.54,2.67,10.62,-3.35,3.64,4.82,44.5,0,73.35,1.84,255.26,2.58,255.42
2022,11,22,10,2.28,2.4,3.06,266.98,282.25,35.39,0.88,4.42,11.7,-2.42,4.64,5.31,45.31,0,73.35,2.89,239.06,3.96,239.44
2022,11,22,11,2.53,2.65,3.34,299.6,312.62,40.16,1.09,5.62,12.31,-1.1,5.61,5.86,47.81,0,73.31,3.52,237.23,4.79,237.4
2022,11,22,12,2.41,2.6,3.34,285.2,307.5,38.13,1.04,5.35,12.56,-0.17,6.2,6.23,50.38,0,73.23,3.87,237.63,5.25,237.71
2022,11,22,13,2.11,2.33,3.06,245.9,273.52,32.23,0.79,4,12.5,0.54,6.52,6.59,53.25,0,73.14,4.02,238.9,5.49,238.87
2022,11,22,14,1.67,1.83,2.51,193.4,213.52,24.53,0.48,2.4,12.07,0.98,6.52,6.77,56.44,0,73.08,4.01,240.59,5.52,240.57
2022,11,22,15,1.04,1.16,1.74,117.7,132.75,14.01,0.18,0.88,11.05,1.38,6.22,6.96,61.69,0,73.05,3.6,241.32,5.02,241.28
2022,11,22,16,0.43,0.44,0.84,46.7,48.38,5.3,0.02,0.12,9.19,2.16,5.67,7.2,72.69,0,73.05,2.48,243.19,3.62,243.32
2022,11,22,17,0,0,0,0,0,0,0,0,5.73,2.57,4.15,7.2,92.06,0,73.07,1.04,254.29,1.99,254.05
2022,11,22,18,0,0,0,0,0,0,0,0,4.8,1.83,3.32,6.9,94.19,0,73.1,0.93,275.81,1.78,277.06
2022,11,22,19,0,0,0,0,0,0,0,0,4.71,1.08,2.9,6.59,90.19,0,73.14,0.99,295.35,1.84,293.2
2022,11,22,20,0,0,0,0,0,0,0,0,3.98,0.17,2.07,6.16,89.12,0,73.17,1,301.96,1.98,299.1
2022,11,22,21,0,0,0,0,0,0,0,0,3.35,-0.88,1.23,5.74,86.75,0,73.19,1.05,305.59,2.11,301.69
2022,11,22,22,0,0,0,0,0,0,0,0,3.03,-1.85,0.58,5.31,82.38,0,73.19,1.07,310.56,2.15,306.29
2022,11,22,23,0,0,0,0,0,0,0,0,2.82,-2.73,0.05,4.94,77.81,0,73.18,1.1,312.11,2.18,307.73
2022,11,23,0,0,0,0,0,0,0,0,0,2.69,-3.49,-0.4,4.64,73.44,0,73.16,1.12,312.73,2.2,308.5
2022,11,23,1,0,0,0,0,0,0,0,0,2.58,-4.17,-0.79,4.33,69.38,0,73.14,1.11,314.14,2.17,309.75
2022,11,23,2,0,0,0,0,0,0,0,0,2.43,-4.8,-1.19,4.09,66.31,0,73.12,1.12,315,2.17,310.47
2022,11,23,3,0,0,0,0,0,0,0,0,2.33,-5.37,-1.52,3.91,63.81,0,73.1,1.1,315.29,2.13,310.53
2022,11,23,4,0,0,0,0,0,0,0,0,2.16,-5.88,-1.86,3.78,61.94,0,73.09,1.09,315,2.12,309.62
2022,11,23,5,0,0,0,0,0,0,0,0,1.97,-6.36,-2.2,3.6,60.31,0,73.1,1.08,316.17,2.11,310.65
2022,11,23,6,0,0,0,0,0,0,0,0,1.8,-6.92,-2.56,3.48,58.38,0,73.14,1.08,318.5,2.11,312.6
2022,11,23,7,0.46,0.48,0.82,50.65,52.58,5.54,0.02,0.12,2.94,-5.71,-1.38,3.78,59.19,0,73.18,1,318.81,2,312.94
2022,11,23,8,1.2,1.22,1.73,136.4,141.38,16.05,0.2,1,7.09,-2.34,2.37,4.94,57.19,0,73.23,1.04,298.89,1.79,297.79
2022,11,23,9,1.88,1.9,2.5,218.33,222.58,27.65,0.54,2.65,10,-4.39,2.8,4.52,43.38,0,73.26,2.24,260.57,3.16,261.05
2022,11,23,10,2.36,2.39,3.04,276.48,281.02,36.29,0.89,4.45,11.03,-3.31,3.86,5,44.5,0,73.27,3.09,245.38,4.25,245.7
2022,11,23,11,2.52,2.64,3.32,297.88,311.6,39.96,1.09,5.55,11.62,-1.97,4.82,5.49,47.12,0,73.24,3.62,240.95,4.92,241.16
2022,11,23,12,2.45,2.62,3.33,290.4,309.4,38.91,1.05,5.42,11.81,-0.85,5.48,5.98,50.44,0,73.18,3.96,238.88,5.36,238.95
2022,11,23,13,2.11,2.34,3.05,247.1,274.88,32.63,0.8,4.05,11.66,-0.13,5.76,6.29,53.56,0,73.12,4.15,239.42,5.63,239.38
2022,11,23,14,1.6,1.84,2.5,185.73,213.73,23.8,0.47,2.33,11.12,0.33,5.72,6.47,57.25,0,73.07,4.07,240.28,5.56,240.2
2022,11,23,15,1,1.15,1.73,112.98,131.8,13.62,0.17,0.85,10.1,0.51,5.3,6.53,62.06,0,73.05,3.56,240.68,4.93,240.59
2022,11,23,16,0.41,0.43,0.83,44.33,47.15,5.08,0.02,0.12,8.35,0.91,4.63,6.71,71.62,0,73.04,2.36,239.36,3.42,239.22
2022,11,23,17,0,0,0,0,0,0,0,0,5.1,1.9,3.5,6.84,91.25,0,73.05,0.87,246.19,1.73,245.75
2022,11,23,18,0,0,0,0,0,0,0,0,4.23,1.37,2.8,6.59,93.44,0,73.09,0.74,273.04,1.39,274.18
2022,11,23,19,0,0,0,0,0,0,0,0,3.84,0.27,2.05,6.23,90.44,0,73.12,0.76,309.12,1.38,305.76
2022,11,23,20,0,0,0,0,0,0,0,0,3.38,-1.11,1.13,5.74,86.31,0,73.14,0.79,329.91,1.39,324.35
2022,11,23,21,0,0,0,0,0,0,0,0,3.13,-2.3,0.41,5.31,81.56,0,73.16,0.83,333.68,1.42,328.77
2022,11,23,22,0,0,0,0,0,0,0,0,2.87,-3.29,-0.21,4.94,77.56,0,73.18,0.91,330.56,1.54,326.15
2022,11,23,23,0,0,0,0,0,0,0,0,2.51,-4.31,-0.9,4.58,73.88,0,73.18,0.97,331.17,1.68,327.34
2022,11,24,0,0,0,0,0,0,0,0,0,1.87,-5.39,-1.76,4.27,71.19,0,73.16,1.01,334.23,1.79,331.31
2022,11,24,1,0,0,0,0,0,0,0,0,1.37,-6.41,-2.52,3.91,67.56,0,73.14,1.07,338.51,1.94,335.5
2022,11,24,2,0,0,0,0,0,0,0,0,0.98,-7.23,-3.13,3.6,64.12,0,73.1,1.13,342.32,2.09,339.87
2022,11,24,3,0,0,0,0,0,0,0,0,0.69,-7.99,-3.65,3.36,60.94,0,73.07,1.17,348.09,2.17,345.61
2022,11,24,4,0,0,0,0,0,0,0,0,0.34,-8.81,-4.24,3.11,58.62,0,73.06,1.21,351.82,2.26,349.62
2022,11,24,5,0,0,0,0,0,0,0,0,0.13,-9.38,-4.63,2.93,55.75,0,73.06,1.23,355.63,2.31,353.02
2022,11,24,6,0,0,0,0,0,0,0,0,0.15,-9.85,-4.85,2.75,52.12,0,73.09,1.29,0.35,2.42,357.59
2022,11,24,7,0.43,0.44,0.8,44.95,46.62,5.08,0.02,0.1,1.37,-8.07,-3.35,3.11,54,0,73.15,1.26,3.2,2.44,0.55
2022,11,24,8,1.16,1.18,1.71,128.58,132.65,14.99,0.19,0.92,5.57,-3.3,1.14,4.7,60.62,0,73.21,1.25,0,2.11,0.42
2022,11,24,9,1.79,1.85,2.48,204.35,213.27,25.7,0.51,2.5,9.52,-4.71,2.4,4.09,40.5,0,73.26,0.76,346.25,1.07,346.47
2022,11,24,10,2.29,2.27,3.03,270.08,269.15,33.95,0.8,4.02,11.26,-3.02,4.12,4.82,42.5,0,73.28,0.48,265.31,0.65,266.55
2022,11,24,11,2.41,2.53,3.31,285.6,299.98,37.05,0.98,5.02,12.25,-2.24,5,5.31,43.62,0,73.26,0.87,239.3,1.18,238.32
2022,11,24,12,2.52,2.61,3.31,301.62,311.42,39.92,1.09,5.55,12.74,-1.63,5.56,5.68,45.25,0,73.2,1.25,230.56,1.71,229.26
2022,11,24,13,2.3,2.37,3.04,270.98,280.25,35.47,0.88,4.4,12.76,-1.27,5.74,5.92,47.12,0,73.16,1.42,226.56,1.94,225
2022,11,24,14,1.76,1.87,2.49,206.23,220.7,26.15,0.52,2.58,12.33,-1.31,5.51,5.98,49.12,0,73.14,1.45,224.35,2.01,222.8
2022,11,24,15,1.1,1.19,1.73,125.6,138.75,14.85,0.2,0.95,11.4,-1.52,4.94,5.98,52.06,0,73.14,1.2,222.1,1.7,220.72
2022,11,24,16,0.45,0.46,0.82,48.9,50.62,5.39,0.02,0.12,9.55,1.18,5.36,6.65,65.19,0,73.16,0.75,210.86,1.03,212.01
2022,11,24,17,0,0,0,0,0,0,0,0,6.74,-0.35,3.19,6.16,73.31,0,73.22,0.03,153.43,0.15,186.01
2022,11,24,18,0,0,0,0,0,0,0,0,6.3,-1.24,2.53,5.74,70.62,0,73.3,0.24,21.45,0.4,23.05
2022,11,24,19,0,0,0,0,0,0,0,0,5.72,-1.75,1.98,5.49,70.06,0,73.36,0.76,11.2,1.19,11.38
2022,11,24,20,0,0,0,0,0,0,0,0,5.5,-2.69,1.4,5,65.44,0,73.41,0.97,10.68,1.55,10.74
2022,11,24,21,0,0,0,0,0,0,0,0,5.16,-4.09,0.54,4.58,60.75,0,73.44,0.97,9.24,1.58,9.7
2022,11,24,22,0,0,0,0,0,0,0,0,4.92,-5.18,-0.13,4.21,57,0,73.46,1,7.18,1.61,7.82
2022,11,24,23,0,0,0,0,0,0,0,0,4.67,-6.19,-0.76,3.91,53.56,0,73.46,1.06,5.92,1.7,6.34
2022,11,25,0,0,0,0,0,0,0,0,0,4.4,-7.17,-1.38,3.54,50.25,0,73.44,1.11,3.63,1.79,4
2022,11,25,1,0,0,0,0,0,0,0,0,4.15,-8.16,-2.01,3.3,46.94,0,73.42,1.15,3.5,1.86,4.09
2022,11,25,2,0,0,0,0,0,0,0,0,4.01,-9.23,-2.61,2.99,43.44,0,73.4,1.16,5.4,1.87,6.23
2022,11,25,3,0,0,0,0,0,0,0,0,3.82,-10.13,-3.16,2.75,40.5,0,73.39,1.12,6.03,1.82,6.67
2022,11,25,4,0,0,0,0,0,0,0,0,3.76,-10.89,-3.57,2.56,37.75,0,73.4,1.06,6.34,1.72,7.03
2022,11,25,5,0,0,0,0,0,0,0,0,3.66,-11.28,-3.81,2.44,36.06,0,73.42,1.06,7.59,1.72,8.35
2022,11,25,6,0,0,0,0,0,0,0,0,3.69,-11.46,-3.88,2.32,34.56,0,73.46,1.07,10.49,1.75,11.06
2022,11,25,7,0.43,0.44,0.79,46.38,48.52,5.09,0.02,0.1,5.04,-10.19,-2.57,2.62,35.06,0,73.52,1.06,9.74,1.71,10.28
2022,11,25,8,1.15,1.19,1.7,131.23,138,15.4,0.2,0.95,8.3,-2.84,2.73,4.88,52.94,0,73.57,0.72,6.27,1.22,8.49
2022,11,25,9,1.83,1.87,2.47,213.62,220,26.98,0.53,2.6,11.95,-6.52,2.72,3.54,29.94,0,73.61,0.4,199.5,0.49,194.93
2022,11,25,10,2.32,2.37,3.02,272.88,278.92,35.86,0.88,4.42,13,-2.52,5.24,4.7,37.25,0,73.62,1.92,197.77,2.56,197.39
2022,11,25,11,2.51,2.61,3.3,298.55,308.88,39.74,1.07,5.48,13.4,-0.93,6.23,5.25,40.5,0,73.58,2.3,199.67,3.05,199.78
2022,11,25,12,2.62,2.63,3.3,314.75,315.5,41.89,1.13,5.73,13.49,0.4,6.94,5.8,44.38,0,73.51,2.5,202.23,3.31,202.45
2022,11,25,13,2.3,2.37,3.03,273.45,282.23,35.82,0.88,4.42,13.24,1.42,7.33,6.29,48.44,0,73.45,2.62,206.72,3.49,206.91
2022,11,25,14,1.8,1.87,2.49,212.15,221.5,26.72,0.52,2.58,12.58,2.06,7.32,6.53,52.81,0,73.4,2.56,211.65,3.42,211.73
2022,11,25,15,1.17,1.19,1.72,134.45,138.8,15.58,0.2,0.95,11.5,2.55,7.02,6.77,58.69,0,73.37,2.26,215.01,3.07,215.06
2022,11,25,16,0.44,0.45,0.82,48.27,50.48,5.3,0.02,0.12,9.73,3.65,6.69,7.32,71.25,0,73.36,1.43,219.25,2.11,219.29
2022,11,25,17,0,0,0,0,0,0,0,0,7.26,3.51,5.39,7.14,81.88,0,73.36,0.58,246.9,0.97,245.29
2022,11,25,18,0,0,0,0,0,0,0,0,6.19,2.65,4.42,6.65,82.5,0,73.38,0.67,320.71,1.07,320.36
2022,11,25,19,0,0,0,0,0,0,0,0,5.86,2.12,3.99,6.41,81.69,0,73.41,0.83,337.8,1.35,337.58
2022,11,25,20,0,0,0,0,0,0,0,0,5.83,1.5,3.66,6.16,78.62,0,73.42,0.83,344.79,1.37,344.14
2022,11,25,21,0,0,0,0,0,0,0,0,5.54,0.73,3.13,5.86,76.12,0,73.42,0.82,347.29,1.37,347.15
2022,11,25,22,0,0,0,0,0,0,0,0,5.3,-0.3,2.51,5.49,72.31,0,73.42,0.84,347.64,1.39,347.3
2022,11,25,23,0,0,0,0,0,0,0,0,5.08,-1.3,1.89,5.13,68.5,0,73.39,0.85,348.38,1.4,347.75
2022,11,26,0,0,0,0,0,0,0,0,0,4.81,-2.18,1.32,4.82,65.44,0,73.34,0.89,348.4,1.47,346.78
2022,11,26,1,0,0,0,0,0,0,0,0,4.36,-3.06,0.65,4.52,63.44,0,73.31,0.97,351.22,1.61,349.94
2022,11,26,2,0,0,0,0,0,0,0,0,3.75,-3.88,-0.06,4.21,62.19,0,73.27,1.06,352.82,1.81,351.55
2022,11,26,3,0,0,0,0,0,0,0,0,3.29,-4.67,-0.69,3.97,60.19,0,73.25,1.13,354.84,1.97,353.61
2022,11,26,4,0,0,0,0,0,0,0,0,3.01,-5.46,-1.23,3.72,57.38,0,73.23,1.17,356.93,2.06,355.65
2022,11,26,5,0,0,0,0,0,0,0,0,2.82,-6.25,-1.72,3.48,54.31,0,73.23,1.2,359.25,2.11,357.88
2022,11,26,6,0,0,0,0,0,0,0,0,2.82,-7.11,-2.14,3.23,50.5,0,73.28,1.2,1.12,2.09,359.57
2022,11,26,7,0.42,0.43,0.77,45.12,46.92,4.93,0.02,0.1,3.87,-6.11,-1.12,3.48,51,0,73.33,1.07,3.76,1.94,1.85
2022,11,26,8,1.17,1.16,1.69,132.4,134.2,15.18,0.19,0.95,7.73,-2.45,2.64,4.76,53.19,0,73.38,0.87,5.66,1.43,4.37
2022,11,26,9,1.8,1.82,2.46,209.25,214,25.98,0.52,2.52,10.51,-3.2,3.66,4.64,43.12,0,73.41,0.2,272.2,0.25,270
2022,11,26,10,2.22,2.3,3,260.77,271.42,33.78,0.84,4.25,12.82,-2.89,4.96,5.13,40.5,0,73.39,1.77,212.92,2.31,212.46
2022,11,26,11,2.54,2.54,3.29,299.62,300.25,38.98,1.05,5.35,13.48,-1.19,6.14,5.68,43.06,0,73.33,2.59,210.43,3.44,210.29
2022,11,26,12,2.61,2.61,3.29,312.1,311.85,41.31,1.13,5.77,13.55,0.48,7.02,6.23,47,0,73.25,3.07,211.14,4.13,211.22
2022,11,26,13,2.27,2.34,3.02,268.85,277.62,35.02,0.88,4.42,13.28,1.8,7.54,6.65,51.31,0,73.17,3.24,211.27,4.39,211.31
2022,11,26,14,1.82,1.84,2.48,212.15,215.88,26.45,0.53,2.6,12.61,2.89,7.75,7.08,56.62,0,73.12,3.1,210.77,4.21,210.8
2022,11,26,15,1.07,1.15,1.72,121.67,132.77,14.09,0.18,0.9,11.43,3.97,7.69,7.45,64.44,0,73.1,2.71,212.04,3.72,212.06
2022,11,26,16,0.42,0.42,0.81,44.83,46.35,5.06,0.02,0.12,9.43,5.15,7.29,7.93,78.5,0,73.1,1.74,215.69,2.55,215.78
2022,11,26,17,0,0,0,0,0,0,0,0,6.36,5.32,5.84,7.93,97.12,0,73.11,0.75,229.21,1.37,228.69
2022,11,26,18,0,0,0,0,0,0,0,0,5.82,5.23,5.52,7.87,99.62,0,73.13,0.56,272.39,0.99,270
2022,11,26,19,0,0,0,0,0,0,0,0,5.4,5.01,5.2,7.75,100,0,73.16,0.61,304.51,1.04,302.14
2022,11,26,20,0,0,0,0,0,0,0,0,5.05,4.59,4.82,7.57,100,0,73.17,0.72,327.34,1.2,326.1
2022,11,26,21,0,0,0,0,0,0,0,0,4.73,3.98,4.35,7.26,99.5,0,73.17,0.76,338.96,1.29,337.62
2022,11,26,22,0,0,0,0,0,0,0,0,4.69,3.3,3.99,6.96,95.81,0,73.16,0.7,341.77,1.21,338.88
2022,11,26,23,0,0,0,0,0,0,0,0,5.13,2.65,3.89,6.71,89.31,0,73.12,0.71,344.74,1.21,338.4
2022,11,27,0,0,0,0,0,0,0,0,0,5.16,2.06,3.61,6.47,85.81,0,73.08,0.72,341.57,1.22,335.07
2022,11,27,1,0,0,0,0,0,0,0,0,4.9,1.22,3.06,6.16,82.88,0,73.04,0.75,337.2,1.28,331.56
2022,11,27,2,0,0,0,0,0,0,0,0,4.48,0.29,2.38,5.8,80.31,0,73,0.79,332.93,1.34,329.55
2022,11,27,3,0,0,0,0,0,0,0,0,4.39,-0.72,1.83,5.43,75.62,0,72.98,0.8,311.03,1.34,310.28
2022,11,27,4,0,0,0,0,0,0,0,0,4.37,-1.58,1.4,5.13,71.88,0,72.96,0.74,291.12,1.2,293.39
2022,11,27,5,0,0,0,0,0,0,0,0,4.23,-2.14,1.04,4.94,70.19,0,72.97,0.7,292.86,1.12,294.78
2022,11,27,6,0,0,0,0,0,0,0,0,4.12,-2.56,0.79,4.82,68.75,0,73.01,0.67,310.24,1.04,307.99
2022,11,27,7,0.36,0.37,0.75,37.85,39.27,4.39,0.02,0.1,4.63,-2.15,1.24,4.88,67.69,0,73.07,0.61,316.04,0.98,312.09
2022,11,27,8,1.07,1.07,1.67,117.15,120.62,13.56,0.17,0.88,7.17,0.13,3.65,5.74,66.38,0,73.13,0.62,288.43,0.95,287.69
2022,11,27,9,1.72,1.74,2.44,194.08,198.48,23.91,0.48,2.38,9.54,-0.06,4.74,5.86,57.56,0,73.17,1.46,243.98,1.9,243.86
2022,11,27,10,2.16,2.23,2.99,247.65,256.45,31.7,0.8,4.05,11.05,0.83,5.94,6.23,55.38,0,73.17,2.4,222.89,3.18,223.31
2022,11,27,11,2.35,2.46,3.28,272.15,285.52,35.2,0.97,5.02,11.89,1.9,6.9,6.65,56,0,73.12,3.12,219,4.18,219.16
2022,11,27,12,2.46,2.58,3.28,291.92,306.3,38.67,1.09,5.62,12.13,3.03,7.58,7.14,58.75,0,73.05,3.56,218.05,4.78,218.24
2022,11,27,13,2.1,2.3,3.01,248,272.73,32.23,0.82,4.12,11.86,4.08,7.97,7.51,63.31,0,72.99,3.7,219.17,4.96,219.18
2022,11,27,14,1.64,1.81,2.47,191.12,211.95,24.15,0.5,2.48,11.21,4.75,7.98,7.81,68.31,0,72.94,3.53,221.77,4.75,221.74
2022,11,27,15,1.01,1.13,1.71,113.9,129.55,13.72,0.19,0.92,10.16,5.09,7.62,7.93,74.38,0,72.92,3.09,224.28,4.2,224.32
2022,11,27,16,0.41,0.42,0.81,43.08,44.62,4.97,0.02,0.12,8.5,5.39,6.94,8.06,84.56,0,72.92,2.28,225.83,3.23,225.78
2022,11,27,17,0,0,0,0,0,0,0,0,5.94,5.54,5.73,8.12,100,0,72.94,0.81,233.24,1.63,233.41
2022,11,27,18,0,0,0,0,0,0,0,0,5.05,5.21,5.12,7.93,100,0,72.97,0.68,255.96,1.4,255.11
2022,11,27,19,0,0,0,0,0,0,0,0,4.6,4.89,4.75,7.75,100,0,73,0.68,281.18,1.24,281.24
2022,11,27,20,0,0,0,0,0,0,0,0,4.24,4.38,4.31,7.51,100,0,73.03,0.72,306.12,1.28,306.03
2022,11,27,21,0,0,0,0,0,0,0,0,3.99,3.74,3.87,7.26,100,0,73.04,0.76,317.09,1.34,316.18
2022,11,27,22,0,0,0,0,0,0,0,0,3.83,3.05,3.44,6.9,100,0,73.04,0.8,320.12,1.48,318.64
2022,11,27,23,0,0,0,0,0,0,0,0,3.76,2.33,3.05,6.59,96.19,0,73.02,0.82,318.87,1.5,316.48
2022,11,28,0,0,0,0,0,0,0,0,0,4.23,1.52,2.87,6.23,88.12,0,72.98,0.83,311.95,1.47,309.61
2022,11,28,1,0,0,0,0,0,0,0,0,4.08,0.61,2.34,5.86,84.12,0,72.95,0.83,305.79,1.45,305.14
2022,11,28,2,0,0,0,0,0,0,0,0,3.79,-0.17,1.81,5.62,81.69,0,72.92,0.85,302.23,1.47,302.17
2022,11,28,3,0,0,0,0,0,0,0,0,3.57,-0.85,1.36,5.37,79.44,0,72.89,0.86,300.52,1.45,301.12
2022,11,28,4,0,0,0,0,0,0,0,0,3.48,-1.44,1.02,5.19,76.94,0,72.89,0.84,298.95,1.37,300.07
2022,11,28,5,0,0,0,0,0,0,0,0,3.4,-1.91,0.74,5,74.88,0,72.92,0.81,300.77,1.29,302.15
2022,11,28,6,0,0,0,0,0,0,0,0,3.4,-2.35,0.52,4.82,72.5,0,72.98,0.76,310.86,1.21,310.28
2022,11,28,7,0.33,0.36,0.73,35.25,37.73,4.21,0.02,0.08,4.06,-2.08,0.99,4.88,70.12,0,73.05,0.63,318.01,1.06,314.7
2022,11,28,8,0.99,1.06,1.66,109.45,119.1,12.98,0.16,0.77,6.65,0.01,3.33,5.68,67.69,0,73.13,0.62,291.4,0.98,292.06
2022,11,28,9,1.61,1.73,2.43,183.3,199.1,22.91,0.45,2.17,9.13,-0.31,4.41,5.68,57.5,0,73.19,1.61,246.55,2.11,246.94
2022,11,28,10,2.09,2.22,2.98,242.77,257.8,31.35,0.76,3.85,10.8,0.39,5.59,5.98,54.38,0,73.22,2.77,234.29,3.75,234.59
2022,11,28,11,2.34,2.47,3.27,272.25,287.85,35.62,0.95,4.88,11.81,1.06,6.44,6.29,53.25,0,73.19,3.37,231.88,4.56,232.17
2022,11,28,12,2.2,2.53,3.27,261.95,299.6,35.05,0.95,4.95,12.33,1.69,7.01,6.53,53.5,0,73.14,3.75,229.81,5.09,230.05
2022,11,28,13,1.78,2.25,3,208.52,265.4,27.55,0.68,3.45,12.28,2.09,7.19,6.71,54.81,0,73.09,3.9,230.03,5.3,230.14
2022,11,28,14,1.37,1.75,2.47,159.12,204,20.52,0.41,2.05,11.82,2.17,7,6.71,56.69,0,73.05,3.76,231.15,5.15,231.22
2022,11,28,15,0.81,1.08,1.71,92.48,122.55,11.52,0.16,0.75,10.79,2.27,6.53,6.71,60.75,0,73.05,3.2,229.46,4.44,229.56
2022,11,28,16,0.34,0.39,0.81,36.42,41.8,4.39,0.02,0.1,8.68,3.6,6.14,7.2,75,0,73.07,1.77,225.36,2.66,225.83
2022,11,28,17,0,0,0,0,0,0,0,0,5.51,3.3,4.4,7.02,90.75,0,73.11,0.73,241.24,1.42,242.73
2022,11,28,18,0,0,0,0,0,0,0,0,5.07,2.49,3.78,6.65,88.94,0,73.16,0.68,287.39,1.18,286.15
2022,11,28,19,0,0,0,0,0,0,0,0,4.85,1.62,3.23,6.35,86.12,0,73.21,0.73,308.09,1.27,303.69
2022,11,28,20,0,0,0,0,0,0,0,0,5.04,0.66,2.85,5.98,80.5,0,73.25,0.72,314.12,1.23,308.03
2022,11,28,21,0,0,0,0,0,0,0,0,5.12,-0.02,2.55,5.74,76.62,0,73.26,0.66,318.37,1.16,310.1
2022,11,28,22,0,0,0,0,0,0,0,0,5.1,-0.58,2.26,5.55,73.94,0,73.27,0.61,317.58,1.1,308.34
2022,11,28,23,0,0,0,0,0,0,0,0,4.81,-1.38,1.72,5.31,72.19,0,73.26,0.61,313.96,1.07,305.2
2022,11,29,0,0,0,0,0,0,0,0,0,4.44,-2.19,1.13,5.07,71,0,73.24,0.66,312.59,1.12,305.91
2022,11,29,1,0,0,0,0,0,0,0,0,4.15,-2.74,0.71,4.88,70,0,73.22,0.73,313.26,1.19,308.07
2022,11,29,2,0,0,0,0,0,0,0,0,3.92,-3.16,0.38,4.76,68.81,0,73.2,0.8,313.03,1.27,309.26
2022,11,29,3,0,0,0,0,0,0,0,0,3.78,-3.57,0.1,4.58,66.94,0,73.19,0.85,314.63,1.3,311.83
2022,11,29,4,0,0,0,0,0,0,0,0,3.62,-4.03,-0.2,4.39,64.81,0,73.18,0.85,323.24,1.29,320.42
2022,11,29,5,0,0,0,0,0,0,0,0,3.48,-4.6,-0.56,4.15,62.19,0,73.19,0.88,336.87,1.32,333.74
2022,11,29,6,0,0,0,0,0,0,0,0,3.38,-5.25,-0.93,3.91,59.12,0,73.23,0.9,339.68,1.37,336.8
2022,11,29,7,0.35,0.36,0.72,36.7,38.1,4.23,0.02,0.08,3.93,-5.13,-0.6,3.91,56.44,0,73.28,0.85,339.57,1.34,336.58
2022,11,29,8,1.08,1.09,1.64,120.08,123.88,13.79,0.16,0.77,6.52,-2.26,2.13,4.88,59.19,0,73.33,0.66,327.06,1.04,326.31
2022,11,29,9,1.74,1.77,2.41,200.58,206.27,24.88,0.45,2.25,9.55,-3.04,3.26,4.82,47.62,0,73.38,1.26,252.35,1.65,252.34
2022,11,29,10,2.22,2.27,2.96,259.8,266.58,33.57,0.78,3.88,11.36,-2.27,4.54,5.13,45,0,73.38,2.31,227.61,3.07,227.79
2022,11,29,11,2.41,2.54,3.25,283.17,299.23,37.43,0.97,4.9,12.23,-0.88,5.67,5.68,46.69,0,73.34,3,223.42,4.04,223.59
2022,11,29,12,2.38,2.56,3.26,282.58,303.95,37.69,0.98,5.02,12.44,0.48,6.46,6.1,49.81,0,73.3,3.38,222.1,4.57,222.16
2022,11,29,13,2.1,2.32,2.99,247.67,274,32.63,0.77,3.88,12.23,1.47,6.85,6.47,53.38,0,73.25,3.49,221.73,4.71,221.84
2022,11,29,14,1.6,1.84,2.46,187.4,216.15,24.1,0.46,2.27,11.68,2.06,6.87,6.65,56.94,0,73.21,3.37,221.42,4.57,221.46
2022,11,29,15,1,1.17,1.7,114.5,135.73,13.74,0.16,0.83,10.62,2.73,6.67,6.84,62.81,0,73.19,2.95,220.27,4.06,220.31
2022,11,29,16,0.42,0.44,0.8,45.7,48.92,5.07,0.02,0.1,8.69,3.93,6.31,7.39,76.62,0,73.2,1.83,220.5,2.69,220.64
2022,11,29,17,0,0,0,0,0,0,0,0,5.8,3.83,4.82,7.2,91.38,0,73.23,0.71,235.27,1.31,235.18
2022,11,29,18,0,0,0,0,0,0,0,0,5.25,3.41,4.33,6.96,91.75,0,73.29,0.63,288.66,1.04,287.48
2022,11,29,19,0,0,0,0,0,0,0,0,4.64,2.98,3.81,6.77,93.38,0,73.34,0.66,318.81,1.12,317.83
2022,11,29,20,0,0,0,0,0,0,0,0,4.61,2.42,3.51,6.53,90.62,0,73.39,0.65,326.69,1.08,326.54
2022,11,29,21,0,0,0,0,0,0,0,0,4.51,1.93,3.23,6.35,88.69,0,73.42,0.69,330.26,1.15,328.9
2022,11,29,22,0,0,0,0,0,0,0,0,4.19,1.26,2.73,6.1,87.19,0,73.42,0.76,335.8,1.29,334.21
2022,11,29,23,0,0,0,0,0,0,0,0,3.88,0.37,2.12,5.8,84.38,0,73.4,0.83,337.8,1.42,335.27
2022,11,30,0,0,0,0,0,0,0,0,0,3.98,-0.56,1.71,5.43,78.75,0,73.37,0.92,336.48,1.54,332.78
2022,11,30,1,0,0,0,0,0,0,0,0,3.24,-1.53,0.85,5.07,77.44,0,73.34,0.98,336.92,1.7,334.14
2022,11,30,2,0,0,0,0,0,0,0,0,2.46,-2.57,-0.06,4.7,75.69,0,73.31,1.03,341.43,1.86,338.82
2022,11,30,3,0,0,0,0,0,0,0,0,2,-3.71,-0.85,4.33,71.75,0,73.28,1.09,345.86,1.97,343.37
2022,11,30,4,0,0,0,0,0,0,0,0,1.68,-4.89,-1.6,3.97,67.12,0,73.27,1.12,346.26,2.01,344.24
2022,11,30,5,0,0,0,0,0,0,0,0,1.46,-5.99,-2.26,3.66,63,0,73.3,1.14,348.15,2.03,346.44
2022,11,30,6,0,0,0,0,0,0,0,0,1.39,-7.06,-2.83,3.36,58.75,0,73.34,1.15,350.99,2,349.44
2022,11,30,7,0.34,0.36,0.7,35.27,36.85,4.07,0.02,0.08,2.44,-6.6,-2.08,3.54,57,0,73.39,1.03,352.12,1.81,350.33
2022,11,30,8,1.07,1.08,1.63,116.1,120.27,13.35,0.16,0.77,6.26,-2.99,1.64,4.76,58.56,0,73.44,0.74,342.9,1.26,342.35
2022,11,30,9,1.71,1.76,2.4,192.77,200.75,23.76,0.45,2.23,9.15,-4.66,2.24,4.52,45.69,0,73.48,0.98,269.09,1.28,269.65
2022,11,30,10,2.21,2.27,2.95,253.17,260.5,32.44,0.77,3.85,11.08,-3.86,3.61,4.82,43,0,73.48,2.19,227.31,2.91,227.61
2022,11,30,11,2.43,2.54,3.24,279.67,293.55,36.72,0.97,4.95,11.88,-2.27,4.8,5.31,45.12,0,73.44,2.92,223.16,3.93,223.39
2022,11,30,12,2.56,2.63,3.25,298.38,306.48,39.85,1.07,5.45,12.19,-0.99,5.6,5.8,47.81,0,73.37,3.32,223.76,4.49,223.87
2022,11,30,13,2.26,2.38,2.99,261.48,276.27,34.55,0.85,4.3,12.09,-0.12,5.98,6.1,50.69,0,73.3,3.42,224.72,4.63,224.73
2022,11,30,14,1.77,1.89,2.46,203.52,218.27,26.02,0.52,2.55,11.52,0.72,6.12,6.35,55,0,73.25,3.26,225.19,4.45,225.21
2022,11,30,15,1.13,1.21,1.7,126.7,137.6,14.91,0.19,0.92,10.33,1.83,6.08,6.71,62.56,0,73.22,2.83,225.22,3.92,225.24
2022,11,30,16,0.45,0.46,0.8,47.92,49.92,5.23,0.02,0.12,8.37,3.3,5.84,7.26,77.5,0,73.23,1.69,227.25,2.52,227.14
2022,11,30,17,0,0,0,0,0,0,0,0,5.58,3.62,4.6,7.2,93.19,0,73.24,0.68,242.85,1.28,242.81
2022,11,30,18,0,0,0,0,0,0,0,0,4.97,3.18,4.07,6.96,94.12,0,73.28,0.64,295.94,1.13,295.5
2022,11,30,19,0,0,0,0,0,0,0,0,4.29,2.54,3.41,6.71,95.12,0,73.32,0.71,327.53,1.27,325.24
2022,11,30,20,0,0,0,0,0,0,0,0,4.01,1.78,2.9,6.41,92.56,0,73.35,0.74,334.51,1.33,330.88
2022,11,30,21,0,0,0,0,0,0,0,0,3.75,0.8,2.27,6.04,88.69,0,73.36,0.76,334.49,1.39,330.69
2022,11,30,22,0,0,0,0,0,0,0,0,3.48,-0.38,1.55,5.62,83.94,0,73.36,0.84,337.71,1.52,333.04
2022,11,30,23,0,0,0,0,0,0,0,0,3.31,-1.52,0.9,5.19,78.56,0,73.33,0.92,342.18,1.63,337.49
2022,12,1,0,0,0,0,0,0,0,0,0,2.98,-2.63,0.17,4.76,74.06,0,73.29,0.97,345.52,1.74,341.16
2022,12,1,1,0,0,0,0,0,0,0,0,2.42,-3.81,-0.7,4.33,70.44,0,73.25,1.04,345.65,1.9,342.01
2022,12,1,2,0,0,0,0,0,0,0,0,1.2,-5.06,-1.93,3.97,69.56,0,73.21,1.11,344,2.12,341.97
2022,12,1,3,0,0,0,0,0,0,0,0,0.65,-6.2,-2.77,3.6,65.94,0,73.18,1.2,346.05,2.29,344.54
2022,12,1,4,0,0,0,0,0,0,0,0,0.79,-7.38,-3.29,3.23,59.12,0,73.17,1.31,349.36,2.39,347.92
2022,12,1,5,0,0,0,0,0,0,0,0,0.72,-8.42,-3.85,2.99,54.38,0,73.18,1.34,353.99,2.39,352.67
2022,12,1,6,0,0,0,0,0,0,0,0,0.81,-9.42,-4.31,2.75,49.56,0,73.22,1.36,358.68,2.34,357.7
2022,12,1,7,0.35,0.37,0.69,37.85,39.75,4.08,0.02,0.08,1.8,-8.47,-3.34,2.99,50.12,0,73.28,1.24,3.24,2.17,2.06
2022,12,1,8,1.06,1.1,1.62,119.4,126.5,13.57,0.16,0.8,5.59,-3.52,1.04,4.58,59.06,0,73.33,0.93,3.37,1.61,3.61
2022,12,1,9,1.77,1.76,2.39,204.8,205.85,24.7,0.46,2.27,9.05,-6.18,1.44,3.91,39.75,0,73.37,0.45,292.54,0.57,292.68
2022,12,1,10,2.14,2.27,2.94,248.85,265.2,31.98,0.77,3.88,11.09,-5.24,2.93,4.46,39.88,0,73.37,1.72,215.21,2.25,214.8
2022,12,1,11,2.53,2.56,3.23,293.77,296.55,38.28,1.02,5.2,11.75,-2.98,4.38,5.07,43.38,0,73.32,2.55,210.81,3.36,210.62
2022,12,1,12,2.53,2.59,3.25,294.05,301.9,38.72,1.05,5.3,11.94,-1.18,5.37,5.62,47,0,73.25,2.98,209.39,3.97,209.44
2022,12,1,13,2.21,2.34,2.98,257.15,272.4,33.42,0.83,4.17,11.72,0.19,5.95,5.98,50.69,0,73.19,3.22,208.55,4.34,208.59
2022,12,1,14,1.75,1.86,2.45,201.4,215.2,25.29,0.5,2.48,11.04,1.09,6.06,6.16,55.12,0,73.15,3.2,208.63,4.34,208.64
2022,12,1,15,1.11,1.19,1.7,125.15,135.7,14.66,0.19,0.92,9.82,1.76,5.79,6.35,61.38,0,73.13,2.85,209.02,3.9,209.13
2022,12,1,16,0.44,0.46,0.8,46.85,49.3,5.11,0.02,0.12,7.9,2.71,5.3,6.71,73.69,0,73.14,1.82,210.63,2.63,210.67
2022,12,1,17,0,0,0,0,0,0,0,0,5.27,2.79,4.03,6.65,87.5,0,73.16,0.64,225.5,1.11,224.71
2022,12,1,18,0,0,0,0,0,0,0,0,4.55,2.19,3.37,6.35,87.69,0,73.2,0.48,314.34,0.76,313.75
2022,12,1,19,0,0,0,0,0,0,0,0,4.16,1.61,2.89,6.1,87.12,0,73.24,0.67,344.33,1.1,344.78
2022,12,1,20,0,0,0,0,0,0,0,0,4.13,1.01,2.57,5.92,84.25,0,73.26,0.72,350.03,1.21,351.09
2022,12,1,21,0,0,0,0,0,0,0,0,4.06,0.25,2.15,5.62,81.06,0,73.27,0.8,349.89,1.34,351.25
2022,12,1,22,0,0,0,0,0,0,0,0,3.94,-0.77,1.58,5.37,77.38,0,73.26,0.87,352.75,1.42,354.01
2022,12,1,23,0,0,0,0,0,0,0,0,3.94,-1.8,1.07,5.07,73.19,0,73.24,0.88,352.3,1.39,353.23
2022,12,2,0,0,0,0,0,0,0,0,0,3.51,-2.73,0.39,4.76,71.25,0,73.21,0.82,346.23,1.32,347.36
2022,12,2,1,0,0,0,0,0,0,0,0,3.32,-3.58,-0.13,4.52,68.19,0,73.18,0.85,341.9,1.36,342.92
2022,12,2,2,0,0,0,0,0,0,0,0,3.02,-4.42,-0.7,4.21,65.38,0,73.16,0.89,342.68,1.42,343.36
2022,12,2,3,0,0,0,0,0,0,0,0,2.73,-5.28,-1.27,3.97,62.31,0,73.14,0.92,343.72,1.46,343.89
2022,12,2,4,0,0,0,0,0,0,0,0,2.33,-6.08,-1.87,3.72,60.12,0,73.13,0.95,343.21,1.52,343.24
2022,12,2,5,0,0,0,0,0,0,0,0,1.94,-6.81,-2.43,3.48,58.56,0,73.14,0.97,348.33,1.57,348.8
2022,12,2,6,0,0,0,0,0,0,0,0,1.74,-7.58,-2.92,3.3,56.19,0,73.18,0.97,352.13,1.57,352.87
2022,12,2,7,0.32,0.33,0.67,33.62,34.88,3.85,0.02,0.08,2.74,-7.01,-2.13,3.48,55.12,0,73.25,0.89,352.44,1.46,352.61
2022,12,2,8,1.05,1.05,1.6,115.98,118.92,13.3,0.15,0.73,6.15,-2.68,1.73,4.82,60.06,0,73.31,0.49,342.43,0.84,340.89
2022,12,2,9,1.71,1.73,2.38,194.83,199.5,24.02,0.43,2.12,8.83,-4.66,2.09,4.46,46.12,0,73.37,0.95,223,1.24,223.73
2022,12,2,10,2.15,2.23,2.93,249.02,258.88,32.02,0.73,3.65,10.28,-3.12,3.58,4.88,45.88,0,73.38,2.15,212.36,2.85,212.91
2022,12,2,11,2.38,2.48,3.22,278.8,290.4,36.41,0.93,4.67,11.15,-1.64,4.75,5.25,46.69,0,73.34,2.72,214.47,3.64,214.95
2022,12,2,12,2.46,2.55,3.24,290.75,302.75,38.41,0.99,5,11.62,-0.67,5.47,5.55,47.62,0,73.26,3.12,216.76,4.18,217.11
2022,12,2,13,2.23,2.3,2.97,263.88,272.4,34.11,0.8,3.98,11.6,0.05,5.82,5.8,49.5,0,73.18,3.32,218.98,4.47,219.04
2022,12,2,14,1.76,1.81,2.45,205.2,214.25,25.48,0.47,2.33,11.05,0.65,5.85,5.98,53.06,0,73.13,3.22,219.88,4.36,219.91
2022,12,2,15,1.09,1.15,1.69,124.08,134.05,14.42,0.17,0.85,9.91,1.24,5.58,6.16,59,0,73.1,2.79,221.82,3.83,221.86
2022,12,2,16,0.42,0.43,0.8,45.83,47.83,5.02,0.02,0.1,8.02,2.25,5.14,6.59,71.94,0,73.09,1.71,225,2.52,225
2022,12,2,17,0,0,0,0,0,0,0,0,5.03,2.3,3.67,6.53,87.12,0,73.1,0.72,246.23,1.32,245.56
2022,12,2,18,0,0,0,0,0,0,0,0,4.19,1.62,2.9,6.16,87.75,0,73.14,0.73,296.57,1.27,296.25
2022,12,2,19,0,0,0,0,0,0,0,0,4.15,1.08,2.62,5.98,85.06,0,73.17,0.83,323.78,1.39,322.74
2022,12,2,20,0,0,0,0,0,0,0,0,4,0.37,2.18,5.68,82.25,0,73.18,0.85,332.73,1.43,332.31
2022,12,2,21,0,0,0,0,0,0,0,0,3.68,-0.52,1.58,5.37,79.44,0,73.2,0.91,334.09,1.54,333.18
2022,12,2,22,0,0,0,0,0,0,0,0,3.48,-1.48,1,5.07,75.62,0,73.22,0.91,337.19,1.52,336.07
2022,12,2,23,0,0,0,0,0,0,0,0,3.72,-2.35,0.69,4.76,70.06,0,73.22,0.89,340.45,1.42,337.67
2022,12,3,0,0,0,0,0,0,0,0,0,3.48,-3.17,0.15,4.52,67.38,0,73.21,0.86,341.57,1.37,337.23
2022,12,3,1,0,0,0,0,0,0,0,0,3.05,-4.08,-0.52,4.27,65.56,0,73.21,0.88,340.92,1.4,337.01
2022,12,3,2,0,0,0,0,0,0,0,0,2.49,-5.08,-1.29,3.97,64.12,0,73.2,0.93,337.75,1.48,335.61
2022,12,3,3,0,0,0,0,0,0,0,0,1.79,-6.22,-2.21,3.72,62.94,0,73.18,0.94,340.67,1.52,340.82
2022,12,3,4,0,0,0,0,0,0,0,0,1.57,-7.46,-2.95,3.48,59.25,0,73.17,0.97,344.18,1.57,345.34
2022,12,3,5,0,0,0,0,0,0,0,0,1.79,-8.66,-3.43,3.23,54.19,0,73.18,1,345.96,1.58,346.58
2022,12,3,6,0,0,0,0,0,0,0,0,1.63,-9.57,-3.97,3.05,51.69,0,73.22,0.96,348.69,1.51,348.98
2022,12,3,7,0.32,0.33,0.66,33.05,34.42,3.77,0.02,0.08,2.46,-8.93,-3.24,3.23,51.88,0,73.27,0.82,351.25,1.33,352.25
2022,12,3,8,1.06,1.07,1.59,116.08,119.1,13.22,0.15,0.73,5.8,-3.53,1.13,4.76,60.31,0,73.32,0.45,349.08,0.78,351.38
2022,12,3,9,1.73,1.75,2.36,195.08,200,23.89,0.44,2.17,8.87,-5.82,1.53,4.21,43.31,0,73.37,0.81,205.58,1.07,206.38
2022,12,3,10,2.17,2.25,2.92,248.52,259.9,31.82,0.74,3.73,9.94,-4.94,2.5,4.52,43.56,0,73.38,2.03,208.05,2.69,208.65
2022,12,3,11,2.51,2.51,3.21,291.83,292.33,37.77,0.98,4.9,10.63,-3.61,3.51,4.88,44.81,0,73.34,2.74,216.64,3.65,216.92
2022,12,3,12,2.51,2.57,3.23,294.23,301.73,38.68,1.02,5.2,10.96,-2.67,4.14,5.13,46.06,0,73.27,3.16,222.4,4.22,222.52
2022,12,3,13,2.24,2.34,2.97,260.9,272.38,33.93,0.81,4.1,10.98,-2.15,4.41,5.31,47.38,0,73.19,3.28,225.87,4.39,225.87
2022,12,3,14,1.76,1.84,2.44,203.85,215.33,25.62,0.5,2.45,10.58,-1.77,4.4,5.43,49.94,0,73.12,3.18,225.99,4.3,226.03
2022,12,3,15,1.12,1.18,1.69,126.12,135.75,14.78,0.19,0.9,9.54,-1.17,4.19,5.68,55.69,0,73.1,2.89,225.22,3.98,225.08
2022,12,3,16,0.45,0.45,0.8,48,49.2,5.23,0.02,0.1,7.58,0.25,3.91,6.29,70.38,0,73.11,1.86,226.7,2.74,226.39
2022,12,3,17,0,0,0,0,0,0,0,0,4.67,0.97,2.82,6.23,85.38,0,73.15,0.78,241.89,1.41,241.87
2022,12,3,18,0,0,0,0,0,0,0,0,3.84,0.41,2.12,5.98,86.75,0,73.19,0.69,296.85,1.16,295.53
2022,12,3,19,0,0,0,0,0,0,0,0,3.03,-0.55,1.24,5.62,86.81,0,73.22,0.82,327.07,1.39,325.33
2022,12,3,20,0,0,0,0,0,0,0,0,2.72,-1.87,0.42,5.19,82,0,73.25,0.94,334.29,1.55,333.69
2022,12,3,21,0,0,0,0,0,0,0,0,2.37,-3.1,-0.36,4.76,77.19,0,73.27,1.04,336.12,1.75,335.15
2022,12,3,22,0,0,0,0,0,0,0,0,2.1,-4.38,-1.14,4.33,71.56,0,73.26,1.09,338.05,1.84,336.71
2022,12,3,23,0,0,0,0,0,0,0,0,1.73,-5.7,-1.99,3.91,66.44,0,73.24,1.09,337.66,1.85,336.58
2022,12,4,0,0,0,0,0,0,0,0,0,1.32,-6.86,-2.77,3.6,62.5,0,73.21,1.1,336.91,1.88,335.67
2022,12,4,1,0,0,0,0,0,0,0,0,1.01,-8.02,-3.51,3.3,58.69,0,73.19,1.14,336.6,1.95,335.69
2022,12,4,2,0,0,0,0,0,0,0,0,0.71,-9.27,-4.28,2.99,54.81,0,73.18,1.17,337.7,2,337.04
2022,12,4,3,0,0,0,0,0,0,0,0,0.5,-10.55,-5.02,2.75,50.81,0,73.16,1.18,338.69,2,337.95
2022,12,4,4,0,0,0,0,0,0,0,0,0.34,-11.74,-5.7,2.5,47.25,0,73.16,1.16,338.63,1.94,338.28
2022,12,4,5,0,0,0,0,0,0,0,0,0.34,-12.85,-6.25,2.32,43.5,0,73.18,1.13,339.81,1.87,339.44
2022,12,4,6,0,0,0,0,0,0,0,0,0.33,-13.75,-6.7,2.14,40.5,0,73.22,1.11,341.95,1.8,341.8
2022,12,4,7,0.34,0.35,0.64,35.33,36.67,3.86,0.02,0.08,1.2,-12.55,-5.67,2.38,41.5,0,73.27,1.05,344.41,1.72,344.45
2022,12,4,8,1.1,1.09,1.58,121.9,124.02,13.83,0.16,0.75,4.65,-5.74,-0.55,3.85,53.44,0,73.32,0.77,344.69,1.35,343.55
2022,12,4,9,1.75,1.76,2.35,199.58,203.8,24.55,0.45,2.2,8.46,-8.77,-0.16,3.17,33.81,0,73.36,1.05,279.39,1.42,280.14
2022,12,4,10,2.26,2.26,2.91,259.92,261.6,33.18,0.77,3.8,10.22,-7.36,1.43,3.6,34.25,0,73.36,2,242.34,2.67,242.61
2022,12,4,11,2.41,2.51,3.2,279.98,291.62,36.5,0.94,4.77,11.18,-5.58,2.8,4.09,36.12,0,73.31,2.73,233.72,3.67,233.84
2022,12,4,12,2.43,2.52,3.22,283.15,293.38,36.87,0.96,4.88,11.55,-3.99,3.78,4.58,39.5,0,73.24,3.19,229.57,4.32,229.69
2022,12,4,13,2.1,2.27,2.96,242.23,262,31.16,0.73,3.7,11.39,-2.68,4.36,5.07,43.94,0,73.18,3.46,228.02,4.7,228.1
2022,12,4,14,1.65,1.78,2.44,187.65,204.35,23.31,0.45,2.2,10.76,-1.62,4.58,5.43,49.25,0,73.14,3.43,228.51,4.69,228.51
2022,12,4,15,1.02,1.13,1.69,113.15,126.35,13.36,0.16,0.83,9.66,-0.59,4.54,5.8,56.31,0,73.13,2.99,228.49,4.16,228.43
2022,12,4,16,0.41,0.42,0.8,43,44.83,4.88,0.02,0.1,7.69,1.08,4.39,6.41,71.5,0,73.14,1.83,230.19,2.72,230.13
2022,12,4,17,0,0,0,0,0,0,0,0,4.61,1.76,3.19,6.47,89.31,0,73.17,0.76,244.49,1.47,245.88
2022,12,4,18,0,0,0,0,0,0,0,0,4.16,1.08,2.62,6.23,88.88,0,73.21,0.69,281.06,1.24,281.24
2022,12,4,19,0,0,0,0,0,0,0,0,3.62,-0.14,1.74,5.86,87.06,0,73.25,0.78,310.91,1.32,307.07
2022,12,4,20,0,0,0,0,0,0,0,0,3.48,-1.74,0.87,5.43,81.06,0,73.29,0.86,315.37,1.4,312.75
2022,12,4,21,0,0,0,0,0,0,0,0,3.54,-3.06,0.24,5,75,0,73.32,0.94,308.59,1.5,306.51
2022,12,4,22,0,0,0,0,0,0,0,0,3.4,-4.08,-0.34,4.7,70.94,0,73.34,0.96,308.08,1.52,305.81
2022,12,4,23,0,0,0,0,0,0,0,0,3.21,-4.89,-0.84,4.46,67.94,0,73.33,0.95,308.66,1.52,305.98
2022,12,5,0,0,0,0,0,0,0,0,0,2.91,-5.59,-1.34,4.21,65.88,0,73.31,0.93,307.45,1.51,304.02
2022,12,5,1,0,0,0,0,0,0,0,0,2.63,-6.11,-1.74,4.03,64.38,0,73.3,0.91,310.82,1.49,306.27
2022,12,5,2,0,0,0,0,0,0,0,0,2.43,-6.57,-2.07,3.85,62.5,0,73.29,0.92,315.69,1.51,311.02
2022,12,5,3,0,0,0,0,0,0,0,0,2.3,-7.16,-2.43,3.66,60.06,0,73.28,0.93,317.37,1.54,312.74
2022,12,5,4,0,0,0,0,0,0,0,0,2.21,-7.81,-2.8,3.48,57.44,0,73.29,0.97,313.7,1.58,309.99
2022,12,5,5,0,0,0,0,0,0,0,0,2.2,-8.44,-3.12,3.3,54.5,0,73.32,0.99,313.73,1.59,310.42
2022,12,5,6,0,0,0,0,0,0,0,0,2.21,-9.1,-3.44,3.11,51.56,0,73.38,0.98,317.57,1.56,313.78
2022,12,5,7,0.33,0.34,0.63,34.77,35.92,3.79,0.02,0.08,2.84,-8.77,-2.96,3.11,49.31,0,73.44,0.89,318.91,1.45,314.56
2022,12,5,8,1.09,1.09,1.56,121.23,124.38,13.84,0.16,0.75,5.52,-3.67,0.92,4.39,57.5,0,73.49,0.6,302.87,1.12,298.35
2022,12,5,9,1.74,1.77,2.34,200.52,205.92,24.97,0.46,2.27,8.76,-5.17,1.8,4.15,43.38,0,73.54,1.59,247.47,2.22,248.12
2022,12,5,10,2.18,2.27,2.9,253.6,265.95,33.09,0.78,3.9,10.01,-5.29,2.37,4.33,41.31,0,73.54,2.58,234.62,3.51,235.14
2022,12,5,11,2.5,2.55,3.19,293,298.62,38.79,1.02,5.12,10.8,-3.93,3.43,4.7,42.81,0,73.5,3.1,232.67,4.2,233.02
2022,12,5,12,2.48,2.57,3.21,292.83,304.15,39.09,1.04,5.27,11.15,-2.87,4.14,5.07,44.88,0,73.42,3.44,232.3,4.64,232.45
2022,12,5,13,2.27,2.34,2.96,266.45,275.55,35,0.84,4.23,11.06,-2.24,4.41,5.31,47.12,0,73.34,3.57,232.03,4.82,232.11
2022,12,5,14,1.77,1.87,2.44,206.33,219.52,26.26,0.51,2.52,10.55,-1.85,4.35,5.49,50.5,0,73.29,3.47,232.23,4.72,232.26
2022,12,5,15,1.13,1.22,1.69,128.8,140.73,15.27,0.19,0.95,9.49,-1.49,4,5.62,55.75,0,73.26,3.05,233.42,4.23,233.41
2022,12,5,16,0.47,0.48,0.8,51.4,53.15,5.48,0.02,0.12,7.58,-0.05,3.77,6.16,69.44,0,73.25,1.86,235.98,2.78,236
2022,12,5,17,0,0,0,0,0,0,0,0,4.37,0.94,2.65,6.23,87.56,0,73.26,0.83,253.09,1.62,253.49
2022,12,5,18,0,0,0,0,0,0,0,0,3.44,0.08,1.76,5.92,88.81,0,73.29,0.79,292.75,1.44,292.26
2022,12,5,19,0,0,0,0,0,0,0,0,2.76,-1.26,0.75,5.49,86.5,0,73.31,0.85,320.6,1.53,318.32
2022,12,5,20,0,0,0,0,0,0,0,0,2.39,-2.67,-0.14,5,81.38,0,73.32,0.92,330.62,1.6,329.18
2022,12,5,21,0,0,0,0,0,0,0,0,2.15,-3.88,-0.87,4.64,76.06,0,73.32,0.95,330.9,1.64,328.8
2022,12,5,22,0,0,0,0,0,0,0,0,2.27,-5.01,-1.37,4.27,69.5,0,73.31,0.94,328.95,1.59,325.84
2022,12,5,23,0,0,0,0,0,0,0,0,2.33,-5.99,-1.83,3.97,64.38,0,73.28,0.92,327.79,1.51,323.6
2022,12,6,0,0,0,0,0,0,0,0,0,2.08,-6.85,-2.38,3.72,61.38,0,73.25,0.92,327.79,1.52,323.37
2022,12,6,1,0,0,0,0,0,0,0,0,1.83,-7.73,-2.95,3.48,58.19,0,73.22,0.95,327.75,1.56,323.36
2022,12,6,2,0,0,0,0,0,0,0,0,1.62,-8.63,-3.51,3.23,54.81,0,73.2,0.99,329.19,1.61,325.3
2022,12,6,3,0,0,0,0,0,0,0,0,1.37,-9.45,-4.05,2.99,52.06,0,73.17,1.02,337.95,1.64,334.54
2022,12,6,4,0,0,0,0,0,0,0,0,0.9,-10.08,-4.59,2.81,50.38,0,73.15,1.09,346.26,1.75,343.35
2022,12,6,5,0,0,0,0,0,0,0,0,0.39,-10.74,-5.18,2.62,48.75,0,73.16,1.16,345.59,1.91,343.12
2022,12,6,6,0,0,0,0,0,0,0,0,-0.6,-11.34,-5.97,2.44,49.94,0,73.2,1.18,347.43,2.03,345.75
2022,12,6,7,0.32,0.32,0.61,32.77,33.83,3.66,0.02,0.08,0.01,-10.42,-5.2,2.62,50.69,0,73.23,1.11,351.53,1.99,349.57
2022,12,6,8,1.05,1.05,1.55,115.02,118.48,13.11,0.15,0.75,3.93,-5.52,-0.79,3.97,57.31,0,73.28,0.89,344.26,1.56,343.47
2022,12,6,9,1.69,1.72,2.33,191.62,197.38,23.56,0.45,2.2,7.24,-7.45,-0.1,3.54,41,0,73.34,1.05,286.82,1.38,287.1
2022,12,6,10,2.14,2.22,2.88,245.52,256.02,31.46,0.75,3.75,9.39,-6.2,1.6,3.97,39.5,0,73.34,2.11,237.07,2.81,237.59
2022,12,6,11,2.37,2.48,3.19,275.8,288.92,36.21,0.97,4.92,10.48,-4.47,3.01,4.39,40.44,0,73.28,2.94,228.99,3.97,229.39
2022,12,6,12,2.48,2.56,3.21,290.95,300.83,38.7,1.05,5.35,11.02,-3.04,3.99,4.76,42.38,0,73.19,3.47,228.2,4.71,228.43
2022,12,6,13,2.26,2.32,2.95,263.8,271.92,34.49,0.85,4.33,10.97,-1.94,4.51,5.07,45.5,0,73.11,3.6,228.95,4.89,229.08
2022,12,6,14,1.77,1.85,2.43,204.58,215.35,25.88,0.52,2.55,10.48,-1.35,4.56,5.31,49,0,73.06,3.46,230.41,4.71,230.58
2022,12,6,15,1.14,1.18,1.69,129,136.1,15.17,0.2,0.98,9.44,-0.89,4.27,5.49,54.25,0,73.03,3.04,230.74,4.22,230.86
2022,12,6,16,0.44,0.46,0.8,47.27,49.9,5.2,0.02,0.12,7.44,0.44,3.94,6.04,68.62,0,73.04,1.84,234.83,2.78,234.48
2022,12,6,17,0,0,0,0,0,0,0,0,4.3,0.56,2.44,5.92,83.06,0,73.07,0.82,249.83,1.57,251.38
2022,12,6,18,0,0,0,0,0,0,0,0,3.64,-0.51,1.56,5.49,81.44,0,73.12,0.84,285.07,1.52,283.96
2022,12,6,19,0,0,0,0,0,0,0,0,3.05,-1.99,0.52,5.07,78.5,0,73.15,0.88,303.41,1.51,301.47
2022,12,6,20,0,0,0,0,0,0,0,0,2.55,-3.42,-0.43,4.7,74.88,0,73.17,0.91,317.1,1.55,315.41
2022,12,6,21,0,0,0,0,0,0,0,0,2.47,-4.55,-1.04,4.33,69.88,0,73.17,0.95,324.74,1.6,322.35
2022,12,6,22,0,0,0,0,0,0,0,0,2.51,-5.49,-1.49,4.03,65,0,73.16,0.95,330.49,1.57,326.55
2022,12,6,23,0,0,0,0,0,0,0,0,2.4,-6.31,-1.96,3.78,61.5,0,73.14,0.94,330.26,1.55,326.07
2022,12,7,0,0,0,0,0,0,0,0,0,2.27,-7.13,-2.43,3.6,58.25,0,73.12,0.96,324.89,1.57,320.45
2022,12,7,1,0,0,0,0,0,0,0,0,2.1,-7.9,-2.9,3.36,55.31,0,73.11,0.99,322.68,1.6,318.76
2022,12,7,2,0,0,0,0,0,0,0,0,1.8,-8.5,-3.35,3.17,53.38,0,73.08,1.01,329.87,1.64,326.08
2022,12,7,3,0,0,0,0,0,0,0,0,1.5,-9.01,-3.75,2.99,51.5,0,73.06,1.05,336.69,1.69,332.84
2022,12,7,4,0,0,0,0,0,0,0,0,1.2,-9.49,-4.14,2.87,49.94,0,73.06,1.09,341.57,1.77,337.73
2022,12,7,5,0,0,0,0,0,0,0,0,1.15,-9.97,-4.42,2.69,47.44,0,73.08,1.12,344.99,1.82,341.18
2022,12,7,6,0,0,0,0,0,0,0,0,1.05,-10.42,-4.68,2.56,45.38,0,73.12,1.12,348.3,1.82,344.29
2022,12,7,7,0.35,0.35,0.6,35.45,36.23,3.77,0.02,0.08,1.1,-9.26,-4.08,2.81,49.69,0,73.18,1.05,352.72,1.81,349.32
2022,12,7,8,1.11,1.11,1.54,123,126.88,14.02,0.16,0.77,4.38,-3.94,0.23,4.39,62,0,73.23,0.9,353,1.57,351.43
2022,12,7,9,1.76,1.8,2.32,202.1,208.17,25.27,0.48,2.35,7.77,-5.99,0.89,3.72,41.5,0,73.28,0.87,308.1,1.18,309.08
2022,12,7,10,2.27,2.3,2.87,261.92,267.42,34.17,0.82,4.1,9.88,-5.31,2.28,4.09,39.75,0,73.27,1.9,235.2,2.52,235.72
2022,12,7,11,2.49,2.57,3.18,289.35,299.27,38.48,1.03,5.27,10.77,-3.76,3.51,4.64,41.88,0,73.22,2.7,222.54,3.64,222.91
2022,12,7,12,2.49,2.54,3.2,290.4,295.65,38.24,1.02,5.23,11.15,-2.27,4.44,5.13,45.06,0,73.15,3.21,220.16,4.34,220.4
2022,12,7,13,2.18,2.29,2.95,252.55,265.35,32.7,0.8,4.05,11.01,-1.06,4.98,5.55,49.31,0,73.08,3.37,220.3,4.56,220.41
2022,12,7,14,1.66,1.8,2.43,188.9,208.45,23.7,0.47,2.33,10.41,-0.16,5.13,5.86,54.38,0,73.04,3.24,220.6,4.4,220.68
2022,12,7,15,1.02,1.15,1.69,114.58,130.33,13.67,0.18,0.9,9.31,0.58,4.95,6.1,61,0,73.01,2.86,219.34,3.94,219.44
2022,12,7,16,0.42,0.44,0.8,44.35,46.88,5.01,0.02,0.12,7.41,1.65,4.53,6.47,73.69,0,73.03,1.86,217.5,2.7,217.47
2022,12,7,17,0,0,0,0,0,0,0,0,4.36,2.35,3.35,6.65,93.19,0,73.07,0.72,223.24,1.32,222.59
2022,12,7,18,0,0,0,0,0,0,0,0,3.75,1.91,2.83,6.47,95.06,0,73.12,0.53,258.86,0.81,259.99
2022,12,7,19,0,0,0,0,0,0,0,0,3.1,1.15,2.13,6.29,96.12,0,73.16,0.55,317.89,0.83,318.05
2022,12,7,20,0,0,0,0,0,0,0,0,2.62,0.12,1.37,5.92,94.56,0,73.18,0.69,340.95,1.12,342.96
2022,12,7,21,0,0,0,0,0,0,0,0,2.08,-1.1,0.49,5.55,91.88,0,73.19,0.82,343.98,1.38,346.28
2022,12,7,22,0,0,0,0,0,0,0,0,2.01,-2.35,-0.17,5.13,85.19,0,73.19,0.95,341.86,1.56,343.47
2022,12,7,23,0,0,0,0,0,0,0,0,2.09,-3.58,-0.74,4.7,77.44,0,73.18,1.01,337.62,1.61,338.3
2022,12,8,0,0,0,0,0,0,0,0,0,1.78,-4.68,-1.45,4.27,72.31,0,73.17,0.97,334.68,1.56,335.37
2022,12,8,1,0,0,0,0,0,0,0,0,1.62,-5.63,-2.01,3.91,67,0,73.17,0.96,335.1,1.55,335.25
2022,12,8,2,0,0,0,0,0,0,0,0,1.35,-6.49,-2.57,3.6,62.81,0,73.15,1,336.45,1.6,336.69
2022,12,8,3,0,0,0,0,0,0,0,0,1.07,-7.2,-3.06,3.36,59.81,0,73.14,1,343.69,1.6,343.25
2022,12,8,4,0,0,0,0,0,0,0,0,0.62,-7.81,-3.6,3.17,58.12,0,73.14,1.02,350.75,1.64,350.67
2022,12,8,5,0,0,0,0,0,0,0,0,0.05,-8.36,-4.15,2.99,57.44,0,73.16,1.07,355.79,1.74,356.13
2022,12,8,6,0,0,0,0,0,0,0,0,-0.32,-9.06,-4.69,2.81,55.75,0,73.2,1.13,358.03,1.88,357.62
2022,12,8,7,0.32,0.33,0.58,32.6,34.23,3.54,0.02,0.08,0.45,-8.7,-4.13,2.93,54.56,0,73.25,1.15,359.22,1.95,358.17
2022,12,8,8,1.08,1.08,1.53,120.2,123.83,13.66,0.16,0.77,3.95,-3.99,-0.02,4.33,63.19,0,73.3,0.83,356.76,1.49,355.79
2022,12,8,9,1.75,1.77,2.31,201.48,204.9,24.95,0.48,2.35,7.19,-5.32,0.94,4.09,47.06,0,73.36,0.44,282.31,0.6,284.4
2022,12,8,10,2.26,2.26,2.87,261.17,263.7,33.77,0.82,4.1,9.29,-4.94,2.17,4.46,44.5,0,73.36,1.87,225.17,2.46,225.51
2022,12,8,11,2.52,2.53,3.17,293.38,294.88,38.55,1.04,5.27,10.29,-3.6,3.34,4.76,44.94,0,73.29,2.73,220.25,3.65,220.48
2022,12,8,12,2.44,2.5,3.2,285.3,293.25,37.45,1.02,5.25,10.72,-2.23,4.24,5.19,47,0,73.21,3.27,220.65,4.41,220.91
2022,12,8,13,2.17,2.26,2.94,251.48,263.38,32.55,0.81,4.1,10.59,-1.06,4.76,5.49,50.31,0,73.13,3.41,221.47,4.6,221.7
2022,12,8,14,1.69,1.79,2.43,193.98,206.88,24.22,0.49,2.45,10.07,-0.32,4.87,5.68,53.94,0,73.07,3.25,221.98,4.41,222.06
2022,12,8,15,1.06,1.14,1.69,118.83,129.3,13.98,0.19,0.92,9.04,0.33,4.69,5.86,59.38,0,73.04,2.79,221.71,3.83,221.78
2022,12,8,16,0.43,0.43,0.81,45.7,46.98,5.11,0.02,0.12,7.18,1.44,4.31,6.23,71.81,0,73.04,1.71,222.22,2.49,222.33
2022,12,8,17,0,0,0,0,0,0,0,0,4.5,1.71,3.1,6.23,86.25,0,73.06,0.63,244.38,1.13,243.61
2022,12,8,18,0,0,0,0,0,0,0,0,3.48,1.02,2.25,5.92,88.31,0,73.09,0.68,314.53,1.12,313.59
2022,12,8,19,0,0,0,0,0,0,0,0,2.9,0.12,1.51,5.62,87.44,0,73.13,0.83,328.11,1.38,328.65
2022,12,8,20,0,0,0,0,0,0,0,0,2.75,-0.97,0.89,5.31,83.5,0,73.16,0.89,332.76,1.44,333.57
2022,12,8,21,0,0,0,0,0,0,0,0,2.61,-2.08,0.26,5,79.25,0,73.18,0.96,338.03,1.54,338.25
2022,12,8,22,0,0,0,0,0,0,0,0,2.4,-3.1,-0.35,4.64,75.25,0,73.19,0.93,339.89,1.51,339.13
2022,12,8,23,0,0,0,0,0,0,0,0,2.86,-4.22,-0.68,4.33,67.69,0,73.18,0.87,328.59,1.39,324.88
2022,12,9,0,0,0,0,0,0,0,0,0,2.83,-5.27,-1.22,4.09,63.62,0,73.15,0.78,311.35,1.27,308.49
2022,12,9,1,0,0,0,0,0,0,0,0,2.57,-6.12,-1.77,3.85,61.5,0,73.14,0.9,300.36,1.42,298.96
2022,12,9,2,0,0,0,0,0,0,0,0,2.45,-6.77,-2.16,3.66,59.19,0,73.12,0.95,300.56,1.48,299.14
2022,12,9,3,0,0,0,0,0,0,0,0,2.46,-7.13,-2.34,3.54,57.06,0,73.11,0.9,309.74,1.38,307.39
2022,12,9,4,0,0,0,0,0,0,0,0,2.35,-7.37,-2.51,3.42,55.69,0,73.11,0.88,321.5,1.33,318.09
2022,12,9,5,0,0,0,0,0,0,0,0,2.3,-7.65,-2.67,3.3,54.06,0,73.13,0.85,330.84,1.29,327.08
2022,12,9,6,0,0,0,0,0,0,0,0,2.18,-8.02,-2.92,3.17,52.5,0,73.18,0.89,337.26,1.35,333.88
2022,12,9,7,0.3,0.3,0.57,31.42,31.83,3.46,0.02,0.05,2.69,-7.66,-2.49,3.23,51.75,0,73.24,0.86,338.59,1.31,335.42
2022,12,9,8,1.05,1.05,1.51,118.35,121.05,13.46,0.16,0.75,5.19,-3.36,0.91,4.52,59.75,0,73.3,0.56,317.25,0.98,313.71
2022,12,9,9,1.71,1.73,2.29,198.65,203.15,24.74,0.47,2.3,8.15,-3.73,2.21,4.46,48.62,0,73.35,1.22,245.07,1.64,246.12
2022,12,9,10,2.22,2.24,2.86,260.67,263.75,33.88,0.81,4.05,9.77,-2.81,3.48,4.76,46.31,0,73.34,2.29,227.21,3.07,227.99
2022,12,9,11,2.44,2.51,3.16,287.7,296.8,38.24,1.02,5.25,10.75,-1.49,4.63,5.25,47.5,0,73.29,3.01,227.84,4.08,228.49
2022,12,9,12,2.41,2.51,3.19,284.38,296.3,37.7,1.02,5.23,11.23,-0.65,5.29,5.55,48.94,0,73.21,3.56,228.83,4.82,229.14
2022,12,9,13,2.17,2.28,2.94,255.55,268.77,33.3,0.82,4.12,11.12,-0.01,5.55,5.86,51.75,0,73.13,3.77,229.37,5.12,229.46
2022,12,9,14,1.73,1.82,2.43,200.9,214.02,25.3,0.51,2.5,10.57,0.45,5.51,6.04,55.31,0,73.08,3.62,230.16,4.94,230.26
2022,12,9,15,1.1,1.18,1.69,125.85,136.95,14.8,0.2,0.95,9.48,0.87,5.17,6.16,60.88,0,73.05,3.09,232.49,4.28,232.65
2022,12,9,16,0.45,0.46,0.81,49.83,51.77,5.37,0.02,0.12,7.53,1.8,4.66,6.59,74.06,0,73.04,1.81,238.02,2.72,237.91
2022,12,9,17,0,0,0,0,0,0,0,0,4.4,1.73,3.06,6.41,89.56,0,73.06,0.82,257.83,1.59,258.63
2022,12,9,18,0,0,0,0,0,0,0,0,3.54,0.66,2.1,6.04,89.62,0,73.1,0.82,294.13,1.51,292.57
2022,12,9,19,0,0,0,0,0,0,0,0,2.82,-0.84,0.99,5.55,87.31,0,73.15,0.9,303,1.61,301.3
2022,12,9,20,0,0,0,0,0,0,0,0,2.57,-2.42,0.08,5.13,81.88,0,73.19,1.02,296.76,1.78,295.55
2022,12,9,21,0,0,0,0,0,0,0,0,2.28,-3.61,-0.67,4.76,77.94,0,73.22,1.08,294.89,1.86,293.99
2022,12,9,22,0,0,0,0,0,0,0,0,2.07,-4.48,-1.2,4.52,74.44,0,73.23,1.08,298.41,1.87,297.1
2022,12,9,23,0,0,0,0,0,0,0,0,2.2,-5.25,-1.52,4.21,69.44,0,73.22,1.13,304.02,1.9,301.21
2022,12,10,0,0,0,0,0,0,0,0,0,2.13,-6.06,-1.96,3.97,65.5,0,73.2,1.16,307.33,1.94,304.33
2022,12,10,1,0,0,0,0,0,0,0,0,2.07,-6.85,-2.39,3.72,61.56,0,73.19,1.18,309.08,1.96,306.41
2022,12,10,2,0,0,0,0,0,0,0,0,2,-7.45,-2.73,3.48,58.06,0,73.17,1.2,309.18,1.99,306.87
2022,12,10,3,0,0,0,0,0,0,0,0,2.05,-7.89,-2.92,3.3,54.62,0,73.16,1.2,305.75,1.96,304.45
2022,12,10,4,0,0,0,0,0,0,0,0,1.92,-8.21,-3.15,3.11,52.5,0,73.16,1.2,304.62,1.93,303.75
2022,12,10,5,0,0,0,0,0,0,0,0,1.75,-8.46,-3.35,2.99,51,0,73.17,1.17,313.38,1.89,312.32
2022,12,10,6,0,0,0,0,0,0,0,0,1.58,-8.79,-3.61,2.87,49.56,0,73.21,1.16,318.56,1.87,317.37
2022,12,10,7,0.3,0.32,0.56,31.55,34.2,3.44,0.02,0.08,2.08,-8.66,-3.28,2.87,47.75,0,73.26,1.09,320.25,1.82,319.18
2022,12,10,8,1.07,1.08,1.5,122.17,126.2,13.83,0.16,0.77,4.98,-4.29,0.34,4.09,55.44,0,73.31,0.83,307.73,1.52,308.11
2022,12,10,9,1.75,1.77,2.28,204.73,208.65,25.51,0.48,2.4,8.26,-4.69,1.78,4.09,44.25,0,73.35,1.72,269.74,2.41,270
2022,12,10,10,2.24,2.28,2.85,263.3,269.38,34.45,0.84,4.23,10.11,-4.74,2.69,4.33,41.06,0,73.34,2.89,248.23,3.97,248.43
2022,12,10,11,2.55,2.56,3.16,300.98,302.95,40.05,1.09,5.55,11.1,-3.52,3.79,4.76,42.25,0,73.29,3.72,242.47,5.13,242.54
2022,12,10,12,2.47,2.55,3.19,291.88,301.3,38.95,1.08,5.58,11.45,-2.44,4.51,5.13,44.44,0,73.21,4.1,240.46,5.65,240.49
2022,12,10,13,2.23,2.35,2.94,260.62,275.92,34.68,0.89,4.5,11.4,-1.67,4.87,5.43,47,0,73.12,4.13,240.13,5.67,240.15
2022,12,10,14,1.75,1.9,2.43,203.23,222.33,26.18,0.55,2.7,10.96,-1.2,4.87,5.55,49.75,0,73.05,3.94,240.44,5.46,240.43
2022,12,10,15,1.13,1.25,1.69,128.92,145.33,15.45,0.21,1.05,9.93,-0.7,4.61,5.68,54.56,0,73.02,3.3,239.43,4.65,239.51
2022,12,10,16,0.48,0.52,0.81,52.23,57.62,5.52,0.03,0.15,7.77,1.15,4.46,6.35,70.44,0,73.03,1.76,239.69,2.74,239.48
2022,12,10,17,0,0,0,0,0,0,0,0,4.5,0.98,2.73,6.04,84.12,0,73.07,0.87,252.86,1.73,254.02
2022,12,10,18,0,0,0,0,0,0,0,0,3.88,-0.37,1.76,5.62,81.44,0,73.13,0.85,292.09,1.51,291.25
2022,12,10,19,0,0,0,0,0,0,0,0,3.13,-1.89,0.62,5.19,79.38,0,73.17,0.9,321.73,1.53,320.38
2022,12,10,20,0,0,0,0,0,0,0,0,2.94,-3.43,-0.25,4.76,73.62,0,73.2,0.94,326.18,1.57,325.76
2022,12,10,21,0,0,0,0,0,0,0,0,2.77,-4.59,-0.91,4.39,68.88,0,73.21,0.96,322.29,1.58,321.83
2022,12,10,22,0,0,0,0,0,0,0,0,2.34,-5.45,-1.55,4.09,66.25,0,73.21,1.01,324.1,1.7,323.6
2022,12,10,23,0,0,0,0,0,0,0,0,2.02,-6.24,-2.1,3.78,63.06,0,73.19,1.1,329.25,1.87,327.64
2022,12,11,0,0,0,0,0,0,0,0,0,1.78,-6.93,-2.57,3.54,60.19,0,73.16,1.21,327.64,2.08,325.24
2022,12,11,1,0,0,0,0,0,0,0,0,1.32,-7.62,-3.15,3.36,58.56,0,73.16,1.27,322,2.25,319.51
2022,12,11,2,0,0,0,0,0,0,0,0,0.86,-8.27,-3.7,3.17,57.25,0,73.14,1.28,319.7,2.33,317.44
2022,12,11,3,0,0,0,0,0,0,0,0,0.8,-9.02,-4.12,2.99,54.38,0,73.13,1.27,320.74,2.31,318.56
2022,12,11,4,0,0,0,0,0,0,0,0,1,-9.82,-4.42,2.81,50.56,0,73.12,1.24,319.09,2.2,316.73
2022,12,11,5,0,0,0,0,0,0,0,0,1.07,-10.49,-4.7,2.69,47.88,0,73.15,1.14,315.83,2.03,312.66
2022,12,11,6,0,0,0,0,0,0,0,0,1.62,-11.11,-4.74,2.56,43.75,0,73.2,0.99,315.64,1.73,309.51
2022,12,11,7,0.3,0.33,0.55,31.52,34.6,3.33,0.02,0.05,2.01,-9.92,-3.95,2.81,46.94,0,73.27,0.8,310.24,1.4,305.46
2022,12,11,8,1.09,1.1,1.49,122.73,127.23,13.76,0.15,0.73,5.13,-3.89,0.62,4.39,58.69,0,73.35,0.51,304.42,1.03,296.57
2022,12,11,9,1.75,1.79,2.27,203.6,209.38,25.27,0.47,2.3,8.72,-4.72,2,3.97,41.44,0,73.41,0.99,253.56,1.51,253.44
2022,12,11,10,2.22,2.29,2.84,260.08,269.55,33.89,0.8,3.98,10.62,-4.47,3.08,4.33,39.88,0,73.42,2.21,234.34,3.01,234.95
2022,12,11,11,2.49,2.57,3.15,292.45,302.88,39.01,1.04,5.3,11.62,-3.06,4.28,4.82,41.31,0,73.36,2.86,234.1,3.89,234.49
2022,12,11,12,2.45,2.54,3.18,287.88,298.62,38.04,1.02,5.17,12.17,-1.77,5.19,5.25,43.38,0,73.27,3.38,233.18,4.6,233.42
2022,12,11,13,2.21,2.31,2.94,258.5,270.88,33.62,0.83,4.17,12.14,-0.79,5.67,5.62,46.5,0,73.18,3.57,233.46,4.88,233.59
2022,12,11,14,1.77,1.85,2.43,204.83,215.98,25.71,0.51,2.52,11.62,-0.18,5.73,5.92,50.5,0,73.1,3.43,234.64,4.73,234.76
2022,12,11,15,1.13,1.2,1.69,128.02,138.6,14.95,0.2,0.95,10.47,0.34,5.4,6.1,56.62,0,73.06,2.8,235.11,3.92,235.23
2022,12,11,16,0.46,0.48,0.82,50.88,53.1,5.45,0.02,0.12,8.26,2.43,5.34,6.9,73.81,0,73.04,1.31,237.16,2.1,238.56
2022,12,11,17,0,0,0,0,0,0,0,0,5.47,1.51,3.49,6.47,84.06,0,73.06,0.71,268.74,1.29,269.31
2022,12,11,18,0,0,0,0,0,0,0,0,4.83,0.37,2.6,6.1,82.81,0,73.1,0.81,327.23,1.33,326.78
2022,12,11,19,0,0,0,0,0,0,0,0,4.19,-1.05,1.57,5.62,79.69,0,73.12,1,346.4,1.65,346.88
2022,12,11,20,0,0,0,0,0,0,0,0,4.06,-2.27,0.9,5.19,74.25,0,73.14,1.02,349.38,1.67,349.74
2022,12,11,21,0,0,0,0,0,0,0,0,4,-3.18,0.41,4.82,69.56,0,73.16,1.04,346.49,1.66,346.68
2022,12,11,22,0,0,0,0,0,0,0,0,3.48,-3.9,-0.21,4.52,67.81,0,73.18,1.03,341.43,1.68,341.82
2022,12,11,23,0,0,0,0,0,0,0,0,2.94,-4.58,-0.82,4.27,66.12,0,73.17,1.06,337.41,1.76,337.77
2022,12,12,0,0,0,0,0,0,0,0,0,2.48,-5.27,-1.4,3.97,63.69,0,73.16,1.11,335.06,1.88,334.61
2022,12,12,1,0,0,0,0,0,0,0,0,2.05,-5.9,-1.92,3.72,61.81,0,73.16,1.16,335.33,2.01,334.23
2022,12,12,2,0,0,0,0,0,0,0,0,1.87,-6.52,-2.32,3.54,59.06,0,73.15,1.27,338.66,2.2,336.8
2022,12,12,3,0,0,0,0,0,0,0,0,1.58,-7.19,-2.81,3.3,56.75,0,73.13,1.34,343.78,2.35,341.99
2022,12,12,4,0,0,0,0,0,0,0,0,1.19,-7.96,-3.38,3.11,54.62,0,73.12,1.4,346.74,2.47,345.35
2022,12,12,5,0,0,0,0,0,0,0,0,0.96,-8.82,-3.93,2.87,51.69,0,73.12,1.44,348.75,2.54,347.38
2022,12,12,6,0,0,0,0,0,0,0,0,1.02,-9.81,-4.39,2.69,47.38,0,73.16,1.44,350.33,2.51,349.04
2022,12,12,7,0.29,0.31,0.54,29.73,32.8,3.19,0.02,0.05,2.01,-9.46,-3.73,2.75,45.75,0,73.21,1.34,351.3,2.32,350.09
2022,12,12,8,1.06,1.08,1.48,119.52,124.27,13.48,0.16,0.8,5.57,-3.12,1.23,4.7,60.44,0,73.27,0.89,349.88,1.69,348.02
2022,12,12,9,1.73,1.76,2.27,201.27,206.4,24.95,0.49,2.45,9.39,-5.36,2.01,3.85,38.62,0,73.32,0.87,312.1,1.22,312.67
2022,12,12,10,2.26,2.27,2.83,263.42,266.85,34.23,0.85,4.3,11.31,-4.72,3.3,4.33,37.75,0,73.34,1.68,242.01,2.24,242.54
2022,12,12,11,2.5,2.55,3.14,294.98,300.73,39.22,1.1,5.67,12.2,-3.35,4.42,4.82,39.81,0,73.3,2.71,232.14,3.67,232.79
2022,12,12,12,2.49,2.5,3.18,291.73,293.7,38.26,1.07,5.52,12.52,-1.99,5.26,5.31,42.81,0,73.23,3.3,232.89,4.49,233.27
2022,12,12,13,2.2,2.27,2.94,257.05,266.23,33.1,0.85,4.35,12.34,-1.05,5.65,5.68,46.19,0,73.16,3.5,234.71,4.78,234.91
2022,12,12,14,1.78,1.8,2.43,206.4,212.02,25.52,0.53,2.65,11.77,-0.5,5.64,5.86,49.69,0,73.12,3.41,237.15,4.7,237.29
2022,12,12,15,1.1,1.17,1.7,125.77,136.48,14.62,0.21,1.02,10.6,0.08,5.33,6.04,55.5,0,73.09,2.82,240.1,3.96,240.3
2022,12,12,16,0.47,0.48,0.82,51.65,53.1,5.53,0.03,0.15,8.32,2.22,5.27,6.84,73,0,73.06,1.32,246.62,2.13,247.77
2022,12,12,17,0,0,0,0,0,0,0,0,5.2,1.14,3.17,6.29,83.19,0,73.06,0.82,278.75,1.59,279.6
2022,12,12,18,0,0,0,0,0,0,0,0,4.48,-0.22,2.12,5.8,80.44,0,73.09,0.94,312.31,1.72,311.14
2022,12,12,19,0,0,0,0,0,0,0,0,4.16,-1.94,1.12,5.25,74.5,0,73.13,1.02,314.69,1.79,313.59
2022,12,12,20,0,0,0,0,0,0,0,0,4.34,-3.34,0.5,4.82,67.81,0,73.16,1.03,314.38,1.7,312.4
2022,12,12,21,0,0,0,0,0,0,0,0,4.27,-4.31,-0.02,4.58,64.38,0,73.19,0.98,315,1.59,311.82
2022,12,12,22,0,0,0,0,0,0,0,0,3.85,-4.93,-0.54,4.39,63.75,0,73.2,0.95,317,1.56,312.97
2022,12,12,23,0,0,0,0,0,0,0,0,3.23,-5.27,-1.02,4.21,64.56,0,73.2,0.98,320.49,1.67,315.76
2022,12,13,0,0,0,0,0,0,0,0,0,2.5,-5.55,-1.52,4.09,65.62,0,73.18,1.02,319.97,1.83,315.87
2022,12,13,1,0,0,0,0,0,0,0,0,2.66,-5.93,-1.63,3.91,62.06,0,73.16,1.1,319.31,1.96,314.52
2022,12,13,2,0,0,0,0,0,0,0,0,2.62,-6.42,-1.91,3.72,59.31,0,73.14,1.16,316.92,2.04,312.67
2022,12,13,3,0,0,0,0,0,0,0,0,2.41,-7.09,-2.34,3.54,56.88,0,73.13,1.2,313.95,2.09,310.46
2022,12,13,4,0,0,0,0,0,0,0,0,2.19,-7.8,-2.81,3.3,54.44,0,73.12,1.23,311.15,2.15,308.66
2022,12,13,5,0,0,0,0,0,0,0,0,2,-8.49,-3.25,3.11,52,0,73.14,1.26,312.49,2.18,310.07
2022,12,13,6,0,0,0,0,0,0,0,0,1.88,-9.19,-3.65,2.93,49.56,0,73.18,1.27,315.25,2.18,313.26
2022,12,13,7,0.27,0.29,0.52,28.27,31.52,3.12,0.02,0.05,2.43,-8.79,-3.18,2.99,48.56,0,73.23,1.21,317.88,2.12,315.15
2022,12,13,8,1.02,1.06,1.47,115.92,123.15,13.2,0.16,0.8,5.31,-3.44,0.94,4.52,59.38,0,73.28,0.91,310.12,1.74,308.82
2022,12,13,9,1.67,1.75,2.26,195,205.85,24.72,0.5,2.5,9.26,-5.32,1.97,3.91,39,0,73.32,1.44,274.97,2.09,276.22
2022,12,13,10,2.16,2.27,2.82,253.2,266.77,33.46,0.85,4.35,10.88,-5.7,2.58,4.03,36.19,0,73.33,2.46,249.72,3.38,250.14
2022,12,13,11,2.33,2.54,3.14,274,299.92,36.95,1.05,5.48,11.76,-4.24,3.76,4.52,38.19,0,73.28,3.18,243.56,4.35,243.99
2022,12,13,12,2.33,2.49,3.18,272.38,291.67,35.97,1.02,5.33,12.08,-2.96,4.55,4.94,41.12,0,73.21,3.56,240.85,4.88,241.18
2022,12,13,13,2.06,2.28,2.93,239.62,266.55,31.17,0.81,4.17,11.93,-2.02,4.95,5.31,44.5,0,73.12,3.7,239.87,5.08,240.12
2022,12,13,14,1.67,1.84,2.43,193.67,213.98,24.51,0.53,2.65,11.33,-1.34,5,5.55,48.56,0,73.06,3.53,240.26,4.88,240.36
2022,12,13,15,1.07,1.2,1.7,121.67,138.25,14.5,0.21,1.05,10.18,-0.75,4.72,5.8,54.44,0,73.02,2.95,241.06,4.16,241.27
2022,12,13,16,0.48,0.49,0.83,51.38,54.08,5.52,0.03,0.15,7.85,1.55,4.7,6.53,72.06,0,73.01,1.44,243.57,2.33,244.81
2022,12,13,17,0,0,0,0,0,0,0,0,4.73,0.55,2.65,6.1,83.06,0,73.02,0.88,263.88,1.72,265.04
2022,12,13,18,0,0,0,0,0,0,0,0,4.5,-0.83,1.83,5.68,78.88,0,73.06,0.87,296.1,1.46,295.74
2022,12,13,19,0,0,0,0,0,0,0,0,4,-2.38,0.81,5.25,75.88,0,73.11,0.83,320.33,1.32,320.28
2022,12,13,20,0,0,0,0,0,0,0,0,3.55,-3.43,0.06,4.94,73.56,0,73.15,0.8,330.19,1.27,330.6
2022,12,13,21,0,0,0,0,0,0,0,0,3.08,-4.13,-0.53,4.7,72.19,0,73.17,0.8,328.65,1.28,329.52
2022,12,13,22,0,0,0,0,0,0,0,0,2.68,-4.76,-1.04,4.46,70.38,0,73.18,0.89,328.95,1.44,328.72
2022,12,13,23,0,0,0,0,0,0,0,0,2.48,-5.47,-1.49,4.15,66.94,0,73.16,0.99,330.81,1.6,330.43
2022,12,14,0,0,0,0,0,0,0,0,0,2.07,-6.19,-2.06,3.85,64.06,0,73.14,1.08,330.66,1.77,330.16
2022,12,14,1,0,0,0,0,0,0,0,0,1.65,-6.92,-2.63,3.6,61.06,0,73.12,1.15,332.91,1.92,331.76
2022,12,14,2,0,0,0,0,0,0,0,0,1.15,-7.51,-3.18,3.36,59.38,0,73.1,1.17,336,2,335.24
2022,12,14,3,0,0,0,0,0,0,0,0,0.69,-8.06,-3.68,3.17,57.94,0,73.09,1.18,340.24,2.04,338.93
2022,12,14,4,0,0,0,0,0,0,0,0,0.38,-8.64,-4.13,2.99,56,0,73.08,1.16,344,2.03,342.26
2022,12,14,5,0,0,0,0,0,0,0,0,0.26,-9.36,-4.55,2.81,53.31,0,73.11,1.13,346.83,1.96,345.19
2022,12,14,6,0,0,0,0,0,0,0,0,0.19,-10.15,-4.98,2.69,50.62,0,73.15,1.12,348.38,1.91,346.76
2022,12,14,7,0.26,0.28,0.51,26.4,29.2,3,0.02,0.08,0.76,-9.7,-4.47,2.81,50.75,0,73.2,1.06,350.26,1.83,348.93
2022,12,14,8,1.01,1.05,1.46,112.83,119.35,12.93,0.16,0.83,4.12,-4.07,0.02,4.33,62.31,0,73.26,0.75,352.8,1.41,349.75
2022,12,14,9,1.7,1.74,2.25,195.55,202.05,24.45,0.52,2.58,7.68,-5.89,0.9,3.78,42.75,0,73.32,0.6,317.63,0.85,317.62
2022,12,14,10,2.16,2.27,2.82,249.98,263.55,32.81,0.87,4.42,9.99,-5.12,2.44,4.21,40.56,0,73.32,1.49,227.34,1.95,228.4
2022,12,14,11,2.36,2.55,3.13,275.42,297.75,37.06,1.09,5.8,11.01,-3.36,3.82,4.82,42.88,0,73.27,2.48,220.52,3.32,221.08
2022,12,14,12,2.23,2.45,3.17,258.75,284.58,34.09,1.02,5.42,11.43,-1.92,4.76,5.31,45.88,0,73.19,3.07,222.01,4.15,222.48
2022,12,14,13,1.97,2.26,2.93,224.92,259.9,29.27,0.8,4.12,11.29,-0.88,5.2,5.68,49.62,0,73.12,3.31,224.43,4.5,224.72
2022,12,14,14,1.57,1.8,2.43,180.83,208,23.11,0.53,2.67,10.62,-0.12,5.25,5.92,54.25,0,73.07,3.26,225.29,4.46,225.57
2022,12,14,15,1,1.17,1.7,111.98,133.33,13.62,0.22,1.1,9.3,0.6,4.95,6.16,61.31,0,73.05,2.77,226.37,3.84,226.65
2022,12,14,16,0.45,0.47,0.84,48.35,51.65,5.48,0.03,0.17,7.2,1.64,4.42,6.53,75.31,0,73.05,1.51,233.01,2.27,233.41
2022,12,14,17,0,0,0,0,0,0,0,0,4.39,1.55,2.97,6.35,89,0,73.06,0.64,261.57,1.24,263.5
2022,12,14,18,0,0,0,0,0,0,0,0,3.3,0.23,1.76,5.92,89.69,0,73.08,0.76,312.08,1.39,308.16
2022,12,14,19,0,0,0,0,0,0,0,0,2.58,-1.58,0.5,5.37,85.94,0,73.11,0.88,316.08,1.57,313.79
2022,12,14,20,0,0,0,0,0,0,0,0,2.69,-3.25,-0.28,4.94,78,0,73.14,0.94,310.29,1.59,309.01
2022,12,14,21,0,0,0,0,0,0,0,0,2.9,-4.31,-0.71,4.64,72.38,0,73.16,1.02,297.94,1.64,296.08
2022,12,14,22,0,0,0,0,0,0,0,0,2.53,-4.96,-1.21,4.52,71.88,0,73.17,1.03,286.36,1.65,284.83
2022,12,14,23,0,0,0,0,0,0,0,0,1.94,-5.47,-1.77,4.39,73.44,0,73.17,1.06,281.06,1.72,279.16
2022,12,15,0,0,0,0,0,0,0,0,0,1.37,-5.88,-2.26,4.33,75.06,0,73.15,1.07,280.98,1.76,278.67
2022,12,15,1,0,0,0,0,0,0,0,0,0.86,-6.18,-2.67,4.21,76.38,0,73.13,1.08,285.15,1.78,282.15
2022,12,15,2,0,0,0,0,0,0,0,0,0.46,-6.47,-3.01,4.15,76.44,0,73.11,1.08,289.88,1.8,286.63
2022,12,15,3,0,0,0,0,0,0,0,0,0.33,-6.54,-3.1,4.03,75.25,0,73.08,1.06,295.81,1.73,292.52
2022,12,15,4,0,0,0,0,0,0,0,0,0.34,-6.52,-3.09,3.91,73.5,0,73.04,1.02,304.67,1.63,301.48
2022,12,15,5,0,0,0,0,0,0,0,0,0.43,-6.56,-3.06,3.85,71.38,0,73.02,0.98,314.36,1.54,311.1
2022,12,15,6,0,0,0,0,0,0,0,0,0.51,-6.85,-3.17,3.72,68.94,0,73.03,0.94,322.75,1.46,319.33
2022,12,15,7,0.25,0.26,0.5,25.48,27.38,2.89,0.01,0.05,1.02,-6.86,-2.92,3.66,65.5,0,73.05,0.87,328.59,1.36,325.03
2022,12,15,8,0.98,1.01,1.45,110.52,115.3,12.53,0.15,0.73,3.44,-3.78,-0.17,4.39,66.38,0,73.1,0.59,320.39,1.04,318.04
2022,12,15,9,1.68,1.69,2.24,193.25,196.8,23.73,0.45,2.25,6.69,-4.9,0.89,4.21,50.62,0,73.14,1.25,252.92,1.67,253.69
2022,12,15,10,2.17,2.2,2.81,252.55,257.35,32.52,0.8,4,8.7,-4.84,1.94,4.33,45.19,0,73.14,2.21,236.09,2.94,236.27
2022,12,15,11,2.46,2.48,3.13,287.98,291,37.74,1.03,5.3,9.9,-3.77,3.07,4.64,44.5,0,73.07,2.87,232.63,3.84,232.69
2022,12,15,12,2.23,2.32,3.17,254.98,266.3,32.4,0.89,4.6,10.51,-2.44,4.03,5,46.25,0,72.98,3.33,229.85,4.51,229.92
2022,12,15,13,1.97,2.11,2.93,223.33,240.8,28.22,0.72,3.62,10.47,-1.17,4.65,5.37,49.69,0,72.9,3.55,229.19,4.84,229.19
2022,12,15,14,1.53,1.66,2.43,171.65,188.05,21.1,0.45,2.2,9.94,-0.35,4.8,5.62,53.75,0,72.84,3.4,229.84,4.67,229.89
2022,12,15,15,0.92,1.04,1.71,99.8,115.02,11.9,0.17,0.88,8.96,0.09,4.53,5.74,58.62,0,72.82,2.87,228.76,3.98,228.82
2022,12,15,16,0.39,0.39,0.84,40.12,41.48,4.8,0.03,0.12,6.91,1.76,4.33,6.35,74.31,0,72.82,1.42,224.78,2.19,225
2022,12,15,17,0,0,0,0,0,0,0,0,4.48,1.32,2.9,6.04,84.19,0,72.85,0.62,254.74,1.06,252.77
2022,12,15,18,0,0,0,0,0,0,0,0,3.86,0.28,2.07,5.74,82.81,0,72.88,0.67,331.34,1.04,331.32
2022,12,15,19,0,0,0,0,0,0,0,0,3.47,-1.06,1.2,5.31,79.62,0,72.91,0.77,356.5,1.21,357.05
2022,12,15,20,0,0,0,0,0,0,0,0,3.26,-2.29,0.48,5,75.81,0,72.94,0.73,7.35,1.16,8.51
2022,12,15,21,0,0,0,0,0,0,0,0,2.98,-3.24,-0.13,4.76,73.31,0,72.96,0.68,5.97,1.06,7.18
2022,12,15,22,0,0,0,0,0,0,0,0,2.4,-3.99,-0.79,4.52,73.06,0,72.97,0.59,359.25,0.95,1.41
2022,12,15,23,0,0,0,0,0,0,0,0,2.06,-4.55,-1.24,4.39,72.25,0,72.96,0.56,355.17,0.88,356.46
2022,12,16,0,0,0,0,0,0,0,0,0,2.01,-5.04,-1.51,4.21,70.12,0,72.96,0.59,348.54,0.9,348.5
2022,12,16,1,0,0,0,0,0,0,0,0,1.5,-5.39,-1.95,4.09,70.56,0,72.95,0.63,346.48,0.98,345.74
2022,12,16,2,0,0,0,0,0,0,0,0,0.88,-5.77,-2.45,3.97,71.06,0,72.94,0.68,346.76,1.09,346.76
2022,12,16,3,0,0,0,0,0,0,0,0,0.35,-6.26,-2.95,3.78,70.5,0,72.91,0.74,355.74,1.21,355.17
2022,12,16,4,0,0,0,0,0,0,0,0,-0.13,-6.81,-3.46,3.6,69.38,0,72.89,0.81,2.78,1.34,1.67
2022,12,16,5,0,0,0,0,0,0,0,0,-0.35,-7.44,-3.89,3.36,66.62,0,72.9,0.87,6.74,1.46,4.92
2022,12,16,6,0,0,0,0,0,0,0,0,-0.41,-8.14,-4.27,3.17,63.19,0,72.95,0.9,9.46,1.52,6.8
2022,12,16,7,0.21,0.22,0.49,20.95,22.2,2.56,0.01,0.05,0.15,-7.9,-3.88,3.23,61.38,0,73.01,0.88,12.31,1.51,9.51
2022,12,16,8,0.91,0.92,1.44,99.02,101.7,11.39,0.12,0.58,3.34,-3.45,-0.05,4.52,68.5,0,73.07,0.6,23.89,1.1,19.46
2022,12,16,9,1.53,1.58,2.23,172.42,179.92,21.05,0.37,1.83,6.61,-4.6,1,4.33,52.44,0,73.12,0.26,108.97,0.35,108.03
2022,12,16,10,1.97,2.09,2.8,224.23,238.8,28.56,0.64,3.2,8.93,-3.96,2.48,4.76,48.56,0,73.13,1.81,201.48,2.39,201.28
2022,12,16,11,2.17,2.35,3.12,247.85,270.33,32.15,0.81,4.12,9.73,-2.17,3.79,5.19,50.31,0,73.11,2.83,205.29,3.81,205.67
2022,12,16,12,2.06,2.22,3.17,230.73,251.5,28.88,0.72,3.67,10.03,-0.59,4.72,5.55,53.06,0,73.04,3.17,208.27,4.27,208.77
2022,12,16,13,1.84,1.99,2.93,204.58,221.62,25.1,0.59,2.95,9.99,0.37,5.19,5.86,55.75,0,72.98,3.16,211.33,4.24,211.96
2022,12,16,14,1.39,1.54,2.44,149.88,168.08,18.12,0.35,1.75,9.54,1.15,5.35,6.1,59.75,0,72.95,3.09,213.97,4.17,214.46
2022,12,16,15,0.93,0.96,1.71,96.85,101.35,11.53,0.15,0.75,8.39,1.79,5.09,6.29,66.56,0,72.95,2.65,218.19,3.61,218.51
2022,12,16,16,0.33,0.35,0.85,32.58,35.05,4.13,0.02,0.1,6.48,2.66,4.57,6.65,80.75,0,72.97,1.55,222.95,2.28,222.5
2022,12,16,17,0,0,0,0,0,0,0,0,4.19,2.19,3.19,6.35,90.19,0,72.99,0.49,257.97,0.85,256.22
2022,12,16,18,0,0,0,0,0,0,0,0,2.94,1.78,2.36,6.16,95.81,0,73.01,0.67,324.07,1.16,323.52
2022,12,16,19,0,0,0,0,0,0,0,0,2.56,0.96,1.76,5.86,93.75,0,73.02,0.77,334.74,1.32,336.62
2022,12,16,20,0,0,0,0,0,0,0,0,2.46,-0.13,1.16,5.55,88.69,0,73.04,0.83,340.2,1.37,341.77
2022,12,16,21,0,0,0,0,0,0,0,0,2.33,-1.29,0.52,5.19,83.62,0,73.07,0.88,338.01,1.42,338.37
2022,12,16,22,0,0,0,0,0,0,0,0,2.28,-2.35,-0.03,4.82,78.38,0,73.09,0.84,331.52,1.34,330.3
2022,12,16,23,0,0,0,0,0,0,0,0,2.53,-3.25,-0.36,4.52,72.44,0,73.09,0.79,331.66,1.23,327.22
2022,12,17,0,0,0,0,0,0,0,0,0,2.2,-4.03,-0.92,4.27,70.25,0,73.08,0.73,337.85,1.14,332.2
2022,12,17,1,0,0,0,0,0,0,0,0,1.77,-4.67,-1.45,4.09,69.06,0,73.07,0.72,344.31,1.13,338.57
2022,12,17,2,0,0,0,0,0,0,0,0,1.36,-5.22,-1.93,3.91,67.88,0,73.07,0.76,347.54,1.21,341.57
2022,12,17,3,0,0,0,0,0,0,0,0,0.92,-5.71,-2.39,3.72,66.75,0,73.06,0.8,354.96,1.29,349.17
2022,12,17,4,0,0,0,0,0,0,0,0,0.55,-6.2,-2.82,3.54,65.25,0,73.04,0.82,2.73,1.35,356.03
2022,12,17,5,0,0,0,0,0,0,0,0,0.28,-6.75,-3.24,3.36,63.31,0,73.05,0.87,7.25,1.45,0.62
2022,12,17,6,0,0,0,0,0,0,0,0,0.12,-7.38,-3.63,3.17,61,0,73.1,0.93,9.22,1.54,2.91
2022,12,17,7,0.21,0.22,0.48,21.17,22.83,2.53,0.01,0.05,0.62,-7.57,-3.48,3.17,58.25,0,73.17,0.88,10.71,1.5,4.49
2022,12,17,8,0.9,0.94,1.43,99.33,105.02,11.55,0.1,0.5,3.2,-3.52,-0.16,4.52,69,0,73.23,0.6,12.77,1.05,9.81
2022,12,17,9,1.54,1.6,2.22,174.6,184.02,21.38,0.34,1.65,6.04,-4.27,0.88,4.39,55.19,0,73.29,0.18,122.28,0.26,121.26
2022,12,17,10,1.92,2.09,2.8,220.15,242.2,28.31,0.59,2.92,8.31,-3.86,2.23,4.7,50.38,0,73.3,1.67,194.88,2.2,194.63
2022,12,17,11,2.17,2.36,3.12,250.4,273.15,32.46,0.76,3.77,9.19,-2.09,3.55,5.19,52.19,0,73.26,2.63,197.47,3.51,197.87
2022,12,17,12,1.86,2.2,3.17,209,249.12,26.37,0.62,3.1,9.56,-0.45,4.55,5.62,55.31,0,73.2,3.12,200.66,4.19,201.07
2022,12,17,13,1.66,1.97,2.93,187.02,220.3,23.08,0.51,2.55,9.4,0.7,5.05,5.98,59.38,0,73.16,3.2,203.18,4.29,203.53
2022,12,17,14,1.22,1.52,2.44,135.27,167.12,16.3,0.29,1.45,8.8,1.43,5.12,6.23,64.12,0,73.13,2.98,204.95,4.01,205.27
2022,12,17,15,0.85,0.95,1.72,90.62,100.85,10.61,0.12,0.6,7.81,1.99,4.9,6.41,70.69,0,73.12,2.56,206.1,3.47,206.33
2022,12,17,16,0.3,0.34,0.86,30.35,35.08,3.81,0.02,0.08,6.21,2.67,4.44,6.71,82.5,0,73.14,1.7,209.97,2.44,209.61
2022,12,17,17,0,0,0,0,0,0,0,0,3.93,2.64,3.28,6.59,95.56,0,73.18,0.69,213.51,1.17,214.43
2022,12,17,18,0,0,0,0,0,0,0,0,3.02,2.43,2.73,6.47,100,0,73.23,0.32,304.08,0.52,298.47
2022,12,17,19,0,0,0,0,0,0,0,0,2.19,1.86,2.03,6.29,100,0,73.27,0.57,346.53,0.96,348.78
2022,12,17,20,0,0,0,0,0,0,0,0,2.25,1.12,1.68,6.04,98.62,0,73.3,0.56,356.03,0.98,1.37
2022,12,17,21,0,0,0,0,0,0,0,0,2.25,0.4,1.33,5.8,94.94,0,73.31,0.56,355.24,0.95,0
2022,12,17,22,0,0,0,0,0,0,0,0,2.24,-0.32,0.96,5.62,91.44,0,73.3,0.6,352.5,0.96,355.31
2022,12,17,23,0,0,0,0,0,0,0,0,1.98,-1.1,0.44,5.37,89.19,0,73.27,0.65,351.67,1.03,352.18
2022,12,18,0,0,0,0,0,0,0,0,0,1.72,-1.88,-0.08,5.07,86.44,0,73.24,0.65,348.83,1.03,350.39
2022,12,18,1,0,0,0,0,0,0,0,0,1.81,-2.61,-0.4,4.82,81.62,0,73.22,0.65,345.29,1.01,345.64
2022,12,18,2,0,0,0,0,0,0,0,0,2.15,-3.31,-0.57,4.58,75.62,0,73.2,0.72,343.72,1.07,342.62
2022,12,18,3,0,0,0,0,0,0,0,0,1.94,-4.02,-1.03,4.33,72.44,0,73.17,0.81,349.99,1.2,349.49
2022,12,18,4,0,0,0,0,0,0,0,0,1.65,-4.83,-1.6,4.03,68.94,0,73.15,0.91,1.97,1.36,0.99
2022,12,18,5,0,0,0,0,0,0,0,0,1.6,-5.68,-2.04,3.72,64.19,0,73.16,0.96,8.85,1.44,8.13
2022,12,18,6,0,0,0,0,0,0,0,0,1.51,-6.45,-2.47,3.48,60.44,0,73.21,0.96,10.3,1.44,9.05
2022,12,18,7,0.17,0.16,0.47,16.98,17.3,2.17,0.01,0.02,1.72,-6.51,-2.4,3.48,59.31,0,73.27,0.91,10.92,1.39,9.67
2022,12,18,8,0.76,0.78,1.42,80.83,84.98,9.41,0.08,0.4,4.01,-2.88,0.57,4.7,67.81,0,73.32,0.57,20.19,0.93,19.2
2022,12,18,9,1.34,1.42,2.22,148.17,159.23,17.82,0.28,1.38,6.7,-2.63,2.03,5.07,60.62,0,73.36,0.64,174.36,0.83,173.54
2022,12,18,10,1.78,1.92,2.79,200.12,218.77,24.83,0.51,2.5,8.45,-1.55,3.45,5.55,58.94,0,73.36,2.04,195.79,2.68,195.74
2022,12,18,11,1.85,2.22,3.12,212,254.65,27.3,0.64,3.2,9.35,-0.17,4.58,5.98,59.75,0,73.3,2.79,200.31,3.71,200.61
2022,12,18,12,1.98,2.37,3.17,233,278.33,30.73,0.74,3.77,9.7,0.99,5.34,6.35,61.69,0,73.21,3.22,205.57,4.31,205.78
2022,12,18,13,1.7,2.15,2.94,200.45,252.65,26.17,0.59,2.95,9.41,1.77,5.59,6.59,65.19,0,73.15,3.29,209.49,4.41,209.66
2022,12,18,14,1.3,1.71,2.44,148.65,198.9,18.59,0.33,1.62,8.9,2.32,5.61,6.71,69.19,0,73.11,3.11,212.17,4.18,212.32
2022,12,18,15,0.74,1.08,1.72,84.77,123.62,10.71,0.12,0.62,8.07,2.82,5.44,6.9,74.94,0,73.09,2.7,212.5,3.66,212.81
2022,12,18,16,0.32,0.43,0.87,34.52,46.38,4.16,0.02,0.1,6.56,3.3,4.93,7.08,85.38,0,73.08,1.93,213.63,2.72,213.51
2022,12,18,17,0,0,0,0,0,0,0,0,4.4,3.68,4.04,7.26,100,0,73.08,0.71,221.01,1.31,220.64
2022,12,18,18,0,0,0,0,0,0,0,0,3.84,3.58,3.71,7.2,100,0,73.1,0.46,260.22,0.74,259.05
2022,12,18,19,0,0,0,0,0,0,0,0,3.4,2.9,3.15,6.96,100,0,73.12,0.47,322.37,0.73,322.88
2022,12,18,20,0,0,0,0,0,0,0,0,3.15,2.01,2.58,6.59,100,0,73.13,0.48,338.03,0.73,341.37
2022,12,18,21,0,0,0,0,0,0,0,0,2.83,1.19,2.01,6.35,99.12,0,73.15,0.48,330.49,0.74,333.71
2022,12,18,22,0,0,0,0,0,0,0,0,2.2,0.44,1.32,6.1,99.81,0,73.15,0.51,329.49,0.81,331.96
2022,12,18,23,0,0,0,0,0,0,0,0,1.96,-0.33,0.82,5.86,97.25,0,73.14,0.56,330.95,0.9,332.77
2022,12,19,0,0,0,0,0,0,0,0,0,2.02,-0.99,0.51,5.62,92.88,0,73.12,0.58,327.59,0.92,328.2
2022,12,19,1,0,0,0,0,0,0,0,0,2.25,-1.5,0.37,5.43,88.19,0,73.11,0.61,327.53,0.93,324.97
2022,12,19,2,0,0,0,0,0,0,0,0,2.15,-1.92,0.12,5.25,85.94,0,73.1,0.65,321.88,0.97,318.9
2022,12,19,3,0,0,0,0,0,0,0,0,1.84,-2.27,-0.22,5.07,85.12,0,73.08,0.68,322.47,1.03,319.92
2022,12,19,4,0,0,0,0,0,0,0,0,1.47,-2.63,-0.58,4.88,84.31,0,73.06,0.76,330.26,1.16,328.24
2022,12,19,5,0,0,0,0,0,0,0,0,1.15,-3.05,-0.95,4.7,82.56,0,73.06,0.81,339.12,1.25,337.13
2022,12,19,6,0,0,0,0,0,0,0,0,0.8,-3.5,-1.35,4.46,80.69,0,73.09,0.86,346.85,1.35,344.51
2022,12,19,7,0.18,0.19,0.46,18.4,19.75,2.28,0.01,0.02,0.98,-3.52,-1.27,4.46,79.25,0,73.11,0.85,348.38,1.4,345.81
2022,12,19,8,0.83,0.88,1.42,91.62,97.7,10.48,0.09,0.42,3.39,-1.39,1,5.25,79.06,0,73.14,0.74,333.71,1.17,333.95
2022,12,19,9,1.38,1.54,2.21,156.2,177.02,19.21,0.3,1.48,5.94,-1.04,2.44,5.49,69.25,0,73.18,1.22,258.91,1.57,259.36
2022,12,19,10,1.82,2.04,2.79,210.08,237.6,26.71,0.55,2.7,7.95,-0.65,3.65,5.8,63.25,0,73.18,2.61,228.88,3.48,229.09
2022,12,19,11,1.88,2.32,3.12,218.35,271.35,28.71,0.67,3.4,8.98,0.5,4.74,6.16,62.62,0,73.13,3.45,226.84,4.63,227.05
2022,12,19,12,1.86,2.34,3.17,217.35,273.58,28.39,0.68,3.48,9.49,1.62,5.55,6.47,64.06,0,73.06,3.99,226.59,5.37,226.65
2022,12,19,13,1.5,2.11,2.94,173.08,245.25,22.21,0.49,2.45,9.4,2.42,5.9,6.71,66.81,0,72.99,4.22,228,5.7,228
2022,12,19,14,1.15,1.66,2.45,132.23,190.2,16.7,0.3,1.48,8.74,2.83,5.79,6.84,70.94,0,72.94,4.03,230.51,5.47,230.45
2022,12,19,15,0.69,1.03,1.73,77.58,115.42,9.66,0.11,0.55,7.8,3.05,5.42,6.96,76.44,0,72.91,3.48,231.2,4.78,231.16
2022,12,19,16,0.28,0.36,0.82,29.67,38.45,3.71,0.02,0.08,6.31,3.3,4.8,7.08,86.25,0,72.89,2.47,230.38,3.52,230.23
2022,12,19,17,0.02,0.01,0.05,1.08,1.27,0.16,0,0,3.98,3.4,3.69,7.08,100,0,72.9,0.95,237.75,1.83,237.19
2022,12,19,18,0,0,0,0,0,0,0,0,2.98,3.09,3.04,6.96,100,0,72.92,0.68,255.32,1.45,254.01
2022,12,19,19,0,0,0,0,0,0,0,0,2.51,2.7,2.6,6.77,100,0,72.94,0.7,273.81,1.22,272.94
2022,12,19,20,0,0,0,0,0,0,0,0,2.26,2.23,2.25,6.59,100,0,72.96,0.69,298.61,1.09,298.77
2022,12,19,21,0,0,0,0,0,0,0,0,2.08,1.56,1.83,6.35,100,0,72.96,0.73,315.43,1.14,315.56
2022,12,19,22,0,0,0,0,0,0,0,0,1.68,0.8,1.24,6.1,100,0,72.96,0.82,320.05,1.27,319.74
2022,12,19,23,0,0,0,0,0,0,0,0,1.22,-0.02,0.6,5.8,100,0,72.95,0.86,323.86,1.38,323.52
2022,12,20,0,0,0,0,0,0,0,0,0,1.27,-0.87,0.2,5.49,95.94,0,72.93,0.93,328.46,1.45,327.51
2022,12,20,1,0,0,0,0,0,0,0,0,1.23,-1.75,-0.26,5.19,90.81,0,72.92,0.92,334.31,1.45,332.74
2022,12,20,2,0,0,0,0,0,0,0,0,1.12,-2.65,-0.77,4.88,85.94,0,72.91,0.9,337,1.44,334.68
2022,12,20,3,0,0,0,0,0,0,0,0,0.98,-3.52,-1.27,4.58,81.44,0,72.89,0.87,339.44,1.42,336.68
2022,12,20,4,0,0,0,0,0,0,0,0,0.88,-4.37,-1.74,4.27,77,0,72.88,0.83,340.71,1.38,337.66
2022,12,20,5,0,0,0,0,0,0,0,0,0.82,-5.19,-2.19,4.03,72.69,0,72.9,0.83,341.22,1.37,338.26
2022,12,20,6,0,0,0,0,0,0,0,0,0.81,-5.98,-2.59,3.78,68.44,0,72.95,0.82,341.74,1.35,337.89
2022,12,20,7,0.17,0.21,0.46,17.65,21.67,2.27,0.01,0.05,1.37,-6.09,-2.35,3.72,64.62,0,73.01,0.74,345.96,1.22,340.99
2022,12,20,8,0.81,0.94,1.41,89.83,106.3,10.53,0.09,0.42,3.96,-2.59,0.69,4.88,70.62,0,73.07,0.4,323.81,0.75,322.18
2022,12,20,9,1.4,1.63,2.2,159.48,188.73,20.06,0.31,1.52,6.73,-2.3,2.22,5.19,61.5,0,73.12,1.21,245.59,1.57,246.24
2022,12,20,10,1.84,2.15,2.78,213.5,250.95,28.16,0.59,2.9,8.73,-0.77,3.98,5.68,58.81,0,73.12,2.39,223.81,3.17,224
2022,12,20,11,2.19,2.44,3.11,254.62,285.85,33.74,0.78,3.92,9.77,0.58,5.18,6.1,58.81,0,73.07,3.17,220.1,4.25,220.37
2022,12,20,12,1.99,2.32,3.17,229.3,266.7,29.68,0.7,3.52,10.25,1.73,5.99,6.47,60.31,0,72.99,3.62,220.45,4.88,220.58
2022,12,20,13,1.77,2.12,2.94,201.33,242.38,25.35,0.54,2.67,10.08,2.47,6.27,6.65,63.06,0,72.91,3.73,221.26,5.03,221.35
2022,12,20,14,1.37,1.68,2.45,155.08,191.2,19.42,0.34,1.67,9.46,2.98,6.23,6.84,67.31,0,72.88,3.57,222.25,4.83,222.25
2022,12,20,15,0.8,1.07,1.73,88.83,119.15,10.9,0.12,0.62,8.26,3.36,5.8,6.96,74.38,0,72.87,3.05,222.4,4.19,222.35
2022,12,20,16,0.31,0.39,0.83,33.15,41.45,4.03,0.02,0.08,6.64,3.62,5.12,7.08,84.44,0,72.87,2.1,222.59,2.99,222.35
2022,12,20,17,0.02,0.01,0.05,1.2,1.42,0.17,0,0,4.48,3.68,4.08,7.08,98.5,0,72.9,0.83,229.57,1.52,226.46
2022,12,20,18,0,0,0,0,0,0,0,0,3.69,3.14,3.41,6.84,100,0,72.95,0.56,245.96,1.02,247.38
2022,12,20,19,0,0,0,0,0,0,0,0,2.98,2.63,2.81,6.65,100,0,72.99,0.45,310.06,0.77,305.13
2022,12,20,20,0,0,0,0,0,0,0,0,2.19,1.91,2.05,6.35,100,0,73.02,0.53,335.7,0.88,333.66
2022,12,20,21,0,0,0,0,0,0,0,0,1.87,1.17,1.52,6.1,100,0,73.03,0.53,327.72,0.88,327.02
2022,12,20,22,0,0,0,0,0,0,0,0,1.5,0.42,0.96,5.86,100,0,73.02,0.61,325.91,1.03,325.83
2022,12,20,23,0,0,0,0,0,0,0,0,1.07,-0.42,0.33,5.62,99.5,0,73,0.7,321.34,1.19,321.4
2022,12,21,0,0,0,0,0,0,0,0,0,0.84,-1.45,-0.3,5.31,95.69,0,72.97,0.81,314.61,1.37,313.38
2022,12,21,1,0,0,0,0,0,0,0,0,0.87,-2.38,-0.76,5,90.25,0,72.96,0.87,308.42,1.44,305.94
2022,12,21,2,0,0,0,0,0,0,0,0,1.09,-2.92,-0.92,4.82,85.44,0,72.95,0.94,303.82,1.55,300.57
2022,12,21,3,0,0,0,0,0,0,0,0,0.98,-3.12,-1.07,4.7,83.88,0,72.95,0.94,303.42,1.56,299.64
2022,12,21,4,0,0,0,0,0,0,0,0,0.91,-3.14,-1.11,4.64,83.12,0,72.96,0.9,305.48,1.52,300.91
2022,12,21,5,0,0,0,0,0,0,0,0,0.85,-2.99,-1.07,4.64,83.25,0,72.99,0.89,307.17,1.5,301.78
2022,12,21,6,0,0,0,0,0,0,0,0,0.76,-3.06,-1.15,4.58,82.94,0,73.04,0.91,308.35,1.51,303.2
2022,12,21,7,0.22,0.22,0.45,22.23,23.73,2.45,0.01,0.02,1.12,-3.29,-1.09,4.52,79.69,0,73.1,0.86,308.33,1.48,303.61
2022,12,21,8,0.94,0.96,1.4,107.83,112.5,12.05,0.09,0.45,4.15,-0.81,1.67,5.31,76.12,0,73.15,0.69,292.52,1.29,288.65
2022,12,21,9,1.6,1.65,2.2,186.75,195.62,23.14,0.34,1.7,7.4,-1.75,2.83,5.13,58.62,0,73.19,1.92,249.28,2.67,249.82
2022,12,21,10,2.11,2.17,2.78,249.5,258.8,32.48,0.65,3.2,9.21,-1.91,3.65,5.25,53.12,0,73.19,3.14,242.61,4.3,242.97
2022,12,21,11,2.36,2.48,3.11,280.52,295.35,37.49,0.86,4.3,10.33,-0.92,4.7,5.62,52.19,0,73.14,3.89,240.5,5.29,240.75
2022,12,21,12,2.28,2.45,3.17,268.88,289.75,35.55,0.83,4.15,10.84,0.01,5.43,5.86,53.06,0,73.07,4.33,238.58,5.89,238.61
2022,12,21,13,2.09,2.26,2.94,245.67,266.38,32.12,0.69,3.4,10.76,0.72,5.74,6.1,55.44,0,73.01,4.45,237.17,6.07,237.19
2022,12,21,14,1.63,1.83,2.46,190.6,214.95,24.43,0.42,2.1,10.22,1.26,5.74,6.29,59.19,0,72.97,4.22,237.16,5.79,237.13
2022,12,21,15,1.05,1.21,1.74,120.4,140.25,14.58,0.16,0.8,9.13,1.51,5.32,6.35,64.25,0,72.94,3.65,236.17,5.06,236.21
2022,12,21,16,0.44,0.48,0.84,48.05,52.9,5.28,0.02,0.1,7.08,2.08,4.58,6.59,76.06,0,72.93,2.45,236.46,3.55,236.48
2022,12,21,17,0.03,0.02,0.06,1.42,1.73,0.2,0,0,3.68,2.12,2.9,6.53,95.62,0,72.96,0.96,246.56,1.84,245.62
2022,12,21,18,0,0,0,0,0,0,0,0,2.63,1.32,1.98,6.23,98.94,0,73.01,0.77,267.08,1.5,269.7
2022,12,21,19,0,0,0,0,0,0,0,0,2.08,-0.02,1.02,5.86,96.69,0,73.03,0.79,297.57,1.51,294.84
2022,12,21,20,0,0,0,0,0,0,0,0,1.36,-1.7,-0.17,5.43,93.81,0,73.06,0.92,300.05,1.71,297.5
2022,12,21,21,0,0,0,0,0,0,0,0,0.87,-2.99,-1.06,5.07,90.75,0,73.07,1.03,296.18,1.94,292.74
2022,12,21,22,0,0,0,0,0,0,0,0,0.58,-3.83,-1.63,4.76,87.88,0,73.08,1.13,295.5,2.15,291.26
2022,12,21,23,0,0,0,0,0,0,0,0,0.22,-4.57,-2.17,4.52,85.38,0,73.06,1.17,298.27,2.25,293.72
2022,12,22,0,0,0,0,0,0,0,0,0,0.01,-5.24,-2.62,4.27,81.94,0,73.04,1.2,300.58,2.29,295.95
2022,12,22,1,0,0,0,0,0,0,0,0,-0.19,-5.77,-2.99,4.03,78.75,0,73.04,1.21,303.18,2.29,298.58
2022,12,22,2,0,0,0,0,0,0,0,0,-0.44,-6.4,-3.42,3.78,75.62,0,73.04,1.23,306.51,2.31,302.13
2022,12,22,3,0,0,0,0,0,0,0,0,-0.65,-7.3,-3.97,3.54,71.44,0,73.01,1.23,312.69,2.27,308.57
2022,12,22,4,0,0,0,0,0,0,0,0,-0.83,-8.43,-4.63,3.23,66.5,0,73,1.24,317.8,2.25,314.01
2022,12,22,5,0,0,0,0,0,0,0,0,-0.88,-9.54,-5.21,2.99,61.31,0,73.01,1.24,320.1,2.21,317
2022,12,22,6,0,0,0,0,0,0,0,0,-0.81,-10.6,-5.7,2.75,56.38,0,73.03,1.24,320.38,2.15,317.36
2022,12,22,7,0.23,0.24,0.44,23.42,25.23,2.83,0.01,0.05,0.12,-10.26,-5.06,2.81,53.38,0,73.06,1.13,317.51,1.99,314.05
2022,12,22,8,0.97,1.02,1.39,111.92,118.58,14.01,0.12,0.58,3.64,-4.74,-0.55,4.15,61.5,0,73.11,0.83,300.69,1.59,297.82
2022,12,22,9,1.67,1.73,2.19,196.4,204.73,27,0.43,2.12,6.98,-7.35,-0.18,3.6,42.38,0,73.16,1.96,253.08,2.73,253.22
2022,12,22,10,2.19,2.28,2.78,258.5,269.38,37.52,0.8,3.95,8.4,-6.99,0.7,3.78,40.56,0,73.16,2.96,238.7,4.04,238.92
2022,12,22,11,2.5,2.6,3.11,296.67,306.8,43.95,1.07,5.3,9.36,-6.14,1.61,3.97,39.81,0,73.1,3.68,236.61,4.99,236.63
2022,12,22,12,2.41,2.62,3.17,285.38,308.23,42.16,1.04,5.15,9.74,-5.6,2.07,4.15,40,0,73.01,4.1,235.31,5.58,235.33
2022,12,22,13,2.27,2.42,2.95,268.95,284.4,39.09,0.9,4.45,9.59,-5.11,2.24,4.27,41.75,0,72.94,4.21,235.37,5.73,235.27
2022,12,22,14,1.83,1.98,2.46,214.67,232.05,30.41,0.56,2.77,8.98,-4.73,2.12,4.39,44.62,0,72.9,3.97,235.84,5.43,235.74
2022,12,22,15,1.21,1.33,1.75,139.7,154.83,18.53,0.22,1.08,7.77,-4.27,1.76,4.52,49.75,0,72.87,3.4,235,4.73,234.95
2022,12,22,16,0.52,0.56,0.85,57.17,61.9,6.77,0.03,0.12,5.43,-2.6,1.41,5.13,66.38,0,72.87,1.92,236.76,2.91,235.84
2022,12,22,17,0.03,0.02,0.06,1.9,2.05,0.28,0,0,2.03,-2.17,-0.07,4.94,81.94,0,72.89,0.86,248.1,1.68,248.79
2022,12,22,18,0,0,0,0,0,0,0,0,1.03,-3.7,-1.34,4.52,79.81,0,72.92,0.82,290.68,1.44,290.59
2022,12,22,19,0,0,0,0,0,0,0,0,0.43,-5.02,-2.3,4.15,76.88,0,72.93,0.99,321.41,1.69,320.64
2022,12,22,20,0,0,0,0,0,0,0,0,0.08,-6.34,-3.13,3.78,71.62,0,72.94,1.11,331.45,1.9,330.37
2022,12,22,21,0,0,0,0,0,0,0,0,-0.13,-7.51,-3.82,3.42,66.62,0,72.95,1.09,331.78,1.85,330.95
2022,12,22,22,0,0,0,0,0,0,0,0,-0.5,-8.24,-4.38,3.23,64.25,0,72.96,1.1,333.98,1.87,333.22
2022,12,22,23,0,0,0,0,0,0,0,0,-0.66,-8.9,-4.78,2.99,60.94,0,72.94,1.12,336.49,1.9,335.22
2022,12,23,0,0,0,0,0,0,0,0,0,-0.45,-9.52,-4.99,2.81,56.06,0,72.93,1.13,336.44,1.9,334.38
2022,12,23,1,0,0,0,0,0,0,0,0,-1.07,-10.04,-5.56,2.69,56.12,0,72.93,1.16,334.82,1.98,333.54
2022,12,23,2,0,0,0,0,0,0,0,0,-1.81,-10.6,-6.2,2.56,56.69,0,72.93,1.22,336.56,2.15,335.95
2022,12,23,3,0,0,0,0,0,0,0,0,-1.98,-11.44,-6.71,2.38,53.31,0,72.91,1.36,345.41,2.4,344.52
2022,12,23,4,0,0,0,0,0,0,0,0,-2.41,-12.14,-7.27,2.26,52.12,0,72.88,1.47,352.04,2.64,350.98
2022,12,23,5,0,0,0,0,0,0,0,0,-2.58,-12.88,-7.74,2.14,50,0,72.9,1.54,354.75,2.77,353.84
2022,12,23,6,0,0,0,0,0,0,0,0,-2.28,-13.81,-8.04,1.95,45.5,0,72.95,1.55,357.4,2.72,356.71
2022,12,23,7,0.24,0.26,0.43,23.48,25.77,2.79,0.01,0.05,-0.99,-13.17,-7.08,2.14,43.88,0,73,1.44,358.75,2.49,358.38
2022,12,23,8,1.02,1.05,1.39,115.42,120.08,14.27,0.11,0.55,2.95,-5.77,-1.41,3.97,61.5,0,73.06,0.93,355.67,1.78,355.47
2022,12,23,9,1.74,1.77,2.19,201.95,206.38,27.79,0.43,2.12,6.93,-9.45,-1.26,2.87,33.94,0,73.13,0.83,313.1,1.11,314.71
2022,12,23,10,2.29,2.31,2.77,267.45,270.6,38.79,0.8,3.98,9.19,-7.9,0.65,3.3,33.31,0,73.15,1.93,238.56,2.54,238.61
2022,12,23,11,2.58,2.63,3.11,302.4,306.98,44.67,1.07,5.3,10.31,-6.17,2.08,3.72,34.56,0,73.11,2.88,230.61,3.86,230.58
2022,12,23,12,2.61,2.64,3.17,304.65,307.62,44.38,1.08,5.33,10.76,-5.17,2.8,3.97,35.94,0,73.05,3.43,228.69,4.65,228.81
2022,12,23,13,2.33,2.43,2.95,273.92,283.85,39.6,0.89,4.4,10.6,-4.69,2.95,4.09,37.62,0,73,3.61,227.89,4.9,227.84
2022,12,23,14,1.89,1.98,2.47,219.88,231.12,30.86,0.55,2.73,9.92,-4.68,2.62,4.15,39.5,0,72.99,3.38,228.19,4.59,228.17
2022,12,23,15,1.2,1.33,1.75,138.35,153.92,18.33,0.21,1.05,8.72,-4.93,1.9,4.09,42.31,0,72.99,2.73,225.81,3.79,225.84
2022,12,23,16,0.47,0.55,0.86,52.33,61.4,6.42,0.02,0.12,6.38,-2.52,1.93,4.88,59.75,0,73,1.31,220.9,2.1,220.16
2022,12,23,17,0.03,0.02,0.06,1.98,2.12,0.3,0,0,3.52,-3.17,0.17,4.52,67.06,0,73.03,0.69,232.35,1.16,232.36
2022,12,23,18,0,0,0,0,0,0,0,0,2.92,-4.82,-0.95,4.03,62.62,0,73.07,0.57,291.66,0.84,291.31
2022,12,23,19,0,0,0,0,0,0,0,0,1.7,-5.58,-1.94,3.85,65.56,0,73.08,0.68,337.58,1.07,338.12
2022,12,23,20,0,0,0,0,0,0,0,0,1.3,-6.59,-2.64,3.6,63.31,0,73.07,0.74,345.96,1.19,347.15
2022,12,23,21,0,0,0,0,0,0,0,0,1.05,-7.29,-3.12,3.42,61.06,0,73.07,0.64,333.75,1.02,334.22
2022,12,23,22,0,0,0,0,0,0,0,0,0.55,-7.68,-3.56,3.3,61.12,0,73.08,0.58,325.45,0.95,324.35
2022,12,23,23,0,0,0,0,0,0,0,0,-0.09,-8.69,-4.38,3.11,60.44,0,73.08,0.59,315,0.98,313.38
2022,12,24,0,0,0,0,0,0,0,0,0,-0.63,-9.68,-5.16,2.93,59.69,0,73.06,0.58,310.6,0.98,308.52
2022,12,24,1,0,0,0,0,0,0,0,0,-0.96,-10.84,-5.9,2.81,57.81,0,73.06,0.64,307.57,1.09,305.06
2022,12,24,2,0,0,0,0,0,0,0,0,-1.3,-11.66,-6.48,2.62,56.56,0,73.07,0.77,300.47,1.31,297.02
2022,12,24,3,0,0,0,0,0,0,0,0,-1.7,-12.22,-6.96,2.56,56.06,0,73.05,0.81,302.01,1.4,297.57
2022,12,24,4,0,0,0,0,0,0,0,0,-1.95,-12.74,-7.35,2.44,54.88,0,73.02,0.84,307.41,1.42,304.66
2022,12,24,5,0,0,0,0,0,0,0,0,-2.27,-12.66,-7.46,2.38,54.94,0,73.02,0.94,307.92,1.6,305.08
2022,12,24,6,0,0,0,0,0,0,0,0,-2.69,-12.13,-7.42,2.38,56.56,0,73.05,1.01,309.35,1.77,306.21
2022,12,24,7,0.23,0.23,0.42,22.88,24.25,2.75,0.01,0.05,-1.87,-10.45,-6.17,2.62,58.25,0,73.1,0.98,309.81,1.73,306.2
2022,12,24,8,0.95,0.99,1.38,110.42,116.12,13.73,0.11,0.55,1.97,-5,-1.52,3.91,64.88,0,73.14,0.68,300.96,1.27,297.82
2022,12,24,9,1.56,1.66,2.18,184.65,198.77,24.59,0.38,1.88,5.3,-5.35,-0.02,3.66,48.12,0,73.2,1.86,232.17,2.55,232.36
2022,12,24,10,2.05,2.18,2.77,246.17,261.45,34.3,0.71,3.5,6.04,-3.7,1.16,4.09,50.94,0,73.24,3.32,223.57,4.5,223.52
2022,12,24,11,2.15,2.48,3.11,262.38,297.98,38.17,0.92,4.65,5.84,-2.81,1.51,4.33,55,0,73.21,3.41,224.72,4.56,224.58
2022,12,24,12,1.9,2.4,3.17,230.65,285.38,32.76,0.8,4.1,5.74,-1.84,1.95,4.7,59.62,0,73.14,3.22,228.15,4.26,227.83
2022,12,24,13,1.52,2.21,2.95,183.7,263.23,26.34,0.59,3,5.65,-1.08,2.29,4.94,63.75,0,73.07,3.29,237.33,4.37,236.96
2022,12,24,14,1.2,1.79,2.47,145.48,212.1,20.34,0.38,1.85,5.87,-1.01,2.43,5.07,63.62,0,72.99,3.46,241.59,4.64,241.32
2022,12,24,15,0.75,1.17,1.76,89.45,137.15,12.02,0.15,0.73,5.57,-1.39,2.09,5,64.25,0,72.93,3.57,242.65,4.84,242.73
2022,12,24,16,0.33,0.46,0.87,38.2,52.92,5.08,0.02,0.1,3.82,-1.41,1.2,5.19,75.44,0,72.91,2.86,249.19,4.08,248.65
2022,12,24,17,0.03,0.02,0.07,1.9,2.02,0.29,0,0,1.04,-2.83,-0.89,4.7,83.94,0,72.92,1.89,266.22,2.91,266.16
2022,12,24,18,0,0,0,0,0,0,0,0,-0.35,-3.52,-1.93,4.52,88.94,0,72.95,1.32,283.3,2.39,283.63
2022,12,24,19,0,0,0,0,0,0,0,0,-0.92,-3.48,-2.2,4.52,93.88,0,72.98,1.08,278.71,2.28,278.27
2022,12,24,20,0,0,0,0,0,0,0,0,-1.1,-3.52,-2.31,4.46,93.56,0,72.99,0.97,276.03,1.96,273.42
2022,12,24,21,0,0,0,0,0,0,0,0,-1.2,-3.48,-2.35,4.39,93.25,0,72.98,0.94,287.98,1.9,282.61
2022,12,24,22,0,0,0,0,0,0,0,0,-1.31,-3.88,-2.59,4.27,90.81,0,73,1.28,287.1,2.41,286.2
2022,12,24,23,0,0,0,0,0,0,0,0,-1.33,-4.63,-2.99,3.97,85,0,73.01,1.36,286.98,2.51,286.29
2022,12,25,0,0,0,0,0,0,0,0,0,-1.3,-5.35,-3.33,3.72,79.31,0,73,1.3,288.54,2.4,286.84
2022,12,25,1,0,0,0,0,0,0,0,0,-1.6,-6.18,-3.88,3.48,75.62,0,73,1.3,289.63,2.4,287.79
2022,12,25,2,0,0,0,0,0,0,0,0,-2.07,-6.85,-4.45,3.3,74.62,0,73,1.35,286.86,2.53,285.19
2022,12,25,3,0,0,0,0,0,0,0,0,-2.48,-7.17,-4.82,3.17,74.88,0,72.99,1.33,287.05,2.54,285.32
2022,12,25,4,0,0,0,0,0,0,0,0,-2.7,-7.57,-5.13,3.05,73.69,0,72.97,1.29,293.15,2.48,290.49
2022,12,25,5,0,0,0,0,0,0,0,0,-2.95,-8.04,-5.49,2.93,72.31,0,72.97,1.25,296.25,2.42,293.59
2022,12,25,6,0,0,0,0,0,0,0,0,-3.3,-8.36,-5.83,2.87,72.19,0,73,1.21,298.23,2.36,295.89
2022,12,25,7,0.17,0.16,0.42,16.33,16.83,2.24,0.01,0.02,-2.43,-7.9,-5.17,2.99,70.19,0,73.05,1.16,302.62,2.25,300.04
2022,12,25,8,0.83,0.83,1.37,89.75,91.7,11.18,0.08,0.4,1.37,-4.38,-1.51,4.15,71.75,0,73.11,1.32,294.89,2.17,296.01
2022,12,25,9,1.48,1.5,2.18,166.25,170.3,20.7,0.29,1.42,4.5,-5.49,-0.49,3.72,51.69,0,73.17,2.4,264.2,3.27,264.25
2022,12,25,10,2,1.98,2.77,235.12,234.45,30.78,0.56,2.77,6.26,-4.42,0.92,4.09,50.44,0,73.19,3.18,244.38,4.3,244.37
2022,12,25,11,2.22,2.32,3.11,262.12,273.73,35.29,0.76,3.75,7.33,-3.33,2,4.46,50.88,0,73.14,3.81,237.12,5.13,237.06
2022,12,25,12,2.32,2.46,3.17,273.73,288.4,37.93,0.85,4.23,7.8,-2.29,2.76,4.76,52.81,0,73.07,4.28,232.8,5.75,232.79
2022,12,25,13,2.12,2.29,2.96,246.23,264.42,33.87,0.7,3.48,7.73,-1.42,3.16,5.07,56.5,0,73.01,4.43,231.37,5.96,231.33
2022,12,25,14,1.7,1.84,2.48,194.75,210.73,25.78,0.43,2.12,7.26,-1.07,3.09,5.25,60.19,0,72.98,4.26,232,5.76,232
2022,12,25,15,1.1,1.19,1.77,121.15,133.35,14.83,0.16,0.77,6.35,-0.95,2.69,5.31,65.19,0,72.98,3.77,231.23,5.15,231.16
2022,12,25,16,0.45,0.47,0.87,47.62,49.7,6.08,0.02,0.12,4.58,-0.27,2.15,5.68,78.44,0,73.01,2.53,229.51,3.63,229.01
2022,12,25,17,0.03,0.02,0.07,1.92,2,0.29,0,0,1.32,-0.13,0.59,5.62,98.12,0,73.06,1.15,231.34,2.16,229.85
2022,12,25,18,0,0,0,0,0,0,0,0,0.66,-0.06,0.3,5.62,100,0,73.13,0.82,243.43,1.51,244.5
2022,12,25,19,0,0,0,0,0,0,0,0,0.13,-0.91,-0.39,5.43,100,0,73.18,0.74,277.87,1.39,275.49
2022,12,25,20,0,0,0,0,0,0,0,0,-0.94,-2.27,-1.6,5.07,100,0,73.22,0.73,301.81,1.37,296.71
2022,12,25,21,0,0,0,0,0,0,0,0,-1.42,-3.71,-2.56,4.76,100,0,73.24,0.77,308.39,1.4,302.89
2022,12,25,22,0,0,0,0,0,0,0,0,-1.81,-5.06,-3.44,4.46,99.06,0,73.24,0.75,309.96,1.38,303.42
2022,12,25,23,0,0,0,0,0,0,0,0,-2.22,-5.95,-4.09,4.21,97.88,0,73.23,0.75,310.34,1.37,303.15
2022,12,26,0,0,0,0,0,0,0,0,0,-2.63,-6.58,-4.6,4.09,97.31,0,73.22,0.72,311.94,1.35,303.69
2022,12,26,1,0,0,0,0,0,0,0,0,-2.79,-6.64,-4.72,3.97,96,0,73.22,0.72,315.88,1.36,305.15
2022,12,26,2,0,0,0,0,0,0,0,0,-2.77,-6.49,-4.63,3.91,93.88,0,73.2,0.75,319.21,1.44,309.05
2022,12,26,3,0,0,0,0,0,0,0,0,-2.78,-6.63,-4.7,3.72,90.38,0,73.18,0.83,322.7,1.57,315.2
2022,12,26,4,0,0,0,0,0,0,0,0,-3.01,-7.14,-5.07,3.48,86.56,0,73.15,0.91,324.41,1.73,318.3
2022,12,26,5,0,0,0,0,0,0,0,0,-3.1,-7.85,-5.47,3.23,80.81,0,73.15,0.98,324.78,1.83,319.16
2022,12,26,6,0,0,0,0,0,0,0,0,-3.1,-8.62,-5.85,2.99,74.5,0,73.18,0.99,327.95,1.81,323.23
2022,12,26,7,0.14,0.15,0.41,15,16.17,2.11,0.01,0.02,-2.33,-8.58,-5.45,2.99,70,0,73.22,0.92,329.95,1.67,327.05
2022,12,26,8,0.74,0.8,1.37,81.27,88.35,10.45,0.08,0.4,1.31,-6.16,-2.42,3.78,66.06,0,73.27,0.85,307.5,1.34,309.81
2022,12,26,9,1.36,1.46,2.17,152.2,163.95,19.02,0.27,1.35,3.94,-6.77,-1.42,3.66,53.06,0,73.33,1.91,251.2,2.56,250.79
2022,12,26,10,1.88,1.98,2.77,214.92,226.67,27.92,0.53,2.65,5.49,-5.51,-0.01,3.85,50.38,0,73.35,3.08,241.23,4.12,241.05
2022,12,26,11,2.09,2.29,3.11,242.62,264.62,32.68,0.73,3.62,6.25,-4.63,0.81,3.97,49.12,0,73.29,3.6,243.43,4.78,243.39
2022,12,26,12,2.18,2.39,3.18,255.12,277.77,34.82,0.8,4,6.79,-4.16,1.31,4.03,47.94,0,73.2,3.84,241.4,5.09,241.39
2022,12,26,13,1.97,2.18,2.96,227.48,250.48,30.25,0.63,3.15,7.08,-3.98,1.55,4.09,47.25,0,73.13,4.21,237.58,5.64,237.61
2022,12,26,14,1.52,1.73,2.49,172.12,196.85,22.12,0.38,1.85,6.73,-3.86,1.44,4.15,49.31,0,73.09,4.3,235.82,5.82,235.71
2022,12,26,15,0.98,1.11,1.78,106.83,122.6,12.94,0.14,0.7,5.73,-3.6,1.07,4.27,54.75,0,73.08,3.85,235.5,5.28,235.37
2022,12,26,16,0.39,0.43,0.88,41.67,46,5.52,0.02,0.12,3.8,-2.2,0.8,4.94,72,0,73.07,2.42,236.72,3.52,236.03
2022,12,26,17,0.03,0.02,0.07,1.95,2.05,0.3,0,0,0.78,-2.35,-0.79,4.76,86.69,0,73.07,1.13,241.48,2.02,240.86
2022,12,26,18,0,0,0,0,0,0,0,0,0,-3.14,-1.57,4.52,86.75,0,73.1,0.77,264.75,1.45,265.36
2022,12,26,19,0,0,0,0,0,0,0,0,-0.41,-3.97,-2.19,4.39,86.69,0,73.12,0.72,296.29,1.38,291.32
2022,12,26,20,0,0,0,0,0,0,0,0,-1.09,-5.08,-3.08,4.15,86.75,0,73.14,0.73,305.39,1.45,298.64
2022,12,26,21,0,0,0,0,0,0,0,0,-1.52,-6.12,-3.82,3.85,84.25,0,73.14,0.82,301.72,1.63,295.33
2022,12,26,22,0,0,0,0,0,0,0,0,-1.96,-7.04,-4.5,3.66,82.25,0,73.13,0.92,296.78,1.8,291.89
2022,12,26,23,0,0,0,0,0,0,0,0,-2.44,-7.96,-5.2,3.42,80.31,0,73.09,1,296.97,1.9,293.2
2022,12,27,0,0,0,0,0,0,0,0,0,-2.76,-8.81,-5.78,3.23,77.38,0,73.03,1.06,299.59,1.95,296.98
2022,12,27,1,0,0,0,0,0,0,0,0,-3.07,-9.47,-6.27,2.99,74.75,0,72.98,1.11,302.91,2.01,301.46
2022,12,27,2,0,0,0,0,0,0,0,0,-3.36,-9.86,-6.61,2.87,72.81,0,72.93,1.16,307.87,2.07,306.87
2022,12,27,3,0,0,0,0,0,0,0,0,-3.61,-10.15,-6.88,2.75,70.81,0,72.9,1.17,314.19,2.09,313.34
2022,12,27,4,0,0,0,0,0,0,0,0,-3.92,-10.45,-7.19,2.62,69.25,0,72.88,1.18,321.69,2.15,320.75
2022,12,27,5,0,0,0,0,0,0,0,0,-4.17,-10.89,-7.53,2.44,66.94,0,72.89,1.19,330.07,2.18,329.39
2022,12,27,6,0,0,0,0,0,0,0,0,-4.49,-11.47,-7.99,2.32,65,0,72.92,1.21,338.88,2.27,337.94
2022,12,27,7,0.17,0.19,0.41,16.85,19.15,2.3,0.01,0.02,-3.72,-10.96,-7.34,2.44,63.69,0,72.97,1.21,346.23,2.33,344.66
2022,12,27,8,0.91,0.92,1.36,101.58,104.73,12.48,0.09,0.42,0.24,-7.15,-3.45,3.54,66.5,0,73.02,1.28,342.23,2.08,343.2
2022,12,27,9,1.59,1.62,2.17,182.65,187.9,23.47,0.32,1.58,3.76,-8.35,-2.3,3.17,46.44,0,73.06,1.72,290.5,2.28,290.85
2022,12,27,10,2.09,2.16,2.77,244.23,252.85,33.21,0.62,3.05,5.83,-6.83,-0.5,3.66,46.06,0,73.04,2.64,254.19,3.52,254.18
2022,12,27,11,2.46,2.47,3.11,289.05,290.73,39.98,0.85,4.2,7.09,-5.49,0.8,3.97,46.12,0,72.97,3.57,241.81,4.82,241.86
2022,12,27,12,2.36,2.4,3.18,271.05,275.98,36.26,0.78,3.85,7.68,-4.25,1.72,4.27,47.75,0,72.87,4.35,236.65,5.9,236.6
2022,12,27,13,2.07,2.2,2.97,237.23,251.27,31.27,0.62,3.1,7.65,-3.27,2.19,4.52,50.5,0,72.81,4.76,235.37,6.49,235.3
2022,12,27,14,1.66,1.75,2.5,187.58,198.42,23.83,0.38,1.9,7.08,-2.7,2.19,4.64,53.81,0,72.77,4.74,235.21,6.49,235.1
2022,12,27,15,1.07,1.12,1.79,116.83,124.42,13.98,0.14,0.7,6.01,-2.34,1.83,4.7,58.62,0,72.75,4.12,233.17,5.7,233.08
2022,12,27,16,0.43,0.44,0.89,45.85,47.1,5.96,0.02,0.12,4.05,-1.68,1.18,4.94,70.25,0,72.76,2.75,230.3,3.97,229.95
2022,12,27,17,0.03,0.02,0.08,2.05,2.15,0.3,0,0,0.53,-1.52,-0.49,4.94,90.69,0,72.79,1.02,231.82,1.97,231.59
2022,12,27,18,0,0,0,0,0,0,0,0,-0.26,-2.14,-1.2,4.7,91.19,0,72.84,0.64,249.11,1.22,250.87
2022,12,27,19,0,0,0,0,0,0,0,0,-0.68,-2.35,-1.52,4.64,93.38,0,72.88,0.45,317.79,0.72,315.44
2022,12,27,20,0,0,0,0,0,0,0,0,-1.24,-2.84,-2.03,4.46,94.81,0,72.92,0.6,338.75,0.99,340.56
2022,12,27,21,0,0,0,0,0,0,0,0,-1.35,-3.44,-2.39,4.33,92.25,0,72.95,0.68,332.55,1.09,334.17
2022,12,27,22,0,0,0,0,0,0,0,0,-1.52,-4.02,-2.77,4.15,89.75,0,72.97,0.73,329.88,1.17,330.02
2022,12,27,23,0,0,0,0,0,0,0,0,-1.85,-4.56,-3.2,3.97,88.56,0,72.96,0.74,324.46,1.21,323.95
2022,12,28,0,0,0,0,0,0,0,0,0,-2.17,-5.06,-3.61,3.85,87.44,0,72.93,0.75,320.04,1.25,318.54
2022,12,28,1,0,0,0,0,0,0,0,0,-2.4,-5.46,-3.93,3.66,86.06,0,72.91,0.81,320.91,1.34,319.25
2022,12,28,2,0,0,0,0,0,0,0,0,-2.77,-5.85,-4.31,3.54,85.56,0,72.88,0.88,324.34,1.48,322.28
2022,12,28,3,0,0,0,0,0,0,0,0,-3.27,-6.34,-4.81,3.42,85.62,0,72.86,0.95,332.59,1.61,331.32
2022,12,28,4,0,0,0,0,0,0,0,0,-3.77,-6.97,-5.37,3.23,84.62,0,72.85,1.01,340.58,1.74,338.96
2022,12,28,5,0,0,0,0,0,0,0,0,-4.18,-7.69,-5.93,3.05,82.56,0,72.87,1.06,344.63,1.87,342.7
2022,12,28,6,0,0,0,0,0,0,0,0,-4.29,-8.42,-6.36,2.87,78.25,0,72.92,1.12,348.77,1.97,345.8
2022,12,28,7,0.18,0.18,0.4,17.6,18.5,2.3,0.01,0.02,-3.68,-8.36,-6.02,2.93,75.62,0,72.98,1.07,354.12,1.97,349.94
2022,12,28,8,0.86,0.91,1.36,96.08,102.35,11.97,0.09,0.4,-0.1,-5.81,-2.95,3.72,71.62,0,73.05,1.1,346.85,1.72,347.67
2022,12,28,9,1.54,1.61,2.17,177.6,185.6,23.43,0.33,1.62,2.87,-5.8,-1.46,3.72,57.69,0,73.11,0.98,266.34,1.34,268.33
2022,12,28,10,1.95,2.14,2.77,228.08,250.25,31.99,0.61,3.02,5.17,-5.06,0.05,3.97,52.75,0,73.12,2.59,233.82,3.47,234.7
2022,12,28,11,2.22,2.45,3.11,262.73,287.62,37.56,0.82,4.08,6.44,-4.19,1.12,4.21,51.19,0.01,73.06,3.51,230.06,4.72,230.44
2022,12,28,12,2.02,2.2,3.18,230.4,249.38,29.62,0.63,3.12,6.83,-3.19,1.83,4.52,53.25,0.03,72.98,4.03,227.67,5.44,227.74
2022,12,28,13,1.83,2.03,2.98,210.52,230.3,26.8,0.53,2.62,6.65,-2.4,2.13,4.76,56.62,0.03,72.92,4.27,227.52,5.78,227.47
2022,12,28,14,1.35,1.62,2.5,152.17,183.83,19.19,0.3,1.52,6.06,-1.99,2.04,4.82,60.19,0.03,72.88,4.05,227.11,5.5,227.01
2022,12,28,15,0.9,1.05,1.8,98.35,115.38,11.89,0.12,0.62,5.01,-1.91,1.55,4.82,64.75,0.02,72.86,3.42,224.54,4.69,224.53
2022,12,28,16,0.36,0.41,0.9,38.05,43.23,5.07,0.02,0.1,3.19,-1.76,0.72,4.88,74.12,0,72.87,2.26,220.79,3.23,220.89
2022,12,28,17,0.03,0.02,0.08,2.02,2.12,0.3,0,0,0.05,-1.7,-0.83,4.88,92.81,0,72.91,0.69,225.46,1.39,226.36
2022,12,28,18,0,0,0,0,0,0,0,0,-0.7,-2.61,-1.65,4.64,93.81,0,72.96,0.39,246.5,0.74,253.47
2022,12,28,19,0,0,0,0,0,0,0,0,-0.92,-3.47,-2.2,4.46,91.88,0,73.02,0.27,290.56,0.52,291.96
2022,12,28,20,0,0,0,0,0,0,0,0,-1.11,-4.26,-2.69,4.27,90.06,0,73.08,0.38,327.62,0.66,327.99
2022,12,28,21,0,0,0,0,0,0,0,0,-1.38,-4.94,-3.17,4.15,89,0,73.12,0.45,321.34,0.77,330.33
2022,12,28,22,0,0,0,0,0,0,0,0,-1.69,-5.49,-3.6,4.03,88.56,0,73.15,0.46,312.27,0.78,324.4
2022,12,28,23,0,0,0,0,0,0,0,0,-2.06,-5.98,-4.02,3.91,88.5,0,73.15,0.44,308.5,0.75,312.47
2022,12,29,0,0,0,0,0,0,0,0,0,-2.35,-6.33,-4.35,3.78,88.44,0,73.14,0.51,344.9,0.85,329.67
2022,12,29,1,0,0,0,0,0,0,0,0,-2.74,-6.67,-4.7,3.72,89.12,0.01,73.14,0.59,335.12,1.01,324.1
2022,12,29,2,0,0,0,0,0,0,0,0,-3.03,-7.06,-5.05,3.6,89,0.01,73.13,0.72,333.43,1.19,325.47
2022,12,29,3,0,0,0,0,0,0,0,0,-3.25,-7.55,-5.4,3.48,87.81,0.01,73.12,0.73,332.07,1.23,328.54
2022,12,29,4,0,0,0,0,0,0,0,0,-3.7,-8.17,-5.93,3.36,87.38,0,73.09,0.67,325.39,1.23,334.08
2022,12,29,5,0,0,0,0,0,0,0,0,-4.2,-8.85,-6.53,3.17,86.62,0,73.1,0.69,330.82,1.31,342
2022,12,29,6,0,0,0,0,0,0,0,0,-4.03,-9.37,-6.7,3.05,82,0,73.14,0.66,335.56,1.19,343.23
2022,12,29,7,0.16,0.16,0.4,15.85,16.67,2.12,0.01,0.02,-3.2,-9.04,-6.12,3.11,77.31,0,73.17,0.56,334.16,1.01,342.41
2022,12,29,8,0.78,0.85,1.35,88.77,96.15,11.22,0.08,0.4,-0.02,-5.8,-2.91,3.66,70.38,0,73.21,0.44,12.31,0.65,345.29
2022,12,29,9,1.37,1.53,2.16,158.83,177.77,20.8,0.29,1.45,3.41,-5.2,-0.9,3.78,57.31,0,73.25,0.76,206.3,1.07,213.11
2022,12,29,10,1.9,2.06,2.77,223.6,242.3,30.6,0.59,2.9,5.7,-4.66,0.52,3.97,50.94,0,73.24,2.18,210.61,2.92,212.2
2022,12,29,11,2.13,2.37,3.11,253.48,280.3,35.76,0.79,3.92,7.1,-3.74,1.68,4.21,49.06,0,73.19,3.22,213.61,4.35,214.6
2022,12,29,12,1.75,2.05,3.19,198.92,230.65,24.48,0.53,2.62,7.58,-2.81,2.39,4.52,50.5,0,73.13,3.86,214.78,5.21,215.36
2022,12,29,13,1.45,1.86,2.98,163.73,209.3,20.12,0.41,2,7.43,-2.13,2.65,4.7,53.31,0,73.09,3.95,215.33,5.31,215.72
2022,12,29,14,1.12,1.47,2.51,125.33,161.85,15.07,0.25,1.23,6.8,-1.64,2.58,4.82,57.25,0,73.05,3.65,214.1,4.9,214.55
2022,12,29,15,0.69,0.91,1.81,75,97.8,8.91,0.09,0.48,5.44,-1.35,2.05,4.88,63.69,0,73.05,3.07,211.59,4.16,211.87
2022,12,29,16,0.3,0.34,0.92,33,35.8,4.38,0.02,0.1,3.4,-0.93,1.23,5,75.62,0,73.07,1.92,210.32,2.71,209.97
2022,12,29,17,0.02,0.02,0.09,1.7,1.92,0.25,0,0,0.62,-1.03,-0.21,4.94,91.19,0,73.11,0.52,206.95,0.96,210.72
2022,12,29,18,0,0,0,0,0,0,0,0,-0.24,-1.41,-0.83,4.82,94.56,0,73.17,0.2,346.5,0.33,339.44
2022,12,29,19,0,0,0,0,0,0,0,0,-0.48,-1.78,-1.13,4.7,94,0,73.23,0.45,347.91,0.76,351.7
2022,12,29,20,0,0,0,0,0,0,0,0,-0.61,-2.16,-1.38,4.58,92.81,0,73.29,0.44,354.9,0.75,358.21
2022,12,29,21,0,0,0,0,0,0,0,0,-0.58,-2.49,-1.53,4.52,90.56,0,73.33,0.42,352.48,0.69,355.45
2022,12,29,22,0,0,0,0,0,0,0,0,-0.73,-2.75,-1.74,4.39,90.19,0,73.35,0.3,330.07,0.47,333.43
2022,12,29,23,0,0,0,0,0,0,0,0,-0.95,-2.92,-1.93,4.39,90.88,0,73.35,0.31,317.05,0.5,317.54
2022,12,30,0,0,0,0,0,0,0,0,0,-1.15,-3.06,-2.1,4.33,91.62,0,73.33,0.33,315.97,0.52,314.4
2022,12,30,1,0,0,0,0,0,0,0,0,-1.39,-3.2,-2.29,4.27,92.69,0,73.32,0.39,320.63,0.64,318.48
2022,12,30,2,0,0,0,0,0,0,0,0,-1.56,-3.4,-2.48,4.21,92.69,0,73.31,0.52,326.07,0.83,324.96
2022,12,30,3,0,0,0,0,0,0,0,0,-1.72,-3.67,-2.7,4.15,92.19,0,73.29,0.6,331.09,0.96,329.68
2022,12,30,4,0,0,0,0,0,0,0,0,-1.78,-3.99,-2.89,4.03,90.44,0,73.27,0.65,338.96,1.02,335.99
2022,12,30,5,0,0,0,0,0,0,0,0,-2.2,-4.38,-3.28,3.97,91.12,0,73.27,0.7,347.05,1.09,344.67
2022,12,30,6,0,0,0,0,0,0,0,0,-2.94,-4.84,-3.88,3.85,93.69,0,73.29,0.81,351.63,1.32,351.15
2022,12,30,7,0.14,0.14,0.39,14.2,15.17,1.79,0.01,0.02,-2.51,-5.24,-3.88,3.72,87.75,0,73.33,0.89,355.49,1.51,353.76
2022,12,30,8,0.68,0.79,1.35,75.15,88.65,8.91,0.06,0.3,0.55,-3.3,-1.38,4.39,81.62,0,73.37,0.8,348.14,1.3,349.63
2022,12,30,9,1.19,1.46,2.16,134.92,167.25,16.38,0.23,1.12,3.65,-3.78,-0.06,4.27,63.56,0,73.41,0.69,254.86,0.92,256.32
2022,12,30,10,1.6,1.98,2.76,183.27,229.4,23.31,0.44,2.15,5.81,-3.38,1.22,4.46,57,0,73.42,2.34,218.09,3.11,219.09
2022,12,30,11,1.81,2.3,3.12,211.6,266.95,27.72,0.61,3.05,6.85,-2.29,2.28,4.76,56.56,0,73.37,3.39,217.13,4.52,217.56
2022,12,30,12,1.72,2.1,3.19,194.65,234.08,23.74,0.53,2.65,7.15,-1.14,3.01,5.13,59.19,0,73.31,4.04,218.33,5.39,218.47
2022,12,30,13,1.32,1.92,2.99,145.6,211.45,18.02,0.38,1.85,6.83,-0.37,3.23,5.31,63.19,0,73.26,4.16,221.5,5.53,221.57
2022,12,30,14,1.24,1.55,2.52,135.58,167.9,16.04,0.27,1.35,6.15,-0.12,3.02,5.37,67,0,73.22,3.9,224.19,5.19,224.27
2022,12,30,15,0.71,0.98,1.82,74.8,103.3,8.95,0.1,0.5,5.16,-0.16,2.5,5.37,71.69,0,73.19,3.37,226.13,4.54,226.05
2022,12,30,16,0.24,0.36,0.93,24.92,37.25,3.17,0.02,0.08,3.55,-0.01,1.76,5.49,81.94,0,73.17,2.34,230.56,3.28,230.02
2022,12,30,17,0.02,0.02,0.09,1.62,2.1,0.23,0,0,0.67,-0.39,0.14,5.37,98.19,0,73.18,1,241.64,1.77,240.6
2022,12,30,18,0,0,0,0,0,0,0,0,-0.34,-0.88,-0.61,5.25,100,0,73.2,0.73,263.86,1.41,265.87
2022,12,30,19,0,0,0,0,0,0,0,0,-0.9,-1.66,-1.28,5,100,0,73.21,0.8,276.16,1.48,275.74
2022,12,30,20,0,0,0,0,0,0,0,0,-1.61,-2.7,-2.16,4.76,100,0,73.23,0.95,271.42,1.75,270.77
2022,12,30,21,0,0,0,0,0,0,0,0,-2.05,-3.43,-2.74,4.64,100,0,73.23,1.06,271.26,1.94,270.69
2022,12,30,22,0,0,0,0,0,0,0,0,-2.49,-3.88,-3.18,4.46,100,0,73.23,1.08,278.31,1.98,277.49
2022,12,30,23,0,0,0,0,0,0,0,0,-2.87,-4.17,-3.52,4.33,100,0,73.21,1.08,284.64,1.95,283.65
2022,12,31,0,0,0,0,0,0,0,0,0,-3.31,-4.42,-3.87,4.21,100,0,73.18,1.07,289.23,1.94,287.78
2022,12,31,1,0,0,0,0,0,0,0,0,-3.31,-4.59,-3.95,4.09,100,0,73.15,1.02,291.07,1.85,289.28
2022,12,31,2,0,0,0,0,0,0,0,0,-3.06,-4.61,-3.83,4.03,100,0,73.12,1.01,294.78,1.76,292.46
2022,12,31,3,0,0,0,0,0,0,0,0,-2.92,-4.7,-3.81,3.97,97.12,0,73.09,0.91,309.43,1.52,306.22
2022,12,31,4,0,0,0,0,0,0,0,0,-3.1,-4.99,-4.04,3.85,96,0,73.07,0.86,331.1,1.36,328.59
2022,12,31,5,0,0,0,0,0,0,0,0,-3.81,-5.52,-4.67,3.72,97.94,0,73.07,0.89,345.23,1.48,343.76
2022,12,31,6,0,0,0,0,0,0,0,0,-4.1,-6.23,-5.17,3.54,95.19,0,73.12,0.95,352.41,1.61,350.77
2022,12,31,7,0.12,0.15,0.39,12.1,15.62,1.62,0.01,0.02,-3.58,-6.83,-5.2,3.36,87.19,0,73.17,0.88,358.48,1.58,354.91
2022,12,31,8,0.6,0.8,1.35,66.67,89.5,8.11,0.05,0.27,-0.35,-5.21,-2.78,3.91,77,0,73.22,0.71,348.57,1.09,350.06
2022,12,31,9,1.05,1.46,2.16,118.08,166.25,14.84,0.21,1.02,2.58,-5.02,-1.22,3.91,62,0,73.26,0.96,238.64,1.24,239.41
2022,12,31,10,1.43,1.96,2.77,163.33,225.67,21.02,0.4,1.98,4.33,-3.91,0.22,4.21,59.56,0,73.28,2.36,218.54,3.11,218.97
2022,12,31,11,1.56,2.26,3.12,182.48,259.75,24.23,0.54,2.7,5.3,-2.74,1.28,4.58,60.31,0,73.24,3.2,215.86,4.24,216.15
2022,12,31,12,1.34,2.11,3.2,154.35,236.62,19.76,0.45,2.25,5.76,-1.67,2.05,4.88,62.56,0,73.18,3.73,215.96,4.92,216.09
2022,12,31,13,1.24,1.93,3,137.33,212.05,16.93,0.35,1.75,5.55,-0.92,2.32,5.13,66.38,0,73.11,3.93,218.3,5.21,218.3
2022,12,31,14,1.11,1.49,2.53,122.02,159.45,14.4,0.25,1.23,5.07,-0.6,2.23,5.25,69.81,0,73.07,3.96,221.16,5.28,221.1
2022,12,31,15,0.6,0.91,1.83,62.55,94.17,7.45,0.09,0.42,4.09,-0.41,1.84,5.31,75.62,0,73.06,3.6,221.05,4.86,221.02
2022,12,31,16,0.19,0.33,0.94,19.38,33.42,2.45,0.01,0.05,2.62,-0.22,1.2,5.37,85.12,0,73.05,2.67,219.18,3.69,219.08
2022,12,31,17,0.02,0.02,0.1,1.52,2,0.21,0,0,0.61,-0.09,0.26,5.43,99.75,0,73.06,1.09,217.69,1.88,216.54
2022,12,31,18,0,0,0,0,0,0,0,0,-0.27,-0.5,-0.38,5.25,100,0,73.09,0.61,217.75,1.14,219.45
2022,12,31,19,0,0,0,0,0,0,0,0,-0.56,-0.71,-0.63,5.19,100,0,73.13,0.23,260.22,0.42,257.24
2022,12,31,20,0,0,0,0,0,0,0,0,-1.37,-1.05,-1.2,5.13,100,0,73.18,0.45,323.53,0.73,322.88
2022,12,31,21,0,0,0,0,0,0,0,0,-1.87,-1.61,-1.74,4.94,100,0,73.21,0.58,318.3,0.98,320.19
2022,12,31,22,0,0,0,0,0,0,0,0,-2.1,-2.17,-2.13,4.76,100,0,73.23,0.53,311.42,0.98,319.84
2022,12,31,23,0,0,0,0,0,0,0,0,-2.38,-2.74,-2.56,4.58,100,0,73.2,0.61,321.8,1.15,330.3
2023,1,1,0,0,0,0,0,0,0,0,0,-3.01,-3.41,-3.21,4.33,100,0,73.17,0.73,327.67,1.42,334.56
2023,1,1,1,0,0,0,0,0,0,0,0,-3.53,-4.22,-3.88,4.09,100,0,73.15,0.9,329.64,1.54,330.58
2023,1,1,2,0,0,0,0,0,0,0,0,-3.27,-4.98,-4.12,3.85,96.69,0,73.12,0.87,326.31,1.42,324.83
2023,1,1,3,0,0,0,0,0,0,0,0,-3,-5.67,-4.34,3.6,89.38,0,73.09,0.85,330.84,1.39,327.82
2023,1,1,4,0,0,0,0,0,0,0,0,-3.23,-6.38,-4.81,3.42,86.19,0,73.09,0.75,334.77,1.34,331.04
2023,1,1,5,0,0,0,0,0,0,0,0,-3.52,-7.03,-5.27,3.23,83.88,0,73.13,0.72,336.23,1.39,332.14
,,,,,,,,,,,,,,,,,,,,,,
2023,3,1,6,0,0,0,0,0,0,0,0,-2,-8.81,-5.41,2.75,62.75,0,73.48,1.35,350.32,2.42,348.65
2023,3,1,7,0.43,0.47,0.94,45.3,50.33,5.47,0.02,0.12,0.84,-5.55,-2.35,3.78,68.69,0,73.53,1.37,347.15,2.33,348.39
2023,3,1,8,1.03,1.28,1.94,115.83,145.05,14.42,0.19,0.92,5.01,-6.17,-0.57,3.42,46.44,0,73.6,1.56,321.7,2.03,322.51
2023,3,1,9,1.66,2.09,2.83,191.3,241.98,25.12,0.52,2.6,8.45,-6,1.23,3.54,37.75,0,73.63,2.41,249.75,3.1,249.97
2023,3,1,10,2.2,2.74,3.52,257.98,318.45,35.06,0.93,4.75,10.34,-4.88,2.73,3.78,35.69,0,73.65,3.56,230.34,4.61,230.57
2023,3,1,11,2.37,3.14,3.94,278.73,366.1,38.33,1.15,5.95,11.39,-3.72,3.83,4.15,36.12,0,73.64,4.36,225.15,5.64,225.17
2023,3,1,12,1.94,2.86,4.07,226.88,326.15,29.53,0.88,4.55,11.61,-2.71,4.45,4.46,38.31,0,73.59,4.82,223.29,6.25,223.28
2023,3,1,13,1.81,2.7,3.9,215.73,307.85,27.5,0.8,4.2,11.44,-1.69,4.87,4.76,41.56,0,73.54,4.9,223.26,6.36,223.21
2023,3,1,14,1.44,2.28,3.45,171.95,258.77,21.66,0.55,2.85,10.94,-1.06,4.94,5,44.81,0,73.49,4.62,224.59,5.99,224.52
2023,3,1,15,1.26,1.71,2.74,141.02,189.73,17.2,0.34,1.73,10.13,-0.81,4.66,5.07,48.06,0.01,73.46,4.1,224.54,5.35,224.53
2023,3,1,16,0.53,0.95,1.82,58.45,103.58,7.05,0.09,0.42,8.83,-0.77,4.03,5.07,52.5,0.01,73.45,3.35,223.58,4.49,223.59
2023,3,1,17,0.24,0.27,0.78,26.73,29.6,3.34,0.02,0.05,5.98,0.58,3.28,5.68,71.62,0.01,73.48,1.7,223.88,2.7,222.89
2023,3,1,18,0,0,0,0,0,0,0,0,4.33,-0.38,1.98,5.19,73.5,0.01,73.52,1.07,227.67,1.7,227.42
2023,3,1,19,0,0,0,0,0,0,0,0,3.99,-0.93,1.53,4.94,72,0.01,73.57,0.62,253.16,1,251.85
2023,3,1,20,0,0,0,0,0,0,0,0,3.33,-1.23,1.05,4.88,73.94,0,73.62,0.51,304.42,0.78,301.94
2023,3,1,21,0,0,0,0,0,0,0,0,2.39,-1.49,0.45,4.76,77.75,0,73.64,0.64,333.75,1.02,332.65
2023,3,1,22,0,0,0,0,0,0,0,0,1.53,-2.12,-0.3,4.58,79.25,0,73.63,0.79,342.1,1.32,341.35
2023,3,1,23,0,0,0,0,0,0,0,0,0.91,-2.95,-1.02,4.33,78.44,0,73.6,0.9,345.96,1.52,345.39
2023,3,2,0,0,0,0,0,0,0,0,0,0.49,-3.78,-1.65,4.09,76.5,0,73.56,1.01,347.91,1.69,346.67
2023,3,2,1,0,0,0,0,0,0,0,0,0.07,-4.85,-2.38,3.85,73.56,0,73.51,1.09,348.05,1.86,345.67
2023,3,2,2,0,0,0,0,0,0,0,0,-0.35,-6.02,-3.19,3.54,70.44,0,73.47,1.16,348.31,2.01,345.8
2023,3,2,3,0,0,0,0,0,0,0,0,-0.79,-7.17,-3.98,3.3,67.56,0,73.44,1.21,350.36,2.12,347.86
2023,3,2,4,0,0,0,0,0,0,0,0,-1.24,-8.25,-4.75,3.05,64.81,0,73.43,1.28,351.57,2.24,349.75
2023,3,2,5,0,0,0,0,0,0,0,0,-1.44,-9.38,-5.41,2.75,60.25,0,73.46,1.31,352.79,2.26,351.65
2023,3,2,6,0.03,0.02,0.05,1.3,1.6,0.19,0,0,-1.35,-10.17,-5.76,2.56,55.31,0,73.51,1.3,353.43,2.22,352.3
2023,3,2,7,0.45,0.51,0.91,50.1,57.58,5.95,0.03,0.15,1.46,-6.17,-2.35,3.66,64,0,73.57,1.05,349.28,1.83,349.7
2023,3,2,8,1.24,1.39,1.96,143.38,161.9,17.84,0.25,1.23,5.42,-7.5,-1.04,3.23,42.19,0,73.62,1.15,305.31,1.44,305.94
2023,3,2,9,1.93,2.19,2.85,226.83,258.5,29.99,0.66,3.27,8.28,-6.49,0.9,3.54,38,0,73.65,2.14,239.5,2.68,239.47
2023,3,2,10,2.46,2.82,3.54,293.62,333.3,40.11,1.11,5.75,10,-5.04,2.48,3.85,37,0,73.64,3,224.47,3.82,224.42
2023,3,2,11,2.61,3.21,3.96,314.67,379.62,44.16,1.39,7.33,11.18,-3.61,3.78,4.21,37.44,0,73.61,3.76,218.16,4.81,218.14
2023,3,2,12,2.32,3.09,4.09,276.62,359.77,37.49,1.2,6.2,11.71,-2.56,4.57,4.52,38.75,0,73.55,4.38,216.44,5.61,216.5
2023,3,2,13,1.9,2.91,3.92,232.05,340.35,31.12,0.96,5.12,11.6,-1.49,5.05,4.82,41.69,0,73.49,4.56,217.2,5.85,217.19
2023,3,2,14,1.43,2.47,3.47,175,289.33,23.37,0.64,3.33,10.98,-0.82,5.08,5.07,45.25,0,73.44,4.28,217.96,5.5,217.96
2023,3,2,15,1.03,1.83,2.76,125,213.3,16.4,0.36,1.8,10.01,-0.55,4.73,5.13,49,0.01,73.41,3.77,218.18,4.88,218.24
2023,3,2,16,0.56,1.08,1.84,65.92,123.35,8.48,0.12,0.58,8.76,-0.49,4.14,5.13,53.38,0.02,73.4,3.1,217.62,4.12,217.61
2023,3,2,17,0.22,0.33,0.79,26.42,36.92,3.47,0.02,0.08,6.26,1.02,3.65,5.86,72,0.02,73.42,1.62,215.6,2.56,215.44
2023,3,2,18,0,0,0,0,0,0,0,0,4.83,-0.16,2.34,5.25,71.94,0.01,73.45,1.19,219.95,1.86,220.05
2023,3,2,19,0,0,0,0,0,0,0,0,4.86,-0.83,2.01,5,67.94,0,73.5,0.54,235.62,0.81,234.01
2023,3,2,20,0,0,0,0,0,0,0,0,4.22,-1.06,1.58,4.88,70.06,0,73.54,0.36,341.18,0.53,343.71
2023,3,2,21,0,0,0,0,0,0,0,0,3.17,-1.3,0.94,4.82,74.12,0,73.56,0.76,13.04,1.22,14.48
2023,3,2,22,0,0,0,0,0,0,0,0,2.48,-1.72,0.38,4.7,75.69,0,73.55,0.92,16.28,1.51,18.06
2023,3,2,23,0,0,0,0,0,0,0,0,2.25,-2.25,0,4.52,74.12,0,73.53,0.94,12.43,1.54,14.11
2023,3,3,0,0,0,0,0,0,0,0,0,2.14,-2.84,-0.35,4.33,71.81,0,73.5,0.94,6.18,1.51,7.75
2023,3,3,1,0,0,0,0,0,0,0,0,2.01,-3.45,-0.72,4.15,69.5,0,73.46,0.96,359.53,1.51,0.89
2023,3,3,2,0,0,0,0,0,0,0,0,1.83,-4.05,-1.11,3.97,67.5,0,73.43,0.99,355.91,1.53,356.48
2023,3,3,3,0,0,0,0,0,0,0,0,1.62,-4.64,-1.51,3.85,65.5,0,73.41,1.01,352,1.57,352.56
2023,3,3,4,0,0,0,0,0,0,0,0,1.38,-5.25,-1.93,3.66,63.62,0,73.41,1.05,351.87,1.62,352.5
2023,3,3,5,0,0,0,0,0,0,0,0,1.05,-5.9,-2.43,3.48,62,0,73.43,1.12,356.8,1.74,357.42
2023,3,3,6,0.03,0.02,0.06,1.65,1.83,0.23,0,0,0.78,-6.53,-2.88,3.3,60.25,0,73.48,1.17,1.53,1.86,1.68
2023,3,3,7,0.5,0.55,0.93,55.92,62.38,6.35,0.03,0.15,3.07,-3.58,-0.25,4.33,66.75,0,73.53,0.95,1.42,1.64,2.45
2023,3,3,8,1.25,1.43,1.98,145.6,168.58,18.12,0.25,1.23,6.96,-4.77,1.09,3.85,45.5,0,73.59,0.66,318.37,0.8,320.12
2023,3,3,9,2.01,2.23,2.87,237.5,264.85,31.55,0.69,3.42,9.73,-4.31,2.71,4.03,39.44,0,73.61,1.95,225.16,2.42,225.26
2023,3,3,10,2.53,2.86,3.55,302.02,338.95,41.48,1.14,5.8,11.34,-3.32,4.01,4.27,37.81,0,73.61,2.93,215.13,3.72,215.16
2023,3,3,11,2.68,3.24,3.98,322.2,384.58,45.3,1.41,7.33,12.44,-2.27,5.08,4.64,37.81,0,73.57,3.73,211.4,4.76,211.37
2023,3,3,12,2.32,3.18,4.11,276.45,371.75,37.8,1.21,6.23,12.73,-1.3,5.72,4.94,39.5,0,73.53,4.37,212.81,5.58,212.78
2023,3,3,13,1.88,3.02,3.94,224.7,352.1,31.26,0.96,5,12.55,-0.29,6.13,5.25,42.5,0,73.49,4.53,215.17,5.81,215.14
2023,3,3,14,1.61,2.58,3.48,192.1,301.05,26.03,0.71,3.73,12,0.42,6.21,5.49,46.06,0,73.45,4.35,217.49,5.58,217.5
2023,3,3,15,1.19,1.93,2.77,139.25,223.9,18.45,0.39,1.95,11.19,0.67,5.93,5.55,49.31,0,73.43,3.93,218.37,5.07,218.43
2023,3,3,16,0.59,1.13,1.85,69.38,129.52,9.15,0.12,0.6,10,0.56,5.28,5.55,53,0,73.43,3.28,217.64,4.33,217.59
2023,3,3,17,0.29,0.36,0.81,31.77,39.92,3.92,0.02,0.08,7.37,1.87,4.62,6.23,70.88,0,73.45,1.69,216.18,2.61,215.02
2023,3,3,18,0,0,0,0,0,0,0,0,5.82,0.9,3.37,5.68,72.56,0.01,73.49,1.11,215.26,1.68,213.99
2023,3,3,19,0,0,0,0,0,0,0,0,5.78,0.43,3.1,5.49,70.06,0.01,73.54,0.52,220.14,0.72,219.73
2023,3,3,20,0,0,0,0,0,0,0,0,5.32,0.19,2.75,5.37,71.31,0,73.58,0.19,9.46,0.29,7.7
2023,3,3,21,0,0,0,0,0,0,0,0,4.27,-0.13,2.07,5.25,74.94,0,73.6,0.62,17.53,0.97,18.73
2023,3,3,22,0,0,0,0,0,0,0,0,3.76,-0.8,1.48,5.07,74.25,0,73.6,0.72,13.74,1.14,15.08
2023,3,3,23,0,0,0,0,0,0,0,0,3.37,-1.33,1.01,4.88,73.69,0,73.59,0.75,6.6,1.17,7.7
2023,3,4,0,0,0,0,0,0,0,0,0,3.12,-1.88,0.62,4.7,72.31,0,73.58,0.74,356.35,1.14,357.65
2023,3,4,1,0,0,0,0,0,0,0,0,2.91,-2.39,0.26,4.52,70.88,0,73.56,0.74,347.74,1.12,348.38
2023,3,4,2,0,0,0,0,0,0,0,0,2.64,-2.85,-0.1,4.39,70,0,73.55,0.77,344.69,1.17,344.95
2023,3,4,3,0,0,0,0,0,0,0,0,2.12,-3.31,-0.6,4.27,70.38,0,73.54,0.88,346.21,1.38,346.2
2023,3,4,4,0,0,0,0,0,0,0,0,1.58,-3.87,-1.15,4.09,70.25,0,73.54,1,350.98,1.58,350.91
2023,3,4,5,0,0,0,0,0,0,0,0,1.15,-4.52,-1.69,3.91,69.19,0,73.55,1.07,355.83,1.72,355.32
2023,3,4,6,0.03,0.02,0.07,1.92,2.12,0.26,0,0,0.89,-5.16,-2.13,3.72,67.5,0,73.58,1.13,356.82,1.84,356.35
2023,3,4,7,0.46,0.57,0.95,51.95,66,6.03,0.03,0.15,3.26,-2.95,0.15,4.52,69.38,0,73.64,0.97,352.59,1.66,353.78
2023,3,4,8,1.19,1.44,2,141.4,172.85,17.73,0.27,1.3,6.8,-3.24,1.78,4.39,52.56,0,73.7,0.75,323.01,0.93,322.84
2023,3,4,9,1.74,2.24,2.89,208.7,268.73,28.24,0.66,3.3,9.83,-3.13,3.34,4.46,43.38,0,73.73,1.71,226.11,2.14,226.48
2023,3,4,10,2.18,2.85,3.57,263.02,342.23,36.86,1.08,5.7,11.68,-2.2,4.73,4.7,40.31,0,73.72,2.99,213.81,3.81,214.15
2023,3,4,11,2.42,3.23,3.99,292.85,387.45,41.7,1.37,7.25,12.76,-1.24,5.76,5,39.94,0,73.69,3.99,212.54,5.09,212.59
2023,3,4,12,2.24,3.22,4.12,265.88,380.35,36.66,1.23,6.35,12.94,-0.32,6.31,5.31,41.88,0,73.63,4.49,214.52,5.75,214.53
2023,3,4,13,1.71,3.05,3.95,208.27,359.17,29.18,0.94,4.92,12.68,0.49,6.58,5.55,44.81,0.01,73.57,4.51,217.96,5.77,217.96
2023,3,4,14,1.49,2.63,3.5,179.73,308.55,24.43,0.71,3.8,12.15,0.94,6.55,5.74,47.81,0.02,73.51,4.28,222.11,5.48,222.05
2023,3,4,15,1.05,1.98,2.78,124.92,230.12,16.54,0.38,1.9,11.17,1.08,6.12,5.8,51.56,0.03,73.48,3.8,224.33,4.93,224.36
2023,3,4,16,0.61,1.17,1.86,70.7,134.02,9.31,0.13,0.65,9.9,1.25,5.57,5.92,56.88,0.03,73.48,3.01,225.95,4,225.79
2023,3,4,17,0.3,0.38,0.82,33.3,41.62,4.25,0.02,0.1,7.45,2.5,4.98,6.59,74.81,0.02,73.5,1.54,230.98,2.42,228.54
2023,3,4,18,0,0,0,0,0,0,0,0,6.23,1.62,3.92,6.04,74.94,0.01,73.53,1.09,234.61,1.62,233.24
2023,3,4,19,0,0,0,0,0,0,0,0,6.05,1.31,3.68,5.92,74,0.01,73.58,0.71,260.54,1.02,260.32
2023,3,4,20,0,0,0,0,0,0,0,0,5.3,1.09,3.19,5.8,76.75,0,73.62,0.58,313.36,0.88,312.85
2023,3,4,21,0,0,0,0,0,0,0,0,4.23,0.76,2.5,5.68,80.94,0,73.64,0.74,338.88,1.23,337.18
2023,3,4,22,0,0,0,0,0,0,0,0,3.32,0.22,1.76,5.49,83.31,0,73.63,0.86,345.84,1.47,345.82
2023,3,4,23,0,0,0,0,0,0,0,0,2.75,-0.56,1.1,5.19,82.5,0,73.6,0.92,348.69,1.57,349.08
2023,3,5,0,0,0,0,0,0,0,0,0,2.3,-1.49,0.4,4.88,80,0,73.57,0.98,349.41,1.66,349.17
2023,3,5,1,0,0,0,0,0,0,0,0,1.81,-2.61,-0.4,4.52,76.94,0,73.53,1.08,350.4,1.85,349.31
2023,3,5,2,0,0,0,0,0,0,0,0,1.27,-3.99,-1.36,4.15,73,0,73.5,1.17,351.92,2.06,349.93
2023,3,5,3,0,0,0,0,0,0,0,0,0.79,-5.52,-2.37,3.78,68.44,0,73.48,1.22,354.51,2.19,352.42
2023,3,5,4,0,0,0,0,0,0,0,0,0.35,-6.86,-3.25,3.42,64.38,0,73.48,1.28,355.09,2.29,353.14
2023,3,5,5,0,0,0,0,0,0,0,0,0.12,-8.17,-4.02,3.11,59.44,0,73.51,1.3,353.43,2.31,351.46
2023,3,5,6,0.03,0.02,0.07,2,2.25,0.27,0,0,0.21,-9.16,-4.48,2.87,54.75,0,73.55,1.29,351.97,2.27,350.31
2023,3,5,7,0.55,0.57,0.97,59.8,63.5,6.73,0.03,0.17,3.2,-5.35,-1.07,4.03,62.19,0,73.61,1.07,345.66,1.91,347.22
2023,3,5,8,1.32,1.45,2.02,152.67,169,18.78,0.28,1.38,7.1,-6.9,0.1,3.48,40.94,0,73.65,1.16,320.19,1.48,320.58
2023,3,5,9,2.17,2.26,2.91,254.95,265.55,33.34,0.76,3.77,10.07,-5.6,2.23,3.72,35.88,0,73.67,2.03,242.74,2.59,243.05
2023,3,5,10,2.49,2.88,3.59,294.7,340.08,40.34,1.16,5.98,11.84,-4.38,3.73,3.97,33.94,0,73.65,3.18,225.2,4.07,225.54
2023,3,5,11,2.82,3.26,4.01,337.48,386.12,46.92,1.52,8,12.96,-3.24,4.86,4.27,33.94,0,73.61,4.01,220.26,5.13,220.24
2023,3,5,12,2.45,3.16,4.14,291.52,370.4,39.56,1.3,6.77,13.17,-2.1,5.53,4.64,36.12,0,73.54,4.53,218.27,5.8,218.27
2023,3,5,13,2.25,3.01,3.97,269.55,353.62,36.6,1.16,6.08,12.9,-0.99,5.95,5,39.62,0,73.46,4.59,218.57,5.87,218.52
2023,3,5,14,1.6,2.62,3.51,193.23,306.92,26.14,0.75,4,12.3,-0.24,6.04,5.25,43.31,0,73.4,4.34,220.4,5.58,220.34
2023,3,5,15,1.03,1.98,2.8,123.02,231.9,16.68,0.39,1.98,11.37,0.15,5.76,5.43,47.25,0.01,73.36,3.88,223.53,5.01,223.48
2023,3,5,16,0.54,1.19,1.88,64.23,137.73,8.62,0.13,0.65,9.98,0.26,5.12,5.43,52.25,0.01,73.35,3.22,227.56,4.25,227.46
2023,3,5,17,0.21,0.39,0.84,24.83,44.27,3.42,0.02,0.08,7.48,1.63,4.55,6.16,69.75,0.01,73.36,1.72,232.19,2.64,230.89
2023,3,5,18,0,0,0,0,0,0,0,0,5.76,0.86,3.3,5.74,73,0.03,73.39,1.22,241.3,1.86,239.66
2023,3,5,19,0,0,0,0,0,0,0,0,5.44,0.32,2.88,5.49,71.5,0.02,73.43,0.93,266.15,1.38,265.78
2023,3,5,20,0,0,0,0,0,0,0,0,4.81,-0.07,2.37,5.31,72.44,0.01,73.47,0.77,302.56,1.19,303.48
2023,3,5,21,0,0,0,0,0,0,0,0,4.01,-0.52,1.75,5.13,74.25,0,73.47,0.83,336.59,1.35,335.67
2023,3,5,22,0,0,0,0,0,0,0,0,3.12,-0.99,1.07,5,76.88,0,73.44,0.94,347.01,1.57,347.07
2023,3,5,23,0,0,0,0,0,0,0,0,2.55,-1.56,0.5,4.82,77.12,0,73.41,1,346.4,1.67,346.74
2023,3,6,0,0,0,0,0,0,0,0,0,2.15,-2.23,-0.04,4.58,75.94,0,73.37,1.04,345.23,1.72,345.02
2023,3,6,1,0,0,0,0,0,0,0,0,1.71,-3,-0.64,4.39,74.5,0,73.32,1.11,346.55,1.85,345.79
2023,3,6,2,0,0,0,0,0,0,0,0,1.26,-3.93,-1.34,4.15,72.44,0,73.27,1.17,348.01,1.96,346.85
2023,3,6,3,0,0,0,0,0,0,0,0,0.7,-5.07,-2.18,3.85,70.06,0,73.24,1.23,349.05,2.1,347.98
2023,3,6,4,0,0,0,0,0,0,0,0,0.13,-6.4,-3.13,3.54,66.94,0,73.24,1.29,352.02,2.25,351.03
2023,3,6,5,0,0,0,0,0,0,0,0,-0.27,-7.69,-3.98,3.23,63.44,0,73.26,1.34,353.96,2.32,353.23
2023,3,6,6,0.03,0.02,0.08,2.38,2.6,0.33,0,0,-0.36,-8.7,-4.53,3.05,60.06,0,73.31,1.34,354.99,2.33,354.81
2023,3,6,7,0.58,0.6,0.99,64.17,67.7,7.12,0.04,0.2,2.82,-5.42,-1.3,4.09,64.19,0,73.37,1.1,351.87,1.94,352.82
2023,3,6,8,1.48,1.49,2.04,171.23,174.67,20.84,0.32,1.58,6.79,-7.56,-0.38,3.42,40.88,0,73.42,1.26,308.94,1.57,309.33
2023,3,6,9,2.25,2.3,2.93,264.9,271.45,34.75,0.82,4.1,9.82,-6.97,1.43,3.48,34,0,73.46,2.14,238.57,2.7,238.38
2023,3,6,10,2.75,2.94,3.61,326.3,345.9,44.66,1.33,7,11.66,-5.56,3.05,3.78,32.38,0,73.47,3.25,223.54,4.15,223.55
2023,3,6,11,2.96,3.33,4.03,351.3,392.23,49.16,1.64,8.7,12.83,-4.23,4.3,4.09,32.5,0,73.45,4.26,220.53,5.44,220.51
2023,3,6,12,2.55,3.31,4.15,301.58,385.7,41.9,1.42,7.48,13.12,-2.99,5.06,4.46,34.5,0,73.4,4.86,220.57,6.26,220.55
2023,3,6,13,2.5,3.17,3.98,297.65,369.52,40.91,1.35,7.23,12.95,-1.86,5.55,4.76,37.69,0.03,73.34,4.99,221.57,6.44,221.6
2023,3,6,14,2.06,2.75,3.52,244.95,321.52,33.46,0.98,5.25,12.51,-1.18,5.66,5,40.75,0.04,73.29,4.83,223.43,6.26,223.38
2023,3,6,15,1.55,2.11,2.81,184.12,245.83,24.21,0.55,2.83,11.6,-0.85,5.37,5.13,44.25,0.03,73.25,4.41,224.07,5.77,224.01
2023,3,6,16,0.88,1.3,1.89,102,149.65,13.1,0.2,0.95,10.2,-0.85,4.68,5.13,48.31,0.02,73.24,3.68,225.17,4.92,225.13
2023,3,6,17,0.37,0.46,0.85,41.27,51.08,5.08,0.02,0.12,7.55,0.4,3.98,5.68,64.19,0.02,73.26,1.87,227.37,2.85,226.67
2023,3,6,18,0,0,0,0,0,0,0,0,5.36,-0.05,2.65,5.37,70.75,0.33,73.3,1.15,233.83,1.92,232.29
2023,3,6,19,0,0,0,0,0,0,0,0,5.05,-0.93,2.06,5,67.25,0.24,73.35,0.86,258.49,1.29,257.81
2023,3,6,20,0,0,0,0,0,0,0,0,4.4,-1.63,1.38,4.76,66.88,0.12,73.4,0.65,298.72,1,298.97
2023,3,6,21,0,0,0,0,0,0,0,0,3.55,-2.16,0.69,4.58,68.44,0.05,73.41,0.81,332.45,1.28,332.65
2023,3,6,22,0,0,0,0,0,0,0,0,2.98,-2.85,0.06,4.39,68.06,0.01,73.4,0.94,345.04,1.48,344.72
2023,3,6,23,0,0,0,0,0,0,0,0,2.48,-3.6,-0.56,4.15,67.06,0.01,73.38,0.99,345.85,1.57,345.55
2023,3,7,0,0,0,0,0,0,0,0,0,1.95,-4.34,-1.2,3.97,66.19,0,73.35,1.05,344.52,1.69,343.58
2023,3,7,1,0,0,0,0,0,0,0,0,1.3,-5.2,-1.95,3.72,65.44,0.06,73.32,1.14,344.92,1.88,343.83
2023,3,7,2,0,0,0,0,0,0,0,0,0.63,-6.26,-2.81,3.48,64.25,0.06,73.28,1.22,345.52,2.07,344.65
2023,3,7,3,0,0,0,0,0,0,0,0,0,-7.37,-3.68,3.3,62.81,0.06,73.25,1.28,347.66,2.21,346.7
2023,3,7,4,0,0,0,0,0,0,0,0,-0.63,-8.5,-4.56,3.05,61.69,0,73.24,1.35,353.33,2.35,352.54
2023,3,7,5,0,0,0,0,0,0,0,0,-0.85,-9.88,-5.36,2.81,57.75,0,73.27,1.39,354.19,2.4,353.45
2023,3,7,6,0.04,0.03,0.09,2.62,3.05,0.34,0,0,-0.64,-10.74,-5.7,2.62,53.81,0,73.32,1.38,354.48,2.37,353.95
2023,3,7,7,0.63,0.66,1.01,69.05,74.17,7.53,0.05,0.23,2.63,-5.9,-1.63,3.91,62.25,0,73.38,1.12,352.38,1.99,352.09
2023,3,7,8,1.53,1.57,2.06,175.17,181.98,21.38,0.34,1.65,6.81,-8.94,-1.06,3.17,37.5,0,73.45,1.38,312.01,1.79,313.05
2023,3,7,9,2.3,2.38,2.95,268.9,277.7,35.41,0.84,4.25,10.11,-9.08,0.51,2.99,28.38,0,73.48,2.15,246.42,2.7,246.32
2023,3,7,10,2.78,3,3.63,327.7,350.98,44.82,1.34,7.05,11.96,-7.96,2,3.11,26.25,0,73.49,3.04,226.14,3.88,226.22
2023,3,7,11,3.04,3.39,4.04,359.02,396.35,50.23,1.7,9.02,13.12,-6.65,3.23,3.36,26.31,0,73.47,3.83,219.96,4.91,219.9
2023,3,7,12,2.87,3.39,4.17,339.12,393.42,46.97,1.62,8.5,13.55,-5.77,3.89,3.6,27.19,0,73.44,4.42,217.68,5.68,217.67
2023,3,7,13,2.74,3.23,4,322.5,374.85,44.25,1.47,7.83,13.42,-4.7,4.36,3.85,29.38,0,73.39,4.66,217.64,5.99,217.63
2023,3,7,14,2.24,2.79,3.54,264.55,324.58,35.84,1.05,5.55,12.87,-3.79,4.54,4.09,32.19,0.05,73.35,4.57,218.97,5.9,219.04
2023,3,7,15,1.71,2.12,2.82,199.27,246.45,26.3,0.61,3.08,11.83,-3.18,4.33,4.21,35.62,0.09,73.34,4.16,219.74,5.4,219.77
2023,3,7,16,1.02,1.29,1.9,115.38,148.08,14.37,0.21,1.05,10.21,-2.72,3.74,4.33,40.88,0.15,73.36,3.32,221.38,4.39,221.54
2023,3,7,17,0.38,0.46,0.86,41,49.67,5.02,0.02,0.12,7.37,-0.07,3.65,5.43,62.38,0.25,73.38,1.67,221.21,2.58,222.18
2023,3,7,18,0,0,0,0,0,0,0,0,5.7,-1.05,2.33,4.94,63.69,0.04,73.42,1.19,229.28,1.82,229.53
2023,3,7,19,0,0,0,0,0,0,0,0,5.78,-1.81,1.99,4.64,59.44,0.03,73.48,0.68,256.76,0.97,256.08
2023,3,7,20,0,0,0,0,0,0,0,0,5.69,-2.45,1.62,4.39,56.81,0.05,73.53,0.48,314.34,0.67,315.47
2023,3,7,21,0,0,0,0,0,0,0,0,5.01,-2.31,1.35,4.46,60.56,0.01,73.55,0.58,345.22,0.89,345.72
2023,3,7,22,0,0,0,0,0,0,0,0,4.71,-2.63,1.04,4.39,60.38,0.02,73.56,0.68,349.46,1.06,349.77
2023,3,7,23,0,0,0,0,0,0,0,0,4.19,-3.24,0.48,4.15,59.62,0.02,73.55,0.72,351.25,1.11,351.07
2023,3,8,0,0,0,0,0,0,0,0,0,3.59,-3.75,-0.08,4.03,59.81,0,73.52,0.79,358.87,1.25,358.93
2023,3,8,1,0,0,0,0,0,0,0,0,3.04,-4.36,-0.67,3.85,59.5,0,73.48,0.9,0.5,1.42,0.63
2023,3,8,2,0,0,0,0,0,0,0,0,2.52,-5.01,-1.24,3.66,58.88,0,73.44,0.98,0,1.57,359.71
2023,3,8,3,0,0,0,0,0,0,0,0,2.3,-5.37,-1.53,3.6,58.5,0,73.41,1.04,357.42,1.71,357.11
2023,3,8,4,0,0,0,0,0,0,0,0,2.28,-5.64,-1.68,3.54,57.69,0.01,73.41,1.06,356.21,1.78,355.47
2023,3,8,5,0,0,0,0,0,0,0,0,2.21,-6.1,-1.95,3.42,56.12,0.01,73.44,1.08,356.27,1.82,355.32
2023,3,8,6,0.03,0.03,0.1,2.62,2.77,0.36,0,0,2.3,-6.46,-2.08,3.36,54.5,0,73.5,1.07,355.38,1.81,354.56
2023,3,8,7,0.42,0.52,1.03,45.02,55.8,5.66,0.04,0.2,4.55,-3.83,0.37,4.39,60.94,0,73.57,0.86,344.7,1.49,347.86
2023,3,8,8,0.77,1.29,2.07,90.52,145.02,11.98,0.21,1.05,7.99,-7.52,0.23,3.3,36.44,0,73.65,1.17,277.27,1.48,276.97
2023,3,8,9,1.15,2.03,2.97,136.33,229.83,18.19,0.47,2.42,10.13,-7.61,1.26,3.23,30.81,0,73.7,2.33,234.4,2.97,233.88
2023,3,8,10,1.48,2.6,3.65,178.27,299.17,24.09,0.77,4.2,11.48,-6.63,2.42,3.42,29.69,0,73.72,3.31,225.1,4.18,225.08
2023,3,8,11,1.02,2.89,4.06,130.17,330.85,17.9,0.61,3.2,12.17,-5.77,3.2,3.6,29.81,0,73.71,3.87,223.61,4.9,223.58
2023,3,8,12,0.94,2.64,4.19,117.08,290.75,14.77,0.48,2.48,12.4,-4.71,3.84,3.85,31.31,0.02,73.65,4.16,224.01,5.29,224.16
2023,3,8,13,0.72,2.29,4.01,90.9,242.6,10.91,0.34,1.8,12.33,-3.56,4.39,4.15,34,0.03,73.58,4.33,225.37,5.54,225.51
2023,3,8,14,0.65,1.95,3.55,80.9,206.15,9.78,0.28,1.52,11.86,-2.57,4.65,4.46,37.69,0.04,73.52,4.23,226.79,5.44,227.04
2023,3,8,15,0.44,1.41,2.83,53.12,147.25,6.48,0.15,0.77,10.96,-1.92,4.52,4.7,42.06,0.04,73.49,3.71,225,4.81,225.26
2023,3,8,16,0.57,0.79,1.91,60.7,81.73,7.23,0.12,0.58,9.62,-1.38,4.12,4.88,47.94,0.05,73.48,3,220.36,3.94,220.66
2023,3,8,17,0.19,0.24,0.88,20.15,25.45,2.36,0.02,0.08,7.13,0.49,3.81,5.74,66.62,0.07,73.5,1.61,207.81,2.42,210.71
2023,3,8,18,0,0,0,0,0,0,0,0,5.26,0.11,2.69,5.43,72.38,0.01,73.53,1.13,202.83,1.71,206.92
2023,3,8,19,0,0,0,0,0,0,0,0,4.92,-0.27,2.33,5.25,71.69,0.01,73.58,0.63,205.62,0.92,207.87
2023,3,8,20,0,0,0,0,0,0,0,0,4.26,-0.43,1.91,5.19,74.06,0.01,73.62,0.06,303.69,0.08,306.87
2023,3,8,21,0,0,0,0,0,0,0,0,3.46,-0.62,1.42,5.13,77.19,0.01,73.62,0.32,1.4,0.51,2.64
2023,3,8,22,0,0,0,0,0,0,0,0,2.81,-1.05,0.88,4.94,78.25,0.01,73.6,0.42,353.66,0.75,354.05
2023,3,8,23,0,0,0,0,0,0,0,0,2.2,-1.58,0.31,4.76,78.62,0.01,73.55,0.64,346.64,1.14,349.38
2023,3,9,0,0,0,0,0,0,0,0,0,1.5,-2.28,-0.39,4.52,78.5,0,73.5,0.94,348.04,1.65,349.11
2023,3,9,1,0,0,0,0,0,0,0,0,0.9,-3.15,-1.12,4.27,77,0,73.43,1.07,349.92,1.93,350.19
2023,3,9,2,0,0,0,0,0,0,0,0,0.77,-4.1,-1.67,3.97,72.44,0,73.38,1.1,351.01,1.96,350.35
2023,3,9,3,0,0,0,0,0,0,0,0,0.66,-5.06,-2.2,3.72,67.94,0,73.33,1.13,355.63,1.98,354.79
2023,3,9,4,0,0,0,0,0,0,0,0,0.32,-5.95,-2.82,3.48,65.06,0,73.32,1.2,1.12,2.09,0.21
2023,3,9,5,0,0,0,0,0,0,0,0,-0.14,-6.77,-3.45,3.23,63.19,0,73.33,1.27,3.53,2.25,3.19
2023,3,9,6,0.03,0.02,0.1,2.1,2.25,0.27,0,0,-0.2,-7.13,-3.67,3.17,61.75,0,73.38,1.28,4.18,2.31,3.69
2023,3,9,7,0.4,0.39,1.05,40.42,40.75,5.03,0.03,0.15,3.28,-4.18,-0.45,4.15,63.19,0,73.45,1.24,1.08,2,2.24
2023,3,9,8,1.04,1.08,2.1,109.55,114.65,12.89,0.2,0.98,7.4,-5.38,1.01,3.66,42.19,0,73.52,0.56,266.78,0.67,268.67
2023,3,9,9,1.73,1.81,2.99,188.7,198.05,22.48,0.51,2.55,9.7,-5.06,2.32,3.78,37.38,0,73.54,2.11,204.95,2.64,204.89
2023,3,9,10,2.14,2.39,3.66,239.95,264.45,29.29,0.81,4.23,11.15,-4.14,3.51,4.03,35.81,0,73.54,3.06,201.45,3.85,201.56
2023,3,9,11,2.22,2.8,4.08,252.5,313.17,31.97,1,5.23,12.1,-3.45,4.33,4.21,35.12,0,73.51,3.82,203.89,4.8,203.93
2023,3,9,12,2.61,3.3,4.2,315.62,385.08,43.73,1.48,7.67,12.38,-2.62,4.88,4.46,36.31,0,73.46,4.23,207.28,5.33,207.32
2023,3,9,13,2.22,3.02,4.03,263.58,347.55,35.8,1.15,6.02,12.12,-1.91,5.11,4.64,38.69,0,73.4,4.28,211.43,5.41,211.42
2023,3,9,14,1.74,2.47,3.56,203.88,278.73,26.59,0.75,3.98,11.58,-1.67,4.96,4.7,40.75,0,73.35,4.12,215.98,5.23,216.07
2023,3,9,15,1.29,1.72,2.85,145.5,187.8,18.5,0.41,2.1,10.76,-1.68,4.54,4.7,42.94,0,73.33,3.74,219.31,4.78,219.43
2023,3,9,16,0.63,0.92,1.92,67.95,96.38,8.61,0.12,0.6,9.62,-1.85,3.88,4.64,45.75,0,73.33,3.11,220.93,4.06,221.18
2023,3,9,17,0.24,0.3,0.89,26.08,31.85,3.35,0.02,0.08,7.37,-0.55,3.41,5.25,60,0,73.35,1.74,217.9,2.57,218.82
2023,3,9,18,0,0,0,0,0,0,0,0,5.26,-0.78,2.24,5.07,67.25,0,73.38,1.12,219.6,1.72,220.77
2023,3,9,19,0,0,0,0,0,0,0,0,5.11,-1.52,1.79,4.76,63.81,0,73.43,0.54,245.28,0.79,245.46
2023,3,9,20,0,0,0,0,0,0,0,0,4.62,-2.13,1.25,4.58,63.19,0,73.47,0.42,340.56,0.6,341.8
2023,3,9,21,0,0,0,0,0,0,0,0,3.6,-2.33,0.63,4.52,67,0,73.48,0.73,0.62,1.11,0.81
2023,3,9,22,0,0,0,0,0,0,0,0,3,-2.79,0.1,4.33,67.69,0,73.46,0.89,352.94,1.38,353.52
2023,3,9,23,0,0,0,0,0,0,0,0,2.57,-3.37,-0.4,4.15,66.94,0,73.44,0.96,346.87,1.5,347.41
2023,3,10,0,0,0,0,0,0,0,0,0,2.25,-3.98,-0.87,3.97,65.31,0,73.4,1.02,344.48,1.6,345.01
2023,3,10,1,0,0,0,0,0,0,0,0,1.88,-4.62,-1.37,3.78,63.81,0,73.34,1.1,345.17,1.74,345.4
2023,3,10,2,0,0,0,0,0,0,0,0,1.5,-5.27,-1.88,3.6,62.25,0,73.28,1.18,346.98,1.88,347.06
2023,3,10,3,0,0,0,0,0,0,0,0,1.21,-5.91,-2.35,3.42,60.25,0,73.24,1.23,350.9,1.99,350.95
2023,3,10,4,0,0,0,0,0,0,0,0,1,-6.52,-2.77,3.23,58,0,73.24,1.27,354.36,2.05,354.53
2023,3,10,5,0,0,0,0,0,0,0,0,1.01,-7.13,-3.06,3.05,55,0,73.27,1.27,358.24,2.02,358.45
2023,3,10,6,0.04,0.03,0.11,2.85,3.2,0.4,0,0,1.35,-7.45,-3.05,2.99,52.25,0,73.32,1.21,2.22,1.93,2.32
2023,3,10,7,0.52,0.53,1.07,54.85,56.83,6.67,0.04,0.2,4.46,-4.16,0.15,4.03,56.44,0,73.39,0.89,6.56,1.45,5.86
2023,3,10,8,1.25,1.34,2.11,137.62,149,16.72,0.26,1.27,8.48,-5.96,1.26,3.42,36.31,0,73.46,0.62,227.53,0.77,227.88
2023,3,10,9,2.02,2.12,3.01,229.45,241.12,29.18,0.67,3.38,10.76,-5.18,2.79,3.66,33.44,0,73.5,1.99,207.87,2.48,207.62
2023,3,10,10,2.44,2.73,3.68,283.67,312.35,37.35,1.07,5.58,12.17,-4.06,4.06,3.97,33.06,0,73.5,2.92,205.47,3.69,205.32
2023,3,10,11,2.65,3.08,4.1,308.1,353.4,41.05,1.3,6.85,13.08,-3.16,4.96,4.27,33.25,0,73.47,3.69,205.16,4.66,205.23
2023,3,10,12,2.93,3.38,4.22,352.38,396.35,49.09,1.66,8.62,13.25,-2.34,5.46,4.52,34.81,0,73.42,4.13,206.76,5.2,206.87
2023,3,10,13,2.68,3.15,4.04,318.35,367.75,43.58,1.38,7.27,12.9,-1.56,5.67,4.76,37.5,0,73.36,4.14,208.55,5.23,208.67
2023,3,10,14,2.14,2.63,3.58,250.9,302.52,33.24,0.94,4.88,12.26,-1.13,5.56,4.88,40.25,0,73.3,3.93,209.58,4.97,209.71
2023,3,10,15,1.53,1.89,2.86,172.08,210.83,21.89,0.48,2.42,11.45,-1.08,5.19,4.88,42.56,0,73.27,3.63,208.55,4.62,208.69
2023,3,10,16,0.89,1.1,1.93,96.75,118.83,12.01,0.17,0.85,10.2,-1.22,4.49,4.82,45.81,0,73.29,3.08,206.82,4,206.97
2023,3,10,17,0.33,0.38,0.91,35.08,39.73,4.52,0.02,0.12,7.94,0.01,3.98,5.43,59.5,0,73.33,1.86,200.87,2.7,202.42
2023,3,10,18,0,0,0,0,0,0,0,0,5.66,-0.11,2.78,5.31,68.31,0,73.38,1.27,201.34,1.92,204.27
2023,3,10,19,0,0,0,0,0,0,0,0,5.3,-0.66,2.32,5.07,66.88,0,73.45,0.88,209.74,1.27,212.71
2023,3,10,20,0,0,0,0,0,0,0,0,4.73,-1.02,1.86,4.94,67.75,0,73.51,0.43,221.28,0.62,226.02
2023,3,10,21,0,0,0,0,0,0,0,0,4.26,-1.28,1.48,4.82,68.62,0,73.55,0.19,311.63,0.29,313.92
2023,3,10,22,0,0,0,0,0,0,0,0,3.64,-1.53,1.05,4.7,70.25,0,73.54,0.42,8.58,0.65,7.55
2023,3,10,23,0,0,0,0,0,0,0,0,3.11,-1.91,0.6,4.58,70.88,0,73.51,0.63,18.21,0.99,16.44
2023,3,11,0,0,0,0,0,0,0,0,0,2.74,-2.38,0.18,4.46,70.19,0,73.47,0.76,14.89,1.2,13.13
2023,3,11,1,0,0,0,0,0,0,0,0,2.2,-2.93,-0.36,4.27,69.94,0,73.42,0.91,12.37,1.45,11.49
2023,3,11,2,0,0,0,0,0,0,0,0,1.65,-3.51,-0.93,4.09,69.62,0,73.37,1.06,11.89,1.71,11.31
2023,3,11,3,0,0,0,0,0,0,0,0,1.05,-4.12,-1.53,3.91,69.38,0,73.33,1.17,9.21,1.92,9.12
2023,3,11,4,0,0,0,0,0,0,0,0,0.61,-4.83,-2.11,3.66,67.94,0,73.33,1.25,7.88,2.08,7.77
2023,3,11,5,0,0,0,0,0,0,0,0,0.35,-5.62,-2.63,3.48,65.12,0,73.36,1.3,7.25,2.18,7
2023,3,11,6,0.03,0.03,0.12,2.65,2.9,0.36,0,0,0.61,-6.12,-2.75,3.36,61.81,0,73.41,1.29,5.92,2.16,6.02
2023,3,11,7,0.44,0.44,1.09,45.45,46.7,5.75,0.04,0.17,4.1,-3.54,0.28,4.27,61.75,0,73.49,1.07,10.9,1.77,9.13
2023,3,11,8,1.23,1.25,2.13,132.42,137.2,15.98,0.25,1.25,8.05,-6.64,0.7,3.36,36.56,0,73.56,0.09,254.74,0.11,257.91
2023,3,11,9,1.92,2,3.03,216.1,225.02,26.8,0.62,3.12,10,-6.88,1.56,3.3,31.56,0,73.59,1.67,197.75,2.08,197.48
2023,3,11,10,2.39,2.58,3.7,275.33,293.67,35.13,1.01,5.3,11.31,-5.65,2.83,3.54,31.44,0,73.58,2.56,194.12,3.22,194.04
2023,3,11,11,2.63,2.93,4.11,303.7,334.15,39.26,1.24,6.55,12.19,-4.49,3.85,3.91,32.31,0,73.54,3.24,191.42,4.04,191.7
2023,3,11,12,2.53,3.19,4.23,302.5,369.3,41.07,1.38,7.15,12.45,-3.35,4.55,4.21,34.38,0,73.47,3.63,191.55,4.54,191.81
2023,3,11,13,2.14,2.96,4.06,254.1,339.4,34.41,1.12,5.85,12.06,-2.23,4.91,4.58,38.19,0.01,73.39,3.69,192.48,4.63,192.77
2023,3,11,14,1.7,2.44,3.59,202.6,275.95,27.05,0.8,4.25,11.39,-1.38,5.01,4.88,42.44,0.03,73.33,3.54,193.02,4.44,193.33
2023,3,11,15,1.14,1.77,2.87,134.67,195.15,17.75,0.42,2.15,10.37,-0.87,4.75,5.07,47.06,0.03,73.31,3.27,195.1,4.14,195.43
2023,3,11,16,0.73,0.97,1.95,87.27,103.98,11.28,0.18,0.9,9.12,-0.52,4.3,5.13,52.31,0.03,73.32,2.87,198.43,3.7,198.7
2023,3,11,17,0.12,0.3,0.92,13.12,32.25,1.7,0.01,0.05,7.4,0.51,3.96,5.62,64,0.02,73.35,1.85,198.21,2.63,199.62
2023,3,11,18,0,0,0,0,0,0,0,0,5.56,0.67,3.12,5.68,73.31,0.01,73.4,1.32,200.04,2.12,203.25
2023,3,11,19,0,0,0,0,0,0,0,0,5.41,0.21,2.81,5.43,71.12,0.01,73.46,1.17,208.27,1.74,210.13
2023,3,11,20,0,0,0,0,0,0,0,0,5.36,-0.2,2.58,5.25,69,0,73.52,0.84,219.33,1.18,220.97
2023,3,11,21,0,0,0,0,0,0,0,0,5.09,-0.41,2.34,5.13,69.06,0,73.55,0.33,261.87,0.46,267.09
2023,3,11,22,0,0,0,0,0,0,0,0,4.48,-0.6,1.94,5.07,71.19,0,73.54,0.41,350.18,0.68,353.37
2023,3,11,23,0,0,0,0,0,0,0,0,3.99,-0.87,1.56,5,72.31,0,73.51,0.63,6.42,1.07,7.13
2023,3,12,0,0,0,0,0,0,0,0,0,3.9,-1.15,1.37,4.94,71.69,0,73.47,0.73,8.56,1.28,9.46
2023,3,12,1,0,0,0,0,0,0,0,0,3.99,-1.51,1.24,4.82,69.75,0,73.41,0.78,7.48,1.36,8.6
2023,3,12,2,0,0,0,0,0,0,0,0,4.03,-1.99,1.02,4.64,67.25,0,73.35,0.82,5.44,1.4,6.09
2023,3,12,3,0,0,0,0,0,0,0,0,4.13,-2.67,0.73,4.46,63.44,0,73.31,0.86,1.56,1.37,1.96
2023,3,12,4,0,0,0,0,0,0,0,0,4.19,-3.36,0.41,4.21,59.81,0,73.32,0.85,358.95,1.29,359.65
2023,3,12,5,0,0,0,0,0,0,0,0,4.15,-3.92,0.12,4.03,57.38,0,73.36,0.86,0.52,1.27,0.7
2023,3,12,6,0.03,0.03,0.13,2.77,3.35,0.39,0,0,4.26,-4.2,0.04,3.91,55.69,0,73.42,0.86,3.64,1.27,3.53
2023,3,12,7,0.48,0.48,1.11,51.08,52.12,6.41,0.04,0.2,6.4,-1.97,2.22,4.76,58.5,0,73.48,0.65,6.19,1,5.84
2023,3,12,8,1.22,1.21,2.15,132.15,135,16.01,0.24,1.2,9.48,-3.01,3.23,4.33,43.31,0,73.53,0.41,208.52,0.5,208.97
2023,3,12,9,1.95,2.04,3.05,224.58,234.9,28.29,0.65,3.23,11.6,-2.67,4.47,4.52,38.75,0,73.56,1.9,193.58,2.36,193.62
2023,3,12,10,2.39,2.64,3.72,281.27,306.67,36.58,1.03,5.35,13.1,-1.84,5.63,4.76,37.12,0,73.55,2.8,197.02,3.52,197.03
2023,3,12,11,2.7,3,4.13,318.38,349.25,41.97,1.31,6.88,14.04,-1.31,6.37,4.94,36.31,0,73.51,3.51,200.74,4.39,200.95
2023,3,12,12,2.97,3.3,4.25,359.42,391.77,49.66,1.66,8.65,14.29,-0.74,6.78,5.13,37.12,0,73.45,3.94,204.12,4.97,204.23
2023,3,12,13,2.74,3.07,4.07,326.5,361.62,44.34,1.41,7.38,13.89,-0.01,6.94,5.37,39.88,0,73.39,4.12,207.2,5.24,207.25
2023,3,12,14,2.18,2.56,3.6,255.75,295.27,33.71,0.95,4.95,13.08,0.78,6.94,5.68,44.06,0,73.34,3.97,209.9,5.06,209.93
2023,3,12,15,1.63,1.83,2.88,183.98,204.33,23.17,0.51,2.55,12.21,1.22,6.72,5.8,48,0,73.32,3.52,209.81,4.51,209.81
2023,3,12,16,0.89,1.03,1.96,95.92,111.12,11.98,0.17,0.85,11.05,1.31,6.19,5.86,52,0,73.32,3.03,208.28,3.96,208.23
2023,3,12,17,0.31,0.34,0.93,32.42,36.23,4.19,0.02,0.1,9.07,2.49,5.78,6.41,65.25,0,73.35,1.81,206.34,2.66,206.19
2023,3,12,18,0,0,0,0,0,0,0,0,7.4,2.02,4.71,6.16,70.38,0.04,73.39,1.35,205.68,2.04,205.59
2023,3,12,19,0,0,0,0,0,0,0,0,7.4,1.28,4.34,5.8,66.31,0.02,73.44,0.97,207.8,1.34,207.76
2023,3,12,20,0,0,0,0,0,0,0,0,6.56,1.23,3.9,5.8,70.31,0.01,73.48,0.27,205.82,0.28,208.74
2023,3,12,21,0,0,0,0,0,0,0,0,5.67,0.88,3.28,5.68,72.94,0,73.5,0.04,90,0.27,31.83
2023,3,12,22,0,0,0,0,0,0,0,0,4.89,0.45,2.67,5.49,74.75,0.01,73.51,0.34,28.93,0.77,26.04
2023,3,12,23,0,0,0,0,0,0,0,0,4.4,0.1,2.25,5.37,75.38,0.01,73.5,0.5,21.8,0.98,21.04
2023,3,13,0,0,0,0,0,0,0,0,0,4.08,-0.58,1.75,5.13,73.75,0.02,73.5,0.51,13.19,0.97,14.04
2023,3,13,1,0,0,0,0,0,0,0,0,3.73,-1.38,1.18,4.88,71.75,0.03,73.49,0.54,5.79,0.98,7.35
2023,3,13,2,0,0,0,0,0,0,0,0,3.43,-2.29,0.57,4.58,69.31,0.03,73.47,0.6,0,1.05,2.14
2023,3,13,3,0,0,0,0,0,0,0,0,3.12,-3.22,-0.06,4.33,66.88,0.02,73.44,0.76,359.41,1.27,2.46
2023,3,13,4,0,0,0,0,0,0,0,0,2.61,-4.2,-0.79,4.09,65.25,0.01,73.42,0.93,3.37,1.55,5.19
2023,3,13,5,0,0,0,0,0,0,0,0,2.28,-5.2,-1.46,3.85,62.69,0.01,73.42,1.06,5.92,1.76,7.38
2023,3,13,6,0.04,0.03,0.14,3.35,3.55,0.45,0,0,2.29,-5.77,-1.74,3.72,60.44,0.01,73.43,1.11,6.07,1.86,7.24
2023,3,13,7,0.5,0.51,1.13,54.1,54.95,6.78,0.04,0.2,5.09,-3.17,0.96,4.7,63.12,0,73.47,0.9,1.99,1.5,4.47
2023,3,13,8,1.24,1.3,2.17,135.77,144.67,16.49,0.25,1.23,8.58,-5.21,1.69,4.15,44,0,73.51,0.34,258.18,0.39,263.16
2023,3,13,9,1.87,2.09,3.06,214.08,237.3,27.1,0.61,3.05,10.94,-4.71,3.11,4.21,38.19,0,73.5,1.75,202.8,2.16,202.95
2023,3,13,10,2.27,2.71,3.74,267.85,312.73,35.26,0.98,5.15,12.54,-3.39,4.57,4.46,36.31,0,73.47,2.81,198.79,3.53,198.88
2023,3,13,11,2.56,3.1,4.15,306.77,360.88,41.08,1.28,6.58,13.53,-2.13,5.7,4.82,36.44,0.01,73.43,3.66,199.21,4.58,199.21
2023,3,13,12,2.24,2.88,4.26,260.4,323.27,32.31,1.01,5.1,13.73,-0.77,6.48,5.19,38.94,0.05,73.36,4.15,200.96,5.23,200.93
2023,3,13,13,1.79,2.64,4.08,209.12,295.33,25.43,0.76,3.9,13.31,0.51,6.91,5.62,43.19,0.12,73.29,4.22,203.81,5.33,203.75
2023,3,13,14,1.41,2.16,3.62,163.1,239.52,19.8,0.52,2.67,12.36,1.27,6.81,5.92,48.19,0.17,73.22,4.03,207.26,5.12,207.27
2023,3,13,15,0.96,1.57,2.89,109.05,171.05,13.12,0.28,1.42,11.3,1.58,6.44,6.04,52.75,0.18,73.18,3.71,209.97,4.77,210.09
2023,3,13,16,0.56,0.88,1.97,62.73,93.95,7.49,0.11,0.52,9.97,1.8,5.89,6.1,58.56,0.15,73.18,3.11,211.97,4.11,212.12
2023,3,13,17,0.18,0.3,0.95,20.02,32.58,2.4,0.02,0.05,8.44,2.97,5.7,6.77,71.62,0.12,73.19,1.88,213.29,2.71,213.37
2023,3,13,18,0,0,0,0,0,0,0,0,6.87,2.79,4.83,6.65,78.38,0.04,73.21,1.32,213.88,2.09,213.87
2023,3,13,19,0,0,0,0,0,0,0,0,6.58,2.23,4.41,6.35,76.25,0.02,73.25,1.18,216.42,1.78,216.42
2023,3,13,20,0,0,0,0,0,0,0,0,6.33,1.83,4.08,6.1,75.19,0.02,73.29,1,222.46,1.43,222.78
2023,3,13,21,0,0,0,0,0,0,0,0,6.08,1.51,3.8,5.98,74.56,0.01,73.3,0.68,237.23,0.94,236.84
2023,3,13,22,0,0,0,0,0,0,0,0,5.33,1.36,3.34,5.92,77.81,0.01,73.3,0.38,274.67,0.54,275.79
2023,3,13,23,0,0,0,0,0,0,0,0,4.58,1.12,2.85,5.86,80.69,0,73.28,0.41,318.09,0.64,320.46
2023,3,14,0,0,0,0,0,0,0,0,0,3.7,0.8,2.25,5.74,84.19,0,73.24,0.57,340.08,0.96,340.97
2023,3,14,1,0,0,0,0,0,0,0,0,2.98,0.15,1.57,5.49,85.06,0,73.19,0.75,344.95,1.32,346.29
2023,3,14,2,0,0,0,0,0,0,0,0,2.49,-0.64,0.92,5.19,83.62,0,73.14,0.88,347.2,1.54,349.15
2023,3,14,3,0,0,0,0,0,0,0,0,2.34,-1.52,0.4,4.94,79.69,0,73.1,0.92,346.68,1.55,348.63
2023,3,14,4,0,0,0,0,0,0,0,0,2.22,-2.51,-0.15,4.58,75.25,0,73.09,0.95,351,1.58,352.91
2023,3,14,5,0,0,0,0,0,0,0,0,2.24,-3.57,-0.67,4.27,69.94,0,73.11,0.99,358.65,1.65,359.73
2023,3,14,6,0.04,0.04,0.15,3.1,3.9,0.43,0,0,2.75,-4.28,-0.77,4.09,64.25,0,73.15,0.95,0,1.55,0.29
2023,3,14,7,0.48,0.49,1.15,51.23,53.2,6.31,0.04,0.2,5.35,-2.59,1.38,4.82,63.12,0,73.2,0.57,345.02,0.95,351.47
2023,3,14,8,1.15,1.24,2.19,127.55,138.9,15.33,0.23,1.15,8.19,-2.36,2.91,4.76,51.56,0,73.26,1.12,223.3,1.39,223.4
2023,3,14,9,1.71,1.99,3.08,196.7,227.52,24.63,0.55,2.8,10.05,-1.57,4.24,4.94,47,0,73.28,2.32,209.07,2.92,209.31
2023,3,14,10,2.19,2.61,3.75,257.92,302.15,33.38,0.93,4.83,11.36,-0.91,5.23,5.13,44.62,0,73.26,3.26,207.06,4.09,207.15
2023,3,14,11,2.36,3.04,4.16,286.1,355.9,37.6,1.2,6.08,12.03,-0.19,5.92,5.31,44.5,0.01,73.22,3.95,209.41,4.96,209.51
2023,3,14,12,1.97,2.92,4.28,237.1,335.9,29.65,0.94,4.7,12.4,0.3,6.35,5.49,44.81,0.02,73.15,4.29,214.15,5.42,214.13
2023,3,14,13,1.69,2.67,4.1,200.9,302.3,25.2,0.76,3.9,12.19,0.54,6.37,5.62,46.19,0.04,73.08,4.42,218.25,5.61,218.27
2023,3,14,14,1.4,2.22,3.63,165.23,247.6,20.43,0.55,2.92,11.6,0.55,6.08,5.62,48.06,0.05,73.02,4.35,222.09,5.55,222.09
2023,3,14,15,0.94,1.6,2.91,105.88,173.8,12.63,0.27,1.33,10.76,0.44,5.6,5.55,50.5,0.04,72.98,4.03,224.53,5.2,224.45
2023,3,14,16,0.48,0.89,1.98,53.77,93.38,6.5,0.09,0.42,9.71,0.34,5.03,5.55,53.88,0.03,72.96,3.52,226.53,4.61,226.51
2023,3,14,17,0.18,0.28,0.91,19.92,30,2.5,0.01,0.05,7.82,1.23,4.53,5.98,66.31,0.02,72.97,2.17,227.77,3.13,226.92
2023,3,14,18,0.02,0.01,0.05,0.8,0.98,0.11,0,0,5.62,1.05,3.33,5.86,75.5,0.12,73.01,1.53,227.08,2.43,225.26
2023,3,14,19,0,0,0,0,0,0,0,0,5.42,0.63,3.03,5.68,73.81,0.09,73.05,1.35,230.62,2,229.59
2023,3,14,20,0,0,0,0,0,0,0,0,5.26,0.22,2.74,5.49,72.44,0.06,73.1,0.96,244.9,1.37,244.61
2023,3,14,21,0,0,0,0,0,0,0,0,4.43,-0.03,2.19,5.43,75.56,0.05,73.12,0.57,301.5,0.88,301.14
2023,3,14,22,0,0,0,0,0,0,0,0,3.19,-0.76,1.22,5.19,78.94,0.02,73.12,0.72,338.2,1.27,336.11
2023,3,14,23,0,0,0,0,0,0,0,0,2.29,-1.92,0.18,4.82,78.12,0.01,73.09,0.83,344.65,1.52,345.11
2023,3,15,0,0,0,0,0,0,0,0,0,1.84,-3.07,-0.61,4.39,74.19,0,73.05,0.91,347.15,1.67,348.95
2023,3,15,1,0,0,0,0,0,0,0,0,1.57,-4.09,-1.26,4.09,70.06,0,73,1.01,350.17,1.79,351.23
2023,3,15,2,0,0,0,0,0,0,0,0,1.32,-4.95,-1.81,3.85,66.81,0,72.95,1.09,350.94,1.92,351.57
2023,3,15,3,0,0,0,0,0,0,0,0,1.22,-5.53,-2.16,3.66,64.44,0,72.92,1.12,352.38,1.97,352.71
2023,3,15,4,0,0,0,0,0,0,0,0,1.08,-6.09,-2.5,3.48,62,0,72.92,1.14,354.49,1.99,354.13
2023,3,15,5,0,0,0,0,0,0,0,0,0.89,-6.67,-2.89,3.3,59.56,0,72.96,1.15,356.5,1.98,355.71
2023,3,15,6,0.04,0.04,0.16,3.48,4.33,0.48,0,0,0.96,-6.63,-2.84,3.3,59.38,0,73.03,1.13,357.61,1.96,357.04
2023,3,15,7,0.54,0.54,1.17,56.1,57.65,6.81,0.03,0.17,4.17,-3.84,0.17,4.27,60.69,0,73.11,0.95,347.22,1.52,350.83
2023,3,15,8,1.2,1.32,2.21,132.2,145.8,15.94,0.21,1.02,7.41,-4.97,1.23,4.03,45.56,0,73.17,0.88,258.19,1.09,257.56
2023,3,15,9,1.7,2.08,3.1,194.3,233.73,24.68,0.5,2.5,9.4,-4.01,2.7,4.27,42.69,0.01,73.2,2.2,218.21,2.75,218.3
2023,3,15,10,2.27,2.69,3.77,264.27,306.38,34.09,0.86,4.4,10.9,-2.75,4.07,4.58,41.44,0.07,73.18,3.27,211.72,4.1,211.75
2023,3,15,11,2.27,3.06,4.18,269.05,351.38,35.68,1.01,5.08,11.61,-1.6,5.01,4.94,42.31,0.21,73.15,3.98,211.45,5,211.38
2023,3,15,12,2.1,2.95,4.29,247.48,333.1,31.2,0.89,4.48,11.42,-0.5,5.46,5.31,45.81,0.35,73.09,4.13,214.14,5.21,214.12
2023,3,15,13,1.9,2.76,4.11,222.58,310.27,27.96,0.76,3.83,11.05,0.23,5.64,5.55,49.31,0.46,73.02,4.2,216.76,5.33,216.84
2023,3,15,14,1.38,2.3,3.64,165.1,255.38,20.41,0.5,2.52,10.31,0.7,5.51,5.74,53.5,0.57,72.95,4.13,218.78,5.28,218.82
2023,3,15,15,1.06,1.67,2.92,124.58,183.58,15.05,0.29,1.42,9.36,1.02,5.19,5.86,58.25,0.56,72.92,3.85,220.39,4.99,220.43
2023,3,15,16,0.57,0.9,1.99,62.35,94.27,7.51,0.09,0.42,8.41,1.06,4.73,5.86,62.12,0.41,72.91,3.33,221.01,4.43,221
2023,3,15,17,0.21,0.29,0.92,22.45,31.25,2.83,0.01,0.05,7.08,1.74,4.4,6.23,72.25,0.34,72.92,2.15,219.83,3.08,219.75
2023,3,15,18,0.02,0.01,0.05,0.98,1.08,0.14,0,0,5.23,1.75,3.48,6.23,82.25,0.35,72.96,1.51,219.77,2.59,219.5
2023,3,15,19,0,0,0,0,0,0,0,0,4.49,0.94,2.72,5.8,80.88,0.24,73.01,1.32,220.45,2.23,220.04
2023,3,15,20,0,0,0,0,0,0,0,0,4.29,0.36,2.33,5.55,78.06,0.16,73.07,1.02,221.27,1.63,221.11
2023,3,15,21,0,0,0,0,0,0,0,0,4.16,-0.05,2.06,5.37,76.31,0.1,73.11,0.64,225.5,0.98,225.32
2023,3,15,22,0,0,0,0,0,0,0,0,3.93,-0.31,1.81,5.25,76.12,0.08,73.13,0.38,256.83,0.52,254.29
2023,3,15,23,0,0,0,0,0,0,0,0,3.12,-0.61,1.26,5.13,78.94,0.07,73.13,0.42,324.83,0.61,324.89
2023,3,16,0,0,0,0,0,0,0,0,0,2.31,-0.92,0.69,5.07,81.81,0.05,73.12,0.63,340.44,0.97,341.27
2023,3,16,1,0,0,0,0,0,0,0,0,1.77,-1.29,0.24,4.88,82.81,0.15,73.09,0.77,339.72,1.21,340.05
2023,3,16,2,0,0,0,0,0,0,0,0,1.37,-1.77,-0.2,4.76,82.44,0.14,73.05,0.87,341.24,1.4,341.46
2023,3,16,3,0,0,0,0,0,0,0,0,0.91,-2.36,-0.73,4.58,81.94,0.13,73.02,1.01,352,1.66,351.87
2023,3,16,4,0,0,0,0,0,0,0,0,0.23,-3.2,-1.49,4.33,81.38,0,73.02,1.17,1.53,1.99,1.57
2023,3,16,5,0,0,0,0,0,0,0,0,-0.27,-4.21,-2.24,4.03,79.31,0,73.05,1.26,8.53,2.24,8.02
2023,3,16,6,0.06,0.05,0.18,4.88,5.83,0.66,0,0.02,-0.31,-4.76,-2.53,3.91,77.25,0,73.1,1.27,10.27,2.4,9.92
2023,3,16,7,0.58,0.67,1.19,69.1,79.02,8.38,0.05,0.25,3.44,-2.77,0.34,4.76,71,0,73.16,1.43,5.34,2.2,6.72
2023,3,16,8,1.26,1.5,2.23,156.23,183.98,19.79,0.3,1.45,7.08,-3.17,1.95,4.46,51.88,0,73.24,0.53,354.96,0.67,355.35
2023,3,16,9,1.98,2.25,3.12,247.23,278.1,32.2,0.71,3.6,9.5,-2.75,3.37,4.52,44.69,0,73.3,2.22,201.95,2.8,202.28
2023,3,16,10,2.24,2.88,3.79,282.15,352.08,38.86,1.09,5.77,10.22,-1.73,4.24,4.76,44.81,0,73.33,3.45,201.1,4.44,201.05
2023,3,16,11,2.56,3.28,4.19,319.83,394.95,45,1.41,7.15,10.9,-0.7,5.09,5.07,45.75,0.01,73.32,3.97,201.97,5.02,202.02
2023,3,16,12,2.49,3.37,4.31,311.42,404.25,43.7,1.42,7.1,11.2,-0.02,5.59,5.31,46.88,0.05,73.26,3.96,203.84,4.97,203.91
2023,3,16,13,1.95,3.11,4.12,242.5,368.65,33.88,1.05,5.33,11.23,0.2,5.72,5.37,47.44,0.12,73.19,4.06,206.02,5.12,205.98
2023,3,16,14,1.55,2.59,3.65,195.5,303.42,26.47,0.72,3.8,10.79,0.22,5.51,5.37,48.88,0.17,73.15,4.19,208.14,5.34,208.18
2023,3,16,15,1.1,1.85,2.93,135.6,213.08,17.78,0.39,1.95,9.59,0.16,4.88,5.37,52.69,0.21,73.13,3.89,210.27,5.06,210.25
2023,3,16,16,0.34,1.03,2,41.9,114.02,4.98,0.06,0.33,8.23,0.49,4.37,5.55,59.5,0.23,73.14,3,210.5,4.01,210.41
2023,3,16,17,0.21,0.31,0.93,24.42,34.4,3.08,0.02,0.08,6.44,2.08,4.26,6.35,77.38,0.22,73.18,1.71,212.09,2.59,210.67
2023,3,16,18,0.02,0.01,0.06,0.9,1.17,0.12,0,0,5.16,1.13,3.15,5.92,78.56,0.15,73.23,1.4,212.45,2.12,211
2023,3,16,19,0,0,0,0,0,0,0,0,4.8,0.42,2.61,5.55,76.19,0.12,73.31,1.27,214.76,1.83,214.37
2023,3,16,20,0,0,0,0,0,0,0,0,4.59,0.08,2.33,5.43,75.56,0.08,73.38,0.97,229.9,1.35,229.69
2023,3,16,21,0,0,0,0,0,0,0,0,3.98,0.17,2.07,5.49,79.56,0.04,73.43,0.48,271.88,0.67,274.65
2023,3,16,22,0,0,0,0,0,0,0,0,3.17,-0.13,1.52,5.37,82.25,0.01,73.42,0.41,332.95,0.67,331.65
2023,3,16,23,0,0,0,0,0,0,0,0,2.88,-0.39,1.24,5.25,82.44,0,73.39,0.53,342.1,0.92,341.72
2023,3,17,0,0,0,0,0,0,0,0,0,2.75,-0.86,0.94,5.07,80.31,0,73.34,0.72,339.01,1.21,342.38
2023,3,17,1,0,0,0,0,0,0,0,0,2.44,-1.65,0.4,4.82,77.38,0,73.28,0.81,343.83,1.4,344.1
2023,3,17,2,0,0,0,0,0,0,0,0,2.15,-2.66,-0.25,4.46,73.19,0,73.21,0.89,345.72,1.51,344.67
2023,3,17,3,0,0,0,0,0,0,0,0,2.02,-3.52,-0.74,4.15,69.38,0.01,73.16,0.87,351.21,1.45,350.08
2023,3,17,4,0,0,0,0,0,0,0,0,1.94,-4.3,-1.18,3.91,65.69,0.01,73.15,0.84,354.66,1.35,353.7
2023,3,17,5,0,0,0,0,0,0,0,0,1.46,-5.13,-1.84,3.72,64.06,0,73.17,0.85,356.29,1.32,355.94
2023,3,17,6,0.03,0.04,0.19,2.42,3.9,0.3,0,0,1.54,-5.43,-1.95,3.6,62.25,0,73.22,0.87,359.48,1.38,359.02
2023,3,17,7,0.35,0.44,1.21,38.77,46.3,4.56,0.02,0.12,4.3,-3.36,0.47,4.39,62.19,0,73.29,0.59,339.89,0.84,343.25
2023,3,17,8,0.83,1.1,2.25,93.7,116.73,11.23,0.16,0.75,6.87,-2.6,2.14,4.76,56.19,0,73.35,1.2,226.58,1.48,226.71
2023,3,17,9,1.36,1.83,3.14,155.9,201.52,19.05,0.38,1.92,8.88,-2.1,3.39,4.82,49.88,0,73.37,2.29,214.29,2.86,214.43
2023,3,17,10,1.69,2.5,3.8,201.62,283.5,25.12,0.64,3.3,10.51,-1.43,4.55,5,46.19,0,73.36,3.15,209.87,3.98,209.88
2023,3,17,11,1.81,2.86,4.21,221.73,327.12,28.18,0.8,4.02,11.46,-0.61,5.43,5.25,45.75,0,73.33,3.95,208.44,4.98,208.5
2023,3,17,12,1.78,3.05,4.32,224.35,353.23,29.66,0.87,4.35,11.36,0.31,5.83,5.62,49,0.01,73.27,4.28,208.81,5.41,208.82
2023,3,17,13,1.56,2.75,4.14,193.15,312.98,25.09,0.69,3.48,10.86,1.11,5.98,5.92,53.38,0.05,73.21,4.15,210.43,5.25,210.38
2023,3,17,14,1.36,2.24,3.66,163.73,248.58,20.45,0.49,2.5,10.2,1.48,5.84,6.04,57.12,0.11,73.15,3.95,211.99,5.02,212.03
2023,3,17,15,0.92,1.43,2.94,105.77,151.42,12.27,0.23,1.12,9.33,1.68,5.51,6.16,61.38,0.17,73.12,3.68,212.95,4.7,212.92
2023,3,17,16,0.53,0.73,2.01,59.67,74.77,6.62,0.08,0.38,8.17,1.83,5.01,6.23,67.25,0.15,73.12,3.19,212.6,4.15,212.55
2023,3,17,17,0.14,0.23,0.94,15.55,24.6,1.77,0.01,0.02,6.75,2.03,4.39,6.35,75.56,0.13,73.13,2.27,210.79,3.12,210.87
2023,3,17,18,0.02,0.01,0.06,0.77,0.88,0.09,0,0,5.48,2.51,3.99,6.65,86.19,0.16,73.17,1.45,208.22,2.25,207.99
2023,3,17,19,0,0,0,0,0,0,0,0,5.06,2.45,3.76,6.59,88.31,0.15,73.22,1.36,207.01,2.2,206.84
2023,3,17,20,0,0,0,0,0,0,0,0,4.68,2.32,3.5,6.53,89.56,0.14,73.26,1.26,206.09,2.07,206.18
2023,3,17,21,0,0,0,0,0,0,0,0,4.3,2.03,3.16,6.35,89.5,0.13,73.27,1.15,205.87,1.8,206.34
2023,3,17,22,0,0,0,0,0,0,0,0,4.08,1.83,2.95,6.23,89.38,0.12,73.27,0.84,209.68,1.24,209.79
2023,3,17,23,0,0,0,0,0,0,0,0,3.68,1.59,2.63,6.1,90.44,0.09,73.25,0.42,237.2,0.66,232.72
2023,3,18,0,0,0,0,0,0,0,0,0,2.85,1.31,2.08,6.04,94.25,0.05,73.22,0.32,294.68,0.52,283.83
2023,3,18,1,0,0,0,0,0,0,0,0,2.19,0.99,1.59,5.92,96.75,0.03,73.18,0.49,323.5,0.8,320.55
2023,3,18,2,0,0,0,0,0,0,0,0,1.71,0.55,1.12,5.74,97.25,0.02,73.14,0.67,329.84,1.15,329.77
2023,3,18,3,0,0,0,0,0,0,0,0,1.51,-0.02,0.74,5.55,95.12,0.01,73.1,0.77,336.8,1.3,337.3
2023,3,18,4,0,0,0,0,0,0,0,0,1.37,-0.75,0.31,5.31,91.94,0.01,73.08,0.86,342.55,1.41,342.87
2023,3,18,5,0,0,0,0,0,0,0,0,1.25,-1.62,-0.19,5,87.88,0,73.09,0.93,347.94,1.5,347.7
2023,3,18,6,0.05,0.04,0.2,3.3,3.58,0.38,0,0,1.45,-2.31,-0.43,4.82,83.06,0.01,73.13,0.94,350.38,1.53,350.01
2023,3,18,7,0.39,0.38,1.23,38.88,39.95,4.47,0.02,0.1,4.48,-1.1,1.69,5.37,74.81,0.01,73.19,0.78,324.4,1.09,328.82
2023,3,18,8,0.96,1.01,2.27,97.67,103.85,11.13,0.14,0.7,6.9,-0.63,3.14,5.49,64.81,0.04,73.26,1.68,230.84,2.09,231.07
2023,3,18,9,1.49,1.73,3.16,161.92,185.48,18.92,0.37,1.83,8.55,-0.1,4.23,5.62,59.19,0.06,73.3,2.61,215.02,3.28,215.01
2023,3,18,10,1.86,2.44,3.82,215.8,272.8,26.57,0.66,3.42,9.87,0.65,5.26,5.8,56.19,0.05,73.31,3.23,210.35,4.08,210.4
2023,3,18,11,2.15,2.82,4.22,251.2,319.23,31.34,0.88,4.4,10.51,1.48,5.99,6.1,56.44,0.06,73.29,3.73,208.82,4.67,208.79
2023,3,18,12,1.76,2.86,4.34,212.73,320.27,26.68,0.77,3.83,10.53,2.08,6.3,6.35,58.56,0.13,73.22,3.96,209.65,4.97,209.67
2023,3,18,13,1.54,2.56,4.15,186.98,282.48,22.9,0.62,3.15,10.46,2.32,6.39,6.47,59.81,0.23,73.14,4.03,211.04,5.08,211.02
2023,3,18,14,0.91,2.05,3.68,113.48,222.42,13.51,0.31,1.6,10.09,2.36,6.23,6.47,61.38,0.33,73.06,3.98,212.41,5.04,212.41
2023,3,18,15,0.47,1.37,2.95,55.35,144.25,6.41,0.12,0.58,9.3,2.3,5.8,6.47,64.62,0.41,73.01,3.79,212.44,4.84,212.49
2023,3,18,16,0.21,0.71,2.02,22.52,73.3,2.59,0.03,0.15,8.16,2.42,5.29,6.53,70.56,0.56,73,3.35,212.13,4.35,212.09
2023,3,18,17,0.14,0.23,0.95,15.98,24.77,1.71,0.01,0.02,6.79,3.08,4.94,6.96,82.25,0.58,73.02,2.34,209.82,3.18,209.71
2023,3,18,18,0.02,0.01,0.06,0.75,0.95,0.09,0,0,5.12,3.57,4.34,7.32,97.31,0.17,73.07,1.4,207.57,2.29,207
2023,3,18,19,0,0,0,0,0,0,0,0,4.62,3.29,3.95,7.14,98.44,0.14,73.13,1.37,207.44,2.21,206.93
2023,3,18,20,0,0,0,0,0,0,0,0,4.54,3.25,3.89,7.14,98.69,0.15,73.2,1.25,208.01,1.97,208.39
2023,3,18,21,0,0,0,0,0,0,0,0,4.47,3.24,3.85,7.08,98.81,0.21,73.23,1.06,210.53,1.64,211.2
2023,3,18,22,0,0,0,0,0,0,0,0,4.35,3.26,3.81,7.08,99.38,0.24,73.21,0.84,213.99,1.32,214.16
2023,3,18,23,0,0,0,0,0,0,0,0,4.32,3.26,3.8,7.08,99.31,0.26,73.17,0.65,218.12,1.01,217.76
2023,3,19,0,0,0,0,0,0,0,0,0,4.28,3.26,3.76,7.02,99.44,0.29,73.11,0.34,225.94,0.58,222.27
2023,3,19,1,0,0,0,0,0,0,0,0,3.8,3.17,3.49,7.02,100,0.3,73.04,0.1,270,0.22,245.22
2023,3,19,2,0,0,0,0,0,0,0,0,3.34,3.01,3.18,6.9,100,0.32,72.97,0.18,322.13,0.27,305.54
2023,3,19,3,0,0,0,0,0,0,0,0,3.04,2.8,2.92,6.84,100,0.29,72.94,0.22,325.18,0.36,325.62
2023,3,19,4,0,0,0,0,0,0,0,0,2.99,2.62,2.8,6.71,100,0.23,72.94,0.21,322.7,0.36,325.62
2023,3,19,5,0,0,0,0,0,0,0,0,3.04,2.45,2.75,6.59,100,0.12,72.97,0.15,329.53,0.26,332.65
2023,3,19,6,0.04,0.04,0.21,2.38,3.7,0.27,0,0,3.12,2.35,2.74,6.53,100,0.12,73.03,0.05,26.57,0.12,28.3
2023,3,19,7,0.16,0.38,1.25,18.7,39.77,2.22,0.02,0.05,5.13,2.84,3.98,6.77,89.88,0.15,73.07,0.26,112.75,0.35,113.7
2023,3,19,8,0.42,0.99,2.29,50.9,104.67,6.22,0.09,0.42,7.31,2.3,4.81,6.53,74.38,0.14,73.11,0.98,158.96,1.24,160.54
2023,3,19,9,0.56,1.75,3.17,71.9,191.48,9.36,0.2,0.95,9,2.1,5.55,6.41,65.5,0.12,73.13,2.21,177.98,2.79,178.4
2023,3,19,10,0.52,2.33,3.84,71.45,260.12,9.38,0.23,1.17,9.77,2.58,6.18,6.65,64.25,0.11,73.15,2.98,181.65,3.74,181.8
2023,3,19,11,0.98,2.69,4.24,128.75,303.75,16.67,0.45,2.27,9.9,3.02,6.47,6.9,65.88,0.09,73.11,3.45,182.86,4.33,182.9
2023,3,19,12,1.38,3.41,4.35,193.23,412.23,29.46,0.89,4.48,9.62,3.48,6.55,7.08,69.31,0.09,73.05,3.88,186.94,4.9,187.05
2023,3,19,13,1.31,3.03,4.16,178.2,360.88,25.87,0.74,3.75,9.03,3.69,6.36,7.2,73,0.09,72.96,4,188.32,5.09,188.38
2023,3,19,14,1.23,2.47,3.69,161.33,289.25,22.7,0.58,2.92,8.38,3.92,6.15,7.26,77.19,0.07,72.9,4.15,190.42,5.34,190.45
2023,3,19,15,0.88,1.71,2.96,110.52,194.45,15.2,0.3,1.45,7.32,4.14,5.73,7.39,84.38,0.05,72.87,3.81,189.56,4.94,189.55
2023,3,19,16,0.47,0.92,2.03,58.85,101.9,7.63,0.09,0.42,6.6,4.23,5.41,7.51,89.62,0.04,72.85,3.12,186.61,4.07,186.62
2023,3,19,17,0.22,0.29,0.96,24.98,32.73,3.05,0.01,0.05,5.9,4.12,5.01,7.45,93.69,0.04,72.85,2.35,182.85,3.14,182.99
2023,3,19,18,0.02,0.01,0.07,1,1.27,0.14,0,0,5.04,4.15,4.6,7.57,100,0.11,72.87,1.65,179.73,2.31,180.19
2023,3,19,19,0,0,0,0,0,0,0,0,4.87,4.22,4.54,7.63,100,0.16,72.94,1.66,180.81,2.38,181.13
2023,3,19,20,0,0,0,0,0,0,0,0,4.62,4.1,4.37,7.63,100,0.13,73,1.34,180.67,2.07,179.57
2023,3,19,21,0,0,0,0,0,0,0,0,4.3,3.74,4.02,7.45,100,0.12,73.01,0.96,166.41,1.44,161.66
2023,3,19,22,0,0,0,0,0,0,0,0,3.79,3.21,3.5,7.2,100,0.1,72.98,0.64,152.5,0.91,139.18
2023,3,19,23,0,0,0,0,0,0,0,0,3.42,2.68,3.05,6.96,100,0.1,72.92,0.5,124.92,0.75,106.36
2023,3,20,0,0,0,0,0,0,0,0,0,3.08,2.09,2.58,6.65,100,0.13,72.86,0.5,98,0.85,77.76
2023,3,20,1,0,0,0,0,0,0,0,0,2.92,1.49,2.2,6.35,97.75,0.14,72.8,0.49,83.56,0.92,63.65
2023,3,20,2,0,0,0,0,0,0,0,0,2.82,0.96,1.89,6.04,94.31,0.1,72.74,0.59,71.57,1.12,60.21
2023,3,20,3,0,0,0,0,0,0,0,0,2.89,0.58,1.73,5.86,90.88,0.06,72.68,0.69,70.13,1.17,65.65
2023,3,20,4,0,0,0,0,0,0,0,0,2.95,0.46,1.71,5.8,89.56,0.03,72.67,0.58,79.14,0.99,75.42
2023,3,20,5,0,0,0,0,0,0,0,0,2.83,0.6,1.72,5.86,91.5,0.02,72.69,0.44,74.48,0.84,70.38
2023,3,20,6,0.05,0.04,0.23,4.05,4.7,0.52,0,0,2.84,0.75,1.8,5.98,93.06,0.01,72.73,0.44,50.71,0.85,51.34
2023,3,20,7,0.34,0.44,1.27,39.45,48.75,4.9,0.03,0.15,3.7,0.79,2.24,5.98,87.81,0.01,72.79,0.75,47.97,1.01,48.44
2023,3,20,8,0.74,1.12,2.31,88.33,124.7,11.48,0.16,0.83,4.69,1.51,3.1,6.29,85.75,0.01,72.85,0.81,116.32,1.02,115.39
2023,3,20,9,0.95,1.85,3.19,119.62,209.85,15.96,0.34,1.73,5.49,2.63,4.06,6.71,86.94,0.02,72.88,1.69,152.13,2.14,152.31
2023,3,20,10,1.08,2.48,3.85,141.25,287.42,19.45,0.52,2.62,6.22,3.4,4.81,7.02,86.44,0.04,72.87,2.83,166.61,3.65,166.62
2023,3,20,11,1.15,2.85,4.25,153.73,332.45,21.2,0.61,3.05,6.87,3.59,5.23,7.08,82.75,0.07,72.84,3.98,173.46,5.15,173.47
2023,3,20,12,1.55,3.55,4.36,216.67,437.88,34,1.05,5.33,7.02,3.48,5.25,6.96,80.81,0.16,72.78,4.38,178.57,5.66,178.65
2023,3,20,13,1.13,3.31,4.17,162.58,405.92,25.82,0.77,3.88,6.61,3.16,4.88,6.77,81.12,0.28,72.72,4.25,187.39,5.5,187.43
2023,3,20,14,1,2.78,3.7,140.23,337.95,21.5,0.56,2.85,5.94,2.77,4.36,6.65,82.88,0.44,72.67,3.78,195.59,4.87,195.53
2023,3,20,15,0.72,2.01,2.97,98.2,238.98,14.72,0.3,1.52,5.52,2.36,3.94,6.47,83.25,0.59,72.65,3.1,196.84,3.95,196.89
2023,3,20,16,0.34,1.14,2.04,45.45,131.17,6.74,0.09,0.42,5.04,2.05,3.55,6.35,84.81,0.67,72.65,2.44,189.76,3.09,189.75
2023,3,20,17,0.09,0.37,0.97,9.83,41.25,1.47,0.01,0.02,4.13,1.99,3.06,6.41,90.5,0.66,72.66,1.84,179.76,2.36,179.62
2023,3,20,18,0.02,0.02,0.07,1.15,1.58,0.17,0,0,3.11,2.12,2.62,6.53,99.06,0.9,72.7,1.07,168.2,1.48,168.39
2023,3,20,19,0,0,0,0,0,0,0,0,2.71,2.16,2.44,6.53,100,0.9,72.74,0.69,162.8,1,157.86
2023,3,20,20,0,0,0,0,0,0,0,0,2.5,2.02,2.26,6.47,100,0.82,72.79,0.51,157.38,0.71,145.27
2023,3,20,21,0,0,0,0,0,0,0,0,2.23,1.76,1.99,6.35,100,0.73,72.82,0.35,157.96,0.45,138.53
2023,3,20,22,0,0,0,0,0,0,0,0,1.78,1.33,1.55,6.1,100,0.69,72.82,0.2,164.36,0.2,128.66
2023,3,20,23,0,0,0,0,0,0,0,0,1.31,0.9,1.11,5.92,100,0.68,72.8,0.03,180,0.06,29.74
2023,3,21,0,0,0,0,0,0,0,0,0,0.95,0.48,0.72,5.74,100,0.62,72.76,0.1,331.39,0.14,326.31
2023,3,21,1,0,0,0,0,0,0,0,0,0.58,0.09,0.33,5.62,100,0.57,72.71,0.21,306.03,0.33,300.26
2023,3,21,2,0,0,0,0,0,0,0,0,0.33,-0.23,0.05,5.49,100,0.58,72.64,0.3,330.07,0.48,332.59
2023,3,21,3,0,0,0,0,0,0,0,0,0.22,-0.59,-0.18,5.31,99.62,0.61,72.59,0.45,345.96,0.75,350.44
2023,3,21,4,0,0,0,0,0,0,0,0,0.18,-0.99,-0.41,5.13,96.88,0.62,72.58,0.53,348.86,0.84,352.02
2023,3,21,5,0,0,0,0,0,0,0,0,0.14,-1.36,-0.61,5,94.38,0.56,72.62,0.52,345.34,0.84,345.96
2023,3,21,6,0.05,0.05,0.24,4.12,5.3,0.54,0,0,0.34,-1.42,-0.54,5,92.62,0.55,72.69,0.46,337.83,0.74,340.22
2023,3,21,7,0.27,0.46,1.29,32.73,51.02,4.39,0.02,0.12,2.65,-0.25,1.2,5.43,85.5,0.38,72.77,0.22,282.53,0.29,287.45
2023,3,21,8,0.82,1.08,2.33,96.05,119.12,12.29,0.17,0.85,5.05,0.37,2.7,5.62,74.56,0.22,72.86,1.17,193.94,1.48,194.99
2023,3,21,9,1.27,1.71,3.21,145.35,188.4,18.88,0.39,1.92,6.61,0.83,3.73,5.74,68.88,0.15,72.9,2.15,194.94,2.75,195.5
2023,3,21,10,1.49,2.31,3.87,178.3,259,23.54,0.59,3,7.8,1.37,4.58,5.98,65.81,0.17,72.92,3.07,198.57,3.88,198.65
2023,3,21,11,1.6,2.79,4.27,204.4,320.8,28.01,0.8,4.05,8.41,1.76,5.08,6.1,64.88,0.23,72.91,3.91,201.23,4.97,201.2
2023,3,21,12,1.33,2.89,4.37,177.65,333.45,25.29,0.75,3.8,8.38,2.08,5.23,6.29,66.56,0.2,72.87,4.35,204.63,5.57,204.62
2023,3,21,13,0.97,2.54,4.18,131.45,285.8,18.14,0.49,2.52,7.9,2.19,5.05,6.35,69.31,0.23,72.81,4.44,208.37,5.69,208.43
2023,3,21,14,0.64,2.05,3.71,91.33,226.48,11.99,0.28,1.45,7.39,2.16,4.77,6.35,71.81,0.32,72.76,4.33,211.28,5.58,211.31
2023,3,21,15,0.48,1.4,2.98,64.92,150.05,8.43,0.16,0.77,6.79,2.01,4.4,6.29,74.44,0.33,72.74,3.87,213.31,5,213.39
2023,3,21,16,0.31,0.77,2.05,40.25,81.62,5.14,0.06,0.3,5.94,1.87,3.9,6.29,78.5,0.31,72.73,3.15,211.84,4.1,211.84
2023,3,21,17,0.23,0.26,0.98,24.92,27.85,3.09,0.02,0.05,4.76,2,3.38,6.41,86.81,0.31,72.73,2.04,208.82,2.82,208.84
2023,3,21,18,0.02,0.01,0.08,1.2,1.23,0.16,0,0,3.19,2.23,2.71,6.65,100,0.34,72.76,1.07,206.38,1.81,205.9
2023,3,21,19,0,0,0,0,0,0,0,0,2.68,2.1,2.39,6.59,100,0.32,72.82,1.02,210.29,1.69,209.65
2023,3,21,20,0,0,0,0,0,0,0,0,2.37,1.96,2.16,6.53,100,0.29,72.87,0.96,214.08,1.61,213.92
2023,3,21,21,0,0,0,0,0,0,0,0,2.06,1.73,1.9,6.41,100,0.24,72.9,0.92,223.62,1.57,224.4
2023,3,21,22,0,0,0,0,0,0,0,0,1.76,1.45,1.6,6.29,100,0.19,72.89,0.91,235.9,1.54,237.44
2023,3,21,23,0,0,0,0,0,0,0,0,1.44,1.26,1.35,6.23,100,0.13,72.87,0.81,250.35,1.34,251.35
2023,3,22,0,0,0,0,0,0,0,0,0,0.98,1,0.99,6.1,100,0.07,72.82,0.74,271.81,1.2,272.23
2023,3,22,1,0,0,0,0,0,0,0,0,0.13,0.37,0.25,5.86,100,0.04,72.76,0.84,298.23,1.36,298.77
2023,3,22,2,0,0,0,0,0,0,0,0,-0.63,-0.62,-0.63,5.55,100,0.02,72.71,1.02,314.38,1.65,314.81
2023,3,22,3,0,0,0,0,0,0,0,0,-1.15,-1.83,-1.49,5.19,100,0.01,72.67,1.09,326.42,1.77,326.52
2023,3,22,4,0,0,0,0,0,0,0,0,-1.52,-2.95,-2.24,4.76,100,0.01,72.66,1.12,337.38,1.82,337.51
2023,3,22,5,0,0,0,0,0,0,0,0,-1.93,-4.03,-2.99,4.39,98.75,0,72.68,1.19,346.69,1.93,346.87
2023,3,22,6,0.05,0.04,0.25,4.23,4.5,0.48,0,0,-1.8,-4.73,-3.26,4.21,92.69,0,72.72,1.24,351.31,2.03,352.27
2023,3,22,7,0.38,0.43,1.31,42.98,45.67,5.27,0.03,0.17,1.59,-3.56,-0.99,4.58,78.19,0,72.79,1.21,337.24,1.68,338.2
2023,3,22,8,0.94,1.08,2.35,99.85,111.95,12,0.18,0.88,5.27,-1.86,1.71,4.94,64.94,0,72.85,1.52,252.68,1.9,253.05
2023,3,22,9,1.41,1.79,3.23,155.25,189.55,18.91,0.4,2.02,7.27,-1.2,3.03,5.13,58.5,0,72.87,2.71,224.53,3.44,224.54
2023,3,22,10,1.76,2.46,3.89,197.15,269.2,25.31,0.66,3.38,8.65,-0.41,4.12,5.37,55.94,0,72.87,3.65,219,4.72,219.09
2023,3,22,11,1.84,2.69,4.28,211.52,294.25,26.97,0.78,3.92,9.4,0.49,4.94,5.68,56.38,0.01,72.86,4.29,219.31,5.51,219.31
2023,3,22,12,2.28,3.48,4.39,288.55,413.7,41.88,1.34,6.77,9.48,1.1,5.29,5.92,58.44,0.09,72.83,4.54,222.63,5.81,222.6
2023,3,22,13,1.99,3.26,4.19,257.45,387,37.31,1.16,5.85,9.19,1.37,5.28,6.04,60.69,0.17,72.78,4.47,226.06,5.71,226.05
2023,3,22,14,1.61,2.75,3.72,205.9,322.33,29.43,0.8,4.12,8.62,1.31,4.96,6.04,62.88,0.26,72.73,4.31,228.89,5.55,228.88
2023,3,22,15,1.17,2.04,2.99,147.1,235.38,20.64,0.45,2.23,8.1,1.13,4.62,5.98,64.5,0.28,72.69,4,231.74,5.17,231.81
2023,3,22,16,0.6,1.21,2.06,72.8,135,10.04,0.14,0.67,7.46,0.9,4.18,5.92,66.44,0.19,72.66,3.53,233.18,4.65,233.13
2023,3,22,17,0.19,0.4,0.99,21.62,42.7,3.02,0.02,0.08,5.93,1.08,3.5,6.04,75.19,0.16,72.65,2.35,231.49,3.34,231.47
2023,3,22,18,0.02,0.02,0.08,1.55,1.9,0.23,0,0,3,0.98,1.98,6.04,92.62,0.27,72.64,1.23,232.25,2.31,232.43
2023,3,22,19,0,0,0,0,0,0,0,0,2.13,0.5,1.32,5.8,94.75,0.23,72.65,0.98,241.79,1.83,241.68
2023,3,22,20,0,0,0,0,0,0,0,0,1.84,0.12,0.98,5.62,94.06,0.18,72.67,0.83,264.61,1.37,263.77
2023,3,22,21,0,0,0,0,0,0,0,0,1.14,-0.5,0.32,5.43,95.69,0.12,72.69,0.85,300.33,1.35,300.57
2023,3,22,22,0,0,0,0,0,0,0,0,0.28,-1.37,-0.55,5.19,96.62,0.06,72.69,1.07,328.75,1.74,328.82
2023,3,22,23,0,0,0,0,0,0,0,0,-0.41,-2.47,-1.44,4.82,94.56,0.01,72.67,1.19,342.4,2,342.49
2023,3,23,0,0,0,0,0,0,0,0,0,-0.85,-3.55,-2.2,4.39,90.38,0,72.63,1.25,347.35,2.14,347.79
2023,3,23,1,0,0,0,0,0,0,0,0,-1.11,-4.58,-2.85,4.09,85.12,0,72.58,1.29,349.85,2.21,350
2023,3,23,2,0,0,0,0,0,0,0,0,-1.34,-5.5,-3.42,3.78,80.62,0,72.53,1.32,352.2,2.26,352.23
2023,3,23,3,0,0,0,0,0,0,0,0,-1.56,-6.37,-3.96,3.54,76.94,0,72.49,1.36,355.7,2.29,355.5
2023,3,23,4,0,0,0,0,0,0,0,0,-1.66,-7.12,-4.39,3.36,73.38,0,72.5,1.37,354.09,2.28,353.7
2023,3,23,5,0,0,0,0,0,0,0,0,-1.76,-7.82,-4.79,3.17,69.75,0,72.55,1.36,353.08,2.26,352.85
2023,3,23,6,0.09,0.11,0.27,8.38,11.15,1.16,0.01,0.02,-1.45,-7.61,-4.53,3.23,69.56,0,72.61,1.36,356.38,2.28,356.86
2023,3,23,7,0.81,0.89,1.33,93.05,103.15,11.03,0.08,0.38,2.28,-5.2,-1.46,3.97,64.69,0,72.68,1.31,351.44,1.95,351.93
2023,3,23,8,1.56,1.77,2.37,185.23,210.2,24.13,0.38,1.9,6.37,-3.32,1.53,4.33,53,0,72.76,1.01,266.01,1.24,266.4
2023,3,23,9,2.11,2.55,3.24,258.73,304.77,35.78,0.84,4.23,8.83,-1.73,3.55,4.88,50.06,0,72.8,2.68,222.16,3.41,222.31
2023,3,23,10,2.48,3.14,3.9,310.12,376.73,44.14,1.28,6.58,10.12,-0.38,4.87,5.37,50.5,0,72.83,3.68,215.92,4.78,216.08
2023,3,23,11,2.65,3.48,4.29,332.08,419.73,48.46,1.56,7.88,10.8,1.14,5.97,5.92,53.56,0,72.84,4.33,213.6,5.61,213.65
2023,3,23,12,2.12,3.44,4.4,265.95,406.1,38.05,1.25,6.27,10.7,2.27,6.48,6.41,58.06,0.01,72.83,4.62,215.65,5.93,215.72
2023,3,23,13,1.82,3.28,4.2,234.4,388.3,33.45,1.06,5.38,10.24,2.73,6.49,6.59,61.75,0.09,72.8,4.6,219.48,5.9,219.47
2023,3,23,14,1.42,2.83,3.73,183.65,335.02,26.12,0.74,3.85,9.65,2.84,6.25,6.65,64.81,0.34,72.76,4.51,221.49,5.81,221.4
2023,3,23,15,0.97,2.16,3,122.67,254.27,17.16,0.38,1.95,8.83,2.8,5.81,6.65,68.5,0.43,72.74,4.17,223.63,5.44,223.6
2023,3,23,16,0.56,1.34,2.07,68.55,155.05,9.34,0.13,0.65,7.88,2.77,5.33,6.65,73.12,0.47,72.74,3.64,224.57,4.83,224.48
2023,3,23,17,0.18,0.49,1,20.73,54.98,2.79,0.02,0.08,6.51,2.96,4.74,6.77,81.75,0.53,72.77,2.45,222.54,3.42,222.41
2023,3,23,18,0.02,0.02,0.08,1.55,2.3,0.23,0,0,4.51,2.9,3.7,6.9,95.19,0.26,72.8,1.19,219.95,2.11,219.75
2023,3,23,19,0,0,0,0,0,0,0,0,3.74,2.62,3.18,6.71,98.44,0.21,72.84,0.95,223.33,1.84,223.11
2023,3,23,20,0,0,0,0,0,0,0,0,3.31,2.16,2.73,6.53,98.06,0.16,72.9,0.84,229.51,1.53,228.92
2023,3,23,21,0,0,0,0,0,0,0,0,3.26,1.77,2.51,6.29,95.56,0.12,72.94,0.71,239.79,1.12,239.51
2023,3,23,22,0,0,0,0,0,0,0,0,3.08,1.46,2.26,6.16,94.94,0.08,72.96,0.56,274.83,0.8,274.48
2023,3,23,23,0,0,0,0,0,0,0,0,2.31,0.97,1.64,6.04,97.5,0.05,72.97,0.64,319.93,0.97,320.25
2023,3,24,0,0,0,0,0,0,0,0,0,1.5,0.21,0.85,5.74,98.88,0.03,72.96,0.8,336.95,1.26,336.94
2023,3,24,1,0,0,0,0,0,0,0,0,1.01,-0.56,0.23,5.49,97.75,0.02,72.92,0.88,341.4,1.41,341.57
2023,3,24,2,0,0,0,0,0,0,0,0,0.6,-1.42,-0.41,5.19,95.25,0.01,72.88,0.95,349.06,1.51,349.27
2023,3,24,3,0,0,0,0,0,0,0,0,0.37,-2.27,-0.95,4.88,91.38,0.01,72.85,0.94,347.57,1.49,346.98
2023,3,24,4,0,0,0,0,0,0,0,0,0.06,-3.06,-1.5,4.64,88.12,0.01,72.86,0.98,347.07,1.55,346.88
2023,3,24,5,0,0,0,0,0,0,0,0,-0.17,-3.74,-1.95,4.39,85,0,72.89,1.01,350.17,1.6,349.57
2023,3,24,6,0.09,0.1,0.28,8.05,10.85,1.11,0.01,0.02,0.3,-3.88,-1.79,4.33,80.81,0,72.93,0.99,350.46,1.58,350.3
2023,3,24,7,0.68,0.84,1.35,80.9,98.25,10.17,0.08,0.38,3.33,-1.99,0.67,5.07,76.56,0,73.01,0.8,328.65,1.1,330.51
2023,3,24,8,1.3,1.72,2.39,156.12,204.5,20.88,0.34,1.73,6.36,0.57,3.46,5.86,71.69,0,73.08,1.78,238.61,2.23,238.31
2023,3,24,9,1.84,2.52,3.26,226.45,300.42,31.64,0.77,3.83,8.18,1.68,4.93,6.23,66.81,0,73.14,2.72,224.3,3.45,224.36
2023,3,24,10,2.15,3.13,3.92,268.62,373.62,38.86,1.16,5.9,9.31,2.17,5.74,6.35,63.44,0,73.15,3.22,219.18,4.11,219.22
2023,3,24,11,2.29,3.5,4.31,289.8,419.23,42.72,1.41,7.1,10.01,2.58,6.3,6.47,61.94,0.01,73.14,3.74,217.95,4.75,217.98
2023,3,24,12,2.2,3.48,4.41,275.67,413.85,39.12,1.3,6.55,10.33,2.81,6.57,6.59,61.44,0.03,73.1,4.16,217.21,5.3,217.21
2023,3,24,13,1.87,3.3,4.21,242.62,393.27,34.57,1.1,5.58,10.64,2.93,6.79,6.65,60.56,0.11,73.04,4.41,216.42,5.64,216.38
2023,3,24,14,1.52,2.84,3.74,189.02,336.77,26.66,0.74,3.83,10.49,2.94,6.71,6.65,61.19,0.14,72.99,4.53,216.02,5.84,215.97
2023,3,24,15,1.03,2.19,3.01,132.12,260.02,18.56,0.42,2.12,9.94,2.85,6.4,6.59,63.12,0.15,72.98,4.48,216.35,5.83,216.29
2023,3,24,16,0.57,1.37,2.08,71.1,160.45,9.86,0.15,0.73,8.87,2.68,5.77,6.53,67.12,0.14,72.99,3.96,216.17,5.27,216.07
2023,3,24,17,0.23,0.52,1.01,26.83,57.98,3.53,0.02,0.08,7.57,2.94,5.25,6.71,75.31,0.14,73.01,2.62,215.06,3.69,214.66
2023,3,24,18,0.02,0.02,0.09,1.73,2.48,0.26,0,0,5.19,2.64,3.91,6.65,88.25,0.15,73.05,1.29,211.68,2.42,210.46
2023,3,24,19,0,0,0,0,0,0,0,0,4,1.8,2.9,6.23,89.88,0.13,73.1,1.1,211.1,2.17,210.26
2023,3,24,20,0,0,0,0,0,0,0,0,3.51,1.05,2.27,5.86,87.56,0.12,73.15,1.07,214.62,1.92,214.53
2023,3,24,21,0,0,0,0,0,0,0,0,3.41,0.58,1.99,5.68,85,0.09,73.21,0.91,231.26,1.49,231.15
2023,3,24,22,0,0,0,0,0,0,0,0,3.31,0.32,1.82,5.55,84.25,0.06,73.22,0.66,271.36,1.01,269.56
2023,3,24,23,0,0,0,0,0,0,0,0,2.49,0.07,1.28,5.49,87.94,0.04,73.22,0.67,314.53,1.06,313.81
2023,3,25,0,0,0,0,0,0,0,0,0,1.87,-0.27,0.8,5.37,89.88,0.01,73.19,0.85,333.67,1.39,333.58
2023,3,25,1,0,0,0,0,0,0,0,0,1.24,-0.87,0.19,5.19,90.5,0,73.15,1,339.86,1.68,339.88
2023,3,25,2,0,0,0,0,0,0,0,0,0.65,-1.86,-0.6,4.88,88.88,0,73.11,1.13,343.57,1.92,342.97
2023,3,25,3,0,0,0,0,0,0,0,0,0.23,-3.1,-1.43,4.52,85,0,73.09,1.22,347.39,2.08,346.54
2023,3,25,4,0,0,0,0,0,0,0,0,-0.02,-4.36,-2.19,4.15,79.88,0,73.1,1.25,349.6,2.15,348.44
2023,3,25,5,0,0,0,0,0,0,0,0,-0.23,-5.39,-2.81,3.85,75.5,0,73.14,1.29,351.62,2.19,350.54
2023,3,25,6,0.09,0.09,0.3,8,9.83,1.09,0,0.02,0.12,-5.59,-2.73,3.85,73.38,0,73.2,1.32,350.82,2.23,350.93
2023,3,25,7,0.72,0.74,1.37,78.2,81.02,9.4,0.07,0.33,3.72,-3.35,0.19,4.7,69.38,0,73.27,1.28,340.46,1.9,342.01
2023,3,25,8,1.57,1.71,2.4,181.83,200.48,23.13,0.38,1.85,7.28,-1.25,3.01,5.13,58.88,0,73.32,1.72,261.91,2.16,261.9
2023,3,25,9,2.17,2.49,3.28,258.85,294.08,34.65,0.81,4.08,9.53,0.2,4.87,5.55,54.94,0,73.34,2.8,238.13,3.55,238.3
2023,3,25,10,2.58,3.09,3.93,311.4,365.5,42.85,1.23,6.3,11.11,1.12,6.11,5.92,52.44,0,73.33,3.41,229.93,4.39,229.99
2023,3,25,11,2.81,3.45,4.32,339,408.45,47.47,1.51,7.67,12.32,2.05,7.19,6.29,51.44,0,73.3,4.01,225.63,5.15,225.68
2023,3,25,12,2.47,3.36,4.42,298.1,393.92,40.52,1.29,6.58,12.86,2.78,7.82,6.59,52.12,0.01,73.25,4.51,224.65,5.78,224.67
2023,3,25,13,1.99,3.18,4.23,242.8,372.88,33.16,1.02,5.15,12.72,3.35,8.04,6.84,54.69,0.04,73.18,4.61,224.79,5.92,224.79
2023,3,25,14,1.66,2.76,3.75,202.1,323.55,27.15,0.75,3.92,12.3,3.82,8.06,7.08,58,0.09,73.11,4.59,225.07,5.92,225
2023,3,25,15,1.23,2.1,3.02,147.95,244.52,19.55,0.43,2.17,11.52,4.09,7.81,7.26,62.31,0.11,73.08,4.36,227.25,5.71,227.16
2023,3,25,16,0.82,1.31,2.08,94.12,150.23,11.93,0.16,0.83,10.66,4.12,7.4,7.26,66.31,0.12,73.09,3.84,229.7,5.11,229.59
2023,3,25,17,0.29,0.48,1.02,31.62,52.62,3.98,0.02,0.1,9.21,4.48,6.84,7.57,75.88,0.11,73.11,2.36,229.98,3.35,229.44
2023,3,25,18,0.03,0.02,0.09,2.08,2.4,0.29,0,0,6.61,4.15,5.37,7.45,89.06,0.03,73.12,1.14,230.85,2.12,227.98
2023,3,25,19,0,0,0,0,0,0,0,0,5.9,3.46,4.68,7.02,88.44,0.03,73.17,1.01,232.86,1.8,231.88
2023,3,25,20,0,0,0,0,0,0,0,0,5.78,3.19,4.48,6.9,87.5,0.02,73.23,0.9,242.54,1.49,242.49
2023,3,25,21,0,0,0,0,0,0,0,0,5.28,2.96,4.12,6.77,89.5,0.02,73.27,0.81,259.45,1.33,259.82
2023,3,25,22,0,0,0,0,0,0,0,0,4.65,2.63,3.64,6.65,91.81,0.02,73.27,0.77,286.42,1.27,285.66
2023,3,25,23,0,0,0,0,0,0,0,0,4.12,2.21,3.17,6.47,92.75,0.02,73.25,0.84,310.08,1.37,308.76
2023,3,26,0,0,0,0,0,0,0,0,0,3.53,1.62,2.57,6.23,93.06,0.01,73.2,0.91,322.64,1.52,321.48
2023,3,26,1,0,0,0,0,0,0,0,0,3.1,0.87,1.98,5.92,91.25,0.01,73.15,0.98,325.68,1.64,324.72
2023,3,26,2,0,0,0,0,0,0,0,0,2.73,-0.03,1.34,5.62,88.25,0,73.1,1.04,326.07,1.76,324.76
2023,3,26,3,0,0,0,0,0,0,0,0,2.39,-1.11,0.64,5.25,84.25,0,73.07,1.07,331.19,1.79,329.64
2023,3,26,4,0,0,0,0,0,0,0,0,2.01,-2.24,-0.11,4.82,80.31,0,73.05,1.11,336.7,1.85,334.95
2023,3,26,5,0,0,0,0,0,0,0,0,1.54,-3.35,-0.91,4.52,77.06,0,73.07,1.16,338.63,1.95,336.62
2023,3,26,6,0.09,0.1,0.31,8.3,11.15,1.14,0.01,0.02,1.65,-3.75,-1.05,4.33,74,0,73.1,1.16,339.49,2.02,337.99
2023,3,26,7,0.82,0.84,1.39,89.62,93.2,10.39,0.08,0.38,5.51,-1.7,1.9,5.19,66.88,0,73.16,1.28,321.45,1.84,323.47
2023,3,26,8,1.6,1.72,2.42,183.3,198.95,23.09,0.38,1.88,8.73,-1.89,3.42,5.07,52.56,0,73.21,2.25,256.98,2.87,256.95
2023,3,26,9,2.27,2.54,3.29,267.88,295.92,35.65,0.85,4.25,10.72,-2.15,4.29,4.94,45,0,73.22,3.38,234.59,4.38,234.66
2023,3,26,10,2.62,3.16,3.95,312.9,369.6,43.15,1.27,6.45,12.24,-1.97,5.14,4.94,40.56,0,73.21,4.24,228.21,5.53,228.21
2023,3,26,11,3.07,3.53,4.34,368.4,413.9,51.33,1.66,8.55,13.31,-1.56,5.88,4.94,38.06,0,73.17,4.86,225.39,6.29,225.35
2023,3,26,12,3.06,3.58,4.43,367.25,419.17,51.01,1.67,8.67,13.86,-1.32,6.26,5,36.81,0,73.12,5.29,224.52,6.85,224.45
2023,3,26,13,3,3.4,4.24,358.15,400.05,49.62,1.56,8,13.91,-1.06,6.43,5,37,0,73.06,5.44,225.64,7.05,225.58
2023,3,26,14,2.54,2.96,3.76,303.73,349.02,41.51,1.16,5.92,13.54,-0.86,6.33,5.07,38.12,0,73,5.35,227.19,6.96,227.14
2023,3,26,15,1.89,2.29,3.03,224.6,270.3,29.87,0.66,3.27,12.76,-0.86,5.95,5,39.88,0,72.96,5.1,228.79,6.69,228.79
2023,3,26,16,1.17,1.46,2.09,137.12,171.08,17.3,0.24,1.2,11.55,-1.06,5.24,4.94,42.38,0,72.95,4.49,232.07,5.98,232.01
2023,3,26,17,0.46,0.58,1.03,50.8,65.8,5.9,0.03,0.12,9.31,0.14,4.73,5.49,54.88,0,72.96,2.66,233,3.85,232.92
2023,3,26,18,0.03,0.03,0.09,2.62,2.88,0.36,0,0,6.05,0.26,3.15,5.55,69.44,0,72.99,1.59,236.62,2.82,236.18
2023,3,26,19,0,0,0,0,0,0,0,0,5.53,-0.32,2.61,5.31,68.31,0,73.02,1.32,247.69,2.2,247.63
2023,3,26,20,0,0,0,0,0,0,0,0,5.26,-0.77,2.25,5.07,67.12,0,73.05,1.1,263.08,1.78,263.69
2023,3,26,21,0,0,0,0,0,0,0,0,4.63,-0.99,1.82,5,68.88,0,73.06,1.03,284.46,1.72,285.05
2023,3,26,22,0,0,0,0,0,0,0,0,3.87,-1.25,1.31,4.88,71.25,0,73.03,1.05,296.95,1.84,297.33
2023,3,26,23,0,0,0,0,0,0,0,0,3.22,-1.61,0.8,4.76,72.5,0,72.99,1.11,300,1.93,300.09
2023,3,27,0,0,0,0,0,0,0,0,0,2.76,-2,0.38,4.64,72.75,0,72.95,1.13,301.37,1.96,301.47
2023,3,27,1,0,0,0,0,0,0,0,0,2.3,-2.42,-0.06,4.52,72.88,0,72.89,1.15,304.23,2,304.31
2023,3,27,2,0,0,0,0,0,0,0,0,1.76,-2.93,-0.59,4.33,73.06,0,72.85,1.18,308.84,2.05,309.27
2023,3,27,3,0,0,0,0,0,0,0,0,1.22,-3.54,-1.17,4.15,72.81,0,72.82,1.18,317.42,2.01,317.68
2023,3,27,4,0,0,0,0,0,0,0,0,0.38,-4.32,-1.97,3.97,73.31,0,72.82,1.25,331.68,2.13,332.21
2023,3,27,5,0,0,0,0,0,0,0,0,-0.74,-5.27,-3,3.72,75.12,0,72.85,1.37,343.83,2.39,344.05
2023,3,27,6,0.11,0.13,0.33,10.67,13.42,1.38,0.01,0.02,-0.8,-5.54,-3.17,3.72,75.69,0,72.9,1.48,351.48,2.6,352.23
2023,3,27,7,0.92,0.93,1.41,101.15,104.2,11.56,0.08,0.4,3.4,-4.88,-0.74,3.97,59.25,0,72.97,1.78,352.19,2.47,352.74
2023,3,27,8,1.69,1.83,2.44,192.85,210.25,24.59,0.38,1.92,7.39,-5.56,0.91,3.72,42.25,0,73.04,1.73,273.37,2.16,273.11
2023,3,27,9,2.39,2.64,3.31,279.35,304.83,37.53,0.86,4.25,10.01,-6.77,1.62,3.36,32.12,0,73.08,2.91,236.48,3.71,236.41
2023,3,27,10,2.97,3.25,3.96,348.8,376.7,48.16,1.34,6.8,11.67,-6.47,2.6,3.36,28.75,0,73.09,3.81,226,4.92,226.03
2023,3,27,11,3.19,3.61,4.35,377.73,419.42,52.98,1.64,8.38,12.76,-5.85,3.46,3.48,27.75,0,73.09,4.53,222.13,5.82,222.12
2023,3,27,12,3.08,3.66,4.45,364.4,423.83,51.04,1.62,8.23,13.26,-5.29,3.98,3.66,28,0,73.07,4.98,221.06,6.4,221.09
2023,3,27,13,2.95,3.48,4.25,348.35,402.35,48.4,1.46,7.4,13.26,-4.74,4.26,3.78,29.25,0,73.02,5.1,220.9,6.55,220.84
2023,3,27,14,2.49,3.02,3.77,292.9,349.2,40.22,1.07,5.42,12.83,-4.12,4.36,3.97,31.56,0,72.98,4.96,220.91,6.39,220.94
2023,3,27,15,1.97,2.33,3.03,228.62,268.75,30.26,0.63,3.15,11.99,-3.45,4.27,4.21,35,0,72.96,4.64,221.39,6.02,221.42
2023,3,27,16,1.24,1.48,2.1,140.15,168.58,17.55,0.23,1.12,10.66,-2.97,3.85,4.33,39.25,0.01,72.96,4.05,223.05,5.34,223.1
2023,3,27,17,0.5,0.59,1.03,53.73,64.12,6.38,0.03,0.15,8.43,-1.59,3.42,4.82,51.38,0,72.99,2.54,223.26,3.61,223.6
2023,3,27,18,0.03,0.03,0.1,2.23,2.9,0.31,0,0,5.42,-0.77,2.33,5.19,67.44,0.03,73.01,1.53,223.55,2.56,224.13
2023,3,27,19,0,0,0,0,0,0,0,0,5.08,-1.52,1.78,4.82,64.38,0.03,73.04,1.31,228.88,1.96,229.52
2023,3,27,20,0,0,0,0,0,0,0,0,4.83,-2.09,1.37,4.58,62.5,0.02,73.07,1.01,242.24,1.44,243.57
2023,3,27,21,0,0,0,0,0,0,0,0,4.19,-2.45,0.87,4.46,63.62,0.01,73.09,0.75,265.24,1.11,266.78
2023,3,27,22,0,0,0,0,0,0,0,0,3.72,-2.94,0.39,4.33,63.62,0.01,73.09,0.71,293.2,1.07,295.07
2023,3,27,23,0,0,0,0,0,0,0,0,3.17,-3.22,-0.02,4.21,64.62,0.01,73.07,0.72,321.63,1.13,320.91
2023,3,28,0,0,0,0,0,0,0,0,0,2.49,-3.87,-0.69,4.03,65,0.01,73.03,0.82,329.04,1.28,329.22
2023,3,28,1,0,0,0,0,0,0,0,0,2.01,-4.61,-1.31,3.85,64,0.01,72.98,0.9,337.46,1.41,337.84
2023,3,28,2,0,0,0,0,0,0,0,0,1.65,-5.37,-1.86,3.66,62.19,0,72.93,0.95,339.33,1.49,339.76
2023,3,28,3,0,0,0,0,0,0,0,0,1.06,-6.09,-2.52,3.48,61.62,0,72.9,0.96,339.94,1.52,340.45
2023,3,28,4,0,0,0,0,0,0,0,0,0.58,-6.83,-3.13,3.3,60.38,0,72.89,1.05,348.02,1.69,348.02
2023,3,28,5,0,0,0,0,0,0,0,0,-0.01,-7.48,-3.74,3.11,60.12,0,72.92,1.15,354.52,1.89,354.31
2023,3,28,6,0.1,0.12,0.34,9.35,12.48,1.26,0,0.02,0.08,-6.99,-3.45,3.3,62.81,0,72.96,1.16,358.07,1.99,357.75
2023,3,28,7,0.81,0.85,1.43,85.1,91.52,10.04,0.07,0.35,3.8,-5.7,-0.95,3.85,56.5,0,73.01,1.23,350.9,1.74,352.27
2023,3,28,8,1.67,1.71,2.46,184.6,191.38,22.92,0.34,1.7,7.4,-7.02,0.19,3.54,40.12,0,73.06,1.44,249.3,1.76,249.24
2023,3,28,9,2.08,2.45,3.33,236.6,276.58,30.89,0.67,3.33,9.48,-5.74,1.87,3.78,37.38,0,73.08,2.73,219.66,3.42,219.72
2023,3,28,10,2.51,2.95,3.98,289.9,336.12,38.02,0.99,4.98,10.94,-3.8,3.57,4.21,37.75,0,73.1,3.71,213.39,4.73,213.35
2023,3,28,11,2.73,3.28,4.36,319,378.67,42.6,1.23,6.2,11.94,-1.94,5,4.7,39.44,0,73.11,4.45,213.24,5.7,213.15
2023,3,28,12,2.69,3.45,4.46,317.85,393.5,43.12,1.3,6.58,12.08,-0.8,5.64,5.07,41.88,0,73.09,4.74,214.4,6.05,214.37
2023,3,28,13,2.55,3.24,4.26,300.58,368.88,40.41,1.16,5.85,12.05,-0.38,5.83,5.19,43.12,0.04,73.04,5,215.53,6.42,215.55
2023,3,28,14,2.09,2.8,3.78,244.15,318.48,32.59,0.82,4.15,11.69,-0.37,5.66,5.19,44.06,0.07,73.01,5.28,217.24,6.87,217.23
2023,3,28,15,1.64,2.14,3.04,189.65,242.98,24.8,0.49,2.45,10.9,-0.59,5.15,5.07,45.56,0.08,72.98,5.14,219.08,6.78,219.15
2023,3,28,16,1.28,1.38,2.11,142,154.77,17.52,0.22,1.08,10,-0.87,4.56,4.94,47.38,0.07,72.98,4.55,221.59,6.06,221.66
2023,3,28,17,0.43,0.51,1.04,45.42,54,5.52,0.02,0.12,8.35,-0.19,4.08,5.31,56.38,0.06,73.01,2.88,222.69,4.05,222.89
2023,3,28,18,0.03,0.03,0.1,2.42,2.83,0.34,0,0,5.32,0.08,2.7,5.43,71.31,0.03,73.05,1.56,223.99,2.76,224.2
2023,3,28,19,0,0,0,0,0,0,0,0,4.8,-0.71,2.05,5.07,69.19,0.03,73.09,1.29,230.15,2.15,230.17
2023,3,28,20,0,0,0,0,0,0,0,0,4.79,-1.42,1.68,4.76,65.31,0.02,73.14,0.91,241.67,1.42,241.74
2023,3,28,21,0,0,0,0,0,0,0,0,4.51,-1.95,1.28,4.58,63.88,0.01,73.17,0.63,268.59,0.97,267.69
2023,3,28,22,0,0,0,0,0,0,0,0,4.03,-2.3,0.87,4.46,64.31,0.01,73.18,0.58,305.18,0.88,304.82
2023,3,28,23,0,0,0,0,0,0,0,0,3.23,-2.53,0.35,4.39,66.94,0.01,73.17,0.7,327.38,1.08,327.69
2023,3,29,0,0,0,0,0,0,0,0,0,2.79,-2.96,-0.09,4.27,66.94,0,73.15,0.86,335.3,1.34,335.53
2023,3,29,1,0,0,0,0,0,0,0,0,2.18,-3.44,-0.63,4.09,67.5,0,73.12,0.9,333.88,1.45,333.85
2023,3,29,2,0,0,0,0,0,0,0,0,1.66,-4,-1.17,3.97,67.31,0,73.1,0.95,336.18,1.56,336.01
2023,3,29,3,0,0,0,0,0,0,0,0,1.12,-4.67,-1.78,3.78,66.88,0,73.08,1.09,344.17,1.79,343.78
2023,3,29,4,0,0,0,0,0,0,0,0,-0.1,-5.46,-2.78,3.6,69.56,0,73.08,1.23,355.27,2.15,354.58
2023,3,29,5,0,0,0,0,0,0,0,0,-1.02,-6.51,-3.76,3.36,70.31,0,73.1,1.3,358.62,2.35,357.9
2023,3,29,6,0.12,0.14,0.36,11.1,13.9,1.47,0.01,0.02,-0.85,-6.52,-3.68,3.48,71.38,0,73.14,1.28,0,2.39,0.37
2023,3,29,7,0.91,0.95,1.45,98.83,105.25,11.47,0.09,0.42,3.33,-6.15,-1.41,3.66,55.44,0,73.2,1.68,358.14,2.32,358.84
2023,3,29,8,1.74,1.85,2.48,196.48,211.67,24.86,0.4,2,7.09,-6.9,0.09,3.36,39.06,0,73.24,0.98,282.93,1.21,282.33
2023,3,29,9,2.2,2.67,3.35,258.35,307.52,35.02,0.83,4.1,9.7,-6.27,1.72,3.48,33.69,0,73.25,2.28,226.67,2.86,226.99
2023,3,29,10,2.86,3.3,3.99,336.77,381.88,46.92,1.35,6.83,11.51,-4.85,3.33,3.78,32.5,0,73.25,3.6,216.45,4.62,216.75
2023,3,29,11,2.91,3.62,4.38,342.05,419.48,48.2,1.53,7.8,12.64,-3.48,4.58,4.09,33,0,73.23,4.49,213.99,5.74,214.12
2023,3,29,12,2.83,3.63,4.47,336.88,420.1,47.2,1.52,7.73,13.07,-2.42,5.32,4.46,34.5,0,73.2,4.94,214.29,6.29,214.22
2023,3,29,13,2.52,3.38,4.27,300.92,391.75,41.59,1.27,6.42,12.97,-1.74,5.61,4.64,36.44,0,73.15,4.87,215.73,6.2,215.77
2023,3,29,14,2.25,2.93,3.79,265.05,341,35.88,0.95,4.83,12.69,-1.48,5.6,4.76,37.81,0.01,73.1,4.84,216.46,6.21,216.45
2023,3,29,15,1.61,2.24,3.05,189.35,260.5,25.07,0.53,2.62,11.94,-1.42,5.26,4.76,39.88,0.01,73.07,4.81,215.47,6.24,215.36
2023,3,29,16,1,1.41,2.12,115,161.85,14.41,0.2,0.95,10.72,-1.57,4.58,4.7,42.69,0.02,73.08,4.43,215.37,5.83,215.35
2023,3,29,17,0.43,0.56,1.05,46.52,61.62,5.48,0.02,0.12,8.73,-0.81,3.96,5,52.19,0.01,73.12,2.89,215.2,4.03,215.05
2023,3,29,18,0.03,0.03,0.11,2.45,3.08,0.34,0,0,5.67,-0.19,2.74,5.31,68.06,0,73.16,1.58,214.55,2.69,213.74
2023,3,29,19,0,0,0,0,0,0,0,0,5.16,-1.06,2.05,4.94,65.75,0,73.21,1.37,215.23,2.14,214.44
2023,3,29,20,0,0,0,0,0,0,0,0,5.08,-1.7,1.69,4.7,62.81,0,73.27,1.05,217.72,1.56,217.27
2023,3,29,21,0,0,0,0,0,0,0,0,4.9,-2.1,1.4,4.52,61.44,0,73.31,0.65,221.58,0.9,221.14
2023,3,29,22,0,0,0,0,0,0,0,0,4.78,-2.22,1.28,4.52,61.56,0,73.32,0.22,239.74,0.31,237.53
2023,3,29,23,0,0,0,0,0,0,0,0,4.35,-2.55,0.9,4.39,62.06,0,73.3,0.13,356.63,0.17,349.22
2023,3,30,0,0,0,0,0,0,0,0,0,3.69,-2.81,0.44,4.27,63.5,0,73.27,0.3,4.51,0.44,6.12
2023,3,30,1,0,0,0,0,0,0,0,0,3.01,-2.96,0.02,4.27,65.88,0,73.22,0.48,358.12,0.74,358.79
2023,3,30,2,0,0,0,0,0,0,0,0,2.3,-3.35,-0.52,4.15,67.25,0,73.16,0.73,355.7,1.15,354.95
2023,3,30,3,0,0,0,0,0,0,0,0,1.37,-3.74,-1.19,4.03,70,0,73.11,0.96,354.38,1.61,353.87
2023,3,30,4,0,0,0,0,0,0,0,0,0.57,-4.31,-1.87,3.85,71.25,0,73.08,1.1,355.51,1.93,354.43
2023,3,30,5,0,0,0,0,0,0,0,0,-0.13,-5.09,-2.61,3.66,71,0,73.06,1.2,357.75,2.15,356.67
2023,3,30,6,0.11,0.12,0.38,10.4,12.48,1.38,0.01,0.02,0.23,-5.46,-2.62,3.6,68.06,0,73.07,1.27,357.17,2.25,357.81
2023,3,30,7,0.78,0.78,1.47,82.35,84.5,9.8,0.08,0.38,4.3,-4.59,-0.15,3.97,55.75,0,73.11,1.55,348.69,2.12,349.81
2023,3,30,8,1.63,1.66,2.5,182.35,186.48,22.38,0.36,1.8,7.99,-5.51,1.24,3.6,39.5,0,73.15,1.27,259.03,1.6,259.57
2023,3,30,9,2.23,2.36,3.36,257.65,270.58,32.87,0.76,3.77,10.37,-4.95,2.7,3.72,34.81,0,73.15,2.82,224.89,3.57,225.27
2023,3,30,10,2.68,2.99,4.01,312.55,345.77,41.28,1.16,5.88,12.06,-3.83,4.12,4.03,33.5,0,73.13,3.87,217.54,4.98,217.73
2023,3,30,11,2.97,3.38,4.39,352.2,394.38,47.58,1.48,7.58,13.08,-2.69,5.19,4.33,33.94,0,73.1,4.69,214.54,6.02,214.58
2023,3,30,12,2.56,3.4,4.48,308.15,394.35,41.67,1.33,6.8,13.37,-1.88,5.75,4.64,35.25,0,73.07,5.13,214.39,6.58,214.35
2023,3,30,13,2.05,3.2,4.28,246.58,369.58,33.47,1.02,5.2,13.19,-1.2,6,4.82,37.44,0,73.01,5.1,215.39,6.52,215.35
2023,3,30,14,1.69,2.69,3.79,201.35,306.95,26.66,0.73,3.75,12.76,-1.01,5.88,4.88,38.94,0,72.96,4.87,217.24,6.23,217.2
2023,3,30,15,1.18,2.03,3.06,137.95,229.52,17.98,0.4,1.98,12.08,-1.11,5.48,4.88,40.38,0,72.91,4.5,218.16,5.8,218.11
2023,3,30,16,0.86,1.34,2.13,96.25,150.67,11.98,0.16,0.83,11.04,-1.41,4.81,4.76,42.31,0,72.9,3.94,218.48,5.16,218.42
2023,3,30,17,0.34,0.51,1.06,36.7,55.08,4.6,0.02,0.12,9.03,-0.64,4.19,5.07,51.75,0,72.91,2.51,217.66,3.51,217.3
2023,3,30,18,0.03,0.03,0.11,2.4,3,0.34,0,0,6.27,-0.1,3.08,5.31,65.38,0.39,72.96,1.42,217.38,2.29,215.86
2023,3,30,19,0,0,0,0,0,0,0,0,6.15,-1.29,2.43,4.82,59.69,0.2,73.03,1.09,221.22,1.54,220.25
2023,3,30,20,0,0,0,0,0,0,0,0,6.13,-1.98,2.08,4.58,56.75,0.1,73.1,0.58,242.06,0.75,242.63
2023,3,30,21,0,0,0,0,0,0,0,0,5.17,-1.97,1.6,4.58,60.88,0.05,73.14,0.35,322.35,0.52,331.11
2023,3,30,22,0,0,0,0,0,0,0,0,4.19,-2.08,1.06,4.52,64.62,0.02,73.13,0.6,354.74,0.99,1.35
2023,3,30,23,0,0,0,0,0,0,0,0,3.49,-2.02,0.74,4.58,68.44,0.01,73.11,0.74,3.04,1.33,6.41
2023,3,31,0,0,0,0,0,0,0,0,0,3.3,-2.04,0.63,4.58,69.44,0,73.08,0.78,358.28,1.45,1.23
2023,3,31,1,0,0,0,0,0,0,0,0,3.21,-2.27,0.47,4.52,68.75,0,73.04,0.79,354.29,1.46,356.31
2023,3,31,2,0,0,0,0,0,0,0,0,3.18,-2.56,0.31,4.39,67.44,0,72.99,0.82,351.25,1.48,352.43
2023,3,31,3,0,0,0,0,0,0,0,0,3.18,-2.93,0.12,4.33,65.62,0,72.94,0.86,351.65,1.51,351.66
2023,3,31,4,0,0,0,0,0,0,0,0,3.28,-3.27,0.01,4.21,63.5,0,72.94,0.87,349.7,1.5,348.28
2023,3,31,5,0,0,0,0,0,0,0,0,3.07,-4.11,-0.52,3.91,60.19,0,72.97,0.89,349.38,1.45,347.54
2023,3,31,6,0.11,0.12,0.39,10.52,13.2,1.38,0.01,0.02,3.33,-4.17,-0.42,3.91,59.19,0.01,73.01,0.85,351.57,1.38,350.22
2023,3,31,7,0.63,0.78,1.49,69.48,84.85,8.77,0.09,0.4,6.27,-2.32,1.98,4.64,57.06,0,73.08,0.6,334.44,0.81,338.4
2023,3,31,8,1.17,1.51,2.52,134.33,166.08,16.82,0.3,1.5,8.9,-3.8,2.55,4.09,42.38,0,73.13,1.19,201.52,1.48,202.08
2023,3,31,9,1.72,2.19,3.38,200.15,244.9,24.89,0.62,3.2,10.75,-3.69,3.53,4.09,37.31,0,73.16,2.68,204.1,3.4,204.44
2023,3,31,10,2.12,2.73,4.02,247.38,310.05,31.73,0.93,4.77,12.1,-2.47,4.81,4.46,37.06,0.08,73.19,3.87,207.96,4.96,208.18
2023,3,31,11,2.06,3.14,4.4,247.05,359.27,32.02,1.04,5.17,12.68,-1.1,5.8,4.88,39.25,0.32,73.2,4.86,210.44,6.23,210.42
2023,3,31,12,1.48,3.14,4.49,183.42,358.42,24.48,0.8,4,12.13,0.19,6.15,5.37,44.69,0.84,73.18,5.2,209.92,6.69,209.92
2023,3,31,13,0.73,2.99,4.29,99.48,343.38,13.34,0.41,2.02,10.91,1.17,6.05,5.86,52.31,0.93,73.12,4.85,210.16,6.26,210.06
2023,3,31,14,0.63,2.51,3.8,78.23,283.6,9.94,0.26,1.3,9.3,1.95,5.62,6.23,62.06,0.72,73.06,4.19,211.73,5.43,211.7
2023,3,31,15,0.44,1.88,3.07,52.75,209.55,6.7,0.14,0.67,8.3,2.48,5.39,6.53,69.5,1.3,73,3.45,215.42,4.44,215.4
2023,3,31,16,0.24,1.1,2.14,25.83,119.83,3.21,0.04,0.23,7.82,2.64,5.23,6.59,73,1.04,72.98,2.65,224.64,3.39,224.72
2023,3,31,17,0.08,0.4,1.07,9.08,43.1,1.16,0.01,0.02,7.21,2.69,4.95,6.71,77.12,0.73,72.97,1.66,231.51,2.16,231.6
2023,3,31,18,0.02,0.02,0.11,1.6,2.48,0.21,0,0,5.26,2.37,3.82,6.59,86.5,0.42,72.97,0.83,228.81,1.25,228.54
2023,3,31,19,0,0,0,0,0,0,0,0,4.38,1.99,3.19,6.35,89.06,0.41,73.02,0.84,268.39,1.19,268.87
2023,3,31,20,0,0,0,0,0,0,0,0,3.41,1.56,2.49,6.16,92.88,0.31,73.08,0.96,296.15,1.44,297.12
2023,3,31,21,0,0,0,0,0,0,0,0,2.57,0.96,1.76,5.98,94.94,0.26,73.11,1.01,315,1.59,317.19
2023,3,31,22,0,0,0,0,0,0,0,0,2.33,0.26,1.3,5.74,92.5,0.15,73.1,1.02,331.07,1.67,334.16
2023,3,31,23,0,0,0,0,0,0,0,0,2.36,-0.56,0.9,5.43,87.5,0.05,73.05,1.02,340.73,1.7,344.31
2023,4,1,0,0,0,0,0,0,0,0,0,2.26,-1.67,0.3,5,81.44,0.03,72.99,0.96,344.5,1.57,345.27
2023,4,1,1,0,0,0,0,0,0,0,0,2.41,-2.46,-0.02,4.7,75.75,0.02,72.99,0.84,330.32,1.33,328.17
2023,4,1,2,0,0,0,0,0,0,0,0,2.25,-3.09,-0.42,4.52,73.62,0.01,72.99,0.74,320.12,1.18,317.68
2023,4,1,3,0,0,0,0,0,0,0,0,2.37,-3.07,-0.35,4.46,72.12,0,72.98,0.68,321.55,1.09,319.35
2023,4,1,4,0,0,0,0,0,0,0,0,2.44,-3.24,-0.4,4.39,70.25,0.01,72.97,0.64,332.18,1.04,330.15
2023,4,1,5,0,0,0,0,0,0,0,0,2.47,-3.57,-0.56,4.27,68.06,0.01,72.96,0.69,347.54,1.11,345.28
2023,4,1,6,0.09,0.09,0.41,8.7,9.8,0.98,0,0.02,2.74,-3.81,-0.54,4.21,65.88,0.03,72.97,0.8,347.05,1.24,347.98
2023,4,1,7,0.56,0.61,1.51,58.05,64.4,6.91,0.05,0.27,4.22,-2.56,0.83,4.82,68.31,0.05,73.02,0.62,323.13,0.95,329.2
2023,4,1,8,1.3,1.38,2.53,138.2,148.8,16.76,0.27,1.33,5.74,-3.48,1.13,4.58,58.44,0.04,73.07,0.99,241.21,1.3,240.98
2023,4,1,9,1.58,2.03,3.39,179.33,224.88,22.64,0.52,2.62,6.31,-3.06,1.63,4.76,58.06,0.05,73.11,1.69,221.44,2.16,221.63
2023,4,1,10,1.83,2.59,4.03,204.58,286.92,26.28,0.72,3.67,7.1,-2.28,2.4,4.94,57.19,0.13,73.11,1.92,216.4,2.42,216.46
2023,4,1,11,1.92,3.1,4.41,225.48,350.7,29.64,0.91,4.55,8.55,-1.36,3.59,5.13,54.12,0.36,73.06,2.37,213.17,2.95,213.23
2023,4,1,12,2.1,3.66,4.5,263.58,435.85,38.67,1.3,6.45,10.05,-0.55,4.75,5.43,51.31,0.71,72.98,3.36,211.4,4.18,211.46
2023,4,1,13,1.51,3.41,4.3,193.98,403.45,28.46,0.91,4.5,10.14,0.23,5.19,5.68,53.25,1.14,72.91,3.93,213.25,4.96,213.16
2023,4,1,14,1.08,2.87,3.81,142.77,335.23,20.61,0.58,2.95,9.31,0.9,5.11,5.86,58.56,1.59,72.85,3.93,217.01,5,217
2023,4,1,15,0.48,2.13,3.08,61.95,245.17,8.8,0.19,0.92,8.11,1.29,4.7,6.04,65.19,1.85,72.82,3.68,219.14,4.73,219.1
2023,4,1,16,0.23,1.26,2.15,27.27,140.6,3.64,0.05,0.25,6.89,1.61,4.25,6.23,72.69,1.81,72.8,3.33,218.13,4.39,218.13
2023,4,1,17,0.18,0.46,1.08,20.9,49.12,2.77,0.02,0.08,5.45,2.26,3.85,6.53,84.88,1.3,72.81,2.43,215.99,3.35,215.99
2023,4,1,18,0.03,0.03,0.12,2.17,2.85,0.31,0,0,3.91,2.61,3.26,6.84,98.94,0.44,72.83,1.31,218.45,2.16,218.11
2023,4,1,19,0,0,0,0,0,0,0,0,3.01,1.98,2.49,6.53,100,0.42,72.85,1.2,221.29,2.04,221.12
2023,4,1,20,0,0,0,0,0,0,0,0,2.64,1.72,2.18,6.41,100,0.4,72.87,1.16,226.09,1.89,226.01
2023,4,1,21,0,0,0,0,0,0,0,0,2.26,1.6,1.93,6.35,100,0.35,72.88,1.09,239.04,1.74,239.52
2023,4,1,22,0,0,0,0,0,0,0,0,1.85,1.32,1.58,6.23,100,0.28,72.87,1.02,254.05,1.6,255.28
2023,4,1,23,0,0,0,0,0,0,0,0,1.39,0.82,1.1,5.98,100,0.19,72.84,1.01,268.67,1.56,270
2023,4,2,0,0,0,0,0,0,0,0,0,0.92,0.13,0.52,5.74,100,0.12,72.81,1,284.04,1.54,285.95
2023,4,2,1,0,0,0,0,0,0,0,0,0.42,-0.76,-0.17,5.37,99.88,0.06,72.76,1.01,301.35,1.55,302.89
2023,4,2,2,0,0,0,0,0,0,0,0,0.05,-1.79,-0.88,5,95.69,0.03,72.7,1.06,312.02,1.64,313.65
2023,4,2,3,0,0,0,0,0,0,0,0,-0.19,-2.74,-1.46,4.7,91.12,0.01,72.65,1.06,322.2,1.62,323.24
2023,4,2,4,0,0,0,0,0,0,0,0,-0.45,-3.67,-2.06,4.39,87.25,0,72.61,1.07,334.55,1.62,335.53
2023,4,2,5,0,0,0,0,0,0,0,0,-0.82,-4.51,-2.67,4.15,84.56,0,72.61,1.08,343.54,1.64,343.98
2023,4,2,6,0.11,0.14,0.43,11.75,14.62,1.62,0.01,0.02,-0.49,-4.82,-2.66,4.15,81.94,0,72.65,1.12,346.64,1.72,347.67
2023,4,2,7,0.73,0.84,1.53,80.02,93.42,10.11,0.08,0.38,2.61,-2.7,-0.04,4.82,75.88,0,72.7,0.91,308.35,1.23,310.09
2023,4,2,8,1.39,1.74,2.55,162.38,202.4,21.52,0.34,1.73,4.99,-0.93,2.03,5.31,70.88,0,72.75,1.84,239.41,2.33,239.3
2023,4,2,9,1.84,2.52,3.41,222.2,297.95,30.65,0.7,3.48,6.7,-0.14,3.28,5.55,65.88,0,72.75,2.67,221.2,3.42,221.11
2023,4,2,10,2.29,3.12,4.05,281.25,372,39.77,1.1,5.55,7.96,0.71,4.33,5.86,63.62,0,72.75,3.43,214.6,4.43,214.64
2023,4,2,11,2.33,3.47,4.42,291.8,414.55,41.97,1.28,6.48,8.65,1.53,5.09,6.16,63.94,0.01,72.74,4.05,214.86,5.18,214.79
2023,4,2,12,2.2,3.61,4.51,275.95,433.17,41.09,1.3,6.52,8.36,2.11,5.23,6.41,67.56,0.09,72.72,4.29,218.27,5.49,218.24
2023,4,2,13,2.11,3.39,4.31,270.67,405.67,39.57,1.2,6.05,8.03,2.32,5.18,6.47,70,0.25,72.68,4.45,222.01,5.73,221.96
2023,4,2,14,1.58,2.89,3.82,202.45,343.83,29.23,0.78,3.98,7.91,2.26,5.08,6.47,70.44,0.48,72.64,4.48,224.29,5.8,224.29
2023,4,2,15,1.17,2.19,3.08,146.5,257.48,20.75,0.44,2.17,7.5,2.08,4.79,6.41,71.69,0.57,72.61,4.25,225.89,5.55,225.86
2023,4,2,16,0.69,1.32,2.15,85.35,150.08,11.92,0.16,0.8,6.75,2.01,4.38,6.41,75.31,0.45,72.62,3.81,226.99,5.05,227.01
2023,4,2,17,0.25,0.5,1.09,28.9,54.27,3.83,0.02,0.1,5.69,2.29,3.98,6.59,83.38,0.34,72.63,2.69,224.29,3.71,224.15
2023,4,2,18,0.03,0.03,0.12,2.7,3.2,0.4,0,0,3.71,2.4,3.05,6.77,98.88,0.14,72.65,1.3,220.86,2.29,220.98
2023,4,2,19,0,0,0,0,0,0,0,0,2.84,2.01,2.43,6.59,100,0.12,72.68,1.1,224.14,2.04,224.22
2023,4,2,20,0,0,0,0,0,0,0,0,2.44,1.59,2.01,6.35,100,0.09,72.72,0.97,235.8,1.76,235.32
2023,4,2,21,0,0,0,0,0,0,0,0,2.15,1.22,1.68,6.16,100,0.08,72.74,0.92,249.1,1.48,248.98
2023,4,2,22,0,0,0,0,0,0,0,0,1.73,0.89,1.31,6.04,100,0.07,72.73,0.82,272.18,1.28,271.75
2023,4,2,23,0,0,0,0,0,0,0,0,1.36,0.53,0.94,5.92,100,0.06,72.71,0.86,297.73,1.33,297.32
2023,4,3,0,0,0,0,0,0,0,0,0,0.97,-0.02,0.48,5.74,100,0.05,72.68,0.92,314.31,1.45,314.56
2023,4,3,1,0,0,0,0,0,0,0,0,0.83,-0.55,0.14,5.49,98.38,0.04,72.64,0.93,323.9,1.48,324.22
2023,4,3,2,0,0,0,0,0,0,0,0,0.73,-1.06,-0.17,5.25,95,0.03,72.61,0.91,330.8,1.47,330.71
2023,4,3,3,0,0,0,0,0,0,0,0,0.57,-1.55,-0.49,5.07,92.12,0.02,72.58,0.91,339.85,1.46,339.62
2023,4,3,4,0,0,0,0,0,0,0,0,0.36,-2.02,-0.83,4.82,89.81,0.01,72.59,0.95,347.22,1.55,347.16
2023,4,3,5,0,0,0,0,0,0,0,0,0.12,-2.62,-1.24,4.64,87.12,0,72.62,1.03,356.51,1.68,356.54
2023,4,3,6,0.14,0.15,0.45,13.92,16.35,1.88,0.01,0.02,0.7,-2.56,-0.93,4.7,84.94,0,72.67,1.06,0,1.78,2.51
2023,4,3,7,0.81,0.89,1.55,88.38,98.7,11.01,0.09,0.45,4.4,-0.63,1.89,5.49,76.38,0,72.73,0.82,331.74,1.15,334.3
2023,4,3,8,1.52,1.75,2.57,176.17,201.88,22.93,0.39,1.95,7.49,0.19,3.83,5.74,64.56,0,72.8,1.81,239.46,2.26,239.44
2023,4,3,9,2.19,2.56,3.42,263.12,301.2,35.91,0.87,4.35,9.29,0.55,4.92,5.8,58.06,0,72.84,2.73,222.68,3.46,222.8
2023,4,3,10,2.55,3.15,4.06,305.83,373.25,43,1.25,6.33,10.59,1.37,5.98,6.1,55.62,0,72.86,3.41,215.58,4.39,215.73
2023,4,3,11,2.81,3.49,4.44,345.05,415.35,48.86,1.55,7.95,11.37,2.29,6.83,6.41,55.69,0,72.87,4.12,214.11,5.28,214.14
2023,4,3,12,2.91,3.67,4.52,362.58,440.7,52.7,1.73,8.83,11.52,2.94,7.23,6.65,57.25,0.02,72.86,4.57,215.26,5.86,215.28
2023,4,3,13,2.42,3.43,4.31,304.3,413.08,43.89,1.38,6.98,11.32,3.08,7.2,6.71,58.44,0.06,72.83,4.88,217.33,6.31,217.35
2023,4,3,14,1.78,2.91,3.83,221.8,348.48,32.05,0.89,4.52,10.96,2.99,6.98,6.65,59.44,0.09,72.79,5.03,220.84,6.55,220.79
2023,4,3,15,1.17,2.2,3.09,143.88,260.33,19.88,0.44,2.17,10.74,2.76,6.75,6.59,59.38,0.1,72.77,4.85,224.74,6.35,224.75
2023,4,3,16,0.64,1.38,2.16,76.67,161,10.24,0.15,0.7,10.08,2.39,6.24,6.41,60.62,0.09,72.76,4.32,228.23,5.73,228.26
2023,4,3,17,0.25,0.57,1.1,28.33,65.17,3.71,0.02,0.1,8.75,2.58,5.66,6.59,67.75,0.08,72.79,2.93,228.67,4.11,228.55
2023,4,3,18,0.04,0.04,0.13,2.88,3.83,0.42,0,0,5.62,2.36,3.99,6.53,83.62,0.07,72.82,1.49,228.81,2.77,228.08
2023,4,3,19,0,0,0,0,0,0,0,0,4.55,1.69,3.12,6.16,85.38,0.06,72.86,1.26,231.78,2.42,231.28
2023,4,3,20,0,0,0,0,0,0,0,0,4.19,1.3,2.74,5.98,84.94,0.05,72.92,1.16,237.71,2.16,237.58
2023,4,3,21,0,0,0,0,0,0,0,0,4.12,0.88,2.5,5.8,82.81,0.07,72.96,1.08,242.32,1.85,242.35
2023,4,3,22,0,0,0,0,0,0,0,0,4.01,0.51,2.26,5.68,81.25,0.09,72.97,0.93,251.41,1.51,251
2023,4,3,23,0,0,0,0,0,0,0,0,3.69,0.25,1.97,5.55,81.62,0.1,72.96,0.78,260.82,1.25,259.95
2023,4,4,0,0,0,0,0,0,0,0,0,3.77,0.06,1.92,5.49,80.19,0.09,72.94,0.69,270.65,1.06,268.32
2023,4,4,1,0,0,0,0,0,0,0,0,3.5,-0.1,1.7,5.43,81,0.08,72.91,0.58,280.1,0.91,276.39
2023,4,4,2,0,0,0,0,0,0,0,0,3.25,-0.21,1.52,5.43,81.88,0.06,72.88,0.5,282.53,0.82,277.67
2023,4,4,3,0,0,0,0,0,0,0,0,2.84,-0.31,1.26,5.37,83.81,0.04,72.86,0.53,293.53,0.87,287.14
2023,4,4,4,0,0,0,0,0,0,0,0,2.03,-0.45,0.79,5.31,88,0.02,72.85,0.58,319.4,0.94,314.66
2023,4,4,5,0,0,0,0,0,0,0,0,1.25,-0.74,0.26,5.25,91.44,0.01,72.88,0.76,339.51,1.27,335.97
2023,4,4,6,0.14,0.18,0.46,15.2,19.38,2.05,0.01,0.02,1.51,-0.69,0.41,5.31,91.25,0,72.93,0.83,339.7,1.5,342.41
2023,4,4,7,0.88,0.92,1.57,97.62,103.85,11.88,0.11,0.52,5.43,0.33,2.88,5.8,75.5,0,73,0.9,303,1.24,303.19
2023,4,4,8,1.7,1.83,2.58,201.12,216.17,26.12,0.47,2.3,8.16,0.51,4.33,5.8,62.62,0,73.06,2.3,242.3,2.96,242.28
2023,4,4,9,2.22,2.6,3.44,268.08,311.35,36.88,0.92,4.62,10.22,0.64,5.43,5.8,54.31,0,73.09,3.57,234.36,4.64,234.46
2023,4,4,10,2.78,3.21,4.07,341.95,386.38,48.13,1.45,7.38,11.85,1.01,6.44,5.86,49.31,0.01,73.11,4.56,232.09,5.93,232.12
2023,4,4,11,3.09,3.57,4.45,383.75,430.8,55.04,1.82,9.35,12.85,1.26,7.05,5.92,46.69,0.09,73.1,5.42,232.92,7.03,232.9
2023,4,4,12,2.75,3.55,4.53,343.88,426.52,48.84,1.64,8.4,13.3,1.48,7.38,5.98,45.88,0.24,73.06,5.84,234.97,7.61,234.99
2023,4,4,13,2.14,3.39,4.32,268.38,406.6,38.66,1.24,6.33,13.42,1.67,7.55,6.04,46.06,0.22,73,5.96,237.14,7.81,237.17
2023,4,4,14,1.91,2.92,3.83,238.55,349,33.73,0.98,5.02,13.23,1.73,7.48,6.1,46.81,0.11,72.93,5.95,238.42,7.84,238.45
2023,4,4,15,1.45,2.24,3.1,177.42,266.9,24.62,0.57,2.85,12.65,1.51,7.08,5.98,47.75,0.09,72.89,5.74,239.21,7.62,239.28
2023,4,4,16,0.78,1.36,2.17,93.45,158.42,12.52,0.2,0.95,11.62,1.2,6.41,5.86,50,0.08,72.87,5.2,239.85,6.99,239.94
2023,4,4,17,0.26,0.49,1.11,31.62,54.67,4.08,0.02,0.12,9.78,1.58,5.68,6.1,58.62,0.07,72.89,3.67,239.73,5.16,239.94
2023,4,4,18,0.04,0.03,0.13,2.88,3.5,0.41,0,0,6.42,1.98,4.19,6.35,77.19,0.56,72.93,1.87,239.69,3.3,240.22
2023,4,4,19,0,0,0,0,0,0,0,0,5.3,1.89,3.59,6.29,82.75,0.36,72.98,1.52,236.31,2.87,238.34
2023,4,4,20,0,0,0,0,0,0,0,0,4.75,1.8,3.27,6.29,85.38,0.24,73.04,1.59,235.38,3.01,237.71
2023,4,4,21,0,0,0,0,0,0,0,0,4.34,1.63,2.99,6.16,86.81,0.16,73.08,1.52,237.78,2.9,239.35
2023,4,4,22,0,0,0,0,0,0,0,0,4.02,1.19,2.61,5.98,86,0.09,73.08,1.41,241.16,2.6,241.9
2023,4,4,23,0,0,0,0,0,0,0,0,3.87,0.69,2.28,5.74,83.69,0.04,73.05,1.31,246.8,2.27,247.06
2023,4,5,0,0,0,0,0,0,0,0,0,3.7,0.26,1.98,5.62,82.06,0.02,73,1.14,258.54,1.91,258.18
2023,4,5,1,0,0,0,0,0,0,0,0,3.18,-0.24,1.47,5.37,82.19,0.26,72.95,1.01,274.43,1.66,274.85
2023,4,5,2,0,0,0,0,0,0,0,0,2.44,-0.95,0.75,5.13,82.5,0.25,72.9,0.98,289.59,1.58,290.49
2023,4,5,3,0,0,0,0,0,0,0,0,1.76,-1.76,0,4.88,82.19,0.25,72.87,1.02,304.67,1.65,305.57
2023,4,5,4,0,0,0,0,0,0,0,0,1.03,-2.85,-0.91,4.58,80.94,0,72.86,1.1,322.48,1.8,323.28
2023,4,5,5,0,0,0,0,0,0,0,0,0.34,-4.13,-1.9,4.21,78.62,0,72.9,1.2,337.09,2.01,337.12
2023,4,5,6,0.17,0.2,0.48,18.42,20.83,2.45,0.01,0.02,0.62,-4.32,-1.85,4.33,79.5,0,72.95,1.34,346.13,2.23,347.23
2023,4,5,7,0.97,1.08,1.59,109.15,124.05,13.23,0.12,0.6,4.34,-3.52,0.41,4.76,67.31,0,73.02,1.33,340.39,1.86,341.64
2023,4,5,8,1.87,2.01,2.6,219.8,237.05,29.11,0.53,2.62,7.44,-3.92,1.76,4.58,51.94,0,73.07,1.55,258.07,1.94,257.92
2023,4,5,9,2.55,2.81,3.45,306.9,332.33,42.81,1.1,5.52,9.51,-3.26,3.13,4.7,46.38,0,73.1,2.49,232.01,3.16,232.22
2023,4,5,10,3.02,3.39,4.09,366.1,401.88,52.45,1.62,8.27,11.32,-2.14,4.58,4.94,43.19,0,73.11,3.57,224.47,4.6,224.66
2023,4,5,11,3.37,3.73,4.46,410.83,442.1,59.3,1.99,10.4,12.57,-0.92,5.83,5.25,42.31,0,73.1,4.44,222.14,5.71,222.17
2023,4,5,12,3.23,3.77,4.54,398.15,448.6,57.59,1.97,10.25,13.15,0.06,6.61,5.55,43,0.01,73.07,4.94,221.66,6.35,221.66
2023,4,5,13,2.94,3.56,4.33,356.55,424.4,51.52,1.67,8.62,13.31,0.81,7.06,5.8,44.25,0.02,73.02,5.02,222.23,6.46,222.26
2023,4,5,14,2.52,3.09,3.84,307.77,368.92,43.55,1.26,6.5,13.05,1.32,7.19,5.92,46.12,0.12,72.98,4.93,223.46,6.36,223.46
2023,4,5,15,1.85,2.39,3.11,223.75,283.17,30.66,0.7,3.5,12.41,1.45,6.94,5.98,48.31,0.44,72.96,4.81,224.08,6.26,224.04
2023,4,5,16,1.14,1.58,2.18,136.95,187.55,17.99,0.27,1.33,11.43,1.26,6.34,5.86,50.81,0.51,72.96,4.49,225.07,5.94,225
2023,4,5,17,0.5,0.69,1.11,57.02,79.9,6.87,0.04,0.2,9.73,2.11,5.92,6.35,61.38,0.46,72.98,3.12,225.3,4.34,225.22
2023,4,5,18,0.05,0.05,0.14,4,4.75,0.55,0,0,6.44,2.57,4.51,6.65,80.5,0.21,73.01,1.55,225.61,2.77,224.89
2023,4,5,19,0,0,0,0,0,0,0,0,5.74,1.52,3.63,6.1,77.5,0.18,73.06,1.29,228.19,2.16,227.49
2023,4,5,20,0,0,0,0,0,0,0,0,5.93,0.73,3.33,5.68,71.56,0.11,73.12,0.99,232.68,1.48,232.28
2023,4,5,21,0,0,0,0,0,0,0,0,5.85,0.13,2.99,5.43,68.56,0.05,73.17,0.67,253.69,0.96,253.03
2023,4,5,22,0,0,0,0,0,0,0,0,5.24,-0.2,2.52,5.31,69.94,0.02,73.19,0.53,290.56,0.82,287.74
2023,4,5,23,0,0,0,0,0,0,0,0,4.32,-0.58,1.87,5.19,72.88,0.01,73.2,0.64,316.97,1.02,315
2023,4,6,0,0,0,0,0,0,0,0,0,3.62,-1.16,1.23,5,73.75,0.01,73.19,0.8,330.67,1.28,330
2023,4,6,1,0,0,0,0,0,0,0,0,3.04,-1.82,0.61,4.76,73.5,0.02,73.17,0.91,336.09,1.48,335.61
2023,4,6,2,0,0,0,0,0,0,0,0,2.62,-2.69,-0.03,4.52,71.5,0.03,73.15,0.97,335.29,1.57,334.59
2023,4,6,3,0,0,0,0,0,0,0,0,1.92,-3.47,-0.77,4.27,71.44,0.03,73.13,1.07,342.22,1.77,341.97
2023,4,6,4,0,0,0,0,0,0,0,0,1.07,-4.33,-1.63,4.03,71.75,0.02,73.13,1.2,352.13,2.04,351.62
2023,4,6,5,0,0,0,0,0,0,0,0,0.12,-5.43,-2.66,3.78,71.69,0.01,73.14,1.3,358.27,2.3,357.86
2023,4,6,6,0.24,0.26,0.5,24.8,26.95,2.95,0.01,0.05,0.27,-5.15,-2.44,4.03,76.38,0,73.18,1.4,359.68,2.55,2.11
2023,4,6,7,1.06,1.15,1.6,120.4,132.15,14.44,0.14,0.7,4.33,-4.81,-0.24,4.27,60.38,0,73.23,1.88,0.95,2.66,1.34
2023,4,6,8,1.95,2.06,2.62,226.5,240.95,29.91,0.57,2.8,8.31,-6.34,0.99,3.72,40.12,0,73.27,1.07,315.59,1.35,314.77
2023,4,6,9,2.66,2.83,3.47,314.38,330.55,43.38,1.14,5.75,10.79,-5.85,2.47,3.78,34.12,0,73.3,2.02,239.76,2.56,240.54
2023,4,6,10,3.11,3.44,4.1,371.8,402.92,53.07,1.67,8.62,12.56,-4.87,3.84,3.91,31.62,0,73.33,3.28,226.84,4.22,227.33
2023,4,6,11,3.43,3.79,4.47,411.48,443.42,59.5,2.05,10.73,13.75,-3.87,4.94,4.15,31.06,0,73.3,4.02,221.69,5.16,221.87
2023,4,6,12,3.12,3.78,4.55,374.67,439,53.59,1.87,9.73,14.33,-3.03,5.65,4.39,31.5,0,73.27,4.78,220.16,6.16,220.11
2023,4,6,13,2.87,3.58,4.34,340.4,416.05,48.52,1.62,8.35,14.34,-2.09,6.12,4.64,33.19,0.02,73.22,5,219.74,6.45,219.69
2023,4,6,14,2.44,3.06,3.85,290.52,353.52,40.3,1.19,6.1,13.98,-1.49,6.25,4.76,35.06,0.04,73.19,4.83,221.13,6.24,221.09
2023,4,6,15,1.9,2.44,3.11,225.58,283.65,30.83,0.73,3.67,13.23,-1.35,5.94,4.76,36.88,0.1,73.17,4.43,224.07,5.72,224
2023,4,6,16,1.18,1.6,2.18,137.98,185.83,18.05,0.28,1.4,12.08,-1.66,5.22,4.64,38.75,0.12,73.16,3.86,227.05,5.06,226.94
2023,4,6,17,0.55,0.68,1.12,60.2,76.2,7.26,0.04,0.23,10.06,-0.16,4.95,5.31,50.62,0.11,73.18,2.36,228.62,3.35,228.31
2023,4,6,18,0.05,0.05,0.14,4.23,4.85,0.58,0,0,6.85,0.07,3.46,5.43,64.31,0.04,73.22,1.37,229.15,2.31,227.88
2023,4,6,19,0,0,0,0,0,0,0,0,6.33,-1.7,2.31,4.7,57.44,0.03,73.28,1.1,240.15,1.63,239.37
2023,4,6,20,0,0,0,0,0,0,0,0,6.19,-2.7,1.74,4.33,53.44,0.03,73.34,0.79,270.57,1.09,270.82
2023,4,6,21,0,0,0,0,0,0,0,0,5.41,-2.82,1.3,4.27,55.94,0.01,73.37,0.78,315,1.13,316.96
2023,4,6,22,0,0,0,0,0,0,0,0,4.38,-2.81,0.79,4.27,60.31,0,73.38,0.85,343.4,1.36,343.65
2023,4,6,23,0,0,0,0,0,0,0,0,3.41,-3.04,0.19,4.21,63.69,0,73.38,0.94,349.44,1.58,349.19
2023,4,7,0,0,0,0,0,0,0,0,0,2.69,-3.35,-0.33,4.15,65.69,0,73.38,0.99,350.46,1.73,350.37
2023,4,7,1,0,0,0,0,0,0,0,0,2.2,-3.66,-0.73,4.03,66.69,0,73.37,1.06,352.41,1.88,352.14
2023,4,7,2,0,0,0,0,0,0,0,0,1.78,-4.06,-1.14,3.97,66.88,0,73.35,1.11,351.53,2,351.46
2023,4,7,3,0,0,0,0,0,0,0,0,1.34,-4.54,-1.6,3.85,66.81,0,73.32,1.16,353.07,2.07,352.85
2023,4,7,4,0,0,0,0,0,0,0,0,0.72,-5.06,-2.17,3.72,67.62,0,73.32,1.25,355,2.27,354.88
2023,4,7,5,0,0,0,0,0,0,0,0,0.02,-5.71,-2.85,3.54,68.38,0,73.34,1.37,356.73,2.54,356.48
2023,4,7,6,0.23,0.26,0.52,24.9,27.08,3,0.01,0.05,0.76,-4.85,-2.04,3.91,71.5,0,73.39,1.39,356.14,2.67,357.82
2023,4,7,7,1.04,1.13,1.62,117.33,129.08,14.09,0.13,0.67,5.59,-3.89,0.85,4.27,55.06,0,73.46,1.81,356.04,2.56,356.67
2023,4,7,8,1.91,2.03,2.63,222.1,237.38,29.09,0.54,2.65,9.65,-5.78,1.94,3.54,35.06,0,73.52,1.02,260.32,1.27,260.42
2023,4,7,9,2.6,2.77,3.48,307.77,324.27,41.89,1.07,5.38,11.69,-5.12,3.29,3.72,32.19,0,73.56,2.34,220.39,2.92,220.55
2023,4,7,10,2.93,3.38,4.11,350.42,397,49.68,1.53,7.83,13.15,-3.93,4.61,4.03,31.44,0,73.55,3,212.24,3.8,212.42
2023,4,7,11,3.34,3.75,4.48,401.7,440.65,57.79,1.95,10.17,14.26,-2.78,5.74,4.33,31.38,0,73.51,3.67,208.2,4.66,208.24
2023,4,7,12,3.37,3.76,4.56,405.05,438.5,57.55,1.96,10.25,14.81,-1.93,6.44,4.58,32.06,0,73.47,4.26,207.32,5.39,207.34
2023,4,7,13,3.08,3.55,4.35,367.8,414.25,52.02,1.7,8.7,14.81,-1.18,6.82,4.82,33.69,0,73.42,4.42,208.29,5.61,208.28
2023,4,7,14,2.7,3.06,3.86,320.67,356.25,44.2,1.27,6.48,14.31,-0.83,6.74,4.94,35.62,0,73.39,4.29,210.68,5.45,210.61
2023,4,7,15,2.03,2.38,3.12,238.4,276.83,32.09,0.73,3.7,13.65,-1,6.33,4.88,36.69,0,73.38,4.04,214.27,5.17,214.22
2023,4,7,16,1.24,1.55,2.19,143.25,178.55,18.56,0.28,1.38,12.66,-1.37,5.65,4.76,38.06,0,73.38,3.59,217.39,4.66,217.37
2023,4,7,17,0.57,0.66,1.13,63.02,73.2,7.71,0.05,0.23,10.73,0.36,5.55,5.49,50.31,0,73.41,2.2,219.1,3.09,218.84
2023,4,7,18,0.05,0.04,0.15,3.7,4.7,0.52,0,0,8.12,0.28,4.2,5.49,59.5,0,73.46,1.17,219.85,1.82,219.43
2023,4,7,19,0,0,0,0,0,0,0,0,7.8,-1.52,3.15,4.7,52.31,0,73.51,0.69,250.95,0.93,250.35
2023,4,7,20,0,0,0,0,0,0,0,0,6.86,-1.52,2.66,4.7,55.88,0,73.57,0.69,317.29,0.97,321.56
2023,4,7,21,0,0,0,0,0,0,0,0,6.01,-1.38,2.31,4.76,60.06,0,73.61,0.85,344.05,1.33,347.83
2023,4,7,22,0,0,0,0,0,0,0,0,5.34,-1.56,1.89,4.7,62,0,73.6,0.86,354.81,1.43,355.94
2023,4,7,23,0,0,0,0,0,0,0,0,4.73,-1.92,1.4,4.58,63.06,0,73.59,0.88,352.3,1.48,352.43
2023,4,8,0,0,0,0,0,0,0,0,0,4.05,-2.3,0.87,4.46,64.44,0,73.56,0.93,350.3,1.6,350.72
2023,4,8,1,0,0,0,0,0,0,0,0,3.51,-2.61,0.44,4.33,65.38,0,73.51,1.02,350.75,1.78,351.41
2023,4,8,2,0,0,0,0,0,0,0,0,3.34,-2.85,0.24,4.27,65.12,0,73.48,1.09,350.54,1.9,351
2023,4,8,3,0,0,0,0,0,0,0,0,3.17,-3.27,-0.05,4.15,64.06,0,73.46,1.17,351.54,2.03,351.37
2023,4,8,4,0,0,0,0,0,0,0,0,2.9,-3.8,-0.45,4.03,62.94,0,73.47,1.21,352.6,2.12,352.38
2023,4,8,5,0,0,0,0,0,0,0,0,2.56,-4.43,-0.93,3.85,61.69,0,73.51,1.26,355.74,2.21,355.14
2023,4,8,6,0.22,0.27,0.54,23.25,28.52,2.86,0.01,0.05,3.25,-3.58,-0.17,4.21,63.94,0,73.57,1.18,357.35,2.18,357.54
2023,4,8,7,1,1.17,1.64,114.38,134.23,14.69,0.16,0.77,7.43,-2.31,2.56,4.76,54.19,0,73.63,1.38,351.23,1.94,353.28
2023,4,8,8,1.7,2.07,2.65,201.12,240.42,27.21,0.54,2.67,10.91,-4.6,3.15,3.85,35.06,0,73.68,1.19,256.69,1.49,256.33
2023,4,8,9,2.37,2.86,3.5,282.42,333.9,39.9,1.07,5.58,12.97,-4.59,4.19,3.91,30.94,0,73.71,2.56,220.16,3.23,220.29
2023,4,8,10,3.07,3.43,4.12,366.05,401.02,52.19,1.65,8.4,14.26,-3.59,5.33,4.15,30.25,0,73.71,3.35,209.13,4.29,209.37
2023,4,8,11,2.98,3.78,4.49,362.05,442.83,52.99,1.84,9.33,15.18,-2.53,6.32,4.46,30.44,0,73.67,3.93,205.39,4.98,205.44
2023,4,8,12,2.77,3.69,4.57,336.15,428.12,47.67,1.66,8.38,15.49,-1.65,6.92,4.7,31.5,0,73.64,4.45,204.68,5.65,204.69
2023,4,8,13,2.69,3.5,4.35,322.8,406.73,45.11,1.52,7.52,15.34,-0.88,7.23,4.94,33.44,0,73.6,4.56,207.14,5.79,207.12
2023,4,8,14,2.23,3.03,3.86,268.67,352.5,37.45,1.11,5.85,14.45,-0.69,6.88,5,35.81,0,73.56,4.12,210.16,5.25,210.19
2023,4,8,15,1.6,2.34,3.13,190.3,271.08,25.91,0.61,3.1,13.23,-0.92,6.15,4.88,38.06,0,73.53,3.6,213.76,4.63,213.72
2023,4,8,16,0.99,1.51,2.2,115.17,173.02,15.05,0.23,1.15,12.08,-1.06,5.51,4.88,40.62,0,73.51,2.99,220.13,3.91,220.05
2023,4,8,17,0.41,0.64,1.14,46.95,71.8,6.18,0.04,0.2,10.51,0.72,5.62,5.68,52.69,0,73.52,1.82,225.87,2.57,225.49
2023,4,8,18,0.05,0.04,0.15,3.98,4.83,0.56,0,0,8.37,0.8,4.58,5.68,61.12,0,73.56,1.16,233.21,1.84,232.25
2023,4,8,19,0,0,0,0,0,0,0,0,7.69,-0.5,3.59,5.07,57.25,0,73.62,0.81,260.54,1.18,260.48
2023,4,8,20,0,0,0,0,0,0,0,0,6.94,-0.69,3.12,5,59.31,0,73.67,0.71,309.16,1.08,310.29
2023,4,8,21,0,0,0,0,0,0,0,0,6.26,-0.95,2.65,4.88,60.88,0,73.7,0.79,334.2,1.26,334.7
2023,4,8,22,0,0,0,0,0,0,0,0,5.76,-1.06,2.35,4.88,62.5,0,73.7,0.91,338.29,1.47,341.37
2023,4,8,23,0,0,0,0,0,0,0,0,5.51,-1.1,2.21,4.88,63.56,0,73.66,1,341.85,1.66,345.24
2023,4,9,0,0,0,0,0,0,0,0,0,5.43,-1.17,2.13,4.88,63.75,0,73.62,1.02,343.09,1.73,345.59
2023,4,9,1,0,0,0,0,0,0,0,0,5.45,-1.37,2.05,4.82,62.88,0,73.57,1.07,341.3,1.81,343.68
2023,4,9,2,0,0,0,0,0,0,0,0,5.39,-1.53,1.93,4.76,62.44,0,73.52,1.03,342.26,1.74,342.78
2023,4,9,3,0,0,0,0,0,0,0,0,5.21,-1.83,1.69,4.64,62.06,0,73.5,1.01,344.24,1.76,342.93
2023,4,9,4,0,0,0,0,0,0,0,0,4.69,-2.6,1.05,4.46,61.19,0,73.5,1.05,347.52,1.85,345.55
2023,4,9,5,0,0,0,0,0,0,0,0,4.15,-3.48,0.33,4.15,59.75,0,73.53,1.13,348.85,1.96,347.12
2023,4,9,6,0.24,0.24,0.56,25.8,26.5,3.12,0.01,0.05,4.7,-2.7,1,4.46,61.69,0,73.58,1.1,349.8,1.96,349.23
2023,4,9,7,0.97,1.04,1.66,108.75,118.67,12.91,0.12,0.62,8.52,-2.13,3.19,4.88,51.88,0,73.64,1.26,332.8,1.75,335.15
2023,4,9,8,1.84,1.9,2.66,213.62,221.6,27.07,0.49,2.42,11.57,-5.22,3.18,3.78,32.62,0,73.67,1.82,260.62,2.3,260.41
2023,4,9,9,2.44,2.65,3.51,289.33,313.5,38.73,0.98,4.92,13.54,-4.33,4.61,3.97,30.12,0,73.68,3.09,229.92,3.96,229.8
2023,4,9,10,2.99,3.3,4.13,358.5,388.83,50.15,1.54,7.9,14.83,-3.02,5.9,4.27,30.06,0,73.67,3.96,221.16,5.09,221.2
2023,4,9,11,3.08,3.71,4.5,375.38,434.4,54.34,1.88,9.62,15.63,-2.33,6.65,4.52,29.81,0,73.64,4.68,218.76,5.98,218.74
2023,4,9,12,3.18,3.63,4.57,384.27,423.35,53.55,1.82,9.52,15.92,-1.81,7.05,4.64,30.25,0,73.59,5.02,218.81,6.42,218.78
2023,4,9,13,2.64,3.37,4.36,318.3,393.52,44,1.41,7.27,15.89,-1.51,7.19,4.76,30.88,0,73.53,5.05,220.1,6.46,220.1
2023,4,9,14,2.16,2.83,3.87,255.8,328.58,34.35,0.97,4.92,15.51,-1.41,7.05,4.76,31.81,0.01,73.47,4.87,220.97,6.27,220.96
2023,4,9,15,1.61,2.09,3.13,185.6,238.2,23.92,0.54,2.7,14.71,-1.35,6.68,4.76,33.56,0.01,73.43,4.7,222.44,6.1,222.46
2023,4,9,16,1.03,1.35,2.2,116.65,152.6,14.73,0.22,1.1,13.35,-1.36,5.99,4.76,36.56,0.02,73.41,4.19,224.85,5.52,224.89
2023,4,9,17,0.45,0.52,1.15,48.48,55.9,6.1,0.03,0.17,11.35,0.03,5.69,5.37,47.12,0.02,73.4,2.69,225.35,3.73,225.42
2023,4,9,18,0.05,0.04,0.16,3.98,4.6,0.55,0,0,8.25,1.24,4.74,5.92,63.69,0.05,73.41,1.32,225.24,2.33,225.68
2023,4,9,19,0,0,0,0,0,0,0,0,7.69,0.37,4.02,5.43,61.19,0.04,73.44,1.01,230.02,1.62,230.48
2023,4,9,20,0,0,0,0,0,0,0,0,7.58,-0.57,3.51,5.07,57.25,0.02,73.48,0.71,243.15,1.1,243.07
2023,4,9,21,0,0,0,0,0,0,0,0,7.52,-1.19,3.17,4.82,54.81,0.01,73.5,0.5,288.15,0.7,288.23
2023,4,9,22,0,0,0,0,0,0,0,0,6.69,-1.44,2.63,4.76,57.19,0,73.49,0.61,304.51,0.9,307.96
2023,4,9,23,0,0,0,0,0,0,0,0,6.42,-2.01,2.21,4.58,55.88,0,73.44,0.76,313.75,1.09,317.31
2023,4,10,0,0,0,0,0,0,0,0,0,6.08,-2.36,1.87,4.46,55.62,0,73.37,0.86,322.4,1.23,325.1
2023,4,10,1,0,0,0,0,0,0,0,0,5.58,-2.7,1.44,4.33,56.12,0.01,73.3,0.92,324.69,1.37,325.95
2023,4,10,2,0,0,0,0,0,0,0,0,5.15,-3.35,0.9,4.15,55.31,0,73.23,1.03,322.7,1.55,323.42
2023,4,10,3,0,0,0,0,0,0,0,0,4.54,-3.77,0.38,4.03,55.94,0,73.19,0.94,327.49,1.54,327.44
2023,4,10,4,0,0,0,0,0,0,0,0,3.9,-4.44,-0.27,3.85,55.69,0,73.17,1.05,339.54,1.76,338.91
2023,4,10,5,0,0,0,0,0,0,0,0,3.05,-5.13,-1.05,3.66,56.5,0,73.18,1.16,347.55,2.01,346.72
2023,4,10,6,0.27,0.27,0.58,28.2,28.85,3.35,0.01,0.05,3.54,-4.31,-0.38,3.97,59.38,0,73.23,1.25,347.78,2.13,348.15
2023,4,10,7,1.03,1.13,1.67,115.38,128.88,13.95,0.13,0.65,7.4,-3.62,1.89,4.33,49.62,0,73.3,1.33,329.21,1.83,331.14
2023,4,10,8,1.84,2.03,2.68,214.6,237.35,28.49,0.52,2.58,10.65,-5.35,2.65,3.66,33.5,0,73.37,2.34,256.1,2.98,256.22
2023,4,10,9,2.54,2.82,3.52,302.73,331.98,42.2,1.06,5.33,12.88,-4.86,4.01,3.72,29.38,0,73.41,3.22,232.6,4.1,232.58
2023,4,10,10,3.07,3.41,4.14,369.67,402.15,53.12,1.61,8.17,14.48,-3.77,5.35,3.97,28.5,0,73.43,3.95,223.07,5.08,223.07
2023,4,10,11,3.22,3.76,4.51,393.42,443.17,57.55,1.91,9.83,15.54,-2.99,6.28,4.21,28.12,0,73.4,4.58,217.65,5.85,217.79
2023,4,10,12,2.98,3.72,4.58,361.12,435.7,52.04,1.73,8.92,15.92,-2.44,6.74,4.39,28.5,0,73.37,5.14,216.23,6.6,216.38
2023,4,10,13,2.86,3.51,4.37,342.77,410.92,48.83,1.54,7.88,15.69,-1.95,6.87,4.52,29.94,0.02,73.32,5.33,217.44,6.88,217.52
2023,4,10,14,2.49,3.04,3.87,298.3,355.02,41.66,1.16,5.92,15.15,-1.7,6.73,4.64,31.56,0.09,73.27,5.25,219.81,6.79,219.86
2023,4,10,15,1.92,2.37,3.14,225.7,275.83,30.57,0.67,3.33,14.28,-1.7,6.3,4.64,33.38,0.12,73.24,4.97,225.64,6.47,225.83
2023,4,10,16,1.22,1.55,2.21,141.15,179.35,18.19,0.27,1.3,13.14,-1.77,5.69,4.58,35.75,0.09,73.23,4.19,232.87,5.51,233.13
2023,4,10,17,0.62,0.68,1.15,68.12,76.42,8.23,0.05,0.23,11.26,0.16,5.71,5.43,47.62,0.03,73.24,2.49,235.11,3.45,235.7
2023,4,10,18,0.06,0.05,0.16,4.92,5.27,0.67,0,0,8.31,0.91,4.62,5.74,61.25,0.01,73.26,1.26,239.95,2.19,240.05
2023,4,10,19,0,0,0,0,0,0,0,0,7.87,-0.62,3.62,5.07,55.69,0,73.3,0.87,262.75,1.42,262.41
2023,4,10,20,0,0,0,0,0,0,0,0,7.49,-1.13,3.18,4.82,54.88,0,73.32,0.88,305.95,1.37,305.96
2023,4,10,21,0,0,0,0,0,0,0,0,6.94,-1.23,2.85,4.82,56.62,0,73.34,0.92,335.39,1.5,335.04
2023,4,10,22,0,0,0,0,0,0,0,0,6.53,-1.4,2.56,4.76,57.5,0,73.35,0.94,344.58,1.55,343.86
2023,4,10,23,0,0,0,0,0,0,0,0,6.26,-1.56,2.35,4.7,57.81,0,73.34,0.92,341.1,1.52,340.17
2023,4,11,0,0,0,0,0,0,0,0,0,6.13,-1.75,2.19,4.64,57.44,0,73.33,0.87,337.82,1.42,336.26
2023,4,11,1,0,0,0,0,0,0,0,0,5.94,-1.96,1.98,4.52,57.31,0,73.33,0.83,334.4,1.36,331.81
2023,4,11,2,0,0,0,0,0,0,0,0,5.62,-2.24,1.69,4.46,57.38,0,73.31,0.91,327.94,1.47,327.15
2023,4,11,3,0,0,0,0,0,0,0,0,5.14,-2.63,1.26,4.33,57.62,0,73.29,0.99,327.56,1.61,327.08
2023,4,11,4,0,0,0,0,0,0,0,0,4.32,-3.12,0.6,4.15,58.94,0,73.28,1.07,338.51,1.81,337.42
2023,4,11,5,0,0,0,0,0,0,0,0,3.53,-3.61,-0.04,4.03,60.19,0,73.29,1.14,351.7,1.97,350.43
2023,4,11,6,0.31,0.32,0.6,33.17,34.98,3.78,0.01,0.05,4.11,-2.6,0.76,4.39,63.44,0,73.32,1.17,356.16,2.08,357.63
2023,4,11,7,1.14,1.22,1.69,130.23,141.17,15.81,0.16,0.8,8.3,-2.47,2.91,4.52,48.62,0,73.36,1.4,339.44,1.9,341.79
2023,4,11,8,2.05,2.12,2.69,239.4,247.9,31.95,0.62,3.05,11.73,-4.33,3.69,3.91,33.38,0,73.39,2,257.37,2.51,257.22
2023,4,11,9,2.75,2.9,3.53,325.3,339.5,45.66,1.21,6.1,13.94,-4.63,4.65,3.85,28.25,0,73.42,3.03,230.02,3.84,230.03
2023,4,11,10,3.35,3.49,4.15,398.33,407.75,57.16,1.8,9.25,15.44,-4.01,5.72,3.97,26.62,0,73.43,3.74,218.9,4.79,218.98
2023,4,11,11,3.43,3.83,4.51,414.25,446.83,60.64,2.09,10.85,16.4,-3.46,6.48,4.09,25.88,0,73.41,4.37,213.69,5.56,213.65
2023,4,11,12,3.15,3.7,4.59,374.27,425.58,52.8,1.79,9.33,16.67,-3.07,6.8,4.21,26,0,73.37,4.78,210.67,6.1,210.57
2023,4,11,13,2.94,3.46,4.37,346.92,399.83,48.38,1.55,8,16.49,-2.63,6.93,4.33,27.06,0,73.33,4.86,209.7,6.21,209.69
2023,4,11,14,2.44,2.94,3.88,286.83,337.48,38.88,1.1,5.62,16.01,-2.51,6.75,4.33,28.12,0,73.29,4.61,209.91,5.88,209.87
2023,4,11,15,1.81,2.22,3.15,207.25,250.7,26.96,0.61,3.02,15.16,-2.64,6.26,4.33,29.38,0,73.27,4.3,211.32,5.52,211.28
2023,4,11,16,1.08,1.39,2.22,120.6,153.67,15.09,0.23,1.12,13.88,-2.87,5.51,4.21,31.31,0,73.28,3.9,213.66,5.08,213.64
2023,4,11,17,0.51,0.62,1.16,54.6,67.2,6.8,0.04,0.2,11.69,-0.91,5.4,5,42.69,0,73.32,2.47,215.85,3.4,215.92
2023,4,11,18,0.05,0.05,0.17,4.15,5,0.58,0,0,9.4,0.42,4.9,5.49,54.94,0,73.35,1.21,221.33,1.88,221.12
2023,4,11,19,0,0,0,0,0,0,0,0,8.96,-1.63,3.66,4.64,47.81,0,73.4,0.77,252.3,1.07,251.7
2023,4,11,20,0,0,0,0,0,0,0,0,8.11,-2.6,2.75,4.33,47,0,73.44,0.77,321.97,1.09,324.94
2023,4,11,21,0,0,0,0,0,0,0,0,7.23,-2.45,2.39,4.39,50.5,0,73.46,0.93,352.28,1.43,355.6
2023,4,11,22,0,0,0,0,0,0,0,0,6.62,-1.88,2.37,4.58,54.94,0,73.45,0.86,7.32,1.44,8.13
2023,4,11,23,0,0,0,0,0,0,0,0,6.16,-2.03,2.07,4.52,56.12,0,73.41,0.85,6.86,1.45,6.82
2023,4,12,0,0,0,0,0,0,0,0,0,5.82,-2.34,1.74,4.39,56.19,0,73.36,0.84,1.07,1.39,0.64
2023,4,12,1,0,0,0,0,0,0,0,0,5.53,-2.55,1.49,4.33,56.31,0,73.31,0.86,356.36,1.43,354.98
2023,4,12,2,0,0,0,0,0,0,0,0,5.37,-2.74,1.31,4.27,56.19,0,73.27,0.89,354.49,1.46,353.56
2023,4,12,3,0,0,0,0,0,0,0,0,5.24,-2.93,1.15,4.21,55.81,0,73.25,0.89,350.95,1.46,349.17
2023,4,12,4,0,0,0,0,0,0,0,0,4.98,-3.17,0.91,4.15,55.81,0,73.24,0.93,350.85,1.53,348.8
2023,4,12,5,0,0,0,0,0,0,0,0,4.73,-3.35,0.69,4.09,56.06,0,73.25,0.99,354.11,1.64,352.6
2023,4,12,6,0.29,0.31,0.61,31.95,33.67,3.76,0.01,0.05,5.42,-2.49,1.47,4.39,57.5,0,73.29,1.06,351.93,1.74,354.34
2023,4,12,7,1.1,1.18,1.71,125.73,138.02,15.27,0.16,0.77,9.27,-1.63,3.82,4.82,48.44,0,73.34,0.91,324.81,1.22,330.16
2023,4,12,8,1.91,2.07,2.71,225.52,245.67,30.23,0.58,2.85,12.4,-4.29,4.05,3.78,31.19,0,73.38,1.66,242.23,2.1,242.1
2023,4,12,9,2.6,2.84,3.55,313.25,337.48,43.81,1.14,5.83,14.4,-4.07,5.16,3.91,27.81,0,73.41,3.06,226.03,3.92,226.13
2023,4,12,10,3.14,3.41,4.17,381.92,405.45,54.65,1.69,8.6,15.82,-3.23,6.3,4.15,27.12,0,73.42,3.86,221.23,4.95,221.36
2023,4,12,11,3.39,3.74,4.52,415.48,444.3,60.22,2.02,10.5,16.76,-2.52,7.12,4.39,26.94,0,73.4,4.59,218.71,5.85,218.71
2023,4,12,12,3.21,3.58,4.6,385.42,418.38,53.38,1.76,9.15,17.07,-1.85,7.61,4.58,27.69,0,73.37,4.94,218.9,6.32,218.88
2023,4,12,13,3.16,3.36,4.38,373.73,392.4,51.06,1.59,8.23,17.07,-1.3,7.88,4.76,28.81,0,73.32,4.9,221.25,6.28,221.22
2023,4,12,14,2.54,2.82,3.89,298.45,326.3,39.37,1.08,5.5,16.8,-0.95,7.92,4.88,30.12,0,73.27,4.65,223.5,5.97,223.46
2023,4,12,15,1.92,2.14,3.15,220.23,245.2,28.06,0.61,3.02,16.05,-0.9,7.58,4.94,31.69,0,73.24,4.37,224.78,5.65,224.72
2023,4,12,16,1.19,1.35,2.23,133.4,151.3,16.23,0.23,1.15,14.88,-0.88,7,4.94,34.25,0,73.24,3.87,225.57,5.09,225.44
2023,4,12,17,0.55,0.56,1.17,58.3,60.88,7.16,0.04,0.2,12.76,0.83,6.8,5.68,45.44,0,73.25,2.35,227.02,3.3,226.34
2023,4,12,18,0.05,0.04,0.17,4.48,4.8,0.6,0,0,9.42,1.58,5.51,6.04,60,0,73.28,0.99,228.86,1.88,228.7
2023,4,12,19,0,0,0,0,0,0,0,0,9.09,0.04,4.57,5.31,54,0,73.32,0.66,258.42,1.11,259.48
2023,4,12,20,0,0,0,0,0,0,0,0,8.25,-0.12,4.06,5.25,56.5,0,73.36,0.73,322.88,1.19,321.11
2023,4,12,21,0,0,0,0,0,0,0,0,7.33,-0.24,3.55,5.19,59.75,0,73.39,0.9,341.88,1.55,339.92
2023,4,12,22,0,0,0,0,0,0,0,0,6.89,-0.52,3.19,5.13,60.44,0,73.41,0.91,345,1.56,343.47
2023,4,12,23,0,0,0,0,0,0,0,0,6.55,-0.81,2.87,5,60.5,0,73.4,0.88,345.1,1.53,343.97
2023,4,13,0,0,0,0,0,0,0,0,0,6.27,-1.12,2.58,4.88,60.25,0,73.38,0.87,341.08,1.52,339.51
2023,4,13,1,0,0,0,0,0,0,0,0,5.98,-1.33,2.33,4.82,60.44,0,73.36,0.87,339.93,1.52,337.65
2023,4,13,2,0,0,0,0,0,0,0,0,5.83,-1.53,2.15,4.7,60.12,0,73.33,0.85,341.9,1.49,339.76
2023,4,13,3,0,0,0,0,0,0,0,0,5.64,-1.76,1.94,4.64,59.81,0,73.3,0.89,344.26,1.55,342.66
2023,4,13,4,0,0,0,0,0,0,0,0,5.35,-2.06,1.65,4.52,59.56,0,73.29,0.99,349.05,1.7,347.56
2023,4,13,5,0,0,0,0,0,0,0,0,5.08,-2.49,1.3,4.39,58.88,0,73.28,1.09,354.66,1.88,353.32
2023,4,13,6,0.27,0.29,0.63,29.67,31.12,3.65,0.01,0.05,5.9,-1.93,1.98,4.64,58.81,0,73.31,1.28,351.57,2.08,354.83
2023,4,13,7,1.09,1.12,1.72,122.65,128.67,14.77,0.15,0.75,9.74,-1.67,4.04,4.88,47.81,0,73.34,1.23,335.71,1.66,338.75
2023,4,13,8,1.93,2,2.72,224.75,234.67,29.37,0.55,2.73,12.78,-3.6,4.59,4.15,33.31,0,73.37,1.19,252.87,1.49,252.9
2023,4,13,9,2.65,2.76,3.56,315.35,326.45,43.12,1.11,5.58,14.83,-3.28,5.77,4.27,29.75,0,73.38,2.6,220.73,3.28,220.94
2023,4,13,10,3.15,3.33,4.18,379.75,393.85,53.32,1.62,8.33,16.38,-2.36,7.01,4.52,28.5,0,73.38,3.59,214.9,4.58,214.99
2023,4,13,11,3.29,3.6,4.53,397.5,423.42,56.05,1.84,9.6,17.32,-1.38,7.97,4.82,28.56,0,73.35,4.3,211.41,5.48,211.47
2023,4,13,12,2.93,3.31,4.6,342.38,376.95,44.62,1.42,7.4,17.48,-0.65,8.42,5.07,29.62,0,73.3,4.61,210.08,5.89,210.1
2023,4,13,13,2.73,3.27,4.39,324.33,378.88,43.9,1.37,7,17.29,-0.07,8.61,5.25,31.19,0,73.25,4.68,210.59,5.98,210.62
2023,4,13,14,2.33,2.8,3.89,274.4,322.83,36.39,1.01,5.12,16.72,0.19,8.45,5.37,32.94,0,73.2,4.48,211.8,5.73,211.78
2023,4,13,15,1.74,2.12,3.16,200.83,241.77,25.68,0.57,2.83,15.87,0.2,8.04,5.37,34.75,0,73.19,4.24,213.57,5.44,213.58
2023,4,13,16,1.02,1.31,2.23,115.05,146.9,14.29,0.22,1.05,14.68,0.15,7.41,5.31,37.38,0,73.21,3.73,216.32,4.86,216.17
2023,4,13,17,0.48,0.54,1.18,51.8,58.2,6.49,0.04,0.2,12.67,1.94,7.3,6.16,49.31,0,73.27,2.2,217.8,3.07,217.34
2023,4,13,18,0.05,0.04,0.18,3.9,4.67,0.54,0,0,10.06,2.29,6.17,6.29,60,0,73.34,0.88,219.94,1.53,220.44
2023,4,13,19,0,0,0,0,0,0,0,0,9.58,1.02,5.3,5.68,55.94,0,73.41,0.44,274.09,0.74,271.81
2023,4,13,20,0,0,0,0,0,0,0,0,8.31,1.22,4.76,5.8,62,0,73.46,0.7,341.16,1.19,340.02
2023,4,13,21,0,0,0,0,0,0,0,0,7.33,1.08,4.21,5.74,65.75,0,73.48,0.9,350.54,1.69,350.67
2023,4,13,22,0,0,0,0,0,0,0,0,6.84,0.73,3.78,5.55,66.19,0,73.47,0.98,349.86,1.82,350.13
2023,4,13,23,0,0,0,0,0,0,0,0,6.6,0.32,3.46,5.43,65.25,0,73.43,1.01,349.73,1.87,349.4
2023,4,14,0,0,0,0,0,0,0,0,0,6.62,-0.14,3.24,5.25,63,0,73.39,1,349.66,1.79,348.94
2023,4,14,1,0,0,0,0,0,0,0,0,6.67,-0.6,3.04,5.07,60.69,0,73.36,0.96,346.87,1.67,345.64
2023,4,14,2,0,0,0,0,0,0,0,0,6.64,-1.02,2.81,4.88,59,0,73.35,0.91,344.05,1.55,342.11
2023,4,14,3,0,0,0,0,0,0,0,0,6.32,-1.27,2.52,4.82,59.19,0,73.35,0.91,344.53,1.55,343.3
2023,4,14,4,0,0,0,0,0,0,0,0,5.83,-1.47,2.18,4.76,60.44,0,73.35,1,348.78,1.77,347.99
2023,4,14,5,0,0,0,0,0,0,0,0,5.52,-1.77,1.87,4.64,60.31,0,73.37,1.08,351.22,1.9,350.54
2023,4,14,6,0.25,0.29,0.65,29.15,31.02,3.8,0.02,0.05,6.38,-1.1,2.64,4.94,60.5,0,73.42,1.17,345.69,1.98,349.8
2023,4,14,7,1.01,1.11,1.74,114.4,127.55,13.91,0.14,0.67,10.18,-1.53,4.32,4.94,46.81,0,73.45,1.25,327.5,1.69,330.71
2023,4,14,8,1.85,1.99,2.74,217.08,234.65,28.46,0.52,2.58,13.24,-3.19,5.02,4.33,33.44,0,73.48,1.48,248.31,1.87,248.38
2023,4,14,9,2.53,2.76,3.57,302.65,327.73,41.55,1.05,5.35,15.22,-2.77,6.23,4.46,30.38,0,73.5,2.54,222.01,3.22,222.35
2023,4,14,10,3.13,3.25,4.18,384.35,393.95,52.88,1.52,7.7,16.87,-1.81,7.53,4.76,29.12,0,73.5,3.4,214.13,4.33,214.26
2023,4,14,11,3.06,3.63,4.54,380.58,435.98,54.17,1.77,8.77,17.9,-0.72,8.59,5.07,29.25,0,73.47,4.19,209.57,5.34,209.53
2023,4,14,12,2.75,3.46,4.61,334.58,404.88,44.94,1.46,7.25,18.09,0.31,9.2,5.43,30.88,0,73.44,4.59,208.14,5.88,208.13
2023,4,14,13,2.56,3.21,4.39,307.62,376.35,40.94,1.24,6.23,17.95,1.16,9.55,5.74,32.94,0,73.4,4.52,209.18,5.78,209.2
2023,4,14,14,2.32,2.76,3.9,278.83,324.83,36.22,0.98,5.05,17.5,1.67,9.58,5.98,35,0,73.35,4.14,210.63,5.29,210.62
2023,4,14,15,1.72,2.11,3.16,203.55,246.4,26.27,0.57,2.85,16.8,1.76,9.28,5.98,36.75,0,73.31,3.56,212.71,4.54,212.79
2023,4,14,16,1.04,1.32,2.24,121.02,152.1,15.51,0.23,1.1,15.74,1.62,8.69,5.92,38.94,0,73.29,3.13,216.78,4.07,216.65
2023,4,14,17,0.44,0.54,1.19,49.7,59.67,6.31,0.03,0.17,13.81,3.44,8.62,6.9,51.12,0,73.3,1.87,217.35,2.65,216.97
2023,4,14,18,0.05,0.04,0.18,4.42,4.92,0.59,0,0,11.17,3.51,7.33,6.9,60.75,0,73.33,0.89,217.17,1.59,217.21
2023,4,14,19,0,0,0,0,0,0,0,0,10.96,2.13,6.55,6.16,55.25,0,73.37,0.57,249.08,0.86,248.59
2023,4,14,20,0,0,0,0,0,0,0,0,10.44,2.03,6.23,6.1,56.81,0,73.41,0.6,344.16,0.93,344.45
2023,4,14,21,0,0,0,0,0,0,0,0,9.44,2.01,5.73,6.1,60.75,0,73.44,0.89,8.56,1.45,8.35
2023,4,14,22,0,0,0,0,0,0,0,0,8.62,1.91,5.26,6.1,63.94,0,73.44,1,18.15,1.7,19.02
2023,4,14,23,0,0,0,0,0,0,0,0,8.37,1.6,4.98,5.98,63.69,0,73.44,0.97,22.23,1.68,23.58
2023,4,15,0,0,0,0,0,0,0,0,0,8.3,1.25,4.78,5.8,62.38,0,73.44,0.84,11.31,1.43,13.58
2023,4,15,1,0,0,0,0,0,0,0,0,8.12,0.94,4.53,5.68,61.81,0,73.43,0.81,8.37,1.38,11.12
2023,4,15,2,0,0,0,0,0,0,0,0,7.97,0.6,4.29,5.55,60.94,0,73.4,0.87,11.92,1.46,13.89
2023,4,15,3,0,0,0,0,0,0,0,0,7.89,0.23,4.06,5.37,59.62,0,73.38,0.87,6.68,1.44,8.13
2023,4,15,4,0,0,0,0,0,0,0,0,7.76,-0.07,3.84,5.31,58.88,0,73.39,0.87,358.45,1.41,0.63
2023,4,15,5,0,0,0,0,0,0,0,0,7.52,-0.31,3.61,5.19,58.75,0,73.42,0.95,3.28,1.58,5.09
2023,4,15,6,0.22,0.26,0.67,25.6,28.5,3.3,0.01,0.05,8.3,0.68,4.48,5.62,60.31,0,73.47,0.87,2.06,1.52,4.71
2023,4,15,7,0.83,1.03,1.76,94.9,116.58,12.05,0.11,0.55,11.73,1.26,6.49,5.98,51,0,73.52,0.4,342.98,0.64,352.27
2023,4,15,8,1.61,1.93,2.75,190.8,225.58,25.34,0.45,2.23,14.53,-1.1,6.71,4.94,35.25,0,73.57,1.28,193.02,1.61,193.43
2023,4,15,9,2.12,2.71,3.58,255.8,320.73,35.93,0.86,4.38,16.42,-1.6,7.4,4.76,30.19,0,73.6,2.53,195.19,3.19,195.33
2023,4,15,10,2.87,3.29,4.19,347.27,390.55,48.8,1.4,7.08,17.77,-0.9,8.44,5,29.06,0,73.59,3.22,194.04,4.07,194.12
2023,4,15,11,3,3.63,4.55,369.42,431.48,52.54,1.64,8.05,18.54,-0.12,9.21,5.31,29.19,0,73.55,3.76,194.82,4.76,194.83
2023,4,15,12,2.67,3.41,4.62,320.73,396.98,42.41,1.3,6.4,18.83,0.64,9.73,5.55,30.12,0,73.5,4.08,197.85,5.19,197.81
2023,4,15,13,2.55,3.22,4.4,306.23,375.65,40.69,1.19,5.95,18.74,1.2,9.97,5.8,31.5,0,73.44,4.11,201.5,5.24,201.6
2023,4,15,14,2.06,2.78,3.9,246.15,323.73,32.94,0.84,4.33,17.83,1.38,9.61,5.86,33.62,0,73.39,3.77,203.85,4.84,203.88
2023,4,15,15,1.62,2.13,3.17,190.45,245.3,25.02,0.51,2.55,16.58,1.55,9.06,5.92,36.88,0,73.36,3.25,206.26,4.22,206.28
2023,4,15,16,1.06,1.35,2.25,121.52,153.88,15.49,0.2,1,15.62,1.75,8.69,5.98,39.81,0,73.36,2.72,212.82,3.54,212.85
2023,4,15,17,0.44,0.56,1.19,48.5,61.75,6.18,0.03,0.15,14.23,3.02,8.62,6.65,48.31,0,73.37,1.72,219.84,2.36,219.9
2023,4,15,18,0.05,0.05,0.19,4.08,5.15,0.58,0,0,11.89,3.75,7.82,7.02,59.25,0.01,73.4,0.82,236.61,1.42,235.96
2023,4,15,19,0,0,0,0,0,0,0,0,10.94,3.02,6.98,6.65,59.69,0.01,73.44,0.72,283.13,1.21,281.97
2023,4,15,20,0,0,0,0,0,0,0,0,10.23,3.06,6.65,6.65,62.75,0,73.47,0.75,330.77,1.33,329.67
2023,4,15,21,0,0,0,0,0,0,0,0,9.61,2.51,6.06,6.41,62.75,0,73.46,0.84,348.69,1.48,348.39
2023,4,15,22,0,0,0,0,0,0,0,0,9.23,2.16,5.69,6.23,62.69,0,73.46,0.86,346.85,1.51,346.83
2023,4,15,23,0,0,0,0,0,0,0,0,8.99,2.13,5.56,6.23,63.62,0,73.44,0.82,346.76,1.49,347.28
2023,4,16,0,0,0,0,0,0,0,0,0,8.8,2.07,5.44,6.16,64.19,0,73.4,0.77,346.53,1.43,347.1
2023,4,16,1,0,0,0,0,0,0,0,0,8.62,1.89,5.25,6.1,64.12,0,73.35,0.75,346.83,1.4,345.81
2023,4,16,2,0,0,0,0,0,0,0,0,8.27,1.55,4.91,5.98,64.06,0,73.32,0.77,351.87,1.45,351.3
2023,4,16,3,0,0,0,0,0,0,0,0,7.98,1.2,4.59,5.8,63.69,0,73.28,0.81,353.35,1.5,352.8
2023,4,16,4,0,0,0,0,0,0,0,0,7.55,0.56,4.05,5.55,62.69,0,73.27,0.84,353.6,1.53,352.37
2023,4,16,5,0,0,0,0,0,0,0,0,7.02,-0.27,3.37,5.25,61.19,0,73.29,0.91,352.08,1.64,351.79
2023,4,16,6,0.24,0.33,0.69,27.38,36,3.55,0.02,0.05,7.98,0.48,4.23,5.62,61.69,0,73.32,0.85,341.9,1.62,348.31
2023,4,16,7,0.86,1.17,1.77,99.73,136.25,13.22,0.16,0.8,11.68,-2.06,4.8,5,42.88,0,73.36,1,319.45,1.35,324.19
2023,4,16,8,1.49,2.04,2.76,178.55,240.7,24.57,0.52,2.58,14.55,-3.96,5.29,4.33,30.81,0,73.39,1.61,241.7,2.05,241.28
2023,4,16,9,2.13,2.82,3.59,258.6,335.52,37.36,1.05,5.58,16.49,-3.37,6.56,4.39,27.69,0,73.4,2.94,221.87,3.73,221.94
2023,4,16,10,2.62,3.36,4.2,321.45,401.23,46.7,1.54,7.73,17.84,-2.43,7.7,4.64,26.88,0,73.39,3.87,215.97,4.88,215.95
2023,4,16,11,2.91,3.7,4.56,362.5,442.52,53.15,1.9,9.52,18.58,-1.38,8.6,5,27.5,0,73.36,4.46,213.94,5.67,214
2023,4,16,12,2.44,3.41,4.62,298.42,398.42,40.08,1.38,7.15,18.83,-0.17,9.33,5.37,29.12,0,73.3,4.8,212.97,6.13,212.98
2023,4,16,13,2.36,3.19,4.4,284.83,370.08,37.98,1.23,6.38,18.63,0.84,9.74,5.68,31.12,0,73.24,4.97,213.59,6.4,213.55
2023,4,16,14,2.16,2.7,3.91,254.33,310.62,33.1,0.97,5,18.01,1.42,9.72,5.86,33.38,0.01,73.2,4.88,215.75,6.32,215.79
2023,4,16,15,1.48,1.91,3.17,168.2,213.3,20.49,0.47,2.38,16.99,1.52,9.26,5.92,35.75,0.04,73.17,4.65,218.72,6.06,218.78
2023,4,16,16,0.96,1.17,2.25,105.12,127.25,12.55,0.2,0.98,15.74,1.48,8.61,5.86,38.56,0.06,73.16,4.08,221.74,5.39,221.83
2023,4,16,17,0.46,0.51,1.2,50.25,54.92,6.24,0.04,0.2,13.98,2.58,8.28,6.47,47.31,0.04,73.16,2.64,223.56,3.64,223.78
2023,4,16,18,0.06,0.05,0.19,4.75,5.02,0.64,0,0,10.98,3.83,7.41,7.08,63.44,0.01,73.18,1.15,226.65,2.1,226.81
2023,4,16,19,0,0,0,0,0,0,0,0,10.16,2.77,6.47,6.53,61.44,0.01,73.22,0.94,239.36,1.58,239.13
2023,4,16,20,0,0,0,0,0,0,0,0,10.01,2.05,6.03,6.16,58.69,0,73.26,0.79,256.92,1.25,256.66
2023,4,16,21,0,0,0,0,0,0,0,0,9.78,1.59,5.69,5.92,57.56,0,73.28,0.62,278.64,0.94,278.6
2023,4,16,22,0,0,0,0,0,0,0,0,9.52,1.25,5.39,5.8,57.12,0,73.27,0.57,319.48,0.82,320.05
2023,4,16,23,0,0,0,0,0,0,0,0,8.58,1.12,4.85,5.74,60.38,0,73.24,0.69,348.94,1.06,349.43
2023,4,17,0,0,0,0,0,0,0,0,0,8,0.89,4.44,5.68,61.75,0,73.2,0.84,1.06,1.32,1.36
2023,4,17,1,0,0,0,0,0,0,0,0,7.36,0.66,4.01,5.55,63.5,0,73.16,0.93,5.76,1.52,6.18
2023,4,17,2,0,0,0,0,0,0,0,0,6.87,0.4,3.64,5.49,64.44,0,73.12,0.99,7.74,1.64,8.21
2023,4,17,3,0,0,0,0,0,0,0,0,6.53,0.12,3.33,5.37,64.69,0,73.09,1.01,5.8,1.71,6.31
2023,4,17,4,0,0,0,0,0,0,0,0,6.35,-0.2,3.07,5.25,64,0,73.1,1,1.79,1.7,2.36
2023,4,17,5,0,0,0,0,0,0,0,0,6.26,-0.53,2.86,5.13,63,0,73.13,0.99,357.75,1.68,358.93
2023,4,17,6,0.31,0.32,0.71,33.42,34.55,4.14,0.02,0.08,7.33,0.59,3.96,5.62,64.19,0,73.17,0.87,349.19,1.55,354.49
2023,4,17,7,1.08,1.14,1.79,121.62,130.5,14.62,0.16,0.8,10.59,0.49,5.54,5.62,51.38,0,73.23,0.91,338.93,1.23,342.6
2023,4,17,8,1.9,2.02,2.78,221.92,237.77,28.98,0.57,2.85,13.74,-0.3,6.72,5.25,39,0,73.28,1.53,230.61,1.9,230.35
2023,4,17,9,2.65,2.8,3.6,316.48,331.35,43.3,1.16,5.83,16.01,-0.12,7.94,5.25,34.06,0,73.3,2.93,220.24,3.7,220.21
2023,4,17,10,3.11,3.37,4.21,377.85,401.12,53.3,1.69,8.7,17.61,0.49,9.05,5.49,32,0,73.29,3.76,216.8,4.77,216.74
2023,4,17,11,3.32,3.71,4.56,407.83,441.8,58.69,2.02,10.62,18.55,0.9,9.73,5.62,30.94,0,73.27,4.44,215.98,5.67,216.03
2023,4,17,12,3.06,3.56,4.63,372.33,418.58,51.57,1.75,9.2,18.9,1.28,10.09,5.8,31.06,0.01,73.23,4.84,217.06,6.22,217.09
2023,4,17,13,2.97,3.35,4.41,357.75,393.7,49.11,1.59,8.23,18.86,1.5,10.18,5.86,31.62,0.01,73.19,4.92,219.78,6.35,219.81
2023,4,17,14,2.53,2.88,3.91,301.75,337.77,40.58,1.17,6,18.53,1.44,9.98,5.86,32.12,0.01,73.16,4.83,222.9,6.26,222.93
2023,4,17,15,1.94,2.21,3.18,228.85,258.05,29.88,0.69,3.45,17.85,1.26,9.55,5.8,33.06,0.01,73.16,4.37,224.78,5.71,224.94
2023,4,17,16,1.14,1.4,2.26,131.23,162.02,16.41,0.26,1.25,16.83,1.14,8.98,5.74,35,0.01,73.18,3.74,225.42,4.94,225.51
2023,4,17,17,0.59,0.6,1.21,65.1,67.45,8.03,0.05,0.25,14.89,2.64,8.76,6.47,44.69,0.01,73.22,2.3,222.8,3.24,223.24
2023,4,17,18,0.05,0.05,0.2,4.52,5.9,0.63,0,0,11.73,3.67,7.69,6.96,59.19,0,73.28,1.11,223.01,2.11,224.4
2023,4,17,19,0,0,0,0,0,0,0,0,11.06,2.6,6.83,6.41,56.88,0,73.35,0.95,238.39,1.61,238.47
2023,4,17,20,0,0,0,0,0,0,0,0,10.98,1.84,6.41,6.04,53.94,0,73.42,0.72,271.25,1.1,271.22
2023,4,17,21,0,0,0,0,0,0,0,0,10.36,1.59,5.98,5.92,55.25,0,73.46,0.75,315.84,1.17,315.81
2023,4,17,22,0,0,0,0,0,0,0,0,9.72,1.44,5.58,5.86,57.06,0,73.47,0.93,335.79,1.48,335.73
2023,4,17,23,0,0,0,0,0,0,0,0,8.89,1.4,5.15,5.86,60.19,0,73.45,1.05,344,1.75,343.91
2023,4,18,0,0,0,0,0,0,0,0,0,8.19,1.23,4.71,5.74,62.38,0,73.4,1.12,348.3,1.95,347.97
2023,4,18,1,0,0,0,0,0,0,0,0,7.62,0.93,4.27,5.68,63.44,0,73.34,1.18,350.1,2.1,350.15
2023,4,18,2,0,0,0,0,0,0,0,0,7.26,0.54,3.9,5.49,63.31,0,73.29,1.22,351.87,2.18,351.75
2023,4,18,3,0,0,0,0,0,0,0,0,6.98,0.15,3.57,5.37,62.81,0,73.27,1.24,353.1,2.23,352.75
2023,4,18,4,0,0,0,0,0,0,0,0,6.73,-0.26,3.23,5.19,62.12,0,73.27,1.24,355.66,2.26,355.63
2023,4,18,5,0,0,0,0,0,0,0,0,6.6,-0.7,2.95,5.07,60.75,0,73.31,1.21,358.89,2.22,359.39
2023,4,18,6,0.34,0.35,0.73,37.35,39.05,4.45,0.02,0.08,7.98,0.59,4.29,5.62,61.31,0,73.36,1.03,357.83,1.98,1.13
2023,4,18,7,1.08,1.2,1.8,123.35,138.73,14.97,0.17,0.85,11.94,-0.39,5.78,5.25,44,0,73.42,1.03,342.26,1.42,346.27
2023,4,18,8,1.87,2.08,2.79,220.02,245.12,28.95,0.59,2.95,14.96,-0.8,7.08,5,34.81,0,73.47,1.61,246.18,2.02,245.61
2023,4,18,9,2.59,2.84,3.61,311.2,336.75,42.72,1.17,6.02,17.16,0.08,8.62,5.37,32.12,0,73.5,3,226.37,3.8,226.25
2023,4,18,10,3.06,3.41,4.22,370.65,404.73,52.3,1.7,8.58,18.56,1.07,9.82,5.74,31.5,0,73.51,3.97,219.17,5.05,219.16
2023,4,18,11,3.35,3.73,4.57,409.33,443.08,58.18,2.03,10.6,19.27,1.99,10.63,6.1,32.06,0,73.49,4.59,217.53,5.87,217.54
2023,4,18,12,2.95,3.46,4.63,356.08,403.27,47.46,1.6,8.4,19.12,2.63,10.87,6.35,33.81,0,73.45,4.8,218.53,6.17,218.63
2023,4,18,13,2.76,3.25,4.41,330.08,377.5,43.62,1.4,7.23,18.73,2.76,10.75,6.41,34.94,0,73.39,4.92,220.88,6.39,220.98
2023,4,18,14,2.41,2.78,3.92,283.23,320.8,36.72,1.05,5.35,18.11,2.77,10.44,6.41,36.31,0,73.33,4.87,223.37,6.4,223.57
2023,4,18,15,1.72,2.04,3.18,197.45,229.95,24.66,0.56,2.85,17.37,2.8,10.08,6.47,38.12,0,73.3,4.42,224.93,5.87,225.16
2023,4,18,16,1.15,1.34,2.26,130,150.35,16.08,0.25,1.25,16.47,2.72,9.59,6.41,40.12,0,73.28,3.68,224.83,4.94,225.06
2023,4,18,17,0.54,0.54,1.22,57.52,58.7,7.05,0.05,0.23,15.04,3.7,9.37,6.9,47.5,0,73.29,2.29,220.98,3.25,221.39
2023,4,18,18,0.05,0.05,0.2,4.3,5.52,0.59,0,0,11.93,4.44,8.19,7.32,61.56,0.03,73.34,1.05,219.59,2.06,220.22
2023,4,18,19,0,0,0,0,0,0,0,0,11.3,3.25,7.27,6.65,58.62,0.02,73.39,0.93,227.05,1.58,227
2023,4,18,20,0,0,0,0,0,0,0,0,11.23,2.44,6.83,6.29,55.5,0.01,73.44,0.69,240.26,1.06,240.05
2023,4,18,21,0,0,0,0,0,0,0,0,10.8,2.02,6.41,6.1,55.31,0.01,73.47,0.54,272.49,0.82,272.18
2023,4,18,22,0,0,0,0,0,0,0,0,10.12,1.83,5.98,6.04,57.12,0,73.46,0.57,309.4,0.88,308.9
2023,4,18,23,0,0,0,0,0,0,0,0,9.57,1.58,5.58,5.92,58.31,0,73.41,0.7,332,1.11,333.62
2023,4,19,0,0,0,0,0,0,0,0,0,9,1.33,5.16,5.8,59.5,0,73.35,0.86,342.06,1.38,343.21
2023,4,19,1,0,0,0,0,0,0,0,0,8.28,1.02,4.65,5.68,61.19,0,73.29,1.01,347.04,1.68,347.12
2023,4,19,2,0,0,0,0,0,0,0,0,7.55,0.62,4.08,5.55,62.62,0,73.23,1.13,350.41,1.96,350.35
2023,4,19,3,0,0,0,0,0,0,0,0,6.64,0.02,3.33,5.31,64.06,0,73.19,1.22,353.01,2.23,352.75
2023,4,19,4,0,0,0,0,0,0,0,0,5.93,-0.71,2.61,5.13,64.25,0,73.16,1.27,357.17,2.39,357.19
2023,4,19,5,0,0,0,0,0,0,0,0,5.51,-1.39,2.06,4.88,63.19,0,73.15,1.28,0.7,2.47,0.91
2023,4,19,6,0.33,0.34,0.75,35.02,36.33,4.33,0.02,0.08,6.99,-0.57,3.21,5.31,62.06,0,73.16,1.38,355.78,2.48,359.64
2023,4,19,7,1.08,1.16,1.82,121.5,131.9,14.73,0.17,0.85,11.3,-1.73,4.79,5,43.69,0,73.18,1.46,347.01,1.99,349.13
2023,4,19,8,1.92,2.04,2.8,223.9,239.27,29.07,0.59,2.95,14.67,-2.42,6.12,4.58,32.12,0,73.19,1.26,249.65,1.56,249.48
2023,4,19,9,2.62,2.81,3.62,312.88,332.42,42.44,1.16,6,16.78,-1.2,7.79,4.94,30.25,0,73.2,2.78,224.09,3.5,224.19
2023,4,19,10,3.15,3.38,4.23,381.08,401.02,53.03,1.7,8.73,18.26,-0.1,9.08,5.31,29.69,0,73.18,3.91,219.57,4.98,219.59
2023,4,19,11,3.15,3.7,4.58,384.83,439.5,54.77,1.91,10,19.15,1.05,10.1,5.74,30.31,0,73.15,4.69,218.38,6,218.39
2023,4,19,12,2.54,3.3,4.64,301.52,376.75,39.19,1.3,6.85,19.43,2.12,10.77,6.16,32.06,0.01,73.1,5.02,219.69,6.45,219.69
2023,4,19,13,2.57,3.08,4.42,302.58,352.17,38.59,1.22,6.3,19.37,2.77,11.08,6.47,33.62,0.02,73.04,5.05,222.18,6.52,222.14
2023,4,19,14,2.11,2.6,3.92,245.62,297.25,30.98,0.87,4.45,19.15,2.97,11.06,6.59,34.56,0.03,72.98,5.07,224.75,6.61,224.71
2023,4,19,15,1.52,1.91,3.19,173.73,213,21.09,0.48,2.4,18.19,2.91,10.55,6.53,36.56,0.03,72.93,4.76,225.87,6.29,225.86
2023,4,19,16,0.94,1.21,2.27,105.55,133,12.8,0.2,0.98,17.01,2.74,9.88,6.47,38.88,0.04,72.9,4.1,226.62,5.5,226.78
2023,4,19,17,0.41,0.53,1.23,45.02,58.6,5.55,0.04,0.17,15.28,3.51,9.4,6.9,46.25,0.05,72.9,2.58,225.86,3.65,226.13
2023,4,19,18,0.06,0.05,0.21,4.67,5.7,0.62,0,0,12.4,4.9,8.65,7.63,61.94,0.04,72.92,1.11,224.14,2.2,224.71
2023,4,19,19,0,0,0,0,0,0,0,0,10.97,4.15,7.56,7.2,64.25,0.05,72.96,1,230.08,1.99,230.43
2023,4,19,20,0,0,0,0,0,0,0,0,10.8,3.55,7.17,6.9,62.19,0.04,73,0.98,238.96,1.74,239.17
2023,4,19,21,0,0,0,0,0,0,0,0,10.81,3.01,6.91,6.59,59.69,0.03,73.04,0.9,248.11,1.45,248.14
2023,4,19,22,0,0,0,0,0,0,0,0,10.69,2.69,6.69,6.47,58.75,0.02,73.04,0.77,255.82,1.17,256.15
2023,4,19,23,0,0,0,0,0,0,0,0,10.28,2.5,6.39,6.41,59.69,0.01,73.02,0.67,267.34,1.06,267.46
2023,4,20,0,0,0,0,0,0,0,0,0,10.12,2.47,6.29,6.41,60.25,0.01,72.99,0.62,283.86,0.97,283.03
2023,4,20,1,0,0,0,0,0,0,0,0,10.02,2.51,6.26,6.41,60.94,0,72.94,0.59,294.88,0.92,295.05
2023,4,20,2,0,0,0,0,0,0,0,0,10.18,2.24,6.21,6.29,59.06,0,72.89,0.58,302.83,0.87,301.84
2023,4,20,3,0,0,0,0,0,0,0,0,10.03,2.03,6.03,6.16,58.69,0,72.85,0.58,305.63,0.86,303.84
2023,4,20,4,0,0,0,0,0,0,0,0,9.67,1.95,5.81,6.16,59.81,0,72.83,0.6,308.07,0.89,306.47
2023,4,20,5,0,0,0,0,0,0,0,0,9.3,1.8,5.55,6.1,60.69,0,72.85,0.64,322.43,0.97,320.55
2023,4,20,6,0.37,0.39,0.77,41,44,4.81,0.02,0.08,9.93,2.65,6.29,6.53,62.5,0,72.89,0.74,322.28,1.06,324.9
2023,4,20,7,1.12,1.24,1.83,129.35,146.58,15.81,0.19,0.95,12.42,2.88,7.65,6.77,54.88,0,72.94,1.05,266.58,1.35,266.67
2023,4,20,8,1.98,2.12,2.81,236.33,253.2,31.27,0.66,3.25,14.78,1.87,8.33,6.23,43.31,0,72.98,2.39,233.77,3.02,233.84
2023,4,20,9,2.64,2.87,3.63,320,343.95,44.2,1.23,6.38,16.7,1.77,9.24,6.16,37.88,0,73.01,3.34,226.99,4.22,226.95
2023,4,20,10,3.08,3.43,4.24,376.67,410.95,53.4,1.75,9.02,17.99,2.14,10.06,6.29,35.69,0,73.01,4.19,224.77,5.31,224.76
2023,4,20,11,3.11,3.74,4.58,385.73,449.42,55.41,1.97,10.38,18.64,2.65,10.65,6.53,35.38,0,72.97,4.82,225.59,6.18,225.51
2023,4,20,12,2.76,3.56,4.64,341.15,422.7,47.09,1.65,8.73,18.8,3.17,10.98,6.71,36.19,0.01,72.91,5.31,227.68,6.89,227.67
2023,4,20,13,2.32,3.35,4.42,284.2,396.05,39.23,1.32,6.8,18.59,3.47,11.03,6.84,37.38,0.02,72.84,5.64,231.13,7.4,231.09
2023,4,20,14,2.09,2.9,3.93,253.52,342.3,34.56,1.05,5.42,18.32,3.56,10.94,6.9,38.19,0.03,72.76,5.76,236.29,7.63,236.28
2023,4,20,15,1.54,2.24,3.2,186.3,262.98,24.86,0.62,3.12,17.87,3.28,10.58,6.77,38.38,0.05,72.69,5.77,241.18,7.72,241.26
2023,4,20,16,0.92,1.44,2.28,107.83,166.98,13.88,0.23,1.15,17.02,2.69,9.86,6.47,38.75,0.05,72.66,5.53,244.56,7.47,244.67
2023,4,20,17,0.49,0.63,1.23,55.02,71.02,6.79,0.05,0.25,15.3,2.08,8.69,6.16,41.38,0.04,72.68,4.43,249.59,6.16,249.75
2023,4,20,18,0.06,0.06,0.21,5.3,6.73,0.73,0,0.02,11.67,2.49,7.08,6.41,54.31,0.22,72.72,2.01,258.56,3.41,258.9
2023,4,20,19,0,0,0,0,0,0,0,0,9.58,2.5,6.05,6.41,62.62,0.12,72.77,1.34,269.33,2.87,269.22
2023,4,20,20,0,0,0,0,0,0,0,0,8.76,2.3,5.53,6.35,65.5,0.07,72.84,1.23,275.82,2.75,275.87
2023,4,20,21,0,0,0,0,0,0,0,0,8.33,2.03,5.18,6.23,66.25,0.05,72.88,1.16,280.86,2.53,280.86
2023,4,20,22,0,0,0,0,0,0,0,0,7.89,1.48,4.69,5.98,65.56,0.04,72.91,1.16,286.37,2.34,286.68
2023,4,20,23,0,0,0,0,0,0,0,0,7.69,0.98,4.33,5.74,64,0.02,72.9,1.14,296.92,2.15,297.03
2023,4,21,0,0,0,0,0,0,0,0,0,7.51,0.45,3.98,5.55,62.31,0.01,72.87,1.14,313.06,2.06,313.15
2023,4,21,1,0,0,0,0,0,0,0,0,7.2,-0.01,3.59,5.37,61.56,0.34,72.83,1.2,328.07,2,328.23
2023,4,21,2,0,0,0,0,0,0,0,0,6.94,0.23,3.58,5.49,64.12,0.34,72.79,1.25,337.13,2.08,337.68
2023,4,21,3,0,0,0,0,0,0,0,0,6.47,-0.04,3.21,5.37,65.06,0.33,72.76,1.37,341.36,2.28,342.43
2023,4,21,4,0,0,0,0,0,0,0,0,5.96,-0.5,2.73,5.19,64.94,0,72.76,1.21,344.97,2.15,345.26
2023,4,21,5,0,0,0,0,0,0,0,0,6.09,-0.57,2.76,5.19,64.12,0,72.8,1.1,343.89,2.01,343.32
2023,4,21,6,0.22,0.39,0.79,26.4,43.33,3.41,0.02,0.08,7.56,0.35,3.95,5.68,63.88,0,72.88,1.05,328.09,1.77,334.11
2023,4,21,7,0.82,1.22,1.84,95.88,141.7,12.72,0.16,0.8,10.24,-0.83,4.7,5.31,49.56,0,72.96,1.16,297.6,1.61,301.68
2023,4,21,8,1.46,2.1,2.82,178.9,248.42,24.97,0.55,2.77,12.82,-2.53,5.14,4.52,35.94,0,73.02,1.93,256.64,2.46,256.98
2023,4,21,9,2.17,2.84,3.64,267,338.42,37.22,1.06,5.7,14.95,-2.95,6.01,4.33,29.94,0,73.05,2.75,238.84,3.44,238.66
2023,4,21,10,2.21,3.38,4.25,283.15,403.92,40.36,1.34,6.6,16.21,-2.94,6.63,4.33,27.5,0,73.04,3.5,229.88,4.4,229.89
2023,4,21,11,2.54,3.68,4.59,324.98,440.7,46.23,1.64,8.23,16.4,-2.68,6.86,4.39,27.69,0,73.02,4.2,224.55,5.35,224.64
2023,4,21,12,2.41,3.47,4.65,301.77,408.33,39.78,1.38,7.02,16.79,-2.18,7.3,4.58,28.12,0.01,72.98,4.67,225,5.98,225.05
2023,4,21,13,2.12,3.22,4.43,258.67,377.27,34.7,1.16,5.77,17.12,-1.27,7.93,4.88,29.38,0.07,72.93,5.11,225.56,6.56,225.53
2023,4,21,14,1.85,2.78,3.93,223.7,323.55,29.09,0.87,4.48,16.65,-0.1,8.27,5.31,32.75,0.15,72.87,5.45,225.23,7.07,225.22
2023,4,21,15,1.46,2.16,3.2,175.6,250.95,23.16,0.57,2.92,15.6,0.75,8.17,5.68,37.19,0.16,72.82,5.52,224.71,7.25,224.74
2023,4,21,16,0.79,1.39,2.28,93.85,159.55,12.49,0.22,1.1,14.02,1.33,7.67,5.86,42.88,0.12,72.79,5.15,224.69,6.9,224.68
2023,4,21,17,0.37,0.61,1.24,44.08,68.38,5.61,0.04,0.23,12.6,1.79,7.19,6.1,48.69,0.08,72.8,4.11,226.31,5.65,226.35
2023,4,21,18,0.05,0.06,0.22,4.52,6.7,0.61,0,0,10.01,3.09,6.55,6.77,64.25,0.08,72.84,2.01,230.37,3.26,230.35
2023,4,21,19,0,0,0,0,0,0,0,0,8.69,2.96,5.83,6.71,69.62,0.07,72.9,1.26,235.12,2.33,235.24
2023,4,21,20,0,0,0,0,0,0,0,0,8.83,2.04,5.44,6.29,64.5,0.06,72.97,1.21,248.06,1.88,248.77
2023,4,21,21,0,0,0,0,0,0,0,0,8.55,1.67,5.11,6.1,64.19,0.05,73.01,0.73,280.47,1.07,284.34
2023,4,21,22,0,0,0,0,0,0,0,0,7.73,1.48,4.6,6.1,67.62,0.04,73,0.66,317.86,1.06,328.31
2023,4,21,23,0,0,0,0,0,0,0,0,6.85,0.98,3.91,5.92,69.69,0.03,72.97,0.7,332.57,1.23,346.41
2023,4,22,0,0,0,0,0,0,0,0,0,5.94,0.3,3.12,5.62,70.38,0.01,72.93,0.76,341.38,1.39,354.51
2023,4,22,1,0,0,0,0,0,0,0,0,5.13,-0.06,2.53,5.43,72.19,0,72.87,0.79,353.72,1.53,2.94
2023,4,22,2,0,0,0,0,0,0,0,0,4.62,-0.45,2.09,5.31,72.81,0,72.83,0.9,351.52,1.71,1.05
2023,4,22,3,0,0,0,0,0,0,0,0,4.56,-0.82,1.87,5.13,71.06,0,72.81,0.88,349.79,1.61,359.44
2023,4,22,4,0,0,0,0,0,0,0,0,4.69,-1.14,1.77,5,68.62,0,72.81,0.8,348.69,1.41,357.14
2023,4,22,5,0,0,0,0,0,0,0,0,4.83,-1.56,1.63,4.88,66.06,0,72.83,0.74,339.66,1.25,348.06
2023,4,22,6,0.38,0.41,0.81,41.9,45.35,5.02,0.02,0.08,5.88,-0.76,2.56,5.37,67.31,0,72.87,0.66,315.95,1.03,331.49
2023,4,22,7,1.13,1.21,1.86,128.92,140.83,15.74,0.18,0.9,8.53,-1.13,3.7,5.19,54.62,0,72.93,0.58,253.52,0.74,254.64
2023,4,22,8,1.87,2.04,2.84,221.1,241.1,28.9,0.57,2.85,10.58,-1.08,4.75,5.31,48.5,0,72.98,1.88,214.15,2.33,214.76
2023,4,22,9,2.52,2.81,3.65,305.45,335.73,41.66,1.11,5.6,12.1,-1.08,5.51,5.31,44,0,73.02,2.76,216.71,3.4,216.79
2023,4,22,10,2.85,3.37,4.25,349.5,403.33,48.9,1.53,7.83,13.27,-0.78,6.24,5.37,41.31,0.01,73.02,3.61,217.34,4.48,217.35
2023,4,22,11,2.96,3.71,4.6,369,444.02,52.68,1.8,9.3,14.01,0.03,7.01,5.62,40.88,0.05,73.01,4.2,218.43,5.27,218.43
2023,4,22,12,2.82,3.73,4.66,352.23,446.25,50.27,1.74,9.08,14.22,0.98,7.59,5.92,42.5,0.26,72.97,4.48,220.97,5.64,221.01
2023,4,22,13,2.58,3.51,4.43,317.88,417.17,45.05,1.48,7.62,13.74,1.59,7.67,6.1,45.5,0.83,72.92,4.47,225,5.66,225.06
2023,4,22,14,2.14,2.97,3.94,260.02,350.62,35.83,1.05,5.38,13.15,1.9,7.53,6.29,48.31,1.26,72.87,4.37,229.35,5.56,229.33
2023,4,22,15,1.62,2.29,3.21,192.8,266.67,25.98,0.62,3.1,12.3,1.97,7.13,6.29,51.44,1.44,72.84,4.1,230.88,5.26,230.9
2023,4,22,16,1.07,1.5,2.29,123.62,173.7,16.11,0.26,1.27,11.27,1.94,6.61,6.35,55.12,1.11,72.83,3.61,231.07,4.69,230.95
2023,4,22,17,0.49,0.67,1.25,54.95,74.35,6.83,0.05,0.23,9.93,2.68,6.3,6.77,64.5,0.64,72.84,2.69,231.13,3.64,230.84
2023,4,22,18,0.07,0.07,0.23,5.9,7.45,0.81,0,0.02,7.96,4.29,6.12,7.81,85.12,0.39,72.86,1.58,234.03,2.48,232.41
2023,4,22,19,0,0,0,0,0,0,0,0,7.16,3.69,5.43,7.32,84.62,0.35,72.9,1.2,236.1,1.9,234.54
2023,4,22,20,0,0,0,0,0,0,0,0,6.96,2.87,4.91,6.84,79.94,0.32,72.95,1.1,239.6,1.67,239.13
2023,4,22,21,0,0,0,0,0,0,0,0,6.62,2.15,4.38,6.47,77.38,0.28,72.99,1.18,252.65,1.72,252.3
2023,4,22,22,0,0,0,0,0,0,0,0,6.12,1.64,3.88,6.23,77.06,0.27,72.99,1.09,270,1.59,271.41
2023,4,22,23,0,0,0,0,0,0,0,0,5.57,1.36,3.46,6.1,78.31,0.29,72.97,0.91,284.87,1.39,287.62
2023,4,23,0,0,0,0,0,0,0,0,0,5.28,1.12,3.2,5.98,78.88,0.23,72.94,0.86,299.36,1.32,305.38
2023,4,23,1,0,0,0,0,0,0,0,0,4.9,0.49,2.7,5.8,78.06,0.15,72.91,0.87,313.55,1.37,321.24
2023,4,23,2,0,0,0,0,0,0,0,0,4.37,-0.11,2.13,5.55,78.06,0.08,72.89,0.88,325.89,1.45,335.5
2023,4,23,3,0,0,0,0,0,0,0,0,3.85,-0.66,1.59,5.37,78.06,0.05,72.89,0.88,332.98,1.53,343.13
2023,4,23,4,0,0,0,0,0,0,0,0,3.44,-1.25,1.09,5.13,76.81,0.02,72.91,0.91,339.39,1.62,347.71
2023,4,23,5,0,0,0,0,0,0,0,0,3.12,-1.69,0.72,4.94,75.31,0.01,72.93,0.93,347.94,1.66,351.34
2023,4,23,6,0.36,0.4,0.83,40,42.98,5,0.02,0.1,4.36,-1.02,1.67,5.37,75.31,0,72.98,1.02,334.61,1.68,343
2023,4,23,7,1.01,1.2,1.87,113.7,136.73,14.17,0.17,0.85,7.58,-1.28,3.15,5.19,58.5,0,73.03,0.89,322.83,1.17,323.66
2023,4,23,8,1.71,2.06,2.85,201.6,239.6,26.62,0.55,2.73,9.94,-1.88,4.02,4.88,46.75,0,73.07,1.32,225.72,1.65,226.34
2023,4,23,9,2.31,2.8,3.66,276.88,328.75,37.74,1.02,5.33,11.58,-1.77,4.9,4.82,41.56,0,73.1,2.64,212.42,3.27,212.63
2023,4,23,10,2.78,3.33,4.26,336.8,393.3,46.48,1.46,7.4,12.69,-1.06,5.81,5.07,40.5,0,73.12,3.45,207.2,4.32,207.26
2023,4,23,11,2.97,3.6,4.6,363,424.7,50.11,1.7,8.7,13.34,-0.02,6.65,5.43,41.62,0.01,73.11,3.95,204.94,4.95,205.03
2023,4,23,12,2.17,3.58,4.66,273.6,419.67,37.9,1.3,6.65,13.5,0.94,7.22,5.8,43.94,0.01,73.09,4.1,205.39,5.15,205.44
2023,4,23,13,2.28,3.39,4.44,282.35,397.85,38.55,1.29,6.45,13.2,1.67,7.44,6.1,47.12,0.02,73.06,3.99,207.02,5.01,206.96
2023,4,23,14,1.99,2.91,3.94,241.42,339.9,32.41,0.95,4.85,12.5,2.14,7.32,6.35,51.12,0.09,73.03,3.83,208.82,4.82,208.77
2023,4,23,15,1.42,2.18,3.21,168.98,249.73,22.48,0.54,2.73,11.48,2.5,6.99,6.53,56.31,0.48,73.02,3.51,210.16,4.45,210.12
2023,4,23,16,0.85,1.45,2.3,100.27,165.7,12.87,0.2,1,10.23,2.76,6.49,6.71,62.75,1.32,73.03,3.01,210.76,3.88,210.49
2023,4,23,17,0.36,0.62,1.26,40.9,68.23,5.16,0.03,0.17,8.98,3.35,6.16,7.02,71.81,2.14,73.06,2.26,210.56,3,209.97
2023,4,23,18,0.06,0.06,0.23,5.42,6.73,0.62,0,0,7.41,4.43,5.92,7.75,87.75,0.17,73.09,1.17,206.91,1.76,205.54
2023,4,23,19,0,0,0,0,0,0,0,0,6.58,5.12,5.85,8.24,98.69,0.13,73.13,0.61,205.91,1.06,202.04
2023,4,23,20,0,0,0,0,0,0,0,0,6.3,4.74,5.51,8,97.75,0.07,73.18,0.47,204.44,0.82,202.91
2023,4,23,21,0,0,0,0,0,0,0,0,6.01,3.88,4.94,7.45,92.94,0.02,73.22,0.21,229.64,0.38,233.37
2023,4,23,22,0,0,0,0,0,0,0,0,5.35,3.45,4.4,7.2,94.25,0.01,73.23,0.35,322.35,0.57,319.48
2023,4,23,23,0,0,0,0,0,0,0,0,4.87,2.93,3.9,6.96,94,0,73.2,0.57,332.39,0.96,332.39
2023,4,24,0,0,0,0,0,0,0,0,0,4.68,2.27,3.48,6.65,91.25,0,73.17,0.68,334.03,1.13,333.26
2023,4,24,1,0,0,0,0,0,0,0,0,4.67,1.63,3.15,6.35,87.5,0,73.13,0.72,328.39,1.14,327.83
2023,4,24,2,0,0,0,0,0,0,0,0,4.52,1.07,2.8,6.1,84.94,0,73.1,0.74,323.62,1.17,323.13
2023,4,24,3,0,0,0,0,0,0,0,0,4.37,0.53,2.45,5.86,82.31,0,73.09,0.77,329.53,1.2,329.1
2023,4,24,4,0,0,0,0,0,0,0,0,4.2,-0.07,2.06,5.62,79.56,0,73.12,0.77,342.85,1.18,342.65
2023,4,24,5,0,0,0,0,0,0,0,0,4.01,-0.64,1.68,5.31,76.94,0,73.17,0.78,358.85,1.2,358.88
2023,4,24,6,0.12,0.32,0.85,14.08,34.1,1.84,0.01,0.02,5.1,-0.27,2.41,5.62,74.81,0,73.24,0.82,12.59,1.24,11.66
2023,4,24,7,0.39,1,1.89,47.92,110.25,6.39,0.09,0.4,8.12,-0.1,4.01,5.62,60.94,0,73.31,0.21,114.62,0.25,107.88
2023,4,24,8,0.53,1.83,2.86,70.92,208.15,9.8,0.2,1.02,10.26,0.2,5.23,5.62,52.94,0,73.36,1.49,181.5,1.84,180.97
2023,4,24,9,0.66,2.52,3.67,91.88,288.8,12.61,0.33,1.73,11.98,0.44,6.21,5.68,47.56,0,73.39,2.37,180.57,2.93,180.46
2023,4,24,10,1.04,3.09,4.27,139.92,358.73,18.94,0.59,2.9,13.18,0.94,7.06,5.86,45.44,0,73.4,3.17,182.83,3.93,182.85
2023,4,24,11,0.91,3.41,4.61,129.73,399.4,17.87,0.59,2.92,13.69,1.76,7.73,6.16,46.38,0,73.38,3.75,187.07,4.69,187.18
2023,4,24,12,0.81,3.44,4.67,117.75,404.5,16.62,0.55,2.75,13.66,2.55,8.11,6.53,49.06,0.02,73.35,4.07,192.3,5.13,192.41
2023,4,24,13,0.71,3.27,4.44,100.75,386.35,14.34,0.46,2.27,13.15,3.11,8.12,6.77,52.75,0.04,73.32,4.26,197.17,5.42,197.29
2023,4,24,14,1.13,2.83,3.95,148.73,333.98,21.03,0.64,3.27,12.18,3.62,7.9,7.02,58.19,0.07,73.28,4.38,200.99,5.64,201.09
2023,4,24,15,0.88,2.18,3.22,112.42,255.77,15.63,0.39,1.98,11.43,4.01,7.72,7.2,62.56,0.08,73.24,4.22,202.67,5.46,202.75
2023,4,24,16,0.72,1.35,2.3,84.83,155.35,10.97,0.18,0.88,10.64,4.05,7.34,7.2,65.88,0.08,73.24,3.9,203.64,5.1,203.66
2023,4,24,17,0.32,0.57,1.26,35.8,63.35,4.5,0.03,0.15,9.76,4.01,6.88,7.2,69.75,0.06,73.25,3.32,203.55,4.45,203.73
2023,4,24,18,0.07,0.06,0.24,6.25,6.9,0.84,0,0.02,8.31,4.37,6.34,7.45,79.69,0.06,73.28,1.94,201.5,2.89,201.92
2023,4,24,19,0,0,0,0,0,0,0,0,7.23,4.36,5.8,7.45,85.88,0.03,73.31,1.48,200.06,2.54,200.72
2023,4,24,20,0,0,0,0,0,0,0,0,7.01,4.23,5.62,7.39,86.19,0.02,73.36,1.51,199.37,2.57,200.31
2023,4,24,21,0,0,0,0,0,0,0,0,6.54,3.75,5.14,7.08,85.81,0.01,73.41,1.53,202.51,2.41,203.25
2023,4,24,22,0,0,0,0,0,0,0,0,6.01,3.19,4.6,6.84,86.06,0.01,73.42,1.22,211.66,1.85,212.21
2023,4,24,23,0,0,0,0,0,0,0,0,5.44,2.55,3.99,6.59,86.31,0.01,73.41,0.61,226.04,0.84,228.01
2023,4,25,0,0,0,0,0,0,0,0,0,4.41,1.94,3.17,6.41,89.62,0.01,73.39,0.23,283.57,0.4,311.08
2023,4,25,1,0,0,0,0,0,0,0,0,3.56,1.22,2.39,6.1,91.06,0,73.34,0.44,344.48,0.92,352.21
2023,4,25,2,0,0,0,0,0,0,0,0,3.15,0.3,1.73,5.74,88.19,0,73.3,0.74,350.24,1.34,353.99
2023,4,25,3,0,0,0,0,0,0,0,0,3.05,-0.6,1.23,5.37,83.31,0,73.27,0.86,353.2,1.48,354.86
2023,4,25,4,0,0,0,0,0,0,0,0,3.04,-1.46,0.79,5.07,78.12,0,73.27,0.86,352.68,1.45,353.83
2023,4,25,5,0,0,0,0,0,0,0,0,3.12,-2.16,0.48,4.76,73.12,0,73.29,0.85,352.61,1.41,352.99
2023,4,25,6,0.24,0.35,0.87,26.62,37.75,3.28,0.02,0.08,4.8,-1.89,1.45,5,68.19,0,73.34,0.76,333.7,1.21,341.57
2023,4,25,7,0.78,1.08,1.9,89.58,120.55,11.62,0.15,0.7,7.88,-1.19,3.35,5.13,56.69,0.01,73.39,0.84,241.05,1.02,241.67
2023,4,25,8,1.43,1.95,2.87,171.2,224.95,22.84,0.47,2.38,9.96,-1.16,4.4,5.07,48.75,0,73.43,2.13,207.22,2.64,207.1
2023,4,25,9,1.8,2.7,3.68,218.02,315.08,30.09,0.81,4.23,11.55,-0.77,5.39,5.19,44.62,0,73.45,2.83,199.54,3.5,199.57
2023,4,25,10,2.24,3.28,4.27,272.92,386.05,38.12,1.19,6,12.73,-0.27,6.23,5.31,42.69,0,73.44,3.49,199.61,4.34,199.58
2023,4,25,11,2.39,3.61,4.61,296.55,426.27,41.87,1.41,7.17,13.43,0.47,6.95,5.55,42.62,0,73.41,4.04,202.75,5.05,202.76
2023,4,25,12,2.39,3.66,4.67,299.77,431.9,42.3,1.45,7.5,13.5,1.21,7.35,5.86,44.56,0.01,73.36,4.33,206.61,5.43,206.6
2023,4,25,13,2.21,3.43,4.44,271.4,403.27,38.3,1.27,6.45,13.36,1.74,7.55,6.1,46.62,0.01,73.29,4.44,209.86,5.61,209.92
2023,4,25,14,1.64,3,3.95,203.3,351.73,28.52,0.84,4.25,12.91,1.99,7.45,6.23,48.88,0.02,73.23,4.49,212.56,5.71,212.54
2023,4,25,15,1.39,2.35,3.22,173.62,274.05,23.84,0.58,2.9,12.15,2.14,7.15,6.29,51.88,0.04,73.18,4.29,214.38,5.51,214.37
2023,4,25,16,0.8,1.53,2.31,94.8,175.58,12.65,0.2,1,11.25,2.21,6.73,6.29,55.25,0.03,73.16,3.87,216.29,5.03,216.41
2023,4,25,17,0.36,0.68,1.27,41.7,74.62,5.43,0.04,0.17,10.17,2.16,6.17,6.29,59.12,0.02,73.15,3.13,218.82,4.17,218.91
2023,4,25,18,0.07,0.07,0.24,6.3,7.65,0.88,0,0.02,8.53,2.99,5.76,6.71,70.94,0.2,73.17,1.59,220.02,2.43,220.18
2023,4,25,19,0,0,0,0,0,0,0,0,7.43,3.24,5.33,6.9,78.12,0.14,73.2,0.9,223.59,1.74,222.81
2023,4,25,20,0,0,0,0,0,0,0,0,6.89,2.51,4.7,6.47,76.38,0.09,73.24,0.82,228.09,1.5,227.75
2023,4,25,21,0,0,0,0,0,0,0,0,6.71,2.02,4.37,6.23,74.44,0.05,73.27,0.74,238.31,1.22,238.34
2023,4,25,22,0,0,0,0,0,0,0,0,6.44,1.76,4.09,6.1,74.44,0.03,73.27,0.54,265.86,0.85,265.24
2023,4,25,23,0,0,0,0,0,0,0,0,6.14,1.59,3.87,6.04,75.12,0.01,73.25,0.51,298.54,0.78,298.61
2023,4,26,0,0,0,0,0,0,0,0,0,5.94,1.44,3.69,5.98,75.25,0,73.22,0.54,309.17,0.83,309.25
2023,4,26,1,0,0,0,0,0,0,0,0,5.51,1.26,3.39,5.92,76.56,0,73.18,0.56,318.37,0.9,318.53
2023,4,26,2,0,0,0,0,0,0,0,0,5.22,1.04,3.12,5.8,76.81,0,73.14,0.59,318.24,0.92,318.45
2023,4,26,3,0,0,0,0,0,0,0,0,4.77,0.85,2.81,5.74,78.06,0,73.12,0.64,330,1.03,330.9
2023,4,26,4,0,0,0,0,0,0,0,0,4.31,0.63,2.47,5.62,79.38,0,73.1,0.76,352.29,1.27,353.31
2023,4,26,5,0,0,0,0,0,0,0,0,4.02,0.24,2.13,5.49,78.88,0,73.11,0.88,0.51,1.52,1.18
2023,4,26,6,0.38,0.39,0.89,41.83,42.23,5.28,0.02,0.1,5.72,0.89,3.3,5.86,74.81,0,73.15,0.85,354.71,1.41,0
2023,4,26,7,1.08,1.17,1.91,122.05,132.73,14.97,0.18,0.9,9.1,0.37,4.74,5.68,57.38,0,73.2,0.79,244.71,0.95,245.32
2023,4,26,8,1.73,2.04,2.88,204.4,238.67,26.54,0.55,2.75,11.26,0.19,5.73,5.49,48.44,0,73.24,2.3,218.39,2.89,218.3
2023,4,26,9,2.41,2.81,3.69,293.8,333.85,39.4,1.07,5.67,13.08,0.47,6.77,5.62,43.56,0,73.25,2.97,210.81,3.74,210.8
2023,4,26,10,2.99,3.37,4.28,365.48,401.92,49.78,1.59,7.88,14.33,1.11,7.72,5.8,41.88,0.02,73.26,4.02,207.66,5.1,207.66
2023,4,26,11,3.11,3.69,4.62,384.4,440.15,53.38,1.84,9.27,14.73,2.02,8.37,6.16,43.25,0.07,73.24,4.6,209.26,5.87,209.26
2023,4,26,12,3.01,3.68,4.67,369.7,435.27,50.66,1.75,8.95,14.55,2.6,8.58,6.41,45.38,0.11,73.19,4.77,212.08,6.09,212.06
2023,4,26,13,2.55,3.44,4.45,309.25,403.52,42.69,1.4,7,14.09,2.88,8.49,6.53,47.69,0.19,73.13,4.83,215.18,6.23,215.2
2023,4,26,14,2.14,2.99,3.95,255.88,350.73,35.22,1.03,5.33,13.53,3.11,8.32,6.65,50.38,0.51,73.08,4.76,218.73,6.19,218.75
2023,4,26,15,1.67,2.33,3.22,199.08,271.17,26.8,0.63,3.23,12.7,3.3,8.01,6.77,54.12,0.63,73.04,4.33,220.61,5.68,220.59
2023,4,26,16,1.06,1.51,2.31,124.65,171.98,16.26,0.27,1.3,11.81,3.48,7.65,6.9,58.31,0.36,73.03,3.69,220.97,4.87,220.97
2023,4,26,17,0.45,0.66,1.28,51.35,72.08,6.49,0.05,0.23,10.82,3.81,7.31,7.08,63.94,0.28,73.04,2.95,219.84,3.98,219.82
2023,4,26,18,0.08,0.07,0.25,6.85,7.7,0.93,0,0.02,8.74,5.01,6.87,7.87,81.31,0.09,73.07,1.46,218.28,2.39,217.43
2023,4,26,19,0,0,0,0,0,0,0,0,7.51,4.26,5.88,7.39,83.31,0.08,73.12,0.96,217.06,1.8,216.37
2023,4,26,20,0,0,0,0,0,0,0,0,7.31,3.78,5.55,7.14,81.38,0.05,73.18,0.86,218.01,1.56,218.3
2023,4,26,21,0,0,0,0,0,0,0,0,6.98,3.28,5.13,6.84,80.06,0.03,73.24,0.84,229.51,1.47,229.96
2023,4,26,22,0,0,0,0,0,0,0,0,6.85,2.99,4.92,6.71,79.19,0.03,73.24,0.62,248.6,1.05,247.8
2023,4,26,23,0,0,0,0,0,0,0,0,6.44,2.66,4.55,6.53,79.56,0.02,73.23,0.6,273.76,0.98,271.83
2023,4,27,0,0,0,0,0,0,0,0,0,5.78,2.19,3.98,6.35,80.69,0.01,73.18,0.65,301.2,1.06,300.17
2023,4,27,1,0,0,0,0,0,0,0,0,5.02,1.62,3.32,6.16,82.31,0.02,73.15,0.74,324.46,1.25,323.42
2023,4,27,2,0,0,0,0,0,0,0,0,4.3,1,2.65,5.92,83.31,0.02,73.12,0.84,336.31,1.48,336.41
2023,4,27,3,0,0,0,0,0,0,0,0,3.82,0.28,2.05,5.68,82.44,0.01,73.1,0.89,345.23,1.6,345.63
2023,4,27,4,0,0,0,0,0,0,0,0,3.75,-0.28,1.73,5.43,79.69,0,73.12,0.88,349.29,1.6,349.57
2023,4,27,5,0,0,0,0,0,0,0,0,3.8,-0.85,1.48,5.19,76.12,0,73.16,0.88,349.79,1.55,349.82
2023,4,27,6,0.26,0.39,0.9,28.52,40.73,3.54,0.02,0.08,5.44,-0.65,2.4,5.49,71.69,0,73.22,0.84,325.57,1.42,336.39
2023,4,27,7,0.81,1.16,1.92,92.92,127.1,11.91,0.16,0.75,8.28,-1.8,3.24,5.19,55.62,0,73.28,1,309.63,1.3,310.86
2023,4,27,8,1.32,2.03,2.89,156.42,230.4,20.95,0.45,2.23,10.69,-2.36,4.16,4.94,45.31,0,73.32,1.86,240.52,2.34,240.18
2023,4,27,9,1.85,2.79,3.7,221.4,321.12,30.26,0.83,4.35,12.71,-1.92,5.4,4.94,39.69,0,73.35,3.11,223.37,3.92,223.3
2023,4,27,10,2.32,3.2,4.29,276.55,365.1,36.32,1.13,5.62,14.2,-1.11,6.55,5.19,37.44,0,73.34,3.98,216.78,5.03,216.85
2023,4,27,11,2.19,3.64,4.62,271.38,423.23,38.14,1.3,6.58,15.05,0.15,7.6,5.55,38,0,73.32,4.54,215.41,5.76,215.46
2023,4,27,12,1.76,3.41,4.68,220.92,387.45,28.95,0.97,4.92,15.36,1.26,8.31,5.92,39.69,0.02,73.28,4.77,216.48,6.07,216.52
2023,4,27,13,1.36,3.08,4.45,171.9,344.45,21.47,0.66,3.3,15,1.87,8.43,6.1,41.94,0.03,73.22,4.82,218.15,6.19,218.23
2023,4,27,14,1.08,2.67,3.96,136.73,298.38,17.29,0.48,2.45,14.3,1.89,8.09,6.1,43.88,0.04,73.16,4.86,219.58,6.31,219.62
2023,4,27,15,1.09,1.8,3.23,126.27,190.1,15.04,0.34,1.75,13.12,1.76,7.44,6.04,46.88,0.04,73.12,4.58,223.06,6.04,223.11
2023,4,27,16,0.62,1.23,2.32,72.15,131.65,8.79,0.14,0.67,11.95,1.76,6.85,6.04,50.62,0.03,73.11,3.89,227.04,5.22,227.12
2023,4,27,17,0.35,0.46,1.29,37.4,47.02,4.2,0.03,0.15,10.82,2.49,6.65,6.41,58,0.02,73.11,2.66,228.21,3.73,228.4
2023,4,27,18,0.07,0.06,0.26,6.42,6.4,0.78,0,0.02,9.22,3.4,6.31,6.96,69.62,0.03,73.13,1.68,231.05,2.72,231.29
2023,4,27,19,0,0,0,0,0,0,0,0,8.28,3.1,5.69,6.77,72.31,0.02,73.16,1.29,237.37,2.29,236.96
2023,4,27,20,0,0,0,0,0,0,0,0,8.02,2.8,5.4,6.59,71.81,0.01,73.2,1.14,241.33,2.03,241.27
2023,4,27,21,0,0,0,0,0,0,0,0,7.85,2.3,5.07,6.35,69.94,0.01,73.24,1.01,246.4,1.73,246.56
2023,4,27,22,0,0,0,0,0,0,0,0,7.36,1.37,4.37,5.92,67.44,0.01,73.27,0.81,259.99,1.34,259.28
2023,4,27,23,0,0,0,0,0,0,0,0,6.83,0.73,3.78,5.62,66.75,0.01,73.27,0.69,285.77,1.1,284.83
2023,4,28,0,0,0,0,0,0,0,0,0,6.21,0.07,3.14,5.37,66.62,0.01,73.26,0.72,305.25,1.14,304.99
2023,4,28,1,0,0,0,0,0,0,0,0,5.73,-0.67,2.52,5.13,65.31,0.01,73.25,0.77,319.52,1.24,319.87
2023,4,28,2,0,0,0,0,0,0,0,0,5.34,-1.43,1.96,4.82,63.44,0,73.22,0.81,338.4,1.3,338.84
2023,4,28,3,0,0,0,0,0,0,0,0,5.17,-1.98,1.6,4.64,61.75,0,73.19,0.84,343.76,1.34,343.46
2023,4,28,4,0,0,0,0,0,0,0,0,4.9,-2.62,1.15,4.39,59.88,0,73.19,0.89,344.12,1.42,343.66
2023,4,28,5,0.02,0.01,0.05,1,1.08,0.15,0,0,4.59,-3,0.8,4.27,59.38,0,73.22,0.92,351.18,1.49,350.34
2023,4,28,6,0.31,0.35,0.87,33.38,37.1,4.2,0.02,0.08,5.82,-2.13,1.84,4.76,60.75,0,73.24,1.05,343.18,1.6,348.2
2023,4,28,7,1.01,1.13,1.93,111.75,124.83,13.61,0.16,0.75,9.03,-3.06,2.98,4.39,45.06,0,73.27,0.86,289.76,1.07,291.49
2023,4,28,8,1.64,1.97,2.9,188.4,223.85,23.88,0.45,2.25,11.45,-2.74,4.36,4.46,38.62,0,73.31,2.32,227.18,2.92,227.27
2023,4,28,9,2.13,2.73,3.7,254.92,314.85,33.72,0.87,4.4,13.24,-1.64,5.8,4.82,37.06,0,73.32,3.21,220.56,4.07,220.64
2023,4,28,10,2.5,3.28,4.29,301.85,381.1,40.62,1.23,6.1,14.76,-0.41,7.17,5.25,36.81,0,73.29,4.02,217.65,5.1,217.66
2023,4,28,11,2.57,3.61,4.62,315.2,422.98,43.2,1.41,7.05,15.62,0.91,8.26,5.8,38.31,0,73.25,4.64,216.79,5.93,216.81
2023,4,28,12,2.25,3.24,4.68,268.98,364.27,32.36,1.02,5.12,15.83,2.3,9.07,6.41,41.62,0.02,73.2,4.88,217.38,6.25,217.43
2023,4,28,13,1.92,3.01,4.45,221.3,335.98,27.16,0.81,4.05,15.43,3.41,9.42,6.9,46,0.1,73.15,4.86,219.58,6.23,219.6
2023,4,28,14,1.56,2.5,3.96,178.73,274.08,21.2,0.57,2.9,14.62,4.02,9.32,7.2,50.5,0.22,73.1,4.68,221.21,6.05,221.28
2023,4,28,15,1.15,1.88,3.23,131.8,204.15,15.63,0.34,1.73,13.36,4.44,8.9,7.39,56.5,0.32,73.05,4.43,220.63,5.81,220.63
2023,4,28,16,0.59,1.07,2.32,64.48,110.83,7.12,0.1,0.5,12.09,4.86,8.48,7.63,63.19,0.35,73.03,3.95,219.95,5.3,220.03
2023,4,28,17,0.31,0.42,1.29,33.02,43.27,3.71,0.02,0.1,11.12,5.4,8.26,8,70.31,0.42,73.04,3.08,216.96,4.25,216.93
2023,4,28,18,0.06,0.05,0.26,4.6,5.73,0.56,0,0,9.96,6.31,8.13,8.61,81.81,0.52,73.06,1.81,213.76,2.76,213.55
2023,4,28,19,0,0,0,0,0,0,0,0,9.27,6.38,7.83,8.67,86.44,0.49,73.09,1.23,215.2,2.16,214.67
2023,4,28,20,0,0,0,0,0,0,0,0,8.9,6.08,7.49,8.48,86.69,0.41,73.12,1.19,216.72,2.22,215.54
2023,4,28,21,0,0,0,0,0,0,0,0,8.42,5.44,6.94,8.06,85.25,0.33,73.16,1.11,222.71,2.12,221.27
2023,4,28,22,0,0,0,0,0,0,0,0,8.02,4.55,6.29,7.51,82,0.29,73.17,0.98,227.26,1.77,226.96
2023,4,28,23,0,0,0,0,0,0,0,0,7.8,3.8,5.8,7.14,78.81,0.25,73.15,0.73,243.98,1.25,243.27
2023,4,29,0,0,0,0,0,0,0,0,0,7.4,3.33,5.37,6.9,78.56,0.19,73.12,0.56,291.95,0.87,289.9
2023,4,29,1,0,0,0,0,0,0,0,0,6.62,2.77,4.7,6.65,79.94,0.13,73.09,0.71,325.78,1.12,325.53
2023,4,29,2,0,0,0,0,0,0,0,0,6.17,2.12,4.14,6.41,79.12,0.07,73.07,0.8,335.92,1.29,335.61
2023,4,29,3,0,0,0,0,0,0,0,0,5.94,1.61,3.77,6.16,77.75,0.05,73.07,0.73,341.95,1.16,343.15
2023,4,29,4,0,0,0,0,0,0,0,0,5.35,1.45,3.4,6.1,80.06,0.03,73.08,0.76,355.29,1.27,357.54
2023,4,29,5,0.02,0.01,0.05,1.1,1.12,0.16,0,0,4.89,1.45,3.17,6.1,82.5,0.01,73.11,0.79,2.27,1.47,5.19
2023,4,29,6,0.23,0.31,0.89,26.12,33.83,2.99,0.01,0.05,6.21,2.44,4.33,6.65,81.81,0,73.16,0.68,341.36,1.24,354.22
2023,4,29,7,0.77,1.09,1.94,91.65,122.33,11.79,0.14,0.67,8.92,3.02,5.97,6.77,69.81,0,73.21,0.34,275.31,0.43,280.49
2023,4,29,8,1.38,1.92,2.91,166.3,223,21.66,0.43,2.12,10.81,3.19,7,6.84,61.81,0,73.26,1.85,207.65,2.34,208.11
2023,4,29,9,2.01,2.66,3.71,244.83,313.17,32.25,0.83,4.3,12.1,3.33,7.72,6.9,57.25,0,73.29,2.81,209.49,3.53,209.4
2023,4,29,10,2.28,3.11,4.3,273.17,364.55,36.2,1.07,5.38,12.93,3.52,8.23,6.96,54.88,0.02,73.32,3.48,211.51,4.39,211.54
2023,4,29,11,2.23,3.53,4.63,278.65,418.23,38.22,1.25,6.23,13.55,3.73,8.64,7.08,53.38,0.09,73.3,3.84,212.95,4.85,212.9
2023,4,29,12,1.76,3.49,4.68,227.17,409.92,31,1.01,5.08,13.85,3.9,8.87,7.14,52.75,0.26,73.27,4.33,214.92,5.52,214.91
2023,4,29,13,1.45,3.24,4.46,188.58,378.6,25.55,0.79,3.9,13.57,4.06,8.82,7.2,54.25,0.46,73.22,4.53,216.3,5.84,216.24
2023,4,29,14,1.27,2.72,3.96,158,314.95,20.13,0.55,2.83,12.95,4.24,8.6,7.32,57.19,0.63,73.16,4.63,216.83,6.05,216.87
2023,4,29,15,0.94,2,3.24,116.33,226.17,14.63,0.33,1.62,12.27,4.46,8.37,7.39,60.75,0.65,73.12,4.48,217.35,5.94,217.41
2023,4,29,16,0.69,1.19,2.33,79.73,129.95,10.16,0.16,0.77,11.64,4.68,8.15,7.51,64.38,0.59,73.08,3.9,217.26,5.21,217.26
2023,4,29,17,0.32,0.49,1.3,37.75,52.73,4.59,0.03,0.15,10.83,5.52,8.17,8.12,72.94,0.48,73.07,2.8,215.02,3.86,214.78
2023,4,29,18,0.06,0.06,0.27,4.7,6.15,0.57,0,0,9.2,6.37,7.79,8.73,87.75,0.21,73.1,1.54,213.21,2.54,212.17
2023,4,29,19,0,0,0,0,0,0,0,0,8.39,5.85,7.12,8.42,89.25,0.2,73.15,1.04,210.82,1.99,209.88
2023,4,29,20,0,0,0,0,0,0,0,0,8.19,5.54,6.87,8.18,88.38,0.19,73.2,0.92,208.53,1.78,207.81
2023,4,29,21,0,0,0,0,0,0,0,0,7.87,5.14,6.51,7.93,87.56,0.18,73.23,0.93,212.62,1.74,212.33
2023,4,29,22,0,0,0,0,0,0,0,0,7.65,4.77,6.21,7.75,86.5,0.16,73.23,0.94,217.92,1.67,217.78
2023,4,29,23,0,0,0,0,0,0,0,0,7.38,4.46,5.92,7.57,86.06,0.12,73.22,0.94,222.31,1.63,222.48
2023,4,30,0,0,0,0,0,0,0,0,0,7.23,4.26,5.74,7.45,85.62,0.08,73.19,0.92,230.51,1.51,230.46
2023,4,30,1,0,0,0,0,0,0,0,0,7.23,3.93,5.58,7.26,83.44,0.04,73.14,0.79,240.4,1.21,240.12
2023,4,30,2,0,0,0,0,0,0,0,0,7.15,3.65,5.4,7.14,82.31,0.02,73.1,0.53,248.36,0.79,246.73
2023,4,30,3,0,0,0,0,0,0,0,0,6.72,3.54,5.13,7.08,84.56,0.01,73.08,0.31,256.68,0.47,255.5
2023,4,30,4,0,0,0,0,0,0,0,0,6.15,3.23,4.69,7.02,86.44,0,73.07,0.35,305.84,0.51,318.73
2023,4,30,5,0.02,0.01,0.06,1.08,1.15,0.15,0,0,5.83,2.86,4.34,6.9,86.88,0,73.08,0.49,328.57,0.83,345.83
2023,4,30,6,0.15,0.3,0.9,17.5,33.02,2.09,0.01,0.05,6.71,2.94,4.82,7.02,83.69,0,73.11,0.52,329.18,0.79,342.65
2023,4,30,7,0.46,0.96,1.96,56.95,106.48,7.45,0.09,0.45,8.2,2.78,5.49,6.9,74.5,0,73.16,0.33,289.29,0.42,291.8
2023,4,30,8,1.01,1.72,2.92,124.15,196.35,15.87,0.31,1.58,9.23,3.32,6.28,7.14,71.44,0,73.19,0.65,198.22,0.86,199.76
2023,4,30,9,1.15,2.42,3.72,147.9,281.12,19.48,0.5,2.6,9.61,3.93,6.77,7.32,72,0.01,73.21,0.78,197.53,1.03,198.98
2023,4,30,10,1.43,2.85,4.3,178.42,328.38,23.02,0.66,3.33,9.87,4.37,7.12,7.51,72.31,0.09,73.2,1.02,207.35,1.32,207.47
2023,4,30,11,1.35,3.27,4.63,183.98,385.35,24.94,0.8,3.95,10.57,4.65,7.61,7.63,69.75,0.23,73.16,1.44,202.67,1.83,203.07
2023,4,30,12,0.68,3.27,4.69,100.08,384.08,14.12,0.42,2.12,11.35,5.15,8.25,7.81,68.19,0.44,73.11,2.69,199.01,3.38,199.32
2023,4,30,13,0.63,2.97,4.46,90.17,344.83,12.37,0.36,1.77,10.79,5.52,8.15,8.06,72.56,0.59,73.07,3.53,207.42,4.51,207.41
2023,4,30,14,0.41,2.13,3.97,58.65,233.27,7.49,0.18,0.9,10.26,5.61,7.94,8.12,76.06,0.51,73.02,3.27,220.73,4.19,220.46
2023,4,30,15,0.45,1.85,3.24,60.62,211.02,8.34,0.18,0.9,9.92,5.33,7.62,8.06,76.81,0.24,72.98,2.78,227.16,3.55,226.87
2023,4,30,16,0.23,1.11,2.34,29.77,123.02,4.09,0.06,0.3,9.71,5.15,7.43,8,77.25,0.11,72.97,2.63,229.58,3.36,229.43
2023,4,30,17,0.13,0.46,1.31,15.17,51.1,2.07,0.02,0.08,9.12,5.18,7.15,8,80.81,0.06,72.99,2.49,227.04,3.27,227.23
2023,4,30,18,0.05,0.06,0.28,3.77,6.27,0.48,0,0,7.41,5.62,6.52,8.36,94.5,0.01,73.03,1.37,222.91,2.09,224.39
2023,4,30,19,0,0,0,0,0,0,0,0,6.52,5.52,6.02,8.24,99.62,0.02,73.08,0.91,232.34,1.5,236.48
2023,4,30,20,0,0,0,0,0,0,0,0,6.4,5.59,6,8.3,100,0.03,73.14,0.73,246.16,1.2,253.8
2023,4,30,21,0,0,0,0,0,0,0,0,6.34,5.48,5.91,8.24,100,0.03,73.18,0.61,256.68,0.99,268.65
2023,4,30,22,0,0,0,0,0,0,0,0,6.36,5.3,5.83,8.12,99.19,0.04,73.17,0.55,258.53,0.84,272.68
2023,4,30,23,0,0,0,0,0,0,0,0,6.33,5.01,5.67,7.93,97,0.04,73.13,0.46,258.31,0.65,272.76
2023,5,1,0,0,0,0,0,0,0,0,0,6.25,4.68,5.47,7.75,95.12,0.03,73.06,0.35,255.65,0.45,276.01
2023,5,1,1,0,0,0,0,0,0,0,0,6.11,4.37,5.24,7.57,93.81,0.03,72.99,0.26,266.53,0.34,297.15
2023,5,1,2,0,0,0,0,0,0,0,0,6.19,4.17,5.18,7.45,91.88,0.02,72.95,0.32,268.6,0.43,285.8
2023,5,1,3,0,0,0,0,0,0,0,0,6.14,3.91,5.03,7.32,90.69,0.01,72.94,0.45,272.01,0.62,282.3
2023,5,1,4,0,0,0,0,0,0,0,0,5.91,3.56,4.74,7.14,89.94,0,72.97,0.55,271.61,0.79,275.65
2023,5,1,5,0.02,0.01,0.06,1.12,1.23,0.16,0,0,5.73,3.42,4.57,7.08,90.31,0,73.02,0.63,267.17,0.91,271.47
2023,5,1,6,0.17,0.29,0.91,20.35,31.95,2.46,0.01,0.05,6.55,3.91,5.23,7.39,89.12,0,73.06,0.71,259.81,0.96,271.4
2023,5,1,7,0.47,0.95,1.97,58.05,106.12,7.88,0.1,0.5,8.79,3.5,6.14,7.2,74.44,0,73.11,1.26,268.93,1.62,268.06
2023,5,1,8,0.73,1.72,2.93,94.42,196.95,13.14,0.27,1.38,10.69,3.05,6.87,7.08,64.44,0,73.16,2.31,243.52,2.91,243.37
2023,5,1,9,0.73,2.55,3.72,103.12,302.65,14.91,0.41,2.08,11.64,2.74,7.19,6.96,59.56,0.01,73.21,3.22,230.91,4.08,230.91
2023,5,1,10,0.9,3.15,4.31,129.4,379,19.04,0.59,2.95,11.9,3.08,7.49,7.08,59.5,0.01,73.24,3.64,225.96,4.61,225.96
2023,5,1,11,1.07,3.51,4.64,153.05,424.33,22.57,0.75,3.75,11.43,3.43,7.43,7.14,62.12,0.01,73.23,3.48,223.91,4.4,223.92
2023,5,1,12,1.04,3.54,4.69,150.52,428.95,22.27,0.74,3.75,11.08,3.52,7.3,7.14,63.62,0.01,73.18,3.25,222.47,4.1,222.45
2023,5,1,13,1.19,3.32,4.46,168.12,400.73,24.54,0.78,3.9,10.76,3.65,7.2,7.2,65.38,0.02,73.14,3.3,219.72,4.17,219.68
2023,5,1,14,0.8,2.86,3.97,111.67,343.23,16.45,0.47,2.4,10.08,3.82,6.94,7.32,69.31,0.02,73.1,3.15,218.75,4.01,218.75
2023,5,1,15,0.6,2.19,3.25,82.65,260.9,12.41,0.3,1.52,9.43,3.98,6.7,7.39,73.25,0.02,73.07,2.78,217.71,3.55,217.75
2023,5,1,16,0.33,1.42,2.34,41.9,166.12,6.28,0.11,0.52,8.9,4.11,6.51,7.51,76.75,0.01,73.06,2.5,219.55,3.19,219.54
2023,5,1,17,0.13,0.64,1.32,16.48,73.17,2.49,0.02,0.1,8.21,4.3,6.26,7.63,81.94,0.01,73.07,2.1,222.89,2.71,222.78
2023,5,1,18,0.07,0.08,0.28,6.4,8.95,0.88,0,0.02,7.25,4.52,5.88,7.81,89.44,0.01,73.12,1.34,224.76,1.9,224
2023,5,1,19,0,0,0,0,0,0,0,0,6.58,4.61,5.6,7.87,94.62,0.01,73.16,1.01,230.65,1.51,229.62
2023,5,1,20,0,0,0,0,0,0,0,0,6.37,4.53,5.45,7.87,96.06,0.01,73.2,0.86,245.3,1.18,246.15
2023,5,1,21,0,0,0,0,0,0,0,0,5.98,4.14,5.06,7.69,96.75,0,73.24,0.77,271.75,1.09,276.61
2023,5,1,22,0,0,0,0,0,0,0,0,5.58,3.44,4.51,7.39,95.38,0,73.23,0.78,286.81,1.16,291.73
2023,5,1,23,0,0,0,0,0,0,0,0,5.38,2.77,4.08,7.08,92.31,0,73.2,0.77,293.2,1.18,297.07
2023,5,2,0,0,0,0,0,0,0,0,0,5.22,2.12,3.67,6.71,88.94,0,73.16,0.79,299.6,1.24,302.08
2023,5,2,1,0,0,0,0,0,0,0,0,5.05,1.32,3.18,6.35,84.62,0,73.1,0.87,302.55,1.32,304.63
2023,5,2,2,0,0,0,0,0,0,0,0,4.86,0.8,2.83,6.04,81.44,0,73.04,0.83,311.19,1.27,312.51
2023,5,2,3,0,0,0,0,0,0,0,0,4.72,0.33,2.52,5.74,78.38,0,73,0.8,322.57,1.27,322.78
2023,5,2,4,0,0,0,0,0,0,0,0,4.69,-0.16,2.26,5.49,75,0,72.99,0.78,336.5,1.25,336.8
2023,5,2,5,0.02,0.01,0.07,1.02,1.38,0.14,0,0,4.74,-0.52,2.11,5.25,72,0,73.02,0.73,341.95,1.17,341.69
2023,5,2,6,0.1,0.31,0.93,11.92,33.83,1.65,0.01,0.02,6.38,-0.13,3.13,5.55,67.44,0,73.09,0.64,300.61,0.92,307.06
2023,5,2,7,0.36,0.99,1.98,46.02,109.88,6.48,0.09,0.42,8.65,0.7,4.68,5.8,60.81,0,73.17,1.56,235.99,1.96,235.87
2023,5,2,8,0.59,1.79,2.93,77.1,204.98,11.1,0.23,1.17,10.49,1.66,6.08,6.16,57.06,0,73.21,2.35,215.65,2.93,215.34
2023,5,2,9,0.74,2.52,3.73,103.83,293.42,14.8,0.4,2.05,12.06,2.22,7.14,6.35,52.94,0,73.24,3.05,201.04,3.79,200.9
2023,5,2,10,0.71,3.1,4.31,102.48,365.62,14.78,0.46,2.27,12.69,2.9,7.8,6.65,52.94,0,73.25,3.79,197.13,4.77,197.16
2023,5,2,11,1.03,3.4,4.64,146.6,401.77,21.36,0.73,3.67,12.66,3.44,8.05,6.9,55.12,0,73.25,4.3,199.09,5.47,199.11
2023,5,2,12,1.02,3.39,4.69,143.23,399.12,21.01,0.72,3.7,11.93,3.83,7.88,7.08,59.44,0,73.24,4.36,202.75,5.59,202.77
2023,5,2,13,1.21,3.2,4.47,163.5,375.6,23.42,0.77,3.85,11.51,4.07,7.79,7.2,62.31,0,73.2,4.1,205.64,5.24,205.61
2023,5,2,14,1.22,2.74,3.97,161.98,320.45,23.17,0.71,3.6,11.29,4.15,7.72,7.26,63.56,0,73.16,3.88,206.82,4.95,206.85
2023,5,2,15,0.93,2.07,3.25,119.02,238.77,16.56,0.41,2.1,10.99,4.08,7.54,7.26,64.69,0,73.13,3.57,208.19,4.57,208.27
2023,5,2,16,0.54,1.33,2.35,67.62,150.5,9.38,0.16,0.77,10.76,4,7.38,7.2,65.31,0,73.11,3.13,209.25,4,209.37
2023,5,2,17,0.34,0.6,1.32,39.27,66.4,5.23,0.04,0.2,10.1,4.02,7.06,7.2,68.38,0,73.11,2.65,208.91,3.41,209.03
2023,5,2,18,0.08,0.08,0.29,7,8.58,0.95,0,0.02,7.99,4.47,6.23,7.45,81.56,0.02,73.14,1.36,208.19,2.11,207.61
2023,5,2,19,0,0,0,0,0,0,0,0,6.67,4.33,5.51,7.39,88.31,0.02,73.18,0.8,206.57,1.48,207.24
2023,5,2,20,0,0,0,0,0,0,0,0,6.76,4.3,5.53,7.39,87.62,0.01,73.24,0.7,205.99,1.15,206.22
2023,5,2,21,0,0,0,0,0,0,0,0,6.69,4.26,5.48,7.32,87.88,0.01,73.29,0.5,221.19,0.84,219.74
2023,5,2,22,0,0,0,0,0,0,0,0,6.51,4.23,5.37,7.32,88.81,0.01,73.3,0.38,247.11,0.64,242.18
2023,5,2,23,0,0,0,0,0,0,0,0,6.13,4.22,5.18,7.32,91.31,0.01,73.28,0.39,261.87,0.67,257.91
2023,5,3,0,0,0,0,0,0,0,0,0,5.83,4.26,5.05,7.39,93.69,0.01,73.25,0.35,281.56,0.65,272.76
2023,5,3,1,0,0,0,0,0,0,0,0,5.65,4.32,4.98,7.45,95.56,0.01,73.22,0.36,291.57,0.65,291.04
2023,5,3,2,0,0,0,0,0,0,0,0,5.65,4.43,5.04,7.51,96.5,0,73.19,0.41,292.62,0.72,306.12
2023,5,3,3,0,0,0,0,0,0,0,0,5.63,4.5,5.07,7.57,97.12,0,73.17,0.34,308.45,0.66,324.62
2023,5,3,4,0,0,0,0,0,0,0,0,5.53,4.49,5.01,7.57,98.06,0,73.17,0.3,321.34,0.63,329.28
2023,5,3,5,0.02,0.01,0.07,1.35,1.3,0.17,0,0,5.53,4.51,5.02,7.63,98.31,0,73.2,0.28,308.16,0.57,317.78
2023,5,3,6,0.25,0.3,0.94,27.15,32.9,3.27,0.02,0.08,6.46,4.84,5.65,7.75,94,0,73.25,0.38,270,0.49,275.44
2023,5,3,7,0.79,0.99,1.99,89.55,108.2,11.4,0.15,0.73,8.01,5.26,6.64,7.93,86.38,0,73.31,1.3,221.83,1.73,221.33
2023,5,3,8,1.43,1.88,2.94,169.48,214.88,22.39,0.48,2.42,9.56,5.25,7.4,7.87,77.69,0,73.35,2.37,222.73,3.04,222.5
2023,5,3,9,2.1,2.66,3.74,254.2,309.95,33.94,0.95,4.98,11.28,5.21,8.24,7.87,69.19,0,73.37,3.14,222.07,3.95,222.11
2023,5,3,10,2.23,3.15,4.32,271.3,369.48,37.03,1.19,5.95,13.03,5.22,9.12,7.87,61.75,0,73.37,3.87,222.38,4.88,222.4
2023,5,3,11,2.34,3.53,4.65,292.45,417.55,40.7,1.41,7.17,14.23,5.33,9.77,7.93,57.44,0,73.35,4.36,220.94,5.52,220.93
2023,5,3,12,2.37,3.72,4.7,304.45,447.85,43.64,1.56,8.02,14.93,5.49,10.21,8,55.25,0,73.3,4.73,219.64,6.01,219.62
2023,5,3,13,2.1,3.42,4.47,267.48,409.9,38.19,1.27,6.4,14.94,5.57,10.26,8.06,55.44,0.01,73.24,4.93,219.01,6.33,219.04
2023,5,3,14,1.78,2.97,3.98,224.33,356,31.52,0.96,4.9,14.65,5.62,10.14,8.06,56.69,0.02,73.2,5.01,219.55,6.48,219.57
2023,5,3,15,1,2.27,3.26,131.42,269.23,18.62,0.46,2.33,14.03,5.67,9.85,8.12,59.25,0.02,73.17,4.84,219.83,6.29,219.76
2023,5,3,16,0.71,1.44,2.35,88.75,168.2,12.3,0.2,1,13.03,5.65,9.33,8.12,63.25,0.03,73.16,4.3,219.77,5.62,219.75
2023,5,3,17,0.33,0.62,1.33,41.73,70.65,5.48,0.05,0.23,11.77,5.6,8.69,8.12,68.56,0.03,73.18,3.45,218.74,4.55,218.66
2023,5,3,18,0.07,0.08,0.3,6.77,9.1,0.86,0,0.02,10.06,5.93,7.99,8.3,79.06,0.08,73.21,1.86,213.69,2.68,213.23
2023,5,3,19,0,0,0,0,0,0,0,0,9,6.2,7.6,8.48,86.81,0.06,73.27,0.92,204.61,1.69,204.31
2023,5,3,20,0,0,0,0,0,0,0,0,8.5,6.19,7.34,8.48,89.75,0.05,73.32,0.77,199.54,1.62,199.75
2023,5,3,21,0,0,0,0,0,0,0,0,8.03,6.22,7.12,8.48,92.88,0.05,73.35,0.8,200.03,1.72,200.16
2023,5,3,22,0,0,0,0,0,0,0,0,7.83,6.35,7.09,8.61,94.88,0.07,73.35,0.88,201.33,1.84,201.44
2023,5,3,23,0,0,0,0,0,0,0,0,7.42,6.33,6.88,8.54,97.44,0.1,73.32,0.96,201.37,1.97,201.17
2023,5,4,0,0,0,0,0,0,0,0,0,6.9,6.05,6.48,8.42,99.31,0.13,73.29,1,203.37,1.93,203.66
2023,5,4,1,0,0,0,0,0,0,0,0,6.74,5.81,6.28,8.3,99.12,0.19,73.25,1,209.36,1.73,209.1
2023,5,4,2,0,0,0,0,0,0,0,0,6.53,5.54,6.03,8.18,99,0.29,73.21,0.82,220.36,1.33,219.5
2023,5,4,3,0,0,0,0,0,0,0,0,5.98,5.26,5.62,8.12,100,0.35,73.17,0.46,248.2,0.79,242.43
2023,5,4,4,0,0,0,0,0,0,0,0,5.47,5.01,5.24,8,100,0.35,73.16,0.33,286.7,0.53,276.71
2023,5,4,5,0.02,0.01,0.08,1.15,1.42,0.15,0,0,5.44,4.94,5.19,7.93,100,0.29,73.17,0.29,295.2,0.47,301.29
2023,5,4,6,0.1,0.29,0.95,11.35,31.8,1.55,0.01,0.05,6.76,5.34,6.05,8.18,97.25,0.2,73.21,0.18,257.74,0.23,273.95
2023,5,4,7,0.26,0.88,2,32.85,97.17,4.63,0.07,0.35,8.4,5.89,7.15,8.42,89.62,0.19,73.24,1.18,192.2,1.52,193.11
2023,5,4,8,0.35,1.61,2.95,46.92,180.1,6.59,0.15,0.75,9.42,6.43,7.92,8.61,85.56,0.17,73.28,2.49,197.13,3.17,197.36
2023,5,4,9,0.38,2.33,3.74,57.2,267,8.22,0.23,1.2,10.5,6.89,8.69,8.85,81.62,0.2,73.3,3.65,206.13,4.7,206.22
2023,5,4,10,0.44,2.93,4.32,64.83,341.38,9.27,0.29,1.42,11.46,6.81,9.13,8.85,76.81,0.43,73.3,4.47,214.11,5.79,214.12
2023,5,4,11,0.74,3.4,4.65,110.42,404.7,16,0.54,2.83,12.12,6.98,9.55,9.03,74.62,0.69,73.28,4.63,217.31,5.98,217.35
2023,5,4,12,0.71,3.84,4.7,109.52,474.12,17.77,0.66,3.48,12.58,7.06,9.82,9.09,72.88,0.88,73.24,4.74,220.32,6.14,220.3
2023,5,4,13,0.95,3.59,4.47,140.55,441.12,22.48,0.81,4.08,12.84,7.08,9.96,9.09,71.56,0.95,73.19,4.85,221.8,6.29,221.78
2023,5,4,14,0.77,3.11,3.98,109.92,379.95,17.52,0.59,3,13.1,7.01,10.05,9.03,70.25,0.79,73.15,4.81,222.89,6.23,222.81
2023,5,4,15,0.5,2.43,3.26,71.4,294.7,11.34,0.32,1.65,12.73,6.77,9.76,8.97,71.06,0.51,73.11,4.25,223.44,5.49,223.44
2023,5,4,16,0.6,1.61,2.36,75.45,192.95,10.86,0.22,1.08,12.08,6.49,9.29,8.79,72.94,0.3,73.09,3.52,223.11,4.54,223.12
2023,5,4,17,0.32,0.75,1.34,39.45,87.33,5.38,0.05,0.25,10.87,6.49,8.68,8.79,79,0.17,73.09,2.74,220.6,3.57,220.56
2023,5,4,18,0.1,0.1,0.3,9.35,10.88,1.27,0.01,0.02,8.86,7.05,7.95,9.22,94.69,0.22,73.11,1.28,217.29,2.01,216.47
2023,5,4,19,0,0,0,0,0,0,0,0,7.43,6.72,7.08,8.97,100,0.14,73.15,0.78,211.94,1.55,212.01
2023,5,4,20,0,0,0,0,0,0,0,0,7.08,6.25,6.66,8.67,100,0.08,73.19,0.62,211.09,1.08,213.23
2023,5,4,21,0,0,0,0,0,0,0,0,6.8,5.97,6.39,8.54,100,0.06,73.23,0.38,219.96,0.66,225
2023,5,4,22,0,0,0,0,0,0,0,0,6.15,5.58,5.87,8.36,100,0.04,73.23,0.23,312.27,0.4,300.58
2023,5,4,23,0,0,0,0,0,0,0,0,5.52,4.98,5.25,8.12,100,0.03,73.18,0.45,338.39,0.73,336.72
2023,5,5,0,0,0,0,0,0,0,0,0,5.05,4.31,4.69,7.81,100,0.02,73.12,0.62,337.93,1.02,336.97
2023,5,5,1,0,0,0,0,0,0,0,0,4.69,3.49,4.09,7.45,100,0.02,73.06,0.76,335.56,1.24,334.24
2023,5,5,2,0,0,0,0,0,0,0,0,4.36,2.58,3.48,7.02,98.5,0.01,73.01,0.85,338.89,1.41,338.14
2023,5,5,3,0,0,0,0,0,0,0,0,4.03,1.71,2.87,6.59,94.62,0,72.97,0.94,346.54,1.59,345.76
2023,5,5,4,0,0,0,0,0,0,0,0,3.75,0.83,2.3,6.16,90,0,72.94,1.03,352.18,1.8,351.03
2023,5,5,5,0.02,0.02,0.08,1.6,1.73,0.22,0,0,3.73,-0.06,1.83,5.68,83.5,0,72.95,1.1,353.88,1.94,352.82
2023,5,5,6,0.36,0.35,0.96,36.35,37.33,4.73,0.02,0.12,6,0.42,3.21,6.04,75.44,0,72.98,1.24,344.3,1.94,346.75
2023,5,5,7,1.05,1.11,2.01,112.4,119.98,13.94,0.2,1,9.52,-0.1,4.72,5.86,57.75,0,73.02,1.1,290.37,1.38,290.59
2023,5,5,8,1.79,1.93,2.96,200.83,216.92,25.35,0.57,2.88,12.06,-0.48,5.8,5.8,48,0,73.05,2.26,228.93,2.85,229.11
2023,5,5,9,2.52,2.7,3.75,293.75,311.3,38.43,1.12,5.77,13.87,0.37,7.12,5.98,44.19,0,73.06,3.18,218.62,4.05,218.73
2023,5,5,10,2.85,3.3,4.33,338,385.05,46.12,1.55,8.25,15.16,1.51,8.33,6.41,43.38,0,73.04,3.97,215.32,5.05,215.36
2023,5,5,11,3.03,3.61,4.65,369.88,423.8,51.05,1.86,10.05,15.88,2.82,9.35,6.9,44.81,0,73.01,4.54,214.62,5.79,214.68
2023,5,5,12,3.18,3.83,4.7,406.45,465.48,59.1,2.23,12.1,16.23,4.1,10.16,7.45,47.12,0,72.97,4.78,216.5,6.1,216.52
2023,5,5,13,2.81,3.61,4.47,355.6,437.83,51.12,1.84,9.6,16.26,5,10.63,7.81,49.44,0.01,72.91,4.75,218.92,6.07,218.94
2023,5,5,14,2.17,3.16,3.98,266.98,384,38.76,1.25,6.48,15.94,5.44,10.69,8.06,51.75,0.02,72.84,4.56,221.88,5.84,221.91
2023,5,5,15,1.71,2.5,3.26,211.9,302.92,29.87,0.79,4.08,15.38,5.5,10.44,8.06,53.75,0.06,72.81,4.4,225,5.65,225.06
2023,5,5,16,1.01,1.67,2.36,122.85,200.2,16.75,0.31,1.52,14.53,5.31,9.92,7.93,56.06,0.08,72.8,4.06,227.03,5.27,226.98
2023,5,5,17,0.44,0.82,1.35,52.83,95.27,6.91,0.06,0.3,13.14,5.2,9.17,7.87,60.81,0.09,72.81,3.46,227.2,4.59,227.07
2023,5,5,18,0.11,0.12,0.31,10.55,12.67,1.41,0.01,0.02,10.33,5.76,8.05,8.24,76.5,0.04,72.85,1.63,225.19,2.61,224.76
2023,5,5,19,0,0,0,0,0,0,0,0,8.19,5.57,6.87,8.12,87.06,0.06,72.9,0.94,224.66,2.04,224.38
2023,5,5,20,0,0,0,0,0,0,0,0,7.64,5.22,6.43,7.93,88.19,0.07,72.96,0.89,228.2,1.8,227.29
2023,5,5,21,0,0,0,0,0,0,0,0,7.29,5.01,6.15,7.81,89.06,0.06,72.99,0.88,234.76,1.62,234.4
2023,5,5,22,0,0,0,0,0,0,0,0,6.94,4.55,5.75,7.57,88.75,0.06,72.98,0.8,253.52,1.4,253.79
2023,5,5,23,0,0,0,0,0,0,0,0,6.55,4.13,5.34,7.39,88.81,0.06,72.95,0.74,276.07,1.23,275.86
2023,5,6,0,0,0,0,0,0,0,0,0,5.95,3.71,4.83,7.2,90.19,0.05,72.92,0.77,297.35,1.28,296.1
2023,5,6,1,0,0,0,0,0,0,0,0,5.4,3.05,4.23,6.9,90,0.04,72.89,0.83,311.19,1.41,310.05
2023,5,6,2,0,0,0,0,0,0,0,0,5.19,2.31,3.76,6.59,87.06,0.02,72.86,0.83,318.81,1.42,317.01
2023,5,6,3,0,0,0,0,0,0,0,0,5.1,1.64,3.37,6.29,83.62,0.01,72.84,0.84,325.57,1.43,324.32
2023,5,6,4,0,0,0,0,0,0,0,0,5.03,1.07,3.05,6.04,80.38,0.01,72.85,0.87,331.59,1.49,330.07
2023,5,6,5,0.03,0.03,0.09,2.65,2.9,0.37,0,0,5.09,0.63,2.86,5.8,77.06,0.01,72.87,0.88,339.62,1.49,338.14
2023,5,6,6,0.52,0.57,0.97,58.88,65.83,6.84,0.04,0.17,7.26,1.74,4.5,6.41,73.06,0,72.92,0.89,331.19,1.37,336.07
2023,5,6,7,1.26,1.42,2.02,148.3,169.23,18.76,0.28,1.38,10.42,1.86,6.14,6.47,59.62,0,72.98,1.47,257.74,1.87,258.41
2023,5,6,8,2.08,2.27,2.96,249.48,271.95,33.68,0.8,4,12.77,2.25,7.51,6.59,52.19,0,73.02,2.82,228.49,3.59,228.44
2023,5,6,9,2.58,3,3.75,316.3,360.38,44.62,1.37,7.12,14.61,2.83,8.72,6.84,47.88,0,73.04,3.74,222.8,4.77,222.74
2023,5,6,10,2.94,3.53,4.33,361.8,424.35,52.24,1.84,9.65,15.87,3.55,9.71,7.08,45.94,0,73.04,4.5,220.28,5.73,220.25
2023,5,6,11,2.99,3.82,4.65,375.3,458.27,54.62,2.07,11.08,16.51,4.4,10.45,7.45,46.38,0.02,73.01,4.85,219.38,6.21,219.44
2023,5,6,12,2.73,3.8,4.7,347.42,454.17,49.9,1.89,10.17,16.61,5.07,10.83,7.75,47.88,0.03,72.96,5.01,220,6.44,219.93
2023,5,6,13,2.38,3.59,4.47,293.92,429.7,42.6,1.55,8.1,16.66,5.3,10.98,7.87,48.38,0.04,72.9,5.09,220.64,6.58,220.62
2023,5,6,14,2.05,3.11,3.98,253.15,369.42,35.8,1.17,6.05,16.48,5.41,10.95,7.93,49.12,0.05,72.85,5.09,221.02,6.62,221.03
2023,5,6,15,1.62,2.51,3.27,197.9,295.98,27.83,0.76,3.92,15.89,5.31,10.6,7.81,50.56,0.05,72.81,4.93,221.47,6.45,221.47
2023,5,6,16,1.06,1.72,2.37,124.88,200.58,16.97,0.33,1.62,14.83,5,9.92,7.63,52.75,0.05,72.8,4.6,222.04,6.09,222.14
2023,5,6,17,0.47,0.86,1.35,54.73,96.9,7.16,0.07,0.33,13.62,4.8,9.21,7.51,56.25,0.04,72.8,3.88,222.72,5.22,222.76
2023,5,6,18,0.1,0.12,0.32,9.5,12.3,1.32,0.01,0.02,11.15,5.48,8.32,7.93,69.94,0.03,72.82,1.73,221.53,2.76,221.45
2023,5,6,19,0,0,0,0,0,0,0,0,9.07,4.94,7,7.63,77.38,0.03,72.86,0.96,221.05,2.03,220.63
2023,5,6,20,0,0,0,0,0,0,0,0,8.73,4.24,6.48,7.26,75.31,0.02,72.92,0.91,222.21,1.65,221.75
2023,5,6,21,0,0,0,0,0,0,0,0,8.56,3.68,6.12,6.96,73.19,0.02,72.97,0.76,229.59,1.27,228.98
2023,5,6,22,0,0,0,0,0,0,0,0,8.43,3.28,5.85,6.77,71.81,0.03,72.99,0.51,250.46,0.84,247.5
2023,5,6,23,0,0,0,0,0,0,0,0,7.77,3.08,5.43,6.71,74.19,0.03,72.99,0.39,293.5,0.64,285.56
2023,5,7,0,0,0,0,0,0,0,0,0,7.05,2.76,4.9,6.59,76.56,0.03,72.98,0.53,319.76,0.87,314.27
2023,5,7,1,0,0,0,0,0,0,0,0,6.44,2.26,4.35,6.41,77.31,0.03,72.96,0.68,330.17,1.15,326.31
2023,5,7,2,0,0,0,0,0,0,0,0,6.08,1.76,3.92,6.16,76.69,0.03,72.94,0.74,333.71,1.29,330.17
2023,5,7,3,0,0,0,0,0,0,0,0,6.21,1.28,3.75,5.98,73.69,0.02,72.93,0.72,327.34,1.23,323.28
2023,5,7,4,0,0,0,0,0,0,0,0,6.29,1.25,3.77,5.98,73.5,0.01,72.94,0.7,326.31,1.21,323.13
2023,5,7,5,0.03,0.03,0.09,2.62,2.88,0.37,0,0,6.38,1.18,3.78,5.98,72.62,0.01,72.98,0.64,329.39,1.11,326.2
2023,5,7,6,0.47,0.53,0.98,52.67,59.8,6.48,0.04,0.17,7.66,2.21,4.94,6.59,73.31,0.01,73.03,0.77,299.17,1.08,307.95
2023,5,7,7,1.2,1.38,2.02,140.55,161.35,17.86,0.28,1.38,9.93,2.19,6.06,6.53,62.75,0.01,73.07,1.13,257.6,1.44,257.77
2023,5,7,8,1.86,2.23,2.97,224,265.17,30.35,0.74,3.75,11.67,2.42,7.05,6.71,57.12,0.01,73.1,2.21,228.72,2.78,228.75
2023,5,7,9,2.37,2.97,3.76,291.88,354.35,40.96,1.28,6.83,13.19,2.81,8.01,6.84,52.94,0.01,73.13,3.23,223.43,4.05,223.36
2023,5,7,10,2.72,3.52,4.33,334.15,420.52,48.36,1.73,9.02,14.49,3.62,9.05,7.2,50.94,0.02,73.13,4.06,222.27,5.13,222.29
2023,5,7,11,2.84,3.82,4.65,358.88,457.95,52.09,2.02,10.75,15.19,4.26,9.73,7.45,50.38,0.03,73.11,4.56,222.57,5.8,222.54
2023,5,7,12,2.66,3.7,4.7,335.52,438.5,46.69,1.79,9.7,15.63,4.55,10.09,7.57,49.69,0.03,73.07,4.83,224.87,6.18,224.85
2023,5,7,13,2.32,3.51,4.48,291.08,416.65,40.9,1.48,7.83,15.75,4.49,10.12,7.51,49,0.04,73.02,4.89,227.85,6.28,227.82
2023,5,7,14,2.06,3.06,3.99,253.77,364.73,35.52,1.17,6.05,15.8,4.5,10.15,7.51,48.81,0.04,72.96,4.81,230,6.2,230.01
2023,5,7,15,1.52,2.36,3.27,186.45,278.4,25.39,0.69,3.58,15.44,4.45,9.94,7.45,49.69,0.04,72.9,4.59,233.93,5.95,234.03
2023,5,7,16,0.98,1.63,2.37,118.12,193.6,15.79,0.31,1.52,14.64,4.15,9.4,7.32,51.19,0.03,72.87,4.15,238.07,5.42,238.19
2023,5,7,17,0.5,0.82,1.36,59.83,96.17,7.49,0.08,0.38,13.55,4.13,8.84,7.32,54.94,0.02,72.86,3.49,239.94,4.65,240.08
2023,5,7,18,0.08,0.12,0.32,7.83,13.33,1.09,0.01,0.02,10.9,5.21,8.06,8,71.38,0.27,72.87,1.61,241.57,2.64,241.69
2023,5,7,19,0,0,0,0,0,0,0,0,8.92,5.01,6.97,7.81,79.94,0.21,72.89,0.98,246.92,2.01,246.83
2023,5,7,20,0,0,0,0,0,0,0,0,8.73,4.65,6.69,7.63,78.75,0.16,72.94,0.97,254.05,1.77,254.12
2023,5,7,21,0,0,0,0,0,0,0,0,8.69,4.22,6.45,7.39,76.44,0.11,72.98,0.88,268.48,1.5,268.81
2023,5,7,22,0,0,0,0,0,0,0,0,8.56,3.83,6.19,7.14,74.88,0.09,73,0.79,288.97,1.3,289.63
2023,5,7,23,0,0,0,0,0,0,0,0,8.1,3.49,5.8,6.96,75.44,0.08,72.98,0.76,315,1.26,313.99
2023,5,8,0,0,0,0,0,0,0,0,0,7.63,3.12,5.37,6.84,76,0.06,72.93,0.79,331.16,1.32,329.04
2023,5,8,1,0,0,0,0,0,0,0,0,7.07,2.69,4.88,6.65,76.81,0.1,72.88,0.84,340.38,1.42,338.08
2023,5,8,2,0,0,0,0,0,0,0,0,6.58,2.26,4.42,6.47,77.25,0.06,72.85,0.87,346.46,1.49,344.14
2023,5,8,3,0,0,0,0,0,0,0,0,6.19,1.8,3.99,6.23,77,0.05,72.84,0.87,351.72,1.47,351.14
2023,5,8,4,0,0,0,0,0,0,0,0,5.65,1.45,3.55,6.1,78.19,0,72.86,0.84,356.79,1.48,357.27
2023,5,8,5,0.04,0.03,0.1,3.05,3.38,0.41,0,0,5.33,1.26,3.3,6.04,79,0,72.92,0.77,357.11,1.42,358.74
2023,5,8,6,0.56,0.63,0.99,64.05,72.65,7.47,0.04,0.2,7.67,2.88,5.28,6.9,76.88,0,73,0.69,333.15,1.16,345.22
2023,5,8,7,1.4,1.51,2.03,164.33,179,20.96,0.3,1.5,10.69,2.22,6.45,6.53,59.56,0,73.08,0.63,279.23,0.82,279.37
2023,5,8,8,2.22,2.35,2.98,263.77,279.77,35.8,0.83,4.12,13.29,0.81,7.05,5.92,45.25,0,73.14,2.13,229.47,2.7,229.58
2023,5,8,9,2.65,3.07,3.76,321.4,365.5,45.48,1.36,7.02,15.21,0.03,7.62,5.55,37.62,0,73.18,3.32,223,4.19,223.04
2023,5,8,10,3.12,3.6,4.33,380.25,427.83,54.9,1.9,9.9,16.5,-0.13,8.19,5.43,34,0.01,73.19,4.22,221.33,5.35,221.39
2023,5,8,11,3.2,3.89,4.66,399.45,462.92,58.16,2.16,11.55,17.33,0.01,8.68,5.43,32.31,0.06,73.16,4.77,222.28,6.09,222.24
2023,5,8,12,2.99,3.85,4.71,376.17,456.67,53.85,1.99,10.73,17.85,0.24,9.05,5.49,31.5,0.14,73.12,5.12,223.89,6.57,223.89
2023,5,8,13,2.77,3.65,4.48,343.38,433.38,49.19,1.73,9.1,18.04,0.46,9.25,5.55,31.31,0.27,73.07,5.31,226.25,6.86,226.25
2023,5,8,14,2.44,3.19,3.99,295.75,379.75,41.79,1.34,6.9,17.76,0.73,9.24,5.62,32.31,0.48,73.03,5.38,229.3,6.99,229.35
2023,5,8,15,1.85,2.53,3.27,224.3,300.58,30.98,0.81,4.15,16.92,0.91,8.92,5.68,34.5,0.55,72.99,5.35,234.75,7.02,234.79
2023,5,8,16,1.18,1.72,2.38,139.55,203.17,18.52,0.34,1.67,15.73,1.11,8.42,5.74,37.69,0.59,72.96,5.05,240.1,6.71,240.18
2023,5,8,17,0.56,0.85,1.37,64.45,99.27,8.03,0.07,0.35,13.99,1.82,7.9,6.1,44.56,0.49,72.96,4.02,243.09,5.5,243.14
2023,5,8,18,0.11,0.12,0.33,11.35,13.62,1.51,0.01,0.02,10.83,4.14,7.48,7.32,66.19,0.51,72.98,1.95,246.32,3.15,246.8
2023,5,8,19,0,0,0,0,0,0,0,0,8.77,4.11,6.44,7.32,75.62,0.25,73.02,1.12,257.51,2.33,257.82
2023,5,8,20,0,0,0,0,0,0,0,0,8.41,3.33,5.87,6.9,72.94,0.11,73.08,1.04,266.99,2.05,266.94
2023,5,8,21,0,0,0,0,0,0,0,0,8.33,2.36,5.34,6.35,67.94,0.05,73.11,0.97,277.87,1.78,278.09
2023,5,8,22,0,0,0,0,0,0,0,0,7.84,1.39,4.62,5.92,65.44,0.01,73.12,0.93,295.92,1.65,295.47
2023,5,8,23,0,0,0,0,0,0,0,0,6.87,0.39,3.63,5.55,65.56,0.01,73.11,0.98,315.32,1.75,313.19
2023,5,9,0,0,0,0,0,0,0,0,0,6.12,-1.07,2.52,5.13,63.38,0.02,73.1,0.98,324.04,1.78,320.71
2023,5,9,1,0,0,0,0,0,0,0,0,5.68,-2.54,1.57,4.7,60,0.04,73.08,0.95,325.01,1.72,321.62
2023,5,9,2,0,0,0,0,0,0,0,0,5.47,-3.67,0.9,4.33,56.62,0.02,73.06,0.93,322.55,1.68,318.76
2023,5,9,3,0,0,0,0,0,0,0,0,5.43,-3.83,0.8,4.27,55.62,0.02,73.04,0.87,321.58,1.58,317.21
2023,5,9,4,0,0,0,0,0,0,0,0,5.12,-4.49,0.32,3.97,53.12,0,73.03,0.87,327.45,1.53,323.31
2023,5,9,5,0.04,0.04,0.1,3.27,3.65,0.44,0,0,4.8,-5.02,-0.1,3.78,51.69,0,73.04,0.92,332.78,1.6,330.19
2023,5,9,6,0.64,0.66,1,70.52,75.33,7.83,0.04,0.17,6.76,-3.21,1.77,4.82,57,0,73.08,0.92,320.88,1.52,329.34
2023,5,9,7,1.43,1.56,2.04,166.75,183.65,21.11,0.3,1.48,10.16,-5.18,2.49,4.03,38.12,0,73.12,1.18,284.96,1.54,287.42
2023,5,9,8,2.21,2.41,2.98,262.5,285.92,35.87,0.81,4.02,12.62,-6.23,3.2,3.54,28.44,0,73.14,2.2,241.62,2.79,241.57
2023,5,9,9,2.85,3.11,3.77,347.2,371.5,49.21,1.45,7.42,14.55,-5.72,4.42,3.6,25.31,0,73.14,3.3,232.59,4.19,232.66
2023,5,9,10,3.24,3.62,4.34,397.4,433.77,57.59,1.97,10.27,16.04,-4.92,5.56,3.78,24.19,0,73.14,4.3,229.65,5.48,229.63
2023,5,9,11,3.29,3.9,4.66,413,468.75,60.66,2.23,11.92,17.01,-3.89,6.55,4.03,24.31,0.01,73.12,5.03,229.66,6.47,229.65
2023,5,9,12,3.17,3.87,4.71,402.25,463.95,58.24,2.13,11.5,17.57,-3,7.28,4.27,24.94,0.03,73.08,5.47,230.79,7.07,230.83
2023,5,9,13,2.95,3.66,4.48,365.75,438.67,52.83,1.85,9.73,17.76,-2.09,7.84,4.58,26.31,0.04,73.03,5.69,233.49,7.39,233.55
2023,5,9,14,2.72,3.21,3.99,332.42,384.7,47.09,1.47,7.55,17.62,-1.39,8.11,4.82,28,0.05,72.98,5.69,237.73,7.45,237.81
2023,5,9,15,2.1,2.55,3.28,254.85,305.2,35.31,0.91,4.6,16.99,-0.88,8.05,5,30.12,0.05,72.92,5.56,242.53,7.33,242.59
2023,5,9,16,1.39,1.74,2.39,164.85,207.4,21.88,0.39,1.9,15.8,-0.43,7.68,5.13,33.5,0.06,72.88,5.18,247.19,6.9,247.36
2023,5,9,17,0.71,0.88,1.38,81.67,102.88,10.05,0.09,0.42,14.01,0.22,7.12,5.43,39.44,0.06,72.87,4.16,249.8,5.67,249.94
2023,5,9,18,0.12,0.13,0.34,12.02,14.35,1.54,0.01,0.02,10.58,2.09,6.34,6.29,57.38,0.02,72.88,1.88,250.06,3.1,250.56
2023,5,9,19,0,0,0,0,0,0,0,0,8.33,2.47,5.4,6.47,68.56,0.02,72.91,1.15,255.02,2.48,255.57
2023,5,9,20,0,0,0,0,0,0,0,0,7.89,2.37,5.13,6.41,70.06,0.01,72.96,1.08,258.77,2.32,259.14
2023,5,9,21,0,0,0,0,0,0,0,0,7.65,2.03,4.84,6.23,69.38,0,73,1.09,260.47,2.18,260.74
2023,5,9,22,0,0,0,0,0,0,0,0,7.66,1.58,4.62,5.98,66.88,0,73.03,1.08,261.69,2,261.24
2023,5,9,23,0,0,0,0,0,0,0,0,7.58,1.13,4.36,5.8,64.94,0.01,73.02,1.05,263.19,1.84,262.42
2023,5,10,0,0,0,0,0,0,0,0,0,7.38,0.78,4.08,5.62,64.12,0.03,73.01,1.06,266.63,1.8,265.77
2023,5,10,1,0,0,0,0,0,0,0,0,7.06,0.53,3.8,5.55,64.38,0.06,73.01,1.09,270,1.84,269.02
2023,5,10,2,0,0,0,0,0,0,0,0,6.63,0.22,3.42,5.43,64.88,0.04,73.01,1.13,275.55,1.91,274.94
2023,5,10,3,0,0,0,0,0,0,0,0,6.4,-0.2,3.1,5.25,64.06,0.02,73.02,1.15,281.39,1.86,281.4
2023,5,10,4,0,0,0,0,0,0,0,0,5.99,-0.73,2.63,5.07,63.75,0.02,73.04,1.2,290.21,1.89,291.05
2023,5,10,5,0.05,0.04,0.11,3.62,3.8,0.48,0,0,5.47,-1.38,2.05,4.88,63.44,0,73.06,1.15,303.91,1.83,304.57
2023,5,10,6,0.61,0.65,1.01,68.25,74.58,7.7,0.04,0.17,6.83,-0.01,3.4,5.68,66.94,0,73.1,1.22,303.49,1.86,308.51
2023,5,10,7,1.36,1.53,2.05,159.33,180.5,19.98,0.28,1.38,9.96,-2.25,3.86,4.76,45.62,0,73.15,1.7,275.82,2.2,276.32
2023,5,10,8,2.14,2.37,2.99,255.45,281.35,34.68,0.78,3.85,12.4,-4.44,3.98,3.97,32.5,0,73.18,2.83,242.87,3.58,242.88
2023,5,10,9,2.79,3.08,3.77,338.55,366.35,47.53,1.38,7.05,14.15,-5.1,4.53,3.72,27.25,0,73.2,3.68,232.42,4.65,232.44
2023,5,10,10,3.25,3.6,4.34,395.9,427.73,56.59,1.91,9.88,15.48,-4.72,5.38,3.85,25.5,0,73.21,4.38,226.52,5.56,226.48
2023,5,10,11,3.42,3.9,4.66,421.1,462.33,60.98,2.2,11.75,16.4,-4.01,6.2,3.97,25.06,0,73.19,4.88,223.38,6.23,223.42
2023,5,10,12,3.1,3.89,4.71,381.9,455.92,54.67,1.98,10.62,16.94,-3.32,6.81,4.15,25.38,0,73.16,5.21,221.29,6.68,221.3
2023,5,10,13,2.95,3.68,4.48,359.8,430,51.08,1.77,9.23,17.05,-2.71,7.17,4.33,26.19,0,73.13,5.38,220.17,6.91,220.19
2023,5,10,14,2.63,3.2,4,314.83,373.85,43.91,1.35,6.92,16.74,-2.31,7.21,4.46,27.38,0,73.09,5.34,220.61,6.9,220.64
2023,5,10,15,1.97,2.46,3.28,230.7,282.8,30.94,0.77,3.9,15.98,-2.37,6.8,4.39,28.5,0.01,73.05,5.12,223.64,6.64,223.57
2023,5,10,16,1.32,1.66,2.39,150.1,187.45,19.23,0.34,1.62,14.75,-2.89,5.93,4.27,29.62,0.01,73.03,4.61,228.16,6.04,228.2
2023,5,10,17,0.67,0.82,1.38,73.92,89.73,9.07,0.08,0.38,13.05,-3.5,4.77,4.03,31.62,0.01,73.03,3.63,233.06,4.86,233.17
2023,5,10,18,0.12,0.12,0.35,11.15,13.08,1.48,0.01,0.02,9.62,-0.99,4.31,5.07,49.69,0,73.05,1.57,238.84,2.68,239.55
2023,5,10,19,0,0,0,0,0,0,0,0,7.61,-2.12,2.75,4.58,51.62,0,73.09,1.07,252.62,2.01,252.55
2023,5,10,20,0,0,0,0,0,0,0,0,7.44,-3.37,2.04,4.15,47.06,0,73.14,0.91,273.95,1.53,273.79
2023,5,10,21,0,0,0,0,0,0,0,0,7.25,-4.38,1.44,3.85,43.94,0,73.17,0.8,297.32,1.26,297.68
2023,5,10,22,0,0,0,0,0,0,0,0,6.8,-4.74,1.03,3.72,44.06,0,73.2,0.72,319.87,1.1,320.19
2023,5,10,23,0,0,0,0,0,0,0,0,6.48,-5.28,0.59,3.54,43.06,0,73.2,0.71,334,1.08,334.73
2023,5,11,0,0,0,0,0,0,0,0,0,6.15,-5.77,0.19,3.42,42.5,0,73.19,0.75,347.41,1.14,348.92
2023,5,11,1,0,0,0,0,0,0,0,0,5.66,-5.99,-0.17,3.36,43.19,0,73.19,0.88,358.99,1.37,0
2023,5,11,2,0,0,0,0,0,0,0,0,4.92,-6,-0.54,3.36,45.38,0,73.19,1,3.58,1.63,4.12
2023,5,11,3,0,0,0,0,0,0,0,0,4.26,-5.87,-0.81,3.36,47.94,0,73.21,1.09,4.11,1.88,4.05
2023,5,11,4,0,0,0,0,0,0,0,0,3.73,-5.91,-1.09,3.36,49.56,0,73.24,1.16,4.64,2.06,4.57
2023,5,11,5,0.04,0.03,0.11,3.33,3.42,0.45,0,0,3.47,-6.13,-1.33,3.3,49.62,0,73.28,1.25,4.32,2.18,5.14
2023,5,11,6,0.55,0.57,1.02,58.98,62.05,6.87,0.03,0.17,5.55,-4.94,0.3,3.97,51.31,0,73.34,1.23,355.27,2.09,0.21
2023,5,11,7,1.3,1.44,2.06,147.58,164.62,18.27,0.26,1.3,9.79,-7.94,0.92,3.05,29.62,0,73.4,0.61,342.95,0.81,346.1
2023,5,11,8,2.21,2.3,2.99,257,267.52,33.77,0.76,3.75,12.03,-8.1,1.97,2.87,24.06,0,73.43,1.2,198.2,1.48,198.82
2023,5,11,9,2.85,3.03,3.78,339.05,355.27,46.59,1.35,6.92,13.72,-6.78,3.47,3.17,23.69,0,73.43,2.42,195.51,3,195.7
2023,5,11,10,3.2,3.58,4.35,384.55,419.67,54.27,1.83,9.58,15.08,-5.94,4.57,3.36,23.12,0,73.4,3.29,196.28,4.09,196.32
2023,5,11,11,3.52,3.88,4.66,430.33,455.35,61.27,2.22,11.9,16.03,-4.91,5.56,3.66,23.5,0,73.36,3.98,197.83,4.98,197.9
2023,5,11,12,3.41,3.89,4.71,420.4,454.95,59.65,2.16,11.73,16.51,-3.9,6.3,3.91,24.56,0,73.31,4.41,200.2,5.56,200.29
2023,5,11,13,3.21,3.67,4.49,386.73,429.83,54.66,1.9,10,16.58,-3.15,6.72,4.15,25.81,0,73.27,4.48,202.54,5.67,202.61
2023,5,11,14,2.73,3.2,4,323.3,374.62,44.94,1.38,7.12,16.26,-2.7,6.77,4.27,27.25,0,73.22,4.27,204.64,5.4,204.64
2023,5,11,15,2.22,2.53,3.29,262.58,295.92,35.36,0.88,4.45,15.69,-2.66,6.52,4.33,28.31,0,73.18,3.85,207.03,4.87,207.02
2023,5,11,16,1.53,1.71,2.4,175.77,198.08,22.47,0.39,1.92,14.76,-2.96,5.9,4.21,29.38,0,73.16,3.34,209.15,4.23,209.02
2023,5,11,17,0.73,0.76,1.39,78.23,82.17,9.48,0.08,0.4,13.28,-3.02,5.12,4.21,32.19,0,73.15,2.62,210.47,3.41,210.38
2023,5,11,18,0.14,0.13,0.35,13.42,13.58,1.72,0.01,0.02,10.36,0.24,5.3,5.49,51.06,0,73.18,1.07,210.68,1.8,210.24
2023,5,11,19,0,0,0,0,0,0,0,0,9.33,-1.66,3.83,4.64,46.62,0,73.23,0.64,222.51,1.01,222.48
2023,5,11,20,0,0,0,0,0,0,0,0,9.04,-2.35,3.35,4.39,45,0,73.28,0.33,316.91,0.47,317.02
2023,5,11,21,0,0,0,0,0,0,0,0,7.98,-1.82,3.08,4.58,50.44,0,73.34,0.7,6.41,1.09,7.02
2023,5,11,22,0,0,0,0,0,0,0,0,7.06,-1.76,2.65,4.64,53.94,0,73.37,0.88,13.79,1.46,14.85
2023,5,11,23,0,0,0,0,0,0,0,0,6.4,-1.85,2.28,4.58,56.12,0,73.37,0.93,16.01,1.64,17.22
2023,5,12,0,0,0,0,0,0,0,0,0,5.97,-2.02,1.98,4.52,57,0,73.35,0.93,17.53,1.69,19.19
2023,5,12,1,0,0,0,0,0,0,0,0,5.66,-2.21,1.73,4.46,57.38,0,73.32,0.94,17.98,1.72,19.34
2023,5,12,2,0,0,0,0,0,0,0,0,5.38,-2.35,1.51,4.39,57.88,0,73.28,0.95,14.72,1.78,15.81
2023,5,12,3,0,0,0,0,0,0,0,0,5.3,-2.53,1.38,4.33,57.38,0,73.26,0.97,12.13,1.77,12.75
2023,5,12,4,0,0,0,0,0,0,0,0,5.23,-2.94,1.15,4.21,55.88,0,73.24,1.02,9.25,1.79,10.57
2023,5,12,5,0.04,0.03,0.12,3.12,3.15,0.42,0,0,5.34,-3.07,1.14,4.15,54.88,0,73.26,1.02,6.58,1.77,7.34
2023,5,12,6,0.43,0.42,1.03,43.48,44.12,5.45,0.03,0.12,7.44,-0.92,3.26,5.07,57.44,0,73.3,0.9,352.5,1.57,359.71
2023,5,12,7,1.19,1.3,2.06,132.55,146.52,16.16,0.23,1.12,11.41,-3.23,4.09,4.21,36.56,0,73.35,0.13,327.26,0.19,337.75
2023,5,12,8,1.99,2.16,3,230.27,250.42,29.59,0.66,3.3,13.63,-3.68,4.98,3.97,30.06,0,73.39,1.84,185.11,2.3,184.88
2023,5,12,9,2.63,2.9,3.78,314.65,339.33,42.15,1.2,6.25,15.19,-2.6,6.3,4.33,29.62,0,73.4,2.84,187.59,3.59,187.64
2023,5,12,10,3.08,3.44,4.35,373.65,405.02,51.39,1.71,8.7,16.38,-1.26,7.56,4.82,30.5,0,73.39,3.59,188.52,4.54,188.31
2023,5,12,11,3.18,3.66,4.67,389.42,428.23,53.36,1.86,9.9,17.08,0.06,8.57,5.37,32.31,0,73.34,4.15,188.88,5.27,188.69
2023,5,12,12,2.79,3.52,4.71,343,406.33,45.35,1.56,8.38,17.29,1.44,9.36,5.98,35.44,0,73.28,4.38,189.65,5.59,189.49
2023,5,12,13,2.3,3.3,4.49,277.5,379.73,36.93,1.23,6.35,17.09,2.6,9.84,6.47,39.06,0,73.21,4.27,190.43,5.46,190.31
2023,5,12,14,1.88,2.91,4,232.45,337.48,30.83,0.95,4.85,16.33,3.44,9.89,6.96,43.69,0,73.15,3.92,191.62,5.01,191.41
2023,5,12,15,1.28,2.13,3.29,153.88,241.35,19.8,0.49,2.52,15.37,3.92,9.65,7.2,48.19,0,73.1,3.4,194.23,4.36,193.99
2023,5,12,16,0.94,1.52,2.4,111.6,174.4,14.23,0.26,1.25,14.63,4.2,9.42,7.32,51.56,0,73.09,3.06,195.7,3.96,195.46
2023,5,12,17,0.52,0.72,1.4,58.83,80.98,7.45,0.06,0.33,13.51,4.62,9.06,7.51,56.94,0,73.1,2.64,197.41,3.47,197.13
2023,5,12,18,0.1,0.11,0.36,10.08,12.17,1.36,0.01,0.02,11.49,5.62,8.55,8.12,70.06,0,73.15,1.17,200.74,1.93,199.9
2023,5,12,19,0,0,0,0,0,0,0,0,10.07,5.62,7.84,8.12,77,0,73.21,0.75,203.36,1.45,202.83
2023,5,12,20,0,0,0,0,0,0,0,0,9.87,4.97,7.42,7.75,74.38,0,73.28,0.7,212.28,1.13,212.05
2023,5,12,21,0,0,0,0,0,0,0,0,9.57,4.44,7,7.45,73.38,0,73.34,0.56,215.91,0.85,215.6
2023,5,12,22,0,0,0,0,0,0,0,0,9.66,4.04,6.85,7.32,71.38,0,73.36,0.31,236.31,0.42,235.71
2023,5,12,23,0,0,0,0,0,0,0,0,9.22,3.38,6.3,7.08,71.06,0,73.36,0.4,339.44,0.57,340.82
2023,5,13,0,0,0,0,0,0,0,0,0,8.8,2.48,5.63,6.71,69.62,0,73.33,0.6,349.43,0.91,351.59
2023,5,13,1,0,0,0,0,0,0,0,0,8.35,1.51,4.94,6.41,68.19,0,73.27,0.77,351.21,1.22,352.65
2023,5,13,2,0,0,0,0,0,0,0,0,8.15,0.52,4.33,6.04,65.12,0,73.22,0.94,355.71,1.51,356.44
2023,5,13,3,0,0,0,0,0,0,0,0,8.15,-0.56,3.8,5.62,60.5,0,73.18,1,2.24,1.58,2.55
2023,5,13,4,0,0,0,0,0,0,0,0,8.25,-1.56,3.35,5.19,55.88,0,73.19,1,7.62,1.56,7.77
2023,5,13,5,0.04,0.03,0.12,3.4,3.4,0.47,0,0,8.41,-2.34,3.04,4.88,51.69,0,73.22,0.98,10.59,1.5,10.78
2023,5,13,6,0.5,0.51,1.04,54.4,56.55,6.59,0.03,0.15,10.21,-0.21,5,5.74,53.81,0,73.27,0.74,12.86,1.18,12.2
2023,5,13,7,1.25,1.33,2.07,141.35,152.35,17.24,0.23,1.15,13.19,-1.69,5.75,5.37,41.62,0,73.32,0.49,148.09,0.59,148.64
2023,5,13,8,2.06,2.17,3,242.02,255.58,31.41,0.67,3.35,15.09,-0.44,7.33,5.92,40.5,0,73.35,1.88,180,2.31,180
2023,5,13,9,2.66,2.87,3.78,321.88,340.52,43.37,1.2,6.12,16.59,0.76,8.68,6.29,38.94,0,73.36,2.72,188.6,3.41,188.58
2023,5,13,10,3.04,3.39,4.35,372.92,405.73,51.55,1.65,8.5,17.87,1.94,9.9,6.65,38.06,0,73.34,3.29,194.3,4.15,194.27
2023,5,13,11,3.22,3.71,4.67,404.62,446.05,56.83,1.96,10.35,18.75,2.87,10.81,7.02,37.94,0,73.3,3.78,197.57,4.79,197.55
2023,5,13,12,3.06,3.7,4.72,390.55,444.2,54.31,1.89,10,19.19,3.81,11.5,7.39,38.81,0,73.25,4.08,198.19,5.19,198.16
2023,5,13,13,2.72,3.49,4.49,342.77,420.83,48.03,1.59,8.2,19.14,4.59,11.87,7.63,40.44,0,73.2,4.19,199.48,5.35,199.44
2023,5,13,14,2.38,3.04,4,297.6,368.9,41.08,1.24,6.3,18.19,5.23,11.71,7.87,44.19,0,73.16,4.04,201.41,5.19,201.46
2023,5,13,15,1.8,2.39,3.3,224.4,289.92,30.41,0.75,3.75,16.96,5.58,11.27,8.06,48.56,0,73.13,3.74,201.8,4.81,201.82
2023,5,13,16,1.08,1.59,2.41,132.77,192.33,17.37,0.3,1.45,15.54,6.06,10.8,8.24,54.62,0,73.12,3.37,202.22,4.38,202.22
2023,5,13,17,0.52,0.77,1.41,63.25,91.35,7.94,0.06,0.33,14.37,6.47,10.41,8.42,60.38,0,73.12,2.93,201.72,3.92,201.76
2023,5,13,18,0.1,0.12,0.37,11.2,13.4,1.49,0.01,0.02,12.99,7.03,10.01,8.79,68.88,0.11,73.14,1.82,200.38,2.63,200.16
2023,5,13,19,0,0,0,0,0,0,0,0,11.62,7.5,9.56,9.16,78.44,0.23,73.2,0.99,197,1.64,197.14
2023,5,13,20,0,0,0,0,0,0,0,0,10.86,7.65,9.26,9.28,83.75,0.14,73.27,0.88,195.52,1.38,196.39
2023,5,13,21,0,0,0,0,0,0,0,0,10.11,7.66,8.89,9.34,88.44,0.05,73.33,0.62,196.84,1.01,198.58
2023,5,13,22,0,0,0,0,0,0,0,0,9.72,7.55,8.63,9.28,90.38,0.03,73.34,0.25,190.95,0.38,180
2023,5,13,23,0,0,0,0,0,0,0,0,9.37,7.28,8.33,9.16,90.94,0.02,73.3,0.17,338.2,0.34,357.4
2023,5,14,0,0,0,0,0,0,0,0,0,9.12,6.92,8.02,8.91,90.38,0.01,73.23,0.42,340.56,0.79,344.6
2023,5,14,1,0,0,0,0,0,0,0,0,8.92,6.47,7.69,8.67,88.94,0,73.16,0.51,341.29,1.06,345.04
2023,5,14,2,0,0,0,0,0,0,0,0,8.49,5.82,7.15,8.3,87.44,0,73.09,0.63,347.86,1.29,352.02
2023,5,14,3,0,0,0,0,0,0,0,0,8.44,5.09,6.76,7.87,83.12,0,73.02,0.76,352.95,1.36,354.06
2023,5,14,4,0,0,0,0,0,0,0,0,8.65,4.45,6.55,7.51,78.19,0,72.97,0.77,350.06,1.22,350.06
2023,5,14,5,0.04,0.03,0.13,3.58,3.73,0.49,0,0,8.7,4.01,6.36,7.26,75.5,0,72.98,0.71,355.55,1.07,355.83
2023,5,14,6,0.53,0.52,1.05,58.35,59.27,6.99,0.04,0.17,10.36,4.9,7.63,7.81,72.38,0,73.04,0.47,23.57,0.72,22.38
2023,5,14,7,1.27,1.33,2.08,147.1,156.9,18.12,0.26,1.27,12.73,4.82,8.78,7.69,61,0,73.09,1.08,158.28,1.32,158.45
2023,5,14,8,2.12,2.16,3.01,254.2,260.55,33.18,0.73,3.62,14.51,5.01,9.76,7.75,54.94,0,73.11,2.17,178.97,2.72,178.85
2023,5,14,9,2.79,2.86,3.78,342.6,347.25,46.45,1.32,6.73,16.03,5.31,10.67,7.87,50.75,0,73.11,2.93,185.21,3.66,185.14
2023,5,14,10,3.08,3.41,4.35,385.9,416.02,54.19,1.8,9.35,17.05,5.64,11.34,8.06,48.44,0,73.09,3.63,188.79,4.56,188.87
2023,5,14,11,3.06,3.7,4.67,394,451.12,55.87,2,10.6,17.58,5.94,11.76,8.18,47.69,0.01,73.06,4.17,191.12,5.27,191.19
2023,5,14,12,2.74,3.63,4.72,355.88,440.12,49.24,1.77,9.4,17.94,6.27,12.1,8.36,47.5,0.04,73.02,4.62,191.4,5.87,191.43
2023,5,14,13,2.47,3.41,4.49,315.52,414.05,43.88,1.5,7.75,18.08,6.18,12.13,8.3,46.62,0.05,72.95,4.98,192.51,6.38,192.59
2023,5,14,14,2.03,2.96,4.01,259.25,359.45,35.72,1.11,5.65,17.73,6.06,11.9,8.24,47.19,0.07,72.88,5,193.84,6.45,193.88
2023,5,14,15,1.47,2.3,3.3,185.42,276.42,25.16,0.65,3.3,17.33,5.8,11.56,8.06,47.5,0.08,72.84,5,195.97,6.5,196.04
2023,5,14,16,0.9,1.48,2.41,110.38,175.25,14.53,0.27,1.33,16.37,5.51,10.94,7.87,49.38,0.1,72.82,4.64,199.38,6.1,199.36
2023,5,14,17,0.31,0.68,1.41,38.3,78.8,4.92,0.05,0.23,15.09,5.42,10.26,7.87,53.25,0.06,72.82,3.88,203.37,5.2,203.29
2023,5,14,18,0.07,0.1,0.38,6.67,11.15,0.85,0,0.02,13.06,6.4,9.73,8.48,65.69,0.37,72.85,2.08,205.12,3.13,204.78
2023,5,14,19,0,0,0,0,0,0,0,0,11.34,6.72,9.03,8.73,75.62,0.33,72.91,1.17,204.35,2.29,203.76
2023,5,14,20,0,0,0,0,0,0,0,0,10.77,6.73,8.75,8.73,79,0.29,72.99,1.1,203.84,2.26,203.02
2023,5,14,21,0,0,0,0,0,0,0,0,10.3,6.66,8.48,8.73,81.62,0.28,73.05,1,198.29,2.13,197.9
2023,5,14,22,0,0,0,0,0,0,0,0,9.83,6.61,8.23,8.79,84.38,0.28,73.07,0.84,194.04,1.81,193.98
2023,5,14,23,0,0,0,0,0,0,0,0,9.62,6.47,8.05,8.73,85.25,0.32,73.05,0.7,194.81,1.39,195.37
2023,5,15,0,0,0,0,0,0,0,0,0,9.25,6.08,7.66,8.54,85.19,0.35,72.99,0.37,199.57,0.75,205.77
2023,5,15,1,0,0,0,0,0,0,0,0,8.69,6.19,7.44,8.67,89.69,0.3,72.92,0.13,227.49,0.35,234.16
2023,5,15,2,0,0,0,0,0,0,0,0,8.2,6.05,7.13,8.54,91.81,0.18,72.85,0.28,321.84,0.5,312.46
2023,5,15,3,0,0,0,0,0,0,0,0,7.78,5.87,6.82,8.48,93.5,0.07,72.81,0.39,318.27,0.73,316.74
2023,5,15,4,0,0,0,0,0,0,0,0,7.47,5.73,6.59,8.42,94.88,0.02,72.8,0.38,303.37,0.79,308.57
2023,5,15,5,0.03,0.03,0.13,2.02,2.73,0.27,0,0,7.33,5.64,6.48,8.36,95.25,0.01,72.82,0.46,297,0.92,301.8
2023,5,15,6,0.31,0.37,1.06,35.1,41.05,4.35,0.02,0.12,8.44,5.93,7.19,8.48,89.44,0.01,72.86,0.94,292.07,1.27,292.46
2023,5,15,7,0.81,1.1,2.08,95.95,124.77,12.08,0.18,0.88,10.18,5.96,8.07,8.42,79.06,0.01,72.88,1.52,259.96,1.96,259.23
2023,5,15,8,1.23,1.89,3.01,149.8,218.7,19.59,0.45,2.25,12.58,5.27,8.93,8.06,64.44,0,72.87,2.71,239.29,3.45,239.26
2023,5,15,9,1.71,2.66,3.79,215.45,314.6,28.65,0.84,4.33,14.76,4.62,9.69,7.69,53.25,0,72.87,3.91,227.83,5.02,227.84
2023,5,15,10,1.91,3.14,4.35,241.77,371.58,32.84,1.09,5.45,15.79,4.72,10.25,7.69,49.94,0.02,72.88,4.76,223.27,6.16,223.3
2023,5,15,11,2.09,3.46,4.67,268.35,410.15,36.71,1.29,6.75,15.87,5.41,10.64,8,51.81,0.28,72.87,5.18,223.23,6.71,223.21
2023,5,15,12,2.13,3.45,4.72,275.02,407.75,37.36,1.31,6.92,15.65,6.15,10.9,8.42,55,0.94,72.84,5.28,224.34,6.83,224.31
2023,5,15,13,1.91,3.27,4.49,244.1,386.33,32.88,1.11,5.65,15.27,6.7,10.99,8.73,58.5,1.42,72.81,5.31,224.94,6.91,224.95
2023,5,15,14,1.6,2.83,4.01,202.33,334.02,27.1,0.82,4.17,14.55,7.12,10.83,9.03,63.31,1.52,72.79,5.11,226.42,6.71,226.42
2023,5,15,15,1.2,2.22,3.3,149,260.1,19.69,0.49,2.52,13.85,7.39,10.62,9.22,67.88,1.16,72.78,4.68,228.45,6.17,228.49
2023,5,15,16,0.82,1.48,2.42,97.95,171.85,12.62,0.23,1.12,13.15,7.38,10.26,9.28,71.38,0.78,72.79,4.08,229.04,5.39,229.11
2023,5,15,17,0.41,0.72,1.42,48.17,82.8,5.97,0.05,0.25,12.16,7.34,9.75,9.28,76.25,0.45,72.81,3.3,228.27,4.42,228.22
2023,5,15,18,0.1,0.11,0.38,9.88,12.95,1.33,0.01,0.02,10.48,8.06,9.27,9.89,90.75,0.79,72.84,1.77,224.64,2.65,224.4
2023,5,15,19,0,0,0,0,0,0,0,0,8.73,7.67,8.2,9.58,99.12,0.49,72.89,0.96,218.37,1.98,218.27
2023,5,15,20,0,0,0,0,0,0,0,0,8.44,7.39,7.91,9.4,99.31,0.44,72.96,0.9,215.07,1.89,215.07
2023,5,15,21,0,0,0,0,0,0,0,0,8.11,6.98,7.54,9.16,98.56,0.44,73.01,0.92,210.71,1.89,211.33
2023,5,15,22,0,0,0,0,0,0,0,0,7.82,6.44,7.13,8.73,96.38,0.49,73.02,0.94,205.71,1.8,206.01
2023,5,15,23,0,0,0,0,0,0,0,0,7.66,5.99,6.83,8.42,93.94,0.54,73.01,0.91,202.81,1.65,202.91
2023,5,16,0,0,0,0,0,0,0,0,0,7.76,5.88,6.82,8.36,92.38,0.45,72.98,0.76,201.8,1.32,201.86
2023,5,16,1,0,0,0,0,0,0,0,0,7.73,5.76,6.74,8.3,91.81,0.4,72.95,0.58,205.53,1.02,205.78
2023,5,16,2,0,0,0,0,0,0,0,0,7.39,5.62,6.51,8.24,93.25,0.28,72.92,0.34,223.15,0.73,218.09
2023,5,16,3,0,0,0,0,0,0,0,0,6.9,5.47,6.19,8.12,95.38,0.19,72.91,0.1,265.6,0.3,236.73
2023,5,16,4,0,0,0,0,0,0,0,0,6.3,5.19,5.74,8,97.88,0.14,72.91,0.2,332.45,0.3,312.88
2023,5,16,5,0.04,0.04,0.14,3.75,4,0.52,0,0,5.89,4.89,5.39,7.87,99,0.09,72.94,0.42,341.57,0.69,340.95
2023,5,16,6,0.41,0.5,1.06,47.55,55.98,6.12,0.03,0.17,7.7,5.63,6.66,8.3,92.44,0.05,72.98,0.56,323.45,0.83,330.79
2023,5,16,7,0.9,1.32,2.09,106.12,154.4,13.95,0.21,1.02,10.2,5.73,7.97,8.3,78,0.01,73.04,1,235.19,1.26,235.62
2023,5,16,8,1.37,2.16,3.02,170,257.65,23.28,0.55,2.75,12.11,5.05,8.58,7.93,65.5,0,73.08,2.16,219.86,2.72,219.87
2023,5,16,9,1.77,2.89,3.79,228.3,347.65,32.03,0.96,5,13.86,4.52,9.19,7.63,56.25,0.01,73.1,2.81,219.48,3.55,219.55
2023,5,16,10,2.01,3.41,4.35,254.15,409.35,36.64,1.24,6.27,15.23,4.45,9.83,7.57,51.12,0.02,73.09,3.6,215.38,4.6,215.39
2023,5,16,11,2.16,3.72,4.67,279.52,446.62,40.19,1.47,7.6,15.92,4.9,10.41,7.75,50.06,0.11,73.07,4.23,213.1,5.44,213.1
2023,5,16,12,1.82,3.45,4.72,229.58,405.98,31.06,1.1,5.77,15.52,5.55,10.54,8.06,53.25,0.57,73.05,4.41,212.48,5.69,212.45
2023,5,16,13,1.75,3.21,4.49,226.48,378.75,28.98,0.98,4.88,14.78,6.31,10.55,8.48,58.75,1.64,73.02,4.35,213.06,5.63,213.05
2023,5,16,14,1.22,2.68,4.01,159.02,314.35,20.66,0.62,3.15,14.12,6.94,10.53,8.85,64,2.39,72.99,4.24,215.01,5.5,215
2023,5,16,15,0.77,2.08,3.31,102.62,243.4,12.93,0.31,1.62,13.45,7.37,10.41,9.16,69.06,2.06,72.98,3.96,215.13,5.18,215.06
2023,5,16,16,0.62,1.34,2.42,77.83,153.23,9.56,0.17,0.85,12.69,7.66,10.18,9.34,74,1.36,72.98,3.54,213.94,4.67,213.96
2023,5,16,17,0.35,0.58,1.43,41.4,63.65,4.87,0.04,0.2,11.83,7.84,9.83,9.46,79.44,0.74,73,2.9,212.79,3.89,212.7
2023,5,16,18,0.08,0.1,0.39,8.25,11.27,1.05,0,0.02,10.4,8.55,9.48,10.07,93,0.4,73.04,1.56,209.64,2.39,208.91
2023,5,16,19,0,0,0,0,0,0,0,0,9.11,7.67,8.39,9.46,95.31,0.25,73.1,0.87,202.66,1.6,202.32
2023,5,16,20,0,0,0,0,0,0,0,0,8.83,6.85,7.83,8.85,91.38,0.13,73.16,0.68,200.94,1.2,202.56
2023,5,16,21,0,0,0,0,0,0,0,0,8.69,6.33,7.51,8.54,88.88,0.04,73.18,0.45,234.93,0.76,232.9
2023,5,16,22,0,0,0,0,0,0,0,0,7.98,6.08,7.03,8.42,92,0.01,73.16,0.51,309.35,0.81,308.31
2023,5,16,23,0,0,0,0,0,0,0,0,7.22,5.72,6.47,8.24,94.81,0,73.13,0.76,332.38,1.32,334.8
2023,5,17,0,0,0,0,0,0,0,0,0,6.8,5.08,5.94,7.93,93.62,0,73.09,0.88,335.93,1.58,338.51
2023,5,17,1,0,0,0,0,0,0,0,0,6.73,4.42,5.58,7.57,89.88,0,73.04,0.91,334.09,1.61,335.92
2023,5,17,2,0,0,0,0,0,0,0,0,6.79,3.83,5.31,7.26,85.81,0,73.01,0.91,334.98,1.56,336.65
2023,5,17,3,0,0,0,0,0,0,0,0,6.86,3.33,5.09,6.96,82.25,0,73.02,0.85,340.73,1.42,341.76
2023,5,17,4,0,0,0,0,0,0,0,0,6.87,2.9,4.88,6.77,79.62,0,73.04,0.8,346.37,1.3,346.8
2023,5,17,5,0.05,0.04,0.14,3.92,4.67,0.55,0,0,6.9,2.58,4.74,6.59,77.69,0,73.08,0.76,349.96,1.22,350.42
2023,5,17,6,0.53,0.61,1.07,61.45,71.6,7.29,0.04,0.2,8.73,4.36,6.55,7.57,78.56,0,73.13,0.68,332.55,1.03,339.09
2023,5,17,7,1.14,1.45,2.09,137.15,175.4,17.6,0.27,1.33,11.3,4.8,8.05,7.69,67.44,0,73.18,0.61,252.03,0.76,253.97
2023,5,17,8,1.67,2.27,3.02,208.4,277.27,28.52,0.67,3.35,13.26,4.93,9.09,7.75,59.69,0,73.21,1.66,214.44,2.1,215.29
2023,5,17,9,2.3,2.97,3.79,291.15,363.2,41.01,1.23,6.38,15.17,5.06,10.12,7.81,53.06,0,73.24,2.71,211.22,3.45,211.39
2023,5,17,10,2.75,3.47,4.36,348.45,425.48,50.05,1.73,8.98,16.45,5.46,10.95,8,50.12,0,73.25,3.63,208.66,4.66,208.67
2023,5,17,11,2.8,3.73,4.67,363.12,458,52.79,1.95,10.42,16.98,6.09,11.54,8.3,50.38,0.03,73.25,4.19,208.38,5.38,208.42
2023,5,17,12,2.3,3.54,4.72,302.35,428.48,41.14,1.5,8.02,16.81,6.76,11.79,8.67,52.94,0.1,73.23,4.44,209.77,5.71,209.75
2023,5,17,13,1.79,3.32,4.49,233.2,400.55,31.89,1.11,5.73,16.16,7.23,11.69,8.97,57,0.21,73.21,4.59,211.58,5.96,211.54
2023,5,17,14,1.71,2.87,4.01,222.1,347.3,29.14,0.93,4.73,15.33,7.57,11.45,9.22,61.69,0.37,73.18,4.5,214.68,5.86,214.62
2023,5,17,15,1.13,2.23,3.31,148.48,268.33,19.06,0.5,2.6,14.56,7.92,11.24,9.46,66.56,0.78,73.16,4.3,215.54,5.61,215.48
2023,5,17,16,0.65,1.45,2.43,83.48,173.08,10.17,0.19,0.92,13.62,8.33,10.98,9.7,72.94,1.07,73.17,4.01,214.03,5.31,214.02
2023,5,17,17,0.35,0.67,1.43,43.88,78.12,5.7,0.05,0.27,12.54,8.78,10.65,10.07,81,0.85,73.19,3.44,212.86,4.65,212.78
2023,5,17,18,0.09,0.11,0.4,9.58,12.65,1.26,0,0.02,11.25,9.42,10.33,10.62,92.88,0.26,73.24,2.12,211,3.06,210.69
2023,5,17,19,0,0,0,0,0,0,0,0,10.51,9.64,10.08,10.8,99.31,0.24,73.3,1.5,208.56,2.35,207.93
2023,5,17,20,0,0,0,0,0,0,0,0,10.21,9.52,9.87,10.68,100,0.2,73.36,1.35,208.8,2.18,207.58
2023,5,17,21,0,0,0,0,0,0,0,0,9.76,9.24,9.5,10.5,100,0.14,73.4,1.04,211.78,1.83,209.41
2023,5,17,22,0,0,0,0,0,0,0,0,9.33,8.79,9.06,10.19,100,0.08,73.4,0.86,214.99,1.52,213.04
2023,5,17,23,0,0,0,0,0,0,0,0,8.84,8.4,8.62,9.95,100,0.04,73.37,0.68,218.45,1.17,219.02
2023,5,18,0,0,0,0,0,0,0,0,0,8.04,7.89,7.96,9.7,100,0.02,73.32,0.58,243.43,1.01,244.42
2023,5,18,1,0,0,0,0,0,0,0,0,7.49,7.54,7.51,9.52,100,0.01,73.27,0.6,275.19,1.06,273.81
2023,5,18,2,0,0,0,0,0,0,0,0,7.17,7.15,7.16,9.34,100,0,73.23,0.65,291.93,1.13,291.58
2023,5,18,3,0,0,0,0,0,0,0,0,6.88,6.73,6.8,9.09,100,0,73.21,0.65,302.15,1.09,302.09
2023,5,18,4,0,0,0,0,0,0,0,0,6.52,6.22,6.37,8.79,100,0,73.22,0.69,320.03,1.23,320.94
2023,5,18,5,0.05,0.04,0.15,3.83,3.9,0.52,0,0,6.37,5.69,6.03,8.48,100,0,73.25,0.71,330.33,1.33,332.84
2023,5,18,6,0.39,0.46,1.08,45.12,52.88,5.63,0.03,0.15,8.24,5.82,7.03,8.48,90.88,0,73.27,1.23,343.41,1.67,343.09
2023,5,18,7,0.77,1.2,2.1,91.92,139.33,11.73,0.18,0.88,11.2,5.62,8.4,8.36,73.75,0,73.29,0.84,301.33,1.02,301.26
2023,5,18,8,1.42,2.01,3.02,175.38,237.9,22.72,0.53,2.7,13.63,5.49,9.56,8.3,62.12,0,73.31,1.79,218.82,2.23,218.88
2023,5,18,9,1.83,2.69,3.79,229.08,319.67,30.66,0.9,4.67,15.44,5.79,10.62,8.36,55.88,0.01,73.32,2.89,209.69,3.67,209.62
2023,5,18,10,2.17,3.22,4.36,273.62,385.85,37.22,1.23,6.27,16.77,6.31,11.54,8.61,52.94,0.01,73.32,3.79,208.15,4.87,208.17
2023,5,18,11,2.32,3.55,4.67,306.83,429.27,41.74,1.52,7.88,17.4,7.08,12.24,9.03,53.25,0.02,73.3,4.45,208.77,5.73,208.77
2023,5,18,12,2.07,3.48,4.72,275.9,419.67,36.8,1.32,6.98,17.33,7.9,12.62,9.46,56,0.1,73.27,4.79,211.12,6.19,211.1
2023,5,18,13,1.76,3.23,4.5,227.27,387.12,30.66,1.04,5.33,16.76,8.43,12.59,9.77,59.94,0.21,73.23,4.98,215.56,6.47,215.57
2023,5,18,14,2.08,2.77,4.02,254.48,330.5,32.73,1.02,5.17,15.69,8.69,12.19,9.95,65.25,0.35,73.17,4.91,218.09,6.44,218.11
2023,5,18,15,1.18,2.17,3.31,145.8,256.65,19.01,0.48,2.45,14.8,8.9,11.85,10.13,70.25,0.55,73.13,4.46,220.95,5.84,220.98
2023,5,18,16,1.15,1.41,2.44,136.92,164.42,16.95,0.32,1.58,13.76,8.91,11.34,10.19,75.38,0.6,73.1,3.88,224.27,5.09,224.25
2023,5,18,17,0.43,0.69,1.44,48.73,79.98,6.13,0.05,0.27,12.64,8.94,10.79,10.25,81.62,0.48,73.08,3.07,226.85,4.08,226.86
2023,5,18,18,0.08,0.12,0.41,8.58,13.4,1.16,0,0.02,11.32,9.26,10.29,10.56,91.75,0.29,73.1,1.82,225.52,2.57,225.49
2023,5,18,19,0,0,0,0,0,0,0,0,10.37,9.48,9.92,10.74,99.62,0.18,73.12,1.15,225.55,1.85,225.69
2023,5,18,20,0,0,0,0,0,0,0,0,9.92,9.22,9.57,10.56,100,0.09,73.14,0.99,234.93,1.69,235.14
2023,5,18,21,0,0,0,0,0,0,0,0,9.11,8.6,8.86,10.13,100,0.06,73.15,0.77,246.04,1.59,245.58
2023,5,18,22,0,0,0,0,0,0,0,0,8.5,8.13,8.32,9.77,100,0.05,73.15,0.79,256.92,1.53,256.39
2023,5,18,23,0,0,0,0,0,0,0,0,8.18,7.76,7.97,9.58,100,0.03,73.13,0.81,273.3,1.42,272.85
2023,5,19,0,0,0,0,0,0,0,0,0,7.8,7.33,7.56,9.34,100,0.02,73.09,0.84,294.89,1.42,294.73
2023,5,19,1,0,0,0,0,0,0,0,0,7.4,6.76,7.08,8.97,100,0.01,73.05,0.9,308.27,1.52,308.75
2023,5,19,2,0,0,0,0,0,0,0,0,7.25,6.21,6.73,8.67,99.12,0,73,0.93,312.27,1.57,312.58
2023,5,19,3,0,0,0,0,0,0,0,0,7.3,5.7,6.5,8.36,95.31,0,72.98,0.89,321.42,1.45,321.77
2023,5,19,4,0,0,0,0,0,0,0,0,7.21,5.21,6.21,8.06,92.62,0,72.97,0.86,329.93,1.39,330.69
2023,5,19,5,0.04,0.04,0.15,3.58,4.7,0.51,0,0,7.17,4.78,5.98,7.81,89.88,0,72.99,0.84,334.63,1.36,335.94
2023,5,19,6,0.43,0.55,1.08,51.9,65.33,6.54,0.04,0.2,9.27,5.82,7.55,8.42,83.94,0,73.04,0.76,325.49,1.14,329.04
2023,5,19,7,1.04,1.37,2.1,125.95,164.25,16.5,0.27,1.3,11.91,5.46,8.69,8.12,68.25,0,73.08,1.38,252.59,1.73,252.63
2023,5,19,8,1.67,2.2,3.03,207.75,266.2,28.37,0.69,3.52,13.62,5.18,9.4,7.93,59.56,0,73.11,2.53,225.25,3.2,225.1
2023,5,19,9,2.15,2.91,3.8,269.92,353.23,37.91,1.16,6.08,15.22,5.19,10.2,7.93,53.75,0,73.12,3.47,219.71,4.42,219.77
2023,5,19,10,2.72,3.41,4.36,335.12,412,47.16,1.65,8.38,16.34,5.47,10.9,8.06,50.88,0.01,73.12,4.28,217.96,5.48,217.93
2023,5,19,11,2.73,3.73,4.67,355.67,450.75,50.6,1.88,10,16.94,5.94,11.44,8.3,50.25,0.03,73.1,4.83,217.91,6.21,217.89
2023,5,19,12,2.51,3.56,4.72,327.67,426.1,44.22,1.62,8.73,17.17,6.34,11.76,8.48,50.56,0.08,73.08,5.18,218.08,6.66,218.09
2023,5,19,13,2.32,3.35,4.5,289.67,401.38,39.73,1.38,7.2,17.01,6.44,11.73,8.48,51.19,0.14,73.04,5.24,220.53,6.76,220.5
2023,5,19,14,1.75,2.94,4.02,222.38,353.3,30.13,0.96,4.9,16.65,6.18,11.42,8.36,51.44,0.19,73.01,5.09,223.88,6.58,223.89
2023,5,19,15,1.43,2.3,3.32,180.1,275.92,23.92,0.63,3.3,16,5.87,10.94,8.18,52.5,0.24,72.98,4.82,224.8,6.25,224.8
2023,5,19,16,1.02,1.49,2.44,124.45,175.73,15.8,0.3,1.48,15.08,5.58,10.33,8,54.56,0.26,72.97,4.4,225.43,5.75,225.44
2023,5,19,17,0.54,0.74,1.45,64,86.42,7.86,0.08,0.38,13.73,5.29,9.51,7.81,58.19,0.22,72.98,3.76,225,5,225
2023,5,19,18,0.12,0.13,0.42,13.15,15.05,1.71,0.01,0.02,11.3,6.24,8.76,8.48,74,0.13,73,2.01,222.8,3.04,222.29
2023,5,19,19,0,0,0,0,0,0,0,0,9.11,5.89,7.5,8.24,83.38,0.1,73.03,1.07,219.64,2.21,219.26
2023,5,19,20,0,0,0,0,0,0,0,0,8.57,5.33,6.95,7.93,83.06,0.08,73.08,0.97,222.06,1.99,221.82
2023,5,19,21,0,0,0,0,0,0,0,0,8.34,4.55,6.45,7.51,79.75,0.05,73.12,0.87,233.75,1.63,233.79
2023,5,19,22,0,0,0,0,0,0,0,0,8.19,3.9,6.05,7.14,76.94,0.03,73.13,0.69,252.18,1.21,251.92
2023,5,19,23,0,0,0,0,0,0,0,0,7.93,3.48,5.7,6.96,75.94,0.01,73.1,0.57,284.98,0.98,281.49
2023,5,20,0,0,0,0,0,0,0,0,0,7.17,3.23,5.19,6.84,78.75,0,73.06,0.62,311.93,1.08,307.62
2023,5,20,1,0,0,0,0,0,0,0,0,6.62,2.89,4.76,6.65,79.88,0,73.02,0.73,321.53,1.25,318.04
2023,5,20,2,0,0,0,0,0,0,0,0,6.15,2.58,4.37,6.53,80.75,0,72.99,0.78,328.06,1.36,326.22
2023,5,20,3,0,0,0,0,0,0,0,0,5.83,2.29,4.06,6.41,80.81,0,72.96,0.8,334.68,1.41,333.72
2023,5,20,4,0,0,0,0,0,0,0,0,5.57,2,3.78,6.29,80.62,0,72.94,0.85,340.56,1.5,339.86
2023,5,20,5,0.06,0.04,0.16,4.95,5,0.66,0,0,5.48,1.7,3.59,6.16,79.5,0,72.95,0.89,345.84,1.6,345.9
2023,5,20,6,0.54,0.58,1.09,62.33,68.3,7.59,0.05,0.23,7.87,3.3,5.58,7.02,77,0,72.99,0.93,331.93,1.47,337.8
2023,5,20,7,1.21,1.41,2.11,143.95,168.08,18.57,0.28,1.4,10.94,2.44,6.69,6.47,58,0,73.03,1.17,258.01,1.46,258.57
2023,5,20,8,1.96,2.24,3.03,237.75,269,32.03,0.75,3.77,13.08,1.67,7.37,6.04,47.19,0,73.06,2.45,226.03,3.11,226.02
2023,5,20,9,2.56,2.95,3.8,316.3,354.6,43.69,1.3,6.8,14.89,1.4,8.15,5.92,41.06,0,73.07,3.39,218.45,4.3,218.43
2023,5,20,10,2.68,3.45,4.36,331.67,415.33,47.29,1.6,8.3,16.08,1.51,8.8,5.98,38.38,0,73.08,4.33,213.98,5.54,213.96
2023,5,20,11,2.87,3.74,4.67,367.83,449.8,52.5,1.91,10.15,16.58,2.12,9.35,6.23,38.75,0.03,73.08,4.85,211.98,6.23,211.97
2023,5,20,12,2.36,3.53,4.72,299.45,419.83,40.7,1.44,7.73,16.65,2.96,9.8,6.59,40.75,0.06,73.08,4.96,211.94,6.35,211.93
2023,5,20,13,2.16,3.32,4.5,273.2,393.02,36.18,1.25,6.3,16.55,3.54,10.05,6.9,42.69,0.09,73.06,4.94,212.21,6.32,212.18
2023,5,20,14,1.83,2.76,4.02,226.88,323.25,28.98,0.88,4.48,16.28,3.88,10.08,7.02,44.44,0.11,73.04,4.93,212.71,6.34,212.67
2023,5,20,15,1.35,2.13,3.32,166.6,248.45,21.19,0.53,2.77,15.5,3.99,9.75,7.08,47.19,0.11,73.02,4.71,214.19,6.1,214.2
2023,5,20,16,0.88,1.43,2.45,105.9,165.98,13.34,0.24,1.2,14.57,3.98,9.27,7.08,50.06,0.1,73.02,4.23,215.16,5.51,215.13
2023,5,20,17,0.45,0.66,1.46,52.23,74.77,6.43,0.06,0.3,13.26,4.07,8.67,7.14,54.94,0.08,73.03,3.49,216.54,4.64,216.37
2023,5,20,18,0.11,0.12,0.42,11.4,13.52,1.47,0.01,0.02,11.01,5.58,8.3,8.12,72,0.12,73.07,1.84,217.94,2.79,216.81
2023,5,20,19,0,0,0,0,0,0,0,0,9.26,5.15,7.21,7.81,78.19,0.11,73.12,0.98,216.23,1.86,215.96
2023,5,20,20,0,0,0,0,0,0,0,0,8.92,4.48,6.7,7.45,76.25,0.1,73.18,0.87,222.45,1.58,222.79
2023,5,20,21,0,0,0,0,0,0,0,0,8.87,3.85,6.36,7.08,72.94,0.07,73.22,0.69,238.48,1.15,238.57
2023,5,20,22,0,0,0,0,0,0,0,0,8.89,3.37,6.13,6.84,70.31,0.05,73.24,0.57,260.54,0.91,259.65
2023,5,20,23,0,0,0,0,0,0,0,0,8.57,3.26,5.91,6.84,71.69,0.05,73.22,0.51,291.48,0.81,287.91
2023,5,21,0,0,0,0,0,0,0,0,0,7.87,3.15,5.51,6.77,74.38,0.04,73.18,0.57,322.19,0.92,319.82
2023,5,21,1,0,0,0,0,0,0,0,0,7.48,2.84,5.16,6.59,74.88,0.03,73.14,0.7,334.29,1.13,332.9
2023,5,21,2,0,0,0,0,0,0,0,0,7.19,2.57,4.87,6.47,74.88,0.02,73.1,0.77,335.27,1.25,334.88
2023,5,21,3,0,0,0,0,0,0,0,0,6.98,2.26,4.62,6.35,74.25,0.02,73.08,0.78,337.03,1.28,337.35
2023,5,21,4,0,0,0,0,0,0,0,0,6.7,1.97,4.33,6.23,74.06,0.01,73.07,0.81,342.09,1.34,342.41
2023,5,21,5,0.05,0.04,0.16,4.02,4.65,0.55,0,0,6.64,1.76,4.2,6.1,73.31,0.01,73.09,0.81,347.17,1.33,348.16
2023,5,21,6,0.49,0.52,1.1,55.58,60.4,6.81,0.05,0.23,8.38,3.54,5.96,7.08,75.31,0.01,73.14,0.7,347.05,1.13,352.43
2023,5,21,7,1.05,1.31,2.11,123.65,154.9,15.77,0.25,1.23,11.23,2.81,7.02,6.65,58.31,0.01,73.18,0.55,227.29,0.65,228.42
2023,5,21,8,1.68,2.14,3.03,205.58,255.62,27.48,0.66,3.38,13.24,2.65,7.94,6.53,50.25,0.02,73.21,2.17,202.87,2.71,202.87
2023,5,21,9,2.15,2.85,3.8,268.15,341.23,36.89,1.12,5.9,14.98,2.8,8.89,6.59,45.25,0.06,73.23,3.06,204.8,3.85,204.69
2023,5,21,10,2.45,3.36,4.36,304.52,402.6,42.8,1.47,7.65,16.21,3.28,9.74,6.77,43.19,0.16,73.24,3.88,204.65,4.92,204.69
2023,5,21,11,2.48,3.67,4.67,323.73,440.55,45.14,1.69,8.9,16.62,3.97,10.3,7.08,44,0.32,73.24,4.47,205.58,5.7,205.58
2023,5,21,12,1.92,3.38,4.72,250.3,398.7,32.66,1.17,6.27,16.27,4.54,10.4,7.39,46.75,0.48,73.23,4.71,206.74,6.03,206.7
2023,5,21,13,1.71,3.2,4.5,223.08,378.05,28.39,1,5.02,15.69,5.02,10.35,7.63,50.25,0.62,73.21,4.73,206.9,6.12,206.86
2023,5,21,14,0.91,2.72,4.02,121.62,319.98,15.55,0.48,2.42,15.21,5.47,10.33,7.87,53.5,0.72,73.19,4.62,207.17,6.01,207.16
2023,5,21,15,0.93,2.1,3.32,120.6,245.8,14.91,0.38,2,14.53,5.73,10.13,8.06,57,0.68,73.17,4.29,209.32,5.61,209.24
2023,5,21,16,0.68,1.37,2.45,84.7,159.23,10.62,0.21,1.02,13.86,5.92,9.89,8.18,60.38,0.51,73.15,3.71,211.92,4.89,211.81
2023,5,21,17,0.33,0.64,1.46,39.8,73.17,4.79,0.05,0.25,12.98,6.44,9.71,8.54,66.75,0.31,73.16,2.78,212.71,3.74,212.36
2023,5,21,18,0.11,0.11,0.43,11.92,13.42,1.51,0.01,0.02,11.37,8.06,9.72,9.77,84.75,0.15,73.2,1.42,213.08,2.2,210.75
2023,5,21,19,0,0,0,0,0,0,0,0,10.18,6.8,8.49,8.79,83,0.07,73.26,0.81,203.85,1.45,203.52
2023,5,21,20,0,0,0,0,0,0,0,0,10.03,5.98,8.01,8.24,78.75,0.03,73.32,0.56,208.35,0.95,210.8
2023,5,21,21,0,0,0,0,0,0,0,0,9.91,5.35,7.63,7.87,75.94,0.01,73.36,0.28,247.01,0.48,247.17
2023,5,21,22,0,0,0,0,0,0,0,0,9.06,5.27,7.16,7.87,80.31,0.01,73.38,0.45,327.68,0.72,326.14
2023,5,21,23,0,0,0,0,0,0,0,0,8.39,4.99,6.69,7.75,82.44,0,73.36,0.7,339.74,1.18,340.73
2023,5,22,0,0,0,0,0,0,0,0,0,8.07,4.44,6.25,7.45,81.31,0,73.31,0.83,338.5,1.42,339.78
2023,5,22,1,0,0,0,0,0,0,0,0,8.08,3.76,5.93,7.14,77.56,0,73.25,0.92,338.65,1.55,339
2023,5,22,2,0,0,0,0,0,0,0,0,8.26,3.03,5.65,6.77,72.88,0,73.2,0.97,341.71,1.6,341.48
2023,5,22,3,0,0,0,0,0,0,0,0,8.45,2.27,5.37,6.47,68.25,0,73.17,0.96,344.83,1.53,344.26
2023,5,22,4,0,0,0,0,0,0,0,0,8.48,1.52,5,6.1,64.69,0,73.17,0.94,348.04,1.47,347.74
2023,5,22,5,0.05,0.04,0.16,4.23,4.45,0.57,0,0,8.51,0.94,4.73,5.86,61.94,0,73.19,0.94,349.91,1.46,349.53
2023,5,22,6,0.38,0.49,1.1,43.27,55.48,5.52,0.03,0.17,10.26,3.49,6.87,7.2,67.56,0,73.22,0.82,347.94,1.3,349.3
2023,5,22,7,0.84,1.25,2.11,99,143.58,12.56,0.2,0.95,13.24,2.26,7.75,6.71,51.88,0,73.26,0.46,359.03,0.59,359.24
2023,5,22,8,1.46,2.06,3.03,176.83,242.02,23.3,0.54,2.75,15.68,1.26,8.48,6.53,43.12,0,73.29,0.69,178.05,0.86,177.92
2023,5,22,9,1.79,2.77,3.8,223.65,328.42,30.48,0.91,4.7,17.71,0.99,9.35,6.53,37.69,0,73.31,1.9,184.72,2.39,184.69
2023,5,22,10,2.12,3.31,4.36,269.65,394.08,36.9,1.26,6.3,18.81,2.58,10.69,7.08,38.44,0,73.31,3.28,192.38,4.18,192.4
2023,5,22,11,2.3,3.58,4.67,300.08,427.77,41.46,1.5,7.85,19.23,4.33,11.78,7.87,41.56,0,73.31,4.13,197.51,5.33,197.48
2023,5,22,12,2.22,3.29,4.72,287.27,387.3,35.48,1.24,6.6,19.3,5.72,12.51,8.61,45.06,0,73.3,4.45,200.89,5.75,200.85
2023,5,22,13,2.02,2.97,4.5,245.25,347.15,31.01,1.02,5.2,19.03,6.76,12.89,9.09,48.31,0.03,73.28,4.43,204.03,5.72,204.01
2023,5,22,14,1.74,2.54,4.02,210.7,295.85,25.9,0.77,3.9,18.32,7.48,12.9,9.4,52.25,0.14,73.25,4.14,208.26,5.35,208.25
2023,5,22,15,1.33,1.9,3.33,157.83,219.08,19.07,0.47,2.42,17.4,7.95,12.68,9.58,56.56,0.22,73.23,3.66,209.79,4.73,209.78
2023,5,22,16,0.89,1.21,2.46,103.17,137.88,12.3,0.22,1.08,16.37,8.34,12.36,9.77,61.44,0.22,73.23,3.18,210.84,4.14,210.87
2023,5,22,17,0.42,0.55,1.47,46.77,61.55,5.63,0.05,0.25,15.27,8.54,11.9,9.89,66.5,0.18,73.23,2.68,213.23,3.57,213.31
2023,5,22,18,0.09,0.1,0.44,9.9,11.92,1.25,0,0.02,13.44,9.5,11.47,10.56,80.25,0.14,73.26,1.47,214.37,2.25,214.24
2023,5,22,19,0,0,0,0,0,0,0,0,12.05,9.46,10.76,10.5,87.19,0.09,73.29,1.01,218.73,1.85,217.26
2023,5,22,20,0,0,0,0,0,0,0,0,11.8,9.15,10.48,10.19,86.5,0.05,73.35,0.81,222.27,1.49,221.38
2023,5,22,21,0,0,0,0,0,0,0,0,11.52,8.83,10.18,9.95,86,0.02,73.39,0.7,228.15,1.25,228.31
2023,5,22,22,0,0,0,0,0,0,0,0,11.3,8.54,9.92,9.77,85.69,0.02,73.4,0.54,245.28,0.87,245.73
2023,5,22,23,0,0,0,0,0,0,0,0,10.88,8.05,9.47,9.52,85.75,0.01,73.38,0.48,296.15,0.72,296.29
2023,5,23,0,0,0,0,0,0,0,0,0,10.03,7.51,8.77,9.22,88.06,0,73.35,0.67,327.78,1.05,328.09
2023,5,23,1,0,0,0,0,0,0,0,0,9.48,6.91,8.19,8.91,88.25,0,73.31,0.84,332.72,1.33,333.13
2023,5,23,2,0,0,0,0,0,0,0,0,9.17,6.29,7.73,8.61,86.62,0,73.27,0.93,333.43,1.48,334.11
2023,5,23,3,0,0,0,0,0,0,0,0,9.1,5.68,7.39,8.24,83.5,0,73.25,0.94,334.5,1.49,334.51
2023,5,23,4,0,0,0,0,0,0,0,0,9.12,5.08,7.09,7.93,80.19,0,73.25,0.91,334.98,1.39,335.02
2023,5,23,5,0.05,0.04,0.17,3.75,4.08,0.48,0,0,9.19,4.53,6.86,7.63,77.06,0,73.27,0.86,347.36,1.31,347.29
2023,5,23,6,0.08,0.41,1.11,9.95,46.95,0.99,0.01,0.02,11.01,5.83,8.42,8.48,75.56,0.05,73.29,0.56,4.03,0.85,4.2
2023,5,23,7,0.38,1.09,2.12,48.7,125.8,6.32,0.1,0.5,13.3,5.58,9.44,8.42,64.75,0.16,73.33,1.01,203.2,1.25,202.87
2023,5,23,8,0.37,1.85,3.03,52.12,216.65,6.96,0.16,0.8,14.9,5.88,10.39,8.61,59.62,0.16,73.38,2.28,200.05,2.88,200.01
2023,5,23,9,0.34,2.53,3.8,51.67,299.9,6.98,0.18,0.95,16.26,6.37,11.31,8.85,56,0.12,73.41,3.03,202.08,3.83,202.02
2023,5,23,10,0.28,3.04,4.36,45.83,362.55,6.12,0.17,0.85,17.15,6.98,12.07,9.16,54.75,0.13,73.41,3.55,204.03,4.49,203.93
2023,5,23,11,0.52,3.33,4.67,80.98,397.95,10.87,0.34,1.8,17.71,7.62,12.67,9.46,54.75,0.15,73.38,3.84,204.38,4.86,204.3
2023,5,23,12,0.61,3.33,4.72,93.55,399.12,12.45,0.41,2.15,17.72,8.19,12.95,9.77,56.44,0.21,73.33,3.87,204.03,4.91,203.95
2023,5,23,13,0.61,3.13,4.5,90.1,373.8,11.65,0.36,1.83,17.61,8.55,13.08,10.01,58,0.35,73.27,3.74,203.94,4.72,203.93
2023,5,23,14,1.17,2.69,4.02,157.58,321.02,20.23,0.62,3.1,17.18,8.72,12.94,10.07,60.25,0.62,73.21,3.64,202.49,4.61,202.52
2023,5,23,15,0.86,2.07,3.33,114.95,245.3,14.9,0.38,2,16.35,8.88,12.62,10.19,64.19,0.98,73.17,3.47,202.93,4.42,202.89
2023,5,23,16,0.72,1.35,2.46,89.15,157.33,11.31,0.21,1.05,15.17,8.99,12.08,10.31,69.88,1.05,73.13,3.07,205.91,3.94,205.96
2023,5,23,17,0.39,0.63,1.48,46.27,72.95,5.63,0.05,0.27,13.71,9.09,11.4,10.44,77.62,0.92,73.12,2.47,209.16,3.22,209.18
2023,5,23,18,0.1,0.12,0.45,10.85,13.9,1.3,0.01,0.02,12.15,9.5,10.83,10.74,88.5,0.15,73.12,1.5,208.3,2.06,208.32
2023,5,23,19,0,0,0,0,0,0,0,0,11.03,9.99,10.51,11.11,98.88,0.08,73.15,0.65,199.52,1.06,197.63
2023,5,23,20,0,0,0,0,0,0,0,0,10.47,9.54,10,10.74,99.06,0.02,73.19,0.41,170.18,0.65,168.83
2023,5,23,21,0,0,0,0,0,0,0,0,10.08,9.33,9.7,10.62,100,0.01,73.25,0.34,110.1,0.52,111.16
2023,5,23,22,0,0,0,0,0,0,0,0,9.75,9.18,9.47,10.5,100,0,73.27,0.39,28.61,0.66,28.39
2023,5,23,23,0,0,0,0,0,0,0,0,9.44,8.66,9.05,10.19,100,0,73.23,0.55,358.36,1.1,355.54
2023,5,24,0,0,0,0,0,0,0,0,0,9.47,8.09,8.78,9.83,96.75,0,73.2,0.48,330.95,1,332.03
2023,5,24,1,0,0,0,0,0,0,0,0,9.24,7.72,8.48,9.52,95.62,0,73.18,0.49,293.68,0.9,300.79
2023,5,24,2,0,0,0,0,0,0,0,0,9.33,7.53,8.43,9.4,93.62,0,73.16,0.42,300.41,0.65,303.31
2023,5,24,3,0,0,0,0,0,0,0,0,9.28,7.47,8.37,9.34,93.19,0,73.12,0.28,322.82,0.43,323.13
2023,5,24,4,0,0,0,0,0,0,0,0,9.08,7.33,8.2,9.22,93.62,0,73.1,0.31,328.3,0.48,320.91
2023,5,24,5,0.04,0.04,0.17,3.55,4.5,0.48,0,0,8.77,7.18,7.98,9.16,94.81,0,73.13,0.54,309.7,0.87,306.56
2023,5,24,6,0.38,0.44,1.11,44.27,51.4,5.49,0.04,0.2,10.19,7.67,8.93,9.52,89.38,0,73.17,0.89,295.44,1.2,296.23
2023,5,24,7,0.91,1.15,2.12,110.3,135.7,13.57,0.23,1.1,12.41,7.62,10.01,9.52,77.5,0,73.21,1.1,245.62,1.35,245.36
2023,5,24,8,1.31,1.88,3.04,161.17,223.62,20.98,0.52,2.67,14.58,7.34,10.96,9.4,66.12,0,73.24,2.36,201.31,2.97,201.3
2023,5,24,9,1.85,2.56,3.8,230.75,308.33,30.54,0.93,4.92,16.03,7.65,11.84,9.52,61,0,73.27,3.32,196.69,4.2,196.85
2023,5,24,10,2.36,3.11,4.36,294.65,376.52,39.41,1.36,7,16.8,8.13,12.47,9.7,59.5,0,73.27,3.82,197.14,4.84,197.18
2023,5,24,11,2.57,3.42,4.67,332.65,415.2,45.22,1.66,9,17.05,8.75,12.9,10.07,60.44,0.01,73.24,4.02,198.47,5.09,198.43
2023,5,24,12,2.69,3.74,4.72,357.27,461.2,51.91,2.01,10.98,17.2,9.08,13.14,10.25,60.94,0.02,73.19,4.3,201.2,5.47,201.18
2023,5,24,13,2.67,3.51,4.5,341.55,431.08,48.94,1.8,9.55,17.18,9.26,13.22,10.31,61.62,0.03,73.14,4.54,203.12,5.81,203.12
2023,5,24,14,2.29,3.09,4.03,291.67,379.4,41.55,1.38,7.12,16.82,9.31,13.07,10.38,63.25,0.04,73.09,4.56,205.47,5.89,205.44
2023,5,24,15,1.68,2.43,3.33,211,296.77,29.58,0.82,4.27,15.76,9.27,12.51,10.38,67.5,0.05,73.05,4.31,209.45,5.6,209.39
2023,5,24,16,1.12,1.66,2.46,138.88,201.5,18.88,0.38,1.88,14.68,9.23,11.95,10.38,72.25,0.05,73.03,3.82,213.5,4.99,213.44
2023,5,24,17,0.58,0.84,1.48,67.85,99.55,8.79,0.09,0.45,13.53,9.14,11.33,10.31,77.62,0.04,73.03,3.12,215.64,4.1,215.63
2023,5,24,18,0.13,0.17,0.45,14.52,19.25,1.95,0.01,0.02,12.24,9.13,10.69,10.31,84.69,0.12,73.05,2.2,214.59,2.98,214.32
2023,5,24,19,0,0,0,0,0,0,0,0,11.35,9.25,10.3,10.44,90.94,0.14,73.09,1.39,213.51,1.97,213.19
2023,5,24,20,0,0,0,0,0,0,0,0,10.97,9.29,10.13,10.5,93.75,0.17,73.13,1.19,215.89,1.73,215.06
2023,5,24,21,0,0,0,0,0,0,0,0,10.53,9.24,9.89,10.5,96.44,0.16,73.18,0.95,216.3,1.53,214.42
2023,5,24,22,0,0,0,0,0,0,0,0,10.24,9.17,9.7,10.44,97.94,0.16,73.2,0.82,216.11,1.33,215.19
2023,5,24,23,0,0,0,0,0,0,0,0,9.9,8.92,9.41,10.31,98.81,0.15,73.17,0.55,225,0.89,225
2023,5,25,0,0,0,0,0,0,0,0,0,9.1,8.48,8.79,10.07,100,0.14,73.13,0.38,260.54,0.71,255.35
2023,5,25,1,0,0,0,0,0,0,0,0,8.51,8.04,8.27,9.89,100,0.11,73.08,0.39,291.37,0.71,286.03
2023,5,25,2,0,0,0,0,0,0,0,0,7.98,7.48,7.73,9.52,100,0.08,73.02,0.49,313.07,0.84,310.83
2023,5,25,3,0,0,0,0,0,0,0,0,7.8,6.94,7.37,9.22,100,0.05,72.99,0.6,316.58,1.03,315.92
2023,5,25,4,0,0,0,0,0,0,0,0,7.78,6.44,7.12,8.91,98.44,0.03,72.98,0.68,306.08,1.14,304.35
2023,5,25,5,0.05,0.05,0.17,4.3,5.48,0.61,0,0.02,7.72,6.12,6.92,8.73,96.62,0.02,73,0.71,294.6,1.22,293.29
2023,5,25,6,0.46,0.53,1.11,54.12,61.88,7.06,0.05,0.25,9.41,6.77,8.09,9.09,89.94,0.01,73.04,1.21,275.56,1.6,276.16
2023,5,25,7,0.86,1.29,2.12,104.1,153.3,13.82,0.23,1.17,11.13,7.74,9.44,9.64,84.81,0.03,73.08,2.06,246.54,2.64,246.47
2023,5,25,8,1.39,2.11,3.04,174.67,255.95,24.23,0.62,3.17,12.98,8.01,10.49,9.7,75.94,0.04,73.12,2.9,234.77,3.69,234.66
2023,5,25,9,1.8,2.82,3.8,233.08,346.27,33.29,1.07,5.67,14.58,7.85,11.22,9.58,67.5,0.05,73.14,3.61,229.73,4.6,229.76
2023,5,25,10,1.88,3.35,4.36,241.42,411.35,35.37,1.28,6.52,15.65,7.9,11.78,9.58,62.81,0.06,73.13,4.29,226.4,5.48,226.39
2023,5,25,11,2.14,3.68,4.67,291.98,452.25,42.64,1.66,8.83,16.23,8.06,12.15,9.58,60.81,0.14,73.1,4.84,224.93,6.24,224.95
2023,5,25,12,1.89,3.69,4.72,263.67,450.33,38.13,1.49,8.02,16.32,8.23,12.27,9.7,61.12,0.37,73.07,5.27,225.12,6.83,225.09
2023,5,25,13,1.77,3.45,4.5,241.52,420.7,34.46,1.3,6.65,16.19,8.38,12.29,9.83,62.25,0.52,73.02,5.53,226.32,7.21,226.41
2023,5,25,14,1.44,2.92,4.03,196.25,354.4,27.27,0.93,4.73,15.74,8.51,12.12,9.89,64.69,0.61,72.98,5.59,228.51,7.33,228.58
2023,5,25,15,1.12,2.24,3.34,148.58,269.3,20.42,0.59,3.12,14.73,8.53,11.63,9.95,69.19,0.56,72.96,5.26,230.54,6.98,230.63
2023,5,25,16,0.6,1.46,2.47,81.88,173.2,10.69,0.22,1.08,13.88,8.65,11.26,10.01,73.62,0.45,72.96,4.82,232.11,6.45,232.19
2023,5,25,17,0.26,0.7,1.49,30.38,82.05,4.06,0.05,0.23,13.07,8.62,10.84,10.01,77.5,0.34,72.98,4.11,233.26,5.57,233.32
2023,5,25,18,0.09,0.14,0.46,10.33,16.55,1.4,0.01,0.02,11.86,8.79,10.33,10.13,85.19,0.43,73.01,2.72,231.06,3.88,231.38
2023,5,25,19,0,0,0,0,0,0,0,0,10.37,8.6,9.48,10.01,92.88,0.25,73.06,1.74,229.01,2.88,230.39
2023,5,25,20,0,0,0,0,0,0,0,0,9.76,8.03,8.9,9.58,92.88,0.13,73.12,1.46,233.07,2.53,234.69
2023,5,25,21,0,0,0,0,0,0,0,0,9.19,7.25,8.22,9.09,91.62,0.08,73.16,1.14,241.33,2.02,242.34
2023,5,25,22,0,0,0,0,0,0,0,0,8.78,6.51,7.65,8.67,89.62,0.06,73.17,0.87,251.24,1.55,251.47
2023,5,25,23,0,0,0,0,0,0,0,0,8.35,6.03,7.19,8.42,89.56,0.05,73.14,0.72,267.51,1.28,265.44
2023,5,26,0,0,0,0,0,0,0,0,0,8.16,5.91,7.04,8.42,90.56,0.04,73.1,0.59,279.96,1.02,277.94
2023,5,26,1,0,0,0,0,0,0,0,0,7.94,5.94,6.94,8.48,92.62,0.05,73.06,0.42,298.95,0.75,294.69
2023,5,26,2,0,0,0,0,0,0,0,0,7.51,6.04,6.77,8.61,96.56,0.04,73.02,0.33,314.03,0.64,315
2023,5,26,3,0,0,0,0,0,0,0,0,7.26,5.98,6.62,8.54,98,0.04,73,0.34,313.15,0.71,313.67
2023,5,26,4,0,0,0,0,0,0,0,0,6.92,5.68,6.3,8.36,98.19,0.01,73,0.42,311.99,0.89,313.22
2023,5,26,5,0.06,0.05,0.18,4.92,5.33,0.67,0,0,6.91,5.51,6.21,8.24,96.44,0,73.03,0.46,308.05,0.96,311.05
2023,5,26,6,0.53,0.54,1.12,60.77,62.05,7.69,0.05,0.27,8.7,5.94,7.32,8.36,87.06,0,73.08,0.86,286.95,1.18,289.4
2023,5,26,7,1.19,1.36,2.12,141.52,161.67,18.2,0.3,1.48,11,5.69,8.34,8.18,72.88,0,73.14,1.66,248.15,2.13,248.04
2023,5,26,8,2.01,2.21,3.04,245.5,268.15,32.99,0.8,4.1,12.98,5.58,9.28,8.12,63.62,0,73.18,2.69,226.89,3.39,226.87
2023,5,26,9,2.57,2.91,3.8,319.95,354.35,44.38,1.38,7.2,14.69,5.61,10.15,8.18,57.44,0,73.21,3.52,216.97,4.44,216.99
2023,5,26,10,2.74,3.42,4.36,343.27,416.15,48.82,1.73,9.15,15.73,5.98,10.86,8.42,55.12,0.03,73.21,4.23,212.25,5.38,212.23
2023,5,26,11,2.65,3.72,4.67,347.75,452.15,50.15,1.93,10.42,16.08,6.67,11.37,8.79,56.19,0.19,73.2,4.61,210.78,5.88,210.79
2023,5,26,12,2.4,3.82,4.72,323.8,467.2,48.19,1.89,10.25,16.08,7.32,11.7,9.09,58.31,0.36,73.18,4.95,213.29,6.33,213.26
2023,5,26,13,2.14,3.6,4.5,282.42,439.88,41.74,1.59,8.05,15.56,7.5,11.53,9.22,61,0.7,73.14,5.15,216.73,6.62,216.75
2023,5,26,14,1.84,3.13,4.03,239.27,381.65,34.84,1.19,6.02,15.05,7.48,11.27,9.28,63.12,1.03,73.11,5.05,218.98,6.54,218.94
2023,5,26,15,1.46,2.45,3.34,185.7,297.02,26.41,0.75,3.95,14.26,7.34,10.8,9.22,66.12,0.94,73.09,4.63,220.14,6,220.14
2023,5,26,16,0.96,1.52,2.48,114.77,178.08,15.28,0.3,1.52,13.07,7.27,10.17,9.22,71.38,0.93,73.08,3.92,221.85,5.09,221.89
2023,5,26,17,0.44,0.72,1.5,50.65,82.3,6.66,0.07,0.35,11.98,7.25,9.62,9.22,76.75,0.74,73.09,3.22,224.61,4.18,224.7
2023,5,26,18,0.11,0.14,0.47,12,15.73,1.52,0.01,0.02,10.42,7.51,8.97,9.46,87.44,1.01,73.12,2.09,225.76,2.89,225.77
2023,5,26,19,0,0,0,0,0,0,0,0,8.87,7.83,8.35,9.7,99.88,0.82,73.17,0.96,224.34,1.71,224.81
2023,5,26,20,0,0,0,0,0,0,0,0,8.17,7.08,7.62,9.16,98.88,0.55,73.2,0.82,235.86,1.51,235.74
2023,5,26,21,0,0,0,0,0,0,0,0,7.55,6.4,6.98,8.79,98.75,0.35,73.22,0.74,266.35,1.34,265.65
2023,5,26,22,0,0,0,0,0,0,0,0,6.82,5.76,6.3,8.42,99.69,0.17,73.2,0.76,298.42,1.4,298.28
2023,5,26,23,0,0,0,0,0,0,0,0,6.06,4.93,5.5,8,99.75,0.07,73.16,0.84,312.74,1.62,313.63
2023,5,27,0,0,0,0,0,0,0,0,0,5.87,3.93,4.9,7.51,94.88,0.04,73.12,0.88,309.22,1.68,310.28
2023,5,27,1,0,0,0,0,0,0,0,0,5.98,3.07,4.52,7.14,89.12,0.02,73.07,0.88,308.9,1.65,309.42
2023,5,27,2,0,0,0,0,0,0,0,0,6.01,2.26,4.14,6.71,83.81,0,73.03,0.91,315,1.6,314.8
2023,5,27,3,0,0,0,0,0,0,0,0,6.07,1.55,3.8,6.35,78.75,0,72.99,0.9,332.1,1.51,331.98
2023,5,27,4,0,0,0,0,0,0,0,0,6.14,1.01,3.58,6.04,74.94,0,72.96,0.89,347.31,1.47,347.37
2023,5,27,5,0.04,0.05,0.18,3.52,5.1,0.49,0,0,6.37,0.85,3.61,5.92,72.44,0,72.95,0.84,357.86,1.34,357.66
2023,5,27,6,0.36,0.5,1.12,42.1,55.65,5.47,0.04,0.2,8.46,2.62,5.54,6.9,73.06,0,72.97,0.59,352.41,0.88,357.47
2023,5,27,7,0.9,1.29,2.13,109.38,148.23,14.5,0.25,1.23,10.83,2.44,6.63,6.77,60.81,0,73.01,0.98,211.91,1.19,211.61
2023,5,27,8,1.45,2.08,3.04,176.3,243.45,23.86,0.59,3.1,12.37,3.11,7.73,7.02,57.31,0,73.03,2.11,197.7,2.63,197.84
2023,5,27,9,1.97,2.86,3.8,247.77,341.67,35.04,1.11,5.9,13.82,3.85,8.83,7.39,54.5,0,73.05,2.81,195.97,3.51,196.02
2023,5,27,10,2.27,3.41,4.36,291.4,410.45,41.46,1.5,7.58,14.76,4.65,9.71,7.75,53.94,0,73.07,3.44,197.28,4.31,197.38
2023,5,27,11,2.22,3.71,4.67,297.73,448.88,43.02,1.66,8.8,15.18,5.6,10.39,8.18,55.62,0.1,73.08,3.77,201.4,4.73,201.52
2023,5,27,12,2.03,3.69,4.72,276.98,446.15,39.56,1.52,8.17,15.33,6.32,10.83,8.54,57.44,0.42,73.07,3.96,206.11,4.97,206.2
2023,5,27,13,1.86,3.47,4.5,248.75,420.48,35.44,1.3,6.67,14.92,6.69,10.8,8.79,60.38,0.75,73.04,4.05,209.98,5.12,210
2023,5,27,14,1.45,2.98,4.03,185.02,359,26.91,0.91,4.58,14.47,6.98,10.72,8.97,63.44,1.69,73.02,4.03,213.84,5.12,213.86
2023,5,27,15,1.1,2.36,3.34,145.88,285.73,20.62,0.58,3.05,13.75,7.12,10.44,9.09,67.38,2.62,73,3.85,215.59,4.93,215.53
2023,5,27,16,0.68,1.59,2.48,88.83,191.8,12.47,0.26,1.3,12.7,7.26,9.98,9.22,73.12,2.84,72.99,3.65,216.99,4.72,217.06
2023,5,27,17,0.32,0.8,1.5,39.8,94.25,5.38,0.06,0.3,11.36,7.44,9.4,9.34,81.12,2.5,73,3.07,218.18,4.03,218.16
2023,5,27,18,0.12,0.16,0.48,13.33,18.73,1.84,0.01,0.02,10.01,7.83,8.92,9.64,91.56,0.39,73.04,2.01,218.07,2.79,217.96
2023,5,27,19,0,0,0,0,0,0,0,0,8.72,8.14,8.43,9.89,100,0.33,73.08,0.93,211.95,1.63,211.72
2023,5,27,20,0,0,0,0,0,0,0,0,8.26,7.97,8.12,9.77,100,0.27,73.13,0.81,208.79,1.57,208.47
2023,5,27,21,0,0,0,0,0,0,0,0,8.06,7.87,7.97,9.7,100,0.19,73.17,0.76,208.42,1.48,208.32
2023,5,27,22,0,0,0,0,0,0,0,0,7.9,7.69,7.8,9.58,100,0.13,73.17,0.68,209.5,1.33,209.12
2023,5,27,23,0,0,0,0,0,0,0,0,7.71,7.32,7.51,9.28,100,0.08,73.13,0.66,215.38,1.17,215.18
2023,5,28,0,0,0,0,0,0,0,0,0,7.49,7.01,7.25,9.09,100,0.06,73.09,0.63,229.01,1.11,228.7
2023,5,28,1,0,0,0,0,0,0,0,0,7.18,6.74,6.96,8.97,100,0.05,73.07,0.62,247.93,1.12,245.22
2023,5,28,2,0,0,0,0,0,0,0,0,6.87,6.49,6.69,8.79,100,0.04,73.05,0.6,267.03,1.05,264.04
2023,5,28,3,0,0,0,0,0,0,0,0,6.57,6.23,6.4,8.67,100,0.03,73.03,0.52,282.15,0.87,279.8
2023,5,28,4,0,0,0,0,0,0,0,0,6.15,5.89,6.02,8.48,100,0.02,73.03,0.49,294.52,0.78,292.97
2023,5,28,5,0.05,0.05,0.18,4.15,5.2,0.58,0,0,5.95,5.59,5.77,8.36,100,0.01,73.05,0.5,318.81,0.79,319.4
2023,5,28,6,0.44,0.51,1.13,49.8,55.48,6.39,0.05,0.25,7.81,5.78,6.8,8.48,93.81,0,73.09,0.75,324.32,0.98,325.42
2023,5,28,7,0.96,1.28,2.13,113.12,144.67,14.73,0.26,1.3,10.52,5.09,7.8,8.18,75.38,0.01,73.13,1.07,243.06,1.31,243.13
2023,5,28,8,1.42,2.12,3.04,169.58,245.48,22.84,0.59,3.12,12.5,4.89,8.69,8.06,64.94,0.02,73.17,1.94,214.65,2.45,214.86
2023,5,28,9,1.98,2.85,3.8,238.75,334.58,32.69,1.05,5.62,14.23,4.93,9.58,8.06,58.12,0.02,73.19,2.78,205.63,3.54,205.77
2023,5,28,10,2.11,3.39,4.36,258.2,401.4,36.9,1.35,7,15.34,5.44,10.39,8.3,55.81,0.02,73.2,3.56,203.92,4.55,204.1
2023,5,28,11,2.33,3.72,4.67,298.23,444.17,42.32,1.66,8.95,15.97,6.29,11.12,8.73,56.38,0.05,73.19,4.01,205.12,5.13,205.16
2023,5,28,12,2.29,3.8,4.72,294.92,456.45,42.47,1.7,9.25,16.07,7.13,11.6,9.16,58.44,0.1,73.17,4.21,206.57,5.39,206.6
2023,5,28,13,1.84,3.59,4.5,227.77,433.05,33.74,1.3,6.8,15.65,7.87,11.76,9.46,62.25,0.19,73.15,4.2,208.33,5.38,208.24
2023,5,28,14,1.66,3.16,4.04,211.88,384.27,30.74,1.08,5.42,15.44,8.45,11.94,9.83,65.38,0.34,73.12,4.12,210.8,5.27,210.79
2023,5,28,15,1.27,2.54,3.35,161.65,309.98,23.43,0.7,3.67,14.58,8.59,11.58,9.89,69.62,0.45,73.11,3.84,211.1,4.96,211.13
2023,5,28,16,0.87,1.76,2.49,106.8,215.33,14.91,0.32,1.6,13.57,8.73,11.15,10.01,75.19,0.44,73.12,3.41,211.68,4.42,211.69
2023,5,28,17,0.42,0.94,1.51,50.05,113.33,6.75,0.08,0.4,12.47,8.86,10.66,10.13,81.62,0.32,73.14,2.85,211.99,3.72,212.06
2023,5,28,18,0.16,0.2,0.49,17.6,23.5,2.27,0.01,0.05,11.25,9.12,10.19,10.31,90.38,0.06,73.17,1.91,209.72,2.62,209.62
2023,5,28,19,0,0,0,0,0,0,0,0,10.46,9.49,9.98,10.62,98.25,0.03,73.22,1.09,205.83,1.71,205.74
2023,5,28,20,0,0,0,0,0,0,0,0,10.2,9.26,9.73,10.44,98.25,0.01,73.27,0.91,207,1.47,206.84
2023,5,28,21,0,0,0,0,0,0,0,0,10.01,8.94,9.47,10.19,97.25,0.01,73.31,0.73,214.54,1.13,214.89
2023,5,28,22,0,0,0,0,0,0,0,0,9.88,8.72,9.3,10.07,96.75,0,73.33,0.56,231.84,0.85,232.08
2023,5,28,23,0,0,0,0,0,0,0,0,9.57,8.45,9.01,9.89,97.31,0,73.32,0.43,268.96,0.7,268.09
2023,5,29,0,0,0,0,0,0,0,0,0,8.94,8.04,8.49,9.7,99.31,0,73.3,0.53,297.32,0.89,297.69
2023,5,29,1,0,0,0,0,0,0,0,0,8.52,7.64,8.08,9.46,99.81,0,73.27,0.63,308.99,1.06,310.83
2023,5,29,2,0,0,0,0,0,0,0,0,8.12,7.13,7.63,9.16,99.31,0,73.25,0.76,321.25,1.26,322.28
2023,5,29,3,0,0,0,0,0,0,0,0,7.71,6.5,7.1,8.79,98.12,0,73.23,0.88,330.7,1.49,330.89
2023,5,29,4,0,0,0,0,0,0,0,0,7.53,5.78,6.65,8.42,94.81,0,73.22,0.92,338.02,1.54,338.25
2023,5,29,5,0.07,0.07,0.18,6.55,7.1,0.84,0,0.02,7.76,5.19,6.48,8.06,89.62,0,73.25,0.86,341.4,1.39,341.67
2023,5,29,6,0.61,0.7,1.13,71.52,83.9,8.35,0.06,0.3,10.02,6.22,8.12,8.73,83.06,0,73.3,0.7,338.32,1,338.03
2023,5,29,7,1.42,1.54,2.13,171.42,188.1,21.78,0.37,1.83,12.62,6.01,9.31,8.61,68.88,0,73.36,0.94,222.31,1.17,222.56
2023,5,29,8,2.16,2.35,3.04,265.05,287.02,35.69,0.91,4.6,14.5,6.11,10.3,8.61,61.12,0,73.41,1.99,202.43,2.48,201.8
2023,5,29,9,2.71,3.03,3.8,335.6,369.92,46.85,1.51,7.95,16.12,6.56,11.34,8.79,56.31,0,73.43,2.74,194.55,3.44,194.32
2023,5,29,10,2.95,3.53,4.36,366.65,430.75,52.5,1.95,10.17,17.33,7.2,12.26,9.09,53.94,0,73.43,3.45,192.3,4.37,192.3
2023,5,29,11,3.09,3.82,4.67,394.55,464.73,57.07,2.26,12.4,18.08,7.98,13.02,9.52,53.75,0,73.4,3.86,193.45,4.91,193.44
2023,5,29,12,3,3.82,4.72,385.1,464.55,55.09,2.2,12.12,18.24,8.73,13.49,9.89,55.44,0,73.37,3.97,195.76,5.04,195.65
2023,5,29,13,2.52,3.63,4.51,314.92,440.67,45.45,1.73,9.25,18.2,9.16,13.69,10.13,56.88,0.01,73.33,3.97,197.86,5.05,197.85
2023,5,29,14,2.31,3.19,4.04,287.12,388.25,40.67,1.41,7.17,17.95,9.27,13.62,10.19,58.06,0.01,73.29,3.98,200.67,5.09,200.58
2023,5,29,15,1.55,2.57,3.35,193.38,312.88,27.43,0.8,4.27,17.3,9.15,13.23,10.13,60,0.01,73.28,3.78,203.01,4.86,203.02
2023,5,29,16,1.02,1.76,2.49,125.23,211.75,17.02,0.36,1.8,16.48,9,12.74,10.01,62.56,0,73.28,3.39,205.56,4.39,205.52
2023,5,29,17,0.51,0.96,1.52,61.02,115.58,7.86,0.09,0.45,15.48,8.81,12.14,9.89,65.88,0,73.29,2.86,207.69,3.76,207.58
2023,5,29,18,0.14,0.21,0.49,15.45,24.4,2.05,0.01,0.02,13.89,9.28,11.58,10.31,75.88,0,73.32,1.75,208.16,2.53,207.99
2023,5,29,19,0,0,0,0,0,0,0,0,12.38,9.11,10.75,10.13,82.75,0,73.36,1.16,206.91,1.88,206.46
2023,5,29,20,0,0,0,0,0,0,0,0,12.2,8.58,10.39,9.77,80.5,0,73.42,1.03,211.04,1.51,210.81
2023,5,29,21,0,0,0,0,0,0,0,0,12.05,8.19,10.12,9.46,79.12,0,73.48,0.7,224.55,1.01,224.37
2023,5,29,22,0,0,0,0,0,0,0,0,11.62,7.96,9.79,9.34,80.25,0,73.51,0.34,270,0.53,263.29
2023,5,29,23,0,0,0,0,0,0,0,0,10.85,7.65,9.26,9.16,82.88,0,73.5,0.45,324.12,0.73,321.05
2023,5,30,0,0,0,0,0,0,0,0,0,9.93,7.02,8.48,8.85,85,0,73.47,0.67,331.65,1.18,332.42
2023,5,30,1,0,0,0,0,0,0,0,0,9.41,6.22,7.81,8.42,83.81,0,73.43,0.85,334.86,1.47,336.56
2023,5,30,2,0,0,0,0,0,0,0,0,9.33,5.32,7.33,8,79.81,0,73.4,0.93,339.44,1.54,340.74
2023,5,30,3,0,0,0,0,0,0,0,0,9.36,4.46,6.9,7.57,75.5,0,73.38,0.97,345.07,1.53,345.47
2023,5,30,4,0,0,0,0,0,0,0,0,9.19,3.55,6.37,7.14,72.12,0,73.36,1.01,352.43,1.6,352.42
2023,5,30,5,0.08,0.07,0.19,6.7,7.27,0.84,0,0.02,9.23,2.76,6,6.84,68.56,0,73.37,0.99,357.3,1.61,356.39
2023,5,30,6,0.69,0.72,1.13,80.08,85.95,8.98,0.06,0.3,11.58,4.38,7.98,7.87,67.62,0,73.41,0.83,350.8,1.26,352.17
2023,5,30,7,1.55,1.57,2.13,185.95,190.85,23.16,0.38,1.88,14.19,1.65,7.92,6.84,49.75,0,73.45,1.09,240.87,1.34,240.75
2023,5,30,8,2.37,2.39,3.04,287.75,289.9,38.34,0.95,4.77,15.98,2.16,9.08,7.02,45.5,0,73.47,2.03,215.9,2.52,215.66
2023,5,30,9,2.98,3.07,3.8,364.98,372.67,50.63,1.61,8.42,17.69,3.37,10.53,7.39,43,0,73.47,2.57,205.94,3.22,205.76
2023,5,30,10,3.35,3.57,4.36,415.17,433.55,58.92,2.15,11.52,18.95,4.55,11.75,7.87,42.06,0,73.47,3.3,202.25,4.17,202.14
2023,5,30,11,3.33,3.86,4.67,421.7,468.17,60.79,2.38,13.15,19.73,5.71,12.72,8.36,42.69,0,73.45,3.85,201.93,4.88,201.89
2023,5,30,12,3.27,3.89,4.72,415.9,470,59.85,2.37,13.15,20.06,6.75,13.4,8.85,44.19,0,73.4,4.12,202.53,5.24,202.51
2023,5,30,13,2.97,3.7,4.51,367.12,446.83,53.08,2.02,10.88,20.13,7.56,13.84,9.22,45.88,0,73.35,4.2,204.37,5.35,204.32
2023,5,30,14,2.64,3.28,4.04,324.35,395.83,46.33,1.6,8.25,19.86,8.09,13.98,9.52,48,0,73.31,4.08,206.47,5.22,206.49
2023,5,30,15,2.02,2.68,3.36,245.27,321.67,34.66,1.01,5.3,19.09,8.32,13.7,9.58,50.88,0,73.28,3.89,207.9,5.02,207.84
2023,5,30,16,1.37,1.91,2.5,163.77,229.1,22.55,0.48,2.38,18.17,8.22,13.19,9.52,53.31,0,73.27,3.63,210.37,4.73,210.33
2023,5,30,17,0.74,1.07,1.52,86.1,126,10.97,0.12,0.62,17.03,7.97,12.5,9.34,56.31,0,73.28,3.15,212.74,4.19,212.74
2023,5,30,18,0.2,0.26,0.5,21.5,28.35,2.65,0.01,0.05,14.87,9.07,11.97,10.19,70.69,0.03,73.32,1.73,215.27,2.62,214.78
2023,5,30,19,0,0,0,0,0,0,0,0,13.16,8.64,10.9,9.83,76.25,0.03,73.37,1.21,221.85,1.99,220.38
2023,5,30,20,0,0,0,0,0,0,0,0,13.06,7.88,10.48,9.34,72.62,0.02,73.42,1.04,235.71,1.53,235.18
2023,5,30,21,0,0,0,0,0,0,0,0,12.46,7.28,9.87,8.91,72.5,0.01,73.46,0.58,269.23,0.94,269.05
2023,5,30,22,0,0,0,0,0,0,0,0,11.65,6.73,9.19,8.61,74,0,73.48,0.61,315.52,0.99,315
2023,5,30,23,0,0,0,0,0,0,0,0,10.46,5.84,8.15,8.24,76.19,0,73.47,0.82,336.37,1.4,338.02
2023,5,31,0,0,0,0,0,0,0,0,0,9.73,4.94,7.33,7.81,75.88,0,73.43,0.93,342.33,1.63,344.7
2023,5,31,1,0,0,0,0,0,0,0,0,9.24,3.93,6.58,7.32,73.69,0,73.39,1.03,348.18,1.81,350.05
2023,5,31,2,0,0,0,0,0,0,0,0,8.88,2.88,5.88,6.9,70.81,0,73.35,1.13,352.43,1.99,353.68
2023,5,31,3,0,0,0,0,0,0,0,0,8.67,1.69,5.18,6.41,66.88,0,73.32,1.19,355.86,2.1,356.37
2023,5,31,4,0,0,0,0,0,0,0,0,8.83,0.4,4.62,5.92,61,0,73.29,1.19,355.86,2.03,355.8
2023,5,31,5,0.07,0.07,0.19,6.15,7.48,0.83,0,0.02,9.32,-0.45,4.43,5.55,55.88,0,73.29,1.14,353.7,1.9,353.14
2023,5,31,6,0.61,0.73,1.13,69.65,86.2,8.05,0.06,0.33,11.8,2.27,7.04,7.2,60.88,0,73.32,0.93,346.43,1.56,347.85
2023,5,31,7,1.31,1.58,2.13,155.7,190.5,20.41,0.38,1.85,15.07,-1.95,6.55,5.55,38.12,0,73.35,1.03,275.23,1.28,275.95
2023,5,31,8,1.98,2.38,3.04,239.27,287.05,33.09,0.9,4.77,16.82,-1.38,7.73,5.62,34.44,0,73.37,2.1,228.47,2.62,228.38
2023,5,31,9,2.7,3.07,3.8,329.4,370.83,46.15,1.56,8.48,18.24,0.21,9.23,6.04,33.88,0,73.38,2.75,218.3,3.46,218.22
2023,5,31,10,3.18,3.58,4.36,391.83,432.75,55.99,2.14,11.35,19.39,1.65,10.52,6.53,34.12,0,73.38,3.31,214.7,4.17,214.55
2023,5,31,11,3.17,3.86,4.67,400.65,468.1,57.94,2.38,13.2,20.2,3.05,11.62,7.08,35,0,73.36,3.77,213.26,4.79,213.15
2023,5,31,12,2.7,3.81,4.72,340.7,459.9,49.44,2.02,11.42,20.64,4.45,12.55,7.63,36.88,0,73.32,4.05,212.71,5.14,212.77
2023,5,31,13,2.84,3.6,4.51,353.77,436.3,50.17,1.98,10.55,20.8,5.57,13.18,8.18,38.88,0,73.27,4.17,212.77,5.32,212.83
2023,5,31,14,2.46,3.17,4.04,305.15,385.98,42.81,1.53,7.85,20.64,6.42,13.53,8.61,41.31,0,73.22,4.2,213.01,5.38,212.98
2023,5,31,15,1.93,2.55,3.36,239.48,311.05,32.92,0.98,5.25,20.05,7.04,13.55,8.91,44.44,0.01,73.19,4.01,215.08,5.17,215.08
2023,5,31,16,1.28,1.78,2.5,157.67,218.98,21.06,0.46,2.3,19.14,7.23,13.19,8.97,47.44,0.01,73.17,3.62,219.12,4.69,219.12
2023,5,31,17,0.63,0.96,1.53,76.77,117.52,9.88,0.12,0.6,17.72,7.26,12.49,9.03,51.94,0.01,73.16,2.98,221.17,3.98,221.1
2023,5,31,18,0.18,0.22,0.51,20.17,25.85,2.55,0.01,0.05,15.53,8.97,12.25,10.31,68.5,0.01,73.18,1.54,223.35,2.36,222.31
2023,5,31,19,0,0,0,0,0,0,0,0,13.76,8.67,11.22,10.01,74.44,0.01,73.21,0.8,228.55,1.47,228.01
2023,5,31,20,0,0,0,0,0,0,0,0,13.77,8.09,10.93,9.58,71.12,0.01,73.25,0.77,255.26,1.15,254.16
2023,5,31,21,0,0,0,0,0,0,0,0,13.49,7.78,10.64,9.34,70.75,0.01,73.26,0.58,289.65,0.88,290.2
2023,5,31,22,0,0,0,0,0,0,0,0,12.83,7.53,10.18,9.22,72.94,0.01,73.25,0.61,320.19,1.01,319.06
2023,5,31,23,0,0,0,0,0,0,0,0,11.9,6.92,9.4,8.91,74.69,0.01,73.21,0.76,340.07,1.28,339.24
2023,6,1,0,0,0,0,0,0,0,0,0,10.71,6.02,8.37,8.42,76.62,0.01,73.16,0.93,348.88,1.65,347.74
2023,6,1,1,0,0,0,0,0,0,0,0,9.91,4.75,7.33,7.81,74.88,0,73.12,1.06,350.68,1.86,350.06
2023,6,1,2,0,0,0,0,0,0,0,0,9.7,3.29,6.5,7.14,69.56,0,73.09,1.1,351.81,1.86,351.77
2023,6,1,3,0,0,0,0,0,0,0,0,9.76,1.98,5.87,6.59,63.75,0,73.08,1.05,358.73,1.72,358.96
2023,6,1,4,0,0,0,0,0,0,0,0,9.7,1.02,5.36,6.16,60,0,73.08,1.03,3.49,1.64,3.83
2023,6,1,5,0.07,0.07,0.19,6.15,7.45,0.82,0,0.02,9.61,0.77,5.19,6.1,59.5,0,73.1,1,7.18,1.62,7.74
