YEAR,MO,DY,HR,ALLSKY_SFC_SW_DWN,CLRSKY_SFC_SW_DWN,TOA_SW_DWN,ALLSKY_SFC_PAR_TOT,CLRSKY_SFC_PAR_TOT,ALLSKY_SFC_UVA,ALLSKY_SFC_UVB,ALLSKY_SFC_UV_INDEX,T2M,T2MDEW,T2MWET,QV2M,RH2M,PRECTOTCORR,PS,WS2M,WD2M,WS10M,WD10M
2022,4,1,0,0,0,0,0,0,0,0,0,-3.02,-9.57,-6.29,2.87,60.5,0,61.91,1.04,23.48,1.73,18.68
2022,4,1,1,0,0,0,0,0,0,0,0,-3.55,-10.31,-6.93,2.69,59.25,0,61.86,1.21,19.95,2.08,17.07
2022,4,1,2,0,0,0,0,0,0,0,0,-4.08,-10.88,-7.48,2.56,58.88,0,61.83,1.3,25.64,2.29,23.51
2022,4,1,3,0,0,0,0,0,0,0,0,-4.52,-11.33,-7.92,2.5,58.81,0,61.83,1.39,25.99,2.51,24.49
2022,4,1,4,0,0,0,0,0,0,0,0,-5.02,-11.81,-8.41,2.38,58.81,0,61.85,1.46,24.92,2.73,24.15
2022,4,1,5,0.05,0.05,0.16,3.9,5.5,0.55,0,0,-5.21,-11.82,-8.52,2.38,59.94,0,61.9,1.48,23.04,2.92,23.14
2022,4,1,6,0.74,0.74,1.14,79.6,82.48,8.98,0.05,0.23,-0.99,-10.39,-5.69,2.69,47.75,0,61.96,2.13,22.23,3.22,22.58
2022,4,1,7,1.61,1.65,2.18,183.6,190.27,23.02,0.32,1.58,3.4,-13.16,-4.88,2.08,26.5,0,62.02,3.11,23.54,3.97,23.79
2022,4,1,8,2.49,2.49,3.09,288.2,289.15,38.55,0.83,4.08,7.27,-14.94,-3.84,1.77,17,0,62.06,2.81,15.46,3.48,15.5
2022,4,1,9,3.14,3.16,3.79,368.77,367.27,51.05,1.39,6.98,10.01,-14.89,-2.45,1.77,14.12,0,62.08,2.62,355.9,3.18,355.77
2022,4,1,10,3.48,3.59,4.25,411,417.85,58.02,1.8,9.23,12.23,-13.94,-0.85,1.89,13.38,0,62.08,2.35,330.28,2.82,330.24
2022,4,1,11,3.5,3.69,4.43,411.8,426.1,57.7,1.84,9.52,13.86,-12.85,0.51,2.14,13.31,0,62.05,2.3,293.43,2.75,293.58
2022,4,1,12,3.41,3.58,4.33,401.17,415.52,56.03,1.75,9,14.73,-11.84,1.44,2.32,13.81,0,62,2.7,262.2,3.28,261.79
2022,4,1,13,3.1,3.2,3.94,364.55,373.6,50.18,1.42,7.2,14.83,-10.88,1.98,2.56,15.06,0,61.97,3.16,244.64,3.91,243.95
2022,4,1,14,2.48,2.59,3.3,291,303.4,39.14,0.91,4.5,14.23,-9.75,2.24,2.81,17.38,0,61.95,3.56,234.56,4.52,233.78
2022,4,1,15,1.7,1.81,2.44,197.27,211.25,25.38,0.41,2.02,12.86,-8.5,2.18,3.17,21.31,0,61.98,3.72,227.3,4.82,226.64
2022,4,1,16,0.93,0.94,1.43,104.33,107.7,12.18,0.09,0.45,10.42,-6.38,2.02,3.78,29.88,0,62.04,3.19,218.64,4.3,218.51
2022,4,1,17,0.16,0.14,0.36,15.33,15.58,1.87,0.01,0.02,5.58,-3.13,1.23,4.88,53.81,0,62.11,1.29,213.4,2.44,212.98
2022,4,1,18,0,0,0,0,0,0,0,0,3.51,-3.63,-0.06,4.7,59.81,0,62.18,1.04,205.8,1.83,206.13
2022,4,1,19,0,0,0,0,0,0,0,0,2.98,-3.63,-0.32,4.7,62,0,62.23,0.66,188.9,1.03,189.61
2022,4,1,20,0,0,0,0,0,0,0,0,2.15,-3.56,-0.7,4.7,66.12,0,62.26,0.33,135.97,0.5,136.89
2022,4,1,21,0,0,0,0,0,0,0,0,1.44,-3.72,-1.14,4.7,68.94,0,62.26,0.44,73.5,0.68,73.24
2022,4,1,22,0,0,0,0,0,0,0,0,0.8,-4.06,-1.63,4.58,70.38,0,62.24,0.59,55.26,0.92,55.37
2022,4,1,23,0,0,0,0,0,0,0,0,0.31,-4.49,-2.09,4.39,70.5,0,62.21,0.68,50.62,1.06,51.87
2022,4,2,0,0,0,0,0,0,0,0,0,-0.09,-4.94,-2.52,4.27,69.94,0,62.17,0.71,50.36,1.11,51.02
2022,4,2,1,0,0,0,0,0,0,0,0,-0.45,-5.44,-2.95,4.09,69.12,0,62.13,0.71,51.24,1.11,51.28
2022,4,2,2,0,0,0,0,0,0,0,0,-0.9,-5.95,-3.42,3.91,68.75,0,62.1,0.8,52.57,1.26,52.28
2022,4,2,3,0,0,0,0,0,0,0,0,-1.23,-6.45,-3.85,3.72,67.69,0,62.09,0.88,52.62,1.4,52.49
2022,4,2,4,0,0,0,0,0,0,0,0,-1.42,-6.93,-4.17,3.6,66,0,62.11,0.91,53.03,1.46,52.39
2022,4,2,5,0.05,0.06,0.17,4.25,5.98,0.59,0,0,-1.35,-7.31,-4.33,3.48,63.5,0,62.15,0.91,56.85,1.49,55.89
2022,4,2,6,0.71,0.74,1.16,78.2,83.65,8.88,0.05,0.25,1.44,-5.78,-2.17,3.97,58.56,0,62.2,0.9,69.21,1.42,67.96
2022,4,2,7,1.55,1.63,2.2,179.15,190.23,22.37,0.32,1.6,4.33,-5.52,-0.6,4.03,48.56,0,62.25,1.36,119.21,1.66,118.37
2022,4,2,8,2.46,2.46,3.1,288.33,288,38.33,0.84,4.12,7.26,-6.32,0.47,3.85,37.75,0,62.29,2.26,188.55,2.73,188.55
2022,4,2,9,2.96,3.11,3.81,351.4,365.45,48.66,1.36,6.9,9.52,-6.68,1.42,3.72,31.25,0,62.31,3.46,203.84,4.26,203.65
2022,4,2,10,3.24,3.54,4.27,386.5,415.95,54.53,1.72,8.85,11.09,-6.79,2.15,3.66,27.62,0,62.3,4.55,207.31,5.68,207.16
2022,4,2,11,3.21,3.61,4.45,382.75,421.15,53.35,1.73,8.95,11.75,-6.42,2.66,3.78,27.19,0,62.27,5.48,209.34,6.93,209.08
2022,4,2,12,3.12,3.51,4.34,369.48,411.02,51.64,1.64,8.42,11.6,-5.6,3,4.03,29.31,0,62.23,5.94,210.85,7.53,210.61
2022,4,2,13,2.75,3.14,3.95,328,369.25,45.25,1.32,6.73,10.9,-4.73,3.09,4.33,32.88,0,62.19,5.9,212.07,7.49,211.87
2022,4,2,14,2.16,2.54,3.31,256.88,299.9,34.7,0.84,4.2,9.83,-4.24,2.79,4.46,36.69,0,62.16,5.59,213.02,7.11,212.85
2022,4,2,15,1.56,1.78,2.45,182.2,210.12,23.65,0.4,1.95,8.3,-3.97,2.16,4.58,41.5,0.01,62.15,5.05,212.88,6.46,212.71
2022,4,2,16,0.88,0.93,1.44,100.15,107.98,11.84,0.09,0.45,6.26,-3.61,1.33,4.7,49.12,0.02,62.16,4.23,211.49,5.51,211.19
2022,4,2,17,0.13,0.15,0.37,12.7,16.12,1.61,0.01,0.02,3.1,-2.75,0.17,5,65.62,0.04,62.18,2.12,209.3,3.21,207.69
2022,4,2,18,0,0,0,0,0,0,0,0,1.24,-2.22,-0.49,5.25,78,0.04,62.21,1.29,202.51,2.29,198.31
2022,4,2,19,0,0,0,0,0,0,0,0,0.58,-2.08,-0.75,5.31,82.62,0.03,62.24,1.2,199.73,1.98,194.86
2022,4,2,20,0,0,0,0,0,0,0,0,-0.1,-2.02,-1.06,5.31,87.31,0.02,62.26,1.12,195.01,1.76,189.46
2022,4,2,21,0,0,0,0,0,0,0,0,-0.79,-2.1,-1.45,5.25,92,0.02,62.24,1.01,188.88,1.58,182.83
2022,4,2,22,0,0,0,0,0,0,0,0,-1.53,-2.25,-1.89,5.25,96.94,0.02,62.22,0.88,180,1.41,174.92
2022,4,2,23,0,0,0,0,0,0,0,0,-2.17,-2.37,-2.27,5.19,100,0.02,62.19,0.78,173.09,1.3,169.23
2022,4,3,0,0,0,0,0,0,0,0,0,-2.73,-2.58,-2.66,5.13,100,0.01,62.15,0.72,166.26,1.21,164.71
2022,4,3,1,0,0,0,0,0,0,0,0,-3.29,-2.85,-3.06,5,100,0.01,62.11,0.65,158.96,1.09,158.96
2022,4,3,2,0,0,0,0,0,0,0,0,-3.75,-3.15,-3.45,4.94,100,0.01,62.07,0.55,144.27,0.89,145.75
2022,4,3,3,0,0,0,0,0,0,0,0,-4.2,-3.59,-3.89,4.76,100,0.01,62.05,0.42,122.23,0.68,122.42
2022,4,3,4,0,0,0,0,0,0,0,0,-4.71,-4.13,-4.42,4.58,100,0.01,62.06,0.39,83.16,0.7,81.69
2022,4,3,5,0.06,0.07,0.18,4.85,7.1,0.66,0,0,-4.81,-4.57,-4.69,4.39,100,0.02,62.1,0.42,53.34,0.86,55.73
2022,4,3,6,0.74,0.8,1.18,82.73,91.35,9.66,0.06,0.3,-2.18,-4.76,-3.47,4.39,85.44,0,62.14,0.8,48.18,1.05,48.93
2022,4,3,7,1.41,1.7,2.22,165.62,199.4,21.7,0.35,1.75,0.73,-6.55,-2.92,3.78,58.69,0,62.16,0.39,225,0.46,227.73
2022,4,3,8,2.13,2.52,3.12,252.9,296.9,34.84,0.85,4.27,3.62,-8.74,-2.56,3.11,39.44,0,62.17,2.15,233.42,2.6,233.92
2022,4,3,9,2.72,3.18,3.82,325.85,373.7,46.17,1.4,7.3,5.91,-9.87,-1.98,2.81,30.06,0,62.15,3.33,232.43,4.08,232.32
2022,4,3,10,3.1,3.61,4.28,370.55,423.7,53.28,1.81,9.3,7.55,-9.89,-1.17,2.81,26.69,0,62.12,4.22,229.8,5.22,229.49
2022,4,3,11,3.13,3.7,4.46,374.23,430.9,53.1,1.86,9.58,8.52,-9.42,-0.45,2.93,26.06,0,62.08,4.96,227.04,6.2,226.58
2022,4,3,12,3.08,3.6,4.35,365.58,420.45,51.8,1.76,9.15,8.86,-8.84,0.01,3.05,26.75,0,62.02,5.44,226.05,6.83,225.65
2022,4,3,13,2.83,3.23,3.96,336.38,379.02,47.04,1.46,7.58,8.63,-8.31,0.16,3.17,28.44,0,61.96,5.59,226.98,7.06,226.66
2022,4,3,14,2.3,2.64,3.32,271.75,309.48,37.13,0.95,4.83,8.01,-7.92,0.04,3.3,30.62,0.02,61.93,5.42,228.57,6.88,228.22
2022,4,3,15,1.58,1.86,2.46,184.23,217.73,24.17,0.44,2.17,6.92,-7.77,-0.42,3.36,33.38,0.05,61.93,4.93,231.17,6.31,230.88
2022,4,3,16,0.96,0.98,1.45,108.8,113.45,12.72,0.11,0.55,5.31,-7.77,-1.23,3.36,37.31,0.04,61.95,4.06,232.51,5.29,232.08
2022,4,3,17,0.17,0.16,0.38,16.75,17.52,2,0.01,0.02,2.1,-6.37,-2.13,3.78,53,0,61.99,1.97,235.49,3.11,231.83
2022,4,3,18,0,0,0,0,0,0,0,0,0.12,-6.88,-3.38,3.6,58.31,0,62.02,1.48,232.1,2.51,227.27
2022,4,3,19,0,0,0,0,0,0,0,0,-0.32,-7.49,-3.91,3.42,57.25,0,62.05,1.17,221.47,1.9,218.48
2022,4,3,20,0,0,0,0,0,0,0,0,-0.74,-7.8,-4.27,3.36,57.69,0,62.06,0.84,208.95,1.33,210.33
2022,4,3,21,0,0,0,0,0,0,0,0,-1.36,-8.01,-4.69,3.3,59.69,0,62.04,0.51,192.34,0.8,198.26
2022,4,3,22,0,0,0,0,0,0,0,0,-2.1,-8.11,-5.11,3.23,63,0,62,0.25,147.8,0.35,154.59
2022,4,3,23,0,0,0,0,0,0,0,0,-2.65,-8.19,-5.42,3.23,65.56,0,61.96,0.34,71.15,0.48,68.03
2022,4,4,0,0,0,0,0,0,0,0,0,-3.2,-8.34,-5.77,3.17,67.88,0,61.92,0.6,46.58,0.92,42.93
2022,4,4,1,0,0,0,0,0,0,0,0,-3.66,-8.56,-6.1,3.11,69.25,0,61.89,0.81,35.54,1.26,33.4
2022,4,4,2,0,0,0,0,0,0,0,0,-4.03,-8.82,-6.42,3.05,69.88,0,61.87,0.94,29.33,1.51,28.02
2022,4,4,3,0,0,0,0,0,0,0,0,-4.45,-9.13,-6.8,2.99,70.5,0,61.87,1.06,27.32,1.76,26.68
2022,4,4,4,0,0,0,0,0,0,0,0,-4.84,-9.55,-7.2,2.87,70.25,0,61.89,1.17,27.08,2,27.16
2022,4,4,5,0.06,0.07,0.2,5.08,7.12,0.7,0,0,-4.85,-9.73,-7.29,2.81,69.25,0,61.92,1.19,27.41,2.16,28.05
2022,4,4,6,0.76,0.79,1.2,82,87,9.27,0.05,0.27,-1.2,-9.02,-5.11,2.99,54.25,0,61.97,1.69,29.42,2.42,29.54
2022,4,4,7,1.7,1.68,2.24,191.92,193.05,23.95,0.36,1.77,2.62,-10.41,-3.89,2.69,35.88,0,62,1.83,30.5,2.25,31.37
2022,4,4,8,2.49,2.53,3.14,288.3,292.25,38.52,0.88,4.33,5.66,-11.85,-3.1,2.32,25.5,0,62.02,0.85,2.1,1.01,1.78
2022,4,4,9,3.04,3.19,3.84,354.83,369.33,49.1,1.41,7.12,8.21,-12.21,-2,2.26,20.69,0,62.02,1.19,264.36,1.41,264.29
2022,4,4,10,3.6,3.63,4.29,421.98,420.08,59.41,1.91,9.98,10.33,-11.69,-0.68,2.38,18.75,0,62.01,2.58,238.14,3.12,237.78
2022,4,4,11,3.68,3.77,4.47,430.42,433.85,60.7,2.04,10.67,11.58,-10.56,0.51,2.62,19.19,0,61.99,3.77,228.36,4.67,227.78
2022,4,4,12,3.51,3.65,4.36,411.6,422.4,57.91,1.91,9.88,11.96,-9.23,1.37,2.99,21.06,0,61.97,4.78,223.08,6.03,222.53
2022,4,4,13,3.08,3.26,3.97,361.58,379.35,50.3,1.5,7.7,11.52,-7.92,1.8,3.3,24.25,0,61.96,5.4,220.48,6.89,220.03
2022,4,4,14,2.46,2.65,3.32,288.8,309.1,39.24,0.97,4.85,10.44,-6.99,1.73,3.6,28.12,0,61.98,5.6,220.02,7.19,219.66
2022,4,4,15,1.73,1.87,2.47,200.83,217.23,26.06,0.45,2.23,8.77,-6.58,1.1,3.66,32.44,0,62.03,5.26,219.88,6.8,219.64
2022,4,4,16,0.98,0.98,1.46,108.92,112.62,12.7,0.1,0.52,6.7,-6.56,0.07,3.66,37.44,0,62.07,4.23,219.45,5.54,219.1
2022,4,4,17,0.18,0.17,0.39,17.48,17.8,2.08,0.01,0.02,3.21,-5.29,-1.04,4.09,53.25,0,62.12,1.9,218.33,3.03,216.07
2022,4,4,18,0,0,0,0,0,0,0,0,1.2,-5.81,-2.3,3.91,58.75,0,62.18,1.3,213.02,2.21,210.2
2022,4,4,19,0,0,0,0,0,0,0,0,0.99,-6.51,-2.76,3.72,56.25,0,62.23,1.07,209.18,1.63,206.44
2022,4,4,20,0,0,0,0,0,0,0,0,0.48,-6.78,-3.15,3.6,56.94,0,62.26,0.65,196.9,0.95,194.26
2022,4,4,21,0,0,0,0,0,0,0,0,-0.4,-6.97,-3.68,3.54,60,0,62.26,0.27,151.93,0.4,154.44
2022,4,4,22,0,0,0,0,0,0,0,0,-1.19,-7.17,-4.18,3.48,63.06,0,62.25,0.36,64,0.52,61.53
2022,4,4,23,0,0,0,0,0,0,0,0,-1.9,-7.38,-4.63,3.42,65.75,0,62.24,0.68,38.97,1.05,37.13
2022,4,5,0,0,0,0,0,0,0,0,0,-2.73,-7.63,-5.18,3.36,69,0,62.21,0.94,31.05,1.5,30.45
2022,4,5,1,0,0,0,0,0,0,0,0,-3.47,-7.92,-5.7,3.3,71.62,0,62.18,1.1,27.83,1.81,27.23
2022,4,5,2,0,0,0,0,0,0,0,0,-4.08,-8.23,-6.16,3.17,73.44,0,62.16,1.21,26.4,2.08,25.89
2022,4,5,3,0,0,0,0,0,0,0,0,-4.6,-8.57,-6.59,3.11,74.5,0,62.15,1.29,26.57,2.3,26.22
2022,4,5,4,0,0,0,0,0,0,0,0,-4.99,-8.98,-6.99,2.99,74.44,0,62.16,1.35,26.57,2.46,26.81
2022,4,5,5,0.07,0.08,0.21,6.12,8.02,0.84,0,0.02,-4.89,-9.09,-6.99,2.99,73.25,0,62.19,1.31,26.26,2.52,26.88
2022,4,5,6,0.81,0.81,1.22,90.12,92.35,10.08,0.07,0.33,-0.76,-8.17,-4.46,3.23,56.12,0,62.23,1.87,26.78,2.71,27.23
2022,4,5,7,1.63,1.71,2.26,189.52,200.6,24.06,0.39,1.9,3.4,-10.52,-3.56,2.62,33.75,0,62.28,1.61,30.92,1.98,31.62
2022,4,5,8,2.42,2.54,3.15,284.75,298.08,38.45,0.93,4.6,6.71,-12.77,-3.03,2.14,21.88,0,62.32,0.39,242.4,0.46,242.56
2022,4,5,9,3.02,3.18,3.85,360.02,374.6,50.14,1.51,7.75,9.05,-12.7,-1.82,2.14,18.69,0,62.33,2.07,225.76,2.49,225.38
2022,4,5,10,3.35,3.61,4.3,399.83,424.17,56.75,1.91,9.98,10.65,-11.77,-0.56,2.32,18.25,0,62.32,3.18,221.21,3.91,220.7
2022,4,5,11,3.55,3.84,4.48,413.4,439.17,59.68,2.16,11.3,11.65,-10.56,0.55,2.62,19.06,0,62.3,4.1,218.27,5.12,217.74
2022,4,5,12,3.38,3.66,4.37,395.77,423.92,56.3,1.95,10.17,11.94,-9.2,1.37,2.93,21.12,0,62.27,4.81,216.68,6.07,216.15
2022,4,5,13,2.98,3.21,3.98,352.42,377.7,48.77,1.5,7.75,11.53,-7.91,1.81,3.3,24.25,0,62.24,5.18,216.42,6.58,216.01
2022,4,5,14,2.43,2.61,3.33,287.95,307.48,38.83,0.99,5.02,10.58,-6.97,1.8,3.6,27.94,0,62.23,5.09,218.21,6.49,217.81
2022,4,5,15,1.69,1.83,2.48,197.5,215.7,25.54,0.46,2.27,9.22,-6.5,1.36,3.72,31.75,0,62.23,4.64,219.81,5.94,219.51
2022,4,5,16,0.91,0.96,1.47,103.05,111.35,12.16,0.11,0.52,7.37,-6.17,0.6,3.78,37,0,62.24,3.76,220.78,4.89,220.53
2022,4,5,17,0.18,0.17,0.4,18.45,18.62,2.16,0.01,0.02,3.89,-4.49,-0.3,4.39,54.12,0.07,62.27,1.58,220.79,2.6,219.28
2022,4,5,18,0,0,0,0,0,0,0,0,2.12,-5.18,-1.53,4.09,57.81,0.2,62.31,1.04,217.04,1.73,216.92
2022,4,5,19,0,0,0,0,0,0,0,0,1.93,-5.77,-1.92,3.91,55.81,0.12,62.35,0.59,222.84,0.89,225.36
2022,4,5,20,0,0,0,0,0,0,0,0,1.54,-6.01,-2.24,3.85,56.31,0.01,62.38,0.07,6.34,0.14,340.56
2022,4,5,21,0,0,0,0,0,0,0,0,0.37,-6.26,-2.95,3.78,60,0.01,62.37,0.67,23.29,1.01,22.21
2022,4,5,22,0,0,0,0,0,0,0,0,-0.66,-6.67,-3.67,3.66,62.94,0.04,62.35,1.01,21.8,1.6,20.56
2022,4,5,23,0,0,0,0,0,0,0,0,-1.63,-7,-4.31,3.54,66.25,0.06,62.31,1.17,19.89,1.95,18.73
2022,4,6,0,0,0,0,0,0,0,0,0,-2.46,-7.3,-4.88,3.48,69.31,0.05,62.28,1.28,18.88,2.17,17.78
2022,4,6,1,0,0,0,0,0,0,0,0,-3.19,-7.58,-5.38,3.36,72,0,62.23,1.35,18.96,2.33,18.19
2022,4,6,2,0,0,0,0,0,0,0,0,-3.8,-7.83,-5.81,3.3,74.25,0,62.2,1.4,20.56,2.48,19.86
2022,4,6,3,0,0,0,0,0,0,0,0,-4.23,-8.07,-6.15,3.23,75.44,0,62.19,1.43,21.8,2.57,21.41
2022,4,6,4,0,0,0,0,0,0,0,0,-4.6,-8.28,-6.44,3.17,76.38,0,62.21,1.44,22.95,2.63,22.75
2022,4,6,5,0.07,0.08,0.22,5.92,8.4,0.81,0,0.02,-4.49,-8.27,-6.38,3.17,75.94,0,62.26,1.37,24.23,2.63,24.36
2022,4,6,6,0.77,0.81,1.24,85.33,91.17,10,0.07,0.35,-0.29,-7.2,-3.74,3.48,58.69,0,62.31,1.89,26.78,2.74,26.93
2022,4,6,7,1.63,1.72,2.27,186.98,198.62,23.89,0.38,1.9,3.8,-8.63,-2.42,3.11,38.69,0,62.37,1.11,51.02,1.36,51.29
2022,4,6,8,2.55,2.55,3.17,295.08,295.9,39.62,0.94,4.65,7.01,-10.05,-1.52,2.81,27.94,0,62.4,1.78,200.26,2.14,199.82
2022,4,6,9,3.14,3.2,3.87,369.08,373.12,51.32,1.53,7.88,9.01,-9.9,-0.45,2.81,24.5,0,62.42,3.08,209.49,3.77,209.11
2022,4,6,10,3.57,3.61,4.32,422.52,422.15,59.35,1.96,10.3,10.39,-9.39,0.5,2.93,23.12,0,62.4,4.01,210.31,4.99,210.06
2022,4,6,11,3.54,3.66,4.49,419.42,425.73,57.97,1.96,10.3,11.15,-8.72,1.22,3.05,23.19,0,62.37,4.74,210.92,5.97,210.59
2022,4,6,12,3.37,3.55,4.38,396.92,413.75,54.84,1.82,9.45,11.33,-8.03,1.65,3.23,24.25,0,62.33,5.21,212.26,6.58,211.95
2022,4,6,13,2.96,3.19,3.99,345.1,371.48,47.47,1.43,7.38,10.93,-7.42,1.76,3.42,26.25,0,62.29,5.37,214.57,6.81,214.29
2022,4,6,14,2.3,2.58,3.34,270.02,300.38,36.38,0.92,4.67,10.13,-7.06,1.54,3.54,28.5,0,62.27,5.05,216.89,6.41,216.58
2022,4,6,15,1.63,1.8,2.49,188.88,209.12,24.37,0.44,2.15,8.97,-6.91,1.03,3.6,31.19,0,62.25,4.41,218.17,5.64,217.79
2022,4,6,16,0.88,0.93,1.48,98.42,106.6,11.72,0.1,0.5,7.33,-6.79,0.27,3.6,35.25,0,62.27,3.47,218.52,4.55,218.09
2022,4,6,17,0.17,0.16,0.41,16.95,17.6,2.09,0.01,0.02,3.81,-4.79,-0.49,4.27,53.25,0,62.3,1.42,216.93,2.46,214.4
2022,4,6,18,0,0,0,0,0,0,0,0,2.1,-5.6,-1.75,3.97,56,0,62.33,1.07,208.81,1.83,208.53
2022,4,6,19,0,0,0,0,0,0,0,0,1.81,-6.1,-2.14,3.85,54.88,0,62.37,0.82,202.91,1.29,204.39
2022,4,6,20,0,0,0,0,0,0,0,0,1.12,-6.25,-2.56,3.78,56.88,0,62.4,0.5,187.24,0.76,188.88
2022,4,6,21,0,0,0,0,0,0,0,0,0.31,-6.38,-3.03,3.72,59.69,0,62.4,0.27,123.23,0.39,123.69
2022,4,6,22,0,0,0,0,0,0,0,0,-0.63,-6.68,-3.66,3.66,62.81,0,62.37,0.49,61.39,0.73,60.71
2022,4,6,23,0,0,0,0,0,0,0,0,-1.46,-7.04,-4.25,3.54,65.44,0,62.34,0.76,45.83,1.17,45.54
2022,4,7,0,0,0,0,0,0,0,0,0,-2.27,-7.43,-4.85,3.42,67.75,0,62.3,0.96,36.4,1.51,36.57
2022,4,7,1,0,0,0,0,0,0,0,0,-3.06,-7.84,-5.45,3.3,69.88,0,62.26,1.1,31.31,1.76,31.01
2022,4,7,2,0,0,0,0,0,0,0,0,-3.73,-8.23,-5.98,3.23,71.5,0.01,62.23,1.21,31.53,2.03,31.61
2022,4,7,3,0,0,0,0,0,0,0,0,-4.2,-8.66,-6.42,3.11,71.69,0.01,62.2,1.29,31.68,2.23,31.52
2022,4,7,4,0,0,0,0,0,0,0,0,-4.5,-9.17,-6.83,2.93,70.44,0.01,62.2,1.34,31.37,2.33,31.56
2022,4,7,5,0.08,0.1,0.23,6.6,9.65,0.94,0,0.02,-4.31,-9.38,-6.85,2.93,68.12,0.02,62.23,1.28,32.52,2.33,32.84
2022,4,7,6,0.85,0.87,1.26,94.42,98.98,10.74,0.08,0.38,-0.38,-8.67,-4.52,3.11,52.44,0,62.27,1.64,35.89,2.33,35.87
2022,4,7,7,1.8,1.77,2.29,207.62,207.15,26.27,0.42,2.1,3.35,-9.93,-3.29,2.81,35.81,0,62.32,0.7,96.41,0.86,96.23
2022,4,7,8,2.53,2.59,3.18,296.6,303.92,40.16,0.98,4.88,6.23,-10.76,-2.27,2.62,27.62,0,62.35,1.95,204.31,2.35,203.75
2022,4,7,9,3.06,3.23,3.88,363.52,379.62,50.92,1.54,7.95,8.19,-10.52,-1.17,2.62,24.38,0,62.36,3.03,208.81,3.7,208.35
2022,4,7,10,3.4,3.65,4.33,404.88,428.6,57.7,1.95,10.2,9.64,-9.9,-0.13,2.81,23.19,0,62.34,3.88,209.72,4.8,209.36
2022,4,7,11,3.25,3.71,4.5,387.4,433.7,54.77,1.91,10,10.49,-9.02,0.73,2.99,23.62,0,62.3,4.66,211.08,5.83,210.73
2022,4,7,12,3.15,3.6,4.39,372.15,421.58,52.35,1.77,9.3,10.69,-8.1,1.3,3.23,25.25,0,62.25,5.22,213.14,6.57,212.76
2022,4,7,13,2.85,3.23,4,337.88,378.55,46.98,1.46,7.55,10.32,-7.31,1.51,3.48,27.62,0,62.21,5.42,214.9,6.86,214.56
2022,4,7,14,2.28,2.62,3.35,269.7,308,36.68,0.95,4.83,9.48,-6.78,1.35,3.6,30.5,0.01,62.18,5.24,216.39,6.66,216.08
2022,4,7,15,1.56,1.84,2.5,181.58,215.73,23.8,0.44,2.17,8.22,-6.53,0.84,3.72,33.88,0.04,62.18,4.68,217.54,5.99,217.26
2022,4,7,16,0.82,0.96,1.49,91.95,111.17,11.03,0.1,0.5,6.5,-6.22,0.14,3.78,39.12,0.07,62.19,3.78,217.44,4.92,217.12
2022,4,7,17,0.17,0.17,0.41,16.88,18.58,2.13,0.01,0.02,3.3,-4.81,-0.75,4.27,55.12,0.05,62.21,1.78,218.03,2.83,216.02
2022,4,7,18,0,0,0,0,0,0,0,0,1.26,-5.3,-2.02,4.09,61,0.05,62.25,1.25,215.08,2.1,212.98
2022,4,7,19,0,0,0,0,0,0,0,0,1.1,-5.78,-2.35,3.91,59.25,0.04,62.29,1,218.66,1.47,215.71
2022,4,7,20,0,0,0,0,0,0,0,0,0.68,-6.03,-2.67,3.85,59.88,0.04,62.31,0.66,232.18,0.91,228.81
2022,4,7,21,0,0,0,0,0,0,0,0,0.3,-6.17,-2.94,3.78,60.88,0.04,62.29,0.32,249.78,0.43,251.9
2022,4,7,22,0,0,0,0,0,0,0,0,-0.43,-6.29,-3.36,3.78,63.75,0.02,62.25,0.15,14.74,0.25,354.64
2022,4,7,23,0,0,0,0,0,0,0,0,-1.24,-6.5,-3.87,3.72,67,0.01,62.21,0.46,23.07,0.69,14.51
2022,4,8,0,0,0,0,0,0,0,0,0,-2.32,-6.7,-4.51,3.66,72.12,0.01,62.17,0.67,15.49,1.08,11.31
2022,4,8,1,0,0,0,0,0,0,0,0,-2.81,-6.92,-4.87,3.6,73.69,0.01,62.13,0.87,13.03,1.39,9.73
2022,4,8,2,0,0,0,0,0,0,0,0,-3.29,-7.14,-5.22,3.54,75.31,0.01,62.1,0.99,12.72,1.61,10.33
2022,4,8,3,0,0,0,0,0,0,0,0,-3.75,-7.35,-5.55,3.48,76.94,0.01,62.08,1.1,12.35,1.84,11.02
2022,4,8,4,0,0,0,0,0,0,0,0,-4.06,-7.55,-5.81,3.42,77.69,0.01,62.08,1.17,12.74,2.01,11.66
2022,4,8,5,0.09,0.1,0.25,7.6,9.92,1.04,0,0.02,-3.81,-7.49,-5.65,3.42,76.5,0.01,62.09,1.14,12.61,2.05,12.08
2022,4,8,6,0.84,0.85,1.28,94.1,97.3,10.73,0.08,0.38,-0.1,-6.63,-3.37,3.66,60.25,0,62.12,1.73,10.95,2.34,11.53
2022,4,8,7,1.66,1.75,2.31,191.73,204.62,24.45,0.4,1.98,3.48,-7.38,-1.95,3.48,43.81,0,62.14,1.72,15.3,2.07,15.29
2022,4,8,8,2.5,2.56,3.2,294.9,301.5,39.55,0.95,4.75,6.4,-8.24,-0.92,3.23,33.25,0,62.16,0.19,46.64,0.21,48.01
2022,4,8,9,3,3.2,3.89,357.83,377.38,49.85,1.49,7.7,8.57,-8.3,0.14,3.17,28.56,0,62.17,1.46,212.75,1.78,211.87
2022,4,8,10,3.32,3.62,4.34,396.2,426.6,56.25,1.89,9.83,10.08,-7.85,1.12,3.3,26.81,0,62.16,2.59,218.5,3.17,217.8
2022,4,8,11,3.28,3.64,4.51,391.38,424.02,54.25,1.86,9.75,11.05,-7.17,1.94,3.54,26.56,0,62.12,3.46,220.7,4.29,220.13
2022,4,8,12,3.14,3.54,4.4,372.1,412.52,51.74,1.73,9.05,11.29,-6.6,2.35,3.72,27.5,0.01,62.07,4.02,223.11,5.03,222.48
2022,4,8,13,2.77,3.17,4,325.73,369.9,44.76,1.38,7.12,10.8,-5.95,2.43,3.91,30,0.01,62.03,4.23,226.05,5.32,225.42
2022,4,8,14,2.19,2.57,3.36,257.33,299.95,34.61,0.89,4.52,9.55,-5.23,2.15,4.15,34.69,0.02,62.01,4.19,226.81,5.33,226.19
2022,4,8,15,1.52,1.79,2.5,176.02,208.83,22.78,0.42,2.08,8.05,-4.45,1.8,4.46,41,0.04,62.02,3.92,226.37,5.02,225.88
2022,4,8,16,0.77,0.93,1.5,86.92,106.5,10.51,0.1,0.5,6.15,-3.83,1.16,4.64,49,0.07,62.04,3.29,226.35,4.3,226.03
2022,4,8,17,0.15,0.17,0.42,15.67,18.08,2,0.01,0.02,3.63,-2.76,0.44,5.07,63.38,0.08,62.09,1.67,225.76,2.56,224.75
2022,4,8,18,0,0,0,0,0,0,0,0,1.5,-2.61,-0.56,5.07,74.25,0.08,62.13,1.06,224.1,1.83,223.1
2022,4,8,19,0,0,0,0,0,0,0,0,1.07,-2.7,-0.81,5,75.94,0.05,62.17,0.88,227.52,1.28,226.74
2022,4,8,20,0,0,0,0,0,0,0,0,0.66,-2.71,-1.02,5,78.06,0.03,62.2,0.64,246.89,0.85,247.22
2022,4,8,21,0,0,0,0,0,0,0,0,0.37,-2.78,-1.21,5,79.31,0.02,62.18,0.51,288.71,0.66,291.43
2022,4,8,22,0,0,0,0,0,0,0,0,-0.07,-2.98,-1.52,4.94,80.69,0.01,62.15,0.7,331.44,0.94,332.15
2022,4,8,23,0,0,0,0,0,0,0,0,-0.46,-3.33,-1.9,4.76,81.12,0,62.12,0.88,344.48,1.21,344.61
2022,4,9,0,0,0,0,0,0,0,0,0,-0.98,-3.7,-2.34,4.64,82.12,0,62.08,0.81,352.26,1.19,351.71
2022,4,9,1,0,0,0,0,0,0,0,0,-1.46,-4.03,-2.75,4.52,83.38,0,62.04,0.74,0.6,1.15,358.44
2022,4,9,2,0,0,0,0,0,0,0,0,-1.89,-4.34,-3.12,4.46,84.31,0,62.01,0.74,7.87,1.18,4.57
2022,4,9,3,0,0,0,0,0,0,0,0,-2.17,-4.6,-3.38,4.33,84.38,0,62,0.73,11.07,1.17,8.08
2022,4,9,4,0,0,0,0,0,0,0,0,-2.31,-4.84,-3.57,4.27,83.81,0,62.01,0.7,12.95,1.11,10.52
2022,4,9,5,0.09,0.1,0.26,8.08,10.42,1.09,0.01,0.02,-2.02,-4.99,-3.5,4.21,80.81,0,62.04,0.65,13.87,1.02,11.48
2022,4,9,6,0.81,0.86,1.3,90.73,97.05,10.68,0.09,0.42,0.69,-4.43,-1.87,4.39,68.06,0,62.08,0.65,4.82,0.85,6.34
2022,4,9,7,1.45,1.75,2.33,168.35,204,22.07,0.4,1.95,3.63,-4.42,-0.4,4.39,55.38,0,62.12,0.66,246.45,0.79,245.98
2022,4,9,8,2.12,2.57,3.21,251.55,300.8,34.44,0.89,4.52,5.82,-4.93,0.44,4.27,45.81,0,62.13,1.78,220.74,2.15,220.13
2022,4,9,9,2.69,3.21,3.91,318.95,376.42,44.96,1.42,7.42,7.28,-5.04,1.12,4.21,41.06,0,62.13,2.63,217.04,3.21,216.48
2022,4,9,10,3.04,3.63,4.35,363.02,425.27,51.86,1.84,9.5,8.37,-4.75,1.81,4.33,38.94,0,62.1,3.39,217.5,4.18,217.17
2022,4,9,11,2.88,3.63,4.52,345.3,420.33,47.91,1.73,9.05,8.99,-4.42,2.29,4.39,38.38,0,62.06,4.13,220.47,5.12,220.11
2022,4,9,12,2.76,3.52,4.41,329.12,408.42,45.73,1.6,8.35,9.01,-4.03,2.48,4.58,39.5,0,62.03,4.7,225,5.88,224.68
2022,4,9,13,2.52,3.14,4.01,296.2,365.55,40.63,1.32,6.88,8.49,-3.77,2.36,4.64,41.69,0,61.99,4.98,229.71,6.27,229.5
2022,4,9,14,2.05,2.54,3.36,241.5,295.42,32.62,0.89,4.58,7.73,-3.7,2.02,4.7,44.06,0.01,61.98,5.02,231.63,6.39,231.41
2022,4,9,15,1.38,1.76,2.51,160.42,204.38,21,0.41,2.05,6.8,-3.66,1.57,4.7,47.12,0.01,61.98,4.85,231.54,6.24,231.31
2022,4,9,16,0.63,0.91,1.51,72,103.23,9.09,0.09,0.48,5.34,-3.64,0.85,4.7,52.19,0.02,61.99,4.18,230.69,5.48,230.5
2022,4,9,17,0.14,0.16,0.43,14.25,18,1.91,0.01,0.02,3.15,-3.02,0.06,4.94,63.88,0.18,62.03,2.25,228.95,3.29,227.6
2022,4,9,18,0,0,0,0,0,0,0,0,1.02,-2.98,-0.98,4.94,74.56,0.19,62.06,1.41,225.45,2.48,221.93
2022,4,9,19,0,0,0,0,0,0,0,0,0.33,-3.34,-1.5,4.76,76.12,0.14,62.1,1.41,226.12,2.26,223.46
2022,4,9,20,0,0,0,0,0,0,0,0,-0.07,-3.56,-1.81,4.7,77.06,0.11,62.11,1.39,228.87,2.05,226.7
2022,4,9,21,0,0,0,0,0,0,0,0,-0.5,-3.72,-2.11,4.64,78.94,0.09,62.11,1.28,228.72,1.83,226.56
2022,4,9,22,0,0,0,0,0,0,0,0,-0.93,-3.87,-2.4,4.58,80.81,0.06,62.09,1.12,232.65,1.56,231.12
2022,4,9,23,0,0,0,0,0,0,0,0,-1.17,-4,-2.58,4.58,81.62,0.04,62.06,0.89,235.34,1.2,235.59
2022,4,10,0,0,0,0,0,0,0,0,0,-1.58,-4.1,-2.84,4.52,83.88,0.02,62.01,0.6,241.45,0.82,244.16
2022,4,10,1,0,0,0,0,0,0,0,0,-1.98,-4.2,-3.09,4.52,86.06,0.01,61.97,0.36,274.97,0.55,278.13
2022,4,10,2,0,0,0,0,0,0,0,0,-2.64,-4.4,-3.52,4.46,89.62,0.01,61.94,0.43,336.67,0.66,331.61
2022,4,10,3,0,0,0,0,0,0,0,0,-3.47,-4.68,-4.07,4.33,94.12,0.01,61.93,0.63,359.29,1,355.98
2022,4,10,4,0,0,0,0,0,0,0,0,-3.93,-5.02,-4.48,4.21,95.31,0,61.93,0.84,7.98,1.37,5.55
2022,4,10,5,0.1,0.1,0.28,9.25,10.52,1.2,0,0.02,-3.87,-5.36,-4.61,4.09,92.25,0.22,61.95,0.93,8.2,1.6,8.45
2022,4,10,6,0.86,0.85,1.32,96.98,97.6,11.06,0.08,0.4,-0.58,-5.21,-2.9,4.15,70.81,0.08,61.99,1.76,0.25,2.29,1.17
2022,4,10,7,1.66,1.7,2.34,191.6,198.7,24.29,0.4,1.98,2.7,-5.94,-1.62,3.91,52.44,0.09,62.01,2.09,349.24,2.55,349.24
2022,4,10,8,2.4,2.52,3.23,282.25,295.45,37.85,0.91,4.55,5.29,-6.99,-0.85,3.6,40,0.05,62.02,1.89,329.93,2.26,330.16
2022,4,10,9,3.01,3.16,3.92,357.48,371.67,49.28,1.47,7.55,7.61,-7.78,-0.09,3.36,31.81,0.02,62.03,1.77,293.17,2.1,293.23
2022,4,10,10,3.35,3.58,4.36,398.77,420.73,56.03,1.88,9.75,9.44,-8.02,0.71,3.3,27.5,0.01,62,2.36,260.07,2.84,259.55
2022,4,10,11,3.2,3.68,4.53,385.27,432.27,53.91,1.84,9.73,10.69,-7.88,1.4,3.3,25.62,0.01,61.98,3.15,245.85,3.87,245.04
2022,4,10,12,3.09,3.57,4.41,371.92,419.6,52.04,1.75,9.08,11.19,-7.47,1.86,3.42,25.69,0.06,61.95,3.82,240.5,4.78,239.66
2022,4,10,13,2.77,3.2,4.02,327.65,376.08,45.34,1.38,7.12,10.84,-6.7,2.07,3.66,28.12,0.29,61.92,4.31,238.41,5.47,237.6
2022,4,10,14,2.2,2.59,3.37,261.73,304.33,35.41,0.91,4.58,9.45,-5.72,1.87,4.03,33.56,0.51,61.92,4.38,234.95,5.64,234.19
2022,4,10,15,1.51,1.8,2.52,175.67,210.98,22.86,0.41,2.05,7.81,-4.95,1.43,4.27,40,0.42,61.94,4.03,232.64,5.25,231.95
2022,4,10,16,0.81,0.93,1.52,92.02,106.77,11.16,0.1,0.52,6.19,-4.39,0.9,4.46,46.69,0.62,61.97,3.48,228.73,4.63,228.29
2022,4,10,17,0.18,0.17,0.44,18.3,18.65,2.28,0.01,0.02,3.43,-3.31,0.05,4.82,61.56,0.45,62.01,1.83,225.52,2.86,224
2022,4,10,18,0,0,0,0,0,0,0,0,1.26,-3.86,-1.3,4.58,68.44,0.4,62.06,1.21,221.6,1.97,220.18
2022,4,10,19,0,0,0,0,0,0,0,0,0.95,-4.06,-1.56,4.52,68.81,0.09,62.11,0.64,213.11,0.93,214.09
2022,4,10,20,0,0,0,0,0,0,0,0,0.39,-4.07,-1.84,4.52,71.56,0,62.15,0.02,108.43,0.01,45
2022,4,10,21,0,0,0,0,0,0,0,0,-0.69,-4.2,-2.45,4.46,77.19,0,62.15,0.56,13.65,0.86,12.53
2022,4,10,22,0,0,0,0,0,0,0,0,-1.7,-4.49,-3.1,4.39,82,0,62.13,0.93,13.1,1.5,12.3
2022,4,10,23,0,0,0,0,0,0,0,0,-2.53,-4.87,-3.7,4.21,85.31,0,62.1,1.09,12.84,1.84,11.98
2022,4,11,0,0,0,0,0,0,0,0,0,-2.99,-5.24,-4.11,4.15,86.06,0,62.05,1.17,11.91,2,10.78
2022,4,11,1,0,0,0,0,0,0,0,0,-3.35,-5.62,-4.49,3.97,86,0,62.02,1.21,11.89,2.07,10.63
2022,4,11,2,0,0,0,0,0,0,0,0,-3.61,-5.99,-4.8,3.91,85.31,0,62.01,1.25,11.94,2.13,11.02
2022,4,11,3,0,0,0,0,0,0,0,0,-3.76,-6.31,-5.03,3.78,84.06,0,62.01,1.27,12.07,2.17,11.63
2022,4,11,4,0,0,0,0,0,0,0,0,-3.88,-6.63,-5.26,3.66,82.69,0,62.03,1.3,13.54,2.24,13.31
2022,4,11,5,0.12,0.11,0.29,10.67,11.52,1.35,0.01,0.02,-3.53,-6.72,-5.13,3.66,79.81,0,62.07,1.26,15.41,2.3,15.54
2022,4,11,6,0.86,0.87,1.34,96.08,99.08,11.08,0.08,0.4,0.55,-5.47,-2.46,4.03,63.31,0,62.1,1.79,17.25,2.57,17.72
2022,4,11,7,1.75,1.76,2.36,201.62,205.48,25.58,0.41,2.02,4.65,-6.24,-0.8,3.78,44.56,0,62.13,1.98,17.72,2.47,18.43
2022,4,11,8,2.57,2.57,3.24,301,301.83,40.31,0.95,4.7,7.94,-8.02,-0.04,3.3,30.62,0,62.15,1.24,21.06,1.48,21.41
2022,4,11,9,3.09,3.21,3.93,365.98,377,50.73,1.49,7.62,10.12,-8.89,0.62,3.05,24.44,0,62.15,0.34,194.68,0.42,192.99
2022,4,11,10,3.59,3.63,4.37,424.92,425.85,59.66,1.95,10.23,11.48,-8.57,1.45,3.11,23,0,62.14,1.99,204.85,2.43,204.34
2022,4,11,11,3.35,3.67,4.54,398.75,426.62,55.26,1.86,9.73,12.3,-7.64,2.33,3.36,23.56,0,62.12,3.21,209.12,3.98,208.78
2022,4,11,12,3.31,3.56,4.42,392.23,413.67,54.16,1.77,9.2,12.59,-6.7,2.94,3.66,25,0,62.08,4.05,211.61,5.08,211.42
2022,4,11,13,2.9,3.16,4.03,339.73,368.55,46.48,1.38,7.08,12.3,-5.74,3.28,3.97,27.62,0,62.03,4.5,212.94,5.68,212.75
2022,4,11,14,2.28,2.54,3.38,268.23,296.2,35.66,0.88,4.42,11.43,-5.04,3.19,4.21,30.94,0,62,4.55,213.8,5.79,213.6
2022,4,11,15,1.59,1.75,2.53,184.4,204.08,23.57,0.41,2.05,10.01,-4.49,2.76,4.39,35.5,0,61.99,4.24,213.95,5.45,213.78
2022,4,11,16,0.86,0.9,1.53,96.15,103.23,11.45,0.1,0.5,8.29,-3.92,2.19,4.58,41.69,0,62.01,3.52,212.95,4.61,212.83
2022,4,11,17,0.17,0.17,0.45,18.05,18.42,2.27,0.01,0.02,5.13,-2.04,1.55,5.31,60.12,0,62.05,1.54,210.72,2.55,209.79
2022,4,11,18,0,0,0,0,0,0,0,0,3.07,-2.92,0.08,4.94,64.69,0,62.1,1.12,204.41,1.87,204.42
2022,4,11,19,0,0,0,0,0,0,0,0,2.66,-3.14,-0.24,4.88,65.38,0,62.13,0.75,193.31,1.17,194.31
2022,4,11,20,0,0,0,0,0,0,0,0,2.28,-3.14,-0.43,4.88,67.12,0,62.17,0.49,188.26,0.72,190.7
2022,4,11,21,0,0,0,0,0,0,0,0,1.83,-3.16,-0.67,4.82,69.25,0,62.18,0.26,171.38,0.35,180
2022,4,11,22,0,0,0,0,0,0,0,0,1.33,-3.23,-0.95,4.82,71.38,0,62.18,0.1,71.57,0.12,61.7
2022,4,11,23,0,0,0,0,0,0,0,0,0.69,-3.45,-1.38,4.76,73.44,0,62.17,0.35,14.04,0.5,14.47
2022,4,12,0,0,0,0,0,0,0,0,0,-0.24,-3.74,-1.99,4.64,77.06,0.05,62.14,0.69,20.48,1.06,22.59
2022,4,12,1,0,0,0,0,0,0,0,0,-0.73,-4.14,-2.43,4.52,77.75,0.12,62.1,0.85,22.09,1.32,21.23
2022,4,12,2,0,0,0,0,0,0,0,0,-1.2,-4.53,-2.87,4.33,78.25,0.05,62.08,0.84,22.5,1.3,19.95
2022,4,12,3,0,0,0,0,0,0,0,0,-1.85,-4.88,-3.36,4.21,80.38,0.01,62.05,0.87,24.27,1.41,21.15
2022,4,12,4,0,0,0,0,0,0,0,0,-2.49,-5.31,-3.9,4.09,81.94,0.04,62.04,0.97,23.26,1.6,20.92
2022,4,12,5,0.09,0.1,0.31,8.3,11.2,1.13,0,0.02,-2.6,-5.61,-4.11,3.97,80.69,0,62.04,1.03,19.13,1.79,19.07
2022,4,12,6,0.67,0.81,1.36,76.75,92.27,9.63,0.08,0.38,0.37,-5.35,-2.49,4.09,64.75,0,62.06,1.83,13.8,2.46,15.27
2022,4,12,7,1.45,1.7,2.38,167.52,199.2,21.82,0.38,1.83,3.49,-6.35,-1.42,3.78,48.06,0,62.07,2.05,7.88,2.51,8.23
2022,4,12,8,2.15,2.52,3.26,252.27,297.48,34.08,0.84,4.4,6.84,-8.32,-0.74,3.23,32.31,0,62.1,1.74,340.92,2.08,340.95
2022,4,12,9,2.74,3.17,3.94,324.1,375.05,44.77,1.36,7.05,9.91,-9.67,0.12,2.81,23.12,0,62.1,1.77,288.51,2.11,288.57
2022,4,12,10,3.12,3.6,4.38,371.75,425.48,52.21,1.77,8.77,11.99,-9.7,1.15,2.81,20.06,0,62.08,2.47,251.74,2.98,251.38
2022,4,12,11,2.79,3.51,4.55,336.42,408.45,45.54,1.55,7.85,13.1,-9.06,2.02,2.99,19.75,0,62.05,3.5,232.08,4.32,231.39
2022,4,12,12,2.84,3.47,4.43,333.58,403.05,45.3,1.52,7.58,13.37,-8.1,2.64,3.23,21.06,0,62.02,4.46,225.14,5.61,224.66
2022,4,12,13,2.65,3.1,4.03,311.62,361.48,41.88,1.27,6.48,12.44,-7.01,2.72,3.6,24.62,0,61.98,4.91,223.39,6.26,222.93
2022,4,12,14,1.96,2.51,3.39,227.42,292.23,30.3,0.78,4.05,10.8,-5.94,2.43,3.91,29.94,0,61.97,4.9,223.13,6.31,222.84
2022,4,12,15,1.33,1.74,2.53,152.73,201.33,20.06,0.38,1.85,9.12,-5.18,1.97,4.15,35.62,0,61.99,4.37,223.55,5.63,223.37
2022,4,12,16,0.72,0.88,1.53,81.55,100.77,10.41,0.1,0.5,7.4,-4.85,1.28,4.27,41.06,0,62.02,3.53,223.56,4.58,223.41
2022,4,12,17,0.14,0.16,0.46,15.02,17.9,1.97,0.01,0.02,4.73,-3.49,0.62,4.76,55.19,0,62.07,1.85,224.83,2.78,223.52
2022,4,12,18,0,0,0,0,0,0,0,0,2.58,-3.62,-0.52,4.7,63.44,0,62.11,1.33,224.29,2.2,222.26
2022,4,12,19,0,0,0,0,0,0,0,0,2.39,-3.82,-0.71,4.58,63.25,0,62.17,1.08,227.64,1.65,224.81
2022,4,12,20,0,0,0,0,0,0,0,0,2.13,-4.2,-1.03,4.46,62.5,0,62.18,0.78,231.52,1.12,228.4
2022,4,12,21,0,0,0,0,0,0,0,0,1.75,-4.64,-1.45,4.33,62,0,62.17,0.51,247.38,0.67,244.62
2022,4,12,22,0,0,0,0,0,0,0,0,1.33,-4.77,-1.72,4.27,63.25,0,62.14,0.2,265.43,0.24,264.47
2022,4,12,23,0,0,0,0,0,0,0,0,0.75,-5.06,-2.16,4.15,64.44,0,62.11,0.1,265.6,0.12,266.19
2022,4,13,0,0,0,0,0,0,0,0,0,0.26,-5.24,-2.49,4.09,65.81,0,62.09,0.11,278.13,0.14,293.63
2022,4,13,1,0,0,0,0,0,0,0,0,-0.45,-5.41,-2.93,4.09,68.69,0,62.05,0.28,4.76,0.47,15.42
2022,4,13,2,0,0,0,0,0,0,0,0,-1.16,-5.74,-3.45,3.97,70.88,0,62.01,0.59,11.46,0.92,15.81
2022,4,13,3,0,0,0,0,0,0,0,0,-1.81,-6.06,-3.93,3.85,72.88,0,61.98,0.78,16.26,1.23,17.4
2022,4,13,4,0,0,0,0,0,0,0,0,-2.45,-6.46,-4.45,3.72,74.31,0,61.98,0.89,20.03,1.45,19.51
2022,4,13,5,0.09,0.09,0.32,8.9,10.33,1.2,0,0.02,-2.62,-6.54,-4.58,3.72,74.94,0,61.99,0.97,21.8,1.65,23.66
2022,4,13,6,0.72,0.73,1.37,78.42,80.88,9.36,0.06,0.33,0.24,-6.38,-3.06,3.78,60.12,0,62.02,1.62,15.91,2.15,17.78
2022,4,13,7,1.4,1.55,2.39,161.45,179.83,20.28,0.32,1.58,3.32,-7.39,-2.04,3.48,44.31,0,62.05,1.45,14.71,1.75,15.28
2022,4,13,8,2.08,2.36,3.27,245.23,277.42,32.33,0.74,3.73,6.24,-7.86,-0.81,3.3,34.69,0,62.07,0.63,273.58,0.74,273.65
2022,4,13,9,2.72,3.01,3.95,324.67,356.23,43.87,1.25,6.35,8.95,-7.27,0.83,3.48,30.31,0,62.07,2.58,225.37,3.12,225
2022,4,13,10,2.79,3.44,4.39,338.27,407.77,46.91,1.5,7.67,10.46,-6.01,2.23,3.85,30.44,0,62.06,3.95,218.34,4.89,218.19
2022,4,13,11,2.7,3.6,4.56,331,427,46.45,1.55,7.9,11.12,-5.06,3.03,4.15,31.44,0,62.03,5.01,217.71,6.28,217.57
2022,4,13,12,2.57,3.49,4.44,313.7,413.17,43.92,1.42,7.25,11.15,-4.69,3.23,4.33,32.31,0,62,5.65,219.84,7.15,219.68
2022,4,13,13,2.24,3.12,4.04,271.42,368.95,37.67,1.12,5.65,10.7,-4.63,3.03,4.33,33.5,0.01,61.97,5.9,222.26,7.52,222.09
2022,4,13,14,1.87,2.52,3.39,223.38,297.5,30.26,0.75,3.77,9.73,-4.85,2.44,4.27,35.19,0.01,61.96,5.77,224.23,7.38,224.01
2022,4,13,15,1.21,1.75,2.54,143.2,205.2,18.86,0.34,1.65,8.35,-4.97,1.69,4.21,38.25,0.01,61.96,5.17,224.76,6.63,224.57
2022,4,13,16,0.68,0.9,1.54,76.7,103.33,9.38,0.09,0.4,6.61,-4.88,0.86,4.27,43.44,0.01,61.96,4.16,223.86,5.4,223.71
2022,4,13,17,0.17,0.17,0.47,17.7,18.9,2.24,0.01,0.02,4.08,-3.86,0.11,4.64,56.5,0.04,61.98,2.19,220.96,3.23,219.7
2022,4,13,18,0,0,0,0,0,0,0,0,1.64,-3.38,-0.88,4.82,69.5,0.05,61.99,1.42,212.37,2.5,210.01
2022,4,13,19,0,0,0,0,0,0,0,0,0.95,-3.1,-1.07,4.88,74.5,0.07,62.01,1.35,205.38,2.27,203.56
2022,4,13,20,0,0,0,0,0,0,0,0,0.22,-2.75,-1.27,5.07,80.75,0.07,62.03,1.41,200.74,2.25,199.25
2022,4,13,21,0,0,0,0,0,0,0,0,-0.45,-2.51,-1.48,5.13,86.69,0.09,62.02,1.47,198.34,2.29,196.83
2022,4,13,22,0,0,0,0,0,0,0,0,-1.02,-2.48,-1.75,5.19,91.31,0.09,62,1.48,197.57,2.28,195.95
2022,4,13,23,0,0,0,0,0,0,0,0,-1.53,-2.6,-2.07,5.13,94.44,0.09,61.96,1.45,196.88,2.17,195.24
2022,4,14,0,0,0,0,0,0,0,0,0,-1.96,-2.76,-2.36,5.07,96.88,0.1,61.92,1.31,193.12,1.93,191.45
2022,4,14,1,0,0,0,0,0,0,0,0,-2.34,-2.95,-2.64,5,98.56,0.1,61.88,1.17,186.51,1.67,184.3
2022,4,14,2,0,0,0,0,0,0,0,0,-2.83,-3.2,-3.02,4.94,100,0.07,61.84,0.91,170.13,1.29,167.06
2022,4,14,3,0,0,0,0,0,0,0,0,-3.43,-3.46,-3.45,4.82,100,0.05,61.8,0.64,142.99,0.92,138.77
2022,4,14,4,0,0,0,0,0,0,0,0,-3.95,-3.8,-3.88,4.7,100,0.04,61.79,0.5,106.19,0.79,101.42
2022,4,14,5,0.1,0.12,0.33,9.62,12.42,1.3,0,0.02,-3.97,-4.19,-4.08,4.58,100,0.04,61.79,0.44,76.7,0.81,71.92
2022,4,14,6,0.77,0.84,1.39,84.33,94.75,10.13,0.07,0.35,-1.78,-4.79,-3.28,4.39,82.06,0.02,61.81,0.83,79.74,1.04,78.77
2022,4,14,7,1.35,1.72,2.41,156.9,199.55,20.41,0.32,1.6,0.45,-6.19,-2.87,3.91,61,0.01,61.82,0.79,111.49,0.94,110.83
2022,4,14,8,1.92,2.53,3.28,230.08,297.15,31.48,0.73,3.65,2.84,-7.47,-2.31,3.48,46.06,0,61.83,0.91,177.53,1.06,176.61
2022,4,14,9,2.35,3.18,3.96,278.62,374.05,39.23,1.12,5.73,5.06,-7.95,-1.45,3.3,37.56,0,61.82,2.06,206.57,2.46,206.24
2022,4,14,10,2.77,3.59,4.4,333.58,423.55,47.86,1.53,7.77,6.8,-8.03,-0.62,3.3,33,0,61.79,3.21,211.75,3.89,211.52
2022,4,14,11,2.41,3.68,4.56,296,432.55,42.16,1.41,7.02,7.83,-7.88,-0.02,3.36,31.06,0,61.75,4.13,213.57,5.07,213.25
2022,4,14,12,2.14,3.54,4.44,264.38,416.55,37.76,1.22,6.1,7.88,-7.39,0.24,3.48,32.25,0.04,61.72,4.83,215.98,6.02,215.65
2022,4,14,13,2.08,3.17,4.05,247.83,373.1,34.37,1.02,5.17,6.87,-6.53,0.17,3.72,37.19,0.23,61.7,5.08,219.07,6.4,218.66
2022,4,14,14,1.6,2.55,3.4,190.48,299.02,25.85,0.63,3.23,5.38,-5.58,-0.1,4.03,44.62,0.52,61.69,4.83,222.51,6.12,222.16
2022,4,14,15,1.04,1.75,2.55,121.3,204.62,16.27,0.29,1.42,3.88,-4.74,-0.42,4.33,53.19,0.62,61.68,4.25,225.37,5.4,225.06
2022,4,14,16,0.5,0.89,1.55,57.38,102.12,7.75,0.07,0.35,2.25,-4.03,-0.89,4.58,63.25,0.54,61.7,3.4,228.07,4.35,227.69
2022,4,14,17,0.12,0.17,0.48,12.95,18.77,1.72,0.01,0.02,0.71,-3.49,-1.39,4.82,73.94,0.29,61.72,2.3,227.48,3.01,226.79
2022,4,14,18,0,0,0,0,0,0,0,0,-0.45,-2.92,-1.69,5,84.56,0.25,61.74,1.36,220.35,1.79,219.68
2022,4,14,19,0,0,0,0,0,0,0,0,-1.08,-2.7,-1.88,5.13,90.75,0.19,61.76,1.09,205.83,1.41,205.57
2022,4,14,20,0,0,0,0,0,0,0,0,-1.17,-2.52,-1.85,5.19,92.75,0.17,61.78,1.3,194.95,1.72,195.23
2022,4,14,21,0,0,0,0,0,0,0,0,-1.38,-2.45,-1.91,5.25,94.75,0.2,61.78,1.65,201.7,2.21,202.03
2022,4,14,22,0,0,0,0,0,0,0,0,-1.62,-2.53,-2.08,5.19,95.94,0.32,61.75,1.82,209.65,2.41,209.47
2022,4,14,23,0,0,0,0,0,0,0,0,-1.89,-2.86,-2.38,5.07,95.75,0.42,61.72,1.64,216.49,2.18,216.54
2022,4,15,0,0,0,0,0,0,0,0,0,-2.29,-3.24,-2.77,4.94,96.19,0.52,61.71,1.12,219.6,1.48,220.08
2022,4,15,1,0,0,0,0,0,0,0,0,-2.79,-3.63,-3.21,4.76,97.5,0.3,61.68,0.47,240.85,0.51,234.36
2022,4,15,2,0,0,0,0,0,0,0,0,-3.61,-4.27,-3.95,4.52,99.44,0.12,61.65,0.25,326.31,0.38,355.24
2022,4,15,3,0,0,0,0,0,0,0,0,-4.48,-4.93,-4.7,4.33,100,0.04,61.62,0.5,8.13,0.82,16.02
2022,4,15,4,0,0,0,0,0,0,0,0,-5.31,-5.6,-5.45,4.09,100,0.02,61.61,0.69,19.05,1.13,18.94
2022,4,15,5,0.12,0.12,0.35,11.5,12.7,1.52,0.01,0.02,-5.17,-6.06,-5.62,3.91,98,0.01,61.61,0.7,18.23,1.16,19.65
2022,4,15,6,0.8,0.84,1.41,86.8,92.92,10.43,0.07,0.35,-1.78,-6.07,-3.93,3.91,73.62,0,61.64,0.69,38.56,0.91,40.82
2022,4,15,7,1.52,1.71,2.42,173.27,196.23,22.18,0.34,1.65,0.94,-7.31,-3.19,3.54,53.75,0,61.68,0.93,162.47,1.16,160.71
2022,4,15,8,2.23,2.53,3.3,260.6,293.27,35.08,0.77,3.85,2.86,-8.23,-2.69,3.3,43.12,0,61.7,2.35,192.47,2.92,192.03
2022,4,15,9,2.77,3.18,3.98,325.52,369.75,45.03,1.23,6.2,4.45,-8.54,-2.04,3.17,37.19,0,61.72,3.44,199.75,4.31,199.49
2022,4,15,10,2.92,3.6,4.41,345.6,418.83,48.78,1.5,7.58,5.67,-8.48,-1.4,3.17,34.31,0,61.72,4.39,202.92,5.51,202.78
2022,4,15,11,3.03,3.79,4.57,365.23,443.05,52.23,1.67,8.5,6.37,-8.16,-0.89,3.23,33.56,0,61.7,5.14,205.36,6.49,205.24
2022,4,15,12,2.77,3.65,4.45,333.25,428.55,47.59,1.5,7.58,6.45,-7.81,-0.68,3.36,34.31,0.01,61.67,5.6,208.07,7.07,207.92
2022,4,15,13,2.22,3.26,4.05,269.27,383.88,38.31,1.09,5.5,5.94,-7.58,-0.82,3.42,36.31,0.06,61.64,5.67,211.13,7.18,210.97
2022,4,15,14,1.7,2.64,3.41,206.7,312.33,29.01,0.69,3.48,5.05,-7.52,-1.24,3.42,38.75,0.13,61.61,5.19,214.65,6.59,214.46
2022,4,15,15,1.17,1.86,2.56,141.67,219.65,19.66,0.34,1.65,3.94,-7.6,-1.83,3.42,41.69,0.15,61.62,4.52,217.27,5.75,217.04
2022,4,15,16,0.6,1,1.56,67.75,116.6,8.97,0.08,0.38,2.55,-7.56,-2.5,3.42,46.19,0.15,61.63,3.63,218.72,4.68,218.42
2022,4,15,17,0.14,0.2,0.49,14.73,22.42,1.93,0.01,0.02,0.73,-6.7,-2.99,3.72,56.81,0.09,61.66,2.14,219.51,2.97,218.5
2022,4,15,18,0,0,0,0,0,0,0,0,-1.31,-6.14,-3.72,3.91,70.12,0.07,61.69,1.21,219.76,1.95,216.18
2022,4,15,19,0,0,0,0,0,0,0,0,-1.76,-6.67,-4.21,3.72,69.5,0.06,61.73,1.04,223.17,1.54,220.48
2022,4,15,20,0,0,0,0,0,0,0,0,-2.25,-6.85,-4.56,3.66,71.19,0.04,61.75,0.97,227.94,1.39,226.14
2022,4,15,21,0,0,0,0,0,0,0,0,-2.73,-6.92,-4.82,3.6,73.75,0.04,61.75,0.93,229.45,1.31,227.66
2022,4,15,22,0,0,0,0,0,0,0,0,-3.17,-6.92,-5.05,3.6,76.44,0.03,61.72,0.87,231.58,1.21,230.76
2022,4,15,23,0,0,0,0,0,0,0,0,-3.79,-6.9,-5.35,3.6,80.75,0.02,61.7,0.69,232.87,1,232.95
2022,4,16,0,0,0,0,0,0,0,0,0,-4.02,-6.88,-5.45,3.66,82.31,0.02,61.67,0.53,237.01,0.75,239.44
2022,4,16,1,0,0,0,0,0,0,0,0,-4.28,-6.91,-5.6,3.6,84.06,0.01,61.64,0.31,256.68,0.45,262.01
2022,4,16,2,0,0,0,0,0,0,0,0,-4.63,-7.02,-5.82,3.6,85.81,0.01,61.61,0.32,338.46,0.47,334.29
2022,4,16,3,0,0,0,0,0,0,0,0,-5.2,-7.24,-6.21,3.54,88.5,0.01,61.6,0.59,3.81,0.89,3.01
2022,4,16,4,0,0,0,0,0,0,0,0,-5.56,-7.52,-6.55,3.48,89.12,0.01,61.6,0.79,13.21,1.23,12.89
2022,4,16,5,0.14,0.15,0.36,13.5,16.33,1.74,0.01,0.02,-5.26,-7.64,-6.45,3.42,85.94,0,61.63,0.79,15.4,1.34,15.58
2022,4,16,6,0.88,0.96,1.43,99.8,110.65,11.9,0.09,0.42,-1.89,-7.52,-4.7,3.42,65.25,0,61.67,0.88,11.31,1.08,11.72
2022,4,16,7,1.72,1.84,2.44,201.1,216.83,26.1,0.41,2.02,0.94,-7.99,-3.52,3.3,50.12,0,61.71,0.21,278.75,0.24,275.71
2022,4,16,8,2.2,2.63,3.31,264.75,312.23,36.59,0.84,4.17,2.91,-8.26,-2.67,3.23,42.5,0,61.75,1.26,203.85,1.53,203.55
2022,4,16,9,2.61,3.25,3.99,314.5,386.83,44.94,1.28,6.48,4.04,-7.96,-1.96,3.3,40.25,0,61.76,2.34,201.16,2.86,200.96
2022,4,16,10,2.74,3.65,4.42,330.77,434.92,47.81,1.52,7.7,4.87,-7.15,-1.14,3.54,40.62,0.01,61.74,3.16,203.65,3.89,203.58
2022,4,16,11,2.74,3.79,4.58,337.25,451.85,48.96,1.62,8.15,5.15,-6.46,-0.66,3.78,42.19,0.02,61.71,3.81,207.35,4.71,207.25
2022,4,16,12,2.75,3.67,4.46,334.75,438.65,48.65,1.59,8,4.98,-5.78,-0.4,3.97,45.19,0.05,61.69,4.31,210.84,5.38,210.74
2022,4,16,13,2.23,3.3,4.06,274.62,395.05,39.68,1.16,5.9,4.36,-5.15,-0.39,4.21,49.69,0.08,61.66,4.62,213.47,5.81,213.37
2022,4,16,14,1.86,2.71,3.41,227.42,324.35,32.16,0.79,4,3.55,-4.6,-0.52,4.39,54.88,0.1,61.65,4.51,214.85,5.69,214.72
2022,4,16,15,1.24,1.94,2.56,148.4,231.77,20.56,0.36,1.8,2.37,-4.25,-0.95,4.52,61.38,0.11,61.65,4.12,215.2,5.23,214.97
2022,4,16,16,0.61,1.06,1.57,70.65,125.6,9.02,0.08,0.38,1.07,-3.95,-1.44,4.64,69.06,0.12,61.68,3.47,214.37,4.45,214.05
2022,4,16,17,0.18,0.23,0.5,19.55,25.52,2.55,0.01,0.02,-0.3,-3.78,-2.04,4.7,77.5,0.06,61.71,2.61,210.93,3.44,210.47
2022,4,16,18,0,0,0,0,0,0,0,0,-1.48,-3.58,-2.53,4.76,86.94,0.06,61.75,1.75,205.99,2.39,205.31
2022,4,16,19,0,0,0,0,0,0,0,0,-1.95,-3.38,-2.67,4.82,92,0.05,61.8,1.15,207.96,1.76,204.4
2022,4,16,20,0,0,0,0,0,0,0,0,-2.5,-3.34,-2.92,4.82,96.69,0.04,61.83,1.04,203.09,1.71,196.2
2022,4,16,21,0,0,0,0,0,0,0,0,-3.11,-3.34,-3.22,4.82,100,0.02,61.83,1.03,196.36,1.63,189.64
2022,4,16,22,0,0,0,0,0,0,0,0,-3.6,-3.42,-3.51,4.82,100,0.02,61.81,1,194.04,1.53,189.08
2022,4,16,23,0,0,0,0,0,0,0,0,-4.05,-3.61,-3.83,4.76,100,0.02,61.79,0.86,192.02,1.34,188.7
2022,4,17,0,0,0,0,0,0,0,0,0,-4.37,-3.89,-4.13,4.64,100,0.02,61.76,0.71,190.08,1.13,188.75
2022,4,17,1,0,0,0,0,0,0,0,0,-4.55,-4.18,-4.37,4.58,100,0.02,61.72,0.55,183.27,0.85,183.18
2022,4,17,2,0,0,0,0,0,0,0,0,-4.72,-4.5,-4.61,4.46,100,0.01,61.69,0.19,160.82,0.28,164.05
2022,4,17,3,0,0,0,0,0,0,0,0,-4.82,-4.85,-4.83,4.33,100,0.01,61.66,0.27,27.3,0.42,25.6
2022,4,17,4,0,0,0,0,0,0,0,0,-5.03,-5.24,-5.13,4.21,100,0,61.66,0.66,8.9,1.07,10.08
2022,4,17,5,0.16,0.17,0.38,15.75,18.5,1.93,0.01,0.02,-4.45,-5.71,-5.08,4.03,94.31,0,61.67,0.93,2.41,1.54,5.83
2022,4,17,6,0.98,1,1.44,112.95,117.75,13.12,0.09,0.48,-1.13,-6,-3.56,3.91,69.69,0,61.69,2.03,5.53,2.57,5.59
2022,4,17,7,1.83,1.88,2.45,217.6,224.92,28.2,0.45,2.25,1.85,-6.74,-2.44,3.66,52.31,0,61.7,2.29,4.89,2.81,4.79
2022,4,17,8,2.53,2.66,3.32,306.17,319.77,41.95,0.99,4.9,4.3,-7.66,-1.68,3.42,40.56,0,61.73,1.8,0.75,2.16,0.83
2022,4,17,9,3.05,3.28,4,369.55,393.45,52.16,1.52,7.7,6.28,-8.06,-0.88,3.3,34.06,0,61.76,0.92,329.29,1.08,329.53
2022,4,17,10,3.34,3.67,4.43,407.92,440.5,58.6,1.9,9.75,7.55,-7.99,-0.22,3.3,31.44,0,61.76,1.15,248.99,1.39,247.6
2022,4,17,11,3.14,3.75,4.59,384.48,446.55,54.84,1.84,9.42,8.1,-7.58,0.26,3.42,31.38,0,61.76,2.13,232.29,2.64,231
2022,4,17,12,2.75,3.64,4.46,336.45,434,48.34,1.58,8.08,8.36,-6.93,0.72,3.6,32.62,0,61.76,2.76,231.09,3.43,230.08
2022,4,17,13,2.46,3.28,4.06,300.15,390.98,42.73,1.28,6.5,7.9,-6.45,0.73,3.78,35.06,0,61.75,3.08,231.91,3.84,230.87
2022,4,17,14,1.97,2.68,3.42,238.58,321,33.42,0.84,4.23,7.13,-6.19,0.48,3.85,37.88,0,61.75,2.95,235.05,3.7,234.03
2022,4,17,15,1.33,1.92,2.57,158.52,229.8,21.62,0.39,1.92,6.53,-6.12,0.21,3.91,39.81,0,61.77,2.68,236.4,3.38,235.54
2022,4,17,16,0.77,1.06,1.58,89.3,125.5,10.98,0.09,0.48,5.68,-6.08,-0.2,3.91,42.44,0,61.8,2.32,233.63,2.99,232.86
2022,4,17,17,0.21,0.24,0.51,22.88,26.4,2.76,0.01,0.02,3.5,-4.52,-0.51,4.46,56.31,0,61.84,1.08,227.92,1.81,223.25
2022,4,17,18,0,0,0,0,0,0,0,0,1.37,-4.82,-1.73,4.27,63,0,61.89,0.91,208.77,1.57,208.22
2022,4,17,19,0,0,0,0,0,0,0,0,0.97,-5.1,-2.06,4.15,63.31,0,61.95,0.67,202.05,1.04,202.52
2022,4,17,20,0,0,0,0,0,0,0,0,0.4,-5.31,-2.45,4.09,65,0,62.01,0.39,186.84,0.59,187.59
2022,4,17,21,0,0,0,0,0,0,0,0,0.02,-5.63,-2.81,4.03,65.44,0,62.04,0.26,118.89,0.35,116.57
2022,4,17,22,0,0,0,0,0,0,0,0,-0.41,-6,-3.2,3.91,66.19,0,62.06,0.53,71.83,0.74,68.88
2022,4,17,23,0,0,0,0,0,0,0,0,-1.16,-6.45,-3.81,3.78,68.38,0,62.06,0.71,56.66,1.05,56.19
2022,4,18,0,0,0,0,0,0,0,0,0,-1.72,-6.98,-4.35,3.66,69.12,0,62.06,0.81,48.14,1.21,48.15
2022,4,18,1,0,0,0,0,0,0,0,0,-2.03,-7.61,-4.82,3.54,67.75,0,62.05,0.89,39.29,1.34,39.08
2022,4,18,2,0,0,0,0,0,0,0,0,-2.38,-8.4,-5.39,3.3,65.5,0,62.05,1.05,30.96,1.61,30.68
2022,4,18,3,0,0,0,0,0,0,0,0,-2.87,-9.43,-6.15,2.99,62.38,0,62.05,1.17,28.27,1.85,28.19
2022,4,18,4,0,0,0,0,0,0,0,0,-3.3,-10.75,-7.02,2.69,57.56,0,62.06,1.26,28.95,2.06,28.8
2022,4,18,5,0.16,0.17,0.4,15.75,18.05,1.97,0.01,0.02,-3.15,-11.15,-7.15,2.56,54.62,0,62.09,1.23,30.65,2.18,30.33
2022,4,18,6,0.94,0.98,1.46,104.15,111.48,12.13,0.1,0.5,0.74,-11.27,-5.27,2.56,39.38,0,62.13,1.71,35.14,2.39,34.62
2022,4,18,7,1.88,1.87,2.47,216.08,217.2,27.53,0.46,2.3,4.76,-13.26,-4.25,2.14,24.62,0,62.17,1.57,69.31,1.9,68.81
2022,4,18,8,2.53,2.67,3.34,298.67,312.4,40.39,0.98,4.92,7.38,-14.63,-3.63,1.83,17.81,0,62.2,1.62,122.62,1.92,122.72
2022,4,18,9,3.17,3.3,4.01,373.73,386.3,51.88,1.55,7.92,9.08,-14.09,-2.5,1.89,16.62,0,62.22,1.93,156.34,2.3,156.75
2022,4,18,10,3.38,3.71,4.44,404.55,433.62,57.21,1.91,9.95,10.44,-12.76,-1.16,2.2,17.12,0,62.21,2.55,181.93,3.07,182.19
2022,4,18,11,3.45,3.78,4.59,409,437.48,57.13,1.95,10.23,11.34,-10.98,0.18,2.56,18.94,0,62.17,3.32,197.37,4.06,197.6
2022,4,18,12,3.2,3.65,4.47,378.27,423.62,53,1.77,9.17,11.53,-9.03,1.25,3.05,22.19,0,62.13,4.06,206.61,5.03,206.88
2022,4,18,13,2.69,3.26,4.07,317.65,378.83,44.13,1.36,6.9,11.01,-7.15,1.93,3.54,26.88,0,62.09,4.55,212.25,5.71,212.43
2022,4,18,14,2.25,2.66,3.42,263.23,308.67,35.84,0.91,4.73,9.65,-5.89,1.88,3.91,32.5,0,62.08,4.54,215.41,5.75,215.48
2022,4,18,15,1.6,1.88,2.58,184.45,217.62,24.27,0.45,2.23,8.05,-5.26,1.4,4.09,38,0,62.11,4.17,217.08,5.33,217.14
2022,4,18,16,0.81,1.01,1.58,90.83,115.35,11.41,0.11,0.55,6.74,-5.16,0.79,4.15,41.81,0,62.14,3.61,218.51,4.69,218.57
2022,4,18,17,0.21,0.22,0.51,21.83,23.8,2.69,0.01,0.02,4.4,-4.15,0.12,4.52,53.56,0,62.19,1.97,218.73,2.97,217.95
2022,4,18,18,0,0,0,0,0,0,0,0,2.21,-4.83,-1.31,4.27,59.06,0,62.24,1.38,214.86,2.24,213.19
2022,4,18,19,0,0,0,0,0,0,0,0,1.94,-5.74,-1.9,3.91,55.88,0,62.29,1.11,211.79,1.64,210.35
2022,4,18,20,0,0,0,0,0,0,0,0,1.36,-6.21,-2.43,3.78,56.06,0,62.32,0.8,209.81,1.14,207.45
2022,4,18,21,0,0,0,0,0,0,0,0,1.12,-6.47,-2.67,3.72,55.81,0,62.31,0.52,204.66,0.69,202.77
2022,4,18,22,0,0,0,0,0,0,0,0,0.48,-6.59,-3.05,3.66,57.88,0,62.29,0.17,169.7,0.22,169.88
2022,4,18,23,0,0,0,0,0,0,0,0,-0.24,-6.7,-3.48,3.66,60.62,0,62.26,0.26,51.07,0.33,45
2022,4,19,0,0,0,0,0,0,0,0,0,-0.92,-6.91,-3.91,3.6,63.06,0,62.23,0.46,32.62,0.64,30
2022,4,19,1,0,0,0,0,0,0,0,0,-1.51,-7.06,-4.28,3.54,65.38,0,62.21,0.56,23.72,0.81,21.6
2022,4,19,2,0,0,0,0,0,0,0,0,-2.49,-7.21,-4.85,3.48,70.12,0,62.19,0.7,14.81,1.09,13.74
2022,4,19,3,0,0,0,0,0,0,0,0,-3,-7.42,-5.2,3.42,71.88,0,62.18,0.94,12.53,1.48,11.61
2022,4,19,4,0,0,0,0,0,0,0,0,-3.63,-7.7,-5.67,3.36,74.06,0,62.17,1.1,12.75,1.8,12.04
2022,4,19,5,0.16,0.16,0.41,16.2,17.38,2.03,0.01,0.02,-3.44,-7.65,-5.55,3.36,73.25,0,62.19,1.08,12.93,1.95,13.2
2022,4,19,6,0.93,0.92,1.48,103.4,105.3,11.99,0.09,0.48,0.39,-7.49,-3.55,3.42,54.19,0,62.21,1.85,12.92,2.43,13.55
2022,4,19,7,1.82,1.8,2.48,210.6,210.73,26.66,0.45,2.2,3.91,-8.56,-2.33,3.11,38.44,0,62.24,1.64,17.14,1.97,17.29
2022,4,19,8,2.49,2.61,3.35,294.85,307.52,39.72,0.97,4.85,6.8,-9.28,-1.24,2.93,29.5,0,62.27,0.3,49.24,0.35,51.34
2022,4,19,9,3.13,3.23,4.02,372.45,382.12,51.52,1.53,7.83,9.05,-9.08,-0.02,2.99,25.75,0,62.29,1.8,205.12,2.19,204.65
2022,4,19,10,3.48,3.64,4.44,418.02,430,58.73,1.95,10.08,10.47,-8.27,1.09,3.17,25.12,0,62.28,3.23,212.77,3.99,212.45
2022,4,19,11,3.18,3.54,4.6,379.83,412.55,51.27,1.7,8.88,11.14,-7.49,1.82,3.42,25.62,0,62.24,4.17,216.93,5.21,216.65
2022,4,19,12,3.04,3.43,4.47,362.25,400.17,49.14,1.59,8.23,11.07,-6.62,2.23,3.66,27.75,0,62.21,4.74,221.52,5.95,221.33
2022,4,19,13,2.62,3.05,4.08,312.73,356.83,41.91,1.24,6.33,10.05,-5.7,2.18,3.97,32.06,0.01,62.18,4.93,227.38,6.24,227.08
2022,4,19,14,2.1,2.45,3.43,247.6,286.65,32.66,0.81,4.1,8.9,-5.02,1.94,4.21,36.56,0.04,62.16,4.75,231.6,6.04,231.35
2022,4,19,15,1.45,1.71,2.58,168.33,198.95,21.45,0.39,1.92,7.69,-4.74,1.48,4.27,40.56,0.06,62.15,4.31,234.81,5.51,234.58
2022,4,19,16,0.81,0.9,1.59,90.23,103.12,10.95,0.1,0.5,6.27,-4.49,0.89,4.39,45.62,0.06,62.15,3.54,237.08,4.57,236.85
2022,4,19,17,0.19,0.19,0.52,20.73,21.42,2.62,0.01,0.02,4.19,-3.42,0.38,4.76,57.62,0.04,62.18,1.91,237.35,2.77,236.04
2022,4,19,18,0,0,0,0,0,0,0,0,2.26,-3.49,-0.61,4.7,65.56,0.04,62.21,1.19,232.45,1.89,230.38
2022,4,19,19,0,0,0,0,0,0,0,0,1.93,-3.87,-0.97,4.58,65,0.02,62.25,0.91,229.88,1.3,228.65
2022,4,19,20,0,0,0,0,0,0,0,0,1.52,-4.06,-1.27,4.52,65.88,0.01,62.26,0.65,230.37,0.85,230.19
2022,4,19,21,0,0,0,0,0,0,0,0,1.03,-4.17,-1.57,4.46,67.69,0,62.25,0.49,231.48,0.61,232.25
2022,4,19,22,0,0,0,0,0,0,0,0,0.46,-4.24,-1.89,4.46,70.12,0,62.23,0.35,234.9,0.43,236.89
2022,4,19,23,0,0,0,0,0,0,0,0,-0.07,-4.3,-2.19,4.46,72.69,0,62.2,0.26,239.62,0.31,243.43
2022,4,20,0,0,0,0,0,0,0,0,0,-0.62,-4.34,-2.48,4.39,75.75,0,62.17,0.14,239.04,0.16,253.3
2022,4,20,1,0,0,0,0,0,0,0,0,-1.27,-4.37,-2.81,4.39,79.69,0,62.14,0.11,41.99,0.14,16.39
2022,4,20,2,0,0,0,0,0,0,0,0,-2.07,-4.42,-3.25,4.39,84.94,0,62.11,0.36,20.41,0.53,15.48
2022,4,20,3,0,0,0,0,0,0,0,0,-2.81,-4.54,-3.67,4.33,89.5,0,62.09,0.59,16.05,0.94,13.46
2022,4,20,4,0,0,0,0,0,0,0,0,-3.27,-4.72,-3.99,4.27,91.62,0,62.09,0.77,15.31,1.27,13.52
2022,4,20,5,0.17,0.17,0.43,17.4,18.58,2.17,0.01,0.02,-3.02,-4.7,-3.86,4.27,90,0,62.09,0.8,12.95,1.47,14.18
2022,4,20,6,0.95,0.96,1.49,106.08,110.9,12.48,0.1,0.52,0.52,-4.24,-1.85,4.46,69.94,0,62.1,1.49,12.07,1.92,13.19
2022,4,20,7,1.81,1.86,2.49,211.08,218.85,27.18,0.47,2.3,3.94,-4.4,-0.23,4.39,54.12,0,62.12,0.99,15.57,1.17,16.26
2022,4,20,8,2.53,2.67,3.36,301.05,314.92,40.96,1.01,5.05,6.97,-5.1,0.94,4.15,41.5,0,62.13,0.5,233.84,0.59,232.52
2022,4,20,9,3.13,3.3,4.03,372.67,389.9,52.17,1.57,8.02,9.36,-5.57,1.9,4.03,33.94,0,62.12,2.14,221.44,2.56,221.04
2022,4,20,10,3.4,3.7,4.45,410.12,437.88,58.34,1.95,10.08,11.03,-5.64,2.69,3.97,30.12,0,62.09,3.36,219.91,4.11,219.53
2022,4,20,11,3.14,3.7,4.61,376.95,433.83,52.72,1.78,9.33,12.04,-5.52,3.26,4.03,28.56,0,62.04,4.46,219.18,5.57,218.8
2022,4,20,12,3.11,3.59,4.48,375.77,421.35,52.2,1.73,8.88,12.12,-5.05,3.54,4.21,29.56,0,62.01,5.42,219.45,6.86,219.09
2022,4,20,13,2.72,3.22,4.08,325.95,378.62,45,1.36,6.92,11.03,-4.37,3.33,4.46,33.56,0,61.99,5.92,221.68,7.57,221.44
2022,4,20,14,2.27,2.62,3.44,270.15,309.02,36.48,0.92,4.67,9.49,-4.02,2.73,4.58,38.12,0,61.99,5.72,224.45,7.34,224.27
2022,4,20,15,1.63,1.86,2.59,191.12,218.83,24.94,0.45,2.25,8.14,-4.17,1.98,4.52,41.25,0,61.99,5.05,226.69,6.5,226.46
2022,4,20,16,0.86,1.01,1.6,98.33,117.08,11.91,0.11,0.55,6.79,-4.38,1.2,4.39,44.44,0,62.01,4.16,227.28,5.42,226.99
2022,4,20,17,0.22,0.23,0.53,23.7,25.33,2.92,0.01,0.05,4.7,-3.8,0.45,4.64,53.94,0,62.04,2.41,225.53,3.43,224.26
2022,4,20,18,0,0,0,0,0,0,0,0,2.01,-3.42,-0.7,4.76,67.12,0,62.09,1.34,221.22,2.46,216.72
2022,4,20,19,0,0,0,0,0,0,0,0,1.19,-3.92,-1.37,4.58,68.44,0,62.16,1.35,217.27,2.31,213.42
2022,4,20,20,0,0,0,0,0,0,0,0,0.8,-4.25,-1.73,4.46,68.44,0,62.21,1.27,215.74,1.98,212.44
2022,4,20,21,0,0,0,0,0,0,0,0,0.55,-4.45,-1.95,4.39,68.62,0,62.21,0.95,213.3,1.34,209.99
2022,4,20,22,0,0,0,0,0,0,0,0,0.07,-4.55,-2.24,4.33,70.56,0,62.19,0.5,205.77,0.68,202.42
2022,4,20,23,0,0,0,0,0,0,0,0,-0.42,-4.62,-2.52,4.33,73.06,0,62.16,0.21,216.03,0.26,212.74
2022,4,21,0,0,0,0,0,0,0,0,0,-0.96,-4.78,-2.88,4.27,75.56,0,62.13,0.22,307.69,0.29,312.8
2022,4,21,1,0,0,0,0,0,0,0,0,-1.83,-4.99,-3.41,4.21,79.88,0,62.11,0.44,346.7,0.66,351.2
2022,4,21,2,0,0,0,0,0,0,0,0,-2.72,-5.31,-4.01,4.09,83.88,0,62.08,0.75,5.36,1.2,5.97
2022,4,21,3,0,0,0,0,0,0,0,0,-3.49,-5.81,-4.65,3.97,85.94,0,62.05,0.97,8.33,1.62,8.6
2022,4,21,4,0,0,0,0,0,0,0,0,-4.18,-6.32,-5.25,3.78,87.19,0,62.05,1.08,13.34,1.9,13.07
2022,4,21,5,0.17,0.2,0.44,17.88,21.25,2.32,0.01,0.02,-3.85,-6.6,-5.23,3.66,82.81,0,62.06,1.09,10.75,2.04,13.08
2022,4,21,6,0.84,1,1.51,95.25,116.38,11.77,0.1,0.52,0.01,-7.2,-3.6,3.54,57.25,0,62.08,1.97,2.27,2.55,3.51
2022,4,21,7,1.71,1.88,2.51,200.45,221.65,26.45,0.48,2.35,3.36,-9.94,-3.29,2.81,35.75,0,62.12,1.88,339.53,2.27,339.7
2022,4,21,8,2.44,2.66,3.37,290.95,314.77,39.8,1.01,5.12,6.58,-11.98,-2.7,2.32,23.5,0,62.14,1.89,292.64,2.25,292.47
2022,4,21,9,3,3.27,4.03,359.92,387.4,50.47,1.55,7.92,9.05,-11.92,-1.44,2.32,20,0,62.14,2.56,252.4,3.09,252.21
2022,4,21,10,3.26,3.66,4.46,394.52,433.52,56.05,1.89,9.83,10.63,-11.23,-0.3,2.44,19.12,0,62.11,3.39,234.48,4.17,234.14
2022,4,21,11,2.58,3.67,4.61,306.83,420.52,42.99,1.51,7.77,11.76,-10.17,0.8,2.69,19.56,0,62.05,4.25,225.22,5.3,224.76
2022,4,21,12,2.47,3.52,4.48,297.85,406.38,41.28,1.39,7.17,12.24,-8.69,1.77,3.11,21.62,0,62,5.2,218.54,6.6,218.32
2022,4,21,13,2.04,3.08,4.08,245.62,359.75,33.81,1.03,5.25,11.48,-6.71,2.38,3.66,26.88,0,61.97,6.08,215.38,7.82,215.32
2022,4,21,14,1.85,2.5,3.44,213.95,290.95,28.59,0.74,3.85,9.44,-5.1,2.17,4.15,35.06,0,61.96,6.3,213.67,8.17,213.69
2022,4,21,15,1.25,1.72,2.6,142.7,199.17,18.41,0.35,1.73,6.87,-3.6,1.64,4.7,47.06,0,61.97,5.82,211.56,7.6,211.63
2022,4,21,16,0.61,0.88,1.61,68.02,100.1,8.52,0.09,0.42,4.44,-2.16,1.14,5.25,62.31,0,62,4.93,209.61,6.47,209.6
2022,4,21,17,0.14,0.19,0.54,14.83,20.92,1.95,0.01,0.02,2.62,-1.11,0.76,5.68,76.69,0.01,62.04,3.71,206.62,4.9,206.61
2022,4,21,18,0,0,0,0,0,0,0,0,1.53,-0.32,0.6,6.04,88.12,0.01,62.09,2.75,202.56,3.66,202.46
2022,4,21,19,0,0,0,0,0,0,0,0,1.3,0.13,0.71,6.29,92.88,0.01,62.15,2.73,203.05,3.63,202.92
2022,4,21,20,0,0,0,0,0,0,0,0,1.26,-0.03,0.62,6.23,92.31,0.01,62.2,2.66,209.12,3.54,209.17
2022,4,21,21,0,0,0,0,0,0,0,0,0.6,-0.52,0.04,5.98,93.69,0.01,62.21,1.83,214.57,2.59,214.79
2022,4,21,22,0,0,0,0,0,0,0,0,0.35,-0.89,-0.27,5.86,93.06,0.01,62.19,1.95,220.28,2.64,220.8
2022,4,21,23,0,0,0,0,0,0,0,0,-0.18,-1.53,-0.86,5.62,92.38,0.01,62.15,1.45,225.22,2.06,225.92
2022,4,22,0,0,0,0,0,0,0,0,0,-0.95,-2.06,-1.51,5.37,94.62,0.02,62.11,1.26,228.78,1.89,229.19
2022,4,22,1,0,0,0,0,0,0,0,0,-1.76,-2.38,-2.07,5.25,98.62,0.07,62.07,1.06,227.98,1.46,228.47
2022,4,22,2,0,0,0,0,0,0,0,0,-2.02,-2.37,-2.19,5.25,100,0.09,62.04,0.47,218.21,0.62,220.91
2022,4,22,3,0,0,0,0,0,0,0,0,-2.56,-2.74,-2.65,5.13,100,0.08,62.03,0.05,120.96,0.06,105.95
2022,4,22,4,0,0,0,0,0,0,0,0,-3.5,-3.56,-3.53,4.76,100,0.06,62.02,0.25,46.27,0.44,44.27
2022,4,22,5,0.12,0.15,0.46,13.3,16.62,1.77,0.01,0.02,-3.47,-3.98,-3.73,4.58,100,0.14,62.04,0.44,54.34,0.73,52.88
2022,4,22,6,0.69,0.8,1.52,77.4,92.67,9.59,0.09,0.42,-1.31,-4.11,-2.7,4.58,83.44,0.1,62.08,0.52,104.04,0.62,102.3
2022,4,22,7,1.19,1.62,2.52,141.08,191.1,18.19,0.31,1.55,2.1,-6.1,-2,3.91,54.62,0.06,62.11,1.73,180.77,2.08,180.65
2022,4,22,8,1.78,2.42,3.38,215.12,286.98,29.06,0.72,3.65,4.37,-6.96,-1.3,3.6,43.06,0.03,62.12,2.9,192.13,3.54,191.98
2022,4,22,9,2.39,3.08,4.04,289.52,364.25,40.02,1.21,6.12,6.01,-6.6,-0.3,3.72,39.44,0.03,62.12,3.73,195.55,4.57,195.46
2022,4,22,10,2.48,3.49,4.46,304.3,414.35,42.52,1.41,7.17,7.09,-5.92,0.58,3.91,38.69,0.06,62.09,4.39,198.6,5.4,198.46
2022,4,22,11,2.58,3.62,4.62,323.02,430.95,44.72,1.53,7.8,7.42,-4.95,1.23,4.21,40.88,0.11,62.05,4.91,202.44,6.1,202.36
2022,4,22,12,2.26,3.57,4.49,278.77,423.77,38.8,1.31,6.55,7.36,-3.85,1.75,4.64,44.81,0.15,62.01,5.18,205.37,6.47,205.23
2022,4,22,13,1.61,3.2,4.09,200.55,379.77,28.84,0.9,4.52,6.84,-3.33,1.76,4.82,48.31,0.18,61.97,5.17,208.73,6.5,208.57
2022,4,22,14,1.26,2.62,3.45,157.9,310.85,22.54,0.6,3.08,6.23,-3.04,1.6,4.94,51.5,0.17,61.93,5.01,211.41,6.35,211.21
2022,4,22,15,0.83,1.86,2.6,100.38,220.9,14.17,0.28,1.38,5.25,-2.72,1.26,5.07,56.62,0.17,61.91,4.8,212.97,6.14,212.8
2022,4,22,16,0.43,1.02,1.62,51,119.27,6.85,0.07,0.35,3.65,-2.24,0.7,5.25,65.75,0.14,61.92,4.22,212.84,5.48,212.53
2022,4,22,17,0.13,0.24,0.55,14.45,26.62,1.91,0.01,0.02,1.84,-1.79,0.02,5.43,77.25,0.1,61.96,3.18,210.6,4.22,210.22
2022,4,22,18,0,0,0,0,0,0,0,0,0.42,-1.31,-0.45,5.62,88.69,0.09,62,1.73,204.25,2.42,203.42
2022,4,22,19,0,0,0,0,0,0,0,0,-0.02,-1.11,-0.56,5.74,93,0.06,62.03,1.46,199.98,2.08,198.64
2022,4,22,20,0,0,0,0,0,0,0,0,-0.34,-1.12,-0.73,5.74,95.5,0.04,62.05,1.35,202.42,2,200.35
2022,4,22,21,0,0,0,0,0,0,0,0,-0.8,-1.24,-1.02,5.68,98.5,0.03,62.04,1.27,202.78,1.99,199.29
2022,4,22,22,0,0,0,0,0,0,0,0,-1.09,-1.42,-1.25,5.62,99.62,0.02,62.02,1.24,202.68,1.92,199.76
2022,4,22,23,0,0,0,0,0,0,0,0,-1.51,-1.63,-1.57,5.49,100,0.01,61.99,1.08,201.19,1.73,196.3
2022,4,23,0,0,0,0,0,0,0,0,0,-1.89,-1.89,-1.89,5.43,100,0.01,61.95,0.92,198.9,1.48,191.84
2022,4,23,1,0,0,0,0,0,0,0,0,-2.26,-2.19,-2.22,5.31,100,0.01,61.92,0.59,189.09,1.04,180
2022,4,23,2,0,0,0,0,0,0,0,0,-2.68,-2.6,-2.63,5.13,100,0.01,61.91,0.34,174.69,0.65,167.47
2022,4,23,3,0,0,0,0,0,0,0,0,-3.45,-3.18,-3.32,4.94,100,0,61.9,0.25,115.77,0.42,115.6
2022,4,23,4,0,0,0,0,0,0,0,0,-4.16,-3.75,-3.95,4.7,100,0,61.9,0.39,54.06,0.68,53.39
2022,4,23,5,0.2,0.23,0.47,20.62,24.12,2.52,0.01,0.02,-3.87,-4.27,-4.07,4.52,100,0,61.92,0.73,28.22,1.23,32.28
2022,4,23,6,0.97,1.07,1.54,109.5,123.77,13.22,0.12,0.58,-0.89,-5.24,-3.07,4.21,73.88,0,61.95,1.45,25.18,1.81,26.34
2022,4,23,7,1.79,1.97,2.53,208.75,230.58,27.43,0.48,2.38,2.22,-7.99,-2.89,3.36,46.62,0,61.98,1.04,3.44,1.25,3.96
2022,4,23,8,2.47,2.76,3.39,291.77,324.35,40.09,0.99,4.95,5.19,-10.48,-2.65,2.62,29.88,0,61.99,1.05,268.72,1.24,268.56
2022,4,23,9,2.97,3.38,4.05,354.23,396.95,50.07,1.52,7.7,7.55,-11.2,-1.82,2.44,23.62,0,62,2.28,231.83,2.75,231.34
2022,4,23,10,3.45,3.78,4.47,415.62,443.1,59.31,1.98,10.3,9.14,-10.99,-0.92,2.5,21.62,0,61.98,3.34,222.06,4.11,221.38
2022,4,23,11,3.32,3.84,4.62,398.45,447.92,56.57,1.94,10.12,10.15,-10.52,-0.19,2.62,21.06,0,61.96,4.35,218.43,5.44,217.82
2022,4,23,12,3.2,3.74,4.49,382.83,436.35,54.3,1.81,9.4,10.46,-9.7,0.38,2.81,22.25,0,61.94,5.15,216.68,6.52,216.28
2022,4,23,13,2.95,3.38,4.1,350.1,394.45,49.28,1.51,7.65,10.05,-8.69,0.68,3.11,25,0,61.92,5.6,216.55,7.13,216.27
2022,4,23,14,2.43,2.79,3.45,286,325.62,39.44,1.01,5.08,9.05,-7.83,0.62,3.36,28.75,0,61.92,5.55,217.74,7.09,217.56
2022,4,23,15,1.73,2.02,2.61,200.27,235.65,26.66,0.49,2.42,7.64,-7.48,0.08,3.42,32.56,0,61.93,4.97,219.39,6.36,219.17
2022,4,23,16,0.96,1.15,1.62,108.12,132.4,13.16,0.12,0.62,6.01,-7.48,-0.74,3.42,36.38,0,61.95,4.02,219.48,5.18,219.19
2022,4,23,17,0.28,0.3,0.56,29.2,31.9,3.33,0.01,0.05,3.62,-6.62,-1.5,3.72,46.44,0,61.97,2.35,217.29,3.34,216.33
2022,4,23,18,0,0,0,0,0,0,0,0,0.82,-6.01,-2.6,3.91,59.56,0,62,1.37,211.52,2.33,209.05
2022,4,23,19,0,0,0,0,0,0,0,0,0.39,-6.74,-3.17,3.66,57.75,0,62.05,1.21,203.93,1.85,201.58
2022,4,23,20,0,0,0,0,0,0,0,0,-0.14,-7.26,-3.7,3.48,57.5,0,62.07,0.98,189.61,1.44,186.55
2022,4,23,21,0,0,0,0,0,0,0,0,-0.65,-7.44,-4.05,3.42,59,0,62.06,0.75,173.99,1.06,169.77
2022,4,23,22,0,0,0,0,0,0,0,0,-1.29,-7.5,-4.4,3.42,61.94,0,62.02,0.54,160.51,0.77,154.74
2022,4,23,23,0,0,0,0,0,0,0,0,-1.67,-7.46,-4.57,3.42,64.06,0,61.99,0.43,152.97,0.62,150.52
2022,4,24,0,0,0,0,0,0,0,0,0,-1.92,-7.45,-4.68,3.42,65.44,0,61.95,0.39,148.24,0.54,151.59
2022,4,24,1,0,0,0,0,0,0,0,0,-2.39,-7.56,-4.98,3.42,67.5,0,61.9,0.36,145.62,0.51,151.46
2022,4,24,2,0,0,0,0,0,0,0,0,-3.1,-7.65,-5.37,3.36,71.06,0,61.87,0.27,110.56,0.35,114.86
2022,4,24,3,0,0,0,0,0,0,0,0,-4.03,-7.77,-5.9,3.36,76.12,0,61.86,0.4,56.93,0.6,56.1
2022,4,24,4,0,0,0,0,0,0,0,0,-4.58,-7.99,-6.28,3.3,78.5,0,61.86,0.65,46.47,1.04,46.52
2022,4,24,5,0.2,0.23,0.49,20.62,23.83,2.58,0.01,0.02,-4.32,-7.96,-6.14,3.3,77.12,0,61.87,0.7,42.27,1.29,43.53
2022,4,24,6,1.02,1.06,1.55,114.2,120.75,13.55,0.11,0.55,-0.82,-8.67,-4.75,3.11,54.62,0,61.9,1.05,54.07,1.34,54.46
2022,4,24,7,1.92,1.96,2.54,220.62,227.5,28.62,0.47,2.33,1.88,-10.33,-4.23,2.75,39.06,0,61.93,0.57,128.29,0.69,127.13
2022,4,24,8,2.53,2.76,3.4,297.95,322.17,40.91,0.97,4.83,4.23,-11.02,-3.39,2.56,30.88,0,61.95,1.7,195.44,2.03,194.95
2022,4,24,9,3.12,3.39,4.06,369.75,395.83,52.12,1.51,7.62,6.32,-11.13,-2.41,2.5,26.12,0,61.95,2.8,202.63,3.39,202.32
2022,4,24,10,3.22,3.79,4.48,383.73,442.77,55.1,1.77,9.08,7.9,-10.9,-1.49,2.56,23.81,0,61.92,3.56,204.2,4.37,203.86
2022,4,24,11,3.29,3.8,4.63,394.23,440.58,55.25,1.8,9.27,8.94,-10.52,-0.79,2.62,22.94,0,61.86,4.28,205.63,5.29,205.24
2022,4,24,12,3.15,3.67,4.5,375.88,427.6,52.63,1.67,8.55,9.36,-9.88,-0.27,2.81,23.56,0,61.82,4.92,207.83,6.16,207.51
2022,4,24,13,2.86,3.29,4.1,337.05,384.3,46.65,1.35,6.85,9.11,-9.26,-0.07,2.93,25.38,0,61.78,5.27,211.66,6.66,211.32
2022,4,24,14,2.33,2.68,3.46,274.15,314.1,37.29,0.91,4.52,8.06,-8.57,-0.25,3.11,28.88,0,61.77,4.97,217.84,6.3,217.54
2022,4,24,15,1.58,1.91,2.62,183.38,223.08,24.23,0.42,2.1,6.37,-7.98,-0.81,3.3,34.06,0,61.78,4.29,222.93,5.47,222.63
2022,4,24,16,0.84,1.04,1.63,95.58,120.62,11.96,0.11,0.52,4.88,-7.6,-1.35,3.42,38.94,0,61.82,3.55,226.78,4.56,226.46
2022,4,24,17,0.23,0.25,0.57,24.45,27.67,3.05,0.01,0.05,3.25,-6.74,-1.74,3.66,47.06,0,61.85,2.29,230.27,3.14,229.34
2022,4,24,18,0,0,0,0,0,0,0,0,1.12,-6.16,-2.52,3.85,57.44,0,61.89,1.33,230.02,2.05,227.17
2022,4,24,19,0,0,0,0,0,0,0,0,0.83,-6.98,-3.07,3.54,54.62,0,61.93,0.92,227.07,1.28,224.75
2022,4,24,20,0,0,0,0,0,0,0,0,0.51,-7.5,-3.5,3.42,53.5,0,61.96,0.5,215.43,0.65,213.31
2022,4,24,21,0,0,0,0,0,0,0,0,-0.1,-7.63,-3.87,3.36,55.31,0,61.96,0.11,219.29,0.11,219.29
2022,4,24,22,0,0,0,0,0,0,0,0,-0.94,-7.7,-4.32,3.36,58.94,0,61.96,0.39,14.04,0.58,12.53
2022,4,24,23,0,0,0,0,0,0,0,0,-2.17,-7.87,-5.02,3.3,64.38,0,61.93,0.81,12.83,1.3,11.78
2022,4,25,0,0,0,0,0,0,0,0,0,-3.13,-8.02,-5.58,3.3,69,0,61.9,1.06,15.37,1.8,14.34
2022,4,25,1,0,0,0,0,0,0,0,0,-3.82,-8.19,-6,3.23,72.06,0,61.86,1.16,16,2.02,15.22
2022,4,25,2,0,0,0,0,0,0,0,0,-4.31,-8.38,-6.34,3.17,73.94,0,61.83,1.24,16.04,2.22,15.11
2022,4,25,3,0,0,0,0,0,0,0,0,-4.49,-8.54,-6.52,3.11,74.06,0,61.82,1.28,17.44,2.3,16.77
2022,4,25,4,0,0,0,0,0,0,0,0,-4.58,-8.69,-6.63,3.11,73.69,0,61.83,1.29,19.42,2.34,19.1
2022,4,25,5,0.23,0.23,0.51,24.35,25.15,2.84,0.01,0.02,-3.64,-8.33,-5.99,3.17,70.38,0,61.86,1.14,20.78,2.22,21.43
2022,4,25,6,1,1.05,1.57,113.58,122.1,13.41,0.11,0.55,0.82,-8.33,-3.76,3.17,49,0,61.9,1.8,24.11,2.38,24.46
2022,4,25,7,1.91,1.93,2.56,223.38,227.55,28.79,0.47,2.35,4.75,-10.67,-2.95,2.62,30.25,0,61.94,0.71,109.23,0.86,108.6
2022,4,25,8,2.7,2.72,3.41,320.92,321.1,43.4,1.02,5.02,7.19,-11.06,-1.93,2.5,24.62,0,61.97,2.32,188.51,2.8,188.49
2022,4,25,9,3.15,3.32,4.07,376.65,393.15,52.49,1.52,7.65,8.89,-10.63,-0.87,2.62,22.75,0,61.99,3.4,201.56,4.17,201.52
2022,4,25,10,3.46,3.72,4.49,418.42,439.2,59.28,1.91,9.77,10.19,-10.37,-0.09,2.69,21.31,0,61.97,4.23,207.23,5.25,207.06
2022,4,25,11,3.23,3.67,4.64,387.25,428.17,53.47,1.73,8.95,10.99,-10.14,0.42,2.75,20.56,0,61.93,4.98,209.95,6.23,209.78
2022,4,25,12,3.28,3.54,4.51,391.17,413.45,53.66,1.68,8.65,11.12,-9.67,0.73,2.87,21.31,0,61.9,5.54,212.21,7.01,212.11
2022,4,25,13,2.86,3.16,4.11,338.42,369.02,45.88,1.31,6.65,10.67,-8.88,0.9,3.05,23.56,0,61.88,5.86,215,7.46,214.85
2022,4,25,14,2.34,2.55,3.46,274.73,298.73,36.41,0.87,4.33,9.59,-8.1,0.75,3.23,27.06,0,61.87,5.66,217.2,7.24,217.1
2022,4,25,15,1.56,1.79,2.62,181.23,208.88,23.31,0.4,1.98,8.23,-7.56,0.33,3.42,31,0,61.87,5.11,218.29,6.56,218.18
2022,4,25,16,0.81,0.95,1.64,91.75,109.98,11.15,0.1,0.5,6.58,-7.18,-0.3,3.54,35.81,0,61.89,4.34,217.84,5.65,217.76
2022,4,25,17,0.22,0.23,0.58,24.25,25.38,3.08,0.01,0.05,4.44,-6.18,-0.87,3.85,45.31,0,61.94,2.81,215.28,3.91,214.99
2022,4,25,18,0,0,0,0,0,0,0,0,1.52,-4.9,-1.69,4.21,61.81,0,62,1.57,211.4,2.74,210.29
2022,4,25,19,0,0,0,0,0,0,0,0,0.9,-5.24,-2.17,4.09,62.75,0,62.05,1.47,207.93,2.34,206.82
2022,4,25,20,0,0,0,0,0,0,0,0,0.45,-5.56,-2.56,4.03,63.12,0,62.1,1.4,205.71,2.09,204.46
2022,4,25,21,0,0,0,0,0,0,0,0,-0.06,-5.67,-2.86,3.97,65.12,0,62.12,1.32,204.13,1.88,202.73
2022,4,25,22,0,0,0,0,0,0,0,0,-0.57,-5.62,-3.1,3.97,68.12,0,62.12,1.27,207.04,1.76,205.77
2022,4,25,23,0,0,0,0,0,0,0,0,-1.25,-5.62,-3.43,3.97,72.19,0,62.1,0.97,206.15,1.37,204.96
2022,4,26,0,0,0,0,0,0,0,0,0,-1.45,-5.63,-3.54,3.97,73.38,0,62.07,0.77,198.25,1.03,197.74
2022,4,26,1,0,0,0,0,0,0,0,0,-2,-5.72,-3.86,3.97,76.44,0,62.03,0.49,184.61,0.64,186.34
2022,4,26,2,0,0,0,0,0,0,0,0,-2.77,-5.8,-4.28,3.97,81.06,0,62,0.23,122.62,0.31,122.47
2022,4,26,3,0,0,0,0,0,0,0,0,-3.57,-5.88,-4.72,3.91,86.19,0,61.97,0.33,76.29,0.48,74.83
2022,4,26,4,0,0,0,0,0,0,0,0,-3.74,-5.95,-4.85,3.91,86.88,0,61.98,0.46,59.53,0.71,57.53
2022,4,26,5,0.18,0.19,0.52,18.75,20.45,2.45,0.01,0.02,-3.23,-5.96,-4.6,3.91,83.12,0,61.99,0.4,51.34,0.76,51.71
2022,4,26,6,0.72,0.91,1.58,80.6,103.42,10.24,0.09,0.42,-0.08,-5.74,-2.92,3.97,65.19,0,62.01,0.43,168.49,0.5,163.81
2022,4,26,7,1.22,1.75,2.57,142.75,204,18.91,0.32,1.58,2.79,-5.93,-1.57,3.91,52.25,0,62.03,2.04,213.45,2.47,213.24
2022,4,26,8,1.65,2.54,3.42,199.4,298.65,27.34,0.65,3.25,4.71,-6.44,-0.87,3.78,43.75,0,62.04,3.02,217.11,3.7,216.94
2022,4,26,9,2.06,3.16,4.08,247.83,373,34.66,1.01,5.1,6.12,-6.72,-0.3,3.66,38.69,0,62.04,3.79,216.87,4.7,216.68
2022,4,26,10,2.23,3.56,4.49,273.92,419.92,38.91,1.23,6.17,7.16,-6.67,0.25,3.66,36.06,0.01,62.04,4.58,217.51,5.71,217.39
2022,4,26,11,1.8,3.36,4.64,227.67,392.3,29.8,0.95,4.75,7.58,-6.32,0.63,3.78,36.06,0.02,62.02,5.24,219.98,6.6,219.76
2022,4,26,12,2.02,3.35,4.51,237.65,387.83,31.59,1.02,5.08,7.48,-6.03,0.73,3.85,37.19,0.03,62,5.62,224.21,7.13,223.98
2022,4,26,13,1.25,2.93,4.11,157.27,342.52,20.9,0.59,2.98,7.01,-5.82,0.6,3.97,39.06,0.03,61.98,5.61,228.05,7.16,227.74
2022,4,26,14,1.41,2.42,3.47,168.1,280.38,21.98,0.55,2.77,6.05,-5.24,0.4,4.15,43.88,0.03,61.96,5.09,230.79,6.52,230.55
2022,4,26,15,0.83,1.64,2.63,101.35,191.23,13.28,0.23,1.15,4.94,-4.47,0.24,4.39,50.38,0.03,61.96,4.22,231.54,5.4,231.11
2022,4,26,16,0.56,0.89,1.65,64.35,101.38,8.27,0.08,0.38,3.66,-3.79,-0.06,4.64,58.19,0.02,61.97,3.23,231.97,4.15,231.49
2022,4,26,17,0.19,0.21,0.59,21.08,23.77,2.67,0.01,0.02,2.15,-3.16,-0.51,4.88,68.06,0.03,62,2.19,233.42,2.86,232.88
2022,4,26,18,0,0,0,0,0,0,0,0,0.98,-2.5,-0.76,5.13,78,0.02,62.04,1.29,237.08,1.71,236.53
2022,4,26,19,0,0,0,0,0,0,0,0,0.44,-2.3,-0.93,5.25,82.38,0.01,62.07,0.72,249.59,1.12,243.08
2022,4,26,20,0,0,0,0,0,0,0,0,-0.12,-2.49,-1.3,5.13,84.56,0,62.09,0.62,234.29,0.93,228.41
2022,4,26,21,0,0,0,0,0,0,0,0,-0.54,-2.59,-1.56,5.07,86.75,0,62.09,0.42,205.14,0.65,204.73
2022,4,26,22,0,0,0,0,0,0,0,0,-0.95,-2.73,-1.84,5.07,88.69,0,62.07,0.24,194.93,0.35,202.52
2022,4,26,23,0,0,0,0,0,0,0,0,-1.29,-2.86,-2.07,5,90.38,0,62.04,0.06,39.81,0.14,346.76
2022,4,27,0,0,0,0,0,0,0,0,0,-1.99,-3.11,-2.55,4.88,94.12,0,62,0.47,12.43,0.75,4.76
2022,4,27,1,0,0,0,0,0,0,0,0,-2.75,-3.48,-3.11,4.76,97.62,0,61.97,0.74,7.87,1.23,4.73
2022,4,27,2,0,0,0,0,0,0,0,0,-3.2,-3.97,-3.59,4.58,97.5,0,61.95,0.94,10.01,1.59,8.17
2022,4,27,3,0,0,0,0,0,0,0,0,-3.47,-4.57,-4.02,4.39,95,0,61.93,1.1,14.04,1.89,13.12
2022,4,27,4,0,0,0,0,0,0,0,0,-3.49,-5.25,-4.37,4.15,90.06,0,61.93,1.2,17.49,2.14,16.78
2022,4,27,5,0.23,0.23,0.54,24.05,24.88,2.91,0.01,0.02,-2.46,-5.62,-4.04,4.03,80.06,0,61.95,1.19,18.79,2.21,18.76
2022,4,27,6,0.98,1.02,1.59,111.35,118.73,13.31,0.11,0.55,1.77,-5.6,-1.92,4.03,57.5,0,61.98,2.18,26.11,2.89,26.01
2022,4,27,7,1.81,1.91,2.58,211.2,224.75,27.37,0.46,2.27,5.35,-7.05,-0.85,3.6,39.75,0,62.02,2.55,44.75,3.15,44.8
2022,4,27,8,2.56,2.7,3.43,303.7,319.15,41.34,0.98,4.92,7.94,-8.86,-0.46,3.05,28.44,0,62.05,2.57,53.03,3.12,53.04
2022,4,27,9,3.24,3.33,4.09,385.83,392.95,53.7,1.55,7.83,10.04,-9.95,0.05,2.75,22.38,0,62.07,2.03,56.62,2.42,56.57
2022,4,27,10,3.65,3.73,4.5,439.42,439.62,61.94,1.98,10.23,11.74,-10.36,0.69,2.69,19.25,0,62.06,1.03,75.54,1.21,75.78
2022,4,27,11,3.46,3.7,4.65,412.33,430.1,56.75,1.82,9.5,13.1,-10.44,1.33,2.62,17.5,0,62.03,0.88,183.07,1.07,183.34
2022,4,27,12,3.3,3.57,4.52,393.73,416.67,54.04,1.7,8.7,13.93,-10.13,1.9,2.75,17.06,0,61.99,2.25,211.92,2.77,211.13
2022,4,27,13,2.96,3.19,4.12,349.95,372.95,47.59,1.35,6.85,14.02,-9.47,2.27,2.93,18.06,0,61.95,3.27,218.02,4.1,217.26
2022,4,27,14,2.4,2.58,3.48,282.48,302.77,37.52,0.89,4.45,13.2,-8.43,2.39,3.17,20.94,0,61.93,3.8,220.17,4.84,219.57
2022,4,27,15,1.66,1.82,2.64,192.65,213.42,24.75,0.42,2.1,11.31,-6.68,2.32,3.72,27.62,0,61.96,4.08,218.23,5.3,217.82
2022,4,27,16,0.95,0.99,1.66,107.3,115.1,12.95,0.12,0.58,9.48,-5,2.24,4.27,35.81,0.01,62,3.91,216.14,5.12,216.07
2022,4,27,17,0.25,0.25,0.61,26.88,27.77,3.3,0.01,0.05,6.72,-3.31,1.71,4.82,49,0.02,62.05,2.37,214.11,3.4,213.95
2022,4,27,18,0,0,0,0,0,0,0,0,3.51,-2.49,0.51,5.13,65,0.02,62.12,1.11,212.35,2.09,212.14
2022,4,27,19,0,0,0,0,0,0,0,0,3.19,-2.87,0.16,4.94,64.38,0.01,62.18,0.85,214.86,1.36,215.42
2022,4,27,20,0,0,0,0,0,0,0,0,2.96,-2.95,0.01,4.94,64.88,0,62.22,0.48,197.85,0.7,200.85
2022,4,27,21,0,0,0,0,0,0,0,0,2.33,-2.99,-0.33,4.88,67.62,0,62.22,0.21,124.29,0.27,127.87
2022,4,27,22,0,0,0,0,0,0,0,0,1.28,-3.08,-0.9,4.88,72.5,0,62.21,0.38,66.04,0.58,65.49
2022,4,27,23,0,0,0,0,0,0,0,0,0.68,-3.24,-1.28,4.82,74.81,0,62.17,0.56,55.2,0.86,54.28
2022,4,28,0,0,0,0,0,0,0,0,0,0.08,-3.44,-1.67,4.76,76.88,0,62.14,0.62,47.05,0.97,46.64
2022,4,28,1,0,0,0,0,0,0,0,0,-0.32,-3.63,-1.98,4.7,78.19,0,62.12,0.66,42.59,1.02,42.21
2022,4,28,2,0,0,0,0,0,0,0,0,-0.67,-3.82,-2.24,4.58,79.38,0,62.11,0.61,45,0.98,44.68
2022,4,28,3,0,0,0,0,0,0,0,0,-1,-3.96,-2.49,4.58,80.62,0,62.12,0.59,50.87,0.92,50.19
2022,4,28,4,0,0,0,0,0,0,0,0,-1.4,-4.12,-2.76,4.52,82.31,0,62.13,0.59,50.39,0.91,49.5
2022,4,28,5,0.25,0.26,0.55,26.42,28.25,3.19,0.01,0.05,-1.06,-4.16,-2.6,4.46,79.81,0,62.15,0.52,44.4,0.87,44.27
2022,4,28,6,0.95,1.08,1.61,109.15,126.55,13.54,0.13,0.65,1.93,-3.91,-0.99,4.58,65.38,0,62.18,0.33,68.96,0.46,67.83
2022,4,28,7,1.82,1.96,2.59,213.4,232.8,28.14,0.52,2.6,4.6,-5.06,-0.23,4.27,50.19,0,62.2,0.55,212.35,0.65,211.79
2022,4,28,8,2.53,2.74,3.44,302.77,326.05,41.6,1.08,5.48,7.19,-6.6,0.3,3.72,36.81,0,62.21,1.61,225.98,1.92,225.83
2022,4,28,9,2.98,3.34,4.09,358.62,397.92,50.86,1.59,8.1,9.44,-7.24,1.1,3.54,29.69,0,62.21,2.77,223.4,3.38,223.03
2022,4,28,10,3.35,3.73,4.51,408.12,443.75,58.31,2.01,10.38,11.15,-7.04,2.05,3.54,26.81,0,62.19,3.79,220.82,4.68,220.47
2022,4,28,11,3.06,3.68,4.65,372.7,432.92,51.76,1.79,9.35,12.21,-6.31,2.94,3.78,26.56,0,62.16,4.72,220.23,5.92,219.81
2022,4,28,12,2.63,3.54,4.52,316.9,417.55,44.41,1.49,7.73,12.53,-5.22,3.65,4.15,28.38,0,62.14,5.49,221.02,6.95,220.58
2022,4,28,13,2.39,3.16,4.12,290.6,373.3,40.02,1.24,6.27,11.94,-4.27,3.83,4.46,31.81,0,62.11,5.77,223.74,7.38,223.41
2022,4,28,14,1.97,2.56,3.48,237.12,303.23,32.02,0.84,4.25,10.69,-3.81,3.44,4.64,35.69,0,62.1,5.51,227.64,7.06,227.38
2022,4,28,15,1.4,1.8,2.64,166.1,213.38,21.91,0.42,2.08,9.34,-3.88,2.73,4.58,38.81,0,62.11,4.94,231.03,6.37,230.82
2022,4,28,16,0.73,0.98,1.66,83.65,115.1,10.41,0.11,0.52,7.9,-3.97,1.96,4.58,42.5,0,62.13,4.14,232.13,5.4,231.87
2022,4,28,17,0.2,0.25,0.62,21.98,28.27,2.87,0.01,0.05,5.97,-3.34,1.31,4.76,51.19,0.01,62.17,2.53,230.13,3.55,229.55
2022,4,28,18,0,0,0,0,0,0,0,0,3.25,-2.56,0.34,5.07,65.62,0.01,62.23,1.28,227.96,2.38,225.4
2022,4,28,19,0,0,0,0,0,0,0,0,2.58,-2.99,-0.2,4.88,66.5,0,62.29,1.24,229.87,2.09,227.73
2022,4,28,20,0,0,0,0,0,0,0,0,2.02,-3.24,-0.61,4.82,67.81,0,62.33,1.14,230.55,1.82,229.18
2022,4,28,21,0,0,0,0,0,0,0,0,1.51,-3.44,-0.97,4.7,69.25,0,62.34,1.12,235.76,1.66,234.21
2022,4,28,22,0,0,0,0,0,0,0,0,0.91,-3.57,-1.33,4.7,71.56,0,62.32,1.07,244.93,1.51,244.23
2022,4,28,23,0,0,0,0,0,0,0,0,0.5,-3.7,-1.6,4.64,73.12,0,62.3,0.99,259.13,1.37,259.46
2022,4,29,0,0,0,0,0,0,0,0,0,0.15,-3.82,-1.84,4.58,74.25,0,62.26,0.91,275.91,1.22,277.72
2022,4,29,1,0,0,0,0,0,0,0,0,-0.2,-3.98,-2.09,4.52,75.38,0,62.22,0.8,301.35,1.08,302.88
2022,4,29,2,0,0,0,0,0,0,0,0,-0.52,-4.17,-2.35,4.46,76.19,0,62.19,0.75,327.3,1.03,327.99
2022,4,29,3,0,0,0,0,0,0,0,0,-0.76,-4.39,-2.58,4.39,76.38,0,62.17,0.85,340.73,1.19,342.04
2022,4,29,4,0,0,0,0,0,0,0,0,-1.31,-4.67,-2.99,4.27,78.19,0,62.17,0.9,350.54,1.34,353.29
2022,4,29,5,0.23,0.22,0.57,25.05,25.1,3.13,0.01,0.05,-0.81,-4.7,-2.76,4.27,74.75,0,62.18,0.99,357.75,1.48,1.21
2022,4,29,6,0.95,0.97,1.62,108.6,113.65,12.96,0.12,0.62,2.17,-4.57,-1.2,4.33,60.5,0,62.21,1.42,354.95,1.78,355.97
2022,4,29,7,1.77,1.83,2.6,207.58,217.25,26.51,0.48,2.4,5.08,-4.94,0.08,4.21,47.81,0,62.23,1.1,330.51,1.3,330.51
2022,4,29,8,2.46,2.61,3.45,295.17,310.92,39.59,1.01,5.1,7.59,-5.28,1.15,4.09,39.06,0,62.24,0.88,263.88,1.03,263.47
2022,4,29,9,3.05,3.22,4.1,367.75,384.1,50.62,1.55,7.92,9.51,-5.26,2.12,4.09,34.44,0,62.23,1.71,222.78,2.07,222.24
2022,4,29,10,3.25,3.61,4.51,397.17,430.52,55.64,1.88,9.83,10.63,-4.76,2.94,4.27,33.19,0,62.2,2.81,217.09,3.43,216.58
2022,4,29,11,3.01,3.51,4.66,365.4,412.3,49.12,1.66,8.77,11.28,-3.98,3.65,4.58,33.88,0.01,62.16,3.84,218.06,4.76,217.79
2022,4,29,12,2.83,3.4,4.53,341.17,399.77,46.16,1.52,7.92,11.11,-3.05,4.03,4.88,36.88,0.02,62.11,4.63,222.95,5.84,222.61
2022,4,29,13,2.45,3.03,4.13,294.8,356.95,39.38,1.22,6.12,10.31,-2.31,4,5.19,41.12,0.03,62.07,5.13,228.76,6.55,228.43
2022,4,29,14,1.96,2.44,3.49,233.42,287.95,30.76,0.8,4.12,9.23,-1.96,3.63,5.31,45.5,0.05,62.04,5.19,234.06,6.7,233.73
2022,4,29,15,1.34,1.7,2.65,157.6,200.12,20.34,0.39,1.95,8.22,-1.9,3.15,5.37,48.88,0.06,62.02,4.81,239.64,6.24,239.26
2022,4,29,16,0.79,0.93,1.67,89.85,107.08,11.3,0.12,0.6,6.96,-1.92,2.52,5.37,53.19,0.05,62.02,3.95,242.52,5.16,242.12
2022,4,29,17,0.18,0.23,0.63,20.8,26.08,2.73,0.01,0.05,5.41,-1.59,1.91,5.49,60.62,0.05,62.05,2.38,242.43,3.27,241.6
2022,4,29,18,0,0,0,0,0,0,0,0,3.4,-1.33,1.04,5.55,71.19,0.04,62.08,1.14,240.11,1.91,236.5
2022,4,29,19,0,0,0,0,0,0,0,0,2.95,-1.67,0.64,5.43,71.56,0.03,62.12,1.03,237.03,1.59,234.98
2022,4,29,20,0,0,0,0,0,0,0,0,2.69,-1.97,0.37,5.31,71.25,0.02,62.15,0.92,237.53,1.34,235.94
2022,4,29,21,0,0,0,0,0,0,0,0,2.4,-2.13,0.13,5.25,71.81,0.01,62.15,0.82,242.22,1.15,240.83
2022,4,29,22,0,0,0,0,0,0,0,0,2.01,-2.31,-0.15,5.19,72.88,0,62.13,0.75,254.95,1.04,253.47
2022,4,29,23,0,0,0,0,0,0,0,0,1.87,-2.51,-0.32,5.13,72.56,0,62.08,0.65,264.49,0.86,265.32
2022,4,30,0,0,0,0,0,0,0,0,0,1.6,-2.63,-0.52,5.07,73.25,0,62.03,0.56,273.18,0.73,274.92
2022,4,30,1,0,0,0,0,0,0,0,0,1.41,-2.69,-0.64,5.07,73.94,0,61.99,0.51,279.75,0.65,281.71
2022,4,30,2,0,0,0,0,0,0,0,0,1.17,-2.76,-0.8,5,74.88,0,61.97,0.43,289.09,0.55,290.75
2022,4,30,3,0,0,0,0,0,0,0,0,0.98,-2.85,-0.93,5,75.31,0,61.97,0.39,317.42,0.52,318.65
2022,4,30,4,0,0,0,0,0,0,0,0,0.94,-2.99,-1.03,4.94,74.88,0,61.99,0.39,6.84,0.53,5.96
2022,4,30,5,0.22,0.24,0.58,24.2,26.88,3.03,0.01,0.05,1.15,-2.94,-0.9,4.94,74.31,0,62.04,0.7,51.84,0.92,51.57
2022,4,30,6,0.91,1,1.63,106.12,118.4,12.98,0.12,0.62,2.72,-2.99,-0.14,4.94,66.38,0,62.08,1.13,83.66,1.4,83.59
2022,4,30,7,1.67,1.85,2.61,199.8,222.65,26.05,0.48,2.35,4.48,-3.17,0.65,4.88,58,0,62.11,1.55,111,1.85,110.81
2022,4,30,8,2.35,2.62,3.46,285.38,315.83,38.7,0.98,4.92,6.15,-3.35,1.4,4.82,50.75,0,62.14,1.77,134.82,2.1,134.85
2022,4,30,9,2.91,3.22,4.11,355.9,388.02,49.34,1.5,7.65,7.55,-3.3,2.12,4.82,46.31,0,62.16,2.04,163.3,2.43,163.73
2022,4,30,10,3.22,3.6,4.52,397.1,433.38,55.84,1.87,9.73,8.37,-2.81,2.78,5,45.38,0.02,62.14,2.51,186.24,3.02,186.68
2022,4,30,11,2.92,3.61,4.66,359.35,431.42,49.75,1.7,8.9,8.77,-2.21,3.28,5.25,46.19,0.06,62.1,3.06,199.87,3.73,200.37
2022,4,30,12,2.44,3.5,4.53,302.85,417.35,42.08,1.41,7.25,8.47,-1.67,3.4,5.43,49,0.09,62.05,3.52,208.33,4.35,208.64
2022,4,30,13,2.31,3.12,4.13,281,373,38.91,1.21,6.12,7.44,-1.27,3.08,5.62,54.12,0.12,62,3.82,214.67,4.78,214.75
2022,4,30,14,1.76,2.53,3.49,216.65,302.25,29.25,0.77,3.92,6.22,-1.13,2.55,5.68,59.44,0.14,61.97,3.9,218,4.94,217.94
2022,4,30,15,1.17,1.77,2.65,141.17,211.73,18.85,0.36,1.8,4.88,-1.09,1.9,5.68,65.38,0.15,61.97,3.72,220.05,4.76,219.94
2022,4,30,16,0.67,0.97,1.68,77.17,113.95,9.95,0.11,0.52,3.51,-1.12,1.2,5.68,71.75,0.14,61.98,3.2,220.84,4.14,220.57
2022,4,30,17,0.16,0.24,0.64,18.3,27.77,2.41,0.01,0.02,2.22,-1.1,0.56,5.68,78.88,0.17,62,2.48,217.59,3.25,217.28
2022,4,30,18,0,0,0,0,0,0,0,0,1.17,-1.06,0.05,5.68,85.25,0.17,62.05,1.81,210.33,2.38,210.51
2022,4,30,19,0,0,0,0,0,0,0,0,0.77,-1.07,-0.15,5.68,87.69,0.17,62.1,1.56,203.61,2.04,203.72
2022,4,30,20,0,0,0,0,0,0,0,0,0.57,-1.05,-0.24,5.74,89.25,0.17,62.13,1.36,200.94,1.78,200.82
2022,4,30,21,0,0,0,0,0,0,0,0,0.22,-0.96,-0.37,5.74,92.31,0.16,62.12,0.83,210.41,1.23,205.92
2022,4,30,22,0,0,0,0,0,0,0,0,-0.06,-0.95,-0.51,5.8,94.44,0.14,62.1,0.75,214.35,1.18,205.89
2022,4,30,23,0,0,0,0,0,0,0,0,-0.24,-0.97,-0.6,5.8,95.81,0.13,62.05,0.71,214.73,1.07,205.45
2022,5,1,0,0,0,0,0,0,0,0,0,-0.38,-1.04,-0.71,5.74,96.5,0.13,62,0.69,216.22,1,206.97
2022,5,1,1,0,0,0,0,0,0,0,0,-0.44,-1.12,-0.77,5.74,96.38,0.13,61.95,0.68,222.67,0.97,212.54
2022,5,1,2,0,0,0,0,0,0,0,0,-0.46,-1.22,-0.85,5.68,95.88,0.11,61.93,0.67,230.19,0.9,223.95
2022,5,1,3,0,0,0,0,0,0,0,0,-0.59,-1.46,-1.02,5.55,95.19,0.07,61.92,0.66,240.09,0.86,237.61
2022,5,1,4,0.02,0,0,0.05,0.05,0.01,0,0,-0.77,-1.71,-1.24,5.49,94.88,0.04,61.93,0.6,258.69,0.76,256.96
2022,5,1,5,0.1,0.22,0.6,10.42,24.38,1.38,0.01,0.02,-0.58,-2,-1.29,5.37,91.31,0.31,61.94,0.49,284.93,0.67,285.67
2022,5,1,6,0.74,0.93,1.64,84.75,107.2,10.8,0.11,0.55,1.12,-2.65,-0.76,5.07,76.25,0.15,61.97,0.98,293.08,1.23,292.82
2022,5,1,7,1.18,1.74,2.62,141.55,205.17,18.8,0.35,1.75,3.6,-3.19,0.21,4.88,61.25,0.09,61.99,1.66,267.03,2.01,267.33
2022,5,1,8,1.83,2.55,3.46,215.2,300.52,29.03,0.75,3.88,6.01,-3.71,1.15,4.64,49.56,0.08,62.01,2.27,247.14,2.76,246.99
2022,5,1,9,2.13,3.12,4.11,256.2,370.33,35.61,1.09,5.52,7.93,-4.04,1.94,4.52,42.31,0.1,62.01,3,229.01,3.69,228.52
2022,5,1,10,2.59,3.51,4.52,318.52,416.77,44.07,1.48,7.45,8.82,-3.74,2.54,4.64,40.75,0.15,61.99,3.81,220.51,4.75,220.13
2022,5,1,11,2.02,3.44,4.66,250.73,403.92,33.59,1.12,5.77,9.37,-3.13,3.12,4.88,41.19,0.23,61.96,4.45,218.02,5.59,217.73
2022,5,1,12,2.28,3.33,4.53,278.6,390.73,37.74,1.27,6.42,9.08,-2.64,3.23,5.07,43.62,0.36,61.93,4.7,217.71,5.95,217.53
2022,5,1,13,1.78,2.97,4.13,220.7,347.58,29.7,0.91,4.55,8.3,-2.27,3.01,5.25,47.44,0.46,61.9,4.61,218.95,5.88,218.74
2022,5,1,14,1.64,2.43,3.49,193.92,282.1,25.01,0.64,3.3,7.08,-1.83,2.62,5.43,53.38,0.51,61.87,4.26,220.76,5.46,220.41
2022,5,1,15,0.94,1.64,2.66,114.23,190.88,14.89,0.29,1.42,5.7,-1.22,2.24,5.68,61.44,0.55,61.85,3.68,220.87,4.72,220.57
2022,5,1,16,0.52,0.89,1.69,58.52,100.95,7.47,0.08,0.38,4.22,-0.74,1.74,5.86,70.5,0.52,61.86,3.02,219.45,3.92,219.09
2022,5,1,17,0.15,0.22,0.65,17.23,25.25,2.27,0.01,0.02,2.83,-0.34,1.25,6.04,80.06,0.8,61.87,2.35,217.44,3.12,216.96
2022,5,1,18,0,0,0,0,0,0,0,0,1.73,-0.06,0.83,6.16,88.44,0.61,61.9,1.83,216.14,2.46,215.71
2022,5,1,19,0,0,0,0,0,0,0,0,1.34,0.04,0.69,6.23,91.69,0.51,61.93,1.67,220.83,2.26,220.52
2022,5,1,20,0,0,0,0,0,0,0,0,1.13,-0.05,0.55,6.16,92.56,0.41,61.94,1.47,228.44,1.99,228.67
2022,5,1,21,0,0,0,0,0,0,0,0,0.93,-0.22,0.35,6.1,92.75,0.31,61.92,1.18,238.52,1.59,239.04
2022,5,1,22,0,0,0,0,0,0,0,0,0.54,-0.42,0.06,6.04,94.19,0.26,61.88,0.62,259.82,0.87,258.08
2022,5,1,23,0,0,0,0,0,0,0,0,-0.01,-0.75,-0.38,5.92,95.75,0.22,61.84,0.34,303.69,0.45,298.77
2022,5,2,0,0,0,0,0,0,0,0,0,-0.3,-1.17,-0.74,5.74,95.19,0.21,61.8,0.4,358.88,0.55,358.36
2022,5,2,1,0,0,0,0,0,0,0,0,-0.63,-1.73,-1.18,5.49,93.88,0.22,61.77,0.72,21.8,0.98,21.04
2022,5,2,2,0,0,0,0,0,0,0,0,-0.68,-2.29,-1.49,5.25,90.12,0.2,61.73,0.77,28.38,1.04,27.34
2022,5,2,3,0,0,0,0,0,0,0,0,-0.52,-2.71,-1.62,5.07,86.12,0.12,61.72,0.7,25.13,0.93,23.77
2022,5,2,4,0,0,0,0,0,0,0,0,-0.35,-3.04,-1.69,4.94,82.56,0.04,61.74,0.6,12.77,0.81,11.63
2022,5,2,5,0.08,0.23,0.61,9.2,25.9,1.23,0,0.02,0.15,-3.02,-1.44,4.94,79.44,0.88,61.78,0.45,357.04,0.63,357.14
2022,5,2,6,0.71,0.96,1.66,80.48,111.75,10.23,0.1,0.5,2.1,-2.63,-0.26,5.13,71.44,0.19,61.81,0.35,344.41,0.46,348.31
2022,5,2,7,1.29,1.79,2.63,152.65,211.9,20.33,0.37,1.83,4.29,-3.21,0.54,4.94,58.94,0,61.84,0.38,334.49,0.48,336.8
2022,5,2,8,2,2.57,3.47,240.02,305.42,32.59,0.81,4.15,6.56,-4.52,1.02,4.46,45.38,0,61.84,0.65,336.53,0.78,337.03
2022,5,2,9,2.5,3.18,4.12,303.62,378.92,42.28,1.27,6.35,8.96,-5.73,1.62,4.03,34.81,0,61.83,0.52,315,0.62,315
2022,5,2,10,2.9,3.57,4.53,356.2,426.08,49.98,1.64,8.25,10.8,-6.22,2.29,3.85,29.44,0.01,61.81,0.65,246.8,0.81,246.15
2022,5,2,11,2.83,3.53,4.67,347.1,416.05,47.12,1.55,8,12.01,-6.02,2.99,3.91,27.62,0.03,61.77,1.39,223.86,1.75,223.37
2022,5,2,12,2.74,3.4,4.54,334.27,402.17,45.25,1.45,7.38,12.64,-5.52,3.55,4.09,27.69,0.05,61.73,1.99,218.94,2.54,218.38
2022,5,2,13,2.48,3.01,4.14,299.1,356.75,40.16,1.16,5.9,12.55,-4.67,3.94,4.39,29.81,0.08,61.69,2.46,218.03,3.16,217.46
2022,5,2,14,1.9,2.39,3.5,229.88,283.95,29.86,0.73,3.7,11.81,-3.49,4.16,4.82,34.56,0.11,61.69,3,216.21,3.88,215.74
2022,5,2,15,1.24,1.63,2.67,147.58,192.33,18.77,0.34,1.67,10.26,-2.36,3.94,5.37,42.38,0.31,61.73,3.42,216.16,4.45,215.78
2022,5,2,16,0.73,0.85,1.69,82.15,98.48,9.98,0.09,0.48,8.07,-1.23,3.42,5.86,53.75,0.92,61.78,3.26,214.07,4.29,213.86
2022,5,2,17,0.18,0.21,0.66,20.65,24.2,2.69,0.01,0.05,5.44,0.51,2.98,6.53,71.62,0.86,61.83,2.58,207.42,3.6,207.23
2022,5,2,18,0,0,0,0,0,0,0,0,3.09,1.05,2.07,6.77,88.25,0.89,61.88,1.83,204.48,2.67,204.39
2022,5,2,19,0,0,0,0,0,0,0,0,2.51,1.45,1.98,6.96,94.38,0.75,61.94,1.46,217.18,2.09,217.08
2022,5,2,20,0,0,0,0,0,0,0,0,2.22,1.69,1.96,7.02,97.5,0.68,61.98,1.08,237.12,1.53,236.63
2022,5,2,21,0,0,0,0,0,0,0,0,1.85,1.61,1.73,6.96,99.25,0.49,61.98,0.56,257.12,0.93,258.41
2022,5,2,22,0,0,0,0,0,0,0,0,1.46,1.29,1.37,6.84,99.69,0.29,61.97,0.47,289.33,0.75,291.25
2022,5,2,23,0,0,0,0,0,0,0,0,0.99,0.83,0.91,6.59,99.75,0.15,61.95,0.54,341.3,0.86,340.91
2022,5,3,0,0,0,0,0,0,0,0,0,0.29,0.12,0.2,6.29,99.56,0.07,61.92,0.75,3.58,1.24,4.7
2022,5,3,1,0,0,0,0,0,0,0,0,-0.27,-0.53,-0.4,5.98,99.19,0.03,61.9,0.89,12.69,1.52,14.89
2022,5,3,2,0,0,0,0,0,0,0,0,-0.84,-1.24,-1.03,5.68,98.56,0.02,61.89,0.98,18.15,1.66,19.2
2022,5,3,3,0,0,0,0,0,0,0,0,-1.58,-2.17,-1.88,5.31,97.75,0.01,61.9,1.06,23.36,1.76,23.5
2022,5,3,4,0,0,0,0,0,0,0,0,-2.09,-2.99,-2.54,4.94,95.69,0.01,61.92,1.13,27.28,1.87,26.89
2022,5,3,5,0.18,0.2,0.63,20.48,22.05,2.63,0.01,0.02,-1.1,-3.21,-2.16,4.88,86.94,0,61.96,1.14,30.09,1.89,29.95
2022,5,3,6,0.72,0.83,1.67,81.15,93.83,9.82,0.1,0.5,2.52,-2.68,-0.08,5.13,69.19,0,62,1.46,42.4,1.86,42.45
2022,5,3,7,1.28,1.6,2.64,150.67,186.55,19,0.35,1.75,5.66,-3.3,1.18,5,54.25,0,62.04,1.24,97.98,1.5,98.38
2022,5,3,8,1.85,2.37,3.48,221.92,278.42,28.93,0.73,3.73,8.1,-4.07,2.01,4.7,43.25,0,62.06,1.49,135.21,1.81,135.88
2022,5,3,9,2.28,2.98,4.12,276.62,352.25,36.91,1.12,5.65,10.17,-4.42,2.87,4.52,36.31,0,62.06,1.77,157.4,2.17,158.24
2022,5,3,10,2.32,3.38,4.53,281.83,399.7,38.61,1.29,6.55,11.75,-4.02,3.87,4.64,33.44,0,62.04,2.17,177.94,2.7,178.68
2022,5,3,11,2.24,3.19,4.67,269.62,369.9,34.11,1.14,5.88,12.84,-3.34,4.76,4.88,32.75,0,62,2.83,192.92,3.56,193.21
2022,5,3,12,1.93,3.06,4.54,233.9,356.2,29.42,0.95,4.83,13.34,-2.48,5.44,5.25,33.88,0,61.97,3.54,201.24,4.5,201.39
2022,5,3,13,1.86,2.75,4.14,221.58,316.98,26.86,0.8,4,13.03,-1.61,5.71,5.55,36.94,0,61.94,3.99,205.16,5.1,205.31
2022,5,3,14,1.49,2.17,3.5,175.38,249.35,21.11,0.54,2.8,11.89,-0.74,5.58,5.98,42.5,0.01,61.94,4.19,206.47,5.37,206.6
2022,5,3,15,0.86,1.47,2.67,98.73,167.08,11.36,0.21,1.05,9.73,0.57,5.15,6.59,53.94,0.01,61.96,3.92,208.2,5.02,208.32
2022,5,3,16,0.5,0.75,1.7,56.52,84.17,6.84,0.07,0.35,7.54,1.76,4.65,7.08,67.81,0.02,61.99,3.06,208.53,3.89,208.57
2022,5,3,17,0.14,0.19,0.67,16.4,21.88,2.05,0.01,0.02,5.57,2.58,4.08,7.51,81.88,0.08,62.01,2.15,199.75,2.74,199.83
2022,5,3,18,0,0,0,0,0,0,0,0,3.98,2.94,3.46,7.69,93.75,0.09,62.03,1.5,172.21,2.02,172.21
2022,5,3,19,0,0,0,0,0,0,0,0,2.91,2.28,2.59,7.32,96.19,0.1,62.05,1.38,163.92,1.82,164.05
2022,5,3,20,0,0,0,0,0,0,0,0,1.2,0.73,0.96,6.47,96.81,0.08,62.09,0.97,189.69,1.25,190.05
2022,5,3,21,0,0,0,0,0,0,0,0,1.13,0.4,0.76,6.35,95.06,0.05,62.13,1.14,209.55,1.46,210.54
2022,5,3,22,0,0,0,0,0,0,0,0,1.75,0.8,1.27,6.53,93.75,0.03,62.14,1.42,220.77,1.84,221.39
2022,5,3,23,0,0,0,0,0,0,0,0,1.92,0.98,1.45,6.65,93.94,0.01,62.11,1.07,235.38,1.38,237.03
2022,5,4,0,0,0,0,0,0,0,0,0,1.86,0.73,1.3,6.53,93.06,0.01,62.08,0.6,268.51,0.81,271.67
2022,5,4,1,0,0,0,0,0,0,0,0,1.4,0.17,0.79,6.29,92.38,0,62.05,0.62,325.71,0.92,332.78
2022,5,4,2,0,0,0,0,0,0,0,0,1.09,-0.52,0.29,5.98,89.75,0,62.04,0.81,347.71,1.27,354.71
2022,5,4,3,0,0,0,0,0,0,0,0,1.06,-1.18,-0.06,5.68,85.56,0,62.02,0.89,359.5,1.39,4.52
2022,5,4,4,0,0,0,0,0,0,0,0,1.09,-1.76,-0.33,5.43,81.62,0,62.03,0.9,9.95,1.38,13.41
2022,5,4,5,0.2,0.2,0.64,21.45,22.12,2.72,0.01,0.05,1.74,-1.67,0.04,5.49,78.44,0,62.05,0.78,20.42,1.22,25.08
2022,5,4,6,0.86,0.85,1.68,92.38,94.3,10.98,0.11,0.55,4.12,-2.26,0.93,5.25,63.5,0,62.08,0.6,73.23,0.72,72.94
2022,5,4,7,1.63,1.6,2.65,182.83,183.35,22.23,0.41,2,6.57,-3.13,1.72,4.94,50.31,0,62.11,1.59,181.97,1.92,182.33
2022,5,4,8,2.37,2.41,3.49,276.08,281.12,35.34,0.89,4.48,8.75,-3.8,2.48,4.64,41.06,0,62.15,2.66,194.12,3.25,194.34
2022,5,4,9,2.87,3.03,4.13,339.95,354.9,44.8,1.36,7,10.61,-4.04,3.28,4.58,35.44,0,62.16,3.38,197.76,4.16,198.06
2022,5,4,10,3.09,3.42,4.53,368.98,400.77,49.54,1.66,8.7,11.94,-3.7,4.12,4.64,33.25,0,62.15,4.08,201.6,5.05,201.88
2022,5,4,11,3.23,3.74,4.68,399.3,445.7,56.16,2,10.6,12.65,-2.92,4.87,4.94,33.75,0,62.12,4.72,206.14,5.9,206.4
2022,5,4,12,3.1,3.6,4.54,377.48,429.35,53.03,1.84,9.6,12.62,-2.02,5.3,5.31,36.25,0.04,62.09,5.06,209.61,6.37,209.87
2022,5,4,13,2.7,3.2,4.14,328.42,382.08,45.45,1.45,7.3,11.97,-1.3,5.33,5.62,39.88,0.1,62.06,5.06,213.59,6.39,213.83
2022,5,4,14,2.1,2.59,3.51,252.73,309.77,34.44,0.92,4.77,10.93,-0.98,4.98,5.74,43.75,0.13,62.04,4.83,214.79,6.12,214.97
2022,5,4,15,1.47,1.82,2.68,174.55,217.08,22.95,0.45,2.25,9.51,-0.94,4.29,5.74,48.25,0.16,62.03,4.43,215.09,5.63,215.17
2022,5,4,16,0.83,0.98,1.71,96.15,115.4,11.91,0.13,0.65,7.8,-1.01,3.4,5.74,53.88,0.16,62.05,3.78,214.31,4.85,214.36
2022,5,4,17,0.25,0.26,0.68,28.08,29.67,3.55,0.01,0.05,5.82,-0.76,2.53,5.86,62.94,0.13,62.07,2.79,211.6,3.67,211.7
2022,5,4,18,0,0,0,0,0,0,0,0,3.18,0.03,1.6,6.16,80.25,0.14,62.11,1.06,205.81,1.82,204.91
2022,5,4,19,0,0,0,0,0,0,0,0,2.33,0.31,1.32,6.35,87,0.13,62.15,0.86,201.41,1.39,200.37
2022,5,4,20,0,0,0,0,0,0,0,0,1.72,0.51,1.12,6.41,92.5,0.12,62.17,0.7,210.3,1.1,209.49
2022,5,4,21,0,0,0,0,0,0,0,0,1.26,0.58,0.92,6.47,96.19,0.13,62.17,0.49,221.78,0.75,223.32
2022,5,4,22,0,0,0,0,0,0,0,0,1.12,0.51,0.82,6.47,96.88,0.12,62.15,0.35,234.16,0.5,237.05
2022,5,4,23,0,0,0,0,0,0,0,0,0.94,0.32,0.62,6.35,96.81,0.07,62.11,0.17,245.77,0.25,249.86
2022,5,5,0,0,0,0,0,0,0,0,0,0.62,0.01,0.31,6.23,96.88,0.03,62.07,0.17,19.29,0.24,17.24
2022,5,5,1,0,0,0,0,0,0,0,0,0.05,-0.45,-0.2,6.04,97.69,0.02,62.03,0.42,38.16,0.67,40.24
2022,5,5,2,0,0,0,0,0,0,0,0,-0.6,-1.07,-0.84,5.74,98.38,0.02,61.99,0.65,46.47,1.12,46.97
2022,5,5,3,0,0,0,0,0,0,0,0,-1.24,-1.81,-1.52,5.43,97.81,0.03,61.95,0.82,46.55,1.47,46.29
2022,5,5,4,0,0,0,0,0,0,0,0,-1.88,-2.71,-2.3,5.07,96.12,0.04,61.92,0.96,45.33,1.62,45
2022,5,5,5,0.19,0.22,0.66,22.4,26.12,2.77,0.01,0.05,-0.79,-2.91,-1.85,5,86.44,0.02,61.91,1.04,51.07,1.66,49.02
2022,5,5,6,0.73,0.9,1.69,84.35,105.95,10.7,0.12,0.58,2.55,-3.42,-0.44,4.82,65.06,0,61.91,1.26,91.78,1.53,90.88
2022,5,5,7,1.18,1.74,2.66,138.15,207.75,18.3,0.36,1.77,5.4,-4.08,0.66,4.58,50.56,0,61.93,2.07,163.55,2.52,163.59
2022,5,5,8,1.72,2.51,3.49,204.85,302.85,28.16,0.75,3.9,7.59,-4.1,1.75,4.58,43.38,0,61.96,2.87,183.74,3.53,183.93
2022,5,5,9,2.06,3.1,4.13,255.98,375.45,35.49,1.11,5.55,9.48,-4.15,2.66,4.52,37.88,0,61.98,3.6,193.31,4.43,193.47
2022,5,5,10,2.32,3.5,4.54,292.38,423.77,41.35,1.41,7.2,10.79,-4.06,3.37,4.52,34.88,0,61.97,4.22,198.8,5.24,198.98
2022,5,5,11,2.35,3.65,4.68,296.3,442.8,42.34,1.5,7.8,11.6,-3.64,3.98,4.7,34.06,0.04,61.93,4.71,202.31,5.9,202.42
2022,5,5,12,2.07,3.55,4.55,263.12,429.77,37.66,1.3,6.62,11.84,-3.08,4.38,4.88,35.06,0.15,61.9,5.01,204.81,6.3,204.85
2022,5,5,13,1.91,3.21,4.15,231.08,389.25,32.72,1.05,5.23,11.37,-2.54,4.41,5.13,37.75,0.24,61.87,5.04,206.92,6.37,206.91
2022,5,5,14,1.58,2.64,3.51,189.85,320.02,26.74,0.73,3.8,10.12,-1.85,4.13,5.37,43.25,0.3,61.84,4.95,207.05,6.3,207.01
2022,5,5,15,1.06,1.9,2.68,126.08,230.1,17.52,0.36,1.77,8.48,-1.21,3.63,5.68,50.62,0.32,61.84,4.64,207.13,5.94,207.07
2022,5,5,16,0.52,1.05,1.72,60.67,127.55,8.06,0.09,0.48,6.51,-0.53,2.99,5.98,60.94,0.3,61.84,4.05,205.58,5.22,205.42
2022,5,5,17,0.18,0.3,0.69,20.98,35.55,2.76,0.01,0.05,4.35,0.22,2.29,6.29,74.81,0.2,61.88,3.19,202.04,4.18,201.86
2022,5,5,18,0,0,0,0,0,0,0,0,2.57,0.82,1.69,6.59,88.81,0.16,61.92,2.1,193.36,2.81,193.5
2022,5,5,19,0,0,0,0,0,0,0,0,2.08,1.08,1.58,6.71,93.88,0.14,61.95,1.78,187.56,2.39,187.89
2022,5,5,20,0,0,0,0,0,0,0,0,1.93,1.11,1.51,6.71,95.12,0.12,61.97,1.64,188.52,2.27,189.53
2022,5,5,21,0,0,0,0,0,0,0,0,1.87,1.21,1.54,6.77,96.25,0.1,61.97,1.62,193.37,2.25,193.84
2022,5,5,22,0,0,0,0,0,0,0,0,1.77,1.3,1.54,6.84,97.62,0.08,61.95,1.58,197,2.19,197.4
2022,5,5,23,0,0,0,0,0,0,0,0,1.67,1.31,1.49,6.84,98.44,0.06,61.93,1.55,200.35,2.19,201.08
2022,5,6,0,0,0,0,0,0,0,0,0,1.59,1.28,1.44,6.84,98.81,0.07,61.89,1.58,203.65,2.26,203.9
2022,5,6,1,0,0,0,0,0,0,0,0,1.53,1.27,1.4,6.84,99.25,0.05,61.87,1.53,204.47,2.21,204.85
2022,5,6,2,0,0,0,0,0,0,0,0,1.38,1.15,1.26,6.77,99.5,0.03,61.85,1.52,203.28,2.21,203.3
2022,5,6,3,0,0,0,0,0,0,0,0,0.99,0.9,0.94,6.65,100,0.02,61.86,1.22,202.28,1.85,201.8
2022,5,6,4,0,0,0,0,0,0,0,0,0.76,0.5,0.62,6.47,99.06,0.01,61.87,1.5,199.19,2.16,198.96
2022,5,6,5,0.19,0.29,0.67,21.9,34.4,2.91,0.01,0.05,0.77,0.02,0.4,6.23,95.44,0,61.91,1.9,197.76,2.54,197.54
2022,5,6,6,0.61,1.06,1.7,73.6,127.85,10.05,0.11,0.55,1.86,-0.27,0.79,6.1,86.44,0,61.94,2.25,198.18,2.84,197.94
2022,5,6,7,1.11,1.9,2.67,136.75,230.42,19.06,0.38,1.9,3.66,-0.68,1.49,5.92,73.81,0,61.96,2.49,195.08,3.09,194.81
2022,5,6,8,1.62,2.65,3.5,200.33,321.77,28.27,0.76,3.88,5.65,-1.17,2.24,5.68,61.88,0,61.98,2.95,197.91,3.65,197.7
2022,5,6,9,2.12,3.24,4.14,263.25,392.73,37.67,1.2,5.98,7.41,-1.31,3.05,5.62,54.19,0,61.98,3.52,201.33,4.37,201.19
2022,5,6,10,2.43,3.64,4.54,299.1,438.02,42.8,1.48,7.52,8.65,-1.24,3.71,5.68,50,0,61.96,4.04,203.49,5.02,203.37
2022,5,6,11,2.28,3.63,4.68,287.77,428.73,39.99,1.41,7.25,9.55,-1.1,4.23,5.74,47.56,0.01,61.94,4.48,205.18,5.61,205.03
2022,5,6,12,2.35,3.55,4.55,283.65,418.25,39.27,1.35,6.8,9.83,-0.99,4.42,5.74,47,0.04,61.9,4.78,206.48,6.03,206.3
2022,5,6,13,1.96,3.17,4.15,237.4,374.5,32.55,1.02,5.12,9.66,-0.77,4.44,5.86,48.31,0.07,61.87,4.91,207.99,6.22,207.92
2022,5,6,14,1.44,2.53,3.52,178.65,301.85,24.47,0.66,3.35,8.98,-0.27,4.36,6.1,52.56,0.07,61.84,4.83,209.01,6.17,208.84
2022,5,6,15,1,1.78,2.69,121.15,213,16.45,0.33,1.62,7.77,0.14,3.95,6.29,58.81,0.08,61.83,4.55,210.17,5.86,209.92
2022,5,6,16,0.57,0.97,1.72,66.62,115.77,8.63,0.09,0.48,6.17,0.6,3.39,6.47,67.81,0.08,61.83,3.96,211.12,5.12,210.83
2022,5,6,17,0.22,0.27,0.7,25.23,32.08,3.24,0.01,0.05,4.43,0.92,2.68,6.65,78.38,0.05,61.87,3.03,210.86,3.98,210.69
2022,5,6,18,0,0,0,0,0,0,0,0,3.06,1.25,2.15,6.77,88.38,0.05,61.91,1.99,204.56,2.69,204.71
2022,5,6,19,0,0,0,0,0,0,0,0,2.62,1.4,2.01,6.84,92.31,0.04,61.96,1.72,203.78,2.32,204.06
2022,5,6,20,0,0,0,0,0,0,0,0,2.29,1.43,1.86,6.9,94.69,0.03,62,1.56,207.46,2.14,207.88
2022,5,6,21,0,0,0,0,0,0,0,0,1.94,1.44,1.69,6.9,97.25,0.03,62.01,1.42,209.94,2.02,211.23
2022,5,6,22,0,0,0,0,0,0,0,0,1.73,1.43,1.58,6.9,98.75,0.03,62.01,1.26,213.4,1.84,214.3
2022,5,6,23,0,0,0,0,0,0,0,0,1.47,1.34,1.4,6.84,100,0.04,61.99,1,217.05,1.56,217.27
2022,5,7,0,0,0,0,0,0,0,0,0,1.43,1.25,1.34,6.84,99.81,0.05,61.97,1.15,214.77,1.74,215.12
2022,5,7,1,0,0,0,0,0,0,0,0,1.33,1.12,1.23,6.77,99.69,0.05,61.94,1.24,214.7,1.84,214.77
2022,5,7,2,0,0,0,0,0,0,0,0,0.91,0.9,0.9,6.65,100,0.05,61.92,1.01,213.69,1.66,212.87
2022,5,7,3,0,0,0,0,0,0,0,0,0.76,0.74,0.75,6.59,100,0.05,61.92,0.93,210.22,1.52,209.85
2022,5,7,4,0,0,0,0,0,0,0,0,0.47,0.58,0.52,6.47,100,0.04,61.94,0.87,209.1,1.53,208.66
2022,5,7,5,0.19,0.28,0.68,21.73,31.5,2.85,0.01,0.05,1.17,0.5,0.83,6.47,96.31,0,61.98,1.67,209.81,2.26,209.84
2022,5,7,6,0.78,1.04,1.71,88.75,120.35,11.45,0.13,0.65,2.55,-0.1,1.23,6.16,83.5,0,62.03,2.42,210.62,3.08,210.66
2022,5,7,7,1.35,1.87,2.68,161.25,220.77,21.72,0.44,2.17,4.23,-0.88,1.67,5.8,69.94,0,62.07,2.81,201,3.51,201.02
2022,5,7,8,1.81,2.64,3.51,219.9,312.92,30.34,0.82,4.25,5.8,-1.45,2.18,5.55,60.06,0,62.09,3.24,195.55,4,195.64
2022,5,7,9,2.17,3.25,4.14,264.67,384.58,37.2,1.2,5.98,7.05,-1.66,2.69,5.49,54.12,0,62.09,3.63,195.98,4.49,196.07
2022,5,7,10,2.32,3.64,4.55,283.27,429.6,40.43,1.41,7.23,7.95,-1.72,3.12,5.43,50.62,0,62.07,4.01,197.8,4.97,197.86
2022,5,7,11,1.89,3.73,4.69,228.3,416.83,30.46,1.09,5.7,8.74,-1.7,3.52,5.43,48,0,62.04,4.36,199.9,5.43,199.95
2022,5,7,12,1.98,3.52,4.55,232.27,401.88,31.84,1.12,5.7,9.32,-1.6,3.86,5.49,46.5,0,61.98,4.58,202.36,5.72,202.32
2022,5,7,13,1.57,3.06,4.16,191.25,356.35,25.61,0.8,4.02,9.4,-1.47,3.97,5.55,46.62,0,61.94,4.66,204.67,5.85,204.61
2022,5,7,14,1.25,2.46,3.52,151.6,286.55,20.06,0.54,2.83,9.17,-1.52,3.83,5.55,47.25,0,61.91,4.54,206.92,5.73,206.84
2022,5,7,15,0.89,1.66,2.7,107.33,195.38,14.09,0.29,1.42,8.26,-1.31,3.48,5.62,51,0,61.89,4.28,209.14,5.44,208.92
2022,5,7,16,0.55,0.91,1.73,62.55,104.88,8.03,0.09,0.48,6.71,-0.99,2.86,5.74,58.12,0,61.9,3.77,211.19,4.84,210.92
2022,5,7,17,0.21,0.25,0.71,23.48,28.98,3.02,0.01,0.05,4.87,-0.58,2.14,5.92,68.06,0.03,61.92,2.87,212.44,3.75,212.23
2022,5,7,18,0,0,0,0,0,0,0,0,2.88,0.04,1.46,6.23,81.88,0.02,61.96,1.23,210.47,1.86,210.55
2022,5,7,19,0,0,0,0,0,0,0,0,1.99,0.4,1.2,6.35,89.75,0.02,61.98,0.72,211.61,1.23,210.96
2022,5,7,20,0,0,0,0,0,0,0,0,1.37,0.51,0.94,6.41,94.56,0.01,62,0.53,220.24,1,218.03
2022,5,7,21,0,0,0,0,0,0,0,0,1.03,0.45,0.74,6.41,96.69,0.01,61.98,0.39,236.31,0.65,233.82
2022,5,7,22,0,0,0,0,0,0,0,0,0.8,0.25,0.53,6.35,96.88,0,61.95,0.18,287.65,0.29,292.38
2022,5,7,23,0,0,0,0,0,0,0,0,0.37,-0.03,0.17,6.23,97.88,0,61.92,0.42,15.07,0.68,11.96
2022,5,8,0,0,0,0,0,0,0,0,0,-0.13,-0.54,-0.34,5.98,97.81,0,61.89,0.69,21.32,1.12,19.95
2022,5,8,1,0,0,0,0,0,0,0,0,-0.3,-1.21,-0.75,5.68,94.31,0,61.87,0.9,16.56,1.38,17.82
2022,5,8,2,0,0,0,0,0,0,0,0,0.01,-1.77,-0.88,5.43,88.06,0,61.87,0.92,16.75,1.36,18.12
2022,5,8,3,0,0,0,0,0,0,0,0,0.3,-2.24,-0.97,5.25,83.25,0,61.88,0.78,19.89,1.13,22.32
2022,5,8,4,0,0,0,0,0,0,0,0,0.44,-2.59,-1.07,5.13,80.12,0,61.91,0.58,30.03,0.83,32.35
2022,5,8,5,0.24,0.29,0.7,27.33,32.3,3.55,0.02,0.08,1.26,-2.48,-0.61,5.13,76.25,0,61.95,0.31,64.72,0.47,69.78
2022,5,8,6,0.78,1.02,1.72,90.02,119.3,11.8,0.14,0.7,3.36,-1.99,0.69,5.37,68.5,0,62,1.24,178.2,1.52,177.93
2022,5,8,7,1.32,1.87,2.68,157.73,220.75,21.42,0.44,2.2,5.16,-1.63,1.77,5.49,62.06,0.01,62.03,2.01,192.14,2.44,191.99
2022,5,8,8,1.88,2.64,3.51,226.9,312.75,31.43,0.87,4.52,6.97,-1.71,2.63,5.49,54.31,0.01,62.03,2.29,194.84,2.78,194.66
2022,5,8,9,2.46,3.27,4.15,293.85,386.83,41.26,1.34,6.67,8.66,-1.79,3.44,5.43,48.06,0.02,62.01,2.68,196.11,3.27,196.1
2022,5,8,10,2.59,3.62,4.55,314.5,429.25,44.27,1.57,8.02,9.79,-1.56,4.12,5.49,45.25,0.04,61.99,3.2,197.9,3.93,197.93
2022,5,8,11,2.59,3.55,4.69,313.27,413.12,41.44,1.47,7.67,10.41,-1.15,4.63,5.68,44.75,0.05,61.96,3.7,200.66,4.58,200.57
2022,5,8,12,2.3,3.43,4.56,277.25,399.77,36.76,1.27,6.45,10.63,-0.66,4.99,5.92,45.69,0.08,61.93,4.11,204.23,5.14,204.11
2022,5,8,13,1.55,3,4.16,193.85,352.62,26.26,0.83,4.15,10.37,-0.17,5.11,6.1,48.25,0.11,61.9,4.29,207.08,5.4,206.94
2022,5,8,14,1.31,2.41,3.53,162,283.88,21.51,0.59,3.02,9.75,0.16,4.96,6.29,51.56,0.12,61.87,4.19,208.86,5.3,208.64
2022,5,8,15,0.96,1.73,2.7,112.45,200.62,14.72,0.3,1.5,8.69,0.47,4.58,6.41,56.62,0.11,61.86,3.91,209.43,4.97,209.19
2022,5,8,16,0.58,0.93,1.74,64.67,106.98,8.17,0.1,0.5,7.33,0.73,4.04,6.53,63.31,0.09,61.86,3.42,209.26,4.37,208.95
2022,5,8,17,0.22,0.26,0.72,24.75,30.15,3.2,0.02,0.05,5.62,1.06,3.33,6.71,73,0.03,61.89,2.76,208.02,3.6,207.79
2022,5,8,18,0,0,0,0,0,0,0,0,3.94,1.61,2.77,6.96,85.25,0.03,61.92,1.82,203.49,2.52,203.94
2022,5,8,19,0,0,0,0,0,0,0,0,3.21,1.92,2.56,7.14,91.81,0.02,61.97,1.4,204.13,1.95,204.41
2022,5,8,20,0,0,0,0,0,0,0,0,2.69,2.04,2.37,7.2,96.06,0.01,62,1.04,207.72,1.51,208.42
2022,5,8,21,0,0,0,0,0,0,0,0,2.29,2,2.14,7.14,98.75,0.01,62,0.53,216.53,0.92,216.38
2022,5,8,22,0,0,0,0,0,0,0,0,1.98,1.83,1.9,7.08,99.69,0.01,61.99,0.39,225.81,0.66,226.91
2022,5,8,23,0,0,0,0,0,0,0,0,1.79,1.6,1.69,6.96,99.44,0.01,61.97,0.21,252.26,0.35,253.18
2022,5,9,0,0,0,0,0,0,0,0,0,1.41,1.29,1.35,6.84,99.94,0.01,61.95,0.14,337.62,0.25,327.8
2022,5,9,1,0,0,0,0,0,0,0,0,0.96,0.9,0.93,6.65,100,0.02,61.94,0.26,5.19,0.42,1.06
2022,5,9,2,0,0,0,0,0,0,0,0,0.68,0.48,0.58,6.41,99.19,0.01,61.94,0.31,7.13,0.55,8.13
2022,5,9,3,0,0,0,0,0,0,0,0,0.42,0.1,0.26,6.23,98.31,0.01,61.94,0.28,7.91,0.55,13.24
2022,5,9,4,0,0,0,0,0,0,0,0,0.18,-0.25,-0.04,6.04,97.31,0.01,61.96,0.2,6.58,0.44,17.47
2022,5,9,5,0.19,0.27,0.71,21.5,30.7,2.82,0.01,0.05,0.83,-0.35,0.24,6.04,92.06,0,62,0.31,52.25,0.38,50.79
2022,5,9,6,0.85,0.95,1.73,98.15,111.92,12.33,0.16,0.75,3.68,0.12,1.9,6.23,78,0,62.05,1.49,193.31,1.83,193.09
2022,5,9,7,1.33,1.74,2.69,158.4,207.38,20.76,0.43,2.17,5.99,0.15,3.08,6.29,66.69,0,62.07,2.73,196.1,3.39,195.76
2022,5,9,8,1.96,2.49,3.52,238.98,297.98,32.01,0.89,4.73,7.94,-0.06,3.94,6.16,57.31,0,62.08,3.25,197.17,4.02,196.82
2022,5,9,9,2.37,3.09,4.15,291.9,370.2,39.78,1.31,6.52,9.36,-0.18,4.58,6.1,51.56,0,62.07,3.58,198.59,4.42,198.21
2022,5,9,10,2.7,3.47,4.55,333.75,416.9,46.28,1.64,8.67,10.49,0.01,5.25,6.16,48.44,0,62.03,3.98,199.61,4.95,199.35
2022,5,9,11,2.34,3.64,4.69,296.6,436.75,41.57,1.55,8.17,11.12,0.55,5.83,6.47,48.31,0,62,4.4,200.46,5.51,200.23
2022,5,9,12,2.18,3.52,4.56,274,422.98,38.82,1.4,7.27,11.56,1.01,6.28,6.65,48.5,0,61.96,4.75,202.01,5.98,201.77
2022,5,9,13,2,3.18,4.16,242.15,381.48,33.82,1.14,5.62,11.45,1.27,6.36,6.77,49.81,0,61.92,4.95,204.3,6.27,204.04
2022,5,9,14,1.42,2.56,3.53,175.4,308.52,24.51,0.71,3.73,10.8,1.51,6.15,6.9,52.94,0,61.89,5.01,205.97,6.4,205.69
2022,5,9,15,1.02,1.81,2.71,124.1,218.02,16.91,0.37,1.85,9.73,1.69,5.71,7.02,57.56,0,61.88,4.8,207.19,6.17,206.89
2022,5,9,16,0.58,0.99,1.75,68.1,118.58,8.77,0.11,0.55,8.22,1.85,5.04,7.08,64.5,0,61.9,4.22,207.7,5.45,207.41
2022,5,9,17,0.2,0.29,0.74,23.85,33.95,3.16,0.02,0.05,6.33,2.12,4.23,7.2,74.88,0.12,61.92,3.21,206.75,4.21,206.47
2022,5,9,18,0,0,0,0,0,0,0,0,4.68,2.62,3.65,7.51,87,0.1,61.96,1.96,199.81,2.63,199.94
2022,5,9,19,0,0,0,0,0,0,0,0,4.03,2.88,3.45,7.63,92.81,0.06,62,1.52,195.54,2.05,196.36
2022,5,9,20,0,0,0,0,0,0,0,0,3.59,2.96,3.27,7.69,96.25,0.04,62.03,1.18,194.96,1.65,196.8
2022,5,9,21,0,0,0,0,0,0,0,0,3.33,2.95,3.15,7.69,98.06,0.02,62.04,1,194.47,1.44,196.37
2022,5,9,22,0,0,0,0,0,0,0,0,3.02,2.87,2.95,7.63,99.75,0.01,62.03,0.64,199.98,1.09,200.65
2022,5,9,23,0,0,0,0,0,0,0,0,2.57,2.67,2.62,7.51,100,0.01,62.01,0.59,203.2,1.19,201.66
2022,5,10,0,0,0,0,0,0,0,0,0,2.38,2.45,2.42,7.39,100,0.04,61.99,0.58,206.22,1.16,203.81
2022,5,10,1,0,0,0,0,0,0,0,0,2.08,2.19,2.13,7.26,100,0.08,61.96,0.56,206.57,1.09,203.63
2022,5,10,2,0,0,0,0,0,0,0,0,1.92,1.97,1.94,7.14,100,0.08,61.94,0.49,205.74,0.94,202.07
2022,5,10,3,0,0,0,0,0,0,0,0,1.85,1.78,1.82,7.08,100,0.05,61.93,0.38,203.96,0.71,200.04
2022,5,10,4,0,0,0,0,0,0,0,0,1.74,1.6,1.67,6.96,99.69,0.02,61.94,0.26,198.97,0.46,196.61
2022,5,10,5,0.16,0.27,0.72,18.6,31.12,2.44,0.01,0.05,2.38,1.53,1.96,6.96,94.75,0.01,61.97,0.17,201.8,0.23,195.95
2022,5,10,6,0.53,0.96,1.74,61,112.85,8.12,0.11,0.52,4.19,1.23,2.71,6.77,81.81,0.01,62,0.66,232.72,0.79,231.43
2022,5,10,7,1.01,1.79,2.7,120.42,211.7,16.18,0.35,1.77,6.68,0.73,3.7,6.59,66.56,0.01,62.01,1.26,216.94,1.53,215.47
2022,5,10,8,1.51,2.55,3.52,183.45,303.35,25.15,0.73,3.88,9.12,-0.13,4.5,6.16,52.88,0.01,62.01,1.81,202.26,2.21,201.31
2022,5,10,9,1.82,3.15,4.16,222.05,375.83,31.05,1.05,5.12,11.17,-0.55,5.31,5.98,44.62,0.01,62,2.41,200.32,2.95,199.63
2022,5,10,10,1.92,3.53,4.56,235.1,422.27,33.26,1.22,6.2,12.5,-0.39,6.05,6.04,41.25,0.03,61.97,3.03,202.93,3.74,202.49
2022,5,10,11,2.13,3.69,4.69,266.75,442.1,37.93,1.43,7.5,13.1,0.12,6.61,6.29,41.25,0.08,61.94,3.55,205.55,4.41,205.25
2022,5,10,12,2.31,3.53,4.56,292.33,426.02,41.34,1.51,7.8,13.33,0.72,7.03,6.53,42.44,0.13,61.9,3.91,207.49,4.88,207.14
2022,5,10,13,2.02,3.18,4.16,247.38,384.6,34.63,1.17,5.77,13.08,1.29,7.19,6.84,44.94,0.18,61.87,4.13,208.99,5.2,208.76
2022,5,10,14,1.5,2.57,3.53,187.42,312.1,25.89,0.75,3.92,12.27,1.85,7.06,7.14,49.5,0.22,61.85,4.11,210.46,5.2,210.15
2022,5,10,15,1.06,1.82,2.71,128.67,221.62,17.38,0.38,1.9,11.12,2.39,6.75,7.45,55.56,0.25,61.85,3.93,210.75,5,210.53
2022,5,10,16,0.55,1,1.75,66.58,121.45,8.84,0.11,0.55,9.48,2.96,6.22,7.75,64.62,0.25,61.87,3.44,209.42,4.41,209.06
2022,5,10,17,0.22,0.3,0.75,26.45,35.4,3.47,0.02,0.08,7.58,3.49,5.53,8.06,76.31,0.11,61.9,2.73,206.71,3.56,206.34
2022,5,10,18,0,0,0,0,0,0,0,0,6.01,4.05,5.02,8.3,88.12,0.12,61.94,1.91,201.1,2.56,201.48
2022,5,10,19,0,0,0,0,0,0,0,0,5.26,4.12,4.69,8.36,93.31,0.12,61.99,1.54,198.99,2.07,199.6
2022,5,10,20,0,0,0,0,0,0,0,0,4.68,3.84,4.26,8.18,95.19,0.12,62.02,1.29,198.65,1.73,199.5
2022,5,10,21,0,0,0,0,0,0,0,0,4.06,3.29,3.68,7.87,95.44,0.13,62.02,0.99,197.86,1.29,199.09
2022,5,10,22,0,0,0,0,0,0,0,0,3.4,2.55,2.98,7.45,94.75,0.13,62,0.74,191.55,0.93,193.1
2022,5,10,23,0,0,0,0,0,0,0,0,2.63,1.72,2.17,7.02,94.06,0.14,61.97,0.49,168.87,0.58,171.43
2022,5,11,0,0,0,0,0,0,0,0,0,1.64,0.87,1.26,6.59,94.88,0.15,61.94,0.45,111.61,0.5,108.15
2022,5,11,1,0,0,0,0,0,0,0,0,1.04,0.28,0.66,6.29,94.81,0.15,61.91,0.69,72.99,0.84,68.2
2022,5,11,2,0,0,0,0,0,0,0,0,0.67,-0.13,0.27,6.1,94.5,0.16,61.9,0.9,53.83,1.14,49.74
2022,5,11,3,0,0,0,0,0,0,0,0,0.42,-0.46,-0.02,5.98,93.81,0.16,61.9,1.09,39.17,1.42,36.05
2022,5,11,4,0,0,0,0,0,0,0,0,0.56,-0.66,-0.05,5.86,91.62,0.14,61.91,1.11,33.24,1.52,30.51
2022,5,11,5,0.28,0.29,0.74,32.85,34.05,4.09,0.02,0.08,1.68,-0.63,0.53,5.86,84.69,0.01,61.94,1.2,25.4,1.56,25.54
2022,5,11,6,0.97,0.98,1.75,114.1,118.8,13.78,0.16,0.8,4.24,-0.32,1.96,6.04,72.31,0.01,61.96,1,23.37,1.21,23.93
2022,5,11,7,1.78,1.8,2.7,213.9,219.12,27.41,0.56,2.77,7.68,0.26,3.97,6.29,59.62,0.01,61.96,0.11,167.91,0.13,173.29
2022,5,11,8,2.46,2.55,3.53,300.65,310.85,40.19,1.1,5.62,10.28,0.31,5.3,6.35,50.19,0,61.96,1.52,186.5,1.85,187.03
2022,5,11,9,2.74,3.14,4.16,338.15,382.95,46.76,1.55,7.98,11.92,0.62,6.26,6.47,46,0,61.97,2.65,188.82,3.29,189.31
2022,5,11,10,3.06,3.52,4.56,382.92,429.2,53.67,1.94,10.35,12.95,1.25,7.1,6.77,45,0,61.96,3.48,193.91,4.34,194.16
2022,5,11,11,3.07,3.72,4.7,393.3,454.3,55.91,2.11,11.4,13.54,1.98,7.76,7.14,45.62,0.01,61.93,4.11,198.95,5.17,199.07
2022,5,11,12,2.83,3.59,4.56,358.17,439.77,51.32,1.88,9.95,13.69,2.5,8.1,7.45,46.88,0.01,61.9,4.57,202.62,5.77,202.68
2022,5,11,13,2.46,3.22,4.17,306.9,395.6,43.4,1.48,7.4,13.49,2.9,8.19,7.63,48.94,0.01,61.86,4.88,205.09,6.22,205.05
2022,5,11,14,1.8,2.64,3.54,224.62,324.8,31.77,0.92,4.88,12.55,3.35,7.95,7.93,53.75,0.01,61.83,4.86,207.14,6.23,207.02
2022,5,11,15,1.33,1.89,2.72,163.33,233.08,22.18,0.48,2.42,11.16,3.75,7.46,8.12,60.56,0.01,61.83,4.49,208.35,5.78,208.16
2022,5,11,16,0.74,1.06,1.76,89.08,129.85,11.51,0.15,0.73,9.53,4.04,6.79,8.3,68.94,0.01,61.83,3.9,208.88,5.04,208.59
2022,5,11,17,0.27,0.33,0.76,31.65,38.7,4.01,0.02,0.08,7.76,4.26,6.01,8.42,78.94,0.08,61.86,3.11,207.72,4.06,207.5
2022,5,11,18,0,0,0,0,0,0,0,0,6.32,4.55,5.43,8.61,88.81,0.06,61.9,2.16,201.45,2.9,201.51
2022,5,11,19,0,0,0,0,0,0,0,0,5.62,4.65,5.14,8.67,94,0.06,61.95,1.77,198.75,2.41,199.08
2022,5,11,20,0,0,0,0,0,0,0,0,5.22,4.63,4.92,8.61,96.56,0.07,61.98,1.54,195.95,2.14,196.98
2022,5,11,21,0,0,0,0,0,0,0,0,4.84,4.51,4.68,8.54,98.38,0.04,61.98,1.26,194.38,1.84,196.05
2022,5,11,22,0,0,0,0,0,0,0,0,4.57,4.44,4.5,8.54,99.88,0.03,61.96,0.99,194.7,1.5,196.64
2022,5,11,23,0,0,0,0,0,0,0,0,4.27,4.31,4.29,8.48,100,0.02,61.93,0.66,200.16,1.16,199.65
2022,5,12,0,0,0,0,0,0,0,0,0,3.9,4.11,4.01,8.36,100,0.01,61.88,0.62,202.34,1.23,199.7
2022,5,12,1,0,0,0,0,0,0,0,0,3.58,3.87,3.73,8.24,100,0.01,61.84,0.6,205.24,1.19,202.36
2022,5,12,2,0,0,0,0,0,0,0,0,3.38,3.7,3.54,8.12,100,0.01,61.82,0.59,208.25,1.17,205.2
2022,5,12,3,0,0,0,0,0,0,0,0,3.17,3.51,3.33,8,100,0,61.82,0.6,210.58,1.17,208.27
2022,5,12,4,0,0,0,0,0,0,0,0,2.94,3.32,3.13,7.87,100,0,61.85,0.61,210.2,1.17,209.13
2022,5,12,5,0.18,0.31,0.75,20.27,37.02,2.64,0.02,0.05,3.87,3.44,3.65,7.93,97.81,0.01,61.88,0.93,208.73,1.36,208.03
2022,5,12,6,0.5,1.05,1.75,57.45,126.65,7.73,0.11,0.55,5.54,3.32,4.43,7.87,86.38,0.02,61.91,1.86,220.24,2.33,219.83
2022,5,12,7,1.02,1.87,2.71,118.38,228.17,16.36,0.39,1.98,7.31,3.06,5.19,7.75,75.25,0.04,61.94,2.43,220.82,3.02,220.28
2022,5,12,8,1.42,2.62,3.53,170.27,320.05,24.3,0.73,3.92,9.76,2.64,6.2,7.51,61.81,0.04,61.94,3.11,217.96,3.87,217.54
2022,5,12,9,1.48,3.2,4.16,188.02,391.65,27.69,0.98,4.8,12.03,2.3,7.16,7.32,51.75,0.04,61.93,3.8,214.11,4.75,213.74
2022,5,12,10,1.64,3.58,4.56,204.5,437.45,30.12,1.15,5.88,13.48,2.37,7.93,7.39,47.25,0.06,61.89,4.47,212.13,5.63,211.79
2022,5,12,11,1.74,3.49,4.7,215.62,418.38,29.54,1.12,5.92,14.15,2.96,8.56,7.69,47.12,0.08,61.85,5.08,211.42,6.46,211.15
2022,5,12,12,1.68,3.38,4.56,206.17,404.55,28.31,1.05,5.38,14.01,3.6,8.8,8.06,49.81,0.13,61.8,5.46,212.14,6.99,211.9
2022,5,12,13,1.33,3.01,4.17,168.42,359,23.16,0.79,3.92,13.3,4.12,8.72,8.36,54.12,0.17,61.76,5.6,213.62,7.22,213.35
2022,5,12,14,1.86,2.42,3.54,222.52,287.3,28.61,0.84,4.48,12.3,4.55,8.43,8.67,59.56,0.19,61.72,5.57,214.72,7.24,214.41
2022,5,12,15,0.74,1.63,2.72,89.8,194.17,12.03,0.27,1.38,11.08,4.87,7.98,8.85,66.12,0.22,61.7,5.35,215.92,7.03,215.6
2022,5,12,16,0.39,0.88,1.77,45.2,102.27,5.73,0.08,0.38,9.55,5.17,7.36,9.03,74.62,0.24,61.7,4.84,216.59,6.41,216.23
2022,5,12,17,0.15,0.26,0.77,17.3,29.77,2.27,0.01,0.05,8.03,5.39,6.71,9.16,83.94,0.18,61.72,3.93,215.78,5.27,215.41
2022,5,12,18,0,0,0,0,0,0,0,0,6.88,5.63,6.26,9.28,92.38,0.19,61.75,2.78,209.45,3.83,209.34
2022,5,12,19,0,0,0,0,0,0,0,0,6.5,5.84,6.17,9.46,96.31,0.2,61.79,2.38,208.25,3.3,208.26
2022,5,12,20,0,0,0,0,0,0,0,0,6.25,5.84,6.05,9.46,98.06,0.2,61.82,2.06,213.09,2.95,212.76
2022,5,12,21,0,0,0,0,0,0,0,0,5.84,5.69,5.76,9.34,99.88,0.19,61.83,1.53,216.29,2.3,216.01
2022,5,12,22,0,0,0,0,0,0,0,0,5.3,5.44,5.37,9.22,100,0.17,61.81,1.22,216.43,2,215.93
2022,5,12,23,0,0,0,0,0,0,0,0,4.88,5.12,5,9.03,100,0.14,61.78,1.13,218.84,1.93,217.94
2022,5,13,0,0,0,0,0,0,0,0,0,4.43,4.76,4.59,8.79,100,0.11,61.74,1,218.66,1.79,216.67
2022,5,13,1,0,0,0,0,0,0,0,0,3.93,4.31,4.12,8.48,100,0.09,61.71,0.87,220.27,1.66,216.76
2022,5,13,2,0,0,0,0,0,0,0,0,3.22,3.77,3.49,8.18,100,0.06,61.68,0.74,220.73,1.53,216.29
2022,5,13,3,0,0,0,0,0,0,0,0,2.74,3.3,3.02,7.93,100,0.04,61.68,0.62,219.9,1.33,215.19
2022,5,13,4,0,0,0,0,0,0,0,0,2.39,2.9,2.65,7.75,100,0.04,61.69,0.53,216.53,1.1,211.31
2022,5,13,5,0.22,0.29,0.76,25.3,33.73,3.23,0.02,0.08,3.44,2.77,3.1,7.69,96.81,0.06,61.72,0.75,212.2,1.07,210.32
2022,5,13,6,0.68,0.97,1.76,81.35,117.02,10.41,0.14,0.67,4.85,2,3.42,7.26,83.19,0.05,61.74,1.23,221.66,1.52,220.41
2022,5,13,7,1.24,1.8,2.72,151.35,218.55,20.19,0.45,2.2,6.81,0.88,3.84,6.71,67.06,0.05,61.76,1.89,213.56,2.34,212.31
2022,5,13,8,1.87,2.56,3.54,231.45,311.75,31.72,0.91,4.77,8.74,-0.27,4.24,6.16,53.81,0.05,61.76,2.58,208.73,3.19,207.88
2022,5,13,9,2.42,3.17,4.17,298.4,385.1,41.53,1.41,7.3,10.3,-0.6,4.86,5.98,47.19,0.07,61.75,3.18,208.14,3.95,207.48
2022,5,13,10,2.45,3.56,4.56,306.17,432.17,43.57,1.63,8.6,11.63,-0.38,5.62,6.04,43.81,0.09,61.72,3.82,209.4,4.77,208.87
2022,5,13,11,2.21,3.54,4.7,279.62,425.4,38.66,1.47,7.9,12.65,0.02,6.33,6.23,42.19,0.13,61.68,4.41,211.83,5.55,211.48
2022,5,13,12,2.19,3.46,4.57,265.7,414.15,36.62,1.37,7.1,12.95,0.47,6.71,6.47,42.75,0.16,61.65,4.79,214.36,6.07,213.98
2022,5,13,13,1.59,3.05,4.17,203.62,367.65,28.52,0.99,4.95,12.66,1.01,6.83,6.71,45.31,0.2,61.61,4.99,216.28,6.35,215.94
2022,5,13,14,1.44,2.5,3.55,170.67,300.52,23.48,0.7,3.77,11.59,1.54,6.56,7.02,50.5,0.23,61.59,4.77,218.35,6.09,218.02
2022,5,13,15,0.89,1.74,2.73,107.4,210.1,14.64,0.34,1.7,10.31,1.77,6.05,7.08,55.88,0.23,61.59,4.21,220.87,5.38,220.47
2022,5,13,16,0.53,0.95,1.78,62.62,114.75,8.08,0.11,0.55,8.83,1.83,5.33,7.14,62,0.2,61.6,3.52,221.86,4.52,221.35
2022,5,13,17,0.23,0.3,0.78,27.02,35,3.53,0.02,0.08,7.05,2.01,4.53,7.2,70.81,0.09,61.63,2.79,220.34,3.62,220.01
2022,5,13,18,0,0,0,0,0,0,0,0,5.23,2.48,3.86,7.45,83.06,0.07,61.67,1.79,213.62,2.47,214.29
2022,5,13,19,0,0,0,0,0,0,0,0,4.26,2.83,3.55,7.63,91.06,0.05,61.71,1.2,218.37,1.69,219.74
2022,5,13,20,0,0,0,0,0,0,0,0,3.8,2.98,3.39,7.75,95.19,0.03,61.74,0.67,227.82,1,232.32
2022,5,13,21,0,0,0,0,0,0,0,0,3.32,2.83,3.08,7.63,97.56,0.02,61.74,0.31,272.94,0.57,277.13
2022,5,13,22,0,0,0,0,0,0,0,0,2.65,2.4,2.52,7.45,99.38,0.02,61.73,0.55,334.54,0.97,332.2
2022,5,13,23,0,0,0,0,0,0,0,0,1.9,1.69,1.8,7.08,99.5,0.01,61.71,0.82,349.55,1.39,347.68
2022,5,14,0,0,0,0,0,0,0,0,0,1.53,0.83,1.19,6.65,96.06,0,61.68,0.99,355.01,1.61,354.15
2022,5,14,1,0,0,0,0,0,0,0,0,1.22,0.02,0.62,6.23,92.31,0,61.66,1.07,1.67,1.73,1.29
2022,5,14,2,0,0,0,0,0,0,0,0,1.06,-0.7,0.19,5.92,88.44,0,61.65,1.13,6.78,1.85,6.79
2022,5,14,3,0,0,0,0,0,0,0,0,0.85,-1.37,-0.26,5.62,85.25,0,61.65,1.16,10.48,1.87,10.6
2022,5,14,4,0,0,0,0,0,0,0,0,0.57,-2.01,-0.72,5.31,82.88,0,61.67,1.2,13.22,1.9,13.52
2022,5,14,5,0.35,0.39,0.77,40.27,44.38,4.96,0.02,0.1,1.84,-1.77,0.03,5.43,77,0,61.71,1.26,10.68,1.99,12.94
2022,5,14,6,1.02,1.19,1.77,120.45,141.85,15.27,0.2,0.95,5.58,-2,1.79,5.37,58.31,0,61.75,1.54,11.42,1.91,11.59
2022,5,14,7,1.59,2.05,2.72,191.38,245.88,26.05,0.56,2.77,8.98,-3.42,2.78,4.82,41.62,0,61.79,0.1,18.43,0.11,15.95
2022,5,14,8,2.32,2.8,3.54,283.67,336.77,39.65,1.13,5.85,11.46,-4.03,3.72,4.58,33.5,0,61.81,1.75,191.56,2.19,191.95
2022,5,14,9,2.91,3.39,4.17,355.95,406.5,50.67,1.71,8.75,13.09,-3.6,4.74,4.76,31.19,0,61.83,2.71,196.92,3.38,197.05
2022,5,14,10,3.12,3.76,4.57,384.05,450.4,55.62,2.05,10.88,14.39,-2.78,5.8,5.07,30.44,0,61.83,3.4,204.56,4.25,204.44
2022,5,14,11,2.88,3.73,4.7,358.33,439.9,50.14,1.86,10,15.33,-1.94,6.69,5.37,30.56,0,61.81,3.99,210.33,5.02,210.08
2022,5,14,12,2.44,3.61,4.57,297.3,426.23,41.98,1.52,7.98,15.58,-1.04,7.27,5.74,32.19,0,61.78,4.44,213.44,5.62,213.14
2022,5,14,13,2.31,3.24,4.18,282.42,383.45,39.26,1.32,6.6,15.17,-0.18,7.5,6.16,35.25,0,61.77,4.71,215.88,5.99,215.6
2022,5,14,14,1.89,2.66,3.55,226.9,314.77,31.22,0.89,4.65,13.97,0.52,7.24,6.47,40.12,0,61.79,4.94,215.67,6.34,215.47
2022,5,14,15,1.24,1.92,2.73,147.17,226.67,20.02,0.44,2.2,12,0.98,6.49,6.71,47.19,0,61.84,4.84,216.46,6.24,216.3
2022,5,14,16,0.72,1.1,1.78,82.8,128.62,10.73,0.14,0.7,9.98,1.04,5.51,6.71,54.06,0,61.89,4.33,218.85,5.61,218.78
2022,5,14,17,0.28,0.36,0.79,31.33,41.15,3.93,0.02,0.08,7.94,0.83,4.39,6.59,61.06,0,61.94,3.52,220.86,4.64,220.9
2022,5,14,18,0,0,0,0,0,0,0,0,5.8,0.99,3.4,6.65,71.44,0,62,1.8,221.65,2.61,222.09
2022,5,14,19,0,0,0,0,0,0,0,0,4.2,0.45,2.33,6.41,76.88,0,62.05,1.03,226.53,1.76,226.08
2022,5,14,20,0,0,0,0,0,0,0,0,3.61,-0.18,1.72,6.1,76.56,0,62.09,0.74,244.51,1.21,245.25
2022,5,14,21,0,0,0,0,0,0,0,0,3.19,-0.77,1.21,5.86,75.56,0,62.09,0.58,288.19,0.92,288.74
2022,5,14,22,0,0,0,0,0,0,0,0,2.45,-1.22,0.62,5.68,77,0,62.07,0.67,341.77,1.09,340.4
2022,5,14,23,0,0,0,0,0,0,0,0,1.8,-1.63,0.08,5.49,78.31,0,62.04,0.87,3.09,1.42,1.89
2022,5,15,0,0,0,0,0,0,0,0,0,1.33,-2.05,-0.35,5.31,78.38,0,62.01,0.97,9.77,1.58,9.42
2022,5,15,1,0,0,0,0,0,0,0,0,0.95,-2.43,-0.74,5.13,78.19,0,61.99,1.02,14.14,1.67,14.1
2022,5,15,2,0,0,0,0,0,0,0,0,0.49,-2.8,-1.16,5,78.5,0,61.98,1.09,16.74,1.79,17.25
2022,5,15,3,0,0,0,0,0,0,0,0,0,-3.22,-1.61,4.82,78.75,0,61.97,1.15,18.19,1.92,18.95
2022,5,15,4,0,0,0,0,0,0,0,0,-0.43,-3.62,-2.02,4.7,79,0,61.98,1.21,19.26,2.05,20.1
2022,5,15,5,0.31,0.4,0.78,34.38,46.02,4.28,0.02,0.08,1,-3.2,-1.1,4.82,73.31,0,62.01,1.24,15,2.07,18.71
2022,5,15,6,0.93,1.2,1.78,108.85,141.73,14.22,0.19,0.9,4.98,-3.55,0.71,4.7,53.75,0,62.03,1.72,24.94,2.15,25.17
2022,5,15,7,1.53,2.05,2.73,180.4,243.65,24.73,0.54,2.7,8.22,-3.68,2.27,4.64,42.5,0,62.04,0.82,41.91,0.96,42.37
2022,5,15,8,2.27,2.8,3.55,273.67,333.35,38.36,1.11,5.92,10.89,-3.41,3.74,4.76,36.31,0,62.04,0.93,191.59,1.12,191.62
2022,5,15,9,2.76,3.39,4.17,333.95,402.6,47.82,1.62,8.17,12.9,-2.73,5.08,5,33.5,0,62.03,2.45,204.44,3,204.49
2022,5,15,10,2.98,3.75,4.57,366.45,445.98,52.93,1.95,10.15,14.33,-2.06,6.13,5.31,32.12,0,62.01,3.56,208.42,4.42,208.38
2022,5,15,11,2.83,3.68,4.7,350.38,431.45,48.54,1.79,9.6,15.22,-1.45,6.88,5.55,31.75,0,61.98,4.49,210.62,5.67,210.49
2022,5,15,12,2.76,3.54,4.57,335.85,416.7,46.59,1.66,8.77,15.34,-0.99,7.18,5.74,32.62,0,61.96,5.18,212.18,6.59,212.01
2022,5,15,13,2.43,3.17,4.18,290.55,373.62,39.88,1.32,6.65,14.75,-0.57,7.09,5.92,34.94,0,61.94,5.53,214.3,7.09,214.04
2022,5,15,14,1.9,2.59,3.56,227.48,305.52,30.88,0.88,4.62,13.67,-0.4,6.63,5.98,38.06,0.01,61.94,5.5,216.85,7.07,216.64
2022,5,15,15,1.3,1.85,2.74,153,218.52,20.35,0.44,2.2,12.4,-0.58,5.9,5.92,40.75,0.01,61.95,5.14,219.94,6.62,219.78
2022,5,15,16,0.74,1.04,1.79,86.4,122.25,11.07,0.14,0.7,10.84,-0.97,4.94,5.74,43.88,0.01,61.96,4.48,223.52,5.82,223.31
2022,5,15,17,0.28,0.34,0.81,31.27,39.12,3.98,0.02,0.08,8.94,-1.22,3.87,5.62,48.88,0.01,61.99,3.44,225.55,4.59,225.21
2022,5,15,18,0,0,0,0,0,0,0,0,5.66,-0.58,2.54,5.92,64.25,0.01,62.04,1.42,227.68,2.51,225.63
2022,5,15,19,0,0,0,0,0,0,0,0,4.35,-1.2,1.57,5.62,67.25,0,62.09,1.09,228.78,2.02,228.13
2022,5,15,20,0,0,0,0,0,0,0,0,3.89,-1.97,0.96,5.31,65.62,0,62.13,0.9,233.43,1.56,235.2
2022,5,15,21,0,0,0,0,0,0,0,0,3.46,-2.52,0.48,5.13,64.88,0,62.13,0.63,239.64,1.03,244.02
2022,5,15,22,0,0,0,0,0,0,0,0,3.19,-2.88,0.15,4.94,64.38,0,62.11,0.34,262.06,0.59,271.53
2022,5,15,23,0,0,0,0,0,0,0,0,2.57,-3.16,-0.29,4.88,65.81,0,62.07,0.36,348.69,0.61,338.06
2022,5,16,0,0,0,0,0,0,0,0,0,1.73,-3.42,-0.85,4.76,68.38,0,62.03,0.59,5.33,0.94,359.52
2022,5,16,1,0,0,0,0,0,0,0,0,0.95,-3.67,-1.36,4.7,70.94,0,62.01,0.68,9.25,1.1,6.12
2022,5,16,2,0,0,0,0,0,0,0,0,0.62,-3.91,-1.64,4.58,71.31,0,61.99,0.71,13.28,1.13,9.92
2022,5,16,3,0,0,0,0,0,0,0,0,0.08,-4.11,-2.01,4.52,72.81,0,61.99,0.74,15.36,1.17,12.74
2022,5,16,4,0,0,0,0,0,0,0,0,-0.4,-4.34,-2.37,4.46,74.44,0,62,0.8,17.72,1.26,16.19
2022,5,16,5,0.31,0.36,0.8,34.8,40.9,4.38,0.02,0.1,0.62,-3.92,-1.64,4.58,71.31,0,62.03,0.87,354.34,1.37,1.96
2022,5,16,6,0.93,1.1,1.78,108.1,129.45,13.83,0.18,0.9,4,-4.6,-0.3,4.33,53.12,0,62.05,1.29,344.2,1.59,344.33
2022,5,16,7,1.63,1.94,2.73,192.38,229.62,25.4,0.55,2.75,6.99,-5.81,0.59,3.91,39.12,0,62.05,1.52,289.55,1.82,289.52
2022,5,16,8,2.3,2.69,3.55,275.55,319.52,37.58,1.07,5.6,9.59,-6.74,1.43,3.66,30.31,0,62.05,2.46,251.1,2.98,250.85
2022,5,16,9,2.78,3.28,4.18,335.85,389.45,46.69,1.56,8,11.57,-6.94,2.31,3.6,26.12,0,62.04,3.4,232.18,4.19,231.59
2022,5,16,10,3.09,3.65,4.57,379.73,433.4,53.2,1.93,10.35,12.95,-6.43,3.26,3.72,24.88,0,62.03,4.37,224.35,5.47,223.84
2022,5,16,11,2.82,3.64,4.71,350.1,429.1,48.13,1.78,9.6,13.75,-5.54,4.11,4.03,25.44,0.01,62,5.21,221.41,6.6,221.06
2022,5,16,12,2.64,3.5,4.57,324,413.67,44.61,1.59,8.45,13.83,-4.49,4.67,4.39,27.5,0.07,61.98,5.76,220.38,7.37,220.05
2022,5,16,13,2.45,3.17,4.18,294.23,373.1,39.3,1.32,6.55,13.18,-3.45,4.87,4.76,31.12,0.12,61.96,5.94,220.68,7.63,220.39
2022,5,16,14,1.92,2.59,3.56,226.48,303.9,29.99,0.86,4.58,11.98,-2.59,4.7,5.07,36,0.15,61.95,5.59,223.13,7.18,222.84
2022,5,16,15,1.18,1.85,2.75,135.73,216.05,17.77,0.39,1.95,10.56,-2,4.28,5.31,41.44,0.14,61.93,4.94,224.94,6.37,224.55
2022,5,16,16,0.65,1.04,1.8,74.52,120.3,9.35,0.12,0.62,8.79,-1.52,3.63,5.49,48.38,0.1,61.94,4.12,224.46,5.34,224.05
2022,5,16,17,0.25,0.34,0.82,28.58,38.45,3.76,0.02,0.08,6.84,-0.97,2.94,5.74,57.62,0.07,61.97,3.07,221.69,4.04,221.24
2022,5,16,18,0,0,0,0,0,0,0,0,4.85,-0.09,2.38,6.16,70.62,0.05,62.01,1.29,217.84,1.96,215.91
2022,5,16,19,0,0,0,0,0,0,0,0,3.59,0.19,1.89,6.29,78.69,0.03,62.05,0.71,210.21,1.37,206.13
2022,5,16,20,0,0,0,0,0,0,0,0,2.72,0.09,1.4,6.23,83.12,0.03,62.08,0.64,199.09,1.2,197.38
2022,5,16,21,0,0,0,0,0,0,0,0,2.08,0.08,1.08,6.23,86.94,0.02,62.08,0.61,187.31,1.06,187.65
2022,5,16,22,0,0,0,0,0,0,0,0,1.61,0.03,0.82,6.16,89.62,0.02,62.06,0.57,180.78,0.91,180.99
2022,5,16,23,0,0,0,0,0,0,0,0,1.06,-0.05,0.51,6.16,92.75,0.02,62.03,0.49,180,0.73,180
2022,5,17,0,0,0,0,0,0,0,0,0,0.65,-0.12,0.26,6.16,95.12,0.04,61.99,0.38,170.54,0.55,170.27
2022,5,17,1,0,0,0,0,0,0,0,0,0.31,-0.22,0.05,6.1,96.75,0.05,61.94,0.26,148.74,0.37,145.3
2022,5,17,2,0,0,0,0,0,0,0,0,0.03,-0.42,-0.19,6.04,97.62,0.03,61.91,0.09,138.37,0.15,98.97
2022,5,17,3,0,0,0,0,0,0,0,0,-0.55,-0.66,-0.6,5.92,100,0.02,61.88,0.24,41.01,0.45,38.66
2022,5,17,4,0,0,0,0,0,0,0,0,-1.16,-0.94,-1.05,5.8,100,0.01,61.88,0.42,30.41,0.71,28.81
2022,5,17,5,0.27,0.35,0.81,30.3,38.52,3.92,0.02,0.1,0.08,-1.07,-0.49,5.74,93,0.01,61.89,0.56,5.63,0.82,11.52
2022,5,17,6,0.79,1.08,1.79,91.6,124.38,12.07,0.16,0.8,3,-2.13,0.43,5.37,69.88,0.01,61.92,0.85,257.76,1.02,257.57
2022,5,17,7,1.41,1.92,2.74,165.1,224.6,21.95,0.48,2.42,5.58,-3.52,1.03,4.76,52.12,0.01,61.92,2.1,238.38,2.55,238.01
2022,5,17,8,2.05,2.68,3.55,243.62,315.62,32.87,0.95,5.08,7.4,-4.1,1.65,4.58,43.88,0.01,61.92,2.7,224.77,3.3,224.23
2022,5,17,9,2.56,3.27,4.18,307.92,386.83,42.06,1.42,7,8.79,-3.85,2.48,4.64,40.62,0.03,61.91,3.37,213.95,4.17,213.54
2022,5,17,10,2.75,3.65,4.57,334.33,431.9,46.83,1.71,8.85,9.62,-3.09,3.26,4.94,40.75,0.06,61.9,4.04,209.04,5.03,208.75
2022,5,17,11,1.98,3.61,4.71,249.77,421.38,33.66,1.23,6.52,10,-2.16,3.92,5.31,42.62,0.13,61.86,4.57,207.35,5.73,207.16
2022,5,17,12,1.69,3.49,4.58,210.9,408.33,28.16,1.02,5.2,9.97,-1.19,4.39,5.68,46,0.23,61.81,5.07,206.72,6.42,206.53
2022,5,17,13,1.26,3.13,4.19,158.73,365.8,21.7,0.72,3.58,9.3,-0.35,4.48,6.04,51.19,0.31,61.77,5.43,206.49,6.94,206.28
2022,5,17,14,0.98,2.54,3.56,121.92,297.62,16.45,0.47,2.5,8.39,0.3,4.34,6.35,56.94,0.36,61.74,5.52,206.82,7.11,206.62
2022,5,17,15,0.59,1.81,2.75,71.52,210.65,9.77,0.22,1.08,7.36,0.59,3.98,6.47,62.38,0.35,61.73,5.39,207.34,6.98,207.17
2022,5,17,16,0.45,1.01,1.81,50.8,116.3,6.84,0.09,0.48,5.88,0.68,3.28,6.53,69.44,0.3,61.75,4.86,208.21,6.35,208.05
2022,5,17,17,0.19,0.33,0.83,21.33,37.42,2.88,0.02,0.08,4.16,0.63,2.4,6.47,78,0.11,61.79,3.83,208.24,5.07,208.03
2022,5,17,18,0,0,0,0,0,0,0,0,2.58,0.71,1.65,6.53,87.88,0.09,61.84,2.36,204.27,3.21,204.01
2022,5,17,19,0,0,0,0,0,0,0,0,2.19,0.8,1.49,6.59,91.06,0.08,61.9,1.83,196.11,2.46,196.25
2022,5,17,20,0,0,0,0,0,0,0,0,1.73,0.76,1.25,6.53,93.81,0.07,61.94,1.24,196.84,1.77,197.16
2022,5,17,21,0,0,0,0,0,0,0,0,1.55,0.75,1.15,6.53,95.12,0.07,61.95,1.13,191.15,1.57,193.21
2022,5,17,22,0,0,0,0,0,0,0,0,1.29,0.66,0.98,6.53,96.25,0.07,61.93,1,190.34,1.42,192.36
2022,5,17,23,0,0,0,0,0,0,0,0,1,0.54,0.76,6.47,97.38,0.06,61.89,0.9,194.04,1.31,196.7
2022,5,18,0,0,0,0,0,0,0,0,0,0.55,0.36,0.45,6.35,99.31,0.05,61.86,0.57,206.92,1.02,204.81
2022,5,18,1,0,0,0,0,0,0,0,0,0.07,0.1,0.08,6.23,100,0.05,61.83,0.56,204.04,1,202.14
2022,5,18,2,0,0,0,0,0,0,0,0,-0.19,-0.15,-0.17,6.16,100,0.03,61.82,0.52,199.25,0.92,197.82
2022,5,18,3,0,0,0,0,0,0,0,0,-0.38,-0.4,-0.39,6.04,100,0.02,61.82,0.42,187.52,0.71,185.65
2022,5,18,4,0,0,0,0,0,0,0,0,-0.57,-0.74,-0.65,5.86,99.81,0.01,61.83,0.31,182.86,0.53,172.35
2022,5,18,5,0.27,0.37,0.82,30.67,41.98,3.97,0.02,0.08,0.3,-0.92,-0.31,5.8,91.94,0,61.87,0.66,175.24,0.82,175.05
2022,5,18,6,0.88,1.12,1.8,101.88,132.15,13.19,0.16,0.83,2.37,-1.21,0.58,5.68,77.62,0,61.91,1.47,196.32,1.81,195.78
2022,5,18,7,1.45,1.94,2.74,173.02,232.25,23.11,0.48,2.45,4.5,-1.45,1.52,5.55,65.62,0,61.94,2.34,199.95,2.9,199.36
2022,5,18,8,2.08,2.69,3.55,252.3,323.08,34.57,0.96,4.98,6.23,-1.6,2.31,5.49,57.56,0,61.95,2.96,201.02,3.69,200.58
2022,5,18,9,2.58,3.27,4.18,314.92,393.7,44.23,1.45,7.33,7.8,-1.53,3.13,5.55,51.94,0,61.95,3.63,202.26,4.53,201.87
2022,5,18,10,2.74,3.64,4.57,342.1,438.4,48.83,1.74,9.12,9.09,-1.08,4.01,5.74,49.19,0,61.92,4.33,204.16,5.45,203.85
2022,5,18,11,2.55,3.69,4.71,322.02,443.12,45.29,1.66,8.83,9.49,-0.35,4.57,6.04,50.5,0.01,61.89,4.87,207.3,6.17,207.02
2022,5,18,12,2.39,3.56,4.58,298.48,428.1,41.95,1.5,7.75,9.59,0.14,4.87,6.29,52,0.01,61.84,5.28,211.31,6.72,211.07
2022,5,18,13,1.97,3.18,4.19,245.25,383.88,34.31,1.12,5.7,9.19,0.48,4.83,6.41,54.69,0.01,61.81,5.42,215.13,6.94,214.87
2022,5,18,14,1.42,2.6,3.57,174.1,313.58,24.38,0.7,3.7,8.54,0.62,4.58,6.47,57.62,0.02,61.8,5.28,217.01,6.8,216.69
2022,5,18,15,0.97,1.88,2.76,115.1,225.73,15.55,0.34,1.73,7.5,0.62,4.06,6.47,61.94,0.02,61.79,4.8,218.46,6.18,218.07
2022,5,18,16,0.5,1.06,1.81,58.7,126.2,7.7,0.1,0.52,6.11,0.6,3.35,6.47,68,0.02,61.81,4.01,219.62,5.18,219.12
2022,5,18,17,0.18,0.35,0.84,20.48,40.75,2.77,0.02,0.05,4.43,0.62,2.52,6.47,76.56,0.04,61.84,3.02,218.59,3.94,218.07
2022,5,18,18,0,0,0,0,0,0,0,0,2.8,0.79,1.8,6.53,87,0.03,61.91,1.91,211.93,2.55,211.84
2022,5,18,19,0,0,0,0,0,0,0,0,2.23,0.9,1.56,6.59,91.31,0.03,61.96,1.46,203.96,1.92,204.58
2022,5,18,20,0,0,0,0,0,0,0,0,1.77,0.83,1.3,6.59,93.94,0.02,61.99,1.19,202.36,1.63,204.6
2022,5,18,21,0,0,0,0,0,0,0,0,1.57,0.81,1.19,6.59,95.19,0.01,62,1.05,204.09,1.44,207.54
2022,5,18,22,0,0,0,0,0,0,0,0,1.44,0.73,1.08,6.53,95.69,0.01,61.97,0.95,207.41,1.31,211.61
2022,5,18,23,0,0,0,0,0,0,0,0,1.3,0.68,0.99,6.53,96.19,0.01,61.95,0.79,211.64,1.09,216.87
2022,5,19,0,0,0,0,0,0,0,0,0,1.15,0.6,0.88,6.47,96.81,0.01,61.92,0.6,215.97,0.84,222.35
2022,5,19,1,0,0,0,0,0,0,0,0,0.88,0.5,0.69,6.47,98.06,0.01,61.89,0.28,241.26,0.47,235.78
2022,5,19,2,0,0,0,0,0,0,0,0,0.55,0.27,0.4,6.35,98.94,0,61.87,0.08,248.2,0.17,259.7
2022,5,19,3,0,0,0,0,0,0,0,0,0.29,-0.02,0.13,6.23,98.88,0,61.86,0.17,7.77,0.31,358.57
2022,5,19,4,0,0,0,0,0,0,0,0,0.2,-0.4,-0.1,6.04,96.75,0,61.86,0.39,16.26,0.65,11.17
2022,5,19,5,0.36,0.36,0.83,41.4,41.73,5.17,0.02,0.1,1.57,-0.79,0.39,5.86,85.06,0,61.88,0.83,7.59,1.12,8.02
2022,5,19,6,1.06,1.09,1.8,124.1,130.5,15.28,0.19,0.92,4.12,-1.59,1.26,5.55,66.94,0,61.91,1.13,358.03,1.37,357.38
2022,5,19,7,1.85,1.94,2.75,220.45,233.15,28.78,0.6,3,7.49,-3.14,2.18,4.88,47,0,61.92,0.74,297.11,0.88,297.47
2022,5,19,8,2.51,2.7,3.56,304.25,325.2,41.48,1.16,6.02,10.14,-4.13,3.01,4.52,36.31,0,61.93,1.41,234.9,1.72,234.07
2022,5,19,9,2.96,3.3,4.18,361.02,396.62,50.54,1.68,8.58,11.98,-4.19,3.89,4.52,31.94,0,61.93,2.2,219.1,2.73,218.38
2022,5,19,10,2.98,3.7,4.57,364.38,441.92,52.35,1.9,10.12,13.33,-3.79,4.77,4.64,30.12,0,61.9,3.07,214.22,3.85,213.66
2022,5,19,11,3.06,3.73,4.71,383.7,445.58,53.95,1.98,10.75,14.11,-3.1,5.51,4.94,30.25,0,61.87,3.93,213.56,4.96,213.16
2022,5,19,12,2.79,3.61,4.58,347.98,433.75,49.11,1.76,9.33,13.91,-2.14,5.88,5.31,33.06,0,61.84,4.52,214.21,5.74,213.84
2022,5,19,13,2.52,3.26,4.19,310.88,393.05,43.58,1.45,7.35,13.2,-1.1,6.05,5.74,37.56,0.01,61.83,4.77,215.59,6.07,215.2
2022,5,19,14,2.13,2.69,3.57,260.08,325.92,35.87,1.02,5.35,12.18,-0.29,5.94,6.1,42.75,0.03,61.81,4.68,217.75,5.98,217.41
2022,5,19,15,1.49,1.97,2.76,180.25,239.42,24.29,0.52,2.62,10.71,0.41,5.56,6.47,49.69,0.03,61.82,4.44,218.79,5.69,218.48
2022,5,19,16,0.82,1.16,1.82,97.52,140.95,12.63,0.16,0.8,8.89,0.98,4.94,6.71,58.44,0.03,61.83,3.95,220.27,5.09,220.02
2022,5,19,17,0.37,0.42,0.85,42.77,49.92,5.16,0.02,0.1,6.85,1.5,4.18,6.96,69.44,0.04,61.86,3.14,222.27,4.09,222.13
2022,5,19,18,0,0,0,0,0,0,0,0,5.15,2.02,3.58,7.2,80.75,0.03,61.9,2.01,220.43,2.68,220.38
2022,5,19,19,0,0,0,0,0,0,0,0,4.33,2.22,3.27,7.26,86.62,0.02,61.94,1.31,220.16,1.77,220.52
2022,5,19,20,0,0,0,0,0,0,0,0,3.7,2.29,3,7.32,91.06,0.01,61.96,0.71,222.32,1.12,222.73
2022,5,19,21,0,0,0,0,0,0,0,0,2.85,2.25,2.55,7.32,96.5,0.01,61.95,0.53,221.99,0.95,221.99
2022,5,19,22,0,0,0,0,0,0,0,0,2.4,2.19,2.3,7.26,99.31,0,61.93,0.47,220.29,0.78,223.39
2022,5,19,23,0,0,0,0,0,0,0,0,2.19,2.07,2.12,7.2,100,0.01,61.91,0.43,217.69,0.72,221.94
2022,5,20,0,0,0,0,0,0,0,0,0,1.9,1.92,1.91,7.14,100,0.01,61.89,0.5,217.41,0.84,218.99
2022,5,20,1,0,0,0,0,0,0,0,0,1.62,1.75,1.69,7.08,100,0.02,61.86,0.59,221.26,1.04,220.74
2022,5,20,2,0,0,0,0,0,0,0,0,1.45,1.56,1.51,6.96,100,0.03,61.85,0.65,222.55,1.21,219.24
2022,5,20,3,0,0,0,0,0,0,0,0,1.26,1.39,1.33,6.9,100,0.04,61.86,0.7,220.95,1.34,216.47
2022,5,20,4,0,0,0,0,0,0,0,0,0.9,1.17,1.04,6.77,100,0.05,61.87,0.74,220.27,1.44,216.37
2022,5,20,5,0.31,0.38,0.83,33.95,42.83,4.22,0.02,0.1,1.89,0.96,1.43,6.65,94.38,0.05,61.9,1.54,222.74,2.08,222.56
2022,5,20,6,0.84,1.09,1.81,98.83,128.73,12.55,0.16,0.8,3.62,-0.01,1.8,6.23,77.94,0.07,61.94,2.25,233.61,2.81,233.48
2022,5,20,7,1.48,1.91,2.75,176.85,227.45,23.42,0.49,2.48,5.58,-1.32,2.13,5.62,61.62,0.08,61.96,2.65,233.4,3.26,233.19
2022,5,20,8,1.97,2.65,3.56,240,316.6,32.88,0.92,4.77,7.46,-2.7,2.37,5.07,48.56,0.07,61.97,3.08,230.66,3.8,230.42
2022,5,20,9,2.28,3.23,4.18,280.7,386.27,39.34,1.3,6.58,8.89,-3.32,2.78,4.82,41.94,0.09,61.97,3.49,227.54,4.32,227.2
2022,5,20,10,2.4,3.6,4.57,301.4,430.17,42.4,1.52,7.95,10.04,-3.28,3.37,4.82,39,0.09,61.94,3.92,226.61,4.88,226.36
2022,5,20,11,2.11,3.57,4.71,272.48,424.5,37.19,1.37,7.27,10.9,-2.98,3.96,4.94,37.69,0.11,61.9,4.3,228.17,5.38,227.77
2022,5,20,12,1.9,3.46,4.58,242.98,411.85,33.41,1.2,6.17,11.24,-2.52,4.36,5.13,38.19,0.12,61.86,4.58,231.1,5.77,230.77
2022,5,20,13,1.69,3.15,4.19,208.67,373.7,28.33,0.94,4.65,11.15,-2.02,4.57,5.37,40,0.16,61.81,4.71,235.81,5.97,235.56
2022,5,20,14,1.54,2.58,3.57,186.27,306.42,25,0.72,3.8,10.61,-1.42,4.59,5.62,43.38,0.18,61.77,4.43,240.04,5.6,239.75
2022,5,20,15,0.81,1.86,2.77,95.42,220.5,12.52,0.27,1.35,9.44,-0.87,4.29,5.86,48.94,0.16,61.75,3.72,240.52,4.69,240.23
2022,5,20,16,0.45,1.06,1.83,53.52,125.62,7.43,0.1,0.5,7.9,-0.57,3.67,5.98,55.5,0.13,61.73,2.89,233.13,3.66,232.54
2022,5,20,17,0.2,0.37,0.86,23.6,42.85,3.21,0.02,0.08,6.05,-0.08,2.98,6.23,65.31,0.1,61.75,2.35,214.7,3.09,213.85
2022,5,20,18,0,0,0,0,0,0,0,0,4.09,0.93,2.51,6.65,80.44,0.09,61.81,1.89,200.61,2.59,200.68
2022,5,20,19,0,0,0,0,0,0,0,0,2.82,1.3,2.06,6.84,90.38,0.1,61.86,1.29,202.83,1.66,203.3
2022,5,20,20,0,0,0,0,0,0,0,0,2.49,1.03,1.76,6.71,90.56,0.05,61.87,0.63,226.01,0.8,229.34
2022,5,20,21,0,0,0,0,0,0,0,0,2.44,0.8,1.62,6.59,89.31,0.09,61.84,0.37,265.14,0.52,270.86
2022,5,20,22,0,0,0,0,0,0,0,0,2.36,0.65,1.51,6.53,88.94,0.1,61.81,0.6,291.52,0.86,289.09
2022,5,20,23,0,0,0,0,0,0,0,0,2.19,0.24,1.22,6.35,87.56,0.07,61.76,0.95,295.93,1.38,294.68
2022,5,21,0,0,0,0,0,0,0,0,0,1.98,-0.31,0.83,6.1,85.38,0.04,61.73,1.05,302.5,1.5,301.78
2022,5,21,1,0,0,0,0,0,0,0,0,1.78,-0.96,0.41,5.8,82.62,0.02,61.71,1.02,308.8,1.42,308.96
2022,5,21,2,0,0,0,0,0,0,0,0,1.4,-1.55,-0.07,5.55,81.31,0.01,61.69,0.91,315.35,1.28,315.74
2022,5,21,3,0,0,0,0,0,0,0,0,0.86,-2.13,-0.64,5.31,80.88,0,61.69,0.92,329.95,1.3,329.74
2022,5,21,4,0,0,0,0,0,0,0,0,0.11,-2.85,-1.37,5.07,80.88,0,61.68,0.91,345.13,1.38,344.94
2022,5,21,5,0.34,0.34,0.84,38.52,38.9,4.94,0.02,0.1,1.13,-2.88,-0.88,5,74.88,0,61.68,1.1,351.87,1.62,354.48
2022,5,21,6,0.99,1.05,1.81,112.62,122.02,13.94,0.17,0.85,4.12,-3.6,0.26,4.76,57.38,0.01,61.68,1.2,6.34,1.47,6.41
2022,5,21,7,1.58,1.86,2.75,187.6,219.45,24.55,0.52,2.55,6.69,-4.95,0.87,4.27,43.31,0.01,61.69,0.78,216.07,0.95,215.65
2022,5,21,8,2.17,2.62,3.56,260.52,310.8,35.15,0.96,4.98,8.65,-5.99,1.33,3.97,34.81,0,61.7,2.58,215.38,3.19,215.02
2022,5,21,9,2.63,3.23,4.18,316.65,382.3,43.73,1.41,7.17,10.23,-6.42,1.9,3.78,30.19,0,61.69,3.49,218.46,4.34,218.27
2022,5,21,10,2.99,3.61,4.57,367.17,427.4,51.16,1.79,9.5,11.51,-6.61,2.45,3.72,27.12,0.02,61.67,4.06,217.33,5.07,217.05
2022,5,21,11,2.91,3.81,4.71,363.45,452.3,51.7,1.9,10.17,12.64,-6.6,3.02,3.72,25.06,0.02,61.62,4.9,216.76,6.19,216.54
2022,5,21,12,2.8,3.67,4.58,345.05,435.05,48.69,1.73,9.12,12.97,-6.3,3.33,3.78,25.19,0.04,61.57,5.81,216.96,7.46,216.79
2022,5,21,13,2.44,3.28,4.19,296.83,388.55,41.3,1.36,6.83,12.27,-5.53,3.37,4.03,28.06,0.06,61.55,6.19,218.55,8.02,218.43
2022,5,21,14,1.98,2.67,3.58,239.5,315.55,32.55,0.91,4.7,10.9,-4.59,3.15,4.39,33.12,0.09,61.54,5.85,219.26,7.56,219.09
2022,5,21,15,1.41,1.89,2.77,167.98,222.77,22.05,0.46,2.3,9.12,-3.72,2.69,4.7,40,0.1,61.56,5.12,219.18,6.61,219.05
2022,5,21,16,0.89,1.07,1.83,101.23,123.67,12.54,0.16,0.77,7.17,-2.94,2.12,5,48.5,0.09,61.58,4.27,219.51,5.52,219.32
2022,5,21,17,0.31,0.33,0.83,33.65,37.45,4.2,0.02,0.08,5.11,-2.31,1.4,5.25,58.75,0.06,61.61,3.21,217.48,4.2,217.15
2022,5,21,18,0.02,0.01,0.05,1.05,1.17,0.15,0,0,3.3,-1.61,0.84,5.49,70.38,0.04,61.65,1.92,209.48,2.63,208.77
2022,5,21,19,0,0,0,0,0,0,0,0,2.33,-0.95,0.69,5.8,79.19,0.03,61.68,1.41,194.42,1.93,193.81
2022,5,21,20,0,0,0,0,0,0,0,0,1.62,-0.59,0.52,5.98,85.62,0.02,61.69,1.29,187.64,1.75,188.46
2022,5,21,21,0,0,0,0,0,0,0,0,1.19,-0.38,0.4,6.04,89.81,0.01,61.66,1.32,193.3,1.77,194.28
2022,5,21,22,0,0,0,0,0,0,0,0,0.86,-0.42,0.23,6.04,91.81,0.01,61.61,1.41,206.28,1.88,207.2
2022,5,21,23,0,0,0,0,0,0,0,0,0.57,-0.55,0.01,5.98,92.88,0.01,61.56,1.43,214.73,1.9,215.65
2022,5,22,0,0,0,0,0,0,0,0,0,0.26,-0.69,-0.21,5.98,94.12,0.01,61.51,1.34,220.49,1.8,220.95
2022,5,22,1,0,0,0,0,0,0,0,0,0.04,-0.86,-0.41,5.92,94.69,0.01,61.47,1.18,224.46,1.56,225.2
2022,5,22,2,0,0,0,0,0,0,0,0,0.05,-1.06,-0.5,5.8,93.38,0,61.45,0.94,229.71,1.24,230.38
2022,5,22,3,0,0,0,0,0,0,0,0,-0.09,-1.45,-0.77,5.68,91.69,0.01,61.44,0.64,238.07,0.9,233.43
2022,5,22,4,0,0,0,0,0,0,0,0,-0.32,-1.7,-1.01,5.55,91.69,0.01,61.44,0.56,225.57,0.8,221.82
2022,5,22,5,0.15,0.28,0.85,16.05,31.05,2.03,0.01,0.05,0.33,-1.86,-0.77,5.49,86.06,0.01,61.46,0.71,211.94,0.9,212.16
2022,5,22,6,0.53,0.91,1.82,60,100.98,7.47,0.09,0.45,2.4,-2.66,-0.13,5.13,69.75,0,61.47,1.5,210.45,1.81,210.33
2022,5,22,7,0.89,1.71,2.76,103.67,194.88,13.55,0.28,1.4,4.62,-3.61,0.51,4.76,55.12,0,61.48,2.43,202.28,2.99,202.27
2022,5,22,8,1.15,2.47,3.56,139.65,285.17,18.46,0.5,2.6,6.3,-4.12,1.08,4.58,47.06,0.01,61.48,3.28,197.87,4.06,197.81
2022,5,22,9,1.47,3.07,4.18,182.38,357.48,24.25,0.77,3.83,7.2,-3.79,1.7,4.7,45.38,0.02,61.48,4.01,198.75,5,198.77
2022,5,22,10,1.35,3.46,4.58,169.08,403.65,22.64,0.77,3.85,7.97,-2.93,2.51,5,46,0.05,61.46,4.69,202.12,5.88,202.07
2022,5,22,11,1.21,3.59,4.71,160,419.62,21.61,0.76,3.98,8.37,-2.43,2.97,5.19,46.56,0.09,61.42,5.31,206.3,6.73,206.27
2022,5,22,12,1.39,3.45,4.58,176.4,403.2,23.55,0.8,4.05,8.65,-2.1,3.28,5.37,46.88,0.13,61.38,5.76,209.07,7.37,208.98
2022,5,22,13,1.23,3.07,4.2,153.08,358.45,20.62,0.65,3.25,8.25,-1.28,3.48,5.68,51.25,0.16,61.34,5.96,210.06,7.67,209.93
2022,5,22,14,0.92,2.49,3.58,113.15,290.25,15.16,0.41,2.17,7.34,-0.5,3.42,6.04,57.75,0.18,61.32,5.94,210.89,7.69,210.73
2022,5,22,15,0.71,1.77,2.78,84.4,205.3,11.38,0.24,1.2,5.87,-0.09,2.89,6.23,65.81,0.18,61.33,5.68,210.98,7.42,210.86
2022,5,22,16,0.25,0.99,1.84,28.23,114.3,3.69,0.05,0.23,4.23,0.01,2.12,6.23,74.25,0.16,61.36,5.2,210.92,6.86,210.77
2022,5,22,17,0.13,0.31,0.83,14.83,36.08,1.96,0.01,0.05,2.65,-0.04,1.31,6.23,82.75,0.07,61.4,4.35,209.09,5.79,208.88
2022,5,22,18,0.02,0.01,0.05,1.02,1.25,0.16,0,0,1.26,-0.02,0.62,6.23,91.5,0.07,61.45,3.11,202.63,4.18,202.44
2022,5,22,19,0,0,0,0,0,0,0,0,0.87,-0.04,0.41,6.23,94.12,0.07,61.48,2.62,193.25,3.54,193.02
2022,5,22,20,0,0,0,0,0,0,0,0,0.65,-0.12,0.26,6.16,95.06,0.07,61.5,2.27,189.3,3.08,189.34
2022,5,22,21,0,0,0,0,0,0,0,0,0.48,-0.19,0.14,6.16,95.69,0.08,61.49,2.02,187.35,2.75,187.51
2022,5,22,22,0,0,0,0,0,0,0,0,0.44,-0.31,0.07,6.1,95.12,0.08,61.47,1.98,187.24,2.69,187.68
2022,5,22,23,0,0,0,0,0,0,0,0,0.05,-0.45,-0.2,6.04,96.88,0.08,61.44,1.78,189.59,2.47,189.64
2022,5,23,0,0,0,0,0,0,0,0,0,0.08,-0.58,-0.25,5.98,95.81,0.07,61.4,1.94,191.17,2.65,191.58
2022,5,23,1,0,0,0,0,0,0,0,0,-0.49,-0.81,-0.65,5.86,98.56,0.06,61.37,1.54,199.81,2.25,199.25
2022,5,23,2,0,0,0,0,0,0,0,0,-0.65,-1.04,-0.85,5.8,98.25,0.05,61.37,1.89,194.61,2.6,194.62
2022,5,23,3,0,0,0,0,0,0,0,0,-0.81,-1.28,-1.05,5.68,97.75,0.04,61.38,1.86,194.62,2.55,194.93
2022,5,23,4,0,0,0,0,0,0,0,0,-0.95,-1.44,-1.2,5.62,97.81,0.04,61.4,1.69,195.58,2.32,196.05
2022,5,23,5,0.25,0.37,0.86,28.23,42.48,3.62,0.02,0.08,-0.37,-1.45,-0.91,5.62,93.12,0.02,61.43,1.86,205.06,2.44,204.76
2022,5,23,6,0.74,1.1,1.82,85.05,129.23,11.04,0.14,0.7,1.27,-1.48,-0.1,5.62,82.44,0.02,61.47,2.42,215.95,3.08,215.5
2022,5,23,7,1.09,1.89,2.76,132.33,224.33,18.06,0.38,1.92,3.58,-1.74,0.92,5.49,68.69,0.01,61.5,2.85,221.33,3.6,220.68
2022,5,23,8,1.62,2.68,3.57,191.8,319.12,26.84,0.77,4,5.44,-2.22,1.62,5.31,58.06,0.01,61.53,3.2,221.74,4.02,221.22
2022,5,23,9,1.92,3.26,4.19,230.33,387.9,32.06,1.05,5.17,6.96,-2.39,2.28,5.25,51.62,0.01,61.54,3.76,215.77,4.72,215.37
2022,5,23,10,2.23,3.62,4.58,272.85,430.5,38.7,1.38,7,8.07,-2.21,2.93,5.31,48.5,0.01,61.54,4.47,211.86,5.66,211.63
2022,5,23,11,1.89,3.82,4.71,236.83,445.55,33.88,1.26,6.6,8.72,-2.01,3.36,5.37,47.06,0.02,61.52,5.12,210.83,6.51,210.75
2022,5,23,12,1.3,3.64,4.58,168.1,428.27,23.97,0.82,4.17,8.73,-1.83,3.44,5.43,47.62,0.03,61.51,5.49,210.54,7.02,210.42
2022,5,23,13,0.84,3.22,4.2,113.52,381.55,16.16,0.5,2.45,8.26,-1.71,3.27,5.49,49.56,0.03,61.49,5.66,210.25,7.29,210.19
2022,5,23,14,0.89,2.64,3.58,115.58,311.65,16.27,0.45,2.35,7.51,-1.68,2.91,5.49,52.25,0.03,61.49,5.57,210.16,7.19,210.05
2022,5,23,15,0.71,1.89,2.78,88.6,222.52,12.31,0.27,1.35,6.54,-1.66,2.44,5.49,55.88,0.03,61.51,5.17,209.24,6.69,209.14
2022,5,23,16,0.45,1.09,1.85,53.73,126.08,7.4,0.1,0.5,5.05,-1.44,1.8,5.62,63,0.03,61.53,4.52,207.8,5.88,207.79
2022,5,23,17,0.1,0.35,0.84,11.6,40.02,1.6,0.01,0.02,3.31,-1.2,1.06,5.68,72.5,0.1,61.58,3.64,205.96,4.79,205.94
2022,5,23,18,0.02,0.01,0.06,0.83,1.4,0.12,0,0,1.52,-0.63,0.44,5.92,86,0.07,61.64,2.41,200.66,3.27,200.56
2022,5,23,19,0,0,0,0,0,0,0,0,0.83,-0.23,0.3,6.1,93.31,0.07,61.69,1.99,193.87,2.67,194.08
2022,5,23,20,0,0,0,0,0,0,0,0,0.55,-0.24,0.15,6.1,95.12,0.04,61.72,1.79,189.3,2.42,189.86
2022,5,23,21,0,0,0,0,0,0,0,0,0.26,-0.41,-0.07,6.04,95.94,0.03,61.74,1.59,185.91,2.16,186.64
2022,5,23,22,0,0,0,0,0,0,0,0,-0.29,-0.57,-0.43,5.98,98.94,0.01,61.75,0.97,187.87,1.47,187.35
2022,5,23,23,0,0,0,0,0,0,0,0,-0.25,-0.81,-0.53,5.86,96.88,0.01,61.74,1.23,181.82,1.68,182.13
2022,5,24,0,0,0,0,0,0,0,0,0,-0.86,-1.19,-1.02,5.68,99.12,0,61.7,0.69,174.16,1.07,168.2
2022,5,24,1,0,0,0,0,0,0,0,0,-1.03,-1.42,-1.23,5.62,98.88,0,61.68,0.38,136.68,0.64,126.03
2022,5,24,2,0,0,0,0,0,0,0,0,-1.54,-1.79,-1.67,5.43,100,0,61.66,0.38,101.77,0.72,94.35
2022,5,24,3,0,0,0,0,0,0,0,0,-1.96,-2.2,-2.08,5.31,100,0,61.7,0.4,116.57,0.64,109.98
2022,5,24,4,0.02,0.01,0.05,0.92,1.05,0.13,0,0,-2.37,-2.66,-2.52,5.13,100,0,61.75,0.49,135.64,0.76,127.1
2022,5,24,5,0.2,0.28,0.82,21.02,30.4,2.62,0.02,0.05,-1.54,-3.01,-2.27,5,91.62,0.01,61.8,0.87,125.12,1.11,123.8
2022,5,24,6,0.66,0.9,1.82,73.67,100.42,9.16,0.12,0.58,0.78,-3.67,-1.45,4.76,72.94,0,61.84,1.35,151.2,1.62,151.21
2022,5,24,7,1.03,1.59,2.76,114.23,177.77,14.86,0.31,1.58,3.18,-4.78,-0.8,4.33,56.25,0,61.87,1.98,165.36,2.38,165.14
2022,5,24,8,1.13,2.32,3.57,136.2,266.25,18.07,0.49,2.6,5.72,-5.88,-0.08,3.97,42.69,0,61.9,2.77,178.39,3.37,178.27
2022,5,24,9,1.89,2.94,4.19,225.55,341.42,29.88,0.95,4.7,7.77,-5.63,1.08,4.03,37.69,0,61.9,3.59,188.25,4.41,188.36
2022,5,24,10,1.65,3.34,4.58,206.02,393.48,27.99,0.97,4.92,9.12,-4.68,2.22,4.33,37.12,0,61.89,4.46,195.55,5.56,195.66
2022,5,24,11,1.52,3.52,4.71,202.4,419.12,27.55,0.98,5.15,9.63,-3.69,2.97,4.7,38.75,0,61.88,5.23,198.65,6.6,198.71
2022,5,24,12,1.1,3.44,4.59,145.62,411.62,19.79,0.68,3.45,9.33,-2.77,3.28,5,42.44,0.01,61.88,5.55,197.8,7.06,197.85
2022,5,24,13,0.86,3.08,4.2,114.7,370.12,15.68,0.5,2.48,8.42,-1.85,3.28,5.37,48.5,0.06,61.87,5.42,197.44,6.91,197.51
2022,5,24,14,0.68,2.52,3.59,91.95,301,12.7,0.35,1.88,7.19,-1.39,2.9,5.62,54.62,0.16,61.86,5.04,198.04,6.44,198.08
2022,5,24,15,0.31,1.77,2.79,40,209.95,5.45,0.12,0.58,6.34,-1.13,2.61,5.74,59.12,0.2,61.85,4.66,198.98,5.96,199.05
2022,5,24,16,0.22,1.03,1.85,26.33,121.52,3.57,0.05,0.23,5.33,-1.01,2.16,5.8,64.06,0.18,61.86,4.25,199.53,5.5,199.67
2022,5,24,17,0.05,0.34,0.85,5.9,39.42,0.74,0,0.02,3.64,-0.44,1.6,6.04,75.31,0.61,61.88,3.36,201.13,4.39,201.27
2022,5,24,18,0.02,0.01,0.06,1.15,1.52,0.17,0,0,2.02,0.23,1.12,6.35,88.94,0.45,61.92,2.2,205.66,2.94,205.68
2022,5,24,19,0,0,0,0,0,0,0,0,1.48,0.42,0.95,6.41,93.81,0.33,61.96,1.81,204.14,2.43,203.85
2022,5,24,20,0,0,0,0,0,0,0,0,0.74,0.28,0.51,6.35,98.12,0.21,62,1.2,188.6,1.83,189.58
2022,5,24,21,0,0,0,0,0,0,0,0,0.65,0.11,0.38,6.29,97.56,0.13,62.03,1.53,175.31,2.13,174.94
2022,5,24,22,0,0,0,0,0,0,0,0,0.33,-0.11,0.11,6.16,98.31,0.11,62.03,1.36,165.32,1.91,165.05
2022,5,24,23,0,0,0,0,0,0,0,0,0.17,-0.19,-0.01,6.16,98.88,0.11,62.01,1.03,163.76,1.51,162.88
2022,5,25,0,0,0,0,0,0,0,0,0,-0.12,-0.47,-0.29,6.04,99,0.1,61.98,0.85,170.97,1.26,169.66
2022,5,25,1,0,0,0,0,0,0,0,0,-0.33,-0.75,-0.54,5.92,98.81,0.03,61.94,0.71,185.02,1.01,186.19
2022,5,25,2,0,0,0,0,0,0,0,0,-0.46,-0.89,-0.68,5.86,98.94,0.01,61.9,0.66,191.58,0.96,194.6
2022,5,25,3,0,0,0,0,0,0,0,0,-0.63,-1.03,-0.84,5.8,99.06,0,61.88,0.74,197.86,1.04,199.39
2022,5,25,4,0.02,0.01,0.05,1,1.23,0.15,0,0,-1.16,-1.63,-1.39,5.49,98.56,0,61.88,0.79,206.31,1.02,205.39
2022,5,25,5,0.3,0.35,0.82,31,37.62,3.88,0.02,0.08,-0.46,-1.67,-1.07,5.49,92.62,0.01,61.9,1.35,199.59,1.72,199.34
2022,5,25,6,0.9,1.1,1.83,97.73,124.02,12.18,0.15,0.73,0.84,-1.62,-0.39,5.55,84.44,0,61.92,2.35,188.43,2.96,188.49
2022,5,25,7,1.49,1.94,2.76,172.95,226.65,22.84,0.47,2.33,2.44,-1.45,0.5,5.62,76.38,0,61.93,3.04,184.13,3.83,183.98
2022,5,25,8,2,2.7,3.57,239.42,319.25,32.92,0.9,4.62,4.05,-1.23,1.4,5.68,69.19,0.01,61.92,3.46,180.26,4.35,180.1
2022,5,25,9,2.31,3.3,4.19,281.95,391.83,39.82,1.28,6.42,5.23,-1.16,2.03,5.74,64,0.08,61.9,3.55,177.35,4.44,177.38
2022,5,25,10,2.23,3.69,4.58,279.05,439.02,40.8,1.44,7.38,5.85,-0.99,2.44,5.8,62.06,0.32,61.85,3.43,176.21,4.27,176.22
2022,5,25,11,2.26,3.85,4.72,284.48,459.17,41.61,1.52,7.98,6.15,-0.79,2.68,5.86,61.62,0.73,61.81,3.3,177.15,4.11,177.27
2022,5,25,12,2.42,3.74,4.59,303.08,445.85,44.33,1.58,8.12,6.12,-0.66,2.73,5.92,62.25,0.91,61.77,3.27,183.97,4.11,184.26
2022,5,25,13,2.11,3.38,4.2,258.45,403.8,37.39,1.23,6.12,5.86,-0.63,2.62,5.92,63.44,1.22,61.74,3.24,194.94,4.11,195.33
2022,5,25,14,1.6,2.83,3.59,189.83,337.62,27.72,0.79,4.12,5.13,-0.68,2.23,5.92,66.38,1.33,61.74,3.13,205.6,4.02,206.07
2022,5,25,15,1.12,2.08,2.79,136.95,248.1,19.38,0.41,2.08,4.33,-0.68,1.83,5.92,70.12,1.14,61.74,2.96,212.6,3.84,213.14
2022,5,25,16,0.69,1.25,1.86,79.85,148.15,10.7,0.14,0.67,3.33,-0.69,1.32,5.92,75.25,0.77,61.75,2.63,217.65,3.5,218.02
2022,5,25,17,0.26,0.45,0.86,28.15,51.5,3.52,0.02,0.08,2.39,-0.57,0.9,5.92,81.12,0.36,61.76,2.12,220.21,2.89,220.5
2022,5,25,18,0.02,0.02,0.06,1.3,1.83,0.2,0,0,1.4,-0.52,0.44,5.98,87.44,0.23,61.79,1.53,219.21,2.14,219.51
2022,5,25,19,0,0,0,0,0,0,0,0,0.78,-0.37,0.2,6.04,92.44,0.2,61.82,1.11,216.38,1.54,216.52
2022,5,25,20,0,0,0,0,0,0,0,0,0.29,-0.31,-0.01,6.04,96.31,0.18,61.85,0.55,216.38,0.87,216.56
2022,5,25,21,0,0,0,0,0,0,0,0,0.09,-0.43,-0.17,6.04,96.88,0.13,61.85,0.49,221.1,0.69,221.31
2022,5,25,22,0,0,0,0,0,0,0,0,-0.07,-0.6,-0.33,5.92,96.94,0.1,61.84,0.16,247.17,0.23,246.04
2022,5,25,23,0,0,0,0,0,0,0,0,-0.38,-0.97,-0.67,5.8,96.75,0.07,61.81,0.29,9.46,0.42,10.68
2022,5,26,0,0,0,0,0,0,0,0,0,-0.79,-1.48,-1.13,5.55,96.31,0.06,61.78,0.55,22.56,0.85,22.58
2022,5,26,1,0,0,0,0,0,0,0,0,-1.24,-2.24,-1.74,5.25,94.31,0.05,61.75,0.78,23.73,1.21,24.41
2022,5,26,2,0,0,0,0,0,0,0,0,-1.46,-2.98,-2.22,4.94,90.69,0.04,61.72,0.92,23.96,1.45,24.5
2022,5,26,3,0,0,0,0,0,0,0,0,-1.54,-3.68,-2.61,4.7,86.38,0.04,61.71,1.02,23.43,1.58,23.9
2022,5,26,4,0.03,0.01,0.05,1.23,1.5,0.19,0,0,-1.63,-4.34,-2.98,4.46,82.5,0.03,61.72,1.09,22.71,1.68,23.34
2022,5,26,5,0.34,0.44,0.83,37.88,49.98,4.71,0.02,0.1,0.08,-3.86,-1.89,4.64,74.5,0,61.74,1.06,24.3,1.58,24.91
2022,5,26,6,1.03,1.25,1.83,121.35,149.88,15.75,0.2,0.98,3.65,-3.1,0.28,4.88,61.19,0,61.75,0.59,60.07,0.74,60.18
2022,5,26,7,1.72,2.06,2.77,206.7,248.45,28.12,0.59,2.92,6.01,-2.77,1.62,5,53.25,0,61.76,1.04,166.07,1.33,167.11
2022,5,26,8,2.42,2.79,3.57,295.98,338.33,41.42,1.15,5.98,7.46,-2.81,2.33,5,48.06,0,61.77,1.58,174.32,2.03,175.36
2022,5,26,9,2.94,3.35,4.19,362.05,406.7,51.52,1.68,8.52,8.58,-2.65,2.96,5.07,45.06,0,61.76,1.81,178.27,2.34,179.04
2022,5,26,10,3.09,3.71,4.58,387.65,450.9,56.1,1.99,10.48,9.48,-2.28,3.6,5.25,43.69,0,61.75,2.1,186.83,2.69,187.52
2022,5,26,11,2.79,3.83,4.72,356.35,464.25,52.04,1.91,10.17,10.09,-1.67,4.21,5.49,43.94,0,61.72,2.41,195.26,3.07,195.63
2022,5,26,12,2.34,3.69,4.59,297.48,448.3,43.71,1.57,8.1,10.3,-1.04,4.63,5.74,45.44,0,61.69,2.75,202.92,3.5,202.96
2022,5,26,13,1.92,3.32,4.21,239.88,404.1,35.18,1.17,5.83,10.26,-0.41,4.92,6.04,47.81,0,61.66,2.99,207.57,3.8,207.41
2022,5,26,14,1.5,2.74,3.6,186.17,334.45,26.83,0.77,3.95,9.86,0.2,5.03,6.35,51.31,0,61.63,3.06,211.09,3.9,210.83
2022,5,26,15,1.02,2.02,2.8,119.52,246.08,17.02,0.38,1.9,9.05,0.65,4.85,6.53,56,0,61.63,2.94,213.06,3.76,212.86
2022,5,26,16,0.47,1.19,1.87,56.12,144.7,8,0.11,0.52,7.87,0.94,4.4,6.65,62,0,61.64,2.7,213.69,3.48,213.48
2022,5,26,17,0.17,0.41,0.87,19.52,48.45,2.53,0.02,0.05,6.24,1.23,3.73,6.84,70.81,0,61.66,2.38,213.06,3.14,212.82
2022,5,26,18,0.02,0.02,0.07,1.25,1.83,0.19,0,0,4.32,1.73,3.02,7.08,83.88,0,61.7,1.67,211.98,2.39,212.18
2022,5,26,19,0,0,0,0,0,0,0,0,3.23,2.05,2.65,7.2,92.69,0,61.73,1.18,217.17,1.72,217.44
2022,5,26,20,0,0,0,0,0,0,0,0,2.62,2.19,2.4,7.32,97.81,0,61.76,0.62,226.02,1.07,225.89
2022,5,26,21,0,0,0,0,0,0,0,0,2.19,2.1,2.15,7.26,100,0,61.76,0.52,232.28,1,231.69
2022,5,26,22,0,0,0,0,0,0,0,0,1.92,1.93,1.92,7.14,100,0,61.76,0.54,237.46,0.91,237.26
2022,5,26,23,0,0,0,0,0,0,0,0,1.75,1.73,1.73,7.08,100,0,61.74,0.46,242.56,0.73,243.43
2022,5,27,0,0,0,0,0,0,0,0,0,1.58,1.51,1.55,6.96,100,0,61.71,0.34,248.68,0.54,249.73
2022,5,27,1,0,0,0,0,0,0,0,0,1.5,1.33,1.41,6.9,99.69,0,61.67,0.24,262.41,0.35,266.19
2022,5,27,2,0,0,0,0,0,0,0,0,1.34,1.12,1.23,6.77,99.31,0,61.63,0.26,323.47,0.4,322.91
2022,5,27,3,0,0,0,0,0,0,0,0,1.01,0.87,0.94,6.65,99.88,0,61.6,0.49,351.74,0.77,350.06
2022,5,27,4,0.02,0.01,0.05,0.73,1.45,0.11,0,0,0.36,0.5,0.43,6.47,100,0,61.6,0.68,359.34,1.1,359.19
2022,5,27,5,0.16,0.37,0.83,17.88,43.55,2.43,0.01,0.05,1.57,0.43,1,6.41,92.69,0,61.62,1.11,3.63,1.53,3.81
2022,5,27,6,0.68,1.12,1.83,78.55,135.7,10.49,0.14,0.67,5.18,0.28,2.73,6.35,71.12,0,61.65,0.76,354.11,0.92,354.14
2022,5,27,7,1.18,1.9,2.77,145.12,233.35,20.25,0.44,2.2,8.69,-0.3,4.19,6.1,53.5,0,61.68,0.86,201.9,1.05,202.2
2022,5,27,8,1.74,2.62,3.57,218.85,321.3,30.88,0.87,4.52,10.88,-0.41,5.23,6.04,45.75,0,61.7,2.31,195.49,2.88,195.73
2022,5,27,9,2.12,3.19,4.19,265.33,389.73,37.95,1.25,6.25,12.2,0.05,6.12,6.23,43.31,0,61.71,3.35,198.48,4.23,198.74
2022,5,27,10,2.19,3.54,4.58,281.67,432.52,40.6,1.45,7.45,12.7,0.8,6.76,6.59,44.31,0,61.71,4.11,202.37,5.2,202.52
2022,5,27,11,2.1,3.63,4.72,270.1,441.12,38.39,1.41,7.38,12.83,1.51,7.17,6.96,46.38,0.01,61.7,4.55,205.42,5.78,205.53
2022,5,27,12,1.84,3.5,4.59,233.38,424.45,33.16,1.18,6.05,13.03,1.94,7.48,7.14,47.12,0.01,61.67,4.88,207.88,6.22,207.85
2022,5,27,13,1.43,3.13,4.21,182.15,378.3,25.55,0.85,4.23,12.9,2.27,7.58,7.32,48.62,0.02,61.62,5.16,209.4,6.61,209.38
2022,5,27,14,1.29,2.54,3.6,155.95,306.35,21.66,0.62,3.25,12.11,2.74,7.42,7.57,52.94,0.01,61.6,5.18,210.12,6.67,209.99
2022,5,27,15,0.95,1.8,2.8,113.25,215.52,15.16,0.34,1.67,10.93,3.07,7,7.75,58.5,0.01,61.59,5.03,208.87,6.52,208.77
2022,5,27,16,0.53,1.01,1.87,58.77,118.4,7.73,0.11,0.52,9.19,3.3,6.24,7.87,66.81,0.01,61.6,4.6,207.83,6.01,207.63
2022,5,27,17,0.17,0.32,0.88,18.75,37.3,2.39,0.01,0.05,7.1,3.49,5.3,8,78.06,0.01,61.62,3.76,206.78,4.98,206.57
2022,5,27,18,0.02,0.02,0.07,0.95,1.6,0.14,0,0,5.5,3.68,4.59,8.12,88.38,0.01,61.66,2.63,202.53,3.53,202.65
2022,5,27,19,0,0,0,0,0,0,0,0,4.8,3.64,4.22,8.06,92.56,0.01,61.7,2.11,200.38,2.85,200.57
2022,5,27,20,0,0,0,0,0,0,0,0,4.3,3.53,3.91,8,95.19,0.01,61.73,1.78,198.91,2.46,199.47
2022,5,27,21,0,0,0,0,0,0,0,0,3.89,3.45,3.67,8,97.5,0.01,61.74,1.43,193.58,2.04,195.31
2022,5,27,22,0,0,0,0,0,0,0,0,3.69,3.42,3.55,7.93,98.81,0,61.73,1.18,189.15,1.74,191.16
2022,5,27,23,0,0,0,0,0,0,0,0,3.51,3.34,3.42,7.93,99.56,0,61.7,0.85,190.07,1.37,191.89
2022,5,28,0,0,0,0,0,0,0,0,0,3.3,3.26,3.28,7.87,100,0,61.65,0.69,193.09,1.22,194.13
2022,5,28,1,0,0,0,0,0,0,0,0,3.08,3.12,3.09,7.81,100,0,61.62,0.63,195.95,1.2,194.76
2022,5,28,2,0,0,0,0,0,0,0,0,2.8,2.98,2.89,7.75,100,0,61.58,0.53,199.77,1.12,198.31
2022,5,28,3,0,0,0,0,0,0,0,0,2.59,2.86,2.73,7.69,100,0,61.57,0.49,202.48,1.05,200.46
2022,5,28,4,0.02,0.01,0.06,0.9,1.33,0.13,0,0,2.43,2.78,2.61,7.63,100,0,61.58,0.48,204.9,0.96,203.63
2022,5,28,5,0.21,0.32,0.84,24.08,37.12,3.22,0.02,0.08,3.62,2.7,3.16,7.57,94.56,0,61.62,0.78,202.44,1.04,202.12
2022,5,28,6,0.67,1.02,1.84,76.3,120.77,9.83,0.13,0.65,5.53,2.26,3.89,7.32,79.94,0,61.66,1.15,210.56,1.4,210.14
2022,5,28,7,1.25,1.82,2.77,148.98,218,19.73,0.43,2.17,7.87,1.98,4.92,7.2,66.69,0,61.69,1.94,208.94,2.37,208.51
2022,5,28,8,1.6,2.51,3.57,198.38,304.42,27.2,0.77,4.08,10.14,1.98,6.06,7.2,57.19,0,61.71,2.69,202.91,3.33,202.6
2022,5,28,9,2.21,3.08,4.19,271.73,374.2,37.03,1.22,6.1,11.89,2.15,7.02,7.26,51.56,0,61.71,3.49,199.61,4.35,199.28
2022,5,28,10,2.15,3.44,4.58,275.45,418.45,38.29,1.38,7.15,13.02,2.52,7.77,7.45,49.12,0,61.7,4.29,199.79,5.42,199.61
2022,5,28,11,1.73,3.04,4.71,218.48,358.4,26.91,0.94,4.95,13.52,2.95,8.24,7.69,49,0,61.68,4.92,200.53,6.27,200.42
2022,5,28,12,1.83,3.01,4.59,217.75,349.88,26.53,0.91,4.67,13.46,3.36,8.4,7.93,50.69,0,61.65,5.36,201.71,6.88,201.52
2022,5,28,13,1.45,2.67,4.21,170.1,309.3,20.74,0.66,3.25,12.65,3.73,8.19,8.12,54.75,0.01,61.62,5.52,203.19,7.12,203.07
2022,5,28,14,1.3,2.13,3.6,151.5,245.92,17.98,0.49,2.6,11.58,3.93,7.75,8.24,59.56,0.01,61.62,5.5,204.85,7.14,204.71
2022,5,28,15,0.89,1.46,2.81,103.02,168.27,12.08,0.26,1.3,10.15,3.98,7.07,8.24,65.56,0.01,61.64,5.22,206.76,6.81,206.59
2022,5,28,16,0.5,0.78,1.88,55.05,89.85,6.48,0.09,0.42,8.58,3.86,6.22,8.18,72.31,0.01,61.66,4.6,208.04,6.03,207.89
2022,5,28,17,0.19,0.25,0.88,20.27,29.75,2.45,0.01,0.05,7.05,3.83,5.44,8.18,80.31,0,61.69,3.67,207.55,4.83,207.43
2022,5,28,18,0.02,0.01,0.07,0.9,1.4,0.12,0,0,5.76,4.05,4.9,8.3,89.06,0,61.74,2.54,203.73,3.39,203.61
2022,5,28,19,0,0,0,0,0,0,0,0,5.19,4.15,4.66,8.36,93.44,0,61.77,1.96,201.97,2.65,202.18
2022,5,28,20,0,0,0,0,0,0,0,0,4.76,4.14,4.44,8.36,96.31,0,61.8,1.57,204.14,2.18,204.73
2022,5,28,21,0,0,0,0,0,0,0,0,4.41,4.05,4.23,8.3,98.19,0,61.81,1.35,206.86,1.95,208.21
2022,5,28,22,0,0,0,0,0,0,0,0,4.01,3.9,3.96,8.24,100,0,61.8,0.95,213.3,1.51,214.26
2022,5,28,23,0,0,0,0,0,0,0,0,3.58,3.69,3.64,8.12,100,0,61.77,0.72,217.98,1.32,216.8
2022,5,29,0,0,0,0,0,0,0,0,0,3.31,3.49,3.4,8,100,0,61.74,0.68,217.53,1.31,215.3
2022,5,29,1,0,0,0,0,0,0,0,0,3.04,3.3,3.17,7.93,100,0,61.71,0.64,213.5,1.3,211.97
2022,5,29,2,0,0,0,0,0,0,0,0,2.78,3.12,2.95,7.81,100,0,61.68,0.61,214.09,1.28,212.82
2022,5,29,3,0,0,0,0,0,0,0,0,2.55,2.93,2.74,7.75,100,0,61.68,0.59,210.96,1.23,209.34
2022,5,29,4,0.02,0.01,0.06,0.85,1,0.11,0,0,2.25,2.69,2.48,7.57,100,0,61.7,0.58,206.22,1.15,204.99
2022,5,29,5,0.18,0.24,0.84,19.8,27.3,2.14,0.01,0.05,3.37,2.43,2.9,7.45,94.38,0,61.73,1.02,207.74,1.33,207.62
2022,5,29,6,0.63,0.82,1.84,69.67,93.23,8.4,0.1,0.52,5.15,1.81,3.48,7.08,79.56,0,61.77,1.7,217.13,2.07,217.17
2022,5,29,7,0.99,1.61,2.77,116.45,187.62,14.69,0.3,1.52,7.46,1.4,4.44,6.9,65.81,0,61.79,2.58,207.65,3.18,207.51
2022,5,29,8,1.4,2.38,3.57,168.7,279.88,21.77,0.6,3.17,9.67,1.31,5.49,6.84,56.19,0,61.81,3.42,203.87,4.25,203.88
2022,5,29,9,1.81,3,4.19,223.67,355.98,29.51,0.95,4.7,11.38,1.17,6.27,6.77,49.62,0,61.81,4.23,203.3,5.3,203.28
2022,5,29,10,1.91,3.42,4.58,235.35,406.27,31.39,1.11,5.62,12.68,1.07,6.87,6.71,45.19,0,61.81,4.96,204.35,6.27,204.36
2022,5,29,11,1.26,3.29,4.71,158.65,381.5,20.11,0.69,3.58,13.26,1.12,7.19,6.71,43.69,0,61.8,5.5,205.84,6.99,205.85
2022,5,29,12,1.16,3.22,4.59,146.38,375.38,18.88,0.62,3.2,13.24,1.3,7.27,6.84,44.25,0,61.78,5.73,207.02,7.3,207
2022,5,29,13,0.9,2.9,4.21,113.2,338.48,14.95,0.46,2.3,12.96,1.37,7.16,6.84,45.25,0,61.77,5.71,208.46,7.29,208.43
2022,5,29,14,0.8,2.37,3.6,101.33,276.5,13.2,0.37,1.95,12.25,1.43,6.83,6.9,47.62,0,61.76,5.34,208.36,6.83,208.35
2022,5,29,15,0.65,1.63,2.81,82.08,192.58,10.62,0.23,1.12,11.16,1.39,6.28,6.84,51.06,0,61.77,4.77,207.4,6.08,207.29
2022,5,29,16,0.5,0.94,1.89,58.83,109.9,7.37,0.09,0.48,9.76,1.28,5.52,6.77,55.62,0,61.77,4.05,206.57,5.19,206.45
2022,5,29,17,0.21,0.32,0.89,22.92,36.83,2.87,0.02,0.08,7.9,1.31,4.61,6.84,63.31,0,61.8,3.16,204.35,4.11,204.23
2022,5,29,18,0.02,0.02,0.08,1.25,1.77,0.18,0,0,5.76,1.9,3.83,7.14,76.62,0,61.83,1.87,196.77,2.59,196.85
2022,5,29,19,0,0,0,0,0,0,0,0,4.66,2.45,3.55,7.39,86.06,0,61.87,1.35,188.32,1.88,189.31
2022,5,29,20,0,0,0,0,0,0,0,0,3.94,2.69,3.31,7.57,92.19,0,61.9,1.02,179.56,1.46,182.14
2022,5,29,21,0,0,0,0,0,0,0,0,3.34,2.71,3.03,7.57,96.56,0,61.9,0.81,161.39,1.16,167.55
2022,5,29,22,0,0,0,0,0,0,0,0,2.94,2.59,2.76,7.51,98.5,0,61.89,0.52,152.28,0.8,159.97
2022,5,29,23,0,0,0,0,0,0,0,0,2.71,2.33,2.52,7.39,98.31,0,61.86,0.63,128.99,0.86,136.85
2022,5,30,0,0,0,0,0,0,0,0,0,2.44,2.03,2.23,7.2,98.12,0,61.83,0.63,115.92,0.83,121.15
2022,5,30,1,0,0,0,0,0,0,0,0,2,1.74,1.87,7.08,99.25,0,61.8,0.29,119.36,0.52,117.72
2022,5,30,2,0,0,0,0,0,0,0,0,1.34,1.33,1.33,6.9,100,0,61.78,0.31,109.36,0.69,105.14
2022,5,30,3,0,0,0,0,0,0,0,0,0.9,0.98,0.94,6.71,100,0,61.78,0.35,97.59,0.73,96.14
2022,5,30,4,0.02,0.01,0.06,1.27,1.33,0.18,0,0,0.59,0.61,0.6,6.53,100,0,61.79,0.37,80.34,0.74,80.84
2022,5,30,5,0.31,0.31,0.84,33.17,34.7,4.12,0.02,0.08,2.17,0.12,1.15,6.29,87.25,0.01,61.82,0.54,70.51,0.81,70.16
2022,5,30,6,0.95,0.98,1.84,105.62,111.67,12.72,0.16,0.77,4.76,-1.3,1.73,5.68,65.75,0,61.85,0.38,126.63,0.47,125.54
2022,5,30,7,1.56,1.74,2.77,182.55,203.5,23.04,0.47,2.35,7.39,-2.85,2.27,5.07,48.94,0,61.87,1.34,203.73,1.61,203.82
2022,5,30,8,2.18,2.49,3.57,260.25,293.1,33.92,0.91,4.7,9.77,-3.77,3,4.7,38.56,0,61.88,2.58,207.26,3.15,207.01
2022,5,30,9,2.71,3.1,4.19,325.05,365.3,43.44,1.38,7,11.77,-4,3.88,4.58,33.06,0,61.88,3.71,205.54,4.62,205.35
2022,5,30,10,2.91,3.49,4.58,353.67,412.38,48.26,1.66,8.83,13.12,-3.54,4.8,4.76,31.31,0,61.87,4.74,205.17,5.98,205.06
2022,5,30,11,2.81,3.53,4.71,347.6,414.1,46.68,1.65,8.85,13.72,-2.44,5.64,5.19,32.81,0,61.87,5.51,205.44,7.01,205.34
2022,5,30,12,2.46,3.4,4.59,297.6,399.95,40.47,1.4,7.35,13.61,-1.02,6.29,5.8,36.69,0,61.85,5.93,206.19,7.59,206.09
2022,5,30,13,2.32,3.04,4.21,279.35,357.5,37.05,1.19,6,12.98,0.21,6.6,6.29,41.75,0,61.84,5.96,206.57,7.64,206.54
2022,5,30,14,1.83,2.46,3.61,220.12,290.48,28.82,0.79,4.15,12.01,1.05,6.53,6.71,47.12,0.01,61.82,5.59,206.57,7.16,206.51
2022,5,30,15,1.26,1.74,2.82,150.17,206.27,19.37,0.41,2.05,10.98,1.24,6.12,6.77,51.12,0.02,61.8,5.1,207.23,6.55,207.18
2022,5,30,16,0.78,1.01,1.89,90.95,117.33,11.34,0.15,0.73,9.45,1.33,5.39,6.84,57.06,0.03,61.8,4.51,207.76,5.83,207.56
2022,5,30,17,0.27,0.34,0.9,29.5,38.83,3.7,0.02,0.08,7.26,1.73,4.5,7.02,68.25,0.04,61.82,3.63,206.73,4.76,206.61
2022,5,30,18,0.02,0.02,0.08,1.4,1.88,0.2,0,0,5.04,2.3,3.67,7.32,82.94,0.02,61.85,2.29,200.17,3.1,200.35
2022,5,30,19,0,0,0,0,0,0,0,0,4.08,2.58,3.33,7.51,90.56,0.03,61.88,1.75,195.84,2.38,196.59
2022,5,30,20,0,0,0,0,0,0,0,0,3.47,2.47,2.97,7.45,93.88,0.03,61.92,1.52,199.46,2.14,200.95
2022,5,30,21,0,0,0,0,0,0,0,0,3.05,2.35,2.69,7.39,96,0.04,61.93,1.45,204.78,2.07,205.98
2022,5,30,22,0,0,0,0,0,0,0,0,2.69,2.19,2.44,7.26,97.31,0.05,61.92,1.36,206.71,1.95,208
2022,5,30,23,0,0,0,0,0,0,0,0,2.4,1.97,2.19,7.2,97.88,0.05,61.9,1.28,208.13,1.85,209.8
2022,5,31,0,0,0,0,0,0,0,0,0,2.08,1.76,1.92,7.08,98.75,0.04,61.88,1.1,208.94,1.63,211.25
2022,5,31,1,0,0,0,0,0,0,0,0,1.72,1.58,1.65,6.96,100,0.03,61.85,0.69,209.74,1.13,211.71
2022,5,31,2,0,0,0,0,0,0,0,0,1.41,1.33,1.37,6.9,100,0.01,61.83,0.44,206.11,0.82,205.35
2022,5,31,3,0,0,0,0,0,0,0,0,1.08,1.05,1.06,6.71,100,0.01,61.83,0.34,191.82,0.69,188.5
2022,5,31,4,0.02,0.01,0.06,1.2,1.33,0.16,0,0,0.85,0.75,0.8,6.59,100,0.01,61.83,0.27,161.57,0.49,158.37
2022,5,31,5,0.32,0.31,0.85,34.75,34.33,4.38,0.02,0.08,1.72,0.01,0.87,6.23,89.38,0,61.85,0.66,100.91,0.81,98.37
2022,5,31,6,0.99,1,1.84,108.12,112.12,13.08,0.16,0.77,3.83,-1.41,1.21,5.62,69.62,0,61.87,0.99,100.87,1.2,100.14
2022,5,31,7,1.66,1.79,2.77,190.33,206.35,23.94,0.48,2.38,6.67,-3.33,1.67,4.88,49.5,0,61.88,1.33,157.2,1.59,157.1
2022,5,31,8,2.38,2.57,3.57,278.85,298,36.46,0.97,5.05,9.19,-4.79,2.2,4.33,37,0,61.89,2.34,192.74,2.84,192.89
2022,5,31,9,2.94,3.19,4.19,345.95,371.65,46.8,1.48,7.52,11.13,-5.47,2.83,4.09,30.62,0,61.88,3.36,202.99,4.13,203.07
2022,5,31,10,3.16,3.6,4.58,380.27,419.42,52.3,1.8,9.48,12.6,-5.95,3.33,3.91,26.62,0,61.87,4.24,205.9,5.28,205.96
2022,5,31,11,3.18,3.78,4.72,391.85,442.38,54.71,1.95,10.48,13.55,-6.41,3.57,3.78,24,0,61.84,4.96,206.97,6.25,206.98
2022,5,31,12,3.03,3.64,4.59,367.58,427.58,51.24,1.77,9.38,13.75,-6.41,3.67,3.72,23.69,0,61.81,5.34,207.05,6.78,207.01
2022,5,31,13,2.73,3.27,4.22,327.65,385.67,45.09,1.45,7.33,13.31,-5.89,3.71,3.91,25.44,0,61.8,5.4,207.38,6.87,207.35
2022,5,31,14,2.21,2.7,3.61,263.73,318.9,35.8,0.98,5.12,12.45,-5.2,3.62,4.15,28.44,0,61.8,5.17,207.46,6.58,207.51
2022,5,31,15,1.61,1.98,2.82,190.15,233.35,25.31,0.53,2.67,11.24,-4.67,3.29,4.33,32.12,0,61.8,4.69,207.93,5.97,207.87
2022,5,31,16,0.98,1.17,1.9,114.92,137.8,14.73,0.2,0.95,9.62,-4.28,2.67,4.46,36.94,0,61.81,3.99,208.42,5.08,208.38
2022,5,31,17,0.37,0.42,0.91,40.98,48.5,5.03,0.02,0.1,7.57,-3.91,1.83,4.58,43.69,0.01,61.84,3.08,208,4,208.07
2022,5,31,18,0.03,0.02,0.08,1.85,2.27,0.27,0,0,4.44,-2.47,0.98,5.13,60.75,0.01,61.88,1.28,205,2.16,204.99
2022,5,31,19,0,0,0,0,0,0,0,0,3.15,-2.5,0.32,5.13,66.31,0.01,61.92,0.89,201.15,1.53,201.31
2022,5,31,20,0,0,0,0,0,0,0,0,2.51,-2.64,-0.06,5.07,68.62,0.01,61.95,0.66,202.31,1.08,201.72
2022,5,31,21,0,0,0,0,0,0,0,0,2.1,-2.7,-0.31,5,70.31,0.01,61.96,0.41,202.62,0.61,201.67
2022,5,31,22,0,0,0,0,0,0,0,0,1.56,-2.7,-0.57,5.07,73.12,0.02,61.95,0.13,173.29,0.21,180
2022,5,31,23,0,0,0,0,0,0,0,0,0.88,-2.81,-0.96,5,76.25,0.01,61.93,0.2,87.71,0.24,91.85
2022,6,1,0,0,0,0,0,0,0,0,0,0.19,-2.91,-1.36,5,79.69,0.01,61.91,0.34,71.15,0.51,70.17
2022,6,1,1,0,0,0,0,0,0,0,0,-0.27,-3.08,-1.67,4.94,81.56,0,61.88,0.48,63.02,0.76,61.86
2022,6,1,2,0,0,0,0,0,0,0,0,-0.65,-3.3,-1.98,4.82,82.88,0,61.87,0.58,57.17,0.94,56.84
2022,6,1,3,0,0,0,0,0,0,0,0,-1.11,-3.67,-2.39,4.7,83.56,0,61.87,0.69,50.94,1.13,50.6
2022,6,1,4,0.03,0.02,0.06,1.62,1.67,0.23,0,0,-1.45,-4.09,-2.77,4.52,83.19,0,61.88,0.82,43.08,1.35,42.9
2022,6,1,5,0.39,0.41,0.85,43.58,45.98,5.32,0.02,0.1,0.52,-3.88,-1.67,4.64,72.25,0,61.91,0.99,36.69,1.51,38.29
2022,6,1,6,1.1,1.18,1.84,126.98,139.02,15.73,0.2,0.95,3.67,-3.9,-0.11,4.64,58,0,61.94,0.89,55.05,1.09,54.94
2022,6,1,7,1.9,2.01,2.77,224.27,239.27,29.23,0.59,2.98,6.51,-4.8,0.85,4.33,44.44,0,61.96,0.7,171.69,0.82,171.25
2022,6,1,8,2.67,2.75,3.57,320.25,328.8,43.41,1.17,5.92,9.3,-5.41,1.94,4.09,34.88,0,61.96,2.2,205.47,2.67,205.51
2022,6,1,9,3.08,3.33,4.19,371.98,398.55,51.98,1.66,8.58,11.62,-5.25,3.19,4.15,30.06,0,61.95,3.46,210.68,4.28,210.64
2022,6,1,10,3.35,3.7,4.58,411.52,443.12,58.35,2.05,10.88,13.23,-4.54,4.35,4.39,28.56,0,61.93,4.55,211.01,5.72,210.98
2022,6,1,11,3.2,3.73,4.72,397.38,443.1,55.41,1.98,10.65,14.06,-3.35,5.36,4.82,29.75,0,61.91,5.36,211.28,6.81,211.21
2022,6,1,12,2.99,3.62,4.59,364.15,430.23,50.77,1.77,9.33,14.12,-1.83,6.15,5.43,33.31,0,61.88,5.72,212.06,7.33,211.98
2022,6,1,13,2.85,3.27,4.22,343.75,389.42,46.98,1.53,7.7,13.79,-0.39,6.7,6.04,37.81,0.01,61.86,5.71,213.62,7.32,213.55
2022,6,1,14,2.2,2.72,3.61,264.52,323.85,35.95,1,5.2,13.12,0.53,6.83,6.41,42.19,0.03,61.85,5.45,214.67,6.99,214.58
2022,6,1,15,1.61,2.01,2.83,191.77,238.75,25.47,0.54,2.73,11.9,1.08,6.49,6.71,47.62,0.08,61.85,5.01,215.23,6.44,215.08
2022,6,1,16,0.95,1.23,1.9,109.25,144,14.09,0.19,0.92,10.25,1.4,5.83,6.84,54.44,0.09,61.86,4.42,215.94,5.72,215.77
2022,6,1,17,0.33,0.45,0.91,36.5,51.4,4.56,0.02,0.1,7.98,1.82,4.9,7.08,65.5,0.06,61.9,3.55,215.23,4.67,215.13
2022,6,1,18,0.03,0.02,0.09,1.77,2.45,0.26,0,0,5.74,2.45,4.1,7.39,79.94,0.06,61.94,2.29,209.19,3.12,209.58
2022,6,1,19,0,0,0,0,0,0,0,0,4.57,2.86,3.72,7.63,89.44,0.06,61.98,1.8,208.01,2.48,208.42
2022,6,1,20,0,0,0,0,0,0,0,0,3.9,2.85,3.37,7.63,93.81,0.07,62.01,1.6,213.07,2.28,214.24
2022,6,1,21,0,0,0,0,0,0,0,0,2.73,2.58,2.65,7.51,100,0.08,62.02,0.84,222.74,1.58,221.8
2022,6,1,22,0,0,0,0,0,0,0,0,2.62,2.37,2.5,7.39,99.62,0.08,62,1.05,222.27,1.65,224.23
2022,6,1,23,0,0,0,0,0,0,0,0,2.06,1.95,2.01,7.2,100,0.06,61.98,0.61,233.28,1.2,233.2
2022,6,2,0,0,0,0,0,0,0,0,0,1.47,1.37,1.42,6.9,100,0.05,61.95,0.55,242.7,1.04,242.86
2022,6,2,1,0,0,0,0,0,0,0,0,1.15,0.8,0.98,6.59,98.75,0.02,61.92,0.4,265.52,0.72,266.27
2022,6,2,2,0,0,0,0,0,0,0,0,0.72,0.21,0.47,6.35,97.75,0.01,61.89,0.15,315,0.29,313.92
2022,6,2,3,0,0,0,0,0,0,0,0,0.35,-0.36,-0.01,6.1,96.56,0.01,61.88,0.36,20.41,0.58,17.22
2022,6,2,4,0.03,0.02,0.06,1.65,1.75,0.23,0,0,0.01,-1.08,-0.53,5.8,93.75,0.01,61.88,0.78,25.54,1.16,23.1
2022,6,2,5,0.41,0.44,0.85,45.55,49.17,5.54,0.02,0.12,0.72,-1.92,-0.6,5.43,83.56,0,61.9,1.43,22.09,1.84,22.53
2022,6,2,6,1.1,1.24,1.84,126.92,144.88,15.74,0.2,0.98,3.24,-2.93,0.15,5,64.31,0,61.9,1.28,23.75,1.56,24.25
2022,6,2,7,1.81,2.07,2.77,214.98,245.15,28.47,0.59,2.95,6.42,-4.81,0.8,4.27,44.25,0,61.91,0.12,19.65,0.14,22.38
2022,6,2,8,2.33,2.81,3.57,279.88,333.85,38.74,1.08,5.55,9.16,-5.81,1.68,3.97,33.75,0,61.91,1.44,218.61,1.71,218.33
2022,6,2,9,2.65,3.39,4.19,319.38,402.88,45.48,1.51,7.67,11.48,-5.85,2.81,3.91,28.75,0,61.9,2.65,220.35,3.23,220
2022,6,2,10,2.8,3.77,4.58,341.5,447,49.62,1.8,9.45,13.29,-5.42,3.94,4.09,26.44,0,61.88,3.62,218.25,4.49,217.93
2022,6,2,11,2.67,3.8,4.72,330.58,448.48,46.89,1.72,9.23,14.45,-4.69,4.88,4.33,26,0,61.85,4.53,215.66,5.71,215.36
2022,6,2,12,2.68,3.7,4.59,324.67,437.33,46.11,1.67,8.8,14.84,-3.67,5.59,4.7,27.5,0,61.81,5.24,213.76,6.7,213.58
2022,6,2,13,2.27,3.37,4.22,273,397.9,38.73,1.29,6.6,14.35,-2.41,5.98,5.19,31.31,0.01,61.8,5.6,213.34,7.19,213.21
2022,6,2,14,1.92,2.82,3.62,228.98,333.3,32.16,0.93,4.9,13.29,-1.3,6,5.62,36.44,0.02,61.81,5.55,212.89,7.15,212.74
2022,6,2,15,1.4,2.11,2.83,164.17,248.73,22.38,0.5,2.48,11.87,-0.77,5.55,5.86,41.62,0.03,61.82,5.1,212.81,6.57,212.73
2022,6,2,16,0.79,1.3,1.91,91.85,152.12,12.02,0.16,0.8,10.21,-0.64,4.78,5.92,46.88,0.04,61.83,4.37,213.41,5.65,213.32
2022,6,2,17,0.31,0.5,0.92,32.83,56.85,4.02,0.02,0.1,8.19,-0.55,3.83,5.92,54.06,0.03,61.86,3.47,213.51,4.55,213.36
2022,6,2,18,0.03,0.03,0.09,2.05,2.7,0.3,0,0,5.61,0.07,2.84,6.23,67.69,0.02,61.9,1.64,213.77,2.52,213
2022,6,2,19,0,0,0,0,0,0,0,0,3.81,0.17,1.99,6.23,77.25,0.02,61.95,0.97,214.2,1.85,212.95
2022,6,2,20,0,0,0,0,0,0,0,0,2.94,-0.03,1.45,6.16,80.94,0.01,61.98,0.85,219.4,1.53,219.39
2022,6,2,21,0,0,0,0,0,0,0,0,2.3,-0.24,1.03,6.04,83.56,0.01,61.97,0.77,227.45,1.34,228.31
2022,6,2,22,0,0,0,0,0,0,0,0,1.81,-0.48,0.67,5.98,85.06,0.01,61.94,0.67,233.53,1.11,235.3
2022,6,2,23,0,0,0,0,0,0,0,0,1.36,-0.65,0.35,5.92,86.75,0,61.9,0.52,238.45,0.84,241.77
2022,6,3,0,0,0,0,0,0,0,0,0,1.06,-0.81,0.12,5.86,87.69,0,61.86,0.32,247.17,0.54,256.57
2022,6,3,1,0,0,0,0,0,0,0,0,0.61,-0.99,-0.19,5.8,89.44,0,61.82,0.15,334.8,0.32,316.97
2022,6,3,2,0,0,0,0,0,0,0,0,0.07,-1.23,-0.58,5.68,91.44,0,61.8,0.35,22.52,0.52,10.3
2022,6,3,3,0,0,0,0,0,0,0,0,-0.64,-1.53,-1.09,5.55,94.69,0,61.79,0.54,21.34,0.86,16.95
2022,6,3,4,0.03,0.02,0.06,1.7,1.83,0.24,0,0,-0.82,-1.9,-1.36,5.37,93.5,0,61.79,0.73,18.63,1.17,16.63
2022,6,3,5,0.4,0.45,0.85,43.83,50.25,5.16,0.02,0.1,0.93,-1.96,-0.52,5.37,81.38,0,61.8,1,9.02,1.44,11.92
2022,6,3,6,1.08,1.25,1.85,123.42,145.85,15.4,0.2,0.95,4.14,-2.74,0.7,5.07,61.06,0,61.83,0.84,3.21,1.01,3.11
2022,6,3,7,1.91,2.08,2.77,224.95,245.12,29.53,0.6,3,7.28,-4.16,1.56,4.52,43.88,0,61.84,0.96,246.99,1.14,247.11
2022,6,3,8,2.44,2.81,3.57,291.42,332.65,40.16,1.1,5.65,9.73,-4.92,2.41,4.27,34.88,0,61.84,2.14,226.04,2.6,225.73
2022,6,3,9,2.84,3.38,4.18,343.08,400.55,48.29,1.58,8.08,11.65,-4.95,3.35,4.21,30.62,0,61.85,3.11,219.09,3.83,218.79
2022,6,3,10,3.05,3.74,4.58,374.58,443.62,53.59,1.91,10.1,13.05,-4.56,4.25,4.33,28.75,0,61.84,4.03,215.29,5.03,215.07
2022,6,3,11,2.85,3.8,4.72,353.9,448.48,50.2,1.83,9.77,13.85,-3.93,4.96,4.58,28.69,0,61.83,4.78,213.79,6.03,213.65
2022,6,3,12,2.63,3.68,4.59,321.6,435.98,45.72,1.63,8.52,14.03,-3.2,5.41,4.88,30,0,61.81,5.28,213.41,6.72,213.28
2022,6,3,13,2.18,3.34,4.22,265.8,395.52,37.82,1.24,6.3,13.55,-2.45,5.55,5.13,32.81,0,61.79,5.5,214.3,7.04,214.24
2022,6,3,14,1.81,2.8,3.62,217.15,330.58,30.62,0.88,4.58,12.75,-1.95,5.4,5.37,35.94,0,61.78,5.45,215.56,7,215.5
2022,6,3,15,1.35,2.09,2.83,161.6,246.17,21.98,0.48,2.38,11.6,-1.82,4.89,5.37,39.12,0,61.79,5.08,216.94,6.55,216.9
2022,6,3,16,0.85,1.29,1.92,97.8,150.02,12.55,0.17,0.83,10.12,-1.88,4.12,5.37,43,0.01,61.8,4.52,218.34,5.86,218.23
2022,6,3,17,0.34,0.5,0.93,36.5,55.88,4.41,0.02,0.1,8.21,-1.88,3.16,5.37,48.88,0.01,61.84,3.69,219.08,4.89,218.9
2022,6,3,18,0.03,0.03,0.09,2.15,2.77,0.3,0,0,5.44,-1.19,2.13,5.68,62.25,0,61.9,1.71,218.13,2.75,217.26
2022,6,3,19,0,0,0,0,0,0,0,0,3.66,-1.35,1.15,5.55,69.69,0,61.95,1.14,215.22,2.15,213.86
2022,6,3,20,0,0,0,0,0,0,0,0,2.98,-1.79,0.59,5.37,70.75,0,61.99,1,210.96,1.78,210.62
2022,6,3,21,0,0,0,0,0,0,0,0,2.47,-2.2,0.13,5.25,71.19,0,62.01,0.87,209.55,1.47,210.23
2022,6,3,22,0,0,0,0,0,0,0,0,1.97,-2.52,-0.27,5.13,71.94,0,62,0.72,209.9,1.19,211.29
2022,6,3,23,0,0,0,0,0,0,0,0,1.69,-2.75,-0.53,5,72.12,0,61.98,0.51,205.39,0.81,209.54
2022,6,4,0,0,0,0,0,0,0,0,0,1.29,-2.93,-0.82,4.94,73.25,0,61.96,0.16,171.47,0.25,196.19
2022,6,4,1,0,0,0,0,0,0,0,0,0.59,-3.06,-1.24,4.88,76.31,0,61.93,0.22,45,0.25,32.2
2022,6,4,2,0,0,0,0,0,0,0,0,-0.26,-3.2,-1.74,4.88,80.5,0,61.9,0.43,39.14,0.64,36.03
2022,6,4,3,0,0,0,0,0,0,0,0,-0.81,-3.4,-2.1,4.76,83,0,61.89,0.62,36.29,0.97,34.2
2022,6,4,4,0.03,0.02,0.06,1.8,1.9,0.25,0,0,-1.27,-3.66,-2.47,4.7,84.56,0,61.89,0.77,29.96,1.27,29.57
2022,6,4,5,0.46,0.49,0.86,49.83,53.55,5.76,0.02,0.1,0.56,-3.62,-1.53,4.7,73.31,0,61.9,0.87,15.03,1.41,21.45
2022,6,4,6,1.24,1.3,1.85,141.73,151.1,17.37,0.21,1.05,4.22,-4.73,-0.26,4.33,51.88,0,61.92,0.93,24.4,1.13,24.97
2022,6,4,7,2.02,2.13,2.77,236.3,250.05,31.09,0.63,3.15,7.24,-6.06,0.59,3.85,37.75,0,61.94,0.25,209.74,0.3,209.93
2022,6,4,8,2.71,2.86,3.57,321.7,336.85,44.06,1.2,6.12,9.9,-6.71,1.59,3.66,29.81,0,61.95,1.94,211.64,2.34,211.36
2022,6,4,9,3.16,3.42,4.18,378.5,403.98,53.22,1.72,8.83,12.11,-6.87,2.62,3.6,25.38,0,61.96,3.49,209.49,4.33,209.3
2022,6,4,10,3.43,3.79,4.58,417.08,446.5,59.42,2.1,11.1,13.58,-6.73,3.43,3.66,23.25,0,61.95,4.71,208.52,5.95,208.45
2022,6,4,11,3.23,3.8,4.72,397.05,443.4,55.36,1.98,10.62,14.26,-6.4,3.94,3.72,22.88,0,61.94,5.57,208.83,7.12,208.82
2022,6,4,12,2.97,3.68,4.6,357.77,431.92,50.28,1.75,9.27,14.28,-5.99,4.15,3.85,23.62,0,61.93,6.02,209.96,7.73,209.93
2022,6,4,13,2.81,3.34,4.22,335.8,392.7,46.54,1.51,7.65,13.76,-5.56,4.1,4.03,25.31,0,61.93,6.08,211.97,7.83,211.94
2022,6,4,14,2.31,2.8,3.62,274.8,328.6,37.55,1.04,5.38,12.97,-5.35,3.81,4.09,27.12,0,61.93,5.71,213.84,7.35,213.86
2022,6,4,15,1.68,2.09,2.84,196.92,244.8,26.27,0.55,2.77,11.87,-5.4,3.24,4.09,29,0,61.93,5.09,215.76,6.55,215.78
2022,6,4,16,1,1.29,1.92,115.83,149.12,14.83,0.2,0.95,10.4,-5.56,2.42,4.03,31.56,0,61.94,4.35,216.97,5.62,216.87
2022,6,4,17,0.4,0.5,0.94,43.02,55.75,5.17,0.02,0.12,8.51,-5.61,1.45,3.97,35.75,0,61.97,3.33,216.52,4.44,216.49
2022,6,4,18,0.03,0.03,0.1,2.25,2.85,0.32,0,0,5.12,-3.75,0.69,4.64,52.5,0,62.01,1.38,212.97,2.46,212.02
2022,6,4,19,0,0,0,0,0,0,0,0,3.94,-4.1,-0.09,4.52,55.44,0,62.04,1.14,206.04,2.05,205.78
2022,6,4,20,0,0,0,0,0,0,0,0,3.46,-4.8,-0.67,4.27,54.19,0,62.08,1,202.14,1.7,202.92
2022,6,4,21,0,0,0,0,0,0,0,0,2.89,-5.29,-1.2,4.09,54.19,0,62.09,0.78,196.98,1.3,199.31
2022,6,4,22,0,0,0,0,0,0,0,0,2.5,-5.72,-1.61,3.97,53.75,0,62.08,0.52,185.19,0.82,190.45
2022,6,4,23,0,0,0,0,0,0,0,0,2.03,-5.95,-1.96,3.91,54.56,0,62.06,0.24,148.39,0.32,164.25
2022,6,5,0,0,0,0,0,0,0,0,0,1.23,-5.98,-2.38,3.85,57.69,0,62.04,0.29,49.4,0.38,45
2022,6,5,1,0,0,0,0,0,0,0,0,0.29,-6.13,-2.92,3.85,61,0,62.01,0.57,26.92,0.88,25.66
2022,6,5,2,0,0,0,0,0,0,0,0,-0.36,-6.24,-3.3,3.78,63.5,0,61.99,0.79,25.29,1.26,24.5
2022,6,5,3,0,0,0,0,0,0,0,0,-1.18,-6.35,-3.76,3.78,67.44,0,61.97,0.96,24.06,1.61,23.09
2022,6,5,4,0.03,0.02,0.06,1.67,1.8,0.23,0,0,-1.8,-6.43,-4.12,3.72,70.44,0,61.96,1.09,22.71,1.91,22.58
2022,6,5,5,0.42,0.44,0.86,44.33,47.17,5.24,0.02,0.1,0.27,-5.66,-2.69,3.97,63.5,0,61.96,1.32,14.78,2.1,18.71
2022,6,5,6,1.05,1.23,1.85,117.58,139.48,14.46,0.18,0.9,4.16,-6.55,-1.19,3.72,44.69,0,61.97,1.7,23.51,2.12,24.11
2022,6,5,7,1.73,2.05,2.77,201.95,237.9,26.55,0.55,2.75,7.27,-7.2,0.03,3.48,34.06,0,61.99,0.59,26.91,0.69,26.85
2022,6,5,8,2.38,2.79,3.57,282.5,325.7,38.54,1.08,5.58,10.05,-7.31,1.37,3.48,28,0,62.01,1.09,215.63,1.3,215.22
2022,6,5,9,2.71,3.37,4.18,320.55,394.27,45.16,1.48,7.58,12.51,-6.88,2.82,3.6,24.69,0,62.02,2.62,212.84,3.2,212.64
2022,6,5,10,3.09,3.74,4.57,375.8,437.98,53.05,1.91,9.98,14.33,-6.16,4.09,3.85,23.25,0,62.01,3.75,211.8,4.67,211.59
2022,6,5,11,2.99,3.72,4.72,365.08,431.38,49.85,1.8,9.7,15.44,-5.22,5.11,4.15,23.38,0,61.99,4.7,211.6,5.93,211.6
2022,6,5,12,2.91,3.62,4.6,347.52,421.27,47.63,1.68,8.88,15.73,-4.16,5.79,4.52,25,0,61.97,5.35,212.11,6.84,212.02
2022,6,5,13,2.62,3.29,4.23,311.85,382.95,42.46,1.4,7.05,15.29,-2.99,6.15,4.94,28.19,0,61.96,5.65,212.74,7.25,212.73
2022,6,5,14,2.2,2.75,3.63,260.08,319.48,34.95,0.98,5.08,14.23,-1.93,6.15,5.31,32.69,0,61.98,5.51,214.55,7.09,214.5
2022,6,5,15,1.62,2.05,2.84,187.58,236.42,24.64,0.53,2.65,12.83,-1.44,5.7,5.55,37.12,0,62,4.97,216.82,6.39,216.8
2022,6,5,16,0.96,1.25,1.93,109.23,142.15,13.74,0.19,0.92,11.2,-1.39,4.9,5.55,41.44,0,62.01,4.2,218.58,5.41,218.61
2022,6,5,17,0.44,0.48,0.94,46.95,52.3,5.8,0.03,0.15,9.19,-1.47,3.87,5.49,47.12,0,62.03,3.22,218.01,4.24,217.88
2022,6,5,18,0.04,0.03,0.1,2.7,2.85,0.38,0,0,5.94,-0.72,2.61,5.86,62.25,0,62.06,1.32,214.35,2.3,213.1
2022,6,5,19,0,0,0,0,0,0,0,0,4.38,-1.07,1.65,5.68,67.62,0,62.09,0.97,207.8,1.81,207.23
2022,6,5,20,0,0,0,0,0,0,0,0,3.81,-1.54,1.14,5.49,68,0,62.12,0.79,198.97,1.35,199.9
2022,6,5,21,0,0,0,0,0,0,0,0,3.26,-1.81,0.72,5.37,69.25,0,62.13,0.52,186.91,0.83,189.2
2022,6,5,22,0,0,0,0,0,0,0,0,2.83,-1.92,0.46,5.31,70.81,0,62.11,0.25,147.8,0.34,156.97
2022,6,5,23,0,0,0,0,0,0,0,0,1.95,-1.99,-0.02,5.31,75,0,62.08,0.25,60.26,0.36,57.34
2022,6,6,0,0,0,0,0,0,0,0,0,1.35,-2.08,-0.37,5.25,77.81,0,62.05,0.48,36.3,0.72,34.89
2022,6,6,1,0,0,0,0,0,0,0,0,0.85,-2.24,-0.7,5.19,79.62,0,62.02,0.67,28.66,1.06,27.13
2022,6,6,2,0,0,0,0,0,0,0,0,0.33,-2.51,-1.09,5.13,81.06,0,61.98,0.83,28.01,1.38,27
2022,6,6,3,0,0,0,0,0,0,0,0,-0.06,-2.83,-1.44,5,81.38,0,61.94,0.96,28.24,1.6,27.32
2022,6,6,4,0.03,0.02,0.07,1.67,1.83,0.23,0,0,-0.3,-3.15,-1.72,4.88,81,0,61.94,1.04,26.37,1.74,25.87
2022,6,6,5,0.42,0.44,0.86,44.23,47.83,5.17,0.02,0.1,1.81,-2.84,-0.51,5,71,0,61.96,1.13,14.04,1.77,18.75
2022,6,6,6,1.07,1.22,1.85,120.65,141.45,14.75,0.19,0.92,5.8,-3.22,1.29,4.82,52.06,0,61.99,1.23,0.73,1.51,0.59
2022,6,6,7,1.79,2.05,2.77,210.92,240.8,27.93,0.59,2.95,9.19,-3.7,2.75,4.64,39.81,0,62.01,1.05,300.96,1.26,300.84
2022,6,6,8,2.37,2.79,3.57,284.5,329.25,39.16,1.1,5.75,12.1,-4.02,4.04,4.52,31.94,0,62.02,1.62,247.02,1.95,246.92
2022,6,6,9,3.08,3.37,4.18,369.9,399.48,51.71,1.7,8.75,14.3,-3.9,5.2,4.58,27.94,0,62.02,2.6,223.18,3.2,222.92
2022,6,6,10,2.94,3.73,4.57,357.65,442.73,51.53,1.86,9.88,15.84,-3.38,6.23,4.76,26.38,0,62.01,3.66,215.52,4.57,215.32
2022,6,6,11,3.02,3.68,4.72,372.58,431.17,51.28,1.86,10.05,16.69,-2.51,7.09,5.13,26.75,0,61.97,4.53,213.61,5.73,213.5
2022,6,6,12,2.82,3.59,4.6,340.83,420.58,47.17,1.66,8.88,16.85,-1.45,7.7,5.55,28.69,0,61.94,5.12,213.42,6.54,213.41
2022,6,6,13,2.5,3.24,4.23,299.12,381.25,41.3,1.36,6.95,16.26,-0.3,7.98,6.04,32.44,0.02,61.91,5.37,213.85,6.88,213.8
2022,6,6,14,2.15,2.69,3.63,255.65,316.73,34.58,0.97,5.05,15.18,0.37,7.77,6.35,36.5,0.03,61.92,5.18,214.31,6.66,214.29
2022,6,6,15,1.6,1.98,2.85,187.62,232.67,24.59,0.53,2.65,13.69,0.53,7.12,6.41,40.56,0.04,61.92,4.74,215.55,6.09,215.55
2022,6,6,16,1,1.19,1.93,115.75,138.2,14.52,0.2,0.98,11.83,0.44,6.14,6.35,45.56,0.07,61.93,4.1,216.56,5.29,216.6
2022,6,6,17,0.42,0.45,0.95,44.9,50.15,5.45,0.03,0.12,9.57,0.41,4.99,6.35,52.81,0.06,61.95,3.23,216.54,4.25,216.47
2022,6,6,18,0.03,0.03,0.1,2.3,2.85,0.32,0,0,6.5,0.87,3.69,6.59,67.31,0.06,61.99,1.38,214.86,2.29,214.56
2022,6,6,19,0,0,0,0,0,0,0,0,4.79,0.77,2.78,6.53,75.25,0.05,62.02,0.88,211.57,1.64,211.57
2022,6,6,20,0,0,0,0,0,0,0,0,4.01,0.62,2.31,6.47,78.62,0.05,62.05,0.74,214.7,1.26,215.17
2022,6,6,21,0,0,0,0,0,0,0,0,3.34,0.4,1.87,6.35,81.12,0.05,62.05,0.57,222.8,0.94,225
2022,6,6,22,0,0,0,0,0,0,0,0,2.9,0.15,1.53,6.23,82.25,0.05,62.03,0.44,237.45,0.67,242.24
2022,6,6,23,0,0,0,0,0,0,0,0,2.42,-0.02,1.2,6.16,84,0.04,62.01,0.29,286.99,0.5,286.44
2022,6,7,0,0,0,0,0,0,0,0,0,1.8,-0.25,0.78,6.04,86.38,0.03,61.97,0.4,348.69,0.62,340.2
2022,6,7,1,0,0,0,0,0,0,0,0,1.06,-0.53,0.26,5.92,89.19,0.02,61.94,0.55,14.04,0.88,9.21
2022,6,7,2,0,0,0,0,0,0,0,0,0.61,-0.85,-0.12,5.8,90.06,0.02,61.92,0.71,25.44,1.16,21.73
2022,6,7,3,0,0,0,0,0,0,0,0,0.12,-1.2,-0.54,5.68,90.81,0.01,61.9,0.86,27.73,1.46,25.05
2022,6,7,4,0.03,0.02,0.07,1.58,1.7,0.23,0,0,-0.22,-1.58,-0.9,5.49,90.69,0.01,61.89,0.99,26.77,1.74,25.53
2022,6,7,5,0.36,0.38,0.86,39.62,42.33,4.91,0.02,0.1,1.91,-1.1,0.4,5.68,80.5,0,61.9,1.25,21.27,1.96,24.52
2022,6,7,6,0.99,1.11,1.85,114.23,128.9,14.34,0.19,0.92,5.38,-1.1,2.15,5.68,63.06,0,61.92,1.6,29.81,1.99,29.88
2022,6,7,7,1.69,1.92,2.77,199.67,226.05,25.95,0.55,2.77,8.73,-1.66,3.54,5.43,48,0,61.93,0.35,54.16,0.4,54.46
2022,6,7,8,2.3,2.65,3.57,276.48,314.33,36.96,1.03,5.4,11.67,-2.22,4.73,5.25,37.75,0,61.94,1.48,207.24,1.81,207.01
2022,6,7,9,2.85,3.23,4.18,344,383.83,47.2,1.54,7.88,13.93,-2.2,5.87,5.25,32.62,0,61.93,2.87,209.57,3.54,209.34
2022,6,7,10,3.05,3.61,4.57,372.15,428.8,52.08,1.85,9.88,15.64,-1.99,6.83,5.31,29.69,0,61.92,3.9,209.13,4.89,208.98
2022,6,7,11,2.97,3.63,4.72,363.95,426.02,50.12,1.8,9.83,16.73,-1.6,7.56,5.49,28.5,0,61.9,4.7,209.17,5.96,209.02
2022,6,7,12,3.01,3.51,4.6,366.15,412.73,49.78,1.76,9.35,17.05,-1,8.02,5.74,29.19,0,61.88,5.23,209.63,6.69,209.53
2022,6,7,13,2.68,3.16,4.23,319.3,371.35,42.91,1.4,7.17,16.53,-0.22,8.15,6.1,32,0.01,61.88,5.49,210.66,7.05,210.63
2022,6,7,14,2.28,2.6,3.63,270.6,305.17,35.6,0.99,5.15,15.45,0.44,7.94,6.35,36,0.01,61.9,5.45,210.57,7.03,210.44
2022,6,7,15,1.65,1.89,2.85,193.25,220.65,24.68,0.53,2.67,13.83,0.78,7.3,6.53,40.94,0.01,61.93,5.07,210.75,6.55,210.69
2022,6,7,16,1.05,1.14,1.94,119.42,129.5,14.66,0.2,1,11.9,0.89,6.4,6.59,46.81,0.01,61.96,4.36,211.21,5.64,211.18
2022,6,7,17,0.39,0.41,0.96,41.77,45.7,5.14,0.02,0.12,9.68,0.95,5.32,6.59,54.56,0.02,61.98,3.43,210.72,4.5,210.66
2022,6,7,18,0.03,0.03,0.11,2.12,2.75,0.3,0,0,7.08,1.39,4.23,6.84,67.12,0.02,62.03,1.67,209.81,2.52,209.35
2022,6,7,19,0,0,0,0,0,0,0,0,5.23,1.35,3.29,6.77,76.12,0.02,62.06,1.01,207.76,1.8,207.12
2022,6,7,20,0,0,0,0,0,0,0,0,4.42,1.15,2.79,6.71,79.44,0.02,62.08,0.77,208.38,1.3,208.25
2022,6,7,21,0,0,0,0,0,0,0,0,3.73,0.95,2.33,6.59,82.19,0.01,62.08,0.57,206.92,0.94,208.69
2022,6,7,22,0,0,0,0,0,0,0,0,3.08,0.77,1.93,6.53,84.94,0.01,62.05,0.38,198.06,0.59,204.88
2022,6,7,23,0,0,0,0,0,0,0,0,2.51,0.62,1.57,6.47,87.56,0.01,62.02,0.21,169.11,0.28,186.34
2022,6,8,0,0,0,0,0,0,0,0,0,1.8,0.47,1.13,6.41,91.25,0.01,61.99,0.13,97.13,0.1,94.4
2022,6,8,1,0,0,0,0,0,0,0,0,1.14,0.3,0.72,6.35,94.5,0.01,61.96,0.23,45,0.33,34.44
2022,6,8,2,0,0,0,0,0,0,0,0,0.65,0.07,0.37,6.23,96.31,0.01,61.94,0.39,36.87,0.59,30.96
2022,6,8,3,0,0,0,0,0,0,0,0,0.31,-0.23,0.04,6.1,96.56,0.01,61.92,0.59,32.01,0.94,27.63
2022,6,8,4,0.02,0.02,0.07,1.52,1.67,0.22,0,0,-0.03,-0.64,-0.34,5.92,96.06,0,61.9,0.78,28.61,1.31,25.49
2022,6,8,5,0.34,0.38,0.86,36.05,41.33,4.48,0.02,0.1,1.88,-0.49,0.7,5.98,84.62,0.01,61.9,1.05,15.48,1.61,19.58
2022,6,8,6,0.93,1.11,1.85,106.25,127.42,13.2,0.17,0.85,5.14,-0.71,2.21,5.86,66.06,0,61.9,1.58,16.1,1.95,16.04
2022,6,8,7,1.61,1.92,2.77,190.33,224.85,24.61,0.52,2.62,8.4,-1.52,3.44,5.49,49.62,0,61.9,1,5.36,1.19,4.89
2022,6,8,8,2.26,2.65,3.56,271.15,313.85,36.3,1.01,5.2,11.59,-2.38,4.6,5.19,37.5,0,61.9,0.6,247.78,0.71,247.38
2022,6,8,9,2.74,3.24,4.18,330.45,384.3,45.52,1.49,7.62,14.24,-2.73,5.76,5,30.69,0,61.89,2.14,215.32,2.6,214.98
2022,6,8,10,3.04,3.62,4.57,372.12,430.23,52.17,1.87,9.9,16.23,-2.68,6.77,5.07,27.12,0,61.87,3.49,212.02,4.36,211.81
2022,6,8,11,2.96,3.61,4.72,351.88,408.45,47.35,1.74,9.48,17.44,-2.36,7.55,5.19,25.75,0,61.84,4.59,210.58,5.83,210.41
2022,6,8,12,2.81,3.48,4.6,335.62,400.1,44.54,1.59,8.42,17.76,-1.74,8.01,5.43,26.44,0,61.82,5.36,209.78,6.9,209.64
2022,6,8,13,2.28,3.1,4.23,271.08,361.02,36.09,1.17,5.98,17.21,-0.92,8.14,5.8,29.12,0,61.81,5.72,210.1,7.4,209.98
2022,6,8,14,1.87,2.58,3.64,223.77,299.33,29.51,0.84,4.42,16.04,-0.09,7.98,6.16,33.38,0.01,61.82,5.63,212.65,7.3,212.55
2022,6,8,15,1.35,1.9,2.86,159.8,218.9,20.66,0.46,2.33,14.45,0.37,7.41,6.35,38.25,0.01,61.83,5.19,215.87,6.74,215.75
2022,6,8,16,0.91,1.15,1.94,103.9,130.58,13.03,0.19,0.9,12.62,0.6,6.61,6.47,43.75,0.02,61.84,4.47,218.25,5.83,218.14
2022,6,8,17,0.33,0.43,0.96,36.33,47.08,4.63,0.02,0.12,10.47,0.89,5.68,6.59,51.56,0.03,61.86,3.5,219.48,4.66,219.29
2022,6,8,18,0.03,0.03,0.11,2.08,2.9,0.29,0,0,7.48,1.52,4.5,6.9,66.06,0.03,61.9,1.58,219.99,2.58,218.61
2022,6,8,19,0,0,0,0,0,0,0,0,5.74,1.67,3.7,6.96,75.19,0.03,61.94,1.05,218.66,2.01,216.78
2022,6,8,20,0,0,0,0,0,0,0,0,4.8,1.65,3.22,6.96,80.12,0.04,61.98,0.91,213.15,1.71,211.95
2022,6,8,21,0,0,0,0,0,0,0,0,4.01,1.52,2.76,6.9,83.94,0.04,62,0.88,209.74,1.61,209.68
2022,6,8,22,0,0,0,0,0,0,0,0,3.35,1.33,2.34,6.77,86.69,0.04,62,0.86,207.49,1.54,208.12
2022,6,8,23,0,0,0,0,0,0,0,0,2.9,1.19,2.05,6.71,88.75,0.03,61.98,0.81,208.3,1.49,208.59
2022,6,9,0,0,0,0,0,0,0,0,0,2.44,0.98,1.7,6.65,90.25,0.03,61.97,0.77,210.96,1.41,211.4
2022,6,9,1,0,0,0,0,0,0,0,0,2.1,0.76,1.43,6.53,91.06,0.02,61.94,0.71,210.21,1.26,212.31
2022,6,9,2,0,0,0,0,0,0,0,0,1.76,0.53,1.15,6.41,91.81,0.02,61.91,0.52,208.47,0.86,212.83
2022,6,9,3,0,0,0,0,0,0,0,0,1.48,0.4,0.94,6.35,92.94,0.01,61.88,0.11,162.9,0.13,200.56
2022,6,9,4,0.02,0.02,0.07,1.48,1.65,0.21,0,0,0.78,0.21,0.5,6.29,96.31,0.01,61.87,0.39,27.6,0.61,22.62
2022,6,9,5,0.35,0.37,0.86,38.88,40.65,4.95,0.02,0.1,2.17,0.33,1.26,6.35,88.12,0,61.87,0.83,8.66,1.18,11.83
2022,6,9,6,0.96,1.1,1.85,110.45,126.02,13.84,0.18,0.88,5.26,0.03,2.65,6.23,69.31,0,61.88,1,355.09,1.21,355.17
2022,6,9,7,1.62,1.92,2.77,189.83,223.92,24.55,0.52,2.58,8.68,-1.24,3.72,5.68,49.94,0,61.88,0.71,258.57,0.84,258.17
2022,6,9,8,2.23,2.67,3.56,266.65,313.6,35.95,1.01,5.3,11.71,-2.65,4.53,5.07,36.62,0,61.88,2.37,213.17,2.89,212.87
2022,6,9,9,2.84,3.27,4.18,340.1,384.5,46.53,1.52,7.67,13.58,-2.79,5.4,5,32,0,61.89,3.72,206.94,4.64,206.91
2022,6,9,10,3.06,3.64,4.57,374.5,430.08,52.23,1.86,9.75,14.7,-2.35,6.17,5.19,30.75,0,61.89,4.7,205.71,5.93,205.69
2022,6,9,11,2.83,3.54,4.72,346,412.27,45.89,1.64,8.8,15.09,-1.6,6.75,5.49,31.81,0,61.87,5.27,205.92,6.69,205.88
2022,6,9,12,2.6,3.45,4.6,317.7,402.7,42.41,1.48,7.77,14.98,-0.77,7.1,5.86,34.06,0,61.86,5.41,206.31,6.88,206.27
2022,6,9,13,2.14,3.11,4.23,257.8,364.75,34.91,1.12,5.7,14.57,-0.2,7.19,6.1,36.38,0,61.85,5.29,207.17,6.72,207.19
2022,6,9,14,1.57,2.58,3.64,190.17,302.17,25.66,0.73,3.85,13.92,0.01,6.97,6.16,38.5,0,61.84,5.12,208.32,6.52,208.35
2022,6,9,15,1.1,1.89,2.86,132.58,221,17.64,0.4,1.98,12.74,0.08,6.41,6.23,41.81,0,61.84,4.79,209.95,6.12,209.94
2022,6,9,16,0.69,1.15,1.95,79.55,132.45,10.33,0.15,0.73,11.11,0.05,5.58,6.23,46.44,0,61.85,4.24,211.14,5.46,211.12
2022,6,9,17,0.18,0.43,0.97,19.52,47.92,2.52,0.02,0.08,9.03,0.11,4.57,6.23,53.62,0,61.88,3.49,210.52,4.58,210.54
2022,6,9,18,0.03,0.03,0.11,2.48,3,0.35,0,0,6.56,0.72,3.64,6.53,66.38,0.01,61.93,1.88,208.48,2.75,208.09
2022,6,9,19,0,0,0,0,0,0,0,0,5.11,1.27,3.19,6.77,76.44,0.02,61.98,1.23,206.73,1.97,205.65
2022,6,9,20,0,0,0,0,0,0,0,0,4.41,1.51,2.96,6.9,81.69,0.01,62.02,1.08,206.57,1.66,205.6
2022,6,9,21,0,0,0,0,0,0,0,0,3.82,1.58,2.7,6.96,85.75,0.02,62.04,1.16,202.95,1.75,202.8
2022,6,9,22,0,0,0,0,0,0,0,0,3.21,1.69,2.45,7.02,90.31,0.02,62.03,0.93,202.25,1.48,202.36
2022,6,9,23,0,0,0,0,0,0,0,0,2.67,1.7,2.19,7.02,94.06,0.02,61.99,0.68,199.48,1.21,199.95
2022,6,10,0,0,0,0,0,0,0,0,0,2.18,1.67,1.92,7.02,97.19,0.02,61.95,0.55,193.24,1.12,191.7
2022,6,10,1,0,0,0,0,0,0,0,0,1.8,1.59,1.7,6.96,99.38,0.01,61.91,0.45,181.97,0.94,180
2022,6,10,2,0,0,0,0,0,0,0,0,1.55,1.48,1.51,6.96,100,0.01,61.88,0.38,165.68,0.75,164.22
2022,6,10,3,0,0,0,0,0,0,0,0,1.41,1.36,1.38,6.9,100,0.01,61.86,0.31,152.78,0.62,149.53
2022,6,10,4,0.02,0.02,0.07,1.45,1.7,0.21,0,0,1.48,1.29,1.39,6.84,99.56,0,61.86,0.21,150.52,0.46,141.95
2022,6,10,5,0.35,0.37,0.86,39.52,41.23,5,0.02,0.1,2.87,1.14,2.01,6.77,89,0,61.87,0.43,163.2,0.54,163.94
2022,6,10,6,1.04,1.1,1.84,118.88,127.73,14.66,0.19,0.95,4.85,0.69,2.77,6.53,74.94,0,61.89,1.22,220.32,1.49,221.19
2022,6,10,7,1.64,1.88,2.77,194.38,222.6,24.86,0.53,2.67,7.46,0.08,3.77,6.23,59.88,0,61.91,2.05,224.54,2.51,224.62
2022,6,10,8,2.28,2.61,3.56,275.17,310.83,36.67,1.03,5.48,10,-0.52,4.73,5.98,48.06,0,61.92,2.77,218.94,3.41,218.68
2022,6,10,9,2.68,3.2,4.18,325.48,380.9,44.62,1.47,7.45,11.89,-0.65,5.62,5.92,42,0,61.9,3.39,213.91,4.19,213.6
2022,6,10,10,2.8,3.58,4.57,342.42,426.48,47.84,1.7,9.1,13.21,-0.41,6.4,5.98,39.19,0,61.87,4.01,211.96,5.02,211.84
2022,6,10,11,2.46,3.5,4.72,306.08,410.83,40.93,1.48,7.98,14.2,-0.01,7.09,6.16,37.88,0,61.84,4.58,212.04,5.78,211.91
2022,6,10,12,2.18,3.41,4.6,270.48,401.88,36.7,1.3,6.85,14.56,0.55,7.55,6.47,38.5,0,61.8,5.02,212.48,6.37,212.33
2022,6,10,13,1.9,3.08,4.24,231.62,364.38,31.22,1.04,5.23,14.19,1.32,7.75,6.84,41.75,0,61.78,5.27,212.58,6.73,212.34
2022,6,10,14,1.26,2.54,3.64,158.5,301.58,21.35,0.62,3.27,13.12,2.08,7.61,7.2,47.31,0,61.77,5.25,212.72,6.74,212.6
2022,6,10,15,1.15,1.89,2.87,132.23,222.77,17.48,0.41,2.02,11.46,2.62,7.04,7.51,54.81,0,61.77,5.02,211.71,6.49,211.57
2022,6,10,16,0.65,1.12,1.96,73.27,131.83,9.34,0.14,0.67,9.46,2.94,6.19,7.69,64,0,61.79,4.55,211.72,5.92,211.61
2022,6,10,17,0.23,0.42,0.97,25.23,47.7,3.11,0.02,0.08,7.51,3.15,5.33,7.75,74.12,0.01,61.82,3.76,211.68,4.94,211.55
2022,6,10,18,0.03,0.03,0.12,2.4,3.1,0.34,0,0,5.9,3.33,4.61,7.87,83.88,0.01,61.86,2.85,211.07,3.77,211.09
2022,6,10,19,0,0,0,0,0,0,0,0,5.07,3.25,4.15,7.81,88.38,0.01,61.9,2.38,212.38,3.15,212.35
2022,6,10,20,0,0,0,0,0,0,0,0,4.6,3.08,3.84,7.75,90.31,0.01,61.94,2.04,216.61,2.75,216.45
2022,6,10,21,0,0,0,0,0,0,0,0,4.15,2.96,3.55,7.69,92.5,0.01,61.96,1.72,220.94,2.33,221.33
2022,6,10,22,0,0,0,0,0,0,0,0,3.74,2.77,3.26,7.57,94,0,61.95,1.41,222.08,1.96,223.06
2022,6,10,23,0,0,0,0,0,0,0,0,3.31,2.57,2.94,7.45,95.62,0,61.92,1.07,214.62,1.54,217.16
2022,6,11,0,0,0,0,0,0,0,0,0,2.92,2.45,2.69,7.45,97.5,0,61.88,0.83,191.94,1.2,196.66
2022,6,11,1,0,0,0,0,0,0,0,0,2.73,2.38,2.55,7.39,98.5,0,61.85,0.55,175.91,0.87,180.52
2022,6,11,2,0,0,0,0,0,0,0,0,2.71,2.34,2.53,7.39,98.38,0,61.83,0.74,164.8,1.1,169.73
2022,6,11,3,0,0,0,0,0,0,0,0,2.55,2.29,2.41,7.39,99.25,0,61.82,0.52,177.44,0.81,183.85
2022,6,11,4,0.02,0.02,0.07,1.42,1.77,0.2,0,0,2.26,2.17,2.22,7.32,100,0,61.82,0.27,213.23,0.55,209.85
2022,6,11,5,0.31,0.39,0.86,34.62,43.73,4.47,0.02,0.1,3.35,1.85,2.6,7.14,90.75,0,61.82,0.33,248.96,0.43,253.2
2022,6,11,6,0.9,1.12,1.84,106.02,132.85,13.64,0.19,0.9,5.87,0.78,3.32,6.59,70.25,0,61.84,0.88,284.41,1.08,285.15
2022,6,11,7,1.48,1.94,2.77,176.95,231.75,23.54,0.52,2.58,8.94,-0.45,4.25,5.98,51.88,0,61.85,1.43,247.21,1.74,247.24
2022,6,11,8,2.2,2.68,3.56,268.48,321.38,36.83,1.05,5.48,11.44,-1.13,5.16,5.68,41.75,0,61.86,2.36,222.45,2.9,222.06
2022,6,11,9,2.5,3.26,4.18,304.8,392.15,43.19,1.45,7.35,13.27,-1.24,6.01,5.68,36.69,0.01,61.86,3.37,212.81,4.22,212.37
2022,6,11,10,2.8,3.64,4.57,346.85,438.1,49.8,1.82,9.65,14.37,-0.95,6.71,5.8,34.94,0.02,61.86,4.28,210.03,5.4,209.68
2022,6,11,11,2.89,3.63,4.72,362.6,432.45,49.95,1.84,9.98,14.76,-0.35,7.2,6.04,35.69,0.05,61.86,4.94,210.01,6.29,209.82
2022,6,11,12,2.88,3.52,4.6,357.75,422.02,49.39,1.77,9.45,14.58,0.38,7.48,6.41,38.06,0.09,61.85,5.2,211.35,6.64,211.18
2022,6,11,13,2.31,3.19,4.24,283.15,383.55,39.02,1.31,6.65,14.04,1.21,7.62,6.77,41.94,0.11,61.85,5.26,212.44,6.73,212.25
2022,6,11,14,1.85,2.65,3.65,226.6,319.7,30.9,0.91,4.77,12.92,1.93,7.42,7.14,47.44,0.12,61.84,5,213.79,6.41,213.57
2022,6,11,15,1.22,1.95,2.87,150.05,236.35,20.41,0.47,2.38,11.52,2.34,6.94,7.39,53.62,0.11,61.84,4.53,215.74,5.84,215.52
2022,6,11,16,0.63,1.2,1.96,74.95,143.52,9.9,0.15,0.73,9.9,2.63,6.26,7.51,60.94,0.1,61.84,3.96,218.27,5.12,218.06
2022,6,11,17,0.17,0.45,0.98,18.52,53.02,2.49,0.02,0.08,8.08,2.82,5.45,7.63,69.75,0.08,61.86,3.2,220.94,4.16,220.81
2022,6,11,18,0.03,0.03,0.12,2.35,3.38,0.34,0,0,6.55,3.08,4.81,7.75,79,0.07,61.91,2.37,222.2,3.15,222.19
2022,6,11,19,0,0,0,0,0,0,0,0,5.64,3.33,4.49,7.87,85.56,0.07,61.95,1.91,224.83,2.55,224.88
2022,6,11,20,0,0,0,0,0,0,0,0,4.98,3.43,4.2,7.93,90.31,0.07,61.99,1.47,229.3,2.02,229.85
2022,6,11,21,0,0,0,0,0,0,0,0,4.38,3.44,3.91,7.93,94.44,0.06,62.01,1.15,235.55,1.67,237.05
2022,6,11,22,0,0,0,0,0,0,0,0,3.87,3.37,3.62,7.93,97.5,0.04,62,0.72,246.23,1.18,247.5
2022,6,11,23,0,0,0,0,0,0,0,0,3.46,3.18,3.32,7.81,99.06,0.02,61.98,0.56,259.48,1.03,256.91
2022,6,12,0,0,0,0,0,0,0,0,0,3.16,2.85,3.01,7.63,98.88,0.01,61.96,0.48,270,0.96,266.25
2022,6,12,1,0,0,0,0,0,0,0,0,2.86,2.36,2.61,7.39,97.44,0,61.93,0.49,287.57,0.91,286.89
2022,6,12,2,0,0,0,0,0,0,0,0,2.62,1.9,2.26,7.14,95.88,0,61.91,0.55,318.43,0.97,318.25
2022,6,12,3,0,0,0,0,0,0,0,0,2.31,1.33,1.82,6.84,93.88,0,61.89,0.67,341.77,1.17,340.96
2022,6,12,4,0.02,0.02,0.07,1.4,1.8,0.21,0,0,1.93,0.72,1.33,6.53,92.06,0,61.89,0.71,355.55,1.22,353.38
2022,6,12,5,0.28,0.39,0.86,30.73,45.45,3.76,0.02,0.08,3.75,0.77,2.26,6.53,81.25,0,61.91,1.06,1.26,1.48,1.52
2022,6,12,6,0.79,1.14,1.84,90.52,137.42,11.53,0.16,0.77,6.73,0.22,3.48,6.29,63.44,0,61.93,1.18,358.86,1.45,358.45
2022,6,12,7,1.28,1.93,2.76,155.6,234.52,21.12,0.46,2.3,9.88,-0.88,4.5,5.8,47.12,0,61.95,0.19,231.71,0.23,230.44
2022,6,12,8,2,2.66,3.56,245.25,322.73,33.98,0.97,5.08,12.44,-1.45,5.49,5.55,38.12,0,61.95,2.17,198.5,2.68,198.54
2022,6,12,9,2.43,3.24,4.18,301.4,391.77,42.59,1.41,7.27,14.09,-1.1,6.5,5.68,35.06,0,61.95,3.64,201.28,4.57,201.35
2022,6,12,10,2.7,3.61,4.57,338,436.08,48.19,1.75,9.23,15.12,-0.45,7.34,5.98,34.44,0,61.95,4.61,204.44,5.85,204.48
2022,6,12,11,2.82,3.68,4.72,356.15,440.33,49.84,1.84,9.95,15.5,0.34,7.92,6.35,35.69,0.01,61.94,5.2,207.76,6.62,207.77
2022,6,12,12,2.61,3.58,4.6,322.23,429.25,45.65,1.65,8.77,15.31,1.19,8.25,6.71,38.44,0.03,61.93,5.45,210.68,6.97,210.68
2022,6,12,13,2.38,3.25,4.24,291.42,389.52,40.57,1.36,6.95,14.93,1.77,8.35,7.02,41.06,0.05,61.91,5.49,212.67,7.03,212.7
2022,6,12,14,2.02,2.7,3.65,246.02,324.17,33.72,0.98,5.12,13.97,2.26,8.11,7.26,45.25,0.06,61.92,5.34,213.48,6.86,213.47
2022,6,12,15,1.49,2,2.87,179.15,238.9,23.92,0.54,2.7,12.63,2.51,7.57,7.39,50.25,0.06,61.93,5.02,215.3,6.48,215.28
2022,6,12,16,0.86,1.2,1.97,99.95,142.75,12.77,0.18,0.9,10.96,2.66,6.81,7.51,56.81,0.06,61.95,4.45,216.87,5.78,216.81
2022,6,12,17,0.39,0.46,0.99,43.5,53.23,5.41,0.03,0.15,8.93,2.83,5.88,7.57,65.94,0.02,61.98,3.62,218.08,4.75,217.98
2022,6,12,18,0.04,0.03,0.12,2.8,3.48,0.39,0,0,7.09,3.08,5.08,7.75,76.06,0.02,62.04,2.56,216.55,3.44,216.51
2022,6,12,19,0,0,0,0,0,0,0,0,5.95,3.48,4.72,7.93,84.69,0.02,62.11,1.97,213.5,2.67,213.32
2022,6,12,20,0,0,0,0,0,0,0,0,5.26,3.65,4.46,8.06,90.06,0.02,62.16,1.57,221.16,2.18,221.36
2022,6,12,21,0,0,0,0,0,0,0,0,4.54,3.69,4.11,8.06,95,0.02,62.18,0.9,228.86,1.42,229.23
2022,6,12,22,0,0,0,0,0,0,0,0,3.76,3.55,3.66,8,99.44,0.02,62.18,0.62,236.92,1.25,235.21
2022,6,12,23,0,0,0,0,0,0,0,0,3.31,3.3,3.3,7.87,100,0.01,62.16,0.59,243.43,1.13,242.72
2022,6,13,0,0,0,0,0,0,0,0,0,3.08,2.91,2.99,7.63,99.88,0.01,62.12,0.52,255.34,0.88,255.59
2022,6,13,1,0,0,0,0,0,0,0,0,2.88,2.41,2.65,7.39,97.62,0.01,62.09,0.41,289.13,0.64,289.09
2022,6,13,2,0,0,0,0,0,0,0,0,2.59,2.01,2.3,7.2,96.75,0,62.07,0.38,344.54,0.6,345.6
2022,6,13,3,0,0,0,0,0,0,0,0,2.3,1.64,1.97,6.96,96.19,0,62.06,0.4,9.09,0.78,15
2022,6,13,4,0.02,0.02,0.07,1.45,1.73,0.21,0,0,2.04,1.19,1.61,6.77,94.69,0,62.05,0.49,18.43,0.99,21.89
2022,6,13,5,0.39,0.37,0.86,43.35,42.62,5.45,0.02,0.12,3.51,1.02,2.26,6.65,84.06,0,62.05,1.01,15.76,1.34,17.27
2022,6,13,6,1.03,1.1,1.84,120.45,130.02,14.91,0.2,0.95,6.08,0.82,3.45,6.53,69.19,0,62.06,1.01,342.96,1.25,342.13
2022,6,13,7,1.77,1.92,2.76,210.38,228.77,27.33,0.59,2.92,9.51,0.01,4.76,6.16,51.56,0,62.05,0.98,302.93,1.17,303.06
2022,6,13,8,2.43,2.66,3.56,293.55,318.52,39.59,1.1,5.7,12.7,-0.96,5.87,5.74,38.81,0,62.05,1.35,246.41,1.62,246.4
2022,6,13,9,2.69,3.25,4.17,326.58,389.38,45.64,1.51,7.73,15.05,-1.35,6.85,5.55,32.38,0,62.05,2.56,223.14,3.16,222.69
2022,6,13,10,3.13,3.63,4.57,386.77,435.3,54.5,1.97,10.45,16.73,-1.35,7.69,5.55,29.12,0,62.03,3.76,218.25,4.74,217.83
2022,6,13,11,2.68,3.64,4.71,333.58,433.27,46.64,1.7,9.25,17.73,-0.99,8.37,5.74,28.12,0,61.99,4.79,216.65,6.12,216.39
2022,6,13,12,2.86,3.55,4.6,355.55,424.92,49.21,1.77,9.35,17.87,-0.29,8.79,6.04,29.38,0,61.97,5.55,216.35,7.16,216.17
2022,6,13,13,2.3,3.22,4.24,277.85,387.58,38.92,1.29,6.65,17.2,0.65,8.93,6.53,32.94,0,61.95,5.84,216.79,7.57,216.61
2022,6,13,14,1.85,2.69,3.65,227.15,324.85,31.29,0.91,4.73,15.87,1.51,8.69,6.9,38.06,0,61.95,5.69,217.53,7.4,217.45
2022,6,13,15,1.36,2,2.88,165.1,242.12,22.41,0.51,2.55,14.07,2.11,8.08,7.2,44.56,0,61.96,5.31,220.11,6.92,219.96
2022,6,13,16,0.86,1.23,1.97,102.6,147.75,13.27,0.2,0.95,12.09,2.44,7.26,7.39,51.88,0,61.98,4.64,223.02,6.06,222.86
2022,6,13,17,0.35,0.48,0.99,39.15,56.98,4.81,0.02,0.12,10.01,2.62,6.31,7.45,60.31,0,62.02,3.75,224.41,4.96,224.23
2022,6,13,18,0.04,0.03,0.12,2.98,3.75,0.41,0,0,8.18,2.84,5.51,7.57,69.31,0,62.07,2.61,223.91,3.52,223.65
2022,6,13,19,0,0,0,0,0,0,0,0,7.11,3.05,5.08,7.69,75.62,0,62.11,1.84,222.59,2.52,222.24
2022,6,13,20,0,0,0,0,0,0,0,0,6.21,3.15,4.68,7.75,81.06,0,62.14,1.07,225.3,1.62,224.41
2022,6,13,21,0,0,0,0,0,0,0,0,5.28,3.15,4.22,7.75,86.5,0,62.15,0.77,227.45,1.45,224.56
2022,6,13,22,0,0,0,0,0,0,0,0,4.58,3.12,3.86,7.75,90.62,0,62.14,0.72,227.19,1.44,223.24
2022,6,13,23,0,0,0,0,0,0,0,0,4.11,3.08,3.6,7.69,93.56,0,62.1,0.66,228.37,1.33,224.29
2022,6,14,0,0,0,0,0,0,0,0,0,3.66,3.04,3.35,7.69,96.31,0,62.07,0.59,231.46,1.18,226.34
2022,6,14,1,0,0,0,0,0,0,0,0,3.27,2.98,3.12,7.69,98.69,0,62.04,0.54,228.5,1.01,227.19
2022,6,14,2,0,0,0,0,0,0,0,0,3.08,2.89,2.98,7.63,99.44,0,62.02,0.38,223.32,0.66,227.41
2022,6,14,3,0,0,0,0,0,0,0,0,2.91,2.76,2.83,7.57,99.75,0,62,0.08,236.31,0.24,262.41
2022,6,14,4,0.02,0.02,0.07,1.6,1.88,0.23,0,0,2.51,2.55,2.53,7.45,100,0,61.99,0.3,8.97,0.52,0
2022,6,14,5,0.39,0.42,0.85,45.5,49.02,5.72,0.02,0.12,3.97,2.25,3.11,7.26,89.19,0,62,1,5.84,1.29,4.85
2022,6,14,6,1.08,1.18,1.84,128.77,143.8,16.21,0.21,1.05,7.11,1.1,4.1,6.71,66.06,0,62.01,1.39,351.28,1.71,350.8
2022,6,14,7,1.82,2,2.76,221.23,243.75,29.38,0.63,3.15,10.3,-0.44,4.94,5.98,47.44,0,62.02,0.92,324.69,1.11,324.74
2022,6,14,8,2.45,2.72,3.55,301.27,332.3,41.53,1.17,6.1,13.2,-1.6,5.8,5.49,35.88,0,62.02,1.6,243.06,1.94,242.92
2022,6,14,9,2.91,3.3,4.17,359.45,401.27,50.7,1.68,8.65,15.37,-1.82,6.77,5.37,30.62,0,62.02,3.09,226.13,3.84,225.74
2022,6,14,10,2.87,3.67,4.57,359.75,445.58,52.09,1.9,10.02,16.82,-1.37,7.73,5.55,28.94,0,62.01,4.38,220.88,5.56,220.61
2022,6,14,11,2.93,3.68,4.71,370.67,441.98,51.97,1.91,10.33,17.44,-0.35,8.55,6.04,30.06,0,62,5.34,219.07,6.88,218.68
2022,6,14,12,2.77,3.59,4.6,347.5,431.5,48.91,1.77,9.35,16.95,1.05,9.01,6.71,34.44,0.01,61.98,5.77,219.34,7.46,219.01
2022,6,14,13,2.35,3.26,4.24,288.73,392.88,40.67,1.36,7,15.76,2.44,9.11,7.45,41.06,0.02,61.97,5.77,219.12,7.49,218.9
2022,6,14,14,1.59,2.72,3.65,196.62,328.9,27.84,0.83,4.35,14.05,3.55,8.8,8,49.56,0.03,61.97,5.46,219.13,7.1,218.84
2022,6,14,15,1.11,2.05,2.88,133.12,247.2,18.27,0.42,2.15,12.07,4.26,8.16,8.42,59.25,0.03,61.97,4.83,219.49,6.28,219.19
2022,6,14,16,0.58,1.26,1.97,68.62,151.25,9.21,0.14,0.67,10.32,4.62,7.47,8.61,68.06,0.03,61.97,4.01,218.59,5.22,218.31
2022,6,14,17,0.27,0.49,1,30.4,57.92,3.74,0.02,0.1,8.68,4.75,6.72,8.67,76.75,0.02,61.99,3.14,217.33,4.1,217.02
2022,6,14,18,0.04,0.03,0.13,2.98,3.85,0.42,0,0,7.33,4.86,6.09,8.79,84.75,0.01,62.02,2.28,214.83,3,214.6
2022,6,14,19,0,0,0,0,0,0,0,0,6.62,4.87,5.75,8.79,89.12,0.01,62.05,1.88,212.43,2.47,212.49
2022,6,14,20,0,0,0,0,0,0,0,0,6.3,4.87,5.58,8.79,91.12,0,62.07,1.65,212.03,2.18,212.44
2022,6,14,21,0,0,0,0,0,0,0,0,6.01,4.91,5.47,8.79,93.25,0,62.07,1.52,212.38,2.04,212.66
2022,6,14,22,0,0,0,0,0,0,0,0,5.74,4.94,5.34,8.85,95.31,0,62.04,1.35,207.6,1.85,208.19
2022,6,14,23,0,0,0,0,0,0,0,0,5.43,4.94,5.19,8.85,97.5,0.01,62.01,1.15,206.22,1.67,208.12
2022,6,15,0,0,0,0,0,0,0,0,0,5.07,4.86,4.96,8.79,99.44,0.02,61.99,0.77,218.39,1.3,219.89
2022,6,15,1,0,0,0,0,0,0,0,0,4.57,4.69,4.63,8.73,100,0.02,61.96,0.62,222.47,1.29,221.58
2022,6,15,2,0,0,0,0,0,0,0,0,4.14,4.47,4.3,8.54,100,0.02,61.93,0.59,222.32,1.27,221.02
2022,6,15,3,0,0,0,0,0,0,0,0,3.93,4.25,4.09,8.48,100,0.01,61.91,0.57,223.33,1.1,222.41
2022,6,15,4,0.03,0.02,0.07,1.62,1.83,0.23,0,0,3.94,4.08,4.01,8.36,100,0.01,61.9,0.48,224.34,0.83,227.29
2022,6,15,5,0.36,0.41,0.85,41.92,48,5.26,0.02,0.1,5.3,3.9,4.61,8.24,91.69,0,61.89,0.56,250.29,0.72,251.57
2022,6,15,6,1.02,1.16,1.83,121.83,141.17,15.35,0.19,0.92,7.61,2.95,5.28,7.69,73.12,0,61.89,0.76,276.47,0.91,277.43
2022,6,15,7,1.69,1.96,2.76,206.02,239.83,27.41,0.56,2.8,10.58,1.74,6.16,7.08,54.88,0,61.9,1.04,235.71,1.25,235.42
2022,6,15,8,2.33,2.68,3.55,286.88,327.4,39.48,1.09,5.6,13.27,0.75,7.01,6.59,42.69,0,61.91,2.33,217.22,2.86,216.9
2022,6,15,9,2.85,3.24,4.17,353.83,395.62,49.55,1.59,8.1,15.23,0.38,7.8,6.41,36.56,0,61.91,3.61,211.83,4.52,211.66
2022,6,15,10,3.02,3.6,4.56,377.88,439.1,53.86,1.89,9.95,16.37,0.44,8.41,6.41,34.12,0,61.91,4.71,210.26,6,210.11
2022,6,15,11,2.78,3.51,4.71,351.7,423,47.72,1.69,9,16.61,0.96,8.78,6.65,34.88,0,61.9,5.45,210.79,6.99,210.63
2022,6,15,12,2.29,3.4,4.6,289.85,411.25,39.83,1.38,7.17,16.03,1.81,8.92,7.08,38.56,0,61.9,5.8,211.68,7.48,211.5
2022,6,15,13,2.13,3.07,4.24,263.58,372.08,35.85,1.16,5.83,15.25,2.46,8.86,7.45,42.56,0.01,61.89,5.95,212.4,7.7,212.27
2022,6,15,14,1.71,2.54,3.66,212.27,308.6,28.5,0.8,4.12,14.35,2.77,8.56,7.63,46,0.01,61.88,5.82,213.11,7.57,212.9
2022,6,15,15,1.12,1.86,2.88,138.5,226.52,18.23,0.4,2,12.83,3.23,8.04,7.87,52.44,0.01,61.87,5.28,213.48,6.9,213.31
2022,6,15,16,0.63,1.12,1.98,77.12,135.2,9.98,0.14,0.67,11.08,3.79,7.43,8.18,61.19,0.01,61.88,4.45,213.69,5.82,213.5
2022,6,15,17,0.31,0.43,1,35.08,51.23,4.36,0.02,0.1,9.3,4.36,6.83,8.48,71.69,0.01,61.91,3.4,212.81,4.46,212.63
2022,6,15,18,0.03,0.03,0.13,2.17,3.62,0.3,0,0,7.94,4.96,6.45,8.85,82,0,61.95,2.37,209.18,3.12,209.07
2022,6,15,19,0,0,0,0,0,0,0,0,7.39,5.37,6.38,9.09,87.75,0,61.98,1.85,206.35,2.42,206.4
2022,6,15,20,0,0,0,0,0,0,0,0,7.16,5.55,6.36,9.22,90.19,0,61.99,1.66,209.71,2.2,209.85
2022,6,15,21,0,0,0,0,0,0,0,0,6.9,5.65,6.28,9.28,92.56,0,61.98,1.66,213.47,2.27,213.91
2022,6,15,22,0,0,0,0,0,0,0,0,6.64,5.78,6.21,9.4,95.25,0.01,61.96,1.83,212.6,2.56,212.67
2022,6,15,23,0,0,0,0,0,0,0,0,6.37,5.83,6.1,9.46,97.5,0.01,61.94,2.02,210.93,2.92,210.96
2022,6,16,0,0,0,0,0,0,0,0,0,6.12,5.75,5.93,9.4,98.69,0.01,61.91,2.19,210.68,3.16,210.94
2022,6,16,1,0,0,0,0,0,0,0,0,5.57,5.36,5.46,9.16,99.56,0.01,61.88,1.9,209.63,2.79,210.08
2022,6,16,2,0,0,0,0,0,0,0,0,4.74,4.84,4.79,8.79,100,0.01,61.87,1.19,204.54,1.94,204.71
2022,6,16,3,0,0,0,0,0,0,0,0,4.44,4.44,4.44,8.61,100,0.01,61.87,1.14,200.05,1.86,201.71
2022,6,16,4,0.02,0.02,0.06,1.48,1.73,0.22,0,0,4.33,4.33,4.33,8.54,100,0.01,61.87,1.02,196.49,1.67,198.6
2022,6,16,5,0.31,0.38,0.85,35.45,43.9,4.48,0.02,0.1,5.17,4.09,4.63,8.36,93.69,0.02,61.89,1.89,196.56,2.5,196.68
2022,6,16,6,0.86,1.1,1.83,101.67,132.4,13.03,0.16,0.8,6.55,3.53,5.04,8.06,81.88,0.01,61.91,2.44,205.25,3.07,205.13
2022,6,16,7,1.48,1.9,2.75,178.1,229.62,23.62,0.48,2.4,8.62,2.9,5.76,7.69,67.94,0,61.94,2.94,204.32,3.67,204.27
2022,6,16,8,2.02,2.64,3.55,245.77,317.48,33.61,0.91,4.7,10.85,2.33,6.59,7.32,56.06,0,61.96,3.45,204.19,4.29,204.18
2022,6,16,9,2.53,3.22,4.17,308.73,386.45,42.84,1.38,6.92,12.74,1.95,7.35,7.14,48.12,0,61.96,4.11,204.81,5.15,204.78
2022,6,16,10,2.59,3.61,4.56,321.55,430.58,45.53,1.59,8.25,13.96,1.85,7.9,7.08,44.12,0.01,61.95,4.76,205.77,6.01,205.67
2022,6,16,11,2.54,3.68,4.71,318.15,437.15,44.44,1.59,8.45,14.65,2.02,8.34,7.2,42.69,0.01,61.93,5.26,206.76,6.68,206.68
2022,6,16,12,2.3,3.58,4.6,285.75,427.95,40.23,1.42,7.42,14.66,2.34,8.51,7.32,43.62,0.01,61.89,5.63,207.77,7.21,207.7
2022,6,16,13,2.06,3.25,4.24,252.85,390.85,35.59,1.17,5.88,14.29,2.5,8.39,7.45,45.12,0.02,61.85,5.84,209.48,7.53,209.46
2022,6,16,14,1.45,2.74,3.66,179.1,331.12,25.08,0.72,3.77,13.49,2.5,8,7.45,47.5,0.02,61.82,5.82,211.49,7.54,211.4
2022,6,16,15,1.23,2.05,2.89,147.58,248.6,20.35,0.45,2.3,12.33,2.48,7.4,7.45,51.19,0.02,61.8,5.46,212.44,7.12,212.4
2022,6,16,16,0.68,1.25,1.98,82.92,152.55,11.02,0.16,0.77,10.47,3.01,6.74,7.69,60.25,0.02,61.82,4.73,211.82,6.16,211.74
2022,6,16,17,0.33,0.5,1.01,36.73,60.35,4.45,0.02,0.12,8.46,3.66,6.06,8.06,72.25,0.03,61.84,3.71,210.18,4.87,210.06
2022,6,16,18,0.04,0.04,0.13,2.88,4.12,0.41,0,0,7.01,4.29,5.65,8.42,83.38,0.03,61.88,2.63,207.78,3.48,207.72
2022,6,16,19,0,0,0,0,0,0,0,0,6.41,4.75,5.58,8.73,89.69,0.03,61.91,2.15,209.07,2.88,209.28
2022,6,16,20,0,0,0,0,0,0,0,0,6.1,4.94,5.52,8.85,93,0.03,61.93,1.93,210.61,2.64,210.96
2022,6,16,21,0,0,0,0,0,0,0,0,5.67,5.05,5.36,8.91,96.69,0.02,61.93,1.57,205.67,2.25,206.12
2022,6,16,22,0,0,0,0,0,0,0,0,5.41,5.11,5.26,8.97,99,0.02,61.9,1.43,202.21,2.11,202.86
2022,6,16,23,0,0,0,0,0,0,0,0,5.13,4.97,5.05,8.91,100,0.02,61.86,1.25,200.47,1.92,201.54
2022,6,17,0,0,0,0,0,0,0,0,0,4.67,4.49,4.58,8.61,99.81,0.02,61.82,1.07,197.38,1.68,198.94
2022,6,17,1,0,0,0,0,0,0,0,0,4.37,4.19,4.29,8.42,99.88,0.01,61.78,1.09,192.44,1.66,195.28
2022,6,17,2,0,0,0,0,0,0,0,0,4.07,3.99,4.03,8.3,100,0,61.76,0.69,192.46,1.17,195.52
2022,6,17,3,0,0,0,0,0,0,0,0,3.65,3.8,3.73,8.18,100,0,61.75,0.51,193.39,1.07,190.98
2022,6,17,4,0.02,0.02,0.06,1.38,1.77,0.2,0,0,3.48,3.58,3.53,8.06,100,0,61.76,0.45,186.01,0.91,183.45
2022,6,17,5,0.28,0.39,0.85,33.3,46.8,4.41,0.02,0.1,4.71,3.3,4.01,7.87,91.31,0,61.78,0.58,164.27,0.74,165.23
2022,6,17,6,0.77,1.13,1.83,92.83,138.35,12.22,0.16,0.75,6.75,2.51,4.63,7.45,74.88,0,61.81,0.66,159.84,0.79,159.25
2022,6,17,7,1.36,1.94,2.75,164.5,238.2,22.55,0.47,2.35,9.58,1.48,5.54,6.96,57.5,0,61.83,1.53,179.71,1.85,179.52
2022,6,17,8,1.89,2.65,3.55,230.38,326.38,32.47,0.9,4.7,12.01,0.74,6.37,6.53,46.25,0,61.86,2.78,191.5,3.43,191.31
2022,6,17,9,1.97,3.19,4.16,245.45,393.3,35.56,1.16,5.77,13.58,0.86,7.22,6.59,42.06,0,61.86,3.94,197.29,4.96,197.24
2022,6,17,10,2.24,3.55,4.56,288.88,437.67,42.23,1.48,7.6,14.52,1.28,7.9,6.84,40.75,0.01,61.83,5.05,200.48,6.44,200.52
2022,6,17,11,1.22,3.63,4.71,168.33,445.75,24.79,0.9,4.73,14.82,2.15,8.48,7.26,42.5,0.02,61.79,5.93,202.78,7.65,202.77
2022,6,17,12,1.1,3.56,4.6,150.88,436.27,22.4,0.8,4.1,14.57,2.76,8.67,7.57,45.19,0.03,61.75,6.5,205.27,8.45,205.24
2022,6,17,13,1.53,3.24,4.24,196.75,398.52,28.38,0.94,4.67,14.5,2.93,8.71,7.69,45.88,0.04,61.71,6.61,207.23,8.61,207.17
2022,6,17,14,1.44,2.7,3.66,179.38,333.25,25.78,0.74,3.88,13.73,3.4,8.57,7.93,49.88,0.05,61.69,6.37,206.19,8.32,206.06
2022,6,17,15,1.09,2.03,2.89,132.4,250.25,18.66,0.42,2.12,11.98,4.26,8.12,8.42,59.56,0.05,61.69,5.82,203.33,7.63,203.21
2022,6,17,16,0.66,1.26,1.99,79.88,154.88,10.77,0.16,0.75,10.19,5.01,7.61,8.91,70.56,0.04,61.69,5.31,202.38,7.03,202.26
2022,6,17,17,0.3,0.51,1.01,33.4,61.27,4.21,0.02,0.1,8.65,5.37,7.01,9.09,80.19,0.03,61.71,4.79,204.77,6.44,204.73
2022,6,17,18,0.03,0.04,0.14,2,4.2,0.3,0,0,7.33,5.4,6.37,9.16,88,0.02,61.75,3.93,205.55,5.36,205.56
2022,6,17,19,0,0,0,0,0,0,0,0,6.63,5.23,5.94,9.03,91.12,0.02,61.82,3.56,204.77,4.86,204.71
2022,6,17,20,0,0,0,0,0,0,0,0,5.63,4.85,5.24,8.79,95.12,0.02,61.87,2.79,201.38,3.88,201.35
2022,6,17,21,0,0,0,0,0,0,0,0,5.24,4.51,4.87,8.54,95.5,0.02,61.89,2.49,195.82,3.4,195.73
2022,6,17,22,0,0,0,0,0,0,0,0,4.71,4.02,4.37,8.3,95.81,0.02,61.88,2.03,191.31,2.82,191.5
2022,6,17,23,0,0,0,0,0,0,0,0,4.15,3.76,3.95,8.12,97.94,0.02,61.85,1.55,183.76,2.24,185.19
2022,6,18,0,0,0,0,0,0,0,0,0,3.64,3.49,3.57,8,99.69,0.02,61.82,1.01,181.78,1.6,183.93
2022,6,18,1,0,0,0,0,0,0,0,0,3.47,3.24,3.36,7.87,99.25,0.02,61.8,1.06,173.66,1.63,177.8
2022,6,18,2,0,0,0,0,0,0,0,0,3.13,2.98,3.05,7.75,99.81,0.02,61.78,0.91,169.08,1.42,174.01
2022,6,18,3,0,0,0,0,0,0,0,0,2.87,2.87,2.87,7.69,100,0.02,61.78,0.57,170.54,1.04,173.52
2022,6,18,4,0.02,0.02,0.06,1.52,1.6,0.22,0,0,2.68,2.72,2.69,7.57,100,0.01,61.79,0.54,167.56,1.07,168.2
2022,6,18,5,0.32,0.34,0.85,36.5,39.75,4.62,0.02,0.08,3.64,2.41,3.03,7.39,92.38,0.03,61.82,1.26,167.43,1.62,167.71
2022,6,18,6,0.97,1.01,1.83,112.73,120.15,14.02,0.16,0.8,5.02,1.97,3.5,7.14,81.25,0.03,61.85,1.53,187.02,1.89,186.89
2022,6,18,7,1.53,1.74,2.75,183.75,208.77,23.77,0.46,2.3,7.66,1.63,4.65,7.02,66.06,0.02,61.88,2.29,204.38,2.81,204.43
2022,6,18,8,2,2.44,3.54,244.17,292.62,32.5,0.84,4.27,10.4,1.06,5.73,6.71,52.69,0.02,61.89,3.16,211.64,3.9,211.49
2022,6,18,9,2.53,3.06,4.16,310.67,367.62,42.36,1.3,6.58,12.49,0.73,6.61,6.53,44.81,0.01,61.9,4.02,211.8,5.03,211.67
2022,6,18,10,2.5,3.46,4.56,315.45,416.33,43.97,1.51,7.67,13.75,0.66,7.21,6.53,41.06,0,61.89,4.81,210.44,6.09,210.28
2022,6,18,11,2.17,3.62,4.71,280,438.77,40.34,1.41,7.4,14.5,0.77,7.64,6.59,39.38,0,61.87,5.41,210.27,6.9,210.11
2022,6,18,12,1.58,3.58,4.6,207.12,432.83,30.13,1.05,5.33,14.63,1.11,7.87,6.71,40,0,61.85,5.75,210.75,7.37,210.64
2022,6,18,13,1.33,3.26,4.25,172.3,394.67,25.27,0.83,4.12,14.24,1.51,7.87,6.96,42.25,0,61.83,5.81,211.87,7.49,211.78
2022,6,18,14,1.09,2.72,3.66,139.85,330.83,20.36,0.58,3,13.4,1.8,7.6,7.08,45.62,0,61.8,5.57,212.47,7.19,212.39
2022,6,18,15,1.41,2,2.89,171.6,243.65,23.4,0.5,2.5,12.15,1.9,7.03,7.14,49.94,0,61.8,5.09,213.62,6.58,213.52
2022,6,18,16,0.8,1.21,1.99,97.5,147.38,13.02,0.18,0.88,10.54,2.13,6.33,7.26,56.44,0.03,61.8,4.41,213.89,5.72,213.86
2022,6,18,17,0.37,0.48,1.01,42.52,57.52,5.48,0.03,0.12,8.65,2.72,5.69,7.57,66.88,0.05,61.83,3.48,211.41,4.55,211.37
2022,6,18,18,0.04,0.04,0.14,2.98,4.12,0.43,0,0,6.96,3.65,5.3,8.12,80.19,0.03,61.86,2.37,202.85,3.12,202.97
2022,6,18,19,0,0,0,0,0,0,0,0,6.19,4.37,5.28,8.48,88.88,0.01,61.88,1.81,195.23,2.39,195.17
2022,6,18,20,0,0,0,0,0,0,0,0,5.83,4.67,5.26,8.67,93.06,0.02,61.9,1.69,199.1,2.32,199.04
2022,6,18,21,0,0,0,0,0,0,0,0,5.44,4.81,5.12,8.79,96.69,0.02,61.89,1.68,198.1,2.43,198.38
2022,6,18,22,0,0,0,0,0,0,0,0,5.19,4.75,4.97,8.73,98,0.03,61.87,1.87,198.28,2.71,198.33
2022,6,18,23,0,0,0,0,0,0,0,0,4.95,4.43,4.69,8.54,97.38,0.02,61.84,2.11,198.77,2.99,198.77
2022,6,19,0,0,0,0,0,0,0,0,0,4.48,4.06,4.27,8.36,98.12,0.02,61.8,2.11,198.97,3,198.86
2022,6,19,1,0,0,0,0,0,0,0,0,4,3.44,3.72,8,97,0.01,61.78,2.32,199.29,3.22,199.14
2022,6,19,2,0,0,0,0,0,0,0,0,3.3,2.73,3.01,7.57,96.75,0.01,61.75,2.02,194.79,2.8,194.69
2022,6,19,3,0,0,0,0,0,0,0,0,2.83,2.33,2.58,7.39,97.19,0.01,61.73,1.66,186.22,2.33,186.17
2022,6,19,4,0.02,0.02,0.06,1.1,1.73,0.17,0,0,2.49,2.09,2.29,7.26,97.94,0.01,61.74,1.32,176.95,1.88,177.14
2022,6,19,5,0.21,0.39,0.84,23.83,46.25,3.19,0.02,0.08,3.1,1.64,2.37,7.02,90.75,0,61.76,1.63,180.27,2.07,180.65
2022,6,19,6,0.53,1.14,1.82,63.6,138.42,9.12,0.11,0.55,4.84,1.01,2.93,6.71,76.62,0.01,61.79,2.01,194.14,2.49,194.34
2022,6,19,7,1.14,1.93,2.74,134.08,236.33,18.48,0.38,1.88,7.56,0.33,3.94,6.35,60.38,0.01,61.8,2.78,197.47,3.43,197.61
2022,6,19,8,1.85,2.62,3.54,230.17,321.23,32.33,0.86,4.45,10.22,-0.34,4.94,6.04,47.94,0.01,61.82,3.73,200.11,4.64,200.08
2022,6,19,9,2.12,3.21,4.16,257.8,391.7,36.79,1.16,5.75,12.25,-0.51,5.87,5.98,41.38,0.01,61.82,4.78,201.66,6.05,201.6
2022,6,19,10,2.17,3.53,4.56,279.38,431.62,40.52,1.38,7.02,13.32,-0.24,6.54,6.1,39.38,0.02,61.82,5.81,204.12,7.45,204.09
2022,6,19,11,2.22,3.63,4.71,277.6,440.08,39.25,1.38,7.15,13.33,0.49,6.91,6.41,41.44,0.02,61.81,6.43,206.35,8.3,206.32
2022,6,19,12,1.63,3.55,4.6,214.02,430.3,30.7,1.06,5.38,12.73,1.05,6.89,6.71,44.94,0.02,61.79,6.44,207.12,8.34,207.02
2022,6,19,13,1.54,3.24,4.25,185.23,393.7,26.85,0.88,4.4,12.43,1.35,6.89,6.84,46.81,0.02,61.75,6.22,206.24,8.05,206.14
2022,6,19,14,0.99,2.71,3.67,129.45,329.9,18.94,0.53,2.75,11.83,1.49,6.66,6.9,49.19,0.02,61.71,5.92,205.58,7.67,205.52
2022,6,19,15,0.76,2.01,2.9,95.55,244.73,13.91,0.31,1.55,10.71,1.58,6.14,6.96,53.38,0.02,61.69,5.51,205.26,7.17,205.08
2022,6,19,16,0.47,1.23,1.99,56.67,149.1,7.9,0.11,0.55,9.15,1.68,5.41,7.02,59.62,0.01,61.69,4.91,205.14,6.43,204.95
2022,6,19,17,0.15,0.48,1.02,16.88,56.45,2.38,0.02,0.05,7.31,1.98,4.65,7.14,69.12,0.01,61.71,4.05,203.55,5.36,203.28
2022,6,19,18,0.04,0.04,0.14,2.73,4.08,0.4,0,0,5.53,2.6,4.06,7.51,81.81,0.01,61.74,3.02,199.65,4.04,199.45
2022,6,19,19,0,0,0,0,0,0,0,0,4.86,3.08,3.98,7.75,88.75,0.01,61.78,2.59,196.09,3.43,196
2022,6,19,20,0,0,0,0,0,0,0,0,4.59,3.2,3.9,7.81,91.19,0.01,61.8,2.55,194.38,3.4,194.36
2022,6,19,21,0,0,0,0,0,0,0,0,4.04,3.26,3.65,7.87,95.25,0.01,61.81,2.18,193.49,3.01,193.53
2022,6,19,22,0,0,0,0,0,0,0,0,3.92,3.31,3.62,7.87,96.56,0.01,61.79,2.26,194.85,3.1,195.05
2022,6,19,23,0,0,0,0,0,0,0,0,3.9,3.27,3.58,7.87,96.56,0.01,61.76,2.38,200.16,3.32,200.22
2022,6,20,0,0,0,0,0,0,0,0,0,3.41,2.76,3.08,7.63,96.38,0.01,61.72,2.1,202.08,2.97,202.39
2022,6,20,1,0,0,0,0,0,0,0,0,3.15,2.45,2.8,7.45,96.06,0.01,61.68,1.95,199.38,2.75,199.62
2022,6,20,2,0,0,0,0,0,0,0,0,2.69,2.32,2.51,7.39,98.5,0.01,61.65,1.65,194.83,2.4,194.9
2022,6,20,3,0,0,0,0,0,0,0,0,2.58,2.26,2.42,7.39,98.81,0.01,61.64,1.71,190.54,2.47,190.78
2022,6,20,4,0.02,0.01,0.06,1.08,1.38,0.16,0,0,2.3,1.96,2.13,7.2,98.56,0.02,61.64,1.77,187.59,2.56,187.91
2022,6,20,5,0.08,0.32,0.84,8.95,35.75,1.3,0.01,0.02,2.88,1.66,2.27,7.02,92.44,0.02,61.66,2.76,190.45,3.66,190.33
2022,6,20,6,0.26,0.97,1.82,30.45,111.3,4.38,0.05,0.25,4.08,1.12,2.59,6.77,81.56,0.01,61.69,3.78,194.12,4.89,194.06
2022,6,20,7,0.52,1.74,2.74,66.2,204.23,9.57,0.2,0.98,5.81,0.58,3.19,6.47,69.5,0.01,61.72,4.36,195.48,5.59,195.4
2022,6,20,8,0.73,2.47,3.54,95.98,293.15,14.07,0.38,1.92,7.9,0.23,4.06,6.35,58.62,0.01,61.73,4.77,195.88,6.07,195.84
2022,6,20,9,0.9,3.06,4.16,120.75,364.3,17.74,0.55,2.75,9.73,0.18,4.95,6.29,51.62,0.01,61.73,5.06,195.3,6.42,195.3
2022,6,20,10,0.83,3.46,4.56,115.3,414.52,17.2,0.59,2.98,11.07,0.37,5.72,6.41,47.81,0.01,61.72,5.39,194.96,6.84,194.96
2022,6,20,11,1.16,3.68,4.71,159.15,444.62,23.95,0.85,4.42,11.88,0.58,6.23,6.47,46,0.02,61.69,5.71,195.73,7.27,195.71
2022,6,20,12,1.24,3.64,4.6,166.2,440.88,25.08,0.88,4.45,12.14,0.89,6.51,6.65,46.31,0.02,61.65,5.89,198,7.53,198.08
2022,6,20,13,1.76,3.35,4.25,215.83,408.12,31.78,1.04,5.17,11.88,1.2,6.54,6.77,48.19,0.03,61.61,5.97,200.78,7.66,200.86
2022,6,20,14,1.48,2.83,3.67,182.48,345.85,26.74,0.75,3.88,11.18,1.37,6.27,6.9,51.12,0.03,61.58,5.77,203.2,7.44,203.25
2022,6,20,15,1.29,2.15,2.9,158.45,262.7,22.55,0.48,2.42,10.15,1.35,5.75,6.9,54.69,0.04,61.57,5.36,204.81,6.93,204.8
2022,6,20,16,0.85,1.36,2,99.25,165.75,13.51,0.19,0.9,8.79,1.23,5.01,6.84,59.38,0.04,61.58,4.73,205.21,6.14,205.23
2022,6,20,17,0.35,0.57,1.02,38.9,67.92,4.94,0.02,0.12,7.12,1.18,4.15,6.77,66.38,0.04,61.6,3.81,204.31,5.01,204.33
2022,6,20,18,0.04,0.04,0.14,3.38,4.58,0.49,0,0,4.99,1.63,3.31,7.02,79.56,0.04,61.64,2.08,202.24,2.92,202.31
2022,6,20,19,0,0,0,0,0,0,0,0,4.2,2.26,3.23,7.39,88,0.05,61.68,1.56,198.34,2.11,198.3
2022,6,20,20,0,0,0,0,0,0,0,0,3.54,2.41,2.98,7.45,93.5,0.05,61.71,1.24,199.46,1.73,199.25
2022,6,20,21,0,0,0,0,0,0,0,0,3.02,2.39,2.7,7.45,96.88,0.06,61.73,0.99,196.44,1.44,196.37
2022,6,20,22,0,0,0,0,0,0,0,0,2.62,2.05,2.33,7.26,97.25,0.06,61.72,0.89,195.26,1.29,195.47
2022,6,20,23,0,0,0,0,0,0,0,0,2.3,1.69,2,7.08,97,0.06,61.71,0.65,191.85,0.94,192.43
2022,6,21,0,0,0,0,0,0,0,0,0,2.01,1.51,1.76,7.02,98,0.05,61.69,0.24,163.3,0.43,165.2
2022,6,21,1,0,0,0,0,0,0,0,0,1.6,1.26,1.43,6.9,99.06,0.05,61.65,0.24,101.31,0.43,100.49
2022,6,21,2,0,0,0,0,0,0,0,0,1.15,0.96,1.05,6.77,100,0.03,61.61,0.36,77.47,0.68,76.12
2022,6,21,3,0,0,0,0,0,0,0,0,0.61,0.63,0.62,6.59,100,0.02,61.59,0.46,67.83,0.87,67.34
2022,6,21,4,0.03,0.02,0.06,1.5,1.62,0.22,0,0,0.24,0.27,0.26,6.41,100,0.01,61.59,0.47,64.29,0.96,61.98
2022,6,21,5,0.27,0.39,0.84,30.25,44.85,3.89,0.02,0.08,1.96,0.19,1.07,6.35,89.12,0.01,61.62,0.97,76.08,1.26,74.49
2022,6,21,6,0.82,1.15,1.82,95.35,138.7,12.59,0.16,0.77,4.93,-0.28,2.32,6.16,69.81,0,61.66,1.61,149.7,1.98,150
2022,6,21,7,1.52,1.97,2.74,184.62,241.1,25.38,0.53,2.65,7.38,-1.16,3.11,5.74,55,0,61.72,2.82,176.19,3.48,176.27
2022,6,21,8,1.95,2.68,3.53,240.33,329.85,34.18,0.95,4.95,9.39,-1.88,3.75,5.37,45.31,0.01,61.76,3.75,187.07,4.67,187.02
2022,6,21,9,2.35,3.22,4.15,295.67,396.17,42.34,1.38,6.85,10.9,-1.59,4.65,5.49,41.81,0.01,61.79,4.32,192,5.41,192.01
2022,6,21,10,2.32,3.59,4.55,290.12,442.2,42.49,1.51,7.65,11.74,-0.53,5.61,5.98,42.81,0.02,61.8,4.81,195.34,6.06,195.4
2022,6,21,11,2.11,3.65,4.71,275.8,447.12,39.58,1.45,7.55,12.35,0.55,6.45,6.47,44.5,0.07,61.78,5.3,198.22,6.71,198.25
2022,6,21,12,1.81,3.55,4.6,230.27,433.58,33.4,1.19,6.1,12.78,1.23,7.01,6.77,45.5,0.1,61.75,5.7,200.94,7.3,200.96
2022,6,21,13,1.9,3.21,4.25,234.55,392.05,33.19,1.09,5.48,12.8,1.69,7.24,7.02,46.94,0.12,61.72,5.9,204.22,7.6,204.33
2022,6,21,14,1.51,2.67,3.67,186.27,325.83,26.12,0.75,3.95,12.28,1.91,7.1,7.14,49.38,0.12,61.71,5.73,207.72,7.41,207.78
2022,6,21,15,1.16,1.97,2.9,139.42,240.3,19.02,0.43,2.15,11.32,1.9,6.62,7.14,52.56,0.11,61.7,5.2,209.99,6.75,210.1
2022,6,21,16,0.72,1.2,2,82.65,144.98,10.95,0.16,0.77,10.05,1.9,5.98,7.14,57.25,0.09,61.72,4.39,211.4,5.7,211.56
2022,6,21,17,0.28,0.47,1.03,31.2,55.5,3.96,0.02,0.1,8.48,2.01,5.25,7.2,64.12,0.08,61.76,3.43,211.77,4.5,211.87
2022,6,21,18,0.03,0.04,0.14,2.35,4.2,0.34,0,0,6.39,2.55,4.47,7.45,76.94,0.06,61.8,1.72,209.58,2.56,210.63
2022,6,21,19,0,0,0,0,0,0,0,0,5.09,3.07,4.08,7.75,87.38,0.06,61.85,0.9,212.59,1.64,214.75
2022,6,21,20,0,0,0,0,0,0,0,0,4.24,3.15,3.7,7.81,93.38,0.07,61.89,0.82,219.6,1.49,219.69
2022,6,21,21,0,0,0,0,0,0,0,0,3.61,3.19,3.4,7.81,98.06,0.07,61.91,0.71,222.78,1.28,221.28
2022,6,21,22,0,0,0,0,0,0,0,0,3.26,3.2,3.23,7.87,100,0.07,61.92,0.66,226.91,1.18,225.27
2022,6,21,23,0,0,0,0,0,0,0,0,3.17,3.1,3.14,7.81,100,0.07,61.93,0.58,234.82,1,232.95
2022,6,22,0,0,0,0,0,0,0,0,0,3.06,2.87,2.97,7.69,100,0.07,61.92,0.41,244.92,0.69,242.27
2022,6,22,1,0,0,0,0,0,0,0,0,2.89,2.57,2.73,7.51,98.94,0.05,61.92,0.19,296.57,0.31,286.14
2022,6,22,2,0,0,0,0,0,0,0,0,2.47,2.19,2.33,7.32,99.25,0.04,61.9,0.26,3.47,0.41,3.24
2022,6,22,3,0,0,0,0,0,0,0,0,2,1.85,1.93,7.14,99.94,0.03,61.9,0.36,18.82,0.69,20.48
2022,6,22,4,0.02,0.01,0.06,1.33,1.55,0.2,0,0,1.66,1.48,1.57,6.9,99.56,0.02,61.92,0.46,24.84,0.99,27.17
2022,6,22,5,0.36,0.38,0.83,41.67,45.45,5.18,0.02,0.1,3.49,1.59,2.55,6.96,88,0.04,61.96,0.99,34.07,1.34,34.34
2022,6,22,6,1.04,1.15,1.81,125.35,141.38,15.91,0.19,0.92,6.9,1.4,4.15,6.84,68.38,0.02,62,0.56,160.56,0.66,160.07
2022,6,22,7,1.8,1.96,2.73,221.62,242.58,29.52,0.59,2.9,9.87,1.37,5.62,6.84,55.81,0,62.04,1.9,186.83,2.31,187
2022,6,22,8,2.51,2.68,3.53,314.25,332.42,43.27,1.15,5.8,12.39,1.03,6.71,6.65,46.06,0,62.07,2.64,187.15,3.23,187.09
2022,6,22,9,2.82,3.25,4.15,355.42,402.62,50.48,1.61,8.17,14.51,0.9,7.7,6.59,39.69,0,62.1,3.45,190.32,4.26,190.34
2022,6,22,10,3.01,3.62,4.55,384.23,448.1,55.66,1.95,10.12,16.01,1.05,8.53,6.65,36.44,0,62.1,4.17,195.31,5.23,195.43
2022,6,22,11,2.71,3.69,4.71,352.7,455.27,50.77,1.83,9.65,16.95,1.38,9.17,6.84,35.19,0,62.1,4.84,199.81,6.12,199.91
2022,6,22,12,2.54,3.61,4.6,329.5,445.48,47.68,1.68,8.75,17.24,1.88,9.56,7.08,35.81,0,62.08,5.21,201.91,6.65,202.01
2022,6,22,13,2.3,3.29,4.25,291.25,407.12,41.87,1.38,6.92,16.84,2.58,9.71,7.45,38.69,0.03,62.08,5.26,202.26,6.72,202.33
2022,6,22,14,1.79,2.77,3.67,227.77,343.35,32.52,0.92,4.77,16.04,3.09,9.56,7.75,42.25,0.04,62.07,5.09,204.01,6.52,204.11
2022,6,22,15,1.46,2.09,2.9,181.65,259.15,25.16,0.55,2.77,14.82,3.33,9.08,7.87,46.38,0.05,62.07,4.69,206.95,6.02,207
2022,6,22,16,0.9,1.31,2,110.8,162.12,14.65,0.2,1,13.19,3.57,8.38,8,52.44,0.06,62.09,4.02,209.05,5.18,209.16
2022,6,22,17,0.42,0.54,1.03,49.05,65.65,5.86,0.03,0.15,11.15,3.87,7.51,8.18,61.19,0.16,62.13,3.17,210.17,4.15,210.33
2022,6,22,18,0.05,0.04,0.15,4,4.7,0.56,0,0,8.3,4.41,6.36,8.48,77.06,0.13,62.18,1.4,208.71,2.24,209.7
2022,6,22,19,0,0,0,0,0,0,0,0,6.83,4.84,5.83,8.73,87.88,0.12,62.23,0.82,208.52,1.55,210.57
2022,6,22,20,0,0,0,0,0,0,0,0,6.1,5.04,5.57,8.85,93.75,0.09,62.28,0.67,211.65,1.2,211.41
2022,6,22,21,0,0,0,0,0,0,0,0,5.62,5.12,5.37,8.97,97.81,0.07,62.3,0.51,210.07,0.88,208.61
2022,6,22,22,0,0,0,0,0,0,0,0,5.36,5.04,5.19,8.91,99.31,0.07,62.3,0.24,201.45,0.42,196.09
2022,6,22,23,0,0,0,0,0,0,0,0,4.92,4.76,4.84,8.79,100,0.06,62.27,0.2,61.39,0.28,68.5
2022,6,23,0,0,0,0,0,0,0,0,0,4.39,4.37,4.37,8.54,100,0.04,62.24,0.42,51.01,0.74,48.87
2022,6,23,1,0,0,0,0,0,0,0,0,3.87,3.9,3.89,8.3,100,0.03,62.2,0.61,47.58,1.12,46.97
2022,6,23,2,0,0,0,0,0,0,0,0,3.33,3.33,3.33,7.93,100,0,62.17,0.75,45,1.4,44.1
2022,6,23,3,0,0,0,0,0,0,0,0,3.24,2.65,2.94,7.57,97.56,0,62.15,0.86,44.63,1.57,43.39
2022,6,23,4,0.02,0.01,0.06,1.38,1.65,0.2,0,0,3.3,2.17,2.73,7.32,93.88,0,62.15,0.92,48.45,1.65,47.49
2022,6,23,5,0.22,0.41,0.83,24.8,49.58,3.02,0.02,0.05,5.39,2.33,3.86,7.39,81.88,0,62.16,1.14,53.91,1.71,53.18
2022,6,23,6,0.71,1.18,1.81,83.98,145.98,11.04,0.14,0.7,8.4,1.65,5.03,6.96,63.06,0,62.19,0.99,111.72,1.2,111.73
2022,6,23,7,1.29,1.97,2.73,157.08,245.3,22.05,0.47,2.35,11.6,0.5,6.05,6.41,46.69,0,62.22,2.45,179.45,3.03,179.41
2022,6,23,8,1.79,2.68,3.53,220.48,333.15,31.59,0.89,4.67,13.97,0.57,7.26,6.41,40.12,0,62.22,3.27,187.01,4.05,186.97
2022,6,23,9,2.35,3.25,4.15,294.9,401.75,42.15,1.38,6.85,15.73,1.03,8.37,6.65,36.94,0,62.22,4.07,193.32,5.11,193.36
2022,6,23,10,2.17,3.6,4.55,278.85,445.23,40.67,1.45,7.35,16.83,1.66,9.24,6.96,36.06,0.01,62.22,4.87,199.68,6.18,199.81
2022,6,23,11,1.91,3.57,4.71,252.25,437.23,34.71,1.23,6.48,17.26,2.4,9.83,7.32,37,0.05,62.21,5.39,204.38,6.9,204.42
2022,6,23,12,1.95,3.48,4.6,245.88,426.58,33.99,1.2,6.15,17.2,2.98,10.09,7.63,38.69,0.1,62.19,5.57,208,7.14,208.05
2022,6,23,13,1.7,3.16,4.25,211.83,386.95,29.17,0.96,4.77,16.89,3.31,10.1,7.81,40.38,0.14,62.16,5.48,210.7,7.03,210.81
2022,6,23,14,1.42,2.63,3.67,175.42,322,23.8,0.68,3.55,16.37,3.44,9.9,7.87,42.12,0.15,62.14,5.17,211.91,6.64,211.97
2022,6,23,15,1.13,1.94,2.91,135.77,237.6,18.16,0.41,2.08,15.39,3.47,9.43,7.93,44.94,0.14,62.12,4.77,211.82,6.15,211.91
2022,6,23,16,0.69,1.15,2.01,85.48,140.75,10.99,0.16,0.77,13.89,3.57,8.73,8,49.94,0.12,62.12,4.18,211.02,5.41,211.01
2022,6,23,17,0.28,0.46,1.03,32.2,54.77,4.03,0.02,0.1,11.89,3.86,7.87,8.12,58.12,0.04,62.14,3.36,209.18,4.43,209.14
2022,6,23,18,0.04,0.04,0.15,3.48,4.2,0.49,0,0,9.06,4.51,6.79,8.54,73.56,0.04,62.18,1.55,204.49,2.43,204.75
2022,6,23,19,0,0,0,0,0,0,0,0,7.46,4.97,6.21,8.79,84.69,0.05,62.22,1.04,200.61,1.85,201.8
2022,6,23,20,0,0,0,0,0,0,0,0,6.7,5.2,5.95,8.97,90.75,0.05,62.25,0.91,204.81,1.53,205.39
2022,6,23,21,0,0,0,0,0,0,0,0,6.18,5.37,5.78,9.09,95.44,0.06,62.24,0.68,207.15,1.17,207.08
2022,6,23,22,0,0,0,0,0,0,0,0,5.73,5.43,5.58,9.16,99,0.05,62.22,0.55,206.93,0.96,205.94
2022,6,23,23,0,0,0,0,0,0,0,0,5.47,5.28,5.37,9.09,100,0.03,62.19,0.41,205.08,0.69,201.32
2022,6,24,0,0,0,0,0,0,0,0,0,5.33,4.87,5.11,8.79,98.12,0.01,62.16,0.16,168.69,0.31,169.82
2022,6,24,1,0,0,0,0,0,0,0,0,4.88,4.44,4.65,8.54,98.25,0.01,62.14,0.29,79.29,0.48,81.61
2022,6,24,2,0,0,0,0,0,0,0,0,4.41,4.05,4.23,8.3,98.81,0.01,62.11,0.46,77.15,0.9,74.88
2022,6,24,3,0,0,0,0,0,0,0,0,3.97,3.62,3.8,8.06,98.75,0.01,62.09,0.57,75.02,1.18,72.28
2022,6,24,4,0.02,0.01,0.06,1.02,1.55,0.16,0,0,3.58,3.14,3.37,7.75,97.75,0.01,62.09,0.68,67.83,1.37,66.2
2022,6,24,5,0.21,0.39,0.82,23.67,46.3,2.93,0.02,0.05,5.69,3.22,4.45,7.81,84.69,0,62.11,1.12,70.43,1.58,68.88
2022,6,24,6,0.62,1.15,1.8,71.7,140.88,9.43,0.12,0.58,8.56,3.31,5.94,7.87,70.06,0,62.14,1.48,135.64,1.82,136.04
2022,6,24,7,1.08,1.95,2.73,126.85,240.62,17.67,0.38,1.88,11.41,3.02,7.22,7.69,56.62,0,62.18,2.8,175.36,3.48,175.36
2022,6,24,8,1.58,2.67,3.52,190.23,329.62,27.34,0.77,4,13.48,3.06,8.27,7.69,49.5,0,62.19,3.48,187.09,4.33,187.05
2022,6,24,9,1.91,3.23,4.15,232.8,399.4,34.14,1.11,5.5,15.01,3.45,9.23,7.93,46.12,0,62.19,4.02,193.25,5.03,193.3
2022,6,24,10,2.18,3.6,4.55,274.9,444.6,40.09,1.42,7.25,16.15,3.88,10.01,8.18,44.12,0,62.16,4.55,197.28,5.73,197.3
2022,6,24,11,2.12,3.68,4.71,272.95,442.25,38.26,1.41,7.4,16.89,4.2,10.55,8.36,43,0,62.12,5.01,199.88,6.37,199.95
2022,6,24,12,2.16,3.52,4.6,274.88,427.42,38.88,1.38,7.17,17.03,4.58,10.81,8.61,43.81,0,62.08,5.26,202.15,6.71,202.23
2022,6,24,13,1.86,3.17,4.25,236.17,388.2,33.28,1.09,5.48,16.8,4.83,10.82,8.73,45.25,0,62.03,5.25,204.35,6.71,204.42
2022,6,24,14,1.58,2.64,3.67,200,324.52,27.76,0.8,4.12,16.3,4.9,10.6,8.79,46.94,0,62,5.06,206.72,6.47,206.75
2022,6,24,15,1.23,1.97,2.91,152.23,241.33,20.6,0.45,2.27,15.38,4.83,10.11,8.73,49.56,0,61.98,4.7,209.04,6.04,209.08
2022,6,24,16,0.76,1.2,2.01,92.35,146.73,12.12,0.17,0.85,14.04,4.81,9.42,8.73,54,0,61.98,4.19,210.63,5.42,210.71
2022,6,24,17,0.35,0.48,1.03,39.65,57.33,4.96,0.02,0.12,12.28,4.9,8.59,8.79,60.94,0,61.99,3.5,210.57,4.61,210.7
2022,6,24,18,0.04,0.04,0.15,3.55,4.33,0.5,0,0,9.79,5.47,7.62,9.16,74.88,0,62.03,1.75,208.16,2.64,208.31
2022,6,24,19,0,0,0,0,0,0,0,0,8.73,6.14,7.44,9.58,84.44,0,62.07,1.17,204.86,1.85,205.81
2022,6,24,20,0,0,0,0,0,0,0,0,7.65,6.55,7.11,9.89,93.69,0,62.1,0.93,207.65,1.67,209.81
2022,6,24,21,0,0,0,0,0,0,0,0,7.3,6.82,7.06,10.07,97.94,0.01,62.11,0.88,210,1.55,212.89
2022,6,24,22,0,0,0,0,0,0,0,0,7.01,6.78,6.9,10.07,99.75,0.01,62.09,0.72,219.73,1.39,221.58
2022,6,24,23,0,0,0,0,0,0,0,0,6.54,6.65,6.59,10.01,100,0.01,62.07,0.67,223.12,1.4,223.65
2022,6,25,0,0,0,0,0,0,0,0,0,5.99,6.37,6.18,9.83,100,0.01,62.04,0.7,225.91,1.38,226.15
2022,6,25,1,0,0,0,0,0,0,0,0,5.73,6.09,5.91,9.64,100,0.01,62,0.67,234.46,1.25,234.13
2022,6,25,2,0,0,0,0,0,0,0,0,5.58,5.8,5.69,9.46,100,0,61.97,0.61,244.09,1.02,243.24
2022,6,25,3,0,0,0,0,0,0,0,0,5.42,5.45,5.44,9.22,100,0,61.97,0.45,263.99,0.7,262.95
2022,6,25,4,0.02,0.01,0.05,1.25,1.45,0.18,0,0,5.23,5.09,5.16,8.97,100,0,61.97,0.31,317.05,0.48,318.29
2022,6,25,5,0.11,0.36,0.82,12.17,42.33,1.62,0.01,0.02,6.55,4.83,5.69,8.79,89.69,0.01,62,0.44,356.93,0.56,357.61
2022,6,25,6,0.45,1.09,1.8,52.08,131.75,6.91,0.09,0.45,9.55,3.57,6.56,8,66.69,0.01,62.03,0.89,216.47,1.07,216.37
2022,6,25,7,0.72,1.88,2.72,88.08,229.25,12.33,0.27,1.33,11.79,3.2,7.5,7.81,55.88,0.01,62.05,2.04,203.52,2.49,203.51
2022,6,25,8,0.59,2.6,3.52,78.85,317.6,11.54,0.33,1.75,13.94,3.36,8.65,7.87,49.06,0.01,62.07,2.92,201.35,3.6,201.39
2022,6,25,9,1.48,3.18,4.14,192.08,387.23,27.8,0.94,4.62,15.83,3.77,9.8,8.12,44.75,0.01,62.07,3.7,201.42,4.61,201.39
2022,6,25,10,1.71,3.54,4.55,224,432.25,32.23,1.16,5.92,17.28,4.26,10.77,8.36,42.12,0.01,62.04,4.39,201.95,5.53,201.89
2022,6,25,11,2.16,3.47,4.7,282.38,418.12,37.36,1.35,7.23,18.04,4.77,11.4,8.73,41.69,0.03,62,4.99,202.39,6.34,202.3
2022,6,25,12,2.2,3.38,4.6,277.17,407.6,37.05,1.32,6.88,18.05,5.3,11.68,9.03,43.25,0.06,61.96,5.36,203.17,6.88,203.13
2022,6,25,13,1.92,3,4.25,242.33,363.65,32.7,1.09,5.42,17.45,5.8,11.62,9.4,46.5,0.08,61.93,5.49,204.38,7.09,204.28
2022,6,25,14,1.66,2.46,3.68,208.65,298.75,27.64,0.8,4.17,16.43,6.16,11.3,9.58,50.88,0.09,61.91,5.25,205.08,6.81,204.98
2022,6,25,15,1.28,1.78,2.91,157.02,215.45,20.35,0.45,2.3,15.23,6.37,10.8,9.77,55.81,0.08,61.9,4.86,205.41,6.32,205.33
2022,6,25,16,0.85,1.07,2.01,100.33,127.5,12.49,0.18,0.9,13.77,6.56,10.16,9.89,62.06,0.07,61.91,4.24,204.58,5.56,204.51
2022,6,25,17,0.34,0.4,1.04,38,47.17,4.74,0.02,0.12,11.98,6.82,9.4,10.07,70.94,0.1,61.94,3.39,201.78,4.49,201.65
2022,6,25,18,0.04,0.03,0.15,2.8,3.83,0.39,0,0,10.18,7.33,8.76,10.38,82.81,0.09,61.98,2.42,198.08,3.25,198.04
2022,6,25,19,0,0,0,0,0,0,0,0,9.21,7.69,8.44,10.68,90.62,0.1,62.01,1.87,195.49,2.51,195.51
2022,6,25,20,0,0,0,0,0,0,0,0,8.73,7.8,8.26,10.74,94.44,0.09,62.03,1.49,196.15,2.02,196.4
2022,6,25,21,0,0,0,0,0,0,0,0,8.42,7.82,8.12,10.74,96.56,0.09,62.01,1.13,198.56,1.6,199.41
2022,6,25,22,0,0,0,0,0,0,0,0,7.95,7.72,7.83,10.68,99.06,0.09,61.98,0.66,202.31,1.15,203.61
2022,6,25,23,0,0,0,0,0,0,0,0,7.51,7.55,7.53,10.56,100,0.08,61.98,0.62,195.45,1.22,195.54
2022,6,26,0,0,0,0,0,0,0,0,0,7.33,7.41,7.37,10.5,100,0.05,62,0.64,186.34,1.29,185.92
2022,6,26,1,0,0,0,0,0,0,0,0,7.11,7.26,7.18,10.38,100,0.03,61.99,0.58,188.46,1.21,187.45
2022,6,26,2,0,0,0,0,0,0,0,0,6.88,7.03,6.96,10.19,100,0.02,61.98,0.57,200.19,1.02,199.68
2022,6,26,3,0,0,0,0,0,0,0,0,6.72,6.76,6.74,10.07,100,0.01,61.98,0.47,211.29,0.78,211.46
2022,6,26,4,0.02,0.01,0.05,0.92,1.2,0.13,0,0,6.55,6.48,6.52,9.89,100,0.01,61.99,0.32,207.82,0.48,211.61
2022,6,26,5,0.12,0.28,0.81,13.92,33.3,1.79,0.01,0.05,7.57,6.39,6.98,9.83,93.25,0,62.02,0.22,145.18,0.27,144.46
2022,6,26,6,0.47,0.91,1.8,55.6,107.9,7.02,0.09,0.45,9.98,5.77,7.87,9.4,75.94,0.01,62.06,0.81,168.25,0.97,167.87
2022,6,26,7,0.82,1.65,2.72,101.17,199.27,13.54,0.3,1.48,12.88,4.76,8.82,8.73,58.38,0.02,62.09,1.96,193.15,2.39,193.04
2022,6,26,8,1.32,2.36,3.52,168.42,286.58,22.73,0.65,3.4,15.35,4.15,9.76,8.36,47.62,0.02,62.1,2.79,199.3,3.44,199.22
2022,6,26,9,1.77,2.94,4.14,222.45,358.7,30.28,0.99,4.88,17.27,4.23,10.75,8.42,42.31,0.02,62.1,3.53,202.37,4.41,202.29
2022,6,26,10,2.05,3.33,4.55,262.52,407.15,36.3,1.29,6.62,18.74,4.51,11.62,8.54,39.31,0.03,62.08,4.24,205.29,5.36,205.07
2022,6,26,11,2.25,3.6,4.7,294.15,444.05,41.73,1.55,8.25,19.3,5.02,12.15,8.91,39.38,0.06,62.05,4.75,208.25,6.06,208.09
2022,6,26,12,2.04,3.48,4.6,267.88,430.12,38.39,1.4,7.33,19.3,5.59,12.44,9.28,41,0.11,62.01,5.02,210.52,6.44,210.39
2022,6,26,13,1.89,3.16,4.25,241.75,390.55,34.46,1.17,5.9,18.58,6.08,12.33,9.58,44.31,0.14,61.99,5.11,212.26,6.61,212.11
2022,6,26,14,1.38,2.63,3.68,179.6,325.08,25.55,0.76,3.98,17.63,6.45,12.05,9.83,48.25,0.17,61.98,5.1,213.45,6.66,213.32
2022,6,26,15,1,1.94,2.91,127.4,240.15,17.77,0.41,2.1,16.03,6.92,11.48,10.13,55.12,0.19,61.99,4.83,214.05,6.35,213.87
2022,6,26,16,0.59,1.18,2.01,73.23,144.77,9.93,0.16,0.75,14.13,7.46,10.8,10.5,64.62,0.17,62,4.17,213.84,5.51,213.74
2022,6,26,17,0.27,0.47,1.04,30.6,55.85,3.93,0.02,0.1,12.51,7.97,10.23,10.86,74.25,0.07,62.03,3.39,213.07,4.52,213
2022,6,26,18,0.03,0.04,0.15,2.25,4.4,0.34,0,0,10.97,8.48,9.73,11.23,85.06,0.05,62.07,2.55,211.75,3.46,211.72
2022,6,26,19,0,0,0,0,0,0,0,0,10.03,8.82,9.43,11.54,92.69,0.05,62.09,1.99,212.82,2.71,212.77
2022,6,26,20,0,0,0,0,0,0,0,0,9.6,8.9,9.26,11.6,96,0.06,62.12,1.6,214.47,2.23,214.75
2022,6,26,21,0,0,0,0,0,0,0,0,9.21,8.83,9.02,11.54,98.06,0.08,62.14,1.1,217.77,1.68,217.99
2022,6,26,22,0,0,0,0,0,0,0,0,8.77,8.66,8.72,11.35,99.81,0.11,62.15,0.77,222.12,1.38,221.09
2022,6,26,23,0,0,0,0,0,0,0,0,8.25,8.37,8.31,11.17,100,0.14,62.13,0.69,223.63,1.41,221.4
2022,6,27,0,0,0,0,0,0,0,0,0,7.97,8.05,8.01,10.93,100,0.15,62.12,0.67,226.88,1.32,225.24
2022,6,27,1,0,0,0,0,0,0,0,0,7.8,7.88,7.84,10.86,100,0.15,62.1,0.62,225,1.12,226.13
2022,6,27,2,0,0,0,0,0,0,0,0,7.67,7.73,7.7,10.74,100,0.12,62.07,0.54,230.3,0.95,233.7
2022,6,27,3,0,0,0,0,0,0,0,0,7.42,7.44,7.43,10.56,100,0.1,62.05,0.42,234.83,0.73,242.07
2022,6,27,4,0.02,0.01,0.05,0.92,1.25,0.14,0,0,7.15,7.19,7.17,10.38,100,0.07,62.05,0.28,227.29,0.47,240.85
2022,6,27,5,0.08,0.29,0.81,8.95,33.55,1.22,0.01,0.02,8.42,7.36,7.89,10.44,94,0.02,62.07,0.37,230.19,0.48,233.7
2022,6,27,6,0.34,0.97,1.79,40.73,113.48,5.55,0.08,0.38,10.59,7.32,8.96,10.44,80.88,0.01,62.09,1.18,241.57,1.46,241.93
2022,6,27,7,0.64,1.77,2.71,81.75,214.1,11.72,0.27,1.35,12.88,7.07,9.98,10.25,68.25,0.01,62.1,1.98,233.18,2.47,232.84
2022,6,27,8,1.28,2.53,3.51,164.35,310.3,23.57,0.7,3.73,15.37,6.55,10.96,9.89,56.06,0,62.09,2.57,225.49,3.22,225.1
2022,6,27,9,1.79,3.13,4.14,229.77,385.33,33.19,1.15,5.65,17.26,6.19,11.73,9.64,48.5,0,62.08,3.25,218.27,4.11,217.83
2022,6,27,10,2.22,3.51,4.54,285.5,433.17,41.41,1.55,7.98,18.43,6.12,12.27,9.58,44.81,0.01,62.05,4.03,213.14,5.16,212.75
2022,6,27,11,2.1,3.59,4.7,279.38,442.88,40.52,1.54,8.27,18.63,6.33,12.48,9.77,45,0.03,62.03,4.62,211.25,5.97,210.96
2022,6,27,12,1.9,3.5,4.6,251.92,432.62,36.76,1.38,7.23,18.33,6.75,12.55,10.07,47.19,0.05,62,5,211.26,6.49,211.11
2022,6,27,13,1.85,3.21,4.25,237.75,397.27,34.18,1.21,6,17.33,7.16,12.25,10.31,51.69,0.07,61.98,5.09,211.76,6.65,211.6
2022,6,27,14,1.32,2.69,3.68,170.35,332.7,24.48,0.75,3.98,16.28,7.54,11.9,10.62,56.69,0.09,61.97,4.96,212.26,6.5,212.14
2022,6,27,15,1.1,2.01,2.91,138.08,248,19.46,0.47,2.4,15.01,7.69,11.35,10.68,62,0.09,61.96,4.59,213.12,6.04,212.97
2022,6,27,16,0.57,1.22,2.01,71.83,150.02,9.86,0.16,0.77,13.53,7.9,10.72,10.86,69.19,0.08,61.96,4.11,212.81,5.43,212.66
2022,6,27,17,0.3,0.49,1.04,34.2,58.58,4.32,0.03,0.12,11.91,8.2,10.05,11.05,78.31,0.09,61.98,3.34,211.31,4.42,211.19
2022,6,27,18,0.04,0.04,0.15,2.88,4.58,0.42,0,0,10.4,8.48,9.44,11.23,88.12,0.08,62.01,2.47,206.89,3.32,206.75
2022,6,27,19,0,0,0,0,0,0,0,0,9.56,8.6,9.08,11.29,94,0.08,62.05,1.86,200.87,2.51,200.74
2022,6,27,20,0,0,0,0,0,0,0,0,9.19,8.55,8.87,11.29,96.06,0.08,62.08,1.44,198.34,1.99,198.58
2022,6,27,21,0,0,0,0,0,0,0,0,8.89,8.44,8.66,11.17,97.31,0.08,62.08,0.99,201.3,1.45,201.17
2022,6,27,22,0,0,0,0,0,0,0,0,8.46,8.26,8.36,11.05,99,0.09,62.05,0.57,213.91,1.06,210.17
2022,6,27,23,0,0,0,0,0,0,0,0,8.08,8.04,8.06,10.93,100,0.1,62.02,0.55,220.43,1.05,216.87
2022,6,28,0,0,0,0,0,0,0,0,0,7.9,7.86,7.88,10.8,100,0.1,61.98,0.57,223.33,0.99,222.12
2022,6,28,1,0,0,0,0,0,0,0,0,7.71,7.7,7.7,10.68,100,0.09,61.94,0.5,222.46,0.85,224.63
2022,6,28,2,0,0,0,0,0,0,0,0,7.54,7.59,7.57,10.62,100,0.08,61.91,0.38,214.02,0.64,222.51
2022,6,28,3,0,0,0,0,0,0,0,0,7.42,7.53,7.48,10.56,100,0.06,61.91,0.25,204.15,0.39,219.37
2022,6,28,4,0.02,0.01,0.05,0.85,0.9,0.11,0,0,7.33,7.45,7.39,10.5,100,0.05,61.91,0.12,191.31,0.16,223.03
2022,6,28,5,0.11,0.25,0.8,12.67,28.08,1.72,0.01,0.05,8.74,7.76,8.26,10.74,94.25,0.04,61.93,0.02,296.57,0.06,315
2022,6,28,6,0.39,0.8,1.79,44.1,90.2,5.8,0.08,0.38,11.23,7.69,9.46,10.74,79.69,0.03,61.95,0.37,261.53,0.44,264.9
2022,6,28,7,0.79,1.59,2.71,96.05,184.9,12.88,0.28,1.38,13.94,6.98,10.46,10.25,63.62,0.03,61.96,0.92,209.62,1.12,209.25
2022,6,28,8,1.39,2.46,3.51,175.98,298.45,24.68,0.71,3.73,16.31,6.08,11.2,9.64,51.62,0.02,61.97,1.91,198.14,2.37,198.26
2022,6,28,9,1.72,3.07,4.14,218.2,374.7,30.97,1.05,5.2,18.02,5.7,11.87,9.46,45.25,0.02,61.95,2.89,199.27,3.61,199.18
2022,6,28,10,2.27,3.46,4.54,288.1,422.42,41.03,1.5,7.7,19.11,5.77,12.44,9.52,42.5,0.02,61.92,3.78,203.23,4.79,203.14
2022,6,28,11,2.38,3.72,4.7,309.45,459.42,45.46,1.74,9.27,19.65,6.05,12.85,9.7,41.81,0.04,61.89,4.36,206.84,5.57,206.67
2022,6,28,12,2.3,3.63,4.6,299.52,447.75,44.31,1.66,8.75,20,6.27,13.14,9.83,41.56,0.08,61.84,4.65,209.63,5.98,209.45
2022,6,28,13,3.02,3.32,4.26,376.08,411.45,53.34,1.88,9.35,19.5,6.6,13.05,10.07,43.94,0.12,61.79,4.79,211.59,6.22,211.33
2022,6,28,14,1.22,2.8,3.68,153.52,347.3,23.16,0.72,3.77,18.3,7.16,12.73,10.5,49.25,0.14,61.77,4.67,213.96,6.1,213.67
2022,6,28,15,0.76,2.11,2.92,95.02,262.42,14.24,0.35,1.8,16.9,7.73,12.31,10.93,56,0.14,61.75,4.43,213.72,5.82,213.5
2022,6,28,16,0.45,1.33,2.02,54.05,164.3,7.74,0.12,0.62,15.37,8.24,11.8,11.35,63.88,0.13,61.73,4.09,211.08,5.4,210.98
2022,6,28,17,0.21,0.54,1.04,24.4,65.52,3.04,0.02,0.1,13.54,8.8,11.16,11.72,74.25,0.08,61.74,3.51,207.76,4.69,207.72
2022,6,28,18,0.03,0.04,0.15,2.02,4.85,0.31,0,0,11.55,9.42,10.49,12.08,87.56,0.07,61.77,2.46,203.22,3.36,203.29
2022,6,28,19,0,0,0,0,0,0,0,0,10.56,9.72,10.14,12.27,95.06,0.08,61.82,1.76,201.57,2.41,201.73
2022,6,28,20,0,0,0,0,0,0,0,0,10.27,9.7,9.98,12.27,96.69,0.07,61.85,1.46,205.05,2.03,204.99
2022,6,28,21,0,0,0,0,0,0,0,0,9.9,9.55,9.73,12.15,98.12,0.09,61.84,0.97,213.18,1.5,212.7
2022,6,28,22,0,0,0,0,0,0,0,0,9.5,9.33,9.41,11.96,99.38,0.08,61.8,0.8,217.09,1.42,215.17
2022,6,28,23,0,0,0,0,0,0,0,0,9.14,9.05,9.09,11.78,99.94,0.06,61.79,0.77,210.47,1.44,206.43
2022,6,29,0,0,0,0,0,0,0,0,0,8.85,8.87,8.86,11.6,100,0.07,61.78,0.74,200.34,1.43,196.85
2022,6,29,1,0,0,0,0,0,0,0,0,8.56,8.65,8.61,11.47,100,0.06,61.75,0.63,193.52,1.27,192.84
2022,6,29,2,0,0,0,0,0,0,0,0,8.43,8.48,8.46,11.29,100,0.05,61.73,0.6,189.71,1.07,190.08
2022,6,29,3,0,0,0,0,0,0,0,0,8.41,8.37,8.39,11.23,100,0.04,61.72,0.53,183.37,0.88,182.56
2022,6,29,4,0.02,0.01,0.05,0.75,0.83,0.1,0,0,8.43,8.13,8.28,11.05,98.88,0.03,61.74,0.42,173.54,0.65,172.36
2022,6,29,5,0.1,0.22,0.8,10.55,25.5,1.36,0.01,0.02,9.55,8.38,8.97,11.29,93.38,0,61.76,0.52,156.12,0.71,156.55
2022,6,29,6,0.45,0.8,1.78,51.73,92.33,6.48,0.08,0.38,11.69,8.34,10.01,11.29,81.12,0,61.78,1.2,166.42,1.48,166.85
2022,6,29,7,0.81,1.53,2.7,96.6,180.77,12.67,0.27,1.3,13.95,7.67,10.81,10.8,67,0,61.8,1.85,164.79,2.26,165.15
2022,6,29,8,1.18,2.2,3.51,152.62,266.75,20.62,0.56,2.92,16.14,6.94,11.54,10.25,55.25,0,61.82,2.35,170.44,2.88,170.46
2022,6,29,9,1.86,2.86,4.13,231.02,349.17,30.77,0.98,4.83,17.73,6.72,12.22,10.07,49.12,0,61.82,2.71,180.66,3.32,180.67
2022,6,29,10,2.03,3.22,4.54,261.7,394.85,35.63,1.23,6.35,18.93,6.75,12.84,10.13,45.62,0,61.8,3.09,192.88,3.81,193.04
2022,6,29,11,2,3.63,4.7,267.8,461.02,39.78,1.47,7.7,19.84,6.8,13.33,10.13,43.25,0,61.75,3.51,204.62,4.37,204.73
2022,6,29,12,1.97,3.52,4.6,258.92,442.65,37.73,1.36,7.02,20.29,6.83,13.56,10.19,42.12,0.01,61.68,3.84,215.56,4.83,215.65
2022,6,29,13,1.2,3.16,4.26,158.7,395.48,23.14,0.77,3.85,20.26,6.87,13.56,10.19,42.31,0.01,61.6,4.24,223.58,5.4,223.48
2022,6,29,14,0.96,2.59,3.68,127.92,321.77,18.3,0.54,2.85,18.98,7.19,13.08,10.5,46.94,0.01,61.58,4.26,222.55,5.5,222.3
2022,6,29,15,0.55,1.87,2.92,71.4,229.35,10.02,0.23,1.17,16.45,7.76,12.11,10.93,57.38,0.01,61.59,3.66,214.74,4.78,214.42
2022,6,29,16,0.21,1.09,2.02,26.7,131.25,3.75,0.05,0.27,14.57,8.2,11.39,11.23,66.62,0.01,61.6,2.98,212.82,3.89,212.54
2022,6,29,17,0.09,0.4,1.04,10.12,46.65,1.39,0.01,0.02,13.25,8.54,10.89,11.47,74.19,0.02,61.61,2.41,209.98,3.15,209.87
2022,6,29,18,0.03,0.03,0.15,2.08,3.75,0.28,0,0,12.06,9.09,10.58,11.84,82.88,0.02,61.64,1.8,206.9,2.4,207.32
2022,6,29,19,0,0,0,0,0,0,0,0,11.36,9.38,10.37,12.08,88.31,0.04,61.69,1.28,201.41,1.69,202.89
2022,6,29,20,0,0,0,0,0,0,0,0,10.94,9.27,10.1,11.96,90.25,0.07,61.74,1.17,199.16,1.51,200.97
2022,6,29,21,0,0,0,0,0,0,0,0,10.23,9.12,9.67,11.84,93.69,0.11,61.78,1.06,201.25,1.49,202.53
2022,6,29,22,0,0,0,0,0,0,0,0,9.42,8.79,9.1,11.6,96.69,0.13,61.81,0.76,199.73,1.27,199.44
2022,6,29,23,0,0,0,0,0,0,0,0,8.6,7.79,8.19,10.74,95.12,0.13,61.82,0.83,194.17,1.39,192.95
2022,6,30,0,0,0,0,0,0,0,0,0,7.66,6.69,7.18,10.01,94,0.13,61.8,0.64,198.43,1.01,198.01
2022,6,30,1,0,0,0,0,0,0,0,0,7.04,6.09,6.57,9.58,94.12,0.1,61.74,0.33,244.65,0.58,247.91
2022,6,30,2,0,0,0,0,0,0,0,0,6.85,5.98,6.41,9.52,94.62,0.06,61.68,0.32,289.75,0.58,285.73
2022,6,30,3,0,0,0,0,0,0,0,0,6.55,5.73,6.15,9.4,95.06,0.03,61.7,0.26,296.57,0.5,289.29
2022,6,30,4,0,0,0,0,0,0,0,0,6.34,5.51,5.92,9.22,95.12,0.02,61.78,0.11,285.95,0.28,266.82
2022,6,30,5,0.06,0.19,0.84,6.12,21.23,0.69,0,0,6.76,5.47,6.12,9.16,92,0.06,61.84,0.17,199.29,0.19,199.18
2022,6,30,6,0.31,0.57,1.78,34,63.15,3.8,0.05,0.23,7.87,5.38,6.63,9.09,84.69,0.08,61.88,0.68,154.9,0.82,154.16
2022,6,30,7,0.63,1.12,2.7,71.98,123.88,8.08,0.16,0.77,8.91,5.17,7.04,8.97,77.75,0.11,61.92,1.16,158.27,1.41,158.14
2022,6,30,8,0.97,1.7,3.5,113.77,187.88,12.71,0.32,1.67,10.64,5.1,7.87,8.91,68.94,0.11,61.94,1.75,169.44,2.13,169.43
2022,6,30,9,1.29,2.22,4.13,154.35,248.58,17.44,0.52,2.52,13.34,4.8,9.07,8.73,56.44,0.1,61.96,2.66,178.82,3.29,178.91
2022,6,30,10,1.58,2.61,4.54,189.83,296.15,21.8,0.7,3.55,15.23,4.59,9.9,8.61,49.25,0.08,61.93,3.46,187.78,4.33,187.98
2022,6,30,11,2.25,3.73,4.7,294.1,469.23,44.2,1.64,8.65,15.82,4.77,10.3,8.73,48.06,0.04,61.88,3.85,193.25,4.86,193.39
2022,6,30,12,1.89,3.59,4.6,247.35,449.73,36.99,1.33,6.83,16.26,5,10.62,8.85,47.44,0.02,61.82,4.15,197.89,5.28,198.11
2022,6,30,13,1.59,3.22,4.26,207.48,399.92,30.67,1.03,5.12,16.25,5.24,10.75,9.03,48.25,0.02,61.78,4.32,203.65,5.54,203.78
2022,6,30,14,0.85,2.64,3.68,115.23,325.4,17.22,0.51,2.62,15.5,5.47,10.48,9.16,51.38,0.01,61.75,4.34,206.75,5.61,206.81
2022,6,30,15,0.4,1.91,2.92,53.92,232.2,8.07,0.19,0.92,14.01,5.78,9.89,9.34,57.75,0.01,61.75,4.01,208.36,5.24,208.28
2022,6,30,16,0.18,1.13,2.02,21.98,134.92,3.13,0.05,0.23,12.5,6.09,9.3,9.58,65.19,0.01,61.77,3.49,208.46,4.58,208.4
2022,6,30,17,0.08,0.43,1.05,8.15,49.33,1.12,0.01,0.02,10.96,6.39,8.68,9.77,73.62,0.01,61.81,2.86,205.23,3.76,205.23
2022,6,30,18,0.03,0.04,0.15,2.58,4.1,0.36,0,0,9.39,6.71,8.05,9.95,83.56,0.02,61.85,2.19,198.11,2.89,198.09
2022,6,30,19,0,0,0,0,0,0,0,0,8.41,6.92,7.67,10.13,90.62,0.02,61.88,1.67,189.99,2.18,190.1
2022,6,30,20,0,0,0,0,0,0,0,0,8.02,6.94,7.48,10.13,93.25,0.01,61.91,1.23,186.18,1.62,185.55
2022,6,30,21,0,0,0,0,0,0,0,0,7.74,6.98,7.37,10.13,95.31,0.01,61.94,1.08,193.34,1.45,193.36
2022,6,30,22,0,0,0,0,0,0,0,0,7.41,6.94,7.18,10.13,97.19,0.01,61.95,0.8,201.8,1.24,201.4
2022,6,30,23,0,0,0,0,0,0,0,0,7.11,6.79,6.94,10.01,98.38,0.01,61.95,0.79,204.54,1.33,203.86
2022,7,1,0,0,0,0,0,0,0,0,0,6.8,6.62,6.71,9.95,99.38,0.01,61.92,0.75,206.03,1.26,205.3
2022,7,1,1,0,0,0,0,0,0,0,0,6.74,6.48,6.61,9.83,98.88,0.01,61.88,0.62,207.86,0.93,207.42
2022,7,1,2,0,0,0,0,0,0,0,0,6.68,6.35,6.51,9.77,98.38,0.01,61.86,0.33,220.16,0.48,220.4
2022,7,1,3,0,0,0,0,0,0,0,0,6.53,6.15,6.33,9.64,98.06,0,61.84,0.23,330.02,0.35,328.82
2022,7,1,4,0.02,0.01,0.04,0.7,0.8,0.09,0,0,6.05,5.83,5.94,9.4,99.06,0,61.84,0.58,10.1,0.95,9.46
2022,7,1,5,0.14,0.21,0.79,15.98,24.3,1.98,0.01,0.05,7.55,5.72,6.63,9.34,88.56,0,61.84,1.12,16.16,1.52,16.47
2022,7,1,6,0.52,0.7,1.77,58.75,79.1,7.11,0.09,0.42,10.73,5.44,8.09,9.16,70,0,61.85,0.83,34.29,1,33.57
2022,7,1,7,0.97,1.35,2.7,113.77,154.7,14.01,0.28,1.42,14.44,4.93,9.69,8.79,52.94,0,61.85,1.41,153.01,1.72,153.2
2022,7,1,8,1.45,2.02,3.5,171.83,235.75,21.47,0.56,2.98,17.15,4.61,10.88,8.61,43.56,0,61.86,2.71,171.38,3.38,171.63
2022,7,1,9,1.9,2.58,4.13,226.6,304.52,28.52,0.88,4.33,18.93,4.73,11.83,8.73,39.38,0,61.86,3.49,181.67,4.4,182.03
2022,7,1,10,2.23,2.92,4.54,273.9,348.9,35.32,1.17,6.08,19.73,5.12,12.42,8.97,38.56,0,61.86,4.13,190.25,5.27,190.59
2022,7,1,11,2.18,3.46,4.7,288.42,427.25,40.43,1.46,7.75,19.67,5.69,12.68,9.34,40.25,0,61.84,4.53,196.03,5.81,196.32
2022,7,1,12,1.9,3.39,4.6,251.52,419.38,35.7,1.27,6.6,18.93,6.3,12.61,9.7,43.94,0,61.8,4.67,201.2,6.02,201.47
2022,7,1,13,1.89,3.11,4.26,240.67,384.88,33.88,1.13,5.62,17.99,6.88,12.44,10.13,48.44,0.01,61.77,4.63,205.14,6,205.36
2022,7,1,14,1.36,2.6,3.68,172.45,321.15,23.9,0.68,3.55,16.53,7.3,11.92,10.44,54.62,0.01,61.76,4.27,209.15,5.56,209.38
2022,7,1,15,1.03,1.93,2.92,127.02,236.92,17.2,0.39,1.98,14.76,7.53,11.15,10.56,62.19,0.01,61.75,3.67,213.89,4.8,214.18
2022,7,1,16,0.53,1.17,2.02,65.92,141.58,9.07,0.14,0.67,13.01,7.69,10.36,10.74,70.5,0.01,61.76,2.79,218.06,3.68,218.36
2022,7,1,17,0.19,0.46,1.05,21.08,54.4,2.75,0.02,0.08,11.86,7.92,9.89,10.93,77.38,0.08,61.8,2.24,219.75,2.99,219.81
2022,7,1,18,0.04,0.04,0.15,3,4.4,0.42,0,0,10.71,8.12,9.41,11.05,84.81,0.09,61.85,1.82,225.69,2.49,225.25
2022,7,1,19,0,0,0,0,0,0,0,0,9.92,8.1,9.01,11.05,89.56,0.09,61.89,1.29,229.93,1.74,229.18
2022,7,1,20,0,0,0,0,0,0,0,0,9.5,7.92,8.71,10.93,91.19,0.08,61.93,0.81,215.99,1.1,215.16
2022,7,1,21,0,0,0,0,0,0,0,0,9.14,7.81,8.48,10.86,92.81,0.09,61.94,0.79,193.08,1.06,193.63
2022,7,1,22,0,0,0,0,0,0,0,0,8.78,7.73,8.26,10.8,94.5,0.09,61.92,0.82,190.99,1.07,191.8
2022,7,1,23,0,0,0,0,0,0,0,0,8.42,7.58,8,10.68,95.88,0.08,61.9,0.64,204.68,0.84,204.66
2022,7,2,0,0,0,0,0,0,0,0,0,7.96,7.37,7.66,10.56,97.56,0.08,61.87,0.23,212.62,0.43,216.03
2022,7,2,1,0,0,0,0,0,0,0,0,7.62,7.21,7.41,10.44,98.69,0.05,61.84,0.21,218.99,0.52,217.04
2022,7,2,2,0,0,0,0,0,0,0,0,7.35,7.04,7.19,10.31,99.12,0.03,61.82,0.26,216.53,0.66,214.44
2022,7,2,3,0,0,0,0,0,0,0,0,7.13,6.86,7,10.13,99.06,0.02,61.8,0.3,209.93,0.65,208.72
2022,7,2,4,0,0,0,0,0,0,0,0,7.05,6.75,6.9,10.07,98.75,0.02,61.8,0.32,218,0.56,217.03
2022,7,2,5,0.17,0.34,0.82,19.52,40.27,2.57,0.01,0.05,7.99,6.73,7.37,10.07,92.5,0.02,61.81,0.41,240.52,0.52,240.36
2022,7,2,6,0.67,1.02,1.77,79.5,124.65,10.38,0.13,0.62,10.04,6.56,8.3,9.89,79.44,0.01,61.82,0.31,271.43,0.37,272.44
2022,7,2,7,1.26,1.78,2.69,157.3,221.38,21.54,0.45,2.27,12.88,5.94,9.41,9.46,63,0.01,61.82,0.49,166.18,0.58,165.96
2022,7,2,8,1.82,2.5,3.5,230.7,312.1,32.17,0.89,4.65,15.77,4.88,10.33,8.79,48.56,0.01,61.82,1.72,164.77,2.1,164.93
2022,7,2,9,2.1,3.08,4.13,264.7,384.75,38.03,1.24,6.2,17.75,4.19,10.98,8.42,40.88,0.01,61.81,2.62,173.32,3.26,173.54
2022,7,2,10,2.5,3.49,4.54,323.45,434.73,45.98,1.64,8.4,18.66,4.01,11.33,8.3,38.12,0.02,61.8,3.17,181.69,4.02,182.01
2022,7,2,11,2.31,3.67,4.7,304.77,459.3,44.37,1.65,8.7,18.58,4.45,11.51,8.54,39.56,0.04,61.79,3.56,189.46,4.56,189.77
2022,7,2,12,2.04,3.58,4.6,267.83,448.38,39.12,1.41,7.35,17.7,5.15,11.43,9.03,43.94,0.08,61.79,3.63,195.86,4.67,196.22
2022,7,2,13,1.9,3.26,4.26,243.92,408.83,35.45,1.21,6.05,16.51,5.73,11.12,9.4,49.38,0.14,61.78,3.4,200.85,4.38,201.12
2022,7,2,14,1.41,2.74,3.68,181.55,343.42,26.28,0.79,4.12,15.33,6.15,10.74,9.7,55,0.19,61.78,3.01,205.03,3.87,205.22
2022,7,2,15,0.98,2.05,2.92,123.05,256.77,17.45,0.41,2.1,14.36,6.51,10.44,9.95,60.06,0.22,61.77,2.63,211.52,3.39,211.71
2022,7,2,16,0.64,1.27,2.02,78.48,157.38,10.59,0.16,0.8,13.46,6.9,10.19,10.19,65.25,0.21,61.77,2.25,218.94,2.9,218.88
2022,7,2,17,0.3,0.5,1.05,35.25,60.55,4.49,0.03,0.12,12.37,7.37,9.87,10.5,72.19,0.07,61.79,1.93,220.9,2.56,221.04
2022,7,2,18,0.04,0.04,0.15,2.85,4.62,0.41,0,0,10.65,8.11,9.37,11.05,84.94,0.08,61.83,1.01,214.3,1.63,213.69
2022,7,2,19,0,0,0,0,0,0,0,0,9.91,8.55,9.23,11.35,91.94,0.09,61.89,1.21,205.24,1.77,205.09
2022,7,2,20,0,0,0,0,0,0,0,0,9.57,8.8,9.19,11.54,95.75,0.14,61.93,1.33,202.49,1.85,202.56
2022,7,2,21,0,0,0,0,0,0,0,0,9.4,8.87,9.14,11.6,97.38,0.21,61.92,1.04,206.76,1.5,206.57
2022,7,2,22,0,0,0,0,0,0,0,0,9.19,8.87,9.02,11.6,98.69,0.21,61.9,0.74,205.75,1.18,206.23
2022,7,2,23,0,0,0,0,0,0,0,0,8.83,8.75,8.8,11.54,100,0.19,61.87,0.63,210.72,1.18,210.96
2022,7,3,0,0,0,0,0,0,0,0,0,8.65,8.62,8.63,11.41,100,0.15,61.86,0.6,220.28,1.26,220.22
2022,7,3,1,0,0,0,0,0,0,0,0,8.51,8.47,8.49,11.35,100,0.11,61.83,0.54,225.59,1.15,224.73
2022,7,3,2,0,0,0,0,0,0,0,0,8.38,8.27,8.33,11.17,100,0.06,61.81,0.48,232.21,0.92,231.19
2022,7,3,3,0,0,0,0,0,0,0,0,8.19,8,8.09,10.99,99.81,0.02,61.8,0.43,245.3,0.72,246.23
2022,7,3,4,0,0,0,0,0,0,0,0,8.03,7.75,7.89,10.8,99.12,0,61.81,0.29,253.01,0.46,258.31
2022,7,3,5,0.21,0.3,0.82,24.5,35.33,3.32,0.02,0.08,8.86,7.8,8.33,10.86,94.12,0,61.84,0.15,231.34,0.21,233.97
2022,7,3,6,0.7,0.97,1.76,82.1,116.67,10.89,0.13,0.67,10.44,7.73,9.08,10.8,84.31,0,61.88,0.56,207.28,0.7,207.43
2022,7,3,7,1.36,1.75,2.69,166.92,217.05,22.55,0.47,2.35,12.56,7.1,9.83,10.44,70.88,0,61.91,1.51,181.78,1.88,182.39
2022,7,3,8,2.02,2.5,3.49,252,311.8,34.85,0.96,5.02,14.32,6.47,10.39,10.01,60.81,0,61.94,2.62,177.95,3.3,178.24
2022,7,3,9,2.6,3.08,4.12,329.88,384.77,46.4,1.52,7.67,15.37,6.2,10.79,9.83,55.62,0,61.96,3.34,181.47,4.27,181.78
2022,7,3,10,2.92,3.46,4.53,375.75,432.67,53.52,1.91,10.05,16,6.24,11.12,9.83,53.38,0,61.96,3.81,185.3,4.87,185.52
2022,7,3,11,2.75,3.68,4.7,363.7,463.42,53.09,1.98,10.65,16.36,6.44,11.4,9.89,52.56,0,61.94,4.06,189.19,5.2,189.43
2022,7,3,12,2.69,3.59,4.6,355.48,451.7,51.8,1.9,10,16.76,6.62,11.69,9.95,51.69,0,61.92,4.18,192.84,5.35,192.92
2022,7,3,13,2.37,3.27,4.26,304.88,411.2,44.02,1.51,7.6,16.87,6.71,11.79,10.01,51.56,0,61.88,4.22,195.35,5.4,195.52
2022,7,3,14,1.97,2.74,3.68,253.33,344.83,36.04,1.07,5.6,16.53,6.89,11.71,10.13,53.19,0,61.85,4.19,200.29,5.37,200.33
2022,7,3,15,1.35,2.02,2.92,171.45,252.35,23.92,0.55,2.8,15.79,7.08,11.44,10.25,56.44,0,61.83,4.04,204.78,5.23,204.92
2022,7,3,16,0.81,1.27,2.02,100.92,157.35,13.63,0.2,1,14.38,7.4,10.9,10.5,63.19,0,61.83,3.78,206.67,4.94,206.77
2022,7,3,17,0.36,0.5,1.05,41.33,60.12,5.27,0.03,0.15,12.59,7.91,10.26,10.86,73.38,0.07,61.86,3.24,205.7,4.3,205.87
2022,7,3,18,0.04,0.04,0.15,3.48,4.62,0.49,0,0,10.77,8.44,9.6,11.23,85.75,0.07,61.91,2.4,201.63,3.24,201.67
2022,7,3,19,0,0,0,0,0,0,0,0,9.86,8.73,9.3,11.47,93.12,0.06,61.95,1.89,192.66,2.53,192.84
2022,7,3,20,0,0,0,0,0,0,0,0,9.61,8.8,9.2,11.54,95.19,0.05,61.96,1.68,181.07,2.27,181.18
2022,7,3,21,0,0,0,0,0,0,0,0,9.55,8.87,9.21,11.6,96,0.03,61.96,1.58,183.12,2.17,183.51
2022,7,3,22,0,0,0,0,0,0,0,0,9.62,8.9,9.26,11.6,95.81,0.03,61.97,1.4,204.13,1.94,204.5
2022,7,3,23,0,0,0,0,0,0,0,0,9.58,8.88,9.23,11.6,96.25,0.03,61.94,1.19,210.77,1.7,212.01
2022,7,4,0,0,0,0,0,0,0,0,0,9.3,8.76,9.02,11.54,97.31,0.02,61.91,0.87,225.73,1.36,227.33
2022,7,4,1,0,0,0,0,0,0,0,0,8.94,8.44,8.69,11.35,97.88,0.01,61.88,0.61,255.26,1.11,255.28
2022,7,4,2,0,0,0,0,0,0,0,0,8.7,7.98,8.34,10.99,96.44,0.01,61.88,0.6,307.02,0.99,305.7
2022,7,4,3,0,0,0,0,0,0,0,0,8.52,7.36,7.94,10.5,93.38,0.01,61.89,0.62,340.2,1.02,339.9
2022,7,4,4,0,0,0,0,0,0,0,0,8.27,6.73,7.5,10.01,90.62,0,61.9,0.59,356.99,0.99,357.27
2022,7,4,5,0.14,0.36,0.81,16.45,42.92,2.12,0.01,0.05,9.17,6.69,7.93,9.95,84.94,0,61.93,0.66,14.36,0.88,12.8
2022,7,4,6,0.63,1.05,1.75,75.33,130.55,9.77,0.12,0.58,11.12,6.51,8.81,9.83,73.62,0,61.96,0.62,62.14,0.75,60.77
2022,7,4,7,1.22,1.82,2.68,150.42,227.52,20.6,0.42,2.1,12.94,5.9,9.42,9.4,62.56,0,61.99,1.37,116.13,1.66,115.6
2022,7,4,8,2.3,2.53,3.49,288.23,316.67,39.3,1.05,5.42,13.98,5.44,9.71,9.16,56.75,0,62.03,1.96,139.7,2.4,139.48
2022,7,4,9,2.95,3.1,4.12,372.6,387.42,51.77,1.63,8.4,14.94,5.41,10.18,9.09,53.25,0,62.05,2.39,159.31,2.96,159.13
2022,7,4,10,3.04,3.48,4.53,389.2,433.95,55.22,1.92,10.17,16.23,5.3,10.77,9.03,48.62,0.01,62.04,2.68,175.15,3.33,175.16
2022,7,4,11,2.99,3.75,4.7,395.45,472.67,58.23,2.15,11.48,18.08,5.1,11.59,8.91,42.56,0.02,62,3.12,189.65,3.9,189.69
2022,7,4,12,2.79,3.69,4.6,364.33,463.23,53.98,1.98,10.33,19.58,5.03,12.3,8.85,38.5,0.04,61.94,3.62,198.24,4.54,198.34
2022,7,4,13,2.04,3.4,4.26,257.92,426.12,38.62,1.32,6.7,19.88,5.08,12.48,8.91,37.94,0.08,61.89,4.01,201.37,5.09,201.44
2022,7,4,14,1.9,2.89,3.68,243.9,363.3,35.91,1.07,5.5,19.36,5.41,12.38,9.16,40.19,0.1,61.86,4.06,204.3,5.2,204.52
2022,7,4,15,1.5,2.22,2.92,186.33,280.3,26.9,0.63,3.17,18.33,5.82,12.07,9.4,44.06,0.15,61.83,3.82,206.98,4.91,207.05
2022,7,4,16,0.74,1.43,2.02,91.17,180.23,12.66,0.19,0.92,16.81,6.3,11.55,9.7,50.19,0.14,61.83,3.23,208.73,4.18,208.87
2022,7,4,17,0.3,0.62,1.05,35.05,77.02,4.54,0.02,0.12,14.97,6.91,10.94,10.13,58.88,0.07,61.85,2.44,207.88,3.22,208.12
2022,7,4,18,0.04,0.05,0.15,3.52,5.52,0.51,0,0,12.43,7.85,10.14,10.8,74,0.03,61.89,0.99,201.72,1.65,202.31
2022,7,4,19,0,0,0,0,0,0,0,0,11.2,8.32,9.76,11.17,82.81,0.02,61.93,0.65,201.93,1.07,201.88
2022,7,4,20,0,0,0,0,0,0,0,0,10.43,8.54,9.48,11.29,88.5,0.02,61.96,0.49,214.7,0.81,214.45
2022,7,4,21,0,0,0,0,0,0,0,0,9.79,8.65,9.23,11.41,93.25,0.01,61.99,0.44,264.9,0.7,263.59
2022,7,4,22,0,0,0,0,0,0,0,0,9.27,8.53,8.9,11.29,95.75,0.01,61.98,0.59,315,0.94,314.66
2022,7,4,23,0,0,0,0,0,0,0,0,8.92,8.16,8.54,11.05,95.69,0.01,61.94,0.65,346.8,1.05,346.27
2022,7,5,0,0,0,0,0,0,0,0,0,8.61,7.76,8.19,10.74,95,0.01,61.92,0.61,8.86,0.97,8.78
2022,7,5,1,0,0,0,0,0,0,0,0,8.3,7.45,7.87,10.5,95,0.01,61.92,0.49,31.43,0.8,31.06
2022,7,5,2,0,0,0,0,0,0,0,0,8.09,7.24,7.66,10.38,95.19,0,61.92,0.56,47.83,0.95,48.01
2022,7,5,3,0,0,0,0,0,0,0,0,7.69,6.9,7.3,10.19,95.81,0,61.92,0.64,49.93,1.13,50.91
2022,7,5,4,0,0,0,0,0,0,0,0,7.41,6.42,6.92,9.89,94.81,0,61.92,0.68,46.4,1.23,46.8
2022,7,5,5,0.21,0.33,0.8,24.6,38.23,3.41,0.02,0.05,9.08,6.3,7.69,9.83,84.12,0,61.95,0.83,47.29,1.22,48.12
2022,7,5,6,0.62,1.04,1.75,73.75,127.4,10.03,0.12,0.58,11.86,6.49,9.17,10.07,71.75,0,61.98,0.79,108.97,0.98,109.16
2022,7,5,7,1.23,1.84,2.68,154.7,229.98,21.65,0.45,2.2,15.02,5.83,10.43,9.7,56.44,0,62.01,2,159.94,2.48,159.51
2022,7,5,8,1.92,2.55,3.49,243.8,319.4,34.13,0.91,4.67,17.62,5.01,11.32,9.16,45.12,0,62.01,3.08,172.42,3.87,172.23
2022,7,5,9,2.68,3.13,4.12,341.38,391.5,48.14,1.52,7.75,19.49,5.02,12.26,9.16,40,0,62,3.96,183.62,5.03,183.65
2022,7,5,10,3.1,3.51,4.53,400,438.92,57,1.98,10.33,20.37,5.7,13.04,9.52,39.44,0,61.99,4.65,192.12,5.96,192.27
2022,7,5,11,3.17,3.73,4.7,419.02,469.75,61.24,2.23,11.85,20.19,6.63,13.41,10.13,42.31,0,61.98,5.03,198.01,6.47,198.22
2022,7,5,12,2.94,3.65,4.6,382.58,459,56.01,2.01,10.48,19.56,7.41,13.48,10.62,46.25,0,61.95,5.06,202.89,6.54,203.07
2022,7,5,13,2.4,3.33,4.26,306.27,419.92,44.82,1.48,7.58,19.36,7.8,13.58,10.86,47.88,0,61.91,4.83,207.89,6.21,207.98
2022,7,5,14,1.5,2.81,3.69,195.3,353.67,28.93,0.84,4.33,18.8,7.9,13.35,10.93,49.75,0.01,61.88,4.5,212.59,5.79,212.73
2022,7,5,15,0.8,2.12,2.92,102.38,266.33,15.05,0.34,1.73,17.84,8.05,12.95,11.05,53.31,0.02,61.86,4.12,217.37,5.31,217.41
2022,7,5,16,0.44,1.33,2.02,55.35,166.08,7.84,0.11,0.55,16.44,8.33,12.39,11.23,59.25,0.01,61.85,3.52,221.86,4.56,221.94
2022,7,5,17,0.24,0.55,1.05,27.8,65.98,3.7,0.02,0.1,14.4,8.69,11.55,11.47,69.25,0.06,61.88,3.43,213.47,4.57,213.42
2022,7,5,18,0.04,0.04,0.15,3.4,4.92,0.5,0,0,11.99,9.38,10.69,12.02,84.62,0.08,62,3.03,205.97,4.15,205.99
2022,7,5,19,0,0,0,0,0,0,0,0,11.13,9.54,10.33,12.08,90.38,0.13,62.08,2.89,200.88,3.95,200.98
2022,7,5,20,0,0,0,0,0,0,0,0,10.62,9.19,9.9,11.78,91.31,0.16,62.16,2.79,196.91,3.82,196.88
2022,7,5,21,0,0,0,0,0,0,0,0,9.94,8.75,9.34,11.41,92.62,0.13,62.18,2.33,197.4,3.17,197.36
2022,7,5,22,0,0,0,0,0,0,0,0,9.3,8.33,8.81,11.11,94,0.09,62.18,1.73,200.4,2.38,200.34
2022,7,5,23,0,0,0,0,0,0,0,0,8.69,8.01,8.36,10.86,95.81,0.06,62.17,1.37,198.64,1.94,199.24
2022,7,6,0,0,0,0,0,0,0,0,0,8.29,7.84,8.06,10.74,97.38,0.04,62.16,1.14,192.61,1.67,193.84
2022,7,6,1,0,0,0,0,0,0,0,0,7.98,7.61,7.8,10.56,97.94,0.03,62.14,0.83,190.35,1.28,191.65
2022,7,6,2,0,0,0,0,0,0,0,0,7.56,7.31,7.44,10.38,98.69,0.02,62.14,0.44,203.86,0.86,203.54
2022,7,6,3,0,0,0,0,0,0,0,0,7.37,7.04,7.2,10.13,98.12,0.01,62.14,0.26,221.35,0.48,225
2022,7,6,4,0,0,0,0,0,0,0,0,7.14,6.81,6.98,10.01,98.19,0.01,62.14,0.17,351.87,0.28,337.01
2022,7,6,5,0.28,0.31,0.79,31.73,36.62,4.18,0.02,0.08,8.3,6.72,7.51,9.95,90.12,0.01,62.16,0.59,1.51,0.77,359.42
2022,7,6,6,0.88,1,1.74,106.65,122.67,13.56,0.16,0.8,11.14,6.41,8.77,9.7,72.81,0.02,62.17,0.75,271.19,0.94,271.91
2022,7,6,7,1.47,1.82,2.67,184.02,228.83,24.96,0.51,2.52,14.26,6.05,10.15,9.46,57.94,0.04,62.17,1.91,233.32,2.36,233.62
2022,7,6,8,1.84,2.57,3.48,236.65,324.15,33.62,0.94,4.85,16.55,5.76,11.15,9.28,49,0.05,62.17,2.61,220.14,3.26,219.95
2022,7,6,9,2.17,3.15,4.11,282.5,397.52,41.16,1.36,6.85,17.92,5.75,11.83,9.28,44.94,0.06,62.17,3.17,212.83,4.01,212.36
2022,7,6,10,2.25,3.53,4.53,295.42,444.7,44.02,1.6,8.23,18.02,5.95,11.99,9.46,45.38,0.06,62.18,3.7,208.24,4.74,207.83
2022,7,6,11,2.27,3.63,4.7,304.3,455.58,44.49,1.66,8.83,17.65,6.39,12.02,9.77,47.94,0.08,62.18,4.08,205.39,5.26,205.16
2022,7,6,12,1.78,3.56,4.6,239.88,446.85,35.6,1.3,6.75,16.8,6.94,11.87,10.13,52.69,0.12,62.19,4.18,204.84,5.42,204.72
2022,7,6,13,2.02,3.26,4.26,261.67,409.05,38.44,1.33,6.65,16.08,7.58,11.83,10.62,57.62,0.15,62.18,4.16,205.46,5.39,205.41
2022,7,6,14,1.93,2.75,3.69,246.17,345.23,35.52,1.06,5.55,15.6,8.06,11.83,10.93,61.31,0.16,62.15,4.06,206.91,5.25,206.87
2022,7,6,15,1.39,2.08,2.92,175.67,261.12,24.93,0.59,2.95,14.87,8.48,11.67,11.23,66,0.17,62.12,3.9,207.95,5.1,207.98
2022,7,6,16,0.84,1.3,2.02,104.45,162.98,14.28,0.22,1.05,13.95,8.81,11.38,11.47,71.56,0.15,62.11,3.67,206.73,4.85,206.81
2022,7,6,17,0.36,0.54,1.05,42.7,65.1,5.42,0.03,0.15,12.41,9.27,10.84,11.84,81.56,0.12,62.13,3.22,203.33,4.33,203.37
2022,7,6,18,0.04,0.04,0.15,3.73,4.85,0.53,0,0,10.93,9.49,10.21,12.08,91.75,0.11,62.17,2.46,196.77,3.37,196.97
2022,7,6,19,0,0,0,0,0,0,0,0,10.48,9.51,9.99,12.15,95,0.11,62.21,2.28,193.08,3.19,193.46
2022,7,6,20,0,0,0,0,0,0,0,0,10.24,9.35,9.8,11.96,95.31,0.11,62.27,2.78,198.18,3.95,198.11
2022,7,6,21,0,0,0,0,0,0,0,0,9.44,8.62,9.02,11.35,95.31,0.11,62.34,2.89,205.46,4.13,204.92
2022,7,6,22,0,0,0,0,0,0,0,0,8.36,7.76,8.06,10.68,96.69,0.11,62.4,2.38,205.05,3.38,204.61
2022,7,6,23,0,0,0,0,0,0,0,0,7.48,6.78,7.13,10.01,96.12,0.1,62.4,1.82,201.39,2.58,200.58
2022,7,7,0,0,0,0,0,0,0,0,0,6.95,6.26,6.6,9.64,96.06,0.1,62.39,1.47,209.29,2.03,208.43
2022,7,7,1,0,0,0,0,0,0,0,0,6.57,5.69,6.13,9.28,95,0.1,62.37,1.21,230.76,1.6,230.16
2022,7,7,2,0,0,0,0,0,0,0,0,6.44,5.4,5.92,9.09,93.81,0.09,62.33,0.68,264.75,0.88,262.3
2022,7,7,3,0,0,0,0,0,0,0,0,6.39,5.3,5.85,8.97,93.31,0.07,62.3,0.18,30.96,0.19,29.74
2022,7,7,4,0,0,0,0,0,0,0,0,6.32,5.29,5.8,8.97,93.62,0.05,62.3,0.62,69.27,0.78,70.66
2022,7,7,5,0.22,0.32,0.78,25.98,37.02,3.53,0.02,0.08,7.07,5.3,6.19,8.97,88.94,0.01,62.32,0.73,60.41,0.94,60.02
2022,7,7,6,0.69,1.03,1.74,84.4,126.95,11.4,0.14,0.67,9.12,5.38,7.26,9.03,77.75,0.01,62.35,0.6,128.66,0.72,127.98
2022,7,7,7,1.34,1.84,2.67,167.67,231.1,23.07,0.47,2.35,11.99,5.31,8.65,8.97,63.88,0.01,62.37,1.89,182.37,2.31,182.32
2022,7,7,8,2.17,2.56,3.48,275.67,322.77,38.34,1.04,5.3,14.38,5.19,9.78,8.91,54.06,0.01,62.38,2.94,190.26,3.64,190.25
2022,7,7,9,2.71,3.14,4.11,346.58,395.88,49.23,1.59,8.12,15.95,5.31,10.63,8.97,49.31,0.01,62.37,3.66,192.97,4.58,192.9
2022,7,7,10,2.65,3.52,4.53,344.67,443.08,49.92,1.79,9.33,17.21,5.55,11.38,9.16,46.31,0.01,62.35,4.22,195.14,5.33,195.12
2022,7,7,11,2.61,3.7,4.69,344.2,466.23,50.98,1.91,10.17,18.11,5.88,12,9.34,44.81,0.02,62.32,4.62,196.32,5.87,196.31
2022,7,7,12,2.65,3.63,4.6,348.1,456.67,51.38,1.88,9.9,18.51,6.26,12.39,9.58,44.81,0.03,62.27,4.85,196.57,6.2,196.61
2022,7,7,13,2.5,3.32,4.26,319.88,418.75,46.88,1.6,8.1,18.35,6.61,12.48,9.83,46.38,0.03,62.22,4.91,196.85,6.29,196.88
2022,7,7,14,1.9,2.81,3.69,245.25,355.15,35.48,1.05,5.48,17.75,6.91,12.33,10.07,49.25,0.03,62.18,4.76,199.18,6.12,199.22
2022,7,7,15,1.51,2.14,2.92,191.6,270.45,27.06,0.62,3.15,16.85,7.12,11.98,10.19,52.88,0.03,62.16,4.46,202.03,5.77,202.05
2022,7,7,16,0.9,1.36,2.02,112.02,171.77,15.3,0.23,1.12,15.58,7.22,11.4,10.31,57.75,0.03,62.15,4.05,205.48,5.28,205.5
2022,7,7,17,0.4,0.58,1.04,47.58,72.1,6.06,0.03,0.17,13.85,7.4,10.62,10.44,65.31,0.01,62.16,3.39,207.63,4.5,207.72
2022,7,7,18,0.05,0.05,0.15,4.17,5.15,0.59,0,0,11.76,7.95,9.86,10.8,77.75,0.01,62.19,2.3,207.26,3.2,207.32
2022,7,7,19,0,0,0,0,0,0,0,0,10.62,8.5,9.55,11.23,87.06,0.02,62.22,1.84,207.33,2.53,207.36
2022,7,7,20,0,0,0,0,0,0,0,0,9.98,8.81,9.4,11.47,93,0.03,62.25,1.57,212.58,2.16,212.77
2022,7,7,21,0,0,0,0,0,0,0,0,9.56,8.94,9.25,11.6,96.5,0.04,62.27,1.1,222.99,1.61,223.04
2022,7,7,22,0,0,0,0,0,0,0,0,9.15,8.86,9.01,11.54,98.62,0.04,62.22,0.7,231.34,1.24,230.61
2022,7,7,23,0,0,0,0,0,0,0,0,8.94,8.67,8.81,11.41,98.75,0.03,62.15,0.55,240.15,0.97,239.51
2022,7,8,0,0,0,0,0,0,0,0,0,8.86,8.48,8.66,11.23,98.12,0.02,62.1,0.4,246.95,0.68,249.9
2022,7,8,1,0,0,0,0,0,0,0,0,8.81,8.03,8.42,10.93,95.38,0.01,62.09,0.24,262.41,0.4,267.75
2022,7,8,2,0,0,0,0,0,0,0,0,8.62,7.76,8.19,10.68,94.88,0.01,62.1,0.2,263.42,0.35,267.46
2022,7,8,3,0,0,0,0,0,0,0,0,8.29,7.75,8.01,10.68,97.06,0.01,62.1,0.36,232.13,0.57,235.01
2022,7,8,4,0,0,0,0,0,0,0,0,7.95,7.73,7.83,10.68,99.25,0.01,62.11,0.49,224.36,0.81,225.39
2022,7,8,5,0.2,0.35,0.77,24.38,41.95,3.27,0.02,0.08,8.94,7.79,8.37,10.74,93.19,0,62.13,0.75,234.32,0.96,234.25
2022,7,8,6,0.72,1.1,1.73,85.38,137.45,11.16,0.14,0.67,10.99,7.48,9.23,10.5,79.5,0,62.16,1.03,232.09,1.24,232.19
2022,7,8,7,1.48,1.88,2.66,186.8,238.6,25.66,0.54,2.67,13.84,6.76,10.3,10.01,62.81,0,62.18,1.54,207.87,1.86,207.75
2022,7,8,8,2.2,2.6,3.47,280.9,328.83,39.3,1.09,5.58,16.4,6.25,11.33,9.64,51.5,0,62.18,2.47,193.33,3.04,193.36
2022,7,8,9,2.65,3.17,4.11,340.58,399.6,48.91,1.62,8.23,18.19,6.24,12.22,9.64,45.94,0,62.19,3.36,189.22,4.21,189.29
2022,7,8,10,2.91,3.54,4.52,376.98,445.92,54.9,2,10.48,19.09,6.47,12.78,9.83,44.12,0,62.17,4.01,191.81,5.08,191.81
2022,7,8,11,2.62,3.63,4.69,346.62,454.83,50.48,1.9,10.12,19.13,6.98,13.05,10.13,45.5,0,62.14,4.33,196.24,5.52,196.36
2022,7,8,12,2.2,3.56,4.6,285.73,446.88,42.44,1.57,8.25,18.55,7.48,13.01,10.5,48.81,0,62.11,4.38,199.92,5.62,199.92
2022,7,8,13,2.2,3.28,4.26,281.67,412.33,40.74,1.41,7.05,17.5,7.85,12.67,10.8,53.5,0,62.09,4.21,201.76,5.43,201.88
2022,7,8,14,1.68,2.78,3.69,216.02,350.45,31.34,0.95,5,16.43,8.08,12.25,10.99,58.19,0.01,62.07,3.78,204.44,4.87,204.55
2022,7,8,15,1.2,2.11,2.92,149.33,267.75,21.47,0.52,2.6,15.51,8.15,11.83,11.05,62.06,0.01,62.05,3.26,207.73,4.2,207.71
2022,7,8,16,0.57,1.35,2.02,69.5,171.3,9.63,0.15,0.73,14.72,8.08,11.4,11.05,65.19,0.01,62.04,2.83,211.1,3.66,211.22
2022,7,8,17,0.17,0.57,1.04,19.1,71.4,2.54,0.02,0.08,13.5,8.33,10.92,11.23,71.81,0.05,62.03,2.31,212.56,3.07,212.52
2022,7,8,18,0.04,0.04,0.15,3.42,5.12,0.49,0,0,11.97,9.07,10.52,11.78,83.44,0.07,62.02,1.44,214.38,2.03,214.49
2022,7,8,19,0,0,0,0,0,0,0,0,10.91,9.6,10.26,12.21,92.62,0.08,62.01,1.11,214.93,1.6,215.64
2022,7,8,20,0,0,0,0,0,0,0,0,10.55,9.84,10.2,12.39,96.44,0.09,62.04,1.17,213.26,1.68,213.62
2022,7,8,21,0,0,0,0,0,0,0,0,10.51,9.96,10.23,12.51,97.44,0.12,62.06,1.08,213.23,1.59,212.99
2022,7,8,22,0,0,0,0,0,0,0,0,10.09,9.9,9.99,12.45,99.69,0.24,62.03,0.7,223.65,1.33,221.91
2022,7,8,23,0,0,0,0,0,0,0,0,9.55,9.59,9.57,12.21,100,0.33,61.98,0.68,234.85,1.43,232.32
2022,7,9,0,0,0,0,0,0,0,0,0,9.15,9.3,9.23,11.96,100,0.36,61.94,0.64,235.92,1.34,234.27
2022,7,9,1,0,0,0,0,0,0,0,0,8.9,9.05,8.98,11.78,100,0.37,61.9,0.6,231.34,1.13,232.89
2022,7,9,2,0,0,0,0,0,0,0,0,8.64,8.8,8.73,11.6,100,0.37,61.85,0.58,224.45,1.02,225.31
2022,7,9,3,0,0,0,0,0,0,0,0,8.34,8.58,8.46,11.41,100,0.35,61.82,0.59,223.92,1.04,223.78
2022,7,9,4,0,0,0,0,0,0,0,0,8.15,8.37,8.26,11.23,100,0.29,61.83,0.59,214.11,1.03,214.78
2022,7,9,5,0.03,0.31,0.77,3.73,37.12,0.55,0,0,9.29,8.54,8.91,11.35,95.88,1.3,61.88,1.02,206.37,1.39,206.42
2022,7,9,6,0.21,0.99,1.73,25.25,120.6,3.78,0.05,0.23,10.32,8.23,9.28,11.11,87.5,0.91,61.92,1.6,217.87,2.03,217.66
2022,7,9,7,0.38,1.75,2.66,47.95,216.6,7.23,0.16,0.8,11.92,7.96,9.94,10.93,77.31,0.55,61.95,2.21,215.21,2.81,214.93
2022,7,9,8,0.5,2.44,3.47,67.38,302.33,10.12,0.28,1.48,13.81,7.55,10.68,10.62,66.38,0.3,61.95,2.8,209.57,3.57,209.48
2022,7,9,9,1.14,3.04,4.11,151.8,378.4,22.23,0.74,3.65,14.4,7.45,10.92,10.56,63.56,0.18,61.95,3.4,205.57,4.41,205.38
2022,7,9,10,1.26,3.42,4.52,167.58,427.08,24.74,0.88,4.48,14.18,7.55,10.87,10.62,64.88,0.15,61.93,3.99,202.59,5.24,202.44
2022,7,9,11,1.54,3.72,4.69,211.48,474.15,32.96,1.26,6.62,13.93,7.42,10.67,10.5,65.25,0.15,61.9,4.31,202.48,5.68,202.3
2022,7,9,12,1.49,3.65,4.6,195.6,463.88,30.04,1.12,5.75,13.57,7.2,10.39,10.31,65.69,0.17,61.88,4.32,204.8,5.67,204.66
2022,7,9,13,1.67,3.35,4.26,214.65,427.33,32.23,1.14,5.67,13.38,6.96,10.17,10.13,65.25,0.21,61.87,4.31,207.08,5.64,207.03
2022,7,9,14,1.36,2.85,3.69,174.38,364,26.01,0.8,4.3,13.19,6.75,9.98,10.01,65.06,0.22,61.84,4.28,207.27,5.62,207.31
2022,7,9,15,1.14,2.18,2.92,141.88,279.2,20.52,0.5,2.55,12.74,6.62,9.68,9.89,66.44,0.21,61.83,4.16,204.3,5.48,204.34
2022,7,9,16,0.55,1.39,2.02,67,178.77,9.89,0.16,0.8,11.53,6.55,9.04,9.83,71.56,0.17,61.84,3.81,203.04,5.07,203.05
2022,7,9,17,0.21,0.61,1.04,23.65,76.75,3.3,0.02,0.1,10.03,6.52,8.27,9.83,78.94,0.24,61.87,3.22,201.52,4.32,201.55
2022,7,9,18,0.04,0.05,0.15,3.62,5.45,0.55,0,0,8.58,6.62,7.6,9.89,87.75,0.18,61.9,2.47,199.98,3.35,200.04
2022,7,9,19,0,0,0,0,0,0,0,0,7.76,6.65,7.21,9.95,92.94,0.15,61.92,2.13,201.96,2.89,202.06
2022,7,9,20,0,0,0,0,0,0,0,0,7.29,6.42,6.86,9.77,94.62,0.13,61.98,1.8,215.62,2.45,215.77
2022,7,9,21,0,0,0,0,0,0,0,0,6.98,6.25,6.61,9.64,95.56,0.13,62.02,1.37,224.08,1.87,224.32
2022,7,9,22,0,0,0,0,0,0,0,0,6.69,6.03,6.37,9.52,96,0.15,62.01,0.77,227.45,1.17,227.98
2022,7,9,23,0,0,0,0,0,0,0,0,6.44,5.73,6.08,9.34,95.69,0.18,61.98,0.53,223.81,0.76,224.17
2022,7,10,0,0,0,0,0,0,0,0,0,6.13,5.5,5.82,9.16,96.25,0.18,61.94,0.29,203.81,0.43,203.75
2022,7,10,1,0,0,0,0,0,0,0,0,5.88,5.3,5.58,9.03,96.62,0.19,61.91,0.15,176.99,0.23,176.05
2022,7,10,2,0,0,0,0,0,0,0,0,5.73,5.15,5.44,8.97,96.56,0.18,61.9,0.08,138.81,0.13,137.49
2022,7,10,3,0,0,0,0,0,0,0,0,5.65,5.05,5.35,8.91,96.44,0.16,61.89,0.09,95.19,0.09,105.26
2022,7,10,4,0,0,0,0,0,0,0,0,5.63,4.99,5.31,8.85,96.19,0.13,61.9,0.11,65.22,0.11,48.01
2022,7,10,5,0.18,0.38,0.76,21.27,45.85,2.79,0.01,0.05,6.79,5.33,6.06,9.09,90.94,0.08,61.92,0.06,45,0.08,23.96
2022,7,10,6,0.68,1.11,1.72,84.12,139.83,11.84,0.15,0.73,9.11,6.23,7.67,9.64,82.62,0.05,61.93,1.26,220.72,1.56,221.35
2022,7,10,7,1.25,1.89,2.65,157.77,237.55,22.41,0.47,2.35,11.76,6.51,9.13,9.83,70.69,0.05,61.96,2.12,219.32,2.64,219.24
2022,7,10,8,1.65,2.57,3.46,210.75,323,30.48,0.85,4.42,14.36,6.23,10.3,9.64,58.5,0.07,61.96,2.88,212.48,3.61,212.18
2022,7,10,9,2.31,3.15,4.1,297.92,395.15,43.05,1.42,7.1,16.12,6.29,11.2,9.7,52.38,0.09,61.95,3.83,206.83,4.87,206.61
2022,7,10,10,2.41,3.55,4.52,316.98,445.62,46.85,1.7,8.75,17.02,6.58,11.8,9.89,50.5,0.11,61.94,4.66,204.55,6.02,204.44
2022,7,10,11,2.22,3.72,4.69,294.73,457.45,43.78,1.68,8.88,17.07,6.98,12.03,10.19,51.75,0.13,61.91,5.22,203.84,6.79,203.74
2022,7,10,12,2.23,3.63,4.6,285.55,450.2,42.18,1.57,8.12,16.9,7.36,12.13,10.44,53.69,0.13,61.88,5.47,203.85,7.15,203.79
2022,7,10,13,1.85,3.28,4.26,241.27,410.3,35.9,1.24,6.2,16.51,7.59,12.05,10.62,55.81,0.15,61.85,5.51,204.57,7.22,204.57
2022,7,10,14,1.54,2.78,3.68,194.42,348,28.49,0.86,4.48,15.37,7.65,11.51,10.68,60.25,0.18,61.84,5.29,206.11,6.98,206.11
2022,7,10,15,1.06,2.1,2.92,130,262.95,18.55,0.45,2.23,14.13,7.79,10.96,10.74,65.75,0.21,61.84,4.9,207.42,6.5,207.43
2022,7,10,16,0.63,1.33,2.02,76.73,165.95,10.55,0.16,0.8,12.89,7.76,10.32,10.68,71.12,0.25,61.86,4.34,209.05,5.79,208.95
2022,7,10,17,0.22,0.56,1.04,26.88,67.92,3.81,0.02,0.1,11.31,7.81,9.56,10.74,79.25,0.22,61.89,3.61,210.56,4.87,210.43
2022,7,10,18,0.04,0.04,0.15,3.75,4.85,0.55,0,0,9.89,8.05,8.97,10.93,88.5,0.23,61.92,2.86,210.7,3.91,210.61
2022,7,10,19,0,0,0,0,0,0,0,0,9.23,8.22,8.73,11.05,93.75,0.34,61.97,2.43,204.92,3.35,204.71
2022,7,10,20,0,0,0,0,0,0,0,0,8.9,8.16,8.54,10.99,95.44,0.67,62.02,2.22,197.16,3.08,197.1
2022,7,10,21,0,0,0,0,0,0,0,0,8.59,7.88,8.23,10.8,95.62,0.96,62.05,2.15,198.9,2.99,198.72
2022,7,10,22,0,0,0,0,0,0,0,0,8.18,7.64,7.91,10.62,96.81,0.83,62.03,2.01,202.59,2.82,202.45
2022,7,10,23,0,0,0,0,0,0,0,0,7.85,7.45,7.65,10.5,97.75,0.58,62.01,1.84,204.93,2.64,204.82
2022,7,11,0,0,0,0,0,0,0,0,0,7.49,7.21,7.35,10.31,98.56,0.4,62,1.57,207.59,2.34,207.25
2022,7,11,1,0,0,0,0,0,0,0,0,7.09,6.95,7.02,10.13,99.56,0.29,61.99,1.37,212.7,2.16,212.14
2022,7,11,2,0,0,0,0,0,0,0,0,6.76,6.76,6.76,10.01,100,0.22,61.99,1.24,217.09,2.07,216.09
2022,7,11,3,0,0,0,0,0,0,0,0,6.15,6.33,6.24,9.7,100,0.16,61.99,1.09,218.02,2,216.6
2022,7,11,4,0,0,0,0,0,0,0,0,5.86,5.93,5.89,9.46,100,0.08,62.01,0.93,219.87,1.64,218.23
2022,7,11,5,0.26,0.36,0.75,31,42.08,4.01,0.02,0.08,6.86,5.76,6.31,9.34,93.38,0.07,62.03,1.34,227.12,1.79,226.77
2022,7,11,6,0.91,1.08,1.71,110.62,133.9,14.33,0.17,0.83,8.04,5.32,6.68,9.03,83.38,0.03,62.05,1.74,220.99,2.23,221.02
2022,7,11,7,1.58,1.88,2.65,196.58,234.3,26.72,0.55,2.73,9.15,4.97,7.06,8.79,75.31,0.02,62.08,2.19,202.64,2.83,202.39
2022,7,11,8,2.02,2.6,3.46,253.9,324.2,35.95,0.99,5.17,9.86,4.79,7.32,8.67,70.88,0.03,62.11,2.25,191.82,2.89,191.52
2022,7,11,9,2.52,3.19,4.1,315.95,397.9,45.77,1.52,7.5,10.62,4.82,7.72,8.73,67.62,0.02,62.12,2.39,186.75,3.06,186.6
2022,7,11,10,2.16,3.54,4.52,285.92,443.17,42.37,1.53,7.83,11.28,5.01,8.15,8.85,65.56,0.01,62.13,2.75,183.75,3.51,183.7
2022,7,11,11,2.23,3.61,4.69,296.45,452.58,42.81,1.59,8.38,11.74,5.2,8.47,8.91,64.38,0.01,62.12,2.98,183.75,3.81,183.77
2022,7,11,12,2,3.56,4.6,263.05,445.35,38.44,1.41,7.25,11.87,5.4,8.64,9.09,64.75,0.04,62.09,3.02,186.08,3.85,186.06
2022,7,11,13,1.76,3.25,4.26,230.45,407.25,34.18,1.17,5.85,11.9,5.58,8.74,9.22,65.5,0.06,62.06,3.02,189.54,3.85,189.58
2022,7,11,14,1.42,2.75,3.68,182.35,346,26.59,0.8,4.15,11.82,5.76,8.79,9.28,66.56,0.09,62.02,3.02,194.97,3.87,194.96
2022,7,11,15,1.16,2.08,2.92,145.77,261.77,20.89,0.48,2.48,11.45,5.92,8.69,9.4,69,0.09,61.99,2.96,198.91,3.82,198.84
2022,7,11,16,0.74,1.31,2.02,92.2,164.25,12.87,0.2,0.98,10.9,6.15,8.52,9.58,72.69,0.09,61.99,2.76,199.72,3.58,199.78
2022,7,11,17,0.26,0.54,1.04,30.7,65.73,4.06,0.02,0.12,10,6.39,8.19,9.7,78.44,0.06,62.01,2.35,198.01,3.09,198.11
2022,7,11,18,0.04,0.04,0.14,2.98,4.65,0.45,0,0,8.73,6.72,7.73,9.95,87.44,0.1,62.04,1.63,194.17,2.24,193.94
2022,7,11,19,0,0,0,0,0,0,0,0,7.8,6.99,7.4,10.13,95,0.14,62.08,0.88,193.42,1.33,189.79
2022,7,11,20,0,0,0,0,0,0,0,0,7.37,6.98,7.17,10.13,97.69,0.18,62.1,0.61,186.67,0.99,177.27
2022,7,11,21,0,0,0,0,0,0,0,0,7.21,6.85,7.03,10.07,98,0.24,62.1,0.42,175.76,0.71,164.14
2022,7,11,22,0,0,0,0,0,0,0,0,7.09,6.74,6.92,9.95,98.12,0.29,62.05,0.32,165.96,0.55,158.5
2022,7,11,23,0,0,0,0,0,0,0,0,6.93,6.66,6.8,9.95,98.62,0.32,62,0.33,174.56,0.56,177.61
2022,7,12,0,0,0,0,0,0,0,0,0,6.67,6.61,6.64,9.89,100,0.34,61.96,0.47,187.59,0.89,188.63
2022,7,12,1,0,0,0,0,0,0,0,0,6.51,6.57,6.54,9.89,100,0.32,61.96,0.52,180.87,1.04,180.43
2022,7,12,2,0,0,0,0,0,0,0,0,6.38,6.48,6.44,9.83,100,0.29,61.94,0.57,183.92,1.17,183.07
2022,7,12,3,0,0,0,0,0,0,0,0,6.3,6.43,6.36,9.77,100,0.25,61.93,0.64,195.56,1.19,195.58
2022,7,12,4,0,0,0,0,0,0,0,0,6.08,6.34,6.21,9.7,100,0.21,61.94,0.68,200.94,1.32,200.36
2022,7,12,5,0.14,0.32,0.74,16.95,38.3,2.47,0.01,0.05,7.34,6.8,7.07,10.01,96.94,0.02,61.98,1.29,199.75,1.81,199.37
2022,7,12,6,0.51,1.03,1.71,63.65,127.55,9.17,0.12,0.58,8.76,7.08,7.92,10.25,89.69,0.01,62.02,2.06,204.71,2.65,204.6
2022,7,12,7,1,1.85,2.64,126.42,232.17,18.3,0.4,1.98,10.34,7.03,8.69,10.19,80.25,0.01,62.04,2.47,206.24,3.15,206.18
2022,7,12,8,1.77,2.57,3.46,226.88,323.08,32.49,0.91,4.83,12.36,6.73,9.54,9.95,68.88,0.01,62.05,3.03,201.47,3.85,201.41
2022,7,12,9,2.2,3.14,4.1,283.73,394.2,40.88,1.37,6.73,14.25,6.66,10.46,9.95,60.56,0.02,62.05,3.77,197.98,4.82,197.94
2022,7,12,10,2.39,3.51,4.52,313.2,439.67,45.98,1.67,8.55,15.3,6.76,11.03,10.01,56.94,0.02,62.03,4.43,197.57,5.71,197.52
2022,7,12,11,2.32,3.65,4.69,308.5,456.33,45.2,1.69,8.95,15.82,6.94,11.38,10.13,55.81,0.03,62,4.76,198.38,6.17,198.39
2022,7,12,12,2.18,3.57,4.6,289.15,447.05,42.68,1.57,8.2,16.49,7.15,11.82,10.25,54.19,0.03,61.96,4.96,199.2,6.41,199.27
2022,7,12,13,1.87,3.27,4.26,245.62,409.65,36.04,1.24,6.25,16.33,7.16,11.74,10.25,54.81,0.04,61.93,5.04,200.6,6.56,200.57
2022,7,12,14,1.49,2.76,3.68,193.33,346.1,28.25,0.85,4.42,15.78,7.22,11.5,10.31,56.88,0.04,61.92,4.95,202.15,6.47,202.07
2022,7,12,15,1.15,2.1,2.92,144.08,263.52,20.48,0.48,2.45,14.82,7.28,11.05,10.38,60.69,0.05,61.92,4.68,203.01,6.14,202.98
2022,7,12,16,0.67,1.32,2.01,83,165.17,11.45,0.17,0.85,13.62,7.34,10.48,10.38,65.88,0.05,61.92,4.19,202.83,5.53,202.79
2022,7,12,17,0.26,0.55,1.03,30.55,67.42,4.04,0.02,0.12,11.87,7.5,9.69,10.5,74.69,0.06,61.95,3.48,201.61,4.65,201.57
2022,7,12,18,0.04,0.04,0.14,3.23,4.73,0.48,0,0,10.07,7.88,8.98,10.8,86.5,0.06,61.99,2.53,199.27,3.48,199.13
2022,7,12,19,0,0,0,0,0,0,0,0,9.23,8.2,8.71,11.05,93.62,0.07,62.03,2.13,195.77,2.9,195.61
2022,7,12,20,0,0,0,0,0,0,0,0,8.88,8.24,8.56,11.05,96.12,0.06,62.06,1.84,192.5,2.54,192.41
2022,7,12,21,0,0,0,0,0,0,0,0,8.4,8.05,8.22,10.93,98.12,0.08,62.07,1.23,190.95,1.84,190.26
2022,7,12,22,0,0,0,0,0,0,0,0,7.93,7.61,7.76,10.56,98.31,0.09,62.05,1.08,188.71,1.66,188.4
2022,7,12,23,0,0,0,0,0,0,0,0,7.47,7.33,7.4,10.38,99.5,0.1,62.02,0.9,187,1.54,186.4
2022,7,13,0,0,0,0,0,0,0,0,0,7.09,7.04,7.06,10.19,100,0.12,61.98,0.84,190.78,1.52,190.09
2022,7,13,1,0,0,0,0,0,0,0,0,6.83,6.78,6.81,10.01,100,0.13,61.93,0.76,196.19,1.4,195.81
2022,7,13,2,0,0,0,0,0,0,0,0,6.6,6.57,6.58,9.89,100,0.14,61.89,0.68,200.1,1.26,199.89
2022,7,13,3,0,0,0,0,0,0,0,0,6.31,6.37,6.34,9.77,100,0.13,61.88,0.64,198.43,1.14,198.81
2022,7,13,4,0,0,0,0,0,0,0,0,6.15,6.17,6.16,9.64,100,0.09,61.9,0.55,192.26,0.95,193.35
2022,7,13,5,0.12,0.34,0.73,15.05,41.4,2.12,0.01,0.05,7.15,6.26,6.7,9.7,94.75,0.07,61.93,0.8,191.2,1.02,192.34
2022,7,13,6,0.49,1.08,1.7,60.75,135.65,8.97,0.12,0.58,9.19,6.37,7.78,9.77,83,0.05,61.94,1.53,207.74,1.89,208.04
2022,7,13,7,0.9,1.88,2.64,115.02,237.23,17.06,0.38,1.92,11.65,6.42,9.04,9.77,70.56,0.04,61.94,2.51,211.76,3.13,211.75
2022,7,13,8,1.35,2.59,3.45,169.45,327.23,25,0.73,3.85,13.99,6.21,10.1,9.64,59.69,0.04,61.93,3.18,208.26,4.01,208.16
2022,7,13,9,1.76,3.17,4.09,222.08,399.58,33.06,1.13,5.6,15.86,6.21,11.04,9.64,52.94,0.03,61.92,3.82,204.05,4.83,204.04
2022,7,13,10,2.18,3.56,4.51,286.62,447.17,42.54,1.6,8.17,17.26,6.41,11.83,9.77,49.19,0.04,61.89,4.55,202.39,5.84,202.41
2022,7,13,11,1.95,3.67,4.69,256.9,460.95,38.22,1.47,7.77,17.66,6.75,12.21,10.01,49.06,0.05,61.85,5.16,203.54,6.68,203.51
2022,7,13,12,1.92,3.6,4.6,256.7,452.23,38.23,1.46,7.6,17.71,7.05,12.38,10.25,49.94,0.05,61.8,5.57,205.52,7.25,205.54
2022,7,13,13,1.72,3.3,4.26,220.83,415.05,32.86,1.16,5.77,17.24,7.26,12.25,10.38,52.12,0.06,61.77,5.77,207.5,7.57,207.49
2022,7,13,14,1.4,2.79,3.68,182.02,351.45,26.94,0.84,4.42,15.99,7.51,11.75,10.56,57.38,0.06,61.75,5.69,209.34,7.52,209.28
2022,7,13,15,1.1,2.11,2.92,138.62,266.17,20.37,0.51,2.58,14.97,7.69,11.33,10.68,62,0.06,61.73,5.47,211.51,7.26,211.48
2022,7,13,16,0.61,1.33,2.01,75.83,166.95,10.98,0.18,0.88,13.44,7.77,10.6,10.74,68.81,0.05,61.73,4.99,212.35,6.69,212.32
2022,7,13,17,0.26,0.55,1.03,30.3,66.98,4.02,0.02,0.12,11.59,7.98,9.79,10.93,78.69,0.04,61.75,4.22,210.51,5.71,210.43
2022,7,13,18,0.04,0.04,0.14,2.95,4.58,0.44,0,0,10.12,8.29,9.21,11.17,88.75,0.06,61.8,3.21,205.63,4.4,205.47
2022,7,13,19,0,0,0,0,0,0,0,0,9.51,8.51,9.01,11.29,94,0.07,61.84,2.58,200.74,3.54,200.56
2022,7,13,20,0,0,0,0,0,0,0,0,9.3,8.57,8.94,11.35,95.69,0.09,61.88,2.33,204.59,3.22,204.51
2022,7,13,21,0,0,0,0,0,0,0,0,9.01,8.32,8.66,11.17,95.88,0.1,61.89,2.29,211.3,3.21,211.06
2022,7,13,22,0,0,0,0,0,0,0,0,8.54,7.91,8.23,10.86,96.19,0.1,61.89,2.22,209.54,3.11,209.33
2022,7,13,23,0,0,0,0,0,0,0,0,8.29,7.74,8.01,10.74,96.75,0.11,61.86,2.09,205.51,2.92,205.33
2022,7,14,0,0,0,0,0,0,0,0,0,7.97,7.44,7.7,10.5,96.94,0.12,61.83,2.09,203.79,2.95,203.72
2022,7,14,1,0,0,0,0,0,0,0,0,7.55,6.94,7.24,10.13,96.44,0.12,61.83,2.18,201.88,3.05,201.77
2022,7,14,2,0,0,0,0,0,0,0,0,7.08,6.42,6.75,9.77,95.94,0.12,61.82,1.99,199,2.77,198.89
2022,7,14,3,0,0,0,0,0,0,0,0,6.65,6.17,6.41,9.64,97.06,0.1,61.84,1.5,193.53,2.16,193.38
2022,7,14,4,0,0,0,0,0,0,0,0,6.37,6.04,6.21,9.52,98.12,0.07,61.87,1.03,197.2,1.58,196.37
2022,7,14,5,0.13,0.36,0.72,16.65,44.33,2.21,0.01,0.05,6.9,5.75,6.32,9.34,92.81,0.04,61.9,1.68,198.18,2.19,198.31
2022,7,14,6,0.73,1.12,1.69,89.5,141.25,12.24,0.16,0.8,8.07,5.43,6.75,9.09,83.69,0.03,61.95,2.08,199.12,2.62,199.14
2022,7,14,7,1.31,1.91,2.63,165.2,242.62,23.72,0.53,2.67,9.75,5.33,7.54,9.03,74.19,0.03,61.98,2.78,201.08,3.51,201.02
2022,7,14,8,1.98,2.63,3.45,248.33,332.38,35.72,1.05,5.67,11.97,5.22,8.59,8.97,63.5,0.03,61.98,3.56,201.5,4.51,201.41
2022,7,14,9,2.35,3.19,4.09,302.12,401.77,44.48,1.55,7.73,13.69,5.18,9.44,8.97,56.62,0.04,61.96,4.28,202.31,5.48,202.29
2022,7,14,10,2.39,3.58,4.51,307.2,449.55,46.15,1.77,9.12,14.88,5.36,10.12,9.09,53.06,0.05,61.92,4.86,202.81,6.25,202.79
2022,7,14,11,2.07,3.69,4.68,269.88,460.7,40.41,1.59,8.58,15.59,5.58,10.58,9.22,51.5,0.06,61.88,5.24,203.62,6.78,203.58
2022,7,14,12,1.99,3.62,4.6,263.85,451.35,39.21,1.54,8.08,15.66,5.79,10.73,9.34,52,0.08,61.83,5.47,204.48,7.1,204.51
2022,7,14,13,1.68,3.31,4.25,215.83,412.85,32.08,1.16,5.8,15.37,6.06,10.71,9.52,54,0.11,61.8,5.61,205.92,7.32,205.88
2022,7,14,14,1.22,2.79,3.68,158.42,348.65,23.4,0.74,3.98,14.61,6.28,10.44,9.7,57.56,0.12,61.79,5.62,207.21,7.39,207.19
2022,7,14,15,0.72,2.11,2.92,91.73,263.12,13.52,0.34,1.75,13.48,6.47,9.97,9.83,62.75,0.13,61.8,5.45,208.4,7.22,208.42
2022,7,14,16,0.42,1.32,2.01,50.3,163.67,7.2,0.12,0.6,12.08,6.61,9.34,9.89,69.44,0.14,61.83,5.18,210.24,6.93,210.27
2022,7,14,17,0.08,0.54,1.03,9.12,64.3,1.39,0.01,0.05,10.42,6.71,8.56,9.95,78.06,0.09,61.88,4.62,211.81,6.28,211.83
2022,7,14,18,0.03,0.04,0.14,2.4,4.38,0.37,0,0,8.71,6.94,7.83,10.13,89.06,0.12,61.95,3.52,214.04,4.87,214.02
2022,7,14,19,0,0,0,0,0,0,0,0,7.96,6.73,7.34,9.95,92.38,0.14,62.01,3.39,217.5,4.7,217.63
2022,7,14,20,0,0,0,0,0,0,0,0,6.92,6.02,6.47,9.52,94.56,0.13,62.1,2.6,213.98,3.64,214.07
2022,7,14,21,0,0,0,0,0,0,0,0,6.39,5.08,5.73,8.85,91.81,0.08,62.17,2.64,211.2,3.57,211.29
2022,7,14,22,0,0,0,0,0,0,0,0,5.73,4.37,5.05,8.42,91.5,0.07,62.17,2.42,209.13,3.26,209.15
2022,7,14,23,0,0,0,0,0,0,0,0,5.33,4.03,4.68,8.24,91.94,0.05,62.17,1.91,201.84,2.53,201.74
2022,7,15,0,0,0,0,0,0,0,0,0,5.01,3.74,4.37,8.12,92.12,0.04,62.16,1.36,202.29,1.77,202.27
2022,7,15,1,0,0,0,0,0,0,0,0,4.83,3.44,4.14,7.93,91.38,0.02,62.15,0.65,200.39,0.86,199.58
2022,7,15,2,0,0,0,0,0,0,0,0,4.73,3.23,3.98,7.81,90.69,0.01,62.13,0.1,14.04,0.15,15.52
2022,7,15,3,0,0,0,0,0,0,0,0,4.4,3.03,3.72,7.69,91.44,0.01,62.11,0.15,3.01,0.51,9.75
2022,7,15,4,0,0,0,0,0,0,0,0,4.24,2.71,3.48,7.51,90.25,0,62.1,0.34,7.94,0.8,10.11
2022,7,15,5,0.26,0.32,0.71,30.05,37.12,3.74,0.02,0.08,5.35,2.57,3.96,7.45,82.62,0,62.12,0.45,7.99,0.75,10.15
2022,7,15,6,0.87,1.06,1.69,103.73,129.67,13.5,0.16,0.8,7.04,2.19,4.62,7.2,71.44,0,62.15,0.22,42.14,0.27,40.24
2022,7,15,7,1.64,1.88,2.63,199.92,232.48,26.93,0.55,2.73,8.85,1.81,5.33,7.02,61.44,0,62.17,1.06,185.5,1.3,185.85
2022,7,15,8,2.27,2.61,3.45,282.17,324.7,39.35,1.09,5.58,10.5,1.63,6.07,6.9,54.25,0,62.18,2.14,192.46,2.64,192.64
2022,7,15,9,2.81,3.2,4.09,353.42,397.08,50.38,1.66,8.5,12.18,1.71,6.94,6.96,48.81,0,62.18,2.93,198.05,3.65,198.09
2022,7,15,10,3.36,3.58,4.51,428.48,444.45,61.25,2.22,11.83,14.19,1.95,8.07,7.08,43.5,0,62.16,3.62,201.64,4.54,201.71
2022,7,15,11,3.14,3.74,4.68,415.48,469.27,60.44,2.27,12.27,15.71,2.36,9.04,7.32,40.62,0,62.13,4.2,203.23,5.3,203.28
2022,7,15,12,2.99,3.68,4.6,386.45,459.05,56.3,2.1,11.12,16.34,2.83,9.58,7.57,40.44,0,62.09,4.63,204.84,5.89,204.87
2022,7,15,13,2.45,3.39,4.25,311.42,421.17,45.77,1.59,8.17,16.37,3.37,9.87,7.87,42.06,0,62.06,4.74,206.52,6.06,206.57
2022,7,15,14,1.93,2.86,3.68,244.1,357.2,35.52,1.09,5.67,16.05,3.91,9.98,8.18,44.62,0,62.03,4.58,208.75,5.87,208.82
2022,7,15,15,1.38,2.19,2.91,174.08,273.92,24.94,0.6,3.05,15.28,4.4,9.83,8.48,48.56,0,62.01,4.3,210.8,5.53,210.84
2022,7,15,16,0.65,1.4,2.01,81.25,176.05,11.34,0.17,0.85,13.93,5.03,9.48,8.91,55.56,0,62.02,3.86,212.44,5.01,212.45
2022,7,15,17,0.23,0.59,1.02,27.15,72.4,3.68,0.02,0.1,12.08,5.94,9.01,9.52,66.88,0.02,62.04,3.23,214.65,4.28,214.59
2022,7,15,18,0.03,0.04,0.14,2.08,4.7,0.32,0,0,10.29,7.15,8.73,10.31,81.81,0.03,62.07,2.3,213.64,3.15,213.57
2022,7,15,19,0,0,0,0,0,0,0,0,9.56,8.12,8.83,11.05,91.62,0.03,62.08,1.97,214.01,2.68,213.83
2022,7,15,20,0,0,0,0,0,0,0,0,9.53,8.61,9.07,11.41,94.94,0.04,62.08,2.11,215.64,2.91,215.48
2022,7,15,21,0,0,0,0,0,0,0,0,9.54,8.83,9.19,11.6,96.31,0.04,62.1,2.39,212.34,3.39,212.12
2022,7,15,22,0,0,0,0,0,0,0,0,9.33,8.69,9.01,11.47,96.69,0.04,62.12,2.59,208.65,3.7,208.35
2022,7,15,23,0,0,0,0,0,0,0,0,8.54,7.75,8.14,10.68,95.5,0.03,62.14,2.67,204.92,3.78,204.82
2022,7,16,0,0,0,0,0,0,0,0,0,7.25,6.79,7.02,10.01,97.5,0.02,62.13,1.52,203.39,2.26,202.32
2022,7,16,1,0,0,0,0,0,0,0,0,6.64,5.95,6.3,9.46,95.94,0.01,62.14,1.21,203.93,1.74,203
2022,7,16,2,0,0,0,0,0,0,0,0,6.24,5.36,5.8,9.03,94.56,0.01,62.14,0.74,215.54,1.05,215.59
2022,7,16,3,0,0,0,0,0,0,0,0,5.89,4.86,5.37,8.73,93.56,0,62.13,0.38,272.34,0.56,280.38
2022,7,16,4,0,0,0,0,0,0,0,0,5.38,4.39,4.89,8.42,93.62,0,62.13,0.48,345.96,0.87,347.08
2022,7,16,5,0.27,0.27,0.7,30.05,30.23,3.88,0.02,0.08,6.93,4.39,5.65,8.42,84.12,0,62.13,0.72,358.75,1.06,1.26
2022,7,16,6,0.97,0.98,1.68,113.52,117.58,13.97,0.16,0.8,10.08,3.73,6.9,8.06,64.81,0,62.15,0.47,230.44,0.57,230.6
2022,7,16,7,1.78,1.83,2.62,217.58,225.67,28.47,0.58,2.85,13.17,2.39,7.78,7.32,48,0,62.16,2.43,205.91,3.02,205.9
2022,7,16,8,2.48,2.58,3.44,308.75,320.17,42.27,1.16,5.95,15.19,1.83,8.51,7.02,40.38,0.01,62.16,3.33,201.93,4.18,201.96
2022,7,16,9,2.92,3.17,4.08,368,394.15,52.1,1.73,8.95,16.65,1.83,9.25,7.02,36.88,0.01,62.15,4.07,201.15,5.17,201.09
2022,7,16,10,3.24,3.56,4.51,414.62,443.17,59.55,2.19,11.6,17.56,2.23,9.9,7.26,35.81,0.02,62.14,4.72,202.15,6.05,202.23
2022,7,16,11,3.25,3.74,4.68,426.85,468.8,62.33,2.39,12.98,17.98,2.9,10.44,7.57,36.62,0.02,62.12,5.13,204.38,6.59,204.38
2022,7,16,12,3.06,3.66,4.59,396.17,458.1,57.55,2.17,11.58,17.96,3.63,10.8,8,38.69,0.03,62.09,5.28,206.64,6.79,206.65
2022,7,16,13,2.73,3.34,4.25,346.98,419.08,50.24,1.75,9.08,17.58,4.23,10.9,8.36,41.38,0.04,62.08,5.26,208.09,6.78,208.1
2022,7,16,14,2.24,2.82,3.68,283.45,354.17,40.64,1.23,6.45,16.96,4.64,10.8,8.61,44.31,0.04,62.07,5.13,208.87,6.64,208.83
2022,7,16,15,1.51,2.14,2.91,189.77,268.38,26.55,0.63,3.23,15.92,5,10.46,8.85,48.56,0.04,62.08,4.95,208.99,6.45,208.99
2022,7,16,16,0.85,1.35,2,104.33,168.42,14.41,0.23,1.12,14.3,5.33,9.82,9.09,55.19,0.04,62.1,4.54,209.26,5.98,209.35
2022,7,16,17,0.3,0.56,1.02,35.55,67.7,4.75,0.03,0.12,12.23,5.81,9.02,9.4,65.31,0.01,62.14,3.74,209.67,5.01,209.72
2022,7,16,18,0.03,0.04,0.13,2.6,4.33,0.38,0,0,10.28,6.58,8.43,9.89,78.38,0.01,62.2,2.52,207.52,3.48,207.54
2022,7,16,19,0,0,0,0,0,0,0,0,9.46,7.33,8.4,10.38,87.19,0.01,62.27,2.16,208.79,2.92,208.83
2022,7,16,20,0,0,0,0,0,0,0,0,9.05,7.7,8.37,10.68,92.06,0.01,62.31,2.01,214.55,2.74,214.55
2022,7,16,21,0,0,0,0,0,0,0,0,8.77,7.68,8.23,10.62,93.69,0.01,62.33,1.99,220.87,2.75,220.97
2022,7,16,22,0,0,0,0,0,0,0,0,8.38,7.73,8.06,10.68,96.69,0.02,62.31,1.69,221.44,2.42,221.6
2022,7,16,23,0,0,0,0,0,0,0,0,8.2,7.59,7.9,10.62,96.94,0.02,62.29,1.53,221.27,2.23,221.3
2022,7,17,0,0,0,0,0,0,0,0,0,7.58,6.94,7.26,10.13,96.44,0.01,62.29,1.14,224.72,1.76,224.28
2022,7,17,1,0,0,0,0,0,0,0,0,7.21,6.42,6.82,9.77,95.38,0.01,62.28,0.95,227.34,1.44,226.76
2022,7,17,2,0,0,0,0,0,0,0,0,6.89,6.08,6.48,9.52,95.19,0.01,62.27,0.66,231.23,1.08,229.98
2022,7,17,3,0,0,0,0,0,0,0,0,6.69,5.73,6.21,9.28,94.19,0,62.27,0.48,237.6,0.77,236.15
2022,7,17,4,0,0,0,0,0,0,0,0,6.73,5.33,6.03,9.03,91.38,0,62.27,0.26,296.57,0.39,295.02
2022,7,17,5,0.31,0.32,0.69,36.15,37.17,4.27,0.02,0.08,7.73,5.22,6.48,8.97,84.62,0,62.3,0.56,348.69,0.72,349.42
2022,7,17,6,1.03,1.06,1.67,122.23,128.58,14.71,0.16,0.83,10.49,4.73,7.62,8.67,67.88,0,62.32,0.42,240.12,0.5,240.26
2022,7,17,7,1.85,1.86,2.62,225.45,229.38,29.22,0.59,2.88,13.71,3.94,8.83,8.18,51.88,0,62.34,2.19,206.66,2.71,206.57
2022,7,17,8,2.56,2.59,3.44,317.23,320.05,43.06,1.17,5.92,15.92,3.76,9.84,8.06,44.38,0,62.35,3.21,203.69,4.02,203.62
2022,7,17,9,3.02,3.17,4.08,378.62,390.77,52.88,1.73,9,17.55,3.66,10.61,8,39.81,0,62.34,3.92,202.88,4.94,202.88
2022,7,17,10,3.39,3.54,4.51,427.77,435.9,60.51,2.18,11.7,18.65,3.69,11.17,8.06,37.19,0,62.31,4.45,203.15,5.67,203.14
2022,7,17,11,3.15,3.75,4.68,410.15,464.38,59.61,2.27,12.27,19.27,3.91,11.59,8.18,36.44,0,62.27,4.89,204.03,6.26,204.01
2022,7,17,12,2.9,3.66,4.59,373.25,453.75,54.33,2.02,10.83,19.3,4.29,11.79,8.42,37.44,0,62.23,5.16,205.01,6.62,205.05
2022,7,17,13,2.78,3.36,4.25,349.98,416.65,50.53,1.76,8.98,18.82,4.73,11.78,8.73,39.81,0,62.2,5.12,205.9,6.59,205.93
2022,7,17,14,2.34,2.85,3.68,296.5,355.33,42.18,1.27,6.65,18.06,5.15,11.61,8.97,43,0,62.18,4.87,206.81,6.28,206.85
2022,7,17,15,1.76,2.17,2.91,219.45,271.27,30.34,0.71,3.58,17,5.49,11.24,9.16,47,0,62.17,4.51,207.19,5.83,207.18
2022,7,17,16,1.05,1.38,2,129.23,172.1,17.05,0.26,1.25,15.48,5.79,10.64,9.34,52.81,0,62.18,4,207.82,5.2,207.83
2022,7,17,17,0.43,0.58,1.01,50.45,70.33,6.05,0.03,0.17,13.55,6.13,9.84,9.58,61.25,0,62.2,3.32,207.95,4.39,207.89
2022,7,17,18,0.04,0.04,0.13,3.17,4.4,0.45,0,0,11.15,6.86,9,10.07,75.38,0,62.24,1.82,205.69,2.67,205.51
2022,7,17,19,0,0,0,0,0,0,0,0,10.19,7.6,8.89,10.56,84.5,0,62.29,1.52,204.86,2.18,204.73
2022,7,17,20,0,0,0,0,0,0,0,0,9.5,8.04,8.76,10.86,91.31,0,62.33,1.3,204.42,1.85,204.94
2022,7,17,21,0,0,0,0,0,0,0,0,9.17,8.32,8.75,11.11,95.19,0,62.34,1.15,203.61,1.6,203.93
2022,7,17,22,0,0,0,0,0,0,0,0,8.93,8.37,8.65,11.17,97.19,0,62.32,0.74,206.29,1.14,206.04
2022,7,17,23,0,0,0,0,0,0,0,0,8.55,8.27,8.41,11.11,99.19,0,62.26,0.49,213.18,0.95,210.15
2022,7,18,0,0,0,0,0,0,0,0,0,8.18,8.12,8.15,10.99,100,0,62.21,0.44,215.66,0.77,218.03
2022,7,18,1,0,0,0,0,0,0,0,0,8.07,7.89,7.98,10.86,99.94,0,62.15,0.24,226.33,0.39,236.31
2022,7,18,2,0,0,0,0,0,0,0,0,7.95,7.63,7.79,10.68,98.94,0,62.12,0.1,32.47,0.2,4.4
2022,7,18,3,0,0,0,0,0,0,0,0,7.39,7.29,7.33,10.44,100,0,62.1,0.44,32.55,0.72,27.96
2022,7,18,4,0,0,0,0,0,0,0,0,6.77,6.76,6.76,10.01,100,0,62.1,0.69,35.31,1.13,33.69
2022,7,18,5,0.11,0.31,0.68,13.58,36.88,1.88,0.01,0.02,8.3,6.17,7.23,9.58,87.06,0,62.12,1.12,30.14,1.59,31.11
2022,7,18,6,0.6,1.06,1.67,72.9,131.12,9.96,0.12,0.6,12.02,4.99,8.51,8.85,62.38,0,62.14,1.18,47.42,1.45,46.75
2022,7,18,7,1.15,1.85,2.61,145.8,232.35,20.78,0.45,2.23,15.53,3.9,9.72,8.18,45.94,0,62.15,1.02,150.09,1.25,150.39
2022,7,18,8,1.97,2.57,3.43,252.1,323.25,35.69,1.02,5.35,17.94,3.52,10.73,7.93,38.38,0,62.16,2.57,185.24,3.22,185.43
2022,7,18,9,2.47,3.15,4.08,316.12,396.33,45.88,1.55,7.75,19.46,3.87,11.66,8.18,35.81,0,62.16,3.7,195.06,4.68,195.08
2022,7,18,10,2.71,3.54,4.5,353.65,445.05,51.84,1.91,10,20.33,4.63,12.48,8.61,35.94,0,62.15,4.52,200.13,5.79,200.12
2022,7,18,11,2.51,3.64,4.68,334.83,456.8,48.97,1.87,10.02,20.5,5.55,13.02,9.22,37.94,0,62.12,5.02,202.81,6.47,202.82
2022,7,18,12,2.39,3.57,4.59,314.15,448.23,46.12,1.73,9.12,20.08,6.3,13.19,9.7,41,0,62.09,5.17,204.55,6.68,204.53
2022,7,18,13,1.96,3.27,4.25,255.38,411.02,37.42,1.32,6.73,19.34,6.85,13.1,10.07,44.56,0,62.04,5.17,207.15,6.72,207.13
2022,7,18,14,1.5,2.76,3.68,196.92,347.88,28.78,0.89,4.67,18.39,7.35,12.87,10.44,48.88,0,62.01,5.02,209.76,6.56,209.71
2022,7,18,15,1.08,2.08,2.91,137.73,263.23,19.97,0.48,2.45,17.01,7.9,12.46,10.86,55.38,0,61.98,4.78,210.88,6.29,210.87
2022,7,18,16,0.65,1.31,2,81.4,164.05,11.2,0.17,0.85,15.23,8.58,11.9,11.35,64.94,0,61.98,4.38,210.77,5.83,210.69
2022,7,18,17,0.22,0.54,1.01,25.9,65.4,3.41,0.02,0.1,13.47,9.14,11.3,11.78,75.5,0,62,3.72,210.12,5,210.01
2022,7,18,18,0.03,0.04,0.13,2.77,4.05,0.41,0,0,11.94,9.55,10.74,12.08,85.62,0.01,62.03,2.88,207.26,3.91,207.23
2022,7,18,19,0,0,0,0,0,0,0,0,11.15,9.69,10.42,12.21,91,0.01,62.07,2.46,203.63,3.33,203.68
2022,7,18,20,0,0,0,0,0,0,0,0,10.8,9.56,10.19,12.08,92.38,0.01,62.1,2.43,203.51,3.32,203.3
2022,7,18,21,0,0,0,0,0,0,0,0,10.5,9.3,9.9,11.84,92.62,0.01,62.1,2.41,206.98,3.32,206.99
2022,7,18,22,0,0,0,0,0,0,0,0,10.11,9.07,9.58,11.66,93.56,0.01,62.07,2.24,210.86,3.1,210.57
2022,7,18,23,0,0,0,0,0,0,0,0,9.75,8.9,9.33,11.6,94.88,0.01,62.03,1.95,215.03,2.7,214.88
2022,7,19,0,0,0,0,0,0,0,0,0,9.51,8.79,9.15,11.47,95.69,0.01,61.99,1.7,218.45,2.38,218.19
2022,7,19,1,0,0,0,0,0,0,0,0,9.33,8.64,8.98,11.41,96,0.01,61.96,1.36,220.57,1.93,220.07
2022,7,19,2,0,0,0,0,0,0,0,0,9.15,8.47,8.81,11.29,96.19,0.01,61.93,0.71,229.47,1.09,226.45
2022,7,19,3,0,0,0,0,0,0,0,0,8.87,8.3,8.59,11.17,96.94,0.01,61.91,0.2,265.6,0.42,229.51
2022,7,19,4,0,0,0,0,0,0,0,0,8.65,8.05,8.35,10.99,96.75,0.01,61.91,0.1,63.43,0.2,123.69
2022,7,19,5,0.03,0.25,0.67,3.6,29.38,0.5,0,0,9.53,7.69,8.61,10.68,88.94,0.01,61.94,0.63,90,0.84,92.68
2022,7,19,6,0.31,0.95,1.66,37.17,115.8,5.45,0.07,0.35,11.43,7.2,9.32,10.38,76.06,0.01,61.98,0.95,107.69,1.18,107.72
2022,7,19,7,0.71,1.76,2.61,90.42,221.62,13.3,0.29,1.45,13.81,6.38,10.1,9.89,61.94,0.01,62,1.3,140.11,1.61,140.91
2022,7,19,8,1.42,2.51,3.43,183.35,316.55,26.64,0.77,4.05,16.02,5.51,10.76,9.28,50.62,0.01,62.02,2.09,169.24,2.6,169.6
2022,7,19,9,1.66,3.1,4.08,218.7,391.67,32.23,1.09,5.35,17.83,5.42,11.63,9.22,44.75,0.01,62.02,3.05,185.74,3.82,185.86
2022,7,19,10,1.99,3.49,4.5,265.55,441.02,39.11,1.45,7.33,18.64,5.98,12.31,9.58,44.12,0.01,62.01,3.94,195.66,5.01,195.66
2022,7,19,11,1.87,3.65,4.68,252.5,459.73,37.38,1.43,7.55,18.66,6.62,12.64,10.01,46,0.01,61.98,4.51,200.92,5.8,200.83
2022,7,19,12,1.56,3.58,4.59,211.3,450.38,31.66,1.2,6.15,17.95,7.44,12.69,10.56,50.81,0.02,61.93,4.88,202.79,6.35,202.72
2022,7,19,13,1.52,3.27,4.25,197.15,411.45,29.41,1.03,5.12,16.66,8.21,12.44,11.17,58.06,0.02,61.88,4.95,202.76,6.51,202.66
2022,7,19,14,1.11,2.75,3.67,144.7,346.23,21.59,0.66,3.52,15.39,8.78,12.08,11.6,65.38,0.03,61.83,4.81,204.44,6.4,204.31
2022,7,19,15,0.68,2.06,2.9,87.15,258.67,12.88,0.31,1.6,14.08,8.95,11.51,11.72,71.69,0.04,61.8,4.48,210.36,5.99,210.08
2022,7,19,16,0.45,1.26,1.99,55.75,156.65,8.12,0.13,0.65,12.64,8.74,10.69,11.54,77.69,0.05,61.79,3.81,219.26,5.12,218.69
2022,7,19,17,0.11,0.48,1,12.6,56.58,1.82,0.01,0.05,11.25,8.5,9.87,11.35,83.81,0.18,61.81,2.95,231.67,4,230.94
2022,7,19,18,0.03,0.03,0.12,2,3.48,0.3,0,0,10.15,8.4,9.27,11.29,89.81,0.18,61.84,1.64,233.73,2.23,232.85
2022,7,19,19,0,0,0,0,0,0,0,0,10.01,8.42,9.22,11.29,90.81,0.18,61.89,0.72,206.57,0.94,206.78
2022,7,19,20,0,0,0,0,0,0,0,0,9.9,8.3,9.1,11.17,90.75,0.18,61.92,0.94,129.62,1.25,129.94
2022,7,19,21,0,0,0,0,0,0,0,0,9.25,8.01,8.63,10.99,93.12,0.18,61.93,1.29,122.34,1.81,122.45
2022,7,19,22,0,0,0,0,0,0,0,0,8.24,7.5,7.87,10.62,96.31,0.18,61.94,0.48,153.85,0.92,149.53
2022,7,19,23,0,0,0,0,0,0,0,0,7.8,6.82,7.31,10.13,94.69,0.18,61.93,0.13,82.87,0.23,91.91
2022,7,20,0,0,0,0,0,0,0,0,0,7.11,5.71,6.4,9.34,91.62,0.19,61.88,0.64,16.43,1,17.73
2022,7,20,1,0,0,0,0,0,0,0,0,6.64,5.19,5.91,9.03,91.12,0.19,61.84,1.01,9.39,1.54,10.8
2022,7,20,2,0,0,0,0,0,0,0,0,6.74,4.99,5.87,8.91,89.25,0.18,61.82,1.29,11.85,1.85,12.69
2022,7,20,3,0,0,0,0,0,0,0,0,6.6,5,5.8,8.91,90.19,0.15,61.82,0.87,10.91,1.46,11.73
2022,7,20,4,0,0,0,0,0,0,0,0,6.33,4.8,5.56,8.73,90.5,0.12,61.82,0.76,16.03,1.46,16.79
2022,7,20,5,0.03,0.21,0.66,3.33,24.5,0.47,0,0,7.63,4.96,6.3,8.85,83.56,0.73,61.82,1,27.36,1.45,27.67
2022,7,20,6,0.19,0.8,1.65,21.85,93.6,3.11,0.04,0.17,9.71,4.82,7.26,8.73,71.88,0.45,61.82,1.11,56.2,1.4,55.95
2022,7,20,7,0.36,1.53,2.6,45.45,182.8,6.4,0.13,0.65,11.69,4.46,8.08,8.54,61.5,0.46,61.88,1.16,120.7,1.44,121.28
2022,7,20,8,0.71,2.24,3.42,93.1,270.67,13.05,0.35,1.85,11.51,4.44,7.98,8.54,62.25,1.15,61.97,1.64,162,2.08,162.52
2022,7,20,9,0.86,2.85,4.07,115.92,346.02,16.6,0.53,2.62,10.11,4.8,7.45,8.73,70.06,2.38,62.06,1.45,193.74,1.81,193.98
2022,7,20,10,1.49,3.32,4.5,197.27,407.67,27.73,0.98,4.9,9.99,4.95,7.47,8.85,71.38,2.39,62.05,0.98,193.82,1.2,193.95
2022,7,20,11,0.96,3.5,4.68,137.42,432.02,19.94,0.71,3.7,10.98,5.08,8.03,8.91,67.44,1.56,62.04,1.31,185.13,1.61,185.02
2022,7,20,12,1.13,3.46,4.59,154.17,427.9,22.41,0.8,4.1,11.82,5.26,8.54,9.03,64.56,1,61.99,2.07,185.19,2.6,184.99
2022,7,20,13,0.9,3.17,4.25,123.05,391.98,18.13,0.6,2.98,12.31,5.51,8.91,9.22,63.62,0.5,61.94,2.62,188.4,3.37,188.13
2022,7,20,14,1.16,2.64,3.67,149.73,327.58,21.39,0.64,3.38,11.88,5.74,8.81,9.34,66.56,0.31,61.91,2.79,195.28,3.63,194.96
2022,7,20,15,0.87,1.96,2.9,109.3,242.75,15.69,0.38,1.9,11.17,6.09,8.63,9.58,71.44,0.31,61.89,2.62,199.14,3.44,198.97
2022,7,20,16,0.54,1.19,1.99,64.55,145.65,9.03,0.14,0.7,10.51,6.51,8.51,9.89,76.81,0.3,61.88,2.29,199.3,3,199.28
2022,7,20,17,0.16,0.45,1,18.27,53,2.62,0.02,0.08,9.74,6.93,8.33,10.13,83.25,0.18,61.89,1.86,200.42,2.46,200.28
2022,7,20,18,0.03,0.03,0.12,2.4,3.33,0.34,0,0,8.54,7.45,8,10.5,93.56,0.21,61.92,0.85,199.94,1.31,199.52
2022,7,20,19,0,0,0,0,0,0,0,0,7.98,7.55,7.76,10.56,97.75,0.41,61.94,0.53,194.44,0.85,193.91
2022,7,20,20,0,0,0,0,0,0,0,0,7.8,7.44,7.62,10.5,98.19,0.53,61.98,0.35,208.3,0.53,206.94
2022,7,20,21,0,0,0,0,0,0,0,0,7.43,7.15,7.29,10.31,98.81,0.51,62.03,0.26,297.35,0.44,305.66
2022,7,20,22,0,0,0,0,0,0,0,0,6.8,6.65,6.73,9.95,99.62,0.53,62.02,0.45,341.88,1.03,349.03
2022,7,20,23,0,0,0,0,0,0,0,0,6.11,6.01,6.05,9.52,99.94,0.54,61.96,0.71,356.86,1.48,359.1
2022,7,21,0,0,0,0,0,0,0,0,0,5.55,5.33,5.44,9.09,98.88,0.54,61.89,0.91,6.94,1.72,6.77
2022,7,21,1,0,0,0,0,0,0,0,0,5.41,4.74,5.08,8.73,96.06,0.48,61.84,0.92,25.69,1.66,24.76
2022,7,21,2,0,0,0,0,0,0,0,0,5.35,4.17,4.76,8.36,92.81,0.35,61.85,1.02,44.69,1.76,44.64
2022,7,21,3,0,0,0,0,0,0,0,0,5.14,3.42,4.28,8,89.75,0.23,61.88,1.18,48.21,2.03,48.59
2022,7,21,4,0,0,0,0,0,0,0,0,4.76,2.44,3.6,7.45,86.25,0.24,61.93,1.25,37.66,2.21,37.23
2022,7,21,5,0.09,0.21,0.65,11.58,24.52,1.59,0.01,0.02,6.04,2.51,4.28,7.51,79.62,0.22,61.98,1.45,33.6,2.45,31.31
2022,7,21,6,0.52,0.82,1.65,60.75,96.02,8.1,0.09,0.48,8.44,1.62,5.04,7.02,63.19,0.16,62.01,2.37,49.28,3.24,48.71
2022,7,21,7,0.9,1.59,2.59,109.05,191,14.95,0.32,1.58,10.96,-0.06,5.45,6.16,46.75,0.1,62.04,2.54,82.57,3.31,82.41
2022,7,21,8,1.47,2.29,3.42,182.77,277.33,24.72,0.7,3.67,13,-0.24,6.37,6.04,40.12,0.07,62.08,2.59,117.88,3.32,117.89
2022,7,21,9,1.3,2.87,4.07,168.95,349.95,23.82,0.78,3.88,14.69,0.56,7.62,6.41,38.19,0.1,62.09,2.83,140.94,3.61,140.97
2022,7,21,10,1.95,3.3,4.5,252.1,404.62,34.9,1.27,6.38,16,1.48,8.73,6.84,37.5,0.13,62.08,3.02,158.94,3.86,159
2022,7,21,11,1.9,3.44,4.67,251.15,421.45,34.73,1.29,6.77,16.86,2.36,9.61,7.32,37.81,0.13,62.05,3.15,173.32,4.03,173.44
2022,7,21,12,1.55,3.35,4.59,203.4,409.75,28.5,1.03,5.33,17.26,3.17,10.22,7.75,39.06,0.11,62.02,3.4,182.63,4.36,182.78
2022,7,21,13,1.49,3.05,4.24,193.15,373.75,27.03,0.92,4.55,17.3,3.96,10.62,8.24,41.31,0.08,61.99,3.65,189.12,4.7,189.37
2022,7,21,14,1.16,2.54,3.67,151.6,310.6,21.65,0.66,3.48,16.83,4.66,10.75,8.67,44.69,0.02,61.97,3.56,193.85,4.58,194.01
2022,7,21,15,0.8,1.87,2.9,100.75,227.25,14.36,0.34,1.75,15.89,5.15,10.52,8.97,49.19,0,61.95,3.2,197.06,4.13,197.27
2022,7,21,16,0.52,1.13,1.98,62.98,134.65,8.91,0.14,0.7,14.47,5.64,10.05,9.28,55.75,0,61.97,2.73,199.89,3.55,200.19
2022,7,21,17,0.18,0.43,0.99,20.92,49.23,2.93,0.02,0.08,12.69,6.3,9.49,9.7,65.5,0.01,62.02,2.05,201.96,2.76,202.49
2022,7,21,18,0.03,0.03,0.12,2.02,3.15,0.29,0,0,10.37,7.15,8.76,10.31,81.19,0.01,62.07,0.9,201.43,1.53,205
2022,7,21,19,0,0,0,0,0,0,0,0,9.6,7.33,8.47,10.44,86.44,0.02,62.12,0.68,209.83,1.08,213.23
2022,7,21,20,0,0,0,0,0,0,0,0,9.12,7.59,8.36,10.56,90.75,0.02,62.15,0.48,222.34,0.76,222.91
2022,7,21,21,0,0,0,0,0,0,0,0,8.62,7.67,8.15,10.62,94.44,0.03,62.17,0.34,226.85,0.56,226.7
2022,7,21,22,0,0,0,0,0,0,0,0,8.2,7.65,7.92,10.62,97.19,0.04,62.15,0.22,225,0.36,225
2022,7,21,23,0,0,0,0,0,0,0,0,8.03,7.62,7.83,10.62,98.31,0.05,62.13,0.18,223.26,0.29,221.76
2022,7,22,0,0,0,0,0,0,0,0,0,7.95,7.53,7.74,10.62,98.25,0.05,62.11,0.14,220.6,0.23,219.56
2022,7,22,1,0,0,0,0,0,0,0,0,7.93,7.4,7.67,10.5,97.81,0.04,62.1,0.13,215.54,0.2,205.56
2022,7,22,2,0,0,0,0,0,0,0,0,7.72,7.23,7.48,10.44,98.19,0.03,62.1,0.2,191.31,0.31,187.13
2022,7,22,3,0,0,0,0,0,0,0,0,7.5,7.07,7.28,10.31,98.81,0.03,62.1,0.33,190.78,0.54,188.25
2022,7,22,4,0,0,0,0,0,0,0,0,7.23,6.93,7.08,10.25,99.88,0.02,62.12,0.43,192.53,0.72,191.31
2022,7,22,5,0.04,0.21,0.64,6,24.17,0.88,0,0.02,8.13,7.3,7.72,10.5,96.38,0.02,62.13,0.58,198.92,0.85,197.6
2022,7,22,6,0.3,0.84,1.64,34.58,99.55,4.88,0.06,0.3,9.98,7.43,8.71,10.62,86,0.02,62.16,1.15,196.59,1.45,196.97
2022,7,22,7,0.53,1.64,2.59,65.9,199.7,9.55,0.2,1.02,12.06,6.73,9.39,10.19,72.12,0.02,62.19,1.78,182.52,2.21,182.44
2022,7,22,8,0.94,2.4,3.42,120.85,296.23,17.66,0.5,2.6,14.17,5.94,10.05,9.7,59.69,0.02,62.2,2.42,182.77,3.03,182.81
2022,7,22,9,1.76,3.01,4.07,223,374.67,32.05,1.05,5.23,16.08,5.72,10.9,9.52,51.75,0.02,62.19,3.03,187.25,3.81,187.42
2022,7,22,10,2.37,3.43,4.49,306.33,427.8,43.88,1.61,8.12,17.47,5.86,11.66,9.58,47.62,0.03,62.16,3.62,192.33,4.59,192.48
2022,7,22,11,2.43,3.72,4.67,323.5,471.58,49.02,1.88,9.98,18.07,6.25,12.15,9.77,46.88,0.07,62.13,4.11,197.57,5.27,197.71
2022,7,22,12,2.18,3.64,4.59,286.15,462.2,43.79,1.66,8.55,17.83,6.69,12.26,10.07,48.88,0.18,62.09,4.35,201.4,5.59,201.58
2022,7,22,13,1.88,3.34,4.24,245,424.9,37.47,1.33,6.55,17.15,7.12,12.14,10.31,52.31,0.32,62.06,4.31,203.83,5.57,204.01
2022,7,22,14,1.59,2.84,3.66,205.88,362.02,31.06,0.96,5.1,16.37,7.38,11.88,10.5,55.81,0.37,62.03,4.18,205.13,5.42,205.27
2022,7,22,15,1.22,2.17,2.89,155.52,277.77,23.02,0.56,2.85,15.18,7.65,11.41,10.68,61.25,0.42,62,3.89,207.54,5.07,207.63
2022,7,22,16,0.72,1.39,1.98,89.65,178.27,12.81,0.2,0.98,13.56,8.09,10.83,10.99,70,0.47,62.01,3.36,210.32,4.42,210.37
2022,7,22,17,0.23,0.58,0.98,26.77,73.25,3.78,0.02,0.1,11.94,8.56,10.25,11.35,80.31,0.24,62.05,2.71,211.67,3.63,211.7
2022,7,22,18,0.04,0.04,0.11,3.27,3.95,0.48,0,0,10.61,9.01,9.8,11.66,90.38,0.51,62.09,2.12,209.4,2.88,209.55
2022,7,22,19,0,0,0,0,0,0,0,0,10.05,9.24,9.65,11.84,95.31,0.8,62.11,1.9,204.25,2.62,204.5
2022,7,22,20,0,0,0,0,0,0,0,0,9.8,9.26,9.53,11.84,97.06,0.95,62.14,1.91,200.14,2.69,200.38
2022,7,22,21,0,0,0,0,0,0,0,0,9.58,9.15,9.37,11.78,97.69,0.86,62.16,1.91,197.62,2.73,197.81
2022,7,22,22,0,0,0,0,0,0,0,0,9.12,8.56,8.83,11.29,96.88,0.72,62.17,1.96,201.04,2.79,201.18
2022,7,22,23,0,0,0,0,0,0,0,0,8.35,7.73,8.04,10.62,96.19,0.54,62.17,1.91,204.37,2.69,204.4
2022,7,23,0,0,0,0,0,0,0,0,0,7.82,7.22,7.51,10.25,96.31,0.33,62.14,1.66,207.17,2.31,207.34
2022,7,23,1,0,0,0,0,0,0,0,0,7.37,6.87,7.12,10.07,97.12,0.24,62.1,1.28,210,1.83,210.29
2022,7,23,2,0,0,0,0,0,0,0,0,6.84,6.56,6.7,9.83,98.44,0.15,62.08,0.87,216.25,1.4,217.06
2022,7,23,3,0,0,0,0,0,0,0,0,6.45,6.19,6.32,9.58,98.69,0.1,62.1,0.76,229.14,1.34,230.45
2022,7,23,4,0,0,0,0,0,0,0,0,6.23,5.83,6.03,9.34,97.81,0.06,62.12,0.63,242.47,1,243.03
2022,7,23,5,0.08,0.25,0.63,10.15,29.27,1.44,0.01,0.02,6.98,5.78,6.38,9.34,92.69,0.02,62.15,0.62,255.44,0.78,255.55
2022,7,23,6,0.64,0.97,1.63,77.7,118.6,10.82,0.12,0.6,9.01,5.73,7.37,9.28,80.44,0.01,62.18,0.9,223.24,1.09,222.96
2022,7,23,7,1.28,1.78,2.58,158.25,221.05,22.12,0.45,2.23,11.42,5.78,8.6,9.34,68.69,0.01,62.2,1.5,203.9,1.84,204.06
2022,7,23,8,1.99,2.52,3.41,248.92,315.15,34.98,0.95,5.05,13.99,5.38,9.69,9.09,56.69,0,62.19,1.75,189.5,2.14,189.67
2022,7,23,9,2.43,3.11,4.06,307.65,389.15,44.03,1.43,7.12,16.33,5.04,10.69,8.91,47.75,0,62.16,2.44,185.33,3.02,185.49
2022,7,23,10,2.68,3.49,4.49,343.2,435.88,49.59,1.77,8.92,17.77,4.98,11.38,8.91,43.44,0.01,62.13,3.26,191.77,4.12,191.93
2022,7,23,11,2.41,3.56,4.67,312.55,440.2,44.77,1.64,8.62,18.09,5.24,11.66,9.03,43.31,0.01,62.1,3.9,198.07,5.01,198.27
2022,7,23,12,2.35,3.5,4.58,302.3,433.88,43.52,1.57,8.05,17.4,5.71,11.55,9.34,46.69,0.03,62.08,4.16,202.9,5.38,203.07
2022,7,23,13,1.97,3.2,4.24,248.83,397.05,35.68,1.2,5.95,16.35,6.26,11.3,9.7,51.75,0.05,62.05,3.92,205.75,5.09,205.86
2022,7,23,14,1.49,2.71,3.66,192.3,337.62,27.84,0.81,4.3,15.65,6.58,11.12,9.95,55.31,0.07,62.03,3.64,207.5,4.7,207.5
2022,7,23,15,1.01,2.03,2.89,128.25,252.77,18.51,0.43,2.15,15.01,6.8,10.9,10.07,58.44,0.06,62,3.35,208.12,4.35,208.18
2022,7,23,16,0.55,1.23,1.97,68.73,150.9,9.89,0.15,0.73,14.05,7.09,10.57,10.25,63.44,0.09,61.98,2.89,209.96,3.8,209.93
2022,7,23,17,0.2,0.48,0.98,23.38,56.65,3.22,0.02,0.08,12.72,7.63,10.18,10.62,71.69,0.14,61.99,2.15,213.46,2.91,213.52
2022,7,23,18,0.04,0.03,0.11,3,3.25,0.44,0,0,10.79,8.31,9.55,11.17,85.25,0.16,62.02,0.89,216.06,1.58,214.95
2022,7,23,19,0,0,0,0,0,0,0,0,9.79,8.52,9.15,11.29,92.5,0.15,62.06,0.7,221.37,1.26,221.49
2022,7,23,20,0,0,0,0,0,0,0,0,9.45,8.77,9.12,11.47,96.25,0.17,62.11,0.58,223.36,1.01,224.37
2022,7,23,21,0,0,0,0,0,0,0,0,9.37,9.05,9.21,11.72,98.62,0.23,62.14,0.57,207.61,1.08,203.42
2022,7,23,22,0,0,0,0,0,0,0,0,9.59,9.3,9.44,11.9,99,0.34,62.12,0.88,199.08,1.43,198.43
2022,7,23,23,0,0,0,0,0,0,0,0,9.51,9.05,9.27,11.72,97.75,0.48,62.11,1.32,196.18,2.02,196.61
2022,7,24,0,0,0,0,0,0,0,0,0,8.36,7.69,8.03,10.62,96.06,0.55,62.11,1.53,195.1,2.26,195.62
2022,7,24,1,0,0,0,0,0,0,0,0,7.41,6.71,7.06,9.95,95.56,0.54,62.1,1.26,197.99,1.79,198.04
2022,7,24,2,0,0,0,0,0,0,0,0,6.78,6.23,6.51,9.58,96.56,0.45,62.09,1.22,204.6,1.74,204.61
2022,7,24,3,0,0,0,0,0,0,0,0,6.36,6,6.18,9.46,97.88,0.32,62.06,0.86,208.9,1.29,209.36
2022,7,24,4,0,0,0,0,0,0,0,0,5.89,5.65,5.77,9.22,98.75,0.22,62.05,0.42,220.49,0.84,221.59
2022,7,24,5,0.19,0.28,0.62,22.5,32.23,3.07,0.01,0.05,6.51,5.41,5.96,9.09,92.94,0.03,62.06,0.76,255.11,0.96,253.93
2022,7,24,6,0.84,1,1.63,100.95,124,13.06,0.15,0.7,8.69,5.48,7.08,9.09,80.44,0.02,62.07,0.99,255.85,1.21,255.78
2022,7,24,7,1.58,1.8,2.58,195.75,225.33,26.19,0.52,2.55,11.94,5.3,8.62,9.03,64.06,0,62.07,1.48,227.79,1.8,227.64
2022,7,24,8,2.32,2.53,3.41,291.33,316.45,39.98,1.06,5.4,15.08,4.44,9.76,8.54,49.5,0,62.06,2.16,200.07,2.7,200.17
2022,7,24,9,2.91,3.11,4.06,368.45,388.58,51.69,1.65,8.45,17.33,4.29,10.81,8.48,42.69,0,62.05,3.45,194.98,4.4,195.25
2022,7,24,10,3.11,3.49,4.49,396.27,434.58,56.53,1.99,10.45,18.41,4.76,11.58,8.79,41.25,0,62.04,4.59,196.4,5.95,196.63
2022,7,24,11,2.77,3.72,4.67,365.33,466.35,54.12,2.02,10.73,18.33,5.48,11.9,9.28,43.62,0.01,62.02,5.16,197.91,6.73,197.99
2022,7,24,12,2.2,3.64,4.58,285.6,454.92,43.28,1.59,8.27,17.46,6.02,11.74,9.64,47.75,0.02,61.99,5.08,200.05,6.64,200.25
2022,7,24,13,1.76,3.32,4.24,227.88,415.02,34.2,1.18,5.88,16.8,6.48,11.64,9.89,51.19,0.04,61.96,4.88,205.01,6.37,205.12
2022,7,24,14,1.56,2.77,3.66,200.75,346.5,29.68,0.89,4.67,16.2,6.86,11.53,10.13,54.31,0.05,61.93,4.62,208.82,6.03,208.92
2022,7,24,15,0.96,2.08,2.88,121.88,260.1,17.72,0.41,2.08,15.06,7.12,11.09,10.25,59.38,0.05,61.92,4.15,210.04,5.43,210.21
2022,7,24,16,0.48,1.28,1.97,60.6,158.77,8.78,0.13,0.65,13.76,7.48,10.62,10.5,66.06,0.06,61.93,3.75,210.68,4.93,210.79
2022,7,24,17,0.16,0.48,0.97,18.05,57.6,2.52,0.02,0.08,12.16,7.85,10.01,10.8,75.19,0.15,61.97,3.17,209.85,4.23,209.78
2022,7,24,18,0.03,0.03,0.11,1.92,3.17,0.29,0,0,10.58,8.37,9.48,11.17,86.56,0.18,62.03,2.35,208.44,3.2,208.44
2022,7,24,19,0,0,0,0,0,0,0,0,9.91,8.76,9.34,11.47,93.06,0.21,62.08,1.98,203.02,2.67,203.04
2022,7,24,20,0,0,0,0,0,0,0,0,9.71,8.96,9.33,11.6,95.56,0.24,62.1,1.83,198.2,2.52,198.21
2022,7,24,21,0,0,0,0,0,0,0,0,9.57,9.02,9.3,11.66,97,0.25,62.11,1.79,201.29,2.55,201.38
2022,7,24,22,0,0,0,0,0,0,0,0,9.32,8.85,9.08,11.54,97.56,0.25,62.11,1.7,205.03,2.48,204.95
2022,7,24,23,0,0,0,0,0,0,0,0,8.82,8.37,8.59,11.17,97.56,0.2,62.11,1.58,206.82,2.32,207
2022,7,25,0,0,0,0,0,0,0,0,0,7.91,7.49,7.7,10.5,97.62,0.15,62.1,1.32,207.02,2.01,207.06
2022,7,25,1,0,0,0,0,0,0,0,0,7.34,6.97,7.15,10.13,97.81,0.11,62.1,1.14,203.92,1.75,204.27
2022,7,25,2,0,0,0,0,0,0,0,0,6.85,6.6,6.73,9.89,98.75,0.07,62.1,0.74,202.25,1.3,202.25
2022,7,25,3,0,0,0,0,0,0,0,0,6.49,6.33,6.4,9.7,99.38,0.04,62.1,0.58,200.38,1.15,199.78
2022,7,25,4,0,0,0,0,0,0,0,0,6.3,6.09,6.19,9.52,99.06,0.03,62.1,0.49,201.3,0.85,201.61
2022,7,25,5,0.12,0.24,0.61,14.58,26.77,2.1,0.01,0.02,7.1,5.94,6.51,9.4,92.69,0.02,62.11,0.31,257.01,0.39,255.96
2022,7,25,6,0.64,0.95,1.62,78.27,113.88,10.83,0.12,0.6,9.43,5.84,7.63,9.34,78.56,0.01,62.12,0.6,261.03,0.72,261.25
2022,7,25,7,1.31,1.77,2.57,162.23,218.55,22.4,0.45,2.25,12.34,5.76,9.05,9.34,64.44,0,62.14,1.43,214.12,1.75,213.9
2022,7,25,8,2.03,2.52,3.4,254.77,313.7,35.78,0.98,5.15,15.02,5.3,10.16,9.03,52.75,0,62.16,2.55,194.72,3.17,194.72
2022,7,25,9,2.37,3.13,4.06,299.48,390.27,43.39,1.42,7.1,16.73,5.4,11.07,9.16,47.81,0,62.16,3.5,191.99,4.42,192.05
2022,7,25,10,2.02,3.51,4.49,255.67,437.67,38.28,1.39,7,17.62,5.78,11.7,9.4,46.44,0.01,62.15,4.1,193.9,5.23,193.91
2022,7,25,11,2.27,3.68,4.66,302.7,460.48,44.83,1.69,8.88,17.62,6.23,11.92,9.7,47.94,0.04,62.13,4.47,197.07,5.76,197.13
2022,7,25,12,2.33,3.6,4.58,299.38,450.42,44.26,1.62,8.4,17.18,6.6,11.89,9.95,50.44,0.12,62.1,4.57,199.89,5.9,199.97
2022,7,25,13,2.15,3.27,4.23,274.52,409.02,40.56,1.39,6.95,16.75,6.82,11.78,10.07,52.44,0.22,62.07,4.54,201.93,5.87,202.03
2022,7,25,14,1.72,2.74,3.65,220.77,342.8,32.09,0.95,4.95,15.84,7.04,11.44,10.25,56.31,0.26,62.04,4.56,203.01,5.95,203.1
2022,7,25,15,1.21,2.03,2.88,154.15,253.12,22.02,0.51,2.58,14.48,7.48,10.98,10.56,63.31,0.34,62.03,4.47,204.24,5.89,204.43
2022,7,25,16,0.73,1.24,1.96,91.67,152.65,12.67,0.19,0.92,13.01,7.79,10.4,10.74,71.06,0.38,62.04,4.17,206.37,5.54,206.53
2022,7,25,17,0.26,0.47,0.96,30.52,55.6,4.07,0.02,0.1,11.28,7.96,9.62,10.86,80.44,0.49,62.08,3.6,207.23,4.87,207.22
2022,7,25,18,0.03,0.03,0.1,2.52,2.98,0.37,0,0,9.76,8.15,8.96,10.99,90.19,0.48,62.15,2.82,204.86,3.87,204.96
2022,7,25,19,0,0,0,0,0,0,0,0,9.17,8.17,8.67,10.99,93.88,0.4,62.22,2.55,202.71,3.49,202.78
2022,7,25,20,0,0,0,0,0,0,0,0,8.85,8.02,8.44,10.86,95.06,0.32,62.27,2.45,205.09,3.38,205.14
2022,7,25,21,0,0,0,0,0,0,0,0,8.42,7.79,8.1,10.68,96.38,0.31,62.29,2.09,208.58,2.94,208.4
2022,7,25,22,0,0,0,0,0,0,0,0,7.83,7.4,7.62,10.44,97.75,0.3,62.3,1.55,210.96,2.26,210.83
2022,7,25,23,0,0,0,0,0,0,0,0,7.26,6.92,7.09,10.07,98.25,0.28,62.29,1.14,212.71,1.73,211.9
2022,7,26,0,0,0,0,0,0,0,0,0,6.85,6.55,6.7,9.83,98.56,0.24,62.27,0.94,214.22,1.48,212.68
2022,7,26,1,0,0,0,0,0,0,0,0,6.4,6.27,6.34,9.64,99.69,0.19,62.24,0.64,209.05,1.23,206.89
2022,7,26,2,0,0,0,0,0,0,0,0,6.17,6.06,6.12,9.52,99.94,0.12,62.23,0.59,206.57,1.1,204.38
2022,7,26,3,0,0,0,0,0,0,0,0,6.01,5.87,5.94,9.4,99.75,0.08,62.22,0.51,206.18,0.86,204.23
2022,7,26,4,0,0,0,0,0,0,0,0,5.94,5.69,5.81,9.28,99.06,0.05,62.22,0.36,208.22,0.56,206.57
2022,7,26,5,0.17,0.24,0.61,19.7,27.77,2.64,0.01,0.05,6.7,5.65,6.18,9.22,93.69,0.03,62.24,0.28,245.56,0.36,247.29
2022,7,26,6,0.75,0.94,1.61,90.4,115.8,11.81,0.13,0.67,9.25,5.66,7.45,9.22,78.62,0.04,62.26,1.02,228.4,1.25,228.54
2022,7,26,7,1.51,1.75,2.57,187.23,219.1,25.02,0.5,2.48,11.83,5.9,8.87,9.34,67.25,0.04,62.28,2.18,210.79,2.71,210.62
2022,7,26,8,2.22,2.49,3.4,280.08,312.1,38.59,1.05,5.4,13.96,5.83,9.89,9.34,58.25,0.04,62.29,2.93,202.11,3.67,202.03
2022,7,26,9,2.5,3.08,4.05,318.55,385.88,45.42,1.5,7.62,15.38,5.95,10.66,9.46,53.81,0.04,62.29,3.42,197.53,4.32,197.58
2022,7,26,10,2.62,3.47,4.48,336.52,432.9,48.72,1.77,9.27,16.16,6.23,11.19,9.64,52.25,0.08,62.27,3.82,197.88,4.84,197.94
2022,7,26,11,2.42,3.77,4.66,312.42,456.85,46.95,1.83,9.77,16.61,6.53,11.57,9.89,51.81,0.2,62.23,4.1,200.4,5.24,200.41
2022,7,26,12,2.11,3.64,4.58,272.48,447.3,40.84,1.55,8.08,16.53,6.81,11.67,10.07,53.06,0.35,62.18,4.32,202.76,5.56,202.71
2022,7,26,13,1.63,3.26,4.23,209.3,407.08,31.73,1.12,5.6,16.15,7.08,11.62,10.25,55.38,0.53,62.13,4.46,204.41,5.78,204.42
2022,7,26,14,1.38,2.75,3.65,176.5,343.45,26.16,0.79,4.2,15.33,7.25,11.29,10.38,59,0.6,62.1,4.55,205.55,5.94,205.55
2022,7,26,15,1.09,2.05,2.87,135.9,256.65,19.6,0.47,2.38,14.08,7.4,10.74,10.44,64.5,0.67,62.07,4.46,207.64,5.9,207.62
2022,7,26,16,0.55,1.27,1.95,67.73,158.1,9.59,0.15,0.7,12.13,7.61,9.87,10.62,74.19,0.66,62.08,4,210.27,5.34,210.2
2022,7,26,17,0.17,0.48,0.95,19.7,57.25,2.86,0.02,0.08,10.26,7.68,8.98,10.62,84.44,0.39,62.13,2.94,209.22,3.95,209
2022,7,26,18,0.03,0.03,0.1,2.05,2.98,0.3,0,0,9.26,7.76,8.51,10.68,90.94,0.32,62.18,2.44,202.96,3.33,202.77
2022,7,26,19,0,0,0,0,0,0,0,0,8.79,7.67,8.23,10.62,93.38,0.31,62.22,2.35,197.83,3.23,197.6
2022,7,26,20,0,0,0,0,0,0,0,0,8.5,7.65,8.08,10.62,95.12,0.33,62.25,2.17,195.44,3.02,195.44
2022,7,26,21,0,0,0,0,0,0,0,0,8.32,7.65,7.98,10.62,96.31,0.34,62.26,2.03,192.7,2.85,192.82
2022,7,26,22,0,0,0,0,0,0,0,0,8.19,7.64,7.91,10.62,97.12,0.32,62.26,1.87,189.15,2.67,189.1
2022,7,26,23,0,0,0,0,0,0,0,0,8.1,7.67,7.88,10.68,98.12,0.26,62.23,1.73,188.57,2.51,188.41
2022,7,27,0,0,0,0,0,0,0,0,0,7.98,7.71,7.84,10.74,99.31,0.22,62.19,1.35,191.7,2.04,191.05
2022,7,27,1,0,0,0,0,0,0,0,0,7.73,7.52,7.62,10.56,99.69,0.16,62.15,1.02,191.91,1.65,191.2
2022,7,27,2,0,0,0,0,0,0,0,0,7.64,7.39,7.51,10.5,99.25,0.1,62.13,0.9,189.95,1.47,189.46
2022,7,27,3,0,0,0,0,0,0,0,0,7.47,7.16,7.32,10.31,98.81,0.06,62.12,0.76,184.13,1.26,183.91
2022,7,27,4,0,0,0,0,0,0,0,0,7.27,6.88,7.08,10.13,98.31,0.03,62.11,0.63,177.17,1.06,177.03
2022,7,27,5,0.1,0.23,0.6,11.38,25.92,1.65,0.01,0.02,7.47,6.68,7.08,9.95,95.56,0,62.13,1.24,181.08,1.69,180.8
2022,7,27,6,0.48,0.94,1.6,58.88,112.9,8.53,0.1,0.48,7.78,6.48,7.13,9.83,92.06,0,62.17,1.65,199.38,2.13,199.03
2022,7,27,7,0.97,1.75,2.56,121.02,216.48,17.61,0.38,1.85,8.62,6.29,7.45,9.64,85.81,0,62.21,1.78,210.06,2.25,209.77
2022,7,27,8,1.37,2.51,3.39,171.58,312.2,25.3,0.72,3.75,10.11,6.08,8.1,9.52,76.5,0.01,62.24,1.9,214.93,2.36,214.9
2022,7,27,9,1.62,3.12,4.05,210.25,388.6,31.3,1.06,5.33,11.7,5.86,8.78,9.34,67.69,0.02,62.24,2.17,216.66,2.7,216.54
2022,7,27,10,1.54,3.49,4.48,206.27,437.6,31.59,1.17,5.9,13.09,5.9,9.5,9.4,61.88,0.04,62.2,2.58,213.5,3.24,213.38
2022,7,27,11,1.52,3.65,4.66,209.2,458.1,32.06,1.23,6.38,14.03,6.08,10.05,9.52,58.94,0.06,62.14,3.1,205.85,3.93,205.65
2022,7,27,12,1.17,3.58,4.57,161.65,449,24.98,0.95,4.83,14.13,6.28,10.21,9.64,59.38,0.08,62.09,3.63,200.54,4.67,200.34
2022,7,27,13,0.99,3.27,4.23,133.1,410.83,20.52,0.72,3.58,13.5,6.55,10.02,9.83,62.94,0.09,62.05,3.97,200.4,5.16,200.11
2022,7,27,14,0.5,2.75,3.65,70.48,346.55,11.09,0.33,1.7,12.42,6.64,9.53,9.89,67.94,0.09,62.03,4.02,201.33,5.27,201.04
2022,7,27,15,0.53,2.05,2.87,68.35,258.7,10.48,0.25,1.25,10.99,6.6,8.8,9.89,74.5,0.11,62.02,3.68,199.09,4.83,198.79
2022,7,27,16,0.29,1.25,1.95,36.6,154.7,5.51,0.09,0.4,9.98,6.47,8.23,9.77,79,0.12,62.04,3.39,197.18,4.48,197.04
2022,7,27,17,0.09,0.46,0.95,10.38,55.17,1.59,0.01,0.05,7.94,5.87,6.91,9.34,87,0.11,62.13,2.13,194.9,2.8,194.85
2022,7,27,18,0.02,0.03,0.09,1.65,2.75,0.25,0,0,5.98,4.54,5.26,8.48,90.62,0.13,62.25,0.54,139.13,0.7,141.84
2022,7,27,19,0,0,0,0,0,0,0,0,5.31,3.87,4.59,8.12,90.62,0.14,62.27,1.38,70.13,1.82,71.18
2022,7,27,20,0,0,0,0,0,0,0,0,5.24,3.53,4.38,7.93,88.81,0.14,62.28,1.48,59.09,2,58.92
2022,7,27,21,0,0,0,0,0,0,0,0,5.49,3.42,4.46,7.87,86.69,0.12,62.26,0.91,43.6,1.24,43.22
2022,7,27,22,0,0,0,0,0,0,0,0,5.58,3.53,4.55,7.93,86.88,0.09,62.24,0.57,20.92,0.77,18.99
2022,7,27,23,0,0,0,0,0,0,0,0,5.53,3.73,4.63,8.06,88.5,0.08,62.24,0.38,32.38,0.57,32.59
2022,7,28,0,0,0,0,0,0,0,0,0,5.39,3.85,4.62,8.12,90.12,0.08,62.23,0.31,54.29,0.57,56.09
2022,7,28,1,0,0,0,0,0,0,0,0,5.26,3.83,4.55,8.12,90.81,0.09,62.22,0.29,55.01,0.65,57.85
2022,7,28,2,0,0,0,0,0,0,0,0,5.15,3.72,4.44,8.06,90.75,0.09,62.21,0.31,46.01,0.68,49.18
2022,7,28,3,0,0,0,0,0,0,0,0,5.06,3.62,4.33,8,90.62,0.08,62.2,0.38,38.29,0.78,40.91
2022,7,28,4,0,0,0,0,0,0,0,0,5.04,3.42,4.23,7.87,89.56,0.07,62.21,0.46,35.31,0.88,37.07
2022,7,28,5,0.07,0.25,0.59,7.92,29.1,1.15,0,0.02,6.24,3.8,5.01,8.06,84.62,0.04,62.23,0.66,37.82,0.95,37.63
2022,7,28,6,0.44,0.98,1.6,54.2,121.8,8.02,0.09,0.48,8.49,4.72,6.61,8.61,77.38,0.03,62.25,0.33,129.29,0.4,128.66
2022,7,28,7,0.97,1.8,2.55,123.27,225.9,17.93,0.38,1.9,10.98,5.23,8.1,8.91,67.88,0.02,62.28,1.46,192.99,1.77,192.99
2022,7,28,8,1.4,2.54,3.39,179.48,319.45,26.43,0.76,3.95,13.36,5.37,9.36,9.03,58.56,0.02,62.29,2.52,199.16,3.13,199.11
2022,7,28,9,1.63,3.12,4.05,211.4,392.6,32.02,1.09,5.4,15.22,5.67,10.44,9.22,53.12,0.02,62.29,3.35,201.31,4.22,201.29
2022,7,28,10,1.84,3.51,4.48,240.1,440.4,36.47,1.36,6.88,16.41,6.05,11.23,9.46,50.56,0.03,62.27,3.99,202.2,5.08,202.23
2022,7,28,11,1.81,3.71,4.66,247.77,468.6,38.14,1.48,7.75,16.83,6.43,11.63,9.77,50.56,0.04,62.24,4.43,203.04,5.69,203.04
2022,7,28,12,1.74,3.63,4.57,232.77,457.5,35.75,1.35,6.98,16.78,6.78,11.78,10.01,52,0.06,62.19,4.75,203.53,6.15,203.5
2022,7,28,13,1.4,3.31,4.22,183.55,417.58,28.35,0.99,4.92,16.23,7.11,11.66,10.25,55.06,0.06,62.14,4.95,204.02,6.45,204.08
2022,7,28,14,0.94,2.77,3.64,125.95,350.3,19.51,0.6,3.17,15.25,7.33,11.29,10.38,59.56,0.06,62.11,4.96,206.36,6.51,206.35
2022,7,28,15,1.07,2.06,2.86,136.55,260.45,20.29,0.49,2.5,14.06,7.4,10.73,10.44,64.5,0.05,62.1,4.8,208.77,6.36,208.71
2022,7,28,16,0.63,1.24,1.94,78.65,153.77,11.43,0.18,0.88,12.58,7.37,9.98,10.44,70.88,0.05,62.1,4.42,210.23,5.91,210.16
2022,7,28,17,0.2,0.45,0.94,23.4,53.6,3.28,0.02,0.1,10.69,7.51,9.1,10.5,81.12,0.29,62.14,3.49,210.24,4.72,210.13
2022,7,28,18,0.03,0.02,0.09,2.08,2.6,0.31,0,0,9.39,7.76,8.58,10.68,90.12,0.33,62.21,2.34,210.34,3.15,210.26
2022,7,28,19,0,0,0,0,0,0,0,0,9.03,7.95,8.49,10.8,93.5,0.35,62.23,1.82,204.91,2.44,205.01
2022,7,28,20,0,0,0,0,0,0,0,0,8.9,8,8.45,10.86,94.56,0.27,62.25,1.54,187.56,2.1,187.5
2022,7,28,21,0,0,0,0,0,0,0,0,8.71,8.03,8.37,10.86,96.06,0.27,62.28,1.46,175.7,2.01,175.76
2022,7,28,22,0,0,0,0,0,0,0,0,8.49,7.98,8.23,10.86,97.19,0.29,62.28,1.49,172.46,2.1,172.53
2022,7,28,23,0,0,0,0,0,0,0,0,8.28,7.87,8.07,10.74,97.81,0.27,62.25,1.54,178.55,2.2,178.98
2022,7,29,0,0,0,0,0,0,0,0,0,8.12,7.78,7.94,10.68,98.31,0.22,62.23,1.65,188.7,2.39,189.22
2022,7,29,1,0,0,0,0,0,0,0,0,7.9,7.65,7.78,10.62,98.94,0.14,62.22,1.47,195.07,2.2,195.47
2022,7,29,2,0,0,0,0,0,0,0,0,7.64,7.41,7.53,10.44,99.19,0.07,62.2,1.13,201.07,1.77,201
2022,7,29,3,0,0,0,0,0,0,0,0,7.31,7.05,7.18,10.19,98.88,0.04,62.17,0.88,194.41,1.47,191.97
2022,7,29,4,0,0,0,0,0,0,0,0,7.08,6.78,6.93,10.01,98.56,0.02,62.17,0.68,194.68,1.18,190.71
2022,7,29,5,0.08,0.22,0.58,8.95,24.8,1.28,0.01,0.02,7.37,6.6,6.98,9.83,95.31,0.14,62.2,0.99,189.54,1.32,189.91
2022,7,29,6,0.38,0.91,1.59,45.52,110.38,6.57,0.08,0.38,8.17,6.55,7.37,9.83,89.88,0.18,62.23,1.41,203.16,1.78,203.76
2022,7,29,7,0.56,1.72,2.55,71.77,213.45,10.74,0.22,1.1,9.69,6.65,8.17,9.89,81.75,0.27,62.26,2.01,208.36,2.52,208.47
2022,7,29,8,0.84,2.48,3.39,111.95,309.52,16.85,0.47,2.45,11.49,6.65,9.07,9.89,72.56,0.31,62.27,2.61,204.19,3.29,204.25
2022,7,29,9,1,3.08,4.04,136.73,385.85,20.95,0.69,3.42,12.94,6.64,9.8,9.89,66,0.44,62.28,3.21,199.8,4.08,199.82
2022,7,29,10,1.51,3.47,4.48,204.58,433.85,30.75,1.11,5.55,13.86,6.85,10.36,10.07,63.12,0.69,62.25,3.79,197.39,4.86,197.41
2022,7,29,11,1.46,3.52,4.65,200.88,436.6,29.58,1.09,5.62,14.28,7.23,10.76,10.31,63.12,0.97,62.21,4.33,196.24,5.59,196.23
2022,7,29,12,1.45,3.42,4.57,194.62,424.48,28.55,1.02,5.23,14.27,7.62,10.94,10.62,64.69,1.14,62.17,4.68,197.07,6.09,197.09
2022,7,29,13,1.5,3.1,4.22,196.65,383.52,28.45,0.95,4.73,13.86,7.8,10.83,10.74,67.25,1.11,62.14,4.77,199.62,6.23,199.64
2022,7,29,14,0.96,2.55,3.64,126.42,313.95,18.48,0.54,2.85,13.23,7.8,10.51,10.74,70.06,0.94,62.1,4.66,203.51,6.13,203.52
2022,7,29,15,0.75,1.84,2.86,94.5,224.02,13.38,0.3,1.52,12.48,7.85,10.16,10.8,73.94,0.76,62.07,4.45,206.57,5.92,206.57
2022,7,29,16,0.46,1.05,1.93,57.5,123.48,8.02,0.12,0.58,11.68,8.06,9.87,10.99,79.12,0.61,62.05,4.26,209.67,5.75,209.63
2022,7,29,17,0.15,0.36,0.93,17,40.62,2.35,0.01,0.05,10.5,8.46,9.48,11.29,88,0.61,62.05,3.64,212.29,5.01,212.25
2022,7,29,18,0.03,0.02,0.09,1.85,2,0.27,0,0,9.65,8.87,9.26,11.6,95.81,0.67,62.08,2.41,211.63,3.41,211.32
2022,7,29,19,0,0,0,0,0,0,0,0,9.4,8.98,9.19,11.66,98.06,0.64,62.14,1.63,210.87,2.44,210.18
2022,7,29,20,0,0,0,0,0,0,0,0,9.4,9.05,9.22,11.72,98.62,0.55,62.16,1.65,209.48,2.47,209.16
2022,7,29,21,0,0,0,0,0,0,0,0,9.16,8.89,9.03,11.6,99.12,0.54,62.16,1.55,212.65,2.37,212.07
2022,7,29,22,0,0,0,0,0,0,0,0,8.96,8.72,8.84,11.47,99.31,0.52,62.14,1.39,217,2.16,215.87
2022,7,29,23,0,0,0,0,0,0,0,0,8.65,8.46,8.55,11.29,99.94,0.41,62.1,1.15,223.9,1.86,220.91
2022,7,30,0,0,0,0,0,0,0,0,0,8.48,8.19,8.33,11.11,99.5,0.3,62.06,0.91,225.35,1.54,220.25
2022,7,30,1,0,0,0,0,0,0,0,0,8.31,7.96,8.13,10.93,98.94,0.2,62.02,0.68,220.31,1.19,212.96
2022,7,30,2,0,0,0,0,0,0,0,0,7.94,7.57,7.76,10.62,98.69,0.14,62.01,0.45,209.25,0.9,198.12
2022,7,30,3,0,0,0,0,0,0,0,0,7.5,7.13,7.31,10.31,98.56,0.11,62.02,0.35,187.59,0.79,177.17
2022,7,30,4,0,0,0,0,0,0,0,0,6.96,6.6,6.78,9.95,98.69,0.1,62.03,0.31,154.72,0.7,149.15
2022,7,30,5,0.11,0.17,0.57,11.95,19.75,1.55,0.01,0.02,7.38,6.45,6.91,9.89,95.06,0.19,62.04,0.6,123.9,0.84,123.25
2022,7,30,6,0.57,0.78,1.58,66.35,91.08,8.85,0.09,0.48,8.05,6.55,7.3,9.89,91.31,0.22,62.05,1.1,173.08,1.39,173.23
2022,7,30,7,1.06,1.59,2.54,128.62,191.02,17.59,0.35,1.73,9.42,6.96,8.19,10.19,85.38,0.17,62.07,2.46,204.04,3.18,203.79
2022,7,30,8,1.3,2.38,3.38,164.77,293.05,23.59,0.65,3.38,11.3,6.94,9.12,10.13,75,0.27,62.09,3.35,206.92,4.33,206.84
2022,7,30,9,1.57,3,4.04,203.58,372.02,29.72,0.98,4.88,12.82,6.9,9.87,10.07,67.62,0.81,62.1,4.06,203.36,5.27,203.22
2022,7,30,10,1.81,3.41,4.47,237.1,423.65,34.76,1.25,6.25,13.49,7.23,10.36,10.31,66.19,1.63,62.09,4.75,200.19,6.23,200.09
2022,7,30,11,1.64,3.52,4.65,220.77,434.33,32.2,1.19,6.17,13.8,7.56,10.68,10.56,66.38,0.21,62.06,5.32,199.74,7.03,199.62
2022,7,30,12,1.64,3.44,4.56,218.45,425.75,31.93,1.16,5.9,13.78,7.73,10.75,10.68,67.12,0.24,62.01,5.7,201.54,7.58,201.46
2022,7,30,13,1.36,3.13,4.22,178.85,386.8,26.3,0.89,4.42,13.28,7.74,10.51,10.68,69.38,0.25,61.98,5.84,203.89,7.81,203.77
2022,7,30,14,1.06,2.6,3.63,139.52,320.52,20.51,0.61,3.23,12.54,7.58,10.05,10.56,72.06,0.25,61.96,5.48,205.51,7.32,205.39
2022,7,30,15,0.84,1.9,2.85,106.27,233.6,15.38,0.37,1.83,11.8,7.51,9.65,10.56,75.31,0.22,61.93,4.72,205.89,6.29,205.86
2022,7,30,16,0.39,1.13,1.93,47.45,136.35,6.61,0.09,0.48,10.94,7.46,9.2,10.5,79.5,0.2,61.91,3.84,206.62,5.1,206.45
2022,7,30,17,0.18,0.4,0.92,20.27,47.23,2.75,0.02,0.08,9.77,7.59,8.69,10.62,86.75,0.1,61.91,2.78,204.26,3.73,204.21
2022,7,30,18,0.03,0.02,0.08,1.88,2.12,0.27,0,0,8.78,7.93,8.35,10.86,95,0.09,61.94,1.67,190.78,2.3,190.58
2022,7,30,19,0,0,0,0,0,0,0,0,8.59,8.07,8.33,10.99,97.19,0.07,61.98,1.26,177.51,1.78,176.74
2022,7,30,20,0,0,0,0,0,0,0,0,8.48,8.12,8.3,10.99,98.31,0.05,62,1.08,189.12,1.64,188.21
2022,7,30,21,0,0,0,0,0,0,0,0,8.34,8.15,8.25,11.05,99.38,0.06,61.99,1.13,196.05,1.79,194.95
2022,7,30,22,0,0,0,0,0,0,0,0,8.03,8.11,8.07,10.99,100,0.07,61.97,1.17,195.89,1.98,195.29
2022,7,30,23,0,0,0,0,0,0,0,0,7.69,7.92,7.8,10.86,100,0.09,61.92,1.29,195.47,2.2,195.42
2022,7,31,0,0,0,0,0,0,0,0,0,7.31,7.59,7.45,10.62,100,0.08,61.88,1.23,200.51,2.17,200.65
2022,7,31,1,0,0,0,0,0,0,0,0,6.99,7.25,7.12,10.38,100,0.07,61.89,1.1,208.74,2.07,208.21
2022,7,31,2,0,0,0,0,0,0,0,0,6.61,6.76,6.69,10.07,100,0.07,61.88,0.99,210.42,1.87,209.57
2022,7,31,3,0,0,0,0,0,0,0,0,6.31,6.35,6.33,9.77,100,0.07,61.88,0.85,204.44,1.55,202.82
2022,7,31,4,0,0,0,0,0,0,0,0,6.09,6.08,6.08,9.58,100,0.07,61.87,0.75,195.62,1.35,192.35
2022,7,31,5,0.11,0.19,0.56,12.33,22.1,1.68,0.01,0.02,6.78,6.17,6.48,9.64,96.69,0.01,61.88,1.09,188.25,1.5,187.46
2022,7,31,6,0.45,0.84,1.58,51.52,98.98,6.96,0.08,0.38,7.86,6.11,6.98,9.58,89.38,0.01,61.89,1.61,191.47,2.02,191.83
2022,7,31,7,0.82,1.6,2.54,99.8,194.2,13.98,0.28,1.4,9.83,6.23,8.02,9.64,78.75,0.01,61.91,2.23,196.91,2.8,197.02
2022,7,31,8,1.07,2.34,3.38,139.02,286.75,20.27,0.57,2.95,11.88,6.1,8.99,9.58,68.06,0.01,61.92,2.8,200.91,3.54,200.84
2022,7,31,9,1.42,2.95,4.04,185.95,363.42,27.15,0.9,4.48,13.48,6.19,9.83,9.64,61.75,0.02,61.91,3.39,201.95,4.3,201.96
2022,7,31,10,1.59,3.37,4.47,211.3,416.6,31.13,1.14,5.67,14.37,6.43,10.4,9.83,59.25,0.02,61.89,4.16,202.04,5.37,201.94
2022,7,31,11,1.74,3.52,4.65,236.17,437.73,34.55,1.29,6.67,14.52,6.75,10.64,10.01,59.94,0.02,61.88,4.78,201.45,6.24,201.3
2022,7,31,12,1.68,3.47,4.56,219.33,430.9,32.41,1.19,6,14.28,7.03,10.65,10.19,61.94,0.02,61.85,4.98,202.42,6.51,202.38
2022,7,31,13,1.4,3.15,4.21,184.6,391.77,27.29,0.94,4.65,14.08,7.19,10.63,10.31,63.44,0.02,61.81,4.89,203.62,6.39,203.56
2022,7,31,14,1.3,2.62,3.63,165.98,325.4,24.31,0.72,3.8,13.52,7.33,10.42,10.44,66.31,0.02,61.78,4.69,203.75,6.17,203.68
2022,7,31,15,0.89,1.92,2.84,112.75,236.42,16.14,0.38,1.9,12.77,7.62,10.2,10.62,71.12,0.02,61.76,4.42,202.67,5.87,202.64
2022,7,31,16,0.53,1.12,1.92,65.42,135.9,9.3,0.14,0.67,11.87,8,9.94,10.93,77.5,0.02,61.76,4.02,201.53,5.38,201.46
2022,7,31,17,0.16,0.39,0.91,18.52,45.38,2.55,0.02,0.05,10.74,8.38,9.56,11.23,85.62,0.03,61.79,3.3,200.49,4.49,200.45
2022,7,31,18,0.02,0.02,0.08,1.2,1.98,0.19,0,0,9.65,8.73,9.19,11.47,94.44,0.03,61.83,2.19,196.82,3.06,196.63
2022,7,31,19,0,0,0,0,0,0,0,0,9.37,8.89,9.12,11.6,97.38,0.03,61.85,1.65,199.64,2.39,199.44
2022,7,31,20,0,0,0,0,0,0,0,0,9.07,8.9,8.99,11.6,99.44,0.03,61.87,1.27,203.89,2,203.26
2022,7,31,21,0,0,0,0,0,0,0,0,8.62,8.77,8.69,11.54,100,0.03,61.88,1.1,204.21,1.93,203.35
2022,7,31,22,0,0,0,0,0,0,0,0,8.19,8.55,8.37,11.35,100,0.03,61.86,1.08,206.57,2.01,205.87
2022,7,31,23,0,0,0,0,0,0,0,0,7.82,8.27,8.05,11.11,100,0.03,61.86,1.04,205.22,2.04,203.92
2022,8,1,0,0,0,0,0,0,0,0,0,7.73,8.13,7.93,11.05,100,0.03,61.86,0.9,207.23,1.86,205.38
2022,8,1,1,0,0,0,0,0,0,0,0,7.69,8.03,7.86,10.99,100,0.03,61.84,0.76,214.18,1.63,212.47
2022,8,1,2,0,0,0,0,0,0,0,0,7.69,7.97,7.83,10.93,100,0.02,61.83,0.7,219.56,1.44,219.29
2022,8,1,3,0,0,0,0,0,0,0,0,7.62,7.84,7.73,10.86,100,0.02,61.82,0.68,225.47,1.36,225.93
2022,8,1,4,0.02,0,0,0,0.02,0,0,0,7.44,7.65,7.55,10.74,100,0.02,61.83,0.69,230.94,1.3,231.61
2022,8,1,5,0.05,0.19,0.55,5.3,21.42,0.78,0,0,8.39,7.86,8.12,10.86,97.56,0.07,61.84,0.78,237.26,1.25,235.91
2022,8,1,6,0.46,0.89,1.57,56.12,105.92,7.99,0.09,0.42,10.11,8.12,9.12,11.11,88.75,0.07,61.87,1.67,233.56,2.14,233
2022,8,1,7,0.94,1.7,2.53,114.38,209.35,16.27,0.34,1.65,12.09,8.05,10.07,11.05,77.5,0.08,61.91,2.58,228.93,3.31,228.74
2022,8,1,8,1.24,2.46,3.37,158.83,304.4,23.08,0.64,3.35,14.01,7.72,10.87,10.8,66.75,0.09,61.94,3.48,222.27,4.49,222.18
2022,8,1,9,1.54,3.06,4.03,200.98,379.48,29.45,0.98,4.92,15.56,7.6,11.58,10.68,59.81,0.12,61.95,4.29,215.6,5.58,215.65
2022,8,1,10,1.6,3.46,4.47,211.45,428.62,31.41,1.13,5.65,16.18,7.74,11.96,10.8,58,0.15,61.93,4.95,211.63,6.49,211.6
2022,8,1,11,1.65,3.62,4.65,220.95,449.08,32.94,1.23,6.35,16.55,8,12.28,10.99,57.56,0.18,61.9,5.42,209.82,7.13,209.74
2022,8,1,12,1.34,3.54,4.56,183.38,439.5,27.62,1.02,5.17,16.55,8.11,12.33,11.05,57.94,0.2,61.86,5.66,208.37,7.47,208.33
2022,8,1,13,1.22,3.22,4.21,161.27,399.83,24.36,0.84,4.2,16.17,8.14,12.15,11.05,59.31,0.19,61.83,5.58,207.5,7.39,207.46
2022,8,1,14,1.21,2.69,3.62,158.08,334.65,23.34,0.7,3.67,15.48,8.13,11.81,11.05,61.94,0.17,61.81,5.29,207.13,7.03,207.11
2022,8,1,15,0.84,1.99,2.84,108.15,247.1,15.66,0.36,1.83,14.52,8.22,11.37,11.11,66.19,0.15,61.8,4.81,207.02,6.4,206.94
2022,8,1,16,0.49,1.2,1.91,60.6,147.62,8.53,0.12,0.6,12.99,8.39,10.69,11.23,74,0.1,61.81,4.05,207.06,5.43,206.97
2022,8,1,17,0.16,0.43,0.9,18.02,50.67,2.44,0.02,0.05,11.3,8.66,9.98,11.41,84.25,0.06,61.83,2.99,206.23,4.06,206.17
2022,8,1,18,0.02,0.02,0.07,1.42,2,0.22,0,0,10.1,9.03,9.57,11.72,93.56,0.05,61.86,1.97,203.32,2.71,203.24
2022,8,1,19,0,0,0,0,0,0,0,0,9.79,9.19,9.49,11.84,96.56,0.04,61.87,1.43,205.3,2.02,205.18
2022,8,1,20,0,0,0,0,0,0,0,0,9.44,9.17,9.3,11.84,98.81,0.05,61.85,0.83,218.16,1.37,216.87
2022,8,1,21,0,0,0,0,0,0,0,0,8.98,9.01,8.99,11.72,100,0.07,61.84,0.68,214.78,1.32,211.72
2022,8,1,22,0,0,0,0,0,0,0,0,8.58,8.84,8.71,11.6,100,0.08,61.89,0.78,193.9,1.55,192.84
2022,8,1,23,0,0,0,0,0,0,0,0,8.25,8.56,8.4,11.35,100,0.11,61.89,0.74,197.86,1.57,196.81
2022,8,2,0,0,0,0,0,0,0,0,0,7.9,8.21,8.05,11.11,100,0.12,61.85,0.67,209.25,1.44,208.09
2022,8,2,1,0,0,0,0,0,0,0,0,7.66,7.98,7.82,10.93,100,0.13,61.81,0.63,213.89,1.33,212.29
2022,8,2,2,0,0,0,0,0,0,0,0,7.47,7.76,7.61,10.74,100,0.12,61.78,0.59,206.57,1.19,206.4
2022,8,2,3,0,0,0,0,0,0,0,0,7.3,7.59,7.44,10.62,100,0.11,61.78,0.58,196.48,1.08,195.55
2022,8,2,4,0,0,0,0,0,0,0,0,7.3,7.47,7.38,10.56,100,0.1,61.8,0.55,183.27,0.95,181.42
2022,8,2,5,0.08,0.18,0.54,9.55,20.8,1.33,0.01,0.02,8.14,7.68,7.91,10.74,97.75,0.04,61.84,0.51,173.85,0.78,173.09
2022,8,2,6,0.49,0.85,1.56,57.6,101.08,7.88,0.09,0.42,10.1,7.76,8.93,10.8,86.44,0.04,61.87,0.69,191.82,0.85,191.62
2022,8,2,7,0.89,1.65,2.53,109.62,201.6,15.27,0.31,1.52,12.51,7.35,9.93,10.56,71.88,0.04,61.91,1.27,209.4,1.57,209.11
2022,8,2,8,1.26,2.4,3.37,162.1,296.7,23.12,0.65,3.38,14.78,6.65,10.71,10.07,59.44,0.04,61.95,2.22,208.64,2.76,208.23
2022,8,2,9,1.74,3,4.03,224.67,371.88,32.4,1.07,5.35,16.32,6.54,11.43,10.01,53.5,0.04,61.96,3.19,205.87,4.03,205.77
2022,8,2,10,1.94,3.4,4.46,253.3,422,36.72,1.34,6.7,17.11,6.88,12,10.25,52.12,0.05,61.95,3.98,205.61,5.1,205.43
2022,8,2,11,2.11,3.7,4.64,281.92,465.33,42.8,1.63,8.48,17.36,7.33,12.34,10.56,52.81,0.05,61.92,4.53,206.43,5.86,206.36
2022,8,2,12,1.91,3.63,4.56,254.83,455.3,38.9,1.46,7.48,17.16,7.71,12.44,10.86,54.75,0.06,61.88,4.88,207.55,6.37,207.48
2022,8,2,13,1.68,3.32,4.2,217.55,416.92,33.26,1.16,5.77,16.83,7.93,12.38,10.99,56.5,0.06,61.85,5.07,208.66,6.66,208.61
2022,8,2,14,1.23,2.79,3.62,160.33,352.12,24.34,0.74,3.88,15.55,8.19,11.87,11.11,62.12,0.07,61.83,4.89,210.09,6.49,209.96
2022,8,2,15,0.91,2.1,2.83,116.9,265.67,17.32,0.41,2.1,14.17,8.45,11.31,11.29,69.06,0.06,61.82,4.41,211.16,5.88,211.03
2022,8,2,16,0.52,1.3,1.9,64.52,164.85,9.34,0.14,0.67,12.82,8.61,10.72,11.41,76.19,0.06,61.84,3.82,211.29,5.15,211.16
2022,8,2,17,0.19,0.49,0.89,22.8,59.9,2.97,0.02,0.08,11.47,8.93,10.19,11.66,84.94,0.19,61.87,2.98,210.6,4.05,210.53
2022,8,2,18,0.03,0.02,0.07,1.75,2.1,0.27,0,0,10.42,9.25,9.83,11.9,93,0.19,61.91,2.08,209.26,2.84,209.1
2022,8,2,19,0,0,0,0,0,0,0,0,10.13,9.4,9.77,12.02,95.81,0.19,61.95,1.63,207.67,2.27,207.45
2022,8,2,20,0,0,0,0,0,0,0,0,9.89,9.4,9.65,12.02,97.44,0.19,61.99,1.08,211.96,1.62,210.77
2022,8,2,21,0,0,0,0,0,0,0,0,9.55,9.32,9.44,11.9,99.06,0.18,62,0.82,223.85,1.44,221.04
2022,8,2,22,0,0,0,0,0,0,0,0,9.28,9.19,9.23,11.84,99.94,0.18,61.97,0.8,238.94,1.49,234.15
2022,8,2,23,0,0,0,0,0,0,0,0,8.86,8.99,8.93,11.66,100,0.2,61.94,0.73,234.96,1.5,229.43
2022,8,3,0,0,0,0,0,0,0,0,0,8.62,8.81,8.72,11.54,100,0.21,61.94,0.75,232.65,1.56,227.84
2022,8,3,1,0,0,0,0,0,0,0,0,8.48,8.6,8.55,11.41,100,0.23,61.91,0.77,248.09,1.55,241.11
2022,8,3,2,0,0,0,0,0,0,0,0,8.29,8.33,8.31,11.17,100,0.26,61.87,0.66,250.07,1.24,244.24
2022,8,3,3,0,0,0,0,0,0,0,0,8.05,8.05,8.05,10.99,100,0.23,61.88,0.47,225.67,0.85,226.12
2022,8,3,4,0,0,0,0,0,0,0,0,7.94,7.89,7.91,10.86,100,0.16,61.92,0.43,185.19,0.78,186.34
2022,8,3,5,0.05,0.2,0.53,5.7,23.38,0.8,0,0.02,8.65,8.18,8.42,11.11,97.88,0.24,61.97,0.73,168.93,1.2,170.6
2022,8,3,6,0.52,0.9,1.55,61.08,110.08,8.09,0.09,0.42,9.7,8.63,9.17,11.47,94.06,0.13,62.01,1.64,184.11,2.15,184.17
2022,8,3,7,0.86,1.68,2.52,106.73,206.95,15.29,0.32,1.58,10.79,8.82,9.8,11.6,88.62,0.1,62.04,2.44,201.97,3.22,202.21
2022,8,3,8,1.54,2.42,3.36,194.6,300.35,28.05,0.78,4.12,11.83,8.76,10.3,11.54,82.25,0.08,62.08,3.07,207.22,4.05,207.45
2022,8,3,9,1.71,3.03,4.03,222.55,377.27,32.76,1.11,5.55,12.94,8.62,10.78,11.41,75.75,0.1,62.11,3.64,212.91,4.79,213.09
2022,8,3,10,1.71,3.41,4.46,220.33,424.2,32.89,1.2,6.05,13.69,8.51,11.1,11.29,71.56,0.16,62.1,4.12,216.91,5.46,216.85
2022,8,3,11,1.84,3.69,4.64,246.12,467.52,37.88,1.46,7.58,14,8.53,11.26,11.29,70.12,0.22,62.09,4.25,220.3,5.63,220.1
2022,8,3,12,1.85,3.6,4.55,248.42,455.5,38.02,1.45,7.38,13.89,8.44,11.16,11.23,70.19,0.25,62.06,4.12,220.39,5.47,220.08
2022,8,3,13,1.58,3.28,4.2,205.35,415.12,31.09,1.09,5.42,13.55,8.37,10.95,11.23,71.5,0.24,62.04,3.82,217.85,5.07,217.49
2022,8,3,14,1.82,2.74,3.61,234.67,347.67,34.22,1.04,5.5,13.02,8.32,10.67,11.17,73.81,0.2,62.02,3.44,211.92,4.57,211.57
2022,8,3,15,1.16,2.04,2.82,147.65,259.1,21.65,0.51,2.58,12.3,8.33,10.31,11.17,77.44,0.18,62.03,3.04,206.37,4.05,206.12
2022,8,3,16,0.63,1.22,1.89,77.85,152.73,11.12,0.16,0.8,11.4,8.39,9.9,11.23,82.44,0.17,62.05,2.68,201.77,3.58,201.52
2022,8,3,17,0.18,0.42,0.88,21.25,50.12,2.98,0.02,0.08,10.44,8.48,9.46,11.29,88.31,0.14,62.08,2.22,194.87,3.01,194.72
2022,8,3,18,0.02,0.02,0.06,1.55,1.75,0.23,0,0,9.51,8.69,9.1,11.41,95.12,0.14,62.13,1.54,184.96,2.16,184.56
2022,8,3,19,0,0,0,0,0,0,0,0,9.05,8.65,8.85,11.35,97.88,0.16,62.17,1.05,181.71,1.63,179.73
2022,8,3,20,0,0,0,0,0,0,0,0,8.59,8.48,8.54,11.23,99.69,0.17,62.19,0.92,188.27,1.63,186.04
2022,8,3,21,0,0,0,0,0,0,0,0,8.23,8.3,8.26,11.11,100,0.13,62.19,0.89,192.69,1.68,191.26
2022,8,3,22,0,0,0,0,0,0,0,0,7.92,8.11,8.01,10.93,100,0.11,62.18,0.9,195.12,1.75,194.78
2022,8,3,23,0,0,0,0,0,0,0,0,7.8,7.95,7.87,10.8,100,0.12,62.16,0.86,199.09,1.68,199.62
2022,8,4,0,0,0,0,0,0,0,0,0,7.73,7.81,7.76,10.74,100,0.13,62.12,0.81,202.83,1.59,203.42
2022,8,4,1,0,0,0,0,0,0,0,0,7.54,7.65,7.6,10.62,100,0.18,62.07,0.75,203.9,1.53,204.35
2022,8,4,2,0,0,0,0,0,0,0,0,7.22,7.43,7.32,10.44,100,0.3,62.05,0.78,204.78,1.63,204.1
2022,8,4,3,0,0,0,0,0,0,0,0,7.12,7.31,7.22,10.38,100,0.25,62.08,0.77,204.49,1.59,203.42
2022,8,4,4,0,0,0,0,0,0,0,0,6.98,7.19,7.09,10.31,100,0.14,62.09,0.71,199.23,1.5,197.87
2022,8,4,5,0.04,0.16,0.52,4.35,19.33,0.63,0,0,7.75,7.5,7.62,10.5,98.94,0.06,62.11,1.16,191.69,1.78,191.16
2022,8,4,6,0.36,0.77,1.55,41.6,91.4,5.74,0.06,0.33,8.96,7.76,8.37,10.74,92.94,0.06,62.17,2.03,194.04,2.65,194
2022,8,4,7,0.77,1.55,2.52,93.02,187.45,13.15,0.27,1.35,10.55,7.73,9.15,10.68,83.31,0.04,62.19,2.4,192.59,3.04,192.61
2022,8,4,8,1.3,2.29,3.36,163.67,280.92,23.16,0.64,3.38,12.68,7.4,10.04,10.44,70.81,0.02,62.18,2.66,193.22,3.34,193.26
2022,8,4,9,1.88,2.91,4.02,235.75,357.8,33.16,1.08,5.42,14.68,7.3,10.99,10.38,61.75,0.01,62.16,3.27,193.8,4.12,193.83
2022,8,4,10,2.04,3.31,4.46,264.62,408.77,37.56,1.37,6.88,15.88,7.51,11.69,10.56,57.94,0.05,62.13,3.98,195.24,5.08,195.23
2022,8,4,11,1.87,3.54,4.64,245.85,440.88,36.41,1.38,7.15,16.51,7.72,12.12,10.68,56.44,0.12,62.08,4.59,198.99,5.93,198.91
2022,8,4,12,1.89,3.44,4.55,249.1,428.62,36.27,1.34,6.85,16.27,7.8,12.04,10.74,57.5,0.18,62.03,4.9,202.89,6.4,202.84
2022,8,4,13,1.66,3.11,4.2,216.45,387.38,31.51,1.09,5.35,15.31,7.93,11.62,10.86,61.69,0.27,62.01,4.91,205.26,6.46,205.14
2022,8,4,14,1.17,2.57,3.61,152.77,318.7,22.3,0.67,3.58,14.24,7.97,11.1,10.86,66.19,0.35,61.99,4.64,206.52,6.12,206.43
2022,8,4,15,0.9,1.85,2.82,114.55,227.88,16.4,0.38,1.95,13.08,7.94,10.51,10.86,71.25,0.42,62,4.16,207,5.52,206.86
2022,8,4,16,0.5,1.06,1.88,61.42,127.9,8.69,0.12,0.62,11.75,7.91,9.83,10.8,77.56,0.48,62.01,3.56,205.78,4.75,205.64
2022,8,4,17,0.15,0.34,0.87,16.9,39.92,2.38,0.02,0.05,10.36,7.91,9.14,10.8,85.12,0.42,62.05,2.85,204.11,3.85,203.92
2022,8,4,18,0.02,0.01,0.06,1.27,1.42,0.19,0,0,9.11,8.06,8.58,10.93,93.5,0.4,62.08,2.12,200.24,2.91,200.09
2022,8,4,19,0,0,0,0,0,0,0,0,8.59,8.04,8.32,10.93,96.75,0.29,62.11,1.61,198.08,2.27,197.81
2022,8,4,20,0,0,0,0,0,0,0,0,8.24,7.86,8.05,10.74,97.88,0.17,62.14,1.37,197.2,1.98,196.5
2022,8,4,21,0,0,0,0,0,0,0,0,7.94,7.58,7.76,10.56,98.06,0.09,62.15,1.28,195.22,1.86,194.56
2022,8,4,22,0,0,0,0,0,0,0,0,7.48,7.25,7.37,10.31,98.88,0.07,62.13,1,197.3,1.58,195.48
2022,8,4,23,0,0,0,0,0,0,0,0,7.04,6.96,7,10.13,99.88,0.12,62.09,0.9,204.11,1.58,200.59
2022,8,5,0,0,0,0,0,0,0,0,0,6.72,6.74,6.73,9.95,100,0.13,62.04,0.85,203.27,1.56,198.71
2022,8,5,1,0,0,0,0,0,0,0,0,6.41,6.5,6.45,9.83,100,0.11,62.02,0.82,200.17,1.52,195.18
2022,8,5,2,0,0,0,0,0,0,0,0,6.2,6.27,6.24,9.64,100,0.1,62,0.76,204.2,1.42,198.24
2022,8,5,3,0,0,0,0,0,0,0,0,6.11,6.1,6.1,9.52,100,0.1,61.99,0.7,209.43,1.28,202.65
2022,8,5,4,0,0,0,0,0,0,0,0,5.96,5.94,5.95,9.46,100,0.11,62.01,0.64,206.25,1.13,199.31
2022,8,5,5,0.04,0.15,0.51,4.38,17.85,0.59,0,0,6.57,6.05,6.31,9.52,96.81,0.05,62.06,0.83,189.73,1.17,189.21
2022,8,5,6,0.3,0.73,1.54,34.4,85.55,4.65,0.05,0.25,7.69,6.15,6.92,9.58,90.31,0.05,62.08,0.97,197.41,1.21,198.79
2022,8,5,7,0.67,1.48,2.51,82.25,177.62,11.22,0.23,1.12,9.82,6.37,8.09,9.7,79.44,0.05,62.1,1.32,207.47,1.63,208.28
2022,8,5,8,1.02,2.22,3.36,130.05,269.9,18.09,0.49,2.6,12.24,6.52,9.38,9.83,68.38,0.04,62.11,2.17,201.11,2.71,201.1
2022,8,5,9,1.45,2.84,4.02,181.95,347.77,25.61,0.84,4.2,14.45,6.81,10.63,10.01,60.44,0.04,62.11,3.1,197.43,3.94,197.29
2022,8,5,10,2,3.29,4.46,259.62,405.92,36.41,1.31,6.6,15.72,7.26,11.49,10.38,57.56,0.03,62.08,3.97,195.87,5.11,195.89
2022,8,5,11,2.2,3.53,4.63,290.12,438.45,41.8,1.56,8.23,16.15,7.65,11.9,10.68,57.5,0.03,62.04,4.51,196.52,5.87,196.48
2022,8,5,12,2.47,3.46,4.54,317.85,429.48,45.36,1.66,8.65,16.19,7.98,12.08,10.93,58.69,0.03,62,4.78,197.4,6.26,197.44
2022,8,5,13,2.22,3.14,4.19,282.52,389.48,40.21,1.37,6.9,15.87,8.2,12.03,11.05,60.75,0.03,61.95,4.85,199.95,6.39,200.01
2022,8,5,14,1.96,2.59,3.6,245.65,321.2,34.03,0.99,5.17,15.45,8.26,11.86,11.11,62.5,0.03,61.92,4.86,202.78,6.43,202.8
2022,8,5,15,1.4,1.87,2.81,174.67,230.23,23.73,0.54,2.7,14.52,8.05,11.29,10.93,65.31,0.03,61.91,4.61,204,6.13,203.98
2022,8,5,16,0.79,1.05,1.87,95.52,127.23,12.53,0.17,0.85,12.88,7.94,10.41,10.86,72.06,0.02,61.92,3.94,205.14,5.28,205.12
2022,8,5,17,0.29,0.34,0.85,33.42,39.8,4.3,0.02,0.1,11.12,8.05,9.58,10.93,81.5,0.01,61.94,3.04,206.04,4.14,205.94
2022,8,5,18,0.02,0.01,0.05,1.1,1.27,0.16,0,0,9.72,8.28,9,11.11,91,0.01,61.97,2.29,203.15,3.15,203.07
2022,8,5,19,0,0,0,0,0,0,0,0,9.13,8.41,8.77,11.17,95.62,0.01,62.02,1.97,193.27,2.74,193.2
2022,8,5,20,0,0,0,0,0,0,0,0,8.95,8.3,8.62,11.11,96.06,0.01,62.05,1.93,193.81,2.68,193.83
2022,8,5,21,0,0,0,0,0,0,0,0,8.73,8.08,8.4,10.93,96,0.02,62.03,1.8,201.11,2.51,201.14
2022,8,5,22,0,0,0,0,0,0,0,0,8.48,7.99,8.23,10.86,97.19,0.01,62,1.7,200.77,2.4,200.56
2022,8,5,23,0,0,0,0,0,0,0,0,8.26,7.83,8.05,10.8,97.69,0.01,61.97,1.57,202.6,2.26,202.13
2022,8,6,0,0,0,0,0,0,0,0,0,7.93,7.61,7.76,10.62,98.62,0.01,61.92,1.2,208.91,1.79,207.35
2022,8,6,1,0,0,0,0,0,0,0,0,7.78,7.48,7.63,10.56,99,0.03,61.87,1.08,211.39,1.7,208.8
2022,8,6,2,0,0,0,0,0,0,0,0,7.76,7.37,7.56,10.5,98.31,0.03,61.84,1.18,212.53,1.87,210.31
2022,8,6,3,0,0,0,0,0,0,0,0,7.33,6.96,7.15,10.19,98.25,0.03,61.85,1.04,212.37,1.72,210.52
2022,8,6,4,0,0,0,0,0,0,0,0,6.86,6.51,6.69,9.89,98.44,0.02,61.86,0.74,207.11,1.37,206.13
2022,8,6,5,0.14,0.17,0.5,16.23,19.12,2.16,0.01,0.02,6.94,6.18,6.55,9.64,95.56,0,61.88,1.12,199.57,1.64,200.08
2022,8,6,6,0.59,0.81,1.53,68.4,95.55,8.8,0.09,0.48,7.04,5.71,6.37,9.28,91.69,0,61.92,1.47,199.3,1.9,199.26
2022,8,6,7,1.11,1.6,2.5,134.08,194.12,18.04,0.38,1.85,7.28,5.36,6.32,9.09,87.94,0,61.94,1.33,214.72,1.67,215.1
2022,8,6,8,1.62,2.36,3.35,201,289.02,27.63,0.77,4.1,8.06,5.19,6.63,8.97,82.38,0,61.95,1.28,239.22,1.59,239.52
2022,8,6,9,1.83,2.95,4.02,234.6,364.25,33.11,1.11,5.62,9.43,5.19,7.3,8.97,75.19,0,61.94,1.65,250.88,2.04,251.22
2022,8,6,10,2.06,3.36,4.45,266.88,415.48,38.21,1.41,7.2,10.79,5.26,8.02,9.03,68.94,0.01,61.91,2.06,251.84,2.56,251.84
2022,8,6,11,2.02,3.57,4.63,266.9,443.52,38.84,1.48,7.83,12.12,5.4,8.76,9.09,63.75,0.01,61.87,2.48,248.94,3.1,249
2022,8,6,12,2.24,3.49,4.54,290.02,433.75,42.01,1.59,8.3,13.18,5.62,9.4,9.28,60.44,0.01,61.82,2.76,246.84,3.47,246.78
2022,8,6,13,1.8,3.16,4.19,232.88,393.45,33.64,1.17,5.92,13.66,5.83,9.75,9.4,59.44,0.01,61.77,2.83,244.35,3.59,244.22
2022,8,6,14,1.34,2.61,3.59,175.15,325.7,25.33,0.77,4.08,13.29,6.09,9.69,9.58,62.12,0.02,61.74,2.64,242.68,3.35,242.54
2022,8,6,15,1,1.91,2.8,124.42,237.52,17.4,0.41,2.05,12.3,6.42,9.37,9.83,67.88,0.02,61.73,2.31,243.52,2.96,243.16
2022,8,6,16,0.56,1.09,1.86,68.48,133.42,9.54,0.14,0.7,11.16,6.82,8.99,10.13,75.38,0.02,61.73,1.91,247.11,2.47,246.75
2022,8,6,17,0.14,0.35,0.84,16.35,40.88,2.27,0.01,0.05,10.14,7.14,8.64,10.38,82.62,0.03,61.73,1.46,259.23,1.95,258.47
2022,8,6,18,0.02,0.01,0.05,0.95,1.27,0.14,0,0,8.95,7.33,8.14,10.56,90.75,0.03,61.69,0.88,291.33,1.43,286.46
2022,8,6,19,0,0,0,0,0,0,0,0,8.72,7.41,8.06,10.62,92.75,0.04,61.73,0.43,290.43,0.69,281.06
2022,8,6,20,0,0,0,0,0,0,0,0,8.33,7.42,7.87,10.62,95.25,0.06,61.76,0.44,214.25,0.66,216.33
2022,8,6,21,0,0,0,0,0,0,0,0,7.36,7.01,7.19,10.31,99,0.09,61.77,0.44,214.82,0.84,213.25
2022,8,6,22,0,0,0,0,0,0,0,0,6.65,6.35,6.5,9.83,99,0.13,61.79,0.62,206.24,1.2,200.21
2022,8,6,23,0,0,0,0,0,0,0,0,6.13,5.34,5.74,9.09,95.38,0.16,61.8,1.44,196.67,2.08,195.71
2022,8,7,0,0,0,0,0,0,0,0,0,5.08,4.37,4.73,8.48,95.62,0.18,61.83,1.47,188.26,2.03,188.41
2022,8,7,1,0,0,0,0,0,0,0,0,4.25,3.52,3.88,8,95.31,0.19,61.85,1.34,171.96,1.82,173.09
2022,8,7,2,0,0,0,0,0,0,0,0,3.64,2.87,3.26,7.63,95,0.19,61.87,1.03,145.83,1.35,147.96
2022,8,7,3,0,0,0,0,0,0,0,0,3.15,2.33,2.74,7.32,94.62,0.17,61.9,0.75,116.03,0.97,119.86
2022,8,7,4,0,0,0,0,0,0,0,0,2.81,1.9,2.36,7.08,94,0.15,61.94,0.78,62.4,0.98,65.48
2022,8,7,5,0.1,0.15,0.5,10.9,17.62,1.52,0.01,0.02,3.01,1.77,2.4,7.02,91.81,0.64,61.98,1.05,57.72,1.38,58.2
2022,8,7,6,0.32,0.73,1.53,37.3,85.85,5.34,0.06,0.3,3.99,2.16,3.08,7.2,88.12,0.63,62.02,1.08,78.37,1.37,78.5
2022,8,7,7,0.82,1.49,2.5,99.08,178.88,14.03,0.3,1.48,5.51,2.95,4.23,7.63,83.75,0.58,62.07,1.14,109.55,1.42,109.93
2022,8,7,8,1.32,2.24,3.35,163.4,271.83,22.93,0.66,3.48,7.46,3.73,5.59,8.06,77.5,0.5,62.11,1.85,146.04,2.3,146.36
2022,8,7,9,1.7,2.89,4.01,212.38,353.42,30.09,1.02,5.15,8.59,4.15,6.37,8.3,74,0.38,62.11,2.18,159.04,2.73,159.23
2022,8,7,10,1.93,3.31,4.45,250.4,406.42,35.93,1.35,6.8,9.65,4.55,7.1,8.54,70.94,0.28,62.08,2.26,168.03,2.83,168.23
2022,8,7,11,1.74,3.61,4.63,228.8,450.98,34.68,1.35,7.08,10.57,4.95,7.76,8.85,68.62,0.2,62.04,2.42,175.37,3.04,175.29
2022,8,7,12,1.65,3.52,4.54,212.83,440.25,32.16,1.24,6.33,11.12,5.34,8.23,9.09,67.94,0.16,62,2.65,180.51,3.34,180.4
2022,8,7,13,1.54,3.19,4.18,195.3,398.88,29.3,1.05,5.2,11.23,5.75,8.49,9.34,69.44,0.13,61.96,2.73,186.09,3.46,186.08
2022,8,7,14,1.48,2.66,3.59,185.38,332.42,27.07,0.84,4.48,11.18,6.14,8.65,9.64,71.62,0.1,61.93,2.7,192.35,3.46,192.25
2022,8,7,15,1.25,1.9,2.79,154.4,235.02,21.5,0.51,2.58,10.97,6.51,8.74,9.89,74.56,0.06,61.91,2.54,199.77,3.27,199.69
2022,8,7,16,0.74,1.1,1.85,89.45,134.27,12.05,0.17,0.85,10.58,6.77,8.68,10.07,77.81,0.02,61.92,2.29,207.7,2.97,207.71
2022,8,7,17,0.27,0.38,0.88,31.15,45.12,4.08,0.02,0.1,9.67,7.08,8.38,10.25,84.56,0.03,61.93,1.68,212.06,2.31,212.72
2022,8,7,18,0,0,0,0,0,0,0,0,7.93,6.95,7.44,10.13,94.06,0.05,61.97,0.91,219.43,1.42,220.77
2022,8,7,19,0,0,0,0,0,0,0,0,7.48,6.92,7.19,10.13,96.75,0.04,62.02,0.63,232.56,0.95,232.66
2022,8,7,20,0,0,0,0,0,0,0,0,7.41,6.89,7.15,10.07,97,0.05,62.05,0.5,243.84,0.77,243.96
2022,8,7,21,0,0,0,0,0,0,0,0,7.38,6.8,7.09,10.01,96.69,0.05,62.06,0.51,238.74,0.82,238.28
2022,8,7,22,0,0,0,0,0,0,0,0,7.15,6.66,6.91,9.95,97.38,0.05,62.05,0.66,232.72,1.07,232.71
2022,8,7,23,0,0,0,0,0,0,0,0,6.73,6.48,6.6,9.83,99.06,0.04,62.02,0.77,236.63,1.31,237.16
2022,8,8,0,0,0,0,0,0,0,0,0,6.33,6.34,6.33,9.77,100,0.03,61.98,0.82,240.26,1.46,240.41
2022,8,8,1,0,0,0,0,0,0,0,0,5.9,6.13,6.02,9.58,100,0.03,61.95,0.88,235.89,1.51,235.57
2022,8,8,2,0,0,0,0,0,0,0,0,5.64,6.05,5.84,9.52,100,0.03,61.98,0.8,223.03,1.36,223.14
2022,8,8,3,0,0,0,0,0,0,0,0,5.87,6.01,5.94,9.52,100,0.02,62.01,0.46,230.57,0.77,227.06
2022,8,8,4,0,0,0,0,0,0,0,0,5.33,5.57,5.45,9.22,100,0.01,62.02,0.35,345.65,0.51,340.46
2022,8,8,5,0.15,0.18,0.49,16.88,20.12,2.28,0.01,0.02,5.9,5.5,5.69,9.16,98,0,62.02,0.7,9.04,1.15,10.17
2022,8,8,6,0.65,0.9,1.52,78.58,108.83,10.64,0.11,0.55,8.71,5.59,7.15,9.22,81.31,0,62.04,0.64,25.94,0.81,25.58
2022,8,8,7,1.29,1.73,2.49,161,215.35,22.2,0.45,2.2,11.85,4.65,8.25,8.61,61.62,0,62.06,1.33,177.98,1.63,178.35
2022,8,8,8,1.98,2.5,3.34,250.67,312.1,35.12,0.96,5.08,13.91,4.27,9.09,8.42,52.44,0,62.06,2.36,187.59,2.95,187.61
2022,8,8,9,2.56,3.11,4.01,323.12,388.05,46.05,1.51,7.65,15.55,4.49,10.02,8.54,48,0,62.04,2.94,189.79,3.7,189.86
2022,8,8,10,2.55,3.51,4.45,328.85,437.62,47.81,1.73,8.73,16.8,5.07,10.94,8.91,46.19,0,62.02,3.52,193.36,4.46,193.38
2022,8,8,11,2.61,3.64,4.62,337.75,453.52,48.98,1.84,9.58,17.51,5.81,11.66,9.4,46.5,0,61.99,4.03,196.78,5.16,196.82
2022,8,8,12,2.68,3.57,4.53,343.23,445.2,49.79,1.84,9.42,17.56,6.5,12.03,9.89,48.62,0.01,61.95,4.42,199.11,5.7,199.13
2022,8,8,13,2.19,3.25,4.18,276.65,406.98,40.95,1.41,6.95,16.94,7.13,12.04,10.31,52.88,0.01,61.92,4.49,200.89,5.82,200.92
2022,8,8,14,1.72,2.73,3.58,215.9,341.83,31.79,0.95,5.02,15.81,7.53,11.67,10.62,58.44,0.02,61.89,4.15,203.04,5.4,203.08
2022,8,8,15,1.26,2.02,2.78,155.92,254.55,22.28,0.51,2.55,14.74,7.7,11.23,10.74,63.31,0.02,61.88,3.62,204.9,4.7,204.95
2022,8,8,16,0.7,1.21,1.84,85.25,151.5,11.94,0.16,0.83,13.6,7.72,10.66,10.74,68.12,0.02,61.87,2.98,207.84,3.9,207.85
2022,8,8,17,0.3,0.44,0.86,35.52,53.58,4.64,0.02,0.1,12.18,7.94,10.06,10.93,75.88,0.05,61.86,2.07,212.07,2.82,212.19
2022,8,8,18,0,0,0,0,0,0,0,0,10.35,8.48,9.41,11.29,88.75,0.05,61.85,0.97,218.16,1.68,217.62
2022,8,8,19,0,0,0,0,0,0,0,0,9.53,8.8,9.16,11.54,95.81,0.07,61.91,0.85,209.88,1.53,207.09
2022,8,8,20,0,0,0,0,0,0,0,0,9.3,9.07,9.18,11.72,99.12,0.11,61.96,0.82,198.43,1.43,197.45
2022,8,8,21,0,0,0,0,0,0,0,0,9.26,9.15,9.21,11.84,100,0.15,61.96,0.87,204.27,1.53,203.81
2022,8,8,22,0,0,0,0,0,0,0,0,9.36,9.26,9.3,11.9,100,0.15,61.94,1.17,207.42,1.93,207.5
2022,8,8,23,0,0,0,0,0,0,0,0,9.19,9.16,9.18,11.84,100,0.16,61.94,1.24,204.95,2.04,205.1
2022,8,9,0,0,0,0,0,0,0,0,0,8.74,8.62,8.68,11.41,99.88,0.2,61.95,1.37,204.52,2.22,204.49
2022,8,9,1,0,0,0,0,0,0,0,0,8.08,7.73,7.9,10.68,98.12,0.15,61.97,1.55,199.98,2.39,200.1
2022,8,9,2,0,0,0,0,0,0,0,0,7.18,6.76,6.97,10.01,97.62,0.12,62.01,1.44,194.79,2.17,194.59
2022,8,9,3,0,0,0,0,0,0,0,0,6.53,6.05,6.3,9.52,97.31,0.13,62.06,1.34,190.78,1.96,190.33
2022,8,9,4,0,0,0,0,0,0,0,0,5.99,5.51,5.75,9.16,97.19,0.16,62.12,0.89,191.6,1.37,190.86
2022,8,9,5,0.08,0.2,0.48,8.75,23.6,1.3,0.01,0.02,6.07,5.08,5.57,8.85,93.75,0.74,62.17,0.73,193.59,0.97,193.03
2022,8,9,6,0.28,0.96,1.51,33.58,120.15,4.91,0.05,0.27,7.46,5,6.23,8.79,84.69,0.7,62.2,0.81,205.08,1.02,204.41
2022,8,9,7,0.7,1.78,2.49,87.23,225.83,13.13,0.28,1.38,9.74,5.19,7.47,8.91,73.62,0.73,62.22,1.61,205.2,2,204.96
2022,8,9,8,1.38,2.53,3.34,178.9,319.9,26.86,0.78,4.08,11.88,5.37,8.62,9.03,64.62,0.61,62.22,2.36,202.33,2.94,202.14
2022,8,9,9,1.89,3.12,4,241.1,393.73,36.24,1.22,6.15,13.58,5.58,9.58,9.22,58.75,0.37,62.21,2.94,200.07,3.68,200.01
2022,8,9,10,2.58,3.51,4.44,336.85,442.05,49.52,1.84,9.23,15.08,5.9,10.49,9.4,54.5,0.24,62.16,3.31,201,4.16,200.88
2022,8,9,11,2.49,3.69,4.62,325.4,465.15,49.27,1.89,9.83,16.21,6.15,11.18,9.58,51.62,0.19,62.09,3.66,204.21,4.62,204.18
2022,8,9,12,2.74,3.61,4.53,357.52,454.98,52.72,1.99,10.17,16.85,6.31,11.58,9.7,50.12,0.19,62.02,3.98,207.37,5.06,207.4
2022,8,9,13,2.6,3.29,4.17,330.8,415.02,48.7,1.69,8.45,16.9,6.36,11.63,9.77,50.12,0.21,61.97,4.17,209.78,5.35,209.79
2022,8,9,14,2.5,2.76,3.57,317.67,349.3,45.01,1.31,6.83,16.37,6.35,11.36,9.77,51.88,0.22,61.93,4.09,211.02,5.3,210.99
2022,8,9,15,1.79,2.07,2.77,226.02,261.73,31.09,0.69,3.42,15.47,6.36,10.91,9.77,54.88,0.19,61.9,3.8,212.16,4.96,212.19
2022,8,9,16,1.05,1.26,1.83,130.67,159.83,16.89,0.22,1.1,14.1,6.49,10.3,9.83,60.56,0.1,61.89,3.26,212.59,4.3,212.62
2022,8,9,17,0.43,0.47,0.84,50.88,58.23,5.82,0.02,0.12,12.21,6.98,9.6,10.19,71,0.05,61.91,2.26,210.83,3.11,210.69
2022,8,9,18,0,0,0,0,0,0,0,0,9.65,7.81,8.73,10.8,88.88,0.05,61.93,0.86,205.87,1.64,204.85
2022,8,9,19,0,0,0,0,0,0,0,0,8.78,7.78,8.28,10.74,94.06,0.06,61.95,0.65,204.73,1.16,205.18
2022,8,9,20,0,0,0,0,0,0,0,0,8.38,7.94,8.16,10.86,97.69,0.05,61.97,0.43,216.03,0.68,217.53
2022,8,9,21,0,0,0,0,0,0,0,0,8.37,7.98,8.17,10.93,98.06,0.05,61.98,0.2,265.6,0.34,260.75
2022,8,9,22,0,0,0,0,0,0,0,0,8.02,7.73,7.87,10.74,98.75,0.04,61.96,0.34,338.68,0.56,338.79
2022,8,9,23,0,0,0,0,0,0,0,0,7.58,7.38,7.48,10.5,99.44,0.03,61.92,0.54,358.34,1.02,0.44
2022,8,10,0,0,0,0,0,0,0,0,0,7.36,6.98,7.17,10.19,98.25,0.03,61.88,0.65,9.01,1.21,9.64
2022,8,10,1,0,0,0,0,0,0,0,0,7.53,6.68,7.11,10.01,95.19,0.06,61.87,0.59,20.82,0.97,21.2
2022,8,10,2,0,0,0,0,0,0,0,0,7.82,6.8,7.31,10.13,94.25,0.09,61.88,0.12,156.8,0.22,167.47
2022,8,10,3,0,0,0,0,0,0,0,0,7.42,7.12,7.27,10.38,99.12,0.12,61.88,0.42,207.51,0.96,204.48
2022,8,10,4,0,0,0,0,0,0,0,0,7.27,7.29,7.28,10.44,100,0.07,61.87,0.5,220.6,1.16,216.48
2022,8,10,5,0.15,0.2,0.47,17.67,22.6,2.41,0.01,0.05,8.01,7.69,7.84,10.74,99,0.01,61.89,0.63,230.56,1.16,227.18
2022,8,10,6,0.72,0.92,1.5,87.85,115.15,11.47,0.12,0.58,10.03,8.11,9.07,11.05,88.81,0,61.91,1.44,226.32,1.85,226.2
2022,8,10,7,1.35,1.73,2.48,168.65,218.05,22.9,0.44,2.17,12.26,7.89,10.08,10.86,75.5,0.01,61.92,1.55,205.66,1.93,206.15
2022,8,10,8,2,2.45,3.33,253.8,309.98,35.37,0.94,4.8,14.51,7.66,11.08,10.74,64.25,0.01,61.92,2.12,187.2,2.64,187.31
2022,8,10,9,2.69,3.04,4,344.05,384.42,48.84,1.56,8.02,15.78,7.65,11.72,10.74,59.12,0.01,61.93,2.88,184.2,3.66,184.41
2022,8,10,10,2.72,3.45,4.44,352.8,435.38,51.41,1.84,9.52,16.22,7.84,12.03,10.86,58.19,0.02,61.92,3.37,189.46,4.33,189.65
2022,8,10,11,2.05,3.63,4.62,269.23,458.4,40.86,1.54,8.08,16.05,8.11,12.08,11.05,59.81,0.03,61.9,3.68,197.82,4.76,197.96
2022,8,10,12,2.14,3.55,4.52,280.85,448.05,41.71,1.55,8,15.68,8.33,12.01,11.17,62.06,0.05,61.87,3.78,205.56,4.92,205.67
2022,8,10,13,1.7,3.22,4.16,224.2,407.5,33.55,1.16,5.83,15.56,8.46,12.01,11.29,63.06,0.06,61.84,3.78,211.82,4.92,211.82
2022,8,10,14,1.14,2.67,3.56,148.17,338.55,22.35,0.67,3.52,15.57,8.53,12.05,11.35,63.25,0.08,61.8,3.67,218.53,4.78,218.63
2022,8,10,15,0.58,1.94,2.76,77.23,244.5,11.79,0.27,1.38,15.05,8.44,11.74,11.29,64.94,0.09,61.78,3.36,221.51,4.38,221.6
2022,8,10,16,0.3,1.14,1.82,37.23,143.45,5.52,0.08,0.38,14.12,8.47,11.3,11.29,69.06,0.11,61.77,2.89,221.83,3.8,221.75
2022,8,10,17,0.11,0.39,0.82,12.83,47.48,1.93,0.01,0.05,12.41,8.72,10.57,11.47,78.56,0.09,61.77,2.09,219.53,2.86,219.34
2022,8,10,18,0,0,0,0,0,0,0,0,10.65,9.23,9.94,11.9,91.38,0.13,61.8,0.89,214.95,1.42,215.17
2022,8,10,19,0,0,0,0,0,0,0,0,9.97,9.33,9.65,11.96,96.31,0.22,61.83,0.94,210.39,1.47,212.59
2022,8,10,20,0,0,0,0,0,0,0,0,9.52,9.29,9.4,11.9,99,0.33,61.87,0.83,212.35,1.42,213.78
2022,8,10,21,0,0,0,0,0,0,0,0,9.25,9.21,9.23,11.84,100,0.44,61.86,0.87,219.54,1.56,219.73
2022,8,10,22,0,0,0,0,0,0,0,0,8.88,9.02,8.95,11.72,100,0.5,61.83,0.85,217.5,1.61,217.92
2022,8,10,23,0,0,0,0,0,0,0,0,8.83,8.82,8.83,11.54,100,0.67,61.81,0.87,210.96,1.55,211.85
2022,8,11,0,0,0,0,0,0,0,0,0,8.57,8.48,8.53,11.29,99.88,0.81,61.78,0.98,211.91,1.63,212.7
2022,8,11,1,0,0,0,0,0,0,0,0,8.3,8.12,8.21,10.99,99.25,0.68,61.77,1.17,210.83,1.87,211.29
2022,8,11,2,0,0,0,0,0,0,0,0,7.96,7.71,7.83,10.68,98.69,0.56,61.75,1.55,202.29,2.34,202.55
2022,8,11,3,0,0,0,0,0,0,0,0,7.26,6.93,7.09,10.13,98.06,0.54,61.82,2,188.76,2.96,188.79
2022,8,11,4,0,0,0,0,0,0,0,0,6.14,5.62,5.88,9.22,96.94,0.34,61.94,2.26,183.17,3.19,183.37
2022,8,11,5,0.09,0.18,0.46,10.33,20.95,1.5,0.01,0.02,5.7,4.83,5.26,8.73,94.56,0.73,62.05,1.21,213.69,1.61,212.92
2022,8,11,6,0.21,0.91,1.5,24.67,112.85,3.55,0.04,0.17,6.84,4.56,5.7,8.54,85.75,0.31,62.1,1.13,258.07,1.45,256.64
2022,8,11,7,0.73,1.73,2.48,93.38,218.23,14.11,0.3,1.45,9.51,4.56,7.04,8.54,71.56,0.19,62.12,1.75,218.1,2.21,217.52
2022,8,11,8,1.25,2.49,3.33,163.4,313.35,24.6,0.71,3.7,11.9,4.82,8.37,8.73,62.12,0.22,62.1,2.49,201.17,3.12,200.84
2022,8,11,9,1.68,3.09,4,220.27,388.58,33.32,1.12,5.65,13.69,5.21,9.45,8.97,56.81,0.26,62.08,2.92,195.67,3.67,195.54
2022,8,11,10,1.92,3.49,4.43,248.52,437.88,37.34,1.38,6.88,15.15,5.65,10.4,9.28,53.25,0.22,62.03,3.4,196.14,4.3,196.23
2022,8,11,11,2.23,3.77,4.61,290.75,463.75,44.36,1.75,9.05,16.05,6.11,11.08,9.58,51.94,0.22,61.98,3.82,198.58,4.89,198.72
2022,8,11,12,2.22,3.63,4.52,280.77,451.75,42.74,1.62,8.25,16.31,6.5,11.4,9.89,52.62,0.26,61.92,4.07,201.25,5.25,201.48
2022,8,11,13,2.19,3.25,4.16,285.35,409.52,42.15,1.47,7.3,15.9,6.76,11.33,10.07,55.06,0.29,61.88,4.08,203.96,5.28,204.18
2022,8,11,14,1.64,2.72,3.55,211.65,343,31.23,0.93,4.9,14.94,6.92,10.93,10.19,59.19,0.28,61.86,3.84,207.92,4.99,208.09
2022,8,11,15,1.04,2.01,2.75,128.85,253.4,18.86,0.44,2.17,14.08,6.98,10.52,10.19,62.81,0.3,61.85,3.53,211.44,4.62,211.59
2022,8,11,16,0.53,1.18,1.8,66.1,146.67,9.62,0.13,0.65,12.82,7.12,9.98,10.31,68.81,0.35,61.86,3.16,214.44,4.21,214.72
2022,8,11,17,0.19,0.39,0.81,22.9,46.15,3.26,0.02,0.08,11.23,7.58,9.41,10.62,78.81,0.6,61.88,2.55,217.05,3.48,217.15
2022,8,11,18,0,0,0,0,0,0,0,0,9.78,8.29,9.03,11.17,91,0.83,61.9,1.64,217.85,2.32,218.03
2022,8,11,19,0,0,0,0,0,0,0,0,9.34,8.62,8.98,11.41,95.88,0.83,61.93,1.31,219.94,1.85,219.68
2022,8,11,20,0,0,0,0,0,0,0,0,9.31,8.76,9.04,11.47,96.94,0.8,61.96,1.18,213.37,1.7,212.45
2022,8,11,21,0,0,0,0,0,0,0,0,9.15,8.72,8.93,11.47,97.88,0.67,61.98,1.16,207.26,1.74,207.03
2022,8,11,22,0,0,0,0,0,0,0,0,8.86,8.52,8.69,11.35,98.56,0.47,62,1.2,207.9,1.82,207.88
2022,8,11,23,0,0,0,0,0,0,0,0,8.47,8.19,8.33,11.05,99,0.28,62,1.15,212.83,1.79,212.86
2022,8,12,0,0,0,0,0,0,0,0,0,8.07,7.83,7.95,10.8,99.19,0.19,61.99,0.91,215.59,1.46,214.97
2022,8,12,1,0,0,0,0,0,0,0,0,7.65,7.46,7.55,10.5,99.5,0.18,62,0.69,206.85,1.22,205.08
2022,8,12,2,0,0,0,0,0,0,0,0,7.16,7.09,7.13,10.25,100,0.1,62,0.62,200.05,1.22,198.67
2022,8,12,3,0,0,0,0,0,0,0,0,6.84,6.8,6.82,10.07,100,0.07,62,0.5,200.97,1.05,199.51
2022,8,12,4,0,0,0,0,0,0,0,0,6.76,6.56,6.66,9.89,99.31,0.06,62.01,0.41,200.17,0.71,199.82
2022,8,12,5,0.17,0.2,0.45,18.9,22.88,2.41,0.01,0.02,7.38,6.6,6.99,9.89,95.44,0.05,62.02,0.12,148.39,0.15,156.04
2022,8,12,6,0.86,0.97,1.49,103.65,119.6,12.71,0.12,0.62,9.64,6.33,7.98,9.7,80.44,0.05,62.04,0.56,180,0.69,180
2022,8,12,7,1.54,1.8,2.47,189.95,224.85,25.55,0.49,2.45,12.21,6.28,9.24,9.7,67.5,0.01,62.06,2.13,193.12,2.68,193.14
2022,8,12,8,2.2,2.56,3.32,275.85,318.33,38.59,1.05,5.33,14.04,6.04,10.04,9.52,58.88,0.01,62.07,2.85,192.17,3.6,192.14
2022,8,12,9,3.02,3.16,3.99,380.58,392.83,54.17,1.77,9.2,15.37,6.08,10.73,9.52,54.25,0,62.07,3.31,190.33,4.2,190.29
2022,8,12,10,3.22,3.52,4.43,412.88,439.9,59.38,2.15,11.33,16.26,6.38,11.33,9.77,52.31,0,62.05,3.73,190.74,4.75,190.81
2022,8,12,11,3.2,3.68,4.61,411.8,460.83,60.04,2.27,12.08,16.57,6.88,11.73,10.13,53.19,0,62.01,3.98,193.05,5.09,193.12
2022,8,12,12,3.06,3.6,4.51,391.3,450.27,56.94,2.12,11.1,16.65,7.35,12,10.5,54.75,0.01,61.98,4.03,196.22,5.16,196.27
2022,8,12,13,2.64,3.27,4.15,337.02,410,48.85,1.68,8.58,16.63,7.54,12.08,10.62,55.5,0.01,61.95,3.92,198.83,5.02,198.89
2022,8,12,14,2.12,2.72,3.55,268.38,342.62,38.27,1.12,5.9,16.19,7.65,11.91,10.74,57.62,0.03,61.91,3.81,201.3,4.91,201.38
2022,8,12,15,1.5,2.01,2.74,189.45,253.1,26.32,0.59,2.95,15.33,7.73,11.54,10.8,61.31,0.05,61.91,3.71,203.48,4.83,203.54
2022,8,12,16,0.81,1.18,1.79,101.45,148.17,13.48,0.18,0.88,14.05,7.85,10.95,10.86,67.06,0.06,61.93,3.46,205.58,4.57,205.6
2022,8,12,17,0.29,0.39,0.79,34.65,46.98,4.4,0.02,0.08,12.17,8.26,10.22,11.17,77.94,0.31,61.97,2.81,209.49,3.85,209.53
2022,8,12,18,0,0,0,0,0,0,0,0,10.38,9.01,9.69,11.72,92.19,0.36,62.02,1.71,216.82,2.45,216.83
2022,8,12,19,0,0,0,0,0,0,0,0,9.83,9.28,9.55,11.9,97.31,0.4,62.06,1.24,222.44,1.86,223.47
2022,8,12,20,0,0,0,0,0,0,0,0,9.44,9.2,9.33,11.84,99.25,0.38,62.08,0.92,223.97,1.57,224.8
2022,8,12,21,0,0,0,0,0,0,0,0,9.17,9.09,9.13,11.78,100,0.3,62.08,0.84,220.83,1.54,220.89
2022,8,12,22,0,0,0,0,0,0,0,0,8.79,8.9,8.85,11.6,100,0.22,62.07,0.71,216.49,1.49,216.03
2022,8,12,23,0,0,0,0,0,0,0,0,8.52,8.62,8.57,11.41,100,0.12,62.07,0.67,215.54,1.43,214.3
2022,8,13,0,0,0,0,0,0,0,0,0,8.3,8.4,8.35,11.23,100,0.04,62.06,0.62,213.08,1.32,211.9
2022,8,13,1,0,0,0,0,0,0,0,0,8.24,8.23,8.23,11.11,100,0.02,62.04,0.6,218.07,1.08,214.38
2022,8,13,2,0,0,0,0,0,0,0,0,8.24,7.94,8.09,10.93,99.31,0.01,62.02,0.31,231.12,0.46,231.19
2022,8,13,3,0,0,0,0,0,0,0,0,7.64,7.37,7.5,10.5,99.56,0.01,62.01,0.39,12.65,0.66,17.8
2022,8,13,4,0,0,0,0,0,0,0,0,6.65,6.54,6.59,9.95,100,0.01,62,0.71,17.84,1.41,24.16
2022,8,13,5,0.14,0.14,0.44,15.08,16.02,2.03,0.01,0.02,7.3,6.37,6.83,9.77,94.88,0.02,62,1.02,17.88,1.75,21.52
2022,8,13,6,0.77,0.79,1.48,88.45,94.3,10.82,0.1,0.5,10.23,6.49,8.36,9.89,78.44,0.01,62.01,1.48,17.48,1.9,17.99
2022,8,13,7,1.56,1.59,2.46,187.6,194.58,23.88,0.44,2.17,13.96,5.37,9.66,9.16,56.81,0,62.02,0.62,295.59,0.75,295.77
2022,8,13,8,2.34,2.37,3.32,290.42,294,38.7,1,5.02,16.71,4.86,10.79,8.79,45.88,0.01,62.03,1.79,219.32,2.22,218.85
2022,8,13,9,2.84,2.99,3.99,357.88,371.92,49.44,1.57,8.12,18.36,5.37,11.87,9.16,42.88,0.03,62.03,2.86,205.03,3.63,204.8
2022,8,13,10,3.01,3.39,4.42,382.88,421.9,54.18,1.91,10.12,19.1,6.15,12.62,9.64,43.25,0.07,62.01,3.76,201.71,4.84,201.68
2022,8,13,11,3.08,3.62,4.6,398.4,454.55,57.6,2.16,11.42,18.95,6.8,12.87,10.13,45.69,0.16,61.98,4.29,202.36,5.59,202.41
2022,8,13,12,2.58,3.55,4.5,332.5,444.25,49.3,1.82,9.42,18.15,7.28,12.72,10.44,49.69,0.33,61.96,4.47,204.55,5.87,204.62
2022,8,13,13,2.36,3.23,4.14,302.62,404.58,43.94,1.51,7.58,16.65,7.58,12.12,10.68,55.69,0.45,61.94,4.31,208.01,5.7,208.04
2022,8,13,14,1.88,2.69,3.54,238.6,337.35,34.17,1,5.23,15.11,7.75,11.43,10.8,62.25,0.64,61.93,3.92,213.69,5.21,213.69
2022,8,13,15,1.38,1.98,2.73,173.38,247.58,24.16,0.55,2.73,13.9,8.06,10.98,11.05,68.69,0.79,61.92,3.43,222.23,4.57,222.37
2022,8,13,16,0.75,1.16,1.78,92.38,144.1,12.44,0.16,0.83,12.77,8.4,10.58,11.29,75.56,1.09,61.9,2.9,226.31,3.89,226.3
2022,8,13,17,0.23,0.39,0.77,28.17,45.92,3.78,0.02,0.08,11.48,8.89,10.18,11.66,85.06,0.82,61.91,2.19,221.82,3,221.62
2022,8,13,18,0,0,0,0,0,0,0,0,10.44,9.37,9.91,12.02,94.06,0.76,61.94,1.54,220.25,2.12,219.62
2022,8,13,19,0,0,0,0,0,0,0,0,10.2,9.57,9.89,12.21,96.88,0.63,61.97,1.07,228.85,1.53,227.27
2022,8,13,20,0,0,0,0,0,0,0,0,9.97,9.55,9.76,12.15,98.19,0.59,62,0.69,243.73,1.1,237.44
2022,8,13,21,0,0,0,0,0,0,0,0,9.69,9.34,9.51,12.02,98.75,0.55,62.01,0.6,250.14,1.05,239.04
2022,8,13,22,0,0,0,0,0,0,0,0,9.4,9.1,9.25,11.78,99,0.44,62.01,0.57,253.3,1.07,239.11
2022,8,13,23,0,0,0,0,0,0,0,0,9.18,8.92,9.05,11.66,99.31,0.33,61.98,0.6,255.78,1.14,241.67
2022,8,14,0,0,0,0,0,0,0,0,0,8.88,8.7,8.79,11.47,99.88,0.23,61.94,0.62,253.86,1.21,241.45
2022,8,14,1,0,0,0,0,0,0,0,0,8.51,8.43,8.47,11.29,100,0.17,61.89,0.5,249.86,1.04,236.67
2022,8,14,2,0,0,0,0,0,0,0,0,8.39,8.1,8.25,11.05,98.94,0.11,61.84,0.36,254.74,0.59,249.18
2022,8,14,3,0,0,0,0,0,0,0,0,7.89,7.62,7.76,10.68,99,0.07,61.8,0.32,249.78,0.53,251.83
2022,8,14,4,0,0,0,0,0,0,0,0,7.31,7.26,7.28,10.38,100,0.05,61.82,0.44,247.07,0.75,248.75
2022,8,14,5,0.11,0.17,0.44,12.2,19.5,1.73,0.01,0.02,7.8,7.37,7.58,10.5,98,0.01,61.88,0.72,254.91,1.09,252.47
2022,8,14,6,0.35,0.9,1.48,41.85,111.05,6.16,0.06,0.33,9.44,7.62,8.53,10.68,89.12,0.01,61.92,1.44,255.51,1.83,255.67
2022,8,14,7,0.82,1.73,2.46,102.15,216.77,14.99,0.3,1.5,11.49,7.62,9.55,10.62,77.69,0.02,61.95,1.81,244.43,2.3,244.22
2022,8,14,8,1.69,2.48,3.31,213.98,311.3,30.58,0.83,4.33,13.49,7.4,10.44,10.5,67.19,0.04,61.97,2.28,213.8,2.98,213.44
2022,8,14,9,1.71,3.07,3.98,220.65,385.58,32.8,1.06,5.4,13.81,7.32,10.57,10.44,65.38,0.06,61.99,3.35,196.28,4.49,196.7
2022,8,14,10,1.45,3.46,4.42,194.45,434.3,29.89,1.09,5.42,13.29,7.44,10.37,10.5,68.12,0.08,62.01,4.31,193.86,5.76,194.21
2022,8,14,11,1.68,3.62,4.6,225.35,455.5,34.62,1.3,6.65,12.79,7.33,10.06,10.38,69.69,0.12,62.03,4.6,194.56,6.13,194.69
2022,8,14,12,1.19,3.55,4.5,162.62,445.17,25.31,0.95,4.75,12.19,7.09,9.65,10.19,71.19,0.18,62.04,4.46,193.16,5.91,193.23
2022,8,14,13,0.83,3.22,4.13,113.42,404.98,17.59,0.6,2.98,11.43,6.9,9.16,10.07,73.88,0.25,62.05,3.99,193.6,5.22,193.77
2022,8,14,14,0.52,2.67,3.53,73.5,338.05,11.45,0.33,1.75,10.95,6.69,8.83,9.95,75.25,0.29,62.03,3.43,196,4.46,196.06
2022,8,14,15,0.31,1.96,2.72,43.42,248.98,6.79,0.16,0.77,10.93,6.58,8.76,9.89,74.88,0.39,62.01,3.1,200.49,4.01,200.56
2022,8,14,16,0.12,1.15,1.77,14.98,145.5,2.33,0.03,0.15,10.34,6.47,8.4,9.83,77.25,0.62,62.03,2.84,205.37,3.72,205.38
2022,8,14,17,0.12,0.37,0.75,15.05,45,2.25,0.01,0.05,9.21,6.61,7.9,9.89,84.25,1.15,62.06,2.37,211.13,3.21,211.18
2022,8,14,18,0,0,0,0,0,0,0,0,7.82,7.07,7.44,10.25,95.75,0.92,62.09,1.25,210.41,1.9,211.53
2022,8,14,19,0,0,0,0,0,0,0,0,7.37,7,7.18,10.19,98.25,0.49,62.13,1.06,218.73,1.7,219.97
2022,8,14,20,0,0,0,0,0,0,0,0,7.12,6.87,6.99,10.07,99,0.3,62.17,1.1,225.86,1.78,226.24
2022,8,14,21,0,0,0,0,0,0,0,0,6.83,6.62,6.72,9.89,99.25,0.27,62.17,1.05,223.19,1.76,223.2
2022,8,14,22,0,0,0,0,0,0,0,0,6.3,6.2,6.26,9.64,100,0.3,62.16,1,220.55,1.72,221.68
2022,8,14,23,0,0,0,0,0,0,0,0,6,5.83,5.91,9.4,99.62,0.2,62.12,0.9,228.16,1.54,229.11
2022,8,15,0,0,0,0,0,0,0,0,0,5.77,5.56,5.67,9.22,99.25,0.13,62.08,0.82,233.89,1.4,233.19
2022,8,15,1,0,0,0,0,0,0,0,0,5.56,5.32,5.44,9.03,99.06,0.1,62.05,0.74,236.14,1.3,235.06
2022,8,15,2,0,0,0,0,0,0,0,0,5.45,5.14,5.3,8.97,98.56,0.07,62.04,0.7,232.24,1.21,229.96
2022,8,15,3,0,0,0,0,0,0,0,0,5.39,5.03,5.21,8.91,98.38,0.04,62.06,0.6,219.71,1.08,217.04
2022,8,15,4,0,0,0,0,0,0,0,0,5.35,4.87,5.11,8.79,97.44,0.03,62.09,0.57,212.59,0.98,211.28
2022,8,15,5,0.09,0.17,0.43,10.17,19.52,1.47,0.01,0.02,5.34,4.48,4.9,8.54,94.88,0.09,62.15,0.22,222.14,0.34,220.31
2022,8,15,6,0.42,0.89,1.47,52.67,111.55,7.68,0.09,0.4,5.72,4.18,4.94,8.3,90.25,0.04,62.2,0.49,18.73,0.61,18.67
2022,8,15,7,0.83,1.71,2.45,108.05,216,15.94,0.33,1.6,6.88,4.33,5.61,8.42,84.25,0.02,62.24,0.56,29.05,0.7,29.43
2022,8,15,8,1.34,2.46,3.31,172.5,311.15,25.53,0.71,3.73,9.12,4.55,6.83,8.54,73.5,0.03,62.26,0.05,239.04,0.08,221.19
2022,8,15,9,2.06,3.07,3.98,266.38,387.05,38.87,1.29,6.52,12.12,4.92,8.52,8.79,61.81,0.04,62.23,1.69,212.74,2.09,212.32
2022,8,15,10,2.31,3.47,4.42,299.83,437.4,44.24,1.6,8.02,14.08,5.36,9.72,9.09,56.06,0.11,62.19,2.65,209.05,3.33,209.03
2022,8,15,11,2.47,3.63,4.59,318.23,455.58,47.04,1.77,9.15,15.33,5.9,10.62,9.4,53.75,0.22,62.14,3.31,208.8,4.2,208.9
2022,8,15,12,2.41,3.56,4.49,313.2,446.6,46.68,1.73,8.75,15.8,6.33,11.06,9.7,53.62,0.36,62.1,3.76,209.6,4.84,209.63
2022,8,15,13,2.14,3.24,4.13,273.77,407.45,40.39,1.39,6.9,15.58,6.62,11.1,9.89,55.44,0.42,62.06,4.01,209.51,5.2,209.53
2022,8,15,14,1.52,2.7,3.52,194.33,341.5,28.95,0.86,4.55,14.9,6.87,10.89,10.07,59,0.48,62.05,4.04,208,5.28,207.97
2022,8,15,15,0.97,2,2.71,122.62,253.42,18.21,0.41,2.08,13.77,7.08,10.43,10.25,64.44,0.51,62.05,3.94,206.51,5.19,206.57
2022,8,15,16,0.55,1.19,1.75,67.35,150.8,9.48,0.12,0.62,12.19,7.31,9.76,10.38,72.56,0.52,62.07,3.51,206.96,4.69,207.03
2022,8,15,17,0.16,0.39,0.73,19.9,47.75,2.66,0.01,0.05,10.39,7.68,9.04,10.62,83.75,0.41,62.1,2.72,208.11,3.72,208.18
2022,8,15,18,0,0,0,0,0,0,0,0,9.13,8.19,8.66,11.05,94.38,0.47,62.14,1.92,206.88,2.69,206.79
2022,8,15,19,0,0,0,0,0,0,0,0,8.93,8.42,8.67,11.17,97.25,0.5,62.18,1.67,204.64,2.37,204.54
2022,8,15,20,0,0,0,0,0,0,0,0,8.76,8.46,8.61,11.23,98.56,0.5,62.21,1.4,202.28,2.09,202.44
2022,8,15,21,0,0,0,0,0,0,0,0,8.48,8.3,8.38,11.11,99.44,0.47,62.22,1.15,202.74,1.85,203.42
2022,8,15,22,0,0,0,0,0,0,0,0,8.17,8.08,8.13,10.93,100,0.42,62.22,1.04,203.09,1.81,204.24
2022,8,15,23,0,0,0,0,0,0,0,0,7.71,7.67,7.69,10.62,100,0.32,62.22,0.98,205.54,1.75,207.59
2022,8,16,0,0,0,0,0,0,0,0,0,6.82,6.77,6.8,10.01,100,0.23,62.21,0.92,213.96,1.52,215.98
2022,8,16,1,0,0,0,0,0,0,0,0,6.43,6.09,6.26,9.52,98.44,0.15,62.2,0.63,230.01,0.96,233.97
2022,8,16,2,0,0,0,0,0,0,0,0,6.02,5.6,5.81,9.22,97.75,0.09,62.18,0.37,291.12,0.67,296.27
2022,8,16,3,0,0,0,0,0,0,0,0,5.46,5.03,5.25,8.85,97.56,0.06,62.16,0.49,334.26,0.84,332.96
2022,8,16,4,0,0,0,0,0,0,0,0,5.04,4.43,4.73,8.48,96.19,0.03,62.17,0.59,350.17,0.97,350.31
2022,8,16,5,0.14,0.16,0.42,16.05,18.7,2.14,0.01,0.02,5.81,4.69,5.25,8.61,93,0,62.19,0.56,355.97,1,358.66
2022,8,16,6,0.83,0.89,1.46,99.12,108.27,12.02,0.11,0.55,8.85,4.89,6.87,8.73,76.62,0,62.23,0.36,307.87,0.45,310.82
2022,8,16,7,1.64,1.72,2.45,202.1,213.02,26.36,0.49,2.42,11.39,4.2,7.8,8.36,61.75,0,62.27,1.64,201.8,2.04,201.56
2022,8,16,8,2.34,2.48,3.3,292.17,308.62,40.06,1.06,5.4,13.26,3.78,8.52,8.12,53.06,0,62.31,2.76,197.62,3.48,197.62
2022,8,16,9,2.82,3.09,3.97,354.58,383.98,50.16,1.63,8.42,14.62,3.98,9.3,8.24,49.38,0,62.31,3.45,199.01,4.4,198.98
2022,8,16,10,3.1,3.51,4.41,395.27,437.25,57.23,2.08,10.88,15.58,4.37,9.98,8.48,47.81,0,62.3,3.96,200.08,5.06,200.06
2022,8,16,11,2.89,3.65,4.59,375.23,457.38,55.08,2.07,10.98,16.15,4.9,10.52,8.79,47.81,0,62.26,4.31,200.7,5.53,200.76
2022,8,16,12,2.83,3.58,4.49,361.62,447.83,52.99,1.98,10.2,16.33,5.45,10.89,9.16,49.19,0,62.22,4.48,201.15,5.78,201.23
2022,8,16,13,2.44,3.27,4.12,310.83,408.25,45.62,1.57,7.95,16.05,5.82,10.94,9.4,51.25,0,62.18,4.46,201.89,5.76,201.9
2022,8,16,14,1.99,2.72,3.51,251.55,340.85,36.22,1.06,5.58,15.33,5.93,10.63,9.46,54.06,0,62.16,4.28,201.55,5.53,201.56
2022,8,16,15,1.43,2,2.7,179.92,251.33,25.32,0.56,2.8,14.27,5.93,10.1,9.46,57.81,0,62.16,3.9,201.63,5.05,201.6
2022,8,16,16,0.84,1.18,1.74,103.45,147.45,13.29,0.16,0.83,12.75,5.94,9.35,9.46,63.88,0,62.18,3.31,202.75,4.32,202.76
2022,8,16,17,0.26,0.37,0.71,30.5,44.77,3.69,0.02,0.08,10.77,6.33,8.55,9.77,74.88,0,62.21,2.26,202.57,3.09,202.74
2022,8,16,18,0,0,0,0,0,0,0,0,8.45,6.76,7.61,10.01,90.12,0,62.24,0.99,199.87,1.64,200.33
2022,8,16,19,0,0,0,0,0,0,0,0,7.93,6.91,7.42,10.13,94.44,0,62.28,0.89,196.36,1.33,196.73
2022,8,16,20,0,0,0,0,0,0,0,0,7.56,7.1,7.33,10.31,98.38,0,62.31,0.52,189.61,0.8,189
2022,8,16,21,0,0,0,0,0,0,0,0,7.4,7.16,7.28,10.38,100,0,62.32,0.29,156.19,0.46,162.18
2022,8,16,22,0,0,0,0,0,0,0,0,7.08,7.01,7.04,10.25,100,0,62.3,0.24,110.77,0.34,115.97
2022,8,16,23,0,0,0,0,0,0,0,0,6.45,6.55,6.5,9.95,100,0,62.28,0.34,59.26,0.54,57.91
2022,8,17,0,0,0,0,0,0,0,0,0,5.73,5.9,5.81,9.46,100,0,62.24,0.52,38.25,0.94,38.96
2022,8,17,1,0,0,0,0,0,0,0,0,4.77,5.12,4.95,8.97,100,0,62.2,0.66,31.43,1.36,32.32
2022,8,17,2,0,0,0,0,0,0,0,0,3.79,4.12,3.95,8.36,100,0,62.17,0.85,28.69,1.68,29.55
2022,8,17,3,0,0,0,0,0,0,0,0,3.43,3.08,3.26,7.75,98.25,0,62.14,0.97,28.43,1.84,29.17
2022,8,17,4,0,0,0,0,0,0,0,0,3.17,2.05,2.61,7.14,92.69,0,62.12,1.07,29.74,1.97,30.03
2022,8,17,5,0.13,0.16,0.41,14.73,17.35,2.03,0.01,0.02,4.24,2.35,3.3,7.32,87.94,0,62.11,0.96,30.32,1.85,31.01
2022,8,17,6,0.56,0.88,1.45,66.2,105.77,8.74,0.09,0.42,8.23,2.4,5.32,7.32,66.88,0,62.13,1.4,44.55,1.81,44.3
2022,8,17,7,1.21,1.73,2.44,150.88,214.12,20.95,0.41,2,11.66,1.82,6.74,7.08,51.5,0,62.18,1.35,144.19,1.68,144.09
2022,8,17,8,1.88,2.49,3.3,238.15,310.8,33.72,0.91,4.73,13.9,1.77,7.83,7.08,44.5,0,62.22,2.6,175.16,3.27,175.07
2022,8,17,9,2.2,3.11,3.97,280.45,387.55,40.84,1.34,6.88,15.36,2.58,8.97,7.51,42.94,0,62.24,3.28,185.89,4.15,185.84
2022,8,17,10,2.62,3.5,4.41,335.98,436.35,49.2,1.77,9.1,16.31,3.6,9.96,8.12,43.44,0,62.22,3.79,192.75,4.84,192.69
2022,8,17,11,2.71,3.65,4.58,350.12,455.2,51.44,1.92,10.05,16.88,4.56,10.72,8.67,44.88,0,62.18,4.1,196.36,5.28,196.34
2022,8,17,12,2.58,3.56,4.48,330.88,443.92,48.53,1.78,9.15,17.03,5.46,11.24,9.28,47.31,0,62.12,4.18,198.1,5.37,198.14
2022,8,17,13,2.34,3.23,4.11,301.08,404.15,43.81,1.49,7.55,16.79,6.14,11.46,9.7,50.25,0,62.06,4.07,197.64,5.26,197.65
2022,8,17,14,1.81,2.69,3.5,229.92,337.02,33.18,0.96,5,16.08,6.58,11.33,9.95,54.06,0,62.03,3.96,197.83,5.12,197.77
2022,8,17,15,1.29,1.98,2.68,161.67,248.15,22.77,0.49,2.48,14.81,6.94,10.87,10.19,60,0,62.03,3.74,199.27,4.91,199.21
2022,8,17,16,0.79,1.15,1.73,96.7,143.73,12.25,0.15,0.73,13.19,7.28,10.24,10.44,68.12,0,62.05,3.29,201.14,4.39,201.08
2022,8,17,17,0.26,0.35,0.7,31.38,42.08,3.9,0.02,0.08,11.42,7.94,9.68,10.86,79.88,0,62.07,2.61,199.57,3.56,199.51
2022,8,17,18,0,0,0,0,0,0,0,0,9.92,8.64,9.28,11.41,92.38,0,62.1,1.85,195.15,2.57,195.13
2022,8,17,19,0,0,0,0,0,0,0,0,9.47,8.92,9.19,11.6,97.06,0.01,62.14,1.23,196.25,1.79,195.74
2022,8,17,20,0,0,0,0,0,0,0,0,9.18,8.97,9.07,11.6,99.25,0.01,62.15,0.78,205.54,1.36,203.33
2022,8,17,21,0,0,0,0,0,0,0,0,9.09,8.95,9.02,11.6,99.75,0.01,62.13,0.58,219.02,1.06,214.75
2022,8,17,22,0,0,0,0,0,0,0,0,8.94,8.87,8.9,11.54,100,0,62.11,0.45,225.71,0.84,219.74
2022,8,17,23,0,0,0,0,0,0,0,0,8.76,8.7,8.73,11.47,100,0.01,62.08,0.39,224.19,0.74,219.04
2022,8,18,0,0,0,0,0,0,0,0,0,8.62,8.53,8.58,11.29,100,0.01,62.05,0.35,223.21,0.62,220.36
2022,8,18,1,0,0,0,0,0,0,0,0,8.55,8.3,8.43,11.17,99.12,0.01,62,0.25,235.3,0.38,238.63
2022,8,18,2,0,0,0,0,0,0,0,0,8.48,7.94,8.21,10.93,97.38,0,61.97,0.15,351.03,0.28,345.58
2022,8,18,3,0,0,0,0,0,0,0,0,8.17,7.55,7.87,10.62,96.81,0,61.94,0.47,20.22,0.74,15.95
2022,8,18,4,0,0,0,0,0,0,0,0,7.92,7.09,7.51,10.25,95.25,0,61.92,0.6,25.24,0.93,21.62
2022,8,18,5,0.14,0.18,0.4,15.52,20.3,2.09,0.01,0.02,8.4,6.98,7.69,10.19,91.56,0,61.95,0.59,33.69,0.88,32.98
2022,8,18,6,0.7,0.94,1.45,84.02,117.77,11.04,0.11,0.55,10.79,7.09,8.94,10.31,78.75,0,61.99,0.71,58.93,0.89,56.87
2022,8,18,7,1.43,1.77,2.43,178,223.05,24.45,0.48,2.35,13.26,6.85,10.05,10.19,66.12,0,62.03,0.94,147.49,1.17,147.59
2022,8,18,8,2.06,2.51,3.29,260.4,315.85,36.84,1,5.2,14.75,6.73,10.74,10.13,59.75,0,62.07,2.06,180.43,2.63,180.85
2022,8,18,9,2.54,3.1,3.96,323.42,389.27,46.78,1.54,7.88,15.4,7.06,11.23,10.38,58.62,0,62.08,2.82,189.72,3.61,189.85
2022,8,18,10,2.74,3.48,4.4,352.83,437.23,51.88,1.88,9.62,15.58,7.49,11.53,10.68,59.69,0,62.07,3.11,193.23,3.97,193.32
2022,8,18,11,2.63,3.6,4.57,340.8,450.12,49.91,1.88,9.77,15.51,7.79,11.65,10.86,61.06,0.01,62.04,3.14,194.83,4.03,194.95
2022,8,18,12,2.43,3.51,4.47,312.58,439.8,45.78,1.68,8.77,15.5,7.93,11.72,10.93,61.56,0.01,61.99,3.07,197.47,3.93,197.46
2022,8,18,13,1.97,3.18,4.1,255.3,399.45,37.41,1.28,6.5,15.33,7.98,11.65,10.99,62.38,0.01,61.93,2.91,202.43,3.74,202.49
2022,8,18,14,1.34,2.64,3.49,173.77,332.9,25.74,0.77,4.02,15,8,11.5,10.99,63.81,0.01,61.89,2.69,207.16,3.47,207.08
2022,8,18,15,0.79,1.93,2.67,103.17,243.95,15.23,0.35,1.77,14.4,8.15,11.27,11.17,67.12,0.01,61.86,2.4,211.41,3.11,211.14
2022,8,18,16,0.51,1.12,1.71,62.8,141,8.91,0.12,0.6,13.65,8.38,11.01,11.35,71.69,0.01,61.84,2.01,214.06,2.63,213.5
2022,8,18,17,0.14,0.33,0.68,17.25,39.77,2.48,0.01,0.05,12.46,9.01,10.73,11.78,80.56,0.01,61.82,1.28,213.01,1.78,213.34
2022,8,18,18,0,0,0,0,0,0,0,0,10.58,9.26,9.92,12.02,92.69,0.02,61.82,0.53,214.16,1.1,210.4
2022,8,18,19,0,0,0,0,0,0,0,0,10.04,9.2,9.62,11.96,96,0.02,61.84,0.41,217.97,0.82,213.69
2022,8,18,20,0,0,0,0,0,0,0,0,9.96,9.14,9.55,11.9,95.94,0.03,61.84,0.2,228.18,0.34,230.53
2022,8,18,21,0,0,0,0,0,0,0,0,9.65,8.87,9.26,11.66,96.12,0.06,61.86,0.23,194.04,0.42,196.39
2022,8,18,22,0,0,0,0,0,0,0,0,9.52,8.71,9.12,11.54,95.75,0.08,61.86,0.26,205.02,0.52,203.88
2022,8,18,23,0,0,0,0,0,0,0,0,8.73,8.18,8.45,11.11,97.38,0.1,61.85,0.17,142.59,0.31,153.43
2022,8,19,0,0,0,0,0,0,0,0,0,7.59,7.4,7.5,10.56,99.69,0.13,61.85,0.51,118.54,1.09,121.88
2022,8,19,1,0,0,0,0,0,0,0,0,4.85,4.37,4.62,8.48,97.25,0.14,61.84,1.63,96.89,2.34,95.56
2022,8,19,2,0,0,0,0,0,0,0,0,4.65,3.79,4.22,8.12,94.25,0.13,61.84,1.68,92.13,2.59,92.08
2022,8,19,3,0,0,0,0,0,0,0,0,4.69,4.17,4.43,8.36,96.75,0.09,61.9,1.35,104.04,2.27,103.94
2022,8,19,4,0,0,0,0,0,0,0,0,4.12,3.71,3.91,8.06,97.56,0.06,61.95,1.74,102.17,2.74,102.17
2022,8,19,5,0.09,0.16,0.4,9.08,19.08,1.32,0.01,0.02,2.93,2.23,2.58,7.26,95.25,0.08,62.01,2.42,85.56,3.49,85.5
2022,8,19,6,0.39,0.91,1.44,47.2,115.48,6.58,0.06,0.33,3.05,1.79,2.41,7.02,91.56,0.04,62.06,2.7,80.84,3.71,80.66
2022,8,19,7,0.85,1.73,2.43,107.02,221.05,15.65,0.31,1.52,3.41,1.98,2.69,7.08,90.44,0.03,62.1,2.59,81.67,3.44,81.65
2022,8,19,8,1.31,2.48,3.29,168.25,314.8,24.99,0.7,3.62,4.91,2.58,3.75,7.39,84.94,0.02,62.13,2.32,81.11,3.04,81.14
2022,8,19,9,1.25,3.07,3.96,166.1,388.08,25.47,0.85,4.33,6.56,3.51,5.04,7.93,81.06,0.02,62.12,2.05,82.77,2.61,82.79
2022,8,19,10,1.12,3.45,4.4,153.2,435.55,23.49,0.84,4.2,8.47,4.27,6.37,8.36,75.19,0.02,62.11,1.95,108,2.44,108.32
2022,8,19,11,1.13,3.59,4.57,156.5,453.55,24.02,0.89,4.55,9.83,4.79,7.31,8.67,71.12,0.03,62.09,1.89,138.35,2.35,138.51
2022,8,19,12,1.09,3.5,4.47,150.17,441.98,23.25,0.84,4.23,10.77,5.19,7.98,8.97,68.69,0.04,62.07,2.16,168.93,2.68,168.92
2022,8,19,13,0.94,3.17,4.09,131.23,400.77,20.34,0.68,3.4,11.02,5.41,8.22,9.09,68.62,0.04,62.05,2.51,180,3.16,179.86
2022,8,19,14,1.03,2.62,3.48,136.8,332.45,20.71,0.61,3.17,10.64,5.5,8.07,9.16,70.81,0.05,62.03,2.73,181.15,3.49,181.15
2022,8,19,15,0.52,1.9,2.66,67.77,241.85,10.22,0.23,1.12,9.74,5.6,7.67,9.22,75.75,0.05,62.01,2.78,176.94,3.6,176.89
2022,8,19,16,0.39,1.08,1.7,46.83,137.02,6.58,0.09,0.42,8.68,5.71,7.19,9.28,82,0.06,61.99,2.53,175.4,3.32,175.4
2022,8,19,17,0.1,0.3,0.66,12.42,36.3,1.88,0.01,0.02,7.39,5.73,6.56,9.34,89.75,0.13,62.01,1.69,194.74,2.23,195.45
2022,8,19,18,0,0,0,0,0,0,0,0,5.9,5.43,5.66,9.16,97.69,0.14,62.09,0.77,238.74,1.25,247.6
2022,8,19,19,0,0,0,0,0,0,0,0,5.61,5.18,5.4,8.97,98,0.23,62.11,0.58,249.35,0.94,257.47
2022,8,19,20,0,0,0,0,0,0,0,0,5.54,5.08,5.31,8.91,97.69,0.29,62.19,0.25,126.16,0.43,117.95
2022,8,19,21,0,0,0,0,0,0,0,0,5.19,4.97,5.08,8.79,99.25,0.27,62.22,0.52,123.45,0.97,117.39
2022,8,19,22,0,0,0,0,0,0,0,0,5,4.8,4.9,8.73,99.31,0.27,62.21,0.49,124.7,0.87,123.98
2022,8,19,23,0,0,0,0,0,0,0,0,4.88,4.76,4.82,8.67,99.81,0.21,62.17,0.51,149.93,0.93,151.93
2022,8,20,0,0,0,0,0,0,0,0,0,4.69,4.73,4.71,8.67,100,0.12,62.13,0.57,174.52,1.15,174.91
2022,8,20,1,0,0,0,0,0,0,0,0,4.56,4.67,4.62,8.67,100,0.07,62.11,0.59,174.67,1.21,174.44
2022,8,20,2,0,0,0,0,0,0,0,0,4.45,4.58,4.52,8.61,100,0.09,62.09,0.56,165.58,1.12,166.26
2022,8,20,3,0,0,0,0,0,0,0,0,4.37,4.46,4.41,8.54,100,0.11,62.07,0.54,148.61,1.03,150.52
2022,8,20,4,0,0,0,0,0,0,0,0,4.32,4.37,4.35,8.48,100,0.1,62.06,0.54,137.34,0.99,139.79
2022,8,20,5,0.1,0.12,0.39,10.35,13.42,1.38,0.01,0.02,4.88,4.56,4.72,8.61,98.62,0.17,62.08,0.54,135.59,0.84,137.65
2022,8,20,6,0.5,0.72,1.43,57.38,84.65,7.55,0.07,0.35,6.4,5.05,5.73,8.85,91.69,0.14,62.12,1.26,167.86,1.6,167.87
2022,8,20,7,0.98,1.54,2.42,119.17,187.12,16.45,0.32,1.55,7.95,5.34,6.65,9.03,84,0.16,62.16,2.04,180.44,2.58,180.52
2022,8,20,8,1.45,2.33,3.28,181.62,286.88,25.73,0.7,3.65,9.6,5.48,7.54,9.09,75.81,0.17,62.18,2.74,188.85,3.5,188.85
2022,8,20,9,1.47,2.97,3.95,186.77,369.02,27.73,0.91,4.65,11.12,5.63,8.37,9.22,69.19,0.17,62.18,3.42,194.29,4.39,194.31
2022,8,20,10,1.62,3.38,4.39,213.55,420.67,32.02,1.16,5.75,12.71,6.04,9.37,9.52,64.12,0.15,62.14,4.01,197.94,5.18,197.92
2022,8,20,11,1.64,3.57,4.56,214.2,446,32.45,1.22,6.2,13.65,6.44,10.05,9.77,62.12,0.14,62.08,4.49,200.14,5.85,200.15
2022,8,20,12,1.59,3.48,4.46,213.35,434.58,32.34,1.21,6.05,13.92,6.78,10.35,10.01,62.44,0.13,62.03,4.81,202.23,6.3,202.21
2022,8,20,13,1.78,3.14,4.08,227.3,392.27,33.56,1.14,5.7,13.72,6.99,10.36,10.19,64.19,0.11,61.98,4.95,204.14,6.52,204.11
2022,8,20,14,1.36,2.59,3.47,171.98,323.08,25.27,0.73,3.85,13.1,7,10.05,10.19,66.81,0.08,61.95,4.98,205.56,6.6,205.5
2022,8,20,15,0.95,1.87,2.65,118.6,232.8,17.23,0.38,1.9,11.97,6.9,9.43,10.07,71.38,0.06,61.95,4.75,206.14,6.36,206.09
2022,8,20,16,0.49,1.05,1.68,59.27,129.8,8.22,0.1,0.5,10.6,6.76,8.69,10.01,77.44,0.04,61.97,4.17,206.23,5.65,206.18
2022,8,20,17,0.11,0.28,0.64,13.8,33,2.02,0.01,0.02,8.95,6.82,7.89,10.01,86.88,0.05,62,3.05,204.99,4.22,204.86
2022,8,20,18,0,0,0,0,0,0,0,0,7.87,7.1,7.48,10.25,95.38,0.07,62.02,2.16,202.11,3.02,202.05
2022,8,20,19,0,0,0,0,0,0,0,0,7.49,7.07,7.28,10.19,97.62,0.1,62.06,1.61,202.47,2.34,202.12
2022,8,20,20,0,0,0,0,0,0,0,0,7.03,6.76,6.9,10.01,98.69,0.15,62.1,1.13,207.98,1.83,207.22
2022,8,20,21,0,0,0,0,0,0,0,0,6.52,6.16,6.34,9.58,98,0.22,62.11,0.97,223.36,1.61,222.65
2022,8,20,22,0,0,0,0,0,0,0,0,6.21,5.78,5.99,9.34,97.44,0.27,62.09,0.86,228.67,1.38,227.75
2022,8,20,23,0,0,0,0,0,0,0,0,5.98,5.48,5.73,9.16,97,0.21,62.07,0.76,225.42,1.15,224.73
2022,8,21,0,0,0,0,0,0,0,0,0,5.72,5.18,5.45,8.97,96.75,0.16,62.05,0.5,218.66,0.73,217.61
2022,8,21,1,0,0,0,0,0,0,0,0,5.5,4.88,5.19,8.79,96.19,0.11,62.03,0.19,255.38,0.24,256.87
2022,8,21,2,0,0,0,0,0,0,0,0,5.26,4.45,4.86,8.48,94.88,0.08,61.98,0.35,340.35,0.56,342.07
2022,8,21,3,0,0,0,0,0,0,0,0,4.94,3.87,4.4,8.18,93.12,0.04,61.96,0.41,3.3,0.66,0
2022,8,21,4,0,0,0,0,0,0,0,0,4.97,3.43,4.19,7.93,90.12,0.02,61.98,0.4,24.08,0.62,16.14
2022,8,21,5,0.11,0.14,0.38,11.38,16.5,1.58,0.01,0.02,5.8,3.64,4.72,8.06,86.38,0.02,62,0.38,16.93,0.58,15.52
2022,8,21,6,0.51,0.87,1.42,60.7,106.88,8.62,0.09,0.42,8.27,4.55,6.41,8.54,77.69,0.01,62.04,0.36,227.64,0.45,228.53
2022,8,21,7,1.1,1.71,2.42,133.88,212.12,19.12,0.38,1.9,10.71,5.27,7.99,9.03,69.44,0.01,62.06,1.98,211.74,2.51,211.76
2022,8,21,8,1.67,2.47,3.28,205.67,307.42,29.66,0.82,4.33,12.79,5.48,9.13,9.16,61.5,0.02,62.07,2.8,206.35,3.58,206.17
2022,8,21,9,2.06,3.08,3.95,255.35,382.77,37.6,1.25,6.42,14.19,5.82,10,9.4,57.56,0.03,62.06,3.3,203.59,4.22,203.44
2022,8,21,10,2.54,3.48,4.38,323.08,431.25,47.17,1.73,8.67,15.12,6.32,10.72,9.77,56.12,0.06,62.02,3.81,202.19,4.9,202.11
2022,8,21,11,2.14,3.56,4.56,279.95,447.8,41.73,1.57,8.02,15.5,6.8,11.15,10.07,56.75,0.15,61.98,4.21,201.8,5.46,201.76
2022,8,21,12,2.23,3.5,4.45,288.95,437.6,42.95,1.59,7.98,15.43,7.19,11.31,10.38,58.5,0.28,61.93,4.45,201.88,5.79,201.86
2022,8,21,13,1.85,3.18,4.07,236.85,397.35,35.45,1.22,6.1,14.9,7.5,11.2,10.62,61.75,0.39,61.88,4.52,203.2,5.93,203.22
2022,8,21,14,1.48,2.63,3.46,186.92,329.48,27.66,0.81,4.3,14.07,7.67,10.87,10.68,65.88,0.46,61.85,4.35,205.32,5.74,205.31
2022,8,21,15,1.05,1.91,2.63,129.92,239.62,18.78,0.41,2.1,13.07,7.75,10.41,10.74,70.56,0.43,61.83,4.06,207.26,5.42,207.19
2022,8,21,16,0.57,1.09,1.67,68.45,135.88,9.62,0.12,0.6,11.78,7.89,9.83,10.86,77.44,0.35,61.84,3.44,208.31,4.66,208.24
2022,8,21,17,0.15,0.3,0.62,19.02,35.08,2.7,0.01,0.05,10.31,8.31,9.31,11.17,87.94,0.18,61.85,2.53,209.42,3.49,209.32
2022,8,21,18,0,0,0,0,0,0,0,0,9.2,8.64,8.92,11.41,96.88,0.18,61.86,1.61,213.54,2.35,213.06
2022,8,21,19,0,0,0,0,0,0,0,0,8.83,8.62,8.72,11.41,99.19,0.19,61.89,1.34,216,2.1,214.99
2022,8,21,20,0,0,0,0,0,0,0,0,8.44,8.51,8.48,11.29,100,0.25,61.93,1.19,208.25,2,206.77
2022,8,21,21,0,0,0,0,0,0,0,0,8.32,8.33,8.33,11.17,100,0.29,61.97,1.31,205.04,2.14,204.6
2022,8,21,22,0,0,0,0,0,0,0,0,8.33,8.18,8.26,11.05,99.81,0.35,61.97,1.54,209.17,2.38,209.09
2022,8,21,23,0,0,0,0,0,0,0,0,8.1,8.03,8.07,10.99,100,0.33,61.94,1.42,212.21,2.23,211.24
2022,8,22,0,0,0,0,0,0,0,0,0,7.9,7.81,7.86,10.8,100,0.22,61.91,1.43,209.78,2.25,208.44
2022,8,22,1,0,0,0,0,0,0,0,0,7.62,7.6,7.61,10.68,100,0.15,61.9,1.21,205.73,1.99,204.05
2022,8,22,2,0,0,0,0,0,0,0,0,7.36,7.28,7.32,10.44,100,0.09,61.89,1.1,203.84,1.88,201.76
2022,8,22,3,0,0,0,0,0,0,0,0,6.94,6.77,6.85,10.07,99.69,0.05,61.9,0.98,202.9,1.7,200.68
2022,8,22,4,0,0,0,0,0,0,0,0,6.65,6.47,6.56,9.83,99.5,0.04,61.9,0.91,202.17,1.56,199.62
2022,8,22,5,0.13,0.13,0.37,13.58,15.33,1.81,0.01,0.02,6.8,6.52,6.65,9.89,98.94,0.01,61.92,1.07,197.9,1.64,196.62
2022,8,22,6,0.83,0.83,1.42,97.27,100.15,11.6,0.1,0.52,7.87,6.63,7.25,9.95,92.62,0.01,61.95,1.79,193.37,2.3,193.56
2022,8,22,7,1.59,1.65,2.41,193.27,202.15,24.91,0.46,2.27,9.62,6.68,8.15,9.95,82.44,0.01,61.99,2.29,193.99,2.9,194.04
2022,8,22,8,2.22,2.41,3.27,275.62,297.92,37.45,0.99,5.02,11.65,6.57,9.11,9.89,71.5,0.01,62.02,2.9,193.55,3.66,193.56
2022,8,22,9,2.64,3.03,3.94,329.12,374.42,46.3,1.5,7.77,13.33,6.47,9.9,9.83,63.56,0.02,62.04,3.52,193.88,4.48,193.94
2022,8,22,10,2.92,3.42,4.38,367.17,422.3,52.38,1.88,9.83,14.4,6.51,10.45,9.83,59.5,0.03,62.03,4.05,195.88,5.21,195.85
2022,8,22,11,2.84,3.62,4.55,362.7,447.92,52.76,1.99,10.45,14.74,6.73,10.73,10.01,59.12,0.05,62,4.37,197.79,5.65,197.71
2022,8,22,12,2.54,3.53,4.44,323,436.12,47.2,1.75,9.02,14.76,6.95,10.86,10.19,60.06,0.06,61.97,4.48,199.45,5.81,199.38
2022,8,22,13,2.01,3.17,4.06,255.5,390.58,37.42,1.27,6.5,14.48,7.04,10.76,10.25,61.5,0.08,61.94,4.38,201.44,5.7,201.47
2022,8,22,14,1.55,2.57,3.44,195,315.45,28.16,0.83,4.33,13.92,6.94,10.43,10.19,63.31,0.08,61.92,4.21,203.76,5.49,203.83
2022,8,22,15,1.05,1.8,2.62,127.62,217.73,18.22,0.41,2,12.92,6.76,9.83,10.07,66.69,0.08,61.91,3.99,205.41,5.25,205.38
2022,8,22,16,0.44,0.96,1.65,51.65,112.42,7.23,0.09,0.45,11.4,6.65,9.03,9.95,73.12,0.08,61.92,3.61,205.07,4.83,205.07
2022,8,22,17,0.13,0.23,0.6,15.3,25.67,2.13,0.01,0.02,9.58,6.87,8.23,10.07,83.69,0.05,61.96,2.79,200.67,3.83,200.65
2022,8,22,18,0,0,0,0,0,0,0,0,8.33,7.36,7.84,10.44,94.25,0.06,62.02,1.88,189.81,2.59,189.72
2022,8,22,19,0,0,0,0,0,0,0,0,8.08,7.46,7.77,10.5,96.56,0.07,62.09,1.53,194.82,2.14,195
2022,8,22,20,0,0,0,0,0,0,0,0,7.82,7.34,7.58,10.44,97.62,0.09,62.12,1.35,210.11,1.96,210.34
2022,8,22,21,0,0,0,0,0,0,0,0,7.56,7.19,7.37,10.31,98.31,0.09,62.13,1.24,215.79,1.86,216.82
2022,8,22,22,0,0,0,0,0,0,0,0,7.25,7.01,7.13,10.19,99.38,0.09,62.13,1.07,214.62,1.75,216.31
2022,8,22,23,0,0,0,0,0,0,0,0,7.08,6.97,7.02,10.19,100,0.08,62.13,0.96,211.76,1.71,213.62
2022,8,23,0,0,0,0,0,0,0,0,0,6.93,6.83,6.88,10.07,100,0.06,62.12,1,211.58,1.78,212.99
2022,8,23,1,0,0,0,0,0,0,0,0,6.66,6.42,6.54,9.77,99.25,0.03,62.12,0.89,213.13,1.47,214.37
2022,8,23,2,0,0,0,0,0,0,0,0,6.39,5.86,6.12,9.4,97.19,0.01,62.12,0.6,216.57,0.94,216.59
2022,8,23,3,0,0,0,0,0,0,0,0,6.05,5.32,5.69,9.03,95.62,0.01,62.12,0.17,221.19,0.22,216.47
2022,8,23,4,0,0,0,0,0,0,0,0,5.44,4.71,5.07,8.67,95.5,0,62.13,0.22,36.47,0.47,34.76
2022,8,23,5,0.12,0.13,0.37,12.4,14.85,1.64,0.01,0.02,5.51,4.57,5.04,8.54,94.12,0,62.15,0.29,46.08,0.67,37.93
2022,8,23,6,0.78,0.85,1.41,91.73,102.45,11.16,0.09,0.48,7.57,3.86,5.71,8.12,77.75,0,62.17,0.67,65.22,0.87,64.36
2022,8,23,7,1.55,1.69,2.4,189.9,208.23,24.83,0.45,2.2,10.21,2.21,6.21,7.2,57.75,0,62.19,1.26,150.26,1.56,150.86
2022,8,23,8,2.29,2.45,3.26,284.7,303.45,38.84,0.99,5,12.62,1.82,7.22,7.02,47.88,0,62.21,2.29,177.85,2.85,177.96
2022,8,23,9,2.9,3.06,3.94,361.25,378.9,50.66,1.59,8.17,14.36,2.42,8.39,7.32,44.69,0,62.22,3.07,188.93,3.88,189.04
2022,8,23,10,3.23,3.45,4.37,406.25,427.48,57.97,2.03,10.6,15.48,3.26,9.37,7.81,44.19,0,62.21,3.77,195.39,4.81,195.43
2022,8,23,11,3.05,3.56,4.54,388.38,442.17,55.63,2.02,10.6,15.99,4.19,10.09,8.36,45.81,0,62.19,4.29,198.93,5.52,199
2022,8,23,12,2.46,3.46,4.43,316.05,430.25,45.8,1.63,8.48,15.98,5.08,10.53,8.91,48.88,0,62.15,4.53,200.94,5.87,200.99
2022,8,23,13,1.98,3.11,4.05,252.5,386.92,36.48,1.2,6.1,15.55,5.71,10.63,9.34,52.56,0,62.12,4.52,202.48,5.86,202.57
2022,8,23,14,1.47,2.53,3.43,187.4,313.38,26.77,0.76,3.92,14.75,6.05,10.4,9.58,56.56,0,62.12,4.39,204.38,5.73,204.47
2022,8,23,15,0.82,1.79,2.61,102.85,220.23,14.16,0.28,1.42,13.5,6.25,9.87,9.7,62.25,0.01,62.13,4.12,206.61,5.42,206.64
2022,8,23,16,0.55,0.93,1.63,65.2,111.02,9.05,0.11,0.52,11.93,6.43,9.18,9.83,69.81,0.01,62.16,3.6,209.51,4.8,209.44
2022,8,23,17,0.12,0.21,0.58,13.7,23.95,1.91,0.01,0.02,10.11,6.89,8.5,10.13,81.19,0.21,62.21,2.6,211.49,3.58,211.54
2022,8,23,18,0,0,0,0,0,0,0,0,8.84,7.61,8.23,10.62,92.88,0.21,62.25,1.72,213.11,2.41,213.23
2022,8,23,19,0,0,0,0,0,0,0,0,8.68,7.93,8.3,10.8,95.88,0.24,62.29,1.75,219.74,2.44,219.81
2022,8,23,20,0,0,0,0,0,0,0,0,8.62,8.14,8.37,10.99,97.88,0.2,62.31,1.59,220.02,2.33,220.1
2022,8,23,21,0,0,0,0,0,0,0,0,8.64,8.29,8.47,11.11,98.62,0.2,62.33,1.63,217.59,2.45,217.49
2022,8,23,22,0,0,0,0,0,0,0,0,8.54,8.11,8.33,10.99,98.06,0.26,62.35,1.84,214.77,2.72,214.7
2022,8,23,23,0,0,0,0,0,0,0,0,7.9,7.3,7.6,10.31,96.69,0.37,62.36,1.72,212.17,2.52,212.06
2022,8,24,0,0,0,0,0,0,0,0,0,7.17,6.69,6.93,9.89,97.31,0.45,62.35,1.21,210.2,1.77,210.18
2022,8,24,1,0,0,0,0,0,0,0,0,6.58,6.23,6.41,9.58,98.19,0.3,62.34,0.8,204.3,1.27,203.57
2022,8,24,2,0,0,0,0,0,0,0,0,6.32,5.9,6.12,9.4,97.81,0.19,62.33,0.63,187.13,0.92,186.34
2022,8,24,3,0,0,0,0,0,0,0,0,6.07,5.7,5.89,9.28,98.12,0.11,62.32,0.38,143.37,0.58,140.49
2022,8,24,4,0,0,0,0,0,0,0,0,5.63,5.39,5.51,9.03,98.94,0.07,62.34,0.33,88.64,0.6,84.74
2022,8,24,5,0.07,0.13,0.36,6.52,14.42,0.96,0,0.02,5.85,5.27,5.56,8.97,96.62,0.08,62.37,0.57,66.6,0.87,65.05
2022,8,24,6,0.44,0.83,1.4,50.83,102.2,6.74,0.07,0.33,7.63,5.48,6.56,9.09,86.69,0.05,62.4,0.81,102.83,1.01,102.53
2022,8,24,7,0.85,1.66,2.4,101.6,208.25,14.17,0.28,1.38,10.03,5.55,7.79,9.16,74,0.05,62.42,1.53,161.29,1.9,161.27
2022,8,24,8,1.27,2.43,3.26,158.12,304.45,23.33,0.64,3.35,12.09,5.38,8.74,9.03,63.81,0.07,62.43,2.31,182.51,2.89,182.48
2022,8,24,9,1.77,3.02,3.93,222.3,379.23,33.2,1.09,5.62,13.96,5.33,9.65,8.97,56.25,0.1,62.4,2.8,190.62,3.52,190.61
2022,8,24,10,2.23,3.41,4.37,282.92,426.65,41.6,1.49,7.52,15.43,5.49,10.46,9.09,51.75,0.14,62.35,3.33,196.78,4.21,196.82
2022,8,24,11,2.07,3.55,4.53,266.5,445.08,39.78,1.48,7.58,16.3,5.76,11.03,9.28,49.94,0.2,62.3,3.87,200.92,4.96,200.95
2022,8,24,12,1.92,3.45,4.42,252.8,432.42,38.04,1.39,7.02,16.32,6.15,11.23,9.58,51.25,0.27,62.26,4.29,202.03,5.55,202.16
2022,8,24,13,1.73,3.11,4.04,220.33,390.2,32.79,1.1,5.58,15.37,6.45,10.91,9.77,55.75,0.34,62.23,4.3,202.65,5.61,202.71
2022,8,24,14,1.29,2.52,3.42,165.95,315,24.68,0.71,3.75,13.88,6.72,10.3,9.95,62.5,0.46,62.21,3.96,204.24,5.19,204.25
2022,8,24,15,0.82,1.77,2.59,102.65,220,14.73,0.31,1.55,12.47,6.98,9.73,10.19,69.88,0.51,62.19,3.51,207.99,4.64,208.12
2022,8,24,16,0.41,0.94,1.62,48.73,114.08,6.68,0.08,0.38,11.24,7.19,9.22,10.31,76.88,0.54,62.19,3.04,214.3,4.07,214.51
2022,8,24,17,0.1,0.22,0.56,12.17,25.27,1.71,0.01,0.02,9.98,7.54,8.76,10.56,85.62,0.37,62.21,2.35,218.78,3.23,218.92
2022,8,24,18,0,0,0,0,0,0,0,0,9.01,8.08,8.55,10.99,94.88,0.45,62.23,1.63,221.7,2.31,222.12
2022,8,24,19,0,0,0,0,0,0,0,0,8.61,8.15,8.38,10.99,97.88,0.71,62.26,1.19,224.73,1.85,225.51
2022,8,24,20,0,0,0,0,0,0,0,0,8.23,8.09,8.15,10.93,100,0.98,62.3,0.9,222.54,1.66,222.33
2022,8,24,21,0,0,0,0,0,0,0,0,8.08,8.05,8.07,10.93,100,0.98,62.32,0.89,220.38,1.61,219.49
2022,8,24,22,0,0,0,0,0,0,0,0,8.08,7.98,8.04,10.93,100,0.78,62.3,0.83,220.43,1.52,218.94
2022,8,24,23,0,0,0,0,0,0,0,0,8.05,7.95,8,10.93,100,0.51,62.29,0.78,224.59,1.5,222.05
2022,8,25,0,0,0,0,0,0,0,0,0,7.81,7.56,7.69,10.62,99.56,0.24,62.27,0.85,227.97,1.67,225.57
2022,8,25,1,0,0,0,0,0,0,0,0,7.52,7.12,7.32,10.25,98.5,0.09,62.25,0.88,228.96,1.72,227.39
2022,8,25,2,0,0,0,0,0,0,0,0,7.01,6.66,6.84,9.95,98.62,0.05,62.25,0.9,229.56,1.72,228.13
2022,8,25,3,0,0,0,0,0,0,0,0,6.82,6.39,6.6,9.77,98,0.03,62.25,0.84,230.67,1.47,229.73
2022,8,25,4,0,0,0,0,0,0,0,0,6.9,6.26,6.58,9.64,96.56,0.03,62.25,0.72,236.14,1.12,236.09
2022,8,25,5,0.12,0.14,0.35,12.25,15.6,1.62,0.01,0.02,7.05,6.19,6.62,9.64,95.25,0.03,62.26,0.5,240.26,0.72,240.1
2022,8,25,6,0.83,0.87,1.39,100.52,107.73,11.95,0.1,0.5,8.22,6.44,7.33,9.77,89.31,0.01,62.3,0.76,208.94,0.93,209.57
2022,8,25,7,1.62,1.69,2.39,200.62,212.02,26.21,0.48,2.35,9.91,6.73,8.32,9.95,81.31,0.03,62.32,1.47,196.7,1.83,196.89
2022,8,25,8,2.27,2.45,3.25,284.95,307.4,39.18,1.02,5.17,12.03,6.8,9.42,10.01,71,0.04,62.34,2.03,197.04,2.53,197.04
2022,8,25,9,2.69,3.06,3.93,339,383.15,48.3,1.55,8,13.72,6.87,10.3,10.07,63.94,0.05,62.34,2.69,197.91,3.41,197.85
2022,8,25,10,3.08,3.46,4.36,390.77,431.08,56.39,2.01,10.48,14.7,7.22,10.96,10.31,61.44,0.05,62.32,3.39,198.56,4.35,198.63
2022,8,25,11,3.05,3.6,4.53,388.83,449,56.54,2.09,11.02,15.05,7.42,11.23,10.5,61,0.06,62.28,3.87,199.46,5.01,199.4
2022,8,25,12,3.04,3.5,4.42,388.55,435.85,56.05,2.02,10.6,15.1,7.48,11.29,10.56,61.06,0.07,62.24,4.1,200.4,5.32,200.35
2022,8,25,13,2.51,3.14,4.03,316.25,391.08,45.34,1.51,7.7,14.84,7.45,11.15,10.56,62.12,0.09,62.2,4.1,201.44,5.34,201.46
2022,8,25,14,1.94,2.53,3.41,242.88,312.6,34.02,0.95,4.92,14.33,7.34,10.83,10.5,63.81,0.09,62.17,4,202.4,5.22,202.45
2022,8,25,15,1.32,1.77,2.58,162.62,217.1,22.21,0.45,2.25,13.37,7.16,10.27,10.38,67.06,0.07,62.15,3.74,201.96,4.92,202
2022,8,25,16,0.71,0.92,1.6,82.67,109.7,10.48,0.12,0.58,11.89,7.1,9.49,10.31,73.56,0.07,62.17,3.28,199.47,4.39,199.53
2022,8,25,17,0.19,0.21,0.55,20.95,23.33,2.73,0.01,0.05,10.15,7.47,8.8,10.56,84.5,0.04,62.19,2.29,196.21,3.2,196.31
2022,8,25,18,0,0,0,0,0,0,0,0,9.05,8.09,8.57,10.99,94.69,0.04,62.22,1.38,192.07,1.97,192.16
2022,8,25,19,0,0,0,0,0,0,0,0,8.85,8.34,8.6,11.17,97.44,0.03,62.24,0.86,196.3,1.33,195.02
2022,8,25,20,0,0,0,0,0,0,0,0,8.63,8.29,8.46,11.11,98.62,0.03,62.26,0.75,201.47,1.22,199.01
2022,8,25,21,0,0,0,0,0,0,0,0,8.35,8.06,8.2,10.93,98.88,0.02,62.26,0.67,195.67,1.11,192.57
2022,8,25,22,0,0,0,0,0,0,0,0,8.05,7.61,7.83,10.62,97.88,0.01,62.25,0.55,179.19,0.94,178.57
2022,8,25,23,0,0,0,0,0,0,0,0,7.78,7.33,7.55,10.38,97.81,0.01,62.23,0.47,165.5,0.78,166.1
2022,8,26,0,0,0,0,0,0,0,0,0,7.51,7.01,7.26,10.19,97.44,0.01,62.2,0.32,138.01,0.51,143.13
2022,8,26,1,0,0,0,0,0,0,0,0,7.09,6.53,6.81,9.83,97.06,0.01,62.17,0.28,67.01,0.43,67.62
2022,8,26,2,0,0,0,0,0,0,0,0,6.64,5.84,6.24,9.4,95.38,0,62.14,0.53,36.53,0.87,36.97
2022,8,26,3,0,0,0,0,0,0,0,0,5.88,5.04,5.46,8.85,94.88,0,62.11,0.75,29.23,1.25,28.81
2022,8,26,4,0,0,0,0,0,0,0,0,5.14,4.15,4.65,8.3,93.81,0.01,62.1,0.89,25.89,1.55,24.75
2022,8,26,5,0.09,0.14,0.34,9.55,15,1.36,0.01,0.02,5.33,3.89,4.61,8.18,91,0,62.11,0.94,22.07,1.68,23.34
2022,8,26,6,0.5,0.87,1.39,59.95,105.55,8.15,0.08,0.4,8.55,4.5,6.52,8.54,76.25,0,62.14,0.99,37.95,1.3,37.91
2022,8,26,7,1.13,1.7,2.38,139.77,210.85,19.51,0.39,1.92,11.5,4.22,7.86,8.42,61.81,0,62.2,1.45,162.74,1.83,162.57
2022,8,26,8,1.87,2.46,3.25,233.6,304.95,32.95,0.91,4.8,13.48,4.32,8.9,8.48,54.75,0,62.24,2.37,179.62,2.96,179.7
2022,8,26,9,2.37,3.04,3.92,296.17,377.5,42.41,1.41,7.3,15.07,4.67,9.87,8.73,50.62,0,62.23,2.7,195.24,3.39,195.22
2022,8,26,10,2.65,3.43,4.35,334.42,424.3,48.54,1.78,8.98,16.03,4.87,10.45,8.85,48.25,0,62.19,3.26,201.83,4.15,201.74
2022,8,26,11,2.83,3.64,4.52,360.25,451.45,53.42,2.03,10.6,16.34,5.29,10.82,9.09,48.75,0,62.16,3.84,202.6,4.99,202.47
2022,8,26,12,2.72,3.54,4.41,345.23,438.5,51.05,1.91,9.75,16.23,5.87,11.05,9.52,51.19,0,62.12,4.17,203.49,5.46,203.34
2022,8,26,13,2.32,3.18,4.02,293.9,395.35,42.98,1.47,7.52,15.8,6.45,11.12,9.95,54.88,0.01,62.09,4.17,205.03,5.48,205.03
2022,8,26,14,1.55,2.61,3.39,197.23,324.6,28.77,0.84,4.4,14.95,6.89,10.92,10.19,59.56,0.01,62.06,3.82,207.25,5.02,207.12
2022,8,26,15,1,1.84,2.56,121.5,227.8,17.23,0.38,1.88,14.26,7.03,10.64,10.31,62.75,0.01,62.04,3.38,209.53,4.45,209.53
2022,8,26,16,0.47,0.94,1.58,55.3,112.23,7.84,0.09,0.48,13.37,7.07,10.22,10.31,66.44,0.01,62.04,2.9,209.4,3.85,209.37
2022,8,26,17,0.14,0.19,0.53,16.45,21.58,2.27,0.01,0.02,11.58,7.71,9.64,10.74,78,0.01,62.04,1.86,206.78,2.65,206.26
2022,8,26,18,0,0,0,0,0,0,0,0,9.33,8.23,8.79,11.11,93.56,0.01,62.07,0.82,196.7,1.47,194.77
2022,8,26,19,0,0,0,0,0,0,0,0,8.9,8.52,8.71,11.29,98.19,0.01,62.09,0.72,199.61,1.15,198.19
2022,8,26,20,0,0,0,0,0,0,0,0,8.71,8.57,8.64,11.35,99.81,0.01,62.1,0.59,212.64,0.94,211.45
2022,8,26,21,0,0,0,0,0,0,0,0,8.5,8.43,8.46,11.23,100,0.01,62.11,0.55,215.73,0.88,215.24
2022,8,26,22,0,0,0,0,0,0,0,0,8.31,8.3,8.31,11.17,100,0.01,62.13,0.52,200.06,0.85,199.44
2022,8,26,23,0,0,0,0,0,0,0,0,8.18,8.15,8.16,11.05,100,0.01,62.12,0.47,208.69,0.73,209.29
2022,8,27,0,0,0,0,0,0,0,0,0,8.12,7.91,8.02,10.86,99.75,0.01,62.08,0.4,238.47,0.63,242.47
2022,8,27,1,0,0,0,0,0,0,0,0,7.92,7.61,7.76,10.68,99.12,0,62.04,0.37,280.84,0.59,284.59
2022,8,27,2,0,0,0,0,0,0,0,0,7.39,7.19,7.29,10.38,99.88,0,62.01,0.47,341.57,0.78,339.38
2022,8,27,3,0,0,0,0,0,0,0,0,6.62,6.69,6.65,10.01,100,0,61.98,0.64,9.12,1.13,5.95
2022,8,27,4,0,0,0,0,0,0,0,0,5.98,6.08,6.03,9.58,100,0,61.97,0.78,21.16,1.35,17.81
2022,8,27,5,0.1,0.12,0.34,10.92,12.88,1.53,0.01,0.02,6.16,5.72,5.94,9.34,97.88,0,62,0.88,23.13,1.52,24.2
2022,8,27,6,0.57,0.81,1.38,68.7,97.9,8.98,0.09,0.4,9.19,6.15,7.67,9.64,82.19,0,62.04,1.18,30.64,1.5,30.96
2022,8,27,7,1.24,1.64,2.38,152.75,203.17,20.82,0.39,1.92,12.48,5.9,9.19,9.52,65.19,0,62.08,0.22,171.87,0.27,171.63
2022,8,27,8,1.91,2.4,3.24,238.95,298.85,33.37,0.88,4.58,15.18,5.58,10.38,9.34,53.75,0,62.09,2.06,198.78,2.56,198.66
2022,8,27,9,2.39,3.01,3.91,300.9,374.1,42.91,1.38,7.12,16.8,5.89,11.34,9.52,49.5,0,62.09,3.21,199.45,4.09,199.4
2022,8,27,10,2.45,3.4,4.35,309.1,422.5,45.23,1.61,8.27,17.75,6.43,12.09,9.89,48.31,0.01,62.07,4.11,201.5,5.33,201.41
2022,8,27,11,2.85,3.61,4.51,358.27,439.08,52.09,1.96,10.25,17.99,7.12,12.55,10.38,49.81,0.02,62.03,4.63,203.67,6.04,203.65
2022,8,27,12,2.14,3.47,4.4,272.12,424.95,39.84,1.46,7.38,17.41,7.72,12.57,10.8,53.75,0.03,61.99,4.78,206.19,6.25,206.18
2022,8,27,13,1.34,3.06,4.01,176.77,379.2,25.89,0.85,4.35,16.62,8.09,12.36,11.11,57.94,0.04,61.96,4.64,208.38,6.09,208.34
2022,8,27,14,1.21,2.49,3.38,153.85,307.8,22.44,0.64,3.35,15.83,8.23,12.03,11.17,61.38,0.05,61.92,4.36,209.73,5.76,209.7
2022,8,27,15,0.82,1.76,2.55,102.45,216.58,14.58,0.3,1.52,14.86,8.19,11.52,11.11,65.06,0.05,61.91,3.98,210.85,5.29,210.85
2022,8,27,16,0.36,0.94,1.57,42.4,113.2,5.9,0.07,0.33,13.69,8.12,10.9,11.05,69.88,0.04,61.92,3.35,212.32,4.51,212.21
2022,8,27,17,0.13,0.2,0.51,14.48,22.48,2.04,0.01,0.02,12.05,8.62,10.33,11.47,80.44,0.04,61.94,2.15,210.11,3.03,210
2022,8,27,18,0,0,0,0,0,0,0,0,10.3,9.26,9.78,11.96,94.19,0.04,61.93,0.98,210.65,1.68,208.59
2022,8,27,19,0,0,0,0,0,0,0,0,9.87,9.52,9.69,12.15,98.56,0.04,61.96,0.79,210.38,1.4,206.14
2022,8,27,20,0,0,0,0,0,0,0,0,9.62,9.51,9.57,12.15,100,0.05,62.04,0.81,195.64,1.51,193.46
2022,8,27,21,0,0,0,0,0,0,0,0,9.6,9.46,9.53,12.08,99.94,0.05,62.06,0.88,203.13,1.58,201.49
2022,8,27,22,0,0,0,0,0,0,0,0,9.39,9.32,9.36,11.96,100,0.05,62.06,0.87,211.84,1.62,210.16
2022,8,27,23,0,0,0,0,0,0,0,0,9.2,9.15,9.18,11.84,100,0.05,62.04,0.93,217.83,1.73,215.84
2022,8,28,0,0,0,0,0,0,0,0,0,8.97,8.93,8.94,11.66,100,0.04,62.02,0.92,220.87,1.73,219.14
2022,8,28,1,0,0,0,0,0,0,0,0,8.7,8.67,8.69,11.47,100,0.03,61.99,0.85,226.12,1.66,223.85
2022,8,28,2,0,0,0,0,0,0,0,0,8.39,8.4,8.4,11.29,100,0.03,61.96,0.73,225.43,1.49,222.23
2022,8,28,3,0,0,0,0,0,0,0,0,8.11,8.19,8.15,11.11,100,0.02,61.94,0.65,214.65,1.29,213.88
2022,8,28,4,0,0,0,0,0,0,0,0,7.9,8.01,7.95,10.99,100,0.02,61.94,0.62,196.84,1.14,197.19
2022,8,28,5,0.08,0.11,0.33,8.45,12.12,1.2,0.01,0.02,8.27,8.14,8.2,11.05,100,0.02,61.96,0.53,168.2,1.05,167.94
2022,8,28,6,0.45,0.78,1.37,53.45,92.98,7.11,0.06,0.33,9.9,8.61,9.26,11.47,93.06,0.01,62,1.56,163.38,2.08,163.61
2022,8,28,7,1.05,1.61,2.37,128.23,196.65,17.78,0.34,1.67,11.11,8.98,10.05,11.72,87.75,0.01,62.04,2.59,179.13,3.41,179.34
2022,8,28,8,1.41,2.37,3.24,174.75,291.1,25.12,0.68,3.58,12.22,8.95,10.58,11.66,81.06,0.01,62.07,3.45,191.64,4.57,191.73
2022,8,28,9,1.56,2.98,3.91,197.8,365.55,29.09,0.95,4.9,12.95,8.69,10.82,11.41,75.75,0.02,62.09,4.26,199.5,5.69,199.51
2022,8,28,10,2.1,3.34,4.34,266.9,412.38,38.46,1.37,6.8,13.36,8.52,10.94,11.29,72.88,0.03,62.09,4.92,205.71,6.59,205.65
2022,8,28,11,1.61,3.47,4.5,208.48,428.58,30.53,1.12,5.62,13.73,8.4,11.07,11.17,70.56,0.04,62.07,5.22,209.33,6.98,209.29
2022,8,28,12,1.47,3.34,4.39,193.6,412.1,28.47,1.02,5.08,14.6,8.3,11.45,11.11,66.25,0.05,62.04,5.35,210.76,7.11,210.7
2022,8,28,13,1.02,2.95,4,136.77,364.42,20.23,0.66,3.35,14.89,7.92,11.4,10.86,63.38,0.06,62,5.38,211.11,7.18,211.03
2022,8,28,14,0.56,2.35,3.37,73.92,288.62,10.41,0.28,1.48,14.08,7.83,10.95,10.8,66.44,0.07,61.99,5.16,208.78,6.9,208.68
2022,8,28,15,0.45,1.6,2.53,56.83,193.58,8.2,0.17,0.85,12.83,7.93,10.38,10.86,72.44,0.07,61.98,4.57,205.16,6.14,205.07
2022,8,28,16,0.28,0.78,1.55,33.6,91.83,4.77,0.05,0.25,11.25,7.98,9.62,10.86,80.56,0.07,62,3.75,198.96,5.07,198.8
2022,8,28,17,0.08,0.15,0.49,8.2,16.95,1.16,0,0.02,9.77,7.98,8.87,10.86,89,0.16,62.04,2.81,188.65,3.87,188.47
2022,8,28,18,0,0,0,0,0,0,0,0,8.74,7.97,8.36,10.86,95.62,0.18,62.09,1.97,177.73,2.75,177.23
2022,8,28,19,0,0,0,0,0,0,0,0,8.55,7.96,8.26,10.86,96.94,0.2,62.16,1.67,178.93,2.39,178.5
2022,8,28,20,0,0,0,0,0,0,0,0,8.41,7.98,8.19,10.86,98,0.23,62.23,1.52,183.83,2.25,183.59
2022,8,28,21,0,0,0,0,0,0,0,0,8.19,7.89,8.04,10.8,98.94,0.26,62.24,1.33,189.13,2.02,188.44
2022,8,28,22,0,0,0,0,0,0,0,0,7.8,7.69,7.75,10.68,100,0.24,62.23,1.07,191.8,1.75,190.26
2022,8,28,23,0,0,0,0,0,0,0,0,7.56,7.58,7.57,10.62,100,0.23,62.21,1.02,187.51,1.77,186.09
2022,8,29,0,0,0,0,0,0,0,0,0,7.23,7.36,7.3,10.44,100,0.2,62.18,1.01,188.44,1.87,187.69
2022,8,29,1,0,0,0,0,0,0,0,0,6.74,6.98,6.86,10.13,100,0.13,62.16,0.98,190.14,1.87,188.4
2022,8,29,2,0,0,0,0,0,0,0,0,6.38,6.62,6.5,9.89,100,0.08,62.16,0.85,189.03,1.7,186.86
2022,8,29,3,0,0,0,0,0,0,0,0,6.19,6.42,6.31,9.77,100,0.05,62.18,0.7,188.94,1.45,186.51
2022,8,29,4,0,0,0,0,0,0,0,0,6.03,6.22,6.12,9.64,100,0.04,62.21,0.62,185.78,1.17,184.99
2022,8,29,5,0.05,0.09,0.32,4.8,10.15,0.69,0,0,6.34,6.26,6.3,9.64,100,0.07,62.25,0.63,177.88,1.06,177.05
2022,8,29,6,0.09,0.67,1.36,10.33,79,1.49,0.02,0.08,7.83,6.54,7.19,9.83,92.38,0.05,62.3,1.27,186.69,1.61,186.68
2022,8,29,7,0.36,1.48,2.36,43.33,180.3,6.41,0.12,0.62,9.65,6.64,8.15,9.89,82.19,0.04,62.34,1.92,199.47,2.42,199.26
2022,8,29,8,0.72,2.24,3.23,91.77,277.25,13.55,0.37,1.92,12.06,6.47,9.26,9.83,69.38,0.01,62.37,2.66,203.18,3.35,203.04
2022,8,29,9,0.98,2.86,3.9,127.7,354.73,18.88,0.62,3.23,13.98,6.39,10.19,9.77,60.88,0.01,62.37,3.4,202.14,4.33,202.03
2022,8,29,10,1.09,3.26,4.33,149.3,405.12,22.45,0.83,4.12,15.19,6.72,10.95,9.95,57.5,0.01,62.35,4.17,201.08,5.39,200.91
2022,8,29,11,0.86,3.56,4.5,117.85,451.1,18.52,0.71,3.6,15.65,7.19,11.42,10.31,57.62,0.05,62.32,4.81,201.14,6.26,201.06
2022,8,29,12,1.2,3.43,4.38,165.17,435.55,25.97,0.97,4.83,15.38,7.51,11.45,10.56,59.94,0.11,62.29,5.15,201.46,6.77,201.45
2022,8,29,13,1.24,3.07,3.99,167.67,390,25.95,0.89,4.52,14.65,7.6,11.12,10.56,63.12,0.15,62.25,5.26,202.91,6.98,202.86
2022,8,29,14,1.12,2.48,3.35,144.48,314.48,21.62,0.62,3.2,13.69,7.71,10.7,10.68,67.56,0.19,62.23,5.15,204.47,6.89,204.38
2022,8,29,15,0.78,1.72,2.52,98.65,216.77,14.39,0.3,1.5,12.49,7.83,10.16,10.74,73.62,0.19,62.22,4.75,205.64,6.42,205.6
2022,8,29,16,0.42,0.86,1.53,48.77,105,6.49,0.07,0.35,11.2,8.01,9.61,10.86,81.06,0.17,62.23,3.98,205.36,5.42,205.24
2022,8,29,17,0.1,0.16,0.47,11.35,18.5,1.63,0.01,0.02,10.01,8.33,9.18,11.11,89.81,0.08,62.25,2.93,201.91,4.06,201.78
2022,8,29,18,0,0,0,0,0,0,0,0,9.34,8.67,9.01,11.35,96.12,0.09,62.29,2.06,198.16,2.92,197.9
2022,8,29,19,0,0,0,0,0,0,0,0,9.13,8.76,8.94,11.41,98.12,0.08,62.33,1.53,202.51,2.31,202.05
2022,8,29,20,0,0,0,0,0,0,0,0,8.65,8.61,8.63,11.29,100,0.08,62.36,1.23,211.27,2.06,210.07
2022,8,29,21,0,0,0,0,0,0,0,0,8.27,8.3,8.29,11.05,100,0.07,62.36,0.99,217.32,1.79,214.87
2022,8,29,22,0,0,0,0,0,0,0,0,7.77,7.94,7.86,10.8,100,0.08,62.35,0.77,216.75,1.57,213.61
2022,8,29,23,0,0,0,0,0,0,0,0,7.48,7.64,7.55,10.62,100,0.1,62.33,0.68,214.24,1.38,210.63
2022,8,30,0,0,0,0,0,0,0,0,0,7.15,7.3,7.23,10.38,100,0.06,62.3,0.62,207.86,1.23,205.26
2022,8,30,1,0,0,0,0,0,0,0,0,6.8,6.98,6.89,10.13,100,0.04,62.27,0.6,198.9,1.14,198.81
2022,8,30,2,0,0,0,0,0,0,0,0,6.56,6.66,6.62,9.95,100,0.02,62.26,0.59,189.83,1.08,189.6
2022,8,30,3,0,0,0,0,0,0,0,0,6.34,6.44,6.39,9.77,100,0.02,62.25,0.59,176.19,1.02,176.04
2022,8,30,4,0,0,0,0,0,0,0,0,6.3,6.28,6.3,9.7,100,0.01,62.26,0.55,163.38,0.88,162.53
2022,8,30,5,0.09,0.1,0.32,8.88,11.23,1.25,0.01,0.02,6.52,6.23,6.37,9.64,99.25,0,62.28,0.47,148.71,0.73,148.51
2022,8,30,6,0.49,0.72,1.36,58.38,85.45,7.87,0.08,0.38,8.21,6.63,7.42,9.95,91.06,0,62.33,0.91,157.38,1.12,157.53
2022,8,30,7,1.08,1.54,2.36,132.52,188.92,18.27,0.35,1.73,10.36,6.61,8.48,9.95,78.94,0,62.38,1.67,185.92,2.06,185.88
2022,8,30,8,1.42,2.3,3.22,180.23,286.67,25.77,0.7,3.65,12.8,6.24,9.52,9.77,65.69,0,62.41,2.51,196.46,3.14,196.32
2022,8,30,9,1.87,2.92,3.89,237.45,364.45,34.33,1.12,5.83,14.69,6.23,10.46,9.7,58,0,62.42,3.33,197.75,4.24,197.6
2022,8,30,10,2.06,3.32,4.33,264.88,413.8,38.77,1.4,7.05,15.76,6.55,11.15,9.89,55.19,0,62.41,4.04,199.31,5.21,199.28
2022,8,30,11,2.05,3.44,4.49,264.12,429.33,38.64,1.44,7.38,16.15,6.87,11.51,10.13,54.81,0,62.37,4.51,201.23,5.86,201.16
2022,8,30,12,2.2,3.33,4.37,284.23,416.17,41.12,1.48,7.6,15.98,7.15,11.56,10.31,56.38,0,62.33,4.71,202.65,6.15,202.63
2022,8,30,13,1.74,2.97,3.98,222.77,371.85,32.46,1.09,5.55,15.44,7.28,11.36,10.38,58.81,0,62.28,4.77,203.84,6.29,203.83
2022,8,30,14,1.27,2.4,3.34,164.33,300,23.87,0.67,3.52,14.62,7.27,10.95,10.38,61.88,0,62.23,4.62,205.65,6.12,205.58
2022,8,30,15,0.86,1.66,2.5,109.65,206.55,15.48,0.32,1.58,13.6,7.27,10.44,10.38,66,0,62.22,4.22,206.23,5.6,206.14
2022,8,30,16,0.38,0.85,1.51,46.55,103.05,6.44,0.07,0.35,12.3,7.32,9.81,10.38,72,0,62.22,3.56,206.28,4.77,206.23
2022,8,30,17,0.1,0.16,0.45,11.35,18.27,1.59,0.01,0.02,10.55,7.65,9.11,10.62,82.62,0.02,62.24,2.62,204.34,3.59,204.17
2022,8,30,18,0,0,0,0,0,0,0,0,9.32,8.13,8.73,10.93,92.88,0.02,62.27,1.82,199.6,2.52,199.39
2022,8,30,19,0,0,0,0,0,0,0,0,8.9,8.3,8.61,11.11,96.69,0.02,62.3,1.26,203.39,1.81,202.58
2022,8,30,20,0,0,0,0,0,0,0,0,8.55,8.3,8.43,11.11,98.94,0.02,62.32,0.86,208.9,1.45,205.18
2022,8,30,21,0,0,0,0,0,0,0,0,8.22,8.23,8.23,11.05,100,0.02,62.32,0.73,208.76,1.37,203.8
2022,8,30,22,0,0,0,0,0,0,0,0,7.91,8.11,8.01,10.93,100,0.02,62.3,0.63,204.97,1.3,201.93
2022,8,30,23,0,0,0,0,0,0,0,0,7.62,7.93,7.78,10.8,100,0.02,62.27,0.64,207.82,1.32,205.96
2022,8,31,0,0,0,0,0,0,0,0,0,7.37,7.7,7.54,10.68,100,0.02,62.23,0.66,211.43,1.29,211.38
2022,8,31,1,0,0,0,0,0,0,0,0,7.24,7.48,7.37,10.5,100,0.02,62.19,0.64,216.03,1.18,216.11
2022,8,31,2,0,0,0,0,0,0,0,0,7.12,7.26,7.19,10.38,100,0.02,62.16,0.61,214.51,1.05,215.59
2022,8,31,3,0,0,0,0,0,0,0,0,6.94,7.04,6.99,10.19,100,0.01,62.14,0.47,209.15,0.77,211.26
2022,8,31,4,0,0,0,0,0,0,0,0,7.01,6.94,6.98,10.13,100,0.01,62.15,0.27,181.68,0.39,187.97
2022,8,31,5,0.07,0.09,0.31,6.73,10.15,0.94,0,0.02,7.15,6.86,7.01,10.13,99.19,0.06,62.18,0.2,87.71,0.32,88.6
2022,8,31,6,0.39,0.72,1.35,47.6,86,6.5,0.06,0.3,8.69,7.06,7.88,10.25,90.56,0.04,62.21,0.47,78.5,0.58,78.39
2022,8,31,7,0.94,1.54,2.35,116.1,189.62,16.28,0.32,1.6,11.01,7.12,9.07,10.31,77.94,0.03,62.23,0.65,186.19,0.79,186.22
2022,8,31,8,1.37,2.3,3.22,173.3,286.33,24.84,0.69,3.65,13.26,7.05,10.15,10.25,66.88,0.01,62.25,1.7,202.92,2.1,202.75
2022,8,31,9,1.74,2.91,3.89,221.77,362.77,32.25,1.07,5.58,15.05,7.24,11.15,10.38,60.31,0.01,62.24,2.7,205.38,3.39,205.21
2022,8,31,10,2.02,3.31,4.32,258.67,411.73,37.75,1.38,6.88,15.88,7.68,11.78,10.74,59,0.03,62.2,3.62,206.01,4.66,205.92
2022,8,31,11,2.06,3.53,4.48,267.77,441.58,39.99,1.53,7.73,16.35,8.16,12.26,11.11,59.19,0.07,62.16,4.42,207.33,5.8,207.15
2022,8,31,12,2.06,3.41,4.36,267.7,426.25,39.88,1.48,7.45,15.79,8.41,12.1,11.29,62.31,0.1,62.11,4.89,208.73,6.52,208.56
2022,8,31,13,1.57,3.05,3.97,202.73,380.9,30.08,1.03,5.3,14.98,8.64,11.81,11.47,66.62,0.11,62.07,5.06,211.36,6.8,211.19
2022,8,31,14,1.08,2.46,3.33,139.05,307.08,20.71,0.6,3.17,14.19,8.8,11.5,11.54,70.56,0.11,62.03,4.88,214.63,6.62,214.52
2022,8,31,15,0.65,1.67,2.48,80.77,205.5,11.85,0.26,1.25,13.29,8.78,11.04,11.54,74.69,0.12,62.02,4.53,216.65,6.18,216.52
2022,8,31,16,0.36,0.81,1.49,41.85,95.8,5.84,0.07,0.33,11.97,8.81,10.39,11.54,81.5,0.09,62.03,3.72,216.89,5.14,216.66
2022,8,31,17,0.09,0.14,0.43,9.38,15.95,1.34,0.01,0.02,10.63,9.1,9.87,11.78,90.94,0.14,62.06,2.52,214.38,3.51,214.22
2022,8,31,18,0,0,0,0,0,0,0,0,9.91,9.3,9.61,11.9,96.69,0.13,62.1,1.58,211.89,2.31,211.43
2022,8,31,19,0,0,0,0,0,0,0,0,9.48,9.27,9.37,11.9,99.38,0.12,62.13,1.19,212.64,1.93,211.44
2022,8,31,20,0,0,0,0,0,0,0,0,9.15,9.18,9.16,11.78,100,0.12,62.13,1.04,216.78,1.85,215.03
2022,8,31,21,0,0,0,0,0,0,0,0,8.72,8.96,8.83,11.6,100,0.11,62.15,0.97,209.46,1.87,207.31
2022,8,31,22,0,0,0,0,0,0,0,0,8.29,8.66,8.48,11.41,100,0.09,62.18,0.99,205.76,1.99,204.15
2022,8,31,23,0,0,0,0,0,0,0,0,8.15,8.44,8.3,11.23,100,0.08,62.17,0.93,210.22,1.89,208.69
2022,9,1,0,0,0,0,0,0,0,0,0,7.99,8.25,8.12,11.11,100,0.06,62.13,0.81,210.77,1.71,208.9
2022,9,1,1,0,0,0,0,0,0,0,0,7.81,8.1,7.95,10.99,100,0.07,62.09,0.7,201.68,1.55,200.08
2022,9,1,2,0,0,0,0,0,0,0,0,7.68,7.97,7.83,10.86,100,0.06,62.07,0.67,182.66,1.52,182.06
2022,9,1,3,0,0,0,0,0,0,0,0,7.51,7.83,7.67,10.8,100,0.07,62.07,0.76,166.96,1.69,167.96
2022,9,1,4,0,0,0,0,0,0,0,0,7.33,7.65,7.49,10.68,100,0.06,62.1,0.92,167.26,1.9,170.03
2022,9,1,5,0.06,0.09,0.3,5.6,10.8,0.81,0,0.02,7.6,7.65,7.62,10.68,100,0.06,62.15,1.19,176.24,2.09,178.93
2022,9,1,6,0.17,0.71,1.34,20.45,85.95,2.81,0.03,0.12,8.73,7.87,8.3,10.8,95.19,0.06,62.21,2.67,193.38,3.66,193.47
2022,9,1,7,0.5,1.52,2.34,60.92,186.55,8.77,0.17,0.85,9.43,7.51,8.47,10.5,88.38,0.06,62.25,3.14,200.06,4.13,200.01
2022,9,1,8,0.78,2.27,3.21,102.33,280.52,15.25,0.42,2.23,10.9,7.25,9.07,10.31,78.69,0.06,62.27,3.21,205.07,4.14,205.11
2022,9,1,9,1.24,2.88,3.88,160.98,356.5,23.59,0.78,4.05,12.7,7.21,9.96,10.31,69.75,0.06,62.27,3.4,203.27,4.38,203.23
2022,9,1,10,1.46,3.27,4.31,191.58,405.6,28.53,1.04,5.17,14.07,7.5,10.78,10.5,65.12,0.08,62.24,3.89,202.04,5.05,201.97
2022,9,1,11,1.46,3.38,4.47,194.67,419.17,28.73,1.07,5.4,14.66,7.74,11.2,10.68,63.75,0.1,62.19,4.54,203.43,5.99,203.29
2022,9,1,12,1.45,3.23,4.35,188.15,397,27.45,1,4.98,14.22,8.01,11.11,10.93,66.75,0.12,62.14,4.91,204.81,6.57,204.58
2022,9,1,13,1.22,2.89,3.95,156.55,355.75,22.96,0.77,3.95,13.31,8.17,10.74,11.05,71.5,0.15,62.1,4.91,206.57,6.63,206.35
2022,9,1,14,1.04,2.26,3.31,131.6,274.35,18.68,0.52,2.75,12.37,8.26,10.31,11.11,76.5,0.17,62.08,4.68,207.63,6.34,207.51
2022,9,1,15,0.66,1.49,2.47,81,177.2,11.26,0.23,1.15,11.33,8.29,9.8,11.11,81.94,0.18,62.08,4.17,208.2,5.67,208.01
2022,9,1,16,0.33,0.71,1.48,37.27,82.42,5.05,0.05,0.27,10.43,8.32,9.37,11.11,87.19,0.17,62.11,3.41,206.68,4.67,206.44
2022,9,1,17,0.08,0.12,0.42,7.58,13.3,1.05,0,0.02,9.57,8.47,9.01,11.23,93.38,0.12,62.15,2.36,200.71,3.28,200.38
2022,9,1,18,0,0,0,0,0,0,0,0,9.19,8.63,8.91,11.35,96.88,0.11,62.18,1.63,194.97,2.33,194.18
2022,9,1,19,0,0,0,0,0,0,0,0,9.12,8.71,8.91,11.41,97.94,0.1,62.2,1.2,199.73,1.8,198.43
2022,9,1,20,0,0,0,0,0,0,0,0,9.01,8.73,8.87,11.41,98.75,0.09,62.22,1,207.36,1.59,204.93
2022,9,1,21,0,0,0,0,0,0,0,0,8.88,8.7,8.79,11.41,99.44,0.1,62.21,0.98,212.93,1.63,210.12
2022,9,1,22,0,0,0,0,0,0,0,0,8.69,8.61,8.65,11.35,100,0.11,62.19,0.95,216.68,1.69,213.1
2022,9,1,23,0,0,0,0,0,0,0,0,8.48,8.49,8.49,11.23,100,0.13,62.17,0.93,219.19,1.71,214.56
2022,9,2,0,0,0,0,0,0,0,0,0,8.16,8.26,8.21,11.11,100,0.15,62.15,0.84,218.58,1.66,213.84
2022,9,2,1,0,0,0,0,0,0,0,0,7.88,8.05,7.96,10.93,100,0.16,62.12,0.74,214.7,1.56,210.67
2022,9,2,2,0,0,0,0,0,0,0,0,7.57,7.81,7.69,10.74,100,0.16,62.11,0.72,208.51,1.58,205.55
2022,9,2,3,0,0,0,0,0,0,0,0,7.31,7.64,7.48,10.62,100,0.16,62.11,0.74,198.43,1.64,197.14
2022,9,2,4,0,0,0,0,0,0,0,0,7.08,7.48,7.29,10.5,100,0.14,62.13,0.85,191.73,1.83,191.31
2022,9,2,5,0.06,0.09,0.3,5.2,10.02,0.74,0,0,7.27,7.44,7.35,10.44,100,0.13,62.17,1.1,193.15,2.02,192.53
2022,9,2,6,0.2,0.69,1.33,24.38,82.45,3.54,0.03,0.17,8.44,7.51,7.98,10.5,94.44,0.1,62.24,2.36,198.49,3.18,198.3
2022,9,2,7,0.56,1.49,2.34,70.62,182.77,10.31,0.21,1.02,9.36,7.12,8.24,10.19,86.5,0.07,62.3,2.63,204.43,3.41,204.34
2022,9,2,8,0.97,2.23,3.2,125.5,275.98,18.21,0.5,2.6,11.04,6.9,8.97,10.07,76.19,0.06,62.34,2.96,207.98,3.81,207.88
2022,9,2,9,1.35,2.81,3.88,173.33,347.48,24.84,0.81,4.23,12.98,6.79,9.88,10.01,66.5,0.05,62.33,3.31,212.38,4.24,212.34
2022,9,2,10,1.68,3.2,4.31,215.75,395.95,30.76,1.09,5.55,14.71,6.93,10.82,10.13,60.06,0.05,62.28,3.65,213.49,4.69,213.32
2022,9,2,11,1.64,3.2,4.46,211.42,389.55,29.34,1.07,5.4,15.67,7.03,11.35,10.19,56.94,0.04,62.21,4.09,212.3,5.33,212.06
2022,9,2,12,1.38,3.1,4.34,177.88,376.8,24.8,0.89,4.42,15.98,7.2,11.59,10.31,56.5,0.04,62.15,4.48,210.36,5.88,210.14
2022,9,2,13,0.97,2.75,3.94,125.42,332.83,17.78,0.59,3.05,15.48,7.4,11.44,10.5,59.12,0.05,62.11,4.63,209.42,6.12,209.12
2022,9,2,14,0.87,2.17,3.3,111.73,260.02,15.52,0.43,2.27,14.3,7.44,10.87,10.5,64,0.07,62.09,4.41,209.02,5.87,208.78
2022,9,2,15,0.6,1.44,2.45,73.38,168.8,10.05,0.21,1.02,13.04,7.55,10.3,10.56,69.94,0.07,62.09,4,208.07,5.35,207.88
2022,9,2,16,0.27,0.67,1.46,30.35,76.6,4.11,0.05,0.23,11.55,7.76,9.65,10.74,78.06,0.07,62.1,3.33,207.65,4.48,207.55
2022,9,2,17,0.08,0.11,0.4,7.62,12.42,1.04,0,0.02,9.98,7.96,8.97,10.86,87.75,0.04,62.13,2.44,205.99,3.33,205.84
2022,9,2,18,0,0,0,0,0,0,0,0,9.06,8.12,8.59,10.99,94.38,0.05,62.16,1.73,203.2,2.36,203
2022,9,2,19,0,0,0,0,0,0,0,0,8.8,8.15,8.48,10.99,96.19,0.04,62.2,1.4,202.69,1.94,202.44
2022,9,2,20,0,0,0,0,0,0,0,0,8.58,8.12,8.35,10.93,97.44,0.03,62.22,1.16,203.1,1.68,202.64
2022,9,2,21,0,0,0,0,0,0,0,0,8.34,8.04,8.19,10.86,98.44,0.02,62.21,0.93,204.4,1.45,203.12
2022,9,2,22,0,0,0,0,0,0,0,0,8.08,7.9,7.99,10.8,99.44,0.03,62.18,0.79,205.8,1.34,204.78
2022,9,2,23,0,0,0,0,0,0,0,0,7.76,7.73,7.74,10.68,100,0.03,62.15,0.69,209.74,1.32,206.72
2022,9,3,0,0,0,0,0,0,0,0,0,7.33,7.48,7.4,10.5,100,0.03,62.11,0.61,209.84,1.3,207.65
2022,9,3,1,0,0,0,0,0,0,0,0,6.97,7.22,7.09,10.31,100,0.02,62.06,0.62,210.47,1.25,209.12
2022,9,3,2,0,0,0,0,0,0,0,0,6.83,7.04,6.94,10.19,100,0.01,62.02,0.6,202.22,1.11,202.25
2022,9,3,3,0,0,0,0,0,0,0,0,6.72,6.9,6.81,10.13,100,0.01,62,0.56,188.81,1.01,189.83
2022,9,3,4,0,0,0,0,0,0,0,0,6.58,6.76,6.67,10.07,100,0.01,62,0.54,175.86,0.94,175.24
2022,9,3,5,0.07,0.08,0.29,6.45,8.8,0.88,0,0.02,6.75,6.73,6.74,10.01,100,0,62.01,0.44,150.26,0.86,151.1
2022,9,3,6,0.39,0.65,1.33,44.45,72.3,5.88,0.05,0.25,8.46,7.11,7.78,10.31,92.25,0,62.03,1.17,151.21,1.53,151.74
2022,9,3,7,0.84,1.43,2.33,94.38,166.2,12.23,0.23,1.1,9.98,7.12,8.55,10.31,83.38,0,62.05,1.98,180.91,2.57,180.87
2022,9,3,8,1.37,2.18,3.2,165.12,257.23,22.34,0.58,3.02,11.39,7.04,9.21,10.25,75.38,0,62.07,2.95,198.34,3.85,198.21
2022,9,3,9,1.69,2.78,3.87,209.62,329.92,28.83,0.91,4.7,12.72,6.98,9.85,10.19,68.69,0,62.06,3.84,205.68,5.05,205.49
2022,9,3,10,2.17,3.2,4.3,265.55,382.38,36.65,1.27,6.33,14.38,6.98,10.69,10.19,61.62,0,62.02,4.65,209.71,6.12,209.55
2022,9,3,11,2.15,3.44,4.46,270.02,415.92,38.49,1.39,7,15.26,6.91,11.08,10.19,58.06,0,61.97,5,210.01,6.59,209.88
2022,9,3,12,2.26,3.31,4.33,279.75,399.52,39.6,1.38,7.05,15.41,6.87,11.15,10.19,57.44,0,61.92,4.96,209.11,6.54,208.86
2022,9,3,13,1.95,2.93,3.93,240.92,353.02,33.52,1.07,5.52,15.2,6.83,11.01,10.13,58.12,0,61.86,4.81,208.6,6.35,208.36
2022,9,3,14,1.41,2.32,3.28,174.48,278.45,23.95,0.64,3.33,14.68,6.86,10.77,10.19,60.31,0.01,61.82,4.53,207.54,6,207.3
2022,9,3,15,0.94,1.56,2.43,112.1,184.6,14.84,0.28,1.4,13.27,6.91,10.09,10.25,66.31,0.01,61.8,4.06,205.28,5.44,204.91
2022,9,3,16,0.49,0.76,1.44,55.23,86.88,7.12,0.07,0.35,11.62,7.16,9.39,10.38,75.06,0.01,61.8,3.51,201.02,4.73,200.89
2022,9,3,17,0.09,0.12,0.38,9.3,13.15,1.28,0.01,0.02,9.86,7.62,8.74,10.68,86.88,0.02,61.81,2.68,195.9,3.68,195.78
2022,9,3,18,0,0,0,0,0,0,0,0,8.87,8.04,8.45,10.99,95.19,0.02,61.84,1.92,190.08,2.65,190.02
2022,9,3,19,0,0,0,0,0,0,0,0,8.71,8.15,8.43,11.05,97.06,0.02,61.88,1.73,185.97,2.43,185.89
2022,9,3,20,0,0,0,0,0,0,0,0,8.54,8.16,8.35,11.05,98.19,0.02,61.91,1.64,186.28,2.4,186.55
2022,9,3,21,0,0,0,0,0,0,0,0,8.3,8.06,8.18,10.99,99.06,0.02,61.91,1.8,188.48,2.67,188.58
2022,9,3,22,0,0,0,0,0,0,0,0,7.96,7.76,7.86,10.74,99.25,0.02,61.91,1.93,192.63,2.87,192.75
2022,9,3,23,0,0,0,0,0,0,0,0,7.48,7.34,7.41,10.44,99.62,0.03,61.91,1.74,196.48,2.6,196.21
2022,9,4,0,0,0,0,0,0,0,0,0,6.88,6.83,6.86,10.07,100,0.03,61.89,1.4,197.53,2.2,195.86
2022,9,4,1,0,0,0,0,0,0,0,0,6.4,6.42,6.41,9.83,100,0.03,61.87,1.08,195.15,1.81,191.7
2022,9,4,2,0,0,0,0,0,0,0,0,6.17,6.17,6.17,9.64,100,0.03,61.83,0.83,195.35,1.5,190.49
2022,9,4,3,0,0,0,0,0,0,0,0,5.98,5.98,5.98,9.52,100,0.02,61.81,0.67,194.2,1.33,189.46
2022,9,4,4,0,0,0,0,0,0,0,0,5.73,5.82,5.77,9.46,100,0.02,61.81,0.59,189.83,1.3,188.62
2022,9,4,5,0.07,0.08,0.28,6.58,9.05,0.93,0,0.02,5.9,5.81,5.86,9.46,100,0.03,61.83,0.73,194.93,1.34,193.87
2022,9,4,6,0.3,0.66,1.32,36.35,76.23,5.09,0.05,0.23,7.28,6.02,6.65,9.58,92.81,0.03,61.88,1.82,204.59,2.41,204.15
2022,9,4,7,0.69,1.45,2.32,83.75,171.85,11.71,0.22,1.08,8.61,5.87,7.24,9.52,84.12,0.03,61.93,2.56,209.46,3.33,209.03
2022,9,4,8,0.96,2.21,3.19,120.73,265.23,17.23,0.45,2.35,10.26,5.49,7.87,9.28,73.5,0.03,61.96,3.12,210.1,4.03,209.9
2022,9,4,9,1.29,2.82,3.86,164.73,339.45,23.61,0.76,3.9,12.23,5.27,8.76,9.16,63.69,0.03,61.98,3.86,208.64,5,208.49
2022,9,4,10,1.55,3.22,4.29,190.55,388.62,27.29,0.95,4.65,13.48,5.27,9.38,9.16,58.69,0.03,61.96,4.5,207.14,5.88,207.11
2022,9,4,11,1.24,2.98,4.45,152.25,343.65,19.51,0.66,3.3,14.19,5.43,9.81,9.28,56.56,0.04,61.93,4.99,205.52,6.55,205.43
2022,9,4,12,1.24,2.95,4.32,155.7,342.42,20.57,0.69,3.42,14.43,5.54,9.98,9.28,55.94,0.05,61.89,5.35,204.69,7.07,204.64
2022,9,4,13,1.07,2.63,3.92,131.7,307.12,17.47,0.54,2.8,13.96,5.58,9.76,9.28,57.69,0.06,61.86,5.55,204.9,7.37,204.88
2022,9,4,14,0.65,2.08,3.27,81.75,240.6,10.97,0.29,1.5,13.08,5.58,9.33,9.28,60.94,0.07,61.83,5.57,205.13,7.47,205.06
2022,9,4,15,0.51,1.36,2.42,59.6,154.45,7.85,0.15,0.75,11.66,5.64,8.65,9.34,67.25,0.08,61.84,5.31,205.36,7.15,205.28
2022,9,4,16,0.24,0.6,1.42,25.88,65.67,3.37,0.03,0.15,10.08,5.49,7.79,9.22,73.88,0.07,61.86,4.71,205.55,6.42,205.44
2022,9,4,17,0.07,0.1,0.36,7.08,10.52,0.95,0,0.02,8.03,5.76,6.9,9.4,86.56,0.08,61.89,3.38,204.43,4.69,204.39
2022,9,4,18,0,0,0,0,0,0,0,0,7.05,6.2,6.62,9.7,95.44,0.08,61.94,2.24,198.75,3.13,198.62
2022,9,4,19,0,0,0,0,0,0,0,0,6.94,6.42,6.68,9.83,97.69,0.06,61.99,1.84,196.82,2.63,196.93
2022,9,4,20,0,0,0,0,0,0,0,0,6.71,6.38,6.55,9.83,99.12,0.05,62.03,1.39,198.64,2.14,198.3
2022,9,4,21,0,0,0,0,0,0,0,0,6.05,5.69,5.87,9.34,98.62,0.05,62.04,1.15,196.96,1.89,196.56
2022,9,4,22,0,0,0,0,0,0,0,0,5.6,5.11,5.36,8.97,97.62,0.05,62.04,1.08,195.04,1.72,194.98
2022,9,4,23,0,0,0,0,0,0,0,0,5.26,5.01,5.14,8.91,99.31,0.04,62.03,1.02,191.05,1.61,190.93
2022,9,5,0,0,0,0,0,0,0,0,0,4.8,4.84,4.83,8.79,100,0.03,62.01,0.87,192.42,1.62,192.29
2022,9,5,1,0,0,0,0,0,0,0,0,4.33,4.34,4.33,8.48,100,0.03,62,0.81,190.55,1.56,190.41
2022,9,5,2,0,0,0,0,0,0,0,0,3.83,4,3.92,8.3,100,0.03,62,0.74,186.67,1.51,186.24
2022,9,5,3,0,0,0,0,0,0,0,0,3.59,3.73,3.65,8.12,100,0.02,62,0.68,185.25,1.41,185.4
2022,9,5,4,0,0,0,0,0,0,0,0,3.29,3.42,3.36,7.93,100,0.01,62.01,0.63,178.59,1.31,178.98
2022,9,5,5,0.07,0.08,0.28,5.88,8.67,0.83,0,0.02,3.48,3.34,3.41,7.93,100,0.04,62.03,0.75,163.07,1.27,165.36
2022,9,5,6,0.43,0.66,1.31,49.35,74.05,6.55,0.05,0.27,4.75,3.18,3.96,7.81,90.44,0.02,62.07,1.48,159.55,1.88,160.06
2022,9,5,7,0.93,1.47,2.32,108.65,172.42,14.58,0.27,1.27,6.69,2.97,4.83,7.69,77.88,0,62.12,2.04,168.3,2.55,168.35
2022,9,5,8,1.4,2.25,3.18,169,269.42,23.15,0.59,3.08,8.73,2.36,5.55,7.39,64.94,0,62.15,2.53,179.12,3.14,179
2022,9,5,9,1.79,2.88,3.86,218.33,347.8,30.62,0.95,4.95,10.62,2.17,6.4,7.26,56.56,0,62.15,3.1,187.39,3.88,187.41
2022,9,5,10,1.89,3.27,4.28,233.77,396.17,33.41,1.16,5.73,12.1,2.44,7.27,7.45,52.44,0,62.13,3.68,191.76,4.64,191.74
2022,9,5,11,1.88,3.29,4.44,232.58,394.88,32.45,1.13,5.67,12.87,3.05,7.95,7.81,52.12,0.01,62.09,4.1,193,5.21,192.99
2022,9,5,12,1.91,3.16,4.31,239.45,378.1,33.2,1.12,5.62,13.15,3.7,8.43,8.18,53.56,0.01,62.04,4.36,193.56,5.59,193.57
2022,9,5,13,1.49,2.82,3.9,182.62,337.7,25.23,0.79,4.08,12.9,4.12,8.51,8.36,55.81,0.02,61.99,4.46,194.21,5.75,194.15
2022,9,5,14,1.03,2.18,3.25,123.55,258.27,16.93,0.45,2.3,12.34,4.31,8.33,8.48,58.5,0.03,61.95,4.36,193.79,5.66,193.73
2022,9,5,15,0.69,1.43,2.4,80.3,166,10.77,0.2,1,11.38,4.33,7.86,8.48,62.38,0.07,61.94,4.09,193.82,5.35,193.77
2022,9,5,16,0.34,0.65,1.4,37.17,72.48,4.87,0.05,0.23,9.92,4.29,7.1,8.42,68.56,0.12,61.96,3.57,192.88,4.73,192.8
2022,9,5,17,0.09,0.09,0.35,8.55,10.02,1.13,0.01,0.02,7.73,4.58,6.15,8.61,81.12,0.09,61.99,2.44,190.16,3.4,190.05
2022,9,5,18,0,0,0,0,0,0,0,0,6.36,5.15,5.76,8.97,92.81,0.06,62.04,1.72,182.34,2.44,182.2
2022,9,5,19,0,0,0,0,0,0,0,0,5.93,5.32,5.62,9.09,96.88,0.03,62.1,1.27,173.62,1.85,174.17
2022,9,5,20,0,0,0,0,0,0,0,0,5.7,5.35,5.52,9.09,98.62,0.03,62.15,0.83,167.53,1.31,167.95
2022,9,5,21,0,0,0,0,0,0,0,0,5.12,4.78,4.95,8.73,98.62,0.02,62.15,0.57,157.32,1.1,156.53
2022,9,5,22,0,0,0,0,0,0,0,0,4.55,4.33,4.44,8.48,99.44,0.02,62.14,0.44,132.14,0.91,132.21
2022,9,5,23,0,0,0,0,0,0,0,0,3.92,3.85,3.88,8.18,100,0.02,62.13,0.47,110.22,0.94,111.45
2022,9,6,0,0,0,0,0,0,0,0,0,3.46,3.43,3.44,7.93,100,0.02,62.11,0.47,101.5,0.93,101.12
2022,9,6,1,0,0,0,0,0,0,0,0,3.03,3,3.01,7.75,100,0.02,62.1,0.47,96.65,0.95,95.19
2022,9,6,2,0,0,0,0,0,0,0,0,2.68,2.62,2.65,7.51,100,0.01,62.09,0.5,93.58,0.97,92.77
2022,9,6,3,0,0,0,0,0,0,0,0,2.4,2.35,2.37,7.39,100,0.01,62.1,0.52,88.26,1,87.32
2022,9,6,4,0,0,0,0,0,0,0,0,2.24,2.08,2.15,7.26,100,0.01,62.12,0.56,84.37,1.06,82.82
2022,9,6,5,0.08,0.08,0.27,7.5,8.45,1.01,0,0.02,2.63,2.1,2.37,7.26,97.75,0,62.16,0.53,84.04,1.04,80.89
2022,9,6,6,0.64,0.64,1.3,70.4,71.83,8.55,0.06,0.33,4.99,2.79,3.89,7.63,86.81,0,62.22,1.17,110.24,1.51,109.28
2022,9,6,7,1.43,1.43,2.31,164.85,167.83,20.41,0.34,1.65,7.05,2.72,4.88,7.57,75.12,0,62.28,1.7,150.61,2.12,150.7
2022,9,6,8,2.18,2.21,3.18,259.9,264.05,33.64,0.8,4,9.63,2.14,5.88,7.32,60.75,0,62.32,2.3,173.38,2.86,173.42
2022,9,6,9,2.72,2.82,3.85,328.88,338.85,43.93,1.29,6.62,11.75,1.74,6.74,7.08,51.25,0,62.33,2.99,184.65,3.74,184.67
2022,9,6,10,3.06,3.22,4.27,372.2,388.3,50.66,1.66,8.58,13.19,2.01,7.59,7.2,47.5,0,62.31,3.54,189.77,4.47,189.76
2022,9,6,11,3.18,3.54,4.43,395.83,432.15,56.57,1.98,10.3,14.14,2.46,8.3,7.45,46.06,0,62.28,3.98,192.48,5.06,192.49
2022,9,6,12,2.89,3.41,4.3,357.17,416.65,50.98,1.74,8.85,14.52,2.94,8.73,7.69,46.38,0,62.24,4.23,194.22,5.42,194.18
2022,9,6,13,2.14,3.02,3.89,259.98,368.42,36.73,1.13,5.83,14.46,3.28,8.87,7.87,47.62,0,62.2,4.27,195.48,5.49,195.52
2022,9,6,14,1.81,2.4,3.24,220.38,291.83,30.3,0.77,3.92,13.88,3.47,8.67,8,50.06,0,62.16,4.06,195.64,5.23,195.68
2022,9,6,15,1.19,1.6,2.38,142.33,192.2,18.68,0.34,1.62,12.83,3.5,8.16,8,53.69,0,62.15,3.66,195.1,4.72,195.05
2022,9,6,16,0.65,0.75,1.38,73.6,86.3,9.02,0.08,0.38,11.24,3.65,7.45,8.06,60.19,0,62.16,3.08,192.73,4.04,192.75
2022,9,6,17,0.11,0.1,0.33,10.15,11.08,1.34,0.01,0.02,8.65,4.33,6.49,8.48,75.12,0.01,62.19,1.78,189.09,2.61,188.62
2022,9,6,18,0,0,0,0,0,0,0,0,6.85,5,5.92,8.85,88.88,0.03,62.23,0.88,181.52,1.52,180.59
2022,9,6,19,0,0,0,0,0,0,0,0,6.47,5.32,5.89,9.03,93.38,0.04,62.28,0.62,167.55,1.08,167.47
2022,9,6,20,0,0,0,0,0,0,0,0,5.98,5.45,5.72,9.16,97.62,0.05,62.32,0.51,146.79,0.87,149.3
2022,9,6,21,0,0,0,0,0,0,0,0,5.4,5.28,5.33,9.03,100,0.06,62.34,0.44,118.37,0.75,121.88
2022,9,6,22,0,0,0,0,0,0,0,0,4.89,4.67,4.78,8.67,99.88,0.03,62.34,0.51,86.48,0.85,88.42
2022,9,6,23,0,0,0,0,0,0,0,0,4.57,4.1,4.33,8.36,98.25,0.02,62.33,0.52,69.94,0.98,67.94
2022,9,7,0,0,0,0,0,0,0,0,0,4.18,3.46,3.82,8,96.56,0.01,62.3,0.59,59.04,1.15,56.31
2022,9,7,1,0,0,0,0,0,0,0,0,4,2.93,3.46,7.69,94.12,0,62.28,0.63,53.56,1.29,50.91
2022,9,7,2,0,0,0,0,0,0,0,0,3.87,2.4,3.13,7.39,91.19,0,62.26,0.7,52.74,1.35,50.62
2022,9,7,3,0,0,0,0,0,0,0,0,3.81,1.89,2.85,7.08,88.12,0,62.26,0.76,50.42,1.37,49.15
2022,9,7,4,0,0,0,0,0,0,0,0,3.74,1.48,2.61,6.9,85.88,0,62.28,0.84,50.26,1.43,49.43
2022,9,7,5,0.09,0.08,0.26,8.12,8.62,1.09,0,0.02,3.99,1.65,2.83,6.96,85.5,0,62.31,0.82,51.17,1.49,50.73
2022,9,7,6,0.67,0.67,1.29,73.8,76.38,8.93,0.07,0.35,6.69,2.57,4.63,7.45,75.81,0,62.36,1.1,68.73,1.49,67.75
2022,9,7,7,1.52,1.51,2.3,177.42,179.08,22.15,0.38,1.85,9.18,2.26,5.72,7.32,63.19,0,62.4,1.18,130.15,1.45,129.53
2022,9,7,8,2.23,2.3,3.17,270.4,277.83,35.78,0.88,4.42,11.67,1.53,6.6,7.02,51.06,0,62.43,1.65,165.5,2.03,165.27
2022,9,7,9,2.56,2.9,3.84,313.88,352.17,43.22,1.33,6.95,13.68,1.38,7.53,6.96,44.31,0,62.43,2.29,182.35,2.84,182.21
2022,9,7,10,2.89,3.28,4.27,354.8,399.33,49.64,1.7,8.65,15.15,1.66,8.4,7.08,41,0,62.41,3.04,192.18,3.82,192.16
2022,9,7,11,2.91,3.48,4.42,362.33,427.27,51.86,1.86,9.5,16.01,2.27,9.15,7.39,40.5,0,62.37,3.66,197.12,4.67,197.13
2022,9,7,12,2.58,3.33,4.28,318.88,407.52,45.35,1.58,7.95,16.21,3.12,9.66,7.81,42.38,0,62.33,4.06,199.1,5.23,199.11
2022,9,7,13,2.04,2.97,3.88,253.45,363.55,36.28,1.15,5.92,15.84,3.85,9.85,8.24,45.62,0,62.29,4.17,199.15,5.39,199.12
2022,9,7,14,1.63,2.33,3.22,198.4,283.9,27.33,0.72,3.7,15.01,4.39,9.7,8.54,49.88,0.01,62.26,4.04,198.51,5.25,198.49
2022,9,7,15,0.99,1.52,2.36,118.42,181.52,16.05,0.3,1.45,13.66,4.79,9.23,8.79,55.81,0.03,62.27,3.69,198.28,4.83,198.2
2022,9,7,16,0.58,0.7,1.36,65.33,79.73,8.24,0.07,0.35,12.04,5.05,8.54,8.91,63,0.07,62.29,3.14,198.39,4.18,198.3
2022,9,7,17,0.09,0.09,0.31,8.98,9.85,1.21,0.01,0.02,9.76,5.69,7.73,9.28,76.56,0.07,62.34,1.91,197.1,2.79,196.91
2022,9,7,18,0,0,0,0,0,0,0,0,7.85,6.42,7.13,9.7,91.38,0.14,62.39,0.98,192.38,1.73,191.97
2022,9,7,19,0,0,0,0,0,0,0,0,7.45,6.79,7.12,9.95,96.25,0.14,62.43,0.87,193.54,1.39,193.02
2022,9,7,20,0,0,0,0,0,0,0,0,7.08,6.85,6.97,10.01,99.25,0.13,62.45,0.57,195.95,0.95,195.75
2022,9,7,21,0,0,0,0,0,0,0,0,6.98,6.8,6.89,10.01,99.62,0.11,62.46,0.48,199.9,0.77,199.54
2022,9,7,22,0,0,0,0,0,0,0,0,6.83,6.63,6.73,9.89,99.62,0.1,62.45,0.42,191.94,0.7,192.32
2022,9,7,23,0,0,0,0,0,0,0,0,6.45,6.31,6.38,9.7,100,0.07,62.45,0.36,159.59,0.6,163.23
2022,9,8,0,0,0,0,0,0,0,0,0,6.06,5.9,5.98,9.4,100,0.05,62.43,0.34,120.74,0.54,122.09
2022,9,8,1,0,0,0,0,0,0,0,0,5.54,5.41,5.48,9.09,100,0.05,62.4,0.4,71.57,0.68,70.52
2022,9,8,2,0,0,0,0,0,0,0,0,5.11,4.88,5,8.79,99.44,0.03,62.38,0.5,48.81,0.93,48.41
2022,9,8,3,0,0,0,0,0,0,0,0,4.65,4.14,4.4,8.3,97.38,0.02,62.37,0.67,40.24,1.2,41.05
2022,9,8,4,0,0,0,0,0,0,0,0,4.12,3.26,3.69,7.81,94.81,0.01,62.37,0.84,40.83,1.44,41.48
2022,9,8,5,0.08,0.08,0.26,6.98,8.98,0.98,0,0.02,4,2.71,3.35,7.51,91.75,0,62.39,0.89,40.38,1.63,40.72
2022,9,8,6,0.59,0.7,1.29,69.75,82.42,8.72,0.07,0.33,7.14,3.5,5.32,7.93,78.31,0,62.43,1.21,49.44,1.67,49.17
2022,9,8,7,1.32,1.52,2.29,159.33,184.77,20.63,0.36,1.75,10.08,2.93,6.51,7.63,61.94,0,62.46,0.91,124.91,1.12,124.47
2022,9,8,8,1.94,2.3,3.16,239.45,283.3,32.53,0.82,4.1,12.61,2.53,7.57,7.45,51.19,0,62.49,1.75,180,2.15,179.79
2022,9,8,9,2.13,2.92,3.83,266.45,361.2,37.98,1.19,6.2,14.6,2.57,8.58,7.51,45.25,0,62.47,2.51,192.22,3.13,192.09
2022,9,8,10,2.24,3.3,4.26,279.75,407.38,40.75,1.42,7.12,15.95,3,9.48,7.75,42.75,0,62.44,3.18,196.83,4.02,196.82
2022,9,8,11,2.25,3.39,4.41,281.35,417.35,40.54,1.45,7.3,16.67,3.56,10.12,8.06,42.5,0.01,62.39,3.67,198.9,4.69,198.77
2022,9,8,12,1.97,3.22,4.27,245.6,394.5,35.26,1.22,6.05,16.87,4.12,10.49,8.42,43.62,0.03,62.35,3.97,199.65,5.12,199.6
2022,9,8,13,1.8,2.85,3.86,221.25,349.2,31.41,0.99,5.17,16.41,4.76,10.58,8.79,46.94,0.07,62.3,4.03,200.19,5.21,200.17
2022,9,8,14,1.37,2.23,3.2,169.05,269.73,23.65,0.62,3.23,15.4,5.23,10.32,9.09,51.69,0.12,62.26,3.88,200.15,5.06,200.14
2022,9,8,15,0.84,1.43,2.35,99.25,169.17,13.59,0.26,1.25,14.14,5.55,9.84,9.28,57.25,0.16,62.25,3.59,199.18,4.73,199.09
2022,9,8,16,0.39,0.63,1.34,44.15,71.75,5.75,0.05,0.25,12.44,6.02,9.23,9.58,66,0.19,62.28,3.12,197.48,4.17,197.45
2022,9,8,17,0.07,0.08,0.3,6.1,8.8,0.84,0,0.02,10.29,6.93,8.61,10.13,80.56,0.06,62.32,2.25,193.07,3.13,193.13
2022,9,8,18,0,0,0,0,0,0,0,0,8.7,7.7,8.2,10.68,94.31,0.07,62.36,1.43,187.55,2.07,188.04
2022,9,8,19,0,0,0,0,0,0,0,0,8.47,8.01,8.24,10.86,97.69,0.05,62.39,1,192.19,1.51,191.66
2022,9,8,20,0,0,0,0,0,0,0,0,8.25,8.06,8.15,10.86,99.38,0.04,62.41,0.74,196.53,1.33,195.34
2022,9,8,21,0,0,0,0,0,0,0,0,8.08,8.02,8.05,10.86,100,0.05,62.41,0.68,198.02,1.34,197.27
2022,9,8,22,0,0,0,0,0,0,0,0,7.66,7.85,7.76,10.74,100,0.06,62.4,0.65,199.52,1.41,198.74
2022,9,8,23,0,0,0,0,0,0,0,0,7.51,7.73,7.62,10.62,100,0.09,62.38,0.65,201.93,1.44,201.69
2022,9,9,0,0,0,0,0,0,0,0,0,7.34,7.57,7.46,10.56,100,0.09,62.34,0.66,206.57,1.5,206.03
2022,9,9,1,0,0,0,0,0,0,0,0,7.02,7.33,7.18,10.38,100,0.13,62.31,0.71,211.07,1.59,210.96
2022,9,9,2,0,0,0,0,0,0,0,0,6.85,7.13,6.99,10.25,100,0.17,62.29,0.7,222.27,1.54,221.1
2022,9,9,3,0,0,0,0,0,0,0,0,6.66,6.9,6.78,10.07,100,0.16,62.28,0.64,233.97,1.41,232.18
2022,9,9,4,0,0,0,0,0,0,0,0,6.44,6.59,6.51,9.89,100,0.13,62.3,0.59,244.11,1.17,243.09
2022,9,9,5,0.06,0.07,0.25,5.6,8.17,0.8,0,0.02,6.54,6.38,6.46,9.77,100,0,62.32,0.5,263.66,0.87,262.81
2022,9,9,6,0.42,0.65,1.28,49.73,76.02,6.46,0.05,0.25,8.15,6.62,7.39,9.95,91.44,0,62.35,0.81,264.45,1.04,263.52
2022,9,9,7,0.94,1.45,2.29,113.95,175.92,15.55,0.28,1.4,10.33,6.44,8.38,9.83,78.06,0,62.38,1.15,229.4,1.45,228.93
2022,9,9,8,1.24,2.23,3.16,154.27,274,21.93,0.58,2.98,12.92,5.56,9.24,9.28,62.31,0,62.39,2.06,209.29,2.6,209.19
2022,9,9,9,1.55,2.84,3.82,197.3,351.35,28.32,0.91,4.75,14.98,5.23,10.1,9.09,53.31,0,62.38,3.13,206.57,3.99,206.51
2022,9,9,10,2.01,3.22,4.25,254.5,397.38,36.4,1.27,6.27,15.98,5.25,10.62,9.09,49.94,0,62.35,3.96,207.47,5.13,207.38
2022,9,9,11,2.09,3.15,4.4,260.1,382.73,35.29,1.23,6.17,16.37,5.37,10.87,9.16,48.88,0,62.32,4.44,208.46,5.8,208.39
2022,9,9,12,1.96,2.97,4.26,240.27,358.17,32.27,1.07,5.45,16.19,5.57,10.88,9.28,50.06,0,62.27,4.62,209.95,6.05,209.91
2022,9,9,13,1.6,2.66,3.85,198.95,322.45,27.25,0.84,4.38,15.87,5.78,10.83,9.4,51.75,0,62.22,4.5,211.73,5.9,211.69
2022,9,9,14,1.11,2.01,3.19,139.23,241.12,18.63,0.48,2.45,15.18,5.94,10.55,9.46,54.62,0,62.18,4.26,211.74,5.61,211.68
2022,9,9,15,0.67,1.29,2.33,81.17,152.58,10.75,0.2,0.95,13.94,6.16,10.05,9.64,60.19,0,62.16,3.82,211.81,5.08,211.66
2022,9,9,16,0.36,0.55,1.32,39.35,62.1,5.03,0.04,0.2,12.27,6.88,9.58,10.13,70.62,0,62.17,3.13,212.58,4.2,212.54
2022,9,9,17,0.06,0.07,0.28,5.3,8.2,0.74,0,0.02,10.66,7.86,9.26,10.86,83.88,0.01,62.19,2.21,211.38,3.04,211.44
2022,9,9,18,0,0,0,0,0,0,0,0,9.7,8.64,9.17,11.41,94.12,0.01,62.21,1.49,208.18,2.1,208.19
2022,9,9,19,0,0,0,0,0,0,0,0,9.61,8.91,9.26,11.6,96.38,0.01,62.23,1.33,215.66,1.92,215.56
2022,9,9,20,0,0,0,0,0,0,0,0,9.33,8.98,9.15,11.66,98.62,0.01,62.25,0.94,220.29,1.55,219.88
2022,9,9,21,0,0,0,0,0,0,0,0,8.83,8.84,8.83,11.54,100,0.02,62.25,0.76,218.29,1.48,217.72
2022,9,9,22,0,0,0,0,0,0,0,0,8.31,8.51,8.41,11.29,100,0.02,62.24,0.76,214.18,1.58,213.06
2022,9,9,23,0,0,0,0,0,0,0,0,7.84,8.1,7.97,10.93,100,0.02,62.23,0.78,211.94,1.63,210.63
2022,9,10,0,0,0,0,0,0,0,0,0,7.33,7.62,7.47,10.56,100,0.02,62.2,0.73,214.03,1.54,211.91
2022,9,10,1,0,0,0,0,0,0,0,0,6.9,7.12,7.01,10.25,100,0.02,62.18,0.65,211.79,1.37,208.17
2022,9,10,2,0,0,0,0,0,0,0,0,6.5,6.66,6.58,9.89,100,0.02,62.18,0.56,207.28,1.23,204.29
2022,9,10,3,0,0,0,0,0,0,0,0,6.31,6.36,6.33,9.7,100,0.02,62.18,0.49,209.86,1.08,207.12
2022,9,10,4,0,0,0,0,0,0,0,0,6,6.08,6.04,9.52,100,0.03,62.2,0.45,212.32,1.02,209.31
2022,9,10,5,0.05,0.07,0.25,4.48,8.08,0.64,0,0,5.9,5.83,5.87,9.34,100,0.04,62.23,0.58,216.25,1.09,214.15
2022,9,10,6,0.2,0.65,1.27,23.25,77.5,3.11,0.02,0.12,7.22,5.82,6.51,9.34,91.5,0.04,62.28,1.39,221.82,1.81,221.33
2022,9,10,7,0.5,1.44,2.28,62.52,176.2,8.84,0.16,0.8,8.84,5.65,7.25,9.28,81.12,0.05,62.33,1.86,224.32,2.37,223.8
2022,9,10,8,1.1,2.23,3.15,139.8,274.15,19.81,0.52,2.7,11.15,5.29,8.22,9.03,67.94,0.05,62.36,2.16,220.44,2.71,220.08
2022,9,10,9,1.27,2.84,3.82,164.08,350.38,23.82,0.77,4.02,13.32,4.93,9.12,8.85,57.44,0.05,62.34,2.59,212.83,3.27,212.51
2022,9,10,10,1.63,3.22,4.24,209.55,396.85,30.54,1.07,5.25,14.9,4.94,9.92,8.85,52,0.06,62.29,3.12,208.62,3.95,208.49
2022,9,10,11,2.09,3.37,4.39,266.98,417.5,38.93,1.41,7,15.71,5.15,10.43,8.97,50.06,0.06,62.22,3.51,206.11,4.51,205.9
2022,9,10,12,2.13,3.21,4.25,269.15,396.77,38.51,1.34,6.67,15.73,5.38,10.55,9.16,50.88,0.07,62.15,3.8,204.67,4.92,204.41
2022,9,10,13,1.98,2.83,3.83,247.95,349.95,35.01,1.11,5.85,14.94,5.7,10.32,9.4,54.75,0.07,62.09,4.1,205.15,5.38,205
2022,9,10,14,1.36,2.17,3.17,169.95,266.08,23.6,0.62,3.17,13.26,6.05,9.65,9.58,62.5,0.07,62.08,4.13,208.36,5.49,208.21
2022,9,10,15,0.89,1.39,2.31,107.33,167.95,14.31,0.26,1.27,11.42,6.43,8.93,9.83,72.38,0.06,62.09,3.65,209.36,4.92,209.09
2022,9,10,16,0.45,0.6,1.3,50.73,69.1,6.49,0.05,0.27,10.07,6.81,8.44,10.07,81.19,0.04,62.11,2.92,209.44,3.94,209.21
2022,9,10,17,0.07,0.07,0.27,6.17,8.15,0.86,0,0.02,8.95,7.12,8.03,10.25,89.06,0.05,62.13,2.23,208,3.02,207.89
2022,9,10,18,0,0,0,0,0,0,0,0,8.26,7.33,7.8,10.38,94.56,0.06,62.15,1.83,207.22,2.49,207.21
2022,9,10,19,0,0,0,0,0,0,0,0,7.97,7.3,7.64,10.38,96.19,0.06,62.17,1.74,208.06,2.45,207.79
2022,9,10,20,0,0,0,0,0,0,0,0,7.53,7.2,7.37,10.31,98.44,0.06,62.21,1.35,206.12,2.02,205.38
2022,9,10,21,0,0,0,0,0,0,0,0,7.12,7.02,7.07,10.19,100,0.06,62.23,1.13,201.95,1.83,200.98
2022,9,10,22,0,0,0,0,0,0,0,0,6.83,6.8,6.81,10.01,100,0.07,62.21,1.1,204.75,1.85,203.33
2022,9,10,23,0,0,0,0,0,0,0,0,6.51,6.56,6.54,9.89,100,0.09,62.2,0.99,208.18,1.78,205.78
2022,9,11,0,0,0,0,0,0,0,0,0,6.25,6.34,6.3,9.7,100,0.1,62.17,0.83,208.74,1.61,204.95
2022,9,11,1,0,0,0,0,0,0,0,0,6.02,6.14,6.08,9.58,100,0.12,62.14,0.67,202.05,1.39,199.05
2022,9,11,2,0,0,0,0,0,0,0,0,5.85,5.98,5.91,9.52,100,0.11,62.09,0.59,200.11,1.28,198.43
2022,9,11,3,0,0,0,0,0,0,0,0,5.69,5.84,5.76,9.4,100,0.11,62.05,0.63,193.69,1.37,192.21
2022,9,11,4,0,0,0,0,0,0,0,0,5.49,5.69,5.59,9.34,100,0.09,62.06,0.77,197.7,1.62,197.39
2022,9,11,5,0.05,0.07,0.24,4.33,7.55,0.62,0,0,5.43,5.44,5.44,9.16,100,0.33,62.12,0.99,212.82,1.86,212.62
2022,9,11,6,0.47,0.62,1.26,54.38,72.65,7.03,0.06,0.3,6.58,5.49,6.03,9.16,93.5,0.24,62.2,2.1,216.06,2.83,216.02
2022,9,11,7,1.07,1.41,2.27,128.05,169.05,16.92,0.31,1.52,7.48,5.3,6.4,9.03,86.69,0.13,62.24,2.52,214.92,3.32,214.93
2022,9,11,8,1.61,2.14,3.14,198.08,260.35,26.67,0.69,3.55,8.95,5.17,7.06,8.97,77.81,0.09,62.26,2.84,210.23,3.67,210.27
2022,9,11,9,2.18,2.75,3.81,270.35,335.8,36.76,1.16,6.15,10.87,4.94,7.9,8.79,67.31,0.07,62.26,3.27,207.48,4.2,207.47
2022,9,11,10,2.29,3.13,4.23,286.05,382.75,39.77,1.38,6.95,12.42,4.72,8.57,8.67,59.88,0.07,62.23,3.6,208.96,4.64,208.9
2022,9,11,11,2.4,3.41,4.37,305.83,424.55,44.54,1.62,8.3,13.5,4.76,9.13,8.73,56,0.07,62.17,3.97,210.91,5.14,210.89
2022,9,11,12,2.06,3.27,4.23,259.15,406.23,37.86,1.35,6.7,13.98,4.95,9.46,8.85,55,0.09,62.1,4.37,212.3,5.72,212.28
2022,9,11,13,1.91,2.91,3.82,238.83,362.92,34.49,1.12,5.92,13.71,4.93,9.32,8.85,55.88,0.1,62.04,4.54,213.28,5.99,213.13
2022,9,11,14,1.34,2.3,3.15,165.62,286.27,23.65,0.64,3.33,13.05,4.83,8.94,8.79,58,0.1,61.99,4.41,214.53,5.86,214.45
2022,9,11,15,0.85,1.52,2.29,102.88,186.12,14.23,0.27,1.35,12.12,4.75,8.44,8.73,61.25,0.09,61.96,4.08,213.99,5.47,213.87
2022,9,11,16,0.43,0.67,1.28,50.58,78.6,6.65,0.05,0.27,10.49,5.01,7.76,8.91,69.56,0.08,61.97,3.41,211.68,4.63,211.54
2022,9,11,17,0.07,0.08,0.25,6.7,8.88,0.95,0.01,0.02,8.59,5.78,7.19,9.4,83.38,0.21,62,2.28,206.92,3.21,206.88
2022,9,11,18,0,0,0,0,0,0,0,0,7.53,6.49,7.01,9.89,94.06,0.24,62.03,1.64,201.29,2.34,201.52
2022,9,11,19,0,0,0,0,0,0,0,0,7.37,6.73,7.05,10.01,96.75,0.21,62.07,1.51,200.97,2.15,201.07
2022,9,11,20,0,0,0,0,0,0,0,0,7.15,6.58,6.87,9.89,97.12,0.26,62.1,1.34,199.7,1.94,199.75
2022,9,11,21,0,0,0,0,0,0,0,0,6.82,6.34,6.58,9.77,97.69,0.3,62.11,1.38,203.37,1.97,203.41
2022,9,11,22,0,0,0,0,0,0,0,0,6.64,6.26,6.45,9.7,98.38,0.32,62.09,1.22,208.38,1.76,207.7
2022,9,11,23,0,0,0,0,0,0,0,0,6.44,6.16,6.3,9.64,99.19,0.26,62.05,1.01,211.35,1.54,210.47
2022,9,12,0,0,0,0,0,0,0,0,0,6.15,5.97,6.06,9.52,99.88,0.2,62.01,0.81,209.54,1.38,209.18
2022,9,12,1,0,0,0,0,0,0,0,0,5.76,5.62,5.69,9.28,100,0.12,61.98,0.67,209.25,1.31,209.32
2022,9,12,2,0,0,0,0,0,0,0,0,5.44,5.38,5.41,9.16,100,0.07,61.94,0.56,199.44,1.19,198.43
2022,9,12,3,0,0,0,0,0,0,0,0,5.27,5.13,5.2,8.97,100,0.04,61.92,0.59,186.84,1.14,187.85
2022,9,12,4,0,0,0,0,0,0,0,0,5.01,4.91,4.96,8.85,100,0.03,61.93,0.63,186.42,1.18,186.84
2022,9,12,5,0.07,0.07,0.23,6.73,8.12,0.95,0,0.02,5.06,4.94,5.01,8.91,100,0.02,61.98,0.61,201.94,1.13,203.2
2022,9,12,6,0.66,0.69,1.25,76.98,81.4,9.33,0.07,0.35,6.66,5.39,6.02,9.16,92.69,0.03,62.05,1.17,219.85,1.49,219.69
2022,9,12,7,1.31,1.48,2.26,157.23,180.8,20.29,0.35,1.75,8.53,5.12,6.83,8.97,80.25,0.02,62.09,1.55,217.85,1.93,217.94
2022,9,12,8,1.95,2.21,3.13,239.4,270.55,32.2,0.81,4.12,10.89,4.3,7.59,8.54,64.94,0.02,62.1,2.2,205.93,2.75,205.98
2022,9,12,9,2.15,2.78,3.8,267.38,340.2,37.05,1.16,6.1,12.91,3.64,8.28,8.18,54.38,0.01,62.08,2.84,200.08,3.58,200.02
2022,9,12,10,2.45,3.15,4.22,306.88,386.3,43.02,1.48,7.52,14.19,3.69,8.94,8.18,50.19,0.02,62.04,3.47,196.48,4.42,196.42
2022,9,12,11,2.55,3.51,4.36,318.88,430.52,47.26,1.75,8.92,14.69,4.15,9.42,8.48,50.19,0.05,61.99,3.96,195.79,5.09,195.76
2022,9,12,12,2.27,3.35,4.22,282.52,411.52,41.55,1.48,7.4,14.56,4.69,9.62,8.79,52.5,0.09,61.93,4.25,196.34,5.49,196.27
2022,9,12,13,1.79,2.91,3.8,225.67,360.58,33.02,1.06,5.58,13.84,5.15,9.5,9.09,56.75,0.15,61.89,4.29,196.72,5.59,196.66
2022,9,12,14,1.42,2.3,3.14,175.55,283.42,25.12,0.66,3.45,12.94,5.39,9.16,9.22,61.12,0.2,61.86,4.15,197.07,5.44,196.95
2022,9,12,15,0.87,1.51,2.27,106.6,183.98,14.83,0.27,1.35,11.67,5.65,8.66,9.34,67.44,0.26,61.87,3.88,195.91,5.12,195.84
2022,9,12,16,0.4,0.68,1.26,46.95,80.17,6.2,0.05,0.25,10.2,5.98,8.09,9.52,75.81,0.33,61.9,3.33,194.82,4.47,194.69
2022,9,12,17,0.06,0.07,0.24,5.67,8.08,0.8,0,0.02,8.61,6.57,7.58,9.89,87.69,0.07,61.94,2.44,189.98,3.34,189.84
2022,9,12,18,0,0,0,0,0,0,0,0,7.87,7.01,7.44,10.19,95.19,0.09,61.97,1.91,182.35,2.64,182.2
2022,9,12,19,0,0,0,0,0,0,0,0,7.83,7.26,7.55,10.38,97.06,0.11,62.01,1.78,185.29,2.52,185.16
2022,9,12,20,0,0,0,0,0,0,0,0,7.87,7.45,7.66,10.56,98.25,0.19,62.03,1.65,192.32,2.4,192.04
2022,9,12,21,0,0,0,0,0,0,0,0,7.85,7.59,7.73,10.68,99.38,0.32,62.02,1.55,199.71,2.34,199.1
2022,9,12,22,0,0,0,0,0,0,0,0,7.62,7.49,7.56,10.62,100,0.45,62,1.36,205.53,2.15,204.51
2022,9,12,23,0,0,0,0,0,0,0,0,7.35,7.19,7.27,10.38,99.94,0.5,61.98,1.16,200.51,1.85,199.51
2022,9,13,0,0,0,0,0,0,0,0,0,6.8,6.61,6.7,9.95,99.69,0.47,61.96,1.01,187.57,1.61,187.23
2022,9,13,1,0,0,0,0,0,0,0,0,6.3,6.06,6.19,9.58,99.19,0.42,61.94,1.11,185.27,1.74,185.15
2022,9,13,2,0,0,0,0,0,0,0,0,5.86,5.65,5.76,9.28,99.44,0.38,61.94,1.04,195.18,1.68,194.23
2022,9,13,3,0,0,0,0,0,0,0,0,5.46,5.33,5.39,9.09,99.88,0.33,61.96,0.83,204.4,1.46,203.96
2022,9,13,4,0,0,0,0,0,0,0,0,5.05,5.02,5.04,8.91,100,0.24,61.99,0.61,212.47,1.25,211.7
2022,9,13,5,0.07,0.07,0.23,6.45,7.62,0.91,0,0.02,5.07,4.86,4.96,8.79,99.31,0.01,62.01,0.49,211.43,0.87,212.11
2022,9,13,6,0.6,0.65,1.24,69.5,76.5,8.66,0.07,0.33,6.56,5.04,5.8,8.85,90.56,0,62.04,0.73,220.67,0.92,221.23
2022,9,13,7,1.15,1.41,2.26,137.88,171.08,17.83,0.31,1.52,8.83,4.96,6.89,8.85,77.31,0,62.08,1.35,221.72,1.69,221.63
2022,9,13,8,1.78,2.14,3.12,218.2,260.85,29.47,0.75,3.85,11.2,4.62,7.91,8.67,64.75,0,62.1,2.06,214.65,2.62,214.31
2022,9,13,9,2.05,2.76,3.79,254.85,336.6,35.46,1.11,5.92,13.18,4.42,8.8,8.54,56.19,0,62.1,2.68,209.56,3.43,209.19
2022,9,13,10,2.22,3.07,4.21,281.55,379.23,38.78,1.34,6.55,14.29,4.6,9.44,8.67,53,0,62.07,3.29,206.63,4.26,206.47
2022,9,13,11,1.94,3.2,4.35,241.92,393.9,34.1,1.21,6.02,14.71,4.85,9.78,8.85,52.44,0.01,62.03,3.74,206.03,4.87,205.87
2022,9,13,12,1.75,3.15,4.21,222.02,388,31.88,1.12,5.52,14.58,5.06,9.82,8.97,53.62,0.01,61.98,3.9,207.34,5.1,207.15
2022,9,13,13,1.29,2.78,3.79,167.6,342.17,24.23,0.77,4.02,14.3,5.27,9.78,9.09,55.31,0.01,61.94,3.84,208.81,5.03,208.67
2022,9,13,14,1.02,2.2,3.12,128.77,270.12,18.27,0.48,2.45,13.66,5.4,9.53,9.16,58.06,0.01,61.9,3.7,209.32,4.87,209.2
2022,9,13,15,0.72,1.43,2.25,85.5,173.33,11.88,0.22,1.1,12.55,5.61,9.08,9.34,63.38,0.01,61.91,3.44,207.9,4.57,207.92
2022,9,13,16,0.29,0.63,1.24,33,73.8,4.41,0.04,0.17,11.05,6.01,8.53,9.52,71.69,0.01,61.94,2.95,205.41,3.99,205.41
2022,9,13,17,0.07,0.06,0.22,5.85,7.27,0.82,0,0.02,9.27,6.74,8.01,10.01,84.88,0.05,61.99,2.11,203.14,2.96,203.18
2022,9,13,18,0,0,0,0,0,0,0,0,8.27,7.3,7.79,10.38,94.31,0.05,62.05,1.67,199.96,2.36,199.76
2022,9,13,19,0,0,0,0,0,0,0,0,8.03,7.49,7.76,10.5,97.12,0.06,62.1,1.64,200.33,2.36,200.36
2022,9,13,20,0,0,0,0,0,0,0,0,7.76,7.46,7.61,10.5,98.69,0.06,62.13,1.43,199.53,2.13,199.7
2022,9,13,21,0,0,0,0,0,0,0,0,7.49,7.27,7.38,10.38,99.12,0.06,62.14,1.43,199.42,2.18,199.47
2022,9,13,22,0,0,0,0,0,0,0,0,7.1,6.94,7.02,10.13,99.56,0.06,62.14,1.37,198.23,2.13,198.37
2022,9,13,23,0,0,0,0,0,0,0,0,6.68,6.55,6.61,9.83,99.75,0.05,62.12,1.25,195.16,1.96,195.48
2022,9,14,0,0,0,0,0,0,0,0,0,6.07,5.9,5.99,9.4,99.56,0.03,62.09,1.06,194.04,1.73,194.1
2022,9,14,1,0,0,0,0,0,0,0,0,5.65,5.49,5.57,9.16,99.5,0.03,62.05,0.86,192.02,1.47,192.26
2022,9,14,2,0,0,0,0,0,0,0,0,5.28,5.21,5.25,8.97,100,0.02,62.03,0.64,186.26,1.24,186.14
2022,9,14,3,0,0,0,0,0,0,0,0,5.03,4.96,5,8.85,100,0.01,62.02,0.58,183.87,1.06,184.24
2022,9,14,4,0,0,0,0,0,0,0,0,4.83,4.73,4.78,8.67,100,0.01,62.04,0.53,185.96,0.93,185.76
2022,9,14,5,0.05,0.07,0.22,4.3,7.52,0.62,0,0,4.81,4.59,4.7,8.61,99.19,0.02,62.08,0.46,191.69,0.78,192.22
2022,9,14,6,0.35,0.66,1.24,40.85,78.48,5.55,0.05,0.23,6.04,4.62,5.33,8.61,91.12,0.01,62.15,0.89,206.57,1.11,206.75
2022,9,14,7,0.82,1.46,2.25,97.83,179.92,13.78,0.26,1.27,7.95,4.95,6.45,8.79,81.75,0.02,62.21,1.81,208.67,2.26,208.69
2022,9,14,8,1.28,2.24,3.11,159.88,278.23,23.27,0.62,3.23,10.21,5.14,7.68,8.91,71.12,0.03,62.24,2.95,206.09,3.75,206.08
2022,9,14,9,1.7,2.83,3.78,211.25,352.1,30.62,0.97,5.23,11.92,5.01,8.46,8.85,62.94,0.04,62.24,3.72,203.5,4.79,203.47
2022,9,14,10,1.9,3.2,4.2,241.83,398.38,35.63,1.25,6.12,13.05,5.16,9.11,8.91,59.12,0.05,62.22,4.23,201.45,5.47,201.47
2022,9,14,11,1.78,3.42,4.34,232.15,429.7,35.31,1.31,6.5,13.71,5.47,9.58,9.16,57.88,0.06,62.17,4.55,200.92,5.91,200.93
2022,9,14,12,1.76,3.29,4.19,230.23,412.55,34.64,1.24,6.12,13.84,5.73,9.79,9.34,58.44,0.07,62.13,4.77,201.31,6.23,201.25
2022,9,14,13,1.38,2.89,3.77,179.3,364,27.09,0.88,4.7,13.57,5.84,9.7,9.4,60,0.08,62.09,4.82,201.4,6.31,201.42
2022,9,14,14,1.16,2.28,3.1,147.15,286.35,21.83,0.59,3.02,12.93,5.76,9.35,9.34,62.19,0.09,62.07,4.65,201.69,6.13,201.79
2022,9,14,15,0.63,1.5,2.23,79,186.95,11.83,0.22,1.1,11.71,5.69,8.7,9.28,67.06,0.1,62.07,4.31,202.15,5.72,202.15
2022,9,14,16,0.26,0.66,1.22,32.17,80.33,4.69,0.04,0.2,10.03,5.78,7.9,9.34,75.44,0.11,62.1,3.68,203.36,4.94,203.4
2022,9,14,17,0.05,0.06,0.21,4.23,7.02,0.62,0,0.02,8.16,6.05,7.11,9.52,87.12,0.23,62.14,2.48,205.6,3.41,205.8
2022,9,14,18,0,0,0,0,0,0,0,0,7.41,6.42,6.92,9.77,94.25,0.29,62.19,1.74,207.48,2.39,207.65
2022,9,14,19,0,0,0,0,0,0,0,0,7.26,6.58,6.92,9.89,96.5,0.36,62.23,1.36,206.71,1.9,206.88
2022,9,14,20,0,0,0,0,0,0,0,0,6.82,6.4,6.61,9.77,98.12,0.42,62.25,0.99,203.73,1.6,205.19
2022,9,14,21,0,0,0,0,0,0,0,0,6.41,6.06,6.24,9.52,98.5,0.43,62.23,0.9,199.69,1.52,200.76
2022,9,14,22,0,0,0,0,0,0,0,0,6.13,5.87,6,9.4,99.06,0.37,62.19,0.81,194.04,1.41,194.81
2022,9,14,23,0,0,0,0,0,0,0,0,5.79,5.64,5.72,9.28,99.88,0.3,62.14,0.78,192.09,1.42,193.35
2022,9,15,0,0,0,0,0,0,0,0,0,5.39,5.29,5.33,9.03,100,0.24,62.1,0.76,196.03,1.46,197.46
2022,9,15,1,0,0,0,0,0,0,0,0,5.25,5.11,5.18,8.97,100,0.16,62.06,0.79,201.49,1.44,202.67
2022,9,15,2,0,0,0,0,0,0,0,0,4.76,4.61,4.69,8.61,99.88,0.13,62.04,0.72,205.73,1.37,206.86
2022,9,15,3,0,0,0,0,0,0,0,0,4.46,4.27,4.37,8.42,99.56,0.11,62.03,0.53,206.94,1.01,209.14
2022,9,15,4,0,0,0,0,0,0,0,0,4.13,3.78,3.95,8.12,98.38,0.1,62.04,0.16,216.87,0.34,212.97
2022,9,15,5,0.04,0.06,0.22,3.02,7.27,0.45,0,0,3.75,3.33,3.54,7.87,97.88,0.27,62.07,0.33,32.57,0.43,34.56
2022,9,15,6,0.23,0.64,1.23,27.75,77.38,4.2,0.03,0.17,4.76,3.33,4.05,7.87,90.94,0.49,62.11,0.53,57.72,0.66,57.99
2022,9,15,7,0.51,1.47,2.24,62.2,182.15,9.27,0.17,0.85,6.34,3.64,4.99,8,83.25,1.01,62.14,1.01,136.89,1.25,137.27
2022,9,15,8,0.95,2.24,3.11,117.7,280.3,17.38,0.47,2.4,7.86,4,5.93,8.24,77,1.66,62.14,1.96,164.02,2.45,164.1
2022,9,15,9,1.17,2.83,3.77,153.6,353.88,23.37,0.75,3.98,9.32,4.49,6.9,8.54,72.19,1.56,62.12,2.66,178.99,3.37,179.07
2022,9,15,10,0.98,3.2,4.19,134.05,398.73,20.67,0.75,3.7,10.42,5.08,7.75,8.91,69.94,1.28,62.08,3.36,189.9,4.34,189.95
2022,9,15,11,0.71,3.3,4.33,94.25,411.23,14.32,0.51,2.55,10.76,5.49,8.12,9.16,70.31,1.02,62.04,3.92,195.95,5.13,195.9
2022,9,15,12,1,3.15,4.18,136.02,390.62,20.69,0.74,3.67,10.62,5.61,8.12,9.22,71.56,0.6,61.98,4.24,198.6,5.6,198.64
2022,9,15,13,0.9,2.8,3.76,121.55,348.75,18.42,0.59,3.17,10.15,5.58,7.87,9.22,73.69,0.4,61.94,4.3,198.53,5.71,198.51
2022,9,15,14,0.59,2.19,3.08,78.85,271.38,11.91,0.32,1.65,9.46,5.55,7.5,9.22,76.94,0.3,61.92,4.24,198.03,5.65,197.96
2022,9,15,15,0.36,1.4,2.21,46.35,171.4,6.91,0.13,0.62,8.83,5.54,7.19,9.22,80.31,0.33,61.91,3.89,198.25,5.21,198.27
2022,9,15,16,0.18,0.59,1.2,20.8,70.23,3.03,0.02,0.12,8.06,5.59,6.83,9.28,85.06,0.36,61.92,3.2,199.41,4.29,199.46
2022,9,15,17,0.05,0.05,0.2,3.67,5.98,0.54,0,0,6.83,5.77,6.3,9.4,93.75,0.26,61.94,1.92,199.76,2.67,199.81
2022,9,15,18,0,0,0,0,0,0,0,0,6.3,5.88,6.09,9.46,98.19,0.22,61.97,1.05,196.95,1.55,197.61
2022,9,15,19,0,0,0,0,0,0,0,0,6.14,5.79,5.97,9.4,98.69,0.18,62.01,0.82,192.71,1.33,193.63
2022,9,15,20,0,0,0,0,0,0,0,0,6.09,5.75,5.92,9.4,98.75,0.2,62.03,0.74,187.87,1.23,187.67
2022,9,15,21,0,0,0,0,0,0,0,0,5.9,5.61,5.75,9.28,99.19,0.21,62.02,0.67,186.71,1.17,187.27
2022,9,15,22,0,0,0,0,0,0,0,0,5.37,5.13,5.25,8.97,99.38,0.2,61.98,0.62,191.59,1.18,193.76
2022,9,15,23,0,0,0,0,0,0,0,0,4.99,4.76,4.87,8.73,99.38,0.24,61.94,0.53,192.8,0.94,196.34
2022,9,16,0,0,0,0,0,0,0,0,0,4.66,4.36,4.51,8.48,98.75,0.31,61.89,0.36,184.97,0.65,189.69
2022,9,16,1,0,0,0,0,0,0,0,0,4.24,3.77,4.01,8.18,97.56,0.32,61.86,0.17,109.29,0.22,137.86
2022,9,16,2,0,0,0,0,0,0,0,0,3.87,3.24,3.56,7.81,96.19,0.31,61.83,0.38,33.37,0.45,32.86
2022,9,16,3,0,0,0,0,0,0,0,0,3.53,2.82,3.17,7.63,95.62,0.37,61.82,0.57,19.18,0.75,17.68
2022,9,16,4,0,0,0,0,0,0,0,0,3.33,2.69,3.01,7.51,96,0.44,61.81,0.5,18.15,0.73,16.88
2022,9,16,5,0.04,0.06,0.21,3.55,6.77,0.52,0,0,3.39,2.74,3.06,7.57,96.06,0.16,61.81,0.4,22.01,0.69,21.32
2022,9,16,6,0.17,0.63,1.22,20.08,74.67,2.92,0.02,0.12,4.65,3.03,3.84,7.69,89.56,0.16,61.82,0.64,36.59,0.84,36.34
2022,9,16,7,0.47,1.46,2.23,58.6,180.38,8.74,0.16,0.8,6.38,3.75,5.06,8.12,83.62,0.19,61.85,1.06,155.52,1.34,156.27
2022,9,16,8,0.7,2.21,3.1,92.17,275.48,13.88,0.37,1.88,7.49,4.12,5.8,8.36,79.62,0.25,61.89,2.33,173.07,3,172.97
2022,9,16,9,0.79,2.81,3.76,107.92,350.12,16.42,0.52,2.73,8.41,4.24,6.33,8.42,75.44,0.34,61.93,2.94,178.17,3.81,178.24
2022,9,16,10,0.9,3.16,4.18,122.02,394.33,18.53,0.64,3.17,9.57,4.51,7.04,8.54,71.06,0.44,61.92,3.16,182.13,4.07,182.09
2022,9,16,11,0.6,3.25,4.31,83.52,404.27,12.76,0.44,2.2,10.06,4.69,7.38,8.67,69.75,0.5,61.88,3.04,186.05,3.9,186.1
2022,9,16,12,0.57,3.15,4.16,81.02,392.88,12.46,0.43,2.12,9.71,4.84,7.27,8.79,72.12,0.49,61.81,2.81,187.66,3.62,187.69
2022,9,16,13,0.4,2.76,3.74,57.1,344.85,8.62,0.27,1.4,9.19,5.07,7.13,8.91,75.81,0.44,61.75,2.66,189.63,3.44,189.68
2022,9,16,14,0.32,2.16,3.07,43.5,268.85,6.57,0.17,0.88,8.84,5.32,7.08,9.09,79,0.38,61.7,2.32,193.62,2.98,193.64
2022,9,16,15,0.18,1.36,2.19,23.5,166.67,3.54,0.06,0.3,8.42,5.46,6.94,9.22,82.19,0.32,61.68,1.95,196.98,2.51,197.02
2022,9,16,16,0.07,0.56,1.17,8.05,65.9,1.2,0.01,0.05,7.75,5.62,6.69,9.28,86.94,0.24,61.69,1.56,197.17,2.04,197.18
2022,9,16,17,0.03,0.05,0.18,1.73,5.52,0.26,0,0,6.95,5.89,6.42,9.46,93.69,0.76,61.71,1.1,193.15,1.52,193.39
2022,9,16,18,0,0,0,0,0,0,0,0,6.58,6.12,6.35,9.64,97.81,0.68,61.75,0.77,189.94,1.18,190.64
2022,9,16,19,0,0,0,0,0,0,0,0,6.37,6.01,6.19,9.58,98.38,0.57,61.79,0.72,190.58,1.22,192.53
2022,9,16,20,0,0,0,0,0,0,0,0,6.05,5.69,5.87,9.34,98.44,0.43,61.82,0.8,193.63,1.35,195.49
2022,9,16,21,0,0,0,0,0,0,0,0,5.58,5.2,5.39,9.03,98.19,0.31,61.82,0.83,192.99,1.33,193.95
2022,9,16,22,0,0,0,0,0,0,0,0,4.92,4.5,4.71,8.61,97.81,0.29,61.81,0.8,187.89,1.18,188.78
2022,9,16,23,0,0,0,0,0,0,0,0,4.39,3.9,4.15,8.24,97.38,0.35,61.8,0.75,186.01,1.07,187.13
2022,9,17,0,0,0,0,0,0,0,0,0,4.06,3.55,3.8,8,97.06,0.44,61.79,0.58,190.86,0.84,191.31
2022,9,17,1,0,0,0,0,0,0,0,0,3.88,3.46,3.67,8,97.75,0.52,61.76,0.31,152.78,0.48,158.03
2022,9,17,2,0,0,0,0,0,0,0,0,3.65,3.31,3.48,7.87,98.31,0.5,61.73,0.3,100.44,0.49,102.93
2022,9,17,3,0,0,0,0,0,0,0,0,3.34,3.08,3.21,7.75,98.75,0.41,61.72,0.32,90,0.54,95.79
2022,9,17,4,0,0,0,0,0,0,0,0,3.13,2.9,3.01,7.69,99.06,0.3,61.75,0.38,87.66,0.64,94.88
2022,9,17,5,0.05,0.06,0.21,4.75,7.3,0.69,0,0.02,3.12,2.86,2.99,7.63,98.81,0.63,61.78,0.44,99.13,0.77,104.18
2022,9,17,6,0.43,0.69,1.21,51.05,84.77,6.88,0.05,0.27,4.19,3.13,3.66,7.75,93.31,0.52,61.85,1.34,146.68,1.76,146.94
2022,9,17,7,0.95,1.51,2.22,119.02,188.8,16.55,0.3,1.48,4.71,3.16,3.94,7.75,90.12,0.47,61.95,2.34,171.76,3.08,171.68
2022,9,17,8,1.45,2.26,3.09,184.35,282.9,26.25,0.69,3.52,5.5,3.24,4.37,7.81,85.75,0.41,62.03,2.84,178.9,3.73,178.92
2022,9,17,9,2.05,2.84,3.75,259.17,355.1,37.19,1.17,6.2,6.75,3.55,5.15,8,80.44,0.37,62.08,3.38,180.13,4.47,180
2022,9,17,10,2.17,3.2,4.16,273.35,399.33,39.81,1.39,7.02,8.37,4.07,6.22,8.3,74.81,0.36,62.08,3.95,181.93,5.21,181.89
2022,9,17,11,2.28,3.38,4.3,289.67,426.7,43.02,1.56,7.77,9.69,4.52,7.11,8.54,70.56,0.43,62.04,4.5,186.38,5.95,186.41
2022,9,17,12,2.07,3.26,4.15,261.65,409.83,38.98,1.38,6.88,10.48,4.83,7.65,8.79,68.56,0.54,61.99,4.9,191.95,6.53,192.01
2022,9,17,13,1.62,2.88,3.72,203.83,361.38,30.41,0.98,5.27,10.7,5.05,7.88,8.91,68.62,0.58,61.93,4.91,196.56,6.55,196.56
2022,9,17,14,1.17,2.25,3.05,145.05,283.05,21.34,0.56,2.92,10.48,5.11,7.8,8.97,69.94,0.56,61.9,4.56,198.9,6.08,198.97
2022,9,17,15,0.75,1.45,2.17,91.12,179.45,13.02,0.23,1.17,9.7,5.2,7.45,9.03,74.19,0.46,61.89,4.09,200.34,5.47,200.3
2022,9,17,16,0.34,0.59,1.15,38.4,69.83,4.85,0.04,0.17,8.4,5.35,6.87,9.09,81.88,0.36,61.92,3.38,199.44,4.57,199.49
2022,9,17,17,0.04,0.04,0.17,3.33,5.02,0.49,0,0,6.53,5.6,6.07,9.28,94.75,0.24,61.96,1.82,195.71,2.65,195.71
2022,9,17,18,0,0,0,0,0,0,0,0,5.8,5.65,5.73,9.28,99.94,0.16,62.01,1.12,190.45,1.83,190.11
2022,9,17,19,0,0,0,0,0,0,0,0,5.6,5.61,5.6,9.28,100,0.15,62.06,0.97,184.15,1.7,183.43
2022,9,17,20,0,0,0,0,0,0,0,0,4.99,4.92,4.96,8.79,100,0.2,62.08,0.93,178.07,1.7,177.63
2022,9,17,21,0,0,0,0,0,0,0,0,4.49,4.4,4.44,8.48,99.94,0.27,62.08,0.87,172.81,1.55,171.91
2022,9,17,22,0,0,0,0,0,0,0,0,4.02,3.97,4,8.24,100,0.32,62.07,0.76,169.27,1.39,168.31
2022,9,17,23,0,0,0,0,0,0,0,0,3.6,3.55,3.58,8,100,0.34,62.06,0.66,165.64,1.23,164.9
2022,9,18,0,0,0,0,0,0,0,0,0,3.24,3.15,3.19,7.81,100,0.32,62.05,0.59,158.2,1.03,158.68
2022,9,18,1,0,0,0,0,0,0,0,0,2.88,2.73,2.8,7.57,99.75,0.31,62.03,0.45,137.79,0.77,141.16
2022,9,18,2,0,0,0,0,0,0,0,0,2.49,2.29,2.39,7.32,99.44,0.27,62.02,0.36,102.53,0.62,106.14
2022,9,18,3,0,0,0,0,0,0,0,0,2.12,1.93,2.02,7.14,99.44,0.21,62.02,0.34,72.8,0.64,74.44
2022,9,18,4,0,0,0,0,0,0,0,0,1.98,1.75,1.86,7.02,99.06,0.17,62.03,0.35,54.9,0.71,54.39
2022,9,18,5,0.05,0.05,0.2,3.73,6.02,0.52,0,0,2.12,1.79,1.96,7.08,98.38,0.03,62.06,0.38,50.79,0.75,49.66
2022,9,18,6,0.29,0.57,1.2,33.08,67.17,4.4,0.03,0.17,3.76,2.48,3.12,7.39,91.88,0.03,62.1,0.8,56.93,1.08,56.2
2022,9,18,7,0.65,1.35,2.21,78.67,161.38,11.04,0.2,1,5.83,3.86,4.85,8.18,87.62,0.03,62.16,1.01,137.19,1.28,137.47
2022,9,18,8,1.11,2.12,3.08,139.02,258.3,19.8,0.53,2.75,7.68,4.78,6.23,8.73,82.44,0.04,62.19,2.1,177.45,2.71,177.52
2022,9,18,9,1.27,2.72,3.74,162.3,332.8,23.62,0.77,4.12,9.51,5.16,7.33,8.97,74.94,0.05,62.18,2.82,188.29,3.64,188.27
2022,9,18,10,1.35,3.08,4.15,175.9,377,25.7,0.91,4.52,11.1,5.51,8.3,9.16,69,0.06,62.16,3.28,192.65,4.24,192.65
2022,9,18,11,1.25,3.16,4.29,163.55,386.38,23.84,0.87,4.3,11.96,5.88,8.92,9.46,66.94,0.07,62.11,3.75,195.57,4.88,195.59
2022,9,18,12,1.29,3.02,4.13,163.35,367.4,23.41,0.82,4.08,12.33,6.21,9.27,9.64,66.88,0.1,62.06,4.17,197.55,5.46,197.5
2022,9,18,13,1.18,2.65,3.71,152.58,323.92,21.93,0.7,3.77,12.13,6.37,9.25,9.77,68.5,0.13,62.03,4.38,199.05,5.77,199.05
2022,9,18,14,0.68,2,3.03,85.83,241.65,12.43,0.33,1.67,11.51,6.47,8.98,9.83,71.69,0.14,62.02,4.22,199.34,5.59,199.35
2022,9,18,15,0.46,1.25,2.15,57.45,148.67,8.13,0.15,0.73,10.5,6.37,8.44,9.77,76,0.14,62.03,3.82,198.25,5.06,198.27
2022,9,18,16,0.15,0.47,1.13,17.1,53.17,2.32,0.02,0.08,9.15,6.17,7.66,9.58,82,0.13,62.07,3.09,197.34,4.14,197.34
2022,9,18,17,0.04,0.04,0.16,3.17,4.27,0.45,0,0,7.44,6.26,6.85,9.64,92.81,0.09,62.12,1.68,194.3,2.39,194.17
2022,9,18,18,0,0,0,0,0,0,0,0,6.61,6.14,6.37,9.58,97.56,0.08,62.17,0.92,188.27,1.4,188.67
2022,9,18,19,0,0,0,0,0,0,0,0,6.48,5.98,6.23,9.46,97.38,0.08,62.21,0.66,188.13,0.95,188.06
2022,9,18,20,0,0,0,0,0,0,0,0,6.23,5.65,5.94,9.28,96.81,0.07,62.23,0.4,209.6,0.6,207.9
2022,9,18,21,0,0,0,0,0,0,0,0,5.75,5.27,5.51,9.03,97.5,0.06,62.22,0.36,236.66,0.58,233.75
2022,9,18,22,0,0,0,0,0,0,0,0,5.35,5,5.18,8.85,98.44,0.07,62.2,0.35,251.57,0.6,248.75
2022,9,18,23,0,0,0,0,0,0,0,0,5.09,4.74,4.92,8.67,98.44,0.07,62.19,0.38,262.87,0.65,258.96
2022,9,19,0,0,0,0,0,0,0,0,0,4.84,4.49,4.67,8.54,98.56,0.07,62.17,0.43,274.16,0.74,271.21
2022,9,19,1,0,0,0,0,0,0,0,0,4.69,4.29,4.49,8.42,98.19,0.07,62.14,0.47,279.62,0.8,278.45
2022,9,19,2,0,0,0,0,0,0,0,0,4.64,4.06,4.35,8.3,96.94,0.07,62.12,0.46,288.74,0.77,286.59
2022,9,19,3,0,0,0,0,0,0,0,0,4.63,3.87,4.25,8.18,95.69,0.06,62.12,0.39,297.07,0.63,295.62
2022,9,19,4,0,0,0,0,0,0,0,0,4.67,3.71,4.19,8.12,94.31,0.06,62.15,0.32,311.05,0.49,310.5
2022,9,19,5,0.04,0.05,0.19,3.23,6.08,0.48,0,0,4.9,3.69,4.3,8.06,92.69,0.07,62.18,0.23,324.69,0.32,322
2022,9,19,6,0.29,0.6,1.19,34.3,70.38,4.95,0.04,0.17,5.98,4.62,5.3,8.67,92.31,0.07,62.24,0.19,211.76,0.24,213.18
2022,9,19,7,0.71,1.42,2.2,88.23,174.05,12.84,0.23,1.15,7.48,4.83,6.15,8.73,84,0.08,62.29,1.47,192.86,1.88,192.94
2022,9,19,8,1.07,2.19,3.07,128.02,270.7,18.54,0.48,2.5,8.8,5.33,7.07,9.03,79.5,0.08,62.32,2.54,193.14,3.26,193.17
2022,9,19,9,1.44,2.79,3.73,185.58,346.17,27.57,0.88,4.75,10.12,5.51,7.81,9.16,73.75,0.1,62.33,3.29,194.43,4.24,194.52
2022,9,19,10,1.75,3.15,4.14,224.7,391.38,33.2,1.16,5.8,11.53,5.75,8.64,9.34,68.25,0.12,62.32,4,195.85,5.19,195.9
2022,9,19,11,1.87,3.32,4.27,241.25,414.42,36.16,1.31,6.45,12.21,5.98,9.09,9.46,66.38,0.13,62.28,4.51,198.06,5.91,198.03
2022,9,19,12,1.99,3.16,4.12,251.48,392.15,36.58,1.26,6.35,12.37,6.08,9.22,9.58,66.12,0.15,62.24,4.7,199.82,6.18,199.81
2022,9,19,13,1.57,2.77,3.69,200.73,343.67,28.84,0.89,4.73,12.13,6.01,9.07,9.52,66.81,0.16,62.19,4.65,201.91,6.13,201.92
2022,9,19,14,1.11,2.13,3.01,139.98,263.62,19.86,0.5,2.55,11.59,5.88,8.74,9.46,68.69,0.16,62.16,4.39,203.92,5.83,203.95
2022,9,19,15,0.68,1.37,2.13,82.33,167.85,11.45,0.2,0.98,10.8,5.8,8.3,9.4,71.94,0.14,62.16,3.97,204.8,5.29,204.79
2022,9,19,16,0.26,0.53,1.11,29.8,62.4,4.03,0.03,0.12,9.58,5.73,7.65,9.34,77.56,0.11,62.18,3.25,204.9,4.39,204.92
2022,9,19,17,0.04,0.04,0.15,2.9,4.25,0.41,0,0,7.3,6.06,6.68,9.52,92.69,0.09,62.22,1.46,201.35,2.29,200.97
2022,9,19,18,0,0,0,0,0,0,0,0,6.38,6.15,6.26,9.58,99.31,0.08,62.26,0.92,191.79,1.55,191.37
2022,9,19,19,0,0,0,0,0,0,0,0,6.17,6.12,6.14,9.58,100,0.05,62.29,0.83,186.46,1.34,185.68
2022,9,19,20,0,0,0,0,0,0,0,0,5.68,5.57,5.62,9.22,100,0.03,62.31,0.68,187.29,1.15,187.41
2022,9,19,21,0,0,0,0,0,0,0,0,5.25,5.25,5.25,8.97,100,0.03,62.3,0.59,195.32,1.04,196.12
2022,9,19,22,0,0,0,0,0,0,0,0,4.87,5.01,4.94,8.85,100,0.04,62.28,0.58,210.03,1.02,210.29
2022,9,19,23,0,0,0,0,0,0,0,0,4.55,4.71,4.63,8.67,100,0.03,62.26,0.55,225.58,0.94,226.01
2022,9,20,0,0,0,0,0,0,0,0,0,4.51,4.47,4.49,8.54,100,0.03,62.23,0.45,246.54,0.72,245.66
2022,9,20,1,0,0,0,0,0,0,0,0,4.32,4.13,4.23,8.36,99.81,0.01,62.19,0.27,294.3,0.39,288.8
2022,9,20,2,0,0,0,0,0,0,0,0,3.79,3.69,3.74,8.12,100,0.01,62.15,0.33,0,0.48,0
2022,9,20,3,0,0,0,0,0,0,0,0,3.08,3.14,3.12,7.75,100,0,62.14,0.54,20.27,0.91,21.25
2022,9,20,4,0,0,0,0,0,0,0,0,2.43,2.55,2.49,7.45,100,0,62.15,0.68,24.5,1.24,26.24
2022,9,20,5,0.05,0.05,0.19,4.42,6.2,0.63,0,0.02,2.16,1.99,2.08,7.14,99.31,0.01,62.17,0.77,27.87,1.41,28.84
2022,9,20,6,0.37,0.63,1.18,43.2,74.62,5.84,0.05,0.23,4.95,2.78,3.87,7.57,86.38,0.01,62.22,0.91,30.96,1.26,31.51
2022,9,20,7,0.92,1.43,2.19,112.05,175.67,15.59,0.28,1.38,8.33,3.83,6.08,8.18,74.38,0.01,62.26,0.65,201.04,0.8,201.08
2022,9,20,8,1.28,2.19,3.06,157.85,271.3,22.71,0.59,3.05,10.62,4.3,7.45,8.48,66.25,0.01,62.28,1.96,198.36,2.45,198.2
2022,9,20,9,1.83,2.79,3.72,231.73,347.65,33.42,1.05,5.7,12.09,4.53,8.31,8.67,61.06,0.01,62.28,2.69,195.12,3.42,195.12
2022,9,20,10,1.89,3.14,4.13,236.9,390.92,34.43,1.19,5.98,12.95,4.98,8.97,8.97,59.62,0.02,62.25,3.28,195.89,4.22,195.92
2022,9,20,11,2.08,3.29,4.26,266.95,411.3,38.92,1.4,6.9,13.51,5.42,9.47,9.22,59.12,0.05,62.21,3.72,198.63,4.8,198.7
2022,9,20,12,2.04,3.15,4.1,261.75,393.15,38.12,1.31,6.65,13.29,5.73,9.51,9.4,61.12,0.11,62.16,3.89,202.44,5.05,202.44
2022,9,20,13,1.7,2.76,3.67,214.08,345.15,31.01,0.96,5.2,12.74,5.84,9.29,9.46,63.56,0.16,62.12,3.81,205.88,4.97,206
2022,9,20,14,1.26,2.14,2.99,158.55,267.2,22.45,0.57,2.9,11.96,5.85,8.9,9.4,66.81,0.2,62.08,3.65,207.83,4.81,207.9
2022,9,20,15,0.79,1.37,2.11,96.05,169.85,13.14,0.23,1.1,10.7,6.01,8.36,9.52,73.31,0.22,62.08,3.28,207.48,4.37,207.48
2022,9,20,16,0.31,0.56,1.09,35.85,66.52,4.69,0.03,0.15,9.28,6.3,7.79,9.7,82.12,0.25,62.11,2.71,204.35,3.66,204.48
2022,9,20,17,0.04,0.04,0.13,3.25,4.1,0.47,0,0,7.94,6.69,7.31,9.95,92.56,0.2,62.13,1.94,193.98,2.69,193.96
2022,9,20,18,0,0,0,0,0,0,0,0,7.41,6.96,7.19,10.13,97.88,0.21,62.17,1.52,185.59,2.18,186.18
2022,9,20,19,0,0,0,0,0,0,0,0,7.01,6.76,6.88,10.01,99.19,0.19,62.22,1.38,189.46,2.12,191.06
2022,9,20,20,0,0,0,0,0,0,0,0,6.45,6.3,6.37,9.7,99.75,0.18,62.27,1.39,197.72,2.16,199.42
2022,9,20,21,0,0,0,0,0,0,0,0,5.9,5.76,5.83,9.34,99.75,0.15,62.28,1.32,204.75,2.15,206.1
2022,9,20,22,0,0,0,0,0,0,0,0,5.48,5.25,5.37,8.97,99.25,0.11,62.3,1.13,214.57,1.86,215.09
2022,9,20,23,0,0,0,0,0,0,0,0,5.13,5,5.06,8.85,100,0.08,62.31,0.79,214.16,1.45,214.89
2022,9,21,0,0,0,0,0,0,0,0,0,4.78,4.7,4.74,8.67,100,0.06,62.29,0.58,205.53,1.11,206.75
2022,9,21,1,0,0,0,0,0,0,0,0,4.68,4.52,4.6,8.61,100,0.03,62.24,0.42,196.09,0.78,198.62
2022,9,21,2,0,0,0,0,0,0,0,0,4.64,4.33,4.49,8.48,99,0.02,62.21,0.2,177.71,0.38,189.46
2022,9,21,3,0,0,0,0,0,0,0,0,4.33,4.02,4.17,8.24,98.81,0.01,62.2,0.14,59.04,0.2,61.39
2022,9,21,4,0,0,0,0,0,0,0,0,4.26,3.87,4.06,8.18,98.12,0.01,62.2,0.25,51.34,0.48,49.6
2022,9,21,5,0.05,0.05,0.18,3.88,6.17,0.55,0,0,4.41,3.73,4.07,8.06,96.06,0.01,62.23,0.27,56.77,0.5,53.84
2022,9,21,6,0.48,0.64,1.17,58.05,77.12,7.79,0.06,0.33,5.75,4.07,4.91,8.3,89.69,0.01,62.27,0.33,109.29,0.43,105.8
2022,9,21,7,1.08,1.45,2.19,130.08,179.98,17.46,0.31,1.55,7.47,4.67,6.07,8.61,83.12,0.01,62.31,1.35,180,1.7,180.26
2022,9,21,8,1.75,2.19,3.05,215.38,273.55,29.73,0.77,4.08,9.17,5.09,7.13,8.91,76.38,0.02,62.32,2.31,186.4,2.93,186.42
2022,9,21,9,2.15,2.79,3.71,266.23,348.88,37.59,1.2,6.62,10.55,4.98,7.76,8.85,69.06,0.03,62.31,2.72,188.41,3.45,188.33
2022,9,21,10,2.53,3.16,4.12,317.88,394.83,45.56,1.6,8.15,11.67,5.04,8.36,8.85,64.31,0.06,62.29,3.1,192.36,3.94,192.36
2022,9,21,11,1.83,3.3,4.25,227.23,413.77,33.81,1.25,6.12,12.46,5.3,8.88,9.03,62.19,0.15,62.24,3.51,197.07,4.5,197.15
2022,9,21,12,1.91,3.15,4.09,245.2,393.25,35.86,1.28,6.5,12.61,5.59,9.1,9.22,62.94,0.29,62.18,3.86,200.27,4.98,200.28
2022,9,21,13,1.46,2.73,3.65,182.35,339.67,26.5,0.85,4.62,12.27,5.8,9.04,9.4,65.31,0.44,62.12,4.05,201.51,5.27,201.47
2022,9,21,14,0.88,2.12,2.97,108.45,262.15,15.42,0.39,2.02,11.48,5.8,8.64,9.4,68.69,0.48,62.09,4.15,200.38,5.47,200.4
2022,9,21,15,0.64,1.31,2.09,77.35,159.33,10.84,0.2,0.95,10.37,5.63,8,9.28,73.06,0.48,62.09,4.05,199.13,5.4,199.17
2022,9,21,16,0.25,0.52,1.07,29.38,61.45,4.11,0.03,0.15,8.92,5.54,7.23,9.16,79.88,0.41,62.12,3.51,200.05,4.76,200.07
2022,9,21,17,0.03,0.03,0.12,2.73,3.67,0.41,0,0,7.03,5.8,6.41,9.34,92.44,0.21,62.16,1.99,201.22,2.92,201.69
2022,9,21,18,0,0,0,0,0,0,0,0,6.44,6,6.23,9.46,97.81,0.14,62.22,1.42,202.91,2.12,203.64
2022,9,21,19,0,0,0,0,0,0,0,0,5.72,5.38,5.55,9.09,98.44,0.08,62.28,1.09,206.93,1.82,208.43
2022,9,21,20,0,0,0,0,0,0,0,0,5.29,5.01,5.15,8.85,98.81,0.06,62.32,0.87,212.11,1.49,213.69
2022,9,21,21,0,0,0,0,0,0,0,0,4.75,4.6,4.68,8.61,99.88,0.06,62.31,0.64,219.09,1.18,220.15
2022,9,21,22,0,0,0,0,0,0,0,0,4.59,4.38,4.49,8.48,99.44,0.07,62.28,0.54,218.53,0.97,218.44
2022,9,21,23,0,0,0,0,0,0,0,0,4.54,4.23,4.38,8.36,98.81,0.06,62.25,0.45,205.68,0.78,205.54
2022,9,22,0,0,0,0,0,0,0,0,0,4.33,4.05,4.19,8.3,99.06,0.06,62.21,0.35,180,0.62,182.17
2022,9,22,1,0,0,0,0,0,0,0,0,4.09,3.88,3.98,8.18,99.56,0.05,62.17,0.34,146.31,0.6,151.09
2022,9,22,2,0,0,0,0,0,0,0,0,3.87,3.71,3.79,8.12,99.94,0.04,62.14,0.39,132.58,0.7,136.82
2022,9,22,3,0,0,0,0,0,0,0,0,3.72,3.58,3.65,8,99.94,0.02,62.14,0.39,126.87,0.69,131.31
2022,9,22,4,0,0,0,0,0,0,0,0,3.62,3.45,3.53,7.93,99.88,0.02,62.15,0.35,117.7,0.61,121.46
2022,9,22,5,0.06,0.05,0.18,5,5.75,0.7,0,0.02,3.62,3.4,3.51,7.93,99.5,0,62.19,0.34,114.23,0.6,116.9
2022,9,22,6,0.35,0.61,1.16,41.27,72.5,5.73,0.05,0.23,4.69,3.7,4.19,8.06,94.12,0,62.23,0.82,132.31,1.06,133.21
2022,9,22,7,0.89,1.41,2.18,110.08,172.77,15.38,0.28,1.4,6.18,3.76,4.98,8.12,85.19,0,62.28,1.47,160.8,1.85,161.03
2022,9,22,8,1.45,2.18,3.04,179.3,269.65,25.37,0.66,3.48,7.95,3.87,5.9,8.12,75.88,0,62.3,2.26,177.62,2.85,177.49
2022,9,22,9,1.94,2.77,3.7,244.38,344.2,34.73,1.1,6.1,9.86,3.69,6.78,8.06,65.88,0,62.31,2.81,184.62,3.57,184.65
2022,9,22,10,2.33,3.13,4.11,292.3,388.65,41.45,1.45,7.35,11.25,3.52,7.39,7.93,59.25,0,62.3,3.3,189.26,4.22,189.27
2022,9,22,11,2.11,3.23,4.23,268.73,401.12,38.54,1.4,6.85,11.93,3.65,7.8,8,57.25,0,62.26,3.68,193.27,4.72,193.21
2022,9,22,12,1.94,3.09,4.07,239.73,382.3,34.09,1.18,6.02,12.11,3.71,7.9,8.06,56.81,0,62.2,3.97,195.87,5.14,195.98
2022,9,22,13,1.44,2.66,3.64,182.48,327.3,26.32,0.84,4.55,11.69,3.6,7.65,8,57.94,0,62.16,4.08,197.5,5.32,197.61
2022,9,22,14,0.86,2.05,2.95,107,250.45,15.13,0.38,1.98,10.89,3.5,7.19,7.93,60.69,0,62.13,4,197.97,5.26,198
2022,9,22,15,0.45,1.29,2.07,54.83,156.42,7.56,0.13,0.62,9.73,3.51,6.62,8,65.69,0,62.13,3.68,198.17,4.87,198.14
2022,9,22,16,0.27,0.49,1.04,30.02,57.2,4.05,0.03,0.15,8.27,3.66,5.97,8.06,73.38,0,62.15,3.08,199.08,4.12,199.05
2022,9,22,17,0.03,0.03,0.11,2.6,3.23,0.37,0,0,6.06,4.1,5.08,8.3,88.19,0,62.19,1.5,197.21,2.31,196.72
2022,9,22,18,0,0,0,0,0,0,0,0,4.93,4.4,4.66,8.48,97.5,0,62.23,0.9,186.01,1.5,184.79
2022,9,22,19,0,0,0,0,0,0,0,0,4.64,4.39,4.51,8.48,99.38,0,62.26,0.67,170.54,1.12,169.95
2022,9,22,20,0,0,0,0,0,0,0,0,4.32,4.02,4.17,8.24,99,0,62.28,0.47,145.78,0.83,148.11
2022,9,22,21,0,0,0,0,0,0,0,0,3.99,3.62,3.8,8.06,98.38,0.01,62.28,0.36,113.2,0.64,115.31
2022,9,22,22,0,0,0,0,0,0,0,0,3.75,3.3,3.53,7.87,97.88,0.01,62.25,0.31,85.71,0.59,85.43
2022,9,22,23,0,0,0,0,0,0,0,0,3.46,2.98,3.23,7.69,97.56,0.01,62.21,0.33,57.43,0.65,56.69
2022,9,23,0,0,0,0,0,0,0,0,0,3.26,2.48,2.87,7.39,95.31,0.02,62.17,0.43,36.03,0.77,36.75
2022,9,23,1,0,0,0,0,0,0,0,0,3.3,1.94,2.62,7.14,91.44,0.02,62.12,0.5,24.96,0.86,25.4
2022,9,23,2,0,0,0,0,0,0,0,0,3.49,1.5,2.49,6.9,87.19,0.02,62.09,0.55,26.2,0.9,25.68
2022,9,23,3,0,0,0,0,0,0,0,0,3.73,1.23,2.48,6.77,84.12,0.03,62.07,0.45,37.27,0.73,36.75
2022,9,23,4,0,0,0,0,0,0,0,0,3.87,1.07,2.47,6.65,82.25,0.03,62.08,0.36,65.66,0.57,64.84
2022,9,23,5,0.06,0.05,0.17,4.92,5.73,0.7,0,0.02,3.86,1.11,2.48,6.71,82.5,0.06,62.11,0.33,106.7,0.51,106.78
2022,9,23,6,0.52,0.63,1.15,62.25,76.02,7.96,0.05,0.27,4.86,2.29,3.58,7.32,84,0.06,62.15,0.39,159.04,0.57,153.08
2022,9,23,7,1.13,1.44,2.17,139.23,178.27,18.67,0.32,1.58,6.17,3.08,4.63,7.75,81.25,0.06,62.2,1.17,193.85,1.46,193.89
2022,9,23,8,1.74,2.18,3.03,213.98,270.27,29.55,0.73,3.75,7.94,4.03,5.99,8.3,77.06,0.05,62.22,1.94,197.05,2.45,197.05
2022,9,23,9,2.27,2.79,3.69,282.3,346.5,39.78,1.21,6.42,9.55,4.29,6.92,8.42,70.5,0.05,62.22,2.56,198.1,3.25,198.09
2022,9,23,10,2.3,3.14,4.09,285.92,389.33,41.07,1.4,7.08,10.61,4.5,7.55,8.54,66.56,0.04,62.2,3.13,200.42,4.01,200.27
2022,9,23,11,2.09,3.24,4.22,262.55,402.3,38.1,1.34,6.55,11.07,4.65,7.87,8.67,65.31,0.04,62.16,3.64,202.05,4.74,201.87
2022,9,23,12,1.94,3.08,4.06,241.6,381.23,34.87,1.17,5.98,11.28,4.93,8.11,8.85,65.62,0.04,62.11,4.02,203.02,5.28,202.92
2022,9,23,13,1.44,2.67,3.62,181.8,329.52,26.34,0.8,4.33,11.08,5.08,8.08,8.91,67.06,0.05,62.06,4.18,203.69,5.53,203.63
2022,9,23,14,1.06,2.04,2.93,128.55,249.35,18.03,0.45,2.27,10.34,5,7.67,8.85,69.94,0.05,62.04,4.25,202.37,5.69,202.2
2022,9,23,15,0.74,1.26,2.05,88.95,151.62,12.02,0.2,0.98,9.1,4.98,7.04,8.85,75.81,0.05,62.06,3.95,200.01,5.33,199.9
2022,9,23,16,0.3,0.47,1.02,34.02,54.62,4.29,0.03,0.12,7.78,4.98,6.38,8.85,83,0.04,62.09,3.28,197.74,4.46,197.55
2022,9,23,17,0.03,0.03,0.1,2.12,2.83,0.3,0,0,6.46,5.17,5.82,8.97,92.06,0.14,62.12,2.11,193.26,2.95,193.01
2022,9,23,18,0,0,0,0,0,0,0,0,5.76,5.32,5.55,9.03,97.69,0.13,62.16,1.11,188.07,1.71,186.31
2022,9,23,19,0,0,0,0,0,0,0,0,5.47,5.22,5.34,8.97,99.06,0.12,62.2,0.79,183.96,1.38,181.63
2022,9,23,20,0,0,0,0,0,0,0,0,5.2,4.99,5.1,8.85,99.31,0.11,62.2,0.6,186.01,1,184.91
2022,9,23,21,0,0,0,0,0,0,0,0,5.04,4.69,4.87,8.67,98.56,0.1,62.17,0.39,219.37,0.65,217.69
2022,9,23,22,0,0,0,0,0,0,0,0,4.54,4.37,4.45,8.48,99.81,0.08,62.13,0.4,266.63,0.71,262.41
2022,9,23,23,0,0,0,0,0,0,0,0,4.12,4.08,4.1,8.3,100,0.07,62.08,0.53,270,0.98,268.63
2022,9,24,0,0,0,0,0,0,0,0,0,3.82,3.91,3.87,8.24,100,0.06,62.04,0.65,252.65,1.19,251.21
2022,9,24,1,0,0,0,0,0,0,0,0,3.79,3.93,3.86,8.24,100,0.05,62,0.69,237.93,1.27,236.5
2022,9,24,2,0,0,0,0,0,0,0,0,4.03,4.09,4.06,8.36,100,0.05,61.99,0.66,233.13,1.27,232.78
2022,9,24,3,0,0,0,0,0,0,0,0,4.19,4.16,4.18,8.42,100,0.05,62,0.64,227.49,1.22,226.81
2022,9,24,4,0,0,0,0,0,0,0,0,4.31,4.22,4.26,8.42,100,0.05,62.02,0.6,217.02,1.15,216.4
2022,9,24,5,0.04,0.05,0.17,2.85,5.52,0.41,0,0,4.19,3.98,4.08,8.3,99.56,0.15,62.06,0.53,210.38,1.03,210.44
2022,9,24,6,0.2,0.63,1.15,23.5,75.83,3.41,0.02,0.12,4.65,3.99,4.33,8.24,96.38,0.17,62.12,0.89,195.74,1.19,196.41
2022,9,24,7,0.64,1.45,2.16,77.1,179.45,10.95,0.2,0.98,5.12,3.87,4.5,8.18,92.31,0.21,62.18,1.34,182.68,1.69,182.65
2022,9,24,8,0.8,2.2,3.02,98.3,274.88,14.59,0.38,1.92,5.97,4.12,5.04,8.3,88.56,0.26,62.21,1.98,180.23,2.52,180.18
2022,9,24,9,1.04,2.79,3.68,133.9,348.85,20.16,0.62,3.33,7.01,4.26,5.64,8.42,83.31,0.3,62.22,2.81,185.74,3.63,185.67
2022,9,24,10,0.99,3.15,4.08,133.67,393.67,20.79,0.73,3.7,7.76,4.29,6.02,8.42,79.31,0.32,62.2,3.21,190.24,4.17,190.26
2022,9,24,11,1.21,3.25,4.2,160.62,406.02,24.55,0.88,4.33,8.58,4.38,6.48,8.48,75.5,0.35,62.15,3.54,194.59,4.6,194.56
2022,9,24,12,1.26,3.09,4.04,164.67,386.98,25.04,0.86,4.38,9.29,4.44,6.87,8.54,72.31,0.37,62.09,3.85,198.43,5.04,198.43
2022,9,24,13,1.34,2.71,3.6,163.1,339.83,23.97,0.74,3.95,9.52,4.49,7.01,8.54,71.44,0.37,62.02,4.04,200.36,5.33,200.32
2022,9,24,14,1.02,2.1,2.91,121.6,263.92,17.43,0.44,2.2,9.21,4.49,6.85,8.54,72.94,0.3,61.98,3.92,202.01,5.22,201.96
2022,9,24,15,0.57,1.33,2.03,68.75,166.38,9.72,0.16,0.77,8.51,4.62,6.57,8.67,77.25,0.23,61.96,3.52,202.46,4.72,202.4
2022,9,24,16,0.21,0.53,1,23.73,64.17,3.16,0.02,0.1,7.63,4.85,6.24,8.79,83.31,0.18,61.98,2.85,202.27,3.85,202.19
2022,9,24,17,0.03,0.03,0.09,2.3,2.88,0.34,0,0,6.04,5.23,5.63,9.03,95.44,0.12,62,1.23,198.55,1.94,197.56
2022,9,24,18,0,0,0,0,0,0,0,0,5.27,5.2,5.24,9.03,100,0.12,62.03,0.72,190.58,1.34,189.74
2022,9,24,19,0,0,0,0,0,0,0,0,4.99,5.09,5.05,8.97,100,0.11,62.07,0.68,191.18,1.23,191.38
2022,9,24,20,0,0,0,0,0,0,0,0,4.74,4.95,4.84,8.85,100,0.11,62.1,0.65,192.53,1.15,192.91
2022,9,24,21,0,0,0,0,0,0,0,0,4.58,4.8,4.69,8.79,100,0.12,62.1,0.58,199.65,1.04,199.25
2022,9,24,22,0,0,0,0,0,0,0,0,4.41,4.62,4.51,8.67,100,0.13,62.08,0.57,220.01,1.02,216.61
2022,9,24,23,0,0,0,0,0,0,0,0,4.31,4.49,4.4,8.61,100,0.15,62.04,0.56,240.95,1,236.19
2022,9,25,0,0,0,0,0,0,0,0,0,4.21,4.4,4.31,8.54,100,0.16,61.98,0.65,246.53,1.18,242.93
2022,9,25,1,0,0,0,0,0,0,0,0,4.22,4.47,4.34,8.61,100,0.18,61.92,0.74,235.3,1.45,233.75
2022,9,25,2,0,0,0,0,0,0,0,0,4.12,4.62,4.37,8.73,100,0.18,61.89,0.91,219.43,1.99,219.26
2022,9,25,3,0,0,0,0,0,0,0,0,4.49,5.08,4.78,8.97,100,0.21,61.9,1.16,210.03,2.45,210.49
2022,9,25,4,0,0,0,0,0,0,0,0,5.14,5.5,5.32,9.22,100,0.27,61.95,1.6,204.19,2.83,204.09
2022,9,25,5,0.03,0.05,0.16,2.62,5.52,0.39,0,0,5.11,5.2,5.15,8.97,100,0.28,62.01,1.73,200.07,2.84,199.93
2022,9,25,6,0.09,0.65,1.14,9.5,79.52,1.43,0.01,0.05,5.32,4.9,5.11,8.79,97.69,0.41,62.06,2.48,195.13,3.52,195.05
2022,9,25,7,0.12,1.47,2.15,15.45,184.2,2.41,0.04,0.2,5.62,4.59,5.11,8.61,93.5,0.58,62.12,3.12,194.66,4.21,194.6
2022,9,25,8,0.18,2.21,3.01,25.65,277.88,4.03,0.1,0.52,6.32,4.54,5.43,8.54,88.81,0.66,62.16,3.66,192.2,4.89,192.17
2022,9,25,9,0.33,2.79,3.66,49.12,349.83,7.64,0.23,1.25,7.21,4.56,5.89,8.54,83.88,0.64,62.18,4.18,190.34,5.56,190.28
2022,9,25,10,0.42,3.14,4.07,63.95,393.9,10.04,0.33,1.67,8.26,4.72,6.49,8.67,78.94,0.6,62.17,4.66,189.35,6.2,189.28
2022,9,25,11,0.49,3.24,4.19,71.65,406.85,11.16,0.38,1.85,8.61,4.67,6.64,8.67,76.81,0.56,62.13,4.89,189.46,6.55,189.41
2022,9,25,12,0.64,3.1,4.03,89.25,388.77,13.83,0.46,2.38,8.48,4.69,6.58,8.67,77.56,0.53,62.09,4.79,189.11,6.41,188.98
2022,9,25,13,0.78,2.71,3.58,105.7,339.67,15.84,0.47,2.45,8.15,4.69,6.42,8.67,79.44,0.49,62.05,4.63,190.7,6.21,190.66
2022,9,25,14,0.7,2.1,2.89,90.73,264.27,13.4,0.33,1.65,7.73,4.75,6.23,8.73,82.25,0.45,62.03,4.32,195.19,5.82,195.17
2022,9,25,15,0.43,1.34,2.01,53.5,168.38,7.55,0.12,0.6,7.17,4.87,6.02,8.79,86.12,0.38,62.02,3.81,201.3,5.15,201.24
2022,9,25,16,0.16,0.53,0.98,18.27,64.42,2.4,0.02,0.08,6.4,5.01,5.7,8.91,91.81,0.32,62.04,2.99,208.04,4.09,207.94
2022,9,25,17,0.02,0.02,0.08,1.2,2.62,0.2,0,0,5.62,5.08,5.36,8.97,97.56,0.15,62.08,1.69,210.01,2.45,209.84
2022,9,25,18,0,0,0,0,0,0,0,0,5.17,4.99,5.08,8.91,99.94,0.13,62.12,1,207.97,1.65,207.29
2022,9,25,19,0,0,0,0,0,0,0,0,4.63,4.64,4.64,8.67,100,0.11,62.17,0.78,198.07,1.49,196.73
2022,9,25,20,0,0,0,0,0,0,0,0,4.22,4.38,4.3,8.48,100,0.09,62.2,0.75,189.56,1.53,188.84
2022,9,25,21,0,0,0,0,0,0,0,0,3.87,4.11,3.99,8.3,100,0.08,62.22,0.78,189.74,1.61,188.37
2022,9,25,22,0,0,0,0,0,0,0,0,3.5,3.84,3.67,8.18,100,0.07,62.22,0.8,190.11,1.67,188.89
2022,9,25,23,0,0,0,0,0,0,0,0,3.21,3.6,3.4,8.06,100,0.07,62.2,0.84,194.55,1.73,193.28
2022,9,26,0,0,0,0,0,0,0,0,0,2.89,3.31,3.1,7.87,100,0.06,62.17,0.8,197.55,1.63,196.44
2022,9,26,1,0,0,0,0,0,0,0,0,2.73,3.05,2.89,7.75,100,0.06,62.14,0.74,201.12,1.44,200.59
2022,9,26,2,0,0,0,0,0,0,0,0,2.71,2.83,2.77,7.63,100,0.06,62.12,0.67,202.05,1.18,202.5
2022,9,26,3,0,0,0,0,0,0,0,0,2.65,2.62,2.63,7.51,100,0.06,62.1,0.47,197.24,0.79,199.69
2022,9,26,4,0,0,0,0,0,0,0,0,2.4,2.34,2.37,7.39,100,0.06,62.1,0.28,160.56,0.45,167.91
2022,9,26,5,0.05,0.05,0.16,4.75,5.5,0.66,0,0.02,1.96,2,1.98,7.2,100,0.02,62.13,0.31,110.73,0.5,113.78
2022,9,26,6,0.44,0.67,1.13,51.62,81.15,6.92,0.05,0.23,3.43,2.64,3.03,7.51,95.56,0.02,62.17,0.63,121.33,0.85,119.16
2022,9,26,7,1,1.5,2.14,121.3,185.9,16.84,0.28,1.38,5.25,3.17,4.21,7.81,87.31,0.02,62.21,1.45,169.78,1.86,169.82
2022,9,26,8,1.53,2.24,3,187.27,278.77,26.8,0.66,3.35,6.9,3.53,5.21,8,80,0.01,62.23,2.57,184.53,3.31,184.47
2022,9,26,9,1.83,2.82,3.65,225.6,350.02,32.63,0.98,5.2,8.02,3.77,5.9,8.12,75.31,0.01,62.22,3.36,187.47,4.39,187.16
2022,9,26,10,2.16,3.18,4.05,268.88,393.23,39.12,1.29,6.6,9.23,4.18,6.7,8.36,71.31,0.01,62.19,4.19,190.74,5.51,190.46
2022,9,26,11,1.85,3.22,4.18,230.05,396.42,33.41,1.14,5.65,9.89,4.33,7.11,8.42,68.88,0.01,62.15,4.98,198.95,6.62,198.73
2022,9,26,12,1.99,3.07,4.01,249.77,378.1,35.89,1.17,6,10.15,4.48,7.32,8.54,68.38,0.01,62.11,5.26,205.42,7.01,205.14
2022,9,26,13,1.43,2.68,3.57,178.02,329.62,25.34,0.74,3.92,10.08,4.6,7.34,8.61,69.25,0.02,62.06,5.12,209.15,6.85,208.85
2022,9,26,14,1.02,2.07,2.87,125.42,254.02,17.59,0.41,2.08,9.71,4.7,7.2,8.67,71.56,0.01,62.02,4.63,210.72,6.23,210.2
2022,9,26,15,0.62,1.3,1.98,75.33,157.88,10.24,0.16,0.75,8.87,4.77,6.82,8.73,76.12,0.01,62,3.92,210.24,5.29,209.74
2022,9,26,16,0.27,0.49,0.96,30.27,57.75,3.85,0.02,0.1,7.59,4.8,6.19,8.79,83.25,0.01,62.01,2.96,209.95,4.04,209.29
2022,9,26,17,0.03,0.02,0.08,2,2.23,0.29,0,0,6.04,4.91,5.48,8.85,93.5,0.01,62.03,1.54,209.56,2.21,209.37
2022,9,26,18,0,0,0,0,0,0,0,0,5.27,4.74,5.01,8.73,97.5,0.01,62.09,0.82,218.4,1.28,219.31
2022,9,26,19,0,0,0,0,0,0,0,0,4.89,4.46,4.67,8.54,98.25,0,62.15,0.48,240.95,0.88,240
2022,9,26,20,0,0,0,0,0,0,0,0,4.64,4.08,4.36,8.36,97.5,0,62.19,0.37,257.74,0.64,259.38
2022,9,26,21,0,0,0,0,0,0,0,0,4.35,3.8,4.08,8.18,97.62,0,62.19,0.3,299.2,0.5,296.97
2022,9,26,22,0,0,0,0,0,0,0,0,3.9,3.51,3.71,8.06,98.81,0,62.17,0.37,336.16,0.62,336.33
2022,9,26,23,0,0,0,0,0,0,0,0,3.26,2.95,3.1,7.69,99.25,0,62.13,0.49,355.46,0.97,358.15
2022,9,27,0,0,0,0,0,0,0,0,0,2.54,2.08,2.31,7.2,97.94,0,62.08,0.65,358.62,1.24,359.28
2022,9,27,1,0,0,0,0,0,0,0,0,1.09,0.43,0.76,6.41,96,0,62.07,1.3,358.27,1.95,357.71
2022,9,27,2,0,0,0,0,0,0,0,0,0.26,-0.77,-0.26,5.86,93.06,0,62.06,1.48,7.28,2.2,7.13
2022,9,27,3,0,0,0,0,0,0,0,0,-0.2,-1.48,-0.84,5.55,91.38,0,62.06,1.3,18.22,2.01,18.08
2022,9,27,4,0,0,0,0,0,0,0,0,-0.19,-1.73,-0.96,5.43,90,0,62.07,0.84,28.48,1.69,28.46
2022,9,27,5,0.05,0.05,0.15,4.5,4.98,0.62,0,0.02,-0.11,-2.52,-1.31,5.13,84,0.01,62.07,0.93,38.21,1.83,37.9
2022,9,27,6,0.64,0.65,1.12,72.83,75.08,8.33,0.05,0.25,3.01,-1.4,0.8,5.62,73.44,0,62.09,1.16,48.27,1.76,46.8
2022,9,27,7,1.48,1.48,2.13,174.65,178.1,21.62,0.34,1.62,7.21,-2.28,2.47,5.31,51.94,0,62.13,1.1,100.67,1.37,99.84
2022,9,27,8,2.18,2.25,2.99,264,272.38,35.02,0.81,4.05,9.88,-1.4,4.24,5.74,46.62,0,62.14,1.73,163.77,2.15,163.94
2022,9,27,9,2.77,2.84,3.64,338.05,344.55,46.24,1.33,6.83,11.53,-0.42,5.56,6.1,44.88,0,62.14,2.68,186.88,3.38,187.04
2022,9,27,10,2.99,3.21,4.04,364.73,388.8,51.11,1.66,8.58,12.58,0.51,6.55,6.53,44.81,0,62.12,3.48,196.16,4.47,196.25
2022,9,27,11,3.08,3.36,4.16,381.52,410.17,54.55,1.84,9.52,13.05,1.4,7.23,6.96,46.12,0,62.09,4.09,199.75,5.3,199.82
2022,9,27,12,2.74,3.21,3.99,335,390.65,47.83,1.56,8.08,13.05,2.05,7.55,7.32,48.19,0,62.04,4.4,200.27,5.72,200.29
2022,9,27,13,2.18,2.79,3.55,266.4,338.88,37.55,1.09,5.7,12.62,2.46,7.55,7.51,50.88,0,61.99,4.35,199.18,5.68,199.21
2022,9,27,14,1.43,2.13,2.86,173.27,257,24.09,0.55,2.8,11.74,2.55,7.15,7.51,54.12,0,61.98,4.12,197.89,5.39,197.88
2022,9,27,15,0.85,1.3,1.96,100.62,154.3,13.34,0.2,0.98,10.39,2.48,6.43,7.45,58.69,0,61.99,3.73,196.31,4.91,196.18
2022,9,27,16,0.35,0.48,0.93,38.6,53.55,4.71,0.02,0.12,8.54,2.43,5.48,7.45,66.19,0.01,62.02,3.08,193.47,4.14,193.43
2022,9,27,17,0.03,0.02,0.07,1.73,1.88,0.25,0,0,5.48,3.16,4.32,7.81,85.94,0.04,62.05,1.35,189.3,2.27,188.72
2022,9,27,18,0,0,0,0,0,0,0,0,4.49,3.65,4.08,8.06,95.25,0.04,62.09,0.91,183.45,1.63,182.2
2022,9,27,19,0,0,0,0,0,0,0,0,4.1,3.87,3.98,8.18,99.44,0.02,62.13,0.7,174.86,1.22,174.87
2022,9,27,20,0,0,0,0,0,0,0,0,3.76,3.8,3.78,8.18,100,0.01,62.14,0.58,165.22,1.05,166.69
2022,9,27,21,0,0,0,0,0,0,0,0,3.33,3.15,3.23,7.75,99.56,0.01,62.14,0.53,154.57,1.01,156.4
2022,9,27,22,0,0,0,0,0,0,0,0,2.83,2.68,2.76,7.51,99.75,0.02,62.11,0.51,148.74,0.96,150.31
2022,9,27,23,0,0,0,0,0,0,0,0,2.4,2.25,2.32,7.26,99.69,0.01,62.09,0.49,139.5,0.93,141.12
2022,9,28,0,0,0,0,0,0,0,0,0,2.02,1.73,1.87,7.02,98.69,0.01,62.07,0.45,125.07,0.88,124.82
2022,9,28,1,0,0,0,0,0,0,0,0,1.4,0.84,1.12,6.59,96.69,0.01,62.04,0.46,101.89,0.89,101.6
2022,9,28,2,0,0,0,0,0,0,0,0,0.69,-0.22,0.23,6.1,94.12,0,62.03,0.54,82.46,1.03,81.68
2022,9,28,3,0,0,0,0,0,0,0,0,-0.03,-1.3,-0.67,5.62,91.5,0,62.03,0.64,69.11,1.13,68.05
2022,9,28,4,0,0,0,0,0,0,0,0,-0.66,-2.13,-1.39,5.25,90.62,0,62.04,0.72,56.14,1.26,55.12
2022,9,28,5,0.05,0.04,0.15,4.23,4.77,0.59,0,0,-1.13,-2.95,-2.04,4.94,88.44,0,62.06,0.79,47,1.43,45.89
2022,9,28,6,0.64,0.64,1.11,71.02,72.52,8.16,0.05,0.25,1.4,-2.45,-0.52,5.19,76.19,0,62.1,0.96,57.35,1.45,53.13
2022,9,28,7,1.46,1.47,2.12,169.67,173.7,21.02,0.32,1.58,4.85,-3.31,0.76,4.82,55.94,0,62.14,1.35,114.94,1.68,114.42
2022,9,28,8,2.2,2.24,2.98,263.1,269.17,34.8,0.8,4,7.07,-3.11,1.98,4.94,48.62,0,62.15,2.06,155.86,2.57,155.77
2022,9,28,9,2.68,2.84,3.63,324.17,342.77,44.53,1.28,6.6,8.69,-2.67,3.01,5.07,45,0,62.15,2.69,176.01,3.37,176.01
2022,9,28,10,3.15,3.2,4.03,381.02,385.38,52.88,1.7,8.83,9.87,-2.2,3.83,5.25,43.12,0,62.13,3.19,186.46,4.02,186.36
2022,9,28,11,3.26,3.45,4.15,393.2,410.8,57.07,1.97,10.23,10.61,-1.8,4.4,5.43,42.25,0,62.08,3.48,190.6,4.4,190.63
2022,9,28,12,2.87,3.24,3.98,347,390.73,49.85,1.63,8.5,11.01,-1.7,4.65,5.49,41.38,0,62.02,3.65,192.25,4.63,192.18
2022,9,28,13,2.15,2.77,3.53,261.12,338.95,36.88,1.05,5.4,10.94,-1.45,4.75,5.55,42.38,0,61.96,3.71,192.16,4.75,192.07
2022,9,28,14,1.59,2.14,2.84,193.6,260.95,26.49,0.6,3.02,10.43,-1.15,4.64,5.74,44.81,0,61.93,3.6,190.87,4.64,190.78
2022,9,28,15,0.94,1.34,1.94,112.67,162.1,14.77,0.22,1.05,9.37,-0.84,4.27,5.86,49.19,0,61.91,3.33,189.33,4.32,189.26
2022,9,28,16,0.37,0.49,0.91,41.3,56.95,4.87,0.02,0.12,7.59,-0.42,3.58,6.04,57.25,0,61.92,2.76,187.17,3.66,187.11
2022,9,28,17,0.03,0.02,0.06,1.6,1.8,0.23,0,0,4.35,0.87,2.62,6.65,78.94,0,61.95,1.17,184.22,1.99,183.83
2022,9,28,18,0,0,0,0,0,0,0,0,3.25,0.86,2.05,6.59,84.88,0,61.99,0.77,176.5,1.27,176.47
2022,9,28,19,0,0,0,0,0,0,0,0,2.86,1.05,1.95,6.65,88.44,0,62.04,0.46,135,0.74,140.12
2022,9,28,20,0,0,0,0,0,0,0,0,2.12,1.02,1.58,6.65,93.19,0,62.06,0.5,100.78,0.79,106.1
2022,9,28,21,0,0,0,0,0,0,0,0,1.64,0.99,1.32,6.65,96.44,0,62.06,0.51,102.34,0.86,104.16
2022,9,28,22,0,0,0,0,0,0,0,0,1.68,0.98,1.33,6.71,96.25,0,62.05,0.53,103.63,0.94,104.96
2022,9,28,23,0,0,0,0,0,0,0,0,1.58,0.95,1.26,6.65,96.88,0,62.04,0.55,108.18,1.01,108.43
2022,9,29,0,0,0,0,0,0,0,0,0,1.4,0.87,1.13,6.65,97.56,0,62.02,0.57,107.68,1.04,107.07
2022,9,29,1,0,0,0,0,0,0,0,0,1.15,0.72,0.93,6.59,98.25,0,62,0.62,100.89,1.08,100.82
2022,9,29,2,0,0,0,0,0,0,0,0,1.05,0.62,0.83,6.53,98.38,0,61.98,0.61,91.47,1.08,91.25
2022,9,29,3,0,0,0,0,0,0,0,0,0.85,0.44,0.65,6.41,98.31,0,61.97,0.65,83.81,1.14,84.09
2022,9,29,4,0,0,0,0,0,0,0,0,0.8,0.05,0.42,6.23,95.62,0,61.99,0.71,85.55,1.18,84.29
2022,9,29,5,0.05,0.04,0.14,4.12,4.67,0.58,0,0.02,0.78,-0.38,0.19,6.04,92.56,0,62.02,0.71,86.23,1.2,84.77
2022,9,29,6,0.61,0.64,1.1,69.05,73.92,8.16,0.05,0.25,2.57,-0.09,1.24,6.16,83.19,0,62.06,1.09,108.31,1.49,105.49
2022,9,29,7,1.35,1.47,2.11,159.1,176.08,20.25,0.32,1.6,4.86,-0.62,2.12,5.92,68,0,62.1,1.85,138.08,2.32,138
2022,9,29,8,1.96,2.23,2.97,236.23,268.6,31.92,0.77,3.85,6.89,-0.96,2.96,5.74,57.5,0,62.12,2.43,161.86,3.05,161.8
2022,9,29,9,2.55,2.82,3.62,308.33,339.73,42.8,1.27,6.75,8.45,-1,3.73,5.74,51.44,0,62.11,2.97,176.53,3.73,176.51
2022,9,29,10,2.74,3.17,4.02,331.3,383.12,46.76,1.53,7.98,9.53,-0.7,4.42,5.86,49,0,62.09,3.43,184.96,4.34,184.95
2022,9,29,11,2.67,3.33,4.13,328.23,405.88,47.23,1.62,8.25,10.15,-0.33,4.9,6.04,48.38,0,62.05,3.75,190.19,4.76,190.3
2022,9,29,12,2.4,3.17,3.96,293.35,386,42.1,1.39,7.23,10.22,0.13,5.18,6.23,49.75,0,62,3.88,193.39,4.95,193.42
2022,9,29,13,1.87,2.74,3.51,229.1,335.02,32.9,0.96,5.02,9.89,0.69,5.29,6.53,53.06,0,61.95,3.83,195,4.9,195.05
2022,9,29,14,1.35,2.11,2.82,162.75,256.65,22.38,0.52,2.62,9.2,0.98,5.09,6.65,56.81,0,61.92,3.62,196.17,4.64,196.14
2022,9,29,15,0.79,1.31,1.92,92.95,158.25,12.23,0.18,0.9,8.21,1.15,4.68,6.77,61.5,0,61.91,3.35,196.79,4.34,196.74
2022,9,29,16,0.3,0.47,0.89,33.4,55.08,4.16,0.02,0.1,6.72,1.17,3.94,6.77,68.19,0,61.93,2.88,196.86,3.82,196.77
2022,9,29,17,0.03,0.01,0.05,1.27,1.55,0.19,0,0,4.33,2.08,3.2,7.2,86.12,0,61.96,1.3,195.38,2.08,195.24
2022,9,29,18,0,0,0,0,0,0,0,0,3.48,2.57,3.02,7.51,94.81,0,62,0.75,193.89,1.35,194.04
2022,9,29,19,0,0,0,0,0,0,0,0,3.05,2.47,2.76,7.45,97,0,62.06,0.55,192.26,1,193.06
2022,9,29,20,0,0,0,0,0,0,0,0,2.86,2.43,2.64,7.39,98.12,0,62.09,0.48,185.62,0.84,187.52
2022,9,29,21,0,0,0,0,0,0,0,0,2.69,2.38,2.53,7.39,99.06,0,62.1,0.48,180.94,0.87,182.58
2022,9,29,22,0,0,0,0,0,0,0,0,2.19,2.08,2.14,7.2,100,0,62.09,0.51,177.36,0.91,179.51
2022,9,29,23,0,0,0,0,0,0,0,0,1.98,2.01,1.99,7.2,100,0,62.08,0.48,171.61,0.86,173.2
2022,9,30,0,0,0,0,0,0,0,0,0,1.7,1.71,1.71,7.02,100,0,62.06,0.46,164.05,0.81,165.43
2022,9,30,1,0,0,0,0,0,0,0,0,1.51,1.42,1.46,6.9,100,0,62.03,0.41,147.53,0.71,149.79
2022,9,30,2,0,0,0,0,0,0,0,0,1.28,1.15,1.22,6.77,100,0,62,0.31,113.39,0.53,116.19
2022,9,30,3,0,0,0,0,0,0,0,0,0.96,0.82,0.89,6.59,99.88,0,61.99,0.33,59.74,0.58,59.3
2022,9,30,4,0,0,0,0,0,0,0,0,0.6,0.26,0.43,6.29,98.25,0,62,0.49,29.41,0.9,29.25
2022,9,30,5,0.04,0.04,0.14,3.52,4.3,0.49,0,0,0.55,-0.38,0.08,6.04,93.88,0,62.01,0.64,18.43,1.14,18.81
2022,9,30,6,0.6,0.6,1.09,67.2,69.25,7.83,0.05,0.23,2.92,-0.09,1.41,6.16,81,0,62.04,0.73,18.63,1.15,19.05
2022,9,30,7,1.38,1.41,2.1,162.25,169.2,20.22,0.31,1.55,6.43,-0.59,2.92,5.92,61,0,62.09,0.58,104.04,0.71,103.28
2022,9,30,8,2.01,2.17,2.96,240.83,262.2,31.96,0.75,3.75,8.79,-0.43,4.18,5.98,52.56,0,62.11,2.08,177.85,2.6,177.76
2022,9,30,9,2.55,2.76,3.61,309.48,333.75,42.29,1.23,6.42,10.2,-0.02,5.09,6.16,49.31,0,62.11,3.17,190.23,4.04,190.14
2022,9,30,10,2.85,3.12,4,344.48,376.62,47.8,1.54,8.05,11.05,0.51,5.78,6.41,48.44,0,62.09,3.79,194.92,4.87,194.88
2022,9,30,11,2.97,3.31,4.12,366.98,404.85,52.31,1.77,9.17,11.37,1.08,6.23,6.71,49.5,0,62.05,4.18,197.08,5.39,197.02
2022,9,30,12,2.74,3.15,3.94,337.77,385.67,47.93,1.55,8.08,11.29,1.58,6.44,6.96,51.62,0,61.99,4.38,197.56,5.68,197.46
2022,9,30,13,2.28,2.74,3.49,280.9,335.42,39.35,1.13,5.92,10.87,1.93,6.4,7.14,54.38,0,61.94,4.45,197.07,5.79,197.02
2022,9,30,14,1.68,2.11,2.8,204.42,258.58,27.91,0.63,3.17,10.15,2.1,6.13,7.26,57.75,0,61.91,4.4,197.47,5.77,197.33
2022,9,30,15,1.02,1.32,1.9,122.2,161.17,15.55,0.22,1.08,8.94,2.03,5.48,7.2,62.31,0,61.92,4.16,197.82,5.52,197.72
2022,9,30,16,0.42,0.51,0.91,48.6,60.9,5.62,0.03,0.12,7.15,2.06,4.61,7.2,70.5,0,61.94,3.54,196.68,4.78,196.54
2022,9,30,17,0,0,0,0,0,0,0,0,5,2.69,3.85,7.51,85.62,0.03,61.98,2.21,192.86,3.12,192.75
2022,9,30,18,0,0,0,0,0,0,0,0,4.01,3.15,3.58,7.81,94.94,0.03,62.03,1.53,187.92,2.18,188.45
2022,9,30,19,0,0,0,0,0,0,0,0,3.51,3.26,3.38,7.87,99.19,0.02,62.08,0.84,184.81,1.4,185.14
2022,9,30,20,0,0,0,0,0,0,0,0,3.05,3.17,3.11,7.81,100,0.01,62.11,0.61,173.33,1.24,173.14
2022,9,30,21,0,0,0,0,0,0,0,0,2.63,2.78,2.7,7.57,100,0.01,62.12,0.6,160.85,1.2,160.27
2022,9,30,22,0,0,0,0,0,0,0,0,2.3,2.35,2.33,7.39,100,0.01,62.1,0.55,149.45,1.13,149.17
2022,9,30,23,0,0,0,0,0,0,0,0,1.92,1.98,1.95,7.14,100,0.01,62.08,0.56,141.84,1.1,141.66
2022,10,1,0,0,0,0,0,0,0,0,0,1.49,1.59,1.55,6.96,100,0.01,62.05,0.55,133.26,1.04,133.17
2022,10,1,1,0,0,0,0,0,0,0,0,1.13,1.23,1.18,6.77,100,0,62.02,0.52,123.93,0.95,124.61
2022,10,1,2,0,0,0,0,0,0,0,0,0.74,0.77,0.76,6.59,100,0,62.01,0.46,107.82,0.81,107.39
2022,10,1,3,0,0,0,0,0,0,0,0,0.35,0.4,0.37,6.41,100,0,62.02,0.41,78.91,0.74,77.14
2022,10,1,4,0,0,0,0,0,0,0,0,-0.06,-0.01,-0.03,6.23,100,0,62.03,0.45,52.13,0.88,50.06
2022,10,1,5,0.05,0.04,0.13,4.08,4.5,0.57,0,0.02,-0.37,-0.6,-0.49,5.92,99.44,0,62.06,0.55,45,1.02,43.45
2022,10,1,6,0.43,0.65,1.08,49.12,76.83,6.33,0.04,0.2,1.68,-0.52,0.58,5.98,86.25,0,62.09,0.69,60.26,1.07,53.88
2022,10,1,7,0.86,1.49,2.09,101.42,180.8,14.3,0.24,1.17,4.62,-1.55,1.54,5.55,65.12,0,62.14,1.25,131.69,1.55,132.14
2022,10,1,8,1.33,2.25,2.94,161.27,273.48,23.34,0.58,2.98,6.87,-2.19,2.34,5.31,53.19,0,62.16,2.43,166.05,3.06,166.11
2022,10,1,9,1.7,2.82,3.59,209.1,344.52,30.6,0.93,5,8.39,-1.56,3.41,5.55,50.38,0,62.16,3.24,178.62,4.1,178.58
2022,10,1,10,2.09,3.17,3.99,257.8,387.9,37.88,1.27,6.55,9.35,-0.41,4.48,6.04,51.31,0,62.14,3.76,183.93,4.78,184.03
2022,10,1,11,2.07,3.19,4.1,259.5,387.52,37.05,1.27,6.42,9.92,0.53,5.23,6.47,52.69,0,62.09,4.1,186.89,5.25,186.92
2022,10,1,12,1.9,3.01,3.93,236.75,365.38,34.08,1.11,5.77,10,1.24,5.62,6.77,55,0.02,62.03,4.39,189.53,5.66,189.54
2022,10,1,13,1.58,2.59,3.47,194.08,314.05,27.42,0.79,4.2,9.69,1.68,5.69,7.02,57.94,0.08,61.97,4.53,191.64,5.89,191.62
2022,10,1,14,1.15,1.95,2.78,139.2,236.25,19.2,0.44,2.2,9.06,1.83,5.44,7.08,61.06,0.07,61.93,4.35,192.66,5.68,192.64
2022,10,1,15,0.68,1.17,1.88,80.4,139.92,10.55,0.16,0.75,8.04,1.77,4.9,7.08,65.12,0.06,61.93,3.89,192.05,5.11,192.08
2022,10,1,16,0.3,0.41,0.89,33.92,47.6,4.38,0.02,0.1,6.42,1.75,4.08,7.08,72.62,0.06,61.94,3.13,191.09,4.18,191.1
2022,10,1,17,0,0,0,0,0,0,0,0,3.82,2.19,3.01,7.26,89.94,0.01,61.97,1.25,186.81,2.01,186.46
2022,10,1,18,0,0,0,0,0,0,0,0,3.19,2.51,2.85,7.45,96.25,0.02,62.01,0.76,178.82,1.31,179.32
2022,10,1,19,0,0,0,0,0,0,0,0,2.87,2.53,2.7,7.45,98.62,0.02,62.05,0.55,170.13,0.91,172.15
2022,10,1,20,0,0,0,0,0,0,0,0,2.44,2.18,2.31,7.26,99.12,0.04,62.08,0.43,155.3,0.74,159.66
2022,10,1,21,0,0,0,0,0,0,0,0,2,1.75,1.87,7.02,99.25,0.07,62.09,0.35,130.46,0.6,137.12
2022,10,1,22,0,0,0,0,0,0,0,0,1.57,1.33,1.45,6.84,99.38,0.1,62.07,0.29,112.38,0.49,120.65
2022,10,1,23,0,0,0,0,0,0,0,0,1.35,1.03,1.19,6.71,98.75,0.11,62.04,0.21,100.49,0.33,115.35
2022,10,2,0,0,0,0,0,0,0,0,0,1.29,0.92,1.1,6.65,98.38,0.1,62.01,0.16,136.97,0.28,149.86
2022,10,2,1,0,0,0,0,0,0,0,0,1.13,0.82,0.98,6.59,98.75,0.09,61.98,0.2,170.91,0.35,174.81
2022,10,2,2,0,0,0,0,0,0,0,0,0.99,0.65,0.82,6.53,98.5,0.06,61.97,0.2,184.57,0.34,183.99
2022,10,2,3,0,0,0,0,0,0,0,0,0.71,0.42,0.56,6.41,98.94,0.05,61.97,0.04,143.13,0.09,155.56
2022,10,2,4,0,0,0,0,0,0,0,0,0.3,0.16,0.23,6.29,99.94,0.04,61.99,0.18,48.58,0.29,48.24
2022,10,2,5,0.04,0.03,0.13,3.02,3.55,0.42,0,0,0.15,0.01,0.08,6.23,99.81,0.07,62.03,0.3,42.88,0.57,40.52
2022,10,2,6,0.34,0.52,1.07,38.73,58.55,5.09,0.03,0.15,1.76,0.75,1.26,6.53,93.94,0.04,62.08,0.41,90,0.58,83.83
2022,10,2,7,0.86,1.29,2.07,104.27,152.3,13.97,0.23,1.1,3.87,1.08,2.47,6.71,83.12,0.03,62.14,1.38,141.9,1.73,142.51
2022,10,2,8,1.36,2.05,2.93,163.52,244.92,22.34,0.53,2.67,5.86,0.86,3.36,6.59,71.12,0.02,62.18,2.26,158.75,2.84,158.87
2022,10,2,9,1.95,2.64,3.58,238.45,318.15,33.04,0.95,5.05,7.77,0.52,4.15,6.47,60.75,0.01,62.2,2.99,171.45,3.77,171.42
2022,10,2,10,2.35,3.01,3.97,287.77,363.15,39.87,1.27,6.62,8.95,0.92,4.94,6.65,57.62,0.02,62.18,3.49,179.74,4.41,179.7
2022,10,2,11,2.54,3.21,4.09,315.3,392.35,44.99,1.49,7.67,9.58,1.39,5.49,6.84,57.19,0.05,62.14,3.82,185.16,4.86,185.26
2022,10,2,12,2.59,3.05,3.91,322.23,372.95,45.34,1.43,7.48,9.84,1.77,5.81,7.08,57.75,0.07,62.08,4.06,188.97,5.2,189
2022,10,2,13,2.06,2.64,3.46,255.65,322.98,35.34,0.98,5.08,9.73,2.08,5.91,7.2,59.44,0.09,62.03,4.19,191.52,5.41,191.49
2022,10,2,14,1.51,2.01,2.76,184.27,246.12,24.85,0.54,2.7,9.3,2.19,5.74,7.26,61.62,0.09,61.99,4.15,193.17,5.41,193.11
2022,10,2,15,0.9,1.23,1.86,107.8,149.4,13.71,0.19,0.9,8.38,2.14,5.26,7.26,65.31,0.07,61.99,3.82,192.99,5.04,192.89
2022,10,2,16,0.39,0.45,0.86,44.65,51.88,5.25,0.02,0.1,6.92,2.18,4.55,7.26,72.31,0.06,62.01,3.15,191.59,4.25,191.56
2022,10,2,17,0,0,0,0,0,0,0,0,4.67,3.01,3.84,7.75,89.94,0.04,62.04,1.36,189.63,2.13,189.7
2022,10,2,18,0,0,0,0,0,0,0,0,3.89,3.37,3.63,7.93,97.62,0.03,62.09,0.82,186.04,1.44,186.24
2022,10,2,19,0,0,0,0,0,0,0,0,3.59,3.44,3.51,7.93,100,0.02,62.14,0.71,181.89,1.27,181.41
2022,10,2,20,0,0,0,0,0,0,0,0,3.24,3.26,3.26,7.87,100,0.02,62.17,0.75,178.81,1.34,177.99
2022,10,2,21,0,0,0,0,0,0,0,0,2.92,3.01,2.96,7.75,100,0.02,62.19,0.69,170.86,1.15,170.6
2022,10,2,22,0,0,0,0,0,0,0,0,2.66,2.62,2.64,7.51,100,0.02,62.2,0.63,163.37,1,163.26
2022,10,2,23,0,0,0,0,0,0,0,0,2.29,1.87,2.08,7.14,98.56,0.02,62.2,0.54,151.59,0.85,152.73
2022,10,3,0,0,0,0,0,0,0,0,0,2,1.33,1.66,6.84,96.69,0.02,62.19,0.46,130.18,0.69,131.31
2022,10,3,1,0,0,0,0,0,0,0,0,1.54,0.87,1.2,6.59,96.5,0.01,62.17,0.37,99.66,0.58,101.61
2022,10,3,2,0,0,0,0,0,0,0,0,0.88,0.21,0.55,6.29,96.38,0.01,62.15,0.38,69.3,0.59,70.6
2022,10,3,3,0,0,0,0,0,0,0,0,0.21,-0.25,-0.02,6.1,97.75,0.01,62.14,0.5,40.6,0.83,40.01
2022,10,3,4,0,0,0,0,0,0,0,0,-0.3,-0.67,-0.49,5.92,98.62,0,62.14,0.64,32.52,1.06,32.63
2022,10,3,5,0.04,0.04,0.12,3.25,3.88,0.46,0,0,-0.67,-1.12,-0.89,5.74,98.25,0,62.15,0.73,33.18,1.25,32.99
2022,10,3,6,0.6,0.6,1.05,68.55,70.88,7.74,0.04,0.2,1.55,-0.41,0.57,6.04,88.06,0,62.19,0.66,45.95,1.13,40.52
2022,10,3,7,1.42,1.43,2.06,170.08,172.77,20.9,0.3,1.48,4.91,-0.9,2.01,5.8,66.75,0,62.23,0.7,124.05,0.86,123.55
2022,10,3,8,2.13,2.18,2.92,258.95,266,34.23,0.75,3.73,7.37,-1.05,3.16,5.74,55.56,0,62.27,2.03,174.93,2.53,175.03
2022,10,3,9,2.66,2.76,3.57,325.75,336.8,44.57,1.23,6.25,9.22,-0.54,4.33,5.92,50.88,0,62.28,2.95,186.69,3.71,186.77
2022,10,3,10,2.96,3.11,3.96,364.52,379.6,50.72,1.56,8.05,10.43,0.19,5.3,6.29,49.44,0,62.28,3.52,192.31,4.46,192.23
2022,10,3,11,2.93,3.23,4.07,366.77,398.85,52.03,1.66,8.58,11.23,0.72,5.98,6.53,48.69,0,62.26,3.86,194.88,4.93,194.98
2022,10,3,12,2.53,3.07,3.89,316.62,379.05,45.22,1.4,7.33,11.55,1.01,6.28,6.65,48.69,0,62.22,4.01,196.64,5.14,196.62
2022,10,3,13,2.06,2.65,3.44,258.12,328.8,36.16,0.98,5,11.42,1.2,6.31,6.77,49.75,0,62.18,4,198.19,5.15,198.22
2022,10,3,14,1.41,2.03,2.74,172.8,252.23,23.63,0.5,2.5,10.94,1.26,6.1,6.77,51.62,0,62.16,3.84,200.35,4.97,200.43
2022,10,3,15,0.9,1.26,1.84,109.7,155.38,13.94,0.18,0.88,10.03,1.33,5.68,6.84,55.12,0,62.16,3.55,201.54,4.65,201.57
2022,10,3,16,0.36,0.46,0.83,41.58,54.3,4.87,0.02,0.1,8.4,1.67,5.03,7.02,63.12,0,62.18,2.86,201.51,3.86,201.59
2022,10,3,17,0,0,0,0,0,0,0,0,5.38,2.69,4.04,7.51,83.75,0.01,62.21,1.13,198.94,2.02,199.21
2022,10,3,18,0,0,0,0,0,0,0,0,4.41,2.79,3.6,7.57,90.12,0.01,62.25,0.93,197.53,1.65,197.32
2022,10,3,19,0,0,0,0,0,0,0,0,3.99,3.3,3.65,7.87,96.44,0.01,62.3,0.83,197.58,1.44,197.35
2022,10,3,20,0,0,0,0,0,0,0,0,3.76,3.69,3.73,8.12,100,0,62.33,0.75,200.14,1.3,199.95
2022,10,3,21,0,0,0,0,0,0,0,0,3.6,3.8,3.7,8.18,100,0,62.36,0.7,204.29,1.22,203.44
2022,10,3,22,0,0,0,0,0,0,0,0,3.3,3.35,3.33,7.93,100,0,62.36,0.69,209.74,1.19,208.58
2022,10,3,23,0,0,0,0,0,0,0,0,2.9,2.73,2.82,7.57,100,0,62.36,0.57,217.81,0.99,216.33
2022,10,4,0,0,0,0,0,0,0,0,0,2.73,2.3,2.52,7.32,98.19,0,62.35,0.42,234.83,0.68,230.62
2022,10,4,1,0,0,0,0,0,0,0,0,2.44,1.82,2.13,7.08,96.81,0,62.32,0.22,280.12,0.35,267.46
2022,10,4,2,0,0,0,0,0,0,0,0,1.88,1.23,1.55,6.77,96.44,0,62.3,0.24,1.85,0.34,356.1
2022,10,4,3,0,0,0,0,0,0,0,0,1.51,0.64,1.08,6.47,94.81,0,62.28,0.42,23.2,0.64,23.11
2022,10,4,4,0,0,0,0,0,0,0,0,1.07,0.09,0.58,6.23,93.88,0,62.28,0.55,31.66,0.88,32.01
2022,10,4,5,0.04,0.04,0.12,3.6,3.83,0.5,0,0,0.66,-0.42,0.12,5.98,92.94,0.02,62.28,0.67,40.24,1.1,39.23
2022,10,4,6,0.57,0.6,1.04,66.5,70.95,7.7,0.05,0.23,2.65,-0.16,1.25,6.1,82.25,0.01,62.31,0.62,59.53,1.04,54.51
2022,10,4,7,1.33,1.41,2.05,160.55,172.88,20.01,0.3,1.52,5.94,-0.52,2.71,5.92,63.56,0,62.36,0.9,131.14,1.11,130.73
2022,10,4,8,2.07,2.15,2.91,254.42,265.65,33.73,0.78,3.9,8.29,-0.85,3.72,5.8,52.94,0,62.39,1.9,179.29,2.36,179.43
2022,10,4,9,2.56,2.72,3.55,317.52,336.38,43.66,1.27,6.5,10.11,-0.7,4.7,5.86,47.44,0,62.39,2.78,192.98,3.5,193.04
2022,10,4,10,2.75,3.07,3.94,341.67,379.35,47.75,1.54,8.02,11.54,-0.35,5.59,6.04,44.38,0,62.37,3.49,196.93,4.43,196.9
2022,10,4,11,2.72,3.21,4.05,341.27,399.95,49.2,1.66,8.62,12.4,0.2,6.3,6.29,43.69,0.01,62.33,4.03,198.89,5.18,198.85
2022,10,4,12,2.4,3.05,3.87,301.62,380.02,43.48,1.41,7.4,12.62,0.76,6.69,6.59,45,0.01,62.28,4.41,200.43,5.72,200.39
2022,10,4,13,1.99,2.64,3.42,249.02,329.73,35.38,1,5.17,12.24,1.32,6.78,6.84,48,0.01,62.24,4.48,201.37,5.85,201.39
2022,10,4,14,1.55,2.02,2.72,192.83,252.33,26.56,0.59,2.95,11.43,1.6,6.51,7.02,51.62,0.02,62.22,4.19,201.21,5.48,201.23
2022,10,4,15,0.93,1.24,1.82,113.88,154.35,14.52,0.2,0.98,10.2,1.57,5.89,6.96,55.81,0.03,62.23,3.64,200.46,4.79,200.41
2022,10,4,16,0.41,0.43,0.8,47.58,51.45,5.34,0.02,0.1,8.48,1.86,5.16,7.14,64,0.04,62.25,2.65,198.06,3.59,198
2022,10,4,17,0,0,0,0,0,0,0,0,5.5,2.44,3.98,7.45,81.81,0.13,62.27,0.91,187.37,1.63,187.43
2022,10,4,18,0,0,0,0,0,0,0,0,4.98,2.32,3.65,7.32,83.75,0.14,62.27,0.56,176.82,0.91,180
2022,10,4,19,0,0,0,0,0,0,0,0,4.61,2.36,3.48,7.32,86.19,0.16,62.27,0.38,172.87,0.53,176.63
2022,10,4,20,0,0,0,0,0,0,0,0,3.63,2.37,3,7.39,92.5,0.2,62.29,0.55,175.1,0.81,176.7
2022,10,4,21,0,0,0,0,0,0,0,0,2.44,2.48,2.46,7.45,100,0.23,62.31,0.73,171.96,1.2,172.92
2022,10,4,22,0,0,0,0,0,0,0,0,2.48,2.8,2.64,7.63,100,0.31,62.32,0.7,178.07,1.19,178.12
2022,10,4,23,0,0,0,0,0,0,0,0,2.69,2.7,2.69,7.63,100,0.37,62.31,0.52,207.72,0.84,207.04
2022,10,5,0,0,0,0,0,0,0,0,0,2.26,1.83,2.05,7.14,99.31,0.36,62.28,0.32,279.93,0.48,282.23
2022,10,5,1,0,0,0,0,0,0,0,0,1.4,0.81,1.11,6.65,97.94,0.3,62.23,0.48,1.88,0.88,2.56
2022,10,5,2,0,0,0,0,0,0,0,0,0.54,-0.42,0.05,6.04,95.19,0.22,62.18,0.72,20.99,1.32,21.23
2022,10,5,3,0,0,0,0,0,0,0,0,0.26,-1.32,-0.52,5.68,90.75,0.16,62.15,0.82,21.9,1.46,23
2022,10,5,4,0,0,0,0,0,0,0,0,0.56,-1.64,-0.54,5.55,86.44,0.11,62.15,0.79,18.43,1.39,19.35
2022,10,5,5,0.03,0.03,0.11,2.85,3.48,0.41,0,0,0.95,-1.81,-0.43,5.43,82.62,0.13,62.19,0.71,19.23,1.2,21.04
2022,10,5,6,0.4,0.54,1.03,47.05,63.95,6.01,0.04,0.2,2.61,-0.31,1.15,6.1,82.25,0.12,62.24,0.41,17.74,0.7,23.11
2022,10,5,7,0.94,1.31,2.04,114.85,160.35,15.31,0.26,1.27,4.8,0.83,2.81,6.53,76,0.17,62.3,0.64,214.08,0.8,214.31
2022,10,5,8,1.45,2.03,2.9,180.45,250.35,24.72,0.6,3.08,6.47,1.98,4.22,7.14,73.75,0.28,62.34,2,207.47,2.52,207.68
2022,10,5,9,1.66,2.59,3.54,210.08,319,29.95,0.91,4.88,7.78,2.62,5.19,7.45,70.56,0.51,62.34,2.88,206.43,3.68,206.35
2022,10,5,10,1.79,2.95,3.93,225.58,364.95,32.5,1.09,5.83,8.8,3.15,5.98,7.75,68.38,0.75,62.32,3.5,205.08,4.52,205.06
2022,10,5,11,1.34,3.09,4.04,169.67,384.5,25.3,0.9,4.65,9.41,3.57,6.49,8,67.5,0.88,62.27,3.95,204.28,5.16,204.12
2022,10,5,12,0.61,2.91,3.86,86.2,362,13.66,0.47,2.52,9.64,3.87,6.75,8.18,67.75,0.96,62.2,4.4,203.88,5.82,203.81
2022,10,5,13,0.77,2.49,3.4,99.52,309.52,14.88,0.47,2.52,9.44,4.08,6.76,8.3,69.69,1.02,62.14,4.66,203.12,6.22,203.06
2022,10,5,14,0.49,1.86,2.69,64.4,230.4,9.68,0.23,1.17,8.85,4.19,6.52,8.36,73.06,0.98,62.1,4.43,203.49,5.95,203.44
2022,10,5,15,0.27,1.09,1.79,34.02,133.12,5.08,0.08,0.4,7.85,4.22,6.04,8.36,78.31,0.79,62.08,3.85,205.11,5.2,205.06
2022,10,5,16,0.17,0.35,0.78,20.6,40.3,2.98,0.02,0.08,6.4,4.26,5.33,8.36,86.69,0.6,62.1,2.95,206.9,4.08,206.76
2022,10,5,17,0,0,0,0,0,0,0,0,4.78,4.32,4.55,8.42,97.62,0.39,62.13,1.36,206.57,2.07,206.47
2022,10,5,18,0,0,0,0,0,0,0,0,4.13,4.08,4.1,8.3,100,0.34,62.16,0.8,210.58,1.42,210.37
2022,10,5,19,0,0,0,0,0,0,0,0,3.73,3.62,3.68,8.06,100,0.24,62.19,0.63,217.44,1.17,216.56
2022,10,5,20,0,0,0,0,0,0,0,0,3.18,2.93,3.05,7.63,99.19,0.2,62.2,0.84,207.76,1.32,208.69
2022,10,5,21,0,0,0,0,0,0,0,0,2.57,2.28,2.43,7.26,98.81,0.2,62.23,1.24,208.18,1.87,208.71
2022,10,5,22,0,0,0,0,0,0,0,0,2.08,1.74,1.91,7.02,98.5,0.25,62.24,1.29,205.48,1.9,205.3
2022,10,5,23,0,0,0,0,0,0,0,0,1.84,1.52,1.68,6.9,98.81,0.34,62.23,1.17,197.95,1.73,197.37
2022,10,6,0,0,0,0,0,0,0,0,0,1.74,1.55,1.65,6.96,99.88,0.43,62.2,0.91,194.87,1.43,194.26
2022,10,6,1,0,0,0,0,0,0,0,0,1.65,1.48,1.56,6.9,100,0.47,62.17,0.7,183.81,1.15,183.12
2022,10,6,2,0,0,0,0,0,0,0,0,1.46,1.23,1.34,6.77,99.56,0.56,62.13,0.64,162.9,1.03,162.39
2022,10,6,3,0,0,0,0,0,0,0,0,1.22,0.9,1.06,6.65,98.81,0.96,62.12,0.59,145.26,0.91,144.12
2022,10,6,4,0,0,0,0,0,0,0,0,0.93,0.46,0.69,6.41,97.62,1.61,62.13,0.54,133.23,0.79,133
2022,10,6,5,0.03,0.03,0.11,2.17,3.05,0.33,0,0,0.62,0.06,0.33,6.23,96.75,0.91,62.16,0.39,116.05,0.57,116.21
2022,10,6,6,0.23,0.48,1.02,26.17,56.25,3.53,0.02,0.12,0.89,0.1,0.5,6.23,94.94,0.85,62.19,0.47,94.76,0.64,96.34
2022,10,6,7,0.54,1.27,2.03,64.62,153.58,9.2,0.16,0.83,1.83,0.81,1.32,6.53,93.12,0.73,62.25,1.04,148.82,1.36,148.13
2022,10,6,8,0.65,2,2.88,84.1,246.3,12.72,0.34,1.73,2.69,1.54,2.11,6.9,92.44,0.72,62.29,2.01,169.04,2.68,168.72
2022,10,6,9,0.72,2.56,3.53,98.62,315.7,15.16,0.49,2.73,3.58,2.08,2.83,7.14,90.19,0.66,62.29,2.98,178.35,4.1,177.82
2022,10,6,10,0.91,2.9,3.91,123.88,358.62,18.84,0.66,3.5,4.23,2.37,3.3,7.32,87.94,0.52,62.27,3.5,182.05,4.87,181.56
2022,10,6,11,0.76,2.99,4.02,105.8,370.33,16.4,0.59,3.08,4.92,2.62,3.77,7.45,85.31,0.46,62.23,3.95,183.86,5.49,183.67
2022,10,6,12,0.75,2.83,3.84,104.77,349.15,16.28,0.56,3.1,5.64,2.87,4.25,7.57,82.75,0.51,62.18,4.24,183.69,5.86,183.44
2022,10,6,13,0.66,2.41,3.38,89.52,296.75,13.33,0.42,2.27,5.87,3.05,4.46,7.69,82.5,0.59,62.12,4.25,183.06,5.85,182.83
2022,10,6,14,0.43,1.8,2.67,57.58,221.17,8.47,0.21,1.05,5.82,3.2,4.51,7.81,83.75,0.64,62.09,4.14,183.46,5.71,183.14
2022,10,6,15,0.2,1.04,1.77,25.08,125.5,3.8,0.06,0.3,5.19,3.21,4.19,7.81,87.5,0.68,62.08,3.78,184.63,5.27,184.34
2022,10,6,16,0.13,0.31,0.75,16.1,36.27,2.35,0.02,0.05,4.05,3.09,3.57,7.75,94,0.68,62.11,2.93,187.66,4.13,187.39
2022,10,6,17,0,0,0,0,0,0,0,0,3.14,2.87,3,7.57,98.62,3.05,62.16,1.52,190.67,2.21,190.4
2022,10,6,18,0,0,0,0,0,0,0,0,2.68,2.41,2.55,7.32,98.75,2.76,62.22,0.95,190.39,1.45,190.28
2022,10,6,19,0,0,0,0,0,0,0,0,2.37,2.04,2.2,7.14,98.5,2.4,62.27,0.65,177.93,1.02,178.24
2022,10,6,20,0,0,0,0,0,0,0,0,2.1,1.75,1.92,7.02,98.38,2.1,62.29,0.44,158.01,0.75,156.64
2022,10,6,21,0,0,0,0,0,0,0,0,1.81,1.47,1.64,6.9,98.38,1.77,62.28,0.56,150.55,0.93,151.5
2022,10,6,22,0,0,0,0,0,0,0,0,0.76,0.61,0.69,6.47,99.44,1.49,62.27,1,155.63,1.52,156.34
2022,10,6,23,0,0,0,0,0,0,0,0,0.03,-0.26,-0.12,6.04,98.25,1.23,62.26,0.99,156.86,1.52,157.27
2022,10,7,0,0,0,0,0,0,0,0,0,-0.07,-0.54,-0.31,5.92,97.12,0.99,62.25,0.77,150.83,1.13,151.83
2022,10,7,1,0,0,0,0,0,0,0,0,-0.03,-0.6,-0.32,5.92,96.62,0.83,62.23,0.59,140.87,0.88,142.93
2022,10,7,2,0,0,0,0,0,0,0,0,-0.06,-0.64,-0.35,5.92,96.75,0.7,62.2,0.59,123.69,0.9,126.87
2022,10,7,3,0,0,0,0,0,0,0,0,-0.04,-0.61,-0.33,5.92,96.88,0.62,62.2,0.65,123.31,1,125.8
2022,10,7,4,0,0,0,0,0,0,0,0,-0.08,-0.58,-0.33,5.92,97.5,0.54,62.21,0.71,132.78,1.12,134.43
2022,10,7,5,0.02,0.03,0.1,1.4,2.73,0.21,0,0,-0.08,-0.56,-0.32,5.92,97.69,1.47,62.23,0.69,134.54,1.09,137.62
2022,10,7,6,0.06,0.44,1.01,5.65,51.2,0.88,0.01,0.02,0.26,-0.29,-0.02,6.04,96.94,1.34,62.27,0.77,137.06,1.16,139.9
2022,10,7,7,0.13,1.18,2.02,17.2,140.92,2.69,0.05,0.25,1.04,0.51,0.77,6.35,96.56,1.23,62.32,1.36,159.9,1.9,158.59
2022,10,7,8,0.31,1.92,2.87,42.23,233.38,6.56,0.17,0.88,1.61,1.1,1.35,6.65,96.62,1.26,62.35,1.92,169.24,2.7,167.81
2022,10,7,9,0.29,2.5,3.51,43.33,307.33,6.8,0.2,1.12,2.15,1.55,1.84,6.84,96,1.18,62.35,2.34,174.06,3.31,172.96
2022,10,7,10,0.15,2.86,3.9,25.42,351.9,4.01,0.12,0.67,2.58,1.72,2.15,6.96,94.25,1.14,62.32,2.73,179.35,3.93,178.52
2022,10,7,11,0.48,2.94,4,70.55,363.1,11.02,0.38,2,2.91,1.9,2.4,7.02,93.25,1.49,62.28,2.95,183.64,4.24,183.17
2022,10,7,12,0.92,2.79,3.82,127.92,343.88,19.34,0.66,3.7,3.1,2.06,2.58,7.14,93.19,1.83,62.22,3.03,188.44,4.37,188.12
2022,10,7,13,0.39,2.41,3.36,57.05,297.15,9.05,0.28,1.48,3.19,2.25,2.73,7.26,93.88,1.88,62.17,2.95,191.31,4.25,191.02
2022,10,7,14,0.35,1.82,2.65,46.25,224.83,7.29,0.18,0.92,3.24,2.6,2.92,7.45,95.94,1.69,62.13,2.49,189.94,3.52,189.59
2022,10,7,15,0.25,1.07,1.75,31.45,130.98,4.86,0.08,0.38,3.02,2.73,2.87,7.51,98.31,1.45,62.12,2.13,185.46,3.05,185
2022,10,7,16,0.1,0.32,0.73,13.23,37.67,1.99,0.01,0.05,2.53,2.48,2.5,7.39,99.88,1.33,62.12,1.69,188.5,2.73,188.22
2022,10,7,17,0,0,0,0,0,0,0,0,1.74,1.88,1.81,7.08,100,1.12,62.16,1.27,192.07,2.46,191.74
2022,10,7,18,0,0,0,0,0,0,0,0,1.44,1.54,1.48,6.9,100,1.06,62.21,1.13,188.75,2.19,188.42
2022,10,7,19,0,0,0,0,0,0,0,0,1.31,1.31,1.31,6.77,100,1.06,62.26,0.99,183.18,1.89,183.07
2022,10,7,20,0,0,0,0,0,0,0,0,0.98,0.95,0.97,6.59,100,1.17,62.3,0.95,180.47,1.85,180.73
2022,10,7,21,0,0,0,0,0,0,0,0,0.75,0.67,0.71,6.47,100,1.45,62.31,0.91,175.07,1.75,175.9
2022,10,7,22,0,0,0,0,0,0,0,0,0.57,0.44,0.51,6.35,99.75,1.85,62.3,0.83,166.36,1.57,167.35
2022,10,7,23,0,0,0,0,0,0,0,0,0.4,0.21,0.3,6.29,99.25,2.25,62.28,0.76,155.02,1.41,157.14
2022,10,8,0,0,0,0,0,0,0,0,0,0.29,0.01,0.15,6.16,98.62,2.58,62.25,0.69,142.87,1.23,145.6
2022,10,8,1,0,0,0,0,0,0,0,0,0.15,-0.2,-0.02,6.1,98.12,2.71,62.21,0.6,125.97,1.03,130.7
2022,10,8,2,0,0,0,0,0,0,0,0,0.01,-0.44,-0.21,5.98,97.5,2.65,62.17,0.53,110.85,0.89,115.44
2022,10,8,3,0,0,0,0,0,0,0,0,-0.11,-0.64,-0.38,5.92,97.12,2.84,62.16,0.48,104.04,0.79,107.19
2022,10,8,4,0,0,0,0,0,0,0,0,-0.46,-0.92,-0.69,5.8,98,3.11,62.18,0.42,102.99,0.69,105.77
2022,10,8,5,0.03,0.03,0.1,1.83,2.9,0.28,0,0,-0.73,-1.21,-0.97,5.68,98,0.6,62.22,0.34,103.09,0.57,107.45
2022,10,8,6,0.07,0.49,1,8.02,57.45,1.19,0.01,0.05,-0.6,-1.21,-0.91,5.62,96.81,0.65,62.28,0.27,114.3,0.46,123.96
2022,10,8,7,0.15,1.27,2.01,20.23,153.3,3.14,0.05,0.27,-0.01,-0.63,-0.31,5.86,95.75,0.83,62.36,0.56,157.01,0.81,153.68
2022,10,8,8,0.24,2.01,2.86,32.62,246.92,5.17,0.14,0.7,0.16,-0.24,-0.04,5.98,97.12,1.12,62.4,1.1,177.14,1.63,171.99
2022,10,8,9,0.32,2.59,3.5,48.27,317.7,7.67,0.24,1.3,0.15,-0.2,-0.02,6.04,97.56,1.51,62.41,1.27,180.7,1.97,173.63
2022,10,8,10,0.96,2.94,3.88,132.25,360.27,20.16,0.71,3.83,0.32,-0.03,0.14,6.1,97.56,1.79,62.4,1.38,178.38,2.15,172.08
2022,10,8,11,0.43,2.97,3.99,65.38,366.95,10.45,0.35,1.85,0.49,0.12,0.3,6.16,97.38,1.7,62.35,1.41,174.92,2.18,169.25
2022,10,8,12,0.56,2.82,3.8,80.83,348.73,12.66,0.43,2.4,0.59,0.2,0.4,6.23,97.25,1.42,62.29,1.41,171.74,2.16,166.42
2022,10,8,13,0.34,2.42,3.34,49.65,299.05,7.89,0.23,1.27,0.65,0.24,0.44,6.23,97.19,1.23,62.23,1.46,172,2.24,167.08
2022,10,8,14,0.3,1.8,2.63,39.27,222.02,6.05,0.15,0.73,0.72,0.31,0.51,6.29,97.19,1.06,62.21,1.47,172.34,2.24,167.91
2022,10,8,15,0.15,1.05,1.73,17.17,128.25,2.51,0.03,0.17,0.83,0.39,0.61,6.29,96.88,0.83,62.21,1.41,172.68,2.09,168.82
2022,10,8,16,0.11,0.31,0.7,14.48,35.9,2.15,0.01,0.05,0.89,0.4,0.64,6.29,96.56,0.64,62.22,1.2,168.32,1.72,163.88
2022,10,8,17,0,0,0,0,0,0,0,0,0.59,0.12,0.35,6.16,96.56,0.54,62.24,1.01,156.4,1.49,148.73
2022,10,8,18,0,0,0,0,0,0,0,0,0.49,0.02,0.26,6.16,96.62,0.47,62.27,1.03,152.85,1.52,144.43
2022,10,8,19,0,0,0,0,0,0,0,0,0.48,0.02,0.25,6.16,96.81,0.46,62.3,1.04,153.63,1.53,145.58
2022,10,8,20,0,0,0,0,0,0,0,0,0.51,0.1,0.3,6.16,97.12,0.53,62.31,1.08,156.58,1.57,149.72
2022,10,8,21,0,0,0,0,0,0,0,0,0.53,0.15,0.33,6.16,97.31,0.61,62.31,1.13,161.44,1.63,155.4
2022,10,8,22,0,0,0,0,0,0,0,0,0.48,0.12,0.3,6.16,97.44,0.75,62.29,1.14,164.54,1.66,159.1
2022,10,8,23,0,0,0,0,0,0,0,0,0.4,0.04,0.22,6.16,97.44,0.9,62.26,1.16,167.55,1.7,162.57
2022,10,9,0,0,0,0,0,0,0,0,0,0.28,-0.12,0.08,6.1,97.19,1.01,62.24,1.15,171.81,1.7,167.24
2022,10,9,1,0,0,0,0,0,0,0,0,0.12,-0.3,-0.09,5.98,97,1.16,62.21,1.07,174.54,1.57,168.8
2022,10,9,2,0,0,0,0,0,0,0,0,0,-0.45,-0.23,5.92,96.81,1.31,62.18,0.89,174.94,1.3,165.71
2022,10,9,3,0,0,0,0,0,0,0,0,-0.03,-0.53,-0.28,5.92,96.5,1.19,62.18,0.8,178.89,1.15,169.45
2022,10,9,4,0,0,0,0,0,0,0,0,-0.08,-0.57,-0.33,5.86,96.62,0.96,62.22,0.86,183.12,1.25,174.97
2022,10,9,5,0.02,0.03,0.09,1.38,2.83,0.21,0,0,-0.13,-0.56,-0.34,5.86,97.06,1.03,62.27,0.88,180.51,1.29,169.91
2022,10,9,6,0.04,0.5,0.99,3.58,59.4,0.56,0,0.02,-0.13,-0.54,-0.34,5.86,97.19,0.91,62.32,0.84,177.86,1.25,164.74
2022,10,9,7,0.22,1.27,1.99,29,155.85,4.54,0.08,0.4,-0.12,-0.52,-0.32,5.86,97.19,0.9,62.38,0.79,176.6,1.17,162.53
2022,10,9,8,0.22,1.99,2.85,30.73,245.73,4.86,0.12,0.62,-0.11,-0.52,-0.31,5.86,97.25,0.8,62.42,0.81,176.67,1.19,162.76
2022,10,9,9,0.57,2.56,3.48,79.4,316.55,12.41,0.38,2.02,-0.12,-0.5,-0.31,5.92,97.38,0.67,62.42,0.76,172.95,1.1,156.16
2022,10,9,10,0.37,2.89,3.87,55.95,357.67,8.75,0.28,1.5,-0.1,-0.45,-0.27,5.92,97.56,0.74,62.39,0.88,173.38,1.35,159.37
2022,10,9,11,0.47,2.94,3.97,65.65,362.8,9.64,0.31,1.65,0.01,-0.35,-0.17,5.98,97.5,0.71,62.36,1.13,172.48,1.85,164.55
2022,10,9,12,0.38,2.73,3.78,54.17,335.02,7.98,0.25,1.33,0.11,-0.24,-0.06,6.04,97.62,0.69,62.31,1.4,172.28,2.28,167.96
2022,10,9,13,0.32,2.3,3.32,45.6,280.55,7.13,0.21,1.12,0.34,0,0.17,6.1,97.62,0.74,62.28,1.69,176.29,2.67,173.62
2022,10,9,14,0.18,1.69,2.61,23.73,204.5,3.67,0.08,0.4,0.5,0.15,0.33,6.23,97.62,0.74,62.26,1.73,179.22,2.67,176.48
2022,10,9,15,0.13,0.95,1.71,15.9,112.58,2.45,0.03,0.17,0.57,0.22,0.4,6.23,97.56,0.58,62.26,1.63,176.15,2.48,172.94
2022,10,9,16,0.11,0.26,0.68,12.95,29.4,1.84,0.01,0.02,0.49,0.16,0.33,6.23,97.69,0.55,62.28,1.45,169.72,2.22,165.08
2022,10,9,17,0,0,0,0,0,0,0,0,0.34,0.04,0.19,6.16,97.81,0.67,62.3,1.29,164.2,2,158.24
2022,10,9,18,0,0,0,0,0,0,0,0,0.37,0.04,0.21,6.16,97.62,0.6,62.34,1.2,160.97,1.83,154.97
2022,10,9,19,0,0,0,0,0,0,0,0,0.44,0.08,0.26,6.16,97.44,0.45,62.39,1.13,160.69,1.7,155.21
2022,10,9,20,0,0,0,0,0,0,0,0,0.43,0.08,0.26,6.16,97.56,0.33,62.42,1.16,170.28,1.71,166.22
2022,10,9,21,0,0,0,0,0,0,0,0,0.29,-0.06,0.11,6.1,97.5,0.3,62.43,1.16,176.52,1.69,172.58
2022,10,9,22,0,0,0,0,0,0,0,0,0.12,-0.27,-0.08,5.98,97.25,0.29,62.41,1.11,177.58,1.6,173.57
2022,10,9,23,0,0,0,0,0,0,0,0,-0.03,-0.47,-0.25,5.92,96.94,0.29,62.39,1.02,170.75,1.44,166.49
2022,10,10,0,0,0,0,0,0,0,0,0,-0.08,-0.55,-0.31,5.86,96.75,0.4,62.36,0.93,165.38,1.32,160.6
2022,10,10,1,0,0,0,0,0,0,0,0,-0.17,-0.64,-0.41,5.86,96.81,0.53,62.33,0.84,162.07,1.19,153.6
2022,10,10,2,0,0,0,0,0,0,0,0,-0.48,-0.98,-0.73,5.68,96.94,0.4,62.3,0.74,145.3,1.12,132.46
2022,10,10,3,0,0,0,0,0,0,0,0,-0.79,-1.4,-1.1,5.55,96.44,0.22,62.28,0.67,123.14,1.07,108.3
2022,10,10,4,0,0,0,0,0,0,0,0,-1.37,-2.01,-1.69,5.31,96.62,0.16,62.28,0.63,88.57,1.18,79.36
2022,10,10,5,0.02,0.02,0.09,1.75,2.6,0.27,0,0,-1.82,-2.56,-2.2,5.07,96.19,0.22,62.26,0.72,68.2,1.44,66.64
2022,10,10,6,0.18,0.49,0.98,21.4,57.5,2.87,0.02,0.08,-1.02,-1.94,-1.48,5.31,94.5,0.26,62.28,0.68,73.43,1.32,71.67
2022,10,10,7,0.55,1.27,1.98,68.95,155.58,9.85,0.16,0.77,0.12,-0.84,-0.36,5.74,93.38,0.31,62.33,0.66,88.65,1.17,83.49
2022,10,10,8,0.88,2.01,2.83,112.65,247.95,16.6,0.41,2.05,0.88,-0.06,0.41,6.1,93.38,0.48,62.36,0.79,140.99,1.1,135.29
2022,10,10,9,0.85,2.58,3.47,113.55,319.33,17.23,0.52,2.77,0.68,0.18,0.43,6.23,96.5,0.71,62.37,1.26,174.32,1.84,171.94
2022,10,10,10,1.66,2.92,3.85,212.15,361.8,30.88,1.01,5.35,0.89,0.39,0.64,6.29,96.5,0.9,62.35,1.54,184.67,2.27,183.16
2022,10,10,11,1.3,3.1,3.95,167.35,388.98,25.97,0.9,4.67,1.21,0.68,0.94,6.41,96.31,0.98,62.32,1.89,191.91,2.86,190.88
2022,10,10,12,1.05,2.9,3.77,138.85,361.27,21.4,0.7,3.75,1.8,1.07,1.43,6.65,95,0.95,62.27,2.31,196.53,3.49,195.84
2022,10,10,13,0.37,2.44,3.3,54.5,302.33,8.29,0.23,1.2,2.27,1.3,1.79,6.77,93.5,0.79,62.23,2.51,201.14,3.76,200.54
2022,10,10,14,0.52,1.8,2.59,68.8,221.02,9.91,0.23,1.15,2.58,1.49,2.04,6.84,92.69,0.57,62.2,2.32,206.13,3.34,205.61
2022,10,10,15,0.21,1.02,1.69,26.1,122.1,4.04,0.05,0.27,2.81,1.62,2.22,6.96,92.25,0.3,62.18,1.98,210,2.74,209.34
2022,10,10,16,0.05,0.28,0.66,6.65,31.25,1.02,0.01,0.02,2.43,1.52,1.98,6.9,94.19,0.14,62.18,1.34,212.11,1.88,210.51
2022,10,10,17,0,0,0,0,0,0,0,0,1.15,0.73,0.94,6.53,98,0.06,62.19,0.63,189.93,0.94,191.5
2022,10,10,18,0,0,0,0,0,0,0,0,-0.39,-0.49,-0.45,5.98,100,0.03,62.22,0.27,114.3,0.41,117.55
2022,10,10,19,0,0,0,0,0,0,0,0,-1.18,-1.2,-1.19,5.68,100,0.04,62.24,0.42,48.81,0.73,49.8
2022,10,10,20,0,0,0,0,0,0,0,0,-1.75,-1.82,-1.79,5.43,100,0.04,62.25,0.51,46.25,0.9,47.83
2022,10,10,21,0,0,0,0,0,0,0,0,-2.02,-2.27,-2.15,5.25,100,0.05,62.26,0.46,57.38,0.85,58.22
2022,10,10,22,0,0,0,0,0,0,0,0,-2.1,-2.49,-2.3,5.19,100,0.08,62.25,0.49,73.3,0.92,71.26
2022,10,10,23,0,0,0,0,0,0,0,0,-2.31,-2.63,-2.47,5.13,100,0.14,62.22,0.53,77.2,0.99,73.56
2022,10,11,0,0,0,0,0,0,0,0,0,-2.49,-2.7,-2.6,5.13,100,0.19,62.2,0.55,75.96,1.05,71.29
2022,10,11,1,0,0,0,0,0,0,0,0,-2.61,-2.81,-2.7,5.13,100,0.18,62.16,0.53,72.1,1.07,66.25
2022,10,11,2,0,0,0,0,0,0,0,0,-2.76,-2.97,-2.87,5.07,100,0.16,62.13,0.58,61.7,1.17,56.2
2022,10,11,3,0,0,0,0,0,0,0,0,-2.81,-3.2,-3.01,4.94,100,0.11,62.1,0.65,57.85,1.19,53.28
2022,10,11,4,0,0,0,0,0,0,0,0,-2.91,-3.44,-3.17,4.82,100,0.09,62.1,0.6,55.68,1.05,52.28
2022,10,11,5,0.03,0.02,0.08,2.23,2.4,0.32,0,0,-3.31,-3.79,-3.55,4.7,100,0,62.08,0.76,42.91,1.49,41.61
2022,10,11,6,0.38,0.48,0.97,42.58,54.83,5.54,0.03,0.15,-2.35,-3.41,-2.88,4.82,95.81,0,62.03,1.07,26.94,1.88,28.27
2022,10,11,7,0.9,1.27,1.97,107.12,151.73,14.41,0.22,1.08,0.47,-1.79,-0.67,5.49,86.38,0.01,62.14,0.63,65.97,0.9,66.34
2022,10,11,8,1.29,2.01,2.82,157.85,243.15,22.26,0.52,2.6,1.86,-0.17,0.84,6.16,87.5,0.02,62.21,1.34,168.89,1.86,168.12
2022,10,11,9,1.62,2.58,3.46,200.08,314.52,28.28,0.8,4.2,2.26,0.43,1.34,6.35,88.38,0.03,62.25,2.16,181.45,3.06,180.58
2022,10,11,10,1.95,2.98,3.84,243.92,365.7,34.98,1.11,5.88,2.68,0.72,1.7,6.47,87.38,0.04,62.22,2.71,187.62,3.84,187.24
2022,10,11,11,1.81,3.11,3.94,223.98,382.92,32.97,1.09,5.7,3.26,0.99,2.12,6.65,85.38,0.05,62.14,3.1,195.19,4.32,195.09
2022,10,11,12,1.72,2.92,3.75,220.42,359.42,32.41,1.02,5.45,3.5,1.26,2.38,6.77,85.69,0.06,62.06,3.24,199.31,4.46,199.13
2022,10,11,13,1.07,2.51,3.28,133.83,307.85,19.78,0.56,2.98,2.98,1.73,2.36,7.02,92.06,0.05,61.95,2.83,204.16,3.79,203.71
2022,10,11,14,0.79,1.88,2.57,97.52,229.95,13.66,0.3,1.5,2.71,1.87,2.29,7.08,94.62,0.03,61.86,3.34,215.66,4.51,215.34
2022,10,11,15,0.42,1.09,1.67,51.02,132.25,6.86,0.09,0.42,3.11,2.11,2.61,7.2,93.56,0.02,61.88,3.96,223.56,5.49,223.16
2022,10,11,16,0.21,0.3,0.63,24,34.08,3.16,0.02,0.05,2.8,2.22,2.51,7.26,96.56,0.01,61.93,3.06,222.93,4.44,222.22
2022,10,11,17,0,0,0,0,0,0,0,0,1.28,1.5,1.39,6.96,100,0.02,61.99,1.33,218.08,2.44,216.03
2022,10,11,18,0,0,0,0,0,0,0,0,0.53,0.81,0.67,6.71,100,0.02,62.03,1.1,214.03,2.27,211.78
2022,10,11,19,0,0,0,0,0,0,0,0,0.03,0.17,0.1,6.47,100,0.02,62.07,0.93,209.15,1.93,208.02
2022,10,11,20,0,0,0,0,0,0,0,0,-0.41,-0.32,-0.36,6.23,100,0.03,62.09,0.87,198.92,1.63,198.69
2022,10,11,21,0,0,0,0,0,0,0,0,-0.74,-0.62,-0.68,6.1,100,0.03,62.09,0.85,188.95,1.5,188.97
2022,10,11,22,0,0,0,0,0,0,0,0,-1.02,-0.85,-0.94,6.04,100,0.04,62.06,0.82,180,1.41,179.36
2022,10,11,23,0,0,0,0,0,0,0,0,-1.28,-1.02,-1.15,5.98,100,0.05,62.03,0.84,174.13,1.53,172.66
2022,10,12,0,0,0,0,0,0,0,0,0,-1.45,-1.05,-1.25,5.98,100,0.06,61.98,0.89,176.99,1.79,174.24
2022,10,12,1,0,0,0,0,0,0,0,0,-1.42,-0.95,-1.18,5.98,100,0.06,61.92,1,177.76,2.15,175.83
2022,10,12,2,0,0,0,0,0,0,0,0,-1.2,-0.76,-0.98,6.04,100,0.06,61.89,1.16,181.15,2.44,180.55
2022,10,12,3,0,0,0,0,0,0,0,0,-1.05,-0.67,-0.85,6.1,100,0.04,61.9,1.28,183.84,2.59,184.15
2022,10,12,4,0,0,0,0,0,0,0,0,-1.02,-0.71,-0.87,6.04,100,0.03,61.93,1.27,185.99,2.57,185.59
2022,10,12,5,0.03,0.02,0.08,2.12,2.33,0.3,0,0,-1.51,-1.31,-1.42,5.74,100,0.06,61.99,1.1,184.06,2.29,182.15
2022,10,12,6,0.47,0.53,0.95,52.38,59.75,6.3,0.03,0.15,-0.93,-1.17,-1.05,5.8,100,0.03,62.05,1.08,159.73,1.83,162.57
2022,10,12,7,1.11,1.35,1.96,132.12,161.15,16.85,0.23,1.17,0.27,-0.74,-0.24,5.92,94.56,0.01,62.11,1.62,153.43,2.26,154.41
2022,10,12,8,1.71,2.11,2.81,206.55,254.05,27.82,0.6,3.02,2.14,-0.1,1.02,6.16,86,0,62.16,2.48,170,3.26,169.93
2022,10,12,9,2.07,2.68,3.44,252.5,323.33,35.11,0.96,4.9,3.47,-0.1,1.69,6.16,78.06,0.03,62.19,3.02,178.37,3.93,178.29
2022,10,12,10,2.33,3.03,3.82,287.6,366.1,40.67,1.24,6.5,4.44,0,2.22,6.16,73.31,0.16,62.18,3.36,185.21,4.37,185.13
2022,10,12,11,2.43,3.14,3.92,300.7,382.1,43.12,1.37,7.12,5.08,0.18,2.63,6.29,71.06,0.17,62.14,3.72,191.5,4.86,191.49
2022,10,12,12,2.36,2.98,3.73,290.75,360.77,41.12,1.23,6.4,5.35,0.2,2.77,6.29,69.94,0.15,62.09,4,195.39,5.26,195.34
2022,10,12,13,1.84,2.55,3.26,224.15,308.73,31.27,0.82,4.15,5.22,0.12,2.66,6.23,70.12,0.13,62.04,4.02,196.71,5.31,196.76
2022,10,12,14,1.35,1.91,2.55,162.58,229.1,21.93,0.44,2.15,4.65,-0.22,2.22,6.1,71.19,0.11,62.02,3.76,196.29,4.98,196.22
2022,10,12,15,0.74,1.12,1.65,86.77,132.3,10.95,0.12,0.62,3.65,-0.75,1.45,5.86,73.38,0.09,62.01,3.29,194.43,4.39,194.31
2022,10,12,16,0.25,0.29,0.61,26.62,32.1,3.2,0.01,0.05,2.16,-0.96,0.6,5.8,80.44,0.08,62,2.44,189.98,3.38,189.85
2022,10,12,17,0,0,0,0,0,0,0,0,-0.5,-1.2,-0.85,5.74,96.88,0.06,62.02,0.93,179.52,1.77,178.99
2022,10,12,18,0,0,0,0,0,0,0,0,-1.19,-1.36,-1.27,5.68,100,0.05,62.06,0.8,167.05,1.6,166.71
2022,10,12,19,0,0,0,0,0,0,0,0,-1.32,-1.43,-1.38,5.68,100,0.05,62.09,0.76,155.02,1.43,155.53
2022,10,12,20,0,0,0,0,0,0,0,0,-1.7,-1.64,-1.67,5.62,100,0.06,62.1,0.72,151.49,1.41,150.18
2022,10,12,21,0,0,0,0,0,0,0,0,-2.12,-1.95,-2.03,5.49,100,0.05,62.1,0.68,149.6,1.31,147.16
2022,10,12,22,0,0,0,0,0,0,0,0,-2.33,-2.2,-2.27,5.43,100,0.04,62.08,0.63,144.54,1.18,141.16
2022,10,12,23,0,0,0,0,0,0,0,0,-2.62,-2.49,-2.56,5.31,100,0.02,62.06,0.59,138.74,1.09,134.71
2022,10,13,0,0,0,0,0,0,0,0,0,-2.95,-2.77,-2.86,5.19,100,0.02,62.03,0.55,129.81,1.01,124.3
2022,10,13,1,0,0,0,0,0,0,0,0,-3.32,-3.1,-3.21,5.07,100,0.01,62,0.53,118.07,0.99,111.89
2022,10,13,2,0,0,0,0,0,0,0,0,-3.63,-3.42,-3.52,4.88,100,0,61.98,0.49,100.95,0.95,93.31
2022,10,13,3,0,0,0,0,0,0,0,0,-4.1,-3.85,-3.97,4.76,100,0,61.98,0.52,79.7,0.99,74.98
2022,10,13,4,0,0,0,0,0,0,0,0,-4.44,-4.22,-4.33,4.58,100,0,61.99,0.62,65.38,1.11,62.35
2022,10,13,5,0.03,0.02,0.08,2.15,2.35,0.31,0,0,-4.57,-4.66,-4.61,4.39,100,0,62.02,0.74,53.62,1.29,50.64
2022,10,13,6,0.54,0.58,0.94,58.42,63.42,6.63,0.03,0.15,-3.15,-4.27,-3.71,4.58,96.81,0,62.07,0.88,49.34,1.4,47.25
2022,10,13,7,1.39,1.44,1.94,159.75,168.1,19.65,0.27,1.3,-0.77,-3.94,-2.35,4.7,81.38,0,62.13,1.11,72.45,1.44,72.65
2022,10,13,8,2.22,2.21,2.79,259.8,260.5,34.18,0.71,3.52,1.6,-3.54,-0.97,4.76,69.12,0,62.17,1.08,135.58,1.33,135.48
2022,10,13,9,2.79,2.8,3.43,331.2,330.73,45.23,1.2,6,3.59,-2.95,0.33,4.94,62.44,0,62.17,1.83,181.96,2.27,181.97
2022,10,13,10,2.97,3.14,3.81,354.62,371.25,49.34,1.47,7.58,4.94,-2.38,1.28,5.19,59.19,0,62.15,2.59,195.76,3.26,195.87
2022,10,13,11,2.82,3.21,3.9,340.52,382.23,48.17,1.49,7.73,5.58,-1.91,1.83,5.37,58.69,0,62.11,3.11,201.8,3.97,201.72
2022,10,13,12,2.5,3.05,3.71,300.05,361.2,42.47,1.26,6.52,5.69,-1.47,2.11,5.55,60.12,0,62.05,3.42,203.82,4.41,203.7
2022,10,13,13,2.04,2.61,3.24,243.52,310.15,33.98,0.87,4.4,5.41,-1.26,2.08,5.62,62.31,0,61.99,3.59,204.44,4.66,204.25
2022,10,13,14,1.51,1.96,2.53,179.17,232.67,24.05,0.46,2.27,4.84,-1.35,1.75,5.62,64.38,0,61.96,3.54,203.85,4.66,203.73
2022,10,13,15,0.85,1.16,1.63,97.83,135.23,12.21,0.13,0.65,3.95,-1.55,1.2,5.49,67.56,0.01,61.96,3.25,202.44,4.35,202.15
2022,10,13,16,0.27,0.31,0.59,28.7,33.92,3.28,0.01,0.05,2.49,-1.35,0.57,5.62,76.19,0.01,61.98,2.43,197.79,3.4,197.52
2022,10,13,17,0,0,0,0,0,0,0,0,-0.06,-1.1,-0.58,5.74,94,0.01,62.01,0.91,191.89,1.8,191.5
2022,10,13,18,0,0,0,0,0,0,0,0,-1.03,-1.38,-1.2,5.68,100,0,62.06,0.74,185.47,1.47,184.56
2022,10,13,19,0,0,0,0,0,0,0,0,-1.11,-1.29,-1.2,5.74,100,0,62.11,0.57,176.86,1.05,173.19
2022,10,13,20,0,0,0,0,0,0,0,0,-1.31,-1.36,-1.34,5.68,100,0,62.14,0.4,155.46,0.75,149.14
2022,10,13,21,0,0,0,0,0,0,0,0,-1.61,-1.54,-1.58,5.62,100,0,62.14,0.3,124.51,0.6,115.24
2022,10,13,22,0,0,0,0,0,0,0,0,-2.06,-1.92,-1.99,5.49,100,0,62.13,0.33,91.36,0.67,84.62
2022,10,13,23,0,0,0,0,0,0,0,0,-2.53,-2.31,-2.42,5.31,100,0,62.11,0.42,68.2,0.81,63.19
2022,10,14,0,0,0,0,0,0,0,0,0,-2.99,-2.76,-2.88,5.13,100,0,62.08,0.56,54.09,1.03,50.53
2022,10,14,1,0,0,0,0,0,0,0,0,-3.61,-3.47,-3.54,4.88,100,0,62.04,0.78,46.22,1.34,44.29
2022,10,14,2,0,0,0,0,0,0,0,0,-4.1,-4.28,-4.19,4.58,100,0,62.02,0.94,41.63,1.57,40.17
2022,10,14,3,0,0,0,0,0,0,0,0,-4.66,-5.18,-4.92,4.27,100,0,62.01,1.05,40.79,1.76,39.97
2022,10,14,4,0,0,0,0,0,0,0,0,-5.3,-6.1,-5.7,3.97,100,0,62.02,1.18,39.61,1.98,38.77
2022,10,14,5,0.03,0.02,0.07,1.88,2.05,0.27,0,0,-6.1,-7.19,-6.64,3.66,99.25,0,62.04,1.27,37.22,2.23,36.47
2022,10,14,6,0.52,0.52,0.93,52.15,52.95,6.19,0.03,0.15,-4.87,-6.85,-5.86,3.78,93.25,0,62.07,1.4,32.72,2.43,33.18
2022,10,14,7,1.25,1.4,1.93,137.95,156.2,17.37,0.24,1.2,-1.58,-6.77,-4.18,3.78,70.62,0,62.12,1.82,39.24,2.55,39.04
2022,10,14,8,1.91,2.22,2.78,217.38,253.1,29.3,0.64,3.2,1.66,-5.96,-2.15,3.97,57.19,0,62.15,1.26,73.37,1.57,72.65
2022,10,14,9,2.74,2.83,3.41,315.08,323.33,43.41,1.19,6,4.19,-5.7,-0.76,4.03,48.5,0,62.14,1.2,158.96,1.47,159.44
2022,10,14,10,3.16,3.2,3.79,364.38,365.8,51.13,1.57,8.1,5.95,-5.06,0.44,4.21,45.12,0,62.12,2.18,195.18,2.72,195.15
2022,10,14,11,3.21,3.3,3.89,375.55,381.55,53.46,1.71,8.9,6.83,-4.09,1.37,4.58,45.81,0,62.07,2.84,202.62,3.6,202.45
2022,10,14,12,2.48,3.06,3.69,290.4,356.58,41.23,1.24,6.45,7.3,-3.23,2.04,4.88,47.31,0,62.01,3.24,204.65,4.16,204.4
2022,10,14,13,2.13,2.56,3.23,251.77,302.55,34.32,0.88,4.42,7.26,-2.57,2.34,5.13,49.88,0,61.96,3.41,205.33,4.44,205.08
2022,10,14,14,1.46,1.89,2.51,171.92,223.48,22.88,0.45,2.2,6.73,-2.25,2.23,5.25,53,0,61.93,3.25,206.44,4.26,206.14
2022,10,14,15,0.79,1.08,1.61,90.2,124.85,11.12,0.12,0.6,5.71,-2.1,1.8,5.31,57.5,0,61.94,2.82,206.49,3.75,206.24
2022,10,14,16,0.25,0.26,0.57,26,27.55,3.17,0.01,0.05,3.95,-1.05,1.45,5.8,70.69,0,61.96,1.67,202.6,2.46,202.41
2022,10,14,17,0,0,0,0,0,0,0,0,1.19,-1.02,0.08,5.86,87,0,62,0.87,193.03,1.64,192.65
2022,10,14,18,0,0,0,0,0,0,0,0,0.45,-1.47,-0.51,5.62,88.38,0,62.04,0.72,184.97,1.14,184.31
2022,10,14,19,0,0,0,0,0,0,0,0,0.44,-1.22,-0.39,5.74,90.06,0,62.07,0.42,163.91,0.59,163.74
2022,10,14,20,0,0,0,0,0,0,0,0,0.15,-1.17,-0.51,5.74,92.25,0,62.09,0.2,92.2,0.27,90
2022,10,14,21,0,0,0,0,0,0,0,0,-0.22,-1.3,-0.76,5.68,94.25,0,62.09,0.42,33.69,0.59,33.69
2022,10,14,22,0,0,0,0,0,0,0,0,-0.85,-1.62,-1.23,5.55,97.25,0,62.07,0.59,28.61,0.89,28.81
2022,10,14,23,0,0,0,0,0,0,0,0,-1.25,-2.14,-1.7,5.37,97.06,0,62.05,0.75,32.2,1.18,31.68
2022,10,15,0,0,0,0,0,0,0,0,0,-1.77,-2.86,-2.31,5.13,96.31,0,62.03,0.91,35.88,1.47,35.29
2022,10,15,1,0,0,0,0,0,0,0,0,-2.38,-3.54,-2.96,4.88,97,0,62.01,0.98,35.59,1.73,35.06
2022,10,15,2,0,0,0,0,0,0,0,0,-2.98,-3.92,-3.45,4.82,100,0,61.99,0.98,36.23,1.94,35.67
2022,10,15,3,0,0,0,0,0,0,0,0,-3.43,-4.31,-3.87,4.7,100,0,61.99,1,37.41,2.1,37.13
2022,10,15,4,0,0,0,0,0,0,0,0,-4.26,-5.24,-4.75,4.39,100,0,62,1.09,36.87,2.33,36.25
2022,10,15,5,0.03,0.02,0.07,1.5,1.62,0.21,0,0,-4.99,-6.1,-5.55,4.09,100,0,62.03,1.16,35.72,2.5,35.33
2022,10,15,6,0.41,0.4,0.92,41.48,42.27,5.2,0.02,0.12,-3.72,-6.07,-4.89,4.09,91.06,0,62.07,1.64,34.14,2.76,34.14
2022,10,15,7,1.14,1.15,1.92,121.8,126.55,14.79,0.2,1,-0.52,-5.12,-2.82,4.39,74.44,0,62.13,2.02,45.78,2.84,45.45
2022,10,15,8,1.71,1.94,2.76,196.12,222.17,25.12,0.53,2.65,2.82,-3.14,-0.16,5,66.19,0,62.15,1.59,83.78,1.98,83.66
2022,10,15,9,2.46,2.56,3.4,287.92,297.8,37.85,1.01,5.05,5.24,-2.53,1.35,5.13,57.69,0,62.16,1.44,148.72,1.78,149.04
2022,10,15,10,2.82,2.92,3.77,332.35,342,44.58,1.33,6.85,6.88,-2.11,2.38,5.31,53.25,0,62.14,2.32,187.36,2.88,187.47
2022,10,15,11,2.94,3.15,3.87,357.52,378.02,50.09,1.57,8.17,7.48,-1.49,3,5.55,53.56,0,62.11,2.76,197.62,3.48,197.5
2022,10,15,12,2.58,2.93,3.67,310.58,349.5,43.05,1.28,6.62,7.63,-0.9,3.37,5.86,55.38,0,62.06,2.98,201.38,3.79,201.16
2022,10,15,13,2.19,2.45,3.21,259.6,290.65,35.01,0.89,4.5,7.41,-0.6,3.4,5.98,57.38,0,62.01,3.02,202.52,3.86,202.36
2022,10,15,14,1.41,1.79,2.49,166.52,210.45,22.03,0.43,2.1,6.73,-0.56,3.08,5.98,60.31,0,61.99,2.97,203.4,3.84,203.28
2022,10,15,15,0.84,0.99,1.59,94.73,113.15,11.68,0.12,0.62,5.76,-0.49,2.64,5.98,64.75,0,61.99,2.73,204.88,3.57,204.83
2022,10,15,16,0.22,0.22,0.55,22.6,23.33,2.88,0.01,0.05,4.05,0.02,2.03,6.23,76,0,62.01,1.82,204.36,2.55,204.21
2022,10,15,17,0,0,0,0,0,0,0,0,1.73,0.77,1.26,6.65,95.56,0,62.05,0.67,196.31,1.29,195.8
2022,10,15,18,0,0,0,0,0,0,0,0,1.47,0.73,1.1,6.65,97.19,0,62.09,0.66,184.76,0.96,185.15
2022,10,15,19,0,0,0,0,0,0,0,0,1.34,0.88,1.11,6.71,99.12,0,62.12,0.47,179.05,0.67,178
2022,10,15,20,0,0,0,0,0,0,0,0,1.16,0.9,1.03,6.71,100,0,62.14,0.36,187.43,0.63,184.29
2022,10,15,21,0,0,0,0,0,0,0,0,0.82,0.69,0.76,6.65,100,0,62.15,0.42,191.73,0.74,189.16
2022,10,15,22,0,0,0,0,0,0,0,0,0.49,0.58,0.54,6.59,100,0,62.15,0.48,187.47,0.86,186.28
2022,10,15,23,0,0,0,0,0,0,0,0,0.15,0.41,0.27,6.53,100,0,62.14,0.52,180.87,0.91,180.49
2022,10,16,0,0,0,0,0,0,0,0,0,-0.11,0.22,0.05,6.41,100,0,62.13,0.52,176.58,0.87,176.39
2022,10,16,1,0,0,0,0,0,0,0,0,-0.29,-0.02,-0.16,6.35,100,0,62.12,0.46,168.11,0.7,165.81
2022,10,16,2,0,0,0,0,0,0,0,0,-0.69,-0.35,-0.52,6.16,100,0,62.1,0.42,141.84,0.64,138.95
2022,10,16,3,0,0,0,0,0,0,0,0,-1.05,-0.64,-0.85,6.04,100,0,62.1,0.45,117.01,0.7,111.68
2022,10,16,4,0,0,0,0,0,0,0,0,-1.24,-0.92,-1.08,5.92,100,0,62.12,0.52,102.15,0.83,97.06
2022,10,16,5,0.03,0.02,0.06,1.65,1.85,0.23,0,0,-1.49,-1.22,-1.35,5.8,100,0,62.15,0.59,99.96,0.92,95.86
2022,10,16,6,0.48,0.48,0.91,51.08,53.27,5.95,0.03,0.15,-0.71,-1.19,-0.95,5.8,100,0,62.2,0.63,101.45,0.95,100.94
2022,10,16,7,1.21,1.27,1.91,135.9,145.4,16.45,0.23,1.12,1.2,-1,0.1,5.86,87.75,0,62.26,1.13,142.02,1.48,142.52
2022,10,16,8,1.99,2,2.75,229.33,233.2,29.38,0.62,3.08,3.44,-1.14,1.15,5.74,73.25,0,62.3,1.58,174.88,1.98,174.81
2022,10,16,9,2.62,2.63,3.38,311,310.6,41.52,1.11,5.6,5.4,-1.38,2.01,5.62,62.38,0,62.31,2.16,196.2,2.69,196.17
2022,10,16,10,2.86,2.97,3.76,342.88,353.27,46.84,1.41,7.35,6.64,-1.4,2.62,5.62,57.19,0,62.3,2.75,203.95,3.47,203.74
2022,10,16,11,2.74,3.11,3.85,333.25,374.33,46.95,1.48,7.75,7.31,-1.32,3,5.62,54.88,0,62.27,3.17,207.01,4.04,206.81
2022,10,16,12,2.63,2.92,3.65,318.25,350.73,44.25,1.31,6.8,7.63,-1.24,3.19,5.68,53.88,0,62.21,3.4,208.1,4.38,207.98
2022,10,16,13,2.01,2.48,3.19,241.23,297.9,33.17,0.86,4.35,7.53,-1.35,3.09,5.62,53.75,0,62.17,3.46,208.7,4.5,208.52
2022,10,16,14,1.46,1.83,2.47,174.48,218.33,23.12,0.45,2.2,6.95,-1.44,2.76,5.55,55.44,0,62.15,3.3,207.47,4.32,207.21
2022,10,16,15,0.8,1.01,1.57,91.4,117.3,11.25,0.12,0.6,5.73,-1.46,2.13,5.55,60.25,0,62.16,2.91,205.46,3.84,205.26
2022,10,16,16,0.23,0.23,0.53,24.15,25.15,2.95,0.01,0.05,3.92,-0.76,1.58,5.86,72.25,0,62.18,1.84,199.9,2.63,199.62
2022,10,16,17,0,0,0,0,0,0,0,0,1.3,-0.04,0.63,6.23,92.75,0,62.21,0.77,188.13,1.59,187.33
2022,10,16,18,0,0,0,0,0,0,0,0,0.71,0.04,0.37,6.29,97.5,0,62.25,0.68,179.34,1.27,177.54
2022,10,16,19,0,0,0,0,0,0,0,0,0.65,0.33,0.49,6.41,100,0,62.28,0.57,172.97,1,170.54
2022,10,16,20,0,0,0,0,0,0,0,0,0.45,0.26,0.36,6.41,100,0,62.31,0.53,174.12,0.93,170.85
2022,10,16,21,0,0,0,0,0,0,0,0,-0.02,-0.09,-0.05,6.29,100,0,62.32,0.47,172.28,0.8,168.69
2022,10,16,22,0,0,0,0,0,0,0,0,-0.38,-0.35,-0.36,6.16,100,0,62.31,0.31,156.04,0.52,151.53
2022,10,16,23,0,0,0,0,0,0,0,0,-0.79,-0.69,-0.74,5.98,100,0,62.28,0.18,97.43,0.34,91.33
2022,10,17,0,0,0,0,0,0,0,0,0,-1.32,-1.1,-1.21,5.8,100,0,62.26,0.29,41.76,0.64,44.5
2022,10,17,1,0,0,0,0,0,0,0,0,-2.04,-1.73,-1.88,5.55,100,0,62.22,0.48,25.3,1.03,32.01
2022,10,17,2,0,0,0,0,0,0,0,0,-2.74,-2.49,-2.61,5.25,100,0,62.2,0.63,27.53,1.32,32.94
2022,10,17,3,0,0,0,0,0,0,0,0,-3.68,-3.38,-3.53,4.94,100,0,62.19,0.78,31.94,1.55,35.37
2022,10,17,4,0,0,0,0,0,0,0,0,-4.59,-4.32,-4.45,4.58,100,0,62.21,0.96,35.37,1.75,36.67
2022,10,17,5,0.03,0.02,0.06,1.58,1.77,0.22,0,0,-5.02,-5.24,-5.13,4.21,100,0,62.23,1.1,35.73,1.88,36.06
2022,10,17,6,0.51,0.5,0.89,54.9,56.25,6.16,0.03,0.12,-3.92,-5.38,-4.66,4.21,95.62,0,62.27,1.2,35.45,2,36.42
2022,10,17,7,1.2,1.3,1.89,136.73,151.1,16.6,0.22,1.1,-1.01,-5.48,-3.24,4.21,74.56,0,62.31,1.47,52.34,2,51.52
2022,10,17,8,2.07,2.08,2.73,243.17,246.95,31.59,0.66,3.25,1.86,-4.84,-1.49,4.33,62,0,62.33,1.13,70.19,1.41,69.85
2022,10,17,9,2.46,2.67,3.36,295.7,317.8,40.14,1.07,5.38,4.4,-5.24,-0.42,4.15,49.75,0,62.32,0.58,152.06,0.7,152.86
2022,10,17,10,2.86,3.01,3.74,343.73,359.3,47.4,1.41,7.27,6.53,-5.45,0.54,4.09,42.31,0,62.29,1.85,208.3,2.29,208.14
2022,10,17,11,2.95,3.08,3.83,357.62,369.17,49.52,1.52,7.9,7.5,-5,1.25,4.27,40.88,0,62.23,2.58,208.73,3.25,208.53
2022,10,17,12,2.77,2.91,3.64,332.9,347.02,45.66,1.32,6.8,7.98,-4.6,1.69,4.39,40.69,0,62.16,3.08,208,3.95,207.73
2022,10,17,13,2.18,2.48,3.17,260.02,294.9,35.29,0.89,4.48,7.95,-4.32,1.81,4.46,41.5,0,62.1,3.4,206.21,4.42,206.02
2022,10,17,14,1.55,1.83,2.45,183.33,217,24.06,0.45,2.23,7.4,-4.1,1.65,4.52,43.81,0,62.07,3.45,203.37,4.55,203.26
2022,10,17,15,0.88,1.04,1.55,100.15,120.83,12.01,0.12,0.62,6.24,-3.85,1.2,4.64,48.44,0,62.06,3.21,200.25,4.33,200.04
2022,10,17,16,0.24,0.24,0.51,25.2,25.88,2.93,0.01,0.05,4.04,-2.13,0.95,5.31,64.81,0,62.07,1.9,194.78,2.89,194.56
2022,10,17,17,0,0,0,0,0,0,0,0,0.41,-1.95,-0.77,5.43,85.81,0,62.09,1.05,188.13,2.26,187.96
2022,10,17,18,0,0,0,0,0,0,0,0,-0.58,-2.24,-1.41,5.31,91,0,62.12,1.04,182.58,1.96,182.28
2022,10,17,19,0,0,0,0,0,0,0,0,-1.02,-1.6,-1.31,5.62,99.38,0,62.15,0.95,175.75,1.65,175.39
2022,10,17,20,0,0,0,0,0,0,0,0,-1.04,-1.02,-1.03,5.86,100,0,62.15,0.78,175.96,1.44,173.76
2022,10,17,21,0,0,0,0,0,0,0,0,-1.3,-0.94,-1.12,5.92,100,0,62.14,0.73,178.17,1.41,174.6
2022,10,17,22,0,0,0,0,0,0,0,0,-1.74,-1.37,-1.56,5.74,100,0,62.12,0.74,176.99,1.44,173.45
2022,10,17,23,0,0,0,0,0,0,0,0,-2.06,-1.74,-1.91,5.62,100,0,62.08,0.71,176.23,1.37,172.79
2022,10,18,0,0,0,0,0,0,0,0,0,-2.2,-2.01,-2.1,5.55,100,0,62.05,0.71,174.98,1.33,171.92
2022,10,18,1,0,0,0,0,0,0,0,0,-2.56,-2.3,-2.42,5.43,100,0,62.01,0.71,176.86,1.34,173.96
2022,10,18,2,0,0,0,0,0,0,0,0,-2.93,-2.74,-2.84,5.25,100,0,61.99,0.75,174.59,1.37,172.15
2022,10,18,3,0,0,0,0,0,0,0,0,-3.32,-3.22,-3.27,5.07,100,0,61.98,0.73,170.13,1.31,168.29
2022,10,18,4,0,0,0,0,0,0,0,0,-3.87,-3.56,-3.71,4.94,100,0,61.98,0.64,163.77,1.15,160.95
2022,10,18,5,0.03,0.02,0.05,1.48,1.65,0.21,0,0,-4,-3.8,-3.9,4.88,100,0,61.99,0.6,154.44,1.07,151.19
2022,10,18,6,0.38,0.51,0.88,41.52,55.65,4.96,0.02,0.1,-3.51,-3.97,-3.74,4.76,100,0,62.02,0.85,144.71,1.25,144.92
2022,10,18,7,0.91,1.33,1.88,103.35,153.33,12.45,0.16,0.8,-1.91,-4.86,-3.38,4.46,84.56,0,62.05,1.43,163.54,1.93,164.28
2022,10,18,8,0.92,2.07,2.72,108.75,242.6,14.39,0.3,1.5,0.08,-4.99,-2.45,4.33,69.75,0,62.08,2.06,186.1,2.61,185.85
2022,10,18,9,1.67,2.64,3.35,202.08,310.42,27.83,0.74,3.77,1.71,-4.61,-1.45,4.39,63.5,0,62.08,2.78,197.47,3.53,197.27
2022,10,18,10,1.87,2.98,3.72,228.35,351.42,32.29,0.98,5.12,2.94,-4.17,-0.61,4.58,60.06,0,62.04,3.41,201.8,4.36,201.65
2022,10,18,11,2.02,3.02,3.81,247.65,359.62,35.06,1.1,5.85,3.65,-4,-0.17,4.64,57.75,0,61.98,3.89,205.59,5.03,205.37
2022,10,18,12,1.81,2.84,3.62,219.02,335.6,30.84,0.91,4.75,3.75,-4.23,-0.24,4.52,56.25,0,61.91,4.18,209.29,5.48,209.09
2022,10,18,13,1.56,2.39,3.15,188.35,282.05,25.69,0.65,3.27,3.17,-4.53,-0.68,4.39,57.06,0,61.85,4.24,213.05,5.6,212.8
2022,10,18,14,1.05,1.73,2.43,125.2,201.8,16.89,0.33,1.6,2.38,-4.45,-1.04,4.46,60.75,0,61.82,4.09,214.42,5.43,214.22
2022,10,18,15,0.53,0.93,1.53,60,104.73,7.91,0.09,0.42,1.2,-4.35,-1.57,4.52,66.75,0,61.82,3.65,212.77,4.91,212.53
2022,10,18,16,0.16,0.19,0.49,16.33,20.38,2.11,0.01,0.02,-0.2,-4.22,-2.2,4.52,74.81,0,61.83,2.76,209.18,3.82,208.97
2022,10,18,17,0,0,0,0,0,0,0,0,-2.26,-3.57,-2.92,4.82,94.25,0,61.87,1.08,202.65,1.9,202.77
2022,10,18,18,0,0,0,0,0,0,0,0,-3.05,-3.54,-3.29,4.88,100,0,61.9,0.84,196.24,1.58,195.75
2022,10,18,19,0,0,0,0,0,0,0,0,-3.28,-3.49,-3.38,4.88,100,0,61.94,0.77,191.65,1.47,189.51
2022,10,18,20,0,0,0,0,0,0,0,0,-3.69,-3.85,-3.77,4.76,100,0,61.97,0.75,186.6,1.42,183.79
2022,10,18,21,0,0,0,0,0,0,0,0,-4.2,-4.27,-4.24,4.58,100,0,61.97,0.73,180,1.38,176.42
2022,10,18,22,0,0,0,0,0,0,0,0,-4.62,-4.72,-4.67,4.46,100,0,61.94,0.75,171.62,1.39,167.68
2022,10,18,23,0,0,0,0,0,0,0,0,-4.88,-4.88,-4.88,4.39,100,0,61.91,0.76,163.97,1.42,160.37
2022,10,19,0,0,0,0,0,0,0,0,0,-5,-4.99,-4.99,4.33,100,0,61.87,0.78,156.5,1.47,154.12
2022,10,19,1,0,0,0,0,0,0,0,0,-5.2,-5.29,-5.24,4.27,100,0,61.83,0.87,159.44,1.64,156.48
2022,10,19,2,0,0,0,0,0,0,0,0,-5.42,-5.48,-5.45,4.21,100,0,61.81,0.86,163.05,1.7,160.65
2022,10,19,3,0,0,0,0,0,0,0,0,-5.52,-5.55,-5.53,4.21,100,0,61.8,0.78,165.55,1.57,162.65
2022,10,19,4,0,0,0,0,0,0,0,0,-5.72,-5.69,-5.7,4.15,100,0,61.81,0.79,165.69,1.47,163.59
2022,10,19,5,0.03,0.01,0.05,1.2,1.25,0.17,0,0,-5.74,-5.69,-5.71,4.15,100,0,61.84,0.74,160.22,1.29,158.26
2022,10,19,6,0.37,0.39,0.87,38.98,42.23,4.84,0.02,0.1,-4.97,-5.67,-5.32,4.15,100,0,61.87,0.88,155.93,1.32,155.25
2022,10,19,7,0.91,1.18,1.86,104.12,135.88,12.88,0.16,0.83,-3.56,-6.02,-4.79,3.97,86.81,0,61.92,1.23,169.76,1.64,170.67
2022,10,19,8,1.46,1.96,2.71,174.08,231.67,22.91,0.47,2.3,-1.79,-5.89,-3.85,3.97,74.5,0,61.94,1.67,192.67,2.1,192.48
2022,10,19,9,1.96,2.54,3.33,236.7,302.85,32.01,0.82,4.15,-0.09,-5.9,-2.99,3.91,64.31,0,61.94,2.08,207.24,2.61,206.72
2022,10,19,10,2.24,2.89,3.71,273.33,346.08,37.83,1.09,5.65,1.07,-5.95,-2.45,3.91,58.75,0,61.91,2.39,211.09,3,210.71
2022,10,19,11,2.32,2.96,3.8,285.25,357.42,39.63,1.17,6.08,2.15,-5.71,-1.78,3.97,55.44,0,61.87,2.73,214.37,3.44,213.98
2022,10,19,12,2.03,2.83,3.6,247.4,337.9,34.77,0.99,5.17,2.87,-5.27,-1.2,4.15,54.56,0,61.8,2.97,216.54,3.77,216.23
2022,10,19,13,1.55,2.43,3.13,185.27,287.3,25.82,0.64,3.23,2.9,-5.06,-1.09,4.21,55.44,0,61.75,3.05,216.87,3.91,216.55
2022,10,19,14,1.08,1.78,2.41,127.15,209.6,17.48,0.33,1.6,2.3,-4.95,-1.32,4.27,58.5,0,61.72,2.87,214.9,3.71,214.53
2022,10,19,15,0.53,0.98,1.51,60.67,113.55,7.7,0.08,0.38,1.31,-4.66,-1.67,4.39,64.44,0,61.72,2.54,209.48,3.33,209.09
2022,10,19,16,0.17,0.2,0.47,17.75,21.9,2.22,0.01,0.02,-0.27,-4,-2.14,4.64,76.44,0,61.75,1.92,197.48,2.64,197.36
2022,10,19,17,0,0,0,0,0,0,0,0,-2.54,-3.42,-2.98,4.88,97.44,0,61.79,0.77,183.47,1.49,182.7
2022,10,19,18,0,0,0,0,0,0,0,0,-3.23,-3.41,-3.32,4.88,100,0,61.83,0.71,169.81,1.35,168.69
2022,10,19,19,0,0,0,0,0,0,0,0,-3.33,-3.2,-3.27,4.94,100,0,61.87,0.66,164.8,1.25,161.79
2022,10,19,20,0,0,0,0,0,0,0,0,-3.46,-3.2,-3.33,4.94,100,0,61.89,0.62,164.74,1.22,160.52
2022,10,19,21,0,0,0,0,0,0,0,0,-3.65,-3.27,-3.46,4.94,100,0,61.9,0.64,165.96,1.26,162.24
2022,10,19,22,0,0,0,0,0,0,0,0,-3.88,-3.38,-3.63,4.88,100,0,61.89,0.68,168.82,1.33,164.98
2022,10,19,23,0,0,0,0,0,0,0,0,-4.17,-3.53,-3.85,4.82,100,0,61.87,0.73,171.44,1.4,168.06
2022,10,20,0,0,0,0,0,0,0,0,0,-4.43,-3.71,-4.07,4.76,100,0,61.85,0.78,173.66,1.43,171.21
2022,10,20,1,0,0,0,0,0,0,0,0,-4.68,-3.89,-4.28,4.7,100,0,61.83,0.8,174.96,1.42,173.07
2022,10,20,2,0,0,0,0,0,0,0,0,-4.92,-4.1,-4.51,4.64,100,0,61.81,0.81,178.35,1.42,176.23
2022,10,20,3,0,0,0,0,0,0,0,0,-5.13,-4.3,-4.71,4.58,100,0,61.81,0.81,178.9,1.42,176.52
2022,10,20,4,0,0,0,0,0,0,0,0,-5.26,-4.47,-4.87,4.52,100,0,61.83,0.79,178.87,1.39,176.14
2022,10,20,5,0,0,0,0,0,0,0,0,-5.39,-4.65,-5.02,4.46,100,0,61.87,0.77,178.25,1.36,175.04
2022,10,20,6,0.39,0.41,0.9,40.62,43.98,5.02,0.02,0.1,-4.58,-4.68,-4.63,4.46,100,0,61.93,0.89,177.49,1.41,175.55
2022,10,20,7,0.91,1.15,1.85,101.4,128.33,12.44,0.16,0.77,-2.39,-4.52,-3.45,4.52,89.62,0,62,1.73,185.45,2.34,185.94
2022,10,20,8,1,1.89,2.69,117.1,218.3,15.2,0.3,1.5,-0.08,-4.52,-2.3,4.46,72.81,0,62.05,2.37,197.84,3.08,197.74
2022,10,20,9,1.61,2.47,3.32,191.62,289.02,25.86,0.66,3.3,1.44,-5.04,-1.8,4.27,62.38,0,62.07,2.85,202.56,3.65,202.28
2022,10,20,10,1.93,2.84,3.69,229.95,332.67,31.62,0.9,4.67,2.48,-5.26,-1.39,4.15,56.75,0,62.05,3.2,204.56,4.08,204.31
2022,10,20,11,1.9,2.96,3.78,230.52,350.98,32.48,0.96,4.98,3.26,-5.01,-0.87,4.21,54.56,0,62.02,3.56,206.9,4.57,206.7
2022,10,20,12,1.76,2.78,3.58,213.35,327.95,29.96,0.84,4.33,3.4,-4.99,-0.79,4.21,53.94,0,61.97,3.87,209.52,5.02,209.24
2022,10,20,13,1.52,2.34,3.11,181.27,274.85,24.53,0.59,2.92,2.94,-5.11,-1.09,4.21,55.12,0,61.94,3.97,211.56,5.2,211.3
2022,10,20,14,1.09,1.69,2.4,126.65,196.17,16.8,0.3,1.5,2.14,-5.35,-1.6,4.09,57.25,0,61.94,3.74,212.46,4.94,212.21
2022,10,20,15,0.54,0.9,1.49,60.98,102.73,7.6,0.07,0.35,1.07,-5.35,-2.14,4.09,61.81,0,61.96,3.2,209.88,4.28,209.65
2022,10,20,16,0.17,0.18,0.46,16.7,19.08,2.12,0.01,0.02,-0.37,-4.81,-2.6,4.27,72.06,0,61.99,2.19,204.46,3.06,203.95
2022,10,20,17,0,0,0,0,0,0,0,0,-2.63,-4.02,-3.32,4.64,93.5,0.02,62.03,0.78,197.53,1.59,196.29
2022,10,20,18,0,0,0,0,0,0,0,0,-3.31,-4.31,-3.81,4.52,96.94,0.01,62.09,0.66,192.24,1.23,190.6
2022,10,20,19,0,0,0,0,0,0,0,0,-3.56,-4.12,-3.84,4.58,100,0.01,62.13,0.48,178.15,0.8,176.07
2022,10,20,20,0,0,0,0,0,0,0,0,-3.7,-4.07,-3.88,4.64,100,0,62.16,0.29,140.39,0.45,138.53
2022,10,20,21,0,0,0,0,0,0,0,0,-4.08,-4.28,-4.18,4.52,100,0,62.16,0.27,73.14,0.44,72.53
2022,10,20,22,0,0,0,0,0,0,0,0,-4.52,-4.68,-4.6,4.39,100,0,62.14,0.48,36.3,0.78,37.67
2022,10,20,23,0,0,0,0,0,0,0,0,-5.06,-5.42,-5.24,4.15,100,0,62.11,0.74,24.15,1.2,25.4
2022,10,21,0,0,0,0,0,0,0,0,0,-5.5,-6.35,-5.92,3.85,99.19,0,62.08,0.93,21.18,1.56,21.7
2022,10,21,1,0,0,0,0,0,0,0,0,-5.8,-7.43,-6.62,3.48,92.94,0,62.05,1.04,21.16,1.79,21.52
2022,10,21,2,0,0,0,0,0,0,0,0,-6.06,-8.51,-7.28,3.17,86.75,0,62.03,1.08,23.04,1.88,23.26
2022,10,21,3,0,0,0,0,0,0,0,0,-6.52,-9.24,-7.88,2.99,84.88,0,62.04,1.1,26.2,1.98,26.46
2022,10,21,4,0,0,0,0,0,0,0,0,-7.13,-9.79,-8.46,2.87,85.56,0,62.06,1.1,28.74,2.12,28.83
2022,10,21,5,0,0,0,0,0,0,0,0,-7.73,-10.24,-8.99,2.75,87,0.01,62.1,1.09,30.05,2.24,29.7
2022,10,21,6,0.45,0.44,0.89,47.33,47.9,5.56,0.02,0.12,-6.61,-10.15,-8.38,2.81,80.44,0,62.15,1.42,31.5,2.4,31
2022,10,21,7,1.15,1.15,1.84,126.2,128.98,14.98,0.18,0.88,-3.59,-9.72,-6.66,2.93,64.25,0,62.21,1.75,43.91,2.44,42.93
2022,10,21,8,1.75,1.93,2.68,202.85,224.67,25.99,0.5,2.48,-0.42,-7.94,-4.17,3.36,56.31,0,62.25,1.46,73.8,1.81,73.68
2022,10,21,9,2.11,2.5,3.3,249,292.95,33.12,0.81,4.08,1.78,-7.45,-2.83,3.42,49.31,0,62.26,1.31,146.21,1.6,146.78
2022,10,21,10,2.31,2.84,3.67,273.5,333.73,37.07,1.03,5.27,3.01,-6.61,-1.81,3.66,48.44,0,62.25,1.96,188.49,2.43,188.89
2022,10,21,11,2.4,3.02,3.76,290.15,359.85,40.85,1.19,6.17,3.53,-5.95,-1.2,3.91,49.25,0,62.2,2.54,203.41,3.2,203.62
2022,10,21,12,2.38,2.84,3.56,284.65,337.27,39.2,1.07,5.42,3.7,-5.36,-0.83,4.09,51.06,0.01,62.15,2.91,206.77,3.71,206.67
2022,10,21,13,1.83,2.41,3.09,217.12,285.12,29.7,0.7,3.5,3.54,-4.98,-0.72,4.21,53.31,0.01,62.12,3.14,206.57,4.05,206.47
2022,10,21,14,1.33,1.76,2.38,156.27,206.7,20.48,0.35,1.75,2.8,-4.8,-1,4.27,57.06,0.02,62.1,3.13,205.28,4.07,205.09
2022,10,21,15,0.75,0.97,1.47,84.38,111.25,10.12,0.09,0.45,1.65,-4.57,-1.46,4.39,63.25,0.01,62.11,2.88,203.36,3.82,203.15
2022,10,21,16,0.19,0.19,0.44,18.88,20.05,2.29,0.01,0.02,0.06,-3.7,-1.82,4.7,76.25,0.01,62.14,1.9,197.76,2.7,197.54
2022,10,21,17,0,0,0,0,0,0,0,0,-2.34,-3.56,-2.95,4.76,94.56,0.01,62.16,0.87,188.28,1.69,187.98
2022,10,21,18,0,0,0,0,0,0,0,0,-3.17,-3.67,-3.42,4.76,100,0.01,62.2,0.77,179.42,1.41,179.68
2022,10,21,19,0,0,0,0,0,0,0,0,-3.56,-3.53,-3.54,4.82,100,0.01,62.23,0.68,169.34,1.13,170.02
2022,10,21,20,0,0,0,0,0,0,0,0,-3.83,-3.58,-3.7,4.82,100,0.01,62.26,0.62,164.74,1.02,164.9
2022,10,21,21,0,0,0,0,0,0,0,0,-4.11,-3.85,-3.98,4.7,100,0.01,62.27,0.63,161.34,1.01,161
2022,10,21,22,0,0,0,0,0,0,0,0,-4.49,-4.17,-4.33,4.58,100,0.01,62.27,0.66,156.18,1.04,156.52
2022,10,21,23,0,0,0,0,0,0,0,0,-4.75,-4.43,-4.6,4.52,100,0.01,62.25,0.68,151.97,1.07,151.76
2022,10,22,0,0,0,0,0,0,0,0,0,-4.95,-4.74,-4.85,4.39,100,0.01,62.24,0.65,141.34,1.01,141.27
2022,10,22,1,0,0,0,0,0,0,0,0,-5.11,-4.99,-5.05,4.33,100,0.01,62.21,0.6,122.87,0.93,121.95
2022,10,22,2,0,0,0,0,0,0,0,0,-5.26,-5.27,-5.27,4.21,100,0.01,62.2,0.61,111.94,0.93,111.18
2022,10,22,3,0,0,0,0,0,0,0,0,-5.42,-5.57,-5.49,4.15,100,0.01,62.2,0.61,103.32,0.93,101.59
2022,10,22,4,0,0,0,0,0,0,0,0,-5.55,-5.87,-5.71,4.03,100,0.01,62.22,0.63,92.83,0.97,91.85
2022,10,22,5,0,0,0,0,0,0,0,0,-5.78,-6.24,-6.01,3.91,100,0,62.25,0.66,87.98,1.04,86.99
2022,10,22,6,0.46,0.48,0.87,48.88,52.42,5.62,0.02,0.1,-5.03,-6.13,-5.58,3.97,99,0,62.29,0.74,90.6,1.13,88.41
2022,10,22,7,1.19,1.27,1.82,134.12,145.1,16.23,0.2,0.95,-3.07,-6.82,-4.95,3.72,78.75,0,62.34,1.11,118,1.47,117.79
2022,10,22,8,1.64,2.02,2.66,191.25,235.05,25.16,0.48,2.4,-1.06,-7.7,-4.38,3.36,60.38,0,62.37,1.49,146.31,1.86,145.78
2022,10,22,9,1.93,2.6,3.29,229.77,303.83,31.53,0.79,3.98,0.62,-7.88,-3.63,3.3,51.75,0,62.37,1.97,175.67,2.43,175.94
2022,10,22,10,2.13,2.95,3.65,255.75,345.4,35.92,1.02,5.2,1.76,-7.45,-2.85,3.42,49.44,0,62.34,2.46,192.67,3.07,192.94
2022,10,22,11,2.14,3.06,3.74,259.67,361.17,36.93,1.08,5.58,2.36,-7.02,-2.33,3.54,49.12,0,62.29,2.65,200.73,3.32,200.7
2022,10,22,12,2.11,2.88,3.54,252.7,339.65,35.51,0.98,5,2.55,-6.75,-2.1,3.66,49.5,0,62.23,2.6,203.4,3.27,203.25
2022,10,22,13,1.65,2.44,3.07,197.4,288.08,27.55,0.66,3.33,2.42,-6.73,-2.15,3.66,50.06,0,62.18,2.39,201.7,3,201.36
2022,10,22,14,1.14,1.79,2.36,134.5,210.6,18.09,0.32,1.55,1.98,-6.9,-2.46,3.6,51,0,62.15,2.05,199.61,2.59,199.04
2022,10,22,15,0.7,0.99,1.45,80.23,115.17,9.68,0.09,0.42,1.07,-6.87,-2.9,3.6,54.75,0,62.14,1.57,199.16,2,198.43
2022,10,22,16,0.16,0.19,0.42,15.58,20.73,1.92,0.01,0.02,-0.19,-5.55,-2.87,4.09,67.38,0,62.14,0.95,195.75,1.39,195.37
2022,10,22,17,0,0,0,0,0,0,0,0,-2.08,-5.88,-3.98,3.97,77.25,0,62.16,0.68,188.6,1.12,188.02
2022,10,22,18,0,0,0,0,0,0,0,0,-2.63,-6.56,-4.6,3.78,76.56,0,62.18,0.49,168.87,0.69,168.94
2022,10,22,19,0,0,0,0,0,0,0,0,-3.22,-6.73,-4.98,3.72,79.31,0,62.2,0.37,63.43,0.52,63.05
2022,10,22,20,0,0,0,0,0,0,0,0,-4.53,-7.38,-5.95,3.54,84.19,0,62.23,0.72,25.17,1.13,25.86
2022,10,22,21,0,0,0,0,0,0,0,0,-4.99,-8.3,-6.65,3.3,81.19,0,62.23,0.92,18.28,1.47,19.3
2022,10,22,22,0,0,0,0,0,0,0,0,-5.34,-9.18,-7.26,3.05,77.5,0,62.22,0.99,16.44,1.6,17.64
2022,10,22,23,0,0,0,0,0,0,0,0,-5.66,-9.83,-7.74,2.87,75.25,0,62.2,1.03,14.57,1.67,15.72
2022,10,23,0,0,0,0,0,0,0,0,0,-6.06,-10.36,-8.21,2.75,74.44,0,62.17,1.07,13.12,1.8,14.04
2022,10,23,1,0,0,0,0,0,0,0,0,-6.55,-10.8,-8.67,2.62,74.62,0,62.14,1.12,13.26,1.98,14.15
2022,10,23,2,0,0,0,0,0,0,0,0,-7.05,-11.12,-9.08,2.56,75.81,0,62.11,1.17,13.57,2.15,14.74
2022,10,23,3,0,0,0,0,0,0,0,0,-7.61,-11.22,-9.42,2.56,79.06,0,62.1,1.19,14.49,2.34,16.31
2022,10,23,4,0,0,0,0,0,0,0,0,-8.09,-11.27,-9.67,2.56,82.25,0,62.1,1.21,15.74,2.5,17.47
2022,10,23,5,0,0,0,0,0,0,0,0,-8.44,-11.31,-9.88,2.5,84.62,0,62.13,1.24,15.7,2.59,17.34
2022,10,23,6,0.52,0.52,0.85,56.45,57.3,6.09,0.02,0.12,-7.14,-11.23,-9.18,2.56,76.25,0,62.17,1.69,18.02,2.84,18.09
2022,10,23,7,1.24,1.32,1.81,142.48,153.52,17.18,0.22,1.05,-4.09,-11.71,-7.9,2.38,55.38,0,62.22,2.32,22.59,3.28,21.5
2022,10,23,8,1.96,2.06,2.65,229.48,243.42,30.03,0.6,3,0.62,-10.38,-4.88,2.69,41.75,0,62.26,1.4,32.28,1.84,31.13
2022,10,23,9,2.44,2.64,3.27,290.8,311.7,39.45,1.02,5.08,3.62,-9.21,-2.79,2.93,37.12,0,62.27,0.12,126.87,0.14,130.6
2022,10,23,10,2.78,2.98,3.64,332.25,352.4,45.8,1.33,6.75,5.51,-8.34,-1.42,3.17,35.12,0,62.25,1.47,208.88,1.84,208.09
2022,10,23,11,2.85,3.06,3.72,342.55,364.42,47.52,1.41,7.25,6.22,-7.6,-0.69,3.42,35.69,0,62.21,2.23,211.24,2.82,210.61
2022,10,23,12,2.83,2.88,3.52,338.15,342.2,46.41,1.3,6.6,6.23,-7.09,-0.43,3.54,37.19,0,62.15,2.65,214.3,3.4,213.76
2022,10,23,13,2.2,2.44,3.05,261.73,290.27,35.46,0.85,4.27,5.68,-6.42,-0.37,3.78,40.88,0,62.11,2.85,215.08,3.72,214.56
2022,10,23,14,1.59,1.79,2.34,187.12,212.5,24.14,0.42,2.08,4.65,-5.69,-0.52,4.03,46.81,0,62.1,2.79,212.75,3.67,212.47
2022,10,23,15,0.95,0.99,1.43,108.7,116.25,12.48,0.11,0.55,3.22,-4.7,-0.74,4.33,56.19,0,62.11,2.54,207.04,3.41,206.8
2022,10,23,16,0.2,0.19,0.41,20.02,20.48,2.27,0.01,0.02,0.94,-2.7,-0.88,5.07,77.44,0,62.14,1.36,201.86,2.18,201.04
2022,10,23,17,0,0,0,0,0,0,0,0,-1.7,-3.42,-2.56,4.82,90.69,0,62.16,0.9,196.08,1.69,196.09
2022,10,23,18,0,0,0,0,0,0,0,0,-2.07,-3.2,-2.63,4.94,95.31,0,62.18,0.67,190.12,1.01,190.27
2022,10,23,19,0,0,0,0,0,0,0,0,-2.24,-2.95,-2.6,5,98.44,0,62.2,0.18,142.13,0.23,144.69
2022,10,23,20,0,0,0,0,0,0,0,0,-2.92,-3.07,-2.99,4.94,100,0,62.21,0.38,34.99,0.63,35.87
2022,10,23,21,0,0,0,0,0,0,0,0,-3.5,-3.51,-3.5,4.82,100,0,62.2,0.63,28.16,1.06,30.17
2022,10,23,22,0,0,0,0,0,0,0,0,-3.99,-4.11,-4.06,4.58,100,0,62.18,0.75,28.71,1.26,30.23
2022,10,23,23,0,0,0,0,0,0,0,0,-4.21,-4.8,-4.51,4.33,100,0,62.15,0.8,30.58,1.33,31.54
2022,10,24,0,0,0,0,0,0,0,0,0,-4.49,-5.56,-5.03,4.09,96.75,0,62.11,0.87,30.7,1.48,31.43
2022,10,24,1,0,0,0,0,0,0,0,0,-4.84,-6.45,-5.64,3.78,92.75,0,62.06,0.95,30.56,1.66,30.92
2022,10,24,2,0,0,0,0,0,0,0,0,-5.06,-7.31,-6.18,3.54,87.88,0,62.03,1,27.97,1.78,28.59
2022,10,24,3,0,0,0,0,0,0,0,0,-5.32,-7.91,-6.62,3.36,85.5,0,62.02,1.02,25.78,1.88,26.35
2022,10,24,4,0,0,0,0,0,0,0,0,-5.58,-8.31,-6.95,3.23,84.31,0,62.02,1.01,24.78,1.94,25.84
2022,10,24,5,0,0,0,0,0,0,0,0,-5.63,-8.52,-7.08,3.17,82.94,0,62.05,0.97,23.68,1.92,25.52
2022,10,24,6,0.49,0.48,0.84,54.08,54.9,5.9,0.02,0.12,-4.42,-7.25,-5.84,3.54,83.94,0,62.08,0.94,24.01,1.79,25.67
2022,10,24,7,1.17,1.25,1.79,135.4,147.1,16.39,0.21,1.02,-1.2,-7.32,-4.26,3.54,63.56,0,62.12,1.25,29.61,1.7,28.93
2022,10,24,8,1.87,1.99,2.63,222,237.35,29.02,0.59,2.92,1.55,-5.27,-1.85,4.15,60.44,0,62.12,0.27,58.17,0.33,55.56
2022,10,24,9,2.36,2.58,3.25,285.23,309.23,38.75,1.01,5.08,3.42,-5.65,-1.12,4.03,51,0,62.1,0.6,185.19,0.73,184.92
2022,10,24,10,2.68,2.93,3.62,325.17,351.92,45.32,1.34,6.92,4.53,-5.67,-0.57,3.97,47.06,0,62.06,1,203.96,1.22,203.44
2022,10,24,11,2.97,3.01,3.71,361.58,364.3,50.23,1.51,7.8,5.3,-5.51,-0.1,4.03,45.19,0,62,1.35,217.27,1.66,216.6
2022,10,24,12,2.6,2.84,3.51,316.58,342.77,44,1.25,6.42,5.73,-5.28,0.23,4.15,44.69,0,61.92,1.62,224.61,2.01,224.06
2022,10,24,13,2.32,2.41,3.03,280.35,291.65,37.84,0.91,4.58,5.89,-5.2,0.35,4.15,44.5,0,61.86,1.8,227.81,2.26,227.1
2022,10,24,14,1.52,1.78,2.32,181.62,215,23.63,0.42,2.08,5.7,-5.18,0.26,4.15,45.19,0,61.83,1.97,224.03,2.5,223.1
2022,10,24,15,0.92,1,1.41,107.9,119.5,12.42,0.11,0.55,4.87,-4.74,0.06,4.33,49.88,0,61.82,1.98,213.88,2.64,212.94
2022,10,24,16,0.21,0.2,0.39,21,21.35,2.26,0.01,0.02,2.92,-1.75,0.58,5.49,72.25,0,61.82,1.13,198.56,1.91,198.14
2022,10,24,17,0,0,0,0,0,0,0,0,-0.39,-2.98,-1.68,5.07,84.5,0,61.84,0.98,189.61,1.93,189.31
2022,10,24,18,0,0,0,0,0,0,0,0,-1.31,-3.02,-2.17,5.07,91.94,0,61.86,0.92,188.75,1.59,187.61
2022,10,24,19,0,0,0,0,0,0,0,0,-1.88,-2.67,-2.27,5.25,99.12,0,61.88,0.72,188.75,1.14,187.47
2022,10,24,20,0,0,0,0,0,0,0,0,-1.86,-2.34,-2.1,5.37,100,0,61.9,0.4,175.52,0.63,172.17
2022,10,24,21,0,0,0,0,0,0,0,0,-2.02,-2.24,-2.13,5.37,100,0,61.91,0.23,122.62,0.41,117.55
2022,10,24,22,0,0,0,0,0,0,0,0,-2.1,-2.22,-2.17,5.37,100,0,61.9,0.31,69.27,0.54,68.66
2022,10,24,23,0,0,0,0,0,0,0,0,-2.31,-2.42,-2.37,5.25,100,0,61.87,0.43,49.4,0.76,50.88
2022,10,25,0,0,0,0,0,0,0,0,0,-2.52,-2.7,-2.61,5.13,100,0,61.84,0.57,44.44,0.99,44.68
2022,10,25,1,0,0,0,0,0,0,0,0,-3.24,-3.37,-3.31,4.88,100,0,61.81,0.76,44.17,1.28,43.26
2022,10,25,2,0,0,0,0,0,0,0,0,-3.72,-4.22,-3.97,4.58,100,0,61.78,0.91,40.82,1.51,40.38
2022,10,25,3,0,0,0,0,0,0,0,0,-4.21,-5.25,-4.73,4.27,97.75,0,61.77,0.97,38.8,1.64,38.23
2022,10,25,4,0,0,0,0,0,0,0,0,-4.5,-6.23,-5.36,3.91,92.56,0,61.78,1,41.19,1.7,40.52
2022,10,25,5,0,0,0,0,0,0,0,0,-4.42,-6.79,-5.61,3.72,87.69,0,61.8,1,45.95,1.66,45.19
2022,10,25,6,0.5,0.51,0.82,56.02,57.9,5.93,0.02,0.12,-3.49,-5.56,-4.52,4.21,91,0,61.83,0.83,51.84,1.5,50.5
2022,10,25,7,1.25,1.31,1.78,145.33,155.17,17.55,0.23,1.12,-0.46,-4.76,-2.61,4.46,75.06,0,61.86,0.88,86.96,1.19,86.61
2022,10,25,8,1.96,2.05,2.61,232.42,244.05,30.54,0.63,3.15,1.99,-4.02,-1.02,4.64,65.62,0,61.89,1.56,169.88,1.98,169.09
2022,10,25,9,2.47,2.61,3.24,294.7,311.02,40.2,1.07,5.42,4.06,-3.83,0.12,4.7,56.81,0,61.9,2.68,190.23,3.43,190.23
2022,10,25,10,2.75,2.95,3.6,330.27,350.52,45.69,1.36,7,5.42,-3.79,0.81,4.7,51.62,0,61.89,3.5,196.86,4.52,196.87
2022,10,25,11,2.82,3.03,3.69,339.5,362.6,47.26,1.45,7.48,6.12,-3.81,1.15,4.64,49.06,0,61.86,4.16,199.08,5.42,198.93
2022,10,25,12,2.65,2.85,3.49,316.98,339.55,43.86,1.27,6.55,6.21,-3.95,1.13,4.58,48.12,0,61.81,4.56,200.58,6,200.42
2022,10,25,13,2.35,2.41,3.01,279.45,286.9,37.53,0.92,4.62,5.74,-4.12,0.81,4.52,49,0,61.78,4.63,201.16,6.14,201.04
2022,10,25,14,1.56,1.77,2.3,181.62,209.27,23.66,0.43,2.12,4.79,-4.56,0.12,4.39,50.5,0,61.78,4.36,201.78,5.8,201.66
2022,10,25,15,0.89,0.99,1.4,100.77,113.45,11.81,0.11,0.55,3.37,-5,-0.81,4.21,53.94,0,61.79,3.66,200.1,4.93,199.84
2022,10,25,16,0.2,0.19,0.38,18.55,18.88,2.13,0.01,0.02,1.05,-4.1,-1.52,4.58,69.06,0,61.81,1.99,194.09,2.98,193.34
2022,10,25,17,0,0,0,0,0,0,0,0,-2.24,-4.59,-3.42,4.46,87,0,61.84,1.03,183.04,2.03,182.87
2022,10,25,18,0,0,0,0,0,0,0,0,-2.88,-4.73,-3.81,4.39,91.12,0,61.88,0.89,171.37,1.58,171.47
2022,10,25,19,0,0,0,0,0,0,0,0,-3.2,-4.37,-3.78,4.52,96.12,0,61.92,0.68,154.9,1.13,153.26
2022,10,25,20,0,0,0,0,0,0,0,0,-3.76,-4.41,-4.08,4.52,100,0,61.95,0.52,117.72,0.86,115.4
2022,10,25,21,0,0,0,0,0,0,0,0,-4.42,-4.89,-4.66,4.33,100,0,61.96,0.56,72.84,0.93,72.47
2022,10,25,22,0,0,0,0,0,0,0,0,-5.08,-5.74,-5.41,4.03,100,0,61.95,0.72,43.69,1.2,45.26
2022,10,25,23,0,0,0,0,0,0,0,0,-5.74,-6.85,-6.29,3.72,97.5,0,61.94,0.91,29.87,1.54,31.26
2022,10,26,0,0,0,0,0,0,0,0,0,-6.3,-8.05,-7.17,3.36,92.31,0,61.92,1.06,25.25,1.83,26.89
2022,10,26,1,0,0,0,0,0,0,0,0,-7.16,-9.4,-8.27,2.99,88.81,0,61.89,1.18,23.5,2.16,25.08
2022,10,26,2,0,0,0,0,0,0,0,0,-8.12,-10.43,-9.27,2.75,88.75,0,61.87,1.24,20.73,2.5,22.4
2022,10,26,3,0,0,0,0,0,0,0,0,-8.8,-11.26,-10.02,2.56,88.19,0,61.85,1.27,19.32,2.72,20.67
2022,10,26,4,0,0,0,0,0,0,0,0,-9.27,-11.91,-10.6,2.44,87.56,0,61.86,1.33,19.5,2.89,20.74
2022,10,26,5,0,0,0,0,0,0,0,0,-9.58,-12.38,-10.98,2.38,86.69,0,61.89,1.43,20.12,2.99,20.66
2022,10,26,6,0.46,0.46,0.8,48.5,48.7,5.43,0.02,0.12,-8.35,-12.86,-10.6,2.26,74.25,0,61.94,2.16,21.65,3.61,20.95
2022,10,26,7,1.15,1.23,1.77,127.95,139.55,15.41,0.2,0.98,-5.2,-12.31,-8.76,2.32,58.06,0,62,2.89,23.24,4.14,22.4
2022,10,26,8,1.86,2,2.6,215.67,232.27,28.06,0.57,2.83,-0.17,-11.36,-5.77,2.44,40.44,0,62.05,2.2,23.47,2.86,23.49
2022,10,26,9,2.4,2.58,3.22,282.58,302.92,38.17,0.99,5,3.16,-10.45,-3.65,2.62,34.38,0,62.07,0.75,15.62,0.93,15.09
2022,10,26,10,2.72,2.92,3.59,323.3,343.77,44.61,1.31,6.8,5.13,-9.65,-2.26,2.87,32.12,0,62.06,0.83,231.84,1.03,231.48
2022,10,26,11,2.78,3,3.67,334.73,357.38,46.38,1.4,7.2,6.25,-8.66,-1.2,3.11,32.44,0,62.02,1.98,219.72,2.5,218.91
2022,10,26,12,2.7,2.81,3.47,321.67,333.33,44.07,1.24,6.38,6.84,-7.69,-0.42,3.36,33.81,0,61.96,2.79,213.25,3.61,212.56
2022,10,26,13,2.14,2.35,3,253.33,279.08,33.99,0.82,4.12,6.76,-6.63,0.06,3.72,37.25,0,61.93,3.37,207.81,4.43,207.29
2022,10,26,14,1.51,1.69,2.28,176.85,198.52,22.53,0.4,1.95,6.02,-5.42,0.3,4.09,43.38,0,61.92,3.61,203.74,4.84,203.3
2022,10,26,15,0.85,0.89,1.38,95.17,101.7,10.99,0.1,0.5,4.49,-4.07,0.21,4.58,53.75,0,61.95,3.25,198.96,4.46,198.69
2022,10,26,16,0.16,0.15,0.36,15.02,15.23,1.85,0.01,0.02,1.73,-2.4,-0.34,5.19,74.81,0,61.97,1.73,194.35,2.77,193.68
2022,10,26,17,0,0,0,0,0,0,0,0,-1.85,-2.92,-2.38,5.07,96.06,0,62,1.01,185.31,2.09,185.37
2022,10,26,18,0,0,0,0,0,0,0,0,-2.45,-2.45,-2.45,5.25,100,0,62.04,0.8,171.55,1.46,171.09
2022,10,26,19,0,0,0,0,0,0,0,0,-2.41,-2.08,-2.24,5.37,100,0,62.06,0.53,159.15,0.94,153.86
2022,10,26,20,0,0,0,0,0,0,0,0,-2.43,-2.14,-2.29,5.37,100,0,62.06,0.32,142.85,0.59,136.61
2022,10,26,21,0,0,0,0,0,0,0,0,-2.56,-2.43,-2.49,5.25,100,0,62.05,0.2,90,0.46,90.97
2022,10,26,22,0,0,0,0,0,0,0,0,-3.11,-3.02,-3.06,5,100,0,62.03,0.44,41.38,0.77,47.45
2022,10,26,23,0,0,0,0,0,0,0,0,-3.8,-3.99,-3.89,4.64,100,0,61.99,0.76,28.42,1.29,31.68
2022,10,27,0,0,0,0,0,0,0,0,0,-4.92,-5.22,-5.07,4.21,100,0,61.95,1.06,25.25,1.85,26.57
2022,10,27,1,0,0,0,0,0,0,0,0,-5.99,-6.79,-6.39,3.72,100,0,61.91,1.26,23.39,2.34,24.68
2022,10,27,2,0,0,0,0,0,0,0,0,-6.9,-8.42,-7.66,3.3,95.12,0,61.88,1.32,23.82,2.66,25.21
2022,10,27,3,0,0,0,0,0,0,0,0,-7.66,-9.56,-8.61,2.99,92.31,0,61.86,1.32,24.75,2.86,25.93
2022,10,27,4,0,0,0,0,0,0,0,0,-8.32,-10.37,-9.35,2.81,91.81,0,61.87,1.35,25.08,2.99,26.23
2022,10,27,5,0,0,0,0,0,0,0,0,-8.88,-11.06,-9.97,2.62,91.25,0.02,61.89,1.44,25.73,3.1,26.37
2022,10,27,6,0.43,0.43,0.79,44.48,45.42,5.08,0.02,0.1,-7.88,-11.52,-9.7,2.56,80.56,0.01,61.94,2.16,27.58,3.65,27.11
2022,10,27,7,1.09,1.18,1.75,120.15,132.52,14.4,0.19,0.9,-4.9,-11.2,-8.05,2.56,63.25,0,62,2.88,30.11,4.17,29.31
2022,10,27,8,1.8,1.99,2.58,209.73,231.83,27.27,0.56,2.75,0.11,-10.18,-5.04,2.75,44.75,0,62.04,1.76,44.46,2.3,44.17
2022,10,27,9,2.38,2.58,3.2,279.52,301.55,37.8,0.99,5.05,2.96,-8.65,-2.85,3.17,41.5,0,62.06,0.59,150.72,0.74,151.53
2022,10,27,10,2.69,2.91,3.57,317.55,341.42,43.41,1.27,6.52,5.14,-7.66,-1.26,3.42,38.69,0,62.03,1.86,208.94,2.35,208.61
2022,10,27,11,2.69,2.98,3.65,320.38,351.83,44.19,1.33,6.9,6.53,-6.73,-0.1,3.66,37.81,0,61.97,2.86,211.61,3.69,211.13
2022,10,27,12,2.48,2.78,3.45,292.42,326.6,39.98,1.13,5.83,7.06,-5.48,0.79,4.09,40.31,0,61.91,3.62,208.23,4.76,207.7
2022,10,27,13,2.01,2.33,2.98,234.85,272.38,31.45,0.77,3.85,6.75,-4.06,1.35,4.58,46.19,0,61.88,4.21,205.85,5.63,205.46
2022,10,27,14,1.43,1.67,2.27,165.17,193.35,21.14,0.38,1.85,5.74,-2.91,1.42,5,54.06,0,61.87,4.31,204.19,5.82,203.92
2022,10,27,15,0.81,0.88,1.36,90.17,99.2,10.45,0.09,0.48,4.15,-2.23,0.96,5.25,63.56,0,61.88,3.81,201.67,5.2,201.4
2022,10,27,16,0.15,0.14,0.35,14.27,14.55,1.76,0.01,0.02,1.58,-1.61,-0.01,5.55,80.12,0,61.9,2.27,199.93,3.36,199.03
2022,10,27,17,0,0,0,0,0,0,0,0,-1.65,-1.61,-1.63,5.55,100,0,61.94,0.93,191.69,1.96,188
2022,10,27,18,0,0,0,0,0,0,0,0,-1.74,-1.43,-1.58,5.74,100,0,61.98,0.78,184,1.6,182.53
2022,10,27,19,0,0,0,0,0,0,0,0,-1.67,-1.41,-1.53,5.74,100,0,62.02,0.74,180.6,1.39,178.71
2022,10,27,20,0,0,0,0,0,0,0,0,-1.97,-1.49,-1.73,5.68,100,0,62.03,0.69,178.7,1.37,172.79
2022,10,27,21,0,0,0,0,0,0,0,0,-2.12,-1.7,-1.91,5.62,100,0,62.03,0.67,174.69,1.33,168.82
2022,10,27,22,0,0,0,0,0,0,0,0,-2.7,-2.15,-2.42,5.43,100,0,62.02,0.61,171.14,1.26,162.24
2022,10,27,23,0,0,0,0,0,0,0,0,-2.76,-2.49,-2.63,5.31,100,0,62,0.46,164.05,0.89,154.11
2022,10,28,0,0,0,0,0,0,0,0,0,-3.56,-3.1,-3.33,5.07,100,0,61.98,0.25,133.73,0.61,118.2
2022,10,28,1,0,0,0,0,0,0,0,0,-4.46,-3.94,-4.2,4.7,100,0,61.95,0.41,44.24,0.86,51.26
2022,10,28,2,0,0,0,0,0,0,0,0,-5.2,-4.96,-5.08,4.39,100,0,61.92,0.8,27.32,1.49,31.53
2022,10,28,3,0,0,0,0,0,0,0,0,-6.03,-6.31,-6.17,3.91,100,0,61.9,1.07,24.51,1.99,26.57
2022,10,28,4,0,0,0,0,0,0,0,0,-7.07,-7.71,-7.39,3.54,100,0,61.9,1.25,23.2,2.37,24.29
2022,10,28,5,0,0,0,0,0,0,0,0,-8.01,-9.49,-8.75,3.05,97.25,0,61.92,1.3,21.48,2.67,22.14
2022,10,28,6,0.44,0.45,0.77,47.1,48.27,5.16,0.02,0.1,-7.36,-9.85,-8.6,2.99,91,0,61.96,1.48,21.02,2.85,21.36
2022,10,28,7,1.16,1.25,1.74,130.4,143.12,15.62,0.19,0.92,-4.1,-11.04,-7.57,2.62,60,0,62.01,2.72,22.66,3.88,22.38
2022,10,28,8,1.8,1.99,2.57,209.88,231.62,27.3,0.54,2.65,-0.18,-10.74,-5.46,2.62,43,0,62.05,2.99,24.69,3.92,24.78
2022,10,28,9,2.35,2.55,3.19,275.42,298.7,37.02,0.94,4.7,2.77,-10.45,-3.84,2.62,35.31,0,62.06,2.58,27.81,3.27,27.91
2022,10,28,10,2.62,2.89,3.55,308.33,338.65,42.42,1.21,6.2,4.67,-10.04,-2.68,2.75,32.12,0,62.05,2.05,27.15,2.55,27.35
2022,10,28,11,2.64,2.93,3.64,313.23,344.42,42.99,1.26,6.52,5.71,-9.49,-1.89,2.87,31.38,0,62.02,1.48,16.61,1.79,16.7
2022,10,28,12,2.48,2.75,3.43,292.25,322.23,39.76,1.09,5.55,6.3,-8.99,-1.35,2.99,31.38,0,61.96,1.04,358.28,1.25,358.21
2022,10,28,13,2.06,2.3,2.96,241.83,269.8,32.32,0.76,3.83,6.55,-8.63,-1.05,3.11,31.81,0,61.92,0.67,337.33,0.8,336.95
2022,10,28,14,1.39,1.64,2.25,160.48,191.35,20.61,0.35,1.75,6.33,-8.64,-1.15,3.11,32.19,0,61.89,0.17,291.8,0.21,287.1
2022,10,28,15,0.78,0.85,1.34,86.23,96.52,10.12,0.09,0.42,5.48,-8.33,-1.43,3.17,35.12,0,61.89,0.59,169.29,0.77,170.63
2022,10,28,16,0.14,0.13,0.33,12.98,13.35,1.63,0.01,0.02,2.82,-4.36,-0.77,4.52,59.81,0,61.91,0.64,160.02,1.17,160.96
2022,10,28,17,0,0,0,0,0,0,0,0,0.29,-6.2,-2.95,3.91,61.81,0,61.96,0.73,150.41,1.17,151.39
2022,10,28,18,0,0,0,0,0,0,0,0,-0.11,-6.71,-3.42,3.72,61.44,0,62.01,0.55,123.92,0.78,123.53
2022,10,28,19,0,0,0,0,0,0,0,0,-1.11,-7.13,-4.12,3.6,64.81,0,62.04,0.68,57.58,0.98,58.09
2022,10,28,20,0,0,0,0,0,0,0,0,-2.89,-7.91,-5.4,3.42,70.62,0,62.08,0.96,38.73,1.54,37.98
2022,10,28,21,0,0,0,0,0,0,0,0,-3.89,-9.11,-6.5,3.05,69.19,0,62.09,1.19,33.48,1.95,32.74
2022,10,28,22,0,0,0,0,0,0,0,0,-4.85,-10.2,-7.52,2.75,67.94,0,62.09,1.28,31.26,2.17,30.54
2022,10,28,23,0,0,0,0,0,0,0,0,-5.52,-10.76,-8.14,2.62,68.38,0,62.07,1.31,31.14,2.29,30.06
2022,10,29,0,0,0,0,0,0,0,0,0,-6.11,-11.01,-8.56,2.56,70.31,0,62.05,1.33,31.83,2.4,30.48
2022,10,29,1,0,0,0,0,0,0,0,0,-6.54,-11.11,-8.82,2.56,72.38,0,62.02,1.33,33.5,2.48,32.24
2022,10,29,2,0,0,0,0,0,0,0,0,-6.85,-11.17,-9.01,2.56,73.94,0,61.99,1.32,34.91,2.52,33.74
2022,10,29,3,0,0,0,0,0,0,0,0,-7,-11.21,-9.1,2.56,74.69,0,61.98,1.31,35.78,2.52,34.77
2022,10,29,4,0,0,0,0,0,0,0,0,-7.11,-11.29,-9.2,2.5,75,0,61.98,1.29,35.42,2.53,35.31
2022,10,29,5,0,0,0,0,0,0,0,0,-7.24,-11.44,-9.35,2.5,75.12,0,62.01,1.29,35.62,2.55,35.78
2022,10,29,6,0.35,0.36,0.75,35.17,36.73,4.3,0.02,0.08,-6.18,-10.16,-8.17,2.87,78.75,0,62.05,1.24,35.79,2.4,36.27
2022,10,29,7,1.1,1.15,1.72,119.67,127.67,14.34,0.18,0.88,-2.74,-11.38,-7.06,2.5,51.81,0,62.1,2.05,40.2,2.88,40.04
2022,10,29,8,1.8,1.9,2.55,202.73,215.67,26.03,0.52,2.58,1.05,-9.76,-4.35,2.87,43.81,0,62.13,1.11,81.13,1.48,78.45
2022,10,29,9,2.32,2.51,3.17,266.85,287.73,35.59,0.91,4.58,3.48,-8.36,-2.45,3.23,41.19,0,62.15,0.97,174.02,1.21,174.44
2022,10,29,10,2.72,2.85,3.53,315.17,328.8,42.89,1.23,6.38,5.39,-7.56,-1.09,3.48,38.5,0,62.13,2.34,207.42,2.97,206.9
2022,10,29,11,2.74,2.88,3.62,320.67,335.02,43.37,1.27,6.52,6.26,-6.49,-0.11,3.78,39.38,0,62.08,3.03,205.64,3.92,205.24
2022,10,29,12,2.48,2.68,3.42,287.9,309.48,38.36,1.05,5.48,6.6,-5.52,0.54,4.09,41.56,0,62.03,3.52,203.43,4.59,202.94
2022,10,29,13,2,2.22,2.94,229.2,255.02,29.92,0.7,3.52,6.3,-4.57,0.86,4.39,45.69,0,61.99,3.81,201.52,5.03,201.22
2022,10,29,14,1.4,1.56,2.23,157.5,176.48,19.59,0.34,1.65,5.34,-3.98,0.69,4.58,51.06,0,61.99,3.78,200.57,5.05,200.37
2022,10,29,15,0.73,0.78,1.33,78.1,85.4,9.24,0.08,0.4,3.83,-3.38,0.23,4.82,59.44,0,62.02,3.26,197.3,4.43,197.03
2022,10,29,16,0.12,0.11,0.32,11.05,11.7,1.45,0.01,0.02,1.41,-2.24,-0.41,5.25,77.31,0,62.05,1.75,191.86,2.69,191.41
2022,10,29,17,0,0,0,0,0,0,0,0,-1.52,-2.52,-2.02,5.19,95.69,0,62.08,0.92,182.43,1.82,182.7
2022,10,29,18,0,0,0,0,0,0,0,0,-1.97,-2.25,-2.11,5.31,100,0,62.12,0.76,168.8,1.29,169.51
2022,10,29,19,0,0,0,0,0,0,0,0,-2,-1.99,-1.99,5.43,100,0,62.16,0.47,150.02,0.75,148.63
2022,10,29,20,0,0,0,0,0,0,0,0,-2.16,-2.07,-2.11,5.37,100,0,62.18,0.29,83.83,0.5,80.1
2022,10,29,21,0,0,0,0,0,0,0,0,-2.76,-2.56,-2.67,5.13,100,0,62.18,0.51,32.47,0.92,33.55
2022,10,29,22,0,0,0,0,0,0,0,0,-3.68,-3.55,-3.62,4.76,100,0,62.17,0.84,20.62,1.45,22.55
2022,10,29,23,0,0,0,0,0,0,0,0,-4.55,-4.74,-4.64,4.33,100,0,62.14,1.12,19.06,1.91,19.84
2022,10,30,0,0,0,0,0,0,0,0,0,-5.39,-6.13,-5.76,3.91,100,0,62.1,1.26,20.68,2.27,20.99
2022,10,30,1,0,0,0,0,0,0,0,0,-6.24,-7.59,-6.91,3.48,95.94,0,62.06,1.32,21.55,2.55,21.77
2022,10,30,2,0,0,0,0,0,0,0,0,-7.03,-8.88,-7.95,3.11,92.44,0,62.04,1.31,22.44,2.75,22.34
2022,10,30,3,0,0,0,0,0,0,0,0,-7.66,-9.66,-8.66,2.93,91.62,0,62.03,1.3,22.57,2.89,22.75
2022,10,30,4,0,0,0,0,0,0,0,0,-8.06,-10.27,-9.17,2.81,90,0,62.05,1.34,22.98,2.96,23.12
2022,10,30,5,0,0,0,0,0,0,0,0,-8.33,-10.74,-9.53,2.69,88.38,0,62.09,1.4,24.42,2.99,24.42
2022,10,30,6,0.33,0.35,0.74,34.73,35.92,4.23,0.02,0.08,-7.24,-10.85,-9.04,2.62,79.5,0,62.13,1.86,25.16,3.24,25.39
2022,10,30,7,1,1.08,1.71,109.08,119.05,13.05,0.16,0.77,-3.97,-10.85,-7.41,2.62,59.25,0,62.16,2.59,27.65,3.75,27.58
2022,10,30,8,1.7,1.83,2.54,193.5,209.3,24.53,0.48,2.38,0.75,-9.09,-4.17,2.99,46.38,0,62.19,1.64,50.61,2.13,49.6
2022,10,30,9,2.19,2.42,3.15,253.83,279.88,33.57,0.84,4.25,3.87,-8.06,-2.1,3.23,40.38,0,62.19,1.04,129.53,1.28,130.03
2022,10,30,10,2.55,2.79,3.52,297.3,322.52,40.16,1.14,5.88,5.58,-7.12,-0.77,3.54,38.81,0,62.17,1.68,186.93,2.11,187.23
2022,10,30,11,2.96,2.99,3.6,347.3,348.88,48.2,1.43,7.38,6.55,-6.24,0.15,3.78,39.12,0,62.12,2.47,204.86,3.15,204.47
2022,10,30,12,2.49,2.77,3.4,293.9,324.88,40.66,1.14,5.88,7.06,-5.42,0.82,4.09,40.31,0,62.06,3.05,207.42,3.96,206.87
2022,10,30,13,2.02,2.31,2.93,236.35,272.2,31.7,0.74,3.73,6.98,-4.57,1.2,4.39,43.38,0,62.02,3.42,206.04,4.49,205.45
2022,10,30,14,1.43,1.66,2.21,167.75,194.7,21.41,0.37,1.8,6.22,-3.75,1.23,4.64,48.81,0,62.01,3.5,203.94,4.67,203.48
2022,10,30,15,0.77,0.87,1.31,86.08,99.83,9.93,0.09,0.42,4.74,-2.91,0.92,5,57.81,0,62.03,3.07,199.17,4.19,198.94
2022,10,30,16,0.13,0.13,0.31,12.48,13.33,1.56,0.01,0.02,2.11,-1.63,0.23,5.49,76.94,0,62.06,1.64,191.85,2.59,191.82
2022,10,30,17,0,0,0,0,0,0,0,0,-1.2,-2.25,-1.73,5.31,95.5,0,62.1,0.92,183.91,1.9,183.53
2022,10,30,18,0,0,0,0,0,0,0,0,-1.77,-1.94,-1.85,5.43,100,0,62.14,0.75,168.57,1.34,166.53
2022,10,30,19,0,0,0,0,0,0,0,0,-1.74,-1.65,-1.7,5.55,100,0,62.17,0.48,145.01,0.83,138.81
2022,10,30,20,0,0,0,0,0,0,0,0,-1.95,-1.84,-1.89,5.43,100,0,62.19,0.36,101.31,0.67,96.71
2022,10,30,21,0,0,0,0,0,0,0,0,-2.14,-2.18,-2.16,5.31,100,0,62.19,0.44,61.14,0.81,60.73
2022,10,30,22,0,0,0,0,0,0,0,0,-2.63,-2.82,-2.72,5.07,100,0,62.18,0.66,42.14,1.13,43.6
2022,10,30,23,0,0,0,0,0,0,0,0,-3.46,-3.77,-3.62,4.7,100,0,62.16,0.92,35.99,1.53,36.93
2022,10,31,0,0,0,0,0,0,0,0,0,-4.45,-4.87,-4.66,4.33,100,0,62.14,1.11,34.7,1.86,34.76
2022,10,31,1,0,0,0,0,0,0,0,0,-5.37,-6.13,-5.74,3.91,100,0,62.12,1.22,32.16,2.12,32.05
2022,10,31,2,0,0,0,0,0,0,0,0,-6.25,-7.38,-6.81,3.54,98.5,0,62.1,1.27,32.91,2.36,32.69
2022,10,31,3,0,0,0,0,0,0,0,0,-6.99,-8.6,-7.8,3.23,94.81,0,62.08,1.27,32.91,2.52,32.46
2022,10,31,4,0,0,0,0,0,0,0,0,-7.48,-9.39,-8.43,2.99,92.62,0,62.09,1.24,32.69,2.59,32.21
2022,10,31,5,0,0,0,0,0,0,0,0,-7.62,-9.91,-8.76,2.87,89.75,0,62.11,1.23,33.59,2.57,33.11
2022,10,31,6,0.37,0.39,0.72,39.05,41,4.47,0.02,0.08,-6.22,-9.13,-7.67,3.11,85.94,0,62.16,1.21,35.84,2.31,35.52
2022,10,31,7,1.13,1.16,1.69,125.48,130.35,14.88,0.19,0.9,-2.48,-9.17,-5.82,3.05,61.69,0,62.22,1.87,46.36,2.55,46.49
2022,10,31,8,1.84,1.9,2.52,210.83,219.25,26.89,0.54,2.65,0.59,-7.67,-3.54,3.48,54.5,0,62.26,1.28,97.39,1.65,96.79
2022,10,31,9,2.41,2.49,3.14,280.67,290.2,37.23,0.95,4.8,3.16,-7.13,-1.99,3.54,46.44,0,62.28,1.71,170.8,2.12,170.88
2022,10,31,10,2.77,2.83,3.5,325.23,330.45,43.97,1.27,6.48,5.07,-6.52,-0.73,3.72,42.44,0,62.27,2.73,195.43,3.48,195.35
2022,10,31,11,2.75,2.93,3.58,324.38,344.62,44.53,1.33,6.95,6.08,-5.9,0.09,3.91,41.5,0,62.23,3.33,197.92,4.29,197.71
2022,10,31,12,2.48,2.76,3.38,291.83,322.05,39.98,1.13,5.88,6.52,-5.39,0.56,4.09,41.94,0,62.16,3.75,199.12,4.87,198.9
2022,10,31,13,2.12,2.32,2.91,246.9,269.77,33.03,0.79,3.95,6.31,-4.79,0.76,4.27,44.62,0,62.11,3.84,199.36,5.05,199.16
2022,10,31,14,1.38,1.66,2.2,158.83,191.65,20.42,0.36,1.77,5.61,-4.3,0.65,4.46,48.75,0,62.1,3.56,198.4,4.7,198.19
2022,10,31,15,0.7,0.86,1.29,76.9,96.7,8.96,0.08,0.38,4.36,-3.91,0.23,4.58,54.88,0,62.09,2.94,195.26,3.93,195.09
2022,10,31,16,0.12,0.12,0.3,11.1,12.35,1.41,0.01,0.02,1.64,-2.33,-0.35,5.25,75.88,0,62.1,1.33,190.12,2.21,188.73
2022,10,31,17,0,0,0,0,0,0,0,0,-1.07,-3.69,-2.38,4.76,84.25,0,62.13,0.97,173.51,1.7,174.45
2022,10,31,18,0,0,0,0,0,0,0,0,-1.81,-3.35,-2.58,4.88,92,0,62.17,0.76,156.88,1.23,156.04
2022,10,31,19,0,0,0,0,0,0,0,0,-2.39,-3.18,-2.79,4.88,97.69,0,62.21,0.56,129.29,0.9,126.57
2022,10,31,20,0,0,0,0,0,0,0,0,-3.12,-3.43,-3.27,4.82,100,0,62.24,0.48,89.08,0.81,87.8
2022,10,31,21,0,0,0,0,0,0,0,0,-3.36,-3.84,-3.6,4.7,100,0,62.25,0.57,59.57,0.97,58.88
2022,10,31,22,0,0,0,0,0,0,0,0,-3.73,-4.41,-4.07,4.46,99.69,0,62.25,0.65,44.51,1.14,43.89
2022,10,31,23,0,0,0,0,0,0,0,0,-4.11,-4.9,-4.51,4.33,99.25,0,62.23,0.72,38.85,1.29,39.09
2022,11,1,0,0,0,0,0,0,0,0,0,-4.67,-5.39,-5.02,4.15,100,0,62.21,0.84,40.49,1.5,39.92
2022,11,1,1,0,0,0,0,0,0,0,0,-5.4,-5.97,-5.68,4.03,100,0,62.2,0.95,39.99,1.74,39.34
2022,11,1,2,0,0,0,0,0,0,0,0,-6.13,-6.67,-6.4,3.78,100,0,62.17,1.02,42.21,1.97,41.29
2022,11,1,3,0,0,0,0,0,0,0,0,-6.72,-7.56,-7.14,3.54,100,0,62.16,1.12,42.17,2.12,41.11
2022,11,1,4,0,0,0,0,0,0,0,0,-6.99,-8.6,-7.79,3.23,95.88,0,62.16,1.11,42.44,2.13,41.42
2022,11,1,5,0,0,0,0,0,0,0,0,-6.98,-9.46,-8.22,2.99,88.69,0,62.17,1.09,43.55,2.07,42.4
2022,11,1,6,0.38,0.38,0.7,40.3,41.15,4.49,0.02,0.1,-5.93,-8.74,-7.33,3.23,87.38,0,62.2,0.94,45,1.83,43.44
2022,11,1,7,1.15,1.15,1.68,128.7,131.6,15.05,0.19,0.92,-2.47,-8.68,-5.57,3.23,65.19,0,62.25,1.54,55.34,2.07,55.17
2022,11,1,8,1.82,1.89,2.5,211.6,220.15,26.98,0.55,2.7,0.36,-8.21,-3.93,3.3,52.88,0,62.29,0.92,110.44,1.17,109.89
2022,11,1,9,2.35,2.45,3.12,275.5,286.95,36.62,0.96,4.88,2.92,-7.74,-2.41,3.36,44.88,0,62.29,1.59,198.97,1.96,199.3
2022,11,1,10,2.59,2.77,3.48,306.95,326.4,41.55,1.22,6.3,4.65,-6.77,-1.06,3.66,42.81,0,62.26,2.73,207.96,3.49,207.88
2022,11,1,11,2.6,2.87,3.57,310.8,340.5,42.77,1.3,6.83,5.55,-5.89,-0.17,3.91,43.19,0,62.21,3.42,206.16,4.41,205.93
2022,11,1,12,2.43,2.68,3.36,287.48,317,39.05,1.11,5.7,5.73,-5.26,0.23,4.15,44.94,0,62.14,3.91,205.69,5.1,205.58
2022,11,1,13,1.86,2.24,2.89,218.65,263.35,29.2,0.72,3.62,5.15,-4.99,0.08,4.21,47.75,0,62.1,4.05,205.97,5.34,205.78
2022,11,1,14,1.29,1.58,2.18,148.38,183.62,18.94,0.34,1.67,4.06,-4.98,-0.45,4.21,51.44,0,62.09,3.77,205.66,5,205.44
2022,11,1,15,0.68,0.8,1.28,74.83,89.4,8.78,0.08,0.4,2.74,-4.85,-1.05,4.27,57.19,0,62.08,3.21,203.95,4.32,203.65
2022,11,1,16,0.1,0.11,0.29,9.55,11.05,1.27,0.01,0.02,0.46,-3.47,-1.51,4.82,75.56,0,62.09,1.68,200.71,2.62,199.3
2022,11,1,17,0,0,0,0,0,0,0,0,-1.99,-3.98,-2.99,4.64,88.81,0,62.12,1.01,190.7,1.93,190.26
2022,11,1,18,0,0,0,0,0,0,0,0,-2.71,-3.88,-3.29,4.7,95.75,0,62.15,0.91,180.98,1.63,181.37
2022,11,1,19,0,0,0,0,0,0,0,0,-3.21,-3.4,-3.31,4.88,100,0,62.18,0.81,169.45,1.38,169.26
2022,11,1,20,0,0,0,0,0,0,0,0,-3.5,-3.22,-3.36,4.94,100,0,62.2,0.67,160.3,1.18,157.85
2022,11,1,21,0,0,0,0,0,0,0,0,-3.77,-3.34,-3.55,4.94,100,0,62.2,0.6,150.44,1.03,147.03
2022,11,1,22,0,0,0,0,0,0,0,0,-4.13,-3.64,-3.88,4.82,100,0,62.19,0.53,138.01,0.88,134.64
2022,11,1,23,0,0,0,0,0,0,0,0,-4.53,-4.08,-4.31,4.64,100,0,62.16,0.43,118.44,0.71,115.44
2022,11,2,0,0,0,0,0,0,0,0,0,-4.85,-4.47,-4.66,4.52,100,0,62.12,0.36,90,0.63,87.14
2022,11,2,1,0,0,0,0,0,0,0,0,-5.18,-4.85,-5.02,4.39,100,0,62.08,0.41,58.11,0.75,57.8
2022,11,2,2,0,0,0,0,0,0,0,0,-5.49,-5.34,-5.41,4.21,100,0,62.04,0.58,41.7,1.05,43.79
2022,11,2,3,0,0,0,0,0,0,0,0,-5.92,-6.03,-5.98,3.97,100,0,62.02,0.8,33.85,1.45,36.44
2022,11,2,4,0,0,0,0,0,0,0,0,-6.52,-6.98,-6.75,3.66,100,0,62.01,0.98,32.3,1.85,33.62
2022,11,2,5,0,0,0,0,0,0,0,0,-7.36,-8.22,-7.79,3.36,100,0,62.02,1.12,29.6,2.23,30.52
2022,11,2,6,0.34,0.34,0.69,35.8,36.35,4.19,0.02,0.08,-7.11,-8.68,-7.9,3.23,96.19,0,62.04,1.29,26.25,2.44,26.65
2022,11,2,7,1.07,1.06,1.66,115.65,117.27,13.63,0.16,0.83,-3.94,-9.23,-6.58,3.05,69.44,0,62.07,2.35,27.76,3.34,27.4
2022,11,2,8,1.77,1.89,2.49,205.42,219.42,26.43,0.52,2.58,-0.51,-8.94,-4.73,3.05,52.12,0,62.08,2.18,29.23,2.81,29.27
2022,11,2,9,2.3,2.48,3.1,269.55,290.52,36.21,0.93,4.67,2.18,-9.17,-3.49,2.99,41.5,0,62.07,1.64,24.49,2.02,24.39
2022,11,2,10,2.53,2.83,3.47,300.6,332.55,41.53,1.21,6.25,4.08,-9.36,-2.64,2.93,35.69,0,62.04,1.04,8.62,1.26,8.58
2022,11,2,11,2.62,2.9,3.55,309.92,341.38,42.83,1.27,6.6,5.37,-9.21,-1.92,2.99,33,0,61.97,0.74,315,0.88,314.64
2022,11,2,12,2.63,2.71,3.35,311.17,320.33,42.31,1.17,6,6.19,-8.99,-1.41,3.05,31.69,0,61.89,1.13,261.65,1.37,260.48
2022,11,2,13,2.06,2.28,2.87,242.52,269.33,32.48,0.77,3.85,6.48,-8.97,-1.24,3.05,31.12,0,61.83,1.53,243.3,1.91,242.18
2022,11,2,14,1.41,1.63,2.16,164.73,192.83,20.91,0.36,1.77,6.3,-9.14,-1.42,2.99,31.06,0,61.8,1.73,233.29,2.21,232.32
2022,11,2,15,0.82,0.85,1.26,92.92,98.83,10.47,0.09,0.42,5.26,-8.07,-1.41,3.3,36.62,0,61.79,1.76,216.51,2.45,215.77
2022,11,2,16,0.12,0.12,0.28,11.42,12.17,1.41,0.01,0.02,1.94,-3.77,-0.92,4.76,67,0,61.81,0.88,208.61,1.77,207.02
2022,11,2,17,0,0,0,0,0,0,0,0,-0.63,-5.8,-3.21,4.09,69.94,0,61.86,0.95,209.51,1.75,207.71
2022,11,2,18,0,0,0,0,0,0,0,0,-1.02,-5.84,-3.43,4.15,72.94,0,61.92,0.79,210.38,1.29,209.36
2022,11,2,19,0,0,0,0,0,0,0,0,-1.3,-5.53,-3.42,4.27,77.06,0,61.96,0.46,207,0.7,208.56
2022,11,2,20,0,0,0,0,0,0,0,0,-1.4,-5.55,-3.48,4.27,77.88,0,61.98,0.1,147.53,0.09,160.02
2022,11,2,21,0,0,0,0,0,0,0,0,-1.93,-6.04,-3.99,4.09,78.31,0,61.98,0.46,33.96,0.66,29.91
2022,11,2,22,0,0,0,0,0,0,0,0,-2.84,-6.95,-4.9,3.78,78.12,0,61.97,0.74,22.25,1.14,22.53
2022,11,2,23,0,0,0,0,0,0,0,0,-3.35,-8.07,-5.71,3.42,74,0,61.94,0.95,21.1,1.52,22.08
2022,11,3,0,0,0,0,0,0,0,0,0,-3.73,-9.31,-6.52,3.05,68.31,0,61.92,1.1,20.75,1.8,21.66
2022,11,3,1,0,0,0,0,0,0,0,0,-4.17,-10.3,-7.24,2.81,64.75,0,61.9,1.21,20.43,2.02,21.31
2022,11,3,2,0,0,0,0,0,0,0,0,-4.67,-11.07,-7.88,2.62,62.94,0,61.89,1.28,18.88,2.2,19.72
2022,11,3,3,0,0,0,0,0,0,0,0,-5.27,-11.67,-8.46,2.5,62.75,0,61.9,1.34,17.69,2.38,18.73
2022,11,3,4,0,0,0,0,0,0,0,0,-5.91,-12.05,-8.98,2.38,64.19,0,61.93,1.38,18.13,2.57,19.15
2022,11,3,5,0,0,0,0,0,0,0,0,-6.57,-12.35,-9.46,2.32,66.25,0,61.98,1.41,19.14,2.75,20.08
2022,11,3,6,0.39,0.4,0.67,41.62,42.55,4.47,0.02,0.08,-6.2,-11.24,-8.72,2.62,72.5,0,62.03,1.35,20.01,2.75,21.17
2022,11,3,7,1.1,1.21,1.65,124.52,139.08,14.83,0.18,0.88,-2.59,-11.75,-7.17,2.5,50.12,0,62.09,2.25,23.09,3.33,22.9
2022,11,3,8,1.73,1.95,2.47,202.17,227.35,26.49,0.53,2.6,1.42,-11.62,-5.1,2.44,35.69,0,62.13,2.09,33.1,2.84,32.42
2022,11,3,9,2.24,2.51,3.09,263.05,293.1,35.8,0.92,4.67,4.98,-11.89,-3.45,2.32,26.75,0,62.15,1.45,69.23,1.81,69.3
2022,11,3,10,2.64,2.8,3.45,313.2,329.7,42.62,1.22,6.3,6.53,-11.13,-2.31,2.5,25.75,0,62.14,1.18,140.63,1.44,140.71
2022,11,3,11,2.62,2.84,3.53,310.4,333.48,42.26,1.23,6.38,7.23,-9.95,-1.36,2.81,27.31,0,62.09,1.71,191.36,2.12,191.48
2022,11,3,12,2.63,2.66,3.33,306.55,309.98,41.25,1.13,5.77,7.55,-8.95,-0.7,3.05,29.12,0,62.02,2.3,208.22,2.9,208.08
2022,11,3,13,1.96,2.19,2.86,227.35,254.42,29.97,0.7,3.5,7.42,-8.24,-0.41,3.23,31.25,0,61.96,2.62,212.46,3.37,212.22
2022,11,3,14,1.36,1.53,2.15,155.12,175.45,19.39,0.33,1.62,6.62,-7.63,-0.5,3.42,34.81,0,61.94,2.64,209.37,3.48,208.98
2022,11,3,15,0.72,0.75,1.25,78.02,83.42,9.09,0.08,0.38,5.22,-6.12,-0.45,3.91,43.56,0,61.96,2.3,202.2,3.18,201.96
2022,11,3,16,0.1,0.09,0.27,9.35,9.67,1.23,0.01,0.02,1.87,-2.94,-0.54,5.07,72,0,62,1.05,191.98,2.05,191.44
2022,11,3,17,0,0,0,0,0,0,0,0,-0.63,-4.66,-2.64,4.46,76.62,0,62.04,1.12,180,1.92,180.23
2022,11,3,18,0,0,0,0,0,0,0,0,-1.1,-4,-2.56,4.7,84.06,0,62.09,0.84,167.12,1.31,167.95
2022,11,3,19,0,0,0,0,0,0,0,0,-1.26,-3.38,-2.32,4.88,88.62,0,62.14,0.37,116.57,0.51,119.31
2022,11,3,20,0,0,0,0,0,0,0,0,-2.66,-3.37,-3.02,4.88,98.88,0,62.16,0.53,30.38,0.89,29.93
2022,11,3,21,0,0,0,0,0,0,0,0,-3.48,-3.88,-3.68,4.64,100,0,62.17,0.83,15.87,1.43,17.15
2022,11,3,22,0,0,0,0,0,0,0,0,-4.41,-4.82,-4.61,4.33,100,0,62.17,1.07,13.12,1.9,14.26
2022,11,3,23,0,0,0,0,0,0,0,0,-5.29,-5.92,-5.6,3.97,100,0,62.16,1.22,16,2.32,17.03
2022,11,4,0,0,0,0,0,0,0,0,0,-6.24,-7.16,-6.7,3.6,99.19,0,62.14,1.29,18.76,2.66,19.39
2022,11,4,1,0,0,0,0,0,0,0,0,-6.95,-8.41,-7.67,3.23,95.25,0,62.12,1.35,20.32,2.91,20.92
2022,11,4,2,0,0,0,0,0,0,0,0,-7.35,-9.26,-8.31,3.05,92,0,62.1,1.42,21.22,3.09,21.51
2022,11,4,3,0,0,0,0,0,0,0,0,-7.56,-9.91,-8.74,2.87,88.69,0,62.1,1.48,21.69,3.18,21.78
2022,11,4,4,0,0,0,0,0,0,0,0,-7.7,-10.45,-9.07,2.75,85.62,0,62.1,1.53,22.13,3.25,22.31
2022,11,4,5,0,0,0,0,0,0,0,0,-7.81,-10.88,-9.35,2.62,83.25,0,62.13,1.56,22.71,3.28,22.97
2022,11,4,6,0.36,0.37,0.66,39.48,40.45,4.28,0.02,0.08,-6.81,-10.54,-8.67,2.75,79.25,0,62.16,1.67,23.45,3.19,23.49
2022,11,4,7,1.09,1.17,1.63,124.08,136.15,14.61,0.17,0.88,-3,-11.13,-7.06,2.56,53.62,0,62.21,2.85,25.65,4.17,25.51
2022,11,4,8,1.74,1.9,2.46,203.85,223.27,26.52,0.53,2.6,1.55,-9.95,-4.2,2.81,40.69,0,62.25,2.13,39.64,2.89,38.85
2022,11,4,9,2.26,2.45,3.07,265.33,287.85,35.8,0.91,4.62,5.61,-10.15,-2.27,2.69,29.81,0,62.26,1.42,93.14,1.77,93.29
2022,11,4,10,2.57,2.74,3.43,305.25,323.6,41.34,1.17,6.05,7.27,-9.63,-1.17,2.87,27.88,0,62.25,1.66,153.07,2.06,153.43
2022,11,4,11,2.54,2.66,3.51,300.5,313.67,39.65,1.12,5.83,7.87,-8.63,-0.38,3.11,29.25,0,62.21,2.2,184.48,2.8,184.96
2022,11,4,12,2.3,2.48,3.31,267.7,287.9,35.02,0.95,4.9,8.02,-7.82,0.1,3.36,31,0,62.15,2.68,196.43,3.44,196.75
2022,11,4,13,1.85,2.04,2.84,210.33,233.67,27.2,0.63,3.17,7.71,-7,0.35,3.6,33.94,0,62.11,3.02,200.31,3.92,200.64
2022,11,4,14,1.19,1.39,2.13,132.35,156,16.59,0.28,1.4,6.76,-6.22,0.27,3.85,38.69,0,62.11,3.06,200.8,4.05,201.02
2022,11,4,15,0.59,0.65,1.23,63.4,70.33,7.75,0.06,0.33,5.01,-4.78,0.12,4.27,49,0,62.13,2.59,199.2,3.56,199.23
2022,11,4,16,0.09,0.08,0.26,7.77,8.23,1.05,0.01,0.02,1.62,-2.35,-0.36,5.25,76.12,0,62.16,1.15,194.51,2.11,194.55
2022,11,4,17,0,0,0,0,0,0,0,0,-0.88,-3.57,-2.23,4.76,84.12,0,62.21,0.98,189.16,1.68,189.11
2022,11,4,18,0,0,0,0,0,0,0,0,-1.08,-2.95,-2.01,5,89.5,0,62.26,0.68,176.05,1.02,176.92
2022,11,4,19,0,0,0,0,0,0,0,0,-1.55,-2.58,-2.06,5.13,95.25,0,62.3,0.34,122.97,0.48,128.37
2022,11,4,20,0,0,0,0,0,0,0,0,-2.23,-2.68,-2.45,5.07,100,0,62.33,0.4,64.44,0.55,65.62
2022,11,4,21,0,0,0,0,0,0,0,0,-3.02,-2.94,-2.98,5,100,0,62.34,0.47,49.71,0.73,48.47
2022,11,4,22,0,0,0,0,0,0,0,0,-3.7,-3.31,-3.51,4.82,100,0,62.33,0.6,42.37,1,40.89
2022,11,4,23,0,0,0,0,0,0,0,0,-4.1,-3.91,-4.01,4.64,100,0,62.3,0.79,40.97,1.31,39.67
2022,11,5,0,0,0,0,0,0,0,0,0,-4.52,-4.64,-4.58,4.39,100,0,62.26,0.87,42.1,1.48,40.5
2022,11,5,1,0,0,0,0,0,0,0,0,-4.85,-5.37,-5.11,4.15,100,0,62.24,0.92,39.81,1.56,38.3
2022,11,5,2,0,0,0,0,0,0,0,0,-5.32,-6.14,-5.73,3.91,99.44,0,62.22,0.97,37.79,1.69,36.55
2022,11,5,3,0,0,0,0,0,0,0,0,-5.79,-6.98,-6.38,3.66,96.69,0,62.21,1,37.05,1.82,35.94
2022,11,5,4,0,0,0,0,0,0,0,0,-6.19,-7.88,-7.03,3.36,92.81,0,62.22,1.03,36.7,1.94,35.48
2022,11,5,5,0,0,0,0,0,0,0,0,-6.44,-8.64,-7.54,3.17,88.69,0,62.25,1.07,38.46,2.04,37.22
2022,11,5,6,0.28,0.28,0.64,29.67,30.25,3.61,0.02,0.08,-5.75,-8.03,-6.89,3.36,88.75,0,62.28,1.01,39.98,1.95,38.66
2022,11,5,7,1.02,1.01,1.61,112.05,114.1,13.16,0.16,0.77,-2.35,-8.28,-5.32,3.23,64.62,0,62.32,1.59,46.59,2.15,46.62
2022,11,5,8,1.61,1.63,2.44,179.65,185.27,22.12,0.43,2.12,0.73,-7.95,-3.61,3.3,51.25,0,62.35,1.07,109.63,1.35,109.27
2022,11,5,9,2.09,2.16,3.05,238.75,247.65,30.3,0.76,3.8,3.24,-7.5,-2.13,3.42,44.31,0,62.36,1.83,184.89,2.29,184.7
2022,11,5,10,2.38,2.46,3.41,274.67,282.2,35.34,0.98,5.1,4.73,-6.67,-0.97,3.66,42.81,0,62.34,2.84,196.44,3.62,196.28
2022,11,5,11,2.49,2.68,3.5,295.65,316.25,39.7,1.16,6.1,5.51,-5.81,-0.16,3.91,43.44,0,62.3,3.55,199.67,4.59,199.48
2022,11,5,12,2.21,2.48,3.3,259.15,288.92,34.41,0.95,4.95,5.62,-5.03,0.3,4.21,46,0,62.24,4.04,200.96,5.27,200.74
2022,11,5,13,1.75,2.01,2.83,200.88,232.6,25.78,0.6,3.02,4.89,-4.41,0.24,4.39,50.88,0,62.21,4.1,202.27,5.4,202.08
2022,11,5,14,1.12,1.35,2.12,126.62,152.75,15.7,0.27,1.35,3.54,-3.97,-0.21,4.58,57.94,0,62.21,3.79,203.34,5.02,203.18
2022,11,5,15,0.59,0.63,1.22,62.35,68.05,7.55,0.06,0.33,2.03,-3.53,-0.75,4.76,66.81,0,62.21,3.21,204.88,4.32,204.67
2022,11,5,16,0.08,0.07,0.25,7.35,7.9,0.98,0.01,0.02,-0.07,-2.59,-1.33,5.13,84.06,0,62.22,1.73,205.64,2.62,203.89
2022,11,5,17,0,0,0,0,0,0,0,0,-2.17,-2.77,-2.47,5.07,99.06,0,62.25,1,196.74,1.85,194.21
2022,11,5,18,0,0,0,0,0,0,0,0,-2.75,-2.51,-2.63,5.19,100,0,62.28,0.84,190.78,1.48,189.11
2022,11,5,19,0,0,0,0,0,0,0,0,-2.81,-2.52,-2.67,5.19,100,0,62.29,0.64,187.73,1.17,182.29
2022,11,5,20,0,0,0,0,0,0,0,0,-3.13,-2.8,-2.96,5.13,100,0,62.3,0.49,176.31,0.93,166.9
2022,11,5,21,0,0,0,0,0,0,0,0,-3.4,-3.11,-3.25,5,100,0,62.3,0.39,162.3,0.78,149.33
2022,11,5,22,0,0,0,0,0,0,0,0,-3.88,-3.47,-3.67,4.82,100,0,62.28,0.38,134.17,0.7,127.76
2022,11,5,23,0,0,0,0,0,0,0,0,-4.13,-3.68,-3.91,4.76,100,0,62.26,0.38,117.1,0.66,113.55
2022,11,6,0,0,0,0,0,0,0,0,0,-4.36,-3.92,-4.14,4.7,100,0,62.24,0.36,101.31,0.63,98.53
2022,11,6,1,0,0,0,0,0,0,0,0,-4.57,-4.19,-4.38,4.58,100,0,62.22,0.36,85.03,0.65,83.13
2022,11,6,2,0,0,0,0,0,0,0,0,-4.74,-4.44,-4.59,4.52,100,0,62.21,0.4,70.5,0.73,68.65
2022,11,6,3,0,0,0,0,0,0,0,0,-4.95,-4.7,-4.82,4.39,100,0,62.21,0.45,54.93,0.84,54.83
2022,11,6,4,0,0,0,0,0,0,0,0,-5.32,-5.15,-5.24,4.27,100,0,62.2,0.6,45,1.15,47.75
2022,11,6,5,0,0,0,0,0,0,0,0,-5.76,-5.88,-5.82,4.03,100,0,62.21,0.74,43.29,1.46,45.87
2022,11,6,6,0.24,0.24,0.62,25.23,26.35,3.21,0.02,0.05,-5.31,-6.28,-5.8,3.91,99.62,0,62.22,0.78,40.1,1.49,42.88
2022,11,6,7,0.94,0.94,1.6,102.08,104.58,12.09,0.14,0.7,-2.49,-6.2,-4.35,3.91,79,0,62.25,1.14,56.42,1.51,56.39
2022,11,6,8,1.52,1.63,2.42,172.33,186.95,21.55,0.41,2.05,0.08,-6.27,-3.1,3.91,63.5,0,62.27,0.39,145.67,0.47,144.46
2022,11,6,9,2.07,2.19,3.04,238.58,252.9,30.82,0.77,3.88,2.18,-6.69,-2.26,3.72,52.25,0,62.27,1.52,213.44,1.88,213.29
2022,11,6,10,2.33,2.52,3.4,272.23,292.67,35.66,0.99,5.1,3.61,-6.52,-1.45,3.78,47.5,0,62.23,2.35,213.32,2.96,212.94
2022,11,6,11,2.58,2.77,3.48,310.65,331.27,42.38,1.24,6.42,4.66,-6.22,-0.78,3.85,45.06,0,62.16,2.91,214.93,3.71,214.26
2022,11,6,12,2.42,2.59,3.28,288.9,308.98,39.02,1.07,5.45,5.1,-5.95,-0.42,3.91,44.62,0,62.1,3.32,216.87,4.29,216.12
2022,11,6,13,2,2.16,2.81,237.12,257.12,31.23,0.73,3.65,4.98,-5.68,-0.35,4.03,45.94,0,62.06,3.65,216.72,4.79,216.05
2022,11,6,14,1.37,1.52,2.1,160.85,179.88,20.09,0.34,1.67,4.34,-5.35,-0.51,4.15,49.38,0,62.06,3.6,214.03,4.79,213.43
2022,11,6,15,0.69,0.75,1.2,77.17,86.7,8.86,0.07,0.35,3.01,-4.77,-0.88,4.33,56.81,0,62.06,3.09,207.6,4.19,207.04
2022,11,6,16,0.09,0.09,0.24,8.23,9.15,1.08,0.01,0.02,0.6,-3.31,-1.35,4.88,76.06,0,62.08,1.64,200.59,2.58,199.26
2022,11,6,17,0,0,0,0,0,0,0,0,-2.19,-3.35,-2.77,4.88,95.38,0,62.11,0.92,186.82,1.81,185.46
2022,11,6,18,0,0,0,0,0,0,0,0,-2.66,-2.84,-2.75,5.07,100,0,62.15,0.69,170.22,1.19,168.25
2022,11,6,19,0,0,0,0,0,0,0,0,-2.81,-2.57,-2.69,5.19,100,0,62.18,0.45,149.89,0.81,144.46
2022,11,6,20,0,0,0,0,0,0,0,0,-3.02,-2.74,-2.88,5.13,100,0,62.21,0.33,124.44,0.6,119.56
2022,11,6,21,0,0,0,0,0,0,0,0,-3.25,-2.99,-3.12,5,100,0,62.22,0.27,95.04,0.5,90.9
2022,11,6,22,0,0,0,0,0,0,0,0,-3.71,-3.4,-3.56,4.82,100,0,62.2,0.35,51.34,0.7,52.24
2022,11,6,23,0,0,0,0,0,0,0,0,-4.05,-3.85,-3.95,4.7,100,0,62.16,0.51,38.11,1,41.19
2022,11,7,0,0,0,0,0,0,0,0,0,-4.31,-4.46,-4.38,4.46,100,0,62.14,0.63,35.87,1.18,38.84
2022,11,7,1,0,0,0,0,0,0,0,0,-4.67,-5.18,-4.93,4.21,100,0,62.12,0.75,35.68,1.33,37.14
2022,11,7,2,0,0,0,0,0,0,0,0,-4.96,-5.85,-5.41,3.97,98.31,0,62.11,0.83,40.01,1.48,41.16
2022,11,7,3,0,0,0,0,0,0,0,0,-5.24,-6.35,-5.8,3.85,96.94,0,62.1,0.9,46.76,1.66,47.67
2022,11,7,4,0,0,0,0,0,0,0,0,-5.46,-6.6,-6.03,3.78,97.31,0,62.11,0.96,50.97,1.77,51.26
2022,11,7,5,0,0,0,0,0,0,0,0,-5.59,-7.39,-6.49,3.54,92.38,0,62.13,0.94,52.75,1.72,51.83
2022,11,7,6,0.22,0.3,0.61,24.95,32.7,3.27,0.02,0.05,-4.96,-7.52,-6.24,3.54,87.25,0,62.17,0.85,57.33,1.64,55.7
2022,11,7,7,0.83,1.07,1.58,95.52,123.98,12.32,0.15,0.73,-2.1,-7.2,-4.65,3.6,70.56,0,62.21,1.34,67.02,1.88,66.52
2022,11,7,8,1.41,1.79,2.41,166.75,211.3,22.29,0.45,2.2,0.02,-7.33,-3.66,3.54,57.94,0,62.25,1.1,113.09,1.41,112.16
2022,11,7,9,1.89,2.34,3.02,225.55,277.4,30.76,0.78,4.08,1.83,-7.4,-2.78,3.48,50,0,62.26,1.65,178.1,2.07,177.84
2022,11,7,10,2.17,2.65,3.38,260.88,314.6,36.07,1.02,5.48,3.12,-7.31,-2.1,3.48,45.62,0,62.24,2.52,194.34,3.23,194
2022,11,7,11,2.11,2.53,3.46,250.25,297.55,33.21,0.93,4.88,3.85,-7,-1.58,3.6,44.44,0,62.18,3.21,199.18,4.14,198.81
2022,11,7,12,2.04,2.33,3.26,238.4,272.42,30.99,0.8,4.1,4.05,-6.81,-1.38,3.66,44.56,0,62.12,3.65,200.91,4.76,200.67
2022,11,7,13,1.62,1.9,2.79,188.67,221.15,24.03,0.54,2.7,3.73,-6.7,-1.49,3.66,46,0,62.07,3.74,201.96,4.9,201.78
2022,11,7,14,1.23,1.32,2.09,138.88,150.45,16.91,0.27,1.35,2.88,-6.77,-1.95,3.66,48.62,0,62.06,3.42,201.87,4.52,201.6
2022,11,7,15,0.55,0.61,1.19,60.17,67.73,7.31,0.05,0.27,1.78,-6.66,-2.44,3.72,53.25,0,62.05,2.72,198.96,3.67,198.47
2022,11,7,16,0.08,0.07,0.23,7.15,7.45,0.96,0.01,0.02,-0.35,-4.58,-2.47,4.46,74.88,0,62.05,1.38,195.77,2.23,191.11
2022,11,7,17,0,0,0,0,0,0,0,0,-2.17,-5.43,-3.81,4.15,80.75,0,62.07,1.06,175.34,1.82,173.33
2022,11,7,18,0,0,0,0,0,0,0,0,-2.89,-5.41,-4.15,4.15,86.31,0,62.09,0.89,162.04,1.5,162.41
2022,11,7,19,0,0,0,0,0,0,0,0,-3.48,-5.07,-4.27,4.27,93.31,0,62.11,0.77,152.92,1.25,153.75
2022,11,7,20,0,0,0,0,0,0,0,0,-3.99,-4.74,-4.36,4.39,100,0,62.12,0.72,148.39,1.15,148.9
2022,11,7,21,0,0,0,0,0,0,0,0,-4.3,-4.37,-4.34,4.52,100,0,62.13,0.65,141.34,1.04,140.47
2022,11,7,22,0,0,0,0,0,0,0,0,-4.6,-4.29,-4.45,4.58,100,0,62.12,0.59,131.76,0.93,129.56
2022,11,7,23,0,0,0,0,0,0,0,0,-4.67,-4.27,-4.47,4.58,100,0,62.1,0.54,126.21,0.9,123.69
2022,11,8,0,0,0,0,0,0,0,0,0,-4.88,-4.38,-4.63,4.52,100,0,62.08,0.53,118.81,0.91,115.91
2022,11,8,1,0,0,0,0,0,0,0,0,-5.1,-4.58,-4.84,4.46,100,0,62.06,0.54,110.27,0.94,107.98
2022,11,8,2,0,0,0,0,0,0,0,0,-5.47,-4.87,-5.17,4.33,100,0,62.04,0.56,94.76,1.02,91.76
2022,11,8,3,0,0,0,0,0,0,0,0,-5.83,-5.23,-5.53,4.27,100,0,62.03,0.6,79.43,1.12,76.64
2022,11,8,4,0,0,0,0,0,0,0,0,-6.28,-5.77,-6.03,4.09,100,0,62.05,0.69,66.63,1.3,64.36
2022,11,8,5,0,0,0,0,0,0,0,0,-6.76,-6.58,-6.67,3.78,100,0,62.08,0.81,58.47,1.49,56.14
2022,11,8,6,0.21,0.21,0.59,21.7,22.38,2.8,0.01,0.05,-6.49,-7.13,-6.81,3.66,100,0,62.13,0.82,52.36,1.56,50.08
2022,11,8,7,0.86,0.85,1.57,91.17,92.98,10.83,0.11,0.55,-3.49,-7.74,-5.61,3.42,75.25,0,62.19,1.45,59.14,1.91,58.52
2022,11,8,8,1.54,1.54,2.39,171.1,174.05,20.84,0.37,1.8,-0.52,-9.89,-5.2,2.81,48.31,0,62.24,0.99,132.76,1.23,132.42
2022,11,8,9,1.91,2.06,3,219.58,237.33,27.94,0.65,3.27,1.94,-11.05,-4.56,2.5,35.88,0,62.25,2.24,189.63,2.81,189.59
2022,11,8,10,2.15,2.39,3.36,249.4,276.6,32.32,0.84,4.35,3.15,-10.27,-3.56,2.69,35.12,0,62.23,2.98,193.49,3.81,193.41
2022,11,8,11,2.27,2.54,3.45,266.77,295.73,35.31,0.96,5.02,3.8,-9.52,-2.86,2.87,35.75,0,62.17,3.47,194.47,4.45,194.33
2022,11,8,12,2.1,2.32,3.25,242.92,268.08,31.7,0.81,4.2,3.95,-8.86,-2.45,3.05,37.44,0,62.1,3.76,194.33,4.84,194.19
2022,11,8,13,1.54,1.89,2.78,177.67,217.58,23.2,0.51,2.55,3.62,-8.27,-2.33,3.23,40.25,0,62.05,3.84,193.3,4.98,193.25
2022,11,8,14,1.11,1.27,2.07,123.05,141.58,15.48,0.24,1.2,2.7,-7.85,-2.57,3.3,44.56,0,62.02,3.66,191.57,4.79,191.57
2022,11,8,15,0.5,0.56,1.18,53.8,59.35,6.78,0.05,0.25,1.16,-7.29,-3.06,3.48,52.25,0,62.02,3.15,189.56,4.21,189.39
2022,11,8,16,0.07,0.06,0.22,5.65,6.23,0.76,0,0.02,-1.35,-5.41,-3.38,4.15,75.06,0,62.03,1.72,188.35,2.69,187.17
2022,11,8,17,0,0,0,0,0,0,0,0,-2.92,-5.62,-4.27,4.03,84,0,62.08,1.31,181.71,2.17,180.41
2022,11,8,18,0,0,0,0,0,0,0,0,-3.13,-5.4,-4.27,4.15,87.38,0,62.13,1.07,168.2,1.79,166.09
2022,11,8,19,0,0,0,0,0,0,0,0,-3.65,-5.57,-4.61,4.09,90.19,0,62.15,0.88,150.26,1.49,148.47
2022,11,8,20,0,0,0,0,0,0,0,0,-4.2,-5.78,-4.99,4.03,93,0,62.16,0.76,132.91,1.23,131.15
2022,11,8,21,0,0,0,0,0,0,0,0,-4.65,-5.96,-5.31,3.97,95.62,0,62.17,0.67,118.35,1.08,115.82
2022,11,8,22,0,0,0,0,0,0,0,0,-4.81,-6.17,-5.49,3.91,95.44,0,62.15,0.6,108.2,0.97,104.04
2022,11,8,23,0,0,0,0,0,0,0,0,-4.86,-6.33,-5.6,3.85,94.75,0,62.12,0.53,102.8,0.88,96.62
2022,11,9,0,0,0,0,0,0,0,0,0,-4.93,-6.41,-5.67,3.85,94.75,0,62.1,0.48,95.62,0.83,87.3
2022,11,9,1,0,0,0,0,0,0,0,0,-5.09,-6.46,-5.77,3.85,95.62,0,62.07,0.45,89.01,0.79,81.47
2022,11,9,2,0,0,0,0,0,0,0,0,-5.15,-6.46,-5.81,3.85,96.19,0,62.04,0.43,83.77,0.76,76.96
2022,11,9,3,0,0,0,0,0,0,0,0,-5.12,-6.42,-5.77,3.85,96.12,0,62.03,0.44,81.87,0.78,75.55
2022,11,9,4,0,0,0,0,0,0,0,0,-5.12,-6.38,-5.75,3.85,96.38,0,62.02,0.47,81.33,0.79,76.92
2022,11,9,5,0,0,0,0,0,0,0,0,-5.23,-6.31,-5.77,3.85,97.69,0,62.04,0.45,87.99,0.73,85.08
2022,11,9,6,0.22,0.23,0.58,23.88,24.6,3.03,0.01,0.05,-4.99,-5.99,-5.49,3.97,98.44,0,62.07,0.39,105.15,0.64,99.81
2022,11,9,7,0.89,0.91,1.55,97.4,101.98,11.6,0.12,0.6,-3.26,-5.87,-4.56,4.03,85.62,0,62.11,0.84,151.52,1.08,152.88
2022,11,9,8,1.44,1.58,2.37,165,182.58,20.72,0.38,1.83,-1.45,-6.06,-3.75,3.91,71.69,0,62.13,1.82,183.21,2.29,183.32
2022,11,9,9,1.88,2.13,2.99,218.65,247.33,28.25,0.66,3.3,0.04,-5.94,-2.95,3.91,63.69,0,62.14,2.57,191.21,3.26,191.07
2022,11,9,10,2.1,2.45,3.35,244.98,285.7,32.15,0.84,4.25,1.23,-5.68,-2.23,3.97,59.5,0,62.11,3.31,196.73,4.22,196.56
2022,11,9,11,2.33,2.61,3.43,278.42,307.75,37.41,1.02,5.27,1.59,-5.46,-1.94,4.09,59,0,62.05,3.82,199.1,4.91,198.92
2022,11,9,12,1.79,2.38,3.23,213.08,278.2,28.75,0.75,3.9,1.56,-5.15,-1.8,4.15,60.69,0,61.99,4.02,199.07,5.22,198.87
2022,11,9,13,1.18,1.91,2.76,139.33,218.4,18.94,0.42,2.12,1.36,-4.92,-1.78,4.27,62.75,0,61.95,4.12,198.92,5.38,198.72
2022,11,9,14,0.89,1.26,2.06,100.4,139.95,12.91,0.21,1.02,0.56,-4.84,-2.14,4.27,66.94,0,61.94,4.02,198.22,5.31,198.09
2022,11,9,15,0.36,0.54,1.16,39.3,57.5,5.07,0.04,0.17,-0.76,-4.59,-2.67,4.39,75.75,0,61.95,3.67,196.85,4.91,196.73
2022,11,9,16,0.06,0.06,0.21,5.33,6.05,0.73,0,0.02,-2.23,-3.97,-3.1,4.58,90.06,0,61.97,2.73,195.59,3.79,195.3
2022,11,9,17,0,0,0,0,0,0,0,0,-3.1,-3.7,-3.4,4.7,99.19,0,62,1.75,195.03,2.55,194.21
2022,11,9,18,0,0,0,0,0,0,0,0,-3.56,-3.76,-3.66,4.7,100,0,62.03,1.42,196.64,2.3,195.17
2022,11,9,19,0,0,0,0,0,0,0,0,-3.81,-3.81,-3.81,4.7,100,0,62.04,1.36,197.71,2.31,195.87
2022,11,9,20,0,0,0,0,0,0,0,0,-4.05,-3.88,-3.97,4.64,100,0,62.05,1.43,199.53,2.43,197.79
2022,11,9,21,0,0,0,0,0,0,0,0,-4.41,-4.24,-4.33,4.52,100,0,62.05,1.5,202.3,2.51,200.97
2022,11,9,22,0,0,0,0,0,0,0,0,-4.91,-4.7,-4.8,4.39,100,0,62.03,1.3,200.72,2.27,198.43
2022,11,9,23,0,0,0,0,0,0,0,0,-5.7,-5.31,-5.51,4.15,100,0,62,1.16,194.78,2.06,192.03
2022,11,10,0,0,0,0,0,0,0,0,0,-6.13,-5.75,-5.94,4.03,100,0,61.97,1,187.18,1.75,184.87
2022,11,10,1,0,0,0,0,0,0,0,0,-6.4,-6.08,-6.24,3.91,100,0,61.94,0.88,180,1.52,177.93
2022,11,10,2,0,0,0,0,0,0,0,0,-6.63,-6.34,-6.49,3.85,100,0,61.92,0.74,170.93,1.28,168.35
2022,11,10,3,0,0,0,0,0,0,0,0,-6.85,-6.56,-6.7,3.78,100,0,61.9,0.64,162.23,1.1,158.73
2022,11,10,4,0,0,0,0,0,0,0,0,-7.01,-6.78,-6.89,3.72,100,0,61.9,0.61,160.64,1.03,156.74
2022,11,10,5,0,0,0,0,0,0,0,0,-7.1,-6.92,-7.01,3.66,100,0,61.92,0.56,158.05,0.94,154.29
2022,11,10,6,0.11,0.17,0.56,11.8,17.6,1.56,0.01,0.02,-6.67,-6.95,-6.81,3.66,100,0,61.96,0.63,150.88,0.95,149.85
2022,11,10,7,0.57,0.74,1.54,60.85,77.67,7.6,0.08,0.38,-4.62,-7.17,-5.89,3.6,86.75,0,62.01,1.16,168.69,1.5,170.1
2022,11,10,8,1.15,1.48,2.36,128.55,164.62,16.45,0.28,1.4,-2.74,-7.91,-5.32,3.36,68.94,0,62.05,1.92,191.72,2.42,191.53
2022,11,10,9,1.54,2.12,2.97,181.88,244.75,24.32,0.55,2.8,-1.32,-8.49,-4.91,3.17,58.06,0,62.05,2.62,197.89,3.32,197.54
2022,11,10,10,2.01,2.51,3.33,238.33,294.67,32.46,0.84,4.3,-0.24,-8.67,-4.45,3.11,52.06,0,62.03,3.28,200.64,4.17,200.27
2022,11,10,11,1.84,2.53,3.41,220.1,297.15,29.77,0.79,4.1,0.22,-8.46,-4.12,3.17,50.81,0,61.98,3.78,201.96,4.86,201.7
2022,11,10,12,1.64,2.38,3.21,194.6,278.25,26.43,0.66,3.42,0,-7.9,-3.95,3.36,54.12,0,61.91,4.08,201.9,5.3,201.61
2022,11,10,13,1.32,1.97,2.75,154.88,229.77,20.63,0.43,2.15,-0.52,-7.49,-4.01,3.42,58.44,0,61.87,4.2,201.37,5.51,201.11
2022,11,10,14,0.88,1.37,2.04,102.77,157.6,13.34,0.2,1,-1.35,-7.38,-4.36,3.48,63.19,0,61.84,4.03,201.24,5.34,200.9
2022,11,10,15,0.45,0.65,1.15,49.55,72.95,6.12,0.04,0.2,-2.32,-7.24,-4.77,3.54,69.44,0,61.83,3.52,199.72,4.72,199.25
2022,11,10,16,0.07,0.07,0.21,6.2,7.17,0.84,0,0.02,-3.97,-6.66,-5.31,3.72,84.19,0,61.84,2.13,198.57,3.07,196.69
2022,11,10,17,0,0,0,0,0,0,0,0,-5.63,-6.43,-6.03,3.78,99.38,0,61.87,1.18,197.35,2.06,190.29
2022,11,10,18,0,0,0,0,0,0,0,0,-6.13,-6.2,-6.17,3.91,100,0,61.91,0.96,188.92,1.72,181.3
2022,11,10,19,0,0,0,0,0,0,0,0,-6.49,-6.17,-6.33,3.91,100,0,61.93,0.84,180,1.56,172.52
2022,11,10,20,0,0,0,0,0,0,0,0,-6.74,-6.3,-6.52,3.85,100,0,61.93,0.78,174.23,1.46,167.01
2022,11,10,21,0,0,0,0,0,0,0,0,-6.95,-6.47,-6.71,3.85,100,0,61.92,0.76,172.37,1.41,164.88
2022,11,10,22,0,0,0,0,0,0,0,0,-7.18,-6.81,-6.99,3.72,100,0,61.9,0.73,170.74,1.32,164.15
2022,11,10,23,0,0,0,0,0,0,0,0,-7.27,-7.09,-7.18,3.66,100,0,61.87,0.67,167.25,1.19,160.5
2022,11,11,0,0,0,0,0,0,0,0,0,-7.46,-7.41,-7.43,3.54,100,0,61.85,0.61,164.36,1.05,156.86
2022,11,11,1,0,0,0,0,0,0,0,0,-7.69,-7.74,-7.71,3.48,100,0,61.82,0.53,161.03,0.88,152.53
2022,11,11,2,0,0,0,0,0,0,0,0,-7.84,-8.05,-7.95,3.42,100,0,61.79,0.39,144.06,0.67,133.12
2022,11,11,3,0,0,0,0,0,0,0,0,-8.06,-8.35,-8.2,3.3,100,0,61.77,0.33,109.29,0.65,101.17
2022,11,11,4,0,0,0,0,0,0,0,0,-8.19,-8.71,-8.45,3.23,100,0,61.76,0.36,80.13,0.75,76.83
2022,11,11,5,0,0,0,0,0,0,0,0,-8.19,-9.21,-8.7,3.05,100,0,61.78,0.46,63,0.92,64.95
2022,11,11,6,0.26,0.26,0.55,26.7,27.3,3.14,0.01,0.05,-7.72,-9.49,-8.6,2.99,94.19,0,61.83,0.71,59.79,1.17,60.35
2022,11,11,7,0.88,1.02,1.52,98.15,115.88,11.77,0.11,0.55,-5.74,-10.27,-8.01,2.81,73.88,0,61.87,0.9,65.89,1.15,65.52
2022,11,11,8,1.46,1.76,2.34,168.38,203.15,21.7,0.37,1.8,-3.34,-11.37,-7.35,2.5,54.25,0,61.91,0.23,166.43,0.28,168.69
2022,11,11,9,2.03,2.33,2.95,234.95,269.92,31.33,0.7,3.45,-1.18,-11.95,-6.56,2.38,42.5,0,61.91,1.47,220.27,1.82,219.96
2022,11,11,10,2.25,2.66,3.31,260.75,309.48,35.39,0.9,4.5,0.48,-11.92,-5.73,2.38,37.06,0,61.88,2.47,220.9,3.12,220.43
2022,11,11,11,2.22,2.77,3.4,260.12,324.73,36.27,0.95,4.85,1.54,-11.7,-5.09,2.38,34.88,0,61.82,3.16,218.88,4.04,218.09
2022,11,11,12,2.18,2.58,3.2,254.45,302.62,34.67,0.84,4.23,1.91,-11.2,-4.64,2.5,35.44,0,61.77,3.67,215.99,4.76,215.25
2022,11,11,13,1.78,2.15,2.73,208.48,251.88,28.14,0.59,2.88,1.52,-10.52,-4.5,2.69,38.88,0,61.74,3.97,214,5.24,213.19
2022,11,11,14,1.19,1.52,2.03,137.9,176.48,17.73,0.26,1.25,0.43,-9.42,-4.49,2.99,46.56,0,61.74,3.9,210.88,5.2,210.15
2022,11,11,15,0.62,0.75,1.14,68.12,84.88,7.83,0.05,0.23,-1.27,-8.28,-4.77,3.3,58.94,0,61.77,3.4,206.51,4.61,205.7
2022,11,11,16,0.08,0.08,0.2,7.02,7.88,0.91,0,0.02,-3.38,-6.99,-5.19,3.66,78.62,0,61.79,2.12,203.73,3.08,202.4
2022,11,11,17,0,0,0,0,0,0,0,0,-5.63,-6.47,-6.05,3.78,99,0,61.83,1.27,202,2.23,195.89
2022,11,11,18,0,0,0,0,0,0,0,0,-6.06,-6.01,-6.03,3.97,100,0,61.86,1.07,197.78,1.89,190.98
2022,11,11,19,0,0,0,0,0,0,0,0,-6.26,-6.03,-6.14,3.97,100,0,61.88,0.89,190.62,1.58,183.96
2022,11,11,20,0,0,0,0,0,0,0,0,-6.43,-6.22,-6.33,3.91,100,0,61.88,0.76,189.46,1.34,182.34
2022,11,11,21,0,0,0,0,0,0,0,0,-6.61,-6.48,-6.55,3.78,100,0,61.87,0.65,189.01,1.13,182.78
2022,11,11,22,0,0,0,0,0,0,0,0,-6.89,-6.73,-6.81,3.72,100,0,61.84,0.62,186.5,1.09,181.23
2022,11,11,23,0,0,0,0,0,0,0,0,-7.16,-6.92,-7.03,3.66,100,0,61.81,0.61,186.58,1.1,180.81
2022,11,12,0,0,0,0,0,0,0,0,0,-7.34,-7.18,-7.26,3.6,100,0,61.79,0.62,190.18,1.12,184.4
2022,11,12,1,0,0,0,0,0,0,0,0,-7.51,-7.51,-7.51,3.54,100,0,61.76,0.6,190.44,1.04,185.19
2022,11,12,2,0,0,0,0,0,0,0,0,-7.59,-7.88,-7.74,3.42,100,0,61.74,0.47,185.71,0.77,180.58
2022,11,12,3,0,0,0,0,0,0,0,0,-7.7,-8.35,-8.02,3.3,100,0,61.73,0.29,178.45,0.43,171.72
2022,11,12,4,0,0,0,0,0,0,0,0,-7.81,-8.7,-8.25,3.23,100,0,61.73,0.14,90,0.33,85.91
2022,11,12,5,0,0,0,0,0,0,0,0,-8.17,-9.11,-8.64,3.11,100,0,61.75,0.4,43.41,0.79,50.63
2022,11,12,6,0.32,0.32,0.53,32.25,32.8,3.32,0.01,0.05,-7.86,-9.34,-8.6,3.05,96.88,0,61.77,0.77,44.59,1.27,46.99
2022,11,12,7,1.04,1.13,1.5,115.75,128.7,13.58,0.12,0.58,-5.74,-9.61,-7.68,2.99,78.81,0,61.8,1.12,66.64,1.46,66.32
2022,11,12,8,1.7,1.87,2.33,195.62,215.83,25.22,0.41,2,-3.2,-11.14,-7.17,2.62,55.81,0,61.84,0.53,180.84,0.66,181.36
2022,11,12,9,2.23,2.43,2.94,259.55,281.33,34.94,0.75,3.73,-0.88,-12.28,-6.58,2.32,40.75,0,61.85,2.21,219.26,2.8,219.23
2022,11,12,10,2.55,2.75,3.3,297.9,319.9,40.93,1.01,5.05,0.71,-12.52,-5.91,2.26,34.56,0,61.82,3.31,221.07,4.27,220.69
2022,11,12,11,2.53,2.8,3.38,296.38,326.77,40.82,1.04,5.2,1.64,-12.31,-5.33,2.26,32.62,0,61.77,4.18,219.23,5.46,218.67
2022,11,12,12,2.31,2.63,3.18,268.5,305.1,36.49,0.86,4.27,1.86,-11.42,-4.78,2.44,34.81,0,61.71,4.86,217.5,6.44,216.91
2022,11,12,13,1.91,2.19,2.72,221.23,254.55,29.62,0.59,2.9,1.44,-10.11,-4.34,2.75,40.38,0,61.68,5.07,216.41,6.78,215.85
2022,11,12,14,1.3,1.55,2.02,149.73,179.33,18.8,0.25,1.25,0.48,-9.01,-4.27,3.05,47.69,0,61.65,4.67,215.53,6.27,214.9
2022,11,12,15,0.69,0.78,1.13,76.12,87.35,8.45,0.05,0.23,-1.06,-8.21,-4.63,3.3,57.81,0,61.62,3.73,214.16,5.08,213.27
2022,11,12,16,0.09,0.08,0.19,7.33,7.92,0.91,0,0.02,-4.06,-7.42,-5.74,3.54,80.25,0,61.62,1.82,218.54,2.89,213.22
2022,11,12,17,0,0,0,0,0,0,0,0,-6.1,-7.48,-6.79,3.54,95.88,0,61.65,1.07,216.37,2.04,206.37
2022,11,12,18,0,0,0,0,0,0,0,0,-6.45,-7.01,-6.73,3.72,100,0,61.69,0.7,211.4,1.38,199.15
2022,11,12,19,0,0,0,0,0,0,0,0,-6.56,-6.72,-6.64,3.78,100,0,61.72,0.47,202.33,0.93,185.28
2022,11,12,20,0,0,0,0,0,0,0,0,-6.7,-6.65,-6.67,3.78,100,0,61.74,0.27,184.9,0.58,168.39
2022,11,12,21,0,0,0,0,0,0,0,0,-6.97,-6.8,-6.88,3.78,100,0,61.74,0.18,135,0.42,128.16
2022,11,12,22,0,0,0,0,0,0,0,0,-7.25,-7.13,-7.2,3.66,100,0,61.73,0.2,94.57,0.48,97.47
2022,11,12,23,0,0,0,0,0,0,0,0,-7.56,-7.62,-7.59,3.54,100,0,61.7,0.24,66.8,0.56,76.35
2022,11,13,0,0,0,0,0,0,0,0,0,-7.88,-8.24,-8.06,3.36,100,0,61.67,0.34,46.85,0.72,57
2022,11,13,1,0,0,0,0,0,0,0,0,-8.1,-8.99,-8.54,3.17,100,0,61.65,0.44,31.14,0.85,40.54
2022,11,13,2,0,0,0,0,0,0,0,0,-8.38,-9.69,-9.04,2.99,97.75,0,61.63,0.51,24.23,1.06,34.51
2022,11,13,3,0,0,0,0,0,0,0,0,-8.65,-10.26,-9.45,2.81,95.31,0,61.61,0.61,23.59,1.27,32.23
2022,11,13,4,0,0,0,0,0,0,0,0,-8.71,-10.83,-9.77,2.69,91.31,0,61.62,0.65,23.2,1.37,30.8
2022,11,13,5,0,0,0,0,0,0,0,0,-8.58,-11.37,-9.97,2.56,86.25,0,61.66,0.65,24.1,1.36,31.59
2022,11,13,6,0.32,0.31,0.52,32.17,32.52,3.25,0.01,0.05,-7.74,-11.29,-9.52,2.62,81.19,0,61.72,0.67,27.16,1.29,32.63
2022,11,13,7,1.09,1.12,1.49,122.8,128.88,14.14,0.12,0.6,-4.79,-12.32,-8.56,2.32,56.5,0,61.79,1.12,54.09,1.47,53.19
2022,11,13,8,1.73,1.86,2.31,199.88,215.8,25.73,0.41,2.05,-2.05,-11.9,-6.98,2.44,46.69,0,61.84,0.63,137.01,0.79,136.2
2022,11,13,9,2.27,2.41,2.92,264.58,281.27,35.7,0.77,3.83,0.44,-12.07,-5.81,2.38,37.44,0,61.88,2.13,209.01,2.7,208.86
2022,11,13,10,2.56,2.74,3.28,300.73,319.9,41.16,1.02,5.02,2.03,-11.67,-4.81,2.44,34.12,0,61.87,3.06,213.65,3.95,213.47
2022,11,13,11,2.51,2.8,3.37,294.65,327.08,40.71,1.04,5.2,3.05,-11.3,-4.12,2.5,32.5,0,61.82,3.68,213.22,4.79,212.76
2022,11,13,12,2.56,2.62,3.17,299.92,306.1,40.67,0.96,4.75,3.4,-11.12,-3.86,2.5,32,0,61.78,4.25,211.56,5.61,211.03
2022,11,13,13,1.96,2.18,2.71,228.33,255.2,30.4,0.6,2.98,3.01,-10.77,-3.88,2.56,33.88,0,61.76,4.5,208.88,5.98,208.37
2022,11,13,14,1.36,1.55,2.01,156.85,180,19.59,0.27,1.3,1.93,-10.19,-4.13,2.75,38.56,0,61.76,4.2,204.99,5.63,204.43
2022,11,13,15,0.74,0.77,1.12,82.08,87.67,8.91,0.05,0.25,0.18,-9.37,-4.6,2.93,47.12,0,61.77,3.22,197.51,4.4,196.73
2022,11,13,16,0.09,0.08,0.19,7.1,7.7,0.87,0,0.02,-3.4,-7.97,-5.68,3.36,72.31,0,61.79,1.44,191.62,2.44,186.62
2022,11,13,17,0,0,0,0,0,0,0,0,-5.52,-8.85,-7.19,3.11,79.88,0,61.83,0.98,163.74,1.71,161.65
2022,11,13,18,0,0,0,0,0,0,0,0,-5.93,-8.65,-7.29,3.17,84.19,0,61.89,0.73,135.43,1.32,132.11
2022,11,13,19,0,0,0,0,0,0,0,0,-6.03,-8.64,-7.34,3.11,84.75,0,61.95,0.63,108.21,1.12,106.16
2022,11,13,20,0,0,0,0,0,0,0,0,-5.89,-8.85,-7.37,3.05,82.19,0,61.98,0.57,95.55,1.02,90.88
2022,11,13,21,0,0,0,0,0,0,0,0,-5.75,-9,-7.38,3.05,80,0,61.99,0.48,90.92,0.88,85.41
2022,11,13,22,0,0,0,0,0,0,0,0,-5.69,-9.12,-7.4,2.99,78.88,0,61.99,0.42,96.46,0.75,90.6
2022,11,13,23,0,0,0,0,0,0,0,0,-5.74,-9.06,-7.4,2.99,79.56,0,61.97,0.42,107.42,0.75,101.43
2022,11,14,0,0,0,0,0,0,0,0,0,-5.96,-8.85,-7.41,3.05,82.5,0,61.95,0.47,107.53,0.87,101.41
2022,11,14,1,0,0,0,0,0,0,0,0,-6.25,-8.77,-7.51,3.11,85.31,0,61.92,0.47,108.43,0.88,99.71
2022,11,14,2,0,0,0,0,0,0,0,0,-6.68,-8.76,-7.72,3.11,89.06,0,61.9,0.41,106.7,0.85,94.24
2022,11,14,3,0,0,0,0,0,0,0,0,-7.07,-8.76,-7.92,3.11,92.38,0,61.88,0.41,106.7,0.92,90.97
2022,11,14,4,0,0,0,0,0,0,0,0,-7.29,-8.77,-8.03,3.11,94.12,0,61.88,0.45,104.04,1.02,90.44
2022,11,14,5,0,0,0,0,0,0,0,0,-7.39,-8.81,-8.1,3.11,94.88,0,61.91,0.49,108.73,1.06,95.92
2022,11,14,6,0.2,0.27,0.5,22.35,30,2.69,0.01,0.05,-6.94,-8.63,-7.78,3.17,92.94,0,61.96,0.62,113.01,1.12,104.91
2022,11,14,7,0.93,1.05,1.47,108.95,124.92,13.27,0.12,0.6,-4.59,-10.52,-7.56,2.69,63.69,0,62.02,1.28,135.99,1.72,136.66
2022,11,14,8,1.54,1.75,2.29,183.2,211.27,24.06,0.41,1.98,-2.42,-10.51,-6.46,2.62,52.5,0,62.06,2.18,172.36,2.79,171.96
2022,11,14,9,2.07,2.29,2.9,249.45,276.48,33.81,0.74,3.7,-0.57,-8.78,-4.67,3.05,52.31,0,62.06,2.9,185.88,3.71,185.55
2022,11,14,10,2.35,2.6,3.26,284.95,314.6,39.12,0.98,4.9,0.85,-7.42,-3.29,3.42,52.69,0,62.03,3.74,196.62,4.84,196.42
2022,11,14,11,2.15,2.66,3.35,259.65,320.48,36.44,0.95,4.83,1.56,-6.55,-2.49,3.72,53.94,0,61.96,4.68,203.01,6.14,202.82
2022,11,14,12,2.03,2.48,3.16,243.62,298.17,33.48,0.82,4.12,1.67,-5.99,-2.17,3.91,56.06,0,61.9,5.12,205.59,6.78,205.32
2022,11,14,13,1.61,2.06,2.69,191.58,247.12,25.99,0.53,2.65,1.23,-5.61,-2.19,4.03,59.75,0,61.85,5.03,206.29,6.7,205.94
2022,11,14,14,1.15,1.43,1.99,135.83,171.45,17.16,0.24,1.2,0.4,-5.31,-2.45,4.15,65.12,0,61.82,4.63,203.15,6.22,202.76
2022,11,14,15,0.57,0.69,1.11,64.85,80.35,7.4,0.04,0.2,-0.95,-4.97,-2.96,4.27,74.62,0,61.8,3.89,195.38,5.29,194.71
2022,11,14,16,0.07,0.06,0.18,6.23,6.77,0.83,0,0.02,-3.07,-4.63,-3.85,4.39,91.69,0,61.81,2.28,191.85,3.36,189.77
2022,11,14,17,0,0,0,0,0,0,0,0,-4.85,-4.65,-4.75,4.39,100,0,61.85,1.34,190.72,2.35,183.81
2022,11,14,18,0,0,0,0,0,0,0,0,-5.19,-4.82,-5,4.33,100,0,61.88,1,184.02,1.85,175.16
2022,11,14,19,0,0,0,0,0,0,0,0,-5.44,-5.08,-5.26,4.21,100,0,61.92,0.75,173.4,1.45,162.44
2022,11,14,20,0,0,0,0,0,0,0,0,-5.6,-5.26,-5.43,4.15,100,0,61.94,0.59,163.01,1.19,152.26
2022,11,14,21,0,0,0,0,0,0,0,0,-5.75,-5.42,-5.58,4.15,100,0,61.94,0.53,151.93,1.09,142.56
2022,11,14,22,0,0,0,0,0,0,0,0,-5.95,-5.6,-5.78,4.09,100,0,61.93,0.54,148.61,1.08,139.4
2022,11,14,23,0,0,0,0,0,0,0,0,-6.12,-5.77,-5.95,4.03,100,0,61.91,0.55,151.26,1.07,141.8
2022,11,15,0,0,0,0,0,0,0,0,0,-6.21,-5.89,-6.06,3.97,100,0,61.88,0.63,156.61,1.2,148.59
2022,11,15,1,0,0,0,0,0,0,0,0,-6.27,-5.98,-6.13,3.97,100,0,61.85,0.7,157.72,1.33,151.93
2022,11,15,2,0,0,0,0,0,0,0,0,-6.27,-6.05,-6.16,3.97,100,0,61.82,0.77,158.09,1.44,152.18
2022,11,15,3,0,0,0,0,0,0,0,0,-6.2,-6.15,-6.18,3.91,100,0,61.81,0.75,156.1,1.36,150.34
2022,11,15,4,0,0,0,0,0,0,0,0,-6.06,-6.2,-6.13,3.91,100,0,61.81,0.67,158.2,1.2,151.93
2022,11,15,5,0,0,0,0,0,0,0,0,-5.9,-6.19,-6.05,3.91,100,0,61.84,0.57,157.32,1,149.65
2022,11,15,6,0.2,0.22,0.49,20.88,24.5,2.55,0.01,0.05,-5.65,-6.17,-5.91,3.91,100,0,61.88,0.61,134.48,0.97,133.05
2022,11,15,7,0.8,0.96,1.46,92.12,112.98,11.05,0.1,0.5,-4,-6.16,-5.08,3.91,88.12,0,61.93,0.99,148.19,1.27,149.34
2022,11,15,8,1.26,1.67,2.28,149.02,198.62,19.52,0.34,1.65,-1.84,-6.35,-4.1,3.78,72.19,0,61.97,1.45,186.2,1.81,185.96
2022,11,15,9,1.65,2.22,2.89,193.58,264.9,26.37,0.6,3.02,-0.12,-6.56,-3.34,3.72,61.62,0,61.98,2.04,201.07,2.57,200.64
2022,11,15,10,1.74,2.61,3.25,204.55,306.42,29.04,0.78,3.98,1.13,-6.6,-2.73,3.72,55.88,0,61.95,2.7,206.64,3.44,206.16
2022,11,15,11,1.34,2.76,3.34,164.38,320.08,24.66,0.71,3.7,1.84,-6.44,-2.3,3.78,53.56,0,61.89,3.28,207.66,4.22,207.09
2022,11,15,12,1.47,2.52,3.14,176.25,296.95,25.27,0.66,3.33,1.81,-5.97,-2.08,3.91,55.75,0,61.83,3.79,205.93,4.96,205.35
2022,11,15,13,1.4,2.04,2.68,167.05,243.92,22.41,0.47,2.3,1.07,-5.36,-2.15,4.09,61.81,0,61.78,4.08,204.31,5.44,203.62
2022,11,15,14,0.94,1.42,1.98,110.83,168.83,14.3,0.21,1.02,0.1,-4.93,-2.42,4.27,68.56,0,61.76,3.99,204.26,5.37,203.66
2022,11,15,15,0.47,0.68,1.1,53.45,78.45,6.46,0.04,0.2,-0.88,-4.59,-2.73,4.39,76.38,0,61.75,3.46,204.66,4.73,203.9
2022,11,15,16,0.07,0.06,0.18,5.7,6.52,0.77,0,0.02,-2.79,-4.25,-3.52,4.52,92.25,0,61.76,1.91,205.73,2.84,203.18
2022,11,15,17,0,0,0,0,0,0,0,0,-4.37,-4.19,-4.28,4.52,100,0.03,61.78,1.06,202.43,1.96,195.03
2022,11,15,18,0,0,0,0,0,0,0,0,-4.72,-4.33,-4.52,4.52,100,0.02,61.8,0.89,195.74,1.72,187.32
2022,11,15,19,0,0,0,0,0,0,0,0,-4.92,-4.52,-4.72,4.46,100,0.02,61.82,0.79,191.98,1.53,183.23
2022,11,15,20,0,0,0,0,0,0,0,0,-5.08,-4.72,-4.9,4.33,100,0.01,61.82,0.7,187.68,1.39,179.03
2022,11,15,21,0,0,0,0,0,0,0,0,-5.32,-4.95,-5.14,4.27,100,0.01,61.8,0.63,180,1.28,172.66
2022,11,15,22,0,0,0,0,0,0,0,0,-5.56,-5.2,-5.38,4.21,100,0.01,61.76,0.59,171.66,1.21,165.07
2022,11,15,23,0,0,0,0,0,0,0,0,-5.8,-5.44,-5.62,4.15,100,0,61.72,0.56,166.16,1.14,158.71
2022,11,16,0,0,0,0,0,0,0,0,0,-5.93,-5.67,-5.8,4.09,100,0.01,61.69,0.53,160.23,1.08,152.32
2022,11,16,1,0,0,0,0,0,0,0,0,-6.06,-5.88,-5.97,4.03,100,0,61.67,0.53,159.15,1.05,151.15
2022,11,16,2,0,0,0,0,0,0,0,0,-6.24,-6.14,-6.2,3.97,100,0,61.65,0.49,158.7,0.97,149.91
2022,11,16,3,0,0,0,0,0,0,0,0,-6.42,-6.37,-6.39,3.91,100,0,61.65,0.47,157.67,0.92,148.62
2022,11,16,4,0,0,0,0,0,0,0,0,-6.54,-6.64,-6.59,3.78,100,0,61.65,0.41,149.04,0.8,139.34
2022,11,16,5,0,0,0,0,0,0,0,0,-6.63,-6.9,-6.77,3.72,100,0.01,61.68,0.38,132.51,0.78,123.22
2022,11,16,6,0.23,0.22,0.47,23.27,23.5,2.7,0.01,0.05,-6.33,-7.02,-6.67,3.72,100,0.01,61.72,0.49,115.74,0.85,110.92
2022,11,16,7,0.96,0.98,1.44,106.62,110.8,12.41,0.11,0.55,-4.6,-7.1,-5.85,3.66,87.69,0,61.76,1.02,135.31,1.3,135.49
2022,11,16,8,1.55,1.69,2.26,177.9,195.02,22.38,0.38,1.85,-2.67,-7.38,-5.02,3.6,72.56,0,61.79,1.75,177.19,2.22,176.98
2022,11,16,9,1.98,2.24,2.87,229.52,260.2,30.46,0.68,3.38,-0.98,-7.38,-4.18,3.54,62.62,0,61.8,2.56,194.5,3.26,194.27
2022,11,16,10,2.29,2.57,3.23,266.62,298.92,35.94,0.91,4.58,0.45,-7.31,-3.43,3.54,55.81,0,61.77,3.4,201.56,4.36,201.23
2022,11,16,11,2.29,2.68,3.32,270.7,314.4,37.41,1,5.12,1.3,-7.1,-2.89,3.6,53.25,0,61.71,4.2,203.7,5.44,203.44
2022,11,16,12,2.05,2.49,3.13,240.38,290.58,32.98,0.83,4.2,1.37,-6.64,-2.63,3.72,54.88,0.01,61.64,4.7,205.07,6.15,204.78
2022,11,16,13,1.66,2.05,2.67,191.8,238.48,25.15,0.52,2.58,0.81,-6.22,-2.7,3.91,59.12,0.04,61.6,4.8,206.82,6.33,206.53
2022,11,16,14,1.05,1.41,1.97,120.67,162.9,15.33,0.22,1.1,-0.27,-6.05,-3.16,3.91,64.94,0.09,61.58,4.42,209.64,5.87,209.26
2022,11,16,15,0.5,0.67,1.09,54.3,74.4,6.48,0.04,0.2,-1.64,-6.29,-3.97,3.85,71.31,0.11,61.58,3.71,210.67,4.99,210.18
2022,11,16,16,0.06,0.06,0.17,5.45,6.1,0.73,0,0.02,-3.8,-6.03,-4.92,3.97,87.69,0.08,61.58,2.07,210.44,3.05,207.94
2022,11,16,17,0,0,0,0,0,0,0,0,-5.67,-5.87,-5.77,4.03,100,0.04,61.6,1.15,204.12,2.02,197.31
2022,11,16,18,0,0,0,0,0,0,0,0,-5.98,-5.77,-5.88,4.03,100,0.02,61.63,0.89,194.16,1.62,186.37
2022,11,16,19,0,0,0,0,0,0,0,0,-6.19,-5.83,-6.01,4.03,100,0.02,61.65,0.75,182.98,1.42,175.26
2022,11,16,20,0,0,0,0,0,0,0,0,-6.38,-5.96,-6.17,3.97,100,0.01,61.66,0.71,179.37,1.35,173
2022,11,16,21,0,0,0,0,0,0,0,0,-6.54,-6.1,-6.32,3.97,100,0.01,61.66,0.7,180.64,1.32,175.24
2022,11,16,22,0,0,0,0,0,0,0,0,-6.6,-6.26,-6.43,3.91,100,0.01,61.64,0.69,182.6,1.24,176.4
2022,11,16,23,0,0,0,0,0,0,0,0,-6.69,-6.45,-6.57,3.85,100,0.01,61.6,0.59,178.47,1.04,172.23
2022,11,17,0,0,0,0,0,0,0,0,0,-6.74,-6.66,-6.7,3.85,100,0,61.58,0.43,167.47,0.74,161.57
2022,11,17,1,0,0,0,0,0,0,0,0,-6.86,-6.93,-6.89,3.72,100,0,61.55,0.26,125.13,0.47,119.98
2022,11,17,2,0,0,0,0,0,0,0,0,-7.15,-7.28,-7.21,3.66,100,0,61.51,0.36,65.66,0.73,68.09
2022,11,17,3,0,0,0,0,0,0,0,0,-7.44,-7.86,-7.65,3.48,100,0,61.48,0.57,46.67,1.11,51.02
2022,11,17,4,0,0,0,0,0,0,0,0,-7.7,-8.45,-8.07,3.3,100,0,61.48,0.71,41.01,1.38,44.54
2022,11,17,5,0,0,0,0,0,0,0,0,-7.98,-8.94,-8.46,3.17,100,0,61.51,0.83,38.91,1.63,41.31
2022,11,17,6,0.26,0.25,0.46,24.6,24.77,2.7,0.01,0.05,-8.3,-9.68,-8.99,2.99,97.69,0,61.56,0.99,36.96,1.89,38.96
2022,11,17,7,1.04,1.03,1.43,114,115.45,13.01,0.12,0.58,-5.82,-10.48,-8.15,2.75,72.94,0,61.62,1.74,47,2.39,46.33
2022,11,17,8,1.68,1.77,2.25,190.98,203.12,24.23,0.41,1.98,-3.02,-10.45,-6.74,2.75,57.5,0,61.67,1.03,74.17,1.31,74.38
2022,11,17,9,2.22,2.34,2.86,255.6,269.42,33.97,0.75,3.73,-0.45,-11.35,-5.9,2.62,43.88,0,61.69,0.87,198.27,1.09,197.13
2022,11,17,10,2.55,2.67,3.22,295.33,308.8,40.14,1.02,5.12,1.12,-10.95,-4.92,2.62,39.56,0,61.67,1.88,213.82,2.38,213.06
2022,11,17,11,2.47,2.72,3.31,288.35,315.25,39.41,1.03,5.23,2.23,-10.4,-4.09,2.75,37.75,0,61.64,2.62,212.08,3.35,211.28
2022,11,17,12,2.41,2.54,3.11,278.83,294.2,37.52,0.91,4.55,2.75,-9.87,-3.56,2.87,37.88,0,61.59,3.14,209.5,4.07,208.68
2022,11,17,13,1.85,2.11,2.66,213.88,244.12,28.34,0.58,2.88,2.62,-9.26,-3.32,2.99,40.31,0,61.56,3.38,206.21,4.42,205.43
2022,11,17,14,1.24,1.47,1.96,140.77,169.38,17.63,0.25,1.23,1.83,-8.45,-3.31,3.23,45.75,0,61.55,3.27,202.64,4.33,201.94
2022,11,17,15,0.66,0.71,1.08,71.1,78.77,7.91,0.05,0.23,0.26,-7.42,-3.57,3.54,55.81,0,61.57,2.61,198.87,3.58,198.04
2022,11,17,16,0.07,0.06,0.17,5.9,6.25,0.77,0,0.02,-2.88,-6.17,-4.52,3.91,80.62,0,61.6,1.21,194.93,2.2,191.67
2022,11,17,17,0,0,0,0,0,0,0,0,-4.93,-6.57,-5.75,3.78,92.56,0,61.64,0.95,182.37,1.74,181.54
2022,11,17,18,0,0,0,0,0,0,0,0,-5.22,-6.19,-5.7,3.91,98.12,0,61.7,0.63,168.55,1.07,169.1
2022,11,17,19,0,0,0,0,0,0,0,0,-5.44,-6.06,-5.75,3.97,100,0,61.74,0.25,107.88,0.45,105
2022,11,17,20,0,0,0,0,0,0,0,0,-5.92,-6.48,-6.2,3.78,100,0,61.76,0.5,26.97,0.99,30.19
2022,11,17,21,0,0,0,0,0,0,0,0,-6.4,-7.38,-6.89,3.54,98.69,0,61.76,0.8,14.17,1.62,17.39
2022,11,17,22,0,0,0,0,0,0,0,0,-6.64,-8.37,-7.5,3.3,93.25,0,61.75,0.96,12.68,1.99,15.51
2022,11,17,23,0,0,0,0,0,0,0,0,-6.78,-9.17,-7.98,3.11,89,0,61.72,1.06,15.37,2.2,17.6
2022,11,18,0,0,0,0,0,0,0,0,0,-6.99,-9.98,-8.49,2.93,85.44,0,61.7,1.12,17.93,2.34,19.89
2022,11,18,1,0,0,0,0,0,0,0,0,-7.23,-10.74,-8.99,2.75,82.44,0,61.69,1.16,19.29,2.46,21.19
2022,11,18,2,0,0,0,0,0,0,0,0,-7.46,-11.42,-9.44,2.62,79.88,0,61.68,1.2,21.87,2.56,23.36
2022,11,18,3,0,0,0,0,0,0,0,0,-7.67,-12.05,-9.86,2.5,77.19,0,61.68,1.22,23.78,2.62,25.26
2022,11,18,4,0,0,0,0,0,0,0,0,-8.31,-13.17,-10.74,2.26,73.38,0,61.71,1.28,25.31,2.74,26.78
2022,11,18,5,0,0,0,0,0,0,0,0,-8.98,-14.27,-11.62,2.01,69.69,0,61.76,1.34,27.01,2.85,28.46
2022,11,18,6,0.21,0.22,0.44,20.1,22.02,2.38,0.01,0.02,-9.07,-14.56,-11.81,1.95,68.06,0,61.82,1.36,28.19,2.9,29.4
2022,11,18,7,0.96,0.97,1.41,104.92,108.77,12.05,0.1,0.5,-5.51,-13.35,-9.43,2.14,54.94,0,61.87,1.86,30.55,3.01,30.56
2022,11,18,8,1.59,1.69,2.23,180.33,193.08,22.73,0.37,1.8,-1.49,-14.29,-7.88,1.89,34.88,0,61.9,2.33,35.18,3.14,35.27
2022,11,18,9,2.19,2.25,2.84,250.38,258.15,32.91,0.71,3.52,2.82,-14.81,-5.99,1.83,24,0,61.92,0.94,70.51,1.18,70.73
2022,11,18,10,2.41,2.57,3.2,278.4,296.27,37.25,0.92,4.6,4.76,-13.74,-4.49,2.01,23.06,0,61.93,0.87,205.64,1.08,204.89
2022,11,18,11,2.52,2.66,3.29,293.35,307.92,39.54,1.01,5.1,5.73,-12.32,-3.29,2.26,24.44,0,61.9,2.06,216.35,2.61,215.64
2022,11,18,12,2.41,2.48,3.1,277.58,286.58,36.95,0.88,4.38,6.09,-11.2,-2.56,2.5,26.38,0,61.87,2.89,213.22,3.78,212.61
2022,11,18,13,1.86,2.04,2.64,214.25,235.77,28.01,0.56,2.77,5.76,-10.13,-2.18,2.75,29.69,0,61.85,3.41,210.45,4.54,209.7
2022,11,18,14,1.24,1.41,1.95,139.9,160.9,17.36,0.24,1.17,4.69,-8.83,-2.07,3.11,36,0,61.87,3.43,206.1,4.65,205.45
2022,11,18,15,0.62,0.65,1.07,66.1,72.1,7.49,0.04,0.2,2.51,-6.48,-1.99,3.78,51.69,0,61.9,2.38,201.17,3.44,199.92
2022,11,18,16,0.06,0.05,0.16,5.25,5.62,0.7,0,0.02,-1.68,-5.53,-3.6,4.09,76.69,0,61.93,1.17,184.6,2.21,183.24
2022,11,18,17,0,0,0,0,0,0,0,0,-3.29,-5.85,-4.57,3.97,85.44,0,61.96,0.96,160.97,1.64,162.86
2022,11,18,18,0,0,0,0,0,0,0,0,-3.78,-5.44,-4.61,4.09,91.94,0,62.01,0.65,116.57,1.05,120.01
2022,11,18,19,0,0,0,0,0,0,0,0,-4.35,-5.56,-4.95,4.03,94.88,0,62.04,0.6,72.51,1.04,71.98
2022,11,18,20,0,0,0,0,0,0,0,0,-4.6,-6.18,-5.38,3.85,91.75,0,62.06,0.64,47.96,1.19,47.93
2022,11,18,21,0,0,0,0,0,0,0,0,-4.73,-7.01,-5.87,3.6,86.56,0,62.06,0.77,38.39,1.45,39.09
2022,11,18,22,0,0,0,0,0,0,0,0,-4.99,-7.76,-6.38,3.36,83.12,0,62.02,0.94,36.87,1.73,37.85
2022,11,18,23,0,0,0,0,0,0,0,0,-5.31,-8.49,-6.9,3.17,80.31,0,62,1.03,31.04,1.87,31.7
2022,11,19,0,0,0,0,0,0,0,0,0,-5.58,-9.2,-7.39,2.99,77.62,0,61.98,1.09,30.96,2,31.89
2022,11,19,1,0,0,0,0,0,0,0,0,-5.72,-9.95,-7.84,2.81,74.19,0,61.96,1.13,32.59,2.11,33.81
2022,11,19,2,0,0,0,0,0,0,0,0,-5.59,-10.83,-8.2,2.62,68.38,0,61.95,1.16,34.01,2.1,34.87
2022,11,19,3,0,0,0,0,0,0,0,0,-5.26,-11.77,-8.52,2.44,61.69,0,61.96,1.13,41.63,2.01,42
2022,11,19,4,0,0,0,0,0,0,0,0,-4.91,-12.74,-8.82,2.26,55.5,0,61.97,1.1,52.23,1.89,52.23
2022,11,19,5,0,0,0,0,0,0,0,0,-4.6,-14.33,-9.46,1.95,46.62,0,62,1.03,60.52,1.68,60.09
2022,11,19,6,0.21,0.2,0.43,20.48,20.73,2.36,0.01,0.02,-4.49,-14.24,-9.36,1.95,47.06,0,62.06,0.95,78.14,1.49,77.57
2022,11,19,7,0.92,0.94,1.4,102.8,106.55,11.79,0.09,0.45,-2.85,-9.61,-6.23,2.99,62.31,0,62.11,0.85,91.05,1.43,89.69
2022,11,19,8,1.59,1.65,2.21,183.05,192.15,22.88,0.34,1.7,-0.13,-12.69,-6.41,2.2,36,0,62.14,1.43,117.69,1.83,117.11
2022,11,19,9,2.11,2.21,2.83,246.42,258.52,32.31,0.66,3.25,2.07,-12.89,-5.41,2.14,29.75,0,62.16,2.19,174.68,2.78,174.51
2022,11,19,10,2.47,2.54,3.19,290.73,298.2,38.89,0.91,4.52,3.33,-12.01,-4.34,2.32,29.44,0,62.15,3.02,197.12,3.89,197.05
2022,11,19,11,2.48,2.64,3.28,293.4,311.38,39.74,0.97,4.8,4.01,-10.96,-3.48,2.5,30.88,0,62.09,3.51,198.68,4.54,198.56
2022,11,19,12,2.37,2.47,3.09,279.17,290.83,37.43,0.85,4.23,4.24,-10.23,-2.99,2.69,32.38,0,62.02,3.89,198.03,5.06,197.79
2022,11,19,13,1.9,2.05,2.63,223.02,241.38,29.21,0.55,2.7,3.86,-9.6,-2.87,2.87,35.19,0,61.96,4.05,198.92,5.32,198.67
2022,11,19,14,1.31,1.43,1.94,150.62,167.1,18.48,0.23,1.15,2.91,-8.74,-2.92,3.05,40.62,0,61.93,3.79,199.52,5.05,199.16
2022,11,19,15,0.67,0.68,1.06,73.42,76.88,8.09,0.04,0.2,1.19,-7.32,-3.07,3.48,52.25,0,61.92,2.86,198.48,3.97,197.51
2022,11,19,16,0.07,0.06,0.16,5.55,5.75,0.72,0,0.02,-2.42,-6.44,-4.42,3.78,75.31,0,61.92,1.54,195.03,2.61,191.21
2022,11,19,17,0,0,0,0,0,0,0,0,-3.95,-7.44,-5.7,3.48,78.81,0,61.95,1.09,180,1.86,180.48
2022,11,19,18,0,0,0,0,0,0,0,0,-4.46,-7.1,-5.78,3.6,84.94,0,61.98,0.73,163.3,1.25,166.22
2022,11,19,19,0,0,0,0,0,0,0,0,-4.97,-7,-5.99,3.66,89.69,0,62,0.5,142.05,0.84,146.75
2022,11,19,20,0,0,0,0,0,0,0,0,-5.45,-7.05,-6.25,3.66,93.62,0,62.02,0.41,125.79,0.75,128.19
2022,11,19,21,0,0,0,0,0,0,0,0,-5.79,-7.06,-6.43,3.66,97.06,0,62,0.34,115.97,0.69,114.82
2022,11,19,22,0,0,0,0,0,0,0,0,-5.99,-6.95,-6.48,3.72,100,0,61.98,0.24,111.45,0.57,104.98
2022,11,19,23,0,0,0,0,0,0,0,0,-6.24,-6.84,-6.53,3.78,100,0,61.94,0.17,108.43,0.5,98.13
2022,11,20,0,0,0,0,0,0,0,0,0,-6.42,-6.79,-6.61,3.78,100,0,61.92,0.15,111.25,0.44,99.13
2022,11,20,1,0,0,0,0,0,0,0,0,-6.6,-6.82,-6.71,3.78,100,0,61.9,0.18,124.38,0.49,108.43
2022,11,20,2,0,0,0,0,0,0,0,0,-6.77,-6.91,-6.84,3.72,100,0,61.88,0.22,127.69,0.56,113.72
2022,11,20,3,0,0,0,0,0,0,0,0,-7.04,-7.13,-7.08,3.66,100,0,61.87,0.25,122.2,0.61,113.29
2022,11,20,4,0,0,0,0,0,0,0,0,-7.11,-7.32,-7.22,3.6,100,0,61.88,0.25,127.23,0.59,116.57
2022,11,20,5,0,0,0,0,0,0,0,0,-7.25,-7.57,-7.41,3.54,100,0,61.9,0.25,120.65,0.55,113.3
2022,11,20,6,0.21,0.19,0.42,19.98,20.1,2.3,0.01,0.02,-7.42,-7.91,-7.67,3.48,100,0,61.93,0.24,114.9,0.49,112.48
2022,11,20,7,0.95,0.94,1.38,106.25,106.73,12,0.09,0.45,-4.88,-7.67,-6.27,3.48,85.75,0,61.96,0.64,129.54,0.82,135
2022,11,20,8,1.6,1.65,2.2,184.2,192.38,23.02,0.35,1.73,-1.81,-9.15,-5.48,3.05,57.69,0,61.99,1.87,185.04,2.41,185.4
2022,11,20,9,2.1,2.2,2.81,244.05,258.2,32.13,0.66,3.3,0.16,-9.97,-4.91,2.81,45.31,0,62,3.04,201.88,3.94,201.74
2022,11,20,10,2.42,2.54,3.17,284.45,297.27,38.09,0.91,4.5,1.55,-10.12,-4.29,2.75,40.25,0,61.97,3.91,208.25,5.12,207.93
2022,11,20,11,2.6,2.66,3.26,306.6,313.98,41.51,1.02,5.1,2.37,-9.99,-3.81,2.81,38.31,0,61.91,4.63,210.98,6.1,210.57
2022,11,20,12,2.3,2.48,3.08,272.1,293.4,36.78,0.86,4.3,2.6,-9.78,-3.59,2.87,38.25,0,61.84,4.99,212.07,6.61,211.66
2022,11,20,13,1.94,2.06,2.62,228.05,244.17,29.71,0.56,2.8,2.3,-9.6,-3.65,2.87,39.69,0,61.8,4.9,212.91,6.53,212.49
2022,11,20,14,1.27,1.45,1.93,147.33,170.62,18.15,0.23,1.15,1.55,-9.5,-3.97,2.93,42.31,0,61.77,4.42,214.11,5.93,213.56
2022,11,20,15,0.63,0.7,1.05,69.58,80.2,7.61,0.04,0.2,0.15,-9.1,-4.48,3.05,48.81,0,61.76,3.3,214.4,4.58,213.18
2022,11,20,16,0.07,0.06,0.16,5.62,6.02,0.71,0,0.02,-3.52,-7.98,-5.75,3.42,73.81,0,61.76,1.46,213.69,2.62,206.03
2022,11,20,17,0,0,0,0,0,0,0,0,-5.38,-8.67,-7.02,3.17,81.06,0,61.78,1.02,195.1,1.99,192.24
2022,11,20,18,0,0,0,0,0,0,0,0,-5.63,-8.51,-7.06,3.23,84.44,0,61.81,0.76,185.3,1.43,185.65
2022,11,20,19,0,0,0,0,0,0,0,0,-5.77,-8.47,-7.13,3.3,86.69,0,61.83,0.52,177.4,0.9,181
2022,11,20,20,0,0,0,0,0,0,0,0,-6.03,-8.6,-7.31,3.3,88.38,0,61.85,0.3,162.03,0.49,168.16
2022,11,20,21,0,0,0,0,0,0,0,0,-6.31,-8.87,-7.6,3.23,88.94,0,61.87,0.17,105.95,0.25,107.88
2022,11,20,22,0,0,0,0,0,0,0,0,-6.56,-9.24,-7.9,3.11,88.12,0,61.88,0.25,48.81,0.45,49.18
2022,11,20,23,0,0,0,0,0,0,0,0,-6.7,-9.56,-8.13,3.05,86.94,0,61.86,0.34,30.07,0.65,34.26
2022,11,21,0,0,0,0,0,0,0,0,0,-6.77,-9.93,-8.35,2.93,84.88,0,61.84,0.39,21.37,0.75,26.57
2022,11,21,1,0,0,0,0,0,0,0,0,-6.83,-10.38,-8.61,2.87,82.5,0,61.82,0.41,15.35,0.82,23.13
2022,11,21,2,0,0,0,0,0,0,0,0,-6.89,-11,-8.95,2.75,78.94,0,61.79,0.45,16.22,0.9,24.57
2022,11,21,3,0,0,0,0,0,0,0,0,-7.13,-12.16,-9.64,2.44,72.38,0,61.77,0.53,20.85,0.99,26.36
2022,11,21,4,0,0,0,0,0,0,0,0,-7.28,-13.2,-10.24,2.2,66.31,0,61.76,0.55,23.3,0.98,26.57
2022,11,21,5,0,0,0,0,0,0,0,0,-7.38,-14.15,-10.77,2.01,60.75,0,61.8,0.51,28.12,0.87,29.55
2022,11,21,6,0.23,0.22,0.4,21.8,22.33,2.32,0.01,0.02,-7.25,-14.48,-10.87,1.95,57.94,0,61.85,0.42,37.5,0.7,37.76
2022,11,21,7,0.97,0.99,1.36,109.5,113.95,12.32,0.1,0.52,-4.96,-11.11,-8.03,2.62,64.5,0,61.91,0.33,60.42,0.54,57.91
2022,11,21,8,1.55,1.71,2.18,179.83,200,22.84,0.38,1.85,-1.69,-11.31,-6.5,2.56,47.62,0,61.95,0.79,152.43,1.02,153.04
2022,11,21,9,2.09,2.26,2.79,244.35,265.25,32.38,0.72,3.55,0.73,-11.67,-5.47,2.44,37.5,0,61.97,2.15,197.12,2.76,197.31
2022,11,21,10,2.38,2.59,3.16,279.45,303.9,38.02,0.97,4.88,2.28,-11.9,-4.81,2.32,32.38,0,61.94,3.2,207.75,4.15,207.58
2022,11,21,11,2.41,2.67,3.25,284.62,314.67,39.13,1.03,5.25,3.23,-11.65,-4.21,2.38,30.75,0,61.89,3.95,210.98,5.16,210.61
2022,11,21,12,2.25,2.5,3.06,264.65,292.85,36.13,0.9,4.55,3.57,-11.32,-3.88,2.44,30.88,0,61.84,4.45,212.1,5.88,211.64
2022,11,21,13,1.87,2.07,2.61,217.35,242.38,28.82,0.59,2.92,3.33,-10.99,-3.83,2.5,32.31,0,61.81,4.49,212.78,5.96,212.32
2022,11,21,14,1.22,1.44,1.92,138.83,167.27,17.66,0.26,1.27,2.52,-10.53,-4.01,2.62,35.75,0,61.8,3.95,212.15,5.3,211.56
2022,11,21,15,0.57,0.68,1.04,62.65,76.52,7.41,0.05,0.23,0.87,-9.16,-4.14,3.05,46.12,0,61.8,2.61,211.64,3.66,209.58
2022,11,21,16,0.05,0.06,0.15,3.85,5.6,0.53,0,0.02,-2.92,-8.01,-5.46,3.36,69.56,0,61.81,1.16,202.09,2.11,194.34
2022,11,21,17,0,0,0,0,0,0,0,0,-4.57,-9.26,-6.92,2.99,71.25,0,61.84,0.82,173.96,1.49,174.89
2022,11,21,18,0,0,0,0,0,0,0,0,-4.97,-9.39,-7.18,2.99,73.25,0,61.88,0.56,156.28,0.98,159.55
2022,11,21,19,0,0,0,0,0,0,0,0,-5.25,-9.63,-7.44,2.93,73.94,0,61.9,0.37,135.86,0.6,141.34
2022,11,21,20,0,0,0,0,0,0,0,0,-5.56,-9.83,-7.7,2.87,75.06,0,61.92,0.26,109.54,0.4,114.08
2022,11,21,21,0,0,0,0,0,0,0,0,-5.78,-10,-7.89,2.87,75.75,0,61.91,0.21,100.49,0.33,105.02
2022,11,21,22,0,0,0,0,0,0,0,0,-5.93,-10.23,-8.08,2.81,75.69,0,61.9,0.21,121.33,0.33,128.23
2022,11,21,23,0,0,0,0,0,0,0,0,-6.07,-10.46,-8.27,2.81,75.38,0,61.88,0.24,140.19,0.41,147.53
2022,11,22,0,0,0,0,0,0,0,0,0,-6.2,-10.7,-8.45,2.75,75,0,61.86,0.29,150.64,0.5,155.04
2022,11,22,1,0,0,0,0,0,0,0,0,-6.29,-10.95,-8.62,2.69,74.31,0,61.83,0.32,157.17,0.58,159.62
2022,11,22,2,0,0,0,0,0,0,0,0,-6.49,-11.52,-9,2.56,71.69,0,61.8,0.35,155.14,0.62,159.95
2022,11,22,3,0,0,0,0,0,0,0,0,-6.88,-12.4,-9.63,2.32,67.88,0,61.78,0.41,151.48,0.68,159.29
2022,11,22,4,0,0,0,0,0,0,0,0,-7.18,-13.17,-10.17,2.14,64.5,0,61.79,0.44,151.63,0.72,160.39
2022,11,22,5,0,0,0,0,0,0,0,0,-7.49,-13.77,-10.63,2.01,62.19,0,61.83,0.49,153.43,0.79,161.57
2022,11,22,6,0.18,0.18,0.39,17.5,19.08,2.06,0.01,0.02,-7.62,-13.96,-10.79,2.01,61.56,0,61.87,0.5,154.23,0.84,161.06
2022,11,22,7,0.9,0.93,1.35,101,106.08,11.7,0.1,0.5,-5.13,-10.74,-7.93,2.69,67.12,0,61.93,0.53,161.83,0.87,162.86
2022,11,22,8,1.54,1.64,2.17,177.75,191.35,22.41,0.36,1.8,-1.56,-12.77,-7.17,2.2,40.12,0,61.97,1.57,183.72,2.05,183.93
2022,11,22,9,2.02,2.2,2.78,236.58,257.45,31.65,0.7,3.48,0.77,-13.09,-6.16,2.08,32.12,0,61.99,3.08,201.61,4.01,201.47
2022,11,22,10,2.41,2.51,3.14,283.83,295.83,38.07,0.95,4.77,2.05,-12.49,-5.22,2.2,30.88,0,61.96,3.96,208.03,5.19,207.84
2022,11,22,11,2.47,2.62,3.24,292.12,310.88,39.8,1.03,5.2,2.8,-11.81,-4.51,2.32,31.12,0,61.91,4.58,210.81,6.03,210.45
2022,11,22,12,2.29,2.45,3.05,269.52,289.4,36.45,0.88,4.42,3,-11.3,-4.15,2.44,32.19,0,61.84,4.82,212.22,6.37,211.82
2022,11,22,13,1.85,2.03,2.6,216.48,238.98,28.45,0.57,2.83,2.73,-10.95,-4.11,2.56,33.88,0,61.8,4.7,213,6.26,212.56
2022,11,22,14,1.27,1.41,1.91,145.25,164.45,17.89,0.25,1.23,1.92,-10.62,-4.35,2.62,37,0,61.78,4.24,212.67,5.69,212.1
2022,11,22,15,0.63,0.66,1.04,69.3,74.7,7.64,0.04,0.2,0.33,-9.67,-4.67,2.87,45.62,0,61.76,2.99,211.74,4.18,210.21
2022,11,22,16,0.06,0.05,0.15,5,5.4,0.66,0,0.02,-3.43,-8.4,-5.92,3.23,70.25,0,61.77,1.34,205.22,2.45,198.2
2022,11,22,17,0,0,0,0,0,0,0,0,-5.07,-9.45,-7.26,2.93,73.25,0,61.8,0.97,181.39,1.84,180.73
2022,11,22,18,0,0,0,0,0,0,0,0,-5.43,-9.49,-7.46,2.93,75.69,0,61.85,0.76,169.27,1.42,169.19
2022,11,22,19,0,0,0,0,0,0,0,0,-5.57,-9.57,-7.57,2.93,76.44,0,61.89,0.57,153.79,1.02,153.63
2022,11,22,20,0,0,0,0,0,0,0,0,-5.56,-9.7,-7.63,2.93,75.69,0,61.91,0.37,124.7,0.65,123.31
2022,11,22,21,0,0,0,0,0,0,0,0,-5.7,-9.78,-7.74,2.93,76.25,0,61.91,0.32,87.21,0.6,87.03
2022,11,22,22,0,0,0,0,0,0,0,0,-5.9,-9.85,-7.88,2.87,77.25,0,61.9,0.36,60.1,0.68,62.85
2022,11,22,23,0,0,0,0,0,0,0,0,-6.04,-9.92,-7.98,2.87,77.81,0,61.88,0.41,43.45,0.77,47.88
2022,11,23,0,0,0,0,0,0,0,0,0,-6.17,-9.98,-8.07,2.87,78.38,0,61.85,0.45,37.27,0.86,42.41
2022,11,23,1,0,0,0,0,0,0,0,0,-6.31,-10.18,-8.24,2.81,78,0,61.82,0.47,36.87,0.9,41.47
2022,11,23,2,0,0,0,0,0,0,0,0,-6.71,-10.92,-8.81,2.62,75.31,0,61.8,0.56,39.91,1.01,43.11
2022,11,23,3,0,0,0,0,0,0,0,0,-7.14,-11.6,-9.38,2.44,73.25,0,61.78,0.65,42.09,1.14,44.44
2022,11,23,4,0,0,0,0,0,0,0,0,-7.55,-12.17,-9.86,2.32,71.88,0,61.77,0.76,42.51,1.29,44.51
2022,11,23,5,0,0,0,0,0,0,0,0,-7.9,-12.67,-10.28,2.26,70.81,0,61.78,0.86,42.06,1.43,43.45
2022,11,23,6,0.21,0.2,0.38,19.8,19.98,2.15,0.01,0.02,-8.07,-13.01,-10.54,2.14,69.69,0,61.82,0.93,39.19,1.54,40.89
2022,11,23,7,0.94,0.97,1.33,105.27,110.23,11.93,0.1,0.5,-5.85,-10.81,-8.33,2.69,71.31,0,61.86,0.93,38.88,1.57,39.95
2022,11,23,8,1.56,1.7,2.15,179.85,196.52,22.79,0.38,1.88,-2.28,-11.75,-7.02,2.44,48,0,61.89,0.66,81.77,0.85,81.05
2022,11,23,9,2.15,2.26,2.77,249.45,262.38,33.08,0.73,3.62,0.05,-12.32,-6.13,2.32,37.25,0,61.9,1.14,196.32,1.4,195.51
2022,11,23,10,2.4,2.59,3.13,279.52,301.73,38,0.97,4.9,1.46,-12.21,-5.38,2.32,33.62,0,61.87,1.91,212.13,2.39,211.61
2022,11,23,11,2.47,2.66,3.23,288.38,310.33,39.4,1.04,5.3,2.45,-11.81,-4.68,2.38,32.31,0,61.81,2.42,213.79,3.06,213.32
2022,11,23,12,2.33,2.49,3.04,270.52,289.73,36.55,0.91,4.55,3.06,-11.45,-4.2,2.44,31.81,0,61.74,2.86,213.86,3.66,213.08
2022,11,23,13,1.9,2.07,2.59,220.3,240.85,28.95,0.59,2.95,3.12,-11.08,-3.99,2.5,32.75,0,61.69,3.14,212.62,4.11,211.79
2022,11,23,14,1.3,1.45,1.91,148.73,167.62,18.3,0.27,1.3,2.35,-10.23,-3.94,2.75,37.38,0,61.66,3.08,210.66,4.11,209.64
2022,11,23,15,0.65,0.69,1.03,70.73,77.88,7.72,0.05,0.23,0.63,-8.7,-4.03,3.11,48.56,0,61.66,2.26,207.36,3.19,205.69
2022,11,23,16,0.06,0.06,0.15,5.27,5.62,0.67,0,0.02,-3.2,-7.19,-5.2,3.6,75.94,0,61.67,0.94,197.84,1.87,193.28
2022,11,23,17,0,0,0,0,0,0,0,0,-4.7,-8.18,-6.44,3.3,79.38,0,61.7,0.73,180,1.34,179.66
2022,11,23,18,0,0,0,0,0,0,0,0,-4.92,-8.25,-6.59,3.3,80.75,0,61.74,0.33,143.67,0.56,144.09
2022,11,23,19,0,0,0,0,0,0,0,0,-5.28,-8.55,-6.92,3.23,81.56,0,61.76,0.44,48.62,0.73,47.6
2022,11,23,20,0,0,0,0,0,0,0,0,-5.67,-9.02,-7.35,3.11,81.38,0,61.78,0.77,26.04,1.35,25.82
2022,11,23,21,0,0,0,0,0,0,0,0,-5.94,-9.63,-7.79,2.99,79.44,0,61.78,0.97,19.31,1.78,20.03
2022,11,23,22,0,0,0,0,0,0,0,0,-6.25,-10.28,-8.27,2.81,77.38,0,61.79,1.1,17.28,2.12,17.83
2022,11,23,23,0,0,0,0,0,0,0,0,-6.71,-10.89,-8.81,2.69,76.69,0,61.79,1.2,17.02,2.43,17.97
2022,11,24,0,0,0,0,0,0,0,0,0,-7.27,-11.48,-9.37,2.56,76.88,0,61.78,1.28,17.1,2.73,18.02
2022,11,24,1,0,0,0,0,0,0,0,0,-7.85,-12.12,-9.99,2.44,76.69,0,61.75,1.35,16.76,2.99,17.82
2022,11,24,2,0,0,0,0,0,0,0,0,-8.64,-13.13,-10.88,2.2,75.12,0,61.74,1.49,16.73,3.28,17.61
2022,11,24,3,0,0,0,0,0,0,0,0,-9.88,-14.63,-12.25,1.89,72.31,0,61.75,1.69,17.26,3.64,17.89
2022,11,24,4,0,0,0,0,0,0,0,0,-10.95,-15.96,-13.45,1.65,69.56,0,61.78,1.9,17.99,3.92,18.22
2022,11,24,5,0,0,0,0,0,0,0,0,-11.77,-17.13,-14.45,1.46,66.31,0,61.82,2.18,18.63,4.23,18.64
2022,11,24,6,0.21,0.2,0.37,18.95,19.33,2.05,0.01,0.02,-11.81,-17.9,-14.85,1.34,61.12,0,61.89,2.59,19.53,4.65,19.35
2022,11,24,7,0.96,0.97,1.32,104.58,108.02,11.71,0.09,0.48,-7.96,-17.63,-12.8,1.34,43.75,0,61.95,4.15,20.82,6.24,20.68
2022,11,24,8,1.6,1.69,2.14,181.23,192.45,22.68,0.37,1.8,-3.61,-15.81,-9.71,1.65,35.94,0,62.01,4.41,21.93,6.17,21.86
2022,11,24,9,2.14,2.24,2.75,244.77,256.85,32.22,0.7,3.45,1.29,-15.24,-6.98,1.71,25.31,0,62.03,4.14,35.31,5.64,35.36
2022,11,24,10,2.49,2.58,3.12,285.33,294.85,38.3,0.96,4.83,4.37,-14.85,-5.24,1.77,21.12,0,62.04,3.36,45.75,4.45,46
2022,11,24,11,2.48,2.64,3.21,285.05,302.85,38.46,0.99,5.02,6.08,-14.12,-4.02,1.89,20.25,0,62.03,2.23,49.96,2.86,50.31
2022,11,24,12,2.42,2.45,3.03,276.92,281.08,36.54,0.88,4.38,7.01,-13.56,-3.27,2.01,20,0,62,1.33,56.03,1.65,56.61
2022,11,24,13,1.85,2.02,2.58,210.55,231.23,27.3,0.55,2.7,7.28,-13.32,-3.02,2.08,20,0,61.97,0.71,94.45,0.89,96.06
2022,11,24,14,1.26,1.39,1.9,140.65,157.67,17.04,0.23,1.15,6.71,-12.22,-2.75,2.32,23.44,0,61.97,0.65,151.89,0.92,153.22
2022,11,24,15,0.64,0.64,1.03,67.52,70.1,7.41,0.04,0.2,4.57,-7.17,-1.3,3.72,43.38,0,61.98,0.5,172.87,0.98,171.74
2022,11,24,16,0.06,0.05,0.14,4.73,4.95,0.62,0,0.02,2.12,-11.66,-4.77,2.44,34.19,0,62.01,0.63,157.27,0.97,157.77
2022,11,24,17,0,0,0,0,0,0,0,0,1.33,-13.48,-6.07,2.08,30.38,0,62.05,0.68,115.69,0.95,115.73
2022,11,24,18,0,0,0,0,0,0,0,0,0.12,-13.27,-6.58,2.08,34,0,62.11,0.85,85.76,1.25,85.33
2022,11,24,19,0,0,0,0,0,0,0,0,-0.79,-13.31,-7.05,2.08,36.56,0,62.16,0.87,74.84,1.35,74.19
2022,11,24,20,0,0,0,0,0,0,0,0,-1.13,-13.64,-7.38,2.01,36.31,0,62.19,0.85,68.39,1.34,67.33
2022,11,24,21,0,0,0,0,0,0,0,0,-1.42,-13.87,-7.64,1.95,36.38,0,62.2,0.81,65.65,1.29,64.21
2022,11,24,22,0,0,0,0,0,0,0,0,-1.6,-14.1,-7.85,1.95,36.06,0,62.2,0.75,67.43,1.19,65.62
2022,11,24,23,0,0,0,0,0,0,0,0,-1.57,-14.31,-7.95,1.89,35.19,0,62.19,0.63,71.79,0.98,69.98
2022,11,25,0,0,0,0,0,0,0,0,0,-1.68,-14.37,-8.02,1.89,35.06,0,62.19,0.53,81.51,0.82,80.18
2022,11,25,1,0,0,0,0,0,0,0,0,-2.19,-13.98,-8.09,1.95,38.06,0,62.18,0.54,88.34,0.86,86.36
2022,11,25,2,0,0,0,0,0,0,0,0,-2.62,-13.51,-8.06,2.01,41.12,0,62.16,0.56,86.03,0.92,84.63
2022,11,25,3,0,0,0,0,0,0,0,0,-2.81,-13.21,-8.01,2.08,42.88,0,62.17,0.59,83.16,0.96,81.61
2022,11,25,4,0,0,0,0,0,0,0,0,-3.01,-13.03,-8.02,2.14,44.38,0,62.17,0.64,72.23,1.06,71.03
2022,11,25,5,0,0,0,0,0,0,0,0,-3.52,-13.34,-8.43,2.08,44.81,0,62.2,0.73,60.41,1.2,59.93
2022,11,25,6,0.17,0.16,0.35,15.88,16.15,1.86,0.01,0.02,-4.03,-13.14,-8.59,2.08,47.75,0,62.24,0.86,58.77,1.45,57.77
2022,11,25,7,0.89,0.88,1.3,97.83,99.4,10.91,0.09,0.45,-2.43,-8.74,-5.59,3.17,64.12,0,62.27,0.69,57.93,1.37,56.4
2022,11,25,8,1.52,1.59,2.12,174.3,184.1,21.42,0.34,1.7,0.87,-10.27,-4.7,2.69,41.62,0,62.29,1.02,79.81,1.36,78.37
2022,11,25,9,2.04,2.15,2.74,236.27,250.35,30.91,0.67,3.35,3.16,-11.59,-4.21,2.44,31.62,0,62.31,1.06,178.3,1.31,177.6
2022,11,25,10,2.34,2.49,3.11,273.38,290.55,36.52,0.91,4.62,4.52,-11.26,-3.37,2.5,29.5,0,62.29,1.65,199.98,2.05,199.82
2022,11,25,11,2.52,2.58,3.2,294.95,302.25,39.52,1.03,5.2,5.43,-10.54,-2.56,2.62,29.38,0,62.24,2.3,204.22,2.92,203.96
2022,11,25,12,2.26,2.42,3.02,263.73,281.98,35.15,0.86,4.33,5.87,-9.91,-2.02,2.81,30.06,0,62.18,2.85,206.49,3.68,206.08
2022,11,25,13,1.88,2.01,2.57,216.83,233.67,28.13,0.57,2.83,5.73,-9.51,-1.89,2.87,31.38,0,62.13,3.13,205.28,4.1,204.81
2022,11,25,14,1.27,1.4,1.89,143.73,161.5,17.49,0.25,1.23,4.86,-8.93,-2.04,3.05,35.06,0,62.11,3.09,205.59,4.17,204.93
2022,11,25,15,0.63,0.67,1.02,67.92,73.38,7.45,0.04,0.23,2.63,-6.39,-1.88,3.85,51.94,0,62.12,1.9,205.62,2.85,202.91
2022,11,25,16,0.06,0.05,0.14,4.95,5.15,0.64,0,0.02,-1.24,-6.81,-4.02,3.66,66.19,0,62.13,1.04,188.62,1.88,188.6
2022,11,25,17,0,0,0,0,0,0,0,0,-2.7,-8.12,-5.41,3.3,67,0,62.15,0.62,163.16,1.04,168.27
2022,11,25,18,0,0,0,0,0,0,0,0,-3.19,-8.3,-5.74,3.23,69.25,0,62.17,0.35,80.96,0.51,82.12
2022,11,25,19,0,0,0,0,0,0,0,0,-3.67,-8.74,-6.2,3.17,69.75,0,62.16,0.66,30.85,1.09,30.05
2022,11,25,20,0,0,0,0,0,0,0,0,-3.94,-9.4,-6.67,2.99,67.62,0,62.16,0.93,17.53,1.61,17.2
2022,11,25,21,0,0,0,0,0,0,0,0,-4.05,-10.13,-7.09,2.81,63.94,0,62.14,1.09,17.13,1.89,17.09
2022,11,25,22,0,0,0,0,0,0,0,0,-4.41,-10.79,-7.6,2.62,62.19,0,62.11,1.21,21.25,2.16,21.84
2022,11,25,23,0,0,0,0,0,0,0,0,-4.94,-11.29,-8.11,2.5,62.31,0,62.08,1.3,21.8,2.44,22.38
2022,11,26,0,0,0,0,0,0,0,0,0,-5.3,-11.74,-8.52,2.44,61.94,0,62.05,1.34,22.54,2.61,23.42
2022,11,26,1,0,0,0,0,0,0,0,0,-5.48,-12.16,-8.81,2.38,61,0,62.03,1.35,23.46,2.69,24.4
2022,11,26,2,0,0,0,0,0,0,0,0,-5.49,-12.56,-9.02,2.32,59.38,0,62.02,1.35,23.46,2.69,24.86
2022,11,26,3,0,0,0,0,0,0,0,0,-5.36,-12.95,-9.16,2.26,57.19,0,62.01,1.35,23.59,2.64,25.2
2022,11,26,4,0,0,0,0,0,0,0,0,-5.11,-13.39,-9.25,2.2,54.31,0,62.02,1.34,25.97,2.56,27.66
2022,11,26,5,0,0,0,0,0,0,0,0,-4.85,-14.35,-9.6,2.01,49,0,62.05,1.33,28.83,2.44,30.59
2022,11,26,6,0.18,0.17,0.34,16.75,17.05,1.86,0.01,0.02,-4.47,-15.42,-9.94,1.83,43,0,62.1,1.28,30.96,2.24,32.3
2022,11,26,7,0.89,0.91,1.29,98.48,103.48,11.04,0.09,0.48,-1.97,-10.73,-6.35,2.93,55.81,0,62.15,0.85,31.5,1.68,35.17
2022,11,26,8,1.58,1.63,2.11,181.12,188.55,22.45,0.38,1.85,1.83,-13.31,-5.74,2.14,30.38,0,62.18,1.16,55.45,1.59,54.98
2022,11,26,9,2.13,2.18,2.72,246.6,253.9,32.27,0.72,3.58,4.58,-12.88,-4.15,2.14,25.38,0,62.17,0.84,157.5,1.06,156.08
2022,11,26,10,2.48,2.51,3.09,289.48,293.23,38.7,1,5.02,6.35,-11.29,-2.47,2.5,25.81,0,62.12,2.04,202.74,2.61,202.5
2022,11,26,11,2.48,2.61,3.19,291.98,306.5,39.61,1.06,5.42,7.26,-9.83,-1.29,2.81,27.56,0,62.04,2.85,210.29,3.71,210.07
2022,11,26,12,2.3,2.44,3.01,269.4,286.27,36.29,0.92,4.65,7.55,-8.66,-0.56,3.11,29.88,0,61.96,3.43,211.12,4.53,210.68
2022,11,26,13,1.98,2.03,2.57,229.9,237.95,29.94,0.63,3.1,7.19,-7.62,-0.21,3.42,33.44,0,61.9,3.72,210.92,5,210.33
2022,11,26,14,1.26,1.42,1.89,144.17,164.33,17.71,0.27,1.3,6.01,-6.66,-0.32,3.72,39.38,0,61.87,3.59,208.57,4.91,207.71
2022,11,26,15,0.62,0.67,1.02,67.67,74.98,7.38,0.05,0.23,3.37,-4.21,-0.42,4.58,58.5,0,61.86,2.2,208.94,3.26,205.83
2022,11,26,16,0.06,0.05,0.14,4.88,5.2,0.62,0,0.02,-0.98,-4.44,-2.7,4.46,78.62,0,61.86,1.15,191.77,2.12,189.53
2022,11,26,17,0,0,0,0,0,0,0,0,-2.65,-4.45,-3.56,4.46,90.56,0,61.88,0.88,167.69,1.55,170.44
2022,11,26,18,0,0,0,0,0,0,0,0,-3.23,-4.07,-3.65,4.64,98.44,0,61.9,0.65,148.21,1.12,151.65
2022,11,26,19,0,0,0,0,0,0,0,0,-3.31,-3.92,-3.62,4.7,100,0,61.9,0.45,126.47,0.81,125.54
2022,11,26,20,0,0,0,0,0,0,0,0,-3.29,-3.92,-3.6,4.7,100,0,61.91,0.34,105.95,0.71,101.43
2022,11,26,21,0,0,0,0,0,0,0,0,-3.32,-4.02,-3.67,4.7,100,0,61.9,0.31,92.94,0.67,88
2022,11,26,22,0,0,0,0,0,0,0,0,-3.61,-4.36,-3.99,4.58,100,0,61.87,0.31,72.47,0.69,70.95
2022,11,26,23,0,0,0,0,0,0,0,0,-3.93,-4.88,-4.41,4.46,100,0,61.82,0.36,55.62,0.78,57.26
2022,11,27,0,0,0,0,0,0,0,0,0,-4.18,-5.46,-4.82,4.27,98.88,0,61.79,0.42,46.51,0.9,49.94
2022,11,27,1,0,0,0,0,0,0,0,0,-4.36,-6.21,-5.28,4.09,95.31,0,61.75,0.48,37.06,0.99,42.76
2022,11,27,2,0,0,0,0,0,0,0,0,-4.56,-6.83,-5.69,3.97,93.44,0,61.72,0.52,38.25,1.1,44.71
2022,11,27,3,0,0,0,0,0,0,0,0,-4.74,-7.68,-6.21,3.72,89.69,0,61.71,0.59,39.61,1.2,45.53
2022,11,27,4,0,0,0,0,0,0,0,0,-4.82,-8.53,-6.68,3.48,84.81,0,61.7,0.66,39.19,1.28,44.75
2022,11,27,5,0,0,0,0,0,0,0,0,-4.73,-9.41,-7.07,3.23,78.5,0,61.72,0.65,42.55,1.24,48.07
2022,11,27,6,0.16,0.14,0.33,14,14.35,1.69,0.01,0.02,-4.44,-9.82,-7.13,3.17,74.44,0,61.76,0.55,49.57,1.13,55.11
2022,11,27,7,0.85,0.85,1.28,92.12,94.67,10.3,0.09,0.42,-1.89,-7.97,-4.93,3.66,69.19,0,61.8,0.76,73.81,1.15,72.18
2022,11,27,8,1.54,1.57,2.09,174.52,179.55,21.4,0.35,1.73,0.51,-7.8,-3.64,3.54,55.44,0,61.83,1.09,116.93,1.41,116.71
2022,11,27,9,2.1,2.13,2.71,240.6,245.7,31.22,0.69,3.42,2.69,-8.21,-2.76,3.42,45.56,0,61.85,1.49,181.8,1.88,181.43
2022,11,27,10,2.39,2.46,3.08,276.58,285.3,36.67,0.93,4.7,4.26,-7.95,-1.85,3.42,41.06,0,61.82,2.32,204.92,2.96,204.94
2022,11,27,11,2.5,2.59,3.18,294.2,304.7,39.77,1.05,5.35,5.25,-7.31,-1.02,3.6,39.94,0,61.77,3.04,210.06,3.93,209.77
2022,11,27,12,2.39,2.43,3,279.15,284.23,37.17,0.92,4.62,5.59,-6.68,-0.55,3.78,40.94,0,61.71,3.47,209.97,4.53,209.52
2022,11,27,13,1.85,2.01,2.56,214,234.45,27.88,0.58,2.88,5.33,-6.29,-0.48,3.91,42.94,0,61.67,3.63,209.21,4.8,208.61
2022,11,27,14,1.26,1.39,1.88,143.88,160.88,17.53,0.26,1.25,4.4,-5.77,-0.69,4.03,47.88,0,61.66,3.44,206.86,4.62,206.22
2022,11,27,15,0.63,0.65,1.01,67.9,72.08,7.35,0.05,0.23,2.4,-4.63,-1.12,4.46,60.81,0,61.67,2.46,203.56,3.49,201.97
2022,11,27,16,0.06,0.05,0.14,4.65,4.92,0.6,0,0.02,-2.04,-4.1,-3.07,4.64,88.88,0,61.69,1.09,189.87,2.06,186.53
2022,11,27,17,0,0,0,0,0,0,0,0,-3.84,-3.8,-3.82,4.76,100,0,61.72,0.82,163.46,1.48,165.6
2022,11,27,18,0,0,0,0,0,0,0,0,-4.04,-3.48,-3.76,4.88,100,0,61.75,0.48,131.01,0.95,128.29
2022,11,27,19,0,0,0,0,0,0,0,0,-4.09,-3.56,-3.83,4.88,100,0,61.77,0.35,95.19,0.85,91.58
2022,11,27,20,0,0,0,0,0,0,0,0,-4.22,-3.97,-4.1,4.7,100,0,61.78,0.36,71.18,0.86,73.05
2022,11,27,21,0,0,0,0,0,0,0,0,-4.38,-4.64,-4.51,4.52,100,0,61.78,0.39,59.83,0.85,62.02
2022,11,27,22,0,0,0,0,0,0,0,0,-4.5,-5.51,-5.01,4.27,100,0,61.76,0.39,54.06,0.79,55.84
2022,11,27,23,0,0,0,0,0,0,0,0,-4.67,-6.28,-5.47,4.09,98.19,0,61.74,0.37,49.27,0.72,52.02
2022,11,28,0,0,0,0,0,0,0,0,0,-4.93,-6.86,-5.9,3.97,97.5,0,61.72,0.37,50.19,0.75,53.49
2022,11,28,1,0,0,0,0,0,0,0,0,-5.21,-7.57,-6.39,3.85,95.75,0,61.7,0.39,48.27,0.84,52.59
2022,11,28,2,0,0,0,0,0,0,0,0,-5.41,-8.45,-6.93,3.6,92.19,0,61.68,0.44,40.71,0.97,46.64
2022,11,28,3,0,0,0,0,0,0,0,0,-5.6,-9.42,-7.5,3.42,88.12,0,61.67,0.51,39.35,1.09,45.58
2022,11,28,4,0,0,0,0,0,0,0,0,-5.77,-10.5,-8.14,3.17,83.19,0,61.68,0.6,45,1.24,49.87
2022,11,28,5,0,0,0,0,0,0,0,0,-5.68,-11.53,-8.61,2.93,76.5,0,61.71,0.62,49.64,1.23,53.28
2022,11,28,6,0.16,0.15,0.32,14.48,14.77,1.68,0.01,0.02,-5.37,-11.97,-8.67,2.87,72.69,0,61.77,0.57,57.41,1.16,60.49
2022,11,28,7,0.89,0.88,1.26,96.8,98.25,10.73,0.09,0.42,-2.84,-10.15,-6.49,3.17,65.31,0,61.83,0.85,78.27,1.24,76.57
2022,11,28,8,1.52,1.6,2.08,172.17,183.2,21.38,0.34,1.67,-0.4,-10.09,-5.24,2.93,49,0,61.88,1.18,103.02,1.5,103.53
2022,11,28,9,2.05,2.16,2.7,234.85,249.17,30.77,0.66,3.3,1.93,-11.11,-4.59,2.69,37.69,0,61.92,1.4,164.19,1.76,164.05
2022,11,28,10,2.38,2.5,3.07,275.25,289.12,36.96,0.93,4.67,3.62,-10.79,-3.59,2.69,33.81,0,61.92,2.31,202.05,2.93,202.26
2022,11,28,11,2.44,2.6,3.17,284.95,303.42,38.55,1,5.08,4.75,-10.29,-2.77,2.81,32.31,0,61.89,3.09,210.72,3.99,210.64
2022,11,28,12,2.3,2.43,2.99,267.85,283.08,35.83,0.88,4.38,5.34,-10.02,-2.34,2.87,31.56,0,61.84,3.58,211.54,4.68,211.19
2022,11,28,13,1.87,2.02,2.55,215.08,234.27,28.02,0.57,2.8,5.19,-9.84,-2.32,2.87,32.31,0,61.81,3.76,210.62,4.97,210.11
2022,11,28,14,1.29,1.4,1.87,146.6,161,17.8,0.25,1.23,4.28,-9.42,-2.57,2.99,35.69,0,61.81,3.47,208.64,4.67,208.02
2022,11,28,15,0.62,0.66,1.01,66.33,72.2,7.24,0.04,0.2,2.1,-7.26,-2.58,3.66,51.12,0,61.82,2.19,206.02,3.19,203.24
2022,11,28,16,0.06,0.05,0.14,4.62,4.88,0.6,0,0.02,-2.14,-6.88,-4.51,3.72,71.88,0,61.84,1.1,182.84,2.02,181.11
2022,11,28,17,0,0,0,0,0,0,0,0,-3.71,-7.28,-5.5,3.6,79.19,0,61.89,0.85,154.38,1.46,156.72
2022,11,28,18,0,0,0,0,0,0,0,0,-4.17,-7.15,-5.67,3.6,83.62,0,61.94,0.65,118.72,1.13,118.52
2022,11,28,19,0,0,0,0,0,0,0,0,-4.45,-7.35,-5.9,3.54,84,0,61.98,0.62,87.83,1.11,86.78
2022,11,28,20,0,0,0,0,0,0,0,0,-4.68,-7.69,-6.18,3.42,82.69,0,62,0.64,65.61,1.2,65.43
2022,11,28,21,0,0,0,0,0,0,0,0,-4.96,-8.25,-6.61,3.23,80.5,0,62.01,0.75,48.81,1.4,50.44
2022,11,28,22,0,0,0,0,0,0,0,0,-5.2,-8.95,-7.08,3.05,77.62,0,62,0.87,41.72,1.61,43.62
2022,11,28,23,0,0,0,0,0,0,0,0,-5.36,-9.66,-7.51,2.93,74.75,0,61.98,0.94,40.29,1.71,42.05
2022,11,29,0,0,0,0,0,0,0,0,0,-5.4,-10.29,-7.85,2.81,71.75,0,61.97,0.96,43.68,1.73,43.91
2022,11,29,1,0,0,0,0,0,0,0,0,-5.53,-10.74,-8.13,2.69,70.31,0,61.95,0.97,47.29,1.75,46.63
2022,11,29,2,0,0,0,0,0,0,0,0,-5.7,-11.06,-8.38,2.62,69.62,0,61.93,0.98,49.55,1.79,48.53
2022,11,29,3,0,0,0,0,0,0,0,0,-5.74,-11.35,-8.54,2.56,68.31,0,61.91,0.94,49.4,1.75,48.62
2022,11,29,4,0,0,0,0,0,0,0,0,-5.77,-11.6,-8.68,2.56,67.06,0,61.91,0.9,49.56,1.72,48.86
2022,11,29,5,0,0,0,0,0,0,0,0,-5.85,-11.84,-8.85,2.5,66,0,61.93,0.92,51.19,1.75,50.26
2022,11,29,6,0.11,0.14,0.31,9.83,13.98,1.31,0.01,0.02,-5.71,-11.75,-8.74,2.5,66.19,0,61.96,0.89,52.13,1.71,50.93
2022,11,29,7,0.85,0.87,1.25,92.67,96.73,10.35,0.08,0.4,-3.14,-10.44,-6.79,2.87,60.44,0,62.01,1.01,55.45,1.63,53.95
2022,11,29,8,1.5,1.59,2.07,170.65,181.6,21.03,0.33,1.62,-0.35,-13.02,-6.68,2.14,36,0,62.05,1.35,79.01,1.76,77.94
2022,11,29,9,2.06,2.16,2.68,235.42,247.98,30.65,0.65,3.23,2.08,-15.13,-6.52,1.77,24.5,0,62.08,1.22,142.03,1.51,141.29
2022,11,29,10,2.44,2.5,3.06,280.73,288.4,37.32,0.92,4.62,3.9,-15.09,-5.6,1.77,21.56,0,62.07,1.68,189.37,2.08,189.07
2022,11,29,11,2.46,2.6,3.16,285.02,301.7,38.42,0.98,5,4.88,-14,-4.56,1.95,22.19,0,62.04,2.31,200.58,2.91,200.23
2022,11,29,12,2.35,2.45,2.98,271.6,283.02,36.31,0.88,4.4,5.3,-13.09,-3.9,2.08,23.38,0,61.99,2.79,202.76,3.58,202.43
2022,11,29,13,1.89,2.04,2.54,217.3,235.12,28.35,0.57,2.83,5.13,-12.49,-3.67,2.2,25,0,61.96,2.98,202.53,3.88,201.97
2022,11,29,14,1.31,1.42,1.87,147.02,162.33,17.87,0.25,1.23,4.26,-11.6,-3.67,2.38,28.88,0,61.94,2.89,200.54,3.87,199.82
2022,11,29,15,0.62,0.67,1,66.25,73.42,7.2,0.04,0.2,1.95,-8.06,-3.05,3.42,48.12,0,61.94,1.83,200.76,2.79,198.13
2022,11,29,16,0.06,0.05,0.14,4.7,4.9,0.61,0,0.02,-1.93,-8.18,-5.06,3.3,62.62,0,61.96,1.15,183.5,2.06,183.7
2022,11,29,17,0,0,0,0,0,0,0,0,-3.19,-9.19,-6.19,2.99,63.56,0,62,0.86,158.78,1.46,162.54
2022,11,29,18,0,0,0,0,0,0,0,0,-3.74,-8.99,-6.37,3.05,68.19,0,62.04,0.65,112.57,1.05,115.61
2022,11,29,19,0,0,0,0,0,0,0,0,-4.09,-8.92,-6.5,3.11,70.81,0,62.06,0.63,82.87,1.11,81.07
2022,11,29,20,0,0,0,0,0,0,0,0,-4.2,-9.19,-6.69,2.99,69.69,0,62.08,0.62,66.33,1.15,65.52
2022,11,29,21,0,0,0,0,0,0,0,0,-4.38,-9.67,-7.02,2.87,67.69,0,62.08,0.66,56.12,1.22,56
2022,11,29,22,0,0,0,0,0,0,0,0,-4.65,-10.26,-7.45,2.75,65.75,0,62.08,0.72,50.75,1.3,51.34
2022,11,29,23,0,0,0,0,0,0,0,0,-4.87,-10.84,-7.85,2.62,63.81,0,62.07,0.78,47.84,1.41,48.6
2022,11,30,0,0,0,0,0,0,0,0,0,-5.02,-11.43,-8.23,2.5,61.81,0,62.05,0.82,47.69,1.48,47.14
2022,11,30,1,0,0,0,0,0,0,0,0,-5.17,-12.02,-8.6,2.38,60.38,0,62.03,0.84,47.65,1.51,46.89
2022,11,30,2,0,0,0,0,0,0,0,0,-5.2,-12.47,-8.83,2.38,59.38,0,62.02,0.83,50.33,1.53,48.92
2022,11,30,3,0,0,0,0,0,0,0,0,-5.11,-12.88,-9,2.32,58,0,62,0.82,53.89,1.52,52.31
2022,11,30,4,0,0,0,0,0,0,0,0,-5.1,-13.31,-9.2,2.26,56.81,0,62.01,0.81,57.99,1.5,56.23
2022,11,30,5,0,0,0,0,0,0,0,0,-5.2,-13.85,-9.52,2.14,54.5,0,62.03,0.82,63.92,1.46,61.93
2022,11,30,6,0.13,0.13,0.3,11.7,12.73,1.44,0.01,0.02,-5.31,-14.37,-9.84,2.01,51.75,0,62.07,0.83,69.51,1.43,67.5
2022,11,30,7,0.81,0.83,1.23,87.75,91.9,9.84,0.08,0.38,-3.62,-10.8,-7.2,2.81,62.44,0,62.11,0.65,78.29,1.22,75.52
2022,11,30,8,1.32,1.55,2.05,150.67,176.25,18.86,0.3,1.48,-0.67,-13.16,-6.92,2.14,36.62,0,62.15,1.04,106.12,1.36,105.31
2022,11,30,9,1.88,2.12,2.67,213.7,243.08,28.02,0.6,3,1.51,-14.07,-6.28,1.95,28.44,0,62.18,1.45,178.46,1.81,178.26
2022,11,30,10,2.19,2.47,3.04,252.12,284.42,33.84,0.84,4.25,2.92,-13.24,-5.17,2.08,27.69,0,62.16,2.16,200.53,2.72,200.52
2022,11,30,11,2.54,2.57,3.15,294.88,299.55,39.66,1.02,5.15,3.83,-12.34,-4.25,2.26,28.12,0,62.11,2.79,206.78,3.55,206.51
2022,11,30,12,2.28,2.43,2.97,264.3,281.4,35.55,0.87,4.38,4.28,-11.78,-3.75,2.38,28.56,0,62.06,3.23,208.61,4.17,208.2
2022,11,30,13,1.88,2.02,2.54,217.23,234.7,28.48,0.58,2.85,4.12,-11.46,-3.67,2.44,29.75,0,62.01,3.41,209.03,4.46,208.54
2022,11,30,14,1.32,1.42,1.86,149.15,163.35,18.25,0.26,1.27,3.18,-10.9,-3.86,2.56,33.56,0,61.99,3.15,208.28,4.2,207.47
2022,11,30,15,0.68,0.68,1,73.55,75.33,7.9,0.05,0.23,1.08,-8.49,-3.7,3.3,49.5,0,61.97,1.99,208.18,2.89,205.25
2022,11,30,16,0.06,0.05,0.13,4.9,5.12,0.62,0,0.02,-2.67,-7.99,-5.33,3.36,68.12,0,61.97,1.01,186.68,1.82,185.66
2022,11,30,17,0,0,0,0,0,0,0,0,-3.92,-8.86,-6.39,3.11,70.12,0,61.98,0.66,154.04,1.09,158.96
2022,11,30,18,0,0,0,0,0,0,0,0,-4.63,-8.95,-6.79,3.11,74.44,0,62,0.47,83.35,0.79,83.22
2022,11,30,19,0,0,0,0,0,0,0,0,-5.24,-9.25,-7.24,3.05,76.94,0,62.01,0.64,40.07,1.24,42.95
2022,11,30,20,0,0,0,0,0,0,0,0,-5.61,-9.88,-7.74,2.87,75.62,0,62.02,0.85,25.14,1.63,28.89
2022,11,30,21,0,0,0,0,0,0,0,0,-5.77,-10.6,-8.18,2.75,72.25,0,62.02,1,21.13,1.9,24.25
2022,11,30,22,0,0,0,0,0,0,0,0,-5.91,-11.24,-8.57,2.56,69.38,0,62.02,1.09,19.6,2.08,22.04
2022,11,30,23,0,0,0,0,0,0,0,0,-6.06,-11.8,-8.92,2.5,67.12,0,62,1.15,18.56,2.21,20.67
2022,12,1,0,0,0,0,0,0,0,0,0,-6.24,-12.24,-9.24,2.38,65.88,0,61.99,1.2,18.67,2.32,20.69
2022,12,1,1,0,0,0,0,0,0,0,0,-6.54,-12.58,-9.56,2.32,65.94,0,61.97,1.22,18.67,2.45,20.58
2022,12,1,2,0,0,0,0,0,0,0,0,-7,-12.99,-10,2.26,66.44,0,61.95,1.26,18.89,2.59,20.84
2022,12,1,3,0,0,0,0,0,0,0,0,-7.89,-14.1,-10.99,2.01,64.44,0,61.93,1.34,20.56,2.76,22.28
2022,12,1,4,0,0,0,0,0,0,0,0,-8.76,-15.22,-11.99,1.83,62.31,0,61.92,1.4,22.69,2.9,24.01
2022,12,1,5,0,0,0,0,0,0,0,0,-9.5,-16.24,-12.87,1.65,60.19,0,61.95,1.44,23.36,2.99,24.89
2022,12,1,6,0.17,0.15,0.29,14.27,14.48,1.54,0.01,0.02,-9.83,-16.78,-13.31,1.59,59,0,61.98,1.43,24.18,3.03,25.71
2022,12,1,7,0.88,0.9,1.22,95.88,101,10.51,0.07,0.35,-6.65,-13.88,-10.27,2.01,58.12,0,62.02,1.43,26,2.66,25.81
2022,12,1,8,1.53,1.63,2.04,174.5,186.35,21.73,0.32,1.55,-2.43,-15.76,-9.1,1.65,33,0,62.06,2.26,28.52,3.09,28.7
2022,12,1,9,2.08,2.19,2.66,239.05,252.1,31.51,0.63,3.15,1.87,-16.32,-7.22,1.59,22.5,0,62.08,0.51,72.96,0.67,72.41
2022,12,1,10,2.43,2.53,3.03,280.25,291.88,37.8,0.89,4.45,3.92,-15.41,-5.74,1.71,20.94,0,62.06,1.81,204.46,2.27,204.36
2022,12,1,11,2.62,2.65,3.14,300.45,304.77,41.55,1.04,5.23,4.95,-14.1,-4.57,1.89,21.88,0,62,2.66,215.19,3.4,215
2022,12,1,12,2.25,2.46,2.97,259.5,283.73,35.41,0.83,4.15,5.49,-13.2,-3.85,2.08,22.81,0,61.92,3.11,216.73,4.05,216.3
2022,12,1,13,1.85,2.02,2.53,213.7,234.75,28.02,0.53,2.62,5.41,-12.37,-3.48,2.26,24.81,0,61.86,3.22,214.81,4.27,213.95
2022,12,1,14,1.24,1.41,1.86,141.02,162.8,17.26,0.22,1.1,4.43,-11.5,-3.54,2.44,28.81,0,61.85,3.02,210.61,4.1,209.6
2022,12,1,15,0.61,0.67,1,65.92,74.45,7.13,0.04,0.17,1.9,-7.85,-2.97,3.48,48.94,0,61.86,1.79,207.91,2.74,204.44
2022,12,1,16,0.06,0.05,0.13,4.67,4.98,0.59,0,0,-2.2,-7.77,-4.98,3.42,66.31,0,61.88,1.1,185.71,2.09,185.58
2022,12,1,17,0,0,0,0,0,0,0,0,-3.49,-8.76,-6.13,3.11,67.75,0,61.92,0.89,162.2,1.53,164.9
2022,12,1,18,0,0,0,0,0,0,0,0,-4.14,-8.67,-6.41,3.17,72.44,0,61.96,0.67,121.08,1.11,123.24
2022,12,1,19,0,0,0,0,0,0,0,0,-4.71,-8.67,-6.69,3.17,76,0,61.99,0.61,86.33,1.07,84.99
2022,12,1,20,0,0,0,0,0,0,0,0,-5.03,-8.81,-6.92,3.11,76.81,0,62,0.62,64.72,1.19,63.43
2022,12,1,21,0,0,0,0,0,0,0,0,-5.1,-9.07,-7.09,2.99,75.31,0,62,0.65,52.31,1.26,51.56
2022,12,1,22,0,0,0,0,0,0,0,0,-5.17,-9.24,-7.2,2.99,74.62,0,61.98,0.7,42.75,1.36,43.6
2022,12,1,23,0,0,0,0,0,0,0,0,-5.24,-9.55,-7.39,2.87,73.19,0,61.95,0.73,38.47,1.39,39.76
2022,12,2,0,0,0,0,0,0,0,0,0,-5.27,-9.84,-7.55,2.87,71.81,0,61.93,0.7,35.46,1.36,37.79
2022,12,2,1,0,0,0,0,0,0,0,0,-5.33,-10,-7.67,2.81,71.69,0,61.9,0.7,35.98,1.43,38.12
2022,12,2,2,0,0,0,0,0,0,0,0,-5.31,-10.18,-7.75,2.81,71,0,61.88,0.73,30.96,1.51,34.68
2022,12,2,3,0,0,0,0,0,0,0,0,-5.62,-10.88,-8.24,2.62,68.94,0,61.86,0.82,29,1.66,32.87
2022,12,2,4,0,0,0,0,0,0,0,0,-6.18,-12.18,-9.18,2.32,64.19,0,61.85,0.95,33.56,1.79,36.47
2022,12,2,5,0,0,0,0,0,0,0,0,-6.66,-13.26,-9.95,2.14,60.56,0,61.88,1.05,37.72,1.9,39.5
2022,12,2,6,0.14,0.12,0.28,12.05,12.23,1.41,0.01,0.02,-6.77,-13.88,-10.32,2.01,57.81,0,61.92,1.08,38.85,1.94,40.1
2022,12,2,7,0.82,0.82,1.21,89.45,92.15,9.9,0.07,0.33,-4.47,-10.58,-7.52,2.81,66.06,0,61.96,0.8,44.6,1.62,45.98
2022,12,2,8,1.43,1.52,2.03,163.58,175.45,20.14,0.3,1.45,-0.82,-12.55,-6.68,2.26,39.06,0,62,1.17,76.15,1.58,74.79
2022,12,2,9,1.9,2.07,2.65,219.98,240.4,28.75,0.59,2.9,1.98,-12.91,-5.46,2.14,30.25,0,62.03,1.44,176.27,1.79,176.25
2022,12,2,10,2.21,2.41,3.02,255.95,279.75,34.2,0.81,4.08,3.42,-12.15,-4.37,2.26,29.12,0,62.02,2.59,201.77,3.3,201.83
2022,12,2,11,2.33,2.53,3.13,272.9,295.92,36.85,0.91,4.6,4.11,-11.16,-3.52,2.5,30.38,0,61.97,3.3,205.96,4.26,205.67
2022,12,2,12,2.16,2.36,2.96,251.23,275.08,33.54,0.78,3.9,4.3,-10.43,-3.06,2.69,32,0,61.91,3.72,205.6,4.84,205.24
2022,12,2,13,1.86,1.95,2.53,213.08,225.17,27.36,0.52,2.58,4.01,-9.99,-2.99,2.81,34,0,61.88,3.9,205.64,5.12,205.2
2022,12,2,14,1.17,1.32,1.86,132.15,151.05,16.16,0.22,1.05,3.02,-9.48,-3.23,2.93,38.25,0,61.87,3.48,203.57,4.61,203.05
2022,12,2,15,0.57,0.59,1,60.5,64.45,6.76,0.03,0.17,1.01,-7.62,-3.31,3.48,52.81,0,61.87,2.16,201.84,3.1,199.3
2022,12,2,16,0.05,0.04,0.13,4.08,4.33,0.55,0,0,-2.52,-7.35,-4.94,3.54,70.81,0,61.87,1.1,180.41,1.94,178.38
2022,12,2,17,0,0,0,0,0,0,0,0,-3.87,-8.02,-5.95,3.3,74.5,0,61.89,0.88,147.02,1.51,149.59
2022,12,2,18,0,0,0,0,0,0,0,0,-4.53,-7.99,-6.26,3.36,79.38,0,61.91,0.8,119.33,1.4,120.14
2022,12,2,19,0,0,0,0,0,0,0,0,-4.99,-8.06,-6.52,3.3,81.81,0,61.93,0.75,100.15,1.35,99.3
2022,12,2,20,0,0,0,0,0,0,0,0,-5.24,-8.17,-6.7,3.23,82.44,0,61.94,0.72,90,1.29,88.96
2022,12,2,21,0,0,0,0,0,0,0,0,-5.3,-8.36,-6.83,3.17,81.19,0,61.94,0.65,81.67,1.13,82.04
2022,12,2,22,0,0,0,0,0,0,0,0,-5.32,-8.6,-6.95,3.11,79.69,0,61.94,0.6,74.16,1.02,75.75
2022,12,2,23,0,0,0,0,0,0,0,0,-5.5,-8.75,-7.13,3.11,80.06,0,61.92,0.61,72.03,1.04,72.52
2022,12,3,0,0,0,0,0,0,0,0,0,-5.79,-8.87,-7.33,3.05,81.5,0,61.89,0.64,69.11,1.11,69.78
2022,12,3,1,0,0,0,0,0,0,0,0,-6.1,-8.97,-7.53,3.05,83.12,0,61.86,0.65,68.71,1.14,69.22
2022,12,3,2,0,0,0,0,0,0,0,0,-6.46,-9.09,-7.77,3.05,85.12,0,61.84,0.64,66.25,1.17,66
2022,12,3,3,0,0,0,0,0,0,0,0,-6.96,-9.77,-8.36,2.87,83.69,0,61.82,0.69,63.15,1.22,63.43
2022,12,3,4,0,0,0,0,0,0,0,0,-7.42,-10.46,-8.94,2.69,81.81,0,61.82,0.73,63.43,1.25,62.47
2022,12,3,5,0,0,0,0,0,0,0,0,-7.74,-10.85,-9.29,2.62,81.38,0,61.84,0.79,64.71,1.35,63.88
2022,12,3,6,0.11,0.1,0.27,9.6,10.1,1.22,0.01,0.02,-7.61,-10.94,-9.27,2.56,79.75,0,61.87,0.76,63.7,1.34,62.09
2022,12,3,7,0.74,0.75,1.19,79.38,83.05,9.02,0.05,0.3,-5.93,-8.88,-7.4,3.11,83.38,0,61.91,0.56,67.01,1.13,62.37
2022,12,3,8,1.37,1.46,2.01,154.83,167,19.03,0.27,1.3,-2.9,-9.95,-6.43,2.81,58,0,61.95,1.03,126.09,1.32,124.35
2022,12,3,9,1.9,2.03,2.63,218.27,234.88,28.23,0.55,2.7,-0.47,-11.02,-5.74,2.56,43,0,61.97,2.16,181.03,2.72,180.82
2022,12,3,10,2.24,2.38,3.01,259.38,277.52,34.44,0.78,3.9,1.13,-11.39,-5.13,2.44,36.69,0,61.95,3.04,197.78,3.88,197.6
2022,12,3,11,2.41,2.53,3.12,284.2,298.25,38.34,0.91,4.58,2.02,-11.24,-4.61,2.5,34.88,0,61.89,3.66,203.28,4.68,202.97
2022,12,3,12,2.31,2.38,2.95,271.73,280.75,36.17,0.8,3.98,2.31,-11.01,-4.35,2.56,34.94,0,61.82,4.11,206.66,5.32,206.34
2022,12,3,13,1.9,1.99,2.52,221.35,234.65,28.77,0.53,2.6,2.01,-10.69,-4.34,2.62,36.75,0,61.77,4.24,208.59,5.55,208.15
2022,12,3,14,1.33,1.4,1.85,152.92,163.75,18.59,0.23,1.12,1.16,-10.32,-4.58,2.75,40.56,0,61.75,3.95,209.86,5.23,209.44
2022,12,3,15,0.65,0.67,1,71.55,75.65,7.61,0.04,0.17,-0.42,-9.39,-4.91,2.99,50.06,0,61.76,2.91,210.62,4.02,209.45
2022,12,3,16,0.06,0.05,0.13,4.67,5.05,0.59,0,0,-3.91,-8.11,-6.01,3.36,75.31,0,61.77,1.37,204.96,2.45,199.76
2022,12,3,17,0,0,0,0,0,0,0,0,-5.22,-8.33,-6.77,3.23,82,0,61.81,1,184.5,1.85,183.64
2022,12,3,18,0,0,0,0,0,0,0,0,-5.65,-7.89,-6.77,3.42,89.12,0,61.85,0.76,169.38,1.42,170.17
2022,12,3,19,0,0,0,0,0,0,0,0,-5.95,-7.51,-6.73,3.54,94.88,0,61.89,0.55,149.45,1.01,150.47
2022,12,3,20,0,0,0,0,0,0,0,0,-5.99,-7.2,-6.6,3.6,97.81,0,61.92,0.36,123.34,0.72,121.61
2022,12,3,21,0,0,0,0,0,0,0,0,-6.13,-7.12,-6.63,3.66,99.44,0,61.94,0.28,91.59,0.6,91.49
2022,12,3,22,0,0,0,0,0,0,0,0,-6.24,-7.24,-6.74,3.6,99.25,0,61.94,0.32,60.95,0.68,62.85
2022,12,3,23,0,0,0,0,0,0,0,0,-6.38,-7.46,-6.92,3.54,98.56,0,61.92,0.4,44.22,0.86,47.59
2022,12,4,0,0,0,0,0,0,0,0,0,-6.63,-7.76,-7.2,3.48,98.5,0,61.91,0.52,41.35,1.1,44.71
2022,12,4,1,0,0,0,0,0,0,0,0,-7.09,-8.27,-7.68,3.3,98.25,0,61.9,0.67,39.29,1.41,42.08
2022,12,4,2,0,0,0,0,0,0,0,0,-7.99,-9.48,-8.74,2.99,96.25,0,61.89,0.88,37.38,1.73,38.78
2022,12,4,3,0,0,0,0,0,0,0,0,-8.75,-11.02,-9.88,2.62,90.56,0,61.88,1.01,35.9,1.92,36.22
2022,12,4,4,0,0,0,0,0,0,0,0,-9.31,-12.74,-11.02,2.26,82.25,0,61.88,1.08,36.21,2.01,36.29
2022,12,4,5,0,0,0,0,0,0,0,0,-9.7,-14.31,-12.01,2.01,74.25,0,61.92,1.13,37.98,2.04,37.7
2022,12,4,6,0.14,0.13,0.26,11.75,11.88,1.34,0.01,0.02,-9.97,-15.45,-12.71,1.77,68.56,0,61.96,1.15,39.21,2.12,38.26
2022,12,4,7,0.82,0.85,1.18,88.9,93.65,9.76,0.07,0.35,-7.51,-13.49,-10.5,2.2,66.81,0,62.01,1.13,39.65,2.02,38.56
2022,12,4,8,1.48,1.57,2,167.33,178.77,20.62,0.32,1.58,-4.01,-14.92,-9.46,1.83,42.12,0,62.05,1.86,47.73,2.44,47.21
2022,12,4,9,2.1,2.14,2.62,239.3,244.92,31.2,0.66,3.25,-0.94,-15.92,-8.42,1.65,29.56,0,62.07,0.78,114.78,0.97,113.26
2022,12,4,10,2.34,2.48,3,269,284.5,35.99,0.89,4.45,1.07,-15.95,-7.44,1.65,24.5,0,62.04,1.74,185.94,2.13,185.9
2022,12,4,11,2.42,2.55,3.11,280.1,295.1,37.64,0.97,4.9,2.15,-15.13,-6.49,1.71,24.19,0,61.99,2.85,199.38,3.6,199.38
2022,12,4,12,2.37,2.4,2.95,271.5,276.02,35.85,0.86,4.3,2.5,-14.63,-6.06,1.83,24.56,0,61.93,3.4,201.14,4.36,200.87
2022,12,4,13,1.81,1.99,2.52,206.48,227.58,26.66,0.54,2.65,2.25,-14.39,-6.07,1.83,25.56,0,61.89,3.53,199.52,4.56,199.3
2022,12,4,14,1.23,1.37,1.85,137.77,154.92,16.65,0.23,1.15,1.37,-14.06,-6.35,1.89,28.12,0,61.86,3.28,197.31,4.31,196.99
2022,12,4,15,0.58,0.63,0.99,60.65,67.95,6.68,0.04,0.2,-0.47,-11.91,-6.19,2.44,40.94,0,61.85,2.26,197.12,3.19,195.5
2022,12,4,16,0.05,0.05,0.13,4.25,4.55,0.56,0,0,-3.8,-10.67,-7.24,2.69,59.56,0,61.85,1.16,180.77,2.02,179.12
2022,12,4,17,0,0,0,0,0,0,0,0,-5.03,-11.64,-8.34,2.38,59.69,0,61.87,0.87,148.16,1.52,150.15
2022,12,4,18,0,0,0,0,0,0,0,0,-5.52,-11.72,-8.62,2.38,62.31,0,61.9,0.76,125.33,1.33,125.66
2022,12,4,19,0,0,0,0,0,0,0,0,-5.8,-11.81,-8.81,2.38,63.62,0,61.93,0.68,110.71,1.19,109.63
2022,12,4,20,0,0,0,0,0,0,0,0,-6,-11.89,-8.95,2.38,64.12,0,61.96,0.61,101.16,1.03,100.89
2022,12,4,21,0,0,0,0,0,0,0,0,-6.17,-11.88,-9.02,2.38,64.88,0,61.98,0.55,95.71,0.91,96.88
2022,12,4,22,0,0,0,0,0,0,0,0,-6.41,-11.67,-9.04,2.44,67.38,0,61.98,0.51,88.24,0.84,90.53
2022,12,4,23,0,0,0,0,0,0,0,0,-6.8,-11.28,-9.04,2.5,72.25,0,61.97,0.5,73.56,0.83,75.31
2022,12,5,0,0,0,0,0,0,0,0,0,-7.43,-11.51,-9.47,2.44,74.56,0,61.97,0.56,60.95,0.97,61.17
2022,12,5,1,0,0,0,0,0,0,0,0,-8.01,-11.95,-9.99,2.32,75.12,0,61.96,0.69,57.03,1.18,56.1
2022,12,5,2,0,0,0,0,0,0,0,0,-8.68,-12.44,-10.56,2.26,76.31,0,61.95,0.78,53.13,1.35,51.34
2022,12,5,3,0,0,0,0,0,0,0,0,-9.22,-13.05,-11.13,2.14,76.19,0,61.93,0.82,51.6,1.42,49.67
2022,12,5,4,0,0,0,0,0,0,0,0,-9.66,-13.69,-11.67,2.01,75.25,0,61.94,0.84,53.34,1.47,51.48
2022,12,5,5,0,0,0,0,0,0,0,0,-10.02,-14.47,-12.24,1.89,72.56,0,61.97,0.88,57.02,1.52,54.84
2022,12,5,6,0.1,0.08,0.25,8.17,8.33,1.06,0.01,0.02,-10.17,-15.17,-12.67,1.77,68.94,0,62,0.88,59.56,1.54,57.44
2022,12,5,7,0.65,0.66,1.16,66.88,69.65,7.73,0.05,0.27,-8.06,-12.48,-10.27,2.32,74.62,0,62.04,0.67,64.62,1.33,61.17
2022,12,5,8,1.26,1.34,1.99,137.83,148.08,16.55,0.24,1.2,-4.2,-15.05,-9.63,1.77,41.38,0,62.08,1.12,109.06,1.45,106.88
2022,12,5,9,1.81,1.92,2.61,199.85,214.25,24.93,0.49,2.45,-1.49,-16.88,-9.19,1.46,27,0,62.11,2.19,175.3,2.78,175.16
2022,12,5,10,2.19,2.17,2.99,253.62,252.83,31.04,0.69,3.4,0.2,-16.48,-8.13,1.53,24.25,0,62.08,2.9,193.06,3.69,192.98
2022,12,5,11,2.41,2.49,3.1,283.4,293.25,37.23,0.91,4.55,1.15,-15.84,-7.34,1.59,24,0,62.03,3.46,198.84,4.42,198.76
2022,12,5,12,2.31,2.4,2.94,267.08,276.73,35.43,0.83,4.15,1.48,-15.3,-6.92,1.71,24.75,0,61.96,3.79,200.27,4.87,200.06
2022,12,5,13,1.86,2,2.51,212.58,230.1,27.52,0.54,2.65,1.17,-14.86,-6.85,1.77,26.38,0,61.91,3.79,200.49,4.91,200.19
2022,12,5,14,1.29,1.4,1.85,144.62,159.27,17.59,0.23,1.17,0.29,-14.45,-7.08,1.83,29.31,0,61.89,3.4,199.77,4.44,199.33
2022,12,5,15,0.62,0.66,0.99,65.48,72.4,7.1,0.04,0.2,-1.36,-12.79,-7.07,2.2,40.06,0,61.88,2.35,197.59,3.24,196.38
2022,12,5,16,0.06,0.05,0.13,4.65,4.95,0.6,0,0.02,-4.46,-10.84,-7.65,2.62,62.25,0,61.88,1.09,182.88,1.88,180.71
2022,12,5,17,0,0,0,0,0,0,0,0,-5.58,-11.92,-8.75,2.38,61.19,0,61.91,0.77,152.13,1.31,154.65
2022,12,5,18,0,0,0,0,0,0,0,0,-6.03,-12.02,-9.02,2.38,63.75,0,61.93,0.59,112.5,1.01,112.38
2022,12,5,19,0,0,0,0,0,0,0,0,-6.48,-12.02,-9.25,2.38,66.88,0,61.95,0.57,73.3,1.07,71.3
2022,12,5,20,0,0,0,0,0,0,0,0,-6.68,-12.19,-9.43,2.38,67.31,0,61.94,0.62,54.71,1.19,54.64
2022,12,5,21,0,0,0,0,0,0,0,0,-6.77,-12.38,-9.58,2.32,66.56,0,61.94,0.62,44.49,1.19,44.73
2022,12,5,22,0,0,0,0,0,0,0,0,-6.99,-12.67,-9.83,2.26,66,0,61.92,0.67,37.41,1.26,38.44
2022,12,5,23,0,0,0,0,0,0,0,0,-7.4,-13.94,-10.67,2.01,60.38,0,61.88,0.77,38.84,1.34,39.08
2022,12,6,0,0,0,0,0,0,0,0,0,-7.95,-15.05,-11.5,1.77,57.25,0,61.85,0.85,36.45,1.47,36.57
2022,12,6,1,0,0,0,0,0,0,0,0,-8.43,-16.08,-12.26,1.65,54.5,0,61.83,0.9,37.27,1.57,37.1
2022,12,6,2,0,0,0,0,0,0,0,0,-8.75,-17.03,-12.89,1.53,51.5,0,61.81,0.95,36.68,1.62,36.76
2022,12,6,3,0,0,0,0,0,0,0,0,-9.13,-17.84,-13.49,1.4,49.56,0,61.81,1.01,39.35,1.73,39.31
2022,12,6,4,0,0,0,0,0,0,0,0,-9.58,-18.59,-14.08,1.34,48.31,0,61.8,1.08,40.02,1.87,40.08
2022,12,6,5,0,0,0,0,0,0,0,0,-9.84,-19.47,-14.65,1.22,45.88,0,61.83,1.13,39.65,1.94,40.1
2022,12,6,6,0.12,0.11,0.24,10.12,10.42,1.2,0.01,0.02,-9.85,-20.04,-14.95,1.16,44.06,0,61.87,1.14,40.82,1.95,41.27
2022,12,6,7,0.78,0.8,1.15,85.27,89.48,9.42,0.06,0.33,-7.68,-15.94,-11.81,1.83,57.31,0,61.91,0.82,44.62,1.66,44.81
2022,12,6,8,1.5,1.51,1.97,169.88,174.12,20.59,0.3,1.5,-3.61,-17.37,-10.49,1.46,32.06,0,61.95,1.18,62.42,1.6,61.19
2022,12,6,9,2.06,2.08,2.6,236.27,240.67,30.5,0.62,3.08,-0.42,-18.89,-9.65,1.22,20.12,0,61.98,0.82,171.25,1.01,171.12
2022,12,6,10,2.42,2.43,2.98,280.05,281.65,37.03,0.89,4.45,1.47,-17.7,-8.12,1.34,19.44,0,61.95,2.22,203.23,2.79,203.41
2022,12,6,11,2.49,2.5,3.09,289.65,292.23,38.35,0.96,4.83,2.48,-16.44,-6.98,1.53,20.5,0,61.89,3.23,208.49,4.15,208.21
2022,12,6,12,2.21,2.37,2.93,256.75,274.52,34.08,0.81,4.05,2.85,-15.66,-6.4,1.65,21.56,0,61.82,3.82,209.5,4.98,209.02
2022,12,6,13,1.84,1.98,2.51,211.45,228.48,27.47,0.55,2.7,2.57,-15.15,-6.29,1.71,23.12,0,61.77,4.11,209.88,5.43,209.37
2022,12,6,14,1.24,1.38,1.85,140.48,157.95,17.11,0.23,1.15,1.61,-14.52,-6.45,1.83,26.38,0,61.75,3.77,209.44,5.05,208.74
2022,12,6,15,0.61,0.65,0.99,65.75,71.83,7.2,0.04,0.2,-0.35,-12.13,-6.24,2.38,39.69,0,61.74,2.36,211.32,3.38,208.76
2022,12,6,16,0.06,0.05,0.13,4.45,4.92,0.59,0,0.02,-3.94,-10.71,-7.33,2.69,60,0,61.75,1.07,196.18,1.96,192.88
2022,12,6,17,0,0,0,0,0,0,0,0,-5.06,-12.04,-8.56,2.32,57.94,0,61.78,0.72,166.26,1.26,170.01
2022,12,6,18,0,0,0,0,0,0,0,0,-5.47,-12.35,-8.92,2.32,59.12,0,61.81,0.47,134.33,0.82,135.77
2022,12,6,19,0,0,0,0,0,0,0,0,-5.73,-12.67,-9.2,2.26,59.44,0,61.83,0.38,93.58,0.68,93.95
2022,12,6,20,0,0,0,0,0,0,0,0,-5.96,-12.98,-9.47,2.2,59.56,0,61.84,0.38,60.26,0.69,63.15
2022,12,6,21,0,0,0,0,0,0,0,0,-6.18,-13.16,-9.67,2.2,60.12,0,61.82,0.45,42.88,0.83,46.53
2022,12,6,22,0,0,0,0,0,0,0,0,-6.38,-13.29,-9.83,2.2,60.81,0,61.81,0.5,29.74,0.92,34.23
2022,12,6,23,0,0,0,0,0,0,0,0,-6.62,-13.67,-10.15,2.14,60,0,61.8,0.56,21.95,1.01,26.17
2022,12,7,0,0,0,0,0,0,0,0,0,-7.13,-14.75,-10.94,1.89,56.31,0,61.78,0.65,21.04,1.13,23.56
2022,12,7,1,0,0,0,0,0,0,0,0,-7.61,-15.67,-11.63,1.77,53.81,0,61.76,0.73,21.35,1.25,23.53
2022,12,7,2,0,0,0,0,0,0,0,0,-8.04,-16.44,-12.24,1.65,51.94,0,61.74,0.82,20.68,1.39,23.11
2022,12,7,3,0,0,0,0,0,0,0,0,-8.34,-17.18,-12.76,1.53,49.69,0,61.73,0.88,20.2,1.49,22.25
2022,12,7,4,0,0,0,0,0,0,0,0,-8.63,-17.84,-13.24,1.4,47.88,0,61.75,0.94,20.83,1.57,22.6
2022,12,7,5,0,0,0,0,0,0,0,0,-8.9,-18.45,-13.67,1.34,46.12,0,61.78,1.02,21.64,1.69,23.48
2022,12,7,6,0.13,0.12,0.23,10.98,11.1,1.2,0.01,0.02,-8.95,-18.86,-13.91,1.28,44.5,0,61.81,1.06,22.59,1.77,24.53
2022,12,7,7,0.82,0.84,1.14,89.38,94.33,9.73,0.07,0.35,-6.99,-14.67,-10.84,1.95,58.19,0,61.85,0.79,21.49,1.56,25.8
2022,12,7,8,1.45,1.57,1.96,164.85,180.15,20.48,0.31,1.55,-2.87,-15.2,-9.03,1.77,36.94,0,61.88,1.12,42.73,1.53,42.31
2022,12,7,9,1.91,2.14,2.59,219.08,246.75,29.17,0.62,3.08,0.08,-17.38,-8.65,1.4,23.19,0,61.9,0.3,119.2,0.39,117.6
2022,12,7,10,2.3,2.49,2.97,265.02,287.48,35.75,0.88,4.42,2.1,-17.06,-7.49,1.46,20.38,0,61.89,1.53,217.34,1.9,217.67
2022,12,7,11,2.39,2.57,3.09,277.48,297.55,37.64,0.97,4.92,3.22,-16,-6.39,1.59,20.62,0,61.84,2.37,215.74,3,215.47
2022,12,7,12,2.24,2.42,2.93,259.48,279.83,34.8,0.84,4.25,3.75,-15.19,-5.72,1.71,21.38,0,61.79,2.82,211.97,3.63,211.43
2022,12,7,13,1.99,2.01,2.5,228.38,233.52,29.36,0.59,2.9,3.65,-14.65,-5.5,1.83,22.62,0,61.76,3.04,208.21,3.97,207.52
2022,12,7,14,1.27,1.41,1.85,144.73,162.8,17.63,0.25,1.23,2.79,-13.91,-5.56,1.95,25.88,0,61.76,2.9,204.15,3.88,203.37
2022,12,7,15,0.63,0.68,1,68.12,75.33,7.32,0.04,0.23,0.61,-10.21,-4.81,2.87,44.56,0,61.77,1.73,202.04,2.64,199.03
2022,12,7,16,0.06,0.06,0.13,4.9,5.23,0.62,0,0.02,-3.04,-10.05,-6.55,2.81,58.5,0,61.78,1.08,181.25,2,181.57
2022,12,7,17,0,0,0,0,0,0,0,0,-4.02,-11.58,-7.8,2.44,55.19,0,61.81,0.9,160.78,1.52,163.53
2022,12,7,18,0,0,0,0,0,0,0,0,-4.49,-11.79,-8.14,2.38,56.81,0,61.84,0.66,125.38,1.05,127.46
2022,12,7,19,0,0,0,0,0,0,0,0,-4.95,-11.83,-8.39,2.38,59.25,0,61.86,0.57,88.43,0.95,87.63
2022,12,7,20,0,0,0,0,0,0,0,0,-5.23,-11.99,-8.61,2.38,60,0,61.87,0.55,62.7,0.95,61.54
2022,12,7,21,0,0,0,0,0,0,0,0,-5.49,-12.15,-8.82,2.38,60.69,0,61.87,0.59,48.24,1.07,48.54
2022,12,7,22,0,0,0,0,0,0,0,0,-5.79,-12.24,-9.02,2.32,62,0,61.85,0.66,43.56,1.24,45
2022,12,7,23,0,0,0,0,0,0,0,0,-6.04,-12.33,-9.19,2.32,63.06,0,61.82,0.72,43.24,1.36,45.23
2022,12,8,0,0,0,0,0,0,0,0,0,-6.35,-12.79,-9.57,2.26,62.31,0,61.8,0.8,43.81,1.52,45.63
2022,12,8,1,0,0,0,0,0,0,0,0,-6.86,-14.16,-10.51,1.95,57.12,0,61.77,0.95,48.01,1.65,48.07
2022,12,8,2,0,0,0,0,0,0,0,0,-7.24,-15.44,-11.34,1.77,52.44,0,61.76,0.99,51.41,1.66,50.54
2022,12,8,3,0,0,0,0,0,0,0,0,-7.51,-16.49,-12,1.59,48.75,0,61.75,0.96,54.63,1.58,53.64
2022,12,8,4,0,0,0,0,0,0,0,0,-7.82,-17.3,-12.56,1.46,46.31,0,61.78,0.92,58.2,1.51,56.64
2022,12,8,5,0,0,0,0,0,0,0,0,-8.15,-17.81,-12.98,1.4,45,0,61.83,0.91,59.46,1.48,58.15
2022,12,8,6,0.12,0.1,0.22,9.73,9.88,1.11,0.01,0.02,-8.31,-17.94,-13.13,1.34,44.75,0,61.88,0.88,57.02,1.45,55.54
2022,12,8,7,0.77,0.79,1.13,85.25,90,9.29,0.06,0.3,-6.67,-13.91,-10.29,2.08,59.81,0,61.94,0.63,56.11,1.27,53.48
2022,12,8,8,1.48,1.51,1.95,169.98,175.75,20.67,0.29,1.42,-2.98,-15.02,-8.99,1.77,37.12,0,61.99,1.04,68.04,1.42,66.97
2022,12,8,9,2.06,2.07,2.58,239.85,242.95,31.11,0.62,3.02,-0.1,-16.74,-8.42,1.46,24.44,0,62.01,0.85,161.9,1.05,160.89
2022,12,8,10,2.37,2.42,2.96,278.83,284.4,37.23,0.88,4.35,1.7,-16.09,-7.2,1.59,22.56,0,61.99,1.91,198.14,2.36,197.95
2022,12,8,11,2.39,2.51,3.08,281.77,295.4,38.04,0.94,4.7,2.69,-14.92,-6.11,1.77,23.5,0,61.93,2.69,204.03,3.39,203.91
2022,12,8,12,2.3,2.37,2.92,269.02,278.25,35.92,0.83,4.12,3.15,-14.1,-5.47,1.89,24.56,0,61.86,3.18,206.12,4.08,205.73
2022,12,8,13,1.82,1.97,2.5,212.27,231.95,27.7,0.53,2.62,3.03,-13.54,-5.25,2.01,26.12,0,61.81,3.39,206.45,4.41,205.93
2022,12,8,14,1.25,1.38,1.84,143.7,160.4,17.53,0.23,1.15,2.18,-12.84,-5.33,2.14,29.69,0,61.78,3.3,205.66,4.4,204.97
2022,12,8,15,0.59,0.64,1,64.23,72.35,7.03,0.04,0.2,0.15,-10.58,-5.21,2.69,43.31,0,61.78,2.27,206.3,3.28,204.18
2022,12,8,16,0.05,0.05,0.14,4.52,4.88,0.59,0,0,-3.67,-9.51,-6.59,2.93,64.62,0,61.79,1.19,193.31,2.23,190.48
2022,12,8,17,0,0,0,0,0,0,0,0,-4.79,-10.42,-7.6,2.69,65.31,0,61.83,0.9,173.49,1.61,175.82
2022,12,8,18,0,0,0,0,0,0,0,0,-5.24,-10.5,-7.88,2.69,67.75,0,61.87,0.58,149.3,1.01,152.84
2022,12,8,19,0,0,0,0,0,0,0,0,-5.67,-10.52,-8.1,2.69,70.56,0,61.9,0.43,114.7,0.82,113.63
2022,12,8,20,0,0,0,0,0,0,0,0,-5.88,-10.66,-8.27,2.69,71.31,0,61.93,0.4,92.25,0.8,91.11
2022,12,8,21,0,0,0,0,0,0,0,0,-6.02,-10.83,-8.43,2.62,71.06,0,61.93,0.37,74.22,0.78,74.85
2022,12,8,22,0,0,0,0,0,0,0,0,-6.14,-10.98,-8.56,2.62,71,0,61.93,0.36,64.54,0.76,65.56
2022,12,8,23,0,0,0,0,0,0,0,0,-6.31,-11.01,-8.66,2.62,71.94,0,61.91,0.36,61.78,0.79,62.16
2022,12,9,0,0,0,0,0,0,0,0,0,-6.47,-11.12,-8.79,2.56,72.44,0,61.88,0.38,59.24,0.83,60.05
2022,12,9,1,0,0,0,0,0,0,0,0,-6.95,-11.92,-9.44,2.38,69.75,0,61.85,0.44,54.34,0.89,55.05
2022,12,9,2,0,0,0,0,0,0,0,0,-7.52,-12.72,-10.12,2.2,68.06,0,61.81,0.51,45.62,0.98,47.26
2022,12,9,3,0,0,0,0,0,0,0,0,-8.04,-13.55,-10.79,2.08,66.38,0,61.78,0.57,39.4,1.07,41.74
2022,12,9,4,0,0,0,0,0,0,0,0,-8.45,-14.42,-11.44,1.95,64.12,0,61.77,0.59,37.48,1.1,40.38
2022,12,9,5,0,0,0,0,0,0,0,0,-8.77,-15.2,-11.99,1.83,61.88,0,61.79,0.58,41.19,1.06,43.21
2022,12,9,6,0.09,0.08,0.21,8.05,8.52,1,0.01,0.02,-8.93,-15.62,-12.27,1.77,60.69,0,61.83,0.54,47.95,0.99,50.43
2022,12,9,7,0.72,0.73,1.12,79.2,82.48,8.79,0.06,0.3,-6.94,-12.28,-9.61,2.38,69.88,0,61.87,0.4,58.47,0.82,59.04
2022,12,9,8,1.41,1.44,1.94,161.42,167.2,19.62,0.3,1.48,-3.04,-13.69,-8.37,2.01,42.44,0,61.91,0.82,116.08,1.07,116
2022,12,9,9,1.9,2,2.57,221.88,234.55,28.84,0.61,3.02,-0.46,-14.44,-7.45,1.89,31.75,0,61.94,1.71,190.54,2.15,190.45
2022,12,9,10,2.23,2.35,2.96,262.67,276.52,34.92,0.87,4.35,1.18,-14.28,-6.55,1.89,28.06,0,61.91,2.88,209.21,3.69,209.01
2022,12,9,11,2.36,2.48,3.08,279.38,294.45,37.72,0.98,5,2.16,-13.88,-5.86,1.95,27.06,0,61.86,3.73,212.32,4.83,212.04
2022,12,9,12,2.3,2.34,2.92,271.3,276.73,36.03,0.88,4.42,2.48,-13.53,-5.52,2.01,27.31,0,61.79,4.29,213.02,5.62,212.56
2022,12,9,13,1.82,1.95,2.5,213.73,229.85,27.78,0.57,2.83,2.12,-13.11,-5.49,2.08,29.25,0,61.75,4.38,212.56,5.79,212.04
2022,12,9,14,1.24,1.36,1.85,142.92,158.33,17.44,0.25,1.25,1.12,-12.62,-5.75,2.2,33,0,61.73,4.04,212.43,5.4,211.76
2022,12,9,15,0.59,0.63,1,64.7,71.52,7.16,0.05,0.23,-0.76,-11.45,-6.1,2.5,43.06,0,61.73,2.86,213.43,4.02,211.8
2022,12,9,16,0.06,0.05,0.14,4.6,5,0.6,0,0.02,-4.67,-9.89,-7.28,2.87,69.06,0,61.74,1.32,208.23,2.49,201.9
2022,12,9,17,0,0,0,0,0,0,0,0,-6.11,-10.35,-8.23,2.75,74.56,0,61.79,0.99,190.51,1.96,189.65
2022,12,9,18,0,0,0,0,0,0,0,0,-6.49,-10.35,-8.42,2.75,77.88,0,61.84,0.77,178.84,1.5,179.4
2022,12,9,19,0,0,0,0,0,0,0,0,-6.77,-10.34,-8.55,2.81,80.44,0,61.88,0.6,166.5,1.15,164.64
2022,12,9,20,0,0,0,0,0,0,0,0,-6.95,-10.31,-8.63,2.81,82.19,0,61.89,0.47,153.43,0.91,148.36
2022,12,9,21,0,0,0,0,0,0,0,0,-7.11,-10.31,-8.71,2.81,83.38,0,61.9,0.37,135.86,0.72,129.73
2022,12,9,22,0,0,0,0,0,0,0,0,-7.31,-10.37,-8.84,2.81,84.56,0,61.9,0.32,128,0.62,121.09
2022,12,9,23,0,0,0,0,0,0,0,0,-7.56,-10.38,-8.97,2.81,86.19,0,61.9,0.31,122.47,0.62,113.96
2022,12,10,0,0,0,0,0,0,0,0,0,-8.07,-10.87,-9.47,2.62,85.5,0,61.89,0.42,105.07,0.82,99.28
2022,12,10,1,0,0,0,0,0,0,0,0,-8.64,-11.41,-10.02,2.5,84.81,0,61.87,0.52,92.6,0.94,89.52
2022,12,10,2,0,0,0,0,0,0,0,0,-9.14,-11.68,-10.42,2.44,86.06,0,61.86,0.6,82.5,1.05,80.19
2022,12,10,3,0,0,0,0,0,0,0,0,-9.64,-11.99,-10.81,2.38,87.5,0,61.85,0.67,73.69,1.18,71.81
2022,12,10,4,0,0,0,0,0,0,0,0,-10.21,-12.35,-11.28,2.32,89.12,0,61.85,0.74,65.61,1.32,64.04
2022,12,10,5,0,0,0,0,0,0,0,0,-10.78,-12.77,-11.77,2.2,90.5,0,61.88,0.81,59.98,1.51,58.78
2022,12,10,6,0.1,0.09,0.2,8.5,8.58,1.02,0.01,0.02,-11.2,-13.25,-12.23,2.14,89.94,0,61.92,0.85,55.87,1.65,54.65
2022,12,10,7,0.76,0.75,1.1,84.1,84.83,9.12,0.06,0.3,-8.91,-12.19,-10.55,2.32,81.19,0,61.97,0.99,55.3,1.63,52.97
2022,12,10,8,1.43,1.46,1.93,163.83,170.42,19.99,0.3,1.5,-5.21,-12.99,-9.1,2.14,54.31,0,62,1.08,78.37,1.39,76.04
2022,12,10,9,1.99,2.03,2.56,230.98,238,30.06,0.63,3.1,-1.93,-14.9,-8.42,1.83,34.44,0,62.01,1.4,189.93,1.74,190.35
2022,12,10,10,2.29,2.39,2.95,267.62,280.33,35.91,0.89,4.48,0.03,-15.27,-7.63,1.71,28,0,61.99,2.81,210.99,3.56,211.07
2022,12,10,11,2.38,2.51,3.07,279.67,295.5,37.92,0.98,5,1.15,-15.14,-6.99,1.71,25.88,0,61.93,3.66,214.57,4.71,214.32
2022,12,10,12,2.34,2.37,2.92,273.05,278.8,36.38,0.89,4.45,1.59,-14.79,-6.6,1.77,25.75,0,61.86,4.1,216.32,5.33,216
2022,12,10,13,1.84,1.99,2.5,215.33,233.85,28.13,0.58,2.85,1.43,-14.22,-6.4,1.89,27.56,0,61.82,4.1,216.78,5.36,216.29
2022,12,10,14,1.29,1.41,1.85,148.73,164.08,18.16,0.27,1.3,0.63,-13.6,-6.49,2.01,30.94,0,61.8,3.61,217.09,4.79,216.44
2022,12,10,15,0.63,0.68,1,69.42,76.95,7.51,0.05,0.23,-1.13,-11.78,-6.45,2.44,43.12,0,61.8,2.34,220.66,3.27,218.1
2022,12,10,16,0.06,0.06,0.14,5.05,5.48,0.64,0,0.02,-4.63,-10.47,-7.55,2.75,65,0,61.83,1.02,209.31,1.85,203.42
2022,12,10,17,0,0,0,0,0,0,0,0,-5.82,-11.52,-8.67,2.44,64.94,0,61.88,0.64,182.79,1.14,187.47
2022,12,10,18,0,0,0,0,0,0,0,0,-6.26,-11.74,-9,2.44,66.75,0,61.91,0.32,143.97,0.49,151.39
2022,12,10,19,0,0,0,0,0,0,0,0,-6.63,-11.98,-9.31,2.38,68.06,0,61.92,0.26,74.29,0.42,70.56
2022,12,10,20,0,0,0,0,0,0,0,0,-6.95,-12.28,-9.62,2.38,68.88,0,61.93,0.35,40.46,0.62,39.9
2022,12,10,21,0,0,0,0,0,0,0,0,-7.14,-12.69,-9.92,2.32,68.25,0,61.93,0.38,26.57,0.69,29.18
2022,12,10,22,0,0,0,0,0,0,0,0,-7.25,-13.28,-10.27,2.2,66.19,0,61.91,0.37,18.43,0.66,21.67
2022,12,10,23,0,0,0,0,0,0,0,0,-7.6,-14.74,-11.17,1.89,59.5,0,61.89,0.35,18.03,0.59,15.32
2022,12,11,0,0,0,0,0,0,0,0,0,-7.99,-16.12,-12.06,1.71,54,0,61.88,0.36,19.23,0.57,12.7
2022,12,11,1,0,0,0,0,0,0,0,0,-8.42,-17.18,-12.8,1.53,50.75,0,61.87,0.41,19.13,0.64,14.04
2022,12,11,2,0,0,0,0,0,0,0,0,-8.65,-18.16,-13.4,1.4,47.12,0,61.86,0.46,20.9,0.72,17.65
2022,12,11,3,0,0,0,0,0,0,0,0,-8.74,-19.02,-13.88,1.28,43.56,0,61.86,0.48,24.9,0.76,21.8
2022,12,11,4,0,0,0,0,0,0,0,0,-9.02,-19.62,-14.32,1.22,42.06,0,61.87,0.49,23.32,0.79,24.02
2022,12,11,5,0,0,0,0,0,0,0,0,-9.13,-20.15,-14.64,1.16,40.19,0,61.91,0.51,26.57,0.82,27.78
2022,12,11,6,0.1,0.08,0.2,8.27,8.35,0.98,0.01,0.02,-8.74,-20.59,-14.67,1.1,37,0,61.96,0.57,35.45,0.9,36.17
2022,12,11,7,0.72,0.74,1.09,79.77,84.38,8.66,0.06,0.33,-6.99,-15.87,-11.43,1.77,52.56,0,62.02,0.41,35.79,0.77,41.3
2022,12,11,8,1.43,1.45,1.92,164.5,169.65,19.84,0.32,1.58,-3.34,-16.63,-9.99,1.53,32.62,0,62.08,0.67,84.62,0.84,82.48
2022,12,11,9,1.99,2.02,2.55,232.25,237.3,29.94,0.66,3.25,-0.42,-17.98,-9.2,1.34,22.44,0,62.13,0.98,174.97,1.22,174.51
2022,12,11,10,2.38,2.38,2.94,278.52,279.65,36.83,0.95,4.77,1.57,-17.06,-7.75,1.4,20.88,0,62.11,1.93,207.7,2.43,207.8
2022,12,11,11,2.45,2.49,3.06,288.65,294.02,38.56,1.04,5.33,2.84,-15.95,-6.56,1.59,21.06,0,62.06,2.63,215.95,3.35,215.88
2022,12,11,12,2.19,2.36,2.91,257.98,278.38,34.52,0.89,4.5,3.51,-15.07,-5.78,1.71,21.81,0,61.99,3.01,218.03,3.86,217.52
2022,12,11,13,1.84,1.99,2.5,214.62,234.05,28.01,0.61,3.02,3.53,-14.48,-5.48,1.83,23.12,0,61.95,3.08,218,4.01,217.32
2022,12,11,14,1.26,1.41,1.85,145.73,164.67,17.79,0.27,1.38,2.82,-13.7,-5.44,1.95,26.25,0,61.92,2.77,215.71,3.69,214.56
2022,12,11,15,0.68,0.69,1,74.73,77.9,7.89,0.05,0.25,0.65,-9.66,-4.5,2.99,46.69,0,61.92,1.54,219.02,2.33,212.41
2022,12,11,16,0.07,0.06,0.14,5.33,5.73,0.66,0,0.02,-2.86,-10.47,-6.67,2.69,55.5,0,61.94,0.87,184.64,1.57,185.99
2022,12,11,17,0,0,0,0,0,0,0,0,-3.9,-11.97,-7.93,2.32,52.94,0,61.97,0.62,156.33,1.03,159.5
2022,12,11,18,0,0,0,0,0,0,0,0,-4.31,-12.23,-8.27,2.32,54.31,0,62,0.48,114.9,0.85,114.44
2022,12,11,19,0,0,0,0,0,0,0,0,-4.59,-12.46,-8.52,2.32,54.94,0,62.02,0.5,81.87,0.91,82.63
2022,12,11,20,0,0,0,0,0,0,0,0,-4.85,-12.67,-8.76,2.26,55.44,0,62.02,0.55,66.37,1.02,66.97
2022,12,11,21,0,0,0,0,0,0,0,0,-5.17,-12.81,-8.99,2.26,56.5,0,62.02,0.57,57.83,1.1,58.69
2022,12,11,22,0,0,0,0,0,0,0,0,-5.38,-12.95,-9.17,2.2,56.88,0,62,0.59,56.31,1.14,56.2
2022,12,11,23,0,0,0,0,0,0,0,0,-5.55,-13.07,-9.31,2.2,57,0,61.97,0.62,61.5,1.17,59.83
2022,12,12,0,0,0,0,0,0,0,0,0,-5.81,-13.31,-9.56,2.14,56.69,0.14,61.96,0.63,65.67,1.14,63.43
2022,12,12,1,0,0,0,0,0,0,0,0,-6.35,-14.15,-10.24,1.95,54.19,0.14,61.95,0.65,68.07,1.13,65.39
2022,12,12,2,0,0,0,0,0,0,0,0,-6.86,-14.82,-10.84,1.83,52.94,0.14,61.94,0.7,67.72,1.21,65.92
2022,12,12,3,0,0,0,0,0,0,0,0,-7.25,-15.45,-11.35,1.71,51.62,0,61.93,0.73,66.16,1.26,64.38
2022,12,12,4,0,0,0,0,0,0,0,0,-7.69,-16.01,-11.85,1.65,50.94,0,61.93,0.79,64.2,1.36,62.7
2022,12,12,5,0,0,0,0,0,0,0,0,-8.1,-16.57,-12.33,1.53,50.25,0,61.95,0.84,62.96,1.47,61.8
2022,12,12,6,0.1,0.08,0.19,8.12,8.23,0.95,0.01,0.02,-8.32,-16.93,-12.63,1.53,49.88,0,61.98,0.86,62.51,1.52,61.46
2022,12,12,7,0.74,0.75,1.08,81.58,84.92,8.81,0.07,0.35,-6.5,-13.19,-9.85,2.26,63.25,0,62.02,0.6,64.44,1.28,62.34
2022,12,12,8,1.38,1.46,1.91,159.7,170.65,19.5,0.32,1.6,-2.92,-13.31,-8.11,2.08,43.62,0,62.06,1.15,75.87,1.56,74.57
2022,12,12,9,1.95,2.03,2.54,227.52,238.2,29.66,0.67,3.33,0.06,-14.97,-7.45,1.77,29,0,62.09,0.99,154.24,1.23,153.27
2022,12,12,10,2.23,2.38,2.93,261.73,280.1,35.07,0.93,4.73,2.25,-15.6,-6.67,1.65,22.88,0,62.07,2.3,207.35,2.91,207.67
2022,12,12,11,2.34,2.49,3.06,277.02,294.6,37.47,1.04,5.38,3.43,-15.22,-5.89,1.71,21.75,0,62.02,3.28,214.52,4.23,214.45
2022,12,12,12,2.13,2.36,2.91,250.85,277.88,33.73,0.89,4.55,3.82,-14.85,-5.52,1.77,21.88,0,61.96,3.74,215.98,4.87,215.53
2022,12,12,13,1.83,1.98,2.5,214.48,233.27,27.97,0.62,3.1,3.53,-14.48,-5.48,1.83,23.12,0,61.91,3.75,214.91,4.94,214.37
2022,12,12,14,1.25,1.4,1.85,144.55,163.88,17.62,0.28,1.4,2.57,-13.9,-5.67,1.95,26.25,0,61.89,3.25,212.85,4.35,212.09
2022,12,12,15,0.64,0.68,1.01,70.17,77,7.52,0.05,0.27,0.29,-10.28,-5,2.87,45.38,0,61.88,1.83,215.79,2.75,210.94
2022,12,12,16,0.06,0.06,0.14,5.25,5.7,0.66,0,0.02,-3.43,-10.88,-7.15,2.62,56.31,0,61.88,1.03,190.97,1.89,190.47
2022,12,12,17,0,0,0,0,0,0,0,0,-4.49,-12.38,-8.44,2.26,53.56,0,61.91,0.81,176.11,1.39,180.97
2022,12,12,18,0,0,0,0,0,0,0,0,-4.79,-12.85,-8.82,2.2,53.25,0,61.94,0.56,168.69,0.92,174.14
2022,12,12,19,0,0,0,0,0,0,0,0,-5.06,-13.22,-9.14,2.14,53.31,0,61.97,0.33,153.43,0.5,161
2022,12,12,20,0,0,0,0,0,0,0,0,-5.33,-13.49,-9.41,2.14,53.81,0,61.98,0.22,129.29,0.33,135
2022,12,12,21,0,0,0,0,0,0,0,0,-5.63,-13.69,-9.66,2.08,54.81,0,61.98,0.2,113.5,0.29,118.61
2022,12,12,22,0,0,0,0,0,0,0,0,-5.91,-13.85,-9.88,2.08,55.88,0,61.97,0.22,111.04,0.34,114.78
2022,12,12,23,0,0,0,0,0,0,0,0,-6.16,-14.11,-10.13,2.08,56.31,0,61.95,0.28,122.35,0.45,123.69
2022,12,13,0,0,0,0,0,0,0,0,0,-6.61,-14.99,-10.81,1.89,53.94,0.13,61.94,0.35,126.87,0.56,129.91
2022,12,13,1,0,0,0,0,0,0,0,0,-7.31,-15.83,-11.57,1.77,53.12,0.13,61.94,0.34,95.31,0.52,98.62
2022,12,13,2,0,0,0,0,0,0,0,0,-8.12,-16.45,-12.28,1.65,54.12,0.13,61.93,0.42,69.19,0.68,69.29
2022,12,13,3,0,0,0,0,0,0,0,0,-8.77,-17.03,-12.9,1.59,54.75,0,61.93,0.5,55.81,0.86,56.16
2022,12,13,4,0,0,0,0,0,0,0,0,-9.35,-17.56,-13.45,1.53,55.25,0,61.93,0.59,46.61,1.05,47.73
2022,12,13,5,0,0,0,0,0,0,0,0,-9.82,-18.11,-13.96,1.46,54.94,0,61.96,0.67,41.69,1.21,43.17
2022,12,13,6,0.1,0.09,0.18,7.98,8.05,0.94,0.01,0.02,-10.13,-18.5,-14.32,1.4,54.62,0,62,0.74,36.87,1.36,38.92
2022,12,13,7,0.74,0.76,1.07,80.83,84.95,8.73,0.07,0.35,-8.23,-15.02,-11.63,1.95,64.69,0,62.04,0.57,31.1,1.24,35.5
2022,12,13,8,1.43,1.49,1.9,161.58,171.23,19.75,0.33,1.65,-4.32,-15.51,-9.92,1.71,40.5,0,62.09,1.03,54.61,1.37,53.33
2022,12,13,9,1.99,2.07,2.53,228.58,239.02,29.86,0.68,3.38,-1.13,-17.24,-9.18,1.46,26.38,0,62.13,0.74,160.99,0.91,160.02
2022,12,13,10,2.29,2.44,2.93,263.5,281.27,35.47,0.95,4.85,0.87,-16.43,-7.77,1.59,23.94,0,62.12,1.95,207.9,2.45,208.12
2022,12,13,11,2.39,2.54,3.06,276.55,294.05,37.47,1.05,5.45,2.08,-15.78,-6.85,1.65,23,0,62.06,2.82,214.97,3.6,214.83
2022,12,13,12,2.3,2.42,2.91,264.05,278.75,35.38,0.94,4.77,2.62,-15.41,-6.39,1.71,22.69,0,62,3.22,215.31,4.14,214.86
2022,12,13,13,1.83,2.03,2.5,210,234.23,27.58,0.62,3.1,2.54,-15.07,-6.27,1.71,23.5,0,61.95,3.26,214.15,4.24,213.57
2022,12,13,14,1.28,1.45,1.85,145.42,165.52,17.89,0.29,1.45,1.83,-14.54,-6.35,1.83,26.06,0,61.92,2.83,212.73,3.75,211.9
2022,12,13,15,0.67,0.71,1.01,72.55,79.12,7.77,0.05,0.27,-0.11,-10.56,-5.34,2.81,45.88,0,61.9,1.47,216.57,2.23,210.79
2022,12,13,16,0.07,0.07,0.15,5.6,6.1,0.7,0,0.02,-3.31,-11.56,-7.44,2.44,52.38,0,61.89,0.79,183.96,1.41,186.06
2022,12,13,17,0,0,0,0,0,0,0,0,-4.17,-13.34,-8.75,2.08,47.94,0,61.9,0.44,147.99,0.7,151.13
2022,12,13,18,0,0,0,0,0,0,0,0,-4.61,-13.66,-9.13,2.08,49.31,0,61.92,0.44,67.07,0.73,68.65
2022,12,13,19,0,0,0,0,0,0,0,0,-5.06,-13.85,-9.45,2.08,51.06,0,61.94,0.72,41.94,1.24,45.25
2022,12,13,20,0,0,0,0,0,0,0,0,-5.31,-14.12,-9.71,2.01,51.31,0,61.96,0.9,34.38,1.55,37.85
2022,12,13,21,0,0,0,0,0,0,0,0,-5.73,-14.63,-10.18,1.95,50.75,0,61.96,1.03,32.01,1.77,34.39
2022,12,13,22,0,0,0,0,0,0,0,0,-6.36,-15.78,-11.07,1.71,47.5,0,61.96,1.15,33.37,1.94,34.65
2022,12,13,23,0,0,0,0,0,0,0,0,-6.9,-16.84,-11.87,1.53,44.81,0,61.94,1.21,36.57,2.02,37.45
2022,12,14,0,0,0,0,0,0,0,0,0,-7.27,-18.06,-12.67,1.34,41.31,0,61.93,1.23,41.91,2.02,42.33
2022,12,14,1,0,0,0,0,0,0,0,0,-7.45,-19.24,-13.35,1.22,37.88,0,61.91,1.22,47.6,1.99,47.71
2022,12,14,2,0,0,0,0,0,0,0,0,-7.69,-20.21,-13.95,1.16,35.5,0,61.89,1.22,52.54,1.98,52.54
2022,12,14,3,0,0,0,0,0,0,0,0,-7.85,-21.09,-14.47,1.04,33.25,0,61.87,1.22,54.68,1.96,54.22
2022,12,14,4,0,0,0,0,0,0,0,0,-8.02,-21.77,-14.9,0.98,31.44,0,61.88,1.19,57.56,1.92,56.63
2022,12,14,5,0,0,0,0,0,0,0,0,-8.13,-22.35,-15.24,0.92,29.75,0,61.9,1.16,59.3,1.85,58.46
2022,12,14,6,0.1,0.09,0.18,7.92,8.08,0.9,0.01,0.02,-8.1,-22.63,-15.37,0.85,28.62,0,61.93,1.12,61.65,1.77,60.72
2022,12,14,7,0.78,0.78,1.06,84.7,86.3,8.96,0.07,0.35,-6.46,-18.51,-12.49,1.4,39.12,0,61.96,0.92,67.12,1.57,65.34
2022,12,14,8,1.42,1.5,1.89,161.25,172.33,19.71,0.33,1.62,-2.97,-14.62,-8.79,1.89,40.12,0,62,0.88,89.49,1.3,86.9
2022,12,14,9,2.01,2.08,2.53,230.1,239.7,29.93,0.68,3.35,-0.13,-16.77,-8.45,1.53,24.94,0,62.03,1.58,172.31,1.99,171.87
2022,12,14,10,2.3,2.44,2.92,265.12,281.88,35.6,0.95,4.85,1.54,-16.34,-7.4,1.59,22.75,0,62.01,2.7,201.59,3.42,201.41
2022,12,14,11,2.37,2.52,3.05,274.92,292.33,37.09,1.04,5.38,2.42,-15.74,-6.66,1.65,22.38,0,61.96,3.36,206.68,4.33,206.47
2022,12,14,12,2.24,2.39,2.91,257.33,275.85,34.43,0.91,4.65,2.68,-15.42,-6.37,1.65,22.5,0,61.9,3.79,208.04,4.93,207.78
2022,12,14,13,1.86,2.01,2.5,213.88,231.42,27.88,0.62,3.12,2.29,-15.23,-6.47,1.71,23.56,0,61.86,3.86,209.16,5.07,208.81
2022,12,14,14,1.3,1.42,1.85,146.88,162.35,18.01,0.3,1.48,1.31,-14.77,-6.73,1.77,26.44,0,61.84,3.3,207.17,4.37,206.66
2022,12,14,15,0.64,0.69,1.01,69.48,76.4,7.61,0.05,0.27,-0.63,-11.66,-6.15,2.5,43.19,0,61.83,1.9,206.57,2.79,203.11
2022,12,14,16,0.07,0.06,0.15,5.52,5.9,0.7,0,0.02,-4.11,-11.28,-7.7,2.5,57.75,0,61.82,0.97,180.92,1.8,180.25
2022,12,14,17,0,0,0,0,0,0,0,0,-5.24,-12.56,-8.89,2.26,56.5,0,61.83,0.76,158.96,1.35,160.1
2022,12,14,18,0,0,0,0,0,0,0,0,-5.6,-12.79,-9.2,2.26,58.06,0,61.84,0.54,136.17,0.99,135.32
2022,12,14,19,0,0,0,0,0,0,0,0,-5.88,-13.12,-9.5,2.2,58.5,0,61.86,0.39,102.65,0.75,102.01
2022,12,14,20,0,0,0,0,0,0,0,0,-6.2,-13.66,-9.92,2.14,57.75,0,61.86,0.35,66.3,0.64,69.11
2022,12,14,21,0,0,0,0,0,0,0,0,-6.71,-14.77,-10.74,1.89,54.38,0,61.87,0.48,41.71,0.81,43.43
2022,12,14,22,0,0,0,0,0,0,0,0,-7.24,-15.7,-11.47,1.77,52.31,0,61.85,0.65,27.79,1.08,29.34
2022,12,14,23,0,0,0,0,0,0,0,0,-7.93,-16.44,-12.18,1.65,52,0,61.83,0.85,21.11,1.41,22.86
2022,12,15,0,0,0,0,0,0,0,0,0,-8.65,-17.28,-12.97,1.53,51.19,0,61.8,1.03,18.57,1.72,19.92
2022,12,15,1,0,0,0,0,0,0,0,0,-9.42,-18.08,-13.75,1.4,50.62,0,61.77,1.21,19.26,2.05,20.1
2022,12,15,2,0,0,0,0,0,0,0,0,-10.2,-18.76,-14.48,1.28,50.31,0,61.73,1.37,20.4,2.38,20.93
2022,12,15,3,0,0,0,0,0,0,0,0,-10.91,-19.36,-15.13,1.22,49.81,0,61.69,1.49,20.91,2.67,21.09
2022,12,15,4,0,0,0,0,0,0,0,0,-11.63,-19.85,-15.74,1.16,50.12,0,61.67,1.59,21.38,2.94,21.38
2022,12,15,5,0,0,0,0,0,0,0,0,-12.27,-20.24,-16.26,1.1,50.69,0,61.68,1.63,23.74,3.12,23.8
2022,12,15,6,0.09,0.08,0.17,7.2,7.25,0.84,0,0.02,-12.81,-20.32,-16.56,1.1,52.81,0,61.71,1.63,23.38,3.24,23.72
2022,12,15,7,0.74,0.75,1.05,79.1,83.1,8.53,0.05,0.27,-10.2,-16.44,-13.31,1.59,62.06,0,61.75,1.4,23.41,2.94,23.64
2022,12,15,8,1.46,1.48,1.88,164.35,169.45,19.85,0.28,1.4,-5.44,-17.48,-11.46,1.4,35.88,0,61.81,2.52,25.13,3.52,25.26
2022,12,15,9,2.02,2.06,2.52,231.7,237.52,30,0.6,2.98,-1.27,-18.19,-9.73,1.28,23.31,0,61.84,1.91,20.8,2.44,21.22
2022,12,15,10,2.37,2.42,2.92,274.02,280.35,36.53,0.88,4.4,1.6,-18.28,-8.34,1.28,18.38,0,61.82,0.93,330.43,1.14,329.91
2022,12,15,11,2.43,2.5,3.05,281.55,291.02,37.75,0.95,4.8,3.12,-17.09,-6.98,1.4,18.5,0,61.75,1.49,263.66,1.83,263.63
2022,12,15,12,2.34,2.38,2.91,270.2,276,35.85,0.85,4.27,3.83,-16.01,-6.09,1.59,19.5,0,61.68,2.09,242.86,2.64,242.3
2022,12,15,13,1.93,2.01,2.5,222.05,232.58,28.81,0.58,2.88,3.84,-15.17,-5.67,1.71,21.19,0,61.63,2.28,232.82,2.94,231.91
2022,12,15,14,1.32,1.42,1.86,150.27,164.23,18.33,0.26,1.27,3.15,-14.08,-5.46,1.95,24.88,0,61.61,2.07,223.63,2.78,221.93
2022,12,15,15,0.65,0.7,1.02,70.73,78.27,7.67,0.05,0.23,0.85,-8.8,-3.97,3.23,49.5,0,61.61,0.97,221.1,1.69,211.56
2022,12,15,16,0.07,0.06,0.15,5.8,6.08,0.72,0,0.02,-2.2,-10.77,-6.49,2.69,51.62,0,61.63,0.84,185.87,1.48,185.74
2022,12,15,17,0,0,0,0,0,0,0,0,-2.88,-12.31,-7.6,2.32,48,0,61.67,0.65,164.62,1.03,162.8
2022,12,15,18,0,0,0,0,0,0,0,0,-3.22,-12.47,-7.85,2.32,49.12,0,61.71,0.42,117.51,0.69,116.85
2022,12,15,19,0,0,0,0,0,0,0,0,-3.61,-12.6,-8.1,2.32,50.62,0,61.73,0.48,70.97,0.81,71.92
2022,12,15,20,0,0,0,0,0,0,0,0,-3.88,-12.77,-8.32,2.26,51.06,0,61.74,0.53,48.01,0.89,50
2022,12,15,21,0,0,0,0,0,0,0,0,-4.06,-12.99,-8.52,2.26,50.69,0,61.75,0.54,36.7,0.9,40.06
2022,12,15,22,0,0,0,0,0,0,0,0,-4.42,-13.72,-9.07,2.08,48.44,0,61.73,0.57,32.59,0.93,35.03
2022,12,15,23,0,0,0,0,0,0,0,0,-4.91,-14.35,-9.63,1.95,47.25,0,61.7,0.65,31.79,1.05,34.05
2022,12,16,0,0,0,0,0,0,0,0,0,-5.36,-14.82,-10.1,1.83,46.56,0,61.68,0.74,32.52,1.19,34.53
2022,12,16,1,0,0,0,0,0,0,0,0,-5.87,-15.35,-10.61,1.71,45.94,0,61.65,0.83,33.09,1.31,34.82
2022,12,16,2,0,0,0,0,0,0,0,0,-6.42,-15.82,-11.13,1.65,45.88,0,61.63,0.92,33.96,1.46,35.64
2022,12,16,3,0,0,0,0,0,0,0,0,-6.86,-16.35,-11.6,1.59,45.25,0,61.62,0.99,35.7,1.58,37.15
2022,12,16,4,0,0,0,0,0,0,0,0,-7.29,-16.89,-12.09,1.46,44.62,0,61.63,1.05,36.87,1.7,38.29
2022,12,16,5,0,0,0,0,0,0,0,0,-7.65,-17.53,-12.6,1.4,43.5,0,61.66,1.11,34.93,1.81,36.57
2022,12,16,6,0.09,0.07,0.16,6.6,6.67,0.79,0,0.02,-7.92,-18.03,-12.98,1.34,42.75,0,61.68,1.2,32.76,1.99,34.75
2022,12,16,7,0.71,0.73,1.04,76.27,80.83,8.18,0.04,0.2,-5.89,-15.17,-10.53,1.83,48.5,0,61.72,0.94,29.98,1.63,32.24
2022,12,16,8,1.41,1.46,1.87,159.4,167.23,19.33,0.24,1.2,-2.17,-12.98,-7.57,2.2,42.62,0,61.79,0.57,59.57,0.85,56.31
2022,12,16,9,2,2.04,2.51,228.75,235.45,29.77,0.55,2.73,0.58,-14.51,-6.97,1.89,29.12,0,61.83,1.07,181.67,1.35,180.66
2022,12,16,10,2.32,2.4,2.91,267.6,278.15,35.73,0.79,3.92,2.33,-13.82,-5.75,2.01,27.25,0,61.79,1.94,210.29,2.43,210.11
2022,12,16,11,2.48,2.47,3.05,285.88,286.15,37.92,0.88,4.35,3.33,-13.25,-4.96,2.08,26.56,0,61.72,2.69,217.34,3.44,217.05
2022,12,16,12,2.24,2.34,2.91,257.42,270.2,34.1,0.75,3.75,3.81,-12.91,-4.55,2.14,26.44,0,61.64,3.23,217.62,4.18,216.96
2022,12,16,13,1.89,1.97,2.5,215.73,226.73,27.76,0.51,2.52,3.63,-12.62,-4.49,2.2,27.5,0,61.6,3.44,214.92,4.52,214.16
2022,12,16,14,1.3,1.39,1.86,147,158.45,17.78,0.23,1.1,2.72,-12.08,-4.68,2.32,30.94,0,61.58,3.27,212.21,4.41,211.16
2022,12,16,15,0.63,0.67,1.02,67.45,73.75,7.39,0.04,0.2,0.44,-9.63,-4.6,2.99,46.56,0,61.6,2.03,212.77,3.03,209.34
2022,12,16,16,0.07,0.06,0.15,5.45,5.67,0.7,0,0.02,-3.63,-9.04,-6.34,3.05,67.44,0,61.63,1.05,192.9,2.08,190.59
2022,12,16,17,0,0,0,0,0,0,0,0,-4.67,-9.95,-7.31,2.87,68.19,0,61.67,0.79,170.91,1.43,173.11
2022,12,16,18,0,0,0,0,0,0,0,0,-4.95,-10.07,-7.51,2.87,69.75,0,61.72,0.49,140.77,0.85,142.82
2022,12,16,19,0,0,0,0,0,0,0,0,-5.19,-10.21,-7.7,2.81,70.94,0,61.77,0.38,95.95,0.68,96.63
2022,12,16,20,0,0,0,0,0,0,0,0,-5.39,-10.38,-7.89,2.81,71.38,0,61.8,0.43,61.56,0.8,63.94
2022,12,16,21,0,0,0,0,0,0,0,0,-5.67,-10.47,-8.07,2.75,72.31,0,61.81,0.57,42.8,1.09,47.31
2022,12,16,22,0,0,0,0,0,0,0,0,-5.98,-10.78,-8.38,2.69,71.88,0,61.8,0.76,33.69,1.4,37.96
2022,12,16,23,0,0,0,0,0,0,0,0,-6.56,-11.7,-9.13,2.44,68.94,0,61.77,0.97,30.88,1.7,33.4
2022,12,17,0,0,0,0,0,0,0,0,0,-7.18,-12.61,-9.9,2.26,66.5,0,61.74,1.13,31.17,1.93,32.6
2022,12,17,1,0,0,0,0,0,0,0,0,-7.85,-13.59,-10.72,2.01,64.19,0,61.73,1.24,31.58,2.13,32.41
2022,12,17,2,0,0,0,0,0,0,0,0,-8.56,-14.61,-11.59,1.83,62.06,0,61.71,1.34,31.65,2.33,32.25
2022,12,17,3,0,0,0,0,0,0,0,0,-9.17,-15.64,-12.4,1.71,59.44,0,61.69,1.41,31.84,2.49,32.29
2022,12,17,4,0,0,0,0,0,0,0,0,-9.62,-16.63,-13.13,1.53,56.25,0,61.7,1.45,32.23,2.57,32.72
2022,12,17,5,0,0,0,0,0,0,0,0,-9.94,-17.5,-13.72,1.4,53.06,0,61.73,1.48,33.35,2.62,33.69
2022,12,17,6,0.05,0.07,0.16,4.25,6.25,0.63,0,0.02,-10.09,-18.02,-14.06,1.34,51.12,0,61.77,1.48,34.45,2.63,34.82
2022,12,17,7,0.69,0.71,1.03,74.9,78.83,8.12,0.04,0.2,-8,-14.22,-11.11,1.95,63.38,0,61.82,1.14,35.22,2.33,36.25
2022,12,17,8,1.39,1.43,1.86,157.62,164.77,19.16,0.23,1.17,-3.59,-15.16,-9.37,1.77,38.56,0,61.88,1.73,44.45,2.4,44.21
2022,12,17,9,1.94,2.01,2.5,223.48,232.98,29.04,0.53,2.6,-0.4,-15.57,-7.99,1.65,28.19,0,61.91,0.66,117.47,0.85,116.8
2022,12,17,10,2.29,2.38,2.91,265.27,276.15,35.4,0.77,3.83,1.48,-15.16,-6.85,1.71,25.44,0,61.89,1.54,213.85,1.89,213.56
2022,12,17,11,2.5,2.53,3.04,283.88,287.33,38.81,0.91,4.55,2.52,-14.46,-5.97,1.83,25.06,0,61.83,2.29,222.65,2.89,222.37
2022,12,17,12,2.19,2.36,2.91,250.38,270.6,33.79,0.75,3.73,3.14,-13.91,-5.38,1.95,25.19,0,61.78,2.73,222.33,3.49,221.73
2022,12,17,13,1.93,1.95,2.5,221.7,225.88,28.3,0.51,2.5,3.12,-13.38,-5.13,2.08,26.5,0,61.74,2.91,219.12,3.78,218.2
2022,12,17,14,1.25,1.38,1.86,142.33,158.4,17.32,0.22,1.05,2.37,-12.55,-5.09,2.2,30.38,0,61.73,2.65,214.44,3.54,213.02
2022,12,17,15,0.66,0.67,1.03,71.45,74.27,7.74,0.04,0.2,0.34,-9.63,-4.65,2.99,47,0,61.74,1.51,212.95,2.29,208.05
2022,12,17,16,0.07,0.06,0.16,5.25,5.85,0.68,0,0.02,-3.4,-9.2,-6.3,3.05,65.06,0,61.77,0.85,186.86,1.67,186.19
2022,12,17,17,0,0,0,0,0,0,0,0,-4.25,-10.46,-7.35,2.75,63,0,61.81,0.65,165.29,1.12,165.48
2022,12,17,18,0,0,0,0,0,0,0,0,-4.45,-10.71,-7.58,2.69,63.31,0,61.86,0.41,116.08,0.7,116.57
2022,12,17,19,0,0,0,0,0,0,0,0,-4.72,-10.93,-7.83,2.62,63.94,0,61.89,0.45,66.54,0.77,67.87
2022,12,17,20,0,0,0,0,0,0,0,0,-4.82,-11.24,-8.02,2.56,62.94,0,61.9,0.53,41.42,0.88,43.57
2022,12,17,21,0,0,0,0,0,0,0,0,-4.82,-11.58,-8.2,2.5,61.25,0,61.89,0.57,31.1,0.94,33.16
2022,12,17,22,0,0,0,0,0,0,0,0,-4.86,-12.06,-8.45,2.38,58.81,0,61.87,0.63,24.97,1.01,27.16
2022,12,17,23,0,0,0,0,0,0,0,0,-5.19,-12.98,-9.08,2.2,55.19,0,61.85,0.69,24.23,1.08,24.89
2022,12,18,0,0,0,0,0,0,0,0,0,-5.66,-13.85,-9.75,2.01,52.75,0,61.83,0.75,27.1,1.17,27.76
2022,12,18,1,0,0,0,0,0,0,0,0,-6.2,-14.68,-10.44,1.83,50.88,0,61.81,0.84,26.09,1.31,26.26
2022,12,18,2,0,0,0,0,0,0,0,0,-6.97,-15.48,-11.22,1.71,50.31,0,61.77,1,22.14,1.59,21.64
2022,12,18,3,0,0,0,0,0,0,0,0,-7.72,-16.24,-11.98,1.59,49.75,0,61.75,1.17,21.59,1.9,21.41
2022,12,18,4,0,0,0,0,0,0,0,0,-8.35,-16.98,-12.67,1.46,48.75,0,61.75,1.29,22.51,2.14,22.35
2022,12,18,5,0,0,0,0,0,0,0,0,-9.05,-17.53,-13.29,1.4,49,0,61.78,1.39,25.99,2.37,26.4
2022,12,18,6,0.08,0.07,0.15,6.12,6.23,0.73,0,0.02,-9.58,-17.88,-13.73,1.34,49.75,0,61.82,1.46,26.43,2.54,26.88
2022,12,18,7,0.7,0.72,1.02,76.12,79.92,8.12,0.04,0.2,-7.83,-14.1,-10.97,2.01,63.19,0,61.85,1.16,25.18,2.37,26.82
2022,12,18,8,1.44,1.44,1.86,163.73,166.6,19.65,0.25,1.23,-3.33,-14.51,-8.92,1.89,40.31,0,61.89,1.74,32.69,2.45,32.63
2022,12,18,9,2.01,2.02,2.5,232.05,235.23,29.95,0.55,2.75,0.26,-15.75,-7.74,1.65,26.25,0,61.93,0.78,45.41,0.99,46.6
2022,12,18,10,2.4,2.39,2.9,278.25,278.67,36.94,0.82,4.08,2.91,-15.86,-6.48,1.65,21.62,0,61.91,1.24,230.61,1.54,230.57
2022,12,18,11,2.44,2.49,3.04,284.02,290.02,38.03,0.9,4.48,3.97,-14.81,-5.42,1.83,22.12,0,61.85,2.3,222.52,2.92,222.07
2022,12,18,12,2.29,2.37,2.91,265.02,276.05,35.33,0.79,3.95,4.3,-13.8,-4.74,1.95,23.69,0,61.79,2.91,217.15,3.77,216.39
2022,12,18,13,1.95,2,2.51,225.3,233.48,29.16,0.55,2.67,3.99,-12.75,-4.38,2.2,26.69,0,61.76,3.17,212.12,4.17,211.37
2022,12,18,14,1.31,1.43,1.87,150.15,165.77,18.41,0.24,1.17,2.91,-11.44,-4.26,2.5,32.69,0,61.75,3.02,206.57,4.06,205.63
2022,12,18,15,0.67,0.71,1.03,73.65,79.65,7.96,0.04,0.2,0.55,-8.54,-3.99,3.3,51,0,61.75,1.81,203.46,2.71,200.42
2022,12,18,16,0.08,0.07,0.16,6.3,6.5,0.77,0,0.02,-3.42,-8.01,-5.71,3.36,72.44,0,61.76,0.99,183.18,1.93,182.78
2022,12,18,17,0,0,0,0,0,0,0,0,-4.61,-8.69,-6.65,3.17,75.94,0,61.78,0.75,161.19,1.34,163.36
2022,12,18,18,0,0,0,0,0,0,0,0,-5.13,-8.64,-6.88,3.23,80.12,0,61.79,0.49,121.43,0.88,120.88
2022,12,18,19,0,0,0,0,0,0,0,0,-5.46,-8.77,-7.12,3.17,81.44,0,61.8,0.45,87.04,0.89,85.49
2022,12,18,20,0,0,0,0,0,0,0,0,-5.6,-8.99,-7.29,3.11,80.62,0,61.8,0.45,69.68,0.89,69.97
2022,12,18,21,0,0,0,0,0,0,0,0,-5.7,-9.23,-7.46,3.05,79.5,0,61.8,0.45,60.75,0.86,62.51
2022,12,18,22,0,0,0,0,0,0,0,0,-5.91,-9.45,-7.67,2.99,79.56,0,61.79,0.46,55.49,0.86,57.61
2022,12,18,23,0,0,0,0,0,0,0,0,-6.36,-9.92,-8.13,2.87,79.69,0,61.76,0.51,48.08,0.97,50.91
2022,12,19,0,0,0,0,0,0,0,0,0,-7.06,-10.93,-8.99,2.62,77.5,0,61.74,0.66,46.91,1.21,49.2
2022,12,19,1,0,0,0,0,0,0,0,0,-7.61,-11.99,-9.8,2.38,74.44,0,61.71,0.81,47.35,1.45,49.6
2022,12,19,2,0,0,0,0,0,0,0,0,-8.27,-13.08,-10.67,2.2,72,0,61.68,0.98,46.62,1.72,48.86
2022,12,19,3,0,0,0,0,0,0,0,0,-8.8,-14.33,-11.56,2.01,67.94,0,61.64,1.07,45.89,1.85,47.74
2022,12,19,4,0,0,0,0,0,0,0,0,-9.1,-15.65,-12.38,1.77,62.62,0,61.62,1.1,47.01,1.87,48.39
2022,12,19,5,0,0,0,0,0,0,0,0,-9.24,-17.01,-13.13,1.59,56.5,0,61.63,1.09,49.93,1.83,51.42
2022,12,19,6,0.08,0.07,0.15,5.98,6.02,0.71,0,0.02,-9.19,-18.13,-13.66,1.46,51,0,61.65,1.05,54.66,1.74,55.45
2022,12,19,7,0.68,0.71,1.01,74.7,80.02,7.96,0.04,0.17,-7.42,-15.24,-11.33,2.01,60.38,0,61.68,0.76,61.58,1.45,62.33
2022,12,19,8,1.41,1.44,1.85,160.85,167.2,19.46,0.23,1.12,-4.06,-14.67,-9.36,1.95,44.88,0,61.72,1.24,92.54,1.63,91.1
2022,12,19,9,1.96,2.03,2.49,226.65,236.02,29.55,0.52,2.55,-1.62,-13.91,-7.76,2.08,38.31,0,61.75,1.39,165.96,1.73,165.34
2022,12,19,10,2.33,2.4,2.9,270.92,279.65,36.33,0.77,3.8,0.26,-14.14,-6.94,1.95,31.25,0,61.73,2.19,204.92,2.75,204.89
2022,12,19,11,2.42,2.5,3.04,282.7,292.6,38.12,0.85,4.23,1.46,-14.22,-6.38,1.89,28,0,61.66,2.9,214.12,3.7,213.99
2022,12,19,12,2.33,2.39,2.91,270.55,278.8,36.19,0.77,3.8,2.05,-14.05,-6,1.95,27.06,0,61.59,3.44,217.05,4.44,216.49
2022,12,19,13,1.89,2.02,2.51,218.9,236.08,28.66,0.51,2.5,1.95,-13.77,-5.91,2.01,27.94,0,61.54,3.7,217.45,4.86,216.76
2022,12,19,14,1.34,1.45,1.87,153.33,168.48,18.88,0.23,1.12,1.13,-13.18,-6.02,2.14,31.44,0,61.51,3.39,216.66,4.52,215.64
2022,12,19,15,0.67,0.73,1.04,73.25,82.35,7.92,0.04,0.2,-0.77,-11.3,-6.04,2.56,44.38,0,61.5,2.1,219.12,2.99,215.97
2022,12,19,16,0.08,0.08,0.17,6.45,6.9,0.78,0,0.02,-4.62,-9.87,-7.24,2.93,69.06,0,61.5,0.83,204.62,1.63,198.69
2022,12,19,17,0,0,0,0,0,0,0,0,-5.81,-10.66,-8.23,2.69,71.44,0,61.52,0.5,178.21,0.91,182.45
2022,12,19,18,0,0,0,0,0,0,0,0,-6.21,-10.88,-8.54,2.69,73.62,0,61.55,0.25,132.51,0.44,133.57
2022,12,19,19,0,0,0,0,0,0,0,0,-6.47,-11.24,-8.86,2.62,73.81,0,61.56,0.3,64.09,0.56,65.22
2022,12,19,20,0,0,0,0,0,0,0,0,-6.63,-11.77,-9.2,2.56,72.25,0,61.57,0.45,40.82,0.84,43.49
2022,12,19,21,0,0,0,0,0,0,0,0,-6.83,-12.74,-9.78,2.32,67.56,0,61.57,0.55,32.78,0.98,34.95
2022,12,19,22,0,0,0,0,0,0,0,0,-7.17,-14.27,-10.72,2.01,60.06,0,61.56,0.61,30.84,1.02,30.51
2022,12,19,23,0,0,0,0,0,0,0,0,-7.47,-15.59,-11.53,1.77,54.19,0,61.55,0.58,30.03,0.94,28.92
2022,12,20,0,0,0,0,0,0,0,0,0,-7.76,-16.7,-12.23,1.59,50.06,0,61.54,0.52,34.64,0.83,33.09
2022,12,20,1,0,0,0,0,0,0,0,0,-8.12,-17.62,-12.87,1.46,47.5,0,61.54,0.5,37.41,0.79,36.53
2022,12,20,2,0,0,0,0,0,0,0,0,-8.52,-18.41,-13.47,1.4,45.94,0,61.54,0.54,36.21,0.87,35.84
2022,12,20,3,0,0,0,0,0,0,0,0,-8.91,-19.15,-14.02,1.28,44.44,0,61.53,0.59,35.36,0.96,36.03
2022,12,20,4,0,0,0,0,0,0,0,0,-9.23,-19.88,-14.56,1.22,42.75,0,61.54,0.62,36.87,1.02,37.84
2022,12,20,5,0,0,0,0,0,0,0,0,-9.49,-20.56,-15.02,1.1,41,0,61.58,0.64,39.09,1.06,40.51
2022,12,20,6,0.08,0.07,0.14,5.88,5.95,0.69,0,0.02,-9.63,-20.96,-15.3,1.1,39.88,0,61.62,0.65,41.12,1.09,42.96
2022,12,20,7,0.71,0.72,1,76.45,79.85,8.05,0.04,0.2,-8.01,-16.88,-12.45,1.65,52.44,0,61.67,0.45,40.82,0.92,46.38
2022,12,20,8,1.41,1.45,1.84,160.17,166.75,19.3,0.24,1.2,-4.17,-15.41,-9.79,1.77,40.38,0,61.72,0.72,82.57,0.96,81.08
2022,12,20,9,2.01,2.04,2.49,230.92,235.45,29.89,0.55,2.7,-1.46,-16.96,-9.21,1.53,28.12,0,61.76,1.03,165.54,1.3,165.38
2022,12,20,10,2.39,2.41,2.9,275.55,279.1,36.73,0.81,4.02,0.35,-16.89,-8.27,1.53,23.81,0,61.73,1.77,199.64,2.22,199.78
2022,12,20,11,2.41,2.51,3.04,279.42,291.42,37.59,0.88,4.42,1.55,-16.53,-7.49,1.53,22.19,0,61.67,2.57,209.92,3.25,209.95
2022,12,20,12,2.36,2.4,2.91,272.4,277.88,36.22,0.8,4,2.1,-16.17,-7.03,1.59,21.88,0,61.61,3.21,212.37,4.13,211.86
2022,12,20,13,1.86,2.03,2.51,215.42,235.38,28.27,0.53,2.62,1.96,-15.84,-6.94,1.65,22.75,0,61.58,3.43,212.35,4.47,211.72
2022,12,20,14,1.31,1.46,1.88,149.67,168.1,18.41,0.24,1.17,1.14,-15.35,-7.1,1.71,25.38,0,61.58,3.12,211.38,4.14,210.54
2022,12,20,15,0.64,0.73,1.05,70.48,82.55,7.81,0.04,0.2,-0.85,-12.54,-6.7,2.32,40.38,0,61.58,1.83,213.35,2.66,209.43
2022,12,20,16,0.08,0.08,0.17,6.2,7.2,0.78,0,0.02,-4.37,-10.82,-7.6,2.62,61.75,0,61.58,0.81,191.75,1.62,186.37
2022,12,20,17,0,0,0,0,0,0,0,0,-5.38,-11.88,-8.63,2.38,61.19,0,61.61,0.54,165.76,1.02,167.66
2022,12,20,18,0,0,0,0,0,0,0,0,-5.91,-12.56,-9.24,2.32,61.31,0,61.64,0.34,133.15,0.63,133.99
2022,12,20,19,0,0,0,0,0,0,0,0,-6.25,-13.06,-9.66,2.26,61.62,0,61.65,0.27,109.98,0.57,107.68
2022,12,20,20,0,0,0,0,0,0,0,0,-6.52,-13.47,-9.99,2.2,61.56,0,61.65,0.25,114.15,0.51,111.48
2022,12,20,21,0,0,0,0,0,0,0,0,-7.07,-14.5,-10.79,1.95,58.25,0,61.64,0.34,132.18,0.58,132.27
2022,12,20,22,0,0,0,0,0,0,0,0,-7.69,-15.52,-11.6,1.77,55.44,0,61.62,0.45,144.93,0.74,148.83
2022,12,20,23,0,0,0,0,0,0,0,0,-8.31,-16.49,-12.39,1.65,53.25,0,61.6,0.51,149.93,0.84,157.01
2022,12,21,0,0,0,0,0,0,0,0,0,-8.88,-17.31,-13.1,1.53,51.75,0,61.59,0.57,153.08,0.94,161.57
2022,12,21,1,0,0,0,0,0,0,0,0,-9.4,-18.02,-13.71,1.4,50.5,0,61.59,0.63,154.08,1.04,163.34
2022,12,21,2,0,0,0,0,0,0,0,0,-9.85,-18.69,-14.27,1.28,49.12,0,61.58,0.65,151.28,1.07,160.37
2022,12,21,3,0,0,0,0,0,0,0,0,-10.2,-19.33,-14.77,1.22,47.44,0,61.58,0.69,152.27,1.13,159.81
2022,12,21,4,0,0,0,0,0,0,0,0,-10.54,-19.93,-15.24,1.16,46,0,61.61,0.75,154.77,1.24,161.68
2022,12,21,5,0,0,0,0,0,0,0,0,-10.82,-20.48,-15.65,1.1,44.62,0,61.65,0.8,154.68,1.34,160.93
2022,12,21,6,0.07,0.06,0.14,5.33,5.35,0.65,0,0.02,-10.96,-20.75,-15.86,1.04,44.06,0,61.69,0.81,151.7,1.34,158.07
2022,12,21,7,0.66,0.69,1,71.12,75.8,7.62,0.04,0.17,-9.24,-17.1,-13.17,1.53,55.06,0,61.74,0.7,152.57,1.28,153.9
2022,12,21,8,1.33,1.41,1.84,150.08,161.8,18.14,0.22,1.08,-5.4,-16.6,-11,1.59,40.5,0,61.79,1.35,161.04,1.84,161.41
2022,12,21,9,1.87,2,2.48,213.58,230.4,27.68,0.5,2.45,-2.55,-19.02,-10.78,1.22,24.38,0,61.83,2.73,188.55,3.54,188.51
2022,12,21,10,2.29,2.37,2.89,263.9,274.67,35.08,0.76,3.75,-0.98,-18.7,-9.85,1.22,21.62,0,61.82,3.49,198.39,4.49,198.25
2022,12,21,11,2.4,2.48,3.04,278.83,288.75,37.33,0.85,4.25,-0.06,-18.11,-9.09,1.28,21.12,0,61.76,3.91,202.82,5.02,202.61
2022,12,21,12,2.39,2.39,2.91,274.45,275.77,36.38,0.79,3.9,0.25,-17.77,-8.76,1.34,21.31,0,61.69,4.1,205,5.28,204.75
2022,12,21,13,1.86,2.03,2.52,214,233.23,27.9,0.52,2.52,0.01,-17.47,-8.73,1.4,22.31,0,61.65,4,205.81,5.18,205.44
2022,12,21,14,1.37,1.46,1.88,154.33,166.75,18.86,0.23,1.17,-0.77,-17.1,-8.94,1.46,24.81,0,61.63,3.49,203.47,4.58,202.89
2022,12,21,15,0.71,0.74,1.06,75.9,81.83,8.14,0.04,0.2,-2.44,-15.1,-8.77,1.83,35.94,0,61.61,2.28,200.05,3.17,197.94
2022,12,21,16,0.08,0.08,0.17,6.62,7.25,0.8,0,0.02,-5.92,-12.22,-9.06,2.38,62.75,0,61.61,0.97,181.39,1.89,177.15
2022,12,21,17,0,0,0,0,0,0,0,0,-7.08,-13.17,-10.13,2.14,63.69,0,61.63,0.77,159.72,1.5,159.2
2022,12,21,18,0,0,0,0,0,0,0,0,-7.54,-13.63,-10.58,2.14,64.69,0,61.66,0.59,139.81,1.16,137.73
2022,12,21,19,0,0,0,0,0,0,0,0,-8.24,-15.02,-11.63,1.83,60.38,0,61.68,0.55,112.56,1,112.55
2022,12,21,20,0,0,0,0,0,0,0,0,-8.85,-16.17,-12.51,1.65,57.38,0,61.69,0.53,91.68,0.91,91.48
2022,12,21,21,0,0,0,0,0,0,0,0,-9.39,-17.05,-13.22,1.53,55.62,0,61.68,0.53,80.68,0.89,79.88
2022,12,21,22,0,0,0,0,0,0,0,0,-9.83,-17.81,-13.81,1.46,54,0,61.65,0.53,78.86,0.86,77.87
2022,12,21,23,0,0,0,0,0,0,0,0,-10.16,-18.44,-14.3,1.34,52.56,0,61.63,0.52,83.09,0.83,82.94
2022,12,22,0,0,0,0,0,0,0,0,0,-10.61,-18.9,-14.75,1.28,52.44,0,61.62,0.53,85.79,0.83,85.68
2022,12,22,1,0,0,0,0,0,0,0,0,-11.08,-19.32,-15.2,1.28,52.5,0,61.6,0.62,82.07,0.99,81.87
2022,12,22,2,0,0,0,0,0,0,0,0,-11.44,-19.7,-15.56,1.22,52.25,0,61.57,0.71,84.35,1.15,82.97
2022,12,22,3,0,0,0,0,0,0,0,0,-11.71,-19.99,-15.85,1.16,51.88,0,61.55,0.74,80.84,1.17,79.97
2022,12,22,4,0,0,0,0,0,0,0,0,-12.1,-20.18,-16.14,1.16,52.31,0,61.55,0.81,70.87,1.31,69.4
2022,12,22,5,0,0,0,0,0,0,0,0,-12.42,-20.25,-16.34,1.1,52.69,0,61.57,0.94,65.36,1.52,63.7
2022,12,22,6,0.07,0.06,0.13,5.3,5.35,0.62,0,0,-12.58,-20.17,-16.38,1.1,52.88,0,61.6,0.98,60.37,1.59,58.65
2022,12,22,7,0.71,0.72,0.99,75.15,77.77,7.86,0.03,0.17,-11.1,-17.04,-14.07,1.53,64.06,0,61.64,0.8,59.42,1.48,56.39
2022,12,22,8,1.42,1.46,1.83,157.2,164.45,18.9,0.21,1.05,-7.27,-16.56,-11.92,1.53,46.38,0,61.69,0.96,84.89,1.29,81.97
2022,12,22,9,2,2.06,2.48,224.75,233.05,29.05,0.48,2.42,-4.55,-17.9,-11.23,1.34,31.81,0,61.72,1.59,166.65,1.95,166.35
2022,12,22,10,2.35,2.44,2.89,265.35,276.4,35.37,0.73,3.58,-2.72,-17.67,-10.2,1.34,27.75,0,61.68,2.36,192.02,2.93,191.85
2022,12,22,11,2.54,2.53,3.04,289.6,289.25,38.31,0.82,4.05,-1.48,-17.13,-9.31,1.46,26.25,0,61.62,2.98,199.48,3.73,199.46
2022,12,22,12,2.32,2.43,2.91,262.15,275.92,34.81,0.72,3.58,-0.92,-16.74,-8.83,1.46,26,0,61.55,3.33,201.45,4.22,201.29
2022,12,22,13,2.03,2.08,2.52,228.1,234.65,29.5,0.51,2.5,-1.02,-16.43,-8.72,1.53,27,0,61.51,3.47,202.11,4.42,201.76
2022,12,22,14,1.37,1.49,1.89,152.52,167.08,18.67,0.22,1.08,-1.75,-16.23,-8.99,1.59,29.31,0,61.49,3.18,201.46,4.11,201.15
2022,12,22,15,0.75,0.76,1.06,79.08,81.8,8.39,0.04,0.2,-3.21,-15.63,-9.42,1.65,35.38,0,61.48,2.34,198.31,3.15,197.49
2022,12,22,16,0.09,0.08,0.18,6.5,7.2,0.8,0,0.02,-6.2,-12.09,-9.15,2.38,64.56,0,61.48,0.81,182.75,1.55,180.86
2022,12,22,17,0,0,0,0,0,0,0,0,-7.22,-13.14,-10.18,2.2,64.62,0,61.49,0.55,151.98,1,148.8
2022,12,22,18,0,0,0,0,0,0,0,0,-7.91,-14.56,-11.24,1.89,60.5,0,61.51,0.42,81.42,0.78,81.95
2022,12,22,19,0,0,0,0,0,0,0,0,-8.77,-15.74,-12.25,1.71,58.56,0,61.52,0.7,39.56,1.21,42.9
2022,12,22,20,0,0,0,0,0,0,0,0,-9.28,-16.97,-13.13,1.53,54.62,0,61.54,0.88,30.44,1.48,33.19
2022,12,22,21,0,0,0,0,0,0,0,0,-9.36,-18.29,-13.82,1.34,48.56,0,61.54,0.93,28.07,1.53,30.36
2022,12,22,22,0,0,0,0,0,0,0,0,-9.07,-19.66,-14.37,1.16,41.62,0,61.55,0.78,29.89,1.26,31.82
2022,12,22,23,0,0,0,0,0,0,0,0,-9.14,-20.66,-14.9,1.1,38.19,0,61.56,0.46,39.43,0.74,41.13
2022,12,23,0,0,0,0,0,0,0,0,0,-9.28,-21.31,-15.3,1.04,36.12,0,61.57,0.32,70.25,0.5,69.86
2022,12,23,1,0,0,0,0,0,0,0,0,-9.91,-21.49,-15.7,0.98,37.31,0,61.57,0.37,77.74,0.59,77.8
2022,12,23,2,0,0,0,0,0,0,0,0,-10.28,-21.71,-15.99,0.98,37.62,0,61.57,0.46,66.04,0.76,65.8
2022,12,23,3,0,0,0,0,0,0,0,0,-10.35,-22.12,-16.23,0.92,36.44,0,61.57,0.6,60.44,0.98,60.37
2022,12,23,4,0,0,0,0,0,0,0,0,-10.52,-22.55,-16.53,0.92,35.56,0,61.58,0.69,60.82,1.14,60.79
2022,12,23,5,0,0,0,0,0,0,0,0,-10.76,-22.93,-16.85,0.85,34.94,0,61.61,0.76,63.7,1.26,63.12
2022,12,23,6,0.06,0.05,0.13,4.35,4.38,0.57,0,0,-11.01,-23.06,-17.03,0.85,35,0,61.65,0.84,67.01,1.39,66.17
2022,12,23,7,0.61,0.62,0.98,62.1,64.65,6.91,0.03,0.15,-9.68,-19.31,-14.49,1.22,46.25,0,61.68,0.75,73.64,1.4,71.46
2022,12,23,8,1.27,1.33,1.82,136.27,145.8,16.38,0.2,0.95,-5.9,-16.85,-11.38,1.53,40.5,0,61.72,1.03,92.6,1.5,91.19
2022,12,23,9,1.87,1.92,2.48,205,212.33,26.22,0.46,2.27,-2.8,-19.28,-11.04,1.16,23.88,0,61.75,2.19,157.1,2.79,156.59
2022,12,23,10,2.22,2.24,2.89,247.7,251.35,31.58,0.65,3.2,-0.96,-19.2,-10.08,1.16,20.38,0,61.74,3.13,180,3.99,179.89
2022,12,23,11,2.32,2.44,3.04,265.17,278.4,34.91,0.77,3.85,0.01,-18.57,-9.28,1.22,19.94,0,61.68,3.74,189.88,4.76,189.74
2022,12,23,12,2.15,2.31,2.92,244.62,263.6,32.05,0.68,3.35,0.16,-17.88,-8.86,1.34,21.12,0,61.63,4.08,193.16,5.23,193.12
2022,12,23,13,1.87,1.94,2.53,211.45,220.75,26.71,0.47,2.3,-0.34,-17.4,-8.87,1.4,23.12,0,61.6,4.07,193.42,5.23,193.39
2022,12,23,14,1.21,1.37,1.9,134.98,153.73,16.34,0.2,1,-1.34,-17.02,-9.17,1.46,26.12,0,61.57,3.58,190.57,4.62,190.43
2022,12,23,15,0.66,0.66,1.07,69.38,71.88,7.65,0.04,0.2,-3.03,-15.77,-9.4,1.65,34.5,0,61.54,2.62,186,3.52,185.47
2022,12,23,16,0.08,0.07,0.18,6.23,6.48,0.81,0,0.02,-6.2,-12.59,-9.39,2.26,61.81,0,61.52,1.21,175.94,2.13,174.75
2022,12,23,17,0,0,0,0,0,0,0,0,-7.57,-13.23,-10.4,2.14,64.94,0,61.53,1.05,164.93,1.96,164.74
2022,12,23,18,0,0,0,0,0,0,0,0,-8.59,-14.12,-11.35,1.95,65.06,0,61.54,1.06,156.64,1.95,156.41
2022,12,23,19,0,0,0,0,0,0,0,0,-9.32,-15.11,-12.21,1.77,62.56,0,61.54,1.06,146.78,1.83,147.4
2022,12,23,20,0,0,0,0,0,0,0,0,-10.06,-15.6,-12.84,1.65,63.38,0,61.54,1.06,147.95,1.8,148.52
2022,12,23,21,0,0,0,0,0,0,0,0,-10.81,-15.83,-13.32,1.65,66.19,0,61.54,1.05,155.34,1.77,156.04
2022,12,23,22,0,0,0,0,0,0,0,0,-11.47,-15.95,-13.7,1.59,69.56,0,61.52,1.02,157.95,1.72,158.93
2022,12,23,23,0,0,0,0,0,0,0,0,-11.95,-15.95,-13.95,1.59,72.44,0,61.5,1,156.45,1.68,157.61
2022,12,24,0,0,0,0,0,0,0,0,0,-12.43,-15.92,-14.18,1.59,76,0,61.49,1,152.64,1.71,153.9
2022,12,24,1,0,0,0,0,0,0,0,0,-12.54,-15.42,-13.99,1.71,80.94,0,61.48,1.06,161.17,1.81,161.1
2022,12,24,2,0,0,0,0,0,0,0,0,-12.42,-14.57,-13.5,1.83,87.25,0,61.47,0.86,156.94,1.41,157.14
2022,12,24,3,0,0,0,0,0,0,0,0,-12.39,-13.6,-12.99,2.01,95.75,0,61.42,0.74,155.85,1.25,156.33
2022,12,24,4,0,0,0,0,0,0,0,0,-12.36,-12.67,-12.52,2.26,100,0,61.4,0.75,158.75,1.36,159.06
2022,12,24,5,0,0,0,0,0,0,0,0,-12.31,-11.97,-12.14,2.38,100,0,61.4,0.85,168.27,1.59,167.81
2022,12,24,6,0.04,0.04,0.13,3.25,3.73,0.45,0,0,-12.34,-11.45,-11.89,2.5,100,0,61.42,0.99,174.11,1.85,174.19
2022,12,24,7,0.39,0.52,0.97,40.77,55.77,5.08,0.02,0.12,-10.6,-10.76,-10.67,2.69,100,0,61.45,1.13,180,1.99,177.98
2022,12,24,8,0.76,1.2,1.82,86.62,135.62,11.54,0.14,0.67,-8.04,-10.06,-9.05,2.81,90.62,0,61.49,2.96,187.74,3.95,187.5
2022,12,24,9,1.22,1.79,2.47,139.25,205.83,18.37,0.31,1.55,-6.77,-10.8,-8.79,2.62,75.88,0,61.53,3.88,194.2,5.08,193.97
2022,12,24,10,1.46,2.19,2.89,171.77,253,23.41,0.48,2.42,-5.86,-11.54,-8.7,2.44,65.31,0,61.51,4.48,199.35,5.81,199.14
2022,12,24,11,1.6,2.38,3.04,190.55,278.4,26.24,0.58,2.88,-5.28,-11.93,-8.6,2.38,59.88,0,61.45,4.95,203.25,6.42,203.01
2022,12,24,12,1.59,2.28,2.92,185.42,265.55,24.95,0.52,2.58,-5.19,-12.22,-8.7,2.32,57.75,0,61.38,5.11,205.15,6.64,204.91
2022,12,24,13,1.38,1.93,2.53,160.5,223.77,21.37,0.38,1.88,-5.52,-12.39,-8.96,2.26,58.56,0,61.34,4.95,206.2,6.47,205.92
2022,12,24,14,0.96,1.37,1.9,109.73,156.92,13.98,0.17,0.85,-6.18,-12.35,-9.27,2.32,62.31,0,61.3,4.46,205.17,5.85,204.86
2022,12,24,15,0.52,0.67,1.08,55.4,74.12,6.39,0.03,0.17,-7.11,-12.24,-9.67,2.32,68.31,0,61.29,3.71,203.71,4.93,203.23
2022,12,24,16,0.07,0.07,0.19,5.6,6.75,0.75,0,0.02,-8.6,-11.39,-9.99,2.5,84.5,0,61.29,2.05,200.79,2.97,199.06
2022,12,24,17,0,0,0,0,0,0,0,0,-9.58,-10.39,-9.99,2.75,100,0,61.32,1.13,190.77,1.91,186.81
2022,12,24,18,0,0,0,0,0,0,0,0,-9.78,-9.88,-9.84,2.93,100,0,61.35,0.95,188.06,1.7,182.9
2022,12,24,19,0,0,0,0,0,0,0,0,-10.26,-9.79,-10.02,2.93,100,0,61.37,0.77,179.42,1.52,173.82
2022,12,24,20,0,0,0,0,0,0,0,0,-10.56,-9.83,-10.2,2.93,100,0,61.39,0.77,174.75,1.55,170.16
2022,12,24,21,0,0,0,0,0,0,0,0,-10.88,-9.94,-10.41,2.87,100,0,61.39,0.78,172.52,1.6,169.85
2022,12,24,22,0,0,0,0,0,0,0,0,-11.08,-10.13,-10.6,2.87,100,0,61.39,0.79,171.47,1.56,169.88
2022,12,24,23,0,0,0,0,0,0,0,0,-11.49,-10.65,-11.06,2.75,100,0,61.38,0.76,168.11,1.43,168.01
2022,12,25,0,0,0,0,0,0,0,0,0,-11.88,-10.97,-11.42,2.62,100,0,61.38,0.64,154.69,1.17,155.65
2022,12,25,1,0,0,0,0,0,0,0,0,-12.25,-11.23,-11.74,2.56,100,0,61.37,0.5,124.92,0.89,126.47
2022,12,25,2,0,0,0,0,0,0,0,0,-12.8,-11.67,-12.24,2.5,100,0,61.35,0.49,83.56,0.89,83.44
2022,12,25,3,0,0,0,0,0,0,0,0,-13.42,-12.42,-12.92,2.32,100,0,61.32,0.57,55.65,1.09,57.91
2022,12,25,4,0,0,0,0,0,0,0,0,-13.86,-13.44,-13.65,2.14,100,0,61.33,0.68,39.38,1.29,42.3
2022,12,25,5,0,0,0,0,0,0,0,0,-14.32,-14.68,-14.5,1.89,100,0,61.37,0.8,30.58,1.47,32.42
2022,12,25,6,0.05,0.05,0.12,3.95,4.25,0.52,0,0,-14.59,-16,-15.3,1.65,93.88,0,61.43,0.83,28.74,1.49,29.93
2022,12,25,7,0.63,0.65,0.97,66.7,69.85,7.17,0.03,0.15,-12.35,-15.62,-13.99,1.71,79.88,0,61.49,0.67,34.61,1.21,34.51
2022,12,25,8,1.35,1.38,1.81,150.75,156.75,17.94,0.19,0.92,-8.85,-16.43,-12.64,1.59,55.38,0,61.55,0.57,113.4,0.72,111.57
2022,12,25,9,1.94,1.98,2.47,220.75,227.52,28.26,0.45,2.25,-6.15,-17.19,-11.67,1.53,40.88,0,61.59,1.97,191.67,2.45,191.42
2022,12,25,10,2.34,2.37,2.89,268.6,273.65,35.5,0.7,3.45,-4.22,-16.92,-10.57,1.53,34.62,0,61.57,2.93,205.95,3.67,205.86
2022,12,25,11,2.31,2.48,3.04,266.15,285.9,35.66,0.76,3.73,-2.92,-16.44,-9.68,1.53,32,0,61.52,3.57,209.65,4.5,209.33
2022,12,25,12,2.21,2.39,2.92,254.12,274.95,34.01,0.69,3.4,-2.34,-16.05,-9.2,1.59,31.38,0,61.47,4.01,209.41,5.1,209.04
2022,12,25,13,1.76,2.04,2.54,202.42,234.33,26.84,0.46,2.27,-2.47,-15.67,-9.06,1.65,32.75,0,61.45,4.14,208.31,5.31,207.88
2022,12,25,14,1.27,1.47,1.91,143.2,168.35,17.74,0.2,1.02,-3.2,-15.3,-9.25,1.71,36,0,61.44,3.82,207.25,4.94,206.77
2022,12,25,15,0.69,0.75,1.09,74.6,83.55,8.12,0.04,0.2,-4.51,-14.85,-9.67,1.77,42.06,0,61.45,3.11,203.35,4.11,202.81
2022,12,25,16,0.09,0.09,0.2,7.05,7.98,0.89,0,0.02,-6.86,-12.32,-9.6,2.32,66.5,0,61.46,1.43,197.15,2.3,194.18
2022,12,25,17,0,0,0,0,0,0,0,0,-8.42,-11.97,-10.19,2.38,78.06,0,61.52,0.95,181.42,1.67,178.39
2022,12,25,18,0,0,0,0,0,0,0,0,-9.12,-12.52,-10.82,2.26,78.56,0,61.58,0.84,164.28,1.38,161.87
2022,12,25,19,0,0,0,0,0,0,0,0,-9.75,-12.69,-11.22,2.2,81.69,0,61.62,0.68,140.62,1.1,138.16
2022,12,25,20,0,0,0,0,0,0,0,0,-10.31,-12.62,-11.47,2.2,86.5,0,61.65,0.58,126.25,0.96,126.4
2022,12,25,21,0,0,0,0,0,0,0,0,-10.67,-12.47,-11.56,2.26,90.81,0,61.66,0.52,122.74,0.84,123.99
2022,12,25,22,0,0,0,0,0,0,0,0,-10.92,-12.17,-11.55,2.32,96,0,61.65,0.49,112.48,0.8,116.57
2022,12,25,23,0,0,0,0,0,0,0,0,-11.21,-11.67,-11.45,2.44,100,0,61.62,0.57,115.16,0.94,119.33
2022,12,26,0,0,0,0,0,0,0,0,0,-10.88,-11.12,-11,2.56,100,0,61.61,0.55,131.57,0.93,135
2022,12,26,1,0,0,0,0,0,0,0,0,-10.44,-10.6,-10.52,2.75,100,0,61.6,0.72,162.35,1.15,159.72
2022,12,26,2,0,0,0,0,0,0,0,0,-11,-10.46,-10.73,2.75,100,0,61.55,0.79,154.95,1.25,151.68
2022,12,26,3,0,0,0,0,0,0,0,0,-11.46,-10.63,-11.05,2.75,100,0,61.52,0.68,143,1.1,142.23
2022,12,26,4,0,0,0,0,0,0,0,0,-11.52,-10.8,-11.16,2.69,100,0,61.5,0.62,146.31,1.02,146.55
2022,12,26,5,0,0,0,0,0,0,0,0,-11.82,-10.92,-11.38,2.62,100,0,61.51,0.61,147.53,1,149.65
2022,12,26,6,0.05,0.05,0.12,3.58,4.15,0.48,0,0,-11.88,-11.03,-11.45,2.62,100,0,61.55,0.7,162.57,1.15,163.79
2022,12,26,7,0.62,0.63,0.96,66.02,69.67,7.09,0.03,0.12,-10.32,-10.85,-10.59,2.62,100,0,61.58,0.98,181.83,1.46,176.94
2022,12,26,8,1.23,1.36,1.81,138.8,156.38,16.84,0.17,0.85,-7.96,-11.22,-9.59,2.56,80.94,0,61.63,2.12,192.14,2.73,191.41
2022,12,26,9,1.78,1.96,2.47,204.58,226.85,26.49,0.41,2.05,-6.27,-12.11,-9.19,2.32,63.88,0,61.67,2.64,205.43,3.33,204.94
2022,12,26,10,2.14,2.35,2.89,248.85,272.75,33.3,0.64,3.17,-4.6,-12.35,-8.47,2.26,53.94,0,61.65,3.35,212.73,4.24,212.34
2022,12,26,11,2.25,2.44,3.05,261.55,283.3,35.06,0.72,3.58,-3.59,-12.36,-7.97,2.26,49.44,0,61.59,4.13,214.44,5.26,214.04
2022,12,26,12,2.2,2.35,2.93,253.9,271.58,33.74,0.66,3.25,-3.42,-12.17,-7.8,2.32,49.56,0,61.54,4.7,214.91,6.06,214.49
2022,12,26,13,1.83,2,2.55,210.12,230.85,27.34,0.45,2.23,-3.86,-11.95,-7.91,2.38,52.5,0,61.5,4.82,214.9,6.27,214.54
2022,12,26,14,1.29,1.44,1.92,146.15,164.75,17.97,0.2,1,-4.64,-11.8,-8.22,2.38,57,0,61.48,4.54,215.61,5.94,215.15
2022,12,26,15,0.71,0.73,1.1,77.23,81.1,8.49,0.04,0.2,-5.9,-11.47,-8.68,2.5,65.69,0,61.47,3.89,214.68,5.18,214.12
2022,12,26,16,0.09,0.08,0.2,7.17,7.85,0.92,0,0.02,-7.31,-10.72,-9.01,2.69,79.69,0,61.48,2.7,209.23,3.71,208.4
2022,12,26,17,0,0,0,0,0,0,0,0,-8.35,-9.77,-9.06,2.87,95.06,0,61.5,1.49,202.8,2.18,200.96
2022,12,26,18,0,0,0,0,0,0,0,0,-9.09,-9.39,-9.24,2.99,100,0,61.52,0.98,201.46,1.66,196.39
2022,12,26,19,0,0,0,0,0,0,0,0,-9.7,-9.38,-9.54,2.99,100,0,61.54,0.72,200.41,1.45,194.63
2022,12,26,20,0,0,0,0,0,0,0,0,-10.06,-9.51,-9.78,2.99,100,0,61.56,0.62,192.45,1.27,189.58
2022,12,26,21,0,0,0,0,0,0,0,0,-10.25,-9.65,-9.95,2.93,100,0,61.57,0.58,186.93,1.12,184.8
2022,12,26,22,0,0,0,0,0,0,0,0,-10.53,-9.85,-10.19,2.87,100,0,61.54,0.52,179.13,0.92,181.94
2022,12,26,23,0,0,0,0,0,0,0,0,-10.74,-10.07,-10.41,2.81,100,0,61.5,0.42,171.42,0.72,173.73
2022,12,27,0,0,0,0,0,0,0,0,0,-10.77,-10.24,-10.51,2.81,100,0,61.46,0.3,158.75,0.52,158.84
2022,12,27,1,0,0,0,0,0,0,0,0,-10.94,-10.49,-10.72,2.75,100,0,61.43,0.24,128.37,0.42,127.5
2022,12,27,2,0,0,0,0,0,0,0,0,-11.35,-10.92,-11.14,2.62,100,0,61.4,0.32,78.69,0.55,79.33
2022,12,27,3,0,0,0,0,0,0,0,0,-11.81,-11.59,-11.7,2.5,100,0,61.36,0.52,51.75,0.91,51.65
2022,12,27,4,0,0,0,0,0,0,0,0,-12.41,-12.38,-12.4,2.32,100,0,61.36,0.72,44.56,1.29,43.53
2022,12,27,5,0,0,0,0,0,0,0,0,-13.17,-13.28,-13.23,2.14,100,0,61.37,0.9,42.17,1.63,40.72
2022,12,27,6,0.05,0.05,0.12,3.95,4.17,0.51,0,0,-13.73,-14.25,-13.99,1.95,100,0,61.4,1.01,40.31,1.88,38.77
2022,12,27,7,0.65,0.65,0.96,68.92,71.15,7.26,0.03,0.15,-11.54,-14.21,-12.88,1.95,84.5,0,61.43,1.35,32.68,2.14,35.32
2022,12,27,8,1.34,1.38,1.81,150.23,157.95,17.97,0.19,0.92,-8.31,-15.14,-11.73,1.77,57.5,0,61.47,1.62,36.76,2.06,37.44
2022,12,27,9,1.92,1.98,2.47,218.77,228.05,28.14,0.45,2.25,-5.07,-17.04,-11.06,1.46,36.62,0,61.48,1.14,293.76,1.45,293.81
2022,12,27,10,2.31,2.37,2.89,265.02,273.58,35.25,0.7,3.45,-2.43,-17.83,-10.13,1.34,26.69,0,61.45,2.76,267.08,3.46,267.42
2022,12,27,11,2.49,2.52,3.05,287.67,291.7,38.6,0.82,4.05,-0.7,-17.53,-9.12,1.4,23.69,0,61.37,3.44,252.55,4.36,252.28
2022,12,27,12,2.21,2.42,2.93,255.33,279.73,34.48,0.7,3.5,0.12,-16.82,-8.35,1.46,23.81,0,61.3,3.98,238.55,5.15,237.95
2022,12,27,13,1.96,2.06,2.55,224.88,238.75,29.54,0.5,2.5,0.03,-15.78,-7.88,1.65,26.56,0,61.27,4.44,229.78,5.85,229.01
2022,12,27,14,1.31,1.48,1.93,149.38,170.85,18.54,0.22,1.08,-1.07,-14.63,-7.85,1.83,32.56,0,61.26,4.38,225,5.83,224.08
2022,12,27,15,0.76,0.76,1.11,83,85.38,8.95,0.04,0.2,-2.96,-13.58,-8.27,2.08,42.12,0,61.27,3.49,221.64,4.74,220.52
2022,12,27,16,0.1,0.09,0.21,8.2,8.6,1,0,0.02,-6.17,-11.56,-8.87,2.5,67.56,0,61.28,1.42,225.22,2.32,218.99
2022,12,27,17,0,0,0,0,0,0,0,0,-7.77,-11.17,-9.46,2.62,80.88,0,61.31,0.76,225,1.47,216.14
2022,12,27,18,0,0,0,0,0,0,0,0,-8.35,-11.42,-9.88,2.56,84,0,61.35,0.46,226.36,0.89,216.77
2022,12,27,19,0,0,0,0,0,0,0,0,-9.24,-12.24,-10.74,2.38,84.5,0,61.38,0.23,208.3,0.45,201.61
2022,12,27,20,0,0,0,0,0,0,0,0,-9.84,-13.11,-11.48,2.2,82.19,0,61.41,0.13,162.65,0.18,182.49
2022,12,27,21,0,0,0,0,0,0,0,0,-10.3,-13.78,-12.04,2.08,80.56,0,61.43,0.13,122.74,0.09,135
2022,12,27,22,0,0,0,0,0,0,0,0,-10.65,-14.41,-12.53,1.95,78.38,0,61.43,0.14,130.6,0.09,164.74
2022,12,27,23,0,0,0,0,0,0,0,0,-10.92,-15,-12.96,1.83,75.69,0,61.42,0.15,145.49,0.14,199.44
2022,12,28,0,0,0,0,0,0,0,0,0,-11.14,-15.63,-13.38,1.71,72.31,0,61.39,0.12,124.7,0.05,198.43
2022,12,28,1,0,0,0,0,0,0,0,0,-11.4,-16.27,-13.84,1.59,69.25,0,61.36,0.13,82.87,0.1,18.43
2022,12,28,2,0,0,0,0,0,0,0,0,-11.71,-16.91,-14.31,1.53,66.56,0,61.34,0.13,49.76,0.21,4.24
2022,12,28,3,0,0,0,0,0,0,0,0,-11.89,-17.55,-14.72,1.4,63.31,0,61.33,0.22,32.01,0.39,3.43
2022,12,28,4,0,0,0,0,0,0,0,0,-12.14,-18.26,-15.2,1.28,60.12,0,61.33,0.42,25.6,0.72,11.31
2022,12,28,5,0,0,0,0,0,0,0,0,-12.18,-19.06,-15.62,1.22,55.31,0,61.36,0.7,23.11,1.18,14.22
2022,12,28,6,0.05,0.05,0.11,3.73,4.15,0.49,0,0,-12.31,-19.64,-15.98,1.1,52.62,0,61.4,0.97,21.63,1.67,16.06
2022,12,28,7,0.63,0.65,0.95,68.88,72.52,7.23,0.02,0.12,-10.35,-16.45,-13.4,1.59,62.44,0,61.45,1.01,12,1.84,15.81
2022,12,28,8,1.29,1.38,1.8,148.05,159.92,17.78,0.17,0.88,-6.16,-17.06,-11.61,1.46,40.06,0,61.5,1.68,12.62,2.26,12.79
2022,12,28,9,1.88,1.97,2.46,217.8,230.05,28.11,0.44,2.17,-3.35,-18.2,-10.78,1.28,27.44,0,61.54,1.73,349.35,2.18,348.45
2022,12,28,10,2.22,2.36,2.89,258.62,275.42,34.44,0.66,3.27,-1.23,-18.13,-9.68,1.28,23.06,0,61.51,2.18,309.46,2.71,309.38
2022,12,28,11,2.31,2.48,3.05,269.55,289.9,36.19,0.74,3.67,0.37,-17.63,-8.63,1.34,21.25,0,61.43,2.52,285.11,3.14,285.46
2022,12,28,12,2.17,2.36,2.94,252.58,275.05,33.54,0.66,3.25,1.3,-17.03,-7.86,1.46,21.19,0,61.35,2.73,265.73,3.43,265.82
2022,12,28,13,1.92,2.01,2.56,221.5,234.02,28.55,0.47,2.33,1.55,-16.39,-7.42,1.53,22.19,0,61.3,2.75,251.46,3.52,250.8
2022,12,28,14,1.29,1.45,1.94,146.77,168.05,18.09,0.2,1,0.91,-15.57,-7.33,1.71,25.31,0,61.28,2.41,239.77,3.15,238.48
2022,12,28,15,0.76,0.75,1.12,83,84.98,8.88,0.04,0.2,-1.02,-13.18,-7.1,2.2,38.25,0,61.27,1.47,238.67,2.08,233.26
2022,12,28,16,0.1,0.09,0.22,8.08,8.8,1,0,0.02,-4.93,-11.52,-8.23,2.5,61.38,0,61.3,0.57,227.78,1.12,214.8
2022,12,28,17,0,0,0,0,0,0,0,0,-6.13,-12.81,-9.47,2.26,60.56,0,61.35,0.31,218.88,0.58,217.33
2022,12,28,18,0,0,0,0,0,0,0,0,-6.31,-13.42,-9.87,2.14,58.62,0,61.41,0.14,343.61,0.25,339.86
2022,12,28,19,0,0,0,0,0,0,0,0,-6.31,-14.11,-10.21,2.01,55.44,0,61.44,0.56,1.59,0.95,0.47
2022,12,28,20,0,0,0,0,0,0,0,0,-6.56,-15.58,-11.07,1.77,48.88,0,61.48,0.74,3.61,1.24,1.08
2022,12,28,21,0,0,0,0,0,0,0,0,-6.95,-16.99,-11.97,1.53,43.69,0,61.52,0.76,7.71,1.27,2.11
2022,12,28,22,0,0,0,0,0,0,0,0,-7.4,-18.02,-12.71,1.34,40.75,0,61.54,0.68,16.76,1.17,8.08
2022,12,28,23,0,0,0,0,0,0,0,0,-7.82,-18.83,-13.33,1.22,38.81,0,61.55,0.62,26.89,1.05,15.48
2022,12,29,0,0,0,0,0,0,0,0,0,-8.1,-19.48,-13.79,1.16,37.19,0,61.56,0.42,38.16,0.65,23.2
2022,12,29,1,0,0,0,0,0,0,0,0,-8.61,-19.73,-14.17,1.1,37.88,0,61.58,0.17,65.77,0.18,34.38
2022,12,29,2,0,0,0,0,0,0,0,0,-8.77,-19.54,-14.16,1.16,38.75,0,61.57,0.19,119.74,0.14,167.47
2022,12,29,3,0,0,0,0,0,0,0,0,-8.75,-18.7,-13.73,1.22,41.62,0,61.55,0.34,143.39,0.43,175.84
2022,12,29,4,0,0,0,0,0,0,0,0,-9.06,-17.27,-13.17,1.4,49.38,0,61.55,0.35,137.73,0.41,165.7
2022,12,29,5,0,0,0,0,0,0,0,0,-9.7,-16.01,-12.86,1.59,59.5,0,61.57,0.4,100.01,0.43,100.49
2022,12,29,6,0.05,0.04,0.11,3.58,3.95,0.47,0,0,-10.15,-15.02,-12.59,1.77,68.25,0,61.6,0.48,67.17,0.69,57.93
2022,12,29,7,0.58,0.61,0.95,64.7,70.3,6.94,0.03,0.12,-8.15,-11.72,-9.94,2.38,77.31,0,61.64,0.43,49.4,0.93,53.23
2022,12,29,8,1.29,1.33,1.8,150.55,158.23,18.1,0.19,0.95,-3.99,-11.7,-7.84,2.38,53.94,0,61.69,0.65,73.1,0.89,74.26
2022,12,29,9,1.77,1.91,2.46,210.3,229.02,27.41,0.45,2.23,-1.06,-10.29,-5.67,2.69,47.69,0,61.73,1.12,210.14,1.41,210.53
2022,12,29,10,2.07,2.29,2.89,248.27,275.15,33.42,0.67,3.33,1.15,-9.23,-4.04,2.99,44.25,0,61.7,2.64,229.44,3.37,229.33
2022,12,29,11,1.78,2.37,3.06,214.08,284.65,29.83,0.66,3.3,2.58,-8.93,-3.17,3.05,41.12,0,61.62,3.63,232.07,4.69,231.62
2022,12,29,12,1.44,2.28,2.95,174.7,272.75,24.91,0.54,2.7,3.13,-9.19,-3.03,2.99,38.81,0,61.57,4.33,233.73,5.67,232.96
2022,12,29,13,1.16,1.94,2.57,140.42,231.98,19.77,0.37,1.8,2.82,-9.47,-3.32,2.93,38.88,0,61.53,4.52,233.15,5.98,232.28
2022,12,29,14,0.95,1.4,1.95,110.62,166.12,14.14,0.17,0.85,1.65,-9.35,-3.85,2.99,42.94,0,61.53,4.13,230.53,5.52,229.42
2022,12,29,15,0.53,0.71,1.13,59.33,82.23,7.02,0.04,0.17,-0.38,-8.69,-4.53,3.17,53.12,0,61.54,2.93,228.67,4.05,226.64
2022,12,29,16,0.08,0.08,0.22,7.52,8.6,1,0.01,0.02,-4.34,-7.99,-6.17,3.36,78.69,0,61.58,1.2,228.95,2.17,217.24
2022,12,29,17,0,0,0,0,0,0,0,0,-6.03,-8.26,-7.14,3.3,88.94,0,61.64,0.77,210.47,1.58,203.27
2022,12,29,18,0,0,0,0,0,0,0,0,-6.67,-8.13,-7.4,3.36,95.62,0,61.69,0.55,203.3,1.13,198.56
2022,12,29,19,0,0,0,0,0,0,0,0,-7.2,-8.08,-7.64,3.36,100,0,61.73,0.39,195.15,0.82,189.37
2022,12,29,20,0,0,0,0,0,0,0,0,-7.64,-8.21,-7.92,3.36,100,0,61.76,0.36,187.43,0.78,181.72
2022,12,29,21,0,0,0,0,0,0,0,0,-8.07,-8.4,-8.24,3.3,100,0,61.78,0.4,184.48,0.85,179.47
2022,12,29,22,0,0,0,0,0,0,0,0,-8.93,-8.61,-8.77,3.23,100,0,61.77,0.41,181.08,0.88,176.42
2022,12,29,23,0,0,0,0,0,0,0,0,-9.46,-8.76,-9.11,3.23,100,0,61.75,0.38,175.33,0.82,168.48
2022,12,30,0,0,0,0,0,0,0,0,0,-9.85,-8.84,-9.35,3.17,100,0,61.73,0.36,171.35,0.81,161.92
2022,12,30,1,0,0,0,0,0,0,0,0,-10.16,-8.82,-9.49,3.17,100,0,61.72,0.37,170.34,0.79,163.9
2022,12,30,2,0,0,0,0,0,0,0,0,-10.4,-8.82,-9.61,3.17,100,0,61.69,0.33,163.69,0.67,160.93
2022,12,30,3,0,0,0,0,0,0,0,0,-10.66,-9.02,-9.84,3.11,100,0,61.65,0.26,145.84,0.55,141.98
2022,12,30,4,0,0,0,0,0,0,0,0,-10.95,-9.28,-10.12,3.05,100,0,61.63,0.27,125.54,0.63,120.72
2022,12,30,5,0,0,0,0,0,0,0,0,-11.06,-9.45,-10.25,2.99,100,0,61.64,0.29,128.42,0.69,122.07
2022,12,30,6,0.04,0.04,0.11,3.5,3.73,0.48,0,0,-10.98,-9.4,-10.19,2.99,100,0,61.66,0.41,144.21,0.86,141.99
2022,12,30,7,0.54,0.6,0.94,59.55,68.08,6.59,0.03,0.12,-8.73,-8.94,-8.84,3.11,100,0,61.68,0.9,150.99,1.31,155.42
2022,12,30,8,1.09,1.32,1.8,126.85,155.38,15.66,0.17,0.85,-5.94,-7.95,-6.95,3.36,89.69,0,61.7,2.1,182.56,2.73,182.79
2022,12,30,9,1.6,1.91,2.46,188.15,226.85,24.88,0.42,2.08,-3.55,-7.67,-5.61,3.42,74.88,0,61.71,3.62,204.74,4.71,204.48
2022,12,30,10,1.89,2.3,2.89,222.35,273.7,30.05,0.62,3.05,-1.68,-7.74,-4.71,3.42,63.5,0,61.67,4.85,213.64,6.34,213.34
2022,12,30,11,1.85,2.38,3.06,219.38,280.75,30.02,0.66,3.33,-1.03,-7.8,-4.42,3.42,59.75,0,61.62,5.69,217.58,7.45,217.21
2022,12,30,12,1.66,2.29,2.95,196.3,268.35,26.62,0.56,2.8,-1.2,-8.09,-4.64,3.3,59.06,0,61.57,6.02,219.31,7.93,218.96
2022,12,30,13,1.34,1.93,2.58,157.95,225.77,21.09,0.38,1.88,-1.88,-8.51,-5.19,3.17,60.31,0,61.55,5.87,219.82,7.74,219.39
2022,12,30,14,0.9,1.36,1.96,103.65,157.05,13.35,0.17,0.83,-2.8,-8.91,-5.85,3.11,63,0,61.54,5.4,219.77,7.14,219.36
2022,12,30,15,0.51,0.66,1.14,54.7,73.45,6.47,0.03,0.17,-4.13,-9.13,-6.63,3.05,69.19,0,61.53,4.47,217.33,5.99,216.68
2022,12,30,16,0.08,0.07,0.23,6.58,7.8,0.89,0,0.02,-6.1,-8.56,-7.32,3.17,86.38,0,61.53,2.54,211.39,3.61,209.73
2022,12,30,17,0,0,0,0,0,0,0,0,-6.59,-7.54,-7.06,3.48,98.44,0,61.55,2.14,197.24,2.99,196.87
2022,12,30,18,0,0,0,0,0,0,0,0,-6.93,-7.27,-7.1,3.6,100,0,61.56,1.47,194.11,2.2,194.63
2022,12,30,19,0,0,0,0,0,0,0,0,-7.52,-7.31,-7.42,3.6,100,0,61.58,0.89,197.32,1.59,196.56
2022,12,30,20,0,0,0,0,0,0,0,0,-8.13,-7.46,-7.8,3.54,100,0,61.58,0.71,200.63,1.49,197.68
2022,12,30,21,0,0,0,0,0,0,0,0,-8.57,-7.77,-8.17,3.48,100,0,61.58,0.68,203.63,1.39,202.52
2022,12,30,22,0,0,0,0,0,0,0,0,-8.74,-8.13,-8.44,3.36,100,0,61.57,0.6,206.23,1.08,208.05
2022,12,30,23,0,0,0,0,0,0,0,0,-9.06,-8.55,-8.81,3.23,100,0,61.54,0.35,194.35,0.56,200.46
2022,12,31,0,0,0,0,0,0,0,0,0,-9.52,-8.99,-9.25,3.11,100,0,61.51,0.16,92.73,0.24,90
2022,12,31,1,0,0,0,0,0,0,0,0,-10.13,-9.64,-9.89,2.99,100,0,61.49,0.48,45,0.78,44.59
2022,12,31,2,0,0,0,0,0,0,0,0,-10.81,-10.37,-10.59,2.81,100,0,61.47,0.76,43.75,1.3,45
2022,12,31,3,0,0,0,0,0,0,0,0,-11.31,-11.24,-11.27,2.56,100,0,61.44,0.92,45,1.61,45.59
2022,12,31,4,0,0,0,0,0,0,0,0,-11.7,-12.2,-11.95,2.32,100,0,61.44,1.01,43.43,1.8,43.41
2022,12,31,5,0,0,0,0,0,0,0,0,-12.2,-13.2,-12.7,2.14,98.44,0,61.46,1.1,43.56,1.99,43.41
2022,12,31,6,0.04,0.03,0.11,2.8,3,0.39,0,0,-12.56,-14.17,-13.37,1.95,92.5,0,61.5,1.15,43.35,2.08,43.03
2022,12,31,7,0.5,0.5,0.94,50.6,52.2,5.91,0.02,0.12,-10.23,-13.45,-11.84,2.08,81.19,0,61.54,1.08,42.94,1.88,43.32
2022,12,31,8,1.21,1.22,1.8,130.92,133.88,15.49,0.16,0.8,-6.88,-13.07,-9.98,2.2,62.81,0,61.58,1.08,66.96,1.35,67.15
2022,12,31,9,1.61,1.82,2.46,178.08,204.15,22.45,0.36,1.77,-4.07,-12.73,-8.4,2.32,53.06,0,61.61,1.1,211.1,1.35,211.02
2022,12,31,10,2.03,2.24,2.9,229.58,253.95,29.78,0.59,2.88,-2.1,-12.95,-7.52,2.26,43.69,0,61.58,2.16,222.22,2.69,222.17
2022,12,31,11,2.07,2.32,3.07,234.62,262.67,30.7,0.65,3.23,-0.84,-12.7,-6.77,2.32,39.62,0,61.52,3.16,222.8,4.01,222.39
2022,12,31,12,2.03,2.25,2.96,230.02,253.85,29.89,0.6,2.98,-0.4,-11.94,-6.17,2.44,40.69,0,61.45,3.95,222.43,5.07,221.88
2022,12,31,13,1.66,1.91,2.58,187.83,215.98,24.14,0.41,2.05,-0.85,-10.99,-5.92,2.62,45.75,0,61.41,4.35,222.16,5.66,221.48
2022,12,31,14,1.16,1.37,1.97,129.58,153,16.15,0.2,0.98,-1.85,-10.08,-5.96,2.87,53.56,0,61.4,4.25,222.54,5.58,221.88
2022,12,31,15,0.68,0.69,1.15,71.42,74.77,8.21,0.04,0.23,-3.27,-9.64,-6.46,2.93,62.5,0,61.4,3.52,221.04,4.7,220.21
2022,12,31,16,0.09,0.08,0.24,7.88,8.5,1.04,0,0.02,-5.9,-9.02,-7.46,3.11,82.62,0,61.39,1.56,220.14,2.44,215.88
2022,12,31,17,0,0,0,0,0,0,0,0,-7.41,-8.79,-8.1,3.17,96.75,0,61.43,0.82,216.11,1.54,210.07
2022,12,31,18,0,0,0,0,0,0,0,0,-7.64,-8.63,-8.13,3.3,100,0,61.47,0.6,206.9,1.05,213.45
2022,12,31,19,0,0,0,0,0,0,0,0,-8.08,-8.67,-8.38,3.3,100,0,61.49,0.44,188.13,0.72,201.8
2022,12,31,20,0,0,0,0,0,0,0,0,-8.95,-8.77,-8.85,3.3,100,0,61.5,0.21,190.49,0.48,179.06
2022,12,31,21,0,0,0,0,0,0,0,0,-9.61,-9.04,-9.32,3.17,100,0,61.51,0.14,167.47,0.36,156.8
2022,12,31,22,0,0,0,0,0,0,0,0,-10.08,-9.37,-9.72,3.11,100,0,61.51,0.16,115.35,0.4,114.08
2022,12,31,23,0,0,0,0,0,0,0,0,-10.5,-9.7,-10.1,2.99,100,0,61.5,0.28,74.05,0.63,79.95
2023,1,1,0,0,0,0,0,0,0,0,0,-10.99,-10.22,-10.61,2.87,100,0,61.48,0.46,55.49,0.9,62.1
2023,1,1,1,0,0,0,0,0,0,0,0,-11.53,-10.9,-11.22,2.75,100,0,61.47,0.6,46.58,1.17,51.52
2023,1,1,2,0,0,0,0,0,0,0,0,-12.04,-11.82,-11.93,2.5,100,0,61.46,0.76,39.58,1.51,43.75
2023,1,1,3,0,0,0,0,0,0,0,0,-12.46,-12.96,-12.71,2.26,100,0,61.46,0.9,36.57,1.81,39.74
2023,1,1,4,0,0,0,0,0,0,0,0,-12.68,-14.26,-13.47,2.01,97.06,0,61.48,1.06,38.73,2.02,39.83
2023,3,1,5,0,0,0,0,0,0,0,0,-8.33,-9.38,-8.85,2.99,99,0,62.05,0.66,68.57,1.28,67.68
2023,3,1,6,0.17,0.21,0.48,18.1,22.62,2.34,0.01,0.02,-7.06,-9.56,-8.31,2.93,87,0,62.11,1.19,81.71,1.61,80.77
2023,3,1,7,0.92,1,1.55,103.65,116.05,12.45,0.12,0.58,-4.87,-9.43,-7.15,2.93,72.12,0,62.19,1.23,125.92,1.47,125.89
2023,3,1,8,1.63,1.83,2.48,191.48,215.4,24.97,0.45,2.17,-2.6,-9.29,-5.95,2.93,59.81,0,62.25,2.34,191.16,2.85,191.22
2023,3,1,9,2.22,2.52,3.23,262.05,297.35,35.77,0.88,4.4,-1.06,-9.26,-5.16,2.93,52.56,0,62.26,3.33,200.73,4.1,200.75
2023,3,1,10,2.66,2.99,3.73,317.5,353.55,44.01,1.25,6.45,-0.1,-8.89,-4.49,3.05,50.06,0,62.25,4.06,200.74,5.03,200.74
2023,3,1,11,2.51,3.18,3.96,302.08,375.73,42.51,1.29,6.73,0.1,-8.1,-4,3.23,52.81,0.01,62.19,4.67,201.5,5.83,201.37
2023,3,1,12,2.28,3.12,3.89,274.88,368.38,38.66,1.16,6.1,0.06,-7.35,-3.64,3.48,56.5,0.03,62.12,5.18,202.73,6.53,202.64
2023,3,1,13,1.73,2.78,3.54,209.83,329.48,29.8,0.82,4.25,-0.33,-6.7,-3.52,3.66,61.5,0.04,62.06,5.57,204.95,7.14,204.85
2023,3,1,14,1.41,2.22,2.92,170.55,262.4,23.54,0.53,2.65,-1.06,-6.3,-3.67,3.78,67.62,0.04,62.03,5.53,208.63,7.16,208.47
2023,3,1,15,0.85,1.47,2.08,101.35,172.77,13.76,0.21,1.02,-1.98,-6.07,-4.02,3.91,74.5,0.03,62.02,4.85,212.44,6.33,212.24
2023,3,1,16,0.47,0.64,1.08,51.25,73,6.19,0.03,0.17,-3.24,-5.67,-4.46,4.03,85.94,0.03,62.04,3.39,213.25,4.49,212.72
2023,3,1,17,0.05,0.04,0.13,3.85,4.42,0.54,0,0,-5.04,-5.28,-5.16,4.15,100,0.02,62.06,1.21,213.38,1.99,208.57
2023,3,1,18,0,0,0,0,0,0,0,0,-5.44,-5.25,-5.35,4.21,100,0.02,62.08,0.72,210.43,1.42,206.14
2023,3,1,19,0,0,0,0,0,0,0,0,-5.5,-5.35,-5.43,4.15,100,0.01,62.1,0.57,220.52,1.09,219.49
2023,3,1,20,0,0,0,0,0,0,0,0,-5.6,-5.49,-5.55,4.15,100,0.01,62.11,0.56,235.2,0.99,235.56
2023,3,1,21,0,0,0,0,0,0,0,0,-5.76,-5.64,-5.7,4.09,100,0.01,62.12,0.57,248.34,0.95,248.9
2023,3,1,22,0,0,0,0,0,0,0,0,-5.85,-5.82,-5.84,4.03,100,0.01,62.11,0.56,261.98,0.91,263.12
2023,3,1,23,0,0,0,0,0,0,0,0,-5.97,-6.06,-6.02,3.97,100,0,62.1,0.51,278.75,0.79,279.65
2023,3,2,0,0,0,0,0,0,0,0,0,-6.06,-6.42,-6.24,3.85,100,0,62.07,0.5,302.2,0.74,302.52
2023,3,2,1,0,0,0,0,0,0,0,0,-6.23,-6.87,-6.55,3.66,100,0,62.05,0.48,334.7,0.7,334.01
2023,3,2,2,0,0,0,0,0,0,0,0,-6.49,-7.36,-6.93,3.54,99.44,0,62.03,0.49,5.44,0.75,5.36
2023,3,2,3,0,0,0,0,0,0,0,0,-6.86,-8.02,-7.45,3.36,96.88,0,62.02,0.66,18.65,1.07,19.63
2023,3,2,4,0,0,0,0,0,0,0,0,-7.25,-8.88,-8.06,3.11,93,0,62.04,0.81,22.83,1.4,24.42
2023,3,2,5,0,0,0,0,0,0,0,0,-7.83,-9.89,-8.86,2.81,89.19,0.01,62.07,0.97,25.32,1.76,26.11
2023,3,2,6,0.27,0.28,0.5,27.52,29.4,2.96,0.01,0.05,-6.45,-10.49,-8.47,2.69,75,0,62.12,1.44,28.78,2.21,28.11
2023,3,2,7,1.14,1.15,1.57,129.05,133.27,15,0.13,0.65,-3.49,-10.54,-7.02,2.62,57.62,0,62.17,2.06,38.83,2.54,38.88
2023,3,2,8,1.94,1.98,2.5,227.25,233.2,29.52,0.5,2.48,-0.67,-11.83,-6.25,2.38,40.81,0,62.21,1.25,82.83,1.49,82.76
2023,3,2,9,2.55,2.66,3.25,300.38,313.62,40.84,0.96,4.73,1.59,-12.36,-5.38,2.26,32.94,0,62.22,1.96,170.58,2.34,170.6
2023,3,2,10,3.08,3.12,3.75,365.67,368.08,50.72,1.41,7.1,2.96,-11.52,-4.28,2.44,32.12,0,62.2,3.15,193.04,3.84,193.16
2023,3,2,11,3.01,3.29,3.98,358.92,389.12,50.42,1.49,7.62,3.66,-10.63,-3.48,2.62,33,0,62.16,4.02,202.63,4.96,202.61
2023,3,2,12,2.87,3.22,3.91,343.8,381.98,48.3,1.41,7.2,3.38,-9.66,-3.14,2.87,36.69,0,62.12,4.59,207.79,5.72,207.82
2023,3,2,13,2.53,2.89,3.56,300.92,343.38,41.7,1.09,5.48,2.17,-8.74,-3.28,3.11,43.25,0,62.1,4.57,211,5.71,210.95
2023,3,2,14,1.96,2.32,2.94,232.92,276.48,31.42,0.66,3.3,0.88,-8.31,-3.72,3.23,49.19,0,62.09,4.19,212.45,5.28,212.37
2023,3,2,15,1.26,1.57,2.1,148.15,186.33,18.93,0.27,1.3,-0.39,-8.01,-4.2,3.3,55.62,0.01,62.1,3.63,212.7,4.61,212.61
2023,3,2,16,0.64,0.71,1.09,72.77,82.62,8.16,0.04,0.2,-2.06,-7.29,-4.68,3.48,67.81,0.02,62.13,2.52,210.54,3.37,210.07
2023,3,2,17,0.05,0.05,0.14,4.15,5,0.55,0,0,-4.6,-6.92,-5.76,3.6,86.69,0.02,62.17,1.48,206.02,2.34,204.08
2023,3,2,18,0,0,0,0,0,0,0,0,-4.97,-6.45,-5.71,3.72,92.94,0.01,62.22,1.05,196.82,1.57,194.73
2023,3,2,19,0,0,0,0,0,0,0,0,-5.27,-6.17,-5.72,3.85,97.88,0.01,62.25,0.53,170.68,0.82,171.25
2023,3,2,20,0,0,0,0,0,0,0,0,-5.63,-6.12,-5.88,3.85,100,0.01,62.27,0.26,121.26,0.38,124.99
2023,3,2,21,0,0,0,0,0,0,0,0,-5.94,-6.27,-6.11,3.85,100,0.01,62.26,0.28,50.6,0.47,51.04
2023,3,2,22,0,0,0,0,0,0,0,0,-6.19,-6.61,-6.4,3.72,100,0.01,62.24,0.43,27.03,0.73,29.59
2023,3,2,23,0,0,0,0,0,0,0,0,-6.35,-7.07,-6.71,3.6,99.69,0.01,62.21,0.53,23.53,0.87,25.42
2023,3,3,0,0,0,0,0,0,0,0,0,-6.47,-7.6,-7.03,3.42,96.25,0.01,62.18,0.58,22.09,0.95,24.87
2023,3,3,1,0,0,0,0,0,0,0,0,-6.6,-8.17,-7.38,3.23,92.69,0.01,62.15,0.6,21.52,0.98,23.92
2023,3,3,2,0,0,0,0,0,0,0,0,-6.81,-8.77,-7.79,3.11,89.5,0.01,62.12,0.67,17.59,1.12,20.32
2023,3,3,3,0,0,0,0,0,0,0,0,-7.03,-9.4,-8.22,2.93,86.31,0,62.09,0.72,19.61,1.25,22.4
2023,3,3,4,0,0,0,0,0,0,0,0,-7.24,-9.95,-8.6,2.81,83.69,0,62.08,0.78,24.25,1.38,27
2023,3,3,5,0,0,0,0,0,0,0,0,-7.49,-10.49,-8.99,2.62,81.44,0,62.09,0.86,27.49,1.57,30.52
2023,3,3,6,0.27,0.28,0.52,28.48,30.6,3.12,0.01,0.05,-5.94,-10.61,-8.27,2.62,70.5,0,62.13,1.27,35.46,1.92,34.08
2023,3,3,7,1.08,1.15,1.59,124.27,134.4,14.75,0.14,0.7,-2.84,-10.2,-6.52,2.75,56.19,0,62.17,1.39,36.1,1.71,36.09
2023,3,3,8,1.81,1.98,2.52,214.52,234.42,28.25,0.52,2.52,-0.09,-11.05,-5.57,2.5,41.62,0,62.19,0.44,268.98,0.52,270
2023,3,3,9,2.45,2.65,3.27,292.38,315.15,40.08,0.99,4.95,2.08,-11.55,-4.74,2.38,33.94,0,62.2,1.86,233.71,2.23,233.41
2023,3,3,10,2.79,3.11,3.77,334.25,369.95,46.79,1.36,6.92,3.71,-11.4,-3.85,2.44,30.56,0,62.19,2.88,226.43,3.51,226.08
2023,3,3,11,2.91,3.29,3.99,349.1,391.38,49.28,1.52,7.83,4.76,-10.81,-3.03,2.56,29.94,0,62.16,3.68,223.36,4.53,222.77
2023,3,3,12,2.8,3.23,3.93,336.67,385.08,47.48,1.44,7.38,5.15,-9.85,-2.35,2.81,31.88,0,62.11,4.28,221.96,5.33,221.38
2023,3,3,13,2.57,2.91,3.57,309.1,347.17,43.09,1.19,6.08,4.63,-8.78,-2.07,3.11,36.31,0,62.09,4.56,221.25,5.74,220.69
2023,3,3,14,2.02,2.34,2.95,241.17,280.65,32.78,0.73,3.65,3.3,-7.84,-2.27,3.36,43.31,0,62.1,4.43,219.7,5.63,219.26
2023,3,3,15,1.34,1.59,2.11,158.2,190.62,20.34,0.3,1.48,1.53,-7.04,-2.75,3.6,52.38,0,62.14,3.83,218.2,4.92,217.78
2023,3,3,16,0.64,0.73,1.11,72.98,86.27,8.23,0.05,0.23,-0.48,-6.24,-3.36,3.85,64.88,0,62.17,2.44,216.39,3.35,215.02
2023,3,3,17,0.06,0.05,0.14,5,5.52,0.65,0,0.02,-3.28,-6.22,-4.75,3.85,81.94,0,62.19,1.46,207.39,2.29,205.51
2023,3,3,18,0,0,0,0,0,0,0,0,-3.76,-5.91,-4.84,3.91,87.38,0,62.23,1.07,194.74,1.62,193.7
2023,3,3,19,0,0,0,0,0,0,0,0,-4.2,-5.7,-4.95,3.97,92.38,0,62.26,0.77,182.34,1.21,183.34
2023,3,3,20,0,0,0,0,0,0,0,0,-4.52,-5.56,-5.04,4.03,96.19,0,62.28,0.63,174.29,0.99,177.3
2023,3,3,21,0,0,0,0,0,0,0,0,-4.85,-5.47,-5.16,4.09,99.94,0,62.28,0.56,172.78,0.89,174.99
2023,3,3,22,0,0,0,0,0,0,0,0,-4.99,-5.38,-5.19,4.09,100,0,62.27,0.52,174.81,0.84,177.86
2023,3,3,23,0,0,0,0,0,0,0,0,-5.1,-5.35,-5.23,4.09,100,0,62.25,0.5,167.47,0.81,171.09
2023,3,4,0,0,0,0,0,0,0,0,0,-5.36,-5.36,-5.36,4.15,100,0,62.22,0.56,163.07,0.89,165.72
2023,3,4,1,0,0,0,0,0,0,0,0,-5.53,-5.38,-5.45,4.15,100,0,62.19,0.62,168.41,0.99,169.57
2023,3,4,2,0,0,0,0,0,0,0,0,-5.72,-5.42,-5.57,4.09,100,0,62.17,0.66,177.98,1.08,178.34
2023,3,4,3,0,0,0,0,0,0,0,0,-5.95,-5.54,-5.74,4.09,100,0,62.15,0.57,176.86,0.91,177.55
2023,3,4,4,0,0,0,0,0,0,0,0,-6.1,-5.73,-5.92,4.03,100,0,62.15,0.42,167.01,0.67,167.25
2023,3,4,5,0,0,0,0,0,0,0,0,-6.22,-5.92,-6.07,3.97,100,0,62.17,0.31,143.13,0.51,141.89
2023,3,4,6,0.28,0.29,0.54,30.02,32.58,3.27,0.01,0.05,-5.13,-5.97,-5.56,3.91,98.94,0,62.21,0.48,120.32,0.59,124.11
2023,3,4,7,1.04,1.16,1.61,120.88,136.95,14.62,0.16,0.77,-2.6,-6.35,-4.48,3.78,77.38,0,62.26,0.77,178.25,0.91,178.03
2023,3,4,8,1.72,1.98,2.54,204.1,236.83,27.05,0.53,2.6,-0.45,-7.6,-4.02,3.42,58.25,0,62.29,1.49,211.69,1.75,211.49
2023,3,4,9,2.27,2.65,3.29,272.23,317.25,37.65,0.98,5.02,1.48,-8.35,-3.43,3.23,47.06,0,62.3,2.72,213.42,3.29,213.39
2023,3,4,10,2.79,3.11,3.79,337.33,371.58,47.4,1.44,7.52,2.87,-8.57,-2.85,3.11,41.62,0,62.28,3.74,211.87,4.59,211.58
2023,3,4,11,2.7,3.26,4.01,325.95,388.55,46.02,1.48,7.77,3.18,-8.45,-2.64,3.17,41.06,0,62.24,4.51,212.26,5.59,211.98
2023,3,4,12,2.43,3.2,3.94,295.25,381.55,41.76,1.33,6.9,2.72,-7.92,-2.6,3.3,44.38,0,62.19,4.93,213.16,6.15,212.92
2023,3,4,13,2.28,2.88,3.59,273.62,343.02,38.2,1.11,5.8,1.98,-7.49,-2.75,3.42,48.56,0,62.14,5.08,213.32,6.4,213.09
2023,3,4,14,1.8,2.32,2.97,214.75,275.98,29.4,0.7,3.55,1.01,-7.12,-3.05,3.54,53.75,0,62.12,4.98,212.77,6.33,212.55
2023,3,4,15,1.15,1.57,2.13,135.65,185.88,17.82,0.29,1.42,-0.26,-6.53,-3.39,3.72,62.19,0,62.12,4.52,212.15,5.79,211.83
2023,3,4,16,0.51,0.72,1.12,56.7,83.1,6.77,0.05,0.23,-1.81,-5.81,-3.81,3.97,75.12,0,62.15,3.51,210.16,4.6,209.61
2023,3,4,17,0.05,0.05,0.15,3.85,5.58,0.52,0,0,-3.8,-5.07,-4.44,4.21,94.56,0,62.17,1.68,209.55,2.57,205.79
2023,3,4,18,0,0,0,0,0,0,0,0,-4.6,-4.59,-4.6,4.39,100,0,62.2,1.28,205,2.15,199.09
2023,3,4,19,0,0,0,0,0,0,0,0,-4.99,-4.51,-4.75,4.39,100,0,62.22,1.1,201.65,1.96,196.42
2023,3,4,20,0,0,0,0,0,0,0,0,-5.22,-4.59,-4.91,4.39,100,0,62.25,0.94,203.39,1.73,200.65
2023,3,4,21,0,0,0,0,0,0,0,0,-5.34,-4.69,-5.01,4.33,100,0,62.25,0.89,204.99,1.57,203.12
2023,3,4,22,0,0,0,0,0,0,0,0,-5.52,-4.9,-5.21,4.27,100,0,62.23,0.81,204.35,1.44,203.65
2023,3,4,23,0,0,0,0,0,0,0,0,-5.69,-5.15,-5.42,4.21,100,0,62.21,0.73,199.41,1.26,200.01
2023,3,5,0,0,0,0,0,0,0,0,0,-5.81,-5.39,-5.6,4.15,100,0,62.18,0.59,193.85,0.98,196.13
2023,3,5,1,0,0,0,0,0,0,0,0,-6.01,-5.67,-5.84,4.03,100,0,62.16,0.4,178.88,0.64,184.18
2023,3,5,2,0,0,0,0,0,0,0,0,-6.29,-6.01,-6.15,3.97,100,0,62.14,0.2,125.54,0.29,131.76
2023,3,5,3,0,0,0,0,0,0,0,0,-6.6,-6.43,-6.52,3.85,100,0,62.12,0.25,59.35,0.41,60.52
2023,3,5,4,0,0,0,0,0,0,0,0,-6.85,-6.87,-6.86,3.66,100,0,62.13,0.4,40.24,0.72,41.94
2023,3,5,5,0,0,0,0,0,0,0,0,-7.03,-7.42,-7.22,3.54,100,0,62.15,0.54,36.21,1,38.31
2023,3,5,6,0.27,0.31,0.56,28.77,33.65,3.38,0.01,0.05,-5.57,-7.78,-6.67,3.42,88.69,0,62.19,0.97,43.7,1.34,42.41
2023,3,5,7,1.08,1.18,1.63,123.65,137.58,14.63,0.16,0.75,-3.04,-8.23,-5.63,3.3,68.75,0,62.23,0.5,67.04,0.61,66.41
2023,3,5,8,1.87,2.01,2.56,219.7,237.1,28.66,0.55,2.7,-0.58,-9.73,-5.15,2.87,49.12,0,62.26,1.05,197.35,1.23,197.05
2023,3,5,9,2.41,2.68,3.31,286.45,317.23,39.17,1.01,5.08,1.17,-10.03,-4.43,2.75,41.62,0,62.26,2.38,201.94,2.86,201.66
2023,3,5,10,2.65,3.13,3.81,319.1,371.15,45.02,1.37,7.17,2.44,-9.51,-3.53,2.87,39.62,0,62.24,3.43,204.23,4.16,203.92
2023,3,5,11,2.6,3.28,4.03,311.4,387.92,44.18,1.42,7.42,2.83,-8.79,-2.98,3.05,41,0,62.19,4.21,206.18,5.18,205.95
2023,3,5,12,2.5,3.22,3.96,299.77,380.6,42.43,1.34,6.95,2.44,-8.09,-2.83,3.3,44.75,0,62.13,4.68,207.68,5.8,207.43
2023,3,5,13,2.17,2.89,3.6,260.52,341.85,36.49,1.06,5.6,1.98,-7.7,-2.86,3.36,47.81,0,62.06,4.99,208.33,6.25,208.14
2023,3,5,14,1.69,2.32,2.98,200.85,274.7,27.62,0.66,3.35,1.2,-7.52,-3.16,3.42,51.38,0,62.02,5.13,208.67,6.5,208.41
2023,3,5,15,1.06,1.57,2.14,124.35,184.77,16.55,0.27,1.33,-0.13,-7.01,-3.56,3.6,59.19,0,62,4.82,207.65,6.18,207.41
2023,3,5,16,0.42,0.72,1.13,46.98,82.73,5.68,0.04,0.17,-1.83,-6.17,-3.99,3.85,73.19,0,62,3.83,205.21,5.01,204.81
2023,3,5,17,0.05,0.06,0.16,3.88,5.77,0.53,0,0,-3.96,-5.22,-4.59,4.21,94.94,0,62.03,1.89,202.64,2.76,200.23
2023,3,5,18,0,0,0,0,0,0,0,0,-4.84,-4.74,-4.79,4.33,100,0,62.05,1.33,196.08,2.19,190.91
2023,3,5,19,0,0,0,0,0,0,0,0,-5.1,-4.7,-4.9,4.33,100,0,62.07,1.22,192.61,2.11,187.86
2023,3,5,20,0,0,0,0,0,0,0,0,-5.32,-4.75,-5.03,4.33,100,0,62.07,1.12,192.88,2.05,189.21
2023,3,5,21,0,0,0,0,0,0,0,0,-5.42,-4.81,-5.12,4.33,100,0,62.06,1.11,194.62,2.06,191.14
2023,3,5,22,0,0,0,0,0,0,0,0,-5.6,-4.92,-5.26,4.27,100,0,62.04,1.05,197.76,1.99,194.58
2023,3,5,23,0,0,0,0,0,0,0,0,-5.79,-5.1,-5.45,4.21,100,0,62.01,0.96,200.5,1.81,197.34
2023,3,6,0,0,0,0,0,0,0,0,0,-6.01,-5.45,-5.73,4.09,100,0,61.98,0.88,204.07,1.56,202.33
2023,3,6,1,0,0,0,0,0,0,0,0,-6.24,-5.81,-6.02,4.03,100,0,61.92,0.7,201.68,1.2,201.87
2023,3,6,2,0,0,0,0,0,0,0,0,-6.49,-6.16,-6.32,3.91,100,0,61.88,0.53,198.17,0.89,200.67
2023,3,6,3,0,0,0,0,0,0,0,0,-6.73,-6.56,-6.64,3.78,100,0,61.85,0.29,192.53,0.46,195.95
2023,3,6,4,0,0,0,0,0,0,0,0,-7.02,-7.11,-7.06,3.66,100,0,61.84,0.1,51.34,0.15,47.12
2023,3,6,5,0,0,0,0,0,0,0,0,-7.52,-7.86,-7.69,3.42,100,0,61.87,0.48,25.3,0.77,26.57
2023,3,6,6,0.33,0.34,0.58,34,36.1,3.66,0.01,0.05,-6.41,-8.6,-7.5,3.23,90.06,0,61.9,1.07,35.78,1.45,33.78
2023,3,6,7,1.13,1.23,1.65,127.55,141.12,15.12,0.16,0.77,-3.76,-10.81,-7.28,2.69,59.25,0,61.94,1.03,37.57,1.22,37.97
2023,3,6,8,1.95,2.07,2.58,226.75,241.15,29.82,0.57,2.83,-1.07,-14.21,-7.64,1.95,34.44,0,61.98,0.66,212.01,0.78,211.46
2023,3,6,9,2.46,2.75,3.33,288.85,321.67,39.71,1.02,5.15,1.01,-15.17,-7.08,1.77,26.38,0,61.99,2.33,212.84,2.8,212.36
2023,3,6,10,2.73,3.22,3.83,320.67,376,45.43,1.37,7.05,2.45,-14.79,-6.17,1.77,24.38,0,61.98,3.38,212.62,4.11,212.33
2023,3,6,11,3.18,3.37,4.05,376.75,395.92,52.75,1.66,8.6,3.37,-14.08,-5.35,1.89,24.44,0,61.95,4.28,213.55,5.28,213.1
2023,3,6,12,2.81,3.31,3.98,334.6,388.55,47.36,1.48,7.73,3.69,-12.72,-4.52,2.2,27.25,0,61.9,4.97,213.47,6.2,213.07
2023,3,6,13,2.59,2.97,3.62,307.92,349.7,42.81,1.22,6.33,3.32,-11.04,-3.86,2.56,32.69,0,61.86,5.29,213.01,6.63,212.64
2023,3,6,14,2.05,2.4,3,242.05,282.45,32.84,0.76,3.8,2.05,-9.84,-3.89,2.81,39.69,0,61.84,4.97,213.39,6.26,213.04
2023,3,6,15,1.35,1.63,2.15,156.88,192,20.15,0.31,1.55,0.58,-9.24,-4.32,2.99,46.25,0,61.84,4.27,212.29,5.43,211.88
2023,3,6,16,0.66,0.77,1.15,72.92,88.12,8.45,0.05,0.25,-1.02,-8.73,-4.88,3.11,54.94,0,61.85,3.32,208.86,4.34,208.27
2023,3,6,17,0.06,0.06,0.16,5.25,6.33,0.7,0,0.02,-3.74,-7.67,-5.7,3.42,75.75,0,61.89,1.62,207.55,2.61,203.42
2023,3,6,18,0,0,0,0,0,0,0,0,-4.98,-7.15,-6.06,3.54,87.88,0,61.93,1.3,197.46,2.14,192.87
2023,3,6,19,0,0,0,0,0,0,0,0,-5.75,-6.56,-6.16,3.72,98.62,0,61.96,1.03,184.8,1.7,181.31
2023,3,6,20,0,0,0,0,0,0,0,0,-6.23,-6.23,-6.23,3.85,100,0,61.97,0.86,173.72,1.46,171.39
2023,3,6,21,0,0,0,0,0,0,0,0,-6.38,-6.17,-6.27,3.85,100,0,61.98,0.72,162.94,1.27,161.68
2023,3,6,22,0,0,0,0,0,0,0,0,-6.53,-6.27,-6.41,3.85,100,0,61.97,0.61,150.8,1.1,150.15
2023,3,6,23,0,0,0,0,0,0,0,0,-6.76,-6.5,-6.63,3.78,100,0,61.95,0.56,141.22,0.99,141.06
2023,3,7,0,0,0,0,0,0,0,0,0,-6.96,-6.77,-6.87,3.66,100,0,61.94,0.5,132.46,0.9,131.84
2023,3,7,1,0,0,0,0,0,0,0,0,-7.21,-7.06,-7.14,3.6,100,0,61.91,0.45,125.88,0.83,125.04
2023,3,7,2,0,0,0,0,0,0,0,0,-7.4,-7.35,-7.38,3.48,100,0,61.89,0.41,118.52,0.76,117.62
2023,3,7,3,0,0,0,0,0,0,0,0,-7.5,-7.73,-7.61,3.42,100,0,61.88,0.37,112.25,0.69,109.26
2023,3,7,4,0,0,0,0,0,0,0,0,-7.57,-8.25,-7.92,3.23,100,0,61.9,0.35,93.81,0.68,90.66
2023,3,7,5,0,0,0,0,0,0,0,0,-7.63,-8.88,-8.25,3.11,95.75,0,61.94,0.42,64.4,0.86,63.43
2023,3,7,6,0.34,0.36,0.6,34.85,38.1,3.9,0.02,0.05,-6.05,-9.06,-7.55,3.05,82.38,0,61.98,1.16,56.85,1.55,55.91
2023,3,7,7,1.17,1.27,1.67,129.15,143.77,15.57,0.18,0.88,-3.68,-9.67,-6.67,2.93,64.31,0,62.03,1.18,77.35,1.43,77.03
2023,3,7,8,1.78,2.12,2.6,205.67,243.4,27.98,0.58,2.88,-0.87,-12.2,-6.53,2.38,41.75,0,62.06,0.84,171.42,0.98,170.84
2023,3,7,9,2.51,2.81,3.35,289.75,323.92,40.66,1.12,5.8,1.46,-13.3,-5.92,2.08,30.81,0,62.08,2.18,201.42,2.6,201.32
2023,3,7,10,2.91,3.25,3.84,342.12,377.12,48.62,1.53,8.2,3.1,-13.09,-4.99,2.14,27.5,0,62.07,3.25,203.18,3.95,202.96
2023,3,7,11,2.98,3.42,4.06,344.88,390,49.02,1.64,8.6,4.08,-12.56,-4.24,2.2,26.88,0,62.04,4.14,204.15,5.09,203.93
2023,3,7,12,2.71,3.31,3.99,316.73,380.5,44.82,1.46,7.65,4.37,-11.63,-3.63,2.38,28.62,0,61.99,4.87,205.78,6.05,205.57
2023,3,7,13,2.45,2.9,3.63,287.83,338.77,39.86,1.16,6.15,3.69,-10.25,-3.28,2.75,34.06,0,61.96,5.16,207.22,6.47,207.09
2023,3,7,14,1.76,2.31,3.01,206.42,269.85,28.12,0.69,3.45,2.12,-8.99,-3.44,3.05,42.44,0,61.96,4.84,207.81,6.09,207.65
2023,3,7,15,1.11,1.54,2.17,127.12,178.88,16.86,0.28,1.4,0.58,-8.34,-3.88,3.23,50,0,61.97,4.16,207.24,5.27,207.1
2023,3,7,16,0.55,0.7,1.16,60.85,78.5,7.56,0.05,0.27,-1.03,-7.7,-4.37,3.36,60,0,61.99,3.31,205.17,4.28,204.93
2023,3,7,17,0.06,0.06,0.17,4.75,5.92,0.66,0,0.02,-3.45,-6.72,-5.09,3.66,80.06,0,62.02,1.68,202.64,2.61,200.72
2023,3,7,18,0,0,0,0,0,0,0,0,-4.51,-6.04,-5.27,3.91,92.56,0,62.05,1.32,195.85,2.07,193.51
2023,3,7,19,0,0,0,0,0,0,0,0,-4.92,-5.52,-5.22,4.09,100,0,62.09,1.03,187.82,1.61,186.13
2023,3,7,20,0,0,0,0,0,0,0,0,-5.11,-5.25,-5.18,4.15,100,0,62.11,0.77,175.33,1.2,174.77
2023,3,7,21,0,0,0,0,0,0,0,0,-5.24,-5.3,-5.27,4.15,100,0,62.12,0.55,153.07,0.89,153.43
2023,3,7,22,0,0,0,0,0,0,0,0,-5.38,-5.49,-5.43,4.09,100,0,62.11,0.45,128.66,0.74,130.27
2023,3,7,23,0,0,0,0,0,0,0,0,-5.51,-5.71,-5.61,4.03,100,0,62.1,0.43,113.75,0.7,113.7
2023,3,8,0,0,0,0,0,0,0,0,0,-5.65,-5.96,-5.81,3.91,100,0,62.08,0.41,98.75,0.69,98.4
2023,3,8,1,0,0,0,0,0,0,0,0,-5.84,-6.33,-6.08,3.78,100,0,62.04,0.44,79.88,0.77,78.35
2023,3,8,2,0,0,0,0,0,0,0,0,-5.99,-6.81,-6.39,3.66,98.56,0,62.01,0.46,63,0.85,60.39
2023,3,8,3,0,0,0,0,0,0,0,0,-6.16,-7.38,-6.77,3.48,95.19,0,61.99,0.52,56.07,0.95,53.04
2023,3,8,4,0,0,0,0,0,0,0,0,-6.33,-8.04,-7.19,3.3,91.31,0,62.01,0.58,53.75,1.01,51.89
2023,3,8,5,0,0,0,0,0,0,0,0,-6.54,-8.71,-7.63,3.11,87.69,0,62.04,0.65,53.82,1.1,52.48
2023,3,8,6,0.17,0.32,0.63,18.55,35.08,2.38,0.01,0.05,-5.08,-9.06,-7.07,2.99,75.06,0,62.09,0.9,60.32,1.28,59.04
2023,3,8,7,0.55,1.16,1.69,65.98,135.95,9.19,0.12,0.6,-2.65,-11.77,-7.21,2.38,48.25,0,62.14,1.16,126.25,1.39,125.84
2023,3,8,8,0.93,1.99,2.62,114.7,235.67,16.38,0.36,1.77,-0.85,-13.52,-7.19,2.01,35.56,0,62.18,2.45,170.27,2.96,170.29
2023,3,8,9,1.55,2.67,3.37,187.4,318.42,27.12,0.77,4.12,0.42,-12.92,-6.25,2.14,34,0,62.18,3.23,183.46,3.92,183.43
2023,3,8,10,1.92,3.12,3.86,230.62,372.65,33.09,1.08,5.77,1.21,-11.56,-5.18,2.44,36.38,0.01,62.17,3.72,191.88,4.51,191.99
2023,3,8,11,1.87,3.24,4.08,224.42,385.08,32.07,1.09,5.67,1.26,-10.07,-4.41,2.75,41.31,0.02,62.12,3.88,196.75,4.71,196.78
2023,3,8,12,1.6,3.14,4.01,201.52,372.1,29.01,0.98,5.12,0.81,-8.86,-4.02,3.05,47.25,0.04,62.05,3.84,200.5,4.67,200.56
2023,3,8,13,1.62,2.8,3.65,197.15,330.42,28.41,0.89,4.75,0.08,-8.11,-4.02,3.3,53.12,0.05,61.99,3.74,204.96,4.59,204.99
2023,3,8,14,1.03,2.21,3.02,127.33,259.85,17.78,0.45,2.33,-0.73,-7.81,-4.27,3.36,58.25,0.05,61.95,3.58,208.86,4.43,208.87
2023,3,8,15,0.74,1.47,2.18,86.33,169.9,11.78,0.21,1.05,-1.76,-7.43,-4.6,3.48,65.69,0.05,61.95,3.25,211.63,4.08,211.68
2023,3,8,16,0.31,0.63,1.17,33.95,70.38,4.59,0.04,0.17,-2.95,-6.93,-4.94,3.66,75.75,0.04,61.98,2.68,213,3.45,212.97
2023,3,8,17,0.05,0.05,0.18,3.42,5.65,0.47,0,0,-4.53,-6.31,-5.42,3.85,91.38,0.04,62.01,1.47,211.49,2.2,211.49
2023,3,8,18,0,0,0,0,0,0,0,0,-5.61,-5.95,-5.78,3.97,100,0.03,62.06,1.2,210.07,1.86,210.01
2023,3,8,19,0,0,0,0,0,0,0,0,-5.85,-5.89,-5.87,3.97,100,0.03,62.09,1.03,205.98,1.57,206.05
2023,3,8,20,0,0,0,0,0,0,0,0,-5.92,-5.99,-5.96,3.91,100,0.02,62.1,0.76,199.18,1.13,199.81
2023,3,8,21,0,0,0,0,0,0,0,0,-6.12,-6.21,-6.17,3.85,100,0.02,62.08,0.5,191.66,0.77,192.34
2023,3,8,22,0,0,0,0,0,0,0,0,-6.31,-6.49,-6.4,3.78,100,0.01,62.05,0.31,180,0.48,182.82
2023,3,8,23,0,0,0,0,0,0,0,0,-6.73,-6.89,-6.81,3.66,100,0.01,62,0.09,90,0.11,102.09
2023,3,9,0,0,0,0,0,0,0,0,0,-7.32,-7.38,-7.35,3.48,100,0,61.96,0.31,25.28,0.52,25.8
2023,3,9,1,0,0,0,0,0,0,0,0,-7.78,-7.88,-7.83,3.36,100,0,61.91,0.43,15.8,0.86,19.58
2023,3,9,2,0,0,0,0,0,0,0,0,-7.96,-8.4,-8.18,3.23,100,0,61.88,0.54,15.04,1.04,18.02
2023,3,9,3,0,0,0,0,0,0,0,0,-7.7,-8.85,-8.27,3.05,96.12,0,61.87,0.58,15.73,1.05,18.3
2023,3,9,4,0,0,0,0,0,0,0,0,-7.4,-9.32,-8.36,2.93,89.88,0,61.89,0.61,16.35,1.06,18.97
2023,3,9,5,0,0,0,0,0,0,0,0,-7.17,-9.78,-8.48,2.81,84.62,0,61.92,0.64,17.77,1.09,19.74
2023,3,9,6,0.25,0.29,0.65,27.45,31.65,3.35,0.02,0.05,-5.36,-9.4,-7.38,2.93,75.12,0,61.97,0.84,24.66,1.21,24.41
2023,3,9,7,0.89,1.09,1.71,101.05,124.73,12.32,0.16,0.75,-2.55,-9.42,-5.99,2.93,59.56,0,62.03,0.37,96.07,0.45,93.01
2023,3,9,8,1.57,1.92,2.65,182.17,223.17,23.78,0.49,2.45,-0.1,-10.77,-5.44,2.62,43,0,62.05,1.76,172.62,2.09,172.48
2023,3,9,9,2.12,2.59,3.39,252.23,303.4,34.19,0.93,4.77,1.57,-11.27,-4.85,2.5,36.12,0,62.05,2.72,185.43,3.29,185.45
2023,3,9,10,2.5,3.03,3.88,300.08,356.77,41.4,1.31,7.08,2.73,-10.81,-4.04,2.56,34.69,0.01,62.04,3.42,195.62,4.16,195.71
2023,3,9,11,2.42,3.24,4.1,289.98,381.88,40.72,1.36,7.08,3.06,-10.12,-3.52,2.75,36,0.01,62.01,3.91,201.95,4.79,202.04
2023,3,9,12,2.17,3.14,4.03,263.35,371.02,36.97,1.21,6.33,2.51,-9.26,-3.38,2.99,40.38,0.03,61.96,4.02,204.67,4.96,204.59
2023,3,9,13,1.94,2.79,3.66,234.08,328.15,32.62,0.98,5.23,1.86,-8.62,-3.38,3.17,44.69,0.05,61.93,3.88,205.69,4.79,205.52
2023,3,9,14,1.59,2.23,3.04,184.27,261.05,24.88,0.62,3.17,0.94,-8.08,-3.56,3.3,50.19,0.06,61.91,3.51,209.19,4.34,208.82
2023,3,9,15,0.9,1.44,2.19,106.7,167.4,14.24,0.25,1.23,-0.38,-7.53,-3.96,3.48,58.12,0.05,61.92,2.97,211.35,3.71,210.94
2023,3,9,16,0.46,0.64,1.18,51.7,71.58,6.6,0.05,0.25,-1.76,-6.93,-4.35,3.66,68.56,0.04,61.95,2.28,211.23,2.92,210.75
2023,3,9,17,0.06,0.05,0.18,4.8,5.92,0.66,0,0.02,-3.77,-6.35,-5.06,3.85,85.31,0.03,61.99,1.05,212.86,1.67,208.85
2023,3,9,18,0,0,0,0,0,0,0,0,-4.46,-5.95,-5.2,3.97,93.25,0.03,62.03,0.75,204.69,1.12,202.62
2023,3,9,19,0,0,0,0,0,0,0,0,-4.67,-5.76,-5.21,3.97,96.25,0.01,62.07,0.33,204.1,0.45,206.57
2023,3,9,20,0,0,0,0,0,0,0,0,-4.86,-5.89,-5.38,3.97,96.69,0,62.07,0.22,25.64,0.3,22.62
2023,3,9,21,0,0,0,0,0,0,0,0,-5.13,-6.28,-5.7,3.85,95.81,0,62.04,0.55,20.75,0.84,20.62
2023,3,9,22,0,0,0,0,0,0,0,0,-5.13,-6.85,-5.99,3.66,91.5,0,62,0.69,21.08,1.08,21.19
2023,3,9,23,0,0,0,0,0,0,0,0,-5.1,-7.52,-6.31,3.48,86.12,0,61.97,0.72,25.17,1.1,25.11
2023,3,10,0,0,0,0,0,0,0,0,0,-5.06,-8.17,-6.61,3.3,81.31,0,61.92,0.67,28.66,1.02,28.33
2023,3,10,1,0,0,0,0,0,0,0,0,-5.17,-8.73,-6.95,3.11,78.06,0,61.88,0.6,31.61,0.91,30.96
2023,3,10,2,0,0,0,0,0,0,0,0,-5.5,-9.29,-7.39,2.99,76.38,0,61.85,0.64,37.01,1,36.42
2023,3,10,3,0,0,0,0,0,0,0,0,-5.7,-9.83,-7.77,2.81,74.12,0,61.85,0.79,34.95,1.26,34.88
2023,3,10,4,0,0,0,0,0,0,0,0,-6.05,-10.27,-8.16,2.69,73.31,0,61.85,0.96,30.96,1.58,31.26
2023,3,10,5,0,0,0,0,0,0,0,0,-6.46,-10.65,-8.56,2.62,73.44,0,61.86,1.09,27.85,1.91,28.35
2023,3,10,6,0.32,0.32,0.67,34.5,35.08,4.03,0.02,0.08,-4.56,-9.97,-7.27,2.81,66.5,0,61.9,1.52,26.57,2.33,26.74
2023,3,10,7,1.12,1.1,1.73,125.33,126.23,14.66,0.17,0.88,-0.77,-10.63,-5.7,2.62,45.38,0,61.96,2.2,39.1,2.72,38.94
2023,3,10,8,1.96,1.94,2.67,227.98,228.33,28.87,0.59,2.88,2.97,-12.95,-4.99,2.14,28,0,61.99,2.4,82.5,2.92,82.46
2023,3,10,9,2.28,2.62,3.41,273,311.25,36.78,0.99,5.08,4.68,-13.63,-4.48,2.01,23.12,0,61.99,2.42,105.16,2.91,105.23
2023,3,10,10,2.82,3.08,3.9,338.4,365.1,46.12,1.43,7.45,5.78,-13.23,-3.73,2.08,22.25,0,61.97,2.33,127.52,2.79,127.96
2023,3,10,11,2.75,3.26,4.12,330.33,386.85,45.84,1.52,7.92,6.51,-12.67,-3.08,2.2,22.25,0,61.92,2.38,151.58,2.87,152.46
2023,3,10,12,2.87,3.2,4.04,343.17,378.55,47.31,1.53,8,6.64,-12.12,-2.74,2.32,23.31,0,61.85,2.61,169.66,3.2,170.86
2023,3,10,13,2.37,2.85,3.68,283.67,336.25,38.67,1.15,6.08,6.09,-11.13,-2.52,2.56,26.69,0.01,61.78,2.86,182.35,3.56,183.27
2023,3,10,14,1.84,2.27,3.05,217.75,265.98,29.06,0.72,3.65,4.98,-9.73,-2.38,2.93,33.06,0.01,61.77,2.97,191.37,3.74,192.18
2023,3,10,15,1.16,1.5,2.21,135.55,173.17,17.55,0.3,1.5,3.3,-8.36,-2.52,3.3,42.06,0.01,61.79,2.8,197.68,3.58,198.32
2023,3,10,16,0.57,0.67,1.2,61.77,73.65,7.62,0.06,0.3,1.25,-7.07,-2.91,3.66,54.69,0,61.83,2.44,201.63,3.19,202.17
2023,3,10,17,0.05,0.06,0.19,4.35,6.12,0.62,0,0.02,-2.14,-5.49,-3.81,4.15,80.5,0,61.87,1.08,199.49,1.94,201.2
2023,3,10,18,0,0,0,0,0,0,0,0,-3.52,-4.52,-4.02,4.46,97,0,61.92,0.88,199.08,1.53,199.63
2023,3,10,19,0,0,0,0,0,0,0,0,-3.7,-4.23,-3.97,4.58,100,0,61.97,0.6,195.12,0.96,195.17
2023,3,10,20,0,0,0,0,0,0,0,0,-3.68,-4.56,-4.12,4.46,98.5,0,62,0.25,169.38,0.35,170.96
2023,3,10,21,0,0,0,0,0,0,0,0,-4.2,-5.13,-4.67,4.27,99.06,0,62,0.46,52.55,0.67,52.07
2023,3,10,22,0,0,0,0,0,0,0,0,-5.02,-5.97,-5.5,4.03,99.81,0,61.98,0.79,43,1.28,42.77
2023,3,10,23,0,0,0,0,0,0,0,0,-5.22,-7.2,-6.21,3.66,92,0,61.96,0.91,42.57,1.48,42.44
2023,3,11,0,0,0,0,0,0,0,0,0,-4.8,-8.6,-6.7,3.23,78.75,0,61.93,0.9,43.59,1.41,44.1
2023,3,11,1,0,0,0,0,0,0,0,0,-4.51,-9.96,-7.24,2.87,68.19,0,61.9,0.85,43.88,1.31,44.27
2023,3,11,2,0,0,0,0,0,0,0,0,-4.45,-11.14,-7.8,2.56,60.69,0,61.88,0.81,45.39,1.28,45.99
2023,3,11,3,0,0,0,0,0,0,0,0,-4.31,-12.33,-8.31,2.32,53.75,0,61.88,0.87,45.36,1.35,46.17
2023,3,11,4,0,0,0,0,0,0,0,0,-4.35,-13.47,-8.92,2.08,48.56,0,61.9,0.93,44.32,1.45,45
2023,3,11,5,0,0,0,0,0,0,0,0,-4.42,-14.24,-9.34,1.95,45.31,0,61.94,0.99,43.73,1.56,43.99
2023,3,11,6,0.29,0.32,0.7,30.83,32.92,3.82,0.02,0.08,-2.95,-12.21,-7.58,2.32,48.44,0,62,0.99,43.4,1.62,43.63
2023,3,11,7,0.96,1.12,1.75,105.65,124.48,12.88,0.16,0.8,0.72,-14.59,-6.93,1.83,28.56,0,62.06,1.11,74,1.35,73.14
2023,3,11,8,1.53,1.95,2.69,175.9,222.3,22.74,0.47,2.35,3.87,-14.54,-5.34,1.89,23.06,0,62.1,1.57,138.84,1.88,139.22
2023,3,11,9,2.08,2.63,3.42,242.33,302.52,32.64,0.89,4.6,5.6,-14.24,-4.32,1.89,20.81,0,62.1,2.03,155.5,2.45,156.13
2023,3,11,10,2.5,3.08,3.92,291.3,356.15,39.88,1.23,6.48,6.75,-13.47,-3.36,2.01,20.56,0,62.08,2.43,169.09,2.95,169.64
2023,3,11,11,2.57,3.24,4.13,300.52,373.67,41.14,1.35,7.02,7.39,-12.46,-2.54,2.26,21.62,0,62.03,2.88,181.25,3.51,181.91
2023,3,11,12,2.58,3.16,4.06,301.95,363.88,41.28,1.33,6.92,7.42,-11.35,-1.96,2.5,24.06,0,61.97,3.32,190.04,4.08,190.6
2023,3,11,13,2.17,2.79,3.69,254.67,320.65,34.22,1.02,5.42,6.05,-9.78,-1.87,2.87,30.62,0,61.93,3.69,197.25,4.62,197.61
2023,3,11,14,1.71,2.19,3.07,197.45,249.42,25.84,0.63,3.27,4.61,-7.62,-1.51,3.48,40.75,0,61.94,3.78,201.05,4.77,201.4
2023,3,11,15,1.14,1.42,2.22,128.62,159.5,16.28,0.28,1.38,2.96,-5.66,-1.35,4.09,53.5,0.01,61.98,3.37,203.23,4.27,203.42
2023,3,11,16,0.5,0.62,1.21,53.02,66.65,6.59,0.05,0.25,1.24,-4.23,-1.49,4.52,67.31,0.01,62.01,2.7,202.85,3.47,203.05
2023,3,11,17,0.06,0.05,0.2,4.73,5.88,0.64,0,0.02,-1.27,-3.25,-2.26,4.88,88.06,0.01,62.06,1.41,198.43,2.2,198.24
2023,3,11,18,0,0,0,0,0,0,0,0,-2.34,-2.72,-2.53,5.07,100,0.01,62.11,1.21,192.33,1.81,191.99
2023,3,11,19,0,0,0,0,0,0,0,0,-2.57,-2.51,-2.54,5.13,100,0.01,62.17,1,183.58,1.47,183.65
2023,3,11,20,0,0,0,0,0,0,0,0,-2.7,-2.59,-2.64,5.07,100,0,62.2,0.88,174.39,1.3,174.84
2023,3,11,21,0,0,0,0,0,0,0,0,-2.95,-2.85,-2.9,5,100,0,62.21,0.76,170.54,1.12,170.34
2023,3,11,22,0,0,0,0,0,0,0,0,-3.11,-3.15,-3.13,4.88,100,0,62.21,0.56,164.6,0.8,165.28
2023,3,11,23,0,0,0,0,0,0,0,0,-3.45,-3.48,-3.46,4.76,100,0,62.2,0.24,113.2,0.37,112.25
2023,3,12,0,0,0,0,0,0,0,0,0,-4.03,-3.83,-3.93,4.64,100,0,62.16,0.38,53.37,0.71,53
2023,3,12,1,0,0,0,0,0,0,0,0,-4.77,-4.24,-4.51,4.46,100,0,62.11,0.51,46.25,0.97,46.95
2023,3,12,2,0,0,0,0,0,0,0,0,-5.28,-4.76,-5.02,4.27,100,0,62.07,0.56,46.12,1.14,45
2023,3,12,3,0,0,0,0,0,0,0,0,-5.6,-5.53,-5.56,4.09,100,0,62.06,0.67,50.71,1.31,48.88
2023,3,12,4,0,0,0,0,0,0,0,0,-5.65,-6.24,-5.95,3.85,100,0,62.07,0.85,58.22,1.51,56.15
2023,3,12,5,0,0,0,0,0,0,0,0,-5.45,-6.85,-6.15,3.66,94.12,0,62.11,0.97,63.23,1.63,62.2
2023,3,12,6,0.3,0.32,0.72,32.2,33.45,4.07,0.02,0.08,-3.19,-6.73,-4.96,3.66,78.25,0,62.16,1.06,67.57,1.61,67.17
2023,3,12,7,0.96,1.09,1.77,106.38,122.8,12.91,0.15,0.75,0.33,-7.39,-3.52,3.54,56.06,0,62.22,1.58,128.17,1.9,128.33
2023,3,12,8,1.57,1.9,2.71,181.85,218.98,23.35,0.46,2.27,2.8,-8.24,-2.71,3.3,43.94,0,62.24,2.72,166.4,3.31,166.49
2023,3,12,9,2.2,2.57,3.44,258.67,298.75,34.3,0.88,4.5,4.39,-8.11,-1.86,3.3,39.38,0,62.24,3.34,180.13,4.07,180.33
2023,3,12,10,2.53,3.02,3.94,299.45,352.48,40.57,1.2,6.23,5.12,-7.59,-1.24,3.42,38.81,0,62.23,3.8,191.63,4.65,191.84
2023,3,12,11,2.62,3.15,4.15,311.33,366.45,41.84,1.3,6.67,5.04,-7.07,-1.02,3.54,40.62,0,62.19,4.07,199.27,5,199.45
2023,3,12,12,2.29,3.06,4.07,271.9,356.38,36.51,1.13,5.83,4.39,-6.74,-1.17,3.66,43.62,0,62.14,4.12,202.14,5.08,202.23
2023,3,12,13,1.59,2.69,3.71,191.15,313.73,25.66,0.71,3.67,3.49,-6.47,-1.49,3.72,47.56,0,62.1,4.05,203.05,5.01,203.05
2023,3,12,14,1.48,2.1,3.08,173.65,243.2,22.96,0.55,2.77,2.55,-6.22,-1.84,3.85,51.88,0,62.08,3.87,203.3,4.8,203.27
2023,3,12,15,1,1.37,2.23,112.9,155.65,14.36,0.23,1.15,1.33,-6.04,-2.35,3.91,57.5,0,62.08,3.49,202.9,4.38,202.77
2023,3,12,16,0.38,0.58,1.22,41.42,63.83,5.22,0.03,0.17,-0.04,-5.67,-2.85,4.03,65.44,0,62.1,2.95,200.59,3.8,200.34
2023,3,12,17,0.04,0.05,0.21,2.75,5.92,0.38,0,0,-1.98,-4.83,-3.41,4.27,82.38,0.01,62.12,1.52,197.32,2.31,195.12
2023,3,12,18,0,0,0,0,0,0,0,0,-2.89,-4.13,-3.52,4.52,93.94,0,62.15,1.14,187.85,1.82,184.19
2023,3,12,19,0,0,0,0,0,0,0,0,-3.31,-3.71,-3.51,4.7,100,0,62.17,1.07,178.33,1.62,175.03
2023,3,12,20,0,0,0,0,0,0,0,0,-3.61,-3.56,-3.59,4.76,100,0,62.18,0.94,168.97,1.39,166.67
2023,3,12,21,0,0,0,0,0,0,0,0,-3.77,-3.63,-3.7,4.7,100,0,62.17,0.84,162.58,1.24,160.88
2023,3,12,22,0,0,0,0,0,0,0,0,-3.86,-3.77,-3.81,4.7,100,0,62.15,0.78,161.38,1.16,159.85
2023,3,12,23,0,0,0,0,0,0,0,0,-4,-3.95,-3.98,4.58,100,0,62.14,0.8,165.28,1.15,163.79
2023,3,13,0,0,0,0,0,0,0,0,0,-4.22,-4.13,-4.17,4.52,100,0,62.13,0.79,169.7,1.12,168.69
2023,3,13,1,0,0,0,0,0,0,0,0,-4.35,-4.35,-4.35,4.46,100,0,62.1,0.73,167.6,0.99,165.85
2023,3,13,2,0,0,0,0,0,0,0,0,-4.56,-4.6,-4.59,4.39,100,0,62.07,0.59,156.5,0.8,151.43
2023,3,13,3,0,0,0,0,0,0,0,0,-4.88,-4.91,-4.89,4.27,100,0,62.04,0.5,145.81,0.72,136.76
2023,3,13,4,0,0,0,0,0,0,0,0,-5.32,-5.17,-5.24,4.21,100,0,62.04,0.48,116.98,0.82,110.17
2023,3,13,5,0,0,0,0,0,0,0,0,-5.6,-5.43,-5.52,4.09,100,0,62.05,0.49,107.57,0.87,106.8
2023,3,13,6,0.29,0.35,0.75,32.65,38.42,4.12,0.02,0.08,-3.86,-5.42,-4.64,4.09,92.44,0,62.08,0.87,123.69,1.13,122.59
2023,3,13,7,0.84,1.15,1.8,97.23,133.05,12.28,0.15,0.75,-1.56,-5.77,-3.67,3.97,73.94,0.01,62.12,1.52,171.75,1.83,171.38
2023,3,13,8,1.5,1.97,2.73,177.42,230.8,23.54,0.48,2.4,0.28,-6.35,-3.04,3.78,60.69,0.01,62.13,2.08,197.07,2.49,196.79
2023,3,13,9,2.03,2.63,3.46,243.42,310.55,33.3,0.9,4.62,1.87,-6.6,-2.36,3.72,52.94,0.01,62.14,2.7,207.16,3.25,206.87
2023,3,13,10,2.45,3.08,3.95,294.33,364.2,40.74,1.27,6.6,2.73,-6.62,-1.95,3.72,49.69,0.01,62.11,3.23,211.23,3.91,210.92
2023,3,13,11,2.37,3.23,4.17,286.83,380.15,39.71,1.29,6.58,3.02,-6.36,-1.67,3.78,49.75,0.01,62.07,3.54,214.22,4.33,213.75
2023,3,13,12,2.17,3.13,4.09,260.5,367.83,35.99,1.16,5.95,2.85,-5.99,-1.56,3.91,52,0.02,62.01,3.7,219,4.55,218.52
2023,3,13,13,1.74,2.77,3.72,210.38,324.2,28.88,0.84,4.33,2.44,-5.69,-1.63,4.03,55,0.03,61.95,3.68,221.3,4.55,220.75
2023,3,13,14,1.36,2.17,3.09,162.38,252.77,21.97,0.54,2.73,2.16,-5.34,-1.59,4.15,57.75,0.04,61.9,3.71,216.6,4.61,216.11
2023,3,13,15,0.81,1.42,2.24,95.67,162.38,12.66,0.22,1.05,1.3,-4.68,-1.69,4.39,64.62,0.04,61.87,3.54,209.79,4.45,209.36
2023,3,13,16,0.41,0.63,1.23,44.88,69.5,5.56,0.04,0.2,-0.28,-4,-2.14,4.58,76.5,0.05,61.88,3.08,201.75,3.97,201.47
2023,3,13,17,0.06,0.06,0.21,4.52,6.52,0.62,0,0,-2.38,-3.26,-2.82,4.88,96.56,0.03,61.9,1.83,190.83,2.7,190.5
2023,3,13,18,0,0,0,0,0,0,0,0,-3.2,-2.95,-3.08,5,100,0.05,61.94,1.78,188.84,2.81,189.12
2023,3,13,19,0,0,0,0,0,0,0,0,-3.38,-3.05,-3.21,4.94,100,0.08,61.99,1.76,196.26,2.84,195.99
2023,3,13,20,0,0,0,0,0,0,0,0,-3.85,-3.54,-3.69,4.76,100,0.09,62.02,1.46,194.26,2.44,192.57
2023,3,13,21,0,0,0,0,0,0,0,0,-4.45,-4.02,-4.24,4.58,100,0.09,62.01,1.3,185.54,2.09,180.64
2023,3,13,22,0,0,0,0,0,0,0,0,-4.83,-4.43,-4.63,4.39,100,0.08,61.97,1.12,182,1.75,175.39
2023,3,13,23,0,0,0,0,0,0,0,0,-5.06,-4.81,-4.94,4.27,100,0.05,61.94,0.81,175.6,1.3,167.88
2023,3,14,0,0,0,0,0,0,0,0,0,-5.27,-5.17,-5.22,4.15,100,0.03,61.91,0.45,155.64,0.79,145.52
2023,3,14,1,0,0,0,0,0,0,0,0,-5.58,-5.56,-5.57,4.03,100,0.02,61.87,0.24,105.42,0.55,98.13
2023,3,14,2,0,0,0,0,0,0,0,0,-5.8,-5.99,-5.89,3.91,100,0.01,61.82,0.25,77.28,0.54,77.56
2023,3,14,3,0,0,0,0,0,0,0,0,-5.59,-6.35,-5.96,3.78,98.25,0,61.8,0.2,78.69,0.46,78.11
2023,3,14,4,0,0,0,0,0,0,0,0,-5.35,-6.52,-5.93,3.72,95,0,61.79,0.21,107.74,0.44,104.28
2023,3,14,5,0,0,0,0,0,0,0,0,-5.4,-6.65,-6.02,3.72,94.38,0,61.81,0.29,128.42,0.53,127.87
2023,3,14,6,0.35,0.39,0.77,38.75,42.3,4.59,0.02,0.08,-3.85,-6.29,-5.07,3.85,85.5,0,61.83,0.75,160.63,0.96,160.97
2023,3,14,7,1.08,1.2,1.82,124.08,139.75,15.15,0.16,0.8,-1.82,-6.31,-4.06,3.85,72.69,0.01,61.86,1.73,199.01,2.08,199.05
2023,3,14,8,1.68,2.03,2.75,198,238.5,26.1,0.49,2.42,0.03,-7.1,-3.54,3.6,58.25,0.01,61.87,2.63,209,3.19,208.7
2023,3,14,9,1.94,2.7,3.48,233.52,318.85,32.21,0.8,4.08,1.29,-7.65,-3.18,3.42,50.56,0.01,61.86,3.46,211.32,4.22,211.07
2023,3,14,10,2.39,3.15,3.97,287.23,372.73,40.73,1.19,6.12,1.95,-7.64,-2.85,3.42,48.19,0.02,61.83,4.21,213.72,5.18,213.38
2023,3,14,11,2.18,3.18,4.18,262.33,370.52,36.2,1.09,5.5,1.97,-7.55,-2.79,3.42,48.5,0.02,61.78,4.74,216.49,5.9,216.17
2023,3,14,12,1.97,3.09,4.1,236.08,359.33,32.75,0.98,4.98,1.53,-7.4,-2.93,3.48,50.69,0.03,61.72,5.03,218.19,6.32,217.82
2023,3,14,13,1.6,2.77,3.73,191.23,320.8,26.03,0.72,3.73,0.79,-7,-3.11,3.6,55.31,0.03,61.67,4.98,218.06,6.29,217.64
2023,3,14,14,0.85,2.18,3.1,100.17,250.55,13.26,0.27,1.38,0,-6.42,-3.2,3.78,61.5,0.03,61.62,4.65,217.08,5.88,216.69
2023,3,14,15,0.5,1.42,2.25,56.52,161.17,7.4,0.1,0.5,-1.27,-5.83,-3.55,3.97,71.75,0.03,61.61,3.97,214.57,5.06,214.06
2023,3,14,16,0.23,0.62,1.24,25.05,68.27,3.35,0.02,0.1,-2.39,-5.09,-3.74,4.27,83.88,0.03,61.61,3.18,209.9,4.11,209.15
2023,3,14,17,0.04,0.06,0.22,3.12,6.58,0.45,0,0,-3.47,-4.66,-4.06,4.39,95.06,0.02,61.62,2.15,207.22,2.9,206.22
2023,3,14,18,0,0,0,0,0,0,0,0,-4.18,-4.61,-4.4,4.39,100,0.01,61.65,1.29,212.34,1.92,208.65
2023,3,14,19,0,0,0,0,0,0,0,0,-4.65,-4.7,-4.68,4.39,100,0.01,61.69,1.05,215.34,1.75,207.94
2023,3,14,20,0,0,0,0,0,0,0,0,-4.97,-4.84,-4.91,4.33,100,0.01,61.71,0.93,217.45,1.56,208.36
2023,3,14,21,0,0,0,0,0,0,0,0,-5.17,-4.99,-5.07,4.27,100,0.01,61.7,0.82,215.67,1.35,207.6
2023,3,14,22,0,0,0,0,0,0,0,0,-5.28,-5.17,-5.22,4.21,100,0.01,61.68,0.69,210.07,1.11,203.3
2023,3,14,23,0,0,0,0,0,0,0,0,-5.49,-5.38,-5.43,4.15,100,0.01,61.64,0.54,201.04,0.88,200.2
2023,3,15,0,0,0,0,0,0,0,0,0,-5.71,-5.6,-5.66,4.09,100,0.01,61.61,0.44,201.04,0.71,204.6
2023,3,15,1,0,0,0,0,0,0,0,0,-5.94,-5.86,-5.9,3.97,100,0.01,61.58,0.34,204.78,0.54,209.54
2023,3,15,2,0,0,0,0,0,0,0,0,-6.04,-6.1,-6.07,3.91,100,0.01,61.54,0.22,192.53,0.33,202.31
2023,3,15,3,0,0,0,0,0,0,0,0,-6.08,-6.31,-6.2,3.85,100,0,61.53,0.07,110.56,0.07,108.43
2023,3,15,4,0,0,0,0,0,0,0,0,-6.2,-6.53,-6.37,3.78,100,0,61.54,0.24,47.6,0.38,45
2023,3,15,5,0,0,0,0,0,0,0,0,-6.35,-6.81,-6.58,3.66,100,0,61.57,0.39,41.73,0.63,41.99
2023,3,15,6,0.42,0.43,0.8,46.1,47.3,5.22,0.02,0.08,-4.75,-7.02,-5.88,3.6,87.06,0,61.61,0.66,62.53,0.84,59.4
2023,3,15,7,1.23,1.31,1.84,143,155.95,17.41,0.19,0.95,-2.25,-7.78,-5.02,3.42,66.19,0,61.66,0.3,103.67,0.35,104.04
2023,3,15,8,1.97,2.14,2.77,235.35,256.98,31.39,0.59,2.95,-0.27,-8.66,-4.46,3.17,52.25,0,61.69,0.76,211.57,0.9,210.36
2023,3,15,9,2.43,2.81,3.5,293.52,336.7,40.86,1.03,5.2,1.24,-9.14,-3.95,2.99,44.69,0,61.7,1.59,218.84,1.9,218
2023,3,15,10,2.52,3.26,3.99,305.2,390.15,43.45,1.27,6.5,2.52,-9.35,-3.42,2.93,40,0,61.69,2.48,217.3,2.99,216.51
2023,3,15,11,2.45,3.39,4.2,299.15,404.27,43.03,1.34,6.77,3.37,-9.18,-2.91,2.99,38.19,0,61.65,3.31,215.98,4.04,215.16
2023,3,15,12,2.21,3.32,4.12,269,395.65,38.98,1.2,6.08,3.55,-8.63,-2.53,3.17,39.69,0,61.61,3.94,216.53,4.85,215.89
2023,3,15,13,2.04,3,3.75,245.15,357.58,35.15,0.98,5.1,2.9,-8.06,-2.58,3.36,43.88,0,61.57,4.2,217.15,5.22,216.6
2023,3,15,14,1.6,2.42,3.12,190.85,288.7,27.17,0.62,3.15,1.94,-7.36,-2.7,3.54,49.94,0,61.55,4.11,217.35,5.12,216.82
2023,3,15,15,1.01,1.66,2.27,117,196.67,16.26,0.26,1.27,0.69,-6.81,-3.06,3.72,57.19,0,61.56,3.63,218.27,4.55,217.68
2023,3,15,16,0.48,0.79,1.26,54.33,91.88,7.2,0.05,0.25,-0.73,-6.27,-3.5,3.91,66.62,0,61.58,3,216.42,3.83,215.86
2023,3,15,17,0.06,0.08,0.23,5.2,8.58,0.77,0,0.02,-2.88,-5.49,-4.19,4.15,84.94,0,61.61,1.71,217.39,2.49,214.14
2023,3,15,18,0,0,0,0,0,0,0,0,-4.33,-4.82,-4.58,4.33,100,0,61.65,1.19,213.79,1.84,209.5
2023,3,15,19,0,0,0,0,0,0,0,0,-4.67,-4.7,-4.69,4.33,100,0,61.69,0.93,209.57,1.37,206.86
2023,3,15,20,0,0,0,0,0,0,0,0,-4.92,-4.88,-4.9,4.27,100,0,61.72,0.78,208.61,1.16,207.6
2023,3,15,21,0,0,0,0,0,0,0,0,-5.11,-5.08,-5.1,4.21,100,0,61.75,0.67,208.35,1.04,208.89
2023,3,15,22,0,0,0,0,0,0,0,0,-5.35,-5.29,-5.31,4.15,100,0,61.76,0.5,192.72,0.76,193.61
2023,3,15,23,0,0,0,0,0,0,0,0,-5.5,-5.51,-5.5,4.09,100,0,61.76,0.42,163.91,0.64,163.77
2023,3,16,0,0,0,0,0,0,0,0,0,-5.74,-5.7,-5.72,4.03,100,0,61.74,0.5,149.04,0.8,148.17
2023,3,16,1,0,0,0,0,0,0,0,0,-5.86,-5.83,-5.85,3.97,100,0,61.71,0.59,147.36,0.99,145.93
2023,3,16,2,0,0,0,0,0,0,0,0,-5.96,-5.92,-5.95,3.97,100,0,61.69,0.64,151.56,1.05,150.2
2023,3,16,3,0,0,0,0,0,0,0,0,-5.93,-5.96,-5.95,3.97,100,0,61.69,0.74,162.14,1.12,160.05
2023,3,16,4,0,0,0,0,0,0,0,0,-5.91,-6,-5.95,3.97,100,0,61.71,0.66,159.84,0.99,157.69
2023,3,16,5,0,0,0,0,0,0,0,0,-5.87,-6.05,-5.96,3.91,100,0,61.74,0.53,153.06,0.8,146.15
2023,3,16,6,0.32,0.47,0.82,34.65,52.05,4.12,0.02,0.08,-4.52,-5.94,-5.23,3.97,93.75,0,61.78,0.89,152.31,1.1,152.53
2023,3,16,7,0.8,1.32,1.86,92.58,153.83,12.25,0.15,0.73,-2.38,-5.99,-4.19,3.91,77.81,0,61.83,1.9,188.76,2.29,188.82
2023,3,16,8,1.42,2.16,2.79,164.8,254.15,23.2,0.47,2.35,-0.74,-6.14,-3.44,3.91,67.12,0,61.87,2.64,197.04,3.21,196.85
2023,3,16,9,1.79,2.81,3.52,218.1,332.02,31.27,0.82,4.2,0.66,-6.24,-2.78,3.85,59.62,0,61.88,3.18,197.9,3.86,197.78
2023,3,16,10,2.28,3.26,4.01,276.73,384.92,39.73,1.19,6.08,2.01,-6.35,-2.17,3.85,53.62,0,61.86,3.86,198.91,4.7,198.83
2023,3,16,11,2.13,3.32,4.22,250.95,387.83,35.12,1.09,5.52,2.61,-6.32,-1.85,3.85,51.44,0,61.82,4.49,201.43,5.53,201.31
2023,3,16,12,1.91,3.22,4.13,223.15,376.8,31.48,0.98,4.98,2.54,-6.23,-1.85,3.85,52.06,0.01,61.79,4.94,204.17,6.13,204.05
2023,3,16,13,1.19,2.86,3.76,149.25,333.7,20.07,0.53,2.77,2.18,-6.16,-1.99,3.85,53.69,0.01,61.75,5.18,206.22,6.47,206.13
2023,3,16,14,1.17,2.26,3.13,138.08,262.27,18.97,0.43,2.17,1.43,-6.21,-2.39,3.85,56.31,0.01,61.73,5.15,207.38,6.47,207.25
2023,3,16,15,0.59,1.49,2.28,68.9,170.23,9.41,0.15,0.73,0.25,-6.24,-3,3.85,61.19,0.01,61.74,4.75,208.04,6.03,207.89
2023,3,16,16,0.32,0.66,1.27,35.1,72.92,4.56,0.03,0.15,-1.24,-6.01,-3.63,3.91,70.5,0.01,61.77,3.93,208.15,5.06,207.91
2023,3,16,17,0.07,0.07,0.24,5.25,7.23,0.7,0,0,-3.38,-5.15,-4.27,4.21,90.56,0.03,61.8,2.2,206.57,3.07,205.33
2023,3,16,18,0,0,0,0,0,0,0,0,-4.56,-4.72,-4.64,4.33,100,0.02,61.83,1.51,201.91,2.37,198.08
2023,3,16,19,0,0,0,0,0,0,0,0,-5.02,-4.8,-4.91,4.33,100,0.01,61.85,1.37,196.17,2.26,191.15
2023,3,16,20,0,0,0,0,0,0,0,0,-5.34,-4.92,-5.13,4.27,100,0.01,61.88,1.3,193.54,2.17,188.89
2023,3,16,21,0,0,0,0,0,0,0,0,-5.25,-5.01,-5.13,4.27,100,0.01,61.89,1.23,194.39,2.09,189.88
2023,3,16,22,0,0,0,0,0,0,0,0,-5.45,-5.1,-5.27,4.21,100,0,61.88,1.15,193.75,2,188.98
2023,3,16,23,0,0,0,0,0,0,0,0,-5.46,-5.17,-5.32,4.21,100,0.01,61.87,1.11,196,1.92,190.53
2023,3,17,0,0,0,0,0,0,0,0,0,-5.42,-5.27,-5.35,4.15,100,0,61.84,0.99,197.86,1.75,192.86
2023,3,17,1,0,0,0,0,0,0,0,0,-5.43,-5.42,-5.42,4.09,100,0,61.8,0.78,199.34,1.42,194.65
2023,3,17,2,0,0,0,0,0,0,0,0,-5.52,-5.53,-5.52,4.09,100,0,61.77,0.63,198.89,1.19,194.04
2023,3,17,3,0,0,0,0,0,0,0,0,-5.62,-5.63,-5.63,4.09,100,0,61.76,0.58,198.92,1.1,195.61
2023,3,17,4,0,0,0,0,0,0,0,0,-5.88,-5.74,-5.81,4.03,100,0,61.77,0.61,197.97,1.1,197.4
2023,3,17,5,0,0,0,0,0,0,0,0,-5.96,-5.81,-5.88,4.03,100,0.01,61.79,0.61,197.97,1.12,197.04
2023,3,17,6,0.32,0.4,0.85,35.85,43.25,4.65,0.02,0.1,-4.23,-5.94,-5.09,3.97,91.88,0,61.82,1.4,195.2,1.82,195.41
2023,3,17,7,0.83,1.19,1.88,94.77,135.62,12.28,0.15,0.73,-2.42,-7.1,-4.76,3.6,71.75,0,61.87,2.22,201.43,2.72,200.88
2023,3,17,8,1.29,2.01,2.81,153.2,233.77,20.55,0.41,2.02,-1.01,-7.7,-4.35,3.42,60.56,0,61.91,2.69,201.86,3.27,201.73
2023,3,17,9,1.85,2.68,3.54,218.5,314.4,29.95,0.77,3.92,0.21,-7.77,-3.78,3.42,54.31,0.01,61.92,3.19,200.97,3.87,200.66
2023,3,17,10,2.24,3.14,4.02,263.73,369.15,36.8,1.1,5.6,1.19,-7.56,-3.19,3.42,51.25,0.04,61.9,3.69,201.73,4.49,201.65
2023,3,17,11,2.31,3.32,4.23,280.12,390.45,39.45,1.24,6.25,1.62,-7.4,-2.89,3.48,50.38,0.09,61.87,4.05,203.05,4.96,202.89
2023,3,17,12,2.03,3.23,4.15,249.48,380.15,35.26,1.09,5.52,1.57,-7.19,-2.81,3.54,51.38,0.15,61.81,4.3,203.35,5.3,203.17
2023,3,17,13,1.63,2.87,3.77,197.52,336.98,27.95,0.79,4.12,1.33,-6.95,-2.81,3.6,53.25,0.18,61.76,4.41,202.52,5.47,202.35
2023,3,17,14,1.43,2.3,3.14,169.2,268.15,23.27,0.54,2.75,0.83,-6.76,-2.96,3.66,56.06,0.15,61.72,4.23,202.73,5.26,202.61
2023,3,17,15,0.92,1.52,2.29,105.35,175.52,14.1,0.23,1.1,0.07,-6.6,-3.27,3.72,60.06,0.12,61.7,3.83,202.28,4.8,202.06
2023,3,17,16,0.34,0.69,1.28,38.83,76.23,4.99,0.03,0.17,-1.45,-6.2,-3.82,3.85,70.38,0.07,61.72,3.15,200.96,4.01,200.87
2023,3,17,17,0.07,0.07,0.24,6.12,7.7,0.83,0,0.02,-3.26,-5.56,-4.41,4.09,86.5,0.03,61.76,1.96,198.87,2.68,198.33
2023,3,17,18,0,0,0,0,0,0,0,0,-4.23,-5.02,-4.62,4.27,98.06,0.02,61.79,1.3,195.29,1.9,193.81
2023,3,17,19,0,0,0,0,0,0,0,0,-4.69,-4.99,-4.85,4.27,100,0.01,61.82,1.12,190.05,1.75,186.9
2023,3,17,20,0,0,0,0,0,0,0,0,-5.03,-5.1,-5.07,4.21,100,0.01,61.84,1.04,182.58,1.61,179.17
2023,3,17,21,0,0,0,0,0,0,0,0,-5.22,-5.26,-5.24,4.15,100,0.01,61.84,0.95,176.22,1.46,173.56
2023,3,17,22,0,0,0,0,0,0,0,0,-5.49,-5.47,-5.48,4.09,100,0.01,61.83,0.88,172.3,1.39,170.27
2023,3,17,23,0,0,0,0,0,0,0,0,-5.67,-5.63,-5.66,4.03,100,0.01,61.81,0.81,166.1,1.28,164.44
2023,3,18,0,0,0,0,0,0,0,0,0,-5.82,-5.78,-5.81,3.97,100,0.01,61.78,0.76,158.96,1.22,157.86
2023,3,18,1,0,0,0,0,0,0,0,0,-5.99,-5.9,-5.95,3.97,100,0.02,61.75,0.72,152.88,1.2,151.93
2023,3,18,2,0,0,0,0,0,0,0,0,-6.2,-6.06,-6.13,3.91,100,0.02,61.71,0.68,143,1.14,144.46
2023,3,18,3,0,0,0,0,0,0,0,0,-6.4,-6.24,-6.32,3.85,100,0.02,61.68,0.63,133.99,1.08,136.17
2023,3,18,4,0,0,0,0,0,0,0,0,-6.57,-6.44,-6.5,3.78,100,0.03,61.68,0.58,124.55,1,127.68
2023,3,18,5,0,0,0,0,0,0,0,0,-6.64,-6.59,-6.61,3.72,100,0,61.71,0.49,118.61,0.86,122.39
2023,3,18,6,0.19,0.38,0.88,21.7,39.9,2.76,0.01,0.05,-4.67,-6.37,-5.52,3.78,91.44,0,61.74,1.08,142.05,1.38,143.26
2023,3,18,7,0.61,1.13,1.9,69.5,125.23,9.3,0.11,0.52,-2.59,-6.58,-4.59,3.78,75.5,0,61.78,2.3,167.47,2.82,167.51
2023,3,18,8,0.99,1.92,2.83,116.27,219.5,15.98,0.31,1.55,-1.05,-6.74,-3.89,3.72,65.5,0,61.8,3.06,174.29,3.75,174.25
2023,3,18,9,1.38,2.59,3.56,164.73,298.67,22.78,0.57,2.9,-0.03,-6.52,-3.27,3.78,61.12,0,61.81,3.81,178.12,4.67,178.08
2023,3,18,10,1.81,3.03,4.04,213.33,352.12,29.3,0.84,4.23,0.55,-6.29,-2.88,3.85,59.56,0.01,61.8,4.65,182.5,5.75,182.57
2023,3,18,11,1.95,3.16,4.25,233.08,364.75,31.48,0.95,4.75,0.59,-5.93,-2.67,3.91,61.06,0.01,61.76,5.26,186.4,6.56,186.42
2023,3,18,12,1.53,3.07,4.16,187.27,354.2,25.58,0.76,3.83,0.78,-5.57,-2.4,4.03,62.06,0.01,61.69,5.66,190.41,7.11,190.45
2023,3,18,13,0.83,2.71,3.79,106.77,310.08,14.78,0.39,2,0.76,-5.38,-2.31,4.15,63.19,0.01,61.63,5.78,194.81,7.3,194.82
2023,3,18,14,0.55,2.11,3.15,70.33,238.5,9.73,0.21,1.05,0.3,-5.4,-2.55,4.15,65.25,0.01,61.58,5.51,199.57,6.99,199.67
2023,3,18,15,0.21,1.37,2.3,26.15,150.27,3.25,0.04,0.23,-0.41,-5.57,-2.99,4.09,68.06,0.01,61.56,4.95,203.73,6.3,203.86
2023,3,18,16,0.23,0.58,1.29,27.48,61.73,3.6,0.02,0.12,-1.88,-5.64,-3.77,4.03,76.44,0.01,61.59,3.97,205.66,5.12,205.9
2023,3,18,17,0.07,0.06,0.25,5.3,6.58,0.7,0,0,-3.71,-5.33,-4.52,4.15,91.56,0.04,61.63,2.37,203.69,3.21,204.13
2023,3,18,18,0,0,0,0,0,0,0,0,-4.62,-5.17,-4.89,4.21,100,0.03,61.67,1.43,199.82,2.09,200.33
2023,3,18,19,0,0,0,0,0,0,0,0,-4.91,-5.36,-5.13,4.15,100,0.02,61.71,1.15,194.6,1.62,193.64
2023,3,18,20,0,0,0,0,0,0,0,0,-5.13,-5.55,-5.34,4.09,100,0.01,61.72,0.82,181.09,1.17,179.62
2023,3,18,21,0,0,0,0,0,0,0,0,-5.35,-5.7,-5.52,4.03,100,0.01,61.71,0.63,167.01,0.92,165.73
2023,3,18,22,0,0,0,0,0,0,0,0,-5.5,-5.85,-5.67,3.97,100,0.02,61.67,0.56,158.79,0.87,157.82
2023,3,18,23,0,0,0,0,0,0,0,0,-5.52,-5.9,-5.7,3.97,100,0.04,61.62,0.55,161.05,0.89,159.5
2023,3,19,0,0,0,0,0,0,0,0,0,-5.52,-5.84,-5.68,3.97,100,0.05,61.57,0.62,175.66,1.08,173.75
2023,3,19,1,0,0,0,0,0,0,0,0,-5.53,-5.7,-5.62,4.03,100,0.05,61.52,0.7,186.41,1.29,185.92
2023,3,19,2,0,0,0,0,0,0,0,0,-5.45,-5.53,-5.49,4.09,100,0.04,61.49,0.87,190.3,1.54,189.94
2023,3,19,3,0,0,0,0,0,0,0,0,-5.32,-5.35,-5.33,4.15,100,0.03,61.48,1.04,192.58,1.76,192.56
2023,3,19,4,0,0,0,0,0,0,0,0,-5.68,-5.33,-5.5,4.15,100,0.02,61.5,1.04,195.18,1.91,194.72
2023,3,19,5,0,0,0,0,0,0,0,0,-5.76,-5.35,-5.55,4.15,100,0.07,61.53,1.02,194.68,1.85,194.15
2023,3,19,6,0.31,0.37,0.9,32.17,38.27,4.09,0.02,0.08,-4.1,-5.3,-4.7,4.15,95.06,0.06,61.57,2.05,192.13,2.65,192.07
2023,3,19,7,0.9,1.09,1.92,96.77,117.55,12.02,0.12,0.62,-2.67,-5.95,-4.31,3.97,80,0.08,61.61,2.84,190.45,3.53,190.34
2023,3,19,8,1.39,1.88,2.84,154.5,208.67,19.94,0.37,1.83,-1.45,-6.35,-3.91,3.85,69.88,0.11,61.63,3.03,190.56,3.7,190.46
2023,3,19,9,1.88,2.55,3.57,212.95,286.4,28.16,0.67,3.42,-0.23,-6.31,-3.27,3.85,63.38,0.15,61.63,3.46,192.91,4.21,192.75
2023,3,19,10,2.01,2.97,4.06,232.58,336.77,31.01,0.85,4.33,0.8,-6.21,-2.7,3.85,59.06,0.19,61.61,4.04,195.7,4.95,195.66
2023,3,19,11,1.78,3.1,4.26,211.67,350.65,28.09,0.8,4.05,1.31,-6.13,-2.41,3.91,57.19,0.22,61.57,4.54,197.75,5.61,197.6
2023,3,19,12,1.24,2.98,4.17,152.48,336.58,20.46,0.57,2.9,1.51,-5.96,-2.23,3.97,57.12,0.26,61.52,4.96,199.52,6.18,199.42
2023,3,19,13,1.16,2.58,3.8,138.9,288.2,18.01,0.45,2.3,1.23,-5.83,-2.31,3.97,59,0.29,61.47,5.16,200.85,6.49,200.73
2023,3,19,14,0.95,1.98,3.16,110.95,216.88,14.34,0.3,1.5,0.58,-5.8,-2.61,4.03,62,0.26,61.42,5.05,201.49,6.42,201.32
2023,3,19,15,0.69,1.25,2.31,77.8,133.08,9.77,0.14,0.7,-0.24,-5.68,-2.96,4.03,66.56,0.23,61.41,4.59,201.98,5.88,201.83
2023,3,19,16,0.34,0.54,1.3,36.4,55.95,4.47,0.03,0.12,-1.59,-5.26,-3.42,4.21,77,0.17,61.42,3.59,201.55,4.67,201.37
2023,3,19,17,0.07,0.06,0.26,5.25,6.52,0.68,0,0,-3.5,-4.87,-4.18,4.33,93.62,0.18,61.45,1.99,200.71,2.85,199.73
2023,3,19,18,0,0,0,0,0,0,0,0,-4.57,-4.67,-4.63,4.39,100,0.19,61.48,1.36,198.02,2.22,195.7
2023,3,19,19,0,0,0,0,0,0,0,0,-4.99,-4.81,-4.89,4.33,100,0.21,61.51,1.2,196.2,2.06,194.25
2023,3,19,20,0,0,0,0,0,0,0,0,-5.3,-4.95,-5.13,4.27,100,0.23,61.54,1.14,194.23,1.97,193.1
2023,3,19,21,0,0,0,0,0,0,0,0,-5.31,-5.03,-5.17,4.27,100,0.2,61.55,1.05,194.24,1.8,193.01
2023,3,19,22,0,0,0,0,0,0,0,0,-5.31,-5.12,-5.22,4.21,100,0.2,61.52,0.95,195.3,1.62,194.5
2023,3,19,23,0,0,0,0,0,0,0,0,-5.35,-5.2,-5.27,4.21,100,0.18,61.49,0.87,195.03,1.46,194.56
2023,3,20,0,0,0,0,0,0,0,0,0,-5.24,-5.21,-5.23,4.21,100,0.14,61.45,0.78,195.15,1.34,194.2
2023,3,20,1,0,0,0,0,0,0,0,0,-5.21,-5.26,-5.24,4.21,100,0.09,61.41,0.67,190.78,1.14,190.69
2023,3,20,2,0,0,0,0,0,0,0,0,-5.29,-5.36,-5.32,4.15,100,0.06,61.36,0.58,179.23,0.96,180
2023,3,20,3,0,0,0,0,0,0,0,0,-5.45,-5.49,-5.47,4.15,100,0.04,61.34,0.54,163.14,0.89,163.64
2023,3,20,4,0,0,0,0,0,0,0,0,-5.64,-5.64,-5.64,4.09,100,0.02,61.36,0.56,149.86,0.91,149.04
2023,3,20,5,0,0,0,0,0,0,0,0,-5.75,-5.78,-5.77,4.03,100,0.03,61.4,0.57,138.89,0.95,138.33
2023,3,20,6,0.17,0.38,0.93,18.73,39.8,2.51,0.01,0.05,-4.2,-5.73,-4.97,4.03,92.75,0.02,61.45,1.11,140.14,1.42,140.8
2023,3,20,7,0.58,1.08,1.94,68.42,118.58,9.11,0.1,0.5,-2.32,-6.12,-4.22,3.91,76.75,0.04,61.5,1.97,164.8,2.4,164.88
2023,3,20,8,0.86,1.85,2.86,103.95,208.35,14.06,0.26,1.27,-1.2,-6.3,-3.74,3.85,68.81,0.08,61.53,2.54,177.18,3.1,177.11
2023,3,20,9,1.01,2.49,3.59,125.25,283.75,17.25,0.41,2.05,-0.16,-6.2,-3.17,3.91,63.56,0.13,61.51,2.97,183.32,3.6,183.36
2023,3,20,10,1.19,2.91,4.07,149.52,332.08,20.27,0.54,2.75,0.61,-6,-2.7,3.97,60.88,0.24,61.47,3.37,188.68,4.1,188.76
2023,3,20,11,1.2,3.02,4.28,150.83,343.08,20.12,0.55,2.85,1.18,-5.77,-2.3,4.03,59.5,0.34,61.42,3.77,193.78,4.63,193.85
2023,3,20,12,0.81,2.83,4.19,103.8,316.77,13.95,0.38,1.9,1.33,-5.52,-2.1,4.09,60,0.42,61.35,4.05,197.18,5,197.27
2023,3,20,13,0.75,2.39,3.81,93.73,262.08,12.35,0.3,1.48,0.9,-5.31,-2.2,4.21,63.06,0.43,61.28,4.2,200.49,5.23,200.63
2023,3,20,14,0.62,1.77,3.18,73.6,189.25,9.56,0.19,0.92,0.37,-5.1,-2.37,4.27,66.69,0.41,61.23,4,204.36,5.01,204.49
2023,3,20,15,0.53,1.14,2.32,60.23,120.55,7.88,0.11,0.55,-0.32,-5.02,-2.67,4.27,70.81,0.33,61.21,3.68,207.6,4.66,207.77
2023,3,20,16,0.29,0.5,1.31,35,53.2,4.25,0.02,0.12,-1.41,-4.75,-3.08,4.39,79.31,0.29,61.22,3.08,210.27,4.03,210.54
2023,3,20,17,0.06,0.06,0.27,4.85,6.45,0.62,0,0,-3.24,-4.32,-3.77,4.58,95.88,0.22,61.25,1.63,209.03,2.48,209.39
2023,3,20,18,0,0,0,0,0,0,0,0,-3.99,-4.1,-4.05,4.64,100,0.24,61.28,1.21,206.9,2.08,207.05
2023,3,20,19,0,0,0,0,0,0,0,0,-3.92,-4,-3.95,4.64,100,0.22,61.31,1.19,208.58,2.08,208.49
2023,3,20,20,0,0,0,0,0,0,0,0,-4.15,-4.07,-4.11,4.64,100,0.26,61.33,1.18,206.73,2.1,206.47
2023,3,20,21,0,0,0,0,0,0,0,0,-4.43,-4.25,-4.34,4.58,100,0.31,61.33,1.15,204.99,2.05,204.32
2023,3,20,22,0,0,0,0,0,0,0,0,-4.35,-4.33,-4.34,4.52,100,0.35,61.3,1.05,203.31,1.88,202.95
2023,3,20,23,0,0,0,0,0,0,0,0,-4.31,-4.45,-4.38,4.52,100,0.34,61.28,1.01,200.82,1.74,200.47
2023,3,21,0,0,0,0,0,0,0,0,0,-4.54,-4.75,-4.64,4.39,100,0.3,61.26,1.01,199.83,1.7,199.27
2023,3,21,1,0,0,0,0,0,0,0,0,-4.77,-5.02,-4.89,4.27,100,0.27,61.22,0.94,199.49,1.6,198.79
2023,3,21,2,0,0,0,0,0,0,0,0,-4.94,-5.25,-5.1,4.21,100,0.23,61.19,0.89,200.5,1.54,200.18
2023,3,21,3,0,0,0,0,0,0,0,0,-5.09,-5.39,-5.24,4.15,100,0.16,61.17,0.81,195.11,1.41,194.81
2023,3,21,4,0,0,0,0,0,0,0,0,-5.2,-5.52,-5.36,4.15,100,0.12,61.19,0.79,188.53,1.36,187.9
2023,3,21,5,0.02,0.01,0.05,0.77,0.98,0.11,0,0,-5.3,-5.64,-5.47,4.09,100,0.11,61.23,0.91,181.47,1.48,181.51
2023,3,21,6,0.11,0.3,0.91,10.92,32.23,1.46,0.01,0.02,-4.54,-5.51,-5.02,4.09,96.88,0.14,61.3,1.81,179.51,2.48,179.64
2023,3,21,7,0.14,0.93,1.96,16.15,98.85,2.31,0.02,0.12,-3.22,-5.2,-4.21,4.21,88.69,0.23,61.37,3.01,183.86,3.84,183.85
2023,3,21,8,0.23,1.67,2.88,30.3,180.9,4.38,0.08,0.4,-2.63,-5.2,-3.92,4.21,84.38,0.47,61.41,3.76,184.88,4.75,184.9
2023,3,21,9,0.36,2.32,3.61,50,256.75,7.21,0.17,0.88,-2.02,-5.17,-3.6,4.21,80.31,0.71,61.41,4.38,184.6,5.53,184.62
2023,3,21,10,0.83,2.78,4.09,106.48,309.05,14.99,0.41,2.1,-1.28,-4.99,-3.13,4.27,76.75,0.9,61.37,5.05,187.11,6.42,187.13
2023,3,21,11,0.62,2.82,4.29,83.33,310.17,11.53,0.31,1.6,-0.71,-4.48,-2.6,4.46,76.19,0.99,61.31,6.07,194.39,7.85,194.46
2023,3,21,12,0.71,2.75,4.2,93.65,301.3,13.24,0.36,1.85,-0.6,-4.25,-2.42,4.52,76.62,0.88,61.27,6.99,202.67,9.15,202.65
2023,3,21,13,0.54,2.45,3.82,72.15,267.98,9.99,0.25,1.27,-0.85,-4.81,-2.83,4.33,74.88,0.7,61.25,6.74,207.19,8.78,207.09
2023,3,21,14,0.47,1.9,3.19,57.73,206.8,8.02,0.16,0.83,-1.44,-5.42,-3.43,4.15,74.94,0.56,61.24,5.45,206.31,7.03,206.11
2023,3,21,15,0.25,1.22,2.33,30.17,130.2,4.17,0.06,0.3,-2.23,-5.75,-3.99,4.03,78.12,0.45,61.24,4.17,199.93,5.36,199.68
2023,3,21,16,0.11,0.56,1.32,13.45,59.67,1.91,0.02,0.05,-3.46,-5.76,-4.61,4.03,86.69,0.34,61.26,3,191.72,3.93,191.35
2023,3,21,17,0.06,0.07,0.27,4.67,7.67,0.64,0,0,-5.43,-6.15,-5.79,3.91,99.31,0.34,61.28,1.5,181.79,2.27,180.59
2023,3,21,18,0,0,0,0,0,0,0,0,-6.37,-6.6,-6.48,3.78,100,0.28,61.32,1.04,175.27,1.74,174.6
2023,3,21,19,0,0,0,0,0,0,0,0,-6.6,-6.82,-6.71,3.72,100,0.25,61.35,0.96,175.35,1.57,174.29
2023,3,21,20,0,0,0,0,0,0,0,0,-6.88,-7.09,-6.98,3.6,100,0.22,61.38,1.05,182.56,1.67,182.15
2023,3,21,21,0,0,0,0,0,0,0,0,-7.15,-7.27,-7.21,3.54,100,0.21,61.38,1.12,190.45,1.8,190.24
2023,3,21,22,0,0,0,0,0,0,0,0,-7.5,-7.47,-7.49,3.54,100,0.21,61.36,1.2,196.31,1.97,196.13
2023,3,21,23,0,0,0,0,0,0,0,0,-7.69,-7.6,-7.65,3.48,100,0.18,61.33,1.19,197.96,1.97,197.79
2023,3,22,0,0,0,0,0,0,0,0,0,-7.76,-7.76,-7.76,3.42,100,0.16,61.3,1.13,199.81,1.83,199.44
2023,3,22,1,0,0,0,0,0,0,0,0,-7.8,-7.92,-7.85,3.36,100,0.13,61.26,1.03,202.29,1.6,202.06
2023,3,22,2,0,0,0,0,0,0,0,0,-7.71,-7.95,-7.83,3.36,100,0.1,61.23,0.99,202.31,1.45,203.81
2023,3,22,3,0,0,0,0,0,0,0,0,-7.81,-8.11,-7.96,3.36,100,0.07,61.22,0.9,209.25,1.28,211.56
2023,3,22,4,0,0,0,0,0,0,0,0,-7.86,-8.22,-8.04,3.3,100,0.04,61.24,0.78,223.78,1.13,226.12
2023,3,22,5,0.03,0.02,0.06,1.52,1.65,0.23,0,0,-7.92,-8.27,-8.1,3.3,100,0.09,61.28,0.55,236.08,0.83,238.11
2023,3,22,6,0.44,0.48,0.93,46.98,52.42,5.72,0.02,0.1,-6.46,-7.63,-7.05,3.48,96.56,0.05,61.33,0.59,220.68,0.81,225.39
2023,3,22,7,1.1,1.33,1.98,125.98,152.67,15.89,0.19,0.92,-3.17,-6.25,-4.71,3.91,81.69,0.03,61.39,1.71,223.89,2.13,223.96
2023,3,22,8,1.61,2.16,2.9,190.7,253.12,25.59,0.5,2.48,-1.77,-6.31,-4.04,3.85,72.19,0.04,61.44,2.22,224.43,2.74,223.84
2023,3,22,9,2.05,2.84,3.63,244.9,334.65,34.41,0.89,4.48,-0.82,-6.24,-3.53,3.91,66.88,0.09,61.46,2.66,220.71,3.29,220
2023,3,22,10,2.58,3.29,4.1,304.9,388.88,42.87,1.26,6.38,-0.17,-5.97,-3.07,3.97,64.81,0.21,61.46,3.2,219.95,3.99,219.27
2023,3,22,11,2.76,3.53,4.3,337.42,421.2,48.64,1.51,7.62,0.22,-5.81,-2.79,4.03,63.56,0.33,61.44,3.67,220.34,4.59,219.76
2023,3,22,12,2.49,3.45,4.21,304.05,411.5,44.15,1.35,6.83,0.31,-5.89,-2.79,3.97,62.62,0.41,61.4,3.94,221.14,4.98,220.61
2023,3,22,13,2.21,3.11,3.83,269.7,370.33,38.95,1.08,5.52,0.11,-5.99,-2.94,3.97,62.94,0.51,61.35,3.98,222.37,5.04,221.92
2023,3,22,14,1.69,2.53,3.2,204.1,300.92,29.02,0.66,3.3,-0.32,-6.01,-3.17,3.97,65.12,0.52,61.32,3.68,224.66,4.67,224.12
2023,3,22,15,1.09,1.76,2.34,129.15,209.08,17.86,0.28,1.38,-1.09,-6.02,-3.56,3.97,69.56,0.44,61.3,3.14,226.41,4.01,225.87
2023,3,22,16,0.55,0.9,1.33,61.75,104.38,7.97,0.05,0.27,-2.1,-5.85,-3.97,4.03,77.06,0.33,61.31,2.35,225.81,3.1,225.2
2023,3,22,17,0.09,0.12,0.28,8.52,12.05,1.19,0.01,0.02,-4.74,-6.34,-5.54,3.85,92.62,0.22,61.32,1.09,220.91,1.84,219.15
2023,3,22,18,0,0,0,0,0,0,0,0,-6.15,-6.52,-6.34,3.85,100,0.16,61.35,0.88,217.38,1.35,217
2023,3,22,19,0,0,0,0,0,0,0,0,-6.41,-6.38,-6.39,3.91,100,0.08,61.39,0.58,227.73,0.82,228.46
2023,3,22,20,0,0,0,0,0,0,0,0,-6.67,-6.58,-6.63,3.78,100,0.03,61.43,0.2,254.36,0.31,257.01
2023,3,22,21,0,0,0,0,0,0,0,0,-7.41,-7.13,-7.27,3.66,100,0.02,61.44,0.36,6.2,0.54,6.61
2023,3,22,22,0,0,0,0,0,0,0,0,-8.41,-7.96,-8.18,3.42,100,0.02,61.42,0.69,14.35,1.16,18.07
2023,3,22,23,0,0,0,0,0,0,0,0,-9.28,-8.99,-9.13,3.11,100,0.03,61.4,0.95,16.65,1.68,20.46
2023,3,23,0,0,0,0,0,0,0,0,0,-10.12,-10.29,-10.2,2.75,100,0.03,61.35,1.16,18.43,2.08,21.64
2023,3,23,1,0,0,0,0,0,0,0,0,-10.74,-11.58,-11.16,2.44,99.25,0.03,61.3,1.33,17.8,2.38,20.16
2023,3,23,2,0,0,0,0,0,0,0,0,-11.32,-12.71,-12.02,2.2,93.88,0.03,61.27,1.49,17.39,2.67,19.28
2023,3,23,3,0,0,0,0,0,0,0,0,-11.85,-13.71,-12.78,2.01,89.56,0.03,61.25,1.63,17.57,2.9,18.73
2023,3,23,4,0,0,0,0,0,0,0,0,-12.39,-14.56,-13.48,1.83,86.56,0.02,61.26,1.79,18.59,3.1,19.12
2023,3,23,5,0.03,0.02,0.07,2.05,2.25,0.28,0,0,-12.76,-15.4,-14.08,1.71,82.44,0,61.29,2.1,20.73,3.46,20.6
2023,3,23,6,0.62,0.62,0.95,67.7,69.83,7.23,0.02,0.12,-10.52,-15.16,-12.84,1.71,69.06,0,61.35,2.86,23.69,4.26,23.13
2023,3,23,7,1.3,1.52,2,152.1,178.38,19.14,0.23,1.15,-4.91,-12.13,-8.52,2.32,56.12,0,61.43,2.43,28.38,3.2,27.94
2023,3,23,8,2.11,2.34,2.92,250.27,277.1,33.48,0.66,3.27,-0.53,-11.35,-5.94,2.5,42,0,61.48,0.64,56.5,0.8,58.65
2023,3,23,9,2.99,3.01,3.64,356.6,356.73,49.44,1.27,6.27,1.37,-11.14,-4.88,2.56,37.19,0,61.51,1.37,192.21,1.76,191.01
2023,3,23,10,2.91,3.44,4.12,351.42,407.23,50.2,1.49,7.55,2.46,-10.13,-3.84,2.75,37.5,0,61.53,2.41,200.9,3.07,200.23
2023,3,23,11,2.98,3.75,4.32,348.67,432.08,51.57,1.67,8.48,3.2,-9.13,-2.96,3.05,38.81,0,61.52,3.05,204.07,3.84,203.64
2023,3,23,12,2.62,3.59,4.22,313.35,418.6,46.05,1.45,7.3,3.4,-8.19,-2.39,3.3,41.56,0,61.48,3.49,206.62,4.38,206.47
2023,3,23,13,2.28,3.15,3.85,275.33,374.88,39.27,1.09,5.5,2.98,-7.42,-2.22,3.54,45.69,0,61.43,3.71,209.21,4.67,209.05
2023,3,23,14,1.73,2.57,3.21,209.2,305.62,29.43,0.68,3.38,1.82,-6.68,-2.43,3.72,52.88,0,61.42,3.55,210.86,4.48,210.64
2023,3,23,15,1.17,1.8,2.35,138.83,213.62,18.79,0.3,1.45,0.41,-6.16,-2.87,3.91,61.12,0.01,61.42,3.06,211.62,3.88,211.16
2023,3,23,16,0.6,0.92,1.34,68.17,107.92,8.31,0.05,0.27,-1.02,-5.61,-3.32,4.09,71.69,0.01,61.45,2.29,208.31,3,207.77
2023,3,23,17,0.11,0.13,0.29,10.05,12.88,1.3,0.01,0.02,-3.41,-5.18,-4.29,4.21,90.75,0.04,61.48,0.95,199.62,1.62,196.86
2023,3,23,18,0,0,0,0,0,0,0,0,-4.73,-5.13,-4.93,4.27,100,0.04,61.51,0.78,184.62,1.28,182.44
2023,3,23,19,0,0,0,0,0,0,0,0,-5.22,-4.95,-5.08,4.33,100,0.04,61.55,0.66,181.35,1.05,180.86
2023,3,23,20,0,0,0,0,0,0,0,0,-5.35,-5.03,-5.19,4.27,100,0.02,61.58,0.56,177.58,0.85,176.85
2023,3,23,21,0,0,0,0,0,0,0,0,-5.51,-5.29,-5.4,4.21,100,0.01,61.6,0.38,165.68,0.56,164.6
2023,3,23,22,0,0,0,0,0,0,0,0,-5.82,-5.65,-5.74,4.09,100,0.01,61.59,0.24,129.81,0.37,127.35
2023,3,23,23,0,0,0,0,0,0,0,0,-6.24,-6.09,-6.17,3.97,100,0.01,61.57,0.31,72.47,0.52,73.47
2023,3,24,0,0,0,0,0,0,0,0,0,-6.72,-6.7,-6.71,3.72,100,0.01,61.54,0.48,45.66,0.83,48.81
2023,3,24,1,0,0,0,0,0,0,0,0,-6.97,-7.29,-7.13,3.6,100,0.01,61.51,0.57,40.52,0.98,44.03
2023,3,24,2,0,0,0,0,0,0,0,0,-7.2,-7.92,-7.56,3.42,100,0.01,61.5,0.65,37.15,1.11,40.43
2023,3,24,3,0,0,0,0,0,0,0,0,-7.5,-8.6,-8.06,3.17,97.44,0.01,61.49,0.79,35.74,1.38,38.56
2023,3,24,4,0,0,0,0,0,0,0,0,-7.82,-9.4,-8.61,2.99,93.25,0,61.5,0.93,38.21,1.65,40.4
2023,3,24,5,0.03,0.03,0.08,2.27,2.45,0.32,0,0,-7.69,-9.9,-8.8,2.87,88.06,0.01,61.53,0.91,40.82,1.64,42.49
2023,3,24,6,0.56,0.59,0.97,62.25,67.45,6.97,0.02,0.12,-5.24,-9.1,-7.17,3.05,76.94,0,61.59,1.12,61.1,1.48,60.18
2023,3,24,7,1.22,1.47,2.02,143.17,173.58,18.2,0.23,1.12,-2.52,-7.18,-4.85,3.6,72.12,0.02,61.66,1.14,163.68,1.38,163.52
2023,3,24,8,1.94,2.29,2.94,231.38,271.77,30.94,0.62,3.05,-0.52,-6.65,-3.59,3.78,63.62,0.02,61.72,2.25,195.92,2.74,195.7
2023,3,24,9,2.5,2.94,3.66,300.77,350.15,42.04,1.09,5.55,0.65,-6.56,-2.95,3.78,58.06,0.01,61.75,2.65,202.02,3.24,201.8
2023,3,24,10,2.58,3.38,4.13,308.65,402.17,44.02,1.32,6.67,1.37,-6.33,-2.48,3.78,55.88,0.04,61.74,3.14,203.18,3.84,202.97
2023,3,24,11,2.5,3.53,4.33,306.23,419.45,44.16,1.4,7.02,1.57,-5.99,-2.21,3.91,56.62,0.08,61.71,3.56,206.57,4.39,206.29
2023,3,24,12,2.2,3.44,4.24,272.23,409.95,39.3,1.23,6.17,1.19,-5.88,-2.34,3.97,58.56,0.17,61.68,3.82,208.71,4.75,208.46
2023,3,24,13,1.69,3.09,3.86,210.23,368.83,30.46,0.86,4.38,0.69,-5.79,-2.56,3.97,61.19,0.3,61.66,4.09,208.18,5.14,207.93
2023,3,24,14,1.53,2.52,3.22,183.65,301.25,26.07,0.62,3.1,0.4,-5.57,-2.59,4.03,63.69,0.45,61.65,4.21,207.66,5.32,207.47
2023,3,24,15,0.95,1.75,2.36,110.85,208.48,15.25,0.25,1.2,-0.15,-5.43,-2.79,4.09,67.19,0.52,61.66,4.11,207.49,5.24,207.33
2023,3,24,16,0.44,0.87,1.35,50.77,102.1,6.59,0.05,0.23,-1.35,-5.23,-3.29,4.15,75.5,0.41,61.68,3.46,206.57,4.5,206.48
2023,3,24,17,0.07,0.11,0.3,6.1,12.05,0.86,0,0.02,-4.02,-5.24,-4.63,4.15,94.69,0.29,61.71,1.57,201.85,2.51,199.85
2023,3,24,18,0,0,0,0,0,0,0,0,-5.59,-5.27,-5.43,4.21,100,0.22,61.74,1.1,194.33,2.01,192.14
2023,3,24,19,0,0,0,0,0,0,0,0,-5.97,-5.29,-5.63,4.21,100,0.18,61.78,0.99,188.64,1.73,186.48
2023,3,24,20,0,0,0,0,0,0,0,0,-6.1,-5.44,-5.77,4.15,100,0.15,61.81,0.89,184.05,1.5,182.39
2023,3,24,21,0,0,0,0,0,0,0,0,-6.27,-5.64,-5.95,4.09,100,0.14,61.84,0.81,178.33,1.35,177.34
2023,3,24,22,0,0,0,0,0,0,0,0,-6.43,-5.81,-6.13,4.03,100,0.12,61.84,0.75,174.64,1.24,173.86
2023,3,24,23,0,0,0,0,0,0,0,0,-6.68,-6.05,-6.37,3.97,100,0.12,61.84,0.68,165.96,1.12,165.09
2023,3,25,0,0,0,0,0,0,0,0,0,-6.92,-6.27,-6.6,3.91,100,0.11,61.81,0.69,168.94,1.15,168.23
2023,3,25,1,0,0,0,0,0,0,0,0,-6.95,-6.38,-6.67,3.85,100,0.12,61.8,0.66,169.76,1.07,169.51
2023,3,25,2,0,0,0,0,0,0,0,0,-7.15,-6.58,-6.86,3.85,100,0.12,61.77,0.59,155.12,0.98,154.87
2023,3,25,3,0,0,0,0,0,0,0,0,-7.57,-6.92,-7.25,3.72,100,0.08,61.75,0.66,124.44,1.16,123.15
2023,3,25,4,0,0,0,0,0,0,0,0,-7.87,-7.22,-7.55,3.6,100,0.07,61.77,0.78,121.46,1.37,120.52
2023,3,25,5,0.02,0.02,0.09,1.45,2.33,0.21,0,0,-7.88,-7.42,-7.65,3.6,100,0.09,61.83,0.81,124.45,1.39,123.33
2023,3,25,6,0.15,0.48,0.99,17.3,54.12,2.38,0.02,0.05,-5.97,-7.17,-6.57,3.66,98.19,0.07,61.88,1.99,124.94,2.74,125.96
2023,3,25,7,0.47,1.32,2.04,60.35,153.92,7.95,0.11,0.52,-3.2,-6.12,-4.66,3.91,82.88,0.04,61.88,3.79,138.68,4.89,138.62
2023,3,25,8,0.87,2.16,2.96,103.3,255.08,14.86,0.34,1.65,-0.92,-5.05,-2.99,4.21,74.12,0.02,61.88,5.01,164.05,6.41,163.95
2023,3,25,9,1.19,2.84,3.68,148.8,337.08,21.75,0.61,3.12,0.72,-4.14,-1.71,4.52,69.69,0.03,61.89,6.23,191.49,8.07,191.51
2023,3,25,10,1.3,3.3,4.15,161.85,393.05,23.99,0.75,3.8,1.35,-4.21,-1.43,4.52,66.19,0.12,61.93,6.91,207.23,8.94,207.15
2023,3,25,11,1.93,3.3,4.34,227.9,387.92,32.25,1.07,5.33,1.91,-4.62,-1.35,4.33,61.62,0.69,61.92,6.22,211.01,7.96,210.9
2023,3,25,12,1.41,3.26,4.25,174.35,383.05,24.62,0.77,3.85,1.65,-4.98,-1.67,4.21,61,1.45,61.9,5.51,207.55,7.01,207.39
2023,3,25,13,1.6,2.94,3.87,185.83,344.65,25.93,0.76,3.9,1.15,-5.36,-2.1,4.09,61.25,1.7,61.86,5.18,197.75,6.61,197.47
2023,3,25,14,1,2.35,3.23,124,274.8,17.47,0.41,2.1,0.36,-5.38,-2.52,4.09,64.75,1.48,61.81,5.37,187.86,6.94,187.63
2023,3,25,15,0.7,1.61,2.37,83.62,186.62,11.26,0.19,0.92,-0.78,-4.99,-2.88,4.21,73.25,0.94,61.8,5.29,181.95,6.9,181.75
2023,3,25,16,0.38,0.79,1.36,42.8,89.17,5.38,0.04,0.2,-1.95,-4.55,-3.25,4.39,83.94,0.46,61.8,4.35,181.65,5.76,181.4
2023,3,25,17,0.09,0.1,0.3,8.7,10.95,1.17,0,0.02,-4.12,-4.68,-4.4,4.33,99.88,0.19,61.8,2.2,180.2,3.3,178.51
2023,3,25,18,0,0,0,0,0,0,0,0,-5.25,-4.99,-5.12,4.27,100,0.08,61.82,1.53,178.25,2.59,175.85
2023,3,25,19,0,0,0,0,0,0,0,0,-5.78,-5.22,-5.5,4.21,100,0.05,61.86,1.31,177.94,2.3,175.72
2023,3,25,20,0,0,0,0,0,0,0,0,-6.21,-5.51,-5.86,4.15,100,0.05,61.88,1.12,173.62,1.98,172.73
2023,3,25,21,0,0,0,0,0,0,0,0,-6.53,-5.81,-6.17,4.09,100,0.05,61.88,1.05,172.29,1.8,172.26
2023,3,25,22,0,0,0,0,0,0,0,0,-6.85,-6.14,-6.49,3.97,100,0.06,61.86,0.96,169.24,1.64,169.55
2023,3,25,23,0,0,0,0,0,0,0,0,-7.13,-6.42,-6.77,3.91,100,0.06,61.83,0.91,162.97,1.51,163.44
2023,3,26,0,0,0,0,0,0,0,0,0,-7.33,-6.67,-6.99,3.85,100,0.06,61.79,0.84,156.52,1.37,157.23
2023,3,26,1,0,0,0,0,0,0,0,0,-7.46,-6.86,-7.16,3.78,100,0.05,61.75,0.74,145.8,1.18,146.63
2023,3,26,2,0,0,0,0,0,0,0,0,-7.92,-7.28,-7.6,3.66,100,0.04,61.71,0.61,127.16,0.99,126.33
2023,3,26,3,0,0,0,0,0,0,0,0,-8.41,-7.75,-8.08,3.48,100,0.02,61.68,0.57,107.68,0.95,104.84
2023,3,26,4,0,0,0,0,0,0,0,0,-8.89,-8.27,-8.59,3.36,100,0.01,61.68,0.54,92.49,0.98,88.17
2023,3,26,5,0.04,0.03,0.1,2.65,3,0.37,0,0,-8.95,-8.81,-8.88,3.17,100,0,61.69,0.61,77.39,1.08,74.05
2023,3,26,6,0.58,0.64,1.01,62.83,71.83,7.5,0.03,0.15,-6.92,-8.56,-7.74,3.23,94.69,0,61.72,1.06,79.43,1.39,79.95
2023,3,26,7,1.28,1.55,2.06,148.42,180.2,19.54,0.25,1.23,-3.91,-8.35,-6.13,3.3,73.56,0,61.76,1.22,119.02,1.5,119.63
2023,3,26,8,1.99,2.39,2.98,235,279.5,32.34,0.66,3.27,-1.53,-8.65,-5.1,3.17,58.06,0,61.78,2.11,177.67,2.58,177.4
2023,3,26,9,2.51,3.06,3.69,297.12,358.17,42.16,1.1,5.58,-0.05,-7.9,-3.98,3.36,54.5,0,61.79,2.75,195.3,3.41,194.99
2023,3,26,10,3.2,3.51,4.17,379.83,410.75,54.02,1.61,8.12,0.99,-7.46,-3.24,3.48,52.25,0,61.76,3.52,201.33,4.39,200.95
2023,3,26,11,3.08,3.63,4.36,366.7,425.35,52.25,1.62,8.2,1.43,-7.06,-2.81,3.6,52.38,0,61.72,4.19,204.46,5.25,204.16
2023,3,26,12,3.18,3.53,4.26,380.8,415.42,53.8,1.62,8.17,1.15,-6.92,-2.88,3.6,53.94,0,61.68,4.67,207.64,5.9,207.45
2023,3,26,13,2.5,3.17,3.88,297.33,374.6,42.19,1.17,5.95,0.35,-6.93,-3.29,3.6,57.06,0,61.63,4.98,211.72,6.33,211.53
2023,3,26,14,2.02,2.6,3.24,235.33,307.02,33.05,0.74,3.73,-0.57,-6.93,-3.75,3.6,61.5,0.01,61.6,4.89,214.53,6.25,214.31
2023,3,26,15,1.23,1.82,2.38,142.55,214.58,19.09,0.3,1.48,-1.48,-6.7,-4.1,3.72,67.88,0.02,61.58,4.32,214.09,5.53,213.89
2023,3,26,16,0.51,0.93,1.37,58.02,107.85,7.03,0.05,0.23,-2.67,-6.39,-4.53,3.85,77.12,0.02,61.58,3.27,209.2,4.27,208.86
2023,3,26,17,0.1,0.13,0.31,8.38,13.62,1.05,0,0.02,-4.73,-6.04,-5.38,3.97,94.94,0.01,61.58,1.42,196.34,2.2,194.18
2023,3,26,18,0,0,0,0,0,0,0,0,-6.02,-5.88,-5.95,4.03,100,0.01,61.58,0.88,176.96,1.68,173.6
2023,3,26,19,0,0,0,0,0,0,0,0,-6.13,-5.81,-5.97,4.09,100,0,61.58,0.88,170.79,1.66,166.42
2023,3,26,20,0,0,0,0,0,0,0,0,-6.24,-5.87,-6.06,4.03,100,0,61.57,1,176.42,1.89,173.58
2023,3,26,21,0,0,0,0,0,0,0,0,-6.32,-5.88,-6.1,4.03,100,0,61.55,1.18,191.09,2.19,190.27
2023,3,26,22,0,0,0,0,0,0,0,0,-6.41,-5.81,-6.11,4.09,100,0,61.54,1.36,204.36,2.52,203.94
2023,3,26,23,0,0,0,0,0,0,0,0,-6.53,-5.85,-6.2,4.09,100,0,61.54,1.37,211.52,2.53,209.81
2023,3,27,0,0,0,0,0,0,0,0,0,-6.77,-6.19,-6.49,3.97,100,0,61.53,1.17,216.03,2.18,213.18
2023,3,27,1,0,0,0,0,0,0,0,0,-7.25,-6.63,-6.94,3.91,100,0,61.49,0.88,212.98,1.63,210.87
2023,3,27,2,0,0,0,0,0,0,0,0,-7.3,-6.97,-7.13,3.78,100,0,61.45,0.56,210.83,0.89,208.81
2023,3,27,3,0,0,0,0,0,0,0,0,-7.58,-7.54,-7.56,3.66,100,0,61.44,0.01,270,0.02,341.57
2023,3,27,4,0,0,0,0,0,0,0,0,-8.47,-8.33,-8.4,3.42,100,0,61.44,0.67,30.74,1.05,31.91
2023,3,27,5,0.04,0.03,0.1,3.02,3.3,0.42,0,0,-9.52,-9.44,-9.48,3.11,100,0,61.47,1.01,30.74,1.69,32.37
2023,3,27,6,0.63,0.67,1.03,68.33,73.98,7.65,0.02,0.12,-7.49,-10.17,-8.83,2.93,88.81,0,61.52,1.82,38.89,2.43,37.83
2023,3,27,7,1.3,1.57,2.08,150.17,181.65,19.06,0.21,1.08,-4.13,-10.41,-7.27,2.75,62.81,0,61.57,1.53,54.36,1.89,53.41
2023,3,27,8,2.08,2.39,3,243.48,280.02,32.65,0.59,2.95,-1.2,-10.88,-6.04,2.62,46.5,0,61.62,0.79,169.7,0.95,169.53
2023,3,27,9,2.5,3.05,3.71,294.65,357.73,41.28,0.98,4.88,0.72,-10.49,-4.88,2.69,41.12,0,61.64,2.53,209.81,3.09,209.55
2023,3,27,10,2.82,3.48,4.18,337.88,408.52,48.18,1.33,6.7,1.92,-9.86,-3.97,2.81,39.69,0,61.65,3.51,212.56,4.33,212.26
2023,3,27,11,2.89,3.65,4.37,347.88,430.83,50.28,1.46,7.38,2.52,-9.31,-3.39,2.93,39.88,0,61.63,4.21,213.66,5.23,213.43
2023,3,27,12,2.94,3.56,4.27,354.55,420.4,50.91,1.44,7.25,2.24,-8.66,-3.21,3.11,43.06,0,61.6,4.64,216.23,5.81,215.98
2023,3,27,13,2.5,3.21,3.89,301.27,378.95,42.82,1.11,5.58,1.26,-8,-3.37,3.3,48.94,0.01,61.58,4.63,217.93,5.82,217.64
2023,3,27,14,1.91,2.61,3.25,226.8,309.4,31.94,0.67,3.35,0.21,-7.49,-3.64,3.48,55.25,0.02,61.54,4.19,218.19,5.28,217.79
2023,3,27,15,1.3,1.84,2.4,152.5,217.27,20.65,0.3,1.48,-1.2,-7.02,-4.11,3.6,64.75,0.02,61.53,3.5,217.56,4.42,217.17
2023,3,27,16,0.57,0.96,1.38,63.83,111.52,7.84,0.05,0.23,-2.62,-6.4,-4.51,3.85,76.94,0.02,61.55,2.62,214.45,3.37,213.95
2023,3,27,17,0.1,0.14,0.32,8.98,14.67,1.17,0,0.02,-3.99,-5.95,-4.97,3.97,89.94,0.02,61.57,1.56,203.99,2.14,204.13
2023,3,27,18,0,0,0,0,0,0,0,0,-4.63,-5.6,-5.12,4.09,98,0.02,61.59,0.98,186.9,1.37,186.56
2023,3,27,19,0,0,0,0,0,0,0,0,-4.94,-5.52,-5.23,4.15,100,0.01,61.62,0.52,163.47,0.85,163.91
2023,3,27,20,0,0,0,0,0,0,0,0,-5.3,-5.62,-5.45,4.09,100,0.01,61.64,0.53,154.57,1,157.04
2023,3,27,21,0,0,0,0,0,0,0,0,-5.47,-5.69,-5.58,4.09,100,0.01,61.65,0.58,164.48,1.11,167.04
2023,3,27,22,0,0,0,0,0,0,0,0,-5.52,-5.74,-5.63,4.09,100,0.01,61.64,0.64,174.43,1.16,176.52
2023,3,27,23,0,0,0,0,0,0,0,0,-5.63,-5.8,-5.71,4.09,100,0,61.62,0.72,181.25,1.24,181.8
2023,3,28,0,0,0,0,0,0,0,0,0,-5.98,-5.95,-5.96,4.03,100,0.01,61.56,0.76,189.46,1.38,188.13
2023,3,28,1,0,0,0,0,0,0,0,0,-6.67,-6.27,-6.47,3.91,100,0.01,61.52,0.74,195.2,1.34,192.09
2023,3,28,2,0,0,0,0,0,0,0,0,-6.87,-6.6,-6.73,3.85,100,0.01,61.49,0.54,189.19,0.88,186.12
2023,3,28,3,0,0,0,0,0,0,0,0,-7.01,-6.91,-6.96,3.72,100,0,61.47,0.2,141.34,0.34,135
2023,3,28,4,0,0,0,0,0,0,0,0,-7.47,-7.35,-7.42,3.6,100,0,61.48,0.35,45.91,0.6,49.72
2023,3,28,5,0.04,0.05,0.11,3.08,4.08,0.43,0,0,-7.87,-8.02,-7.95,3.42,100,0,61.5,0.64,30,1.15,34.77
2023,3,28,6,0.71,0.73,1.06,78.23,82.3,8.44,0.03,0.15,-5.55,-8.29,-6.92,3.3,85,0,61.54,1.35,41,1.73,39.51
2023,3,28,7,1.37,1.64,2.1,160.2,190.92,20.77,0.25,1.23,-2.18,-8.31,-5.24,3.23,63.06,0,61.59,0.5,90,0.59,86.19
2023,3,28,8,2.16,2.46,3.01,255,288.6,34.88,0.68,3.35,0.44,-8.84,-4.2,3.11,48.5,0,61.63,1.82,197.97,2.22,197.22
2023,3,28,9,2.73,3.11,3.73,324.62,365.7,45.77,1.15,5.7,1.85,-8.7,-3.42,3.11,44.19,0,61.66,2.87,202.58,3.52,202.18
2023,3,28,10,3.17,3.54,4.2,379.8,416.35,54.26,1.55,7.8,2.73,-8.28,-2.78,3.23,42.88,0,61.68,3.6,206.01,4.44,205.66
2023,3,28,11,3.11,3.67,4.39,373.8,432.9,53.55,1.59,8.05,3.02,-7.67,-2.32,3.42,44.25,0,61.68,4.12,209.38,5.1,209.08
2023,3,28,12,2.88,3.56,4.29,347.5,421.95,49.72,1.45,7.35,2.73,-7.02,-2.15,3.6,47.75,0.01,61.66,4.41,211.66,5.48,211.36
2023,3,28,13,2.59,3.2,3.9,310.42,380.12,43.98,1.16,5.83,1.82,-6.81,-2.49,3.66,51.94,0.02,61.63,4.54,212.43,5.71,212.15
2023,3,28,14,1.8,2.61,3.26,214.2,310.62,30.41,0.66,3.3,0.19,-6.46,-3.13,3.78,60.12,0.03,61.63,4.32,213.86,5.48,213.55
2023,3,28,15,1.36,1.85,2.4,154.5,219.7,20.79,0.3,1.52,-0.9,-6.05,-3.48,3.91,68.12,0.03,61.63,3.79,212.12,4.84,211.74
2023,3,28,16,0.71,0.96,1.39,80.88,112.8,9.69,0.06,0.3,-1.85,-5.64,-3.74,4.03,76.31,0.03,61.65,3.12,206.95,4.04,206.52
2023,3,28,17,0.11,0.15,0.33,10.2,15.25,1.31,0.01,0.02,-3.57,-5.42,-4.49,4.15,90,0.03,61.68,1.75,200.71,2.55,200.27
2023,3,28,18,0,0,0,0,0,0,0,0,-4.85,-5.22,-5.03,4.21,100,0.02,61.71,1.09,196.23,1.87,194.73
2023,3,28,19,0,0,0,0,0,0,0,0,-5.49,-5.19,-5.34,4.21,100,0.02,61.75,1.02,196.07,1.91,193.98
2023,3,28,20,0,0,0,0,0,0,0,0,-6.12,-5.38,-5.75,4.15,100,0.02,61.78,1.03,194.88,2.02,192.96
2023,3,28,21,0,0,0,0,0,0,0,0,-6.33,-5.55,-5.94,4.09,100,0.01,61.8,1.06,194.55,2.02,192.31
2023,3,28,22,0,0,0,0,0,0,0,0,-6.42,-5.69,-6.06,4.09,100,0.01,61.8,1.01,191.66,1.81,189.67
2023,3,28,23,0,0,0,0,0,0,0,0,-6.58,-5.92,-6.25,4.03,100,0.01,61.79,0.84,185.34,1.5,183.6
2023,3,29,0,0,0,0,0,0,0,0,0,-6.7,-6.16,-6.43,3.91,100,0.01,61.77,0.67,180,1.16,178.84
2023,3,29,1,0,0,0,0,0,0,0,0,-6.73,-6.33,-6.52,3.91,100,0.01,61.75,0.46,167.15,0.76,166.25
2023,3,29,2,0,0,0,0,0,0,0,0,-6.85,-6.6,-6.73,3.78,100,0,61.72,0.16,98.53,0.28,96.52
2023,3,29,3,0,0,0,0,0,0,0,0,-7.49,-7.19,-7.35,3.6,100,0,61.69,0.51,24.23,0.93,28.5
2023,3,29,4,0,0,0,0,0,0,0,0,-8.27,-8.17,-8.22,3.36,100,0,61.69,0.79,20.75,1.54,25.79
2023,3,29,5,0.05,0.05,0.12,3.58,4.35,0.48,0,0,-8.56,-9.31,-8.94,2.99,100,0,61.69,1.01,22.38,1.89,25.19
2023,3,29,6,0.68,0.72,1.08,75.02,81.35,8.39,0.04,0.2,-5.96,-9.84,-7.9,2.87,76.81,0,61.73,2.14,31.72,2.82,30.96
2023,3,29,7,1.36,1.63,2.12,157.33,189.62,20.17,0.27,1.33,-2.45,-10.15,-6.31,2.75,54.69,0,61.77,1.76,46.08,2.17,45.88
2023,3,29,8,1.94,2.45,3.03,230,287.65,31.48,0.66,3.27,0.35,-10.65,-5.15,2.62,41.44,0,61.81,0.95,153.65,1.15,152.91
2023,3,29,9,2.9,3.12,3.74,343.27,366.08,48.06,1.29,6.5,2.19,-10.52,-4.17,2.62,36.62,0,61.83,2.74,199.31,3.33,199.03
2023,3,29,10,2.96,3.54,4.21,352.9,415.62,50.23,1.54,7.83,3.38,-10.08,-3.35,2.75,34.94,0,61.82,3.54,207.47,4.34,207.21
2023,3,29,11,2.72,3.68,4.4,324.48,432.62,46.88,1.51,7.65,4.17,-9.6,-2.71,2.87,34.44,0,61.81,4.18,211.02,5.17,210.71
2023,3,29,12,2.62,3.58,4.3,317.45,421.77,46.26,1.47,7.33,4.38,-8.89,-2.25,3.05,36.12,0,61.78,4.65,213.29,5.81,212.99
2023,3,29,13,2.26,3.21,3.91,271.17,379.98,39.13,1.12,5.77,3.63,-7.84,-2.1,3.36,41.81,0,61.75,4.71,214.32,5.9,213.94
2023,3,29,14,1.84,2.63,3.27,213.83,312.25,30.36,0.73,3.67,2.32,-6.91,-2.29,3.6,49.75,0,61.74,4.18,213.96,5.23,213.67
2023,3,29,15,1.26,1.85,2.42,144.52,219.85,19.88,0.33,1.62,0.84,-6.49,-2.82,3.78,57.31,0,61.73,3.49,213.3,4.36,212.86
2023,3,29,16,0.59,0.97,1.4,67.5,113.25,8.51,0.06,0.33,-0.8,-6.21,-3.5,3.85,66.69,0,61.75,2.76,210.63,3.5,210.28
2023,3,29,17,0.14,0.15,0.34,13.15,15.85,1.57,0.01,0.02,-2.74,-5.65,-4.2,4.03,82.31,0.01,61.78,1.54,207.08,2.21,206.47
2023,3,29,18,0,0,0,0,0,0,0,0,-4.21,-5.37,-4.79,4.15,95.75,0,61.81,0.85,204.92,1.45,201.86
2023,3,29,19,0,0,0,0,0,0,0,0,-4.61,-5.14,-4.88,4.21,100,0,61.84,0.62,196.84,0.96,193.7
2023,3,29,20,0,0,0,0,0,0,0,0,-4.9,-5.17,-5.03,4.21,100,0,61.86,0.39,178.85,0.58,175.36
2023,3,29,21,0,0,0,0,0,0,0,0,-5.16,-5.31,-5.24,4.15,100,0,61.86,0.24,144.25,0.37,138.47
2023,3,29,22,0,0,0,0,0,0,0,0,-5.35,-5.53,-5.45,4.09,100,0,61.84,0.21,109.09,0.36,105.26
2023,3,29,23,0,0,0,0,0,0,0,0,-5.27,-5.8,-5.53,4.03,100,0,61.83,0.27,115.82,0.42,114.18
2023,3,30,0,0,0,0,0,0,0,0,0,-5.38,-5.97,-5.67,3.97,100,0,61.81,0.4,142.91,0.61,141.8
2023,3,30,1,0,0,0,0,0,0,0,0,-5.6,-5.95,-5.77,3.97,100,0,61.78,0.53,153.81,0.82,152.7
2023,3,30,2,0,0,0,0,0,0,0,0,-5.67,-5.89,-5.78,4.03,100,0,61.73,0.44,163.5,0.67,163.04
2023,3,30,3,0,0,0,0,0,0,0,0,-5.74,-5.92,-5.83,4.03,100,0,61.71,0.21,169.51,0.32,170.31
2023,3,30,4,0,0,0,0,0,0,0,0,-5.87,-6.03,-5.95,3.97,100,0,61.7,0.2,28.61,0.3,29.93
2023,3,30,5,0.05,0.05,0.13,3.67,4.85,0.5,0,0,-5.92,-6.28,-6.1,3.91,100,0,61.72,0.43,17.78,0.78,21.7
2023,3,30,6,0.73,0.72,1.1,82.8,84.55,8.96,0.04,0.2,-3.77,-6.16,-4.96,3.91,86.69,0,61.75,0.9,30.79,1.13,30.28
2023,3,30,7,1.63,1.62,2.14,191.48,192.38,23.86,0.3,1.52,-0.81,-6.62,-3.71,3.72,64.69,0,61.77,0.31,57.53,0.36,57.34
2023,3,30,8,2.37,2.43,3.05,283.3,290.88,38.2,0.78,3.83,1.55,-7.39,-2.92,3.48,50.38,0,61.79,1.41,178.09,1.67,177.86
2023,3,30,9,2.89,3.07,3.76,349.7,367.8,48.81,1.28,6.38,3.05,-7.22,-2.09,3.54,45.81,0,61.8,2.87,189.39,3.49,189.27
2023,3,30,10,3.32,3.5,4.23,402.67,418.67,57.23,1.71,8.65,3.73,-6.92,-1.6,3.6,44.75,0,61.79,3.8,195.27,4.66,195.25
2023,3,30,11,3.02,3.66,4.41,367.08,437.08,53.13,1.68,8.48,3.83,-6.56,-1.36,3.72,45.81,0.01,61.77,4.52,199.81,5.6,199.9
2023,3,30,12,2.73,3.56,4.31,332.23,425.45,48.1,1.48,7.52,3.73,-5.88,-1.07,3.97,48.88,0.02,61.73,4.94,203.12,6.14,203.14
2023,3,30,13,2.34,3.2,3.92,285.12,382.9,41.09,1.16,5.88,3.31,-5.4,-1.05,4.09,52.38,0.03,61.68,5.12,204.42,6.43,204.42
2023,3,30,14,1.83,2.61,3.28,221.95,312.02,31.41,0.73,3.65,2.54,-5.22,-1.34,4.15,56.19,0.03,61.64,5.08,205.58,6.43,205.57
2023,3,30,15,1.24,1.83,2.42,147.33,218.6,20.24,0.33,1.6,1.39,-5.17,-1.89,4.21,61.25,0.03,61.63,4.76,207.28,6.08,207.22
2023,3,30,16,0.77,0.95,1.41,87.58,111.52,10.52,0.07,0.35,-0.22,-5.16,-2.69,4.21,69,0.02,61.65,4,207.41,5.2,207.37
2023,3,30,17,0.13,0.14,0.34,12.02,15.23,1.48,0.01,0.02,-2.17,-4.77,-3.47,4.33,83.94,0.03,61.69,2.38,203.79,3.31,203.54
2023,3,30,18,0,0,0,0,0,0,0,0,-3.79,-4.57,-4.18,4.39,98.19,0.03,61.74,1.29,198,2.22,196.53
2023,3,30,19,0,0,0,0,0,0,0,0,-4.54,-4.54,-4.54,4.46,100,0.03,61.78,1.11,195.11,2.01,193.23
2023,3,30,20,0,0,0,0,0,0,0,0,-5.02,-4.6,-4.81,4.39,100,0.04,61.81,1.02,187.94,1.75,186.4
2023,3,30,21,0,0,0,0,0,0,0,0,-5.19,-4.7,-4.95,4.39,100,0.03,61.81,0.9,178.01,1.45,177.52
2023,3,30,22,0,0,0,0,0,0,0,0,-5.22,-4.86,-5.04,4.33,100,0.03,61.8,0.72,161.57,1.13,161.82
2023,3,30,23,0,0,0,0,0,0,0,0,-5.45,-5.09,-5.27,4.27,100,0.02,61.77,0.6,126.57,0.94,126.87
2023,3,31,0,0,0,0,0,0,0,0,0,-5.82,-5.39,-5.6,4.15,100,0.02,61.72,0.65,107.35,1.08,106.34
2023,3,31,1,0,0,0,0,0,0,0,0,-6.1,-5.76,-5.93,4.03,100,0.04,61.68,0.72,112.95,1.18,112.65
2023,3,31,2,0,0,0,0,0,0,0,0,-6.41,-6.18,-6.29,3.91,100,0.05,61.66,0.71,117.7,1.13,119.05
2023,3,31,3,0,0,0,0,0,0,0,0,-6.74,-6.45,-6.6,3.85,100,0.06,61.64,0.72,102.53,1.18,102.28
2023,3,31,4,0,0,0,0,0,0,0,0,-7.16,-6.88,-7.02,3.66,100,0.05,61.62,0.84,92.65,1.52,89.7
2023,3,31,5,0.04,0.03,0.15,2.55,3.02,0.33,0,0,-7.11,-7.51,-7.31,3.48,100,0.08,61.61,0.87,85.88,1.62,80.58
2023,3,31,6,0.26,0.4,1.12,28.2,42.58,3.53,0.02,0.08,-4.78,-7.76,-6.27,3.42,82.56,0.12,61.62,1.69,84.42,2.23,85.17
2023,3,31,7,0.35,1.05,2.16,40.23,111,5.37,0.07,0.35,-2.99,-8.14,-5.56,3.3,68.19,0.2,61.63,2.34,108.07,2.95,107.76
2023,3,31,8,0.59,1.75,3.07,70.42,187.95,9.42,0.2,0.95,-2.02,-7.75,-4.88,3.36,64.75,0.23,61.63,2.67,120.76,3.32,120.43
2023,3,31,9,0.9,2.47,3.78,110.83,272.52,15.03,0.38,1.98,-1.52,-6.42,-3.96,3.78,69.38,0.22,61.66,3.1,144.34,3.82,144.23
2023,3,31,10,1.11,2.99,4.24,137.73,339.5,19.24,0.56,2.85,-1.06,-5.3,-3.18,4.15,73.12,0.26,61.65,4.02,166.07,5.04,166.09
2023,3,31,11,1.6,3.57,4.42,202.3,429.92,30.3,0.97,4.83,-0.51,-4.47,-2.49,4.46,74.88,0.37,61.61,5.11,183.85,6.48,183.94
2023,3,31,12,1.59,3.48,4.32,201.38,418.05,30.05,0.94,4.7,0.08,-3.63,-1.77,4.76,76.25,0.47,61.58,6.11,195.26,7.87,195.32
2023,3,31,13,1.55,3.11,3.93,189.73,371.6,27.94,0.8,4.08,-0.29,-4.09,-2.19,4.58,75.69,0.42,61.59,7.21,198.96,9.51,198.88
2023,3,31,14,1.02,2.46,3.29,129.6,292.45,18.85,0.45,2.23,-1.13,-4.86,-3,4.27,76.25,0.24,61.6,6.93,197.6,9.13,197.58
2023,3,31,15,0.78,1.69,2.43,94,198.17,13.12,0.22,1.08,-1.85,-5.6,-3.73,4.03,76.25,0.13,61.6,5.72,196.26,7.46,196.29
2023,3,31,16,0.51,0.85,1.42,55.75,96.85,6.96,0.05,0.25,-3,-6.13,-4.56,3.91,80.75,0.07,61.61,4.26,198.27,5.59,198.49
2023,3,31,17,0.12,0.12,0.35,11.4,13.27,1.5,0.01,0.02,-5.13,-6.2,-5.67,3.91,96.62,0.07,61.63,2.18,198.56,3.18,201.59
2023,3,31,18,0,0,0,0,0,0,0,0,-6.2,-6.23,-6.21,3.91,100,0.05,61.66,1.35,207.16,2.24,212.92
2023,3,31,19,0,0,0,0,0,0,0,0,-6.26,-6.82,-6.54,3.72,100,0.04,61.7,1.14,217.5,1.91,220.86
2023,3,31,20,0,0,0,0,0,0,0,0,-6.63,-7.45,-7.04,3.6,100,0.03,61.73,0.92,214.63,1.59,219.23
2023,3,31,21,0,0,0,0,0,0,0,0,-6.99,-8.36,-7.68,3.3,96.62,0.02,61.73,0.79,203.79,1.29,206.72
2023,3,31,22,0,0,0,0,0,0,0,0,-7.39,-9.17,-8.27,3.05,92.81,0.02,61.72,0.74,189.07,1.12,189.66
2023,3,31,23,0,0,0,0,0,0,0,0,-7.7,-9.25,-8.47,3.05,94.81,0.03,61.69,0.43,158.59,0.61,159.02
2023,4,1,0,0,0,0,0,0,0,0,0,-8.1,-9.39,-8.74,2.99,96.81,0.04,61.65,0.28,104.42,0.47,93.81
2023,4,1,1,0,0,0,0,0,0,0,0,-8.47,-9.6,-9.04,2.93,97.88,0.06,61.61,0.33,70.71,0.64,60
2023,4,1,2,0,0,0,0,0,0,0,0,-8.52,-9.73,-9.13,2.93,97.19,0.07,61.57,0.37,51.91,0.72,45.88
2023,4,1,3,0,0,0,0,0,0,0,0,-8.38,-9.77,-9.08,2.87,95.44,0.1,61.53,0.56,37.67,0.97,36.5
2023,4,1,4,0,0,0,0,0,0,0,0,-8.16,-9.81,-8.99,2.87,93.12,0.12,61.5,0.57,27.61,0.96,27.19
2023,4,1,5,0.03,0.04,0.16,2.27,3.75,0.32,0,0,-7.67,-9.89,-8.78,2.87,88.5,0.1,61.5,0.77,17.7,1.15,18.19
2023,4,1,6,0.18,0.5,1.14,19.95,53.77,2.8,0.02,0.05,-5.67,-9.2,-7.43,3.05,79.06,0.09,61.51,0.84,20.12,1.06,19.37
2023,4,1,7,0.41,1.3,2.18,49.5,144.58,7.05,0.09,0.45,-2.9,-8.17,-5.53,3.3,67.81,0.1,61.53,0.73,202.15,0.87,202.18
2023,4,1,8,0.77,2.12,3.08,92.4,242.08,13.34,0.27,1.33,-0.99,-7.26,-4.12,3.54,62.12,0.12,61.54,2.06,190.25,2.49,190.11
2023,4,1,9,1.23,2.79,3.79,149.65,322.8,21.27,0.54,2.75,0.12,-6.37,-3.13,3.78,61,0.15,61.54,2.89,181.24,3.54,181.01
2023,4,1,10,1.28,3.21,4.25,156.9,372.38,22.27,0.62,3.2,-0.16,-5.93,-3.04,3.97,64.5,0.2,61.51,3.63,183.7,4.5,183.48
2023,4,1,11,1.47,3.55,4.44,181.1,421.98,26.95,0.81,4.1,-1.17,-5.54,-3.35,4.09,72.5,0.25,61.48,3.87,191.4,4.87,191.2
2023,4,1,12,1.06,3.46,4.33,133.67,411.98,20.41,0.6,3.08,-1.49,-5.24,-3.37,4.21,76.56,0.29,61.43,3.9,199.2,4.89,199.1
2023,4,1,13,1.01,3.08,3.94,127.08,365.08,18.91,0.51,2.55,-1.64,-5.2,-3.42,4.21,77.69,0.32,61.37,4.11,202.47,5.2,202.33
2023,4,1,14,0.82,2.49,3.3,98.3,294.02,14.51,0.33,1.62,-1.78,-5.13,-3.45,4.21,79.06,0.29,61.34,4.3,203.35,5.48,203.24
2023,4,1,15,0.51,1.72,2.44,58.2,201.33,8.45,0.13,0.65,-1.82,-5.09,-3.45,4.27,79.56,0.25,61.33,4.44,204.67,5.71,204.67
2023,4,1,16,0.24,0.87,1.43,26.75,99.23,3.88,0.03,0.12,-2.6,-5.18,-3.89,4.21,84.31,0.19,61.35,3.97,206.01,5.21,206.07
2023,4,1,17,0.1,0.14,0.36,9.52,14.35,1.29,0,0.02,-4.56,-5.39,-4.97,4.15,98,0.08,61.38,2.07,203.57,3,203.16
2023,4,1,18,0,0,0,0,0,0,0,0,-5.82,-5.68,-5.75,4.09,100,0.06,61.41,1.21,198.43,2.06,197.68
2023,4,1,19,0,0,0,0,0,0,0,0,-6.32,-5.99,-6.16,3.97,100,0.05,61.44,1.05,198.17,1.81,197.81
2023,4,1,20,0,0,0,0,0,0,0,0,-6.6,-6.24,-6.42,3.91,100,0.04,61.45,0.99,204.15,1.67,203.8
2023,4,1,21,0,0,0,0,0,0,0,0,-6.5,-6.28,-6.39,3.91,100,0.04,61.44,0.87,206.1,1.4,206.14
2023,4,1,22,0,0,0,0,0,0,0,0,-6.49,-6.35,-6.42,3.91,100,0.03,61.41,0.77,205.79,1.19,205.72
2023,4,1,23,0,0,0,0,0,0,0,0,-6.55,-6.45,-6.5,3.91,100,0.03,61.38,0.67,191.44,1,190.78
2023,4,2,0,0,0,0,0,0,0,0,0,-6.66,-6.59,-6.62,3.85,100,0.02,61.34,0.63,177.88,0.94,177.14
2023,4,2,1,0,0,0,0,0,0,0,0,-6.77,-6.73,-6.75,3.78,100,0.01,61.29,0.65,168.29,0.99,168.16
2023,4,2,2,0,0,0,0,0,0,0,0,-6.9,-6.81,-6.85,3.78,100,0.01,61.24,0.65,172.45,1.02,172.93
2023,4,2,3,0,0,0,0,0,0,0,0,-6.77,-6.8,-6.78,3.78,100,0.01,61.22,0.63,179.29,1.03,178.7
2023,4,2,4,0,0,0,0,0,0,0,0,-6.74,-6.91,-6.82,3.72,100,0.01,61.22,0.59,189.21,1,187.18
2023,4,2,5,0.05,0.06,0.17,4.23,5.65,0.59,0,0,-6.6,-6.93,-6.77,3.72,100,0.01,61.25,0.65,191.71,0.99,190.43
2023,4,2,6,0.49,0.71,1.16,55.45,80.88,7.33,0.03,0.17,-5.23,-7,-6.12,3.72,92.31,0.01,61.29,1.03,179.57,1.31,181.7
2023,4,2,7,0.98,1.61,2.2,116.73,190.67,15.63,0.2,0.98,-3.13,-6.7,-4.92,3.72,78,0.01,61.32,1.73,193.6,2.1,193.78
2023,4,2,8,1.44,2.42,3.1,175.25,289.52,24.8,0.49,2.42,-1.52,-6.69,-4.11,3.72,68.12,0,61.33,2.62,205.57,3.24,205.45
2023,4,2,9,2.08,3.08,3.81,251.23,366.62,35.88,0.9,4.5,-0.38,-6.49,-3.43,3.78,62.81,0,61.34,3.45,208.65,4.29,208.39
2023,4,2,10,2.23,3.5,4.27,266.48,415.88,39.73,1.15,5.83,0.65,-6.28,-2.81,3.85,59,0.01,61.33,4.29,213.34,5.37,213
2023,4,2,11,2.4,3.64,4.45,298.7,436.98,43.84,1.3,6.55,1.42,-6.16,-2.37,3.91,56.38,0.03,61.31,4.92,217.78,6.2,217.52
2023,4,2,12,1.84,3.54,4.34,229.95,422.52,34.15,1.01,5.1,1.73,-6.02,-2.15,3.91,55.69,0.04,61.28,5.34,222.09,6.76,221.81
2023,4,2,13,1.4,3.18,3.95,168.73,378.42,25.12,0.67,3.42,1.73,-5.98,-2.13,3.97,55.94,0.06,61.25,5.39,226.23,6.86,225.88
2023,4,2,14,1.07,2.58,3.31,127.08,305.25,18.78,0.41,2.08,1.47,-6.07,-2.31,3.91,56.62,0.06,61.23,4.93,230.21,6.28,229.79
2023,4,2,15,1.27,1.79,2.45,149.05,211.12,20.34,0.31,1.55,0.85,-6.35,-2.74,3.85,57.94,0.05,61.23,4.21,232.39,5.39,232
2023,4,2,16,0.37,0.92,1.44,40.33,104.77,5.31,0.04,0.17,-0.41,-6.33,-3.37,3.85,64,0.04,61.26,3.12,229.37,4.11,228.62
2023,4,2,17,0.12,0.13,0.37,11.23,13.88,1.53,0.01,0.02,-3.61,-6.29,-4.95,3.91,84.44,0.03,61.28,1.28,221.55,2.21,217.96
2023,4,2,18,0,0,0,0,0,0,0,0,-5.53,-6.41,-5.97,3.85,99,0.02,61.32,0.96,206.98,1.61,206.19
2023,4,2,19,0,0,0,0,0,0,0,0,-5.7,-5.77,-5.74,4.09,100,0.01,61.36,0.6,200.56,0.94,201.45
2023,4,2,20,0,0,0,0,0,0,0,0,-5.96,-5.57,-5.77,4.15,100,0.01,61.39,0.25,187.13,0.38,191.77
2023,4,2,21,0,0,0,0,0,0,0,0,-6.25,-5.82,-6.03,4.09,100,0,61.39,0.11,74.05,0.15,66.04
2023,4,2,22,0,0,0,0,0,0,0,0,-6.74,-6.29,-6.51,3.91,100,0,61.38,0.36,34.38,0.57,33.91
2023,4,2,23,0,0,0,0,0,0,0,0,-7.24,-6.85,-7.04,3.78,100,0,61.36,0.57,26.92,0.94,28.27
2023,4,3,0,0,0,0,0,0,0,0,0,-7.79,-7.56,-7.67,3.54,100,0,61.32,0.72,25.73,1.22,27.38
2023,4,3,1,0,0,0,0,0,0,0,0,-8.35,-8.45,-8.4,3.3,100,0,61.29,0.85,24.92,1.49,26.83
2023,4,3,2,0,0,0,0,0,0,0,0,-8.89,-9.56,-9.23,2.99,100,0,61.27,0.99,21.72,1.84,24.28
2023,4,3,3,0,0,0,0,0,0,0,0,-9.31,-10.72,-10.02,2.69,94.88,0,61.27,1.1,20.89,2.12,23.64
2023,4,3,4,0,0,0,0,0,0,0,0,-9.68,-11.67,-10.68,2.44,89.62,0,61.28,1.19,21.52,2.33,23.9
2023,4,3,5,0.06,0.07,0.18,4.48,6.95,0.64,0,0,-9.56,-12.52,-11.04,2.26,81.88,0,61.33,1.52,22.62,2.61,23.49
2023,4,3,6,0.72,0.8,1.18,81.55,93.52,9.39,0.05,0.25,-6.82,-13.12,-9.97,2.14,60.5,0,61.39,2.61,27.41,3.53,26.68
2023,4,3,7,1.36,1.7,2.22,161.98,202.8,21.42,0.31,1.52,-2.33,-11.79,-7.06,2.38,46.38,0,61.46,1.89,34.55,2.35,34.59
2023,4,3,8,2.15,2.51,3.12,258.7,299.67,35.7,0.79,3.92,1.01,-11.72,-5.35,2.38,35.75,0,61.5,0.51,171.12,0.62,169.82
2023,4,3,9,2.67,3.15,3.82,320.38,375.48,45.22,1.26,6.33,3.01,-10.92,-3.95,2.56,33.31,0,61.53,2.63,203.6,3.24,203.16
2023,4,3,10,2.98,3.56,4.28,361.2,424.7,51.89,1.63,8.3,4.27,-9.49,-2.61,2.93,34.62,0,61.52,3.92,207.28,4.89,206.97
2023,4,3,11,2.88,3.72,4.46,350.23,443.45,50.91,1.68,8.5,4.87,-7.88,-1.51,3.36,38.12,0,61.51,5.05,210.1,6.36,210
2023,4,3,12,2.65,3.61,4.35,322.27,430.73,46.91,1.52,7.65,4.29,-6.3,-1.01,3.85,45.38,0,61.5,5.65,213.78,7.18,213.64
2023,4,3,13,2.21,3.24,3.96,266.7,386.98,38.52,1.12,5.73,3.29,-5.14,-0.93,4.21,53.56,0,61.47,5.86,217.14,7.49,216.91
2023,4,3,14,1.73,2.63,3.32,207.88,315.23,29.4,0.72,3.62,2.48,-4.85,-1.18,4.33,58.12,0,61.46,5.83,220.22,7.5,219.97
2023,4,3,15,1.11,1.85,2.46,132.1,220.75,18.16,0.31,1.55,1.46,-4.94,-1.74,4.27,62.19,0,61.46,5.3,221.59,6.86,221.35
2023,4,3,16,0.44,0.96,1.45,50.8,113.23,6.45,0.05,0.25,0.02,-4.93,-2.45,4.27,69.12,0,61.49,4.27,220.69,5.58,220.4
2023,4,3,17,0.1,0.16,0.38,9.58,16.88,1.35,0.01,0.02,-2.46,-4.83,-3.65,4.33,86.06,0,61.53,2.06,214.96,3,213.32
2023,4,3,18,0,0,0,0,0,0,0,0,-4.66,-4.55,-4.6,4.46,100,0,61.57,1.02,205.97,1.92,200.5
2023,4,3,19,0,0,0,0,0,0,0,0,-5.09,-4.39,-4.74,4.52,100,0,61.6,0.9,203.46,1.7,197.6
2023,4,3,20,0,0,0,0,0,0,0,0,-5.38,-4.52,-4.95,4.52,100,0,61.63,0.91,203.26,1.68,198.77
2023,4,3,21,0,0,0,0,0,0,0,0,-5.66,-4.73,-5.19,4.39,100,0,61.64,0.9,201.89,1.61,199.32
2023,4,3,22,0,0,0,0,0,0,0,0,-5.9,-4.94,-5.42,4.33,100,0,61.62,0.88,199.24,1.53,197.51
2023,4,3,23,0,0,0,0,0,0,0,0,-6.04,-5.17,-5.6,4.27,100,0,61.6,0.79,196.1,1.35,195.49
2023,4,4,0,0,0,0,0,0,0,0,0,-6.16,-5.45,-5.81,4.21,100,0,61.56,0.65,188.33,1.06,188.07
2023,4,4,1,0,0,0,0,0,0,0,0,-6.36,-5.83,-6.1,4.09,100,0,61.54,0.41,166.76,0.62,167.7
2023,4,4,2,0,0,0,0,0,0,0,0,-6.6,-6.34,-6.47,3.97,100,0,61.51,0.2,94.4,0.32,90
2023,4,4,3,0,0,0,0,0,0,0,0,-7.13,-7.04,-7.09,3.72,100,0,61.5,0.49,33.94,0.84,34.73
2023,4,4,4,0,0,0,0,0,0,0,0,-7.87,-8,-7.93,3.48,100,0,61.52,0.77,28.38,1.36,29.66
2023,4,4,5,0.06,0.05,0.19,4.42,5.62,0.61,0,0,-7.95,-8.98,-8.47,3.17,100,0,61.56,0.88,29.3,1.59,30.96
2023,4,4,6,0.43,0.6,1.2,49.08,64.25,6.47,0.04,0.2,-5.02,-9.13,-7.08,3.11,76.38,0,61.62,1.25,44.75,1.59,43.81
2023,4,4,7,0.78,1.44,2.24,92.42,161.92,12.77,0.2,0.95,-2.02,-9.35,-5.69,2.99,57,0,61.68,1.01,191.14,1.2,191.6
2023,4,4,8,0.97,2.29,3.13,120.6,266.12,17.46,0.41,2.02,0.16,-9.74,-4.79,2.87,45.81,0,61.73,2.85,204.67,3.47,204.6
2023,4,4,9,1.19,2.95,3.84,152.05,345.35,22.13,0.62,3.25,1.31,-9.24,-3.96,2.99,43.88,0,61.76,3.56,203.3,4.37,203.17
2023,4,4,10,1.79,3.41,4.29,218.95,403.15,31.86,1.02,5.05,1.97,-8.38,-3.2,3.17,45,0,61.75,4.08,202.78,5.01,202.76
2023,4,4,11,2.25,3.59,4.47,277.12,427.12,39.7,1.32,6.55,2.25,-7.58,-2.67,3.42,47.12,0,61.71,4.54,202.37,5.61,202.35
2023,4,4,12,2.32,3.49,4.36,282.3,416.27,40.61,1.31,6.52,2.1,-7.02,-2.46,3.6,49.88,0,61.67,4.91,202.65,6.12,202.51
2023,4,4,13,1.82,3.13,3.97,224.3,372.4,32.22,0.96,4.9,1.62,-6.76,-2.57,3.66,52.88,0,61.61,5.12,203.39,6.44,203.24
2023,4,4,14,1.26,2.52,3.32,150.27,299.9,21.59,0.53,2.7,0.55,-6.32,-2.88,3.85,59.38,0,61.56,4.84,205.24,6.1,205.09
2023,4,4,15,0.82,1.73,2.47,98.83,205.33,13.65,0.23,1.15,-0.49,-5.63,-3.06,4.09,68.25,0,61.53,4.17,205.56,5.27,205.39
2023,4,4,16,0.41,0.9,1.46,46.4,104.33,6.12,0.05,0.25,-1.56,-5.02,-3.29,4.27,78.5,0,61.52,3.24,204.65,4.12,204.43
2023,4,4,17,0.1,0.15,0.39,9.75,16.23,1.35,0.01,0.02,-2.89,-4.52,-3.7,4.46,91.75,0.08,61.51,1.95,201.63,2.62,201.52
2023,4,4,18,0,0,0,0,0,0,0,0,-4,-4.33,-4.17,4.58,100,0.07,61.5,1.08,201.57,1.71,199.76
2023,4,4,19,0,0,0,0,0,0,0,0,-4.56,-4.36,-4.45,4.52,100,0.05,61.53,1.19,201.52,2.08,200.48
2023,4,4,20,0,0,0,0,0,0,0,0,-4.83,-4.34,-4.59,4.58,100,0.04,61.56,1.41,201.86,2.51,200.58
2023,4,4,21,0,0,0,0,0,0,0,0,-5.07,-4.38,-4.72,4.52,100,0.02,61.57,1.52,204.2,2.72,202.59
2023,4,4,22,0,0,0,0,0,0,0,0,-5.2,-4.7,-4.95,4.39,100,0.02,61.57,1.38,205.11,2.49,202.47
2023,4,4,23,0,0,0,0,0,0,0,0,-5.49,-5.13,-5.31,4.27,100,0.01,61.54,1.14,204.8,2.14,201.68
2023,4,5,0,0,0,0,0,0,0,0,0,-6.26,-5.67,-5.96,4.15,100,0,61.52,0.94,200.39,1.79,197.8
2023,4,5,1,0,0,0,0,0,0,0,0,-6.74,-6.24,-6.49,3.97,100,0,61.48,0.78,189.27,1.38,187.49
2023,4,5,2,0,0,0,0,0,0,0,0,-6.89,-6.6,-6.74,3.85,100,0,61.44,0.45,173,0.72,172.57
2023,4,5,3,0,0,0,0,0,0,0,0,-7.25,-7.12,-7.19,3.72,100,0,61.42,0.24,91.85,0.42,87.88
2023,4,5,4,0,0,0,0,0,0,0,0,-7.88,-7.81,-7.85,3.54,100,0,61.43,0.54,45.59,0.97,47.29
2023,4,5,5,0.07,0.07,0.21,5.5,7.27,0.78,0,0.02,-7.98,-8.59,-8.28,3.3,100,0.01,61.47,0.79,36.98,1.36,38.71
2023,4,5,6,0.79,0.85,1.22,87.2,94.83,9.98,0.05,0.27,-5.8,-9.03,-7.42,3.17,83,0,61.52,1.56,45.2,1.97,44.52
2023,4,5,7,1.55,1.76,2.25,179.25,202.83,23.14,0.34,1.65,-3.06,-9.87,-6.46,2.87,60.38,0,61.58,0.97,57.21,1.17,57.59
2023,4,5,8,2.28,2.6,3.15,265.88,303.42,36.34,0.8,3.92,0,-11.63,-5.81,2.5,40.06,0,61.62,1.23,215.92,1.46,215.39
2023,4,5,9,2.85,3.25,3.85,336.58,379.58,47.47,1.31,6.6,2.29,-11.98,-4.85,2.38,32.31,0,61.65,2.65,217.58,3.22,217.31
2023,4,5,10,3.26,3.68,4.3,385.98,428.6,55.3,1.73,8.83,3.94,-11.66,-3.85,2.38,29.38,0,61.65,3.81,215.16,4.7,214.77
2023,4,5,11,3.31,3.84,4.48,393.33,446.17,56.68,1.85,9.48,4.94,-10.94,-2.99,2.56,29.19,0,61.63,4.92,214.07,6.17,213.69
2023,4,5,12,3.13,3.73,4.37,367.83,434.45,52.98,1.69,8.6,5.18,-9.67,-2.24,2.87,32.25,0,61.62,5.67,213.89,7.17,213.59
2023,4,5,13,2.72,3.36,3.98,321.38,392,45.96,1.34,6.8,4.33,-8.27,-1.98,3.23,38.69,0,61.61,5.83,214.84,7.4,214.55
2023,4,5,14,2.18,2.75,3.33,256.52,322.17,35.88,0.86,4.3,2.71,-6.92,-2.1,3.66,48.56,0.02,61.61,5.34,217.04,6.78,216.8
2023,4,5,15,1.53,1.96,2.48,178.5,230.08,23.84,0.4,1.98,1.46,-6.45,-2.5,3.78,55.12,0.12,61.61,4.83,219.02,6.15,218.81
2023,4,5,16,0.82,1.07,1.47,91.9,123.48,10.95,0.09,0.42,-0.2,-6.01,-3.1,3.91,64.69,0.18,61.64,4.08,218.63,5.28,218.45
2023,4,5,17,0.18,0.2,0.39,17.6,21.1,2.09,0.01,0.02,-2.2,-5.75,-3.98,4.03,78.19,0.18,61.68,2.52,215.02,3.45,214.66
2023,4,5,18,0,0,0,0,0,0,0,0,-3.96,-5.38,-4.67,4.15,93.75,0.12,61.71,1.21,209.7,2.05,206.66
2023,4,5,19,0,0,0,0,0,0,0,0,-4.7,-5.09,-4.89,4.27,100,0.06,61.75,0.98,202.48,1.68,198.1
2023,4,5,20,0,0,0,0,0,0,0,0,-5.21,-4.99,-5.1,4.27,100,0.02,61.8,0.84,190.16,1.44,186.55
2023,4,5,21,0,0,0,0,0,0,0,0,-5.63,-5.07,-5.35,4.27,100,0.02,61.82,0.8,181.11,1.36,179.67
2023,4,5,22,0,0,0,0,0,0,0,0,-5.87,-5.31,-5.59,4.21,100,0.02,61.82,0.75,177.61,1.24,177.84
2023,4,5,23,0,0,0,0,0,0,0,0,-6.02,-5.63,-5.83,4.09,100,0.01,61.82,0.65,173.81,1.05,175.31
2023,4,6,0,0,0,0,0,0,0,0,0,-6.31,-6.02,-6.17,3.97,100,0.01,61.81,0.54,168.37,0.87,170.2
2023,4,6,1,0,0,0,0,0,0,0,0,-6.56,-6.43,-6.49,3.85,100,0.01,61.8,0.4,158.4,0.63,161.34
2023,4,6,2,0,0,0,0,0,0,0,0,-6.82,-6.81,-6.81,3.78,100,0.01,61.79,0.17,95.19,0.25,95.36
2023,4,6,3,0,0,0,0,0,0,0,0,-7.43,-7.32,-7.38,3.6,100,0.01,61.77,0.44,26.57,0.81,29.54
2023,4,6,4,0,0,0,0,0,0,0,0,-8.15,-8.1,-8.13,3.42,100,0.01,61.77,0.72,20.99,1.44,24.75
2023,4,6,5,0.07,0.1,0.22,5.8,9.17,0.84,0,0.02,-8.45,-9.2,-8.82,3.05,100,0,61.8,1.11,25.48,2,26.77
2023,4,6,6,0.79,0.89,1.24,86.92,99.83,9.95,0.05,0.27,-5.77,-10.1,-7.93,2.81,74.56,0,61.85,2.37,32.07,3.09,31.88
2023,4,6,7,1.51,1.81,2.27,173.83,208.17,22.66,0.33,1.65,-2.54,-12.32,-7.43,2.32,46.19,0,61.89,1.99,39.57,2.45,40.09
2023,4,6,8,2.19,2.62,3.17,256.77,304.67,35.45,0.79,3.9,0.58,-14.34,-6.88,1.89,29.44,0,61.92,0.85,171.57,1.02,170.32
2023,4,6,9,2.8,3.27,3.86,330.52,380.23,46.8,1.31,6.65,2.58,-14.02,-5.72,1.89,25.81,0,61.94,3.14,198.75,3.84,198.62
2023,4,6,10,3.14,3.68,4.32,372.27,429.25,53.58,1.69,8.6,3.82,-13.59,-4.88,1.95,24.56,0,61.93,4.63,202.11,5.77,202.02
2023,4,6,11,2.91,3.82,4.49,346.48,445.15,50.47,1.68,8.45,4.46,-12.93,-4.24,2.14,24.94,0,61.91,5.79,204.66,7.3,204.59
2023,4,6,12,2.46,3.72,4.38,295.05,433.3,43.12,1.41,7.05,4.56,-11.81,-3.63,2.32,27.5,0,61.87,6.31,206.79,8.01,206.67
2023,4,6,13,2.25,3.36,3.99,260.9,392.25,37.98,1.13,5.77,4.23,-10.38,-3.08,2.69,32.06,0,61.83,6.29,208.16,8.01,207.99
2023,4,6,14,1.59,2.74,3.34,190,320.83,27.5,0.68,3.42,3.33,-9.1,-2.88,2.99,38.31,0.02,61.79,5.9,210.2,7.54,210.02
2023,4,6,15,1.06,1.96,2.49,124.05,228.6,17.18,0.3,1.48,2.07,-8.23,-3.08,3.23,45.12,0.03,61.79,5.24,211.77,6.73,211.51
2023,4,6,16,0.57,1.06,1.48,64.38,122.05,8.08,0.06,0.33,0.45,-7.85,-3.7,3.36,52.44,0.03,61.81,4.28,212.7,5.56,212.37
2023,4,6,17,0.15,0.2,0.4,14.48,20.9,1.81,0.01,0.02,-1.88,-7.37,-4.63,3.48,66.38,0.03,61.84,2.35,211.42,3.38,210.3
2023,4,6,18,0,0,0,0,0,0,0,0,-4.05,-7.01,-5.53,3.6,82.25,0.02,61.88,1.2,206.73,2.19,201.54
2023,4,6,19,0,0,0,0,0,0,0,0,-4.58,-7.35,-5.96,3.48,83.38,0.02,61.93,1.01,200.82,1.75,195.84
2023,4,6,20,0,0,0,0,0,0,0,0,-5.16,-7.73,-6.45,3.36,84.75,0.01,61.96,0.85,189.55,1.4,187.36
2023,4,6,21,0,0,0,0,0,0,0,0,-5.57,-7.94,-6.75,3.3,86.31,0.01,61.98,0.65,177.93,1.02,179.13
2023,4,6,22,0,0,0,0,0,0,0,0,-5.88,-8.09,-6.99,3.3,87.56,0.01,61.98,0.41,152.95,0.62,155.38
2023,4,6,23,0,0,0,0,0,0,0,0,-6.27,-8.27,-7.27,3.23,89.25,0.01,61.97,0.32,95.57,0.48,95.62
2023,4,7,0,0,0,0,0,0,0,0,0,-6.84,-8.56,-7.7,3.17,91.5,0.01,61.96,0.5,50.08,0.83,51.51
2023,4,7,1,0,0,0,0,0,0,0,0,-7.5,-9.04,-8.27,3.05,93.12,0.01,61.95,0.72,31.61,1.26,33.89
2023,4,7,2,0,0,0,0,0,0,0,0,-8.26,-9.78,-9.02,2.87,93.31,0.01,61.93,0.92,21.53,1.77,23.96
2023,4,7,3,0,0,0,0,0,0,0,0,-8.88,-10.7,-9.79,2.62,90.88,0.01,61.93,1.05,19.11,2.16,21.38
2023,4,7,4,0,0,0,0,0,0,0,0,-9.31,-11.52,-10.42,2.44,87.56,0.01,61.95,1.17,19.16,2.39,21.1
2023,4,7,5,0.1,0.11,0.23,7.58,10,0.94,0,0.02,-8.99,-12.35,-10.67,2.26,78.88,0,61.99,1.55,20.73,2.67,21.24
2023,4,7,6,0.89,0.91,1.26,98.67,102.98,11.05,0.05,0.27,-5.82,-13.05,-9.43,2.08,55.69,0,62.04,2.76,24.46,3.63,24.41
2023,4,7,7,1.77,1.83,2.29,202.62,211.48,25.9,0.35,1.77,-1.48,-12.86,-7.17,2.14,39.31,0,62.1,1.73,24.83,2.13,25.44
2023,4,7,8,2.5,2.65,3.18,290.85,307.55,39.77,0.84,4.12,1.5,-13.48,-5.99,2.01,29.56,0,62.14,0.21,220.36,0.24,218.37
2023,4,7,9,3.12,3.3,3.88,366.6,382.98,51.54,1.38,6.85,3.37,-13.04,-4.84,2.08,26.81,0,62.16,1.81,211.98,2.16,211.68
2023,4,7,10,3.67,3.73,4.33,430.85,432.5,61.44,1.84,9.35,4.8,-12.23,-3.71,2.26,26.06,0,62.15,3.02,212.95,3.66,212.64
2023,4,7,11,3.25,3.85,4.5,387.33,448.52,55.65,1.73,8.8,5.85,-11.42,-2.78,2.44,26.12,0,62.12,4.02,213.81,4.95,213.54
2023,4,7,12,3.26,3.73,4.39,387.33,436.35,55.52,1.7,8.55,6.35,-10.57,-2.11,2.62,27.25,0,62.08,4.83,215.72,6.03,215.36
2023,4,7,13,2.86,3.37,4,338.38,394,48.28,1.34,6.73,6.21,-9.64,-1.72,2.87,29.88,0,62.06,5.27,217.53,6.65,217.22
2023,4,7,14,2.41,2.77,3.35,286,324.35,39.59,0.89,4.42,5.46,-9,-1.77,2.99,33.25,0,62.05,5.17,220.65,6.57,220.28
2023,4,7,15,1.7,1.99,2.49,198.05,232.65,26.28,0.41,2.02,4.05,-8.66,-2.31,3.11,37.81,0,62.06,4.56,223.68,5.84,223.26
2023,4,7,16,0.96,1.1,1.49,108.23,126.23,12.84,0.09,0.45,2.44,-8.35,-2.95,3.17,43.56,0,62.08,3.55,224.91,4.62,224.45
2023,4,7,17,0.22,0.22,0.41,21.35,22.7,2.3,0.01,0.02,-0.04,-6.84,-3.44,3.66,59.94,0,62.1,1.66,224.62,2.57,222.04
2023,4,7,18,0,0,0,0,0,0,0,0,-1.99,-7.33,-4.66,3.48,67.25,0,62.14,1.04,210.6,1.73,208.53
2023,4,7,19,0,0,0,0,0,0,0,0,-2.44,-7.67,-5.06,3.36,67.62,0,62.18,0.75,199.57,1.17,200.38
2023,4,7,20,0,0,0,0,0,0,0,0,-3.02,-7.74,-5.38,3.36,70.44,0,62.21,0.53,190.98,0.81,192.83
2023,4,7,21,0,0,0,0,0,0,0,0,-3.3,-7.72,-5.51,3.36,72.19,0,62.22,0.42,180,0.61,183.67
2023,4,7,22,0,0,0,0,0,0,0,0,-3.63,-7.71,-5.67,3.36,74.38,0,62.22,0.33,162,0.44,167.69
2023,4,7,23,0,0,0,0,0,0,0,0,-3.93,-7.73,-5.83,3.36,76.19,0,62.2,0.24,141.63,0.31,148.3
2023,4,8,0,0,0,0,0,0,0,0,0,-4.2,-7.73,-5.96,3.36,77.94,0,62.18,0.2,108.43,0.24,110.77
2023,4,8,1,0,0,0,0,0,0,0,0,-4.56,-7.77,-6.17,3.36,80.06,0,62.16,0.19,73.07,0.26,72.65
2023,4,8,2,0,0,0,0,0,0,0,0,-4.92,-7.92,-6.42,3.3,81.56,0,62.15,0.39,31.16,0.6,30.58
2023,4,8,3,0,0,0,0,0,0,0,0,-5.44,-8.17,-6.81,3.23,83.38,0,62.15,0.67,21.8,1.09,22.71
2023,4,8,4,0,0,0,0,0,0,0,0,-6.19,-8.6,-7.39,3.11,85.81,0,62.16,0.91,19.52,1.6,21.54
2023,4,8,5,0.1,0.12,0.25,8,11.45,1,0,0.02,-6.35,-8.83,-7.59,3.05,85.56,0,62.19,0.98,18.58,1.91,20.89
2023,4,8,6,0.86,0.94,1.28,94.88,106.9,10.77,0.07,0.33,-2.97,-8.46,-5.72,3.17,66.44,0,62.23,1.96,24.43,2.59,24.56
2023,4,8,7,1.52,1.85,2.31,175.75,214.95,23.35,0.37,1.8,0.1,-9.99,-4.95,2.81,45.25,0,62.27,1.59,28.45,1.92,29.17
2023,4,8,8,2.16,2.65,3.2,255.12,310,35.76,0.84,4.23,2.7,-12.63,-4.96,2.2,29.5,0,62.3,0.51,225.62,0.6,225
2023,4,8,9,2.81,3.27,3.89,334.2,384.12,47.59,1.38,7.05,4.59,-12.99,-4.2,2.08,24.75,0,62.32,2.45,215.01,2.95,214.74
2023,4,8,10,3.15,3.73,4.34,370,434.1,53.87,1.77,9,5.87,-12.39,-3.27,2.2,23.88,0,62.31,3.45,212.72,4.22,212.45
2023,4,8,11,2.99,3.88,4.51,354.27,446.75,51.89,1.79,9.08,6.73,-11.53,-2.41,2.38,24.38,0,62.28,4.29,211.61,5.3,211.37
2023,4,8,12,2.81,3.71,4.4,335.1,432.27,48.62,1.62,8.2,7.05,-10.45,-1.7,2.62,26.31,0,62.25,4.96,211.74,6.2,211.45
2023,4,8,13,2.64,3.28,4,313.98,387.62,44.73,1.34,6.8,6.77,-9.27,-1.24,2.93,29.81,0,62.22,5.21,212.64,6.57,212.37
2023,4,8,14,1.99,2.68,3.36,239.42,317,33.62,0.84,4.25,5.65,-8.55,-1.45,3.11,34.31,0,62.19,4.73,215.87,5.97,215.52
2023,4,8,15,1.37,1.9,2.5,160.98,224.7,21.81,0.39,1.9,4.17,-8.14,-1.99,3.23,39.31,0,62.19,3.89,218.23,4.91,217.82
2023,4,8,16,0.72,1.02,1.5,81.67,119.3,10.01,0.09,0.42,2.69,-7.95,-2.63,3.3,44.44,0,62.19,2.98,219.15,3.82,218.77
2023,4,8,17,0.15,0.19,0.42,14.92,20.88,1.81,0.01,0.02,0.43,-6.41,-2.99,3.78,60.19,0,62.2,1.46,219.81,2.25,217.67
2023,4,8,18,0,0,0,0,0,0,0,0,-1.45,-6.66,-4.06,3.72,68.12,0,62.23,0.99,212.44,1.61,210.54
2023,4,8,19,0,0,0,0,0,0,0,0,-2.01,-6.83,-4.42,3.66,70.19,0,62.28,0.77,204.73,1.2,205.06
2023,4,8,20,0,0,0,0,0,0,0,0,-2.71,-6.81,-4.76,3.66,74.62,0,62.32,0.67,195.67,1.02,196.07
2023,4,8,21,0,0,0,0,0,0,0,0,-3.15,-6.61,-4.88,3.72,78.75,0,62.34,0.55,180,0.79,181.13
2023,4,8,22,0,0,0,0,0,0,0,0,-3.51,-6.45,-4.99,3.72,82.06,0,62.33,0.4,145.38,0.55,147.22
2023,4,8,23,0,0,0,0,0,0,0,0,-4.1,-6.49,-5.29,3.72,86.06,0,62.31,0.39,99.27,0.56,99.59
2023,4,9,0,0,0,0,0,0,0,0,0,-4.57,-6.61,-5.6,3.72,88.75,0,62.28,0.43,83.77,0.65,82.45
2023,4,9,1,0,0,0,0,0,0,0,0,-4.75,-6.67,-5.71,3.66,89.88,0,62.25,0.42,88.94,0.65,87.93
2023,4,9,2,0,0,0,0,0,0,0,0,-4.75,-6.63,-5.69,3.72,90.25,0,62.22,0.37,87.56,0.57,86.08
2023,4,9,3,0,0,0,0,0,0,0,0,-4.7,-6.61,-5.66,3.72,90.12,0,62.21,0.34,75.32,0.52,75.12
2023,4,9,4,0,0,0,0,0,0,0,0,-4.77,-6.63,-5.7,3.72,90.5,0,62.22,0.39,61.39,0.61,59.8
2023,4,9,5,0.11,0.11,0.26,9.55,10.77,1.17,0,0.02,-4.69,-6.6,-5.64,3.72,90.31,0,62.24,0.41,50.48,0.71,49.47
2023,4,9,6,0.88,0.88,1.3,98.98,101.42,11.09,0.07,0.33,-2.56,-6.29,-4.42,3.85,77.25,0,62.27,0.6,51.34,0.76,50.88
2023,4,9,7,1.65,1.78,2.32,192.23,209.5,24.53,0.36,1.83,-0.31,-7.42,-3.86,3.48,58.25,0,62.29,0.45,116.57,0.53,115.43
2023,4,9,8,2.42,2.58,3.21,288.15,306.38,39.18,0.88,4.33,1.84,-9.08,-3.62,2.99,42.94,0,62.3,1.29,152.97,1.52,152.38
2023,4,9,9,2.97,3.22,3.9,355.67,381.9,49.8,1.4,7.02,3.51,-9.47,-2.98,2.87,36.62,0,62.28,2.11,171.9,2.5,171.57
2023,4,9,10,3.38,3.63,4.35,405.35,430.85,57.8,1.84,9.33,4.83,-9.15,-2.16,2.99,34.31,0,62.25,2.77,188.93,3.32,188.8
2023,4,9,11,2.95,3.72,4.52,357.35,439.67,51.02,1.68,8.52,5.65,-8.63,-1.49,3.11,33.88,0,62.2,3.34,201.83,4.04,201.66
2023,4,9,12,2.44,3.6,4.4,296.67,426.35,42.69,1.4,7.02,5.75,-8.2,-1.22,3.23,35,0,62.15,3.73,210.22,4.56,210.04
2023,4,9,13,1.92,3.23,4.01,231.9,384,33.62,1.01,5.1,5.24,-7.82,-1.29,3.36,37.5,0,62.1,3.96,216.26,4.89,215.97
2023,4,9,14,1.88,2.66,3.36,220.77,315.8,31.16,0.77,3.95,4.36,-7.42,-1.53,3.48,41.31,0.01,62.07,3.87,221.73,4.84,221.33
2023,4,9,15,1.27,1.88,2.51,147.33,223.67,20.15,0.35,1.75,3.11,-7.06,-1.98,3.6,46.56,0.01,62.05,3.57,226.06,4.51,225.56
2023,4,9,16,0.49,1.01,1.51,56.02,118.23,7.89,0.07,0.35,1.7,-6.81,-2.55,3.66,52.62,0.01,62.05,3,230.18,3.85,229.69
2023,4,9,17,0.09,0.19,0.43,9.45,20.65,1.34,0.01,0.02,0.08,-6.17,-3.04,3.85,62.62,0,62.05,1.76,233.28,2.53,232.03
2023,4,9,18,0,0,0,0,0,0,0,0,-1.77,-5.85,-3.81,3.97,74.88,0,62.06,0.96,229.96,1.74,227.19
2023,4,9,19,0,0,0,0,0,0,0,0,-2.54,-6.52,-4.53,3.72,75.19,0,62.08,0.85,225,1.43,224.78
2023,4,9,20,0,0,0,0,0,0,0,0,-3.18,-6.83,-5,3.6,77.12,0,62.1,0.73,218.09,1.17,219.85
2023,4,9,21,0,0,0,0,0,0,0,0,-3.77,-6.89,-5.33,3.6,80.62,0,62.1,0.54,214.38,0.82,217.64
2023,4,9,22,0,0,0,0,0,0,0,0,-4.1,-6.98,-5.54,3.6,82.38,0,62.08,0.28,207.98,0.4,221.08
2023,4,9,23,0,0,0,0,0,0,0,0,-4.56,-7.11,-5.84,3.54,84.94,0,62.05,0.09,24.44,0.16,348.69
2023,4,10,0,0,0,0,0,0,0,0,0,-5.19,-7.27,-6.24,3.54,88.56,0,62.01,0.41,15.35,0.63,9.23
2023,4,10,1,0,0,0,0,0,0,0,0,-5.55,-7.47,-6.51,3.48,90,0,61.98,0.62,10.18,0.95,9.46
2023,4,10,2,0,0,0,0,0,0,0,0,-5.83,-7.7,-6.76,3.42,90.44,0,61.95,0.76,9.46,1.2,10.14
2023,4,10,3,0,0,0,0,0,0,0,0,-6.1,-7.99,-7.05,3.3,90.44,0,61.94,0.87,9.8,1.43,11
2023,4,10,4,0,0,0,0,0,0,0,0,-6.22,-8.3,-7.26,3.23,89.12,0,61.94,0.95,10.47,1.65,12.26
2023,4,10,5,0.11,0.12,0.27,9.85,12.2,1.2,0,0.02,-5.95,-8.39,-7.17,3.23,86.44,0,61.96,0.94,11.5,1.75,13.42
2023,4,10,6,0.91,0.91,1.32,104.67,106.8,11.68,0.07,0.35,-2.6,-8.21,-5.4,3.23,65.81,0,62,1.73,16.55,2.22,16.39
2023,4,10,7,1.81,1.81,2.34,212.27,214.77,27.01,0.41,2.02,0.79,-9,-4.11,3.05,47.12,0,62.05,1.14,7.47,1.36,7.94
2023,4,10,8,2.44,2.61,3.23,291.7,310.55,39.85,0.91,4.48,3.59,-10.48,-3.45,2.69,33.88,0,62.1,0.81,205.58,0.98,205.13
2023,4,10,9,3.11,3.24,3.92,372.23,385.38,52.16,1.48,7.48,5.44,-10.27,-2.42,2.75,30.19,0,62.12,2.34,200.49,2.84,200.13
2023,4,10,10,3.13,3.66,4.36,373.75,432.95,53.57,1.71,8.75,6.73,-9.33,-1.3,2.93,29.81,0,62.11,3.33,201.63,4.07,201.5
2023,4,10,11,3.09,3.81,4.53,372.48,449.15,54.18,1.8,9.17,7.46,-8.43,-0.49,3.17,30.62,0,62.07,4.32,205.59,5.36,205.37
2023,4,10,12,3.13,3.69,4.41,376.95,436.35,54.15,1.75,8.92,6.97,-7.38,-0.2,3.48,34.62,0,62.04,5,210.61,6.27,210.36
2023,4,10,13,2.67,3.33,4.02,320.08,393.52,45.72,1.35,6.85,5.7,-6.45,-0.38,3.78,40.75,0,62.01,5.07,213.57,6.42,213.28
2023,4,10,14,2.16,2.73,3.37,258.2,323.33,36.16,0.88,4.45,4.06,-5.81,-0.88,3.97,48.25,0,62,4.67,216.64,5.94,216.28
2023,4,10,15,1.55,1.96,2.52,183.23,231.42,24.65,0.43,2.1,2.4,-5.24,-1.42,4.15,56.75,0,62,3.99,216.4,5.09,215.94
2023,4,10,16,0.84,1.07,1.52,95.8,125.33,11.67,0.09,0.48,0.94,-4.81,-1.94,4.27,65.19,0,62.02,3.14,214.36,4.03,213.94
2023,4,10,17,0.2,0.22,0.44,20.6,23.45,2.37,0.01,0.02,-0.25,-4.58,-2.42,4.39,72.56,0,62.05,2.17,211.18,2.87,210.62
2023,4,10,18,0,0,0,0,0,0,0,0,-1.42,-4.07,-2.75,4.58,83.38,0,62.08,0.96,215.11,1.54,210.21
2023,4,10,19,0,0,0,0,0,0,0,0,-2.02,-4.31,-3.17,4.46,85.81,0,62.11,0.76,208.42,1.2,201.87
2023,4,10,20,0,0,0,0,0,0,0,0,-2.7,-4.5,-3.6,4.39,89.38,0,62.14,0.82,196.7,1.27,191.73
2023,4,10,21,0,0,0,0,0,0,0,0,-3.32,-4.58,-3.95,4.33,93.5,0,62.15,0.89,191.11,1.35,187.99
2023,4,10,22,0,0,0,0,0,0,0,0,-3.75,-4.68,-4.21,4.33,96.19,0,62.13,0.86,188.35,1.28,186.3
2023,4,10,23,0,0,0,0,0,0,0,0,-4.1,-4.77,-4.44,4.27,98.38,0,62.11,0.79,186.28,1.18,184.92
2023,4,11,0,0,0,0,0,0,0,0,0,-4.27,-4.85,-4.56,4.27,99.12,0,62.09,0.67,182,1.03,181.74
2023,4,11,1,0,0,0,0,0,0,0,0,-4.38,-4.97,-4.67,4.21,99.19,0,62.06,0.51,172.12,0.79,173.78
2023,4,11,2,0,0,0,0,0,0,0,0,-4.6,-5.12,-4.85,4.15,99.75,0,62.03,0.25,106.19,0.35,112.52
2023,4,11,3,0,0,0,0,0,0,0,0,-5.02,-5.36,-5.2,4.09,100,0,62,0.54,31.39,0.85,29.61
2023,4,11,4,0,0,0,0,0,0,0,0,-5.46,-5.71,-5.59,3.97,100,0,61.98,0.82,18.26,1.43,19.42
2023,4,11,5,0.12,0.14,0.29,10.85,13.42,1.29,0,0.02,-5.1,-6.04,-5.57,3.91,96.94,0,61.98,0.9,16.7,1.71,18.35
2023,4,11,6,0.96,0.96,1.33,108.05,110.1,12.04,0.07,0.35,-1.38,-6.2,-3.79,3.85,70.19,0,62.01,1.74,21.95,2.22,21.88
2023,4,11,7,1.69,1.86,2.36,195.88,217.55,25.17,0.37,1.83,2.15,-7.74,-2.8,3.42,47.56,0,62.05,1.34,34.53,1.59,34.78
2023,4,11,8,2.41,2.65,3.24,285.8,312.7,39.16,0.86,4.23,4.84,-8.74,-1.95,3.11,36.06,0,62.09,0.88,138.96,1.05,139.81
2023,4,11,9,2.99,3.28,3.93,357.98,386.98,50.34,1.38,6.9,6.77,-8.78,-1.01,3.11,31.25,0,62.12,2.44,183.85,2.96,183.78
2023,4,11,10,3.27,3.68,4.37,393.08,434.92,56.3,1.73,8.83,8.12,-8.25,-0.06,3.23,29.69,0,62.13,3.57,195.22,4.38,195.2
2023,4,11,11,3.36,3.81,4.54,407.95,448.6,58.21,1.86,9.52,8.69,-7.72,0.48,3.36,29.81,0,62.1,4.4,201.37,5.44,201.37
2023,4,11,12,3.23,3.7,4.42,388.77,436.15,55.75,1.73,8.83,8.26,-6.97,0.65,3.6,32.62,0,62.09,4.92,207.34,6.16,207.31
2023,4,11,13,2.97,3.33,4.02,353.95,393.23,50.07,1.41,7.12,7.45,-6.26,0.59,3.78,36.56,0,62.07,4.93,210.14,6.21,210.11
2023,4,11,14,2.43,2.73,3.38,290.55,322.98,40.01,0.92,4.6,6.44,-5.67,0.38,3.97,41.12,0,62.05,4.85,213.36,6.13,213.2
2023,4,11,15,1.73,1.95,2.53,203.55,230.85,26.83,0.43,2.15,5.08,-5.27,-0.1,4.09,46.69,0,62.05,4.65,217.22,5.93,217.08
2023,4,11,16,0.95,1.06,1.52,108.75,124.75,12.84,0.09,0.48,3.37,-5.03,-0.83,4.21,53.62,0,62.07,4,218.66,5.18,218.44
2023,4,11,17,0.22,0.22,0.45,22.52,23.42,2.5,0.01,0.02,1.39,-4.5,-1.56,4.39,64.5,0,62.1,2.42,218.05,3.38,217
2023,4,11,18,0,0,0,0,0,0,0,0,-0.73,-4.14,-2.43,4.52,78,0,62.13,1.37,215.05,2.33,210.01
2023,4,11,19,0,0,0,0,0,0,0,0,-1.36,-4.52,-2.94,4.39,79.69,0,62.17,1.26,208.95,2.03,203.9
2023,4,11,20,0,0,0,0,0,0,0,0,-1.99,-4.77,-3.38,4.27,82.12,0,62.2,1.14,195.46,1.76,190.76
2023,4,11,21,0,0,0,0,0,0,0,0,-2.55,-4.83,-3.69,4.27,85.69,0,62.21,1.1,186.52,1.67,182.68
2023,4,11,22,0,0,0,0,0,0,0,0,-3.1,-4.9,-3.99,4.21,89.19,0,62.2,1.01,178.22,1.55,174.81
2023,4,11,23,0,0,0,0,0,0,0,0,-3.55,-5.02,-4.28,4.21,91.81,0,62.16,0.89,171.37,1.38,168.56
2023,4,12,0,0,0,0,0,0,0,0,0,-3.73,-5.1,-4.42,4.15,92.69,0,62.12,0.79,166.79,1.24,165
2023,4,12,1,0,0,0,0,0,0,0,0,-3.81,-5.06,-4.44,4.21,93.69,0,62.09,0.75,169.75,1.19,169.43
2023,4,12,2,0,0,0,0,0,0,0,0,-3.75,-4.99,-4.37,4.21,93.88,0,62.07,0.56,167.12,0.88,170.29
2023,4,12,3,0,0,0,0,0,0,0,0,-3.79,-4.96,-4.38,4.21,94.38,0,62.06,0.31,151.5,0.46,161.26
2023,4,12,4,0,0,0,0,0,0,0,0,-4.09,-5.01,-4.55,4.21,96.5,0,62.07,0.16,75.96,0.18,72.35
2023,4,12,5,0.12,0.12,0.3,10.45,12.6,1.3,0,0.02,-3.78,-5.02,-4.41,4.21,93.94,0,62.09,0.38,29.17,0.63,27.53
2023,4,12,6,0.88,0.91,1.35,98.95,103.45,11.29,0.07,0.35,-1.04,-4.86,-2.95,4.27,76,0,62.11,0.82,30.96,1.03,31.41
2023,4,12,7,1.65,1.79,2.37,191.75,209.65,24.5,0.36,1.8,1.83,-6.1,-2.13,3.91,55.62,0,62.12,0.42,41.19,0.49,43.07
2023,4,12,8,2.34,2.59,3.26,277.7,305.3,37.6,0.83,4.1,4.47,-7.78,-1.66,3.36,39.81,0,62.15,1.08,218.53,1.27,218.28
2023,4,12,9,2.92,3.22,3.94,349.12,380.23,48.62,1.34,6.75,6.59,-8.26,-0.84,3.23,32.81,0,62.15,2.48,217.95,2.99,217.56
2023,4,12,10,3.17,3.63,4.38,379.52,428.42,54.04,1.67,8.5,8.12,-8.05,0.04,3.23,30.06,0,62.14,3.49,216.9,4.28,216.39
2023,4,12,11,3.23,3.75,4.55,391,441.2,55.48,1.78,9.05,9.07,-7.57,0.75,3.42,29.38,0,62.11,4.33,216.85,5.36,216.35
2023,4,12,12,3.08,3.64,4.43,370.95,430.08,52.6,1.64,8.35,9.3,-6.92,1.19,3.6,30.62,0,62.08,4.94,217.99,6.22,217.55
2023,4,12,13,2.78,3.28,4.03,332.05,388.23,46.6,1.34,6.75,8.5,-6.16,1.17,3.85,34.5,0,62.06,5.13,220.06,6.5,219.64
2023,4,12,14,2.34,2.69,3.39,279.52,318.75,38.22,0.9,4.5,7.07,-5.48,0.8,4.09,40.19,0,62.06,4.76,222.27,6.05,221.86
2023,4,12,15,1.64,1.92,2.53,192.7,227.23,25.34,0.41,2.08,5.72,-4.84,0.44,4.27,46.5,0,62.07,4.13,221.08,5.26,220.72
2023,4,12,16,0.87,1.05,1.53,98.33,121.98,11.79,0.09,0.45,4.12,-4.38,-0.13,4.46,53.81,0,62.08,3.28,219.39,4.21,218.83
2023,4,12,17,0.21,0.22,0.46,21.42,23.02,2.45,0.01,0.02,2.16,-3.52,-0.68,4.76,66.44,0,62.12,1.87,218.21,2.63,216.9
2023,4,12,18,0,0,0,0,0,0,0,0,0.42,-2.93,-1.26,5,78.69,0,62.15,1.05,218.33,1.73,213.4
2023,4,12,19,0,0,0,0,0,0,0,0,-0.05,-3.01,-1.53,4.94,80.94,0,62.19,0.92,211.8,1.46,206.29
2023,4,12,20,0,0,0,0,0,0,0,0,-0.59,-2.98,-1.78,4.94,84.81,0,62.23,0.94,202.95,1.54,197.7
2023,4,12,21,0,0,0,0,0,0,0,0,-1.06,-2.8,-1.92,5,89.25,0,62.23,1,196.74,1.64,192.11
2023,4,12,22,0,0,0,0,0,0,0,0,-1.5,-2.68,-2.09,5.07,93.38,0,62.23,0.96,191.77,1.58,187.09
2023,4,12,23,0,0,0,0,0,0,0,0,-2.06,-2.66,-2.36,5.07,97.88,0,62.2,0.85,185.29,1.42,180.63
2023,4,13,0,0,0,0,0,0,0,0,0,-2.4,-2.7,-2.56,5.07,100,0,62.16,0.76,175.87,1.31,172.83
2023,4,13,1,0,0,0,0,0,0,0,0,-2.44,-2.76,-2.6,5,100,0,62.13,0.68,168.82,1.15,167.47
2023,4,13,2,0,0,0,0,0,0,0,0,-2.45,-2.83,-2.64,5,99.94,0,62.1,0.54,151.59,0.88,150.26
2023,4,13,3,0,0,0,0,0,0,0,0,-2.51,-2.96,-2.74,4.94,99.31,0,62.08,0.45,122.86,0.72,121.61
2023,4,13,4,0,0,0,0,0,0,0,0,-2.56,-3.12,-2.84,4.88,98.56,0,62.08,0.42,96.34,0.66,94.09
2023,4,13,5,0.12,0.14,0.32,11.55,14.45,1.43,0.01,0.02,-2.42,-3.23,-2.82,4.88,96.62,0,62.11,0.36,61.19,0.6,58.39
2023,4,13,6,0.88,0.94,1.37,100.8,109.65,11.6,0.08,0.4,-1,-3.24,-2.13,4.82,85.88,0,62.15,0.64,31.56,0.82,32.18
2023,4,13,7,1.7,1.83,2.39,199.12,216.8,25.62,0.4,1.98,1.1,-3.82,-1.36,4.7,70.44,0,62.18,0.91,45.35,1.07,45.59
2023,4,13,8,2.61,2.62,3.27,310.85,311.98,41.94,0.96,4.7,3.46,-5.06,-0.81,4.27,54.12,0,62.21,0.99,92.27,1.15,92.34
2023,4,13,9,3.04,3.25,3.95,362.8,385.92,50.84,1.45,7.33,5.89,-5.75,0.07,4.03,43,0,62.23,1.6,155.19,1.9,155.44
2023,4,13,10,3.27,3.65,4.39,393.95,433.6,56.16,1.8,9.23,7.46,-5.43,1.01,4.09,39.38,0,62.21,2.33,183.84,2.8,184.17
2023,4,13,11,3.29,3.72,4.56,398.15,440.48,56.18,1.84,9.5,7.7,-4.9,1.4,4.27,40.31,0,62.17,2.84,199.63,3.44,199.92
2023,4,13,12,2.95,3.6,4.44,358.55,427.52,50.71,1.63,8.3,7.3,-4.38,1.46,4.46,43.19,0,62.12,3.27,209.93,4.03,210.14
2023,4,13,13,2.74,3.23,4.04,329.85,385.02,46.16,1.34,6.8,6.57,-3.82,1.37,4.64,47.38,0,62.08,3.68,217.84,4.59,217.75
2023,4,13,14,2.12,2.64,3.39,255.38,315.27,35.05,0.85,4.27,5.55,-3.49,1.04,4.76,52.06,0,62.07,3.6,223.68,4.53,223.32
2023,4,13,15,1.52,1.88,2.54,181.83,223.92,24.03,0.41,2.05,4.49,-3.35,0.57,4.82,56.62,0,62.08,3.08,225.93,3.9,225.32
2023,4,13,16,0.83,1.02,1.54,96.25,119.85,11.63,0.09,0.48,3.36,-3.28,0.04,4.82,61.75,0,62.11,2.35,228.1,3.01,227.32
2023,4,13,17,0.21,0.21,0.47,22.35,22.98,2.58,0.01,0.02,2.01,-2.88,-0.43,5,70.19,0,62.15,1.23,235.6,1.68,232.54
2023,4,13,18,0,0,0,0,0,0,0,0,0.85,-2.31,-0.73,5.19,79.94,0,62.17,0.36,280.08,0.55,250.79
2023,4,13,19,0,0,0,0,0,0,0,0,0.41,-2.51,-1.05,5.13,81.31,0,62.21,0.17,351.87,0.1,4.4
2023,4,13,20,0,0,0,0,0,0,0,0,-0.01,-2.63,-1.32,5.07,83,0,62.21,0.09,114.44,0.18,126.38
2023,4,13,21,0,0,0,0,0,0,0,0,-0.66,-2.79,-1.72,5,86.5,0,62.21,0.28,199.44,0.53,198.97
2023,4,13,22,0,0,0,0,0,0,0,0,-1.33,-3.05,-2.19,4.94,89.81,0,62.22,0.4,221.82,0.7,220.95
2023,4,13,23,0,0,0,0,0,0,0,0,-1.56,-3.09,-2.32,4.94,91.25,0,62.22,0.35,241.7,0.57,245.56
2023,4,14,0,0,0,0,0,0,0,0,0,-1.67,-3.1,-2.38,4.88,92,0,62.19,0.26,319.97,0.44,312.83
2023,4,14,1,0,0,0,0,0,0,0,0,-1.99,-3.2,-2.59,4.88,93.62,0,62.17,0.46,0,0.77,358.25
2023,4,14,2,0,0,0,0,0,0,0,0,-2.37,-3.42,-2.9,4.76,95,0,62.13,0.68,9.25,1.2,9.4
2023,4,14,3,0,0,0,0,0,0,0,0,-2.91,-3.84,-3.38,4.64,96.19,0,62.11,0.89,12.69,1.49,12.43
2023,4,14,4,0,0,0,0,0,0,0,0,-3.01,-4.29,-3.65,4.46,93.56,0,62.11,0.96,14.15,1.55,14.04
2023,4,14,5,0.14,0.15,0.33,12.77,15.83,1.51,0.01,0.02,-2.47,-4.67,-3.57,4.33,86.75,0,62.14,0.93,14.15,1.53,14.18
2023,4,14,6,0.97,0.97,1.39,111.77,114.05,12.63,0.08,0.4,0.98,-4.38,-1.7,4.46,67.44,0,62.18,1.18,14.13,1.56,14.52
2023,4,14,7,1.79,1.87,2.4,210.8,222.1,27.3,0.41,2.05,4.48,-5.39,-0.46,4.15,48.94,0,62.22,0.43,22.38,0.5,22.14
2023,4,14,8,2.59,2.66,3.28,309.62,317.52,42.36,0.95,4.65,7.23,-6.38,0.42,3.78,37.44,0,62.25,1.21,183.34,1.45,183.4
2023,4,14,9,3.12,3.28,3.96,374.38,391.2,52.75,1.47,7.35,9.14,-6.28,1.43,3.85,33,0,62.27,2.35,198.98,2.85,198.88
2023,4,14,10,3.49,3.69,4.4,420.85,439.08,60.4,1.89,9.6,10.49,-5.74,2.37,3.97,31.38,0,62.26,3.21,205.69,3.93,205.55
2023,4,14,11,3.5,3.76,4.56,424.08,446.5,60.18,1.94,9.85,11.18,-5.29,2.94,4.15,31.12,0,62.23,3.93,208.6,4.87,208.25
2023,4,14,12,3.26,3.63,4.44,396.12,432.85,56.05,1.75,8.9,10.83,-4.75,3.04,4.33,33.25,0,62.2,4.34,209.57,5.42,209.22
2023,4,14,13,2.73,3.24,4.05,328.7,388.95,46.55,1.32,6.67,9.4,-4.06,2.67,4.58,38.75,0,62.18,4.31,210.29,5.44,209.92
2023,4,14,14,2.19,2.65,3.4,265.65,318.45,36.55,0.85,4.25,7.69,-3.01,2.34,5,47.25,0,62.18,3.99,209.73,5.07,209.37
2023,4,14,15,1.54,1.89,2.55,184.75,226.6,24.45,0.41,2,5.83,-1.92,1.96,5.43,58.31,0,62.2,3.41,209.32,4.35,209
2023,4,14,16,0.79,1.02,1.55,92.62,121.9,11.13,0.09,0.45,4.21,-1.1,1.55,5.74,69.38,0,62.22,2.62,211.08,3.34,210.83
2023,4,14,17,0.2,0.21,0.47,21.48,23.75,2.51,0.01,0.02,2.94,-0.49,1.23,5.98,79.12,0,62.22,1.69,210.96,2.21,211
2023,4,14,18,0,0,0,0,0,0,0,0,1.9,0.02,0.96,6.23,88.25,0,62.23,0.81,211.25,1.32,209.45
2023,4,14,19,0,0,0,0,0,0,0,0,1.58,0.22,0.9,6.29,91.5,0,62.27,0.77,212.07,1.25,210.41
2023,4,14,20,0,0,0,0,0,0,0,0,1.47,0.27,0.87,6.29,92.56,0,62.3,0.72,209.36,1.03,208.12
2023,4,14,21,0,0,0,0,0,0,0,0,1.36,0.21,0.79,6.29,92.88,0,62.3,0.62,215.71,0.8,215.86
2023,4,14,22,0,0,0,0,0,0,0,0,1.29,0.1,0.69,6.23,92.69,0,62.3,0.42,221.19,0.51,223.15
2023,4,14,23,0,0,0,0,0,0,0,0,0.98,-0.1,0.44,6.16,93.56,0,62.29,0.17,243.43,0.18,260.13
2023,4,15,0,0,0,0,0,0,0,0,0,0.66,-0.32,0.17,6.04,94.44,0,62.26,0.09,340.02,0.24,5.53
2023,4,15,1,0,0,0,0,0,0,0,0,0.55,-0.49,0.03,5.98,94,0,62.25,0.14,103.24,0.25,81.12
2023,4,15,2,0,0,0,0,0,0,0,0,0.51,-0.54,-0.02,5.98,94,0,62.23,0.27,152.7,0.37,140.96
2023,4,15,3,0,0,0,0,0,0,0,0,0.58,-0.48,0.05,5.98,93.81,0,62.22,0.47,181.91,0.63,177.88
2023,4,15,4,0,0,0,0,0,0,0,0,0.34,-0.43,-0.04,5.98,95.56,0,62.23,0.7,190.93,1.02,189.25
2023,4,15,5,0.12,0.14,0.35,11.55,15.02,1.52,0.01,0.02,0.01,-0.56,-0.27,5.92,96.69,0,62.26,0.83,196.91,1.36,194.59
2023,4,15,6,0.81,0.92,1.41,92.52,108.45,11.39,0.08,0.38,1.12,-0.85,0.14,5.8,87.5,0,62.31,1.72,191.82,2.16,191.88
2023,4,15,7,1.54,1.8,2.42,182.58,215.15,23.88,0.36,1.77,2.61,-2.16,0.23,5.31,71.69,0,62.34,2.2,200.1,2.7,200.17
2023,4,15,8,2.28,2.58,3.3,275.52,310.85,37.73,0.84,4.15,4.4,-3.81,0.3,4.64,55.69,0,62.37,2.69,196.86,3.27,196.79
2023,4,15,9,2.89,3.2,3.97,348.77,385.52,49.02,1.34,6.77,5.93,-4.9,0.51,4.27,45.81,0,62.38,3.37,199.23,4.12,199.05
2023,4,15,10,3.02,3.61,4.41,370.58,433.48,53,1.63,8.25,7.09,-4.85,1.12,4.27,42.44,0,62.36,4.03,201.74,4.95,201.58
2023,4,15,11,2.82,3.68,4.57,344.8,438.02,48.94,1.56,7.88,7.47,-4.58,1.44,4.39,42.19,0,62.32,4.62,203.96,5.72,203.84
2023,4,15,12,2.48,3.57,4.45,303.42,425.85,43.4,1.35,6.83,7.26,-4.27,1.49,4.46,43.75,0,62.27,5.01,207.6,6.27,207.56
2023,4,15,13,2.33,3.21,4.05,283.9,383.17,40.11,1.15,5.8,6.83,-3.91,1.46,4.58,46.25,0,62.22,5.19,211.2,6.53,211.1
2023,4,15,14,1.95,2.62,3.41,234.38,313.08,32.51,0.78,3.92,6.19,-3.85,1.17,4.64,48.56,0,62.17,5.13,213.13,6.51,213
2023,4,15,15,1.23,1.86,2.55,146.65,222.1,19.8,0.34,1.67,5.17,-3.52,0.83,4.76,53.44,0,62.15,4.82,213.23,6.16,212.98
2023,4,15,16,0.69,1.01,1.56,79.38,118.42,9.83,0.08,0.4,3.37,-2.45,0.46,5.13,66.06,0,62.15,3.94,211.7,5.08,211.34
2023,4,15,17,0.19,0.21,0.48,19.5,23.2,2.34,0.01,0.02,1.49,-1.55,-0.03,5.55,80.88,0,62.17,2.68,206.86,3.51,206.28
2023,4,15,18,0,0,0,0,0,0,0,0,-0.14,-1.22,-0.68,5.68,93.44,0,62.2,1.62,192.23,2.12,192.14
2023,4,15,19,0,0,0,0,0,0,0,0,-0.43,-1.32,-0.88,5.62,94.88,0,62.22,1.55,177.69,2.02,178.01
2023,4,15,20,0,0,0,0,0,0,0,0,-0.55,-1.3,-0.92,5.62,95.81,0,62.24,1.85,176.86,2.46,177.27
2023,4,15,21,0,0,0,0,0,0,0,0,-0.77,-1.31,-1.04,5.62,97.44,0,62.25,2.12,181.69,2.86,182.35
2023,4,15,22,0,0,0,0,0,0,0,0,-0.95,-1.29,-1.12,5.62,99,0,62.25,1.98,187.71,2.75,187.67
2023,4,15,23,0,0,0,0,0,0,0,0,-0.98,-1.24,-1.1,5.62,99.81,0,62.23,1.44,193.81,2.15,191.72
2023,4,16,0,0,0,0,0,0,0,0,0,-1.33,-1.31,-1.32,5.62,100,0,62.19,1.34,196.64,2.1,191.6
2023,4,16,1,0,0,0,0,0,0,0,0,-1.53,-1.57,-1.55,5.49,100,0,62.16,1.25,199.8,1.82,194.93
2023,4,16,2,0,0,0,0,0,0,0,0,-1.7,-2.02,-1.87,5.37,100,0,62.13,0.85,205.62,1.12,202.47
2023,4,16,3,0,0,0,0,0,0,0,0,-2.28,-2.51,-2.39,5.13,100,0,62.11,0.22,214.82,0.18,199.98
2023,4,16,4,0,0,0,0,0,0,0,0,-3.15,-3.02,-3.09,4.94,100,0,62.1,0.3,19.86,0.6,25.56
2023,4,16,5,0.13,0.14,0.36,12.42,15.27,1.59,0.01,0.02,-3.26,-3.46,-3.36,4.76,100,0,62.11,0.5,15.33,0.96,19.9
2023,4,16,6,0.95,0.94,1.42,108.48,109.73,12.38,0.09,0.45,-0.33,-3.97,-2.15,4.58,76.75,0,62.12,1.15,25.35,1.44,26.43
2023,4,16,7,1.8,1.78,2.43,209.62,210.4,26.51,0.42,2.1,2.69,-5,-1.16,4.21,56.81,0,62.14,0.66,63.43,0.8,64.68
2023,4,16,8,2.58,2.58,3.31,307.52,306.52,41.12,0.96,4.75,5.35,-5.83,-0.24,3.97,43.94,0,62.15,1.25,180.36,1.49,179.7
2023,4,16,9,3.18,3.2,3.98,380.92,381.65,52.62,1.52,7.73,7.47,-5.92,0.77,3.91,37.62,0,62.16,2.67,200.03,3.23,199.92
2023,4,16,10,3.47,3.61,4.42,421.27,430.27,59.3,1.92,9.95,8.94,-5.66,1.65,3.97,34.75,0,62.13,3.7,206.08,4.54,205.82
2023,4,16,11,3.56,3.72,4.58,431.8,442.45,60.55,2.02,10.58,9.65,-5.18,2.23,4.15,34.44,0,62.1,4.47,209.21,5.56,209.02
2023,4,16,12,3.22,3.6,4.46,388.9,428.77,54.88,1.79,9.27,9.44,-4.5,2.47,4.39,36.81,0,62.07,4.87,212.21,6.1,211.96
2023,4,16,13,2.93,3.22,4.06,353.9,384.4,49.07,1.46,7.42,8.71,-4.02,2.34,4.58,40.25,0,62.04,4.96,216.22,6.24,215.98
2023,4,16,14,2.37,2.63,3.41,285.55,313.5,38.72,0.95,4.8,7.67,-3.75,1.96,4.64,44.06,0,62.02,4.78,220.43,6.06,220.14
2023,4,16,15,1.63,1.86,2.56,193.45,221.62,25.2,0.44,2.17,6.32,-3.6,1.37,4.7,48.94,0,62.02,4.35,222.89,5.53,222.65
2023,4,16,16,0.91,1,1.57,105,117.85,12.5,0.11,0.55,4.83,-3.5,0.66,4.76,54.62,0,62.04,3.66,224.4,4.7,224.12
2023,4,16,17,0.21,0.21,0.49,22.48,23.48,2.69,0.01,0.02,3.05,-3.06,0,4.88,64.19,0,62.06,2.36,223.26,3.21,222.54
2023,4,16,18,0,0,0,0,0,0,0,0,1.05,-2.47,-0.7,5.13,77.5,0,62.1,1.15,221.15,2.02,217.76
2023,4,16,19,0,0,0,0,0,0,0,0,0.37,-2.67,-1.15,5.07,80.06,0,62.13,1.05,217.72,1.74,214.05
2023,4,16,20,0,0,0,0,0,0,0,0,-0.25,-2.86,-1.56,4.94,82.75,0,62.16,1.05,211.33,1.64,207.91
2023,4,16,21,0,0,0,0,0,0,0,0,-0.7,-2.87,-1.78,4.94,85.81,0,62.17,1.07,208.24,1.6,205.69
2023,4,16,22,0,0,0,0,0,0,0,0,-1.03,-2.84,-1.94,5,88.38,0,62.15,1.08,207.68,1.56,205.28
2023,4,16,23,0,0,0,0,0,0,0,0,-1.36,-2.82,-2.1,5,90.88,0,62.13,1.07,208.44,1.51,206.7
2023,4,17,0,0,0,0,0,0,0,0,0,-1.7,-2.84,-2.27,5,93.38,0,62.09,0.96,210.32,1.35,208.8
2023,4,17,1,0,0,0,0,0,0,0,0,-2.12,-2.86,-2.49,4.94,96.5,0,62.06,0.71,206.85,1.03,205.59
2023,4,17,2,0,0,0,0,0,0,0,0,-2,-2.91,-2.45,4.94,95.31,0,62.04,0.28,218.16,0.41,228.09
2023,4,17,3,0,0,0,0,0,0,0,0,-2.58,-2.99,-2.78,4.94,99.38,0,62.02,0.36,0,0.55,351.07
2023,4,17,4,0,0,0,0,0,0,0,0,-3.1,-3.19,-3.14,4.88,100,0,62.01,0.66,2.02,1.06,358.3
2023,4,17,5,0.15,0.15,0.38,15.2,16.2,1.85,0.01,0.02,-2.81,-3.43,-3.13,4.76,98,0,62.02,0.77,0,1.3,359.31
2023,4,17,6,0.93,0.92,1.44,105.35,108.15,12.15,0.09,0.42,0.59,-3.57,-1.49,4.7,73.5,0,62.06,1.23,347.55,1.55,348.69
2023,4,17,7,1.81,1.79,2.45,212.73,213.58,26.99,0.41,2.08,4.08,-4.41,-0.17,4.39,53.69,0,62.1,1.05,288.57,1.25,288.66
2023,4,17,8,2.5,2.59,3.32,300.62,309.92,40.48,0.92,4.55,6.69,-5.06,0.82,4.21,42.56,0,62.14,1.89,228.01,2.27,227.65
2023,4,17,9,2.95,3.21,4,353.45,384.33,49.33,1.39,7.02,8.63,-4.96,1.83,4.21,37.5,0,62.15,3.06,214.18,3.75,213.79
2023,4,17,10,3.22,3.61,4.43,393.08,431.67,55.79,1.77,9,10.05,-4.55,2.76,4.33,35.25,0,62.15,4.06,211.3,5.03,210.95
2023,4,17,11,3.01,3.67,4.59,366.05,435.62,51.68,1.69,8.58,10.7,-4.03,3.33,4.52,35.12,0,62.13,4.81,211.94,6.02,211.69
2023,4,17,12,2.89,3.57,4.46,346.58,423.75,48.9,1.55,7.9,10.46,-3.43,3.51,4.76,37.44,0,62.11,5.21,214.5,6.57,214.29
2023,4,17,13,2.66,3.2,4.06,321.7,379.9,44.73,1.3,6.55,9.59,-3.04,3.28,4.88,40.94,0,62.11,5.22,218,6.61,217.85
2023,4,17,14,2.14,2.6,3.42,256.6,309.12,35.05,0.84,4.23,8.7,-2.74,2.98,5,44.56,0,62.1,4.89,219.49,6.21,219.28
2023,4,17,15,1.5,1.84,2.57,177.48,217.65,23.31,0.4,1.98,7.37,-2.38,2.5,5.19,50.12,0,62.12,4.34,219.16,5.56,218.84
2023,4,17,16,0.82,0.98,1.57,93.48,114.7,11.51,0.09,0.48,5.66,-2.02,1.82,5.31,57.94,0,62.15,3.46,217.75,4.48,217.41
2023,4,17,17,0.2,0.21,0.5,20.83,22.98,2.59,0.01,0.02,3.84,-1.42,1.22,5.55,68.88,0,62.21,2.17,214.43,2.94,213.86
2023,4,17,18,0,0,0,0,0,0,0,0,2.12,-0.74,0.69,5.86,81.81,0,62.27,0.98,208.61,1.71,205.74
2023,4,17,19,0,0,0,0,0,0,0,0,1.4,-0.7,0.36,5.86,86.25,0,62.33,0.93,204.4,1.58,201.22
2023,4,17,20,0,0,0,0,0,0,0,0,0.94,-0.71,0.12,5.86,89.19,0,62.37,0.97,203.87,1.54,201.37
2023,4,17,21,0,0,0,0,0,0,0,0,0.6,-0.75,-0.08,5.8,91.12,0,62.38,0.98,204.1,1.5,201.75
2023,4,17,22,0,0,0,0,0,0,0,0,0.27,-0.76,-0.24,5.8,93.25,0,62.37,1.01,202.38,1.52,200.11
2023,4,17,23,0,0,0,0,0,0,0,0,0.01,-0.78,-0.39,5.8,95,0,62.35,1.03,201.72,1.56,199.62
2023,4,18,0,0,0,0,0,0,0,0,0,-0.25,-0.81,-0.53,5.8,96.69,0,62.31,1.07,202.27,1.64,200.08
2023,4,18,1,0,0,0,0,0,0,0,0,-0.41,-0.8,-0.6,5.8,98.06,0,62.28,1.04,200.61,1.57,198.52
2023,4,18,2,0,0,0,0,0,0,0,0,-0.47,-0.81,-0.64,5.8,98.44,0,62.26,0.94,207.2,1.37,205.98
2023,4,18,3,0,0,0,0,0,0,0,0,-0.7,-0.89,-0.79,5.8,99.69,0,62.24,0.8,209.81,1.21,209.38
2023,4,18,4,0,0,0,0,0,0,0,0,-0.96,-0.99,-0.98,5.74,100,0,62.25,0.77,210.96,1.16,210.9
2023,4,18,5,0.16,0.15,0.39,15.62,15.85,1.93,0.01,0.02,-0.8,-1.06,-0.93,5.68,99.44,0,62.26,0.66,214.44,0.97,214.46
2023,4,18,6,0.85,0.91,1.46,95.45,104.3,11.34,0.09,0.42,1.48,-1.29,0.09,5.62,82.38,0,62.28,1.5,227.53,1.85,227.22
2023,4,18,7,1.34,1.77,2.46,159.45,208.83,20.89,0.34,1.7,3.83,-2.41,0.71,5.19,64.19,0,62.31,2.19,228.47,2.66,228.45
2023,4,18,8,2.03,2.56,3.33,245.15,304.55,33.51,0.79,3.95,5.7,-3.2,1.26,4.88,53,0,62.33,2.6,217.8,3.16,217.66
2023,4,18,9,2.6,3.2,4.01,313.3,379.85,43.9,1.27,6.45,7.33,-3.24,2.05,4.82,47.12,0,62.34,3.23,211.46,3.94,211.29
2023,4,18,10,2.82,3.61,4.44,339.23,428.58,48.34,1.55,7.95,8.43,-2.98,2.73,4.94,44.62,0,62.33,3.85,210.31,4.73,210.17
2023,4,18,11,2.63,3.59,4.59,318.2,423.2,44.29,1.45,7.4,9.12,-2.42,3.35,5.13,44.38,0,62.3,4.44,210.13,5.48,210
2023,4,18,12,2.37,3.5,4.47,289.7,412.55,40.52,1.31,6.62,9.15,-2.02,3.57,5.31,45.56,0,62.26,4.95,211.26,6.2,211.09
2023,4,18,13,1.89,3.15,4.07,229.1,370.62,32.2,0.95,4.77,8.94,-1.8,3.58,5.37,47.06,0,62.23,5.41,212.57,6.86,212.44
2023,4,18,14,1.74,2.56,3.42,209.05,300.9,28.72,0.72,3.65,8.12,-1.3,3.4,5.62,51.69,0,62.2,5.57,213.16,7.12,212.96
2023,4,18,15,1.16,1.8,2.58,136.35,210.42,18.41,0.34,1.65,6.33,-0.55,2.89,5.92,61.69,0,62.19,5.2,213.98,6.71,213.8
2023,4,18,16,0.49,0.96,1.58,56,109.6,7.2,0.07,0.33,4.64,-0.23,2.2,6.04,71,0,62.2,4.57,215.32,5.97,215.08
2023,4,18,17,0.13,0.2,0.51,13.48,22.1,1.81,0.01,0.02,3.08,-0.09,1.5,6.1,80,0,62.24,3.43,215.83,4.59,215.5
2023,4,18,18,0,0,0,0,0,0,0,0,1.91,0.14,1.02,6.23,88.5,0,62.28,2.03,213.38,2.85,212.82
2023,4,18,19,0,0,0,0,0,0,0,0,1.12,0.15,0.63,6.23,93.81,0,62.3,1.35,214.15,2.16,211.68
2023,4,18,20,0,0,0,0,0,0,0,0,0.35,-0.05,0.15,6.16,97.75,0,62.31,1.25,212.2,2.1,208.66
2023,4,18,21,0,0,0,0,0,0,0,0,-0.22,-0.35,-0.29,5.98,99.88,0,62.3,1.35,212.68,2.08,209.93
2023,4,18,22,0,0,0,0,0,0,0,0,-0.63,-0.67,-0.65,5.86,100,0,62.27,1.29,213.4,1.85,211.67
2023,4,18,23,0,0,0,0,0,0,0,0,-1.02,-0.96,-0.99,5.74,100,0,62.24,1.16,212.62,1.62,211.15
2023,4,19,0,0,0,0,0,0,0,0,0,-1.57,-1.24,-1.41,5.68,100,0,62.18,0.93,206.35,1.28,203.75
2023,4,19,1,0,0,0,0,0,0,0,0,-1.92,-1.53,-1.73,5.55,100,0,62.14,0.68,200.71,0.91,197.03
2023,4,19,2,0,0,0,0,0,0,0,0,-2.31,-2.09,-2.2,5.31,100,0,62.11,0.16,244.65,0.13,259.38
2023,4,19,3,0,0,0,0,0,0,0,0,-3.29,-3.02,-3.16,4.94,100,0,62.09,0.42,353.66,0.8,5.04
2023,4,19,4,0,0,0,0,0,0,0,0,-4.24,-3.85,-4.05,4.64,100,0,62.07,0.62,6.5,1.24,11.59
2023,4,19,5,0.17,0.18,0.41,16.5,18.9,1.99,0.01,0.02,-3.89,-4.6,-4.24,4.39,98.69,0,62.06,0.84,9.11,1.54,14.11
2023,4,19,6,0.7,1,1.47,80.02,115.52,10.13,0.08,0.4,-0.6,-5.26,-2.93,4.15,71.19,0,62.07,1.67,18.27,2.12,19.37
2023,4,19,7,1.84,1.92,2.48,214.35,225.92,27.89,0.45,2.25,3.14,-6.35,-1.6,3.78,49.44,0,62.08,0.8,26.57,0.98,27.59
2023,4,19,8,2.35,2.72,3.34,278.67,321.2,38.47,0.91,4.52,6.05,-7.85,-0.9,3.3,35.25,0,62.09,1.23,206.73,1.46,206.43
2023,4,19,9,2.7,3.33,4.02,319.55,394.2,45.4,1.32,6.67,8.52,-7.88,0.33,3.3,29.56,0,62.08,3.29,207.23,4.03,207.11
2023,4,19,10,2.96,3.72,4.44,353.2,440.77,51.3,1.67,8.5,9.95,-7.15,1.4,3.54,28.56,0,62.04,4.66,206.48,5.81,206.36
2023,4,19,11,2.59,3.74,4.6,313.48,440.65,44.82,1.5,7.62,10.38,-6.09,2.15,3.85,30.38,0,62,5.61,207.53,7.09,207.44
2023,4,19,12,2.35,3.61,4.47,288.45,427.3,41.28,1.35,6.77,9.98,-4.95,2.52,4.21,34.25,0.01,61.95,6.17,209.42,7.86,209.34
2023,4,19,13,2.12,3.24,4.08,259.52,384.8,36.96,1.09,5.55,8.62,-3.95,2.33,4.58,40.62,0.01,61.92,6.27,210.14,8.04,210.03
2023,4,19,14,1.66,2.65,3.43,202.25,315.48,28.69,0.72,3.67,6.87,-2.94,1.97,4.94,49.56,0.03,61.88,5.98,209.45,7.71,209.32
2023,4,19,15,1.15,1.89,2.58,136.38,225.05,18.87,0.34,1.7,4.73,-1.78,1.48,5.43,62.88,0.06,61.85,5.27,206.87,6.85,206.68
2023,4,19,16,0.66,1.03,1.59,76.48,122.1,9.73,0.09,0.42,2.83,-0.78,1.02,5.86,77.56,0.07,61.84,4.25,203.17,5.57,202.86
2023,4,19,17,0.15,0.23,0.52,16.25,26.15,2.11,0.01,0.02,1.16,-0.26,0.45,6.1,90.81,0.02,61.82,3.12,197.17,4.09,196.88
2023,4,19,18,0,0,0,0,0,0,0,0,0.53,-0.18,0.18,6.1,95.5,0.02,61.84,2.36,192.43,3.11,192.33
2023,4,19,19,0,0,0,0,0,0,0,0,0.3,-0.29,0.01,6.04,96.31,0.02,61.87,2.19,197.01,2.89,197.11
2023,4,19,20,0,0,0,0,0,0,0,0,0.08,-0.46,-0.19,5.98,96.69,0.02,61.9,2.05,199.13,2.72,199.32
2023,4,19,21,0,0,0,0,0,0,0,0,0.34,-0.24,0.05,6.1,96.56,0.02,61.91,2.12,197.83,2.88,197.99
2023,4,19,22,0,0,0,0,0,0,0,0,0.43,0.06,0.25,6.23,98.25,0.01,61.89,2.19,197.85,3.07,197.79
2023,4,19,23,0,0,0,0,0,0,0,0,0.27,0.02,0.15,6.23,99.25,0.01,61.87,2.29,203.51,3.31,203.23
2023,4,20,0,0,0,0,0,0,0,0,0,-0.46,-0.66,-0.56,5.92,100,0.01,61.83,1.9,206.67,2.8,205.64
2023,4,20,1,0,0,0,0,0,0,0,0,-0.52,-0.89,-0.71,5.86,99.06,0.01,61.8,1.83,203.39,2.6,202.47
2023,4,20,2,0,0,0,0,0,0,0,0,-0.6,-1.1,-0.85,5.8,98.19,0,61.78,1.67,207.88,2.33,207.17
2023,4,20,3,0,0,0,0,0,0,0,0,-0.99,-1.38,-1.19,5.68,99.5,0,61.77,1.24,212.69,1.88,208.27
2023,4,20,4,0,0,0,0,0,0,0,0,-1.22,-1.61,-1.42,5.55,99.81,0,61.76,1.17,201.09,1.72,196.87
2023,4,20,5,0.11,0.15,0.42,10.65,17.3,1.36,0.01,0.02,-1.11,-1.79,-1.45,5.49,97.5,0,61.79,1.75,188.71,2.33,187.91
2023,4,20,6,0.52,0.88,1.49,56.5,103.5,7.29,0.06,0.3,-0.04,-2.38,-1.21,5.25,85.12,0,61.84,2.76,195.26,3.51,195.24
2023,4,20,7,1.06,1.74,2.49,121.27,207.33,16.53,0.28,1.4,0.76,-3.58,-1.42,4.76,73.06,0,61.88,3.57,201.69,4.55,201.55
2023,4,20,8,1.51,2.51,3.36,177.48,299.27,25.04,0.61,3.1,0.89,-4.1,-1.6,4.58,69.31,0,61.91,3.96,199.22,5.01,199.03
2023,4,20,9,1.98,3.15,4.02,230.67,377.5,33.02,0.97,4.92,2.17,-4.61,-1.22,4.39,60.69,0,61.91,4.49,201.56,5.61,201.42
2023,4,20,10,1.88,3.55,4.45,231.15,425.6,33.56,1.09,5.35,4.28,-4.98,-0.35,4.21,50.56,0,61.87,5.48,197.69,6.86,197.63
2023,4,20,11,1.41,3.66,4.61,181.15,436.58,26.16,0.86,4.25,4.61,-4.61,0,4.33,50.88,0,61.82,6.67,194.78,8.49,194.82
2023,4,20,12,1.27,3.54,4.48,160.55,423.27,23.42,0.77,3.77,3.21,-4.2,-0.49,4.52,58.06,0,61.78,7.32,196.62,9.52,196.65
2023,4,20,13,0.92,3.18,4.08,113.92,379.98,16.57,0.48,2.42,2.79,-4,-0.6,4.58,60.75,0,61.75,7.59,197.74,9.93,197.72
2023,4,20,14,0.79,2.6,3.44,97.85,309.67,13.91,0.34,1.75,2.75,-4.03,-0.64,4.58,60.75,0,61.72,7.48,198.51,9.79,198.42
2023,4,20,15,0.51,1.84,2.59,62.58,218.55,7.8,0.13,0.65,2.45,-4.12,-0.84,4.52,61.69,0,61.69,6.92,199.4,9.06,199.23
2023,4,20,16,0.26,0.97,1.6,30.85,114.92,4.26,0.04,0.2,1.49,-4.1,-1.3,4.58,66.19,0,61.69,6.02,199.63,7.95,199.45
2023,4,20,17,0.16,0.22,0.53,16.83,24.27,2.19,0.01,0.02,0.13,-3.47,-1.67,4.76,76.75,0.03,61.7,4.2,196.44,5.66,195.96
2023,4,20,18,0,0,0,0,0,0,0,0,-1.75,-2.74,-2.24,5.07,94.94,0.03,61.72,2.07,190.42,3.1,187.82
2023,4,20,19,0,0,0,0,0,0,0,0,-2,-2.57,-2.28,5.13,98.19,0.02,61.74,1.97,186.37,2.99,183.6
2023,4,20,20,0,0,0,0,0,0,0,0,-2.32,-2.63,-2.48,5.13,100,0.02,61.77,1.87,185.28,2.98,181.65
2023,4,20,21,0,0,0,0,0,0,0,0,-2.7,-2.64,-2.67,5.13,100,0.02,61.76,1.88,181.43,3.03,177.79
2023,4,20,22,0,0,0,0,0,0,0,0,-2.81,-2.72,-2.76,5.07,100,0.03,61.73,2.13,181.47,3.36,178.4
2023,4,20,23,0,0,0,0,0,0,0,0,-2.65,-2.73,-2.69,5.07,100,0.03,61.68,2.27,182.37,3.46,179.87
2023,4,21,0,0,0,0,0,0,0,0,0,-2.73,-2.86,-2.8,5,100,0.02,61.63,2.11,180,3.27,176.3
2023,4,21,1,0,0,0,0,0,0,0,0,-3.36,-3.39,-3.38,4.82,100,0.02,61.51,1.54,160.74,2.62,152.29
2023,4,21,2,0,0,0,0,0,0,0,0,-3.31,-3.74,-3.52,4.7,100,0.03,61.45,1.29,157.49,2.2,151.62
2023,4,21,3,0,0,0,0,0,0,0,0,-3.92,-4,-3.96,4.64,100,0.09,61.48,0.96,158.03,1.62,150.46
2023,4,21,4,0,0,0,0,0,0,0,0,-4.31,-4.42,-4.36,4.46,100,0.11,61.43,0.76,157.65,1.52,152.52
2023,4,21,5,0.09,0.14,0.44,9,15.38,1.23,0,0.02,-4.07,-4.65,-4.36,4.39,99.38,0.36,61.48,1.63,196.7,2.42,194.8
2023,4,21,6,0.39,0.79,1.5,44.95,89.15,6.28,0.05,0.27,-2.96,-4.33,-3.65,4.52,92.94,0.26,61.57,2.83,216.68,3.7,216.51
2023,4,21,7,0.78,1.63,2.5,93.83,187.33,13.22,0.23,1.12,-0.91,-4.02,-2.47,4.64,80.69,0.21,61.54,2.47,230.26,3.07,230.36
2023,4,21,8,1.58,2.46,3.37,192.42,289.62,26.66,0.64,3.25,-0.19,-4.4,-2.29,4.52,73.88,0.24,61.6,3.04,229.27,3.82,228.98
2023,4,21,9,1.97,3.13,4.03,240.9,371.5,33.88,1,5.05,-0.25,-4.35,-2.3,4.52,74.69,0.27,61.71,3.63,226.92,4.57,226.87
2023,4,21,10,2.06,3.55,4.46,255.1,423.45,36.61,1.19,5.88,0.28,-4.54,-2.13,4.46,70.62,0.32,61.7,3.81,232.75,4.78,232.83
2023,4,21,11,2.55,3.75,4.61,319.27,450.85,46.6,1.57,7.95,1.15,-5.2,-2.03,4.21,62.75,0.34,61.68,4.42,231.1,5.56,231.21
2023,4,21,12,2.68,3.64,4.49,329.52,437.88,47.55,1.56,7.83,2.12,-5.63,-1.76,4.09,56.44,0.28,61.64,5.3,225.3,6.74,225.38
2023,4,21,13,2.29,3.29,4.09,281.17,394.75,40.54,1.21,6.12,3.08,-5.91,-1.42,3.97,51.38,0.21,61.58,5.95,222.18,7.6,222.21
2023,4,21,14,2.04,2.71,3.44,245.95,324.6,34.41,0.86,4.33,2.83,-6.21,-1.69,3.85,51,0.13,61.54,5.88,220.85,7.55,220.89
2023,4,21,15,1.32,1.96,2.6,154.9,233,21.38,0.39,1.92,1.88,-6.31,-2.21,3.85,54.06,0.1,61.52,5.35,217.94,6.91,217.97
2023,4,21,16,0.72,1.1,1.61,80.55,129.05,10.59,0.09,0.48,0.52,-6.14,-2.81,3.91,60.56,0.09,61.53,4.71,213.29,6.16,213.31
2023,4,21,17,0.18,0.26,0.54,19.35,28.52,2.38,0.01,0.02,-1.39,-5.5,-3.45,4.09,74.44,0.07,61.56,3.28,205.83,4.48,205.54
2023,4,21,18,0,0,0,0,0,0,0,0,-3.57,-4.58,-4.08,4.39,96.25,0.08,61.58,1.82,192.13,2.9,191.04
2023,4,21,19,0,0,0,0,0,0,0,0,-3.92,-3.86,-3.88,4.7,100,0.06,61.59,1.86,179.76,2.88,177.98
2023,4,21,20,0,0,0,0,0,0,0,0,-4.14,-3.83,-3.99,4.7,100,0.06,61.59,1.85,173.71,2.87,171.38
2023,4,21,21,0,0,0,0,0,0,0,0,-4.38,-3.88,-4.13,4.64,100,0.05,61.57,1.74,175.36,2.76,170.88
2023,4,21,22,0,0,0,0,0,0,0,0,-4.67,-4.08,-4.38,4.58,100,0.03,61.56,1.58,183.96,2.58,176.7
2023,4,21,23,0,0,0,0,0,0,0,0,-4.97,-4.5,-4.74,4.46,100,0.02,61.52,1.35,189.68,2.25,181.19
2023,4,22,0,0,0,0,0,0,0,0,0,-5.39,-5.01,-5.2,4.27,100,0.01,61.49,1.17,197.47,1.98,190.24
2023,4,22,1,0,0,0,0,0,0,0,0,-5.83,-5.58,-5.7,4.15,100,0.01,61.45,1.05,202.75,1.7,198.43
2023,4,22,2,0,0,0,0,0,0,0,0,-6.17,-6.06,-6.12,4.03,100,0,61.43,0.83,196.91,1.35,194.04
2023,4,22,3,0,0,0,0,0,0,0,0,-6.47,-6.41,-6.44,3.91,100,0,61.43,0.76,190.04,1.24,187.98
2023,4,22,4,0,0,0,0,0,0,0,0,-6.67,-6.71,-6.7,3.85,100,0,61.44,0.7,181.27,1.13,180
2023,4,22,5,0.17,0.2,0.45,16.98,21.27,2.17,0.01,0.02,-6.13,-6.98,-6.55,3.78,100,0,61.49,0.85,175.76,1.21,173.33
2023,4,22,6,0.86,1.01,1.52,96.17,115.35,11.62,0.1,0.5,-4.02,-8.69,-6.36,3.23,73.75,0,61.55,1.79,184.26,2.2,184.07
2023,4,22,7,1.59,1.9,2.52,185.3,220.67,24.3,0.43,2.12,-2.08,-11.07,-6.58,2.62,49.94,0,61.61,2.73,197.14,3.36,196.92
2023,4,22,8,2.3,2.7,3.38,273.8,317.05,37.57,0.94,4.73,-0.17,-11.88,-6.02,2.38,39.12,0,61.66,3.62,200.08,4.46,199.96
2023,4,22,9,2.77,3.32,4.04,331,390.77,46.67,1.42,7.25,1.41,-11.95,-5.27,2.32,34.31,0,61.68,4.41,200.56,5.46,200.43
2023,4,22,10,2.77,3.72,4.47,337.7,437.85,48.7,1.66,8.5,2.58,-11.46,-4.44,2.44,32.88,0,61.67,5.17,201.64,6.46,201.51
2023,4,22,11,2.52,3.85,4.62,310.12,452.48,44.99,1.59,8.15,3.15,-10.67,-3.76,2.62,33.81,0,61.64,5.68,203.95,7.13,203.84
2023,4,22,12,2.15,3.73,4.49,266.83,439.6,39.05,1.34,6.85,2.96,-9.81,-3.42,2.81,37,0,61.61,5.84,206.63,7.38,206.48
2023,4,22,13,2.32,3.38,4.09,272.83,398.42,39.25,1.25,6.3,2.37,-8.98,-3.3,3.05,41.44,0,61.58,5.75,209.28,7.3,209.09
2023,4,22,14,1.67,2.78,3.45,196.3,328.27,28.1,0.75,3.88,1.58,-8.42,-3.42,3.17,46.12,0,61.55,5.39,211.13,6.86,210.92
2023,4,22,15,1.11,2,2.6,129.83,235.27,18.12,0.35,1.75,0.23,-7.55,-3.66,3.48,55,0.01,61.55,4.82,210.72,6.15,210.44
2023,4,22,16,0.61,1.12,1.62,69.75,130.73,8.89,0.09,0.45,-1.15,-6.32,-3.74,3.85,68.44,0.01,61.55,4.04,209.64,5.19,209.26
2023,4,22,17,0.22,0.28,0.55,22.8,30.27,2.67,0.01,0.02,-2.37,-5.57,-3.97,4.09,80.62,0,61.56,3.06,207.87,4.01,207.26
2023,4,22,18,0,0,0,0,0,0,0,0,-3.36,-5.06,-4.21,4.27,91.44,0,61.57,2.16,207.31,2.91,206.43
2023,4,22,19,0,0,0,0,0,0,0,0,-3.69,-4.79,-4.24,4.39,96.25,0,61.61,1.78,212.43,2.44,211.5
2023,4,22,20,0,0,0,0,0,0,0,0,-4.02,-4.76,-4.39,4.39,99.12,0,61.64,1.27,224.25,1.86,221.25
2023,4,22,21,0,0,0,0,0,0,0,0,-4.57,-4.85,-4.7,4.33,100,0,61.64,1.1,227.59,1.83,220.15
2023,4,22,22,0,0,0,0,0,0,0,0,-5.17,-4.99,-5.08,4.27,100,0,61.62,1.04,224.7,1.7,217.71
2023,4,22,23,0,0,0,0,0,0,0,0,-5.32,-5.18,-5.25,4.21,100,0,61.6,0.87,218.1,1.36,214.24
2023,4,23,0,0,0,0,0,0,0,0,0,-5.37,-5.37,-5.37,4.15,100,0,61.57,0.68,214.78,1.04,213.33
2023,4,23,1,0,0,0,0,0,0,0,0,-5.45,-5.64,-5.54,4.09,100,0,61.54,0.43,217.69,0.66,221.63
2023,4,23,2,0,0,0,0,0,0,0,0,-5.48,-5.86,-5.67,4.03,100,0,61.52,0.14,260.54,0.31,267.06
2023,4,23,3,0,0,0,0,0,0,0,0,-5.77,-6.19,-5.99,3.91,100,0,61.52,0.32,347.32,0.52,338.04
2023,4,23,4,0,0,0,0,0,0,0,0,-6.27,-6.58,-6.42,3.78,100,0,61.55,0.52,358.29,0.83,355.15
2023,4,23,5,0.2,0.22,0.47,19.42,22.2,2.36,0.01,0.02,-5.59,-6.9,-6.24,3.66,94.94,0,61.58,0.72,6.89,1.1,6.52
2023,4,23,6,0.84,1.06,1.53,93.67,119.65,11.3,0.09,0.48,-2.35,-7.89,-5.12,3.42,66.75,0,61.63,0.99,2.7,1.19,2.64
2023,4,23,7,1.66,1.96,2.53,192.4,227.98,25.3,0.44,2.15,0.69,-10.82,-5.06,2.62,40.19,0,61.68,0.5,289.29,0.58,287.95
2023,4,23,8,2.52,2.75,3.39,296.7,322.8,40.71,0.99,4.98,2.51,-11.75,-4.62,2.38,32.12,0,61.72,1.5,210.45,1.82,210.63
2023,4,23,9,2.73,3.36,4.05,323.48,394.92,46.06,1.38,7,3.84,-11.24,-3.7,2.5,30.69,0,61.74,2.72,201.92,3.34,202.12
2023,4,23,10,3.11,3.75,4.47,375.02,442.15,53.97,1.79,9.17,4.7,-10.35,-2.82,2.69,31.38,0,61.75,3.65,202.39,4.5,202.43
2023,4,23,11,2.08,3.77,4.63,256.33,442.85,37.23,1.28,6.48,4.61,-9.29,-2.34,2.99,34.81,0,61.76,4.15,203.04,5.15,203.03
2023,4,23,12,1.9,3.73,4.5,233.08,431.3,34.2,1.17,5.85,4.13,-8.47,-2.17,3.17,38.69,0,61.75,4.27,201.92,5.32,201.82
2023,4,23,13,1.64,3.36,4.1,188.7,388.25,27.36,0.84,4.23,2.99,-7.65,-2.33,3.42,44.81,0,61.74,4.02,201.68,5.02,201.45
2023,4,23,14,1.23,2.73,3.45,140.55,315.1,20.19,0.52,2.67,1.68,-6.53,-2.43,3.78,54,0,61.75,3.57,200.78,4.48,200.52
2023,4,23,15,0.67,1.9,2.61,76.33,217.8,10.49,0.2,0.98,1.05,-5.77,-2.36,4.03,60.12,0,61.75,3.28,196.49,4.12,196.17
2023,4,23,16,0.42,1,1.62,45.88,110.92,5.85,0.05,0.27,0.14,-5.46,-2.66,4.09,65.69,0,61.78,2.95,192.53,3.78,192.43
2023,4,23,17,0.18,0.22,0.56,18,23.15,2.33,0.01,0.02,-1,-5.33,-3.17,4.15,72.75,0.01,61.83,2.37,191.2,3.15,191.14
2023,4,23,18,0,0,0,0,0,0,0,0,-2.31,-4.97,-3.64,4.27,83.56,0.01,61.88,1.29,189.75,1.98,190.02
2023,4,23,19,0,0,0,0,0,0,0,0,-3.1,-4.96,-4.03,4.27,89.31,0.01,61.94,1.3,188.62,2.2,189.83
2023,4,23,20,0,0,0,0,0,0,0,0,-3.6,-5.06,-4.32,4.21,92.31,0.01,61.99,1.43,184.71,2.41,186.71
2023,4,23,21,0,0,0,0,0,0,0,0,-3.72,-5.24,-4.49,4.15,91.75,0.01,61.99,1.53,182.94,2.38,184.7
2023,4,23,22,0,0,0,0,0,0,0,0,-3.75,-5.46,-4.6,4.09,90.38,0.01,61.97,1.39,180.64,1.98,181.13
2023,4,23,23,0,0,0,0,0,0,0,0,-3.92,-5.73,-4.82,3.97,89.88,0,61.94,0.97,189.69,1.32,189.52
2023,4,24,0,0,0,0,0,0,0,0,0,-4.57,-6.12,-5.35,3.91,92.44,0,61.91,0.44,217.07,0.58,222.27
2023,4,24,1,0,0,0,0,0,0,0,0,-5.23,-6.31,-5.77,3.85,96.5,0,61.88,0.26,345.96,0.5,347.47
2023,4,24,2,0,0,0,0,0,0,0,0,-5.34,-6.39,-5.87,3.78,96.88,0,61.86,0.44,9.13,0.75,6.01
2023,4,24,3,0,0,0,0,0,0,0,0,-5.11,-6.42,-5.76,3.78,95,0,61.87,0.4,14.57,0.72,10.7
2023,4,24,4,0,0,0,0,0,0,0,0,-4.79,-6.38,-5.59,3.85,92.62,0,61.88,0.4,26.57,0.68,22.17
2023,4,24,5,0.13,0.17,0.49,13.3,18.15,1.72,0.01,0.02,-4.17,-6.35,-5.26,3.85,87.94,0,61.91,0.51,53.65,0.75,47.97
2023,4,24,6,0.51,0.88,1.55,56.92,94.73,7.68,0.07,0.33,-2.38,-6.49,-4.44,3.78,74.75,0,61.92,0.98,73.87,1.19,74.05
2023,4,24,7,1.04,1.71,2.54,116.45,191.35,15.56,0.28,1.35,-0.38,-7.2,-3.79,3.54,59.69,0,61.93,1.71,101.62,2.07,101.73
2023,4,24,8,1.55,2.5,3.4,179.02,283.27,24.33,0.59,3.02,0.89,-8.52,-3.81,3.17,48.62,0,61.94,2.29,117.61,2.8,117.64
2023,4,24,9,2.14,3.12,4.06,248.85,356.48,33.55,0.98,4.98,2.23,-9.4,-3.59,2.93,40.94,0.01,61.94,2.6,137.44,3.16,137.8
2023,4,24,10,1.73,3.54,4.48,208.05,402.7,28.75,0.93,4.58,3.08,-9.27,-3.1,2.99,38.88,0.03,61.92,2.89,159.12,3.56,159.69
2023,4,24,11,1.37,3.68,4.63,167.83,413.4,23.08,0.73,3.67,2.87,-8.13,-2.63,3.3,43.56,0.09,61.91,3.21,176.37,3.98,177.19
2023,4,24,12,1.37,3.47,4.5,167.5,392.12,23,0.73,3.6,1.48,-6.52,-2.52,3.78,54.94,0.18,61.91,3.3,189.4,4.11,190.29
2023,4,24,13,0.7,3,4.1,89.67,339.77,11.92,0.34,1.67,0.66,-5.74,-2.54,4.03,61.88,0.25,61.89,3.22,199.84,4,200.45
2023,4,24,14,0.6,2.37,3.46,74.92,264.23,9.85,0.23,1.2,0.27,-5.58,-2.66,4.03,64.38,0.24,61.86,3.19,209.01,3.99,209.58
2023,4,24,15,0.54,1.59,2.62,64.52,174.27,8.09,0.15,0.73,0.05,-5.62,-2.78,4.03,65.12,0.22,61.85,3.06,214.06,3.85,214.5
2023,4,24,16,0.45,0.8,1.63,48.02,84.83,6.13,0.06,0.3,-0.38,-5.7,-3.04,4.03,67.06,0.18,61.84,2.62,214.68,3.36,215.06
2023,4,24,17,0.14,0.18,0.57,14.77,19.02,1.92,0.01,0.02,-1.37,-5.5,-3.43,4.09,74,0.06,61.85,1.74,211.18,2.41,211.31
2023,4,24,18,0,0,0,0,0,0,0,0,-2.92,-5.35,-4.14,4.15,85.38,0.05,61.86,1.04,208.89,1.75,208.51
2023,4,24,19,0,0,0,0,0,0,0,0,-3.55,-5.31,-4.43,4.15,90.12,0.05,61.89,0.93,204.84,1.48,203.99
2023,4,24,20,0,0,0,0,0,0,0,0,-4.13,-5.2,-4.67,4.15,95.56,0.07,61.93,0.84,190.16,1.29,190.15
2023,4,24,21,0,0,0,0,0,0,0,0,-4.41,-4.99,-4.7,4.21,99.5,0.08,61.95,0.85,180,1.24,180
2023,4,24,22,0,0,0,0,0,0,0,0,-4.49,-4.88,-4.68,4.27,100,0.1,61.95,0.85,175.76,1.2,175.14
2023,4,24,23,0,0,0,0,0,0,0,0,-4.46,-4.9,-4.68,4.27,100,0.08,61.94,0.79,172.59,1.11,171.47
2023,4,25,0,0,0,0,0,0,0,0,0,-4.52,-5,-4.76,4.21,100,0.04,61.92,0.7,165.03,0.98,163.74
2023,4,25,1,0,0,0,0,0,0,0,0,-4.64,-5.11,-4.88,4.21,100,0.03,61.91,0.64,154.69,0.9,153.21
2023,4,25,2,0,0,0,0,0,0,0,0,-4.77,-5.21,-4.99,4.15,100,0.03,61.9,0.62,144.29,0.88,142.21
2023,4,25,3,0,0,0,0,0,0,0,0,-5.04,-5.35,-5.2,4.09,100,0.02,61.91,0.58,134.45,0.86,132.41
2023,4,25,4,0,0,0,0,0,0,0,0,-5.27,-5.52,-5.4,4.03,100,0.01,61.93,0.48,116.98,0.75,117.37
2023,4,25,5,0.13,0.16,0.5,13.08,17.42,1.6,0.01,0.02,-4.88,-5.59,-5.23,4.03,98.75,0,61.96,0.49,87.27,0.7,88.09
2023,4,25,6,0.64,0.84,1.56,69.33,91.35,8.58,0.08,0.38,-2.5,-5.43,-3.96,4.09,81.75,0,61.98,0.73,115.2,0.88,114.74
2023,4,25,7,1.24,1.65,2.56,142.6,188.17,17.98,0.3,1.52,-0.33,-5.63,-2.98,4.03,67.19,0,62,1.3,163.53,1.54,163.22
2023,4,25,8,1.84,2.44,3.41,215.67,282.1,28.48,0.68,3.4,1.51,-5.76,-2.13,3.97,58.12,0,62.03,2.08,184.3,2.54,184.06
2023,4,25,9,2.24,3.06,4.07,267.85,357.3,36.37,1.05,5.33,2.69,-5.7,-1.51,3.97,53.62,0,62.04,2.83,191.77,3.49,191.76
2023,4,25,10,2.27,3.47,4.49,275.85,405.83,38.3,1.23,6.25,3.55,-5.37,-0.91,4.09,51.81,0.01,62.02,3.48,195.1,4.3,195.05
2023,4,25,11,2.35,3.72,4.64,291.3,439.4,41.87,1.42,7.23,3.96,-5.01,-0.52,4.21,51.75,0.02,61.99,4.04,198.01,5.04,197.99
2023,4,25,12,1.98,3.61,4.51,246.17,426.17,35.59,1.19,5.95,4.19,-4.72,-0.27,4.33,52,0.02,61.95,4.52,200.35,5.66,200.44
2023,4,25,13,1.69,3.24,4.11,207.67,382.42,29.98,0.91,4.6,4.07,-4.38,-0.16,4.46,53.88,0.03,61.91,4.81,201.44,6.08,201.49
2023,4,25,14,1.19,2.64,3.46,146.88,311.67,21.02,0.53,2.7,2.83,-4.13,-0.66,4.52,59.94,0.03,61.89,4.7,200.33,6.01,200.32
2023,4,25,15,0.85,1.88,2.62,100.8,220.15,14,0.27,1.33,1.83,-3.84,-1.01,4.64,65.94,0.03,61.88,4.4,198.43,5.64,198.51
2023,4,25,16,0.46,1.02,1.64,51.6,117.73,6.88,0.07,0.35,0.61,-3.73,-1.56,4.7,72.62,0.02,61.91,3.91,199.01,5.06,199.02
2023,4,25,17,0.19,0.25,0.58,20.02,26.8,2.59,0.01,0.02,-0.92,-3.45,-2.18,4.76,83.81,0.01,61.95,3.03,198.67,3.99,198.72
2023,4,25,18,0,0,0,0,0,0,0,0,-1.83,-2.85,-2.34,5,94.81,0.01,61.96,2.07,188.47,2.78,188.08
2023,4,25,19,0,0,0,0,0,0,0,0,-2.13,-2.69,-2.41,5.07,98.56,0.01,61.98,1.33,183.7,1.88,181.67
2023,4,25,20,0,0,0,0,0,0,0,0,-2.47,-2.75,-2.61,5.07,100,0,61.99,0.96,190.3,1.53,185.27
2023,4,25,21,0,0,0,0,0,0,0,0,-2.83,-2.89,-2.86,5,100,0,61.98,0.89,194.16,1.37,191.18
2023,4,25,22,0,0,0,0,0,0,0,0,-3.27,-3.1,-3.19,4.94,100,0,61.95,0.76,182.36,1.15,180.78
2023,4,25,23,0,0,0,0,0,0,0,0,-3.74,-3.38,-3.56,4.82,100,0,61.92,0.67,167.11,1.04,168.35
2023,4,26,0,0,0,0,0,0,0,0,0,-4.14,-3.7,-3.92,4.7,100,0,61.89,0.6,153.77,0.97,156.32
2023,4,26,1,0,0,0,0,0,0,0,0,-4.4,-4,-4.2,4.58,100,0,61.85,0.54,135,0.87,138.28
2023,4,26,2,0,0,0,0,0,0,0,0,-4.57,-4.26,-4.42,4.52,100,0,61.83,0.49,111.63,0.78,113.73
2023,4,26,3,0,0,0,0,0,0,0,0,-4.69,-4.45,-4.57,4.46,100,0,61.82,0.51,103.39,0.82,104.97
2023,4,26,4,0,0,0,0,0,0,0,0,-4.8,-4.6,-4.7,4.39,100,0,61.84,0.56,113.72,0.9,116.12
2023,4,26,5,0.2,0.22,0.52,20.48,23.73,2.56,0.01,0.02,-4.13,-4.56,-4.35,4.39,100,0,61.87,0.75,127.35,1.12,126.79
2023,4,26,6,0.71,1.01,1.58,81.42,116.85,10.38,0.09,0.48,-1.67,-4.4,-3.04,4.46,83.06,0,61.91,1.84,153.87,2.28,153.79
2023,4,26,7,1.24,1.88,2.57,148.33,222.15,20.18,0.37,1.83,0.25,-4.69,-2.22,4.33,69.38,0,61.93,2.67,171.92,3.29,171.81
2023,4,26,8,1.92,2.66,3.42,231.17,316.27,32.59,0.84,4.3,1.69,-4.87,-1.59,4.27,61.56,0,61.95,3.16,187.39,3.89,187.27
2023,4,26,9,2.63,3.29,4.08,313.25,391.3,44.63,1.38,6.95,3.21,-4.89,-0.84,4.27,55.12,0,61.96,3.64,196.57,4.48,196.41
2023,4,26,10,2.84,3.68,4.49,341,438.2,49.27,1.67,8.38,4.42,-4.77,-0.17,4.33,51.06,0,61.94,4.08,201.11,5.04,200.99
2023,4,26,11,2.75,3.66,4.64,328.75,426.73,45.25,1.55,7.85,5.19,-4.63,0.28,4.33,48.94,0,61.91,4.51,202.93,5.62,202.75
2023,4,26,12,2.56,3.56,4.51,301.2,415.4,41.8,1.41,7,5.66,-4.38,0.65,4.46,48.25,0,61.87,4.99,204.64,6.27,204.46
2023,4,26,13,2.09,3.19,4.11,242.75,372.15,34.17,1.05,5.3,5.3,-4.08,0.61,4.58,50.69,0,61.84,5.25,205.27,6.67,205.09
2023,4,26,14,1.71,2.59,3.47,194.9,301.62,26.8,0.7,3.62,4.25,-3.55,0.35,4.76,56.81,0,61.81,5.28,203.64,6.77,203.46
2023,4,26,15,1.15,1.83,2.63,128.6,210.52,17.22,0.34,1.65,2.87,-3.07,-0.1,4.94,65,0,61.79,5.04,201.55,6.52,201.37
2023,4,26,16,0.54,0.97,1.65,62.15,109.17,7.99,0.09,0.4,1.37,-2.75,-0.7,5.07,74.06,0,61.8,4.55,199.06,5.92,199.01
2023,4,26,17,0.16,0.23,0.59,17.17,24.92,2.22,0.01,0.02,-0.2,-2.41,-1.31,5.19,85.56,0.03,61.84,3.67,195.69,4.85,195.6
2023,4,26,18,0,0,0,0,0,0,0,0,-1.21,-1.88,-1.55,5.43,96.88,0.03,61.88,2.6,188.81,3.54,188.51
2023,4,26,19,0,0,0,0,0,0,0,0,-1.15,-1.77,-1.45,5.43,97.31,0.04,61.91,2.67,184.69,3.57,184.65
2023,4,26,20,0,0,0,0,0,0,0,0,-1.19,-1.81,-1.5,5.43,97.44,0.03,61.94,2.44,186.24,3.25,186.22
2023,4,26,21,0,0,0,0,0,0,0,0,-1.97,-2.15,-2.06,5.31,100,0.03,61.94,1.54,188.46,2.29,186.06
2023,4,26,22,0,0,0,0,0,0,0,0,-1.89,-2.17,-2.03,5.31,100,0.02,61.92,1.27,184.59,1.83,182.94
2023,4,26,23,0,0,0,0,0,0,0,0,-2.08,-2.28,-2.18,5.25,100,0.01,61.89,1.08,181.25,1.63,178.62
2023,4,27,0,0,0,0,0,0,0,0,0,-2.67,-2.41,-2.53,5.25,100,0.01,61.84,0.96,183.75,1.71,179.48
2023,4,27,1,0,0,0,0,0,0,0,0,-2.7,-2.4,-2.55,5.25,100,0,61.8,0.97,190.22,1.76,185.61
2023,4,27,2,0,0,0,0,0,0,0,0,-2.7,-2.41,-2.56,5.25,100,0,61.79,0.88,191.21,1.63,186.89
2023,4,27,3,0,0,0,0,0,0,0,0,-2.9,-2.45,-2.67,5.19,100,0,61.78,0.78,184.04,1.5,180
2023,4,27,4,0,0,0,0,0,0,0,0,-3.24,-2.52,-2.88,5.19,100,0,61.79,0.74,169.05,1.44,167.17
2023,4,27,5,0.14,0.24,0.53,15.38,25.73,2.13,0.01,0.02,-2.64,-2.49,-2.57,5.19,100,0.01,61.81,0.79,159.78,1.4,156.72
2023,4,27,6,0.77,1.05,1.59,89.27,122.77,11.78,0.11,0.52,-0.67,-2.7,-1.68,5.07,87.31,0,61.85,2,167.16,2.6,166.26
2023,4,27,7,1.45,1.93,2.58,169.35,229.27,23.38,0.41,2.05,0.01,-3.3,-1.64,4.88,78.88,0,61.91,2.72,180.16,3.52,179.36
2023,4,27,8,2.2,2.7,3.43,263.73,323.6,37,0.91,4.67,0.53,-3.25,-1.36,4.88,76.25,0,61.97,3.28,182.87,4.23,182.33
2023,4,27,9,2.79,3.31,4.08,334.67,396.52,47.45,1.41,7.15,0.9,-3.37,-1.24,4.82,73.44,0,62,3.72,184.58,4.75,184.15
2023,4,27,10,2.69,3.69,4.5,323.8,442.88,47.13,1.55,7.73,1.2,-3.12,-0.96,4.88,73.19,0.01,61.98,3.99,185.4,5.08,185.03
2023,4,27,11,2.38,3.69,4.65,283.25,438.15,40.14,1.37,6.85,1.47,-2.92,-0.72,5,72.94,0.03,61.94,4.19,186.21,5.33,185.89
2023,4,27,12,2.05,3.58,4.52,242.62,424.85,35.04,1.17,5.8,1.44,-2.7,-0.63,5.07,74.19,0.08,61.9,4.36,187.52,5.58,187.24
2023,4,27,13,1.98,3.2,4.12,236.9,380.8,33.28,1.02,5.12,1.27,-2.47,-0.6,5.19,76.38,0.18,61.87,4.59,190.89,5.93,190.7
2023,4,27,14,1.6,2.61,3.47,188,309.92,26.17,0.66,3.38,0.93,-2.39,-0.74,5.19,78.62,0.25,61.85,4.99,195.54,6.52,195.42
2023,4,27,15,0.88,1.85,2.63,103.17,218.12,13.7,0.23,1.15,0.4,-2.37,-0.99,5.19,81.94,0.24,61.86,5.22,200.69,6.9,200.63
2023,4,27,16,0.39,1,1.65,42.6,116.17,5.33,0.05,0.23,-0.24,-2.54,-1.39,5.13,85.06,0.18,61.87,4.81,205.69,6.38,205.53
2023,4,27,17,0.11,0.24,0.6,12.33,26.8,1.73,0.01,0.02,-1.24,-2.67,-1.95,5.13,91.88,0.16,61.89,3.34,208.55,4.47,208.18
2023,4,27,18,0,0,0,0,0,0,0,0,-2.14,-2.58,-2.36,5.19,100,0.16,61.94,1.53,210.76,2.27,208.59
2023,4,27,19,0,0,0,0,0,0,0,0,-2.39,-2.75,-2.57,5.13,100,0.11,61.96,0.97,211.12,1.6,206.44
2023,4,27,20,0,0,0,0,0,0,0,0,-2.75,-2.99,-2.87,5,100,0.11,61.98,0.4,189.09,0.65,187.64
2023,4,27,21,0,0,0,0,0,0,0,0,-3.2,-3.35,-3.27,4.88,100,0.1,61.98,0.32,75.96,0.5,76.4
2023,4,27,22,0,0,0,0,0,0,0,0,-3.69,-3.8,-3.74,4.7,100,0.05,61.96,0.47,54.46,0.7,56.84
2023,4,27,23,0,0,0,0,0,0,0,0,-3.82,-4.17,-3.99,4.58,100,0.02,61.96,0.56,33.69,0.91,37.36
2023,4,28,0,0,0,0,0,0,0,0,0,-4.16,-4.66,-4.41,4.39,100,0.02,61.94,0.76,18.62,1.29,21.29
2023,4,28,1,0,0,0,0,0,0,0,0,-4.2,-5.1,-4.64,4.21,97.44,0.02,61.92,0.88,7.13,1.6,8.68
2023,4,28,2,0,0,0,0,0,0,0,0,-3.91,-5.55,-4.73,4.09,91.56,0.01,61.88,0.86,8.86,1.61,9.23
2023,4,28,3,0,0,0,0,0,0,0,0,-4.33,-6.44,-5.38,3.78,87.94,0.01,61.85,0.98,13.82,1.68,12.93
2023,4,28,4,0,0,0,0,0,0,0,0,-4.64,-7.1,-5.88,3.54,85.31,0.01,61.87,1.04,12.99,1.76,12.8
2023,4,28,5,0.15,0.2,0.55,16.12,22.42,2.02,0.01,0.02,-3.77,-6.96,-5.37,3.6,80.25,0.02,61.91,0.92,13.32,1.63,15.04
2023,4,28,6,0.67,0.91,1.6,77.35,104.67,9.84,0.09,0.42,-0.33,-6.41,-3.37,3.78,62.88,0.02,61.95,0.84,17.42,1.06,18.03
2023,4,28,7,1.31,1.73,2.59,152.65,202.3,20.07,0.34,1.7,2.13,-5.96,-1.92,3.91,54.5,0.04,62,1.37,215.05,1.69,214.64
2023,4,28,8,1.87,2.47,3.44,223.85,291.17,30.31,0.72,3.65,3.42,-5.67,-1.12,4.03,51,0.1,62.04,2.6,205.41,3.25,205.21
2023,4,28,9,2.37,3.13,4.09,287.33,371.55,39.95,1.16,5.83,4.37,-5.13,-0.38,4.15,49.75,0.26,62.05,3.27,204.85,4.08,204.65
2023,4,28,10,2.83,3.52,4.5,343.88,419.7,48.1,1.53,7.65,5.06,-4.58,0.24,4.33,49.5,0.53,62.04,3.85,208.23,4.82,208.06
2023,4,28,11,2.64,3.59,4.65,316.55,422.15,43.58,1.42,7.17,5.73,-3.99,0.87,4.58,49.62,0.69,62.01,4.49,212.06,5.65,212
2023,4,28,12,2.55,3.5,4.52,305.9,411.75,42.17,1.34,6.65,5.54,-3.67,0.93,4.7,51.62,0.6,61.97,4.95,215.62,6.3,215.46
2023,4,28,13,1.95,3.14,4.12,235.2,370.2,32.45,0.95,4.75,4.8,-3.38,0.71,4.82,55.69,0.42,61.93,4.95,218.84,6.35,218.56
2023,4,28,14,1.63,2.57,3.48,192.85,301.9,26.7,0.66,3.35,4.11,-3.13,0.49,4.94,59.56,0.29,61.89,4.37,222.83,5.61,222.4
2023,4,28,15,1.13,1.82,2.64,132.23,213.6,18.12,0.33,1.62,3.33,-3.02,0.15,4.94,63.5,0.22,61.86,3.61,223.25,4.65,222.75
2023,4,28,16,0.55,1,1.66,64.38,115.23,8.94,0.09,0.42,2.12,-2.6,-0.24,5.13,71.56,0.15,61.86,2.69,219.23,3.5,218.56
2023,4,28,17,0.17,0.25,0.61,18.75,27.88,2.47,0.01,0.02,0.65,-2.08,-0.72,5.37,83,0.1,61.88,1.58,207.07,2.11,206.38
2023,4,28,18,0,0,0,0,0,0,0,0,-0.72,-1.92,-1.32,5.43,93.31,0.08,61.9,0.68,155.5,0.95,156.18
2023,4,28,19,0,0,0,0,0,0,0,0,-0.71,-1.88,-1.3,5.43,93.44,0.05,61.9,0.62,103.16,0.88,108.11
2023,4,28,20,0,0,0,0,0,0,0,0,-1.23,-1.85,-1.53,5.43,97.81,0.02,61.91,0.3,107.97,0.66,134.05
2023,4,28,21,0,0,0,0,0,0,0,0,-1.56,-1.74,-1.65,5.49,100,0.02,61.92,0.3,203.2,0.73,199.98
2023,4,28,22,0,0,0,0,0,0,0,0,-1.54,-1.69,-1.62,5.49,100,0.02,61.91,0.48,232.21,0.85,229.86
2023,4,28,23,0,0,0,0,0,0,0,0,-1.63,-1.88,-1.76,5.43,100,0.01,61.86,0.33,228.81,0.55,227.89
2023,4,29,0,0,0,0,0,0,0,0,0,-1.67,-2.03,-1.85,5.37,99.75,0.02,61.8,0.31,211.7,0.51,211.26
2023,4,29,1,0,0,0,0,0,0,0,0,-1.69,-2.04,-1.87,5.37,99.94,0.02,61.77,0.31,199.36,0.49,200.45
2023,4,29,2,0,0,0,0,0,0,0,0,-1.67,-2,-1.84,5.37,99.94,0.02,61.75,0.29,181.55,0.45,180.99
2023,4,29,3,0,0,0,0,0,0,0,0,-1.81,-2.02,-1.91,5.37,100,0.01,61.74,0.37,160.43,0.62,160.2
2023,4,29,4,0,0,0,0,0,0,0,0,-2.01,-2.05,-2.03,5.37,100,0.01,61.76,0.46,155.16,0.86,155.98
2023,4,29,5,0.21,0.24,0.56,23.1,26.05,2.96,0.01,0.05,-1.64,-2.08,-1.86,5.37,99.25,0,61.81,0.61,150.8,1.01,152.84
2023,4,29,6,0.85,1.01,1.62,97.23,116.95,12.09,0.11,0.55,-0.58,-1.84,-1.21,5.43,92.62,0,61.86,1.44,171.25,1.86,171.77
2023,4,29,7,1.56,1.86,2.6,185.33,220.48,24.55,0.44,2.15,1.19,-1.94,-0.38,5.37,80.25,0,61.9,2.29,190.01,2.91,190.22
2023,4,29,8,2.21,2.61,3.45,265.88,311.75,36.45,0.91,4.58,3.21,-2.47,0.37,5.13,66.56,0,61.94,3.3,201.4,4.19,201.44
2023,4,29,9,2.79,3.18,4.1,336.48,380.4,46.58,1.39,7,4.69,-2.92,0.88,4.94,57.69,0.01,61.95,4.31,206.24,5.49,206.2
2023,4,29,10,2.63,3.5,4.51,321.42,419.15,45.37,1.48,7.4,5.52,-2.95,1.29,4.94,54.38,0.02,61.95,5.05,205.69,6.42,205.6
2023,4,29,11,2.55,3.52,4.65,307.38,416.38,41.56,1.38,6.95,5.75,-2.68,1.53,5.07,54.69,0.08,61.92,5.47,203.05,6.96,202.85
2023,4,29,12,2.2,3.45,4.52,264.8,407.35,36.62,1.2,6,5.35,-2.44,1.46,5.19,57.31,0.15,61.89,5.64,200.09,7.22,199.92
2023,4,29,13,1.58,3.11,4.12,187.98,364.9,27.04,0.84,4.15,4.51,-2.32,1.1,5.19,61.19,0.19,61.85,5.7,197.89,7.34,197.78
2023,4,29,14,1.5,2.52,3.48,174.95,293.9,24.7,0.64,3.3,3.12,-2.15,0.49,5.25,68.31,0.19,61.84,5.5,195.73,7.12,195.65
2023,4,29,15,0.88,1.76,2.65,104.55,203.48,14.48,0.27,1.35,1.96,-2.32,-0.18,5.19,73.25,0.16,61.84,5.32,195.59,6.93,195.63
2023,4,29,16,0.48,0.94,1.67,54.08,105.9,7.34,0.08,0.38,0.9,-2.48,-0.79,5.13,78.12,0.12,61.84,4.62,197.73,6.02,197.75
2023,4,29,17,0.13,0.23,0.62,15.3,25.12,2.07,0.01,0.02,-0.2,-2.6,-1.4,5.13,84.12,0.1,61.85,3.43,199.3,4.5,199.38
2023,4,29,18,0,0,0,0,0,0,0,0,-1.45,-2.27,-1.86,5.25,96,0.09,61.87,1.91,197.1,2.63,196.6
2023,4,29,19,0,0,0,0,0,0,0,0,-1.58,-2.12,-1.85,5.31,98.5,0.1,61.89,1.67,190.52,2.25,190.18
2023,4,29,20,0,0,0,0,0,0,0,0,-1.63,-2.1,-1.87,5.37,99.25,0.1,61.92,1.63,182.19,2.21,182.23
2023,4,29,21,0,0,0,0,0,0,0,0,-1.67,-2.06,-1.86,5.37,99.94,0.12,61.92,1.39,175.8,1.9,175.76
2023,4,29,22,0,0,0,0,0,0,0,0,-1.74,-2.08,-1.91,5.37,100,0.14,61.9,1.21,174.07,1.72,174
2023,4,29,23,0,0,0,0,0,0,0,0,-1.94,-2.19,-2.06,5.31,100,0.16,61.87,0.96,173.45,1.52,172.91
2023,4,30,0,0,0,0,0,0,0,0,0,-2.18,-2.29,-2.24,5.25,100,0.17,61.81,0.88,170.29,1.5,168.92
2023,4,30,1,0,0,0,0,0,0,0,0,-2.31,-2.4,-2.36,5.25,100,0.15,61.75,0.83,168.06,1.43,167.1
2023,4,30,2,0,0,0,0,0,0,0,0,-2.33,-2.46,-2.39,5.19,100,0.13,61.71,0.78,165.4,1.38,165.26
2023,4,30,3,0,0,0,0,0,0,0,0,-2.35,-2.49,-2.42,5.19,100,0.12,61.68,0.75,159.3,1.28,158.13
2023,4,30,4,0,0,0,0,0,0,0,0,-2.39,-2.55,-2.47,5.19,100,0.1,61.65,0.71,141.24,1.16,139.9
2023,4,30,5,0.11,0.15,0.58,11.45,16.42,1.4,0.01,0.02,-1.99,-2.45,-2.22,5.19,99.31,0.13,61.67,0.77,141.97,1.26,139.78
2023,4,30,6,0.39,0.67,1.63,42.45,70.48,5.5,0.05,0.25,-0.87,-2.02,-1.45,5.37,93.38,0.1,61.75,1.53,160.27,1.99,160.07
2023,4,30,7,0.64,1.37,2.61,72.42,146.65,9.59,0.17,0.85,0.05,-1.69,-0.82,5.49,88.75,0.09,61.8,2.23,167.43,2.84,167.45
2023,4,30,8,1.19,2.08,3.45,135.85,226.7,17.95,0.44,2.23,0.88,-2.11,-0.61,5.31,80.69,0.09,61.81,2.45,169.73,3.08,169.63
2023,4,30,9,1.27,2.65,4.1,144.88,293.4,18.62,0.52,2.6,2.42,-2.43,0,5.19,70.5,0.14,61.78,2.88,177.2,3.59,177.13
2023,4,30,10,0.95,3.02,4.52,120.12,335,16.39,0.52,2.52,4.11,-2.16,0.98,5.31,63.81,0.28,61.73,3.55,188.22,4.43,188.32
2023,4,30,11,1.13,3.16,4.66,137.55,352,18.64,0.59,2.9,5.14,-1.7,1.72,5.49,61.56,0.51,61.67,4.36,195.26,5.48,195.38
2023,4,30,12,0.91,3.09,4.53,117.25,346.12,16.16,0.49,2.42,5.29,-1.18,2.05,5.74,63.31,0.7,61.61,4.89,198.64,6.19,198.62
2023,4,30,13,0.82,2.75,4.13,102.6,306.45,14.23,0.41,2.02,4.63,-0.94,1.85,5.8,67.5,0.75,61.57,5,200.19,6.39,200.16
2023,4,30,14,0.83,2.22,3.49,107.4,246.98,14.52,0.35,1.8,3.61,-0.92,1.35,5.86,72.69,0.62,61.55,4.78,202.58,6.16,202.6
2023,4,30,15,0.58,1.56,2.65,68.42,172.3,9.51,0.17,0.88,2.65,-0.93,0.86,5.8,77.69,0.44,61.56,4.28,204.93,5.56,204.84
2023,4,30,16,0.25,0.84,1.68,28.52,91.08,4.09,0.04,0.2,1.48,-0.96,0.26,5.8,84.25,0.32,61.59,3.62,206.4,4.76,206.44
2023,4,30,17,0.17,0.21,0.63,18.7,23.42,2.46,0.01,0.02,-0.04,-1.13,-0.58,5.74,93,0.15,61.63,2.78,204.26,3.69,204.23
2023,4,30,18,0,0,0,0,0,0,0,0,-0.96,-1.56,-1.26,5.55,97.06,0.18,61.68,2.11,200.11,2.88,200.01
2023,4,30,19,0,0,0,0,0,0,0,0,-1.11,-1.69,-1.4,5.49,97.31,0.22,61.71,1.94,196.17,2.65,196.08
2023,4,30,20,0,0,0,0,0,0,0,0,-1.29,-1.85,-1.56,5.43,97.75,0.25,61.74,1.82,192.66,2.5,192.65
2023,4,30,21,0,0,0,0,0,0,0,0,-1.54,-2.05,-1.8,5.37,98.38,0.27,61.74,1.75,191.36,2.43,191.31
2023,4,30,22,0,0,0,0,0,0,0,0,-1.84,-2.32,-2.08,5.25,98.81,0.31,61.72,1.67,191.31,2.32,191.46
2023,4,30,23,0,0,0,0,0,0,0,0,-2.21,-2.7,-2.45,5.13,99.25,0.44,61.68,1.29,188.38,1.83,188.58
2023,5,1,0,0,0,0,0,0,0,0,0,-2.67,-3.06,-2.86,5,100,0.51,61.64,0.94,180.95,1.42,181.57
2023,5,1,1,0,0,0,0,0,0,0,0,-3,-3.35,-3.18,4.88,100,0.38,61.58,0.66,171.1,0.96,171.15
2023,5,1,2,0,0,0,0,0,0,0,0,-3.31,-3.63,-3.47,4.76,100,0.22,61.57,0.54,165.76,0.78,166.66
2023,5,1,3,0,0,0,0,0,0,0,0,-3.47,-3.84,-3.65,4.7,100,0.15,61.58,0.66,164.15,0.92,165.73
2023,5,1,4,0.02,0,0,0.02,0.02,0.01,0,0,-3.91,-4.06,-3.99,4.64,100,0.13,61.6,0.84,165.96,1.2,166.42
2023,5,1,5,0.03,0.18,0.59,3.7,20.3,0.53,0,0,-3.81,-4.22,-4.02,4.58,100,0,61.64,1.14,169.31,1.63,169.23
2023,5,1,6,0.17,0.78,1.64,18.45,85.27,2.7,0.02,0.12,-1.83,-3.99,-2.92,4.58,86.81,0.01,61.7,2.31,177.28,2.96,177.13
2023,5,1,7,0.34,1.53,2.62,40.85,170.45,6.05,0.1,0.52,-0.3,-4.09,-2.2,4.58,75.69,0.01,61.76,3.27,180.14,4.16,180.11
2023,5,1,8,0.72,2.24,3.46,90.12,252.15,13,0.31,1.6,0.82,-4.2,-1.7,4.52,68.81,0.01,61.8,3.96,180.57,5.02,180.54
2023,5,1,9,0.84,2.78,4.11,104.45,312.38,14.85,0.41,2.05,1.71,-4.31,-1.3,4.46,63.94,0.01,61.82,4.61,183.89,5.84,183.91
2023,5,1,10,1.17,3.09,4.52,144.88,347.35,20.38,0.62,3.05,2.3,-4.15,-0.92,4.52,62,0.01,61.82,5.08,188.67,6.43,188.73
2023,5,1,11,0.75,3.08,4.67,96.23,341.33,13.13,0.38,1.9,2.61,-3.94,-0.67,4.58,61.69,0.01,61.8,5.33,193.22,6.76,193.23
2023,5,1,12,0.7,2.92,4.53,90.15,318.48,12.28,0.34,1.7,2.76,-3.85,-0.54,4.64,61.5,0.01,61.76,5.43,196.22,6.9,196.24
2023,5,1,13,0.33,2.54,4.13,46.98,274.8,6.23,0.15,0.75,3,-3.71,-0.36,4.7,61.12,0.01,61.71,5.4,197.86,6.88,197.92
2023,5,1,14,0.48,2.03,3.49,62.67,218.77,8.87,0.2,1.02,2.68,-3.74,-0.53,4.7,62.44,0.01,61.67,5.31,199.42,6.81,199.52
2023,5,1,15,0.25,1.39,2.66,31.58,147.65,4.45,0.07,0.35,1.85,-3.92,-1.03,4.64,65.38,0.01,61.67,5.07,200.67,6.53,200.76
2023,5,1,16,0.16,0.74,1.69,17.98,78.65,2.48,0.02,0.1,0.44,-4.17,-1.87,4.52,70.88,0.01,61.68,4.53,202.54,5.87,202.61
2023,5,1,17,0.09,0.2,0.65,9.88,21.3,1.38,0,0.02,-1.17,-4.27,-2.72,4.52,80.12,0.42,61.72,3.5,203.94,4.62,203.92
2023,5,1,18,0,0,0,0,0,0,0,0,-2.93,-4.21,-3.57,4.52,93.62,0.3,61.77,2.18,200.77,3,200.61
2023,5,1,19,0,0,0,0,0,0,0,0,-3.59,-4.17,-3.88,4.58,99.69,0.21,61.83,1.51,189.85,2.12,189.78
2023,5,1,20,0,0,0,0,0,0,0,0,-4.02,-4.4,-4.2,4.46,100,0.13,61.87,0.96,176.28,1.53,174.43
2023,5,1,21,0,0,0,0,0,0,0,0,-4.47,-4.69,-4.58,4.39,100,0.09,61.87,0.89,159.33,1.34,157.77
2023,5,1,22,0,0,0,0,0,0,0,0,-4.8,-4.99,-4.89,4.27,100,0.09,61.85,0.7,141.84,1.01,139.69
2023,5,1,23,0,0,0,0,0,0,0,0,-5.23,-5.39,-5.31,4.15,100,0.09,61.82,0.47,108.43,0.71,103.42
2023,5,2,0,0,0,0,0,0,0,0,0,-5.72,-5.87,-5.8,3.97,100,0.1,61.78,0.41,72.26,0.72,63.71
2023,5,2,1,0,0,0,0,0,0,0,0,-6.02,-6.28,-6.16,3.85,100,0.09,61.75,0.46,54.69,0.95,46.67
2023,5,2,2,0,0,0,0,0,0,0,0,-6.12,-6.67,-6.39,3.72,100,0.07,61.71,0.58,41.7,1.2,37.09
2023,5,2,3,0,0,0,0,0,0,0,0,-6.06,-7.05,-6.55,3.6,96.94,0.05,61.69,0.69,35.84,1.37,33.87
2023,5,2,4,0,0,0,0,0,0,0,0,-5.79,-7.34,-6.56,3.48,92.38,0.05,61.68,0.75,37.35,1.42,36.05
2023,5,2,5,0.04,0.2,0.61,4.05,21.2,0.58,0,0,-4.56,-7.1,-5.82,3.6,84.88,0.14,61.7,0.8,47.39,1.24,45.76
2023,5,2,6,0.18,0.81,1.65,20.4,88.7,3.02,0.03,0.15,-2.24,-5.91,-4.07,3.97,76.88,0.14,61.74,0.75,135.42,0.9,134.65
2023,5,2,7,0.34,1.57,2.63,43.02,176.3,6.38,0.12,0.58,-0.48,-4.67,-2.57,4.33,73.31,0.19,61.78,2.04,184.4,2.49,184.14
2023,5,2,8,0.37,2.28,3.47,49.55,258.98,7.27,0.17,0.9,1.01,-4.11,-1.55,4.52,68.44,0.3,61.8,2.77,188.93,3.42,188.93
2023,5,2,9,0.46,2.84,4.12,63.8,325.23,9.46,0.27,1.35,2.25,-3.77,-0.77,4.64,64.19,0.38,61.82,3.38,190.4,4.2,190.39
2023,5,2,10,0.98,3.22,4.53,127.42,370.85,18.66,0.6,2.98,3.13,-3.34,-0.1,4.82,62.44,0.49,61.82,3.91,192.57,4.9,192.53
2023,5,2,11,1.11,3.7,4.67,150.08,445.42,23.23,0.8,4.02,3.47,-2.77,0.35,5.07,63.69,0.53,61.8,4.38,194.46,5.5,194.47
2023,5,2,12,0.82,3.55,4.54,112.08,424.73,17.45,0.58,2.85,3.53,-2.36,0.58,5.19,65.44,0.57,61.77,4.74,196.37,5.99,196.38
2023,5,2,13,0.73,3.14,4.14,99.4,372.9,15.28,0.47,2.38,3.5,-2.17,0.67,5.31,66.5,0.59,61.73,5.06,197.99,6.43,198.04
2023,5,2,14,0.96,2.53,3.5,112.33,297.58,16.75,0.47,2.4,3.22,-2.14,0.54,5.31,68.06,0.61,61.7,5.19,200.54,6.67,200.58
2023,5,2,15,0.59,1.74,2.67,65.45,200.73,9.51,0.2,1,2.48,-2.1,0.19,5.31,72,0.55,61.69,4.93,201.65,6.39,201.61
2023,5,2,16,0.21,0.93,1.69,23.75,103.38,3.41,0.04,0.17,1.37,-2.15,-0.39,5.31,77.69,0.41,61.71,4.23,200.78,5.51,200.75
2023,5,2,17,0.05,0.25,0.66,5.58,26.73,0.8,0,0,-0.13,-2.14,-1.13,5.31,86.81,0.22,61.75,3,198.06,4,197.97
2023,5,2,18,0,0,0,0,0,0,0,0,-1.91,-2.28,-2.1,5.25,99.94,0.2,61.79,1.42,189.2,2.08,188.4
2023,5,2,19,0,0,0,0,0,0,0,0,-2.11,-2.38,-2.24,5.25,100,0.18,61.83,1.29,180.69,1.93,180.93
2023,5,2,20,0,0,0,0,0,0,0,0,-2.35,-2.45,-2.4,5.25,100,0.19,61.88,1.01,182.66,1.63,182.47
2023,5,2,21,0,0,0,0,0,0,0,0,-2.37,-2.46,-2.42,5.25,100,0.21,61.89,1.12,185.19,1.77,185.33
2023,5,2,22,0,0,0,0,0,0,0,0,-2.45,-2.47,-2.45,5.25,100,0.26,61.88,1.12,189.26,1.84,189.3
2023,5,2,23,0,0,0,0,0,0,0,0,-2.41,-2.45,-2.43,5.25,100,0.28,61.85,1.28,193.02,2.1,193.11
2023,5,3,0,0,0,0,0,0,0,0,0,-2.13,-2.24,-2.18,5.31,100,0.29,61.81,1.74,194.85,2.72,194.84
2023,5,3,1,0,0,0,0,0,0,0,0,-2.01,-2.17,-2.09,5.31,100,0.3,61.78,1.8,196.15,2.77,196.19
2023,5,3,2,0,0,0,0,0,0,0,0,-2.12,-2.24,-2.18,5.31,100,0.24,61.76,1.63,194.7,2.55,194.72
2023,5,3,3,0,0,0,0,0,0,0,0,-2.54,-2.52,-2.52,5.19,100,0.19,61.75,1.37,194.19,2.29,193.99
2023,5,3,4,0,0,0,0,0,0,0,0,-3.04,-2.9,-2.97,5,100,0.19,61.78,1.32,191.64,2.31,191.73
2023,5,3,5,0.1,0.19,0.62,12.02,20.65,1.53,0.01,0.02,-2.55,-2.77,-2.66,5.07,100,0,61.82,1.75,183.32,2.69,183.67
2023,5,3,6,0.09,0.79,1.67,9.9,85.75,1.07,0.01,0.05,-0.84,-2.14,-1.49,5.31,92.25,0,61.85,3.35,180.93,4.43,180.91
2023,5,3,7,0.67,1.56,2.64,80.35,173.65,10.79,0.2,1,0.41,-2.06,-0.83,5.31,83.81,0,61.87,4.72,184.27,6.17,184.21
2023,5,3,8,0.93,2.3,3.48,114.85,261.52,15.7,0.39,2,1.35,-2.11,-0.38,5.31,77.94,0,61.89,5.4,187.23,7.02,187.16
2023,5,3,9,1.2,2.89,4.12,146.17,332.52,20.23,0.59,2.98,2.4,-2.06,0.18,5.31,72.5,0,61.9,5.77,190.84,7.48,190.77
2023,5,3,10,1.41,3.28,4.53,173.05,379.23,24.55,0.8,3.92,2.59,-1.93,0.33,5.37,72.19,0,61.91,6.2,196.86,8.07,196.87
2023,5,3,11,1.62,3.68,4.67,207.4,439.48,30.67,1.03,5.2,2.21,-1.95,0.13,5.37,74.12,0,61.91,6.22,201.37,8.13,201.48
2023,5,3,12,1.51,3.52,4.54,191.8,417.08,27.91,0.92,4.52,2.76,-1.97,0.4,5.37,71.25,0,61.88,5.94,203.26,7.7,203.31
2023,5,3,13,1.48,3.1,4.14,176.55,363.42,25.41,0.78,3.95,3.37,-1.99,0.69,5.37,68,0,61.85,5.85,204.61,7.55,204.63
2023,5,3,14,1.12,2.44,3.5,133.98,281.55,18.73,0.48,2.48,2.9,-2.2,0.35,5.25,69.31,0,61.82,5.57,206.67,7.21,206.7
2023,5,3,15,0.73,1.64,2.67,85.52,184.83,11.78,0.23,1.12,1.51,-2.19,-0.35,5.31,76.81,0,61.81,4.75,209.56,6.2,209.66
2023,5,3,16,0.43,0.82,1.7,48.17,88.48,6.47,0.07,0.33,0.68,-1.97,-0.64,5.37,83.06,0,61.81,3.94,212.62,5.17,212.85
2023,5,3,17,0.13,0.21,0.67,14.6,22.9,2.01,0.01,0.02,-0.19,-1.88,-1.03,5.43,89.38,0.16,61.81,2.96,213.06,3.97,213.44
2023,5,3,18,0,0,0,0,0,0,0,0,-1.64,-1.94,-1.79,5.43,100,0.09,61.84,1.46,204.37,2.18,205.28
2023,5,3,19,0,0,0,0,0,0,0,0,-1.9,-2.13,-2.02,5.37,100,0.06,61.89,1.71,200.59,2.44,200.41
2023,5,3,20,0,0,0,0,0,0,0,0,-2.01,-2.26,-2.13,5.31,100,0.06,61.92,1.85,196.14,2.65,196.08
2023,5,3,21,0,0,0,0,0,0,0,0,-2.05,-2.28,-2.17,5.31,100,0.07,61.91,1.97,192.82,2.84,192.85
2023,5,3,22,0,0,0,0,0,0,0,0,-2.14,-2.38,-2.26,5.25,100,0.09,61.89,1.96,190.59,2.84,190.47
2023,5,3,23,0,0,0,0,0,0,0,0,-2.34,-2.68,-2.51,5.13,100,0.1,61.84,1.9,191.86,2.77,191.72
2023,5,4,0,0,0,0,0,0,0,0,0,-2.81,-3.02,-2.91,5,100,0.1,61.79,1.35,192.35,2.13,192.3
2023,5,4,1,0,0,0,0,0,0,0,0,-3.2,-3.31,-3.26,4.88,100,0.13,61.75,1.22,194.04,2.06,193.61
2023,5,4,2,0,0,0,0,0,0,0,0,-3.5,-3.51,-3.51,4.82,100,0.21,61.72,1.13,194.8,2.03,193.82
2023,5,4,3,0,0,0,0,0,0,0,0,-4.08,-3.81,-3.95,4.7,100,0.26,61.7,1.07,193.53,1.97,192.38
2023,5,4,4,0,0,0,0,0,0,0,0,-4.54,-4.15,-4.35,4.58,100,0.17,61.71,1.03,192.77,1.76,192.31
2023,5,4,5,0.07,0.23,0.64,8.67,25.4,1.26,0.01,0.02,-3.87,-4.09,-3.98,4.64,100,0.8,61.73,0.99,176.82,1.51,176.74
2023,5,4,6,0.37,0.95,1.68,42.77,107.27,6.12,0.06,0.33,-1.85,-3.65,-2.75,4.76,90.25,0.25,61.75,1.74,172.52,2.25,173.02
2023,5,4,7,0.58,1.79,2.65,71.58,209.2,10.58,0.21,1.02,-0.06,-3.3,-1.68,4.88,79.38,0.14,61.77,2.6,170.48,3.27,170.22
2023,5,4,8,1.25,2.57,3.49,152.42,303.92,21.96,0.58,2.98,1.07,-3.23,-1.08,4.88,73.19,0.13,61.79,3.57,178.25,4.49,178.21
2023,5,4,9,1.1,3.19,4.13,140.38,379.2,20.92,0.66,3.35,1.73,-3.27,-0.77,4.88,69.56,0.21,61.81,4.3,191.94,5.45,191.91
2023,5,4,10,1.69,3.61,4.53,209.35,428.95,30.78,1.05,5.23,2.73,-3.05,-0.16,4.94,65.94,0.35,61.8,4.66,195.06,5.94,194.95
2023,5,4,11,2.07,3.8,4.68,263.55,455.3,39.33,1.38,7.08,3.55,-2.58,0.48,5.13,64.44,0.41,61.76,5.66,198.36,7.32,198.36
2023,5,4,12,2.02,3.71,4.54,247.88,445.55,36.99,1.28,6.38,3.44,-2.09,0.68,5.31,67.25,0.4,61.72,6.49,202.95,8.51,202.89
2023,5,4,13,1.64,3.32,4.14,205.08,399.65,30.27,0.95,4.8,3.01,-1.73,0.64,5.43,71.06,0.36,61.69,6.66,207.44,8.79,207.25
2023,5,4,14,1.44,2.73,3.51,178.1,327.35,25.67,0.68,3.48,2.76,-1.56,0.61,5.55,73.31,0.31,61.67,6.32,211.51,8.35,211.15
2023,5,4,15,0.87,1.99,2.68,107.95,239,15.56,0.3,1.5,2.26,-1.42,0.41,5.62,76.81,0.27,61.66,5.46,216.33,7.23,215.85
2023,5,4,16,0.47,1.15,1.71,57.08,136.25,7.9,0.09,0.42,1.3,-1.41,-0.06,5.62,82.69,0.2,61.67,4.18,220.38,5.55,219.74
2023,5,4,17,0.14,0.35,0.68,16.67,38.85,2.4,0.01,0.02,-0.13,-1.55,-0.85,5.55,91.31,0.13,61.69,2.54,220.39,3.44,220.21
2023,5,4,18,0,0,0,0,0,0,0,0,-1.84,-2.2,-2.02,5.31,100,0.09,61.72,1.24,217.59,1.87,219.41
2023,5,4,19,0,0,0,0,0,0,0,0,-2.12,-2.38,-2.25,5.25,100,0.07,61.77,1.04,219.53,1.56,222.16
2023,5,4,20,0,0,0,0,0,0,0,0,-2.32,-2.49,-2.41,5.25,100,0.05,61.8,0.69,226.85,1.05,228.61
2023,5,4,21,0,0,0,0,0,0,0,0,-2.64,-2.67,-2.66,5.19,100,0.04,61.81,0.42,231.84,0.69,230.03
2023,5,4,22,0,0,0,0,0,0,0,0,-2.84,-2.87,-2.85,5.13,100,0.03,61.79,0.31,236.31,0.49,237.32
2023,5,4,23,0,0,0,0,0,0,0,0,-3.19,-3.2,-3.19,5,100,0.02,61.77,0.1,284.04,0.18,289.98
2023,5,5,0,0,0,0,0,0,0,0,0,-4.02,-3.78,-3.9,4.76,100,0.02,61.72,0.46,20.9,0.72,21.57
2023,5,5,1,0,0,0,0,0,0,0,0,-5.1,-4.61,-4.85,4.46,100,0.02,61.68,0.78,26.82,1.35,29.38
2023,5,5,2,0,0,0,0,0,0,0,0,-5.82,-5.56,-5.7,4.15,100,0.02,61.65,0.95,27.82,1.72,31.1
2023,5,5,3,0,0,0,0,0,0,0,0,-6.24,-6.56,-6.4,3.78,100,0.02,61.63,1.04,31.78,1.85,34.36
2023,5,5,4,0,0,0,0,0,0,0,0,-6.46,-7.47,-6.96,3.54,98,0.02,61.64,1.09,34.15,1.91,36.17
2023,5,5,5,0.29,0.34,0.65,32.12,37.67,3.79,0.02,0.05,-5.04,-7.55,-6.29,3.48,86.38,0,61.67,1.15,30.23,1.84,32.88
2023,5,5,6,0.97,1.19,1.69,114.45,141.75,14.41,0.16,0.8,-1.8,-5.99,-3.89,3.97,75,0,61.73,0.89,45.36,1.13,43.6
2023,5,5,7,1.72,2.04,2.66,204.55,245.5,27.58,0.55,2.73,1.29,-5,-1.85,4.33,63.56,0,61.77,0.29,201.8,0.36,199.23
2023,5,5,8,2.38,2.78,3.49,289.15,335.27,40.31,1.09,5.55,3.8,-5.31,-0.76,4.21,51.69,0,61.79,1.49,211.94,1.82,211.64
2023,5,5,9,2.63,3.37,4.13,323.58,405.08,46.52,1.52,7.67,5.51,-5.35,0.08,4.15,45.31,0,61.78,2.48,206.81,3.07,206.3
2023,5,5,10,2.88,3.73,4.54,351.33,448.92,51.02,1.81,9.5,6.65,-5.1,0.78,4.21,42.69,0,61.75,3.42,207.21,4.28,206.71
2023,5,5,11,2.72,3.84,4.68,341.4,461.42,49.7,1.82,9.55,7.25,-4.56,1.34,4.39,42.75,0,61.72,4.17,209.16,5.27,208.73
2023,5,5,12,2.42,3.7,4.55,299.95,444.83,43.73,1.56,7.98,6.9,-3.92,1.49,4.64,46,0,61.69,4.52,211.22,5.75,210.92
2023,5,5,13,2.16,3.31,4.15,265.85,398.9,38.35,1.25,6.27,6.29,-3.41,1.44,4.82,49.88,0,61.66,4.6,215.53,5.86,215.17
2023,5,5,14,1.56,2.72,3.51,190.98,326.88,27.35,0.77,4.02,5.65,-3.2,1.23,4.88,53,0,61.63,4.59,220.65,5.86,220.29
2023,5,5,15,1,1.95,2.68,121.48,234.52,16.82,0.36,1.8,4.61,-3.23,0.69,4.88,57,0,61.62,4.26,224.48,5.48,224.19
2023,5,5,16,0.52,1.1,1.72,60.75,131,7.9,0.09,0.48,3.24,-3.01,0.12,5,64,0,61.63,3.58,225.88,4.64,225.55
2023,5,5,17,0.16,0.32,0.69,19.08,36.33,2.62,0.01,0.05,1.57,-2.52,-0.48,5.19,75,0,61.65,2.49,222.2,3.34,221.97
2023,5,5,18,0,0,0,0,0,0,0,0,-0.49,-1.88,-1.18,5.49,92.38,0,61.68,1,214.81,1.72,212.75
2023,5,5,19,0,0,0,0,0,0,0,0,-0.62,-1.37,-0.99,5.68,97.06,0,61.71,1.1,198.69,1.56,200.15
2023,5,5,20,0,0,0,0,0,0,0,0,-0.6,-1.13,-0.87,5.8,98.56,0,61.73,0.96,191.31,1.32,193.3
2023,5,5,21,0,0,0,0,0,0,0,0,-0.76,-1.08,-0.92,5.8,100,0,61.72,0.6,205.56,0.95,206.35
2023,5,5,22,0,0,0,0,0,0,0,0,-1,-1.1,-1.05,5.8,100,0,61.7,0.58,221.7,1.09,218.02
2023,5,5,23,0,0,0,0,0,0,0,0,-1.2,-1.13,-1.17,5.8,100,0,61.66,0.58,222.27,1.17,218.24
2023,5,6,0,0,0,0,0,0,0,0,0,-1.45,-1.22,-1.33,5.8,100,0,61.63,0.59,220.68,1.21,216.05
2023,5,6,1,0,0,0,0,0,0,0,0,-1.64,-1.3,-1.47,5.74,100,0,61.6,0.6,220.28,1.26,215.66
2023,5,6,2,0,0,0,0,0,0,0,0,-1.88,-1.39,-1.63,5.74,100,0,61.58,0.58,220.6,1.16,215.72
2023,5,6,3,0,0,0,0,0,0,0,0,-2.06,-1.53,-1.8,5.68,100,0,61.57,0.45,215.07,0.8,212.3
2023,5,6,4,0,0,0,0,0,0,0,0,-2.15,-1.77,-1.96,5.55,100,0,61.58,0.14,202.38,0.23,206.57
2023,5,6,5,0.31,0.33,0.67,35.12,36.92,4.14,0.02,0.08,-1.73,-2.14,-1.94,5.43,100,0,61.62,0.37,30.34,0.52,27.72
2023,5,6,6,1.1,1.19,1.7,129.35,142.42,15.75,0.19,0.92,0.19,-3.09,-1.45,5,80.06,0,61.65,0.84,3.21,1.05,1.71
2023,5,6,7,1.97,2.06,2.67,236.2,247.55,31.2,0.65,3.23,3.44,-5.27,-0.92,4.21,53.38,0,61.69,1.12,302.81,1.35,302.68
2023,5,6,8,2.57,2.81,3.5,312.48,338.17,43.25,1.23,6.25,6.11,-6.8,-0.35,3.66,38.75,0,61.72,1.68,249.04,2.04,248.85
2023,5,6,9,2.9,3.39,4.14,355.42,407.75,50.77,1.73,8.92,7.83,-6.79,0.52,3.66,34.38,0,61.75,2.69,222.17,3.32,221.76
2023,5,6,10,3.22,3.76,4.54,396.98,451.2,57.19,2.12,11.35,8.88,-5.78,1.55,4.03,34.88,0,61.77,3.8,213.69,4.75,213.25
2023,5,6,11,3.1,3.89,4.68,387.23,466.3,56.38,2.16,11.7,8.92,-4.37,2.27,4.52,39,0,61.77,4.65,212.04,5.86,211.87
2023,5,6,12,2.92,3.76,4.55,354.98,450.08,51.33,1.91,10.23,8.15,-2.98,2.58,5,45.81,0,61.75,5.04,213.94,6.37,213.81
2023,5,6,13,2.54,3.38,4.15,309.65,404.27,44.56,1.53,7.77,7.3,-2.43,2.44,5.19,50.25,0,61.73,5.22,217.64,6.64,217.54
2023,5,6,14,2.06,2.78,3.52,248.25,332.25,34.84,1.02,5.35,6.62,-2.49,2.06,5.19,52.38,0,61.7,5.35,220.74,6.86,220.62
2023,5,6,15,1.48,2.01,2.69,175.6,239.73,23.74,0.52,2.62,5.75,-2.87,1.44,5,53.88,0,61.68,5.22,221.78,6.75,221.62
2023,5,6,16,0.78,1.15,1.72,90.17,135.65,11.43,0.15,0.73,4.39,-3.05,0.67,4.94,58.5,0,61.69,4.54,220.74,5.92,220.5
2023,5,6,17,0.26,0.35,0.7,28.98,38.85,3.62,0.02,0.08,2.62,-2.91,-0.14,5,67.19,0,61.71,3.33,216.12,4.43,215.82
2023,5,6,18,0,0,0,0,0,0,0,0,0.29,-2.2,-0.95,5.31,84.38,0,61.74,1.41,207.42,2.24,205.14
2023,5,6,19,0,0,0,0,0,0,0,0,-0.84,-1.63,-1.24,5.55,96.44,0,61.77,1,194.04,1.74,189.55
2023,5,6,20,0,0,0,0,0,0,0,0,-1.03,-1.25,-1.14,5.74,100,0,61.78,0.82,183.27,1.45,179.69
2023,5,6,21,0,0,0,0,0,0,0,0,-1.13,-1.16,-1.14,5.8,100,0,61.77,0.88,181.53,1.49,179.4
2023,5,6,22,0,0,0,0,0,0,0,0,-1.21,-1.18,-1.2,5.8,100,0,61.75,0.98,179.09,1.61,179.17
2023,5,6,23,0,0,0,0,0,0,0,0,-1.67,-1.49,-1.57,5.68,100,0,61.72,0.98,181.83,1.7,180.79
2023,5,7,0,0,0,0,0,0,0,0,0,-1.96,-1.77,-1.87,5.55,100,0,61.67,0.98,180.45,1.67,180.54
2023,5,7,1,0,0,0,0,0,0,0,0,-2.2,-2.06,-2.13,5.43,100,0,61.64,1.07,178.33,1.7,179.74
2023,5,7,2,0,0,0,0,0,0,0,0,-2.68,-2.43,-2.56,5.25,100,0,61.61,0.85,183.15,1.46,184
2023,5,7,3,0,0,0,0,0,0,0,0,-3.02,-2.78,-2.9,5.13,100,0,61.6,0.68,188.6,1.3,186.57
2023,5,7,4,0,0,0,0,0,0,0,0,-3.6,-3.09,-3.34,5,100,0,61.61,0.66,188.23,1.23,186.58
2023,5,7,5,0.35,0.38,0.68,38.95,42.42,4.38,0.02,0.08,-2.78,-3.21,-2.99,4.94,100,0,61.64,0.82,186.04,1.23,185.1
2023,5,7,6,1.05,1.23,1.71,121.45,144.77,15.12,0.17,0.88,-0.71,-4.13,-2.42,4.64,79.56,0,61.68,1.41,195.12,1.73,195.16
2023,5,7,7,1.73,2.09,2.67,206.5,248.95,27.77,0.57,2.83,1.18,-6,-2.41,3.97,59.06,0,61.72,1.66,202.1,2,201.76
2023,5,7,8,2.42,2.85,3.5,291.17,339.48,40.77,1.14,5.88,3.45,-6.88,-1.72,3.66,46.56,0,61.74,2.56,206.41,3.13,206.24
2023,5,7,9,2.81,3.43,4.14,338.2,409.1,48.52,1.61,8.35,5.5,-6.95,-0.73,3.66,40,0,61.74,3.68,209.67,4.54,209.39
2023,5,7,10,2.91,3.81,4.54,357.55,452.88,52.23,1.91,10.02,6.98,-6.74,0.12,3.72,36.62,0,61.73,4.77,211.53,5.97,211.3
2023,5,7,11,2.69,3.91,4.68,335.05,463.45,48.98,1.84,9.8,7.77,-5.98,0.9,3.91,36.88,0,61.72,5.66,213.01,7.18,212.74
2023,5,7,12,2.42,3.79,4.55,296.4,447.52,43.37,1.6,8.33,7.62,-4.74,1.44,4.33,41,0,61.7,6.12,215.44,7.8,215.17
2023,5,7,13,2.03,3.4,4.15,249.27,402.27,36.24,1.23,6.17,6.94,-3.96,1.49,4.58,45.62,0,61.68,6.13,218.53,7.84,218.29
2023,5,7,14,1.61,2.79,3.52,195.75,330.23,28.02,0.8,4.23,6.32,-3.79,1.26,4.64,48.25,0,61.66,5.97,221.45,7.66,221.2
2023,5,7,15,1.15,2.02,2.69,136.9,238,19.16,0.42,2.1,5.44,-4.17,0.64,4.52,49.75,0,61.66,5.62,223.48,7.25,223.17
2023,5,7,16,0.65,1.16,1.73,74.17,134.65,9.65,0.12,0.6,3.98,-4.59,-0.3,4.39,53.31,0,61.68,4.93,223.84,6.43,223.57
2023,5,7,17,0.31,0.35,0.71,33.8,39.12,3.99,0.02,0.08,2.16,-4.82,-1.33,4.27,59.56,0,61.72,3.7,221.06,4.93,220.76
2023,5,7,18,0,0,0,0,0,0,0,0,-0.21,-4.26,-2.24,4.52,74.5,0,61.76,1.63,218.57,2.61,215.74
2023,5,7,19,0,0,0,0,0,0,0,0,-1.36,-4.42,-2.88,4.46,80.94,0,61.8,1.23,215.2,2.11,209.22
2023,5,7,20,0,0,0,0,0,0,0,0,-1.96,-4.92,-3.45,4.27,81.62,0,61.83,1.05,206.95,1.69,201.36
2023,5,7,21,0,0,0,0,0,0,0,0,-2.56,-5.26,-3.91,4.15,83.69,0,61.84,0.86,194.66,1.35,191.05
2023,5,7,22,0,0,0,0,0,0,0,0,-3.1,-5.46,-4.28,4.09,86.38,0,61.83,0.68,180.66,1.05,178.72
2023,5,7,23,0,0,0,0,0,0,0,0,-3.68,-5.6,-4.63,4.09,89.88,0,61.79,0.58,161.81,0.88,161.89
2023,5,8,0,0,0,0,0,0,0,0,0,-4.31,-5.71,-5.01,4.03,93.94,0,61.73,0.51,143.13,0.76,145.01
2023,5,8,1,0,0,0,0,0,0,0,0,-4.88,-5.85,-5.37,4.03,97.69,0,61.7,0.45,128.66,0.66,132.14
2023,5,8,2,0,0,0,0,0,0,0,0,-5.31,-6.03,-5.67,3.97,100,0,61.67,0.38,104.32,0.54,105.04
2023,5,8,3,0,0,0,0,0,0,0,0,-5.84,-6.35,-6.1,3.85,100,0,61.67,0.44,68.01,0.68,66.37
2023,5,8,4,0,0,0,0,0,0,0,0,-6.5,-6.81,-6.65,3.72,100,0,61.68,0.63,49.55,1.1,49.88
2023,5,8,5,0.25,0.3,0.69,26.58,32.45,3.28,0.02,0.05,-5.32,-7.32,-6.32,3.6,90.5,0,61.72,1.03,39.47,1.65,43.08
2023,5,8,6,0.73,1.06,1.72,83.65,120.88,10.73,0.13,0.65,-1.96,-8.77,-5.37,3.17,60.56,0,61.76,1.25,46.77,1.59,47.78
2023,5,8,7,1.25,1.93,2.68,146.42,224.7,20.23,0.45,2.23,1.03,-9.91,-4.44,2.87,42.88,0,61.8,0.24,250.97,0.29,251.08
2023,5,8,8,1.87,2.71,3.51,222.02,317.65,31.05,0.89,4.77,3.58,-9.52,-2.97,2.93,36.62,0,61.83,2.33,224.32,2.83,224.33
2023,5,8,9,2.4,3.31,4.15,284.1,390.25,40.02,1.36,6.7,5.64,-8.94,-1.65,3.05,33.19,0,61.84,3.91,215.66,4.86,215.45
2023,5,8,10,2.91,3.7,4.55,346.8,436.73,49.16,1.81,9.33,6.92,-8.46,-0.77,3.17,31.69,0,61.82,4.96,210.28,6.23,210.1
2023,5,8,11,2.77,3.82,4.69,345.38,455.77,49.89,1.89,10,7.57,-8.19,-0.31,3.23,30.94,0,61.8,5.76,208.41,7.31,208.21
2023,5,8,12,2.98,3.7,4.55,364.58,442.1,52.2,1.91,9.98,7.61,-8.07,-0.24,3.3,31.06,0,61.78,6.4,209.38,8.19,209.23
2023,5,8,13,2.55,3.33,4.16,311.02,399.67,44.35,1.5,7.55,7.08,-7.88,-0.41,3.36,32.75,0,61.75,6.61,210.96,8.5,210.78
2023,5,8,14,2.11,2.77,3.52,256.83,331.95,35.98,1.02,5.33,6.19,-7.8,-0.81,3.36,35.06,0,61.73,6.34,211.91,8.18,211.73
2023,5,8,15,1.58,2.03,2.7,189.92,243.33,25.55,0.55,2.73,4.98,-7.9,-1.45,3.36,37.81,0,61.72,5.73,211.96,7.41,211.73
2023,5,8,16,0.86,1.19,1.74,101.48,142.35,12.81,0.16,0.77,3.43,-7.86,-2.22,3.36,42.31,0,61.72,4.88,210.26,6.38,209.99
2023,5,8,17,0.28,0.39,0.72,32.45,44.5,3.98,0.02,0.08,1.45,-7.27,-2.91,3.54,51.38,0,61.74,3.64,205.52,4.88,205.09
2023,5,8,18,0,0,0,0,0,0,0,0,-1.09,-5.66,-3.38,4.03,71.69,0,61.77,1.8,197.41,2.81,195.46
2023,5,8,19,0,0,0,0,0,0,0,0,-2.01,-5,-3.51,4.27,81.44,0,61.79,1.6,186.43,2.58,183.99
2023,5,8,20,0,0,0,0,0,0,0,0,-2.63,-4.96,-3.8,4.27,85.88,0,61.82,1.57,188.85,2.59,185.88
2023,5,8,21,0,0,0,0,0,0,0,0,-3.14,-5.06,-4.1,4.21,89.12,0,61.85,1.48,193.15,2.45,188.8
2023,5,8,22,0,0,0,0,0,0,0,0,-3.6,-5,-4.31,4.27,93.19,0,61.83,1.43,185.96,2.4,180.19
2023,5,8,23,0,0,0,0,0,0,0,0,-4.14,-4.92,-4.53,4.27,98.12,0,61.8,1.35,177.02,2.33,169.78
2023,5,9,0,0,0,0,0,0,0,0,0,-4.33,-4.77,-4.55,4.33,100,0,61.74,1.32,179.66,2.3,173.57
2023,5,9,1,0,0,0,0,0,0,0,0,-4.2,-4.62,-4.41,4.39,100,0,61.72,1.49,198.05,2.47,194.12
2023,5,9,2,0,0,0,0,0,0,0,0,-4.91,-4.79,-4.85,4.33,100,0,61.7,1.47,212.59,2.55,207.98
2023,5,9,3,0,0,0,0,0,0,0,0,-5.2,-5.45,-5.32,4.15,100,0,61.69,1.33,218.35,2.22,214.53
2023,5,9,4,0,0,0,0,0,0,0,0,-5.6,-6.06,-5.83,3.97,100,0,61.7,0.96,206.57,1.54,205.53
2023,5,9,5,0.3,0.36,0.71,33.25,39.62,4.05,0.02,0.08,-4.55,-6.25,-5.4,3.91,93,0,61.72,0.8,195.95,1.15,191.77
2023,5,9,6,0.97,1.18,1.73,109.92,135.7,13.55,0.16,0.77,-1.92,-7.66,-4.79,3.54,66.88,0,61.75,1.62,206.69,2,206.77
2023,5,9,7,1.94,2.05,2.69,224.55,240.08,29.46,0.59,2.95,0.37,-9.92,-4.78,2.87,44.94,0,61.78,2.68,214.29,3.31,214.14
2023,5,9,8,2.52,2.82,3.52,297.75,331.45,40.98,1.12,5.77,2.48,-10.6,-4.06,2.69,36.06,0,61.8,3.7,213.72,4.6,213.5
2023,5,9,9,2.61,3.41,4.15,309.6,401.58,44.45,1.47,7.5,4.2,-9.98,-2.89,2.81,33.62,0,61.81,4.71,212.74,5.9,212.41
2023,5,9,10,2.99,3.79,4.55,362.58,446.75,52.56,1.91,9.85,5.45,-8.54,-1.55,3.17,34.94,0,61.8,5.59,212.62,7.07,212.35
2023,5,9,11,2.89,3.82,4.69,354.58,447.85,50.44,1.85,9.85,5.94,-6.54,-0.31,3.72,39.94,0.01,61.78,6.16,213.37,7.85,213.06
2023,5,9,12,2.56,3.79,4.56,306.5,437.62,44.53,1.63,8.45,5.97,-4.92,0.52,4.27,45.31,0.02,61.74,6.5,215.41,8.33,215.11
2023,5,9,13,2.11,3.41,4.16,254.58,395.65,36.74,1.26,6.23,5.76,-4.39,0.68,4.46,48,0.03,61.68,6.82,219.51,8.81,219.17
2023,5,9,14,1.79,2.81,3.53,213.65,327.25,30.3,0.88,4.58,5.27,-3.92,0.68,4.64,51.62,0.04,61.64,6.83,222.78,8.89,222.51
2023,5,9,15,1.29,2.04,2.71,150.33,238,20.68,0.45,2.2,3.72,-2.78,0.47,5.13,63.25,0.05,61.59,6.2,223.16,8.09,222.89
2023,5,9,16,0.7,1.18,1.75,80.25,136.52,10.36,0.12,0.62,1.9,-2.1,-0.1,5.37,75.94,0.06,61.56,5.24,224.4,6.83,224.12
2023,5,9,17,0.27,0.37,0.73,30.17,41.3,3.66,0.02,0.08,0.4,-1.74,-0.67,5.55,86.75,0.03,61.55,4.07,224.14,5.37,223.88
2023,5,9,18,0,0,0,0,0,0,0,0,-0.74,-1.64,-1.19,5.55,95.56,0.03,61.55,2.53,220.24,3.47,219.79
2023,5,9,19,0,0,0,0,0,0,0,0,-0.97,-1.51,-1.24,5.62,98.19,0.02,61.58,2.32,209.24,3.21,209.12
2023,5,9,20,0,0,0,0,0,0,0,0,-1.1,-1.48,-1.29,5.62,99.25,0.02,61.6,2.76,202.79,3.83,202.8
2023,5,9,21,0,0,0,0,0,0,0,0,-1.27,-1.55,-1.42,5.55,100,0.02,61.62,3.31,203.84,4.6,203.74
2023,5,9,22,0,0,0,0,0,0,0,0,-1.53,-1.81,-1.67,5.49,100,0.02,61.62,3.2,205.63,4.46,205.44
2023,5,9,23,0,0,0,0,0,0,0,0,-2.04,-2.33,-2.19,5.25,100,0.02,61.63,2.68,208.21,3.8,207.73
2023,5,10,0,0,0,0,0,0,0,0,0,-2.71,-2.88,-2.8,5.07,100,0.02,61.63,1.98,207.98,2.92,206.57
2023,5,10,1,0,0,0,0,0,0,0,0,-3.63,-3.5,-3.57,4.82,100,0.02,61.61,1.53,206.7,2.51,203.06
2023,5,10,2,0,0,0,0,0,0,0,0,-4.42,-4.18,-4.3,4.58,100,0.01,61.59,1.3,204.87,2.22,199.71
2023,5,10,3,0,0,0,0,0,0,0,0,-4.85,-4.77,-4.81,4.39,100,0.01,61.57,1.11,199.33,1.77,194.59
2023,5,10,4,0,0,0,0,0,0,0,0,-5.19,-5.13,-5.16,4.27,100,0,61.56,0.89,189.05,1.39,184.52
2023,5,10,5,0.32,0.38,0.72,34.08,39.88,4.15,0.02,0.08,-4.31,-5.22,-4.77,4.21,98.12,0.01,61.57,0.9,186.51,1.26,182.49
2023,5,10,6,0.99,1.21,1.74,109.62,136.35,13.59,0.16,0.77,-2.47,-6.19,-4.33,3.91,77.62,0.01,61.59,1.34,196.64,1.65,196.21
2023,5,10,7,1.49,2.08,2.7,172.55,238.7,23.17,0.47,2.33,-0.68,-7.31,-4,3.54,60.69,0.01,61.62,1.35,207.16,1.63,206.81
2023,5,10,8,2.08,2.85,3.52,246.02,329.9,34.34,0.95,4.85,1.37,-8.1,-3.36,3.3,48.31,0.01,61.65,1.76,209.3,2.12,208.93
2023,5,10,9,2.66,3.45,4.16,314.02,400.7,44.7,1.46,7.4,3.07,-8.46,-2.7,3.17,41.31,0.01,61.66,2.26,211.98,2.73,211.19
2023,5,10,10,2.96,3.82,4.56,356.45,445.5,51.51,1.84,9.58,4.68,-8.3,-1.81,3.23,37.31,0.01,61.65,2.74,216.32,3.34,215.58
2023,5,10,11,1.9,4.01,4.69,240.15,458,35.54,1.34,7.05,5.71,-8.02,-1.16,3.3,35.62,0.01,61.64,3.13,220.85,3.84,220.13
2023,5,10,12,2.22,3.82,4.56,268.42,444.1,39.45,1.44,7.42,6.19,-7.5,-0.65,3.48,36.06,0.02,61.63,3.47,224.27,4.29,223.45
2023,5,10,13,2.18,3.4,4.16,263.48,399.77,38.17,1.26,6.35,5.6,-6.99,-0.7,3.6,39.31,0.03,61.63,3.63,227.1,4.52,226.26
2023,5,10,14,1.72,2.81,3.53,207.17,331.5,29.64,0.84,4.33,4.53,-6.55,-1.01,3.78,44.12,0.03,61.63,3.48,229.27,4.38,228.54
2023,5,10,15,1.22,2.06,2.71,145.62,242.88,20.13,0.42,2.1,3.34,-6.31,-1.49,3.85,49,0.02,61.64,3.11,228.46,3.94,227.57
2023,5,10,16,0.66,1.21,1.75,77.23,141.8,9.82,0.12,0.58,2.4,-6.03,-1.81,3.97,53.69,0.02,61.66,2.75,226.27,3.49,225.54
2023,5,10,17,0.34,0.4,0.74,37.67,44.73,4.27,0.02,0.08,1.2,-5.86,-2.33,3.97,59.25,0.01,61.7,2.23,223.3,2.92,222.61
2023,5,10,18,0,0,0,0,0,0,0,0,-0.22,-5.1,-2.66,4.27,70.38,0.01,61.74,1.12,226.97,1.67,223.1
2023,5,10,19,0,0,0,0,0,0,0,0,-1.24,-5.08,-3.16,4.27,76.5,0,61.78,0.82,227.69,1.39,217
2023,5,10,20,0,0,0,0,0,0,0,0,-2.24,-5.66,-3.95,4.03,78.81,0,61.8,0.77,210.96,1.22,205.42
2023,5,10,21,0,0,0,0,0,0,0,0,-2.71,-5.73,-4.22,3.97,81.19,0,61.82,0.67,198.43,0.99,195.02
2023,5,10,22,0,0,0,0,0,0,0,0,-3.2,-5.72,-4.46,3.97,84.44,0,61.82,0.41,178.9,0.59,176.99
2023,5,10,23,0,0,0,0,0,0,0,0,-3.54,-5.78,-4.66,3.97,86.44,0,61.81,0.2,131.82,0.29,130.6
2023,5,11,0,0,0,0,0,0,0,0,0,-4.01,-5.88,-4.94,3.91,89.19,0,61.8,0.22,87.95,0.31,88.57
2023,5,11,1,0,0,0,0,0,0,0,0,-4.27,-5.93,-5.1,3.91,90.69,0,61.8,0.26,86.53,0.36,87.51
2023,5,11,2,0,0,0,0,0,0,0,0,-4.38,-5.99,-5.19,3.91,91.12,0,61.82,0.31,79.82,0.43,81.57
2023,5,11,3,0,0,0,0,0,0,0,0,-4.57,-6.07,-5.32,3.85,92,0,61.84,0.34,78.18,0.5,80.1
2023,5,11,4,0,0,0,0,0,0,0,0,-4.72,-6.17,-5.45,3.85,92.5,0,61.86,0.38,77.09,0.58,79.14
2023,5,11,5,0.39,0.41,0.73,43.65,46.38,4.84,0.02,0.08,-3.62,-5.98,-4.8,3.91,85.56,0,61.9,0.4,90,0.64,87.9
2023,5,11,6,1.01,1.23,1.74,118.02,146.77,14.27,0.15,0.75,-1,-5.96,-3.49,3.91,69.06,0,61.94,0.88,155.93,1.07,154.93
2023,5,11,7,1.49,2.07,2.7,180.5,249.38,24.95,0.49,2.42,0.95,-6.02,-2.54,3.91,59.25,0,61.96,1.58,187.69,1.89,187.36
2023,5,11,8,2.15,2.81,3.53,262.08,338.77,37.21,0.99,5.05,2.57,-6.2,-1.81,3.85,51.94,0,61.97,2.28,197.57,2.77,197.41
2023,5,11,9,2.58,3.38,4.16,315.4,407.58,45.45,1.44,7.23,3.88,-6.1,-1.11,3.85,47.69,0,61.98,2.81,205.85,3.44,205.4
2023,5,11,10,2.75,3.75,4.56,335.42,450.6,48.95,1.7,8.67,4.96,-5.74,-0.38,3.97,45.56,0,61.97,3.21,211.25,3.94,210.79
2023,5,11,11,2.52,3.75,4.7,315.58,446.33,44.81,1.58,8.17,5.69,-5.17,0.26,4.15,45.38,0,61.95,3.44,215.39,4.24,214.8
2023,5,11,12,2.34,3.62,4.56,290.5,432,41.3,1.41,7.17,6.01,-4.71,0.65,4.33,46,0.01,61.92,3.55,219.72,4.4,218.95
2023,5,11,13,2.03,3.25,4.17,250.6,388.85,35.51,1.11,5.6,5.64,-4.46,0.58,4.46,48.25,0.02,61.91,3.38,224.91,4.2,224.1
2023,5,11,14,1.58,2.68,3.54,194.83,320.1,27.3,0.73,3.75,5.2,-4.29,0.46,4.52,50.56,0.01,61.89,3.05,230.93,3.79,230.18
2023,5,11,15,1.12,1.94,2.72,134.52,231.4,18.43,0.37,1.83,4.9,-4.28,0.31,4.52,51.75,0.01,61.89,2.67,237.8,3.32,237.09
2023,5,11,16,0.66,1.11,1.76,76.4,131.83,9.81,0.11,0.55,4.25,-4.43,-0.1,4.46,53.44,0.01,61.88,2.09,242.57,2.63,241.84
2023,5,11,17,0.29,0.36,0.76,32.48,40.23,3.93,0.02,0.08,3.12,-4.14,-0.52,4.58,59.38,0,61.89,1.21,250.74,1.66,247.55
2023,5,11,18,0,0,0,0,0,0,0,0,0.94,-4.33,-1.7,4.52,68.44,0,61.91,0.42,270,0.73,251.95
2023,5,11,19,0,0,0,0,0,0,0,0,0.76,-5.17,-2.2,4.21,64.94,0,61.95,0.3,346.33,0.37,340.43
2023,5,11,20,0,0,0,0,0,0,0,0,0.57,-6.02,-2.73,3.97,61.56,0,61.98,0.76,25.51,1.07,23.2
2023,5,11,21,0,0,0,0,0,0,0,0,-0.22,-6.86,-3.54,3.66,60.62,0,61.98,0.97,27.18,1.45,25.87
2023,5,11,22,0,0,0,0,0,0,0,0,-1.24,-7.98,-4.61,3.3,60,0,61.97,1.15,22.74,1.81,22.26
2023,5,11,23,0,0,0,0,0,0,0,0,-1.88,-9.35,-5.62,2.93,56.06,0,61.95,1.32,20.36,2.14,20.09
2023,5,12,0,0,0,0,0,0,0,0,0,-2.6,-10.7,-6.65,2.62,52.75,0,61.93,1.4,20.97,2.33,20.62
2023,5,12,1,0,0,0,0,0,0,0,0,-3.33,-11.81,-7.57,2.38,50.69,0,61.92,1.44,20.3,2.48,20.09
2023,5,12,2,0,0,0,0,0,0,0,0,-4.07,-12.85,-8.46,2.14,49,0,61.92,1.5,18.81,2.68,18.7
2023,5,12,3,0,0,0,0,0,0,0,0,-4.67,-13.54,-9.1,2.01,48.31,0,61.93,1.55,17.89,2.83,17.84
2023,5,12,4,0,0,0,0,0,0,0,0,-5.22,-14.06,-9.64,1.89,48.25,0,61.96,1.57,17.35,2.93,17.52
2023,5,12,5,0.42,0.43,0.75,44.75,47.02,4.87,0.02,0.08,-3.85,-11.86,-7.85,2.38,53.69,0,62,1.4,16.21,2.76,17.1
2023,5,12,6,1.14,1.27,1.75,129.27,146.98,15.68,0.16,0.8,0.79,-13.8,-6.51,2.01,30.69,0,62.07,2.56,16.83,3.42,16.99
2023,5,12,7,1.9,2.13,2.71,222.27,249.25,29.52,0.55,2.73,5.13,-17.41,-6.14,1.4,15.62,0,62.12,2.56,24.53,3.22,24.7
2023,5,12,8,2.59,2.88,3.53,307.85,338.25,42.54,1.08,5.4,7.54,-17.98,-5.22,1.28,12.31,0,62.16,2.08,31.48,2.53,31.48
2023,5,12,9,3.08,3.47,4.16,369,406.67,52.12,1.59,8.08,9.26,-16.67,-3.7,1.46,12.5,0,62.17,1.56,33.53,1.85,33.29
2023,5,12,10,3.35,3.84,4.56,404.15,449.52,57.79,1.93,10.05,10.77,-15.11,-2.17,1.71,13.12,0,62.16,0.7,36.87,0.83,36.22
2023,5,12,11,3.27,3.87,4.7,396.67,449.05,55.94,1.9,9.98,12.05,-13.78,-0.87,1.95,13.75,0,62.13,0.41,217.3,0.5,216.16
2023,5,12,12,3.18,3.72,4.57,382.77,434.02,53.72,1.77,9.17,12.87,-12.8,0.04,2.14,14.38,0,62.08,1.34,218.61,1.65,217.9
2023,5,12,13,2.99,3.34,4.17,355.7,390.3,49.06,1.48,7.48,13.13,-11.86,0.64,2.38,15.5,0,62.02,1.95,216.55,2.45,215.92
2023,5,12,14,2.49,2.74,3.54,293.2,321.08,39.48,0.99,4.98,12.79,-10.62,1.08,2.62,17.88,0,61.97,2.48,213.04,3.18,212.44
2023,5,12,15,1.76,1.99,2.72,204.17,232.08,26.59,0.49,2.45,11.72,-9.17,1.28,3.05,22,0,61.96,3,209.3,3.94,208.96
2023,5,12,16,0.98,1.15,1.77,111.2,132.25,13.75,0.15,0.73,9.64,-7.14,1.25,3.72,30.81,0,62,3.41,209.5,4.55,209.38
2023,5,12,17,0.31,0.37,0.77,34.67,40.83,4.29,0.02,0.08,6.56,-4.03,1.26,4.64,47.19,0,62.08,2.82,211.18,3.98,210.79
2023,5,12,18,0,0,0,0,0,0,0,0,2.6,-2.55,0.03,5.13,69.62,0,62.17,1.19,209.42,2.34,209.13
2023,5,12,19,0,0,0,0,0,0,0,0,1.41,-2.41,-0.5,5.19,76.06,0,62.24,0.97,209.46,1.81,209.44
2023,5,12,20,0,0,0,0,0,0,0,0,1.31,-2.45,-0.57,5.13,76,0,62.29,0.66,216.87,1,217.05
2023,5,12,21,0,0,0,0,0,0,0,0,1.15,-2.36,-0.61,5.13,77.31,0,62.3,0.27,238.17,0.34,239.93
2023,5,12,22,0,0,0,0,0,0,0,0,0.37,-2.4,-1.01,5.13,81.5,0,62.29,0.24,1.85,0.42,7.52
2023,5,12,23,0,0,0,0,0,0,0,0,-0.35,-2.53,-1.44,5.07,85.25,0,62.26,0.59,13.85,0.98,16.13
2023,5,13,0,0,0,0,0,0,0,0,0,-0.92,-2.78,-1.85,5,87.75,0,62.21,0.85,17.1,1.4,18.94
2023,5,13,1,0,0,0,0,0,0,0,0,-1.23,-3.1,-2.17,4.88,87.94,0,62.16,0.98,22.06,1.6,22.32
2023,5,13,2,0,0,0,0,0,0,0,0,-1.41,-3.54,-2.48,4.7,86.31,0,62.14,1.03,25.98,1.67,25.73
2023,5,13,3,0,0,0,0,0,0,0,0,-1.52,-3.95,-2.73,4.58,84.31,0,62.13,1.04,30.23,1.64,29.61
2023,5,13,4,0,0,0,0,0,0,0,0,-1.58,-4.35,-2.96,4.39,82.06,0,62.15,1.02,36.25,1.58,35.97
2023,5,13,5,0.34,0.35,0.76,36.2,38.12,4.27,0.02,0.05,-0.43,-4.19,-2.31,4.46,75.69,0,62.18,0.87,45.73,1.44,44.56
2023,5,13,6,0.95,1.11,1.76,107.73,127.73,12.98,0.12,0.62,3.19,-4.18,-0.49,4.52,58.56,0,62.21,0.9,117.46,1.09,114.92
2023,5,13,7,1.78,1.94,2.72,207.67,227.95,26.41,0.46,2.3,5.87,-5.06,0.4,4.21,45.56,0,62.23,2.03,164.15,2.47,164.03
2023,5,13,8,2.46,2.68,3.54,293.8,317.55,38.98,0.93,4.6,7.97,-5.71,1.12,3.97,37.25,0,62.25,2.82,176.19,3.45,176.24
2023,5,13,9,2.74,3.26,4.17,332.95,387.12,45.85,1.34,6.75,9.55,-5.5,2.02,4.03,33.81,0,62.25,3.53,188.65,4.36,188.75
2023,5,13,10,3.08,3.62,4.56,376.67,430.77,52.62,1.69,8.65,10.45,-4.91,2.77,4.21,33.31,0,62.24,4.19,198.13,5.22,198.33
2023,5,13,11,2.97,3.53,4.7,362.38,411.9,48.17,1.55,8.05,10.61,-4.24,3.19,4.46,34.75,0,62.21,4.69,204.39,5.89,204.59
2023,5,13,12,2.87,3.44,4.57,344.48,400.4,46.19,1.45,7.42,10.18,-3.72,3.23,4.64,37.31,0,62.18,4.88,207.8,6.17,207.86
2023,5,13,13,2.41,3.08,4.17,287.52,359.2,38.23,1.11,5.6,9.33,-3.37,2.98,4.76,40.56,0,62.14,4.81,210.23,6.12,210.26
2023,5,13,14,1.98,2.52,3.55,234.92,292.9,30.71,0.75,3.83,8.34,-3.28,2.53,4.82,43.62,0,62.12,4.6,211.88,5.88,211.81
2023,5,13,15,1.46,1.8,2.73,168.7,208.1,21.44,0.39,1.92,7.43,-3.45,1.99,4.76,45.81,0,62.1,4.17,213.15,5.37,213.07
2023,5,13,16,0.95,1.03,1.78,105.45,116.4,12.7,0.12,0.62,6.46,-3.49,1.48,4.7,48.75,0,62.1,3.55,212.67,4.6,212.67
2023,5,13,17,0.29,0.32,0.78,31.52,35.23,3.91,0.02,0.05,5.02,-2.77,1.12,5,57.06,0,62.12,2.32,209.94,3.19,209.76
2023,5,13,18,0,0,0,0,0,0,0,0,2.71,-1.87,0.42,5.37,71.94,0,62.15,1.2,202.91,2.04,202.25
2023,5,13,19,0,0,0,0,0,0,0,0,2.14,-2.07,0.03,5.25,73.69,0,62.18,1.11,196,1.67,195.98
2023,5,13,20,0,0,0,0,0,0,0,0,1.59,-1.92,-0.17,5.31,77.44,0,62.21,1.03,187.82,1.47,187.96
2023,5,13,21,0,0,0,0,0,0,0,0,0.94,-1.69,-0.38,5.43,82.69,0,62.2,1.05,185.12,1.47,185.19
2023,5,13,22,0,0,0,0,0,0,0,0,0.2,-1.44,-0.62,5.55,88.81,0,62.18,1.03,190.89,1.45,189.92
2023,5,13,23,0,0,0,0,0,0,0,0,-0.31,-1.19,-0.75,5.62,94.38,0,62.14,1,193.5,1.41,191.5
2023,5,14,0,0,0,0,0,0,0,0,0,-0.7,-1.05,-0.88,5.74,98.5,0,62.09,1.02,202.45,1.43,200.12
2023,5,14,1,0,0,0,0,0,0,0,0,-0.99,-1.06,-1.02,5.74,100,0,62.05,1.01,211.35,1.41,209.82
2023,5,14,2,0,0,0,0,0,0,0,0,-1.33,-0.99,-1.16,5.74,100,0,62.01,0.84,204.89,1.22,203.78
2023,5,14,3,0,0,0,0,0,0,0,0,-1.27,-0.97,-1.12,5.74,100,0,62,0.81,206.81,1.21,207.23
2023,5,14,4,0,0,0,0,0,0,0,0,-1.45,-1.06,-1.25,5.74,100,0,62,0.82,213.69,1.21,213.69
2023,5,14,5,0.33,0.33,0.77,35.4,36.6,4.3,0.02,0.08,-0.67,-1.13,-0.9,5.74,98.06,0.01,62.02,0.89,229.29,1.22,228.12
2023,5,14,6,1,1.07,1.77,113.45,123.62,13.71,0.14,0.7,1.78,-1.63,0.08,5.49,78.94,0.01,62.03,1.75,237.37,2.17,237.51
2023,5,14,7,1.69,1.91,2.72,197.6,224.45,25.6,0.47,2.33,4.03,-3.06,0.48,4.94,60.38,0,62.05,2.49,233.92,3.08,233.89
2023,5,14,8,2.32,2.66,3.54,277.58,315.23,37.42,0.94,4.77,5.69,-4.34,0.68,4.46,48.5,0,62.06,2.86,224.45,3.52,224.37
2023,5,14,9,2.7,3.25,4.17,323.95,386.12,44.96,1.34,6.8,7.05,-4.73,1.16,4.33,42.75,0,62.05,3.44,216.22,4.24,216.15
2023,5,14,10,2.86,3.62,4.57,348.12,430.4,48.63,1.6,8.2,8.08,-4.52,1.78,4.39,40.5,0,62.02,4.03,214.25,4.98,214.26
2023,5,14,11,2.63,3.59,4.7,324.92,421.8,44.11,1.47,7.6,8.59,-4.05,2.27,4.58,40.56,0.01,61.97,4.42,215.15,5.51,215.02
2023,5,14,12,2.4,3.46,4.57,294.02,408.12,40.25,1.3,6.65,8.6,-3.63,2.48,4.7,41.81,0.01,61.91,4.67,216.43,5.86,216.27
2023,5,14,13,1.99,3.1,4.18,244.7,365.83,33.2,1,5.02,8.3,-2.9,2.69,5,45.25,0.02,61.85,4.85,217.48,6.13,217.23
2023,5,14,14,1.82,2.56,3.55,214.42,301.23,28.66,0.73,3.77,7.29,-1.75,2.76,5.49,53,0.02,61.8,4.79,220.44,6.11,220.23
2023,5,14,15,1.27,1.84,2.73,147.8,215.08,18.98,0.34,1.73,5.93,-1.06,2.44,5.74,61.31,0.02,61.76,4.41,224.64,5.66,224.27
2023,5,14,16,0.7,1.04,1.78,79.65,120.15,10.43,0.12,0.58,4.37,-0.66,1.86,5.92,70.31,0.01,61.74,3.67,228.8,4.74,228.34
2023,5,14,17,0.22,0.33,0.79,25.65,37.12,3.41,0.01,0.05,2.87,-0.42,1.22,6.04,79.5,0.1,61.75,2.74,232.18,3.58,231.73
2023,5,14,18,0,0,0,0,0,0,0,0,1.63,-0.2,0.72,6.16,88.25,0.07,61.77,1.73,230.86,2.33,230.86
2023,5,14,19,0,0,0,0,0,0,0,0,1.18,-0.03,0.57,6.23,92.31,0.03,61.79,1.34,223.82,1.83,223.62
2023,5,14,20,0,0,0,0,0,0,0,0,0.74,0.06,0.4,6.23,95.94,0.02,61.81,1.04,209.26,1.54,208.12
2023,5,14,21,0,0,0,0,0,0,0,0,0.48,0.06,0.27,6.23,97.75,0.02,61.83,1.56,198.71,2.26,199
2023,5,14,22,0,0,0,0,0,0,0,0,0.26,-0.01,0.12,6.23,98.88,0.02,61.82,1.82,200.38,2.62,200.44
2023,5,14,23,0,0,0,0,0,0,0,0,-0.05,-0.14,-0.1,6.16,100,0.02,61.8,1.72,207.38,2.55,206.17
2023,5,15,0,0,0,0,0,0,0,0,0,-0.39,-0.28,-0.34,6.1,100,0.03,61.76,1.57,211.79,2.49,208.9
2023,5,15,1,0,0,0,0,0,0,0,0,-0.7,-0.52,-0.61,5.98,100,0.04,61.74,1.43,215.87,2.34,211.19
2023,5,15,2,0,0,0,0,0,0,0,0,-0.96,-0.81,-0.89,5.86,100,0.05,61.73,1.33,215.19,2.16,209.72
2023,5,15,3,0,0,0,0,0,0,0,0,-1.09,-1.06,-1.07,5.8,100,0.07,61.73,1.15,211.63,1.86,205.06
2023,5,15,4,0,0,0,0,0,0,0,0,-1.24,-1.24,-1.24,5.68,100,0.06,61.73,0.99,205.15,1.67,197.67
2023,5,15,5,0.33,0.39,0.78,35.73,43.02,4.34,0.02,0.08,-0.47,-1.13,-0.8,5.74,96.81,0.18,61.75,1.54,195.03,2.08,193.67
2023,5,15,6,0.98,1.18,1.77,111.73,137.12,13.73,0.15,0.73,0.76,-1.2,-0.22,5.74,87.88,0.12,61.78,2.58,202.06,3.31,201.9
2023,5,15,7,1.58,2.03,2.73,186.2,238.9,24.89,0.48,2.35,2.69,-1.52,0.58,5.62,74.75,0.06,61.79,3.67,208.31,4.73,208.09
2023,5,15,8,2.15,2.79,3.54,255.45,329.4,35.54,0.92,4.67,4.48,-2.24,1.12,5.25,62.06,0.07,61.81,4.82,213.1,6.21,212.89
2023,5,15,9,2.5,3.38,4.17,297.85,398.58,42.38,1.3,6.58,5.56,-2.61,1.48,5.13,55.81,0.1,61.81,5.71,216.21,7.37,216.03
2023,5,15,10,2.77,3.76,4.57,338.02,443,48.93,1.66,8.45,6.17,-2.82,1.68,5,52.56,0.18,61.81,6.18,219.15,7.98,218.96
2023,5,15,11,2.64,3.77,4.7,325.15,439.42,45.63,1.55,8.1,6.59,-3.07,1.76,4.94,50.06,0.27,61.79,6.33,222.3,8.17,222.09
2023,5,15,12,2.65,3.64,4.57,323.08,426.55,45.1,1.5,7.62,6.71,-3.33,1.69,4.82,48.62,0.4,61.77,6.23,225.25,8.05,225.04
2023,5,15,13,2.33,3.26,4.18,281.27,383.62,38.95,1.17,5.92,6.48,-3.36,1.56,4.82,49.31,0.52,61.76,5.94,228.04,7.67,227.77
2023,5,15,14,2.02,2.69,3.55,241.92,315.73,32.89,0.85,4.33,5.9,-3.17,1.36,4.88,52.19,0.51,61.75,5.5,231.17,7.12,230.88
2023,5,15,15,1.37,1.95,2.74,162.1,228.05,21.62,0.42,2.08,5.05,-3.04,1,4.94,56.06,0.53,61.74,4.81,235.46,6.25,235.14
2023,5,15,16,0.78,1.13,1.79,90.27,129.83,11.59,0.13,0.65,3.94,-2.85,0.54,5.07,61.62,0.52,61.76,3.92,239.55,5.13,239.14
2023,5,15,17,0.31,0.38,0.8,34.12,41.65,4.19,0.02,0.08,2.63,-2.58,0.03,5.19,69.19,0.34,61.77,2.74,241.98,3.71,241.33
2023,5,15,18,0,0,0,0,0,0,0,0,0.41,-2.31,-0.95,5.25,82.94,0.27,61.8,1.28,245.47,2.12,241.64
2023,5,15,19,0,0,0,0,0,0,0,0,-0.38,-2.41,-1.39,5.25,87.31,0.17,61.84,1.08,246.96,1.68,244.39
2023,5,15,20,0,0,0,0,0,0,0,0,-0.6,-2.24,-1.42,5.31,90,0.13,61.87,0.78,239.83,1.12,237.53
2023,5,15,21,0,0,0,0,0,0,0,0,-1.17,-2.07,-1.62,5.37,95.56,0.06,61.88,0.51,193.39,0.76,187.63
2023,5,15,22,0,0,0,0,0,0,0,0,-2.03,-1.95,-1.99,5.37,100,0.04,61.89,0.63,162.69,1.06,158.36
2023,5,15,23,0,0,0,0,0,0,0,0,-1.44,-1.81,-1.63,5.43,99.5,0.04,61.87,0.54,180.83,0.95,173.87
2023,5,16,0,0,0,0,0,0,0,0,0,-1.49,-1.85,-1.67,5.43,99.5,0.05,61.84,0.56,211.92,1.05,201.01
2023,5,16,1,0,0,0,0,0,0,0,0,-1.68,-1.9,-1.79,5.43,100,0.06,61.81,0.65,231.88,1.15,221.7
2023,5,16,2,0,0,0,0,0,0,0,0,-1.89,-2.03,-1.96,5.37,100,0.06,61.79,0.6,239.42,1.01,229.69
2023,5,16,3,0,0,0,0,0,0,0,0,-2.02,-2.11,-2.06,5.31,100,0.07,61.79,0.54,234.46,0.85,231.75
2023,5,16,4,0,0,0,0,0,0,0,0,-2.07,-2.16,-2.12,5.31,100,0.06,61.81,0.41,231.17,0.62,233.13
2023,5,16,5,0.35,0.36,0.79,36.2,37.95,4.37,0.02,0.08,-1.23,-1.97,-1.6,5.37,96.38,0.03,61.85,0.4,221.82,0.53,221.99
2023,5,16,6,1.12,1.12,1.78,122.77,125.73,14.55,0.16,0.77,1.03,-2.11,-0.54,5.31,80.19,0.02,61.9,0.9,237.41,1.11,236.53
2023,5,16,7,1.95,1.98,2.73,222.73,227.73,28.3,0.53,2.65,3.15,-2.77,0.19,5.07,65.62,0.01,61.94,1.27,234.26,1.58,232.85
2023,5,16,8,2.59,2.74,3.55,303.1,318.85,40.55,1.05,5.25,4.88,-3.21,0.83,4.88,56.12,0,61.97,1.73,228.3,2.16,227.35
2023,5,16,9,3.13,3.34,4.17,370.12,390.5,51.02,1.58,8.08,6.48,-3.28,1.6,4.88,49.88,0,61.98,2.34,222.97,2.94,222.09
2023,5,16,10,3.42,3.73,4.57,410.62,436.58,57.46,1.95,10.23,7.81,-3.09,2.37,4.94,46.19,0.01,61.98,3.07,220.25,3.87,219.44
2023,5,16,11,3.38,3.89,4.71,416,458.52,59.14,2.09,11.08,8.62,-2.8,2.91,5,44.62,0.02,61.96,3.77,220.12,4.77,219.42
2023,5,16,12,3.18,3.75,4.57,387.65,444.7,55.17,1.91,9.85,8.78,-2.45,3.17,5.19,45.31,0.04,61.95,4.3,220.66,5.48,220.14
2023,5,16,13,2.74,3.38,4.18,330.8,402.25,46.84,1.47,7.5,8.49,-2.01,3.24,5.31,47.75,0.08,61.94,4.62,221.23,5.91,220.87
2023,5,16,14,2.33,2.82,3.56,279.8,335.17,39.08,1.05,5.42,7.88,-1.58,3.15,5.49,51.44,0.11,61.93,4.53,222.63,5.82,222.17
2023,5,16,15,1.66,2.09,2.74,195,247.42,26.62,0.54,2.67,6.94,-1.13,2.91,5.74,56.75,0.11,61.93,4.03,225.47,5.17,225
2023,5,16,16,1,1.26,1.8,115.23,146.52,14.72,0.17,0.85,5.66,-0.79,2.44,5.86,63.56,0.09,61.94,3.36,228.2,4.33,227.71
2023,5,16,17,0.4,0.45,0.81,43.83,50.08,5.23,0.02,0.1,4.15,-0.4,1.87,6.04,72.81,0.05,61.97,2.5,228.8,3.31,228.25
2023,5,16,18,0,0,0,0,0,0,0,0,2.27,0.18,1.23,6.29,86.81,0.05,62,1.05,228.61,1.74,225.55
2023,5,16,19,0,0,0,0,0,0,0,0,1.56,0.39,0.98,6.41,92.62,0.05,62.04,0.85,232.82,1.48,228.84
2023,5,16,20,0,0,0,0,0,0,0,0,0.97,0.49,0.73,6.41,97.44,0.04,62.06,0.81,236.46,1.38,233.07
2023,5,16,21,0,0,0,0,0,0,0,0,0.5,0.46,0.48,6.41,100,0.03,62.07,0.82,234.65,1.36,231.55
2023,5,16,22,0,0,0,0,0,0,0,0,0.36,0.44,0.4,6.41,100,0.03,62.06,0.79,233.47,1.31,228.62
2023,5,16,23,0,0,0,0,0,0,0,0,0.26,0.36,0.3,6.35,100,0.05,62.02,0.73,232.88,1.23,226.03
2023,5,17,0,0,0,0,0,0,0,0,0,0.12,0.23,0.18,6.29,100,0.05,61.98,0.66,229.33,1.11,221
2023,5,17,1,0,0,0,0,0,0,0,0,-0.02,0.1,0.04,6.23,100,0.04,61.94,0.57,220.52,0.95,211.61
2023,5,17,2,0,0,0,0,0,0,0,0,-0.15,-0.02,-0.09,6.16,100,0.03,61.93,0.52,215.84,0.88,206.79
2023,5,17,3,0,0,0,0,0,0,0,0,-0.2,-0.13,-0.17,6.16,100,0.02,61.93,0.51,216.87,0.83,209.21
2023,5,17,4,0,0,0,0,0,0,0,0,-0.2,-0.22,-0.21,6.1,100,0.02,61.95,0.47,218.21,0.72,212.14
2023,5,17,5,0.41,0.41,0.8,45.9,46.95,5.17,0.02,0.08,0.67,-0.17,0.25,6.1,94.62,0,61.99,0.54,220.33,0.73,217.61
2023,5,17,6,1.14,1.19,1.79,133.48,141.98,16.07,0.17,0.88,2.69,-0.06,1.32,6.16,82.88,0,62.03,1.25,226.52,1.54,226.24
2023,5,17,7,2.03,2.03,2.74,241.8,243.73,31.41,0.59,2.95,5.13,-0.19,2.47,6.16,69.31,0,62.07,2.22,223.14,2.75,222.93
2023,5,17,8,2.6,2.76,3.55,315.5,332.1,43.09,1.12,5.67,7.15,-0.35,3.4,6.04,59.5,0,62.1,3.12,218.39,3.92,218.2
2023,5,17,9,2.92,3.32,4.18,353.58,399.9,49.73,1.55,7.88,8.61,-0.45,4.08,5.98,53.44,0,62.11,4,217.3,5.06,217.22
2023,5,17,10,3.24,3.69,4.57,400.45,442.55,56.91,1.95,10.1,9.37,-0.56,4.4,5.92,50.25,0.01,62.11,4.94,219.48,6.31,219.37
2023,5,17,11,2.54,3.61,4.71,318,426.5,43.72,1.53,8,9.48,-0.54,4.48,5.98,50,0.01,62.1,5.51,222.24,7.07,222.09
2023,5,17,12,1.61,3.48,4.58,205.65,411.65,28.49,0.96,4.88,9.26,-0.66,4.3,5.92,50.38,0.01,62.1,5.72,224.06,7.38,223.93
2023,5,17,13,1.72,3.15,4.18,206.58,371.2,28.56,0.92,4.6,8.78,-0.99,3.9,5.8,50.75,0.01,62.09,5.61,225.23,7.26,225.09
2023,5,17,14,1.39,2.58,3.56,164.52,302.55,22.28,0.62,3.17,8.08,-1.26,3.41,5.62,52,0.01,62.08,5.29,227.99,6.86,227.86
2023,5,17,15,0.97,1.82,2.75,116.92,213.05,16.1,0.36,1.77,6.9,-1.03,2.94,5.74,57.31,0.01,62.08,4.73,229.42,6.15,229.17
2023,5,17,16,0.35,1.04,1.8,40.23,119.67,5.19,0.06,0.3,5.56,-0.31,2.62,6.04,66.44,0,62.09,3.94,230.56,5.13,230.32
2023,5,17,17,0.14,0.35,0.83,15.3,38.5,2.09,0.01,0.05,4.01,0.25,2.12,6.29,77.19,0.01,62.12,2.83,231.83,3.76,231.58
2023,5,17,18,0,0,0,0,0,0,0,0,2.74,0.75,1.75,6.53,87.56,0,62.15,1.74,229.73,2.39,229.64
2023,5,17,19,0,0,0,0,0,0,0,0,2.22,1.08,1.65,6.71,93.12,0,62.2,1.36,224.3,1.85,224.14
2023,5,17,20,0,0,0,0,0,0,0,0,1.92,1.23,1.58,6.77,96.12,0,62.22,1.15,200.28,1.6,199.41
2023,5,17,21,0,0,0,0,0,0,0,0,1.68,1.29,1.48,6.77,98.25,0.01,62.22,1.34,178.66,1.91,178.83
2023,5,17,22,0,0,0,0,0,0,0,0,1.47,1.15,1.3,6.71,98.69,0.01,62.22,1.8,176.52,2.57,177.56
2023,5,17,23,0,0,0,0,0,0,0,0,1.22,0.87,1.04,6.59,98.31,0.02,62.21,2.21,188.53,3.13,189.49
2023,5,18,0,0,0,0,0,0,0,0,0,0.9,0.62,0.76,6.47,98.81,0.03,62.18,2.23,193.55,3.18,194.24
2023,5,18,1,0,0,0,0,0,0,0,0,0.68,0.51,0.59,6.41,99.56,0.07,62.14,1.97,195.14,2.87,195.13
2023,5,18,2,0,0,0,0,0,0,0,0,0.4,0.3,0.35,6.35,100,0.04,62.11,1.48,198.72,2.22,197.61
2023,5,18,3,0,0,0,0,0,0,0,0,0.24,0.09,0.16,6.23,99.69,0.02,62.12,0.96,203.44,1.51,198.43
2023,5,18,4,0,0,0,0,0,0,0,0,0.24,-0.13,0.05,6.1,98.06,0.01,62.15,0.52,206.95,0.83,195.87
2023,5,18,5,0.32,0.37,0.81,34.42,41.48,4.2,0.02,0.08,0.3,-0.73,-0.22,5.86,93.38,0.01,62.18,0.41,160.87,0.53,161.83
2023,5,18,6,0.88,1.11,1.79,102.17,129.62,13.04,0.16,0.75,1.88,-0.9,0.49,5.8,82.44,0,62.2,0.26,160.46,0.32,160.25
2023,5,18,7,1.58,1.95,2.74,185.85,230.08,24.6,0.49,2.45,4.36,-1.09,1.64,5.74,68.44,0,62.22,0.5,193.6,0.62,193.86
2023,5,18,8,2.26,2.7,3.55,271.02,320,37.05,0.99,5.15,6.87,-1.3,2.79,5.62,56.56,0,62.22,1.67,200.3,2.07,200.56
2023,5,18,9,2.84,3.29,4.18,342.9,390.2,47.7,1.51,7.62,8.45,-1.06,3.69,5.74,51.62,0.01,62.22,3.11,205.09,3.88,205.17
2023,5,18,10,2.76,3.66,4.57,340.42,434.55,48.28,1.68,8.62,9.18,-0.63,4.27,5.92,50.69,0.01,62.22,4.19,209.57,5.27,209.57
2023,5,18,11,2.41,3.7,4.71,303.33,436.75,42.52,1.51,7.88,9.73,-0.31,4.72,6.04,49.88,0.02,62.2,4.84,211.66,6.12,211.64
2023,5,18,12,2.18,3.59,4.58,271.25,425.3,38.41,1.34,6.83,9.9,-0.13,4.88,6.1,49.88,0.02,62.17,5.2,213.43,6.63,213.32
2023,5,18,13,1.88,3.23,4.19,232.7,384.27,32.55,1.04,5.23,9.69,-0.1,4.79,6.1,50.69,0.02,62.13,5.42,215.5,6.95,215.39
2023,5,18,14,1.53,2.66,3.57,189.3,317.17,26.12,0.71,3.62,8.96,-0.14,4.4,6.1,53.06,0.04,62.09,5.45,217.13,7.02,217.04
2023,5,18,15,1.12,1.93,2.76,134.05,230.02,18.23,0.38,1.88,7.89,-0.15,3.87,6.1,57,0.05,62.07,5.16,217.86,6.68,217.73
2023,5,18,16,0.63,1.11,1.81,72.55,132.1,9.31,0.12,0.58,6.33,-0.08,3.13,6.16,63.75,0.06,62.07,4.49,216.79,5.85,216.64
2023,5,18,17,0.27,0.39,0.84,29.85,44.55,3.76,0.02,0.08,4.42,0.14,2.28,6.23,74.12,0.02,62.08,3.42,214.2,4.51,213.99
2023,5,18,18,0,0,0,0,0,0,0,0,2.46,0.56,1.51,6.47,87.94,0.03,62.12,1.83,207.11,2.59,207.34
2023,5,18,19,0,0,0,0,0,0,0,0,1.84,0.88,1.37,6.59,94.19,0.03,62.15,1.59,203.42,2.19,204.27
2023,5,18,20,0,0,0,0,0,0,0,0,1.62,1,1.31,6.65,96.75,0.04,62.16,1.4,204.71,1.95,205.85
2023,5,18,21,0,0,0,0,0,0,0,0,1.46,1.1,1.28,6.71,98.62,0.05,62.16,1.22,205.08,1.75,206.45
2023,5,18,22,0,0,0,0,0,0,0,0,1.03,1.05,1.04,6.71,100,0.05,62.13,0.83,209.21,1.44,208.09
2023,5,18,23,0,0,0,0,0,0,0,0,0.7,0.87,0.79,6.65,100,0.06,62.08,0.84,212.51,1.54,209.82
2023,5,19,0,0,0,0,0,0,0,0,0,0.37,0.58,0.48,6.53,100,0.06,62.04,0.86,213.11,1.54,209.17
2023,5,19,1,0,0,0,0,0,0,0,0,0.1,0.19,0.15,6.35,100,0.03,61.99,0.82,212.18,1.42,205.86
2023,5,19,2,0,0,0,0,0,0,0,0,-0.22,-0.3,-0.26,6.16,100,0.01,61.95,0.72,212.14,1.21,203.93
2023,5,19,3,0,0,0,0,0,0,0,0,-0.51,-0.87,-0.69,5.92,99.81,0,61.93,0.61,217.16,0.96,207.61
2023,5,19,4,0,0,0,0,0,0,0,0,-0.65,-1.26,-0.95,5.74,98.25,0,61.93,0.45,223.6,0.68,211.87
2023,5,19,5,0.4,0.4,0.82,42.8,44.6,5.11,0.02,0.1,0.04,-1.77,-0.87,5.55,89.5,0,61.95,0.34,212.97,0.42,212.23
2023,5,19,6,1.14,1.17,1.8,129.42,135.73,15.86,0.19,0.9,1.87,-3.29,-0.7,4.94,70.06,0,61.97,0.56,248.79,0.67,248.82
2023,5,19,7,1.95,2.03,2.75,226.3,237.5,29.71,0.59,2.95,4.58,-4.98,-0.2,4.33,50.62,0,61.97,1.46,237.25,1.75,237.23
2023,5,19,8,2.69,2.79,3.56,317.27,328.12,43.25,1.16,5.95,6.9,-5.87,0.51,3.97,39.88,0,61.97,2.49,228.81,3.05,228.63
2023,5,19,9,3.35,3.39,4.18,398.55,398.3,55.44,1.76,9.12,8.56,-5.66,1.45,4.03,36.12,0,61.97,3.46,222.16,4.29,221.75
2023,5,19,10,3.32,3.75,4.57,400.38,442.2,56.7,1.98,10.42,9.48,-4.7,2.39,4.39,36.75,0,61.95,4.25,219.25,5.31,218.84
2023,5,19,11,3.08,3.83,4.71,382.1,452.25,54.17,1.95,10.38,9.38,-3.37,3.01,4.88,41,0,61.92,4.73,218.23,5.95,217.91
2023,5,19,12,2.81,3.69,4.58,345.85,437.35,48.95,1.7,8.92,8.99,-2.23,3.38,5.31,45.69,0,61.89,4.97,218.74,6.28,218.38
2023,5,19,13,2.41,3.32,4.19,292.62,394.05,41.23,1.33,6.73,8.47,-1.62,3.43,5.55,49.44,0.02,61.86,5.17,220.34,6.59,220
2023,5,19,14,2.05,2.74,3.57,246,325.2,34.14,0.95,4.9,7.37,-1.04,3.16,5.8,55.62,0.02,61.84,5.09,221.27,6.55,220.84
2023,5,19,15,1.43,1.99,2.76,172.27,236.27,23.43,0.48,2.42,5.87,-0.64,2.61,5.92,63.44,0.03,61.83,4.6,222.25,5.95,221.81
2023,5,19,16,0.8,1.16,1.82,94.33,136.77,12.52,0.16,0.77,4.39,-0.44,1.98,6.04,71.25,0.02,61.83,3.77,224.33,4.9,223.9
2023,5,19,17,0.34,0.41,0.85,37.55,47.17,4.8,0.02,0.1,3.15,-0.31,1.42,6.04,78.44,0.02,61.84,2.81,222.97,3.68,222.67
2023,5,19,18,0,0,0,0,0,0,0,0,1.94,-0.1,0.93,6.16,86.75,0.01,61.86,1.77,213.27,2.38,213.48
2023,5,19,19,0,0,0,0,0,0,0,0,1.49,0.08,0.79,6.23,90.81,0.01,61.89,1.44,204.06,1.93,204.69
2023,5,19,20,0,0,0,0,0,0,0,0,1.3,0.12,0.71,6.23,92.31,0.01,61.92,1.56,205.54,2.11,206.38
2023,5,19,21,0,0,0,0,0,0,0,0,1.09,0.12,0.61,6.23,93.69,0.01,61.93,1.63,209.51,2.23,209.89
2023,5,19,22,0,0,0,0,0,0,0,0,0.78,0.08,0.43,6.23,95.69,0.02,61.92,1.6,209.57,2.22,209.82
2023,5,19,23,0,0,0,0,0,0,0,0,0.52,0.01,0.26,6.23,97,0.02,61.88,1.62,207.31,2.25,207.28
2023,5,20,0,0,0,0,0,0,0,0,0,0.32,-0.21,0.05,6.1,96.94,0.02,61.84,1.72,207.26,2.39,207.07
2023,5,20,1,0,0,0,0,0,0,0,0,0.12,-0.47,-0.17,6.04,96.69,0.02,61.8,1.66,202.35,2.31,202.05
2023,5,20,2,0,0,0,0,0,0,0,0,-0.06,-0.67,-0.36,5.92,96.44,0.01,61.75,1.58,187.69,2.17,187.66
2023,5,20,3,0,0,0,0,0,0,0,0,-0.53,-0.91,-0.72,5.8,98.25,0.01,61.74,1.49,183.01,2.03,183.76
2023,5,20,4,0,0,0,0,0,0,0,0,-0.85,-1.24,-1.05,5.68,98.31,0,61.74,1.39,189.36,1.87,189.86
2023,5,20,5,0.4,0.44,0.83,44.38,50.38,5.27,0.02,0.1,-0.2,-1.18,-0.69,5.68,93.62,0,61.78,1.66,201.6,2.13,201.96
2023,5,20,6,1.06,1.24,1.81,123.33,147.15,15.54,0.18,0.9,1.72,-1.21,0.25,5.74,81.75,0,61.82,2.43,218.6,3.06,218.48
2023,5,20,7,1.8,2.09,2.75,212.88,250.15,28.55,0.57,2.83,4.19,-1.99,1.1,5.43,65.44,0,61.85,2.57,221.68,3.18,221.72
2023,5,20,8,2.48,2.83,3.56,299.48,339.73,41.62,1.12,5.7,6.52,-3.13,1.7,5,51.31,0,61.86,3.14,216.81,3.88,216.57
2023,5,20,9,2.72,3.39,4.18,329.55,407.05,46.98,1.51,7.65,8.15,-3.89,2.13,4.7,43.06,0,61.86,4.05,213.66,5.06,213.35
2023,5,20,10,3.01,3.75,4.58,372.1,449.88,53.83,1.88,9.77,9.07,-3.77,2.65,4.76,40.75,0,61.86,4.86,213.46,6.14,213.16
2023,5,20,11,2.57,3.77,4.71,326.12,450.08,46.37,1.65,8.7,9.14,-2.88,3.13,5.07,43.31,0,61.85,5.34,215.41,6.76,215.12
2023,5,20,12,2.27,3.66,4.58,282.05,436.17,40.34,1.41,7.23,8.76,-2.18,3.29,5.31,46.56,0,61.84,5.5,217.33,7.01,217.02
2023,5,20,13,1.87,3.3,4.19,231.15,392.8,33.27,1.08,5.4,8.16,-1.67,3.24,5.49,50.25,0,61.83,5.54,218.02,7.1,217.71
2023,5,20,14,1.72,2.74,3.57,204.7,326.15,28.66,0.8,4.12,6.85,-1.07,2.89,5.74,57.56,0,61.82,5.21,217.57,6.73,217.22
2023,5,20,15,1.16,2,2.77,132.25,237.88,18.43,0.39,1.95,5.12,-0.48,2.33,5.98,67.56,0,61.82,4.46,215.44,5.77,215.02
2023,5,20,16,0.61,1.16,1.83,72.23,137.8,9.7,0.12,0.6,3.17,-0.35,1.41,6.04,78.06,0,61.83,3.51,212.63,4.55,212.16
2023,5,20,17,0.28,0.42,0.86,31,48.45,4.03,0.02,0.08,1.64,-0.46,0.59,5.98,86.25,0.01,61.86,2.71,206.71,3.54,206.34
2023,5,20,18,0,0,0,0,0,0,0,0,0.59,-0.52,0.04,5.98,92.62,0.02,61.89,1.82,195.41,2.41,195.03
2023,5,20,19,0,0,0,0,0,0,0,0,0.43,-0.52,-0.05,5.98,93.69,0.01,61.92,1.24,183.24,1.67,183.49
2023,5,20,20,0,0,0,0,0,0,0,0,0.33,-0.59,-0.13,5.92,93.94,0.01,61.96,0.9,192.58,1.19,192.85
2023,5,20,21,0,0,0,0,0,0,0,0,0.12,-0.84,-0.36,5.8,93.5,0.01,61.99,0.76,232.9,0.98,235.05
2023,5,20,22,0,0,0,0,0,0,0,0,0.21,-0.99,-0.39,5.74,91.94,0.01,61.99,0.67,232.07,0.86,233.86
2023,5,20,23,0,0,0,0,0,0,0,0,-0.1,-0.95,-0.53,5.8,94.62,0,61.95,0.43,232.31,0.73,231.53
2023,5,21,0,0,0,0,0,0,0,0,0,-0.58,-1.08,-0.83,5.74,97.75,0,61.93,0.53,245.7,0.91,241.23
2023,5,21,1,0,0,0,0,0,0,0,0,-0.74,-1.32,-1.03,5.62,97.38,0,61.9,0.58,256.72,0.92,254.19
2023,5,21,2,0,0,0,0,0,0,0,0,-1.04,-1.77,-1.41,5.49,96.69,0,61.87,0.56,271.59,0.84,268.94
2023,5,21,3,0,0,0,0,0,0,0,0,-1.34,-2.34,-1.84,5.25,95.06,0,61.87,0.44,295.2,0.67,295.38
2023,5,21,4,0,0,0,0,0,0,0,0,-1.8,-3.02,-2.41,4.94,93.62,0,61.89,0.6,340.85,0.88,338.67
2023,5,21,5,0.43,0.43,0.84,48.05,49.85,5.48,0.02,0.1,-0.77,-3.63,-2.2,4.76,82.06,0.01,61.93,1.26,352.52,1.69,352.58
2023,5,21,6,1.21,1.2,1.81,140.8,143.5,16.9,0.2,0.98,3.16,-4.72,-0.77,4.33,56.38,0.01,61.97,2.02,345.43,2.53,344.98
2023,5,21,7,2.05,2.05,2.75,244.05,245.62,31.73,0.62,3.1,6.7,-6.56,0.08,3.72,37.69,0,62,2.2,326.59,2.71,326.77
2023,5,21,8,2.7,2.8,3.56,325.8,335.9,44.51,1.2,6.02,9.06,-7.87,0.59,3.3,28.62,0,62.02,2.09,307.86,2.54,308.14
2023,5,21,9,3.12,3.38,4.18,378.17,405.55,53.22,1.71,8.83,10.77,-8,1.38,3.3,25.19,0,62.03,1.8,278.24,2.17,277.87
2023,5,21,10,3.38,3.76,4.58,417.02,449.92,59.48,2.09,11.1,12.13,-7.55,2.29,3.42,23.94,0,62.03,2.13,247.38,2.61,246.19
2023,5,21,11,3.29,3.88,4.71,413.77,462.42,59.25,2.15,11.52,13.05,-6.82,3.12,3.6,24,0,62.01,2.81,230.99,3.5,229.88
2023,5,21,12,3.12,3.76,4.58,384.4,448.98,55.13,1.96,10.23,13.44,-5.93,3.75,3.91,25.25,0,62,3.42,224.17,4.31,223.24
2023,5,21,13,2.77,3.4,4.19,335.65,407.5,47.91,1.55,7.98,13.23,-5.01,4.11,4.21,27.69,0,61.98,3.84,221.37,4.88,220.58
2023,5,21,14,2.25,2.84,3.58,272.02,340.8,38.36,1.08,5.58,12.28,-3.95,4.16,4.64,32.19,0,61.98,4.16,221.04,5.33,220.42
2023,5,21,15,1.67,2.11,2.77,199.42,253.88,27.27,0.58,2.88,10.79,-2.99,3.9,5,38.5,0,62.01,4.25,222.32,5.48,221.76
2023,5,21,16,0.94,1.28,1.83,109.77,154.08,14.48,0.19,0.9,8.83,-2.2,3.32,5.31,46.56,0,62.05,4,223.1,5.24,222.76
2023,5,21,17,0.38,0.46,0.82,43.12,53.92,5.2,0.02,0.1,6.66,-1.34,2.66,5.62,57.19,0,62.11,3.27,223.45,4.39,223.27
2023,5,21,18,0.03,0.01,0.05,1.2,1.48,0.18,0,0,4.06,-0.37,1.85,6.04,73.31,0.01,62.17,1.41,224.78,2.28,224.17
2023,5,21,19,0,0,0,0,0,0,0,0,2.76,-0.19,1.29,6.04,81.19,0.02,62.22,0.92,226.71,1.55,226.64
2023,5,21,20,0,0,0,0,0,0,0,0,2.33,-0.24,1.05,6.04,83.25,0.03,62.26,0.62,231.12,0.97,232.21
2023,5,21,21,0,0,0,0,0,0,0,0,2.08,-0.42,0.83,5.98,83.62,0.02,62.26,0.32,247.17,0.52,255.96
2023,5,21,22,0,0,0,0,0,0,0,0,1.59,-0.55,0.52,5.92,85.88,0.01,62.24,0.31,357.06,0.51,347.66
2023,5,21,23,0,0,0,0,0,0,0,0,0.74,-0.81,-0.04,5.8,89.56,0,62.2,0.68,11.31,1.08,9.19
2023,5,22,0,0,0,0,0,0,0,0,0,0.26,-1.17,-0.45,5.68,90.25,0,62.17,0.88,13.79,1.43,12.29
2023,5,22,1,0,0,0,0,0,0,0,0,0.01,-1.6,-0.79,5.49,89.19,0,62.15,0.95,12.78,1.56,11.25
2023,5,22,2,0,0,0,0,0,0,0,0,-0.03,-2.05,-1.04,5.31,86.56,0,62.14,0.94,12.43,1.55,10.46
2023,5,22,3,0,0,0,0,0,0,0,0,0,-2.45,-1.22,5.13,83.81,0,62.16,0.93,12.06,1.51,10.44
2023,5,22,4,0,0,0,0,0,0,0,0,0,-2.84,-1.42,5,81.31,0,62.19,0.94,14.96,1.49,13.96
2023,5,22,5,0.45,0.46,0.85,49.3,51.27,5.56,0.02,0.1,1.58,-2.53,-0.48,5.13,74.56,0,62.24,0.91,22.81,1.42,23.32
2023,5,22,6,1.21,1.24,1.81,138.65,145.1,16.68,0.2,0.98,5.3,-3.07,1.12,4.94,55.69,0,62.28,0.96,66.56,1.18,66.15
2023,5,22,7,1.94,2.07,2.75,228.55,245.6,30.01,0.6,3,8.13,-3.52,2.31,4.82,44.25,0,62.32,1.27,151.7,1.52,152.12
2023,5,22,8,2.63,2.81,3.56,315.58,333.83,43.14,1.17,6.02,10.08,-3.76,3.16,4.7,37.88,0,62.34,2.15,176.26,2.62,176.58
2023,5,22,9,3.32,3.39,4.18,399.65,402.62,55.66,1.78,9.23,11.29,-3.48,3.9,4.76,35.56,0,62.35,2.85,187.86,3.53,188.15
2023,5,22,10,3.57,3.75,4.57,437.08,445.35,61.7,2.16,11.5,11.96,-2.92,4.51,4.94,35.38,0,62.35,3.41,197.6,4.22,197.8
2023,5,22,11,3.23,3.75,4.71,398.7,441.23,55.35,1.97,10.58,12.12,-2.41,4.86,5.13,36.38,0,62.33,3.87,205.07,4.82,205.32
2023,5,22,12,2.79,3.62,4.58,338.48,426.67,47.34,1.65,8.65,11.64,-1.84,4.9,5.37,39.19,0,62.3,4.33,210.08,5.46,210.23
2023,5,22,13,2.48,3.24,4.19,299.48,383.42,41.34,1.34,6.73,10.71,-1.06,4.82,5.68,44.12,0,62.27,4.6,215.18,5.86,215.34
2023,5,22,14,2.38,2.67,3.58,282.83,316.35,37.88,1.02,5.17,10.05,-0.58,4.74,5.92,47.69,0,62.25,4.66,216.2,5.96,216.31
2023,5,22,15,1.77,1.95,2.78,205.9,230,26.66,0.54,2.67,9.08,-0.38,4.35,5.98,51.62,0,62.24,4.75,213.66,6.15,213.71
2023,5,22,16,0.94,1.14,1.84,107.25,132.58,13.65,0.17,0.85,7.48,-0.32,3.58,5.98,57.69,0,62.24,4.55,209.51,5.99,209.61
2023,5,22,17,0.25,0.38,0.83,27.75,42.5,3.52,0.02,0.08,5.61,-0.35,2.63,5.98,65.56,0.01,62.29,3.78,214.38,5.11,214.35
2023,5,22,18,0.02,0.01,0.05,0.58,1.38,0.09,0,0,4.26,-0.07,2.09,6.1,73.5,0,62.34,1.84,213.22,2.66,212.76
2023,5,22,19,0,0,0,0,0,0,0,0,3.33,0.09,1.72,6.16,79.44,0,62.34,0.99,194.7,1.69,191.21
2023,5,22,20,0,0,0,0,0,0,0,0,2.77,-0.01,1.38,6.1,82,0,62.35,0.74,189.07,1.43,183.13
2023,5,22,21,0,0,0,0,0,0,0,0,2.44,-0.03,1.2,6.1,83.81,0,62.35,0.56,193.65,1.11,184.43
2023,5,22,22,0,0,0,0,0,0,0,0,2.05,-0.06,1,6.1,86.06,0,62.33,0.51,221.27,0.89,207.69
2023,5,22,23,0,0,0,0,0,0,0,0,1.61,-0.14,0.73,6.1,88.31,0,62.28,0.47,233.13,0.81,232.47
2023,5,23,0,0,0,0,0,0,0,0,0,0.89,-0.4,0.25,5.98,91.25,0,62.22,0.5,244.23,0.81,247.89
2023,5,23,1,0,0,0,0,0,0,0,0,0.82,-0.66,0.08,5.86,90,0,62.18,0.34,254.05,0.54,261.75
2023,5,23,2,0,0,0,0,0,0,0,0,0.7,-0.9,-0.1,5.74,89.12,0,62.16,0.28,344.05,0.48,334.7
2023,5,23,3,0,0,0,0,0,0,0,0,0.32,-1.17,-0.43,5.62,89.75,0,62.14,0.63,355,0.95,352.93
2023,5,23,4,0,0,0,0,0,0,0,0,-0.05,-1.47,-0.76,5.49,90.25,0,62.14,0.84,355.19,1.29,354.81
2023,5,23,5,0.42,0.44,0.86,46.58,50.17,5.47,0.02,0.1,1.52,-1.42,0.05,5.55,80.81,0,62.16,1.22,345.52,1.75,348.44
2023,5,23,6,1.13,1.21,1.82,131.83,143.95,16.12,0.2,0.95,4.98,-2.12,1.43,5.31,60.5,0,62.18,1.97,339.76,2.46,339.72
2023,5,23,7,1.87,2.04,2.76,223.58,245.33,29.65,0.62,3.05,8.18,-3.43,2.37,4.76,43.88,0,62.19,1.83,326.51,2.22,326.65
2023,5,23,8,2.57,2.78,3.56,311,334.1,42.74,1.19,6.12,10.78,-4.37,3.2,4.39,34.06,0,62.2,1.28,273.16,1.53,272.94
2023,5,23,9,3.13,3.35,4.18,380.1,402.77,53.41,1.75,8.92,12.77,-4.31,4.23,4.46,30,0,62.2,2.43,225.39,3,224.68
2023,5,23,10,3.32,3.71,4.57,409.38,445.7,58.23,2.08,10.98,14.05,-3.64,5.21,4.7,29.12,0,62.18,3.81,216.59,4.82,215.96
2023,5,23,11,3.03,3.63,4.71,378.12,432.15,52.03,1.86,10,14.25,-2.59,5.83,5.07,31.19,0.01,62.16,4.78,215.22,6.09,214.87
2023,5,23,12,2.82,3.49,4.58,345.4,418.52,47.53,1.64,8.7,13.2,-1.15,6.02,5.68,37.25,0.04,62.14,5.09,216.57,6.51,216.17
2023,5,23,13,2.58,3.12,4.2,317.12,376.17,42.99,1.39,7,11.85,0.16,6.01,6.29,44.88,0.08,62.12,5,218.98,6.42,218.57
2023,5,23,14,2.04,2.55,3.58,250.17,308.83,33.69,0.94,4.92,10.37,0.86,5.61,6.59,52.06,0.11,62.1,4.6,222.25,5.9,221.89
2023,5,23,15,1.56,1.86,2.78,187.15,224.8,24.46,0.51,2.55,8.83,1.11,4.97,6.71,58.69,0.1,62.09,3.97,225.96,5.09,225.56
2023,5,23,16,0.96,1.07,1.84,112.62,129,14.18,0.18,0.9,7.53,1.21,4.37,6.77,64.62,0.1,62.08,3.23,229.22,4.15,228.74
2023,5,23,17,0.31,0.35,0.84,35.4,41.42,4.55,0.02,0.1,6.15,1.26,3.71,6.77,71.25,0.16,62.08,2.31,227.33,3,226.79
2023,5,23,18,0.02,0.01,0.05,0.7,1.42,0.11,0,0,4.65,1.51,3.08,6.9,80.5,0.17,62.06,1.26,199.56,1.75,200.38
2023,5,23,19,0,0,0,0,0,0,0,0,3.73,1.71,2.72,7.02,87.19,0.16,62.07,1.22,205.91,1.75,205.65
2023,5,23,20,0,0,0,0,0,0,0,0,3.07,1.95,2.51,7.14,93,0.18,62.19,1.6,207.32,2.28,208.23
2023,5,23,21,0,0,0,0,0,0,0,0,2.87,2.16,2.51,7.2,95.75,0.3,62.22,1.02,170.32,1.38,171.87
2023,5,23,22,0,0,0,0,0,0,0,0,2.73,2.16,2.44,7.2,96.62,0.46,62.18,0.94,131.63,1.28,133.03
2023,5,23,23,0,0,0,0,0,0,0,0,2.75,2.12,2.43,7.2,96.19,0.6,62.12,0.67,112.67,0.9,113.66
2023,5,24,0,0,0,0,0,0,0,0,0,2.45,1.77,2.12,7.02,95.75,0.28,62.06,0.04,201.8,0.07,192.53
2023,5,24,1,0,0,0,0,0,0,0,0,2.08,1.18,1.62,6.71,94.19,0.09,62.06,0.5,324.57,0.71,318.58
2023,5,24,2,0,0,0,0,0,0,0,0,2.04,1.01,1.53,6.65,93.31,0.04,62.01,0.4,321.34,0.69,321.44
2023,5,24,3,0,0,0,0,0,0,0,0,2.08,0.57,1.33,6.47,90,0.03,61.95,0.45,302.86,0.72,300.75
2023,5,24,4,0,0,0,0,0,0,0,0,1.87,0.39,1.13,6.35,90.19,0.06,61.94,0.17,225,0.31,244.72
2023,5,24,5,0.2,0.32,0.87,22.4,36.85,2.93,0.02,0.08,2.42,0.73,1.58,6.53,88.81,0.06,61.98,0.52,201.16,0.73,198.82
2023,5,24,6,0.57,0.95,1.82,66.73,108.9,8.71,0.12,0.58,4.53,1.08,2.8,6.71,78.81,0.05,62.02,1.6,220.63,1.99,221.02
2023,5,24,7,0.9,1.7,2.76,106.83,196.55,14,0.3,1.52,6.51,1.16,3.83,6.77,69.31,0.06,62.02,2.62,230.08,3.27,230.14
2023,5,24,8,1.47,2.39,3.56,175.58,278.62,23.1,0.65,3.42,8.25,0.67,4.46,6.53,59.31,0.07,62.03,3.28,227.51,4.11,227.39
2023,5,24,9,1.79,2.95,4.18,210.9,344.92,27.73,0.9,4.4,9.62,0.62,5.12,6.47,53.88,0.08,62.04,3.93,218.87,4.94,218.77
2023,5,24,10,1.95,3.3,4.57,240.7,386.95,31.29,1.1,5.62,10.47,1.06,5.76,6.71,52.56,0.11,62.03,4.7,210.28,5.95,210.16
2023,5,24,11,2.07,3.68,4.71,257.33,440.88,36.42,1.37,7.23,10.25,1.58,5.91,6.96,55.44,0.2,62.02,5.59,203.91,7.19,203.84
2023,5,24,12,1.33,3.54,4.58,168.98,424.23,24,0.86,4.4,9.25,1.81,5.53,7.08,60.12,0.41,61.99,6.49,202.52,8.47,202.45
2023,5,24,13,1.5,3.18,4.2,185.58,380.38,25.69,0.86,4.25,8.07,1.68,4.87,6.96,64.31,0.61,61.98,7.12,205.69,9.39,205.63
2023,5,24,14,1.19,2.61,3.59,145.25,312.7,20.34,0.59,3.15,7.13,1.4,4.26,6.84,67.12,0.73,61.95,6.71,210.12,8.86,210
2023,5,24,15,0.61,1.89,2.78,76.52,226.05,10.51,0.23,1.2,6.55,1.15,3.85,6.71,68.69,0.74,61.92,5.64,210.94,7.42,210.73
2023,5,24,16,0.49,1.1,1.85,55.62,129.98,7.66,0.11,0.52,5.22,1.59,3.4,6.96,77.94,0.68,61.89,4.54,207.93,5.99,207.67
2023,5,24,17,0.15,0.37,0.85,16.7,42.42,2.2,0.01,0.05,3.94,2.06,3,7.2,88.12,0.45,61.88,3.47,205.01,4.65,204.54
2023,5,24,18,0.02,0.01,0.06,0.95,1.52,0.15,0,0,3.1,2.27,2.69,7.32,94.88,0.37,61.9,2.4,199.03,3.27,198.82
2023,5,24,19,0,0,0,0,0,0,0,0,2.87,2.35,2.61,7.32,97.06,0.3,61.92,2.08,197.48,2.87,197.4
2023,5,24,20,0,0,0,0,0,0,0,0,2.58,2.35,2.47,7.39,99.19,0.21,61.96,1.89,199.03,2.73,199.06
2023,5,24,21,0,0,0,0,0,0,0,0,2.33,2.28,2.3,7.32,100,0.17,61.98,1.62,206.32,2.45,206.16
2023,5,24,22,0,0,0,0,0,0,0,0,1.87,2.04,1.95,7.2,100,0.29,61.98,1.12,208.71,1.88,208.06
2023,5,24,23,0,0,0,0,0,0,0,0,1.4,1.48,1.44,6.96,100,0.36,61.95,0.93,209.15,1.7,207.62
2023,5,25,0,0,0,0,0,0,0,0,0,0.94,0.87,0.91,6.65,100,0.3,61.92,0.82,203.63,1.5,201.64
2023,5,25,1,0,0,0,0,0,0,0,0,0.55,0.63,0.59,6.53,100,0.22,61.88,0.73,194.18,1.35,191.7
2023,5,25,2,0,0,0,0,0,0,0,0,0.29,0.44,0.37,6.47,100,0.14,61.87,0.69,187.77,1.26,183.91
2023,5,25,3,0,0,0,0,0,0,0,0,0.26,0.24,0.25,6.35,100,0.11,61.86,0.85,184.2,1.46,180.61
2023,5,25,4,0.02,0.01,0.05,0.95,1.17,0.14,0,0,0.09,0.05,0.08,6.29,100,0.12,61.88,0.99,187.68,1.63,185.77
2023,5,25,5,0.05,0.32,0.82,6.05,35.62,0.85,0.01,0.02,0.85,0.11,0.48,6.29,96.06,0.05,61.9,1.93,192.63,2.69,192.26
2023,5,25,6,0.21,1.01,1.83,25.08,114,3.53,0.05,0.23,1.9,-0.02,0.94,6.23,88.12,0.04,61.92,3.06,200.8,4.1,200.54
2023,5,25,7,0.43,1.78,2.76,53.83,205.4,7.66,0.16,0.83,2.89,-0.52,1.19,5.98,79,0.11,61.95,3.82,204.68,5.02,204.57
2023,5,25,8,0.77,2.51,3.57,96.23,293.95,13.63,0.38,2,3.84,-0.98,1.44,5.8,71.25,0.2,61.96,4.22,206.38,5.47,206.35
2023,5,25,9,1.16,3.13,4.18,144.27,370.67,20.53,0.67,3.33,4.87,-1.15,1.86,5.68,65.38,0.24,61.95,4.34,204.21,5.58,204.2
2023,5,25,10,1.42,3.46,4.58,184.08,410.98,26.25,0.95,4.83,5.88,-0.92,2.48,5.8,61.88,0.21,61.91,4.55,199.68,5.83,199.5
2023,5,25,11,1.15,3.8,4.71,156.15,458.1,23.9,0.91,4.92,6.55,-0.46,3.05,5.98,61.19,0.18,61.87,4.95,195.46,6.36,195.32
2023,5,25,12,1.22,3.73,4.58,159.17,443.27,24.22,0.91,4.73,6.87,0.07,3.47,6.23,62.25,0.15,61.81,5.56,192.98,7.18,192.95
2023,5,25,13,1.37,3.34,4.2,165.77,397.08,24.87,0.88,4.35,6.83,0.68,3.76,6.53,65.31,0.14,61.76,6.28,194.42,8.19,194.47
2023,5,25,14,0.86,2.75,3.59,108.85,327.88,16.41,0.5,2.65,6.6,1.04,3.82,6.71,68.06,0.14,61.72,6.91,200.12,9.14,200.2
2023,5,25,15,0.55,2,2.79,69.73,236.8,10.21,0.23,1.2,5.96,1.2,3.58,6.77,71.94,0.14,61.7,7.15,205.16,9.55,205.29
2023,5,25,16,0.18,1.17,1.86,22.98,137.12,3.02,0.04,0.17,4.91,1.08,3,6.71,76.69,0.14,61.7,6.78,206.77,9.14,206.83
2023,5,25,17,0.15,0.38,0.86,17.27,43.23,2.21,0.01,0.05,3.17,1.41,2.3,6.9,89,0.15,61.73,5.38,204.74,7.27,204.83
2023,5,25,18,0.02,0.02,0.06,1.23,1.62,0.18,0,0,2.17,1.57,1.87,6.96,96.62,0.15,61.76,3.64,199.29,5,199.34
2023,5,25,19,0,0,0,0,0,0,0,0,1.98,1.65,1.82,7.02,98.5,0.12,61.8,3.38,195.29,4.68,195.41
2023,5,25,20,0,0,0,0,0,0,0,0,1.99,1.62,1.8,7.02,98.19,0.1,61.83,3.55,194.8,4.94,194.85
2023,5,25,21,0,0,0,0,0,0,0,0,1.29,1.23,1.26,6.77,100,0.1,61.83,2.79,191.47,4,191.05
2023,5,25,22,0,0,0,0,0,0,0,0,1.35,1.09,1.23,6.71,98.69,0.12,61.8,3,187.62,4.22,187.44
2023,5,25,23,0,0,0,0,0,0,0,0,1.15,0.87,1.01,6.59,98.56,0.13,61.76,2.78,190.02,3.92,189.99
2023,5,26,0,0,0,0,0,0,0,0,0,0.98,0.74,0.86,6.59,98.94,0.14,61.71,2.26,193.99,3.22,194.04
2023,5,26,1,0,0,0,0,0,0,0,0,0.83,0.5,0.66,6.47,98.31,0.15,61.68,2.02,200.82,2.88,200.45
2023,5,26,2,0,0,0,0,0,0,0,0,0.63,0.23,0.43,6.35,97.94,0.13,61.66,2.01,209.86,2.89,209.48
2023,5,26,3,0,0,0,0,0,0,0,0,0.44,-0.07,0.19,6.23,97.56,0.09,61.67,1.76,220.85,2.58,220.21
2023,5,26,4,0.02,0.01,0.05,1.17,1.42,0.17,0,0,0.07,-0.33,-0.13,6.16,98.81,0.06,61.72,1.28,231.67,2.03,230
2023,5,26,5,0.29,0.39,0.83,30.9,42.92,3.84,0.02,0.1,0.7,-0.19,0.26,6.23,95.75,0.07,61.77,1.68,226.13,2.31,226.1
2023,5,26,6,0.75,1.16,1.83,87.17,134.55,11.42,0.17,0.85,2.08,-0.38,0.84,6.16,86,0.1,61.8,2.04,226.55,2.61,225.97
2023,5,26,7,1.37,2.01,2.76,164.9,239.35,22.51,0.53,2.67,4.2,-1.42,1.4,5.74,68.94,0.07,61.84,2.05,216.78,2.53,216.2
2023,5,26,8,1.94,2.79,3.57,237.3,335.23,33.98,1.05,5.62,6.44,-2.57,1.94,5.25,54,0.03,61.87,3,202.22,3.76,201.71
2023,5,26,9,2.34,3.39,4.19,286.6,407.42,41.7,1.49,7.58,7.74,-2.68,2.53,5.19,48.62,0.02,61.9,4.4,203.43,5.62,203
2023,5,26,10,2.4,3.86,4.58,293.85,455.92,43.94,1.74,9.12,7.92,-2.1,2.91,5.37,50,0.03,61.92,5.01,204.41,6.41,204.1
2023,5,26,11,1.83,4.06,4.71,229.05,473.2,35.49,1.48,8,7.8,-1.52,3.14,5.62,52.44,0.05,61.9,5,205.64,6.38,205.47
2023,5,26,12,2.18,3.87,4.59,256.38,458.62,38.54,1.54,8.12,7.94,-1.16,3.39,5.74,53.25,0.09,61.86,5,207.85,6.38,207.63
2023,5,26,13,2.09,3.44,4.2,255.8,415.42,37.77,1.37,6.77,7.47,-1.05,3.21,5.8,55.19,0.11,61.82,4.88,210.51,6.25,210.31
2023,5,26,14,1.65,2.88,3.59,198.3,349.08,29.17,0.92,5,6.23,-0.65,2.79,5.92,61.94,0.11,61.8,4.49,212.06,5.78,211.73
2023,5,26,15,1.12,2.14,2.79,135.7,261.15,19.38,0.47,2.38,4.75,0.17,2.46,6.35,72.88,0.09,61.77,3.9,210.83,5.04,210.46
2023,5,26,16,0.67,1.32,1.86,79.05,160.45,10.59,0.16,0.8,3.63,0.73,2.18,6.59,82.12,0.07,61.76,3.39,207.45,4.42,207.11
2023,5,26,17,0.18,0.49,0.87,19.77,58.42,2.6,0.02,0.08,2.61,0.96,1.79,6.71,89.75,0.04,61.77,2.97,203.87,3.95,203.53
2023,5,26,18,0.02,0.02,0.06,1.42,2.05,0.22,0,0,1.58,0.69,1.14,6.53,94.5,0.03,61.8,2.48,198.78,3.34,198.82
2023,5,26,19,0,0,0,0,0,0,0,0,0.75,0.19,0.47,6.29,96.44,0.01,61.84,2.3,196.4,3.09,196.46
2023,5,26,20,0,0,0,0,0,0,0,0,0.69,-0.01,0.33,6.16,95.56,0.01,61.86,2.22,195.5,3.03,195.54
2023,5,26,21,0,0,0,0,0,0,0,0,0.64,0.02,0.33,6.23,96.06,0.01,61.86,2.15,195.6,2.98,195.68
2023,5,26,22,0,0,0,0,0,0,0,0,0.51,-0.04,0.23,6.16,96.56,0.01,61.83,2.01,194.14,2.81,194.31
2023,5,26,23,0,0,0,0,0,0,0,0,0.39,-0.02,0.19,6.23,97.56,0.03,61.79,2.05,192.13,2.89,192.5
2023,5,27,0,0,0,0,0,0,0,0,0,0.4,0.08,0.24,6.23,98.25,0.13,61.75,2.27,192.51,3.21,192.92
2023,5,27,1,0,0,0,0,0,0,0,0,0.39,0.16,0.28,6.29,99,0.25,61.72,2.41,200.08,3.44,200.21
2023,5,27,2,0,0,0,0,0,0,0,0,0.48,0.3,0.38,6.41,99.69,0.31,61.7,2.22,208.55,3.24,208.17
2023,5,27,3,0,0,0,0,0,0,0,0,0.35,0.25,0.3,6.41,100,0.19,61.68,1.64,223.07,2.56,220.92
2023,5,27,4,0.03,0.01,0.05,1.38,1.48,0.2,0,0,0.13,0.06,0.09,6.35,100,0.12,61.68,1.29,235.15,2.2,230.48
2023,5,27,5,0.33,0.35,0.83,35.35,38.15,4.5,0.02,0.1,1.1,-0.06,0.51,6.29,94.19,0.04,61.7,1.69,235.36,2.4,234.14
2023,5,27,6,0.93,1.03,1.83,101.33,113.77,12.65,0.17,0.85,2.4,-0.77,0.81,6.04,81.94,0.02,61.73,2.22,240.73,2.86,240.14
2023,5,27,7,1.34,1.76,2.77,153.45,196.6,19.79,0.44,2.23,4.19,-2.08,1.05,5.49,65.62,0.01,61.75,2.39,241.93,3,241.5
2023,5,27,8,1.78,2.53,3.57,207.17,289.2,27.64,0.8,4.38,6.09,-3.77,1.16,4.76,50.12,0,61.77,2.81,232.68,3.51,231.88
2023,5,27,9,2.24,3.21,4.19,267.3,374.48,36.45,1.26,6.17,7.52,-4.53,1.49,4.46,42.5,0,61.78,3.41,222.4,4.28,221.67
2023,5,27,10,2.53,3.6,4.58,306.95,420.7,42.31,1.58,8.23,8.51,-4.49,2.01,4.46,39.81,0,61.76,3.8,217.74,4.78,217.02
2023,5,27,11,2.1,3.84,4.71,266,454.83,38.66,1.48,7.98,8.85,-3.92,2.47,4.7,40.69,0,61.73,4,213.29,5.05,212.61
2023,5,27,12,2.1,3.67,4.59,260.35,433.25,37.36,1.4,7.25,8.88,-2.88,3,5.07,44.06,0.01,61.74,4.86,216.5,6.18,216.06
2023,5,27,13,1.79,3.35,4.21,216.1,397.83,31.79,1.13,5.6,8.33,-2.24,3.05,5.31,48,0.02,61.73,5.09,218.77,6.51,218.37
2023,5,27,14,1.56,2.73,3.6,189.5,322.58,27.12,0.84,4.48,7.25,-1.44,2.9,5.62,54.75,0.03,61.72,4.82,218.15,6.17,217.8
2023,5,27,15,1.04,1.98,2.8,125.23,232.48,17.66,0.42,2.15,5.56,-0.49,2.54,6.04,65.88,0.03,61.71,4.26,216.05,5.47,215.64
2023,5,27,16,0.58,1.18,1.87,67.42,136.95,8.98,0.13,0.67,3.97,0.11,2.04,6.29,76.75,0.02,61.7,3.58,212.79,4.62,212.43
2023,5,27,17,0.21,0.43,0.87,22.5,48,2.92,0.02,0.08,2.69,0.46,1.58,6.47,86.12,0.02,61.71,2.94,210.1,3.82,209.76
2023,5,27,18,0.02,0.02,0.07,1.5,1.92,0.22,0,0,1.8,0.62,1.22,6.53,92.81,0.02,61.72,2.32,203.2,3.11,203.41
2023,5,27,19,0,0,0,0,0,0,0,0,1.52,0.74,1.13,6.59,95.56,0.02,61.76,2.18,198.18,2.97,198.53
2023,5,27,20,0,0,0,0,0,0,0,0,1.44,0.74,1.09,6.59,96.19,0.02,61.8,2.07,198.91,2.89,199.41
2023,5,27,21,0,0,0,0,0,0,0,0,1.11,0.62,0.87,6.53,97.62,0.01,61.83,1.84,197.28,2.61,198.65
2023,5,27,22,0,0,0,0,0,0,0,0,0.69,0.43,0.56,6.47,99.31,0.01,61.82,1.41,194.81,2.06,196.78
2023,5,27,23,0,0,0,0,0,0,0,0,0.41,0.18,0.3,6.35,99.56,0,61.81,1.3,190.03,1.88,192.24
2023,5,28,0,0,0,0,0,0,0,0,0,0.08,-0.14,-0.02,6.23,99.81,0,61.79,1.01,187.57,1.47,189.16
2023,5,28,1,0,0,0,0,0,0,0,0,-0.1,-0.42,-0.25,6.1,99.44,0,61.77,0.73,189.87,1.06,189.32
2023,5,28,2,0,0,0,0,0,0,0,0,-0.57,-0.92,-0.75,5.86,99.75,0,61.75,0.37,196.11,0.59,183.81
2023,5,28,3,0,0,0,0,0,0,0,0,-1.13,-1.58,-1.35,5.62,99.62,0,61.74,0.1,98.75,0.35,96.48
2023,5,28,4,0.03,0.02,0.06,1.52,1.65,0.22,0,0,-2.07,-2.71,-2.39,5.13,98.69,0,61.75,0.46,44.31,0.99,54.3
2023,5,28,5,0.44,0.48,0.84,47.92,53.05,5.59,0.02,0.12,-0.74,-4.09,-2.42,4.64,80.19,0,61.79,1.07,41.74,1.51,44.58
2023,5,28,6,1.21,1.32,1.84,138.25,154.65,17.27,0.23,1.17,1.9,-6.23,-2.17,4.03,56.62,0,61.83,1.03,33.57,1.27,33.98
2023,5,28,7,1.96,2.16,2.77,231.48,255.9,30.95,0.69,3.42,4.75,-8.13,-1.7,3.42,39.31,0,61.88,0.18,217.87,0.22,217.69
2023,5,28,8,2.62,2.89,3.57,314.4,343.83,43.77,1.29,6.73,7.3,-8.92,-0.81,3.11,30.31,0,61.92,1.82,212.53,2.21,212.28
2023,5,28,9,3.07,3.46,4.19,370.48,411.48,52.87,1.84,9.58,9.33,-8.74,0.3,3.17,26.62,0,61.94,3.04,212.51,3.76,211.84
2023,5,28,10,3.16,3.84,4.58,389.6,458.33,57.01,2.18,11.62,10.83,-8.02,1.4,3.36,25.5,0,61.94,4,211.42,5.02,210.8
2023,5,28,11,2.93,3.92,4.71,366.2,465.95,53.64,2.1,11.45,11.68,-6.77,2.45,3.72,26.81,0,61.94,4.86,209.37,6.18,208.86
2023,5,28,12,2.57,3.8,4.59,312.6,453,46.29,1.77,9.48,11.76,-4.97,3.39,4.27,30.94,0,61.95,5.53,207.4,7.1,207.04
2023,5,28,13,2.41,3.44,4.21,294,412.05,42.89,1.52,7.67,10.88,-3.1,3.89,4.94,37.81,0,61.97,5.64,206.25,7.23,206.01
2023,5,28,14,1.89,2.88,3.6,229.52,346.17,33.39,1.02,5.45,9.61,-1.84,3.88,5.43,45.06,0,61.99,5.2,205.53,6.67,205.3
2023,5,28,15,1.42,2.16,2.81,170.38,260.2,23.97,0.56,2.85,8.32,-1.21,3.55,5.68,51.38,0.02,62,4.62,205.22,5.93,205.01
2023,5,28,16,0.88,1.34,1.88,103.48,161.17,13.41,0.2,0.95,6.75,-0.66,3.05,5.92,59.5,0.03,62.02,3.96,204.09,5.1,203.94
2023,5,28,17,0.39,0.52,0.88,43.83,60.35,5,0.02,0.12,4.99,-0.06,2.47,6.16,70.19,0.02,62.05,3.12,201.43,4.07,201.25
2023,5,28,18,0.03,0.02,0.07,1.92,2.3,0.27,0,0,3.38,0.64,2.01,6.47,82.69,0.01,62.11,1.88,195.42,2.56,195.01
2023,5,28,19,0,0,0,0,0,0,0,0,2.86,1.13,2,6.71,89.06,0.01,62.15,1.37,184.57,1.85,185.33
2023,5,28,20,0,0,0,0,0,0,0,0,2.59,1.42,2.01,6.84,92.81,0,62.18,1.09,180,1.49,181.81
2023,5,28,21,0,0,0,0,0,0,0,0,2.4,1.56,1.98,6.96,95.06,0,62.21,0.82,172.33,1.12,175.6
2023,5,28,22,0,0,0,0,0,0,0,0,2.12,1.59,1.86,6.96,97.31,0,62.19,0.42,187.52,0.74,186.07
2023,5,28,23,0,0,0,0,0,0,0,0,1.76,1.51,1.64,6.9,99.31,0,62.18,0.42,191.94,0.81,189.46
2023,5,29,0,0,0,0,0,0,0,0,0,1.49,1.4,1.44,6.84,100,0,62.16,0.43,188.43,0.81,183.85
2023,5,29,1,0,0,0,0,0,0,0,0,1.32,1.27,1.3,6.77,100,0.01,62.13,0.43,191.51,0.78,182.86
2023,5,29,2,0,0,0,0,0,0,0,0,1.16,1.16,1.16,6.71,100,0.01,62.11,0.42,177.88,0.8,169.35
2023,5,29,3,0,0,0,0,0,0,0,0,1.08,1.08,1.08,6.71,100,0.01,62.1,0.46,157.83,0.87,153.43
2023,5,29,4,0.03,0.02,0.06,1.58,1.62,0.22,0,0,1.12,1.01,1.07,6.65,100,0,62.12,0.5,147.05,0.91,143.72
2023,5,29,5,0.42,0.43,0.84,46.2,48.75,5.42,0.03,0.12,2.26,0.98,1.62,6.65,92,0,62.15,0.88,143.33,1.14,142.5
2023,5,29,6,1.24,1.26,1.84,144.67,150.5,17.6,0.25,1.25,4.12,0.79,2.46,6.59,79.88,0,62.2,1.42,160.37,1.73,160.5
2023,5,29,7,1.92,2.09,2.77,230.33,251.12,30.63,0.72,3.6,6.53,0.24,3.38,6.35,65,0,62.24,2.18,161.37,2.66,161.51
2023,5,29,8,2.32,2.81,3.57,281.38,338.88,39.49,1.23,6.67,8.71,-0.27,4.22,6.04,53.75,0,62.26,2.81,170.72,3.44,170.86
2023,5,29,9,2.62,3.37,4.19,318.27,406.42,45.91,1.67,8.42,10.33,-0.58,4.87,5.92,46.94,0,62.27,3.46,183.88,4.28,183.98
2023,5,29,10,3.15,3.73,4.58,390.3,448.83,56.18,2.2,11.98,11.3,-0.74,5.28,5.86,43.5,0,62.26,4.14,193.85,5.16,194.1
2023,5,29,11,2.76,3.78,4.72,347.45,453.02,49.72,1.99,11.05,11.72,-0.55,5.58,5.92,42.88,0,62.24,4.77,198.94,6,199.07
2023,5,29,12,2.52,3.65,4.59,315.65,439.15,45.31,1.76,9.52,11.62,-0.2,5.72,6.1,44.31,0,62.22,5.12,198.6,6.49,198.76
2023,5,29,13,2.19,3.3,4.21,268.33,397.4,38.26,1.4,7.12,11.09,0.26,5.68,6.29,47.5,0,62.2,5.22,196.86,6.64,196.96
2023,5,29,14,1.69,2.74,3.6,208.83,330.45,29.24,0.92,4.95,10.18,0.63,5.4,6.47,51.88,0,62.19,5.04,194.08,6.43,194.14
2023,5,29,15,1.21,2.02,2.81,148.92,243.5,20.39,0.5,2.55,8.94,0.9,4.92,6.59,57.44,0,62.18,4.71,192.93,6.03,193.03
2023,5,29,16,0.68,1.21,1.88,81.23,145.05,10.75,0.17,0.85,7.45,1.08,4.26,6.65,64.38,0,62.2,4.24,193.32,5.45,193.42
2023,5,29,17,0.27,0.45,0.89,30.4,51.4,3.75,0.02,0.1,5.78,1.24,3.51,6.77,73.12,0,62.23,3.48,192.57,4.53,192.65
2023,5,29,18,0.03,0.02,0.07,1.85,2.23,0.27,0,0,4.13,1.8,2.97,7.02,85.44,0,62.28,2.37,189.49,3.15,189.58
2023,5,29,19,0,0,0,0,0,0,0,0,3.43,2.27,2.85,7.26,93.12,0,62.33,1.74,183.09,2.28,183.14
2023,5,29,20,0,0,0,0,0,0,0,0,3.11,2.3,2.7,7.32,95.5,0,62.36,1.34,181,1.85,180.97
2023,5,29,21,0,0,0,0,0,0,0,0,2.81,2.15,2.48,7.2,96.5,0,62.37,1.19,177.36,1.67,177.06
2023,5,29,22,0,0,0,0,0,0,0,0,2.51,2.08,2.3,7.2,98,0,62.36,1,177.76,1.5,177.61
2023,5,29,23,0,0,0,0,0,0,0,0,2.08,1.98,2.03,7.14,100,0,62.34,0.83,179.46,1.41,179.05
2023,5,30,0,0,0,0,0,0,0,0,0,1.59,1.35,1.47,6.84,99.38,0,62.31,0.81,171.09,1.32,170.82
2023,5,30,1,0,0,0,0,0,0,0,0,1.18,0.61,0.89,6.47,97.19,0,62.29,0.79,159.04,1.23,158.33
2023,5,30,2,0,0,0,0,0,0,0,0,0.82,0.19,0.51,6.29,96.81,0,62.27,0.83,152.47,1.25,150.7
2023,5,30,3,0,0,0,0,0,0,0,0,0.49,-0.34,0.08,6.04,95.56,0,62.28,0.84,146.75,1.22,143.35
2023,5,30,4,0.02,0.02,0.06,1.35,1.8,0.2,0,0,0.01,-0.98,-0.48,5.8,94.56,0,62.3,0.68,134.53,0.96,126.4
2023,5,30,5,0.37,0.45,0.84,42.17,52.23,5.32,0.03,0.15,0.82,-1.77,-0.47,5.43,84.12,0,62.33,0.67,107.59,0.87,105.03
2023,5,30,6,1.07,1.26,1.84,124,150.65,16.11,0.24,1.23,2.76,-3.52,-0.38,4.76,63.5,0,62.36,1.41,150.45,1.72,150.87
2023,5,30,7,1.71,2.07,2.77,206.38,249.73,28.01,0.67,3.42,5.01,-4.33,0.34,4.39,50.56,0,62.39,2.5,171.01,3.05,171
2023,5,30,8,2.36,2.8,3.57,286.83,337.83,39.82,1.23,6.52,7.37,-4.35,1.51,4.39,42.81,0,62.4,3.29,181.36,4.02,181.33
2023,5,30,9,2.69,3.37,4.19,326.08,406.2,46.45,1.67,8.75,9.42,-3.77,2.83,4.58,39,0,62.39,3.88,187.75,4.78,187.71
2023,5,30,10,3.01,3.73,4.58,372.75,449.9,53.77,2.12,11.58,10.94,-2.99,3.98,4.88,37.44,0,62.37,4.42,191.83,5.49,191.82
2023,5,30,11,2.98,3.84,4.72,373.58,461.38,53.59,2.17,12.15,11.8,-2.1,4.85,5.25,37.88,0,62.32,4.9,195.14,6.14,195.2
2023,5,30,12,2.79,3.73,4.59,347.12,447.95,50.25,1.98,10.85,11.96,-1.42,5.27,5.55,39.5,0,62.28,5.19,198.24,6.53,198.26
2023,5,30,13,2.54,3.38,4.21,309.67,406.1,44.12,1.62,8.42,11.54,-0.8,5.37,5.8,42.5,0,62.25,5.23,200.2,6.61,200.25
2023,5,30,14,2.15,2.82,3.61,259.48,339.1,36.44,1.16,6.33,10.8,-0.24,5.27,6.04,46.5,0,62.22,5,200.95,6.35,201.07
2023,5,30,15,1.52,2.09,2.82,182.35,251.88,24.81,0.62,3.12,9.73,-0.06,4.83,6.1,50.62,0,62.21,4.6,200.46,5.85,200.57
2023,5,30,16,0.9,1.28,1.89,105.65,152.3,13.57,0.22,1.08,8.37,0.01,4.19,6.16,55.81,0,62.22,4.12,198.92,5.28,199
2023,5,30,17,0.37,0.48,0.9,40.62,54.98,4.84,0.03,0.12,6.66,0.06,3.36,6.16,63,0,62.25,3.46,196.8,4.51,196.93
2023,5,30,18,0.03,0.02,0.08,1.85,2.4,0.26,0,0,4.15,0.75,2.44,6.53,78.94,0,62.29,1.66,192.47,2.53,192.84
2023,5,30,19,0,0,0,0,0,0,0,0,3.4,1.3,2.35,6.77,86.75,0,62.34,1.48,188.52,2.12,188.49
2023,5,30,20,0,0,0,0,0,0,0,0,2.76,1.76,2.26,7.02,93.94,0,62.38,1.2,183.74,1.75,183.59
2023,5,30,21,0,0,0,0,0,0,0,0,2.49,1.9,2.2,7.08,97,0,62.39,1.05,178.73,1.56,178.85
2023,5,30,22,0,0,0,0,0,0,0,0,2.13,1.86,2,7.08,99.25,0,62.38,0.7,174.23,1.21,173.7
2023,5,30,23,0,0,0,0,0,0,0,0,1.71,1.6,1.65,6.96,100,0,62.35,0.71,164.58,1.19,163.59
2023,5,31,0,0,0,0,0,0,0,0,0,1.3,0.98,1.14,6.65,98.88,0,62.32,0.7,150.57,1.17,148.64
2023,5,31,1,0,0,0,0,0,0,0,0,0.98,0.78,0.88,6.59,99.88,0,62.29,0.67,135.47,1.13,129.65
2023,5,31,2,0,0,0,0,0,0,0,0,0.69,0.59,0.64,6.47,100,0,62.27,0.75,132.03,1.26,125.37
2023,5,31,3,0,0,0,0,0,0,0,0,0.48,0.42,0.45,6.41,100,0,62.25,0.83,133.86,1.39,128.61
2023,5,31,4,0.02,0.02,0.06,1.12,1.58,0.16,0,0,0.37,0.23,0.3,6.29,99.88,0,62.24,0.89,135.36,1.46,131.53
2023,5,31,5,0.17,0.34,0.85,18.3,37.62,2.47,0.02,0.08,1.65,0.07,0.86,6.23,89.94,0,62.25,1.68,150.45,2.26,149
2023,5,31,6,0.44,0.98,1.84,49.52,109.02,6.75,0.1,0.52,3.69,-0.66,1.51,5.86,73.69,0,62.27,3.15,165.62,3.99,165.61
2023,5,31,7,1.05,1.7,2.77,122.88,190.73,16.4,0.4,2.05,5.31,-1.13,2.09,5.68,63.44,0,62.3,3.83,171.21,4.83,171.16
2023,5,31,8,1.5,2.52,3.57,177.75,293.85,24.4,0.76,4.1,6.9,-1.24,2.83,5.62,56.31,0,62.32,4.26,173.25,5.33,173.27
2023,5,31,9,1.76,3.07,4.19,218.65,362.95,30.59,1.1,5.5,8.21,-1.2,3.51,5.62,51.62,0.01,62.32,4.82,175.63,6.06,175.64
2023,5,31,10,2.04,3.28,4.58,250.55,382.85,33.92,1.27,6.83,9.17,-0.8,4.19,5.8,49.81,0.01,62.29,5.45,179.51,6.9,179.55
2023,5,31,11,2.39,3.68,4.72,308.42,442.45,44.02,1.74,9.67,9.65,-0.32,4.66,6.04,50.06,0.03,62.25,5.88,183.12,7.49,183.17
2023,5,31,12,2.14,3.54,4.59,267.7,421.5,38.27,1.5,8,9.84,0.04,4.94,6.16,50.69,0.04,62.21,6.13,186.15,7.84,186.23
2023,5,31,13,1.6,3.22,4.22,199.05,380.75,28.85,1.05,5.35,9.71,0.22,4.96,6.29,51.81,0.05,62.16,6.2,188.99,7.95,189.05
2023,5,31,14,1.37,2.68,3.61,171.35,318.8,24.26,0.78,4.2,9.15,0.36,4.76,6.35,54.38,0.06,62.13,6.08,191.41,7.84,191.44
2023,5,31,15,0.9,1.97,2.82,112.88,232.73,15.8,0.41,2.08,8.15,0.3,4.23,6.35,58,0.05,62.13,5.72,193.26,7.4,193.3
2023,5,31,16,0.62,1.15,1.9,73.25,135.1,9.74,0.16,0.77,6.73,0.18,3.46,6.29,63.31,0.04,62.12,5.1,193.74,6.63,193.84
2023,5,31,17,0.29,0.41,0.9,31.52,46.58,3.94,0.02,0.12,5.03,0.19,2.61,6.29,71.31,0.02,62.13,4.21,192.77,5.55,192.84
2023,5,31,18,0.03,0.02,0.08,1.92,2.33,0.28,0,0,3.03,0.92,1.98,6.59,86.62,0.02,62.15,2.56,188.43,3.49,188.62
2023,5,31,19,0,0,0,0,0,0,0,0,2.5,1.56,2.03,6.96,94.38,0.02,62.16,2.2,183.46,2.96,183.48
2023,5,31,20,0,0,0,0,0,0,0,0,2.48,1.82,2.15,7.08,96.31,0.02,62.17,2.34,184.97,3.18,185.08
2023,5,31,21,0,0,0,0,0,0,0,0,2.38,1.9,2.14,7.14,97.69,0.02,62.16,2.45,186.58,3.34,186.58
2023,5,31,22,0,0,0,0,0,0,0,0,2.26,1.51,1.88,6.96,96,0.02,62.14,2.55,187.76,3.46,187.78
2023,5,31,23,0,0,0,0,0,0,0,0,0.7,0.66,0.69,6.53,100,0.02,62.11,1.58,183.68,2.5,183.4
2023,6,1,0,0,0,0,0,0,0,0,0,0.78,0.23,0.51,6.35,97.44,0.01,62.06,1.81,176.53,2.48,176.39
2023,6,1,1,0,0,0,0,0,0,0,0,-0.15,-0.24,-0.19,6.1,100,0.01,62.01,1.24,171.67,1.91,169.38
2023,6,1,2,0,0,0,0,0,0,0,0,-0.04,-0.42,-0.23,6.04,98.75,0,61.99,0.97,167.87,1.48,163.47
2023,6,1,3,0,0,0,0,0,0,0,0,-0.56,-1.03,-0.8,5.8,98.38,0,61.97,0.74,153.17,1.12,144.09
2023,6,1,4,0.03,0.02,0.06,1.77,1.9,0.25,0,0,-0.86,-1.57,-1.21,5.55,96.75,0,61.97,0.46,119.62,0.72,107.06
