YEAR,MO,DY,HR,ALLSKY_SFC_SW_DWN,CLRSKY_SFC_SW_DWN,TOA_SW_DWN,ALLSKY_SFC_PAR_TOT,CLRSKY_SFC_PAR_TOT,ALLSKY_SFC_UVA,ALLSKY_SFC_UVB,ALLSKY_SFC_UV_INDEX,T2M,T2MDEW,T2MWET,QV2M,RH2M,PRECTOTCORR,PS,WS2M,WD2M,WS10M,WD10M
2022,4,1,0,0,0,0,0,0,0,0,0,7.58,2.63,5.1,6.71,74.69,0,72.37,0.86,8.86,1.38,8.77
2022,4,1,1,0,0,0,0,0,0,0,0,7.63,1.95,4.79,6.41,70.81,0,72.32,0.83,3.78,1.29,3.47
2022,4,1,2,0,0,0,0,0,0,0,0,7.52,1.34,4.43,6.1,68.06,0,72.28,0.84,0,1.31,359.66
2022,4,1,3,0,0,0,0,0,0,0,0,7.4,0.62,4.01,5.8,65.19,0,72.26,0.8,8.45,1.23,8.8
2022,4,1,4,0,0,0,0,0,0,0,0,7.12,-0.1,3.51,5.49,63.06,0,72.28,0.79,13.21,1.22,13.32
2022,4,1,5,0,0,0,0,0,0,0,0,6.77,-0.9,2.94,5.19,61.06,0,72.32,0.85,13.27,1.33,13.63
2022,4,1,6,0.12,0.15,0.36,12.05,15.5,1.8,0.01,0.02,7.25,-1.28,2.98,5.07,57.31,0,72.36,0.91,13.44,1.41,13.42
2022,4,1,7,1.02,1.01,1.44,112.1,112.8,14.87,0.12,0.62,10.33,0.9,5.62,5.98,55.25,0,72.42,0.79,2.83,1.17,3.07
2022,4,1,8,1.95,1.96,2.46,221.5,223.62,32.16,0.59,2.9,13.32,-1.32,6,5.13,38.75,0,72.48,1.23,278.8,1.52,278.55
2022,4,1,9,2.69,2.77,3.32,312.4,318.38,47.19,1.23,6.12,15.58,-2.1,6.74,4.76,31.12,0,72.51,2.52,258.72,3.17,258.33
2022,4,1,10,3.22,3.37,3.97,378.48,388.75,57.87,1.85,9.6,17.03,-1.62,7.71,4.88,29.19,0,72.51,3.27,250.92,4.16,250.34
2022,4,1,11,2.86,3.6,4.36,342.23,420.15,52.82,1.8,9.27,17.93,-0.71,8.61,5.19,29.25,0,72.49,3.84,244.32,4.91,243.84
2022,4,1,12,3.1,3.63,4.47,375.85,423.62,56.04,1.91,9.92,18.33,0.21,9.27,5.55,30.5,0,72.45,4.16,240.31,5.35,239.84
2022,4,1,13,2.54,3.31,4.29,299.42,380.73,43.91,1.43,7.33,18.33,1.04,9.68,5.86,32.31,0,72.4,4.26,237.59,5.47,237.2
2022,4,1,14,2.2,2.76,3.82,260.8,313.88,35.65,1.02,5.3,17.96,1.64,9.8,6.16,34.5,0,72.36,4.15,235.5,5.35,235.29
2022,4,1,15,1.63,2.11,3.11,190.38,239.7,25.3,0.59,2.92,17.26,2.03,9.65,6.29,37.06,0,72.33,3.91,233.7,5.05,233.36
2022,4,1,16,0.97,1.27,2.2,108.48,140.17,13.62,0.21,1.02,16.08,2.31,9.2,6.41,40.62,0,72.34,3.5,231.8,4.58,231.65
2022,4,1,17,0.49,0.5,1.15,51.38,53.62,6.66,0.04,0.2,14.02,3.03,8.53,6.71,48.5,0,72.39,2.57,228.81,3.54,229.03
2022,4,1,18,0.05,0.04,0.16,3.88,4.1,0.56,0,0,10.54,3.73,7.13,7.08,64.56,0,72.47,0.95,229.65,1.78,229.62
2022,4,1,19,0,0,0,0,0,0,0,0,10,3.22,6.61,6.84,64.56,0.02,72.54,0.56,249.54,0.88,249.15
2022,4,1,20,0,0,0,0,0,0,0,0,9.63,2.98,6.3,6.71,65.19,0,72.61,0.46,346.2,0.7,346.43
2022,4,1,21,0,0,0,0,0,0,0,0,9.19,2.48,5.83,6.53,65,0,72.64,0.76,10.73,1.17,10.41
2022,4,1,22,0,0,0,0,0,0,0,0,8.98,1.94,5.45,6.29,63.69,0,72.64,0.78,13.34,1.22,13.32
2022,4,1,23,0,0,0,0,0,0,0,0,8.83,1.37,5.1,6.04,61.88,0,72.63,0.78,14.45,1.23,13.95
2022,4,2,0,0,0,0,0,0,0,0,0,8.67,0.8,4.74,5.8,59.94,0,72.59,0.81,13.37,1.27,12.84
2022,4,2,1,0,0,0,0,0,0,0,0,8.51,0.23,4.37,5.55,58,0,72.55,0.82,12.59,1.3,12.12
2022,4,2,2,0,0,0,0,0,0,0,0,8.44,-0.38,4.04,5.31,55.62,0,72.51,0.82,12.59,1.3,12.53
2022,4,2,3,0,0,0,0,0,0,0,0,8.51,-1.01,3.75,5.07,52.88,0,72.49,0.79,15.55,1.21,15.29
2022,4,2,4,0,0,0,0,0,0,0,0,8.75,-1.81,3.47,4.76,49.25,0,72.51,0.77,20.08,1.14,20.05
2022,4,2,5,0,0,0,0,0,0,0,0,8.76,-2.6,3.08,4.52,46.69,0,72.55,0.72,24.34,1.04,24.84
2022,4,2,6,0.09,0.1,0.37,8.83,10.4,1.21,0,0.02,9.05,-2.87,3.09,4.46,45,0,72.62,0.62,26.24,0.89,27.01
2022,4,2,7,0.7,0.68,1.46,69.58,70.08,8.62,0.07,0.35,11.23,-0.6,5.31,5.31,46.62,0,72.69,0.22,20.32,0.35,18.43
2022,4,2,8,1.49,1.51,2.47,158.02,161.4,19.74,0.34,1.65,13.65,-0.54,6.56,5.31,39.69,0,72.75,1.3,230.86,1.58,230.81
2022,4,2,9,2.21,2.3,3.34,245,253.48,32.04,0.77,3.8,15.62,0.04,7.83,5.49,36.12,0,72.78,2.66,230.6,3.31,230.75
2022,4,2,10,2.42,2.87,3.98,276.48,319.75,36.88,1.09,5.58,17.1,0.77,8.94,5.74,34.44,0,72.78,3.59,226.59,4.53,226.75
2022,4,2,11,2.71,3.28,4.37,315.17,370.52,43.27,1.39,7.15,18.01,1.62,9.82,6.1,34.31,0,72.77,4.37,223.48,5.53,223.45
2022,4,2,12,2.43,3.16,4.48,281.12,352.52,37.2,1.2,6.17,18.18,2.58,10.38,6.47,36.12,0,72.74,4.73,222.12,6,222.15
2022,4,2,13,2.26,2.98,4.3,259.25,331.95,34.64,1.09,5.52,17.95,3.47,10.71,6.84,38.75,0.03,72.7,4.65,222.21,5.87,222.2
2022,4,2,14,1.72,2.41,3.83,196.1,260.77,24.62,0.69,3.58,17.42,4.05,10.73,7.14,41.56,0.09,72.64,4.4,222.84,5.54,222.89
2022,4,2,15,1.25,1.78,3.12,136.95,189,16.91,0.38,1.9,16.59,4.32,10.45,7.26,44.62,0.12,72.61,4.05,222.34,5.11,222.4
2022,4,2,16,0.77,1.07,2.21,81.23,110.98,10.08,0.16,0.75,15.39,4.43,9.91,7.32,48.56,0.12,72.59,3.58,221.2,4.56,221.32
2022,4,2,17,0.39,0.43,1.16,39.62,44.65,5.13,0.03,0.15,13.58,4.69,9.13,7.45,55.81,0.09,72.61,2.75,218.89,3.62,219.05
2022,4,2,18,0.04,0.04,0.17,3.45,3.67,0.47,0,0,10.78,5.38,8.08,7.87,70.88,0.07,72.64,1.2,213.07,1.94,213.69
2022,4,2,19,0,0,0,0,0,0,0,0,10.07,4.93,7.5,7.63,72,0.05,72.69,0.84,210.87,1.29,211.38
2022,4,2,20,0,0,0,0,0,0,0,0,9.82,4.66,7.24,7.51,72,0.03,72.74,0.4,214.62,0.63,214.47
2022,4,2,21,0,0,0,0,0,0,0,0,9.08,4.6,6.84,7.51,75.56,0.03,72.76,0.01,45,0.03,270
2022,4,2,22,0,0,0,0,0,0,0,0,8.27,4.44,6.35,7.45,79.06,0.03,72.76,0.26,18.97,0.42,16.39
2022,4,2,23,0,0,0,0,0,0,0,0,7.61,4.17,5.89,7.26,81.25,0.04,72.73,0.41,20.17,0.7,20.26
2022,4,3,0,0,0,0,0,0,0,0,0,7.19,3.87,5.52,7.14,81.81,0.03,72.69,0.51,17.88,0.88,19.08
2022,4,3,1,0,0,0,0,0,0,0,0,6.87,3.48,5.18,6.96,81.25,0.02,72.63,0.62,10.89,1.05,11.98
2022,4,3,2,0,0,0,0,0,0,0,0,6.58,3.04,4.81,6.71,80.19,0.01,72.58,0.8,359.44,1.33,2.36
2022,4,3,3,0,0,0,0,0,0,0,0,6.32,2.51,4.41,6.47,78.62,0,72.54,0.97,357.69,1.59,0
2022,4,3,4,0,0,0,0,0,0,0,0,6.14,1.94,4.04,6.23,76.38,0,72.52,1.01,2.22,1.67,3.22
2022,4,3,5,0,0,0,0,0,0,0,0,5.99,1.38,3.69,5.98,74,0,72.54,1.02,7.07,1.68,6.96
2022,4,3,6,0.09,0.09,0.39,8.67,9.9,1.16,0,0.02,6.52,1.26,3.89,5.92,70.94,0,72.58,0.95,7.59,1.58,7.41
2022,4,3,7,0.63,0.62,1.48,61.38,62.1,7.62,0.07,0.35,9.91,2.1,6.01,6.47,61.62,0,72.63,0.72,319.87,1.01,324.72
2022,4,3,8,1.3,1.38,2.49,134.1,143.12,16.84,0.3,1.5,12.45,1.94,7.19,6.53,52.56,0,72.67,2.17,257.72,2.72,258.08
2022,4,3,9,1.92,2.17,3.35,210.08,235.9,27.46,0.7,3.55,14.42,2.26,8.34,6.65,46.88,0.01,72.68,3.17,246.78,3.97,246.92
2022,4,3,10,2.41,2.82,4,276.62,314.38,36.45,1.12,5.8,15.87,2.94,9.4,6.84,44.25,0,72.67,3.98,239.15,4.99,239.22
2022,4,3,11,2.69,3.24,4.39,314.4,366.17,43.27,1.47,7.52,16.75,3.78,10.26,7.2,43.88,0.01,72.64,4.66,234.21,5.89,234.29
2022,4,3,12,2.22,2.85,4.49,247.67,305.42,29.55,0.97,4.98,16.88,4.87,10.87,7.69,46.44,0.07,72.58,4.95,232.12,6.26,232.24
2022,4,3,13,1.92,2.72,4.3,209.48,290.8,25.84,0.82,4.2,16.51,5.71,11.11,8.12,50.12,0.15,72.51,4.86,231.53,6.15,231.66
2022,4,3,14,1.52,2.27,3.84,167.98,239.25,20.13,0.57,2.98,15.83,6.18,11.01,8.36,53.88,0.27,72.44,4.69,231.36,5.95,231.5
2022,4,3,15,1.15,1.65,3.13,122.17,170.35,14.3,0.34,1.67,14.67,6.49,10.58,8.54,59.38,0.39,72.39,4.17,230.4,5.28,230.47
2022,4,3,16,0.72,1.05,2.22,74.92,107.62,8.95,0.14,0.7,13.4,6.67,10.04,8.73,65.5,0.38,72.38,3.49,228.72,4.43,228.86
2022,4,3,17,0.31,0.43,1.17,31.12,44,3.97,0.02,0.12,11.91,6.8,9.36,8.79,73.12,0.3,72.38,2.66,228.1,3.42,228.05
2022,4,3,18,0.04,0.04,0.17,3.45,3.9,0.47,0,0,10.19,7.22,8.7,9.16,84.94,0.5,72.41,1.28,224.26,1.88,223.65
2022,4,3,19,0,0,0,0,0,0,0,0,9.58,7.57,8.57,9.4,91.06,0.38,72.44,0.81,223.43,1.3,223.06
2022,4,3,20,0,0,0,0,0,0,0,0,9.26,7.55,8.41,9.4,92.88,0.18,72.48,0.55,233.13,0.9,237
2022,4,3,21,0,0,0,0,0,0,0,0,8.85,7.19,8.02,9.16,93.25,0.05,72.49,0.49,262.65,0.83,270
2022,4,3,22,0,0,0,0,0,0,0,0,8.26,6.76,7.51,8.91,94.25,0.02,72.47,0.5,294.96,0.87,298.86
2022,4,3,23,0,0,0,0,0,0,0,0,7.9,6.27,7.08,8.61,93.75,0.01,72.45,0.54,319.67,0.94,322.46
2022,4,4,0,0,0,0,0,0,0,0,0,7.55,5.77,6.66,8.36,93.06,0,72.41,0.67,340.3,1.16,341.2
2022,4,4,1,0,0,0,0,0,0,0,0,7.22,5.25,6.23,8.06,92,0,72.37,0.84,350.36,1.46,351.09
2022,4,4,2,0,0,0,0,0,0,0,0,6.93,4.49,5.71,7.69,89.31,0,72.33,0.98,357.25,1.73,357.67
2022,4,4,3,0,0,0,0,0,0,0,0,6.82,3.53,5.17,7.2,84.44,0,72.3,1.03,6.53,1.78,6.28
2022,4,4,4,0,0,0,0,0,0,0,0,6.8,2.43,4.62,6.71,78.44,0,72.31,1.06,14.14,1.77,13.79
2022,4,4,5,0,0,0,0,0,0,0,0,6.81,1.24,4.02,6.16,72.19,0,72.35,1.07,18.7,1.75,18.19
2022,4,4,6,0.15,0.18,0.41,14.58,18.27,2.05,0.01,0.02,7.3,0.68,3.99,5.92,66.81,0,72.41,1.03,22.29,1.71,21.75
2022,4,4,7,1.05,1.04,1.49,114.05,115.95,14.2,0.14,0.67,10.55,2.16,6.36,6.65,60.62,0,72.47,0.98,14.37,1.41,15.42
2022,4,4,8,1.98,1.98,2.51,224.38,226.15,31.09,0.61,3,13.54,-0.26,6.64,5.55,41.44,0,72.51,1.07,282.21,1.33,281.91
2022,4,4,9,2.74,2.79,3.37,317.9,321.05,46.14,1.27,6.42,15.65,-1.77,6.94,4.82,31.69,0,72.53,2.47,246.28,3.08,246.23
2022,4,4,10,3.2,3.39,4.01,374.98,390.88,55.39,1.86,9.75,16.98,-1.61,7.69,4.82,29.06,0,72.53,3.48,236.52,4.4,236.45
2022,4,4,11,3.49,3.74,4.4,410.12,432.85,61.88,2.24,11.98,17.87,-1.2,8.34,4.94,28.12,0,72.52,4.24,231.59,5.37,231.56
2022,4,4,12,3.1,3.54,4.5,364,403.3,51.55,1.85,9.73,18.19,-0.51,8.84,5.19,28.75,0,72.5,4.69,229.12,5.95,229.2
2022,4,4,13,2.94,3.34,4.31,342.75,380.35,47.99,1.64,8.58,18.05,0.08,9.06,5.37,30.06,0,72.47,4.8,228.63,6.1,228.63
2022,4,4,14,2.4,2.88,3.85,280.95,326.98,38.45,1.19,6.23,17.56,0.39,8.98,5.49,31.62,0,72.45,4.63,228.42,5.88,228.45
2022,4,4,15,1.77,2.21,3.13,202.27,250,27.52,0.69,3.5,16.73,0.55,8.64,5.55,33.69,0.03,72.45,4.28,228.55,5.45,228.61
2022,4,4,16,1.11,1.4,2.22,124.23,156.62,15.95,0.27,1.33,15.46,0.61,8.04,5.55,36.69,0.1,72.48,3.72,228.92,4.77,229.05
2022,4,4,17,0.53,0.6,1.18,56.95,64.98,7.21,0.05,0.25,13.55,1.15,7.35,5.8,43.25,0.13,72.53,2.63,228.61,3.5,229.16
2022,4,4,18,0.06,0.05,0.18,4.9,5.38,0.72,0,0.02,10.94,2.3,6.62,6.29,56.12,0.09,72.6,1.3,225.49,1.92,227.3
2022,4,4,19,0,0,0,0,0,0,0,0,10.38,0.92,5.65,5.68,52.44,0.05,72.67,0.62,249.95,0.83,252.94
2022,4,4,20,0,0,0,0,0,0,0,0,9.42,0.83,5.12,5.62,55.62,0.02,72.72,0.43,334.36,0.71,340.77
2022,4,4,21,0,0,0,0,0,0,0,0,8.58,0.76,4.67,5.62,58.56,0.01,72.75,0.71,4.45,1.21,7.82
2022,4,4,22,0,0,0,0,0,0,0,0,7.82,0.65,4.23,5.55,61.25,0.01,72.74,0.87,16.16,1.52,17.69
2022,4,4,23,0,0,0,0,0,0,0,0,7.34,0.51,3.92,5.49,62.5,0,72.72,0.94,19.94,1.67,22
2022,4,5,0,0,0,0,0,0,0,0,0,7.09,0.3,3.7,5.43,62.62,0,72.69,0.97,20.77,1.72,22.48
2022,4,5,1,0,0,0,0,0,0,0,0,7.12,-0.09,3.52,5.25,60.81,0,72.66,1.01,9.39,1.71,12.64
2022,4,5,2,0,0,0,0,0,0,0,0,6.98,-0.56,3.21,5.13,59.31,0,72.63,1.11,8.93,1.84,10.54
2022,4,5,3,0,0,0,0,0,0,0,0,6.83,-1.02,2.9,4.94,58.06,0,72.62,1.14,13.08,1.89,14.15
2022,4,5,4,0,0,0,0,0,0,0,0,6.7,-1.66,2.52,4.7,56,0,72.65,1.13,15.29,1.85,15.68
2022,4,5,5,0,0,0,0,0,0,0,0,6.68,-2.24,2.22,4.52,53.69,0,72.69,1.09,15.33,1.76,16.26
2022,4,5,6,0.16,0.18,0.42,15.98,18.88,2.24,0.01,0.02,7.16,-2.02,2.57,4.58,52.94,0,72.75,1.02,16.49,1.67,17.67
2022,4,5,7,1.04,1.02,1.51,113.05,114.3,14.11,0.13,0.65,10.53,0.46,5.5,5.68,51.88,0,72.81,0.74,3.04,1.15,6.64
2022,4,5,8,1.96,1.96,2.53,222.88,224.98,30.92,0.59,2.88,13.48,-3.35,5.06,4.21,31.62,0,72.86,1.38,261.55,1.71,262.13
2022,4,5,9,2.74,2.76,3.38,317.83,317.73,45.9,1.21,6.05,15.71,-4.31,5.69,3.85,25.06,0,72.88,2.76,245.25,3.45,245.52
2022,4,5,10,3.33,3.38,4.03,389.4,392.23,57.75,1.85,9.58,17.32,-3.95,6.69,3.91,23.19,0,72.87,3.65,238.66,4.58,238.8
2022,4,5,11,3.38,3.73,4.41,402.83,432.98,60.39,2.14,11.08,18.35,-3.58,7.39,4.03,22.31,0,72.85,4.44,234.46,5.62,234.56
2022,4,5,12,3.18,3.56,4.51,377.58,410.17,53.6,1.87,9.67,18.78,-3.15,7.82,4.15,22.44,0,72.81,4.92,231.84,6.27,231.99
2022,4,5,13,2.68,3.33,4.32,316.95,386.98,45.25,1.48,7.67,18.61,-2.63,7.98,4.33,23.56,0.13,72.76,5.01,230.38,6.4,230.4
2022,4,5,14,2.17,2.83,3.86,260.38,331.6,35.75,1.03,5.35,17.98,-2.25,7.87,4.46,25.25,0.27,72.71,4.75,229.87,6.07,229.96
2022,4,5,15,1.6,2.2,3.14,187.2,255.38,25.84,0.62,3.1,16.98,-2.11,7.43,4.52,27.19,0.33,72.67,4.29,230.25,5.49,230.37
2022,4,5,16,1.05,1.41,2.23,120.48,161.48,15.71,0.25,1.23,15.58,-2.05,6.76,4.52,29.88,0.28,72.66,3.59,230.91,4.62,230.98
2022,4,5,17,0.54,0.61,1.19,59.83,68.35,7.66,0.05,0.25,13.52,-1.14,6.19,4.88,36.62,0.15,72.67,2.4,230.29,3.21,230.53
2022,4,5,18,0.06,0.05,0.18,5.17,5.58,0.75,0,0.02,10.75,0.44,5.59,5.49,49.69,0.07,72.69,0.93,230.81,1.42,230.6
2022,4,5,19,0,0,0,0,0,0,0,0,9.65,-0.6,4.52,5.07,49.25,0.03,72.73,0.33,337.69,0.52,345.12
2022,4,5,20,0,0,0,0,0,0,0,0,8.36,-0.32,4.01,5.19,54.81,0.01,72.77,0.89,19.38,1.52,20.76
2022,4,5,21,0,0,0,0,0,0,0,0,7.68,-0.48,3.6,5.13,56.81,0,72.78,1.08,23.79,1.92,24.27
2022,4,5,22,0,0,0,0,0,0,0,0,7.62,-0.81,3.4,5,55.62,0,72.77,1.11,24.04,1.92,24.27
2022,4,5,23,0,0,0,0,0,0,0,0,7.86,-1.17,3.34,4.88,53.25,0,72.75,1.05,19.65,1.74,19.98
2022,4,6,0,0,0,0,0,0,0,0,0,8.15,-1.56,3.3,4.7,50.62,0,72.72,0.95,10.85,1.51,11.31
2022,4,6,1,0,0,0,0,0,0,0,0,8.24,-1.92,3.16,4.58,49,0,72.69,0.89,3.51,1.39,3.22
2022,4,6,2,0,0,0,0,0,0,0,0,7.92,-2.17,2.87,4.52,49.06,0,72.64,0.87,359.48,1.35,359.01
2022,4,6,3,0,0,0,0,0,0,0,0,7.72,-2.43,2.65,4.39,48.81,0,72.62,0.87,0.52,1.34,0
2022,4,6,4,0,0,0,0,0,0,0,0,7.31,-2.67,2.32,4.33,49.25,0,72.64,0.92,6.34,1.42,6.31
2022,4,6,5,0,0,0,0,0,0,0,0,6.96,-2.88,2.04,4.27,49.62,0,72.68,0.96,10.76,1.48,10.95
2022,4,6,6,0.16,0.18,0.44,16.48,18.83,2.32,0.01,0.02,7.44,-2.4,2.52,4.46,49.94,0,72.73,0.94,12.43,1.48,12.5
2022,4,6,7,1,1,1.53,108.55,110.73,13.53,0.14,0.67,10.72,0.44,5.58,5.55,50.38,0,72.8,0.68,353.44,1.03,355.67
2022,4,6,8,1.91,1.92,2.54,216.75,219.7,29.58,0.59,2.9,13.81,-2.77,5.51,4.33,31.88,0,72.86,1.52,259.62,1.89,260.23
2022,4,6,9,2.69,2.72,3.4,313.62,315.45,44.86,1.24,6.25,15.9,-3.56,6.17,4.03,26.12,0,72.89,2.68,241.79,3.34,242
2022,4,6,10,2.95,3.32,4.04,348.23,386.4,51.51,1.73,9.02,17.43,-3.18,7.12,4.15,24.38,0,72.88,3.6,235.07,4.56,235.11
2022,4,6,11,3.23,3.62,4.42,383.2,421.65,57.29,2.07,11.02,18.39,-2.65,7.87,4.33,23.88,0,72.85,4.44,230.71,5.65,230.83
2022,4,6,12,2.64,3.24,4.52,308.38,362.88,40.65,1.41,7.4,18.7,-1.99,8.36,4.58,24.62,0,72.81,4.9,228.81,6.26,228.85
2022,4,6,13,2.47,3.2,4.33,291,363.23,40.24,1.39,7.15,18.61,-1.47,8.57,4.76,25.75,0,72.77,4.92,228.87,6.28,228.93
2022,4,6,14,1.91,2.73,3.86,221.77,308.3,30.68,0.97,5.12,18.2,-1.14,8.53,4.88,27.06,0.01,72.72,4.71,229.17,6,229.28
2022,4,6,15,1.51,2.13,3.15,177.85,240.3,24.02,0.62,3.25,17.34,-0.91,8.22,4.94,29.06,0.02,72.69,4.21,228.76,5.36,228.9
2022,4,6,16,0.86,1.31,2.24,96.08,143.55,12.76,0.23,1.12,16.08,-0.77,7.65,5,31.81,0.03,72.67,3.5,228.44,4.47,228.62
2022,4,6,17,0.45,0.56,1.2,48.42,60.25,6.44,0.05,0.25,14.17,0.13,7.15,5.37,38.56,0.02,72.68,2.42,226.7,3.21,226.97
2022,4,6,18,0.06,0.05,0.19,4.75,5.2,0.68,0,0.02,11.45,1.65,6.55,6.04,51.81,0.01,72.72,1.1,220.69,1.66,220.98
2022,4,6,19,0,0,0,0,0,0,0,0,10.76,0.49,5.62,5.49,49.62,0.01,72.77,0.2,237.53,0.25,237.8
2022,4,6,20,0,0,0,0,0,0,0,0,9.4,0.4,4.9,5.43,54,0,72.82,0.52,26.57,0.92,28.53
2022,4,6,21,0,0,0,0,0,0,0,0,8.62,0.31,4.47,5.43,56.56,0,72.85,0.84,22.99,1.43,25.87
2022,4,6,22,0,0,0,0,0,0,0,0,8.23,0.01,4.12,5.31,56.75,0,72.84,0.93,24.21,1.58,24.54
2022,4,6,23,0,0,0,0,0,0,0,0,8.08,-0.28,3.9,5.19,56.06,0,72.82,0.93,19.65,1.55,19.71
2022,4,7,0,0,0,0,0,0,0,0,0,8.08,-0.57,3.76,5.07,54.88,0,72.78,0.89,11.6,1.45,11.79
2022,4,7,1,0,0,0,0,0,0,0,0,8.08,-0.92,3.58,4.94,53.44,0.03,72.75,0.88,1.02,1.38,0.33
2022,4,7,2,0,0,0,0,0,0,0,0,7.93,-1.23,3.35,4.82,52.69,0.03,72.71,0.89,354.99,1.38,354.48
2022,4,7,3,0,0,0,0,0,0,0,0,7.53,-1.48,3.02,4.76,53.12,0.03,72.69,0.87,355.88,1.33,356.63
2022,4,7,4,0,0,0,0,0,0,0,0,7.08,-1.76,2.66,4.64,53.69,0,72.69,0.86,4.16,1.35,3.99
2022,4,7,5,0,0,0,0,0,0,0,0,6.58,-2.03,2.28,4.52,54.38,0,72.72,0.91,10.35,1.45,10.28
2022,4,7,6,0.17,0.2,0.46,17.48,20.52,2.41,0.01,0.02,6.99,-1.77,2.62,4.64,54.12,0,72.76,0.96,15.05,1.54,15.31
2022,4,7,7,1.05,1.04,1.55,114.9,115.92,14.33,0.13,0.67,10.26,-0.17,5.05,5.31,49.81,0,72.81,0.78,356.57,1.1,359.59
2022,4,7,8,1.97,1.97,2.56,223.85,225.48,30.75,0.58,2.88,13.13,-3.23,4.95,4.21,32.56,0,72.84,1.32,254.15,1.61,254.48
2022,4,7,9,2.74,2.78,3.41,318.25,320.58,45.75,1.21,6.08,15.23,-3.63,5.8,4.03,27.38,0,72.85,2.56,239.52,3.17,239.52
2022,4,7,10,3.22,3.38,4.05,378.23,391.83,55.79,1.8,9.3,16.79,-2.98,6.9,4.27,26.06,0,72.84,3.59,231.98,4.51,231.96
2022,4,7,11,3.28,3.73,4.43,392.55,433.42,59.02,2.09,10.83,17.62,-2.02,7.8,4.58,26.5,0,72.82,4.56,227.36,5.77,227.36
2022,4,7,12,2.77,3.56,4.53,333.95,407.12,47.42,1.65,8.5,17.77,-0.84,8.47,5,28.62,0,72.79,5.01,225.63,6.36,225.65
2022,4,7,13,2.06,3.2,4.34,240.52,358.8,33.2,1.09,5.55,17.49,0.27,8.88,5.43,31.56,0.05,72.74,4.91,225.39,6.22,225.46
2022,4,7,14,1.8,2.81,3.87,214.52,315.52,30.26,0.91,4.8,16.9,1.1,9.01,5.74,34.75,0.16,72.69,4.59,225.76,5.81,225.93
2022,4,7,15,1.25,2.14,3.16,145.5,236.62,19.98,0.49,2.5,16.06,1.55,8.8,5.92,37.88,0.21,72.65,4.1,226.24,5.18,226.41
2022,4,7,16,0.83,1.34,2.25,91.8,145.2,11.99,0.2,0.98,14.89,1.81,8.35,6.04,41.62,0.22,72.64,3.51,226.08,4.45,226.14
2022,4,7,17,0.44,0.57,1.21,46.83,60.75,6.18,0.04,0.2,13.14,2.37,7.76,6.35,48.81,0.19,72.64,2.6,225.36,3.4,225.56
2022,4,7,18,0.06,0.05,0.19,4.8,5.45,0.69,0,0.02,10.56,3.6,7.08,6.96,63.69,0.1,72.67,1.22,218.77,1.82,219.96
2022,4,7,19,0,0,0,0,0,0,0,0,10.05,2.95,6.51,6.65,62.62,0.06,72.7,0.55,228.43,0.75,227.97
2022,4,7,20,0,0,0,0,0,0,0,0,9.36,2.87,6.11,6.59,65.38,0.02,72.74,0.2,353.42,0.33,358.64
2022,4,7,21,0,0,0,0,0,0,0,0,8.57,2.64,5.61,6.47,67.81,0.01,72.75,0.54,13.43,0.86,14.66
2022,4,7,22,0,0,0,0,0,0,0,0,8.01,2.17,5.08,6.29,68.19,0,72.73,0.74,13.45,1.19,14.4
2022,4,7,23,0,0,0,0,0,0,0,0,7.55,1.69,4.62,6.04,67.94,0,72.7,0.8,13.5,1.32,14.04
2022,4,8,0,0,0,0,0,0,0,0,0,7.27,1.23,4.25,5.86,66.81,0,72.66,0.8,12.41,1.31,13.46
2022,4,8,1,0,0,0,0,0,0,0,0,7.05,0.77,3.91,5.68,65.62,0,72.62,0.78,11.53,1.27,12.07
2022,4,8,2,0,0,0,0,0,0,0,0,6.85,0.43,3.64,5.55,64.81,0,72.58,0.8,7.89,1.28,8.43
2022,4,8,3,0,0,0,0,0,0,0,0,6.6,0.07,3.33,5.37,64.19,0,72.56,0.83,10.89,1.31,11.38
2022,4,8,4,0,0,0,0,0,0,0,0,6.18,-0.27,2.95,5.25,64.38,0,72.55,0.91,14.39,1.46,15.23
2022,4,8,5,0,0,0,0,0,0,0,0,5.78,-0.75,2.51,5.07,63.88,0,72.57,1,17.73,1.61,17.82
2022,4,8,6,0.16,0.18,0.48,16.48,18.35,2.34,0.01,0.05,6.19,-0.63,2.78,5.13,62.75,0,72.6,0.96,19.03,1.61,19.22
2022,4,8,7,0.94,0.95,1.57,99.08,102.33,12.53,0.13,0.65,9.61,0.43,5.01,5.62,54.56,0,72.62,0.88,357.97,1.2,0.37
2022,4,8,8,1.79,1.87,2.58,200.2,208.9,27.18,0.54,2.65,12.51,-0.59,5.96,5.25,42,0,72.64,1.48,263.33,1.81,263.3
2022,4,8,9,2.45,2.67,3.43,282.2,302.55,39.84,1.09,5.52,14.6,-0.73,6.94,5.13,36.06,0,72.65,2.77,241.48,3.45,241.58
2022,4,8,10,2.76,3.24,4.06,324.7,368.83,45.82,1.52,7.9,16.08,-0.02,8.03,5.37,34.38,0,72.65,3.73,233.61,4.69,233.61
2022,4,8,11,2.65,3.57,4.44,312.85,408.3,45.41,1.62,8.38,16.98,0.84,8.9,5.74,34.44,0,72.63,4.56,229.73,5.77,229.78
2022,4,8,12,2.53,3.32,4.54,295.75,370.05,39.08,1.39,7.08,17.15,1.92,9.54,6.16,36.62,0.02,72.59,4.96,228.7,6.32,228.66
2022,4,8,13,1.96,3.11,4.35,232.42,345.83,31,1.05,5.33,16.81,2.89,9.85,6.59,40.06,0.14,72.53,4.92,229.96,6.26,230.01
2022,4,8,14,1.65,2.5,3.88,191.3,271.1,25.38,0.77,4.08,15.83,3.55,9.69,6.96,44.75,0.24,72.47,4.59,231.49,5.86,231.6
2022,4,8,15,1.29,2.02,3.17,152.23,221.45,19.77,0.5,2.58,14.76,3.89,9.33,7.14,49.12,0.27,72.44,4.07,231.63,5.21,231.76
2022,4,8,16,0.76,1.29,2.26,85.55,140.02,10.91,0.19,0.92,13.81,3.92,8.87,7.14,52.5,0.24,72.42,3.42,232.42,4.4,232.5
2022,4,8,17,0.39,0.52,1.21,41.75,54.77,5.47,0.04,0.2,12.51,4.08,8.3,7.26,57.94,0.15,72.43,2.6,232.58,3.42,232.61
2022,4,8,18,0.06,0.05,0.2,4.95,5.33,0.69,0,0.02,10.18,4.94,7.56,7.75,72.19,0.23,72.45,1.19,228.46,1.9,228.66
2022,4,8,19,0,0,0,0,0,0,0,0,9.58,4.57,7.08,7.51,72.81,0.07,72.5,0.72,231.15,1.08,231.73
2022,4,8,20,0,0,0,0,0,0,0,0,9.33,4.29,6.81,7.32,72.5,0.02,72.55,0.22,274.09,0.34,273.99
2022,4,8,21,0,0,0,0,0,0,0,0,8.58,4.15,6.37,7.26,75.81,0.01,72.58,0.44,9.13,0.73,8.65
2022,4,8,22,0,0,0,0,0,0,0,0,7.89,3.74,5.81,7.08,77.19,0,72.56,0.68,18.64,1.15,19.92
2022,4,8,23,0,0,0,0,0,0,0,0,7.6,3.26,5.43,6.84,76.31,0,72.53,0.78,22.23,1.3,23.33
2022,4,9,0,0,0,0,0,0,0,0,0,7.5,2.74,5.12,6.65,74.19,0,72.48,0.81,22.11,1.3,22.25
2022,4,9,1,0,0,0,0,0,0,0,0,7.44,2.22,4.83,6.41,71.75,0.01,72.43,0.81,18.61,1.26,18.89
2022,4,9,2,0,0,0,0,0,0,0,0,7.23,1.67,4.45,6.16,70.06,0.01,72.39,0.79,12.53,1.22,12.53
2022,4,9,3,0,0,0,0,0,0,0,0,7.03,1.12,4.07,5.92,68.31,0.01,72.37,0.75,11.43,1.15,11.39
2022,4,9,4,0,0,0,0,0,0,0,0,6.8,0.58,3.69,5.68,66.88,0,72.39,0.71,7.59,1.08,7.9
2022,4,9,5,0,0,0,0,0,0,0,0,6.6,0.15,3.37,5.49,65.75,0,72.42,0.67,2,1.02,2.2
2022,4,9,6,0.16,0.17,0.5,16.45,17.48,2.3,0.01,0.02,7.08,0.16,3.62,5.55,63.69,0,72.48,0.62,357.83,0.95,357.63
2022,4,9,7,0.89,0.87,1.59,91.38,91.9,11.55,0.13,0.62,9.74,1.71,5.73,6.23,59.94,0,72.53,0.62,306.29,0.81,308.75
2022,4,9,8,1.76,1.77,2.59,192.05,194.8,25.46,0.52,2.55,12.19,1.58,6.89,6.16,50.5,0,72.58,1.67,247.75,2.05,248.04
2022,4,9,9,2.48,2.7,3.44,288.08,309.17,41.04,1.16,6,14.28,1.37,7.83,6.04,43.12,0,72.59,2.68,235.34,3.33,235.42
2022,4,9,10,2.48,3.31,4.08,296.15,379.58,43.49,1.48,7.75,15.8,1.62,8.72,6.1,39.62,0,72.56,3.54,227.68,4.44,227.86
2022,4,9,11,2.6,3.63,4.45,316.45,417.12,46.78,1.74,8.95,16.71,2.08,9.4,6.35,38.56,0,72.52,4.29,224.19,5.41,224.3
2022,4,9,12,2.26,3.34,4.55,274.25,373.58,35.62,1.31,6.67,16.92,2.67,9.8,6.53,39.5,0,72.48,4.79,223.22,6.07,223.28
2022,4,9,13,1.74,3.08,4.36,208.27,341.62,27.16,0.95,4.83,16.55,3.29,9.92,6.84,42.06,0.05,72.43,4.83,224.61,6.13,224.69
2022,4,9,14,1.45,2.68,3.89,179.2,298.62,24.43,0.8,4.27,15.77,3.59,9.69,6.96,45,0.18,72.39,4.61,226.1,5.85,226.24
2022,4,9,15,1.06,2.02,3.17,128.1,223.15,16.93,0.45,2.33,14.67,3.71,9.19,7.02,48.62,0.28,72.37,4.24,224.93,5.42,225.06
2022,4,9,16,0.58,1.2,2.26,64.83,129.2,8.2,0.15,0.73,13.43,3.78,8.6,7.02,53,0.38,72.37,3.72,223.72,4.79,223.88
2022,4,9,17,0.31,0.5,1.22,33.95,53.52,4.41,0.04,0.17,12.01,3.96,7.99,7.14,58.94,0.38,72.39,2.94,222.95,3.87,223.04
2022,4,9,18,0.05,0.05,0.2,4.35,5.25,0.59,0,0,10.05,5.07,7.56,7.81,73.31,0.26,72.42,1.56,218.7,2.37,219.1
2022,4,9,19,0,0,0,0,0,0,0,0,9.3,4.4,6.84,7.39,73.31,0.2,72.46,1.15,217.02,1.69,217.29
2022,4,9,20,0,0,0,0,0,0,0,0,9.23,3.8,6.51,7.08,70.44,0.12,72.51,0.8,221.03,1.1,221.53
2022,4,9,21,0,0,0,0,0,0,0,0,8.74,3.64,6.19,7.02,72.12,0.07,72.53,0.33,254.98,0.46,257.37
2022,4,9,22,0,0,0,0,0,0,0,0,7.92,3.45,5.69,6.9,75.19,0.05,72.52,0.27,322.13,0.43,331.56
2022,4,9,23,0,0,0,0,0,0,0,0,7.21,3.3,5.25,6.84,78,0.03,72.49,0.37,351.53,0.68,0.66
2022,4,10,0,0,0,0,0,0,0,0,0,6.58,3.05,4.82,6.71,80.12,0.03,72.45,0.5,2.68,0.96,10.76
2022,4,10,1,0,0,0,0,0,0,0,0,6.12,2.65,4.39,6.53,80.5,0.02,72.39,0.61,0,1.17,9.96
2022,4,10,2,0,0,0,0,0,0,0,0,5.78,2.21,4,6.35,79.75,0.02,72.35,0.73,4.3,1.37,11.82
2022,4,10,3,0,0,0,0,0,0,0,0,5.68,1.78,3.73,6.16,77.75,0.02,72.32,0.8,10.11,1.44,14.41
2022,4,10,4,0,0,0,0,0,0,0,0,5.69,1.37,3.53,5.98,75.38,0.02,72.31,0.81,10.55,1.39,12.95
2022,4,10,5,0,0,0,0,0,0,0,0,5.64,1,3.32,5.8,73.5,0.01,72.35,0.8,10.76,1.32,10.58
2022,4,10,6,0.22,0.22,0.52,22.2,22.48,3,0.01,0.05,6.35,1.22,3.79,5.92,71.25,0.01,72.39,0.7,2.57,1.2,4.86
2022,4,10,7,0.93,1.05,1.6,103.17,116.67,13.62,0.15,0.73,9.48,2.42,5.95,6.53,63.75,0.01,72.45,0.75,320.04,1.02,325.58
2022,4,10,8,1.65,1.98,2.61,190.85,226.15,27.13,0.55,2.7,12.21,1.64,6.92,6.16,50.19,0,72.48,1.77,259.83,2.2,260.17
2022,4,10,9,2.04,2.76,3.45,244.92,317.9,35.92,1,5.12,14.39,1.12,7.76,5.86,41.69,0,72.49,2.9,243.57,3.61,243.66
2022,4,10,10,2.48,3.36,4.09,302.35,389.12,45.11,1.5,7.7,15.83,1.28,8.55,5.98,38.5,0,72.48,3.88,236.25,4.88,236.11
2022,4,10,11,2.71,3.71,4.46,333.12,430.67,49.65,1.8,9.05,16.62,1.96,9.3,6.29,38.38,0,72.46,4.65,231.48,5.9,231.45
2022,4,10,12,1.84,3.24,4.56,224.35,362.25,29.26,1.01,5.12,16.61,2.98,9.8,6.71,41.25,0.07,72.44,5.03,229.41,6.42,229.29
2022,4,10,13,1.68,2.76,4.36,195.15,295.15,25.17,0.84,4.23,16.02,3.86,9.94,7.14,45.5,0.28,72.41,4.98,230.47,6.37,230.37
2022,4,10,14,1.4,2.55,3.89,166.42,280.3,21.59,0.65,3.38,14.76,4.32,9.54,7.39,51.12,0.57,72.38,4.65,233.96,5.98,233.88
2022,4,10,15,1.08,1.92,3.18,127.15,209.2,16.61,0.41,2.12,13.49,4.55,9.02,7.57,56.62,0.8,72.35,4.04,235.79,5.23,235.6
2022,4,10,16,0.55,1.1,2.27,60.27,114.73,7.53,0.12,0.62,12.27,4.73,8.5,7.69,62.44,0.78,72.33,3.16,239.38,4.13,238.92
2022,4,10,17,0.31,0.47,1.23,33.1,49.38,4.35,0.03,0.15,11.23,5.21,8.22,8.06,69.75,0.52,72.34,2.13,242.5,2.86,241.48
2022,4,10,18,0.05,0.05,0.21,4.33,5.02,0.58,0,0,9.94,6.41,8.18,8.79,83.38,0.64,72.35,1.03,237.76,1.59,234.59
2022,4,10,19,0,0,0,0,0,0,0,0,9.05,6.16,7.61,8.61,86.38,0.16,72.38,0.69,241.7,1.15,241.51
2022,4,10,20,0,0,0,0,0,0,0,0,8.66,5.35,7.01,8.06,83.44,0.01,72.42,0.53,286.29,0.86,289.09
2022,4,10,21,0,0,0,0,0,0,0,0,8.24,4.83,6.54,7.81,83,0,72.44,0.77,332.92,1.3,332.82
2022,4,10,22,0,0,0,0,0,0,0,0,7.87,4.07,5.97,7.39,80.69,0,72.43,0.99,345.42,1.68,345.19
2022,4,10,23,0,0,0,0,0,0,0,0,7.9,3.15,5.52,6.96,75.5,0,72.39,1.05,348.86,1.75,348.64
2022,4,11,0,0,0,0,0,0,0,0,0,7.96,2.23,5.09,6.47,70.31,0,72.35,1.06,347.61,1.74,347.83
2022,4,11,1,0,0,0,0,0,0,0,0,7.85,1.29,4.57,6.1,66.25,0,72.3,1.07,347.79,1.76,348.49
2022,4,11,2,0,0,0,0,0,0,0,0,7.59,0.33,3.97,5.68,63.12,0,72.27,1.11,351.13,1.85,351.97
2022,4,11,3,0,0,0,0,0,0,0,0,7.2,-0.67,3.26,5.31,60.44,0,72.26,1.14,355.27,1.93,356.52
2022,4,11,4,0,0,0,0,0,0,0,0,6.75,-1.68,2.54,4.94,57.94,0,72.27,1.17,358.85,2.03,0
2022,4,11,5,0,0,0,0,0,0,0,0,6.63,-2.68,1.98,4.58,54.12,0,72.31,1.26,1.78,2.17,3.31
2022,4,11,6,0.18,0.18,0.53,18.15,18.75,2.45,0.01,0.02,7.27,-2.42,2.43,4.64,52.69,0,72.35,1.28,6.65,2.23,6.85
2022,4,11,7,0.94,0.93,1.62,99.6,101.17,12.25,0.12,0.58,11.12,0.07,5.59,5.68,49.69,0,72.4,1.67,10.26,2.42,9.1
2022,4,11,8,1.86,1.85,2.62,206.52,208.65,27.32,0.5,2.45,14.44,-1.71,6.37,4.94,34.75,0,72.43,1.88,354.76,2.42,355.01
2022,4,11,9,2.62,2.67,3.47,301.12,305.58,41.95,1.06,5.3,17.12,-2.52,7.3,4.58,27.38,0,72.44,1.14,322.26,1.42,321.93
2022,4,11,10,2.96,3.24,4.1,346.5,370.45,48.73,1.49,7.62,18.93,-2.14,8.4,4.76,25.12,0,72.44,1.49,241.82,1.92,241.87
2022,4,11,11,3.63,3.69,4.47,426.62,426.12,62.35,2.09,10.92,19.74,-1.03,9.35,5.25,26.31,0,72.43,2.89,224.56,3.74,225.25
2022,4,11,12,3.07,3.54,4.57,361.05,402.25,49.87,1.7,8.65,19.78,0.59,10.19,5.92,29.62,0,72.42,4,223.58,5.13,224.2
2022,4,11,13,3.16,3.39,4.37,367.83,387.62,51.38,1.64,8.45,19.37,1.98,10.67,6.47,33.31,0,72.39,4.54,224.93,5.82,225.38
2022,4,11,14,2.37,2.84,3.9,276.52,323.35,37.26,1.07,5.48,18.62,2.82,10.72,6.77,36.56,0.04,72.36,4.54,225.98,5.82,226.3
2022,4,11,15,1.79,2.14,3.19,205.73,239.77,26.79,0.61,3.05,17.57,3.31,10.44,6.96,40.06,0.13,72.34,4.16,226.9,5.32,227.02
2022,4,11,16,1.1,1.31,2.28,120.5,143.02,15.1,0.23,1.15,16.26,3.55,9.9,7.02,44.06,0.27,72.33,3.43,227.67,4.39,227.74
2022,4,11,17,0.52,0.54,1.24,54.35,56.98,6.83,0.04,0.23,14.52,4.02,9.27,7.2,50.5,0.04,72.35,2.66,228.1,3.49,228.27
2022,4,11,18,0.06,0.05,0.22,5.25,5.58,0.73,0,0,11.72,5.26,8.49,7.87,66.19,0.25,72.38,1.03,227.46,1.68,227.83
2022,4,11,19,0,0,0,0,0,0,0,0,11,4.77,7.89,7.57,66.75,0.37,72.42,0.31,246.61,0.53,244.57
2022,4,11,20,0,0,0,0,0,0,0,0,10.37,4.64,7.51,7.51,69,0.04,72.47,0.33,9.46,0.54,7.54
2022,4,11,21,0,0,0,0,0,0,0,0,9.7,4.34,7.02,7.32,70.62,0,72.53,0.61,13.32,0.99,12.82
2022,4,11,22,0,0,0,0,0,0,0,0,9.19,3.97,6.58,7.14,71.38,0,72.54,0.79,18.97,1.29,18.65
2022,4,11,23,0,0,0,0,0,0,0,0,8.91,3.52,6.22,6.96,70.75,0,72.52,0.86,22.38,1.4,22.57
2022,4,12,0,0,0,0,0,0,0,0,0,8.9,3.04,5.97,6.77,68.69,0,72.49,0.84,17.42,1.33,17.05
2022,4,12,1,0,0,0,0,0,0,0,0,8.89,2.58,5.74,6.53,66.69,0.01,72.46,0.77,5.25,1.2,5.23
2022,4,12,2,0,0,0,0,0,0,0,0,8.66,2.23,5.45,6.41,66.06,0.01,72.44,0.78,354.23,1.22,354.11
2022,4,12,3,0,0,0,0,0,0,0,0,8.19,1.85,5.02,6.23,66.31,0.01,72.41,0.91,358.53,1.43,358.75
2022,4,12,4,0,0,0,0,0,0,0,0,7.71,1.29,4.5,5.98,65.75,0,72.38,1.05,8.55,1.68,8.54
2022,4,12,5,0,0,0,0,0,0,0,0,7.23,0.5,3.87,5.62,64.31,0,72.37,1.1,10.67,1.78,11.11
2022,4,12,6,0.2,0.19,0.55,20.12,20.12,2.71,0.01,0.02,7.51,0.57,4.04,5.68,63.69,0,72.4,1.06,10.23,1.8,10.53
2022,4,12,7,0.86,0.93,1.64,91.8,100.58,11.49,0.12,0.58,10.8,1.9,6.35,6.41,57.12,0,72.45,1.15,5.05,1.62,3.32
2022,4,12,8,1.61,1.84,2.64,180.65,206.38,24.05,0.46,2.25,13.57,0.08,6.83,5.62,41.88,0,72.46,1.03,308.86,1.3,307.91
2022,4,12,9,2.65,2.7,3.48,305,309.48,42.59,1.09,5.48,15.84,-0.94,7.45,5.25,33.69,0,72.47,1.95,251.06,2.44,250.75
2022,4,12,10,3.19,3.32,4.11,373.55,383.75,53.68,1.67,8.58,16.9,-0.1,8.4,5.49,33,0,72.47,3.24,235.01,4.12,235.04
2022,4,12,11,3.17,3.64,4.48,378.4,421.48,54.43,1.88,9.55,17.3,0.95,9.13,5.86,34.56,0,72.46,3.88,230.64,4.94,230.72
2022,4,12,12,2.66,3.41,4.57,316.65,388.95,42.48,1.45,7.3,17.4,1.97,9.69,6.35,36.88,0,72.44,4.22,228.23,5.37,228.3
2022,4,12,13,2.31,3.13,4.38,266.95,352.33,35.52,1.16,5.83,17.26,2.74,10,6.65,39.12,0,72.4,4.27,227.44,5.43,227.45
2022,4,12,14,1.94,2.67,3.91,227.3,299.67,29.02,0.84,4.42,16.72,3.3,10.01,6.9,41.88,0,72.35,4.05,227.27,5.15,227.28
2022,4,12,15,1.42,1.99,3.19,160.9,219.77,20.84,0.5,2.55,16.19,3.71,9.95,7.08,44.38,0.01,72.31,3.59,226.5,4.54,226.6
2022,4,12,16,0.91,1.2,2.29,100.45,129.48,12.8,0.21,1.02,15.55,3.98,9.76,7.2,47,0.02,72.3,3.18,225.4,4.04,225.47
2022,4,12,17,0.4,0.5,1.25,43.6,52.5,5.36,0.04,0.17,13.97,4.43,9.19,7.39,53.56,0.03,72.32,2.57,224.75,3.38,224.81
2022,4,12,18,0.06,0.05,0.22,5.25,5.48,0.68,0,0,11.19,5.34,8.26,7.87,68.69,0.04,72.38,1.07,222.92,1.76,223.2
2022,4,12,19,0,0,0,0,0,0,0,0,10.52,4.79,7.65,7.57,68.88,0.03,72.44,0.53,230.95,0.85,230.19
2022,4,12,20,0,0,0,0,0,0,0,0,10.02,4.76,7.39,7.57,71.12,0.02,72.49,0.14,321.84,0.22,310.6
2022,4,12,21,0,0,0,0,0,0,0,0,9.43,4.77,7.1,7.57,74.19,0.01,72.53,0.3,0,0.5,358.21
2022,4,12,22,0,0,0,0,0,0,0,0,8.88,4.65,6.76,7.51,76.38,0.01,72.53,0.41,8.75,0.75,8.97
2022,4,12,23,0,0,0,0,0,0,0,0,8.19,4.3,6.24,7.32,78.12,0.01,72.5,0.57,11.93,1.03,12.67
2022,4,13,0,0,0,0,0,0,0,0,0,7.58,3.85,5.72,7.08,79.06,0,72.45,0.78,12.22,1.44,14.49
2022,4,13,1,0,0,0,0,0,0,0,0,7.24,3.28,5.26,6.84,77.75,0.01,72.39,0.96,15.17,1.73,16.8
2022,4,13,2,0,0,0,0,0,0,0,0,7.27,2.69,4.98,6.53,74.31,0.01,72.34,1.04,16.53,1.8,17.41
2022,4,13,3,0,0,0,0,0,0,0,0,7.41,2.15,4.78,6.29,70.69,0.01,72.32,1.04,18.43,1.72,18.85
2022,4,13,4,0,0,0,0,0,0,0,0,7.57,1.75,4.65,6.1,67.94,0,72.31,1.03,22.69,1.69,22.89
2022,4,13,5,0,0,0,0,0,0,0,0,8.01,1.37,4.69,5.92,64.12,0,72.31,1.07,27.31,1.67,28.72
2022,4,13,6,0.21,0.22,0.57,21.52,22.65,2.8,0.01,0.02,8.63,1.34,4.99,5.92,61.56,0,72.34,1.02,27.35,1.62,29.4
2022,4,13,7,0.84,0.96,1.66,89.9,103.5,11.48,0.12,0.58,10.78,2.67,6.73,6.77,60.44,0,72.37,0.79,25.29,1.25,28.81
2022,4,13,8,1.72,1.89,2.65,194.65,213.83,26.14,0.49,2.42,13.15,0.31,6.73,5.74,43.75,0,72.41,0.44,298.37,0.53,299.95
2022,4,13,9,2.48,2.66,3.49,286.38,305.48,39.77,1.02,5.15,14.9,-0.92,6.99,5.13,35.31,0,72.42,1.73,241.7,2.15,241.76
2022,4,13,10,2.87,3.29,4.12,340.55,380.75,48.8,1.52,7.75,16.87,-0.75,8.05,5.13,31.12,0,72.42,2.97,233.34,3.71,233.4
2022,4,13,11,3.02,3.64,4.49,365.7,424.75,53.47,1.81,9.27,18.24,-0.03,9.1,5.43,29.94,0,72.4,3.92,229.36,4.93,229.31
2022,4,13,12,2.34,3.26,4.58,280.92,369.88,36.57,1.21,6.17,18.65,0.75,9.7,5.74,30.75,0,72.37,4.64,227.18,5.89,227.15
2022,4,13,13,1.9,3.08,4.38,226.15,347.45,29.8,0.95,4.8,18.39,1.58,9.98,6.04,33.06,0,72.33,4.79,226.72,6.08,226.72
2022,4,13,14,1.57,2.69,3.91,190.25,303.33,25.18,0.73,3.8,17.68,2.22,9.94,6.29,36.06,0.04,72.29,4.51,227.6,5.72,227.71
2022,4,13,15,1.41,2.07,3.2,166.25,230.7,21.58,0.51,2.58,16.66,2.67,9.67,6.47,39.56,0.07,72.26,3.95,228.05,5,228.17
2022,4,13,16,0.92,1.32,2.29,105.83,144.73,13.85,0.23,1.1,15.42,2.9,9.15,6.59,43.44,0.08,72.26,3.23,229.52,4.08,229.58
2022,4,13,17,0.4,0.57,1.26,44.75,60.45,5.8,0.04,0.2,13.94,3.07,8.51,6.65,48.44,0.06,72.26,2.37,230.48,3.07,230.68
2022,4,13,18,0.05,0.06,0.23,4.2,6.4,0.59,0,0,11.62,4.11,7.86,7.2,61.19,0.04,72.28,1.07,225.89,1.59,226.59
2022,4,13,19,0,0,0,0,0,0,0,0,10.73,3.51,7.12,6.9,62.06,0.03,72.32,0.28,262.09,0.44,259.7
2022,4,13,20,0,0,0,0,0,0,0,0,9.68,3.33,6.5,6.84,65.69,0.02,72.35,0.39,6.84,0.67,5.38
2022,4,13,21,0,0,0,0,0,0,0,0,9.03,3.08,6.06,6.71,67.44,0.02,72.37,0.54,10.01,0.98,9.61
2022,4,13,22,0,0,0,0,0,0,0,0,8.67,2.77,5.72,6.53,67.5,0.02,72.36,0.61,1.47,1.1,2.44
2022,4,13,23,0,0,0,0,0,0,0,0,8.4,2.44,5.42,6.41,67.12,0.02,72.34,0.64,355.06,1.13,357.24
2022,4,14,0,0,0,0,0,0,0,0,0,8.19,2.08,5.13,6.23,66.38,0.02,72.3,0.67,346.45,1.16,350.35
2022,4,14,1,0,0,0,0,0,0,0,0,7.98,1.75,4.87,6.1,65.75,0.1,72.26,0.72,335.66,1.23,341.8
2022,4,14,2,0,0,0,0,0,0,0,0,7.65,1.4,4.53,5.98,65.75,0.1,72.22,0.92,325.37,1.52,331.46
2022,4,14,3,0,0,0,0,0,0,0,0,7.2,0.88,4.04,5.74,65.5,0.1,72.2,1.01,332.84,1.68,337.61
2022,4,14,4,0,0,0,0,0,0,0,0,6.6,0.2,3.4,5.49,65.12,0.01,72.19,1.05,346.69,1.8,350.01
2022,4,14,5,0,0,0,0,0,0,0,0,5.98,-0.58,2.7,5.19,64.25,0.01,72.21,1.09,1.24,1.91,2.58
2022,4,14,6,0.21,0.25,0.59,21.75,25.17,2.86,0.01,0.05,6.49,-0.33,3.08,5.31,63.69,0,72.24,1.08,9.19,1.97,11.18
2022,4,14,7,0.85,1.07,1.67,91.92,114.25,11.95,0.12,0.6,10.4,0.05,5.23,5.68,52.06,0,72.29,1.06,350.68,1.56,353.95
2022,4,14,8,1.71,2.02,2.67,191.27,224.27,26.25,0.5,2.5,13.36,-4.43,4.47,3.97,30.12,0,72.32,1.94,281.17,2.44,281.81
2022,4,14,9,2.52,2.85,3.51,291.08,322.3,41.42,1.09,5.55,15.31,-5.26,5.02,3.66,24.56,0,72.33,2.89,258.93,3.59,259.23
2022,4,14,10,3.03,3.46,4.13,354.55,395.17,51.96,1.64,8.33,16.67,-4.96,5.86,3.72,22.94,0,72.33,3.74,245.73,4.68,245.96
2022,4,14,11,3.26,3.83,4.5,388.8,438.92,57.84,1.98,10.15,17.5,-4.27,6.62,3.91,22.75,0,72.31,4.36,237.88,5.48,238.1
2022,4,14,12,3.36,3.95,4.59,403.27,455.25,60.52,2.13,10.98,17.9,-3.49,7.21,4.15,23.38,0,72.27,4.69,233.95,5.91,234.15
2022,4,14,13,3.18,3.74,4.39,378.05,431.33,56.44,1.91,9.73,17.88,-2.95,7.47,4.27,24.25,0,72.24,4.82,232.7,6.1,232.87
2022,4,14,14,2.6,3.2,3.92,308.4,367.7,44.62,1.34,6.88,17.46,-2.5,7.48,4.39,25.69,0.01,72.2,4.76,232.81,6.03,233.01
2022,4,14,15,2.01,2.54,3.21,237.5,292.45,33.97,0.82,4.12,16.72,-2.2,7.26,4.52,27.5,0.03,72.17,4.67,234.05,5.96,234.33
2022,4,14,16,1.25,1.68,2.3,144.75,191.8,20.05,0.32,1.6,15.59,-2.02,6.79,4.58,29.94,0.06,72.14,4.42,234.65,5.7,234.98
2022,4,14,17,0.63,0.77,1.26,70.7,86.15,9.06,0.06,0.3,13.83,-1.31,6.26,4.88,35.56,0.1,72.14,3.63,233.67,4.84,234.05
2022,4,14,18,0.08,0.08,0.24,6.67,8.25,0.95,0,0.02,10.65,1.34,6,5.98,54.06,0.04,72.17,2.04,227.64,3.26,229.28
2022,4,14,19,0,0,0,0,0,0,0,0,9.41,1.22,5.31,5.92,57.75,0.05,72.2,1.83,225.35,3.01,226.16
2022,4,14,20,0,0,0,0,0,0,0,0,9.06,0.86,4.96,5.74,57.38,0.06,72.25,1.82,224.48,2.92,224.89
2022,4,14,21,0,0,0,0,0,0,0,0,8.84,0.39,4.62,5.49,56.19,0.07,72.28,1.79,222.34,2.75,222.47
2022,4,14,22,0,0,0,0,0,0,0,0,8.76,-0.05,4.36,5.31,54.62,0.08,72.27,1.76,220.85,2.6,220.73
2022,4,14,23,0,0,0,0,0,0,0,0,8.51,-0.3,4.1,5.25,54.69,0.09,72.25,1.62,220.69,2.29,220.58
2022,4,15,0,0,0,0,0,0,0,0,0,8.38,-0.7,3.84,5.07,53.5,0.08,72.22,1.43,221.01,1.96,220.48
2022,4,15,1,0,0,0,0,0,0,0,0,8.23,-1.11,3.56,4.94,52.56,0.06,72.18,0.88,210.88,1.14,209.89
2022,4,15,2,0,0,0,0,0,0,0,0,7.01,-1.18,2.91,4.94,57.06,0.04,72.14,0.22,139.4,0.35,115.41
2022,4,15,3,0,0,0,0,0,0,0,0,5.94,-1.37,2.29,4.88,60.69,0.02,72.11,0.46,70.35,0.89,65.01
2022,4,15,4,0,0,0,0,0,0,0,0,4.94,-1.56,1.69,4.82,64.31,0.01,72.11,0.68,53,1.31,51.55
2022,4,15,5,0,0,0,0,0,0,0,0,3.85,-1.88,0.99,4.76,68.06,0,72.14,0.88,44.64,1.77,44.28
2022,4,15,6,0.27,0.27,0.61,28.6,29.33,3.73,0.01,0.05,4.44,-1.38,1.53,4.94,68.5,0,72.17,0.9,40.06,1.97,41.46
2022,4,15,7,1.09,1.12,1.69,121.3,126.67,15.55,0.16,0.77,8.64,-1.3,3.67,5.07,52.56,0,72.22,0.95,43,1.41,43.21
2022,4,15,8,2.03,2.05,2.68,233.52,237.67,32.48,0.61,3.02,12.07,-3.7,4.19,4.21,34.44,0,72.26,0.97,225,1.18,225
2022,4,15,9,2.78,2.86,3.52,325.67,332.65,47.1,1.22,6.1,14.08,-4.77,4.65,3.85,27.56,0,72.29,2.31,225.41,2.81,225.45
2022,4,15,10,3.16,3.45,4.14,376.85,401.98,55.57,1.73,8.83,15.45,-4.78,5.33,3.78,24.94,0,72.29,3.06,222.93,3.74,222.89
2022,4,15,11,3.38,3.8,4.51,405.42,443.83,60.44,2.05,10.5,16.43,-4.4,6.01,3.85,23.94,0,72.27,3.69,222.26,4.56,222.36
2022,4,15,12,3.3,3.89,4.6,401.45,454.5,60.3,2.09,10.7,16.99,-3.93,6.53,3.97,23.75,0,72.22,4.15,222.86,5.14,222.91
2022,4,15,13,3.07,3.71,4.4,371.9,432.5,55.57,1.86,9.4,17.08,-3.45,6.82,4.09,24.44,0,72.17,4.37,224.64,5.46,224.71
2022,4,15,14,2.56,3.24,3.92,304.27,376.85,44.66,1.32,6.75,16.75,-3.14,6.8,4.21,25.56,0,72.12,4.4,227.59,5.52,227.69
2022,4,15,15,2.09,2.55,3.21,245.2,295.2,34.94,0.84,4.17,16.01,-2.98,6.52,4.27,27.06,0,72.09,4.27,232.06,5.4,232.28
2022,4,15,16,1.31,1.71,2.31,152.25,197.17,21.12,0.34,1.65,14.92,-3,5.96,4.27,29,0,72.09,3.91,235.74,5,236.09
2022,4,15,17,0.67,0.81,1.27,75.08,91.15,9.66,0.06,0.33,13.34,-2.92,5.21,4.27,32.38,0,72.11,3.12,237.26,4.08,237.83
2022,4,15,18,0.08,0.09,0.24,7.5,8.95,1.09,0.01,0.02,10.37,-0.41,4.98,5.25,48.19,0.01,72.14,1.59,232.17,2.47,234.15
2022,4,15,19,0,0,0,0,0,0,0,0,9.57,-1.75,3.91,4.7,45.62,0,72.19,1.25,231.84,1.8,232.93
2022,4,15,20,0,0,0,0,0,0,0,0,9.52,-2.76,3.38,4.33,42.25,0,72.24,0.91,235.9,1.21,236.62
2022,4,15,21,0,0,0,0,0,0,0,0,9.05,-3.06,2.99,4.27,42.69,0,72.26,0.32,248.46,0.38,251.94
2022,4,15,22,0,0,0,0,0,0,0,0,7.88,-3.2,2.34,4.21,45.75,0,72.26,0.23,35.31,0.41,35.79
2022,4,15,23,0,0,0,0,0,0,0,0,6.65,-3.23,1.71,4.21,49.69,0,72.23,0.62,40.91,1.01,40.31
2022,4,16,0,0,0,0,0,0,0,0,0,5.51,-3.32,1.09,4.15,53.44,0,72.19,0.81,39.09,1.41,39.16
2022,4,16,1,0,0,0,0,0,0,0,0,4.81,-3.75,0.53,4.03,54.31,0,72.15,0.87,37.69,1.57,38.13
2022,4,16,2,0,0,0,0,0,0,0,0,4.43,-4.42,0.01,3.85,53.06,0,72.11,0.89,34.66,1.61,35.15
2022,4,16,3,0,0,0,0,0,0,0,0,4.36,-5.1,-0.37,3.66,50.62,0,72.08,0.92,29.62,1.61,30.54
2022,4,16,4,0,0,0,0,0,0,0,0,4.41,-5.71,-0.65,3.48,48.12,0,72.09,0.93,25.28,1.59,26.31
2022,4,16,5,0,0,0,0,0,0,0,0,4.37,-6.2,-0.92,3.36,46.38,0,72.12,0.94,24.44,1.6,25.19
2022,4,16,6,0.3,0.33,0.63,31.77,35.23,4.05,0.01,0.05,5.12,-5,0.06,3.72,48.94,0,72.17,0.86,28.19,1.6,29.57
2022,4,16,7,1.17,1.25,1.71,131.05,141.2,17.33,0.17,0.88,9.32,-4.63,2.34,3.91,38.44,0,72.23,0.68,23.03,1.04,25.8
2022,4,16,8,2.11,2.19,2.7,244,253.08,35.12,0.66,3.3,12.1,-6.01,3.05,3.42,27.94,0,72.28,1.1,239.25,1.34,239.55
2022,4,16,9,2.7,2.98,3.53,319.02,345.55,47.54,1.25,6.33,13.94,-5.82,4.06,3.42,25.06,0,72.32,2.46,224.23,3,224.26
2022,4,16,10,3.14,3.57,4.15,375.62,415.15,57.21,1.8,9.15,15.29,-5.52,4.88,3.54,23.44,0,72.31,3.36,220.85,4.12,220.85
2022,4,16,11,3.13,3.91,4.52,381.98,454.25,58.59,2,10.15,16.24,-4.88,5.68,3.66,23.06,0,72.27,4.07,219.78,5.05,219.85
2022,4,16,12,2.87,3.85,4.6,352.3,449.77,52.63,1.79,9.08,16.72,-4.21,6.25,3.85,23.56,0,72.22,4.57,220.77,5.71,220.84
2022,4,16,13,2.41,3.66,4.4,296.15,426.02,43.92,1.45,7.27,16.73,-3.75,6.48,4.03,24.38,0,72.18,4.9,222.48,6.19,222.59
2022,4,16,14,1.98,3.21,3.93,240.45,372.2,35.97,1.07,5.42,16.35,-3.63,6.37,4.03,25.19,0.01,72.14,5.1,224.57,6.5,224.76
2022,4,16,15,1.47,2.56,3.22,182.08,296.7,27.12,0.66,3.27,15.62,-3.77,5.93,4.03,26.12,0.01,72.11,5.1,226.3,6.58,226.54
2022,4,16,16,0.86,1.68,2.31,102.17,193.38,14.59,0.23,1.15,14.55,-4.09,5.23,3.91,27.25,0.01,72.11,4.76,227.59,6.21,227.8
2022,4,16,17,0.51,0.8,1.28,59.15,90.38,8.25,0.05,0.27,12.93,-4,4.46,3.91,30.5,0,72.13,3.83,228.22,5.12,228.65
2022,4,16,18,0.08,0.09,0.25,7.52,9.27,1.1,0,0.02,9.79,-1.24,4.27,4.94,47,0,72.18,1.98,226.12,3.14,227.73
2022,4,16,19,0,0,0,0,0,0,0,0,8.78,-1.74,3.51,4.7,48.19,0,72.23,1.61,228.95,2.46,229.89
2022,4,16,20,0,0,0,0,0,0,0,0,8.71,-2.75,2.98,4.33,44.75,0,72.28,1.15,232.98,1.63,233.95
2022,4,16,21,0,0,0,0,0,0,0,0,8.52,-3.41,2.56,4.15,43.06,0,72.32,0.57,240.26,0.76,243.17
2022,4,16,22,0,0,0,0,0,0,0,0,8.05,-3.43,2.31,4.15,44.44,0,72.32,0.16,2.86,0.23,3.81
2022,4,16,23,0,0,0,0,0,0,0,0,6.8,-3.56,1.62,4.09,47.94,0,72.31,0.56,45,0.86,44.27
2022,4,17,0,0,0,0,0,0,0,0,0,5.81,-3.58,1.12,4.09,51.19,0,72.28,0.74,48.42,1.23,48.09
2022,4,17,1,0,0,0,0,0,0,0,0,4.97,-3.8,0.58,4.03,53.38,0,72.23,0.83,45.76,1.46,45.43
2022,4,17,2,0,0,0,0,0,0,0,0,4.26,-4.06,0.1,3.91,55,0,72.2,0.88,39.61,1.64,39.6
2022,4,17,3,0,0,0,0,0,0,0,0,3.59,-4.29,-0.35,3.85,56.69,0,72.18,0.95,35.26,1.87,35.82
2022,4,17,4,0,0,0,0,0,0,0,0,3.03,-4.56,-0.77,3.78,57.75,0,72.19,1.01,33.32,2.1,34.7
2022,4,17,5,0,0,0,0,0,0,0,0,2.69,-4.92,-1.12,3.66,57.56,0,72.22,1.1,33.69,2.26,35.45
2022,4,17,6,0.35,0.35,0.65,36.45,36.62,4.51,0.02,0.05,4.03,-4.02,0,3.97,56.69,0,72.27,1.02,36.87,2.17,38.27
2022,4,17,7,1.29,1.29,1.72,143.65,145.38,18.79,0.2,0.98,9.12,-4.13,2.49,3.97,39.56,0,72.32,0.95,55.39,1.41,53.32
2022,4,17,8,2.21,2.22,2.71,252.3,254.77,36.03,0.71,3.52,12,-5.78,3.11,3.42,28.38,0,72.36,0.69,199.26,0.84,199.62
2022,4,17,9,2.84,3.01,3.54,330.62,346.27,49.03,1.34,6.8,13.9,-7.02,3.44,3.11,22.69,0,72.4,2.39,220.89,2.9,220.85
2022,4,17,10,3.46,3.62,4.16,406.8,416.02,61.16,2,10.25,15.22,-6.86,4.18,3.11,21.06,0,72.4,3.39,220.6,4.15,220.73
2022,4,17,11,2.98,3.88,4.52,366.6,451.8,55.88,1.96,9.88,16.15,-6.14,5.01,3.3,20.94,0,72.37,3.96,220.36,4.9,220.47
2022,4,17,12,2.82,3.87,4.61,349.2,448,51.83,1.84,9.33,16.73,-5.44,5.64,3.48,21.31,0,72.33,4.26,221.5,5.29,221.58
2022,4,17,13,2.3,3.67,4.41,282.2,423.92,42.45,1.45,7.27,16.81,-4.83,5.99,3.66,22.25,0,72.28,4.29,223.08,5.34,223.16
2022,4,17,14,2.01,3.19,3.94,247.08,369.3,36.73,1.12,5.77,16.57,-4.56,6.01,3.78,23.06,0,72.24,4.2,224.7,5.25,224.88
2022,4,17,15,1.44,2.49,3.22,175.17,287.88,25.46,0.63,3.2,15.94,-4.43,5.76,3.78,24.31,0,72.21,4.03,227.36,5.08,227.49
2022,4,17,16,0.84,1.64,2.32,99.48,187.8,13.92,0.23,1.15,14.96,-4.52,5.23,3.78,25.69,0,72.21,3.62,229.91,4.6,230.09
2022,4,17,17,0.48,0.76,1.29,55.7,85.3,7.54,0.05,0.27,13.48,-4.2,4.64,3.85,29,0,72.23,2.8,231.34,3.67,231.57
2022,4,17,18,0.07,0.08,0.25,6.6,8.9,0.97,0,0.02,10.75,-1.09,4.83,5,44.69,0,72.28,1.38,230.53,2.12,230.84
2022,4,17,19,0,0,0,0,0,0,0,0,10.32,-2.58,3.87,4.39,40.69,0,72.34,0.8,243.43,1.08,242.88
2022,4,17,20,0,0,0,0,0,0,0,0,9.62,-2.81,3.4,4.33,41.81,0,72.4,0.44,346.7,0.65,353.05
2022,4,17,21,0,0,0,0,0,0,0,0,8.38,-2.59,2.9,4.39,46.25,0,72.44,0.87,26.8,1.41,27.42
2022,4,17,22,0,0,0,0,0,0,0,0,7.64,-2.78,2.43,4.33,47.88,0,72.46,0.99,32.82,1.69,32.51
2022,4,17,23,0,0,0,0,0,0,0,0,7.15,-3.02,2.07,4.21,48.62,0,72.45,1.06,31.47,1.8,31.9
2022,4,18,0,0,0,0,0,0,0,0,0,6.87,-3.23,1.83,4.15,48.75,0,72.43,1.09,29.13,1.84,29.84
2022,4,18,1,0,0,0,0,0,0,0,0,6.73,-3.46,1.63,4.09,48.38,0,72.4,1.1,25.66,1.82,26.57
2022,4,18,2,0,0,0,0,0,0,0,0,6.62,-3.72,1.45,4.03,47.75,0,72.38,1.1,22.56,1.79,23.43
2022,4,18,3,0,0,0,0,0,0,0,0,6.43,-3.99,1.22,3.91,47.38,0,72.38,1.11,23.3,1.79,23.99
2022,4,18,4,0,0,0,0,0,0,0,0,5.96,-4.26,0.85,3.85,47.94,0,72.38,1.18,26.73,1.94,27.6
2022,4,18,5,0,0,0,0,0,0,0,0,5.6,-4.56,0.52,3.78,48.12,0,72.41,1.24,28.18,2.07,28.89
2022,4,18,6,0.35,0.35,0.67,35.77,36.2,4.41,0.02,0.08,6.3,-3.59,1.36,4.09,49.94,0,72.46,1.16,28.98,2.1,29.43
2022,4,18,7,1.24,1.25,1.74,135.12,139,17.27,0.19,0.92,10.68,-3.6,3.54,4.09,37.19,0,72.51,1.53,27.35,2.13,27.5
2022,4,18,8,2.14,2.18,2.72,241.5,247.25,33.61,0.67,3.33,14.23,-5.63,4.3,3.54,25.19,0,72.55,0.89,335.01,1.08,335.11
2022,4,18,9,2.92,2.98,3.55,335.35,339.5,48.59,1.33,6.65,16.58,-5.97,5.31,3.42,21.12,0,72.58,1.39,260.27,1.71,260.02
2022,4,18,10,3.28,3.57,4.17,384.85,408.27,57.07,1.87,9.58,18.23,-5.91,6.16,3.42,19.12,0,72.58,2.49,236.91,3.13,236.9
2022,4,18,11,3.79,3.92,4.53,446,450.23,66.88,2.36,12.42,19.23,-5.34,6.94,3.6,18.81,0,72.56,3.78,228.69,4.79,228.77
2022,4,18,12,3.63,3.83,4.61,426.73,437.17,61.7,2.16,11.38,19.48,-4.13,7.67,3.97,20.25,0,72.53,4.75,225.8,6.08,226.04
2022,4,18,13,3.07,3.55,4.41,361.85,405.85,51.54,1.73,8.88,19.14,-3.02,8.06,4.27,22.44,0,72.5,5.09,226.06,6.53,226.21
2022,4,18,14,2.66,3.05,3.94,310.27,347.17,43.27,1.29,6.62,18.48,-2.33,8.07,4.52,24.56,0,72.47,4.92,226.54,6.29,226.66
2022,4,18,15,1.9,2.32,3.23,218.77,262.73,29.47,0.71,3.6,17.55,-1.93,7.81,4.64,26.75,0.01,72.45,4.49,227.04,5.75,227.09
2022,4,18,16,1.13,1.47,2.33,126.08,163.83,16.65,0.28,1.38,16.27,-1.66,7.31,4.7,29.56,0.01,72.45,3.88,228.92,4.98,229.01
2022,4,18,17,0.58,0.65,1.3,62.35,70.92,7.83,0.05,0.27,14.53,-1.17,6.68,4.88,34.25,0,72.49,3.04,231.16,4,231.27
2022,4,18,18,0.08,0.08,0.26,7.42,8,1.03,0,0.02,11.7,1.18,6.44,5.86,49.38,0.02,72.54,1.5,233.07,2.25,233.05
2022,4,18,19,0,0,0,0,0,0,0,0,10.91,0.44,5.68,5.49,49,0.02,72.59,0.81,257.17,1.13,257.99
2022,4,18,20,0,0,0,0,0,0,0,0,10.05,0.29,5.17,5.43,51.31,0.01,72.64,0.67,326.5,1,331.64
2022,4,18,21,0,0,0,0,0,0,0,0,9.19,0.23,4.71,5.37,54.06,0,72.66,0.9,354.54,1.45,358.14
2022,4,18,22,0,0,0,0,0,0,0,0,8.67,-0.02,4.32,5.31,54.88,0,72.65,0.98,5.94,1.63,7.7
2022,4,18,23,0,0,0,0,0,0,0,0,8.3,-0.35,3.98,5.19,54.94,0,72.63,1.02,7.94,1.72,8.35
2022,4,19,0,0,0,0,0,0,0,0,0,8.11,-0.63,3.74,5.07,54.56,0,72.6,1.02,6.58,1.71,6.57
2022,4,19,1,0,0,0,0,0,0,0,0,7.97,-0.87,3.55,5,54.12,0.05,72.58,1.01,2.66,1.65,2.71
2022,4,19,2,0,0,0,0,0,0,0,0,7.74,-1.08,3.33,4.88,54.12,0.05,72.56,1.01,358.67,1.63,359.18
2022,4,19,3,0,0,0,0,0,0,0,0,7.38,-1.24,3.08,4.88,54.88,0.05,72.55,1.04,358.28,1.68,358.4
2022,4,19,4,0,0,0,0,0,0,0,0,7.05,-1.4,2.83,4.82,55.44,0,72.56,1.09,357.94,1.75,357.95
2022,4,19,5,0,0,0,0,0,0,0,0,6.69,-1.63,2.53,4.7,55.88,0,72.58,1.14,1.18,1.86,0.96
2022,4,19,6,0.29,0.29,0.69,30.6,30.92,4,0.02,0.05,7.3,-0.81,3.25,5,57.19,0,72.62,1.06,5.92,1.86,5.78
2022,4,19,7,1.11,1.11,1.75,121.02,123.8,15.26,0.17,0.85,11.15,-0.22,5.47,5.31,46.5,0,72.66,1.23,355.63,1.69,355.76
2022,4,19,8,1.9,2,2.73,215.02,227.15,29.08,0.59,2.88,14.32,-2.72,5.8,4.39,31.25,0,72.69,1.24,286.04,1.56,285.98
2022,4,19,9,2.78,2.83,3.56,322.95,326.4,45.75,1.25,6.3,16.41,-3.08,6.67,4.27,26.62,0,72.7,2.31,240.23,2.9,240.6
2022,4,19,10,3.18,3.42,4.18,376.65,395.65,54.35,1.77,9.12,17.74,-2.14,7.8,4.58,26.25,0,72.69,3.58,228.98,4.53,229.27
2022,4,19,11,3.25,3.75,4.54,390.27,432.77,56.79,2.02,10.38,18.34,-1.02,8.65,5,27.56,0,72.67,4.59,225.21,5.84,225.54
2022,4,19,12,2.42,3.31,4.62,283.08,369.45,36.82,1.27,6.52,18.37,0.26,9.32,5.49,30.19,0,72.64,5.11,224.44,6.54,224.66
2022,4,19,13,1.96,3.05,4.42,228.88,338.7,30.03,0.98,5,18.03,1.4,9.72,5.92,33.38,0.01,72.59,5.17,225.24,6.61,225.34
2022,4,19,14,1.7,2.57,3.95,193.2,283.5,24.34,0.71,3.67,17.28,2.33,9.81,6.35,37.44,0.1,72.54,4.88,227.47,6.23,227.54
2022,4,19,15,1.12,1.83,3.23,123.4,197,15.14,0.36,1.83,16.24,2.95,9.59,6.65,41.75,0.32,72.51,4.5,228.95,5.75,229.08
2022,4,19,16,0.73,1.12,2.33,79.25,118,9.83,0.16,0.83,14.84,3.36,9.1,6.84,47,0.35,72.48,3.91,230.19,5.04,230.29
2022,4,19,17,0.37,0.51,1.31,39.4,51.48,4.91,0.04,0.17,13.27,3.77,8.52,7.02,53.62,0.28,72.48,2.98,231.18,3.91,231.48
2022,4,19,18,0.07,0.06,0.27,5.95,6.42,0.75,0,0,11.24,5.02,8.13,7.75,67.62,0.11,72.5,1.44,228.52,2.17,230.25
2022,4,19,19,0,0,0,0,0,0,0,0,10.26,4.73,7.5,7.57,70.5,0.06,72.53,0.95,234.35,1.42,236.92
2022,4,19,20,0,0,0,0,0,0,0,0,9.94,4.4,7.17,7.39,70.25,0.02,72.57,0.47,262.41,0.68,266.05
2022,4,19,21,0,0,0,0,0,0,0,0,9.43,4.19,6.81,7.32,71.81,0.01,72.59,0.47,351.33,0.73,351.44
2022,4,19,22,0,0,0,0,0,0,0,0,8.79,3.85,6.32,7.14,73.19,0.01,72.58,0.71,6.97,1.16,7.36
2022,4,19,23,0,0,0,0,0,0,0,0,8.48,3.25,5.86,6.84,71.44,0.01,72.55,0.8,8.45,1.3,8.28
2022,4,20,0,0,0,0,0,0,0,0,0,8.37,2.8,5.58,6.59,69.56,0.02,72.51,0.79,5.09,1.28,4.91
2022,4,20,1,0,0,0,0,0,0,0,0,8.37,2.39,5.37,6.41,67.5,0.02,72.48,0.77,1.74,1.21,1.11
2022,4,20,2,0,0,0,0,0,0,0,0,8.28,1.98,5.13,6.23,65.88,0.01,72.45,0.79,2.83,1.18,2.28
2022,4,20,3,0,0,0,0,0,0,0,0,7.97,1.6,4.78,6.04,65.56,0.01,72.41,0.78,10.41,1.18,9.9
2022,4,20,4,0,0,0,0,0,0,0,0,7.78,1.23,4.51,5.92,64.69,0.01,72.4,0.81,15.64,1.25,15.16
2022,4,20,5,0,0,0,0,0,0,0,0,7.6,0.84,4.23,5.74,63.69,0,72.41,0.82,16.7,1.3,16.47
2022,4,20,6,0.26,0.26,0.71,27.48,27.65,3.66,0.02,0.05,8.52,1.18,4.85,5.92,61.62,0,72.44,0.84,17.76,1.33,17.05
2022,4,20,7,1.02,1,1.77,108.95,109.55,13.63,0.16,0.75,11.56,2.15,6.86,6.41,54.38,0,72.48,0.68,354.09,0.9,354.04
2022,4,20,8,1.88,1.89,2.75,211.48,214.1,28.06,0.55,2.75,14.12,1.6,7.86,6.1,44.06,0,72.51,1.2,251.45,1.5,251.47
2022,4,20,9,2.6,2.71,3.57,301.5,311.6,41.98,1.12,5.7,16.15,1.51,8.83,6.1,38.44,0,72.52,2.54,235.04,3.17,235.14
2022,4,20,10,2.57,3.29,4.18,307.8,379.08,44.05,1.43,7.25,17.41,1.95,9.69,6.29,36.62,0.01,72.52,3.63,229.01,4.57,229.02
2022,4,20,11,2.8,3.66,4.54,341.85,423.73,49.41,1.75,8.9,18.05,2.6,10.33,6.59,36.88,0.02,72.5,4.38,225.07,5.55,225.11
2022,4,20,12,2.23,3.54,4.62,276.83,406.25,38.72,1.37,7,18.09,3.43,10.76,6.96,38.94,0.05,72.48,4.81,223.49,6.12,223.5
2022,4,20,13,2.05,3.35,4.42,255.77,385.05,35.4,1.22,6.1,17.26,4.26,10.76,7.39,43.38,0.17,72.44,4.84,224.8,6.19,224.8
2022,4,20,14,1.72,2.83,3.95,211.1,323.7,28.84,0.89,4.58,16.08,4.87,10.48,7.69,48.75,0.47,72.4,4.52,227.03,5.78,227.14
2022,4,20,15,1.3,2.09,3.24,156.88,234.95,20.68,0.52,2.62,14.85,5.31,10.08,7.93,54.44,0.79,72.37,3.98,227.07,5.09,227.12
2022,4,20,16,0.78,1.24,2.34,85.92,135.15,11.03,0.19,0.92,13.41,5.73,9.57,8.18,61.69,0.78,72.37,3.31,225.29,4.25,225.45
2022,4,20,17,0.4,0.55,1.31,45.12,59.25,5.8,0.05,0.23,12.05,6.27,9.16,8.54,70.12,0.48,72.39,2.53,225,3.29,224.9
2022,4,20,18,0.08,0.07,0.27,6.85,7.5,0.94,0,0.02,10.69,7.17,8.94,9.16,82.25,0.61,72.43,1.47,225,2.04,224.22
2022,4,20,19,0,0,0,0,0,0,0,0,9.75,7.56,8.65,9.4,90.25,0.19,72.48,0.75,217.35,1.26,218.44
2022,4,20,20,0,0,0,0,0,0,0,0,9.15,7.07,8.12,9.03,90.31,0.08,72.54,0.64,223.03,1.02,223.45
2022,4,20,21,0,0,0,0,0,0,0,0,8.65,6.89,7.77,8.91,92.25,0.04,72.58,0.42,247.22,0.66,248.57
2022,4,20,22,0,0,0,0,0,0,0,0,8.14,6.68,7.4,8.79,94.19,0.01,72.58,0.31,323.13,0.52,324.87
2022,4,20,23,0,0,0,0,0,0,0,0,7.51,6.26,6.89,8.54,95.56,0.01,72.55,0.59,1.53,1.02,2.19
2022,4,21,0,0,0,0,0,0,0,0,0,7.33,5.6,6.47,8.18,92.56,0,72.49,0.81,10.55,1.39,10.99
2022,4,21,1,0,0,0,0,0,0,0,0,7.63,4.9,6.26,7.81,86.56,0,72.44,0.97,6.03,1.52,7.09
2022,4,21,2,0,0,0,0,0,0,0,0,7.82,4.26,6.04,7.45,81.69,0,72.4,1.06,2.11,1.6,2.53
2022,4,21,3,0,0,0,0,0,0,0,0,7.78,3.68,5.73,7.2,78.69,0,72.37,1.08,356.27,1.62,355.86
2022,4,21,4,0,0,0,0,0,0,0,0,7.69,3.19,5.44,6.96,76.44,0,72.37,1.1,356.32,1.65,355.64
2022,4,21,5,0,0,0,0,0,0,0,0,7.6,2.68,5.14,6.71,74.25,0,72.39,1.09,357.55,1.65,356.47
2022,4,21,6,0.29,0.29,0.72,29.75,29.58,3.95,0.02,0.08,8.19,2.85,5.51,6.77,72.44,0,72.43,1.09,359.59,1.7,358.15
2022,4,21,7,1.12,1.11,1.78,119.3,120.38,15.02,0.18,0.88,10.93,2.69,6.8,6.77,60.31,0,72.47,1.32,341.67,1.72,342.06
2022,4,21,8,1.97,2,2.76,219.42,224.55,29.34,0.61,3.02,13.8,0.8,7.3,5.98,44.06,0,72.51,1.66,282.53,2.07,282.2
2022,4,21,9,2.74,2.8,3.58,313.65,318.7,43.68,1.22,6.17,15.94,0.34,8.14,5.8,37.25,0,72.55,2.87,244.55,3.63,244.48
2022,4,21,10,3.3,3.39,4.19,384.33,389.62,54.91,1.81,9.42,16.67,1.06,8.87,6.16,37.62,0,72.54,3.56,232.85,4.48,232.79
2022,4,21,11,3.4,3.76,4.55,405.73,434.02,59.09,2.14,11.2,16.58,1.92,9.25,6.53,40.31,0,72.51,3.76,227.19,4.74,227.21
2022,4,21,12,3.21,3.76,4.63,388.33,434.98,56.19,2.06,10.83,16.48,2.99,9.73,7.08,43.69,0,72.46,4.05,223.12,5.12,223.14
2022,4,21,13,2.85,3.54,4.43,344.67,410.88,49.68,1.73,8.95,17.03,4.28,10.65,7.69,45.75,0,72.42,4.42,221.35,5.58,221.37
2022,4,21,14,2.05,3,3.95,244.6,346.88,35.31,1.11,5.73,16.66,5.27,10.97,8.06,49.31,0,72.38,4.44,220.65,5.62,220.71
2022,4,21,15,1.48,2.3,3.24,178.02,262.27,24.72,0.63,3.25,15.44,5.89,10.67,8.3,54.88,0,72.35,3.96,220.92,5.01,221.02
2022,4,21,16,0.89,1.44,2.35,101.75,159.95,13.77,0.25,1.2,14.01,6.26,10.14,8.48,61.38,0.11,72.34,3.32,222.33,4.21,222.37
2022,4,21,17,0.48,0.64,1.32,54.08,70.2,7.24,0.06,0.3,12.69,6.46,9.58,8.61,67.81,0.32,72.36,2.78,223.86,3.57,223.85
2022,4,21,18,0.08,0.08,0.28,7.25,8.52,0.99,0,0.02,11.12,6.76,8.94,8.79,76.81,0.31,72.41,1.91,222.51,2.61,222.2
2022,4,21,19,0,0,0,0,0,0,0,0,10.23,7.12,8.67,9.03,83.69,0.36,72.46,1.21,220.8,1.79,220.22
2022,4,21,20,0,0,0,0,0,0,0,0,9.8,7.27,8.53,9.09,87.06,0.17,72.51,0.81,221.86,1.32,223.56
2022,4,21,21,0,0,0,0,0,0,0,0,9.47,7.12,8.3,9.03,88.12,0.07,72.54,0.66,237.06,1.01,240.26
2022,4,21,22,0,0,0,0,0,0,0,0,9.18,6.9,8.04,8.85,88.62,0.03,72.54,0.52,257.01,0.73,265.7
2022,4,21,23,0,0,0,0,0,0,0,0,8.85,6.78,7.82,8.79,89.88,0.02,72.52,0.35,268.73,0.48,287.85
2022,4,22,0,0,0,0,0,0,0,0,0,8.56,6.57,7.56,8.67,90.19,0.01,72.49,0.21,270,0.28,295.11
2022,4,22,1,0,0,0,0,0,0,0,0,8.29,6.43,7.36,8.61,91,0.01,72.47,0.13,263.29,0.16,286.7
2022,4,22,2,0,0,0,0,0,0,0,0,7.92,6.26,7.09,8.48,92.25,0,72.45,0.16,267.14,0.19,299.74
2022,4,22,3,0,0,0,0,0,0,0,0,7.3,5.84,6.57,8.3,94,0.01,72.44,0.17,289.29,0.26,333.43
2022,4,22,4,0,0,0,0,0,0,0,0,6.71,5.4,6.06,8.06,95.25,0.01,72.45,0.2,323.13,0.41,355.6
2022,4,22,5,0,0,0,0,0,0,0,0,6.23,4.96,5.6,7.87,95.81,0.03,72.47,0.28,347.12,0.63,7.13
2022,4,22,6,0.3,0.31,0.74,33.92,34.95,4.53,0.02,0.08,7.29,5.05,6.16,7.93,90.31,0.04,72.51,0.22,317.86,0.58,1.55
2022,4,22,7,0.95,1.13,1.79,108.45,128.92,14.28,0.17,0.85,10.36,4.94,7.65,7.93,73.31,0.02,72.56,0.73,294.09,0.9,296.79
2022,4,22,8,1.64,2.04,2.77,194.25,237.77,27.27,0.59,2.92,12.83,4.3,8.56,7.57,59.38,0.01,72.61,2.35,255.96,2.91,256.19
2022,4,22,9,2.1,2.82,3.59,255.1,329.1,36.73,1.06,5.58,14.76,3.82,9.29,7.26,50.19,0,72.63,3.35,247.38,4.17,247.66
2022,4,22,10,2.49,3.44,4.2,302.98,401.27,45,1.53,7.67,16.13,3.96,10.05,7.26,46.19,0,72.62,4.01,239.69,5.01,239.88
2022,4,22,11,2.61,3.8,4.56,321.1,443.3,47.8,1.76,8.92,16.9,4.34,10.62,7.51,45.12,0,72.59,4.43,234.18,5.57,234.37
2022,4,22,12,2.3,3.64,4.63,288.58,420.83,40.6,1.49,7.58,17.15,4.95,11.05,7.81,46.19,0.01,72.54,4.51,231.05,5.67,231.16
2022,4,22,13,1.88,3.44,4.43,240.98,398.05,33.34,1.16,5.88,17.13,5.38,11.26,8,47.5,0.02,72.48,4.36,228.92,5.47,229
2022,4,22,14,1.46,2.96,3.96,183.42,342.62,25.51,0.8,4.1,16.83,5.48,11.15,8.06,48.62,0.02,72.42,4.18,228.03,5.23,228.21
2022,4,22,15,0.99,2.29,3.25,129,264.2,17.77,0.46,2.35,16,5.4,10.7,8,51,0.05,72.39,4.04,228.21,5.09,228.36
2022,4,22,16,0.61,1.48,2.35,76.65,169,10.78,0.2,0.98,14.48,5.48,9.98,8.06,56.44,0.11,72.38,3.79,230.01,4.84,230.24
2022,4,22,17,0.33,0.66,1.33,39.65,74.05,5.52,0.05,0.23,12.75,5.74,9.24,8.18,64.44,0.2,72.4,3.29,230.3,4.29,230.62
2022,4,22,18,0.07,0.08,0.29,6.75,9.38,0.94,0,0.02,11.12,6.3,8.71,8.54,74.81,0.26,72.43,2.2,226.29,3.02,226.47
2022,4,22,19,0,0,0,0,0,0,0,0,10.29,6.9,8.59,8.97,82.75,0.34,72.46,1.49,221.38,2.14,221.3
2022,4,22,20,0,0,0,0,0,0,0,0,9.89,7.25,8.57,9.16,87.25,0.27,72.51,1.18,218.84,1.73,219.14
2022,4,22,21,0,0,0,0,0,0,0,0,9.75,7.33,8.55,9.22,88.31,0.15,72.55,1.2,221.05,1.63,220.54
2022,4,22,22,0,0,0,0,0,0,0,0,9.31,7.29,8.3,9.16,90.75,0.06,72.55,0.83,222.71,1.2,223.42
2022,4,22,23,0,0,0,0,0,0,0,0,8.97,6.8,7.88,8.85,89.56,0.03,72.53,0.86,227.94,1.28,229.7
2022,4,23,0,0,0,0,0,0,0,0,0,8.46,6.18,7.32,8.48,89,0.01,72.49,0.79,236.31,1.11,237.65
2022,4,23,1,0,0,0,0,0,0,0,0,7.71,5.59,6.65,8.18,90.25,0.01,72.45,0.37,258.93,0.43,271.04
2022,4,23,2,0,0,0,0,0,0,0,0,6.74,5.06,5.9,7.93,93.31,0,72.42,0.18,352.57,0.51,15.1
2022,4,23,3,0,0,0,0,0,0,0,0,5.86,4.48,5.17,7.63,95.5,0,72.4,0.34,14.68,0.94,25.5
2022,4,23,4,0,0,0,0,0,0,0,0,5.12,3.76,4.44,7.26,95.81,0,72.4,0.51,17.88,1.32,27.02
2022,4,23,5,0,0,0,0,0,0,0,0,4.47,2.86,3.66,6.84,94.5,0,72.42,0.74,19.78,1.74,26.68
2022,4,23,6,0.43,0.44,0.76,46.55,48.2,5.62,0.02,0.1,6.05,2.55,4.3,6.77,83.44,0,72.44,0.96,18.43,1.85,24.5
2022,4,23,7,1.34,1.35,1.81,150.9,154.92,19.78,0.24,1.2,9.94,0.97,5.45,6.1,58.12,0,72.47,1.38,6.48,1.81,7.95
2022,4,23,8,2.27,2.28,2.78,261.92,263.48,37.24,0.8,3.95,13.48,-1.84,5.82,4.88,36.62,0,72.49,1.73,277.51,2.14,277.57
2022,4,23,9,3.02,3.06,3.6,353.08,355,52.01,1.5,7.58,15.71,-2.32,6.69,4.64,30.19,0,72.51,2.96,246.15,3.66,246.22
2022,4,23,10,3.58,3.65,4.21,422.45,424.3,63.74,2.17,11.3,17.12,-1.83,7.65,4.76,28.44,0,72.51,4.02,233.22,5.03,233.2
2022,4,23,11,3.7,3.98,4.56,445.75,462.85,67.63,2.51,13.15,17.87,-0.82,8.52,5.13,28.94,0,72.5,4.67,228.73,5.89,228.76
2022,4,23,12,3.22,3.93,4.64,393.4,456,58.27,2.16,11.33,18.2,0.19,9.19,5.43,30.25,0,72.46,4.8,228.43,6.06,228.56
2022,4,23,13,2.81,3.74,4.44,341.3,433.92,51.16,1.83,9.3,18.25,0.72,9.48,5.62,31.12,0,72.42,4.65,229.84,5.85,229.93
2022,4,23,14,2.49,3.29,3.96,300.25,381.62,44.62,1.43,7.38,17.93,0.9,9.41,5.68,32.19,0.03,72.36,4.45,232.13,5.61,232.3
2022,4,23,15,1.8,2.6,3.25,217.5,300.12,31.85,0.84,4.33,17.19,1.04,9.12,5.74,34,0.05,72.33,4.31,234.21,5.47,234.47
2022,4,23,16,1.16,1.76,2.36,135.08,201.08,19.11,0.34,1.67,16.11,1.15,8.63,5.8,36.75,0.07,72.32,3.99,235.53,5.11,235.85
2022,4,23,17,0.7,0.89,1.34,79.02,100.77,10.37,0.09,0.4,14.54,1.21,7.87,5.86,40.81,0.1,72.34,3.33,236.38,4.35,236.79
2022,4,23,18,0.11,0.12,0.3,10.48,12.3,1.45,0.01,0.02,11.76,2.95,7.35,6.65,56.06,0.09,72.38,1.65,229.22,2.53,231.15
2022,4,23,19,0,0,0,0,0,0,0,0,10.67,2.23,6.44,6.29,56.81,0.08,72.43,1.04,229.59,1.53,230.79
2022,4,23,20,0,0,0,0,0,0,0,0,10.73,1.55,6.14,5.98,53.81,0.05,72.47,0.43,245.3,0.58,245.17
2022,4,23,21,0,0,0,0,0,0,0,0,9.51,1.51,5.51,5.98,58.25,0.02,72.49,0.36,28.22,0.66,30.5
2022,4,23,22,0,0,0,0,0,0,0,0,8.58,1.46,5.01,5.92,61.75,0.01,72.47,0.6,33.27,1.14,35.77
2022,4,23,23,0,0,0,0,0,0,0,0,8.01,1.18,4.59,5.8,62.94,0.01,72.44,0.68,25.97,1.29,29.66
2022,4,24,0,0,0,0,0,0,0,0,0,7.5,0.76,4.12,5.68,63.25,0.01,72.4,0.77,21.91,1.44,25.45
2022,4,24,1,0,0,0,0,0,0,0,0,7.11,0.31,3.71,5.49,62.88,0.01,72.36,0.83,16.91,1.51,20.31
2022,4,24,2,0,0,0,0,0,0,0,0,6.79,-0.18,3.3,5.31,62,0,72.31,0.91,12.96,1.61,16.94
2022,4,24,3,0,0,0,0,0,0,0,0,6.29,-0.7,2.8,5.07,61.75,0,72.28,1.03,14.04,1.82,17.27
2022,4,24,4,0,0,0,0,0,0,0,0,5.8,-1.26,2.27,4.88,61.31,0,72.28,1.15,15.84,2.02,18.23
2022,4,24,5,0,0,0,0,0,0,0,0,5.47,-1.92,1.78,4.64,59.88,0,72.29,1.16,16.48,2.08,18.16
2022,4,24,6,0.5,0.51,0.78,54.02,54.95,6.2,0.02,0.1,6.64,-1.2,2.72,5,59.25,0,72.33,1.02,14.68,1.95,17.93
2022,4,24,7,1.43,1.42,1.82,160.1,161.27,20.8,0.25,1.23,10.87,-1.65,4.61,4.94,44.19,0,72.36,1.01,356.45,1.45,0.31
2022,4,24,8,2.31,2.32,2.79,265.4,266.55,37.53,0.79,3.9,14.31,-4.72,4.8,3.85,27.5,0,72.4,1.77,267.72,2.2,267.55
2022,4,24,9,3.01,3.08,3.61,350.92,355.48,51.3,1.45,7.33,16.58,-5.4,5.58,3.6,22.06,0,72.41,2.92,244.53,3.63,244.65
2022,4,24,10,3.43,3.64,4.22,405.15,421.58,60.48,2.03,10.4,17.93,-5.41,6.26,3.54,20.12,0,72.41,3.79,236.28,4.72,236.42
2022,4,24,11,3.33,3.98,4.57,398.98,460.1,60.32,2.2,11.33,18.74,-4.88,6.94,3.72,19.88,0,72.38,4.29,231.65,5.37,231.73
2022,4,24,12,2.99,3.93,4.65,365.38,452.27,53.62,1.97,10.15,19.14,-4.22,7.46,3.91,20.31,0,72.34,4.6,229.27,5.78,229.38
2022,4,24,13,2.65,3.72,4.44,319.73,426.4,47.48,1.67,8.52,19.11,-3.58,7.76,4.09,21.38,0,72.29,4.75,229.27,6,229.44
2022,4,24,14,2.22,3.24,3.97,265.42,370.92,38.41,1.21,6.2,18.64,-3.06,7.8,4.27,22.88,0,72.24,4.72,230.38,5.98,230.57
2022,4,24,15,1.79,2.58,3.26,212.77,296.15,30.59,0.79,4.02,17.83,-2.81,7.51,4.33,24.5,0,72.21,4.43,231.51,5.64,231.75
2022,4,24,16,1.08,1.73,2.37,125.9,196.88,17.64,0.31,1.52,16.65,-2.85,6.9,4.33,26.25,0,72.19,3.87,232.14,4.95,232.44
2022,4,24,17,0.58,0.84,1.35,66.67,93.77,8.88,0.07,0.35,14.98,-2.72,6.13,4.33,29.56,0,72.21,3,231.88,3.92,232.45
2022,4,24,18,0.11,0.11,0.3,10.23,11.5,1.43,0.01,0.02,11.96,0.3,6.13,5.55,45.94,0,72.24,1.46,226.08,2.3,228.17
2022,4,24,19,0,0,0,0,0,0,0,0,11.15,-0.87,5.14,5,43.88,0,72.29,1.06,229.76,1.52,230.42
2022,4,24,20,0,0,0,0,0,0,0,0,11.1,-1.76,4.67,4.7,41.06,0,72.35,0.41,254.36,0.54,253.94
2022,4,24,21,0,0,0,0,0,0,0,0,9.9,-1.85,4.03,4.64,44.31,0,72.39,0.32,22.83,0.57,27.61
2022,4,24,22,0,0,0,0,0,0,0,0,8.87,-1.92,3.48,4.64,47.31,0,72.39,0.64,35.62,1.13,38.54
2022,4,24,23,0,0,0,0,0,0,0,0,8.18,-2.18,3,4.58,48.62,0,72.36,0.8,32.3,1.39,35.65
2022,4,25,0,0,0,0,0,0,0,0,0,7.7,-2.56,2.57,4.39,48.75,0,72.32,0.91,28.77,1.55,31.61
2022,4,25,1,0,0,0,0,0,0,0,0,7.33,-2.95,2.19,4.27,48.5,0,72.29,1.01,26.76,1.67,28.12
2022,4,25,2,0,0,0,0,0,0,0,0,6.9,-3.33,1.79,4.15,48.44,0,72.25,1.07,27.31,1.78,26.9
2022,4,25,3,0,0,0,0,0,0,0,0,6.25,-3.71,1.27,4.03,49.25,0,72.23,1.17,25.71,2.01,25.37
2022,4,25,4,0,0,0,0,0,0,0,0,5.4,-4.07,0.66,3.97,50.94,0,72.21,1.29,25.79,2.34,25.71
2022,4,25,5,0,0,0,0,0,0,0,0,4.86,-4.5,0.18,3.85,51.19,0,72.22,1.37,25.98,2.55,25.78
2022,4,25,6,0.45,0.45,0.8,47.83,48.35,5.74,0.02,0.1,6.15,-3.03,1.56,4.33,52.81,0,72.26,1.19,26.06,2.46,26.4
2022,4,25,7,1.35,1.33,1.84,150.73,151.2,19.34,0.23,1.15,11.14,-4.23,3.45,3.91,34.31,0,72.3,1.86,22.47,2.53,23.08
2022,4,25,8,2.25,2.26,2.81,259.48,260.75,36.3,0.77,3.77,14.86,-5.75,4.55,3.42,23.62,0,72.34,1.01,292.21,1.23,292
2022,4,25,9,2.99,3.03,3.62,349.95,352.23,50.92,1.44,7.25,17.13,-5.56,5.79,3.48,20.75,0,72.38,2.72,236.13,3.38,236.2
2022,4,25,10,3.33,3.61,4.22,395.75,420.2,59.19,1.98,10.25,18.43,-4.74,6.84,3.72,20.38,0,72.4,3.79,226.84,4.75,226.8
2022,4,25,11,3.83,3.95,4.58,458.4,461.33,69.2,2.51,13.33,19.12,-3.92,7.6,3.97,20.75,0,72.4,4.53,222.97,5.69,223
2022,4,25,12,3.26,3.8,4.65,393.1,439.83,56.66,2.02,10.67,19.37,-3.08,8.15,4.21,21.75,0,72.38,4.8,221.5,6.05,221.55
2022,4,25,13,2.99,3.58,4.45,358.35,414.5,51.46,1.77,9.15,19.23,-2.55,8.34,4.39,22.81,0,72.35,4.75,221.87,5.99,221.93
2022,4,25,14,2.45,3.1,3.97,292.35,357.92,41.19,1.28,6.58,18.75,-2.25,8.25,4.52,24.06,0,72.32,4.51,223.18,5.68,223.16
2022,4,25,15,1.84,2.41,3.27,216.85,277.55,29.97,0.76,3.88,17.92,-2.13,7.9,4.52,25.62,0,72.29,4.21,224.7,5.33,224.76
2022,4,25,16,1.2,1.58,2.37,137.48,180.15,18.58,0.33,1.6,16.76,-2.14,7.31,4.52,27.5,0,72.29,3.74,227.2,4.76,227.4
2022,4,25,17,0.69,0.75,1.35,76.85,83.4,9.85,0.08,0.4,15.05,-1.81,6.62,4.64,31.56,0,72.31,2.9,228.06,3.76,228.29
2022,4,25,18,0.1,0.1,0.31,9.67,10.8,1.34,0.01,0.02,12.24,0.84,6.54,5.74,46.81,0,72.35,1.43,223.01,2.17,224.12
2022,4,25,19,0,0,0,0,0,0,0,0,11.42,-0.25,5.58,5.25,45.06,0,72.42,0.93,224.66,1.29,224.26
2022,4,25,20,0,0,0,0,0,0,0,0,11.05,-0.49,5.29,5.13,45.38,0,72.49,0.32,244.06,0.4,243.43
2022,4,25,21,0,0,0,0,0,0,0,0,9.92,-0.58,4.67,5.13,48.62,0,72.54,0.24,23.2,0.45,27.9
2022,4,25,22,0,0,0,0,0,0,0,0,9.04,-0.7,4.17,5.07,51.25,0,72.55,0.48,35.75,0.91,38.05
2022,4,25,23,0,0,0,0,0,0,0,0,8.31,-0.8,3.76,5,53.38,0,72.52,0.58,30.7,1.14,34.99
2022,4,26,0,0,0,0,0,0,0,0,0,7.74,-0.94,3.4,5,54.88,0,72.49,0.66,23.55,1.3,29.02
2022,4,26,1,0,0,0,0,0,0,0,0,7.26,-1.13,3.06,4.88,55.88,0,72.45,0.75,20.7,1.42,25.02
2022,4,26,2,0,0,0,0,0,0,0,0,6.75,-1.35,2.7,4.82,56.94,0,72.41,0.84,21.8,1.58,24.28
2022,4,26,3,0,0,0,0,0,0,0,0,6.12,-1.57,2.27,4.76,58.5,0,72.38,0.95,23.82,1.8,24.9
2022,4,26,4,0,0,0,0,0,0,0,0,5.46,-1.87,1.8,4.64,59.94,0,72.38,1.05,23.7,2.07,25.02
2022,4,26,5,0,0,0,0,0,0,0,0,4.89,-2.23,1.33,4.52,60.75,0,72.39,1.16,24.32,2.38,25.72
2022,4,26,6,0.45,0.45,0.82,48.65,49.23,5.97,0.02,0.1,6.29,-1.31,2.48,4.88,59.31,0,72.42,1.21,24.08,2.47,26.48
2022,4,26,7,1.27,1.25,1.85,140.58,141.08,18.09,0.2,1.02,11.06,-2.7,4.18,4.46,39.12,0,72.46,1.75,19.24,2.41,20.9
2022,4,26,8,2.2,2.2,2.82,253.4,253.98,35.24,0.7,3.48,14.58,-5,4.79,3.72,25.94,0,72.48,1.14,290.05,1.39,290.67
2022,4,26,9,2.94,3,3.63,345.05,350.08,50.12,1.36,6.83,16.7,-5.43,5.63,3.54,21.81,0,72.5,2.71,240.85,3.35,240.98
2022,4,26,10,3.43,3.57,4.23,408.7,417.62,60.41,1.95,9.98,17.88,-4.7,6.59,3.78,21.44,0,72.5,3.87,228.93,4.82,229.01
2022,4,26,11,3.17,3.86,4.58,384.3,451.55,57.41,2,10.27,18.45,-3.19,7.63,4.21,23.12,0,72.5,4.62,223.97,5.82,224.08
2022,4,26,12,2.78,3.65,4.66,338.92,421.42,47.5,1.62,8.35,18.5,-1.63,8.44,4.7,25.75,0,72.49,4.95,222.44,6.25,222.52
2022,4,26,13,2.42,3.44,4.45,294.15,397.02,40.99,1.36,6.83,18.25,-0.48,8.89,5.13,28.44,0,72.46,4.97,222.58,6.28,222.68
2022,4,26,14,2.22,3.03,3.98,265.2,350.05,36.47,1.08,5.52,17.75,0.1,8.93,5.37,30.62,0,72.44,4.9,223.45,6.21,223.47
2022,4,26,15,1.99,2.36,3.27,232.35,271.48,31.46,0.74,3.75,16.98,0.31,8.65,5.43,32.62,0,72.41,4.62,225.07,5.89,225.16
2022,4,26,16,1.22,1.54,2.38,141.98,176.2,18.87,0.31,1.55,15.87,0.33,8.1,5.43,35.12,0,72.4,4.17,225.15,5.35,225.36
2022,4,26,17,0.53,0.7,1.36,60.52,78.15,8.03,0.06,0.3,14.36,0.55,7.45,5.55,39.38,0,72.4,3.45,220.87,4.54,221.09
2022,4,26,18,0.08,0.1,0.32,8.17,10.5,1.12,0,0.02,12.02,2.71,7.37,6.59,54.38,0,72.43,2.11,211.04,3.23,211.46
2022,4,26,19,0,0,0,0,0,0,0,0,11.02,3,7.01,6.71,59,0,72.47,1.9,209.1,3.09,208.9
2022,4,26,20,0,0,0,0,0,0,0,0,10.81,2.46,6.63,6.41,57.25,0,72.52,1.99,216.69,3.15,215.62
2022,4,26,21,0,0,0,0,0,0,0,0,10.32,1.81,6.07,6.1,56.31,0,72.56,1.87,225.17,2.88,224.34
2022,4,26,22,0,0,0,0,0,0,0,0,10.12,1.12,5.62,5.8,54.25,0,72.57,1.69,232.5,2.46,232.73
2022,4,26,23,0,0,0,0,0,0,0,0,9.97,0.53,5.25,5.55,52.56,0,72.54,1.27,236.31,1.77,237.22
2022,4,27,0,0,0,0,0,0,0,0,0,9.77,0.08,4.92,5.37,51.44,0,72.5,0.95,241.54,1.35,241.95
2022,4,27,1,0,0,0,0,0,0,0,0,9.52,-0.3,4.61,5.19,50.88,0,72.44,0.89,247.92,1.27,248
2022,4,27,2,0,0,0,0,0,0,0,0,9.31,-0.56,4.37,5.13,50.56,0,72.39,0.79,259.7,1.1,259.41
2022,4,27,3,0,0,0,0,0,0,0,0,9.32,-0.74,4.29,5,49.75,0,72.36,0.53,276.71,0.72,276.89
2022,4,27,4,0,0,0,0,0,0,0,0,8.97,-0.67,4.15,5.07,51.38,0,72.36,0.34,346.91,0.47,346.65
2022,4,27,5,0,0,0,0,0,0,0,0,8.08,-1,3.55,4.94,53.19,0,72.37,0.62,19.12,0.94,19.33
2022,4,27,6,0.32,0.37,0.84,34.92,39.92,4.68,0.02,0.08,8.66,-0.41,4.12,5.19,53.62,0,72.41,0.76,24.98,1.21,24.41
2022,4,27,7,0.82,1.12,1.86,90.85,124.38,11.78,0.13,0.67,11.66,-0.87,5.4,5,42.56,0,72.45,0.6,355.54,0.77,357.11
2022,4,27,8,1.76,2.05,2.83,204.17,236,28.1,0.55,2.73,14.3,-2.46,5.91,4.46,31.56,0,72.47,1.05,256.27,1.32,255.31
2022,4,27,9,2.45,2.84,3.64,289.33,329.35,41.26,1.08,5.4,16.26,-2.88,6.69,4.27,26.94,0,72.49,1.92,237.28,2.44,236.77
2022,4,27,10,2.51,3.39,4.24,304.3,392.75,43.95,1.36,6.92,17.65,-2.86,7.39,4.27,24.69,0.01,72.48,2.96,230.68,3.73,230.35
2022,4,27,11,2.54,3.71,4.59,313,430.58,45.36,1.52,7.83,18.44,-2.54,7.95,4.39,24.06,0.02,72.45,3.81,228.33,4.81,228.16
2022,4,27,12,2.46,3.6,4.66,301.23,413.83,41.9,1.4,7.17,18.93,-2.16,8.39,4.52,24,0.03,72.41,4.24,228.36,5.37,228.3
2022,4,27,13,2.07,3.38,4.46,248.52,389.1,34.27,1.09,5.55,18.99,-1.85,8.57,4.64,24.5,0.03,72.36,4.4,229.89,5.58,229.89
2022,4,27,14,1.62,2.88,3.98,195.92,331.35,27.16,0.79,4.02,18.55,-1.56,8.49,4.76,25.69,0.02,72.32,4.32,232.28,5.48,232.12
2022,4,27,15,1.18,2.19,3.28,141.62,249.5,19.07,0.45,2.27,17.6,-1.26,8.17,4.82,27.88,0.01,72.3,3.9,233.8,4.97,233.76
2022,4,27,16,0.75,1.38,2.39,85.77,155.48,11.16,0.18,0.9,16.55,-1.17,7.69,4.88,30,0,72.29,3.31,235.19,4.24,235.05
2022,4,27,17,0.56,0.65,1.37,61.8,72.35,7.99,0.05,0.27,15.23,-1.01,7.11,4.94,33.12,0,72.3,2.68,232.23,3.53,232.01
2022,4,27,18,0.1,0.09,0.32,9.12,9.15,1.23,0,0.02,12.44,1.69,7.07,6.1,48.88,0,72.33,1.09,226.16,1.93,225
2022,4,27,19,0,0,0,0,0,0,0,0,11.1,0.95,6.03,5.74,50.38,0,72.39,0.7,227.25,1.2,228.18
2022,4,27,20,0,0,0,0,0,0,0,0,11.16,-0.03,5.57,5.31,46.62,0,72.44,0.19,267.61,0.29,274.64
2022,4,27,21,0,0,0,0,0,0,0,0,10.58,-0.36,5.12,5.19,47.38,0,72.47,0.54,18.43,0.85,16.6
2022,4,27,22,0,0,0,0,0,0,0,0,9.9,-0.89,4.5,5,47.75,0,72.49,0.75,17.5,1.21,16.91
2022,4,27,23,0,0,0,0,0,0,0,0,9.9,-1.43,4.24,4.82,46,0,72.49,0.83,15.35,1.28,14.89
2022,4,28,0,0,0,0,0,0,0,0,0,9.69,-2.02,3.83,4.7,45.12,0,72.48,0.79,12.53,1.22,13.32
2022,4,28,1,0,0,0,0,0,0,0,0,9.29,-2.47,3.41,4.58,45.19,0.08,72.47,0.71,6.34,1.15,8.95
2022,4,28,2,0,0,0,0,0,0,0,0,8.65,-2.29,3.18,4.58,47.5,0.08,72.46,0.7,359.36,1.19,1.88
2022,4,28,3,0,0,0,0,0,0,0,0,8.12,-2.35,2.89,4.58,49,0.08,72.47,0.74,5.47,1.28,8.77
2022,4,28,4,0,0,0,0,0,0,0,0,7.84,-2.71,2.56,4.46,48.69,0,72.5,0.76,11.2,1.33,14.28
2022,4,28,5,0,0,0,0,0,0,0,0,7.62,-3.09,2.26,4.33,48.12,0,72.54,0.83,18.78,1.41,21.04
2022,4,28,6,0.4,0.39,0.86,42.45,42.65,5.33,0.02,0.1,8.58,-1.96,3.31,4.76,49.5,0,72.58,0.77,25.79,1.41,27.7
2022,4,28,7,1.17,1.15,1.87,127.42,127.83,15.93,0.19,0.95,12.07,-1.85,5.11,4.82,40.06,0,72.64,0.51,38.11,0.78,37.22
2022,4,28,8,2.15,2.16,2.84,247.67,249.25,34.01,0.71,3.5,14.87,-3.63,5.62,4.21,29.06,0,72.67,1.44,212.4,1.76,212.7
2022,4,28,9,2.91,2.95,3.65,341.52,343.75,48.97,1.36,6.85,16.8,-3.53,6.63,4.15,25.25,0,72.69,2.79,219.09,3.47,219.14
2022,4,28,10,3.49,3.55,4.25,414.25,414.83,61.07,2.01,10.42,18.19,-2.98,7.61,4.27,23.94,0,72.68,3.65,219.52,4.55,219.57
2022,4,28,11,3.58,3.88,4.59,432.88,453.05,64.38,2.31,12.05,19.01,-2.34,8.34,4.46,23.69,0,72.66,4.39,218.87,5.52,218.91
2022,4,28,12,2.99,3.58,4.67,356.65,407.8,48.66,1.69,8.88,19.17,-1.6,8.79,4.7,24.69,0,72.63,4.69,219.18,5.9,219.19
2022,4,28,13,2.45,3.37,4.46,289.83,381.4,40.29,1.37,6.98,18.94,-0.92,9.01,4.94,26.25,0.02,72.59,4.53,220.25,5.69,220.27
2022,4,28,14,2.13,2.87,3.99,250.2,323.6,33.67,1.02,5.2,18.39,-0.48,8.95,5.13,28.06,0.13,72.55,4.17,221.81,5.22,221.85
2022,4,28,15,1.64,2.22,3.28,191.67,249.23,25.33,0.64,3.27,17.64,-0.34,8.65,5.19,29.75,0.11,72.51,3.77,222.56,4.72,222.65
2022,4,28,16,1.19,1.4,2.39,132.88,154.1,16.85,0.29,1.42,16.58,-0.34,8.12,5.19,31.81,0.12,72.51,3.28,222.39,4.13,222.47
2022,4,28,17,0.55,0.61,1.38,60.4,66,7.66,0.06,0.3,14.94,0.04,7.49,5.31,36.38,0.25,72.53,2.48,222.19,3.21,222.43
2022,4,28,18,0.09,0.09,0.33,8.38,9.38,1.09,0,0.02,12.4,2.21,7.3,6.35,51.06,0.14,72.57,1.12,218.22,1.71,218.5
2022,4,28,19,0,0,0,0,0,0,0,0,11.69,1.08,6.39,5.8,48.81,0.12,72.62,0.33,227.91,0.49,226.93
2022,4,28,20,0,0,0,0,0,0,0,0,10.58,1.21,5.9,5.86,53.19,0.06,72.68,0.46,12.85,0.71,13.42
2022,4,28,21,0,0,0,0,0,0,0,0,9.55,1.13,5.34,5.8,56.75,0.04,72.71,0.73,16.11,1.24,16.49
2022,4,28,22,0,0,0,0,0,0,0,0,8.94,0.78,4.86,5.68,57.62,0.03,72.71,0.84,14.55,1.44,15.09
2022,4,28,23,0,0,0,0,0,0,0,0,8.68,0.46,4.57,5.49,57.19,0.02,72.69,0.93,2.89,1.54,6.69
2022,4,29,0,0,0,0,0,0,0,0,0,8.48,0.24,4.36,5.43,56.94,0.02,72.64,1,0.45,1.62,4.14
2022,4,29,1,0,0,0,0,0,0,0,0,8.32,0.01,4.16,5.31,56.44,0.05,72.58,1.09,2.47,1.73,5.45
2022,4,29,2,0,0,0,0,0,0,0,0,8.19,-0.31,3.94,5.19,55.62,0.05,72.54,1.2,4.11,1.87,6
2022,4,29,3,0,0,0,0,0,0,0,0,8.04,-0.67,3.69,5.07,54.75,0.04,72.51,1.25,7.57,1.96,8.49
2022,4,29,4,0,0,0,0,0,0,0,0,7.88,-0.96,3.46,4.94,54.12,0.02,72.5,1.26,8.58,2.01,8.95
2022,4,29,5,0,0,0,0,0,0,0,0,7.67,-1.22,3.23,4.88,53.88,0.01,72.52,1.18,10.34,1.95,10.14
2022,4,29,6,0.4,0.4,0.88,42.88,43.17,5.51,0.02,0.1,8.69,0.07,4.37,5.37,55.69,0,72.55,1.17,8.08,1.92,8.89
2022,4,29,7,1.19,1.17,1.89,130.92,131.85,16.72,0.2,1.02,12.05,1.33,6.69,5.92,49,0,72.58,1.28,350.88,1.78,350.91
2022,4,29,8,2,2.05,2.85,229.7,235.73,31.15,0.65,3.23,14.88,-0.6,7.14,5.13,35.06,0,72.6,1.53,288.43,1.94,287.85
2022,4,29,9,2.64,2.82,3.65,312.1,328.98,44.02,1.23,6.27,17.08,-1.1,7.99,4.88,29.31,0,72.6,2.42,248.23,3.06,248.09
2022,4,29,10,2.71,3.32,4.25,325.4,385.12,46.27,1.51,7.65,18.32,-0.33,9,5.19,28.75,0,72.58,3.52,232.39,4.46,232.61
2022,4,29,11,2.74,3.71,4.6,334.85,433.27,48.59,1.72,8.92,18.86,0.68,9.76,5.62,30,0,72.56,4.39,226.8,5.6,226.98
2022,4,29,12,2.11,3.34,4.67,251.4,378.88,33.23,1.16,5.98,18.87,1.89,10.38,6.16,32.81,0,72.53,4.7,225.4,5.99,225.53
2022,4,29,13,1.6,3.15,4.46,195.58,357.42,26.2,0.89,4.45,18.39,2.98,10.69,6.65,36.56,0.03,72.48,4.59,225.14,5.83,225.22
2022,4,29,14,1.07,2.65,3.99,131.92,296.85,17.08,0.51,2.6,17.69,3.9,10.8,7.14,40.81,0.09,72.42,4.35,224.71,5.54,224.77
2022,4,29,15,0.78,1.96,3.29,94.27,216.62,11.8,0.29,1.5,16.49,4.62,10.55,7.51,46.25,0.11,72.38,3.94,222.83,5.04,222.93
2022,4,29,16,0.49,1.2,2.4,60.12,130.02,7.41,0.13,0.65,15.3,5.03,10.16,7.69,51.38,0.14,72.36,3.45,221.78,4.45,221.87
2022,4,29,17,0.41,0.52,1.39,47.08,54.95,6.29,0.05,0.27,14.01,5.36,9.69,7.87,57.12,0.08,72.36,2.74,221.42,3.61,221.58
2022,4,29,18,0.08,0.08,0.34,6.88,8.3,0.86,0,0,12.55,6.25,9.4,8.48,67.31,0.07,72.39,1.53,219.39,2.23,219.6
2022,4,29,19,0,0,0,0,0,0,0,0,11.6,6.08,8.84,8.36,70.69,0.06,72.42,0.94,218.59,1.58,219.37
2022,4,29,20,0,0,0,0,0,0,0,0,11.23,5.69,8.46,8.12,70.5,0.05,72.46,0.66,224.05,1.06,223.81
2022,4,29,21,0,0,0,0,0,0,0,0,10.77,5.55,8.15,8,71.88,0.04,72.48,0.34,254.05,0.5,253.81
2022,4,29,22,0,0,0,0,0,0,0,0,10.39,5.36,7.87,7.87,72.69,0.04,72.49,0.24,304.22,0.33,315.97
2022,4,29,23,0,0,0,0,0,0,0,0,9.76,5.17,7.46,7.81,75,0.05,72.46,0.2,357.8,0.42,10.68
2022,4,30,0,0,0,0,0,0,0,0,0,9.1,4.9,7,7.69,77.06,0.06,72.41,0.26,21.16,0.61,28.2
2022,4,30,1,0,0,0,0,0,0,0,0,8.58,4.71,6.65,7.57,78.81,0.32,72.37,0.28,34.59,0.69,37.65
2022,4,30,2,0,0,0,0,0,0,0,0,8.27,4.62,6.44,7.57,80.06,0.31,72.35,0.27,54.46,0.69,50.53
2022,4,30,3,0,0,0,0,0,0,0,0,8.15,4.45,6.3,7.51,79.88,0.29,72.35,0.32,90,0.71,74.58
2022,4,30,4,0,0,0,0,0,0,0,0,8.04,4.22,6.12,7.39,79.19,0.03,72.37,0.45,109.38,0.82,94.95
2022,4,30,5,0,0,0,0,0,0,0,0,7.9,3.9,5.9,7.2,78.12,0.02,72.41,0.54,112.11,0.92,100.74
2022,4,30,6,0.24,0.33,0.89,26.48,35.38,3.38,0.02,0.08,8.39,4.33,6.36,7.45,78.5,0.02,72.47,0.49,121.91,0.9,101.5
2022,4,30,7,0.57,0.97,1.9,64.52,107.05,8.16,0.1,0.52,10.66,4.08,7.37,7.32,66.25,0.02,72.53,0.68,141.95,0.9,134.65
2022,4,30,8,0.92,1.82,2.86,116.42,205.85,15.69,0.34,1.7,12.67,2.4,7.54,6.41,50.81,0.02,72.57,1.18,191.46,1.44,190.64
2022,4,30,9,1.27,2.57,3.66,165.77,295.12,23.09,0.66,3.45,14.57,1.69,8.13,6.04,42.38,0.03,72.58,2.06,211.34,2.51,211.36
2022,4,30,10,1.65,3.14,4.26,211.4,363.17,30.92,1.05,5.25,16.17,1.65,8.91,6.04,38.06,0.05,72.56,3.01,214.23,3.71,214.36
2022,4,30,11,1.76,3.47,4.6,230.05,401.23,32.26,1.13,5.65,17.24,1.87,9.55,6.1,36.06,0.11,72.51,3.89,214.78,4.88,214.76
2022,4,30,12,1.49,3.42,4.67,195.77,392.8,27.8,0.98,4.92,17.59,2.28,9.94,6.29,36.31,0.24,72.45,4.51,215.07,5.73,215.01
2022,4,30,13,1.23,3.15,4.47,159.75,356.42,21.88,0.73,3.6,17.39,2.77,10.08,6.53,38.06,0.48,72.4,4.74,215.68,6.06,215.61
2022,4,30,14,0.85,2.63,3.99,123.23,293.65,16.88,0.51,2.58,16.57,3.3,9.94,6.77,41.75,0.9,72.34,4.62,216.68,5.93,216.54
2022,4,30,15,0.81,1.93,3.29,105.5,210.58,14.81,0.38,1.92,15.34,3.91,9.62,7.14,47.25,0.98,72.31,4.09,217.4,5.28,217.18
2022,4,30,16,0.38,1.19,2.4,53.25,127.38,6.2,0.1,0.5,13.88,4.51,9.19,7.45,54.38,0.7,72.3,3.31,217.52,4.28,217.29
2022,4,30,17,0.44,0.52,1.39,50.75,56,6.65,0.05,0.27,12.56,5.12,8.84,7.81,62.31,0.38,72.32,2.41,218.69,3.17,218.09
2022,4,30,18,0.08,0.08,0.35,7.58,8.48,0.95,0,0.02,11.09,6.39,8.74,8.73,76.19,0.14,72.35,1.3,222.57,1.89,221.14
2022,4,30,19,0,0,0,0,0,0,0,0,10.06,6.1,8.08,8.48,79.69,0.07,72.41,0.86,228.67,1.27,229.25
2022,4,30,20,0,0,0,0,0,0,0,0,9.87,5.61,7.73,8.18,77.62,0.04,72.47,0.62,248.6,0.88,252.37
2022,4,30,21,0,0,0,0,0,0,0,0,9.37,5.57,7.47,8.12,80.12,0.02,72.51,0.5,279.02,0.75,283.89
2022,4,30,22,0,0,0,0,0,0,0,0,8.95,5.44,7.2,8.06,81.69,0.01,72.5,0.39,329.83,0.71,332.59
2022,4,30,23,0,0,0,0,0,0,0,0,8.62,5.23,6.92,7.93,82.5,0,72.47,0.45,4.01,0.84,4.81
2022,5,1,0,0,0,0,0,0,0,0,0,8.38,4.87,6.62,7.81,81.94,0,72.42,0.46,16.61,0.89,16.84
2022,5,1,1,0,0,0,0,0,0,0,0,8.25,4.55,6.4,7.63,80.94,0,72.38,0.44,20.67,0.85,20.92
2022,5,1,2,0,0,0,0,0,0,0,0,8.12,4.29,6.21,7.51,80.25,0,72.35,0.43,17.78,0.82,17.74
2022,5,1,3,0,0,0,0,0,0,0,0,8,4.15,6.07,7.39,79.94,0,72.33,0.47,16.34,0.87,16.65
2022,5,1,4,0,0,0,0,0,0,0,0,7.87,3.75,5.81,7.2,78.62,0,72.34,0.47,6.65,0.86,9.89
2022,5,1,5,0.02,0.01,0.05,0.9,1,0.13,0,0,7.76,3.41,5.59,7.08,77.44,0,72.35,0.5,7.13,0.88,8.71
2022,5,1,6,0.25,0.29,0.86,27.15,30.25,3.44,0.02,0.08,8.73,3.62,6.18,7.32,75.12,0,72.37,0.43,25.64,0.82,19.98
2022,5,1,7,0.8,0.94,1.91,85.48,99.4,10.93,0.14,0.67,11.34,3.06,7.2,7.14,61.44,0,72.4,0.18,344.74,0.28,345.58
2022,5,1,8,1.33,1.75,2.87,148.65,190.88,19.46,0.41,2,13.58,2.07,7.83,6.47,48.44,0,72.43,1.26,225,1.54,225.21
2022,5,1,9,1.7,2.48,3.67,197.2,275.85,26.73,0.73,3.85,15.57,2,8.78,6.35,41.62,0,72.44,2.77,218.81,3.44,219.11
2022,5,1,10,2.31,3.12,4.26,274.08,355.85,37.66,1.22,6.12,16.83,2.8,9.81,6.65,40.12,0,72.43,3.99,217.12,5.02,217.28
2022,5,1,11,1.97,3.53,4.61,249.52,408.2,35.29,1.23,6.23,17.37,3.62,10.49,7.02,40.88,0.01,72.41,4.77,217.21,6.05,217.39
2022,5,1,12,1.51,3.53,4.68,207.6,409.2,29.84,1.08,5.48,17.42,4.17,10.8,7.26,42.31,0.01,72.38,5.13,217.45,6.53,217.46
2022,5,1,13,1.4,3.35,4.47,185.25,386.77,26.34,0.91,4.55,17.06,4.44,10.76,7.45,44.19,0.02,72.33,5.35,217.22,6.85,217.26
2022,5,1,14,1.02,2.88,4,141.3,331.9,19.61,0.61,3.1,16.19,4.76,10.48,7.63,47.81,0.03,72.28,5.22,217.45,6.71,217.52
2022,5,1,15,0.61,2.19,3.3,85.62,249.42,11.87,0.3,1.58,14.94,5.15,10.05,7.81,53.31,0.04,72.25,4.72,216.45,6.08,216.59
2022,5,1,16,0.42,1.37,2.41,57.55,152.9,7.8,0.14,0.7,13.6,5.44,9.52,8.06,59.56,0.06,72.23,3.99,213.5,5.15,213.69
2022,5,1,17,0.34,0.6,1.4,38.65,64.75,5.53,0.05,0.25,12.41,5.72,9.06,8.18,65.75,0.05,72.23,3.33,207.95,4.37,208.08
2022,5,1,18,0.09,0.09,0.36,8.25,9.8,1.13,0,0.02,11.3,6.21,8.75,8.48,73.38,0.33,72.28,2.58,204.09,3.52,204.12
2022,5,1,19,0,0,0,0,0,0,0,0,10.6,6.79,8.69,8.85,80,0.23,72.34,1.97,202.6,2.84,201.98
2022,5,1,20,0,0,0,0,0,0,0,0,10.1,7,8.55,8.97,83.81,0.1,72.38,1.7,198.77,2.6,198
2022,5,1,21,0,0,0,0,0,0,0,0,9.43,6.91,8.17,8.91,87.06,0.05,72.41,1.64,193.18,2.55,191.14
2022,5,1,22,0,0,0,0,0,0,0,0,9.18,6.87,8.03,8.85,88.25,0.02,72.4,1.53,189.7,2.33,185.39
2022,5,1,23,0,0,0,0,0,0,0,0,8.98,6.89,7.94,8.91,89.69,0.01,72.36,1.37,191.5,2.09,183.86
2022,5,2,0,0,0,0,0,0,0,0,0,8.87,6.84,7.86,8.85,90.06,0.01,72.31,1.26,194.38,1.87,185.76
2022,5,2,1,0,0,0,0,0,0,0,0,8.62,6.67,7.65,8.79,90.5,0.01,72.28,1.15,198.56,1.7,189.76
2022,5,2,2,0,0,0,0,0,0,0,0,8.31,6.51,7.41,8.67,91.44,0.03,72.26,1.07,203.58,1.62,196.78
2022,5,2,3,0,0,0,0,0,0,0,0,8.05,6.37,7.21,8.61,92.19,0.08,72.26,0.95,207.82,1.42,203.32
2022,5,2,4,0,0,0,0,0,0,0,0,7.86,6.23,7.05,8.54,92.62,0.18,72.28,0.9,211.9,1.3,208.72
2022,5,2,5,0.02,0.01,0.05,0.75,0.92,0.11,0,0,7.6,6.02,6.81,8.42,93.5,0.2,72.32,0.77,213.37,1.05,209.8
2022,5,2,6,0.25,0.26,0.87,25.23,28.02,3.34,0.02,0.08,8.29,6.4,7.34,8.73,92.12,0.22,72.37,0.85,212.23,1.06,208.07
2022,5,2,7,0.7,0.86,1.92,73.15,89.52,9.55,0.12,0.58,9.87,6.58,8.23,8.85,83.88,0.12,72.41,1.45,208.64,1.79,208.13
2022,5,2,8,1.07,1.56,2.87,119.52,165.35,15.52,0.31,1.55,11.65,6.09,8.87,8.48,71.94,0.07,72.44,1.93,213.31,2.35,213.22
2022,5,2,9,1.27,2.26,3.68,151.27,244.88,19.97,0.53,2.75,13.39,5.37,9.38,8,60.5,0.16,72.46,2.64,210.06,3.22,210.11
2022,5,2,10,1.7,2.9,4.27,201.15,323.27,27.02,0.84,4.23,14.51,5.23,9.87,7.93,55.56,0.47,72.44,3.36,206.39,4.15,206.28
2022,5,2,11,2.4,3.26,4.61,284.1,366.1,39.33,1.35,6.77,15.01,5.52,10.26,8.12,54.94,1.07,72.4,3.88,204.4,4.84,204.41
2022,5,2,12,2.28,3.74,4.68,295.65,443.25,44.27,1.59,8.15,14.77,6.05,10.4,8.42,58,1.66,72.34,4.16,203.48,5.21,203.49
2022,5,2,13,1.63,3.58,4.47,218.05,423.15,33.3,1.16,5.75,14.02,6.66,10.34,8.79,63.69,1.94,72.29,4.18,203.69,5.29,203.69
2022,5,2,14,1.29,3.1,4,172.42,364.83,26.48,0.83,4.2,13,7.07,10.03,9.09,70,2.17,72.23,3.93,203.92,5,203.8
2022,5,2,15,0.93,2.42,3.3,121.2,282.88,18.3,0.47,2.4,12.19,7.26,9.73,9.22,75,1.91,72.18,3.55,201.71,4.54,201.53
2022,5,2,16,0.52,1.61,2.42,66.8,184.15,10.17,0.19,0.92,11.49,7.33,9.4,9.28,79,1.46,72.17,3.08,198.34,3.96,198.15
2022,5,2,17,0.31,0.78,1.41,38.85,86.85,5.87,0.05,0.25,10.66,7.51,9.08,9.4,84.75,0.96,72.21,2.49,196.79,3.24,196.38
2022,5,2,18,0.1,0.13,0.36,9.9,13.85,1.47,0.01,0.02,9.57,8.01,8.8,9.83,95.12,0.38,72.26,1.3,197.89,1.83,197.66
2022,5,2,19,0,0,0,0,0,0,0,0,8.8,8.05,8.42,9.89,100,0.23,72.31,0.55,205.11,0.78,199.34
2022,5,2,20,0,0,0,0,0,0,0,0,8.91,8.01,8.46,9.83,99.38,0.18,72.34,0.07,324.46,0.14,13.24
2022,5,2,21,0,0,0,0,0,0,0,0,8.93,7.8,8.37,9.64,97.62,0.16,72.35,0.17,335.77,0.28,338.5
2022,5,2,22,0,0,0,0,0,0,0,0,8.73,7.56,8.15,9.52,97.44,0.16,72.35,0.27,301.83,0.41,299.48
2022,5,2,23,0,0,0,0,0,0,0,0,8.54,7.46,8,9.4,97.94,0.15,72.35,0.23,306.87,0.34,304.78
2022,5,3,0,0,0,0,0,0,0,0,0,8.43,7.31,7.87,9.34,97.81,0.11,72.33,0.28,292.99,0.37,294.94
2022,5,3,1,0,0,0,0,0,0,0,0,8.26,7.15,7.7,9.22,97.81,0.07,72.3,0.33,302.57,0.45,305.07
2022,5,3,2,0,0,0,0,0,0,0,0,8.01,6.99,7.51,9.16,98.56,0.05,72.27,0.39,313.36,0.54,315.59
2022,5,3,3,0,0,0,0,0,0,0,0,7.87,6.8,7.33,9.03,98.44,0.02,72.27,0.4,331.93,0.58,333.78
2022,5,3,4,0,0,0,0,0,0,0,0,7.65,6.48,7.06,8.91,98,0.01,72.28,0.48,341.86,0.73,343.12
2022,5,3,5,0.02,0.01,0.06,1.12,1.2,0.17,0,0,7.39,5.99,6.69,8.61,96.75,0.01,72.31,0.61,349.7,0.96,350.15
2022,5,3,6,0.36,0.35,0.89,34.9,35,4.59,0.02,0.08,8.5,5.94,7.22,8.67,90.38,0.01,72.37,0.76,352.95,1.12,352.78
2022,5,3,7,1.12,1.11,1.93,112.98,114.25,14.2,0.17,0.85,10.97,5.21,8.08,8.36,73.75,0.05,72.43,0.8,304.31,1.01,304.55
2022,5,3,8,1.75,1.74,2.88,176.4,180.1,22.16,0.43,2.1,13.21,4.08,8.65,7.87,60,0.1,72.46,1.44,248.43,1.82,248.06
2022,5,3,9,2.66,2.73,3.68,295.27,300.9,39.88,1.05,5.3,15.09,3.82,9.46,7.69,52.06,0.08,72.47,2.31,234.21,2.93,233.89
2022,5,3,10,3.08,3.26,4.27,347.3,361.52,47.09,1.47,7.5,16.33,4.01,10.17,7.87,49.25,0.05,72.46,3.03,230.65,3.84,230.19
2022,5,3,11,2.98,3.53,4.61,352.05,400.62,48.56,1.61,8.35,17.02,4.95,10.99,8.3,49.69,0.05,72.43,3.6,228.08,4.59,227.83
2022,5,3,12,3.35,3.81,4.68,410.02,443.9,59.63,2.07,10.88,17.15,5.76,11.46,8.73,51.56,0.06,72.39,3.93,226.05,5.01,226.01
2022,5,3,13,2.59,3.51,4.48,312.12,402.15,44.73,1.48,7.52,16.89,6.32,11.61,9.03,54.06,0.11,72.33,4.12,224.31,5.25,224.28
2022,5,3,14,2.17,2.97,4.01,255.95,337.02,35.91,1.06,5.4,16.45,6.89,11.67,9.34,57.5,0.23,72.29,4.12,224.08,5.25,224.1
2022,5,3,15,1.8,2.33,3.3,213.73,262.75,29.55,0.73,3.7,15.76,7.4,11.58,9.58,61.94,0.4,72.26,3.87,225.41,4.93,225.45
2022,5,3,16,1.15,1.55,2.42,133.48,172.85,18.63,0.33,1.6,14.72,7.87,11.3,9.83,67.88,0.47,72.25,3.59,225.79,4.6,225.83
2022,5,3,17,0.6,0.75,1.42,66.6,80.9,8.98,0.08,0.38,13.01,8.7,10.86,10.25,79.06,0.45,72.27,2.98,226.7,3.87,226.64
2022,5,3,18,0.11,0.12,0.37,10.33,12.98,1.49,0.01,0.02,11.27,9.4,10.33,10.68,92.25,0.38,72.32,1.79,228.53,2.4,228.43
2022,5,3,19,0,0,0,0,0,0,0,0,10.44,9.69,10.06,10.93,99.56,0.28,72.36,1.01,226.57,1.47,226.72
2022,5,3,20,0,0,0,0,0,0,0,0,10.29,9.8,10.04,10.99,100,0.18,72.41,0.7,221.37,1.08,223.53
2022,5,3,21,0,0,0,0,0,0,0,0,10.07,9.76,9.91,10.99,100,0.1,72.44,0.5,228.81,0.89,230.71
2022,5,3,22,0,0,0,0,0,0,0,0,9.8,9.59,9.7,10.86,100,0.06,72.45,0.46,243.87,0.86,245.3
2022,5,3,23,0,0,0,0,0,0,0,0,9.67,9.4,9.53,10.8,100,0.03,72.44,0.39,264.29,0.74,266.99
2022,5,4,0,0,0,0,0,0,0,0,0,9.46,9.08,9.27,10.62,100,0.01,72.41,0.28,316.12,0.58,311.19
2022,5,4,1,0,0,0,0,0,0,0,0,9.32,8.63,8.98,10.38,100,0.01,72.37,0.31,346.68,0.67,344.33
2022,5,4,2,0,0,0,0,0,0,0,0,9.3,8.15,8.73,10.13,99.69,0,72.34,0.35,350.96,0.71,349.81
2022,5,4,3,0,0,0,0,0,0,0,0,9.23,7.54,8.39,9.77,96.75,0,72.34,0.41,349.11,0.75,347.99
2022,5,4,4,0,0,0,0,0,0,0,0,9.01,6.95,7.98,9.4,94.62,0,72.35,0.48,350.69,0.84,349.32
2022,5,4,5,0.02,0.02,0.06,1.4,1.6,0.22,0,0,8.77,6.37,7.58,9.03,92.69,0,72.37,0.58,358.45,1.01,356.89
2022,5,4,6,0.41,0.41,0.9,42.15,42.62,5.56,0.02,0.12,9.8,6.04,7.91,9.03,86.19,0,72.41,0.69,1.3,1.09,359.59
2022,5,4,7,1.15,1.2,1.94,125.75,130.88,16.3,0.21,1.05,12.11,5.45,8.78,8.79,72.19,0,72.45,0.6,334.76,0.76,333.7
2022,5,4,8,1.82,2,2.89,204.92,223.38,27.43,0.57,2.83,14.4,4.61,9.51,8.48,60.06,0.01,72.48,0.85,229.11,1.05,229.54
2022,5,4,9,2.36,2.72,3.69,274.67,309.45,37.71,1.03,5.23,16.15,4.55,10.35,8.36,52.94,0.01,72.51,2.17,215.47,2.7,216.17
2022,5,4,10,2.33,3.22,4.28,278.73,366.52,38.74,1.24,6.27,17.1,5.65,11.37,8.79,52.44,0.01,72.53,3.32,216.01,4.19,216.36
2022,5,4,11,2.48,3.56,4.62,301.92,408.98,42.27,1.45,7.52,17.18,6.62,11.9,9.34,55.12,0.01,72.52,3.95,216.96,4.99,217.17
2022,5,4,12,2.46,3.82,4.69,314.15,447.73,46.95,1.7,8.8,16.98,7.39,12.19,9.7,57.94,0.02,72.49,4.27,218.09,5.41,218.31
2022,5,4,13,1.96,3.58,4.48,247.67,416.45,36.71,1.27,6.4,16.62,8.05,12.33,9.95,60.94,0.05,72.44,4.43,220.21,5.64,220.28
2022,5,4,14,1.89,3.11,4.01,235.25,362.62,34.64,1.09,5.58,15.94,8.73,12.33,10.31,65.88,0.08,72.38,4.4,222.12,5.62,222.24
2022,5,4,15,1.31,2.42,3.31,164.62,279.88,23.83,0.62,3.15,14.7,9.21,11.95,10.62,73.19,0.1,72.34,3.9,222.73,5,222.79
2022,5,4,16,0.76,1.56,2.43,89.23,175.2,12.34,0.23,1.1,13.68,9.44,11.56,10.74,79.25,0.09,72.32,3.24,223.44,4.15,223.7
2022,5,4,17,0.53,0.79,1.42,58.83,86.95,8.1,0.07,0.35,12.76,9.44,11.1,10.74,84.19,0.07,72.32,2.62,222.58,3.39,222.85
2022,5,4,18,0.1,0.13,0.38,10.48,13.7,1.55,0.01,0.02,11.4,9.58,10.49,10.8,92.69,0.41,72.36,1.69,220.69,2.29,220.16
2022,5,4,19,0,0,0,0,0,0,0,0,10.32,9.61,9.96,10.86,100,0.38,72.41,0.85,223.13,1.24,219.39
2022,5,4,20,0,0,0,0,0,0,0,0,10.03,9.68,9.85,10.93,100,0.27,72.47,0.69,225,1.08,220.6
2022,5,4,21,0,0,0,0,0,0,0,0,10.01,9.59,9.8,10.86,100,0.15,72.51,0.57,244.13,0.9,240.99
2022,5,4,22,0,0,0,0,0,0,0,0,9.82,9.38,9.6,10.74,100,0.11,72.5,0.4,263.29,0.69,258.31
2022,5,4,23,0,0,0,0,0,0,0,0,9.6,9.12,9.36,10.56,100,0.11,72.48,0.36,281.31,0.64,273.49
2022,5,5,0,0,0,0,0,0,0,0,0,9.44,8.83,9.13,10.31,100,0.16,72.45,0.31,274.29,0.59,267.74
2022,5,5,1,0,0,0,0,0,0,0,0,9.08,8.52,8.8,10.13,100,0.23,72.41,0.3,257.8,0.62,261.36
2022,5,5,2,0,0,0,0,0,0,0,0,8.74,8.38,8.56,10.01,100,0.22,72.37,0.28,263.66,0.59,266.99
2022,5,5,3,0,0,0,0,0,0,0,0,8.58,8.29,8.43,9.95,100,0.15,72.35,0.25,271.79,0.47,273.81
2022,5,5,4,0,0,0,0,0,0,0,0,8.44,8.15,8.3,9.89,100,0.16,72.35,0.16,275.71,0.31,274.29
2022,5,5,5,0.02,0.02,0.07,1.4,1.5,0.21,0,0,8.32,8.04,8.18,9.83,100,0.25,72.37,0.05,279.46,0.11,254.05
2022,5,5,6,0.14,0.36,0.91,16.23,37.48,2.31,0.01,0.05,9.19,8.1,8.65,9.89,98.19,0.39,72.4,0.22,177.95,0.27,180
2022,5,5,7,0.64,1.04,1.95,74.2,109.83,9.98,0.14,0.67,10.66,8.05,9.36,9.83,88.5,0.38,72.44,1,207.36,1.24,206.89
2022,5,5,8,1.16,1.83,2.9,135.75,200.73,18.38,0.41,2.05,12,7.99,9.99,9.83,80.94,0.48,72.48,2.15,205.91,2.66,205.81
2022,5,5,9,1.68,2.55,3.69,202.05,286.7,27.62,0.78,4.05,13.44,8.07,10.76,9.83,73.88,0.3,72.5,2.95,206.57,3.67,206.57
2022,5,5,10,2.04,3.1,4.28,244.55,353.17,34.49,1.13,5.7,14.53,8.3,11.41,9.89,69.19,0.27,72.49,3.56,207.3,4.44,207.47
2022,5,5,11,2.6,3.5,4.62,314.27,403.9,44.7,1.59,8.08,15.13,8.69,11.91,10.07,67.75,0.4,72.45,3.99,207.17,4.99,207.13
2022,5,5,12,2.65,4.01,4.69,347.83,479.2,54.59,2.09,10.85,15.39,9.02,12.21,10.25,67.88,0.68,72.39,4.29,208.76,5.38,208.8
2022,5,5,13,2.4,3.79,4.48,306.6,450.45,48.16,1.76,8.85,15.44,9.17,12.3,10.38,68.44,0.94,72.33,4.47,211.77,5.63,211.73
2022,5,5,14,1.96,3.3,4.01,250.08,391.3,38.16,1.25,6.38,15.07,9.16,12.12,10.38,70.06,1.15,72.27,4.51,214.71,5.73,214.67
2022,5,5,15,1.4,2.62,3.31,177.6,309.9,26.85,0.72,3.65,14.26,9.16,11.71,10.44,74.06,1.09,72.24,4.21,216.17,5.37,216.12
2022,5,5,16,0.83,1.75,2.43,100.88,203.1,14.96,0.28,1.4,13.4,9.21,11.3,10.5,78.88,0.75,72.22,3.71,217.74,4.74,217.7
2022,5,5,17,0.47,0.89,1.43,54.67,101.1,7.73,0.07,0.35,12.33,9.23,10.78,10.56,85.06,0.49,72.23,3.05,218.13,3.91,218.11
2022,5,5,18,0.12,0.14,0.39,12.25,15.52,1.82,0.01,0.02,10.89,9.38,10.14,10.68,94.75,0.33,72.27,2.06,214.65,2.71,214.56
2022,5,5,19,0,0,0,0,0,0,0,0,9.94,9.61,9.77,10.86,100,0.38,72.33,1.1,202.03,1.61,202.47
2022,5,5,20,0,0,0,0,0,0,0,0,9.66,9.65,9.65,10.86,100,0.36,72.38,0.84,199.11,1.41,200.04
2022,5,5,21,0,0,0,0,0,0,0,0,9.41,9.51,9.47,10.8,100,0.37,72.42,0.75,201.47,1.38,200.48
2022,5,5,22,0,0,0,0,0,0,0,0,9.25,9.28,9.26,10.62,100,0.41,72.43,0.7,199.44,1.27,198.66
2022,5,5,23,0,0,0,0,0,0,0,0,9.17,9.23,9.2,10.56,100,0.48,72.42,0.63,192.84,1.14,191.85
2022,5,6,0,0,0,0,0,0,0,0,0,9.01,9.14,9.08,10.5,100,0.45,72.4,0.66,193.05,1.22,190.66
2022,5,6,1,0,0,0,0,0,0,0,0,8.94,9.06,9,10.44,100,0.44,72.37,0.71,192.05,1.32,189.18
2022,5,6,2,0,0,0,0,0,0,0,0,8.92,9.02,8.97,10.38,100,0.38,72.34,0.79,192.53,1.43,190.08
2022,5,6,3,0,0,0,0,0,0,0,0,8.73,8.89,8.8,10.31,100,0.31,72.33,0.84,190.16,1.51,188.34
2022,5,6,4,0,0,0,0,0,0,0,0,8.41,8.68,8.55,10.13,100,0.21,72.34,0.83,189.73,1.53,188.21
2022,5,6,5,0.03,0.02,0.07,1.77,1.88,0.27,0,0,8.16,8.42,8.29,9.95,100,0.15,72.37,0.79,188.53,1.45,186.51
2022,5,6,6,0.18,0.41,0.92,21.4,45.05,3.2,0.02,0.08,9.08,8.44,8.76,9.95,99.69,0.03,72.41,1.11,178.39,1.52,178.82
2022,5,6,7,0.51,1.21,1.96,62.67,136.35,9.32,0.14,0.67,10.4,7.9,9.15,9.58,87.88,0.02,72.45,1,166.4,1.27,167.93
2022,5,6,8,0.86,2.05,2.91,107.77,235.65,16.09,0.38,1.88,12.36,7.33,9.84,9.22,74.19,0.01,72.49,1.66,178.11,2.06,178.91
2022,5,6,9,1.18,2.82,3.7,154.9,327.73,23.52,0.7,3.67,14.12,6.87,10.5,8.85,63.81,0.02,72.51,2.76,190.61,3.4,190.85
2022,5,6,10,1.54,3.36,4.29,195.48,391.1,30.11,1.04,5.2,15.01,6.9,10.96,8.85,60.31,0.06,72.52,3.39,196.89,4.2,196.99
2022,5,6,11,2.09,3.66,4.62,270.38,428.02,39.92,1.45,7.35,15.6,7.12,11.36,9.03,58.88,0.1,72.5,3.76,200.17,4.68,200.22
2022,5,6,12,2.18,3.87,4.69,284.3,460.02,44.16,1.64,8.45,15.56,7.43,11.5,9.22,60.25,0.15,72.46,3.97,202.22,4.95,202.15
2022,5,6,13,1.95,3.62,4.48,251.73,427.9,38.12,1.35,6.85,15.23,7.85,11.54,9.46,63.38,0.23,72.42,3.97,203.54,4.97,203.54
2022,5,6,14,1.75,3.15,4.02,220.65,370.85,32.88,1.05,5.35,14.73,8.01,11.37,9.58,66.31,0.32,72.37,3.86,205.16,4.84,205.03
2022,5,6,15,1.3,2.47,3.32,160.38,288.33,23.76,0.63,3.23,14.32,7.94,11.13,9.58,67.75,0.37,72.33,3.78,205.82,4.76,205.77
2022,5,6,16,0.8,1.66,2.44,95.12,191.42,13.51,0.25,1.25,13.51,7.84,10.67,9.52,71.06,0.35,72.31,3.52,205.82,4.46,205.76
2022,5,6,17,0.43,0.83,1.44,49.27,94.12,6.97,0.06,0.33,12.35,7.83,10.09,9.52,76.62,0.3,72.31,2.85,204.95,3.63,204.8
2022,5,6,18,0.11,0.14,0.4,11.77,15.08,1.7,0.01,0.02,10.89,8.04,9.47,9.64,85.69,0.14,72.33,1.79,202.87,2.37,202.5
2022,5,6,19,0,0,0,0,0,0,0,0,9.65,8.37,9.01,9.89,95.5,0.14,72.36,0.85,198.27,1.32,196.18
2022,5,6,20,0,0,0,0,0,0,0,0,9.16,8.44,8.8,9.95,99.31,0.12,72.41,0.5,188,0.86,187.32
2022,5,6,21,0,0,0,0,0,0,0,0,8.74,8.34,8.55,9.89,100,0.1,72.45,0.26,171.38,0.46,171.18
2022,5,6,22,0,0,0,0,0,0,0,0,8.51,8.16,8.33,9.77,100,0.09,72.47,0.24,166.87,0.36,155.66
2022,5,6,23,0,0,0,0,0,0,0,0,8.21,7.87,8.04,9.58,100,0.08,72.47,0.21,151.56,0.33,138.81
2022,5,7,0,0,0,0,0,0,0,0,0,7.76,7.42,7.59,9.28,100,0.07,72.46,0.16,143.13,0.24,105.42
2022,5,7,1,0,0,0,0,0,0,0,0,7.3,6.83,7.07,8.91,100,0.08,72.44,0.12,97.59,0.27,71.57
2022,5,7,2,0,0,0,0,0,0,0,0,7.24,6.33,6.79,8.61,98.06,0.08,72.42,0.11,77.91,0.28,65.56
2022,5,7,3,0,0,0,0,0,0,0,0,7.32,6.05,6.69,8.48,95.62,0.08,72.41,0.02,180,0.12,42.27
2022,5,7,4,0,0,0,0,0,0,0,0,7.21,5.75,6.48,8.3,94.38,0.07,72.42,0.07,290.56,0.19,352.87
2022,5,7,5,0.03,0.02,0.08,1.92,2.38,0.3,0,0,7.22,5.47,6.34,8.12,92.5,0.05,72.44,0.1,321.34,0.3,355.49
2022,5,7,6,0.27,0.52,0.93,30.35,58.77,4.28,0.02,0.1,8.65,5.91,7.29,8.42,86.94,0,72.49,0.24,253.3,0.24,283.13
2022,5,7,7,0.93,1.4,1.97,114.05,164.4,16.48,0.25,1.23,10.73,6.26,8.5,8.61,77.38,0,72.53,0.59,230.39,0.72,230.27
2022,5,7,8,1.31,2.27,2.91,165.1,268.9,24.94,0.6,3.02,12.62,6.44,9.53,8.67,68.88,0,72.56,1.85,216.92,2.27,216.87
2022,5,7,9,1.77,2.98,3.71,226.48,353.33,34.1,1.04,5.42,14.27,6.52,10.4,8.73,62.06,0,72.57,2.99,216.06,3.69,216.21
2022,5,7,10,2.2,3.53,4.29,282.1,418.85,42.74,1.5,7.52,15.22,6.93,11.07,8.91,59.81,0,72.57,3.69,216.92,4.6,216.93
2022,5,7,11,2.72,3.86,4.63,342.1,459.48,51.84,1.95,9.95,15.62,7.43,11.52,9.22,60.06,0,72.53,4.18,217.56,5.25,217.69
2022,5,7,12,2.52,3.89,4.69,327.92,462.7,49.86,1.88,9.8,15.73,7.87,11.8,9.46,61.38,0,72.48,4.49,218.01,5.67,218.12
2022,5,7,13,2.09,3.66,4.49,273.3,438.73,41.45,1.49,7.6,15.74,8.15,11.95,9.64,62.44,0,72.42,4.68,217.75,5.94,217.84
2022,5,7,14,1.64,3.16,4.02,216.38,383.12,32.65,1.05,5.3,15.58,8.28,11.93,9.7,63.5,0,72.37,4.75,217.59,6.05,217.65
2022,5,7,15,1.32,2.52,3.32,168.6,303.48,24.58,0.64,3.25,15.13,8.26,11.69,9.7,65.31,0,72.33,4.58,217.65,5.84,217.61
2022,5,7,16,0.92,1.73,2.45,111.88,206.25,15.42,0.28,1.38,14.42,8.22,11.32,9.7,68.31,0,72.31,4.15,217.82,5.31,217.76
2022,5,7,17,0.5,0.87,1.45,57.12,101.27,7.31,0.06,0.33,13.2,8.31,10.76,9.77,74.44,0,72.3,3.46,216.27,4.47,216.25
2022,5,7,18,0.15,0.15,0.4,15.38,17.15,2.1,0.01,0.02,11.76,8.62,10.19,9.95,83.56,0.02,72.33,2.4,210.07,3.21,209.94
2022,5,7,19,0,0,0,0,0,0,0,0,10.62,8.9,9.76,10.19,92.19,0.01,72.36,1.32,197.58,1.95,198
2022,5,7,20,0,0,0,0,0,0,0,0,10.13,8.99,9.56,10.25,96,0.01,72.4,1.03,190.03,1.61,191.47
2022,5,7,21,0,0,0,0,0,0,0,0,9.71,8.98,9.34,10.25,98.81,0.01,72.43,0.75,185.41,1.29,186.95
2022,5,7,22,0,0,0,0,0,0,0,0,9.43,8.89,9.16,10.25,100,0.01,72.43,0.62,182.9,1.14,182.35
2022,5,7,23,0,0,0,0,0,0,0,0,9.09,8.72,8.9,10.13,100,0.01,72.42,0.59,177.71,1.13,174.84
2022,5,8,0,0,0,0,0,0,0,0,0,8.74,8.5,8.62,9.95,100,0.03,72.39,0.58,173.83,1.12,169.55
2022,5,8,1,0,0,0,0,0,0,0,0,8.44,8.26,8.35,9.83,100,0.04,72.36,0.59,170.79,1.11,165.28
2022,5,8,2,0,0,0,0,0,0,0,0,8.26,8.06,8.15,9.7,100,0.08,72.34,0.58,169.9,1.06,162.5
2022,5,8,3,0,0,0,0,0,0,0,0,8.07,7.85,7.96,9.58,100,0.09,72.33,0.56,166.35,1,158.45
2022,5,8,4,0,0,0,0,0,0,0,0,7.9,7.66,7.79,9.52,100,0.12,72.35,0.51,162.12,0.91,151.67
2022,5,8,5,0.03,0.02,0.08,1.85,2.05,0.28,0,0,7.72,7.48,7.6,9.4,100,0.13,72.38,0.43,151.56,0.76,139.14
2022,5,8,6,0.31,0.4,0.94,34.58,42.2,4.86,0.02,0.12,8.88,7.71,8.3,9.52,96.62,0.18,72.43,0.63,145.53,0.86,143.13
2022,5,8,7,0.78,1.15,1.98,92.1,125.23,12.91,0.2,0.95,10.62,7.98,9.3,9.7,87.81,0.16,72.47,1.26,174.64,1.57,175.73
2022,5,8,8,1.31,2.03,2.92,160.4,229.33,22.95,0.54,2.75,12.68,7.62,10.15,9.46,74.56,0.13,72.51,1.79,184,2.19,184.49
2022,5,8,9,1.88,2.84,3.71,234.58,328.48,34.34,1.04,5.52,14.51,7.38,10.95,9.22,64.75,0.1,72.52,2.6,195.66,3.18,195.67
2022,5,8,10,2.25,3.43,4.29,280.6,400.92,41.78,1.45,7.3,15.82,7.71,11.76,9.4,60.62,0.08,72.51,3.38,202.54,4.16,202.52
2022,5,8,11,2.35,3.74,4.63,292.75,437.27,43.66,1.6,8.25,16.51,8.08,12.3,9.64,59.31,0.09,72.48,3.84,206.2,4.76,206.23
2022,5,8,12,2.52,3.96,4.7,333.2,471.1,51.77,2,10.38,16.77,8.34,12.56,9.83,59.38,0.1,72.43,4.13,208.75,5.14,208.71
2022,5,8,13,2.42,3.77,4.49,312.95,448.38,48.78,1.82,9.05,16.62,8.62,12.62,10.01,61.06,0.11,72.39,4.28,210.87,5.34,210.88
2022,5,8,14,1.95,3.3,4.02,248,391.73,37.97,1.27,6.45,16.19,8.8,12.49,10.13,63.56,0.11,72.34,4.23,212.72,5.32,212.64
2022,5,8,15,1.46,2.66,3.33,186.55,317.1,29.23,0.82,4.23,15.58,8.87,12.23,10.19,66.62,0.1,72.29,4.08,213.69,5.14,213.67
2022,5,8,16,0.85,1.85,2.45,106.85,218.7,16.3,0.33,1.6,14.76,8.89,11.83,10.25,70.5,0.09,72.27,3.81,214.15,4.84,214.2
2022,5,8,17,0.42,0.97,1.45,49.55,111.88,7.06,0.07,0.35,13.59,8.83,11.22,10.25,75.88,0.07,72.26,3.25,214.72,4.16,214.67
2022,5,8,18,0.12,0.17,0.41,13.12,18.77,1.93,0.01,0.02,12.05,8.98,10.51,10.31,84.88,0.04,72.29,2.21,216.1,2.94,215.8
2022,5,8,19,0,0,0,0,0,0,0,0,10.8,9.36,10.08,10.68,95.06,0.03,72.32,1.07,216.95,1.56,215.04
2022,5,8,20,0,0,0,0,0,0,0,0,10.21,9.36,9.78,10.68,99.25,0.03,72.37,0.6,210.58,1.03,214.78
2022,5,8,21,0,0,0,0,0,0,0,0,9.78,9.19,9.48,10.62,100,0.02,72.41,0.43,216.87,0.74,221.99
2022,5,8,22,0,0,0,0,0,0,0,0,9.38,8.95,9.16,10.44,100,0.02,72.43,0.29,229.4,0.48,234.25
2022,5,8,23,0,0,0,0,0,0,0,0,9.03,8.69,8.86,10.31,100,0.02,72.42,0.26,238.74,0.39,243.95
2022,5,9,0,0,0,0,0,0,0,0,0,8.87,8.54,8.7,10.19,100,0.02,72.4,0.31,233.13,0.49,236.82
2022,5,9,1,0,0,0,0,0,0,0,0,8.67,8.34,8.51,10.07,100,0.02,72.37,0.35,231.34,0.55,232.48
2022,5,9,2,0,0,0,0,0,0,0,0,8.29,8.07,8.18,9.89,100,0.01,72.35,0.29,239.3,0.45,237.14
2022,5,9,3,0,0,0,0,0,0,0,0,8.12,7.82,7.97,9.7,100,0.01,72.35,0.2,270,0.27,271.68
2022,5,9,4,0,0,0,0,0,0,0,0,7.98,7.51,7.75,9.52,100,0,72.36,0.22,327.99,0.37,338.88
2022,5,9,5,0.03,0.02,0.09,1.75,1.9,0.25,0,0,7.89,7.2,7.55,9.34,100,0,72.39,0.3,349.56,0.6,356.28
2022,5,9,6,0.07,0.36,0.96,7.15,38.3,0.95,0.01,0.02,9.32,7.41,8.37,9.46,93.25,0,72.44,0.42,330.12,0.69,344.23
2022,5,9,7,0.69,1.14,1.99,79.58,124.42,11.43,0.18,0.88,11.49,7.33,9.41,9.34,79.94,0,72.49,0.59,260.17,0.73,262.65
2022,5,9,8,1.2,1.98,2.93,147,224.88,21.61,0.52,2.65,13.07,7.4,10.23,9.34,72.06,0.01,72.52,1.61,229.34,1.99,229.62
2022,5,9,9,1.61,2.74,3.72,205.27,315.38,30.14,0.92,4.88,14.24,7.58,10.9,9.46,67.5,0.01,72.54,2.52,222.86,3.11,222.96
2022,5,9,10,1.83,3.2,4.3,219.88,368.58,32.31,1.1,5.58,14.94,7.93,11.44,9.64,65.81,0.03,72.53,3.27,219.28,4.07,219.4
2022,5,9,11,2.12,3.54,4.63,264.65,409.88,39.66,1.47,7.5,15.26,8.31,11.78,9.83,65.81,0.05,72.49,3.63,216.7,4.55,216.69
2022,5,9,12,2.24,3.85,4.7,297.83,457.45,45.65,1.77,9.23,15.43,8.61,12.02,10.01,66.12,0.07,72.44,3.9,214.23,4.9,214.15
2022,5,9,13,1.96,3.62,4.49,251.4,428.55,38.39,1.41,7.15,15.33,8.83,12.08,10.13,67.31,0.1,72.38,4.07,212.93,5.13,212.94
2022,5,9,14,2.06,3.1,4.03,258.73,364,38.23,1.26,6.45,15.08,9.04,12.05,10.31,69.38,0.11,72.32,4,212.48,5.06,212.51
2022,5,9,15,1.45,2.4,3.33,181.48,277.8,26.63,0.73,3.8,14.63,9.13,11.88,10.38,71.94,0.12,72.28,3.77,212.74,4.77,212.57
2022,5,9,16,0.82,1.54,2.46,98.7,173.48,14,0.27,1.35,14.15,9.24,11.69,10.44,74.81,0.1,72.26,3.39,212.37,4.28,212.24
2022,5,9,17,0.44,0.74,1.46,47.75,80.98,6.55,0.06,0.33,13.23,9.26,11.25,10.5,79.69,0.07,72.27,2.84,212.07,3.6,211.97
2022,5,9,18,0.11,0.13,0.42,11.08,14.33,1.61,0.01,0.02,11.81,9.44,10.62,10.62,88.75,0.37,72.29,1.92,211.68,2.51,211.36
2022,5,9,19,0,0,0,0,0,0,0,0,10.65,9.7,10.18,10.86,98,0.32,72.33,0.72,208.51,1.15,208.49
2022,5,9,20,0,0,0,0,0,0,0,0,10.25,9.66,9.95,10.86,100,0.29,72.39,0.51,210.51,0.86,210.52
2022,5,9,21,0,0,0,0,0,0,0,0,9.99,9.54,9.76,10.8,100,0.24,72.44,0.47,210.8,0.79,210.38
2022,5,9,22,0,0,0,0,0,0,0,0,9.76,9.41,9.58,10.68,100,0.2,72.47,0.48,211.12,0.82,210.96
2022,5,9,23,0,0,0,0,0,0,0,0,9.46,9.24,9.35,10.56,100,0.2,72.46,0.5,212.95,0.87,213.69
2022,5,10,0,0,0,0,0,0,0,0,0,9.12,9.02,9.07,10.38,100,0.24,72.44,0.52,214.64,0.91,215.19
2022,5,10,1,0,0,0,0,0,0,0,0,8.79,8.75,8.77,10.19,100,0.25,72.41,0.48,219.09,0.82,219.17
2022,5,10,2,0,0,0,0,0,0,0,0,8.5,8.43,8.47,10.01,100,0.22,72.38,0.35,233.13,0.57,232.19
2022,5,10,3,0,0,0,0,0,0,0,0,8.06,8,8.03,9.7,100,0.17,72.36,0.17,291.8,0.27,290.56
2022,5,10,4,0,0,0,0,0,0,0,0,7.62,7.53,7.58,9.4,100,0.13,72.34,0.26,356.53,0.49,0.91
2022,5,10,5,0.03,0.02,0.09,1.73,1.85,0.24,0,0,7.33,7.01,7.17,9.09,100,0.08,72.34,0.46,18.74,0.96,20.5
2022,5,10,6,0.34,0.33,0.97,35.05,35.23,4.67,0.02,0.12,8.89,7.19,8.04,9.22,93.56,0.18,72.37,1.05,25.99,1.49,26.83
2022,5,10,7,0.95,0.98,1.99,98.1,103.4,12.72,0.18,0.88,11.96,6.85,9.4,8.97,74,0.23,72.41,0.18,340.02,0.23,344.05
2022,5,10,8,1.67,1.78,2.93,180.75,193.85,23.71,0.53,2.65,14.61,6.73,10.67,8.79,61.31,0.17,72.44,1.88,217.06,2.3,216.99
2022,5,10,9,2.4,2.64,3.72,278.8,300.33,37.81,1.1,5.73,16.25,7.06,11.65,8.97,56.31,0.1,72.45,3.13,214.64,3.89,214.62
2022,5,10,10,2.11,3.21,4.3,247.48,367.25,34.98,1.19,6.05,17.26,7.57,12.41,9.34,54.81,0.1,72.44,3.88,215.42,4.85,215.43
2022,5,10,11,2.58,3.51,4.63,315.33,402.73,43.8,1.61,8.42,17.8,8.16,12.98,9.7,55.19,0.11,72.42,4.16,216.14,5.2,216.08
2022,5,10,12,2.7,3.84,4.7,349.02,454.92,52.23,2.02,10.7,18.08,8.67,13.37,10.01,55.81,0.14,72.38,4.25,215.65,5.31,215.61
2022,5,10,13,2.36,3.66,4.49,296.6,432.08,45.09,1.66,8.52,17.94,9.13,13.54,10.31,57.88,0.23,72.33,4.12,214.81,5.14,214.85
2022,5,10,14,2.12,3.18,4.03,267.08,374.23,39.78,1.34,6.85,17.62,9.33,13.48,10.44,59.88,0.29,72.29,3.88,213.59,4.83,213.59
2022,5,10,15,1.63,2.54,3.34,205.85,298.7,30.44,0.86,4.48,17.19,9.33,13.26,10.44,61.5,0.33,72.25,3.6,212.52,4.49,212.5
2022,5,10,16,0.92,1.68,2.46,111.8,192.85,15.95,0.32,1.55,16.43,9.27,12.85,10.44,64.31,0.39,72.23,3.38,211.78,4.24,211.76
2022,5,10,17,0.53,0.85,1.47,59.17,95.48,7.93,0.08,0.38,15.03,9.3,12.16,10.44,70.62,0.44,72.24,2.99,211.66,3.81,211.51
2022,5,10,18,0.13,0.15,0.43,13.52,17,1.95,0.01,0.02,13.03,9.67,11.35,10.74,82.81,0.4,72.29,2.12,210.82,2.84,210.72
2022,5,10,19,0,0,0,0,0,0,0,0,11.35,10.14,10.74,11.17,95.94,0.46,72.35,1.11,212.01,1.72,210.87
2022,5,10,20,0,0,0,0,0,0,0,0,10.83,10.17,10.5,11.23,99.88,0.41,72.41,0.87,218.1,1.42,214.91
2022,5,10,21,0,0,0,0,0,0,0,0,10.47,10.08,10.28,11.17,100,0.4,72.45,0.65,207.79,1.15,208.3
2022,5,10,22,0,0,0,0,0,0,0,0,10.22,9.84,10.03,10.99,100,0.41,72.45,0.64,203.75,1.08,204.72
2022,5,10,23,0,0,0,0,0,0,0,0,9.97,9.67,9.82,10.93,100,0.42,72.43,0.51,206.57,0.85,205.62
2022,5,11,0,0,0,0,0,0,0,0,0,9.54,9.4,9.47,10.74,100,0.41,72.39,0.4,214.62,0.62,213.08
2022,5,11,1,0,0,0,0,0,0,0,0,9.38,9.17,9.27,10.56,100,0.42,72.33,0.36,224.12,0.61,226.55
2022,5,11,2,0,0,0,0,0,0,0,0,9.24,8.98,9.12,10.44,100,0.43,72.28,0.38,235.01,0.68,237.23
2022,5,11,3,0,0,0,0,0,0,0,0,9.2,8.93,9.07,10.38,100,0.5,72.24,0.45,245.22,0.77,247.87
2022,5,11,4,0,0,0,0,0,0,0,0,9.06,8.68,8.87,10.19,100,0.57,72.23,0.42,253.61,0.76,251.38
2022,5,11,5,0.03,0.03,0.1,2.27,2.58,0.34,0,0,9.01,8.44,8.73,10.01,100,0.71,72.25,0.36,263.8,0.64,260.88
2022,5,11,6,0.45,0.44,0.97,47.1,47.77,6.38,0.03,0.17,10.32,8.93,9.62,10.38,95.56,0.16,72.29,0.59,267.71,0.77,272.92
2022,5,11,7,1.18,1.23,2,130.65,136.55,17.14,0.26,1.27,12.49,8.62,10.55,10.13,80.88,0.18,72.33,1.33,265.63,1.67,266.51
2022,5,11,8,1.87,2.06,2.94,215.9,236,29.6,0.7,3.5,14.57,8.21,11.39,9.77,68.19,0.15,72.35,2.22,245.69,2.77,245.89
2022,5,11,9,2.21,2.78,3.72,267.3,321.9,37.86,1.16,6.05,16.19,8.11,12.15,9.64,60.75,0.11,72.36,3.03,232.75,3.82,232.9
2022,5,11,10,1.92,3.26,4.3,238.12,378.3,34.5,1.22,6.15,17.23,8.43,12.83,9.89,58.12,0.13,72.37,3.7,226.03,4.7,226.08
2022,5,11,11,2.19,3.67,4.64,275.45,431.08,40.67,1.55,8.05,17.81,8.99,13.4,10.25,58.19,0.18,72.36,4.16,222.56,5.29,222.72
2022,5,11,12,2.32,3.84,4.7,310.08,457.33,47.29,1.87,9.83,17.91,9.59,13.75,10.68,60.12,0.22,72.32,4.36,220.2,5.54,220.25
2022,5,11,13,2,3.56,4.5,258.12,419.92,38.55,1.44,7.33,17.71,10.04,13.87,11.05,62.75,0.27,72.27,4.47,218.19,5.68,218.24
2022,5,11,14,1.83,3.12,4.03,233.15,368.73,35.02,1.2,6.1,17.21,10.33,13.77,11.23,66,0.27,72.23,4.35,216.97,5.52,216.95
2022,5,11,15,1.45,2.45,3.34,184.73,286.9,27.19,0.78,4.1,16.59,10.33,13.47,11.23,68.62,0.26,72.19,3.99,216.71,5.06,216.71
2022,5,11,16,0.92,1.65,2.47,112.88,191,16.48,0.34,1.7,15.8,10.17,12.98,11.11,71.44,0.23,72.18,3.59,217.04,4.56,217.07
2022,5,11,17,0.44,0.79,1.48,50.65,87.98,7.01,0.08,0.38,14.72,9.97,12.34,10.99,75.5,0.2,72.18,3.05,217.93,3.92,217.87
2022,5,11,18,0.13,0.15,0.44,13.58,16.33,1.95,0.01,0.02,13.2,10.11,11.65,11.11,84.38,0.15,72.2,2.1,217.89,2.87,218.03
2022,5,11,19,0,0,0,0,0,0,0,0,11.99,10.37,11.18,11.35,93.38,0.16,72.25,1.09,218.92,1.72,218.54
2022,5,11,20,0,0,0,0,0,0,0,0,11.59,10.31,10.95,11.29,95.56,0.17,72.31,0.81,221.86,1.32,222.11
2022,5,11,21,0,0,0,0,0,0,0,0,11.15,10.15,10.65,11.17,97.44,0.19,72.35,0.66,219.72,1.14,222.51
2022,5,11,22,0,0,0,0,0,0,0,0,10.73,9.94,10.33,11.05,98.94,0.23,72.35,0.55,218.66,1.01,224.69
2022,5,11,23,0,0,0,0,0,0,0,0,10.35,9.66,10.01,10.86,99.94,0.24,72.32,0.38,222.51,0.78,231.52
2022,5,12,0,0,0,0,0,0,0,0,0,10.02,9.39,9.7,10.68,100,0.2,72.27,0.21,252.26,0.53,253.71
2022,5,12,1,0,0,0,0,0,0,0,0,9.76,9.15,9.45,10.56,100,0.16,72.22,0.22,290.32,0.53,281.14
2022,5,12,2,0,0,0,0,0,0,0,0,9.48,8.89,9.18,10.38,100,0.11,72.18,0.29,308.42,0.63,303.29
2022,5,12,3,0,0,0,0,0,0,0,0,9.32,8.62,8.97,10.13,99.69,0.07,72.15,0.35,316.79,0.74,315
2022,5,12,4,0,0,0,0,0,0,0,0,9.27,8.33,8.8,9.95,97.81,0.05,72.14,0.41,313.45,0.77,314.18
2022,5,12,5,0.03,0.03,0.1,2.12,2.5,0.31,0,0,9.33,8.08,8.71,9.77,95.62,0.04,72.17,0.46,318.45,0.81,318.92
2022,5,12,6,0.36,0.4,0.98,38.65,42.5,5.23,0.03,0.15,10.79,8.76,9.77,10.19,90.94,0.01,72.22,0.69,309.47,0.95,313
2022,5,12,7,0.96,1.14,2.01,106.88,123.77,14.06,0.22,1.08,12.93,9.14,11.03,10.44,80.81,0,72.26,1.36,258.75,1.69,258.79
2022,5,12,8,1.55,1.91,2.94,178.92,214.12,23.99,0.57,2.9,14.73,9.2,11.97,10.44,71.88,0,72.3,2.42,232.87,3.03,232.86
2022,5,12,9,1.88,2.64,3.73,228.6,302.35,31.6,0.97,5.17,16.06,9.39,12.73,10.56,66.62,0,72.33,3.34,224.62,4.2,224.7
2022,5,12,10,1.99,3.22,4.31,240.95,374.05,34.32,1.21,6.1,16.88,9.76,13.32,10.74,64.62,0.01,72.32,3.86,222.79,4.87,222.85
2022,5,12,11,2.23,3.52,4.64,276.1,408.15,39.38,1.48,7.8,17.65,10.09,13.87,10.99,62.81,0.02,72.28,4.24,221.56,5.35,221.74
2022,5,12,12,2.36,3.68,4.7,305.75,434.83,44.41,1.72,9.17,17.96,10.35,14.15,11.17,62.56,0.03,72.22,4.59,220.03,5.82,219.99
2022,5,12,13,2.36,3.49,4.5,295.23,409.77,42.62,1.59,8.05,17.72,10.52,14.12,11.29,64.19,0.03,72.17,4.77,218.88,6.06,218.88
2022,5,12,14,2.04,3,4.03,252.42,349.58,35.77,1.2,6.15,17.23,10.65,13.94,11.41,66.75,0.04,72.11,4.72,218.48,6.02,218.46
2022,5,12,15,1.74,2.38,3.34,212.25,276.42,29.53,0.84,4.4,16.81,10.65,13.73,11.41,68.5,0.03,72.07,4.55,217.18,5.8,217.23
2022,5,12,16,0.95,1.54,2.47,112.98,173.12,15.59,0.32,1.58,16.05,10.52,13.29,11.29,71.38,0.03,72.05,4.21,215.49,5.39,215.51
2022,5,12,17,0.5,0.75,1.48,54.9,82.25,7.41,0.08,0.38,14.85,10.45,12.65,11.29,76.75,0.03,72.06,3.68,213.39,4.78,213.33
2022,5,12,18,0.13,0.15,0.45,13.5,16.58,1.92,0.01,0.02,13.42,10.53,11.98,11.35,84.81,0.05,72.09,2.72,210.32,3.64,210.14
2022,5,12,19,0,0,0,0,0,0,0,0,12.46,10.79,11.62,11.6,92.19,0.05,72.14,1.78,206.9,2.46,206.57
2022,5,12,20,0,0,0,0,0,0,0,0,12.04,10.87,11.45,11.66,95.5,0.05,72.19,1.42,207.98,2.02,207.36
2022,5,12,21,0,0,0,0,0,0,0,0,11.77,10.88,11.33,11.66,97.31,0.05,72.22,1.23,211.27,1.81,210.11
2022,5,12,22,0,0,0,0,0,0,0,0,11.46,10.82,11.14,11.6,99,0.07,72.22,0.93,211.29,1.46,210.81
2022,5,12,23,0,0,0,0,0,0,0,0,11.23,10.72,10.98,11.54,99.81,0.08,72.19,0.89,212.43,1.42,212.91
2022,5,13,0,0,0,0,0,0,0,0,0,11.04,10.61,10.83,11.47,100,0.1,72.15,0.85,212.96,1.4,214.05
2022,5,13,1,0,0,0,0,0,0,0,0,10.78,10.45,10.62,11.35,100,0.11,72.1,0.75,211.88,1.31,212.84
2022,5,13,2,0,0,0,0,0,0,0,0,10.55,10.28,10.42,11.23,100,0.12,72.06,0.77,210.47,1.36,211.41
2022,5,13,3,0,0,0,0,0,0,0,0,10.33,10.09,10.21,11.11,100,0.1,72.03,0.7,208.56,1.25,208.81
2022,5,13,4,0,0,0,0,0,0,0,0,10,9.87,9.94,10.99,100,0.07,72.01,0.6,203.89,1.17,205.36
2022,5,13,5,0.04,0.03,0.11,2.83,3.33,0.41,0,0,9.9,9.8,9.85,10.93,100,0.05,72.03,0.58,203.81,1.15,205.7
2022,5,13,6,0.55,0.56,0.99,60.6,63.12,7.72,0.05,0.23,11.07,10.24,10.65,11.23,98.19,0.07,72.07,1.14,211.3,1.56,210.82
2022,5,13,7,1.42,1.46,2.02,166.27,173.12,22.47,0.36,1.77,12.4,10.51,11.45,11.41,91.19,0.08,72.1,2.3,222.1,2.95,222
2022,5,13,8,2.11,2.32,2.95,253.83,277.55,36.7,0.93,4.67,13.58,10.55,12.06,11.41,84.5,0.09,72.13,3.05,226.77,3.88,226.63
2022,5,13,9,2.34,3.01,3.73,290.3,359.88,42.73,1.38,7.23,14.62,10.55,12.59,11.41,78.88,0.12,72.15,3.6,227.99,4.56,227.98
2022,5,13,10,2.44,3.48,4.31,301.8,413.38,44.98,1.66,8.65,15.36,10.59,12.98,11.41,75.31,0.15,72.14,3.9,227.68,4.94,227.76
2022,5,13,11,2.78,3.74,4.64,350.83,443.1,51.31,2.03,10.9,15.92,10.73,13.33,11.54,73.31,0.16,72.1,4.1,227.01,5.19,227.08
2022,5,13,12,2.92,3.79,4.71,367.62,451.25,54.39,2.16,11.88,16.33,10.9,13.61,11.66,72.25,0.16,72.06,4.27,227,5.4,227.05
2022,5,13,13,2.46,3.54,4.5,306.3,418.95,44.49,1.69,9.02,16.65,10.96,13.8,11.72,71.06,0.15,72.01,4.38,228.47,5.56,228.47
2022,5,13,14,1.86,2.94,4.04,226.12,343.92,32.16,1.09,5.65,17.12,10.83,13.98,11.66,68.62,0.14,71.96,4.48,229.95,5.69,230.01
2022,5,13,15,1.29,2.24,3.35,154.88,257.85,21.14,0.59,3.05,16.85,10.6,13.73,11.47,68.81,0.12,71.93,4.29,229.35,5.47,229.46
2022,5,13,16,0.81,1.47,2.48,93.12,167.5,12.3,0.25,1.25,16.2,10.37,13.29,11.35,70.75,0.12,71.92,3.93,227.42,5.03,227.52
2022,5,13,17,0.37,0.72,1.49,40.9,80.27,5.31,0.05,0.3,15.09,10.23,12.65,11.29,75.38,0.13,71.92,3.41,225.09,4.43,225.29
2022,5,13,18,0.12,0.14,0.46,12.98,15.5,1.81,0.01,0.02,13.48,10.51,12,11.54,85.5,0.1,71.95,2.3,219.91,3.15,219.77
2022,5,13,19,0,0,0,0,0,0,0,0,12.09,10.76,11.43,11.72,95.31,0.11,71.99,0.98,208.21,1.64,209.13
2022,5,13,20,0,0,0,0,0,0,0,0,11.68,10.69,11.19,11.66,97.62,0.1,72.03,0.77,209.67,1.36,210.68
2022,5,13,21,0,0,0,0,0,0,0,0,11.39,10.53,10.96,11.54,98.44,0.11,72.08,0.66,216.33,1.16,218.42
2022,5,13,22,0,0,0,0,0,0,0,0,11.08,10.32,10.69,11.35,99.19,0.11,72.1,0.49,225.64,0.9,232.04
2022,5,13,23,0,0,0,0,0,0,0,0,10.68,9.94,10.3,11.11,99.44,0.11,72.09,0.44,242.53,0.85,248.39
2022,5,14,0,0,0,0,0,0,0,0,0,10.22,9.33,9.77,10.68,98.44,0.09,72.06,0.48,266.25,0.88,267.47
2022,5,14,1,0,0,0,0,0,0,0,0,9.83,8.73,9.29,10.25,96.94,0.06,72.02,0.49,293.68,0.82,291.9
2022,5,14,2,0,0,0,0,0,0,0,0,9.5,8.26,8.88,9.89,96.06,0.03,71.99,0.48,325.01,0.77,320.79
2022,5,14,3,0,0,0,0,0,0,0,0,9.1,7.8,8.45,9.58,95.62,0.02,71.97,0.53,351.51,0.87,349.09
2022,5,14,4,0,0,0,0,0,0,0,0,8.82,7.37,8.1,9.34,94.44,0.01,71.96,0.6,5.19,1.05,5.12
2022,5,14,5,0.03,0.03,0.11,2.48,2.95,0.36,0,0,8.76,6.96,7.86,9.03,91.88,0,71.98,0.7,13.57,1.24,14.56
2022,5,14,6,0.47,0.47,1,49.95,50.6,6.45,0.04,0.17,10.57,7.74,9.15,9.58,86.25,0,72.01,0.7,10.93,1.18,15.32
2022,5,14,7,1.25,1.34,2.02,141.52,152.55,18.34,0.28,1.38,13.55,7.69,10.62,9.46,70.38,0,72.05,0.57,295.16,0.68,297.15
2022,5,14,8,2.16,2.23,2.95,251.73,260.1,34.8,0.83,4.1,15.86,7.35,11.6,9.22,58.94,0,72.08,2.1,230.88,2.61,230.83
2022,5,14,9,2.71,2.98,3.73,324.88,349.2,46.38,1.44,7.52,17.51,7.58,12.55,9.34,53.69,0,72.11,3.27,223.07,4.12,223.08
2022,5,14,10,2.83,3.51,4.31,343.8,412.02,50.02,1.78,9.3,18.48,8.19,13.33,9.7,52.62,0,72.13,4,220.16,5.06,220.24
2022,5,14,11,3.01,3.83,4.64,372.23,449.67,54.95,2.1,11.23,18.83,8.91,13.87,10.19,53.94,0,72.13,4.39,218.64,5.57,218.74
2022,5,14,12,3.01,3.99,4.71,384.95,471.92,58.02,2.3,12.38,18.48,9.51,13.99,10.56,57.19,0,72.12,4.49,217.65,5.7,217.76
2022,5,14,13,2.48,3.75,4.5,299.45,441.4,45.59,1.73,9.05,18.32,9.96,14.14,10.86,59.44,0,72.09,4.53,216.79,5.74,216.81
2022,5,14,14,2.18,3.24,4.04,268.02,380.25,38.97,1.3,6.75,17.95,10.17,14.06,11.05,61.62,0,72.07,4.5,216.45,5.71,216.54
2022,5,14,15,1.57,2.52,3.35,189.38,293.75,26.47,0.72,3.65,17.07,10.18,13.62,11.05,65.25,0,72.06,4.11,214.39,5.22,214.33
2022,5,14,16,0.97,1.66,2.49,111.73,191.35,14.78,0.28,1.4,15.8,10.12,12.96,10.99,70.5,0,72.08,3.52,212.6,4.49,212.56
2022,5,14,17,0.49,0.8,1.5,53.5,90.02,6.72,0.07,0.33,14.56,10.06,12.31,10.93,76.06,0,72.11,2.77,211.41,3.54,211.27
2022,5,14,18,0.13,0.15,0.46,14.25,16.85,1.98,0.01,0.02,13.29,10.02,11.65,10.93,82.62,0.02,72.16,1.83,209.41,2.38,208.84
2022,5,14,19,0,0,0,0,0,0,0,0,12.31,10.04,11.18,10.99,88.44,0.01,72.21,1,208.36,1.38,205.11
2022,5,14,20,0,0,0,0,0,0,0,0,11.76,9.91,10.83,10.93,91.19,0,72.26,0.37,203.36,0.55,201.8
2022,5,14,21,0,0,0,0,0,0,0,0,11.14,9.65,10.39,10.74,93.44,0,72.29,0.02,333.43,0.08,354.29
2022,5,14,22,0,0,0,0,0,0,0,0,10.77,9.43,10.1,10.56,94.31,0,72.3,0.26,36.53,0.62,32.08
2022,5,14,23,0,0,0,0,0,0,0,0,10.57,9.14,9.86,10.38,93.81,0,72.29,0.4,42.65,0.87,39.54
2022,5,15,0,0,0,0,0,0,0,0,0,10.5,8.76,9.63,10.13,91.88,0,72.27,0.45,38.66,0.89,37.48
2022,5,15,1,0,0,0,0,0,0,0,0,10.43,8.4,9.41,9.83,90,0,72.24,0.47,27.85,0.84,28.23
2022,5,15,2,0,0,0,0,0,0,0,0,10.48,8.15,9.31,9.7,88.25,0,72.21,0.47,17.53,0.79,17.9
2022,5,15,3,0,0,0,0,0,0,0,0,10.38,7.97,9.17,9.58,87.69,0,72.2,0.46,5.91,0.75,6.6
2022,5,15,4,0,0,0,0,0,0,0,0,10.02,7.79,8.9,9.46,88.88,0,72.21,0.51,7.02,0.85,5.82
2022,5,15,5,0.04,0.03,0.11,2.75,2.88,0.39,0,0,9.57,7.58,8.58,9.34,90.44,0.01,72.25,0.63,18.21,1.09,15.44
2022,5,15,6,0.45,0.44,1.01,47.35,47.98,6.09,0.03,0.17,10.94,7.94,9.44,9.64,85.12,0.03,72.3,0.69,27.73,1.13,23.2
2022,5,15,7,1.17,1.27,2.03,130.88,142.83,16.76,0.25,1.25,13.48,7.6,10.54,9.52,71.06,0.02,72.35,0.2,329.42,0.27,330.46
2022,5,15,8,1.76,2.12,2.96,204.75,242.58,27.67,0.65,3.23,15.58,7.35,11.47,9.34,60.88,0.01,72.38,1.58,221,1.95,220.95
2022,5,15,9,2.09,2.87,3.74,253.25,331.9,35.38,1.08,5.65,17.26,7.57,12.41,9.34,54.94,0,72.4,2.7,214.98,3.35,215.02
2022,5,15,10,2.31,3.42,4.31,284.27,397.7,40.92,1.44,7.35,18.51,8.09,13.3,9.58,52.12,0,72.4,3.54,213.48,4.43,213.63
2022,5,15,11,2.5,3.78,4.64,313.15,442.62,45.79,1.73,9.15,19.33,8.68,14,9.95,51.12,0.01,72.38,4.16,214.67,5.22,214.76
2022,5,15,12,2.08,3.51,4.71,259.88,403.05,34.89,1.29,6.95,19.56,9.08,14.32,10.13,51.62,0.04,72.34,4.57,216.38,5.77,216.47
2022,5,15,13,1.95,3.3,4.5,239.92,378.2,32.18,1.16,5.98,19.38,9.3,14.33,10.31,52.88,0.06,72.3,4.77,217.81,6.06,217.87
2022,5,15,14,1.58,2.84,4.04,192.2,323.9,25.79,0.84,4.27,18.86,9.37,14.12,10.38,54.88,0.08,72.26,4.71,219.08,5.99,219.17
2022,5,15,15,1.02,2.19,3.36,121.95,246.98,15.78,0.43,2.25,18.19,9.27,13.73,10.31,56.94,0.08,72.23,4.44,220.5,5.66,220.58
2022,5,15,16,0.73,1.44,2.49,85.55,159.88,11.01,0.22,1.1,17.19,9.09,13.14,10.19,59.94,0.07,72.23,3.9,221.02,4.99,221.07
2022,5,15,17,0.44,0.69,1.51,47.48,75.25,6.09,0.06,0.33,15.87,8.91,12.39,10.07,64.56,0.06,72.24,3.26,220.82,4.21,220.94
2022,5,15,18,0.11,0.14,0.47,11.58,15.23,1.53,0.01,0.02,14.14,9.25,11.69,10.38,74.19,0.14,72.28,2.09,216.66,2.94,217.11
2022,5,15,19,0,0,0,0,0,0,0,0,12.66,9.18,10.92,10.31,81.5,0.12,72.35,1.17,210.5,1.88,211.05
2022,5,15,20,0,0,0,0,0,0,0,0,12.22,8.83,10.52,10.07,82.06,0.08,72.41,0.93,209.8,1.48,209.82
2022,5,15,21,0,0,0,0,0,0,0,0,11.97,8.6,10.28,9.95,82.12,0.04,72.45,0.58,198.92,0.97,201.2
2022,5,15,22,0,0,0,0,0,0,0,0,11.29,8.43,9.86,9.83,84.94,0.03,72.46,0.31,157.93,0.57,168.07
2022,5,15,23,0,0,0,0,0,0,0,0,10.75,8.25,9.5,9.7,86.94,0.02,72.44,0.31,124.88,0.52,137.44
2022,5,16,0,0,0,0,0,0,0,0,0,10.3,8.05,9.18,9.58,88.38,0.01,72.4,0.31,97.31,0.47,107.53
2022,5,16,1,0,0,0,0,0,0,0,0,9.86,7.83,8.84,9.46,89.75,0.01,72.35,0.33,73.3,0.49,78.16
2022,5,16,2,0,0,0,0,0,0,0,0,9.53,7.58,8.55,9.28,90.38,0.01,72.32,0.34,59.93,0.55,62.7
2022,5,16,3,0,0,0,0,0,0,0,0,9.28,7.4,8.34,9.22,90.88,0.01,72.3,0.36,56.66,0.56,59.17
2022,5,16,4,0,0,0,0,0,0,0,0,8.94,7.12,8.04,9.03,91.56,0.01,72.31,0.38,49.14,0.63,50.01
2022,5,16,5,0.04,0.04,0.12,2.85,3.67,0.42,0,0,8.62,6.92,7.77,8.97,92.44,0.01,72.33,0.43,42.06,0.8,41.82
2022,5,16,6,0.46,0.56,1.02,52.73,63.23,7.07,0.04,0.2,10.17,7.51,8.83,9.4,87.62,0,72.37,0.31,22.07,0.73,29.59
2022,5,16,7,0.98,1.43,2.03,115.4,166.38,15.99,0.26,1.25,12.69,7.26,9.98,9.28,73.25,0,72.39,0.23,340.35,0.3,349.56
2022,5,16,8,1.7,2.31,2.96,206.45,271.98,29.72,0.74,3.77,15.23,6.48,10.86,8.79,58.69,0,72.39,1.53,233.31,1.86,233.37
2022,5,16,9,2.2,3.03,3.74,273.12,358.73,40.02,1.27,6.73,17.19,6.28,11.73,8.61,50.88,0,72.39,2.8,227.72,3.44,227.76
2022,5,16,10,2.6,3.57,4.32,317.83,422.58,46.84,1.7,8.58,18.51,6.65,12.58,8.79,47.81,0,72.38,3.7,223.63,4.61,223.63
2022,5,16,11,2.98,3.88,4.65,375.83,459.2,55.77,2.16,11.4,19.19,7.29,13.23,9.16,47.62,0.07,72.36,4.33,220.53,5.44,220.63
2022,5,16,12,2.37,3.56,4.71,301.12,413.6,40.97,1.54,8.25,19.32,8.08,13.69,9.58,49.44,0.34,72.33,4.55,218.58,5.73,218.64
2022,5,16,13,2.25,3.36,4.51,274.05,389.58,37.98,1.38,7.12,18.98,8.65,13.81,9.95,52.31,0.65,72.29,4.58,216.95,5.78,216.98
2022,5,16,14,1.77,2.89,4.05,216.55,334.52,29.64,0.98,4.95,18.23,9.02,13.62,10.19,56.25,0.94,72.25,4.54,216.4,5.77,216.47
2022,5,16,15,1.2,2.2,3.36,145.5,251.9,19.39,0.53,2.75,17.25,9.37,13.31,10.44,61.25,1.32,72.21,4.5,216.75,5.78,216.76
2022,5,16,16,0.83,1.47,2.5,100.6,167.55,13.15,0.27,1.3,16.13,9.63,12.88,10.68,67.12,1.72,72.18,4.32,217.57,5.63,217.62
2022,5,16,17,0.37,0.72,1.51,42.27,81.35,5.53,0.06,0.3,14.65,10.18,12.41,11.11,76.69,1.56,72.18,3.79,217.46,5.07,217.49
2022,5,16,18,0.11,0.15,0.48,12.52,16.9,1.7,0.01,0.02,13.41,10.84,12.12,11.66,87.25,0.62,72.21,2.89,216.75,4.01,216.69
2022,5,16,19,0,0,0,0,0,0,0,0,12.62,11.13,11.87,11.9,94,0.43,72.26,2.2,217.64,3.2,216.76
2022,5,16,20,0,0,0,0,0,0,0,0,12.33,11,11.66,11.78,94.69,0.27,72.31,2.16,222.36,3.11,221.33
2022,5,16,21,0,0,0,0,0,0,0,0,12.09,10.73,11.41,11.54,94.38,0.16,72.35,1.93,225.49,2.72,225.12
2022,5,16,22,0,0,0,0,0,0,0,0,11.69,10.47,11.08,11.35,95.44,0.11,72.36,1.34,234,1.93,234.7
2022,5,16,23,0,0,0,0,0,0,0,0,10.8,10.09,10.44,11.17,99.31,0.1,72.34,0.95,252.31,1.4,257.44
2022,5,17,0,0,0,0,0,0,0,0,0,10.02,9.52,9.77,10.8,100,0.08,72.3,0.56,287.16,0.91,302.06
2022,5,17,1,0,0,0,0,0,0,0,0,9.25,8.84,9.05,10.31,100,0.05,72.25,0.45,328.52,1,341.28
2022,5,17,2,0,0,0,0,0,0,0,0,8.58,8.01,8.29,9.77,100,0.03,72.21,0.55,349.33,1.24,356.4
2022,5,17,3,0,0,0,0,0,0,0,0,8.19,7.19,7.69,9.22,97.88,0.02,72.16,0.68,356.71,1.47,0.61
2022,5,17,4,0,0,0,0,0,0,0,0,7.86,6.3,7.08,8.67,94.06,0.01,72.14,0.84,0.53,1.74,2.82
2022,5,17,5,0.04,0.03,0.12,2.95,3.33,0.42,0,0,7.69,5.21,6.44,8.06,88.31,0,72.15,1.02,3.08,1.99,4.28
2022,5,17,6,0.38,0.47,1.03,40.08,50.12,5.21,0.03,0.15,9.83,6.11,7.97,8.73,82.88,0,72.2,1.06,356.21,1.88,0.71
2022,5,17,7,1.03,1.25,2.04,114.42,137.25,15.02,0.23,1.17,13.22,5.01,9.12,8.12,61.75,0,72.24,1.46,319.33,1.94,320.22
2022,5,17,8,1.66,2.11,2.97,190.92,237.67,26,0.62,3.2,15.62,3.48,9.55,7.26,47.38,0,72.26,2.6,270.17,3.32,270.4
2022,5,17,9,2.26,2.88,3.74,267.55,328.95,37.45,1.16,6.15,17.34,3.9,10.62,7.45,43.62,0,72.28,3.51,251.16,4.46,251.5
2022,5,17,10,2.67,3.47,4.32,317.05,397.27,45.55,1.62,8.25,18.18,5.23,11.7,8.18,45.19,0,72.3,4.22,238.49,5.36,238.65
2022,5,17,11,2.98,3.8,4.65,362.48,437.48,51.91,1.98,10.55,18.47,6.55,12.51,8.85,48.12,0,72.29,4.68,232.73,5.96,232.89
2022,5,17,12,3.13,3.91,4.71,388.25,454.7,56.84,2.19,11.92,18.36,7.64,13,9.46,51.62,0,72.27,4.68,231.44,5.93,231.53
2022,5,17,13,2.93,3.72,4.51,358.1,432.75,52.1,1.97,10.1,18.01,8.24,13.12,9.77,54.62,0.04,72.23,4.33,232.12,5.45,232.23
2022,5,17,14,2.53,3.26,4.05,306.38,381.2,44.42,1.5,7.7,17.65,8.39,13.01,9.83,56.31,0.09,72.18,4.02,232.51,5.04,232.49
2022,5,17,15,1.94,2.6,3.36,235.02,304.4,33.46,0.95,4.95,17.05,8.2,12.62,9.7,57.75,0.19,72.14,3.65,231.17,4.58,231.16
2022,5,17,16,1.29,1.79,2.5,153.83,209.25,21.42,0.44,2.15,16.08,7.83,11.96,9.46,59.81,0.3,72.13,3.2,229.46,4.01,229.42
2022,5,17,17,0.68,0.92,1.52,77.58,106.08,10.12,0.11,0.52,14.69,7.53,11.11,9.28,64.19,0.41,72.14,2.65,228.59,3.34,228.7
2022,5,17,18,0.15,0.19,0.49,17,21.17,2.36,0.01,0.02,12.96,7.79,10.37,9.52,73.5,0.36,72.17,1.74,222.64,2.33,223.64
2022,5,17,19,0,0,0,0,0,0,0,0,11.56,7.83,9.69,9.52,80.88,0.39,72.22,0.94,212.11,1.45,215.57
2022,5,17,20,0,0,0,0,0,0,0,0,11.08,7.85,9.47,9.58,83.75,0.28,72.28,0.68,211.3,1.11,213.8
2022,5,17,21,0,0,0,0,0,0,0,0,10.6,7.76,9.19,9.52,86.19,0.16,72.34,0.5,223.73,0.77,224.59
2022,5,17,22,0,0,0,0,0,0,0,0,10.03,7.33,8.68,9.22,86.75,0.09,72.36,0.35,229.54,0.46,229.82
2022,5,17,23,0,0,0,0,0,0,0,0,9.42,6.94,8.18,8.97,87.94,0.06,72.36,0.2,237.53,0.18,246.8
2022,5,18,0,0,0,0,0,0,0,0,0,8.46,6.51,7.48,8.73,91.25,0.04,72.34,0.1,32.47,0.37,34.7
2022,5,18,1,0,0,0,0,0,0,0,0,7.61,6.01,6.81,8.48,93.69,0.02,72.31,0.27,29.54,0.81,33.23
2022,5,18,2,0,0,0,0,0,0,0,0,6.78,5.33,6.05,8.12,94.75,0.01,72.28,0.46,23.96,1.3,29.02
2022,5,18,3,0,0,0,0,0,0,0,0,6.37,4.44,5.41,7.57,91.38,0.01,72.27,0.6,22.91,1.57,27.33
2022,5,18,4,0,0,0,0,0,0,0,0,6.3,3.45,4.87,7.02,85.38,0.01,72.27,0.62,15.26,1.56,22.97
2022,5,18,5,0.04,0.04,0.13,3,3.62,0.44,0,0,6.54,2.59,4.56,6.59,78.5,0,72.29,0.68,15.95,1.5,22.3
2022,5,18,6,0.47,0.49,1.03,50.92,53.8,6.48,0.03,0.17,8.79,4.04,6.41,7.39,75.69,0,72.33,0.45,356.99,1.01,12
2022,5,18,7,1.13,1.3,2.04,126.7,146,16.52,0.25,1.23,12.19,3.37,7.78,6.96,56.88,0,72.37,1,265.5,1.25,268.21
2022,5,18,8,1.88,2.16,2.97,218.15,247.3,29.77,0.7,3.5,14.19,2.5,8.35,6.47,46.25,0,72.4,2.44,241.14,3.08,241.55
2022,5,18,9,2.39,2.81,3.75,280.4,320.8,38.66,1.15,5.98,15.69,2.55,9.12,6.47,42.06,0,72.41,3.15,233.87,3.95,234.26
2022,5,18,10,2.77,3.4,4.32,326.5,391.88,45.98,1.58,8.05,16.7,3.09,9.9,6.71,40.88,0,72.4,3.73,229.93,4.68,230.28
2022,5,18,11,3.21,3.79,4.65,393.38,440.9,56.58,2.1,11.2,17.37,3.78,10.58,7.02,41,0.01,72.37,4.17,227.5,5.25,227.77
2022,5,18,12,2.9,3.86,4.71,365.58,455.83,53.6,2,10.77,17.87,4.33,11.1,7.32,41.31,0.03,72.34,4.51,224.65,5.69,224.78
2022,5,18,13,2.94,3.66,4.51,362.95,430.98,52.21,1.91,9.73,17.94,4.79,11.36,7.57,42.44,0.04,72.3,4.69,221.22,5.94,221.32
2022,5,18,14,2.19,3.19,4.05,264.65,373.9,38.27,1.24,6.35,17.63,5.09,11.36,7.75,44.25,0.06,72.26,4.61,218.67,5.83,218.8
2022,5,18,15,1.72,2.5,3.37,210.15,292.6,29.56,0.8,4.2,17.01,5.2,11.1,7.81,46.5,0.08,72.24,4.31,216.75,5.46,216.85
2022,5,18,16,1.1,1.69,2.51,132,195.98,18.15,0.36,1.77,16.01,5.19,10.6,7.81,49.56,0.08,72.23,3.87,215.3,4.91,215.41
2022,5,18,17,0.59,0.85,1.53,65.95,97.08,8.64,0.09,0.42,14.6,5.1,9.85,7.75,54.06,0.08,72.25,3.25,213.73,4.18,213.87
2022,5,18,18,0.15,0.18,0.5,16.35,20.08,2.23,0.01,0.02,12.64,5.9,9.26,8.3,65.69,0.06,72.29,2.06,209.1,2.88,209.63
2022,5,18,19,0,0,0,0,0,0,0,0,11.04,5.5,8.27,8.06,70.81,0.05,72.35,1.12,200.84,1.71,201.66
2022,5,18,20,0,0,0,0,0,0,0,0,10.75,5.15,7.94,7.87,70.44,0.04,72.4,0.85,190.07,1.3,191.78
2022,5,18,21,0,0,0,0,0,0,0,0,10.53,5.03,7.78,7.81,71.06,0.03,72.44,0.56,183.97,0.87,185.15
2022,5,18,22,0,0,0,0,0,0,0,0,10.47,5.02,7.74,7.81,71.25,0.03,72.45,0.4,161.57,0.58,164.48
2022,5,18,23,0,0,0,0,0,0,0,0,10.05,4.98,7.51,7.75,73,0.02,72.43,0.32,122.91,0.49,125.22
2022,5,19,0,0,0,0,0,0,0,0,0,9.54,4.81,7.17,7.63,74.5,0.02,72.4,0.31,94.4,0.49,95.44
2022,5,19,1,0,0,0,0,0,0,0,0,9.01,4.5,6.76,7.51,75.44,0.02,72.37,0.33,72,0.55,70.79
2022,5,19,2,0,0,0,0,0,0,0,0,8.58,4.33,6.46,7.39,76.62,0.01,72.34,0.37,57.99,0.65,56.69
2022,5,19,3,0,0,0,0,0,0,0,0,8.29,4.21,6.25,7.32,77.5,0.01,72.33,0.41,56,0.75,54.32
2022,5,19,4,0,0,0,0,0,0,0,0,8.19,4.08,6.13,7.26,77.25,0.01,72.33,0.4,52.91,0.76,50.88
2022,5,19,5,0.04,0.04,0.13,3.62,3.85,0.52,0,0,8.11,3.98,6.05,7.2,77.19,0,72.34,0.45,42.88,0.81,43.05
2022,5,19,6,0.46,0.52,1.04,51.73,58.05,6.89,0.04,0.2,9.69,5.34,7.51,8.06,77.31,0,72.37,0.16,354.56,0.48,19.03
2022,5,19,7,0.98,1.33,2.05,114.5,153.48,15.55,0.24,1.2,12.38,4.94,8.65,7.75,62.5,0,72.39,0.78,256.66,0.94,257.57
2022,5,19,8,1.59,2.18,2.97,190.1,253.12,26.64,0.65,3.3,14.37,4.45,9.41,7.45,52.81,0,72.4,2.18,242.06,2.73,242.33
2022,5,19,9,2.38,2.96,3.75,290.73,347.6,41.64,1.3,6.92,16.11,4.51,10.31,7.45,47.31,0,72.4,3.07,234.53,3.84,234.86
2022,5,19,10,2.67,3.45,4.32,328.2,403.17,46.95,1.66,8.42,17.31,4.84,11.08,7.63,44.88,0,72.39,3.89,229.24,4.9,229.59
2022,5,19,11,3.08,3.78,4.65,381.92,445.1,54.73,2.1,10.88,17.93,5.43,11.68,8,44.88,0.01,72.36,4.56,226.6,5.8,226.8
2022,5,19,12,2.21,3.52,4.71,284.35,408.45,38.46,1.43,7.6,17.89,6.01,11.95,8.3,46.75,0.02,72.33,4.83,225.59,6.17,225.77
2022,5,19,13,2.03,3.38,4.51,250.77,395.98,35.37,1.27,6.52,17.45,6.48,11.97,8.54,49.56,0.03,72.28,4.87,224.8,6.22,225
2022,5,19,14,1.97,2.99,4.05,245.08,349.95,33.34,1.1,5.58,17.12,6.81,11.97,8.73,51.75,0.04,72.23,4.81,224.67,6.17,224.9
2022,5,19,15,1.49,2.34,3.37,186.02,273.25,24.73,0.68,3.55,16.54,7.02,11.78,8.85,54.44,0.06,72.19,4.64,225.89,5.96,226.06
2022,5,19,16,0.86,1.52,2.51,103.88,174.5,13.62,0.27,1.33,15.48,7.13,11.31,8.91,58.62,0.07,72.18,4.17,227.73,5.39,227.94
2022,5,19,17,0.5,0.76,1.54,55.85,86.42,7.18,0.08,0.38,14.33,7.14,10.74,8.97,63.25,0.04,72.18,3.47,229.2,4.52,229.42
2022,5,19,18,0.13,0.16,0.51,14.4,18.42,1.98,0.01,0.02,12.96,7.42,10.19,9.16,70.81,0.05,72.22,2.35,228.37,3.21,228.85
2022,5,19,19,0,0,0,0,0,0,0,0,11.7,7.47,9.58,9.22,77.31,0.04,72.27,1.09,226.16,1.77,228.77
2022,5,19,20,0,0,0,0,0,0,0,0,11.16,7.01,9.08,8.91,77.62,0.03,72.33,0.76,232.54,1.3,235.06
2022,5,19,21,0,0,0,0,0,0,0,0,10.74,6.79,8.76,8.79,78.81,0.02,72.37,0.48,240.49,0.82,239.51
2022,5,19,22,0,0,0,0,0,0,0,0,10.42,6.69,8.56,8.73,80.12,0.01,72.38,0.17,272.6,0.27,263.29
2022,5,19,23,0,0,0,0,0,0,0,0,9.8,6.76,8.28,8.79,84.12,0.01,72.36,0.19,11.77,0.36,17.65
2022,5,20,0,0,0,0,0,0,0,0,0,9.34,6.81,8.08,8.91,87.44,0.02,72.34,0.25,22.48,0.62,26.24
2022,5,20,1,0,0,0,0,0,0,0,0,9.05,6.78,7.91,8.91,89.25,0.06,72.3,0.25,20.14,0.71,24.6
2022,5,20,2,0,0,0,0,0,0,0,0,8.85,6.69,7.76,8.85,90.12,0.13,72.27,0.31,14.74,0.8,20.03
2022,5,20,3,0,0,0,0,0,0,0,0,8.76,6.69,7.73,8.91,90.88,0.18,72.25,0.3,29.2,0.77,29.17
2022,5,20,4,0,0,0,0,0,0,0,0,8.7,6.8,7.76,8.97,92.06,0.09,72.25,0.27,43.83,0.7,38.66
2022,5,20,5,0.04,0.04,0.14,3.15,4.05,0.45,0,0,8.59,6.9,7.75,9.03,93.38,0.02,72.28,0.25,48.81,0.65,40.6
2022,5,20,6,0.14,0.52,1.04,17.9,59.23,2.2,0.02,0.08,9.64,7.23,8.44,9.22,88.75,0.03,72.32,0.21,37.3,0.45,35.07
2022,5,20,7,0.51,1.36,2.05,62.67,159.05,8.56,0.14,0.7,11.15,7.16,9.15,9.09,79.56,0.02,72.34,0.31,268.57,0.35,275.08
2022,5,20,8,1.15,2.21,2.98,140.45,261.42,20.05,0.52,2.65,13.28,6.69,9.99,8.79,66.56,0.02,72.34,1.45,239.3,1.8,239.42
2022,5,20,9,1.78,2.96,3.75,227.92,350.42,33.27,1.08,5.75,15.51,6.42,10.96,8.54,56.19,0.01,72.33,2.52,239.71,3.12,239.9
2022,5,20,10,1.94,3.47,4.32,246.17,410.73,36.26,1.31,6.65,17.09,6.55,11.82,8.61,51.06,0.03,72.3,3.58,232.8,4.46,232.97
2022,5,20,11,2.01,3.8,4.65,260.9,448.45,38.33,1.48,7.85,17.89,6.9,12.39,8.79,49.62,0.09,72.25,4.37,227.53,5.52,227.75
2022,5,20,12,2.04,3.73,4.71,267.27,438.67,37.7,1.47,7.83,18.22,7.28,12.75,9.03,49.75,0.17,72.19,4.91,224.29,6.24,224.39
2022,5,20,13,1.63,3.52,4.51,211.8,412.73,29.89,1.11,5.67,18.19,7.48,12.83,9.16,50.5,0.25,72.14,5.18,221.94,6.61,222.08
2022,5,20,14,1.71,3.08,4.05,216.02,362.02,30.76,1.06,5.4,17.65,7.62,12.63,9.28,52.81,0.31,72.08,5.13,220.55,6.56,220.7
2022,5,20,15,0.91,2.42,3.37,118.95,283.7,16.38,0.47,2.45,16.69,7.67,12.19,9.28,56.38,0.39,72.04,4.88,219.93,6.26,219.99
2022,5,20,16,0.85,1.63,2.52,105.73,190.12,14.34,0.3,1.5,15.36,7.67,11.51,9.34,61.5,0.45,72.03,4.34,220.18,5.58,220.34
2022,5,20,17,0.4,0.79,1.54,45.05,90.8,5.91,0.07,0.33,13.87,7.67,10.77,9.34,67.81,0.38,72.03,3.57,220.74,4.62,220.89
2022,5,20,18,0.11,0.17,0.52,12.1,19.58,1.69,0.01,0.02,12.26,7.95,10.11,9.58,77.12,1.31,72.06,2.48,219.25,3.33,219.37
2022,5,20,19,0,0,0,0,0,0,0,0,11.12,8.28,9.69,9.83,85.5,0.41,72.11,1.4,213.42,1.97,213.38
2022,5,20,20,0,0,0,0,0,0,0,0,10.62,8.28,9.45,9.83,88.5,0.18,72.15,0.91,212.32,1.31,212.08
2022,5,20,21,0,0,0,0,0,0,0,0,10.21,8.13,9.17,9.77,90.31,0.06,72.17,0.42,214.29,0.68,213.69
2022,5,20,22,0,0,0,0,0,0,0,0,9.69,7.87,8.79,9.58,91.88,0.03,72.15,0.04,101.31,0.06,140.19
2022,5,20,23,0,0,0,0,0,0,0,0,9.16,7.65,8.41,9.46,93.75,0.02,72.11,0.25,48.81,0.46,45.69
2022,5,21,0,0,0,0,0,0,0,0,0,8.69,7.25,7.97,9.22,94.25,0.02,72.07,0.43,23.75,0.8,23.57
2022,5,21,1,0,0,0,0,0,0,0,0,8.26,6.87,7.57,8.97,94.81,0.12,72.03,0.58,14.04,1.13,15.19
2022,5,21,2,0,0,0,0,0,0,0,0,7.93,6.41,7.17,8.73,94.12,0.12,71.99,0.69,11.69,1.37,13.48
2022,5,21,3,0,0,0,0,0,0,0,0,7.8,5.86,6.83,8.42,91.5,0.12,71.97,0.74,9.16,1.38,11.12
2022,5,21,4,0,0,0,0,0,0,0,0,7.9,5.34,6.62,8.12,87.56,0.01,71.96,0.75,6.01,1.31,7.17
2022,5,21,5,0.04,0.04,0.14,3.42,4.25,0.49,0,0,8.12,4.98,6.55,7.87,83.88,0.01,71.97,0.73,3.69,1.25,4.32
2022,5,21,6,0.35,0.52,1.05,40.6,58.9,5.08,0.03,0.15,10.02,5.98,8.01,8.54,80.06,0.03,71.99,0.66,349.76,1.08,354.58
2022,5,21,7,0.81,1.33,2.06,98.6,155.2,13.62,0.22,1.1,12.81,5.73,9.27,8.36,65.19,0.03,72,1.14,288.43,1.44,289.03
2022,5,21,8,1.37,2.17,2.98,169.48,254.33,23.76,0.59,3,15.01,5.4,10.21,8.18,55.06,0.02,72,2.41,248.51,3.04,248.72
2022,5,21,9,1.8,2.86,3.75,225.98,335.6,32.02,0.99,5.23,16.67,5.64,11.15,8.24,50.12,0.03,72,3.35,239.31,4.23,239.51
2022,5,21,10,2.28,3.43,4.32,287.5,404.38,41.34,1.47,7.45,17.74,6.1,11.92,8.48,48.25,0.03,72,4.14,234.45,5.24,234.58
2022,5,21,11,2.61,3.73,4.65,329.33,439.23,47.84,1.81,9.52,18.31,6.62,12.47,8.79,48,0.03,71.98,4.67,231.92,5.94,232.05
2022,5,21,12,2.16,3.64,4.71,275.42,424.67,38.73,1.45,7.85,18.43,7.18,12.8,9.09,49.19,0.09,71.94,4.93,230.4,6.27,230.46
2022,5,21,13,1.81,3.46,4.51,230.38,403.12,32.57,1.19,6.08,18.23,7.51,12.87,9.22,50.75,0.25,71.9,5,228.74,6.38,228.87
2022,5,21,14,1.48,3.01,4.06,186.2,351.42,26.33,0.87,4.42,17.84,7.49,12.67,9.22,51.81,0.31,71.85,5.13,227.66,6.58,227.74
2022,5,21,15,1.08,2.39,3.38,134.95,278.5,18.77,0.52,2.7,17.1,7.26,12.18,9.03,53.25,0.33,71.82,5,223.92,6.44,224.02
2022,5,21,16,0.66,1.62,2.52,79.73,188.52,10.96,0.22,1.1,15.88,6.94,11.4,8.85,56.31,0.33,71.81,4.5,220.14,5.83,220.16
2022,5,21,17,0.33,0.83,1.55,37.62,95.7,4.93,0.05,0.27,14.4,6.74,10.58,8.73,61.06,0.34,71.83,3.78,216.59,4.93,216.62
2022,5,21,18,0.13,0.19,0.53,15,21.27,2.09,0.01,0.02,12.65,7.23,9.94,9.09,71.31,0.32,71.86,2.57,212.34,3.55,212.15
2022,5,21,19,0,0,0,0,0,0,0,0,11.2,7.28,9.24,9.16,78.94,0.26,71.89,1.39,206.71,2.17,205.18
2022,5,21,20,0,0,0,0,0,0,0,0,10.65,6.68,8.66,8.73,78.5,0.15,71.93,1.01,198.58,1.56,197.17
2022,5,21,21,0,0,0,0,0,0,0,0,10.01,6.08,8.05,8.42,78.69,0.07,71.95,0.5,188,0.78,189.74
2022,5,21,22,0,0,0,0,0,0,0,0,9.33,5.82,7.58,8.24,80.94,0.06,71.95,0.15,137.12,0.23,150.02
2022,5,21,23,0,0,0,0,0,0,0,0,8.47,5.56,7.01,8.12,84.56,0.07,71.92,0.22,69.68,0.33,74.98
2022,5,22,0,0,0,0,0,0,0,0,0,7.76,5.25,6.5,8,87.12,0.09,71.88,0.34,72.41,0.54,74.17
2022,5,22,1,0,0,0,0,0,0,0,0,7.14,4.88,6.01,7.81,88.81,0.12,71.85,0.4,69.44,0.71,67.38
2022,5,22,2,0,0,0,0,0,0,0,0,6.6,4.58,5.59,7.69,90.38,0.11,71.83,0.46,62.56,0.83,60.79
2022,5,22,3,0,0,0,0,0,0,0,0,6.23,4.33,5.28,7.51,91.12,0.07,71.82,0.5,48.81,0.92,47.76
2022,5,22,4,0,0,0,0,0,0,0,0,5.93,4.1,5.01,7.39,91.56,0.04,71.82,0.58,41.7,1.1,41.53
2022,5,22,5,0.04,0.04,0.14,2.88,3.92,0.41,0,0,5.85,3.93,4.89,7.32,90.81,0.02,71.84,0.59,38.54,1.24,38.88
2022,5,22,6,0.2,0.48,1.06,22.5,51.58,2.98,0.02,0.1,8.2,4.97,6.58,7.93,83.94,0.01,71.88,0.37,19.57,0.8,28.07
2022,5,22,7,0.71,1.27,2.06,84.3,140.17,11.39,0.18,0.88,11.18,4.91,8.05,7.87,68,0.01,71.93,0.96,257.77,1.19,258.25
2022,5,22,8,0.99,2.12,2.98,126.48,241.12,17.65,0.43,2.17,13.41,4.56,8.99,7.57,56.81,0.01,71.97,2.91,239.51,3.67,239.73
2022,5,22,9,1.09,2.85,3.75,147.62,327.58,20.7,0.61,3.23,14.73,4.57,9.65,7.57,51.94,0.01,71.99,3.64,234.61,4.61,234.8
2022,5,22,10,1.87,3.4,4.32,240.2,393.85,33.55,1.14,5.67,15.59,4.9,10.24,7.69,50.12,0.02,71.99,4.03,230.19,5.09,230.42
2022,5,22,11,1.73,3.77,4.65,234.1,441.2,33.52,1.21,6.25,16.19,5.13,10.66,7.81,48.94,0.07,71.96,4.45,226.56,5.65,226.79
2022,5,22,12,1.78,3.89,4.72,241.6,459.08,36.23,1.38,7.25,16.6,5.13,10.87,7.81,47.62,0.22,71.92,4.96,224.43,6.33,224.55
2022,5,22,13,1.8,3.74,4.51,239.02,441.52,36.06,1.34,6.67,16.55,5.24,10.9,7.87,48.19,0.4,71.87,5.23,223.37,6.71,223.49
2022,5,22,14,1.53,3.24,4.06,199.95,381.4,29.7,0.99,5.05,16.07,5.38,10.73,8,50.25,0.66,71.82,5.22,223.66,6.71,223.77
2022,5,22,15,1.3,2.63,3.38,167.17,310.6,24.73,0.7,3.65,15.21,5.45,10.33,8.06,53.5,1.07,71.8,4.8,223.81,6.17,223.97
2022,5,22,16,0.87,1.8,2.53,106.42,210.17,15.31,0.32,1.58,14,5.49,9.75,8.12,58.19,1.51,71.81,4.14,223.78,5.34,223.99
2022,5,22,17,0.4,0.94,1.56,45.52,107.77,6.34,0.07,0.35,12.57,5.51,9.05,8.12,64.25,0.85,71.83,3.34,223.39,4.36,223.62
2022,5,22,18,0.13,0.21,0.54,14.52,23.75,2.09,0.01,0.02,11,6.12,8.56,8.61,75.12,0.36,71.87,2.14,220.42,2.96,221.47
2022,5,22,19,0,0,0,0,0,0,0,0,9.66,6.55,8.1,8.91,85.25,0.26,71.92,1.08,216.79,1.65,219.42
2022,5,22,20,0,0,0,0,0,0,0,0,9.31,5.31,7.31,8.06,79.19,0.14,71.96,0.75,224.16,1.08,225
2022,5,22,21,0,0,0,0,0,0,0,0,9.13,4.74,6.94,7.75,76.81,0.06,71.98,0.57,228.89,0.76,229.14
2022,5,22,22,0,0,0,0,0,0,0,0,8.55,4.56,6.55,7.63,78.75,0.03,71.98,0.17,223.15,0.22,226.47
2022,5,22,23,0,0,0,0,0,0,0,0,7.98,4.37,6.17,7.51,80.69,0.01,71.97,0.12,121.61,0.2,94.4
2022,5,23,0,0,0,0,0,0,0,0,0,7.33,4.22,5.77,7.45,83.5,0.01,71.94,0.24,109.03,0.45,90
2022,5,23,1,0,0,0,0,0,0,0,0,6.76,3.89,5.33,7.26,85,0.01,71.91,0.28,99.73,0.56,84.37
2022,5,23,2,0,0,0,0,0,0,0,0,6.32,3.59,4.96,7.14,85.75,0.02,71.89,0.3,86.99,0.62,74.74
2022,5,23,3,0,0,0,0,0,0,0,0,5.99,3.25,4.62,6.96,85.69,0.02,71.88,0.38,88.81,0.75,77.41
2022,5,23,4,0,0,0,0,0,0,0,0,5.87,2.86,4.37,6.77,84,0.02,71.89,0.43,88.96,0.8,78.69
2022,5,23,5,0.04,0.04,0.15,3.1,4.27,0.47,0,0,5.96,2.52,4.24,6.59,81.5,0.02,71.9,0.47,84.29,0.81,77.17
2022,5,23,6,0.4,0.53,1.06,44.2,57.77,5.92,0.04,0.17,7.53,3.59,5.56,7.26,80.19,0.01,71.93,0.53,90.84,0.85,81.05
2022,5,23,7,0.96,1.35,2.07,109.85,153.3,14.83,0.23,1.12,10.2,3.22,6.71,7.02,65.06,0,71.96,0.78,168.47,0.95,168.6
2022,5,23,8,1.81,2.25,2.98,214.83,261.25,30.25,0.73,3.65,12.08,2.91,7.5,6.84,55.75,0.03,71.99,2,199.64,2.47,200.15
2022,5,23,9,2.15,2.98,3.75,265,349.12,38.47,1.19,6.2,13.73,3,8.37,6.84,50.12,0.05,72,2.95,205.07,3.68,205.53
2022,5,23,10,2.5,3.53,4.32,304.6,413.77,44.47,1.56,7.88,14.95,3.69,9.32,7.14,48.5,0.06,72.01,3.71,207.32,4.65,207.64
2022,5,23,11,2.71,3.85,4.65,341.88,453.3,51.01,1.92,10.12,15.73,4.54,10.13,7.57,48.81,0.09,72,4.31,208.33,5.43,208.52
2022,5,23,12,2.47,3.66,4.72,312.38,426.52,44.01,1.62,8.7,15.93,5.42,10.68,8,50.94,0.23,71.99,4.61,208.56,5.81,208.67
2022,5,23,13,2.74,3.51,4.52,340.2,413.05,46.63,1.68,8.5,15.46,5.85,10.65,8.24,53.94,0.42,71.97,4.75,208.38,6.02,208.43
2022,5,23,14,1.53,2.99,4.06,195,353.23,27.26,0.87,4.38,14.96,6,10.48,8.3,56.25,0.78,71.95,4.79,208.45,6.1,208.53
2022,5,23,15,1.53,2.43,3.39,193,286.4,26.45,0.72,3.73,14.18,6.05,10.12,8.36,59.44,1,71.94,4.52,209.76,5.78,209.82
2022,5,23,16,0.89,1.61,2.53,107.4,187.1,14.56,0.29,1.42,13.24,6.12,9.68,8.42,63.62,1.14,71.96,4.07,211.59,5.24,211.58
2022,5,23,17,0.53,0.84,1.56,60.3,95.38,7.91,0.09,0.42,12.17,6.2,9.19,8.48,68.81,1,71.99,3.5,212.7,4.55,212.74
2022,5,23,18,0.16,0.19,0.54,18.1,21.83,2.51,0.01,0.05,10.56,6.85,8.71,8.97,80.81,0.5,72.04,2.27,211.94,3.16,212.08
2022,5,23,19,0,0,0,0,0,0,0,0,8.97,6.98,7.98,9.09,91.19,0.47,72.09,1.12,209.79,1.91,210.56
2022,5,23,20,0,0,0,0,0,0,0,0,8.58,6.26,7.42,8.54,88.62,0.36,72.15,0.92,213.96,1.53,213.93
2022,5,23,21,0,0,0,0,0,0,0,0,8.35,5.67,7.01,8.18,86.12,0.25,72.2,0.64,223.03,1.05,221.07
2022,5,23,22,0,0,0,0,0,0,0,0,7.98,5.37,6.67,8,86.44,0.15,72.22,0.36,250.77,0.56,242.72
2022,5,23,23,0,0,0,0,0,0,0,0,7.24,5.23,6.23,7.93,90.06,0.07,72.21,0.27,330.46,0.38,325.98
2022,5,24,0,0,0,0,0,0,0,0,0,6.55,4.98,5.76,7.81,92.88,0.02,72.18,0.42,5.29,0.7,6.41
2022,5,24,1,0,0,0,0,0,0,0,0,5.98,4.66,5.32,7.63,94.62,0.01,72.16,0.54,23.96,0.99,24.15
2022,5,24,2,0,0,0,0,0,0,0,0,5.66,4.3,4.98,7.45,94.31,0,72.14,0.65,36.18,1.2,34.41
2022,5,24,3,0,0,0,0,0,0,0,0,5.46,3.89,4.67,7.26,93,0,72.15,0.73,40.67,1.29,38.88
2022,5,24,4,0,0,0,0,0,0,0,0,4.99,3.41,4.2,7.02,93.12,0,72.17,0.91,46.04,1.64,44.23
2022,5,24,5,0.04,0.04,0.15,3.25,4.65,0.48,0,0,4.98,2.9,3.94,6.77,90.12,0,72.21,0.99,45.32,1.73,43.91
2022,5,24,6,0.48,0.57,1.07,52.62,63.05,6.91,0.04,0.2,7.55,3.88,5.72,7.45,82.56,0,72.28,0.69,55.59,1.14,48.89
2022,5,24,7,1.06,1.38,2.07,120.83,156.98,16.4,0.26,1.25,10.6,3.62,7.12,7.32,66.56,0,72.36,0.94,212.11,1.16,212.09
2022,5,24,8,1.59,2.2,2.99,186.2,254.33,26.26,0.63,3.23,12.4,3.46,7.94,7.2,58.12,0,72.41,2.26,213.31,2.82,213.47
2022,5,24,9,2.21,2.94,3.76,267.7,343.3,38.46,1.17,6.17,13.91,3.72,8.81,7.26,53.06,0,72.43,2.97,210.01,3.69,210.15
2022,5,24,10,2.69,3.5,4.32,330.88,411.2,48.3,1.68,8.55,15.11,4.41,9.76,7.57,51.06,0.02,72.42,3.42,209.37,4.25,209.48
2022,5,24,11,2.95,3.84,4.65,373.08,453.42,54.64,2.06,10.8,16,5.28,10.64,8,50.75,0.07,72.4,3.78,211.23,4.71,211.37
2022,5,24,12,2.43,3.82,4.72,313.05,450.48,46.02,1.73,9.23,16.54,6.01,11.27,8.3,51.25,0.09,72.37,4.07,214.12,5.08,214.28
2022,5,24,13,2.32,3.67,4.52,292.52,433.25,43.14,1.59,8.02,16.76,6.3,11.53,8.48,51.44,0.09,72.33,4.33,216.64,5.45,216.72
2022,5,24,14,1.56,3.18,4.07,198.75,373.92,28.98,0.96,4.85,16.44,6.59,11.51,8.67,53.5,0.08,72.29,4.33,219.29,5.47,219.38
2022,5,24,15,1.42,2.56,3.39,178.95,300.52,25.57,0.72,3.7,15.69,6.83,11.26,8.79,57.12,0.08,72.27,3.97,221.81,5.01,221.84
2022,5,24,16,0.95,1.7,2.54,113.98,195.73,15.73,0.32,1.6,14.77,6.84,10.8,8.85,60.69,0.06,72.27,3.42,224.91,4.31,225
2022,5,24,17,0.46,0.89,1.57,53.42,100.73,7.26,0.09,0.4,13.64,6.78,10.21,8.79,65.19,0.05,72.28,2.77,227.75,3.51,227.71
2022,5,24,18,0.15,0.2,0.55,16.52,22.9,2.29,0.01,0.02,11.92,7.12,9.52,9.09,75.25,0.17,72.3,1.74,226.64,2.38,227.13
2022,5,24,19,0,0,0,0,0,0,0,0,10.02,7.1,8.56,9.09,85.38,0.21,72.35,0.84,222.35,1.37,222.91
2022,5,24,20,0,0,0,0,0,0,0,0,9.74,7,8.37,9.03,86.5,0.26,72.41,0.55,228.43,0.87,227.55
2022,5,24,21,0,0,0,0,0,0,0,0,9.19,6.92,8.06,8.97,89.44,0.18,72.46,0.16,286.7,0.28,274.76
2022,5,24,22,0,0,0,0,0,0,0,0,8.82,6.78,7.8,8.91,91.12,0.08,72.48,0.16,11.31,0.29,9.46
2022,5,24,23,0,0,0,0,0,0,0,0,8.63,6.51,7.58,8.79,90.94,0.04,72.48,0.21,28.44,0.42,30.41
2022,5,25,0,0,0,0,0,0,0,0,0,8.54,6.15,7.35,8.61,89.31,0.01,72.46,0.23,29.98,0.48,36.3
2022,5,25,1,0,0,0,0,0,0,0,0,8.55,5.76,7.15,8.36,86.94,0.01,72.43,0.24,19.03,0.51,30.07
2022,5,25,2,0,0,0,0,0,0,0,0,8.34,5.31,6.83,8.06,85.12,0,72.39,0.25,14.47,0.56,24.78
2022,5,25,3,0,0,0,0,0,0,0,0,8.24,4.82,6.53,7.81,82.69,0,72.36,0.36,32.66,0.68,34.24
2022,5,25,4,0,0,0,0,0,0,0,0,8.28,4.4,6.34,7.57,79.88,0,72.35,0.39,45,0.66,45.48
2022,5,25,5,0.05,0.04,0.15,3.98,4.45,0.55,0,0,8.42,4.07,6.25,7.32,77.06,0,72.37,0.31,56.31,0.5,54.57
2022,5,25,6,0.33,0.5,1.07,38.25,56.05,4.98,0.03,0.17,9.96,5.19,7.57,8,75.56,0,72.4,0.35,172.23,0.4,165.14
2022,5,25,7,0.57,1.31,2.07,71.08,150.17,10.09,0.17,0.83,11.98,5.46,8.72,8.12,66.94,0.02,72.43,1.59,191.59,2,191.49
2022,5,25,8,1.22,2.16,2.99,149.85,251.05,21.38,0.55,2.83,13.52,5.62,9.57,8.18,61.12,0.09,72.45,2.54,194.98,3.14,194.83
2022,5,25,9,1.46,2.89,3.76,183.98,339.77,27.01,0.87,4.58,14.84,5.92,10.38,8.3,57.12,0.23,72.45,3.28,198.78,4.06,198.75
2022,5,25,10,1.74,3.44,4.32,219.75,405.35,32.67,1.2,5.95,15.54,6.33,10.93,8.54,56,0.68,72.45,3.8,201.87,4.74,201.87
2022,5,25,11,1.8,3.72,4.65,238.98,437.85,34.55,1.3,6.8,15.65,6.68,11.16,8.73,56.88,1.14,72.42,4.03,204.03,5.05,204.03
2022,5,25,12,1.41,3.41,4.72,185.1,392.33,24.09,0.88,4.62,15.45,7.01,11.23,8.91,58.88,1.54,72.39,4.08,206.22,5.13,206.29
2022,5,25,13,1.68,3.3,4.52,213.48,379.45,28.81,1.03,5.25,14.98,7.43,11.21,9.22,62.56,1.91,72.34,4.01,209.26,5.06,209.3
2022,5,25,14,1.58,2.87,4.07,194.55,329.3,26.58,0.88,4.48,14.45,7.71,11.08,9.4,66,2.13,72.28,3.75,212.23,4.74,212.2
2022,5,25,15,0.79,2.27,3.39,105.05,258.95,14.09,0.39,2.05,13.99,7.69,10.84,9.4,67.94,1.75,72.25,3.42,213.14,4.32,213.12
2022,5,25,16,0.46,1.54,2.55,62.95,174.12,7.82,0.16,0.77,13.43,7.55,10.49,9.34,69.88,1.48,72.24,3.01,212.91,3.8,212.84
2022,5,25,17,0.31,0.77,1.58,37.17,86.4,4.77,0.05,0.27,12.48,7.49,9.98,9.34,74.38,1.32,72.25,2.43,212.67,3.09,212.73
2022,5,25,18,0.11,0.18,0.56,12.85,20.27,1.73,0.01,0.02,11.06,7.96,9.51,9.7,85.19,0.64,72.27,1.51,211.88,2.09,212.14
2022,5,25,19,0,0,0,0,0,0,0,0,9.44,7.44,8.44,9.4,91.62,0.61,72.31,0.77,214.66,1.22,215.11
2022,5,25,20,0,0,0,0,0,0,0,0,9.08,7.15,8.12,9.16,92,0.5,72.37,0.52,225.6,0.83,224.24
2022,5,25,21,0,0,0,0,0,0,0,0,8.47,7.05,7.76,9.16,95.38,0.42,72.41,0.26,270,0.43,262.75
2022,5,25,22,0,0,0,0,0,0,0,0,7.83,6.84,7.33,9.03,98.31,0.39,72.41,0.24,315,0.39,314.19
2022,5,25,23,0,0,0,0,0,0,0,0,7.21,6.54,6.87,8.85,100,0.34,72.38,0.32,330.95,0.58,333.43
2022,5,26,0,0,0,0,0,0,0,0,0,6.7,6.15,6.43,8.61,100,0.34,72.34,0.42,337.22,0.79,341.03
2022,5,26,1,0,0,0,0,0,0,0,0,6.34,5.74,6.04,8.36,100,0.3,72.29,0.53,343.71,0.99,346.73
2022,5,26,2,0,0,0,0,0,0,0,0,6.08,5.31,5.7,8.12,100,0.29,72.24,0.58,349.14,1.07,350.74
2022,5,26,3,0,0,0,0,0,0,0,0,5.89,4.9,5.4,7.93,98.62,0.24,72.21,0.6,354.07,1.07,354.99
2022,5,26,4,0,0,0,0,0,0,0,0,5.78,4.56,5.17,7.75,96.88,0.21,72.2,0.63,358.59,1.13,358.81
2022,5,26,5,0.04,0.04,0.16,3.65,4.52,0.53,0,0,5.88,4.26,5.07,7.57,94.12,0.12,72.21,0.69,7.13,1.2,5.6
2022,5,26,6,0.49,0.52,1.08,52.85,57.77,6.84,0.04,0.2,7.81,5.16,6.49,8.12,88.5,0.06,72.23,0.63,12.14,0.99,11.4
2022,5,26,7,1.27,1.35,2.08,143.92,154.12,18.85,0.28,1.38,10.46,5.48,7.97,8.24,75.25,0.14,72.25,0.9,234.23,1.11,233.85
2022,5,26,8,2.11,2.2,2.99,244.83,256.3,33.55,0.76,3.77,12.1,5.81,8.95,8.36,68.69,0.18,72.26,2.16,213.63,2.7,213.69
2022,5,26,9,2.8,2.98,3.76,335.1,351.08,47.63,1.4,7.17,13.29,6.29,9.79,8.61,65.38,0.21,72.28,2.88,208.72,3.6,208.68
2022,5,26,10,2.68,3.48,4.32,329.83,410.27,47.92,1.63,8.33,14,6.83,10.41,8.91,64.5,0.33,72.28,3.38,208.1,4.24,208.17
2022,5,26,11,2.66,3.78,4.65,331.85,445.73,48.14,1.75,9.25,14.3,7.24,10.77,9.16,64.81,0.57,72.25,3.73,209.09,4.69,209.13
2022,5,26,12,2.59,3.81,4.72,329.8,449.8,47.6,1.76,9.35,14.39,7.5,10.94,9.28,65.5,0.96,72.19,3.98,211.1,5.03,211.22
2022,5,26,13,2.44,3.62,4.52,304.95,426.48,44.27,1.57,8.08,14.3,7.67,10.98,9.4,66.56,1.24,72.13,4.15,213.33,5.28,213.41
2022,5,26,14,1.9,3.16,4.07,234.23,371,33.02,1.05,5.35,14.01,7.77,10.89,9.46,68.19,1.38,72.08,4.18,215.95,5.34,216.02
2022,5,26,15,1.57,2.47,3.4,191.15,287.95,26.52,0.71,3.65,13.49,7.85,10.67,9.52,70.69,1.37,72.05,3.98,217.66,5.1,217.71
2022,5,26,16,1.07,1.68,2.55,125,192.98,16.86,0.32,1.6,12.81,7.8,10.3,9.46,73.62,1.35,72.04,3.7,217.96,4.76,218
2022,5,26,17,0.58,0.86,1.59,64.35,97.02,8.36,0.09,0.42,11.78,7.8,9.8,9.46,78.88,1.19,72.05,3.15,217.64,4.1,217.57
2022,5,26,18,0.18,0.2,0.57,19.67,22.62,2.68,0.01,0.05,10.53,8.08,9.3,9.7,87.69,0.88,72.08,2.22,215.42,3.03,214.92
2022,5,26,19,0,0,0,0,0,0,0,0,9.15,8.21,8.68,9.83,97.56,0.75,72.13,1.03,206.18,1.74,204.72
2022,5,26,20,0,0,0,0,0,0,0,0,8.69,7.76,8.23,9.52,97.56,0.56,72.17,0.9,199.86,1.53,199.08
2022,5,26,21,0,0,0,0,0,0,0,0,8.55,7.48,8.02,9.34,96.5,0.36,72.19,0.77,196.59,1.23,196.25
2022,5,26,22,0,0,0,0,0,0,0,0,8.46,7.32,7.89,9.22,96.06,0.26,72.18,0.54,193.43,0.86,194.8
2022,5,26,23,0,0,0,0,0,0,0,0,8.16,7.08,7.62,9.09,96.44,0.2,72.15,0.24,194.93,0.39,199.89
2022,5,27,0,0,0,0,0,0,0,0,0,7.75,6.81,7.28,8.91,97.31,0.14,72.1,0.06,345.96,0.12,331.7
2022,5,27,1,0,0,0,0,0,0,0,0,7.23,6.54,6.89,8.73,98.94,0.07,72.04,0.27,355.1,0.53,358.32
2022,5,27,2,0,0,0,0,0,0,0,0,7.02,6.26,6.64,8.61,98.38,0.03,71.98,0.44,0,0.85,3.67
2022,5,27,3,0,0,0,0,0,0,0,0,6.99,5.91,6.45,8.36,96.19,0.01,71.95,0.57,6.25,1.01,8.44
2022,5,27,4,0,0,0,0,0,0,0,0,7.28,5.58,6.43,8.18,92.19,0,71.94,0.59,9.96,0.94,11.03
2022,5,27,5,0.04,0.04,0.16,3.5,4.15,0.5,0,0,7.73,5.42,6.58,8.06,88.19,0,71.97,0.49,15.82,0.73,16.11
2022,5,27,6,0.42,0.46,1.08,45.77,50.38,6.1,0.03,0.17,9.05,6.33,7.69,8.67,86.5,0,72.02,0.24,342.76,0.33,349.22
2022,5,27,7,1.03,1.23,2.08,114.08,137.77,14.86,0.23,1.1,11.06,6.46,8.76,8.67,75.81,0,72.09,1.24,226.53,1.57,226.01
2022,5,27,8,1.8,2.06,2.99,210.52,238.52,28.65,0.66,3.3,12.54,6.62,9.58,8.73,69.19,0,72.14,2.36,215.58,3.02,215.62
2022,5,27,9,2.35,2.79,3.76,283.08,326.83,39.47,1.16,5.98,13.74,6.93,10.33,8.85,65.06,0.01,72.16,3.2,213.96,4.1,213.96
2022,5,27,10,2.34,3.28,4.32,287.23,384.33,40.9,1.4,7.12,14.32,7.2,10.76,9.03,63.81,0.03,72.16,3.71,214.26,4.74,214.32
2022,5,27,11,2.39,3.55,4.65,301.92,414.25,42.64,1.55,8.17,14.37,7.4,10.88,9.16,64.38,0.06,72.14,3.99,214.56,5.12,214.61
2022,5,27,12,2.46,3.93,4.72,323.52,471.1,49.84,1.92,10.2,14.26,7.65,10.96,9.28,65.81,0.08,72.11,4.11,215.41,5.25,215.44
2022,5,27,13,2.52,3.71,4.52,318.55,443.12,47.88,1.77,9.05,14.35,7.84,11.09,9.4,66.25,0.1,72.07,4.15,216.27,5.29,216.29
2022,5,27,14,1.93,3.28,4.07,248.95,392.38,37.77,1.27,6.42,14.35,7.97,11.15,9.52,66.81,0.11,72.02,4.13,216.61,5.27,216.61
2022,5,27,15,1.44,2.63,3.4,186.65,313.27,27.86,0.79,4.12,14.09,8.02,11.05,9.52,68.19,0.11,71.98,4.01,216.36,5.13,216.33
2022,5,27,16,0.93,1.84,2.56,116.02,217.42,17.16,0.36,1.77,13.65,8.06,10.86,9.58,70.38,0.1,71.96,3.75,215.84,4.83,215.85
2022,5,27,17,0.49,1,1.59,59.48,115.38,8.62,0.1,0.48,12.83,8.11,10.47,9.58,74.62,0.09,71.96,3.3,214.78,4.32,214.7
2022,5,27,18,0.17,0.24,0.58,19.58,26.88,2.77,0.01,0.05,11.63,8.45,10.04,9.89,83.25,0.08,71.98,2.36,212.85,3.26,212.66
2022,5,27,19,0,0,0,0,0,0,0,0,10.2,8.45,9.33,9.95,92,0.06,72.01,1.25,209.92,2.06,209.48
2022,5,27,20,0,0,0,0,0,0,0,0,9.8,7.95,8.88,9.64,91.38,0.05,72.04,0.91,213.42,1.52,213.69
2022,5,27,21,0,0,0,0,0,0,0,0,9.62,7.53,8.57,9.34,89.88,0.03,72.07,0.71,222.32,1.16,222.82
2022,5,27,22,0,0,0,0,0,0,0,0,9.46,7.26,8.37,9.16,89.19,0.02,72.07,0.58,238.24,0.94,238.55
2022,5,27,23,0,0,0,0,0,0,0,0,9.26,7.13,8.19,9.09,89.69,0.05,72.06,0.53,258.86,0.84,258.79
2022,5,28,0,0,0,0,0,0,0,0,0,8.95,7.02,7.98,9.03,91,0.13,72.03,0.47,281.5,0.8,280.11
2022,5,28,1,0,0,0,0,0,0,0,0,8.62,6.96,7.79,9.03,92.69,0.16,71.99,0.45,303.69,0.76,302.38
2022,5,28,2,0,0,0,0,0,0,0,0,8.38,6.88,7.63,8.97,93.88,0.13,71.95,0.47,327.09,0.78,327.26
2022,5,28,3,0,0,0,0,0,0,0,0,8.11,6.6,7.35,8.79,93.81,0.07,71.93,0.57,342.32,0.92,342.79
2022,5,28,4,0,0,0,0,0,0,0,0,8.05,6.23,7.13,8.61,91.69,0.02,71.92,0.63,347.86,1.02,347.66
2022,5,28,5,0.04,0.04,0.16,3.48,4.17,0.49,0,0,8.12,5.85,6.98,8.36,88.69,0.02,71.95,0.62,346.14,0.98,345.74
2022,5,28,6,0.35,0.45,1.08,39.7,49.17,5.29,0.03,0.17,9.89,6.82,8.35,8.97,84.44,0.03,72.01,0.61,319.16,0.84,320.26
2022,5,28,7,0.79,1.18,2.08,92.3,132.4,12.16,0.2,0.98,11.98,7,9.48,8.97,73.94,0.05,72.06,1.39,248.2,1.75,248.25
2022,5,28,8,1.18,1.98,2.99,143.38,227.52,19.63,0.48,2.48,13.55,7.25,10.4,9.09,67.62,0.07,72.1,2.35,226.21,2.97,226.39
2022,5,28,9,1.62,2.73,3.76,205.17,318.4,28.42,0.89,4.67,14.89,7.59,11.24,9.34,63.44,0.02,72.11,3.09,218.23,3.92,218.45
2022,5,28,10,1.92,3.3,4.32,240.65,388.62,33.56,1.19,5.95,15.87,8.11,11.99,9.64,61.56,0.03,72.11,3.72,215.16,4.71,215.35
2022,5,28,11,2.59,3.61,4.65,330.3,426.02,46.18,1.75,9.15,16.34,8.63,12.49,9.95,61.75,0.06,72.09,4.1,214.69,5.21,214.86
2022,5,28,12,1.69,3.31,4.72,216.85,382.62,28.77,1.05,5.6,16.21,9.02,12.62,10.19,63.75,0.1,72.06,4.22,214.98,5.36,215.08
2022,5,28,13,2.07,3.14,4.52,253.08,360.3,32.54,1.16,5.88,16.16,9.33,12.74,10.38,65.12,0.14,72.01,4.24,215.1,5.37,215.17
2022,5,28,14,1.63,2.71,4.07,199.33,310.02,25.53,0.83,4.2,15.91,9.43,12.67,10.5,66.56,0.16,71.97,4.18,214.79,5.29,214.77
2022,5,28,15,1.17,2.08,3.4,142.15,236.62,18.04,0.49,2.58,15.41,9.36,12.38,10.44,68.44,0.15,71.95,3.86,214.62,4.89,214.65
2022,5,28,16,0.65,1.35,2.56,76.38,151.3,9.6,0.2,0.98,14.6,9.22,11.91,10.38,71.56,0.13,71.95,3.4,214.71,4.32,214.7
2022,5,28,17,0.41,0.64,1.6,43.2,70.33,5.34,0.06,0.3,13.44,9.11,11.27,10.31,76.69,0.11,71.96,2.78,214.81,3.56,214.73
2022,5,28,18,0.13,0.16,0.59,14.2,17.48,1.84,0.01,0.02,12.2,9.17,10.69,10.38,83.81,0.07,71.99,2,215.3,2.65,214.67
2022,5,28,19,0,0,0,0,0,0,0,0,11.08,9.47,10.27,10.62,92.5,0.05,72.04,1.05,212.28,1.61,211.68
2022,5,28,20,0,0,0,0,0,0,0,0,10.57,9.15,9.86,10.38,93.69,0.02,72.08,0.68,213.33,1.07,212.18
2022,5,28,21,0,0,0,0,0,0,0,0,10.13,8.81,9.47,10.13,94.19,0.01,72.12,0.42,220.49,0.7,218.16
2022,5,28,22,0,0,0,0,0,0,0,0,9.6,8.48,9.05,9.89,95.56,0,72.13,0.13,227.49,0.25,226.27
2022,5,28,23,0,0,0,0,0,0,0,0,9.14,8.4,8.77,9.89,98.31,0,72.12,0.07,18.43,0.11,8.13
2022,5,29,0,0,0,0,0,0,0,0,0,8.76,8.3,8.53,9.83,100,0,72.1,0.16,22.83,0.34,23.03
2022,5,29,1,0,0,0,0,0,0,0,0,8.48,8.21,8.34,9.83,100,0,72.06,0.19,21.37,0.5,22.14
2022,5,29,2,0,0,0,0,0,0,0,0,8.24,8.01,8.12,9.64,100,0,72.03,0.23,19.65,0.66,22.31
2022,5,29,3,0,0,0,0,0,0,0,0,7.99,7.74,7.87,9.52,100,0,72.01,0.31,19.36,0.82,23.13
2022,5,29,4,0,0,0,0,0,0,0,0,7.78,7.39,7.58,9.28,100,0.01,72.01,0.42,22.78,0.95,24.68
2022,5,29,5,0.04,0.04,0.16,2.98,3.7,0.39,0,0,7.95,7.09,7.52,9.03,97.56,0.01,72.04,0.5,26.97,0.97,26.77
2022,5,29,6,0.29,0.38,1.09,31.4,41.98,3.86,0.02,0.12,9.83,7.56,8.7,9.4,88.88,0,72.08,0.51,26.57,0.79,26.31
2022,5,29,7,0.78,1,2.08,84.77,110.75,10.61,0.16,0.83,12.39,7.83,10.11,9.52,76.19,0,72.12,0.79,232.22,0.96,232.29
2022,5,29,8,1.25,1.73,2.99,140.25,194.08,17.91,0.41,2.12,14.17,8.16,11.17,9.7,69.06,0,72.14,2.25,220.06,2.79,220.11
2022,5,29,9,1.73,2.44,3.76,201.85,279.08,26.24,0.77,4.02,15.64,8.64,12.14,9.95,64.69,0,72.15,2.96,218.57,3.68,218.72
2022,5,29,10,2.25,3.01,4.32,268.58,349.67,35.87,1.22,6.23,16.81,9.19,13,10.31,62.19,0,72.15,3.57,217.9,4.48,217.91
2022,5,29,11,2.38,3.34,4.65,291.05,388.92,39.51,1.44,7.7,17.51,9.72,13.61,10.68,61.5,0,72.13,4.11,217.28,5.17,217.39
2022,5,29,12,2.69,3.65,4.72,337.33,432.6,48.16,1.81,9.88,17.52,10.14,13.83,10.99,63,0,72.11,4.35,217.2,5.49,217.25
2022,5,29,13,2.46,3.45,4.52,308.88,408.9,43.11,1.59,8.2,17.35,10.35,13.85,11.11,64.56,0,72.07,4.43,217.62,5.59,217.73
2022,5,29,14,1.91,2.96,4.07,234.8,349.55,32.87,1.09,5.5,17.12,10.34,13.73,11.11,65.5,0,72.04,4.38,218.85,5.55,218.89
2022,5,29,15,1.3,2.35,3.41,157.9,276.3,21.46,0.59,2.98,16.51,10.22,13.37,11.05,67.5,0,72.03,4.08,219.48,5.17,219.48
2022,5,29,16,0.77,1.57,2.56,89.73,183.5,11.69,0.23,1.15,15.71,10.05,12.88,10.93,70.31,0,72.03,3.63,220.55,4.62,220.54
2022,5,29,17,0.39,0.8,1.61,43.4,92,5.47,0.06,0.3,14.48,9.9,12.19,10.86,75.56,0,72.04,3.04,221.56,3.89,221.66
2022,5,29,18,0.16,0.2,0.6,18.7,22.75,2.53,0.01,0.05,13.1,9.91,11.51,10.86,83.06,0.06,72.07,2.21,221.57,2.92,221.96
2022,5,29,19,0,0,0,0,0,0,0,0,11.92,10,10.96,10.99,90.69,0.05,72.11,1.18,220.15,1.73,220.97
2022,5,29,20,0,0,0,0,0,0,0,0,11.42,9.93,10.67,10.93,93.38,0.04,72.16,0.71,219.16,1.14,221.11
2022,5,29,21,0,0,0,0,0,0,0,0,10.91,9.76,10.33,10.8,95.62,0.03,72.2,0.49,226.3,0.85,225
2022,5,29,22,0,0,0,0,0,0,0,0,10.53,9.68,10.11,10.8,97.81,0.02,72.21,0.29,237.99,0.57,229.99
2022,5,29,23,0,0,0,0,0,0,0,0,10.1,9.51,9.8,10.68,99.62,0.02,72.2,0.13,266.42,0.3,245.43
2022,5,30,0,0,0,0,0,0,0,0,0,9.76,9.42,9.59,10.62,100,0.02,72.17,0.09,300.96,0.19,272.39
2022,5,30,1,0,0,0,0,0,0,0,0,9.52,9.26,9.39,10.56,100,0.01,72.13,0.12,315,0.22,309.29
2022,5,30,2,0,0,0,0,0,0,0,0,9.31,9.06,9.19,10.44,100,0.01,72.1,0.17,338.2,0.34,346.91
2022,5,30,3,0,0,0,0,0,0,0,0,9.23,8.84,9.04,10.31,100,0.01,72.07,0.27,3.37,0.58,10.1
2022,5,30,4,0,0,0,0,0,0,0,0,9.19,8.51,8.86,10.07,99.75,0.01,72.08,0.46,19.65,0.9,21.43
2022,5,30,5,0.05,0.05,0.17,3.9,4.77,0.55,0,0,9.22,8.1,8.66,9.77,96.69,0,72.11,0.68,28.03,1.17,27.94
2022,5,30,6,0.42,0.51,1.09,47.08,57.27,6.2,0.04,0.17,11.01,8.37,9.69,10.01,87.75,0.01,72.15,0.7,30.3,1,29.36
2022,5,30,7,0.89,1.29,2.08,103.6,146.48,13.84,0.22,1.05,13.62,8.01,10.81,9.7,71.81,0,72.19,0.83,243.68,1.03,244.41
2022,5,30,8,1.33,2.12,2.99,160.62,245.67,22.09,0.52,2.58,15.44,7.9,11.67,9.7,63.69,0,72.22,2.46,225.64,3.09,225.92
2022,5,30,9,1.99,2.86,3.76,244.8,335.1,34.4,1.02,5.25,16.71,8.39,12.55,9.95,60.5,0,72.24,3.33,222.15,4.19,222.28
2022,5,30,10,2.48,3.44,4.32,308.67,404.88,44.16,1.52,7.75,17.58,9.01,13.3,10.38,59.56,0,72.24,3.87,220.34,4.88,220.45
2022,5,30,11,2.9,3.76,4.65,362.4,442.42,52.67,1.95,10.25,18.11,9.64,13.87,10.74,59.75,0.01,72.22,4.16,221.04,5.25,221.14
2022,5,30,12,2.77,3.93,4.72,359.58,467.92,53.63,2.05,10.9,18.3,10.23,14.26,11.11,60.94,0.09,72.19,4.3,222.72,5.41,222.84
2022,5,30,13,2.56,3.7,4.52,320.75,440.65,47.95,1.74,9.02,18.2,10.59,14.4,11.35,62.5,0.24,72.15,4.25,223.58,5.35,223.7
2022,5,30,14,2.23,3.22,4.08,280.25,381.83,40.34,1.33,6.73,18.01,10.6,14.3,11.35,63.25,0.37,72.11,4.19,224.32,5.3,224.34
2022,5,30,15,1.56,2.53,3.41,191.55,299.45,26.95,0.72,3.65,17.47,10.41,13.94,11.23,64.69,0.42,72.09,3.97,224.2,5.02,224.31
2022,5,30,16,0.96,1.67,2.57,112.67,194.58,14.97,0.29,1.42,16.42,10.23,13.33,11.11,68.38,0.42,72.07,3.53,223.38,4.48,223.44
2022,5,30,17,0.52,0.83,1.61,57.17,94.75,7.3,0.08,0.38,15.12,10.12,12.62,11.05,73.88,0.34,72.07,2.94,221.66,3.76,221.71
2022,5,30,18,0.2,0.21,0.61,22.55,23.75,3,0.01,0.05,13.54,10.23,11.88,11.17,82.75,0.22,72.09,2.11,217.93,2.84,218.07
2022,5,30,19,0,0,0,0,0,0,0,0,12.24,10.62,11.43,11.47,92.88,0.17,72.13,1.15,209.36,1.78,210.4
2022,5,30,20,0,0,0,0,0,0,0,0,11.57,10.39,10.98,11.35,95.81,0.11,72.18,0.77,210.47,1.38,211.8
2022,5,30,21,0,0,0,0,0,0,0,0,11.02,10.15,10.59,11.17,97.88,0.06,72.22,0.66,219.72,1.21,220.04
2022,5,30,22,0,0,0,0,0,0,0,0,10.6,9.89,10.24,10.99,98.88,0.05,72.24,0.56,232.97,0.99,232.05
2022,5,30,23,0,0,0,0,0,0,0,0,10.26,9.61,9.93,10.74,99.31,0.05,72.23,0.42,243.43,0.72,242.88
2022,5,31,0,0,0,0,0,0,0,0,0,9.91,9.3,9.61,10.56,99.69,0.04,72.19,0.26,264.81,0.45,267.04
2022,5,31,1,0,0,0,0,0,0,0,0,9.57,9.09,9.33,10.44,100,0.16,72.16,0.17,313.15,0.35,324.9
2022,5,31,2,0,0,0,0,0,0,0,0,9.02,8.8,8.9,10.19,100,0.15,72.13,0.23,1.91,0.52,6.91
2022,5,31,3,0,0,0,0,0,0,0,0,8.53,8.48,8.51,9.95,100,0.14,72.1,0.32,38,0.67,37.93
2022,5,31,4,0,0,0,0,0,0,0,0,8.16,8.12,8.14,9.7,100,0.01,72.1,0.42,52.5,0.86,51.26
2022,5,31,5,0.05,0.04,0.17,3.67,4.58,0.52,0,0,8.2,7.75,7.98,9.46,100,0.01,72.11,0.52,57.26,1.02,54.97
2022,5,31,6,0.48,0.48,1.09,52.27,52.83,6.7,0.04,0.2,10.57,8.44,9.51,10.01,90.44,0,72.14,0.57,75.77,0.95,68.29
2022,5,31,7,1.11,1.23,2.08,126.2,139.77,16.12,0.23,1.15,13.23,7.9,10.57,9.64,73.31,0,72.17,0.66,156.18,0.78,155.22
2022,5,31,8,1.78,2.08,2.99,208.67,240.67,27.93,0.63,3.17,15.39,6.72,11.05,8.85,58.5,0,72.19,1.89,203.91,2.32,203.88
2022,5,31,9,2.15,2.81,3.76,260.75,327.25,36.08,1.05,5.42,17.06,6.06,11.56,8.48,50.5,0,72.21,2.78,211.77,3.43,211.77
2022,5,31,10,2.23,3.36,4.32,265.02,392.12,38.41,1.29,6.6,18.26,6.08,12.18,8.54,47,0,72.2,3.5,212.24,4.37,212.3
2022,5,31,11,2.51,3.69,4.65,315.55,431.25,44.72,1.61,8.48,18.94,6.7,12.83,8.91,46.81,0,72.19,3.99,211.48,5,211.46
2022,5,31,12,2.43,3.68,4.72,309.08,429.48,43.39,1.57,8.33,19.11,7.51,13.31,9.34,48.62,0.04,72.16,4.14,211.5,5.2,211.54
2022,5,31,13,2.35,3.5,4.52,290.4,406.52,40.57,1.42,7.3,18.99,8.23,13.61,9.77,51.12,0.14,72.13,4.03,212.09,5.03,212.18
2022,5,31,14,2.25,3.05,4.08,272.5,352.95,37.33,1.19,6,18.7,8.55,13.62,9.89,52.94,0.2,72.09,3.8,212.58,4.74,212.7
2022,5,31,15,1.62,2.38,3.41,194.7,272.88,26.17,0.7,3.6,18.08,8.69,13.39,10.01,55.5,0.25,72.07,3.58,211.89,4.47,211.86
2022,5,31,16,1.03,1.59,2.57,120.85,179.08,15.85,0.31,1.52,17.16,8.73,12.94,10.01,58.94,0.25,72.05,3.31,210.69,4.16,210.71
2022,5,31,17,0.57,0.81,1.62,62.6,89.17,8.04,0.09,0.42,15.85,8.84,12.34,10.13,64.69,0.22,72.06,2.88,208.86,3.69,208.9
2022,5,31,18,0.18,0.2,0.61,19.38,22.45,2.6,0.01,0.05,13.99,9.51,11.75,10.68,76.88,0.39,72.1,1.95,204.82,2.69,205.23
2022,5,31,19,0,0,0,0,0,0,0,0,12.15,9.54,10.84,10.68,87,0.3,72.15,0.99,198.43,1.57,198.52
2022,5,31,20,0,0,0,0,0,0,0,0,11.64,9.26,10.45,10.5,88.31,0.18,72.2,0.76,191.31,1.21,191.89
2022,5,31,21,0,0,0,0,0,0,0,0,11.16,8.98,10.08,10.31,89.62,0.08,72.25,0.43,188.43,0.75,190.25
2022,5,31,22,0,0,0,0,0,0,0,0,10.55,8.8,9.68,10.19,92.31,0.05,72.28,0.11,143.97,0.2,159.44
2022,5,31,23,0,0,0,0,0,0,0,0,10.03,8.61,9.32,10.07,94.62,0.03,72.27,0.14,67.62,0.24,60.95
2022,6,1,0,0,0,0,0,0,0,0,0,9.81,8.45,9.13,10.01,95.31,0.05,72.24,0.2,46.55,0.48,38.37
2022,6,1,1,0,0,0,0,0,0,0,0,9.53,8.15,8.83,9.83,95.44,0.23,72.21,0.31,35.71,0.72,33.52
2022,6,1,2,0,0,0,0,0,0,0,0,9.03,7.57,8.3,9.46,94.88,0.19,72.18,0.5,29.74,1.02,30.51
2022,6,1,3,0,0,0,0,0,0,0,0,8.82,6.88,7.85,9.03,91.81,0.13,72.16,0.69,28.3,1.29,28.58
2022,6,1,4,0,0,0,0,0,0,0,0,8.68,6.03,7.35,8.48,87.12,0.01,72.15,0.86,29.36,1.52,29.2
2022,6,1,5,0.05,0.04,0.17,3.62,4.25,0.5,0,0,8.65,5.27,6.96,8.06,82.69,0,72.15,0.98,29.63,1.68,29.18
2022,6,1,6,0.45,0.45,1.09,46.3,47.5,5.81,0.03,0.15,11,6.9,8.95,9.16,80.25,0,72.18,0.9,32.59,1.46,30.54
2022,6,1,7,1.19,1.19,2.08,127.35,129.95,15.73,0.22,1.08,14.05,5.83,9.94,8.48,61.19,0,72.22,0.36,295.46,0.48,298.24
2022,6,1,8,2.02,2.03,2.99,224.48,227.75,29.12,0.62,3.05,16.07,4.87,10.47,8.06,50.88,0,72.26,2.13,229.17,2.66,229.16
2022,6,1,9,2.63,2.78,3.76,302.33,314.8,40.63,1.12,5.73,17.55,5.15,11.35,8.12,46.75,0,72.28,3.03,223.23,3.81,223.25
2022,6,1,10,2.98,3.33,4.32,347.95,380.38,47.66,1.54,7.9,18.58,5.98,12.28,8.54,46,0,72.29,3.69,220.19,4.65,220.23
2022,6,1,11,3.09,3.65,4.65,372.25,417.58,51.5,1.8,9.48,19.13,7.09,13.12,9.09,47.44,0.01,72.29,4.07,218.92,5.11,218.92
2022,6,1,12,2.8,3.6,4.72,337.58,410.12,45.46,1.59,8.5,19.33,8.11,13.72,9.64,49.69,0.09,72.26,4.12,218.46,5.17,218.62
2022,6,1,13,2.54,3.33,4.52,297.55,375.75,40.1,1.34,6.9,19.23,8.93,14.08,10.19,52.62,0.37,72.21,3.98,219.03,4.98,219.08
2022,6,1,14,2.21,2.89,4.08,261.1,325.52,34.05,1.03,5.2,18.88,9.44,14.16,10.5,55.56,0.49,72.16,3.76,220.2,4.72,220.23
2022,6,1,15,1.57,2.24,3.42,184.45,250.27,23.57,0.6,3.08,18.19,9.63,13.91,10.68,58.75,0.48,72.14,3.49,221,4.37,221.09
2022,6,1,16,1.02,1.46,2.58,115.88,159.73,14.49,0.27,1.33,17.26,9.66,13.46,10.68,62.44,0.49,72.13,3.18,221.81,4.01,222
2022,6,1,17,0.59,0.72,1.62,63,77.42,7.75,0.08,0.38,16.05,9.65,12.84,10.68,67.5,0.48,72.14,2.72,221.97,3.48,222.27
2022,6,1,18,0.16,0.18,0.62,17.75,19.9,2.3,0.01,0.02,14.33,10.06,12.19,11.05,78.12,0.42,72.17,1.85,219,2.56,219.67
2022,6,1,19,0,0,0,0,0,0,0,0,12.58,10,11.29,10.99,87,0.32,72.22,0.95,215.65,1.62,216.15
2022,6,1,20,0,0,0,0,0,0,0,0,12.09,9.55,10.82,10.62,87.06,0.22,72.28,0.77,220.48,1.27,220.26
2022,6,1,21,0,0,0,0,0,0,0,0,11.75,9.17,10.46,10.38,86.75,0.09,72.31,0.51,238.74,0.86,235.73
2022,6,1,22,0,0,0,0,0,0,0,0,11.12,8.94,10.03,10.25,89.31,0.04,72.32,0.31,293.39,0.49,284.7
2022,6,1,23,0,0,0,0,0,0,0,0,10.32,8.47,9.4,9.95,91.69,0.02,72.3,0.42,348.27,0.69,348.31
2022,6,2,0,0,0,0,0,0,0,0,0,9.62,7.89,8.76,9.64,92.81,0.01,72.27,0.57,7.13,1.04,9.11
2022,6,2,1,0,0,0,0,0,0,0,0,9.23,7.33,8.28,9.28,91.75,0.04,72.23,0.7,16.21,1.31,18.43
2022,6,2,2,0,0,0,0,0,0,0,0,9,6.72,7.86,8.91,89.38,0.04,72.2,0.86,21.41,1.54,22.66
2022,6,2,3,0,0,0,0,0,0,0,0,8.91,5.98,7.44,8.42,85.44,0.06,72.18,0.95,30.15,1.65,30.45
2022,6,2,4,0,0,0,0,0,0,0,0,9,5.19,7.09,8,80.44,0.02,72.18,0.95,35.26,1.57,34.88
2022,6,2,5,0.05,0.04,0.17,3.38,3.8,0.44,0,0,9.18,4.58,6.87,7.63,76.12,0.02,72.19,0.88,37.38,1.41,36.87
2022,6,2,6,0.38,0.39,1.09,38.58,40.55,4.64,0.03,0.12,11.13,6.19,8.65,8.67,75.81,0.02,72.21,0.72,46.76,1.12,41.9
2022,6,2,7,0.95,1.02,2.09,98.83,107.02,11.73,0.17,0.88,13.92,5.51,9.72,8.3,60.25,0,72.24,0.34,225,0.41,228.09
2022,6,2,8,1.41,1.77,2.99,154.48,190.27,18.95,0.44,2.23,15.73,3.97,9.84,7.45,48.19,0,72.26,1.73,220.97,2.16,220.44
2022,6,2,9,1.88,2.53,3.75,215.98,280.23,27.73,0.82,4.33,17.12,3.4,10.26,7.14,42.19,0,72.28,2.73,217.79,3.4,217.63
2022,6,2,10,2.19,3.15,4.32,261.2,355.1,34.66,1.17,6,18.1,3.72,10.9,7.26,40.38,0,72.28,3.22,216.7,4.01,216.6
2022,6,2,11,2.51,3.51,4.65,308.88,397.6,41.03,1.5,7.98,18.78,4.3,11.55,7.51,40.19,0,72.26,3.43,215.93,4.27,215.84
2022,6,2,12,2.92,3.89,4.72,361.25,451.6,52.8,2.02,10.92,19.2,4.93,12.07,7.87,40.75,0,72.23,3.53,215.73,4.39,215.73
2022,6,2,13,2.8,3.67,4.53,343.05,424.35,49.09,1.8,9.42,19.36,5.44,12.4,8.12,41.69,0,72.18,3.58,215.6,4.45,215.64
2022,6,2,14,2.32,3.16,4.08,279.67,363.08,38.99,1.29,6.58,19.15,5.85,12.5,8.36,43.38,0.01,72.14,3.55,215.79,4.43,215.74
2022,6,2,15,1.82,2.45,3.42,214.38,278.45,28.96,0.8,4.17,18.55,6.12,12.33,8.48,45.81,0.02,72.12,3.28,213.65,4.09,213.63
2022,6,2,16,1.13,1.62,2.58,129.12,179.35,16.78,0.34,1.7,17.56,6.32,11.94,8.54,49.25,0.01,72.1,2.89,211.28,3.6,211.24
2022,6,2,17,0.62,0.81,1.63,66.92,87.6,8.46,0.09,0.48,16.15,6.63,11.39,8.73,54.81,0.02,72.11,2.31,208.21,2.9,208.29
2022,6,2,18,0.18,0.21,0.63,20.1,22.27,2.66,0.01,0.05,14.17,7.55,10.87,9.34,66.75,0.04,72.13,1.39,200.67,1.91,201.1
2022,6,2,19,0,0,0,0,0,0,0,0,12.2,7.65,9.93,9.4,76.25,0.1,72.17,0.64,189.81,1.05,189.81
2022,6,2,20,0,0,0,0,0,0,0,0,11.61,7.37,9.49,9.22,77.62,0.09,72.22,0.41,146,0.61,145.91
2022,6,2,21,0,0,0,0,0,0,0,0,11.01,7,9.01,8.97,78.88,0.03,72.25,0.43,82.61,0.64,80.19
2022,6,2,22,0,0,0,0,0,0,0,0,10.27,6.58,8.43,8.73,80.75,0.02,72.24,0.67,44.06,1.06,42.61
2022,6,2,23,0,0,0,0,0,0,0,0,9.58,6.07,7.83,8.48,81.94,0.02,72.2,0.84,30.6,1.38,30.35
2022,6,3,0,0,0,0,0,0,0,0,0,9.28,5.39,7.33,8.12,80.06,0.02,72.15,0.91,22.62,1.48,23.04
2022,6,3,1,0,0,0,0,0,0,0,0,9.1,4.83,6.97,7.87,78.5,0.06,72.1,0.97,14.04,1.56,14.52
2022,6,3,2,0,0,0,0,0,0,0,0,8.88,4.19,6.54,7.57,76.62,0.06,72.05,1.01,11.14,1.64,11.26
2022,6,3,3,0,0,0,0,0,0,0,0,8.76,3.51,6.14,7.26,73.94,0.06,72.03,1.03,10.97,1.67,11.36
2022,6,3,4,0,0,0,0,0,0,0,0,8.63,2.87,5.76,6.96,71.38,0.01,72.02,1.05,8.55,1.7,8.99
2022,6,3,5,0.05,0.04,0.17,3.77,4.5,0.52,0,0,8.65,2.44,5.55,6.71,68.94,0.01,72.04,1.05,6.81,1.72,7.03
2022,6,3,6,0.44,0.47,1.1,45.2,48.95,5.61,0.03,0.17,10.79,4.23,7.51,7.81,69.81,0,72.07,0.94,6.23,1.48,4.54
2022,6,3,7,1.1,1.25,2.09,120.4,136.58,15.2,0.23,1.12,13.71,3.35,8.53,7.32,53.94,0,72.11,0.92,287.21,1.17,287.1
2022,6,3,8,1.86,2.08,2.99,212.02,234.08,27.93,0.64,3.23,15.77,3.14,9.45,7.2,46.5,0,72.15,2.47,241.9,3.12,241.89
2022,6,3,9,2.46,2.83,3.75,288.48,323.38,39.3,1.16,5.98,17.04,4.02,10.53,7.51,44.75,0,72.19,3.12,233.24,3.93,233.34
2022,6,3,10,2.57,3.34,4.32,306.45,382.5,42.35,1.42,7.33,17.94,5.16,11.55,8.06,45.12,0,72.21,3.58,226.24,4.49,226.27
2022,6,3,11,2.76,3.64,4.65,338.48,419.33,47.17,1.7,9.05,18.35,6.46,12.4,8.67,47.44,0,72.22,3.84,220.88,4.8,220.98
2022,6,3,12,2.58,3.64,4.72,323,426.02,45.59,1.66,8.85,18.47,7.37,12.92,9.16,49.62,0.17,72.22,3.84,217.06,4.77,217.08
2022,6,3,13,2.64,3.41,4.53,324.23,396.95,44.17,1.54,7.98,18.47,7.88,13.17,9.46,51.19,0.37,72.18,3.85,213.34,4.79,213.43
2022,6,3,14,2.1,2.91,4.09,251.12,335.15,33.59,1.05,5.35,18.08,8.13,13.11,9.58,53.38,0.38,72.15,3.7,211.11,4.62,211.08
2022,6,3,15,1.55,2.24,3.42,183.98,254.52,23.84,0.63,3.25,17.55,8.12,12.83,9.58,55.06,0.37,72.12,3.53,208.44,4.4,208.52
2022,6,3,16,0.99,1.48,2.59,114.27,164.67,14.37,0.28,1.38,16.74,7.88,12.31,9.46,57.06,0.35,72.11,3.25,206.07,4.09,206.08
2022,6,3,17,0.51,0.75,1.64,56.3,81.9,7.08,0.08,0.38,15.57,7.8,11.68,9.4,61.25,0.38,72.12,2.79,203.41,3.56,203.41
2022,6,3,18,0.17,0.19,0.64,19.92,21.5,2.62,0.01,0.05,13.81,8.62,11.21,10.07,73.38,1.22,72.15,1.85,199.96,2.56,199.65
2022,6,3,19,0,0,0,0,0,0,0,0,12.02,8.69,10.36,10.07,82.94,0.26,72.21,0.88,192.8,1.43,192.6
2022,6,3,20,0,0,0,0,0,0,0,0,11.56,7.98,9.77,9.58,81.31,0.19,72.26,0.59,177.74,0.98,181.36
2022,6,3,21,0,0,0,0,0,0,0,0,11.07,7.67,9.37,9.4,82.38,0.08,72.31,0.27,135,0.4,147.88
2022,6,3,22,0,0,0,0,0,0,0,0,10.21,7.4,8.81,9.28,86.06,0.04,72.33,0.34,45.94,0.5,45.63
2022,6,3,23,0,0,0,0,0,0,0,0,9.35,6.9,8.12,9.03,88.56,0.04,72.31,0.57,24.44,0.99,25.15
2022,6,4,0,0,0,0,0,0,0,0,0,8.65,6.29,7.47,8.67,89.31,0.03,72.28,0.75,17.5,1.41,19.14
2022,6,4,1,0,0,0,0,0,0,0,0,8.25,5.58,6.91,8.24,87.44,0.18,72.24,0.9,16.7,1.67,18.52
2022,6,4,2,0,0,0,0,0,0,0,0,8.05,4.76,6.4,7.81,83.81,0.17,72.2,1.03,18.16,1.86,19.43
2022,6,4,3,0,0,0,0,0,0,0,0,8.21,4.07,6.14,7.45,79.31,0.16,72.17,1.03,24.62,1.81,25.57
2022,6,4,4,0,0,0,0,0,0,0,0,8.63,3.33,5.98,7.08,73,0.01,72.17,0.98,28.61,1.63,28.89
2022,6,4,5,0.05,0.04,0.17,3.7,4.25,0.48,0,0,9.16,2.96,6.06,6.84,68.31,0.01,72.18,0.9,30.11,1.45,30.43
2022,6,4,6,0.41,0.45,1.1,42.83,46.88,5.41,0.03,0.15,11.08,4.89,7.98,8,69.88,0.01,72.2,0.83,35.04,1.23,36.21
2022,6,4,7,0.98,1.14,2.09,104.08,120.15,12.94,0.19,0.92,13.72,5.44,9.58,8.18,60.06,0,72.23,0.21,257.01,0.24,258.69
2022,6,4,8,1.7,2.01,2.99,189.58,222.58,24.82,0.56,2.83,15.56,5.66,10.61,8.24,53.69,0,72.26,1.82,226.39,2.25,226.55
2022,6,4,9,2.31,2.78,3.75,268.65,311.95,36.26,1.06,5.52,17.18,5.94,11.55,8.3,49,0,72.29,2.97,226.7,3.74,226.86
2022,6,4,10,2.94,3.39,4.32,343.33,385.02,47.47,1.62,8.17,18.22,6.71,12.47,8.73,48.25,0,72.3,3.7,226.46,4.66,226.7
2022,6,4,11,2.72,3.66,4.65,338.58,424.75,47.75,1.72,8.98,18.88,7.49,13.19,9.22,48.69,0,72.29,4.11,226.69,5.2,226.83
2022,6,4,12,3.11,4.03,4.72,399.17,478.75,60.65,2.3,12.25,19.12,8.23,13.68,9.64,50.25,0,72.27,4.26,226.93,5.36,227.13
2022,6,4,13,2.77,3.78,4.53,344.17,445.88,51.86,1.88,9.65,19.07,8.82,13.94,10.01,52.38,0.14,72.23,4.25,226.19,5.37,226.36
2022,6,4,14,2.42,3.25,4.09,298.2,380.88,42.65,1.38,7,18.48,9.2,13.84,10.31,55.75,0.37,72.2,4.14,225.46,5.23,225.67
2022,6,4,15,1.83,2.52,3.43,219.15,291.35,30.03,0.8,4.1,17.58,9.34,13.47,10.38,59.62,0.37,72.18,3.75,224.92,4.75,225.13
2022,6,4,16,1.19,1.67,2.59,136.98,188.92,17.91,0.34,1.73,16.65,9.32,12.98,10.38,63.25,0.37,72.15,3.35,225.19,4.26,225.52
2022,6,4,17,0.65,0.85,1.64,72.35,92.88,9.34,0.1,0.5,15.52,9.32,12.42,10.44,68.12,0.35,72.14,2.88,225.55,3.71,225.94
2022,6,4,18,0.19,0.22,0.65,21.35,23.75,2.78,0.01,0.05,14.02,9.61,11.81,10.68,76.94,0.39,72.17,2.08,223.33,2.85,224
2022,6,4,19,0,0,0,0,0,0,0,0,12.51,10.11,11.3,11.11,88.38,0.26,72.21,1.02,218.18,1.72,220.04
2022,6,4,20,0,0,0,0,0,0,0,0,11.8,9.56,10.68,10.68,89.12,0.18,72.26,0.84,221.59,1.51,223.33
2022,6,4,21,0,0,0,0,0,0,0,0,11.34,8.94,10.15,10.19,87.88,0.1,72.3,0.71,232.62,1.21,232.09
2022,6,4,22,0,0,0,0,0,0,0,0,11.09,8.58,9.83,9.95,87.25,0.05,72.32,0.43,252.22,0.72,249.01
2022,6,4,23,0,0,0,0,0,0,0,0,10.74,8.4,9.58,9.89,88.5,0.03,72.32,0.23,312.27,0.37,302.01
2022,6,5,0,0,0,0,0,0,0,0,0,10.15,8.25,9.2,9.77,91.12,0.01,72.31,0.28,356.82,0.46,353.12
2022,6,5,1,0,0,0,0,0,0,0,0,9.57,7.98,8.78,9.64,93.25,0.39,72.28,0.39,9.27,0.68,9.25
2022,6,5,2,0,0,0,0,0,0,0,0,9.12,7.66,8.4,9.4,94.06,0.4,72.25,0.51,10.62,0.96,12.68
2022,6,5,3,0,0,0,0,0,0,0,0,8.83,7.27,8.05,9.16,93.38,0.4,72.24,0.62,15.26,1.21,18.08
2022,6,5,4,0,0,0,0,0,0,0,0,8.55,6.8,7.68,8.85,92.06,0.01,72.23,0.79,19.16,1.47,21.23
2022,6,5,5,0.06,0.05,0.18,4.55,5.27,0.66,0,0.02,8.42,6.37,7.39,8.61,90.06,0.01,72.24,0.92,23.07,1.68,24.66
2022,6,5,6,0.41,0.59,1.1,44.95,63.02,5.98,0.04,0.2,10.63,7.67,9.15,9.52,86,0.02,72.25,1,20.97,1.61,22.58
2022,6,5,7,0.9,1.41,2.09,104.4,158.7,14.22,0.23,1.12,13.77,6.86,10.32,8.97,65.75,0,72.27,0.7,341.16,0.88,342.37
2022,6,5,8,1.53,2.25,2.99,182.58,258.5,25.62,0.62,3.12,15.87,6.01,10.94,8.42,53.94,0,72.3,1.41,245.14,1.75,245.15
2022,6,5,9,2.03,2.97,3.75,247.67,343.83,35.36,1.08,5.55,17.64,5.81,11.73,8.3,47.62,0,72.31,2.86,229.65,3.61,229.83
2022,6,5,10,2.43,3.49,4.32,291.62,406.62,42.55,1.49,7.67,18.8,6.46,12.63,8.67,46.25,0,72.32,3.82,225.25,4.86,225.39
2022,6,5,11,2.5,3.79,4.65,319.45,443,46.46,1.75,9.25,19.4,7.39,13.4,9.22,47.25,0,72.32,4.36,221.44,5.55,221.52
2022,6,5,12,2.25,3.61,4.72,286.7,418.17,39.45,1.45,7.8,19.58,8.33,13.95,9.77,49.56,0,72.3,4.53,218.77,5.75,218.88
2022,6,5,13,2.02,3.37,4.53,248.48,389.15,33.8,1.2,6.2,19.44,9.08,14.26,10.25,52.31,0,72.26,4.43,218.99,5.61,219.01
2022,6,5,14,1.65,2.88,4.09,202.55,330.58,26.7,0.85,4.35,19.03,9.49,14.26,10.5,54.94,0.02,72.22,4.25,219.93,5.37,219.99
2022,6,5,15,1.33,2.23,3.43,158.15,252.42,20.48,0.55,2.85,18.17,9.58,13.87,10.56,58.25,0.55,72.19,3.92,219.75,4.97,219.9
2022,6,5,16,0.91,1.48,2.6,103.33,164.67,13.05,0.27,1.3,16.96,9.56,13.26,10.56,62.88,0.95,72.17,3.43,220.94,4.37,221.09
2022,6,5,17,0.48,0.76,1.65,51.73,82.73,6.42,0.07,0.35,15.48,9.52,12.5,10.56,69,0.76,72.18,2.84,223.1,3.67,223.27
2022,6,5,18,0.14,0.2,0.66,17.05,22.3,2.2,0.01,0.02,13.83,9.73,11.78,10.74,78.25,0.47,72.2,1.99,224.52,2.72,224.65
2022,6,5,19,0,0,0,0,0,0,0,0,12.41,10.16,11.29,11.11,89,0.29,72.24,1.09,220.07,1.69,221.81
2022,6,5,20,0,0,0,0,0,0,0,0,11.51,9.55,10.53,10.68,90.5,0.17,72.28,0.71,229.47,1.21,233.13
2022,6,5,21,0,0,0,0,0,0,0,0,11.04,9.09,10.06,10.31,90.62,0.05,72.31,0.45,256.93,0.76,264.11
2022,6,5,22,0,0,0,0,0,0,0,0,10.84,8.76,9.8,10.07,89.81,0.02,72.32,0.32,318.95,0.63,325.53
2022,6,5,23,0,0,0,0,0,0,0,0,10.59,8.46,9.52,9.89,89.5,0,72.31,0.46,2.91,0.85,2.1
2022,6,6,0,0,0,0,0,0,0,0,0,10.44,8.19,9.31,9.7,88.69,0,72.28,0.57,8.69,1,8.58
2022,6,6,1,0,0,0,0,0,0,0,0,10.43,7.85,9.14,9.46,86.62,0.59,72.25,0.61,2.94,1.03,3.93
2022,6,6,2,0,0,0,0,0,0,0,0,10.37,7.54,8.95,9.28,85.06,0.59,72.23,0.67,0.67,1.11,1.21
2022,6,6,3,0,0,0,0,0,0,0,0,10.26,7.2,8.73,9.03,83.69,0.59,72.21,0.74,1.81,1.22,2.2
2022,6,6,4,0,0,0,0,0,0,0,0,10.12,6.87,8.49,8.85,82.5,0.01,72.2,0.8,1.12,1.29,0.69
2022,6,6,5,0.05,0.04,0.18,4.12,4.4,0.56,0,0,10.05,6.6,8.33,8.67,81.44,0.01,72.2,0.84,3.74,1.36,3.29
2022,6,6,6,0.28,0.46,1.1,30.12,48.92,3.83,0.02,0.12,11.87,8.21,10.04,9.83,81.38,0,72.21,0.78,12.22,1.19,8.29
2022,6,6,7,0.66,1.19,2.09,73.6,130.92,9.45,0.16,0.75,14.37,8.04,11.2,9.64,67.88,0,72.24,0.77,286.42,1.02,286.07
2022,6,6,8,1.15,2.05,2.99,136.12,234.1,18.38,0.45,2.25,16.08,7.83,11.96,9.46,59.88,0,72.26,2.18,235.51,2.77,235.91
2022,6,6,9,1.59,2.77,3.75,195.3,321.02,27.1,0.83,4.27,17.44,8.23,12.83,9.7,56.19,0,72.28,3.09,225.2,3.92,225.32
2022,6,6,10,2.1,3.31,4.32,256.85,387.58,35.92,1.24,6.4,18.43,8.88,13.65,10.13,55.06,0,72.3,3.68,217.67,4.66,217.77
2022,6,6,11,2.27,3.61,4.65,286.67,424.1,40.64,1.52,8.05,18.94,9.59,14.26,10.56,55.75,0.06,72.29,3.98,214.44,5.02,214.53
2022,6,6,12,2.32,3.6,4.72,289.1,421.48,40.3,1.51,8.15,19.1,10.22,14.66,10.99,57.38,0.48,72.25,4,213.53,5.03,213.59
2022,6,6,13,2.19,3.36,4.53,266.9,389.62,36.41,1.31,6.8,19,10.64,14.82,11.29,59.25,0.99,72.2,4.01,212.76,5.05,212.8
2022,6,6,14,1.75,2.83,4.09,206.55,321.98,27.97,0.91,4.58,18.47,10.95,14.71,11.54,62.62,1.51,72.16,3.95,211.84,4.99,211.82
2022,6,6,15,1.32,2.06,3.43,150.52,226.42,19.41,0.52,2.7,17.59,11.11,14.35,11.72,66.94,1.82,72.13,3.71,211.81,4.7,211.81
2022,6,6,16,0.91,1.4,2.6,100.58,151.8,12.95,0.27,1.33,16.62,11.11,13.87,11.72,71.31,1.6,72.12,3.31,212.68,4.22,212.69
2022,6,6,17,0.5,0.73,1.65,53.5,77.83,6.89,0.09,0.4,15.41,10.99,13.2,11.66,76.62,1.28,72.13,2.8,213.96,3.62,213.83
2022,6,6,18,0.14,0.2,0.66,16.6,21.85,2.16,0.01,0.02,13.89,11.05,12.47,11.72,85.19,0.64,72.15,2.01,215.85,2.73,215.46
2022,6,6,19,0,0,0,0,0,0,0,0,12.57,11.32,11.94,12.02,94.94,0.45,72.2,1.12,212.13,1.7,212.23
2022,6,6,20,0,0,0,0,0,0,0,0,11.94,10.82,11.38,11.6,95.69,0.3,72.24,0.72,214.89,1.16,216.48
2022,6,6,21,0,0,0,0,0,0,0,0,11.53,10.33,10.93,11.23,95.06,0.14,72.28,0.47,228.37,0.68,232.47
2022,6,6,22,0,0,0,0,0,0,0,0,10.98,9.95,10.47,10.93,96.31,0.08,72.29,0.07,290.56,0.2,329.42
2022,6,6,23,0,0,0,0,0,0,0,0,10.36,9.66,10.01,10.74,98.75,0.05,72.27,0.24,29.05,0.58,24.51
2022,6,7,0,0,0,0,0,0,0,0,0,9.91,9.34,9.63,10.56,99.62,0.04,72.23,0.35,28.3,0.81,28.79
2022,6,7,1,0,0,0,0,0,0,0,0,9.78,8.94,9.37,10.25,97.81,0.04,72.2,0.41,24.62,0.9,26.79
2022,6,7,2,0,0,0,0,0,0,0,0,9.78,8.52,9.15,9.95,95,0.04,72.16,0.48,21.1,0.97,23.68
2022,6,7,3,0,0,0,0,0,0,0,0,9.9,8.12,9.01,9.7,91.62,0.03,72.14,0.52,18.43,0.97,20.77
2022,6,7,4,0,0,0,0,0,0,0,0,10.04,7.8,8.92,9.46,88.69,0.01,72.14,0.54,18.7,0.93,19.65
2022,6,7,5,0.04,0.04,0.18,3.05,3.88,0.39,0,0,10.27,7.62,8.95,9.34,86.19,0.01,72.14,0.54,18.43,0.91,17.97
2022,6,7,6,0.25,0.37,1.1,26.92,39.85,3.3,0.02,0.1,12.02,9.1,10.56,10.44,85.5,0,72.17,0.37,353.93,0.66,358.64
2022,6,7,7,0.59,1.03,2.09,64.95,111.4,8.09,0.12,0.62,14.44,9.16,11.8,10.44,72.94,0,72.21,1.22,260.42,1.54,261.25
2022,6,7,8,0.97,1.78,2.99,111.95,197.12,14.38,0.34,1.7,16.1,9.08,12.58,10.31,64.88,0,72.23,2.33,237.16,2.95,237.32
2022,6,7,9,1.35,2.46,3.75,161.75,278.52,21.28,0.63,3.3,17.56,9.35,13.45,10.44,60,0,72.24,3.11,229.18,3.93,229.35
2022,6,7,10,1.79,3.02,4.31,217.3,345.83,28.85,0.98,4.98,18.59,9.83,14.21,10.74,58,0,72.24,3.71,224.15,4.71,224.26
2022,6,7,11,1.99,3.32,4.64,245.2,383.38,33.21,1.2,6.35,19.19,10.33,14.76,11.11,57.62,0.12,72.24,4.16,221.35,5.28,221.4
2022,6,7,12,2.27,3.79,4.72,300.65,454.65,44.59,1.72,9.2,19.16,10.83,15,11.47,59.5,0.37,72.21,4.22,219.74,5.32,219.82
2022,6,7,13,2.13,3.48,4.53,269.88,411.48,38.72,1.41,7.38,18.89,11.15,15.01,11.72,61.75,0.61,72.18,4.06,218.99,5.12,218.99
2022,6,7,14,1.73,2.9,4.09,214.92,338.17,29.62,0.97,4.9,18.51,11.27,14.89,11.84,63.81,0.93,72.15,3.91,217.95,4.94,217.99
2022,6,7,15,1.23,2.22,3.44,150.42,254.42,20.66,0.57,2.95,17.95,11.25,14.6,11.78,66,0.74,72.14,3.61,215.41,4.55,215.43
2022,6,7,16,0.74,1.31,2.61,84.7,142.25,11.12,0.23,1.12,17.16,11.1,14.13,11.72,68.81,0.46,72.15,3.27,212.89,4.13,212.97
2022,6,7,17,0.37,0.64,1.66,38.17,69.17,4.84,0.05,0.27,16.07,10.93,13.5,11.6,73.06,0.34,72.16,2.78,210.6,3.56,210.62
2022,6,7,18,0.17,0.17,0.67,18.58,19.15,2.32,0.01,0.02,14.61,11.15,12.88,11.84,81.94,0.39,72.2,1.92,205.52,2.63,205.12
2022,6,7,19,0,0,0,0,0,0,0,0,13.13,10.94,12.04,11.66,89.12,0.29,72.25,1.07,193.03,1.61,192.02
2022,6,7,20,0,0,0,0,0,0,0,0,12.72,10.34,11.53,11.17,87.81,0.2,72.3,0.87,177.94,1.23,174.9
2022,6,7,21,0,0,0,0,0,0,0,0,12.07,9.95,11.01,10.93,89.38,0.13,72.34,0.49,156.68,0.77,156.8
2022,6,7,22,0,0,0,0,0,0,0,0,11.59,9.66,10.62,10.68,90.5,0.13,72.35,0.32,135,0.5,135.63
2022,6,7,23,0,0,0,0,0,0,0,0,10.85,9.33,10.09,10.5,93.12,0.16,72.33,0.26,93.47,0.41,95.49
2022,6,8,0,0,0,0,0,0,0,0,0,10.32,8.98,9.65,10.25,94.44,0.17,72.3,0.27,67.89,0.45,66.54
2022,6,8,1,0,0,0,0,0,0,0,0,9.94,8.62,9.29,10.01,94.56,0.46,72.25,0.33,41.19,0.61,40.84
2022,6,8,2,0,0,0,0,0,0,0,0,9.69,8.26,8.97,9.77,93.81,0.41,72.21,0.46,24.84,0.85,26.1
2022,6,8,3,0,0,0,0,0,0,0,0,9.6,7.84,8.72,9.52,91.62,0.36,72.17,0.61,24.26,1.08,25.82
2022,6,8,4,0,0,0,0,0,0,0,0,9.57,7.33,8.44,9.16,88.56,0.03,72.14,0.77,28.38,1.3,28.42
2022,6,8,5,0.04,0.03,0.18,2.75,3.55,0.34,0,0,9.58,6.82,8.2,8.85,85.44,0.01,72.12,0.88,32.01,1.46,31.65
2022,6,8,6,0.26,0.35,1.1,27.45,36.55,3.3,0.02,0.1,11.59,8.22,9.9,9.83,83.12,0.01,72.12,0.86,36.14,1.31,34.82
2022,6,8,7,0.66,0.91,2.08,68.98,93.85,8.52,0.12,0.62,14.52,7.49,11.01,9.4,65.5,0.01,72.13,0.36,267.51,0.47,268.09
2022,6,8,8,1.2,1.61,2.99,132.83,172.38,16.27,0.36,1.83,16.26,6.83,11.55,9.03,56.19,0,72.13,2.07,227.6,2.61,228.15
2022,6,8,9,1.68,2.32,3.75,194.65,255.73,24.25,0.69,3.58,17.69,7.3,12.49,9.28,52.75,0,72.14,3,226.48,3.78,226.67
2022,6,8,10,2.01,2.97,4.31,239.95,337.2,31.72,1.05,5.3,18.83,7.97,13.4,9.7,51.44,0,72.15,3.72,224.06,4.71,224.13
2022,6,8,11,2.36,3.34,4.64,288.42,383.77,38.98,1.38,7.27,19.41,8.86,14.13,10.25,52.56,0.01,72.16,4.15,221.41,5.24,221.43
2022,6,8,12,1.95,3.26,4.72,246.23,376.35,32.38,1.14,6.08,19.61,9.67,14.64,10.8,54.5,0.14,72.14,4.17,220.22,5.27,220.31
2022,6,8,13,1.81,3.01,4.53,219.17,343.48,28.38,0.96,5,19.55,10.34,14.94,11.23,56.88,1.05,72.11,4.13,219.17,5.2,219.21
2022,6,8,14,1.38,2.56,4.1,170.1,291.9,21.5,0.66,3.35,18.99,10.94,14.97,11.66,61.12,2.22,72.07,3.92,218.04,4.93,218.05
2022,6,8,15,1.06,1.88,3.44,124.05,207.5,15.15,0.39,2.02,18.08,11.37,14.73,11.96,66.38,1.83,72.04,3.6,217.07,4.55,217.11
2022,6,8,16,0.69,1.22,2.61,77.25,131.92,9.58,0.2,0.95,17.03,11.41,14.23,12.02,71.19,1.61,72.02,3.25,216.4,4.13,216.46
2022,6,8,17,0.39,0.62,1.67,41.67,66.83,5.01,0.05,0.27,15.72,11.37,13.55,11.96,77.12,1.43,72.02,2.81,215.37,3.63,215.27
2022,6,8,18,0.14,0.18,0.68,16.35,20.02,2.06,0.01,0.02,14.14,11.42,12.78,12.02,85.81,0.9,72.04,2.15,212.54,2.89,212.32
2022,6,8,19,0,0,0,0,0,0,0,0,12.78,11.63,12.2,12.27,95.5,0.68,72.08,1.26,207.2,1.9,206.57
2022,6,8,20,0,0,0,0,0,0,0,0,12.33,11.48,11.9,12.08,97.31,0.47,72.14,1.04,205.22,1.59,204.42
2022,6,8,21,0,0,0,0,0,0,0,0,12.06,11.14,11.6,11.84,96.81,0.23,72.18,0.79,203.27,1.16,201.37
2022,6,8,22,0,0,0,0,0,0,0,0,11.69,10.84,11.27,11.6,97.38,0.12,72.21,0.31,194.38,0.46,187.85
2022,6,8,23,0,0,0,0,0,0,0,0,11.09,10.59,10.84,11.47,99.94,0.08,72.2,0.04,126.87,0.16,60.95
2022,6,9,0,0,0,0,0,0,0,0,0,10.47,10.21,10.33,11.23,100,0.05,72.18,0.17,30.07,0.48,30.32
2022,6,9,1,0,0,0,0,0,0,0,0,10.07,9.86,9.97,10.99,100,0.35,72.15,0.24,23.2,0.65,24.73
2022,6,9,2,0,0,0,0,0,0,0,0,9.78,9.5,9.64,10.68,100,0.36,72.12,0.31,19.36,0.8,22.53
2022,6,9,3,0,0,0,0,0,0,0,0,9.8,9.23,9.51,10.5,99.75,0.37,72.09,0.3,21.25,0.72,23.77
2022,6,9,4,0,0,0,0,0,0,0,0,9.81,8.96,9.39,10.31,97.94,0.06,72.08,0.34,21.32,0.77,23.43
2022,6,9,5,0.05,0.04,0.18,3.67,4.23,0.48,0,0,9.89,8.76,9.33,10.19,96,0.05,72.07,0.44,23.86,0.9,24.57
2022,6,9,6,0.24,0.44,1.1,26.42,47.08,3.41,0.02,0.1,11.62,9.62,10.62,10.86,91.25,0,72.08,0.53,20.85,0.85,20.43
2022,6,9,7,0.73,1.19,2.08,84.73,131.1,11.18,0.18,0.88,14.07,9.34,11.71,10.62,76,0,72.09,0.72,277.43,0.9,278.97
2022,6,9,8,1.23,2,2.99,147.98,227.85,19.73,0.48,2.42,15.98,9.25,12.61,10.44,66.38,0,72.09,1.98,241.71,2.47,241.74
2022,6,9,9,1.71,2.74,3.75,210.05,316.6,28.4,0.85,4.48,17.62,9.46,13.54,10.56,60.44,0,72.1,2.78,233.9,3.51,233.97
2022,6,9,10,1.67,3.31,4.31,210.58,386.48,29.12,1,4.98,18.84,9.88,14.37,10.86,57.56,0,72.1,3.58,228.45,4.54,228.55
2022,6,9,11,2.02,3.66,4.64,255.38,428.48,36.13,1.34,6.92,19.44,10.48,14.96,11.35,57.75,0.03,72.09,4.14,225.54,5.26,225.6
2022,6,9,12,2.03,3.64,4.72,257.65,426.02,36.04,1.34,7.1,19.6,11.1,15.35,11.78,59.38,0.19,72.07,4.36,224.56,5.54,224.71
2022,6,9,13,2.07,3.47,4.53,261.98,404.45,35.6,1.27,6.48,19.3,11.63,15.47,12.15,62.44,0.41,72.05,4.29,223.82,5.44,223.95
2022,6,9,14,1.87,2.98,4.1,227.98,345.8,30.27,0.98,4.92,18.76,11.83,15.3,12.33,65.31,0.56,72.02,4.16,222.41,5.27,222.54
2022,6,9,15,1.39,2.32,3.44,169.98,267.4,22.26,0.61,3.2,18.01,11.85,14.93,12.33,68.62,0.59,72.01,4.04,220.69,5.15,220.75
2022,6,9,16,0.88,1.55,2.62,103.55,176.17,13.26,0.27,1.35,16.9,11.68,14.3,12.21,72.75,0.54,72.02,3.8,218.57,4.88,218.63
2022,6,9,17,0.41,0.77,1.67,45.38,84.83,5.7,0.06,0.33,15.66,11.49,13.58,12.08,77.94,0.5,72.04,3.33,216.9,4.34,216.87
2022,6,9,18,0.14,0.21,0.69,16.55,23.67,2.19,0.01,0.02,14.22,11.47,12.84,12.08,85.62,0.33,72.09,2.58,214.03,3.49,214.05
2022,6,9,19,0,0,0,0,0,0,0,0,12.98,11.72,12.34,12.33,94.94,0.25,72.14,1.54,210.21,2.28,209.99
2022,6,9,20,0,0,0,0,0,0,0,0,12.55,11.57,12.06,12.21,96.75,0.15,72.2,1.25,210.1,1.9,210.04
2022,6,9,21,0,0,0,0,0,0,0,0,12.22,11.19,11.7,11.84,96.19,0.08,72.23,1.06,214.16,1.65,216.17
2022,6,9,22,0,0,0,0,0,0,0,0,11.9,10.76,11.33,11.54,95.19,0.06,72.24,0.83,223.86,1.28,226.48
2022,6,9,23,0,0,0,0,0,0,0,0,11.52,10.33,10.93,11.23,95,0.04,72.21,0.53,240.78,0.83,243.68
2022,6,10,0,0,0,0,0,0,0,0,0,10.93,9.99,10.46,10.99,96.88,0.04,72.17,0.29,284.04,0.49,284.93
2022,6,10,1,0,0,0,0,0,0,0,0,10.08,9.52,9.8,10.68,99.69,0.06,72.12,0.31,334.72,0.59,334.11
2022,6,10,2,0,0,0,0,0,0,0,0,9.59,9.09,9.34,10.44,100,0.05,72.08,0.39,348.47,0.83,352.94
2022,6,10,3,0,0,0,0,0,0,0,0,9.21,8.63,8.92,10.07,99.81,0.04,72.06,0.57,357.65,1.16,1.54
2022,6,10,4,0,0,0,0,0,0,0,0,8.87,7.98,8.43,9.64,97.69,0.01,72.04,0.82,9.28,1.52,10.38
2022,6,10,5,0.05,0.05,0.18,3.85,4.92,0.53,0,0,8.98,7.4,8.19,9.28,93.12,0.01,72.04,0.92,15.81,1.63,15.57
2022,6,10,6,0.37,0.53,1.1,40.73,57.2,5.39,0.03,0.17,11.39,8.51,9.94,10.07,86.12,0.01,72.07,1,12.63,1.5,12.01
2022,6,10,7,1.01,1.36,2.08,115.55,153.05,15.62,0.25,1.23,14.28,8.08,11.18,9.83,69.56,0,72.1,1.07,302.18,1.42,301.23
2022,6,10,8,1.71,2.23,2.99,201.6,256.35,27.88,0.68,3.48,16.26,7.46,11.86,9.46,58.94,0,72.12,2.07,261.53,2.69,261.3
2022,6,10,9,2.26,2.96,3.75,273.6,344.88,38.62,1.19,6.27,17.79,7.47,12.62,9.52,53.81,0,72.14,2.94,245.48,3.78,245.82
2022,6,10,10,2.61,3.51,4.31,319.17,410.8,45.7,1.6,8.05,18.66,8.26,13.46,10.01,53.5,0,72.15,3.72,235.44,4.78,235.79
2022,6,10,11,2.77,3.82,4.64,345.4,449.23,50.06,1.89,9.92,19.08,9.14,14.11,10.5,54.75,0,72.14,4.26,230.88,5.46,231.21
2022,6,10,12,2.32,3.35,4.72,277.62,384.95,34.98,1.26,6.73,19.01,9.83,14.42,10.86,57,0,72.12,4.4,228.81,5.62,229.06
2022,6,10,13,2.34,3.17,4.53,273.5,362.83,34.72,1.21,6.17,18.79,10.39,14.58,11.23,59.5,0.06,72.1,4.33,228.22,5.5,228.4
2022,6,10,14,2.07,2.69,4.1,241.08,306.12,30.31,0.95,4.77,18.26,10.69,14.47,11.41,62.44,0.12,72.07,3.95,227.57,4.98,227.67
2022,6,10,15,1.62,2.08,3.45,186.9,234.3,23.16,0.61,3.2,17.8,10.57,14.19,11.29,63.75,0.11,72.06,3.71,225.26,4.68,225.2
2022,6,10,16,1.06,1.37,2.62,118.85,152.27,14.68,0.29,1.45,17.01,10.22,13.61,11.05,65.5,0.11,72.06,3.46,221.89,4.39,221.9
2022,6,10,17,0.57,0.7,1.68,61.73,76.83,7.59,0.09,0.42,15.79,9.9,12.84,10.8,69.44,0.09,72.08,2.94,218.3,3.75,218.49
2022,6,10,18,0.17,0.2,0.69,20.05,22.58,2.59,0.01,0.05,14.26,10.14,12.2,11.05,78.38,0.12,72.12,2.04,212.35,2.76,212.88
2022,6,10,19,0,0,0,0,0,0,0,0,12.74,9.53,11.14,10.62,82.88,0.09,72.16,1.18,203,1.72,203.3
2022,6,10,20,0,0,0,0,0,0,0,0,12.4,9.11,10.75,10.31,82.44,0.05,72.21,0.83,189.2,1.17,189.21
2022,6,10,21,0,0,0,0,0,0,0,0,11.72,8.94,10.33,10.19,85.44,0.02,72.24,0.29,154.13,0.44,156.14
2022,6,10,22,0,0,0,0,0,0,0,0,10.74,8.76,9.76,10.13,90.5,0.01,72.26,0.26,62.65,0.42,63.43
2022,6,10,23,0,0,0,0,0,0,0,0,9.84,8.44,9.14,9.95,94.5,0.01,72.25,0.36,38.85,0.76,38.75
2022,6,11,0,0,0,0,0,0,0,0,0,9.28,7.97,8.62,9.64,95.44,0,72.22,0.45,27.9,1.03,29.1
2022,6,11,1,0,0,0,0,0,0,0,0,8.99,7.41,8.2,9.34,93.94,0.41,72.18,0.6,21.25,1.31,23.96
2022,6,11,2,0,0,0,0,0,0,0,0,8.88,6.76,7.82,8.97,90.69,0.41,72.14,0.79,20.22,1.58,23.01
2022,6,11,3,0,0,0,0,0,0,0,0,8.93,6.13,7.53,8.61,86.62,0.41,72.13,0.93,20.11,1.71,21.75
2022,6,11,4,0,0,0,0,0,0,0,0,9.08,5.41,7.25,8.18,81.5,0,72.12,0.98,18.15,1.69,18.85
2022,6,11,5,0.05,0.04,0.18,3.75,4.77,0.52,0,0,9.3,4.91,7.11,7.87,77.62,0,72.14,1,15.45,1.67,15.72
2022,6,11,6,0.42,0.48,1.1,45.3,53.12,5.88,0.04,0.17,11.19,6.86,9.03,9.28,80.31,0,72.17,0.91,10.92,1.45,10.89
2022,6,11,7,1.04,1.24,2.08,116.95,139.7,15.13,0.24,1.17,14.04,5.62,9.83,8.42,60.62,0,72.19,0.93,287.07,1.21,286.1
2022,6,11,8,1.77,2.07,2.98,206.17,239.15,27.63,0.66,3.35,15.74,5.42,10.58,8.24,53.06,0,72.21,2.27,244.49,2.89,244.68
2022,6,11,9,2.41,2.8,3.74,287.55,327.05,39.46,1.2,6.27,16.95,6.2,11.58,8.61,51.38,0,72.22,3.12,232.84,3.96,233.18
2022,6,11,10,2.58,3.35,4.31,312.42,392.38,44.47,1.57,7.95,17.84,7.26,12.55,9.22,52,0,72.23,3.7,226.88,4.69,227.16
2022,6,11,11,2.78,3.65,4.64,347.48,428.35,48.8,1.82,9.73,18.44,8.27,13.36,9.83,53.38,0,72.21,4.14,223.39,5.24,223.61
2022,6,11,12,2.43,3.42,4.72,302.42,395.08,39.38,1.43,7.75,18.65,9.24,13.94,10.44,55.88,0.01,72.2,4.34,221.35,5.49,221.54
2022,6,11,13,2.17,3.21,4.53,260.62,366.38,33.71,1.19,6.12,18.24,9.94,14.09,10.86,59.75,0.14,72.18,4.23,219.68,5.35,219.78
2022,6,11,14,1.98,2.77,4.1,234.02,314.23,29.41,0.95,4.75,17.81,10.28,14.05,11.11,62.62,0.32,72.14,4.03,218.78,5.08,218.88
2022,6,11,15,1.64,2.13,3.45,189.62,239,23.55,0.64,3.38,17.26,10.36,13.81,11.17,65.19,0.41,72.11,3.87,217.38,4.89,217.47
2022,6,11,16,0.97,1.38,2.63,109,151.75,13.49,0.28,1.38,16.32,10.3,13.31,11.11,69.06,0.39,72.09,3.44,216.32,4.38,216.36
2022,6,11,17,0.58,0.72,1.68,61.35,78.75,7.55,0.09,0.42,15.19,10.23,12.7,11.11,73.94,0.3,72.09,2.87,214.81,3.68,214.8
2022,6,11,18,0.17,0.21,0.7,18.92,23.27,2.48,0.01,0.05,13.73,10.29,12.01,11.17,81.94,0.11,72.11,2.14,212.01,2.87,212.3
2022,6,11,19,0,0,0,0,0,0,0,0,12.32,10.71,11.51,11.6,93.06,0.06,72.17,1.1,206.02,1.75,206.57
2022,6,11,20,0,0,0,0,0,0,0,0,11.91,10.45,11.19,11.35,94,0.04,72.23,0.96,205.52,1.52,206.3
2022,6,11,21,0,0,0,0,0,0,0,0,11.54,10.08,10.81,11.11,94.06,0.01,72.28,0.48,211.12,0.79,210.38
2022,6,11,22,0,0,0,0,0,0,0,0,10.87,9.9,10.39,10.99,97.25,0.01,72.29,0.03,345.96,0.05,333.43
2022,6,11,23,0,0,0,0,0,0,0,0,10.33,9.73,10.02,10.86,99.81,0.01,72.27,0.19,40.1,0.47,35.54
2022,6,12,0,0,0,0,0,0,0,0,0,9.9,9.29,9.59,10.56,99.62,0.02,72.23,0.29,43.92,0.67,41.69
2022,6,12,1,0,0,0,0,0,0,0,0,9.73,8.87,9.3,10.25,98.06,0.09,72.2,0.38,36.63,0.77,36.29
2022,6,12,2,0,0,0,0,0,0,0,0,9.87,8.55,9.21,10.01,95.06,0.19,72.17,0.4,33.07,0.73,32.85
2022,6,12,3,0,0,0,0,0,0,0,0,10.06,8.29,9.18,9.89,92.25,0.13,72.16,0.35,25.41,0.58,25.53
2022,6,12,4,0,0,0,0,0,0,0,0,10.06,8.02,9.05,9.7,90.62,0.1,72.16,0.29,14.04,0.47,13.35
2022,6,12,5,0.04,0.04,0.18,3.23,4,0.41,0,0,10.11,7.87,8.99,9.58,89.31,0.06,72.18,0.34,20.1,0.55,19.98
2022,6,12,6,0.31,0.41,1.1,33.27,43.9,4.27,0.03,0.12,11.68,8.95,10.32,10.38,87.19,0.01,72.21,0.2,353.16,0.39,1.15
2022,6,12,7,0.85,1.13,2.08,94.17,123.1,11.74,0.18,0.9,14.05,8.64,11.34,10.13,72.75,0.01,72.24,1.03,264.33,1.28,265.82
2022,6,12,8,1.6,1.99,2.98,187.98,224.5,24.68,0.59,3.02,15.87,8.4,12.14,9.89,63.44,0,72.25,2.02,242.15,2.53,242.41
2022,6,12,9,2.16,2.75,3.74,258.35,316.5,34.92,1.06,5.6,17.42,8.73,13.08,10.13,58.69,0,72.26,2.91,231.65,3.66,232.03
2022,6,12,10,2.35,3.29,4.31,287.45,381.48,40.16,1.39,7.02,18.44,9.3,13.87,10.56,57.25,0,72.28,3.74,225.76,4.73,225.94
2022,6,12,11,2.38,3.67,4.64,298.77,429.25,42.09,1.58,8.3,18.89,10.02,14.46,11.05,58.31,0.03,72.29,4.22,222.82,5.35,222.93
2022,6,12,12,1.87,3.27,4.72,228.3,369.2,28.25,1.01,5.4,18.87,10.69,14.78,11.47,60.69,0.09,72.29,4.25,221.42,5.36,221.52
2022,6,12,13,1.68,3.14,4.54,205.5,355.85,25.76,0.89,4.52,18.69,11.04,14.86,11.66,62.44,0.11,72.27,4.1,220.52,5.16,220.64
2022,6,12,14,1.65,2.77,4.1,198.62,314.33,25.24,0.81,4.08,18.42,11.05,14.73,11.66,63.5,0.14,72.25,3.98,219.91,5.01,220
2022,6,12,15,1.49,2.2,3.45,173.35,249.45,22.21,0.62,3.27,17.9,10.92,14.4,11.6,65.12,0.16,72.23,3.71,217.47,4.68,217.54
2022,6,12,16,0.96,1.5,2.63,110.65,168.9,13.97,0.29,1.45,17.09,10.73,13.91,11.41,67.69,0.12,72.22,3.34,216.25,4.23,216.36
2022,6,12,17,0.47,0.77,1.69,52.23,84.4,6.69,0.09,0.4,15.98,10.57,13.27,11.35,72,0.09,72.22,2.83,214.66,3.62,214.89
2022,6,12,18,0.18,0.22,0.71,20.95,25.23,2.77,0.01,0.05,14.46,10.73,12.59,11.54,80.62,0.08,72.26,2,212.08,2.7,212.36
2022,6,12,19,0,0,0,0,0,0,0,0,12.92,11.19,12.05,11.9,92.38,0.07,72.31,0.96,205.94,1.64,208.39
2022,6,12,20,0,0,0,0,0,0,0,0,12.67,10.99,11.83,11.72,92.56,0.06,72.38,0.98,205.95,1.52,206.83
2022,6,12,21,0,0,0,0,0,0,0,0,12.35,10.83,11.59,11.6,93.62,0.05,72.42,0.7,212.28,1.03,211.04
2022,6,12,22,0,0,0,0,0,0,0,0,11.71,10.56,11.13,11.47,96.19,0.03,72.44,0.23,225,0.39,224.19
2022,6,12,23,0,0,0,0,0,0,0,0,11.16,10.46,10.81,11.41,99.38,0.03,72.42,0.05,296.57,0.12,317.73
2022,6,13,0,0,0,0,0,0,0,0,0,10.94,10.37,10.65,11.35,100,0.06,72.39,0.09,10.3,0.32,17.1
2022,6,13,1,0,0,0,0,0,0,0,0,10.86,10.15,10.5,11.23,99.56,0.14,72.35,0.16,26.57,0.48,27.41
2022,6,13,2,0,0,0,0,0,0,0,0,10.77,9.88,10.33,10.99,98.31,0.19,72.31,0.23,29.98,0.58,30.03
2022,6,13,3,0,0,0,0,0,0,0,0,10.7,9.55,10.12,10.74,96.56,0.05,72.29,0.28,21.5,0.58,24.83
2022,6,13,4,0,0,0,0,0,0,0,0,10.44,9.18,9.81,10.5,95.75,0.02,72.29,0.31,18.89,0.62,22.07
2022,6,13,5,0.05,0.05,0.18,3.62,4.73,0.5,0,0,10.26,8.89,9.57,10.25,94.94,0.01,72.31,0.4,23.05,0.77,23.43
2022,6,13,6,0.42,0.49,1.09,45.85,53.55,5.76,0.04,0.17,11.96,9.62,10.79,10.8,89.25,0.01,72.33,0.44,12.31,0.71,13.42
2022,6,13,7,0.94,1.26,2.08,106.88,142.02,14.03,0.22,1.1,14.51,9.19,11.85,10.44,73,0.01,72.34,0.89,271.01,1.09,272.05
2022,6,13,8,1.66,2.1,2.98,196.42,243.1,26.84,0.65,3.27,16.33,9.08,12.71,10.31,64.12,0,72.35,2.06,236.43,2.56,236.84
2022,6,13,9,2.24,2.85,3.74,272.48,333.38,38.35,1.17,6.12,17.82,9.44,13.63,10.5,59.56,0,72.36,3,227.21,3.77,227.44
2022,6,13,10,2.71,3.42,4.31,333.62,401.35,47.58,1.67,8.58,18.8,10,14.4,10.93,58.06,0,72.37,3.85,222.37,4.87,222.47
2022,6,13,11,2.71,3.76,4.64,337.33,441.98,49.27,1.85,9.9,19.19,10.56,14.87,11.29,58.69,0.01,72.37,4.34,220.48,5.51,220.63
2022,6,13,12,2.75,3.52,4.72,337.38,408.25,45.88,1.68,9.1,19.11,11.06,15.08,11.66,60.69,0.07,72.34,4.42,219.91,5.6,220.02
2022,6,13,13,2.61,3.3,4.54,319.85,382.42,42,1.5,7.8,18.93,11.3,15.12,11.84,62.25,0.15,72.28,4.37,219.64,5.54,219.73
2022,6,13,14,2.19,2.86,4.11,259.9,330.92,34.58,1.11,5.65,18.68,11.37,15.03,11.84,63.5,0.2,72.23,4.24,219.32,5.38,219.4
2022,6,13,15,1.73,2.24,3.46,204.45,258.4,26.53,0.71,3.7,18.23,11.35,14.8,11.84,65.25,0.2,72.19,4.05,217.87,5.14,217.97
2022,6,13,16,1.09,1.52,2.63,126.73,172.73,16.13,0.33,1.62,17.38,11.25,14.31,11.78,68.38,0.19,72.17,3.72,217.33,4.77,217.34
2022,6,13,17,0.62,0.79,1.69,68.77,89.45,8.52,0.09,0.48,16.14,11.15,13.65,11.72,73.69,0.16,72.19,3.23,216.23,4.19,216.27
2022,6,13,18,0.22,0.23,0.72,24.95,26.75,3.28,0.01,0.05,14.76,11.26,13.01,11.84,81.25,0.36,72.23,2.48,213.04,3.34,213.06
2022,6,13,19,0,0,0,0,0,0,0,0,13.57,11.69,12.63,12.27,90.81,0.27,72.28,1.53,207.61,2.27,207.27
2022,6,13,20,0,0,0,0,0,0,0,0,13.08,11.51,12.3,12.08,92.5,0.18,72.32,1.25,205.92,1.91,205.2
2022,6,13,21,0,0,0,0,0,0,0,0,12.8,11.1,11.94,11.72,91.69,0.08,72.36,0.99,205.35,1.51,204.71
2022,6,13,22,0,0,0,0,0,0,0,0,12.56,10.8,11.69,11.47,91.19,0.03,72.37,0.74,204.39,1.07,202.81
2022,6,13,23,0,0,0,0,0,0,0,0,12.3,10.76,11.53,11.47,92.69,0.02,72.35,0.38,199.18,0.57,195.19
2022,6,14,0,0,0,0,0,0,0,0,0,11.83,10.56,11.2,11.35,94.56,0.02,72.32,0.11,201.04,0.12,172.41
2022,6,14,1,0,0,0,0,0,0,0,0,11.35,10.33,10.84,11.23,96.38,0.3,72.28,0.09,340.02,0.24,14.93
2022,6,14,2,0,0,0,0,0,0,0,0,10.97,10.14,10.55,11.11,97.81,0.31,72.25,0.23,356.05,0.43,1.04
2022,6,14,3,0,0,0,0,0,0,0,0,10.79,10.01,10.4,10.99,98.12,0.61,72.23,0.25,350.84,0.4,348.69
2022,6,14,4,0,0,0,0,0,0,0,0,10.68,9.84,10.26,10.93,97.88,1.04,72.23,0.22,337.07,0.37,332.35
2022,6,14,5,0.04,0.05,0.18,3.6,5.15,0.52,0,0,10.69,9.64,10.16,10.74,96.5,1.03,72.24,0.24,328.39,0.41,327.53
2022,6,14,6,0.34,0.53,1.09,37.75,59.7,4.89,0.03,0.15,12.09,10.12,11.1,11.17,91.12,0.38,72.27,0.53,306.03,0.68,308.97
2022,6,14,7,0.76,1.32,2.07,88.27,152.88,11.99,0.2,0.95,14.05,9.63,11.83,10.74,77.56,0.03,72.3,1.1,270,1.35,269.67
2022,6,14,8,1.42,2.16,2.98,172.62,255.48,24.21,0.59,3,15.91,9.37,12.65,10.56,67.38,0,72.32,2.16,239.53,2.7,239.58
2022,6,14,9,2,2.9,3.74,249.1,345.15,35.74,1.1,5.75,17.42,9.49,13.46,10.62,61.62,0,72.34,3.05,230.19,3.85,230.36
2022,6,14,10,2.53,3.45,4.3,319.1,411.75,46.54,1.66,8.45,18.48,9.93,14.2,10.93,59.31,0,72.35,3.67,225.78,4.65,225.82
2022,6,14,11,2.91,3.77,4.64,373.35,450.9,54.55,2.09,11.08,19.06,10.49,14.78,11.29,59.19,0,72.34,4.18,223.11,5.31,223.21
2022,6,14,12,2.8,3.46,4.72,347.88,405.58,46.88,1.72,9.33,19.05,11.08,15.07,11.72,61.38,0.1,72.32,4.38,221.82,5.57,221.93
2022,6,14,13,2.34,3.3,4.54,292.3,385.85,38.87,1.4,7.27,18.67,11.55,15.12,12.02,64.56,0.7,72.28,4.32,220.6,5.48,220.66
2022,6,14,14,2.06,2.87,4.11,250.5,335.33,33.52,1.1,5.55,18.19,11.8,14.99,12.27,67.56,1.61,72.24,4.21,219.36,5.35,219.31
2022,6,14,15,1.31,2.25,3.46,160.65,261.02,20.98,0.58,2.95,17.51,11.96,14.73,12.39,71.38,1.89,72.21,3.95,219.39,5.03,219.4
2022,6,14,16,0.9,1.51,2.64,104.35,172.92,13.19,0.27,1.33,16.62,11.98,14.3,12.45,75.69,1.86,72.18,3.55,221.08,4.56,221.04
2022,6,14,17,0.46,0.78,1.7,52.33,88.8,6.65,0.08,0.4,15.48,11.98,13.73,12.45,81.5,1.54,72.18,2.97,222.01,3.85,221.87
2022,6,14,18,0.16,0.23,0.72,19.42,26.35,2.45,0.01,0.05,14.28,12.01,13.15,12.51,88.38,0.8,72.2,2.14,222.03,2.87,221.58
2022,6,14,19,0,0,0,0,0,0,0,0,13.28,12.12,12.7,12.63,95.19,0.48,72.24,1.29,217.15,1.86,215.62
2022,6,14,20,0,0,0,0,0,0,0,0,12.9,11.94,12.41,12.45,96.38,0.3,72.28,0.88,212.01,1.29,211.38
2022,6,14,21,0,0,0,0,0,0,0,0,12.63,11.67,12.15,12.21,96.38,0.15,72.32,0.41,207.55,0.6,203.89
2022,6,14,22,0,0,0,0,0,0,0,0,12.25,11.57,11.91,12.15,98.25,0.18,72.34,0.09,180,0.13,151.93
2022,6,14,23,0,0,0,0,0,0,0,0,11.81,11.32,11.57,11.96,99.56,0.33,72.33,0.03,63.43,0.2,53.13
2022,6,15,0,0,0,0,0,0,0,0,0,11.47,10.98,11.23,11.72,99.69,0.44,72.3,0.12,14.93,0.35,28.3
2022,6,15,1,0,0,0,0,0,0,0,0,11.19,10.65,10.92,11.41,99.19,0.29,72.26,0.2,357.71,0.42,9.64
2022,6,15,2,0,0,0,0,0,0,0,0,10.97,10.4,10.69,11.23,99,0.12,72.22,0.28,352.09,0.52,355.73
2022,6,15,3,0,0,0,0,0,0,0,0,10.82,10.17,10.49,11.11,98.5,0.09,72.19,0.35,345.65,0.6,345.78
2022,6,15,4,0,0,0,0,0,0,0,0,10.75,9.87,10.31,10.86,97.25,0.08,72.17,0.39,337.56,0.69,336.04
2022,6,15,5,0.05,0.05,0.17,3.75,5.15,0.53,0,0,10.8,9.62,10.21,10.74,95.31,0.06,72.17,0.38,337.11,0.68,334.03
2022,6,15,6,0.3,0.52,1.09,34.08,60.05,4.51,0.03,0.15,12.43,10.38,11.4,11.35,90.44,0,72.17,0.42,303.69,0.61,313.45
2022,6,15,7,0.82,1.32,2.07,97.27,154.62,13.19,0.21,1.02,14.29,10.3,12.3,11.29,79.69,0,72.18,1.07,272.51,1.36,272.3
2022,6,15,8,1.38,2.16,2.97,168.88,256.17,23.84,0.58,2.9,15.99,10.37,13.19,11.29,71.62,0.01,72.2,2.04,241.97,2.57,242.11
2022,6,15,9,1.95,2.9,3.73,241.73,345.48,35.05,1.07,5.55,17.51,10.78,14.15,11.6,66.81,0.03,72.21,2.78,231.04,3.51,231.06
2022,6,15,10,2.35,3.45,4.3,298.25,412.48,43.91,1.55,7.88,18.62,11.35,14.98,12.02,64.69,0.07,72.22,3.5,225.45,4.43,225.5
2022,6,15,11,2.54,3.78,4.64,329.08,452.12,49.1,1.86,9.77,19.08,12,15.54,12.57,65.44,0.25,72.23,4.08,223.37,5.19,223.42
2022,6,15,12,2.28,3.78,4.72,300.35,452.8,44.15,1.68,9,18.9,12.56,15.73,13,68.38,0.62,72.22,4.39,222.47,5.58,222.56
2022,6,15,13,2.04,3.53,4.54,258.62,419.95,37.23,1.36,7.05,18.56,12.83,15.7,13.18,71.12,1.2,72.19,4.44,222.36,5.66,222.43
2022,6,15,14,2.02,3.01,4.11,252.48,356.08,35.12,1.16,5.88,18.08,12.96,15.52,13.37,74.06,1.63,72.16,4.34,222.37,5.54,222.37
2022,6,15,15,1.26,2.32,3.46,155.75,271.58,21.2,0.59,3.05,17.43,13.04,15.23,13.43,77.56,2.03,72.13,4.23,219.98,5.43,219.98
2022,6,15,16,0.74,1.52,2.64,88,174.92,11.65,0.24,1.2,16.49,12.99,14.74,13.43,82.19,2.49,72.11,3.97,217.41,5.15,217.43
2022,6,15,17,0.39,0.77,1.7,42.9,87,5.54,0.06,0.33,15.39,13.03,14.21,13.49,88.5,2.47,72.12,3.55,214.7,4.68,214.73
2022,6,15,18,0.14,0.23,0.73,16.62,26.65,2.2,0.01,0.05,14.3,13.14,13.72,13.55,95.69,1.13,72.16,2.86,211.82,3.86,211.76
2022,6,15,19,0,0,0,0,0,0,0,0,13.51,13.13,13.33,13.55,100,1.18,72.21,1.95,207.38,2.76,207.15
2022,6,15,20,0,0,0,0,0,0,0,0,13.16,12.95,13.06,13.43,100,1.21,72.26,1.58,206.06,2.3,204.91
2022,6,15,21,0,0,0,0,0,0,0,0,12.88,12.69,12.79,13.18,100,1.26,72.28,1.25,208.32,1.91,206.25
2022,6,15,22,0,0,0,0,0,0,0,0,12.66,12.48,12.57,13,100,1.39,72.3,1.09,217.44,1.62,216.15
2022,6,15,23,0,0,0,0,0,0,0,0,12.54,12.34,12.44,12.88,100,1.31,72.28,0.89,231.03,1.31,232.03
2022,6,16,0,0,0,0,0,0,0,0,0,12.21,12.05,12.12,12.63,100,0.86,72.25,0.69,246.04,1.09,249.35
2022,6,16,1,0,0,0,0,0,0,0,0,11.81,11.66,11.73,12.39,100,0.41,72.21,0.45,273.01,0.76,278.3
2022,6,16,2,0,0,0,0,0,0,0,0,11.4,11.23,11.32,12.08,100,0.18,72.16,0.35,312.27,0.71,321.74
2022,6,16,3,0,0,0,0,0,0,0,0,11.07,10.8,10.93,11.78,100,0.09,72.11,0.36,349.92,0.85,356.29
2022,6,16,4,0,0,0,0,0,0,0,0,11.08,10.44,10.76,11.54,100,0.04,72.09,0.44,19.72,1.02,20.66
2022,6,16,5,0.04,0.04,0.17,3.45,4.62,0.48,0,0,11.18,10.43,10.8,11.6,100,0.01,72.1,0.55,46.74,1.14,42.22
2022,6,16,6,0.32,0.45,1.09,36.12,51.25,4.84,0.03,0.15,11.81,10.49,11.15,11.66,97.06,0.01,72.14,0.71,58.06,1.06,54.56
2022,6,16,7,0.73,1.16,2.07,83.1,132.8,10.95,0.17,0.85,12.64,10.16,11.4,11.35,89.5,0.02,72.2,0.47,51.79,0.63,49.01
2022,6,16,8,1.22,2.01,2.97,149.95,237.62,20.59,0.49,2.5,13.8,10.51,12.15,11.54,84.25,0.02,72.26,0.39,264.29,0.48,264.38
2022,6,16,9,1.74,2.74,3.73,221.35,326.35,30.84,0.94,4.92,15.37,11.44,13.4,12.15,80.38,0.02,72.3,2.12,238.24,2.66,238.32
2022,6,16,10,2.23,3.3,4.3,282.8,396.48,40.21,1.41,7.05,17.06,11.9,14.48,12.57,74.69,0.03,72.31,3.1,236.51,3.9,236.6
2022,6,16,11,2.3,3.62,4.63,302.08,433.92,43.61,1.63,8.55,18.19,12.19,15.19,12.94,71.44,0.06,72.29,3.39,233.16,4.24,233.17
2022,6,16,12,2.27,3.64,4.72,298.12,437.2,42.84,1.62,8.62,18.6,12.4,15.5,13.18,70.69,0.11,72.25,3.46,230.31,4.32,230.29
2022,6,16,13,2.09,3.35,4.54,266.42,395.85,37.05,1.34,6.88,18.76,12.51,15.64,13.24,70.44,0.14,72.2,3.44,228.96,4.27,228.85
2022,6,16,14,1.8,2.78,4.11,215.8,321.08,29.02,0.93,4.73,18.57,12.38,15.48,13.18,70.81,0.2,72.15,3.34,228.7,4.17,228.72
2022,6,16,15,1.29,2.04,3.46,148.88,229.33,19.37,0.52,2.65,18.09,12.11,15.1,12.94,71.69,0.25,72.11,3.15,227.72,3.93,227.66
2022,6,16,16,0.89,1.32,2.64,100.4,145,12.88,0.27,1.3,17.22,11.83,14.52,12.7,74.25,0.32,72.09,2.85,227.66,3.58,227.57
2022,6,16,17,0.45,0.69,1.7,47.15,74.73,6.09,0.07,0.35,16.01,11.61,13.81,12.51,79,0.48,72.11,2.49,227.04,3.16,227.11
2022,6,16,18,0.19,0.22,0.73,20.6,24.45,2.74,0.01,0.05,14.46,11.83,13.14,12.7,88.75,0.09,72.15,1.85,224.49,2.45,224.48
2022,6,16,19,0,0,0,0,0,0,0,0,12.83,12.3,12.57,13.12,100,0.14,72.19,0.74,218.57,1.19,221.54
2022,6,16,20,0,0,0,0,0,0,0,0,12.56,12.23,12.4,13.06,100,0.17,72.23,0.45,220.82,0.75,225.42
2022,6,16,21,0,0,0,0,0,0,0,0,12.37,12.08,12.23,12.94,100,0.18,72.25,0.26,218.93,0.38,227.49
2022,6,16,22,0,0,0,0,0,0,0,0,12.33,11.94,12.14,12.82,100,0.23,72.23,0.16,191.31,0.18,192.8
2022,6,16,23,0,0,0,0,0,0,0,0,12.38,11.9,12.14,12.76,100,0.34,72.18,0.18,175.03,0.28,167.12
2022,6,17,0,0,0,0,0,0,0,0,0,12.63,12.38,12.51,13.06,100,0.55,72.12,0.35,189.04,0.6,184.51
2022,6,17,1,0,0,0,0,0,0,0,0,12.57,12.53,12.55,13.12,100,0.81,72.06,0.5,199,0.84,195.58
2022,6,17,2,0,0,0,0,0,0,0,0,12.6,12.54,12.57,13.06,100,1.06,72.01,0.82,207.78,1.34,207.76
2022,6,17,3,0,0,0,0,0,0,0,0,12.24,12.38,12.31,12.94,100,1.39,71.97,1.08,207.12,1.83,206.57
2022,6,17,4,0,0,0,0,0,0,0,0,12.1,12.25,12.18,12.82,100,1.56,71.95,1.25,206.73,2.05,206.18
2022,6,17,5,0.04,0.04,0.17,3.35,4.38,0.48,0,0,12.04,12.18,12.11,12.82,100,1.23,71.97,1.43,207.26,2.24,206.48
2022,6,17,6,0.35,0.44,1.08,39.85,50.4,5.55,0.03,0.17,12.78,12.54,12.66,13.12,100,0.48,72.03,2.5,211.21,3.46,211.14
2022,6,17,7,0.87,1.17,2.07,102.15,135.33,14.02,0.22,1.1,13.7,12.86,13.28,13.37,97.81,0.4,72.1,3.12,223.48,4.18,223.48
2022,6,17,8,1.33,1.99,2.97,159.05,234.58,22.05,0.52,2.58,14.83,12.94,13.88,13.37,91.38,0.3,72.15,3.57,229.79,4.67,229.89
2022,6,17,9,1.99,2.75,3.73,249.45,328.77,35.69,1.09,5.7,16.03,12.69,14.36,13.24,83.5,0.22,72.19,3.6,235,4.6,234.96
2022,6,17,10,2.43,3.32,4.3,302.55,398.5,43.76,1.52,7.98,17.06,12.58,14.82,13.18,77.88,0.17,72.21,3.74,234.09,4.76,234.09
2022,6,17,11,2.65,3.65,4.63,340.73,438.33,50.26,1.9,10.05,17.62,12.65,15.14,13.24,75.62,0.12,72.22,3.94,230.15,5,230.26
2022,6,17,12,2.79,3.55,4.72,347.58,420.92,48.88,1.85,9.9,17.9,12.77,15.34,13.31,74.75,0.09,72.18,4.13,226.92,5.23,227
2022,6,17,13,2.4,3.42,4.54,294.1,404.92,42.2,1.55,8.02,17.91,12.74,15.33,13.31,74.44,0.06,72.14,4.29,226.33,5.45,226.39
2022,6,17,14,1.9,3,4.11,239.33,353.77,33.58,1.12,5.67,17.72,12.62,15.17,13.18,74.75,0.05,72.1,4.33,226.97,5.52,227.01
2022,6,17,15,1.51,2.37,3.47,183.73,277.7,25.42,0.71,3.65,17.23,12.38,14.81,13,75.94,0.05,72.06,4.2,226.51,5.39,226.64
2022,6,17,16,1,1.6,2.65,116.23,183.23,15.61,0.33,1.62,16.54,12.23,14.38,12.88,78.69,0.06,72.04,3.88,223.2,5.02,223.23
2022,6,17,17,0.51,0.83,1.71,55.7,93,7.4,0.09,0.45,15.48,12.3,13.89,12.94,84.62,0.09,72.03,3.47,215.94,4.58,215.83
2022,6,17,18,0.24,0.25,0.74,26.7,28.27,3.59,0.02,0.05,14.11,12.58,13.35,13.24,94.31,0.32,72.04,2.8,207.57,3.79,207.46
2022,6,17,19,0,0,0,0,0,0,0,0,13.44,12.83,13.13,13.43,100,0.48,72.08,2.2,207.47,3.11,207.4
2022,6,17,20,0,0,0,0,0,0,0,0,13.07,12.79,12.93,13.37,100,0.58,72.14,2.1,213.93,3.08,213.61
2022,6,17,21,0,0,0,0,0,0,0,0,12.64,12.53,12.58,13.12,100,0.64,72.2,2.18,218.76,3.18,218.42
2022,6,17,22,0,0,0,0,0,0,0,0,12.3,12.2,12.25,12.88,100,0.7,72.23,1.93,217.1,2.8,216.84
2022,6,17,23,0,0,0,0,0,0,0,0,12.08,12.02,12.05,12.76,100,0.82,72.22,1.56,208.11,2.31,207.61
2022,6,18,0,0,0,0,0,0,0,0,0,11.98,11.87,11.93,12.63,100,1.02,72.18,1.47,206.16,2.16,205.27
2022,6,18,1,0,0,0,0,0,0,0,0,11.93,11.69,11.81,12.45,100,1.24,72.14,1.45,212.92,2.11,212.45
2022,6,18,2,0,0,0,0,0,0,0,0,11.8,11.55,11.68,12.33,100,1.3,72.12,1.46,225.65,2.1,225.9
2022,6,18,3,0,0,0,0,0,0,0,0,11.5,11.25,11.37,12.08,100,1.07,72.11,1,234.83,1.61,235.69
2022,6,18,4,0,0,0,0,0,0,0,0,11.16,10.85,11.01,11.78,100,0.65,72.11,0.69,243.15,1.19,244.28
2022,6,18,5,0.05,0.04,0.17,3.73,4.6,0.52,0,0,10.91,10.45,10.68,11.47,100,0.3,72.14,0.47,256.65,0.83,255.31
2022,6,18,6,0.32,0.47,1.08,36.25,52.48,4.79,0.03,0.15,12.1,10.88,11.49,11.84,96.5,0.22,72.18,0.8,255.83,1.03,255.96
2022,6,18,7,0.83,1.29,2.06,97.75,149.17,13.5,0.2,1,13.64,10.5,12.07,11.47,84.56,0.11,72.21,1.43,248.6,1.77,248.29
2022,6,18,8,1.49,2.12,2.97,179.73,250.2,25.21,0.58,2.92,15.08,10.58,12.83,11.47,77.31,0.1,72.24,2.37,232.11,2.94,232.01
2022,6,18,9,2.06,2.84,3.73,255.08,338.25,36.34,1.06,5.5,16.18,11.01,13.59,11.78,74.06,0.1,72.26,3.08,228.29,3.85,228.21
2022,6,18,10,2.53,3.39,4.29,316.42,403.58,45.9,1.55,7.75,16.97,11.51,14.23,12.15,72.5,0.12,72.27,3.5,226.9,4.39,226.88
2022,6,18,11,2.53,3.69,4.63,325.45,439.67,47.41,1.7,8.85,17.47,11.96,14.72,12.51,72.38,0.15,72.25,3.77,225.34,4.72,225.4
2022,6,18,12,2.45,3.62,4.72,316.25,431.02,44.98,1.6,8.45,17.73,12.29,15.01,12.82,72.62,0.17,72.21,3.93,223.47,4.93,223.52
2022,6,18,13,2.39,3.43,4.54,300.5,405.35,41.84,1.45,7.42,17.78,12.49,15.13,12.94,73.31,0.19,72.17,4.01,222.39,5.04,222.42
2022,6,18,14,2.07,2.98,4.11,256.62,351.8,35.16,1.1,5.55,17.53,12.57,15.05,13.06,74.88,0.21,72.13,3.95,222.68,4.98,222.78
2022,6,18,15,1.7,2.36,3.47,206.67,275.92,27.88,0.73,3.73,17.08,12.46,14.77,12.94,76.56,0.22,72.1,3.89,222.56,4.92,222.56
2022,6,18,16,1.07,1.62,2.65,127.17,187.5,16.9,0.33,1.62,16.26,12.26,14.26,12.82,79.69,0.25,72.09,3.62,222.12,4.61,222.12
2022,6,18,17,0.8,0.88,1.71,88.62,99.75,11.2,0.12,0.6,15.15,12.11,13.62,12.7,84.94,0.32,72.1,3.06,220.03,3.93,220.08
2022,6,18,18,0.27,0.27,0.74,30.1,30.58,4.01,0.02,0.08,13.94,12.16,13.05,12.82,92.56,0.49,72.12,2.31,213.69,3.05,213.41
2022,6,18,19,0,0,0,0,0,0,0,0,12.95,12.49,12.73,13.18,100,0.64,72.14,1.23,198.2,1.75,198.19
2022,6,18,20,0,0,0,0,0,0,0,0,13.06,12.76,12.9,13.37,100,0.83,72.16,1.26,192.49,1.87,193.51
2022,6,18,21,0,0,0,0,0,0,0,0,13.22,13.03,13.12,13.61,100,1.02,72.18,1.64,204.49,2.43,204.67
2022,6,18,22,0,0,0,0,0,0,0,0,13.26,13.32,13.29,13.79,100,1.16,72.19,2.1,210.38,3.11,210.3
2022,6,18,23,0,0,0,0,0,0,0,0,13.15,13.3,13.23,13.73,100,1.13,72.17,2.59,216.28,3.75,216.27
2022,6,19,0,0,0,0,0,0,0,0,0,12.82,12.89,12.86,13.37,100,0.95,72.15,2.46,224.87,3.57,224.38
2022,6,19,1,0,0,0,0,0,0,0,0,12.61,12.67,12.64,13.18,100,0.7,72.12,1.75,227.9,2.65,227.39
2022,6,19,2,0,0,0,0,0,0,0,0,12.2,12.28,12.24,12.88,100,0.42,72.07,1.41,231.29,2.25,231.62
2022,6,19,3,0,0,0,0,0,0,0,0,11.76,11.89,11.83,12.57,100,0.22,72.04,1.03,232.43,1.85,234.1
2022,6,19,4,0,0,0,0,0,0,0,0,11.31,11.47,11.39,12.21,100,0.11,72.03,0.81,235.23,1.58,237.49
2022,6,19,5,0.04,0.05,0.17,3.65,5.15,0.54,0,0,11.23,11.21,11.22,12.02,100,0.04,72.03,0.73,237.67,1.35,239.89
2022,6,19,6,0.22,0.53,1.08,26.3,61.73,3.63,0.02,0.1,12.3,11.46,11.88,12.27,98.5,0.06,72.05,1.32,248.77,1.73,248.78
2022,6,19,7,0.76,1.33,2.06,91.92,157.35,12.88,0.2,0.95,13.48,11.51,12.49,12.27,91.12,0.05,72.08,1.74,256.21,2.18,256.11
2022,6,19,8,1.4,2.17,2.96,174.92,259.1,25.43,0.59,3,15.08,11.51,13.3,12.27,82.19,0.09,72.11,2.26,246.62,2.82,246.7
2022,6,19,9,1.87,2.9,3.72,237.9,349.5,35.05,1.04,5.35,16.51,11.62,14.07,12.33,75.44,0.08,72.15,3.07,234.94,3.86,234.89
2022,6,19,10,2.37,3.45,4.29,301.67,415.67,44.8,1.52,7.73,17.37,12.08,14.73,12.63,73.44,0.08,72.18,3.73,228.66,4.69,228.78
2022,6,19,11,3.11,3.77,4.63,396.62,453.9,58.7,2.15,11.12,17.69,12.51,15.1,13,73.88,0.08,72.2,4.11,226.54,5.18,226.53
2022,6,19,12,2.93,3.84,4.71,385,471.15,58.19,2.14,11.33,17.68,12.54,15.11,13,73.94,0.16,72.18,4.2,225.83,5.3,225.78
2022,6,19,13,2.58,3.64,4.54,335.25,441.55,49.46,1.77,9,17.46,12.44,14.95,12.94,74.56,0.31,72.14,4.08,226.09,5.13,226.05
2022,6,19,14,1.97,3.17,4.12,250.98,381.9,36.52,1.16,5.9,17.21,12.31,14.76,12.82,75.12,0.46,72.09,3.85,226.32,4.83,226.31
2022,6,19,15,1.52,2.49,3.47,187.33,295.17,26.28,0.7,3.5,16.87,12.08,14.48,12.63,75.62,0.52,72.05,3.61,227.81,4.54,227.72
2022,6,19,16,1.01,1.69,2.65,119.88,196.92,16.13,0.31,1.55,16.27,11.79,14.03,12.45,77.12,0.44,72.03,3.32,228.73,4.19,228.7
2022,6,19,17,0.59,0.91,1.72,65.85,103.1,8.52,0.09,0.45,15.26,11.56,13.41,12.27,81.19,0.33,72.03,2.91,228.7,3.72,228.84
2022,6,19,18,0.25,0.28,0.75,28.42,31.35,3.8,0.02,0.05,13.87,11.56,12.72,12.27,89.12,0.25,72.06,2.27,224.58,3.02,224.79
2022,6,19,19,0,0,0,0,0,0,0,0,12.51,11.83,12.17,12.57,99.5,0.21,72.11,1.21,216.05,1.81,216.23
2022,6,19,20,0,0,0,0,0,0,0,0,12.4,11.89,12.15,12.57,100,0.16,72.16,1.27,213.98,1.88,214.35
2022,6,19,21,0,0,0,0,0,0,0,0,12.11,11.69,11.9,12.33,100,0.18,72.22,1.29,208.11,1.99,207.57
2022,6,19,22,0,0,0,0,0,0,0,0,11.77,11.38,11.58,12.08,100,0.24,72.24,1.4,207.28,2.13,205.81
2022,6,19,23,0,0,0,0,0,0,0,0,11.51,11.01,11.26,11.78,99.88,0.37,72.23,1.37,208.32,2,207.47
2022,6,20,0,0,0,0,0,0,0,0,0,11.04,10.66,10.85,11.54,100,0.5,72.19,1.21,214.2,1.72,214.48
2022,6,20,1,0,0,0,0,0,0,0,0,10.53,10.19,10.36,11.17,100,0.52,72.15,1.02,220.65,1.44,223.03
2022,6,20,2,0,0,0,0,0,0,0,0,10.11,9.73,9.91,10.86,100,0.36,72.1,0.62,235.3,0.85,239.67
2022,6,20,3,0,0,0,0,0,0,0,0,9.74,9.33,9.54,10.68,100,0.2,72.06,0.3,274.51,0.47,279.62
2022,6,20,4,0,0,0,0,0,0,0,0,9.57,9.07,9.32,10.5,100,0.1,72.02,0.23,319.18,0.39,324.06
2022,6,20,5,0.04,0.04,0.17,3.45,4.2,0.5,0,0,9.33,8.76,9.05,10.25,100,0.1,72.02,0.29,341.08,0.56,345.38
2022,6,20,6,0.39,0.43,1.08,43.85,48.08,6.02,0.03,0.15,10.86,9.15,10.01,10.56,93.62,0.05,72.05,0.54,329.74,0.75,332.1
2022,6,20,7,0.92,1.19,2.06,107.1,134.7,14.54,0.21,1.02,13.1,8.83,10.96,10.25,78.56,0.08,72.08,1.32,260.82,1.67,261.95
2022,6,20,8,1.54,2.03,2.96,184.23,236.7,25.74,0.58,2.88,14.76,8.73,11.74,10.19,70.06,0.06,72.11,2.34,241.04,2.93,241.32
2022,6,20,9,2.08,2.8,3.72,257.02,333.33,36.93,1.07,5.45,16.06,9.26,12.66,10.56,66.75,0.05,72.13,2.95,234.92,3.68,234.93
2022,6,20,10,2.59,3.43,4.29,322.1,410.9,47.77,1.6,8.17,17.02,9.99,13.51,11.05,65.62,0.06,72.13,3.24,230.28,4.04,230.34
2022,6,20,11,2.24,3.73,4.63,302.45,455.58,45.77,1.66,8.45,17.67,10.6,14.14,11.47,65.25,0.07,72.11,3.52,225.18,4.4,225.29
2022,6,20,12,2.14,3.75,4.71,283.83,456.52,42.34,1.54,8.1,17.96,10.95,14.46,11.72,65.44,0.09,72.08,3.81,221.51,4.76,221.61
2022,6,20,13,1.91,3.62,4.54,248.5,436.62,37.47,1.33,6.73,17.89,11.2,14.55,11.9,66.88,0.14,72.04,3.91,219.81,4.9,219.83
2022,6,20,14,1.75,3.2,4.12,221.38,385.27,32.69,1.06,5.35,17.4,11.29,14.34,12.02,69.44,0.26,72,3.77,219.79,4.74,219.78
2022,6,20,15,1.34,2.56,3.47,167.98,305.75,24.48,0.67,3.45,16.69,11.22,13.96,11.96,72.38,0.3,71.97,3.47,220.07,4.36,220.2
2022,6,20,16,0.86,1.81,2.66,107.67,214.6,15.51,0.32,1.6,15.85,11.13,13.49,11.96,76.06,0.4,71.94,3.09,220.49,3.88,220.51
2022,6,20,17,0.48,0.97,1.72,54.8,111.45,7.37,0.09,0.42,14.69,11.05,12.87,11.9,81.75,0.53,71.94,2.63,219.83,3.32,219.94
2022,6,20,18,0.2,0.3,0.75,24.73,34.83,3.48,0.02,0.05,13.27,11.11,12.19,11.96,90.19,0.51,71.96,2,216.42,2.61,216.73
2022,6,20,19,0,0,0,0,0,0,0,0,11.95,11.32,11.63,12.15,99.94,0.58,72,1.13,209.05,1.65,209.48
2022,6,20,20,0,0,0,0,0,0,0,0,11.82,11.38,11.6,12.21,100,0.59,72.05,1.08,204.89,1.56,204.9
2022,6,20,21,0,0,0,0,0,0,0,0,11.53,11.06,11.3,11.9,100,0.59,72.1,0.94,205.07,1.36,204.5
2022,6,20,22,0,0,0,0,0,0,0,0,11.13,10.79,10.96,11.72,100,0.53,72.11,0.69,204.23,1.04,204.05
2022,6,20,23,0,0,0,0,0,0,0,0,10.78,10.47,10.62,11.47,100,0.4,72.08,0.42,214.29,0.7,214.94
2022,6,21,0,0,0,0,0,0,0,0,0,10.17,10.02,10.09,11.17,100,0.26,72.04,0.14,286.39,0.28,278.13
2022,6,21,1,0,0,0,0,0,0,0,0,9.54,9.51,9.53,10.8,100,0.13,71.99,0.27,341.57,0.59,347.06
2022,6,21,2,0,0,0,0,0,0,0,0,8.93,8.79,8.86,10.31,100,0.04,71.94,0.53,8.49,1.17,10.78
2022,6,21,3,0,0,0,0,0,0,0,0,8.48,7.77,8.13,9.64,99.75,0.02,71.89,0.83,32.35,1.59,30.96
2022,6,21,4,0,0,0,0,0,0,0,0,8.68,6.85,7.76,9.03,92.31,0.01,71.87,0.94,44.33,1.63,43.64
2022,6,21,5,0.04,0.04,0.17,3.3,4.6,0.47,0,0,9.31,6.26,7.78,8.67,84.81,0.01,71.89,0.88,55.89,1.42,55.52
2022,6,21,6,0.25,0.48,1.07,28.88,53.48,3.98,0.02,0.12,11.67,7.91,9.79,9.77,81.88,0.02,71.94,0.58,97.7,0.84,92.14
2022,6,21,7,1.08,1.25,2.05,124.52,142.75,16.68,0.26,1.25,13.84,7.44,10.64,9.4,68.44,0.02,72.01,1.42,193.65,1.78,193.73
2022,6,21,8,1.76,2.06,2.95,207.9,240.02,28.41,0.66,3.38,15.08,7.83,11.45,9.58,64.56,0.01,72.06,2.56,202.42,3.2,202.5
2022,6,21,9,2.2,2.73,3.72,266.15,321.23,37.19,1.1,5.77,16.14,8.55,12.34,10.07,63.19,0.02,72.11,3.19,203.99,3.99,204.01
2022,6,21,10,2.33,3.27,4.29,291.48,385.98,41.73,1.42,7.2,16.8,9.44,13.12,10.68,64.19,0.08,72.13,3.66,205.14,4.58,205.12
2022,6,21,11,2.42,3.58,4.63,309.1,422.95,44.34,1.62,8.5,17.17,10.29,13.73,11.23,66.06,0.28,72.13,3.85,206.88,4.82,206.9
2022,6,21,12,2.62,3.96,4.71,346.35,480.67,53.77,2.09,11.12,17.25,10.97,14.11,11.72,68.56,0.63,72.11,3.8,209.41,4.74,209.39
2022,6,21,13,2.26,3.77,4.54,293.6,455.45,45.13,1.68,8.73,17.17,11.37,14.27,12.02,70.62,0.96,72.08,3.63,211.81,4.53,211.83
2022,6,21,14,2.14,3.32,4.12,268.5,399.15,40.61,1.38,6.95,16.89,11.53,14.21,12.15,72.69,0.92,72.04,3.4,213.76,4.25,213.69
2022,6,21,15,1.53,2.66,3.48,192.05,318.42,28.34,0.8,4.1,16.4,11.47,13.94,12.15,74.62,0.62,72.02,3.13,217.59,3.92,217.55
2022,6,21,16,1.06,1.86,2.66,126.98,219.62,18.02,0.38,1.88,15.8,11.4,13.6,12.08,77.31,0.34,72.01,2.78,220.78,3.48,220.73
2022,6,21,17,0.54,1.01,1.72,61.23,115.23,8.3,0.1,0.5,14.88,11.33,13.11,12.02,81.81,0.22,72.03,2.39,221.56,3.02,221.44
2022,6,21,18,0.21,0.31,0.76,24.45,34.6,3.41,0.02,0.08,13.45,11.39,12.42,12.15,90.5,0.21,72.08,1.83,220.68,2.42,220.42
2022,6,21,19,0,0,0,0,0,0,0,0,12.07,11.56,11.81,12.33,100,0.18,72.14,0.99,218.59,1.48,219.65
2022,6,21,20,0,0,0,0,0,0,0,0,11.78,11.37,11.57,12.15,100,0.2,72.2,0.73,228.93,1.06,230.68
2022,6,21,21,0,0,0,0,0,0,0,0,11.3,11.03,11.16,11.9,100,0.17,72.24,0.28,245.56,0.45,250.94
2022,6,21,22,0,0,0,0,0,0,0,0,10.76,10.58,10.67,11.6,100,0.13,72.25,0.14,317.29,0.32,329.04
2022,6,21,23,0,0,0,0,0,0,0,0,10.27,10.12,10.19,11.23,100,0.14,72.23,0.35,353.66,0.75,358.81
2022,6,22,0,0,0,0,0,0,0,0,0,9.79,9.43,9.61,10.74,100,0.15,72.2,0.67,4.04,1.22,5.53
2022,6,22,1,0,0,0,0,0,0,0,0,9.65,8.62,9.14,10.19,97.94,0.13,72.17,0.83,10.26,1.43,10.39
2022,6,22,2,0,0,0,0,0,0,0,0,9.67,7.77,8.73,9.64,92.56,0.05,72.15,0.88,14.9,1.45,14.71
2022,6,22,3,0,0,0,0,0,0,0,0,9.58,7,8.29,9.16,88.62,0.01,72.15,0.9,14.64,1.48,15.28
2022,6,22,4,0,0,0,0,0,0,0,0,9.47,6.3,7.88,8.73,85.12,0,72.15,0.87,12.42,1.47,14.11
2022,6,22,5,0.05,0.05,0.16,4.25,4.8,0.62,0,0,9.48,5.91,7.69,8.48,82.88,0,72.18,0.87,13.54,1.48,15.65
2022,6,22,6,0.51,0.53,1.07,56.4,59,7.49,0.04,0.2,11.63,7.93,9.78,9.83,82.75,0,72.24,0.9,19.86,1.36,17.39
2022,6,22,7,1.18,1.3,2.05,134.15,148.85,17.87,0.27,1.3,14.39,8.05,11.22,9.95,70.06,0,72.3,0.53,275.96,0.7,275.77
2022,6,22,8,1.93,2.1,2.95,227,245.2,31.28,0.72,3.58,15.89,8.57,12.23,10.38,66.38,0,72.35,2,226.58,2.52,226.76
2022,6,22,9,2.34,2.82,3.71,286.48,333.8,40.88,1.21,6.25,17.05,9.57,13.3,10.99,65.31,0,72.39,2.75,220.16,3.48,220.17
2022,6,22,10,2.74,3.38,4.28,339.2,402.7,49.36,1.7,8.73,17.94,10.51,14.23,11.6,65.19,0,72.42,3.33,215.63,4.2,215.7
2022,6,22,11,2.89,3.72,4.63,367.98,444.73,54.42,2.02,10.6,18.51,11.36,14.94,12.21,66.06,0,72.42,3.78,213.46,4.8,213.64
2022,6,22,12,2.92,3.91,4.71,383.48,473.7,58.28,2.25,11.98,18.62,12.08,15.35,12.7,68.25,0.01,72.4,4.02,213.01,5.09,213.1
2022,6,22,13,2.59,3.67,4.54,331.15,441.75,49.6,1.82,9.42,18.65,12.57,15.61,13,69.88,0.06,72.37,4.02,213.01,5.08,213.08
2022,6,22,14,2.24,3.23,4.12,283.8,387.45,41.73,1.41,7.05,18.36,12.86,15.61,13.18,72.12,0.11,72.35,3.86,213.69,4.87,213.69
2022,6,22,15,1.69,2.58,3.48,209.77,306.65,30.09,0.84,4.27,17.82,12.9,15.36,13.24,74.75,0.2,72.33,3.59,215.35,4.55,215.27
2022,6,22,16,1.2,1.81,2.66,142.27,211.9,19.77,0.41,2.02,17.07,12.79,14.93,13.12,77.81,0.29,72.33,3.31,217.52,4.22,217.55
2022,6,22,17,0.58,0.99,1.73,65.05,112.55,8.62,0.1,0.5,15.9,12.74,14.33,13.12,83.56,0.28,72.35,2.86,219.12,3.68,219.06
2022,6,22,18,0.22,0.31,0.76,26.67,34.73,3.77,0.02,0.08,14.46,12.8,13.63,13.12,92.19,0.17,72.41,2.05,221.29,2.7,221.12
2022,6,22,19,0,0,0,0,0,0,0,0,13.48,12.98,13.23,13.31,99.5,0.14,72.46,1.08,222.94,1.55,221.94
2022,6,22,20,0,0,0,0,0,0,0,0,13.1,12.83,12.97,13.18,100,0.12,72.51,0.64,225.5,1.03,228.08
2022,6,22,21,0,0,0,0,0,0,0,0,12.8,12.6,12.7,12.94,100,0.1,72.53,0.4,245.46,0.7,246.3
2022,6,22,22,0,0,0,0,0,0,0,0,12.4,12.32,12.37,12.76,100,0.09,72.54,0.27,285.26,0.5,278
2022,6,22,23,0,0,0,0,0,0,0,0,11.89,11.93,11.9,12.45,100,0.09,72.51,0.24,324.25,0.49,323.5
2022,6,23,0,0,0,0,0,0,0,0,0,11.49,11.52,11.51,12.15,100,0.08,72.46,0.26,348.02,0.58,352.3
2022,6,23,1,0,0,0,0,0,0,0,0,11.14,11.01,11.07,11.72,100,0.06,72.42,0.38,357.66,0.81,1.65
2022,6,23,2,0,0,0,0,0,0,0,0,11.02,10.46,10.74,11.35,99.75,0.03,72.38,0.56,3.22,1.02,4.4
2022,6,23,3,0,0,0,0,0,0,0,0,10.95,9.9,10.43,10.99,96.75,0.01,72.34,0.69,13.09,1.23,13.24
2022,6,23,4,0,0,0,0,0,0,0,0,11.11,9.46,10.29,10.62,93,0,72.33,0.74,23.59,1.28,23.75
2022,6,23,5,0.05,0.04,0.16,3.95,4.6,0.58,0,0,11.35,9.21,10.28,10.44,90,0,72.35,0.69,25.41,1.18,26.4
2022,6,23,6,0.47,0.52,1.06,52.38,57.77,6.98,0.04,0.2,13.21,10.54,11.87,11.47,87.12,0,72.38,0.61,14.74,0.88,13.91
2022,6,23,7,1.02,1.3,2.04,116.98,149.73,15.52,0.23,1.12,15.56,11.36,13.46,12.08,79,0.01,72.41,0.7,261.69,0.91,262.08
2022,6,23,8,1.58,2.12,2.95,189.4,249.05,26.53,0.61,3.05,17.17,11.84,14.51,12.51,73.81,0.01,72.43,1.81,230.61,2.3,231.61
2022,6,23,9,2.22,2.85,3.71,273.83,337.9,39.38,1.17,6.02,18.3,12.4,15.35,13,71.44,0.02,72.45,2.95,221.89,3.75,222.39
2022,6,23,10,2.63,3.39,4.28,326.08,404.02,48,1.66,8.45,18.77,12.95,15.86,13.43,71.75,0.04,72.46,3.76,218.16,4.81,218.34
2022,6,23,11,2.86,3.74,4.62,367.2,447.98,54.5,2.03,10.67,19.08,13.48,16.28,13.85,72.38,0.07,72.45,4.24,216.68,5.44,216.82
2022,6,23,12,2.84,3.85,4.71,367.35,466.02,55.02,2.09,11.2,18.81,13.77,16.29,14.04,74.69,0.1,72.42,4.42,217.6,5.69,217.8
2022,6,23,13,2.72,3.7,4.54,350.7,446.95,52.43,1.95,10.05,18.55,14.05,16.3,14.28,77.06,0.14,72.39,4.37,218.47,5.62,218.68
2022,6,23,14,2.57,3.3,4.12,323.88,397.73,47.7,1.61,8.12,18.3,14.12,16.21,14.34,78.56,0.15,72.36,4.29,219.83,5.53,220.07
2022,6,23,15,1.95,2.68,3.48,243,321.55,35.37,1,5.15,17.86,14.05,15.95,14.28,80.31,0.15,72.32,4.16,220.66,5.4,220.77
2022,6,23,16,1.31,1.88,2.66,157.52,222.55,22.18,0.46,2.27,17.05,13.94,15.5,14.16,84,0.14,72.31,3.92,221.12,5.12,221.35
2022,6,23,17,0.69,1.06,1.73,77.88,121.12,10.18,0.12,0.6,16.04,13.85,14.94,14.1,89.12,0.11,72.31,3.39,222.58,4.47,222.73
2022,6,23,18,0.3,0.33,0.77,33.4,37,4.46,0.02,0.08,14.98,13.87,14.43,14.1,95.44,0.56,72.34,2.67,223.34,3.6,223.42
2022,6,23,19,0,0,0,0,0,0,0,0,14.19,13.9,14.04,14.1,100,0.51,72.38,1.6,219.84,2.32,219.95
2022,6,23,20,0,0,0,0,0,0,0,0,13.83,13.76,13.79,13.98,100,0.49,72.42,1.25,218.16,1.97,218.55
2022,6,23,21,0,0,0,0,0,0,0,0,13.51,13.55,13.53,13.79,100,0.48,72.46,1.09,216.87,1.83,217.36
2022,6,23,22,0,0,0,0,0,0,0,0,13.16,13.29,13.23,13.55,100,0.45,72.46,0.92,215.31,1.67,216.22
2022,6,23,23,0,0,0,0,0,0,0,0,12.83,13.01,12.93,13.31,100,0.35,72.44,0.82,217.64,1.57,218.35
2022,6,24,0,0,0,0,0,0,0,0,0,12.52,12.76,12.64,13.12,100,0.23,72.4,0.74,222.44,1.5,223.52
2022,6,24,1,0,0,0,0,0,0,0,0,12.23,12.49,12.37,12.88,100,0.14,72.36,0.69,228.21,1.43,229.2
2022,6,24,2,0,0,0,0,0,0,0,0,11.94,12.22,12.08,12.7,100,0.09,72.32,0.66,236.12,1.39,236.49
2022,6,24,3,0,0,0,0,0,0,0,0,11.81,12.03,11.92,12.51,100,0.06,72.29,0.62,238.3,1.24,237.92
2022,6,24,4,0,0,0,0,0,0,0,0,11.73,11.87,11.8,12.39,100,0.04,72.29,0.56,241.65,1,240.42
2022,6,24,5,0.04,0.04,0.16,3.58,4.6,0.53,0,0,11.8,11.76,11.78,12.33,100,0.02,72.3,0.38,253.07,0.64,253.77
2022,6,24,6,0.44,0.52,1.06,49.7,57.85,6.77,0.04,0.17,13.18,12.26,12.72,12.76,97,0.03,72.32,0.39,283.76,0.52,285.71
2022,6,24,7,0.94,1.32,2.04,111.85,151.15,15.49,0.23,1.12,15.19,12.42,13.8,12.94,86.44,0.05,72.37,0.88,237.72,1.07,238.17
2022,6,24,8,1.56,2.13,2.94,189.4,251.23,26.82,0.62,3.08,17.04,12.49,14.76,13.06,77.62,0.06,72.41,2.15,220.29,2.68,220.38
2022,6,24,9,2.06,2.85,3.71,257.7,340.27,37.32,1.09,5.58,18.27,12.9,15.59,13.43,73.75,0.07,72.42,2.94,220.47,3.69,220.54
2022,6,24,10,2.6,3.38,4.28,327.42,405.8,47.74,1.62,8.2,19.01,13.46,16.23,13.85,72.69,0.12,72.41,3.51,220.03,4.42,220.13
2022,6,24,11,2.71,3.72,4.62,347.5,447.75,52.01,1.9,9.92,19.36,14.03,16.69,14.28,73.38,0.25,72.38,3.95,218.73,4.99,218.77
2022,6,24,12,2.64,3.77,4.71,344.77,452.65,51.24,1.9,10.02,19.3,14.37,16.83,14.59,74.94,0.48,72.34,4.13,218.63,5.24,218.7
2022,6,24,13,2.48,3.52,4.54,319.77,424.25,46.32,1.65,8.42,19.01,14.44,16.73,14.65,76.56,0.78,72.28,4.22,218.84,5.38,218.87
2022,6,24,14,1.79,3.07,4.12,231.05,372.45,33.89,1.09,5.48,18.56,14.41,16.49,14.59,78.62,1.04,72.24,4.17,219.9,5.33,219.95
2022,6,24,15,1.43,2.46,3.48,182.62,295.92,26.04,0.7,3.58,17.96,14.28,16.12,14.53,81.06,1.29,72.2,3.91,221.6,5.02,221.72
2022,6,24,16,0.94,1.72,2.67,115.73,201.62,16.16,0.33,1.62,17.15,14.14,15.65,14.4,84.62,1.27,72.18,3.54,223.21,4.58,223.27
2022,6,24,17,0.63,0.92,1.73,68.95,104.33,8.86,0.09,0.48,16.12,14.08,15.1,14.4,90.31,1.24,72.18,3.02,223.53,3.95,223.56
2022,6,24,18,0.29,0.3,0.77,31.77,33.3,4.33,0.02,0.08,15.1,14.11,14.61,14.4,96.69,0.82,72.21,2.38,222.48,3.2,222.62
2022,6,24,19,0,0,0,0,0,0,0,0,14.48,14.22,14.35,14.53,100,0.8,72.25,1.49,217.95,2.15,217.91
2022,6,24,20,0,0,0,0,0,0,0,0,14.26,14.14,14.2,14.4,100,0.78,72.29,1.16,216.25,1.84,216.19
2022,6,24,21,0,0,0,0,0,0,0,0,13.96,13.94,13.95,14.22,100,0.78,72.32,0.99,217.32,1.69,217.67
2022,6,24,22,0,0,0,0,0,0,0,0,13.58,13.69,13.63,13.98,100,0.83,72.33,0.84,216.66,1.54,217.8
2022,6,24,23,0,0,0,0,0,0,0,0,13.31,13.5,13.4,13.79,100,0.89,72.31,0.79,216.98,1.51,218.89
2022,6,25,0,0,0,0,0,0,0,0,0,13.03,13.3,13.16,13.67,100,0.81,72.27,0.77,215.47,1.53,217.1
2022,6,25,1,0,0,0,0,0,0,0,0,12.83,13.12,12.97,13.49,100,0.65,72.24,0.8,212.6,1.59,214
2022,6,25,2,0,0,0,0,0,0,0,0,12.6,12.8,12.7,13.24,100,0.52,72.21,0.85,212.96,1.62,214.61
2022,6,25,3,0,0,0,0,0,0,0,0,12.18,12.3,12.23,12.88,100,0.43,72.2,0.87,215.54,1.54,218.61
2022,6,25,4,0,0,0,0,0,0,0,0,12,12.02,12.01,12.7,100,0.34,72.19,0.67,221.69,1.23,225.26
2022,6,25,5,0.04,0.04,0.16,3.58,4.1,0.51,0,0,11.97,11.93,11.94,12.57,100,0.26,72.2,0.55,229.57,1.04,232.61
2022,6,25,6,0.27,0.45,1.06,32.23,49.55,4.61,0.03,0.15,13.12,12.43,12.77,13,99.38,0.1,72.23,0.91,240.8,1.2,241.09
2022,6,25,7,0.74,1.22,2.04,91.67,140.25,13.23,0.22,1.05,14.37,12.61,13.49,13.12,92.38,0.08,72.26,1.04,243.63,1.29,243.75
2022,6,25,8,1.32,2.08,2.94,167.05,247.02,24.41,0.61,3.1,16.2,12.95,14.58,13.37,83.69,0.08,72.27,2,231.97,2.5,231.98
2022,6,25,9,1.7,2.79,3.7,218.58,334.75,32.21,1.01,5.3,17.55,13.27,15.4,13.67,78.44,0.07,72.28,2.87,224.45,3.6,224.56
2022,6,25,10,2.57,3.38,4.28,324.25,409.52,47.8,1.72,8.65,18.42,13.74,16.08,14.1,76.5,0.1,72.28,3.54,220.52,4.47,220.6
2022,6,25,11,2.25,3.69,4.62,300.9,446.83,45.24,1.73,9.12,18.89,14.11,16.5,14.4,75.88,0.18,72.25,4.1,217.96,5.22,218.07
2022,6,25,12,2.39,3.74,4.71,316.95,455.02,47.55,1.84,9.88,18.94,14.26,16.6,14.53,76.25,0.34,72.21,4.5,216.95,5.76,217.01
2022,6,25,13,2.15,3.6,4.54,284.33,437.3,42.97,1.61,8.33,18.48,14.26,16.37,14.53,78.5,0.51,72.15,4.57,215.89,5.91,215.85
2022,6,25,14,1.92,3.21,4.12,250.88,389.58,37.84,1.3,6.55,17.65,14.26,15.95,14.53,82.5,0.61,72.11,4.29,214.33,5.59,214.29
2022,6,25,15,1.42,2.58,3.48,185.05,311.35,27.59,0.81,4.25,16.8,14.16,15.48,14.4,86.5,0.62,72.09,3.93,211.92,5.14,211.83
2022,6,25,16,1.03,1.84,2.67,129.55,219.15,19.16,0.43,2.15,16.03,14.04,15.04,14.28,90.12,0.61,72.08,3.54,210.92,4.67,210.82
2022,6,25,17,0.53,1.02,1.73,65.4,119.1,9.5,0.12,0.62,15.25,13.88,14.56,14.16,93.75,0.58,72.08,3.1,211.93,4.14,211.8
2022,6,25,18,0.2,0.32,0.77,24.85,36,3.59,0.02,0.08,14.51,13.74,14.12,14.04,97.5,0.5,72.1,2.57,213.21,3.48,213.08
2022,6,25,19,0,0,0,0,0,0,0,0,13.98,13.66,13.83,13.92,100,0.51,72.15,1.92,208.96,2.7,208.72
2022,6,25,20,0,0,0,0,0,0,0,0,13.76,13.57,13.66,13.85,100,0.55,72.23,1.59,200.39,2.32,200.08
2022,6,25,21,0,0,0,0,0,0,0,0,13.42,13.26,13.33,13.55,100,0.56,72.28,1.41,201.45,2.09,201.21
2022,6,25,22,0,0,0,0,0,0,0,0,12.88,12.62,12.75,13.06,100,0.46,72.32,1.28,223.76,1.84,223.8
2022,6,25,23,0,0,0,0,0,0,0,0,12.05,11.73,11.89,12.45,100,0.39,72.34,0.73,258.33,1.07,263.71
2022,6,26,0,0,0,0,0,0,0,0,0,11.61,11.04,11.33,11.96,100,0.35,72.3,0.54,288.43,0.9,296.79
2022,6,26,1,0,0,0,0,0,0,0,0,11.39,10.73,11.06,11.66,100,0.3,72.27,0.49,313.07,0.89,320.71
2022,6,26,2,0,0,0,0,0,0,0,0,11.29,10.48,10.88,11.47,98.62,0.27,72.23,0.48,328.39,0.89,336.14
2022,6,26,3,0,0,0,0,0,0,0,0,11.27,10.3,10.79,11.23,97,0.29,72.2,0.44,338.01,0.86,345.34
2022,6,26,4,0,0,0,0,0,0,0,0,11.42,10.05,10.73,11.05,94.25,0.37,72.19,0.47,344.58,0.86,347.98
2022,6,26,5,0.04,0.04,0.15,3.1,4.55,0.47,0,0,11.72,9.79,10.76,10.86,90.81,0.44,72.2,0.46,344.32,0.77,345.26
2022,6,26,6,0.25,0.5,1.05,30.62,57.05,4.63,0.03,0.15,12.34,10.52,11.44,11.41,91.75,0.41,72.24,0.45,327.14,0.67,325.39
2022,6,26,7,0.71,1.28,2.03,89.4,150.55,13.41,0.23,1.12,13.5,10.83,12.17,11.6,86.44,0.43,72.31,0.86,259.51,1.11,260.27
2022,6,26,8,1.13,2.11,2.94,142.52,253.25,21.23,0.54,2.75,14.68,11.54,13.11,12.08,83.69,0.46,72.36,1.84,235.7,2.32,235.72
2022,6,26,9,1.77,2.86,3.7,230.88,346.4,34.84,1.12,5.95,15.63,12.02,13.83,12.45,81.12,0.53,72.39,2.45,222.94,3.1,223.16
2022,6,26,10,2.17,3.4,4.28,281.52,413.35,42.59,1.55,7.9,16.33,12.35,14.34,12.76,79.19,0.6,72.41,3,214.6,3.79,214.77
2022,6,26,11,2.14,3.73,4.62,287.95,455.15,44.59,1.74,9.15,16.94,12.69,14.82,13,77.75,0.7,72.4,3.47,209.51,4.41,209.61
2022,6,26,12,2.23,3.78,4.71,299.3,462.33,45.37,1.78,9.67,17.15,12.9,15.02,13.18,77.75,0.81,72.37,3.67,206.73,4.66,206.82
2022,6,26,13,1.82,3.63,4.54,245.48,442,37.76,1.45,7.5,17.19,13.08,15.13,13.31,78.38,0.87,72.33,3.69,205.32,4.69,205.37
2022,6,26,14,1.57,3.23,4.12,205.7,392.98,31.33,1.09,5.58,16.87,13.08,14.98,13.37,80.06,0.88,72.3,3.54,205.49,4.5,205.5
2022,6,26,15,0.95,2.65,3.49,128.73,321.35,20.03,0.61,3.2,16.47,13.04,14.76,13.31,81.94,0.77,72.28,3.13,206.37,3.98,206.46
2022,6,26,16,0.34,1.89,2.67,46.58,226.95,7.34,0.16,0.8,16,12.97,14.48,13.31,84.12,0.58,72.26,2.68,207.01,3.41,206.98
2022,6,26,17,0.14,1.05,1.74,16.95,123.23,2.6,0.03,0.15,15.33,12.87,14.1,13.18,87.38,0.36,72.27,2.28,207.36,2.92,207.39
2022,6,26,18,0.17,0.33,0.78,21.05,37.5,3.13,0.02,0.08,14.33,12.94,13.63,13.31,93.81,0.22,72.3,1.87,209.03,2.46,208.84
2022,6,26,19,0,0,0,0,0,0,0,0,13.49,13.03,13.26,13.37,99.75,0.32,72.35,1.13,209.94,1.6,209.81
2022,6,26,20,0,0,0,0,0,0,0,0,13.19,12.87,13.03,13.24,100,0.55,72.38,0.81,212.77,1.22,213.49
2022,6,26,21,0,0,0,0,0,0,0,0,12.83,12.53,12.68,13,100,0.75,72.42,0.57,217.18,0.8,215.08
2022,6,26,22,0,0,0,0,0,0,0,0,12.7,12.23,12.47,12.82,100,0.98,72.44,0.41,233.57,0.57,229.48
2022,6,26,23,0,0,0,0,0,0,0,0,12.48,12.07,12.27,12.7,100,1.16,72.42,0.48,243.85,0.73,240.41
2022,6,27,0,0,0,0,0,0,0,0,0,12.32,11.93,12.12,12.57,100,1.22,72.4,0.51,241.46,0.78,238.54
2022,6,27,1,0,0,0,0,0,0,0,0,12.21,11.88,12.05,12.51,100,1.16,72.37,0.54,242.32,0.86,239.93
2022,6,27,2,0,0,0,0,0,0,0,0,12.05,11.79,11.92,12.45,100,1.03,72.36,0.57,245.88,0.97,244.26
2022,6,27,3,0,0,0,0,0,0,0,0,11.85,11.65,11.76,12.33,100,0.85,72.35,0.58,248.63,1.01,248.61
2022,6,27,4,0,0,0,0,0,0,0,0,11.71,11.53,11.62,12.21,100,0.63,72.34,0.5,253.56,0.89,254.26
2022,6,27,5,0.05,0.04,0.15,3.77,4.12,0.55,0,0,11.65,11.46,11.55,12.15,100,0.42,72.34,0.44,264.9,0.81,266.67
2022,6,27,6,0.22,0.46,1.05,25.52,51.1,3.63,0.02,0.12,12.61,11.89,12.25,12.51,99,0.24,72.37,0.72,272.49,0.95,273.31
2022,6,27,7,0.61,1.22,2.03,73.12,140.92,10.24,0.17,0.85,13.94,12.31,13.12,12.82,92.88,0.13,72.4,1.22,258.91,1.52,259.33
2022,6,27,8,1.02,2.05,2.93,132.98,243.25,20.04,0.52,2.62,15.35,12.75,14.05,13.12,87,0.08,72.42,2.03,237.41,2.56,237.57
2022,6,27,9,1.49,2.81,3.7,199.7,340.02,30.41,0.98,5.23,16.6,13.09,14.85,13.43,82,0.08,72.43,2.82,227.02,3.59,227.11
2022,6,27,10,1.66,3.38,4.27,225.73,411.5,35.1,1.3,6.52,17.37,13.37,15.37,13.67,79.5,0.14,72.43,3.46,221.61,4.47,221.81
2022,6,27,11,2.24,3.7,4.62,300.5,450.9,45.75,1.79,9.42,17.76,13.62,15.69,13.92,78.81,0.22,72.41,3.85,218.99,4.99,219.15
2022,6,27,12,2.45,3.92,4.71,332.92,484.33,52.52,2.12,11.42,17.85,13.76,15.81,14.04,79.06,0.3,72.36,4.07,218.69,5.3,218.83
2022,6,27,13,2.26,3.76,4.54,303.67,463.15,47.78,1.87,9.73,17.96,13.98,15.97,14.22,79.56,0.33,72.31,4.27,219.87,5.54,220.02
2022,6,27,14,2.08,3.35,4.12,270.52,413.15,41.69,1.48,7.58,17.81,14.13,15.98,14.34,81,0.35,72.27,4.24,220.89,5.5,221.03
2022,6,27,15,1.35,2.74,3.49,179.12,337.05,27.79,0.84,4.4,17.23,14.17,15.7,14.4,84.19,0.32,72.24,3.97,221.89,5.17,222.06
2022,6,27,16,0.67,1.98,2.67,91.25,243.27,14.65,0.34,1.7,16.42,14.14,15.28,14.34,88.44,0.26,72.21,3.52,223.65,4.62,223.63
2022,6,27,17,0.25,1.12,1.74,31.12,133.98,4.88,0.07,0.33,15.62,14.08,14.85,14.34,92.88,0.21,72.21,3.02,225.42,4.01,225.47
2022,6,27,18,0.16,0.36,0.78,20.23,41.1,3.06,0.02,0.08,14.84,14.09,14.47,14.34,97.62,0.21,72.23,2.41,224.74,3.29,224.9
2022,6,27,19,0,0,0,0,0,0,0,0,14.32,14.11,14.21,14.34,100,0.32,72.27,1.53,220.03,2.22,220.14
2022,6,27,20,0,0,0,0,0,0,0,0,14.12,14.04,14.08,14.28,100,0.56,72.31,1.23,218.03,1.87,218.4
2022,6,27,21,0,0,0,0,0,0,0,0,13.87,13.86,13.87,14.1,100,0.83,72.33,1.17,217.94,1.84,217.75
2022,6,27,22,0,0,0,0,0,0,0,0,13.62,13.6,13.62,13.85,100,0.92,72.33,1.18,215.05,1.86,215.09
2022,6,27,23,0,0,0,0,0,0,0,0,13.05,12.98,13.01,13.43,100,0.77,72.31,1.02,214.06,1.61,214.92
2022,6,28,0,0,0,0,0,0,0,0,0,12.48,12.31,12.4,12.94,100,0.53,72.3,0.62,235.3,1.14,235.88
2022,6,28,1,0,0,0,0,0,0,0,0,12.14,11.8,11.97,12.57,100,0.29,72.26,0.52,290.35,1,282.63
2022,6,28,2,0,0,0,0,0,0,0,0,11.99,11.59,11.79,12.39,100,0.15,72.19,0.52,302.74,1.06,295.43
2022,6,28,3,0,0,0,0,0,0,0,0,11.99,11.55,11.77,12.39,100,0.06,72.15,0.45,310.82,0.98,305.96
2022,6,28,4,0,0,0,0,0,0,0,0,11.91,11.34,11.63,12.21,100,0.03,72.14,0.43,314.26,0.95,308.29
2022,6,28,5,0.05,0.04,0.15,3.9,4.17,0.57,0,0,11.96,11.23,11.59,12.08,99.62,0.04,72.16,0.38,321.71,0.83,314.24
2022,6,28,6,0.41,0.47,1.04,46.48,52.27,6.39,0.04,0.2,13.07,11.74,12.4,12.45,95.5,0.06,72.19,0.69,324.69,0.97,322.21
2022,6,28,7,0.99,1.18,2.02,113.83,132.45,15.27,0.23,1.15,14.69,12.43,13.56,13,89.5,0.08,72.21,0.94,282.99,1.2,282.04
2022,6,28,8,1.6,1.94,2.93,188.38,223.77,25.93,0.61,3.1,16.48,13.08,14.78,13.55,83.19,0.11,72.21,1.72,247.52,2.18,247.47
2022,6,28,9,1.9,2.64,3.69,236.35,310.02,33.36,1.02,5.35,18.09,13.33,15.72,13.79,76.56,0.17,72.21,2.74,232.05,3.51,232.42
2022,6,28,10,2.11,3.19,4.27,265.8,378.25,38.42,1.34,6.75,18.76,13.69,16.23,14.1,75.06,0.21,72.2,3.61,227.19,4.66,227.45
2022,6,28,11,2.31,3.52,4.62,299.4,417.98,43.23,1.6,8.45,18.73,13.99,16.37,14.4,76.56,0.23,72.16,3.97,226.51,5.15,226.72
2022,6,28,12,2.31,3.91,4.71,312.75,477.9,49.16,1.93,10.33,18.67,14.15,16.41,14.53,77.56,0.26,72.12,4.18,226.21,5.44,226.51
2022,6,28,13,2.14,3.67,4.54,285.83,445.83,43.77,1.64,8.5,18.37,14.22,16.3,14.59,79.19,0.33,72.07,4.3,226.33,5.61,226.47
2022,6,28,14,0.93,3.21,4.12,131.67,388.58,20.51,0.67,3.4,17.72,14.23,15.98,14.53,82.31,0.39,72.03,4.23,226.79,5.56,226.99
2022,6,28,15,0.57,2.54,3.49,82.33,303.52,12.88,0.37,1.95,16.96,14.26,15.61,14.53,86.19,0.45,72,3.89,228.01,5.12,228.16
2022,6,28,16,0.68,1.75,2.68,85.12,205.27,12.49,0.28,1.4,16.22,14.22,15.22,14.47,90.12,0.53,71.99,3.45,228.4,4.56,228.55
2022,6,28,17,0.32,0.91,1.74,37.6,102.73,5.32,0.07,0.35,15.43,14.16,14.8,14.4,94.38,0.58,71.99,2.91,227.72,3.89,227.85
2022,6,28,18,0.17,0.29,0.78,20.92,33.17,3.09,0.02,0.05,14.81,14.12,14.47,14.4,97.88,0.26,72.02,2.29,225.83,3.11,225.92
2022,6,28,19,0,0,0,0,0,0,0,0,14.33,14.06,14.2,14.34,100,0.31,72.07,1.42,220.77,2.04,220.51
2022,6,28,20,0,0,0,0,0,0,0,0,14.01,13.8,13.9,14.1,100,0.39,72.12,0.96,218.08,1.51,217.87
2022,6,28,21,0,0,0,0,0,0,0,0,13.66,13.5,13.58,13.79,100,0.54,72.15,0.74,219.42,1.32,220.45
2022,6,28,22,0,0,0,0,0,0,0,0,13.29,13.31,13.3,13.67,100,0.67,72.12,0.64,217.57,1.32,218.02
2022,6,28,23,0,0,0,0,0,0,0,0,13.06,13.18,13.12,13.55,100,0.64,72.1,0.74,216.03,1.48,215.78
2022,6,29,0,0,0,0,0,0,0,0,0,13.03,13.13,13.08,13.55,100,0.47,72.11,0.81,217.53,1.53,217.1
2022,6,29,1,0,0,0,0,0,0,0,0,12.94,13.07,13.01,13.49,100,0.27,72.09,0.78,216.41,1.51,216.16
2022,6,29,2,0,0,0,0,0,0,0,0,12.83,12.98,12.9,13.43,100,0.13,72.07,0.76,215.33,1.5,215.02
2022,6,29,3,0,0,0,0,0,0,0,0,12.69,12.89,12.79,13.31,100,0.08,72.05,0.75,213.52,1.52,213.44
2022,6,29,4,0,0,0,0,0,0,0,0,12.49,12.73,12.61,13.18,100,0.05,72.04,0.73,211.49,1.53,211.82
2022,6,29,5,0.04,0.04,0.14,3.5,3.88,0.5,0,0,12.44,12.63,12.54,13.06,100,0.03,72.07,0.66,212.01,1.44,212.83
2022,6,29,6,0.25,0.45,1.04,28.95,50.48,4.12,0.02,0.12,13.53,13.13,13.33,13.49,100,0.02,72.11,1.29,217.63,1.81,217.46
2022,6,29,7,0.6,1.2,2.02,72.58,139.45,10.51,0.16,0.8,14.44,13.33,13.88,13.73,95.81,0.02,72.14,1.64,215.89,2.12,216.45
2022,6,29,8,1.02,2.02,2.92,130.48,240.12,19.61,0.48,2.4,15.49,13.37,14.43,13.79,90.12,0.03,72.17,1.79,208.13,2.28,208.41
2022,6,29,9,1.52,2.74,3.69,197.08,330.5,29.73,0.91,4.77,16.19,13.34,14.76,13.79,86.38,0.04,72.19,2.08,204.64,2.66,204.99
2022,6,29,10,1.73,3.29,4.27,228.62,398.8,34.96,1.22,6.1,16.69,13.47,15.08,13.92,84.31,0.04,72.18,2.4,203.81,3.07,204.02
2022,6,29,11,1.79,3.61,4.62,248.4,438.55,38.27,1.43,7.38,17.01,13.62,15.32,14.04,83.38,0.04,72.15,2.73,202.9,3.51,203.08
2022,6,29,12,1.64,3.66,4.71,229.3,444.75,34.85,1.3,6.85,17.12,13.7,15.41,14.1,83.06,0.04,72.1,3.03,202.46,3.9,202.4
2022,6,29,13,1.43,3.46,4.54,195.55,417.7,30.16,1.07,5.45,17.07,13.71,15.39,14.04,82.94,0.03,72.07,3.34,204.04,4.31,203.96
2022,6,29,14,1.11,2.98,4.13,150.98,354.92,23.05,0.74,3.73,16.46,13.53,14.99,13.85,85,0.03,72.06,3.43,204.35,4.47,204.15
2022,6,29,15,0.68,2.3,3.49,91.98,268.88,13.98,0.38,1.98,15.83,13.28,14.55,13.61,86.81,0.03,72.04,3.26,200.04,4.23,199.64
2022,6,29,16,0.58,1.58,2.68,75.38,181.55,11.3,0.24,1.2,15.12,12.89,14.01,13.24,88.31,0.03,72.03,2.84,200.63,3.67,200.17
2022,6,29,17,0.34,0.82,1.74,41.77,91.92,6.17,0.08,0.38,14.2,12.55,13.38,12.88,91.5,0.02,72.05,1.99,204.85,2.57,204.23
2022,6,29,18,0.11,0.25,0.78,14.08,28.4,2.03,0.01,0.02,13.3,12.33,12.81,12.7,95.5,0.07,72.06,1.69,198.35,2.21,198.11
2022,6,29,19,0,0,0,0,0,0,0,0,12.84,12.15,12.5,12.57,97.44,0.08,72.15,1,215.43,1.29,216.1
2022,6,29,20,0,0,0,0,0,0,0,0,12.69,12.02,12.35,12.45,97.81,0.08,72.16,0.66,171.87,0.84,169.22
2022,6,29,21,0,0,0,0,0,0,0,0,12.57,11.94,12.26,12.39,98.19,0.08,72.21,0.63,165.62,0.84,161.06
2022,6,29,22,0,0,0,0,0,0,0,0,12.4,11.8,12.1,12.33,98.56,0.09,72.23,0.41,170.18,0.55,160.02
2022,6,29,23,0,0,0,0,0,0,0,0,12.23,11.71,11.97,12.27,99.31,0.08,72.21,0.24,174.29,0.31,150.26
2022,6,30,0,0,0,0,0,0,0,0,0,12.05,11.6,11.83,12.21,99.88,0.06,72.17,0.15,188.97,0.17,136.85
2022,6,30,1,0,0,0,0,0,0,0,0,11.87,11.37,11.62,12.02,99.44,0.04,72.14,0.03,135,0.14,70.56
2022,6,30,2,0,0,0,0,0,0,0,0,11.73,11.15,11.44,11.84,98.94,0.02,72.12,0.07,35.54,0.17,35.84
2022,6,30,3,0,0,0,0,0,0,0,0,11.53,10.93,11.23,11.72,99,0.01,72.1,0.1,4.4,0.25,14.47
2022,6,30,4,0,0,0,0,0,0,0,0,11.33,10.69,11.01,11.54,99,0.01,72.1,0.18,7.43,0.42,17.42
2022,6,30,5,0.04,0.03,0.14,3.3,3.67,0.48,0,0,11.39,10.58,10.98,11.47,98.06,0.01,72.13,0.24,11.31,0.46,15.68
2022,6,30,6,0.27,0.42,1.03,31.92,47.15,4.65,0.02,0.12,12.2,10.9,11.55,11.78,95.25,0.07,72.17,0.22,338.96,0.33,347.62
2022,6,30,7,0.81,1.11,2.01,96.4,127,13.73,0.21,1.02,13.71,11.19,12.45,11.9,87.44,0.05,72.21,0.79,252.1,0.97,252.73
2022,6,30,8,1.29,1.86,2.92,153.23,216.17,22.27,0.53,2.67,14.87,11.65,13.26,12.27,83.44,0.04,72.25,1.73,236.02,2.17,236.02
2022,6,30,9,1.45,2.5,3.69,178.38,291.9,26.1,0.78,4.08,15.76,11.93,13.84,12.45,80.12,0.03,72.28,2.21,232.32,2.77,232.22
2022,6,30,10,1.71,3.1,4.27,216.02,367.98,32.38,1.11,5.58,16.54,12.25,14.39,12.7,77.88,0.03,72.3,2.59,228.18,3.25,228.31
2022,6,30,11,2.05,3.42,4.61,260.17,405.67,38.45,1.41,7.33,17.26,12.62,14.94,13,76.19,0.02,72.28,2.89,223.24,3.64,223.26
2022,6,30,12,2.54,3.88,4.71,340.5,474.55,53.14,2.05,10.9,17.53,12.87,15.2,13.24,76.25,0.02,72.23,3.1,218.34,3.92,218.45
2022,6,30,13,2.16,3.71,4.54,282.02,452.95,43.93,1.64,8.5,17.37,13.05,15.21,13.43,77.81,0.03,72.19,3.21,214.7,4.08,214.63
2022,6,30,14,1.97,3.28,4.13,261.02,400.5,39.98,1.38,6.92,17.01,13.15,15.08,13.49,80.12,0.03,72.15,3.23,212.03,4.11,212.03
2022,6,30,15,1.65,2.65,3.49,208.85,322.35,30.95,0.88,4.52,16.41,13.19,14.8,13.55,83.25,0.04,72.12,3.23,212.77,4.14,212.76
2022,6,30,16,1.27,1.86,2.68,154.98,222.98,22.12,0.47,2.33,15.68,13.16,14.42,13.49,87,0.05,72.11,3.12,215.12,4.03,215.05
2022,6,30,17,0.56,1.02,1.74,67.35,117.92,9.54,0.12,0.6,14.91,13.12,14.01,13.43,91.06,0.05,72.12,2.89,218.42,3.78,218.36
2022,6,30,18,0.22,0.32,0.78,26.45,36.73,3.84,0.02,0.08,14.06,13.1,13.58,13.43,96.19,0.16,72.15,2.38,220.87,3.17,220.71
2022,6,30,19,0,0,0,0,0,0,0,0,13.46,13.15,13.3,13.49,100,0.12,72.19,1.58,221.19,2.22,221
2022,6,30,20,0,0,0,0,0,0,0,0,13.26,13.13,13.19,13.43,100,0.05,72.23,1.04,221.35,1.61,221.45
2022,6,30,21,0,0,0,0,0,0,0,0,12.97,12.94,12.96,13.31,100,0.02,72.25,0.66,225.48,1.17,226.08
2022,6,30,22,0,0,0,0,0,0,0,0,12.81,12.62,12.72,13,100,0.01,72.23,0.36,259.92,0.66,256.29
2022,6,30,23,0,0,0,0,0,0,0,0,12.32,12.17,12.25,12.7,100,0,72.18,0.4,349.99,0.79,352.03
2022,7,1,0,0,0,0,0,0,0,0,0,12.05,11.67,11.86,12.27,100,0,72.14,0.58,5.4,1.16,7.36
2022,7,1,1,0,0,0,0,0,0,0,0,12.34,11.19,11.77,11.9,95.5,0,72.12,0.59,352.41,0.99,353.21
2022,7,1,2,0,0,0,0,0,0,0,0,12.31,10.84,11.58,11.66,93.62,0,72.09,0.57,332.39,0.89,332.76
2022,7,1,3,0,0,0,0,0,0,0,0,11.94,10.63,11.29,11.47,94.62,0,72.07,0.6,324.46,0.93,323.51
2022,7,1,4,0,0,0,0,0,0,0,0,11.51,10.44,10.98,11.41,96.44,0,72.08,0.59,327.36,0.94,326.18
2022,7,1,5,0.04,0.03,0.14,2.83,3.15,0.41,0,0,11.3,10.28,10.79,11.29,97.06,0.01,72.09,0.6,343.44,0.97,341.13
2022,7,1,6,0.36,0.37,1.03,39.5,41.4,5.48,0.03,0.15,12.95,11.26,12.11,12.08,93.31,0.06,72.12,0.79,346.24,1.07,344.74
2022,7,1,7,0.88,0.98,2.01,96.42,108.35,12.96,0.2,0.95,15.14,11.78,13.46,12.51,83.69,0.12,72.14,0.94,304.22,1.21,303.69
2022,7,1,8,1.48,1.75,2.92,169.1,198.4,23.16,0.53,2.67,17.19,12.32,14.76,12.94,75.88,0.14,72.14,1.52,257.54,1.95,257.52
2022,7,1,9,2.14,2.5,3.69,249.45,290.15,34.49,1.01,5.2,18.7,12.87,15.79,13.43,71.5,0.14,72.14,2.47,232.98,3.15,233.78
2022,7,1,10,2.42,3.07,4.26,290.7,361.98,41.2,1.41,7.23,19.38,13.59,16.48,14.04,71.75,0.28,72.16,3.41,222.03,4.36,222.53
2022,7,1,11,2.54,3.44,4.61,314.42,408.98,45.5,1.69,8.88,19.48,14.12,16.8,14.47,73.62,0.51,72.16,3.96,219,5.08,219.2
2022,7,1,12,2.08,3.6,4.71,275.05,433.58,40.52,1.53,8.3,19.36,14.37,16.86,14.71,75.12,0.79,72.13,4.31,219.63,5.56,219.82
2022,7,1,13,1.77,3.47,4.54,233.17,416.4,34.91,1.29,6.7,19.04,14.44,16.74,14.77,76.88,1.09,72.08,4.47,220.46,5.8,220.63
2022,7,1,14,1.53,3.05,4.13,198.85,364.5,29.34,0.99,5.02,18.49,14.57,16.53,14.83,79.88,1.31,72.03,4.44,221.43,5.77,221.59
2022,7,1,15,1.06,2.41,3.49,136.45,284.9,19.89,0.58,3,17.82,14.47,16.15,14.77,82.88,1.33,72,4.28,223.82,5.59,223.98
2022,7,1,16,0.77,1.69,2.68,95.48,197.62,14.01,0.3,1.52,16.94,14.33,15.64,14.59,86.56,1.19,71.96,3.92,226.77,5.17,226.9
2022,7,1,17,0.39,0.9,1.75,46.15,103.73,6.78,0.09,0.42,15.89,14.06,14.98,14.34,90.94,1.01,71.95,3.3,226.63,4.41,226.72
2022,7,1,18,0.15,0.28,0.78,18.25,32.5,2.71,0.01,0.05,14.85,13.98,14.42,14.22,96.75,0.59,71.99,2.53,217.86,3.44,217.99
2022,7,1,19,0,0,0,0,0,0,0,0,14.16,13.94,14.05,14.22,100,0.61,72.06,1.71,205.74,2.46,205.83
2022,7,1,20,0,0,0,0,0,0,0,0,13.87,13.78,13.83,14.1,100,0.48,72.14,1.39,208.58,2.1,209.43
2022,7,1,21,0,0,0,0,0,0,0,0,13.33,13.27,13.3,13.67,100,0.29,72.22,1.16,222.27,1.86,223.81
2022,7,1,22,0,0,0,0,0,0,0,0,12.88,12.6,12.74,13.18,100,0.19,72.24,0.66,250.71,1.06,254.23
2022,7,1,23,0,0,0,0,0,0,0,0,12.7,12.08,12.4,12.76,99.81,0.16,72.2,0.35,277.59,0.53,295.43
2022,7,2,0,0,0,0,0,0,0,0,0,12.51,11.79,12.15,12.45,99.06,0.22,72.15,0.07,6.34,0.21,17.1
2022,7,2,1,0,0,0,0,0,0,0,0,12.33,11.49,11.91,12.21,98.06,0.3,72.11,0.14,60.64,0.35,66.3
2022,7,2,2,0,0,0,0,0,0,0,0,12.14,11.08,11.61,11.9,96.81,0.31,72.08,0.23,54.69,0.52,61.11
2022,7,2,3,0,0,0,0,0,0,0,0,11.87,10.7,11.29,11.6,96.12,0.25,72.04,0.43,26.1,0.87,30.96
2022,7,2,4,0,0,0,0,0,0,0,0,11.63,10.19,10.91,11.23,94.12,0.16,72.01,0.73,11.79,1.33,13.95
2022,7,2,5,0.04,0.03,0.14,3.6,3.6,0.53,0,0,11.85,9.8,10.83,10.93,90.25,0.04,71.99,0.88,1.01,1.47,1.22
2022,7,2,6,0.31,0.44,1.02,35.1,50,5.01,0.03,0.15,13.33,11.01,12.17,11.9,89.38,0,71.99,0.9,3.98,1.32,358.64
2022,7,2,7,0.96,1.18,2,113.02,137.35,15.96,0.24,1.2,15.57,11.39,13.48,12.15,78.69,0.01,72,0.59,327.99,0.8,322.91
2022,7,2,8,1.56,1.95,2.91,186.75,229.67,26.34,0.62,3.15,17.24,11.65,14.44,12.33,71.94,0.01,72.01,1.3,226.22,1.72,227.2
2022,7,2,9,2.23,2.68,3.68,272.3,320.02,38.85,1.16,6,18.51,12.2,15.35,12.88,69.5,0.03,72.04,2.37,212.75,3.08,213.73
2022,7,2,10,2.62,3.24,4.26,323.4,388.2,47.06,1.62,8.25,19.22,12.91,16.07,13.55,69.81,0.08,72.06,3.34,206.57,4.31,207.08
2022,7,2,11,2.46,3.58,4.61,317.65,432.02,46.97,1.74,9.2,19.02,13.42,16.22,13.98,72.81,0.18,72.06,3.97,204.8,5.16,205.17
2022,7,2,12,2.35,3.87,4.71,311.27,476.33,48.87,1.91,10.17,18.8,13.9,16.35,14.34,75.75,0.35,72.05,4.3,206.05,5.6,206.32
2022,7,2,13,1.85,3.72,4.54,249.23,457.02,39.71,1.5,7.67,18.26,14.11,16.19,14.47,79.12,0.52,72.02,4.31,209.22,5.63,209.41
2022,7,2,14,1.45,3.33,4.13,192.88,407.42,30.29,1.03,5.23,17.58,14.15,15.86,14.47,82.56,0.71,71.99,4.11,211.09,5.42,211.37
2022,7,2,15,1.03,2.7,3.49,136.42,328.9,21.2,0.62,3.2,16.88,14.14,15.51,14.47,86.12,0.9,71.97,3.78,212.34,5,212.55
2022,7,2,16,0.72,1.92,2.68,93.25,230.88,14.51,0.32,1.6,16.23,14.16,15.2,14.47,89.94,1.13,71.96,3.4,212.41,4.51,212.48
2022,7,2,17,0.4,1.08,1.75,50.67,127.42,7.84,0.1,0.5,15.49,14.08,14.79,14.47,94.06,1.39,71.99,2.83,210.88,3.78,210.7
2022,7,2,18,0.18,0.35,0.78,22.58,39.38,3.41,0.02,0.08,14.74,13.96,14.35,14.34,98.38,1.17,72.05,2.05,207.25,2.8,207.28
2022,7,2,19,0,0,0,0,0,0,0,0,13.76,13.76,13.76,14.16,100,0.89,72.15,1.02,204.99,1.75,206.57
2022,7,2,20,0,0,0,0,0,0,0,0,13.17,13.48,13.33,13.85,100,0.58,72.25,0.9,209.25,1.73,210.39
2022,7,2,21,0,0,0,0,0,0,0,0,12.72,12.69,12.7,13.24,100,0.36,72.29,0.66,219.19,1.19,218.07
2022,7,2,22,0,0,0,0,0,0,0,0,12.6,12.04,12.32,12.63,100,0.24,72.3,0.36,281.31,0.67,301.65
2022,7,2,23,0,0,0,0,0,0,0,0,12.4,11.62,12.01,12.27,98.12,0.16,72.24,0.6,302.87,1.12,311.9
2022,7,3,0,0,0,0,0,0,0,0,0,12.53,11.37,11.95,12.02,95.62,0.12,72.21,0.33,318.81,0.6,318.18
2022,7,3,1,0,0,0,0,0,0,0,0,12.12,11.12,11.62,11.84,96.62,0.07,72.19,0.27,36.87,0.44,34.82
2022,7,3,2,0,0,0,0,0,0,0,0,11.51,10.72,11.12,11.54,97.94,0.05,72.14,0.53,35.34,0.99,33.44
2022,7,3,3,0,0,0,0,0,0,0,0,11.35,10.19,10.77,11.17,95.5,0.03,72.1,0.73,27.39,1.38,25.55
2022,7,3,4,0,0,0,0,0,0,0,0,11.66,9.65,10.65,10.74,90.25,0.02,72.08,0.84,19.62,1.46,19.98
2022,7,3,5,0.04,0.03,0.13,3.5,3.67,0.52,0,0,12.31,9.3,10.81,10.5,84.38,0.02,72.09,0.74,24.39,1.22,24.93
2022,7,3,6,0.33,0.45,1.01,38.27,51.75,5.22,0.03,0.12,13.79,10.26,12.02,11.23,82.06,0.01,72.15,0.55,43.26,0.75,43.32
2022,7,3,7,0.75,1.23,2,92.3,144.67,13.62,0.2,1,14.95,10.87,12.91,11.66,79.06,0.01,72.22,0.6,185.26,0.82,187.67
2022,7,3,8,1.32,2.05,2.91,162.67,246,24.12,0.56,2.83,15.7,11.31,13.51,11.96,77.44,0.01,72.27,1.75,199.57,2.23,199.9
2022,7,3,9,2.17,2.78,3.68,272,336.58,40.01,1.18,6.17,16.31,11.83,14.07,12.39,77.06,0.02,72.29,1.9,201.71,2.38,201.59
2022,7,3,10,2.48,3.29,4.26,310.75,398.98,45.68,1.54,7.73,17.24,12.39,14.81,12.88,75.56,0.02,72.3,2.32,203.45,2.91,203.6
2022,7,3,11,2.49,3.65,4.61,325.67,444.73,48.94,1.8,9.25,17.58,12.84,15.22,13.31,76.38,0.03,72.29,2.67,205.29,3.39,205.26
2022,7,3,12,2.3,3.71,4.71,307.88,451.65,46.58,1.73,9.12,17.47,13.05,15.26,13.55,78.06,0.06,72.27,2.71,206.93,3.46,207.03
2022,7,3,13,2.1,3.56,4.54,275,431.02,41.4,1.49,7.62,17.3,13.15,15.23,13.61,79.44,0.1,72.23,2.59,209.9,3.32,210.13
2022,7,3,14,1.87,3.13,4.13,240.98,376.08,36.04,1.18,5.92,17.11,13.24,15.17,13.73,81.12,0.14,72.19,2.48,212.64,3.17,212.95
2022,7,3,15,1.44,2.53,3.49,184.62,301.48,27.53,0.77,3.98,16.82,13.31,15.07,13.85,83.12,0.16,72.16,2.31,217.02,2.97,217.08
2022,7,3,16,0.78,1.78,2.68,100.08,210.23,15.05,0.31,1.58,16.44,13.41,14.93,13.98,85.88,0.18,72.12,2.16,221.63,2.79,221.71
2022,7,3,17,0.41,0.96,1.75,48.67,109.1,6.77,0.09,0.4,15.89,13.53,14.71,14.1,89.75,0.18,72.1,1.99,223.89,2.6,223.91
2022,7,3,18,0.24,0.31,0.78,28.12,35.35,4.05,0.02,0.08,15.08,13.87,14.48,14.34,96.06,0.15,72.12,1.59,226,2.17,225.88
2022,7,3,19,0,0,0,0,0,0,0,0,13.9,13.96,13.93,14.34,100,0.16,72.16,0.65,225.49,1.25,227.27
2022,7,3,20,0,0,0,0,0,0,0,0,13.69,13.87,13.78,14.22,100,0.15,72.2,0.56,236.98,1.11,236.53
2022,7,3,21,0,0,0,0,0,0,0,0,13.54,13.65,13.59,14.04,100,0.15,72.23,0.55,242.7,1.01,241.46
2022,7,3,22,0,0,0,0,0,0,0,0,13.35,13.45,13.4,13.85,100,0.18,72.26,0.53,237.72,0.96,237.99
2022,7,3,23,0,0,0,0,0,0,0,0,13.16,13.21,13.19,13.67,100,0.17,72.24,0.46,239.04,0.83,240.52
2022,7,4,0,0,0,0,0,0,0,0,0,12.89,12.91,12.9,13.43,100,0.17,72.2,0.35,259.7,0.65,260.31
2022,7,4,1,0,0,0,0,0,0,0,0,12.51,12.58,12.55,13.12,100,0.17,72.17,0.32,284.04,0.59,286.05
2022,7,4,2,0,0,0,0,0,0,0,0,12.19,12.26,12.23,12.94,100,0.15,72.16,0.35,312.27,0.69,315.46
2022,7,4,3,0,0,0,0,0,0,0,0,11.9,11.9,11.9,12.63,100,0.1,72.14,0.44,339.33,0.91,342.97
2022,7,4,4,0,0,0,0,0,0,0,0,11.66,11.48,11.57,12.33,100,0.05,72.13,0.65,358.62,1.27,0
2022,7,4,5,0.05,0.04,0.13,4.1,4.1,0.59,0,0,11.64,11.02,11.33,11.96,100,0.02,72.13,0.82,7.67,1.52,8.3
2022,7,4,6,0.55,0.56,1.01,62.17,64.92,7.78,0.04,0.2,13.98,12.21,13.1,12.94,93.12,0.01,72.15,1.08,15.15,1.59,14.51
2022,7,4,7,1.27,1.39,1.99,151.62,166.48,20.27,0.29,1.42,16.8,12.48,14.64,13.12,79,0.01,72.18,0.5,349.22,0.65,350.31
2022,7,4,8,1.96,2.21,2.9,239.9,267.98,34.13,0.78,3.85,18.56,12.98,15.77,13.61,73.19,0.01,72.2,1.23,217.52,1.56,218.3
2022,7,4,9,2.62,2.92,3.67,325,355.38,47.84,1.42,7.3,19.63,13.49,16.56,14.1,70.88,0.01,72.22,2.28,213.42,2.91,214.16
2022,7,4,10,2.96,3.46,4.26,370.8,421.45,55.99,1.95,9.98,20.3,13.93,17.12,14.53,70.12,0.02,72.22,2.99,211.86,3.81,212.45
2022,7,4,11,2.83,3.79,4.61,369.6,461.45,56.69,2.13,11.17,20.39,14.22,17.3,14.77,70.81,0.04,72.19,3.55,211.76,4.58,212.31
2022,7,4,12,2.43,3.88,4.71,321.83,472.73,50.2,1.93,10.27,20.31,14.45,17.38,14.95,72.06,0.07,72.15,3.9,211.91,5.05,212.29
2022,7,4,13,1.87,3.73,4.54,249.77,453.67,39.27,1.46,7.52,20.05,14.55,17.3,15.01,73.56,0.09,72.1,4.08,212.02,5.31,212.38
2022,7,4,14,1.36,3.33,4.13,181.42,405.73,28.12,0.95,4.83,19.58,14.57,17.08,15.01,75.62,0.12,72.05,4.09,212.05,5.34,212.34
2022,7,4,15,1.18,2.72,3.5,150.95,331.48,22.48,0.63,3.23,18.88,14.69,16.78,15.08,79.25,0.14,72.01,3.98,213.78,5.21,214
2022,7,4,16,1.02,1.96,2.68,125.95,237,18.18,0.38,1.9,17.98,14.87,16.42,15.2,84.5,0.16,71.99,3.55,216.24,4.65,216.47
2022,7,4,17,0.54,1.11,1.75,63.45,132.1,8.55,0.1,0.5,17,14.96,15.98,15.2,90.06,0.17,71.99,2.94,219.49,3.86,219.66
2022,7,4,18,0.24,0.37,0.78,28.58,42.75,3.99,0.02,0.08,15.97,14.94,15.45,15.2,95.88,0.17,72.03,2.22,223.43,2.98,223.62
2022,7,4,19,0,0,0,0,0,0,0,0,15.18,14.92,15.05,15.14,100,0.16,72.08,1.18,224.19,1.74,225.18
2022,7,4,20,0,0,0,0,0,0,0,0,14.94,14.85,14.89,15.01,100,0.13,72.14,0.8,226.59,1.34,228.31
2022,7,4,21,0,0,0,0,0,0,0,0,14.55,14.64,14.59,14.83,100,0.08,72.18,0.71,230.84,1.35,232.53
2022,7,4,22,0,0,0,0,0,0,0,0,14.25,14.37,14.31,14.59,100,0.06,72.19,0.68,229.69,1.33,232.18
2022,7,4,23,0,0,0,0,0,0,0,0,13.98,14.09,14.03,14.34,100,0.05,72.19,0.65,219.63,1.27,222.75
2022,7,5,0,0,0,0,0,0,0,0,0,13.62,13.77,13.69,14.1,100,0.05,72.16,0.66,217.28,1.29,220.34
2022,7,5,1,0,0,0,0,0,0,0,0,13.33,13.48,13.4,13.85,100,0.04,72.16,0.65,219.63,1.28,223.03
2022,7,5,2,0,0,0,0,0,0,0,0,13.02,13.21,13.12,13.61,100,0.03,72.17,0.55,224.42,1.15,228.3
2022,7,5,3,0,0,0,0,0,0,0,0,12.76,12.91,12.83,13.37,100,0.02,72.18,0.47,231.79,1.02,235.94
2022,7,5,4,0,0,0,0,0,0,0,0,12.51,12.63,12.57,13.12,100,0.02,72.19,0.39,234.06,0.84,243.43
2022,7,5,5,0.05,0.04,0.13,3.8,3.8,0.55,0,0,12.51,12.45,12.48,12.94,100,0.02,72.2,0.2,267.71,0.48,280.22
2022,7,5,6,0.56,0.54,1,61.1,61.27,7.65,0.04,0.2,13.73,12.8,13.26,13.24,97.19,0.01,72.24,0.55,350.94,0.75,347.41
2022,7,5,7,1.29,1.37,1.99,150.92,161.83,20.02,0.28,1.4,15.39,12.99,14.19,13.43,88.38,0,72.27,0.49,269.09,0.63,270.71
2022,7,5,8,2.04,2.2,2.9,245.23,264.05,34.66,0.79,3.92,16.85,13.21,15.03,13.61,81.88,0,72.31,1.65,222.89,2.08,223.63
2022,7,5,9,2.64,2.92,3.67,325.48,352.95,47.7,1.42,7.33,17.75,13.23,15.49,13.73,77.94,0,72.33,2.14,215.49,2.7,215.94
2022,7,5,10,2.8,3.47,4.25,351.92,421.15,53.46,1.88,9.55,18.48,13.44,15.96,13.98,75.75,0,72.34,2.48,212.14,3.13,212.34
2022,7,5,11,3.09,3.78,4.61,401.25,461.52,60.58,2.3,12.02,18.83,13.72,16.27,14.22,75.31,0.01,72.32,2.86,208.04,3.61,208.12
2022,7,5,12,2.85,3.83,4.71,375.2,472.62,57.55,2.21,11.8,18.73,13.94,16.33,14.4,76.62,0.03,72.3,3.05,206.11,3.9,206.31
2022,7,5,13,2.56,3.7,4.54,337.65,455.52,51.86,1.94,10.08,18.55,14.21,16.38,14.59,78.62,0.04,72.25,3.09,205.46,3.93,205.44
2022,7,5,14,2.52,3.33,4.13,322.62,410.23,49.27,1.7,8.5,18.1,14.34,16.22,14.71,81.38,0.05,72.21,2.96,205.68,3.77,205.77
2022,7,5,15,2,2.75,3.5,257.3,339.58,38.62,1.12,5.83,17.65,14.44,16.05,14.77,84.12,0.06,72.17,2.6,207.03,3.31,206.99
2022,7,5,16,1.34,2.01,2.68,169.17,248.17,24.88,0.55,2.7,17.29,14.5,15.9,14.83,86.38,0.06,72.16,2.27,207.45,2.9,207.39
2022,7,5,17,0.68,1.19,1.75,81.35,145,10.84,0.13,0.65,16.7,14.59,15.65,14.89,90.12,0.06,72.17,1.94,207.6,2.51,207.44
2022,7,5,18,0.25,0.41,0.78,30.55,48.2,4.2,0.02,0.08,15.87,14.73,15.3,15.01,95.81,0.08,72.21,1.47,207.52,1.98,207.27
2022,7,5,19,0,0,0,0,0,0,0,0,14.89,14.74,14.82,14.95,100,0.07,72.26,0.73,209.29,1.2,210.39
2022,7,5,20,0,0,0,0,0,0,0,0,14.64,14.62,14.63,14.83,100,0.05,72.33,0.7,218.66,1.22,221.63
2022,7,5,21,0,0,0,0,0,0,0,0,14.42,14.49,14.46,14.71,100,0.05,72.38,0.71,226.33,1.33,231.18
2022,7,5,22,0,0,0,0,0,0,0,0,14.23,14.36,14.3,14.59,100,0.05,72.41,0.73,225,1.42,228.78
2022,7,5,23,0,0,0,0,0,0,0,0,14.12,14.26,14.19,14.47,100,0.06,72.41,0.78,222.16,1.51,224.37
2022,7,6,0,0,0,0,0,0,0,0,0,13.98,14.12,14.05,14.4,100,0.09,72.4,0.82,226.55,1.52,227.71
2022,7,6,1,0,0,0,0,0,0,0,0,13.81,13.94,13.87,14.22,100,0.17,72.38,0.81,229.28,1.49,230.54
2022,7,6,2,0,0,0,0,0,0,0,0,13.62,13.71,13.66,14.04,100,0.3,72.36,0.72,225.44,1.37,226.85
2022,7,6,3,0,0,0,0,0,0,0,0,13.38,13.52,13.45,13.85,100,0.33,72.38,0.68,216.08,1.34,217.67
2022,7,6,4,0,0,0,0,0,0,0,0,13.19,13.3,13.25,13.67,100,0.3,72.41,0.63,209.12,1.33,212.29
2022,7,6,5,0.05,0.04,0.12,3.85,4.02,0.55,0,0,13.12,13.01,13.06,13.37,100,0.23,72.47,0.44,239.38,0.86,238.77
2022,7,6,6,0.56,0.58,1,63.58,66.92,7.96,0.04,0.2,13.98,13.44,13.71,13.79,99.75,0.38,72.5,0.42,259.32,0.66,278.13
2022,7,6,7,1.23,1.42,1.98,146.45,169.9,19.85,0.29,1.42,14.9,13.64,14.27,13.98,95.19,0.25,72.53,0.51,276.15,0.65,280.37
2022,7,6,8,1.84,2.26,2.89,225.73,273.33,32.83,0.77,3.83,16.25,13.69,14.97,13.98,87.56,0.18,72.57,1.34,228.53,1.7,228.91
2022,7,6,9,2.45,2.97,3.67,306.55,360.88,46.16,1.41,7.35,17.06,13.54,15.3,13.79,82.19,0.14,72.59,2.25,221.49,2.86,221.57
2022,7,6,10,3.1,3.52,4.25,386.95,426.8,58.6,2.09,10.67,17.8,13.62,15.7,13.92,79,0.12,72.59,2.53,219.74,3.19,219.84
2022,7,6,11,2.72,3.77,4.61,360.42,464.67,55.87,2.12,11.05,18.65,13.77,16.21,14.1,75.69,0.14,72.57,2.81,218.24,3.55,218.48
2022,7,6,12,2.46,3.82,4.7,327.75,469.45,50.18,1.93,10.3,19.33,13.97,16.65,14.28,73.5,0.15,72.54,3.24,215.99,4.1,216.17
2022,7,6,13,2.58,3.69,4.54,338.77,450.52,51.72,1.95,10.05,19.65,14.08,16.87,14.34,72.56,0.17,72.5,3.64,216.01,4.64,216.23
2022,7,6,14,2.63,3.28,4.13,333.62,400.98,49.65,1.7,8.58,19.5,14.13,16.82,14.4,73.38,0.15,72.47,3.76,218.25,4.82,218.36
2022,7,6,15,2.01,2.65,3.5,252.27,321.15,36.8,1.07,5.58,19,14.18,16.59,14.47,75.88,0.14,72.44,3.75,221.62,4.85,221.73
2022,7,6,16,1.01,1.86,2.68,123.62,222.9,17.68,0.38,1.9,17.83,14.28,16.05,14.53,82.12,0.14,72.43,3.35,225.28,4.39,225.43
2022,7,6,17,0.57,1.04,1.75,66.05,121.1,8.94,0.12,0.55,16.75,14.4,15.57,14.65,88.75,0.15,72.44,2.72,228.15,3.57,228.37
2022,7,6,18,0.23,0.35,0.78,27.27,39.9,3.88,0.02,0.08,15.71,14.57,15.14,14.83,95.81,0.19,72.48,1.99,229.13,2.69,229.24
2022,7,6,19,0,0,0,0,0,0,0,0,15.05,14.72,14.88,14.95,100,0.17,72.53,1.14,226.94,1.67,228.03
2022,7,6,20,0,0,0,0,0,0,0,0,14.85,14.72,14.78,14.95,100,0.15,72.59,0.91,229.88,1.48,231.43
2022,7,6,21,0,0,0,0,0,0,0,0,14.64,14.64,14.64,14.83,100,0.11,72.63,0.85,232.5,1.5,233.67
2022,7,6,22,0,0,0,0,0,0,0,0,14.41,14.5,14.45,14.71,100,0.09,72.64,0.83,234.52,1.52,234.6
2022,7,6,23,0,0,0,0,0,0,0,0,14.24,14.37,14.3,14.59,100,0.09,72.62,0.87,234.88,1.58,234.26
2022,7,7,0,0,0,0,0,0,0,0,0,13.96,14.08,14.02,14.4,100,0.09,72.59,0.84,234.83,1.57,234.5
2022,7,7,1,0,0,0,0,0,0,0,0,13.69,13.8,13.74,14.16,100,0.08,72.56,0.78,235.99,1.51,235.57
2022,7,7,2,0,0,0,0,0,0,0,0,13.44,13.53,13.48,13.92,100,0.06,72.55,0.74,237.48,1.44,237.17
2022,7,7,3,0,0,0,0,0,0,0,0,13.21,13.24,13.23,13.73,100,0.04,72.53,0.67,240.75,1.3,241.75
2022,7,7,4,0,0,0,0,0,0,0,0,12.88,12.85,12.87,13.43,100,0.03,72.53,0.51,256.81,1.05,258.44
2022,7,7,5,0.04,0.04,0.12,3.45,3.75,0.51,0,0,12.79,12.58,12.69,13.18,100,0.03,72.56,0.38,289.18,0.82,289.47
2022,7,7,6,0.49,0.55,0.99,54.83,62.35,7.19,0.04,0.2,13.9,13,13.45,13.55,98.81,0.03,72.59,0.79,319.03,1.06,317.7
2022,7,7,7,1.22,1.38,1.98,144.6,164.08,19.53,0.28,1.4,15.61,13.11,14.36,13.61,88.81,0.04,72.61,1,290.97,1.28,291.09
2022,7,7,8,2.03,2.21,2.89,246.23,265.88,34.88,0.8,4.05,17.3,13.33,15.31,13.79,80.88,0.04,72.63,1.84,239.41,2.31,239.97
2022,7,7,9,2.63,2.94,3.67,326.62,357,48.09,1.45,7.55,18.26,13.8,16.02,14.16,78.19,0.05,72.65,2.81,224.1,3.56,224.29
2022,7,7,10,2.61,3.49,4.25,323.65,424.77,49.71,1.75,9,18.86,14.27,16.56,14.59,77.38,0.07,72.66,3.22,218.9,4.07,219
2022,7,7,11,3.05,3.82,4.6,393.38,465.25,59.9,2.29,12.05,19.32,14.69,17.01,14.95,77,0.11,72.63,3.49,216.9,4.4,216.99
2022,7,7,12,2.59,3.84,4.7,341.9,468.05,52.14,2.02,10.77,19.64,15.09,17.37,15.26,77.25,0.15,72.58,3.7,217.02,4.67,217.12
2022,7,7,13,2.16,3.7,4.54,285.2,449.88,43.54,1.63,8.4,19.76,15.33,17.55,15.5,77.81,0.2,72.51,3.89,217.91,4.94,217.99
2022,7,7,14,1.97,3.31,4.13,251.88,402.75,37.98,1.29,6.55,19.54,15.33,17.43,15.56,78.88,0.27,72.45,4.03,218.31,5.15,218.35
2022,7,7,15,1.05,2.71,3.5,138.08,329.25,21.04,0.61,3.15,18.89,15.3,17.09,15.5,81.88,0.31,72.41,3.81,220.09,4.88,220.06
2022,7,7,16,1.1,1.96,2.68,138.6,237.02,20.61,0.45,2.25,18.04,15.16,16.6,15.38,85.56,0.35,72.38,3.45,222.15,4.44,222.22
2022,7,7,17,0.62,1.1,1.75,72.6,129.83,10.01,0.12,0.62,17.03,14.98,16.01,15.2,90.12,0.35,72.38,2.91,223.8,3.81,223.75
2022,7,7,18,0.26,0.36,0.78,30.38,40.62,4.14,0.02,0.08,15.97,14.93,15.44,15.14,96.19,0.38,72.4,2.18,223.69,2.93,223.7
2022,7,7,19,0,0,0,0,0,0,0,0,15.35,15.01,15.19,15.2,100,0.38,72.44,1.34,221.47,1.92,221.87
2022,7,7,20,0,0,0,0,0,0,0,0,15.2,15.04,15.12,15.26,100,0.44,72.46,1.1,227.01,1.69,227.62
2022,7,7,21,0,0,0,0,0,0,0,0,14.9,14.94,14.92,15.14,100,0.5,72.49,0.89,225,1.6,225.59
2022,7,7,22,0,0,0,0,0,0,0,0,14.61,14.83,14.72,15.01,100,0.64,72.49,0.81,221.86,1.6,223.03
2022,7,7,23,0,0,0,0,0,0,0,0,14.33,14.65,14.49,14.83,100,0.82,72.46,0.75,224.16,1.6,224.6
2022,7,8,0,0,0,0,0,0,0,0,0,14.14,14.49,14.32,14.71,100,0.9,72.41,0.73,225,1.61,225.39
2022,7,8,1,0,0,0,0,0,0,0,0,13.9,14.3,14.09,14.53,100,0.75,72.37,0.73,225.87,1.62,226.17
2022,7,8,2,0,0,0,0,0,0,0,0,13.63,14.05,13.84,14.28,100,0.54,72.35,0.71,224.56,1.58,225.4
2022,7,8,3,0,0,0,0,0,0,0,0,13.39,13.83,13.61,14.1,100,0.4,72.34,0.72,225.44,1.57,226.41
2022,7,8,4,0,0,0,0,0,0,0,0,13.16,13.61,13.38,13.85,100,0.27,72.32,0.72,225,1.56,226.42
2022,7,8,5,0.04,0.03,0.12,3.38,3.62,0.49,0,0,13.15,13.47,13.3,13.73,100,0.13,72.33,0.66,226.91,1.43,228.31
2022,7,8,6,0.5,0.53,0.98,57.05,61.52,7.45,0.04,0.2,14.51,14.01,14.26,14.22,99.38,0.06,72.36,1.32,232.93,1.82,232.69
2022,7,8,7,0.99,1.33,1.97,118.25,157.62,16.19,0.24,1.2,15.56,14.12,14.83,14.34,93.69,0.03,72.39,1.61,239.46,2.05,240.12
2022,7,8,8,1.55,2.15,2.89,190.35,259.38,27.46,0.66,3.27,17.13,14.03,15.58,14.4,85,0.02,72.42,1.77,238.34,2.22,239.28
2022,7,8,9,2.26,2.87,3.66,283.23,348.58,41.8,1.28,6.75,18.75,14.08,16.41,14.53,77.44,0.03,72.42,2.39,226.72,3.01,227.21
2022,7,8,10,2.72,3.42,4.25,341.73,415.88,51.22,1.82,9.3,19.69,14.38,17.04,14.83,74.56,0.08,72.41,3.19,218.33,4.05,218.66
2022,7,8,11,2.7,3.75,4.6,346.25,456.67,53.25,2.05,10.83,20.25,14.76,17.51,15.2,73.62,0.19,72.38,3.86,214.11,4.94,214.24
2022,7,8,12,2.58,3.81,4.7,338.5,464.17,51.98,2.03,10.9,20.35,15.01,17.68,15.38,74.12,0.34,72.34,4.34,212.34,5.6,212.58
2022,7,8,13,2.31,3.65,4.54,297.92,444.2,45.61,1.73,9.02,19.73,15.11,17.42,15.38,77,0.56,72.29,4.49,211.61,5.82,211.73
2022,7,8,14,1.91,3.26,4.13,246.45,396.45,37.37,1.29,6.6,19.02,15.09,17.05,15.32,80.12,0.78,72.25,4.45,210.76,5.8,210.88
2022,7,8,15,1.51,2.67,3.5,193.48,323.73,29.09,0.86,4.48,17.76,14.92,16.34,15.08,85.38,1.12,72.22,4.06,210.11,5.34,210.24
2022,7,8,16,1.06,1.92,2.68,133,231.38,19.53,0.44,2.17,16.58,14.68,15.62,14.83,90.5,1.54,72.2,3.44,208.66,4.55,208.72
2022,7,8,17,0.64,1.12,1.75,78.25,133.38,11.47,0.16,0.75,15.7,14.44,15.07,14.65,94.31,2.05,72.21,2.66,209.43,3.54,209.51
2022,7,8,18,0.22,0.36,0.78,26.48,41.52,3.88,0.02,0.08,14.85,14.12,14.48,14.34,97.75,1.78,72.22,1.82,218.54,2.44,218.89
2022,7,8,19,0,0,0,0,0,0,0,0,14.37,13.96,14.16,14.22,100,1.45,72.24,1.44,236.48,2.04,237.04
2022,7,8,20,0,0,0,0,0,0,0,0,14.19,13.79,13.98,14.1,100,1.22,72.27,1.26,241.36,1.79,242.09
2022,7,8,21,0,0,0,0,0,0,0,0,13.88,13.59,13.74,13.92,100,1.36,72.31,0.95,225.67,1.46,226.95
2022,7,8,22,0,0,0,0,0,0,0,0,13.61,13.49,13.55,13.85,100,1.32,72.34,0.86,218.01,1.42,220.33
2022,7,8,23,0,0,0,0,0,0,0,0,13.38,13.37,13.37,13.73,100,1.08,72.32,0.91,216.97,1.51,218.29
2022,7,9,0,0,0,0,0,0,0,0,0,13.19,13.25,13.22,13.67,100,0.75,72.27,0.94,215.15,1.59,215.02
2022,7,9,1,0,0,0,0,0,0,0,0,13.11,13.19,13.15,13.61,100,0.43,72.24,0.99,215.7,1.71,214.56
2022,7,9,2,0,0,0,0,0,0,0,0,12.89,13.01,12.95,13.43,100,0.16,72.21,0.85,216.45,1.59,216.81
2022,7,9,3,0,0,0,0,0,0,0,0,12.67,12.88,12.78,13.31,100,0.08,72.19,0.82,216.43,1.61,216.54
2022,7,9,4,0,0,0,0,0,0,0,0,12.57,12.78,12.68,13.24,100,0.06,72.2,0.84,217.41,1.64,217.47
2022,7,9,5,0.04,0.03,0.11,3.02,3.55,0.45,0,0,12.58,12.71,12.64,13.18,100,0.04,72.23,0.86,219.07,1.6,219.27
2022,7,9,6,0.18,0.53,0.98,21.25,62.45,3.09,0.02,0.08,13.44,12.79,13.12,13.18,98.75,0.03,72.28,1.68,217.24,2.23,217.03
2022,7,9,7,0.72,1.35,1.97,90.12,164.62,13.6,0.21,1.02,14.02,12.48,13.26,12.88,92.94,0.02,72.34,1.74,210.48,2.19,210.51
2022,7,9,8,1.18,2.17,2.88,150.2,265.98,22.98,0.55,2.75,15.2,12.44,13.83,12.82,85.75,0.02,72.37,2.03,212.1,2.52,212.06
2022,7,9,9,1.64,2.88,3.66,213.6,353.9,32.73,0.98,5.2,16.56,12.54,14.55,12.88,78.94,0.03,72.38,2.6,210.34,3.24,210.28
2022,7,9,10,1.71,3.44,4.24,233.88,421.75,36.78,1.3,6.5,17.63,12.9,15.26,13.18,75.5,0.04,72.36,3.17,209.03,3.98,209.13
2022,7,9,11,1.98,3.78,4.6,261.9,463.6,41.61,1.56,8.02,18.16,13.28,15.73,13.55,74.81,0.07,72.32,3.63,208.93,4.59,209.01
2022,7,9,12,2.06,3.76,4.7,274.77,459.33,42.02,1.59,8.38,18.4,13.58,15.98,13.85,75.25,0.12,72.27,3.9,208.72,4.95,208.79
2022,7,9,13,2.02,3.63,4.54,265.35,442.05,40.27,1.48,7.55,18.3,13.76,16.04,14.04,76.75,0.2,72.22,4.03,210.39,5.13,210.55
2022,7,9,14,1.66,3.27,4.13,220.42,399.12,33.95,1.15,5.75,17.87,13.83,15.86,14.1,79.25,0.3,72.17,3.97,212.72,5.09,212.84
2022,7,9,15,1.37,2.66,3.5,177.6,323.3,26.78,0.76,3.9,17.23,13.66,15.45,13.98,81.62,0.34,72.13,3.66,214.91,4.7,215.12
2022,7,9,16,1.05,1.91,2.68,130.4,230.88,18.84,0.4,2,16.61,13.56,15.08,13.92,84.44,0.36,72.11,3.3,216.73,4.26,216.81
2022,7,9,17,0.58,1.1,1.74,68.85,130.77,9.48,0.12,0.58,15.86,13.54,14.69,13.92,88.62,0.37,72.1,2.79,218.41,3.64,218.54
2022,7,9,18,0.24,0.38,0.78,29.15,43.5,4.04,0.02,0.08,14.88,13.61,14.24,13.98,95.06,0.38,72.13,2.07,221.79,2.78,221.81
2022,7,9,19,0,0,0,0,0,0,0,0,14.17,13.8,13.98,14.22,100,0.39,72.16,1.16,223.36,1.69,223.13
2022,7,9,20,0,0,0,0,0,0,0,0,13.98,13.79,13.88,14.16,100,0.4,72.2,0.96,220.04,1.55,219.88
2022,7,9,21,0,0,0,0,0,0,0,0,13.75,13.68,13.72,14.04,100,0.41,72.24,0.92,215.71,1.59,216.03
2022,7,9,22,0,0,0,0,0,0,0,0,13.5,13.49,13.49,13.92,100,0.47,72.26,0.94,214.22,1.66,214.81
2022,7,9,23,0,0,0,0,0,0,0,0,13.26,13.3,13.28,13.67,100,0.53,72.26,1,211.96,1.74,212.33
2022,7,10,0,0,0,0,0,0,0,0,0,12.97,13,12.98,13.43,100,0.58,72.25,1.08,213.46,1.82,213.42
2022,7,10,1,0,0,0,0,0,0,0,0,12.62,12.59,12.61,13.06,100,0.56,72.23,0.98,214.95,1.69,215.23
2022,7,10,2,0,0,0,0,0,0,0,0,12.31,12.05,12.18,12.63,100,0.43,72.21,0.77,223.76,1.3,227.19
2022,7,10,3,0,0,0,0,0,0,0,0,11.99,11.69,11.83,12.33,100,0.27,72.2,0.47,246.43,0.77,253.58
2022,7,10,4,0,0,0,0,0,0,0,0,11.66,11.33,11.49,12.08,100,0.14,72.19,0.29,304.11,0.57,312.8
2022,7,10,5,0.04,0.03,0.11,3.08,3.35,0.45,0,0,11.61,11.01,11.31,11.78,99.44,0.06,72.2,0.32,353.05,0.63,354.29
2022,7,10,6,0.35,0.53,0.97,40.7,60.77,5.62,0.03,0.15,13.55,11.75,12.65,12.45,92.38,0.03,72.23,0.19,345.96,0.39,354.29
2022,7,10,7,1.02,1.37,1.96,122.85,164.5,17.13,0.26,1.27,15.9,11.37,13.63,12.02,76.56,0.02,72.26,1.01,224.37,1.24,225.25
2022,7,10,8,1.74,2.2,2.88,213.85,266.15,31.18,0.74,3.77,17.27,11.51,14.39,12.08,70.62,0.01,72.27,2.38,214.84,3.02,215
2022,7,10,9,2.4,2.9,3.65,299.75,351.27,44.16,1.34,7.15,18.16,12.11,15.14,12.57,69.56,0.01,72.29,3.2,212.33,4.09,212.5
2022,7,10,10,2.89,3.45,4.24,360.77,419.12,53.98,1.91,9.67,18.7,12.89,15.8,13.24,70.88,0.04,72.3,3.75,210.84,4.78,210.96
2022,7,10,11,3.22,3.78,4.6,409.75,458.73,61.64,2.35,12.42,18.93,13.5,16.22,13.79,72.62,0.08,72.29,4.07,210.61,5.19,210.7
2022,7,10,12,2.59,3.88,4.7,347.58,475.83,53.91,2.1,11.23,19.07,13.84,16.46,14.1,73.69,0.15,72.26,4.3,210.34,5.5,210.46
2022,7,10,13,2.39,3.74,4.54,315.12,456.8,48.62,1.84,9.6,19.01,14.06,16.54,14.28,74.81,0.22,72.21,4.51,210.74,5.79,210.86
2022,7,10,14,2.04,3.35,4.13,265.2,409.48,40.89,1.42,7.17,18.3,14.11,16.2,14.34,78.44,0.26,72.17,4.45,212.15,5.74,212.22
2022,7,10,15,1.56,2.76,3.5,201.42,336.2,30.47,0.9,4.62,17.61,14.01,15.81,14.28,81.5,0.27,72.14,4.12,215.74,5.33,215.88
2022,7,10,16,1.12,2,2.68,140.75,242.8,20.6,0.45,2.25,16.94,13.9,15.41,14.16,84.44,0.26,72.13,3.62,220.01,4.71,220.16
2022,7,10,17,0.66,1.17,1.74,78.48,138.65,10.52,0.13,0.65,16.15,13.84,15,14.16,88.69,0.24,72.15,3.14,223.18,4.13,223.39
2022,7,10,18,0.31,0.39,0.77,36.1,44.33,4.78,0.02,0.1,15.13,13.94,14.54,14.28,95.38,0.23,72.19,2.56,224.75,3.46,225
2022,7,10,19,0,0,0,0,0,0,0,0,14.36,14.06,14.21,14.4,100,0.21,72.24,1.62,224.22,2.34,224.73
2022,7,10,20,0,0,0,0,0,0,0,0,14.21,14.07,14.14,14.4,100,0.2,72.29,1.41,227.92,2.13,228.12
2022,7,10,21,0,0,0,0,0,0,0,0,13.97,13.94,13.95,14.28,100,0.17,72.33,1.24,230.1,1.98,230.6
2022,7,10,22,0,0,0,0,0,0,0,0,13.7,13.71,13.7,14.04,100,0.15,72.35,1.07,233.3,1.78,234.29
2022,7,10,23,0,0,0,0,0,0,0,0,13.39,13.38,13.39,13.79,100,0.13,72.34,0.85,243.2,1.52,244.09
2022,7,11,0,0,0,0,0,0,0,0,0,13.03,13.01,13.02,13.49,100,0.09,72.32,0.68,258.04,1.24,260.95
2022,7,11,1,0,0,0,0,0,0,0,0,12.73,12.58,12.65,13.12,100,0.06,72.29,0.6,283.5,1,289.56
2022,7,11,2,0,0,0,0,0,0,0,0,12.31,12.07,12.19,12.7,100,0.03,72.27,0.55,320.19,1,330.42
2022,7,11,3,0,0,0,0,0,0,0,0,12.02,11.45,11.73,12.27,100,0.02,72.25,0.56,343.07,1.12,349.95
2022,7,11,4,0,0,0,0,0,0,0,0,12.06,10.91,11.48,11.78,96.5,0.01,72.26,0.56,355.17,0.97,354.47
2022,7,11,5,0.04,0.03,0.1,2.83,3.05,0.41,0,0,12.38,10.66,11.52,11.6,92.81,0.01,72.28,0.47,353.35,0.74,350.84
2022,7,11,6,0.42,0.48,0.96,47.08,53.9,6.39,0.03,0.17,14.07,11.94,13.01,12.7,91,0,72.32,0.49,283.82,0.66,290.79
2022,7,11,7,1.09,1.28,1.95,127.62,149.88,17.3,0.26,1.25,15.8,12.39,14.1,13,83.44,0.01,72.35,1.53,244.88,1.9,245.01
2022,7,11,8,1.87,2.12,2.87,226.8,254.85,31.92,0.74,3.77,17.11,12.73,14.92,13.24,78.44,0.01,72.38,2.28,230.97,2.86,231
2022,7,11,9,2.41,2.86,3.65,299.7,346.62,43.7,1.33,7.08,18.23,13.11,15.67,13.55,74.75,0.02,72.4,3,222.79,3.78,222.82
2022,7,11,10,2.92,3.42,4.24,366.17,416.8,54.7,1.95,9.77,18.86,13.65,16.26,14.04,74.25,0.03,72.4,3.6,218.74,4.56,218.87
2022,7,11,11,2.64,3.76,4.6,345.58,458.88,52.88,2.03,10.6,19.15,14.21,16.68,14.47,75.25,0.06,72.38,4,217.54,5.08,217.63
2022,7,11,12,2.46,3.79,4.7,330.1,464.23,50.09,1.96,10.45,19.25,14.54,16.89,14.77,76.25,0.09,72.33,4.28,217.2,5.46,217.38
2022,7,11,13,2.11,3.66,4.54,277.52,447.02,42.41,1.6,8.4,19.12,14.69,16.9,14.95,77.62,0.12,72.28,4.46,217.03,5.74,217.15
2022,7,11,14,1.96,3.27,4.13,253.42,399.4,38.29,1.33,6.7,18.54,14.8,16.67,15.08,81.12,0.13,72.23,4.45,217.51,5.78,217.54
2022,7,11,15,1.43,2.68,3.5,183.67,326.08,27.59,0.82,4.27,17.56,14.93,16.25,15.2,86.94,0.14,72.2,4.16,218.83,5.46,218.84
2022,7,11,16,1.14,1.95,2.68,143.4,236.92,21.25,0.48,2.4,16.98,15.08,16.04,15.38,91.12,0.14,72.18,3.85,219.64,5.08,219.69
2022,7,11,17,0.61,1.11,1.74,72.08,131.73,10.12,0.13,0.65,16.33,15.18,15.75,15.44,95.56,0.14,72.19,3.49,218.82,4.69,218.78
2022,7,11,18,0.23,0.37,0.77,27.35,41.73,3.93,0.02,0.08,15.76,15.19,15.48,15.44,99.12,0.13,72.22,2.98,217.02,4.12,216.98
2022,7,11,19,0,0,0,0,0,0,0,0,15.19,15.01,15.1,15.32,100,0.14,72.28,2.14,215.78,3.05,215.61
2022,7,11,20,0,0,0,0,0,0,0,0,14.98,14.87,14.93,15.2,100,0.14,72.34,2.07,214.41,3.05,214.34
2022,7,11,21,0,0,0,0,0,0,0,0,14.76,14.76,14.76,15.01,100,0.13,72.42,2.6,214.84,3.77,214.78
2022,7,11,22,0,0,0,0,0,0,0,0,14.47,14.53,14.5,14.71,100,0.11,72.46,2.68,214.29,3.84,214.05
2022,7,11,23,0,0,0,0,0,0,0,0,13.76,13.76,13.76,14.1,100,0.08,72.45,1.53,212.88,2.25,211.92
2022,7,12,0,0,0,0,0,0,0,0,0,13.2,12.88,13.05,13.37,100,0.06,72.4,0.54,210.26,0.72,209.36
2022,7,12,1,0,0,0,0,0,0,0,0,12.88,12.37,12.62,12.88,100,0.05,72.34,0.09,239.04,0.17,346.61
2022,7,12,2,0,0,0,0,0,0,0,0,12.75,11.87,12.31,12.45,97.44,0.04,72.29,0.26,331.11,0.5,337.04
2022,7,12,3,0,0,0,0,0,0,0,0,12.6,11.55,12.08,12.21,96.44,0.04,72.28,0.43,326.89,0.76,327.62
2022,7,12,4,0,0,0,0,0,0,0,0,12.43,11.33,11.87,12.02,96.12,0.02,72.28,0.54,326.77,1,328.04
2022,7,12,5,0.04,0.03,0.1,2.83,3.1,0.41,0,0,12.46,11.11,11.79,11.84,94.62,0.01,72.29,0.59,335.12,1.1,337.07
2022,7,12,6,0.25,0.51,0.95,29.73,59.3,4.42,0.02,0.12,14.12,12.14,13.13,12.76,91.25,0.01,72.32,0.74,328.31,1.1,330.51
2022,7,12,7,0.84,1.37,1.95,106.02,165.27,15.83,0.25,1.2,16.22,12.2,14.21,12.7,79.56,0.01,72.34,1.32,269.66,1.7,271.06
2022,7,12,8,1.5,2.2,2.87,190.95,269.48,28.7,0.7,3.58,17.7,12.62,15.16,13.06,74.25,0.02,72.36,2.28,243.08,2.87,243.16
2022,7,12,9,1.97,2.91,3.65,254.48,356.25,38.52,1.2,6.38,18.74,13.22,15.98,13.55,72.44,0.04,72.37,2.98,230.43,3.77,230.38
2022,7,12,10,2.46,3.45,4.24,317.12,422.45,48.4,1.74,8.8,19.21,13.9,16.56,14.22,73.62,0.06,72.37,3.46,224.45,4.37,224.49
2022,7,12,11,2.73,3.78,4.6,356.58,463.17,55.28,2.13,11.15,19.37,14.44,16.9,14.71,75.44,0.09,72.34,3.78,221.73,4.78,221.75
2022,7,12,12,2.52,3.84,4.7,339.1,472.17,52.17,2.05,10.98,19.4,14.74,17.07,15.01,76.69,0.13,72.28,4.07,220.33,5.17,220.4
2022,7,12,13,2.21,3.68,4.54,294,451.52,45.53,1.72,8.92,19.29,14.87,17.08,15.14,77.75,0.15,72.22,4.36,220.06,5.59,220.12
2022,7,12,14,1.97,3.28,4.13,256.55,402.77,38.99,1.35,6.85,19.08,14.9,16.99,15.2,78.94,0.16,72.16,4.48,220.27,5.79,220.4
2022,7,12,15,1.64,2.69,3.49,208.73,328.35,30.87,0.91,4.67,18.59,14.86,16.73,15.14,81.12,0.16,72.13,4.36,221.51,5.69,221.66
2022,7,12,16,1.16,1.92,2.68,143.45,232.67,20.54,0.45,2.23,17.68,14.82,16.25,15.14,85.81,0.15,72.11,3.99,222.78,5.24,222.95
2022,7,12,17,0.64,1.08,1.74,74.65,128.42,10.01,0.12,0.62,16.64,14.79,15.71,15.14,91.62,0.15,72.11,3.4,224.16,4.52,224.3
2022,7,12,18,0.25,0.35,0.77,29.3,39.73,4.1,0.02,0.08,15.72,14.87,15.3,15.2,97.62,0.16,72.15,2.68,223.11,3.64,223.17
2022,7,12,19,0,0,0,0,0,0,0,0,15.29,15.01,15.15,15.26,100,0.15,72.2,1.92,218.73,2.73,218.61
2022,7,12,20,0,0,0,0,0,0,0,0,15.23,15.08,15.15,15.26,100,0.15,72.26,1.93,217.1,2.78,216.9
2022,7,12,21,0,0,0,0,0,0,0,0,14.98,14.91,14.95,15.14,100,0.14,72.31,1.84,215.65,2.7,215.21
2022,7,12,22,0,0,0,0,0,0,0,0,14.65,14.62,14.64,14.83,100,0.12,72.33,1.67,215.1,2.5,213.94
2022,7,12,23,0,0,0,0,0,0,0,0,14.28,14.26,14.27,14.53,100,0.09,72.31,1.42,214.22,2.19,212.05
2022,7,13,0,0,0,0,0,0,0,0,0,13.78,13.68,13.73,14.04,100,0.06,72.27,1.19,211.81,1.91,208.67
2022,7,13,1,0,0,0,0,0,0,0,0,13.21,12.89,13.05,13.37,100,0.04,72.24,0.82,202.41,1.24,197.63
2022,7,13,2,0,0,0,0,0,0,0,0,12.97,12.44,12.7,13,100,0.03,72.21,0.37,197.28,0.53,188.49
2022,7,13,3,0,0,0,0,0,0,0,0,12.72,12.1,12.41,12.76,99.81,0.02,72.15,0.15,291.25,0.19,311.63
2022,7,13,4,0,0,0,0,0,0,0,0,12.84,11.81,12.33,12.51,97.12,0,72.1,0.33,337.69,0.48,340.97
2022,7,13,5,0.04,0.03,0.1,3.1,3.35,0.45,0,0,12.94,11.57,12.26,12.33,94.94,0,72.09,0.47,354.29,0.67,354.69
2022,7,13,6,0.3,0.57,0.95,36.9,69.45,5.54,0.03,0.15,13.69,12.14,12.91,12.88,94.38,0,72.09,0.52,350.54,0.73,349.53
2022,7,13,7,0.89,1.42,1.94,112.67,175.65,16.96,0.28,1.38,15.22,12.39,13.8,13,86.38,0,72.11,0.7,272.57,0.92,270.97
2022,7,13,8,1.56,2.24,2.86,198.62,277,30.09,0.77,3.95,16.33,12.67,14.5,13.18,81.44,0,72.12,1.82,233.72,2.33,233.44
2022,7,13,9,2.13,2.93,3.64,274.8,361.73,41.8,1.36,7.33,16.91,13,14.96,13.43,80,0,72.14,2.45,219.95,3.11,220.01
2022,7,13,10,2.66,3.46,4.23,340.58,426.65,52.47,1.95,9.88,17.28,13.26,15.27,13.61,79.38,0.02,72.16,3.03,211.6,3.86,211.6
2022,7,13,11,2.78,3.79,4.59,365.67,466.1,56.39,2.26,12.1,17.43,13.5,15.46,13.79,79.62,0.08,72.15,3.45,206.97,4.42,207.15
2022,7,13,12,2.67,3.8,4.7,355.52,465.38,53.8,2.2,11.9,17.65,13.75,15.7,13.98,79.69,0.13,72.13,3.77,203.43,4.82,203.58
2022,7,13,13,2.45,3.67,4.54,321.27,447.27,49.24,1.94,10.12,17.63,13.87,15.75,14.1,80.31,0.18,72.1,4,202.05,5.14,202.16
2022,7,13,14,2.02,3.28,4.13,261.73,400,39.67,1.44,7.3,17.44,13.83,15.63,14.1,81.12,0.2,72.07,4.01,202.57,5.17,202.69
2022,7,13,15,1.58,2.67,3.49,201.23,324.95,29.8,0.91,4.75,17.19,13.66,15.43,13.98,81.75,0.19,72.05,3.91,203.54,5.07,203.64
2022,7,13,16,1.08,1.93,2.68,132.77,233.6,18.96,0.44,2.17,16.8,13.55,15.18,13.92,83.31,0.18,72.04,3.54,205.89,4.59,206.04
2022,7,13,17,0.62,1.11,1.74,72.33,132.05,9.77,0.13,0.65,16.09,13.44,14.76,13.79,86.75,0.16,72.05,2.94,210.31,3.83,210.48
2022,7,13,18,0.26,0.37,0.76,30.35,42,4.17,0.02,0.08,15.05,13.52,14.29,13.92,93.56,0.12,72.08,2.07,217.34,2.78,217.45
2022,7,13,19,0,0,0,0,0,0,0,0,14.18,13.52,13.85,13.98,99.19,0.09,72.14,1.13,219.4,1.68,221.61
2022,7,13,20,0,0,0,0,0,0,0,0,13.9,13.44,13.67,13.85,100,0.05,72.18,0.88,219.22,1.34,221.94
2022,7,13,21,0,0,0,0,0,0,0,0,13.62,13.35,13.48,13.79,100,0.02,72.22,0.82,218.83,1.27,221.02
2022,7,13,22,0,0,0,0,0,0,0,0,13.41,13.24,13.33,13.73,100,0.02,72.24,0.87,218.82,1.38,219.93
2022,7,13,23,0,0,0,0,0,0,0,0,13.17,13.1,13.14,13.61,100,0.03,72.26,0.92,218.43,1.48,219.42
2022,7,14,0,0,0,0,0,0,0,0,0,13,12.94,12.97,13.49,100,0.02,72.24,0.9,221.84,1.43,223.22
2022,7,14,1,0,0,0,0,0,0,0,0,12.91,12.86,12.88,13.43,100,0.02,72.22,0.86,225.37,1.39,227.27
2022,7,14,2,0,0,0,0,0,0,0,0,12.9,12.86,12.87,13.43,100,0.01,72.18,0.84,227.65,1.44,230.27
2022,7,14,3,0,0,0,0,0,0,0,0,12.84,12.87,12.86,13.43,100,0,72.16,0.76,229.59,1.36,232.93
2022,7,14,4,0,0,0,0,0,0,0,0,12.83,12.83,12.83,13.43,100,0,72.14,0.65,237.26,1.13,239.37
2022,7,14,5,0.03,0.03,0.09,2.55,3.15,0.38,0,0,12.82,12.71,12.76,13.31,100,0,72.16,0.59,235.26,0.94,235.12
2022,7,14,6,0.34,0.55,0.94,40.02,65.52,5.3,0.03,0.15,13.68,13.15,13.41,13.67,100,0,72.21,0.93,226.36,1.24,227.05
2022,7,14,7,1.04,1.39,1.94,126.75,168.85,17.89,0.28,1.4,14.63,13.02,13.83,13.55,93.81,0,72.29,1.21,216.87,1.51,216.4
2022,7,14,8,1.82,2.22,2.86,224.1,271.08,32.6,0.8,4.05,15.8,12.83,14.31,13.37,85.62,0,72.32,1.84,211.26,2.29,211.2
2022,7,14,9,2.63,2.94,3.64,327.92,358.73,48.59,1.53,8.08,16.87,12.77,14.83,13.24,79.5,0,72.33,2.53,206.25,3.16,206.25
2022,7,14,10,2.71,3.48,4.23,340.52,425.27,52.12,1.92,9.98,17.81,12.94,15.37,13.37,75.69,0,72.32,3.1,203.46,3.9,203.59
2022,7,14,11,2.78,3.82,4.59,362.9,465.83,55.76,2.24,11.88,18.51,13.25,15.88,13.67,73.81,0.01,72.27,3.62,203.13,4.57,203.24
2022,7,14,12,2.52,3.86,4.7,336.7,472.6,51.87,2.11,11.45,18.87,13.55,16.2,13.92,73.5,0.01,72.21,4.04,204.09,5.14,204.23
2022,7,14,13,2.47,3.74,4.54,323.42,455.58,49.95,1.96,10.33,18.81,13.79,16.3,14.1,74.81,0.03,72.16,4.34,206.2,5.56,206.35
2022,7,14,14,2.13,3.36,4.13,274.02,409.75,41.66,1.51,7.67,18.55,13.83,16.19,14.16,76.12,0.06,72.12,4.53,208.33,5.85,208.38
2022,7,14,15,1.69,2.77,3.49,214.35,338.33,32.07,0.98,5.17,17.96,13.7,15.83,13.98,78.12,0.09,72.1,4.52,209.49,5.9,209.62
2022,7,14,16,1.21,2.03,2.68,149.48,246.58,21.67,0.5,2.5,16.83,13.65,15.24,13.98,83.62,0.09,72.12,4.24,210.67,5.58,210.8
2022,7,14,17,0.66,1.19,1.73,78.65,142.35,10.75,0.15,0.73,15.84,13.48,14.66,13.85,88.44,0.09,72.15,3.71,210.18,4.94,210.22
2022,7,14,18,0.26,0.4,0.76,31.25,46.35,4.42,0.02,0.1,14.64,13.37,14.01,13.85,95.5,0.05,72.22,2.63,210.38,3.53,210.42
2022,7,14,19,0,0,0,0,0,0,0,0,13.97,13.58,13.77,14.04,100,0.04,72.28,1.38,213.96,1.98,213.44
2022,7,14,20,0,0,0,0,0,0,0,0,13.69,13.48,13.58,13.92,100,0.03,72.34,1.08,216.21,1.61,218.7
2022,7,14,21,0,0,0,0,0,0,0,0,13.32,13.23,13.27,13.67,100,0.02,72.39,0.98,222.74,1.46,226.08
2022,7,14,22,0,0,0,0,0,0,0,0,12.92,12.94,12.93,13.37,100,0.01,72.43,0.89,230,1.37,232.41
2022,7,14,23,0,0,0,0,0,0,0,0,12.6,12.44,12.52,12.94,100,0.01,72.43,0.93,227.73,1.41,228.6
2022,7,15,0,0,0,0,0,0,0,0,0,12.12,11.76,11.94,12.39,100,0.01,72.43,0.64,225,0.9,224.29
2022,7,15,1,0,0,0,0,0,0,0,0,11.99,11.35,11.67,12.08,99.44,0.01,72.43,0.46,232.55,0.54,233.3
2022,7,15,2,0,0,0,0,0,0,0,0,11.56,10.91,11.24,11.72,99.25,0.01,72.42,0.31,324.29,0.6,340.85
2022,7,15,3,0,0,0,0,0,0,0,0,11.28,10.37,10.83,11.29,97.44,0,72.38,0.55,351.07,1.11,353.13
2022,7,15,4,0,0,0,0,0,0,0,0,11.3,9.76,10.53,10.8,93.25,0,72.35,0.68,356.05,1.2,356.26
2022,7,15,5,0.04,0.03,0.09,2.8,3.05,0.42,0,0,11.6,9.29,10.44,10.5,88.56,0,72.34,0.7,359.36,1.16,359.62
2022,7,15,6,0.52,0.58,0.93,59.4,67.15,7.27,0.03,0.17,13.56,10.8,12.19,11.72,87.06,0,72.37,0.43,335.3,0.75,342.5
2022,7,15,7,1.25,1.44,1.93,150.12,173.12,20.47,0.3,1.48,15.93,10.65,13.29,11.54,73.75,0,72.42,1.05,239.25,1.36,241.23
2022,7,15,8,2.15,2.28,2.85,260.65,275.58,37.54,0.9,4.5,16.94,10.51,13.73,11.41,68.31,0,72.46,2.22,223.71,2.84,224.11
2022,7,15,9,2.84,3,3.64,349.17,363.1,51.84,1.61,8.38,17.49,11,14.25,11.78,68.25,0,72.48,2.79,219.21,3.55,219.47
2022,7,15,10,3.22,3.55,4.23,399.23,429.1,60.33,2.2,11.38,17.83,11.69,14.76,12.33,69.88,0,72.48,3.06,215.23,3.88,215.48
2022,7,15,11,3.34,3.89,4.59,422.42,469.17,64.98,2.55,13.67,17.98,12.2,15.08,12.76,71.56,0,72.46,3.14,211.55,3.95,211.64
2022,7,15,12,2.78,3.92,4.7,369.5,477.62,56.98,2.3,12.38,17.99,12.55,15.27,13.06,72.94,0,72.42,3.15,207.84,3.95,207.93
2022,7,15,13,2.58,3.79,4.54,334.02,460.3,51.39,2,10.55,17.98,12.75,15.37,13.18,73.88,0,72.38,3.2,204.56,4.03,204.53
2022,7,15,14,2.25,3.41,4.13,286.38,414.62,43.45,1.55,7.88,17.86,12.8,15.33,13.24,74.69,0,72.35,3.26,202.39,4.13,202.44
2022,7,15,15,1.75,2.82,3.49,218.92,343.55,32.8,0.99,5.12,17.58,12.86,15.22,13.31,76.25,0,72.33,3.23,201.9,4.11,201.98
2022,7,15,16,1.23,2.07,2.67,153.95,252.02,22.61,0.52,2.55,17.05,12.92,14.98,13.37,79.12,0,72.32,3.05,202.62,3.9,202.72
2022,7,15,17,0.68,1.22,1.73,82.3,146.95,11.45,0.16,0.75,16.21,13.04,14.62,13.43,84.06,0,72.33,2.69,205.67,3.49,205.76
2022,7,15,18,0.26,0.4,0.75,31.3,46.67,4.21,0.02,0.08,15.07,13.4,14.23,13.79,92.88,0,72.37,1.95,211.59,2.63,211.37
2022,7,15,19,0,0,0,0,0,0,0,0,14.13,13.64,13.89,13.98,100,0,72.41,1.01,211.35,1.54,213.45
2022,7,15,20,0,0,0,0,0,0,0,0,13.94,13.62,13.78,13.98,100,0,72.45,0.77,213.85,1.2,216.8
2022,7,15,21,0,0,0,0,0,0,0,0,13.76,13.55,13.65,13.85,100,0,72.49,0.58,217.33,0.94,219.93
2022,7,15,22,0,0,0,0,0,0,0,0,13.54,13.42,13.48,13.73,100,0,72.49,0.51,217.57,0.87,218.82
2022,7,15,23,0,0,0,0,0,0,0,0,13.34,13.21,13.28,13.61,100,0,72.47,0.48,216.3,0.82,216.43
2022,7,16,0,0,0,0,0,0,0,0,0,13.18,13.01,13.09,13.43,100,0,72.44,0.37,219.04,0.66,219.19
2022,7,16,1,0,0,0,0,0,0,0,0,13.01,12.82,12.92,13.31,100,0,72.4,0.23,229.18,0.42,225
2022,7,16,2,0,0,0,0,0,0,0,0,12.78,12.62,12.7,13.12,100,0,72.38,0.09,270,0.18,249.15
2022,7,16,3,0,0,0,0,0,0,0,0,12.42,12.38,12.4,12.94,100,0,72.36,0.18,347.74,0.29,344.48
2022,7,16,4,0,0,0,0,0,0,0,0,12,12.08,12.04,12.7,100,0,72.34,0.34,10.54,0.75,10.84
2022,7,16,5,0.03,0.03,0.09,2.6,2.92,0.38,0,0,11.79,11.55,11.67,12.21,100,0,72.32,0.6,28.91,1.25,26.73
2022,7,16,6,0.48,0.56,0.93,55.38,66.48,6.9,0.03,0.17,13.78,11.98,12.87,12.63,92.5,0,72.33,0.89,39.29,1.31,37.01
2022,7,16,7,1.23,1.41,1.92,149.02,170.6,20.13,0.3,1.45,16.51,11.33,13.91,12.15,74.75,0,72.38,0.41,210.96,0.5,213.44
2022,7,16,8,1.95,2.23,2.85,238.33,271.9,34.35,0.82,4.1,17.69,11.85,14.77,12.63,72.06,0,72.43,2.18,214.49,2.77,214.99
2022,7,16,9,2.65,2.95,3.63,328.42,359.27,48.53,1.5,7.7,18.13,12.73,15.43,13.31,74,0,72.47,2.91,210.62,3.69,210.8
2022,7,16,10,3.12,3.49,4.23,388.17,425.48,58.64,2.11,11.02,18.44,13.34,15.9,13.79,75.12,0,72.48,3.43,207.67,4.36,207.9
2022,7,16,11,3.34,3.82,4.59,425.85,465.55,64.51,2.53,13.55,18.89,13.75,16.32,14.1,74.69,0,72.45,3.9,205.79,4.96,205.96
2022,7,16,12,3.16,3.86,4.7,409.75,470.85,62.28,2.47,13.48,19.14,13.98,16.56,14.28,74.25,0,72.41,4.2,204.95,5.39,204.97
2022,7,16,13,2.77,3.73,4.54,356.3,453.2,53.98,2.09,11,19.13,14.08,16.61,14.34,74.5,0,72.37,4.39,204.6,5.65,204.61
2022,7,16,14,2.2,3.33,4.13,281.65,406.25,43.01,1.52,7.73,18.8,14.11,16.45,14.34,76.06,0,72.34,4.39,205.42,5.66,205.43
2022,7,16,15,1.65,2.74,3.49,209.27,333.3,31.11,0.93,4.8,18.15,14.12,16.14,14.34,79.19,0,72.33,4.19,207.28,5.43,207.34
2022,7,16,16,1.1,1.97,2.67,135.5,238.52,19.59,0.44,2.17,17.35,13.99,15.67,14.16,82.5,0,72.33,3.86,208.43,5.03,208.48
2022,7,16,17,0.58,1.13,1.73,67.73,134.38,9.06,0.12,0.58,16.39,13.86,15.12,14.1,87.06,0,72.36,3.3,210.08,4.34,210.17
2022,7,16,18,0.21,0.37,0.75,25.42,42,3.6,0.02,0.08,15.27,13.85,14.56,14.1,93.88,0,72.41,2.41,213.9,3.2,213.77
2022,7,16,19,0,0,0,0,0,0,0,0,14.38,13.94,14.15,14.22,100,0,72.48,1.29,216.38,1.83,217.21
2022,7,16,20,0,0,0,0,0,0,0,0,14.01,13.68,13.84,14.04,100,0,72.55,0.8,221.03,1.12,225.57
2022,7,16,21,0,0,0,0,0,0,0,0,13.58,13.33,13.46,13.73,100,0,72.61,0.45,234.93,0.51,252.96
2022,7,16,22,0,0,0,0,0,0,0,0,13.15,12.94,13.05,13.37,100,0,72.64,0.26,250.46,0.33,306.33
2022,7,16,23,0,0,0,0,0,0,0,0,12.71,12.4,12.55,12.88,100,0,72.62,0.19,292.25,0.44,338.96
2022,7,17,0,0,0,0,0,0,0,0,0,12.37,11.87,12.12,12.45,100,0,72.59,0.28,347.12,0.63,359.29
2022,7,17,1,0,0,0,0,0,0,0,0,12.15,11.32,11.73,12.02,98.19,0,72.56,0.43,354.81,0.83,3.78
2022,7,17,2,0,0,0,0,0,0,0,0,12.01,10.75,11.38,11.6,95.44,0,72.53,0.67,5.31,1.15,10.17
2022,7,17,3,0,0,0,0,0,0,0,0,11.88,10.07,10.98,11.05,92,0,72.51,0.8,14.72,1.35,15.08
2022,7,17,4,0,0,0,0,0,0,0,0,11.83,9.38,10.61,10.56,88.06,0,72.49,0.89,19.55,1.5,19.47
2022,7,17,5,0.03,0.03,0.08,1.92,2.6,0.3,0,0,11.9,8.9,10.4,10.19,84.81,0,72.49,0.94,23.39,1.61,23.45
2022,7,17,6,0.32,0.52,0.92,34.67,59.2,4.56,0.02,0.12,14.01,10.82,12.42,11.72,84.88,0,72.51,1,24.96,1.56,23.99
2022,7,17,7,0.96,1.36,1.92,115.12,162.23,15.85,0.23,1.17,17.31,10.13,13.73,11.11,65.25,0,72.52,0.6,328.39,0.8,328.17
2022,7,17,8,1.73,2.2,2.84,210.52,265.65,30.45,0.73,3.7,19.23,10.51,14.87,11.41,59.31,0,72.53,1.79,234.43,2.26,235.15
2022,7,17,9,2.49,2.91,3.63,310.88,353.58,45.68,1.43,7.62,19.94,11.61,15.78,12.27,61,0,72.55,2.94,220.25,3.74,220.51
2022,7,17,10,2.88,3.46,4.22,361.52,420.6,54.05,1.96,9.98,20.17,12.82,16.5,13.31,65.25,0,72.56,3.56,214.91,4.54,214.98
2022,7,17,11,3.21,3.79,4.59,410.2,460.7,61.77,2.41,12.83,20.13,13.85,16.99,14.22,69.75,0,72.56,3.82,212.39,4.84,212.49
2022,7,17,12,2.58,3.79,4.69,341.08,459.73,51.12,2.02,10.9,19.93,14.38,17.15,14.65,72.81,0,72.53,3.87,212.37,4.91,212.45
2022,7,17,13,2.13,3.64,4.54,277.3,439.88,42.22,1.62,8.38,19.8,14.53,17.16,14.77,73.69,0,72.47,3.92,212.96,4.98,213.09
2022,7,17,14,1.86,3.23,4.13,238.92,389.73,35.39,1.24,6.27,19.5,14.49,17,14.71,74.81,0,72.42,3.88,213.18,4.95,213.34
2022,7,17,15,1.47,2.58,3.49,186.4,309.48,27.2,0.81,4.23,19,14.37,16.69,14.59,76.56,0,72.39,3.77,213.85,4.83,213.92
2022,7,17,16,1.08,1.82,2.67,130.55,215.25,18.15,0.4,2,18.23,14.18,16.2,14.4,79.38,0,72.38,3.5,213.8,4.5,213.83
2022,7,17,17,0.59,1,1.73,67.42,115.6,8.96,0.12,0.58,17.09,14.05,15.58,14.28,84.5,0,72.39,3.01,212.91,3.9,212.89
2022,7,17,18,0.23,0.31,0.74,27.12,34.1,3.76,0.02,0.08,15.64,14.1,14.87,14.34,93,0.14,72.42,2.27,211.94,3.02,211.68
2022,7,17,19,0,0,0,0,0,0,0,0,14.71,14.26,14.48,14.47,100,0.11,72.47,1.38,210.91,1.93,210.61
2022,7,17,20,0,0,0,0,0,0,0,0,14.46,14.26,14.36,14.47,100,0.08,72.53,1.09,207.66,1.66,208.61
2022,7,17,21,0,0,0,0,0,0,0,0,14.18,14.11,14.14,14.34,100,0.05,72.56,0.95,208.87,1.6,209.95
2022,7,17,22,0,0,0,0,0,0,0,0,13.83,13.93,13.88,14.16,100,0.05,72.56,0.86,211.95,1.55,213.69
2022,7,17,23,0,0,0,0,0,0,0,0,13.48,13.67,13.57,13.92,100,0.04,72.53,0.77,215.13,1.49,217.11
2022,7,18,0,0,0,0,0,0,0,0,0,13.13,13.29,13.21,13.61,100,0.03,72.47,0.71,221.42,1.36,223.84
2022,7,18,1,0,0,0,0,0,0,0,0,12.96,12.97,12.96,13.31,100,0.02,72.41,0.57,237.41,1.07,238.75
2022,7,18,2,0,0,0,0,0,0,0,0,12.73,12.64,12.69,13.06,100,0.01,72.36,0.41,270,0.77,267.08
2022,7,18,3,0,0,0,0,0,0,0,0,12.52,12.32,12.42,12.82,100,0.01,72.33,0.38,307.57,0.65,307.69
2022,7,18,4,0,0,0,0,0,0,0,0,12.26,11.98,12.12,12.51,100,0.02,72.31,0.46,351.18,0.8,352.11
2022,7,18,5,0.03,0.02,0.08,2.35,2.4,0.35,0,0,12.12,11.71,11.91,12.27,100,0.02,72.32,0.59,17.72,1.09,17.01
2022,7,18,6,0.33,0.48,0.91,37.9,55.77,5.25,0.03,0.15,14.05,12.43,13.24,12.94,93.12,0.03,72.35,0.61,17.05,0.87,17.78
2022,7,18,7,0.85,1.31,1.91,105.27,157.77,15.18,0.24,1.17,16.33,12.36,14.35,12.82,79.62,0.04,72.38,1.08,251.83,1.35,251.77
2022,7,18,8,1.38,2.12,2.84,174,258.15,25.65,0.63,3.23,17.72,12.69,15.2,13.12,74.69,0.05,72.41,2.02,235.88,2.55,235.87
2022,7,18,9,1.87,2.83,3.63,241.35,345.73,36.11,1.15,6.08,19.01,13.17,16.09,13.55,71.19,0.08,72.43,2.78,224.77,3.52,224.82
2022,7,18,10,3.03,3.4,4.22,377.42,416.45,56.38,2.07,10.42,19.69,13.83,16.76,14.16,71.25,0.16,72.45,3.7,216.85,4.73,217
2022,7,18,11,2.37,3.72,4.59,313.02,454.17,47.89,1.88,9.95,19.76,14.3,17.03,14.53,72.88,0.27,72.44,4.22,214.6,5.43,214.74
2022,7,18,12,2.06,3.67,4.69,277.35,446.58,41.6,1.63,8.83,19.53,14.5,17.01,14.71,74.62,0.36,72.4,4.41,214.53,5.68,214.7
2022,7,18,13,1.97,3.58,4.54,261.02,434.85,39.6,1.52,7.85,19.27,14.58,16.93,14.77,76.19,0.43,72.35,4.38,214.31,5.64,214.39
2022,7,18,14,1.54,3.15,4.12,201.2,380.12,30.1,1.06,5.35,18.81,14.63,16.73,14.83,78.5,0.51,72.29,4.15,214.8,5.34,214.88
2022,7,18,15,1.19,2.55,3.49,151.15,305.4,21.98,0.66,3.48,18.08,14.5,16.29,14.65,81.38,0.52,72.24,3.82,215.77,4.94,215.85
2022,7,18,16,0.84,1.83,2.67,104.92,218.15,15.13,0.35,1.75,17.31,14.37,15.84,14.53,84.62,0.49,72.2,3.48,216.51,4.51,216.55
2022,7,18,17,0.4,1.04,1.72,48.05,121.65,6.88,0.09,0.45,16.23,14.24,15.23,14.4,89.94,0.44,72.2,3.02,217.64,3.97,217.64
2022,7,18,18,0.18,0.32,0.73,21.55,35.8,3.12,0.02,0.05,15.23,14.18,14.71,14.4,95.62,0.24,72.23,2.43,219.12,3.24,219.13
2022,7,18,19,0,0,0,0,0,0,0,0,14.62,14.25,14.44,14.47,100,0.24,72.27,1.7,220.14,2.37,220.19
2022,7,18,20,0,0,0,0,0,0,0,0,14.39,14.19,14.29,14.4,100,0.27,72.31,1.3,217.69,1.93,217.61
2022,7,18,21,0,0,0,0,0,0,0,0,14.08,13.9,13.99,14.1,100,0.35,72.35,1.11,218.98,1.75,219.38
2022,7,18,22,0,0,0,0,0,0,0,0,13.86,13.65,13.76,13.92,100,0.46,72.35,0.94,220.29,1.53,220.86
2022,7,18,23,0,0,0,0,0,0,0,0,13.62,13.45,13.54,13.73,100,0.57,72.32,0.86,218.74,1.44,219.05
2022,7,19,0,0,0,0,0,0,0,0,0,13.39,13.26,13.33,13.55,100,0.65,72.28,0.8,219.45,1.38,219.47
2022,7,19,1,0,0,0,0,0,0,0,0,13.17,13.09,13.13,13.43,100,0.63,72.24,0.73,224.13,1.29,224.02
2022,7,19,2,0,0,0,0,0,0,0,0,13,12.9,12.95,13.31,100,0.49,72.2,0.62,233.71,1.16,233.52
2022,7,19,3,0,0,0,0,0,0,0,0,12.8,12.74,12.77,13.12,100,0.29,72.15,0.54,241.59,1.08,241.39
2022,7,19,4,0,0,0,0,0,0,0,0,12.65,12.6,12.62,13,100,0.17,72.13,0.53,250.23,1.08,249.2
2022,7,19,5,0.03,0.02,0.08,2.12,2.15,0.32,0,0,12.64,12.53,12.58,13,100,0.1,72.13,0.48,263.45,0.99,262.26
2022,7,19,6,0.24,0.44,0.9,27.95,49.27,3.97,0.02,0.1,13.66,12.94,13.3,13.31,98.06,0.08,72.16,0.84,279.11,1.13,278.75
2022,7,19,7,0.74,1.25,1.91,90.38,148.58,13.15,0.2,0.98,15.26,13.1,14.19,13.49,89.56,0.05,72.19,0.85,282.76,1.08,282.53
2022,7,19,8,1.3,2.08,2.83,161.92,252.7,24.16,0.59,2.98,17.07,13.19,15.13,13.67,80.81,0.05,72.23,1.33,232.66,1.67,233.56
2022,7,19,9,2.01,2.81,3.62,257.95,343.62,38.69,1.2,6.38,18.3,13.52,15.91,13.98,76.62,0.05,72.27,2.45,219.06,3.11,219.6
2022,7,19,10,2.26,3.35,4.22,291,409.67,44.44,1.59,7.92,18.79,13.94,16.37,14.4,76.38,0.07,72.29,3.08,218.3,3.92,218.61
2022,7,19,11,2.63,3.7,4.58,345.27,452.7,52.23,2.02,10.45,18.92,14.19,16.55,14.53,76.62,0.13,72.28,3.46,219.41,4.44,219.57
2022,7,19,12,1.95,3.83,4.69,269.73,471.02,42.15,1.65,8.75,18.58,14.3,16.44,14.65,78.62,0.21,72.25,3.6,222.72,4.66,223.03
2022,7,19,13,1.41,3.7,4.53,199.48,453.67,31.78,1.21,6.15,17.87,14.24,16.05,14.59,81.81,0.28,72.2,3.43,225.28,4.46,225.57
2022,7,19,14,0.65,3.3,4.12,95.45,404.27,15.22,0.51,2.58,17.25,14.19,15.72,14.53,84.69,0.32,72.15,3.1,225.51,4.04,225.86
2022,7,19,15,0.33,2.7,3.49,51.45,329.35,8.4,0.23,1.23,16.76,14.15,15.46,14.47,87,0.31,72.1,2.7,223.71,3.51,224.01
2022,7,19,16,0.24,1.94,2.66,33.48,235.23,5.27,0.11,0.55,16.26,14.15,15.2,14.47,89.69,0.28,72.06,2.39,223.54,3.11,223.78
2022,7,19,17,0.16,1.11,1.72,20.35,132,3.2,0.04,0.2,15.61,14.16,14.89,14.47,93.56,0.25,72.05,2.18,223.11,2.87,223.24
2022,7,19,18,0.13,0.33,0.73,17.55,38,2.67,0.01,0.05,14.9,14.22,14.56,14.47,98.12,0.4,72.07,1.94,219.92,2.63,220.07
2022,7,19,19,0,0,0,0,0,0,0,0,14.44,14.24,14.34,14.47,100,0.42,72.1,1.52,213.44,2.19,213.8
2022,7,19,20,0,0,0,0,0,0,0,0,14.26,14.15,14.21,14.4,100,0.32,72.14,1.38,211.35,2.07,211.71
2022,7,19,21,0,0,0,0,0,0,0,0,14.04,14.01,14.03,14.22,100,0.22,72.2,1.26,212.61,1.97,213.5
2022,7,19,22,0,0,0,0,0,0,0,0,13.8,13.83,13.82,14.04,100,0.24,72.23,1.2,214.62,1.94,215.67
2022,7,19,23,0,0,0,0,0,0,0,0,13.56,13.5,13.53,13.73,100,0.32,72.23,1.23,216.51,1.95,217.69
2022,7,20,0,0,0,0,0,0,0,0,0,13.11,12.9,13.01,13.31,100,0.35,72.22,0.98,220.16,1.54,219.84
2022,7,20,1,0,0,0,0,0,0,0,0,12.62,12.14,12.38,12.76,100,0.34,72.2,0.51,218.11,0.71,217.87
2022,7,20,2,0,0,0,0,0,0,0,0,12.53,11.75,12.14,12.45,98.75,0.3,72.18,0.22,201.04,0.25,198.43
2022,7,20,3,0,0,0,0,0,0,0,0,12.46,11.37,11.91,12.15,96.81,0.21,72.15,0.21,142.7,0.27,126.87
2022,7,20,4,0,0,0,0,0,0,0,0,12.28,11.23,11.76,12.02,97.12,0.2,72.15,0.22,126.47,0.28,114.44
2022,7,20,5,0.03,0.02,0.07,1.8,2.05,0.27,0,0,11.78,11,11.39,11.9,99,0.27,72.17,0.15,78.11,0.32,52.85
2022,7,20,6,0.18,0.44,0.9,21.8,49.92,3.22,0.02,0.08,12.53,11.34,11.94,12.21,96.62,0.17,72.19,0.47,83.35,0.66,76.29
2022,7,20,7,0.54,1.25,1.9,69.6,150.23,10.69,0.16,0.8,13.92,11.41,12.66,12.15,88.06,0.17,72.21,0.9,109.86,1.14,109.55
2022,7,20,8,1,2.09,2.83,130.58,254.42,20.17,0.49,2.48,15.28,11.51,13.39,12.15,80.62,0.14,72.25,1.67,167.33,2.1,167.56
2022,7,20,9,1.52,2.82,3.62,194.2,344.15,29.46,0.91,4.85,15.98,11.82,13.9,12.33,78.5,0.14,72.3,2.44,188.65,3.07,188.65
2022,7,20,10,1.92,3.37,4.22,256.38,412.45,39.41,1.42,7.1,16.31,12.06,14.19,12.57,78.12,0.2,72.35,2.44,195.82,3.03,195.68
2022,7,20,11,2,3.71,4.58,261.92,453.02,40.51,1.56,8,16.44,12.29,14.36,12.76,78.75,0.25,72.36,2.11,199.24,2.59,198.98
2022,7,20,12,2.03,3.76,4.69,276.88,458.75,41.87,1.63,8.6,16.76,12.37,14.56,12.88,77.69,0.3,72.33,2.16,200.99,2.65,201.05
2022,7,20,13,1.8,3.56,4.53,238.62,432.52,36.09,1.34,6.83,17.15,12.65,14.9,13.06,77.06,0.34,72.29,2.44,200.64,3.02,200.73
2022,7,20,14,1.54,3.13,4.12,203.25,378.52,30.28,1.03,5.15,17.15,12.96,15.06,13.31,78.44,0.54,72.25,2.93,202.4,3.69,202.39
2022,7,20,15,1.22,2.51,3.48,158.9,301.17,23.31,0.68,3.55,16.68,13.15,14.92,13.49,81.88,0.65,72.22,3.08,205.72,3.91,205.85
2022,7,20,16,0.89,1.75,2.66,111.85,207.17,16.09,0.36,1.8,16.02,13.23,14.62,13.61,85.88,0.61,72.2,2.82,205.78,3.6,205.9
2022,7,20,17,0.46,0.96,1.71,56.73,110.98,8.21,0.11,0.52,15.32,13.13,14.23,13.55,89.44,0.56,72.19,2.33,208.89,2.98,208.85
2022,7,20,18,0.16,0.28,0.72,19.55,31.17,2.81,0.01,0.05,14.39,13.01,13.7,13.43,94.5,0.59,72.24,1.57,217.5,2.05,217.57
2022,7,20,19,0,0,0,0,0,0,0,0,13.62,12.97,13.3,13.49,99.5,0.42,72.28,0.66,218.77,0.87,222.83
2022,7,20,20,0,0,0,0,0,0,0,0,13.25,12.65,12.95,13.18,99.94,0.42,72.31,0.23,237.38,0.22,272.05
2022,7,20,21,0,0,0,0,0,0,0,0,12.83,12.24,12.54,12.88,100,0.5,72.34,0.11,344.05,0.43,10.49
2022,7,20,22,0,0,0,0,0,0,0,0,12.76,11.87,12.31,12.57,98.38,0.61,72.34,0.18,30.96,0.5,30.96
2022,7,20,23,0,0,0,0,0,0,0,0,12.83,11.65,12.24,12.39,96.5,0.7,72.31,0.15,38.66,0.37,36.38
2022,7,21,0,0,0,0,0,0,0,0,0,12.79,11.49,12.14,12.27,95.81,0.76,72.27,0.14,45,0.34,38.45
2022,7,21,1,0,0,0,0,0,0,0,0,12.65,11.32,11.99,12.15,95.5,0.74,72.23,0.2,25.56,0.33,23.55
2022,7,21,2,0,0,0,0,0,0,0,0,12.37,11.13,11.75,12.02,96.19,0.61,72.2,0.27,14.83,0.51,13.39
2022,7,21,3,0,0,0,0,0,0,0,0,12.29,10.94,11.61,11.84,95.25,0.42,72.17,0.43,23.33,0.82,21.9
2022,7,21,4,0,0,0,0,0,0,0,0,12.26,10.65,11.45,11.6,93.44,0.36,72.16,0.64,32.52,1.1,32.56
2022,7,21,5,0.02,0.02,0.07,1.75,1.92,0.27,0,0,12.4,10.32,11.36,11.35,90.75,0.46,72.16,0.65,45.97,1.15,45
2022,7,21,6,0.08,0.41,0.89,9.7,46.9,1.48,0.01,0.05,13.53,11.2,12.37,12.02,89.5,0.79,72.22,0.54,33.23,0.79,33.69
2022,7,21,7,0.44,1.2,1.89,56.3,142.92,8.64,0.14,0.7,14.82,11.76,13.29,12.51,85.5,1.08,72.29,0.04,281.31,0.1,270
2022,7,21,8,0.85,2.05,2.82,111.62,247.33,17.22,0.44,2.23,15.45,12.12,13.79,12.76,84,1.39,72.35,1.01,216.16,1.31,217.76
2022,7,21,9,1.29,2.79,3.61,171.52,339.45,26.39,0.85,4.58,15.76,12.72,14.23,13.31,85.69,1.32,72.4,1.8,221.84,2.3,222.8
2022,7,21,10,1.24,3.36,4.21,169.77,410.65,26.66,0.98,4.92,15.98,13.04,14.51,13.55,86.12,1.08,72.43,2.3,231.77,2.96,232.19
2022,7,21,11,1.58,3.7,4.58,218.02,453.67,33.94,1.34,6.9,16.14,13.19,14.66,13.67,86,0.9,72.42,2.45,235.91,3.16,236.39
2022,7,21,12,1.16,3.77,4.69,174.58,464.35,27.81,1.11,5.88,16.39,13.35,14.87,13.79,85.38,0.81,72.38,2.48,236.71,3.19,237.21
2022,7,21,13,1.43,3.66,4.53,202.8,448.3,31.73,1.24,6.33,16.72,13.49,15.11,13.92,84.31,0.76,72.34,2.51,236.41,3.23,236.73
2022,7,21,14,1.09,3.28,4.12,156.25,402.8,24.91,0.91,4.48,16.83,13.67,15.25,14.1,84.62,0.73,72.29,2.6,234.78,3.34,235.08
2022,7,21,15,1.04,2.7,3.48,141.42,330.05,22.27,0.69,3.67,16.59,13.85,15.22,14.28,86.94,0.72,72.26,2.62,230.81,3.38,231.01
2022,7,21,16,0.7,1.94,2.66,92.98,236.83,14.5,0.34,1.73,16.12,14.05,15.08,14.47,90.81,0.75,72.24,2.54,229.11,3.31,229.31
2022,7,21,17,0.37,1.11,1.71,46.67,133.17,7.09,0.1,0.5,15.42,14.2,14.81,14.59,95.75,0.79,72.26,2.29,227.77,3.05,228.01
2022,7,21,18,0.14,0.33,0.71,18.48,38.38,2.81,0.01,0.05,14.83,14.36,14.59,14.71,100,0.72,72.3,1.68,226.13,2.36,226.07
2022,7,21,19,0,0,0,0,0,0,0,0,14.42,14.33,14.38,14.65,100,0.69,72.36,1.09,222.38,1.73,221.53
2022,7,21,20,0,0,0,0,0,0,0,0,14.29,14.28,14.28,14.59,100,0.53,72.42,1.11,220.17,1.81,219.39
2022,7,21,21,0,0,0,0,0,0,0,0,14.07,14.12,14.1,14.4,100,0.36,72.48,1.24,215.29,1.99,214.94
2022,7,21,22,0,0,0,0,0,0,0,0,13.55,13.7,13.62,14.04,100,0.29,72.5,1.22,211.15,1.97,210.85
2022,7,21,23,0,0,0,0,0,0,0,0,13.05,12.99,13.02,13.43,100,0.36,72.5,1.06,210.53,1.72,210.52
2022,7,22,0,0,0,0,0,0,0,0,0,12.59,12.52,12.55,13,100,0.54,72.48,0.73,215.39,1.3,215.22
2022,7,22,1,0,0,0,0,0,0,0,0,12.42,12.19,12.3,12.76,100,0.74,72.47,0.41,224.24,0.87,223.55
2022,7,22,2,0,0,0,0,0,0,0,0,12.43,11.79,12.11,12.45,99.69,0.94,72.44,0.23,345.96,0.35,330.57
2022,7,22,3,0,0,0,0,0,0,0,0,12.31,11.44,11.88,12.15,98.25,1.13,72.41,0.67,14.85,1.06,11.89
2022,7,22,4,0,0,0,0,0,0,0,0,12.34,11.06,11.7,11.84,95.5,1.26,72.4,0.72,10.58,1.16,8.89
2022,7,22,5,0.02,0.02,0.07,1.62,2.1,0.26,0,0,12.44,10.81,11.63,11.66,93.25,1.31,72.42,0.65,5.51,1.03,3.49
2022,7,22,6,0.15,0.5,0.88,18.52,58.08,2.83,0.02,0.08,13.5,11.82,12.66,12.51,93.38,0.49,72.46,0.57,4.7,0.87,0
2022,7,22,7,0.57,1.34,1.89,72.8,162.3,11.19,0.18,0.88,15.18,11.73,13.45,12.39,83.19,0.44,72.48,0.21,298.44,0.3,297.9
2022,7,22,8,1.05,2.17,2.82,136.52,265.15,21.2,0.54,2.73,16.22,11.62,13.92,12.39,77.62,0.37,72.51,0.9,223.24,1.19,223.67
2022,7,22,9,1.36,2.9,3.61,182.4,354.02,28.62,0.92,4.98,17.22,11.95,14.58,12.7,74.75,0.3,72.53,1.53,218.16,2.01,218.83
2022,7,22,10,1.68,3.47,4.21,227.67,421.98,36.02,1.34,6.67,18.15,12.48,15.32,13.18,73.06,0.26,72.54,2.19,213.52,2.84,214.35
2022,7,22,11,1.43,3.74,4.58,206.42,461.52,32.98,1.28,6.62,18.58,13,15.79,13.61,73.44,0.25,72.52,2.83,213.87,3.65,214.37
2022,7,22,12,1.3,3.84,4.69,190.05,473.3,30.36,1.2,6.35,18.57,13.37,15.97,13.85,74.94,0.25,72.5,3.26,217.2,4.23,217.57
2022,7,22,13,1.37,3.73,4.53,197.58,456.02,31.67,1.23,6.27,17.99,13.61,15.8,14.04,78.56,0.24,72.47,3.4,219.32,4.46,219.6
2022,7,22,14,1.63,3.34,4.12,219.62,408.38,34.3,1.23,6.12,17.31,13.81,15.56,14.16,82.88,0.23,72.44,3.28,219.79,4.33,220.02
2022,7,22,15,1.42,2.74,3.48,187.7,334.77,29.09,0.9,4.8,16.68,13.94,15.31,14.28,86.81,0.22,72.4,2.97,218.8,3.92,219.02
2022,7,22,16,1.22,1.96,2.65,152.35,238.42,22.45,0.52,2.58,16.14,14.08,15.11,14.4,90.56,0.19,72.37,2.64,217.55,3.5,218.02
2022,7,22,17,0.68,1.11,1.7,81.33,133.1,11.49,0.16,0.75,15.47,14.26,14.86,14.59,95.5,0.15,72.36,2.28,217.34,3.05,217.72
2022,7,22,18,0.22,0.33,0.7,26.73,38.3,3.82,0.02,0.08,14.96,14.47,14.71,14.71,99.88,0.23,72.39,1.88,216.06,2.61,216.36
2022,7,22,19,0,0,0,0,0,0,0,0,14.66,14.54,14.6,14.77,100,0.19,72.44,1.4,212.45,2.11,212.93
2022,7,22,20,0,0,0,0,0,0,0,0,14.55,14.55,14.55,14.77,100,0.22,72.48,1.46,213.69,2.29,213.85
2022,7,22,21,0,0,0,0,0,0,0,0,14.43,14.53,14.48,14.71,100,0.36,72.51,1.76,213.76,2.73,213.69
2022,7,22,22,0,0,0,0,0,0,0,0,14.23,14.34,14.29,14.53,100,0.47,72.53,1.98,212.75,3.04,212.51
2022,7,22,23,0,0,0,0,0,0,0,0,13.81,13.83,13.82,13.98,100,0.49,72.53,1.86,211.09,2.84,210.72
2022,7,23,0,0,0,0,0,0,0,0,0,13.3,13.28,13.29,13.49,100,0.52,72.51,1.5,214.35,2.31,213.15
2022,7,23,1,0,0,0,0,0,0,0,0,12.93,12.85,12.89,13.12,100,0.59,72.47,1.08,217.37,1.71,216.09
2022,7,23,2,0,0,0,0,0,0,0,0,12.62,12.48,12.55,12.82,100,0.68,72.43,0.74,219.42,1.23,219.34
2022,7,23,3,0,0,0,0,0,0,0,0,12.23,12.15,12.19,12.57,100,0.71,72.41,0.46,225.69,0.92,226.71
2022,7,23,4,0,0,0,0,0,0,0,0,12.01,11.88,11.94,12.33,100,0.59,72.39,0.33,236.69,0.65,236.31
2022,7,23,5,0.02,0.02,0.06,1.6,1.98,0.24,0,0,11.98,11.69,11.83,12.21,100,0.42,72.4,0.15,291.25,0.25,291.8
2022,7,23,6,0.17,0.48,0.87,20.77,56.6,3.05,0.02,0.08,13.11,12.1,12.61,12.57,96.25,0.58,72.42,0.45,357.04,0.63,357.88
2022,7,23,7,0.73,1.33,1.88,92.12,162.27,14,0.22,1.08,15.28,12.05,13.67,12.57,83.5,0.42,72.44,0.3,238.78,0.35,239.47
2022,7,23,8,1.29,2.17,2.81,165.65,266.42,25.55,0.64,3.25,16.97,12.36,14.66,12.82,76.62,0.32,72.46,1.83,208.53,2.3,208.83
2022,7,23,9,1.73,2.9,3.61,225.58,356.42,35.2,1.12,6.05,17.73,13,15.37,13.37,76.19,0.27,72.5,2.92,204.99,3.74,205.23
2022,7,23,10,1.9,3.46,4.21,253.4,424.3,40.52,1.49,7.45,18.03,13.62,15.82,13.92,77.75,0.23,72.51,3.52,204.92,4.54,204.93
2022,7,23,11,2.09,3.79,4.58,285.55,465.25,45.19,1.77,9.08,18.19,13.97,16.08,14.22,78.56,0.24,72.48,3.84,205.78,4.97,205.84
2022,7,23,12,1.2,3.81,4.68,178.73,467.75,28.8,1.12,5.95,17.95,14.03,15.99,14.22,79.88,0.29,72.44,3.98,206.57,5.17,206.57
2022,7,23,13,0.92,3.69,4.53,138.85,450.7,22.73,0.86,4.35,17.23,13.97,15.6,14.16,83.19,0.36,72.39,3.93,206.46,5.16,206.45
2022,7,23,14,0.92,3.29,4.11,134.12,403.17,21.75,0.76,3.8,16.48,13.83,15.15,14.1,86.62,0.46,72.35,3.6,203.84,4.73,203.68
2022,7,23,15,1.23,2.69,3.47,167.2,328.92,26.06,0.81,4.35,16.15,13.69,14.92,13.98,87.75,0.62,72.31,3.39,201.48,4.52,201.16
2022,7,23,16,0.63,1.93,2.65,84.3,235.4,13.33,0.31,1.55,15.81,13.73,14.77,13.98,89.75,0.84,72.31,3.22,195.79,4.35,195.51
2022,7,23,17,0.39,1.07,1.7,47.92,128.2,7.13,0.09,0.48,14.74,13.64,14.19,13.98,95.94,1,72.34,2.37,187.97,3.22,187.38
2022,7,23,18,0.17,0.32,0.7,21.1,36.17,3.08,0.02,0.05,13.91,13.48,13.7,13.85,100,0.95,72.39,1.18,190.27,1.77,189.38
2022,7,23,19,0,0,0,0,0,0,0,0,12.9,12.8,12.85,13.31,100,0.69,72.45,0.7,197.62,1.28,193.1
2022,7,23,20,0,0,0,0,0,0,0,0,12.8,12.39,12.59,12.94,100,0.5,72.51,0.66,195.02,1.02,187.94
2022,7,23,21,0,0,0,0,0,0,0,0,12.78,12.12,12.45,12.7,99.56,0.39,72.56,0.48,165.74,0.73,157.29
2022,7,23,22,0,0,0,0,0,0,0,0,12.59,11.84,12.22,12.45,98.88,0.27,72.59,0.19,157.75,0.28,144.09
2022,7,23,23,0,0,0,0,0,0,0,0,12.36,11.61,11.98,12.27,98.88,0.24,72.59,0.1,278.75,0.15,312.88
2022,7,24,0,0,0,0,0,0,0,0,0,12.24,11.43,11.83,12.08,98.31,0.12,72.56,0.17,264.81,0.23,285.95
2022,7,24,1,0,0,0,0,0,0,0,0,12.05,11.27,11.66,11.96,98.38,0.04,72.5,0.14,263.66,0.2,274.57
2022,7,24,2,0,0,0,0,0,0,0,0,11.83,11.11,11.47,11.84,98.56,0.01,72.45,0.08,354.29,0.12,356.19
2022,7,24,3,0,0,0,0,0,0,0,0,11.62,10.88,11.25,11.66,98.44,0,72.41,0.23,45,0.39,46.64
2022,7,24,4,0,0,0,0,0,0,0,0,11.4,10.53,10.97,11.35,97.44,0,72.36,0.37,42.44,0.67,42.63
2022,7,24,5,0.03,0.02,0.06,1.6,1.8,0.25,0,0,11.46,10.11,10.79,11.05,94.38,0.01,72.33,0.52,28.89,0.9,29.25
2022,7,24,6,0.26,0.45,0.86,29.85,51.08,4.2,0.02,0.1,12.74,10.92,11.83,11.78,92.19,0.04,72.37,0.36,28.22,0.67,28.66
2022,7,24,7,0.75,1.26,1.87,88.62,150.65,12.74,0.19,0.92,14.63,10.81,12.72,11.6,80.56,0.07,72.43,0.71,202.04,0.9,201.89
2022,7,24,8,1.28,2.09,2.81,158.02,251.85,23.41,0.55,2.77,15.66,11.05,13.36,11.72,76.06,0.09,72.48,2.02,208.15,2.57,208.28
2022,7,24,9,1.83,2.83,3.6,232.67,343.42,35.09,1.08,5.62,16.48,11.65,14.07,12.21,75.19,0.12,72.51,2.37,210.96,2.99,210.99
2022,7,24,10,2.11,3.4,4.21,273.38,413.4,42.13,1.5,7.62,17.46,12.13,14.8,12.63,73.31,0.17,72.49,2.69,210.88,3.4,210.87
2022,7,24,11,2.66,3.74,4.57,344.52,456.05,52.97,2.04,10.55,17.98,12.57,15.27,13.06,73.25,0.28,72.45,3.09,211.44,3.92,211.47
2022,7,24,12,2.05,3.83,4.68,277.85,467.6,43.21,1.7,9.08,17.99,12.83,15.41,13.31,74.56,0.46,72.4,3.29,212.41,4.21,212.42
2022,7,24,13,2.09,3.71,4.53,276.67,449.73,43.23,1.65,8.52,17.56,12.99,15.28,13.49,77.31,0.67,72.35,3.43,212.64,4.43,212.82
2022,7,24,14,1.57,3.31,4.11,208.8,401.7,32.52,1.14,5.75,16.66,13.08,14.87,13.49,82.12,0.9,72.32,3.39,211.82,4.41,211.83
2022,7,24,15,1.23,2.71,3.47,159.48,327.77,24.23,0.72,3.75,15.77,13.19,14.48,13.61,87.38,0.96,72.3,3.13,209.25,4.1,209.2
2022,7,24,16,0.56,1.97,2.64,75.2,238,11.91,0.27,1.35,15.05,13.21,14.13,13.61,91.44,0.92,72.28,2.77,206.85,3.65,206.84
2022,7,24,17,0.23,1.13,1.69,27.52,134.55,4.16,0.05,0.27,14.44,13.19,13.82,13.55,94.88,0.79,72.29,2.38,205.3,3.18,205.49
2022,7,24,18,0.13,0.34,0.69,16.65,38.8,2.57,0.01,0.05,13.81,13.21,13.51,13.49,98.69,0.51,72.32,1.85,204.94,2.53,204.98
2022,7,24,19,0,0,0,0,0,0,0,0,13.44,13.21,13.32,13.49,100,0.41,72.37,1.26,205.77,1.83,206.13
2022,7,24,20,0,0,0,0,0,0,0,0,13.22,13.07,13.15,13.31,100,0.29,72.43,1.09,208.22,1.66,208.61
2022,7,24,21,0,0,0,0,0,0,0,0,12.9,12.84,12.87,13.12,100,0.25,72.49,1.04,210.23,1.63,210.49
2022,7,24,22,0,0,0,0,0,0,0,0,12.55,12.56,12.56,12.88,100,0.26,72.53,1.14,212.38,1.79,212.72
2022,7,24,23,0,0,0,0,0,0,0,0,12.32,12.3,12.31,12.63,100,0.34,72.56,1.3,213.69,1.99,213.81
2022,7,25,0,0,0,0,0,0,0,0,0,12.05,11.98,12.01,12.39,100,0.39,72.56,1.22,212.16,1.88,212.76
2022,7,25,1,0,0,0,0,0,0,0,0,11.78,11.69,11.74,12.15,100,0.37,72.54,1.06,212.05,1.68,212.88
2022,7,25,2,0,0,0,0,0,0,0,0,11.55,11.47,11.51,11.96,100,0.27,72.52,0.95,212.91,1.56,214.17
2022,7,25,3,0,0,0,0,0,0,0,0,11.41,11.29,11.35,11.84,100,0.15,72.51,0.83,212.64,1.4,214.76
2022,7,25,4,0,0,0,0,0,0,0,0,11.31,11.14,11.23,11.72,100,0.07,72.51,0.65,214.26,1.11,217.59
2022,7,25,5,0.02,0.02,0.06,1.15,1.7,0.19,0,0,11.28,11.03,11.15,11.66,100,0.04,72.52,0.38,224.17,0.64,226.49
2022,7,25,6,0.25,0.45,0.86,28.58,51.4,4.03,0.02,0.1,11.8,11.09,11.44,11.72,97.94,0.01,72.54,0.17,261.87,0.21,263.66
2022,7,25,7,0.75,1.28,1.87,94.48,154.08,14.33,0.21,1.05,13.04,11.19,12.11,11.78,90.94,0.01,72.57,0.22,239.74,0.27,239.04
2022,7,25,8,1.38,2.14,2.8,176.92,260.42,26.93,0.65,3.27,14.76,11.48,13.12,12.02,83,0.01,72.61,1.36,207.45,1.69,207.51
2022,7,25,9,1.79,2.86,3.6,230.83,349.12,35.44,1.09,5.77,15.83,11.93,13.87,12.39,79.94,0.02,72.64,2.3,203.25,2.89,203.38
2022,7,25,10,2.11,3.43,4.2,278.27,420.17,43.88,1.59,7.95,16.55,12.3,14.43,12.76,78.31,0.03,72.65,2.76,202.86,3.47,202.76
2022,7,25,11,2.32,3.76,4.57,308.35,459.38,48.18,1.86,9.65,16.99,12.65,14.83,13,77.88,0.07,72.64,3.09,203.26,3.9,203.23
2022,7,25,12,2.38,3.86,4.68,324.08,474.25,50.66,1.99,10.62,17.15,12.9,15.02,13.24,78.31,0.14,72.61,3.3,204.2,4.19,204.13
2022,7,25,13,1.95,3.72,4.52,255.3,455.48,39.85,1.51,7.85,17.1,13.1,15.1,13.43,79.56,0.21,72.56,3.38,206.03,4.3,205.87
2022,7,25,14,1.66,3.33,4.11,215.92,407.17,33.34,1.15,5.88,16.87,13.15,15.01,13.43,80.88,0.26,72.52,3.42,207.33,4.38,207.16
2022,7,25,15,1.3,2.72,3.47,168.48,332.73,25.84,0.76,3.9,16.3,13.09,14.7,13.37,83.38,0.31,72.49,3.35,207.64,4.32,207.49
2022,7,25,16,0.88,1.97,2.64,112.75,240.25,17.37,0.39,1.92,15.49,13.02,14.26,13.31,87.38,0.35,72.48,3.11,208.3,4.07,208.19
2022,7,25,17,0.48,1.1,1.68,58.2,131.73,8.41,0.1,0.52,14.58,13,13.79,13.31,92.56,0.38,72.49,2.72,209.95,3.62,209.94
2022,7,25,18,0.18,0.32,0.68,22.12,36.38,3.23,0.02,0.05,13.77,13.01,13.39,13.31,97.88,0.53,72.51,2.11,213.22,2.87,213.13
2022,7,25,19,0,0,0,0,0,0,0,0,13.17,12.93,13.05,13.31,100,0.48,72.56,1.24,218.1,1.77,218.19
2022,7,25,20,0,0,0,0,0,0,0,0,12.92,12.73,12.83,13.18,100,0.42,72.62,1.03,220.36,1.58,220.79
2022,7,25,21,0,0,0,0,0,0,0,0,12.68,12.55,12.62,13,100,0.43,72.7,1.02,220.98,1.64,221.13
2022,7,25,22,0,0,0,0,0,0,0,0,12.36,12.31,12.33,12.82,100,0.47,72.74,1.07,219.64,1.75,219.38
2022,7,25,23,0,0,0,0,0,0,0,0,11.86,11.65,11.75,12.27,100,0.46,72.76,0.88,222.85,1.46,224.13
2022,7,26,0,0,0,0,0,0,0,0,0,11.48,11.2,11.33,11.9,100,0.46,72.75,0.58,242.74,0.91,248.29
2022,7,26,1,0,0,0,0,0,0,0,0,11.32,10.8,11.05,11.6,100,0.44,72.71,0.4,288.08,0.65,302.74
2022,7,26,2,0,0,0,0,0,0,0,0,11.33,10.55,10.94,11.41,98.62,0.4,72.66,0.34,323.39,0.58,329.3
2022,7,26,3,0,0,0,0,0,0,0,0,11.26,10.27,10.76,11.23,97.31,0.27,72.63,0.32,345.96,0.52,345.34
2022,7,26,4,0,0,0,0,0,0,0,0,11.05,9.96,10.51,10.99,96.88,0.13,72.61,0.42,6.46,0.72,8.13
2022,7,26,5,0.03,0.02,0.05,1.45,1.55,0.23,0,0,11.05,9.66,10.36,10.8,95,0.03,72.6,0.54,15.04,0.92,15.81
2022,7,26,6,0.26,0.41,0.85,31.75,46.7,4.73,0.02,0.1,12.31,10.33,11.32,11.35,91.69,0.01,72.62,0.61,17.27,0.9,16.22
2022,7,26,7,0.83,1.23,1.86,102.45,145.3,15.16,0.22,1.1,14.48,10.45,12.46,11.35,79.88,0.02,72.64,0.52,235.36,0.65,237.26
2022,7,26,8,1.45,2.07,2.8,182.1,250.08,26.85,0.63,3.2,15.58,11.05,13.31,11.78,77.19,0.04,72.66,2.01,214.25,2.56,214.66
2022,7,26,9,2.12,2.83,3.6,268.35,344.15,40.12,1.23,6.5,16.37,11.79,14.08,12.39,77.06,0.09,72.69,2.52,213.89,3.2,214.04
2022,7,26,10,2.37,3.39,4.2,304.73,413.77,46.49,1.66,8.48,16.87,12.34,14.61,12.82,77.38,0.15,72.69,2.94,213.61,3.74,213.76
2022,7,26,11,2.63,3.74,4.57,339.67,455.55,52.24,2.01,10.5,17.13,12.76,14.94,13.18,78.12,0.26,72.66,3.39,212.59,4.35,212.83
2022,7,26,12,2.35,3.79,4.68,314.73,462.55,48.41,1.89,10.12,17.12,12.99,15.06,13.31,79,0.44,72.61,3.76,212.01,4.85,212.1
2022,7,26,13,2.02,3.62,4.52,268.77,443.88,41.52,1.56,8.15,16.83,13.05,14.94,13.37,80.62,0.65,72.56,3.84,211.52,4.98,211.6
2022,7,26,14,1.38,3.19,4.11,187.55,394.73,29.09,1.01,5.05,16.48,13.05,14.76,13.37,82.31,0.85,72.5,3.7,211.34,4.79,211.46
2022,7,26,15,1.28,2.59,3.46,168.7,319.5,25.4,0.73,3.77,16.04,13.04,14.54,13.37,84.56,0.97,72.46,3.44,211.34,4.46,211.46
2022,7,26,16,0.74,1.84,2.63,95.27,225.17,14.18,0.3,1.52,15.41,13.08,14.25,13.37,88.25,1.05,72.44,3.13,211.23,4.08,211.23
2022,7,26,17,0.4,1.02,1.68,49.02,121.88,6.96,0.09,0.42,14.64,13.12,13.88,13.43,92.94,1.09,72.44,2.78,211.68,3.67,211.76
2022,7,26,18,0.16,0.28,0.67,20,32.3,2.98,0.01,0.05,13.81,13.18,13.5,13.43,98.38,0.88,72.47,2.23,212.69,3.03,212.79
2022,7,26,19,0,0,0,0,0,0,0,0,13.43,13.22,13.32,13.49,100,0.94,72.51,1.63,213.46,2.36,213.27
2022,7,26,20,0,0,0,0,0,0,0,0,13.3,13.18,13.23,13.43,100,1.03,72.55,1.52,215.81,2.28,215.54
2022,7,26,21,0,0,0,0,0,0,0,0,13.19,13.11,13.15,13.37,100,1.13,72.59,1.52,218.75,2.32,218.72
2022,7,26,22,0,0,0,0,0,0,0,0,13.03,13,13.01,13.31,100,1.18,72.6,1.44,219.93,2.24,219.91
2022,7,26,23,0,0,0,0,0,0,0,0,12.9,12.9,12.9,13.24,100,1.18,72.57,1.39,218.61,2.19,218.34
2022,7,27,0,0,0,0,0,0,0,0,0,12.79,12.78,12.78,13.12,100,1.12,72.54,1.39,216.29,2.17,215.92
2022,7,27,1,0,0,0,0,0,0,0,0,12.53,12.55,12.54,12.94,100,1.03,72.5,1.3,213.69,2.09,213.39
2022,7,27,2,0,0,0,0,0,0,0,0,12.24,12.32,12.28,12.76,100,0.98,72.47,1.12,208.9,1.91,208.87
2022,7,27,3,0,0,0,0,0,0,0,0,11.99,12.11,12.05,12.57,100,0.81,72.45,1.01,205.18,1.84,205.69
2022,7,27,4,0,0,0,0,0,0,0,0,11.74,11.82,11.78,12.33,100,0.59,72.45,0.87,204.49,1.67,205.24
2022,7,27,5,0.02,0.02,0.05,1.15,1.52,0.19,0,0,11.47,11.43,11.44,12.08,100,0.38,72.48,0.66,212.37,1.27,213.2
2022,7,27,6,0.25,0.43,0.84,30.25,49.62,4.55,0.02,0.1,12.14,11.6,11.87,12.21,99.81,0.44,72.5,0.61,243.43,0.88,242.98
2022,7,27,7,0.79,1.27,1.85,97.05,151.6,14.38,0.21,1,13.31,11.71,12.51,12.27,92.75,0.31,72.52,0.81,276.65,1.01,276.63
2022,7,27,8,1.41,2.1,2.79,176.9,255.15,26.16,0.6,3.02,15.21,11.9,13.55,12.39,83,0.26,72.55,1.33,241.63,1.64,241.61
2022,7,27,9,1.97,2.83,3.59,252.67,345.48,38.12,1.16,6.05,16.54,12.36,14.45,12.76,78.56,0.23,72.58,2.54,215.99,3.22,216.01
2022,7,27,10,2.12,3.39,4.2,276.35,414.3,43.09,1.52,7.65,17.15,12.84,15,13.18,77.94,0.29,72.6,3.26,210.99,4.16,211
2022,7,27,11,2.11,3.73,4.57,282.45,456,44.43,1.69,8.73,17.39,13.16,15.28,13.43,78.25,0.42,72.57,3.64,210.58,4.65,210.57
2022,7,27,12,2.27,3.88,4.68,308.12,476.65,48.97,1.91,10.12,17.43,13.37,15.4,13.61,79,0.55,72.52,3.81,211.77,4.9,211.89
2022,7,27,13,2.01,3.74,4.52,272.62,458.27,43.8,1.66,8.42,17.24,13.47,15.36,13.67,80.38,0.7,72.47,3.87,213.21,4.98,213.22
2022,7,27,14,1.59,3.33,4.1,217.2,408.2,34.81,1.2,6.05,16.87,13.45,15.15,13.67,82.19,0.81,72.43,3.83,214.11,4.94,214.12
2022,7,27,15,0.99,2.71,3.46,133.88,331.75,21.52,0.62,3.25,16.2,13.3,14.75,13.55,84.81,0.9,72.41,3.62,214.72,4.69,214.75
2022,7,27,16,0.47,1.93,2.63,64.48,234.08,10.36,0.22,1.1,15.36,13.12,14.24,13.37,88.56,0.92,72.41,3.23,215.65,4.2,215.61
2022,7,27,17,0.27,1.07,1.67,34.52,126.48,5.61,0.07,0.35,14.43,12.93,13.68,13.24,93.06,0.92,72.44,2.66,217.48,3.48,217.44
2022,7,27,18,0.12,0.28,0.66,15.62,31.95,2.39,0.01,0.05,13.58,12.78,13.19,13.12,97.56,1.41,72.48,1.89,219.14,2.52,219.08
2022,7,27,19,0,0,0,0,0,0,0,0,13.1,12.8,12.95,13.18,100,1.14,72.53,1.02,213.08,1.47,214.62
2022,7,27,20,0,0,0,0,0,0,0,0,12.9,12.53,12.72,12.94,100,0.89,72.58,0.74,217.72,1.04,220.41
2022,7,27,21,0,0,0,0,0,0,0,0,12.54,12.17,12.36,12.7,100,0.76,72.6,0.43,254.2,0.62,270
2022,7,27,22,0,0,0,0,0,0,0,0,12.22,11.83,12.02,12.39,100,0.58,72.6,0.42,289.8,0.68,306.61
2022,7,27,23,0,0,0,0,0,0,0,0,12.01,11.56,11.79,12.21,100,0.49,72.61,0.36,300.96,0.58,312.27
2022,7,28,0,0,0,0,0,0,0,0,0,11.89,11.37,11.63,12.02,100,0.43,72.6,0.19,318.37,0.3,330.07
2022,7,28,1,0,0,0,0,0,0,0,0,11.67,11.14,11.4,11.9,100,0.34,72.56,0.18,344.74,0.31,352.87
2022,7,28,2,0,0,0,0,0,0,0,0,11.46,10.88,11.17,11.66,99.88,0.25,72.52,0.35,354.81,0.56,357.61
2022,7,28,3,0,0,0,0,0,0,0,0,11.19,10.48,10.84,11.35,99,0.2,72.49,0.5,1.79,0.79,2.83
2022,7,28,4,0,0,0,0,0,0,0,0,11,10.01,10.51,11.05,97.31,0.15,72.47,0.58,3.87,0.92,4.4
2022,7,28,5,0.02,0.01,0.05,1.12,1.4,0.18,0,0,10.97,9.53,10.25,10.68,94.44,0.1,72.48,0.6,7.5,0.97,7.87
2022,7,28,6,0.18,0.4,0.83,21.62,46.42,3.25,0.02,0.08,12.5,10.45,11.48,11.47,91.5,0.04,72.52,0.55,12.26,0.79,11.98
2022,7,28,7,0.55,1.24,1.85,69.65,148.6,10.73,0.16,0.8,14.64,10.88,12.76,11.78,81.94,0.02,72.57,1.03,244.02,1.31,244.65
2022,7,28,8,0.97,2.1,2.79,128.38,256.7,20.47,0.51,2.55,15.86,11.83,13.84,12.45,80.19,0.05,72.61,2.2,227.59,2.78,227.74
2022,7,28,9,1.53,2.85,3.59,201.85,348.9,31.9,1.01,5.35,16.94,12.64,14.79,13.06,78.5,0.04,72.62,2.78,225.8,3.5,226
2022,7,28,10,2,3.38,4.19,262.65,413.75,40.65,1.47,7.42,17.69,13.32,15.51,13.61,77.94,0.15,72.63,3.34,222.35,4.23,222.38
2022,7,28,11,2.39,3.74,4.57,317,456.75,49.36,1.92,9.95,18.04,13.8,15.92,14.04,78.44,0.46,72.61,3.83,218.71,4.89,218.77
2022,7,28,12,2.11,3.73,4.67,285.92,455.73,43.83,1.72,9.2,17.94,14.01,15.98,14.16,79.75,0.71,72.57,4.16,216.38,5.33,216.42
2022,7,28,13,1.8,3.61,4.52,244.25,440.65,38.55,1.47,7.48,17.67,14.01,15.84,14.22,81.12,0.81,72.53,4.28,216.16,5.5,216.15
2022,7,28,14,1.57,3.22,4.1,209.8,392.15,32.72,1.14,5.77,17.3,13.95,15.62,14.16,82.75,0.85,72.48,4.25,215.73,5.47,215.82
2022,7,28,15,1.17,2.57,3.45,153.27,310.52,23.41,0.7,3.62,16.73,13.72,15.23,13.92,84.5,0.83,72.45,4.07,215.46,5.27,215.46
2022,7,28,16,0.93,1.84,2.62,118.38,221.52,17.86,0.41,2,15.97,13.38,14.67,13.67,86.88,0.73,72.44,3.72,215.16,4.83,215.26
2022,7,28,17,0.45,1,1.66,56,117.65,8.44,0.11,0.52,14.92,13.03,13.98,13.37,90.94,0.67,72.46,3.19,214.82,4.18,214.88
2022,7,28,18,0.13,0.26,0.65,16.3,29.58,2.48,0.01,0.05,13.58,12.7,13.14,13.12,97.44,0.55,72.5,2.27,212.76,3.04,212.96
2022,7,28,19,0,0,0,0,0,0,0,0,12.94,12.65,12.8,13.06,100,0.7,72.55,1.5,209.89,2.16,210
2022,7,28,20,0,0,0,0,0,0,0,0,12.65,12.43,12.55,12.94,100,0.65,72.62,0.96,211.76,1.47,212.17
2022,7,28,21,0,0,0,0,0,0,0,0,12.31,11.93,12.12,12.51,100,0.44,72.68,0.46,211.8,0.76,214.51
2022,7,28,22,0,0,0,0,0,0,0,0,11.95,11.42,11.69,12.15,100,0.38,72.69,0.09,30.96,0.09,30.96
2022,7,28,23,0,0,0,0,0,0,0,0,11.72,10.94,11.33,11.78,99,0.37,72.67,0.33,30.26,0.46,29.62
2022,7,29,0,0,0,0,0,0,0,0,0,11.42,10.53,10.98,11.41,98,0.33,72.62,0.39,35.27,0.6,36.57
2022,7,29,1,0,0,0,0,0,0,0,0,11.26,10.17,10.71,11.11,96.5,0.24,72.56,0.45,41.47,0.75,42.03
2022,7,29,2,0,0,0,0,0,0,0,0,11.06,9.91,10.49,10.93,95.75,0.14,72.51,0.47,49.71,0.87,48.62
2022,7,29,3,0,0,0,0,0,0,0,0,10.98,9.65,10.31,10.68,94.5,0.06,72.46,0.52,54.87,0.97,51.84
2022,7,29,4,0,0,0,0,0,0,0,0,11.01,9.32,10.16,10.5,92.25,0.04,72.44,0.56,59.17,0.98,57.07
2022,7,29,5,0,0,0,0,0,0,0,0,10.98,9.15,10.06,10.38,91.56,0.03,72.46,0.58,63.78,1,63.03
2022,7,29,6,0.17,0.41,0.87,20.8,46.52,3.31,0.02,0.08,11.72,10.03,10.87,11.05,92.69,0.12,72.51,0.5,78.34,0.87,73.84
2022,7,29,7,0.77,1.17,1.84,96.25,138.58,14.21,0.2,1,13.35,10.37,11.86,11.23,84.69,0.14,72.56,0.61,143.86,0.82,138.87
2022,7,29,8,1.25,2.03,2.78,161,246.7,24.41,0.59,2.92,14.46,10.51,12.48,11.23,79,0.17,72.59,1.59,176.9,2.01,176.44
2022,7,29,9,1.54,2.78,3.58,201.83,340.52,31.54,0.98,5.15,15.17,11.07,13.12,11.66,78.25,0.21,72.61,2.19,184.1,2.76,183.9
2022,7,29,10,2.06,3.36,4.19,273.73,412.17,42.56,1.52,7.65,16.12,11.72,13.92,12.15,76.88,0.24,72.61,2.56,187.88,3.22,187.95
2022,7,29,11,2.62,3.7,4.56,340.38,452.5,51.91,1.98,10.25,17.06,12.23,14.65,12.57,74.88,0.31,72.58,3.02,190.44,3.8,190.43
2022,7,29,12,2.8,3.76,4.67,368.85,460.17,55.49,2.16,11.4,17.48,12.65,15.06,12.94,75,0.38,72.54,3.34,192.83,4.22,192.93
2022,7,29,13,2.29,3.58,4.51,298.02,434.55,45.03,1.68,8.73,17.33,12.87,15.1,13.12,76.69,0.46,72.5,3.41,195.69,4.32,195.75
2022,7,29,14,1.89,3.14,4.1,241,378.77,36.13,1.23,6.23,16.81,12.83,14.83,13.12,79.12,0.53,72.45,3.26,198,4.13,198.06
2022,7,29,15,1.46,2.5,3.45,184.27,298.88,27.02,0.77,3.95,16.22,12.69,14.45,13,81.31,0.54,72.42,2.92,197.9,3.71,198.02
2022,7,29,16,0.97,1.72,2.62,117.42,202.5,16.74,0.35,1.75,15.5,12.46,13.98,12.82,83.94,0.53,72.39,2.55,196.55,3.26,196.57
2022,7,29,17,0.46,0.91,1.66,53.62,104.3,7.5,0.09,0.45,14.58,12.33,13.45,12.7,88.38,0.53,72.39,2.1,193.78,2.72,193.6
2022,7,29,18,0.16,0.24,0.64,19.6,27.45,2.88,0.01,0.05,13.6,12.33,12.97,12.76,94.38,0.58,72.41,1.55,189.89,2.08,189.5
2022,7,29,19,0,0,0,0,0,0,0,0,12.91,12.44,12.68,12.82,99.62,0.59,72.44,1.01,189.39,1.46,187.39
2022,7,29,20,0,0,0,0,0,0,0,0,12.71,12.29,12.5,12.7,99.94,0.4,72.49,0.87,190.91,1.24,187.26
2022,7,29,21,0,0,0,0,0,0,0,0,12.58,12.15,12.37,12.57,99.88,0.28,72.55,0.67,203.29,0.92,198.9
2022,7,29,22,0,0,0,0,0,0,0,0,12.33,11.94,12.13,12.39,100,0.23,72.6,0.34,210.74,0.4,203.05
2022,7,29,23,0,0,0,0,0,0,0,0,11.98,11.65,11.82,12.15,100,0.24,72.59,0.07,192.53,0.1,77.01
2022,7,30,0,0,0,0,0,0,0,0,0,11.72,11.23,11.48,11.84,99.56,0.23,72.55,0.09,19.98,0.31,27.22
2022,7,30,1,0,0,0,0,0,0,0,0,11.53,10.73,11.13,11.41,97.38,0.21,72.5,0.2,15.64,0.47,20.56
2022,7,30,2,0,0,0,0,0,0,0,0,11.44,10.28,10.86,11.11,95,0.18,72.44,0.33,26.57,0.68,27.45
2022,7,30,3,0,0,0,0,0,0,0,0,11.45,9.91,10.69,10.86,92.62,0.15,72.39,0.46,38.81,0.85,38.25
2022,7,30,4,0,0,0,0,0,0,0,0,11.61,9.56,10.58,10.56,89.56,0.12,72.36,0.5,45.63,0.85,45.74
2022,7,30,5,0,0,0,0,0,0,0,0,11.66,9.24,10.45,10.38,87.44,0.08,72.35,0.5,57.05,0.8,56.15
2022,7,30,6,0.14,0.45,0.86,17.33,51.7,2.78,0.02,0.08,12.34,10.08,11.21,11.05,88.88,0.11,72.36,0.39,77.35,0.63,74.05
2022,7,30,7,0.65,1.24,1.84,78.23,149.4,11.3,0.16,0.83,13.86,10.29,12.07,11.23,81.81,0.14,72.39,0.41,178.92,0.52,180
2022,7,30,8,1.15,2.08,2.78,147.38,254.27,22.66,0.55,2.75,15.09,10.48,12.79,11.29,76.19,0.13,72.42,1.53,212.07,1.94,212.15
2022,7,30,9,1.7,2.83,3.58,224.15,346,34.67,1.09,5.75,15.61,11.08,13.34,11.72,76.56,0.19,72.46,2.07,217.48,2.6,217.66
2022,7,30,10,2.12,3.39,4.19,277.88,415.2,43.7,1.57,7.9,16.39,11.77,14.08,12.27,76.31,0.3,72.48,2.48,219.11,3.12,219.2
2022,7,30,11,1.96,3.72,4.56,262.42,453.92,41.25,1.59,8.25,16.86,12.44,14.65,12.88,77.38,0.51,72.47,2.87,220.36,3.62,220.45
2022,7,30,12,1.79,3.69,4.67,246.52,448.23,38.01,1.45,7.7,16.8,12.76,14.78,13.12,79.31,0.09,72.44,2.96,224.68,3.73,224.66
2022,7,30,13,1.49,3.58,4.51,206.2,432.48,32.13,1.2,6.05,16.47,12.84,14.65,13.24,81.5,0.14,72.4,2.84,231.36,3.6,231.34
2022,7,30,14,0.97,3.17,4.09,136.8,382.62,21.6,0.73,3.67,16.3,12.83,14.56,13.24,82.31,0.18,72.34,2.48,233.85,3.13,234.05
2022,7,30,15,0.79,2.56,3.44,110.05,306.73,17.32,0.51,2.65,16.15,12.8,14.47,13.24,83,0.23,72.27,2.28,229.16,2.89,229.38
2022,7,30,16,0.72,1.78,2.61,95.3,211.25,14.71,0.33,1.62,15.61,12.83,14.22,13.24,86.12,0.26,72.23,2.23,224.15,2.85,224.22
2022,7,30,17,0.33,0.94,1.65,42.38,108.5,6.57,0.09,0.4,14.76,12.81,13.79,13.24,90.88,0.27,72.21,1.98,222.76,2.54,222.76
2022,7,30,18,0.1,0.24,0.63,12.62,26.42,1.91,0.01,0.02,13.74,12.77,13.26,13.24,96.94,0.37,72.21,1.47,219.38,1.94,219.27
2022,7,30,19,0,0,0,0,0,0,0,0,12.97,12.71,12.83,13.18,100,0.39,72.24,0.81,212.77,1.24,212.89
2022,7,30,20,0,0,0,0,0,0,0,0,12.8,12.56,12.68,13,100,0.4,72.28,0.61,218.2,0.93,218.21
2022,7,30,21,0,0,0,0,0,0,0,0,12.62,12.33,12.48,12.82,100,0.4,72.31,0.44,248.01,0.68,246.97
2022,7,30,22,0,0,0,0,0,0,0,0,12.36,12.03,12.19,12.63,100,0.38,72.31,0.22,299.25,0.36,298.81
2022,7,30,23,0,0,0,0,0,0,0,0,11.92,11.68,11.8,12.33,100,0.37,72.27,0.24,26.57,0.42,25.6
2022,7,31,0,0,0,0,0,0,0,0,0,11.49,11.28,11.38,12.02,100,0.45,72.24,0.31,49.09,0.58,48.3
2022,7,31,1,0,0,0,0,0,0,0,0,11.14,10.9,11.02,11.72,100,0.58,72.21,0.34,40.31,0.64,40.07
2022,7,31,2,0,0,0,0,0,0,0,0,10.92,10.52,10.73,11.41,100,0.68,72.17,0.38,27.1,0.68,27.45
2022,7,31,3,0,0,0,0,0,0,0,0,10.89,10.2,10.55,11.17,98.75,0.68,72.12,0.47,20.22,0.8,21.8
2022,7,31,4,0,0,0,0,0,0,0,0,10.95,9.88,10.41,10.93,96.06,0.61,72.09,0.54,15.04,0.89,15.26
2022,7,31,5,0,0,0,0,0,0,0,0,11.05,9.58,10.31,10.68,93.44,0.55,72.1,0.53,16.29,0.87,15.66
2022,7,31,6,0.25,0.37,0.85,29.23,41.55,4.28,0.02,0.1,12.49,10.8,11.65,11.66,92.5,0.75,72.14,0.4,22.01,0.66,19.93
2022,7,31,7,0.66,1.12,1.83,79.1,131.8,11.35,0.16,0.8,14.84,11.47,13.15,12.15,82.81,0.57,72.17,0.85,261.57,1.06,263.24
2022,7,31,8,1.22,1.98,2.77,154.52,238.05,22.97,0.55,2.75,16.24,12.05,14.15,12.57,78.5,0.36,72.18,1.94,240.65,2.44,240.73
2022,7,31,9,1.71,2.74,3.58,222.55,333.77,33.57,1.04,5.5,17.37,12.73,15.05,13.18,76.38,0.25,72.2,2.73,232.08,3.47,232.05
2022,7,31,10,1.98,3.32,4.19,262.3,405.25,40.12,1.45,7.25,18.08,13.48,15.78,13.85,76.81,0.24,72.2,3.36,226.32,4.28,226.4
2022,7,31,11,2.07,3.68,4.56,283.27,449.25,43.74,1.71,8.7,18.32,14.06,16.19,14.4,78.5,0.36,72.18,3.83,222.44,4.9,222.48
2022,7,31,12,2.15,3.76,4.67,294.58,460.23,45.76,1.79,9.4,18.37,14.38,16.37,14.65,79.81,0.53,72.14,4.2,219.87,5.41,219.9
2022,7,31,13,1.87,3.58,4.51,244.58,434.08,37.61,1.43,7.3,18.15,14.47,16.31,14.71,81.19,0.73,72.1,4.45,218.58,5.76,218.67
2022,7,31,14,1.6,3.17,4.09,208.05,384.38,31.78,1.1,5.58,17.76,14.42,16.08,14.71,82.94,0.89,72.06,4.54,217.87,5.94,217.89
2022,7,31,15,1.13,2.53,3.44,147.38,303.98,22.52,0.67,3.5,17.08,14.42,15.75,14.71,86.56,0.94,72.03,4.44,217.27,5.85,217.34
2022,7,31,16,0.58,1.73,2.6,76.65,204,11.59,0.26,1.27,16.23,14.36,15.3,14.65,91.12,0.92,72.01,4.07,217.6,5.42,217.68
2022,7,31,17,0.29,0.9,1.64,36.7,103.23,5.63,0.07,0.35,15.51,14.37,14.94,14.71,95.56,0.9,72,3.52,218.14,4.76,218.26
2022,7,31,18,0.12,0.22,0.62,14.58,24.7,2.13,0.01,0.02,14.95,14.43,14.69,14.77,99.62,0.9,72.02,2.71,217.63,3.78,217.7
2022,7,31,19,0,0,0,0,0,0,0,0,14.55,14.48,14.52,14.83,100,0.89,72.06,1.86,215.96,2.76,216.25
2022,7,31,20,0,0,0,0,0,0,0,0,14.44,14.5,14.47,14.77,100,0.81,72.11,2.01,219.63,3.01,219.94
2022,7,31,21,0,0,0,0,0,0,0,0,14.14,14.23,14.19,14.53,100,0.71,72.16,1.93,222.87,2.91,223.59
2022,7,31,22,0,0,0,0,0,0,0,0,13.57,13.62,13.6,13.92,100,0.73,72.2,1.6,226.97,2.49,228.56
2022,7,31,23,0,0,0,0,0,0,0,0,13.04,13.09,13.06,13.49,100,0.81,72.2,1.21,234.16,2,236.31
2022,8,1,0,0,0,0,0,0,0,0,0,12.71,12.68,12.69,13.18,100,0.87,72.16,0.94,242.15,1.57,244.71
2022,8,1,1,0,0,0,0,0,0,0,0,12.5,12.36,12.43,13,100,0.94,72.11,0.7,250.35,1.12,252.96
2022,8,1,2,0,0,0,0,0,0,0,0,12.32,12.08,12.2,12.82,100,1,72.1,0.53,262.35,0.82,265.1
2022,8,1,3,0,0,0,0,0,0,0,0,12.23,11.83,12.03,12.63,100,1.07,72.09,0.28,301.5,0.44,301.14
2022,8,1,4,0,0,0,0,0,0,0,0,12.17,11.65,11.91,12.51,100,1.17,72.08,0.2,0,0.3,3.01
2022,8,1,5,0.02,0.01,0.04,0.88,0.95,0.13,0,0,12.19,11.63,11.91,12.45,100,1.21,72.09,0.2,43.45,0.33,46.91
2022,8,1,6,0.23,0.34,0.8,27.02,37.85,3.84,0.02,0.08,13.02,12.28,12.65,13,99.88,1.23,72.13,0.24,80.54,0.28,82.09
2022,8,1,7,0.72,1.12,1.82,85.45,129.42,12.18,0.16,0.83,13.97,12.99,13.48,13.61,98.19,1.27,72.17,0.91,213.15,1.23,214.4
2022,8,1,8,1.39,1.97,2.77,171.88,234.17,25.09,0.57,2.88,14.7,13.66,14.19,14.1,97.06,1.28,72.22,2.7,225,3.7,225.34
2022,8,1,9,1.8,2.72,3.57,228.7,328.15,34.3,1.03,5.45,14.93,13.69,14.31,14.04,95.25,1.18,72.26,3.36,229.9,4.63,230.21
2022,8,1,10,1.99,3.27,4.18,256.55,394.58,38.6,1.34,6.75,15.26,13.69,14.48,13.98,92.88,0.99,72.26,3.65,230.56,4.97,230.68
2022,8,1,11,1.91,3.62,4.56,255.9,438.42,39.2,1.48,7.6,15.65,13.72,14.69,13.98,90.5,0.81,72.23,3.81,228.24,5.13,228.4
2022,8,1,12,1.95,3.75,4.66,268.48,456.35,41.72,1.59,8.35,15.96,13.78,14.87,14.04,89,0.68,72.18,3.9,225.32,5.22,225.42
2022,8,1,13,1.96,3.61,4.5,261.42,439.98,40.39,1.5,7.62,15.9,13.79,14.85,14.04,89.19,0.61,72.13,3.88,222.23,5.18,222.25
2022,8,1,14,1.48,3.21,4.08,204.2,392.23,31.85,1.08,5.42,15.59,13.76,14.67,13.98,90.81,0.6,72.09,3.68,219.4,4.91,219.32
2022,8,1,15,1.14,2.61,3.43,154.02,318.05,24.02,0.7,3.62,15.17,13.73,14.45,13.98,93.19,0.62,72.06,3.35,217.22,4.48,217.07
2022,8,1,16,0.63,1.83,2.6,84.9,222.12,13.38,0.29,1.42,14.83,13.77,14.3,14.04,95.56,0.65,72.05,3.04,215.28,4.11,215.17
2022,8,1,17,0.32,0.99,1.63,40.12,117.12,6.23,0.08,0.38,14.6,13.89,14.24,14.16,97.88,0.71,72.04,2.65,214.3,3.63,214.2
2022,8,1,18,0.1,0.24,0.6,13.15,27.83,2.01,0.01,0.02,14.28,14.01,14.14,14.28,100,0.59,72.05,1.78,208.37,2.57,208.28
2022,8,1,19,0,0,0,0,0,0,0,0,13.9,13.93,13.92,14.22,100,0.59,72.08,1.13,201.07,1.91,201.1
2022,8,1,20,0,0,0,0,0,0,0,0,13.81,13.94,13.87,14.22,100,0.56,72.13,1.24,199.46,2.1,199.31
2022,8,1,21,0,0,0,0,0,0,0,0,13.73,13.9,13.81,14.22,100,0.54,72.18,1.52,202.08,2.46,202.58
2022,8,1,22,0,0,0,0,0,0,0,0,13.52,13.73,13.62,14.04,100,0.63,72.22,1.61,207.06,2.6,207.57
2022,8,1,23,0,0,0,0,0,0,0,0,13.23,13.48,13.36,13.85,100,0.81,72.22,1.55,211.85,2.56,212.28
2022,8,2,0,0,0,0,0,0,0,0,0,12.9,13.12,13.01,13.61,100,1.04,72.19,1.48,217.48,2.45,218.4
2022,8,2,1,0,0,0,0,0,0,0,0,12.61,12.75,12.68,13.37,100,1.14,72.16,1.45,225.44,2.34,226.62
2022,8,2,2,0,0,0,0,0,0,0,0,12.47,12.48,12.48,13.18,100,0.98,72.14,1.18,231.69,1.93,233.22
2022,8,2,3,0,0,0,0,0,0,0,0,12.16,12.15,12.15,12.94,100,0.89,72.11,0.93,233.23,1.56,235.83
2022,8,2,4,0,0,0,0,0,0,0,0,11.8,11.65,11.73,12.51,100,0.9,72.1,0.63,244.38,1.18,248.69
2022,8,2,5,0,0,0,0,0,0,0,0,11.43,11.08,11.25,12.08,100,0.91,72.12,0.41,279.82,0.87,279.29
2022,8,2,6,0.12,0.4,0.83,14.6,45.17,2.23,0.01,0.05,11.78,11.21,11.5,12.21,100,1.1,72.17,0.42,288.43,0.73,294.09
2022,8,2,7,0.53,1.19,1.82,65.88,140.9,9.92,0.15,0.73,12.39,11.43,11.9,12.33,98.94,1.01,72.22,0.71,289.82,0.99,291.89
2022,8,2,8,1.07,2.05,2.76,135.02,248.45,20.36,0.49,2.45,12.99,11.69,12.34,12.51,96.5,0.83,72.27,0.98,273.66,1.3,274.82
2022,8,2,9,1.63,2.8,3.57,211.85,341.42,32.8,1.02,5.48,13.76,11.77,12.76,12.51,91.81,0.61,72.3,1.26,270.36,1.63,270.82
2022,8,2,10,2.03,3.38,4.18,267.17,412.23,41.64,1.51,7.55,14.76,11.87,13.31,12.57,86.19,0.45,72.3,1.57,259.36,2,259.44
2022,8,2,11,2.1,3.73,4.55,285.55,456.08,44.95,1.75,8.98,15.53,12.06,13.8,12.7,82.81,0.39,72.28,2.12,244.66,2.69,244.77
2022,8,2,12,1.48,3.8,4.66,211.92,466.58,34.06,1.33,6.98,15.9,12.33,14.12,12.88,82.06,0.42,72.24,2.43,236.16,3.12,236.35
2022,8,2,13,1.09,3.65,4.5,161.02,446.8,26.25,0.98,4.98,15.87,12.63,14.25,13.12,83.88,0.47,72.19,2.58,231.02,3.33,231
2022,8,2,14,0.95,3.24,4.08,136.4,396.05,21.9,0.75,3.77,15.57,12.87,14.22,13.37,86.75,0.52,72.15,2.54,229.86,3.28,229.93
2022,8,2,15,0.61,2.62,3.43,86.23,318.9,13.89,0.4,2.1,15.16,12.98,14.07,13.43,89.69,0.55,72.12,2.38,230.05,3.09,230.03
2022,8,2,16,0.47,1.83,2.59,63.45,220.88,10.09,0.22,1.1,14.64,12.97,13.8,13.43,92.62,0.52,72.12,2.16,230.14,2.81,230.19
2022,8,2,17,0.34,0.98,1.62,43.38,114.5,6.78,0.09,0.42,14.09,12.93,13.51,13.37,95.75,0.49,72.13,1.85,229.45,2.43,229.3
2022,8,2,18,0.1,0.23,0.59,13.08,26.38,1.98,0.01,0.02,13.48,12.96,13.22,13.43,99.88,0.48,72.17,1.36,222.67,1.87,223.14
2022,8,2,19,0,0,0,0,0,0,0,0,12.87,12.8,12.83,13.24,100,0.44,72.23,0.95,211.21,1.48,213.19
2022,8,2,20,0,0,0,0,0,0,0,0,12.73,12.65,12.69,13.12,100,0.43,72.3,0.9,205.68,1.43,206.57
2022,8,2,21,0,0,0,0,0,0,0,0,12.54,12.4,12.47,12.94,100,0.43,72.36,0.87,204.49,1.34,205.22
2022,8,2,22,0,0,0,0,0,0,0,0,12.24,12.01,12.13,12.63,100,0.33,72.4,0.74,212.52,1.12,213.91
2022,8,2,23,0,0,0,0,0,0,0,0,11.76,11.53,11.64,12.27,100,0.21,72.41,0.49,236.82,0.72,242.04
2022,8,3,0,0,0,0,0,0,0,0,0,11.12,10.85,10.98,11.78,100,0.13,72.4,0.34,304.78,0.69,319.61
2022,8,3,1,0,0,0,0,0,0,0,0,10.74,10.23,10.49,11.29,100,0.07,72.36,0.44,349.88,0.97,353.97
2022,8,3,2,0,0,0,0,0,0,0,0,10.46,9.69,10.08,10.86,98.81,0.05,72.33,0.57,18.43,1.15,18.68
2022,8,3,3,0,0,0,0,0,0,0,0,10.48,9.31,9.9,10.5,95.56,0.02,72.3,0.57,25.16,1.16,25.53
2022,8,3,4,0,0,0,0,0,0,0,0,10.73,8.96,9.84,10.19,91.38,0.01,72.29,0.6,34.32,1.14,33.8
2022,8,3,5,0,0,0,0,0,0,0,0,11.16,8.75,9.96,10.01,87.12,0,72.33,0.58,38.42,1,38.31
2022,8,3,6,0.13,0.38,0.82,15.9,43.85,2.4,0.01,0.05,12.89,10.52,11.71,11.35,88.38,0,72.36,0.29,12.53,0.6,13.5
2022,8,3,7,0.65,1.18,1.81,81.2,141.98,12.39,0.19,0.9,15.51,10.7,13.11,11.41,74.75,0.01,72.39,0.8,240.95,1.04,243.24
2022,8,3,8,1.22,2.03,2.76,153.67,248.27,23.45,0.56,2.85,16.58,11.33,13.96,11.84,72.69,0.02,72.45,2.24,221.32,2.86,221.23
2022,8,3,9,1.89,2.78,3.57,242.48,340.7,37.07,1.16,6.2,17.33,12.16,14.75,12.57,73.38,0.02,72.5,2.76,220.99,3.51,220.93
2022,8,3,10,2.43,3.36,4.18,314.17,411.95,48.22,1.74,8.75,18.15,12.96,15.55,13.24,73.56,0.03,72.52,3.09,222.03,3.92,222.09
2022,8,3,11,2,3.7,4.55,269.62,453.98,42.11,1.64,8.42,18.65,13.69,16.16,13.92,74.88,0.04,72.49,3.39,220.99,4.31,221.03
2022,8,3,12,1.83,3.77,4.66,258.45,463.62,40.98,1.62,8.5,18.78,14.21,16.49,14.4,76.88,0.07,72.45,3.59,220.24,4.57,220.28
2022,8,3,13,1.64,3.63,4.5,228.5,445,36.36,1.4,7.05,18.68,14.47,16.57,14.71,78.75,0.1,72.4,3.64,219.43,4.65,219.34
2022,8,3,14,1.49,3.23,4.08,202.17,395.27,31.92,1.13,5.7,18.27,14.48,16.37,14.71,80.88,0.13,72.36,3.56,219.56,4.56,219.58
2022,8,3,15,1.15,2.59,3.42,154.27,315.17,24.02,0.72,3.8,17.58,14.26,15.93,14.53,83.38,0.15,72.33,3.34,219.79,4.34,219.88
2022,8,3,16,0.66,1.78,2.58,88.33,213.58,13.77,0.31,1.55,16.67,14.12,15.4,14.4,87.5,0.15,72.32,2.94,221.23,3.86,221.23
2022,8,3,17,0.33,0.92,1.61,41.8,106.3,6.41,0.08,0.4,15.58,14.19,14.89,14.47,94.25,0.15,72.33,2.28,224.72,3.02,224.69
2022,8,3,18,0.11,0.21,0.58,13.2,23.6,1.96,0.01,0.02,14.9,14.33,14.62,14.59,99.25,0.11,72.35,1.58,228.01,2.16,227.94
2022,8,3,19,0,0,0,0,0,0,0,0,14.46,14.34,14.4,14.59,100,0.09,72.37,0.99,221.48,1.61,222.26
2022,8,3,20,0,0,0,0,0,0,0,0,14.16,14.23,14.2,14.47,100,0.07,72.46,0.93,207,1.67,206.44
2022,8,3,21,0,0,0,0,0,0,0,0,13.96,14.12,14.05,14.34,100,0.06,72.53,0.93,211.54,1.72,212.03
2022,8,3,22,0,0,0,0,0,0,0,0,13.7,13.91,13.81,14.16,100,0.08,72.54,0.92,217.06,1.78,217.32
2022,8,3,23,0,0,0,0,0,0,0,0,13.42,13.69,13.55,13.98,100,0.14,72.53,0.93,218.51,1.83,218.58
2022,8,4,0,0,0,0,0,0,0,0,0,13.21,13.52,13.37,13.85,100,0.2,72.48,0.92,219.81,1.83,220.5
2022,8,4,1,0,0,0,0,0,0,0,0,13.15,13.46,13.3,13.79,100,0.26,72.42,0.93,220.55,1.85,221.75
2022,8,4,2,0,0,0,0,0,0,0,0,13.15,13.33,13.24,13.67,100,0.25,72.41,0.82,223.85,1.65,226.72
2022,8,4,3,0,0,0,0,0,0,0,0,13.1,13.25,13.17,13.61,100,0.14,72.37,0.72,242.33,1.59,243.43
2022,8,4,4,0,0,0,0,0,0,0,0,12.99,13.16,13.08,13.55,100,0.07,72.37,0.68,241.97,1.52,243.04
2022,8,4,5,0,0,0,0,0,0,0,0,12.92,13.08,13.01,13.43,100,0.05,72.36,0.62,246.33,1.39,248.5
2022,8,4,6,0.09,0.32,0.81,10.08,36.55,1.51,0.01,0.02,13.8,13.49,13.65,13.85,100,0.03,72.36,0.87,253.2,1.41,253.27
2022,8,4,7,0.54,1.07,1.8,67.02,124.98,10.12,0.15,0.73,14.88,13.8,14.34,14.16,96.62,0.02,72.41,1.53,243.3,1.99,243.94
2022,8,4,8,1.03,1.93,2.75,132.17,232.45,20.05,0.48,2.42,16.19,13.69,14.94,14.1,88.38,0.03,72.45,2.04,237.65,2.62,238.39
2022,8,4,9,1.36,2.73,3.56,180.1,331.98,27.84,0.86,4.58,17.09,13.79,15.44,14.16,84.06,0.06,72.46,2.95,224.36,3.83,224.67
2022,8,4,10,1.71,3.33,4.17,227.73,406.88,35.54,1.27,6.33,17.39,14.17,15.78,14.53,84.31,0.11,72.46,3.59,216.94,4.71,217.25
2022,8,4,11,2.11,3.7,4.55,281.3,452.2,44.25,1.72,8.77,17.16,14.45,15.81,14.71,86.81,0.2,72.46,3.99,211.29,5.29,211.53
2022,8,4,12,1.84,3.77,4.66,253.35,463.48,39.61,1.54,8.08,16.5,14.54,15.51,14.77,90.69,0.31,72.42,4.15,210.19,5.56,210.49
2022,8,4,13,1.64,3.64,4.49,229,445.65,36.2,1.38,6.92,15.98,14.51,15.25,14.71,93.19,0.44,72.38,4.35,212.98,5.88,213.18
2022,8,4,14,1.58,3.24,4.07,211.1,395.85,33.07,1.16,5.85,15.82,14.37,15.1,14.53,93.12,0.57,72.36,4.59,213.55,6.21,213.61
2022,8,4,15,1.32,2.61,3.42,171.95,317.65,26.46,0.79,4.15,15.64,14.09,14.87,14.28,92.62,0.59,72.34,4.35,212.46,5.86,212.52
2022,8,4,16,0.97,1.79,2.58,122.85,215.98,18.48,0.41,2.02,15.29,13.8,14.55,14.04,93.12,0.54,72.34,3.6,209.68,4.82,209.77
2022,8,4,17,0.5,0.94,1.6,61.02,109.65,8.96,0.11,0.55,14.74,13.55,14.15,13.85,95.12,0.48,72.36,2.68,206.27,3.58,206.12
2022,8,4,18,0.14,0.21,0.57,16.27,23.62,2.39,0.01,0.05,13.98,13.45,13.72,13.79,99.56,0.25,72.39,1.55,201.53,2.15,200.6
2022,8,4,19,0,0,0,0,0,0,0,0,13.51,13.25,13.38,13.55,100,0.25,72.43,0.89,191.6,1.31,188.23
2022,8,4,20,0,0,0,0,0,0,0,0,13.5,13.12,13.31,13.43,100,0.23,72.47,0.63,177.17,0.93,175.67
2022,8,4,21,0,0,0,0,0,0,0,0,13.3,12.92,13.11,13.24,100,0.17,72.5,0.49,174.47,0.76,175.87
2022,8,4,22,0,0,0,0,0,0,0,0,13.1,12.63,12.87,13,99.75,0.14,72.51,0.57,191,0.89,190.62
2022,8,4,23,0,0,0,0,0,0,0,0,12.83,12.52,12.68,12.94,100,0.13,72.5,0.57,207.98,0.89,206.11
2022,8,5,0,0,0,0,0,0,0,0,0,12.49,12.25,12.37,12.7,100,0.1,72.46,0.4,218.66,0.69,216.22
2022,8,5,1,0,0,0,0,0,0,0,0,12.06,11.89,11.98,12.45,100,0.06,72.42,0.11,254.05,0.25,245.85
2022,8,5,2,0,0,0,0,0,0,0,0,11.62,11.42,11.51,12.02,100,0.03,72.37,0.12,348.69,0.21,344.93
2022,8,5,3,0,0,0,0,0,0,0,0,11.2,11.12,11.16,11.84,100,0.01,72.35,0.2,9.09,0.38,10.62
2022,8,5,4,0,0,0,0,0,0,0,0,10.83,10.69,10.76,11.47,100,0.01,72.34,0.31,16.14,0.65,16.9
2022,8,5,5,0,0,0,0,0,0,0,0,10.76,10.23,10.5,11.11,99.5,0.01,72.34,0.49,14.93,0.97,15.95
2022,8,5,6,0.22,0.35,0.8,25.48,39.6,3.49,0.02,0.08,12.32,11,11.66,11.78,95,0,72.36,0.6,14.22,1.03,15.83
2022,8,5,7,0.62,1.1,1.8,73.42,128.9,10.18,0.14,0.7,14.95,11.39,13.17,12.08,82.19,0,72.38,0.69,275.19,0.92,278.82
2022,8,5,8,1.39,1.98,2.75,174.9,239.42,25.66,0.61,3.08,16.15,11.71,13.94,12.33,77.38,0,72.4,1.86,242.47,2.39,243.02
2022,8,5,9,2.17,2.71,3.56,272.08,329.3,39.62,1.2,6.35,16.92,12.47,14.69,12.94,77.31,0,72.41,2.46,235.6,3.13,235.79
2022,8,5,10,2.36,3.3,4.17,297.3,402.38,45.2,1.6,8.12,17.93,13.55,15.74,13.85,77.81,0,72.4,2.97,230.33,3.77,230.3
2022,8,5,11,2.6,3.65,4.55,336.9,445.6,51.02,1.96,10.25,18.73,14.3,16.51,14.59,77.75,0,72.36,3.4,226.4,4.3,226.4
2022,8,5,12,2.69,3.75,4.65,357.35,458.52,53.84,2.12,11.25,19.13,14.65,16.89,14.89,77.38,0,72.3,3.75,222.8,4.77,222.81
2022,8,5,13,2.23,3.61,4.49,290.98,440.15,44.31,1.68,8.73,18.98,14.87,16.93,15.14,79.31,0,72.24,3.87,221.48,4.95,221.54
2022,8,5,14,1.82,3.23,4.07,238.98,394.3,36.7,1.27,6.45,18.66,14.93,16.8,15.2,81.25,0.01,72.18,3.82,221.6,4.91,221.65
2022,8,5,15,1.24,2.59,3.41,162.62,315.27,25.1,0.73,3.9,18.11,14.86,16.48,15.14,83.69,0.01,72.13,3.58,221.46,4.62,221.57
2022,8,5,16,0.73,1.8,2.57,96.33,217.2,15,0.34,1.65,17.37,14.71,16.04,15.01,86.81,0.01,72.11,3.22,220.38,4.19,220.46
2022,8,5,17,0.45,0.94,1.59,55.52,110.88,8.41,0.1,0.5,16.4,14.57,15.49,14.83,91.38,0.01,72.12,2.8,218.31,3.71,218.41
2022,8,5,18,0.16,0.21,0.56,18.9,23.23,2.72,0.01,0.05,15.26,14.55,14.9,14.83,98.19,0.14,72.16,2.05,213.81,2.83,213.87
2022,8,5,19,0,0,0,0,0,0,0,0,14.39,14.31,14.35,14.65,100,0.12,72.22,1.16,208.46,1.8,210.24
2022,8,5,20,0,0,0,0,0,0,0,0,14.19,14.08,14.13,14.53,100,0.1,72.27,1.05,210.75,1.71,213.62
2022,8,5,21,0,0,0,0,0,0,0,0,13.9,13.8,13.85,14.28,100,0.11,72.31,1.08,214.38,1.74,217.54
2022,8,5,22,0,0,0,0,0,0,0,0,13.47,13.29,13.37,13.85,100,0.14,72.34,0.96,230.97,1.57,233.93
2022,8,5,23,0,0,0,0,0,0,0,0,13.06,12.83,12.95,13.43,100,0.24,72.32,0.89,248.85,1.49,254.8
2022,8,6,0,0,0,0,0,0,0,0,0,12.54,12.26,12.4,12.94,100,0.27,72.28,0.76,264.7,1.35,272.98
2022,8,6,1,0,0,0,0,0,0,0,0,12.02,11.78,11.9,12.57,100,0.25,72.23,0.68,270.66,1.19,277.17
2022,8,6,2,0,0,0,0,0,0,0,0,12.03,11.47,11.75,12.33,100,0.18,72.2,0.47,261.33,0.7,270
2022,8,6,3,0,0,0,0,0,0,0,0,11.86,11.08,11.47,11.96,99.31,0.15,72.2,0.07,90,0.15,64.8
2022,8,6,4,0,0,0,0,0,0,0,0,11.29,10.59,10.94,11.6,99.94,0.11,72.19,0.25,53.84,0.49,46.93
2022,8,6,5,0,0,0,0,0,0,0,0,10.81,10.05,10.43,11.17,99.44,0.08,72.19,0.41,34.9,0.79,33.69
2022,8,6,6,0.11,0.34,0.79,13.92,38.55,2.14,0.01,0.05,11.74,10.64,11.19,11.66,97.69,0.18,72.23,0.35,55.95,0.74,46.71
2022,8,6,7,0.45,1.08,1.79,56.7,126.75,8.6,0.12,0.62,12.92,10.62,11.77,11.6,89.81,0.21,72.27,0.37,55.3,0.62,50.1
2022,8,6,8,0.86,1.93,2.74,113.25,232.05,17.58,0.43,2.15,13.99,10.22,12.11,11.17,80.81,0.18,72.31,0.13,57.26,0.27,45
2022,8,6,9,1.27,2.69,3.56,173.83,327.83,26.97,0.84,4.52,14.97,10.38,12.68,11.29,76.5,0.14,72.32,0.35,223.21,0.38,225.83
2022,8,6,10,1.45,3.28,4.17,200.8,400.88,31.45,1.13,5.65,15.69,10.27,12.98,11.17,72.06,0.15,72.29,0.67,247.95,0.82,248.81
2022,8,6,11,1.52,3.63,4.54,215.17,446.95,33.91,1.3,6.62,16.4,10.68,13.54,11.47,70.81,0.2,72.23,1.19,255.51,1.48,255.01
2022,8,6,12,1.55,3.74,4.65,225.65,464.42,35.95,1.4,7.33,16.91,11.24,14.08,11.9,71.19,0.33,72.16,1.82,242.88,2.29,242.82
2022,8,6,13,1.84,3.6,4.49,251.73,444.17,39.37,1.5,7.62,17,11.79,14.39,12.39,73.5,0.59,72.1,2.19,233.99,2.79,234
2022,8,6,14,1.56,3.17,4.06,210.83,387.9,32.54,1.14,5.75,16.7,12.3,14.51,12.82,77.62,0.8,72.06,2.39,228.18,3.07,228.2
2022,8,6,15,1.38,2.55,3.4,177.45,311.65,26.47,0.77,4,16.07,12.66,14.37,13.18,82.81,1.01,72.05,2.32,223.22,2.98,223.41
2022,8,6,16,0.92,1.76,2.56,113.3,212.7,16.54,0.36,1.77,15.3,12.83,14.07,13.31,88.06,1.19,72.05,2.02,221.39,2.6,221.59
2022,8,6,17,0.45,0.9,1.58,53.7,105.48,7.6,0.09,0.45,14.55,12.99,13.76,13.49,93.5,1.49,72.08,1.73,222.99,2.27,223.19
2022,8,6,18,0.13,0.2,0.54,15.92,22.8,2.38,0.01,0.02,13.8,13.19,13.5,13.61,99.31,0.85,72.11,1.18,225.54,1.66,226.53
2022,8,6,19,0,0,0,0,0,0,0,0,13.25,13.12,13.19,13.55,100,0.93,72.15,0.64,226.49,1.07,231.8
2022,8,6,20,0,0,0,0,0,0,0,0,13.01,13,13.01,13.43,100,0.92,72.19,0.55,235.41,1,240.64
2022,8,6,21,0,0,0,0,0,0,0,0,12.64,12.73,12.69,13.18,100,0.93,72.22,0.56,255.38,1.09,260.54
2022,8,6,22,0,0,0,0,0,0,0,0,12.38,12.46,12.42,13,100,1,72.22,0.5,262.76,0.97,266.77
2022,8,6,23,0,0,0,0,0,0,0,0,12.15,12.15,12.15,12.76,100,0.94,72.22,0.41,270,0.83,276.99
2022,8,7,0,0,0,0,0,0,0,0,0,11.98,11.87,11.93,12.57,100,0.74,72.22,0.48,267.23,0.96,278.39
2022,8,7,1,0,0,0,0,0,0,0,0,11.86,11.64,11.75,12.45,100,0.51,72.23,0.52,267.4,0.97,277.41
2022,8,7,2,0,0,0,0,0,0,0,0,11.76,11.44,11.59,12.33,100,0.32,72.23,0.39,282.65,0.83,286.91
2022,8,7,3,0,0,0,0,0,0,0,0,11.74,11.26,11.51,12.15,100,0.21,72.22,0.38,309.21,0.87,309.87
2022,8,7,4,0,0,0,0,0,0,0,0,11.71,11.01,11.36,11.96,100,0.17,72.22,0.46,326.85,0.99,327.56
2022,8,7,5,0,0,0,0,0,0,0,0,11.87,10.7,11.29,11.66,96.81,0.12,72.23,0.57,348.85,1.04,346.59
2022,8,7,6,0.15,0.37,0.78,18.27,41.2,2.63,0.02,0.05,12.99,11.46,12.23,12.33,94.69,0.04,72.26,0.48,11.31,0.83,5.39
2022,8,7,7,0.77,1.19,1.78,93.25,140.77,13.42,0.2,0.95,15.09,11.94,13.51,12.7,85.19,0.03,72.3,0.32,244.06,0.44,251.57
2022,8,7,8,1.63,2.05,2.74,197.27,245.77,28.53,0.67,3.38,16.69,12.39,14.54,12.94,78.44,0.02,72.33,1.68,213.25,2.16,213.52
2022,8,7,9,2.37,2.83,3.55,292.4,340.27,43.26,1.34,7.15,17.62,12.95,15.28,13.43,76.81,0.02,72.35,2.44,206.24,3.1,206.18
2022,8,7,10,2.59,3.42,4.17,317.77,411.35,48.96,1.79,9.23,18.22,13.51,15.87,13.92,76.81,0.03,72.34,2.88,203.65,3.65,203.71
2022,8,7,11,2.94,3.72,4.54,375.17,452.08,56.48,2.22,11.52,18.5,14.01,16.26,14.4,77.94,0.05,72.31,3.21,204.57,4.09,204.51
2022,8,7,12,2.45,3.83,4.65,325.2,468.67,50.54,2.03,10.92,18.63,14.36,16.5,14.71,78.81,0.08,72.26,3.5,206.39,4.46,206.52
2022,8,7,13,2.24,3.71,4.48,291.65,451.2,45.7,1.78,9.25,18.69,14.56,16.62,14.89,79.5,0.12,72.2,3.71,208.67,4.77,208.71
2022,8,7,14,1.77,3.31,4.06,232,403.08,36.03,1.29,6.62,18.58,14.68,16.63,15.01,80.5,0.16,72.14,3.77,210.76,4.87,210.88
2022,8,7,15,1.26,2.69,3.4,164.3,327.45,25.35,0.77,4,18,14.62,16.3,14.95,83.19,0.2,72.11,3.65,212.77,4.76,212.93
2022,8,7,16,0.74,1.91,2.55,94.33,232.95,14.56,0.33,1.65,17.41,14.62,16.02,14.95,86.31,0.22,72.09,3.38,215.97,4.43,216.04
2022,8,7,17,0.38,1.04,1.57,46.7,124,6.83,0.09,0.4,16.33,14.66,15.49,14.95,92.5,0.23,72.11,2.86,219.69,3.83,219.87
2022,8,7,18,0.12,0.23,0.53,13.92,26.15,2.1,0.01,0.02,15.39,14.78,15.08,15.08,99,0.23,72.14,2.1,220.62,2.92,220.77
2022,8,7,19,0,0,0,0,0,0,0,0,14.9,14.76,14.83,15.08,100,0.23,72.18,1.32,218.29,2.04,218.14
2022,8,7,20,0,0,0,0,0,0,0,0,14.77,14.7,14.73,15.01,100,0.21,72.23,1.26,217.44,2,217.23
2022,8,7,21,0,0,0,0,0,0,0,0,14.36,14.38,14.37,14.77,100,0.18,72.29,1.17,216.56,1.89,216.44
2022,8,7,22,0,0,0,0,0,0,0,0,14.06,14.1,14.08,14.53,100,0.16,72.31,1.07,214.27,1.84,213.89
2022,8,7,23,0,0,0,0,0,0,0,0,13.62,13.81,13.72,14.28,100,0.14,72.3,1.02,212.47,1.87,211.29
2022,8,8,0,0,0,0,0,0,0,0,0,13.19,13.32,13.25,13.85,100,0.11,72.26,0.77,222.94,1.49,222.88
2022,8,8,1,0,0,0,0,0,0,0,0,12.46,12.4,12.43,13.06,100,0.08,72.23,0.51,294.23,1.08,294.72
2022,8,8,2,0,0,0,0,0,0,0,0,12.14,11.51,11.83,12.33,100,0.07,72.19,0.68,354.75,1.51,356.44
2022,8,8,3,0,0,0,0,0,0,0,0,12.31,10.8,11.55,11.66,93.88,0.04,72.14,0.92,15.34,1.8,15.84
2022,8,8,4,0,0,0,0,0,0,0,0,12.92,10.09,11.51,11.11,85.81,0.02,72.15,0.97,20.34,1.67,20.56
2022,8,8,5,0,0,0,0,0,0,0,0,13.29,9.6,11.44,10.74,81,0.01,72.18,0.82,8.21,1.33,8.13
2022,8,8,6,0.33,0.38,0.77,37.1,42.83,4.87,0.02,0.1,14.84,11.43,13.13,12.21,83.38,0,72.22,0.6,350.29,0.99,345.85
2022,8,8,7,1.06,1.19,1.78,124.92,140.55,16.68,0.22,1.08,17.4,12.16,14.78,12.88,74.56,0,72.24,0.69,281.06,1.04,280.8
2022,8,8,8,1.78,2.06,2.73,216.05,247.88,30.76,0.7,3.45,18.88,12.27,15.58,13,68.62,0,72.24,1.57,229.83,2.06,231.31
2022,8,8,9,2.39,2.81,3.55,297.77,341.12,43.88,1.33,6.98,19.62,13.08,16.35,13.79,69.44,0.01,72.25,2.51,215.37,3.24,216.18
2022,8,8,10,2.54,3.39,4.16,320.73,411.75,48.98,1.73,8.83,19.87,14.02,16.95,14.65,72.62,0.02,72.27,3.21,210.56,4.14,211.02
2022,8,8,11,2.58,3.74,4.54,333.65,453.98,51.03,1.97,10.23,19.87,14.64,17.26,15.14,75.12,0.04,72.26,3.69,208.3,4.77,208.58
2022,8,8,12,2.6,3.74,4.64,340.4,454,51.56,2.01,10.65,19.77,14.94,17.36,15.38,76.62,0.06,72.22,4.08,208.33,5.32,208.48
2022,8,8,13,2.29,3.62,4.48,296.75,438.12,45.56,1.73,8.83,18.65,15.14,16.9,15.5,82.75,0.09,72.15,4.13,209.23,5.46,209.5
2022,8,8,14,2.02,3.23,4.05,257.52,392.58,38.83,1.34,6.85,17.83,15.31,16.57,15.62,87.81,0.13,72.07,4.06,209.53,5.42,209.7
2022,8,8,15,1.56,2.64,3.39,197.92,320.52,29.58,0.86,4.42,17.27,15.34,16.31,15.62,90.94,0.17,72.01,4.01,205.97,5.43,206.01
2022,8,8,16,0.92,1.88,2.54,114.33,228.4,16.62,0.35,1.75,16.57,15.12,15.85,15.44,93.75,0.23,71.99,3.8,200.34,5.21,200.64
2022,8,8,17,0.43,1.02,1.56,50.67,122.5,6.84,0.08,0.38,15.86,14.99,15.43,15.26,97.06,0.28,72.01,3.71,203.97,5.2,204.29
2022,8,8,18,0.12,0.23,0.52,14.7,26.65,2.19,0.01,0.02,15,14.82,14.9,15.08,100,0.2,72.09,2.86,220.91,4.15,221.03
2022,8,8,19,0,0,0,0,0,0,0,0,14.44,14.52,14.48,14.83,100,0.19,72.18,2.12,230.98,3.22,230.12
2022,8,8,20,0,0,0,0,0,0,0,0,14.11,14.09,14.1,14.47,100,0.19,72.24,1.91,241.13,2.9,240.68
2022,8,8,21,0,0,0,0,0,0,0,0,13.55,13.34,13.44,13.79,100,0.2,72.3,1.53,259.72,2.3,260.83
2022,8,8,22,0,0,0,0,0,0,0,0,13.05,12.56,12.81,13.18,100,0.17,72.31,1.14,273.53,1.74,275.91
2022,8,8,23,0,0,0,0,0,0,0,0,12.7,12.04,12.37,12.7,99.69,0.11,72.3,0.76,286.76,1.28,292.19
2022,8,9,0,0,0,0,0,0,0,0,0,12.29,11.48,11.88,12.27,98.94,0.06,72.28,0.65,313.53,1.22,315.52
2022,8,9,1,0,0,0,0,0,0,0,0,11.93,11.01,11.48,11.9,98.5,0.03,72.28,0.68,336.97,1.33,334.33
2022,8,9,2,0,0,0,0,0,0,0,0,11.72,10.59,11.15,11.6,97.06,0.02,72.27,0.84,351.42,1.58,348.91
2022,8,9,3,0,0,0,0,0,0,0,0,11.58,10.05,10.81,11.11,94.06,0.01,72.24,0.95,356.22,1.73,354.83
2022,8,9,4,0,0,0,0,0,0,0,0,11.43,9.52,10.48,10.68,91.25,0,72.23,0.91,359.51,1.77,0.25
2022,8,9,5,0,0,0,0,0,0,0,0,11.55,8.93,10.24,10.25,86.81,0,72.24,0.96,5.62,1.84,6.58
2022,8,9,6,0.29,0.41,0.76,33.88,47.38,4.48,0.02,0.1,13.57,10.83,12.2,11.78,87.38,0.01,72.26,0.85,14.93,1.52,10.38
2022,8,9,7,0.94,1.25,1.77,112.55,150.48,15.47,0.21,1.02,17.01,10.75,13.88,11.6,68.88,0.01,72.29,0.48,314.34,0.75,309.5
2022,8,9,8,1.68,2.09,2.73,205.38,255.27,29.63,0.68,3.4,18.58,11.4,15,12.08,64.94,0.01,72.31,1.94,228.27,2.56,229.7
2022,8,9,9,2.51,2.83,3.54,311.88,345.65,45.76,1.38,7.3,19.28,12.15,15.72,12.76,65.81,0,72.32,2.72,223.95,3.55,224.64
2022,8,9,10,3.03,3.39,4.16,380.73,413.95,56.73,2.02,10.38,19.94,12.98,16.47,13.55,67.12,0.01,72.3,3.16,220.49,4.09,220.9
2022,8,9,11,3.26,3.73,4.53,412.75,455.12,62.49,2.41,12.73,20.29,13.8,17.05,14.34,69.5,0.01,72.27,3.48,216.15,4.5,216.45
2022,8,9,12,3,3.82,4.64,390.65,466.55,59.5,2.35,12.58,20.25,14.39,17.32,14.95,72.38,0.03,72.22,3.61,211.56,4.65,211.69
2022,8,9,13,2.56,3.69,4.47,331.35,446.98,50.88,1.96,10.12,20.02,14.73,17.37,15.26,74.75,0.05,72.17,3.59,208.74,4.62,208.9
2022,8,9,14,1.93,3.26,4.04,247.27,395.77,37.55,1.3,6.73,19.69,14.87,17.28,15.32,76.81,0.07,72.11,3.38,207.99,4.35,208.18
2022,8,9,15,1.43,2.62,3.38,182.08,317.98,27.2,0.8,4.12,18.94,14.98,16.96,15.44,80.94,0.08,72.08,3.08,208,3.97,208.18
2022,8,9,16,0.95,1.83,2.53,117.15,220.42,17.05,0.36,1.8,18,15.03,16.51,15.5,86,0.09,72.06,2.74,208.39,3.57,208.64
2022,8,9,17,0.58,0.96,1.55,67.92,113.23,9.12,0.1,0.5,16.97,15.07,16.01,15.5,92.06,0.1,72.07,2.2,210.48,2.89,210.51
2022,8,9,18,0.15,0.21,0.5,17,23.3,2.46,0.01,0.05,15.87,15.15,15.51,15.56,99,0.5,72.11,1.37,210.52,1.87,212.03
2022,8,9,19,0,0,0,0,0,0,0,0,15.33,15.16,15.25,15.5,100,0.67,72.15,0.76,204.98,1.14,214.99
2022,8,9,20,0,0,0,0,0,0,0,0,15.33,15.19,15.26,15.5,100,0.84,72.2,0.66,212.01,1.12,219.35
2022,8,9,21,0,0,0,0,0,0,0,0,15.01,15,15.01,15.32,100,0.87,72.23,0.62,218.88,1.18,223.12
2022,8,9,22,0,0,0,0,0,0,0,0,14.76,14.82,14.79,15.14,100,0.7,72.22,0.63,219.44,1.23,222.94
2022,8,9,23,0,0,0,0,0,0,0,0,14.5,14.6,14.55,14.95,100,0.37,72.19,0.64,218.55,1.26,221.49
2022,8,10,0,0,0,0,0,0,0,0,0,14.23,14.36,14.3,14.71,100,0.17,72.14,0.67,221.69,1.31,225.48
2022,8,10,1,0,0,0,0,0,0,0,0,13.95,14.02,13.99,14.4,100,0.15,72.09,0.65,227.45,1.29,232.16
2022,8,10,2,0,0,0,0,0,0,0,0,13.48,13.55,13.52,13.92,100,0.13,72.05,0.54,238.61,1.13,244.67
2022,8,10,3,0,0,0,0,0,0,0,0,12.98,13.03,13.01,13.49,100,0.1,72.02,0.39,274.57,0.9,274.47
2022,8,10,4,0,0,0,0,0,0,0,0,12.44,12.49,12.47,13.06,100,0.09,72,0.37,307.35,0.88,309.22
2022,8,10,5,0,0,0,0,0,0,0,0,11.97,11.94,11.95,12.57,100,0.11,72.02,0.36,329.04,0.89,326.87
2022,8,10,6,0.29,0.4,0.75,35.77,46.88,4.95,0.02,0.1,13.45,12.52,12.98,13.12,97.75,0.12,72.06,0.57,325.01,0.93,325.91
2022,8,10,7,0.92,1.22,1.77,112.83,148.67,15.79,0.22,1.08,15.48,12.82,14.15,13.37,87.31,0.11,72.09,0.61,297.22,0.82,298.52
2022,8,10,8,1.66,2.07,2.72,207.73,253.7,30.07,0.7,3.52,17.3,13.21,15.26,13.73,80,0.07,72.12,1.28,231.94,1.64,232.53
2022,8,10,9,2.09,2.8,3.54,265.02,344.77,39.95,1.23,6.55,18.54,13.68,16.11,14.16,76.38,0.08,72.16,2.3,212.67,2.95,213.1
2022,8,10,10,2.26,3.36,4.16,292.23,414.08,45.41,1.64,8.25,19.28,14.26,16.77,14.71,75.62,0.11,72.18,3.17,207.77,4.08,207.99
2022,8,10,11,2.27,3.71,4.53,298.73,456.1,46.73,1.82,9.5,19.51,14.66,17.08,15.01,76.19,0.22,72.17,3.81,206.14,4.93,206.44
2022,8,10,12,2.23,3.79,4.64,299.65,466.35,47.24,1.88,9.95,19.04,14.9,16.97,15.2,79.19,0.4,72.13,4.13,205.3,5.39,205.49
2022,8,10,13,2,3.65,4.47,261.27,448.92,40.77,1.58,8.2,18.48,15.08,16.78,15.32,82.69,0.55,72.09,4.15,205.31,5.44,205.42
2022,8,10,14,1.58,3.26,4.04,210.77,402.27,33.05,1.17,6,17.7,15,16.35,15.2,86.06,0.78,72.05,4.11,204.03,5.44,204.06
2022,8,10,15,1.14,2.63,3.37,155.17,324.45,24.33,0.73,3.83,16.83,14.83,15.83,15.01,89.81,1.25,72.02,4.04,204.23,5.41,204.12
2022,8,10,16,0.73,1.84,2.52,95.98,226.9,14.82,0.33,1.62,16.02,14.51,15.27,14.71,92.56,2.36,72.02,3.82,204.63,5.2,204.41
2022,8,10,17,0.31,0.97,1.54,38.92,117.73,6.04,0.07,0.35,15.15,14.1,14.62,14.34,95.56,3.73,72.04,3.2,206.5,4.39,206.29
2022,8,10,18,0.07,0.21,0.49,7.9,23.55,1.23,0.01,0.02,14.22,13.71,13.97,14.04,99.5,2.44,72.08,2.23,211.52,3.13,211.31
2022,8,10,19,0,0,0,0,0,0,0,0,13.54,13.33,13.44,13.73,100,1.99,72.13,1.55,217.85,2.29,216.83
2022,8,10,20,0,0,0,0,0,0,0,0,13.05,12.98,13.01,13.43,100,1.23,72.2,1.69,216.55,2.51,214.98
2022,8,10,21,0,0,0,0,0,0,0,0,12.59,12.58,12.59,13.12,100,0.66,72.29,1.42,205.44,2.21,205.38
2022,8,10,22,0,0,0,0,0,0,0,0,11.9,12.02,11.96,12.63,100,0.36,72.34,0.79,209.11,1.36,213.78
2022,8,10,23,0,0,0,0,0,0,0,0,11.36,11.32,11.33,12.15,100,0.37,72.33,0.35,282.8,0.74,293.59
2022,8,11,0,0,0,0,0,0,0,0,0,11.33,10.97,11.15,11.84,100,0.43,72.32,0.5,316.27,1,317.85
2022,8,11,1,0,0,0,0,0,0,0,0,11.26,10.77,11.01,11.66,100,0.39,72.3,0.4,338.4,0.85,334.38
2022,8,11,2,0,0,0,0,0,0,0,0,11.04,10.38,10.71,11.35,99.38,0.25,72.28,0.53,355.79,1.08,352.51
2022,8,11,3,0,0,0,0,0,0,0,0,10.98,9.76,10.37,10.86,95.62,0.15,72.27,0.65,5.51,1.21,3.32
2022,8,11,4,0,0,0,0,0,0,0,0,11.12,9.15,10.13,10.44,90.88,0.07,72.26,0.71,5.71,1.24,3.26
2022,8,11,5,0,0,0,0,0,0,0,0,11.21,8.62,9.91,10.01,86.94,0.03,72.25,0.77,2.34,1.34,0
2022,8,11,6,0.25,0.42,0.74,30.62,49.25,4.1,0.02,0.08,12.73,10.14,11.44,11.23,87.88,0.01,72.27,0.81,6.65,1.36,1.32
2022,8,11,7,0.89,1.27,1.76,109.73,154.67,15.77,0.22,1.05,15.37,11.03,13.2,11.9,78.69,0.01,72.28,0.54,323.3,0.76,322.9
2022,8,11,8,1.62,2.12,2.72,202.83,260.27,29.88,0.7,3.48,16.87,11.41,14.15,12.33,73.81,0,72.3,1.18,231.16,1.54,231.39
2022,8,11,9,2.33,2.87,3.54,294.1,350.75,44.22,1.36,7.17,17.87,12.05,14.96,12.94,72.94,0,72.32,2.02,216.21,2.64,216.09
2022,8,11,10,2.74,3.43,4.15,349.27,419.05,53.23,1.92,9.75,18.5,12.79,15.65,13.67,73.88,0.02,72.33,2.84,211.72,3.7,211.61
2022,8,11,11,2.96,3.77,4.53,378.83,460.23,58.7,2.28,11.95,18.81,13.48,16.15,14.22,75.38,0.03,72.33,3.57,208.19,4.67,208.24
2022,8,11,12,2.61,3.83,4.63,347.6,469.62,53.94,2.14,11.35,18.6,13.9,16.25,14.4,77.5,0.03,72.31,3.97,204.8,5.21,204.99
2022,8,11,13,2.46,3.7,4.46,321.7,452.08,49.8,1.91,9.95,18.11,14.38,16.24,14.77,81.81,0.04,72.27,3.88,200.77,5.08,200.92
2022,8,11,14,1.88,3.3,4.03,247.33,404.05,38.58,1.35,6.92,17.81,14.57,16.19,14.89,84.06,0.05,72.21,3.78,195.1,4.96,195.15
2022,8,11,15,1.44,2.69,3.37,182.4,329.15,27.63,0.81,4.2,17.35,14.59,15.97,14.95,86.62,0.05,72.17,3.62,190.58,4.78,190.45
2022,8,11,16,0.95,1.9,2.51,116.9,231.12,17.01,0.36,1.77,16.71,14.56,15.63,14.89,90,0.05,72.15,3.28,188.23,4.36,188.14
2022,8,11,17,0.56,1.01,1.53,66.55,120.83,8.84,0.09,0.48,15.95,14.52,15.24,14.89,94.25,0.04,72.15,2.69,190.72,3.6,190.63
2022,8,11,18,0.16,0.22,0.48,17.35,25.02,2.34,0.01,0.02,14.98,14.44,14.71,14.77,99.75,0.04,72.17,1.7,198.77,2.39,199.26
2022,8,11,19,0,0,0,0,0,0,0,0,14.29,14.33,14.3,14.65,100,0.03,72.23,0.93,203.33,1.51,210.41
2022,8,11,20,0,0,0,0,0,0,0,0,14.01,14.12,14.07,14.4,100,0.02,72.31,0.78,210.17,1.32,220.45
2022,8,11,21,0,0,0,0,0,0,0,0,13.58,13.76,13.67,14.1,100,0.02,72.37,0.58,214.55,1.06,228.89
2022,8,11,22,0,0,0,0,0,0,0,0,13.15,13.39,13.27,13.79,100,0.01,72.39,0.4,233.81,0.85,247.22
2022,8,11,23,0,0,0,0,0,0,0,0,12.73,12.95,12.84,13.43,100,0.01,72.38,0.22,265.91,0.58,274.64
2022,8,12,0,0,0,0,0,0,0,0,0,12.26,12.35,12.3,13,100,0.01,72.35,0.22,338.96,0.55,338.2
2022,8,12,1,0,0,0,0,0,0,0,0,11.57,11.6,11.58,12.45,100,0.01,72.3,0.44,0,0.96,359.07
2022,8,12,2,0,0,0,0,0,0,0,0,11.12,10.87,10.99,11.84,100,0.01,72.25,0.64,6.34,1.32,7.46
2022,8,12,3,0,0,0,0,0,0,0,0,10.78,10.08,10.44,11.29,100,0,72.22,0.85,8.5,1.7,9.55
2022,8,12,4,0,0,0,0,0,0,0,0,10.49,9.32,9.9,10.74,97.44,0,72.2,1.02,10.11,2,11.27
2022,8,12,5,0,0,0,0,0,0,0,0,10.33,8.71,9.51,10.31,94.62,0,72.19,1.12,11.62,2.16,11.68
2022,8,12,6,0.4,0.43,0.73,45.45,48.67,5.39,0.02,0.1,12.36,10.46,11.4,11.66,93.38,0,72.21,1.22,15.64,2.12,13.83
2022,8,12,7,1.22,1.29,1.75,142.62,153.23,18.65,0.24,1.2,15.96,10.97,13.46,11.96,76,0,72.25,1.18,12.65,1.63,11.63
2022,8,12,8,2.04,2.15,2.71,244.8,257.9,34.62,0.78,3.9,18.37,11.11,14.73,12.15,66.19,0,72.3,0.63,225,0.81,226.95
2022,8,12,9,2.73,2.9,3.53,332.1,348,48.81,1.48,7.7,19.26,12.02,15.64,12.94,66.94,0,72.35,2.14,209.56,2.75,210.13
2022,8,12,10,3.21,3.47,4.15,393.42,416.12,59.17,2.11,10.95,19.62,13.15,16.39,13.92,70.31,0,72.37,2.93,208.82,3.77,209.17
2022,8,12,11,3.46,3.8,4.52,431.45,457.08,65.09,2.52,13.4,19.77,14.01,16.89,14.65,73.06,0.01,72.36,3.43,207.97,4.41,208.11
2022,8,12,12,3.29,3.84,4.63,419.83,465.25,63.32,2.5,13.42,19.81,14.47,17.14,14.95,74.44,0.01,72.31,3.7,206.57,4.78,206.73
2022,8,12,13,2.97,3.69,4.46,377.75,446.25,57.04,2.19,11.33,19.72,14.7,17.21,15.08,75.5,0.02,72.26,3.89,205.84,5.02,206.01
2022,8,12,14,2.44,3.27,4.02,306.88,397.1,46.52,1.6,8.3,19.01,14.82,16.91,15.14,79.19,0.02,72.21,3.79,206.14,4.93,206.36
2022,8,12,15,1.7,2.64,3.36,214.62,321.25,31.85,0.91,4.7,18.36,14.87,16.62,15.2,82.62,0.02,72.18,3.55,206.28,4.63,206.44
2022,8,12,16,1.1,1.85,2.5,137.12,224.4,20.02,0.42,2.1,17.57,14.84,16.21,15.14,86.62,0.02,72.17,3.25,207.06,4.28,207.17
2022,8,12,17,0.6,0.98,1.51,70.48,116.25,9.08,0.09,0.48,16.62,14.8,15.7,15.08,91.75,0.02,72.19,2.71,210.34,3.6,210.41
2022,8,12,18,0.18,0.2,0.46,19.75,21.67,2.6,0.01,0.02,15.52,14.85,15.19,15.14,98.56,0.04,72.23,1.87,215.29,2.59,215.56
2022,8,12,19,0,0,0,0,0,0,0,0,14.95,14.85,14.9,15.08,100,0.05,72.27,1.05,215.34,1.65,217.52
2022,8,12,20,0,0,0,0,0,0,0,0,14.72,14.8,14.76,15.01,100,0.05,72.32,0.89,218.97,1.55,220.51
2022,8,12,21,0,0,0,0,0,0,0,0,14.43,14.64,14.54,14.83,100,0.04,72.35,0.79,219.01,1.5,220.15
2022,8,12,22,0,0,0,0,0,0,0,0,14.15,14.42,14.28,14.59,100,0.04,72.37,0.71,219.64,1.46,220.67
2022,8,12,23,0,0,0,0,0,0,0,0,13.8,14.1,13.95,14.34,100,0.03,72.37,0.65,222.55,1.41,223.88
2022,8,13,0,0,0,0,0,0,0,0,0,13.51,13.74,13.62,13.98,100,0.01,72.34,0.59,226.08,1.24,228.58
2022,8,13,1,0,0,0,0,0,0,0,0,13.37,13.4,13.38,13.73,100,0.01,72.31,0.44,230.06,0.92,234.01
2022,8,13,2,0,0,0,0,0,0,0,0,13.2,13.13,13.16,13.49,100,0.01,72.27,0.2,249.44,0.48,255.74
2022,8,13,3,0,0,0,0,0,0,0,0,13.03,12.8,12.91,13.24,100,0.01,72.23,0.16,354.56,0.36,343.54
2022,8,13,4,0,0,0,0,0,0,0,0,12.83,12.53,12.68,13,100,0.02,72.2,0.36,16.46,0.73,11.67
2022,8,13,5,0,0,0,0,0,0,0,0,12.59,12.14,12.37,12.7,100,0.03,72.18,0.53,19.77,1.08,17.26
2022,8,13,6,0.31,0.34,0.72,34.08,37.45,4.41,0.02,0.08,13.75,12.74,13.24,13.24,96.81,0.04,72.19,0.6,31.61,1.04,26.18
2022,8,13,7,1.15,1.15,1.75,132.02,134.75,16.84,0.21,1.02,15.92,12.93,14.42,13.37,85.12,0.05,72.22,0.11,355.91,0.17,351.87
2022,8,13,8,1.91,2.03,2.71,228.58,243.15,31.79,0.69,3.42,17.6,13.32,15.46,13.79,78.88,0.04,72.27,1.6,212.21,2.02,212.83
2022,8,13,9,2.5,2.79,3.53,306.55,337.08,44.7,1.32,6.95,18.15,13.9,16.03,14.34,79.19,0.02,72.31,2.33,212.15,2.99,212.61
2022,8,13,10,2.95,3.37,4.14,367.12,407.95,54.48,1.91,9.65,18.23,14.27,16.25,14.65,80.69,0.01,72.32,2.76,213.24,3.57,213.66
2022,8,13,11,3.18,3.71,4.52,400.98,450.67,60.83,2.31,11.92,18.27,14.47,16.37,14.83,81.44,0.01,72.3,3.07,213.81,3.99,214.06
2022,8,13,12,2.44,3.72,4.62,316.25,450.75,47.62,1.83,9.62,18.27,14.6,16.44,14.95,82.06,0.02,72.27,3.27,213.69,4.26,213.86
2022,8,13,13,2.02,3.56,4.45,263.4,430.98,39.91,1.49,7.55,18.17,14.83,16.51,15.14,83.62,0.02,72.22,3.43,215.64,4.5,215.95
2022,8,13,14,1.65,3.13,4.02,212.55,378.3,31.93,1.09,5.52,17.64,15.01,16.32,15.32,87.19,0.03,72.17,3.48,219.99,4.61,220.25
2022,8,13,15,1.23,2.49,3.35,155.9,298.25,22.81,0.64,3.27,17.01,15.05,16.03,15.32,90.81,0.04,72.11,3.59,224.56,4.86,224.74
2022,8,13,16,0.84,1.7,2.49,101.83,200.65,14.43,0.29,1.45,16.23,14.97,15.6,15.32,95.12,0.05,72.07,3.41,224.81,4.71,224.73
2022,8,13,17,0.39,0.84,1.5,44.42,95.95,6.15,0.07,0.33,15.66,14.92,15.29,15.26,98.56,0.07,72.08,3.17,217.38,4.41,217.3
2022,8,13,18,0.1,0.16,0.45,10.83,17.7,1.6,0.01,0.02,15.06,14.89,14.98,15.26,100,0.16,72.16,2.3,208.13,3.38,208.17
2022,8,13,19,0,0,0,0,0,0,0,0,14.15,14.44,14.3,14.83,100,0.23,72.25,1.41,206.71,2.34,206.82
2022,8,13,20,0,0,0,0,0,0,0,0,13.95,14.13,14.05,14.53,100,0.32,72.32,1.31,210.85,2.22,210
2022,8,13,21,0,0,0,0,0,0,0,0,13.69,13.78,13.73,14.22,100,0.41,72.42,1.1,208.02,1.91,207.3
2022,8,13,22,0,0,0,0,0,0,0,0,13.37,13.2,13.29,13.73,100,0.42,72.46,0.8,214.62,1.26,214.67
2022,8,13,23,0,0,0,0,0,0,0,0,12.86,12.24,12.55,12.94,100,0.46,72.42,0.26,288.97,0.59,333.43
2022,8,14,0,0,0,0,0,0,0,0,0,12.51,11.37,11.94,12.15,96.81,0.52,72.3,0.65,6.87,1.6,8.68
2022,8,14,1,0,0,0,0,0,0,0,0,12.66,10.7,11.68,11.6,91.38,0.47,72.19,0.83,24.4,1.85,22.12
2022,8,14,2,0,0,0,0,0,0,0,0,13.4,10.19,11.8,11.17,83.81,0.27,72.26,0.53,80.68,0.96,74.83
2022,8,14,3,0,0,0,0,0,0,0,0,12.65,10.52,11.58,11.41,90.25,0.21,72.36,0.79,184.53,1.32,184.4
2022,8,14,4,0,0,0,0,0,0,0,0,11.96,10.95,11.46,11.78,97.44,0.42,72.36,0.48,222.34,0.87,234.16
2022,8,14,5,0,0,0,0,0,0,0,0,11.7,11.08,11.39,11.9,100,0.53,72.35,0.29,280.71,0.66,295.35
2022,8,14,6,0.09,0.3,0.71,11.75,33.77,1.8,0.01,0.02,12.33,11.69,12.01,12.45,100,0.69,72.4,0.52,259.54,0.72,274.35
2022,8,14,7,0.35,1.11,1.74,44.95,129.48,7.03,0.1,0.5,13.42,12.1,12.76,12.7,95.38,0.57,72.44,0.96,247.59,1.2,249.44
2022,8,14,8,0.32,1.99,2.7,45.6,240.1,7.48,0.17,0.85,14.62,12,13.3,12.51,86.88,0.5,72.49,1.58,217.95,1.99,217.99
2022,8,14,9,0.45,2.77,3.52,67.5,337.65,11.2,0.33,1.77,15.84,12.3,14.07,12.76,81.88,0.44,72.51,1.97,210.85,2.48,211.09
2022,8,14,10,0.94,3.36,4.14,133.92,410.5,21.89,0.77,3.88,17.19,12.74,14.97,13.12,77.31,0.41,72.5,2.49,212.94,3.14,213.33
2022,8,14,11,1.7,3.71,4.51,228.6,454.23,36.48,1.4,7.08,18.09,13.23,15.66,13.55,75.5,0.37,72.46,3.09,214.29,3.94,214.57
2022,8,14,12,1.8,3.79,4.62,253.33,466.27,40.97,1.6,8.27,18.54,13.71,16.12,14.04,75.75,0.3,72.41,3.52,215.52,4.52,215.78
2022,8,14,13,1.12,3.64,4.45,164.42,447.85,27.19,1.02,5.1,18.44,14.02,16.23,14.28,77.62,0.21,72.36,3.79,215.78,4.91,215.99
2022,8,14,14,1.05,3.24,4.01,148.67,399.45,24.15,0.83,4.2,18.04,14.22,16.12,14.47,80.5,0.15,72.31,3.89,216.02,5.06,216.14
2022,8,14,15,1.05,2.63,3.34,145.4,324.65,23.25,0.68,3.55,17.33,14.23,15.78,14.47,84.31,0.17,72.27,3.95,215.74,5.19,215.82
2022,8,14,16,0.79,1.86,2.48,103.25,229.42,16.22,0.35,1.75,16.39,14.15,15.27,14.47,89.19,0.27,72.27,3.8,215.39,5.07,215.48
2022,8,14,17,0.45,0.99,1.49,55.45,120.7,8.2,0.09,0.45,15.2,13.93,14.57,14.28,95.38,0.48,72.29,3.06,214.5,4.13,214.68
2022,8,14,18,0.14,0.19,0.44,15.7,21.48,2.31,0.01,0.05,14.45,13.9,14.17,14.28,100,0.62,72.33,2.23,216.15,3.12,216.44
2022,8,14,19,0,0,0,0,0,0,0,0,14.01,13.8,13.9,14.22,100,0.96,72.39,1.47,221.13,2.2,220.98
2022,8,14,20,0,0,0,0,0,0,0,0,13.73,13.61,13.67,14.04,100,1.13,72.45,1.39,223.64,2.12,223.21
2022,8,14,21,0,0,0,0,0,0,0,0,13.33,13.24,13.28,13.67,100,1,72.49,1.17,227.16,1.8,226.23
2022,8,14,22,0,0,0,0,0,0,0,0,12.69,12.65,12.67,13.12,100,0.82,72.5,0.9,229.56,1.48,228.22
2022,8,14,23,0,0,0,0,0,0,0,0,12.22,12.15,12.19,12.7,100,0.54,72.5,0.71,237.53,1.19,237.56
2022,8,15,0,0,0,0,0,0,0,0,0,11.85,11.73,11.79,12.33,100,0.22,72.47,0.55,254.39,0.98,257.52
2022,8,15,1,0,0,0,0,0,0,0,0,11.57,11.39,11.48,12.08,100,0.06,72.44,0.48,271.85,0.92,276.82
2022,8,15,2,0,0,0,0,0,0,0,0,11.37,11.16,11.27,11.9,100,0.02,72.42,0.42,286.09,0.85,288.27
2022,8,15,3,0,0,0,0,0,0,0,0,11.26,10.98,11.12,11.72,100,0.01,72.39,0.43,309.81,0.82,311.13
2022,8,15,4,0,0,0,0,0,0,0,0,11.13,10.69,10.91,11.47,100,0,72.38,0.56,346.35,1.04,346.49
2022,8,15,5,0,0,0,0,0,0,0,0,10.94,10.12,10.53,11.05,97.88,0,72.38,0.77,10.51,1.35,9.3
2022,8,15,6,0.23,0.38,0.7,26.85,42.98,3.62,0.02,0.08,12.57,11.1,11.83,11.9,94.38,0,72.43,0.73,24.65,1.21,21.94
2022,8,15,7,0.87,1.23,1.73,106.08,147.17,15.15,0.2,0.98,15.36,11.67,13.51,12.33,81.81,0,72.48,0.44,154.8,0.53,155.7
2022,8,15,8,1.58,2.09,2.7,196.12,253.85,28.86,0.66,3.27,16.48,12.15,14.31,12.76,78.88,0,72.53,1.91,186.81,2.45,186.78
2022,8,15,9,2.07,2.84,3.52,262.42,345.45,39.6,1.2,6.27,17.33,12.78,15.06,13.31,77.94,0,72.57,2.67,186.04,3.43,186.02
2022,8,15,10,2.3,3.42,4.14,295.65,415.2,46,1.62,8.2,17.99,13.33,15.66,13.79,77.25,0.01,72.6,3.27,187.28,4.21,187.47
2022,8,15,11,2.27,3.76,4.51,300.25,456.65,47.24,1.83,9.3,18.26,13.81,16.04,14.16,77.94,0.02,72.59,3.64,188.9,4.68,188.93
2022,8,15,12,2.25,3.81,4.61,301.08,464.23,47.16,1.85,9.65,18.4,14.14,16.26,14.4,78.62,0.03,72.57,3.87,189.41,4.99,189.37
2022,8,15,13,1.95,3.67,4.44,262.08,445.65,41.24,1.56,7.95,18.41,14.23,16.32,14.47,78.94,0.04,72.54,4.05,190.01,5.23,189.88
2022,8,15,14,1.37,3.27,4,180.2,398,28.36,0.98,5,18.12,14.15,16.14,14.4,79.94,0.04,72.51,4.06,190.88,5.26,190.78
2022,8,15,15,1.2,2.66,3.33,157.75,324.75,24.74,0.72,3.73,17.58,13.94,15.76,14.16,81.56,0.04,72.5,3.82,191.08,4.97,190.97
2022,8,15,16,0.89,1.87,2.47,111.4,227.6,16.62,0.34,1.7,16.76,13.65,15.2,13.92,84.31,0.04,72.5,3.37,191.65,4.38,191.41
2022,8,15,17,0.44,1,1.47,51.98,119.7,7.34,0.08,0.38,15.68,13.38,14.53,13.73,88.94,0.03,72.51,2.62,194.16,3.43,193.97
2022,8,15,18,0.13,0.19,0.42,14.12,21.52,2.06,0.01,0.02,14.25,13.28,13.76,13.61,97.06,0.03,72.53,1.49,202.14,2.05,201.68
2022,8,15,19,0,0,0,0,0,0,0,0,13.53,13.24,13.39,13.55,100,0.02,72.56,0.73,212.33,1.06,212.05
2022,8,15,20,0,0,0,0,0,0,0,0,13.27,13.12,13.19,13.49,100,0.02,72.61,0.43,222.77,0.63,225
2022,8,15,21,0,0,0,0,0,0,0,0,12.81,12.73,12.77,13.18,100,0.01,72.65,0.23,260.22,0.36,270
2022,8,15,22,0,0,0,0,0,0,0,0,12.39,12.35,12.37,12.88,100,0.01,72.66,0.23,309.56,0.41,318.09
2022,8,15,23,0,0,0,0,0,0,0,0,11.94,11.98,11.96,12.57,100,0.01,72.65,0.3,343.44,0.59,349.29
2022,8,16,0,0,0,0,0,0,0,0,0,11.46,11.55,11.5,12.21,100,0,72.62,0.38,358.83,0.81,3.3
2022,8,16,1,0,0,0,0,0,0,0,0,10.96,11.01,10.99,11.84,100,0,72.58,0.48,14.04,1.08,14.64
2022,8,16,2,0,0,0,0,0,0,0,0,10.56,10.34,10.45,11.29,100,0,72.54,0.65,25.02,1.37,22.9
2022,8,16,3,0,0,0,0,0,0,0,0,10.3,9.55,9.92,10.74,99.25,0,72.51,0.83,25.6,1.58,24.28
2022,8,16,4,0,0,0,0,0,0,0,0,10.42,8.82,9.62,10.19,93.62,0,72.49,0.92,23.07,1.61,22.21
2022,8,16,5,0,0,0,0,0,0,0,0,10.54,8.16,9.35,9.77,88.62,0,72.5,0.93,20.11,1.57,19.42
2022,8,16,6,0.36,0.37,0.69,41.23,41.55,4.94,0.02,0.08,12.11,9.49,10.8,10.74,87.94,0,72.53,0.78,18.8,1.32,17.58
2022,8,16,7,1.15,1.18,1.73,133.65,140.25,17.19,0.21,1.05,14.92,10.3,12.61,11.35,77.69,0,72.57,0.64,309.09,0.84,310.49
2022,8,16,8,1.97,2.04,2.69,236.85,245.62,33.18,0.73,3.6,16.55,10.95,13.76,11.96,73.62,0,72.61,1.85,239.53,2.33,239.99
2022,8,16,9,2.64,2.78,3.51,321.7,336.3,46.92,1.38,7.1,17.61,11.73,14.67,12.57,72.44,0,72.64,2.57,226.36,3.26,226.55
2022,8,16,10,3.02,3.35,4.13,374.23,405.1,56.1,1.96,10.17,18.3,12.51,15.4,13.18,72.75,0,72.65,3.17,220.4,4.03,220.44
2022,8,16,11,3.21,3.69,4.5,400.75,446.73,61.06,2.32,12.33,18.61,13.24,15.93,13.79,74.31,0,72.62,3.51,218.5,4.48,218.55
2022,8,16,12,3.05,3.83,4.61,390.88,468.55,61.04,2.4,12.83,18.65,13.76,16.21,14.16,76.19,0,72.56,3.59,219.34,4.56,219.37
2022,8,16,13,3.02,3.68,4.43,386.12,448.73,59.49,2.27,11.73,18.57,14.12,16.34,14.47,78,0,72.5,3.46,220.42,4.39,220.46
2022,8,16,14,2.52,3.27,3.99,320.7,399.05,49.31,1.71,8.83,18.4,14.24,16.32,14.53,79.25,0.01,72.43,3.23,221.56,4.11,221.61
2022,8,16,15,1.85,2.65,3.32,234.27,322.4,35.78,1.03,5.33,18.05,14.13,16.09,14.4,80.38,0.01,72.39,2.93,223.7,3.73,223.73
2022,8,16,16,1.25,1.84,2.45,153.95,223.05,22.62,0.46,2.27,17.43,13.95,15.69,14.28,82.56,0.01,72.36,2.64,226.8,3.39,226.68
2022,8,16,17,0.64,0.95,1.46,73.7,112.4,9.59,0.09,0.48,16.4,13.85,15.12,14.16,87.56,0.01,72.36,2.29,229.29,3,229.43
2022,8,16,18,0.17,0.16,0.41,17.48,17.48,2.38,0.01,0.02,14.86,13.94,14.4,14.22,97.25,0.03,72.38,1.49,230.12,2.1,230.14
2022,8,16,19,0,0,0,0,0,0,0,0,13.97,13.94,13.96,14.22,100,0.03,72.41,0.75,227.53,1.34,229.25
2022,8,16,20,0,0,0,0,0,0,0,0,13.72,13.76,13.74,14.04,100,0.02,72.46,0.64,229.93,1.2,230.53
2022,8,16,21,0,0,0,0,0,0,0,0,13.48,13.54,13.51,13.85,100,0.02,72.49,0.63,235.12,1.2,234.03
2022,8,16,22,0,0,0,0,0,0,0,0,13.25,13.33,13.29,13.67,100,0.02,72.5,0.62,239.9,1.19,238.19
2022,8,16,23,0,0,0,0,0,0,0,0,13.06,13.15,13.1,13.55,100,0.02,72.49,0.6,245.43,1.14,243.08
2022,8,17,0,0,0,0,0,0,0,0,0,12.89,12.99,12.94,13.43,100,0.02,72.46,0.58,247.2,1.11,244.52
2022,8,17,1,0,0,0,0,0,0,0,0,12.71,12.8,12.76,13.24,100,0.01,72.43,0.6,250.85,1.1,248.35
2022,8,17,2,0,0,0,0,0,0,0,0,12.59,12.65,12.62,13.12,100,0.01,72.38,0.55,258.53,0.99,254.98
2022,8,17,3,0,0,0,0,0,0,0,0,12.49,12.46,12.48,13,100,0.01,72.33,0.48,270.94,0.85,266.82
2022,8,17,4,0,0,0,0,0,0,0,0,12.32,12.26,12.29,12.82,100,0.01,72.3,0.45,284.04,0.79,279.65
2022,8,17,5,0,0,0,0,0,0,0,0,12.2,12.05,12.12,12.63,100,0.01,72.31,0.33,288,0.56,280.38
2022,8,17,6,0.27,0.3,0.68,31.1,33.73,4.25,0.02,0.08,13.1,12.49,12.8,13.06,99.94,0.01,72.39,0.06,39.81,0.03,33.69
2022,8,17,7,1.01,1.12,1.72,117.67,131.17,15.57,0.2,0.95,14.99,12.83,13.91,13.37,90.62,0.01,72.45,0.46,254.05,0.6,254.88
2022,8,17,8,1.81,2,2.69,218.73,241.98,30.98,0.68,3.35,16.83,13.2,15.01,13.73,82.75,0.01,72.48,1.68,222.74,2.14,223.82
2022,8,17,9,2.44,2.76,3.51,301.25,336.2,44.55,1.32,6.8,17.98,13.72,15.85,14.16,79.5,0.02,72.51,2.72,217.07,3.49,217.36
2022,8,17,10,2.63,3.34,4.13,331.38,407.65,50.95,1.8,9.27,18.55,14.15,16.34,14.53,78.56,0.02,72.5,3.37,215.86,4.34,216.15
2022,8,17,11,2.83,3.7,4.5,363.05,450.33,56.34,2.18,11.33,18.69,14.47,16.58,14.77,79.06,0.04,72.47,3.79,215.85,4.91,216.2
2022,8,17,12,2.65,3.73,4.6,342.1,453.15,53.27,2.08,10.95,18.52,14.6,16.56,14.83,80.31,0.09,72.43,3.92,216,5.1,216.15
2022,8,17,13,2.37,3.57,4.43,308.65,433.98,47.95,1.8,9.3,18.05,14.58,16.31,14.83,82.5,0.12,72.36,3.83,216.71,5.01,216.89
2022,8,17,14,1.97,3.12,3.99,251.4,381.98,38.9,1.33,6.83,17.46,14.53,15.99,14.77,85.25,0.14,72.31,3.48,217.62,4.56,217.83
2022,8,17,15,1.73,2.51,3.31,222,306.48,34.13,0.97,5.08,16.83,14.49,15.66,14.71,88.25,0.15,72.27,3.08,222.12,4.04,222.26
2022,8,17,16,1.03,1.73,2.44,130.12,209.23,19.9,0.41,2.02,16.13,14.51,15.32,14.71,92.25,0.16,72.25,2.61,229.01,3.45,229.13
2022,8,17,17,0.52,0.88,1.44,62.35,103.7,9.17,0.09,0.48,15.57,14.53,15.05,14.71,95.75,0.16,72.24,2.15,235.79,2.89,235.92
2022,8,17,18,0.11,0.15,0.4,12.08,16.65,1.82,0.01,0.02,14.99,14.56,14.78,14.77,99.5,0.2,72.24,1.53,235.82,2.16,236.2
2022,8,17,19,0,0,0,0,0,0,0,0,14.55,14.47,14.51,14.65,100,0.19,72.26,0.92,228.77,1.53,229.97
2022,8,17,20,0,0,0,0,0,0,0,0,14.31,14.35,14.33,14.53,100,0.18,72.3,0.78,224.19,1.44,226.54
2022,8,17,21,0,0,0,0,0,0,0,0,14.06,14.15,14.11,14.34,100,0.18,72.34,0.67,219.29,1.33,222.86
2022,8,17,22,0,0,0,0,0,0,0,0,13.87,13.95,13.91,14.16,100,0.18,72.34,0.62,219.9,1.27,224
2022,8,17,23,0,0,0,0,0,0,0,0,13.75,13.74,13.75,14.04,100,0.17,72.33,0.6,217.02,1.16,221.73
2022,8,18,0,0,0,0,0,0,0,0,0,13.48,13.37,13.43,13.73,100,0.16,72.29,0.48,207.41,0.84,213.99
2022,8,18,1,0,0,0,0,0,0,0,0,13.09,12.88,12.98,13.43,100,0.14,72.25,0.23,176.05,0.37,191.07
2022,8,18,2,0,0,0,0,0,0,0,0,12.87,12.6,12.73,13.18,100,0.1,72.21,0.21,173.66,0.33,192.38
2022,8,18,3,0,0,0,0,0,0,0,0,12.76,12.43,12.59,13.06,100,0.06,72.2,0.32,195.75,0.57,203.4
2022,8,18,4,0,0,0,0,0,0,0,0,12.69,12.4,12.55,13,100,0.03,72.22,0.45,201.25,0.84,202.29
2022,8,18,5,0,0,0,0,0,0,0,0,12.55,12.34,12.44,12.94,100,0.02,72.26,0.5,202.14,0.97,202.66
2022,8,18,6,0.25,0.33,0.67,29.83,38.02,4.11,0.02,0.08,13.08,12.69,12.88,13.31,100,0.02,72.31,0.59,196.26,0.99,199.29
2022,8,18,7,0.91,1.16,1.71,110.45,141.27,15.11,0.19,0.92,13.87,13.07,13.47,13.73,99.81,0.01,72.37,0.73,203.28,0.99,204.74
2022,8,18,8,1.54,2.01,2.68,190.95,246.88,27.88,0.62,3.08,14.53,13.13,13.83,13.73,95.69,0.02,72.44,1.01,213.32,1.32,213.88
2022,8,18,9,2.23,2.76,3.5,281.12,338.42,42.13,1.25,6.42,15.18,12.54,13.86,13.12,87.88,0.02,72.48,0.56,234.09,0.72,232.51
2022,8,18,10,2.8,3.33,4.12,354.75,409.08,53.92,1.9,9.73,16.59,12.22,14.4,12.82,78.25,0.04,72.46,0.68,247.83,0.87,246.19
2022,8,18,11,3.04,3.67,4.5,388.35,450.8,60.05,2.28,11.9,17.99,12.13,15.06,12.7,71.06,0.07,72.41,1.38,235.86,1.75,235.18
2022,8,18,12,2.61,3.68,4.6,338.4,451.62,52.16,2.01,10.65,19.05,12.48,15.76,12.94,67.75,0.11,72.33,2.46,226.16,3.13,226.21
2022,8,18,13,1.96,3.5,4.42,257.42,427.6,40.18,1.49,7.67,19.36,12.91,16.14,13.31,68.31,0.17,72.25,3.01,223.42,3.85,223.52
2022,8,18,14,1.67,3.05,3.98,214.7,370.42,32.52,1.09,5.58,19.14,13.4,16.27,13.79,71.44,0.21,72.19,3.14,219.55,4.02,219.72
2022,8,18,15,1.18,2.39,3.3,150.5,287.83,22.41,0.62,3.2,18.38,13.76,16.07,14.1,76.81,0.27,72.16,3.06,218.27,3.95,218.41
2022,8,18,16,0.91,1.61,2.43,111.65,191.98,16.34,0.32,1.6,17.37,14.02,15.69,14.4,83.5,0.31,72.16,2.68,220.98,3.46,221.06
2022,8,18,17,0.4,0.76,1.43,47.6,87,7.16,0.07,0.35,16.26,14.11,15.19,14.53,90.19,0.35,72.18,2.03,226.87,2.64,226.8
2022,8,18,18,0.1,0.12,0.38,10.73,13.75,1.59,0.01,0.02,14.9,14.1,14.5,14.53,98.5,0.49,72.21,1.04,228.98,1.45,230.04
2022,8,18,19,0,0,0,0,0,0,0,0,14.26,13.94,14.11,14.34,100,0.46,72.26,0.41,238.11,0.61,242.45
2022,8,18,20,0,0,0,0,0,0,0,0,13.86,13.62,13.74,14.04,100,0.41,72.3,0.21,294.62,0.38,305.68
2022,8,18,21,0,0,0,0,0,0,0,0,13.25,13.01,13.13,13.49,100,0.32,72.33,0.25,335.85,0.57,344.81
2022,8,18,22,0,0,0,0,0,0,0,0,12.9,12.34,12.62,12.88,99.94,0.26,72.34,0.4,355.52,0.79,358.3
2022,8,18,23,0,0,0,0,0,0,0,0,12.89,11.73,12.31,12.39,96.12,0.26,72.33,0.53,355.79,0.92,355.64
2022,8,19,0,0,0,0,0,0,0,0,0,12.96,11.23,12.09,11.96,92.56,0.36,72.3,0.57,5.48,0.94,5.24
2022,8,19,1,0,0,0,0,0,0,0,0,13.05,10.8,11.92,11.66,89.31,0.48,72.26,0.52,14.66,0.8,12.95
2022,8,19,2,0,0,0,0,0,0,0,0,12.88,10.42,11.65,11.35,88.12,0.59,72.24,0.52,29.64,0.81,29.27
2022,8,19,3,0,0,0,0,0,0,0,0,12.58,10.08,11.33,11.11,87.75,0.55,72.23,0.7,35.46,1.17,36.03
2022,8,19,4,0,0,0,0,0,0,0,0,12.47,9.62,11.04,10.74,85.75,0.35,72.19,0.89,27.69,1.51,27.36
2022,8,19,5,0,0,0,0,0,0,0,0,12.58,9.19,10.88,10.44,82.69,0.19,72.17,0.92,21.53,1.56,21.43
2022,8,19,6,0.1,0.3,0.66,12.25,32.88,1.9,0.01,0.02,13.19,9.98,11.59,11.05,84,0.08,72.16,0.91,12.96,1.56,10.69
2022,8,19,7,0.46,1.1,1.71,58.12,130.25,9.09,0.12,0.6,15.74,11.2,13.47,12.08,77.75,0.05,72.14,0.94,336.61,1.4,334.15
2022,8,19,8,0.89,1.97,2.68,115.5,237.9,18.41,0.43,2.15,18.01,11.48,14.74,12.33,68.81,0.04,72.22,1.44,217.93,1.98,219.4
2022,8,19,9,1.54,2.74,3.5,195.25,333.02,30.9,0.94,4.98,18.3,12.78,15.55,13.37,73.25,0.07,72.32,3.35,208.3,4.41,208.7
2022,8,19,10,2.05,3.32,4.12,265,404.2,42.43,1.51,7.62,18.32,13.7,16.01,14.16,77.31,0.14,72.32,3.7,213.56,4.84,213.82
2022,8,19,11,2.21,3.65,4.49,290.85,444.45,45.91,1.77,9.02,18.09,14.15,16.12,14.47,80.25,0.25,72.33,4.21,208.47,5.56,208.73
2022,8,19,12,2.27,3.75,4.59,303.23,460.08,48.38,1.9,9.83,17.14,14.33,15.73,14.59,85.81,0.45,72.31,4.25,209.48,5.68,209.71
2022,8,19,13,2.25,3.61,4.41,294.45,440.75,46.88,1.77,8.98,16.48,14.43,15.45,14.65,89.94,0.56,72.27,4.24,210.11,5.7,210.22
2022,8,19,14,1.81,3.21,3.97,236,391.98,38.17,1.32,6.83,16.08,14.48,15.29,14.65,92.38,0.65,72.25,4.28,211.11,5.79,211.2
2022,8,19,15,1.26,2.56,3.29,164.48,312.08,26.65,0.77,3.95,15.71,14.41,15.06,14.59,93.94,0.68,72.24,4.2,212.15,5.69,212.16
2022,8,19,16,0.91,1.74,2.42,114.73,210.2,17.96,0.37,1.83,15.27,14.14,14.7,14.34,94.94,0.72,72.25,3.79,212.38,5.13,212.38
2022,8,19,17,0.41,0.87,1.42,50.45,101.5,7.7,0.08,0.38,14.71,13.8,14.26,14.04,96.5,0.82,72.28,3.18,212.24,4.3,212.25
2022,8,19,18,0.1,0.13,0.37,11,14.7,1.68,0.01,0.02,13.96,13.61,13.78,13.92,100,0.48,72.33,2.2,209.85,3.1,209.28
2022,8,19,19,0,0,0,0,0,0,0,0,13.4,13.31,13.35,13.67,100,0.57,72.42,1.66,203.06,2.52,200.29
2022,8,19,20,0,0,0,0,0,0,0,0,13.23,13.01,13.12,13.43,100,0.65,72.52,1.42,199.23,2.06,194.3
2022,8,19,21,0,0,0,0,0,0,0,0,12.97,12.48,12.73,13,100,0.79,72.59,0.98,193.37,1.25,185
2022,8,19,22,0,0,0,0,0,0,0,0,12.78,11.98,12.38,12.57,98.62,1.08,72.61,0.62,178.55,0.83,167.01
2022,8,19,23,0,0,0,0,0,0,0,0,12.22,11.43,11.83,12.08,98.5,1.44,72.59,0.16,240.95,0.12,266.19
2022,8,20,0,0,0,0,0,0,0,0,0,12.02,10.93,11.48,11.72,96.44,1.58,72.52,0.36,298.81,0.56,313.88
2022,8,20,1,0,0,0,0,0,0,0,0,11.99,10.55,11.27,11.41,94.19,1.39,72.47,0.41,315,0.64,323.97
2022,8,20,2,0,0,0,0,0,0,0,0,11.89,10.24,11.07,11.17,92.75,1.01,72.43,0.53,334.57,0.87,336.67
2022,8,20,3,0,0,0,0,0,0,0,0,11.91,9.87,10.89,10.86,90.19,0.63,72.39,0.59,341.32,0.95,341.27
2022,8,20,4,0,0,0,0,0,0,0,0,11.87,9.47,10.66,10.62,88.06,0.27,72.37,0.57,349.77,0.9,349.47
2022,8,20,5,0,0,0,0,0,0,0,0,11.61,9.01,10.31,10.25,86.81,0.1,72.39,0.48,357.23,0.76,357.64
2022,8,20,6,0.18,0.3,0.65,20.83,34.12,2.87,0.01,0.05,12.39,9.87,11.13,10.93,88.06,0.07,72.43,0.45,8.97,0.69,5.84
2022,8,20,7,0.62,1.12,1.7,72.38,132.5,11.09,0.15,0.73,14.8,10.58,12.69,11.47,78.81,0.12,72.47,0.35,251.97,0.48,256.87
2022,8,20,8,1.33,1.99,2.67,163.2,239.55,25.12,0.58,2.9,16.19,10.81,13.5,11.6,72.81,0.29,72.48,1.53,227.27,1.95,227.28
2022,8,20,9,1.93,2.72,3.49,244.6,328.38,36.95,1.12,5.92,17.49,11.51,14.5,12.15,70.25,0.39,72.48,2.11,226.05,2.67,225.95
2022,8,20,10,2.27,3.32,4.11,286.9,402.5,45.07,1.61,8.15,18.45,12.32,15.38,12.82,69.88,0.37,72.46,2.88,217.83,3.69,217.86
2022,8,20,11,2.54,3.67,4.49,326.4,443.9,51.59,1.98,10.08,18.57,13.14,15.85,13.55,73.19,0.32,72.44,3.62,210.5,4.68,210.59
2022,8,20,12,2.31,3.8,4.59,305.92,463.85,49.73,1.96,10.1,18.27,13.65,15.96,13.98,76.94,0.31,72.4,3.88,208.01,5.02,208.12
2022,8,20,13,1.93,3.64,4.41,257.75,443.08,42.34,1.61,8.15,18.15,13.96,16.06,14.28,79.06,0.36,72.34,4.06,204.2,5.29,204.25
2022,8,20,14,1.27,3.21,3.96,172.83,390.3,28.86,1,5.15,17.6,14.19,15.9,14.47,82.94,0.42,72.29,4.23,200.78,5.56,200.83
2022,8,20,15,1.13,2.53,3.28,149.52,306.3,24,0.69,3.55,17.02,14.32,15.67,14.59,86.69,0.43,72.25,4.21,199.07,5.61,199.02
2022,8,20,16,0.85,1.72,2.4,105.45,205.98,16.37,0.34,1.65,16.45,14.43,15.44,14.71,90.5,0.37,72.22,3.86,199.76,5.19,199.69
2022,8,20,17,0.39,0.85,1.4,46.95,98.67,7.08,0.07,0.35,15.71,14.48,15.1,14.77,95.06,0.33,72.2,3.2,202.37,4.34,202.41
2022,8,20,18,0.09,0.13,0.35,9.92,14.38,1.52,0.01,0.02,14.85,14.44,14.65,14.71,100,0.23,72.2,2.05,206.76,2.91,207.18
2022,8,20,19,0,0,0,0,0,0,0,0,14.26,14.26,14.26,14.59,100,0.22,72.21,1.17,205.36,1.88,209.01
2022,8,20,20,0,0,0,0,0,0,0,0,13.82,13.98,13.9,14.4,100,0.24,72.24,0.99,205.15,1.74,212.91
2022,8,20,21,0,0,0,0,0,0,0,0,13.46,13.69,13.58,14.16,100,0.36,72.28,0.97,207.8,1.74,216.77
2022,8,20,22,0,0,0,0,0,0,0,0,13.34,13.51,13.43,13.98,100,0.46,72.29,1.06,209.22,1.88,216.54
2022,8,20,23,0,0,0,0,0,0,0,0,13.15,13.33,13.24,13.73,100,0.55,72.3,1.03,212.6,1.87,217.69
2022,8,21,0,0,0,0,0,0,0,0,0,12.8,13,12.9,13.37,100,0.64,72.3,0.87,220.27,1.7,224.07
2022,8,21,1,0,0,0,0,0,0,0,0,12.48,12.72,12.6,13.12,100,0.69,72.28,0.76,227.49,1.57,230.67
2022,8,21,2,0,0,0,0,0,0,0,0,12.22,12.48,12.35,12.88,100,0.6,72.25,0.72,231.63,1.51,233.84
2022,8,21,3,0,0,0,0,0,0,0,0,12.03,12.22,12.12,12.7,100,0.38,72.23,0.68,234.85,1.38,236.76
2022,8,21,4,0,0,0,0,0,0,0,0,11.86,11.89,11.87,12.51,100,0.18,72.22,0.55,248.2,1.04,249.39
2022,8,21,5,0,0,0,0,0,0,0,0,11.84,11.63,11.73,12.33,100,0.06,72.22,0.38,273.58,0.69,277.13
2022,8,21,6,0.25,0.28,0.64,28.45,30.88,3.96,0.02,0.08,12.64,12.1,12.37,12.76,100,0,72.25,0.35,313.21,0.6,315.53
2022,8,21,7,0.99,1.09,1.69,112.17,125.98,14.88,0.19,0.92,14.29,12.54,13.41,13.18,93.19,0,72.31,0.56,272.39,0.71,273.77
2022,8,21,8,1.8,1.98,2.67,214.8,235.55,30.36,0.67,3.38,15.93,12.96,14.44,13.55,86.38,0,72.34,1.49,218.61,1.89,218.44
2022,8,21,9,2.31,2.76,3.49,283.67,330.7,42.16,1.27,6.73,16.94,13.33,15.14,13.92,82.94,0,72.36,2.39,206.98,3.06,207.02
2022,8,21,10,2.61,3.34,4.11,325.95,401.95,49.96,1.79,9.08,17.62,13.62,15.62,14.1,80.56,0,72.35,2.96,203.46,3.81,203.41
2022,8,21,11,2.71,3.68,4.48,346.5,444.02,53.55,2.08,10.73,18.06,13.94,16,14.28,79.5,0.01,72.32,3.41,202.22,4.4,202.24
2022,8,21,12,2.65,3.75,4.58,345.35,457.3,54,2.11,11.12,18.38,14.22,16.3,14.53,79.06,0.01,72.26,3.81,201.15,4.94,201.13
2022,8,21,13,2.41,3.58,4.4,310.62,434.9,48.27,1.83,9.42,18.42,14.35,16.39,14.65,79.38,0.02,72.2,4.14,200.56,5.4,200.59
2022,8,21,14,1.91,3.17,3.95,244.35,385.75,38.02,1.3,6.75,18,14.28,16.14,14.53,80.94,0.02,72.15,4.26,200.06,5.6,200
2022,8,21,15,1.5,2.53,3.27,189.27,306.7,28.62,0.81,4.17,17.26,14.14,15.7,14.34,83.75,0.02,72.13,4.22,199.71,5.57,199.68
2022,8,21,16,0.99,1.7,2.39,122,204.67,17.88,0.36,1.77,16.33,13.91,15.12,14.1,87.38,0.03,72.12,4,199.99,5.33,199.98
2022,8,21,17,0.55,0.85,1.38,65.1,99.23,8.98,0.09,0.42,15.2,13.55,14.37,13.79,91.88,0.03,72.15,3.38,201.28,4.54,201.18
2022,8,21,18,0.1,0.13,0.34,10.52,13.95,1.56,0.01,0.02,13.78,13.19,13.48,13.55,98.81,0.02,72.2,2.07,205.7,2.87,205.52
2022,8,21,19,0,0,0,0,0,0,0,0,13.07,12.85,12.96,13.31,100,0.02,72.26,1.07,212.76,1.53,212.47
2022,8,21,20,0,0,0,0,0,0,0,0,12.74,12.47,12.6,13,100,0.01,72.32,0.73,218.47,0.91,220.5
2022,8,21,21,0,0,0,0,0,0,0,0,12.13,11.83,11.98,12.45,100,0.01,72.35,0.23,236.31,0.24,309.81
2022,8,21,22,0,0,0,0,0,0,0,0,11.7,11.1,11.4,11.9,99.81,0.01,72.34,0.27,11.63,0.83,15.21
2022,8,21,23,0,0,0,0,0,0,0,0,11.76,10.44,11.1,11.35,95.19,0,72.32,0.46,0.97,0.9,3.98
2022,8,22,0,0,0,0,0,0,0,0,0,11.62,9.99,10.81,11.05,93.31,0,72.3,0.45,335.64,0.81,340.87
2022,8,22,1,0,0,0,0,0,0,0,0,11.33,9.57,10.44,10.8,92.75,0,72.26,0.43,344.2,0.75,347.41
2022,8,22,2,0,0,0,0,0,0,0,0,11.22,9.02,10.12,10.44,90.25,0,72.21,0.57,11.77,0.94,12.43
2022,8,22,3,0,0,0,0,0,0,0,0,11.18,8.36,9.77,10.01,86.69,0,72.18,0.78,23.73,1.25,23.67
2022,8,22,4,0,0,0,0,0,0,0,0,11.15,7.62,9.38,9.52,82.62,0,72.16,0.85,25.62,1.37,24.96
2022,8,22,5,0,0,0,0,0,0,0,0,11.23,6.89,9.06,9.03,78.12,0,72.17,0.86,25.17,1.36,24.8
2022,8,22,6,0.3,0.3,0.63,33.3,33.4,4.27,0.02,0.08,12.47,7.91,10.19,9.7,77.56,0,72.19,0.74,31.17,1.18,30.96
2022,8,22,7,1.06,1.12,1.69,123.2,132.25,15.88,0.2,0.95,15.36,9.23,12.3,10.74,70.88,0,72.24,0.08,131.19,0.08,123.69
2022,8,22,8,1.91,1.98,2.66,229.1,238.48,32.03,0.7,3.48,17.01,9.21,13.12,10.68,63.44,0,72.28,1.8,211.69,2.3,211.7
2022,8,22,9,2.53,2.73,3.48,309.77,330.67,45.28,1.34,6.92,17.96,10.3,14.12,11.41,63.94,0,72.33,2.63,208.77,3.35,208.83
2022,8,22,10,2.94,3.32,4.1,366.27,403.98,55.07,1.94,10.12,18.61,11.41,15.01,12.21,65.81,0,72.36,3.19,205.56,4.07,205.73
2022,8,22,11,3.14,3.66,4.47,399.15,446.5,60.65,2.33,12.23,18.88,12.48,15.69,13.06,69.12,0,72.36,3.48,203.69,4.43,203.81
2022,8,22,12,2.83,3.72,4.57,368.73,458.08,57.12,2.22,11.8,18.91,13.38,16.15,13.79,72.88,0,72.32,3.46,202.86,4.38,202.86
2022,8,22,13,2.48,3.58,4.39,318.9,437.42,49.53,1.88,9.77,18.82,13.91,16.37,14.28,75.75,0,72.26,3.4,202.85,4.31,202.84
2022,8,22,14,2.05,3.17,3.94,260.23,385.58,40.34,1.38,7.15,18.62,14.12,16.37,14.47,77.56,0,72.21,3.35,203.76,4.27,203.85
2022,8,22,15,1.55,2.52,3.25,195.7,305.95,29.48,0.84,4.33,18.09,14.12,16.1,14.47,80.12,0,72.18,3.25,206.38,4.16,206.52
2022,8,22,16,0.9,1.71,2.38,110.08,205.67,15.76,0.31,1.52,17.31,13.95,15.63,14.28,83.25,0,72.18,3.08,209.62,3.99,209.68
2022,8,22,17,0.42,0.84,1.37,50.75,99.02,7.29,0.07,0.35,16.19,13.8,15,14.16,88.5,0,72.21,2.69,213.27,3.55,213.34
2022,8,22,18,0.1,0.12,0.33,9.98,13.17,1.48,0.01,0.02,14.68,13.93,14.3,14.28,98.44,0.06,72.25,1.76,217.07,2.48,217.05
2022,8,22,19,0,0,0,0,0,0,0,0,14.11,14.01,14.05,14.28,100,0.06,72.31,1.11,216.15,1.75,216.31
2022,8,22,20,0,0,0,0,0,0,0,0,13.93,13.99,13.96,14.22,100,0.05,72.38,1.01,219.35,1.71,219.64
2022,8,22,21,0,0,0,0,0,0,0,0,13.74,13.8,13.76,14.04,100,0.04,72.44,0.99,224.68,1.71,225.93
2022,8,22,22,0,0,0,0,0,0,0,0,13.46,13.43,13.44,13.79,100,0.04,72.47,0.99,232.68,1.71,234.49
2022,8,22,23,0,0,0,0,0,0,0,0,13.17,13.07,13.12,13.49,100,0.04,72.46,0.9,243.88,1.59,246.21
2022,8,23,0,0,0,0,0,0,0,0,0,12.79,12.63,12.71,13.18,100,0.03,72.43,0.87,254.34,1.5,256.4
2022,8,23,1,0,0,0,0,0,0,0,0,12.51,12.29,12.4,12.94,100,0.03,72.41,0.84,261.95,1.37,264.78
2022,8,23,2,0,0,0,0,0,0,0,0,12.4,12.01,12.2,12.76,100,0.04,72.4,0.67,276.71,1.12,278.81
2022,8,23,3,0,0,0,0,0,0,0,0,12.19,11.69,11.94,12.45,100,0.04,72.39,0.56,295.84,1,296.37
2022,8,23,4,0,0,0,0,0,0,0,0,12.04,11.3,11.67,12.21,100,0.05,72.39,0.59,325.89,1.02,324.36
2022,8,23,5,0,0,0,0,0,0,0,0,12.01,10.75,11.37,11.78,96.88,0.05,72.4,0.72,353.73,1.2,353.29
2022,8,23,6,0.25,0.3,0.63,29.02,33.75,3.93,0.02,0.08,13.03,11.21,12.12,12.21,93.94,0.06,72.42,0.79,8.53,1.29,5.92
2022,8,23,7,0.92,1.12,1.68,107.77,132.1,14.67,0.19,0.9,15.57,11.8,13.69,12.76,83.5,0.06,72.44,0.5,327.05,0.68,323.92
2022,8,23,8,1.67,1.99,2.65,202.92,238.9,29.23,0.66,3.27,17.4,12.28,14.83,13.06,75.88,0.06,72.49,1.76,212.49,2.33,213.53
2022,8,23,9,2.24,2.74,3.48,277.48,331.58,41.48,1.25,6.52,17.98,13.25,15.61,13.79,77.31,0.1,72.53,2.93,206.43,3.81,206.83
2022,8,23,10,2.44,3.33,4.1,308.42,403,48.66,1.74,8.9,18.1,13.83,15.97,14.22,79.31,0.15,72.56,3.41,204.04,4.43,204.26
2022,8,23,11,2.56,3.57,4.47,334.08,439.2,51.54,1.95,10.02,18.04,14.07,16.05,14.34,80.25,0.27,72.54,3.86,203.97,5.05,204.19
2022,8,23,12,2.48,3.78,4.57,330.02,468.23,52.95,2.09,10.9,17.66,14.16,15.91,14.4,82.38,0.41,72.51,4.16,204.78,5.48,204.96
2022,8,23,13,2.04,3.62,4.38,266.83,444.33,43.14,1.63,8.4,17.33,14.23,15.78,14.47,84.31,0.58,72.47,4.34,206.66,5.76,206.77
2022,8,23,14,2,3.19,3.93,252.62,391.2,39.24,1.34,6.9,16.68,14.21,15.44,14.4,87.56,0.68,72.43,4.32,208.88,5.79,208.99
2022,8,23,15,1.23,2.54,3.24,157.17,311.2,24.38,0.69,3.55,16.05,14.16,15.11,14.34,90.69,0.75,72.42,4.17,210.26,5.62,210.31
2022,8,23,16,0.95,1.75,2.36,120.6,213.9,19.13,0.39,1.92,15.33,13.92,14.62,14.16,93.69,0.87,72.44,3.75,210.25,5.08,210.39
2022,8,23,17,0.44,0.85,1.35,54.62,101.77,8.52,0.09,0.4,14.55,13.62,14.08,13.92,97.06,0.97,72.47,2.99,209.99,4.09,210.19
2022,8,23,18,0.09,0.12,0.31,8.92,12.85,1.37,0.01,0.02,13.99,13.61,13.8,13.92,100,0.75,72.53,2.08,213.69,2.99,213.81
2022,8,23,19,0,0,0,0,0,0,0,0,13.48,13.44,13.46,13.73,100,0.8,72.61,1.29,218.88,2.03,218.59
2022,8,23,20,0,0,0,0,0,0,0,0,12.94,12.91,12.92,13.31,100,0.84,72.7,0.74,228.87,1.26,234.05
2022,8,23,21,0,0,0,0,0,0,0,0,12.51,12.4,12.46,12.94,100,0.81,72.75,0.59,260.04,0.95,273.78
2022,8,23,22,0,0,0,0,0,0,0,0,12.4,11.96,12.19,12.57,100,0.56,72.76,0.56,289.71,0.91,300.96
2022,8,23,23,0,0,0,0,0,0,0,0,12.39,11.58,11.99,12.21,98.62,0.29,72.75,0.58,299.65,0.91,304.1
2022,8,24,0,0,0,0,0,0,0,0,0,12.23,11.26,11.75,11.96,97.38,0.15,72.71,0.56,304.14,0.88,305.95
2022,8,24,1,0,0,0,0,0,0,0,0,12,10.91,11.45,11.66,96.5,0.07,72.67,0.6,320.29,1,320.08
2022,8,24,2,0,0,0,0,0,0,0,0,11.92,10.55,11.23,11.35,94.56,0.05,72.64,0.65,333.74,1.09,333.25
2022,8,24,3,0,0,0,0,0,0,0,0,12,10.15,11.08,11.11,91.56,0.04,72.62,0.68,344.69,1.12,344.6
2022,8,24,4,0,0,0,0,0,0,0,0,12.07,9.68,10.87,10.74,88.38,0.04,72.62,0.68,348.04,1.1,349.8
2022,8,24,5,0,0,0,0,0,0,0,0,11.93,9.23,10.58,10.44,86.56,0.03,72.62,0.71,347.95,1.17,350.41
2022,8,24,6,0.11,0.28,0.62,13,31.2,1.98,0.01,0.02,12.73,10.41,11.57,11.35,89.69,0.02,72.64,0.73,358.77,1.26,353.94
2022,8,24,7,0.65,1.12,1.67,77.45,133.75,11.39,0.15,0.75,15.62,11.7,13.66,12.39,80.94,0.02,72.65,0.75,327.3,1.12,322.97
2022,8,24,8,1.26,2,2.65,152.92,241.98,23.01,0.53,2.65,17.71,11.77,14.74,12.39,71,0.01,72.66,1.59,241.93,2.18,243.8
2022,8,24,9,1.85,2.76,3.47,230.4,335.45,35.66,1.09,5.77,18.15,12.51,15.33,13.06,72.5,0,72.67,2.95,222.31,3.91,222.97
2022,8,24,10,2.23,3.31,4.09,284.38,402.65,44.14,1.56,7.98,18.08,13.48,15.78,13.85,77.5,0.01,72.72,3.72,210.12,4.89,210.29
2022,8,24,11,2.25,3.67,4.46,296.02,446.17,46.4,1.8,9.2,17.37,13.71,15.54,13.98,81.75,0.03,72.71,3.74,210.27,4.93,210.59
2022,8,24,12,2.31,3.76,4.56,304.6,459.98,48.05,1.89,9.85,16.81,13.77,15.3,14.04,84.75,0.07,72.66,3.41,213.98,4.48,214.27
2022,8,24,13,1.75,3.58,4.37,234.3,435.65,37.55,1.41,7.2,16.64,13.85,15.24,14.04,85.88,0.13,72.6,3.12,216.76,4.06,216.94
2022,8,24,14,1.86,3.13,3.92,237.23,381.15,36.87,1.26,6.52,16.66,13.88,15.27,14.1,85.81,0.17,72.54,2.94,220.8,3.81,220.84
2022,8,24,15,1.52,2.48,3.23,188.98,300.55,28.52,0.8,4.08,16.57,13.87,15.23,14.04,86.06,0.2,72.5,2.75,223.96,3.56,223.85
2022,8,24,16,1.02,1.64,2.35,122.52,196.2,17.59,0.34,1.7,16.14,13.76,14.95,13.98,87.81,0.22,72.48,2.5,224.37,3.28,224.32
2022,8,24,17,0.55,0.81,1.34,64.38,95.58,8.77,0.08,0.4,15.3,13.73,14.51,13.92,92.44,0.22,72.48,1.96,225.81,2.6,225.49
2022,8,24,18,0.1,0.11,0.3,10.35,11.7,1.5,0.01,0.02,14.37,13.72,14.04,13.92,98.19,0.06,72.51,1.11,225.86,1.59,226.99
2022,8,24,19,0,0,0,0,0,0,0,0,13.8,13.48,13.64,13.67,100,0.06,72.55,0.66,229.33,1.05,231.94
2022,8,24,20,0,0,0,0,0,0,0,0,13.49,13.29,13.39,13.55,100,0.07,72.59,0.44,243.43,0.73,242.61
2022,8,24,21,0,0,0,0,0,0,0,0,13.16,13.04,13.1,13.31,100,0.08,72.63,0.28,263.66,0.46,263.23
2022,8,24,22,0,0,0,0,0,0,0,0,12.77,12.73,12.76,13.06,100,0.1,72.64,0.27,292.11,0.45,291.61
2022,8,24,23,0,0,0,0,0,0,0,0,12.45,12.4,12.43,12.76,100,0.13,72.62,0.29,317.2,0.52,319.86
2022,8,25,0,0,0,0,0,0,0,0,0,12.26,12.06,12.15,12.51,100,0.14,72.57,0.35,334.59,0.64,335.61
2022,8,25,1,0,0,0,0,0,0,0,0,12.17,11.75,11.96,12.27,100,0.15,72.54,0.39,345.96,0.76,346.96
2022,8,25,2,0,0,0,0,0,0,0,0,12.08,11.44,11.76,12.02,98.75,0.16,72.51,0.42,4.24,0.86,2.6
2022,8,25,3,0,0,0,0,0,0,0,0,11.88,11.1,11.49,11.78,98,0.18,72.5,0.49,22.48,0.94,18.43
2022,8,25,4,0,0,0,0,0,0,0,0,11.61,10.76,11.19,11.54,97.88,0.2,72.5,0.56,29.45,1.06,27.32
2022,8,25,5,0,0,0,0,0,0,0,0,11.4,10.42,10.91,11.35,97.25,0.21,72.51,0.62,34.29,1.2,32.76
2022,8,25,6,0.28,0.29,0.61,30.45,31.73,3.95,0.02,0.05,12.23,11.06,11.65,11.84,96.5,0.13,72.54,0.72,48.52,1.25,41.46
2022,8,25,7,1.07,1.12,1.67,123.55,131.55,15.96,0.2,0.95,14.31,11.86,13.08,12.51,88.94,0.12,72.57,0.66,55.56,0.9,51.34
2022,8,25,8,1.91,2.02,2.64,227.77,242.52,31.96,0.7,3.45,15.84,12.02,13.93,12.76,81.88,0.09,72.58,0.54,194.24,0.66,194.36
2022,8,25,9,2.62,2.78,3.47,319.02,335.05,46.73,1.39,7.17,16.42,12.38,14.4,13.06,81.06,0.06,72.61,1.44,207.82,1.82,208.22
2022,8,25,10,3.04,3.37,4.09,376.12,406.38,56.65,2,10.42,16.84,12.83,14.83,13.49,81.25,0.04,72.61,1.85,210.67,2.35,210.74
2022,8,25,11,3.41,3.69,4.46,423.08,445.25,64.05,2.45,13.08,17.14,13.2,15.17,13.79,81.56,0.03,72.59,2.1,215.46,2.67,215.6
2022,8,25,12,3.16,3.71,4.55,398.52,448.08,59.79,2.34,12.33,17.37,13.52,15.44,14.04,81.88,0.01,72.54,2.28,220.41,2.9,220.42
2022,8,25,13,2.64,3.52,4.36,329.85,423.45,50.18,1.87,9.75,17.41,13.73,15.57,14.16,82.31,0.01,72.47,2.37,223.8,3.04,223.75
2022,8,25,14,2.24,3.03,3.91,276.85,362.12,40.89,1.37,7.12,17.51,13.95,15.73,14.4,83.06,0.01,72.41,2.38,226.73,3.06,226.55
2022,8,25,15,1.66,2.36,3.22,201.92,279.45,29.36,0.8,4.12,17.71,14.14,15.93,14.59,83.06,0.01,72.36,2.39,225,3.05,224.79
2022,8,25,16,1.13,1.57,2.33,132.67,183.9,18.53,0.35,1.75,17.44,14.2,15.83,14.65,84.62,0.01,72.34,2.39,221.03,3.1,221.01
2022,8,25,17,0.63,0.73,1.32,71.1,82.85,9.58,0.09,0.42,16.44,14.22,15.33,14.65,90.31,0.01,72.35,2.16,218.69,2.86,218.56
2022,8,25,18,0.1,0.09,0.28,9.25,9.8,1.33,0.01,0.02,14.83,14.35,14.58,14.65,100,0.04,72.39,1.17,216.56,1.81,216.77
2022,8,25,19,0,0,0,0,0,0,0,0,14.09,14.32,14.2,14.59,100,0.05,72.43,0.7,214.57,1.38,215.58
2022,8,25,20,0,0,0,0,0,0,0,0,13.92,14.18,14.05,14.4,100,0.06,72.48,0.72,216.62,1.46,217.18
2022,8,25,21,0,0,0,0,0,0,0,0,13.66,13.93,13.8,14.16,100,0.06,72.51,0.73,220.67,1.52,221.24
2022,8,25,22,0,0,0,0,0,0,0,0,13.44,13.69,13.56,13.98,100,0.06,72.5,0.72,222.81,1.5,222.89
2022,8,25,23,0,0,0,0,0,0,0,0,13.22,13.46,13.33,13.73,100,0.07,72.47,0.7,226.35,1.46,226.08
2022,8,26,0,0,0,0,0,0,0,0,0,13.05,13.23,13.13,13.55,100,0.07,72.44,0.66,231.23,1.35,230.87
2022,8,26,1,0,0,0,0,0,0,0,0,12.9,13.04,12.97,13.37,100,0.06,72.4,0.62,238.3,1.21,238.15
2022,8,26,2,0,0,0,0,0,0,0,0,12.83,12.87,12.85,13.24,100,0.06,72.35,0.59,248.2,1.07,248.51
2022,8,26,3,0,0,0,0,0,0,0,0,12.86,12.73,12.8,13.12,100,0.05,72.32,0.5,255.53,0.84,254.93
2022,8,26,4,0,0,0,0,0,0,0,0,12.77,12.54,12.65,12.94,100,0.05,72.31,0.34,273.99,0.56,270
2022,8,26,5,0,0,0,0,0,0,0,0,12.45,12.21,12.33,12.7,100,0.05,72.32,0.25,321.34,0.41,315
2022,8,26,6,0.22,0.26,0.6,24.88,29.05,3.38,0.02,0.05,12.99,12.44,12.71,12.94,99.75,0.04,72.35,0.31,342.47,0.48,341.86
2022,8,26,7,0.76,1.06,1.66,88.17,125.08,11.8,0.15,0.73,14.7,12.84,13.77,13.37,92.06,0.03,72.38,0.23,277.85,0.31,277.31
2022,8,26,8,1.43,1.94,2.64,172.55,233.17,24.38,0.54,2.65,16.16,13.2,14.68,13.67,86.06,0.02,72.42,1.29,213.88,1.64,214.75
2022,8,26,9,1.95,2.72,3.46,243.48,331.88,36.28,1.09,5.6,17.09,13.51,15.3,13.98,82.75,0.02,72.46,2.24,214.63,2.87,215.12
2022,8,26,10,2.42,3.31,4.08,306.9,403.98,47.54,1.7,8.73,17.83,13.94,15.89,14.28,80.81,0.03,72.46,2.82,216.77,3.61,216.99
2022,8,26,11,2.57,3.64,4.45,332.1,445.52,51.51,1.99,10.48,18.51,14.46,16.49,14.71,79.75,0.05,72.43,3.26,216.92,4.17,217
2022,8,26,12,2.45,3.61,4.54,319.15,441.92,48.63,1.9,9.95,18.96,14.94,16.95,15.14,79.75,0.08,72.38,3.62,216.85,4.65,216.87
2022,8,26,13,2.32,3.43,4.36,296.35,416.75,44.7,1.66,8.73,19.01,15.21,17.11,15.38,80.69,0.1,72.33,3.83,217.03,4.94,217.09
2022,8,26,14,1.88,2.97,3.9,236.9,358.95,35.11,1.17,6.1,18.74,15.26,17,15.44,82.19,0.12,72.28,3.85,216.66,4.98,216.71
2022,8,26,15,1.42,2.22,3.2,175.4,263.6,25.07,0.68,3.5,18.08,15.09,16.58,15.26,84.75,0.11,72.24,3.66,217.11,4.78,217.09
2022,8,26,16,0.84,1.42,2.32,100.5,164.33,13.98,0.27,1.33,17.13,14.83,15.98,15.01,88.44,0.11,72.23,3.27,218.1,4.31,218.16
2022,8,26,17,0.5,0.64,1.3,56.75,72.25,7.89,0.07,0.35,16.05,14.7,15.37,14.89,93.88,0.11,72.23,2.68,218.84,3.59,218.82
2022,8,26,18,0.09,0.08,0.27,8.4,8.42,1.21,0.01,0.02,15.05,14.61,14.83,14.77,99.38,0.29,72.24,1.75,216.31,2.49,216.33
2022,8,26,19,0,0,0,0,0,0,0,0,14.55,14.48,14.51,14.65,100,0.29,72.27,1.06,213.57,1.74,213.83
2022,8,26,20,0,0,0,0,0,0,0,0,14.26,14.27,14.26,14.47,100,0.27,72.31,0.88,214.53,1.58,215.74
2022,8,26,21,0,0,0,0,0,0,0,0,13.93,14.04,13.98,14.22,100,0.27,72.35,0.82,217.64,1.55,218.66
2022,8,26,22,0,0,0,0,0,0,0,0,13.69,13.8,13.75,14.04,100,0.27,72.37,0.83,221.19,1.54,222.33
2022,8,26,23,0,0,0,0,0,0,0,0,13.56,13.64,13.6,13.85,100,0.31,72.36,0.78,227.84,1.39,228.42
2022,8,27,0,0,0,0,0,0,0,0,0,13.44,13.45,13.44,13.73,100,0.38,72.33,0.73,235.97,1.26,235.33
2022,8,27,1,0,0,0,0,0,0,0,0,13.19,13.21,13.2,13.55,100,0.42,72.27,0.65,246.8,1.16,247.05
2022,8,27,2,0,0,0,0,0,0,0,0,12.9,12.9,12.9,13.31,100,0.45,72.2,0.58,264.6,1.06,266.61
2022,8,27,3,0,0,0,0,0,0,0,0,12.76,12.62,12.69,13.06,100,0.35,72.16,0.45,289.06,0.82,292.91
2022,8,27,4,0,0,0,0,0,0,0,0,12.7,12.37,12.54,12.94,100,0.2,72.16,0.29,339.62,0.49,334.26
2022,8,27,5,0,0,0,0,0,0,0,0,12.48,11.97,12.22,12.57,100,0.12,72.17,0.35,14.35,0.62,15.45
2022,8,27,6,0.22,0.22,0.59,24.38,24.73,3.37,0.01,0.05,13.14,12.26,12.69,12.88,98.19,0.13,72.2,0.46,5.81,0.79,9.09
2022,8,27,7,0.72,0.94,1.65,81.77,108.02,10.66,0.12,0.62,14.94,12.94,13.94,13.49,91.31,0.09,72.24,0.59,283.67,0.77,284.18
2022,8,27,8,1.41,1.78,2.63,168.73,211.17,23.47,0.51,2.52,16.47,13.61,15.04,13.92,85.75,0.1,72.3,1.98,237.88,2.52,238.03
2022,8,27,9,1.84,2.55,3.46,229.58,308.5,33.27,0.97,4.98,17.16,13.94,15.55,14.22,83.88,0.12,72.35,2.46,225.13,3.12,225.2
2022,8,27,10,2.29,3.15,4.08,292.05,383.62,43.4,1.5,7.75,17.77,14.41,16.09,14.71,83.19,0.16,72.36,2.83,221.08,3.59,221.12
2022,8,27,11,2.46,3.51,4.44,318.12,429.05,48.28,1.82,9.42,18.05,14.75,16.4,15.01,83.38,0.22,72.33,3.23,219.89,4.12,219.92
2022,8,27,12,2.29,3.74,4.54,306.08,463.6,49,1.93,10.02,17.71,14.76,16.23,14.95,85.06,0.28,72.27,3.49,218.46,4.5,218.58
2022,8,27,13,1.85,3.54,4.35,246.95,438.27,39.23,1.47,7.62,17.23,14.7,15.97,14.89,87.19,0.35,72.22,3.56,217.25,4.62,217.37
2022,8,27,14,1.06,3.07,3.89,145.7,381.15,23.72,0.8,4.17,16.81,14.53,15.67,14.71,88.44,0.36,72.17,3.49,214.79,4.55,214.86
2022,8,27,15,0.91,2.4,3.19,121.38,296.35,19.15,0.53,2.75,16.28,14.22,15.25,14.4,89.56,0.39,72.14,3.22,211.61,4.22,211.75
2022,8,27,16,0.54,1.57,2.3,69.7,191.75,11.16,0.22,1.1,15.76,13.94,14.85,14.16,90.81,0.48,72.13,2.82,207.7,3.71,207.75
2022,8,27,17,0.31,0.67,1.28,37.35,78.4,5.57,0.05,0.25,14.92,13.62,14.27,13.85,93.81,0.59,72.15,2.32,204.84,3.1,204.69
2022,8,27,18,0.08,0.07,0.26,8.15,8.33,1.2,0.01,0.02,13.94,13.44,13.69,13.67,98.94,0.6,72.18,1.6,204.44,2.29,204.99
2022,8,27,19,0,0,0,0,0,0,0,0,13.51,13.28,13.4,13.61,100,0.7,72.23,1.34,209.41,2.01,210.85
2022,8,27,20,0,0,0,0,0,0,0,0,13.19,12.94,13.06,13.31,100,0.72,72.34,1.25,216.08,1.88,218.59
2022,8,27,21,0,0,0,0,0,0,0,0,12.87,12.55,12.7,13,100,0.69,72.44,0.9,214.79,1.21,218.95
2022,8,27,22,0,0,0,0,0,0,0,0,12.28,11.88,12.08,12.45,100,0.64,72.46,0.48,223.03,0.48,243.85
2022,8,27,23,0,0,0,0,0,0,0,0,11.71,11.19,11.45,11.9,99.94,0.6,72.42,0.24,264.29,0.44,323.75
2022,8,28,0,0,0,0,0,0,0,0,0,11.44,10.74,11.09,11.54,98.5,0.53,72.39,0.17,320.53,0.54,353.39
2022,8,28,1,0,0,0,0,0,0,0,0,11.23,10.33,10.78,11.17,97,0.46,72.34,0.25,28.18,0.66,25.06
2022,8,28,2,0,0,0,0,0,0,0,0,11.12,9.98,10.55,10.93,95.19,0.43,72.29,0.43,38.33,0.86,34.99
2022,8,28,3,0,0,0,0,0,0,0,0,11.15,9.76,10.46,10.74,93.44,0.39,72.25,0.45,37.87,0.83,35.79
2022,8,28,4,0,0,0,0,0,0,0,0,11.11,9.62,10.36,10.62,92.81,0.32,72.23,0.41,38.83,0.75,37.82
2022,8,28,5,0,0,0,0,0,0,0,0,11.01,9.5,10.25,10.56,93,0.27,72.24,0.41,52.7,0.76,52.9
2022,8,28,6,0.09,0.23,0.58,10.85,26.2,1.7,0.01,0.02,11.77,10.44,11.1,11.35,94.62,0.4,72.3,0.27,91.64,0.6,74.16
2022,8,28,7,0.39,0.99,1.65,48.5,118.15,7.52,0.1,0.5,13.9,11.36,12.63,12.02,87.25,0.42,72.38,0.54,156.8,0.68,149.04
2022,8,28,8,0.75,1.84,2.63,91.92,221.92,14,0.34,1.67,15.27,12.37,13.82,12.82,85.12,0.44,72.44,1.83,194.87,2.34,194.31
2022,8,28,9,1.09,2.65,3.45,142.77,323.27,23.12,0.72,3.83,15.62,13.21,14.41,13.55,88.06,0.45,72.48,2.56,202.26,3.27,202.03
2022,8,28,10,1.42,3.23,4.07,195.92,395.35,31.68,1.16,5.92,16.23,13.75,14.99,13.98,87.56,0.59,72.49,3.08,205.53,3.95,205.3
2022,8,28,11,1.55,3.55,4.44,212.7,433.27,33.59,1.29,6.65,16.72,14.02,15.37,14.22,86.25,0.91,72.47,3.62,207.89,4.68,207.85
2022,8,28,12,1.79,3.58,4.53,232.45,437.88,36.33,1.42,7.3,16.71,14.05,15.38,14.22,86.31,1.23,72.44,3.9,209.29,5.06,209.3
2022,8,28,13,1.72,3.41,4.34,227.15,414.38,35.79,1.35,6.85,16.58,14,15.3,14.16,86.69,1.5,72.4,3.94,209.36,5.13,209.38
2022,8,28,14,1.53,2.9,3.88,203.08,350.33,31.5,1.09,5.67,16.09,13.78,14.94,13.98,88.25,1.67,72.36,3.7,209.22,4.82,209.23
2022,8,28,15,1.06,2.13,3.18,130.6,251.3,19.14,0.53,2.77,15.61,13.59,14.6,13.85,90.06,1.72,72.34,3.27,209.01,4.25,209.01
2022,8,28,16,0.67,1.35,2.29,78.98,155.2,11.02,0.22,1.05,15.08,13.4,14.24,13.73,92.19,1.72,72.33,2.81,210.06,3.65,210.02
2022,8,28,17,0.32,0.59,1.27,37.02,66.88,5.45,0.05,0.25,14.35,13.16,13.76,13.49,95.25,1.65,72.35,2.32,214.71,3.05,214.79
2022,8,28,18,0.07,0.07,0.25,6.52,7.45,0.96,0,0.02,13.4,12.98,13.19,13.37,100,1.02,72.4,1.53,219.81,2.12,221.72
2022,8,28,19,0,0,0,0,0,0,0,0,12.98,12.79,12.89,13.18,100,0.81,72.47,1.02,225.93,1.49,232.65
2022,8,28,20,0,0,0,0,0,0,0,0,12.73,12.51,12.62,12.94,100,0.63,72.55,0.79,235.84,1.16,247.05
2022,8,28,21,0,0,0,0,0,0,0,0,12.44,12.13,12.29,12.63,100,0.55,72.61,0.55,248.5,0.85,266.85
2022,8,28,22,0,0,0,0,0,0,0,0,12.19,11.74,11.96,12.33,100,0.45,72.62,0.37,279.66,0.7,302.28
2022,8,28,23,0,0,0,0,0,0,0,0,12.06,11.44,11.75,12.08,99.69,0.32,72.61,0.41,322.03,0.85,335.08
2022,8,29,0,0,0,0,0,0,0,0,0,12.03,11.12,11.57,11.84,97.81,0.2,72.57,0.57,338.34,1.11,345.28
2022,8,29,1,0,0,0,0,0,0,0,0,12.01,10.77,11.39,11.6,95.56,0.11,72.51,0.67,345.8,1.21,348.84
2022,8,29,2,0,0,0,0,0,0,0,0,12.02,10.37,11.19,11.29,92.94,0.04,72.46,0.71,350.43,1.23,351.25
2022,8,29,3,0,0,0,0,0,0,0,0,11.97,9.89,10.93,10.93,90.25,0.02,72.44,0.68,353.37,1.13,353.22
2022,8,29,4,0,0,0,0,0,0,0,0,11.9,9.62,10.76,10.74,88.94,0.02,72.46,0.58,350.67,0.94,350.46
2022,8,29,5,0,0,0,0,0,0,0,0,11.94,9.47,10.7,10.56,87.75,0.02,72.5,0.48,344.83,0.75,343.64
2022,8,29,6,0.11,0.2,0.57,13.58,22.73,2.09,0.01,0.02,12.48,10.22,11.34,11.17,89.38,0.01,72.57,0.29,337.62,0.48,335.1
2022,8,29,7,0.68,0.92,1.64,81.7,104.4,11.78,0.16,0.75,14.08,11.22,12.65,11.96,86.19,0.01,72.65,0.68,271.32,0.89,273.01
2022,8,29,8,1.15,1.72,2.62,140.8,199.77,20.03,0.46,2.3,15.4,11.87,13.64,12.39,82.06,0.01,72.7,1.76,245.03,2.24,245.31
2022,8,29,9,1.64,2.5,3.45,203.9,296.17,29.92,0.91,4.77,16.37,12.46,14.42,12.88,80.06,0.02,72.73,2.38,235.16,3.03,235.2
2022,8,29,10,1.99,3.09,4.07,253.38,370.62,37.84,1.34,6.85,17.28,13.1,15.19,13.43,78.75,0.05,72.73,3.03,225.84,3.88,225.9
2022,8,29,11,2.35,3.45,4.43,300.6,415,45,1.72,8.88,17.83,13.63,15.73,13.85,78.62,0.07,72.72,3.62,221.59,4.69,221.69
2022,8,29,12,2.06,3.68,4.52,275.83,450.4,43.69,1.74,8.95,17.83,13.84,15.83,14.04,79.56,0.09,72.67,4.01,219.55,5.24,219.62
2022,8,29,13,1.89,3.48,4.33,248.33,424.77,39.27,1.48,7.6,17.57,13.9,15.73,14.1,81.06,0.1,72.63,4.15,218.27,5.43,218.29
2022,8,29,14,1.67,3.02,3.86,216.25,366.92,33.16,1.12,5.88,17.49,14.04,15.76,14.22,82.19,0.11,72.58,4.18,217.32,5.47,217.34
2022,8,29,15,1.26,2.34,3.16,159.5,282.08,23.8,0.66,3.4,17,14.03,15.51,14.16,84.62,0.12,72.55,3.96,216.1,5.22,216.17
2022,8,29,16,0.76,1.5,2.27,91.38,177.92,13.03,0.25,1.23,16.26,13.94,15.1,14.1,88.19,0.12,72.54,3.56,214.98,4.71,215.01
2022,8,29,17,0.42,0.67,1.25,49.23,76.35,6.95,0.06,0.3,15.15,13.88,14.52,14.04,94.25,0.12,72.55,2.91,213.39,3.9,213.4
2022,8,29,18,0.08,0.07,0.23,7.4,7.85,1.08,0.01,0.02,14.33,13.91,14.12,14.04,99.56,0.12,72.57,2.02,209.64,2.85,209.59
2022,8,29,19,0,0,0,0,0,0,0,0,13.99,13.91,13.95,14.04,100,0.13,72.61,1.36,205.83,2.1,205.04
2022,8,29,20,0,0,0,0,0,0,0,0,13.75,13.8,13.77,13.92,100,0.12,72.66,1.15,205.35,1.94,204.29
2022,8,29,21,0,0,0,0,0,0,0,0,13.45,13.53,13.49,13.67,100,0.1,72.7,1.07,201.49,1.87,200.56
2022,8,29,22,0,0,0,0,0,0,0,0,13.28,13.32,13.3,13.49,100,0.08,72.71,1.01,199.98,1.75,199.57
2022,8,29,23,0,0,0,0,0,0,0,0,13.17,13.17,13.17,13.37,100,0.07,72.68,0.94,206.57,1.65,207.9
2022,8,30,0,0,0,0,0,0,0,0,0,13.01,13.01,13.01,13.24,100,0.07,72.64,0.9,216.17,1.62,219.31
2022,8,30,1,0,0,0,0,0,0,0,0,12.7,12.69,12.69,13,100,0.06,72.62,0.78,225.81,1.45,229.6
2022,8,30,2,0,0,0,0,0,0,0,0,12.37,12.38,12.37,12.76,100,0.04,72.58,0.62,243.76,1.23,247.52
2022,8,30,3,0,0,0,0,0,0,0,0,12.01,12.07,12.04,12.51,100,0.03,72.53,0.54,264.21,1.13,266.03
2022,8,30,4,0,0,0,0,0,0,0,0,11.9,11.84,11.87,12.33,100,0.02,72.49,0.52,282.15,0.99,281.84
2022,8,30,5,0,0,0,0,0,0,0,0,11.88,11.62,11.76,12.15,100,0.01,72.49,0.44,309.29,0.76,309.58
2022,8,30,6,0.15,0.22,0.57,16.83,24.38,2.51,0.01,0.05,12.37,11.8,12.08,12.33,99.38,0.01,72.54,0.5,348.34,0.76,345.11
2022,8,30,7,0.5,0.95,1.63,61.1,109.27,8.99,0.12,0.58,14.06,12.22,13.14,12.76,91.81,0.01,72.61,0.75,301.88,0.98,300.26
2022,8,30,8,0.95,1.79,2.61,118.05,210.7,17.66,0.41,2.05,16,12.62,14.31,13.12,83.5,0.01,72.67,1.62,249.99,2.06,249.85
2022,8,30,9,1.64,2.6,3.44,210.55,313.92,32.49,1.02,5.4,17.39,13.08,15.23,13.49,78.69,0.01,72.7,2.63,235.18,3.35,235.16
2022,8,30,10,1.95,3.17,4.06,248.25,382.67,38.69,1.39,7.12,18.15,13.65,15.9,13.98,77.81,0.01,72.71,3.28,228.76,4.24,228.81
2022,8,30,11,2.15,3.49,4.42,280.2,421.75,42.93,1.66,8.52,18.47,14.1,16.28,14.34,78.25,0.02,72.68,3.64,227.17,4.72,227.22
2022,8,30,12,2.05,3.51,4.51,268.15,425.35,40.73,1.59,8.27,18.58,14.4,16.49,14.65,79.12,0.03,72.63,3.83,226.9,4.97,226.97
2022,8,30,13,2.06,3.31,4.32,263.38,397.92,39.82,1.48,7.58,18.47,14.53,16.5,14.77,80.19,0.04,72.57,3.97,225.88,5.18,225.98
2022,8,30,14,1.68,2.85,3.85,214.27,341.35,31.92,1.07,5.6,17.97,14.5,16.23,14.71,82.56,0.05,72.5,4.06,223.91,5.35,223.93
2022,8,30,15,1.21,2.17,3.15,150.9,256.45,22.12,0.61,3.17,17.15,14.48,15.81,14.71,86.75,0.05,72.45,3.95,222.27,5.25,222.23
2022,8,30,16,0.77,1.35,2.25,91.92,155.83,13.12,0.25,1.25,16.18,14.51,15.34,14.71,92.19,0.05,72.43,3.56,221,4.78,221.03
2022,8,30,17,0.38,0.58,1.23,44.7,65.98,6.54,0.05,0.27,15.46,14.48,14.97,14.65,96.12,0.05,72.43,3.16,220.49,4.33,220.61
2022,8,30,18,0.07,0.06,0.22,6.62,6.67,0.97,0.01,0.02,14.79,14.43,14.61,14.59,100,0.16,72.46,2.32,216.79,3.3,216.82
2022,8,30,19,0,0,0,0,0,0,0,0,14.45,14.3,14.37,14.47,100,0.15,72.52,1.7,209.16,2.52,209.11
2022,8,30,20,0,0,0,0,0,0,0,0,14.13,14.11,14.12,14.34,100,0.15,72.59,1.43,208.66,2.23,208.9
2022,8,30,21,0,0,0,0,0,0,0,0,13.88,13.88,13.88,14.1,100,0.15,72.62,1.37,214.51,2.17,215.35
2022,8,30,22,0,0,0,0,0,0,0,0,13.65,13.71,13.68,13.92,100,0.15,72.61,1.25,216.58,2.06,217.61
2022,8,30,23,0,0,0,0,0,0,0,0,13.51,13.57,13.54,13.79,100,0.16,72.58,1.24,214.7,2.06,216.22
2022,8,31,0,0,0,0,0,0,0,0,0,13.3,13.38,13.34,13.61,100,0.16,72.55,1.27,214.18,2.13,216.03
2022,8,31,1,0,0,0,0,0,0,0,0,12.77,12.94,12.85,13.31,100,0.16,72.51,1.18,215.27,2.02,218.42
2022,8,31,2,0,0,0,0,0,0,0,0,12.51,12.61,12.56,13,100,0.12,72.48,1.07,215.2,1.97,218.73
2022,8,31,3,0,0,0,0,0,0,0,0,12.27,12.52,12.4,12.94,100,0.07,72.46,0.93,210.88,1.84,212.34
2022,8,31,4,0,0,0,0,0,0,0,0,12.11,12.31,12.21,12.76,100,0.05,72.43,0.8,206.06,1.59,206.19
2022,8,31,5,0,0,0,0,0,0,0,0,12.19,12.16,12.18,12.7,100,0.05,72.41,0.67,202.67,1.25,204.33
2022,8,31,6,0.11,0.21,0.56,12.88,24.27,2,0.01,0.05,12.73,12.37,12.55,12.94,100,0.12,72.42,0.49,215.96,0.76,213.2
2022,8,31,7,0.61,0.97,1.63,75.35,113.83,11.27,0.16,0.75,13.78,12.69,13.23,13.24,96.88,0.11,72.45,0.68,258.04,0.88,256.58
2022,8,31,8,1.12,1.83,2.61,139.9,220.17,21.52,0.51,2.55,14.86,13.26,14.06,13.67,93.62,0.1,72.49,1.42,250.37,1.84,249.87
2022,8,31,9,1.58,2.56,3.44,199.67,309.42,30.15,0.93,4.92,16.19,13.83,15.01,14.16,88.94,0.13,72.53,2.42,238.88,3.16,238.67
2022,8,31,10,1.94,3.15,4.05,248.05,382.02,38.12,1.37,7,17.13,14.09,15.62,14.4,85.25,0.24,72.54,3.01,231.22,3.93,231.38
2022,8,31,11,1.94,3.51,4.42,254.42,425.73,39.3,1.52,7.92,17.37,14.34,15.86,14.59,85.12,0.37,72.52,3.42,226.39,4.5,226.62
2022,8,31,12,1.9,3.73,4.5,256,459.48,41.54,1.66,8.62,17.26,14.57,15.91,14.83,86.81,0.47,72.48,3.79,223.75,5.02,223.93
2022,8,31,13,2.09,3.55,4.31,270.35,435.05,43.02,1.66,8.52,17.06,14.69,15.87,14.89,88.38,0.5,72.42,4.06,223.28,5.43,223.48
2022,8,31,14,1.72,3.09,3.84,221,379,34.59,1.2,6.33,16.58,14.66,15.62,14.89,90.81,0.47,72.36,4.02,224.06,5.43,224.24
2022,8,31,15,1.26,2.42,3.13,160.2,295.92,24.32,0.69,3.52,16.08,14.65,15.37,14.83,93.38,0.43,72.31,3.72,225.17,5.07,225.31
2022,8,31,16,0.77,1.59,2.24,95.4,193.23,14.14,0.27,1.35,15.66,14.62,15.14,14.77,95.62,0.32,72.28,3.26,225,4.48,225.07
2022,8,31,17,0.39,0.73,1.21,47.8,87.88,6.84,0.06,0.3,15.2,14.55,14.87,14.71,98,0.25,72.28,2.65,221.77,3.71,221.92
2022,8,31,18,0.07,0.07,0.21,6.9,8,1.01,0.01,0.02,14.57,14.37,14.47,14.59,100,0.22,72.32,1.7,212.45,2.5,213.29
2022,8,31,19,0,0,0,0,0,0,0,0,14.17,14.11,14.14,14.4,100,0.2,72.37,1.43,211.18,2.21,212.91
2022,8,31,20,0,0,0,0,0,0,0,0,13.9,13.87,13.88,14.16,100,0.19,72.44,1.52,216.63,2.34,218.63
2022,8,31,21,0,0,0,0,0,0,0,0,13.57,13.58,13.57,13.92,100,0.24,72.49,1.69,230.64,2.61,231.93
2022,8,31,22,0,0,0,0,0,0,0,0,13.3,13.27,13.28,13.61,100,0.3,72.48,1.51,240.66,2.41,243.02
2022,8,31,23,0,0,0,0,0,0,0,0,12.9,12.75,12.83,13.24,100,0.32,72.46,1.12,254.99,1.83,258.16
2022,9,1,0,0,0,0,0,0,0,0,0,12.69,12.37,12.53,13,100,0.33,72.43,0.74,272.44,1.2,277.87
2022,9,1,1,0,0,0,0,0,0,0,0,12.37,12.01,12.19,12.7,100,0.34,72.4,0.37,309.04,0.73,312.4
2022,9,1,2,0,0,0,0,0,0,0,0,12.29,11.78,12.03,12.57,100,0.38,72.37,0.3,353.99,0.62,352.07
2022,9,1,3,0,0,0,0,0,0,0,0,12.42,11.58,12.01,12.45,99.62,0.45,72.35,0.27,54.46,0.46,47.73
2022,9,1,4,0,0,0,0,0,0,0,0,12.3,11.63,11.96,12.45,100,0.47,72.33,0.42,118.01,0.72,120.75
2022,9,1,5,0,0,0,0,0,0,0,0,11.97,11.63,11.8,12.45,100,0.48,72.37,0.52,163.47,1.03,165.01
2022,9,1,6,0.12,0.24,0.55,14.55,27.3,2.23,0.01,0.02,12.12,11.95,12.03,12.7,100,0.43,72.47,0.56,186.43,1.21,187.82
2022,9,1,7,0.67,1.04,1.62,80.02,124.7,11.34,0.15,0.73,13.27,12.8,13.03,13.43,100,0.44,72.57,0.85,186.86,1.25,187.88
2022,9,1,8,1.16,1.87,2.6,141.42,227.15,20.97,0.48,2.38,13.94,13.35,13.65,13.85,100,0.48,72.61,1.45,201.46,1.97,201.59
2022,9,1,9,1.49,2.63,3.43,191.5,322.27,29.84,0.92,4.92,14.4,13.63,14.01,13.98,98.69,0.52,72.62,1.97,211.04,2.66,210.93
2022,9,1,10,1.76,3.16,4.05,227.88,385.55,34.75,1.23,6.33,14.69,13.66,14.18,14.04,97,0.52,72.61,2.02,218.24,2.68,218.01
2022,9,1,11,1.74,3.52,4.41,233.75,430.65,37.2,1.44,7.3,15.53,13.85,14.69,14.16,92.69,0.56,72.57,2.48,220.52,3.27,220.35
2022,9,1,12,2.01,3.55,4.5,263.9,431.75,40.66,1.59,8.23,16.16,14.14,15.15,14.34,90.25,0.58,72.52,3.31,219.55,4.39,219.58
2022,9,1,13,1.82,3.36,4.3,234.8,407.33,35.93,1.35,6.92,16.12,14.24,15.18,14.4,90.81,0.54,72.47,3.79,220.32,5.05,220.36
2022,9,1,14,1.73,2.9,3.83,221.48,351,33.23,1.12,5.9,15.75,14.11,14.93,14.28,92.19,0.51,72.42,3.79,221.91,5.08,222.01
2022,9,1,15,1.34,2.2,3.12,165.65,262.33,24.11,0.66,3.38,15.33,14,14.66,14.22,94.06,0.47,72.39,3.44,222.89,4.62,222.94
2022,9,1,16,0.81,1.35,2.22,96.4,156.8,13.6,0.26,1.27,14.91,13.91,14.41,14.1,96.06,0.43,72.37,2.98,224.68,4.02,224.76
2022,9,1,17,0.56,0.59,1.19,62.08,66.9,8.36,0.06,0.33,14.48,13.87,14.17,14.1,98.69,0.46,72.4,2.26,225.98,3.11,226.02
2022,9,1,18,0.07,0.06,0.2,5.88,6.12,0.86,0,0.02,13.94,13.81,13.87,14.04,100,0.28,72.44,1.18,223.12,1.86,223.81
2022,9,1,19,0,0,0,0,0,0,0,0,13.53,13.55,13.54,13.85,100,0.38,72.5,0.93,221.95,1.68,222.74
2022,9,1,20,0,0,0,0,0,0,0,0,13.4,13.51,13.45,13.79,100,0.49,72.56,0.93,217.45,1.71,218.5
2022,9,1,21,0,0,0,0,0,0,0,0,13.3,13.51,13.4,13.73,100,0.6,72.6,1.03,212.24,1.92,213.56
2022,9,1,22,0,0,0,0,0,0,0,0,13.24,13.48,13.36,13.73,100,0.74,72.6,1.24,209.48,2.2,210.3
2022,9,1,23,0,0,0,0,0,0,0,0,13.16,13.4,13.28,13.61,100,0.8,72.59,1.39,208.43,2.37,209.18
2022,9,2,0,0,0,0,0,0,0,0,0,13.02,13.26,13.14,13.49,100,0.76,72.57,1.49,209.93,2.48,210.44
2022,9,2,1,0,0,0,0,0,0,0,0,12.83,13.04,12.94,13.31,100,0.66,72.54,1.5,211.37,2.5,211.61
2022,9,2,2,0,0,0,0,0,0,0,0,12.58,12.8,12.69,13.06,100,0.55,72.51,1.27,211.63,2.26,211.54
2022,9,2,3,0,0,0,0,0,0,0,0,12.4,12.62,12.51,12.94,100,0.51,72.5,1.13,211.37,2.09,210.6
2022,9,2,4,0,0,0,0,0,0,0,0,12.27,12.51,12.39,12.88,100,0.47,72.49,1.01,212.1,1.98,211.43
2022,9,2,5,0,0,0,0,0,0,0,0,12.13,12.39,12.26,12.76,100,0.39,72.5,0.9,214.38,1.87,213.96
2022,9,2,6,0.13,0.22,0.54,14.05,24,2.08,0.01,0.05,12.78,12.8,12.79,13.12,100,0.12,72.53,1.11,216.38,1.93,216.13
2022,9,2,7,0.55,0.96,1.61,62.4,109.6,8.62,0.11,0.55,14.19,13.73,13.97,13.98,100,0.1,72.58,2.36,221.92,3.26,221.99
2022,9,2,8,1.02,1.81,2.6,124.88,212.7,18.77,0.43,2.15,15.32,14.04,14.68,14.28,95.06,0.09,72.62,3,230.71,4.04,230.89
2022,9,2,9,1.51,2.53,3.43,192.83,300.12,29.22,0.89,4.75,16.57,14.16,15.37,14.4,88.44,0.08,72.64,3.26,232.31,4.29,232.4
2022,9,2,10,2.11,3.09,4.04,262.98,369.7,39.78,1.4,7.2,17.47,14.27,15.87,14.53,84.06,0.09,72.64,3.56,231.14,4.66,231.33
2022,9,2,11,2,3.39,4.4,257.25,404.48,38.52,1.46,7.42,17.98,14.52,16.25,14.71,82.56,0.11,72.61,3.88,229.49,5.09,229.67
2022,9,2,12,2.06,3.39,4.49,269.08,404.17,39.68,1.52,7.77,18.23,14.75,16.49,14.95,82.38,0.13,72.55,4.16,227.81,5.47,228.01
2022,9,2,13,1.79,3.24,4.29,224.7,385.73,33.64,1.23,6.25,18.14,14.84,16.49,15.01,83.31,0.15,72.49,4.35,226.24,5.74,226.32
2022,9,2,14,1.37,2.76,3.82,176.02,326.1,26.41,0.87,4.58,17.76,14.83,16.3,15.01,85.31,0.17,72.44,4.35,225.29,5.77,225.38
2022,9,2,15,1,2.1,3.11,125.05,245.77,18.63,0.5,2.6,17.03,14.73,15.88,14.95,88.75,0.17,72.4,4.12,224.62,5.5,224.6
2022,9,2,16,0.71,1.32,2.21,84.85,151.77,12.16,0.23,1.1,16.14,14.68,15.4,14.83,93.38,0.16,72.39,3.7,222.95,5.01,223.04
2022,9,2,17,0.44,0.56,1.18,49.9,63.17,7.03,0.05,0.27,15.35,14.54,14.94,14.71,97.19,0.16,72.39,3.23,220.48,4.46,220.53
2022,9,2,18,0.06,0.05,0.18,5.02,5.58,0.74,0,0.02,14.62,14.33,14.48,14.53,100,0.14,72.41,2.31,215.09,3.3,215.27
2022,9,2,19,0,0,0,0,0,0,0,0,14.17,14.08,14.12,14.28,100,0.12,72.46,1.71,211.01,2.56,211.41
2022,9,2,20,0,0,0,0,0,0,0,0,13.83,13.82,13.83,14.1,100,0.1,72.51,1.49,212.36,2.3,212.93
2022,9,2,21,0,0,0,0,0,0,0,0,13.52,13.54,13.53,13.85,100,0.1,72.55,1.31,215.5,2.13,216.03
2022,9,2,22,0,0,0,0,0,0,0,0,13.35,13.32,13.33,13.67,100,0.1,72.54,1.25,216.08,2.01,216.16
2022,9,2,23,0,0,0,0,0,0,0,0,13.1,13.08,13.09,13.43,100,0.08,72.51,1.33,217.14,2.17,217.41
2022,9,3,0,0,0,0,0,0,0,0,0,12.9,12.91,12.9,13.24,100,0.05,72.47,1.32,214.63,2.13,214.68
2022,9,3,1,0,0,0,0,0,0,0,0,12.69,12.7,12.69,13.06,100,0.04,72.42,1.22,211.66,1.96,211.28
2022,9,3,2,0,0,0,0,0,0,0,0,12.51,12.5,12.5,12.94,100,0.04,72.37,0.99,213.69,1.57,213.85
2022,9,3,3,0,0,0,0,0,0,0,0,12.44,12.33,12.39,12.82,100,0.03,72.33,0.74,222.85,1.2,222.63
2022,9,3,4,0,0,0,0,0,0,0,0,12.27,12.2,12.23,12.7,100,0.03,72.29,0.55,238.34,0.99,235.56
2022,9,3,5,0,0,0,0,0,0,0,0,12.08,12.01,12.05,12.57,100,0.03,72.27,0.51,250.46,0.96,247.42
2022,9,3,6,0.14,0.21,0.53,16.35,23.65,2.47,0.01,0.02,12.56,12.28,12.42,12.82,100,0.03,72.29,0.56,250.56,0.92,251.1
2022,9,3,7,0.7,0.97,1.61,85.33,113.5,12.41,0.15,0.73,14.05,12.9,13.47,13.43,96.38,0.03,72.34,1.12,250.8,1.42,251.37
2022,9,3,8,1.09,1.8,2.59,136.65,213.45,20.59,0.46,2.27,15.81,13.26,14.54,13.79,88.56,0.04,72.39,1.99,240.62,2.53,240.83
2022,9,3,9,1.51,2.49,3.42,192.65,296.8,28.98,0.85,4.48,17.06,13.55,15.3,13.98,83.06,0.04,72.41,2.77,232.45,3.55,232.78
2022,9,3,10,1.85,3.05,4.04,238.15,364.7,35.99,1.23,6.3,17.75,13.91,15.83,14.28,81.06,0.05,72.39,3.19,229.67,4.09,229.73
2022,9,3,11,2.18,3.39,4.4,277.27,406.5,41.77,1.54,7.8,18.24,14.31,16.28,14.59,80.31,0.06,72.34,3.58,227.65,4.6,227.75
2022,9,3,12,2.33,3.71,4.48,307.15,455.83,48.95,1.89,9.67,18.4,14.56,16.48,14.83,80.56,0.07,72.29,3.87,226.06,4.99,226.21
2022,9,3,13,2.2,3.5,4.28,282.15,427.23,44.47,1.62,8.27,18.24,14.65,16.44,14.89,81.81,0.08,72.23,4.05,225,5.26,225.12
2022,9,3,14,1.82,3.02,3.8,233.15,366.83,35.89,1.16,6.05,17.85,14.58,16.22,14.83,83.44,0.09,72.17,4.19,224.32,5.48,224.42
2022,9,3,15,1.29,2.31,3.09,161.15,278.7,24.2,0.63,3.2,17.08,14.37,15.73,14.65,86.31,0.09,72.13,4.17,221.81,5.51,221.9
2022,9,3,16,0.79,1.47,2.19,96.65,173.67,13.92,0.25,1.23,16.12,14.19,15.15,14.47,90.81,0.1,72.12,3.87,218.12,5.16,218.12
2022,9,3,17,0.42,0.63,1.16,47.4,72.35,6.48,0.05,0.23,15.11,14,14.55,14.28,95.62,0.1,72.13,3.46,212.94,4.7,213.06
2022,9,3,18,0.06,0.05,0.17,5.12,5.73,0.75,0,0.02,14.23,13.85,14.04,14.16,100,0.5,72.16,2.58,208.35,3.63,208.55
2022,9,3,19,0,0,0,0,0,0,0,0,13.9,13.77,13.83,14.04,100,0.48,72.21,2.08,207.53,3.01,207.9
2022,9,3,20,0,0,0,0,0,0,0,0,13.57,13.48,13.52,13.79,100,0.41,72.27,1.86,211.62,2.76,212.38
2022,9,3,21,0,0,0,0,0,0,0,0,13.13,13.08,13.11,13.43,100,0.34,72.3,1.56,215.2,2.38,216.46
2022,9,3,22,0,0,0,0,0,0,0,0,12.61,12.44,12.52,12.94,100,0.31,72.31,1.23,219.57,1.87,221.61
2022,9,3,23,0,0,0,0,0,0,0,0,12.36,11.91,12.13,12.51,100,0.3,72.31,0.78,221.35,1.1,221.84
2022,9,4,0,0,0,0,0,0,0,0,0,12.12,11.47,11.8,12.21,99.5,0.31,72.3,0.51,207.35,0.72,206.29
2022,9,4,1,0,0,0,0,0,0,0,0,11.94,11.3,11.62,12.08,99.69,0.28,72.27,0.42,206.57,0.6,205.24
2022,9,4,2,0,0,0,0,0,0,0,0,11.71,11.16,11.44,11.96,100,0.22,72.24,0.3,216.57,0.45,215.07
2022,9,4,3,0,0,0,0,0,0,0,0,11.5,11.12,11.31,11.96,100,0.16,72.22,0.08,246.04,0.14,231.84
2022,9,4,4,0,0,0,0,0,0,0,0,11.18,10.9,11.04,11.78,100,0.11,72.21,0.11,17.1,0.12,19.65
2022,9,4,5,0,0,0,0,0,0,0,0,10.97,10.69,10.83,11.6,100,0.06,72.22,0.22,32.01,0.28,39.4
2022,9,4,6,0.15,0.23,0.52,16,24.65,2.09,0.01,0.02,11.41,10.91,11.16,11.78,100,0.13,72.25,0.18,53.62,0.35,45
2022,9,4,7,0.79,1.04,1.6,91.12,119.67,12.82,0.16,0.75,13.26,11.5,12.38,12.33,93.38,0.08,72.3,0.24,248.55,0.28,250.56
2022,9,4,8,1.44,1.87,2.58,169.8,217.8,24.18,0.52,2.58,15.3,11.69,13.5,12.57,83.56,0.04,72.35,1.41,232.88,1.76,232.77
2022,9,4,9,1.94,2.57,3.41,233.3,300.05,33.72,0.97,5.12,16.76,11.98,14.37,12.88,77.81,0.03,72.38,2.38,227.93,2.99,228.07
2022,9,4,10,2.25,3.07,4.03,272.5,358.42,39.7,1.34,6.85,17.7,12.47,15.08,13.31,75.62,0.05,72.39,3.02,223.95,3.82,224.01
2022,9,4,11,2.58,3.39,4.39,315.9,395.75,45.85,1.66,8.45,18.18,13.03,15.61,13.73,75.75,0.11,72.37,3.4,220.72,4.33,220.83
2022,9,4,12,2.55,3.45,4.47,317.1,405.7,46.23,1.7,8.77,18.3,13.45,15.87,13.98,76.81,0.25,72.34,3.49,219.18,4.43,219.28
2022,9,4,13,2.32,3.2,4.27,280.08,371.8,40.19,1.41,7.12,18.15,13.6,15.87,14.1,78,0.32,72.29,3.41,218.76,4.32,218.76
2022,9,4,14,1.86,2.68,3.79,224.4,308.05,31.52,0.98,5.1,17.75,13.58,15.66,14.1,79.75,0.35,72.25,3.23,219.2,4.09,219.26
2022,9,4,15,1.34,1.99,3.08,157.12,223.3,21.6,0.55,2.77,17.14,13.33,15.23,13.85,81.44,0.35,72.22,2.95,220.27,3.73,220.33
2022,9,4,16,0.85,1.24,2.17,95.17,136.08,12.71,0.22,1.08,16.28,12.94,14.62,13.49,83.88,0.32,72.22,2.56,222.27,3.25,222.27
2022,9,4,17,0.44,0.53,1.14,46.33,57.52,6.4,0.05,0.23,15.12,12.55,13.84,13.18,88.19,0.29,72.23,2,225,2.57,225.25
2022,9,4,18,0.05,0.04,0.16,4.4,4.58,0.65,0,0.02,13.33,12.5,12.91,13.18,99.31,0.27,72.27,0.97,221.75,1.43,223.89
2022,9,4,19,0,0,0,0,0,0,0,0,12.75,12.24,12.49,12.94,100,0.31,72.33,0.5,232.05,0.68,237.23
2022,9,4,20,0,0,0,0,0,0,0,0,12.1,11.82,11.96,12.63,100,0.28,72.39,0.14,347.47,0.32,350.07
2022,9,4,21,0,0,0,0,0,0,0,0,11.49,11.2,11.35,12.15,100,0.33,72.42,0.32,19.75,0.64,17.77
2022,9,4,22,0,0,0,0,0,0,0,0,11.03,10.4,10.71,11.6,100,0.34,72.42,0.38,25.51,0.76,23.66
2022,9,4,23,0,0,0,0,0,0,0,0,10.99,9.8,10.4,11.23,98.94,0.41,72.41,0.31,29.74,0.6,26.9
2022,9,5,0,0,0,0,0,0,0,0,0,11.08,9.48,10.28,11.05,96.81,0.42,72.39,0.23,17.82,0.41,15.64
2022,9,5,1,0,0,0,0,0,0,0,0,10.98,9.22,10.1,10.93,96.06,0.39,72.37,0.19,16.93,0.32,12.68
2022,9,5,2,0,0,0,0,0,0,0,0,10.78,9,9.89,10.74,95.81,0.31,72.34,0.21,10.49,0.37,8.47
2022,9,5,3,0,0,0,0,0,0,0,0,10.6,8.8,9.7,10.56,95.25,0.22,72.33,0.29,28.61,0.49,26.57
2022,9,5,4,0,0,0,0,0,0,0,0,10.41,8.59,9.5,10.31,94.62,0.15,72.33,0.41,37.97,0.67,35.54
2022,9,5,5,0,0,0,0,0,0,0,0,10.35,8.37,9.36,10.13,93.19,0.1,72.35,0.51,38.8,0.85,36.76
2022,9,5,6,0.15,0.2,0.52,15.7,22.48,2.19,0.01,0.02,10.99,8.9,9.95,10.5,92.69,0.05,72.37,0.51,41.92,0.87,38.42
2022,9,5,7,0.69,0.96,1.59,78.55,109.67,10.69,0.12,0.58,13.12,9.84,11.48,11.17,85.69,0.03,72.42,0.08,48.81,0.13,40.24
2022,9,5,8,1.33,1.78,2.58,159.2,209.1,22.48,0.47,2.3,14.73,10.09,12.41,11.35,78.19,0.03,72.47,1.35,223.59,1.7,223.32
2022,9,5,9,1.88,2.49,3.41,229.95,293.35,32.91,0.91,4.73,15.83,10.69,13.26,11.66,74.81,0.02,72.51,2.23,223.15,2.81,223.09
2022,9,5,10,2.39,3.01,4.02,292.6,355.33,41.85,1.37,7.02,16.65,11.41,14.03,12.15,74.19,0.02,72.52,2.7,222.54,3.42,222.59
2022,9,5,11,2.54,3.26,4.38,310.48,383.8,44.68,1.57,8,17.19,12.21,14.7,12.76,75.19,0.03,72.49,2.99,220.76,3.78,220.73
2022,9,5,12,2.88,3.51,4.46,360.77,421.12,53.09,1.95,9.98,17.49,12.87,15.18,13.31,76.88,0.05,72.44,3.24,219.72,4.11,219.75
2022,9,5,13,2.52,3.28,4.26,308.5,389.08,45.25,1.56,8.02,17.48,13.32,15.4,13.67,79.12,0.07,72.37,3.34,219.98,4.25,219.93
2022,9,5,14,2.13,2.84,3.78,261.15,336.2,37.93,1.18,6.15,17.15,13.46,15.31,13.85,81.5,0.1,72.32,3.28,221.24,4.18,221.29
2022,9,5,15,1.52,2.15,3.06,183.73,250.92,26.12,0.65,3.27,16.63,13.33,14.98,13.73,83.62,0.1,72.28,3.02,221.53,3.86,221.63
2022,9,5,16,0.92,1.34,2.15,106.48,152.7,14.57,0.24,1.17,15.91,13.12,14.52,13.55,86.5,0.11,72.27,2.68,221.58,3.45,221.6
2022,9,5,17,0.54,0.57,1.12,57.58,62.7,7.63,0.05,0.23,14.78,12.98,13.88,13.49,92.31,0.11,72.28,2.11,221.55,2.76,221.55
2022,9,5,18,0.05,0.04,0.15,4.05,4.42,0.59,0,0,13.33,12.94,13.14,13.49,100,0.48,72.31,1,219.63,1.53,219.62
2022,9,5,19,0,0,0,0,0,0,0,0,13.07,12.88,12.98,13.37,100,0.39,72.36,0.68,218.05,1.12,217.91
2022,9,5,20,0,0,0,0,0,0,0,0,12.9,12.67,12.79,13.18,100,0.27,72.42,0.54,225,0.91,224.65
2022,9,5,21,0,0,0,0,0,0,0,0,12.56,12.33,12.44,12.94,100,0.21,72.46,0.42,249.19,0.72,247.62
2022,9,5,22,0,0,0,0,0,0,0,0,12.27,12.01,12.15,12.7,100,0.16,72.46,0.32,282.68,0.54,280.82
2022,9,5,23,0,0,0,0,0,0,0,0,11.9,11.63,11.77,12.45,100,0.14,72.45,0.24,301.61,0.41,306.43
2022,9,6,0,0,0,0,0,0,0,0,0,11.59,11.32,11.45,12.21,100,0.12,72.44,0.19,308.29,0.33,315.97
2022,9,6,1,0,0,0,0,0,0,0,0,11.23,10.94,11.08,11.96,100,0.09,72.42,0.21,310.36,0.37,319.27
2022,9,6,2,0,0,0,0,0,0,0,0,10.95,10.63,10.8,11.72,100,0.17,72.41,0.21,310.36,0.41,324.21
2022,9,6,3,0,0,0,0,0,0,0,0,10.78,10.39,10.58,11.54,100,0.2,72.39,0.15,329.53,0.36,340.77
2022,9,6,4,0,0,0,0,0,0,0,0,10.63,10.12,10.37,11.29,100,0.1,72.39,0.24,5.53,0.54,3.32
2022,9,6,5,0,0,0,0,0,0,0,0,10.61,9.9,10.25,11.11,100,0.03,72.42,0.33,16.31,0.68,15.31
2022,9,6,6,0.19,0.21,0.51,20.5,22.88,2.84,0.01,0.05,11.37,10.51,10.94,11.54,99.25,0.01,72.47,0.25,21.8,0.57,20.92
2022,9,6,7,0.82,0.97,1.58,92.92,111.12,12.18,0.13,0.67,13.57,11.48,12.52,12.27,91.56,0,72.54,0.09,259.7,0.11,287.1
2022,9,6,8,1.51,1.81,2.57,177.62,211.7,24.51,0.5,2.48,15.43,11.5,13.46,12.27,81.25,0,72.6,1.19,221.01,1.49,220.54
2022,9,6,9,2.11,2.53,3.4,253.83,298.42,36.22,1.02,5.23,16.79,11.89,14.33,12.63,76.5,0.03,72.63,2.17,222.52,2.73,222.56
2022,9,6,10,2.42,3.06,4.01,293.33,362.33,42.83,1.42,7.33,17.69,12.53,15.11,13.18,75.44,0.06,72.64,2.67,222.98,3.37,223.12
2022,9,6,11,2.68,3.33,4.37,327.52,392.4,47.02,1.68,8.7,18.15,13.2,15.68,13.73,76.31,0.11,72.62,3.05,221.78,3.86,221.88
2022,9,6,12,2.87,3.68,4.45,365.5,449.08,56.64,2.13,11.1,18.06,13.68,15.87,14.1,78.75,0.17,72.57,3.22,221.26,4.1,221.37
2022,9,6,13,2.61,3.42,4.24,328.62,413.67,49.67,1.78,9.15,17.66,13.95,15.81,14.28,81.69,0.34,72.53,3.16,222.29,4.03,222.48
2022,9,6,14,2.13,2.88,3.76,265.55,345.65,39,1.23,6.4,17.22,13.96,15.58,14.28,84,0.6,72.48,2.99,223.73,3.83,223.93
2022,9,6,15,1.55,2.16,3.05,187.7,254.92,26.71,0.67,3.38,16.68,13.81,15.24,14.16,86.19,0.89,72.44,2.7,225.23,3.45,225.37
2022,9,6,16,0.93,1.32,2.14,109.77,153.08,15.21,0.26,1.25,16.17,13.6,14.88,14.04,88,1.28,72.42,2.33,227.44,3,227.54
2022,9,6,17,0.41,0.54,1.1,46.33,60.45,6.33,0.04,0.2,15.16,13.44,14.3,13.85,93,1.4,72.43,1.81,229.72,2.37,229.95
2022,9,6,18,0.04,0.04,0.14,3.23,4.08,0.48,0,0,13.76,13.38,13.57,13.85,100,1.13,72.46,0.81,231.25,1.26,231.78
2022,9,6,19,0,0,0,0,0,0,0,0,13.48,13.31,13.4,13.73,100,1.21,72.5,0.53,235.84,0.87,237.89
2022,9,6,20,0,0,0,0,0,0,0,0,13.3,13.12,13.2,13.55,100,1.22,72.54,0.38,248.2,0.64,246.89
2022,9,6,21,0,0,0,0,0,0,0,0,13.01,12.87,12.94,13.37,100,0.94,72.58,0.3,259.56,0.52,255.34
2022,9,6,22,0,0,0,0,0,0,0,0,12.72,12.58,12.65,13.12,100,0.78,72.61,0.2,253.74,0.37,246.16
2022,9,6,23,0,0,0,0,0,0,0,0,12.38,12.23,12.3,12.88,100,0.7,72.62,0.15,194.74,0.29,200.38
2022,9,7,0,0,0,0,0,0,0,0,0,11.92,11.83,11.87,12.63,100,0.61,72.61,0.16,188.53,0.37,193.45
2022,9,7,1,0,0,0,0,0,0,0,0,11.67,11.61,11.64,12.45,100,0.52,72.57,0.18,212.28,0.45,206.57
2022,9,7,2,0,0,0,0,0,0,0,0,11.69,11.55,11.62,12.39,100,0.43,72.55,0.32,228.01,0.65,222.55
2022,9,7,3,0,0,0,0,0,0,0,0,11.7,11.65,11.67,12.39,100,0.35,72.54,0.58,227.73,1.11,223.85
2022,9,7,4,0,0,0,0,0,0,0,0,11.72,11.69,11.7,12.33,100,0.27,72.53,0.62,223.48,1.12,220.77
2022,9,7,5,0,0,0,0,0,0,0,0,11.55,11.33,11.44,12.02,100,0.22,72.57,0.33,235.56,0.62,227.05
2022,9,7,6,0.1,0.19,0.5,11.15,21.35,1.7,0.01,0.02,11.79,11.38,11.58,12.08,100,0.06,72.61,0.07,302.01,0.12,288.43
2022,9,7,7,0.27,0.94,1.58,31.73,108.48,4.84,0.05,0.27,13.15,11.82,12.48,12.39,95,0.08,72.66,0.16,334.65,0.21,336.25
2022,9,7,8,0.53,1.77,2.56,69.67,208.77,10.94,0.24,1.2,15.05,11.96,13.51,12.45,84.38,0.14,72.71,0.81,227.35,1.02,226.87
2022,9,7,9,1.13,2.5,3.39,152.05,296.25,23.45,0.7,3.62,16.53,12.36,14.44,12.82,78.88,0.17,72.74,2.26,219.81,2.89,219.96
2022,9,7,10,1.53,3,4.01,200.67,356.05,30.58,1.04,5.35,17.15,12.92,15.03,13.31,78.94,0.23,72.75,2.8,217.19,3.61,217.27
2022,9,7,11,1.6,3.18,4.37,206.12,374.33,30.7,1.09,5.5,17.42,13.35,15.38,13.73,79.88,0.4,72.73,3.1,215.57,3.99,215.68
2022,9,7,12,1.91,3.39,4.44,254.42,410.17,38.59,1.42,7.15,17.48,13.59,15.54,13.92,80.81,0.71,72.69,3.31,214.14,4.28,214.21
2022,9,7,13,1.88,3.22,4.23,241.55,385.6,36.63,1.3,6.55,17.27,13.62,15.44,13.98,81.94,0.95,72.64,3.4,213.95,4.41,214.03
2022,9,7,14,1.57,2.77,3.75,202.5,328.42,30.59,0.98,5.23,16.91,13.66,15.29,13.98,83.88,1.1,72.58,3.33,214.1,4.35,214.09
2022,9,7,15,0.99,2.03,3.03,121.12,235.4,17.48,0.45,2.25,16.33,13.58,14.95,13.85,86.44,1.11,72.54,3.05,213.73,4.01,213.72
2022,9,7,16,0.6,1.23,2.12,70.73,139.45,9.99,0.17,0.85,15.51,13.53,14.52,13.79,90.62,1.12,72.53,2.64,212.65,3.5,212.59
2022,9,7,17,0.26,0.49,1.08,30.17,54.77,4.48,0.03,0.15,14.58,13.55,14.06,13.79,96.19,1.19,72.56,2.05,211.26,2.77,211.13
2022,9,7,18,0.04,0.03,0.13,3.75,3.58,0.55,0,0.02,13.85,13.53,13.69,13.79,100,0.72,72.6,1.29,208.89,1.91,209.4
2022,9,7,19,0,0,0,0,0,0,0,0,13.47,13.43,13.44,13.67,100,0.74,72.65,0.97,208.83,1.63,210.26
2022,9,7,20,0,0,0,0,0,0,0,0,13.05,13.11,13.08,13.37,100,0.66,72.72,0.91,217.66,1.57,219.95
2022,9,7,21,0,0,0,0,0,0,0,0,12.55,12.42,12.48,12.94,100,0.62,72.78,0.75,247.43,1.25,253.71
2022,9,7,22,0,0,0,0,0,0,0,0,11.94,11.65,11.8,12.33,100,0.56,72.81,0.67,291.8,1.21,296.57
2022,9,7,23,0,0,0,0,0,0,0,0,11.75,11.18,11.47,11.96,100,0.46,72.78,0.54,300.68,1.05,306.18
2022,9,8,0,0,0,0,0,0,0,0,0,11.58,10.89,11.23,11.72,99.44,0.29,72.76,0.42,278.58,0.8,290.56
2022,9,8,1,0,0,0,0,0,0,0,0,11.53,10.64,11.08,11.47,98,0.28,72.72,0.34,270,0.56,286.93
2022,9,8,2,0,0,0,0,0,0,0,0,11.54,10.43,10.98,11.29,96.38,0.29,72.69,0.2,316.55,0.38,334.49
2022,9,8,3,0,0,0,0,0,0,0,0,11.42,10.15,10.79,11.05,95.12,0.22,72.67,0.31,4.29,0.56,7.22
2022,9,8,4,0,0,0,0,0,0,0,0,11.35,9.83,10.59,10.8,93.5,0.17,72.66,0.41,8.75,0.73,9.26
2022,9,8,5,0,0,0,0,0,0,0,0,11.17,9.37,10.27,10.5,91.62,0.13,72.67,0.56,19.44,0.97,18.29
2022,9,8,6,0.14,0.19,0.49,16.15,20.5,2.36,0.01,0.02,11.51,9.5,10.5,10.56,90.38,0.02,72.69,0.63,25.92,1.09,23.63
2022,9,8,7,0.65,0.9,1.57,75.7,101.88,10.5,0.12,0.6,13.76,10.5,12.13,11.35,83.62,0.02,72.74,0.43,355.84,0.57,354.45
2022,9,8,8,1.24,1.73,2.56,148.35,200.42,21.09,0.45,2.25,15.31,11.49,13.4,12.15,81,0.02,72.81,1.27,218.28,1.69,219.57
2022,9,8,9,1.86,2.48,3.39,225.35,289.48,32.22,0.94,4.92,15.59,12.13,13.87,12.63,83,0.03,72.86,2.4,212.5,3.17,213.22
2022,9,8,10,2.16,3.01,4,263.65,351.73,38.53,1.31,6.77,16.23,12.72,14.48,13.18,82.81,0.05,72.84,3.03,212.66,3.98,213.16
2022,9,8,11,2.11,3.21,4.36,261.8,378.98,38.4,1.4,7.08,16.44,13.11,14.77,13.49,83.5,0.09,72.8,3.54,212.74,4.72,213.03
2022,9,8,12,1.8,3.15,4.43,226.05,369,33.03,1.2,6.15,16.2,13.43,14.81,13.73,86.44,0.12,72.74,3.72,212.39,4.99,212.6
2022,9,8,13,1.5,3.03,4.22,189.12,353.3,28.09,0.98,4.95,15.83,13.6,14.72,13.85,89.31,0.15,72.68,3.69,212.92,4.99,213.12
2022,9,8,14,1.22,2.59,3.74,153.62,302,22.95,0.73,3.83,15.4,13.69,14.55,13.98,92.31,0.18,72.61,3.56,213.17,4.82,213.3
2022,9,8,15,0.89,1.91,3.01,107.58,219.02,15.58,0.4,2.02,14.87,13.65,14.26,13.98,95.44,0.22,72.56,3.21,213.57,4.39,213.52
2022,9,8,16,0.49,1.13,2.1,56.67,127.15,7.91,0.13,0.65,14.54,13.65,14.09,13.92,97.44,0.25,72.55,3.06,213.77,4.25,213.6
2022,9,8,17,0.22,0.44,1.06,25.15,49.17,3.63,0.02,0.12,14.16,13.65,13.9,13.98,99.94,0.26,72.56,2.69,212.77,3.78,212.67
2022,9,8,18,0.03,0.03,0.12,2.67,3.12,0.41,0,0,13.73,13.57,13.65,13.92,100,0.41,72.61,1.52,212.38,2.31,212.29
2022,9,8,19,0,0,0,0,0,0,0,0,13.36,13.45,13.4,13.79,100,0.34,72.68,1.21,212.04,2.04,212.17
2022,9,8,20,0,0,0,0,0,0,0,0,12.82,13.05,12.93,13.43,100,0.34,72.75,1.07,209.38,1.95,209.03
2022,9,8,21,0,0,0,0,0,0,0,0,12.48,12.66,12.58,13.06,100,0.37,72.78,0.99,205.15,1.88,205.07
2022,9,8,22,0,0,0,0,0,0,0,0,12.05,12.15,12.11,12.63,100,0.39,72.8,0.92,206.13,1.76,206
2022,9,8,23,0,0,0,0,0,0,0,0,11.82,11.87,11.84,12.39,100,0.41,72.78,0.82,209,1.55,207.6
2022,9,9,0,0,0,0,0,0,0,0,0,11.74,11.71,11.73,12.33,100,0.42,72.74,0.73,215.04,1.48,212.52
2022,9,9,1,0,0,0,0,0,0,0,0,11.51,11.45,11.48,12.08,100,0.42,72.72,0.73,224.13,1.49,221.38
2022,9,9,2,0,0,0,0,0,0,0,0,11.47,11.44,11.46,12.08,100,0.37,72.69,0.76,229.59,1.55,227.24
2022,9,9,3,0,0,0,0,0,0,0,0,11.35,11.3,11.33,11.96,100,0.28,72.66,0.63,230.56,1.37,227.77
2022,9,9,4,0,0,0,0,0,0,0,0,11.25,11.19,11.22,11.9,100,0.22,72.64,0.48,235.01,1.13,231.16
2022,9,9,5,0,0,0,0,0,0,0,0,11.11,10.94,11.02,11.72,100,0.24,72.66,0.37,237.99,0.9,236.31
2022,9,9,6,0.12,0.17,0.49,13.7,18.92,2.03,0.01,0.02,11.29,10.99,11.14,11.72,100,1.02,72.71,0.23,231.95,0.59,236.31
2022,9,9,7,0.49,0.86,1.56,57.38,98.42,8.49,0.1,0.5,12.36,11.49,11.93,12.15,98.19,0.92,72.76,0.48,224.34,0.69,227.29
2022,9,9,8,0.94,1.68,2.55,119.48,197.12,18.13,0.41,2,13.47,11.67,12.57,12.27,92.06,0.66,72.81,1.11,201.88,1.43,202.5
2022,9,9,9,1.35,2.4,3.38,174.52,284.25,26.55,0.78,4.12,14.16,11.92,13.04,12.39,89.06,0.39,72.85,2.16,195.49,2.85,195.6
2022,9,9,10,1.67,2.87,3.99,210.52,338.6,31.16,1.04,5.38,14.56,12.08,13.32,12.45,87.38,0.21,72.85,2.76,197.97,3.65,198.09
2022,9,9,11,2.08,3.14,4.35,253.35,369,37.1,1.32,6.77,14.89,12.06,13.48,12.45,85.25,0.13,72.82,2.99,199.66,3.95,199.76
2022,9,9,12,2.11,3.6,4.42,275.45,440.25,43.46,1.64,8.52,15.32,12.01,13.66,12.39,82.62,0.09,72.77,2.98,200.71,3.89,200.69
2022,9,9,13,1.88,3.4,4.21,244.17,414.05,38.88,1.41,7.17,15.35,11.9,13.63,12.33,81.88,0.08,72.7,2.87,202.03,3.74,201.96
2022,9,9,14,1.61,2.94,3.72,207.48,358.12,32.55,1.06,5.65,14.98,11.87,13.43,12.27,83.69,0.09,72.64,2.67,203.86,3.48,203.86
2022,9,9,15,0.86,2.29,3,112.5,278.8,18.35,0.48,2.42,14.57,11.86,13.21,12.27,85.62,0.08,72.6,2.34,201.94,3.05,201.83
2022,9,9,16,0.51,1.45,2.08,65.17,175.55,10.34,0.18,0.88,14.09,11.79,12.94,12.21,87.94,0.07,72.58,2,201.26,2.61,201.26
2022,9,9,17,0.2,0.58,1.04,22.88,68.17,3.36,0.02,0.1,13.42,11.69,12.55,12.15,91.38,0.06,72.61,1.41,209.12,1.87,208.71
2022,9,9,18,0.03,0.03,0.11,2.4,3.58,0.38,0,0,12.39,11.65,12.01,12.15,97.75,0.08,72.65,0.62,218.32,0.76,218.75
2022,9,9,19,0,0,0,0,0,0,0,0,11.86,11.35,11.61,11.9,99.25,0.08,72.67,0.18,230.19,0.11,347.91
2022,9,9,20,0,0,0,0,0,0,0,0,11.63,11.08,11.36,11.66,98.81,0.08,72.7,0.13,322.43,0.53,11.98
2022,9,9,21,0,0,0,0,0,0,0,0,11.66,10.73,11.19,11.35,96.38,0.1,72.73,0.27,4.9,0.67,16.96
2022,9,9,22,0,0,0,0,0,0,0,0,11.83,10.4,11.12,11.11,93.19,0.13,72.75,0.2,22.62,0.38,26.57
2022,9,9,23,0,0,0,0,0,0,0,0,11.92,10.25,11.08,11.05,91.81,0.16,72.75,0.06,15.95,0.07,18.43
2022,9,10,0,0,0,0,0,0,0,0,0,11.57,10.23,10.9,11.05,94.12,0.18,72.73,0.08,303.69,0.13,312.51
2022,9,10,1,0,0,0,0,0,0,0,0,11.16,10.23,10.69,11.05,96.88,0.12,72.7,0.18,318.58,0.35,337.48
2022,9,10,2,0,0,0,0,0,0,0,0,10.92,10.14,10.53,11.05,98.06,0.09,72.67,0.21,321.01,0.46,346.2
2022,9,10,3,0,0,0,0,0,0,0,0,10.91,10.14,10.52,11.05,98.25,0.06,72.67,0.21,335.38,0.48,355.31
2022,9,10,4,0,0,0,0,0,0,0,0,10.93,10.11,10.52,11.05,98,0.04,72.67,0.2,0,0.47,12.43
2022,9,10,5,0,0,0,0,0,0,0,0,10.92,10.01,10.47,10.99,97.44,0.02,72.67,0.23,23.96,0.49,29.86
2022,9,10,6,0.12,0.19,0.48,14.15,22.08,2.16,0.01,0.02,11.12,10.03,10.58,10.99,96.56,0.01,72.69,0.19,19.18,0.42,27.51
2022,9,10,7,0.61,0.97,1.56,75.23,115.15,11.44,0.14,0.67,12.06,10.72,11.39,11.54,95.31,0.01,72.74,0.22,263.88,0.24,281.31
2022,9,10,8,1.18,1.81,2.54,149.95,218.8,22.96,0.52,2.58,12.98,11.03,12.01,11.72,91.19,0.05,72.8,0.94,229.04,1.2,229.24
2022,9,10,9,1.65,2.52,3.37,211.15,304.55,31.59,0.94,4.92,13.77,11.65,12.71,12.21,90.12,0.09,72.82,1.61,218.88,2.06,218.69
2022,9,10,10,1.98,3.07,3.98,253.23,371.2,38.3,1.33,6.88,14.77,12.03,13.4,12.51,86.38,0.17,72.81,2.24,217.07,2.88,217.27
2022,9,10,11,2.3,3.38,4.34,294.7,408.85,44.71,1.67,8.48,15.76,12.4,14.08,12.82,82.94,0.28,72.75,2.81,217.09,3.62,217.19
2022,9,10,12,1.64,3.6,4.41,221.48,441.77,36.02,1.37,7.05,16.23,12.58,14.4,12.94,81.31,0.41,72.68,3.24,215.57,4.19,215.82
2022,9,10,13,1.47,3.43,4.2,198.23,417.75,32.28,1.2,6.05,16.62,12.76,14.69,13.12,80.38,0.54,72.59,3.53,215.8,4.57,215.89
2022,9,10,14,1.57,2.96,3.71,205.15,360.95,32.67,1.07,5.7,16.39,12.83,14.61,13.18,81.94,0.72,72.51,3.56,217.07,4.63,217.12
2022,9,10,15,1.25,2.28,2.98,159.48,277.67,24.55,0.64,3.25,15.9,12.82,14.36,13.24,84.62,0.84,72.47,3.39,217.98,4.42,218.04
2022,9,10,16,0.74,1.44,2.06,91.65,173.4,13.51,0.23,1.15,15.25,12.79,14.02,13.24,88.25,0.92,72.47,3.1,217.62,4.07,217.6
2022,9,10,17,0.31,0.58,1.02,36.2,67.75,5.12,0.03,0.15,14.25,12.82,13.53,13.24,94.44,0.97,72.5,2.61,216.73,3.5,216.74
2022,9,10,18,0.03,0.03,0.1,2.95,3.25,0.46,0,0,13,12.83,12.91,13.31,100,0.71,72.53,1.36,213.05,2.11,212.28
2022,9,10,19,0,0,0,0,0,0,0,0,12.73,12.8,12.76,13.24,100,0.64,72.56,1.14,207.45,1.97,206.06
2022,9,10,20,0,0,0,0,0,0,0,0,12.63,12.76,12.7,13.12,100,0.52,72.61,1.18,205.89,2.09,204.46
2022,9,10,21,0,0,0,0,0,0,0,0,12.48,12.71,12.6,13.06,100,0.42,72.65,1.29,207.03,2.28,205.78
2022,9,10,22,0,0,0,0,0,0,0,0,12.24,12.44,12.34,12.82,100,0.39,72.67,1.39,206.42,2.44,205.17
2022,9,10,23,0,0,0,0,0,0,0,0,11.87,12.02,11.94,12.45,100,0.38,72.67,1.4,204.13,2.36,201.8
2022,9,11,0,0,0,0,0,0,0,0,0,11.62,11.58,11.6,12.15,100,0.27,72.65,1.32,203.82,2.02,200.4
2022,9,11,1,0,0,0,0,0,0,0,0,11.5,11.14,11.32,11.78,100,0.14,72.62,0.82,198.43,1.2,193.58
2022,9,11,2,0,0,0,0,0,0,0,0,10.86,10.55,10.71,11.35,100,0.07,72.59,0.21,167.01,0.32,138.01
2022,9,11,3,0,0,0,0,0,0,0,0,10.37,10.02,10.19,10.99,100,0.05,72.55,0.11,56.31,0.43,45.74
2022,9,11,4,0,0,0,0,0,0,0,0,9.98,9.44,9.71,10.56,99.56,0.05,72.52,0.33,32.57,0.71,31.94
2022,9,11,5,0,0,0,0,0,0,0,0,9.83,8.95,9.39,10.19,97.25,0.05,72.51,0.42,31.33,0.8,31.35
2022,9,11,6,0.14,0.2,0.47,15.88,22.08,2.37,0.01,0.02,10.58,9.35,9.97,10.5,95.25,0.02,72.51,0.32,38,0.74,36.03
2022,9,11,7,0.68,0.99,1.55,83.48,116.77,12.44,0.15,0.73,13.58,10.88,12.23,11.72,87.12,0.01,72.54,0.17,149.93,0.2,115.56
2022,9,11,8,1.32,1.84,2.54,164.7,221.52,24.95,0.55,2.73,15.56,10.75,13.15,11.54,75.44,0.01,72.57,1.67,202.85,2.13,202.7
2022,9,11,9,1.73,2.56,3.36,218.73,307.55,32.81,0.96,5.05,16.4,11.51,13.95,12.08,75.12,0.01,72.59,2.55,209.16,3.27,209.13
2022,9,11,10,2.23,3.12,3.98,278.52,375.27,41.98,1.45,7.48,17.01,12.23,14.62,12.76,75.94,0.03,72.58,2.96,212.18,3.79,212.12
2022,9,11,11,2.07,3.43,4.33,267.7,412.38,41.18,1.54,7.75,17.1,12.87,14.99,13.31,78.81,0.09,72.55,3.25,213.42,4.17,213.45
2022,9,11,12,2.18,3.6,4.4,285.38,438.92,45.31,1.71,8.8,16.78,13.2,14.99,13.55,82.06,0.16,72.51,3.32,213.76,4.25,213.75
2022,9,11,13,1.93,3.39,4.18,250.65,411.92,39.78,1.45,7.35,16.24,13.15,14.69,13.49,84.56,0.22,72.44,3.22,213.23,4.14,213.21
2022,9,11,14,1.55,2.9,3.69,200.73,352.08,31.51,1.02,5.42,15.62,12.9,14.26,13.31,86.69,0.26,72.37,2.98,213.44,3.83,213.53
2022,9,11,15,1.18,2.21,2.96,148.8,267.75,22.8,0.59,3,15.08,12.65,13.87,13.18,88.56,0.28,72.32,2.7,214.88,3.49,214.97
2022,9,11,16,0.72,1.37,2.04,87.5,163.3,12.48,0.2,1,14.51,12.55,13.53,13.12,91.56,0.32,72.3,2.4,215.34,3.14,215.27
2022,9,11,17,0.28,0.53,1,32.12,61.5,4.46,0.02,0.12,13.75,12.66,13.21,13.31,97.38,0.38,72.3,1.96,215.09,2.64,215.1
2022,9,11,18,0.03,0.03,0.09,2.17,2.85,0.34,0,0,12.97,12.76,12.87,13.37,100,0.32,72.32,1.13,210.83,1.78,211.74
2022,9,11,19,0,0,0,0,0,0,0,0,12.87,12.87,12.87,13.43,100,0.34,72.35,1.15,208.83,1.94,210.17
2022,9,11,20,0,0,0,0,0,0,0,0,12.79,12.95,12.87,13.49,100,0.31,72.39,1.18,205.89,2.1,206.95
2022,9,11,21,0,0,0,0,0,0,0,0,12.7,12.83,12.76,13.31,100,0.32,72.43,1.46,203.4,2.46,204.04
2022,9,11,22,0,0,0,0,0,0,0,0,12.42,12.57,12.5,13.06,100,0.35,72.46,1.52,206.57,2.52,206.88
2022,9,11,23,0,0,0,0,0,0,0,0,12.14,12.26,12.2,12.82,100,0.29,72.46,1.54,212.16,2.52,212.46
2022,9,12,0,0,0,0,0,0,0,0,0,11.94,11.96,11.95,12.57,100,0.21,72.46,1.46,220.87,2.3,221.15
2022,9,12,1,0,0,0,0,0,0,0,0,11.59,11.5,11.55,12.21,100,0.11,72.43,1.02,229.02,1.71,229.99
2022,9,12,2,0,0,0,0,0,0,0,0,11.27,10.96,11.12,11.84,100,0.04,72.36,0.64,242.5,1.04,244.78
2022,9,12,3,0,0,0,0,0,0,0,0,11.05,10.59,10.82,11.54,100,0.01,72.31,0.42,285.07,0.71,291.22
2022,9,12,4,0,0,0,0,0,0,0,0,10.9,10.27,10.58,11.29,99.81,0,72.27,0.44,334.8,0.82,335.15
2022,9,12,5,0,0,0,0,0,0,0,0,10.85,9.84,10.35,10.99,97.25,0,72.26,0.53,2.53,1,2.24
2022,9,12,6,0.15,0.19,0.46,17.3,20.88,2.52,0.01,0.05,11.44,9.78,10.62,10.86,92.94,0,72.28,0.53,17.9,0.91,16.89
2022,9,12,7,0.8,0.94,1.54,92.92,109.52,12.59,0.15,0.7,13.37,10.8,12.08,11.72,88.25,0,72.33,0.22,242.53,0.29,249.62
2022,9,12,8,1.53,1.79,2.53,184.27,213.5,26.13,0.56,2.77,14.67,11.24,12.96,12.02,83.25,0,72.39,1.69,219.74,2.21,219.99
2022,9,12,9,2.11,2.54,3.36,259.4,303.08,37.77,1.1,5.8,15.55,11.9,13.72,12.51,82,0,72.43,2.34,219.85,3.02,219.86
2022,9,12,10,2.33,3.09,3.97,289,369.58,43.02,1.48,7.77,16.32,12.29,14.3,12.82,79.94,0.01,72.43,2.73,215.46,3.51,215.49
2022,9,12,11,2.42,3.4,4.32,303.7,406.4,46.05,1.72,8.8,16.76,12.69,14.73,13.18,79.56,0.04,72.39,3.25,209.22,4.19,209.39
2022,9,12,12,2.37,3.41,4.39,302.17,408.4,45.12,1.7,8.83,16.68,12.88,14.78,13.31,80.75,0.07,72.33,3.7,205.1,4.82,205.15
2022,9,12,13,1.97,3.22,4.17,250.42,386.52,37.68,1.36,6.98,16.28,12.94,14.61,13.37,83.06,0.08,72.26,3.98,202.74,5.25,202.67
2022,9,12,14,1.38,2.72,3.68,181.98,329.9,27.56,0.88,4.73,15.62,12.97,14.3,13.37,86.5,0.07,72.21,4.01,202.07,5.32,202
2022,9,12,15,1.14,2.07,2.94,142.27,248.85,20.69,0.52,2.67,15.12,12.87,14,13.24,88.75,0.05,72.2,3.89,202.29,5.19,202.01
2022,9,12,16,0.6,1.26,2.02,73.05,149.65,10.36,0.17,0.85,14.54,12.73,13.63,13.12,91.19,0.04,72.22,3.61,201.46,4.85,201.24
2022,9,12,17,0.2,0.48,0.98,23.17,55.85,3.39,0.02,0.1,13.62,12.44,13.03,12.88,95.06,0.03,72.27,3.03,199.28,4.12,198.92
2022,9,12,18,0.02,0.02,0.08,1.25,2.48,0.21,0,0,12.37,12.06,12.22,12.57,100,0.05,72.33,1.56,200.52,2.27,198.68
2022,9,12,19,0,0,0,0,0,0,0,0,11.9,11.75,11.83,12.33,100,0.04,72.41,1.05,207.9,1.61,204.7
2022,9,12,20,0,0,0,0,0,0,0,0,11.55,11.3,11.42,11.96,100,0.03,72.48,0.81,214,1.13,208.86
2022,9,12,21,0,0,0,0,0,0,0,0,11.14,10.8,10.97,11.54,100,0.03,72.52,0.5,222.46,0.58,216.71
2022,9,12,22,0,0,0,0,0,0,0,0,10.67,10.26,10.47,11.17,100,0.04,72.52,0.21,228.01,0.11,254.05
2022,9,12,23,0,0,0,0,0,0,0,0,10.21,9.82,10.01,10.86,100,0.06,72.48,0.13,3.37,0.44,10.3
2022,9,13,0,0,0,0,0,0,0,0,0,9.98,9.41,9.69,10.56,99.62,0.05,72.44,0.31,19.36,0.71,17.84
2022,9,13,1,0,0,0,0,0,0,0,0,9.9,9.01,9.46,10.31,97.56,0.03,72.4,0.43,25.64,0.88,23.6
2022,9,13,2,0,0,0,0,0,0,0,0,9.84,8.59,9.22,10.01,95.06,0.02,72.35,0.62,28.5,1.15,26.74
2022,9,13,3,0,0,0,0,0,0,0,0,10.1,8.23,9.17,9.77,91.06,0.02,72.32,0.73,30.12,1.25,29.61
2022,9,13,4,0,0,0,0,0,0,0,0,10.55,7.97,9.26,9.58,86.69,0.04,72.32,0.66,29.91,1.06,29.01
2022,9,13,5,0,0,0,0,0,0,0,0,10.97,7.75,9.36,9.4,83,0.05,72.35,0.45,25.68,0.71,24.6
2022,9,13,6,0.11,0.18,0.45,12.7,20.25,1.94,0.01,0.02,11.32,7.98,9.65,9.52,82.31,0.05,72.39,0.27,6.71,0.43,7.25
2022,9,13,7,0.55,0.96,1.53,64.2,112.65,9.62,0.12,0.58,12.6,9.44,11.02,10.62,84,0.03,72.45,0.18,254.74,0.25,277.13
2022,9,13,8,1.01,1.84,2.52,126.27,219.73,19.93,0.45,2.23,14.27,10,12.13,10.99,78.12,0.04,72.52,1.09,209.69,1.38,210.19
2022,9,13,9,1.29,2.57,3.35,166.05,308.83,26.65,0.8,4.25,15.24,10.64,12.94,11.41,76.5,0.06,72.55,1.96,208.1,2.5,208.32
2022,9,13,10,1.73,3.13,3.96,227.73,375.48,36.28,1.3,6.77,16.01,11.4,13.7,12.02,76.56,0.09,72.55,2.54,206.25,3.25,206.44
2022,9,13,11,2,3.45,4.31,257.45,414.38,40.84,1.55,7.85,16.22,11.94,14.08,12.45,78.31,0.12,72.52,3.03,204.52,3.89,204.66
2022,9,13,12,2,3.45,4.38,258.05,416.27,40.6,1.54,7.83,16.01,12.27,14.14,12.76,80.88,0.14,72.46,3.28,202.41,4.24,202.41
2022,9,13,13,1.75,3.28,4.15,230.58,393.92,36.96,1.35,6.88,15.65,12.39,14.01,12.82,83.25,0.16,72.4,3.39,200.53,4.43,200.41
2022,9,13,14,1.38,2.8,3.66,184.4,336.27,29.34,0.97,5.2,15.23,12.37,13.8,12.76,85.12,0.16,72.35,3.38,199.02,4.45,198.85
2022,9,13,15,1.04,2.07,2.93,131.5,245.17,19.6,0.51,2.58,14.51,12.29,13.4,12.7,88.62,0.18,72.31,3.14,198.12,4.15,197.89
2022,9,13,16,0.65,1.24,2,78.48,143.83,11.04,0.18,0.9,13.66,12.16,12.91,12.57,92.81,0.21,72.32,2.65,198.22,3.53,198.07
2022,9,13,17,0.26,0.45,0.96,29.5,51.35,4.36,0.02,0.12,12.96,12.05,12.51,12.45,96.38,0.22,72.35,2.03,200.45,2.74,200.19
2022,9,13,18,0.02,0.02,0.07,1.85,2.08,0.29,0,0,12.3,11.95,12.12,12.39,100,0.22,72.41,1.21,204.75,1.75,204.74
2022,9,13,19,0,0,0,0,0,0,0,0,11.98,11.8,11.9,12.27,100,0.19,72.48,0.82,206.57,1.29,207.81
2022,9,13,20,0,0,0,0,0,0,0,0,11.8,11.65,11.73,12.15,100,0.17,72.55,0.63,206.57,1,210.35
2022,9,13,21,0,0,0,0,0,0,0,0,11.54,11.4,11.48,11.96,100,0.2,72.59,0.45,213.69,0.75,222.47
2022,9,13,22,0,0,0,0,0,0,0,0,11.19,11.09,11.14,11.66,100,0.22,72.59,0.35,225.91,0.62,236.92
2022,9,13,23,0,0,0,0,0,0,0,0,10.83,10.76,10.8,11.41,100,0.18,72.57,0.28,241.26,0.5,253.81
2022,9,14,0,0,0,0,0,0,0,0,0,10.47,10.4,10.43,11.17,100,0.13,72.55,0.25,264.64,0.49,274.61
2022,9,14,1,0,0,0,0,0,0,0,0,10.17,10.11,10.14,10.99,100,0.08,72.5,0.25,291.8,0.49,298.61
2022,9,14,2,0,0,0,0,0,0,0,0,10,9.84,9.92,10.8,100,0.04,72.45,0.26,333.43,0.53,342.1
2022,9,14,3,0,0,0,0,0,0,0,0,9.87,9.53,9.7,10.56,100,0.02,72.41,0.4,5.6,0.88,10.21
2022,9,14,4,0,0,0,0,0,0,0,0,9.87,9.1,9.48,10.25,97.38,0.01,72.4,0.65,20.39,1.23,21.19
2022,9,14,5,0,0,0,0,0,0,0,0,10.3,8.76,9.53,10.01,92.38,0.02,72.42,0.69,24.23,1.14,23.76
2022,9,14,6,0.13,0.17,0.45,13.92,18.73,2.05,0.01,0.02,10.98,8.94,9.96,10.13,89.69,0.06,72.48,0.4,10.2,0.69,9.78
2022,9,14,7,0.6,0.89,1.52,70.8,101.15,9.87,0.12,0.55,13.11,10.62,11.87,11.47,88.06,0.17,72.58,0.7,247.72,0.93,252.33
2022,9,14,8,1.15,1.71,2.51,141.2,200.15,20.27,0.44,2.17,13.96,10.86,12.4,11.6,84.25,0.31,72.66,1.76,228.24,2.28,228.61
2022,9,14,9,1.57,2.45,3.34,197.4,289.27,28.95,0.85,4.48,14.69,11.37,13.03,11.96,82.88,0.4,72.68,2.19,225,2.79,225.34
2022,9,14,10,1.86,3.01,3.95,235.27,357.12,34.98,1.2,6.27,15.91,11.9,13.9,12.39,79.5,0.39,72.67,2.54,222.88,3.22,222.94
2022,9,14,11,2.49,3.32,4.3,308.5,394.95,45.13,1.67,8.42,16.63,12.31,14.48,12.76,77.94,0.3,72.63,3.05,217.31,3.91,217.37
2022,9,14,12,2.05,3.54,4.36,269.23,430.92,42.52,1.63,8.38,16.76,12.65,14.71,13,79,0.26,72.58,3.43,213,4.4,213.13
2022,9,14,13,1.73,3.34,4.14,228.52,402.95,36.2,1.33,6.77,16.52,12.84,14.69,13.18,81.25,0.23,72.52,3.5,211.78,4.49,211.78
2022,9,14,14,1.49,2.84,3.64,192.6,342.12,30.03,0.97,5.15,16.08,12.81,14.44,13.18,83.5,0.22,72.47,3.41,212.45,4.37,212.53
2022,9,14,15,1.23,2.15,2.91,152.8,256.67,22.72,0.58,2.95,15.53,12.65,14.09,13.06,85.69,0.2,72.44,3.1,212.85,3.99,212.85
2022,9,14,16,0.72,1.3,1.99,86.12,152.85,12.2,0.2,0.98,14.87,12.44,13.65,12.94,88.25,0.2,72.45,2.67,211.97,3.46,212.07
2022,9,14,17,0.33,0.48,0.93,36.62,54.42,5.07,0.03,0.12,13.81,12.22,13.01,12.76,93.19,0.21,72.48,2.1,211.15,2.75,211.08
2022,9,14,18,0.03,0.02,0.07,1.9,1.98,0.3,0,0,12.52,12.14,12.33,12.7,100,0.34,72.52,1.03,214.53,1.49,214.77
2022,9,14,19,0,0,0,0,0,0,0,0,12.23,11.98,12.11,12.57,100,0.28,72.57,0.76,218.75,1.11,220.17
2022,9,14,20,0,0,0,0,0,0,0,0,12.08,11.83,11.95,12.45,100,0.2,72.63,0.64,222.04,0.95,225.67
2022,9,14,21,0,0,0,0,0,0,0,0,11.79,11.54,11.66,12.21,100,0.17,72.66,0.52,229.3,0.77,236.63
2022,9,14,22,0,0,0,0,0,0,0,0,11.44,11.19,11.32,11.96,100,0.12,72.65,0.34,246.97,0.57,255.77
2022,9,14,23,0,0,0,0,0,0,0,0,11.12,10.91,11.01,11.72,100,0.05,72.61,0.27,264.96,0.5,272.68
2022,9,15,0,0,0,0,0,0,0,0,0,10.84,10.66,10.76,11.54,100,0.02,72.57,0.25,284.47,0.49,286.7
2022,9,15,1,0,0,0,0,0,0,0,0,10.58,10.42,10.5,11.35,100,0.01,72.52,0.25,302.2,0.48,299.05
2022,9,15,2,0,0,0,0,0,0,0,0,10.37,10.22,10.3,11.23,100,0.01,72.47,0.26,321.07,0.46,315
2022,9,15,3,0,0,0,0,0,0,0,0,10.09,10,10.05,11.05,100,0.02,72.45,0.31,320.19,0.55,319.57
2022,9,15,4,0,0,0,0,0,0,0,0,9.76,9.72,9.73,10.8,100,0.04,72.43,0.31,331.5,0.65,334.98
2022,9,15,5,0,0,0,0,0,0,0,0,9.44,9.34,9.39,10.56,100,0.08,72.43,0.34,352.06,0.81,356.7
2022,9,15,6,0.12,0.17,0.44,13.1,18.6,1.96,0.01,0.02,9.84,9.44,9.64,10.62,100,0.16,72.44,0.42,6.46,0.93,9.15
2022,9,15,7,0.59,0.92,1.52,68.42,106.8,10.04,0.11,0.55,12.1,10.36,11.23,11.29,92.56,0.28,72.48,0.59,346.89,0.84,349.84
2022,9,15,8,1.07,1.71,2.51,127.33,201.88,18.62,0.39,1.92,14.52,10.51,12.51,11.29,79.19,0.46,72.52,1.25,254.4,1.6,254.4
2022,9,15,9,1.63,2.48,3.33,203.6,295.5,30.77,0.88,4.62,16.07,10.63,13.35,11.35,72.06,0.61,72.53,2.05,234.92,2.59,234.68
2022,9,15,10,1.99,3.03,3.94,249.95,361.95,38.46,1.3,6.83,17.15,11.41,14.28,12.02,71,0.67,72.51,2.75,221.66,3.49,221.64
2022,9,15,11,1.98,3.33,4.29,251.62,398.35,38.95,1.41,7.15,17.46,12.36,14.9,12.82,74.19,0.81,72.48,3.39,214.75,4.33,214.78
2022,9,15,12,1.61,3.33,4.35,212.58,399.38,33.35,1.22,6.15,17.19,13.1,15.15,13.49,79.25,1,72.44,3.65,212.5,4.69,212.47
2022,9,15,13,1.71,3.13,4.13,222.2,373.48,34.8,1.23,6.27,16.72,13.44,15.08,13.79,83.5,1.1,72.38,3.72,212.82,4.79,212.81
2022,9,15,14,1.47,2.65,3.63,188.08,314.15,28.84,0.9,4.83,16.31,13.37,14.84,13.67,85.12,1.03,72.31,3.82,213.98,4.96,213.97
2022,9,15,15,1.02,1.99,2.89,129.75,233.5,19.99,0.5,2.55,15.6,13.19,14.4,13.55,88.12,0.9,72.27,3.67,214.33,4.81,214.34
2022,9,15,16,0.65,1.19,1.97,81.15,136.45,12.54,0.2,1,14.81,13.01,13.91,13.43,91.69,0.68,72.26,3.36,213.43,4.44,213.44
2022,9,15,17,0.24,0.4,0.91,27.83,44.92,4.04,0.02,0.1,13.9,12.89,13.4,13.31,96.5,0.45,72.27,2.82,212.19,3.78,212.18
2022,9,15,18,0.02,0.01,0.06,1.23,1.55,0.2,0,0,13.16,12.88,13.02,13.31,100,0.25,72.3,1.83,208.53,2.61,208.64
2022,9,15,19,0,0,0,0,0,0,0,0,12.97,12.86,12.91,13.24,100,0.15,72.35,1.43,206,2.18,206.38
2022,9,15,20,0,0,0,0,0,0,0,0,12.75,12.66,12.71,13.06,100,0.1,72.41,1.22,204.6,1.96,205.24
2022,9,15,21,0,0,0,0,0,0,0,0,12.65,12.37,12.51,12.82,100,0.07,72.44,1.01,203.2,1.48,202.92
2022,9,15,22,0,0,0,0,0,0,0,0,12.33,11.9,12.11,12.45,100,0.05,72.43,0.56,193.65,0.72,190.7
2022,9,15,23,0,0,0,0,0,0,0,0,11.63,11.36,11.49,12.02,100,0.05,72.38,0.36,178.75,0.35,142.35
2022,9,16,0,0,0,0,0,0,0,0,0,11.14,10.83,10.99,11.66,100,0.08,72.32,0.28,158.5,0.39,102.65
2022,9,16,1,0,0,0,0,0,0,0,0,10.72,10.4,10.56,11.29,100,0.11,72.26,0.26,144.87,0.44,99.13
2022,9,16,2,0,0,0,0,0,0,0,0,10.25,9.98,10.12,10.99,100,0.14,72.22,0.23,93.95,0.55,75.96
2022,9,16,3,0,0,0,0,0,0,0,0,9.95,9.58,9.77,10.68,100,0.18,72.18,0.3,64.09,0.67,61.34
2022,9,16,4,0,0,0,0,0,0,0,0,9.76,9.15,9.45,10.38,98.94,0.18,72.16,0.39,54.06,0.78,53.13
2022,9,16,5,0,0,0,0,0,0,0,0,9.64,8.59,9.12,10.01,96.06,0.19,72.14,0.49,48.9,0.93,48.05
2022,9,16,6,0.09,0.15,0.43,9.95,16.42,1.49,0.01,0.02,10.19,8.8,9.49,10.13,94,0.19,72.14,0.48,47.66,1,45.95
2022,9,16,7,0.38,0.82,1.51,45.27,93.98,6.85,0.08,0.38,12.89,10.04,11.46,11.05,85.81,0.22,72.18,0.27,70.02,0.47,62.15
2022,9,16,8,0.78,1.64,2.5,97.08,191.58,14.91,0.33,1.6,15.19,10.19,12.69,11.11,74.25,0.25,72.23,1.27,218,1.61,218.09
2022,9,16,9,1.37,2.36,3.32,171.33,278.85,25.98,0.75,3.92,16.11,11.05,13.58,11.78,74.06,0.25,72.28,2.5,217.37,3.2,217.46
2022,9,16,10,1.6,2.89,3.93,198.77,342.7,30.63,1.04,5.42,16.74,11.89,14.32,12.45,75.25,0.25,72.29,2.81,214.13,3.57,214.11
2022,9,16,11,1.89,3.15,4.28,234.38,372.1,35.65,1.3,6.55,17.25,12.58,14.91,13,76.25,0.28,72.26,3.04,210.91,3.85,210.88
2022,9,16,12,2.05,3.51,4.34,268.75,428.6,43.44,1.65,8.35,17.28,13.15,15.22,13.55,79,0.32,72.2,3.29,209.49,4.18,209.44
2022,9,16,13,1.96,3.26,4.11,256.95,395.67,40.15,1.45,7.38,16.96,13.51,15.23,13.85,82.44,0.34,72.13,3.38,209.53,4.31,209.54
2022,9,16,14,1.6,2.79,3.61,205.3,336.42,31.41,0.98,5.2,16.55,13.51,15.03,13.92,84.69,0.36,72.05,3.42,210.6,4.39,210.58
2022,9,16,15,1.21,2.11,2.87,151.9,254.23,23.62,0.59,3.02,15.94,13.33,14.64,13.73,87.19,0.35,72.01,3.4,211.1,4.43,211.14
2022,9,16,16,0.79,1.28,1.95,96.05,150.85,14.45,0.23,1.15,15.05,13.2,14.12,13.67,91.69,0.33,72.02,3.13,210.79,4.1,210.72
2022,9,16,17,0.22,0.44,0.89,26.7,49.6,4.12,0.02,0.1,14.15,13.12,13.64,13.61,96.75,0.32,72.04,2.62,209.09,3.5,209.08
2022,9,16,18,0.02,0.01,0.05,1.2,1.45,0.19,0,0,13.09,13.05,13.07,13.55,100,0.17,72.08,1.43,204.88,2.2,204.75
2022,9,16,19,0,0,0,0,0,0,0,0,13.15,13.21,13.19,13.61,100,0.18,72.13,1.32,200.48,2.15,199.95
2022,9,16,20,0,0,0,0,0,0,0,0,13.16,13.29,13.23,13.67,100,0.19,72.19,1.37,200.29,2.3,199.85
2022,9,16,21,0,0,0,0,0,0,0,0,13.07,13.27,13.17,13.61,100,0.24,72.23,1.46,201.06,2.46,200.28
2022,9,16,22,0,0,0,0,0,0,0,0,12.87,13.07,12.97,13.43,100,0.32,72.23,1.52,201.69,2.58,200.41
2022,9,16,23,0,0,0,0,0,0,0,0,12.49,12.61,12.55,13,100,0.39,72.22,1.46,200.66,2.45,199.01
2022,9,17,0,0,0,0,0,0,0,0,0,12.17,12.1,12.13,12.63,100,0.38,72.2,1.27,194.21,1.93,192.13
2022,9,17,1,0,0,0,0,0,0,0,0,11.81,11.54,11.68,12.21,100,0.31,72.17,0.79,182.83,1.09,176.3
2022,9,17,2,0,0,0,0,0,0,0,0,11.17,10.86,11.01,11.66,100,0.2,72.15,0.42,174.71,0.48,147.6
2022,9,17,3,0,0,0,0,0,0,0,0,10.67,10.12,10.4,11.11,99.69,0.13,72.15,0.22,154.36,0.3,100.44
2022,9,17,4,0,0,0,0,0,0,0,0,10.54,9.52,10.03,10.68,96.62,0.11,72.18,0.13,100.01,0.32,69.78
2022,9,17,5,0,0,0,0,0,0,0,0,10.32,8.98,9.65,10.25,94.5,0.11,72.21,0.25,61.82,0.53,54.66
2022,9,17,6,0.1,0.15,0.42,11.73,16.88,1.78,0.01,0.02,10.51,9.06,9.79,10.31,93.88,0.11,72.25,0.2,80.91,0.56,58.08
2022,9,17,7,0.42,0.86,1.5,51.6,100.2,8.12,0.09,0.48,12.61,9.74,11.17,10.8,85.56,0.11,72.3,0.29,97.7,0.47,80.38
2022,9,17,8,1.05,1.69,2.49,130.52,200.98,20.08,0.44,2.15,14.98,9.94,12.46,10.93,74.19,0.13,72.37,1.07,197.78,1.35,197.81
2022,9,17,9,1.36,2.41,3.32,176.73,287.85,28.11,0.83,4.3,16.02,10.62,13.32,11.41,72.38,0.15,72.41,2.4,207.32,3.06,207.35
2022,9,17,10,1.72,2.97,3.92,223.5,356.58,35.58,1.22,6.42,16.58,11.37,13.98,12.02,73.44,0.15,72.42,2.77,210.69,3.52,210.55
2022,9,17,11,1.86,3.27,4.27,246.85,394.12,39.41,1.45,7.42,17.02,12.06,14.54,12.57,74.69,0.13,72.41,2.97,211.69,3.77,211.72
2022,9,17,12,1.66,3.24,4.33,225.05,393.38,35.71,1.3,6.65,17.19,12.6,14.9,13,76.56,0.11,72.37,3.21,213.5,4.1,213.42
2022,9,17,13,1.57,2.99,4.1,203.92,356.92,31.07,1.09,5.58,17.07,13,15.04,13.37,79.25,0.09,72.31,3.27,215.67,4.17,215.62
2022,9,17,14,1.38,2.56,3.6,181.42,308.08,28.89,0.91,4.83,16.65,13.19,14.92,13.55,82.5,0.09,72.26,3.2,217.65,4.1,217.57
2022,9,17,15,1.08,1.88,2.85,137.95,223.2,21.41,0.53,2.7,16.03,13.19,14.61,13.61,85.94,0.08,72.22,3,218.12,3.87,217.96
2022,9,17,16,0.59,1.05,1.93,69.85,119.45,9.64,0.15,0.75,15.23,13.07,14.15,13.49,89.94,0.09,72.23,2.64,217.07,3.44,216.87
2022,9,17,17,0.21,0.37,0.92,24.55,42.58,3.73,0.02,0.1,14.23,13.02,13.63,13.49,95.69,0.11,72.25,2,215.3,2.65,215.14
2022,9,17,18,0,0,0,0,0,0,0,0,13.49,13.15,13.32,13.61,100,0.1,72.28,1.08,204.34,1.57,203.76
2022,9,17,19,0,0,0,0,0,0,0,0,13.49,13.3,13.4,13.73,100,0.09,72.32,0.87,191.41,1.36,190.28
2022,9,17,20,0,0,0,0,0,0,0,0,13.47,13.37,13.41,13.73,100,0.08,72.36,0.9,192.48,1.49,190.6
2022,9,17,21,0,0,0,0,0,0,0,0,13.37,13.33,13.35,13.67,100,0.1,72.38,1.06,198.43,1.79,196.7
2022,9,17,22,0,0,0,0,0,0,0,0,13.27,13.29,13.28,13.67,100,0.12,72.36,1.27,203.57,2.13,202.62
2022,9,17,23,0,0,0,0,0,0,0,0,13.08,13.14,13.12,13.49,100,0.11,72.36,1.31,206.26,2.19,205.83
2022,9,18,0,0,0,0,0,0,0,0,0,12.82,12.87,12.84,13.18,100,0.1,72.35,1.25,208.81,2.08,209.26
2022,9,18,1,0,0,0,0,0,0,0,0,12.44,12.4,12.42,12.82,100,0.08,72.33,1.09,211.88,1.85,214.36
2022,9,18,2,0,0,0,0,0,0,0,0,11.95,11.82,11.89,12.39,100,0.06,72.31,0.79,219.81,1.34,225.24
2022,9,18,3,0,0,0,0,0,0,0,0,11.51,11.28,11.4,11.96,100,0.03,72.29,0.35,240.57,0.59,256.15
2022,9,18,4,0,0,0,0,0,0,0,0,11.18,10.88,11.03,11.66,100,0.01,72.28,0.14,317.29,0.37,337.75
2022,9,18,5,0,0,0,0,0,0,0,0,11.05,10.62,10.83,11.41,100,0.01,72.3,0.23,3.95,0.5,5.36
2022,9,18,6,0.12,0.14,0.42,12.77,15.83,1.88,0.01,0.02,11.29,10.73,11.01,11.54,99.44,0,72.35,0.19,4.76,0.46,6.88
2022,9,18,7,0.49,0.79,1.49,54.83,88.8,7.43,0.08,0.4,12.69,11.37,12.03,12.02,94.81,0,72.41,0.38,274.67,0.48,279.46
2022,9,18,8,0.95,1.56,2.48,113.92,181.12,16.23,0.34,1.65,14.05,11.83,12.94,12.39,89.38,0,72.47,1.53,229.14,1.96,229.37
2022,9,18,9,1.25,2.25,3.31,159.2,264.23,23.36,0.66,3.45,14.87,12.22,13.55,12.7,86.69,0,72.51,2.41,219.62,3.11,219.81
2022,9,18,10,2.14,2.77,3.91,257.45,326.6,37.7,1.24,6.5,15.39,12.47,13.93,12.88,85.06,0.01,72.53,2.79,215.87,3.58,216.05
2022,9,18,11,1.8,3.11,4.25,231.67,370.05,36.73,1.33,6.77,15.66,12.54,14.1,12.88,83.69,0.02,72.52,2.93,213.56,3.75,213.69
2022,9,18,12,2.22,3.53,4.31,296.02,432.9,48.16,1.82,9.3,15.64,12.48,14.06,12.82,83.38,0.03,72.49,2.86,211.47,3.67,211.59
2022,9,18,13,1.8,3.3,4.08,239.8,402.85,39.08,1.41,7.23,15.5,12.32,13.91,12.7,83.31,0.03,72.44,2.65,212.1,3.41,212.16
2022,9,18,14,1.3,2.8,3.58,176.45,340.52,28.7,0.91,4.8,15.33,12.13,13.73,12.57,83.31,0.04,72.4,2.26,215.28,2.91,215.27
2022,9,18,15,1.12,2.08,2.84,141.65,250.33,21.45,0.53,2.65,15.05,11.84,13.44,12.33,83.31,0.03,72.37,1.48,219.65,1.92,219.39
2022,9,18,16,0.65,1.21,1.91,77.33,142.33,11.07,0.16,0.83,14.78,11.51,13.15,12.08,83.12,0.02,72.36,0.87,223.55,1.15,222.8
2022,9,18,17,0.27,0.43,0.89,31,48.9,4.62,0.02,0.12,14.17,11.61,12.89,12.21,87.31,0.01,72.37,0.49,214.7,0.6,217.61
2022,9,18,18,0,0,0,0,0,0,0,0,13.12,11.41,12.26,12.02,92.25,0.01,72.4,0.06,180,0.03,153.43
2022,9,18,19,0,0,0,0,0,0,0,0,12.45,11.12,11.79,11.78,94.44,0.01,72.46,0.22,55.18,0.39,54.06
2022,9,18,20,0,0,0,0,0,0,0,0,12.09,10.88,11.48,11.66,95.38,0.01,72.52,0.29,57.99,0.52,56.55
2022,9,18,21,0,0,0,0,0,0,0,0,11.81,10.57,11.19,11.41,95.44,0.01,72.56,0.31,54.29,0.51,56.79
2022,9,18,22,0,0,0,0,0,0,0,0,11.32,10.26,10.79,11.17,96.56,0.01,72.57,0.29,50.39,0.46,53.9
2022,9,18,23,0,0,0,0,0,0,0,0,10.94,9.95,10.44,10.99,97.31,0.01,72.56,0.3,38.66,0.46,40.18
2022,9,19,0,0,0,0,0,0,0,0,0,10.72,9.62,10.17,10.74,96.56,0.01,72.54,0.35,23.7,0.57,24.44
2022,9,19,1,0,0,0,0,0,0,0,0,10.56,9.23,9.9,10.44,95.06,0.01,72.51,0.42,17.42,0.72,17.65
2022,9,19,2,0,0,0,0,0,0,0,0,10.53,8.9,9.72,10.25,93.06,0.01,72.47,0.51,15.95,0.92,16.28
2022,9,19,3,0,0,0,0,0,0,0,0,10.67,8.49,9.58,9.95,89.5,0.01,72.45,0.65,16.9,1.12,17.93
2022,9,19,4,0,0,0,0,0,0,0,0,10.87,8.01,9.44,9.58,85.25,0.01,72.43,0.78,21.7,1.27,21.67
2022,9,19,5,0,0,0,0,0,0,0,0,11.1,7.57,9.33,9.28,81.31,0.01,72.44,0.8,24.08,1.28,24.07
2022,9,19,6,0.14,0.14,0.41,14.85,16.55,2.16,0.01,0.02,11.69,7.64,9.66,9.34,78.5,0.01,72.49,0.64,30.61,1.04,30.82
2022,9,19,7,0.78,0.83,1.48,88.6,95.35,11.52,0.12,0.58,14.01,9.2,11.61,10.44,75.75,0,72.57,0.2,117.55,0.24,113.2
2022,9,19,8,1.48,1.63,2.47,174.55,191.42,23.96,0.48,2.38,15.78,10.21,12.99,11.17,72.06,0,72.65,1.76,201.9,2.28,202.09
2022,9,19,9,1.76,2.36,3.3,218.9,280.55,31.66,0.89,4.62,16.46,11.38,13.92,12.02,74.56,0,72.69,2.56,205.7,3.28,205.96
2022,9,19,10,2.1,2.88,3.9,263.27,343.77,38.44,1.27,6.7,16.97,12.33,14.65,12.82,76.81,0,72.7,2.88,206.57,3.68,206.62
2022,9,19,11,2.32,3.17,4.24,290.55,377.77,42.83,1.53,7.77,17.18,12.94,15.06,13.37,78.94,0,72.67,3.17,207.77,4.05,207.95
2022,9,19,12,2.16,3.38,4.3,280.73,410.55,43.66,1.62,8.27,17.16,13.27,15.22,13.61,80.62,0,72.62,3.47,210.14,4.48,210.28
2022,9,19,13,1.89,3.17,4.07,244.42,381.67,38.3,1.35,6.95,17.05,13.37,15.2,13.73,81.75,0.01,72.55,3.72,213.62,4.85,213.77
2022,9,19,14,1.49,2.67,3.56,189.12,320.3,28.42,0.88,4.58,16.65,13.29,14.97,13.67,83.5,0.01,72.48,3.79,217.2,4.99,217.3
2022,9,19,15,0.97,1.96,2.82,119.55,232.88,17.48,0.42,2.1,15.88,13.26,14.58,13.67,87.56,0.01,72.45,3.6,221.83,4.8,221.9
2022,9,19,16,0.56,1.14,1.88,67.02,132.45,9.53,0.15,0.7,14.94,13.48,14.21,13.92,94.62,0.02,72.45,3.11,226.43,4.19,226.58
2022,9,19,17,0.26,0.4,0.86,31.73,45.48,4.89,0.02,0.12,14.33,13.76,14.05,14.22,100,0.02,72.46,2.36,229.03,3.27,228.97
2022,9,19,18,0,0,0,0,0,0,0,0,13.91,13.84,13.87,14.34,100,0.06,72.5,1.5,225.84,2.29,224.86
2022,9,19,19,0,0,0,0,0,0,0,0,13.94,14.01,13.97,14.47,100,0.05,72.56,1.8,219.9,2.77,219.04
2022,9,19,20,0,0,0,0,0,0,0,0,13.97,13.99,13.98,14.4,100,0.04,72.65,2,216.11,3.02,215
2022,9,19,21,0,0,0,0,0,0,0,0,13.65,13.6,13.62,13.98,100,0.04,72.7,1.92,212.52,2.89,211.5
2022,9,19,22,0,0,0,0,0,0,0,0,12.89,12.99,12.94,13.43,100,0.04,72.71,1.27,208.61,2.09,206.47
2022,9,19,23,0,0,0,0,0,0,0,0,12.41,12.26,12.33,12.76,100,0.04,72.7,1,204.96,1.65,200.84
2022,9,20,0,0,0,0,0,0,0,0,0,11.98,11.6,11.8,12.27,100,0.03,72.65,0.49,205.74,0.72,200.99
2022,9,20,1,0,0,0,0,0,0,0,0,11.55,11.24,11.4,11.96,100,0.02,72.58,0.24,223.67,0.21,248.2
2022,9,20,2,0,0,0,0,0,0,0,0,11.46,10.84,11.15,11.66,99.56,0.01,72.51,0.18,309.81,0.42,334.86
2022,9,20,3,0,0,0,0,0,0,0,0,11.64,10.61,11.12,11.47,96.81,0.01,72.47,0.3,337.38,0.58,341.81
2022,9,20,4,0,0,0,0,0,0,0,0,11.9,10.39,11.15,11.35,93.94,0,72.46,0.3,351.03,0.51,352.12
2022,9,20,5,0,0,0,0,0,0,0,0,11.94,10.18,11.06,11.17,92.62,0,72.48,0.3,16.56,0.49,15.57
2022,9,20,6,0.11,0.15,0.4,12.33,16.42,1.91,0.01,0.02,12.01,10.12,11.06,11.17,92.06,0,72.52,0.29,32.01,0.48,31.12
2022,9,20,7,0.62,0.86,1.48,71.7,98.2,9.94,0.11,0.52,13.6,10.79,12.19,11.72,87.12,0,72.57,0.14,153.43,0.11,149.74
2022,9,20,8,1.27,1.73,2.46,157.8,205.4,24.09,0.53,2.6,15.58,10.48,13.04,11.41,74.81,0,72.63,1.37,190.48,1.77,190.96
2022,9,20,9,1.72,2.46,3.29,220.23,295.65,34.36,1.02,5.38,16.66,10.57,13.62,11.35,69.5,0,72.65,2.39,194.99,3.09,195.27
2022,9,20,10,1.97,2.96,3.89,249.27,354.17,38.09,1.29,6.85,17.15,11.5,14.33,12.08,71.75,0.01,72.66,2.81,199.14,3.59,199.3
2022,9,20,11,2.11,3.26,4.23,272.08,390.38,41.57,1.53,7.75,17.48,12.39,14.94,12.88,74.56,0.02,72.65,3.08,202.02,3.93,201.93
2022,9,20,12,2.07,3.49,4.29,273.92,427.38,44.62,1.7,8.67,17.45,12.96,15.21,13.37,77.56,0.03,72.6,3.32,203.61,4.25,203.6
2022,9,20,13,1.87,3.27,4.05,245.52,398.7,39.98,1.43,7.45,17.07,13.17,15.12,13.55,80.56,0.03,72.54,3.43,204.35,4.41,204.29
2022,9,20,14,1.58,2.78,3.55,205.25,337.95,32.34,1.02,5.38,16.55,13.13,14.83,13.55,83.19,0.03,72.48,3.36,205.61,4.34,205.69
2022,9,20,15,1.24,2.08,2.8,155.45,250.83,23.48,0.58,2.88,16.03,12.97,14.5,13.43,85,0.03,72.45,3.12,208.04,4.04,208
2022,9,20,16,0.71,1.23,1.86,85.95,145.85,12.38,0.19,0.92,15.45,12.66,14.06,13.18,86.56,0.02,72.45,2.64,211.57,3.44,211.52
2022,9,20,17,0.3,0.42,0.83,35.85,48.25,5.28,0.02,0.12,14.52,12.57,13.55,13.06,91.44,0.01,72.46,1.88,217.58,2.49,217.48
2022,9,20,18,0,0,0,0,0,0,0,0,13.29,12.65,12.98,13.18,99.81,0.01,72.5,0.69,226.85,0.98,230.19
2022,9,20,19,0,0,0,0,0,0,0,0,12.97,12.58,12.78,13.12,100,0.01,72.55,0.24,243.43,0.3,259.56
2022,9,20,20,0,0,0,0,0,0,0,0,12.65,12.36,12.5,12.88,100,0.01,72.61,0.02,0,0.13,21.8
2022,9,20,21,0,0,0,0,0,0,0,0,12.23,12.01,12.12,12.57,100,0.02,72.66,0.1,38.66,0.27,35.54
2022,9,20,22,0,0,0,0,0,0,0,0,11.87,11.6,11.74,12.27,100,0.03,72.67,0.13,29.74,0.34,27.76
2022,9,20,23,0,0,0,0,0,0,0,0,11.59,11.2,11.4,11.96,100,0.04,72.65,0.18,23.2,0.33,21.04
2022,9,21,0,0,0,0,0,0,0,0,0,11.36,10.88,11.12,11.72,100,0.05,72.62,0.24,14.93,0.36,9.87
2022,9,21,1,0,0,0,0,0,0,0,0,11.19,10.62,10.9,11.54,100,0.04,72.57,0.3,6.01,0.48,2.82
2022,9,21,2,0,0,0,0,0,0,0,0,11.05,10.29,10.66,11.29,99.12,0.02,72.52,0.39,5.71,0.71,6.97
2022,9,21,3,0,0,0,0,0,0,0,0,10.86,9.77,10.32,10.86,96.88,0.01,72.48,0.65,11.17,1.18,13.02
2022,9,21,4,0,0,0,0,0,0,0,0,10.74,9.08,9.9,10.38,93.19,0,72.46,0.89,20.67,1.56,20.89
2022,9,21,5,0,0,0,0,0,0,0,0,10.73,8.37,9.55,9.89,89,0,72.46,0.93,24.21,1.63,23.99
2022,9,21,6,0.13,0.15,0.39,14.5,16.75,2.18,0.01,0.02,11.13,8.19,9.66,9.83,85.75,0.01,72.49,0.88,23.6,1.54,23.7
2022,9,21,7,0.81,0.88,1.47,92.38,101.05,12.12,0.13,0.65,13.69,9.97,11.83,11.11,82.25,0.01,72.55,0.64,30.61,0.97,27.39
2022,9,21,8,1.41,1.72,2.46,169.52,202.73,23.98,0.5,2.48,16.01,10.18,13.09,11.35,72.25,0.01,72.6,0.89,219.68,1.13,221.93
2022,9,21,9,1.97,2.44,3.28,241.73,289.9,35.18,1,5.2,16.96,10.9,13.93,11.96,71.62,0.01,72.62,2.04,216.91,2.62,217.25
2022,9,21,10,2.34,2.97,3.88,291.3,355.05,43.11,1.46,7.75,17.75,11.64,14.69,12.57,71.56,0.02,72.62,2.7,214.01,3.44,214.09
2022,9,21,11,2.46,3.25,4.22,305.2,388.17,45.73,1.66,8.55,18.05,12.52,15.29,13.24,74.12,0.04,72.61,3.16,211.64,4.03,211.69
2022,9,21,12,2.59,3.52,4.27,334.17,429.3,53.09,2.03,10.5,17.96,13.26,15.62,13.85,77.75,0.09,72.58,3.21,212.37,4.09,212.45
2022,9,21,13,2.2,3.3,4.04,283.27,399.45,45.18,1.62,8.5,17.71,13.61,15.65,14.1,80.25,0.13,72.53,3.04,214.22,3.86,214.37
2022,9,21,14,1.77,2.81,3.53,222.27,339.23,34.72,1.09,5.75,17.32,13.55,15.44,14.04,81.94,0.16,72.47,2.85,215.39,3.61,215.48
2022,9,21,15,1.33,2.09,2.78,165.62,250.7,24.95,0.62,3.1,16.73,13.26,14.99,13.79,83.56,0.15,72.43,2.56,214.81,3.26,214.95
2022,9,21,16,0.72,1.23,1.84,86.48,144,12.3,0.19,0.92,15.94,13.01,14.47,13.55,86.38,0.11,72.42,2.18,214.32,2.78,214.45
2022,9,21,17,0.3,0.41,0.81,35.48,46.77,5.2,0.02,0.12,14.77,12.84,13.8,13.43,92.31,0.1,72.43,1.64,216.49,2.15,216.58
2022,9,21,18,0,0,0,0,0,0,0,0,13.22,12.74,12.98,13.37,100,0.05,72.46,0.66,217.28,1.01,220.94
2022,9,21,19,0,0,0,0,0,0,0,0,13.06,12.63,12.85,13.24,100,0.04,72.52,0.49,225,0.71,228.99
2022,9,21,20,0,0,0,0,0,0,0,0,12.51,12.38,12.44,13.06,100,0.02,72.59,0.16,264.56,0.3,254.88
2022,9,21,21,0,0,0,0,0,0,0,0,12.19,12.14,12.16,12.88,100,0.01,72.63,0.19,297.65,0.3,286.56
2022,9,21,22,0,0,0,0,0,0,0,0,11.76,11.68,11.72,12.51,100,0.01,72.63,0.29,319.4,0.46,314.31
2022,9,21,23,0,0,0,0,0,0,0,0,11.33,11.14,11.23,12.15,100,0,72.62,0.43,340.91,0.74,342.14
2022,9,22,0,0,0,0,0,0,0,0,0,10.84,10.54,10.69,11.66,100,0,72.6,0.57,2.35,1.08,3.32
2022,9,22,1,0,0,0,0,0,0,0,0,10.31,9.7,10.01,11.11,100,0,72.56,0.76,16.19,1.42,14.95
2022,9,22,2,0,0,0,0,0,0,0,0,10.16,8.76,9.46,10.44,97.31,0,72.51,0.88,20.38,1.5,19.86
2022,9,22,3,0,0,0,0,0,0,0,0,10.31,7.97,9.14,9.89,91.25,0,72.47,0.87,23.81,1.42,23.61
2022,9,22,4,0,0,0,0,0,0,0,0,10.26,7.26,8.76,9.4,87.06,0,72.45,0.87,25.42,1.42,25.44
2022,9,22,5,0,0,0,0,0,0,0,0,10.04,6.57,8.3,8.91,83.94,0,72.46,0.84,27.04,1.4,27.28
2022,9,22,6,0.13,0.15,0.39,13.7,16.6,2.05,0.01,0.02,10.51,6.38,8.44,8.79,79.94,0,72.49,0.82,27.3,1.35,27.9
2022,9,22,7,0.94,0.92,1.46,104.77,105.62,13.78,0.14,0.7,13.09,8.67,10.88,10.38,79.75,0,72.54,0.61,29.84,0.93,25.92
2022,9,22,8,1.68,1.72,2.45,194.92,200.77,26.47,0.52,2.58,15.31,8.9,12.11,10.5,69.88,0,72.59,0.98,233.4,1.25,233.42
2022,9,22,9,2.32,2.44,3.27,275.2,286.95,38.88,1.07,5.45,16.53,9.4,12.97,10.8,66.56,0,72.62,2.01,223.58,2.56,223.39
2022,9,22,10,2.64,2.97,3.87,319.7,351.58,46.66,1.54,8.17,17.39,10.12,13.76,11.29,65.94,0,72.64,2.74,218.99,3.5,219.02
2022,9,22,11,2.8,3.27,4.21,343.8,388.33,50.7,1.83,9.35,17.71,11.05,14.38,11.96,68.44,0,72.63,3.1,216.61,3.96,216.67
2022,9,22,12,2.91,3.5,4.26,365.33,423.8,57.04,2.12,10.98,17.8,11.72,14.76,12.45,70.75,0,72.58,3.15,215.62,4.02,215.67
2022,9,22,13,2.68,3.26,4.02,333.6,392.73,51.09,1.8,9.5,17.66,12.23,14.94,12.88,73.56,0,72.52,3.14,215.67,3.99,215.68
2022,9,22,14,2.16,2.75,3.51,268.3,329.67,40.23,1.23,6.52,17.26,12.55,14.9,13.12,76.94,0,72.46,3.04,216.96,3.88,216.99
2022,9,22,15,1.51,2.03,2.76,183.65,241.5,26.79,0.63,3.17,16.62,12.63,14.63,13.18,80.5,0,72.42,2.74,217.82,3.5,217.74
2022,9,22,16,0.85,1.17,1.82,99.9,135.4,13.5,0.2,0.95,15.73,12.55,14.14,13.12,84.69,0,72.42,2.33,217.79,3,217.91
2022,9,22,17,0.31,0.38,0.78,35.77,42.23,5.2,0.02,0.1,14.48,12.55,13.51,13.12,91.94,0,72.43,1.73,218.22,2.28,218.17
2022,9,22,18,0,0,0,0,0,0,0,0,12.98,12.63,12.8,13.18,100,0.05,72.46,0.63,217.44,1.02,216.87
2022,9,22,19,0,0,0,0,0,0,0,0,12.9,12.57,12.73,13.12,100,0.04,72.51,0.36,215.39,0.53,215.34
2022,9,22,20,0,0,0,0,0,0,0,0,12.65,12.33,12.49,12.94,100,0.04,72.56,0.08,209.05,0.14,213.69
2022,9,22,21,0,0,0,0,0,0,0,0,12.04,11.88,11.96,12.57,100,0.04,72.6,0.11,0,0.18,357.51
2022,9,22,22,0,0,0,0,0,0,0,0,11.44,11.39,11.41,12.21,100,0.05,72.61,0.27,16.86,0.49,14.93
2022,9,22,23,0,0,0,0,0,0,0,0,10.76,10.74,10.75,11.72,100,0.07,72.59,0.37,27.65,0.81,28.04
2022,9,23,0,0,0,0,0,0,0,0,0,10.26,9.98,10.12,11.11,100,0.09,72.56,0.46,31.8,1.03,31.04
2022,9,23,1,0,0,0,0,0,0,0,0,10.19,9.28,9.74,10.62,98.88,0.11,72.53,0.51,31.72,1.02,30.29
2022,9,23,2,0,0,0,0,0,0,0,0,10.32,8.79,9.55,10.25,94.75,0.1,72.49,0.49,25.74,0.92,25.05
2022,9,23,3,0,0,0,0,0,0,0,0,10.33,8.35,9.33,9.95,91.75,0.09,72.46,0.51,31.72,0.92,30.05
2022,9,23,4,0,0,0,0,0,0,0,0,10.28,7.81,9.05,9.58,88.5,0.09,72.44,0.54,41.5,0.92,40.18
2022,9,23,5,0,0,0,0,0,0,0,0,10.12,7.26,8.69,9.16,85.81,0.08,72.45,0.55,46.74,0.89,46.07
2022,9,23,6,0.11,0.13,0.38,12.12,15.12,1.81,0.01,0.02,10.19,7.19,8.69,9.16,85,0.07,72.49,0.49,44.36,0.85,43.13
2022,9,23,7,0.65,0.84,1.45,76.67,97.52,11.09,0.12,0.55,12.45,9.36,10.9,10.68,85.5,0.07,72.54,0.15,62.1,0.35,45
2022,9,23,8,1.18,1.64,2.44,142.17,191.4,20.33,0.41,2,14.76,9.07,11.92,10.44,71.88,0.09,72.59,0.83,209.21,1.04,209.64
2022,9,23,9,1.71,2.35,3.26,209.8,277.75,30.38,0.83,4.3,15.83,9.51,12.68,10.68,68.94,0.09,72.61,2.13,211.94,2.7,211.99
2022,9,23,10,2.05,2.88,3.86,253.67,341.15,37.48,1.21,6.4,16.4,10.45,13.43,11.35,70.75,0.13,72.61,2.83,214.88,3.61,214.96
2022,9,23,11,2.36,3.21,4.2,296.92,384.85,45.52,1.6,8.27,16.6,11.38,13.99,12.08,73.94,0.23,72.59,2.96,216.75,3.77,216.82
2022,9,23,12,2.44,3.31,4.25,316.05,403.5,48.8,1.76,9,16.6,11.99,14.3,12.51,76.81,0.34,72.54,2.93,217.97,3.72,218
2022,9,23,13,2.02,3.04,4.01,251.75,364.6,37.72,1.27,6.55,16.48,12.36,14.42,12.82,79.19,0.45,72.47,2.89,219.07,3.67,219.04
2022,9,23,14,1.6,2.55,3.49,200.9,302.12,29.8,0.88,4.6,16.22,12.57,14.4,13.06,81.75,0.53,72.41,2.84,220.31,3.61,220.27
2022,9,23,15,1.09,1.84,2.74,131.08,214.67,18.71,0.42,2.1,15.79,12.57,14.18,13.06,84.19,0.57,72.36,2.39,219.3,3.04,219.17
2022,9,23,16,0.62,1.03,1.8,70.2,117.05,9.38,0.12,0.62,15.15,12.42,13.79,13,87.25,0.52,72.35,1.85,217.79,2.37,217.36
2022,9,23,17,0.25,0.32,0.76,29.48,35.58,4.34,0.02,0.08,14.17,12.37,13.27,13.06,93.19,0.51,72.35,1.06,213.92,1.39,213.33
2022,9,23,18,0,0,0,0,0,0,0,0,12.62,12.15,12.39,12.88,100,0.94,72.37,0.29,186.17,0.45,183.95
2022,9,23,19,0,0,0,0,0,0,0,0,12.05,11.9,11.98,12.7,100,0.74,72.41,0.21,131.99,0.39,130.1
2022,9,23,20,0,0,0,0,0,0,0,0,11.76,11.62,11.69,12.45,100,0.64,72.46,0.26,122.74,0.51,128.11
2022,9,23,21,0,0,0,0,0,0,0,0,11.89,11.58,11.73,12.45,100,0.51,72.5,0.3,158.75,0.57,162.32
2022,9,23,22,0,0,0,0,0,0,0,0,11.91,11.55,11.73,12.39,100,0.38,72.5,0.47,184.76,0.78,185.14
2022,9,23,23,0,0,0,0,0,0,0,0,11.96,11.62,11.79,12.45,100,0.28,72.49,0.7,199.44,1.17,198.68
2022,9,24,0,0,0,0,0,0,0,0,0,11.92,11.89,11.9,12.51,100,0.19,72.47,1.26,208.64,2.04,208.82
2022,9,24,1,0,0,0,0,0,0,0,0,11.63,11.79,11.71,12.39,100,0.12,72.43,1.25,212.8,2.19,213.07
2022,9,24,2,0,0,0,0,0,0,0,0,11.48,11.66,11.58,12.33,100,0.07,72.38,1.08,218.85,2.02,219.66
2022,9,24,3,0,0,0,0,0,0,0,0,11.42,11.55,11.48,12.27,100,0.04,72.35,0.91,226.74,1.76,226.97
2022,9,24,4,0,0,0,0,0,0,0,0,11.19,11.26,11.23,12.02,100,0.02,72.35,0.73,239.04,1.42,239.2
2022,9,24,5,0,0,0,0,0,0,0,0,11.05,10.95,11,11.84,100,0.02,72.38,0.48,261.61,0.84,260.89
2022,9,24,6,0.09,0.13,0.37,9.75,14.62,1.52,0.01,0.02,10.85,10.61,10.73,11.6,100,0.02,72.42,0.27,313.83,0.48,314.34
2022,9,24,7,0.56,0.86,1.44,68.9,98.77,10.31,0.11,0.55,12.65,11.46,12.06,12.39,97.69,0.02,72.48,0.25,311.19,0.36,319.4
2022,9,24,8,1.18,1.7,2.43,145.8,201,22.32,0.47,2.3,14.71,11.22,12.97,12.08,83.69,0.02,72.53,0.89,231.03,1.12,231.22
2022,9,24,9,1.81,2.41,3.25,225.92,288.17,34.62,0.98,5.15,16.3,11.14,13.72,11.96,74.69,0.04,72.57,2.07,222.86,2.59,222.8
2022,9,24,10,2.44,2.94,3.85,301.7,351.48,45.72,1.54,8.27,17.29,11.64,14.47,12.33,72.31,0.06,72.57,2.78,220.55,3.51,220.57
2022,9,24,11,2.07,3.22,4.18,273.5,388.08,42.73,1.55,7.92,17.75,12.31,15.03,12.88,73.31,0.11,72.54,3.2,219.05,4.08,219.09
2022,9,24,12,1.91,3.3,4.23,255.65,400.9,41.11,1.48,7.6,17.73,12.84,15.29,13.31,75.94,0.34,72.48,3.45,218.38,4.42,218.39
2022,9,24,13,1.43,3.05,3.99,193.6,367.38,31.59,1.09,5.73,17.35,13.16,15.26,13.67,79.5,0.69,72.42,3.42,218.88,4.37,218.98
2022,9,24,14,1.39,2.5,3.47,180.62,297.52,28.59,0.86,4.52,16.79,13.23,15.01,13.73,82.81,0.7,72.36,3.14,220.86,4,220.81
2022,9,24,15,0.89,1.7,2.72,107.35,195.27,15.19,0.35,1.75,16.18,13,14.59,13.55,85.06,0.48,72.3,2.81,223.2,3.58,223.23
2022,9,24,16,0.51,0.92,1.78,58.67,102.2,8.01,0.11,0.55,15.33,12.69,14.01,13.31,88.12,0.31,72.28,2.39,225.8,3.07,225.82
2022,9,24,17,0.18,0.26,0.73,22.8,29.67,3.38,0.02,0.08,14.13,12.58,13.35,13.24,94.75,0.19,72.28,1.76,226.62,2.32,227.05
2022,9,24,18,0,0,0,0,0,0,0,0,12.82,12.55,12.68,13.24,100,0.18,72.3,0.77,223.76,1.2,225.79
2022,9,24,19,0,0,0,0,0,0,0,0,12.83,12.52,12.68,13.18,100,0.18,72.34,0.74,222.85,1.11,226.42
2022,9,24,20,0,0,0,0,0,0,0,0,12.5,12.3,12.4,13.06,100,0.19,72.4,0.52,232.28,0.89,233.53
2022,9,24,21,0,0,0,0,0,0,0,0,12.38,12.09,12.23,12.88,100,0.2,72.44,0.42,236.31,0.67,236.86
2022,9,24,22,0,0,0,0,0,0,0,0,11.98,11.8,11.9,12.7,100,0.22,72.45,0.39,250.11,0.7,249.15
2022,9,24,23,0,0,0,0,0,0,0,0,11.66,11.53,11.6,12.45,100,0.3,72.43,0.38,257.99,0.77,260.63
2022,9,25,0,0,0,0,0,0,0,0,0,11.2,11.07,11.13,12.08,100,0.41,72.39,0.36,273.73,0.83,276.52
2022,9,25,1,0,0,0,0,0,0,0,0,10.72,10.41,10.57,11.6,100,0.49,72.36,0.36,292.71,0.86,294.23
2022,9,25,2,0,0,0,0,0,0,0,0,10.45,9.8,10.12,11.11,100,0.41,72.32,0.41,311.91,0.9,311.14
2022,9,25,3,0,0,0,0,0,0,0,0,10.37,9.25,9.81,10.74,98.38,0.33,72.29,0.45,327.68,0.92,328.62
2022,9,25,4,0,0,0,0,0,0,0,0,10.24,8.69,9.47,10.31,95.38,0.3,72.28,0.51,337.38,0.95,338.9
2022,9,25,5,0,0,0,0,0,0,0,0,10.31,8.39,9.35,10.07,92.94,0.25,72.32,0.47,343.66,0.83,345.31
2022,9,25,6,0.1,0.11,0.36,10.6,12.52,1.64,0.01,0.02,10.73,8.52,9.63,10.19,91.25,0.15,72.38,0.34,356.01,0.58,356.91
2022,9,25,7,0.48,0.72,1.43,57.3,82.58,8.84,0.09,0.45,12.57,10.24,11.4,11.41,90.62,0.16,72.46,0.3,254.88,0.38,262.87
2022,9,25,8,0.82,1.45,2.42,95.67,164.3,13.16,0.26,1.27,13.9,11.38,12.64,12.27,89.25,0.18,72.54,1.25,229.32,1.61,230.51
2022,9,25,9,1.22,2.13,3.24,147.38,245.8,21.35,0.58,2.98,14.63,11.86,13.24,12.57,87.38,0.25,72.59,1.91,222.68,2.44,222.93
2022,9,25,10,1.91,2.65,3.84,232.42,308.65,33.96,1.09,5.8,15.02,12.19,13.61,12.82,86.88,0.34,72.6,2.27,220.26,2.88,220.38
2022,9,25,11,1.69,2.93,4.17,213.48,342.25,32.09,1.11,5.7,15.36,12.47,13.91,13,86.19,0.5,72.59,2.63,220.66,3.35,220.75
2022,9,25,12,1.96,3.29,4.22,258.1,398.15,41.06,1.48,7.65,15.38,12.59,13.98,13.06,86.44,0.71,72.54,2.87,221.02,3.68,221.13
2022,9,25,13,1.84,3.04,3.97,235.3,364.35,37.4,1.27,6.65,15.29,12.56,13.92,13,86.69,0.78,72.49,2.94,220.9,3.78,220.97
2022,9,25,14,1.59,2.57,3.46,208.48,310.08,34.88,1.05,5.52,15.13,12.47,13.8,12.94,87,0.79,72.43,2.9,220.3,3.74,220.34
2022,9,25,15,1.12,1.86,2.7,144.5,222.02,23.72,0.55,2.77,14.86,12.37,13.61,12.88,88.19,0.71,72.4,2.83,220.19,3.68,220.18
2022,9,25,16,0.61,1.03,1.76,78.48,119.58,12.76,0.18,0.9,14.15,12.37,13.26,12.94,92.44,0.7,72.42,2.77,220.2,3.66,220.15
2022,9,25,17,0.19,0.29,0.71,25.15,32.42,3.95,0.02,0.08,13.23,12.39,12.81,12.94,98.44,0.7,72.45,2.31,219.66,3.12,219.71
2022,9,25,18,0,0,0,0,0,0,0,0,12.4,12.36,12.38,12.88,100,0.65,72.49,1.23,213.89,1.93,213.31
2022,9,25,19,0,0,0,0,0,0,0,0,12.26,12.3,12.27,12.82,100,0.62,72.55,1.17,213.06,1.96,213.44
2022,9,25,20,0,0,0,0,0,0,0,0,12.07,12.1,12.08,12.63,100,0.53,72.61,1.15,214.45,1.85,214.7
2022,9,25,21,0,0,0,0,0,0,0,0,11.93,11.83,11.88,12.45,100,0.45,72.64,0.94,214.22,1.44,214.38
2022,9,25,22,0,0,0,0,0,0,0,0,11.76,11.59,11.68,12.27,100,0.36,72.65,0.74,212.52,1.13,213.14
2022,9,25,23,0,0,0,0,0,0,0,0,11.6,11.34,11.48,12.08,100,0.24,72.64,0.6,220.28,0.94,220.96
2022,9,26,0,0,0,0,0,0,0,0,0,11.38,11.01,11.19,11.78,100,0.18,72.62,0.48,241.76,0.77,240.33
2022,9,26,1,0,0,0,0,0,0,0,0,11.13,10.71,10.92,11.54,100,0.09,72.58,0.31,265.71,0.53,259.02
2022,9,26,2,0,0,0,0,0,0,0,0,10.58,10.37,10.48,11.29,100,0.06,72.53,0.21,303.11,0.38,285.46
2022,9,26,3,0,0,0,0,0,0,0,0,10.11,9.92,10.01,10.99,100,0.04,72.49,0.24,344.58,0.39,336.5
2022,9,26,4,0,0,0,0,0,0,0,0,9.73,9.44,9.58,10.62,100,0.04,72.45,0.36,14.93,0.74,12.86
2022,9,26,5,0,0,0,0,0,0,0,0,9.46,8.83,9.15,10.19,99.81,0.05,72.45,0.53,28.81,1.05,26.95
2022,9,26,6,0.11,0.12,0.36,11.48,13.48,1.79,0.01,0.02,9.61,8.35,8.98,9.89,95.81,0.06,72.49,0.61,36.72,1.09,35.06
2022,9,26,7,0.64,0.79,1.42,77.4,91.95,11.59,0.12,0.6,12.15,9.7,10.93,10.99,89.75,0.08,72.57,0.1,8.75,0.26,12.34
2022,9,26,8,1.05,1.55,2.41,127.38,181.8,18.19,0.37,1.8,13.93,10.21,12.07,11.29,82.31,0.1,72.66,1.72,231.1,2.2,231.34
2022,9,26,9,1.58,2.25,3.23,195.95,266.95,28.55,0.78,4.05,14.69,11.12,12.9,11.96,82.94,0.14,72.71,2.55,228.6,3.26,228.7
2022,9,26,10,1.62,2.77,3.83,209.67,330.7,31.84,1.05,5.55,15.41,11.77,13.59,12.45,82.25,0.19,72.7,2.88,228.74,3.65,228.81
2022,9,26,11,2.11,3.15,4.16,282.42,383.52,46.24,1.69,8.85,16.05,12.22,14.13,12.76,81.06,0.27,72.67,3.22,227.46,4.1,227.47
2022,9,26,12,1.75,3.09,4.2,228.2,370.98,35.02,1.25,6.42,16.31,12.55,14.43,13,81.31,0.38,72.61,3.5,226.36,4.49,226.41
2022,9,26,13,1.6,2.9,3.96,201.7,345.05,31.73,1.09,5.67,16.18,12.71,14.44,13.18,82.94,0.45,72.54,3.6,227.2,4.64,227.18
2022,9,26,14,1.23,2.39,3.44,156.6,281.05,23.06,0.68,3.52,15.83,12.67,14.25,13.18,84.69,0.48,72.48,3.48,229.01,4.49,229.16
2022,9,26,15,0.91,1.69,2.68,109.52,195.12,15.37,0.34,1.75,15.35,12.52,13.94,13.06,86.56,0.39,72.42,3.23,229.61,4.2,229.76
2022,9,26,16,0.5,0.92,1.74,56.35,102.92,7.7,0.1,0.5,14.61,12.29,13.44,12.88,89.56,0.27,72.4,2.85,229.77,3.74,229.92
2022,9,26,17,0.2,0.25,0.68,24.52,28.98,3.81,0.02,0.08,13.5,12.14,12.82,12.76,95.38,0.19,72.4,2.19,228.47,2.94,228.66
2022,9,26,18,0,0,0,0,0,0,0,0,12.06,12.08,12.07,12.76,100,0.09,72.43,0.84,221.59,1.44,221.92
2022,9,26,19,0,0,0,0,0,0,0,0,12.01,12.05,12.03,12.63,100,0.06,72.47,0.78,220.54,1.39,221.58
2022,9,26,20,0,0,0,0,0,0,0,0,11.75,11.77,11.76,12.45,100,0.05,72.52,0.73,226.74,1.28,227.47
2022,9,26,21,0,0,0,0,0,0,0,0,11.55,11.48,11.51,12.21,100,0.06,72.55,0.71,234.9,1.16,235.45
2022,9,26,22,0,0,0,0,0,0,0,0,11.04,10.99,11.01,11.9,100,0.08,72.56,0.57,250.08,1,248.45
2022,9,26,23,0,0,0,0,0,0,0,0,10.71,10.58,10.65,11.6,100,0.1,72.54,0.46,264.19,0.8,261.55
2022,9,27,0,0,0,0,0,0,0,0,0,10.45,10.26,10.35,11.35,100,0.11,72.51,0.36,279.87,0.62,280.18
2022,9,27,1,0,0,0,0,0,0,0,0,10.18,9.92,10.05,11.11,100,0.11,72.45,0.31,307.75,0.59,313.92
2022,9,27,2,0,0,0,0,0,0,0,0,9.91,9.54,9.73,10.8,100,0.09,72.4,0.35,345.96,0.73,346.41
2022,9,27,3,0,0,0,0,0,0,0,0,9.73,9.05,9.38,10.44,99.94,0.06,72.34,0.51,0.88,0.92,0.49
2022,9,27,4,0,0,0,0,0,0,0,0,9.75,8.64,9.19,10.13,96.81,0.03,72.31,0.6,3.72,1.05,3.42
2022,9,27,5,0,0,0,0,0,0,0,0,9.74,8.25,8.99,9.83,94.12,0.01,72.31,0.67,4.71,1.16,3.09
2022,9,27,6,0.1,0.11,0.35,10.75,12.75,1.7,0.01,0.02,10.1,8.17,9.14,9.77,91.31,0,72.34,0.63,7.83,1.11,5.23
2022,9,27,7,0.68,0.78,1.41,78.7,89.15,11.48,0.12,0.55,12.53,9.93,11.23,11.05,87.88,0,72.38,0.49,341.57,0.74,342.14
2022,9,27,8,1.06,1.51,2.4,123.25,171.3,16.84,0.32,1.58,14.76,10.51,12.63,11.54,79.25,0.01,72.44,1.17,242.92,1.51,244.63
2022,9,27,9,1.52,2.22,3.22,187,258.3,26.73,0.71,3.65,15.84,11.17,13.51,12.02,77.44,0.03,72.48,2.21,230.01,2.84,230.36
2022,9,27,10,1.74,2.73,3.81,212.62,319.6,31.84,1.01,5.33,16.58,11.87,14.23,12.63,77.31,0.05,72.49,2.85,226.55,3.66,226.73
2022,9,27,11,2.3,3.05,4.14,286.98,358.6,41.81,1.45,7.38,16.98,12.47,14.73,13.12,78.44,0.07,72.48,3.33,225.1,4.28,225.07
2022,9,27,12,2.54,3.36,4.19,327.55,407.8,52.07,1.87,9.67,17.08,12.86,14.97,13.43,79.62,0.1,72.45,3.68,225.52,4.76,225.6
2022,9,27,13,2.26,3.09,3.94,287.23,371.62,44.66,1.5,7.83,16.83,12.93,14.88,13.43,80.94,0.12,72.39,3.78,227.1,4.9,227.2
2022,9,27,14,1.78,2.55,3.42,222.15,303.77,33.38,0.96,4.9,16.4,12.78,14.59,13.31,82.19,0.14,72.34,3.56,228.65,4.62,228.84
2022,9,27,15,1.24,1.83,2.66,152.05,214.45,21.91,0.48,2.4,15.86,12.46,14.16,13,83.38,0.14,72.3,3.09,231.36,4.01,231.57
2022,9,27,16,0.69,0.99,1.72,76.92,112.2,10.18,0.12,0.62,15.14,12.17,13.65,12.82,85.69,0.13,72.3,2.59,233.96,3.37,234.25
2022,9,27,17,0.22,0.27,0.66,26.55,30.77,4.09,0.02,0.08,13.84,12.05,12.95,12.7,92.62,0.14,72.31,1.88,234.32,2.51,234.77
2022,9,27,18,0,0,0,0,0,0,0,0,12.12,12.01,12.06,12.7,100,0.1,72.33,0.62,236.92,1.06,237.01
2022,9,27,19,0,0,0,0,0,0,0,0,12.06,11.9,11.98,12.57,100,0.09,72.38,0.49,237.32,0.81,239.7
2022,9,27,20,0,0,0,0,0,0,0,0,11.73,11.62,11.67,12.39,100,0.09,72.42,0.36,254.74,0.66,252
2022,9,27,21,0,0,0,0,0,0,0,0,11.26,11.27,11.26,12.08,100,0.07,72.44,0.44,266.93,0.81,265.01
2022,9,27,22,0,0,0,0,0,0,0,0,10.9,10.94,10.92,11.84,100,0.06,72.44,0.49,275.44,0.91,275.91
2022,9,27,23,0,0,0,0,0,0,0,0,10.63,10.65,10.64,11.66,100,0.05,72.42,0.51,278.88,0.91,279.38
2022,9,28,0,0,0,0,0,0,0,0,0,10.4,10.41,10.4,11.47,100,0.03,72.4,0.46,286.61,0.83,286.91
2022,9,28,1,0,0,0,0,0,0,0,0,10.21,10.15,10.18,11.29,100,0.01,72.38,0.38,301.37,0.67,301.65
2022,9,28,2,0,0,0,0,0,0,0,0,10.07,9.82,9.94,11.05,100,0,72.34,0.33,319.84,0.56,320.09
2022,9,28,3,0,0,0,0,0,0,0,0,10.08,9.45,9.77,10.8,100,0,72.31,0.39,348.47,0.66,351.2
2022,9,28,4,0,0,0,0,0,0,0,0,10.13,8.97,9.55,10.44,97.12,0,72.29,0.52,7.77,0.86,8.35
2022,9,28,5,0,0,0,0,0,0,0,0,9.92,8.32,9.12,9.95,94.12,0,72.29,0.65,17.56,1.06,17.23
2022,9,28,6,0.11,0.12,0.34,11.12,13.23,1.78,0.01,0.02,9.97,7.9,8.94,9.64,91.12,0,72.31,0.72,27.96,1.21,26.9
2022,9,28,7,0.82,0.82,1.4,91.05,92.7,12.71,0.12,0.6,12.54,9.51,11.03,10.86,86.25,0,72.36,0.47,24.44,0.69,24.23
2022,9,28,8,1.27,1.59,2.39,145.77,180.83,19.81,0.38,1.85,14.99,10.19,12.59,11.47,77.75,0,72.43,1.43,231.88,1.83,232.3
2022,9,28,9,1.88,2.3,3.21,222.88,265.33,31.46,0.83,4.17,15.87,10.62,13.24,11.78,75.75,0,72.47,2.42,226.57,3.1,226.74
2022,9,28,10,2.48,2.84,3.8,299.25,332.85,44.09,1.4,7.4,16.38,11.06,13.73,12.21,75.56,0,72.48,2.85,225.67,3.62,225.7
2022,9,28,11,2.61,3.11,4.13,315.48,363.05,46.28,1.58,8.25,16.59,11.46,14.03,12.51,76.44,0,72.45,3.07,226.34,3.89,226.3
2022,9,28,12,2.95,3.32,4.17,364.08,398.95,55.84,1.98,10.38,16.71,11.72,14.22,12.63,76.75,0,72.4,3.2,227.58,4.06,227.65
2022,9,28,13,2.41,3.04,3.93,303.27,365.2,45.99,1.53,8.05,16.62,11.78,14.2,12.7,77.31,0.02,72.34,3.21,228.85,4.08,228.96
2022,9,28,14,1.62,2.48,3.4,205.75,300.67,30.9,0.88,4.52,16.29,11.69,13.98,12.57,78.38,0.05,72.28,3.08,230.66,3.93,230.81
2022,9,28,15,1.15,1.8,2.64,140.48,214.1,20.04,0.43,2.15,15.76,11.46,13.61,12.45,80,0.06,72.25,2.87,231.07,3.68,231.28
2022,9,28,16,0.6,0.99,1.7,67.15,112.8,8.66,0.1,0.52,14.94,11.33,13.13,12.27,83.44,0.07,72.24,2.49,231.51,3.21,231.82
2022,9,28,17,0.26,0.27,0.63,29.55,29.92,4.28,0.02,0.08,13.51,11.37,12.44,12.27,91.56,0.07,72.25,1.71,232.03,2.28,232.66
2022,9,28,18,0,0,0,0,0,0,0,0,11.49,11.33,11.41,12.27,100,0.09,72.29,0.56,236.98,0.98,238.09
2022,9,28,19,0,0,0,0,0,0,0,0,11.17,11.13,11.15,12.08,100,0.08,72.34,0.36,253.54,0.66,249.84
2022,9,28,20,0,0,0,0,0,0,0,0,10.83,10.68,10.76,11.78,100,0.04,72.41,0.25,288.43,0.43,277.25
2022,9,28,21,0,0,0,0,0,0,0,0,10.4,10.05,10.23,11.29,100,0.03,72.45,0.29,339.62,0.46,336.04
2022,9,28,22,0,0,0,0,0,0,0,0,10.05,9.44,9.75,10.93,100,0.01,72.45,0.38,358.81,0.66,357.95
2022,9,28,23,0,0,0,0,0,0,0,0,9.76,8.53,9.15,10.38,99.06,0.01,72.44,0.45,4.93,0.78,5.19
2022,9,29,0,0,0,0,0,0,0,0,0,9.63,7.53,8.58,9.77,94.38,0,72.42,0.47,10.56,0.78,10.97
2022,9,29,1,0,0,0,0,0,0,0,0,9.4,6.55,7.98,9.22,90.12,0,72.39,0.44,13.3,0.73,13.59
2022,9,29,2,0,0,0,0,0,0,0,0,9.32,5.75,7.53,8.73,85.81,0,72.36,0.47,15.42,0.77,15.87
2022,9,29,3,0,0,0,0,0,0,0,0,9.15,4.98,7.06,8.24,81.94,0,72.33,0.59,13.85,0.96,15.17
2022,9,29,4,0,0,0,0,0,0,0,0,8.97,4.26,6.62,7.75,78.06,0,72.33,0.73,12.4,1.18,13.02
2022,9,29,5,0,0,0,0,0,0,0,0,8.8,3.56,6.18,7.26,74.25,0,72.35,0.8,14.72,1.3,14.62
2022,9,29,6,0.11,0.12,0.33,10.92,13.23,1.73,0.01,0.02,9.04,3.21,6.12,7.02,70.75,0,72.39,0.84,16.75,1.35,16.45
2022,9,29,7,0.84,0.84,1.39,92.35,92.98,12.32,0.12,0.58,11.72,5.62,8.66,8.48,71.5,0,72.45,0.61,353.33,0.93,357.11
2022,9,29,8,1.55,1.53,2.38,170.05,170.5,22.94,0.42,2.1,14.44,6.26,10.35,8.97,63.31,0,72.5,1.26,250.44,1.63,251.31
2022,9,29,9,2.35,2.36,3.2,273.48,275.15,39.71,1.05,5.27,15.58,6.74,11.15,9.28,60.69,0,72.53,2.18,231.69,2.8,231.69
2022,9,29,10,2.52,2.85,3.79,298.75,331.98,43.77,1.38,7.23,16.44,7.58,12.01,9.77,60.62,0,72.52,2.73,224.65,3.49,224.73
2022,9,29,11,2.67,3.12,4.12,318.62,364.35,47.67,1.62,8.55,16.9,8.46,12.69,10.31,62.19,0.01,72.5,3.1,222.45,3.96,222.44
2022,9,29,12,2.92,3.44,4.16,370.95,415.7,59.93,2.2,11.58,17.01,9.23,13.12,10.86,64.69,0.01,72.44,3.27,222.29,4.19,222.35
2022,9,29,13,2.54,3.15,3.91,318.58,377,49.88,1.7,9,16.84,9.77,13.31,11.17,67.38,0.01,72.38,3.24,223.34,4.14,223.39
2022,9,29,14,1.8,2.62,3.39,222.2,310.88,34.19,0.99,5.1,16.47,10.05,13.26,11.35,69.94,0.01,72.32,3.08,224.69,3.93,224.84
2022,9,29,15,1.24,1.88,2.62,150.62,219.42,22.05,0.48,2.42,15.8,10.22,13.01,11.47,73.62,0,72.29,2.9,223.69,3.71,223.89
2022,9,29,16,0.69,1.02,1.68,78.2,114.2,10.59,0.13,0.65,14.7,10.43,12.56,11.54,79.75,0,72.29,2.48,223.72,3.2,223.91
2022,9,29,17,0.23,0.26,0.61,25.73,29.2,3.94,0.02,0.08,13.12,10.69,11.9,11.78,89.88,0.01,72.31,1.7,223.88,2.28,224.17
2022,9,29,18,0,0,0,0,0,0,0,0,11.19,10.89,11.04,11.9,100,0,72.34,0.55,223.85,0.98,223.38
2022,9,29,19,0,0,0,0,0,0,0,0,10.88,10.81,10.84,11.84,100,0,72.39,0.22,242.53,0.46,232.55
2022,9,29,20,0,0,0,0,0,0,0,0,10.62,10.53,10.58,11.66,100,0,72.46,0.1,304.99,0.18,260.13
2022,9,29,21,0,0,0,0,0,0,0,0,10.23,10.12,10.18,11.35,100,0,72.51,0.19,350.54,0.28,342.07
2022,9,29,22,0,0,0,0,0,0,0,0,9.8,9.65,9.72,11.05,100,0,72.53,0.29,350.79,0.49,347.07
2022,9,29,23,0,0,0,0,0,0,0,0,9.58,9.15,9.37,10.68,100,0,72.52,0.39,346.24,0.67,344.33
2022,9,30,0,0,0,0,0,0,0,0,0,9.31,8.65,8.98,10.38,100,0,72.5,0.46,347.37,0.81,346.63
2022,9,30,1,0,0,0,0,0,0,0,0,9.08,8.09,8.58,9.95,100,0,72.48,0.52,351.38,0.92,350.7
2022,9,30,2,0,0,0,0,0,0,0,0,8.94,7.5,8.22,9.58,96.81,0,72.44,0.58,352.2,0.98,351.74
2022,9,30,3,0,0,0,0,0,0,0,0,8.9,6.87,7.88,9.09,92.56,0,72.42,0.59,358.47,0.96,357.21
2022,9,30,4,0,0,0,0,0,0,0,0,8.84,6.28,7.56,8.73,88.81,0,72.4,0.62,8.64,1.01,8
2022,9,30,5,0,0,0,0,0,0,0,0,8.81,5.69,7.25,8.3,85,0,72.41,0.65,18.22,1.07,17.9
2022,9,30,6,0.1,0.12,0.33,10.48,12.8,1.67,0.01,0.02,8.99,5.3,7.15,8.06,81.38,0,72.44,0.66,23.82,1.09,24
2022,9,30,7,0.8,0.82,1.38,89.02,91.58,12.1,0.12,0.58,11.48,7.41,9.44,9.4,80.38,0,72.49,0.28,7.91,0.58,14.04
2022,9,30,8,1.56,1.61,2.37,176.85,184.58,24.59,0.47,2.3,14.25,7.1,10.68,9.16,65.12,0,72.54,0.88,220.33,1.12,221.04
2022,9,30,9,2.21,2.35,3.19,259.8,273.02,37.77,1.01,5.08,15.7,7.73,11.72,9.52,61.75,0,72.57,2.09,216.01,2.65,216.13
2022,9,30,10,2.54,2.85,3.78,303.15,332.75,44.84,1.41,7.42,16.56,8.69,12.62,10.13,62.38,0,72.56,2.72,216.24,3.46,216.38
2022,9,30,11,2.6,3.1,4.11,311.4,361.5,45.98,1.56,8.2,17.01,9.68,13.34,10.86,64.81,0,72.53,3.19,216.93,4.07,216.96
2022,9,30,12,2.95,3.37,4.14,368.2,404.95,57.72,2.09,10.98,17.09,10.55,13.83,11.54,68.31,0,72.47,3.4,218,4.35,218.06
2022,9,30,13,2.33,3.09,3.89,287.23,365.65,44.95,1.5,7.95,16.91,11.18,14.05,12.02,71.94,0,72.41,3.36,219.24,4.3,219.39
2022,9,30,14,1.89,2.54,3.37,232.42,297.38,34.5,0.99,5.17,16.48,11.48,13.98,12.27,75.5,0,72.35,3.17,220.8,4.05,220.85
2022,9,30,15,1.27,1.82,2.6,150.27,208.17,21.31,0.46,2.27,15.83,11.49,13.66,12.27,78.75,0,72.32,2.86,222.35,3.66,222.41
2022,9,30,16,0.69,0.97,1.66,75.33,107.08,9.99,0.12,0.6,14.87,11.38,13.12,12.21,83.12,0,72.31,2.44,224.48,3.14,224.6
2022,9,30,17,0.21,0.24,0.59,23.3,26.3,3.6,0.02,0.05,13.43,11.41,12.42,12.21,91.44,0,72.32,1.7,226.86,2.28,227.36
2022,9,30,18,0,0,0,0,0,0,0,0,11.67,11.46,11.57,12.21,100,0,72.35,0.61,230.76,1.05,231.94
2022,9,30,19,0,0,0,0,0,0,0,0,11.62,11.4,11.51,12.15,100,0,72.4,0.37,251.57,0.6,253.44
2022,9,30,20,0,0,0,0,0,0,0,0,11.23,11.04,11.13,11.9,100,0,72.46,0.19,311.63,0.33,311.19
2022,9,30,21,0,0,0,0,0,0,0,0,10.49,10.42,10.46,11.47,100,0,72.5,0.26,5.19,0.4,0
2022,9,30,22,0,0,0,0,0,0,0,0,9.93,9.66,9.8,10.99,100,0,72.5,0.36,19.23,0.62,17.74
2022,9,30,23,0,0,0,0,0,0,0,0,9.49,8.85,9.17,10.44,100,0,72.49,0.42,19.44,0.86,19.09
2022,10,1,0,0,0,0,0,0,0,0,0,9.12,7.95,8.54,9.89,98.62,0,72.46,0.55,18.95,1.08,19.35
2022,10,1,1,0,0,0,0,0,0,0,0,9.15,7.18,8.17,9.34,92.94,0,72.42,0.63,17.31,1.14,18.31
2022,10,1,2,0,0,0,0,0,0,0,0,9.17,6.54,7.86,8.85,88.25,0,72.38,0.68,19.48,1.17,20.24
2022,10,1,3,0,0,0,0,0,0,0,0,9.19,5.99,7.58,8.48,84.44,0,72.35,0.69,19.87,1.15,19.78
2022,10,1,4,0,0,0,0,0,0,0,0,9.12,5.55,7.33,8.18,81.75,0,72.33,0.7,17.43,1.16,16.85
2022,10,1,5,0,0,0,0,0,0,0,0,9.06,5.1,7.08,7.87,79.25,0,72.35,0.74,15.95,1.24,16.14
2022,10,1,6,0.1,0.1,0.32,9.77,11.1,1.55,0.01,0.02,9.29,4.91,7.1,7.75,76.75,0,72.38,0.74,17.28,1.24,17.29
2022,10,1,7,0.73,0.78,1.38,82.08,87.52,11.88,0.11,0.55,11.74,7.46,9.6,9.4,79.06,0,72.43,0.37,352.72,0.73,3.08
2022,10,1,8,1.38,1.58,2.36,159.08,180.27,22.07,0.41,2.05,14.55,6.83,10.69,8.91,62.44,0,72.49,1.03,237.03,1.32,237.35
2022,10,1,9,2.16,2.47,3.18,263.12,294.83,40.16,1.09,5.55,15.76,7.91,11.84,9.58,62.12,0,72.53,2.24,222.31,2.86,222.45
2022,10,1,10,2.41,3.03,3.77,301.95,364.95,48.54,1.59,8.4,16.48,9.15,12.81,10.44,64.44,0,72.54,2.78,218.26,3.53,218.26
2022,10,1,11,2.68,3.36,4.09,345.33,406.45,57.61,2.09,11.08,16.85,10.16,13.51,11.17,67.25,0,72.53,3.1,214.85,3.94,214.92
2022,10,1,12,2.59,3.45,4.13,341.83,421.48,59.58,2.2,11.65,16.92,10.96,13.94,11.72,70.5,0,72.49,3.28,212.14,4.18,212.18
2022,10,1,13,1.88,3.18,3.88,250.05,386.35,43.56,1.48,7.85,16.72,11.48,14.1,12.21,74,0,72.43,3.33,210.96,4.25,211
2022,10,1,14,1.42,2.68,3.35,195.52,325.85,35.3,1.05,5.45,16.22,11.73,13.98,12.45,77.75,0,72.37,3.16,211.26,4.04,211.32
2022,10,1,15,0.94,1.91,2.58,118.95,228.5,18.85,0.41,2.08,15.56,11.75,13.65,12.45,81.31,0,72.33,2.82,211.89,3.6,211.79
2022,10,1,16,0.53,0.99,1.64,60.27,112.17,8.3,0.1,0.5,14.73,11.57,13.15,12.33,84.88,0,72.32,2.34,213.42,3.01,213.24
2022,10,1,17,0.18,0.24,0.57,21.45,26.7,3.52,0.02,0.05,13.51,11.47,12.49,12.27,91.44,0,72.33,1.58,214.55,2.11,214.45
2022,10,1,18,0,0,0,0,0,0,0,0,12.02,11.41,11.72,12.21,100,0,72.35,0.46,207.44,0.74,207.65
2022,10,1,19,0,0,0,0,0,0,0,0,11.51,11.34,11.43,12.15,100,0,72.4,0.14,192.53,0.14,163.61
2022,10,1,20,0,0,0,0,0,0,0,0,10.86,10.87,10.87,11.72,100,0,72.45,0.11,74.05,0.45,52.13
2022,10,1,21,0,0,0,0,0,0,0,0,10.22,10.06,10.14,11.11,100,0,72.49,0.25,47.49,0.64,44.01
2022,10,1,22,0,0,0,0,0,0,0,0,10.1,9.33,9.71,10.56,98.81,0,72.5,0.31,42.95,0.6,42.88
2022,10,1,23,0,0,0,0,0,0,0,0,9.94,8.57,9.26,10.01,94.69,0,72.49,0.32,39.09,0.59,39.61
2022,10,2,0,0,0,0,0,0,0,0,0,9.65,7.83,8.74,9.46,91.5,0,72.46,0.39,35.94,0.71,35.1
2022,10,2,1,0,0,0,0,0,0,0,0,9.27,7.19,8.23,9.03,89.62,0,72.42,0.47,31.29,0.85,31.78
2022,10,2,2,0,0,0,0,0,0,0,0,8.89,6.51,7.69,8.61,87.5,0,72.37,0.56,30.14,1.05,29.43
2022,10,2,3,0,0,0,0,0,0,0,0,8.52,5.73,7.12,8.18,84.94,0,72.33,0.68,31.3,1.3,30.73
2022,10,2,4,0,0,0,0,0,0,0,0,8.35,4.91,6.63,7.69,81.12,0,72.31,0.77,32.07,1.51,31.88
2022,10,2,5,0,0,0,0,0,0,0,0,8.32,4.1,6.21,7.26,76.75,0,72.33,0.85,35.6,1.62,34.77
2022,10,2,6,0.08,0.11,0.31,8.65,11.88,1.48,0.01,0.02,8.65,3.71,6.18,7.08,72.94,0,72.36,0.87,39.87,1.61,38.49
2022,10,2,7,0.51,0.83,1.37,63.45,94.62,10.47,0.1,0.5,11.65,6.44,9.05,8.79,74.06,0,72.43,0.43,55.44,0.88,48.24
2022,10,2,8,1.13,1.71,2.35,143.73,202.7,23.85,0.48,2.35,15.17,4.6,9.88,7.63,51.25,0,72.5,0.87,199.41,1.1,199.08
2022,10,2,9,1.74,2.52,3.16,226.8,303.88,38.55,1.08,5.48,16.26,5.64,10.95,8.24,51.88,0,72.55,2.16,207.31,2.76,207.29
2022,10,2,10,2.24,3.06,3.75,286.85,368.25,47.41,1.53,8.12,16.9,6.84,11.87,9.03,54.31,0,72.56,2.7,208.72,3.43,208.73
2022,10,2,11,2.39,3.37,4.08,310.1,406.3,51.77,1.81,9.48,17.4,7.87,12.63,9.7,56.44,0,72.53,2.95,210.23,3.75,210.25
2022,10,2,12,2.52,3.42,4.11,329.17,413.98,55.16,1.97,10.27,17.67,8.75,13.21,10.25,58.88,0,72.47,3.11,212.29,3.96,212.28
2022,10,2,13,2.23,3.19,3.86,286.7,384.38,48.14,1.59,8.35,17.65,9.5,13.58,10.8,61.94,0,72.41,3.14,213.85,4,213.94
2022,10,2,14,1.89,2.68,3.33,241.38,323.1,39.05,1.12,5.75,17.35,10.07,13.71,11.23,65.38,0,72.34,3.07,215.15,3.92,215.18
2022,10,2,15,1.24,1.97,2.56,155.08,235.33,24.41,0.52,2.55,16.74,10.51,13.62,11.54,69.94,0,72.31,2.92,215.73,3.76,215.77
2022,10,2,16,0.69,1.11,1.61,80.98,129.62,11.41,0.13,0.65,15.65,10.99,13.32,11.9,77.38,0,72.32,2.51,216.51,3.25,216.59
2022,10,2,17,0.2,0.27,0.54,22.88,28.95,3.47,0.02,0.05,14.06,11.63,12.84,12.45,89.5,0,72.34,1.58,216.76,2.15,217.16
2022,10,2,18,0,0,0,0,0,0,0,0,12.37,11.55,11.96,12.33,98.94,0.15,72.38,0.49,208.61,0.81,210.02
2022,10,2,19,0,0,0,0,0,0,0,0,11.9,11.48,11.69,12.27,100,0.21,72.43,0.06,171.87,0.08,135
2022,10,2,20,0,0,0,0,0,0,0,0,11.15,10.92,11.04,11.84,100,0.28,72.49,0.27,39.17,0.49,40.5
2022,10,2,21,0,0,0,0,0,0,0,0,10.51,10.1,10.31,11.23,100,0.24,72.52,0.41,28.52,0.78,28.89
2022,10,2,22,0,0,0,0,0,0,0,0,10.23,9.26,9.75,10.62,98.56,0.23,72.53,0.52,14.88,0.93,16.14
2022,10,2,23,0,0,0,0,0,0,0,0,10.24,8.6,9.42,10.13,94.12,0.1,72.52,0.62,5.06,1.05,6.43
2022,10,3,0,0,0,0,0,0,0,0,0,10.16,7.87,9.01,9.64,90,0.06,72.49,0.73,1.85,1.2,2.99
2022,10,3,1,0,0,0,0,0,0,0,0,10.03,7.12,8.58,9.16,86.31,0.01,72.46,0.84,5.34,1.37,5.25
2022,10,3,2,0,0,0,0,0,0,0,0,9.92,6.43,8.17,8.73,82.88,0,72.42,0.91,7.92,1.47,7.96
2022,10,3,3,0,0,0,0,0,0,0,0,9.9,5.87,7.89,8.42,79.75,0,72.39,0.92,8.82,1.5,8.68
2022,10,3,4,0,0,0,0,0,0,0,0,9.83,5.38,7.61,8.12,77.38,0,72.37,0.93,8.2,1.55,8.13
2022,10,3,5,0,0,0,0,0,0,0,0,9.73,4.84,7.29,7.81,74.81,0,72.38,0.97,9.24,1.61,9.19
2022,10,3,6,0.12,0.13,0.31,11.62,13.88,1.79,0.01,0.02,9.79,4.41,7.1,7.57,72.19,0,72.41,1.02,12.34,1.67,12.41
2022,10,3,7,0.94,0.94,1.35,108.1,109.67,14.5,0.13,0.65,12.17,7.09,9.63,9.28,75.69,0,72.47,0.85,8.95,1.32,8.51
2022,10,3,8,1.73,1.8,2.34,206.12,215.85,29.66,0.55,2.73,15.18,7.32,11.25,9.58,64.44,0.01,72.53,1.2,257.59,1.6,259.02
2022,10,3,9,2.44,2.55,3.15,296.8,307.7,45.09,1.21,6.08,16.29,8.07,12.18,10.01,62.81,0,72.57,2.18,234.77,2.82,235.03
2022,10,3,10,2.95,3.09,3.74,363.3,374,56.66,1.83,9.5,17.3,8.98,13.14,10.62,62.25,0,72.59,2.7,224.41,3.46,224.54
2022,10,3,11,3.23,3.38,4.06,400.23,410.12,63.12,2.22,11.73,17.86,9.97,13.91,11.29,64,0.01,72.59,3.14,218.53,4.03,218.63
2022,10,3,12,3.23,3.45,4.1,400.1,415.83,63.94,2.29,12.08,17.94,10.98,14.46,12.02,67.62,0.03,72.57,3.33,216.04,4.28,216.1
2022,10,3,13,2.86,3.18,3.84,354.15,382.1,56.11,1.88,9.98,17.62,11.83,14.73,12.63,72.38,0.13,72.53,3.32,215.15,4.26,215.15
2022,10,3,14,2.34,2.62,3.31,286.2,312.48,43.5,1.24,6.38,17.03,12.31,14.67,12.94,77,0.35,72.49,3.11,216.21,3.97,216.28
2022,10,3,15,1.59,1.82,2.54,188.05,212.62,26.84,0.56,2.77,16.42,12.33,14.37,12.94,80,0.58,72.47,2.83,219.06,3.64,219.16
2022,10,3,16,0.86,0.97,1.59,94.52,108.98,12.05,0.13,0.65,15.48,12.3,13.89,12.88,84.75,0.87,72.48,2.46,220.62,3.2,220.74
2022,10,3,17,0.22,0.22,0.52,23.35,23.42,3.41,0.01,0.05,14.06,12.49,13.27,13.12,94.38,1.21,72.51,1.63,222.09,2.21,222.42
2022,10,3,18,0,0,0,0,0,0,0,0,12.73,12.42,12.58,13,100,0.3,72.56,0.62,227.53,1,229.74
2022,10,3,19,0,0,0,0,0,0,0,0,12.56,12.37,12.47,12.94,100,0.32,72.62,0.45,242.99,0.73,245.91
2022,10,3,20,0,0,0,0,0,0,0,0,12.27,12.07,12.17,12.7,100,0.28,72.67,0.33,268.64,0.56,269.2
2022,10,3,21,0,0,0,0,0,0,0,0,11.93,11.75,11.84,12.51,100,0.35,72.7,0.26,300.38,0.46,295.25
2022,10,3,22,0,0,0,0,0,0,0,0,11.9,11.61,11.75,12.45,100,0.49,72.71,0.26,305.13,0.45,301.48
2022,10,3,23,0,0,0,0,0,0,0,0,11.82,11.46,11.64,12.33,100,0.61,72.69,0.27,316.17,0.49,314.36
2022,10,4,0,0,0,0,0,0,0,0,0,11.66,11.23,11.44,12.21,100,0.79,72.65,0.28,344.05,0.58,341.08
2022,10,4,1,0,0,0,0,0,0,0,0,11.45,10.92,11.19,11.96,100,0.92,72.6,0.31,355.71,0.63,355.76
2022,10,4,2,0,0,0,0,0,0,0,0,11.44,10.7,11.08,11.78,100,1.03,72.55,0.31,346.68,0.53,348.2
2022,10,4,3,0,0,0,0,0,0,0,0,11.1,10.44,10.77,11.6,100,1.16,72.53,0.14,319.4,0.21,298.44
2022,10,4,4,0,0,0,0,0,0,0,0,10.63,10.09,10.37,11.35,100,1.18,72.56,0.13,262.87,0.28,223.88
2022,10,4,5,0,0,0,0,0,0,0,0,10.53,10.01,10.27,11.29,100,1.06,72.62,0.29,228.24,0.59,221.26
2022,10,4,6,0.09,0.11,0.3,8.67,11.73,1.46,0.01,0.02,10.63,10,10.32,11.29,100,0.74,72.68,0.23,260.22,0.48,250.1
2022,10,4,7,0.55,0.83,1.34,67.5,97.35,10.78,0.12,0.58,11.22,10.44,10.83,11.66,100,0.45,72.73,0.26,304.16,0.41,292.62
2022,10,4,8,1.03,1.68,2.33,126.62,201.2,19.3,0.4,1.98,12.1,10.43,11.26,11.54,95.06,0.29,72.79,0.31,271.43,0.4,271.12
2022,10,4,9,1.46,2.44,3.14,187.7,296.77,31.02,0.91,4.67,13.19,10.42,11.8,11.41,87.38,0.21,72.8,0.71,236.66,0.92,236.04
2022,10,4,10,2.04,2.99,3.73,265.62,364.9,44.34,1.53,8.35,14.08,10.87,12.48,11.66,84.19,0.22,72.8,1.5,225.42,1.96,225.32
2022,10,4,11,2.09,3.28,4.05,275.83,400.3,46.7,1.73,9.25,14.83,11.47,13.15,12.02,82.94,0.29,72.79,2.48,217.7,3.22,217.7
2022,10,4,12,2.19,3.32,4.08,301.08,408.7,53.12,2.03,10.9,15.21,11.85,13.53,12.33,82.88,0.32,72.74,2.91,214.29,3.79,214.34
2022,10,4,13,1.67,3.04,3.82,224,370.35,38.12,1.35,7.35,15.55,12.15,13.85,12.57,82.62,0.36,72.67,3.17,213.46,4.14,213.45
2022,10,4,14,1.32,2.56,3.29,179.8,312.75,34.48,1.08,5.62,15.43,12.16,13.8,12.63,83.38,0.44,72.61,3.35,213.39,4.39,213.52
2022,10,4,15,0.9,1.83,2.52,121.92,221.02,22.41,0.53,2.65,14.8,12.09,13.44,12.57,86.5,0.49,72.59,3.23,211.53,4.24,211.52
2022,10,4,16,0.48,0.97,1.57,61.33,114.17,11.11,0.16,0.75,13.82,11.94,12.88,12.45,91.38,0.4,72.6,2.84,208.4,3.76,208.27
2022,10,4,17,0.13,0.2,0.5,15.52,22.6,2.64,0.01,0.05,12.64,11.8,12.22,12.39,97.94,0.32,72.63,2.09,204.75,2.82,204.58
2022,10,4,18,0,0,0,0,0,0,0,0,11.92,11.72,11.82,12.33,100,0.31,72.66,1.1,200.37,1.64,198.95
2022,10,4,19,0,0,0,0,0,0,0,0,11.72,11.58,11.65,12.21,100,0.24,72.7,0.9,197.18,1.49,195.2
2022,10,4,20,0,0,0,0,0,0,0,0,11.48,11.4,11.44,12.08,100,0.19,72.74,0.79,190.86,1.39,189.36
2022,10,4,21,0,0,0,0,0,0,0,0,11.23,11.15,11.19,11.84,100,0.23,72.77,0.7,187.68,1.29,186.26
2022,10,4,22,0,0,0,0,0,0,0,0,10.97,10.85,10.9,11.6,100,0.33,72.77,0.7,187.68,1.26,186.06
2022,10,4,23,0,0,0,0,0,0,0,0,10.72,10.62,10.67,11.41,100,0.47,72.76,0.72,193.13,1.27,192.84
2022,10,5,0,0,0,0,0,0,0,0,0,10.58,10.43,10.51,11.23,100,0.6,72.74,0.77,197.7,1.29,197.23
2022,10,5,1,0,0,0,0,0,0,0,0,10.34,10.15,10.24,11.05,100,0.71,72.71,0.62,197.74,1.04,197.48
2022,10,5,2,0,0,0,0,0,0,0,0,10.09,9.83,9.96,10.86,100,0.74,72.68,0.49,195.57,0.81,193.9
2022,10,5,3,0,0,0,0,0,0,0,0,9.84,9.45,9.65,10.62,100,0.67,72.66,0.34,183.99,0.49,177.27
2022,10,5,4,0,0,0,0,0,0,0,0,9.31,8.92,9.12,10.25,100,0.5,72.65,0.19,94.76,0.39,85.43
2022,10,5,5,0,0,0,0,0,0,0,0,8.83,8.4,8.62,9.89,100,0.36,72.67,0.35,63.43,0.77,62.13
2022,10,5,6,0.07,0.11,0.29,7.35,12.23,1.32,0.01,0.02,8.76,8.13,8.44,9.7,99.5,0.5,72.71,0.42,67.22,0.93,65.6
2022,10,5,7,0.21,0.84,1.33,28.95,101.2,5.86,0.06,0.33,10.45,9.16,9.8,10.38,95.5,0.79,72.77,0.55,96.52,0.86,91.04
2022,10,5,8,0.53,1.72,2.32,75.73,210.92,15.3,0.34,1.7,12.05,9.48,10.76,10.56,87.38,0.95,72.83,0.99,138.52,1.32,136.2
2022,10,5,9,1.07,2.47,3.13,157.1,305.12,32.1,0.97,5,13.08,9.65,11.37,10.62,82.19,1,72.85,1.68,166.55,2.16,166.17
2022,10,5,10,1.25,3.03,3.71,186.6,373.27,38.5,1.35,7.33,13.99,10.05,12.01,10.86,79.31,1.07,72.84,2.31,181.55,2.97,181.51
2022,10,5,11,1.39,3.33,4.03,205.05,409.98,40.5,1.52,8.15,14.36,10.41,12.39,11.17,79.25,1.19,72.82,2.91,191.76,3.76,191.75
2022,10,5,12,1.59,3.33,4.06,221,410.05,41.25,1.58,8.5,14.19,10.63,12.41,11.29,81.12,1.33,72.77,3.03,195.72,3.91,195.79
2022,10,5,13,1.5,3.1,3.8,213.05,380.42,41.88,1.53,8.3,13.73,10.58,12.15,11.29,83.25,1.4,72.71,2.93,195.78,3.78,195.82
2022,10,5,14,1.3,2.55,3.27,170,309.85,29.44,0.92,4.85,13.19,10.36,11.77,11.11,85.19,1.37,72.67,2.69,194.48,3.47,194.6
2022,10,5,15,0.93,1.82,2.5,117.23,220.2,19.18,0.45,2.25,12.59,10.05,11.33,10.93,86.94,1.27,72.64,2.23,188.87,2.89,189.18
2022,10,5,16,0.59,1,1.55,75.62,118.73,13.19,0.18,0.88,11.93,9.76,10.85,10.74,89.25,1.15,72.64,1.56,178,2.06,178.48
2022,10,5,17,0.1,0.2,0.48,12.83,22.85,2.29,0.01,0.05,11.11,9.65,10.38,10.68,93.88,1.01,72.66,0.95,166.19,1.27,163.13
2022,10,5,18,0,0,0,0,0,0,0,0,10.14,9.52,9.83,10.62,99.44,1.03,72.7,0.53,159.44,0.72,136.31
2022,10,5,19,0,0,0,0,0,0,0,0,9.87,9.18,9.52,10.38,98.88,0.97,72.75,0.42,143.34,0.68,110.1
2022,10,5,20,0,0,0,0,0,0,0,0,9.69,8.79,9.24,10.07,97.5,1,72.81,0.43,137.94,0.76,106.03
2022,10,5,21,0,0,0,0,0,0,0,0,9.51,8.43,8.97,9.83,96.38,1.17,72.85,0.39,135.81,0.73,101.07
2022,10,5,22,0,0,0,0,0,0,0,0,9.26,8.05,8.66,9.58,95.5,1.29,72.85,0.35,128.66,0.73,92.46
2022,10,5,23,0,0,0,0,0,0,0,0,8.95,7.67,8.31,9.34,95,1.33,72.82,0.33,110.56,0.79,83.16
2022,10,6,0,0,0,0,0,0,0,0,0,8.68,7.39,8.03,9.16,95,1.26,72.79,0.37,99.66,0.86,80.11
2022,10,6,1,0,0,0,0,0,0,0,0,8.44,7.16,7.8,9.03,95,1.17,72.76,0.38,94.76,0.87,77.58
2022,10,6,2,0,0,0,0,0,0,0,0,8.3,7.06,7.68,8.97,95.25,1.1,72.72,0.38,92.39,0.87,75.47
2022,10,6,3,0,0,0,0,0,0,0,0,8.13,7.02,7.58,8.97,96.06,1.03,72.69,0.4,90,0.97,73.61
2022,10,6,4,0,0,0,0,0,0,0,0,8,6.95,7.48,8.91,96.38,0.98,72.68,0.41,86.7,1.04,70.61
2022,10,6,5,0,0,0,0,0,0,0,0,7.92,6.81,7.37,8.79,96,0.95,72.7,0.42,81.42,1.09,67.66
2022,10,6,6,0.06,0.09,0.28,5.55,10.35,1.02,0.01,0.02,7.96,6.77,7.37,8.79,95.5,1.1,72.74,0.42,75.96,1.1,64.34
2022,10,6,7,0.14,0.77,1.32,20.6,90.12,4.23,0.05,0.23,9.63,7.96,8.8,9.58,92.88,0.97,72.8,0.44,96.12,0.82,80.72
2022,10,6,8,0.27,1.68,2.31,41.62,202.8,8.87,0.19,0.92,11.37,8.12,9.74,9.58,83,0.8,72.86,0.56,120.14,0.83,106.39
2022,10,6,9,0.46,2.46,3.12,72.62,299.9,15.39,0.45,2.33,12.83,8.19,10.51,9.58,75.38,0.79,72.89,0.81,168.37,1.07,165.26
2022,10,6,10,0.91,3.03,3.7,141.58,369.85,28.99,1.01,5.52,13.86,8.56,11.21,9.83,72.19,0.86,72.89,1.43,190.39,1.87,190.33
2022,10,6,11,0.77,3.3,4.02,112,402.25,20.95,0.76,4.05,14.67,9.08,11.87,10.19,70.94,0.94,72.85,2,201.05,2.58,201.12
2022,10,6,12,0.57,3.33,4.05,91.75,409.25,19.45,0.7,3.73,15.17,9.51,12.34,10.5,70.81,0.97,72.79,2.2,206.38,2.83,206.57
2022,10,6,13,0.95,3.08,3.79,146.1,377,29.34,1.03,5.62,15.27,9.75,12.51,10.68,71.56,0.86,72.72,2.33,211.03,3.01,210.96
2022,10,6,14,0.79,2.58,3.25,114.73,314.45,23.34,0.72,3.77,15.08,9.85,12.47,10.8,73,0.73,72.66,2.36,213.53,3.04,213.49
2022,10,6,15,0.63,1.83,2.48,90.12,220.98,18.39,0.44,2.17,14.63,9.8,12.21,10.74,75,0.6,72.63,2.2,214.42,2.84,214.13
2022,10,6,16,0.37,0.95,1.53,50.38,111.17,10.3,0.14,0.7,13.98,9.7,11.83,10.74,77.81,0.49,72.62,1.86,214.76,2.43,214.4
2022,10,6,17,0.12,0.18,0.46,14.5,20.23,2.72,0.02,0.05,12.96,9.69,11.33,10.74,83.5,0.43,72.63,1.2,210.39,1.61,210.3
2022,10,6,18,0,0,0,0,0,0,0,0,11.48,9.49,10.48,10.68,91.25,0.31,72.66,0.38,190.62,0.55,188.13
2022,10,6,19,0,0,0,0,0,0,0,0,10.58,9.11,9.84,10.38,94.44,0.29,72.72,0.12,108.43,0.23,97.85
2022,10,6,20,0,0,0,0,0,0,0,0,10.21,8.75,9.48,10.13,94.44,0.31,72.78,0.21,68.2,0.37,70.02
2022,10,6,21,0,0,0,0,0,0,0,0,10.1,8.41,9.26,9.89,92.88,0.36,72.81,0.16,72.47,0.21,85.76
2022,10,6,22,0,0,0,0,0,0,0,0,9.84,8.25,9.05,9.77,93.44,0.47,72.83,0.07,96.34,0.11,146.31
2022,10,6,23,0,0,0,0,0,0,0,0,9.59,8.19,8.89,9.7,94.62,0.62,72.82,0.06,60.26,0.05,141.34
2022,10,7,0,0,0,0,0,0,0,0,0,9.36,8.13,8.74,9.7,95.75,0.73,72.79,0.11,48.01,0.09,59.04
2022,10,7,1,0,0,0,0,0,0,0,0,9.11,8.01,8.56,9.58,96.62,0.82,72.76,0.15,42.88,0.2,45
2022,10,7,2,0,0,0,0,0,0,0,0,8.87,7.87,8.37,9.52,97.25,0.87,72.72,0.18,34.38,0.28,35.91
2022,10,7,3,0,0,0,0,0,0,0,0,8.69,7.66,8.18,9.4,97,0.88,72.69,0.22,50.71,0.37,52.65
2022,10,7,4,0,0,0,0,0,0,0,0,8.67,7.48,8.07,9.28,95.88,0.85,72.68,0.25,57.8,0.41,60.52
2022,10,7,5,0,0,0,0,0,0,0,0,8.64,7.27,7.95,9.16,94.69,0.75,72.7,0.27,59.04,0.42,64.4
2022,10,7,6,0.07,0.08,0.28,6.48,9.27,1.11,0.01,0.02,8.73,7.15,7.94,9.03,93.31,0.52,72.74,0.26,63.43,0.4,68.4
2022,10,7,7,0.37,0.69,1.31,48.27,79.1,8.86,0.09,0.48,10.62,8.85,9.73,10.19,92.5,0.41,72.79,0.24,166.87,0.29,145.89
2022,10,7,8,0.69,1.5,2.29,85,175.1,12.73,0.27,1.33,12.75,9.74,11.25,10.8,85.06,0.34,72.84,1.29,212.34,1.71,212.09
2022,10,7,9,1.24,2.35,3.1,168.1,285.6,31.02,0.91,4.73,13.42,10.18,11.8,11.11,83.75,0.31,72.86,2.3,216.71,2.99,216.72
2022,10,7,10,1.55,2.94,3.69,213.92,359.23,39.53,1.37,7.38,13.91,10.67,12.29,11.47,83.88,0.3,72.84,2.62,219.67,3.37,219.55
2022,10,7,11,1.96,3.26,4,264.95,398.98,48.19,1.8,9.77,14.51,11.12,12.81,11.84,83.19,0.34,72.8,2.84,222.1,3.66,222.06
2022,10,7,12,1.66,3.28,4.03,224.25,400.9,39.73,1.48,7.92,14.85,11.27,13.06,11.96,82.12,0.33,72.73,3.16,223.6,4.09,223.53
2022,10,7,13,1.69,3.02,3.77,224.3,367.15,38.31,1.34,7.23,14.76,11.37,13.06,12.02,83.06,0.3,72.65,3.35,224.24,4.37,224.2
2022,10,7,14,1.06,2.51,3.23,143.02,303.08,24.32,0.73,3.83,14.48,11.4,12.94,12.08,84.81,0.23,72.58,3.43,224.54,4.51,224.58
2022,10,7,15,0.74,1.8,2.46,101.6,217.3,18.58,0.42,2.1,13.86,11.38,12.62,12.08,88.31,0.14,72.54,3.23,224.51,4.28,224.56
2022,10,7,16,0.36,0.94,1.51,47.33,110.12,8.69,0.11,0.55,13.2,11.39,12.3,12.08,92.25,0.08,72.54,2.87,225,3.83,225.17
2022,10,7,17,0.1,0.17,0.44,12.58,19.42,2.2,0.01,0.05,12.17,11.44,11.8,12.15,99.12,0.04,72.56,2.01,224.37,2.76,224.54
2022,10,7,18,0,0,0,0,0,0,0,0,11.41,11.31,11.37,12.08,100,0.03,72.59,0.94,220.6,1.54,221.51
2022,10,7,19,0,0,0,0,0,0,0,0,11.25,11.17,11.21,11.96,100,0.02,72.65,0.77,225.41,1.3,225.97
2022,10,7,20,0,0,0,0,0,0,0,0,11.1,10.91,11.01,11.72,100,0.01,72.7,0.54,233.79,0.87,235.6
2022,10,7,21,0,0,0,0,0,0,0,0,10.76,10.52,10.65,11.47,100,0.01,72.73,0.35,255.65,0.55,260.94
2022,10,7,22,0,0,0,0,0,0,0,0,10.49,10.17,10.33,11.23,100,0.02,72.75,0.28,292.99,0.46,293.96
2022,10,7,23,0,0,0,0,0,0,0,0,10.21,9.83,10.02,10.99,100,0.03,72.75,0.31,317.05,0.53,315
2022,10,8,0,0,0,0,0,0,0,0,0,10,9.45,9.73,10.74,100,0.04,72.73,0.37,333.43,0.64,331.56
2022,10,8,1,0,0,0,0,0,0,0,0,9.76,9.11,9.43,10.44,100,0.04,72.69,0.39,343.74,0.74,344.64
2022,10,8,2,0,0,0,0,0,0,0,0,9.55,8.75,9.15,10.19,99.38,0.02,72.64,0.42,351.42,0.83,353.48
2022,10,8,3,0,0,0,0,0,0,0,0,9.4,8.31,8.86,9.89,97.19,0.01,72.61,0.46,0.97,0.84,2.14
2022,10,8,4,0,0,0,0,0,0,0,0,9.49,7.94,8.71,9.64,94.12,0,72.6,0.38,5.95,0.63,6.42
2022,10,8,5,0,0,0,0,0,0,0,0,9.49,7.62,8.55,9.4,92.12,0,72.62,0.27,11.63,0.4,8.91
2022,10,8,6,0.09,0.09,0.27,8.52,10.35,1.41,0.01,0.02,9.43,7.46,8.44,9.34,91.5,0,72.67,0.24,15.42,0.32,9.93
2022,10,8,7,0.58,0.8,1.3,70.52,92.27,11.05,0.11,0.55,10.83,8.9,9.87,10.31,92.25,0,72.74,0.15,251.57,0.2,270
2022,10,8,8,1.02,1.61,2.28,124.38,189.1,18.5,0.38,1.83,12.72,9.92,11.32,10.99,86.69,0,72.81,1.13,240.06,1.44,240.1
2022,10,8,9,1.59,2.36,3.09,199.8,281.88,31.28,0.88,4.52,14.13,10.28,12.2,11.17,80.62,0.01,72.85,2.05,233.35,2.65,233.16
2022,10,8,10,2.02,2.94,3.67,260.2,354.27,42.34,1.43,7.62,15.02,10.73,12.87,11.54,78.31,0.01,72.84,2.73,230.93,3.5,230.98
2022,10,8,11,2.01,3.25,3.99,259.45,392.67,42.8,1.55,8.3,15.48,11.15,13.31,11.84,78.25,0.03,72.81,3.16,229.51,4.07,229.52
2022,10,8,12,2.41,3.32,4.01,312.67,405.58,52.43,1.93,10.3,15.56,11.51,13.54,12.15,79.75,0.05,72.73,3.32,229.3,4.27,229.38
2022,10,8,13,1.77,3.08,3.75,234.25,374.95,40,1.38,7.4,15.42,11.77,13.6,12.39,81.75,0.06,72.64,3.32,230.06,4.29,230.1
2022,10,8,14,1.38,2.57,3.22,181.75,312.15,30.68,0.91,4.7,15.05,11.85,13.45,12.45,84.19,0.08,72.58,3.25,231.45,4.2,231.57
2022,10,8,15,1,1.84,2.44,128.05,222.6,20.59,0.45,2.25,14.46,11.76,13.11,12.39,87.06,0.09,72.55,3.01,232.06,3.91,232.15
2022,10,8,16,0.5,0.98,1.49,59.17,116.17,8.34,0.09,0.48,13.79,11.59,12.69,12.27,90.06,0.08,72.55,2.58,232.64,3.37,232.73
2022,10,8,17,0.14,0.19,0.43,15.77,20.58,2.58,0.01,0.05,12.65,11.49,12.07,12.21,96.56,0.08,72.56,1.71,230.36,2.33,230.44
2022,10,8,18,0,0,0,0,0,0,0,0,11.66,11.4,11.53,12.15,100,0.11,72.59,0.7,218.66,1.07,219.38
2022,10,8,19,0,0,0,0,0,0,0,0,11.47,11.15,11.31,11.96,100,0.07,72.65,0.36,220.6,0.66,219.72
2022,10,8,20,0,0,0,0,0,0,0,0,11.28,10.98,11.13,11.78,100,0.05,72.71,0.31,227.05,0.64,223.51
2022,10,8,21,0,0,0,0,0,0,0,0,11.15,10.88,11.01,11.72,100,0.04,72.76,0.34,229.69,0.69,225.92
2022,10,8,22,0,0,0,0,0,0,0,0,11.02,10.75,10.89,11.66,100,0.04,72.77,0.3,231.34,0.64,226.49
2022,10,8,23,0,0,0,0,0,0,0,0,10.8,10.66,10.73,11.6,100,0.04,72.75,0.2,246.5,0.48,234.25
2022,10,9,0,0,0,0,0,0,0,0,0,10.62,10.5,10.55,11.47,100,0.04,72.73,0.15,273.01,0.36,250.77
2022,10,9,1,0,0,0,0,0,0,0,0,10.35,10.23,10.29,11.29,100,0.04,72.68,0.13,298.07,0.27,275.04
2022,10,9,2,0,0,0,0,0,0,0,0,10.02,9.91,9.97,11.05,100,0.03,72.64,0.14,329.04,0.23,313.6
2022,10,9,3,0,0,0,0,0,0,0,0,9.73,9.61,9.67,10.8,100,0.02,72.61,0.13,35.54,0.18,36.38
2022,10,9,4,0,0,0,0,0,0,0,0,9.41,9.29,9.35,10.62,100,0.01,72.61,0.2,54.46,0.32,57.09
2022,10,9,5,0,0,0,0,0,0,0,0,9.09,8.97,9.03,10.38,100,0.02,72.66,0.21,53.97,0.34,56.31
2022,10,9,6,0.08,0.08,0.26,7.83,9.27,1.28,0.01,0.02,9.05,8.78,8.91,10.25,100,0.02,72.74,0.16,46.97,0.25,53.84
2022,10,9,7,0.51,0.72,1.29,61.48,81.52,9.91,0.09,0.48,10.59,9.73,10.15,10.93,99.38,0.02,72.83,0.32,195.38,0.39,196.26
2022,10,9,8,1.04,1.52,2.27,125.55,176.35,18.12,0.35,1.75,12.35,10.7,11.53,11.6,94.12,0.03,72.92,1.78,224.47,2.32,224.45
2022,10,9,9,1.54,2.3,3.08,192.67,274.17,29.8,0.82,4.2,13.43,11.08,12.26,11.84,89.5,0.04,72.95,2.52,224.75,3.26,224.71
2022,10,9,10,1.56,2.88,3.66,206.83,346.15,34.77,1.16,6.2,14.23,11.23,12.73,11.9,85.5,0.07,72.94,2.94,224.35,3.78,224.33
2022,10,9,11,1.75,3.19,3.97,234.25,387.67,40.11,1.44,7.62,14.76,11.33,13.05,12.02,83.12,0.13,72.91,3.13,224.6,4.01,224.53
2022,10,9,12,1.8,3.22,4,245,397.05,43.03,1.55,8.25,15.05,11.47,13.26,12.08,82.25,0.2,72.85,3.23,224.31,4.14,224.31
2022,10,9,13,1.57,3.03,3.73,219.48,371.42,41.46,1.41,7.62,15.13,11.55,13.34,12.21,82.31,0.22,72.77,3.34,224.34,4.3,224.34
2022,10,9,14,1.23,2.52,3.2,170.95,307.8,31.83,0.95,4.9,14.86,11.52,13.19,12.15,83.56,0.22,72.72,3.39,224.44,4.4,224.42
2022,10,9,15,0.67,1.79,2.42,94.08,216.77,17.78,0.4,1.95,14.36,11.37,12.87,12.08,85.5,0.2,72.7,3.24,224.51,4.23,224.48
2022,10,9,16,0.33,0.93,1.47,44.1,109.5,8.4,0.1,0.5,13.61,11.15,12.38,11.9,88.56,0.18,72.71,2.91,224.46,3.83,224.59
2022,10,9,17,0.1,0.16,0.41,11.35,17.83,1.99,0.01,0.02,12.37,11.09,11.73,11.84,95.88,0.16,72.74,2.09,221.67,2.87,221.91
2022,10,9,18,0,0,0,0,0,0,0,0,11.07,10.98,11.02,11.78,100,0.06,72.78,1.01,211.35,1.61,212.15
2022,10,9,19,0,0,0,0,0,0,0,0,10.79,10.83,10.81,11.66,100,0.03,72.85,0.82,213.39,1.41,213.95
2022,10,9,20,0,0,0,0,0,0,0,0,10.62,10.51,10.57,11.41,100,0.02,72.91,0.64,219.09,1.1,218.09
2022,10,9,21,0,0,0,0,0,0,0,0,10.39,10.09,10.24,11.11,100,0.01,72.95,0.47,238.71,0.82,233.57
2022,10,9,22,0,0,0,0,0,0,0,0,10.04,9.8,9.92,10.93,100,0.02,72.96,0.41,254.36,0.74,246.41
2022,10,9,23,0,0,0,0,0,0,0,0,9.69,9.55,9.62,10.74,100,0.02,72.95,0.38,264.17,0.69,258.31
2022,10,10,0,0,0,0,0,0,0,0,0,9.52,9.31,9.42,10.56,100,0.01,72.92,0.3,288.43,0.52,279.46
2022,10,10,1,0,0,0,0,0,0,0,0,9.27,9.01,9.14,10.31,100,0.01,72.88,0.29,317.2,0.49,311.1
2022,10,10,2,0,0,0,0,0,0,0,0,9.01,8.69,8.85,10.07,100,0.01,72.83,0.3,342.03,0.57,342.32
2022,10,10,3,0,0,0,0,0,0,0,0,8.72,8.27,8.49,9.77,100,0.01,72.8,0.33,12.38,0.62,13.16
2022,10,10,4,0,0,0,0,0,0,0,0,8.42,7.81,8.12,9.46,99.69,0.01,72.78,0.39,34.33,0.76,33.69
2022,10,10,5,0,0,0,0,0,0,0,0,8.23,7.43,7.83,9.22,98.12,0.01,72.8,0.42,41.19,0.85,40.14
2022,10,10,6,0.07,0.08,0.25,6.95,9.02,1.18,0.01,0.02,8.15,7.14,7.65,8.97,96.5,0.01,72.82,0.47,53.13,1.06,50.68
2022,10,10,7,0.44,0.73,1.28,55.95,83.75,9.57,0.09,0.45,10.33,8.58,9.46,10.01,92.81,0.01,72.87,0.37,100.84,0.68,82.71
2022,10,10,8,0.91,1.54,2.26,110.15,180,16.5,0.33,1.62,12.71,8.4,10.55,9.77,77.69,0.01,72.94,1.2,198.2,1.53,197.51
2022,10,10,9,1.43,2.33,3.07,178.92,277.4,28.66,0.8,4.12,13.24,8.84,11.05,10.07,77,0.02,72.99,2.75,213.51,3.57,213.48
2022,10,10,10,1.98,2.91,3.64,257.3,349,42.02,1.41,7.65,13.37,9.41,11.4,10.44,79.25,0.03,73,3.05,218.13,3.92,218.2
2022,10,10,11,2,3.22,3.96,273.2,394.17,48.35,1.74,9.45,13.83,9.87,11.85,10.8,79.44,0.03,72.95,2.91,221.3,3.71,221.24
2022,10,10,12,1.86,3.35,3.98,263.6,412.02,51.16,1.86,10.02,14.3,10.1,12.19,10.99,78.44,0.04,72.88,2.89,223.58,3.68,223.28
2022,10,10,13,1.41,3.09,3.71,203.27,378.55,39.47,1.36,7.38,14.56,10.26,12.41,11.11,78.12,0.05,72.8,2.97,224.68,3.78,224.41
2022,10,10,14,1.06,2.57,3.18,154.67,314.15,30.93,0.91,4.7,14.3,10.19,12.24,11.11,79.06,0.06,72.74,2.94,226.94,3.77,226.76
2022,10,10,15,0.89,1.81,2.4,125.85,219.7,24.95,0.55,2.75,13.77,9.99,11.88,10.93,80.69,0.07,72.69,2.51,227.27,3.23,227.06
2022,10,10,16,0.45,0.92,1.45,60.67,108.08,11.33,0.13,0.65,13.1,9.73,11.41,10.74,82.88,0.06,72.64,1.76,225.54,2.26,225.28
2022,10,10,17,0.13,0.16,0.39,14.15,17.05,2.26,0.01,0.05,12.16,9.65,10.91,10.74,88,0.04,72.63,1.1,214.03,1.47,214.37
2022,10,10,18,0,0,0,0,0,0,0,0,10.83,9.29,10.06,10.44,93.5,0.01,72.65,0.59,193.67,0.85,193.78
2022,10,10,19,0,0,0,0,0,0,0,0,9.98,9.05,9.51,10.25,97.31,0,72.69,0.18,143.62,0.32,143.97
2022,10,10,20,0,0,0,0,0,0,0,0,9.33,8.77,9.05,10.13,100,0,72.73,0.23,74.05,0.41,75.7
2022,10,10,21,0,0,0,0,0,0,0,0,8.87,8.42,8.64,9.89,100,0.01,72.76,0.25,48.81,0.47,50.44
2022,10,10,22,0,0,0,0,0,0,0,0,8.57,8.08,8.32,9.64,100,0.01,72.78,0.27,35.54,0.47,35.54
2022,10,10,23,0,0,0,0,0,0,0,0,8.4,7.86,8.13,9.52,100,0.01,72.76,0.28,28.74,0.46,27.44
2022,10,11,0,0,0,0,0,0,0,0,0,8.37,7.72,8.05,9.4,99.38,0.01,72.72,0.25,18.43,0.37,17.28
2022,10,11,1,0,0,0,0,0,0,0,0,8.31,7.65,7.98,9.34,99.31,0.01,72.68,0.24,17.24,0.36,15.26
2022,10,11,2,0,0,0,0,0,0,0,0,8.24,7.58,7.9,9.34,99.31,0.01,72.64,0.24,23.2,0.38,22.89
2022,10,11,3,0,0,0,0,0,0,0,0,8.08,7.43,7.76,9.22,99.38,0.02,72.6,0.29,32.01,0.53,30.38
2022,10,11,4,0,0,0,0,0,0,0,0,8.01,7.21,7.61,9.09,98.31,0.02,72.57,0.37,34.7,0.66,32.94
2022,10,11,5,0,0,0,0,0,0,0,0,8.09,6.99,7.55,8.97,96.19,0.03,72.58,0.38,26.57,0.66,25.06
2022,10,11,6,0.08,0.08,0.25,7.15,8.38,1.16,0.01,0.02,8.31,6.85,7.58,8.85,93.81,0.02,72.61,0.4,24.08,0.69,22.52
2022,10,11,7,0.4,0.7,1.27,50.48,78.85,8.55,0.08,0.4,10.22,8.19,9.2,9.77,90.94,0.02,72.64,0.21,19.8,0.47,23.57
2022,10,11,8,0.73,1.48,2.25,88.5,170.75,13.08,0.26,1.25,12.5,8.44,10.47,9.95,79.56,0.01,72.67,0.43,229.4,0.54,229.67
2022,10,11,9,1.11,2.23,3.05,140.25,265,22.4,0.62,3.15,14.43,8.94,11.69,10.31,72.88,0.01,72.72,2.35,219.88,3.03,219.98
2022,10,11,10,1.54,2.85,3.63,213.77,344.48,38.54,1.29,6.9,14.94,9.81,12.37,10.93,74.75,0.01,72.76,3.31,221.75,4.28,221.82
2022,10,11,11,1.63,3.14,3.94,229.05,381.08,41.42,1.49,8,15.11,10.58,12.84,11.47,77.81,0.01,72.75,3.25,225.49,4.17,225.53
2022,10,11,12,1.72,3.23,3.96,240.9,395.75,44.34,1.6,8.58,15.37,10.57,12.97,11.47,76.44,0.01,72.71,3.08,226.34,3.93,226.29
2022,10,11,13,1.5,2.94,3.7,198.73,355.98,34.24,1.15,6.12,15.3,10.31,12.81,11.35,75.56,0.01,72.64,3.09,224.69,3.96,224.6
2022,10,11,14,1.2,2.4,3.16,154.52,288.42,25.83,0.75,3.9,14.85,10.16,12.51,11.23,77.19,0.01,72.58,3.19,221.42,4.12,221.54
2022,10,11,15,0.91,1.69,2.38,121.5,202.95,22.8,0.5,2.45,13.78,10.19,11.98,11.29,82.88,0.01,72.55,3.06,216.69,4,216.74
2022,10,11,16,0.46,0.84,1.43,59.85,98.3,10.77,0.12,0.6,12.47,10.3,11.38,11.35,90.69,0.01,72.55,2.55,209.4,3.35,209.43
2022,10,11,17,0.11,0.14,0.37,12.7,15.27,2.1,0.01,0.02,11.33,10.26,10.8,11.29,97.25,0.01,72.56,1.9,195.52,2.54,195.32
2022,10,11,18,0,0,0,0,0,0,0,0,10.62,10.19,10.4,11.23,100,0.12,72.58,1.27,175.06,1.8,173.77
2022,10,11,19,0,0,0,0,0,0,0,0,10.15,9.76,9.96,10.93,100,0.11,72.62,1.06,165.56,1.56,161.57
2022,10,11,20,0,0,0,0,0,0,0,0,9.59,9.15,9.37,10.44,100,0.11,72.65,0.77,156.04,1.21,148.78
2022,10,11,21,0,0,0,0,0,0,0,0,9.05,8.48,8.76,10.01,100,0.12,72.66,0.56,152.72,0.95,140.01
2022,10,11,22,0,0,0,0,0,0,0,0,8.76,7.96,8.36,9.64,99.19,0.13,72.65,0.49,156.68,0.81,135.78
2022,10,11,23,0,0,0,0,0,0,0,0,8.51,7.55,8.03,9.4,98.19,0.15,72.62,0.41,153.92,0.66,126.87
2022,10,12,0,0,0,0,0,0,0,0,0,8.18,7.12,7.65,9.09,97.44,0.15,72.59,0.33,144.78,0.6,111.52
2022,10,12,1,0,0,0,0,0,0,0,0,7.87,6.76,7.32,8.91,97,0.11,72.57,0.24,132.4,0.57,92.35
2022,10,12,2,0,0,0,0,0,0,0,0,7.65,6.43,7.05,8.67,95.81,0.07,72.53,0.2,101.31,0.66,69.84
2022,10,12,3,0,0,0,0,0,0,0,0,7.39,5.93,6.66,8.36,93.94,0.04,72.47,0.33,65.9,0.96,57.35
2022,10,12,4,0,0,0,0,0,0,0,0,7.21,5.15,6.18,7.87,89.94,0.03,72.44,0.47,51.79,1.11,49.57
2022,10,12,5,0,0,0,0,0,0,0,0,7.43,4.02,5.73,7.26,81.88,0.01,72.47,0.5,53.84,0.92,53.33
2022,10,12,6,0.07,0.08,0.24,7.05,8.52,1.18,0.01,0.02,7.44,3.3,5.37,6.9,77.75,0.21,72.54,0.48,63.85,0.78,63.18
2022,10,12,7,0.64,0.76,1.26,76.7,88.08,12.25,0.11,0.55,8.9,4.98,6.94,7.93,80.56,0.03,72.6,0.37,82.72,0.67,71.77
2022,10,12,8,1.26,1.63,2.24,153.25,193.8,23.15,0.44,2.17,11.82,5,8.41,8,67.06,0.01,72.64,0.39,188.13,0.44,183.07
2022,10,12,9,1.72,2.39,3.04,215.77,287.95,33.8,0.91,4.6,13.23,5.31,9.27,8.24,62.75,0,72.68,1.79,217.72,2.28,217.77
2022,10,12,10,2.07,2.96,3.62,266.25,357.45,43.57,1.41,7.42,13.49,5.83,9.66,8.54,64.12,0,72.71,2.49,221.3,3.19,221.23
2022,10,12,11,2.35,3.26,3.93,305.23,393.95,50.67,1.79,9.48,13.76,6.3,10.03,8.85,65.25,0,72.69,2.54,225.5,3.22,225.49
2022,10,12,12,2.35,3.25,3.95,307.33,394.83,51.01,1.8,9.6,14.37,6.59,10.48,9.09,64.56,0,72.65,2.68,228.78,3.39,228.74
2022,10,12,13,2.27,3.01,3.68,284.98,362.7,46.23,1.52,7.98,14.7,6.69,10.69,9.22,63.94,0.01,72.6,2.96,229.07,3.77,229.21
2022,10,12,14,1.57,2.49,3.14,202.8,299.02,32.84,0.92,4.7,14.37,6.7,10.54,9.22,65.44,0.03,72.56,2.96,230.14,3.79,230.18
2022,10,12,15,1,1.73,2.37,122.9,205.15,18.63,0.38,1.85,13.65,6.73,10.19,9.28,68.81,0.07,72.53,2.57,231.53,3.32,231.7
2022,10,12,16,0.65,0.9,1.41,76.17,105.08,11.21,0.11,0.55,12.6,6.86,9.73,9.4,74.5,0.07,72.5,1.9,235.07,2.45,235.25
2022,10,12,17,0.15,0.13,0.36,14.4,14.52,2.2,0.01,0.02,11,7.46,9.23,9.83,86.62,0.18,72.5,0.81,237.53,1.14,240.79
2022,10,12,18,0,0,0,0,0,0,0,0,8.9,6.96,7.94,9.34,95,1,72.52,0.2,326.31,0.38,330.26
2022,10,12,19,0,0,0,0,0,0,0,0,7.99,6.23,7.11,8.91,96.25,0.66,72.57,0.34,10.54,0.64,8.43
2022,10,12,20,0,0,0,0,0,0,0,0,7.62,5.48,6.55,8.48,94.12,0.15,72.61,0.4,17.02,0.68,14.04
2022,10,12,21,0,0,0,0,0,0,0,0,7.43,4.78,6.11,8.12,91.19,0.13,72.64,0.36,16.46,0.56,13.84
2022,10,12,22,0,0,0,0,0,0,0,0,7.11,4.19,5.65,7.81,89.69,0.08,72.66,0.31,14.38,0.47,12.43
2022,10,12,23,0,0,0,0,0,0,0,0,6.69,3.7,5.19,7.51,89.25,0.02,72.65,0.33,11.04,0.52,9.46
2022,10,13,0,0,0,0,0,0,0,0,0,6.18,3.05,4.62,7.2,88.06,0.01,72.63,0.42,11.94,0.73,10.47
2022,10,13,1,0,0,0,0,0,0,0,0,5.77,2.16,3.97,6.71,84.75,0,72.59,0.51,19.54,0.92,18.28
2022,10,13,2,0,0,0,0,0,0,0,0,5.46,1.08,3.27,6.23,80.06,0,72.56,0.59,23.5,1.06,22.04
2022,10,13,3,0,0,0,0,0,0,0,0,5.34,0.02,2.69,5.74,74.5,0,72.53,0.63,27.53,1.1,26.02
2022,10,13,4,0,0,0,0,0,0,0,0,5.3,-0.98,2.16,5.31,69,0,72.54,0.64,32.52,1.13,31.37
2022,10,13,5,0,0,0,0,0,0,0,0,5.31,-1.95,1.68,4.88,63.75,0,72.56,0.66,36.87,1.14,35.22
2022,10,13,6,0.08,0.09,0.23,7.5,9.05,1.25,0.01,0.02,5.43,-2.63,1.4,4.58,59.5,0,72.6,0.67,40.75,1.14,38.9
2022,10,13,7,0.89,0.88,1.25,97.45,97.62,14.04,0.12,0.58,7.64,0.47,4.05,6.04,67.38,0,72.67,0.23,66.04,0.59,50.39
2022,10,13,8,1.12,1.8,2.22,134.2,207.65,20.31,0.38,1.83,11.14,-0.06,5.55,5.68,50.06,0,72.74,0.63,204.33,0.79,205.05
2022,10,13,9,2.03,2.56,3.03,240.45,297.92,37.11,0.97,4.8,13.03,-0.29,6.37,5.49,42.56,0,72.79,1.8,208.01,2.33,208.03
2022,10,13,10,2.42,3.1,3.6,297,362.17,48.13,1.53,7.95,13.46,0.58,7.02,5.74,43.56,0,72.79,2.43,208.38,3.11,208.37
2022,10,13,11,2.74,3.39,3.91,339.4,395.98,55.47,1.92,10.15,14,1.7,7.85,6.23,45.5,0,72.77,2.75,209.48,3.5,209.43
2022,10,13,12,2.7,3.37,3.93,333.27,396.85,54.52,1.88,9.92,14.24,2.53,8.39,6.65,47.62,0,72.71,2.95,211.04,3.77,211.09
2022,10,13,13,2.43,3.12,3.66,300.8,364.75,48.66,1.58,8.38,14.16,3.1,8.63,6.96,50,0.01,72.64,3,213.19,3.82,213.24
2022,10,13,14,1.88,2.59,3.12,232.48,302.55,37.02,1.02,5.17,13.77,3.51,8.64,7.2,52.94,0.01,72.57,2.89,215.32,3.69,215.27
2022,10,13,15,1.23,1.83,2.35,148.5,211.08,22.58,0.45,2.2,13.06,3.97,8.51,7.45,57.5,0.01,72.52,2.61,215.98,3.35,215.99
2022,10,13,16,0.72,0.96,1.39,83.27,108.25,12.34,0.12,0.6,11.89,4.58,8.24,7.81,65.06,0.01,72.52,2.09,215.11,2.74,215.23
2022,10,13,17,0.13,0.15,0.34,12.75,14.8,2.05,0.01,0.02,10.01,5.59,7.8,8.42,79.62,0.07,72.54,1.06,212.63,1.51,212.95
2022,10,13,18,0,0,0,0,0,0,0,0,7.87,5.15,6.51,8.06,88.12,0.12,72.57,0.09,174.81,0.16,171.47
2022,10,13,19,0,0,0,0,0,0,0,0,7.04,4.78,5.91,7.87,90.69,0.04,72.63,0.45,57.14,0.75,55.65
2022,10,13,20,0,0,0,0,0,0,0,0,6.58,3.74,5.16,7.32,87.5,0.02,72.68,0.65,55.74,1.11,53.62
2022,10,13,21,0,0,0,0,0,0,0,0,6.37,2.42,4.39,6.71,81.5,0.01,72.71,0.76,52.54,1.27,50.24
2022,10,13,22,0,0,0,0,0,0,0,0,6.4,0.94,3.67,6.1,74,0,72.72,0.76,48.76,1.23,46.8
2022,10,13,23,0,0,0,0,0,0,0,0,6.39,-0.52,2.94,5.55,67.31,0,72.7,0.75,44.58,1.22,42.4
2022,10,14,0,0,0,0,0,0,0,0,0,6.32,-1.99,2.17,5,61.12,0,72.66,0.76,42.08,1.23,40.36
2022,10,14,1,0,0,0,0,0,0,0,0,5.9,-3.14,1.38,4.58,57.19,0,72.61,0.75,42.03,1.24,39.9
2022,10,14,2,0,0,0,0,0,0,0,0,5.74,-4.23,0.76,4.15,52.75,0,72.58,0.75,43.32,1.26,41.72
2022,10,14,3,0,0,0,0,0,0,0,0,5.79,-5.38,0.21,3.78,47.62,0,72.55,0.69,45.46,1.13,44.16
2022,10,14,4,0,0,0,0,0,0,0,0,6.13,-6.82,-0.35,3.36,41.31,0,72.55,0.63,48.01,0.98,46.93
2022,10,14,5,0,0,0,0,0,0,0,0,6.37,-8.31,-0.97,2.99,35.94,0,72.57,0.6,52.39,0.88,51.1
2022,10,14,6,0.08,0.08,0.23,7.15,8.27,1.16,0.01,0.02,6.3,-9.23,-1.46,2.75,33.12,0,72.6,0.55,54.74,0.82,53.13
2022,10,14,7,0.82,0.81,1.23,84.95,85.45,11.65,0.09,0.45,7.74,-4.13,1.8,4.15,46.12,0,72.65,0.37,61.29,0.66,57.63
2022,10,14,8,1.77,1.82,2.21,201.15,207,30.26,0.54,2.65,11.11,-3.4,3.85,4.52,39.62,0,72.71,0.54,176.68,0.68,174.09
2022,10,14,9,2.55,2.6,3.01,295.45,299.77,47.03,1.21,6.02,12.84,-3.79,4.53,4.27,33.69,0,72.74,1.61,198.96,2.08,198.84
2022,10,14,10,3.11,3.16,3.59,364.12,366.27,59.45,1.85,9.4,13.26,-1.58,5.84,5,38.38,0,72.74,2.37,205.55,3.06,205.58
2022,10,14,11,3.24,3.43,3.89,386.6,399.7,63.82,2.16,11.25,13.75,0.08,6.91,5.68,41.88,0,72.71,2.76,208.38,3.53,208.38
2022,10,14,12,3.05,3.38,3.91,372.17,397.73,60.84,2.05,10.8,13.94,1.31,7.62,6.16,45.06,0,72.66,2.92,210.88,3.73,210.86
2022,10,14,13,2.37,3.06,3.64,297.98,361.62,48.22,1.5,7.83,13.87,2.11,7.98,6.53,47.81,0,72.59,2.94,213.39,3.76,213.46
2022,10,14,14,1.47,2.46,3.1,187.02,295.45,29.85,0.77,3.83,13.47,2.61,8.04,6.77,50.88,0.01,72.53,2.82,215.32,3.6,215.38
2022,10,14,15,1.02,1.74,2.33,127.45,206.88,19.48,0.36,1.75,12.7,3.05,7.87,6.96,55.19,0,72.5,2.47,215.2,3.17,215.26
2022,10,14,16,0.65,0.91,1.37,81.7,106.12,14.37,0.12,0.62,11.53,3.44,7.48,7.2,61.44,0,72.49,1.8,214.59,2.34,214.65
2022,10,14,17,0.14,0.13,0.33,13.55,14.12,2.06,0.01,0.02,9.73,4.29,7.01,7.75,74.44,0,72.5,0.67,213.5,0.93,213.69
2022,10,14,18,0,0,0,0,0,0,0,0,7.4,3.43,5.42,7.2,81,0.01,72.51,0.35,45,0.62,44.49
2022,10,14,19,0,0,0,0,0,0,0,0,6.44,2.63,4.53,6.84,82.12,0,72.55,0.83,47.29,1.46,45.43
2022,10,14,20,0,0,0,0,0,0,0,0,6.27,1.17,3.72,6.16,75.06,0,72.59,0.99,47.88,1.67,46.9
2022,10,14,21,0,0,0,0,0,0,0,0,6.46,-0.5,2.98,5.43,65.69,0,72.6,1,44.68,1.63,43.64
2022,10,14,22,0,0,0,0,0,0,0,0,6.53,-2.06,2.23,4.88,58.38,0,72.59,0.86,41.33,1.39,40.67
2022,10,14,23,0,0,0,0,0,0,0,0,6.6,-3.71,1.44,4.33,51.88,0,72.57,0.69,39.47,1.09,38.02
2022,10,15,0,0,0,0,0,0,0,0,0,7.12,-5.83,0.65,3.78,43.56,0,72.54,0.54,35.54,0.79,34.16
2022,10,15,1,0,0,0,0,0,0,0,0,6.98,-7.07,-0.04,3.54,41.25,0.01,72.51,0.46,31.8,0.68,28.93
2022,10,15,2,0,0,0,0,0,0,0,0,6.7,-8.14,-0.72,3.36,39.75,0.01,72.48,0.5,30.19,0.74,26.83
2022,10,15,3,0,0,0,0,0,0,0,0,6.42,-9.2,-1.39,3.17,38.31,0.01,72.47,0.54,34.38,0.81,31.53
2022,10,15,4,0,0,0,0,0,0,0,0,6.09,-10.1,-2,2.99,37.19,0.01,72.47,0.57,38.9,0.87,36.25
2022,10,15,5,0,0,0,0,0,0,0,0,5.87,-10.98,-2.56,2.81,35.44,0.05,72.49,0.62,41.93,0.95,39.32
2022,10,15,6,0.08,0.08,0.22,6.62,7.67,1.06,0.01,0.02,5.9,-11.95,-3.02,2.62,33.06,0,72.54,0.63,46.01,0.96,43.34
2022,10,15,7,0.82,0.8,1.22,85.5,85.62,12.04,0.09,0.48,7.37,-6.74,0.32,3.85,43.62,0,72.6,0.47,51.79,0.77,49.52
2022,10,15,8,1.74,1.8,2.2,198.85,205.02,30.69,0.56,2.75,10.72,-3.97,3.37,4.52,41.06,0,72.68,0.32,142.85,0.44,138.62
2022,10,15,9,2.48,2.58,3,290.83,298.45,47.3,1.24,6.2,12.92,-4.43,4.25,4.39,34.44,0,72.72,1.4,197.83,1.81,197.58
2022,10,15,10,2.99,3.13,3.57,355.92,364.08,58.99,1.88,9.6,13.86,-2.08,5.89,5.07,37.19,0,72.72,2.15,204.7,2.76,204.9
2022,10,15,11,3.24,3.42,3.88,391.75,400.25,66.19,2.3,12.1,14.49,-0.12,7.19,5.74,40.5,0,72.7,2.69,206.94,3.46,206.97
2022,10,15,12,3.13,3.44,3.9,384.08,406.45,67.45,2.38,12.5,14.58,1.52,8.05,6.47,45.19,0,72.67,3.04,208.34,3.92,208.35
2022,10,15,13,2.92,3.17,3.62,353.65,371.83,59.24,1.92,9.98,14.29,2.85,8.57,7.08,50.69,0,72.61,3.07,209.76,3.94,209.87
2022,10,15,14,2.38,2.62,3.08,284.1,306.38,45.33,1.23,6.15,13.75,3.77,8.76,7.57,55.94,0,72.56,2.78,211.77,3.55,211.87
2022,10,15,15,1.52,1.86,2.31,179.95,215.83,27.2,0.52,2.58,13,4.3,8.65,7.87,60.81,0,72.53,2.47,212.89,3.17,212.95
2022,10,15,16,0.93,0.99,1.35,106.15,113.02,14.91,0.14,0.67,11.78,4.81,8.3,8.12,68.06,0,72.53,1.98,214.25,2.59,214.31
2022,10,15,17,0.15,0.15,0.31,14.08,14.67,2.01,0.01,0.02,9.87,5.82,7.84,8.67,82.88,0,72.54,0.9,215.48,1.31,216.05
2022,10,15,18,0,0,0,0,0,0,0,0,7.78,5.52,6.65,8.42,92.5,0,72.57,0.06,8.13,0.07,18.43
2022,10,15,19,0,0,0,0,0,0,0,0,6.8,4.89,5.84,8.12,95.19,0,72.62,0.61,43.45,1.08,41.5
2022,10,15,20,0,0,0,0,0,0,0,0,6.65,3.6,5.12,7.45,88.56,0,72.67,0.75,47.97,1.29,45.49
2022,10,15,21,0,0,0,0,0,0,0,0,6.73,2.06,4.39,6.71,79.75,0,72.7,0.8,47.76,1.33,45.48
2022,10,15,22,0,0,0,0,0,0,0,0,6.82,0.64,3.73,6.1,71.81,0,72.71,0.78,43.78,1.26,42.49
2022,10,15,23,0,0,0,0,0,0,0,0,6.77,-1.17,2.8,5.49,64.56,0,72.69,0.73,40.67,1.18,39.37
2022,10,16,0,0,0,0,0,0,0,0,0,6.53,-2.87,1.83,4.94,59.12,0,72.67,0.66,39.72,1.09,37.69
2022,10,16,1,0,0,0,0,0,0,0,0,6.38,-4.38,1,4.46,54.12,0,72.66,0.58,38.42,0.98,36.23
2022,10,16,2,0,0,0,0,0,0,0,0,6.24,-5.8,0.23,4.03,49.56,0,72.64,0.56,35.91,0.94,34.48
2022,10,16,3,0,0,0,0,0,0,0,0,6.11,-7.09,-0.49,3.66,45.56,0,72.63,0.5,36.69,0.83,34.59
2022,10,16,4,0,0,0,0,0,0,0,0,6.23,-8.4,-1.09,3.3,40.12,0,72.65,0.47,35.54,0.73,34.03
2022,10,16,5,0,0,0,0,0,0,0,0,5.83,-9.18,-1.68,3.05,38.5,0,72.68,0.47,35.54,0.74,34.7
2022,10,16,6,0.09,0.09,0.21,7.67,8.52,1.19,0.01,0.02,5.23,-9.53,-2.15,2.93,38.75,0,72.74,0.5,38.66,0.84,37.41
2022,10,16,7,0.9,0.89,1.21,97.58,97.92,13.26,0.11,0.52,7.29,-5.15,1.07,4.15,47.38,0,72.81,0.48,43.03,0.84,41.99
2022,10,16,8,1.76,1.82,2.18,202.15,208.17,30.75,0.57,2.8,11,-4.16,3.42,4.46,39.75,0,72.88,0.21,156.25,0.26,144.87
2022,10,16,9,2.49,2.58,2.98,290.88,299.2,46.73,1.24,6.23,13.21,-4.79,4.21,4.27,32.88,0,72.92,1.53,209.71,1.96,209.83
2022,10,16,10,2.97,3.12,3.56,352.45,363.1,57.55,1.85,9.55,13.88,-2.42,5.73,4.94,36.62,0,72.93,2.32,212.19,2.99,212.2
2022,10,16,11,3.22,3.41,3.86,388.2,398.15,64.41,2.27,11.98,14.36,-0.36,7,5.68,40.69,0,72.91,2.74,212.78,3.53,212.81
2022,10,16,12,3.23,3.4,3.88,393.25,401.23,65.51,2.32,12.3,14.54,0.98,7.76,6.23,44.06,0,72.85,2.94,213.73,3.76,213.72
2022,10,16,13,2.95,3.15,3.61,356.2,369.15,58.53,1.92,10.02,14.39,2,8.19,6.71,47.75,0,72.79,2.96,214.99,3.78,215.07
2022,10,16,14,2.28,2.59,3.06,274.05,304.58,43.43,1.18,5.95,13.94,2.74,8.34,7.08,51.81,0,72.73,2.79,216.68,3.56,216.79
2022,10,16,15,1.56,1.84,2.29,184.3,216,27.54,0.53,2.62,13.23,3.38,8.3,7.45,56.81,0,72.7,2.53,217.72,3.26,217.8
2022,10,16,16,0.98,0.97,1.33,111.27,112.4,15.35,0.14,0.7,12.03,4.14,8.08,7.87,65,0,72.7,2.05,219.27,2.7,219.36
2022,10,16,17,0.15,0.14,0.3,13.92,14.15,1.93,0.01,0.02,10.04,5.44,7.74,8.61,81,0,72.72,0.93,219.56,1.39,220.22
2022,10,16,18,0,0,0,0,0,0,0,0,7.95,4.97,6.46,8.18,88.81,0,72.75,0.09,344.74,0.12,336.8
2022,10,16,19,0,0,0,0,0,0,0,0,7.02,4.37,5.69,7.81,90.75,0,72.8,0.53,36.03,0.92,35.31
2022,10,16,20,0,0,0,0,0,0,0,0,6.74,3.09,4.92,7.14,84.88,0,72.85,0.68,37,1.13,36.32
2022,10,16,21,0,0,0,0,0,0,0,0,6.51,1.55,4.03,6.47,78,0,72.88,0.67,38.35,1.13,37.11
2022,10,16,22,0,0,0,0,0,0,0,0,6.38,0.13,3.26,5.92,71.88,0,72.88,0.72,40.13,1.18,38.54
2022,10,16,23,0,0,0,0,0,0,0,0,6.1,-1.49,2.31,5.31,65.56,0,72.87,0.73,42.4,1.19,41.01
2022,10,17,0,0,0,0,0,0,0,0,0,5.78,-3.39,1.19,4.64,58.62,0,72.85,0.77,45.82,1.25,44.24
2022,10,17,1,0,0,0,0,0,0,0,0,5.43,-5.46,-0.02,3.97,51.38,0,72.82,0.81,46.17,1.33,44.52
2022,10,17,2,0,0,0,0,0,0,0,0,5,-7.66,-1.33,3.36,45,0,72.79,0.77,42.12,1.28,41.55
2022,10,17,3,0,0,0,0,0,0,0,0,4.67,-9.7,-2.52,2.87,38.94,0,72.77,0.81,41.08,1.35,40.78
2022,10,17,4,0,0,0,0,0,0,0,0,4.44,-11.46,-3.52,2.44,33.94,0,72.77,0.85,42.03,1.44,41.92
2022,10,17,5,0,0,0,0,0,0,0,0,4.42,-13.23,-4.41,2.08,28.88,0,72.79,0.85,41.28,1.42,41.66
2022,10,17,6,0.08,0.08,0.2,7.38,8.12,1.16,0.01,0.02,4.09,-14.11,-5.01,1.89,27.38,0,72.83,0.79,40.97,1.34,41.47
2022,10,17,7,0.89,0.87,1.2,97.23,97.85,12.94,0.1,0.5,6.51,-9.12,-1.31,3.05,36.88,0,72.87,0.69,43.63,1.2,43.68
2022,10,17,8,1.74,1.79,2.17,201,207.48,30.65,0.57,2.8,10.29,-7.39,1.44,3.42,32.06,0,72.92,0.4,111.6,0.6,102.04
2022,10,17,9,2.42,2.54,2.97,286.42,297.58,46.23,1.23,6.17,12.21,-7.7,2.26,3.17,26.06,0,72.94,1.37,188.22,1.75,187.95
2022,10,17,10,2.95,3.07,3.54,351.98,360.67,57.34,1.84,9.48,12.96,-4.44,4.26,4.09,31.75,0,72.92,2,198.93,2.55,198.93
2022,10,17,11,3.18,3.35,3.84,383.35,392.75,62.31,2.17,11.52,13.62,-2.36,5.63,4.7,35.38,0,72.88,2.4,204.23,3.07,204.35
2022,10,17,12,3.23,3.36,3.86,392.75,398.2,64.52,2.28,12.08,13.98,-0.9,6.54,5.25,38.44,0,72.8,2.63,206.03,3.36,206.09
2022,10,17,13,2.92,3.09,3.59,352.3,364.98,57.3,1.87,9.73,13.95,0.11,7.03,5.68,41.56,0,72.73,2.66,205.96,3.38,206.03
2022,10,17,14,2.22,2.54,3.04,267.6,298.92,42.2,1.15,5.75,13.55,0.81,7.18,5.98,44.94,0,72.67,2.48,204.15,3.16,204.22
2022,10,17,15,1.52,1.78,2.27,180.1,208.4,26.65,0.52,2.52,12.78,1.3,7.04,6.23,49.06,0,72.64,2.07,199.87,2.64,200.1
2022,10,17,16,0.91,0.9,1.31,102.02,103.17,13.73,0.12,0.62,11.58,1.75,6.66,6.47,55.31,0,72.62,1.41,193.11,1.82,193.68
2022,10,17,17,0.13,0.11,0.28,11.85,12.05,1.71,0.01,0.02,9.56,2.62,6.09,6.96,67.88,0,72.62,0.49,161.27,0.69,156.63
2022,10,17,18,0,0,0,0,0,0,0,0,6.88,1.75,4.32,6.41,75,0,72.63,0.58,64.47,1.01,62.84
2022,10,17,19,0,0,0,0,0,0,0,0,5.88,0.8,3.34,5.98,75.31,0,72.66,0.88,52.62,1.58,50.81
2022,10,17,20,0,0,0,0,0,0,0,0,5.61,-0.57,2.52,5.43,69.31,0,72.69,1.01,50.99,1.74,49.73
2022,10,17,21,0,0,0,0,0,0,0,0,5.76,-2.31,1.73,4.76,60.38,0,72.7,0.97,51.84,1.6,50.73
2022,10,17,22,0,0,0,0,0,0,0,0,5.75,-4.06,0.84,4.21,53.06,0,72.7,0.87,51.58,1.41,50.84
2022,10,17,23,0,0,0,0,0,0,0,0,5.76,-6.33,-0.28,3.6,45.31,0,72.68,0.71,51.74,1.12,51.22
2022,10,18,0,0,0,0,0,0,0,0,0,5.32,-7.62,-1.15,3.17,41.88,0,72.66,0.44,48.62,0.7,49.05
2022,10,18,1,0,0,0,0,0,0,0,0,4.61,-8.53,-1.96,2.99,40.69,0,72.64,0.42,49.51,0.69,49.61
2022,10,18,2,0,0,0,0,0,0,0,0,4.26,-9.6,-2.67,2.69,37.94,0,72.61,0.48,51.63,0.76,51.71
2022,10,18,3,0,0,0,0,0,0,0,0,3.84,-10.32,-3.24,2.5,36,0,72.59,0.52,55.36,0.82,55.86
2022,10,18,4,0,0,0,0,0,0,0,0,3.51,-10.81,-3.65,2.38,34.88,0,72.59,0.58,59.97,0.94,58.95
2022,10,18,5,0,0,0,0,0,0,0,0,3.52,-11.1,-3.78,2.26,33.69,0,72.6,0.6,63.1,1,62.43
2022,10,18,6,0.07,0.07,0.2,5.92,7.08,0.96,0.01,0.02,3.7,-10.96,-3.63,2.26,33.38,0,72.63,0.6,63.1,0.99,61.61
2022,10,18,7,0.81,0.8,1.19,89.73,90.6,11.8,0.09,0.45,5.6,-4.63,0.49,4.03,51.5,0,72.68,0.46,66.04,0.87,63.2
2022,10,18,8,1.65,1.69,2.16,191.62,197.6,27.98,0.5,2.45,9.25,-2.69,3.28,4.64,46.56,0,72.73,0.76,148.93,0.98,143.4
2022,10,18,9,2.36,2.44,2.96,280.38,288.58,43.4,1.12,5.58,10.76,-0.54,5.11,5.49,49.75,0,72.77,1.91,181.64,2.45,181.64
2022,10,18,10,2.83,2.98,3.53,340.25,352.08,53.62,1.66,8.58,11.68,1.06,6.37,6.16,52.44,0,72.77,2.48,190.89,3.17,191.09
2022,10,18,11,3.07,3.26,3.83,373.5,386.35,59.55,2.02,10.67,12.34,2.17,7.26,6.65,53.94,0,72.74,2.81,194,3.58,194.04
2022,10,18,12,3.07,3.28,3.84,376.05,391.05,60.59,2.07,10.95,12.61,2.95,7.78,7.02,55.75,0,72.67,2.98,195.68,3.78,195.59
2022,10,18,13,2.9,3.02,3.57,350.4,359.1,55.71,1.77,9.12,12.58,3.42,8.01,7.2,57.44,0,72.6,2.99,196.73,3.79,196.79
2022,10,18,14,2.11,2.46,3.02,255.02,290.7,38.69,1.02,5.15,12.27,3.54,7.9,7.26,59,0,72.54,2.81,196.82,3.56,196.84
2022,10,18,15,1.44,1.72,2.25,171.02,201.55,24.42,0.45,2.23,11.66,3.42,7.55,7.2,61,0,72.5,2.57,195.68,3.28,195.59
2022,10,18,16,0.82,0.86,1.29,93.6,99.83,12.38,0.11,0.52,10.5,3.67,7.08,7.39,67.56,0,72.49,2.21,194.97,2.88,194.79
2022,10,18,17,0.11,0.11,0.27,10.83,11.35,1.59,0.01,0.02,8.51,4.57,6.54,7.93,82.62,0,72.5,1.27,191.31,1.8,189.99
2022,10,18,18,0,0,0,0,0,0,0,0,6.61,4.08,5.34,7.51,89.38,0,72.53,0.62,156.33,0.86,150.19
2022,10,18,19,0,0,0,0,0,0,0,0,5.64,3.46,4.55,7.26,92.5,0,72.57,0.5,126.16,0.81,111.6
2022,10,18,20,0,0,0,0,0,0,0,0,4.89,2.55,3.72,6.84,91.88,0,72.62,0.52,89.14,0.95,82
2022,10,18,21,0,0,0,0,0,0,0,0,4.33,1.64,2.99,6.35,89,0,72.64,0.61,59.16,1.11,57.09
2022,10,18,22,0,0,0,0,0,0,0,0,3.96,0.51,2.24,5.86,84.31,0,72.63,0.7,43.65,1.31,42.34
2022,10,18,23,0,0,0,0,0,0,0,0,3.76,-0.95,1.4,5.31,77.19,0,72.61,0.83,37.3,1.51,36.57
2022,10,19,0,0,0,0,0,0,0,0,0,3.81,-2.56,0.62,4.7,68.5,0,72.57,0.88,38.19,1.54,37.57
2022,10,19,1,0,0,0,0,0,0,0,0,3.8,-4.02,-0.1,4.21,61.38,0,72.53,0.9,41.84,1.52,41.05
2022,10,19,2,0,0,0,0,0,0,0,0,3.65,-5.15,-0.75,3.85,56.56,0,72.48,0.92,43.62,1.52,42.71
2022,10,19,3,0,0,0,0,0,0,0,0,3.26,-5.92,-1.33,3.6,54.12,0,72.45,0.85,47.62,1.4,46.8
2022,10,19,4,0,0,0,0,0,0,0,0,2.98,-6.61,-1.81,3.36,51.62,0,72.45,0.79,51.43,1.3,50.59
2022,10,19,5,0,0,0,0,0,0,0,0,2.79,-7.28,-2.24,3.17,49.25,0,72.48,0.74,52.28,1.22,51.74
2022,10,19,6,0.06,0.07,0.19,5.7,6.85,0.91,0,0.02,2.75,-7.83,-2.54,2.99,47.12,0,72.53,0.66,51.77,1.07,51.21
2022,10,19,7,0.75,0.73,1.17,80.48,80.92,10.78,0.08,0.38,4.87,-4.54,0.17,4.09,54.62,0,72.59,0.4,72.98,0.71,60.88
2022,10,19,8,1.57,1.61,2.14,179.08,184.6,25.61,0.43,2.12,8.14,-2.66,2.74,4.7,50.25,0,72.66,0.71,184.45,0.86,183.64
2022,10,19,9,2.25,2.36,2.94,264.33,274.62,40.02,0.98,4.85,9.62,-2.27,3.67,4.82,46.69,0,72.68,1.69,206.09,2.16,205.73
2022,10,19,10,2.71,2.89,3.51,322.1,337.3,49.64,1.46,7.45,10.38,-1.17,4.61,5.19,47.81,0,72.67,2.43,213.18,3.09,213.13
2022,10,19,11,2.94,3.17,3.81,353,370.38,54.85,1.77,9.2,10.94,-0.1,5.42,5.55,49.56,0,72.64,2.84,216.05,3.6,216.07
2022,10,19,12,2.81,3.13,3.83,340.88,368.1,52.69,1.7,8.92,11.12,0.57,5.84,5.86,51.25,0,72.57,3.04,217.28,3.86,217.26
2022,10,19,13,2.4,2.83,3.55,286.33,326.7,42.37,1.25,6.52,11.03,0.99,6.01,6.04,53.06,0,72.51,3.06,218.48,3.89,218.39
2022,10,19,14,1.71,2.16,3.01,196.9,241.92,27.03,0.66,3.33,10.64,1.23,5.94,6.16,55.56,0,72.45,2.97,219.77,3.78,219.97
2022,10,19,15,1.06,1.33,2.23,115.2,140.25,14.84,0.25,1.25,9.9,1.49,5.69,6.29,59.56,0,72.42,2.64,220.09,3.38,220.21
2022,10,19,16,0.53,0.55,1.27,54.1,57.5,7.59,0.06,0.3,8.79,1.8,5.3,6.47,66,0,72.42,2,221.04,2.57,221.19
2022,10,19,17,0.08,0.06,0.26,6.92,6.77,1.02,0.01,0.02,7.12,2.48,4.8,6.84,78.69,0,72.43,1.03,215.74,1.38,217.39
2022,10,19,18,0,0,0,0,0,0,0,0,5.26,1.73,3.5,6.47,84.25,0,72.46,0.15,154.8,0.17,116.57
2022,10,19,19,0,0,0,0,0,0,0,0,4.15,1.13,2.65,6.16,87.25,0,72.51,0.47,69.44,0.94,60.26
2022,10,19,20,0,0,0,0,0,0,0,0,3.53,0.23,1.88,5.74,84.88,0,72.57,0.68,58.13,1.32,54.42
2022,10,19,21,0,0,0,0,0,0,0,0,3.28,-0.92,1.18,5.25,79.12,0,72.6,0.78,51.87,1.44,50.71
2022,10,19,22,0,0,0,0,0,0,0,0,3.18,-2.25,0.47,4.76,72.12,0,72.59,0.88,48.24,1.53,47.49
2022,10,19,23,0,0,0,0,0,0,0,0,3.12,-3.41,-0.14,4.33,65.75,0,72.57,0.94,41.63,1.57,41.78
2022,10,20,0,0,0,0,0,0,0,0,0,3.02,-4.45,-0.72,3.97,60.56,0,72.55,0.98,38.87,1.61,38.88
2022,10,20,1,0,0,0,0,0,0,0,0,2.94,-5.44,-1.25,3.66,56.06,0,72.53,0.99,40.5,1.6,40.24
2022,10,20,2,0,0,0,0,0,0,0,0,2.71,-6.15,-1.72,3.42,53.81,0,72.5,0.85,43.88,1.38,43.85
2022,10,20,3,0,0,0,0,0,0,0,0,2.75,-6.95,-2.1,3.23,50.12,0,72.5,0.8,46.59,1.27,46
2022,10,20,4,0,0,0,0,0,0,0,0,2.79,-7.69,-2.45,2.99,47,0,72.51,0.77,47.45,1.22,46.81
2022,10,20,5,0,0,0,0,0,0,0,0,2.84,-8.22,-2.69,2.87,44.94,0,72.55,0.72,48.52,1.13,47.25
2022,10,20,6,0.05,0.05,0.18,4.12,4.7,0.63,0,0,2.73,-8.44,-2.86,2.87,44.75,0,72.61,0.67,52.59,1.08,50.89
2022,10,20,7,0.63,0.61,1.16,62.88,62.92,8.55,0.05,0.3,4.69,-4.36,0.16,4.09,56,0,72.68,0.53,64.57,0.9,59.89
2022,10,20,8,1.17,1.16,2.13,114.2,117.88,14.66,0.23,1.1,7.98,-2.63,2.67,4.7,51,0,72.76,0.61,168.26,0.75,164.95
2022,10,20,9,1.84,1.89,2.93,196.02,201.67,25.98,0.58,2.88,9.55,-1.05,4.26,5.25,51.56,0,72.81,1.84,201.21,2.33,201.41
2022,10,20,10,2.42,2.49,3.49,268.98,275.12,37.51,1.02,5.17,10.66,0.54,5.6,5.86,53.44,0,72.82,2.51,207.6,3.21,207.69
2022,10,20,11,2.71,2.81,3.79,306.2,313.73,43.53,1.29,6.7,11.44,1.81,6.63,6.41,55.19,0,72.79,2.98,210.53,3.8,210.52
2022,10,20,12,2.99,3.19,3.81,357.83,372.67,55.41,1.78,9.35,11.77,2.8,7.29,6.84,57.62,0,72.73,3.21,211.87,4.08,211.87
2022,10,20,13,2.4,2.89,3.53,287.73,335.6,45.31,1.34,6.92,11.73,3.5,7.61,7.14,60.5,0,72.67,3.22,213.11,4.09,213.23
2022,10,20,14,1.61,2.25,2.99,189.73,256.6,28.09,0.69,3.45,11.36,3.83,7.59,7.32,63.38,0,72.63,3,215.47,3.82,215.41
2022,10,20,15,0.95,1.37,2.21,106.58,146.98,14.48,0.24,1.2,10.7,3.95,7.33,7.39,66.81,0,72.61,2.61,216.6,3.32,216.68
2022,10,20,16,0.56,0.62,1.25,60.58,66.5,9.09,0.07,0.35,9.65,4.01,6.83,7.45,72.06,0,72.61,1.94,216.82,2.49,216.98
2022,10,20,17,0.09,0.07,0.24,7.65,7.77,1.2,0.01,0.02,8.02,4.22,6.12,7.63,82.69,0,72.62,0.96,212.4,1.29,212.92
2022,10,20,18,0,0,0,0,0,0,0,0,6.16,3.55,4.85,7.2,88.88,0,72.65,0.13,111.8,0.22,92.05
2022,10,20,19,0,0,0,0,0,0,0,0,4.97,2.94,3.96,6.96,92.62,0,72.7,0.58,49.9,1.03,48.69
2022,10,20,20,0,0,0,0,0,0,0,0,4.37,1.8,3.08,6.41,89,0,72.75,0.77,50.34,1.38,48.66
2022,10,20,21,0,0,0,0,0,0,0,0,4.21,0.38,2.3,5.74,81.44,0,72.78,0.82,51.6,1.42,49.67
2022,10,20,22,0,0,0,0,0,0,0,0,4.19,-1.03,1.58,5.19,73.62,0,72.78,0.79,50.99,1.35,49
2022,10,20,23,0,0,0,0,0,0,0,0,4.12,-2.46,0.83,4.7,66.56,0,72.77,0.76,51.71,1.27,50.24
2022,10,21,0,0,0,0,0,0,0,0,0,4.03,-3.88,0.08,4.21,60.31,0,72.75,0.72,54.25,1.19,52.45
2022,10,21,1,0,0,0,0,0,0,0,0,3.86,-5.2,-0.67,3.85,55.25,0,72.73,0.69,56.49,1.13,54.55
2022,10,21,2,0,0,0,0,0,0,0,0,3.53,-6.33,-1.4,3.48,51.88,0,72.72,0.69,57.03,1.15,55.55
2022,10,21,3,0,0,0,0,0,0,0,0,3.14,-7.32,-2.09,3.23,49.5,0,72.71,0.65,60.34,1.1,57.78
2022,10,21,4,0,0,0,0,0,0,0,0,2.99,-8.25,-2.63,2.99,46.5,0,72.72,0.62,61.16,1.03,58.36
2022,10,21,5,0,0,0,0,0,0,0,0,2.8,-9.01,-3.11,2.81,44.31,0,72.75,0.64,60,1.06,57.59
2022,10,21,6,0.05,0.05,0.18,4.62,5.38,0.74,0,0.02,2.6,-9.53,-3.46,2.69,42.88,0,72.81,0.69,59.93,1.13,57.95
2022,10,21,7,0.65,0.64,1.15,65.52,65.83,9.34,0.06,0.33,4.62,-5.43,-0.41,3.91,53.5,0,72.87,0.63,65.03,1.1,61.62
2022,10,21,8,1.39,1.42,2.12,148.95,152.6,20.77,0.34,1.65,8.12,-4.18,1.97,4.27,46,0,72.94,0.62,132.47,0.82,125.67
2022,10,21,9,2.22,2.32,2.91,255.77,264.6,39.45,0.95,4.7,9.83,-4.39,2.73,4.21,40.31,0,72.99,1.52,188.88,1.92,188.89
2022,10,21,10,2.75,2.91,3.48,324.38,336.33,51.52,1.52,7.7,10.9,-3.18,3.87,4.58,40.94,0,73,2.26,203.38,2.89,203.38
2022,10,21,11,2.92,3.18,3.78,349.27,369.4,56,1.79,9.33,11.69,-1.91,4.89,5,42.38,0,72.96,2.75,208.9,3.51,208.91
2022,10,21,12,2.72,3.25,3.79,333.3,382.75,55.16,1.8,9.5,12.06,-0.88,5.58,5.37,44.31,0,72.9,3.02,211.8,3.85,211.88
2022,10,21,13,2.41,2.95,3.51,289.15,343.4,45.91,1.37,7.08,12.04,-0.13,5.95,5.62,46.81,0,72.84,3.02,213.94,3.84,213.98
2022,10,21,14,1.86,2.35,2.97,221.05,270.3,33.06,0.82,4.12,11.7,0.3,6,5.8,49.31,0,72.78,2.75,215.41,3.49,215.54
2022,10,21,15,1.22,1.57,2.19,140.5,175.65,19.66,0.34,1.67,11.01,0.63,5.82,5.98,52.88,0,72.76,2.4,215.6,3.07,215.67
2022,10,21,16,0.71,0.77,1.23,78.33,85.12,10.96,0.09,0.42,9.8,1.2,5.5,6.23,60.12,0,72.76,1.85,213.82,2.4,214
2022,10,21,17,0.1,0.08,0.23,8.48,8.58,1.3,0.01,0.02,7.9,2.04,4.97,6.71,73.19,0,72.78,0.88,206.34,1.23,206.89
2022,10,21,18,0,0,0,0,0,0,0,0,5.6,1.54,3.57,6.29,80.88,0,72.81,0.33,63.43,0.53,65.7
2022,10,21,19,0,0,0,0,0,0,0,0,4.15,0.69,2.42,5.92,84.31,0,72.86,0.81,54.46,1.47,53.43
2022,10,21,20,0,0,0,0,0,0,0,0,3.49,-0.92,1.29,5.31,78.88,0,72.91,1,52.95,1.82,51.46
2022,10,21,21,0,0,0,0,0,0,0,0,3.28,-2.98,0.15,4.58,69.31,0,72.94,1.08,49.98,1.9,49.17
2022,10,21,22,0,0,0,0,0,0,0,0,3.29,-5.2,-0.95,3.91,59.06,0,72.94,1.09,47.62,1.84,46.55
2022,10,21,23,0,0,0,0,0,0,0,0,3.34,-7.31,-1.99,3.36,50.5,0,72.93,1.06,46.5,1.73,45.55
2022,10,22,0,0,0,0,0,0,0,0,0,3.33,-9.1,-2.89,2.93,44.12,0,72.92,1.02,45.93,1.65,45
2022,10,22,1,0,0,0,0,0,0,0,0,3.05,-10.38,-3.67,2.62,40.5,0,72.9,0.96,45.33,1.55,44.18
2022,10,22,2,0,0,0,0,0,0,0,0,2.65,-11.18,-4.27,2.44,39,0,72.88,0.89,45.36,1.46,43.49
2022,10,22,3,0,0,0,0,0,0,0,0,2.64,-11.88,-4.62,2.32,36.38,0,72.87,0.82,47.69,1.34,45.95
2022,10,22,4,0,0,0,0,0,0,0,0,2.59,-12.19,-4.8,2.2,34.88,0,72.88,0.78,51.87,1.26,50.29
2022,10,22,5,0,0,0,0,0,0,0,0,2.37,-12.24,-4.94,2.14,34.5,0,72.92,0.8,53.69,1.29,52.37
2022,10,22,6,0.06,0.06,0.17,5.38,6.33,0.88,0.01,0.02,2.17,-12.15,-4.99,2.14,34.69,0,72.96,0.85,54.4,1.35,52.73
2022,10,22,7,0.8,0.79,1.14,84.73,85.23,11.38,0.08,0.4,4.19,-7.91,-1.86,3.11,44,0,73.01,0.8,54.92,1.33,53.13
2022,10,22,8,1.65,1.7,2.1,185.77,192,27.38,0.46,2.27,8,-5.56,1.22,3.78,41.19,0,73.06,0.67,114.17,0.91,108.43
2022,10,22,9,2.36,2.48,2.9,272.9,283.48,42.78,1.06,5.27,9.85,-5.49,2.19,3.72,36.19,0,73.09,1.56,171.06,1.99,170.76
2022,10,22,10,2.86,3.02,3.46,336.3,348.05,53.88,1.62,8.27,10.85,-3.23,3.81,4.46,40.19,0,73.07,2.24,190.45,2.86,190.39
2022,10,22,11,3.1,3.31,3.76,367.73,382.75,59.9,1.97,10.27,11.55,-1.25,5.15,5.19,44.38,0,73.03,2.71,199.17,3.46,199.09
2022,10,22,12,3.13,3.32,3.77,377.38,388.15,62.1,2.08,10.88,11.86,0.23,6.05,5.74,48.5,0,72.96,2.91,202.71,3.7,202.83
2022,10,22,13,2.71,3.05,3.5,323.23,353.38,51.8,1.58,8.12,11.81,1.3,6.55,6.23,52.44,0,72.9,2.87,203.92,3.64,203.93
2022,10,22,14,2.11,2.51,2.95,251.02,290.5,38.97,0.98,4.95,11.47,1.97,6.72,6.53,56.12,0,72.83,2.67,204.39,3.38,204.31
2022,10,22,15,1.41,1.76,2.17,164.05,202.65,23.9,0.42,2.08,10.78,2.44,6.62,6.71,60.62,0,72.81,2.47,203.08,3.14,203.12
2022,10,22,16,0.82,0.89,1.22,92,101.23,12.38,0.09,0.48,9.52,3.16,6.34,7.08,69.19,0,72.81,2.07,200.56,2.68,200.44
2022,10,22,17,0.11,0.1,0.22,9.4,9.77,1.37,0.01,0.02,7.48,3.99,5.73,7.45,84.06,0,72.84,1.16,196.48,1.64,196.28
2022,10,22,18,0,0,0,0,0,0,0,0,6.27,3.33,4.8,7.02,86.25,0,72.88,0.42,185.39,0.59,183.81
2022,10,22,19,0,0,0,0,0,0,0,0,5.12,3.35,4.23,7.02,93.5,0,72.94,0.34,56.31,0.51,60.69
2022,10,22,20,0,0,0,0,0,0,0,0,4.18,2.96,3.57,6.84,97.31,0,72.99,0.58,51.58,0.98,53.77
2022,10,22,21,0,0,0,0,0,0,0,0,3.41,2.37,2.89,6.59,98.56,0,73.02,0.73,51.53,1.34,51.13
2022,10,22,22,0,0,0,0,0,0,0,0,2.87,1.59,2.23,6.23,96.81,0,73.01,0.84,49.51,1.6,47.58
2022,10,22,23,0,0,0,0,0,0,0,0,2.44,0.66,1.55,5.8,93.12,0,72.98,0.96,46.66,1.78,44.47
2022,10,23,0,0,0,0,0,0,0,0,0,2.08,-0.49,0.8,5.31,87.69,0,72.94,1.07,44.11,1.97,42.27
2022,10,23,1,0,0,0,0,0,0,0,0,1.84,-1.78,0.03,4.82,80.75,0,72.9,1.17,42.56,2.12,41.11
2022,10,23,2,0,0,0,0,0,0,0,0,1.54,-3.12,-0.79,4.33,74.38,0,72.86,1.26,41.99,2.26,41.07
2022,10,23,3,0,0,0,0,0,0,0,0,1.3,-4.47,-1.58,3.91,68.31,0,72.83,1.32,41.15,2.35,40.42
2022,10,23,4,0,0,0,0,0,0,0,0,1.14,-6,-2.43,3.48,61.69,0,72.82,1.36,41.74,2.43,41.08
2022,10,23,5,0,0,0,0,0,0,0,0,1.17,-7.65,-3.24,3.11,54.38,0,72.84,1.39,42.49,2.44,42.15
2022,10,23,6,0.07,0.07,0.16,5.65,6.7,0.92,0.01,0.02,1.33,-9.02,-3.85,2.81,48.62,0,72.88,1.39,43.86,2.42,43.3
2022,10,23,7,0.85,0.84,1.12,91.48,92.33,12.3,0.09,0.42,3.45,-5.46,-1,3.85,57.44,0,72.93,1.18,46.07,2.17,45.44
2022,10,23,8,1.7,1.75,2.09,193.4,199.35,29.11,0.49,2.42,8.01,-4.21,1.9,4.39,48.19,0,72.99,0.95,82,1.45,77.24
2022,10,23,9,2.38,2.5,2.88,277.9,288.42,44.33,1.1,5.5,10.39,-5.58,2.4,3.66,34.25,0,73.03,1.6,150.81,2.09,149.7
2022,10,23,10,2.83,3.04,3.45,335.4,350.7,54.33,1.65,8.42,11.44,-3.52,3.96,4.33,37.31,0,73.03,2.28,176.86,2.95,176.66
2022,10,23,11,2.99,3.31,3.74,357.1,384,58.91,1.95,10.15,12.1,-1.88,5.12,4.82,40.19,0,72.99,2.7,189.49,3.47,189.33
2022,10,23,12,2.99,3.29,3.75,361.45,384.52,59.05,1.95,10.3,12.44,-0.67,5.89,5.31,42.81,0,72.92,2.86,195.21,3.64,195.05
2022,10,23,13,2.59,3.02,3.48,311.08,350.55,49.52,1.5,7.77,12.45,0.19,6.33,5.62,45.44,0,72.85,2.85,198.39,3.62,198.24
2022,10,23,14,2.04,2.5,2.93,245,289.15,38.09,0.97,4.85,12.16,0.74,6.45,5.86,48.06,0,72.78,2.75,200.29,3.5,200.21
2022,10,23,15,1.38,1.75,2.15,160.48,202,23.41,0.41,2,11.49,1.23,6.36,6.04,52,0,72.75,2.47,203.48,3.17,203.35
2022,10,23,16,0.83,0.89,1.2,93.05,101.5,12.6,0.09,0.48,10.33,2.14,6.23,6.53,60.31,0,72.74,1.94,206.36,2.57,206.49
2022,10,23,17,0.11,0.1,0.21,9.1,9.52,1.31,0.01,0.02,8.42,2.79,5.61,6.84,72.25,0,72.75,1.08,205.82,1.56,205.8
2022,10,23,18,0,0,0,0,0,0,0,0,6.98,1.38,4.18,6.04,70.44,0,72.78,0.22,163.5,0.31,161.11
2022,10,23,19,0,0,0,0,0,0,0,0,5.29,1.64,3.47,6.16,80.56,0,72.82,0.61,59.8,1.06,57.95
2022,10,23,20,0,0,0,0,0,0,0,0,4.44,1.16,2.8,5.92,82.5,0,72.83,0.82,54.33,1.52,52.72
2022,10,23,21,0,0,0,0,0,0,0,0,3.82,0.51,2.16,5.68,82.19,0,72.83,0.96,50.61,1.81,49.02
2022,10,23,22,0,0,0,0,0,0,0,0,3.32,-0.15,1.58,5.37,81,0,72.81,1.06,47.39,2.04,46.09
2022,10,23,23,0,0,0,0,0,0,0,0,2.93,-0.79,1.07,5.13,79.38,0,72.77,1.14,43.89,2.18,43.11
2022,10,24,0,0,0,0,0,0,0,0,0,2.55,-1.4,0.58,4.88,77.88,0,72.7,1.2,40.24,2.32,39.81
2022,10,24,1,0,0,0,0,0,0,0,0,2.14,-1.99,0.08,4.7,76.69,0,72.63,1.26,36.66,2.46,36.36
2022,10,24,2,0,0,0,0,0,0,0,0,1.79,-2.58,-0.39,4.46,75,0,72.57,1.29,34.65,2.56,34.56
2022,10,24,3,0,0,0,0,0,0,0,0,1.69,-3.2,-0.76,4.27,71.88,0,72.53,1.32,33.41,2.58,33.4
2022,10,24,4,0,0,0,0,0,0,0,0,1.78,-3.8,-1.01,4.09,68.06,0,72.52,1.33,33.04,2.53,33.15
2022,10,24,5,0,0,0,0,0,0,0,0,2.04,-4.36,-1.16,3.91,63.88,0,72.53,1.34,34.06,2.42,34.1
2022,10,24,6,0.06,0.07,0.16,5.67,6.58,0.91,0.01,0.02,2.7,-4.83,-1.06,3.72,58.56,0,72.57,1.29,32.34,2.21,32.28
2022,10,24,7,0.83,0.82,1.11,91.67,92.5,11.75,0.09,0.42,4.94,-1.34,1.8,5.07,68,0,72.61,0.99,29.19,1.88,28.59
2022,10,24,8,1.65,1.7,2.08,190.92,197.42,27.79,0.48,2.38,9.4,-0.1,4.65,5.62,55.19,0,72.64,0.8,7.26,1.2,6.71
2022,10,24,9,2.35,2.44,2.87,276.85,285.88,43.01,1.09,5.45,11.76,0.27,6.02,5.92,49.94,0,72.64,1.21,252.38,1.59,254.6
2022,10,24,10,2.86,2.96,3.43,340.35,347.5,53.53,1.65,8.45,12.73,1.56,7.15,6.59,51.88,0,72.61,2.27,234.51,2.96,235.22
2022,10,24,11,3.17,3.24,3.73,377.5,380.75,59.94,2.02,10.62,13.29,2.89,8.09,7.14,54.5,0,72.55,2.87,228.76,3.73,229.24
2022,10,24,12,3.03,3.24,3.74,365,381.17,58.48,1.98,10.48,13.4,4.02,8.71,7.69,58.06,0,72.49,3.26,222.76,4.21,223.05
2022,10,24,13,2.7,2.96,3.46,324.1,347.45,50.84,1.58,8.2,13.06,4.93,8.99,8.12,62.5,0,72.43,3.29,218.83,4.23,218.92
2022,10,24,14,2.1,2.42,2.91,251.05,283.42,38.19,0.98,4.98,12.46,5.44,8.95,8.3,66.62,0,72.39,2.94,218.64,3.76,218.59
2022,10,24,15,1.42,1.68,2.14,166.6,194.65,23.81,0.43,2.1,11.71,5.52,8.62,8.36,70.06,0,72.36,2.36,220.97,3.01,220.89
2022,10,24,16,0.79,0.82,1.18,88.17,92.95,11.66,0.09,0.45,10.65,5.42,8.04,8.3,74.69,0,72.34,1.79,224.65,2.31,224.73
2022,10,24,17,0.09,0.08,0.2,7.95,8.15,1.2,0.01,0.02,8.69,5.58,7.14,8.42,86.81,0,72.34,0.94,223.65,1.35,225.23
2022,10,24,18,0,0,0,0,0,0,0,0,7.14,4.99,6.06,8,91.75,0,72.35,0.19,270,0.25,277.13
2022,10,24,19,0,0,0,0,0,0,0,0,6.08,4.74,5.4,7.87,97.19,0,72.37,0.45,35.88,0.78,34.01
2022,10,24,20,0,0,0,0,0,0,0,0,5.48,4.24,4.86,7.63,98,0,72.39,0.71,43.67,1.22,41.88
2022,10,24,21,0,0,0,0,0,0,0,0,5.24,3.62,4.43,7.32,95.38,0,72.4,0.84,43.49,1.37,42.69
2022,10,24,22,0,0,0,0,0,0,0,0,4.95,2.94,3.94,6.96,92.75,0,72.37,0.87,36.25,1.42,35.35
2022,10,24,23,0,0,0,0,0,0,0,0,4.76,2.19,3.48,6.59,88.94,0,72.31,0.92,21.98,1.5,21.75
2022,10,25,0,0,0,0,0,0,0,0,0,4.67,1.42,3.05,6.23,84.44,0,72.24,0.95,11.86,1.56,11.59
2022,10,25,1,0,0,0,0,0,0,0,0,4.5,0.77,2.64,5.92,81.38,0,72.17,0.96,4.65,1.58,5.09
2022,10,25,2,0,0,0,0,0,0,0,0,4.08,0.19,2.13,5.68,80.25,0,72.1,1,2.68,1.69,3.18
2022,10,25,3,0,0,0,0,0,0,0,0,3.73,-0.32,1.71,5.49,79.31,0,72.06,1.09,0.41,1.88,0.71
2022,10,25,4,0,0,0,0,0,0,0,0,3.74,-0.85,1.44,5.25,76.25,0,72.06,1.13,2.39,1.93,2.78
2022,10,25,5,0,0,0,0,0,0,0,0,3.7,-1.4,1.15,5.07,73.44,0,72.09,1.13,3.97,1.93,4.18
2022,10,25,6,0.06,0.07,0.15,5.35,6.35,0.88,0.01,0.02,3.61,-1.82,0.89,4.88,71.62,0,72.14,1.17,4.6,2.01,4.69
2022,10,25,7,0.82,0.81,1.1,91.27,91.62,12.16,0.09,0.45,5.28,0.85,3.07,6.1,79.06,0,72.2,0.96,6.08,1.87,5.76
2022,10,25,8,1.54,1.68,2.06,180.08,195.9,26.69,0.48,2.38,9.58,2.06,5.82,6.65,64.56,0,72.26,1.17,352.68,1.66,352.17
2022,10,25,9,2.24,2.43,2.85,265.27,283.67,41.77,1.09,5.5,12.23,1.76,7,6.84,55.5,0,72.31,1.15,285.36,1.53,284.82
2022,10,25,10,2.79,2.96,3.41,333.42,345.62,53.57,1.71,8.88,13.58,2.42,8,7.39,55.06,0,72.34,2.31,245.6,3.02,245.75
2022,10,25,11,2.82,3.15,3.71,340.08,368.15,52.37,1.76,9.4,14.01,4.32,9.16,8.24,59.69,0,72.34,3.19,235.26,4.21,235.37
2022,10,25,12,3.03,3.1,3.72,364.85,368.75,56.15,1.87,9.85,13.96,5.88,9.92,9.03,65.31,0,72.31,3.57,232.55,4.69,232.71
2022,10,25,13,2.49,2.8,3.44,296.77,325.17,44.43,1.37,7.12,13.61,6.9,10.26,9.46,70.19,0,72.28,3.61,232.11,4.72,232.33
2022,10,25,14,2.16,2.29,2.9,250.8,263.05,37.99,0.99,5,12.98,7.47,10.23,9.64,74.5,0,72.26,3.31,232.37,4.31,232.44
2022,10,25,15,1.15,1.43,2.12,124.95,155,16.48,0.29,1.45,12.28,7.78,10.03,9.7,78.56,0,72.27,2.82,230.28,3.65,230.3
2022,10,25,16,0.54,0.57,1.16,53.45,58.58,7.24,0.05,0.27,11.05,7.79,9.42,9.64,84.5,0,72.3,2.11,226.8,2.73,226.86
2022,10,25,17,0.07,0.05,0.19,5.58,5.67,0.87,0,0.02,9.12,7.69,8.4,9.58,95.94,0,72.34,1.09,216.54,1.56,216.24
2022,10,25,18,0,0,0,0,0,0,0,0,7.62,7.34,7.48,9.4,100,0,72.39,0.35,199.65,0.56,200.46
2022,10,25,19,0,0,0,0,0,0,0,0,6.82,6.9,6.86,9.16,100,0,72.45,0.14,66.37,0.34,54.46
2022,10,25,20,0,0,0,0,0,0,0,0,6.39,6.1,6.25,8.79,100,0,72.5,0.28,49.57,0.61,45
2022,10,25,21,0,0,0,0,0,0,0,0,6.32,5.38,5.85,8.42,100,0,72.54,0.26,36.53,0.48,33.69
2022,10,25,22,0,0,0,0,0,0,0,0,5.93,4.76,5.34,8.18,100,0,72.55,0.25,47.49,0.39,44.19
2022,10,25,23,0,0,0,0,0,0,0,0,5.39,4.03,4.71,7.81,100,0,72.54,0.25,61.82,0.39,59.83
2022,10,26,0,0,0,0,0,0,0,0,0,4.9,3.12,4.01,7.39,99.31,0,72.52,0.25,64.23,0.38,64.49
2022,10,26,1,0,0,0,0,0,0,0,0,4.5,2.12,3.31,6.96,95.81,0,72.51,0.34,64.03,0.54,61.59
2022,10,26,2,0,0,0,0,0,0,0,0,4.18,1.16,2.67,6.53,91.75,0,72.49,0.43,56.89,0.73,54.11
2022,10,26,3,0,0,0,0,0,0,0,0,3.87,-0.09,1.9,5.98,86,0,72.47,0.53,50.95,0.94,49.4
2022,10,26,4,0,0,0,0,0,0,0,0,3.7,-1.59,1.05,5.37,78.44,0,72.46,0.62,48.07,1.08,45.88
2022,10,26,5,0,0,0,0,0,0,0,0,3.61,-3.24,0.19,4.82,70.44,0,72.49,0.73,44.13,1.22,42.92
2022,10,26,6,0.05,0.04,0.14,4.12,4.6,0.67,0,0.02,3.68,-4.7,-0.52,4.33,63.56,0,72.53,0.82,40.36,1.3,39.41
2022,10,26,7,0.71,0.7,1.08,73.38,74.1,9.55,0.07,0.35,5.18,-2.7,1.23,5.19,68.31,0,72.59,0.66,39.72,1.12,39.35
2022,10,26,8,1.48,1.5,2.05,162.45,166,22.18,0.38,1.88,8.07,-2.35,2.86,5.37,58.06,0,72.66,0.28,61.26,0.39,58.84
2022,10,26,9,2.13,2.2,2.84,240.48,247.77,34.77,0.86,4.3,10.04,-1.33,4.36,5.8,55.06,0,72.71,1.34,223.35,1.69,223.31
2022,10,26,10,2.57,2.69,3.4,295.5,305.2,43.27,1.28,6.62,11.33,0.41,5.87,6.41,55.44,0,72.72,2.43,226.44,3.11,226.53
2022,10,26,11,2.82,3.02,3.69,330.1,348.23,50.19,1.64,8.73,12.08,2.23,7.15,7.08,58.25,0,72.69,2.99,225.32,3.86,225.41
2022,10,26,12,2.87,3,3.7,341.17,351.42,52.25,1.73,9.15,12.38,3.78,8.08,7.69,62.25,0,72.64,3.23,224.51,4.15,224.54
2022,10,26,13,2.13,2.63,3.42,250.02,301.33,37.47,1.12,5.85,12.3,4.98,8.64,8.24,66.94,0,72.57,3.25,224.42,4.17,224.47
2022,10,26,14,1.63,1.94,2.88,181.95,212.02,24.48,0.59,3.02,11.91,5.81,8.87,8.61,71.75,0,72.53,3.09,225.1,3.96,225.08
2022,10,26,15,1.06,1.24,2.1,112.7,130.6,14.61,0.26,1.25,11.24,6.29,8.76,8.79,76.5,0,72.51,2.8,224.09,3.61,224.03
2022,10,26,16,0.57,0.56,1.14,57.98,58.98,8.21,0.06,0.33,10.09,6.46,8.28,8.85,82.88,0,72.52,2.39,220.24,3.14,220.35
2022,10,26,17,0.06,0.05,0.18,5.38,5.5,0.84,0,0.02,8.05,6.78,7.41,8.97,96.81,0,72.54,1.37,215.05,2,214.68
2022,10,26,18,0,0,0,0,0,0,0,0,7.15,6.98,7.06,9.03,100,0.01,72.57,0.66,206.57,1.03,207.15
2022,10,26,19,0,0,0,0,0,0,0,0,7.05,6.94,6.99,9.03,100,0.01,72.61,0.28,199.44,0.45,198.12
2022,10,26,20,0,0,0,0,0,0,0,0,6.73,6.76,6.74,8.91,100,0,72.63,0.11,192.09,0.27,195.26
2022,10,26,21,0,0,0,0,0,0,0,0,6.4,6.51,6.46,8.73,100,0,72.63,0.06,285.95,0.15,248.75
2022,10,26,22,0,0,0,0,0,0,0,0,5.99,6.24,6.12,8.61,100,0,72.61,0.13,342.65,0.21,342.9
2022,10,26,23,0,0,0,0,0,0,0,0,5.67,5.89,5.78,8.42,100,0,72.57,0.35,7.77,0.59,9.96
2022,10,27,0,0,0,0,0,0,0,0,0,4.97,5.29,5.13,8.12,100,0,72.54,0.67,19.7,1.14,20.05
2022,10,27,1,0,0,0,0,0,0,0,0,4.17,4.35,4.26,7.63,100,0,72.49,0.91,24.36,1.59,24.05
2022,10,27,2,0,0,0,0,0,0,0,0,4.06,3.29,3.68,7.08,100,0,72.46,0.99,25.35,1.67,25.13
2022,10,27,3,0,0,0,0,0,0,0,0,4.15,2.31,3.23,6.65,93.69,0,72.44,0.95,24.68,1.58,24.91
2022,10,27,4,0,0,0,0,0,0,0,0,4.06,1.51,2.78,6.29,89.25,0,72.44,0.86,24.02,1.42,23.61
2022,10,27,5,0,0,0,0,0,0,0,0,4.02,0.83,2.43,6.04,85.75,0,72.46,0.83,21.5,1.36,21.56
2022,10,27,6,0.04,0.03,0.14,3,3.42,0.47,0,0,4.06,0.26,2.16,5.8,82.44,0,72.51,0.8,20.56,1.29,20.19
2022,10,27,7,0.5,0.48,1.07,48.12,48.12,6.78,0.05,0.23,5.63,1.71,3.67,6.47,82.44,0,72.58,0.62,20.73,1.04,19.8
2022,10,27,8,1.22,1.23,2.03,126.02,127.98,16.78,0.28,1.38,8.23,2.78,5.51,6.96,74.56,0,72.66,0.28,307.18,0.38,308.29
2022,10,27,9,1.91,1.98,2.82,209.05,216.48,29.5,0.7,3.52,10.1,3.32,6.71,7.45,70.25,0,72.7,1.65,230.75,2.09,230.77
2022,10,27,10,2.23,2.45,3.38,249.58,268.38,35.04,1.01,5.27,11.38,4.1,7.74,7.87,67.94,0,72.71,2.56,225.25,3.29,225.38
2022,10,27,11,2.61,2.82,3.68,300.3,317.9,44.93,1.42,7.52,12.19,5.23,8.7,8.3,68.06,0,72.67,3.07,222.83,3.95,222.84
2022,10,27,12,2.75,3.04,3.68,329.05,354.45,52.83,1.76,9.3,12.52,6.19,9.36,8.73,69.69,0,72.61,3.36,222.36,4.32,222.51
2022,10,27,13,2.06,2.66,3.41,242.58,301.35,36.34,1.09,5.75,12.39,6.82,9.6,8.97,72.31,0,72.54,3.39,223.32,4.35,223.4
2022,10,27,14,1.53,2.06,2.86,175.02,228.27,24.91,0.62,3.15,12.01,7.05,9.54,9.03,74.75,0,72.5,3.25,222.76,4.17,222.8
2022,10,27,15,0.96,1.29,2.08,102.3,136.08,13.52,0.23,1.17,11.3,7.1,9.19,9.03,78.25,0,72.48,3.01,221.21,3.89,221.34
2022,10,27,16,0.51,0.55,1.13,51.73,57.25,7.4,0.05,0.27,10.09,6.99,8.55,8.97,83.94,0,72.49,2.52,219.46,3.31,219.44
2022,10,27,17,0.06,0.05,0.17,5.05,5.3,0.8,0.01,0.02,8.12,7.01,7.57,8.97,96.19,0.01,72.52,1.47,213.27,2.13,213.34
2022,10,27,18,0,0,0,0,0,0,0,0,7.1,6.92,7.01,8.91,100,0.01,72.57,0.69,201.32,1.06,202.43
2022,10,27,19,0,0,0,0,0,0,0,0,6.81,6.76,6.78,8.79,100,0,72.62,0.27,188.37,0.38,184.76
2022,10,27,20,0,0,0,0,0,0,0,0,6.3,6.44,6.37,8.61,100,0,72.66,0.07,139.4,0.18,82.57
2022,10,27,21,0,0,0,0,0,0,0,0,5.71,6.01,5.87,8.42,100,0,72.67,0.1,51.34,0.33,52.59
2022,10,27,22,0,0,0,0,0,0,0,0,5.07,5.53,5.3,8.12,100,0,72.66,0.21,34.29,0.53,38.4
2022,10,27,23,0,0,0,0,0,0,0,0,4.37,4.91,4.64,7.81,100,0,72.65,0.31,35.71,0.74,37.23
2022,10,28,0,0,0,0,0,0,0,0,0,4.01,4.17,4.09,7.39,100,0,72.63,0.42,38.99,0.88,39.61
2022,10,28,1,0,0,0,0,0,0,0,0,4.05,3.38,3.72,6.96,99.38,0,72.6,0.5,42.46,0.94,42.98
2022,10,28,2,0,0,0,0,0,0,0,0,4.09,2.52,3.3,6.59,93.38,0,72.57,0.53,45,0.97,44.35
2022,10,28,3,0,0,0,0,0,0,0,0,4.17,1.9,3.04,6.29,89,0,72.54,0.55,49.57,0.98,47.57
2022,10,28,4,0,0,0,0,0,0,0,0,4.15,1.46,2.8,6.1,86.69,0,72.53,0.59,50.39,1.05,48.01
2022,10,28,5,0,0,0,0,0,0,0,0,4.14,0.85,2.49,5.92,83.56,0,72.55,0.64,48.48,1.12,46.13
2022,10,28,6,0.04,0.03,0.13,3.27,3.38,0.51,0,0,4.26,0.08,2.17,5.62,79.06,0,72.6,0.66,49.33,1.11,47.29
2022,10,28,7,0.48,0.47,1.06,46.73,46.73,6.5,0.05,0.23,5.52,1.47,3.5,6.35,81.88,0,72.66,0.53,57.72,0.93,53.9
2022,10,28,8,1.09,1.08,2.02,106.95,107.67,13.58,0.21,1.05,7.9,1.97,4.93,6.71,73.06,0,72.72,0.27,152.7,0.32,143.97
2022,10,28,9,1.72,1.74,2.81,174.45,179.67,23.16,0.52,2.6,9.74,2.57,6.15,7.2,69.44,0,72.76,1.64,223.84,2.07,223.93
2022,10,28,10,2.17,2.22,3.37,226.73,234.9,30.7,0.83,4.27,10.98,3.62,7.3,7.69,68.06,0,72.76,2.46,225.51,3.15,225.7
2022,10,28,11,2.33,2.56,3.66,255.25,275.05,34.73,1.05,5.55,11.84,4.71,8.28,8.12,68.06,0,72.72,3,224.05,3.85,224.01
2022,10,28,12,2.54,2.9,3.67,299.4,332.4,45.12,1.45,7.73,12.23,5.62,8.93,8.54,69.56,0,72.66,3.28,222.59,4.2,222.66
2022,10,28,13,2.03,2.51,3.39,231.55,278.15,32.92,0.95,5,12.09,6.25,9.17,8.79,72.19,0,72.58,3.27,221.8,4.19,221.83
2022,10,28,14,1.45,1.78,2.84,156.27,185.3,20.14,0.48,2.42,11.71,6.55,9.13,8.85,74.81,0,72.52,3.06,221.58,3.92,221.69
2022,10,28,15,0.92,1.09,2.07,92.48,108.98,11.9,0.2,0.98,11.09,6.42,8.76,8.79,77.06,0,72.48,2.7,222.65,3.48,222.72
2022,10,28,16,0.47,0.46,1.11,45.02,46.3,6.41,0.05,0.23,10.02,6.21,8.12,8.67,81.62,0,72.46,2.21,223.57,2.9,223.58
2022,10,28,17,0.05,0.04,0.16,4.12,4.2,0.64,0,0.02,8.19,6.46,7.33,8.85,94.06,0,72.47,1.27,222.75,1.85,223.12
2022,10,28,18,0,0,0,0,0,0,0,0,6.96,6.59,6.77,8.85,100,0,72.5,0.45,238.52,0.72,239.57
2022,10,28,19,0,0,0,0,0,0,0,0,6.66,6.44,6.55,8.79,100,0,72.54,0.25,343.81,0.47,348.5
2022,10,28,20,0,0,0,0,0,0,0,0,6.18,5.85,6.01,8.48,100,0,72.58,0.54,23.96,0.96,24.48
2022,10,28,21,0,0,0,0,0,0,0,0,5.65,5,5.33,8.06,100,0,72.61,0.71,36.49,1.17,36.03
2022,10,28,22,0,0,0,0,0,0,0,0,5.37,4.22,4.79,7.69,99.81,0,72.63,0.68,41.25,1.09,41.22
2022,10,28,23,0,0,0,0,0,0,0,0,5.16,3.56,4.36,7.39,97.06,0,72.62,0.68,38.97,1.11,38.98
2022,10,29,0,0,0,0,0,0,0,0,0,5.09,2.85,3.97,7.02,92.88,0,72.58,0.79,34.16,1.26,34.38
2022,10,29,1,0,0,0,0,0,0,0,0,4.9,2.05,3.48,6.65,88.75,0,72.55,0.84,30.14,1.33,30.33
2022,10,29,2,0,0,0,0,0,0,0,0,4.55,1.17,2.86,6.23,85.31,0,72.52,0.87,27.95,1.41,27.7
2022,10,29,3,0,0,0,0,0,0,0,0,4.36,0.27,2.32,5.8,80.88,0,72.51,0.89,28.13,1.46,27.8
2022,10,29,4,0,0,0,0,0,0,0,0,4.19,-0.46,1.87,5.49,77.44,0,72.51,0.9,29.25,1.47,29.29
2022,10,29,5,0,0,0,0,0,0,0,0,4.11,-1.17,1.48,5.25,74.12,0,72.55,0.92,30.05,1.49,30.19
2022,10,29,6,0.04,0.03,0.12,3.17,3.52,0.52,0,0.02,4.02,-1.91,1.06,4.94,70.56,0,72.61,0.92,31.13,1.49,31.94
2022,10,29,7,0.54,0.53,1.04,52.92,53.1,7.32,0.05,0.25,5.46,-0.28,2.58,5.55,72.12,0,72.68,0.78,36.07,1.35,36.54
2022,10,29,8,1.28,1.3,2,135.75,138.83,18.05,0.29,1.42,8.61,1.18,4.9,6.23,65.12,0,72.74,0.41,86.76,0.54,83.39
2022,10,29,9,2.01,2.07,2.79,223.23,229.83,31.95,0.75,3.73,10.4,1.98,6.19,6.77,62.56,0,72.79,1.72,205.63,2.19,206.02
2022,10,29,10,2.5,2.68,3.35,289.6,305.6,43.37,1.27,6.58,11.43,3.24,7.33,7.39,63.75,0,72.8,2.59,215.32,3.35,215.51
2022,10,29,11,2.77,2.99,3.64,326.15,344.17,49.9,1.59,8.3,12.1,4.53,8.31,7.93,65.56,0,72.78,3.02,217.02,3.9,216.94
2022,10,29,12,2.64,3.09,3.65,317.3,362.23,50.34,1.63,8.6,12.42,5.5,8.96,8.36,67.62,0,72.72,3.28,219.11,4.22,219.06
2022,10,29,13,2.3,2.81,3.37,271.92,326.7,42.65,1.27,6.58,12.33,6.14,9.24,8.67,70.19,0,72.66,3.28,221.33,4.21,221.39
2022,10,29,14,1.84,2.24,2.82,216.58,257.25,31.97,0.79,3.95,12,6.45,9.23,8.79,72.75,0,72.61,3.03,223.02,3.88,223.04
2022,10,29,15,1.2,1.49,2.05,137.27,168.55,19.02,0.32,1.6,11.44,6.54,8.99,8.79,75.5,0,72.58,2.6,223.42,3.32,223.38
2022,10,29,16,0.69,0.69,1.1,74.25,76.25,9.98,0.07,0.35,10.43,6.46,8.44,8.73,80.06,0,72.57,2.01,223.58,2.6,223.54
2022,10,29,17,0.06,0.05,0.15,5.4,5.52,0.83,0.01,0.02,8.55,6.53,7.54,8.79,91.56,0,72.58,0.98,219.81,1.4,220.26
2022,10,29,18,0,0,0,0,0,0,0,0,7.08,6.15,6.61,8.54,98.19,0,72.61,0.03,225,0.01,45
2022,10,29,19,0,0,0,0,0,0,0,0,6.19,5.85,6.02,8.36,100,0,72.65,0.43,45,0.81,45
2022,10,29,20,0,0,0,0,0,0,0,0,5.82,5.21,5.51,8,100,0,72.69,0.61,48.61,1.1,47.89
2022,10,29,21,0,0,0,0,0,0,0,0,5.65,4.56,5.11,7.63,97.5,0,72.71,0.64,53.41,1.08,52.38
2022,10,29,22,0,0,0,0,0,0,0,0,5.28,3.9,4.59,7.32,95.69,0,72.73,0.56,56.31,0.95,54.74
2022,10,29,23,0,0,0,0,0,0,0,0,5.18,3.29,4.23,7.02,92.44,0,72.72,0.56,48.96,0.91,47.43
2022,10,30,0,0,0,0,0,0,0,0,0,5.23,2.59,3.9,6.71,87.81,0,72.69,0.67,36.47,1.06,35.44
2022,10,30,1,0,0,0,0,0,0,0,0,5.05,1.71,3.38,6.29,83.44,0,72.65,0.79,29.6,1.25,29.3
2022,10,30,2,0,0,0,0,0,0,0,0,4.96,0.69,2.83,5.8,77.88,0,72.6,0.88,28.61,1.38,28.74
2022,10,30,3,0,0,0,0,0,0,0,0,4.86,-0.24,2.31,5.43,73.12,0,72.57,0.93,28.5,1.46,29.17
2022,10,30,4,0,0,0,0,0,0,0,0,4.37,-1.02,1.67,5.13,71.38,0,72.57,0.94,28.69,1.53,29.05
2022,10,30,5,0,0,0,0,0,0,0,0,4.05,-1.74,1.15,4.88,69.31,0,72.59,0.94,28.92,1.55,28.63
2022,10,30,6,0.05,0.04,0.12,3.92,4.2,0.61,0,0.02,3.88,-2.35,0.76,4.64,67.19,0,72.65,0.95,29.51,1.58,29.36
2022,10,30,7,0.7,0.68,1.03,72.45,72.67,9.53,0.06,0.3,5.48,-0.23,2.63,5.55,71.31,0,72.72,0.84,30.87,1.49,30.86
2022,10,30,8,1.49,1.53,1.99,167.05,172.15,23.93,0.4,1.95,8.76,1.85,5.3,6.47,66.44,0,72.78,0.49,29.41,0.7,27.43
2022,10,30,9,2.24,2.33,2.77,260.77,269.5,40.91,1.01,5,10.8,3.01,6.9,7.26,65.25,0,72.82,1.31,224.27,1.65,224.43
2022,10,30,10,2.68,2.87,3.33,316.8,332.98,50.27,1.51,7.73,12.02,4.26,8.15,7.93,65.75,0,72.84,2.39,223.14,3.07,223.04
2022,10,30,11,3.04,3.14,3.63,360.2,366.58,57.22,1.87,9.73,12.79,5.48,9.13,8.48,66.94,0,72.81,3.04,220.83,3.92,220.8
2022,10,30,12,3.06,3.13,3.63,365.12,369.05,57.7,1.89,9.88,13.01,6.54,9.77,8.97,69.69,0,72.76,3.35,218.85,4.31,218.82
2022,10,30,13,2.55,2.82,3.35,308.9,336.08,49.34,1.47,7.52,12.76,7.27,10.01,9.28,73.19,0,72.69,3.39,218.08,4.36,218.02
2022,10,30,14,1.89,2.22,2.81,232.55,267.02,34.8,0.84,4.17,12.14,7.6,9.87,9.4,77.06,0,72.64,3.17,217.89,4.06,217.88
2022,10,30,15,1.25,1.53,2.03,151.15,182.15,21.66,0.36,1.77,11.5,7.62,9.56,9.34,80.12,0,72.62,2.72,217.99,3.48,217.98
2022,10,30,16,0.73,0.73,1.08,83.15,84.85,11.42,0.08,0.4,10.55,7.33,8.94,9.22,83.81,0,72.62,2.18,218.15,2.83,218.26
2022,10,30,17,0.06,0.06,0.14,5.55,5.75,0.83,0.01,0.02,8.71,7.37,8.04,9.28,95.62,0,72.63,1.16,212.94,1.7,213.18
2022,10,30,18,0,0,0,0,0,0,0,0,7.53,7.16,7.35,9.09,100,0,72.65,0.3,195.12,0.46,196.61
2022,10,30,19,0,0,0,0,0,0,0,0,6.86,6.99,6.92,8.97,100,0,72.69,0.21,51.01,0.41,52.03
2022,10,30,20,0,0,0,0,0,0,0,0,6.21,6.49,6.35,8.67,100,0,72.72,0.43,42.06,0.89,41.8
2022,10,30,21,0,0,0,0,0,0,0,0,5.68,5.71,5.69,8.24,100,0,72.74,0.62,39.9,1.19,40.19
2022,10,30,22,0,0,0,0,0,0,0,0,5.57,4.83,5.19,7.75,99.06,0,72.75,0.73,41.07,1.28,41.55
2022,10,30,23,0,0,0,0,0,0,0,0,5.47,3.9,4.69,7.2,93.44,0,72.74,0.79,40.6,1.35,41
2022,10,31,0,0,0,0,0,0,0,0,0,5.26,3.01,4.14,6.77,88.81,0,72.71,0.85,38.25,1.42,38.76
2022,10,31,1,0,0,0,0,0,0,0,0,5.23,2.08,3.65,6.35,83.06,0,72.69,0.87,33.98,1.43,34.12
2022,10,31,2,0,0,0,0,0,0,0,0,5.23,1.26,3.25,5.92,78,0,72.66,0.87,31.84,1.43,32.3
2022,10,31,3,0,0,0,0,0,0,0,0,5.26,0.53,2.9,5.62,73.75,0,72.64,0.89,32.43,1.42,32.64
2022,10,31,4,0,0,0,0,0,0,0,0,5.08,-0.27,2.4,5.31,70.44,0,72.63,0.94,34.22,1.51,33.85
2022,10,31,5,0,0,0,0,0,0,0,0,5.05,-1.18,1.93,5,66.25,0,72.64,0.98,35.59,1.56,35.2
2022,10,31,6,0.05,0.04,0.11,3.8,4.15,0.6,0,0.02,4.79,-2,1.4,4.7,63.62,0,72.68,0.93,38.21,1.5,37.82
2022,10,31,7,0.7,0.69,1.01,73.88,74.15,9.29,0.06,0.3,6.6,-0.41,3.1,5.43,64.81,0,72.74,0.8,42.61,1.32,42.11
2022,10,31,8,1.51,1.53,1.97,169,172.52,23.11,0.38,1.9,9.69,2,5.84,6.53,63.56,0,72.82,0.38,85.33,0.52,79.7
2022,10,31,9,2.27,2.31,2.76,262.02,266.55,38.93,0.96,4.77,11.38,3.07,7.23,7.26,63.06,0,72.88,1.5,213.27,1.9,213.43
2022,10,31,10,2.73,2.82,3.32,319.38,327.3,48.4,1.45,7.48,12.51,4.4,8.45,8,64.38,0,72.89,2.52,219.08,3.24,219.13
2022,10,31,11,3.06,3.1,3.61,359.58,361.12,55.48,1.83,9.58,13.15,5.64,9.4,8.67,66.56,0,72.87,3.02,219.75,3.89,219.86
2022,10,31,12,3,3.12,3.62,360.12,368.05,56.66,1.9,10,13.42,6.47,9.94,9.03,68.19,0,72.81,3.2,220.45,4.11,220.38
2022,10,31,13,2.66,2.87,3.34,317.02,336.3,49.88,1.55,8,13.26,6.9,10.08,9.22,70.25,0,72.74,3.17,221.6,4.05,221.56
2022,10,31,14,2.16,2.35,2.79,255.48,275.58,39.66,1.02,5.12,12.8,7.07,9.94,9.28,72.69,0,72.68,2.92,221.85,3.73,221.86
2022,10,31,15,1.38,1.61,2.02,161.17,187.12,23.3,0.41,2.02,12.12,7.01,9.57,9.16,75.44,0,72.66,2.52,219.71,3.23,219.7
2022,10,31,16,0.7,0.75,1.06,77.98,85.25,10.36,0.08,0.38,11,6.91,8.96,9.09,80.38,0,72.65,1.93,216.45,2.51,216.66
2022,10,31,17,0.06,0.06,0.14,5.23,5.48,0.78,0,0.02,8.99,7.21,8.1,9.28,93.81,0,72.65,0.88,205.2,1.3,206.1
2022,10,31,18,0,0,0,0,0,0,0,0,7.49,7,7.25,9.09,100,0,72.68,0.17,98.13,0.29,97.7
2022,10,31,19,0,0,0,0,0,0,0,0,6.54,6.56,6.55,8.85,100,0,72.72,0.53,51.6,1.01,50.65
2022,10,31,20,0,0,0,0,0,0,0,0,6.08,5.73,5.9,8.36,100,0,72.76,0.73,52.39,1.34,50.66
2022,10,31,21,0,0,0,0,0,0,0,0,5.94,4.76,5.36,7.81,97.62,0,72.79,0.76,54.67,1.3,53.34
2022,10,31,22,0,0,0,0,0,0,0,0,5.73,3.67,4.7,7.26,92.06,0,72.8,0.75,53.01,1.26,51.06
2022,10,31,23,0,0,0,0,0,0,0,0,5.43,2.44,3.93,6.65,86.62,0,72.8,0.78,44.59,1.32,42.59
2022,11,1,0,0,0,0,0,0,0,0,0,5.19,0.93,3.05,6.04,79.81,0,72.78,0.8,36.65,1.37,35.05
2022,11,1,1,0,0,0,0,0,0,0,0,5.04,-0.58,2.23,5.43,72.75,0,72.75,0.8,29.81,1.38,29.02
2022,11,1,2,0,0,0,0,0,0,0,0,4.91,-1.88,1.51,4.94,66.62,0,72.73,0.81,25.82,1.39,25.56
2022,11,1,3,0,0,0,0,0,0,0,0,4.85,-2.93,0.96,4.58,61.5,0,72.71,0.76,26.83,1.3,26.87
2022,11,1,4,0,0,0,0,0,0,0,0,4.65,-3.8,0.42,4.27,58.25,0,72.71,0.66,25.96,1.11,25.31
2022,11,1,5,0,0,0,0,0,0,0,0,4.39,-4.52,-0.06,4.03,56.12,0,72.73,0.56,22.99,0.95,22.33
2022,11,1,6,0.04,0.04,0.11,3.55,3.9,0.56,0,0.02,4.43,-5.24,-0.4,3.78,53,0,72.77,0.52,22.29,0.84,22.29
2022,11,1,7,0.7,0.68,1,75.02,75.25,9.55,0.06,0.33,5.8,-3.15,1.33,4.58,57.94,0,72.82,0.39,22.44,0.67,21.8
2022,11,1,8,1.52,1.54,1.96,172.85,177.17,24.57,0.42,2.08,8.83,-0.1,4.37,5.8,59.94,0,72.88,0.14,283.24,0.19,289.18
2022,11,1,9,2.22,2.29,2.74,259,266.33,39.86,1.01,5,10.54,0.14,5.33,6.1,56.25,0,72.92,1.33,238.46,1.71,237.69
2022,11,1,10,2.67,2.82,3.3,314.65,328.8,49.77,1.54,7.95,11.77,1.3,6.54,6.59,55.69,0,72.92,2.13,233.21,2.74,232.77
2022,11,1,11,2.92,3.09,3.59,347.95,360.33,54.8,1.84,9.7,12.58,2.62,7.59,7.14,57.12,0,72.89,2.81,227.59,3.62,227.45
2022,11,1,12,3,3.12,3.6,359.48,368.6,57.76,1.97,10.4,12.9,3.57,8.23,7.51,59.06,0,72.84,3.18,226.1,4.09,226.08
2022,11,1,13,2.51,2.86,3.32,300.83,336.1,48.72,1.53,7.95,12.77,4.18,8.48,7.75,61.38,0,72.78,3.17,226.6,4.06,226.64
2022,11,1,14,2.09,2.33,2.77,248.62,273.17,38.16,0.98,4.9,12.34,4.5,8.42,7.87,64.06,0,72.73,2.94,227.37,3.77,227.44
2022,11,1,15,1.38,1.59,2,160.88,185.58,22.91,0.41,2,11.64,4.5,8.07,7.87,66.62,0,72.69,2.45,226.16,3.14,226.01
2022,11,1,16,0.76,0.74,1.05,84.35,84.8,10.91,0.08,0.4,10.46,4.47,7.47,7.81,71.69,0,72.67,1.89,220.99,2.47,221.15
2022,11,1,17,0.06,0.05,0.13,5.08,5.15,0.75,0,0.02,8.33,5.22,6.77,8.24,87.62,0,72.67,0.99,208.39,1.44,209.21
2022,11,1,18,0,0,0,0,0,0,0,0,6.62,4.95,5.79,8,95.25,0,72.7,0.14,109.44,0.24,103.13
2022,11,1,19,0,0,0,0,0,0,0,0,5.26,4.36,4.81,7.69,100,0,72.74,0.56,51.22,1.04,50.19
2022,11,1,20,0,0,0,0,0,0,0,0,4.65,3.17,3.91,7.02,96.38,0,72.77,0.73,50.19,1.34,48.53
2022,11,1,21,0,0,0,0,0,0,0,0,4.53,1.55,3.05,6.29,87.06,0,72.79,0.76,44.58,1.33,43.09
2022,11,1,22,0,0,0,0,0,0,0,0,4.51,-0.08,2.21,5.62,78,0,72.79,0.74,37.72,1.26,36.66
2022,11,1,23,0,0,0,0,0,0,0,0,4.35,-1.52,1.41,5.07,71.12,0,72.77,0.72,31.28,1.22,30.02
2022,11,2,0,0,0,0,0,0,0,0,0,4.06,-2.89,0.58,4.64,65.81,0,72.72,0.71,26.85,1.21,25.73
2022,11,2,1,0,0,0,0,0,0,0,0,3.93,-4.38,-0.23,4.15,59.69,0,72.67,0.73,22.15,1.22,21.8
2022,11,2,2,0,0,0,0,0,0,0,0,3.84,-6.02,-1.09,3.66,53.31,0,72.61,0.77,17.7,1.28,17.77
2022,11,2,3,0,0,0,0,0,0,0,0,3.52,-7.76,-2.12,3.23,48.25,0,72.56,0.85,17.6,1.38,17.41
2022,11,2,4,0,0,0,0,0,0,0,0,3.24,-9.48,-3.12,2.87,43.44,0,72.54,0.9,18.12,1.46,17.76
2022,11,2,5,0,0,0,0,0,0,0,0,3.23,-11.17,-3.97,2.56,38.5,0,72.54,0.94,18.89,1.51,18.43
2022,11,2,6,0.05,0.04,0.1,3.62,3.83,0.55,0,0.02,3.62,-12.88,-4.63,2.26,32.81,0,72.57,0.97,20.77,1.5,20.42
2022,11,2,7,0.72,0.71,0.99,76.98,77.75,9.62,0.06,0.3,5.11,-10.09,-2.49,2.93,39,0,72.62,0.81,22.83,1.3,21.93
2022,11,2,8,1.56,1.58,1.94,175.48,180.23,24.89,0.42,2.08,8.67,-6.08,1.3,3.97,41.06,0,72.66,0.36,355.03,0.57,354.45
2022,11,2,9,2.28,2.34,2.73,262.45,268.4,40.3,1.01,5.02,10.88,-4.99,2.94,4.27,38.38,0,72.69,1.68,244.39,2.19,244.71
2022,11,2,10,2.74,2.87,3.28,318.77,329.15,49.81,1.52,7.77,11.82,-2.03,4.89,5.25,44.19,0,72.69,2.58,232.37,3.38,232.52
2022,11,2,11,3.03,3.14,3.58,353.75,361.58,55.84,1.87,9.88,12.39,0.58,6.49,6.29,50.81,0,72.65,3.15,226.1,4.11,226.16
2022,11,2,12,2.92,3.11,3.58,346.6,362.25,54.88,1.83,9.65,12.51,2.79,7.65,7.26,58,0,72.59,3.44,223.8,4.46,223.79
2022,11,2,13,2.62,2.85,3.3,310.73,330.88,49.07,1.52,7.83,12.17,4.5,8.33,8,65.38,0,72.52,3.42,222.96,4.41,223.06
2022,11,2,14,2.02,2.31,2.76,238.92,268.05,36.68,0.93,4.65,11.54,5.67,8.6,8.48,72.31,0,72.47,3.09,223.26,3.97,223.4
2022,11,2,15,1.33,1.56,1.98,154.75,179.9,22.05,0.38,1.88,10.71,5.97,8.34,8.61,77.12,0,72.44,2.62,221.49,3.36,221.51
2022,11,2,16,0.72,0.71,1.03,79.25,79.73,10.2,0.07,0.35,9.58,5.71,7.65,8.42,81.75,0,72.43,2.17,217.53,2.84,217.63
2022,11,2,17,0.05,0.05,0.12,4.52,4.62,0.68,0,0.02,7.46,6.04,6.75,8.67,97.38,0,72.43,1.16,209.32,1.76,209.52
2022,11,2,18,0,0,0,0,0,0,0,0,6.28,6.04,6.15,8.67,100,0,72.45,0.46,185.81,0.71,184.45
2022,11,2,19,0,0,0,0,0,0,0,0,5.84,5.9,5.87,8.54,100,0,72.47,0.27,104.83,0.48,104.26
2022,11,2,20,0,0,0,0,0,0,0,0,5.43,5.51,5.48,8.36,100,0,72.49,0.44,70.28,0.79,68.51
2022,11,2,21,0,0,0,0,0,0,0,0,4.93,4.62,4.78,7.93,100,0,72.5,0.69,43.63,1.12,44.15
2022,11,2,22,0,0,0,0,0,0,0,0,4.69,3.53,4.11,7.45,100,0,72.49,0.78,31.94,1.25,32.5
2022,11,2,23,0,0,0,0,0,0,0,0,4.55,2.4,3.48,6.96,95.25,0,72.45,0.79,22.75,1.28,23.75
2022,11,3,0,0,0,0,0,0,0,0,0,4.29,1.32,2.8,6.47,90.69,0,72.41,0.83,14.69,1.36,14.59
2022,11,3,1,0,0,0,0,0,0,0,0,4.04,0.32,2.18,6.04,86.31,0,72.37,0.92,11.79,1.56,11.59
2022,11,3,2,0,0,0,0,0,0,0,0,3.71,-0.48,1.62,5.74,83.56,0,72.33,1,10.78,1.76,10.21
2022,11,3,3,0,0,0,0,0,0,0,0,3.37,-1.13,1.12,5.49,81.62,0,72.3,1.09,10.34,1.96,9.88
2022,11,3,4,0,0,0,0,0,0,0,0,3.03,-1.74,0.65,5.19,79.56,0,72.29,1.17,11.16,2.15,10.7
2022,11,3,5,0,0,0,0,0,0,0,0,2.74,-2.33,0.21,4.94,76.88,0,72.32,1.24,12.72,2.28,12.89
2022,11,3,6,0.04,0.03,0.09,2.92,3.08,0.46,0,0,2.54,-2.88,-0.17,4.7,74.06,0,72.39,1.28,13.78,2.34,14.31
2022,11,3,7,0.61,0.6,0.97,62.55,62.9,8.28,0.05,0.25,3.89,-1.2,1.34,5.25,75.69,0,72.46,1.18,15.32,2.2,15.02
2022,11,3,8,1.37,1.4,1.93,148.9,154.17,20.3,0.32,1.58,8.12,0.19,4.15,5.92,63.38,0,72.54,1.52,12.18,2.22,11.55
2022,11,3,9,2.09,2.16,2.71,236.5,243.7,34.86,0.81,4.05,11.2,-0.99,5.1,5.55,48.75,0,72.58,1.13,341.94,1.5,342.13
2022,11,3,10,2.58,2.71,3.27,298.38,309.3,45.39,1.31,6.75,12.59,-0.08,6.26,6.04,48.44,0,72.6,0.97,277.87,1.29,276.26
2022,11,3,11,2.81,2.98,3.56,326.33,340.1,49.95,1.56,8.15,13.27,1.1,7.19,6.71,51.12,0,72.58,1.66,249,2.22,247.86
2022,11,3,12,2.92,3.05,3.57,345.15,354.75,54.29,1.73,9.05,13.57,2.41,7.99,7.39,55.38,0,72.53,2.36,241.91,3.12,241.38
2022,11,3,13,2.56,2.74,3.29,298.17,313.9,45.36,1.32,6.77,13.34,3.33,8.33,7.93,60.25,0,72.47,2.8,238.93,3.68,238.54
2022,11,3,14,1.93,2.14,2.74,220.55,241.95,32.2,0.77,3.8,12.76,3.97,8.37,8.3,65.06,0,72.42,2.84,238.06,3.73,237.84
2022,11,3,15,1.13,1.3,1.97,121.1,139.33,15.78,0.25,1.25,11.91,4.15,8.04,8.36,69.44,0,72.4,2.58,236.98,3.42,236.75
2022,11,3,16,0.6,0.59,1.02,61.25,62.35,8.1,0.05,0.25,10.6,4.51,7.56,8.48,76.88,0,72.41,2.15,234,2.93,233.56
2022,11,3,17,0.04,0.03,0.12,3.38,3.45,0.54,0,0.02,8.3,5.87,7.08,8.91,94.38,0,72.44,1.01,229.4,1.64,228.87
2022,11,3,18,0,0,0,0,0,0,0,0,7.28,6.04,6.66,8.97,100,0,72.49,0.55,235.41,0.94,234.85
2022,11,3,19,0,0,0,0,0,0,0,0,7.33,5.91,6.62,8.85,100,0,72.54,0.31,277.13,0.46,275.81
2022,11,3,20,0,0,0,0,0,0,0,0,6.87,5.4,6.14,8.61,100,0,72.58,0.41,2.16,0.66,3.41
2022,11,3,21,0,0,0,0,0,0,0,0,6.2,4.54,5.37,8.18,100,0,72.6,0.67,17.59,1.11,17.55
2022,11,3,22,0,0,0,0,0,0,0,0,5.57,3.46,4.51,7.63,97.75,0,72.59,0.88,20.38,1.48,20.06
2022,11,3,23,0,0,0,0,0,0,0,0,5.54,2.31,3.92,7.08,90.44,0,72.57,0.94,20.83,1.56,20.89
2022,11,4,0,0,0,0,0,0,0,0,0,5.4,1.15,3.28,6.53,84.25,0,72.55,0.93,22.25,1.51,21.8
2022,11,4,1,0,0,0,0,0,0,0,0,5.2,0.16,2.69,6.1,79.88,0,72.54,0.87,21.71,1.42,22.33
2022,11,4,2,0,0,0,0,0,0,0,0,4.95,-0.66,2.15,5.74,76.88,0,72.54,0.84,20.62,1.36,20.83
2022,11,4,3,0,0,0,0,0,0,0,0,4.58,-1.29,1.65,5.49,75.44,0,72.55,0.85,19.94,1.37,20.29
2022,11,4,4,0,0,0,0,0,0,0,0,4.23,-1.85,1.19,5.25,74.06,0,72.59,0.89,22.08,1.46,22.6
2022,11,4,5,0,0,0,0,0,0,0,0,3.84,-2.5,0.67,5,72.12,0,72.62,0.97,24.29,1.63,24.72
2022,11,4,6,0.03,0.03,0.09,2.6,2.73,0.42,0,0,3.56,-3.26,0.15,4.7,69,0,72.67,1.02,24.81,1.75,25.31
2022,11,4,7,0.54,0.53,0.96,54.48,54.7,7.2,0.04,0.23,4.9,-1.79,1.55,5.13,68.81,0,72.72,0.96,22.58,1.72,23.78
2022,11,4,8,1.3,1.33,1.91,140.08,144.9,18.8,0.29,1.42,8.55,-0.58,3.99,5.74,59.88,0,72.79,0.96,24.48,1.36,23.63
2022,11,4,9,1.98,2.05,2.7,223.1,230.77,32.49,0.74,3.7,11.03,0.01,5.52,6.23,54.94,0,72.83,0.72,217.49,0.92,218.43
2022,11,4,10,2.45,2.58,3.25,283.08,294.35,42.11,1.19,6.08,12.34,1.23,6.79,6.9,56.12,0,72.84,1.9,216.82,2.44,217.2
2022,11,4,11,2.81,2.9,3.54,327.12,334.95,49.79,1.54,7.98,13.03,2.67,7.85,7.51,58.25,0,72.81,2.51,218.44,3.25,218.66
2022,11,4,12,2.89,3,3.55,345.67,353.77,53.88,1.71,8.95,13.3,3.98,8.63,8.06,61.5,0,72.75,2.84,219.2,3.69,219.25
2022,11,4,13,2.59,2.74,3.27,307.05,320.15,47.23,1.38,7.05,13.19,4.78,8.98,8.42,64.75,0,72.69,2.91,219.33,3.77,219.36
2022,11,4,14,1.95,2.19,2.73,227.75,253.95,33.61,0.8,3.98,12.81,5.14,8.98,8.61,67.56,0,72.64,2.87,218.49,3.74,218.47
2022,11,4,15,1.28,1.45,1.95,146.1,165.67,19.89,0.32,1.58,12.05,5.4,8.73,8.67,71.62,0,72.63,2.66,218.21,3.5,218.2
2022,11,4,16,0.63,0.63,1,66.85,69.23,8.45,0.05,0.27,10.76,5.64,8.2,8.73,78.62,0,72.63,2.23,217.59,3.01,217.61
2022,11,4,17,0.05,0.04,0.11,3.7,3.77,0.58,0,0.02,8.46,6.67,7.56,9.16,96.12,0,72.66,1.05,215.34,1.69,215.23
2022,11,4,18,0,0,0,0,0,0,0,0,7.51,6.99,7.26,9.16,100,0,72.71,0.45,217.87,0.77,216.29
2022,11,4,19,0,0,0,0,0,0,0,0,7.25,7.04,7.15,9.16,100,0,72.78,0.07,341.57,0.09,344.74
2022,11,4,20,0,0,0,0,0,0,0,0,6.63,6.71,6.67,8.97,100,0,72.84,0.31,37.75,0.59,37.48
2022,11,4,21,0,0,0,0,0,0,0,0,5.9,6.16,6.03,8.67,100,0,72.88,0.52,42.56,1.03,41.31
2022,11,4,22,0,0,0,0,0,0,0,0,5.3,5.45,5.37,8.3,100,0,72.9,0.54,46.17,1.1,43.56
2022,11,4,23,0,0,0,0,0,0,0,0,4.96,4.68,4.82,7.87,100,0,72.89,0.53,46.81,0.99,45
2022,11,5,0,0,0,0,0,0,0,0,0,4.94,4.05,4.49,7.57,100,0,72.87,0.49,43.07,0.87,42.1
2022,11,5,1,0,0,0,0,0,0,0,0,4.98,3.51,4.25,7.26,96.94,0,72.84,0.49,33.94,0.83,33.09
2022,11,5,2,0,0,0,0,0,0,0,0,4.94,3.01,3.98,6.96,93.38,0,72.81,0.52,25.8,0.88,24.74
2022,11,5,3,0,0,0,0,0,0,0,0,4.74,2.36,3.55,6.59,90,0,72.79,0.7,32.28,1.15,30.76
2022,11,5,4,0,0,0,0,0,0,0,0,4.45,1.45,2.95,6.16,85.75,0,72.78,0.92,37.75,1.46,36.75
2022,11,5,5,0,0,0,0,0,0,0,0,4.21,0.45,2.33,5.74,80.81,0,72.8,1.04,40.41,1.65,39.63
2022,11,5,6,0.03,0.03,0.08,2.62,2.9,0.42,0,0,4.07,-0.6,1.74,5.25,75.38,0,72.85,1.09,41.22,1.75,41.02
2022,11,5,7,0.63,0.62,0.94,67.98,68.52,8.5,0.05,0.25,5.47,0.09,2.78,5.62,72.88,0,72.91,0.85,42.38,1.43,41.01
2022,11,5,8,1.43,1.45,1.9,162.45,166.48,22.4,0.35,1.73,8.92,1.87,5.4,6.59,67.5,0,72.96,0.4,80.91,0.55,73.61
2022,11,5,9,2.13,2.18,2.68,247.58,253.58,36.95,0.87,4.3,11.06,2.22,6.64,7.02,62.31,0,72.99,1.24,211.89,1.57,211.94
2022,11,5,10,2.7,2.75,3.23,320.5,323.73,49.85,1.47,7.52,12.3,2.92,7.61,7.39,60.44,0,72.98,2.21,217.23,2.83,217.25
2022,11,5,11,2.91,3.01,3.53,347.5,354.48,53.93,1.72,8.95,12.97,3.94,8.45,7.87,61.44,0,72.95,2.88,218.05,3.7,218.06
2022,11,5,12,2.95,2.99,3.53,354.08,355.2,54.9,1.76,9.12,13.13,4.85,8.99,8.3,64.12,0,72.9,3.15,218.35,4.04,218.49
2022,11,5,13,2.55,2.73,3.25,306.67,323.12,47.24,1.39,7.15,12.95,5.27,9.12,8.48,66.38,0,72.84,3.13,219.13,4.01,219.15
2022,11,5,14,2.1,2.22,2.71,251.05,264.23,38.3,0.93,4.62,12.43,5.42,8.93,8.54,69,0,72.81,2.93,220.02,3.75,220.02
2022,11,5,15,1.29,1.49,1.94,150.75,175.33,21,0.34,1.67,11.51,5.44,8.48,8.54,73.06,0,72.8,2.58,220.7,3.31,220.69
2022,11,5,16,0.68,0.67,0.99,75.67,76.67,9.52,0.06,0.3,10.12,5.39,7.76,8.42,79.44,0,72.81,1.9,221.5,2.46,221.39
2022,11,5,17,0.05,0.04,0.1,3.85,3.92,0.58,0,0.02,8.01,5.72,6.87,8.61,93.62,0,72.83,0.95,219.32,1.35,220.06
2022,11,5,18,0,0,0,0,0,0,0,0,6.55,5.38,5.97,8.36,100,0,72.88,0.15,254.48,0.18,270
2022,11,5,19,0,0,0,0,0,0,0,0,5.56,4.95,5.26,8.18,100,0,72.92,0.45,27.9,0.85,26.8
2022,11,5,20,0,0,0,0,0,0,0,0,5.3,4.02,4.66,7.75,100,0,72.95,0.5,34.19,0.93,33.02
2022,11,5,21,0,0,0,0,0,0,0,0,5.23,2.9,4.07,7.26,95.62,0,72.97,0.48,39.69,0.8,38.66
2022,11,5,22,0,0,0,0,0,0,0,0,4.81,1.77,3.3,6.84,92.38,0,72.96,0.5,45,0.86,43.89
2022,11,5,23,0,0,0,0,0,0,0,0,4.65,0.65,2.65,6.41,87.56,0,72.94,0.48,39.69,0.81,38.31
2022,11,6,0,0,0,0,0,0,0,0,0,4.58,-0.52,2.03,5.92,81.44,0,72.9,0.52,35.13,0.87,35.12
2022,11,6,1,0,0,0,0,0,0,0,0,4.59,-1.79,1.4,5.37,74.06,0,72.86,0.53,28.07,0.86,28.19
2022,11,6,2,0,0,0,0,0,0,0,0,4.34,-3.21,0.57,4.82,67.56,0,72.83,0.49,14.93,0.8,15.95
2022,11,6,3,0,0,0,0,0,0,0,0,4.41,-4.49,-0.04,4.39,61.06,0,72.81,0.5,6.24,0.81,7.74
2022,11,6,4,0,0,0,0,0,0,0,0,4.76,-5.58,-0.42,4.03,55,0,72.81,0.56,2.42,0.84,2.68
2022,11,6,5,0,0,0,0,0,0,0,0,4.71,-6.42,-0.85,3.72,51.12,0,72.83,0.6,1.49,0.89,1.51
2022,11,6,6,0.03,0.03,0.08,2.42,2.58,0.39,0,0,4.63,-7.26,-1.31,3.48,47.5,0,72.87,0.64,6.26,0.95,6.13
2022,11,6,7,0.56,0.55,0.93,58.45,58.85,7.79,0.05,0.23,5.41,-5.55,-0.07,3.97,51.56,0,72.91,0.58,10.1,0.9,9.95
2022,11,6,8,1.4,1.44,1.88,159.85,165.4,22.51,0.35,1.73,7.95,-2.7,2.62,4.94,54.25,0,72.94,0.36,331.78,0.51,335.77
2022,11,6,9,2.16,2.21,2.66,252.73,258.38,38.67,0.91,4.52,9.84,-1.02,4.41,5.62,53.81,0,72.97,1.54,241.23,1.97,241.1
2022,11,6,10,2.6,2.73,3.22,307.73,319.1,47.92,1.4,7.15,10.99,0.65,5.82,6.23,55.25,0,72.97,2.6,233.44,3.37,233.48
2022,11,6,11,2.83,2.99,3.51,338.25,351.42,53.41,1.7,8.8,11.66,2.1,6.88,6.77,57.69,0,72.93,3.09,230.03,4,229.99
2022,11,6,12,2.72,2.96,3.52,328.2,350.95,52.24,1.66,8.65,11.87,3.3,7.58,7.26,61.06,0,72.86,3.33,228.9,4.28,228.92
2022,11,6,13,2.4,2.7,3.24,287.05,316.7,44.56,1.3,6.7,11.63,4.2,7.91,7.69,65.25,0,72.79,3.18,228.79,4.07,228.81
2022,11,6,14,1.92,2.17,2.7,228.27,254.95,34.34,0.82,4.08,11.15,4.65,7.9,7.81,68.81,0,72.73,2.76,228.45,3.51,228.43
2022,11,6,15,1.25,1.45,1.92,144.92,168.27,20.26,0.33,1.6,10.44,4.78,7.62,7.87,72.19,0,72.7,2.47,227.18,3.17,227.19
2022,11,6,16,0.64,0.63,0.98,70.35,70.85,9.13,0.05,0.27,9.2,4.96,7.08,7.93,79.5,0,72.68,2.02,225.16,2.65,225.24
2022,11,6,17,0.04,0.04,0.1,3.45,3.55,0.53,0,0.02,7.26,5.48,6.37,8.3,94.69,0,72.68,0.99,220.5,1.47,220.04
2022,11,6,18,0,0,0,0,0,0,0,0,5.88,5.39,5.63,8.18,100,0,72.7,0.05,206.57,0.09,190.3
2022,11,6,19,0,0,0,0,0,0,0,0,5,5.16,5.08,8.06,100,0,72.74,0.41,45,0.74,45
2022,11,6,20,0,0,0,0,0,0,0,0,4.7,4.55,4.62,7.75,100,0,72.76,0.62,36.87,1.12,37.35
2022,11,6,21,0,0,0,0,0,0,0,0,4.56,3.73,4.14,7.32,100,0,72.78,0.78,22.97,1.29,23.47
2022,11,6,22,0,0,0,0,0,0,0,0,4.57,2.85,3.71,6.9,94.56,0,72.78,0.74,19.2,1.18,19.27
2022,11,6,23,0,0,0,0,0,0,0,0,4.57,2.12,3.35,6.53,89.94,0,72.76,0.61,14.04,0.98,13.82
2022,11,7,0,0,0,0,0,0,0,0,0,4.44,1.47,2.95,6.23,86.62,0,72.73,0.67,16.31,1.07,16.98
2022,11,7,1,0,0,0,0,0,0,0,0,4.42,0.64,2.53,5.86,81.75,0,72.68,0.83,24.4,1.32,24.44
2022,11,7,2,0,0,0,0,0,0,0,0,4.43,-0.19,2.12,5.55,76.94,0,72.64,0.89,22.27,1.41,21.86
2022,11,7,3,0,0,0,0,0,0,0,0,4.23,-0.92,1.65,5.25,74.06,0,72.63,0.86,21.22,1.39,20.78
2022,11,7,4,0,0,0,0,0,0,0,0,4.13,-1.59,1.27,5,71,0,72.64,0.83,22.7,1.33,22.36
2022,11,7,5,0,0,0,0,0,0,0,0,4.21,-2.34,0.94,4.76,67,0,72.66,0.81,22.62,1.3,21.93
2022,11,7,6,0.03,0.02,0.07,2.35,2.48,0.38,0,0,4.67,-3.24,0.71,4.46,61,0,72.72,0.82,20.17,1.25,19.8
2022,11,7,7,0.56,0.55,0.91,58.55,59.02,7.59,0.05,0.23,5.55,-1.75,1.9,5.07,64.88,0,72.77,0.71,23.2,1.16,22.23
2022,11,7,8,1.33,1.38,1.87,150.23,156.83,20.67,0.32,1.58,8.5,0.15,4.33,5.86,61.44,0,72.83,0.37,333.43,0.51,335.41
2022,11,7,9,2.08,2.14,2.65,241.55,248.17,36.29,0.85,4.23,10.23,1.37,5.8,6.71,62.81,0,72.88,1.75,239.78,2.25,239.96
2022,11,7,10,2.65,2.69,3.2,311.62,314.77,48.45,1.41,7.15,11.29,2.89,7.08,7.39,64.31,0,72.88,2.44,233.97,3.15,233.98
2022,11,7,11,2.73,2.93,3.49,325.55,344.05,50.34,1.6,8.4,11.96,4.18,8.07,7.93,65.88,0,72.85,3.03,230.65,3.93,230.65
2022,11,7,12,2.5,2.84,3.5,304.27,335.67,47.12,1.49,7.85,12.1,5.22,8.66,8.36,69.06,0,72.77,3.27,230.33,4.21,230.34
2022,11,7,13,1.92,2.57,3.22,232.6,301.1,35.93,1.05,5.45,11.87,5.87,8.87,8.67,72.5,0,72.69,3.17,232.11,4.08,232.16
2022,11,7,14,1.51,2.05,2.68,181.4,238.95,27.2,0.66,3.25,11.39,6.15,8.76,8.79,75.56,0,72.64,2.89,234.68,3.73,234.64
2022,11,7,15,0.98,1.33,1.91,113.7,151.92,15.88,0.26,1.27,10.83,6.1,8.47,8.73,77.81,0,72.61,2.39,236.62,3.07,236.63
2022,11,7,16,0.52,0.52,0.96,55.6,56.55,7.85,0.05,0.25,9.9,5.89,7.9,8.61,81.75,0,72.6,1.88,233.8,2.46,234.04
2022,11,7,17,0.03,0.03,0.09,2.75,2.92,0.45,0,0,7.9,6.11,7,8.79,95.56,0,72.61,0.98,223.38,1.48,224.14
2022,11,7,18,0,0,0,0,0,0,0,0,6.87,6.3,6.58,8.79,100,0,72.64,0.21,229.64,0.31,232.25
2022,11,7,19,0,0,0,0,0,0,0,0,6.44,6.24,6.34,8.73,100,0,72.68,0.24,23.2,0.51,26.57
2022,11,7,20,0,0,0,0,0,0,0,0,6.08,5.62,5.85,8.42,100,0,72.7,0.41,27.55,0.77,29.17
2022,11,7,21,0,0,0,0,0,0,0,0,5.87,4.86,5.37,8.06,100,0,72.72,0.41,27.05,0.77,27.87
2022,11,7,22,0,0,0,0,0,0,0,0,6.05,4.33,5.19,7.81,96.44,0,72.72,0.27,27.3,0.46,23.96
2022,11,7,23,0,0,0,0,0,0,0,0,5.76,4.15,4.95,7.69,97.25,0,72.71,0.21,351.57,0.3,341.57
2022,11,8,0,0,0,0,0,0,0,0,0,5.01,3.94,4.48,7.57,100,0,72.69,0.25,331.82,0.39,325.67
2022,11,8,1,0,0,0,0,0,0,0,0,4.74,3.48,4.12,7.45,100,0,72.68,0.29,320.39,0.5,320.08
2022,11,8,2,0,0,0,0,0,0,0,0,4.66,3.16,3.91,7.26,99.38,0,72.65,0.29,356.91,0.58,0
2022,11,8,3,0,0,0,0,0,0,0,0,4.48,2.7,3.59,7.02,97,0,72.63,0.37,11.07,0.67,11.44
2022,11,8,4,0,0,0,0,0,0,0,0,4.3,2.08,3.19,6.71,93.75,0,72.63,0.5,15.33,0.88,15.52
2022,11,8,5,0,0,0,0,0,0,0,0,4.08,1.11,2.59,6.29,89.06,0,72.65,0.62,23.96,1.05,23.31
2022,11,8,6,0.03,0.02,0.07,1.7,1.77,0.27,0,0,4.06,-0.04,2.01,5.8,82.62,0,72.69,0.57,32.17,0.97,30.88
2022,11,8,7,0.42,0.41,0.9,42.55,42.67,5.91,0.03,0.17,5.12,0.33,2.72,5.92,78.5,0,72.77,0.36,31.61,0.62,29.48
2022,11,8,8,1.2,1.21,1.85,130.08,132.7,17.2,0.27,1.3,8.08,1.33,4.71,6.59,71,0,72.85,0.19,270,0.25,275.36
2022,11,8,9,1.93,1.98,2.63,220.5,226.65,31.92,0.73,3.65,9.93,0.94,5.44,6.53,62.12,0,72.9,1.28,241.87,1.66,240.79
2022,11,8,10,2.25,2.5,3.18,263.62,287.75,38.99,1.12,5.77,10.83,1.49,6.16,6.71,60.19,0,72.92,2.19,236.37,2.84,236.09
2022,11,8,11,2.54,2.78,3.48,300.02,321.4,44.95,1.4,7.33,10.9,2.22,6.56,7.02,62.56,0,72.89,2.47,234.9,3.21,234.92
2022,11,8,12,2.58,2.82,3.48,310.08,331.75,47.55,1.51,7.9,10.82,2.59,6.71,7.2,64.44,0,72.83,2.34,237.53,3.02,237.26
2022,11,8,13,2.25,2.55,3.21,265.42,294.77,39.55,1.15,5.98,10.98,2.65,6.82,7.2,64.12,0,72.75,2.14,239.22,2.73,239.18
2022,11,8,14,1.74,2,2.67,201.08,228.88,28.91,0.68,3.4,11.07,2.7,6.89,7.26,63.94,0,72.69,2.07,237.03,2.64,236.97
2022,11,8,15,1.08,1.24,1.9,118.98,136.42,15.62,0.25,1.23,10.58,2.9,6.74,7.32,66.81,0,72.66,1.94,232.21,2.49,232.52
2022,11,8,16,0.51,0.49,0.95,52.17,52.23,7.16,0.05,0.23,9.55,3.41,6.48,7.63,74.38,0,72.64,1.44,229.4,1.88,229.71
2022,11,8,17,0.03,0.02,0.09,2.42,2.48,0.38,0,0,7.33,4.02,5.68,7.87,89.5,0,72.65,0.46,215.31,0.7,217.76
2022,11,8,18,0,0,0,0,0,0,0,0,5.33,3.9,4.62,7.75,100,0,72.69,0.42,50.33,0.71,49.47
2022,11,8,19,0,0,0,0,0,0,0,0,4.69,2.9,3.79,7.26,99.12,0,72.74,0.62,51.12,1.15,49.4
2022,11,8,20,0,0,0,0,0,0,0,0,4.65,1.58,3.12,6.65,91.44,0,72.78,0.67,52.59,1.17,51.22
2022,11,8,21,0,0,0,0,0,0,0,0,4.69,0.4,2.55,6.16,83.88,0,72.8,0.62,50.66,1.04,48.65
2022,11,8,22,0,0,0,0,0,0,0,0,4.68,-0.55,2.07,5.68,78,0,72.8,0.54,44.41,0.89,42.51
2022,11,8,23,0,0,0,0,0,0,0,0,4.58,-1.37,1.61,5.37,73.56,0,72.79,0.42,37.5,0.7,35.98
2022,11,9,0,0,0,0,0,0,0,0,0,4.28,-2.04,1.12,5.07,71.12,0,72.76,0.33,29.58,0.57,29.74
2022,11,9,1,0,0,0,0,0,0,0,0,3.93,-2.66,0.64,4.82,69.56,0,72.74,0.32,25.94,0.56,24.78
2022,11,9,2,0,0,0,0,0,0,0,0,3.55,-3.17,0.19,4.64,68.69,0,72.71,0.33,24.1,0.58,22.09
2022,11,9,3,0,0,0,0,0,0,0,0,3.32,-3.88,-0.28,4.39,66.31,0,72.69,0.41,30.02,0.71,27.7
2022,11,9,4,0,0,0,0,0,0,0,0,3.14,-4.81,-0.83,4.15,62.81,0,72.67,0.52,37.04,0.87,35.12
2022,11,9,5,0,0,0,0,0,0,0,0,2.92,-5.81,-1.45,3.85,59.19,0,72.68,0.59,41.76,0.98,39.51
2022,11,9,6,0.03,0.02,0.06,1.65,1.67,0.27,0,0,2.7,-6.94,-2.12,3.48,55.12,0,72.71,0.59,43.39,1,41.19
2022,11,9,7,0.42,0.41,0.88,43.08,43.15,5.74,0.03,0.15,3.63,-5.49,-0.92,3.97,58,0,72.75,0.45,41.47,0.81,39.09
2022,11,9,8,1.15,1.15,1.84,123.12,125.3,15.76,0.22,1.1,7.08,-3.3,1.89,4.64,53.62,0,72.79,0.17,79.7,0.3,67.38
2022,11,9,9,1.82,1.87,2.61,204.98,211.4,28.57,0.62,3.05,9.48,-3.84,2.82,4.58,45.19,0,72.83,1.14,207.45,1.46,206.98
2022,11,9,10,2.35,2.44,3.17,271.67,280.05,39.59,1.06,5.38,10.65,-2.48,4.08,5,45.69,0,72.84,2.28,212.11,2.94,211.96
2022,11,9,11,2.64,2.73,3.46,308.8,316.42,45.77,1.37,7.08,11.17,-0.81,5.18,5.62,49.19,0,72.82,2.73,212.6,3.48,212.55
2022,11,9,12,2.6,2.73,3.47,309.65,321.05,45.95,1.37,7.1,11.34,0.33,5.83,6.04,52.31,0,72.77,2.9,213.9,3.69,213.86
2022,11,9,13,2.25,2.44,3.19,264.2,282.4,38.14,1.04,5.3,11.2,1.04,6.12,6.29,55.25,0,72.72,2.87,215.68,3.64,215.57
2022,11,9,14,1.69,1.88,2.65,192.95,213.5,26.31,0.58,2.85,10.78,1.39,6.08,6.47,57.94,0,72.68,2.66,216.16,3.38,216.08
2022,11,9,15,1.05,1.16,1.88,113.88,126.65,14.43,0.21,1.05,9.94,1.68,5.81,6.53,62.12,0,72.66,2.44,215.47,3.12,215.64
2022,11,9,16,0.52,0.51,0.94,54.6,54.67,7.07,0.04,0.2,8.49,2.27,5.38,6.77,71.31,0,72.66,1.96,214.77,2.58,214.89
2022,11,9,17,0.03,0.02,0.08,2.1,2.15,0.34,0,0,6.17,3.2,4.69,7.26,89,0,72.67,0.82,207.78,1.22,208.2
2022,11,9,18,0,0,0,0,0,0,0,0,4.69,3.19,3.94,7.14,97.56,0,72.71,0.15,105.52,0.25,112.48
2022,11,9,19,0,0,0,0,0,0,0,0,3.96,2.91,3.44,7.02,100,0,72.75,0.43,56.89,0.72,57
2022,11,9,20,0,0,0,0,0,0,0,0,3.56,2.04,2.8,6.65,97.88,0,72.78,0.52,54.87,0.87,53.03
2022,11,9,21,0,0,0,0,0,0,0,0,3.26,1.19,2.23,6.23,94,0,72.8,0.52,48.65,0.87,47.55
2022,11,9,22,0,0,0,0,0,0,0,0,2.87,0.32,1.59,5.8,90.44,0,72.8,0.54,40.87,0.9,39.74
2022,11,9,23,0,0,0,0,0,0,0,0,2.61,-0.72,0.94,5.37,85.38,0,72.78,0.56,33.69,0.94,32.51
2022,11,10,0,0,0,0,0,0,0,0,0,2.28,-1.77,0.26,5,80.81,0,72.75,0.64,30.61,1.08,29.9
2022,11,10,1,0,0,0,0,0,0,0,0,1.89,-2.67,-0.39,4.64,76.94,0,72.71,0.7,30.85,1.21,30.2
2022,11,10,2,0,0,0,0,0,0,0,0,1.66,-3.66,-0.99,4.27,71.94,0,72.67,0.79,30.87,1.38,29.91
2022,11,10,3,0,0,0,0,0,0,0,0,1.57,-4.88,-1.66,3.85,65.69,0,72.64,0.85,31.78,1.45,30.86
2022,11,10,4,0,0,0,0,0,0,0,0,1.62,-6.15,-2.26,3.48,59.31,0,72.63,0.78,31.46,1.32,30.21
2022,11,10,5,0,0,0,0,0,0,0,0,1.46,-7.29,-2.92,3.23,55.12,0,72.64,0.57,27.98,0.97,26.77
2022,11,10,6,0.03,0.02,0.06,1.42,1.55,0.23,0,0,2.24,-8.79,-3.27,2.87,46.5,0,72.68,0.44,17.47,0.67,16.31
2022,11,10,7,0.47,0.46,0.87,48.85,49.15,6.59,0.03,0.15,2.87,-7.1,-2.12,3.3,51,0,72.74,0.34,11.82,0.53,10.98
2022,11,10,8,1.18,1.2,1.82,128.5,132.1,17.03,0.23,1.17,6.05,-4.05,1,4.21,52.19,0,72.79,0.2,231.34,0.22,245.22
2022,11,10,9,1.91,1.96,2.6,218.62,224.45,31.7,0.68,3.38,8.38,-3.52,2.44,4.33,46,0,72.83,1.4,224.32,1.82,223.61
2022,11,10,10,2.34,2.56,3.15,276.08,298.3,42.3,1.16,5.88,9.73,-2.2,3.76,4.76,46.31,0,72.83,2.41,223.95,3.11,223.78
2022,11,10,11,2.7,2.83,3.44,320.45,331.7,48.86,1.45,7.42,10.4,-0.68,4.86,5.31,49.38,0,72.79,2.97,223.83,3.82,223.76
2022,11,10,12,2.57,2.74,3.45,306.42,321.25,45.48,1.34,6.9,10.62,0.49,5.55,5.8,52.88,0,72.72,3.19,224.41,4.09,224.46
2022,11,10,13,2.19,2.48,3.18,259.55,288.38,38.33,1.04,5.3,10.47,1.48,5.97,6.23,57.19,0,72.64,3.16,225,4.04,225
2022,11,10,14,1.62,1.97,2.64,188.65,226.08,27.26,0.6,2.98,10.03,2.19,6.11,6.53,61.88,0,72.58,2.99,227.65,3.84,227.64
2022,11,10,15,0.95,1.24,1.87,105.88,137.98,14.07,0.2,1,9.26,2.62,5.94,6.77,67.19,0,72.54,2.73,229.42,3.52,229.5
2022,11,10,16,0.46,0.48,0.93,48.8,51.45,6.8,0.04,0.17,7.91,3.12,5.51,7.02,76.44,0,72.55,2.2,227.01,2.91,227.18
2022,11,10,17,0.03,0.02,0.08,2.15,2.3,0.34,0,0,5.65,3.8,4.73,7.39,94.06,0,72.58,1.15,214.77,1.69,215.38
2022,11,10,18,0,0,0,0,0,0,0,0,4.65,3.73,4.19,7.32,100,0,72.63,0.43,193.54,0.69,193.09
2022,11,10,19,0,0,0,0,0,0,0,0,4.01,3.65,3.83,7.32,100,0,72.68,0.14,128.16,0.28,122.35
2022,11,10,20,0,0,0,0,0,0,0,0,3.75,3.36,3.55,7.14,100,0,72.72,0.13,96.71,0.32,84.43
2022,11,10,21,0,0,0,0,0,0,0,0,3.58,2.88,3.23,6.9,100,0,72.73,0.17,79.7,0.35,77.2
2022,11,10,22,0,0,0,0,0,0,0,0,3.25,2.43,2.83,6.65,100,0,72.72,0.23,67.83,0.4,66.95
2022,11,10,23,0,0,0,0,0,0,0,0,2.88,2.01,2.44,6.47,100,0,72.71,0.28,54.09,0.46,56.04
2022,11,11,0,0,0,0,0,0,0,0,0,2.38,1.67,2.03,6.35,100,0,72.69,0.38,41.63,0.62,41.93
2022,11,11,1,0,0,0,0,0,0,0,0,1.71,0.94,1.33,5.98,100,0,72.65,0.5,35.43,0.89,34.95
2022,11,11,2,0,0,0,0,0,0,0,0,1.17,0.01,0.59,5.55,97.38,0,72.61,0.6,32.87,1.12,33.02
2022,11,11,3,0,0,0,0,0,0,0,0,0.91,-0.97,-0.03,5.13,91.56,0,72.57,0.69,33.87,1.3,33.69
2022,11,11,4,0,0,0,0,0,0,0,0,0.85,-2,-0.57,4.7,84.38,0,72.54,0.74,34.7,1.36,34.97
2022,11,11,5,0,0,0,0,0,0,0,0,0.9,-3.1,-1.1,4.33,76.75,0,72.54,0.78,36.87,1.38,37.19
2022,11,11,6,0.03,0.01,0.05,1.38,1.45,0.23,0,0,0.87,-4.13,-1.63,3.97,70.81,0,72.57,0.79,40.17,1.35,39.38
2022,11,11,7,0.48,0.47,0.86,48.33,48.55,6.39,0.03,0.12,2.01,-3.6,-0.8,4.21,69.25,0,72.62,0.7,43.18,1.21,41.08
2022,11,11,8,1.27,1.31,1.8,139.15,144.58,18.78,0.24,1.17,5.62,-3.42,1.1,4.46,56.75,0,72.69,0.17,221.19,0.11,236.31
2022,11,11,9,1.96,2.06,2.58,223.05,234.23,32.91,0.67,3.3,7.58,-4.21,1.69,4.27,47.62,0,72.74,1.6,229.94,2.05,229.94
2022,11,11,10,2.41,2.59,3.14,278.38,295.7,41.88,1.07,5.35,8.7,-3.15,2.78,4.58,47.75,0,72.75,2.4,226.45,3.08,226.44
2022,11,11,11,2.61,2.88,3.43,306.98,330.1,47.41,1.34,6.8,9.42,-2.17,3.62,4.94,48.56,0,72.72,2.94,224.89,3.78,224.92
2022,11,11,12,2.19,2.65,3.43,258.9,302.5,38.12,1.05,5.4,9.69,-1.36,4.16,5.19,50.31,0,72.66,3.22,224.02,4.12,224
2022,11,11,13,1.8,2.38,3.16,207.42,266.67,30.05,0.77,3.85,9.58,-0.76,4.41,5.43,52.69,0,72.6,3.19,223.61,4.09,223.61
2022,11,11,14,1.32,1.84,2.62,149.42,202.05,20.39,0.41,2.05,9.12,-0.42,4.35,5.49,55.31,0,72.55,3,223.63,3.85,223.68
2022,11,11,15,0.86,1.14,1.86,92.62,120.73,12,0.16,0.8,8.26,-0.2,4.04,5.55,59.19,0,72.53,2.64,222.6,3.39,222.58
2022,11,11,16,0.4,0.42,0.92,40.65,43.62,5.7,0.03,0.12,6.9,0.43,3.66,5.86,68.25,0,72.54,2.04,218.93,2.69,219.23
2022,11,11,17,0.03,0.02,0.08,1.77,1.98,0.29,0,0,4.87,1.08,2.98,6.1,82.38,0,72.56,1.06,209.59,1.47,209.71
2022,11,11,18,0,0,0,0,0,0,0,0,3.4,0.49,1.94,5.86,87.25,0,72.59,0.17,152.24,0.22,124.82
2022,11,11,19,0,0,0,0,0,0,0,0,2.31,-0.33,0.99,5.55,89.19,0,72.63,0.53,46.81,0.95,45
2022,11,11,20,0,0,0,0,0,0,0,0,1.74,-1.6,0.07,5,84.5,0,72.66,0.75,42.03,1.33,41.66
2022,11,11,21,0,0,0,0,0,0,0,0,1.55,-2.98,-0.71,4.52,77.12,0,72.68,0.85,37.5,1.45,37.79
2022,11,11,22,0,0,0,0,0,0,0,0,1.57,-4.32,-1.38,4.09,69.44,0,72.67,0.81,37.53,1.36,37.79
2022,11,11,23,0,0,0,0,0,0,0,0,1.46,-5.24,-1.89,3.72,64.44,0,72.65,0.75,38.66,1.27,38.49
2022,11,12,0,0,0,0,0,0,0,0,0,1.41,-5.9,-2.24,3.54,60.5,0,72.61,0.71,40.53,1.19,40.72
2022,11,12,1,0,0,0,0,0,0,0,0,1.14,-6.18,-2.52,3.42,59.75,0,72.57,0.6,40.76,1.02,40.03
2022,11,12,2,0,0,0,0,0,0,0,0,0.98,-6.36,-2.7,3.36,59.38,0,72.54,0.53,34.85,0.92,34.63
2022,11,12,3,0,0,0,0,0,0,0,0,0.87,-6.6,-2.86,3.3,58.69,0,72.51,0.6,26.9,1.03,27.15
2022,11,12,4,0,0,0,0,0,0,0,0,0.55,-6.74,-3.1,3.23,59.19,0,72.48,0.75,22.57,1.27,23.89
2022,11,12,5,0,0,0,0,0,0,0,0,0.11,-6.91,-3.4,3.17,60.19,0,72.49,0.94,21.45,1.59,22.53
2022,11,12,6,0,0,0,0,0,0,0,0,-0.34,-7.1,-3.72,3.11,61.25,0,72.52,1.12,22.47,1.92,23.75
2022,11,12,7,0.52,0.51,0.89,50.62,50.98,6.5,0.03,0.15,0.48,-5.47,-2.49,3.66,67,0,72.56,1.07,24.13,1.99,25.36
2022,11,12,8,1.13,1.13,1.79,114.33,116.55,14.26,0.17,0.85,4.86,-3.63,0.62,4.39,59.12,0,72.6,0.74,15.36,1.2,17.38
2022,11,12,9,1.8,1.84,2.57,193.3,198.73,25.85,0.5,2.45,7.89,-5.78,1.05,3.85,41.88,0,72.64,1.36,246.67,1.75,246.87
2022,11,12,10,2.36,2.4,3.12,260.05,265,36.45,0.88,4.38,9.13,-3.74,2.69,4.46,44.69,0,72.65,2.67,235.38,3.48,235.35
2022,11,12,11,2.61,2.69,3.41,293.42,300.25,41.82,1.12,5.73,9.81,-1.76,4.03,5.07,48.81,0,72.61,3.36,231.98,4.37,231.96
2022,11,12,12,2.32,2.63,3.42,265.8,298.08,38.69,1.05,5.3,9.97,0.15,5.06,5.8,54.75,0,72.56,3.68,231.38,4.79,231.43
2022,11,12,13,2.02,2.35,3.15,226.98,260.05,31.85,0.79,3.98,9.76,1.66,5.71,6.35,61.12,0,72.51,3.66,232.54,4.75,232.62
2022,11,12,14,1.5,1.79,2.61,164.17,193.7,21.91,0.44,2.15,9.23,2.51,5.87,6.71,66.75,0,72.46,3.46,233.08,4.48,233.15
2022,11,12,15,0.93,1.08,1.85,96.33,111.52,12.18,0.16,0.77,8.35,2.85,5.6,6.84,72.44,0,72.44,3.26,230.35,4.27,230.42
2022,11,12,16,0.42,0.41,0.91,42.1,42.38,5.89,0.03,0.12,6.98,3.09,5.04,7.02,81.06,0,72.43,2.64,227.64,3.53,227.69
2022,11,12,17,0.03,0.02,0.07,1.62,1.67,0.26,0,0,4.89,3.55,4.22,7.26,97.31,0,72.43,1.23,218.83,1.86,219.56
2022,11,12,18,0,0,0,0,0,0,0,0,3.66,3.53,3.6,7.26,100,0,72.43,0.34,210.74,0.6,211.22
2022,11,12,19,0,0,0,0,0,0,0,0,3.01,3.37,3.19,7.2,100,0,72.47,0.07,249.44,0.2,233.13
2022,11,12,20,0,0,0,0,0,0,0,0,2.56,2.91,2.74,6.96,100,0,72.51,0.16,342.47,0.24,318.99
2022,11,12,21,0,0,0,0,0,0,0,0,2.17,2.26,2.21,6.65,100,0,72.52,0.38,357.61,0.65,355.18
2022,11,12,22,0,0,0,0,0,0,0,0,2.04,1.5,1.77,6.35,100,0,72.49,0.52,2.6,0.96,3.75
2022,11,12,23,0,0,0,0,0,0,0,0,2.01,0.51,1.26,5.92,97.25,0,72.46,0.64,359.3,1.13,0.4
2022,11,13,0,0,0,0,0,0,0,0,0,1.96,-0.61,0.67,5.49,90.38,0,72.43,0.72,353.18,1.22,353.74
2022,11,13,1,0,0,0,0,0,0,0,0,1.87,-1.7,0.08,5.13,84.69,0,72.41,0.75,349.16,1.23,350.12
2022,11,13,2,0,0,0,0,0,0,0,0,1.79,-2.64,-0.42,4.82,80.25,0,72.38,0.72,348.69,1.17,349.59
2022,11,13,3,0,0,0,0,0,0,0,0,1.49,-3.49,-1,4.58,77.56,0,72.36,0.59,350.91,0.98,352.71
2022,11,13,4,0,0,0,0,0,0,0,0,1.34,-4.23,-1.45,4.33,74.62,0,72.36,0.5,354.64,0.82,355.64
2022,11,13,5,0,0,0,0,0,0,0,0,1.17,-4.9,-1.86,4.15,71.94,0,72.38,0.48,1.85,0.8,3.37
2022,11,13,6,0,0,0,0,0,0,0,0,0.96,-5.56,-2.3,3.91,69.5,0,72.43,0.53,14.44,0.9,16.22
2022,11,13,7,0.48,0.47,0.87,48.23,48.3,6.42,0.03,0.15,2.1,-4.85,-1.38,4.15,67.44,0,72.49,0.52,24.66,0.91,25.91
2022,11,13,8,1.19,1.22,1.77,128.1,132.6,16.89,0.21,1.05,5.71,-1.75,1.98,5.13,64.81,0,72.55,0.15,32.01,0.21,23.75
2022,11,13,9,1.93,1.99,2.55,217.88,224.88,31.61,0.63,3.12,8.06,-2,3.03,5,54.12,0,72.61,1.13,227.25,1.44,227.41
2022,11,13,10,2.4,2.52,3.1,276.3,288.2,41.34,1.05,5.27,9.42,-1.01,4.2,5.25,51.94,0,72.63,2.04,224.84,2.62,225
2022,11,13,11,2.65,2.8,3.39,308.8,321.8,46.8,1.3,6.6,10.26,0.12,5.19,5.68,52.56,0,72.61,2.67,223.22,3.43,223.34
2022,11,13,12,2.46,2.61,3.4,285.15,298.25,41.13,1.12,5.65,10.61,1.02,5.82,5.92,54.06,0,72.55,3.01,222.79,3.86,222.87
2022,11,13,13,2.13,2.35,3.13,243.3,265.15,34.5,0.86,4.3,10.55,1.58,6.06,6.16,56.06,0,72.49,2.9,222.81,3.69,222.85
2022,11,13,14,1.55,1.81,2.6,174.5,201.4,23.59,0.48,2.35,10.23,1.64,5.94,6.16,57.31,0,72.44,2.7,225,3.43,224.91
2022,11,13,15,1.05,1.13,1.83,112.77,122.23,14.41,0.19,0.9,9.46,1.59,5.52,6.1,60.06,0,72.43,2.44,225.39,3.12,225.51
2022,11,13,16,0.41,0.41,0.9,41.92,43.38,5.7,0.03,0.12,8.06,1.97,5.01,6.35,68.25,0,72.43,1.68,223.87,2.2,224.42
2022,11,13,17,0.03,0.02,0.07,1.85,1.88,0.29,0,0,5.82,1.52,3.67,6.16,77.38,0,72.45,0.33,219.29,0.44,217.07
2022,11,13,18,0,0,0,0,0,0,0,0,3.76,0.94,2.35,5.86,85.38,0,72.48,0.55,46.15,1.03,46.85
2022,11,13,19,0,0,0,0,0,0,0,0,2.98,0.11,1.55,5.55,84.88,0,72.52,0.91,42.9,1.7,42.58
2022,11,13,20,0,0,0,0,0,0,0,0,2.71,-1.16,0.78,5.07,79.06,0,72.57,1.08,37.95,1.92,38.22
2022,11,13,21,0,0,0,0,0,0,0,0,2.91,-2.57,0.17,4.58,70.56,0,72.6,1.07,33.34,1.8,33.83
2022,11,13,22,0,0,0,0,0,0,0,0,3.2,-3.92,-0.36,4.15,62.69,0,72.61,0.98,31.04,1.59,31.5
2022,11,13,23,0,0,0,0,0,0,0,0,3.34,-5.12,-0.89,3.78,56.81,0,72.61,0.82,27.3,1.28,27.97
2022,11,14,0,0,0,0,0,0,0,0,0,3.84,-6.33,-1.24,3.48,50,0,72.6,0.72,27.12,1.09,26.93
2022,11,14,1,0,0,0,0,0,0,0,0,3.58,-7.09,-1.75,3.23,48,0,72.58,0.61,31.85,0.99,32.05
2022,11,14,2,0,0,0,0,0,0,0,0,3.44,-7.01,-1.79,3.23,48.56,0,72.56,0.54,33.69,0.91,33.83
2022,11,14,3,0,0,0,0,0,0,0,0,3.64,-7.06,-1.71,3.23,47.06,0,72.55,0.43,36.87,0.71,36.49
2022,11,14,4,0,0,0,0,0,0,0,0,3.79,-7.52,-1.87,3.05,44.19,0,72.56,0.39,41.73,0.57,40.52
2022,11,14,5,0,0,0,0,0,0,0,0,3.19,-7.49,-2.15,3.05,45.88,0,72.59,0.41,39.52,0.57,38.9
2022,11,14,6,0,0,0,0,0,0,0,0,2.12,-7,-2.45,3.11,51.12,0,72.63,0.43,41.28,0.7,40.95
2022,11,14,7,0.39,0.39,0.85,40.88,41.2,5.82,0.02,0.12,3.01,-5.67,-1.33,3.48,53.94,0,72.69,0.45,45,0.75,44.16
2022,11,14,8,1.08,1.16,1.76,120.98,130.4,16.38,0.21,1.02,6.58,-2.03,2.27,4.76,57.06,0,72.75,0.13,100.01,0.26,75.96
2022,11,14,9,1.63,1.87,2.53,189.6,216,27.27,0.55,2.73,8.94,-3.12,2.91,4.33,44.19,0,72.79,1.28,225.74,1.65,225.38
2022,11,14,10,2.04,2.39,3.09,242.55,277.62,35.76,0.91,4.6,10.03,-1.62,4.21,4.82,45.69,0,72.78,2.23,229.68,2.87,229.64
2022,11,14,11,2.27,2.66,3.38,269.92,310.02,40.2,1.13,5.88,10.76,-0.24,5.26,5.37,48.25,0,72.73,2.8,230.77,3.6,230.89
2022,11,14,12,2.02,2.44,3.39,238.2,280.67,33.59,0.91,4.7,11.02,0.8,5.91,5.8,51.25,0,72.65,3.1,230.62,3.99,230.64
2022,11,14,13,1.78,2.18,3.12,208.35,248.85,28.66,0.71,3.6,10.94,1.61,6.27,6.16,54.62,0,72.57,3.21,231.03,4.13,231.14
2022,11,14,14,1.32,1.67,2.58,150.52,187.02,19.91,0.4,1.98,10.51,2.05,6.28,6.35,58.12,0,72.52,3.14,233.7,4.06,233.68
2022,11,14,15,0.87,1.02,1.82,94.58,111.52,11.94,0.16,0.77,9.71,2.24,5.98,6.47,62.31,0,72.49,2.74,234.18,3.56,234.29
2022,11,14,16,0.37,0.37,0.89,38.73,39.95,5.33,0.02,0.12,8.34,2.69,5.51,6.71,70.75,0,72.48,1.93,230.91,2.58,231.15
2022,11,14,17,0.03,0.02,0.07,1.62,1.7,0.26,0,0,6.09,2.61,4.35,6.65,81.88,0,72.49,0.6,223.94,0.87,222.45
2022,11,14,18,0,0,0,0,0,0,0,0,4.3,2.13,3.22,6.35,89,0,72.52,0.27,36.87,0.45,40.82
2022,11,14,19,0,0,0,0,0,0,0,0,3.59,1.47,2.53,6.1,89.56,0,72.56,0.5,34.19,0.84,33.99
2022,11,14,20,0,0,0,0,0,0,0,0,3.51,0.64,2.07,5.74,85.12,0,72.59,0.52,27.72,0.84,26.57
2022,11,14,21,0,0,0,0,0,0,0,0,3.37,0.03,1.7,5.49,82,0,72.61,0.46,14.74,0.72,13.13
2022,11,14,22,0,0,0,0,0,0,0,0,3.03,-0.4,1.32,5.31,81.12,0,72.61,0.42,3.18,0.68,1.32
2022,11,14,23,0,0,0,0,0,0,0,0,2.87,-0.81,1.02,5.13,79.5,0,72.59,0.4,354.4,0.63,351.47
2022,11,15,0,0,0,0,0,0,0,0,0,2.79,-1.21,0.79,5,77.69,0,72.57,0.38,347.99,0.56,343.07
2022,11,15,1,0,0,0,0,0,0,0,0,2.47,-1.5,0.48,4.88,77.75,0,72.55,0.36,343.54,0.54,337.89
2022,11,15,2,0,0,0,0,0,0,0,0,2.02,-1.74,0.14,4.82,78.81,0,72.53,0.35,347.2,0.53,342.1
2022,11,15,3,0,0,0,0,0,0,0,0,1.63,-1.93,-0.15,4.7,79.81,0,72.51,0.4,6.71,0.62,4.34
2022,11,15,4,0,0,0,0,0,0,0,0,1.28,-2.19,-0.45,4.64,80.25,0,72.51,0.48,19.9,0.8,20.03
2022,11,15,5,0,0,0,0,0,0,0,0,1.12,-2.58,-0.73,4.52,79,0,72.53,0.55,26.93,0.95,26.77
2022,11,15,6,0,0,0,0,0,0,0,0,1.15,-3.01,-0.93,4.33,76.38,0,72.57,0.67,33.5,1.15,33.69
2022,11,15,7,0.49,0.48,0.83,51.23,51.35,6.44,0.03,0.12,2.08,-2.38,-0.15,4.64,76,0,72.63,0.66,37.28,1.26,37.44
2022,11,15,8,1.18,1.19,1.74,130.05,133.2,16.88,0.21,1.02,5.88,-0.24,2.83,5.55,69.62,0,72.68,0.37,52.65,0.65,47.91
2022,11,15,9,1.86,1.9,2.52,211.88,217.5,29.95,0.59,2.9,8.62,-1.63,3.49,5,52.31,0,72.72,1.15,232.98,1.49,232.89
2022,11,15,10,2.32,2.41,3.07,267.83,277.48,39.02,0.98,4.88,9.92,-0.18,4.87,5.62,53.75,0,72.71,2.47,231.54,3.21,231.62
2022,11,15,11,2.37,2.65,3.36,275,305.4,40.66,1.11,5.62,10.62,1.19,5.9,6.23,56.69,0,72.66,3.04,228.86,3.94,228.94
2022,11,15,12,2.45,2.68,3.38,288.15,311.58,42.68,1.18,5.98,10.83,2.3,6.56,6.71,60.25,0,72.6,3.3,227.78,4.26,227.9
2022,11,15,13,1.98,2.35,3.1,234.23,273.3,33.66,0.84,4.25,10.61,3.11,6.86,7.08,64.38,0,72.54,3.3,227.59,4.25,227.61
2022,11,15,14,1.38,1.78,2.57,162.67,206.5,22.55,0.45,2.2,10.05,3.52,6.79,7.26,68.5,0,72.48,3.05,228.22,3.93,228.39
2022,11,15,15,0.86,1.08,1.81,96.12,121.3,12.23,0.16,0.77,9.18,3.51,6.35,7.26,72.38,0,72.45,2.64,227.87,3.42,227.96
2022,11,15,16,0.38,0.39,0.88,40.55,42.35,5.67,0.02,0.12,7.87,3.59,5.73,7.32,79.94,0,72.44,2.02,224.84,2.67,225.12
2022,11,15,17,0.03,0.02,0.06,1.58,1.65,0.25,0,0,5.66,3.85,4.76,7.51,95.25,0,72.44,1,215.17,1.44,215.75
2022,11,15,18,0,0,0,0,0,0,0,0,4.13,3.75,3.94,7.45,100,0,72.46,0.14,76.76,0.25,69.86
2022,11,15,19,0,0,0,0,0,0,0,0,3.02,3.19,3.11,7.14,100,0,72.47,0.57,43.9,1.08,42.94
2022,11,15,20,0,0,0,0,0,0,0,0,2.66,2.24,2.45,6.65,100,0,72.48,0.74,37.23,1.37,37.13
2022,11,15,21,0,0,0,0,0,0,0,0,2.51,1.08,1.8,6.1,96.25,0,72.48,0.89,28.37,1.55,29.03
2022,11,15,22,0,0,0,0,0,0,0,0,2.51,-0.18,1.16,5.49,87.12,0,72.46,0.94,23.39,1.59,24.05
2022,11,15,23,0,0,0,0,0,0,0,0,2.52,-1.34,0.59,5,79.19,0,72.44,0.9,21.89,1.48,22.64
2022,11,16,0,0,0,0,0,0,0,0,0,2.62,-2.2,0.21,4.64,73.25,0,72.4,0.84,19.62,1.35,20.75
2022,11,16,1,0,0,0,0,0,0,0,0,2.39,-2.86,-0.24,4.39,70.56,0,72.38,0.75,17.68,1.2,19.03
2022,11,16,2,0,0,0,0,0,0,0,0,2.27,-3.44,-0.59,4.21,68.06,0,72.36,0.69,15.77,1.1,17.28
2022,11,16,3,0,0,0,0,0,0,0,0,2.19,-3.9,-0.85,4.09,66.31,0,72.35,0.62,15.45,0.99,16.01
2022,11,16,4,0,0,0,0,0,0,0,0,2.07,-4.18,-1.06,4.03,65.56,0,72.35,0.55,12.26,0.92,13.68
2022,11,16,5,0,0,0,0,0,0,0,0,1.87,-4.24,-1.18,3.97,65.88,0,72.37,0.58,14.78,0.97,16.39
2022,11,16,6,0,0,0,0,0,0,0,0,1.57,-4.3,-1.37,3.91,66.75,0,72.42,0.62,17.53,1.05,19.11
2022,11,16,7,0.46,0.46,0.81,46.55,46.8,6.07,0.02,0.12,2.5,-3.31,-0.41,4.27,67.88,0,72.47,0.63,18.89,1.07,20.56
2022,11,16,8,1.12,1.15,1.73,118.45,122.48,15.23,0.19,0.92,5.71,-0.75,2.48,5.31,67.31,0,72.52,0.22,347.47,0.38,356.5
2022,11,16,9,1.89,1.94,2.5,212.02,217.6,30.31,0.61,3,7.77,-0.35,3.71,5.62,62,0,72.56,1.43,234.57,1.81,234.46
2022,11,16,10,2.4,2.48,3.06,274.58,281.85,40.71,1.03,5.15,9.01,0.49,4.75,6.04,60.94,0,72.57,2.34,232.33,3.01,232.27
2022,11,16,11,2.53,2.74,3.35,293.4,313.88,43.96,1.23,6.3,9.76,1.4,5.58,6.41,61.31,0,72.53,2.91,229.9,3.75,229.9
2022,11,16,12,2.4,2.66,3.36,280.23,305.8,41.39,1.16,5.92,10.01,2.3,6.15,6.77,63.75,0,72.46,3.27,228.58,4.21,228.68
2022,11,16,13,1.98,2.39,3.09,227.9,268.85,32.94,0.84,4.3,9.74,2.86,6.3,6.96,66.94,0,72.39,3.25,229.38,4.18,229.32
2022,11,16,14,1.48,1.84,2.56,165.85,203.2,22.98,0.47,2.33,9.23,2.91,6.07,6.96,69.25,0,72.35,3.01,230.48,3.86,230.51
2022,11,16,15,0.89,1.1,1.8,93.85,116.35,11.96,0.16,0.77,8.37,2.63,5.5,6.84,71.75,0,72.32,2.54,229.11,3.27,228.88
2022,11,16,16,0.39,0.38,0.87,38.55,38.73,5.4,0.02,0.12,7.05,2.4,4.73,6.71,77.31,0,72.31,1.83,225.87,2.38,225.66
2022,11,16,17,0.03,0.02,0.06,1.48,1.5,0.23,0,0,5,2.34,3.67,6.71,89.06,0,72.31,0.78,212.25,1.09,211.53
2022,11,16,18,0,0,0,0,0,0,0,0,3.05,2.12,2.59,6.59,100,0,72.33,0.21,70.91,0.43,66.67
2022,11,16,19,0,0,0,0,0,0,0,0,1.98,1.37,1.67,6.29,100,0,72.36,0.53,43.19,1.06,42.3
2022,11,16,20,0,0,0,0,0,0,0,0,1.5,0.22,0.86,5.74,97.94,0,72.39,0.71,44.1,1.41,43.21
2022,11,16,21,0,0,0,0,0,0,0,0,1.51,-1.06,0.23,5.19,88.19,0,72.41,0.77,41.3,1.43,40.57
2022,11,16,22,0,0,0,0,0,0,0,0,1.75,-2.03,-0.14,4.76,80.06,0,72.41,0.7,41.85,1.24,40.64
2022,11,16,23,0,0,0,0,0,0,0,0,1.83,-2.69,-0.43,4.58,75.75,0,72.39,0.61,42.42,1.05,41.39
2022,11,17,0,0,0,0,0,0,0,0,0,1.57,-3.2,-0.81,4.39,74.12,0,72.37,0.52,40.14,0.91,39.05
2022,11,17,1,0,0,0,0,0,0,0,0,1.35,-3.66,-1.15,4.21,72.62,0,72.34,0.45,35.88,0.8,35.86
2022,11,17,2,0,0,0,0,0,0,0,0,1.15,-4.19,-1.52,4.03,70.69,0,72.32,0.43,30.26,0.76,30.76
2022,11,17,3,0,0,0,0,0,0,0,0,0.92,-4.7,-1.89,3.91,69.31,0,72.29,0.47,29.15,0.81,30.02
2022,11,17,4,0,0,0,0,0,0,0,0,0.96,-5.32,-2.18,3.72,65.94,0,72.27,0.51,26.18,0.86,27.49
2022,11,17,5,0,0,0,0,0,0,0,0,0.97,-5.98,-2.51,3.54,62.88,0,72.27,0.61,23.29,0.98,24.93
2022,11,17,6,0,0,0,0,0,0,0,0,1.41,-7.17,-2.88,3.23,55.44,0,72.3,0.75,22.57,1.11,23.3
2022,11,17,7,0.43,0.43,0.8,43.2,43.38,5.78,0.02,0.12,1.88,-6.61,-2.37,3.48,57.19,0,72.35,0.71,21.22,1.08,21.19
2022,11,17,8,1.14,1.15,1.71,121.45,124.48,15.86,0.19,0.92,4.42,-3.16,0.63,4.58,63.5,0,72.41,0.39,348.47,0.57,351.31
2022,11,17,9,1.81,1.89,2.49,202.02,211,28.64,0.55,2.73,6.38,-2.21,2.08,5.19,62.75,0,72.45,1.38,244.89,1.76,245.03
2022,11,17,10,2.21,2.4,3.04,251.25,269.83,36.45,0.9,4.52,7.69,-1.22,3.24,5.62,61.75,0,72.46,2.26,236.59,2.89,236.78
2022,11,17,11,2.55,2.69,3.33,291.35,303.92,43.26,1.16,5.88,8.53,-0.17,4.18,5.92,61.62,0,72.42,2.85,232.57,3.7,232.72
2022,11,17,12,2.28,2.56,3.35,261.45,288.7,37.83,1.02,5.15,8.93,0.82,4.87,6.23,63.06,0,72.37,3.21,230.14,4.16,230.18
2022,11,17,13,1.79,2.25,3.08,198.6,246.17,27.55,0.66,3.38,8.89,1.62,5.25,6.47,65.75,0,72.32,3.3,228.65,4.27,228.71
2022,11,17,14,1.38,1.68,2.55,149.08,177.38,19.31,0.38,1.85,8.52,2.12,5.32,6.59,68.88,0,72.27,3.16,228.11,4.09,228.09
2022,11,17,15,0.86,0.96,1.79,86.25,97.08,10.77,0.13,0.65,7.84,2.35,5.1,6.65,72.56,0,72.25,2.79,227.15,3.63,227.27
2022,11,17,16,0.33,0.33,0.86,33.02,33.65,4.56,0.02,0.1,6.65,2.56,4.61,6.71,79.44,0,72.25,2.26,225.42,3.01,225.53
2022,11,17,17,0.03,0.01,0.06,1.3,1.3,0.2,0,0,4.19,3.14,3.66,7.02,98.25,0,72.26,1.01,220.31,1.61,220.48
2022,11,17,18,0,0,0,0,0,0,0,0,3.32,3.28,3.3,7.08,100,0,72.3,0.22,232.31,0.42,223.49
2022,11,17,19,0,0,0,0,0,0,0,0,2.79,3.14,2.97,7.02,100,0,72.35,0.21,36.03,0.41,37.97
2022,11,17,20,0,0,0,0,0,0,0,0,2.3,2.76,2.52,6.84,100,0,72.4,0.43,42.06,0.83,41.95
2022,11,17,21,0,0,0,0,0,0,0,0,1.99,2.12,2.06,6.53,100,0,72.43,0.67,41.69,1.16,41.99
2022,11,17,22,0,0,0,0,0,0,0,0,1.92,1.4,1.66,6.23,100,0,72.44,0.78,45.41,1.26,45.5
2022,11,17,23,0,0,0,0,0,0,0,0,1.88,0.68,1.28,5.92,98.5,0,72.42,0.75,48.37,1.22,49.16
2022,11,18,0,0,0,0,0,0,0,0,0,1.96,0.01,0.98,5.68,93.44,0,72.4,0.71,45.44,1.12,46.41
2022,11,18,1,0,0,0,0,0,0,0,0,1.82,-0.64,0.58,5.43,90.25,0,72.38,0.68,35.69,1.09,37.44
2022,11,18,2,0,0,0,0,0,0,0,0,1.48,-1.32,0.08,5.19,88.31,0,72.35,0.73,27.93,1.2,28.91
2022,11,18,3,0,0,0,0,0,0,0,0,1.03,-2.13,-0.56,4.94,86.56,0,72.33,0.86,23.54,1.44,23.65
2022,11,18,4,0,0,0,0,0,0,0,0,0.78,-2.89,-1.06,4.7,83.75,0,72.32,1.01,18.58,1.71,18.93
2022,11,18,5,0,0,0,0,0,0,0,0,0.42,-3.65,-1.61,4.39,81.44,0,72.34,1.13,16.81,1.98,17.22
2022,11,18,6,0,0,0,0,0,0,0,0,0.04,-4.41,-2.18,4.15,78.94,0,72.4,1.23,17.05,2.19,17.85
2022,11,18,7,0.39,0.39,0.78,39.12,39.33,5.32,0.02,0.1,0.84,-3.93,-1.54,4.27,76.88,0,72.47,1.17,17.83,2.24,18.31
2022,11,18,8,1.04,1.05,1.7,107.25,110.33,13.68,0.16,0.83,5.05,-1.42,1.82,5.19,68.94,0,72.53,1.31,17.03,1.99,17.09
2022,11,18,9,1.75,1.8,2.47,192.2,198.45,26.76,0.53,2.6,8.26,-2.05,3.11,5,53,0,72.57,0.5,337.04,0.64,336.89
2022,11,18,10,2.15,2.33,3.03,242.83,260.33,34.82,0.87,4.38,10.01,-1.39,4.31,5.37,50.81,0,72.59,1.28,239.52,1.68,238.9
2022,11,18,11,2.54,2.66,3.32,291.77,302.48,43.38,1.2,6.1,10.81,-0.56,5.13,5.8,51.75,0,72.56,2.31,236.31,3.03,235.94
2022,11,18,12,2.48,2.6,3.33,285.95,297.4,42.02,1.16,5.9,11.1,0.56,5.83,6.16,54.44,0,72.52,2.81,235.43,3.68,235.2
2022,11,18,13,2.07,2.35,3.07,236.05,263.35,33.81,0.85,4.3,11.1,1.3,6.19,6.47,56.88,0,72.46,2.91,235.16,3.82,234.91
2022,11,18,14,1.58,1.84,2.54,177.77,203.83,24.52,0.5,2.45,10.72,1.62,6.16,6.59,59.44,0,72.42,2.81,235.43,3.72,235.01
2022,11,18,15,1.07,1.15,1.78,114.4,124.38,14.88,0.2,0.95,9.81,1.72,5.76,6.65,63.44,0,72.42,2.62,235.55,3.52,235.22
2022,11,18,16,0.42,0.42,0.85,42.55,43.95,5.87,0.03,0.12,8.19,2.02,5.1,6.71,72,0,72.44,2.11,237.07,2.92,236.56
2022,11,18,17,0.03,0.02,0.06,1.45,1.58,0.23,0,0,5.26,3.05,4.15,7.02,91.81,0,72.48,0.81,240.73,1.46,240.41
2022,11,18,18,0,0,0,0,0,0,0,0,4.21,2.65,3.43,6.9,96.81,0,72.52,0.37,300.34,0.6,304.32
2022,11,18,19,0,0,0,0,0,0,0,0,3.53,2.05,2.79,6.65,98.06,0,72.57,0.56,14.42,1.06,17.5
2022,11,18,20,0,0,0,0,0,0,0,0,3.55,1.19,2.37,6.29,92.62,0,72.6,0.71,25.44,1.22,27.06
2022,11,18,21,0,0,0,0,0,0,0,0,3.72,0.37,2.05,5.92,86.75,0,72.64,0.6,25.56,0.97,27.18
2022,11,18,22,0,0,0,0,0,0,0,0,3.88,-0.3,1.8,5.68,81.94,0,72.65,0.58,28.3,0.91,30.96
2022,11,18,23,0,0,0,0,0,0,0,0,3.83,-0.97,1.43,5.43,78.56,0,72.63,0.65,35.78,0.99,36.69
2022,11,19,0,0,0,0,0,0,0,0,0,3.62,-1.66,0.98,5.19,75.88,0,72.63,0.63,41.46,0.97,41.1
2022,11,19,1,0,0,0,0,0,0,0,0,3.08,-2.24,0.42,4.94,75.31,0,72.63,0.56,45.57,0.96,44.34
2022,11,19,2,0,0,0,0,0,0,0,0,3.05,-2.85,0.1,4.7,71.94,0,72.61,0.66,42.59,1.12,42.17
2022,11,19,3,0,0,0,0,0,0,0,0,3.09,-3.42,-0.17,4.46,68.38,0,72.59,0.8,31.35,1.31,32.08
2022,11,19,4,0,0,0,0,0,0,0,0,3.17,-4.08,-0.45,4.21,64.25,0,72.57,0.92,28.53,1.48,29.82
2022,11,19,5,0,0,0,0,0,0,0,0,3.17,-4.74,-0.79,4.03,60.69,0,72.59,0.87,27.95,1.4,28.99
2022,11,19,6,0,0,0,0,0,0,0,0,3.79,-5.46,-0.84,3.72,54.5,0,72.64,0.86,25.4,1.32,26.26
2022,11,19,7,0.5,0.5,0.76,52.2,52.67,6.38,0.02,0.12,4.7,-4.77,-0.03,3.97,53.94,0,72.68,0.77,26.57,1.21,27.72
2022,11,19,8,1.29,1.31,1.68,144.02,148.85,19.21,0.23,1.1,7.82,-1.1,3.37,5.31,58.31,0,72.73,0.43,25.64,0.71,26.28
2022,11,19,9,2.03,2.07,2.46,234.7,239.85,34.59,0.68,3.33,10.28,-0.83,4.73,5.31,49.5,0,72.79,1.01,229.4,1.28,229.7
2022,11,19,10,2.54,2.58,3.01,296.27,300.7,45.1,1.12,5.6,11.3,0.52,5.9,5.86,51,0,72.81,2.14,228.26,2.76,228.33
2022,11,19,11,2.79,2.85,3.3,328.35,332.88,50.62,1.41,7.08,12.03,1.65,6.84,6.35,52.56,0,72.76,2.49,225.64,3.21,225.69
2022,11,19,12,2.61,2.79,3.32,309.55,327.6,47.75,1.32,6.65,12.39,2.68,7.54,6.77,54.88,0,72.69,2.87,224.78,3.71,224.74
2022,11,19,13,2.45,2.54,3.05,288.1,297.55,43.77,1.11,5.52,12.21,3.51,7.86,7.14,58.44,0,72.62,3.05,226.04,3.93,226.13
2022,11,19,14,1.83,2.03,2.53,215.05,235.88,31.28,0.63,3.1,11.62,3.94,7.78,7.32,62.38,0,72.58,2.86,228.21,3.69,228.18
2022,11,19,15,1.32,1.34,1.77,151.23,155.1,20.62,0.27,1.3,10.74,4.11,7.42,7.39,66.56,0,72.56,2.25,228.95,2.89,228.95
2022,11,19,16,0.52,0.53,0.84,56.73,59.05,7.12,0.03,0.15,9.42,4.37,6.9,7.51,74.06,0,72.54,1.26,221.99,1.64,221.72
2022,11,19,17,0.03,0.02,0.05,1.67,1.77,0.27,0,0,6.86,4.14,5.5,7.39,86.5,0,72.52,0.21,155.38,0.32,147.09
2022,11,19,18,0,0,0,0,0,0,0,0,5.35,3.66,4.51,7.14,92.56,0,72.54,0.47,51.79,0.82,51.93
2022,11,19,19,0,0,0,0,0,0,0,0,4.9,2.74,3.82,6.77,90.62,0,72.57,0.63,46.01,1.08,45
2022,11,19,20,0,0,0,0,0,0,0,0,4.7,1.53,3.12,6.29,85.44,0,72.6,0.57,46.1,0.98,44.36
2022,11,19,21,0,0,0,0,0,0,0,0,4.58,0.41,2.49,5.86,80.25,0,72.63,0.42,38.99,0.71,37.38
2022,11,19,22,0,0,0,0,0,0,0,0,4.32,-0.63,1.84,5.43,76.25,0,72.65,0.36,30.96,0.63,29.74
2022,11,19,23,0,0,0,0,0,0,0,0,3.94,-1.63,1.16,5.07,72.69,0,72.64,0.37,23.84,0.65,23.2
2022,11,20,0,0,0,0,0,0,0,0,0,3.66,-2.62,0.52,4.64,68.31,0,72.61,0.47,27.85,0.82,27.3
2022,11,20,1,0,0,0,0,0,0,0,0,3.8,-3.57,0.12,4.33,62.44,0,72.58,0.64,31.93,1.07,31.61
2022,11,20,2,0,0,0,0,0,0,0,0,3.63,-4.65,-0.51,3.97,58.12,0,72.54,0.71,32.81,1.22,32.67
2022,11,20,3,0,0,0,0,0,0,0,0,3.55,-5.78,-1.12,3.6,53.5,0,72.51,0.69,31.18,1.18,30.96
2022,11,20,4,0,0,0,0,0,0,0,0,3.33,-6.65,-1.66,3.36,50.31,0,72.5,0.57,24.12,0.99,24.15
2022,11,20,5,0,0,0,0,0,0,0,0,3.26,-7.27,-2,3.17,47.38,0,72.53,0.49,20.45,0.84,20.62
2022,11,20,6,0,0,0,0,0,0,0,0,3.48,-7.92,-2.22,2.93,43.62,0,72.57,0.45,27.9,0.73,27.93
2022,11,20,7,0.45,0.44,0.74,46.98,47.08,6.02,0.02,0.12,4.05,-6.83,-1.39,3.23,46.25,0,72.62,0.36,25.46,0.6,25.24
2022,11,20,8,1.27,1.3,1.67,145.77,150.73,19.98,0.23,1.17,7.22,-1.72,2.75,4.94,56.56,0,72.68,0.12,11.31,0.22,10.12
2022,11,20,9,1.98,2.04,2.44,231.67,238.9,34.75,0.69,3.38,9.79,-2.74,3.53,4.64,44.44,0,72.72,1.08,236.2,1.44,235.62
2022,11,20,10,2.44,2.55,3,289.73,299.83,44.74,1.13,5.65,10.94,-1.6,4.67,5.07,45,0,72.74,2.22,234.58,2.9,234.21
2022,11,20,11,2.69,2.82,3.29,319.8,330.8,49.34,1.38,6.9,11.58,-0.11,5.73,5.62,48,0,72.7,2.74,231.37,3.54,231.18
2022,11,20,12,2.74,2.8,3.31,325.45,329.4,49.72,1.38,6.98,11.85,1.15,6.5,6.16,51.56,0,72.63,3.05,230.72,3.92,230.57
2022,11,20,13,2.38,2.54,3.04,281.15,296.92,42.18,1.06,5.33,11.7,2.23,6.97,6.65,56.06,0,72.56,3.07,231.93,3.94,231.84
2022,11,20,14,1.86,2.03,2.52,217.6,236.8,31.44,0.63,3.1,11.26,2.92,7.09,6.96,60.5,0,72.5,2.82,234.37,3.63,234.29
2022,11,20,15,1.33,1.34,1.76,151.25,154.98,20.15,0.25,1.25,10.49,3.15,6.82,7.08,64.69,0,72.46,2.34,235.46,3.02,235.53
2022,11,20,16,0.54,0.53,0.84,58.48,58.95,7.01,0.03,0.15,9.07,3.44,6.25,7.32,73.44,0,72.44,1.64,232.15,2.18,232.56
2022,11,20,17,0.03,0.02,0.05,1.62,1.73,0.26,0,0,6.54,3.23,4.88,7.2,85.94,0,72.44,0.38,230.04,0.57,227.2
2022,11,20,18,0,0,0,0,0,0,0,0,4.44,2.63,3.54,6.9,95.56,0,72.45,0.39,31.16,0.62,32.69
2022,11,20,19,0,0,0,0,0,0,0,0,3.77,1.66,2.72,6.53,94.69,0,72.48,0.53,25.07,0.91,25.46
2022,11,20,20,0,0,0,0,0,0,0,0,3.44,0.62,2.03,6.1,90.25,0,72.5,0.6,17.49,0.99,16.44
2022,11,20,21,0,0,0,0,0,0,0,0,3.19,-0.26,1.47,5.68,85.69,0,72.51,0.61,9.58,1,7.62
2022,11,20,22,0,0,0,0,0,0,0,0,2.82,-0.91,0.95,5.31,82.62,0,72.52,0.65,6.95,1.08,5.83
2022,11,20,23,0,0,0,0,0,0,0,0,2.42,-1.57,0.42,5,79.81,0,72.51,0.71,6.34,1.22,6.99
2022,11,21,0,0,0,0,0,0,0,0,0,2.13,-2.18,-0.02,4.7,77.06,0,72.49,0.78,5.77,1.37,6.88
2022,11,21,1,0,0,0,0,0,0,0,0,2,-2.82,-0.42,4.46,73.75,0,72.47,0.84,6.93,1.48,8.52
2022,11,21,2,0,0,0,0,0,0,0,0,2,-3.49,-0.74,4.27,69.81,0,72.44,0.9,9.54,1.57,11.2
2022,11,21,3,0,0,0,0,0,0,0,0,1.87,-3.99,-1.06,4.03,67.25,0,72.4,1.05,21.01,1.88,23.57
2022,11,21,4,0,0,0,0,0,0,0,0,1.77,-4.66,-1.44,3.85,64.12,0,72.37,1.17,24,2.08,26.08
2022,11,21,5,0,0,0,0,0,0,0,0,1.79,-5.35,-1.78,3.6,60.62,0,72.37,1.23,25.26,2.14,27.13
2022,11,21,6,0,0,0,0,0,0,0,0,1.88,-5.99,-2.06,3.48,57.25,0,72.41,1.23,26.89,2.11,28.08
2022,11,21,7,0.45,0.45,0.72,48.27,48.55,5.84,0.02,0.1,2.89,-5.09,-1.1,3.78,58.31,0,72.48,1.09,26.93,1.93,28.33
2022,11,21,8,1.22,1.24,1.65,136.73,141.08,17.84,0.21,1.05,6.8,-0.19,3.31,5.68,66.88,0,72.54,0.61,26.57,1.17,27.94
2022,11,21,9,1.91,1.95,2.43,220.75,226.58,31.53,0.62,3.05,10.21,-1.96,4.12,4.94,46.19,0,72.59,0.67,266.67,0.87,267.42
2022,11,21,10,2.39,2.47,2.98,280.2,287.73,41.41,1.03,5.15,11.55,-1.24,5.15,5.25,44.69,0,72.61,2,246.95,2.58,246.85
2022,11,21,11,2.68,2.74,3.28,315.77,321,47.38,1.32,6.67,12.3,-0.04,6.13,5.68,46.38,0,72.57,2.66,240.88,3.46,240.83
2022,11,21,12,2.71,2.74,3.29,318.48,320.25,47.63,1.34,6.73,12.65,0.98,6.81,6.16,48.69,0,72.51,3.06,238.58,3.96,238.78
2022,11,21,13,2.26,2.47,3.03,265.17,286.3,39.09,1,5.05,12.55,1.79,7.17,6.53,51.94,0,72.45,3.14,239.48,4.08,239.6
2022,11,21,14,1.83,1.96,2.51,212.7,227.6,30.67,0.63,3.1,12.11,2.26,7.19,6.77,55.31,0,72.4,2.95,241.87,3.85,242.19
2022,11,21,15,1.23,1.27,1.76,138.48,144.65,18.57,0.24,1.2,11.22,2.57,6.89,6.9,60.12,0,72.37,2.44,244.34,3.19,244.5
2022,11,21,16,0.51,0.52,0.88,54.5,56.4,6.98,0.03,0.17,9.67,3.25,6.46,7.32,70.31,0,72.35,1.45,245.1,1.96,245.99
2022,11,21,17,0,0,0,0,0,0,0,0,6.71,3.1,4.9,7.14,84.38,0,72.35,0.28,311.63,0.48,307.79
2022,11,21,18,0,0,0,0,0,0,0,0,4.92,1.83,3.37,6.59,87.88,0,72.38,0.64,7.73,1.15,8.57
2022,11,21,19,0,0,0,0,0,0,0,0,4.64,0.44,2.54,6.04,82.31,0,72.41,0.75,6.6,1.32,7.84
2022,11,21,20,0,0,0,0,0,0,0,0,4.61,-0.87,1.87,5.55,75.62,0,72.44,0.72,2.49,1.23,3.28
2022,11,21,21,0,0,0,0,0,0,0,0,4.56,-1.88,1.34,5.13,70.62,0,72.47,0.66,351.77,1.08,352.51
2022,11,21,22,0,0,0,0,0,0,0,0,4.48,-2.62,0.93,4.88,67.06,0,72.48,0.59,346.33,0.97,346.52
2022,11,21,23,0,0,0,0,0,0,0,0,4.12,-3.27,0.42,4.58,65.25,0,72.48,0.54,351.63,0.89,351.44
2022,11,22,0,0,0,0,0,0,0,0,0,3.84,-3.97,-0.06,4.33,62.69,0,72.46,0.53,354.96,0.91,355.56
2022,11,22,1,0,0,0,0,0,0,0,0,3.83,-4.66,-0.42,4.09,59,0,72.44,0.58,356.91,0.96,356.25
2022,11,22,2,0,0,0,0,0,0,0,0,3.58,-5.08,-0.75,3.91,57.62,0,72.41,0.56,355.17,0.93,354.72
2022,11,22,3,0,0,0,0,0,0,0,0,3.28,-5.38,-1.05,3.78,57.12,0,72.39,0.5,354.64,0.86,354.76
2022,11,22,4,0,0,0,0,0,0,0,0,3.07,-5.7,-1.32,3.72,56.31,0,72.38,0.48,358.12,0.81,358.35
2022,11,22,5,0,0,0,0,0,0,0,0,2.8,-6.04,-1.62,3.6,55.62,0,72.4,0.49,7.35,0.83,6.99
2022,11,22,6,0,0,0,0,0,0,0,0,2.94,-6.49,-1.77,3.42,52.81,0,72.45,0.57,16.7,0.93,15.68
2022,11,22,7,0.42,0.42,0.71,44.67,45.05,5.56,0.02,0.1,3.32,-5.47,-1.07,3.72,56.25,0,72.51,0.55,21.8,0.94,20.39
2022,11,22,8,1.19,1.21,1.64,133.75,137.75,17.72,0.21,1.05,6.82,-0.4,3.21,5.62,65.69,0,72.56,0.27,19.98,0.53,18.17
2022,11,22,9,1.88,1.93,2.41,216.52,223.62,31.34,0.62,3.08,10.21,-2.02,4.09,4.94,46.44,0,72.61,0.87,241.59,1.17,241.39
2022,11,22,10,2.32,2.45,2.97,272.5,285.2,40.84,1.04,5.23,11.79,-1.47,5.15,5.19,43.56,0,72.63,2.42,237.39,3.18,237.25
2022,11,22,11,2.59,2.73,3.26,305.65,318.12,46.25,1.3,6.58,12.33,-0.35,6,5.62,45.5,0,72.6,2.93,236.31,3.81,236.28
2022,11,22,12,2.54,2.69,3.28,301.73,315.3,45.33,1.27,6.45,12.55,0.51,6.53,5.98,47.62,0,72.53,3.16,237.41,4.1,237.46
2022,11,22,13,2.31,2.44,3.02,271.23,283.92,40.17,1.03,5.2,12.42,1.12,6.77,6.23,50,0,72.45,3.19,239.98,4.14,240.09
2022,11,22,14,1.7,1.91,2.5,198.65,221.23,28.02,0.57,2.83,11.97,1.44,6.7,6.35,52.69,0,72.39,3.03,243.37,3.95,243.43
2022,11,22,15,1.22,1.24,1.75,137.27,141.42,18.12,0.23,1.15,11.08,1.71,6.39,6.47,56.88,0,72.36,2.54,246.04,3.34,246.26
2022,11,22,16,0.51,0.5,0.87,54.75,55.02,6.93,0.03,0.15,9.48,2.72,6.1,7.02,68.56,0,72.34,1.63,248.96,2.24,249.79
2022,11,22,17,0,0,0,0,0,0,0,0,6.49,2.34,4.41,6.77,81.19,0,72.35,0.5,290.97,0.82,291.9
2022,11,22,18,0,0,0,0,0,0,0,0,4.65,1.24,2.94,6.29,85.19,0,72.38,0.63,358.57,1.1,353.88
2022,11,22,19,0,0,0,0,0,0,0,0,4.23,0.07,2.15,5.8,81.25,0,72.42,0.71,1.89,1.25,358.57
2022,11,22,20,0,0,0,0,0,0,0,0,4.21,-1.1,1.55,5.37,75.12,0,72.46,0.71,358.74,1.21,355.94
2022,11,22,21,0,0,0,0,0,0,0,0,4.26,-2.15,1.05,4.94,69.5,0,72.48,0.69,350.86,1.16,347.55
2022,11,22,22,0,0,0,0,0,0,0,0,4.16,-3.08,0.55,4.64,65.38,0,72.48,0.7,345.03,1.16,341.93
2022,11,22,23,0,0,0,0,0,0,0,0,3.84,-3.95,-0.06,4.33,62.75,0,72.47,0.65,338.71,1.09,336.37
2022,11,23,0,0,0,0,0,0,0,0,0,3.46,-4.67,-0.6,4.09,61.06,0,72.45,0.58,331.7,0.99,329.19
2022,11,23,1,0,0,0,0,0,0,0,0,3.23,-5.27,-1.02,3.91,59.38,0,72.43,0.55,326.08,0.94,322.75
2022,11,23,2,0,0,0,0,0,0,0,0,2.96,-5.9,-1.47,3.78,58,0,72.41,0.55,320.19,0.96,315.33
2022,11,23,3,0,0,0,0,0,0,0,0,2.61,-6.6,-2,3.6,57.06,0,72.39,0.55,319.04,0.97,312.71
2022,11,23,4,0,0,0,0,0,0,0,0,2.19,-7.34,-2.57,3.48,56.38,0,72.38,0.55,323.13,0.96,316.66
2022,11,23,5,0,0,0,0,0,0,0,0,2.01,-8.17,-3.08,3.3,54.19,0,72.39,0.57,335.88,0.97,330.54
2022,11,23,6,0,0,0,0,0,0,0,0,1.99,-9,-3.51,3.11,50.94,0,72.43,0.66,346.95,1.08,341.83
2022,11,23,7,0.43,0.42,0.69,44.6,44.77,5.53,0.02,0.1,2.69,-8.1,-2.7,3.3,51.69,0,72.46,0.63,350.07,1.08,347.07
2022,11,23,8,1.2,1.23,1.62,132.38,137.52,17.51,0.22,1.08,6.42,-2.17,2.12,5.13,61.75,0,72.5,0.45,329.89,0.8,331.93
2022,11,23,9,1.92,1.96,2.4,217.15,223.12,31.42,0.64,3.15,10.07,-5.5,2.29,4.03,37.94,0,72.55,1.46,262.61,1.97,263.38
2022,11,23,10,2.4,2.49,2.95,276.17,284.48,41.26,1.07,5.38,11.15,-4.65,3.26,4.27,37.44,0,72.57,2.37,246.48,3.12,246.39
2022,11,23,11,2.63,2.77,3.25,304.52,317.05,46.04,1.33,6.75,11.64,-3.25,4.19,4.7,39.81,0,72.54,2.89,239.14,3.78,239.2
2022,11,23,12,2.6,2.75,3.27,303.23,317.12,45.88,1.33,6.77,11.65,-2.08,4.79,5.07,43,0,72.49,3.11,236.15,4.04,236.13
2022,11,23,13,2.31,2.49,3.01,266.35,283.7,39.51,1.04,5.27,11.36,-1.56,4.9,5.25,45.5,0,72.42,3.05,237.33,3.95,237.44
2022,11,23,14,1.76,1.97,2.49,200.02,221.38,28.35,0.59,2.95,10.73,-1.43,4.65,5.31,47.94,0,72.38,2.74,241.02,3.54,241.12
2022,11,23,15,1.22,1.26,1.74,133.5,139.7,17.63,0.24,1.17,9.78,-1.68,4.05,5.25,50.31,0,72.34,2.06,246.74,2.67,247.26
2022,11,23,16,0.51,0.51,0.86,52.25,53.38,6.68,0.03,0.17,8.33,-1.45,3.44,5.43,57.69,0,72.32,1.15,251.44,1.57,254.09
2022,11,23,17,0,0,0,0,0,0,0,0,5.39,-1.4,2,5.43,69.94,0,72.32,0.41,329.98,0.67,333.14
2022,11,23,18,0,0,0,0,0,0,0,0,3.29,-2.5,0.4,4.88,73.44,0,72.34,0.95,18.73,1.71,18.93
2022,11,23,19,0,0,0,0,0,0,0,0,2.46,-3.81,-0.68,4.39,69.94,0,72.37,1.15,22.02,2.11,22.2
2022,11,23,20,0,0,0,0,0,0,0,0,2.37,-5.52,-1.57,3.85,61.81,0,72.39,1.2,20.56,2.11,20.58
2022,11,23,21,0,0,0,0,0,0,0,0,2.75,-7.31,-2.28,3.36,52.69,0,72.42,1.15,15.36,1.9,15.46
2022,11,23,22,0,0,0,0,0,0,0,0,2.94,-8.64,-2.85,3.05,47,0,72.44,1.02,10.19,1.64,10.18
2022,11,23,23,0,0,0,0,0,0,0,0,3.05,-9.56,-3.25,2.81,42.94,0,72.45,0.88,4.59,1.41,4.76
2022,11,24,0,0,0,0,0,0,0,0,0,3.61,-10.61,-3.5,2.5,37.19,0,72.43,0.86,358.44,1.32,358.31
2022,11,24,1,0,0,0,0,0,0,0,0,3.75,-11.13,-3.69,2.38,34.5,0,72.41,0.91,356.55,1.36,356.38
2022,11,24,2,0,0,0,0,0,0,0,0,3.32,-10.98,-3.83,2.38,35.31,0,72.38,1,1.34,1.53,1.17
2022,11,24,3,0,0,0,0,0,0,0,0,2.11,-10.42,-4.16,2.44,39.5,0,72.34,1.12,9.66,1.82,9.62
2022,11,24,4,0,0,0,0,0,0,0,0,1.44,-10.55,-4.56,2.38,40.31,0,72.31,1.28,11.65,2.18,11.99
2022,11,24,5,0,0,0,0,0,0,0,0,1.01,-10.82,-4.91,2.26,40.38,0,72.3,1.44,13.2,2.57,13.7
2022,11,24,6,0,0,0,0,0,0,0,0,0.33,-10.63,-5.15,2.32,42.88,0,72.32,1.55,14.04,2.9,14.82
2022,11,24,7,0.39,0.39,0.67,38.4,38.52,5.05,0.02,0.1,0.76,-8.85,-4.04,2.75,49.38,0,72.35,1.66,16.13,3.12,16.75
2022,11,24,8,1.14,1.19,1.61,122.17,128.75,16.12,0.2,0.95,5.12,-2.38,1.37,4.88,64.19,0,72.4,2.02,19.42,3.32,18.69
2022,11,24,9,1.84,1.92,2.38,204.05,213.48,29.03,0.58,2.85,9.14,-5.38,1.88,3.66,36.94,0,72.45,2.61,15.99,3.6,15.76
2022,11,24,10,2.37,2.44,2.94,268.08,274.85,39.34,0.98,4.9,11.68,-4.42,3.63,4.15,35.12,0,72.49,2.23,5.83,2.97,5.74
2022,11,24,11,2.7,2.71,3.24,305.73,307,45,1.23,6.23,12.96,-3.45,4.75,4.58,35.5,0,72.47,1.64,341.91,2.14,341.9
2022,11,24,12,2.67,2.78,3.26,310.15,319.1,46.66,1.32,6.7,13.34,-2.26,5.55,5.07,38.38,0,72.42,1.34,310.28,1.76,309.06
2022,11,24,13,2.38,2.55,3,273.52,289.35,41.1,1.06,5.35,13.17,-1.39,5.89,5.43,41.81,0,72.38,1.31,294.58,1.75,292.8
2022,11,24,14,1.81,2.02,2.48,205.85,228.33,29.59,0.62,3.02,12.65,-0.9,5.87,5.74,45.25,0,72.36,1.16,284.78,1.57,283.27
2022,11,24,15,1.28,1.32,1.73,141.2,146.77,18.77,0.25,1.23,11.58,-0.57,5.51,5.86,50,0,72.36,0.92,272.94,1.25,272.15
2022,11,24,16,0.54,0.54,0.86,55.88,56.98,6.93,0.03,0.17,9.53,0.56,5.05,6.29,61.38,0,72.37,0.57,262.87,0.79,263.16
2022,11,24,17,0,0,0,0,0,0,0,0,6.2,0.44,3.32,6.23,76.25,0,72.41,0.14,340.56,0.33,349.22
2022,11,24,18,0,0,0,0,0,0,0,0,4.92,-1.12,1.9,5.62,75.5,0,72.48,0.78,24.25,1.43,23.77
2022,11,24,19,0,0,0,0,0,0,0,0,4.08,-2.15,0.97,5.25,74.69,0,72.56,1.04,26.37,1.91,25.41
2022,11,24,20,0,0,0,0,0,0,0,0,4.17,-3.49,0.33,4.76,67.31,0,72.64,1.1,25.11,1.92,24.58
2022,11,24,21,0,0,0,0,0,0,0,0,4.29,-4.75,-0.24,4.27,60.12,0,72.7,1.15,25.35,1.92,25
2022,11,24,22,0,0,0,0,0,0,0,0,4.23,-5.87,-0.82,3.91,54.69,0,72.73,1.17,25.71,1.95,25.85
2022,11,24,23,0,0,0,0,0,0,0,0,4.05,-6.9,-1.43,3.54,50.5,0,72.75,1.2,25.56,2,25.46
2022,11,25,0,0,0,0,0,0,0,0,0,4.02,-7.99,-1.99,3.23,46,0,72.74,1.19,24.88,1.98,24.95
2022,11,25,1,0,0,0,0,0,0,0,0,4.4,-9.27,-2.43,2.87,40.38,0,72.72,1.09,21.95,1.76,21.9
2022,11,25,2,0,0,0,0,0,0,0,0,5.12,-10.7,-2.79,2.56,34.31,0,72.71,0.96,11.22,1.49,10.6
2022,11,25,3,0,0,0,0,0,0,0,0,5.9,-11.91,-3.01,2.32,29.44,0,72.7,0.91,355.56,1.35,355.35
2022,11,25,4,0,0,0,0,0,0,0,0,5.89,-12.24,-3.17,2.26,28.56,0,72.7,0.9,350.05,1.35,350.32
2022,11,25,5,0,0,0,0,0,0,0,0,5.65,-12.42,-3.38,2.2,27.88,0,72.71,0.98,356.79,1.46,356.63
2022,11,25,6,0,0,0,0,0,0,0,0,5.68,-12.63,-3.48,2.01,26.06,0,72.74,0.98,356.79,1.46,356.92
2022,11,25,7,0.4,0.39,0.66,40.83,41.05,5.04,0.02,0.1,6.23,-11.2,-2.49,2.32,28.44,0,72.78,0.91,358.52,1.37,358.69
2022,11,25,8,1.16,1.19,1.59,128.75,133.65,16.88,0.2,0.98,8.91,-3.88,2.51,4.46,45.69,0,72.84,0.63,345.62,1.01,346.18
2022,11,25,9,1.85,1.92,2.37,212.08,220.15,30.67,0.6,2.98,11.53,-3.57,3.98,4.39,37.56,0,72.88,0.91,267.53,1.23,268.91
2022,11,25,10,2.31,2.44,2.92,269.2,282,40.43,1.02,5.1,12.66,-1.82,5.42,5.07,40.19,0,72.89,1.92,237.28,2.5,237.5
2022,11,25,11,2.61,2.71,3.22,305.52,314.5,46.03,1.29,6.5,13.29,-0.56,6.37,5.49,41.88,0,72.84,2.38,229.79,3.1,229.81
2022,11,25,12,2.7,2.76,3.25,318.25,323.67,48.55,1.38,6.95,13.5,0.48,6.99,5.86,44.19,0,72.79,2.78,227.39,3.62,227.45
2022,11,25,13,2.32,2.49,2.99,272.33,289.65,40.35,1.04,5.23,13.18,1.23,7.2,6.16,47.31,0,72.73,2.8,227.72,3.63,227.7
2022,11,25,14,1.81,1.98,2.47,210.3,229.08,29.95,0.61,3.02,12.55,1.65,7.1,6.29,50.44,0,72.69,2.46,228.47,3.18,228.48
2022,11,25,15,1.26,1.29,1.73,142.67,147.2,18.84,0.24,1.2,11.79,1.89,6.83,6.41,53.75,0,72.65,1.87,228.05,2.42,227.88
2022,11,25,16,0.53,0.53,0.85,56.17,57.15,6.95,0.03,0.15,10.38,2.5,6.44,6.71,62,0,72.63,1.01,223.11,1.36,222.67
2022,11,25,17,0,0,0,0,0,0,0,0,7.47,2.39,4.93,6.65,74.75,0,72.63,0.15,53.75,0.21,61.56
2022,11,25,18,0,0,0,0,0,0,0,0,5.64,1.28,3.46,6.04,77.44,0,72.65,0.64,35.62,1.16,36.25
2022,11,25,19,0,0,0,0,0,0,0,0,5.1,0.4,2.76,5.74,75.75,0,72.67,0.88,28.16,1.57,30.13
2022,11,25,20,0,0,0,0,0,0,0,0,5.21,-0.76,2.23,5.25,69.44,0,72.68,0.94,24.44,1.61,25.94
2022,11,25,21,0,0,0,0,0,0,0,0,5.34,-1.73,1.81,4.88,63.94,0,72.69,0.97,27.18,1.59,28.21
2022,11,25,22,0,0,0,0,0,0,0,0,5.4,-2.55,1.43,4.58,59.56,0,72.68,0.95,28.87,1.52,29.6
2022,11,25,23,0,0,0,0,0,0,0,0,5.1,-3.24,0.93,4.33,57.31,0,72.65,0.92,28.96,1.47,29.56
2022,11,26,0,0,0,0,0,0,0,0,0,5,-4.04,0.48,4.03,53.88,0,72.6,0.95,26.77,1.51,27.36
2022,11,26,1,0,0,0,0,0,0,0,0,4.92,-4.95,-0.02,3.72,50.25,0,72.56,1.01,21.8,1.59,22.17
2022,11,26,2,0,0,0,0,0,0,0,0,4.81,-5.94,-0.56,3.48,46.81,0,72.53,1.07,17.9,1.68,17.85
2022,11,26,3,0,0,0,0,0,0,0,0,4.96,-7.06,-1.05,3.17,42.31,0,72.5,1.15,16.11,1.82,15.95
2022,11,26,4,0,0,0,0,0,0,0,0,4.94,-8.14,-1.6,2.93,38.81,0,72.48,1.19,15.58,1.88,15.88
2022,11,26,5,0,0,0,0,0,0,0,0,4.63,-9.2,-2.28,2.69,36.5,0,72.49,1.21,13.77,1.95,14.15
2022,11,26,6,0,0,0,0,0,0,0,0,4.33,-10.27,-2.97,2.44,34.25,0,72.53,1.22,10.66,1.99,11.58
2022,11,26,7,0.38,0.38,0.64,39.38,39.92,4.85,0.02,0.1,4.4,-9.21,-2.41,2.69,37.75,0,72.58,1.15,7.8,1.97,9.61
2022,11,26,8,1.15,1.16,1.58,126.33,129.55,16.09,0.2,0.98,7.76,-2.34,2.71,4.88,53.62,0,72.62,0.88,2.53,1.58,3.68
2022,11,26,9,1.84,1.88,2.35,208.42,213.5,29.1,0.59,2.92,10.8,-3.9,3.45,4.27,38.56,0,72.66,0.82,325.86,1.13,324.55
2022,11,26,10,2.35,2.39,2.91,269.75,274.42,39.17,1.02,5.08,12.57,-2.67,4.95,4.88,38.81,0,72.67,1.59,264.63,2.1,264.01
2022,11,26,11,2.61,2.66,3.21,301.3,305.92,44.3,1.27,6.52,13.39,-1.24,6.08,5.43,40.88,0,72.63,2.38,250.02,3.11,249.75
2022,11,26,12,2.7,2.72,3.24,317.92,318.7,47.44,1.38,7.02,13.65,0.13,6.9,5.92,43.81,0,72.55,2.76,240.32,3.61,240.33
2022,11,26,13,2.3,2.46,2.98,269,285.52,39.69,1.07,5.42,13.51,1.15,7.33,6.29,47,0,72.47,2.92,234.36,3.84,234.44
2022,11,26,14,1.87,1.97,2.46,216.23,226.75,31.29,0.69,3.4,12.81,1.95,7.38,6.59,51.56,0,72.42,2.94,231.48,3.88,231.54
2022,11,26,15,1.23,1.23,1.72,136.42,137.85,17.88,0.25,1.23,11.58,2.59,7.08,6.84,57.81,0,72.41,2.63,229.58,3.49,229.54
2022,11,26,16,0.49,0.49,0.85,51.88,52.67,6.55,0.03,0.17,9.67,3.38,6.53,7.14,68.69,0,72.4,1.7,226.86,2.35,226.48
2022,11,26,17,0,0,0,0,0,0,0,0,7.15,3.74,5.44,7.2,82.44,0,72.4,0.36,227.64,0.54,225.59
2022,11,26,18,0,0,0,0,0,0,0,0,5.1,3.55,4.33,7.02,92.88,0,72.41,0.42,40.49,0.8,39.45
2022,11,26,19,0,0,0,0,0,0,0,0,4.5,3.12,3.81,6.84,94.06,0,72.42,0.62,38.32,1.2,38.66
2022,11,26,20,0,0,0,0,0,0,0,0,4.42,2.33,3.37,6.53,90.25,0,72.43,0.68,36.61,1.28,37.08
2022,11,26,21,0,0,0,0,0,0,0,0,4.35,1.64,3,6.23,86.56,0,72.43,0.7,37.26,1.26,37.72
2022,11,26,22,0,0,0,0,0,0,0,0,4.27,1.15,2.71,5.98,83.62,0,72.42,0.72,34.38,1.28,35.33
2022,11,26,23,0,0,0,0,0,0,0,0,4.09,0.58,2.33,5.74,81.06,0,72.39,0.75,31.88,1.32,32.47
2022,11,27,0,0,0,0,0,0,0,0,0,3.9,-0.22,1.84,5.43,77.56,0,72.35,0.79,28.84,1.37,29.34
2022,11,27,1,0,0,0,0,0,0,0,0,3.81,-1.1,1.35,5.07,73.19,0,72.31,0.79,25.29,1.35,26.42
2022,11,27,2,0,0,0,0,0,0,0,0,3.92,-1.87,1.02,4.76,68.44,0,72.27,0.76,22.89,1.26,24.18
2022,11,27,3,0,0,0,0,0,0,0,0,4.02,-2.45,0.78,4.58,64.69,0,72.23,0.7,20.85,1.13,22.68
2022,11,27,4,0,0,0,0,0,0,0,0,4.06,-2.97,0.55,4.33,61.75,0,72.21,0.6,18.9,0.97,21.63
2022,11,27,5,0,0,0,0,0,0,0,0,4.36,-3.51,0.43,4.15,57.88,0,72.22,0.54,19.49,0.84,22.29
2022,11,27,6,0,0,0,0,0,0,0,0,4.86,-4.05,0.4,3.97,53.56,0,72.26,0.48,18.14,0.69,19.87
2022,11,27,7,0.34,0.33,0.63,33.95,34.02,4.38,0.02,0.08,5.12,-3.49,0.81,4.15,55.06,0,72.32,0.39,18.8,0.57,19.92
2022,11,27,8,1.04,1.06,1.56,111.05,114.65,13.97,0.17,0.88,7.4,0.18,3.8,5.55,62.69,0,72.38,0.11,15.95,0.22,10.12
2022,11,27,9,1.72,1.77,2.34,191.6,197.62,26.36,0.55,2.67,9.58,1.24,5.41,6.04,58.5,0,72.42,0.85,239.22,1.08,239.18
2022,11,27,10,2.22,2.29,2.9,251.88,259.95,36.26,0.95,4.83,11.03,1.8,6.42,6.35,56.12,0,72.43,1.99,231.06,2.54,231.12
2022,11,27,11,2.47,2.56,3.2,283.67,291.98,41.25,1.2,6.12,11.84,2.6,7.23,6.71,56.06,0,72.4,2.69,227.94,3.49,227.99
2022,11,27,12,2.62,2.69,3.23,308.8,315.5,46.91,1.41,7.2,12.11,3.34,7.73,7.02,57.62,0,72.34,3.12,226.22,4.04,226.25
2022,11,27,13,2.26,2.43,2.97,265.17,282.3,39.47,1.09,5.5,11.88,3.76,7.82,7.2,59.94,0,72.28,3.23,225.59,4.18,225.61
2022,11,27,14,1.73,1.92,2.46,199.7,220.15,28.32,0.62,3.08,11.23,4.05,7.65,7.32,63.5,0,72.24,2.91,225.98,3.76,226.01
2022,11,27,15,1.2,1.23,1.72,133.08,138.17,17.61,0.26,1.25,10.31,4.15,7.23,7.32,67.62,0,72.22,2.43,227.34,3.15,227.31
2022,11,27,16,0.48,0.48,0.84,50,50.88,6.46,0.03,0.17,8.78,4.33,6.55,7.45,75.81,0,72.21,1.71,226.67,2.28,226.67
2022,11,27,17,0,0,0,0,0,0,0,0,6.32,4.18,5.25,7.39,88.94,0,72.22,0.56,223.3,0.9,221.47
2022,11,27,18,0,0,0,0,0,0,0,0,4.66,3.75,4.2,7.14,96.62,0,72.24,0.27,29.54,0.43,34.56
2022,11,27,19,0,0,0,0,0,0,0,0,3.95,3.5,3.73,7.02,99.94,0,72.26,0.53,34.85,1.03,36.35
2022,11,27,20,0,0,0,0,0,0,0,0,3.63,2.9,3.26,6.71,98.25,0,72.28,0.72,31.61,1.31,33.31
2022,11,27,21,0,0,0,0,0,0,0,0,3.64,2.08,2.87,6.41,93.25,0,72.29,0.82,27.05,1.4,28.28
2022,11,27,22,0,0,0,0,0,0,0,0,3.75,1.26,2.51,6.04,87.75,0,72.29,0.81,23.85,1.33,24.61
2022,11,27,23,0,0,0,0,0,0,0,0,3.96,0.47,2.22,5.74,81.94,0,72.27,0.79,19.16,1.24,20.6
2022,11,28,0,0,0,0,0,0,0,0,0,3.98,-0.37,1.81,5.43,77.44,0,72.24,0.77,14.18,1.2,15.84
2022,11,28,1,0,0,0,0,0,0,0,0,3.94,-1.26,1.34,5.13,73.19,0,72.22,0.74,9.07,1.16,11.23
2022,11,28,2,0,0,0,0,0,0,0,0,3.76,-2.11,0.83,4.82,70,0,72.19,0.71,3.77,1.12,6.38
2022,11,28,3,0,0,0,0,0,0,0,0,3.44,-2.7,0.37,4.64,68.88,0,72.16,0.68,0.66,1.1,2.86
2022,11,28,4,0,0,0,0,0,0,0,0,3.36,-3.2,0.08,4.52,67.06,0,72.16,0.67,0,1.07,2.09
2022,11,28,5,0,0,0,0,0,0,0,0,3.3,-3.65,-0.17,4.39,65.38,0,72.18,0.68,2.63,1.08,4.97
2022,11,28,6,0,0,0,0,0,0,0,0,3.27,-4.16,-0.44,4.21,63.25,0,72.24,0.68,8.6,1.09,9.94
2022,11,28,7,0.28,0.3,0.61,28.83,30.48,3.84,0.02,0.08,3.98,-3.95,0.01,4.33,61.62,0,72.31,0.59,12.2,0.97,14.48
2022,11,28,8,1.03,1.04,1.55,109.55,112.85,13.62,0.16,0.75,7.03,-0.91,3.06,5.49,63.25,0,72.39,0.31,7.31,0.51,7.88
2022,11,28,9,1.71,1.75,2.33,192.3,197.92,26.23,0.5,2.45,9.34,-0.63,4.36,5.55,54.88,0,72.46,0.9,248.11,1.14,247.83
2022,11,28,10,2.22,2.28,2.88,253.52,260.6,36.19,0.88,4.4,10.76,0.12,5.44,5.92,52.94,0,72.5,2.14,239.32,2.78,239.4
2022,11,28,11,2.43,2.56,3.19,281.23,293.1,40.73,1.11,5.65,11.59,1.08,6.33,6.23,52.94,0,72.48,2.82,236.31,3.67,236.38
2022,11,28,12,2.5,2.64,3.22,295.55,307.8,44.08,1.23,6.27,11.94,1.94,6.94,6.53,54.25,0,72.44,3.07,234,3.97,233.96
2022,11,28,13,2.09,2.37,2.96,244.83,273.7,35.91,0.92,4.65,11.87,2.42,7.14,6.71,56,0,72.39,3.07,233.8,3.96,233.83
2022,11,28,14,1.59,1.86,2.45,182.48,211.5,25.55,0.52,2.58,11.43,2.52,6.98,6.71,57.75,0,72.35,2.82,235.03,3.65,234.95
2022,11,28,15,1.07,1.17,1.71,118.67,130.48,15.48,0.2,1,10.65,2.36,6.51,6.65,60.06,0,72.34,2.25,236.31,2.92,236.22
2022,11,28,16,0.44,0.45,0.84,46.25,47.98,6.11,0.03,0.15,9.22,2.77,5.99,6.84,68.19,0,72.33,1.28,231.45,1.73,231.06
2022,11,28,17,0,0,0,0,0,0,0,0,6.18,2.72,4.44,6.71,82.19,0,72.36,0.04,53.13,0.05,80.54
2022,11,28,18,0,0,0,0,0,0,0,0,4.55,2.13,3.34,6.41,87.81,0,72.41,0.51,35.64,0.95,36.68
2022,11,28,19,0,0,0,0,0,0,0,0,4.13,1.44,2.79,6.16,86.75,0,72.45,0.71,26.28,1.32,28.53
2022,11,28,20,0,0,0,0,0,0,0,0,4.05,0.49,2.27,5.8,82.19,0,72.49,0.84,17.42,1.48,19.78
2022,11,28,21,0,0,0,0,0,0,0,0,4.26,-0.49,1.88,5.43,76,0,72.51,0.8,10.11,1.35,11.7
2022,11,28,22,0,0,0,0,0,0,0,0,4.4,-1.31,1.55,5.13,71.06,0,72.52,0.71,2.52,1.16,3.87
2022,11,28,23,0,0,0,0,0,0,0,0,4.24,-2.08,1.08,4.88,68.31,0,72.52,0.67,355.29,1.06,357.47
2022,11,29,0,0,0,0,0,0,0,0,0,4.17,-2.82,0.67,4.64,65.44,0,72.49,0.65,350.99,1.03,353.47
2022,11,29,1,0,0,0,0,0,0,0,0,4.08,-3.54,0.27,4.39,62.81,0,72.47,0.67,350.65,1.04,352.23
2022,11,29,2,0,0,0,0,0,0,0,0,3.88,-4.23,-0.17,4.21,60.94,0,72.46,0.73,351.96,1.13,353.22
2022,11,29,3,0,0,0,0,0,0,0,0,3.66,-4.93,-0.63,4.03,59.06,0,72.45,0.78,355.96,1.2,357.03
2022,11,29,4,0,0,0,0,0,0,0,0,3.51,-5.68,-1.09,3.85,56.75,0,72.44,0.83,1.08,1.28,2.1
2022,11,29,5,0,0,0,0,0,0,0,0,3.51,-6.51,-1.5,3.6,53.44,0,72.44,0.85,2.63,1.32,3.75
2022,11,29,6,0,0,0,0,0,0,0,0,3.98,-7.45,-1.74,3.36,48.12,0,72.49,0.89,2.51,1.31,2.74
2022,11,29,7,0.32,0.32,0.59,32,32.1,4.14,0.02,0.08,4.48,-7.24,-1.38,3.42,47.5,0,72.53,0.82,2.73,1.23,2.55
2022,11,29,8,1.06,1.09,1.53,113.52,118.67,14.38,0.16,0.8,7.12,-2.81,2.15,4.82,55.44,0,72.59,0.57,353.66,0.9,353
2022,11,29,9,1.77,1.82,2.31,199.73,205.8,27.78,0.53,2.6,9.7,-3.2,3.25,4.82,46.38,0,72.64,1.02,273.96,1.31,273.77
2022,11,29,10,2.27,2.36,2.87,260.3,269.85,37.98,0.94,4.7,11.06,-2.34,4.37,5.19,45.69,0,72.66,1.93,249.36,2.46,249.38
2022,11,29,11,2.54,2.65,3.18,294.5,304.7,43.7,1.2,6.08,11.88,-0.93,5.48,5.62,46.94,0,72.63,2.54,239.49,3.29,239.6
2022,11,29,12,2.57,2.69,3.21,301.5,311.75,45.2,1.27,6.4,12.19,0.35,6.26,6.04,49.56,0,72.59,2.89,234.8,3.75,234.75
2022,11,29,13,2.32,2.46,2.96,269.08,282.77,39.8,1.02,5.12,12.07,1.37,6.73,6.41,52.94,0,72.54,2.94,232.89,3.8,233.01
2022,11,29,14,1.78,1.96,2.44,203.73,223.9,28.93,0.59,2.92,11.58,2.05,6.81,6.65,56.69,0,72.5,2.65,232.79,3.42,232.71
2022,11,29,15,1.25,1.28,1.71,139.27,144.48,18.48,0.24,1.2,10.76,2.36,6.56,6.77,60.69,0,72.47,2.16,231.31,2.81,231.09
2022,11,29,16,0.52,0.52,0.83,54.5,55.62,6.77,0.03,0.15,9.19,2.94,6.07,7.02,70,0,72.47,1.45,226.31,1.98,225.8
2022,11,29,17,0,0,0,0,0,0,0,0,6.33,3.08,4.71,6.96,84.5,0,72.49,0.25,201.8,0.48,204.9
2022,11,29,18,0,0,0,0,0,0,0,0,4.45,2.8,3.63,6.77,93.69,0,72.54,0.44,50.71,0.81,49.28
2022,11,29,19,0,0,0,0,0,0,0,0,4.05,2.31,3.19,6.53,93.06,0,72.6,0.63,48.01,1.16,47.18
2022,11,29,20,0,0,0,0,0,0,0,0,4.08,1.51,2.8,6.23,88.12,0,72.65,0.65,45.97,1.13,45.84
2022,11,29,21,0,0,0,0,0,0,0,0,4.12,0.61,2.37,5.86,83,0,72.68,0.62,42.47,1.05,42.59
2022,11,29,22,0,0,0,0,0,0,0,0,3.98,-0.31,1.83,5.49,79.06,0,72.69,0.67,41.69,1.12,40.77
2022,11,29,23,0,0,0,0,0,0,0,0,3.76,-1.21,1.27,5.19,75.38,0,72.69,0.71,42.78,1.2,40.76
2022,11,30,0,0,0,0,0,0,0,0,0,3.62,-2.02,0.8,4.88,71.5,0,72.66,0.74,39.88,1.25,38.16
2022,11,30,1,0,0,0,0,0,0,0,0,3.48,-2.7,0.39,4.58,68,0,72.63,0.82,36.11,1.39,35.39
2022,11,30,2,0,0,0,0,0,0,0,0,3.55,-3.55,0,4.27,63.12,0,72.59,0.91,30.54,1.5,30.45
2022,11,30,3,0,0,0,0,0,0,0,0,3.35,-4.47,-0.56,3.97,59.44,0,72.57,0.95,25.3,1.54,25.79
2022,11,30,4,0,0,0,0,0,0,0,0,3.37,-5.42,-1.02,3.66,55,0,72.56,0.95,22.15,1.52,23.01
2022,11,30,5,0,0,0,0,0,0,0,0,3.33,-6.56,-1.61,3.36,50.56,0,72.57,1,22.14,1.57,22.49
2022,11,30,6,0,0,0,0,0,0,0,0,3.07,-7.95,-2.44,3.05,46.69,0,72.61,1.02,23.03,1.62,23.23
2022,11,30,7,0.3,0.3,0.58,29.65,30.1,3.92,0.02,0.08,3.87,-8.2,-2.16,3.05,44.06,0,72.65,0.94,20.39,1.52,20.49
2022,11,30,8,0.99,1.07,1.52,105.62,115.38,13.53,0.16,0.8,7.19,-3.96,1.61,4.39,50.69,0,72.7,0.64,12,0.98,10.06
2022,11,30,9,1.54,1.79,2.3,173.55,199.17,24.19,0.49,2.45,9.55,-3.75,2.9,4.64,45.5,0,72.76,0.74,254.8,0.97,255.96
2022,11,30,10,1.85,2.33,2.86,212.4,262.65,31.36,0.82,4.15,10.79,-1.83,4.48,5.31,47.94,0,72.78,2.21,240.36,2.87,240.51
2022,11,30,11,2.3,2.62,3.17,266.55,297.08,39.12,1.13,5.9,11.51,-0.06,5.73,5.92,50.75,0,72.75,2.67,235.61,3.47,235.63
2022,11,30,12,2.39,2.69,3.2,282.52,311.95,42.36,1.27,6.67,11.87,1.3,6.58,6.41,53.56,0,72.7,2.95,233.74,3.81,233.83
2022,11,30,13,2.2,2.47,2.95,256.83,283.5,38.07,1.03,5.27,11.73,2.06,6.9,6.71,56.44,0,72.63,2.93,233.68,3.78,233.75
2022,11,30,14,1.74,1.98,2.44,200.67,225.95,28.81,0.62,3.1,11.23,2.36,6.8,6.77,59.19,0,72.58,2.6,235.4,3.34,235.38
2022,11,30,15,1.21,1.29,1.7,135.95,146.48,18.34,0.26,1.27,10.37,2.36,6.37,6.77,62.44,0,72.55,2.08,236.31,2.69,236.26
2022,11,30,16,0.51,0.53,0.83,55.2,57.02,7.01,0.04,0.17,8.77,2.82,5.8,7.02,72.12,0,72.53,1.22,234.89,1.65,235.03
2022,11,30,17,0,0,0,0,0,0,0,0,5.76,2.37,4.06,6.71,84.56,0,72.54,0.09,349.7,0.14,346.76
2022,11,30,18,0,0,0,0,0,0,0,0,4,1.62,2.81,6.35,90.69,0,72.56,0.62,36.87,1.21,37.68
2022,11,30,19,0,0,0,0,0,0,0,0,3.5,0.4,1.94,5.86,86.62,0,72.58,0.83,32.64,1.55,34.33
2022,11,30,20,0,0,0,0,0,0,0,0,3.45,-1.23,1.12,5.25,77.88,0,72.61,0.91,29.87,1.59,31.5
2022,11,30,21,0,0,0,0,0,0,0,0,3.39,-2.77,0.31,4.7,70.19,0,72.62,0.99,29.8,1.65,30.45
2022,11,30,22,0,0,0,0,0,0,0,0,3.32,-4.29,-0.49,4.21,63.12,0,72.62,1.03,28.51,1.68,28.95
2022,11,30,23,0,0,0,0,0,0,0,0,3.26,-5.74,-1.24,3.72,56.56,0,72.59,1.07,25.45,1.71,26.1
2022,12,1,0,0,0,0,0,0,0,0,0,2.9,-7.04,-2.06,3.36,52.25,0,72.55,1.08,21.72,1.73,22.04
2022,12,1,1,0,0,0,0,0,0,0,0,2.44,-8.1,-2.84,3.11,49.62,0,72.52,1.07,16.58,1.75,16.82
2022,12,1,2,0,0,0,0,0,0,0,0,2.15,-9.05,-3.45,2.87,46.81,0,72.48,1.13,13.65,1.87,13.8
2022,12,1,3,0,0,0,0,0,0,0,0,1.91,-9.89,-3.99,2.69,44.38,0,72.45,1.18,12.65,1.99,13.16
2022,12,1,4,0,0,0,0,0,0,0,0,1.5,-10.59,-4.55,2.5,43.06,0,72.43,1.22,11.81,2.11,13.06
2022,12,1,5,0,0,0,0,0,0,0,0,1.09,-11.4,-5.15,2.38,41.38,0,72.44,1.27,12.76,2.24,14.13
2022,12,1,6,0,0,0,0,0,0,0,0,0.74,-12.18,-5.72,2.2,39.56,0,72.48,1.33,14.28,2.38,15.22
2022,12,1,7,0.35,0.34,0.57,33.62,33.77,4.05,0.02,0.08,1.56,-11.37,-4.91,2.32,39.88,0,72.53,1.35,15.4,2.47,16.19
2022,12,1,8,1.13,1.13,1.51,121.05,122.67,15.16,0.16,0.8,5.33,-4.2,0.57,4.33,56.75,0,72.58,1.16,17.7,2.07,16.45
2022,12,1,9,1.79,1.84,2.29,198.88,204.95,26.99,0.49,2.42,9.4,-7.61,0.9,3.23,32.12,0,72.62,1.05,353.57,1.4,352.64
2022,12,1,10,2.29,2.36,2.85,258.38,265.83,36.57,0.87,4.3,11.42,-6.16,2.63,3.85,33.19,0,72.64,1.35,256.61,1.8,255.96
2022,12,1,11,2.64,2.65,3.16,298.62,300.2,43.16,1.15,5.77,12.11,-4.3,3.9,4.46,36.62,0,72.62,2.56,239.13,3.37,239.15
2022,12,1,12,2.65,2.68,3.19,306.02,308.8,45.1,1.23,6.17,12.13,-2.42,4.86,5,41.12,0,72.56,3.01,233.75,3.96,233.9
2022,12,1,13,2.21,2.43,2.94,256.48,277.6,36.75,0.91,4.58,11.9,-1.16,5.37,5.43,45.25,0,72.5,3.07,230.68,4.03,230.66
2022,12,1,14,1.84,1.94,2.43,211.9,223.2,29.77,0.59,2.9,11.3,-0.32,5.49,5.74,49.56,0,72.45,2.91,229.03,3.81,228.99
2022,12,1,15,1.22,1.26,1.7,137.23,143.1,17.85,0.23,1.1,10.23,0.28,5.26,5.92,55.06,0,72.43,2.51,228.41,3.3,228.36
2022,12,1,16,0.5,0.51,0.83,53.8,55.3,6.57,0.03,0.15,8.41,1.1,4.76,6.23,65.56,0,72.43,1.64,228.28,2.27,227.79
2022,12,1,17,0,0,0,0,0,0,0,0,5.48,1.62,3.55,6.29,81.25,0,72.44,0.27,241.93,0.48,237.6
2022,12,1,18,0,0,0,0,0,0,0,0,3.54,0.99,2.26,6.04,88.94,0,72.47,0.55,25.46,1.04,26.18
2022,12,1,19,0,0,0,0,0,0,0,0,3.12,0.14,1.63,5.68,86.56,0,72.51,0.81,25.58,1.5,26.97
2022,12,1,20,0,0,0,0,0,0,0,0,3.18,-1.05,1.06,5.25,79.69,0,72.54,0.96,25.1,1.65,26.44
2022,12,1,21,0,0,0,0,0,0,0,0,3.21,-2.27,0.48,4.82,72.81,0,72.54,1.05,24.09,1.75,25.31
2022,12,1,22,0,0,0,0,0,0,0,0,3.3,-3.36,-0.02,4.46,66.5,0,72.53,1.07,24.13,1.75,24.74
2022,12,1,23,0,0,0,0,0,0,0,0,3.48,-4.3,-0.41,4.09,60.88,0,72.51,1,23.37,1.61,23.82
2022,12,2,0,0,0,0,0,0,0,0,0,3.35,-5.12,-0.88,3.85,57.62,0,72.48,0.9,22.54,1.42,22.91
2022,12,2,1,0,0,0,0,0,0,0,0,3.44,-5.91,-1.24,3.6,53.62,0,72.45,0.83,22.7,1.31,23.2
2022,12,2,2,0,0,0,0,0,0,0,0,3.42,-6.59,-1.58,3.42,50.62,0,72.43,0.74,19.01,1.18,19.76
2022,12,2,3,0,0,0,0,0,0,0,0,3.19,-7.22,-2.02,3.23,48.62,0,72.42,0.72,16.46,1.16,17.58
2022,12,2,4,0,0,0,0,0,0,0,0,2.7,-7.69,-2.49,3.05,48,0,72.4,0.86,19.76,1.4,20.97
2022,12,2,5,0,0,0,0,0,0,0,0,2.51,-8.38,-2.94,2.87,45.38,0,72.4,1.07,23.2,1.72,23.88
2022,12,2,6,0,0,0,0,0,0,0,0,2.16,-9.03,-3.43,2.69,43.88,0,72.44,1.12,23.51,1.8,24.34
2022,12,2,7,0.3,0.29,0.55,29.25,29.38,3.73,0.02,0.05,2.85,-8.77,-2.96,2.81,43.5,0,72.5,1.03,22.85,1.67,23.45
2022,12,2,8,1.04,1.04,1.49,112.55,114.77,14.38,0.15,0.73,6.52,-4.04,1.24,4.27,51.19,0,72.56,0.74,19.2,1.19,18.79
2022,12,2,9,1.69,1.76,2.27,191.3,198.8,26.48,0.48,2.35,9.58,-5.42,2.08,3.85,37.75,0,72.62,0.6,254.88,0.77,255.96
2022,12,2,10,2.18,2.29,2.84,251.35,261.98,36.42,0.85,4.25,10.92,-3.69,3.62,4.46,39.5,0,72.65,1.94,231.88,2.48,232.05
2022,12,2,11,2.47,2.58,3.15,285.98,296.42,42.01,1.1,5.52,11.64,-1.99,4.83,4.94,42.19,0,72.62,2.51,226.13,3.25,226.17
2022,12,2,12,2.57,2.66,3.18,302.45,311.02,45.51,1.22,6.12,11.96,-0.68,5.64,5.43,45,0,72.56,2.94,224.89,3.82,225
2022,12,2,13,2.21,2.42,2.93,260.05,280.2,38.15,0.94,4.67,11.76,0.28,6.02,5.8,48.5,0,72.49,3.05,225.31,3.96,225.4
2022,12,2,14,1.84,1.93,2.43,213.15,223.6,30.27,0.59,2.92,11.18,0.89,6.04,5.98,52.38,0,72.44,2.77,226.83,3.59,226.85
2022,12,2,15,1.21,1.24,1.7,136.08,141.85,17.7,0.22,1.05,10.25,1.24,5.74,6.1,56.81,0,72.41,2.24,228.4,2.88,228.41
2022,12,2,16,0.5,0.5,0.83,53.2,54.02,6.5,0.03,0.15,8.58,2.05,5.32,6.53,67.62,0,72.4,1.38,228.91,1.87,229.06
2022,12,2,17,0,0,0,0,0,0,0,0,5.71,1.75,3.73,6.29,79.62,0,72.42,0.13,290.56,0.22,282.09
2022,12,2,18,0,0,0,0,0,0,0,0,3.94,1.16,2.55,5.98,86.12,0,72.45,0.67,25.67,1.22,26.57
2022,12,2,19,0,0,0,0,0,0,0,0,3.74,0.01,1.88,5.55,81.12,0,72.47,0.86,20.74,1.52,22.62
2022,12,2,20,0,0,0,0,0,0,0,0,4.04,-1.49,1.27,5.07,72.25,0,72.49,0.89,16.36,1.45,17.56
2022,12,2,21,0,0,0,0,0,0,0,0,3.97,-2.77,0.6,4.64,66.5,0,72.5,0.84,17.26,1.34,17.59
2022,12,2,22,0,0,0,0,0,0,0,0,3.73,-3.88,-0.07,4.27,62.38,0,72.51,0.77,20.28,1.23,20.05
2022,12,2,23,0,0,0,0,0,0,0,0,3.62,-4.85,-0.61,3.97,58.31,0,72.51,0.7,23.11,1.13,22.32
2022,12,3,0,0,0,0,0,0,0,0,0,3.39,-5.85,-1.24,3.66,55.06,0,72.5,0.59,25.89,0.98,25.13
2022,12,3,1,0,0,0,0,0,0,0,0,3.11,-6.81,-1.85,3.42,52.38,0,72.5,0.47,29.98,0.8,28.07
2022,12,3,2,0,0,0,0,0,0,0,0,2.62,-7.6,-2.49,3.23,51,0,72.48,0.49,31.43,0.85,29.61
2022,12,3,3,0,0,0,0,0,0,0,0,2.18,-8.48,-3.15,2.99,48.94,0,72.46,0.6,32.87,1.06,31.47
2022,12,3,4,0,0,0,0,0,0,0,0,1.92,-9.34,-3.71,2.75,45.88,0,72.45,0.62,28.84,1.06,28.64
2022,12,3,5,0,0,0,0,0,0,0,0,1.76,-10.18,-4.21,2.56,42.88,0,72.46,0.61,29.2,1.05,29.05
2022,12,3,6,0,0,0,0,0,0,0,0,1.62,-11.03,-4.7,2.38,40.19,0,72.49,0.61,31.46,1.04,30.6
2022,12,3,7,0.28,0.28,0.54,26.95,27.42,3.47,0.01,0.05,2.33,-10.77,-4.22,2.44,39.5,0,72.53,0.6,32.87,1.03,32.24
2022,12,3,8,1.06,1.06,1.48,112.35,113.9,14.09,0.14,0.7,5.65,-4.76,0.44,4.15,52.69,0,72.57,0.39,39.37,0.7,37.76
2022,12,3,9,1.72,1.78,2.26,191.2,197.5,25.96,0.47,2.3,8.89,-7.56,0.66,3.23,33.12,0,72.62,0.68,229.18,0.88,228.96
2022,12,3,10,2.23,2.32,2.82,252.23,260.9,35.95,0.84,4.17,10.11,-6.83,1.64,3.48,32.69,0,72.65,2.09,229.54,2.73,229.42
2022,12,3,11,2.55,2.62,3.14,289.73,297.02,42.22,1.12,5.65,10.69,-5.2,2.74,3.91,35.5,0,72.63,2.7,228.75,3.5,228.71
2022,12,3,12,2.54,2.67,3.17,295.42,308.12,43.93,1.19,6,10.98,-3.95,3.51,4.27,38.19,0,72.57,2.85,227.78,3.68,227.67
2022,12,3,13,2.28,2.45,2.93,264.7,281.05,39.23,0.98,4.9,10.94,-3.25,3.84,4.52,40.31,0,72.49,2.8,227.6,3.6,227.55
2022,12,3,14,1.72,1.95,2.43,197.35,221.88,27.86,0.55,2.73,10.49,-2.84,3.83,4.7,42.81,0,72.43,2.7,229.69,3.49,229.64
2022,12,3,15,1.23,1.27,1.7,137.35,144.08,18.26,0.23,1.12,9.52,-2.39,3.57,4.82,47.19,0,72.41,2.4,228.43,3.13,228.64
2022,12,3,16,0.51,0.52,0.83,54.15,55.65,6.71,0.03,0.15,7.71,-0.72,3.5,5.49,60.88,0,72.42,1.6,223.22,2.22,223.58
2022,12,3,17,0,0,0,0,0,0,0,0,5.04,-0.35,2.35,5.55,73.56,0,72.44,0.27,209.54,0.47,209.98
2022,12,3,18,0,0,0,0,0,0,0,0,3.14,-0.98,1.08,5.25,80.06,0,72.47,0.57,38.29,0.98,38.87
2022,12,3,19,0,0,0,0,0,0,0,0,2.63,-2.16,0.24,4.82,76.19,0,72.5,0.87,33.26,1.52,34.34
2022,12,3,20,0,0,0,0,0,0,0,0,2.58,-3.75,-0.58,4.33,68.31,0,72.53,0.99,27.78,1.64,29
2022,12,3,21,0,0,0,0,0,0,0,0,2.67,-5.52,-1.42,3.78,59.88,0,72.54,1,18.29,1.61,19.32
2022,12,3,22,0,0,0,0,0,0,0,0,2.73,-7.38,-2.33,3.36,52.44,0,72.55,0.95,10.85,1.52,11.83
2022,12,3,23,0,0,0,0,0,0,0,0,2.39,-9.17,-3.38,2.99,47.81,0,72.54,0.84,3.21,1.37,4.25
2022,12,4,0,0,0,0,0,0,0,0,0,2.24,-10.84,-4.3,2.69,43.12,0,72.51,0.78,355.38,1.29,357.22
2022,12,4,1,0,0,0,0,0,0,0,0,2.02,-12.08,-5.03,2.38,39.5,0,72.5,0.8,354.4,1.31,356.23
2022,12,4,2,0,0,0,0,0,0,0,0,1.8,-13.2,-5.7,2.2,36.25,0,72.48,0.86,357.4,1.41,359.05
2022,12,4,3,0,0,0,0,0,0,0,0,1.58,-14.02,-6.22,1.95,33.5,0,72.46,0.95,5.19,1.54,6.4
2022,12,4,4,0,0,0,0,0,0,0,0,1.5,-14.74,-6.62,1.77,30.69,0,72.45,1.02,8.38,1.62,9.14
2022,12,4,5,0,0,0,0,0,0,0,0,1.32,-15.06,-6.88,1.71,29.25,0,72.46,1.05,9.46,1.67,9.99
2022,12,4,6,0,0,0,0,0,0,0,0,1.05,-15.15,-7.05,1.65,28.88,0,72.5,1.08,10.82,1.75,11.36
2022,12,4,7,0.25,0.3,0.52,25.55,29.65,3.38,0.01,0.05,1.51,-13.67,-6.08,1.89,32.06,0,72.55,1.13,12.01,1.85,12.69
2022,12,4,8,1.09,1.1,1.47,117.92,121.05,15.44,0.16,0.77,4.94,-5.49,-0.27,3.97,53.19,0,72.6,0.96,14.6,1.67,13.84
2022,12,4,9,1.75,1.82,2.25,197.08,204.35,27.88,0.51,2.5,8.76,-9.04,-0.13,2.93,30.25,0,72.65,0.87,321.58,1.2,322.68
2022,12,4,10,2.21,2.35,2.81,252.17,265.55,37.16,0.89,4.42,10.63,-7.56,1.54,3.48,31.44,0,72.67,1.88,258.97,2.45,259.34
2022,12,4,11,2.49,2.63,3.13,285.02,297.73,42.19,1.12,5.62,11.52,-5.72,2.9,3.91,33.69,0,72.62,2.37,248.09,3.06,248.28
2022,12,4,12,2.51,2.63,3.16,289.3,301.27,42.82,1.15,5.77,11.85,-3.95,3.95,4.46,37.31,0,72.55,2.78,239.62,3.62,239.67
2022,12,4,13,2.23,2.39,2.92,254.58,270.08,36.77,0.9,4.5,11.65,-2.44,4.61,4.94,42,0,72.5,3.04,235.45,3.98,235.56
2022,12,4,14,1.68,1.89,2.42,189.52,210.77,26.12,0.51,2.5,11.01,-1.35,4.83,5.31,47.19,0,72.46,2.8,235.34,3.65,235.39
2022,12,4,15,1.17,1.21,1.69,127.08,133.4,16.41,0.2,1,10.03,-0.77,4.63,5.55,52.12,0,72.44,2.25,234.88,2.94,234.83
2022,12,4,16,0.48,0.48,0.83,49.25,50.33,6.23,0.03,0.12,8.29,0.44,4.36,6.04,64.06,0,72.43,1.39,230.48,1.91,230.46
2022,12,4,17,0,0,0,0,0,0,0,0,5.32,0.52,2.92,5.92,77.38,0,72.46,0.08,203.96,0.17,207.76
2022,12,4,18,0,0,0,0,0,0,0,0,3.19,-0.18,1.51,5.68,85.5,0,72.49,0.68,33.33,1.3,35.22
2022,12,4,19,0,0,0,0,0,0,0,0,2.48,-1.59,0.45,5.13,81.94,0,72.52,1,27.97,1.87,30.31
2022,12,4,20,0,0,0,0,0,0,0,0,2.56,-3.47,-0.45,4.58,72.44,0,72.56,1.08,24.89,1.88,26.67
2022,12,4,21,0,0,0,0,0,0,0,0,2.83,-5.27,-1.22,4.09,63.06,0,72.59,0.99,22.72,1.64,23.27
2022,12,4,22,0,0,0,0,0,0,0,0,3.15,-6.88,-1.87,3.6,55.06,0,72.61,0.91,22.17,1.45,22.55
2022,12,4,23,0,0,0,0,0,0,0,0,2.89,-8.1,-2.61,3.3,51.06,0,72.61,0.75,20.7,1.24,21.73
2022,12,5,0,0,0,0,0,0,0,0,0,2.73,-9.13,-3.2,3.05,47.38,0,72.59,0.61,19.6,1.04,20.61
2022,12,5,1,0,0,0,0,0,0,0,0,2.42,-9.81,-3.7,2.81,44.75,0,72.58,0.59,21.09,1,21.97
2022,12,5,2,0,0,0,0,0,0,0,0,2.3,-10.42,-4.06,2.56,41.56,0,72.56,0.66,23.55,1.12,23.88
2022,12,5,3,0,0,0,0,0,0,0,0,2.23,-11.1,-4.44,2.38,38.56,0,72.55,0.7,21.68,1.16,22.23
2022,12,5,4,0,0,0,0,0,0,0,0,2.04,-11.67,-4.82,2.2,36.56,0,72.56,0.69,22.77,1.14,23.04
2022,12,5,5,0,0,0,0,0,0,0,0,1.87,-12.11,-5.13,2.14,35.12,0,72.59,0.69,28.3,1.16,28.46
2022,12,5,6,0,0,0,0,0,0,0,0,1.62,-12.51,-5.44,2.01,34.19,0,72.65,0.76,32.38,1.27,31.93
2022,12,5,7,0.23,0.28,0.51,24.5,28.83,3.27,0.02,0.05,1.96,-11.77,-4.91,2.2,35.94,0,72.69,0.77,33.05,1.32,32.94
2022,12,5,8,1.05,1.06,1.45,117.2,119.95,14.96,0.16,0.8,5.03,-4.52,0.26,4.21,56.19,0,72.74,0.45,33.69,0.91,33.42
2022,12,5,9,1.72,1.78,2.23,197.05,204.7,27.52,0.53,2.6,8.56,-7.77,0.39,3.17,33.25,0,72.79,0.41,245.38,0.52,247.71
2022,12,5,10,2.24,2.32,2.8,259.95,268.08,38,0.95,4.75,10.1,-6.62,1.74,3.54,33.56,0,72.8,1.88,238.63,2.43,238.56
2022,12,5,11,2.47,2.54,3.12,291.92,298.77,41.74,1.12,5.73,10.83,-4.91,2.96,4.03,36.31,0,72.77,2.6,235.02,3.38,234.99
2022,12,5,12,2.49,2.63,3.15,293.48,308.17,43.25,1.22,6.23,11.08,-3.49,3.8,4.52,39.75,0,72.69,2.94,233.22,3.79,233.3
2022,12,5,13,2.37,2.47,2.92,274.9,285.2,41.24,1.09,5.5,10.89,-2.4,4.25,4.88,43.69,0,72.62,3,232.2,3.87,232.14
2022,12,5,14,1.76,1.98,2.42,203.02,226.85,29.08,0.62,3.05,10.32,-1.66,4.33,5.19,47.94,0,72.57,2.8,232.81,3.62,232.81
2022,12,5,15,1.27,1.31,1.69,142.88,149,18.97,0.26,1.27,9.33,-1.24,4.04,5.31,52.75,0,72.54,2.31,234.48,3,234.53
2022,12,5,16,0.55,0.55,0.83,59.23,59.98,7.12,0.03,0.17,7.65,-0.35,3.65,5.74,63.62,0,72.52,1.4,235.95,1.9,236.38
2022,12,5,17,0,0,0,0,0,0,0,0,4.71,-0.36,2.18,5.62,76.38,0,72.53,0.2,298.61,0.32,289.75
2022,12,5,18,0,0,0,0,0,0,0,0,2.93,-1.65,0.64,5.19,79.62,0,72.55,0.65,19.75,1.15,20.65
2022,12,5,19,0,0,0,0,0,0,0,0,2.44,-3.43,-0.49,4.58,73.38,0,72.56,0.86,18.6,1.53,20.66
2022,12,5,20,0,0,0,0,0,0,0,0,2.44,-5.36,-1.46,4.03,64,0,72.57,0.9,14.04,1.54,15.95
2022,12,5,21,0,0,0,0,0,0,0,0,2.6,-7.09,-2.24,3.48,55.38,0,72.57,0.81,8.91,1.32,10.58
2022,12,5,22,0,0,0,0,0,0,0,0,2.37,-8.24,-2.93,3.17,51.12,0,72.56,0.62,2.9,1.03,4.76
2022,12,5,23,0,0,0,0,0,0,0,0,2.8,-9.31,-3.26,2.87,44.75,0,72.53,0.53,354.04,0.81,353.35
2022,12,6,0,0,0,0,0,0,0,0,0,2.62,-10.06,-3.72,2.69,42.38,0,72.51,0.47,342.76,0.71,340.77
2022,12,6,1,0,0,0,0,0,0,0,0,2.19,-10.68,-4.24,2.56,41.31,0,72.49,0.49,345.07,0.74,342.14
2022,12,6,2,0,0,0,0,0,0,0,0,1.38,-11.25,-4.93,2.44,41.69,0,72.46,0.54,356.68,0.87,356.39
2022,12,6,3,0,0,0,0,0,0,0,0,0.7,-11.87,-5.59,2.26,41.19,0,72.43,0.68,5.97,1.13,7.57
2022,12,6,4,0,0,0,0,0,0,0,0,0.46,-12.81,-6.17,2.08,38.25,0,72.41,0.8,7.26,1.32,8.51
2022,12,6,5,0,0,0,0,0,0,0,0,0.23,-13.82,-6.79,1.89,35.38,0,72.43,0.94,6.18,1.53,7.34
2022,12,6,6,0,0,0,0,0,0,0,0,0.01,-14.81,-7.39,1.71,32.81,0,72.44,1.09,12.84,1.78,13.73
2022,12,6,7,0.27,0.27,0.5,26.52,27.05,3.43,0.02,0.05,0.94,-14.36,-6.71,1.83,32.31,0,72.47,1.07,9.67,1.73,10.4
2022,12,6,8,1.03,1.04,1.44,112.33,114.48,14.58,0.16,0.77,4.58,-7.35,-1.38,3.42,47,0,72.53,0.77,358.84,1.31,359.66
2022,12,6,9,1.68,1.74,2.22,188.65,196.17,26.25,0.49,2.45,8.31,-9.27,-0.48,2.81,30.06,0,72.58,0.75,294.69,1,295.56
2022,12,6,10,2.19,2.26,2.79,250.6,259,36.54,0.91,4.52,10.06,-7.74,1.16,3.3,31.25,0,72.6,1.85,250.49,2.38,250.85
2022,12,6,11,2.45,2.56,3.11,282.73,293.35,41.7,1.15,5.8,11.01,-5.83,2.59,3.78,33.5,0,72.56,2.52,242.72,3.27,242.88
2022,12,6,12,2.61,2.65,3.15,303.75,307.83,45.78,1.3,6.6,11.45,-4.32,3.56,4.21,36.12,0,72.48,2.9,238.11,3.77,238.22
2022,12,6,13,2.23,2.41,2.91,259.23,277.73,37.98,0.98,4.98,11.43,-3.23,4.1,4.52,38.94,0,72.41,3.04,236.23,3.94,236.15
2022,12,6,14,1.76,1.93,2.41,202.15,221.35,28.55,0.59,2.92,10.95,-2.52,4.22,4.76,42,0,72.36,2.82,236.18,3.67,236.21
2022,12,6,15,1.23,1.26,1.69,137.4,143.25,18.09,0.24,1.2,10.05,-1.95,4.05,4.88,46.12,0,72.33,2.31,236.31,3.04,236.23
2022,12,6,16,0.51,0.52,0.83,55.05,55.98,6.83,0.03,0.17,8.28,-0.42,3.93,5.49,58.44,0,72.32,1.43,233.19,1.99,233.44
2022,12,6,17,0,0,0,0,0,0,0,0,5.12,-0.95,2.08,5.19,68.62,0,72.34,0.1,278.75,0.2,263.42
2022,12,6,18,0,0,0,0,0,0,0,0,3.15,-1.42,0.87,5,75.62,0,72.38,0.55,27.3,0.97,27.39
2022,12,6,19,0,0,0,0,0,0,0,0,2.63,-2.17,0.23,4.7,74.12,0,72.42,0.83,21.5,1.46,23.28
2022,12,6,20,0,0,0,0,0,0,0,0,2.4,-3.3,-0.45,4.33,69.5,0,72.44,0.99,17.86,1.67,19.45
2022,12,6,21,0,0,0,0,0,0,0,0,2.22,-4.59,-1.18,3.97,64.62,0,72.43,1.06,17.1,1.78,18.2
2022,12,6,22,0,0,0,0,0,0,0,0,2.12,-5.97,-1.92,3.6,58.94,0,72.41,1.05,16.82,1.74,17.46
2022,12,6,23,0,0,0,0,0,0,0,0,2.27,-7.25,-2.49,3.3,52.94,0,72.39,0.94,13.92,1.52,14.61
2022,12,7,0,0,0,0,0,0,0,0,0,2.16,-8.13,-2.99,3.05,49.88,0,72.38,0.72,6.2,1.18,7.22
2022,12,7,1,0,0,0,0,0,0,0,0,2.26,-8.92,-3.33,2.87,46.62,0,72.36,0.62,1.45,1,2.24
2022,12,7,2,0,0,0,0,0,0,0,0,1.97,-9.51,-3.77,2.75,45.31,0,72.34,0.6,4.46,0.99,5.44
2022,12,7,3,0,0,0,0,0,0,0,0,1.74,-10.01,-4.13,2.62,44,0,72.32,0.64,8.43,1.06,10.23
2022,12,7,4,0,0,0,0,0,0,0,0,1.62,-10.46,-4.42,2.5,42.38,0,72.32,0.71,10.81,1.16,12.45
2022,12,7,5,0,0,0,0,0,0,0,0,1.52,-10.99,-4.74,2.38,40.5,0,72.33,0.78,12.09,1.26,13.61
2022,12,7,6,0,0,0,0,0,0,0,0,1.41,-11.61,-5.1,2.26,38.5,0,72.38,0.85,15.44,1.36,16.67
2022,12,7,7,0.29,0.29,0.48,28.33,29.17,3.53,0.02,0.05,1.96,-11.27,-4.66,2.32,38.31,0,72.43,0.92,17.82,1.48,18.82
2022,12,7,8,1.1,1.11,1.43,119.98,123.02,15.84,0.17,0.83,5.19,-5.35,-0.08,4.03,52.56,0,72.48,0.72,15.69,1.26,16.97
2022,12,7,9,1.77,1.83,2.21,199.7,207.48,28.78,0.55,2.7,8.76,-6.84,0.96,3.54,36.19,0,72.53,0.49,301.43,0.65,303.69
2022,12,7,10,2.24,2.37,2.78,256.9,269.2,38.45,0.95,4.75,10.4,-6.13,2.14,3.78,35.12,0,72.53,1.65,247.44,2.09,247.64
2022,12,7,11,2.54,2.65,3.1,291.55,302.52,43.73,1.2,6.1,11.26,-4.85,3.21,4.15,36.19,0,72.49,2.4,238.84,3.09,238.96
2022,12,7,12,2.61,2.63,3.14,298.95,300.9,44.04,1.22,6.15,11.61,-3.45,4.08,4.58,38.81,0,72.42,2.85,233.04,3.7,233.15
2022,12,7,13,2.19,2.39,2.91,250.65,270.27,36.09,0.91,4.62,11.43,-2.15,4.64,5,42.88,0,72.36,2.97,230.23,3.86,230.25
2022,12,7,14,1.82,1.91,2.41,205.73,216.35,29.09,0.6,2.98,10.86,-1.19,4.83,5.31,47.44,0,72.31,2.76,230.4,3.59,230.39
2022,12,7,15,1.2,1.23,1.69,131.33,136.75,17.05,0.23,1.1,9.9,-0.58,4.66,5.55,52.56,0,72.28,2.35,230.92,3.09,231.05
2022,12,7,16,0.49,0.49,0.83,51.15,52.2,6.38,0.03,0.15,8.05,0.76,4.4,6.1,65.81,0,72.28,1.52,229.17,2.14,228.7
2022,12,7,17,0,0,0,0,0,0,0,0,4.98,1.14,3.06,6.16,81.75,0,72.31,0.34,218.45,0.62,220.36
2022,12,7,18,0,0,0,0,0,0,0,0,3.3,0.68,1.98,5.98,89.5,0,72.36,0.41,34,0.71,34.73
2022,12,7,19,0,0,0,0,0,0,0,0,2.82,0.03,1.43,5.74,88.88,0,72.4,0.56,34.8,0.97,35.48
2022,12,7,20,0,0,0,0,0,0,0,0,2.69,-0.74,0.98,5.43,85.44,0,72.44,0.58,34.55,0.95,35.65
2022,12,7,21,0,0,0,0,0,0,0,0,2.33,-1.55,0.4,5.19,82.94,0,72.46,0.64,25.94,1.06,28.07
2022,12,7,22,0,0,0,0,0,0,0,0,2.08,-2.57,-0.24,4.82,78.56,0,72.47,0.81,21.6,1.34,23.29
2022,12,7,23,0,0,0,0,0,0,0,0,2.01,-3.81,-0.9,4.39,71.88,0,72.46,0.89,21.61,1.47,22.88
2022,12,8,0,0,0,0,0,0,0,0,0,2.06,-5.03,-1.49,3.97,64.88,0,72.44,0.93,21.18,1.51,22.57
2022,12,8,1,0,0,0,0,0,0,0,0,1.88,-6.26,-2.19,3.6,59.31,0,72.42,0.92,22.43,1.49,23.2
2022,12,8,2,0,0,0,0,0,0,0,0,1.66,-7.38,-2.86,3.23,54.94,0,72.4,0.91,23.91,1.46,24.65
2022,12,8,3,0,0,0,0,0,0,0,0,1.71,-8.62,-3.45,2.93,49.38,0,72.38,0.91,27,1.46,27.8
2022,12,8,4,0,0,0,0,0,0,0,0,2.42,-10.29,-3.93,2.56,41.12,0,72.37,0.92,26.78,1.38,27.29
2022,12,8,5,0,0,0,0,0,0,0,0,2.59,-11.8,-4.6,2.26,35.94,0,72.39,0.93,21.8,1.35,21.68
2022,12,8,6,0,0,0,0,0,0,0,0,2.22,-12.95,-5.36,2.08,33.5,0,72.43,1,16.74,1.5,16.07
2022,12,8,7,0.27,0.27,0.47,26.67,27.3,3.32,0.02,0.05,2.23,-12.49,-5.13,2.14,35.12,0,72.47,1.06,14.96,1.64,14.9
2022,12,8,8,1.08,1.07,1.42,117.9,119,14.99,0.16,0.77,5.17,-6.01,-0.42,3.78,50.12,0,72.52,0.85,13.91,1.43,13.28
2022,12,8,9,1.75,1.79,2.2,196.5,202.42,27.36,0.52,2.55,8.45,-6.76,0.85,3.6,37.69,0,72.57,0.46,322.55,0.61,322.84
2022,12,8,10,2.25,2.32,2.77,256.5,264.02,37.34,0.91,4.55,10.08,-5.42,2.33,4.09,38.81,0,72.59,1.97,244.86,2.54,244.93
2022,12,8,11,2.56,2.61,3.09,293.8,298.45,43.58,1.21,6.12,10.71,-3.7,3.51,4.52,41,0,72.55,2.6,237.41,3.36,237.53
2022,12,8,12,2.49,2.59,3.14,288.33,298.33,42.59,1.19,6.08,10.99,-2.44,4.27,4.88,43.19,0,72.48,2.86,233.88,3.72,233.88
2022,12,8,13,2.2,2.36,2.9,254.23,270.85,37.52,0.97,4.9,10.89,-1.49,4.69,5.13,45.81,0,72.41,2.93,232.7,3.8,232.85
2022,12,8,14,1.69,1.87,2.41,192.38,212.4,26.8,0.55,2.75,10.39,-0.88,4.76,5.31,48.94,0,72.36,2.76,234.46,3.58,234.4
2022,12,8,15,1.18,1.21,1.69,130.7,135.92,16.98,0.23,1.12,9.47,-0.52,4.48,5.43,53.06,0,72.33,2.26,234.99,2.96,235.01
2022,12,8,16,0.47,0.49,0.83,50.12,52.12,6.26,0.03,0.15,7.78,0.26,4.02,5.74,62.88,0,72.31,1.36,232.93,1.86,232.5
2022,12,8,17,0,0,0,0,0,0,0,0,4.67,0.15,2.41,5.62,76.06,0,72.32,0.08,348.69,0.09,329.04
2022,12,8,18,0,0,0,0,0,0,0,0,2.8,-0.4,1.2,5.37,83.12,0,72.36,0.6,34.32,1.19,35.36
2022,12,8,19,0,0,0,0,0,0,0,0,2.41,-1.17,0.62,5.07,81.12,0,72.4,0.81,26.81,1.54,29.17
2022,12,8,20,0,0,0,0,0,0,0,0,2.39,-2.46,-0.03,4.7,74.94,0,72.44,0.94,22.07,1.68,24.18
2022,12,8,21,0,0,0,0,0,0,0,0,2.41,-3.88,-0.74,4.27,68.19,0,72.45,0.97,18.87,1.68,20.71
2022,12,8,22,0,0,0,0,0,0,0,0,2.51,-5.1,-1.3,3.91,61.81,0,72.45,1.01,17.04,1.71,18.1
2022,12,8,23,0,0,0,0,0,0,0,0,2.75,-6.2,-1.73,3.54,55.62,0,72.43,1.03,12.67,1.67,13.78
2022,12,9,0,0,0,0,0,0,0,0,0,2.68,-7.1,-2.2,3.36,52.19,0,72.4,0.94,7.13,1.51,8
2022,12,9,1,0,0,0,0,0,0,0,0,2.59,-8,-2.7,3.11,49.12,0,72.39,0.87,4.12,1.37,5.22
2022,12,9,2,0,0,0,0,0,0,0,0,2.48,-8.92,-3.22,2.93,46.12,0,72.37,0.87,4.64,1.37,5.22
2022,12,9,3,0,0,0,0,0,0,0,0,2.44,-9.86,-3.71,2.69,42.69,0,72.35,0.91,10.83,1.43,11.68
2022,12,9,4,0,0,0,0,0,0,0,0,2.63,-10.89,-4.13,2.44,38.38,0,72.34,0.93,15.55,1.42,16.25
2022,12,9,5,0,0,0,0,0,0,0,0,3.15,-12.16,-4.5,2.2,33,0,72.36,0.97,19.31,1.43,19.53
2022,12,9,6,0,0,0,0,0,0,0,0,3.53,-13.31,-4.89,1.95,28.94,0,72.41,0.96,22.58,1.38,22.34
2022,12,9,7,0.25,0.25,0.46,24.38,25.27,3.12,0.02,0.05,4.15,-13.38,-4.62,1.95,27.44,0,72.47,0.85,23.75,1.21,23.1
2022,12,9,8,1.03,1.04,1.4,113.58,116.58,14.75,0.16,0.8,6.43,-7.87,-0.72,3.17,38.56,0,72.53,0.5,23.78,0.75,23.36
2022,12,9,9,1.71,1.77,2.19,194.92,202.3,27.82,0.55,2.7,8.96,-5.5,1.73,3.91,39.5,0,72.58,0.61,242.78,0.8,243.18
2022,12,9,10,2.18,2.31,2.76,252.45,265.7,37.72,0.97,4.85,10.36,-5.17,2.59,3.97,36.94,0,72.61,2.06,232.39,2.66,232.52
2022,12,9,11,2.47,2.61,3.08,288.15,301.55,43.86,1.26,6.42,11.05,-3.62,3.71,4.46,39.19,0,72.57,2.7,233.96,3.51,234.05
2022,12,9,12,2.45,2.61,3.13,287.62,302.73,43.44,1.27,6.48,11.37,-2.36,4.51,4.82,41.69,0,72.5,3.1,234.55,4.03,234.71
2022,12,9,13,2.2,2.39,2.9,256.05,275.85,38.07,1.02,5.12,11.25,-1.32,4.97,5.19,44.88,0,72.43,3.2,233.63,4.16,233.71
2022,12,9,14,1.68,1.92,2.41,194.3,220.3,27.65,0.6,2.98,10.73,-0.63,5.05,5.37,48.25,0,72.38,3,233.46,3.91,233.45
2022,12,9,15,1.23,1.27,1.69,137.95,144.92,18.41,0.27,1.3,9.72,-0.15,4.79,5.49,52.94,0,72.35,2.51,233.34,3.29,233.29
2022,12,9,16,0.53,0.54,0.84,57.1,58.42,7.05,0.04,0.2,7.95,0.91,4.43,5.92,64.31,0,72.34,1.51,231.11,2.07,231.27
2022,12,9,17,0,0,0,0,0,0,0,0,5.01,0.61,2.8,5.74,76.19,0,72.34,0.1,270,0.2,254.36
2022,12,9,18,0,0,0,0,0,0,0,0,3.13,0.12,1.62,5.49,83.38,0,72.38,0.52,31.55,0.93,30.88
2022,12,9,19,0,0,0,0,0,0,0,0,2.8,-0.74,1.03,5.19,80.69,0,72.43,0.62,25.28,1.1,25.66
2022,12,9,20,0,0,0,0,0,0,0,0,2.8,-1.85,0.48,4.82,75.31,0,72.47,0.65,15.38,1.09,15.33
2022,12,9,21,0,0,0,0,0,0,0,0,2.76,-2.89,-0.06,4.52,70.75,0,72.5,0.67,4.04,1.1,4.49
2022,12,9,22,0,0,0,0,0,0,0,0,2.72,-3.71,-0.49,4.27,66.94,0,72.51,0.75,357.61,1.23,357.81
2022,12,9,23,0,0,0,0,0,0,0,0,2.44,-4.45,-1.01,4.03,64.62,0,72.5,0.79,353.78,1.3,354.46
2022,12,10,0,0,0,0,0,0,0,0,0,2.06,-5.25,-1.6,3.85,62.56,0,72.48,0.8,352.11,1.32,353.21
2022,12,10,1,0,0,0,0,0,0,0,0,1.95,-6.12,-2.08,3.6,59.38,0,72.47,0.81,351.09,1.33,351.92
2022,12,10,2,0,0,0,0,0,0,0,0,1.85,-7.01,-2.58,3.36,56.31,0,72.45,0.82,348.48,1.35,349.01
2022,12,10,3,0,0,0,0,0,0,0,0,2.31,-7.98,-2.83,3.17,50.94,0,72.44,0.8,344.05,1.24,343.51
2022,12,10,4,0,0,0,0,0,0,0,0,2.86,-8.92,-3.03,2.93,45.81,0,72.44,0.78,344.29,1.14,342.43
2022,12,10,5,0,0,0,0,0,0,0,0,2.28,-9.8,-3.76,2.75,44.75,0,72.45,0.78,350.73,1.17,349.97
2022,12,10,6,0,0,0,0,0,0,0,0,1.74,-10.71,-4.49,2.56,43.44,0,72.48,0.83,354.08,1.3,354.46
2022,12,10,7,0.23,0.27,0.45,23.5,27.3,3.04,0.02,0.05,1.98,-10.49,-4.25,2.62,43.88,0,72.53,0.86,354.29,1.38,355.13
2022,12,10,8,1.07,1.08,1.39,119.02,121.4,15.23,0.16,0.83,5.14,-5.13,0,4.09,53.94,0,72.58,0.69,346.28,1.18,346.61
2022,12,10,9,1.76,1.81,2.18,201.02,207.05,28.55,0.55,2.75,8.4,-6.13,1.13,3.78,39.81,0,72.63,1.15,289.92,1.53,290.28
2022,12,10,10,2.27,2.35,2.75,262.27,270.65,39.16,0.99,4.95,10.05,-5.31,2.37,4.15,39.19,0,72.64,2.24,260.18,2.92,260.31
2022,12,10,11,2.56,2.66,3.08,296.62,306.7,45.11,1.3,6.65,10.9,-3.99,3.46,4.52,40.19,0,72.59,2.88,251.32,3.77,251.53
2022,12,10,12,2.49,2.65,3.13,290.88,306.05,43.89,1.27,6.52,11.3,-2.74,4.28,4.88,42.44,0,72.52,3.14,246.69,4.1,246.76
2022,12,10,13,2.29,2.46,2.9,264.58,282.75,40.08,1.08,5.48,11.33,-1.88,4.73,5.19,44.62,0,72.44,3.15,244.45,4.11,244.56
2022,12,10,14,1.78,1.99,2.41,204.23,227.98,29.48,0.64,3.17,10.98,-1.44,4.76,5.25,46.69,0,72.38,2.96,244.18,3.87,244.16
2022,12,10,15,1.17,1.33,1.69,132.3,150.75,17.65,0.25,1.25,10.13,-1.24,4.44,5.31,49.62,0,72.35,2.42,245.59,3.18,245.51
2022,12,10,16,0.58,0.59,0.84,62.83,64.35,7.56,0.04,0.2,8.35,0.08,4.22,5.86,61.69,0,72.33,1.33,245.39,1.9,244.91
2022,12,10,17,0,0,0,0,0,0,0,0,5.4,-0.47,2.47,5.49,71.19,0,72.36,0.29,299.36,0.53,290.85
2022,12,10,18,0,0,0,0,0,0,0,0,3.67,-1.73,0.97,5.07,74.31,0,72.4,0.72,7.43,1.26,5.71
2022,12,10,19,0,0,0,0,0,0,0,0,3.39,-3.13,0.13,4.64,69.19,0,72.44,0.89,7.56,1.51,6.24
2022,12,10,20,0,0,0,0,0,0,0,0,3.45,-4.66,-0.6,4.21,62.31,0,72.48,0.88,3.07,1.45,1.54
2022,12,10,21,0,0,0,0,0,0,0,0,3.29,-6.06,-1.39,3.78,57.25,0,72.5,0.88,3.54,1.45,3.09
2022,12,10,22,0,0,0,0,0,0,0,0,3.19,-7.32,-2.06,3.42,52.06,0,72.5,1.01,8.88,1.65,9.02
2022,12,10,23,0,0,0,0,0,0,0,0,3.06,-8.46,-2.7,3.11,47.81,0,72.48,1.05,8.97,1.7,9.51
2022,12,11,0,0,0,0,0,0,0,0,0,3.05,-9.63,-3.29,2.81,43.25,0,72.46,1.05,5.12,1.68,5.34
2022,12,11,1,0,0,0,0,0,0,0,0,2.74,-10.69,-3.97,2.56,40.44,0,72.45,1.05,0,1.7,0.26
2022,12,11,2,0,0,0,0,0,0,0,0,2.44,-11.67,-4.61,2.38,37.88,0,72.43,1.11,354.73,1.8,354.76
2022,12,11,3,0,0,0,0,0,0,0,0,2.12,-12.6,-5.24,2.2,35.94,0,72.41,1.08,348.28,1.75,348.44
2022,12,11,4,0,0,0,0,0,0,0,0,2.21,-13.67,-5.74,2.01,32.88,0,72.41,0.99,338.11,1.6,337.57
2022,12,11,5,0,0,0,0,0,0,0,0,2.48,-14.7,-6.11,1.83,29.5,0,72.43,0.92,333.22,1.46,332.2
2022,12,11,6,0,0,0,0,0,0,0,0,2.96,-15.74,-6.39,1.71,25.88,0,72.48,0.85,333.9,1.31,333.43
2022,12,11,7,0.28,0.28,0.44,27.38,28.05,3.22,0.02,0.05,3.68,-15.35,-5.84,1.77,25.62,0,72.55,0.72,336.48,1.1,336.16
2022,12,11,8,1.07,1.09,1.38,120.15,123.42,15.62,0.17,0.85,6.19,-7.52,-0.67,3.48,42.5,0,72.62,0.45,335.64,0.77,333.96
2022,12,11,9,1.76,1.81,2.17,201.95,209,29.15,0.58,2.83,9.52,-7.86,0.83,3.05,30.06,0,72.69,0.66,272.73,0.91,271.96
2022,12,11,10,2.21,2.35,2.74,257.55,272.15,39.2,1.01,5.08,11.37,-7.05,2.16,3.48,29.94,0,72.71,1.8,249.91,2.34,249.87
2022,12,11,11,2.53,2.64,3.07,296,306.85,45.1,1.3,6.6,12.31,-6.01,3.15,3.72,30.12,0,72.66,2.3,248.23,2.97,248.23
2022,12,11,12,2.57,2.61,3.12,301,305.2,45.19,1.3,6.67,12.76,-4.69,4.03,4.09,32.06,0,72.58,2.65,245.25,3.44,245.3
2022,12,11,13,2.2,2.39,2.9,256.9,276.15,37.37,0.99,5.02,12.76,-3.67,4.55,4.39,34.5,0,72.5,2.73,243.87,3.56,243.94
2022,12,11,14,1.74,1.93,2.41,201.15,221.7,28.23,0.61,3.02,12.36,-3,4.68,4.58,37.12,0,72.43,2.52,245.1,3.29,245.14
2022,12,11,15,1.24,1.28,1.69,140.3,146.12,18.5,0.27,1.3,11.47,-2.6,4.44,4.7,40.38,0,72.37,2.01,247.62,2.66,247.51
2022,12,11,16,0.53,0.54,0.85,58.02,59.73,7.13,0.04,0.2,9.54,-0.42,4.56,5.49,53.5,0,72.35,0.99,247.69,1.45,247.17
2022,12,11,17,0,0,0,0,0,0,0,0,6.44,-1.3,2.57,5.19,62.31,0,72.35,0.42,335.82,0.69,332.27
2022,12,11,18,0,0,0,0,0,0,0,0,4.62,-2.59,1.02,4.76,65.06,0,72.38,1,11.31,1.72,12.08
2022,12,11,19,0,0,0,0,0,0,0,0,4.42,-3.97,0.23,4.27,59.56,0,72.4,1.15,15.73,1.97,15.91
2022,12,11,20,0,0,0,0,0,0,0,0,4.35,-5.25,-0.45,3.91,54.06,0,72.42,1.21,14.57,2.03,14.25
2022,12,11,21,0,0,0,0,0,0,0,0,4.37,-6.26,-0.95,3.54,49.69,0,72.44,1.21,8.91,1.98,8.61
2022,12,11,22,0,0,0,0,0,0,0,0,4.13,-6.79,-1.33,3.42,48.44,0,72.46,1.16,6.98,1.88,6.45
2022,12,11,23,0,0,0,0,0,0,0,0,3.95,-7.5,-1.77,3.23,46.44,0,72.47,1.1,6.52,1.78,6.04
2022,12,12,0,0,0,0,0,0,0,0,0,3.89,-8.31,-2.21,3.05,43.69,0,72.47,1.07,4.59,1.72,4.68
2022,12,12,1,0,0,0,0,0,0,0,0,3.86,-9.24,-2.69,2.81,40.62,0,72.47,1.02,0.88,1.63,0.82
2022,12,12,2,0,0,0,0,0,0,0,0,3.86,-10.25,-3.2,2.56,37.38,0,72.46,0.95,354.81,1.52,354.7
2022,12,12,3,0,0,0,0,0,0,0,0,3.9,-11.13,-3.61,2.38,34.44,0,72.45,0.92,356.61,1.46,356.62
2022,12,12,4,0,0,0,0,0,0,0,0,3.76,-11.87,-4.06,2.2,32.25,0,72.42,0.96,1.86,1.51,2.37
2022,12,12,5,0,0,0,0,0,0,0,0,3.48,-12.54,-4.52,2.08,30.75,0,72.42,1.03,7.88,1.62,8.05
2022,12,12,6,0,0,0,0,0,0,0,0,3.25,-13.31,-5.03,1.89,29,0,72.44,1.09,12.84,1.72,13.15
2022,12,12,7,0.21,0.25,0.43,21.75,26.15,2.87,0.02,0.05,3.72,-12.97,-4.63,2.01,29.19,0,72.49,1.08,16.46,1.71,16.7
2022,12,12,8,1.04,1.06,1.37,117.02,119.85,15.03,0.17,0.85,7.23,-6.27,0.48,3.78,43.38,0,72.54,0.8,14.17,1.32,15.43
2022,12,12,9,1.72,1.78,2.16,197.62,205.2,28.16,0.58,2.88,10.76,-7.14,1.81,3.3,29.56,0,72.59,0.47,321.79,0.63,324.54
2022,12,12,10,2.23,2.32,2.74,259.5,268.85,38.88,1.03,5.2,12.41,-6.63,2.9,3.54,28.62,0,72.62,1.67,245.47,2.17,245.37
2022,12,12,11,2.48,2.6,3.06,290.98,303.38,43.73,1.29,6.67,13.14,-5.1,4.02,3.97,30.5,0,72.59,2.47,238.57,3.23,238.54
2022,12,12,12,2.5,2.56,3.12,292.83,298.77,43.17,1.27,6.58,13.31,-3.56,4.87,4.46,33.81,0,72.53,2.91,234.94,3.8,234.97
2022,12,12,13,2.14,2.34,2.89,250.38,271.58,36.2,0.99,5.1,13.05,-2.53,5.26,4.82,37.06,0,72.47,2.96,234.67,3.85,234.67
2022,12,12,14,1.81,1.91,2.41,209.85,221.4,30.16,0.69,3.42,12.46,-1.95,5.26,5,40.12,0,72.43,2.57,236.55,3.33,236.38
2022,12,12,15,1.12,1.25,1.7,126.12,142.38,16.41,0.25,1.23,11.48,-1.6,4.94,5.13,43.75,0,72.4,1.87,241.29,2.45,240.98
2022,12,12,16,0.53,0.54,0.85,58.05,59.55,7.12,0.04,0.2,9.61,-0.1,4.76,5.74,55.56,0,72.37,0.8,249.44,1.12,249.16
2022,12,12,17,0,0,0,0,0,0,0,0,6.18,-1.09,2.55,5.25,64.38,0,72.36,0.36,2.49,0.6,2.23
2022,12,12,18,0,0,0,0,0,0,0,0,4.86,-2.77,1.04,4.7,63.44,0,72.38,0.76,16.19,1.34,17.69
2022,12,12,19,0,0,0,0,0,0,0,0,4.65,-4.2,0.23,4.27,58.31,0,72.41,0.82,14.83,1.42,16.25
2022,12,12,20,0,0,0,0,0,0,0,0,4.8,-5.52,-0.37,3.85,52.12,0,72.44,0.76,11.89,1.27,12.84
2022,12,12,21,0,0,0,0,0,0,0,0,4.84,-6.52,-0.85,3.54,47.81,0,72.47,0.7,18.23,1.16,19.29
2022,12,12,22,0,0,0,0,0,0,0,0,4.48,-7.08,-1.31,3.36,46.5,0,72.49,0.58,20.38,1,21.13
2022,12,12,23,0,0,0,0,0,0,0,0,4.16,-7.51,-1.67,3.17,45.19,0,72.49,0.51,17.04,0.89,17.8
2022,12,13,0,0,0,0,0,0,0,0,0,3.88,-7.76,-1.94,3.05,44.31,0,72.48,0.48,10.22,0.85,12.24
2022,12,13,1,0,0,0,0,0,0,0,0,3.58,-7.93,-2.17,2.99,43.81,0,72.48,0.48,6.55,0.84,8.58
2022,12,13,2,0,0,0,0,0,0,0,0,3.24,-8.03,-2.4,2.93,43.88,0,72.47,0.51,0.88,0.88,3.04
2022,12,13,3,0,0,0,0,0,0,0,0,2.91,-8.15,-2.62,2.87,44.12,0,72.46,0.55,351.87,0.94,354.76
2022,12,13,4,0,0,0,0,0,0,0,0,2.62,-8.96,-3.17,2.69,42.44,0,72.45,0.59,350.04,0.99,352.26
2022,12,13,5,0,0,0,0,0,0,0,0,2.37,-10.13,-3.88,2.5,39.81,0,72.46,0.7,359.36,1.17,1.15
2022,12,13,6,0,0,0,0,0,0,0,0,2.33,-11.48,-4.57,2.26,36.25,0,72.5,0.86,3.64,1.42,4.74
2022,12,13,7,0.25,0.24,0.42,24.38,24.83,3.01,0.02,0.05,2.68,-11.74,-4.53,2.26,35.44,0,72.55,0.93,4.33,1.54,5.25
2022,12,13,8,1.03,1.05,1.36,114.65,118.33,15,0.17,0.85,5.71,-5.35,0.18,4.09,51.56,0,72.59,0.68,359.34,1.27,0.71
2022,12,13,9,1.72,1.78,2.15,197.02,204.12,28.34,0.58,2.85,9.82,-7.2,1.31,3.3,31.88,0,72.64,0.93,308.51,1.29,310.56
2022,12,13,10,2.26,2.33,2.73,260.2,268.45,39.3,1.03,5.17,11.76,-7.64,2.05,3.36,28.19,0,72.65,1.97,266.37,2.58,266.53
2022,12,13,11,2.51,2.65,3.06,290.7,303.58,44.38,1.31,6.77,12.75,-6.69,3.03,3.6,28.31,0,72.61,2.71,255.48,3.56,255.66
2022,12,13,12,2.45,2.6,3.11,282.73,297.45,42.2,1.26,6.52,13.08,-5.38,3.85,3.97,30.5,0,72.54,3.12,250.07,4.11,250.22
2022,12,13,13,2.28,2.41,2.89,261.08,274.6,38.76,1.07,5.48,12.92,-4.25,4.33,4.27,33.5,0,72.47,3.15,248.15,4.14,248.18
2022,12,13,14,1.72,1.95,2.41,195.42,219.8,27.62,0.62,3.1,12.37,-3.52,4.43,4.52,36.56,0,72.41,2.9,247.85,3.83,247.94
2022,12,13,15,1.14,1.29,1.7,126.7,143.98,16.69,0.25,1.25,11.29,-2.87,4.21,4.76,41.12,0,72.36,2.41,247.92,3.24,247.89
2022,12,13,16,0.57,0.56,0.86,59.92,60.7,7.42,0.05,0.23,9.03,-0.25,4.39,5.74,57.75,0,72.34,1.21,246.41,1.81,245.54
2022,12,13,17,0,0,0,0,0,0,0,0,6.05,-1.1,2.48,5.37,66,0,72.33,0.36,310.6,0.58,308.42
2022,12,13,18,0,0,0,0,0,0,0,0,4.3,-2.26,1.02,5,69.69,0,72.35,0.88,11.31,1.5,12.01
2022,12,13,19,0,0,0,0,0,0,0,0,3.98,-3.56,0.21,4.58,65.06,0,72.38,1.03,14.57,1.71,14.8
2022,12,13,20,0,0,0,0,0,0,0,0,3.95,-4.92,-0.49,4.15,59,0,72.4,1.05,13.73,1.71,13.72
2022,12,13,21,0,0,0,0,0,0,0,0,3.75,-6.11,-1.18,3.78,54.75,0,72.43,1.02,7.94,1.64,8.21
2022,12,13,22,0,0,0,0,0,0,0,0,3.45,-7.08,-1.81,3.48,51.94,0,72.44,1.01,5.75,1.64,6.28
2022,12,13,23,0,0,0,0,0,0,0,0,3.3,-8,-2.35,3.23,48.69,0,72.44,1.04,7.34,1.68,7.49
2022,12,14,0,0,0,0,0,0,0,0,0,3.02,-8.53,-2.75,3.11,47.31,0,72.43,1.08,6.25,1.75,6.43
2022,12,14,1,0,0,0,0,0,0,0,0,2.72,-9.51,-3.39,2.87,44.44,0,72.42,1.14,6.69,1.85,6.55
2022,12,14,2,0,0,0,0,0,0,0,0,2.44,-10.57,-4.06,2.62,41.38,0,72.4,1.19,6.05,1.93,5.8
2022,12,14,3,0,0,0,0,0,0,0,0,2.34,-11.69,-4.67,2.38,37.94,0,72.38,1.18,5.33,1.91,5.38
2022,12,14,4,0,0,0,0,0,0,0,0,2.26,-12.77,-5.26,2.14,34.75,0,72.37,1.16,4.64,1.87,4.56
2022,12,14,5,0,0,0,0,0,0,0,0,2.09,-13.7,-5.81,1.95,32.25,0,72.39,1.17,4.22,1.86,4.33
2022,12,14,6,0,0,0,0,0,0,0,0,1.99,-14.61,-6.31,1.83,29.81,0,72.43,1.16,5.4,1.84,5.35
2022,12,14,7,0.24,0.23,0.41,22.77,23,2.91,0.02,0.05,2.59,-14.38,-5.89,1.83,29.19,0,72.48,1.09,4.93,1.74,5.15
2022,12,14,8,1.02,1.03,1.35,111.92,114.92,14.66,0.19,0.92,5.86,-7.65,-0.89,3.48,43.69,0,72.55,0.77,359.42,1.3,359.31
2022,12,14,9,1.69,1.77,2.14,192.25,200.77,27.6,0.6,3,9.22,-7.81,0.71,3.23,32.44,0,72.6,0.7,310.46,0.93,310.91
2022,12,14,10,2.14,2.32,2.72,246.2,265.02,37.32,1.04,5.3,10.9,-6.08,2.41,3.85,34.44,0,72.61,1.83,244.53,2.38,244.7
2022,12,14,11,2.52,2.63,3.05,291.58,302.35,44.8,1.41,7.35,11.76,-4.6,3.58,4.27,35.94,0,72.57,2.46,236.51,3.19,236.7
2022,12,14,12,2.41,2.54,3.11,277.77,290.9,41.27,1.29,6.8,12.13,-3.29,4.42,4.64,38.06,0,72.5,2.87,233.19,3.73,233.25
2022,12,14,13,2.17,2.35,2.89,248.83,267.73,36.73,1.07,5.55,12.01,-2.27,4.87,4.94,41.06,0,72.43,3.02,231.94,3.93,231.95
2022,12,14,14,1.67,1.89,2.41,189.25,213.62,26.64,0.64,3.23,11.37,-1.57,4.9,5.19,44.81,0,72.37,2.91,231.75,3.81,231.74
2022,12,14,15,1.09,1.24,1.7,120.65,138.45,15.84,0.27,1.33,10.16,-1.04,4.56,5.37,50.25,0,72.35,2.42,231.43,3.18,231.38
2022,12,14,16,0.53,0.53,0.86,56.27,57.67,7.19,0.05,0.25,8.13,0.12,4.13,5.8,62.31,0,72.34,1.28,230.96,1.78,230.52
2022,12,14,17,0,0,0,0,0,0,0,0,4.85,0.12,2.48,5.74,76.94,0,72.34,0.12,0,0.15,348.11
2022,12,14,18,0,0,0,0,0,0,0,0,3.1,-1.11,1,5.31,80.88,0,72.36,0.59,24.19,1.1,26.02
2022,12,14,19,0,0,0,0,0,0,0,0,2.76,-2.81,-0.02,4.82,75.31,0,72.37,0.74,17.86,1.31,20.16
2022,12,14,20,0,0,0,0,0,0,0,0,2.79,-4.6,-0.91,4.33,67.62,0,72.39,0.79,13.08,1.35,14.76
2022,12,14,21,0,0,0,0,0,0,0,0,2.8,-5.99,-1.6,3.97,61.5,0,72.41,0.7,0.64,1.14,1.18
2022,12,14,22,0,0,0,0,0,0,0,0,3.01,-6.88,-1.94,3.66,56.5,0,72.43,0.57,345.77,0.9,344.4
2022,12,14,23,0,0,0,0,0,0,0,0,3.19,-7.41,-2.11,3.54,53.12,0,72.43,0.51,335.77,0.77,331.34
2022,12,15,0,0,0,0,0,0,0,0,0,2.9,-7.62,-2.36,3.42,52.81,0,72.42,0.52,327.99,0.76,322.9
2022,12,15,1,0,0,0,0,0,0,0,0,2.43,-7.6,-2.59,3.36,53.69,0,72.4,0.53,333.81,0.79,329.13
2022,12,15,2,0,0,0,0,0,0,0,0,1.71,-7.6,-2.95,3.3,55.5,0,72.38,0.56,343.84,0.87,342.22
2022,12,15,3,0,0,0,0,0,0,0,0,1.08,-7.85,-3.38,3.17,56.19,0,72.35,0.67,0.67,1.07,1.25
2022,12,15,4,0,0,0,0,0,0,0,0,1.12,-8.56,-3.72,2.99,52.38,0,72.31,0.98,17.71,1.52,18.53
2022,12,15,5,0,0,0,0,0,0,0,0,0.8,-9.75,-4.48,2.75,48.75,0,72.28,1.19,20.69,1.87,20.56
2022,12,15,6,0,0,0,0,0,0,0,0,0.23,-11.07,-5.42,2.5,46.5,0,72.28,1.27,16.87,2.03,17.25
2022,12,15,7,0.23,0.22,0.4,21.25,21.35,2.73,0.01,0.05,0.15,-11.42,-5.63,2.44,46.12,0,72.3,1.24,13.16,2.08,13.04
2022,12,15,8,1,1.01,1.34,108.08,110,13.67,0.15,0.73,3.4,-5.75,-1.17,3.91,57.75,0,72.34,0.93,7.24,1.74,8.28
2022,12,15,9,1.69,1.73,2.13,188.7,194.45,26.21,0.51,2.5,7.14,-7.27,-0.06,3.54,40.56,0,72.4,1.16,331.36,1.55,331.76
2022,12,15,10,2.22,2.28,2.72,251.12,257.92,36.64,0.91,4.6,9.41,-6.56,1.43,3.91,38.69,0,72.41,1.75,281.86,2.3,281.16
2022,12,15,11,2.53,2.6,3.05,287.92,294.67,42.97,1.23,6.27,10.58,-5.19,2.69,4.27,39,0,72.36,2.59,261.14,3.42,260.8
2022,12,15,12,2.27,2.41,3.11,256.35,269.92,36.09,1.02,5.23,10.9,-3.77,3.56,4.64,41.5,0,72.28,3.15,251.65,4.18,251.6
2022,12,15,13,2.06,2.21,2.89,229.95,246.08,32.27,0.84,4.3,10.69,-2.64,4.02,5,44.94,0,72.21,3.24,250.12,4.3,250.15
2022,12,15,14,1.54,1.75,2.41,169.33,191.45,22.65,0.48,2.42,10.18,-1.95,4.12,5.19,48.5,0,72.15,3.01,250.63,4,250.61
2022,12,15,15,0.98,1.1,1.71,104.38,118,13.15,0.19,0.95,9.36,-1.52,3.91,5.37,52.75,0,72.12,2.54,250.56,3.38,250.44
2022,12,15,16,0.4,0.41,0.82,40.98,41.65,5.47,0.03,0.15,7.51,0.04,3.77,5.86,64.94,0,72.1,1.46,252.54,2.11,251.63
2022,12,15,17,0.03,0.01,0.05,1.4,1.48,0.23,0,0,4.67,-0.52,2.08,5.68,77,0,72.11,0.51,298.12,0.86,295.87
2022,12,15,18,0,0,0,0,0,0,0,0,3.38,-1.6,0.9,5.31,79.19,0,72.14,0.9,6.45,1.51,5.95
2022,12,15,19,0,0,0,0,0,0,0,0,3.25,-2.67,0.29,4.94,74.06,0,72.16,1.01,16.61,1.67,15.72
2022,12,15,20,0,0,0,0,0,0,0,0,3.05,-3.67,-0.31,4.58,69.62,0,72.19,0.99,19.29,1.62,18.52
2022,12,15,21,0,0,0,0,0,0,0,0,2.91,-4.56,-0.82,4.27,65.44,0,72.21,1.02,17.88,1.65,17.32
2022,12,15,22,0,0,0,0,0,0,0,0,2.69,-5.34,-1.32,3.97,62.25,0,72.21,1.02,17.46,1.64,17.14
2022,12,15,23,0,0,0,0,0,0,0,0,2.52,-6.06,-1.77,3.72,59.31,0,72.21,0.96,16.07,1.53,15.66
2022,12,16,0,0,0,0,0,0,0,0,0,2.39,-6.68,-2.15,3.54,56.88,0,72.21,0.89,12.09,1.41,11.87
2022,12,16,1,0,0,0,0,0,0,0,0,2.12,-7.35,-2.62,3.36,55,0,72.2,0.88,10.71,1.38,10.74
2022,12,16,2,0,0,0,0,0,0,0,0,1.82,-8.19,-3.18,3.17,52.69,0,72.18,0.89,9.05,1.41,8.94
2022,12,16,3,0,0,0,0,0,0,0,0,1.66,-9.12,-3.73,2.93,49.44,0,72.15,0.94,11.03,1.47,11.31
2022,12,16,4,0,0,0,0,0,0,0,0,1.53,-9.91,-4.19,2.75,46.56,0,72.11,1,10.34,1.57,10.58
2022,12,16,5,0,0,0,0,0,0,0,0,1.3,-10.52,-4.61,2.56,44.62,0,72.12,1.06,10.15,1.68,10.16
2022,12,16,6,0,0,0,0,0,0,0,0,1.04,-11.26,-5.11,2.38,42.31,0,72.15,1.13,9.98,1.8,9.75
2022,12,16,7,0.18,0.17,0.39,16.6,16.85,2.32,0.01,0.05,1.32,-11.12,-4.9,2.44,41.69,0,72.19,1.15,9.01,1.89,9.27
2022,12,16,8,0.9,0.9,1.33,94.67,95.92,12.02,0.1,0.5,4.37,-5.66,-0.64,3.85,53,0,72.24,0.87,6.17,1.6,6.74
2022,12,16,9,1.53,1.6,2.12,168.02,176.6,22.76,0.38,1.85,7.71,-6.68,0.51,3.42,37.88,0,72.3,0.86,316.85,1.16,318.81
2022,12,16,10,2.04,2.14,2.71,229.25,239.83,32.84,0.73,3.6,9.44,-5.51,1.97,4.03,39.25,0,72.37,2.06,260.39,2.71,260.37
2022,12,16,11,2.32,2.44,3.04,262.12,273.55,37.98,0.95,4.75,10.31,-4.01,3.15,4.46,41.19,0,72.36,2.76,251,3.59,250.97
2022,12,16,12,2.19,2.32,3.11,243.33,256.02,33.93,0.84,4.27,10.83,-2.78,4.03,4.82,42.94,0,72.3,3.01,241.1,3.93,241.09
2022,12,16,13,1.89,2.07,2.89,206.35,224.67,27.45,0.63,3.15,10.78,-1.7,4.54,5.13,45.88,0,72.24,3.24,234.51,4.24,234.52
2022,12,16,14,1.42,1.6,2.42,150.48,169.38,19.01,0.35,1.73,10.08,-0.78,4.65,5.37,50.44,0,72.22,3.15,231.65,4.12,231.63
2022,12,16,15,0.96,0.98,1.71,96.5,101.05,11.7,0.14,0.7,8.89,-0.17,4.36,5.55,56.19,0,72.22,2.39,229.76,3.13,229.55
2022,12,16,16,0.35,0.35,0.82,34.23,34.42,4.64,0.02,0.1,7.12,0.65,3.88,5.86,67,0,72.22,1.29,222.3,1.75,221.93
2022,12,16,17,0.03,0.01,0.05,1.25,1.35,0.2,0,0,3.94,0.58,2.26,5.74,82.31,0,72.23,0.11,77.91,0.19,90
2022,12,16,18,0,0,0,0,0,0,0,0,2.33,0.16,1.25,5.55,88.88,0,72.25,0.62,43.48,1.27,43.75
2022,12,16,19,0,0,0,0,0,0,0,0,1.95,-0.59,0.68,5.25,86.56,0,72.26,0.91,34.1,1.76,35.95
2022,12,16,20,0,0,0,0,0,0,0,0,1.98,-1.8,0.09,4.82,79.5,0,72.28,1.06,28.27,1.9,30.04
2022,12,16,21,0,0,0,0,0,0,0,0,2.33,-3.17,-0.42,4.39,70.75,0,72.31,1.01,22.38,1.69,23.37
2022,12,16,22,0,0,0,0,0,0,0,0,2.49,-4.34,-0.92,4.09,64.62,0,72.34,0.85,19.27,1.4,20.26
2022,12,16,23,0,0,0,0,0,0,0,0,2.61,-5.26,-1.32,3.78,60,0,72.33,0.74,18.43,1.19,20.34
2022,12,17,0,0,0,0,0,0,0,0,0,2.44,-6.02,-1.79,3.6,57.25,0,72.3,0.69,17.2,1.1,19.46
2022,12,17,1,0,0,0,0,0,0,0,0,2.31,-6.83,-2.26,3.36,54.38,0,72.29,0.71,16.03,1.09,18.31
2022,12,17,2,0,0,0,0,0,0,0,0,2.53,-7.8,-2.63,3.17,49.81,0,72.29,0.78,13.34,1.14,14.7
2022,12,17,3,0,0,0,0,0,0,0,0,2.37,-8.84,-3.23,2.93,46.88,0,72.27,0.9,12.58,1.31,12.71
2022,12,17,4,0,0,0,0,0,0,0,0,2.23,-9.86,-3.81,2.75,43.94,0,72.25,1.02,9.25,1.49,9.66
2022,12,17,5,0,0,0,0,0,0,0,0,1.73,-10.76,-4.52,2.56,42.56,0,72.26,1.08,5.42,1.62,5.55
2022,12,17,6,0,0,0,0,0,0,0,0,1.38,-11.78,-5.2,2.38,40.5,0,72.31,1.1,2.44,1.7,2.37
2022,12,17,7,0.19,0.18,0.38,17.12,17.48,2.33,0.01,0.02,1.7,-12.06,-5.18,2.32,38.88,0,72.36,1.09,358.77,1.7,359.74
2022,12,17,8,0.93,0.92,1.32,98.08,99.38,12.34,0.09,0.48,3.91,-6.29,-1.19,3.72,53.75,0,72.42,0.77,354.75,1.36,354.72
2022,12,17,9,1.59,1.63,2.12,175.42,181.52,23.91,0.38,1.85,7.04,-6.58,0.23,3.6,41.94,0,72.49,0.83,318.05,1.13,318.63
2022,12,17,10,2.08,2.16,2.7,233.88,242.7,33.34,0.71,3.5,9.05,-5.99,1.53,4.03,40.5,0,72.52,1.83,260.42,2.38,260.17
2022,12,17,11,2.27,2.45,3.04,256.85,275.45,37.15,0.91,4.5,9.88,-4.42,2.73,4.39,41.94,0,72.5,2.75,246.2,3.58,246.06
2022,12,17,12,2.01,2.25,3.1,225.23,250.02,30.77,0.73,3.7,10.2,-2.95,3.62,4.76,44.56,0,72.45,3.17,237.8,4.14,237.87
2022,12,17,13,1.66,2.02,2.89,185.4,221.42,24.28,0.53,2.67,10.03,-1.73,4.15,5.13,48.31,0,72.41,3.32,233.43,4.36,233.46
2022,12,17,14,1.14,1.55,2.42,124.5,167.8,15.95,0.28,1.4,9.4,-0.76,4.32,5.43,53.12,0,72.4,3.16,232.14,4.14,232.2
2022,12,17,15,0.86,0.98,1.71,91.7,103.75,11.77,0.14,0.67,8.38,-0.13,4.13,5.62,58.94,0,72.39,2.69,230.66,3.55,230.63
2022,12,17,16,0.34,0.35,0.83,34.48,35.83,4.98,0.02,0.1,6.58,0.69,3.63,5.86,70.12,0,72.39,1.73,225.36,2.42,225.26
2022,12,17,17,0.02,0.01,0.06,1.25,1.4,0.2,0,0,3.73,1.13,2.43,5.98,87.06,0,72.42,0.39,219.37,0.73,218.09
2022,12,17,18,0,0,0,0,0,0,0,0,2.09,1.04,1.57,5.92,96.69,0,72.46,0.44,39.29,0.83,38.91
2022,12,17,19,0,0,0,0,0,0,0,0,1.8,0.48,1.14,5.68,95.19,0,72.49,0.72,40.6,1.32,41.41
2022,12,17,20,0,0,0,0,0,0,0,0,2.04,-0.39,0.82,5.37,88.56,0,72.51,0.82,39.95,1.37,41.06
2022,12,17,21,0,0,0,0,0,0,0,0,2.15,-1.3,0.43,5.07,83,0,72.53,0.71,35.61,1.16,36.79
2022,12,17,22,0,0,0,0,0,0,0,0,2.41,-2.06,0.17,4.82,77.5,0,72.52,0.65,28.72,1,29.58
2022,12,17,23,0,0,0,0,0,0,0,0,2.7,-2.77,-0.03,4.64,72.31,0,72.5,0.71,22.04,1.02,22.45
2022,12,18,0,0,0,0,0,0,0,0,0,2.6,-3.52,-0.46,4.39,69.12,0,72.47,0.75,13.89,1.07,14.34
2022,12,18,1,0,0,0,0,0,0,0,0,2.38,-4.36,-0.99,4.15,66.19,0,72.46,0.81,7.74,1.16,8.13
2022,12,18,2,0,0,0,0,0,0,0,0,1.94,-5.29,-1.67,3.85,64,0,72.43,0.9,7.99,1.33,7.75
2022,12,18,3,0,0,0,0,0,0,0,0,1.27,-6.33,-2.52,3.6,62.38,0,72.39,1.02,12.34,1.58,11.98
2022,12,18,4,0,0,0,0,0,0,0,0,0.5,-7.54,-3.52,3.3,60.25,0,72.36,1.1,14.43,1.78,14.53
2022,12,18,5,0,0,0,0,0,0,0,0,0.27,-8.7,-4.21,2.99,55.88,0,72.37,1.15,13.37,1.88,13.46
2022,12,18,6,0,0,0,0,0,0,0,0,0.12,-9.82,-4.85,2.75,51.38,0,72.42,1.17,11.53,1.92,11.95
2022,12,18,7,0.15,0.14,0.37,13.08,13.33,1.94,0.01,0.02,0.44,-10.17,-4.87,2.62,48.38,0,72.46,1.14,11.46,1.92,12.45
2022,12,18,8,0.79,0.78,1.31,79.05,79.52,10.16,0.09,0.4,3.65,-5.67,-1.01,3.78,55.38,0,72.51,0.88,11.21,1.58,11.14
2022,12,18,9,1.41,1.46,2.11,149.62,155.67,19.55,0.3,1.5,6.96,-5.81,0.58,3.78,43.81,0,72.56,0.67,334.33,0.86,334.83
2022,12,18,10,1.91,2,2.7,209.35,218.92,28.76,0.61,3.02,8.99,-4.57,2.21,4.33,43.81,0,72.59,1.87,250.73,2.41,250.51
2022,12,18,11,2.2,2.34,3.04,245.33,258.58,34.84,0.84,4.17,9.88,-3.2,3.34,4.76,45.56,0,72.55,2.76,242.49,3.57,242.54
2022,12,18,12,2.3,2.5,3.1,265.77,284.85,39.38,1,4.98,10.27,-1.85,4.22,5.19,48.38,0,72.48,3.15,237.26,4.11,237.19
2022,12,18,13,2.01,2.3,2.89,230.4,259.08,33.53,0.78,3.9,10.22,-0.6,4.81,5.62,52.5,0,72.42,3.3,234.43,4.32,234.56
2022,12,18,14,1.47,1.83,2.42,164.42,203.8,22.86,0.43,2.1,9.7,0.4,5.05,5.98,57.62,0,72.39,3.19,233.66,4.18,233.67
2022,12,18,15,1.1,1.19,1.72,120,130.83,16.08,0.2,0.95,8.68,1.08,4.88,6.23,64.06,0,72.36,2.73,233.85,3.6,233.93
2022,12,18,16,0.44,0.46,0.83,44.73,47.1,6.02,0.02,0.12,6.96,1.76,4.36,6.47,74.94,0,72.35,1.85,232.21,2.53,232.14
2022,12,18,17,0.03,0.02,0.06,1.52,1.7,0.25,0,0,4.01,2.44,3.23,6.65,95,0,72.34,0.49,235.3,0.87,232.31
2022,12,18,18,0,0,0,0,0,0,0,0,2.51,2.38,2.45,6.65,100,0,72.35,0.5,19.29,0.89,21.15
2022,12,18,19,0,0,0,0,0,0,0,0,2.1,1.54,1.82,6.35,100,0,72.36,0.82,30.22,1.42,31.07
2022,12,18,20,0,0,0,0,0,0,0,0,2.3,0.53,1.42,5.98,95.94,0,72.37,0.75,30.04,1.21,31.03
2022,12,18,21,0,0,0,0,0,0,0,0,2.54,-0.23,1.15,5.68,90,0,72.39,0.56,24.78,0.86,26.33
2022,12,18,22,0,0,0,0,0,0,0,0,2.55,-0.67,0.94,5.49,87.25,0,72.4,0.45,20.32,0.68,21.56
2022,12,18,23,0,0,0,0,0,0,0,0,2,-1.01,0.49,5.37,88.44,0,72.38,0.42,19.8,0.66,21.43
2022,12,19,0,0,0,0,0,0,0,0,0,1.35,-1.29,0.03,5.25,90.25,0,72.37,0.38,20.28,0.65,21.29
2022,12,19,1,0,0,0,0,0,0,0,0,1.05,-1.52,-0.24,5.13,90,0,72.36,0.38,16.93,0.64,18.43
2022,12,19,2,0,0,0,0,0,0,0,0,0.74,-1.78,-0.52,5,89.69,0,72.35,0.43,17.78,0.73,18.82
2022,12,19,3,0,0,0,0,0,0,0,0,0.47,-2.26,-0.89,4.82,88.19,0,72.32,0.56,17.93,0.93,20.11
2022,12,19,4,0,0,0,0,0,0,0,0,0.26,-2.95,-1.35,4.58,85.06,0,72.29,0.72,17.06,1.17,19.04
2022,12,19,5,0,0,0,0,0,0,0,0,0.05,-3.92,-1.93,4.27,80.88,0,72.29,0.84,17.93,1.35,18.96
2022,12,19,6,0,0,0,0,0,0,0,0,0.13,-5.05,-2.45,3.97,74.56,0,72.31,0.91,16.89,1.43,16.85
2022,12,19,7,0.16,0.16,0.36,14.33,15.02,2.07,0.01,0.02,0.96,-5.95,-2.49,3.72,66.06,0,72.34,0.93,14.62,1.41,14.42
2022,12,19,8,0.83,0.87,1.3,88.73,93.17,11.73,0.09,0.45,3.73,-3.97,-0.13,4.33,63.31,0,72.37,0.69,8.5,1.07,7.95
2022,12,19,9,1.41,1.58,2.1,157.35,174.75,21.73,0.34,1.65,6.49,-2.56,1.96,4.94,59.19,0,72.41,0.7,266.82,0.88,266.96
2022,12,19,10,1.77,2.11,2.69,200.4,236.65,28.7,0.6,2.98,8.28,-1.63,3.33,5.31,56.12,0,72.43,2.18,238.02,2.79,238.18
2022,12,19,11,2.21,2.44,3.03,254.95,276.67,37.87,0.91,4.55,9.3,-0.79,4.25,5.49,54.25,0,72.4,3,235.28,3.9,235.45
2022,12,19,12,2.16,2.46,3.1,251.17,279.95,37.15,0.91,4.58,9.71,0.16,4.94,5.74,55.25,0,72.33,3.43,232.97,4.45,233.07
2022,12,19,13,1.76,2.23,2.9,199.9,250.08,28.65,0.65,3.25,9.61,1.01,5.3,6.04,58.25,0,72.27,3.57,232.38,4.63,232.4
2022,12,19,14,1.45,1.77,2.43,162.98,195.67,22.34,0.41,2.02,8.98,1.59,5.28,6.23,62.75,0,72.22,3.35,233.24,4.35,233.32
2022,12,19,15,1.02,1.13,1.72,109.2,121.38,14.1,0.16,0.8,7.91,1.94,4.93,6.35,68.75,0,72.19,2.79,233.64,3.64,233.82
2022,12,19,16,0.41,0.42,0.84,40.92,42.33,5.55,0.02,0.12,6.33,2.32,4.32,6.53,78.75,0,72.16,1.96,232.63,2.65,232.79
2022,12,19,17,0.03,0.02,0.06,1.5,1.62,0.24,0,0,3.83,2.62,3.23,6.65,96.06,0,72.16,0.69,230.03,1.18,229.56
2022,12,19,18,0,0,0,0,0,0,0,0,2.62,2.45,2.54,6.65,100,0,72.17,0.25,347.28,0.38,341.94
2022,12,19,19,0,0,0,0,0,0,0,0,1.69,1.74,1.72,6.35,100,0,72.18,0.68,15.95,1.21,18.08
2022,12,19,20,0,0,0,0,0,0,0,0,1.66,0.35,1.01,5.86,98.44,0,72.19,0.86,17.45,1.43,18.43
2022,12,19,21,0,0,0,0,0,0,0,0,1.92,-1.08,0.42,5.43,89.5,0,72.19,0.76,8.88,1.21,9.64
2022,12,19,22,0,0,0,0,0,0,0,0,2.24,-2.17,0.04,5.13,82.5,0,72.2,0.77,2.92,1.17,2.69
2022,12,19,23,0,0,0,0,0,0,0,0,2.11,-3.11,-0.5,4.88,79.12,0,72.19,0.77,2.89,1.18,2.65
2022,12,20,0,0,0,0,0,0,0,0,0,1.55,-4.09,-1.27,4.58,77.88,0,72.17,0.77,6.98,1.22,6.99
2022,12,20,1,0,0,0,0,0,0,0,0,1.29,-5.11,-1.91,4.33,74.44,0,72.17,0.8,11.86,1.26,12.14
2022,12,20,2,0,0,0,0,0,0,0,0,1.19,-6.23,-2.52,4.03,69.88,0,72.16,0.83,12.99,1.33,13.63
2022,12,20,3,0,0,0,0,0,0,0,0,1.23,-7.35,-3.06,3.72,64.94,0,72.14,0.87,13.54,1.37,13.88
2022,12,20,4,0,0,0,0,0,0,0,0,1.62,-8.47,-3.42,3.48,58.75,0,72.13,0.9,14.04,1.37,13.56
2022,12,20,5,0,0,0,0,0,0,0,0,1.83,-9.58,-3.87,3.23,53.94,0,72.15,0.91,12.96,1.34,12.42
2022,12,20,6,0,0,0,0,0,0,0,0,1.87,-10.56,-4.35,3.05,50.69,0,72.2,0.88,11.31,1.29,10.83
2022,12,20,7,0.18,0.17,0.36,16.33,16.42,2.2,0.01,0.02,2.33,-10.73,-4.2,3.05,48.5,0,72.26,0.81,11.09,1.19,10.94
2022,12,20,8,0.92,0.92,1.3,99.3,100.65,12.38,0.09,0.45,4.8,-6.68,-0.94,3.91,52.38,0,72.32,0.56,4.76,0.86,5.76
2022,12,20,9,1.6,1.65,2.1,179.4,185.42,24.34,0.38,1.83,7.56,-4.33,1.62,4.52,50.06,0,72.37,0.77,267.66,0.97,268.15
2022,12,20,10,2.13,2.2,2.69,242.25,250.92,34.84,0.73,3.58,9.29,-3.01,3.14,4.94,49.06,0,72.39,2.18,239.39,2.79,239.42
2022,12,20,11,2.46,2.52,3.03,281.8,288.17,41.17,0.99,4.95,10.13,-1.56,4.29,5.31,49.88,0,72.35,2.93,235.08,3.82,235.08
2022,12,20,12,2.27,2.4,3.1,258.98,271.75,36.77,0.89,4.42,10.48,-0.29,5.1,5.68,52,0,72.28,3.26,232.88,4.25,232.92
2022,12,20,13,1.88,2.21,2.9,213,248.05,30.13,0.68,3.38,10.4,0.7,5.55,6.04,55.19,0,72.21,3.33,232.24,4.33,232.32
2022,12,20,14,1.56,1.78,2.43,174.88,198.08,23.96,0.44,2.15,9.89,1.37,5.62,6.23,59.06,0,72.17,3.15,232.76,4.1,232.82
2022,12,20,15,1.01,1.15,1.73,109.75,124.77,14.09,0.16,0.83,8.93,1.8,5.37,6.35,64.38,0,72.15,2.63,232.35,3.44,232.38
2022,12,20,16,0.44,0.44,0.85,45.23,45.98,6.02,0.02,0.12,7.21,2.27,4.74,6.53,74.38,0,72.14,1.7,230.03,2.32,229.92
2022,12,20,17,0.03,0.02,0.06,1.7,1.8,0.27,0,0,4.27,2.71,3.49,6.71,93.56,0,72.15,0.36,214.38,0.65,217.15
2022,12,20,18,0,0,0,0,0,0,0,0,2.65,2.47,2.56,6.59,100,0,72.18,0.53,28.07,1,31.58
2022,12,20,19,0,0,0,0,0,0,0,0,2.34,1.32,1.83,6.16,98.69,0,72.21,0.78,25.54,1.39,27.71
2022,12,20,20,0,0,0,0,0,0,0,0,2.74,-0.06,1.34,5.74,89.19,0,72.24,0.61,20.98,0.98,22.06
2022,12,20,21,0,0,0,0,0,0,0,0,3.16,-1.01,1.08,5.49,82.75,0,72.25,0.46,8.82,0.67,6.04
2022,12,20,22,0,0,0,0,0,0,0,0,2.91,-1.52,0.69,5.37,82.31,0,72.25,0.43,350.54,0.64,346.64
2022,12,20,23,0,0,0,0,0,0,0,0,2.65,-1.81,0.43,5.31,82.69,0,72.24,0.46,336.04,0.71,334
2022,12,21,0,0,0,0,0,0,0,0,0,2.24,-1.95,0.15,5.25,84.25,0,72.23,0.47,335.56,0.75,333.43
2022,12,21,1,0,0,0,0,0,0,0,0,1.54,-2.13,-0.3,5.13,86.88,0,72.23,0.43,340.91,0.73,342.54
2022,12,21,2,0,0,0,0,0,0,0,0,1.03,-2.43,-0.7,5,87.75,0,72.22,0.45,348.89,0.78,350.16
2022,12,21,3,0,0,0,0,0,0,0,0,0.76,-2.8,-1.02,4.82,86.75,0,72.23,0.48,1.88,0.84,1.61
2022,12,21,4,0,0,0,0,0,0,0,0,0.58,-3.4,-1.42,4.64,83.94,0,72.23,0.46,12.63,0.81,11.63
2022,12,21,5,0,0,0,0,0,0,0,0,0.35,-4.04,-1.85,4.39,81.25,0,72.26,0.44,20.67,0.76,18.62
2022,12,21,6,0,0,0,0,0,0,0,0,0.12,-4.54,-2.21,4.21,79.12,0,72.32,0.46,23.96,0.77,23.2
2022,12,21,7,0.19,0.18,0.35,17.83,18.2,2.27,0.01,0.02,0.32,-4.83,-2.26,4.09,75.56,0,72.37,0.48,26.15,0.87,26.1
2022,12,21,8,0.93,0.94,1.29,105.08,107.62,13.31,0.09,0.48,3.8,-2.47,0.66,4.76,69.25,0,72.42,0.46,30.96,0.72,26.29
2022,12,21,9,1.58,1.66,2.09,183.92,193.77,25.95,0.4,1.95,7.33,-2.73,2.3,4.76,53.62,0,72.47,0.47,268.09,0.65,265.87
2022,12,21,10,2.11,2.22,2.68,248.33,259.9,37.02,0.78,3.88,9.46,-2.51,3.48,4.88,47.62,0,72.49,2.2,247.71,2.85,247.44
2022,12,21,11,2.4,2.54,3.03,284.85,298.6,43.3,1.05,5.25,10.46,-1.63,4.41,5.13,47,0,72.45,3.05,244.49,3.96,244.5
2022,12,21,12,2.35,2.52,3.1,277.3,294.5,41.25,1.02,5.1,10.79,-0.91,4.94,5.37,48.31,0,72.38,3.45,242.51,4.48,242.59
2022,12,21,13,2.25,2.35,2.9,263.42,274.15,39.08,0.91,4.48,10.61,-0.44,5.08,5.55,50.56,0,72.32,3.48,242,4.5,242.06
2022,12,21,14,1.68,1.91,2.43,195.48,220.45,27.63,0.51,2.5,10.09,-0.27,4.91,5.68,52.94,0,72.27,3.17,242.36,4.11,242.46
2022,12,21,15,1.14,1.28,1.74,129.1,145.6,16.91,0.2,0.98,9.08,-0.27,4.41,5.68,56.69,0,72.24,2.6,243.82,3.4,243.79
2022,12,21,16,0.55,0.54,0.86,58.65,59.12,7.16,0.03,0.15,7.25,0.21,3.73,5.86,66.69,0,72.22,1.57,244.33,2.17,244.17
2022,12,21,17,0.03,0.02,0.07,2.05,2.15,0.32,0,0,4.14,0.34,2.24,5.86,82.56,0,72.23,0.37,261.53,0.71,255.96
2022,12,21,18,0,0,0,0,0,0,0,0,2.51,-0.27,1.12,5.68,89.81,0,72.26,0.34,357.34,0.56,351.19
2022,12,21,19,0,0,0,0,0,0,0,0,1.92,-1.1,0.4,5.43,89.62,0,72.29,0.45,4.93,0.78,2.86
2022,12,21,20,0,0,0,0,0,0,0,0,1.64,-2.01,-0.18,5.13,86.62,0,72.32,0.51,1.76,0.88,1.02
2022,12,21,21,0,0,0,0,0,0,0,0,1.39,-2.82,-0.71,4.88,83.44,0,72.34,0.56,357.61,0.95,356.72
2022,12,21,22,0,0,0,0,0,0,0,0,1.17,-3.56,-1.19,4.58,80.25,0,72.35,0.51,1.76,0.85,0
2022,12,21,23,0,0,0,0,0,0,0,0,0.98,-4.15,-1.59,4.39,77.5,0,72.34,0.39,6.98,0.63,2.86
2022,12,22,0,0,0,0,0,0,0,0,0,0.64,-4.43,-1.9,4.27,77.06,0,72.33,0.29,7.7,0.45,1.01
2022,12,22,1,0,0,0,0,0,0,0,0,0.13,-4.19,-2.03,4.21,79.62,0,72.33,0.24,1.85,0.37,351.53
2022,12,22,2,0,0,0,0,0,0,0,0,-0.09,-4,-2.05,4.21,80.5,0,72.33,0.32,12.68,0.47,4.76
2022,12,22,3,0,0,0,0,0,0,0,0,-0.27,-4.36,-2.31,4.09,78.81,0,72.3,0.44,28.37,0.68,25.69
2022,12,22,4,0,0,0,0,0,0,0,0,-0.7,-5.45,-3.07,3.72,75.44,0,72.28,0.53,31.83,0.88,30.88
2022,12,22,5,0,0,0,0,0,0,0,0,-1.06,-7.17,-4.11,3.36,69,0,72.28,0.61,31.85,1.04,30.82
2022,12,22,6,0,0,0,0,0,0,0,0,-1.2,-9.39,-5.3,2.87,60.38,0,72.29,0.66,29.91,1.13,28.86
2022,12,22,7,0.21,0.2,0.34,18.58,18.85,2.23,0.01,0.02,-0.65,-10.96,-5.81,2.62,52.06,0,72.32,0.62,26.89,1.08,25.82
2022,12,22,8,0.98,0.99,1.28,106.77,109.42,13.11,0.09,0.48,2.73,-6.54,-1.91,3.72,57.75,0,72.36,0.31,23.39,0.59,21.09
2022,12,22,9,1.69,1.74,2.08,190.45,196,26.09,0.4,1.95,6.64,-10.36,-1.86,2.75,32.81,0,72.42,0.85,246.73,1.12,246.12
2022,12,22,10,2.19,2.3,2.68,249.5,261.38,36.16,0.75,3.73,8.37,-10.81,-1.22,2.69,28.19,0,72.43,2.3,238.64,2.99,238.47
2022,12,22,11,2.53,2.64,3.03,290.45,301.23,43.35,1.05,5.25,9.21,-9.44,-0.12,2.93,29.06,0,72.39,3.04,235.9,3.95,235.87
2022,12,22,12,2.63,2.68,3.1,301.52,306.52,45.14,1.13,5.65,9.5,-8.15,0.68,3.17,31.06,0,72.31,3.38,234.03,4.38,234.15
2022,12,22,13,2.3,2.49,2.9,263.42,282.58,38.62,0.9,4.45,9.39,-7.25,1.07,3.36,33.12,0,72.23,3.35,233.72,4.34,233.85
2022,12,22,14,1.84,2.05,2.44,209.3,231.7,29.73,0.55,2.73,8.87,-6.73,1.08,3.48,35.31,0,72.18,3.11,234.91,4.03,235.02
2022,12,22,15,1.27,1.4,1.74,141.33,156.83,18.68,0.22,1.1,7.82,-6.27,0.78,3.6,39.19,0,72.15,2.6,235.16,3.4,235.29
2022,12,22,16,0.62,0.62,0.86,66.17,66.77,7.84,0.03,0.15,5.85,-4.67,0.59,4.15,51.56,0,72.14,1.58,230.01,2.21,230.45
2022,12,22,17,0.04,0.03,0.07,2.33,2.52,0.35,0,0,2.89,-3.99,-0.56,4.21,65,0,72.14,0.26,223.78,0.46,223.64
2022,12,22,18,0,0,0,0,0,0,0,0,1.06,-4.72,-1.83,4.03,70.19,0,72.16,0.6,33.27,1.04,34.64
2022,12,22,19,0,0,0,0,0,0,0,0,0.23,-5.89,-2.84,3.66,68.69,0,72.18,0.95,27.82,1.65,29.11
2022,12,22,20,0,0,0,0,0,0,0,0,-0.08,-7.54,-3.81,3.3,62.44,0,72.2,1.06,21.1,1.81,22.35
2022,12,22,21,0,0,0,0,0,0,0,0,0.07,-9.35,-4.64,2.87,53.94,0,72.21,1.06,14.04,1.75,14.78
2022,12,22,22,0,0,0,0,0,0,0,0,0.16,-10.58,-5.2,2.62,48.75,0,72.2,1.09,14.14,1.74,14.29
2022,12,22,23,0,0,0,0,0,0,0,0,0.11,-11.84,-5.87,2.38,44.25,0,72.19,1.04,10.38,1.64,10.13
2022,12,23,0,0,0,0,0,0,0,0,0,0.37,-12.92,-6.27,2.14,39.75,0,72.18,0.94,4.76,1.45,4.33
2022,12,23,1,0,0,0,0,0,0,0,0,0.89,-13.87,-6.49,2.01,35.5,0,72.19,0.86,359.48,1.26,358.22
2022,12,23,2,0,0,0,0,0,0,0,0,0.75,-14.38,-6.81,1.95,34.62,0,72.2,0.84,353.07,1.24,352.38
2022,12,23,3,0,0,0,0,0,0,0,0,0.36,-14.82,-7.23,1.89,35.38,0,72.19,1,358.21,1.51,357.92
2022,12,23,4,0,0,0,0,0,0,0,0,-0.29,-14.97,-7.63,1.95,38.12,0,72.18,1.1,2.84,1.74,2.06
2022,12,23,5,0,0,0,0,0,0,0,0,-0.33,-15.73,-8.02,1.83,35.69,0,72.19,1.17,6.13,1.85,5.57
2022,12,23,6,0,0,0,0,0,0,0,0,-0.1,-16.57,-8.33,1.71,32.31,0,72.24,1.17,8.83,1.85,8.27
2022,12,23,7,0.22,0.21,0.34,19.1,19.45,2.27,0.01,0.02,0.98,-16.42,-7.72,1.71,30,0,72.29,1.08,8.31,1.7,7.94
2022,12,23,8,0.99,1.02,1.27,108.75,112.58,13.88,0.1,0.5,4.09,-9.74,-2.82,3.11,44.25,0,72.35,0.7,1.27,1.21,359.26
2022,12,23,9,1.68,1.75,2.08,190.58,199.2,26.98,0.41,2.02,7.29,-10.5,-1.6,2.62,29.94,0,72.41,0.8,289.5,1.09,290.65
2022,12,23,10,2.18,2.31,2.68,250.75,264.4,37.4,0.78,3.88,8.95,-10.45,-0.75,2.56,26.31,0,72.45,2.23,245.41,2.92,245.84
2022,12,23,11,2.48,2.63,3.03,286.38,301,42.82,1.03,5.12,9.8,-9.47,0.16,2.75,26.31,0,72.43,2.78,239.84,3.63,240.01
2022,12,23,12,2.64,2.66,3.11,302.9,305.05,44.96,1.11,5.5,10.13,-8.44,0.85,2.93,27.56,0,72.36,3.03,235.41,3.93,235.46
2022,12,23,13,2.25,2.46,2.91,260.88,281.6,38.14,0.87,4.33,10.04,-7.77,1.14,3.11,29.12,0,72.31,2.96,234.13,3.82,234.16
2022,12,23,14,1.92,2.03,2.44,221.52,233.2,31.95,0.59,2.92,9.58,-7.59,1,3.17,30.56,0,72.28,2.43,235.34,3.11,235.23
2022,12,23,15,1.22,1.37,1.75,137.75,155.6,18.19,0.21,1.05,8.74,-7.66,0.55,3.17,32.38,0,72.25,1.71,235.07,2.19,234.72
2022,12,23,16,0.61,0.6,0.87,65.5,66.17,7.77,0.03,0.15,6.98,-5.85,0.56,3.72,43.12,0,72.23,0.92,226.71,1.29,226.96
2022,12,23,17,0.03,0.03,0.07,2.35,2.6,0.37,0,0,4.22,-6.49,-1.13,3.42,48,0,72.24,0.11,219.29,0.23,220.82
2022,12,23,18,0,0,0,0,0,0,0,0,2.73,-7.5,-2.38,3.23,50.19,0,72.27,0.32,20.22,0.5,19.29
2022,12,23,19,0,0,0,0,0,0,0,0,2.46,-8.48,-3.01,3.05,48.62,0,72.29,0.33,21.04,0.5,20.14
2022,12,23,20,0,0,0,0,0,0,0,0,2.12,-9.19,-3.53,2.87,46.88,0,72.3,0.23,14.04,0.3,10.44
2022,12,23,21,0,0,0,0,0,0,0,0,1.34,-9.31,-3.99,2.75,47.88,0,72.33,0.19,340.82,0.22,306.47
2022,12,23,22,0,0,0,0,0,0,0,0,-0.23,-9.4,-4.81,2.69,52.5,0,72.34,0.26,0,0.29,338.2
2022,12,23,23,0,0,0,0,0,0,0,0,-1.18,-10.1,-5.64,2.56,53.69,0,72.33,0.35,14.04,0.42,2.12
2022,12,24,0,0,0,0,0,0,0,0,0,-2.16,-11.09,-6.62,2.38,54.31,0,72.32,0.39,19.89,0.51,12.34
2022,12,24,1,0,0,0,0,0,0,0,0,-2.81,-11.99,-7.39,2.26,53.56,0,72.33,0.42,22.78,0.58,16.48
2022,12,24,2,0,0,0,0,0,0,0,0,-3.37,-12.78,-8.07,2.08,52.38,0,72.34,0.45,22.54,0.63,17.31
2022,12,24,3,0,0,0,0,0,0,0,0,-3.93,-13.56,-8.75,1.95,50.81,0,72.32,0.5,22.14,0.79,17.9
2022,12,24,4,0,0,0,0,0,0,0,0,-4.22,-14.24,-9.24,1.77,48.19,0,72.28,0.57,24.44,0.97,20.18
2022,12,24,5,0,0,0,0,0,0,0,0,-4.01,-15.03,-9.52,1.65,43.56,0,72.25,0.6,27.24,1.02,22.45
2022,12,24,6,0,0,0,0,0,0,0,0,-3.35,-15.33,-9.35,1.59,39.44,0,72.28,0.52,28.89,0.81,23.85
2022,12,24,7,0.2,0.19,0.33,17.62,18.08,2.15,0.01,0.02,-2.28,-13.66,-7.97,1.83,41.38,0,72.31,0.48,48.29,0.75,46.68
2022,12,24,8,0.95,0.96,1.27,105.4,108.17,13.2,0.09,0.45,1.12,-9.48,-4.18,2.62,45.5,0,72.31,0.25,150.26,0.39,139.9
2022,12,24,9,1.63,1.69,2.07,186.75,193.73,26.02,0.38,1.9,2.21,-9.35,-3.57,2.62,42.62,0,72.45,1.53,228.73,2.02,228.61
2022,12,24,10,2.12,2.24,2.67,245.12,258.3,35.98,0.73,3.65,2.14,-5.84,-1.85,3.42,56.19,0,72.49,0.43,6.23,0.6,10.57
2022,12,24,11,2.34,2.56,3.03,274.08,295.92,41.02,0.98,4.85,4.7,-4.7,0,3.78,51.12,0,72.38,0.25,252.12,0.34,252.41
2022,12,24,12,2.25,2.5,3.11,262.2,286.7,38.26,0.92,4.6,7.23,-4.06,1.58,3.97,45.56,0,72.29,3.06,241.27,3.96,240.96
2022,12,24,13,1.95,2.33,2.91,224.5,265.35,32.59,0.73,3.62,7.81,-4.09,1.86,4.03,44.06,0,72.23,4.1,242.26,5.34,242.27
2022,12,24,14,1.57,1.89,2.45,180,214.52,25.15,0.46,2.25,7.51,-4.4,1.55,4.03,44.62,0,72.2,4.16,242.71,5.48,242.96
2022,12,24,15,1,1.26,1.76,110.5,140.25,14.14,0.16,0.8,6.57,-4.96,0.8,3.91,46.31,0,72.18,3.64,243.65,4.84,243.97
2022,12,24,16,0.51,0.53,0.88,53.67,56.85,6.88,0.03,0.15,4.51,-4.15,0.18,4.33,59.06,0,72.16,2.37,240.14,3.34,241.04
2022,12,24,17,0.03,0.02,0.08,2.23,2.42,0.36,0,0,1.56,-4.23,-1.34,4.21,71.5,0,72.16,1.15,243.43,1.75,243.43
2022,12,24,18,0,0,0,0,0,0,0,0,0.08,-4.52,-2.22,4.15,78.25,0,72.18,0.52,290.35,0.86,284.66
2022,12,24,19,0,0,0,0,0,0,0,0,-0.82,-5.03,-2.93,4.03,82,0,72.22,0.56,317.83,0.98,313.71
2022,12,24,20,0,0,0,0,0,0,0,0,-1.17,-5.44,-3.31,3.85,80.94,0,72.25,0.66,317.86,1.18,316.88
2022,12,24,21,0,0,0,0,0,0,0,0,-1.24,-6.02,-3.63,3.66,76.5,0,72.28,0.75,315.42,1.28,314.01
2022,12,24,22,0,0,0,0,0,0,0,0,-1.19,-6.83,-4.01,3.36,70.81,0,72.3,0.78,307.22,1.32,305.38
2022,12,24,23,0,0,0,0,0,0,0,0,-1.29,-7.53,-4.42,3.17,67.44,0,72.29,0.74,301.17,1.29,298.11
2022,12,25,0,0,0,0,0,0,0,0,0,-1.41,-8.22,-4.81,3.05,64.69,0,72.28,0.66,302.94,1.15,297.43
2022,12,25,1,0,0,0,0,0,0,0,0,-1.56,-8.77,-5.17,2.93,63.06,0,72.28,0.62,302.69,1.08,296.75
2022,12,25,2,0,0,0,0,0,0,0,0,-1.78,-9.07,-5.42,2.87,63.25,0,72.28,0.62,303.69,1.06,298.07
2022,12,25,3,0,0,0,0,0,0,0,0,-2.18,-9.27,-5.73,2.87,64.69,0,72.27,0.58,319.9,0.99,315.64
2022,12,25,4,0,0,0,0,0,0,0,0,-2.67,-9.66,-6.17,2.75,65.38,0,72.24,0.65,343.3,1.11,341.95
2022,12,25,5,0,0,0,0,0,0,0,0,-2.92,-10.4,-6.66,2.62,63.06,0,72.23,0.83,353.48,1.38,353.48
2022,12,25,6,0,0,0,0,0,0,0,0,-3.09,-11.4,-7.24,2.44,59.5,0,72.26,0.96,356.28,1.58,356.6
2022,12,25,7,0.14,0.13,0.32,12.08,12.25,1.75,0.01,0.02,-2.7,-11.67,-7.19,2.38,57,0,72.32,0.99,357.75,1.66,358.12
2022,12,25,8,0.81,0.81,1.26,82.33,83.42,10.48,0.07,0.35,0.62,-7.92,-3.65,3.3,60,0,72.37,0.82,353.42,1.37,354.13
2022,12,25,9,1.45,1.52,2.07,156.5,164.45,20.7,0.29,1.42,3.85,-8.94,-2.55,3.05,44.31,0,72.44,1.34,289.07,1.73,289.83
2022,12,25,10,1.92,2.08,2.67,213.2,230.27,29.6,0.56,2.8,5.37,-6.34,-0.48,3.66,47.75,0,72.47,2.17,256.06,2.78,256.16
2022,12,25,11,2.25,2.4,3.03,254.6,269.27,35.33,0.78,3.9,6.37,-4.85,0.76,4.03,48.62,0,72.44,2.66,243.81,3.39,243.91
2022,12,25,12,2.26,2.51,3.11,261.12,286.2,37.53,0.87,4.33,7,-3.95,1.52,4.21,49,0,72.37,3.05,236.27,3.89,236.37
2022,12,25,13,2.05,2.35,2.92,235.75,265.3,34.04,0.74,3.67,7.12,-3.44,1.84,4.33,49.94,0,72.3,3.26,231.92,4.16,231.95
2022,12,25,14,1.59,1.9,2.46,179.8,212.12,24.95,0.44,2.15,6.78,-3.16,1.81,4.39,51.75,0,72.27,3.18,229.78,4.08,229.9
2022,12,25,15,1.09,1.26,1.77,119.6,137.7,15.55,0.17,0.85,5.95,-2.86,1.55,4.52,55.81,0,72.26,2.85,227.22,3.68,227.33
2022,12,25,16,0.51,0.51,0.89,52.33,53.6,6.74,0.03,0.12,4.37,-1.91,1.23,4.88,67.44,0,72.28,2.11,221.85,2.85,221.89
2022,12,25,17,0.03,0.02,0.08,2.3,2.4,0.37,0,0,1.66,-1.3,0.19,5.07,85.38,0,72.32,0.96,203.44,1.52,203.66
2022,12,25,18,0,0,0,0,0,0,0,0,0.88,-1.27,-0.2,5.13,90.81,0,72.38,0.34,155.77,0.58,165.22
2022,12,25,19,0,0,0,0,0,0,0,0,-0.49,-1.64,-1.06,5,98.75,0,72.42,0.39,61.39,0.59,64.11
2022,12,25,20,0,0,0,0,0,0,0,0,-1.18,-2.54,-1.86,4.7,98.25,0,72.45,0.5,45.63,0.86,45.73
2022,12,25,21,0,0,0,0,0,0,0,0,-1.45,-3.67,-2.56,4.33,92.81,0,72.48,0.51,37.57,0.85,36.76
2022,12,25,22,0,0,0,0,0,0,0,0,-1.66,-4.8,-3.23,3.97,86.62,0,72.48,0.51,33.69,0.8,31.83
2022,12,25,23,0,0,0,0,0,0,0,0,-1.89,-5.87,-3.88,3.66,81.44,0,72.47,0.48,26.98,0.72,23.77
2022,12,26,0,0,0,0,0,0,0,0,0,-1.97,-6.6,-4.28,3.48,77.56,0,72.47,0.44,21.99,0.61,14.74
2022,12,26,1,0,0,0,0,0,0,0,0,-1.84,-6.78,-4.31,3.42,75.06,0,72.47,0.38,20.28,0.54,10.01
2022,12,26,2,0,0,0,0,0,0,0,0,-1.81,-6.64,-4.23,3.42,75.19,0,72.45,0.4,15.95,0.6,5.93
2022,12,26,3,0,0,0,0,0,0,0,0,-2.11,-6.53,-4.32,3.42,77.19,0,72.43,0.44,21.99,0.77,17.15
2022,12,26,4,0,0,0,0,0,0,0,0,-2.35,-6.61,-4.49,3.36,77.62,0,72.4,0.54,25.82,0.95,21.71
2022,12,26,5,0,0,0,0,0,0,0,0,-2.55,-6.88,-4.71,3.23,76.56,0,72.39,0.66,27.47,1.15,24.48
2022,12,26,6,0,0,0,0,0,0,0,0,-2.88,-7.48,-5.17,3.11,74.5,0,72.42,0.73,25.46,1.27,24.82
2022,12,26,7,0.11,0.12,0.32,10.52,11.95,1.58,0.01,0.02,-2.49,-7.81,-5.14,2.99,70.12,0,72.46,0.71,21.22,1.23,21.53
2022,12,26,8,0.74,0.76,1.26,77.9,81.4,9.98,0.06,0.33,0.84,-5.86,-2.51,3.6,64.06,0,72.53,0.5,1.79,0.83,4.85
2022,12,26,9,1.32,1.45,2.07,145.77,159.85,19.18,0.26,1.27,3.25,-6.63,-1.69,3.36,50.62,0,72.61,1.06,265.76,1.36,265.4
2022,12,26,10,1.78,2,2.67,202.15,223.95,27.73,0.52,2.6,4.67,-7.17,-1.25,3.23,43.81,0,72.62,1.43,247.5,1.82,247.06
2022,12,26,11,1.96,2.33,3.03,226.67,263.12,31.92,0.71,3.52,6.3,-7.66,-0.67,3.05,37.25,0,72.55,2.32,235.02,2.92,234.91
2022,12,26,12,1.95,2.42,3.11,229.58,277.25,32.95,0.77,3.83,7.12,-6.88,0.12,3.23,37.31,0,72.47,3.55,231.52,4.55,231.62
2022,12,26,13,1.73,2.24,2.92,200.08,253.3,28.49,0.61,3.02,6.93,-5.37,0.78,3.66,42.62,0,72.42,3.92,230.09,5.07,230.25
2022,12,26,14,1.33,1.8,2.46,150.33,200.05,20.66,0.36,1.77,6.23,-4.1,1.06,4.03,49.38,0,72.39,3.83,229.13,4.98,229.26
2022,12,26,15,0.9,1.17,1.78,97.5,126.6,12.49,0.14,0.67,5.15,-3.38,0.88,4.27,56.38,0,72.38,3.34,227.84,4.35,227.98
2022,12,26,16,0.41,0.47,0.9,42.75,49.38,5.68,0.02,0.12,3.63,-2.72,0.46,4.58,66.62,0,72.36,2.41,224.87,3.23,225.1
2022,12,26,17,0.03,0.02,0.08,2.23,2.45,0.36,0,0,1.27,-2.19,-0.45,4.76,82.31,0,72.36,1.13,211.71,1.66,212.49
2022,12,26,18,0,0,0,0,0,0,0,0,0.12,-2.35,-1.11,4.7,88.44,0,72.38,0.13,215.54,0.22,210.26
2022,12,26,19,0,0,0,0,0,0,0,0,-0.99,-2.78,-1.88,4.58,94.06,0,72.41,0.33,11.04,0.53,13.63
2022,12,26,20,0,0,0,0,0,0,0,0,-1.56,-3.63,-2.6,4.27,92.88,0,72.42,0.46,11.69,0.77,10.51
2022,12,26,21,0,0,0,0,0,0,0,0,-1.86,-4.51,-3.19,4.03,89.06,0,72.43,0.52,9.46,0.83,3.78
2022,12,26,22,0,0,0,0,0,0,0,0,-2.14,-5.31,-3.73,3.78,85.56,0,72.42,0.58,7.8,0.91,1.97
2022,12,26,23,0,0,0,0,0,0,0,0,-2.38,-6.11,-4.24,3.54,81.56,0,72.38,0.67,3.99,1.09,2.05
2022,12,27,0,0,0,0,0,0,0,0,0,-2.62,-6.92,-4.77,3.3,77.75,0,72.32,0.85,2.1,1.4,2.24
2022,12,27,1,0,0,0,0,0,0,0,0,-3.06,-7.76,-5.42,3.05,75.44,0,72.27,1.02,359.56,1.71,359.74
2022,12,27,2,0,0,0,0,0,0,0,0,-3.6,-8.5,-6.05,2.93,74.25,0,72.23,1.17,1.91,2,1.79
2022,12,27,3,0,0,0,0,0,0,0,0,-4.02,-9.17,-6.6,2.75,72.81,0,72.2,1.25,5.75,2.18,5.77
2022,12,27,4,0,0,0,0,0,0,0,0,-4.58,-10.13,-7.35,2.56,70.5,0,72.17,1.32,11.24,2.37,11.2
2022,12,27,5,0,0,0,0,0,0,0,0,-4.96,-11.13,-8.05,2.32,66.69,0,72.17,1.36,14.28,2.52,14.38
2022,12,27,6,0,0,0,0,0,0,0,0,-5.26,-12.1,-8.67,2.14,62.81,0,72.19,1.4,15.51,2.64,15.81
2022,12,27,7,0.17,0.15,0.31,14.1,14.33,1.88,0.01,0.02,-4.81,-11.91,-8.36,2.2,61.94,0,72.23,1.33,15.67,2.65,16.29
2022,12,27,8,0.9,0.9,1.25,94.3,96.17,11.52,0.07,0.35,-0.35,-9.51,-4.93,2.75,53.88,0,72.29,1.43,13.58,2.37,13.53
2022,12,27,9,1.58,1.64,2.06,174.02,181.95,23.44,0.31,1.55,3.53,-10.58,-3.52,2.56,37.94,0,72.33,1.7,334.38,2.24,333.88
2022,12,27,10,2.1,2.21,2.67,236.08,248.12,33.56,0.63,3.15,5.94,-8.92,-1.49,2.99,37.06,0,72.33,2.55,283.48,3.34,283.26
2022,12,27,11,2.5,2.56,3.03,284.1,289.6,41.52,0.93,4.6,7.24,-7.85,-0.3,3.23,36.5,0,72.26,3.4,266.05,4.48,266.1
2022,12,27,12,2.38,2.45,3.12,269.48,276.33,37.77,0.84,4.15,7.82,-6.63,0.6,3.48,38.31,0,72.17,3.91,256.49,5.14,256.39
2022,12,27,13,2.07,2.25,2.93,232.95,251.12,31.95,0.66,3.27,7.69,-5.38,1.16,3.85,42.25,0,72.11,4.05,250.76,5.33,250.85
2022,12,27,14,1.63,1.8,2.47,179.88,199.15,23.72,0.4,1.95,7.08,-4.49,1.3,4.09,46.56,0,72.06,3.79,247.56,4.97,247.63
2022,12,27,15,1.05,1.17,1.78,112.45,126.52,13.93,0.15,0.73,6.06,-3.85,1.1,4.21,51.88,0,72.04,3.3,245.07,4.34,245.1
2022,12,27,16,0.52,0.51,0.91,53.75,54.08,6.7,0.02,0.12,4.26,-3.06,0.6,4.46,62,0,72.04,2.4,240.51,3.27,240.56
2022,12,27,17,0.03,0.03,0.09,2.48,2.58,0.38,0,0,1.06,-2.15,-0.54,4.76,82.81,0,72.06,0.81,238.75,1.38,237.93
2022,12,27,18,0,0,0,0,0,0,0,0,-0.55,-2.03,-1.29,4.76,94.12,0,72.1,0.34,334.03,0.57,322.82
2022,12,27,19,0,0,0,0,0,0,0,0,-1.22,-2.37,-1.8,4.64,97.31,0,72.13,0.52,1.74,0.88,359.49
2022,12,27,20,0,0,0,0,0,0,0,0,-1.33,-3.1,-2.21,4.46,93.94,0,72.17,0.52,356.58,0.86,354.29
2022,12,27,21,0,0,0,0,0,0,0,0,-1.6,-3.89,-2.74,4.27,91.88,0,72.2,0.46,340.35,0.8,338.2
2022,12,27,22,0,0,0,0,0,0,0,0,-1.9,-4.44,-3.17,4.09,90.88,0,72.22,0.41,342.26,0.7,339.74
2022,12,27,23,0,0,0,0,0,0,0,0,-2.23,-4.82,-3.52,3.97,90.38,0,72.21,0.35,352.23,0.59,346.15
2022,12,28,0,0,0,0,0,0,0,0,0,-2.52,-5.12,-3.82,3.85,89.75,0,72.18,0.31,7.13,0.5,358.21
2022,12,28,1,0,0,0,0,0,0,0,0,-2.83,-5.31,-4.07,3.72,89.81,0,72.16,0.34,18.85,0.51,8.88
2022,12,28,2,0,0,0,0,0,0,0,0,-2.84,-5.42,-4.13,3.66,88.06,0,72.13,0.47,20.22,0.7,11.56
2022,12,28,3,0,0,0,0,0,0,0,0,-3.06,-5.67,-4.36,3.6,87.38,0,72.1,0.61,19.36,0.98,14.81
2022,12,28,4,0,0,0,0,0,0,0,0,-3.06,-6.24,-4.65,3.42,83.44,0,72.08,0.74,14.77,1.17,11.91
2022,12,28,5,0,0,0,0,0,0,0,0,-2.92,-7.17,-5.05,3.17,77.31,0,72.1,0.84,10.78,1.33,8.41
2022,12,28,6,0,0,0,0,0,0,0,0,-2.91,-8.42,-5.67,2.93,71.31,0,72.14,0.92,8.75,1.49,6.94
2022,12,28,7,0.16,0.14,0.31,13.33,13.45,1.82,0.01,0.02,-2.35,-9.35,-5.85,2.81,64.19,0,72.19,0.93,8.67,1.55,6.37
2022,12,28,8,0.87,0.88,1.25,92.6,94.45,11.73,0.07,0.35,1.22,-6.39,-2.59,3.54,61.44,0,72.26,0.77,1.16,1.32,358.98
2022,12,28,9,1.55,1.61,2.06,172.23,179.42,23.61,0.3,1.52,4.69,-7.74,-1.52,3.17,43.38,0,72.32,1.2,300.07,1.57,300.13
2022,12,28,10,2.02,2.17,2.67,229.98,245.23,33.2,0.62,3.05,6.6,-7.45,-0.42,3.3,39,0,72.35,2.42,262.76,3.15,262.73
2022,12,28,11,2.34,2.48,3.03,269.05,282.95,38.89,0.84,4.12,7.53,-6.67,0.44,3.42,38.44,0,72.3,3.23,252.4,4.22,252.34
2022,12,28,12,2.15,2.23,3.12,238.73,247.42,31.55,0.66,3.25,7.8,-5.92,0.94,3.6,39.69,0,72.23,3.63,247.24,4.75,247.06
2022,12,28,13,1.86,2.08,2.93,207.02,228.5,27.04,0.53,2.62,7.58,-5.31,1.13,3.78,41.81,0,72.16,3.64,245.41,4.76,245.28
2022,12,28,14,1.63,1.7,2.48,178.35,187.05,23.25,0.38,1.85,7.03,-4.99,1.02,3.85,44.12,0,72.11,3.37,244.62,4.41,244.52
2022,12,28,15,0.98,1.11,1.79,102.88,116.8,12.57,0.12,0.62,5.99,-4.82,0.58,3.85,47.75,0,72.09,2.88,242.88,3.8,242.86
2022,12,28,16,0.5,0.49,0.92,49.88,50.23,6.34,0.02,0.12,4.13,-4.42,-0.14,3.97,55.88,0,72.09,1.87,239.69,2.6,239.66
2022,12,28,17,0.03,0.02,0.09,2.38,2.5,0.38,0,0,0.9,-3.89,-1.49,4.15,73.12,0,72.1,0.53,248.36,0.96,252.9
2022,12,28,18,0,0,0,0,0,0,0,0,0.17,-5.02,-2.42,3.78,71.19,0,72.15,0.58,348.39,1.06,342.77
2022,12,28,19,0,0,0,0,0,0,0,0,-0.1,-6,-3.06,3.54,67.81,0,72.2,0.78,358.85,1.38,353.16
2022,12,28,20,0,0,0,0,0,0,0,0,-0.1,-6.88,-3.49,3.3,63.5,0,72.24,0.74,6.07,1.3,358.96
2022,12,28,21,0,0,0,0,0,0,0,0,-0.03,-7.74,-3.88,3.11,59.44,0,72.26,0.78,359.43,1.35,353.33
2022,12,28,22,0,0,0,0,0,0,0,0,-0.1,-8.51,-4.31,2.93,56.62,0,72.28,0.8,347.59,1.36,343.02
2022,12,28,23,0,0,0,0,0,0,0,0,-0.26,-9.06,-4.67,2.87,55.38,0,72.29,0.7,335.45,1.21,331.45
2022,12,29,0,0,0,0,0,0,0,0,0,-0.59,-9.42,-5,2.81,55.88,0,72.29,0.63,335.97,1.1,331.06
2022,12,29,1,0,0,0,0,0,0,0,0,-0.94,-9.79,-5.36,2.75,56.31,0,72.31,0.64,336.25,1.07,331.56
2022,12,29,2,0,0,0,0,0,0,0,0,-1.23,-10.2,-5.72,2.69,55.94,0,72.31,0.66,341.35,1.05,337.8
2022,12,29,3,0,0,0,0,0,0,0,0,-1.15,-10.7,-5.93,2.56,53.44,0,72.29,0.69,350.86,1.06,347.61
2022,12,29,4,0,0,0,0,0,0,0,0,-1.14,-11.24,-6.19,2.44,51.06,0,72.27,0.73,350.13,1.11,348.61
2022,12,29,5,0,0,0,0,0,0,0,0,-1.13,-11.72,-6.42,2.32,48.75,0,72.28,0.82,355.05,1.23,353.42
2022,12,29,6,0,0,0,0,0,0,0,0,-1.63,-12.12,-6.88,2.26,48.62,0,72.3,0.85,1.58,1.34,0.67
2022,12,29,7,0.13,0.12,0.3,11.35,12,1.62,0.01,0.02,-0.85,-12.06,-6.45,2.2,45.19,0,72.33,0.83,359.46,1.32,356.25
2022,12,29,8,0.8,0.8,1.24,85.52,87.55,10.6,0.06,0.33,2.03,-8.04,-3.01,3.05,50.12,0,72.38,0.57,344.81,1,340.44
2022,12,29,9,1.45,1.51,2.06,163.15,170.7,21.57,0.29,1.42,5.27,-8.92,-1.82,2.75,35.75,0,72.43,0.89,288.91,1.21,290.08
2022,12,29,10,2.01,2.07,2.67,229.7,237.3,32.07,0.6,3,7.26,-7.66,-0.2,2.99,34.38,0,72.44,2.09,254.2,2.7,254.76
2022,12,29,11,2.31,2.41,3.03,266.55,277.4,38.16,0.84,4.2,8.36,-6.26,1.05,3.36,35.25,0,72.41,2.89,244.68,3.74,244.93
2022,12,29,12,1.92,2.09,3.12,213.2,229.85,27.25,0.59,2.95,8.83,-5.21,1.8,3.6,36.94,0,72.36,3.34,238.88,4.34,239
2022,12,29,13,1.7,1.94,2.94,188.25,210.95,24.12,0.5,2.48,8.72,-4.5,2.11,3.78,39.19,0,72.32,3.55,235.58,4.61,235.56
2022,12,29,14,1.33,1.54,2.49,142.4,164.12,17.7,0.3,1.48,8.05,-4.01,2.02,3.97,42.56,0,72.29,3.4,232.66,4.42,232.68
2022,12,29,15,0.88,0.98,1.8,90.33,100.95,10.85,0.12,0.58,6.69,-3.72,1.49,4.03,47.69,0,72.27,2.83,229.59,3.69,229.64
2022,12,29,16,0.36,0.38,0.93,35.9,37.62,4.83,0.02,0.1,4.59,-3.19,0.7,4.21,57.56,0,72.28,1.73,226.28,2.33,226.09
2022,12,29,17,0.03,0.02,0.1,2.17,2.27,0.34,0,0,1.43,-3.02,-0.79,4.27,73.12,0,72.32,0.14,210.96,0.28,223.88
2022,12,29,18,0,0,0,0,0,0,0,0,0.09,-3.8,-1.85,4.03,75.81,0,72.37,0.47,20.22,0.84,15.72
2022,12,29,19,0,0,0,0,0,0,0,0,0.18,-4.63,-2.23,3.78,71.25,0,72.43,0.53,10.15,0.88,7.7
2022,12,29,20,0,0,0,0,0,0,0,0,0.6,-5.31,-2.35,3.6,66.06,0,72.48,0.45,359.01,0.67,354.69
2022,12,29,21,0,0,0,0,0,0,0,0,0.51,-5.72,-2.61,3.54,64.69,0,72.53,0.37,349.16,0.55,344.39
2022,12,29,22,0,0,0,0,0,0,0,0,0.15,-5.93,-2.89,3.48,65.31,0,72.56,0.33,334.65,0.49,326.82
2022,12,29,23,0,0,0,0,0,0,0,0,-0.45,-6.2,-3.33,3.42,67.25,0,72.56,0.42,318.81,0.67,305.93
2022,12,30,0,0,0,0,0,0,0,0,0,-1.24,-6.39,-3.82,3.36,70.81,0,72.56,0.51,311.27,0.88,300
2022,12,30,1,0,0,0,0,0,0,0,0,-1.7,-6.38,-4.04,3.36,73.12,0,72.56,0.49,315,0.83,306.98
2022,12,30,2,0,0,0,0,0,0,0,0,-1.7,-6.35,-4.02,3.3,72.88,0,72.55,0.48,320.91,0.79,315.4
2022,12,30,3,0,0,0,0,0,0,0,0,-1.7,-6.32,-4.01,3.3,72.62,0,72.52,0.47,336.43,0.73,332.07
2022,12,30,4,0,0,0,0,0,0,0,0,-1.87,-6.46,-4.17,3.3,72.62,0,72.49,0.53,355.79,0.83,354.61
2022,12,30,5,0,0,0,0,0,0,0,0,-1.92,-6.95,-4.44,3.17,70.5,0,72.48,0.68,6.63,1.06,7.23
2022,12,30,6,0,0,0,0,0,0,0,0,-1.83,-7.85,-4.84,2.99,66,0,72.49,0.77,8.7,1.2,9.77
2022,12,30,7,0.13,0.12,0.3,11.42,11.52,1.64,0.01,0.02,-1.34,-8.73,-5.03,2.81,60.25,0,72.52,0.79,5.71,1.2,7.08
2022,12,30,8,0.79,0.8,1.24,81.95,84.55,10.59,0.06,0.33,1.37,-6.33,-2.48,3.48,60.12,0,72.56,0.59,357.71,0.95,357.16
2022,12,30,9,1.36,1.51,2.06,149.85,165.08,20.11,0.27,1.35,4.42,-7.32,-1.45,3.23,44.75,0,72.62,1.11,273.63,1.43,274.09
2022,12,30,10,1.83,2.07,2.67,205.62,229.88,28.96,0.56,2.77,6.12,-6.55,-0.21,3.42,42.25,0,72.65,2.41,245.26,3.09,245.51
2022,12,30,11,2.05,2.41,3.03,232.73,269.3,33.39,0.74,3.67,7.01,-5.43,0.79,3.66,42.75,0,72.62,3.11,237.31,4.01,237.33
2022,12,30,12,1.75,2.17,3.13,193.95,234.35,25.27,0.56,2.8,7.32,-4.35,1.49,3.97,44.75,0,72.57,3.52,232.57,4.53,232.58
2022,12,30,13,1.42,2,2.95,151.58,212.33,19.82,0.41,2.05,7.09,-3.46,1.82,4.15,48.12,0,72.51,3.57,230.87,4.57,230.9
2022,12,30,14,1.15,1.6,2.5,122.88,167.15,15.48,0.27,1.3,6.48,-2.95,1.76,4.33,51.94,0,72.47,3.31,231.51,4.24,231.5
2022,12,30,15,0.81,1.03,1.81,82.35,104.48,10.16,0.12,0.55,5.6,-2.85,1.37,4.33,55.56,0,72.44,2.85,231.34,3.67,231.4
2022,12,30,16,0.42,0.42,0.94,40.45,41.4,5.56,0.02,0.12,3.97,-2.2,0.88,4.64,66,0,72.42,2.07,227.45,2.83,227.58
2022,12,30,17,0.03,0.03,0.1,2.42,2.58,0.38,0,0,1.55,-2.29,-0.37,4.58,77.62,0,72.42,0.88,219.22,1.29,219.58
2022,12,30,18,0,0,0,0,0,0,0,0,0.27,-2.59,-1.16,4.46,83.38,0,72.44,0.02,0,0.06,326.31
2022,12,30,19,0,0,0,0,0,0,0,0,-0.41,-2.79,-1.6,4.39,86.69,0,72.47,0.19,33.02,0.27,16.86
2022,12,30,20,0,0,0,0,0,0,0,0,-0.67,-2.95,-1.81,4.33,87.44,0,72.48,0.17,19.29,0.24,352.41
2022,12,30,21,0,0,0,0,0,0,0,0,-0.84,-3.02,-1.93,4.33,88.19,0,72.49,0.23,337.83,0.36,315
2022,12,30,22,0,0,0,0,0,0,0,0,-0.95,-3.07,-2.02,4.33,88.69,0,72.49,0.35,316.79,0.56,298.35
2022,12,30,23,0,0,0,0,0,0,0,0,-1.57,-3.2,-2.38,4.27,92.62,0,72.47,0.44,313.57,0.71,301.07
2022,12,31,0,0,0,0,0,0,0,0,0,-2.2,-3.36,-2.78,4.21,96.62,0,72.44,0.42,327.77,0.68,317.33
2022,12,31,1,0,0,0,0,0,0,0,0,-2.27,-3.52,-2.9,4.21,96.06,0,72.41,0.42,343.61,0.67,335.22
2022,12,31,2,0,0,0,0,0,0,0,0,-2.15,-3.69,-2.92,4.15,94,0,72.38,0.45,353.99,0.7,347.82
2022,12,31,3,0,0,0,0,0,0,0,0,-2.23,-3.85,-3.04,4.09,93.44,0,72.35,0.5,0,0.81,356.67
2022,12,31,4,0,0,0,0,0,0,0,0,-2.16,-4.12,-3.13,4.03,91.06,0,72.32,0.56,4.76,0.92,4.36
2022,12,31,5,0,0,0,0,0,0,0,0,-2.14,-4.5,-3.32,3.91,88.38,0,72.32,0.65,11.04,1.06,11.89
2022,12,31,6,0,0,0,0,0,0,0,0,-2.35,-4.99,-3.67,3.72,86.56,0,72.35,0.8,18.26,1.28,18.88
2022,12,31,7,0.12,0.12,0.3,10.3,11.73,1.53,0.01,0.02,-2.17,-5.52,-3.84,3.6,82,0,72.4,0.88,20.2,1.43,20.41
2022,12,31,8,0.77,0.81,1.23,80.15,85.35,10.76,0.07,0.35,0.48,-4.56,-2.04,3.97,72.38,0,72.45,0.73,15.52,1.13,14.8
2022,12,31,9,1.27,1.51,2.05,139.95,163.6,19.16,0.26,1.3,3.25,-5.06,-0.9,3.85,57.75,0,72.5,1.2,263.29,1.53,263.24
2022,12,31,10,1.57,2.03,2.67,174.45,222.1,24.26,0.46,2.27,4.67,-4.56,0.06,4.03,54.94,0,72.53,2.53,244.15,3.25,244.23
2022,12,31,11,1.86,2.36,3.04,210.98,260.52,30.16,0.66,3.33,5.43,-3.91,0.76,4.21,54.56,0,72.49,3.07,239.06,3.96,239.13
2022,12,31,12,1.63,2.18,3.13,180.45,232.58,23.56,0.53,2.62,5.92,-3.14,1.39,4.46,55.44,0,72.43,3.47,234.7,4.47,234.67
2022,12,31,13,1.4,1.96,2.95,149.45,204.12,19.3,0.41,2,5.68,-2.35,1.66,4.64,59.19,0,72.37,3.7,232.11,4.78,232.17
2022,12,31,14,1.08,1.52,2.51,112.45,154.6,14.1,0.24,1.2,4.89,-1.74,1.58,4.82,64.81,0,72.34,3.63,232.34,4.7,232.5
2022,12,31,15,0.74,0.95,1.82,72.67,92.95,8.85,0.1,0.5,3.84,-1.42,1.21,4.94,70.88,0,72.33,3.12,232.01,4.05,232.13
2022,12,31,16,0.38,0.37,0.95,35.62,36.65,4.9,0.02,0.1,2.4,-1.28,0.56,4.94,79.19,0,72.31,2.23,230.96,2.94,231.15
2022,12,31,17,0.03,0.02,0.11,2.35,2.48,0.34,0,0,0.49,-1.09,-0.3,5.07,92.38,0,72.31,0.89,222.51,1.34,223.35
2022,12,31,18,0,0,0,0,0,0,0,0,-0.63,-1.26,-0.95,5,99.88,0,72.32,0.04,143.13,0.01,0
2022,12,31,19,0,0,0,0,0,0,0,0,-1.63,-1.67,-1.64,4.88,100,0,72.35,0.37,33.69,0.75,29.23
2022,12,31,20,0,0,0,0,0,0,0,0,-1.74,-2.31,-2.02,4.64,100,0,72.4,0.46,23.96,0.78,24.25
2022,12,31,21,0,0,0,0,0,0,0,0,-1.77,-2.82,-2.3,4.52,99.5,0,72.43,0.3,36.57,0.48,36.3
2022,12,31,22,0,0,0,0,0,0,0,0,-1.8,-3.25,-2.52,4.39,97.44,0,72.44,0.26,55.84,0.39,54.73
2022,12,31,23,0,0,0,0,0,0,0,0,-2.43,-3.74,-3.08,4.27,100,0,72.42,0.28,34.59,0.45,33.69
2023,1,1,0,0,0,0,0,0,0,0,0,-2.86,-4.17,-3.51,4.21,100,0,72.4,0.26,18.97,0.43,19.09
2023,1,1,1,0,0,0,0,0,0,0,0,-3.2,-4.36,-3.78,4.09,100,0,72.39,0.33,25.35,0.54,25.82
2023,1,1,2,0,0,0,0,0,0,0,0,-3.31,-4.55,-3.92,4.03,100,0,72.35,0.45,24.36,0.75,24.69
2023,1,1,3,0,0,0,0,0,0,0,0,-3.42,-5.02,-4.22,3.91,98.25,0,72.31,0.63,18.66,1.05,19.51
2023,1,1,4,0,0,0,0,0,0,0,0,-3.27,-5.85,-4.56,3.72,92.06,0,72.3,0.75,13.17,1.21,14.57
2023,1,1,5,0,0,0,0,0,0,0,0,-3.17,-6.75,-4.95,3.48,86.31,0,72.32,0.73,11.07,1.18,12.65
2023,3,1,6,0,0,0,0,0,0,0,0,-0.28,-8.13,-4.2,2.81,55.19,0,72.76,1.22,27.06,2.01,27.56
2023,3,1,7,0.42,0.42,0.82,44.38,45.12,6.12,0.02,0.12,2.02,-6.23,-2.1,3.36,55.62,0,72.81,1.13,29.4,1.96,28.61
2023,3,1,8,1.29,1.29,1.84,143.67,146.2,19.79,0.25,1.25,6.41,-6.49,-0.04,3.3,40.31,0,72.87,0.89,342.68,1.12,343.45
2023,3,1,9,2.11,2.16,2.74,244.33,250.8,36.95,0.79,3.9,9.16,-6.32,1.42,3.42,34.38,0,72.92,2.5,252.75,3.13,252.7
2023,3,1,10,2.7,2.84,3.43,320,330.95,49.89,1.38,6.95,10.77,-5.99,2.4,3.48,31.5,0,72.95,3.45,238.9,4.35,238.97
2023,3,1,11,3.01,3.26,3.87,361.8,381.05,57.29,1.81,9.4,11.76,-5.27,3.25,3.66,31.06,0,72.94,4.26,232.9,5.39,232.9
2023,3,1,12,2.18,2.97,4.02,262.52,338.98,37.44,1.16,6.05,11.94,-4.34,3.8,3.91,32.81,0,72.9,4.7,229.99,5.97,230.15
2023,3,1,13,2.23,2.92,3.88,276.95,337.1,41.56,1.3,6.95,11.66,-3.49,4.08,4.15,35.31,0,72.85,4.67,228.39,5.92,228.53
2023,3,1,14,1.92,2.5,3.44,235.6,287.23,34.86,0.96,4.98,11.04,-3,4.02,4.27,37.94,0.02,72.8,4.37,227.53,5.54,227.69
2023,3,1,15,1.44,1.84,2.76,171.85,209.58,25.29,0.55,2.7,10.05,-2.81,3.62,4.33,41.06,0.04,72.77,3.87,226.72,4.92,226.93
2023,3,1,16,0.8,1.06,1.86,94.75,117.92,14.12,0.19,0.92,8.62,-2.67,2.97,4.39,45.75,0.06,72.76,3.13,226.42,4.01,226.5
2023,3,1,17,0.29,0.34,0.85,32.9,36.83,4.84,0.02,0.1,6.29,-1.66,2.31,4.76,58.56,0.05,72.78,1.71,221.48,2.44,222.41
2023,3,1,18,0,0,0,0,0,0,0,0,4.64,-2.19,1.23,4.58,62.5,0.02,72.81,0.78,209.39,1.1,209.85
2023,3,1,19,0,0,0,0,0,0,0,0,3.53,-2.26,0.63,4.52,67.19,0.01,72.85,0.2,67.38,0.3,74.88
2023,3,1,20,0,0,0,0,0,0,0,0,2.55,-2.45,0.05,4.46,71.12,0,72.88,0.51,44.38,0.85,45.74
2023,3,1,21,0,0,0,0,0,0,0,0,1.89,-2.77,-0.44,4.39,72.88,0,72.89,0.68,35.15,1.22,35.62
2023,3,1,22,0,0,0,0,0,0,0,0,1.38,-3.29,-0.95,4.21,72.69,0,72.89,0.84,27.28,1.48,28.73
2023,3,1,23,0,0,0,0,0,0,0,0,1.07,-4,-1.46,3.97,70.5,0,72.87,0.92,24.61,1.58,25.8
2023,3,2,0,0,0,0,0,0,0,0,0,0.93,-4.76,-1.92,3.78,67.12,0,72.84,1,23.55,1.66,24.76
2023,3,2,1,0,0,0,0,0,0,0,0,0.85,-5.46,-2.31,3.54,63.75,0,72.8,1.03,21.72,1.69,22.29
2023,3,2,2,0,0,0,0,0,0,0,0,0.7,-6.17,-2.73,3.36,60.75,0,72.76,1.11,21.5,1.8,22.12
2023,3,2,3,0,0,0,0,0,0,0,0,0.38,-7.03,-3.32,3.11,57.88,0,72.73,1.18,23.85,1.92,24.27
2023,3,2,4,0,0,0,0,0,0,0,0,0.01,-7.88,-3.93,2.93,55.38,0,72.72,1.25,25.92,2.05,26.18
2023,3,2,5,0,0,0,0,0,0,0,0,-0.24,-8.68,-4.46,2.75,53,0,72.74,1.29,27.03,2.12,27.41
2023,3,2,6,0,0,0,0,0,0,0,0,-0.49,-9.46,-4.98,2.56,50.62,0,72.78,1.35,28.35,2.24,28.35
2023,3,2,7,0.53,0.53,0.84,56.48,56.98,7.65,0.03,0.15,1.91,-7.26,-2.67,3.11,52.12,0,72.84,1.25,30.41,2.1,29.61
2023,3,2,8,1.43,1.44,1.86,161.12,164.8,23.6,0.31,1.55,6.08,-7.77,-0.85,2.99,37.44,0,72.9,0.84,21.8,1.05,21.8
2023,3,2,9,2.24,2.31,2.76,260.42,268.12,41.64,0.92,4.55,8.72,-6.99,0.87,3.3,34,0,72.93,1.16,228.27,1.45,228.06
2023,3,2,10,2.64,2.96,3.45,316.15,343.5,51.39,1.47,7.48,10.56,-6.43,2.07,3.42,31.38,0,72.93,2.8,222.28,3.51,222.47
2023,3,2,11,3.18,3.39,3.89,384.02,396.75,64.23,2.08,10.75,11.59,-5.24,3.18,3.72,31.81,0,72.92,3.9,220.61,4.95,220.65
2023,3,2,12,2.71,3.21,4.04,326.2,372.77,49.48,1.56,8.15,11.94,-4.13,3.9,4.03,33.56,0,72.87,4.45,220.59,5.65,220.57
2023,3,2,13,2.19,3.07,3.89,272.95,355.33,41.22,1.29,6.77,11.79,-3.14,4.32,4.27,36.06,0,72.82,4.44,220.72,5.62,220.77
2023,3,2,14,1.57,2.65,3.46,194.62,304.77,29.98,0.83,4.25,11.15,-2.56,4.3,4.46,39,0,72.77,4.15,222.33,5.25,222.29
2023,3,2,15,1.33,2.03,2.77,169.73,235.88,28.05,0.62,3.05,10.09,-2.27,3.9,4.52,42.62,0.01,72.74,3.7,224.57,4.68,224.59
2023,3,2,16,0.78,1.21,1.87,98.83,139.02,15.92,0.22,1.08,8.72,-2.09,3.32,4.58,47.44,0.02,72.73,3.03,226.25,3.89,226.3
2023,3,2,17,0.29,0.41,0.86,35.42,45.85,5.71,0.02,0.12,6.53,-1.11,2.71,5,59.81,0.03,72.75,1.64,226.74,2.4,227.11
2023,3,2,18,0,0,0,0,0,0,0,0,4.91,-1.5,1.71,4.82,64.5,0.02,72.77,0.94,233.41,1.37,232.87
2023,3,2,19,0,0,0,0,0,0,0,0,4.41,-1.7,1.35,4.7,65.69,0.01,72.81,0.36,295.46,0.54,293.2
2023,3,2,20,0,0,0,0,0,0,0,0,3.42,-1.92,0.76,4.64,69.44,0,72.85,0.58,0.77,0.95,1.42
2023,3,2,21,0,0,0,0,0,0,0,0,2.75,-2.3,0.23,4.52,70.88,0,72.86,0.87,17.78,1.47,18.63
2023,3,2,22,0,0,0,0,0,0,0,0,2.23,-2.91,-0.34,4.33,70.31,0,72.85,1.05,24.27,1.76,24.07
2023,3,2,23,0,0,0,0,0,0,0,0,2.07,-3.6,-0.77,4.09,67.44,0,72.83,1.12,24.41,1.84,24.28
2023,3,3,0,0,0,0,0,0,0,0,0,2.01,-4.31,-1.15,3.85,64.06,0,72.8,1.14,24.64,1.85,24.4
2023,3,3,1,0,0,0,0,0,0,0,0,1.92,-5.02,-1.55,3.66,60.94,0,72.76,1.15,23.61,1.84,23.74
2023,3,3,2,0,0,0,0,0,0,0,0,1.77,-5.7,-1.96,3.48,58.31,0,72.74,1.15,22.38,1.83,22.39
2023,3,3,3,0,0,0,0,0,0,0,0,1.57,-6.36,-2.4,3.3,56.12,0,72.72,1.16,19.65,1.84,19.82
2023,3,3,4,0,0,0,0,0,0,0,0,1.21,-6.95,-2.87,3.11,54.81,0,72.72,1.21,19.6,1.96,20.1
2023,3,3,5,0,0,0,0,0,0,0,0,0.8,-7.52,-3.37,2.99,53.88,0,72.73,1.27,21.21,2.1,21.8
2023,3,3,6,0,0,0,0,0,0,0,0,0.52,-8.17,-3.82,2.81,52.06,0,72.76,1.32,21.86,2.23,22.62
2023,3,3,7,0.57,0.57,0.87,61.33,62.27,8.15,0.03,0.17,2.98,-6.1,-1.56,3.42,53,0,72.81,1.18,25.04,2.06,23.26
2023,3,3,8,1.46,1.49,1.88,165.88,170.55,24.26,0.32,1.6,7.34,-6.61,0.37,3.3,37.25,0,72.87,0.96,356.25,1.21,356.66
2023,3,3,9,2.28,2.35,2.78,265.62,272.7,42.2,0.94,4.62,10.19,-6.43,1.88,3.42,32.06,0,72.9,1.82,245.41,2.27,245.2
2023,3,3,10,2.8,3,3.47,331.9,348.27,53.53,1.53,7.73,11.88,-5.89,2.99,3.54,29.94,0,72.9,3.18,230.48,4,230.47
2023,3,3,11,3.26,3.44,3.91,393.02,402.05,66.7,2.19,11.25,12.85,-4.71,4.07,3.91,30.56,0,72.88,4.04,225.08,5.11,225.06
2023,3,3,12,3.06,3.39,4.06,369.85,397.33,61.81,2.02,10.48,13.17,-3.56,4.8,4.21,32.5,0,72.84,4.48,223.02,5.66,222.99
2023,3,3,13,2.38,3.16,3.91,289.52,366.9,45.72,1.42,7.4,13.03,-2.45,5.3,4.52,35.25,0,72.8,4.45,221.58,5.61,221.55
2023,3,3,14,1.89,2.72,3.48,230.15,314.67,35.38,0.98,5.05,12.55,-1.67,5.44,4.76,38.25,0,72.75,4.07,220.79,5.1,220.77
2023,3,3,15,1.47,2.06,2.79,170.48,235.92,24.77,0.53,2.62,11.66,-1.28,5.19,4.88,41.5,0,72.73,3.46,219.23,4.33,219.21
2023,3,3,16,0.78,1.23,1.89,87.45,137.85,11.88,0.16,0.77,10.34,-1.13,4.61,4.94,45.69,0,72.73,2.73,218.15,3.43,218.25
2023,3,3,17,0.35,0.44,0.88,40.45,48.98,6.3,0.03,0.15,7.99,-0.25,3.87,5.31,57.69,0,72.74,1.51,216.16,2.13,215.61
2023,3,3,18,0,0,0,0,0,0,0,0,6.04,-0.42,2.81,5.19,64.62,0,72.76,0.5,204.96,0.73,205.2
2023,3,3,19,0,0,0,0,0,0,0,0,4.89,-0.58,2.15,5.13,69.19,0,72.79,0.42,41.19,0.69,42.23
2023,3,3,20,0,0,0,0,0,0,0,0,3.78,-0.99,1.4,5,72.75,0,72.82,0.89,34.95,1.52,35.4
2023,3,3,21,0,0,0,0,0,0,0,0,3.04,-1.68,0.68,4.76,73,0,72.84,1.1,32.56,1.93,32.92
2023,3,3,22,0,0,0,0,0,0,0,0,3.05,-2.49,0.28,4.46,68.62,0,72.84,1.13,33.47,1.88,33.49
2023,3,3,23,0,0,0,0,0,0,0,0,3.48,-3.25,0.12,4.21,62.75,0,72.85,1.01,34.92,1.57,34.88
2023,3,4,0,0,0,0,0,0,0,0,0,3.63,-3.77,-0.07,4.03,59.56,0,72.85,0.74,36.38,1.12,36.47
2023,3,4,1,0,0,0,0,0,0,0,0,3.87,-3.68,0.09,4.09,59.19,0,72.85,0.49,27.8,0.71,28.81
2023,3,4,2,0,0,0,0,0,0,0,0,3.39,-3.61,-0.11,4.09,61.56,0,72.84,0.48,13.13,0.73,14.34
2023,3,4,3,0,0,0,0,0,0,0,0,2.45,-3.74,-0.64,4.03,65,0,72.82,0.68,10.66,1.06,12.3
2023,3,4,4,0,0,0,0,0,0,0,0,1.87,-4.2,-1.17,3.91,65.25,0,72.81,1.01,17.59,1.58,18.17
2023,3,4,5,0,0,0,0,0,0,0,0,1.39,-4.88,-1.75,3.72,63.88,0,72.82,1.16,21.73,1.85,22.03
2023,3,4,6,0,0,0,0,0,0,0,0,1.03,-5.65,-2.31,3.48,61.56,0,72.86,1.23,23.63,2.02,23.69
2023,3,4,7,0.59,0.59,0.89,64.48,66.58,8.47,0.04,0.2,3.42,-4.63,-0.61,3.78,57.12,0,72.92,1.2,26.73,2,26.26
2023,3,4,8,1.47,1.51,1.9,170.08,175.62,25.11,0.38,1.88,7.49,-5.16,1.17,3.66,41.25,0,72.98,0.99,3.63,1.21,4.06
2023,3,4,9,2.3,2.36,2.8,272.08,277.98,43.77,1.07,5.3,10.5,-5.24,2.63,3.72,34.44,0,73.01,2.1,246.58,2.59,246.69
2023,3,4,10,2.84,3,3.49,340.48,352.9,55.15,1.7,8.75,12.28,-4.55,3.87,3.91,32.12,0,73,3.45,230.98,4.33,231.08
2023,3,4,11,3.11,3.39,3.93,377.52,398.83,61.02,2.12,11.4,13.26,-3.38,4.94,4.27,32.69,0,72.98,4.39,224.64,5.54,224.6
2023,3,4,12,2.51,3.36,4.07,315.42,393.2,50.59,1.8,9.65,13.41,-2.13,5.65,4.64,35.06,0,72.93,4.81,222.04,6.07,222.03
2023,3,4,13,1.78,3.23,3.93,229.25,375.1,38.38,1.31,7.02,13.12,-1.01,6.06,5,38.44,0,72.87,4.66,221.33,5.87,221.39
2023,3,4,14,1.75,2.83,3.49,235.65,331.62,43.04,1.34,6.98,12.52,-0.45,6.03,5.19,41.56,0,72.81,4.31,221.18,5.42,221.14
2023,3,4,15,1.14,2.16,2.8,154.27,251.73,28.06,0.7,3.45,11.46,-0.32,5.57,5.25,45,0,72.78,3.83,218.71,4.84,218.78
2023,3,4,16,0.66,1.31,1.9,87.02,151.12,15.56,0.25,1.23,10.12,-0.32,4.9,5.25,49.31,0,72.78,3.19,216.93,4.06,217.02
2023,3,4,17,0.24,0.47,0.89,31.77,51.85,5.65,0.03,0.15,7.87,0.49,4.19,5.62,61.44,0,72.8,1.81,212.45,2.58,212.24
2023,3,4,18,0,0,0,0,0,0,0,0,6.11,0.17,3.14,5.43,67.31,0,72.83,0.91,199.06,1.35,198.85
2023,3,4,19,0,0,0,0,0,0,0,0,5.44,0.08,2.76,5.37,70,0,72.87,0.34,147.03,0.58,154.47
2023,3,4,20,0,0,0,0,0,0,0,0,4.32,-0.06,2.13,5.37,75.06,0,72.91,0.41,75.7,0.62,81.36
2023,3,4,21,0,0,0,0,0,0,0,0,3.49,-0.2,1.65,5.31,78.81,0,72.93,0.48,51.63,0.83,51.09
2023,3,4,22,0,0,0,0,0,0,0,0,2.9,-0.44,1.23,5.19,80.88,0,72.92,0.56,38.78,1.06,38.13
2023,3,4,23,0,0,0,0,0,0,0,0,2.46,-0.8,0.83,5.07,81.19,0,72.89,0.67,35.93,1.28,35.33
2023,3,5,0,0,0,0,0,0,0,0,0,1.99,-1.38,0.3,4.82,80.31,0,72.85,0.81,33.54,1.55,33.93
2023,3,5,1,0,0,0,0,0,0,0,0,1.48,-2.27,-0.4,4.52,77.94,0,72.82,0.96,32.01,1.86,32.49
2023,3,5,2,0,0,0,0,0,0,0,0,1.01,-3.49,-1.24,4.15,73.5,0,72.79,1.11,32.91,2.13,33.34
2023,3,5,3,0,0,0,0,0,0,0,0,0.79,-4.9,-2.06,3.72,66.94,0,72.76,1.19,35.67,2.26,35.84
2023,3,5,4,0,0,0,0,0,0,0,0,1.02,-6.17,-2.57,3.36,59.44,0,72.76,1.2,37.32,2.16,37.66
2023,3,5,5,0,0,0,0,0,0,0,0,1.48,-7.08,-2.8,3.11,53.25,0,72.78,1.15,38.11,1.95,38.66
2023,3,5,6,0,0,0,0,0,0,0,0,1.96,-7.83,-2.94,2.93,48.38,0,72.83,1.09,37.69,1.78,38.23
2023,3,5,7,0.59,0.59,0.92,64.15,65.52,8.96,0.05,0.25,4.58,-5.88,-0.65,3.48,48.38,0,72.88,0.83,39.67,1.42,39.2
2023,3,5,8,1.43,1.5,1.92,165.3,174.2,25.6,0.41,2,8.26,-6.17,1.05,3.42,36.69,0,72.94,0.3,227.12,0.34,228.69
2023,3,5,9,2.31,2.37,2.82,272.73,278.6,45.24,1.12,5.6,10.47,-5.39,2.54,3.66,34.06,0,72.96,2.15,230.17,2.63,230.3
2023,3,5,10,2.66,3.01,3.51,323.48,352.55,53.8,1.7,8.77,12.02,-4.81,3.6,3.85,31.88,0,72.96,3.1,227.45,3.84,227.48
2023,3,5,11,3.16,3.46,3.94,385.17,408.2,68.6,2.45,12.92,13.07,-4.07,4.5,4.03,31.25,0,72.92,3.86,224.26,4.81,224.21
2023,3,5,12,2.93,3.36,4.09,360.42,395.58,58.88,2.08,11.17,13.44,-3.09,5.17,4.27,32.56,0,72.84,4.33,222.95,5.42,223.01
2023,3,5,13,2.45,3.2,3.94,300.75,372.27,47.95,1.62,8.65,13.27,-2.23,5.52,4.58,34.88,0,72.77,4.43,223.36,5.55,223.4
2023,3,5,14,2.11,2.81,3.51,267.17,329.42,43.89,1.38,7.33,12.66,-1.74,5.47,4.7,37.44,0,72.71,4.22,223.8,5.29,223.92
2023,3,5,15,1.39,2.11,2.81,168.55,243.8,25.2,0.61,3.08,11.7,-1.49,5.11,4.76,40.56,0,72.67,3.93,223.79,4.96,223.91
2023,3,5,16,0.87,1.29,1.91,99.65,146.3,13.72,0.21,1.05,10.26,-1.39,4.44,4.82,44.94,0,72.68,3.44,224.45,4.39,224.57
2023,3,5,17,0.39,0.49,0.91,44.58,54.5,6.66,0.04,0.17,7.91,-0.82,3.55,5.07,55.31,0,72.7,2.16,223.1,3.01,223.74
2023,3,5,18,0,0,0,0,0,0,0,0,5.53,-0.77,2.38,5.07,65.25,0,72.72,1.07,222.05,1.63,222.86
2023,3,5,19,0,0,0,0,0,0,0,0,4.91,-1.01,1.95,4.94,66.88,0,72.77,0.44,248.96,0.7,244.29
2023,3,5,20,0,0,0,0,0,0,0,0,3.89,-1.24,1.33,4.88,70.69,0,72.8,0.23,344.05,0.32,338.46
2023,3,5,21,0,0,0,0,0,0,0,0,3.08,-1.47,0.8,4.82,73.62,0,72.8,0.48,29.05,0.85,28.44
2023,3,5,22,0,0,0,0,0,0,0,0,2.33,-1.77,0.28,4.7,76,0,72.76,0.7,34.94,1.32,33.69
2023,3,5,23,0,0,0,0,0,0,0,0,1.76,-2.3,-0.27,4.52,76.25,0,72.72,0.89,34.25,1.69,34.06
2023,3,6,0,0,0,0,0,0,0,0,0,1.24,-3.06,-0.92,4.27,74.69,0,72.68,1.06,33.57,1.93,33.43
2023,3,6,1,0,0,0,0,0,0,0,0,0.95,-4.07,-1.56,3.97,70.75,0,72.62,1.14,32.92,2.01,32.45
2023,3,6,2,0,0,0,0,0,0,0,0,0.89,-5.13,-2.12,3.66,65.44,0,72.57,1.15,33.37,1.95,33.05
2023,3,6,3,0,0,0,0,0,0,0,0,0.89,-6.16,-2.63,3.36,60.31,0,72.53,1.14,33.8,1.87,33.76
2023,3,6,4,0,0,0,0,0,0,0,0,0.88,-7.08,-3.1,3.11,56.12,0,72.52,1.13,35.12,1.81,34.79
2023,3,6,5,0,0,0,0,0,0,0,0,0.83,-8.09,-3.63,2.93,52.12,0,72.54,1.13,36,1.78,35.92
2023,3,6,6,0.03,0.02,0.05,1.5,1.7,0.27,0,0,0.88,-8.99,-4.06,2.69,48.31,0,72.59,1.13,37.67,1.78,37.68
2023,3,6,7,0.59,0.59,0.89,63.2,64.5,8.4,0.04,0.2,3.56,-7.04,-1.74,3.23,47.5,0,72.64,0.9,43.24,1.47,41.99
2023,3,6,8,1.54,1.55,1.94,173.52,177.08,25.42,0.4,1.95,7.19,-7.84,-0.32,2.99,34.69,0,72.7,0.34,276.63,0.41,277.67
2023,3,6,9,2.33,2.42,2.84,271.52,279.17,42.99,1.06,5.3,9.73,-8.31,0.72,2.99,28.81,0,72.74,2.37,234.37,2.93,234.32
2023,3,6,10,2.97,3.08,3.53,349.42,357.05,56.67,1.77,9.1,11.44,-7.8,1.82,3.05,26.44,0,72.76,3.46,227.11,4.3,227.21
2023,3,6,11,3.26,3.5,3.96,390.52,405.98,64.57,2.28,12.17,12.48,-6.78,2.85,3.3,26.44,0,72.75,4.17,223.78,5.2,223.84
2023,3,6,12,2.87,3.47,4.11,346.25,400.67,55.46,1.97,10.52,12.9,-5.6,3.65,3.54,27.81,0,72.7,4.52,222.62,5.66,222.7
2023,3,6,13,2.72,3.35,3.96,331.38,385.58,52.75,1.83,9.75,12.84,-4.3,4.27,3.91,30.56,0,72.64,4.53,223.25,5.66,223.38
2023,3,6,14,2.18,2.92,3.52,266.5,335.65,41.63,1.29,6.85,12.38,-3.47,4.46,4.15,33.44,0,72.59,4.35,225.44,5.46,225.58
2023,3,6,15,1.62,2.26,2.83,191.8,258.33,29.04,0.7,3.55,11.46,-3.1,4.18,4.21,36.44,0,72.55,4.01,228,5.05,228.2
2023,3,6,16,1.01,1.42,1.93,114.73,159.5,15.72,0.24,1.17,10.05,-3,3.53,4.27,40.31,0,72.54,3.37,229.89,4.29,230.1
2023,3,6,17,0.44,0.57,0.92,48.65,62.12,6.91,0.04,0.17,7.73,-2.17,2.78,4.58,50.62,0,72.55,2.09,226.96,2.91,227.61
2023,3,6,18,0,0,0,0,0,0,0,0,5.24,-1.86,1.69,4.7,61.31,0,72.58,1.03,217.57,1.55,218.03
2023,3,6,19,0,0,0,0,0,0,0,0,4.82,-2.16,1.33,4.58,61.69,0,72.63,0.27,181.68,0.45,183.95
2023,3,6,20,0,0,0,0,0,0,0,0,3.56,-2.38,0.58,4.52,66.31,0,72.67,0.44,68.96,0.66,72.85
2023,3,6,21,0,0,0,0,0,0,0,0,2.72,-2.77,-0.02,4.33,68.38,0,72.68,0.68,56.67,1.17,55.35
2023,3,6,22,0,0,0,0,0,0,0,0,2.07,-3.29,-0.61,4.21,68.94,0,72.67,0.89,49.62,1.54,48.08
2023,3,6,23,0,0,0,0,0,0,0,0,1.62,-4.05,-1.21,3.97,67.31,0,72.65,1.01,43.74,1.72,43.34
2023,3,7,0,0,0,0,0,0,0,0,0,1.51,-5.06,-1.77,3.66,62.88,0,72.63,1.02,41.27,1.69,40.69
2023,3,7,1,0,0,0,0,0,0,0,0,1.81,-6.1,-2.14,3.42,56.81,0,72.6,0.91,38.74,1.46,38.04
2023,3,7,2,0,0,0,0,0,0,0,0,2.03,-6.94,-2.45,3.17,52.31,0,72.56,0.79,33.69,1.22,33.49
2023,3,7,3,0,0,0,0,0,0,0,0,2.01,-7.55,-2.77,3.05,49.81,0,72.53,0.76,28.14,1.15,27.96
2023,3,7,4,0,0,0,0,0,0,0,0,1.56,-8.16,-3.3,2.87,48.94,0,72.53,0.87,25.64,1.31,25.8
2023,3,7,5,0,0,0,0,0,0,0,0,1.17,-8.86,-3.85,2.69,47.56,0,72.56,0.99,24.33,1.51,24.17
2023,3,7,6,0.03,0.02,0.06,1.83,2.02,0.31,0,0,1.01,-9.61,-4.31,2.56,45.25,0,72.61,1.1,23.47,1.73,23.44
2023,3,7,7,0.65,0.66,0.91,69.98,71.85,9.45,0.05,0.25,3.55,-7.45,-1.95,3.11,46,0,72.66,1.03,24.23,1.67,23.8
2023,3,7,8,1.52,1.62,1.96,173.45,184.42,26.27,0.42,2.1,7.63,-8.69,-0.52,2.81,31.5,0,72.73,0.87,321.18,1.08,321.47
2023,3,7,9,2.35,2.48,2.86,273.27,285.45,43.97,1.12,5.6,10.53,-9.09,0.73,2.81,25.88,0,72.76,2.33,249.98,2.87,250.14
2023,3,7,10,2.89,3.13,3.55,341.92,361.27,56.27,1.8,9.35,12.37,-8.6,1.88,2.87,23.25,0,72.77,3.24,234.93,4.04,235.08
2023,3,7,11,3.29,3.53,3.98,392.08,408.23,64.34,2.29,12.15,13.55,-7.67,2.94,3.05,22.88,0,72.76,4.12,226.54,5.17,226.59
2023,3,7,12,3.32,3.53,4.12,395.45,410.35,63.34,2.27,12.15,13.94,-6.34,3.8,3.36,24.5,0,72.72,4.78,223.48,6.04,223.58
2023,3,7,13,2.92,3.37,3.97,352.55,390.25,55.68,1.92,10.25,13.68,-4.88,4.4,3.72,27.62,0,72.68,4.96,223.09,6.29,223.19
2023,3,7,14,2.35,2.93,3.53,281.4,339.3,44.31,1.38,7.25,12.94,-3.88,4.53,3.97,31.06,0,72.65,4.75,224,6.02,224.26
2023,3,7,15,1.73,2.26,2.84,204.1,259.42,30.84,0.75,3.77,11.84,-3.4,4.23,4.15,34.56,0,72.64,4.38,223.77,5.57,224.03
2023,3,7,16,1.01,1.41,1.94,116.88,159.08,16.6,0.27,1.3,10.22,-3.08,3.57,4.21,39.5,0.02,72.66,3.71,223.64,4.77,223.87
2023,3,7,17,0.44,0.56,0.94,49.92,60.83,7.5,0.04,0.2,7.76,-2.1,2.83,4.58,50.69,0.02,72.69,2.32,220.23,3.21,221.25
2023,3,7,18,0,0,0,0,0,0,0,0,5.37,-1.82,1.77,4.7,61,0.03,72.73,1.21,216.05,1.83,217.9
2023,3,7,19,0,0,0,0,0,0,0,0,5.34,-2.2,1.57,4.52,59.19,0.01,72.78,0.48,211.12,0.68,209.83
2023,3,7,20,0,0,0,0,0,0,0,0,4.59,-2.21,1.19,4.52,62.56,0,72.82,0.23,90,0.37,98.47
2023,3,7,21,0,0,0,0,0,0,0,0,4.05,-2.3,0.87,4.52,64.69,0,72.85,0.48,63.85,0.8,67.47
2023,3,7,22,0,0,0,0,0,0,0,0,3.59,-2.49,0.55,4.46,65.88,0,72.85,0.64,56.89,1.13,57.41
2023,3,7,23,0,0,0,0,0,0,0,0,3.33,-2.81,0.26,4.33,65.5,0,72.84,0.73,54.96,1.32,55.09
2023,3,8,0,0,0,0,0,0,0,0,0,3.13,-3.34,-0.1,4.15,63.75,0,72.81,0.81,52.03,1.42,51.68
2023,3,8,1,0,0,0,0,0,0,0,0,2.91,-4.1,-0.6,3.97,61,0,72.76,0.85,50.6,1.42,49.91
2023,3,8,2,0,0,0,0,0,0,0,0,2.73,-4.84,-1.06,3.72,58.12,0,72.72,0.85,51.75,1.37,51.03
2023,3,8,3,0,0,0,0,0,0,0,0,2.55,-5.47,-1.45,3.54,55.81,0,72.69,0.81,47.73,1.3,46.71
2023,3,8,4,0,0,0,0,0,0,0,0,2.26,-6.1,-1.92,3.36,54.19,0,72.69,0.83,45.38,1.36,43.6
2023,3,8,5,0,0,0,0,0,0,0,0,2.24,-6.57,-2.17,3.23,52.19,0,72.72,0.84,47.26,1.41,45.67
2023,3,8,6,0.03,0.02,0.06,1.73,1.95,0.3,0,0,2.58,-7.08,-2.25,3.11,49.12,0,72.77,0.74,50.58,1.24,49.09
2023,3,8,7,0.47,0.51,0.94,75.23,55.42,18.3,0.11,0.52,4.6,-5.21,-0.31,3.66,50.75,0,72.84,0.38,74.54,0.78,63.95
2023,3,8,8,0.62,1.32,1.98,73.85,146.35,11.05,0.19,0.92,7.87,-8.75,-0.45,2.75,30.56,0,72.93,0.69,182.6,0.85,182.63
2023,3,8,9,0.9,2.08,2.88,114.4,234.8,18.41,0.48,2.48,9.97,-10.29,-0.16,2.44,23.62,0,72.99,2.35,204.18,2.89,204.28
2023,3,8,10,1.62,2.8,3.57,232.2,326.15,47.24,1.55,8.25,11.08,-9.66,0.72,2.56,22.81,0.02,73.02,3.35,205.43,4.14,205.5
2023,3,8,11,1.25,3.15,4,181.05,367.3,32.94,1.13,6.17,11.56,-8.44,1.56,2.81,24,0.04,73,3.65,206.18,4.5,206.25
2023,3,8,12,0.94,2.92,4.14,147.2,332.85,25.8,0.84,4.6,11.55,-7.22,2.16,3.05,26.31,0.06,72.94,3.69,207.76,4.56,207.88
2023,3,8,13,1.06,2.65,3.99,149.58,297.12,25.95,0.87,4.75,11.39,-6.04,2.68,3.36,29.12,0.05,72.87,3.77,209.7,4.67,209.78
2023,3,8,14,0.71,2.26,3.55,101.88,251.3,17.04,0.51,2.73,11.17,-4.95,3.12,3.66,32.25,0.05,72.8,3.96,210.87,4.94,210.9
2023,3,8,15,0.69,1.65,2.85,94.15,180.73,16.19,0.41,2.02,10.26,-4.03,3.11,3.97,36.94,0.05,72.77,3.78,208.36,4.76,208.42
2023,3,8,16,0.39,0.94,1.95,49.83,100.75,8.48,0.14,0.67,8.78,-3.2,2.79,4.21,43.56,0.05,72.76,3.2,205.13,4.06,205.18
2023,3,8,17,0.21,0.3,0.9,24.17,32.6,4.18,0.02,0.12,6.65,-2.06,2.3,4.64,55.44,0.05,72.77,2.07,201.24,2.82,201.45
2023,3,8,18,0.02,0.01,0.05,1.1,1.1,0.17,0,0,4.33,-1.75,1.29,4.76,66.62,0.03,72.8,1.12,197.04,1.69,197.18
2023,3,8,19,0,0,0,0,0,0,0,0,3.94,-1.9,1.01,4.7,67.69,0.02,72.84,0.55,182.45,0.8,181.68
2023,3,8,20,0,0,0,0,0,0,0,0,3.01,-2.1,0.46,4.64,71.5,0.01,72.89,0.29,97.7,0.47,97.72
2023,3,8,21,0,0,0,0,0,0,0,0,2.1,-2.47,-0.18,4.52,74.56,0.01,72.89,0.5,56.56,0.81,57.53
2023,3,8,22,0,0,0,0,0,0,0,0,1.4,-2.91,-0.76,4.39,75.81,0.02,72.87,0.7,48.63,1.22,48.12
2023,3,8,23,0,0,0,0,0,0,0,0,0.92,-3.45,-1.27,4.21,75.25,0.01,72.83,0.79,50.19,1.41,49.26
2023,3,9,0,0,0,0,0,0,0,0,0,0.76,-3.98,-1.6,4.03,72.81,0.01,72.77,0.81,52.47,1.42,51.24
2023,3,9,1,0,0,0,0,0,0,0,0,0.68,-4.45,-1.88,3.85,70.31,0,72.71,0.83,51.51,1.45,50.04
2023,3,9,2,0,0,0,0,0,0,0,0,0.51,-4.95,-2.22,3.72,68.19,0,72.64,0.91,49.18,1.55,47.65
2023,3,9,3,0,0,0,0,0,0,0,0,0.4,-5.51,-2.56,3.54,65.69,0,72.6,1.01,45.63,1.7,44.81
2023,3,9,4,0,0,0,0,0,0,0,0,0.25,-6.14,-2.95,3.36,62.94,0,72.57,1.12,40.77,1.88,40.45
2023,3,9,5,0,0,0,0,0,0,0,0,0,-6.82,-3.42,3.17,60.56,0,72.58,1.24,37.3,2.08,37.21
2023,3,9,6,0.02,0.02,0.07,1.58,1.62,0.25,0,0,0.02,-7.39,-3.69,3.05,57.56,0,72.62,1.27,35.74,2.18,35.97
2023,3,9,7,0.4,0.39,0.96,40.3,41.23,6.3,0.03,0.17,3.36,-5.13,-0.88,3.72,55.75,0,72.69,1.13,40.52,1.84,39.49
2023,3,9,8,1.14,1.16,2,120.12,123.23,17.13,0.27,1.33,7.23,-6.07,0.58,3.42,39.06,0,72.76,0.49,150.59,0.59,150.72
2023,3,9,9,1.54,1.91,2.9,171.65,204.58,23.38,0.55,2.8,9.75,-6.92,1.42,3.17,30.81,0,72.8,2.41,205.98,2.96,206.02
2023,3,9,10,2.31,2.6,3.59,264.35,289.62,39.3,1.16,6.05,11.3,-6.53,2.38,3.3,28.56,0,72.8,3.48,210.37,4.32,210.41
2023,3,9,11,2.64,3.03,4.01,308.45,339.8,45.12,1.53,8.27,12.17,-5.73,3.23,3.48,28.69,0,72.78,4.27,211.22,5.33,211.27
2023,3,9,12,2.65,3.49,4.16,333.5,404.35,55.98,2.06,11.1,12.36,-4.68,3.84,3.78,30.62,0,72.74,4.6,212.15,5.75,212.11
2023,3,9,13,2,3.21,4,248.5,366.15,39.78,1.38,7.38,12.05,-3.74,4.15,4.03,33.44,0,72.68,4.54,213.42,5.68,213.45
2023,3,9,14,1.54,2.66,3.56,188.12,297.55,28.05,0.87,4.62,11.49,-3.09,4.2,4.27,36.5,0,72.64,4.35,214.32,5.46,214.33
2023,3,9,15,1.09,1.86,2.87,123.62,198.6,17.12,0.41,2.1,10.55,-2.7,3.92,4.39,40.06,0.01,72.62,3.93,215.52,4.94,215.6
2023,3,9,16,0.65,1.03,1.96,67.95,104.6,9.26,0.15,0.73,9.22,-2.58,3.32,4.46,44.25,0,72.62,3.26,216.92,4.12,217.07
2023,3,9,17,0.31,0.36,0.91,34.08,38.7,5.92,0.03,0.15,7.25,-2.14,2.55,4.58,52.56,0,72.64,2.17,217.82,2.91,218.01
2023,3,9,18,0.03,0.01,0.06,1.4,1.42,0.24,0,0,4.87,-1.65,1.62,4.76,64.25,0,72.68,1.05,218.33,1.54,218.61
2023,3,9,19,0,0,0,0,0,0,0,0,4.32,-1.75,1.29,4.7,66.12,0,72.72,0.12,281.31,0.16,278.53
2023,3,9,20,0,0,0,0,0,0,0,0,3.15,-2.05,0.55,4.64,70.19,0,72.75,0.57,31.5,0.95,31.61
2023,3,9,21,0,0,0,0,0,0,0,0,2.51,-2.51,0.01,4.46,71,0,72.76,0.84,37.41,1.4,36.81
2023,3,9,22,0,0,0,0,0,0,0,0,2.06,-3.12,-0.52,4.27,70.06,0,72.74,0.98,39.81,1.61,39.7
2023,3,9,23,0,0,0,0,0,0,0,0,1.82,-3.83,-1,4.03,67.38,0,72.72,1.03,41.63,1.69,41.26
2023,3,10,0,0,0,0,0,0,0,0,0,1.78,-4.61,-1.42,3.78,63.5,0,72.69,1.03,40.36,1.65,40.01
2023,3,10,1,0,0,0,0,0,0,0,0,1.62,-5.41,-1.89,3.54,60.19,0,72.65,1,35.8,1.61,35.54
2023,3,10,2,0,0,0,0,0,0,0,0,1.34,-6.17,-2.42,3.36,57.81,0,72.59,1.04,28.3,1.69,27.87
2023,3,10,3,0,0,0,0,0,0,0,0,1.04,-6.82,-2.89,3.17,56.19,0,72.55,1.14,24.64,1.89,24.44
2023,3,10,4,0,0,0,0,0,0,0,0,0.72,-7.5,-3.39,2.99,54.56,0,72.54,1.21,23.59,2.04,24.21
2023,3,10,5,0,0,0,0,0,0,0,0,0.54,-8.1,-3.78,2.87,52.56,0,72.56,1.24,24.62,2.09,25.42
2023,3,10,6,0.03,0.02,0.08,2.12,2.3,0.35,0,0,0.71,-8.45,-3.87,2.75,50.25,0,72.6,1.23,26.08,2.08,27.05
2023,3,10,7,0.52,0.51,0.98,53.77,54.38,7.61,0.04,0.23,4.05,-6.42,-1.19,3.3,47.38,0,72.66,1.06,34.75,1.7,32.81
2023,3,10,8,1.35,1.38,2.02,149.85,153.88,21.04,0.33,1.6,7.95,-5.99,0.98,3.42,37.5,0,72.74,0.31,200.73,0.38,200.7
2023,3,10,9,2.13,2.22,2.92,246.25,254.8,37.34,0.89,4.45,10.35,-5.13,2.61,3.72,34.62,0,72.78,2.3,206.65,2.87,207.05
2023,3,10,10,2.32,2.84,3.6,274.35,325.65,42.45,1.27,6.6,11.69,-4.47,3.62,3.91,33.19,0,72.79,3.38,209.47,4.24,209.97
2023,3,10,11,2.93,3.27,4.03,350.6,378.8,55.95,1.88,9.98,12.51,-3.75,4.37,4.09,33.06,0,72.77,4.11,210.37,5.16,210.8
2023,3,10,12,3.15,3.56,4.17,391.35,419.4,66.8,2.42,13.02,12.81,-3.14,4.83,4.27,33.62,0,72.71,4.47,211.14,5.62,211.41
2023,3,10,13,2.59,3.33,4.02,315.62,385.85,50.6,1.73,9.15,12.62,-2.66,4.98,4.39,35.06,0,72.64,4.49,211.56,5.64,211.75
2023,3,10,14,2.02,2.8,3.58,244.83,320.4,37.03,1.12,5.85,12.07,-2.35,4.86,4.52,37.06,0,72.58,4.34,211.23,5.47,211.44
2023,3,10,15,1.36,2.05,2.88,159.4,227.5,22.64,0.53,2.7,11.19,-2.17,4.51,4.58,39.81,0,72.55,4.1,209.3,5.18,209.42
2023,3,10,16,0.83,1.2,1.98,89.1,128.23,11.74,0.18,0.88,9.79,-2.05,3.87,4.58,44.12,0,72.56,3.61,207.34,4.61,207.56
2023,3,10,17,0.37,0.43,0.92,40.1,45.65,6.2,0.03,0.17,7.71,-1.78,2.96,4.7,51.88,0,72.6,2.61,206.1,3.5,206.39
2023,3,10,18,0.03,0.02,0.06,1.58,1.62,0.27,0,0,4.77,-1.15,1.81,4.94,66.75,0,72.65,1.22,203.78,2,204.96
2023,3,10,19,0,0,0,0,0,0,0,0,4.23,-1.42,1.4,4.82,67.81,0,72.72,0.74,200.91,1.19,200.34
2023,3,10,20,0,0,0,0,0,0,0,0,3.7,-1.61,1.05,4.76,69.5,0,72.78,0.28,165.58,0.51,170.25
2023,3,10,21,0,0,0,0,0,0,0,0,3.07,-1.78,0.64,4.7,71.88,0,72.81,0.26,75.96,0.41,79.11
2023,3,10,22,0,0,0,0,0,0,0,0,2.47,-1.99,0.23,4.64,73.88,0,72.79,0.55,57.65,0.88,56.59
2023,3,10,23,0,0,0,0,0,0,0,0,1.98,-2.28,-0.15,4.52,74.94,0,72.76,0.75,57.3,1.21,56.31
2023,3,11,0,0,0,0,0,0,0,0,0,1.67,-2.6,-0.46,4.39,74.81,0,72.72,0.81,60.73,1.32,59.5
2023,3,11,1,0,0,0,0,0,0,0,0,1.44,-2.9,-0.73,4.33,74.25,0,72.67,0.84,62.72,1.36,61.81
2023,3,11,2,0,0,0,0,0,0,0,0,1.2,-3.23,-1.01,4.21,73.69,0,72.61,0.86,63.67,1.4,62.15
2023,3,11,3,0,0,0,0,0,0,0,0,0.96,-3.57,-1.31,4.09,73,0,72.57,0.89,62.31,1.46,60.83
2023,3,11,4,0,0,0,0,0,0,0,0,0.72,-3.95,-1.62,3.97,72.19,0,72.57,0.93,58.71,1.54,57.2
2023,3,11,5,0,0,0,0,0,0,0,0,0.59,-4.34,-1.87,3.85,70.62,0,72.6,0.98,55.68,1.64,54.87
2023,3,11,6,0.03,0.02,0.09,2.2,2.23,0.36,0,0,0.75,-4.76,-2.01,3.72,67.5,0,72.65,1.02,53.39,1.73,52.72
2023,3,11,7,0.42,0.44,1,45.58,46.85,7.13,0.05,0.23,3.78,-4.02,-0.12,3.97,58.06,0,72.71,0.97,63.23,1.54,59.53
2023,3,11,8,1.07,1.29,2.04,120.77,141.05,17.52,0.29,1.42,7.26,-4.38,1.44,3.85,44.12,0,72.78,0.98,127.87,1.19,127.25
2023,3,11,9,1.57,2.1,2.94,187.35,237.58,28.35,0.7,3.55,9.51,-5.07,2.23,3.66,35.94,0,72.8,1.83,179.27,2.27,179.8
2023,3,11,10,1.89,2.7,3.62,227.42,304.92,33.6,1.03,5.48,11.15,-5.21,2.97,3.6,31.94,0,72.79,2.79,193.26,3.52,193.85
2023,3,11,11,2.23,3.08,4.05,271.98,351.38,40.61,1.4,7.48,12.05,-4.77,3.64,3.78,31.31,0,72.76,3.79,200.38,4.83,201.04
2023,3,11,12,2.23,3.41,4.19,298.23,401.42,54.22,1.98,10.77,12.12,-3.75,4.18,4.09,33.88,0,72.71,4.31,204.62,5.51,205.15
2023,3,11,13,1.62,3.23,4.03,236.9,377.4,49.27,1.72,9.3,11.39,-2.61,4.39,4.46,38.56,0,72.66,4.17,207.91,5.31,208.26
2023,3,11,14,1.14,2.73,3.59,162.75,316.02,31.3,0.95,5.05,10.21,-1.6,4.31,4.82,44.81,0,72.6,3.67,211.76,4.65,212.09
2023,3,11,15,0.71,2,2.89,103.67,228.33,20.94,0.52,2.6,9.18,-1.02,4.08,5,50.06,0,72.58,3.12,215.2,3.95,215.42
2023,3,11,16,0.46,1.13,1.99,67.73,124.08,14.14,0.23,1.15,8.18,-0.72,3.73,5.13,54.81,0,72.6,2.64,218.26,3.38,218.43
2023,3,11,17,0.19,0.36,0.94,27.23,39.2,5.91,0.04,0.17,6.98,-0.39,3.3,5.25,61,0,72.63,1.94,220.75,2.61,220.75
2023,3,11,18,0.03,0.02,0.06,1.58,1.58,0.26,0,0,5.24,0.1,2.67,5.43,71.38,0,72.67,0.94,221.28,1.63,220.72
2023,3,11,19,0,0,0,0,0,0,0,0,4.94,0.13,2.53,5.43,72.88,0,72.72,0.84,222.35,1.3,222.32
2023,3,11,20,0,0,0,0,0,0,0,0,4.88,0.05,2.47,5.37,72.69,0,72.77,0.45,229.18,0.69,228.69
2023,3,11,21,0,0,0,0,0,0,0,0,4.62,-0.1,2.26,5.31,73.31,0,72.81,0.16,0,0.22,0
2023,3,11,22,0,0,0,0,0,0,0,0,4.01,-0.34,1.83,5.25,75.31,0,72.81,0.62,34.7,1.01,34.55
2023,3,11,23,0,0,0,0,0,0,0,0,3.62,-0.76,1.44,5.13,75.25,0,72.78,0.81,38.75,1.37,38.3
2023,3,12,0,0,0,0,0,0,0,0,0,3.54,-1.22,1.16,4.94,73.19,0,72.74,0.88,36.36,1.51,36.16
2023,3,12,1,0,0,0,0,0,0,0,0,3.63,-1.75,0.94,4.76,69.88,0,72.69,0.9,31.22,1.55,30.96
2023,3,12,2,0,0,0,0,0,0,0,0,3.8,-2.29,0.75,4.58,66.31,0,72.64,0.89,26.57,1.51,26.83
2023,3,12,3,0,0,0,0,0,0,0,0,3.75,-2.83,0.46,4.39,63.94,0,72.6,0.83,20.49,1.37,20.71
2023,3,12,4,0,0,0,0,0,0,0,0,3.94,-3.33,0.3,4.21,60.88,0,72.6,0.78,14.45,1.22,14.84
2023,3,12,5,0,0,0,0,0,0,0,0,3.68,-3.74,-0.03,4.09,60.25,0,72.64,0.79,13.76,1.2,13.58
2023,3,12,6,0.03,0.02,0.09,2.38,2.5,0.39,0,0,3.37,-4.14,-0.39,3.97,59.81,0,72.7,0.82,16.7,1.28,15.9
2023,3,12,7,0.49,0.48,1.02,49.08,49.27,7.15,0.04,0.2,5.61,-3.17,1.23,4.33,55.5,0,72.77,0.74,14.04,1.19,13.31
2023,3,12,8,1.24,1.26,2.06,132.62,135.9,18.34,0.28,1.4,8.85,-3.69,2.58,4.27,43.56,0,72.83,0.54,309.7,0.68,309.89
2023,3,12,9,2.11,2.19,2.96,241.98,250.17,37.27,0.9,4.45,11.27,-3.39,3.94,4.39,38.44,0,72.87,1.39,229.78,1.75,230.62
2023,3,12,10,2.28,2.79,3.64,266.88,317.48,41.04,1.23,6.38,13.08,-2.81,5.14,4.58,35.38,0,72.86,2.63,220.18,3.3,220.97
2023,3,12,11,3.03,3.25,4.07,358.8,376.42,57.8,1.93,10.17,14.16,-1.97,6.09,4.82,34.88,0,72.84,3.79,219.23,4.77,219.82
2023,3,12,12,2.79,3.48,4.21,344.12,406,55.73,1.98,10.52,14.24,-0.88,6.68,5.19,37.12,0,72.79,4.44,220.22,5.62,220.6
2023,3,12,13,2.31,3.26,4.05,280.67,374.67,43.59,1.49,7.88,13.69,0.16,6.92,5.49,41,0,72.74,4.53,221.22,5.72,221.46
2023,3,12,14,2.3,2.82,3.6,276.52,324.73,44.14,1.34,7.15,12.73,0.77,6.76,5.74,45.31,0,72.68,4.25,222.61,5.37,222.76
2023,3,12,15,1.6,2.06,2.91,191.2,231.25,30.39,0.74,3.75,11.65,1.06,6.36,5.86,49.5,0,72.66,3.84,223.51,4.87,223.57
2023,3,12,16,0.97,1.19,2,110.25,129.05,16.66,0.27,1.3,10.49,1.12,5.81,5.86,53.62,0,72.66,3.29,224.23,4.23,224.25
2023,3,12,17,0.34,0.4,0.95,37.58,41.65,5.72,0.03,0.15,8.8,1.55,5.18,6.04,62.19,0,72.68,2.17,223.54,2.98,223.62
2023,3,12,18,0.02,0.02,0.07,1.52,1.73,0.26,0,0,6.92,1.62,4.27,6.04,70.94,0,72.71,1.16,218.42,1.72,218.17
2023,3,12,19,0,0,0,0,0,0,0,0,6.57,1.63,4.1,6.04,72.69,0,72.74,0.52,205.8,0.72,205.17
2023,3,12,20,0,0,0,0,0,0,0,0,5.55,1.55,3.55,6.04,77.62,0,72.78,0.24,66.8,0.35,71.57
2023,3,12,21,0,0,0,0,0,0,0,0,4.69,1.35,3.01,5.98,81.31,0,72.81,0.47,55.24,0.74,55.3
2023,3,12,22,0,0,0,0,0,0,0,0,3.91,1.06,2.48,5.86,84.25,0,72.82,0.57,51.1,1,50.08
2023,3,12,23,0,0,0,0,0,0,0,0,3.17,0.62,1.9,5.68,86.12,0,72.81,0.65,48.88,1.21,47.63
2023,3,13,0,0,0,0,0,0,0,0,0,2.58,0.05,1.32,5.43,86.5,0,72.81,0.71,47.22,1.34,46.42
2023,3,13,1,0,0,0,0,0,0,0,0,2.14,-0.49,0.83,5.25,85.81,0,72.8,0.76,45.83,1.45,44.78
2023,3,13,2,0,0,0,0,0,0,0,0,1.9,-0.99,0.46,5.07,84,0,72.77,0.8,45,1.52,43.54
2023,3,13,3,0,0,0,0,0,0,0,0,1.78,-1.4,0.19,4.88,81.81,0,72.74,0.78,45.41,1.49,43.51
2023,3,13,4,0,0,0,0,0,0,0,0,1.65,-1.81,-0.07,4.7,79.94,0,72.71,0.8,43.81,1.52,42.29
2023,3,13,5,0,0,0,0,0,0,0,0,1.58,-2.34,-0.38,4.52,77.12,0,72.71,0.89,41.42,1.65,40.01
2023,3,13,6,0.03,0.03,0.1,2.52,2.73,0.41,0,0,1.72,-3.06,-0.67,4.27,72.19,0,72.73,0.99,39.23,1.81,38.7
2023,3,13,7,0.52,0.51,1.04,52.67,53.1,7.49,0.04,0.23,4.79,-2.77,1.01,4.39,59.94,0,72.76,0.96,42.37,1.63,41.5
2023,3,13,8,1.35,1.36,2.08,146.48,148.77,20.09,0.31,1.52,8.48,-3.19,2.65,4.33,45.69,0,72.8,0.28,158.5,0.32,155.32
2023,3,13,9,2.15,2.22,2.98,245.52,251.95,36.6,0.87,4.3,10.87,-3.27,3.8,4.33,38.81,0,72.8,2.1,214.52,2.55,214.52
2023,3,13,10,2.65,2.87,3.66,311.45,329.85,47.55,1.41,7.25,12.57,-2.99,4.79,4.39,35.19,0,72.77,3.22,215.62,3.99,215.59
2023,3,13,11,2.89,3.28,4.08,344.58,379.17,53.3,1.78,9.38,13.59,-2.1,5.75,4.7,35,0,72.73,4.1,214.75,5.1,214.71
2023,3,13,12,2.61,3.03,4.22,299.52,338.05,41.23,1.34,7.05,13.82,-0.95,6.44,5.07,37.31,0,72.67,4.63,214.2,5.82,214.22
2023,3,13,13,2.02,2.85,4.06,238.95,315.67,33.03,1.08,5.62,13.3,0.23,6.76,5.49,41.75,0.01,72.6,4.7,214.3,5.91,214.28
2023,3,13,14,1.41,2.38,3.62,163.75,259.4,23.09,0.67,3.52,12.19,1,6.59,5.8,47.5,0.02,72.54,4.46,214.8,5.63,214.95
2023,3,13,15,0.95,1.8,2.92,116.33,198.95,17.31,0.41,2,11.01,1.3,6.16,5.92,52.5,0.03,72.5,4.06,215.77,5.15,215.74
2023,3,13,16,0.59,1.04,2.01,69.08,111.98,10.16,0.16,0.77,9.8,1.4,5.6,5.98,57.44,0.03,72.5,3.52,215.52,4.5,215.6
2023,3,13,17,0.25,0.35,0.96,28.65,37.33,4.18,0.02,0.1,8.25,1.65,4.95,6.1,65.19,0.04,72.51,2.41,215.24,3.2,215.36
2023,3,13,18,0.02,0.02,0.07,1.1,1.6,0.17,0,0,6.51,1.89,4.19,6.23,74.75,0.02,72.52,1.26,212.31,1.84,212.55
2023,3,13,19,0,0,0,0,0,0,0,0,6.05,1.95,4.01,6.23,77.25,0.02,72.55,0.77,207.87,1.07,208.44
2023,3,13,20,0,0,0,0,0,0,0,0,5.23,1.94,3.58,6.23,81.88,0.01,72.58,0.09,180,0.19,182.39
2023,3,13,21,0,0,0,0,0,0,0,0,4.29,1.85,3.07,6.23,86.94,0.01,72.6,0.27,46.17,0.39,51.52
2023,3,13,22,0,0,0,0,0,0,0,0,3.44,1.65,2.55,6.1,91.12,0.01,72.59,0.42,48.81,0.7,50.44
2023,3,13,23,0,0,0,0,0,0,0,0,2.55,1.3,1.92,5.98,94.94,0.01,72.57,0.48,52.21,1.02,49.97
2023,3,14,0,0,0,0,0,0,0,0,0,1.76,0.9,1.33,5.86,97.69,0.01,72.53,0.54,50.83,1.28,47.73
2023,3,14,1,0,0,0,0,0,0,0,0,1.21,0.32,0.76,5.62,97.38,0.01,72.49,0.62,48.07,1.46,45.22
2023,3,14,2,0,0,0,0,0,0,0,0,0.95,-0.47,0.24,5.25,93.5,0.01,72.44,0.68,46.4,1.58,44.2
2023,3,14,3,0,0,0,0,0,0,0,0,0.86,-1.35,-0.25,4.94,88,0,72.4,0.74,48.42,1.67,45.76
2023,3,14,4,0,0,0,0,0,0,0,0,0.82,-2.39,-0.79,4.58,81.5,0,72.38,0.81,49.7,1.76,46.97
2023,3,14,5,0,0,0,0,0,0,0,0,1.12,-3.57,-1.23,4.15,73,0,72.39,0.85,50.19,1.75,47.54
2023,3,14,6,0.04,0.03,0.11,2.88,2.98,0.46,0,0,1.64,-4.53,-1.45,3.85,65.25,0,72.42,0.84,51.42,1.6,49.37
2023,3,14,7,0.48,0.49,1.06,51.15,52.23,7.39,0.04,0.2,4.95,-3.27,0.84,4.27,57.06,0,72.47,0.55,73.38,1,62.64
2023,3,14,8,1.09,1.28,2.1,120.75,139.98,16.14,0.23,1.17,8.05,-3.43,2.3,4.21,45.31,0,72.53,0.84,197.42,1.01,197.17
2023,3,14,9,1.61,2.08,3,186.73,233.42,26.12,0.59,2.98,9.95,-2.19,3.88,4.64,43.88,0,72.55,2.44,217.71,2.99,217.68
2023,3,14,10,2.04,2.74,3.68,242.92,312.05,35.53,1.02,5.27,11.31,-1.46,4.93,4.88,42.38,0,72.55,3.4,221.09,4.18,221.14
2023,3,14,11,2.33,3.23,4.1,294.4,375.83,47.59,1.56,8.23,12.04,-0.85,5.6,5.13,42.19,0.01,72.52,3.99,223.25,4.95,223.27
2023,3,14,12,1.96,3.11,4.24,256.4,358.7,39.85,1.33,7,12.09,-0.21,5.94,5.37,44.19,0.02,72.46,4.31,225.15,5.38,225.24
2023,3,14,13,1.44,2.96,4.08,196.25,338.02,33.78,1.09,5.7,11.37,0.35,5.86,5.62,48.44,0.02,72.4,4.33,225.51,5.43,225.58
2023,3,14,14,1.04,2.5,3.63,141.55,282.85,22.04,0.62,3.17,10.37,0.69,5.52,5.8,53.25,0.03,72.34,4.03,225.24,5.05,225.31
2023,3,14,15,0.72,1.83,2.93,97.98,202.48,16.7,0.38,1.9,9.44,0.85,5.14,5.86,57.38,0.02,72.31,3.65,222.05,4.59,222.1
2023,3,14,16,0.32,0.99,2.02,36.88,102.17,5.02,0.07,0.35,8.45,1.01,4.73,5.92,62.06,0.02,72.29,3.2,217.96,4.05,217.87
2023,3,14,17,0.23,0.35,0.97,29.25,37.3,5.31,0.03,0.12,7.12,1.31,4.22,6.04,69.56,0.02,72.3,2.44,212.32,3.19,212.41
2023,3,14,18,0.02,0.02,0.08,1.2,1.62,0.19,0,0,5.76,1.73,3.75,6.29,78.75,0.01,72.32,1.54,202.93,2.35,202.72
2023,3,14,19,0,0,0,0,0,0,0,0,5.34,1.76,3.55,6.23,81,0.01,72.36,1.36,198.12,2.06,197.47
2023,3,14,20,0,0,0,0,0,0,0,0,5.01,1.79,3.4,6.23,82.94,0.01,72.39,1.02,187.94,1.55,186.66
2023,3,14,21,0,0,0,0,0,0,0,0,4.45,1.69,3.08,6.16,85.5,0.01,72.41,0.63,179.28,0.96,179.07
2023,3,14,22,0,0,0,0,0,0,0,0,3.74,1.55,2.65,6.1,88.88,0.01,72.4,0.24,128.37,0.39,134.19
2023,3,14,23,0,0,0,0,0,0,0,0,2.7,1.34,2.02,6.04,94.19,0.01,72.37,0.3,66.8,0.54,66.04
2023,3,15,0,0,0,0,0,0,0,0,0,1.9,0.96,1.44,5.86,96.88,0.01,72.33,0.37,51.91,0.79,49.4
2023,3,15,1,0,0,0,0,0,0,0,0,1.15,0.25,0.7,5.62,97.5,0.01,72.29,0.41,40.36,1,39.63
2023,3,15,2,0,0,0,0,0,0,0,0,0.64,-0.74,-0.06,5.25,94.44,0.01,72.25,0.51,35.64,1.27,34.76
2023,3,15,3,0,0,0,0,0,0,0,0,0.32,-1.92,-0.8,4.82,88.81,0.01,72.23,0.64,38.55,1.48,37.29
2023,3,15,4,0,0,0,0,0,0,0,0,0.11,-3.31,-1.6,4.33,81.38,0,72.23,0.75,39.5,1.58,38.4
2023,3,15,5,0,0,0,0,0,0,0,0,0.23,-4.63,-2.2,3.91,72.69,0,72.26,0.83,41.19,1.61,40.27
2023,3,15,6,0.04,0.03,0.12,3.12,3.4,0.5,0,0,0.74,-5.53,-2.4,3.6,64.81,0,72.31,0.88,44.64,1.63,43.64
2023,3,15,7,0.48,0.54,1.08,53.33,57.77,7.79,0.04,0.2,4.23,-4.31,-0.04,4.03,56.25,0,72.37,0.74,62.89,1.22,56.72
2023,3,15,8,1.03,1.35,2.12,116,147.8,15.72,0.22,1.05,7.53,-4.19,1.67,4.09,45.56,0,72.43,0.92,203.07,1.1,203.09
2023,3,15,9,1.68,2.19,3.02,198.85,248.5,29.5,0.63,3.12,9.63,-4.82,2.4,3.85,37.44,0,72.46,2.55,216.41,3.12,216.55
2023,3,15,10,2.2,2.83,3.7,264.7,325.42,40.42,1.08,5.4,11.02,-4.31,3.35,3.97,35.12,0,72.46,3.5,216.92,4.32,217.06
2023,3,15,11,2.27,3.22,4.12,278.33,370.38,42.52,1.27,6.48,11.76,-3.21,4.27,4.27,36.06,0.01,72.44,4.1,216.56,5.08,216.75
2023,3,15,12,2.11,3.11,4.25,255.48,354.25,36.88,1.09,5.6,11.94,-2.21,4.87,4.58,38.12,0.01,72.39,4.35,216.97,5.4,217.07
2023,3,15,13,1.99,2.98,4.09,238.05,336.08,34.94,1.02,5.23,11.69,-1.49,5.11,4.82,40.81,0.01,72.32,4.48,217.63,5.59,217.78
2023,3,15,14,1.51,2.51,3.64,179.08,279,24.6,0.62,3.12,11.14,-1.11,5.01,5,43.56,0.01,72.27,4.47,219.33,5.62,219.47
2023,3,15,15,1.12,1.8,2.94,125.02,194.65,16.58,0.34,1.65,10.32,-1.04,4.64,5,46.31,0.02,72.24,4.25,221.57,5.38,221.7
2023,3,15,16,0.6,1.01,2.03,63.65,104.33,8.19,0.1,0.5,9.07,-1.19,3.94,4.94,49.81,0.01,72.24,3.68,222.76,4.7,222.98
2023,3,15,17,0.23,0.37,0.98,24.55,39.17,3.82,0.02,0.08,7.33,-1.05,3.14,5,56.69,0.01,72.25,2.6,222.81,3.42,223.06
2023,3,15,18,0.02,0.02,0.08,1.73,1.83,0.28,0,0,5.05,-0.58,2.23,5.19,68.88,0.01,72.28,1.28,221.05,1.97,222.91
2023,3,15,19,0,0,0,0,0,0,0,0,4.54,-0.72,1.9,5.13,70.5,0.01,72.32,0.84,230.67,1.23,231.45
2023,3,15,20,0,0,0,0,0,0,0,0,4.03,-0.92,1.56,5.07,72,0,72.36,0.3,273.01,0.45,272.01
2023,3,15,21,0,0,0,0,0,0,0,0,3.37,-1.17,1.1,4.94,74.12,0,72.38,0.39,7.97,0.65,9.69
2023,3,15,22,0,0,0,0,0,0,0,0,2.58,-1.51,0.54,4.82,76.38,0,72.4,0.68,32.42,1.16,31.56
2023,3,15,23,0,0,0,0,0,0,0,0,2.11,-1.96,0.07,4.7,76.38,0,72.4,0.8,39.88,1.37,38.76
2023,3,16,0,0,0,0,0,0,0,0,0,1.84,-2.45,-0.31,4.52,74.94,0,72.4,0.74,43.29,1.26,41.49
2023,3,16,1,0,0,0,0,0,0,0,0,1.6,-2.91,-0.65,4.33,73.81,0,72.38,0.65,40.6,1.11,38.98
2023,3,16,2,0,0,0,0,0,0,0,0,1.32,-3.28,-0.98,4.21,73.19,0,72.35,0.7,32.62,1.19,31.29
2023,3,16,3,0,0,0,0,0,0,0,0,0.86,-3.69,-1.42,4.09,73.31,0,72.33,0.91,30.96,1.56,30.42
2023,3,16,4,0,0,0,0,0,0,0,0,0.26,-4.24,-1.99,3.91,73.25,0,72.32,1.12,30.49,2.01,30.66
2023,3,16,5,0,0,0,0,0,0,0,0,-0.13,-5.02,-2.58,3.72,70.88,0,72.34,1.25,32.5,2.34,32.57
2023,3,16,6,0.05,0.04,0.13,4.1,4.55,0.68,0,0.02,0.01,-5.81,-2.9,3.48,65.69,0,72.38,1.25,34.09,2.47,34.19
2023,3,16,7,0.58,0.7,1.1,66.75,78.38,9.97,0.06,0.3,4.04,-5.07,-0.52,3.72,52.69,0,72.44,1.5,37.41,2.31,36.75
2023,3,16,8,1.22,1.61,2.14,142.83,184.7,21.26,0.34,1.67,7.92,-4.67,1.62,3.78,41.56,0,72.51,0.21,138.01,0.24,135
2023,3,16,9,1.84,2.44,3.04,223.25,283.25,34.91,0.84,4.23,10.22,-3.74,3.24,4.15,38.5,0,72.57,2.77,213.96,3.44,213.98
2023,3,16,10,2.34,3.07,3.71,288.5,358.65,46.27,1.39,7.27,10.77,-2.86,3.96,4.33,39.19,0,72.61,3.82,211.29,4.79,211.33
2023,3,16,11,2.95,3.51,4.13,367.48,412.38,61.47,2.12,11.23,11.01,-2.02,4.5,4.58,40.69,0,72.6,4.18,210.16,5.21,210.14
2023,3,16,12,2.71,3.58,4.27,349.67,421.3,60.1,2.09,11.1,11.65,-1.66,5,4.7,39.94,0,72.56,4.36,210.1,5.44,210.1
2023,3,16,13,2.21,3.35,4.1,284.65,390.08,48.07,1.59,8.42,11.87,-1.56,5.15,4.76,39.62,0,72.49,4.55,211.23,5.69,211.29
2023,3,16,14,1.75,2.82,3.65,227.65,324.8,37.99,1.11,5.77,11.39,-1.46,4.97,4.76,41.25,0,72.45,4.61,213.18,5.8,213.18
2023,3,16,15,1.23,2.05,2.95,155.08,231.83,24.19,0.55,2.73,10.4,-1.38,4.51,4.82,44.31,0,72.43,4.38,212.84,5.54,212.86
2023,3,16,16,0.86,1.18,2.04,106.6,127.67,16.9,0.25,1.23,9.15,-1.37,3.9,4.82,48.31,0.01,72.45,3.84,211,4.9,210.98
2023,3,16,17,0.3,0.39,0.99,33.9,40.98,5.45,0.03,0.12,7.62,-1.21,3.2,4.88,54.31,0.01,72.47,3,207.43,3.98,207.37
2023,3,16,18,0.03,0.02,0.08,1.77,1.9,0.28,0,0,5.19,-0.45,2.37,5.19,68.5,0.04,72.53,1.54,203.7,2.51,202.89
2023,3,16,19,0,0,0,0,0,0,0,0,4.61,-0.71,1.94,5.13,70.12,0.03,72.6,1.28,198.88,2.07,197.82
2023,3,16,20,0,0,0,0,0,0,0,0,4.23,-0.82,1.7,5.07,71.44,0.03,72.66,0.98,185.03,1.57,183.98
2023,3,16,21,0,0,0,0,0,0,0,0,3.73,-0.93,1.4,5.07,73.62,0.02,72.69,0.68,161.36,1.13,162.32
2023,3,16,22,0,0,0,0,0,0,0,0,3.42,-0.86,1.28,5.07,75.88,0.01,72.7,0.44,132.14,0.75,137.97
2023,3,16,23,0,0,0,0,0,0,0,0,3.11,-0.82,1.14,5.13,77.94,0.01,72.68,0.3,102.2,0.5,105.33
2023,3,17,0,0,0,0,0,0,0,0,0,2.85,-0.88,0.99,5.13,79.12,0,72.64,0.25,82.87,0.43,82.75
2023,3,17,1,0,0,0,0,0,0,0,0,2.57,-0.97,0.8,5.07,80.19,0,72.58,0.27,66.37,0.46,66.04
2023,3,17,2,0,0,0,0,0,0,0,0,2.03,-1.25,0.39,4.94,81.5,0,72.51,0.35,48.58,0.52,49.3
2023,3,17,3,0,0,0,0,0,0,0,0,1.48,-1.52,-0.02,4.88,83.06,0,72.45,0.44,32.01,0.76,32.38
2023,3,17,4,0,0,0,0,0,0,0,0,1.21,-1.93,-0.36,4.7,82.06,0,72.42,0.58,25.53,1.06,26.38
2023,3,17,5,0,0,0,0,0,0,0,0,1.01,-2.55,-0.77,4.52,79.31,0,72.43,0.81,28.79,1.39,29.74
2023,3,17,6,0.04,0.03,0.14,2.65,3,0.37,0,0,1.3,-3.21,-0.95,4.27,73.94,0,72.47,0.92,35.31,1.51,35.5
2023,3,17,7,0.46,0.45,1.12,44.75,45.4,6.09,0.03,0.15,4.3,-2.65,0.83,4.52,62.88,0,72.54,0.63,48.01,0.96,46.66
2023,3,17,8,1.13,1.16,2.17,112.85,118.85,14.65,0.2,0.98,7.33,-2.13,2.6,4.76,54.12,0,72.61,1.25,223.74,1.52,223.96
2023,3,17,9,1.5,1.9,3.05,159.75,200.33,20.92,0.44,2.17,9.3,-1.95,3.68,4.82,48.19,0,72.66,2.83,226.23,3.5,226.27
2023,3,17,10,1.79,2.6,3.73,207.15,281.9,27.72,0.75,3.88,10.62,-1.35,4.64,5,45.75,0.01,72.66,3.75,224.92,4.65,225
2023,3,17,11,1.93,3,4.15,229.08,329.7,31.16,0.95,4.77,11.26,-0.53,5.37,5.31,46.06,0.05,72.64,4.25,222.84,5.29,223.03
2023,3,17,12,2.1,3.22,4.28,257.65,364.88,36.3,1.15,5.8,11.26,0.22,5.73,5.55,48.19,0.14,72.58,4.38,221.68,5.46,221.81
2023,3,17,13,1.83,2.97,4.12,222.33,331.1,32.19,0.98,5,10.87,0.55,5.71,5.68,50.5,0.24,72.51,4.39,220.52,5.49,220.61
2023,3,17,14,1.32,2.46,3.67,160.6,267.62,22,0.58,3,10.19,0.72,5.46,5.74,53.38,0.37,72.46,4.31,218.82,5.41,218.91
2023,3,17,15,1.03,1.62,2.96,119.17,168.05,15.77,0.33,1.62,9.12,0.88,5,5.8,58.12,0.42,72.43,3.92,217.39,4.94,217.41
2023,3,17,16,0.65,0.86,2.06,73.1,85.98,9.3,0.12,0.6,7.76,1,4.38,5.86,64.56,0.32,72.42,3.3,216.14,4.16,216.14
2023,3,17,17,0.27,0.29,1,28.33,29.65,3.57,0.02,0.08,6.23,1.23,3.73,5.98,73.31,0.2,72.43,2.43,213.59,3.13,213.61
2023,3,17,18,0.02,0.01,0.09,1.25,1.38,0.16,0,0,4.7,1.8,3.25,6.29,85.56,0.15,72.46,1.32,207.17,1.95,206.67
2023,3,17,19,0,0,0,0,0,0,0,0,4.21,1.97,3.09,6.35,89.69,0.13,72.5,0.97,199.31,1.45,197.26
2023,3,17,20,0,0,0,0,0,0,0,0,3.59,1.94,2.76,6.35,93.5,0.11,72.53,0.62,177.83,0.93,175.67
2023,3,17,21,0,0,0,0,0,0,0,0,2.89,1.8,2.34,6.29,97.38,0.1,72.55,0.35,139.54,0.57,135.56
2023,3,17,22,0,0,0,0,0,0,0,0,2.18,1.48,1.83,6.16,100,0.08,72.54,0.29,91.55,0.57,84.45
2023,3,17,23,0,0,0,0,0,0,0,0,1.58,1.01,1.3,5.98,100,0.07,72.53,0.37,65.06,0.75,62.1
2023,3,18,0,0,0,0,0,0,0,0,0,1.22,0.32,0.77,5.68,98.38,0.07,72.51,0.44,54.34,0.9,53.13
2023,3,18,1,0,0,0,0,0,0,0,0,1.06,-0.52,0.27,5.31,93.31,0.07,72.47,0.51,49.97,0.99,49.15
2023,3,18,2,0,0,0,0,0,0,0,0,0.96,-1.4,-0.22,4.94,87.88,0.06,72.43,0.56,50.71,1.01,49.69
2023,3,18,3,0,0,0,0,0,0,0,0,1.01,-2.25,-0.62,4.64,82,0.05,72.39,0.56,58.08,0.96,56.57
2023,3,18,4,0,0,0,0,0,0,0,0,1.07,-2.96,-0.95,4.39,77.44,0.05,72.37,0.58,63.43,0.96,61.98
2023,3,18,5,0,0,0,0,0,0,0,0,1.02,-3.56,-1.27,4.21,74.12,0.05,72.38,0.63,62.8,1.05,60.95
2023,3,18,6,0.04,0.03,0.15,2.5,2.75,0.32,0,0,1.23,-3.94,-1.35,4.09,70.94,0.02,72.41,0.64,64.06,1.07,62.5
2023,3,18,7,0.4,0.39,1.15,37.65,38.08,4.66,0.02,0.12,3.95,-1.99,0.98,4.76,68.12,0.01,72.47,0.49,109.59,0.72,97.51
2023,3,18,8,0.98,1.05,2.19,96.6,103.77,11.88,0.16,0.8,6.37,-0.38,3,5.37,65.06,0.02,72.54,1.46,196.79,1.77,196.92
2023,3,18,9,1.41,1.8,3.07,149.62,184.2,18.76,0.4,1.98,8.25,-0.16,4.05,5.43,58.06,0.03,72.58,2.55,208.53,3.15,208.6
2023,3,18,10,1.81,2.5,3.75,202.08,267.85,26.34,0.7,3.67,9.54,0.01,4.77,5.49,53.44,0.03,72.59,3.4,209.92,4.22,209.98
2023,3,18,11,2.15,2.94,4.17,244.48,319.83,32.52,0.98,4.95,10.19,0.51,5.35,5.68,52.81,0.04,72.58,3.92,209.12,4.88,209.15
2023,3,18,12,1.98,2.99,4.3,233.95,328.83,31.34,0.97,4.9,10.26,0.85,5.55,5.8,53.81,0.08,72.52,4.14,208.02,5.18,208
2023,3,18,13,1.71,2.79,4.13,205.5,303.2,28.72,0.88,4.5,9.98,1.24,5.61,5.98,56.5,0.15,72.45,4.21,207.42,5.27,207.44
2023,3,18,14,1.21,2.26,3.68,144.12,238.05,18.73,0.49,2.55,9.33,1.57,5.45,6.1,60.44,0.24,72.37,4.11,207.15,5.17,207.07
2023,3,18,15,0.89,1.54,2.98,103.33,155.75,13.11,0.27,1.35,8.42,1.69,5.05,6.23,65.06,0.32,72.32,3.8,205.83,4.8,205.77
2023,3,18,16,0.56,0.82,2.07,61.92,80.83,7.64,0.1,0.5,7.25,1.72,4.48,6.23,70.94,0.39,72.31,3.25,204.1,4.13,204.09
2023,3,18,17,0.24,0.29,1.01,25.25,28.62,3.36,0.02,0.08,5.98,1.9,3.94,6.35,78.94,0.41,72.33,2.3,201.69,2.97,201.3
2023,3,18,18,0.02,0.02,0.09,1.23,1.42,0.15,0,0,4.58,2.19,3.38,6.53,89.62,0.22,72.37,1.24,192.37,1.75,190.01
2023,3,18,19,0,0,0,0,0,0,0,0,3.74,2.17,2.95,6.59,95.31,0.21,72.43,0.76,175.29,1.12,168.38
2023,3,18,20,0,0,0,0,0,0,0,0,3.15,2.01,2.58,6.47,98.44,0.24,72.48,0.56,161.31,0.85,142.5
2023,3,18,21,0,0,0,0,0,0,0,0,2.94,1.62,2.27,6.29,97.06,0.29,72.5,0.43,155.3,0.65,126.18
2023,3,18,22,0,0,0,0,0,0,0,0,3.02,0.98,2.01,6.04,92.12,0.3,72.47,0.35,144.9,0.59,107.72
2023,3,18,23,0,0,0,0,0,0,0,0,3.17,0.19,1.69,5.68,85.88,0.27,72.43,0.27,123.23,0.59,89.25
2023,3,19,0,0,0,0,0,0,0,0,0,3.27,-0.31,1.48,5.43,81.69,0.21,72.37,0.26,111.16,0.61,81.87
2023,3,19,1,0,0,0,0,0,0,0,0,3.19,-0.79,1.2,5.25,78.75,0.14,72.31,0.24,101.31,0.53,78.86
2023,3,19,2,0,0,0,0,0,0,0,0,3,-0.56,1.22,5.31,81.06,0.1,72.25,0.27,78.37,0.57,69.81
2023,3,19,3,0,0,0,0,0,0,0,0,2.76,-0.48,1.14,5.31,82.75,0.07,72.21,0.37,66.16,0.66,65.56
2023,3,19,4,0,0,0,0,0,0,0,0,2.56,-0.42,1.07,5.31,84.06,0.04,72.21,0.38,64.49,0.6,67.78
2023,3,19,5,0,0,0,0,0,0,0,0,2.42,-0.56,0.94,5.25,83.88,0.02,72.23,0.38,60.26,0.56,65.22
2023,3,19,6,0.04,0.03,0.17,2.48,2.88,0.32,0,0,2.3,-0.71,0.8,5.19,83.69,0.03,72.27,0.42,59.59,0.66,60.42
2023,3,19,7,0.4,0.39,1.17,38.8,39.62,4.96,0.02,0.12,4.96,0.4,2.68,5.74,76.06,0.06,72.31,0.32,98.33,0.53,84.04
2023,3,19,8,0.9,1.03,2.2,90.3,101.42,11.18,0.14,0.7,7.53,0.05,3.79,5.62,62.38,0.08,72.35,0.66,162,0.81,162.61
2023,3,19,9,1.29,1.81,3.09,139.62,185.6,17.82,0.36,1.77,9.26,0.08,4.66,5.62,55.94,0.09,72.37,1.79,199.07,2.23,199.26
2023,3,19,10,1.55,2.44,3.77,174.5,257.58,23.1,0.59,2.98,9.28,0.85,5.07,5.98,59,0.09,72.38,2.84,206.64,3.5,206.68
2023,3,19,11,2.15,2.92,4.18,249.45,317.98,35.07,1.03,5.23,8.44,1.85,5.15,6.35,66.81,0.09,72.36,2.84,210.37,3.5,210.46
2023,3,19,12,2.37,3.57,4.31,298.02,415.08,46.1,1.45,7.33,8.01,2.32,5.17,6.59,70.81,0.09,72.3,2.71,212.41,3.34,212.39
2023,3,19,13,1.93,3.21,4.14,234.55,362.62,34.95,1.03,5.23,7.76,2.56,5.16,6.65,73.12,0.1,72.22,2.73,211.92,3.39,211.89
2023,3,19,14,1.59,2.63,3.69,191.58,289.75,27.11,0.7,3.52,7.33,2.73,5.03,6.77,76.12,0.1,72.15,2.96,210.63,3.68,210.76
2023,3,19,15,1.08,1.83,2.99,121.08,193.58,16.38,0.33,1.62,6.76,2.94,4.85,6.84,80.31,0.08,72.11,2.77,207.5,3.47,207.6
2023,3,19,16,0.7,1.01,2.08,73.27,101.5,9.79,0.12,0.6,6.13,3.11,4.62,6.96,84.81,0.06,72.08,2.39,202.11,3.02,202.38
2023,3,19,17,0.29,0.36,1.02,30.1,36.92,4.21,0.02,0.08,5.35,3.29,4.32,7.02,90.62,0.05,72.08,1.76,193.85,2.25,194.04
2023,3,19,18,0.03,0.02,0.1,1.77,1.92,0.26,0,0,4.51,3.39,3.95,7.08,97.06,0.15,72.1,1.21,183.69,1.65,183.8
2023,3,19,19,0,0,0,0,0,0,0,0,4.21,3.44,3.82,7.14,99.62,0.2,72.17,1.22,178.53,1.72,179.22
2023,3,19,20,0,0,0,0,0,0,0,0,4.09,3.45,3.77,7.14,100,0.22,72.22,1.27,179.3,1.82,179.02
2023,3,19,21,0,0,0,0,0,0,0,0,3.91,3.34,3.63,7.08,100,0.14,72.24,1.1,175.54,1.59,174.93
2023,3,19,22,0,0,0,0,0,0,0,0,3.76,3.16,3.46,7.02,100,0.09,72.21,0.82,158.1,1.2,158.13
2023,3,19,23,0,0,0,0,0,0,0,0,3.56,2.96,3.26,6.9,100,0.09,72.17,0.55,133.85,0.85,134.63
2023,3,20,0,0,0,0,0,0,0,0,0,3.24,2.72,2.98,6.84,100,0.12,72.12,0.3,146.73,0.5,135.63
2023,3,20,1,0,0,0,0,0,0,0,0,2.88,2.37,2.62,6.65,100,0.16,72.05,0.2,113.5,0.41,96.58
2023,3,20,2,0,0,0,0,0,0,0,0,2.47,1.81,2.14,6.35,100,0.2,71.97,0.3,71.57,0.62,67.66
2023,3,20,3,0,0,0,0,0,0,0,0,2.35,1.23,1.79,6.1,96.69,0.18,71.9,0.37,62.35,0.79,57.09
2023,3,20,4,0,0,0,0,0,0,0,0,2.5,0.7,1.6,5.86,92.06,0.16,71.89,0.34,48.69,0.69,46.85
2023,3,20,5,0,0,0,0,0,0,0,0,2.43,0.38,1.4,5.74,90.38,0.13,71.92,0.32,34.08,0.61,33.49
2023,3,20,6,0.04,0.04,0.18,2.67,3.55,0.37,0,0,2.39,0.38,1.39,5.74,90.69,0.14,71.99,0.3,46.04,0.63,42.99
2023,3,20,7,0.42,0.44,1.19,43.73,45.77,5.81,0.03,0.15,3.76,0.83,2.3,5.92,85.19,0.13,72.06,0.4,77.59,0.6,68.75
2023,3,20,8,0.85,1.11,2.22,90.17,113.75,11.77,0.16,0.8,4.73,0.61,2.67,5.8,78.25,0.12,72.12,0.6,95.19,0.78,94.04
2023,3,20,9,1.42,1.94,3.11,163.58,210.17,22.64,0.49,2.45,4.97,0.91,2.94,5.92,78.44,0.13,72.14,0.72,128.85,0.9,129.74
2023,3,20,10,1.92,2.62,3.78,224.75,291.17,32.04,0.87,4.48,5.52,1.91,3.72,6.35,81,0.14,72.14,1.99,191.58,2.47,191.88
2023,3,20,11,1.89,3.03,4.2,230.1,340.75,33.37,1.01,5.12,5.65,2.56,4.1,6.65,83.94,0.2,72.12,3.5,206.91,4.51,207.19
2023,3,20,12,2.07,3.72,4.32,278.75,443.77,46.7,1.52,7.7,5.42,2.44,3.93,6.53,84.19,0.42,72.08,4.14,211.11,5.43,211.18
2023,3,20,13,1.75,3.51,4.15,233.77,415.77,39.95,1.26,6.4,5.15,2.04,3.59,6.41,83.56,0.61,72.02,3.68,211.8,4.77,211.74
2023,3,20,14,1.58,2.98,3.7,208.83,350.02,33.55,0.93,4.75,5.05,1.75,3.4,6.29,82.62,0.69,71.95,2.91,210.15,3.68,209.67
2023,3,20,15,1.2,2.19,3,153.98,251.23,24.38,0.54,2.67,5,1.58,3.29,6.23,82.06,0.7,71.9,2.23,210.24,2.78,209.59
2023,3,20,16,0.7,1.28,2.09,88.02,140.75,13.5,0.19,0.92,4.58,1.52,3.05,6.23,84.25,0.67,71.88,1.85,212.21,2.31,211.43
2023,3,20,17,0.32,0.44,1.03,35.7,46.58,5.18,0.02,0.12,3.7,1.75,2.73,6.29,91.25,0.68,71.9,1.48,210.08,1.9,209.1
2023,3,20,18,0.03,0.02,0.1,1.77,2.38,0.27,0,0,2.62,1.91,2.26,6.41,100,0.82,71.94,0.87,212.55,1.23,208.52
2023,3,20,19,0,0,0,0,0,0,0,0,2.3,1.88,2.09,6.47,100,0.68,71.99,0.61,207.22,0.91,205.02
2023,3,20,20,0,0,0,0,0,0,0,0,2.22,1.85,2.03,6.47,100,0.52,72.04,0.57,204.44,0.81,205.58
2023,3,20,21,0,0,0,0,0,0,0,0,1.97,1.69,1.83,6.35,100,0.45,72.09,0.56,210.14,0.82,210.96
2023,3,20,22,0,0,0,0,0,0,0,0,1.56,1.33,1.44,6.23,100,0.46,72.1,0.38,222.51,0.52,225
2023,3,20,23,0,0,0,0,0,0,0,0,1.16,0.96,1.06,6.04,100,0.39,72.09,0.31,230.19,0.36,244.54
2023,3,21,0,0,0,0,0,0,0,0,0,0.82,0.63,0.73,5.86,100,0.31,72.06,0.23,240.02,0.3,256.33
2023,3,21,1,0,0,0,0,0,0,0,0,0.48,0.31,0.4,5.74,100,0.35,72.02,0.1,243.43,0.13,273.58
2023,3,21,2,0,0,0,0,0,0,0,0,0.14,0,0.07,5.62,100,0.38,71.96,0.03,296.57,0.1,333.43
2023,3,21,3,0,0,0,0,0,0,0,0,0.07,-0.22,-0.08,5.55,100,0.39,71.91,0.06,15.95,0.21,15.07
2023,3,21,4,0,0,0,0,0,0,0,0,-0.04,-0.44,-0.24,5.43,100,0.27,71.9,0.13,54.46,0.36,37.87
2023,3,21,5,0,0,0,0,0,0,0,0,-0.24,-0.7,-0.47,5.31,100,0.1,71.92,0.26,64.98,0.54,54.94
2023,3,21,6,0.05,0.04,0.19,3.62,4.27,0.52,0,0,-0.06,-0.85,-0.45,5.19,98.88,0.11,71.97,0.44,63.43,0.77,58.74
2023,3,21,7,0.36,0.48,1.21,40.85,50.62,5.78,0.03,0.15,1.8,-0.45,0.68,5.37,88.75,0.19,72.04,0.41,84.51,0.54,83.39
2023,3,21,8,0.77,1.17,2.24,92.23,126.62,13.62,0.2,0.98,4.48,-0.01,2.23,5.49,75.38,0.36,72.12,1.24,199.46,1.54,199.81
2023,3,21,9,1.32,1.94,3.13,157.67,211.98,22.91,0.49,2.45,6.11,0.25,3.18,5.55,68.31,0.49,72.17,2.55,206.41,3.21,206.44
2023,3,21,10,1.71,2.62,3.8,207.6,292.23,31.07,0.83,4.23,7.03,0.71,3.87,5.74,66.06,0.61,72.19,3.27,207.48,4.12,207.44
2023,3,21,11,2.01,3.08,4.21,243.65,347.02,37.31,1.11,5.65,7.34,1.2,4.27,5.92,67,0.69,72.18,3.89,207.8,4.92,207.7
2023,3,21,12,1.93,3.13,4.34,239,353.08,36.09,1.09,5.55,7.05,1.57,4.3,6.1,70.19,0.93,72.14,4.17,207.48,5.29,207.51
2023,3,21,13,1.59,2.86,4.17,194.95,313.88,28.86,0.83,4.2,6.42,1.74,4.08,6.23,74.38,1.21,72.09,4.09,208.18,5.19,208.11
2023,3,21,14,1.48,2.34,3.71,176.67,250.98,25.84,0.66,3.38,5.86,1.71,3.79,6.23,77.38,1.16,72.04,3.68,209.61,4.65,209.58
2023,3,21,15,0.8,1.62,3.01,95.5,168.17,13.27,0.26,1.27,5.51,1.49,3.5,6.16,78.44,0.84,72.01,2.9,207.12,3.63,207.01
2023,3,21,16,0.59,0.91,2.1,66.8,93,9.48,0.12,0.6,5.21,1.16,3.19,6.04,78.38,0.53,71.99,2.12,203.17,2.68,203.2
2023,3,21,17,0.23,0.33,1.04,24.12,33.48,3.41,0.02,0.08,4.42,0.92,2.67,5.92,81.69,0.36,72,1.48,197.86,1.93,197.63
2023,3,21,18,0.03,0.02,0.1,1.95,1.88,0.27,0,0,2.45,0.57,1.51,5.86,92.81,0.27,72.03,0.85,190.07,1.34,190.72
2023,3,21,19,0,0,0,0,0,0,0,0,1.38,0.23,0.8,5.74,98.44,0.17,72.09,0.53,173.29,0.85,175.24
2023,3,21,20,0,0,0,0,0,0,0,0,0.57,0.08,0.33,5.68,100,0.12,72.15,0.36,127.12,0.56,124.14
2023,3,21,21,0,0,0,0,0,0,0,0,0.08,-0.21,-0.06,5.62,100,0.1,72.18,0.28,110.92,0.46,102.63
2023,3,21,22,0,0,0,0,0,0,0,0,-0.05,-0.41,-0.23,5.49,100,0.09,72.19,0.26,120.38,0.43,113.75
2023,3,21,23,0,0,0,0,0,0,0,0,-0.01,-0.44,-0.22,5.49,100,0.07,72.16,0.36,137.64,0.57,136.67
2023,3,22,0,0,0,0,0,0,0,0,0,0.1,-0.32,-0.11,5.55,100,0.07,72.12,0.45,147.14,0.72,149.25
2023,3,22,1,0,0,0,0,0,0,0,0,0.12,-0.24,-0.06,5.55,100,0.09,72.08,0.47,153.43,0.78,156.5
2023,3,22,2,0,0,0,0,0,0,0,0,0.15,-0.18,-0.02,5.62,100,0.08,72.03,0.49,160.41,0.83,163.61
2023,3,22,3,0,0,0,0,0,0,0,0,0.07,-0.18,-0.06,5.62,100,0.06,72,0.43,157.62,0.72,157.62
2023,3,22,4,0,0,0,0,0,0,0,0,-0.06,-0.33,-0.19,5.49,100,0.03,71.98,0.28,142.82,0.46,135.69
2023,3,22,5,0,0,0,0,0,0,0,0,-0.14,-0.6,-0.38,5.37,100,0.01,71.99,0.16,101.31,0.3,88.49
2023,3,22,6,0.05,0.04,0.2,3.25,3.85,0.43,0,0,0.01,-0.85,-0.42,5.31,99.62,0.01,72.02,0.14,23.63,0.34,27.76
2023,3,22,7,0.42,0.46,1.23,43.38,46.83,5.93,0.03,0.17,2.05,-0.58,0.73,5.37,88,0,72.08,0.43,336.67,0.56,332.35
2023,3,22,8,0.89,1.13,2.26,92.17,113.05,12.01,0.17,0.88,4.64,-0.01,2.32,5.62,76.06,0,72.13,1.13,272.78,1.4,272.88
2023,3,22,9,1.4,1.9,3.15,149.92,198.02,19.73,0.41,2.08,6.79,-0.17,3.3,5.55,64.69,0,72.16,2.11,245.33,2.63,245.42
2023,3,22,10,1.78,2.62,3.81,202.02,282.65,27.8,0.75,3.83,8.27,-0.29,3.99,5.43,57.5,0,72.17,3.1,232.26,3.91,232.22
2023,3,22,11,1.97,2.9,4.22,220.73,310.52,30.29,0.9,4.55,8.98,0.22,4.6,5.62,56.44,0.01,72.17,3.74,227.11,4.72,227.22
2023,3,22,12,2.47,3.64,4.35,304.88,421.33,47.27,1.56,7.9,9.12,0.73,4.93,5.8,57.81,0.05,72.14,3.93,225.32,4.94,225.38
2023,3,22,13,2.17,3.43,4.18,262.33,392.58,39.82,1.25,6.38,8.96,1.11,5.03,5.98,60.06,0.12,72.1,3.86,224.67,4.82,224.74
2023,3,22,14,1.78,2.9,3.72,210.85,327.92,30.92,0.85,4.35,8.49,1.26,4.87,6.04,62.69,0.2,72.05,3.68,224.14,4.6,224.17
2023,3,22,15,1.34,2.18,3.02,153,240.73,21.77,0.48,2.38,7.63,1.16,4.4,5.98,66.25,0.29,72.01,3.36,225.75,4.2,225.83
2023,3,22,16,0.74,1.32,2.11,80.75,140.75,11.06,0.16,0.77,6.58,0.94,3.76,5.92,70.25,0.24,71.99,2.88,228.52,3.63,228.66
2023,3,22,17,0.29,0.49,1.05,30.12,50.7,4.35,0.02,0.1,5.28,0.87,3.07,5.92,76.69,0.13,71.99,2.2,230.61,2.9,230.69
2023,3,22,18,0.04,0.03,0.11,2.85,2.9,0.45,0,0,3.36,1.11,2.23,6.1,90.62,0.07,71.99,0.94,225.67,1.62,227.54
2023,3,22,19,0,0,0,0,0,0,0,0,2.62,1.21,1.92,6.16,96.62,0.03,72,0.64,231.45,1.14,237.29
2023,3,22,20,0,0,0,0,0,0,0,0,2.3,1.28,1.79,6.23,99.56,0.01,72.02,0.39,252.3,0.72,266.27
2023,3,22,21,0,0,0,0,0,0,0,0,1.9,1.14,1.52,6.16,100,0,72.04,0.29,299.36,0.65,310.6
2023,3,22,22,0,0,0,0,0,0,0,0,1.4,0.73,1.07,5.98,100,0,72.03,0.48,344.83,0.96,348.23
2023,3,22,23,0,0,0,0,0,0,0,0,0.9,0.02,0.46,5.68,100,0,71.99,0.81,7.19,1.44,7.78
2023,3,23,0,0,0,0,0,0,0,0,0,0.64,-0.91,-0.13,5.31,95.12,0,71.93,1.04,13.93,1.77,14.34
2023,3,23,1,0,0,0,0,0,0,0,0,0.32,-1.99,-0.84,4.88,89.5,0,71.87,1.12,17.04,1.89,17.54
2023,3,23,2,0,0,0,0,0,0,0,0,0.07,-3.12,-1.52,4.46,83.75,0,71.81,1.18,18.91,1.98,19.15
2023,3,23,3,0,0,0,0,0,0,0,0,-0.06,-4.24,-2.16,4.09,77.62,0,71.78,1.21,18.43,1.99,18.51
2023,3,23,4,0,0,0,0,0,0,0,0,-0.07,-5.22,-2.65,3.78,71.88,0,71.79,1.19,17.13,1.93,16.74
2023,3,23,5,0,0,0,0,0,0,0,0,-0.31,-6.13,-3.22,3.54,68.12,0,71.83,1.26,18.89,2.02,18.72
2023,3,23,6,0.07,0.09,0.22,5.92,8.8,0.92,0,0.02,-0.38,-6.7,-3.54,3.36,65.5,0,71.87,1.39,22.4,2.26,21.87
2023,3,23,7,0.74,0.9,1.25,81.7,98.67,10.79,0.07,0.35,3.01,-4.63,-0.81,4.03,61.44,0,71.94,1.35,20.01,2.04,19.96
2023,3,23,8,1.62,1.84,2.28,186.08,209.5,26.46,0.42,2.1,6.85,-2.81,2.02,4.52,52.81,0,72.03,0.68,308.97,0.84,309.33
2023,3,23,9,2.53,2.67,3.16,294.8,308.3,44.09,1.06,5.23,9.46,-2.12,3.67,4.82,47,0,72.09,2.88,241.49,3.65,241.35
2023,3,23,10,3.19,3.31,3.83,375.6,383.38,57.59,1.71,8.67,10.43,-1.17,4.63,5.13,47.12,0,72.12,3.66,233.86,4.68,233.76
2023,3,23,11,3.26,3.68,4.24,390.62,426.4,60.45,2.01,10.3,11.12,-0.15,5.48,5.49,48.19,0,72.13,4.04,230.96,5.15,230.85
2023,3,23,12,2.57,3.59,4.36,312.67,412.77,46.88,1.56,7.95,11.33,0.69,6.01,5.86,50.19,0,72.13,4.24,230.15,5.36,230.09
2023,3,23,13,2.17,3.43,4.19,274.2,397.8,41.8,1.35,6.9,11.12,1.33,6.23,6.1,53.06,0,72.09,4.09,229.65,5.14,229.68
2023,3,23,14,1.45,2.91,3.73,182.02,339.95,27.13,0.77,3.98,10.31,1.73,6.02,6.23,57.5,0.01,72.05,3.86,229.68,4.85,229.64
2023,3,23,15,1.01,2.28,3.03,132.42,265.88,20.64,0.48,2.4,9.29,1.94,5.61,6.35,62.5,0.03,72.03,3.46,231.42,4.35,231.34
2023,3,23,16,0.59,1.45,2.12,74.83,166.38,11.45,0.17,0.85,8.11,1.98,5.05,6.41,68.06,0.03,72.04,3,233.91,3.82,233.9
2023,3,23,17,0.28,0.58,1.06,32.88,63.3,4.79,0.02,0.12,6.65,2.07,4.36,6.47,76.06,0.03,72.07,2.17,235.57,2.88,235.62
2023,3,23,18,0.04,0.03,0.11,3.12,3.4,0.48,0,0,4.94,2.19,3.57,6.53,86.88,0.04,72.09,1.1,238.9,1.66,237.28
2023,3,23,19,0,0,0,0,0,0,0,0,4.16,2.34,3.25,6.65,93,0.01,72.12,0.52,244.2,0.93,247.75
2023,3,23,20,0,0,0,0,0,0,0,0,3.44,2.21,2.82,6.59,97.44,0,72.17,0.39,297.07,0.68,298.93
2023,3,23,21,0,0,0,0,0,0,0,0,2.61,1.7,2.15,6.41,100,0,72.2,0.58,357.68,0.96,357.21
2023,3,23,22,0,0,0,0,0,0,0,0,1.97,0.94,1.45,6.1,100,0,72.22,0.77,17.15,1.28,16.67
2023,3,23,23,0,0,0,0,0,0,0,0,1.76,0.19,0.98,5.8,96.5,0,72.22,0.82,25.84,1.32,25.51
2023,3,24,0,0,0,0,0,0,0,0,0,1.61,-0.52,0.55,5.49,92.56,0,72.22,0.83,32.35,1.31,31.61
2023,3,24,1,0,0,0,0,0,0,0,0,1.33,-1.24,0.05,5.19,89.44,0,72.18,0.92,39.12,1.45,38.66
2023,3,24,2,0,0,0,0,0,0,0,0,1.33,-2.06,-0.37,4.88,84.06,0,72.14,0.89,38.97,1.37,38.76
2023,3,24,3,0,0,0,0,0,0,0,0,1.28,-2.78,-0.75,4.64,80,0,72.13,0.76,30.76,1.16,30.37
2023,3,24,4,0,0,0,0,0,0,0,0,1.39,-3.31,-0.96,4.46,76.31,0,72.13,0.79,25.8,1.2,25.56
2023,3,24,5,0,0,0,0,0,0,0,0,1.22,-3.91,-1.35,4.27,73.81,0,72.15,0.82,25.84,1.27,25.93
2023,3,24,6,0.08,0.09,0.23,6.88,8.6,1.02,0,0.02,1.58,-4.31,-1.37,4.09,69.56,0,72.19,0.81,25.08,1.24,25.43
2023,3,24,7,0.8,0.87,1.27,86.95,94.95,11.41,0.08,0.38,4.3,-2.6,0.85,4.7,65.5,0,72.26,0.56,21.95,0.76,21.58
2023,3,24,8,1.74,1.82,2.3,198.73,208.3,28.66,0.46,2.3,6.83,-0.45,3.19,5.43,63.62,0,72.35,1.34,242.24,1.65,242.34
2023,3,24,9,2.48,2.66,3.18,290.88,307.6,44.04,1.06,5.23,8.82,0.39,4.61,5.68,58.06,0,72.41,2.7,233.13,3.34,233.26
2023,3,24,10,2.71,3.26,3.85,328.6,378.73,50.3,1.5,7.67,10.17,0.97,5.57,5.86,54.62,0.01,72.43,3.25,229.29,4.05,229.3
2023,3,24,11,2.77,3.64,4.25,336.38,425,53.01,1.75,8.92,11.04,1.3,6.17,5.92,52.38,0.03,72.41,3.79,226.5,4.72,226.48
2023,3,24,12,2.48,3.6,4.37,310.05,418.45,46.8,1.57,7.95,11.24,1.53,6.38,6.04,52.38,0.08,72.38,4.09,224.38,5.11,224.44
2023,3,24,13,2.2,3.44,4.2,275.2,400.1,41.41,1.34,6.77,11.17,1.69,6.44,6.1,53.19,0.11,72.33,4.22,222.52,5.29,222.6
2023,3,24,14,1.69,3,3.74,209.17,347.98,31.84,0.91,4.67,10.89,1.69,6.29,6.1,54.25,0.14,72.29,4.37,221.88,5.52,221.84
2023,3,24,15,1.18,2.33,3.04,146.73,268.67,21.96,0.51,2.55,10.18,1.64,5.91,6.1,56.69,0.2,72.27,4.38,220.59,5.6,220.7
2023,3,24,16,0.7,1.49,2.13,83.77,169.15,12.07,0.18,0.88,9.1,1.56,5.33,6.04,60.75,0.33,72.29,4.04,218.8,5.22,218.86
2023,3,24,17,0.4,0.62,1.07,46.15,67.7,6.55,0.03,0.17,7.58,1.66,4.62,6.1,68,0.41,72.32,3.17,215.26,4.21,215.25
2023,3,24,18,0.04,0.04,0.12,3.02,3.67,0.47,0,0,5.73,1.76,3.74,6.23,78.88,0.13,72.36,1.63,209.51,2.51,209.19
2023,3,24,19,0,0,0,0,0,0,0,0,4.54,1.37,2.95,6.1,83.94,0.15,72.4,1.12,206.57,2.03,206.76
2023,3,24,20,0,0,0,0,0,0,0,0,3.88,0.99,2.44,5.98,85.81,0.17,72.47,1.03,208.51,1.79,208.69
2023,3,24,21,0,0,0,0,0,0,0,0,3.67,0.73,2.2,5.86,85.44,0.14,72.52,0.59,216.42,1,214.81
2023,3,24,22,0,0,0,0,0,0,0,0,2.87,0.68,1.77,5.8,90.12,0.11,72.52,0.07,26.57,0.07,26.57
2023,3,24,23,0,0,0,0,0,0,0,0,1.93,0.49,1.21,5.74,95.12,0.07,72.51,0.36,30.96,0.71,31.07
2023,3,25,0,0,0,0,0,0,0,0,0,1.34,0.23,0.79,5.62,97.25,0.04,72.48,0.51,27.35,1.1,28.02
2023,3,25,1,0,0,0,0,0,0,0,0,0.94,-0.25,0.34,5.43,96.5,0.03,72.44,0.66,22.31,1.38,24.39
2023,3,25,2,0,0,0,0,0,0,0,0,0.75,-0.83,-0.04,5.19,93.44,0.02,72.41,0.78,16.26,1.54,18.99
2023,3,25,3,0,0,0,0,0,0,0,0,0.93,-1.42,-0.24,4.94,87.81,0.02,72.39,0.85,13.27,1.57,15.63
2023,3,25,4,0,0,0,0,0,0,0,0,1.68,-1.92,-0.13,4.76,79.94,0.02,72.39,0.8,11.2,1.4,13.26
2023,3,25,5,0,0,0,0,0,0,0,0,2.36,-2.32,0.02,4.58,73.69,0.01,72.43,0.7,9.04,1.13,10.77
2023,3,25,6,0.08,0.08,0.24,6.75,8.12,0.98,0,0.02,2.9,-2.5,0.19,4.52,70.06,0,72.5,0.55,0.82,0.86,2.08
2023,3,25,7,0.74,0.75,1.29,77.12,79.5,10.04,0.07,0.35,5.29,-0.94,2.18,5.19,67.62,0.01,72.57,0.55,300.55,0.77,303.37
2023,3,25,8,1.75,1.8,2.32,198.52,205.62,27.62,0.46,2.27,7.75,0.16,3.95,5.55,61.38,0,72.63,1.97,259.94,2.49,260.06
2023,3,25,9,2.5,2.63,3.2,291.08,303.4,42.27,1.03,5.12,9.63,0.18,4.9,5.55,53.88,0,72.67,2.66,253.27,3.33,253.39
2023,3,25,10,2.61,3.22,3.86,310.42,371.08,45.59,1.36,6.98,11.15,0.41,5.78,5.62,49.12,0,72.67,3.06,244.94,3.84,245.1
2023,3,25,11,2.95,3.62,4.27,356.6,417.95,53.18,1.78,9.05,12.3,0.82,6.56,5.74,46.69,0,72.65,3.59,239.7,4.49,239.82
2023,3,25,12,2.49,3.57,4.39,307.23,411.55,44.95,1.55,7.8,12.93,1.3,7.12,5.92,46.31,0,72.6,3.92,237.35,4.91,237.55
2023,3,25,13,1.7,3.41,4.21,220.1,392.9,32.27,1.06,5.4,13.08,1.69,7.39,6.1,47.12,0,72.53,4.05,236.34,5.07,236.51
2023,3,25,14,1.32,2.96,3.75,172.6,340.73,25.25,0.74,3.88,12.8,2.07,7.44,6.29,49.44,0.01,72.47,4.06,234.96,5.11,235.09
2023,3,25,15,0.91,2.25,3.05,113.3,254.58,16.17,0.38,1.92,11.85,2.35,7.1,6.41,53.69,0.01,72.45,3.7,236.81,4.67,237.03
2023,3,25,16,0.55,1.42,2.13,62.4,157.05,8.62,0.13,0.65,10.71,2.44,6.58,6.47,58.44,0.02,72.45,3.18,237.56,4.03,237.82
2023,3,25,17,0.39,0.58,1.08,41.88,63.17,5.67,0.03,0.15,9.23,2.59,5.91,6.59,65.56,0.02,72.45,2.36,235.52,3.13,235.79
2023,3,25,18,0.04,0.03,0.12,3.27,3.6,0.48,0,0,6.95,2.83,4.89,6.77,78.81,0.02,72.46,0.96,225.33,1.7,226.68
2023,3,25,19,0,0,0,0,0,0,0,0,6.07,2.59,4.33,6.65,82.31,0.01,72.49,0.82,222.68,1.4,222.75
2023,3,25,20,0,0,0,0,0,0,0,0,5.49,2.48,3.98,6.59,85.06,0.01,72.54,0.7,225.91,1.13,224.44
2023,3,25,21,0,0,0,0,0,0,0,0,5.14,2.38,3.76,6.59,86.75,0,72.58,0.55,236.08,0.87,231.18
2023,3,25,22,0,0,0,0,0,0,0,0,4.53,2.29,3.41,6.53,90.12,0,72.58,0.22,257.47,0.38,243.43
2023,3,25,23,0,0,0,0,0,0,0,0,3.66,2.16,2.91,6.53,95.12,0,72.55,0.11,45,0.13,52.43
2023,3,26,0,0,0,0,0,0,0,0,0,3.07,1.98,2.52,6.41,98,0,72.51,0.22,47.86,0.35,48.58
2023,3,26,1,0,0,0,0,0,0,0,0,2.5,1.71,2.1,6.35,100,0,72.46,0.31,43.99,0.58,43.36
2023,3,26,2,0,0,0,0,0,0,0,0,1.89,1.39,1.64,6.23,100,0,72.42,0.43,43.53,0.87,42.1
2023,3,26,3,0,0,0,0,0,0,0,0,1.54,1.05,1.29,6.04,100,0,72.38,0.55,42.11,1.14,40.56
2023,3,26,4,0,0,0,0,0,0,0,0,1.31,0.54,0.93,5.8,100,0,72.36,0.59,35.36,1.2,34.62
2023,3,26,5,0,0,0,0,0,0,0,0,1.12,-0.09,0.52,5.55,97.06,0,72.37,0.65,30.26,1.25,30.72
2023,3,26,6,0.08,0.09,0.26,7.38,9.17,1.05,0,0.02,1.62,-0.67,0.48,5.31,89.81,0,72.39,0.63,24.97,1.23,25.92
2023,3,26,7,0.85,0.85,1.31,90.38,91.75,11.33,0.08,0.4,5.34,-0.36,2.49,5.49,71.25,0,72.44,0.6,16.56,0.88,17.47
2023,3,26,8,1.76,1.8,2.34,198.75,204.02,27.31,0.45,2.23,8.43,-0.68,3.87,5.37,56.19,0,72.49,1.37,244.61,1.69,244.03
2023,3,26,9,2.42,2.64,3.22,281.5,303.12,40.77,0.99,4.95,10.48,-1.9,4.29,4.82,44.19,0,72.51,2.84,233.38,3.57,233.28
2023,3,26,10,2.76,3.27,3.88,328.15,376.9,48.7,1.47,7.55,11.96,-2.24,4.87,4.64,38.44,0,72.5,3.64,229,4.57,229.02
2023,3,26,11,3.08,3.67,4.28,369.73,423.8,55.7,1.86,9.52,13,-2.1,5.45,4.64,35.94,0,72.46,4.23,226.79,5.3,226.85
2023,3,26,12,3.05,3.73,4.4,369.6,432.17,55.41,1.9,9.7,13.53,-1.81,5.86,4.7,35.25,0,72.42,4.72,227.08,5.94,227.13
2023,3,26,13,2.58,3.56,4.22,313.85,411.17,46.84,1.55,7.85,13.51,-1.57,5.97,4.76,35.88,0,72.36,4.96,227.94,6.28,227.98
2023,3,26,14,2.21,3.12,3.77,265.58,360.33,39.34,1.16,6.12,13.05,-1.35,5.85,4.88,37.5,0,72.3,5.09,229.29,6.49,229.39
2023,3,26,15,1.76,2.44,3.06,209,282.12,30.2,0.71,3.55,12.15,-1.3,5.43,4.88,39.88,0,72.27,5.11,230.03,6.58,230.2
2023,3,26,16,1.05,1.59,2.14,121.98,182.58,17.18,0.27,1.27,10.96,-1.3,4.83,4.88,43.12,0,72.26,4.77,231.12,6.22,231.27
2023,3,26,17,0.47,0.68,1.09,53.65,76.23,7.09,0.04,0.2,9.25,-1.21,4.02,4.94,48.81,0,72.28,3.69,230.24,4.95,230.58
2023,3,26,18,0.04,0.04,0.13,3.45,4.3,0.52,0,0,6.33,-0.23,3.05,5.37,64.88,0.01,72.3,1.62,221.86,2.68,224.17
2023,3,26,19,0,0,0,0,0,0,0,0,5.26,-0.63,2.32,5.25,68.31,0,72.33,1.28,218.55,2.23,219.45
2023,3,26,20,0,0,0,0,0,0,0,0,4.87,-1.15,1.86,5.07,67.81,0,72.37,1.05,213.81,1.7,213.54
2023,3,26,21,0,0,0,0,0,0,0,0,4.7,-1.32,1.69,5,67.69,0,72.38,0.77,218.84,1.18,217.17
2023,3,26,22,0,0,0,0,0,0,0,0,4.33,-1.45,1.44,4.94,68.94,0,72.37,0.47,232.37,0.71,227.68
2023,3,26,23,0,0,0,0,0,0,0,0,3.77,-1.49,1.14,4.94,71.62,0,72.33,0.2,267.8,0.3,256.33
2023,3,27,0,0,0,0,0,0,0,0,0,3.07,-1.6,0.74,4.94,74.75,0,72.29,0.14,329.04,0.2,326.31
2023,3,27,1,0,0,0,0,0,0,0,0,2.65,-1.74,0.46,4.88,76.31,0,72.24,0.31,12.99,0.46,12.63
2023,3,27,2,0,0,0,0,0,0,0,0,1.81,-2.01,-0.1,4.76,79.56,0,72.18,0.54,24.72,0.88,24.53
2023,3,27,3,0,0,0,0,0,0,0,0,1.08,-2.51,-0.71,4.64,81,0,72.14,0.76,26.83,1.28,27.66
2023,3,27,4,0,0,0,0,0,0,0,0,0.22,-3.33,-1.56,4.39,81.56,0,72.12,1.01,28.15,1.72,29.13
2023,3,27,5,0,0,0,0,0,0,0,0,-0.3,-4.51,-2.41,4.03,78.5,0,72.13,1.12,28.71,1.93,29.57
2023,3,27,6,0.1,0.11,0.27,9.15,10.95,1.27,0,0.02,0.19,-5.72,-2.76,3.72,69.81,0,72.17,1.07,29.74,1.86,30.76
2023,3,27,7,0.93,0.93,1.33,99.95,101.6,12.48,0.08,0.38,4.28,-6.17,-0.94,3.78,52.81,0,72.24,0.78,31.94,1.12,31.92
2023,3,27,8,1.82,1.89,2.36,204.8,212.98,28.52,0.43,2.15,7.79,-7.1,0.35,3.42,37.56,0,72.3,1.34,237.61,1.67,237.43
2023,3,27,9,2.56,2.72,3.23,295.42,310.73,43.16,0.98,4.8,10.05,-7.93,1.05,3.05,28.81,0,72.34,2.75,228.8,3.43,228.69
2023,3,27,10,3.11,3.35,3.9,364.6,383.8,54.09,1.52,7.62,11.58,-7.45,2.06,3.11,26.38,0,72.37,3.63,223.34,4.56,223.34
2023,3,27,11,3.47,3.75,4.3,407.5,431.45,61.8,1.92,9.77,12.58,-6.52,3.03,3.3,26.25,0,72.37,4.26,219.35,5.36,219.38
2023,3,27,12,3.43,3.79,4.41,408.15,438.1,61.11,1.95,9.92,13.12,-5.65,3.74,3.48,26.94,0,72.35,4.73,218.56,5.94,218.65
2023,3,27,13,3.1,3.62,4.24,367.92,415.85,54.91,1.68,8.5,13.09,-4.73,4.18,3.78,28.94,0,72.3,4.85,218.2,6.11,218.2
2023,3,27,14,2.51,3.15,3.78,297.75,360.7,43.51,1.19,6.02,12.59,-4.08,4.26,3.97,31.31,0,72.26,4.74,218.57,5.99,218.65
2023,3,27,15,1.95,2.45,3.07,224.33,280.23,32.17,0.69,3.42,11.65,-3.76,3.94,4.03,34.19,0,72.24,4.47,219.33,5.7,219.49
2023,3,27,16,1.36,1.61,2.15,153.2,182.98,21.04,0.28,1.4,10.26,-3.49,3.38,4.15,38.38,0,72.23,3.98,218.78,5.12,218.99
2023,3,27,17,0.55,0.68,1.1,59.98,74.3,7.91,0.04,0.2,8.4,-3.23,2.59,4.21,44.44,0.04,72.25,3.08,215.91,4.1,216.08
2023,3,27,18,0.04,0.04,0.13,3.25,4.27,0.49,0,0,5.19,-2.24,1.48,4.64,60.56,0.01,72.28,1.46,209.59,2.42,210.04
2023,3,27,19,0,0,0,0,0,0,0,0,4.26,-2.7,0.78,4.46,62.25,0.02,72.32,1.21,203.25,1.94,203.05
2023,3,27,20,0,0,0,0,0,0,0,0,4.05,-3.2,0.42,4.27,60.69,0.02,72.35,0.96,193.13,1.47,193.22
2023,3,27,21,0,0,0,0,0,0,0,0,3.82,-3.42,0.19,4.21,60.69,0.02,72.37,0.61,176.33,0.91,179.02
2023,3,27,22,0,0,0,0,0,0,0,0,2.88,-3.56,-0.35,4.15,64.19,0.01,72.38,0.3,127.48,0.45,128.66
2023,3,27,23,0,0,0,0,0,0,0,0,2.12,-3.75,-0.81,4.09,66.81,0.01,72.35,0.39,82.03,0.64,79.38
2023,3,28,0,0,0,0,0,0,0,0,0,1.54,-3.92,-1.19,4.03,68.81,0,72.32,0.49,73.3,0.86,69.75
2023,3,28,1,0,0,0,0,0,0,0,0,1.08,-4.09,-1.5,4.03,70.25,0.01,72.28,0.53,63.81,1,60.03
2023,3,28,2,0,0,0,0,0,0,0,0,0.65,-4.35,-1.85,3.91,71,0.01,72.24,0.61,50.76,1.17,49.07
2023,3,28,3,0,0,0,0,0,0,0,0,0.21,-4.77,-2.28,3.78,70.94,0.01,72.2,0.77,38.39,1.43,38.56
2023,3,28,4,0,0,0,0,0,0,0,0,-0.35,-5.4,-2.88,3.6,70.56,0,72.18,0.99,31.81,1.82,32.94
2023,3,28,5,0,0,0,0,0,0,0,0,-0.85,-6.25,-3.55,3.36,68.62,0,72.19,1.15,30.23,2.12,30.82
2023,3,28,6,0.1,0.1,0.29,8.8,10.3,1.25,0,0.02,-0.39,-6.64,-3.52,3.3,64.31,0,72.23,1.16,27.6,2.16,28.33
2023,3,28,7,0.84,0.83,1.35,87.15,87.65,10.82,0.06,0.33,3.8,-6.34,-1.27,3.42,49.5,0,72.29,1.23,22.34,1.73,22.86
2023,3,28,8,1.7,1.71,2.38,184.58,188.1,24.28,0.34,1.73,7.53,-4.55,1.49,3.91,43.31,0,72.34,1.3,253.2,1.57,253.19
2023,3,28,9,2.41,2.5,3.25,271.27,279.65,37.18,0.79,3.88,9.59,-3.28,3.15,4.27,41.31,0,72.36,2.72,230.24,3.37,230.26
2023,3,28,10,2.91,3.09,3.91,332.02,347.25,46.29,1.21,6.02,10.96,-2.44,4.26,4.52,40,0,72.4,3.68,223.62,4.63,223.7
2023,3,28,11,3.14,3.47,4.31,364.65,393.23,51.55,1.52,7.65,11.68,-1.56,5.06,4.76,40.44,0,72.41,4.27,221.74,5.36,221.75
2023,3,28,12,2.88,3.59,4.43,339.85,406.6,48.85,1.48,7.48,11.8,-1.15,5.33,4.94,41.25,0,72.4,4.63,219.6,5.83,219.62
2023,3,28,13,2.6,3.42,4.25,308.27,384.85,43.8,1.28,6.48,11.9,-1.1,5.4,4.94,41.12,0.01,72.37,4.95,218.79,6.27,218.83
2023,3,28,14,2.15,2.97,3.79,253.48,334.42,36.33,0.95,4.77,11.57,-1.35,5.12,4.82,41.25,0.02,72.34,5.01,218.55,6.39,218.55
2023,3,28,15,1.62,2.31,3.08,186.6,257.98,26.31,0.54,2.67,10.74,-1.74,4.5,4.7,42.25,0.03,72.31,4.67,218.61,5.98,218.64
2023,3,28,16,0.99,1.47,2.16,109.08,160.52,14.73,0.2,0.95,9.55,-2.02,3.76,4.58,44.81,0.04,72.31,3.97,218.92,5.09,218.96
2023,3,28,17,0.52,0.6,1.11,55.3,63.55,7.22,0.03,0.15,8.06,-2.04,3.01,4.58,49.62,0.04,72.34,2.92,219.57,3.86,219.66
2023,3,28,18,0.04,0.04,0.14,3.48,4.17,0.53,0,0,5.55,-1.58,1.98,4.82,61.56,0.02,72.37,1.41,218.26,2.18,219.46
2023,3,28,19,0,0,0,0,0,0,0,0,4.99,-2.56,1.21,4.46,59.31,0.02,72.41,0.89,220.38,1.33,219.76
2023,3,28,20,0,0,0,0,0,0,0,0,4.4,-2.92,0.73,4.33,60.25,0.02,72.45,0.22,223.53,0.33,219.29
2023,3,28,21,0,0,0,0,0,0,0,0,3.17,-3.1,0.04,4.27,64.81,0.01,72.47,0.36,52.13,0.57,51.1
2023,3,28,22,0,0,0,0,0,0,0,0,2.4,-3.24,-0.42,4.21,67.75,0.01,72.48,0.57,47.78,0.97,47.29
2023,3,28,23,0,0,0,0,0,0,0,0,1.83,-3.45,-0.81,4.15,69.44,0,72.46,0.69,43.15,1.21,42.65
2023,3,29,0,0,0,0,0,0,0,0,0,1.52,-3.74,-1.1,4.09,69.44,0,72.43,0.77,38.03,1.37,38.05
2023,3,29,1,0,0,0,0,0,0,0,0,1.15,-4.11,-1.48,3.97,69.25,0,72.4,0.9,33.69,1.58,34.32
2023,3,29,2,0,0,0,0,0,0,0,0,0.72,-4.66,-1.97,3.78,68.44,0,72.38,1.04,29.85,1.79,31.05
2023,3,29,3,0,0,0,0,0,0,0,0,-0.05,-5.43,-2.74,3.6,68.25,0,72.35,1.19,30.26,2.11,30.93
2023,3,29,4,0,0,0,0,0,0,0,0,-0.83,-6.38,-3.6,3.3,67.5,0,72.34,1.31,30.85,2.43,31.18
2023,3,29,5,0,0,0,0,0,0,0,0,-1.35,-7.37,-4.35,3.05,65.12,0,72.36,1.38,31.35,2.62,31.84
2023,3,29,6,0.11,0.12,0.3,9.6,11.67,1.38,0.01,0.02,-0.92,-7.63,-4.28,2.99,61.94,0,72.39,1.5,30.3,2.79,30.88
2023,3,29,7,0.96,0.96,1.37,103.33,104.35,13.12,0.09,0.45,3.71,-7.03,-1.67,3.17,46.69,0,72.44,1.92,31.88,2.72,31.87
2023,3,29,8,1.89,1.92,2.4,212.67,217.75,29.93,0.49,2.45,7.8,-6.99,0.41,3.17,35.06,0,72.48,0.69,333.15,0.83,333.68
2023,3,29,9,2.51,2.75,3.27,292.4,315.2,43.05,1.04,5.15,10.55,-6.22,2.16,3.42,31.12,0,72.5,2.7,237.64,3.35,237.57
2023,3,29,10,2.66,3.38,3.93,316.25,387.17,47.73,1.42,7.25,11.99,-4.94,3.53,3.72,31,0,72.52,3.9,227.84,4.93,227.89
2023,3,29,11,3.13,3.74,4.33,372.48,429.45,56.47,1.86,9.42,12.87,-3.83,4.52,4.03,31.5,0,72.52,4.56,224.93,5.75,224.94
2023,3,29,12,3.2,3.75,4.44,379.9,430.1,56.17,1.87,9.48,13.21,-3.1,5.05,4.21,32.38,0,72.5,4.84,223.95,6.09,224.01
2023,3,29,13,2.54,3.55,4.26,309.65,406.42,45.68,1.48,7.42,13.2,-2.7,5.26,4.33,33.25,0,72.45,4.94,223.4,6.24,223.43
2023,3,29,14,1.89,3.11,3.8,229.3,356.2,34.32,0.99,5.1,12.84,-2.55,5.15,4.39,34.38,0,72.41,4.99,222.33,6.34,222.4
2023,3,29,15,1.42,2.45,3.09,175.12,280.65,26.03,0.61,3.05,11.96,-2.63,4.67,4.39,36.25,0,72.38,4.94,220.26,6.34,220.4
2023,3,29,16,0.78,1.56,2.17,92.25,175.23,13.3,0.2,1,10.57,-2.77,3.9,4.33,39.31,0,72.39,4.43,219.42,5.73,219.53
2023,3,29,17,0.42,0.67,1.12,47.35,72.75,6.43,0.03,0.17,8.74,-2.79,2.98,4.33,44.44,0,72.41,3.31,217.52,4.39,217.71
2023,3,29,18,0.04,0.04,0.14,3.38,4.55,0.52,0,0,5.73,-1.92,1.9,4.7,59.06,0,72.44,1.51,211.47,2.45,211.97
2023,3,29,19,0,0,0,0,0,0,0,0,4.9,-2.74,1.08,4.39,58.75,0,72.48,1.06,203.92,1.62,203.6
2023,3,29,20,0,0,0,0,0,0,0,0,4.73,-3.15,0.79,4.27,57.75,0,72.53,0.6,174.07,0.86,174.76
2023,3,29,21,0,0,0,0,0,0,0,0,3.65,-3.45,0.1,4.15,60.81,0,72.56,0.47,96.65,0.73,95.53
2023,3,29,22,0,0,0,0,0,0,0,0,2.79,-3.63,-0.42,4.09,63.88,0,72.56,0.66,69.84,1.14,67.83
2023,3,29,23,0,0,0,0,0,0,0,0,2.1,-3.78,-0.84,4.03,66.38,0,72.55,0.75,60.48,1.42,58.23
2023,3,30,0,0,0,0,0,0,0,0,0,1.57,-4.07,-1.25,3.97,67.38,0,72.52,0.8,55.69,1.56,53.13
2023,3,30,1,0,0,0,0,0,0,0,0,1.19,-4.38,-1.6,3.85,67.56,0,72.48,0.81,50.48,1.57,48.44
2023,3,30,2,0,0,0,0,0,0,0,0,0.8,-4.72,-1.96,3.78,67.5,0,72.43,0.84,47.65,1.61,46.38
2023,3,30,3,0,0,0,0,0,0,0,0,0.45,-5.07,-2.31,3.66,67.19,0,72.38,0.86,37.28,1.68,37.08
2023,3,30,4,0,0,0,0,0,0,0,0,0.08,-5.49,-2.7,3.54,66.69,0,72.35,0.96,28.24,1.87,29.77
2023,3,30,5,0,0,0,0,0,0,0,0,-0.24,-6,-3.12,3.42,65.62,0,72.33,1.14,27.27,2.17,28.87
2023,3,30,6,0.09,0.1,0.32,8.8,10.62,1.27,0.01,0.02,0.24,-6.21,-2.99,3.36,62.31,0,72.34,1.27,28.78,2.37,29.6
2023,3,30,7,0.79,0.77,1.39,82.02,82.15,10.54,0.08,0.38,4.87,-5.6,-0.37,3.54,47.38,0,72.38,1.6,26.06,2.24,26.74
2023,3,30,8,1.66,1.69,2.42,183.75,188.55,24.59,0.4,2,8.66,-5.92,1.37,3.42,35.25,0,72.41,0.89,301.05,1.07,300.68
2023,3,30,9,2.37,2.52,3.29,271.25,285.62,37.89,0.9,4.48,10.96,-5.31,2.83,3.6,31.75,0,72.42,2.46,243.19,3.03,243.04
2023,3,30,10,2.7,3.16,3.94,317.98,361.33,45.75,1.34,6.8,12.48,-4.56,3.96,3.78,30.38,0,72.42,3.55,230.36,4.46,230.26
2023,3,30,11,3.01,3.58,4.34,358.8,411.9,52.41,1.71,8.67,13.44,-3.74,4.86,4.03,30.31,0,72.4,4.3,225.29,5.42,225.18
2023,3,30,12,2.46,3.58,4.45,298.1,409.55,43.13,1.41,7.23,13.74,-3.01,5.37,4.27,31.38,0,72.38,4.78,223.14,6.04,223.11
2023,3,30,13,1.75,3.41,4.27,217.92,388.7,32.27,1.04,5.23,13.55,-2.5,5.52,4.39,33,0,72.33,4.82,222.44,6.08,222.45
2023,3,30,14,1.45,2.89,3.81,177.88,326.12,25.66,0.73,3.73,13.08,-2.36,5.36,4.46,34.31,0,72.28,4.67,221.88,5.9,221.94
2023,3,30,15,1.05,2.26,3.09,130.62,255.73,18.95,0.44,2.2,12.18,-2.47,4.85,4.46,36.12,0,72.24,4.32,221.33,5.48,221.42
2023,3,30,16,0.55,1.43,2.18,63.95,158.17,8.83,0.13,0.65,10.99,-2.64,4.18,4.39,38.56,0,72.22,3.75,220.52,4.8,220.64
2023,3,30,17,0.36,0.61,1.13,38.75,65.65,5.14,0.03,0.15,9.26,-2.55,3.36,4.39,43.75,0,72.23,2.77,218.94,3.68,219.06
2023,3,30,18,0.05,0.04,0.15,3.67,4.42,0.55,0,0,6.42,-1.54,2.44,4.82,57.81,0.02,72.27,1.33,214.72,2.12,214.92
2023,3,30,19,0,0,0,0,0,0,0,0,5.92,-2.38,1.77,4.52,56,0.01,72.33,0.88,212.28,1.28,212.04
2023,3,30,20,0,0,0,0,0,0,0,0,5.3,-2.52,1.39,4.46,57.94,0,72.4,0.15,154.8,0.21,150.52
2023,3,30,21,0,0,0,0,0,0,0,0,3.95,-2.95,0.5,4.33,61.69,0,72.43,0.52,52.96,0.91,51.95
2023,3,30,22,0,0,0,0,0,0,0,0,3.06,-2.99,0.04,4.33,65.69,0,72.43,0.69,45,1.35,44.06
2023,3,30,23,0,0,0,0,0,0,0,0,2.51,-3.19,-0.34,4.27,67.31,0,72.42,0.77,38.39,1.61,38.31
2023,3,31,0,0,0,0,0,0,0,0,0,2.3,-3.47,-0.59,4.15,66.94,0,72.39,0.8,35.08,1.76,35.6
2023,3,31,1,0,0,0,0,0,0,0,0,2.34,-3.61,-0.63,4.09,66,0,72.35,0.8,33.85,1.79,34.66
2023,3,31,2,0,0,0,0,0,0,0,0,2.38,-3.79,-0.7,4.03,64.81,0,72.31,0.82,34.14,1.77,34.39
2023,3,31,3,0,0,0,0,0,0,0,0,2.38,-4.08,-0.85,3.97,63.31,0.01,72.27,0.85,37.18,1.75,37.02
2023,3,31,4,0,0,0,0,0,0,0,0,2.12,-4.77,-1.32,3.72,60.94,0.03,72.26,0.95,43.33,1.73,42.26
2023,3,31,5,0,0,0,0,0,0,0,0,1.89,-5.22,-1.67,3.6,59.75,0.04,72.27,1.02,45.31,1.78,44.29
2023,3,31,6,0.1,0.11,0.33,9.8,11.27,1.38,0.01,0.02,2.16,-5.09,-1.46,3.66,59.44,0.15,72.31,1.06,45,1.86,43.98
2023,3,31,7,0.77,0.79,1.41,82.5,85.12,10.64,0.09,0.4,5.87,-3.68,1.09,4.15,51.69,0.16,72.36,0.9,50.26,1.31,47.91
2023,3,31,8,1.42,1.57,2.44,156.42,172.52,20.71,0.34,1.7,8.83,-4.19,2.32,3.97,40.5,0.17,72.42,1.59,222.81,1.95,222.89
2023,3,31,9,2.05,2.32,3.3,234.08,258.95,31.58,0.76,3.77,10.19,-3.85,3.17,4.03,37.69,0.17,72.48,3.6,226.58,4.6,226.79
2023,3,31,10,2.36,2.93,3.96,277.48,332.15,38.44,1.12,5.75,10.11,-2.69,3.71,4.39,41.12,0.2,72.52,4.24,225.75,5.45,226.05
2023,3,31,11,2.36,3.4,4.35,288.33,391.65,41.77,1.39,7,9.08,-1.7,3.69,4.7,47.38,0.28,72.52,3.64,220.29,4.59,220.65
2023,3,31,12,1.93,3.37,4.46,241.8,388.27,35,1.17,5.85,8.75,-0.99,3.88,5,51.19,0.42,72.48,2.8,208.5,3.46,208.7
2023,3,31,13,1.31,3.27,4.28,170.05,377.15,24.91,0.8,4.05,9.64,-0.3,4.67,5.25,50.88,0.52,72.41,2.89,210.03,3.55,210.01
2023,3,31,14,1.12,2.78,3.81,139.48,315.77,19.56,0.53,2.7,9.65,0.03,4.84,5.43,52.19,0.81,72.36,3.58,224.82,4.47,224.86
2023,3,31,15,0.81,2.11,3.1,102.77,236.7,14.54,0.33,1.62,8.89,0.23,4.55,5.49,56.06,1.14,72.32,3.11,235.11,3.92,234.98
2023,3,31,16,0.53,1.29,2.19,63.2,139.23,8.64,0.12,0.62,8.37,0.24,4.3,5.55,58.62,1.29,72.3,2.14,245.21,2.68,244.78
2023,3,31,17,0.37,0.5,1.14,44.23,52.48,5.99,0.04,0.17,7.44,0.61,4.02,5.8,65.19,0.71,72.28,1.32,246.94,1.69,247.46
2023,3,31,18,0.04,0.04,0.15,3.05,3.73,0.43,0,0,4.81,0.44,2.63,5.8,78.38,0.33,72.29,0.5,242.24,0.76,244.49
2023,3,31,19,0,0,0,0,0,0,0,0,3.76,-0.22,1.77,5.49,79.5,0.14,72.34,0.18,282.26,0.28,292.99
2023,3,31,20,0,0,0,0,0,0,0,0,3.2,-0.68,1.26,5.31,80.5,0.06,72.39,0.22,10.12,0.41,13.24
2023,3,31,21,0,0,0,0,0,0,0,0,2.75,-0.94,0.9,5.31,82.38,0.03,72.42,0.47,42.98,0.89,38.58
2023,3,31,22,0,0,0,0,0,0,0,0,2.33,-1.54,0.4,5.07,81.81,0.01,72.41,0.61,46.04,1.2,41.57
2023,3,31,23,0,0,0,0,0,0,0,0,1.74,-2.56,-0.41,4.76,79.44,0.01,72.36,0.8,40.24,1.58,37.15
2023,4,1,0,0,0,0,0,0,0,0,0,1.55,-3.62,-1.03,4.33,73.69,0,72.3,0.93,36.49,1.68,34.95
2023,4,1,1,0,0,0,0,0,0,0,0,1.35,-5.04,-1.85,3.91,66.94,0,72.29,0.85,38.25,1.38,36.74
2023,4,1,2,0,0,0,0,0,0,0,0,1.4,-5.89,-2.25,3.66,63,0.06,72.28,0.64,40.53,1.01,38.73
2023,4,1,3,0,0,0,0,0,0,0,0,1.61,-5.99,-2.19,3.66,61.62,0.25,72.26,0.55,40.43,0.88,38.9
2023,4,1,4,0,0,0,0,0,0,0,0,1.9,-5.84,-1.97,3.66,60.5,0.35,72.23,0.56,38.78,0.91,38.05
2023,4,1,5,0,0,0,0,0,0,0,0,2.12,-6.12,-2,3.54,57.81,0.28,72.21,0.67,37.41,1.07,37.29
2023,4,1,6,0.08,0.09,0.35,7.5,8.77,0.98,0,0.02,2.58,-6.47,-1.94,3.48,54.38,0.11,72.22,0.72,39.73,1.11,39.29
2023,4,1,7,0.58,0.65,1.43,61.33,68.02,8.26,0.06,0.3,4.34,-5.14,-0.4,3.97,54.88,0.11,72.27,0.16,63.43,0.28,50.6
2023,4,1,8,1.18,1.46,2.45,127.42,155.55,17.16,0.27,1.38,6.04,-4.13,0.95,4.21,52.44,0.1,72.33,1.55,219.07,1.98,219.72
2023,4,1,9,1.49,2.22,3.32,167.85,242,23.06,0.53,2.62,7.26,-2.61,2.32,4.64,52.88,0.11,72.37,2.69,220.53,3.4,220.53
2023,4,1,10,1.69,2.8,3.97,199.3,308.7,27.83,0.79,4,8.65,-1.71,3.47,4.88,50.38,0.16,72.38,3.3,220.29,4.12,220.39
2023,4,1,11,2.33,3.29,4.36,270.67,370.62,38.73,1.23,6.2,9.44,-0.94,4.25,5.07,49.94,0.21,72.34,3.78,220.64,4.71,220.69
2023,4,1,12,2.1,3.82,4.47,271.9,450.02,42.37,1.45,7.23,9.56,-0.39,4.58,5.31,51.44,0.3,72.29,4.06,221.02,5.08,221.07
2023,4,1,13,1.8,3.62,4.29,235.95,423.3,36.2,1.18,5.92,9.19,0,4.59,5.43,54.25,0.36,72.22,4.13,220.4,5.19,220.55
2023,4,1,14,1.19,3.1,3.82,159.48,358.85,23.29,0.65,3.33,8.38,0.19,4.28,5.55,58.19,0.35,72.17,4.06,219.3,5.14,219.45
2023,4,1,15,0.68,2.35,3.11,88.38,268.35,12.52,0.27,1.35,6.99,0.25,3.62,5.55,64.31,0.28,72.13,3.73,216.92,4.77,217.08
2023,4,1,16,0.27,1.4,2.2,32.08,152.2,4.45,0.06,0.3,5.77,0.36,3.07,5.68,70.94,0.21,72.12,3.12,215.2,4,215.46
2023,4,1,17,0.24,0.57,1.15,26.9,59.25,3.79,0.02,0.1,4.78,0.54,2.65,5.8,77.81,0.14,72.13,2.25,212.81,2.92,212.75
2023,4,1,18,0.05,0.04,0.16,3.95,4.25,0.59,0,0,3.6,0.88,2.24,6.04,87.94,0.13,72.14,1.13,204.08,1.62,203.85
2023,4,1,19,0,0,0,0,0,0,0,0,2.93,0.75,1.83,5.98,92.06,0.11,72.16,0.66,188.13,1.03,188.32
2023,4,1,20,0,0,0,0,0,0,0,0,2.43,0.68,1.55,5.98,95.06,0.07,72.18,0.47,165.5,0.69,161.57
2023,4,1,21,0,0,0,0,0,0,0,0,1.9,0.52,1.22,5.92,97.5,0.06,72.19,0.42,145.71,0.63,128.44
2023,4,1,22,0,0,0,0,0,0,0,0,1.37,0.18,0.77,5.74,98.88,0.04,72.18,0.36,125.39,0.63,102.84
2023,4,1,23,0,0,0,0,0,0,0,0,0.93,-0.31,0.31,5.55,98.31,0.02,72.15,0.34,110.1,0.65,90.69
2023,4,2,0,0,0,0,0,0,0,0,0,0.57,-0.87,-0.15,5.31,96.5,0.01,72.11,0.35,99.04,0.68,83.44
2023,4,2,1,0,0,0,0,0,0,0,0,0.21,-1.49,-0.64,5.07,94.31,0.01,72.06,0.41,90,0.79,78.58
2023,4,2,2,0,0,0,0,0,0,0,0,-0.18,-2.22,-1.2,4.76,91.81,0.01,72,0.44,83.88,0.88,73.01
2023,4,2,3,0,0,0,0,0,0,0,0,-0.42,-3.07,-1.74,4.46,87.5,0.01,71.94,0.47,79.44,0.92,69.73
2023,4,2,4,0,0,0,0,0,0,0,0,-0.5,-3.95,-2.23,4.15,82.06,0,71.89,0.5,69.03,0.97,62.61
2023,4,2,5,0,0,0,0,0,0,0,0,-0.56,-4.74,-2.65,3.91,77.19,0,71.89,0.56,58.08,1.02,55.58
2023,4,2,6,0.11,0.12,0.37,10.17,12.52,1.55,0.01,0.02,0.04,-4.69,-2.33,3.91,73.5,0,71.92,0.5,53.84,0.97,50.55
2023,4,2,7,0.89,0.9,1.45,93.42,95.7,13.16,0.09,0.48,3.13,-3.18,-0.02,4.39,66.06,0,71.97,0.08,126.87,0.12,93.81
2023,4,2,8,1.87,1.89,2.47,210.38,213.3,31.09,0.49,2.5,5.65,-2.39,1.63,4.64,58.56,0,72.01,1.42,227.9,1.73,227.94
2023,4,2,9,2.1,2.68,3.33,248.33,305.75,37.62,0.88,4.35,7.56,-2.35,2.6,4.64,51.19,0,72.02,2.48,227.42,3.08,227.57
2023,4,2,10,2.87,3.36,3.98,336.58,387.8,52.9,1.5,7.52,8.87,-1.85,3.51,4.76,48.38,0,72.03,3.39,224.07,4.27,223.96
2023,4,2,11,2.74,3.7,4.38,327.33,427.2,51.71,1.63,8.25,9.62,-1,4.31,5.07,48.81,0,72.03,4.16,221.35,5.24,221.37
2023,4,2,12,2.64,3.79,4.48,323.17,440.7,51.24,1.66,8.33,9.8,-0.13,4.84,5.37,51.38,0.03,72.01,4.6,220.04,5.81,219.98
2023,4,2,13,2.52,3.59,4.3,308.9,414.2,47.84,1.49,7.52,9.37,0.6,4.98,5.68,55.88,0.09,71.98,4.65,219.47,5.87,219.49
2023,4,2,14,2.1,3.07,3.83,254.23,352.35,38.47,1.05,5.38,8.62,1.07,4.84,5.92,60.94,0.17,71.94,4.46,220.31,5.64,220.22
2023,4,2,15,1.6,2.34,3.12,189.48,265.25,27.72,0.6,2.98,7.75,1.39,4.57,6.1,66.31,0.22,71.92,4.21,221.24,5.34,221.26
2023,4,2,16,0.95,1.44,2.21,107.85,156.6,14.95,0.21,1.02,6.79,1.66,4.23,6.23,72.31,0.23,71.92,3.81,219.76,4.88,219.81
2023,4,2,17,0.47,0.61,1.16,50.85,63.7,7.34,0.04,0.2,5.63,1.95,3.79,6.35,80.12,0.24,71.94,3.1,216.7,4.05,216.69
2023,4,2,18,0.05,0.05,0.16,4.17,4.73,0.66,0,0,4.51,2.14,3.33,6.47,88.62,0.13,71.96,1.93,213.11,2.69,212.77
2023,4,2,19,0,0,0,0,0,0,0,0,3.75,2.12,2.94,6.53,94.38,0.13,71.99,1.37,214.51,2.09,213.1
2023,4,2,20,0,0,0,0,0,0,0,0,3.47,2.19,2.83,6.59,97,0.11,72.04,1.1,215.16,1.72,212.39
2023,4,2,21,0,0,0,0,0,0,0,0,3.28,2.29,2.78,6.65,99,0.1,72.06,0.77,205.26,1.33,205.36
2023,4,2,22,0,0,0,0,0,0,0,0,3.06,2.23,2.65,6.59,100,0.07,72.05,0.77,207.08,1.33,207.16
2023,4,2,23,0,0,0,0,0,0,0,0,2.81,2.11,2.46,6.53,100,0.05,72.03,0.67,205.67,1.17,206.57
2023,4,3,0,0,0,0,0,0,0,0,0,2.69,2.08,2.38,6.53,100,0.02,72,0.59,213.06,1.01,213.94
2023,4,3,1,0,0,0,0,0,0,0,0,2.58,2.06,2.32,6.53,100,0.01,71.96,0.53,229.76,0.9,229.24
2023,4,3,2,0,0,0,0,0,0,0,0,2.42,2,2.21,6.53,100,0.01,71.92,0.42,249.19,0.69,248.08
2023,4,3,3,0,0,0,0,0,0,0,0,2.12,1.83,1.98,6.47,100,0,71.89,0.32,285.75,0.54,291.04
2023,4,3,4,0,0,0,0,0,0,0,0,1.76,1.61,1.68,6.35,100,0,71.89,0.38,330.83,0.75,334.77
2023,4,3,5,0,0,0,0,0,0,0,0,1.36,1.22,1.29,6.16,100,0,71.91,0.63,354.29,1.14,356.05
2023,4,3,6,0.13,0.14,0.39,12.38,14.02,1.82,0.01,0.02,1.55,0.79,1.17,6.04,100,0,71.94,0.83,9.73,1.46,9.21
2023,4,3,7,0.94,0.93,1.47,97.95,98.98,13.27,0.11,0.55,4.75,0.81,2.78,6.04,81.25,0,71.99,1.27,0.71,1.65,1.09
2023,4,3,8,1.84,1.88,2.49,205.5,210.6,29.84,0.52,2.6,8.07,-0.13,3.98,5.68,60.5,0,72.05,1.06,285.89,1.28,285.56
2023,4,3,9,2.66,2.74,3.35,307.1,314.25,46.63,1.18,5.83,10.47,-0.92,4.77,5.31,48.38,0,72.1,2.65,235.56,3.32,235.45
2023,4,3,10,2.85,3.35,4,334.73,385.35,51.94,1.59,8.05,11.67,-0.32,5.68,5.43,45.94,0,72.14,3.76,226.26,4.78,226.39
2023,4,3,11,3.66,3.77,4.39,431.4,439.33,68.34,2.29,11.88,12.33,0.71,6.52,5.8,46.69,0,72.16,4.43,222.93,5.61,222.91
2023,4,3,12,3.14,3.85,4.49,384.38,452.02,61.07,2.11,10.8,12.37,1.62,7,6.1,49.12,0,72.16,4.68,222.56,5.9,222.59
2023,4,3,13,2.96,3.67,4.31,359.25,429.33,56.88,1.88,9.65,12.04,2.07,7.05,6.29,51.62,0,72.14,4.68,223.44,5.9,223.44
2023,4,3,14,2.25,3.13,3.84,270.83,363.08,41.47,1.22,6.23,11.71,2.1,6.9,6.29,52.81,0,72.1,4.66,222.89,5.89,222.9
2023,4,3,15,1.5,2.39,3.13,178.1,274.08,25.91,0.6,2.98,11.19,1.97,6.58,6.23,54.12,0,72.08,4.5,222.89,5.72,222.9
2023,4,3,16,0.99,1.54,2.22,114.1,174.35,16.06,0.24,1.23,10.36,1.78,6.07,6.16,56.5,0,72.08,4.21,224.25,5.4,224.3
2023,4,3,17,0.55,0.69,1.17,60.92,76.67,8.5,0.05,0.25,9.01,1.78,5.4,6.16,61.88,0,72.1,3.53,223.3,4.65,223.3
2023,4,3,18,0.06,0.05,0.17,4.98,5.62,0.76,0,0.02,7.15,2.12,4.64,6.35,72.75,0.04,72.14,1.82,215.39,2.74,215.5
2023,4,3,19,0,0,0,0,0,0,0,0,6.19,2.31,4.26,6.53,79.56,0.06,72.18,1.27,211.63,2.19,211.88
2023,4,3,20,0,0,0,0,0,0,0,0,5.87,2.49,4.18,6.65,82.69,0.07,72.23,1.21,212.87,2.1,212.86
2023,4,3,21,0,0,0,0,0,0,0,0,5.45,2.62,4.03,6.71,86.06,0.08,72.27,1.09,213.92,1.9,213.43
2023,4,3,22,0,0,0,0,0,0,0,0,5.11,2.62,3.87,6.71,88.38,0.07,72.27,0.91,210.96,1.59,211.11
2023,4,3,23,0,0,0,0,0,0,0,0,4.71,2.54,3.62,6.65,90.44,0.05,72.26,0.73,206.02,1.33,207.32
2023,4,4,0,0,0,0,0,0,0,0,0,4.19,2.23,3.21,6.53,91.81,0.03,72.23,0.56,208.35,1.02,209.31
2023,4,4,1,0,0,0,0,0,0,0,0,3.67,1.99,2.83,6.47,93.81,0.02,72.2,0.24,211.61,0.5,212.95
2023,4,4,2,0,0,0,0,0,0,0,0,2.8,1.76,2.28,6.35,98.06,0.01,72.16,0.15,62.1,0.22,67.07
2023,4,4,3,0,0,0,0,0,0,0,0,2.03,1.44,1.73,6.23,100,0,72.13,0.38,34.02,0.72,34.38
2023,4,4,4,0,0,0,0,0,0,0,0,1.48,1.13,1.3,6.04,100,0,72.11,0.57,25.16,1.15,26.57
2023,4,4,5,0,0,0,0,0,0,0,0,1.12,0.61,0.87,5.86,100,0,72.12,0.7,22.86,1.44,24.62
2023,4,4,6,0.13,0.16,0.4,13.15,17.05,2.01,0.01,0.02,1.88,0.36,1.12,5.74,95.25,0,72.17,0.69,21.92,1.48,24.94
2023,4,4,7,0.88,0.95,1.49,96.27,104.4,13.05,0.12,0.6,5.87,0.23,3.05,5.8,72.44,0,72.25,0.66,357.98,0.88,359.49
2023,4,4,8,1.83,1.94,2.51,211.23,224.15,31.23,0.59,2.92,8.91,-0.42,4.25,5.49,55.5,0,72.32,2.2,248.09,2.75,248.02
2023,4,4,9,2.33,2.74,3.37,278.85,319.33,42.54,1.15,5.77,10.78,-0.52,5.12,5.31,47.5,0,72.37,3.33,240.79,4.2,240.81
2023,4,4,10,2.71,3.38,4.01,327.52,395.38,51.59,1.68,8.67,12.08,-0.13,5.98,5.37,44.19,0.01,72.41,4.13,236.49,5.19,236.6
2023,4,4,11,2.88,3.76,4.4,352.52,439.35,55.91,1.99,10.15,12.87,0.33,6.6,5.49,43.06,0.03,72.41,4.76,233.07,6,233.2
2023,4,4,12,2.65,3.76,4.5,332.83,442.35,53.4,1.95,9.8,13.3,0.58,6.94,5.62,42.56,0.05,72.37,5.21,230.66,6.61,230.76
2023,4,4,13,2.03,3.57,4.31,256.6,418.48,40.3,1.39,7.02,13.26,0.66,6.97,5.62,42.88,0.09,72.33,5.49,229.9,7.02,230.01
2023,4,4,14,1.39,3.1,3.85,176.73,362.67,26.86,0.82,4.25,13.01,0.74,6.87,5.68,43.88,0.11,72.27,5.76,229.24,7.41,229.44
2023,4,4,15,1.18,2.46,3.13,151.8,287.08,24.1,0.6,3.05,12.27,0.77,6.52,5.68,46.12,0.14,72.22,5.84,229.23,7.61,229.46
2023,4,4,16,0.63,1.52,2.22,80.77,171.23,11.3,0.19,0.9,10.97,1.15,6.06,5.86,51.94,0.15,72.21,5.45,229.07,7.17,229.33
2023,4,4,17,0.38,0.61,1.18,44.2,65.1,6.91,0.05,0.23,9.22,1.82,5.52,6.23,61.5,0.15,72.22,4.41,226.8,5.9,227.14
2023,4,4,18,0.05,0.05,0.18,4.35,5.2,0.69,0,0.02,7.59,2.51,5.05,6.59,72.88,0.2,72.24,2.77,219.16,3.92,219.59
2023,4,4,19,0,0,0,0,0,0,0,0,6.66,2.77,4.72,6.71,79.56,0.17,72.28,2.34,215.49,3.48,216.15
2023,4,4,20,0,0,0,0,0,0,0,0,5.89,2.87,4.38,6.71,84.12,0.12,72.35,2.09,216.66,3.26,218.19
2023,4,4,21,0,0,0,0,0,0,0,0,5.3,2.74,4.02,6.65,86.38,0.08,72.4,2,215.8,3.17,217.1
2023,4,4,22,0,0,0,0,0,0,0,0,4.9,2.27,3.58,6.47,86.19,0.04,72.39,1.81,210.67,2.65,210.65
2023,4,4,23,0,0,0,0,0,0,0,0,4.3,1.73,3.01,6.29,87.25,0.01,72.36,0.92,190.26,1.39,190.05
2023,4,5,0,0,0,0,0,0,0,0,0,3.04,1.19,2.12,6.1,92.88,0,72.3,0.43,144.58,0.72,146.14
2023,4,5,1,0,0,0,0,0,0,0,0,2.06,0.83,1.44,5.98,97.31,0,72.24,0.41,101.09,0.77,91.75
2023,4,5,2,0,0,0,0,0,0,0,0,1.53,0.45,0.99,5.8,98.25,0,72.19,0.44,82.87,0.92,73.72
2023,4,5,3,0,0,0,0,0,0,0,0,1.09,-0.09,0.5,5.55,97.25,0,72.14,0.49,65.48,1.03,59.34
2023,4,5,4,0,0,0,0,0,0,0,0,0.63,-0.87,-0.12,5.25,94.75,0,72.13,0.61,51.8,1.29,48.68
2023,4,5,5,0,0,0,0,0,0,0,0,0.34,-1.93,-0.8,4.82,89.38,0,72.15,0.77,48.27,1.58,46.2
2023,4,5,6,0.15,0.18,0.42,15.2,18.35,2.22,0.01,0.02,1.22,-2.6,-0.69,4.64,80.38,0,72.18,0.86,48.67,1.74,46.27
2023,4,5,7,1.1,1.12,1.51,121.58,125.92,16.35,0.16,0.75,5.15,-1.95,1.6,4.94,64.56,0,72.24,0.96,56.96,1.3,55.74
2023,4,5,8,2.07,2.11,2.52,237.9,243.25,35.78,0.7,3.42,7.98,-2.11,2.93,4.88,52.62,0,72.3,0.9,214.79,1.1,215.49
2023,4,5,9,2.81,2.94,3.38,330.08,340.8,51.75,1.42,7.12,10.25,-2.4,3.92,4.7,43.88,0,72.34,2.73,227.55,3.41,227.6
2023,4,5,10,3.15,3.55,4.02,376.27,411.77,60.45,2.02,10.45,11.73,-1.31,5.21,5,42.25,0,72.37,3.7,224.91,4.62,224.93
2023,4,5,11,3.83,3.95,4.41,455.12,459.95,74.52,2.72,14.35,12.74,-0.16,6.3,5.37,42.31,0,72.38,4.38,223.41,5.48,223.44
2023,4,5,12,3.73,3.99,4.51,449.83,466.9,73.2,2.71,14.27,13.3,0.56,6.94,5.62,42.56,0,72.35,4.76,221.27,5.98,221.29
2023,4,5,13,2.93,3.77,4.32,353.05,438.17,56.61,2,10.3,13.47,0.81,7.14,5.68,42.81,0,72.31,5.17,219.42,6.56,219.44
2023,4,5,14,2.63,3.3,3.86,318.62,383.25,49.38,1.55,8.08,13.1,0.69,6.9,5.68,43.38,0.01,72.28,5.39,219.11,6.9,219.12
2023,4,5,15,1.86,2.58,3.14,223,298.23,33.75,0.86,4.3,12.38,0.5,6.44,5.55,44.88,0.02,72.26,5.35,219.01,6.91,219.03
2023,4,5,16,1.18,1.74,2.23,139.9,201.33,20.35,0.34,1.67,11.27,0.34,5.8,5.49,47.69,0.05,72.26,4.94,218.12,6.43,218.24
2023,4,5,17,0.63,0.82,1.19,70.9,92.52,9.51,0.06,0.3,9.8,0.2,5.01,5.43,52.06,0.08,72.28,3.95,216.55,5.24,216.7
2023,4,5,18,0.07,0.07,0.18,5.88,7.08,0.88,0,0.02,7.27,1.05,4.16,5.86,66.38,0.13,72.32,2.04,210.4,3.17,211.3
2023,4,5,19,0,0,0,0,0,0,0,0,6.22,0.4,3.3,5.55,68,0.12,72.35,1.53,205,2.41,205.32
2023,4,5,20,0,0,0,0,0,0,0,0,5.89,-0.3,2.8,5.31,66.06,0.1,72.4,1.24,200.73,1.89,200.53
2023,4,5,21,0,0,0,0,0,0,0,0,5.5,-0.67,2.41,5.13,66.19,0.07,72.45,0.75,181.79,1.21,185.19
2023,4,5,22,0,0,0,0,0,0,0,0,4.3,-0.83,1.73,5.13,71.5,0.05,72.48,0.42,143.34,0.69,148.48
2023,4,5,23,0,0,0,0,0,0,0,0,3.27,-0.99,1.14,5.07,76.19,0.03,72.48,0.45,92.01,0.77,89.42
2023,4,6,0,0,0,0,0,0,0,0,0,2.5,-1.15,0.67,5,79.62,0.02,72.47,0.51,70.46,1.01,66.4
2023,4,6,1,0,0,0,0,0,0,0,0,2.05,-1.39,0.33,4.94,80.75,0.03,72.45,0.56,60.95,1.14,57.83
2023,4,6,2,0,0,0,0,0,0,0,0,1.84,-1.76,0.05,4.82,79.69,0.03,72.44,0.6,56.1,1.18,53.36
2023,4,6,3,0,0,0,0,0,0,0,0,1.6,-2.21,-0.31,4.64,78.44,0.03,72.42,0.64,47.96,1.25,46.26
2023,4,6,4,0,0,0,0,0,0,0,0,1.12,-2.78,-0.83,4.46,77.81,0.01,72.41,0.74,41.13,1.49,40.54
2023,4,6,5,0,0,0,0,0,0,0,0,0.62,-3.51,-1.45,4.21,76.5,0,72.42,0.92,33.96,1.88,35.34
2023,4,6,6,0.2,0.24,0.44,19.38,23.58,2.59,0.01,0.05,1.11,-3.74,-1.31,4.21,73.44,0,72.43,1.15,30.76,2.29,33.15
2023,4,6,7,1.18,1.18,1.53,129,131.23,16.75,0.16,0.83,5.28,-3.93,0.68,4.21,54.69,0,72.46,1.98,34.57,2.73,34.87
2023,4,6,8,2.13,2.15,2.54,241.3,244.73,35.78,0.72,3.55,9.17,-5.36,1.9,3.78,37.75,0,72.5,0.89,16.36,1.1,17.4
2023,4,6,9,2.84,2.95,3.4,329.1,337.2,50.43,1.41,7.12,12,-6.82,2.58,3.3,27.38,0,72.55,2.17,237.05,2.67,237.05
2023,4,6,10,3.55,3.58,4.04,411.8,411.38,64.39,2.16,11.23,13.63,-6.18,3.73,3.42,25.5,0,72.58,3.47,227.37,4.35,227.4
2023,4,6,11,3.59,3.95,4.42,424.8,455.12,68.47,2.54,13.4,14.67,-5.09,4.79,3.66,25.69,0,72.58,4.34,224.49,5.46,224.48
2023,4,6,12,3.13,3.94,4.52,377.15,453.73,60.55,2.26,11.83,15.08,-3.75,5.66,4.03,27.5,0,72.56,4.95,223.4,6.27,223.38
2023,4,6,13,2.78,3.75,4.33,334.5,430.55,52.84,1.89,9.83,15.04,-2.78,6.12,4.33,29.5,0,72.52,5.16,223.59,6.55,223.65
2023,4,6,14,2.29,3.23,3.86,275.55,369.15,41.91,1.34,7,14.55,-2.23,6.16,4.52,31.62,0,72.48,5.13,224.44,6.56,224.57
2023,4,6,15,1.69,2.6,3.15,202.62,297.35,30.7,0.8,4.08,13.62,-2.02,5.8,4.58,34.12,0.01,72.46,4.76,226.33,6.1,226.4
2023,4,6,16,1.02,1.75,2.24,119.9,199.05,17.51,0.3,1.5,12.33,-2.01,5.16,4.58,37.12,0.05,72.45,4.15,228.05,5.34,228.26
2023,4,6,17,0.63,0.8,1.2,69.75,88.85,9.59,0.07,0.33,10.55,-1.98,4.29,4.58,41.94,0.07,72.47,3.23,228.24,4.27,228.49
2023,4,6,18,0.07,0.07,0.19,6,7.12,0.9,0,0.02,7.17,-0.8,3.19,5.13,58.44,0.07,72.5,1.4,222.3,2.33,223.23
2023,4,6,19,0,0,0,0,0,0,0,0,6.05,-1.48,2.29,4.82,59.81,0.05,72.55,0.95,219.32,1.51,219.54
2023,4,6,20,0,0,0,0,0,0,0,0,5.96,-2.03,1.97,4.64,57.69,0.03,72.61,0.51,211.26,0.77,211.76
2023,4,6,21,0,0,0,0,0,0,0,0,5.12,-2.17,1.47,4.58,60.56,0.01,72.64,0.26,98.62,0.39,102.65
2023,4,6,22,0,0,0,0,0,0,0,0,4.04,-2.48,0.78,4.46,63.62,0.01,72.65,0.55,72.6,0.91,71.57
2023,4,6,23,0,0,0,0,0,0,0,0,3.18,-2.74,0.23,4.39,66.38,0.01,72.65,0.63,58.67,1.16,57.38
2023,4,7,0,0,0,0,0,0,0,0,0,2.53,-2.99,-0.23,4.27,68.25,0,72.65,0.68,50.11,1.32,48.59
2023,4,7,1,0,0,0,0,0,0,0,0,2.02,-3.3,-0.63,4.21,69.19,0,72.64,0.75,42.03,1.51,41.63
2023,4,7,2,0,0,0,0,0,0,0,0,1.62,-3.67,-1.02,4.09,69.19,0,72.62,0.85,34.86,1.73,35.63
2023,4,7,3,0,0,0,0,0,0,0,0,1.16,-4.14,-1.49,3.97,69,0,72.59,1.01,32.1,2.04,33.45
2023,4,7,4,0,0,0,0,0,0,0,0,0.52,-4.83,-2.15,3.72,68.69,0,72.58,1.22,32.47,2.43,33.18
2023,4,7,5,0,0,0,0,0,0,0,0,-0.04,-5.74,-2.89,3.48,66.94,0,72.6,1.35,33.87,2.7,34.38
2023,4,7,6,0.21,0.24,0.46,20.42,23.73,2.71,0.01,0.05,0.94,-5.67,-2.36,3.54,63.5,0,72.65,1.39,34.67,2.75,34.95
2023,4,7,7,1.18,1.18,1.55,126.15,128.65,16.6,0.16,0.77,6.19,-5.5,0.34,3.66,44.88,0,72.71,1.86,38.36,2.58,38.23
2023,4,7,8,2.12,2.14,2.56,238.27,241.62,34.96,0.67,3.3,10.03,-5.69,2.17,3.54,33.81,0,72.77,0.37,274.86,0.45,275.01
2023,4,7,9,2.85,2.93,3.41,325.95,332.75,49.43,1.33,6.65,12.34,-5.89,3.23,3.48,28.56,0,72.81,2.4,228.43,2.96,228.32
2023,4,7,10,3.21,3.56,4.05,373.25,405.73,58.26,1.9,9.77,13.76,-5.31,4.22,3.6,26.75,0,72.81,3.32,221.95,4.15,221.95
2023,4,7,11,3.74,3.95,4.43,439.48,453.65,69.84,2.49,13.08,14.76,-4.53,5.12,3.78,26.31,0,72.79,3.94,220.33,4.94,220.32
2023,4,7,12,3.5,3.93,4.53,415.5,451.3,64.44,2.3,12,15.3,-3.92,5.69,3.97,26.44,0,72.75,4.38,220.08,5.5,220.05
2023,4,7,13,3.2,3.73,4.34,377.35,427.48,57.79,1.98,10.2,15.36,-3.38,5.98,4.09,27.38,0,72.71,4.6,220.1,5.78,220.06
2023,4,7,14,2.66,3.23,3.87,313.8,368.9,46.74,1.42,7.33,14.98,-3.11,5.93,4.21,28.62,0,72.68,4.56,220.62,5.76,220.65
2023,4,7,15,2.01,2.54,3.16,235.38,289.77,34.14,0.84,4.23,14.2,-3.12,5.55,4.21,30.12,0,72.67,4.16,221.27,5.25,221.38
2023,4,7,16,1.26,1.68,2.25,143.77,189.9,19.83,0.32,1.58,13.03,-3.23,4.9,4.15,32.25,0,72.67,3.63,222.56,4.61,222.73
2023,4,7,17,0.68,0.76,1.2,73.6,83.58,9.44,0.06,0.3,11.23,-3.13,4.05,4.21,36.62,0,72.69,2.69,222.41,3.53,222.67
2023,4,7,18,0.07,0.07,0.19,5.55,6.73,0.84,0,0.02,8.23,-1.6,3.32,4.76,51.06,0,72.73,1.18,215.58,1.83,216.67
2023,4,7,19,0,0,0,0,0,0,0,0,7.53,-2.58,2.48,4.39,49.44,0,72.78,0.41,193.24,0.58,192.53
2023,4,7,20,0,0,0,0,0,0,0,0,5.99,-2.67,1.66,4.39,54.69,0,72.84,0.49,66.32,0.81,64.42
2023,4,7,21,0,0,0,0,0,0,0,0,4.96,-2.81,1.08,4.33,58.25,0,72.87,0.73,56.31,1.31,54.98
2023,4,7,22,0,0,0,0,0,0,0,0,4.33,-3.2,0.56,4.21,59,0,72.87,0.83,47.29,1.51,46.67
2023,4,7,23,0,0,0,0,0,0,0,0,3.76,-3.63,0.07,4.09,59.44,0,72.87,0.93,40.91,1.73,40.97
2023,4,8,0,0,0,0,0,0,0,0,0,3.14,-4.08,-0.47,3.91,60,0,72.83,1.04,40.74,1.96,40.3
2023,4,8,1,0,0,0,0,0,0,0,0,2.58,-4.52,-0.97,3.78,60.31,0,72.79,1.13,39.09,2.18,38.88
2023,4,8,2,0,0,0,0,0,0,0,0,2.29,-4.85,-1.28,3.72,59.81,0,72.75,1.16,38.42,2.26,38.14
2023,4,8,3,0,0,0,0,0,0,0,0,1.98,-5.16,-1.59,3.6,59.62,0,72.73,1.24,35.5,2.4,35.71
2023,4,8,4,0,0,0,0,0,0,0,0,1.67,-5.48,-1.91,3.54,59.5,0,72.73,1.29,34.17,2.52,34.63
2023,4,8,5,0,0,0,0,0,0,0,0,1.26,-5.99,-2.36,3.36,58.88,0,72.76,1.35,34.42,2.64,34.87
2023,4,8,6,0.19,0.25,0.47,19.6,25.05,2.7,0.01,0.05,2.18,-5.52,-1.67,3.54,57.69,0,72.81,1.32,34.16,2.61,35.02
2023,4,8,7,1.06,1.18,1.57,117.2,130.9,15.47,0.15,0.75,7.35,-5.28,1.04,3.66,41.44,0,72.87,1.71,36.66,2.41,36.83
2023,4,8,8,1.82,2.1,2.57,208.05,238.62,30.14,0.59,2.9,11.19,-6.47,2.36,3.36,29.38,0,72.92,0.39,261.87,0.47,261.33
2023,4,8,9,2.51,2.92,3.42,295.2,334.9,44.34,1.2,6.1,13.45,-6.65,3.4,3.3,25.19,0,72.95,2.42,222.77,2.98,222.98
2023,4,8,10,3.25,3.54,4.06,382.48,408.08,59.51,1.95,10.02,14.84,-5.97,4.44,3.42,23.81,0,72.96,3.27,216.16,4.08,216.28
2023,4,8,11,3.73,3.91,4.44,443.95,454.02,70.24,2.51,13.1,15.79,-4.96,5.41,3.66,23.94,0,72.93,3.91,213.85,4.89,213.87
2023,4,8,12,3.39,3.81,4.54,407.65,440.85,61.77,2.17,11.27,16.17,-3.99,6.09,3.91,25,0,72.9,4.53,213.61,5.69,213.52
2023,4,8,13,2.79,3.58,4.35,338.75,417,51.16,1.72,8.83,15.99,-3.07,6.46,4.21,27,0,72.87,4.66,213.8,5.86,213.75
2023,4,8,14,2.05,3.09,3.88,249.45,360.75,37.14,1.11,5.73,15.39,-2.56,6.42,4.39,29.19,0,72.83,4.39,214.48,5.51,214.48
2023,4,8,15,1.54,2.44,3.17,188.15,283.73,27.45,0.67,3.38,14.23,-2.31,5.96,4.46,32.06,0,72.8,4.05,215.74,5.11,215.8
2023,4,8,16,0.85,1.61,2.26,101.15,185,14.23,0.23,1.15,13.01,-2.24,5.38,4.46,34.81,0,72.79,3.52,217.33,4.46,217.39
2023,4,8,17,0.52,0.74,1.21,60.4,82.77,8.34,0.05,0.27,11.38,-2.03,4.67,4.58,39.5,0,72.81,2.81,218.56,3.68,218.72
2023,4,8,18,0.06,0.07,0.2,5.52,6.9,0.84,0,0.02,8.34,-0.62,3.86,5.13,54.5,0,72.85,1.37,213.6,2.17,213.86
2023,4,8,19,0,0,0,0,0,0,0,0,7.57,-1.46,3.05,4.76,53.69,0,72.91,0.77,206.57,1.15,206.22
2023,4,8,20,0,0,0,0,0,0,0,0,6.65,-1.45,2.6,4.82,57.31,0,72.96,0.2,112.62,0.32,102.68
2023,4,8,21,0,0,0,0,0,0,0,0,5.52,-1.62,1.95,4.76,61.25,0,73,0.42,60.12,0.81,56.77
2023,4,8,22,0,0,0,0,0,0,0,0,4.5,-2.06,1.23,4.58,63.62,0,73,0.56,48.96,1.14,47.22
2023,4,8,23,0,0,0,0,0,0,0,0,3.76,-2.51,0.63,4.39,64.69,0,72.98,0.65,41.58,1.4,40.01
2023,4,9,0,0,0,0,0,0,0,0,0,3.36,-2.81,0.27,4.33,65.06,0,72.94,0.73,36.25,1.69,35.38
2023,4,9,1,0,0,0,0,0,0,0,0,2.95,-3.24,-0.14,4.21,64.75,0,72.9,0.83,33.54,1.94,32.99
2023,4,9,2,0,0,0,0,0,0,0,0,2.5,-3.75,-0.63,4.03,64.25,0,72.86,0.94,32.76,2.1,32.68
2023,4,9,3,0,0,0,0,0,0,0,0,2.15,-4.22,-1.03,3.91,63.56,0,72.83,0.98,33.94,2.2,33.69
2023,4,9,4,0,0,0,0,0,0,0,0,1.99,-4.66,-1.34,3.78,62.19,0,72.83,1.03,36.09,2.22,35.7
2023,4,9,5,0,0,0,0,0,0,0,0,2.11,-4.9,-1.4,3.66,60.5,0,72.85,1.08,39.11,2.17,37.98
2023,4,9,6,0.18,0.23,0.49,19.12,23.12,2.67,0.01,0.02,3.23,-4.24,-0.51,3.91,59.38,0,72.89,1.03,41.92,2.06,40.22
2023,4,9,7,1.02,1.07,1.58,110.73,117.23,14.3,0.13,0.65,7.95,-3.84,2.06,4.03,44.38,0,72.93,1.07,45.59,1.56,44.39
2023,4,9,8,1.91,1.99,2.59,216.5,226.25,30.71,0.56,2.77,11.25,-5.01,3.12,3.66,32.38,0,72.96,0.97,227.94,1.18,227.42
2023,4,9,9,2.58,2.78,3.44,300.95,320.4,44.28,1.13,5.65,13.1,-5.52,3.79,3.54,27.25,0,72.98,2.62,220.16,3.25,219.93
2023,4,9,10,2.87,3.38,4.07,339.17,391.4,50.68,1.55,7.92,14.33,-5.08,4.62,3.6,25.81,0,72.98,3.7,218.49,4.62,218.48
2023,4,9,11,3.1,3.77,4.45,372.48,438.12,57.58,1.96,10,15.07,-4.22,5.43,3.85,26.19,0,72.96,4.32,218.09,5.39,218.12
2023,4,9,12,2.77,3.69,4.55,338.73,425.35,49.98,1.72,8.62,15.4,-3.55,5.92,4.03,26.94,0,72.91,4.57,218.26,5.7,218.38
2023,4,9,13,2.37,3.52,4.36,287.77,404.12,42.95,1.43,7.2,15.45,-3.06,6.2,4.21,27.94,0,72.84,4.65,218.31,5.83,218.36
2023,4,9,14,1.76,3.03,3.89,212.3,342.8,31.4,0.92,4.73,15.07,-2.65,6.21,4.33,29.5,0,72.78,4.62,218.75,5.81,218.78
2023,4,9,15,1.32,2.28,3.17,155.35,252.88,22.25,0.53,2.67,14.19,-2.41,5.89,4.39,31.81,0,72.73,4.42,220.27,5.6,220.42
2023,4,9,16,0.78,1.49,2.26,89.58,162.83,12.41,0.2,0.98,12.97,-2.38,5.29,4.46,34.56,0,72.7,3.94,222.03,5.03,222.23
2023,4,9,17,0.43,0.63,1.22,48.38,65.6,7.21,0.05,0.23,11.18,-2.38,4.4,4.46,38.94,0,72.69,3.1,222.65,4.07,222.9
2023,4,9,18,0.07,0.06,0.2,5.52,6.55,0.84,0,0.02,7.94,-0.95,3.5,5,54.69,0,72.7,1.43,218.12,2.31,219.51
2023,4,9,19,0,0,0,0,0,0,0,0,7.15,-1.63,2.76,4.76,54.5,0,72.72,0.89,207.24,1.31,207.63
2023,4,9,20,0,0,0,0,0,0,0,0,6.61,-1.82,2.4,4.7,55.88,0,72.75,0.33,150.42,0.49,153.43
2023,4,9,21,0,0,0,0,0,0,0,0,5.4,-2.01,1.7,4.58,59.62,0,72.78,0.48,79.78,0.76,80.54
2023,4,9,22,0,0,0,0,0,0,0,0,4.44,-2.24,1.1,4.52,62.75,0,72.76,0.61,65.07,1.05,64.39
2023,4,9,23,0,0,0,0,0,0,0,0,3.73,-2.56,0.58,4.39,64.38,0,72.72,0.68,55.22,1.26,54.34
2023,4,10,0,0,0,0,0,0,0,0,0,3.31,-2.91,0.2,4.33,64.69,0,72.66,0.76,42.91,1.4,42.75
2023,4,10,1,0,0,0,0,0,0,0,0,2.86,-3.33,-0.24,4.15,64.75,0,72.6,0.89,31.74,1.62,32.62
2023,4,10,2,0,0,0,0,0,0,0,0,2.38,-3.86,-0.74,4.03,64.38,0,72.55,1.07,25.63,1.9,26.67
2023,4,10,3,0,0,0,0,0,0,0,0,1.83,-4.52,-1.35,3.85,63.69,0,72.51,1.2,25.9,2.16,26.47
2023,4,10,4,0,0,0,0,0,0,0,0,1.24,-5.27,-2.02,3.6,62.62,0,72.49,1.29,27.5,2.4,27.9
2023,4,10,5,0,0,0,0,0,0,0,0,0.98,-5.99,-2.51,3.42,60.38,0,72.5,1.33,28.07,2.49,28.25
2023,4,10,6,0.26,0.25,0.51,24.88,25.1,3.16,0.01,0.05,2.01,-5.74,-1.87,3.48,57.62,0,72.55,1.35,28.8,2.48,28.83
2023,4,10,7,1.12,1.15,1.6,122.6,127.9,15.73,0.14,0.7,6.8,-5.47,0.66,3.54,41.94,0,72.61,1.54,26.18,2.1,26.47
2023,4,10,8,2.08,2.11,2.6,237,240.85,33.63,0.62,3.05,10.42,-5.64,2.39,3.48,31.88,0,72.67,1.42,273.48,1.73,273.11
2023,4,10,9,2.77,2.92,3.45,323.62,336.35,48.06,1.24,6.17,12.64,-5.47,3.58,3.48,27.94,0,72.73,2.95,242.55,3.68,242.73
2023,4,10,10,3.12,3.53,4.09,371.35,407.65,56.7,1.78,9.05,14.15,-5,4.57,3.66,26.25,0,72.74,3.64,233.82,4.58,233.95
2023,4,10,11,3.51,3.91,4.46,421.7,454.17,65.98,2.27,11.67,15.26,-4.42,5.42,3.78,25.5,0,72.72,4.33,229.98,5.47,230.1
2023,4,10,12,3.22,3.89,4.56,392.7,450.83,60.23,2.08,10.62,15.81,-3.91,5.95,3.97,25.62,0,72.68,5.04,228.58,6.4,228.71
2023,4,10,13,2.47,3.65,4.36,300.15,422.35,45.62,1.51,7.62,15.65,-3.29,6.18,4.15,27.06,0,72.63,5.36,228.78,6.86,228.92
2023,4,10,14,2.19,3.18,3.89,267.35,367.77,39.88,1.19,6.08,15.06,-2.77,6.15,4.27,29.25,0,72.6,5.32,229.71,6.81,229.88
2023,4,10,15,1.63,2.51,3.18,197.73,288.95,28.91,0.69,3.45,14.13,-2.64,5.75,4.33,31.38,0,72.59,4.88,232.74,6.25,232.97
2023,4,10,16,1.03,1.68,2.27,121.25,192.2,17.18,0.27,1.33,12.97,-2.66,5.15,4.33,33.81,0,72.58,4.06,235.91,5.22,236.24
2023,4,10,17,0.64,0.79,1.23,72.02,88.85,9.56,0.06,0.3,11.41,-2.49,4.46,4.39,38,0,72.58,2.92,236.22,3.87,236.79
2023,4,10,18,0.08,0.07,0.21,6.7,7.58,0.97,0,0.02,8.62,-0.93,3.85,5,52.06,0,72.6,1.37,230.32,2.13,232.29
2023,4,10,19,0,0,0,0,0,0,0,0,8.05,-1.85,3.1,4.64,50.19,0,72.63,0.63,239.28,0.86,240.19
2023,4,10,20,0,0,0,0,0,0,0,0,6.8,-1.78,2.51,4.64,55,0,72.67,0.39,21.37,0.68,23.03
2023,4,10,21,0,0,0,0,0,0,0,0,5.58,-1.96,1.8,4.64,59.12,0,72.68,0.71,42.78,1.31,42.83
2023,4,10,22,0,0,0,0,0,0,0,0,4.91,-2.32,1.3,4.46,60.25,0,72.68,0.79,41.78,1.48,42.21
2023,4,10,23,0,0,0,0,0,0,0,0,4.33,-2.7,0.82,4.33,61,0,72.68,0.82,38.83,1.58,39.19
2023,4,11,0,0,0,0,0,0,0,0,0,4.04,-3.05,0.5,4.27,60.69,0,72.67,0.8,38.22,1.52,38.11
2023,4,11,1,0,0,0,0,0,0,0,0,3.77,-3.28,0.24,4.15,60.69,0,72.66,0.76,35.81,1.44,35.75
2023,4,11,2,0,0,0,0,0,0,0,0,3.8,-3.52,0.14,4.09,59.44,0,72.63,0.78,32.25,1.39,32.18
2023,4,11,3,0,0,0,0,0,0,0,0,3.7,-3.72,-0.01,4.03,58.88,0,72.59,0.85,24.92,1.5,25.63
2023,4,11,4,0,0,0,0,0,0,0,0,3.16,-4.02,-0.42,3.97,59.94,0,72.58,1.03,23.65,1.84,25.15
2023,4,11,5,0,0,0,0,0,0,0,0,2.39,-4.47,-1.04,3.85,61.25,0,72.58,1.25,27.53,2.28,28.5
2023,4,11,6,0.31,0.3,0.53,30.7,31.02,3.6,0.01,0.05,2.88,-4.12,-0.62,3.97,61.31,0,72.6,1.3,30.43,2.51,31.27
2023,4,11,7,1.24,1.24,1.62,136.9,139.2,17.52,0.17,0.85,7.8,-4.44,1.68,3.91,42.69,0,72.63,1.87,29.89,2.55,30.42
2023,4,11,8,2.15,2.17,2.62,244.5,248.25,34.71,0.66,3.27,11.83,-6.38,2.72,3.42,28.5,0,72.66,1.04,284.77,1.26,284.38
2023,4,11,9,2.88,2.97,3.46,333.77,340.88,49.37,1.32,6.6,14.16,-6.69,3.73,3.3,23.88,0,72.69,2.51,240.72,3.09,240.78
2023,4,11,10,3.49,3.59,4.1,407.33,411.85,61.8,1.98,10.12,15.69,-6.17,4.76,3.36,22.12,0,72.7,3.34,230.02,4.18,230.08
2023,4,11,11,3.8,3.95,4.47,447.42,454.12,68.86,2.43,12.58,16.76,-5.49,5.64,3.54,21.62,0,72.68,3.96,225.48,4.96,225.45
2023,4,11,12,3.55,3.84,4.56,417.75,438.08,61.79,2.15,11.17,17.23,-4.87,6.18,3.72,21.88,0,72.65,4.47,223.44,5.61,223.42
2023,4,11,13,3.13,3.63,4.37,367.17,411.85,53.3,1.79,9.12,17.2,-4.25,6.48,3.85,22.88,0,72.6,4.67,222.02,5.89,222.04
2023,4,11,14,2.45,3.11,3.9,280.62,351.85,40.36,1.19,6.08,16.69,-3.75,6.47,4.03,24.5,0,72.57,4.69,221.36,5.96,221.38
2023,4,11,15,1.78,2.38,3.19,202.58,265.2,28.15,0.66,3.33,15.65,-3.38,6.14,4.09,26.81,0,72.55,4.66,221.12,5.95,221.22
2023,4,11,16,1.12,1.52,2.28,123.62,166.05,16.37,0.27,1.3,14.05,-3.13,5.47,4.21,30.31,0,72.58,4.32,222.51,5.6,222.68
2023,4,11,17,0.63,0.72,1.24,67.55,77.25,8.69,0.05,0.27,11.94,-2.85,4.55,4.27,35.62,0,72.62,3.12,223.88,4.13,224.16
2023,4,11,18,0.07,0.07,0.22,6.3,7.08,0.93,0,0.02,9.47,-0.66,4.4,5.13,50.19,0,72.66,1.44,218.85,2.2,220.09
2023,4,11,19,0,0,0,0,0,0,0,0,8.88,-1.8,3.55,4.64,47.62,0,72.7,0.89,214.95,1.22,214.6
2023,4,11,20,0,0,0,0,0,0,0,0,8.42,-2.1,3.15,4.52,48,0,72.73,0.18,156.8,0.24,137.6
2023,4,11,21,0,0,0,0,0,0,0,0,7.48,-2.02,2.73,4.58,51.56,0,72.74,0.49,61.39,0.85,60.39
2023,4,11,22,0,0,0,0,0,0,0,0,6.73,-2.18,2.27,4.52,53.56,0,72.72,0.66,44.52,1.14,45.28
2023,4,11,23,0,0,0,0,0,0,0,0,6.09,-2.51,1.8,4.39,54.56,0,72.69,0.77,30.47,1.34,31.65
2023,4,12,0,0,0,0,0,0,0,0,0,5.49,-3,1.25,4.27,54.81,0,72.64,0.87,23.81,1.5,25.63
2023,4,12,1,0,0,0,0,0,0,0,0,5.18,-3.38,0.9,4.15,54.44,0,72.6,0.94,19.33,1.59,21.38
2023,4,12,2,0,0,0,0,0,0,0,0,4.9,-3.63,0.63,4.03,54.5,0,72.57,0.99,16.44,1.65,18.26
2023,4,12,3,0,0,0,0,0,0,0,0,4.54,-3.79,0.37,4.03,55.12,0,72.54,1.05,16.41,1.74,17.46
2023,4,12,4,0,0,0,0,0,0,0,0,4.19,-3.93,0.13,3.97,55.81,0,72.54,1.1,17.28,1.85,18.43
2023,4,12,5,0,0,0,0,0,0,0,0,3.92,-4.1,-0.09,3.91,56.12,0,72.56,1.13,19.31,1.93,20.42
2023,4,12,6,0.3,0.29,0.55,29.25,29.33,3.6,0.01,0.05,4.7,-3.47,0.62,4.09,56.06,0,72.6,1.03,21.72,1.9,22.77
2023,4,12,7,1.23,1.23,1.64,135.25,137.42,17.52,0.17,0.85,9.23,-2.91,3.16,4.33,43,0,72.65,1,16.31,1.44,17.74
2023,4,12,8,2.15,2.17,2.63,244.23,248.35,35.06,0.67,3.33,12.69,-4.45,4.12,3.78,30.31,0,72.7,1.79,259.18,2.2,259.17
2023,4,12,9,2.89,2.98,3.48,335.38,342.48,50.23,1.34,6.67,14.59,-4.61,4.99,3.78,26.38,0,72.73,2.91,240.96,3.63,241.07
2023,4,12,10,3.4,3.59,4.11,400.65,413.3,61.5,1.98,10.2,16.01,-4.15,5.93,3.91,24.88,0,72.74,3.53,233.64,4.42,233.7
2023,4,12,11,3.39,3.92,4.48,406,453.23,63.15,2.2,11.4,17.04,-3.39,6.83,4.09,24.62,0,72.72,4.25,228.58,5.33,228.62
2023,4,12,12,3,3.76,4.57,362.15,430.12,53.16,1.84,9.4,17.45,-2.61,7.42,4.33,25.5,0,72.69,4.72,225.94,5.93,226.01
2023,4,12,13,2.72,3.55,4.38,323.52,405.6,47.02,1.55,7.88,17.3,-1.78,7.76,4.64,27.31,0,72.66,4.63,225.34,5.82,225.38
2023,4,12,14,2.29,3.01,3.91,271,340.38,38.16,1.12,5.75,16.92,-1.19,7.87,4.82,29.25,0,72.61,4.36,226.02,5.47,226.16
2023,4,12,15,1.57,2.32,3.19,183.42,260,25.55,0.6,3.05,16.14,-0.91,7.62,4.94,31.38,0,72.58,4.08,226.94,5.14,227.09
2023,4,12,16,1.01,1.5,2.29,113.73,164.62,15.27,0.24,1.2,14.99,-0.8,7.09,5,34.06,0,72.57,3.59,228.44,4.57,228.54
2023,4,12,17,0.59,0.67,1.25,63.38,71.35,8.25,0.05,0.27,13.25,-0.53,6.36,5.13,39,0,72.57,2.65,229.07,3.47,229.29
2023,4,12,18,0.08,0.07,0.22,6.5,6.85,0.94,0,0.02,10.51,0.87,5.69,5.74,52.38,0,72.59,1.22,223.19,1.85,223.97
2023,4,12,19,0,0,0,0,0,0,0,0,9.82,0.33,5.08,5.49,52.56,0,72.63,0.41,231.17,0.53,232.13
2023,4,12,20,0,0,0,0,0,0,0,0,8.57,0.2,4.38,5.43,56.56,0,72.68,0.31,22.07,0.62,24.62
2023,4,12,21,0,0,0,0,0,0,0,0,7.58,-0.06,3.76,5.31,59.38,0,72.71,0.62,37.87,1.13,37.67
2023,4,12,22,0,0,0,0,0,0,0,0,6.87,-0.44,3.22,5.19,60.5,0,72.72,0.69,40.39,1.25,40.17
2023,4,12,23,0,0,0,0,0,0,0,0,6.27,-0.82,2.73,5,61.31,0,72.71,0.75,38.19,1.37,38.51
2023,4,13,0,0,0,0,0,0,0,0,0,5.76,-1.28,2.23,4.82,61.44,0,72.69,0.78,35.6,1.46,35.64
2023,4,13,1,0,0,0,0,0,0,0,0,5.33,-1.7,1.81,4.7,61.38,0,72.66,0.82,34.14,1.54,34.66
2023,4,13,2,0,0,0,0,0,0,0,0,5,-2.07,1.47,4.58,61.12,0,72.63,0.88,33.41,1.65,34.37
2023,4,13,3,0,0,0,0,0,0,0,0,4.58,-2.41,1.08,4.46,61.38,0,72.6,0.96,30.72,1.82,31.85
2023,4,13,4,0,0,0,0,0,0,0,0,3.86,-2.78,0.54,4.33,62.69,0,72.58,1.12,29.6,2.18,31.24
2023,4,13,5,0,0,0,0,0,0,0,0,3.08,-3.3,-0.11,4.15,63.75,0,72.58,1.29,30.61,2.59,31.91
2023,4,13,6,0.29,0.28,0.57,28.5,28.85,3.57,0.01,0.05,3.85,-3.08,0.38,4.27,61.75,0,72.6,1.33,31.54,2.75,32.33
2023,4,13,7,1.16,1.15,1.65,125.17,127.23,15.79,0.16,0.77,8.98,-3.41,2.79,4.15,42.38,0,72.64,2.11,33.04,2.89,33.22
2023,4,13,8,2.07,2.09,2.65,234.15,237.4,32.63,0.62,3.05,12.77,-4.49,4.14,3.91,30.69,0,72.66,0.47,347.57,0.57,349.77
2023,4,13,9,2.81,2.88,3.49,323.62,330.1,46.89,1.23,6.12,15.13,-4.49,5.32,3.91,26.44,0,72.69,2.23,231.12,2.72,231.19
2023,4,13,10,3.12,3.48,4.12,363.5,399.77,54.29,1.7,8.73,16.65,-3.78,6.44,4.09,25,0,72.7,3.43,224.08,4.28,224.11
2023,4,13,11,3.41,3.8,4.49,399.27,434.67,59.88,2.04,10.62,17.62,-2.83,7.4,4.33,25.06,0,72.67,4.1,220.91,5.14,221
2023,4,13,12,3.09,3.51,4.58,354.83,389.67,48.63,1.62,8.33,18.01,-2.02,8,4.58,25.81,0,72.62,4.55,219.01,5.71,219
2023,4,13,13,2.83,3.47,4.38,331.75,389.95,46.44,1.53,7.77,17.96,-1.41,8.28,4.76,27,0,72.57,4.7,217.92,5.91,217.91
2023,4,13,14,2.44,2.98,3.91,283.1,334.1,38.77,1.14,5.88,17.4,-0.98,8.22,4.94,28.81,0,72.53,4.72,217.67,5.96,217.71
2023,4,13,15,1.8,2.28,3.2,205.1,253.52,27.36,0.65,3.3,16.33,-0.76,7.79,5,31.31,0,72.52,4.55,216.97,5.78,217.04
2023,4,13,16,1.09,1.45,2.29,120.15,157.52,15.86,0.25,1.25,15.05,-0.65,7.2,5.07,34.31,0,72.53,4,215.37,5.12,215.51
2023,4,13,17,0.58,0.63,1.25,62.05,66.48,7.97,0.05,0.25,13.33,-0.18,6.58,5.25,39.88,0,72.58,2.96,214.03,3.92,214.04
2023,4,13,18,0.07,0.06,0.23,6.02,6.55,0.87,0,0.02,10.81,1.09,5.95,5.8,52.06,0,72.64,1.39,205.99,2.06,205.11
2023,4,13,19,0,0,0,0,0,0,0,0,9.86,0.44,5.15,5.49,52.62,0,72.69,0.69,172.79,0.96,168.23
2023,4,13,20,0,0,0,0,0,0,0,0,8.58,0.47,4.52,5.49,57.62,0,72.74,0.49,117.8,0.89,101.71
2023,4,13,21,0,0,0,0,0,0,0,0,7.65,0.21,3.93,5.43,60.19,0,72.77,0.46,77.15,1.12,67.01
2023,4,13,22,0,0,0,0,0,0,0,0,7.05,-0.12,3.46,5.25,61.19,0,72.77,0.56,52.33,1.28,50.69
2023,4,13,23,0,0,0,0,0,0,0,0,6.33,-0.43,2.95,5.13,62.69,0,72.74,0.7,38.66,1.5,39.31
2023,4,14,0,0,0,0,0,0,0,0,0,5.92,-0.81,2.55,5,62.75,0,72.7,0.79,31.64,1.63,33.08
2023,4,14,1,0,0,0,0,0,0,0,0,5.71,-1.2,2.26,4.88,61.81,0,72.67,0.82,28.26,1.62,30.16
2023,4,14,2,0,0,0,0,0,0,0,0,5.48,-1.56,1.96,4.76,61.19,0,72.66,0.83,28.74,1.61,30.3
2023,4,14,3,0,0,0,0,0,0,0,0,5.1,-1.85,1.62,4.64,61.5,0,72.65,0.86,29.81,1.74,31.41
2023,4,14,4,0,0,0,0,0,0,0,0,4.59,-2.18,1.21,4.52,62.25,0,72.64,0.97,30.88,2.02,32.71
2023,4,14,5,0,0,0,0,0,0,0,0,4.18,-2.61,0.79,4.39,62.06,0,72.66,1.13,32.05,2.3,33.8
2023,4,14,6,0.27,0.27,0.59,27.48,27.65,3.56,0.01,0.05,4.9,-2.37,1.26,4.52,60.31,0,72.7,1.15,33.91,2.43,35.43
2023,4,14,7,1.14,1.15,1.67,124.02,126.92,15.8,0.15,0.75,9.7,-2.59,3.55,4.46,43,0,72.73,1.61,35.54,2.3,36.44
2023,4,14,8,2.05,2.08,2.66,233.27,237.75,32.48,0.59,2.95,13.18,-3.65,4.76,4.15,31.94,0,72.76,0.09,254.74,0.09,264.81
2023,4,14,9,2.6,2.87,3.5,304.58,330.55,44.27,1.15,5.85,15.43,-3.6,5.91,4.15,27.75,0,72.78,2,217.54,2.43,217.57
2023,4,14,10,3.32,3.49,4.13,390.6,404.73,58.48,1.78,9.05,17.12,-3.07,7.02,4.27,25.69,0,72.79,3.18,214.7,3.96,214.79
2023,4,14,11,3.17,3.82,4.5,384.3,442.73,57.95,1.95,9.9,18.21,-2.26,7.98,4.52,25.19,0,72.77,4.09,214.42,5.13,214.39
2023,4,14,12,3.15,3.63,4.59,372.98,416.77,52.09,1.77,8.8,18.55,-1.35,8.6,4.82,26.19,0,72.74,4.58,214.86,5.76,214.83
2023,4,14,13,2.69,3.43,4.39,321.38,391.27,45.06,1.45,7.27,18.48,-0.7,8.89,5,27.5,0,72.71,4.58,215.56,5.76,215.5
2023,4,14,14,2.4,3,3.92,283.12,343.48,39.59,1.15,5.92,18,-0.33,8.83,5.19,29.12,0,72.66,4.29,216.04,5.39,216.04
2023,4,14,15,1.74,2.32,3.2,205.65,264.42,28.56,0.67,3.38,17.13,-0.29,8.42,5.19,30.88,0,72.62,3.82,218.6,4.8,218.66
2023,4,14,16,0.97,1.46,2.3,110.75,161.88,15.02,0.23,1.15,15.98,-0.33,7.83,5.19,33.12,0,72.61,3.26,221.41,4.14,221.48
2023,4,14,17,0.56,0.65,1.26,60.62,69.9,7.95,0.05,0.25,14.31,0,7.15,5.31,37.88,0,72.62,2.34,223.65,3.12,223.88
2023,4,14,18,0.07,0.07,0.23,6.42,7,0.91,0,0.02,11.67,1.94,6.8,6.16,52.31,0,72.65,1.11,223.85,1.8,224.82
2023,4,14,19,0,0,0,0,0,0,0,0,11.33,0.94,6.14,5.68,49.44,0,72.68,0.57,238.9,0.79,239.62
2023,4,14,20,0,0,0,0,0,0,0,0,10.69,0.76,5.73,5.62,50.94,0,72.71,0.33,353.21,0.52,356.58
2023,4,14,21,0,0,0,0,0,0,0,0,9.92,0.44,5.18,5.49,52.31,0,72.72,0.78,41.35,1.2,40.24
2023,4,14,22,0,0,0,0,0,0,0,0,9.23,0.24,4.73,5.43,54,0,72.71,0.97,53.22,1.55,53.01
2023,4,14,23,0,0,0,0,0,0,0,0,8.97,-0.07,4.45,5.31,53.75,0,72.72,0.94,53.8,1.51,53.84
2023,4,15,0,0,0,0,0,0,0,0,0,8.73,-0.35,4.19,5.19,53.44,0,72.72,0.97,56.82,1.54,55.99
2023,4,15,1,0,0,0,0,0,0,0,0,8.18,-0.67,3.76,5.07,54.25,0,72.7,0.96,59.28,1.56,59.18
2023,4,15,2,0,0,0,0,0,0,0,0,7.48,-1,3.24,4.94,55.5,0,72.68,1.03,57.99,1.71,56.97
2023,4,15,3,0,0,0,0,0,0,0,0,7.2,-1.31,2.94,4.82,55.25,0,72.67,1,51.34,1.65,49.81
2023,4,15,4,0,0,0,0,0,0,0,0,6.89,-1.53,2.68,4.76,55.56,0,72.7,0.88,44.28,1.54,42.12
2023,4,15,5,0,0,0,0,0,0,0,0,6.71,-1.71,2.5,4.7,55.44,0,72.73,0.85,40.54,1.52,38.75
2023,4,15,6,0.15,0.25,0.61,17.48,25.77,2.51,0.01,0.02,7.3,-1.25,3.02,4.82,55.25,0,72.77,0.75,41.19,1.45,39.09
2023,4,15,7,0.65,1.07,1.69,77.52,118.58,11.23,0.11,0.55,11.08,-0.23,5.43,5.25,46.44,0,72.83,0.44,49.29,0.81,44.22
2023,4,15,8,1.21,1.99,2.68,148.62,227.67,21.91,0.41,2.05,14.19,-1.74,6.23,4.7,33.75,0,72.87,0.86,208.19,1.07,208.81
2023,4,15,9,1.72,2.81,3.52,215,325.1,32.19,0.82,4.17,16.47,-2.62,6.92,4.39,27.38,0,72.89,2.73,209.64,3.39,209.7
2023,4,15,10,2.33,3.43,4.14,291.25,398.42,43.7,1.32,6.7,17.83,-2.34,7.75,4.46,25.62,0,72.9,3.85,210.62,4.81,210.56
2023,4,15,11,2.18,3.79,4.51,282.8,441.55,43.35,1.41,6.95,18.52,-1.54,8.49,4.76,26,0,72.88,4.37,212.9,5.46,212.96
2023,4,15,12,2.2,3.58,4.59,274.92,410.4,38.07,1.23,6.05,18.76,-0.85,8.96,5,26.88,0,72.84,4.48,216.21,5.6,216.2
2023,4,15,13,1.8,3.44,4.4,230.27,394.5,32.7,1.02,5.08,18.67,-0.39,9.14,5.19,27.94,0,72.77,4.37,218.61,5.45,218.66
2023,4,15,14,1.72,3.01,3.92,215.88,343.5,30.89,0.87,4.42,18.33,-0.06,9.14,5.31,29.25,0,72.71,4.31,220.44,5.42,220.44
2023,4,15,15,1.36,2.33,3.21,166.58,264.62,23.71,0.54,2.7,17.52,0.31,8.91,5.43,31.62,0,72.68,4.27,222.18,5.41,222.25
2023,4,15,16,0.95,1.53,2.31,112,170.55,15.7,0.24,1.17,16.25,0.62,8.44,5.55,35.06,0,72.67,3.83,223.76,4.91,223.9
2023,4,15,17,0.43,0.68,1.27,49.12,72.75,6.88,0.04,0.2,14.69,1.09,7.89,5.8,40.19,0,72.69,3.01,223.63,3.97,223.8
2023,4,15,18,0.07,0.07,0.24,6.45,7.35,0.91,0,0.02,12.41,3.04,7.73,6.71,54.38,0,72.72,1.64,218.23,2.51,218.44
2023,4,15,19,0,0,0,0,0,0,0,0,11.87,2.93,7.4,6.65,55.69,0,72.75,1.16,208.46,1.72,206.21
2023,4,15,20,0,0,0,0,0,0,0,0,11.4,2.69,7.05,6.53,56.44,0,72.77,0.59,189.83,0.82,183.27
2023,4,15,21,0,0,0,0,0,0,0,0,10.87,2.4,6.64,6.41,57.25,0,72.79,0.27,155.7,0.39,133.36
2023,4,15,22,0,0,0,0,0,0,0,0,10.33,2.28,6.3,6.35,58.88,0,72.79,0.14,128.16,0.31,84.14
2023,4,15,23,0,0,0,0,0,0,0,0,9.55,2.05,5.8,6.23,61.12,0,72.77,0.12,28.3,0.51,33.69
2023,4,16,0,0,0,0,0,0,0,0,0,8.71,1.51,5.12,6.04,62.38,0,72.73,0.27,16.86,0.9,26.34
2023,4,16,1,0,0,0,0,0,0,0,0,8.13,1.03,4.58,5.8,62.62,0,72.68,0.43,30.26,1.25,32.8
2023,4,16,2,0,0,0,0,0,0,0,0,7.55,0.5,4.02,5.62,62.56,0,72.62,0.62,36.29,1.53,35.88
2023,4,16,3,0,0,0,0,0,0,0,0,6.74,-0.28,3.23,5.31,62.44,0,72.59,0.8,36.31,1.72,35.78
2023,4,16,4,0,0,0,0,0,0,0,0,6.53,-1.09,2.73,5,60,0,72.57,0.88,39.61,1.82,38.74
2023,4,16,5,0,0,0,0,0,0,0,0,6.47,-2.11,2.18,4.7,56.25,0,72.57,0.96,44.67,1.84,43.45
2023,4,16,6,0.25,0.31,0.62,26.48,32.23,3.43,0.01,0.05,7.37,-1.98,2.69,4.76,54.06,0,72.59,0.81,51.69,1.69,48.74
2023,4,16,7,0.99,1.18,1.7,109.38,131.17,14.31,0.16,0.77,11.57,-2.95,4.3,4.52,38.56,0,72.63,0.65,72.44,0.95,67.67
2023,4,16,8,1.88,2.12,2.69,215.33,241.4,30.23,0.61,3.05,14.33,-4.38,4.97,4.03,28.94,0,72.66,1.36,197.08,1.67,197.67
2023,4,16,9,2.63,2.92,3.53,307.62,335.4,44.8,1.23,6.3,16.23,-4.74,5.74,3.91,24.56,0,72.68,2.67,209.04,3.32,209.04
2023,4,16,10,3.15,3.5,4.15,372.05,404.17,55.35,1.81,9.35,17.54,-3.66,6.94,4.15,24.25,0,72.69,3.55,212.22,4.41,212.25
2023,4,16,11,3.57,3.88,4.52,427.9,449.65,64.59,2.34,12.05,18.44,-2.34,8.05,4.58,25.06,0,72.65,4.21,212.95,5.24,212.96
2023,4,16,12,3.04,3.62,4.6,360.62,410.77,50.6,1.77,9.17,18.83,-0.94,8.94,5,26.88,0,72.61,4.7,214.03,5.9,214.09
2023,4,16,13,2.48,3.4,4.4,296.08,384.38,41.25,1.38,7.08,18.69,0.09,9.4,5.37,29.06,0,72.56,4.92,216.34,6.21,216.45
2023,4,16,14,2.1,2.89,3.93,245.12,324.73,33.33,1,5.12,18.16,0.73,9.44,5.62,31.38,0,72.51,4.9,219.12,6.22,219.19
2023,4,16,15,1.43,2.1,3.22,162.58,228.62,21.2,0.52,2.6,17.19,1.12,9.15,5.8,34.31,0,72.48,4.65,220.51,5.94,220.63
2023,4,16,16,0.94,1.31,2.31,102.05,140.12,12.97,0.22,1.05,15.86,1.32,8.59,5.86,37.88,0,72.47,4.07,220.72,5.23,220.88
2023,4,16,17,0.54,0.6,1.28,57.42,64.12,7.48,0.05,0.27,14.21,1.39,7.8,5.92,42.31,0,72.48,3.23,220.29,4.25,220.37
2023,4,16,18,0.08,0.07,0.25,6.7,7.05,0.95,0,0.02,11.54,2.69,7.12,6.53,55.75,0,72.5,1.62,218.14,2.56,218.3
2023,4,16,19,0,0,0,0,0,0,0,0,10.39,2.44,6.41,6.41,58.94,0,72.53,1.28,217.57,2.01,217.09
2023,4,16,20,0,0,0,0,0,0,0,0,10.12,1.98,6.05,6.16,57.88,0,72.56,1.16,218.96,1.7,218.66
2023,4,16,21,0,0,0,0,0,0,0,0,10,1.62,5.8,5.98,56.75,0,72.58,0.86,220.94,1.19,220.72
2023,4,16,22,0,0,0,0,0,0,0,0,9.8,1.39,5.6,5.92,56.62,0,72.58,0.39,220.97,0.5,220.6
2023,4,16,23,0,0,0,0,0,0,0,0,8.83,1.22,5.02,5.8,59.69,0,72.55,0.19,31.76,0.29,32.01
2023,4,17,0,0,0,0,0,0,0,0,0,7.78,1.04,4.4,5.74,63.25,0,72.52,0.54,33.23,0.85,32.67
2023,4,17,1,0,0,0,0,0,0,0,0,6.94,0.88,3.9,5.68,66.31,0,72.48,0.68,27.45,1.16,27.26
2023,4,17,2,0,0,0,0,0,0,0,0,6.35,0.65,3.51,5.62,67.94,0,72.45,0.76,22.35,1.38,22.94
2023,4,17,3,0,0,0,0,0,0,0,0,5.87,0.39,3.13,5.49,68.88,0,72.43,0.84,18.94,1.59,20.75
2023,4,17,4,0,0,0,0,0,0,0,0,5.44,0.1,2.77,5.37,69.44,0,72.45,0.92,18.9,1.77,21.71
2023,4,17,5,0,0,0,0,0,0,0,0,5.26,-0.27,2.5,5.25,68.44,0,72.47,0.97,21.63,1.9,24.35
2023,4,17,6,0.31,0.31,0.64,32.75,32.92,4.15,0.02,0.05,6.34,0.04,3.19,5.37,65.19,0,72.52,0.89,25.44,1.85,28.19
2023,4,17,7,1.17,1.16,1.72,128.4,130.15,16.26,0.18,0.88,10.77,-0.24,5.26,5.25,47.31,0,72.56,1.23,26.08,1.68,27.76
2023,4,17,8,2.07,2.09,2.71,237.33,241.23,32.97,0.66,3.27,14.01,-0.83,6.59,5,36.44,0,72.61,1.07,246.25,1.29,246.07
2023,4,17,9,2.82,2.89,3.54,331.12,336.9,48.12,1.33,6.67,16.08,-0.88,7.59,5,31.75,0,72.63,2.87,230.51,3.58,230.68
2023,4,17,10,3.31,3.5,4.16,395.35,409.05,58.9,1.95,10.08,17.48,-0.52,8.48,5.13,29.81,0,72.62,3.67,226.12,4.61,226.24
2023,4,17,11,3.5,3.86,4.52,422.3,452.4,64.51,2.32,12.23,18.51,-0.06,9.22,5.25,28.81,0,72.6,4.35,224.85,5.46,224.94
2023,4,17,12,3.38,3.73,4.61,405.05,432.3,58.85,2.08,10.92,18.95,0.25,9.6,5.37,28.62,0,72.57,4.75,225.2,5.98,225.32
2023,4,17,13,3.04,3.52,4.41,362.5,407.23,52.28,1.78,9.2,18.91,0.33,9.62,5.43,28.88,0,72.53,4.81,226.12,6.08,226.25
2023,4,17,14,2.49,3.04,3.93,294.8,350.55,41.83,1.27,6.55,18.64,0.34,9.49,5.43,29.38,0,72.51,4.59,227,5.81,227.13
2023,4,17,15,1.89,2.37,3.22,221.58,272.02,30.8,0.76,3.83,17.98,0.31,9.15,5.43,30.56,0,72.49,4.24,226.87,5.37,227
2023,4,17,16,1.14,1.54,2.32,129.27,174.75,17.38,0.3,1.45,16.84,0.26,8.55,5.43,32.75,0,72.51,3.76,226.6,4.82,226.84
2023,4,17,17,0.64,0.7,1.29,71.38,77.88,9.22,0.07,0.33,15.15,0.49,7.82,5.49,37.12,0,72.56,2.91,226.09,3.85,226.48
2023,4,17,18,0.08,0.08,0.25,7,8.38,1.02,0,0.02,12.25,2.33,7.29,6.35,51.81,0,72.62,1.41,220.74,2.27,222.91
2023,4,17,19,0,0,0,0,0,0,0,0,11.47,1.54,6.51,5.98,51.19,0,72.69,1.02,224.38,1.53,225.21
2023,4,17,20,0,0,0,0,0,0,0,0,11.48,1.22,6.35,5.8,49.94,0,72.77,0.65,228.42,0.88,229.34
2023,4,17,21,0,0,0,0,0,0,0,0,11.15,1.26,6.2,5.86,51.31,0,72.82,0.2,267.71,0.24,271.85
2023,4,17,22,0,0,0,0,0,0,0,0,10.12,1.04,5.58,5.74,54,0,72.82,0.28,6.52,0.49,10.95
2023,4,17,23,0,0,0,0,0,0,0,0,9.48,0.73,5.11,5.62,55.06,0,72.81,0.5,16.44,0.86,19.58
2023,4,18,0,0,0,0,0,0,0,0,0,8.86,0.48,4.66,5.49,56.44,0,72.76,0.63,14.38,1.1,18.56
2023,4,18,1,0,0,0,0,0,0,0,0,8.26,0.18,4.22,5.37,57.5,0,72.71,0.82,15.49,1.41,17.73
2023,4,18,2,0,0,0,0,0,0,0,0,7.63,-0.14,3.74,5.25,58.62,0,72.66,0.99,17.43,1.73,18.68
2023,4,18,3,0,0,0,0,0,0,0,0,6.99,-0.52,3.23,5.13,59.62,0,72.62,1.14,15.95,2.07,16.93
2023,4,18,4,0,0,0,0,0,0,0,0,6.39,-0.92,2.74,5,60.38,0,72.62,1.23,19.24,2.32,20.08
2023,4,18,5,0,0,0,0,0,0,0,0,6.08,-1.3,2.4,4.82,59.88,0,72.64,1.29,22.51,2.42,23.42
2023,4,18,6,0.33,0.33,0.66,34.98,35.15,4.34,0.02,0.08,7.48,-0.76,3.36,5.07,56.88,0,72.68,1.11,22.77,2.16,23.69
2023,4,18,7,1.22,1.22,1.73,134.92,137.48,17.07,0.19,0.92,12.19,-0.45,5.87,5.19,42.56,0,72.74,1.02,7.45,1.43,9.77
2023,4,18,8,2.13,2.14,2.72,244.33,247.08,33.85,0.68,3.35,15.19,-1.08,7.06,4.94,33.44,0,72.79,2.04,252.61,2.53,252.74
2023,4,18,9,2.84,2.93,3.55,332.8,340.17,48.07,1.32,6.62,17.01,-0.36,8.33,5.25,31.44,0,72.82,3.35,236.24,4.21,236.43
2023,4,18,10,3.15,3.52,4.17,373.2,410.6,55.81,1.83,9.4,18.36,0.53,9.44,5.55,30.69,0,72.83,4.18,229.02,5.29,229.07
2023,4,18,11,3.57,3.87,4.53,429.52,452.12,64.73,2.31,12,19.19,1.44,10.32,5.92,30.94,0,72.81,4.83,225.66,6.11,225.88
2023,4,18,12,2.98,3.61,4.61,356.02,414.35,50.21,1.74,9.02,19.3,2.11,10.7,6.16,32.12,0,72.77,5.14,224.63,6.51,224.85
2023,4,18,13,2.72,3.42,4.41,326.8,392.1,45.53,1.53,7.77,18.95,2.45,10.7,6.35,33.62,0,72.72,5.29,224.64,6.76,224.86
2023,4,18,14,2.39,2.94,3.94,280.05,334.73,38.37,1.15,5.88,18.37,2.63,10.5,6.41,35.38,0,72.67,5.32,225.77,6.85,226.06
2023,4,18,15,1.64,2.19,3.23,188.45,244.17,25.2,0.61,3.1,17.62,2.63,10.12,6.41,37.06,0,72.64,5.07,225.69,6.56,226.01
2023,4,18,16,1.03,1.44,2.33,115.1,158.3,15.21,0.26,1.25,16.66,2.5,9.58,6.35,39,0,72.63,4.54,224.37,5.92,224.63
2023,4,18,17,0.58,0.64,1.3,62.98,68.48,8.19,0.06,0.3,15.18,2.4,8.8,6.35,42.56,0,72.63,3.59,221.64,4.77,221.95
2023,4,18,18,0.07,0.07,0.26,5.95,7.8,0.84,0,0.02,12.4,3.51,7.96,6.9,55.62,0,72.67,1.82,215.05,2.85,216.87
2023,4,18,19,0,0,0,0,0,0,0,0,11.4,2.65,7.03,6.47,55.69,0,72.71,1.47,215.47,2.2,216.91
2023,4,18,20,0,0,0,0,0,0,0,0,11.2,2.01,6.61,6.16,53.94,0,72.77,1.17,222.56,1.59,224.2
2023,4,18,21,0,0,0,0,0,0,0,0,10.62,1.79,6.21,6.1,55.38,0,72.8,0.4,238.47,0.48,241.76
2023,4,18,22,0,0,0,0,0,0,0,0,9.45,1.19,5.32,5.86,57.44,0,72.77,0.21,74.93,0.49,61.39
2023,4,18,23,0,0,0,0,0,0,0,0,8.39,0.93,4.66,5.74,60.81,0,72.73,0.5,55.08,1.07,52.13
2023,4,19,0,0,0,0,0,0,0,0,0,7.44,0.69,4.07,5.68,63.88,0,72.68,0.69,39.47,1.5,40.99
2023,4,19,1,0,0,0,0,0,0,0,0,6.82,0.4,3.61,5.55,65.25,0,72.62,0.82,34.9,1.73,36.56
2023,4,19,2,0,0,0,0,0,0,0,0,6.38,0.07,3.23,5.43,65.62,0,72.56,0.89,33.97,1.83,35.25
2023,4,19,3,0,0,0,0,0,0,0,0,5.87,-0.38,2.74,5.25,65.81,0,72.52,0.98,28.21,2.03,30.32
2023,4,19,4,0,0,0,0,0,0,0,0,5.28,-0.95,2.17,5,65.62,0,72.49,1.09,26.38,2.32,28.38
2023,4,19,5,0,0,0,0,0,0,0,0,4.81,-1.74,1.54,4.7,63.69,0,72.47,1.19,26.57,2.54,28.06
2023,4,19,6,0.34,0.34,0.68,34.65,34.85,4.37,0.02,0.08,6.23,-1.39,2.42,4.88,59.31,0,72.47,1.19,25.72,2.47,27.86
2023,4,19,7,1.19,1.18,1.75,128.95,130.9,16.27,0.18,0.9,11.19,-2.25,4.48,4.52,39.56,0,72.49,1.94,23.99,2.6,25.03
2023,4,19,8,2.09,2.11,2.73,237.8,241.65,32.71,0.66,3.25,14.78,-2.06,6.36,4.64,32.06,0,72.5,0.9,302.59,1.08,303.23
2023,4,19,9,2.85,2.92,3.56,332.33,337.27,47.79,1.3,6.58,17.02,-1.6,7.71,4.82,28.94,0,72.51,2.35,241.56,2.87,241.55
2023,4,19,10,3.36,3.52,4.18,398.17,408.67,58.75,1.93,9.9,18.65,-0.85,8.9,5.07,27.5,0,72.5,3.64,228.57,4.54,228.55
2023,4,19,11,3.34,3.83,4.54,405.33,447.3,60.46,2.14,11.1,19.6,0.23,9.92,5.49,27.81,0,72.48,4.53,223.32,5.69,223.33
2023,4,19,12,2.85,3.43,4.62,338.02,388.5,45.24,1.53,7.92,19.94,1.18,10.56,5.8,29,0,72.44,5.03,221.79,6.33,221.85
2023,4,19,13,2.45,3.25,4.42,291.25,366.05,38.78,1.28,6.48,19.77,1.85,10.81,6.1,30.62,0,72.39,5.19,221.83,6.57,221.92
2023,4,19,14,1.81,2.8,3.94,210.25,313.4,28.95,0.86,4.42,19.32,2.01,10.66,6.16,31.81,0,72.33,5.24,222.88,6.67,223.05
2023,4,19,15,1.38,2.07,3.23,158.2,224.9,20.53,0.5,2.55,18.43,1.73,10.08,6.04,33,0,72.29,5.01,224.62,6.44,224.75
2023,4,19,16,0.99,1.38,2.33,111.33,149.67,14.7,0.25,1.23,17.16,1.37,9.26,5.92,34.81,0,72.26,4.5,225.91,5.85,226.14
2023,4,19,17,0.46,0.64,1.3,52.2,67.9,6.93,0.05,0.27,15.55,1.34,8.45,5.86,38.56,0,72.26,3.62,225.35,4.85,225.65
2023,4,19,18,0.07,0.08,0.27,6.35,7.98,0.87,0,0.02,12.82,3.2,8.01,6.77,53.12,0,72.28,1.81,220.98,2.91,222.5
2023,4,19,19,0,0,0,0,0,0,0,0,11.53,3.52,7.53,6.96,59.25,0,72.31,1.38,221.79,2.43,223.3
2023,4,19,20,0,0,0,0,0,0,0,0,11.24,3.26,7.25,6.84,59.38,0,72.35,1.43,219.89,2.32,221.04
2023,4,19,21,0,0,0,0,0,0,0,0,11.13,3.35,7.24,6.9,60.31,0,72.38,1.35,213.69,2.08,214.59
2023,4,19,22,0,0,0,0,0,0,0,0,11.01,3.51,7.26,6.96,61.38,0,72.38,1.29,208.89,1.9,209.1
2023,4,19,23,0,0,0,0,0,0,0,0,10.69,3.29,6.99,6.84,61.56,0,72.36,1.29,207.34,1.84,207.22
2023,4,20,0,0,0,0,0,0,0,0,0,10.65,3.3,6.98,6.84,61.69,0,72.32,1.25,207.53,1.75,207.02
2023,4,20,1,0,0,0,0,0,0,0,0,10.44,3.06,6.75,6.77,61.75,0,72.28,0.91,196.89,1.28,197.44
2023,4,20,2,0,0,0,0,0,0,0,0,9.37,2.87,6.12,6.65,65.44,0,72.22,0.52,176.53,0.7,171.69
2023,4,20,3,0,0,0,0,0,0,0,0,8.51,2.69,5.6,6.59,68.44,0,72.18,0.2,115.56,0.35,97.59
2023,4,20,4,0,0,0,0,0,0,0,0,7.86,2.5,5.18,6.47,70.56,0,72.16,0.38,40.86,0.69,41.31
2023,4,20,5,0,0,0,0,0,0,0,0,6.98,2.3,4.64,6.41,73.94,0,72.17,0.62,33.08,1.16,34.33
2023,4,20,6,0.36,0.37,0.7,39.88,40.9,5,0.02,0.08,7.87,2.43,5.15,6.47,70.44,0,72.2,0.47,15.42,1.16,26.39
2023,4,20,7,1.24,1.29,1.76,142.85,149.62,19.21,0.23,1.17,11.81,1.9,6.86,6.29,52.31,0,72.26,0.8,357.19,1.05,0
2023,4,20,8,2.16,2.22,2.74,254.5,261.55,37.15,0.81,4.02,14.54,1.16,7.85,5.92,41.5,0,72.3,1.45,261.3,1.8,261.03
2023,4,20,9,2.74,2.99,3.57,329.62,353.45,49.64,1.46,7.45,16.3,1.04,8.67,5.86,36.5,0,72.34,2.73,238.81,3.37,238.85
2023,4,20,10,2.6,3.53,4.18,319.9,416.38,48.74,1.69,8.62,17.27,1.62,9.44,6.1,35.75,0,72.36,3.75,231,4.66,231.06
2023,4,20,11,2.4,3.86,4.54,297.7,455.77,45.89,1.73,8.77,17.95,2.35,10.15,6.41,36.06,0,72.33,4.48,229.81,5.62,229.85
2023,4,20,12,1.94,3.74,4.63,251.73,438.52,36.69,1.36,6.92,18.45,2.83,10.64,6.65,36.12,0,72.3,5.16,230.59,6.55,230.61
2023,4,20,13,1.05,3.55,4.42,142.05,415.65,20.93,0.73,3.67,18.7,2.87,10.78,6.65,35.56,0,72.24,5.88,231.53,7.56,231.59
2023,4,20,14,1.21,3.1,3.95,154.77,362.33,22.62,0.72,3.73,18.86,2.4,10.63,6.41,33.88,0,72.17,6.69,232.17,8.73,232.31
2023,4,20,15,1.01,2.43,3.24,128.9,283.45,19.04,0.51,2.62,18.16,1.01,9.58,5.74,31.94,0,72.11,7.09,234.87,9.41,235
2023,4,20,16,0.34,1.61,2.34,42.83,185.77,6.16,0.12,0.55,17.05,-0.95,8.05,5,29.62,0,72.1,6.39,239.77,8.56,240
2023,4,20,17,0.19,0.74,1.31,22.67,82.58,3.32,0.03,0.15,15.51,-2.4,6.55,4.46,29.25,0,72.11,4.78,242.64,6.48,243.06
2023,4,20,18,0.07,0.09,0.27,6.45,9.52,0.94,0,0.02,11.89,-0.61,5.64,5.13,42.75,0,72.15,2.12,239,3.46,240.66
2023,4,20,19,0,0,0,0,0,0,0,0,10.37,-0.49,4.94,5.19,47.88,0,72.19,1.59,239.04,2.59,240.96
2023,4,20,20,0,0,0,0,0,0,0,0,10.23,-1.14,4.55,4.94,46.12,0,72.24,1.3,243.9,1.91,245.85
2023,4,20,21,0,0,0,0,0,0,0,0,10.13,-1.45,4.34,4.82,45.25,0,72.28,0.9,253.44,1.22,255.96
2023,4,20,22,0,0,0,0,0,0,0,0,9.61,-1.29,4.15,4.88,47.44,0,72.3,0.45,272.01,0.57,278.69
2023,4,20,23,0,0,0,0,0,0,0,0,8.73,-1.18,3.77,4.94,50.75,0,72.28,0.22,334.36,0.39,353.16
2023,4,21,0,0,0,0,0,0,0,0,0,7.9,-1.16,3.37,4.94,53.75,0,72.23,0.49,30.65,0.85,31.78
2023,4,21,1,0,0,0,0,0,0,0,0,7.31,-1.15,3.08,4.94,56.06,0,72.19,0.64,37.01,1.1,36.95
2023,4,21,2,0,0,0,0,0,0,0,0,6.58,-1.38,2.59,4.88,58.06,0,72.16,0.75,35.68,1.35,35.81
2023,4,21,3,0,0,0,0,0,0,0,0,5.7,-1.88,1.9,4.7,59.5,0,72.14,0.88,28.16,1.68,29.18
2023,4,21,4,0,0,0,0,0,0,0,0,5.17,-2.41,1.38,4.52,59.31,0,72.12,0.98,26.57,1.93,28.22
2023,4,21,5,0,0,0,0,0,0,0,0,5.08,-2.86,1.11,4.39,57.75,0,72.15,0.97,26.36,1.89,27.52
2023,4,21,6,0.21,0.37,0.72,25.9,40.17,3.41,0.02,0.08,6.32,-2.37,1.98,4.58,55.81,0,72.22,0.67,23.29,1.52,26.57
2023,4,21,7,0.66,1.26,1.78,80.58,143.92,11.73,0.16,0.77,10.51,-4.59,2.96,3.91,35.81,0,72.29,0.73,320.19,0.95,325.01
2023,4,21,8,1.06,2.13,2.76,130.35,248.33,19.55,0.45,2.23,13.06,-5.25,3.9,3.66,28.19,0,72.35,2.07,268.92,2.59,268.62
2023,4,21,9,1.24,2.9,3.58,159.33,340.35,24.31,0.72,3.73,14.67,-4.53,5.07,3.85,26.75,0,72.38,2.7,250.94,3.34,250.89
2023,4,21,10,1.46,3.5,4.19,195.05,412.6,30.63,1.05,5.3,15.53,-3.96,5.78,3.97,26.31,0,72.38,3.28,235.48,4.04,235.63
2023,4,21,11,2.06,3.83,4.55,272.92,452.7,42.33,1.56,7.8,15.98,-3.18,6.4,4.21,27,0.01,72.37,3.92,226.05,4.87,226.11
2023,4,21,12,0.88,3.67,4.63,126.25,426.45,16.6,0.56,2.88,16.57,-2.4,7.08,4.46,27.5,0.02,72.33,4.75,219.93,5.96,220
2023,4,21,13,1.24,3.49,4.43,161.6,402.52,24.49,0.89,4.5,16.25,-1.58,7.33,4.76,29.88,0.05,72.27,5.64,218.76,7.22,218.85
2023,4,21,14,0.5,3.03,3.96,70.48,348.73,9.44,0.28,1.45,15.37,-0.64,7.36,5.13,33.94,0.07,72.22,5.87,219.54,7.58,219.65
2023,4,21,15,0.31,2.39,3.25,42.6,273.95,5.84,0.15,0.75,14.6,0.05,7.32,5.37,37.56,0.07,72.18,5.75,220.59,7.47,220.72
2023,4,21,16,0.28,1.58,2.35,35.7,178.75,5.3,0.1,0.48,13.6,0.16,6.88,5.43,40.44,0.07,72.15,5.47,221.7,7.19,221.83
2023,4,21,17,0.29,0.74,1.32,34.08,81.48,5.02,0.05,0.23,12.32,0.52,6.42,5.62,45.25,0.24,72.16,4.66,220.79,6.2,220.91
2023,4,21,18,0.08,0.09,0.28,7.08,9.58,1.05,0,0.02,9.96,2.03,5.99,6.35,59.75,0.09,72.19,2.62,217.86,3.86,218.17
2023,4,21,19,0,0,0,0,0,0,0,0,8.83,2.01,5.42,6.29,64.25,0.12,72.23,1.95,212.93,2.89,212.74
2023,4,21,20,0,0,0,0,0,0,0,0,8.73,1.75,5.24,6.16,63.5,0.11,72.27,1.59,199.24,2.22,197.61
2023,4,21,21,0,0,0,0,0,0,0,0,8.11,1.99,5.05,6.29,67.38,0.09,72.28,1.09,179.18,1.58,173.47
2023,4,21,22,0,0,0,0,0,0,0,0,6.94,2.03,4.48,6.29,73.25,0.06,72.26,0.74,158.31,1.18,143.36
2023,4,21,23,0,0,0,0,0,0,0,0,5.62,1.76,3.69,6.23,78.94,0.04,72.23,0.46,142.55,0.95,108.14
2023,4,22,0,0,0,0,0,0,0,0,0,4.66,1.38,3.02,6.04,82.25,0.01,72.19,0.38,97.13,1.15,74.16
2023,4,22,1,0,0,0,0,0,0,0,0,3.87,0.86,2.37,5.86,83.81,0,72.13,0.55,63.07,1.48,57.32
2023,4,22,2,0,0,0,0,0,0,0,0,3.22,0.32,1.77,5.62,84.44,0,72.09,0.68,51.95,1.66,50.54
2023,4,22,3,0,0,0,0,0,0,0,0,2.84,-0.17,1.33,5.43,83.56,0,72.07,0.73,54.61,1.71,52.97
2023,4,22,4,0,0,0,0,0,0,0,0,2.75,-0.63,1.06,5.25,81.25,0,72.07,0.73,59.04,1.6,56.93
2023,4,22,5,0,0,0,0,0,0,0,0,2.94,-0.97,0.98,5.07,77.94,0,72.1,0.7,63.43,1.38,61.98
2023,4,22,6,0.34,0.41,0.74,36.15,42.35,4.75,0.02,0.08,4.71,-0.23,2.24,5.43,73.06,0,72.15,0.44,90,0.94,76.54
2023,4,22,7,0.77,1.28,1.79,86.42,141.27,11.66,0.13,0.65,7.97,0.24,4.11,5.55,60.31,0,72.22,1.23,170.84,1.55,170.39
2023,4,22,8,1.58,2.16,2.77,181.73,244,25.62,0.52,2.6,10.03,0.5,5.26,5.68,53.5,0,72.29,2.66,198.33,3.33,198.48
2023,4,22,9,2.3,2.99,3.59,274.08,344.12,40.62,1.11,5.58,11.37,0.29,5.83,5.55,48.06,0.01,72.34,3.22,211.3,4,211.42
2023,4,22,10,2.55,3.57,4.2,311.73,413.33,47.05,1.53,7.83,12.32,0.32,6.32,5.55,45.12,0.01,72.37,3.7,217.02,4.57,217.09
2023,4,22,11,2.74,3.93,4.56,335.27,456.88,51.12,1.8,9.38,13.07,0.58,6.82,5.68,43.81,0.01,72.35,4.07,219.47,5.03,219.52
2023,4,22,12,2.56,3.93,4.64,319.25,457.27,48.27,1.71,8.92,13.58,0.83,7.2,5.8,43.12,0.01,72.31,4.35,219.83,5.41,219.85
2023,4,22,13,2.47,3.74,4.43,303,432.85,45.98,1.57,8,13.69,0.86,7.28,5.8,42.88,0.01,72.26,4.57,220.08,5.7,220.11
2023,4,22,14,1.96,3.21,3.96,235.38,367.62,34.46,1.04,5.3,13.55,0.68,7.12,5.74,42.56,0.02,72.21,4.73,219.9,5.93,219.98
2023,4,22,15,1.49,2.5,3.25,175.45,282.88,25.08,0.62,3.08,12.99,0.19,6.59,5.49,42.56,0.03,72.17,4.66,218.46,5.9,218.49
2023,4,22,16,0.91,1.68,2.35,104.02,187.98,14.44,0.24,1.2,12.15,-0.19,5.98,5.37,43.75,0.04,72.16,4.47,215.75,5.71,215.76
2023,4,22,17,0.44,0.8,1.33,49.35,86.6,6.7,0.05,0.25,10.84,-0.54,5.15,5.19,46.38,0.05,72.16,4.05,212.46,5.28,212.37
2023,4,22,18,0.09,0.1,0.29,8.52,10.5,1.23,0.01,0.02,8.49,0.51,4.5,5.68,59.12,0.29,72.19,2.46,208.19,3.63,207.56
2023,4,22,19,0,0,0,0,0,0,0,0,6.91,0.83,3.87,5.8,67.19,0.33,72.22,1.88,204.54,3.09,203.26
2023,4,22,20,0,0,0,0,0,0,0,0,6.58,0.62,3.6,5.68,67.44,0.26,72.26,1.79,204.55,2.93,203.42
2023,4,22,21,0,0,0,0,0,0,0,0,6.45,-0.18,3.13,5.31,63.81,0.14,72.29,1.78,205.55,2.73,204.29
2023,4,22,22,0,0,0,0,0,0,0,0,6.41,-0.96,2.73,5,60.25,0.08,72.28,1.58,204.28,2.3,203.25
2023,4,22,23,0,0,0,0,0,0,0,0,6.35,-1.43,2.46,4.82,58.44,0.05,72.26,1.16,201.37,1.7,200.77
2023,4,23,0,0,0,0,0,0,0,0,0,6.24,-1.6,2.33,4.76,58.31,0.02,72.23,0.68,190.66,1,191.22
2023,4,23,1,0,0,0,0,0,0,0,0,5.55,-1.63,1.96,4.76,61.12,0.02,72.19,0.36,164.74,0.57,167.3
2023,4,23,2,0,0,0,0,0,0,0,0,4.96,-1.54,1.71,4.82,64.19,0.01,72.17,0.38,124.02,0.59,125.8
2023,4,23,3,0,0,0,0,0,0,0,0,4.02,-1.65,1.19,4.76,67.94,0.01,72.17,0.43,103.54,0.71,105.26
2023,4,23,4,0,0,0,0,0,0,0,0,3.46,-1.69,0.88,4.76,70.5,0,72.19,0.46,89.03,0.75,91.79
2023,4,23,5,0,0,0,0,0,0,0,0,3.01,-1.67,0.67,4.76,72.88,0,72.22,0.46,73.39,0.75,76.69
2023,4,23,6,0.36,0.39,0.76,37.6,39.95,4.99,0.02,0.1,4.19,-0.7,1.75,5.19,72.75,0.01,72.26,0.25,77.28,0.58,66.9
2023,4,23,7,1.09,1.27,1.81,119.52,138.85,15.97,0.2,0.98,7.32,-0.53,3.4,5.31,59.94,0,72.32,0.37,228.47,0.43,227.94
2023,4,23,8,2.05,2.21,2.78,232.65,248.58,32.93,0.7,3.45,9.64,-1.99,3.82,4.76,45.88,0,72.36,1.68,233.5,2.05,233.52
2023,4,23,9,2.34,2.97,3.6,274.65,337.73,39.99,1.12,5.7,11.65,-3.27,4.19,4.33,36.5,0,72.39,2.72,226.74,3.35,226.89
2023,4,23,10,2.47,3.53,4.21,296.02,401.55,43.59,1.44,7.4,13.15,-3.24,4.95,4.33,33.06,0,72.4,3.69,221.22,4.57,221.32
2023,4,23,11,2.77,3.84,4.57,337.15,437.6,49.99,1.79,9.17,14.06,-2.48,5.79,4.52,32.75,0,72.4,4.44,218.36,5.53,218.41
2023,4,23,12,2.26,3.78,4.64,279.23,429.48,40.61,1.46,7.52,14.33,-1.56,6.39,4.82,34.19,0,72.37,4.7,217.98,5.86,218.02
2023,4,23,13,2.36,3.58,4.44,282.73,406.4,41.45,1.45,7.42,14.15,-0.77,6.69,5.13,36.62,0.02,72.34,4.65,218.52,5.82,218.56
2023,4,23,14,2.03,3.09,3.97,238.23,349.08,34.53,1.09,5.58,13.6,-0.35,6.62,5.25,39.19,0.02,72.32,4.46,219.1,5.58,219.15
2023,4,23,15,1.5,2.37,3.26,173.2,263.67,24.66,0.64,3.25,12.74,0,6.37,5.43,42.75,0.04,72.3,4.09,219.89,5.14,219.88
2023,4,23,16,1,1.63,2.36,115.85,181.38,16.22,0.29,1.42,11.63,0.3,5.96,5.55,47.06,0.15,72.31,3.6,219.53,4.54,219.41
2023,4,23,17,0.41,0.74,1.34,45.35,79.08,6.05,0.05,0.25,10.23,0.58,5.4,5.68,52.81,0.32,72.34,2.97,217.29,3.8,217.06
2023,4,23,18,0.08,0.09,0.29,7.7,9.45,1.06,0,0.02,8.69,1.23,4.96,5.98,61.75,0.34,72.38,2,217.05,2.73,215.69
2023,4,23,19,0,0,0,0,0,0,0,0,7.49,2.13,4.81,6.41,72,0.37,72.43,1.15,218.66,1.77,214.04
2023,4,23,20,0,0,0,0,0,0,0,0,6.69,1.91,4.3,6.29,74.75,0.33,72.48,0.95,219.32,1.48,214.87
2023,4,23,21,0,0,0,0,0,0,0,0,6.25,1.78,4.01,6.23,76,0.22,72.52,0.67,225.47,0.98,222.43
2023,4,23,22,0,0,0,0,0,0,0,0,5.69,1.7,3.69,6.16,78.44,0.11,72.54,0.27,273.27,0.45,268.99
2023,4,23,23,0,0,0,0,0,0,0,0,4.98,1.58,3.28,6.1,81.81,0.05,72.52,0.37,330.71,0.63,328.67
2023,4,24,0,0,0,0,0,0,0,0,0,4.51,1.38,2.95,6.04,83.31,0.02,72.5,0.46,343.11,0.82,343.3
2023,4,24,1,0,0,0,0,0,0,0,0,4.32,1.12,2.72,5.92,83,0.01,72.47,0.51,348.52,0.89,348.89
2023,4,24,2,0,0,0,0,0,0,0,0,4.23,0.83,2.52,5.86,81.88,0.01,72.44,0.52,352.23,0.88,352.37
2023,4,24,3,0,0,0,0,0,0,0,0,4.11,0.57,2.33,5.74,81.12,0.01,72.43,0.52,357.44,0.85,356.85
2023,4,24,4,0,0,0,0,0,0,0,0,3.86,0.33,2.09,5.68,81.44,0.01,72.45,0.52,0.87,0.83,359.46
2023,4,24,5,0,0,0,0,0,0,0,0,3.42,0.03,1.73,5.55,82.62,0.01,72.48,0.56,3.22,0.91,1.97
2023,4,24,6,0.21,0.31,0.78,24.83,31.35,3.2,0.02,0.08,4.1,0.37,2.23,5.74,81.19,0,72.52,0.63,12.99,1.09,9.94
2023,4,24,7,0.5,1.04,1.82,60.67,109.95,8.48,0.11,0.52,6.75,0.49,3.62,5.8,68.44,0,72.56,0.9,5.46,1.17,4.6
2023,4,24,8,0.87,1.92,2.79,109.02,211.12,15.42,0.33,1.65,9.58,-0.65,4.47,5.31,51.88,0,72.61,0.29,164.48,0.36,163.54
2023,4,24,9,1.31,2.65,3.61,166.52,296.5,23.3,0.64,3.35,11.95,-1.77,5.09,4.82,40.38,0,72.65,2.58,193.83,3.23,193.87
2023,4,24,10,1.79,3.27,4.22,229.55,371.45,32.3,1.05,5.25,13.08,-1.16,5.96,5,38.88,0.03,72.68,4.07,201.88,5.14,202.16
2023,4,24,11,1.28,3.65,4.57,173.52,416.73,24.95,0.85,4.25,13.23,0.04,6.64,5.43,41.69,0.09,72.68,4.66,206.39,5.9,206.6
2023,4,24,12,1.07,3.69,4.65,149.35,422.65,21.71,0.75,3.77,12.88,0.99,6.94,5.8,45.56,0.17,72.67,4.85,208.38,6.15,208.55
2023,4,24,13,1.19,3.51,4.44,172.42,406.58,24.89,0.83,4.15,12.23,1.67,6.94,6.1,50,0.31,72.65,4.99,208.73,6.35,208.84
2023,4,24,14,0.4,3.02,3.97,59.48,351.85,8.55,0.24,1.23,11.51,2.09,6.8,6.29,54.06,0.53,72.6,5.06,210.33,6.49,210.46
2023,4,24,15,0.74,2.37,3.26,100.8,273.75,15.44,0.4,2.05,10.64,2.27,6.45,6.41,58.06,0.74,72.56,4.73,213.06,6.08,213.1
2023,4,24,16,0.61,1.55,2.37,75.58,174.88,11.02,0.2,0.98,9.67,2.37,6.02,6.47,62.44,0.75,72.55,4.15,215.66,5.36,215.75
2023,4,24,17,0.32,0.69,1.34,36.67,74.67,5.2,0.04,0.2,8.5,2.53,5.51,6.59,68.69,0.69,72.56,3.45,217.36,4.51,217.47
2023,4,24,18,0.09,0.09,0.3,8.67,9.73,1.25,0.01,0.02,7.26,3.16,5.21,6.96,78.88,0.3,72.58,2.38,217.55,3.23,217.53
2023,4,24,19,0,0,0,0,0,0,0,0,6.37,3.72,5.05,7.26,87.88,0.22,72.6,1.44,210.75,2.17,211
2023,4,24,20,0,0,0,0,0,0,0,0,6.01,3.63,4.82,7.2,89.44,0.14,72.64,1.23,204.29,1.96,204.22
2023,4,24,21,0,0,0,0,0,0,0,0,5.48,3.45,4.47,7.08,91.12,0.09,72.67,1.21,196.45,1.96,195.76
2023,4,24,22,0,0,0,0,0,0,0,0,4.99,3.28,4.14,6.96,92.81,0.07,72.68,1.14,186.3,1.86,186.26
2023,4,24,23,0,0,0,0,0,0,0,0,4.4,2.96,3.68,6.84,94.88,0.06,72.67,1.13,184.76,1.85,184.6
2023,4,25,0,0,0,0,0,0,0,0,0,3.9,2.48,3.19,6.59,95.25,0.04,72.65,0.91,178.04,1.41,177.46
2023,4,25,1,0,0,0,0,0,0,0,0,3.19,1.98,2.58,6.41,96.62,0.03,72.6,0.46,161.26,0.66,151.61
2023,4,25,2,0,0,0,0,0,0,0,0,2.32,1.4,1.86,6.1,98.44,0.02,72.56,0.23,93.81,0.53,74.52
2023,4,25,3,0,0,0,0,0,0,0,0,1.58,0.65,1.11,5.8,98.44,0.01,72.54,0.41,56.61,0.96,50.61
2023,4,25,4,0,0,0,0,0,0,0,0,1.01,-0.22,0.4,5.43,96.25,0.01,72.54,0.61,49.16,1.37,45.46
2023,4,25,5,0,0,0,0,0,0,0,0,0.74,-1.27,-0.26,5.07,90.88,0,72.56,0.82,48.46,1.73,45.73
2023,4,25,6,0.34,0.35,0.8,34.83,35.77,4.76,0.02,0.08,2.62,-1.29,0.66,5.07,80,0,72.6,0.86,55.01,1.67,51.26
2023,4,25,7,1.1,1.17,1.83,119.05,126.48,16.01,0.19,0.92,6.36,-1.98,2.19,4.82,58.69,0,72.65,0.88,92.53,1.13,89.2
2023,4,25,8,1.91,2.11,2.8,217.98,238,30.95,0.63,3.12,8.93,-2.45,3.24,4.58,46.69,0,72.69,1.83,187.37,2.22,187.47
2023,4,25,9,2.12,2.9,3.62,254.27,331.75,37.33,1.02,5.15,10.73,-2.57,4.08,4.46,40.44,0,72.72,2.89,203.44,3.59,203.44
2023,4,25,10,2.06,3.44,4.22,255.62,394.45,37.95,1.23,6.23,12.05,-2,5.02,4.64,38.44,0,72.73,3.62,208.89,4.52,208.96
2023,4,25,11,2.21,3.78,4.58,271.05,436.35,40.25,1.41,7.15,12.87,-1.25,5.81,4.88,38.38,0,72.7,4.17,211.04,5.19,211.08
2023,4,25,12,2.49,3.83,4.65,313.65,443.73,46.23,1.64,8.38,13.28,-0.48,6.4,5.19,39.44,0.02,72.64,4.52,211.93,5.65,211.96
2023,4,25,13,2.28,3.64,4.45,283.48,420.75,41.9,1.43,7.23,13.25,0.05,6.65,5.37,41.06,0.04,72.58,4.65,213.29,5.84,213.26
2023,4,25,14,1.81,3.18,3.97,224.45,367.15,33.02,1,5.1,12.83,0.47,6.65,5.55,43.56,0.06,72.52,4.58,214.99,5.76,215
2023,4,25,15,1.33,2.51,3.27,165.38,287.98,24.16,0.61,3.08,12.1,0.68,6.39,5.62,46.38,0.06,72.48,4.31,217.41,5.45,217.36
2023,4,25,16,0.87,1.67,2.37,102.35,188.08,14.37,0.25,1.23,11.08,0.82,5.95,5.74,50.19,0.05,72.46,3.83,219.37,4.88,219.35
2023,4,25,17,0.53,0.81,1.35,59.25,88.17,8.16,0.06,0.33,9.83,0.94,5.38,5.74,55.12,0.04,72.47,3.11,221.13,4.03,221.23
2023,4,25,18,0.1,0.1,0.31,9.45,10.77,1.37,0.01,0.02,8.19,1.62,4.9,6.1,65.25,0.03,72.49,1.76,221.04,2.55,221.4
2023,4,25,19,0,0,0,0,0,0,0,0,7.23,2.16,4.69,6.41,72.81,0.02,72.51,1.03,218.52,1.74,220.07
2023,4,25,20,0,0,0,0,0,0,0,0,6.85,1.69,4.27,6.1,71.81,0.01,72.54,0.89,221.42,1.38,222.01
2023,4,25,21,0,0,0,0,0,0,0,0,6.35,1.08,3.72,5.86,70.81,0,72.56,0.6,230.29,0.92,229.82
2023,4,25,22,0,0,0,0,0,0,0,0,6.04,0.77,3.4,5.74,70.81,0,72.56,0.34,262.06,0.5,257.47
2023,4,25,23,0,0,0,0,0,0,0,0,5.28,0.54,2.91,5.62,73.5,0,72.55,0.23,340.35,0.33,339.44
2023,4,26,0,0,0,0,0,0,0,0,0,4.48,0.31,2.4,5.55,76.5,0,72.53,0.41,27.05,0.66,26.57
2023,4,26,1,0,0,0,0,0,0,0,0,3.75,0.08,1.92,5.43,79.38,0,72.49,0.52,35.84,0.92,34.63
2023,4,26,2,0,0,0,0,0,0,0,0,3.21,-0.16,1.52,5.37,81.12,0,72.46,0.58,35.18,1.1,34.59
2023,4,26,3,0,0,0,0,0,0,0,0,2.62,-0.42,1.1,5.25,83,0,72.43,0.71,31.07,1.46,31.91
2023,4,26,4,0,0,0,0,0,0,0,0,2.18,-0.83,0.67,5.13,82.94,0,72.41,0.94,28.27,1.91,29.72
2023,4,26,5,0,0,0,0,0,0,0,0,1.84,-1.47,0.19,4.88,80.88,0,72.41,1.11,30,2.2,30.75
2023,4,26,6,0.39,0.38,0.82,38.8,38.8,5.1,0.02,0.1,3.88,-1.22,1.33,5,71.62,0,72.45,1.01,31.35,1.91,31.48
2023,4,26,7,1.23,1.24,1.85,131.25,134.73,16.86,0.2,1,8.19,-1.16,3.51,5,53.44,0,72.51,0.42,10.68,0.57,12.7
2023,4,26,8,2.06,2.17,2.82,233.52,245.1,32.38,0.67,3.35,10.75,-0.84,4.95,5.13,46.31,0,72.53,1.54,232.84,1.87,232.46
2023,4,26,9,2.46,2.93,3.63,288.77,334.85,41.27,1.16,6.1,12.75,-0.73,6.01,5.13,40.62,0,72.55,3.02,220.49,3.77,220.46
2023,4,26,10,2.88,3.5,4.23,345.4,404.85,50.21,1.66,8.35,14.16,-0.14,7.01,5.31,38.31,0,72.56,4.27,217.65,5.39,217.7
2023,4,26,11,3.08,3.86,4.58,369.02,448.5,54.94,1.97,9.95,14.74,0.68,7.71,5.62,38.88,0,72.55,4.88,216.92,6.14,216.99
2023,4,26,12,3.11,3.86,4.66,379.5,447.23,55.44,2.02,10.23,14.63,1.23,7.93,5.8,40.62,0,72.51,4.97,216.56,6.26,216.68
2023,4,26,13,2.62,3.65,4.45,314.5,420.35,46.27,1.61,8.05,14.35,1.55,7.95,5.98,42.31,0.01,72.46,4.95,216.53,6.26,216.63
2023,4,26,14,2.41,3.21,3.98,287.23,369.17,42.22,1.33,6.83,13.83,1.72,7.77,6.04,44.44,0.01,72.41,4.81,218.81,6.11,218.88
2023,4,26,15,1.72,2.53,3.27,202.4,287.7,29.52,0.77,3.95,12.87,1.8,7.34,6.1,47.69,0.02,72.37,4.36,220.13,5.54,220.25
2023,4,26,16,1.02,1.64,2.38,115.98,182,16.12,0.29,1.42,11.77,1.69,6.73,6.1,50.94,0.02,72.36,3.82,220.53,4.88,220.65
2023,4,26,17,0.55,0.78,1.36,62.3,83.7,8.48,0.07,0.35,10.62,1.63,6.12,6.04,54.88,0.02,72.38,3.13,221.36,4.05,221.48
2023,4,26,18,0.09,0.1,0.32,8.77,10.75,1.23,0.01,0.02,9.05,2.17,5.62,6.35,63.81,0.01,72.41,1.86,218.7,2.64,219.72
2023,4,26,19,0,0,0,0,0,0,0,0,7.78,1.76,4.77,6.16,67.44,0.01,72.44,1.31,216.53,1.9,217.67
2023,4,26,20,0,0,0,0,0,0,0,0,7.33,1.51,4.42,6.04,68.12,0,72.5,1.09,217.69,1.53,218.39
2023,4,26,21,0,0,0,0,0,0,0,0,7.12,1.42,4.27,5.98,68.69,0,72.53,0.54,218.53,0.75,217.82
2023,4,26,22,0,0,0,0,0,0,0,0,6.15,1.22,3.69,5.86,72.31,0,72.53,0.1,63.43,0.18,66.8
2023,4,26,23,0,0,0,0,0,0,0,0,5.2,1.06,3.13,5.8,76.5,0,72.5,0.4,56.93,0.68,55.22
2023,4,27,0,0,0,0,0,0,0,0,0,4.26,0.85,2.56,5.74,80.5,0,72.47,0.49,54.04,0.9,52.73
2023,4,27,1,0,0,0,0,0,0,0,0,3.3,0.52,1.91,5.62,84.31,0,72.44,0.55,47.89,1.17,46.08
2023,4,27,2,0,0,0,0,0,0,0,0,2.74,0.03,1.39,5.43,84.56,0,72.4,0.62,47.05,1.44,45.22
2023,4,27,3,0,0,0,0,0,0,0,0,2.48,-0.63,0.92,5.13,81.88,0,72.38,0.69,43.15,1.6,42.24
2023,4,27,4,0,0,0,0,0,0,0,0,2.28,-1.49,0.4,4.82,77.75,0,72.39,0.78,40.91,1.76,40.85
2023,4,27,5,0,0,0,0,0,0,0,0,2.29,-2.45,-0.08,4.46,72.19,0,72.44,0.83,38.91,1.75,39.38
2023,4,27,6,0.3,0.37,0.83,32.73,37.6,4.41,0.02,0.08,4.06,-2.09,0.98,4.64,65.88,0,72.51,0.62,36.29,1.44,37.74
2023,4,27,7,0.85,1.18,1.86,93.92,125.25,12.7,0.16,0.8,8.14,-1.73,3.21,4.76,51.25,0,72.56,0.61,34.09,0.86,34.99
2023,4,27,8,1.4,2.06,2.83,162.15,228.2,22.55,0.48,2.45,10.7,-1.56,4.58,4.94,44.56,0,72.6,1.35,225.7,1.65,225.57
2023,4,27,9,2.14,2.88,3.64,251.92,326.62,36.03,1.03,5.48,12.71,-1.66,5.53,4.88,38.56,0,72.63,2.87,221.14,3.55,221.26
2023,4,27,10,2.41,3.34,4.24,285.8,376.65,40.12,1.32,6.62,14.13,-1.02,6.55,5,36.38,0,72.64,3.76,218.92,4.65,218.93
2023,4,27,11,2.35,3.79,4.59,291.62,435.33,42.73,1.52,7.6,15.04,-0.09,7.48,5.31,36.31,0,72.63,4.38,217.24,5.45,217.36
2023,4,27,12,2.01,3.57,4.66,246.75,400.83,33.3,1.16,5.88,15.33,0.67,8,5.62,37.44,0,72.59,4.91,215.61,6.17,215.72
2023,4,27,13,1.88,3.33,4.45,223.08,369.8,32,1.11,5.52,14.31,0.83,7.57,5.68,40.31,0,72.55,5.18,215.85,6.6,216.04
2023,4,27,14,1.75,2.9,3.98,207.83,322.1,28.3,0.88,4.48,12.9,0.64,6.76,5.62,43.62,0,72.5,4.81,216.55,6.23,216.68
2023,4,27,15,1.26,2.03,3.28,142.38,214.9,18.51,0.46,2.35,12.12,0.51,6.32,5.55,45.5,0,72.46,4.26,216.43,5.51,216.64
2023,4,27,16,0.73,1.36,2.38,81.67,142.88,10.53,0.18,0.9,11.62,0.48,6.05,5.55,47,0,72.44,3.84,216.57,4.96,216.74
2023,4,27,17,0.44,0.56,1.37,46.42,56.98,5.92,0.05,0.25,10.85,0.48,5.67,5.55,49.56,0,72.44,3.33,216.98,4.34,217.18
2023,4,27,18,0.09,0.09,0.32,7.9,8.95,1.07,0,0.02,8.97,1.36,5.16,5.98,60.44,0,72.47,1.95,215.72,2.88,216.5
2023,4,27,19,0,0,0,0,0,0,0,0,7.71,1.04,4.37,5.8,64.12,0,72.51,1.36,215.15,2.06,215.56
2023,4,27,20,0,0,0,0,0,0,0,0,7.48,0.69,4.08,5.68,63.56,0,72.54,0.95,213.56,1.39,213.51
2023,4,27,21,0,0,0,0,0,0,0,0,7.17,0.53,3.85,5.62,64.19,0,72.57,0.48,199.9,0.72,200.99
2023,4,27,22,0,0,0,0,0,0,0,0,6.13,0.33,3.23,5.49,67.94,0,72.58,0.2,106.26,0.28,117.98
2023,4,27,23,0,0,0,0,0,0,0,0,5.01,0.14,2.57,5.43,72.5,0.01,72.58,0.38,64.49,0.58,66.9
2023,4,28,0,0,0,0,0,0,0,0,0,4.03,-0.06,1.99,5.37,76.75,0.01,72.57,0.53,54.66,0.95,53.7
2023,4,28,1,0,0,0,0,0,0,0,0,3.17,-0.34,1.41,5.31,80,0.01,72.54,0.63,50.56,1.32,48.85
2023,4,28,2,0,0,0,0,0,0,0,0,2.63,-0.79,0.92,5.13,80.44,0.01,72.51,0.71,43.67,1.59,43.2
2023,4,28,3,0,0,0,0,0,0,0,0,2.28,-1.42,0.44,4.88,78.56,0.01,72.49,0.8,34.62,1.76,35.8
2023,4,28,4,0,0,0,0,0,0,0,0,1.93,-2.17,-0.12,4.58,76.12,0,72.48,0.9,30.11,1.98,31.74
2023,4,28,5,0,0,0,0,0,0,0,0,1.6,-3.07,-0.74,4.27,72.75,0,72.49,1.08,28.05,2.29,29.45
2023,4,28,6,0.37,0.37,0.85,37.12,37.62,4.86,0.02,0.08,3.65,-2.85,0.4,4.39,64.25,0,72.51,1.15,27.43,2.2,28.38
2023,4,28,7,1.17,1.17,1.87,124.23,127.08,15.68,0.16,0.83,7.97,-3.35,2.31,4.21,45.56,0,72.54,1.45,15.31,1.86,16.31
2023,4,28,8,2.01,2.06,2.84,225.85,232.5,30.4,0.57,2.83,11.3,-2.43,4.44,4.52,39.25,0,72.58,1.7,249.32,2.08,249.12
2023,4,28,9,2.64,2.85,3.64,305.85,325.58,42.92,1.09,5.42,13.3,-1.42,5.94,4.88,37.12,0,72.61,3.25,232.52,4.06,232.58
2023,4,28,10,2.88,3.41,4.24,338.05,392.58,48.47,1.45,7.3,14.64,-0.12,7.26,5.37,37.31,0,72.61,4.09,228.79,5.15,228.94
2023,4,28,11,2.87,3.73,4.59,348.05,429.62,50.32,1.66,8.33,15.49,1.02,8.26,5.8,38.19,0,72.58,4.61,226.65,5.79,226.75
2023,4,28,12,2.42,3.34,4.66,285.52,370.12,36.27,1.16,5.88,15.79,1.98,8.88,6.16,40.06,0.02,72.53,5.07,223.81,6.41,223.91
2023,4,28,13,2.14,3.17,4.46,245.67,350.15,32.5,1,5,15.16,2.69,8.93,6.53,43.88,0.03,72.49,5.35,221.68,6.83,221.75
2023,4,28,14,2.01,2.72,3.99,225.15,297.73,29.3,0.81,4.12,13.9,3.01,8.45,6.65,48.62,0.05,72.45,5.25,221.32,6.79,221.55
2023,4,28,15,1.34,2.07,3.28,152.5,224.15,19.94,0.46,2.33,12.69,3.18,7.94,6.77,53.38,0.06,72.41,4.87,221.23,6.35,221.41
2023,4,28,16,0.81,1.19,2.39,86.88,121.45,10.84,0.16,0.83,11.74,3.24,7.49,6.77,57.19,0.07,72.39,4.36,221,5.72,221.18
2023,4,28,17,0.43,0.51,1.38,44.15,52.1,5.36,0.03,0.17,10.8,3.29,7.04,6.84,61.31,0.09,72.39,3.51,220.21,4.63,220.41
2023,4,28,18,0.08,0.08,0.33,7.1,7.98,0.89,0,0,9.58,3.72,6.65,7.14,69.12,0.41,72.41,2.18,215.97,3.05,216.58
2023,4,28,19,0,0,0,0,0,0,0,0,8.51,3.54,6.02,7.02,73.44,0.66,72.44,1.46,208.07,2.08,208.2
2023,4,28,20,0,0,0,0,0,0,0,0,8.1,3.39,5.74,6.96,74.81,0.56,72.47,0.97,189.31,1.36,187.94
2023,4,28,21,0,0,0,0,0,0,0,0,7.44,3.36,5.4,6.96,78.19,0.28,72.49,0.55,161.05,0.81,156.66
2023,4,28,22,0,0,0,0,0,0,0,0,7.05,3.37,5.2,6.96,80.44,0.15,72.5,0.38,129.96,0.59,129.61
2023,4,28,23,0,0,0,0,0,0,0,0,6.46,3.38,4.92,7.02,84,0.09,72.48,0.3,114.57,0.49,122.68
2023,4,29,0,0,0,0,0,0,0,0,0,6.16,3.55,4.86,7.08,87.12,0.05,72.45,0.29,91.55,0.52,94.33
2023,4,29,1,0,0,0,0,0,0,0,0,5.87,3.54,4.7,7.14,88.94,0.02,72.42,0.3,88.53,0.59,86.99
2023,4,29,2,0,0,0,0,0,0,0,0,5.62,3.48,4.55,7.08,90,0.01,72.4,0.3,88.49,0.6,85.54
2023,4,29,3,0,0,0,0,0,0,0,0,5.28,3.36,4.32,7.02,91.38,0,72.38,0.31,92.86,0.65,87.93
2023,4,29,4,0,0,0,0,0,0,0,0,4.79,3.16,3.98,6.9,93.19,0,72.38,0.36,86.27,0.79,81.47
2023,4,29,5,0,0,0,0,0,0,0,0,4.33,2.85,3.59,6.77,93.94,0,72.4,0.41,79.11,0.94,74.58
2023,4,29,6,0.19,0.33,0.87,21.48,34.4,2.9,0.01,0.05,5.64,3.13,4.39,6.9,87.69,0,72.44,0.46,75.26,0.97,69.66
2023,4,29,7,0.62,1.13,1.88,73.4,122.27,10.25,0.12,0.62,8.39,3.37,5.88,7.02,73.62,0,72.48,0.6,102.77,0.8,99.55
2023,4,29,8,1.15,2.01,2.84,138.02,225.62,19.6,0.41,2.08,10.27,2.92,6.59,6.71,62.56,0,72.54,1.31,197.03,1.63,197.83
2023,4,29,9,1.76,2.79,3.65,211.27,318.75,30.37,0.84,4.35,11.38,2.65,7.02,6.59,56.81,0,72.59,2.42,206.48,3,206.57
2023,4,29,10,2.16,3.32,4.25,260.58,379.77,37.31,1.19,5.95,12.66,2.69,7.68,6.59,52.19,0.02,72.62,3.14,207.71,3.9,207.69
2023,4,29,11,1.96,3.71,4.6,246.27,429.45,36.67,1.27,6.3,13.69,2.98,8.33,6.71,49.69,0.09,72.61,4.02,208.56,5.02,208.52
2023,4,29,12,1.61,3.64,4.67,210.77,421.55,29.74,1.01,5.08,13.7,3.35,8.52,6.84,50.88,0.3,72.58,4.69,208.57,5.93,208.56
2023,4,29,13,1.68,3.44,4.46,212.85,395.45,30.43,1.01,5,13.56,3.67,8.62,7.02,52.56,0.7,72.54,5.1,209.86,6.52,209.88
2023,4,29,14,1.32,2.93,3.99,166.2,333.88,23.64,0.71,3.6,13.08,3.92,8.5,7.14,55.19,1.22,72.49,5.23,211.74,6.75,211.76
2023,4,29,15,1.08,2.2,3.29,132.17,245.52,18.52,0.46,2.3,12.4,4.18,8.3,7.32,58.75,1.08,72.43,5.11,212.38,6.65,212.38
2023,4,29,16,0.72,1.36,2.4,81.65,146.23,11.35,0.2,0.95,11.57,4.37,7.97,7.39,63,1,72.39,4.62,212.16,6.09,212.16
2023,4,29,17,0.39,0.6,1.38,41.42,62.73,5.59,0.04,0.23,10.45,4.88,7.66,7.69,70.62,0.93,72.39,3.66,209.85,4.92,209.7
2023,4,29,18,0.08,0.08,0.34,7.45,8.73,1.02,0,0.02,9.11,5.92,7.51,8.36,83.94,0.68,72.41,2.32,204.06,3.35,203.04
2023,4,29,19,0,0,0,0,0,0,0,0,8.26,5.97,7.12,8.42,89.12,0.74,72.44,1.8,198.51,2.81,196.62
2023,4,29,20,0,0,0,0,0,0,0,0,7.66,5.55,6.61,8.12,90,0.75,72.49,1.66,196.13,2.77,193.88
2023,4,29,21,0,0,0,0,0,0,0,0,7.42,5.4,6.41,8.06,90.5,0.72,72.52,1.48,195.28,2.52,193.09
2023,4,29,22,0,0,0,0,0,0,0,0,6.94,5.07,6,7.87,91.62,0.62,72.53,1.36,193.24,2.37,190.27
2023,4,29,23,0,0,0,0,0,0,0,0,6.49,4.75,5.62,7.69,92.31,0.43,72.52,1.35,191.31,2.31,188.38
2023,4,30,0,0,0,0,0,0,0,0,0,6.23,4.51,5.37,7.57,92.38,0.28,72.49,1.18,186.47,1.88,180.48
2023,4,30,1,0,0,0,0,0,0,0,0,5.83,4.3,5.07,7.45,93.25,0.15,72.43,0.87,173.83,1.36,161.88
2023,4,30,2,0,0,0,0,0,0,0,0,5.13,3.86,4.49,7.2,95,0.04,72.39,0.63,164.05,0.98,147.7
2023,4,30,3,0,0,0,0,0,0,0,0,4.3,3.38,3.84,7.02,97.94,0.02,72.35,0.43,129.81,0.94,106.93
2023,4,30,4,0,0,0,0,0,0,0,0,4.12,3.08,3.6,6.9,97.38,0.03,72.33,0.43,97.39,1.07,84.54
2023,4,30,5,0,0,0,0,0,0,0,0,4.12,2.71,3.41,6.71,94.5,0.02,72.32,0.5,80.1,1.25,73.27
2023,4,30,6,0.07,0.32,0.89,8.95,34,0.91,0,0.02,5.48,2.88,4.18,6.77,86.94,0.02,72.34,0.52,89.13,1.06,81.51
2023,4,30,7,0.67,1.03,1.89,76.1,110.25,10.62,0.14,0.67,7.26,3.2,5.23,6.9,78.19,0.08,72.4,0.82,121.43,1.13,118.52
2023,4,30,8,0.95,1.85,2.85,115.17,204.9,16.34,0.34,1.73,8,3.55,5.77,7.02,76.12,0.22,72.44,1.09,145.18,1.43,144.57
2023,4,30,9,1.08,2.61,3.66,135.5,294.02,19.05,0.51,2.62,8.83,3.73,6.28,7.14,72.69,0.43,72.47,1.21,164.97,1.53,164.34
2023,4,30,10,0.92,3.12,4.26,118.1,351.5,17.22,0.52,2.6,9.43,3.98,6.71,7.2,70.94,0.71,72.48,1.79,186.01,2.24,185.39
2023,4,30,11,1.62,3.56,4.6,210.3,408,29.87,0.98,4.9,9.89,4.72,7.3,7.63,72.5,0.98,72.45,2.51,194.82,3.14,194.69
2023,4,30,12,1.2,3.5,4.67,160.52,399.05,22.86,0.73,3.67,9.79,5.3,7.54,7.93,76,1,72.4,3.47,204.6,4.42,204.57
2023,4,30,13,1.07,3.3,4.47,141.73,374.83,20.44,0.64,3.15,9.01,5.5,7.26,8.06,81.25,0.65,72.39,3.75,209.98,4.81,210.02
2023,4,30,14,0.75,2.47,3.99,97.77,263.67,13.18,0.35,1.77,8.34,5.58,6.96,8.12,85.75,0.4,72.34,3.31,209.41,4.24,209.26
2023,4,30,15,0.7,2.11,3.29,89.3,233.05,12.84,0.3,1.52,8.12,5.58,6.85,8.18,87.19,0.28,72.32,3.39,210.58,4.36,210.56
2023,4,30,16,0.46,1.33,2.4,56.42,143.05,8.12,0.13,0.65,7.8,5.62,6.71,8.18,89.62,0.17,72.31,3.15,211.52,4.05,211.42
2023,4,30,17,0.25,0.59,1.39,29.7,62.23,4.3,0.03,0.15,7.34,5.53,6.44,8.18,92.06,0.11,72.34,2.56,208.21,3.29,208.09
2023,4,30,18,0.08,0.08,0.35,7.45,8.8,0.97,0,0.02,6.41,5.38,5.9,8.12,97.69,0.05,72.37,1.51,196.19,1.98,194.42
2023,4,30,19,0,0,0,0,0,0,0,0,5.57,4.98,5.27,7.93,100,0.05,72.41,0.81,164.89,1.14,157.47
2023,4,30,20,0,0,0,0,0,0,0,0,5.15,4.53,4.83,7.69,100,0.07,72.45,0.56,149.17,0.89,137.49
2023,4,30,21,0,0,0,0,0,0,0,0,4.88,4.02,4.45,7.45,99.81,0.1,72.46,0.42,138.81,0.73,120.96
2023,4,30,22,0,0,0,0,0,0,0,0,4.86,3.54,4.2,7.2,96.56,0.13,72.45,0.36,142.88,0.68,115.97
2023,4,30,23,0,0,0,0,0,0,0,0,4.88,3.25,4.07,7.02,94.25,0.13,72.39,0.31,144.29,0.59,111.8
2023,5,1,0,0,0,0,0,0,0,0,0,4.84,3.08,3.97,6.96,93.19,0.11,72.33,0.24,145.78,0.5,99.9
2023,5,1,1,0,0,0,0,0,0,0,0,4.48,2.78,3.62,6.77,93.12,0.08,72.26,0.19,112.25,0.57,75.77
2023,5,1,2,0,0,0,0,0,0,0,0,4.16,2.46,3.31,6.59,92.75,0.04,72.22,0.28,91.59,0.77,72.85
2023,5,1,3,0,0,0,0,0,0,0,0,4.11,2.31,3.21,6.53,92,0.03,72.21,0.34,88.67,0.79,76.24
2023,5,1,4,0,0,0,0,0,0,0,0,4.36,2.17,3.26,6.47,89.44,0.02,72.25,0.33,123.31,0.55,120.96
2023,5,1,5,0.02,0.01,0.05,0.9,1,0.14,0,0,4.21,2.12,3.16,6.41,90.06,0.03,72.31,0.46,157.83,0.7,157.14
2023,5,1,6,0.19,0.3,0.86,21.1,32.35,2.81,0.02,0.05,5.04,2.94,3.99,6.84,90.44,0,72.37,0.52,175.73,0.7,163.18
2023,5,1,7,0.2,1.05,1.91,23.6,114,3.41,0.04,0.2,7.1,3.8,5.44,7.26,83.31,0,72.43,0.66,194.36,0.88,195.52
2023,5,1,8,0.79,1.9,2.86,100.42,213,15.42,0.34,1.7,8.98,3.56,6.27,7.14,72,0,72.48,1.59,226.59,2.01,226.1
2023,5,1,9,1.19,2.77,3.67,156.12,320.15,23.2,0.65,3.35,10.17,2.73,6.45,6.65,62.25,0,72.52,2.57,222.53,3.19,222.52
2023,5,1,10,2.08,3.41,4.26,267.67,399.23,40.1,1.32,6.6,10.71,2.46,6.58,6.53,58.69,0,72.54,3.08,216.64,3.83,216.71
2023,5,1,11,1.41,3.77,4.61,193,443.45,30.05,1.05,5.23,10.9,2.52,6.72,6.53,58,0,72.52,3.36,212.84,4.19,212.98
2023,5,1,12,2.18,3.77,4.68,284.85,443.6,42.32,1.49,7.55,10.71,2.65,6.68,6.59,59.19,0,72.48,3.52,211.01,4.42,211.1
2023,5,1,13,2.41,3.62,4.47,305.9,425.12,45.55,1.57,7.8,10.16,2.8,6.48,6.65,62.06,0,72.43,3.46,209.92,4.36,210.01
2023,5,1,14,1.15,3.15,4,154.62,367.77,23.77,0.72,3.67,9.7,2.94,6.32,6.71,64.81,0,72.39,3.36,209.18,4.24,209.12
2023,5,1,15,1.16,2.4,3.3,147.42,275.52,21.78,0.56,2.85,9.31,2.99,6.15,6.77,66.94,0,72.37,3.15,207.14,3.97,207.02
2023,5,1,16,0.79,1.59,2.41,91.98,178.42,13.43,0.26,1.25,8.83,3,5.91,6.77,69.31,0,72.35,2.89,203.44,3.64,203.38
2023,5,1,17,0.25,0.79,1.4,30.92,86.73,4.65,0.04,0.2,8.02,3.23,5.62,6.96,74.69,0,72.35,2.57,197.33,3.31,197.32
2023,5,1,18,0.1,0.12,0.35,10.73,12.7,1.58,0.01,0.02,6.8,3.6,5.2,7.14,83.94,0,72.39,1.77,192.75,2.45,191.38
2023,5,1,19,0,0,0,0,0,0,0,0,5.73,3.81,4.77,7.32,92.69,0,72.43,1.12,181.2,1.75,176.68
2023,5,1,20,0,0,0,0,0,0,0,0,5.08,3.82,4.45,7.39,97.62,0,72.47,0.95,163.8,1.56,157.03
2023,5,1,21,0,0,0,0,0,0,0,0,4.7,3.52,4.12,7.26,98.56,0,72.5,0.89,156.6,1.38,146.31
2023,5,1,22,0,0,0,0,0,0,0,0,4.37,2.9,3.64,6.96,96.56,0,72.51,0.78,150.61,1.18,137.14
2023,5,1,23,0,0,0,0,0,0,0,0,3.98,1.98,2.98,6.53,93.31,0,72.49,0.61,142.25,0.93,127.83
2023,5,2,0,0,0,0,0,0,0,0,0,3.55,0.83,2.19,6.04,89,0,72.46,0.44,128.5,0.71,109.23
2023,5,2,1,0,0,0,0,0,0,0,0,3.2,-0.35,1.42,5.62,84.31,0,72.4,0.34,95.31,0.7,78.44
2023,5,2,2,0,0,0,0,0,0,0,0,2.87,-1.29,0.8,5.25,80.75,0,72.34,0.44,59.38,0.98,54.41
2023,5,2,3,0,0,0,0,0,0,0,0,2.52,-2.21,0.15,4.88,76.88,0,72.28,0.67,44.06,1.37,42.91
2023,5,2,4,0,0,0,0,0,0,0,0,2.37,-3.13,-0.38,4.52,71.81,0,72.25,0.85,40.14,1.59,38.22
2023,5,2,5,0.02,0.01,0.05,0.98,1.12,0.16,0,0,2.73,-3.74,-0.5,4.27,66.12,0,72.27,0.89,37.87,1.53,36.69
2023,5,2,6,0.22,0.32,0.87,24.58,34.35,3.48,0.02,0.08,4.48,-2.33,1.08,4.7,64.5,0,72.34,0.6,50.29,1.04,45.3
2023,5,2,7,0.62,1.08,1.92,73,117.1,10.59,0.15,0.73,7.43,-1.42,3.01,5,56.56,0,72.42,0.9,204.11,1.11,203.3
2023,5,2,8,0.97,1.94,2.87,118.42,218.2,17.91,0.41,2,9.06,0.17,4.62,5.55,56.19,0,72.47,2.1,210.56,2.6,210.49
2023,5,2,9,1.16,2.71,3.68,148.2,310.6,22.11,0.63,3.27,10.33,0.8,5.57,5.8,53.56,0,72.5,2.73,209.64,3.38,209.65
2023,5,2,10,1.45,3.33,4.27,188.42,386,28.46,0.95,4.73,10.82,1.23,6.02,5.92,53.19,0,72.52,3.28,207.66,4.07,207.65
2023,5,2,11,1.55,3.66,4.61,204.92,425.55,30.99,1.1,5.52,10.76,1.47,6.12,6.04,54.19,0,72.53,3.49,205.02,4.37,205.1
2023,5,2,12,1.69,3.62,4.68,217.52,418.33,32.5,1.15,5.83,10.87,1.64,6.26,6.1,54.25,0,72.51,3.38,201.7,4.2,201.84
2023,5,2,13,1.7,3.49,4.47,214.67,403.27,32.35,1.12,5.58,11.25,1.7,6.48,6.1,53.06,0,72.46,3.23,200.67,4.01,200.77
2023,5,2,14,1.65,3.03,4,208.42,348.55,31.21,0.98,5.02,11.49,1.78,6.64,6.1,52.44,0,72.41,3.08,200.64,3.81,200.67
2023,5,2,15,1.14,2.33,3.3,145.55,264.42,21.69,0.57,2.88,11.6,1.86,6.73,6.16,52.38,0,72.36,3.04,200.49,3.76,200.43
2023,5,2,16,0.66,1.54,2.42,83.25,170.95,12.34,0.23,1.12,11.35,2.02,6.69,6.23,53.94,0,72.33,2.94,200.56,3.66,200.6
2023,5,2,17,0.43,0.74,1.41,50.12,79.48,7.18,0.06,0.3,10.15,2.4,6.27,6.47,60.12,0,72.34,2.77,199.1,3.51,198.96
2023,5,2,18,0.11,0.11,0.36,10.62,12.1,1.54,0.01,0.02,8.19,3.04,5.62,6.77,72.19,0,72.38,1.93,192.63,2.6,192.15
2023,5,2,19,0,0,0,0,0,0,0,0,6.52,3.5,5.01,7.08,84.38,0,72.44,0.84,185.87,1.31,179.66
2023,5,2,20,0,0,0,0,0,0,0,0,5.83,3.51,4.67,7.08,88.75,0,72.5,0.48,166.87,0.74,142.28
2023,5,2,21,0,0,0,0,0,0,0,0,5.43,3.06,4.25,6.84,88.25,0,72.54,0.27,152.7,0.55,106.62
2023,5,2,22,0,0,0,0,0,0,0,0,5.28,2.21,3.74,6.41,83.5,0,72.55,0.22,136.47,0.5,98.13
2023,5,2,23,0,0,0,0,0,0,0,0,5.14,1.31,3.23,5.98,79.06,0,72.54,0.16,104.04,0.39,84.29
2023,5,3,0,0,0,0,0,0,0,0,0,4.94,0.83,2.89,5.8,77.44,0,72.53,0.02,243.43,0.23,35.31
2023,5,3,1,0,0,0,0,0,0,0,0,4.76,0.51,2.63,5.68,76.56,0,72.5,0.11,309.29,0.5,14.47
2023,5,3,2,0,0,0,0,0,0,0,0,4.76,0.25,2.51,5.55,75.12,0,72.46,0.24,23.2,0.83,31.89
2023,5,3,3,0,0,0,0,0,0,0,0,4.73,0.26,2.5,5.55,75.25,0,72.42,0.38,35.68,0.96,37.06
2023,5,3,4,0,0,0,0,0,0,0,0,4.69,0.42,2.55,5.62,76.5,0,72.41,0.33,39.29,0.87,40.27
2023,5,3,5,0.02,0.01,0.06,1,1.12,0.16,0,0,4.58,0.69,2.63,5.74,78.5,0,72.44,0.26,46.22,0.65,45.97
2023,5,3,6,0.25,0.32,0.88,26.38,33.38,3.59,0.02,0.08,5.36,1.23,3.3,5.92,77.19,0,72.5,0.46,49.82,0.68,51.03
2023,5,3,7,0.76,1.06,1.93,84.6,112.83,11.91,0.16,0.8,7.04,3.11,5.08,6.77,78.5,0,72.56,0.36,142.13,0.46,143.33
2023,5,3,8,1.14,1.96,2.88,135.62,219.27,19.34,0.44,2.17,8.87,4.55,6.7,7.51,76.62,0,72.61,1.84,205.15,2.34,205.88
2023,5,3,9,1.73,2.83,3.68,217.9,327,32.52,0.98,5.17,10.99,4.9,7.94,7.69,68.25,0,72.65,3.06,216.17,3.83,216.45
2023,5,3,10,2.14,3.39,4.27,262.58,393.9,38.91,1.34,6.7,12.43,4.78,8.61,7.63,61.44,0,72.66,3.64,217.58,4.53,217.78
2023,5,3,11,2.86,3.76,4.61,354.27,438.77,52.42,1.95,9.85,13.55,4.74,9.15,7.57,56.88,0,72.64,4.16,217.21,5.19,217.23
2023,5,3,12,2.34,3.92,4.68,301.4,462.65,46.65,1.77,9.1,13.94,4.9,9.41,7.69,56.06,0,72.6,4.56,216.14,5.71,216.21
2023,5,3,13,2.12,3.69,4.48,272.12,434.08,41.69,1.51,7.52,13.53,5.19,9.37,7.87,58.88,0,72.55,4.7,215.67,5.93,215.62
2023,5,3,14,1.9,3.22,4.01,241,378.1,36.7,1.2,6.17,12.57,5.43,9,8,63.81,0,72.52,4.6,215.47,5.83,215.5
2023,5,3,15,1.34,2.51,3.31,169.25,291.27,25.5,0.7,3.55,11.76,5.52,8.65,8.06,67.62,0,72.49,4.04,211.57,5.11,211.62
2023,5,3,16,0.65,1.65,2.42,83.05,187.38,12.37,0.23,1.15,11.28,5.34,8.31,7.93,68.94,0,72.47,3.49,206.57,4.41,206.61
2023,5,3,17,0.4,0.77,1.42,48.42,83.42,7.03,0.06,0.33,10.39,5.2,7.8,7.87,72.44,0,72.47,2.88,200.01,3.66,200.21
2023,5,3,18,0.09,0.12,0.37,9.15,12.73,1.3,0.01,0.02,9,5.15,7.07,7.87,79.44,0.04,72.5,1.91,185.87,2.52,185.87
2023,5,3,19,0,0,0,0,0,0,0,0,7.76,5.23,6.5,7.93,87.31,0.06,72.53,0.97,166.52,1.41,163.97
2023,5,3,20,0,0,0,0,0,0,0,0,7.02,4.92,5.97,7.81,90.19,0.09,72.57,0.66,164.98,0.96,153.85
2023,5,3,21,0,0,0,0,0,0,0,0,6.49,4.16,5.33,7.39,88.75,0.12,72.59,0.43,158.59,0.69,134.08
2023,5,3,22,0,0,0,0,0,0,0,0,6.41,3.51,4.97,7.08,85.25,0.15,72.59,0.5,162.7,0.8,135.8
2023,5,3,23,0,0,0,0,0,0,0,0,6.2,3.39,4.8,7.02,85.75,0.2,72.57,0.5,159.86,0.8,141.78
2023,5,4,0,0,0,0,0,0,0,0,0,5.73,3.38,4.56,7.02,88.69,0.22,72.54,0.5,131.86,0.79,130.97
2023,5,4,1,0,0,0,0,0,0,0,0,5.3,3.48,4.39,7.08,92.38,0.2,72.5,0.58,102.53,0.85,105.95
2023,5,4,2,0,0,0,0,0,0,0,0,5.19,3.78,4.48,7.26,95.69,0.15,72.45,0.59,101.46,0.9,104.04
2023,5,4,3,0,0,0,0,0,0,0,0,5.18,4.1,4.64,7.51,98.38,0.08,72.41,0.44,118.37,0.73,116.57
2023,5,4,4,0,0,0,0,0,0,0,0,5.11,4.3,4.7,7.63,100,0.03,72.4,0.29,132.8,0.54,119.54
2023,5,4,5,0.02,0.01,0.06,1.23,1.2,0.17,0,0,5.12,4.34,4.73,7.63,100,0.01,72.42,0.19,114.44,0.43,98.43
2023,5,4,6,0.22,0.29,0.9,24.27,30.85,3.45,0.02,0.08,6.27,4.56,5.41,7.69,93.56,0.09,72.46,0.27,104.83,0.45,97
2023,5,4,7,0.25,0.96,1.94,30.55,99.55,4.39,0.06,0.3,7.76,4.57,6.17,7.63,83.88,0.15,72.5,0.5,150.26,0.65,148.21
2023,5,4,8,0.5,1.73,2.89,63.73,184.7,9.17,0.2,1,9.13,4.53,6.83,7.63,76.31,0.38,72.54,0.88,183.04,1.14,184.34
2023,5,4,9,0.8,2.5,3.69,105.9,274.1,15.69,0.44,2.33,11.26,4.65,7.96,7.69,66.81,0.94,72.55,1.78,205.55,2.23,206.03
2023,5,4,10,1.24,3.15,4.28,160.02,351.1,23.59,0.77,3.85,12.87,4.9,8.88,7.81,60.94,1.68,72.54,2.84,211.94,3.51,212.17
2023,5,4,11,1.24,3.63,4.62,161.55,414.5,24.13,0.86,4.35,13.59,5.48,9.54,8.12,60.31,1.73,72.52,3.96,213.16,4.93,213.24
2023,5,4,12,2.08,4.05,4.69,273.4,479.27,44.13,1.69,8.7,13.37,5.96,9.66,8.36,63.31,1.27,72.5,4.57,214.83,5.75,214.77
2023,5,4,13,1.96,3.83,4.48,250.88,451.27,40.74,1.48,7.42,12.74,6.32,9.53,8.61,67.56,0.79,72.47,4.58,215.78,5.8,215.79
2023,5,4,14,1.95,3.34,4.01,240.67,392.95,37.97,1.25,6.38,12.31,6.4,9.35,8.61,69.81,0.42,72.42,4.37,216.19,5.51,216.24
2023,5,4,15,1.46,2.65,3.31,182,309.7,28.19,0.77,3.95,11.92,6.22,9.07,8.54,70.69,0.21,72.38,3.94,215.8,4.95,215.82
2023,5,4,16,0.84,1.78,2.43,102.8,204.83,15.26,0.29,1.45,11.27,5.84,8.55,8.3,71.94,0.16,72.35,3.44,215.57,4.33,215.61
2023,5,4,17,0.49,0.9,1.42,55.08,100.62,7.73,0.07,0.35,10.21,5.47,7.83,8.12,75.38,0.13,72.35,2.78,215.52,3.52,215.42
2023,5,4,18,0.11,0.14,0.38,10.85,15,1.59,0.01,0.02,8.58,5.37,6.98,8.12,84.25,0.09,72.37,1.75,213.9,2.35,213.9
2023,5,4,19,0,0,0,0,0,0,0,0,7.26,5.23,6.25,8.12,92,0.06,72.4,0.89,210.62,1.31,210.38
2023,5,4,20,0,0,0,0,0,0,0,0,6.51,5.08,5.8,8,95.81,0.03,72.43,0.3,187.5,0.36,182.49
2023,5,4,21,0,0,0,0,0,0,0,0,5.53,4.68,5.11,7.81,99.75,0.02,72.46,0.21,79.51,0.44,69.33
2023,5,4,22,0,0,0,0,0,0,0,0,4.73,4.21,4.48,7.57,100,0.01,72.45,0.38,59.24,0.8,56.15
2023,5,4,23,0,0,0,0,0,0,0,0,4.15,3.47,3.8,7.2,100,0.01,72.41,0.56,51.84,1.08,49.98
2023,5,5,0,0,0,0,0,0,0,0,0,3.65,2.51,3.08,6.71,98.12,0.01,72.37,0.71,45.44,1.36,44.3
2023,5,5,1,0,0,0,0,0,0,0,0,3.13,1.29,2.21,6.16,93.5,0.01,72.31,0.93,40.24,1.7,39.97
2023,5,5,2,0,0,0,0,0,0,0,0,2.58,-0.08,1.26,5.62,87.94,0.01,72.25,1.11,36.15,2.01,36.47
2023,5,5,3,0,0,0,0,0,0,0,0,2.23,-1.55,0.34,5,80.44,0.01,72.2,1.25,32.99,2.24,33.47
2023,5,5,4,0,0,0,0,0,0,0,0,2.03,-3.07,-0.52,4.39,72.31,0,72.18,1.32,30.21,2.38,30.51
2023,5,5,5,0.02,0.01,0.07,1.3,1.4,0.2,0,0,2.26,-4.56,-1.15,3.91,62.94,0,72.19,1.31,26.87,2.32,27.08
2023,5,5,6,0.36,0.35,0.91,34.42,35,4.68,0.02,0.1,4.74,-2.76,0.99,4.58,61.75,0,72.24,1.08,23.96,1.91,23.94
2023,5,5,7,1.15,1.16,1.95,118.3,120.83,15.32,0.22,1.08,8.63,-2.43,3.1,4.7,48.62,0,72.29,0.72,356.89,0.93,357.11
2023,5,5,8,2.04,2.08,2.9,223.33,228.7,30.23,0.7,3.45,11.38,-1.06,5.16,5.25,45.38,0,72.33,1.94,242.71,2.41,242.77
2023,5,5,9,2.83,2.9,3.69,321.3,326.8,45.11,1.34,6.95,13.19,-0.19,6.5,5.55,42.62,0,72.35,3.04,231.98,3.83,231.96
2023,5,5,10,3.42,3.43,4.28,388.48,387.8,55.07,1.88,10.05,14.52,0.95,7.73,5.98,41.88,0,72.34,3.73,227.38,4.69,227.43
2023,5,5,11,3.54,3.89,4.62,420.85,446.8,62.19,2.36,12.73,15.4,2.09,8.75,6.41,42.5,0,72.32,4.32,225.88,5.43,225.93
2023,5,5,12,3.43,4.03,4.69,424.6,474.38,64.88,2.52,13.65,15.78,3.31,9.55,6.96,44.75,0,72.28,4.48,225.99,5.62,226.07
2023,5,5,13,3.26,3.87,4.48,399.85,455.1,61.81,2.34,12.25,15.83,4.1,9.97,7.26,46.81,0,72.22,4.4,227.01,5.5,227.13
2023,5,5,14,2.37,3.39,4.01,286.95,397.62,44.12,1.5,7.77,15.75,4.38,10.06,7.45,47.94,0,72.17,4.42,228.37,5.56,228.47
2023,5,5,15,1.84,2.71,3.31,225.55,317.42,33.91,0.96,4.98,15.11,4.48,9.8,7.51,50.31,0,72.14,4.17,229.78,5.26,229.94
2023,5,5,16,1.17,1.86,2.43,139.6,215.92,20.27,0.41,2,14.03,4.32,9.17,7.39,53.44,0,72.13,3.73,231.21,4.72,231.38
2023,5,5,17,0.66,0.97,1.43,74.67,109.62,10.04,0.1,0.5,12.54,4.13,8.33,7.32,58.31,0,72.14,3.14,231.76,4.02,232.02
2023,5,5,18,0.17,0.17,0.39,16.33,17.88,2.16,0.01,0.02,10.33,4.22,7.27,7.45,68.25,0,72.16,1.88,226.51,2.67,227.25
2023,5,5,19,0,0,0,0,0,0,0,0,8.52,4.34,6.43,7.51,78.19,0,72.21,1.13,213.14,1.87,218.21
2023,5,5,20,0,0,0,0,0,0,0,0,8.03,4.35,6.19,7.51,81.06,0,72.26,0.96,217.43,1.54,220.48
2023,5,5,21,0,0,0,0,0,0,0,0,7.66,4.42,6.04,7.57,83.5,0,72.28,0.73,221.53,1.09,224.42
2023,5,5,22,0,0,0,0,0,0,0,0,7.11,4.4,5.76,7.57,86.62,0,72.26,0.29,237.99,0.46,240.38
2023,5,5,23,0,0,0,0,0,0,0,0,6.65,4.22,5.44,7.51,88.38,0,72.24,0.14,263.66,0.23,258.31
2023,5,6,0,0,0,0,0,0,0,0,0,6.33,4.05,5.19,7.39,89.44,0,72.21,0.09,296.57,0.13,277.13
2023,5,6,1,0,0,0,0,0,0,0,0,5.91,3.86,4.89,7.32,91.06,0,72.18,0.07,339.44,0.07,290.56
2023,5,6,2,0,0,0,0,0,0,0,0,5.64,3.76,4.7,7.26,92.19,0,72.16,0.09,322.13,0.12,281.31
2023,5,6,3,0,0,0,0,0,0,0,0,5.3,3.74,4.52,7.26,94.19,0,72.15,0.09,19.98,0.11,17.1
2023,5,6,4,0,0,0,0,0,0,0,0,4.97,3.67,4.32,7.26,96,0,72.16,0.14,42.71,0.26,41.35
2023,5,6,5,0.03,0.02,0.07,2.05,2.3,0.31,0,0,4.62,3.56,4.08,7.14,97.5,0,72.18,0.23,46.4,0.48,43.03
2023,5,6,6,0.57,0.57,0.92,61.65,63.55,7.42,0.03,0.17,6.37,3.67,5.01,7.2,86.81,0,72.22,0.48,45,0.76,43.75
2023,5,6,7,1.44,1.48,1.96,164.42,170.08,22.02,0.32,1.58,9.58,3.84,6.71,7.26,70.19,0,72.26,0.49,295.35,0.61,294.26
2023,5,6,8,2.33,2.37,2.9,270.7,275.58,38.94,0.92,4.58,12.34,3.15,7.74,6.96,56,0,72.29,2,245.54,2.46,245.39
2023,5,6,9,3.05,3.14,3.7,360.1,366.05,53.77,1.66,8.55,14.34,2.89,8.62,6.84,48.25,0,72.31,3.24,233.32,4.05,233.4
2023,5,6,10,3.35,3.69,4.28,401.05,430.42,60.8,2.2,11.48,15.61,3.26,9.43,6.96,45.31,0,72.31,4.06,228.27,5.09,228.3
2023,5,6,11,3.8,4.02,4.62,459.8,470.8,70.83,2.73,14.88,16.24,3.88,10.06,7.2,45.12,0,72.3,4.49,226.27,5.64,226.4
2023,5,6,12,3.62,4,4.69,446.2,469.25,67.69,2.62,14.23,16.3,4.37,10.33,7.39,46.12,0,72.27,4.61,226.3,5.81,226.42
2023,5,6,13,2.55,3.75,4.48,309.3,439.85,46.84,1.74,9.08,16.23,4.61,10.42,7.51,47,0,72.22,4.64,226.43,5.85,226.57
2023,5,6,14,2.55,3.27,4.01,310.45,382.77,45.66,1.55,7.95,16.05,4.65,10.36,7.51,47.62,0,72.17,4.7,226.35,5.96,226.49
2023,5,6,15,1.91,2.62,3.32,233.33,307.58,33.91,0.95,4.95,15.4,4.59,10,7.51,49.44,0,72.14,4.72,225.2,6.05,225.37
2023,5,6,16,1.18,1.81,2.44,141.95,211.95,20.25,0.4,1.98,14.37,4.48,9.42,7.45,52.31,0,72.13,4.49,224.58,5.8,224.78
2023,5,6,17,0.66,0.94,1.44,75.42,108.2,10,0.09,0.48,12.9,4.36,8.63,7.39,57.12,0,72.13,3.81,224.25,4.97,224.55
2023,5,6,18,0.12,0.15,0.39,12.55,16.77,1.79,0.01,0.02,11.27,4.42,7.85,7.45,64.06,0,72.15,2.59,222.55,3.52,222.93
2023,5,6,19,0,0,0,0,0,0,0,0,9.76,4.68,7.22,7.63,72.62,0,72.19,1.34,214.99,2.19,217.61
2023,5,6,20,0,0,0,0,0,0,0,0,9.19,4.54,6.86,7.51,74.81,0,72.24,1.31,213.6,2.05,216.17
2023,5,6,21,0,0,0,0,0,0,0,0,8.88,4.37,6.62,7.45,75.5,0,72.27,1.2,214.62,1.77,215.1
2023,5,6,22,0,0,0,0,0,0,0,0,8.68,4.29,6.48,7.39,76.06,0,72.28,1.09,206.01,1.54,205.53
2023,5,6,23,0,0,0,0,0,0,0,0,8.18,4.23,6.2,7.39,78.44,0,72.28,0.89,191.11,1.3,191.45
2023,5,7,0,0,0,0,0,0,0,0,0,7.73,4.13,5.94,7.32,80.5,0,72.27,0.77,188.7,1.13,187.57
2023,5,7,1,0,0,0,0,0,0,0,0,7.31,4,5.65,7.26,82.31,0,72.25,0.62,177.83,0.89,173.44
2023,5,7,2,0,0,0,0,0,0,0,0,6.96,3.8,5.38,7.2,83.62,0,72.22,0.53,173.29,0.79,164.45
2023,5,7,3,0,0,0,0,0,0,0,0,6.54,3.74,5.14,7.2,85.88,0,72.21,0.42,154.86,0.72,141.63
2023,5,7,4,0,0,0,0,0,0,0,0,6.26,3.72,4.99,7.2,87.56,0,72.21,0.41,149.04,0.74,134.14
2023,5,7,5,0.03,0.02,0.08,1.95,2.33,0.3,0,0,5.97,3.75,4.86,7.26,89.62,0,72.24,0.43,148.32,0.82,137.32
2023,5,7,6,0.46,0.53,0.93,49.77,57.62,6.54,0.03,0.17,7.24,4.1,5.67,7.39,83.88,0,72.28,0.81,157.17,1.16,153.61
2023,5,7,7,1.1,1.43,1.97,126.45,162.3,17.47,0.27,1.33,9.22,4.87,7.05,7.75,77.19,0,72.33,1.85,193.45,2.37,194.31
2023,5,7,8,1.61,2.31,2.91,189.38,265.62,27.45,0.68,3.42,11.08,4.7,7.89,7.69,67.25,0,72.36,2.84,214.57,3.54,214.67
2023,5,7,9,2.1,3.08,3.7,252.45,355.35,37.62,1.2,6.45,12.58,4.31,8.45,7.45,59.12,0,72.4,3.22,218.2,3.98,218.22
2023,5,7,10,2.79,3.66,4.29,334.7,423.73,50.73,1.85,9.52,13.94,4.12,9.03,7.32,53.25,0,72.41,3.56,217.87,4.38,217.97
2023,5,7,11,2.62,4,4.63,320.3,462.42,48.91,1.91,10.17,15.05,4.14,9.59,7.32,49.62,0,72.39,4.03,216.89,4.98,216.91
2023,5,7,12,2.6,3.89,4.69,325.3,446.17,47.67,1.86,9.92,15.71,4.23,9.98,7.39,47.81,0,72.36,4.35,215.94,5.41,216.01
2023,5,7,13,2.44,3.73,4.49,298.7,428.23,44.28,1.67,8.67,15.83,4.47,10.15,7.45,48.06,0,72.32,4.52,215.78,5.64,215.76
2023,5,7,14,2.23,3.31,4.02,272.48,381.02,40.1,1.39,7.15,15.55,4.43,9.99,7.45,48.75,0,72.26,4.57,217.01,5.75,217.04
2023,5,7,15,1.65,2.57,3.32,199.65,293.73,28.78,0.82,4.3,15.12,4.37,9.74,7.39,49.88,0,72.22,4.6,218.1,5.83,218.08
2023,5,7,16,1.06,1.81,2.44,126.23,207.62,18.11,0.37,1.83,14.28,4.28,9.28,7.39,52.25,0,72.18,4.39,218.36,5.62,218.4
2023,5,7,17,0.57,0.95,1.45,63.83,107.15,8.55,0.09,0.42,13.05,4.15,8.61,7.32,56.06,0,72.17,3.86,217.84,5.01,217.91
2023,5,7,18,0.13,0.17,0.4,13.35,18.5,1.85,0.01,0.02,11.26,4.38,7.82,7.45,64.44,0,72.19,2.47,214.55,3.44,215.21
2023,5,7,19,0,0,0,0,0,0,0,0,9.91,4.73,7.32,7.69,72.5,0,72.21,1.43,209.51,2.37,211.64
2023,5,7,20,0,0,0,0,0,0,0,0,9.44,4.69,7.07,7.63,74.56,0,72.26,1.34,212.39,2.21,214.48
2023,5,7,21,0,0,0,0,0,0,0,0,9.35,4.5,6.92,7.51,73.88,0,72.3,1.1,218.09,1.75,219.02
2023,5,7,22,0,0,0,0,0,0,0,0,9.13,4.26,6.69,7.39,73.62,0,72.31,0.88,222.48,1.34,222.63
2023,5,7,23,0,0,0,0,0,0,0,0,8.41,3.83,6.12,7.14,74.88,0,72.29,0.55,234.27,0.81,233.24
2023,5,8,0,0,0,0,0,0,0,0,0,7.56,3.5,5.53,7.02,77.69,0,72.24,0.21,304.29,0.3,299.2
2023,5,8,1,0,0,0,0,0,0,0,0,6.34,3.2,4.77,6.9,83,0,72.19,0.43,12.53,0.74,12.14
2023,5,8,2,0,0,0,0,0,0,0,0,5.26,2.87,4.06,6.71,87.62,0,72.16,0.62,23.96,1.26,24.97
2023,5,8,3,0,0,0,0,0,0,0,0,4.51,2.37,3.44,6.53,89.12,0,72.14,0.71,29.67,1.6,31.44
2023,5,8,4,0,0,0,0,0,0,0,0,3.93,1.74,2.83,6.23,88.75,0,72.15,0.82,30.22,1.9,32.78
2023,5,8,5,0.03,0.03,0.08,2.38,2.8,0.35,0,0,3.53,1.03,2.28,5.92,86.56,0,72.2,0.91,30.96,2.09,33.87
2023,5,8,6,0.63,0.63,0.94,68.7,70.75,8.2,0.04,0.2,6.37,0.65,3.51,5.8,69.62,0,72.27,1.04,39.81,1.87,39.74
2023,5,8,7,1.47,1.56,1.97,168.48,179.35,22.92,0.35,1.73,10.59,-1.13,4.73,5.19,47,0,72.34,0.56,85.24,0.73,82.04
2023,5,8,8,2.28,2.42,2.92,266.95,282.15,38.72,0.95,4.75,13.22,-1.98,5.62,4.82,36.81,0,72.41,1.56,203.99,1.93,204.6
2023,5,8,9,2.68,3.15,3.71,320.77,367.27,47.93,1.52,7.98,15.01,-2.06,6.48,4.7,32,0,72.46,2.82,208.27,3.49,208.52
2023,5,8,10,3.39,3.71,4.29,405.77,433.48,61.28,2.25,11.73,16.34,-1.69,7.33,4.76,29.75,0,72.48,3.81,210.3,4.72,210.35
2023,5,8,11,3.01,4.01,4.63,373.67,467.02,57.09,2.25,11.92,17.16,-1.02,8.07,4.94,29.38,0,72.47,4.45,212.52,5.54,212.61
2023,5,8,12,2.78,3.99,4.69,349.7,463.02,52.37,2.07,11.08,17.57,-0.56,8.51,5.13,29.5,0,72.43,4.86,216.24,6.11,216.31
2023,5,8,13,2.55,3.83,4.49,313.08,443.52,47.46,1.8,9.4,17.7,-0.34,8.68,5.19,29.69,0,72.4,5.3,220.28,6.72,220.33
2023,5,8,14,2.21,3.37,4.02,269.33,390.38,40.17,1.38,7.1,17.3,-0.16,8.57,5.25,30.88,0,72.35,5.53,224.03,7.08,224.2
2023,5,8,15,1.81,2.7,3.33,216.98,312.42,31.77,0.91,4.67,16.21,0.23,8.22,5.43,34.06,0.01,72.32,5.45,229.48,7.02,229.74
2023,5,8,16,1.04,1.87,2.45,124.45,216.17,18.07,0.38,1.83,14.47,0.74,7.61,5.62,39.62,0.01,72.33,4.5,234.1,5.8,234.38
2023,5,8,17,0.48,0.97,1.45,53.67,110.45,7.09,0.07,0.35,12.84,0.8,6.82,5.68,44.38,0.01,72.33,3.05,235.86,3.88,236.09
2023,5,8,18,0.12,0.18,0.41,12.75,19,1.84,0.01,0.02,10.86,1.48,6.17,6.04,53.81,0.01,72.33,1.44,235.62,1.91,238.19
2023,5,8,19,0,0,0,0,0,0,0,0,9.18,1.12,5.15,5.86,58.69,0,72.36,0.43,249.93,0.56,256.16
2023,5,8,20,0,0,0,0,0,0,0,0,8.12,0.43,4.27,5.62,60.12,0,72.4,0.16,11.31,0.41,18.78
2023,5,8,21,0,0,0,0,0,0,0,0,6.95,-0.2,3.37,5.37,62.31,0,72.43,0.46,44.31,0.99,42.12
2023,5,8,22,0,0,0,0,0,0,0,0,5.9,-0.81,2.55,5.13,64.19,0,72.42,0.67,47.37,1.37,45.92
2023,5,8,23,0,0,0,0,0,0,0,0,4.91,-1.62,1.65,4.88,65,0,72.41,0.72,47.19,1.55,45.82
2023,5,9,0,0,0,0,0,0,0,0,0,4.07,-2.56,0.75,4.52,64.31,0,72.39,0.72,44.56,1.6,43.61
2023,5,9,1,0,0,0,0,0,0,0,0,3.43,-3.74,-0.15,4.15,61.69,0,72.37,0.73,41.53,1.65,41.16
2023,5,9,2,0,0,0,0,0,0,0,0,3.02,-5.04,-1.01,3.78,57.69,0,72.35,0.76,40.41,1.71,40.01
2023,5,9,3,0,0,0,0,0,0,0,0,3.03,-6.45,-1.7,3.42,51.94,0,72.32,0.81,38.75,1.69,38.82
2023,5,9,4,0,0,0,0,0,0,0,0,3.33,-7.78,-2.23,3.05,45.81,0,72.3,0.86,35.42,1.66,35.79
2023,5,9,5,0.04,0.03,0.09,2.58,3,0.38,0,0,3.73,-8.77,-2.52,2.81,41,0,72.3,0.89,32.86,1.59,33.61
2023,5,9,6,0.66,0.65,0.95,71.98,73.77,8.48,0.04,0.17,5.72,-6.11,-0.2,3.66,46.25,0,72.33,0.7,31.73,1.4,32.45
2023,5,9,7,1.57,1.59,1.98,179.77,184.9,24.5,0.34,1.7,9.99,-8.72,0.63,2.99,28.06,0,72.37,0.6,318.67,0.76,322.54
2023,5,9,8,2.41,2.47,2.92,281.85,288.83,41.3,0.96,4.75,12.44,-8.81,1.81,2.87,22.88,0,72.4,2.25,258.57,2.79,258.69
2023,5,9,9,3.11,3.21,3.71,369.08,375.88,55.8,1.69,8.6,14.21,-7.38,3.42,3.11,22.44,0,72.42,3.3,248.3,4.14,248.28
2023,5,9,10,3.4,3.76,4.3,406.95,439.6,62.87,2.22,11.48,15.67,-5.86,4.9,3.48,22.81,0,72.43,4.1,240.7,5.16,240.84
2023,5,9,11,3.41,4.06,4.63,413.25,474.88,64.16,2.42,12.85,16.58,-4.21,6.18,3.97,24.38,0,72.43,4.82,236.44,6.07,236.6
2023,5,9,12,3.24,4.05,4.7,401.38,472.55,61.48,2.33,12.4,16.94,-2.42,7.26,4.52,27.12,0,72.42,5.13,236.75,6.49,236.94
2023,5,9,13,3.03,3.85,4.49,370.62,447.92,56.09,2.05,10.52,16.98,-1.05,7.97,4.94,29.69,0,72.39,5.15,238.77,6.52,239.01
2023,5,9,14,2.68,3.39,4.02,323.2,394.75,48.09,1.59,8.08,16.82,-0.21,8.3,5.25,31.81,0,72.34,5.24,239.34,6.67,239.68
2023,5,9,15,2.1,2.72,3.33,251,316.75,36.77,0.99,5.12,16.22,0.19,8.2,5.43,34.06,0,72.28,5.31,238.53,6.84,238.92
2023,5,9,16,1.41,1.9,2.46,165.48,219.58,23.42,0.45,2.17,14.94,0.66,7.8,5.62,38.31,0,72.24,5.09,236.58,6.62,236.98
2023,5,9,17,0.72,1,1.46,80.02,113.05,10.43,0.09,0.48,13.15,1.28,7.22,5.92,45.06,0,72.22,4.36,232.95,5.75,233.39
2023,5,9,18,0.16,0.19,0.42,16,19.92,2.16,0.01,0.02,11.21,1.99,6.6,6.23,54.06,0,72.22,2.92,226.3,4.03,226.88
2023,5,9,19,0,0,0,0,0,0,0,0,9.74,2.87,6.31,6.65,63.94,0,72.24,1.8,218.47,2.74,220.5
2023,5,9,20,0,0,0,0,0,0,0,0,9.26,2.94,6.1,6.71,66.38,0,72.29,1.74,217.54,2.67,219.55
2023,5,9,21,0,0,0,0,0,0,0,0,8.73,2.56,5.65,6.53,66.75,0,72.32,1.69,216.34,2.65,217.11
2023,5,9,22,0,0,0,0,0,0,0,0,8.31,1.94,5.13,6.23,65.56,0,72.34,1.65,210.45,2.46,210.06
2023,5,9,23,0,0,0,0,0,0,0,0,8.05,1.6,4.83,6.04,65.06,0,72.34,1.47,204.24,2.15,203.31
2023,5,10,0,0,0,0,0,0,0,0,0,7.62,1.38,4.5,5.98,66.12,0,72.32,1.31,200.28,1.94,199.02
2023,5,10,1,0,0,0,0,0,0,0,0,7.23,1.12,4.18,5.86,66.75,0,72.31,1.15,196.96,1.72,195.55
2023,5,10,2,0,0,0,0,0,0,0,0,6.83,0.88,3.85,5.74,67.44,0,72.3,0.95,192.32,1.46,190.83
2023,5,10,3,0,0,0,0,0,0,0,0,6.85,0.72,3.78,5.68,66.62,0,72.3,0.92,195.21,1.42,195.64
2023,5,10,4,0,0,0,0,0,0,0,0,6.37,0.54,3.45,5.62,68.19,0,72.3,0.56,177.61,0.91,180.98
2023,5,10,5,0.03,0.04,0.09,2.42,3.15,0.37,0,0,5.25,0.33,2.79,5.55,72.69,0,72.32,0.38,134.17,0.61,135.52
2023,5,10,6,0.57,0.67,0.96,62.55,73.2,8.06,0.04,0.2,6.44,0.85,3.65,5.86,70.25,0,72.35,0.52,147.99,0.77,129.21
2023,5,10,7,1.29,1.61,1.99,146.92,182.52,20.88,0.3,1.48,9.36,-0.45,4.46,5.31,52.12,0,72.38,0.88,183.58,1.11,184.83
2023,5,10,8,1.97,2.48,2.93,231.33,285.55,34.72,0.81,4.02,11.44,-2.17,4.63,4.64,39.62,0,72.41,2.06,217,2.54,217.01
2023,5,10,9,2.45,3.21,3.72,294.05,369.98,44.84,1.35,6.95,13.16,-2.93,5.12,4.33,33.38,0,72.44,3.05,220.95,3.74,221.11
2023,5,10,10,2.65,3.74,4.3,313.9,431.6,48.12,1.66,8.48,14.46,-2.78,5.84,4.39,30.88,0,72.45,3.69,218.98,4.54,219.06
2023,5,10,11,2.93,4.06,4.63,356.27,468.7,55.27,2.05,10.67,15.44,-2.56,6.44,4.46,29.38,0,72.43,4.18,216.72,5.16,216.7
2023,5,10,12,2.75,4.02,4.7,341.17,463.12,51.61,1.91,10.05,16.08,-2.6,6.74,4.39,28,0,72.41,4.58,215.21,5.7,215.17
2023,5,10,13,2.57,3.8,4.49,319,439.23,47.64,1.7,8.58,16.24,-2.52,6.86,4.39,27.75,0,72.38,4.83,213.84,6.03,213.92
2023,5,10,14,1.8,3.3,4.03,222.65,383.45,33.4,1.06,5.38,15.89,-2.54,6.67,4.39,28.25,0,72.35,4.84,213.41,6.07,213.4
2023,5,10,15,1.53,2.61,3.33,185.8,300.58,27.45,0.73,3.77,15.12,-2.96,6.08,4.27,28.69,0,72.32,4.69,215.17,5.91,215.26
2023,5,10,16,0.96,1.8,2.46,117.5,204.45,17.16,0.34,1.65,14,-3.7,5.15,4.03,29.12,0,72.29,4.27,217.27,5.42,217.33
2023,5,10,17,0.4,0.91,1.47,44.2,99.35,5.93,0.05,0.27,12.44,-4.42,4.01,3.78,30.44,0,72.29,3.54,219.35,4.53,219.48
2023,5,10,18,0.13,0.17,0.43,13.25,17.98,1.85,0.01,0.02,9.89,-2.37,3.76,4.52,43.19,0,72.32,1.92,217.38,2.77,218
2023,5,10,19,0,0,0,0,0,0,0,0,8.23,-2.86,2.69,4.33,46.12,0,72.36,1.2,214.1,1.77,213.83
2023,5,10,20,0,0,0,0,0,0,0,0,8.09,-4.11,1.99,3.91,42,0,72.4,0.72,204.34,0.95,203.82
2023,5,10,21,0,0,0,0,0,0,0,0,7.34,-4.44,1.45,3.78,43.12,0,72.42,0.36,140.36,0.51,132.51
2023,5,10,22,0,0,0,0,0,0,0,0,6.45,-4.59,0.93,3.78,45.31,0,72.44,0.56,90,0.88,88.98
2023,5,10,23,0,0,0,0,0,0,0,0,5.55,-4.77,0.39,3.72,47.62,0,72.43,0.76,76.25,1.23,75.61
2023,5,11,0,0,0,0,0,0,0,0,0,4.83,-4.94,-0.06,3.66,49.5,0,72.42,0.9,69.21,1.51,68.47
2023,5,11,1,0,0,0,0,0,0,0,0,4.2,-5.35,-0.58,3.54,50,0,72.4,1,64.63,1.73,64.01
2023,5,11,2,0,0,0,0,0,0,0,0,3.74,-5.97,-1.11,3.36,49.19,0,72.4,1.09,60.87,1.9,60.69
2023,5,11,3,0,0,0,0,0,0,0,0,3.51,-6.65,-1.57,3.17,47.31,0,72.41,1.14,59.04,1.95,59.23
2023,5,11,4,0,0,0,0,0,0,0,0,3.22,-7.24,-2.02,3.05,46,0,72.44,1.16,56.52,2.02,56.37
2023,5,11,5,0.03,0.03,0.1,2.38,2.88,0.36,0,0,3.07,-7.81,-2.38,2.93,44.38,0,72.48,1.17,55.35,2.03,55.03
2023,5,11,6,0.54,0.57,0.97,56.77,60.83,7.23,0.03,0.17,4.9,-5.34,-0.21,3.6,48.5,0,72.55,0.93,58.71,1.8,56.86
2023,5,11,7,1.42,1.5,2,158.98,169.58,21.59,0.31,1.55,9.17,-7.7,0.73,2.93,29.62,0,72.61,1.16,110.87,1.5,107.3
2023,5,11,8,2.24,2.4,2.94,259.17,276.4,37.73,0.88,4.38,11.48,-8.24,1.62,2.75,23.81,0,72.63,1.74,161.73,2.13,161.37
2023,5,11,9,2.75,3.15,3.72,326.2,363.98,48.84,1.48,7.6,13.48,-7.52,2.98,2.93,22.12,0,72.63,2.57,187,3.16,186.97
2023,5,11,10,2.87,3.69,4.3,345.9,427.15,52.44,1.84,9.5,15.08,-6.67,4.2,3.17,21.44,0,72.6,3.55,199.03,4.39,198.92
2023,5,11,11,2.88,4,4.64,349.3,463.08,53.16,1.99,10.52,16.05,-5.79,5.13,3.42,21.62,0,72.58,4.29,204.56,5.33,204.5
2023,5,11,12,2.79,4.01,4.7,348.2,463.83,52.33,1.98,10.5,16.51,-4.88,5.81,3.66,22.62,0,72.55,4.61,206.48,5.75,206.46
2023,5,11,13,2.61,3.81,4.5,323.27,441.65,48.88,1.8,9.1,16.52,-4.17,6.17,3.85,23.88,0,72.51,4.57,207.27,5.7,207.23
2023,5,11,14,2.21,3.35,4.03,264.08,387.62,39.87,1.3,6.67,16.27,-3.81,6.23,3.97,24.94,0,72.47,4.4,207.38,5.49,207.37
2023,5,11,15,1.8,2.68,3.34,218.9,309.67,32.06,0.88,4.52,15.67,-3.7,5.98,4.03,26.12,0,72.44,4.1,207.35,5.13,207.31
2023,5,11,16,1.13,1.85,2.47,134.3,212.15,19.33,0.38,1.85,14.67,-3.83,5.42,3.97,27.56,0,72.42,3.59,207.62,4.5,207.63
2023,5,11,17,0.53,0.86,1.48,57.83,92.73,7.88,0.08,0.38,13.23,-3.95,4.64,3.91,30,0,72.41,2.9,208.5,3.68,208.42
2023,5,11,18,0.15,0.18,0.44,15.23,18.7,2.09,0.01,0.02,10.7,-1.34,4.68,4.88,44.25,0,72.44,1.46,209.17,2.16,208.79
2023,5,11,19,0,0,0,0,0,0,0,0,9.25,-2.27,3.49,4.52,44.81,0,72.48,0.93,205.92,1.33,205.36
2023,5,11,20,0,0,0,0,0,0,0,0,9.13,-3.02,3.05,4.27,42.56,0,72.53,0.46,167.15,0.58,164.48
2023,5,11,21,0,0,0,0,0,0,0,0,8.18,-3.26,2.46,4.15,44.62,0,72.58,0.63,92.15,0.91,89.01
2023,5,11,22,0,0,0,0,0,0,0,0,7.02,-3.15,1.94,4.21,48.75,0,72.61,0.91,73.58,1.46,71.95
2023,5,11,23,0,0,0,0,0,0,0,0,6.07,-3.17,1.45,4.21,52,0,72.6,0.96,64.48,1.67,63.56
2023,5,12,0,0,0,0,0,0,0,0,0,5.4,-3.49,0.96,4.09,53.19,0,72.58,0.99,58.19,1.79,56.93
2023,5,12,1,0,0,0,0,0,0,0,0,4.87,-3.8,0.54,4.03,53.81,0,72.54,1.05,52.87,1.92,51.78
2023,5,12,2,0,0,0,0,0,0,0,0,4.4,-4.1,0.15,3.91,54.25,0,72.51,1.12,49.53,2.08,49.26
2023,5,12,3,0,0,0,0,0,0,0,0,4.21,-4.42,-0.1,3.78,53.62,0,72.49,1.17,46.36,2.14,46.33
2023,5,12,4,0,0,0,0,0,0,0,0,4.12,-4.7,-0.29,3.72,52.75,0,72.49,1.19,42.35,2.17,42.81
2023,5,12,5,0.03,0.03,0.1,2.35,2.65,0.35,0,0,4.24,-4.97,-0.36,3.66,51.19,0,72.52,1.19,40.48,2.12,40.97
2023,5,12,6,0.41,0.42,0.98,40.6,42.08,5.27,0.02,0.12,6.35,-2.81,1.77,4.33,53,0,72.57,0.87,35.12,1.74,36.77
2023,5,12,7,1.28,1.36,2.01,139.48,148.75,17.91,0.24,1.17,10.76,-4.62,3.07,3.78,34,0,72.62,0.49,41.78,0.66,42.14
2023,5,12,8,2.07,2.25,2.94,236.75,254.95,32.43,0.7,3.5,13.48,-5.41,4.04,3.48,26.38,0,72.65,1.4,215.46,1.71,214.78
2023,5,12,9,2.79,3.02,3.73,325.3,345.75,46.23,1.31,6.67,15.42,-5.06,5.18,3.6,24,0,72.66,2.53,221.12,3.16,220.79
2023,5,12,10,3.24,3.6,4.31,379.33,413.83,55.15,1.81,9.4,16.82,-4.29,6.26,3.85,23.38,0,72.65,3.39,220.99,4.29,220.57
2023,5,12,11,3.29,3.86,4.64,393.9,441.62,57,2.02,10.58,17.69,-3.45,7.12,4.15,23.75,0,72.61,4.04,220.29,5.12,219.67
2023,5,12,12,3.35,3.73,4.71,400.12,423,54.92,1.91,10.1,18.12,-2.42,7.84,4.52,25.12,0,72.56,4.37,219.78,5.56,219.13
2023,5,12,13,2.76,3.51,4.5,327.12,397.05,45.26,1.52,7.8,18.19,-1.41,8.39,4.88,27.25,0,72.49,4.56,219.99,5.82,219.44
2023,5,12,14,2.49,3.08,4.03,288.12,349.25,40.27,1.21,6.17,17.89,-0.53,8.68,5.25,29.88,0,72.43,4.48,220.47,5.73,219.86
2023,5,12,15,1.92,2.28,3.34,216.52,251.17,28.3,0.68,3.42,17.21,0.31,8.76,5.62,33.25,0,72.38,4.33,222.07,5.56,221.47
2023,5,12,16,1.29,1.66,2.47,144.88,184.12,19.14,0.34,1.65,16.14,0.97,8.55,5.92,37.44,0,72.37,3.98,224.68,5.14,224.08
2023,5,12,17,0.75,0.84,1.48,79.5,90.8,10.03,0.09,0.42,14.62,1.62,8.12,6.16,43.12,0,72.39,3.47,225.64,4.58,225.21
2023,5,12,18,0.16,0.16,0.44,16.2,16.3,2.22,0.01,0.02,12.26,2.94,7.6,6.77,54.94,0,72.45,1.94,226.14,2.87,225.66
2023,5,12,19,0,0,0,0,0,0,0,0,9.73,3.37,6.55,6.96,66.88,0,72.52,0.85,233.24,1.7,233.02
2023,5,12,20,0,0,0,0,0,0,0,0,9.49,3,6.25,6.77,66.44,0,72.58,0.68,253.43,1.15,254.27
2023,5,12,21,0,0,0,0,0,0,0,0,9.35,2.44,5.9,6.53,64.88,0,72.63,0.44,280.12,0.71,284.65
2023,5,12,22,0,0,0,0,0,0,0,0,9.41,1.78,5.6,6.29,62.25,0,72.65,0.32,329.04,0.5,333.84
2023,5,12,23,0,0,0,0,0,0,0,0,9.11,1.02,5.07,6.04,60.62,0,72.65,0.55,19.98,0.82,19.98
2023,5,13,0,0,0,0,0,0,0,0,0,8.83,0.22,4.52,5.74,58.62,0,72.63,0.68,40.31,1,39.63
2023,5,13,1,0,0,0,0,0,0,0,0,8.62,-0.53,4.05,5.43,56.5,0,72.59,0.74,45,1.1,44.71
2023,5,13,2,0,0,0,0,0,0,0,0,7.96,-1.4,3.28,5.13,55.56,0,72.55,0.86,34.7,1.35,34.42
2023,5,13,3,0,0,0,0,0,0,0,0,7.55,-2.52,2.51,4.7,52.56,0,72.52,1.07,24.69,1.7,24.68
2023,5,13,4,0,0,0,0,0,0,0,0,7.33,-3.85,1.74,4.27,48.12,0,72.51,1.13,21.07,1.81,21.57
2023,5,13,5,0.04,0.03,0.1,2.62,2.83,0.39,0,0,6.98,-4.9,1.05,3.91,45.38,0,72.53,1.06,19.91,1.72,20.25
2023,5,13,6,0.55,0.53,0.99,53.23,53.48,6.66,0.03,0.15,8.77,-3.52,2.63,4.27,44.25,0,72.58,0.87,15.03,1.45,15.31
2023,5,13,7,1.42,1.43,2.01,152.1,154.77,19.65,0.26,1.27,12.26,-3.85,4.21,4.46,36.31,0,72.63,0.53,325.84,0.7,326.31
2023,5,13,8,2.3,2.34,2.95,258.3,262.4,35.89,0.77,3.8,14.61,-3.38,5.61,4.7,33,0,72.66,1.38,238.2,1.75,239.08
2023,5,13,9,2.86,3.07,3.73,330.4,347.62,47.33,1.34,6.73,16.31,-2.34,6.99,5,31.5,0,72.68,2.48,225.64,3.13,226.31
2023,5,13,10,3.23,3.66,4.31,375.67,417.52,55.41,1.84,9.42,17.59,-0.66,8.47,5.55,32.06,0,72.67,3.49,222.83,4.43,223.29
2023,5,13,11,3.92,4.01,4.64,460.1,457.4,68.26,2.4,12.7,18.45,0.91,9.69,6.16,33.69,0,72.64,4.24,222.54,5.37,222.94
2023,5,13,12,3.69,3.98,4.71,447.92,459.23,65.55,2.34,12.35,18.86,2.26,10.56,6.71,35.69,0,72.6,4.65,222.48,5.89,222.8
2023,5,13,13,3.28,3.77,4.5,392.88,434.25,57.09,1.96,10.05,18.86,3.46,11.16,7.14,38.12,0,72.54,4.74,222.13,6.01,222.42
2023,5,13,14,2.76,3.3,4.04,328.2,380.35,47.09,1.45,7.38,18.2,4.46,11.33,7.57,41.94,0,72.5,4.63,222.54,5.88,222.74
2023,5,13,15,2.02,2.63,3.35,238.17,301.12,33.85,0.87,4.4,17.2,5.07,11.13,7.81,46.19,0,72.47,4.38,223.84,5.59,224.04
2023,5,13,16,1.4,1.8,2.48,158.95,203.7,21.63,0.39,1.9,16.01,5.3,10.65,7.87,50.31,0,72.45,4.1,224.15,5.29,224.4
2023,5,13,17,0.78,0.92,1.49,84.75,100.2,10.95,0.09,0.48,14.66,5.64,10.15,8.06,55.88,0,72.45,3.6,224.56,4.72,224.73
2023,5,13,18,0.16,0.17,0.45,16.23,17.88,2.24,0.01,0.02,13.29,6.15,9.72,8.36,63.25,0.01,72.47,2.43,221.08,3.38,221.44
2023,5,13,19,0,0,0,0,0,0,0,0,11.73,6.33,9.03,8.42,71.06,0.01,72.5,1.27,218.49,2.16,218.24
2023,5,13,20,0,0,0,0,0,0,0,0,11.12,6.19,8.65,8.36,73.25,0,72.55,1.05,221.39,1.91,219.36
2023,5,13,21,0,0,0,0,0,0,0,0,10.87,6.02,8.44,8.24,73.62,0,72.6,0.86,221.33,1.57,219.15
2023,5,13,22,0,0,0,0,0,0,0,0,10.67,5.88,8.27,8.18,73.94,0,72.62,0.67,212.22,1.14,210.43
2023,5,13,23,0,0,0,0,0,0,0,0,10.01,5.65,7.83,8.06,76.19,0,72.6,0.46,188.82,0.69,187.13
2023,5,14,0,0,0,0,0,0,0,0,0,9.26,5.39,7.32,7.93,79,0,72.56,0.18,118.81,0.32,99.69
2023,5,14,1,0,0,0,0,0,0,0,0,8.38,5.12,6.75,7.81,82.5,0,72.5,0.4,17.02,0.81,23.85
2023,5,14,2,0,0,0,0,0,0,0,0,7.69,4.65,6.18,7.63,83.88,0,72.44,0.67,4.65,1.31,10.64
2023,5,14,3,0,0,0,0,0,0,0,0,7.39,4.01,5.7,7.26,81.88,0,72.38,0.89,8.56,1.64,11.79
2023,5,14,4,0,0,0,0,0,0,0,0,7.53,3.3,5.41,6.9,76.94,0,72.34,0.99,13.27,1.68,13.97
2023,5,14,5,0.04,0.03,0.11,2.88,3.15,0.41,0,0,7.87,2.56,5.22,6.53,71.19,0,72.33,0.98,14.81,1.57,14.73
2023,5,14,6,0.51,0.53,1,52.52,56.08,6.53,0.03,0.15,9.55,2.81,6.18,6.71,65.25,0,72.36,0.83,15.87,1.27,15.66
2023,5,14,7,1.41,1.4,2.02,156.35,157.85,20.09,0.27,1.38,12.7,2.1,7.4,6.41,50.62,0,72.39,0.72,249.01,0.9,249.68
2023,5,14,8,2.24,2.28,2.95,258.75,263.42,35.74,0.79,3.92,14.76,1.92,8.34,6.35,43.94,0,72.41,2.6,224.15,3.28,224.52
2023,5,14,9,2.92,3.02,3.73,345.5,351.98,49.42,1.43,7.25,16.26,2.37,9.31,6.53,40.94,0,72.41,3.59,221.56,4.55,221.8
2023,5,14,10,3.04,3.6,4.31,363.92,422.52,53.98,1.83,9.48,17.48,2.95,10.22,6.77,39.38,0,72.41,4.32,219.57,5.44,219.82
2023,5,14,11,3.31,3.92,4.64,405.75,460.2,60.42,2.2,11.7,18.21,3.69,10.95,7.08,39.38,0.04,72.38,4.75,218.45,5.98,218.53
2023,5,14,12,2.86,3.83,4.71,360.3,448.1,52.27,1.93,10.15,18.34,4.56,11.45,7.51,41.19,0.14,72.34,4.85,218.26,6.1,218.34
2023,5,14,13,2.52,3.64,4.5,313.62,424.7,45.5,1.61,8.17,18.12,5,11.56,7.69,42.88,0.21,72.29,4.78,217.96,6.02,217.99
2023,5,14,14,2.07,3.18,4.04,257.05,370.7,36.92,1.19,6.02,17.87,5.15,11.51,7.81,43.94,0.15,72.22,4.71,218.47,5.96,218.51
2023,5,14,15,1.62,2.5,3.35,199.48,288.48,28.13,0.75,3.85,17.19,5.23,11.21,7.81,46.12,0.13,72.17,4.71,218.94,6.01,218.93
2023,5,14,16,1.11,1.66,2.48,129.05,187.27,17.85,0.34,1.7,16.02,5.33,10.67,7.87,50.06,0.13,72.15,4.44,218.06,5.72,218.06
2023,5,14,17,0.54,0.81,1.5,62.42,89.12,8.31,0.08,0.4,14.48,5.44,9.96,8,55.81,0.13,72.15,3.81,216.33,5,216.35
2023,5,14,18,0.1,0.14,0.46,11.3,14.77,1.51,0.01,0.02,12.67,6.21,9.44,8.48,66.62,0.12,72.17,2.51,211.76,3.5,211.78
2023,5,14,19,0,0,0,0,0,0,0,0,11.21,6.6,8.9,8.73,75.56,0.14,72.21,1.63,204.35,2.66,204.61
2023,5,14,20,0,0,0,0,0,0,0,0,10.73,6.63,8.68,8.73,78.06,0.14,72.27,1.83,201.3,2.96,201.07
2023,5,14,21,0,0,0,0,0,0,0,0,10.64,6.68,8.65,8.73,78.81,0.13,72.31,1.82,195.95,2.86,193.92
2023,5,14,22,0,0,0,0,0,0,0,0,10.33,6.65,8.49,8.73,80.25,0.11,72.33,1.82,191.65,2.82,187.48
2023,5,14,23,0,0,0,0,0,0,0,0,9.97,6.54,8.25,8.67,81.56,0.09,72.32,1.72,191.26,2.64,184.75
2023,5,15,0,0,0,0,0,0,0,0,0,9.49,6.29,7.89,8.48,82.75,0.08,72.29,1.56,191.25,2.38,183.2
2023,5,15,1,0,0,0,0,0,0,0,0,9.12,5.98,7.55,8.3,83.12,0.07,72.24,1.37,194.51,2.03,186.85
2023,5,15,2,0,0,0,0,0,0,0,0,8.8,5.8,7.3,8.24,83.81,0.06,72.2,1.28,201.09,1.8,196.39
2023,5,15,3,0,0,0,0,0,0,0,0,8.34,5.53,6.94,8.06,85,0.06,72.18,1.36,213.78,1.79,211.61
2023,5,15,4,0,0,0,0,0,0,0,0,7.82,5.11,6.46,7.93,86.25,0.07,72.19,0.92,228.08,1.17,226.9
2023,5,15,5,0.03,0.02,0.11,2.02,2.35,0.28,0,0,7.08,4.77,5.93,7.81,89.38,0.07,72.19,0.53,259.02,0.64,265.06
2023,5,15,6,0.39,0.38,1.01,40.23,39.88,5.28,0.03,0.12,7.9,5.05,6.48,8.06,87.5,0.13,72.22,0.64,304.08,0.86,316.47
2023,5,15,7,1.05,1.13,2.03,115.27,122.92,14.73,0.2,1,10.12,4.59,7.36,7.81,73,0.08,72.23,1.19,298.58,1.5,299.37
2023,5,15,8,1.67,2,2.96,192.35,224.5,25.46,0.56,2.8,12.4,3.82,8.12,7.39,59.06,0.03,72.23,2.05,261.47,2.53,261.67
2023,5,15,9,2.22,2.75,3.74,263.9,314.6,36.05,1.02,5.27,14.38,3.17,8.78,7.02,49.44,0.01,72.23,3.07,243.43,3.8,243.54
2023,5,15,10,2.33,3.28,4.31,278.42,377.17,39,1.28,6.55,15.74,3.3,9.52,7.08,45.62,0.03,72.23,4.05,232.75,5.08,232.88
2023,5,15,11,2.29,3.63,4.64,276.4,419.23,39.54,1.4,7.3,16.3,4.15,10.23,7.45,46.38,0.11,72.21,4.86,227.61,6.13,227.74
2023,5,15,12,2.54,3.65,4.71,313.8,417.33,43.86,1.56,8.25,15.91,5.15,10.53,7.87,50.38,0.35,72.2,5.01,226.52,6.33,226.7
2023,5,15,13,2.47,3.5,4.5,302.9,401.25,42.3,1.48,7.5,15.22,5.66,10.44,8.18,54.38,0.69,72.17,4.87,225.33,6.16,225.46
2023,5,15,14,2.38,3.1,4.04,288.52,358.08,40.01,1.27,6.48,14.76,6.05,10.4,8.36,57.56,0.78,72.14,4.76,223.74,6.04,223.9
2023,5,15,15,1.65,2.42,3.36,199.67,276.88,27.55,0.73,3.73,14.17,6.25,10.21,8.48,60.69,0.83,72.12,4.64,222.55,5.92,222.59
2023,5,15,16,1.09,1.65,2.49,126.65,187.15,17.21,0.32,1.58,13.04,6.44,9.73,8.67,66.31,0.85,72.11,4.21,221.09,5.41,221.19
2023,5,15,17,0.65,0.84,1.51,72.3,93.52,9.23,0.09,0.42,11.79,6.63,9.21,8.79,73.12,0.9,72.11,3.59,219.52,4.64,219.61
2023,5,15,18,0.14,0.16,0.47,15.1,17.55,2.07,0.01,0.02,10.37,7.08,8.73,9.09,83.19,0.83,72.13,2.57,216.59,3.49,216.72
2023,5,15,19,0,0,0,0,0,0,0,0,9.41,7.58,8.5,9.46,92.19,1.01,72.18,1.71,211.95,2.45,211.97
2023,5,15,20,0,0,0,0,0,0,0,0,9.12,7.61,8.37,9.4,94,1.01,72.25,1.73,213.76,2.44,213.64
2023,5,15,21,0,0,0,0,0,0,0,0,8.92,7.52,8.22,9.34,94.62,0.72,72.3,1.63,216.59,2.27,216.87
2023,5,15,22,0,0,0,0,0,0,0,0,8.55,7.44,8,9.28,96.62,0.44,72.32,1.17,217.94,1.65,217.68
2023,5,15,23,0,0,0,0,0,0,0,0,7.84,7.12,7.48,9.09,98.94,0.27,72.31,0.82,221.13,1.22,219.52
2023,5,16,0,0,0,0,0,0,0,0,0,7.41,6.76,7.08,8.85,99.5,0.12,72.29,0.45,220.82,0.57,220.52
2023,5,16,1,0,0,0,0,0,0,0,0,6.82,6.17,6.49,8.61,100,0.05,72.27,0.22,300.26,0.34,338.2
2023,5,16,2,0,0,0,0,0,0,0,0,5.9,5.45,5.68,8.24,100,0.02,72.24,0.48,350.69,1.1,8.13
2023,5,16,3,0,0,0,0,0,0,0,0,5.28,4.76,5.02,7.81,100,0.01,72.22,0.62,7.21,1.42,16.94
2023,5,16,4,0,0,0,0,0,0,0,0,5.02,4.1,4.56,7.45,98.5,0,72.22,0.72,18.24,1.57,22.6
2023,5,16,5,0.04,0.03,0.12,2.9,3.4,0.43,0,0,5.13,3.41,4.27,7.08,92.81,0,72.24,0.81,16.17,1.6,20.03
2023,5,16,6,0.53,0.51,1.02,53.3,53.33,6.75,0.03,0.17,7.44,3.83,5.63,7.32,82.19,0,72.28,0.9,7,1.49,12.72
2023,5,16,7,1.41,1.41,2.03,154.67,156.67,19.98,0.28,1.4,10.55,3.31,6.93,7.08,64.19,0,72.34,0.74,326.65,0.92,329.53
2023,5,16,8,2.26,2.3,2.96,257.75,263.08,35.58,0.8,3.98,12.92,2.37,7.64,6.53,51,0,72.39,2.03,243.24,2.54,243.36
2023,5,16,9,2.94,3.06,3.74,343.58,352.67,49.22,1.45,7.38,14.58,2.32,8.45,6.53,45.38,0,72.41,3.24,235.7,4.09,235.58
2023,5,16,10,2.91,3.59,4.31,348.17,414.3,50.93,1.74,8.98,15.65,2.81,9.23,6.71,43.75,0,72.42,4.01,231.41,5.08,231.37
2023,5,16,11,3.23,3.92,4.65,387.52,453.6,57.73,2.12,11.3,16.26,3.51,9.89,7.02,43.94,0,72.4,4.48,228.67,5.7,228.67
2023,5,16,12,2.82,3.61,4.71,336.8,408.95,46.24,1.64,8.8,16.1,4.15,10.12,7.26,46.12,0.03,72.38,4.57,228.05,5.8,228.11
2023,5,16,13,2.47,3.42,4.51,296.23,385.05,40.07,1.39,7.1,15.57,4.66,10.12,7.57,49.31,0.15,72.35,4.41,227.94,5.6,227.99
2023,5,16,14,1.89,2.94,4.04,222.17,328.7,29.99,0.94,4.77,15.19,4.98,10.08,7.69,51.62,0.3,72.32,4.22,227.25,5.36,227.36
2023,5,16,15,1.57,2.26,3.36,184.42,251.17,24.02,0.63,3.25,14.55,5.15,9.85,7.81,54.44,0.46,72.3,3.98,224.44,5.07,224.5
2023,5,16,16,1,1.5,2.5,114.83,163.75,14.84,0.28,1.38,13.4,5.28,9.34,7.87,59.25,0.57,72.31,3.56,222.51,4.56,222.57
2023,5,16,17,0.52,0.68,1.51,55.98,71.62,7,0.07,0.33,12.16,5.41,8.79,7.93,64.94,0.53,72.34,2.96,222.86,3.86,222.87
2023,5,16,18,0.12,0.14,0.48,12.62,15.1,1.66,0.01,0.02,10.76,5.8,8.28,8.24,73.62,0.59,72.38,1.92,222.85,2.6,222.93
2023,5,16,19,0,0,0,0,0,0,0,0,9.55,6.41,7.98,8.67,84.12,0.28,72.43,0.79,216.53,1.28,219.81
2023,5,16,20,0,0,0,0,0,0,0,0,9.01,5.72,7.37,8.18,82.69,0.13,72.48,0.49,218.52,0.79,223
2023,5,16,21,0,0,0,0,0,0,0,0,8.57,5.36,6.96,8,82.88,0.04,72.49,0.18,262.57,0.27,265.1
2023,5,16,22,0,0,0,0,0,0,0,0,8.01,5.05,6.53,7.81,84.19,0.01,72.47,0.53,14.44,0.91,17.03
2023,5,16,23,0,0,0,0,0,0,0,0,7.37,4.62,6,7.57,85.44,0.01,72.45,0.82,24.85,1.51,27.1
2023,5,17,0,0,0,0,0,0,0,0,0,7.12,4.06,5.58,7.26,83.62,0.01,72.41,0.9,27.23,1.66,28.98
2023,5,17,1,0,0,0,0,0,0,0,0,7.25,3.5,5.37,7.02,79.56,0.01,72.37,0.87,23.81,1.54,25.79
2023,5,17,2,0,0,0,0,0,0,0,0,7.42,3.05,5.23,6.77,76.06,0.01,72.34,0.82,17.22,1.39,19.35
2023,5,17,3,0,0,0,0,0,0,0,0,7.48,2.73,5.1,6.59,73.88,0.01,72.34,0.77,11.65,1.28,13.02
2023,5,17,4,0,0,0,0,0,0,0,0,7.55,2.45,5,6.47,72,0.01,72.36,0.74,5.47,1.17,6.13
2023,5,17,5,0.04,0.04,0.12,3.62,4.02,0.54,0,0,7.56,2.26,4.91,6.35,70.88,0.01,72.39,0.71,4.45,1.11,5.27
2023,5,17,6,0.61,0.63,1.02,66.98,71,8.44,0.05,0.23,9.21,3.54,6.37,7.02,70.12,0,72.44,0.53,339.15,0.82,346.76
2023,5,17,7,1.43,1.54,2.04,167.25,180.5,22.98,0.36,1.75,11.82,3.96,7.89,7.2,60.44,0,72.49,1.01,258.34,1.22,258.91
2023,5,17,8,2.19,2.41,2.97,262.2,285.8,38.38,0.95,4.7,13.93,3.48,8.7,6.96,50.62,0,72.53,2.25,238.9,2.81,239.01
2023,5,17,9,2.44,3.13,3.74,301.75,370.45,45.38,1.43,7.4,15.69,3.55,9.62,6.96,45.31,0,72.56,3.18,231.98,4,232.21
2023,5,17,10,2.36,3.63,4.32,292.35,428.67,44.27,1.59,8.12,16.86,4.09,10.48,7.2,43.69,0.01,72.58,4.08,226.86,5.15,227.03
2023,5,17,11,2.65,3.92,4.65,337.88,463.5,51.45,1.99,10.45,17.4,4.84,11.12,7.63,44.44,0.04,72.58,4.7,224.87,5.96,224.95
2023,5,17,12,2.29,3.76,4.71,298.65,439.88,42.42,1.65,8.67,17.18,5.62,11.4,8.06,47.62,0.13,72.57,4.9,224.09,6.23,224.24
2023,5,17,13,1.57,3.54,4.51,203.48,411.62,28.96,1.06,5.42,16.68,6.25,11.46,8.42,51.31,0.27,72.54,4.81,223.62,6.13,223.71
2023,5,17,14,1.5,3.1,4.05,197.12,361.55,27.97,0.95,4.85,16.09,6.73,11.41,8.73,55.19,0.59,72.51,4.77,222.41,6.09,222.51
2023,5,17,15,1.16,2.44,3.36,150.62,283.35,21.23,0.61,3.17,15.17,7.17,11.17,8.97,60.44,0.96,72.49,4.61,219.92,5.92,219.97
2023,5,17,16,0.71,1.6,2.5,85.88,182.23,11.88,0.25,1.23,13.8,7.49,10.64,9.22,67.75,1.31,72.49,4.09,216.54,5.28,216.58
2023,5,17,17,0.42,0.79,1.52,48.23,87.85,6.48,0.07,0.35,12.26,7.81,10.04,9.46,77,1.73,72.51,3.36,212.29,4.4,212.22
2023,5,17,18,0.1,0.15,0.49,11,16.95,1.5,0.01,0.02,10.81,8.32,9.57,9.89,88.19,1.34,72.55,2.41,205.9,3.27,205.59
2023,5,17,19,0,0,0,0,0,0,0,0,9.89,8.75,9.32,10.19,97.06,1.63,72.6,1.72,198.27,2.48,197.01
2023,5,17,20,0,0,0,0,0,0,0,0,9.55,8.72,9.13,10.13,98.88,1.23,72.65,1.53,196.59,2.21,194.13
2023,5,17,21,0,0,0,0,0,0,0,0,9.33,8.74,9.04,10.13,100,0.72,72.7,1.31,200.28,1.82,196.42
2023,5,17,22,0,0,0,0,0,0,0,0,8.87,8.43,8.65,9.89,100,0.42,72.71,0.99,201.89,1.39,194.66
2023,5,17,23,0,0,0,0,0,0,0,0,8.37,7.97,8.17,9.64,100,0.25,72.69,0.5,201.8,0.67,193.39
2023,5,18,0,0,0,0,0,0,0,0,0,7.92,7.51,7.72,9.4,100,0.13,72.65,0.03,270,0.07,32.01
2023,5,18,1,0,0,0,0,0,0,0,0,7.29,6.77,7.03,8.97,100,0.06,72.6,0.43,0,0.85,4.2
2023,5,18,2,0,0,0,0,0,0,0,0,6.76,6.19,6.47,8.67,100,0.02,72.57,0.57,0.78,1.18,4.19
2023,5,18,3,0,0,0,0,0,0,0,0,6.44,5.62,6.02,8.3,99.94,0.01,72.56,0.57,6.25,1.16,9.27
2023,5,18,4,0,0,0,0,0,0,0,0,6.37,5.12,5.75,8,96.81,0.01,72.58,0.56,14.62,1.14,17.19
2023,5,18,5,0.04,0.03,0.13,2.88,3.35,0.41,0,0,6.32,4.68,5.5,7.75,94,0,72.6,0.63,29.12,1.3,28.72
2023,5,18,6,0.48,0.48,1.03,50.98,51.42,6.52,0.03,0.17,7.95,4.92,6.44,7.87,85.81,0.01,72.63,0.87,36.97,1.36,36.34
2023,5,18,7,1.25,1.29,2.04,140.05,145.6,17.96,0.27,1.3,10.75,4.83,7.79,7.75,70,0.01,72.65,0.18,344.74,0.24,352.65
2023,5,18,8,1.89,2.12,2.97,218.83,242.02,29.39,0.67,3.38,12.94,4.67,8.81,7.63,59.5,0,72.67,1.67,232.43,2.08,232.61
2023,5,18,9,2.33,2.84,3.75,278.65,328.1,38.59,1.14,5.9,14.87,4.79,9.83,7.63,52.62,0,72.68,2.75,236.36,3.47,236.49
2023,5,18,10,2.38,3.38,4.32,289.17,390.23,40.78,1.4,7.1,16.23,5.19,10.71,7.87,49.5,0,72.67,3.67,233.3,4.66,233.38
2023,5,18,11,2.57,3.74,4.65,321.77,435.92,46.23,1.73,8.98,17.07,5.75,11.41,8.18,48.75,0,72.64,4.34,228.79,5.55,228.94
2023,5,18,12,2.41,3.68,4.71,313.35,428.5,42.96,1.62,8.5,17.2,6.46,11.83,8.54,50.69,0.06,72.61,4.81,226.91,6.16,227
2023,5,18,13,1.88,3.44,4.51,234.38,398.17,32.86,1.17,5.98,16.55,7.16,11.85,8.97,55.31,0.15,72.58,4.82,227.43,6.17,227.62
2023,5,18,14,1.91,3.02,4.05,240.33,351.5,32.75,1.07,5.45,15.84,7.55,11.69,9.22,59.38,0.22,72.52,4.49,228.1,5.73,228.31
2023,5,18,15,1.46,2.37,3.37,182.8,276.02,24.97,0.68,3.52,15.16,7.7,11.43,9.34,62.81,0.33,72.48,4.08,228.8,5.19,229.02
2023,5,18,16,0.8,1.55,2.51,94.9,177.23,12.77,0.25,1.23,14.05,7.76,10.91,9.4,67.88,0.41,72.45,3.56,230.69,4.55,230.85
2023,5,18,17,0.53,0.79,1.53,60.35,89.45,7.78,0.08,0.4,12.74,7.89,10.32,9.52,74.62,0.44,72.44,3,234.32,3.87,234.54
2023,5,18,18,0.12,0.16,0.5,13.5,17.95,1.84,0.01,0.02,11.29,8.08,9.68,9.64,83.38,0.47,72.45,2.15,238.04,2.89,238.03
2023,5,18,19,0,0,0,0,0,0,0,0,10.08,8.35,9.22,9.83,92.38,0.5,72.49,1.33,241.93,1.95,241.08
2023,5,18,20,0,0,0,0,0,0,0,0,9.59,8.51,9.05,10.01,96.81,0.52,72.53,1.11,249.4,1.65,248.55
2023,5,18,21,0,0,0,0,0,0,0,0,9.24,8.6,8.92,10.07,99.81,0.39,72.55,0.88,256.58,1.34,257.18
2023,5,18,22,0,0,0,0,0,0,0,0,8.83,8.32,8.58,9.83,100,0.26,72.55,0.58,269.23,0.99,272.27
2023,5,18,23,0,0,0,0,0,0,0,0,8.41,8.01,8.21,9.64,100,0.18,72.53,0.44,290.67,0.85,295.62
2023,5,19,0,0,0,0,0,0,0,0,0,7.94,7.66,7.8,9.4,100,0.13,72.48,0.4,313.41,0.83,321.51
2023,5,19,1,0,0,0,0,0,0,0,0,7.49,7.27,7.38,9.16,100,0.1,72.44,0.44,327.45,0.94,335.36
2023,5,19,2,0,0,0,0,0,0,0,0,7.05,6.87,6.96,8.91,100,0.08,72.4,0.47,332.15,1.05,340.89
2023,5,19,3,0,0,0,0,0,0,0,0,6.58,6.26,6.42,8.54,100,0.07,72.37,0.49,348.16,1.11,354.73
2023,5,19,4,0,0,0,0,0,0,0,0,6.4,5.7,6.05,8.24,99,0.06,72.36,0.52,0,1.07,5.01
2023,5,19,5,0.04,0.04,0.13,3.1,4.05,0.46,0,0,6.41,5.22,5.81,7.93,95.62,0.04,72.37,0.52,10.3,1.04,13.93
2023,5,19,6,0.49,0.57,1.04,54.88,62.83,7.19,0.04,0.2,8.31,5.54,6.92,8.18,86.62,0,72.4,0.62,28.84,1.01,27.16
2023,5,19,7,1.15,1.45,2.05,132.55,164.35,18.05,0.28,1.38,11.04,4.76,7.9,7.81,68.81,0,72.43,0.36,248.43,0.43,251.9
2023,5,19,8,1.98,2.35,2.97,232.62,270.95,32.99,0.78,3.92,13.29,3.95,8.62,7.39,56.12,0,72.45,2.07,222.24,2.53,222.62
2023,5,19,9,2.69,3.11,3.75,321.25,359.55,46.66,1.41,7.3,14.93,3.87,9.4,7.32,50.12,0,72.46,3.24,219.72,4.03,219.89
2023,5,19,10,2.64,3.61,4.32,317.67,416.65,47.02,1.64,8.4,16.04,4.27,10.15,7.51,47.62,0,72.46,4.08,218.87,5.12,218.93
2023,5,19,11,2.74,3.94,4.65,341.1,455.88,50.84,1.91,10.02,16.65,4.87,10.76,7.69,47.19,0.03,72.45,4.57,218.26,5.74,218.26
2023,5,19,12,2.48,3.76,4.71,316,433.02,44.2,1.65,8.75,16.87,5.33,11.1,7.93,47.69,0.09,72.42,4.71,217.99,5.91,218.02
2023,5,19,13,2.22,3.59,4.51,275.95,412.83,39.02,1.39,7.12,16.86,5.36,11.11,7.87,47.62,0.16,72.38,4.79,217.04,6.03,217.11
2023,5,19,14,1.97,3.17,4.05,244.3,367,34.77,1.16,5.88,16.41,5.4,10.9,7.93,49.06,0.23,72.34,4.75,216.91,6,216.96
2023,5,19,15,1.57,2.5,3.37,200.3,290.33,27.86,0.77,4,15.41,5.41,10.41,7.93,52.31,0.3,72.31,4.71,216.17,6.02,216.19
2023,5,19,16,0.89,1.66,2.51,109.73,190.52,14.99,0.3,1.48,14.18,5.36,9.76,7.87,56.5,0.36,72.3,4.4,216.48,5.68,216.55
2023,5,19,17,0.51,0.86,1.54,61.7,97.7,8.58,0.09,0.45,12.72,5.4,9.06,7.93,62.38,0.38,72.3,3.76,215.61,4.91,215.81
2023,5,19,18,0.11,0.18,0.51,12.3,20.08,1.72,0.01,0.02,11.23,5.77,8.5,8.18,70.94,0.28,72.31,2.71,211.59,3.67,211.59
2023,5,19,19,0,0,0,0,0,0,0,0,10.12,6.22,8.16,8.48,79.5,0.25,72.35,1.72,206.8,2.46,206.16
2023,5,19,20,0,0,0,0,0,0,0,0,9.61,6.24,7.93,8.48,82.38,0.21,72.41,1.52,202.08,2.11,200.58
2023,5,19,21,0,0,0,0,0,0,0,0,9.15,6.09,7.62,8.42,83.88,0.14,72.45,0.96,191.22,1.3,187.59
2023,5,19,22,0,0,0,0,0,0,0,0,8.26,5.86,7.05,8.24,87.69,0.07,72.45,0.42,164.93,0.63,144.54
2023,5,19,23,0,0,0,0,0,0,0,0,7.23,5.43,6.33,8.06,91.5,0.03,72.42,0.2,96.58,0.5,82.76
2023,5,20,0,0,0,0,0,0,0,0,0,6.43,4.92,5.67,7.81,93.75,0.02,72.38,0.23,43.6,0.67,45.47
2023,5,20,1,0,0,0,0,0,0,0,0,5.76,4.51,5.14,7.63,95.56,0.01,72.34,0.34,35.54,0.93,38.51
2023,5,20,2,0,0,0,0,0,0,0,0,5.3,4.09,4.69,7.39,96,0,72.3,0.43,34.56,1.1,36.95
2023,5,20,3,0,0,0,0,0,0,0,0,4.93,3.62,4.27,7.14,95.31,0,72.27,0.51,39.35,1.24,40.91
2023,5,20,4,0,0,0,0,0,0,0,0,4.62,3.15,3.88,6.9,94.25,0,72.26,0.54,42.66,1.33,43.81
2023,5,20,5,0.05,0.04,0.13,3.65,4.33,0.53,0,0,4.48,2.69,3.58,6.71,92.06,0,72.27,0.66,40.67,1.49,42.03
2023,5,20,6,0.61,0.6,1.04,66.05,66.77,8.27,0.05,0.23,7.05,3.37,5.21,7.08,81.56,0,72.3,0.64,44.5,1.23,45
2023,5,20,7,1.51,1.5,2.05,171.05,172.9,23.17,0.34,1.7,10.43,2.01,6.22,6.41,58.5,0,72.34,0.27,157.89,0.32,150.95
2023,5,20,8,2.36,2.39,2.98,273.8,278.05,39.52,0.92,4.58,12.85,0.77,6.81,5.74,44.81,0,72.35,1.93,212.28,2.38,212.28
2023,5,20,9,2.64,3.11,3.75,316.23,360.12,46.51,1.42,7.35,14.73,0.81,7.77,5.74,39.5,0,72.37,3.13,215.44,3.88,215.42
2023,5,20,10,2.71,3.61,4.32,336.27,423.62,50.38,1.77,9.02,15.9,1.39,8.65,5.92,38.12,0,72.38,4.02,215.91,5.05,215.88
2023,5,20,11,2.7,3.91,4.65,333.85,456,49.9,1.85,9.83,16.58,2.08,9.33,6.23,38.25,0,72.38,4.54,215.82,5.72,215.77
2023,5,20,12,2.66,3.73,4.71,330.17,428.4,47.1,1.72,9.2,16.79,2.78,9.78,6.53,39.62,0,72.38,4.74,214.92,5.96,214.92
2023,5,20,13,2.44,3.49,4.51,297.73,399.4,41.49,1.48,7.52,16.83,3.2,10.02,6.71,40.69,0,72.36,4.92,213.54,6.22,213.53
2023,5,20,14,2.07,2.93,4.05,245.27,330.33,33.2,1.05,5.33,16.44,3.45,9.94,6.84,42.5,0,72.35,4.96,212.79,6.3,212.8
2023,5,20,15,1.55,2.27,3.37,182.05,254.9,24.28,0.64,3.33,15.71,3.59,9.65,6.96,44.94,0,72.34,4.79,213.43,6.12,213.49
2023,5,20,16,0.99,1.54,2.52,115.48,172.38,15.22,0.3,1.48,14.55,3.58,9.07,6.9,48.38,0,72.34,4.4,215.16,5.64,215.25
2023,5,20,17,0.56,0.75,1.54,62.05,82,8,0.09,0.4,13.12,3.59,8.36,6.96,53.25,0,72.35,3.74,216.51,4.88,216.67
2023,5,20,18,0.14,0.16,0.52,15.75,17.88,2.09,0.01,0.02,11.55,4.15,7.85,7.26,61.88,0.09,72.38,2.56,215.58,3.52,215.88
2023,5,20,19,0,0,0,0,0,0,0,0,10.23,5.03,7.62,7.81,72.62,0.1,72.43,1.24,213.99,1.96,214.95
2023,5,20,20,0,0,0,0,0,0,0,0,9.81,4.94,7.37,7.75,74.31,0.04,72.49,1.05,212.28,1.69,215.01
2023,5,20,21,0,0,0,0,0,0,0,0,9.28,4.77,7.02,7.63,75.94,0.02,72.54,0.78,209.89,1.14,209.89
2023,5,20,22,0,0,0,0,0,0,0,0,8.88,4.6,6.74,7.57,76.94,0.02,72.56,0.63,195.75,0.82,188.21
2023,5,20,23,0,0,0,0,0,0,0,0,8.38,4.46,6.42,7.45,78.75,0.02,72.54,0.43,172.61,0.58,159.62
2023,5,21,0,0,0,0,0,0,0,0,0,7.73,4.2,5.96,7.32,80.88,0.01,72.5,0.28,149.86,0.43,128.33
2023,5,21,1,0,0,0,0,0,0,0,0,7.27,3.87,5.57,7.2,81.69,0.01,72.46,0.19,104.62,0.4,84.4
2023,5,21,2,0,0,0,0,0,0,0,0,6.93,3.58,5.25,7.02,81.88,0.01,72.43,0.2,67.38,0.47,58.71
2023,5,21,3,0,0,0,0,0,0,0,0,6.57,3.26,4.91,6.9,82.19,0.01,72.41,0.28,43.88,0.58,42.27
2023,5,21,4,0,0,0,0,0,0,0,0,6.06,3.01,4.53,6.77,83.62,0.01,72.41,0.39,30.17,0.79,31.64
2023,5,21,5,0.04,0.04,0.14,3.5,4.02,0.52,0,0,5.62,2.76,4.19,6.65,84.81,0.01,72.42,0.56,25.5,1.16,29.32
2023,5,21,6,0.52,0.53,1.05,56.88,59.08,7.33,0.04,0.2,7.57,3.25,5.41,6.96,77.62,0.06,72.45,0.92,28.53,1.49,31.27
2023,5,21,7,1.31,1.38,2.06,149.2,159.38,19.84,0.3,1.48,10.75,2.26,6.51,6.47,57.94,0.03,72.46,0.68,31.87,0.84,32.8
2023,5,21,8,2.06,2.25,2.98,241.33,262.75,33.95,0.8,4,13.62,0.83,7.23,5.74,42.88,0.02,72.48,1.34,218.14,1.66,218.32
2023,5,21,9,2.6,2.99,3.75,312.62,349.92,45.34,1.37,7.08,15.55,0.79,8.16,5.74,37.62,0.02,72.49,3.04,216.96,3.83,217.13
2023,5,21,10,2.65,3.49,4.32,322.88,408.2,47.38,1.65,8.48,16.58,1.56,9.07,6.04,37.12,0.03,72.52,4.24,216,5.39,216.16
2023,5,21,11,2.49,3.78,4.65,309.85,443.25,45.56,1.7,8.98,17.01,2.47,9.74,6.41,38.44,0.07,72.54,4.75,215.7,6.04,215.79
2023,5,21,12,1.79,3.52,4.71,232.92,406.75,31.59,1.14,6.05,16.99,3.29,10.14,6.77,40.69,0.12,72.53,4.85,215.76,6.16,215.71
2023,5,21,13,1.83,3.37,4.51,234.98,390.83,32.28,1.16,5.83,16.69,3.83,10.26,7.08,43.12,0.15,72.51,4.72,215.64,5.98,215.7
2023,5,21,14,1.25,2.84,4.06,157.17,326.05,21.06,0.66,3.35,16.02,4.17,10.09,7.2,46.06,0.15,72.49,4.42,215.43,5.61,215.42
2023,5,21,15,1.08,2.27,3.38,137.73,261.35,18.3,0.49,2.58,15.3,4.34,9.83,7.32,48.81,0.12,72.47,3.97,216.92,5.02,216.78
2023,5,21,16,0.85,1.52,2.52,104.45,173.52,14.04,0.28,1.4,14.44,4.37,9.41,7.32,51.75,0.09,72.45,3.38,219.09,4.3,218.95
2023,5,21,17,0.47,0.73,1.55,52.62,81.77,6.7,0.07,0.35,13.37,4.5,8.93,7.39,56,0.07,72.46,2.69,220.64,3.45,220.5
2023,5,21,18,0.13,0.16,0.52,13.85,17.98,1.9,0.01,0.02,12,5.33,8.66,7.93,65.44,0.07,72.5,1.56,220.94,2.19,220.8
2023,5,21,19,0,0,0,0,0,0,0,0,10.74,5.06,7.9,7.75,69.69,0.04,72.54,0.77,213.05,1.18,213.9
2023,5,21,20,0,0,0,0,0,0,0,0,10.44,4.6,7.52,7.51,68.75,0.02,72.6,0.21,197.74,0.33,203.55
2023,5,21,21,0,0,0,0,0,0,0,0,9.68,4.53,7.1,7.45,72.12,0.01,72.65,0.36,46.74,0.59,45.54
2023,5,21,22,0,0,0,0,0,0,0,0,8.94,4.26,6.6,7.32,74.25,0,72.66,0.66,38.23,1.18,39.08
2023,5,21,23,0,0,0,0,0,0,0,0,8.42,3.87,6.15,7.08,74.88,0,72.65,0.85,33.4,1.55,34.73
2023,5,22,0,0,0,0,0,0,0,0,0,8.3,3.32,5.81,6.84,72.62,0,72.62,0.93,29.8,1.64,30.73
2023,5,22,1,0,0,0,0,0,0,0,0,8.44,2.75,5.59,6.59,69.06,0,72.58,0.95,24.25,1.6,24.81
2023,5,22,2,0,0,0,0,0,0,0,0,8.6,2.26,5.44,6.35,66,0,72.53,0.97,17.27,1.6,17.9
2023,5,22,3,0,0,0,0,0,0,0,0,8.58,1.83,5.21,6.16,64.06,0,72.5,1,13.6,1.62,13.64
2023,5,22,4,0,0,0,0,0,0,0,0,8.31,1.33,4.82,5.92,62.88,0,72.5,1.05,11.14,1.73,11.21
2023,5,22,5,0.05,0.04,0.14,3.75,3.77,0.54,0,0,8.01,0.83,4.42,5.74,61.88,0,72.51,1.15,11,1.89,11.22
2023,5,22,6,0.52,0.5,1.05,53.2,53.42,6.76,0.04,0.17,9.7,2.75,6.23,6.71,64.5,0,72.53,1.21,16.1,1.95,13.7
2023,5,22,7,1.32,1.33,2.06,144.17,147.23,18.48,0.27,1.33,13.24,1.58,7.41,6.23,47.31,0,72.56,1.29,358.26,1.65,358.64
2023,5,22,8,2.16,2.2,2.98,244.67,249.62,33.33,0.77,3.77,16.19,0.38,8.29,5.74,36.25,0,72.6,0.96,305.75,1.2,305.97
2023,5,22,9,2.78,2.95,3.75,324.45,338.75,46.07,1.36,6.98,18.54,0.01,9.28,5.62,30.5,0,72.62,1.66,243.07,2.13,242.97
2023,5,22,10,2.89,3.47,4.32,341.85,398.5,49.16,1.66,8.75,19.72,0.87,10.3,5.98,30.31,0,72.63,3.16,224.4,4.11,224.69
2023,5,22,11,2.99,3.75,4.65,363.9,431.1,52.2,1.93,10.2,19.97,2.58,11.27,6.77,33.69,0,72.65,4.36,221.66,5.65,221.92
2023,5,22,12,2.14,3.45,4.71,263.48,389.55,34.84,1.25,6.7,19.8,4.11,11.95,7.51,37.81,0,72.65,4.89,221.82,6.3,222.14
2023,5,22,13,1.4,3.27,4.51,174.17,369.38,23.45,0.8,4.08,19.51,5.14,12.33,8,41,0.03,72.63,4.91,221.45,6.3,221.68
2023,5,22,14,1.12,2.83,4.06,140.62,319.7,18.64,0.59,2.95,18.79,5.88,12.33,8.36,44.75,0.13,72.6,4.64,221.39,5.94,221.53
2023,5,22,15,0.89,2.18,3.38,107.33,244.02,13.88,0.36,1.9,17.86,6.37,12.12,8.61,48.75,0.29,72.58,4.13,221.4,5.26,221.45
2023,5,22,16,0.6,1.42,2.53,70.23,155.9,9.2,0.18,0.88,16.46,6.9,11.68,8.85,54.81,0.3,72.58,3.51,221.93,4.48,221.96
2023,5,22,17,0.37,0.68,1.56,41.5,73.02,5.43,0.05,0.27,15.17,7.29,11.23,9.09,61.06,0.2,72.59,2.74,222.57,3.53,222.58
2023,5,22,18,0.1,0.15,0.53,10.48,15.95,1.38,0.01,0.02,13.6,7.87,10.73,9.46,70.5,0.04,72.62,1.67,223.48,2.33,223.5
2023,5,22,19,0,0,0,0,0,0,0,0,11.65,8.23,9.94,9.7,82.06,0.02,72.66,0.81,226.57,1.49,227.77
2023,5,22,20,0,0,0,0,0,0,0,0,11.33,8.07,9.7,9.58,82.81,0.01,72.7,0.61,242.45,1.01,242.84
2023,5,22,21,0,0,0,0,0,0,0,0,11.04,7.85,9.44,9.4,83.12,0,72.72,0.37,293.84,0.59,297.58
2023,5,22,22,0,0,0,0,0,0,0,0,10.64,7.51,9.08,9.22,83.5,0,72.71,0.46,357.09,0.78,359.43
2023,5,22,23,0,0,0,0,0,0,0,0,10.33,7.08,8.71,8.97,82.94,0,72.7,0.55,26.2,0.89,25.89
2023,5,23,0,0,0,0,0,0,0,0,0,9.94,6.59,8.27,8.67,82.38,0,72.67,0.56,41.63,0.93,40.55
2023,5,23,1,0,0,0,0,0,0,0,0,9.49,6.15,7.82,8.42,82.5,0,72.64,0.65,41.58,1.09,40.91
2023,5,23,2,0,0,0,0,0,0,0,0,9.1,5.66,7.38,8.18,82.06,0,72.61,0.78,35.27,1.3,34.94
2023,5,23,3,0,0,0,0,0,0,0,0,8.77,5.12,6.95,7.87,80.81,0,72.59,0.88,35.24,1.44,34.64
2023,5,23,4,0,0,0,0,0,0,0,0,8.7,4.55,6.62,7.57,78,0.01,72.59,0.87,37.69,1.39,37.71
2023,5,23,5,0.04,0.04,0.15,2.95,3.55,0.4,0,0,8.63,4.03,6.33,7.26,75.56,0.01,72.61,0.84,43.49,1.34,42.88
2023,5,23,6,0.28,0.43,1.06,31.52,44.95,4.15,0.02,0.12,10.24,4.76,7.51,7.75,72.06,0.01,72.64,0.64,62.5,1.04,56.31
2023,5,23,7,0.68,1.14,2.06,79.08,124.25,10.48,0.16,0.83,12.89,4.39,8.64,7.69,60.19,0,72.68,0.96,193.7,1.17,193.85
2023,5,23,8,1.12,1.94,2.98,135.42,216.3,17.98,0.43,2.17,14.88,3.51,9.19,7.2,49.62,0.01,72.72,2.5,208.97,3.1,209.08
2023,5,23,9,1.48,2.66,3.75,184.3,301.35,24.61,0.73,3.85,16.33,3.3,9.81,7.02,44.12,0.01,72.74,3.46,211.9,4.32,211.91
2023,5,23,10,1.78,3.21,4.32,223.35,366.62,29.94,1.02,5.08,17.35,3.79,10.57,7.2,42.38,0.03,72.74,4,213.53,5,213.59
2023,5,23,11,1.81,3.53,4.65,231.2,405.08,31.23,1.12,5.8,18.01,4.66,11.33,7.63,42.81,0.11,72.7,4.32,214.32,5.42,214.42
2023,5,23,12,2,3.53,4.71,255.17,407.15,34.55,1.27,6.7,18.31,5.6,11.95,8.06,44.5,0.17,72.64,4.46,215.53,5.6,215.57
2023,5,23,13,2.38,3.35,4.51,288.7,386.67,39.55,1.42,7.15,18.19,6.33,12.26,8.48,47,0.27,72.57,4.49,216.51,5.65,216.57
2023,5,23,14,2.11,2.92,4.06,257.17,336.5,34.53,1.12,5.67,17.55,6.8,12.18,8.73,50.5,0.48,72.52,4.41,217.3,5.58,217.43
2023,5,23,15,1.57,2.28,3.38,190.33,261.73,25.62,0.7,3.67,16.19,7.26,11.73,9.03,56.94,0.8,72.48,4.03,219.49,5.12,219.67
2023,5,23,16,1.05,1.53,2.53,124.75,173.42,16.57,0.33,1.62,14.61,7.65,11.13,9.34,65,0.9,72.45,3.28,223.46,4.16,223.55
2023,5,23,17,0.53,0.74,1.56,58.95,82.27,7.51,0.08,0.4,13.18,7.94,10.56,9.58,73,0.69,72.44,2.46,226.67,3.12,226.83
2023,5,23,18,0.15,0.17,0.54,16.2,19.15,2.27,0.01,0.02,11.85,8.11,9.98,9.7,80.75,0.29,72.44,1.53,232.07,1.99,231.87
2023,5,23,19,0,0,0,0,0,0,0,0,10.75,8.35,9.55,9.89,88.75,0.1,72.45,0.6,240.44,0.92,239.29
2023,5,23,20,0,0,0,0,0,0,0,0,9.94,7.99,8.97,9.64,91.38,0.04,72.47,0.17,289.29,0.3,299.2
2023,5,23,21,0,0,0,0,0,0,0,0,9.37,7.55,8.47,9.4,92.25,0.01,72.5,0.5,36.16,0.91,34.1
2023,5,23,22,0,0,0,0,0,0,0,0,9.17,7.08,8.13,9.09,90.56,0,72.53,0.72,58.39,1.23,56.92
2023,5,23,23,0,0,0,0,0,0,0,0,9.41,6.71,8.06,8.85,86.81,0,72.55,0.39,85.43,0.61,86.33
2023,5,24,0,0,0,0,0,0,0,0,0,8.9,6.78,7.83,8.91,90.44,0,72.56,0.2,285.64,0.32,278.53
2023,5,24,1,0,0,0,0,0,0,0,0,8.57,7,7.79,9.03,93.69,0,72.53,0.26,333.43,0.49,339.55
2023,5,24,2,0,0,0,0,0,0,0,0,8.47,6.81,7.64,8.91,92.94,0,72.47,0.37,21.12,0.74,23.59
2023,5,24,3,0,0,0,0,0,0,0,0,8.4,6.47,7.44,8.67,90.94,0.01,72.43,0.48,25.3,0.89,25.89
2023,5,24,4,0,0,0,0,0,0,0,0,8.47,6.07,7.26,8.42,88,0,72.45,0.47,0,0.8,1.68
2023,5,24,5,0.04,0.04,0.15,3.08,3.88,0.43,0,0,8.48,5.79,7.13,8.24,86.25,0,72.48,0.48,350.69,0.8,352.11
2023,5,24,6,0.19,0.46,1.06,22.27,49.02,3.07,0.02,0.1,9.89,6.15,8.02,8.48,80.75,0,72.51,0.42,355.76,0.71,0.63
2023,5,24,7,0.55,1.21,2.07,66.52,134.05,9.15,0.16,0.77,12.4,5.72,9.05,8.24,66.44,0,72.54,0.69,262.79,0.83,263.01
2023,5,24,8,0.71,2.02,2.98,89.62,230.85,12.78,0.33,1.65,14.67,5.17,9.92,7.93,55.19,0,72.57,2.26,226.97,2.8,227.04
2023,5,24,9,0.96,2.75,3.75,126.08,318.23,17.7,0.55,2.88,16.13,5.71,10.92,8.18,51.81,0.01,72.59,3.49,221.28,4.39,221.46
2023,5,24,10,0.72,3.33,4.32,97.42,388.12,13.32,0.45,2.27,17.03,6.69,11.86,8.67,51.94,0.03,72.59,4.37,219.12,5.52,219.2
2023,5,24,11,1.56,3.63,4.65,210.25,423.65,30.03,1.12,5.88,17.35,7.58,12.46,9.22,53.88,0.03,72.58,4.68,218.42,5.91,218.51
2023,5,24,12,2.13,3.93,4.71,282.02,468.9,43.78,1.73,9.3,17.52,8.19,12.85,9.58,55.62,0.02,72.54,4.68,218.42,5.91,218.51
2023,5,24,13,2.66,3.72,4.51,331.95,442.45,50.53,1.92,9.92,17.58,8.51,13.05,9.83,56.75,0.02,72.49,4.68,219.51,5.92,219.53
2023,5,24,14,2.43,3.32,4.06,302.65,395.55,45.96,1.61,8.23,17.3,8.61,12.96,9.95,58.25,0.04,72.45,4.7,221.7,5.97,221.76
2023,5,24,15,1.75,2.63,3.39,217.15,311.33,32.18,0.94,4.95,16.23,8.56,12.4,9.95,62.25,0.07,72.41,4.45,223.79,5.67,223.83
2023,5,24,16,1.13,1.84,2.54,137.65,216,20.04,0.43,2.12,14.82,8.55,11.69,9.95,68.25,0.07,72.38,3.84,224.09,4.9,224.16
2023,5,24,17,0.6,0.98,1.57,69.3,112.05,9.42,0.11,0.52,13.55,8.56,11.05,9.95,74.25,0.07,72.36,3.18,222.91,4.08,222.98
2023,5,24,18,0.2,0.24,0.55,21.62,26.12,2.97,0.01,0.05,12.28,8.61,10.44,10.01,81.06,0.09,72.37,2.49,219.78,3.29,219.89
2023,5,24,19,0,0,0,0,0,0,0,0,10.89,8.93,9.9,10.25,91.06,0.09,72.4,1.48,213.61,2.18,213.58
2023,5,24,20,0,0,0,0,0,0,0,0,10.29,9.06,9.68,10.38,95.69,0.07,72.43,1.35,208.35,2.1,208.37
2023,5,24,21,0,0,0,0,0,0,0,0,9.85,8.98,9.41,10.31,98.25,0.04,72.48,1.1,201.27,1.79,201.52
2023,5,24,22,0,0,0,0,0,0,0,0,9.6,8.84,9.22,10.25,99.06,0.02,72.5,0.86,192.53,1.43,192.67
2023,5,24,23,0,0,0,0,0,0,0,0,9.05,8.68,8.87,10.13,100,0.02,72.49,0.63,180,1.14,178.43
2023,5,25,0,0,0,0,0,0,0,0,0,8.76,8.42,8.59,10.01,100,0.02,72.45,0.56,169.62,0.91,159.85
2023,5,25,1,0,0,0,0,0,0,0,0,8.26,8.03,8.15,9.77,100,0.04,72.4,0.33,135.97,0.66,118.07
2023,5,25,2,0,0,0,0,0,0,0,0,8.05,7.61,7.83,9.52,100,0.11,72.35,0.3,107.97,0.71,90.63
2023,5,25,3,0,0,0,0,0,0,0,0,7.9,7.19,7.55,9.28,100,0.15,72.32,0.27,112.11,0.67,90
2023,5,25,4,0,0,0,0,0,0,0,0,8.05,6.9,7.48,9.09,97.62,0.08,72.33,0.37,155.06,0.55,126.38
2023,5,25,5,0.05,0.05,0.15,3.88,4.88,0.58,0,0.02,8.22,6.89,7.55,9.09,96.31,0.02,72.36,0.41,182.16,0.51,173.85
2023,5,25,6,0.49,0.55,1.07,55.38,60.52,7.62,0.05,0.27,9.3,7.52,8.41,9.46,93.25,0.01,72.41,0.89,221.09,1.15,220.31
2023,5,25,7,0.9,1.36,2.07,106.75,154.9,15.11,0.27,1.35,10.55,7.7,9.12,9.58,86.88,0.01,72.45,1.92,234.44,2.42,234.46
2023,5,25,8,1.44,2.22,2.99,177.7,260.62,25.92,0.7,3.62,12.38,7.29,9.83,9.28,74.69,0.02,72.48,2.55,238.4,3.16,238.43
2023,5,25,9,2.15,2.96,3.75,270.55,352.12,40.3,1.35,7.33,14.18,6.98,10.58,9.03,64.62,0.03,72.48,3.49,232.82,4.35,232.97
2023,5,25,10,2.61,3.49,4.32,328.55,417.35,49.05,1.88,9.55,14.99,7.15,11.07,9.09,61.62,0.1,72.48,4.3,227.21,5.42,227.34
2023,5,25,11,2.4,3.86,4.65,311.48,461.35,47.57,1.96,10.48,15.21,7.45,11.33,9.22,61.88,0.41,72.46,4.8,224.8,6.09,224.84
2023,5,25,12,2,3.84,4.71,270,457.3,41.23,1.7,9.27,15.3,7.76,11.53,9.46,62.81,0.78,72.43,5.1,223.38,6.49,223.49
2023,5,25,13,1.84,3.68,4.52,239.55,437.08,36.8,1.46,7.48,15.22,7.98,11.6,9.58,64.19,0.9,72.4,5.2,222.93,6.63,223.09
2023,5,25,14,1.32,3.17,4.06,171.67,374.02,25.66,0.91,4.67,14.86,8.01,11.44,9.64,65.94,0.91,72.37,5.03,223.36,6.44,223.48
2023,5,25,15,1.21,2.48,3.39,156.38,290.38,24.33,0.77,4.17,14.12,7.94,11.03,9.58,68.69,0.8,72.35,4.66,223.64,5.98,223.78
2023,5,25,16,0.81,1.67,2.54,98.02,192.75,15.05,0.37,1.83,13.22,7.62,10.42,9.4,71.31,0.64,72.35,4.12,223.92,5.3,224.05
2023,5,25,17,0.2,0.85,1.58,24,96.23,3.3,0.04,0.2,12.16,7.23,9.69,9.09,74.38,0.48,72.36,3.4,222.86,4.37,222.9
2023,5,25,18,0.12,0.2,0.56,14.33,22.55,2.06,0.01,0.02,10.87,7.09,8.98,9.03,80.56,0.26,72.39,2.42,218.57,3.2,218.75
2023,5,25,19,0,0,0,0,0,0,0,0,9.52,7.04,8.28,9.03,88.19,0.19,72.43,1.32,206.72,1.93,207.5
2023,5,25,20,0,0,0,0,0,0,0,0,9.13,6.8,7.97,8.91,88.81,0.11,72.48,1.12,197.93,1.57,197.71
2023,5,25,21,0,0,0,0,0,0,0,0,8.53,6.53,7.53,8.73,91.06,0.06,72.51,0.79,181.7,1.11,178.39
2023,5,25,22,0,0,0,0,0,0,0,0,7.93,6.43,7.18,8.73,94.44,0.04,72.5,0.52,166.17,0.73,144.96
2023,5,25,23,0,0,0,0,0,0,0,0,7.52,6,6.76,8.48,94.44,0.03,72.45,0.27,146.77,0.55,102.26
2023,5,26,0,0,0,0,0,0,0,0,0,7.48,5.46,6.47,8.18,91.19,0.03,72.39,0.16,122.91,0.5,77.47
2023,5,26,1,0,0,0,0,0,0,0,0,7.43,4.95,6.19,7.87,88.31,0.02,72.33,0.07,83.66,0.45,56.31
2023,5,26,2,0,0,0,0,0,0,0,0,7.25,4.48,5.86,7.63,86.38,0.02,72.29,0.08,11.31,0.51,38.8
2023,5,26,3,0,0,0,0,0,0,0,0,7.05,4.08,5.56,7.39,85.12,0.01,72.26,0.19,22.25,0.66,34.44
2023,5,26,4,0,0,0,0,0,0,0,0,6.96,3.66,5.31,7.14,82.88,0.01,72.26,0.27,22.11,0.71,31.07
2023,5,26,5,0.05,0.05,0.16,4,4.8,0.59,0,0.02,7.15,3.26,5.2,6.96,79.25,0,72.3,0.29,21.8,0.61,26.57
2023,5,26,6,0.51,0.56,1.07,56,61.35,7.62,0.05,0.27,8.8,4.05,6.42,7.39,75.19,0,72.35,0.16,305.22,0.25,334.23
2023,5,26,7,1.27,1.46,2.07,146.58,168.12,20.37,0.35,1.75,11.1,4.22,7.65,7.45,65.5,0,72.41,1.03,234.61,1.27,234.26
2023,5,26,8,2.13,2.36,2.99,253.08,278.62,37.16,0.98,4.95,13.12,4.22,8.67,7.57,57.94,0,72.45,2.26,221.78,2.79,221.82
2023,5,26,9,2.4,3.08,3.75,295.15,363.83,44.48,1.48,7.85,14.95,4.25,9.6,7.57,51.69,0,72.47,3.21,215,3.99,215.03
2023,5,26,10,2.64,3.6,4.32,327.15,423.62,49.51,1.88,9.85,16.14,4.79,10.46,7.81,49.44,0,72.48,3.98,210.54,4.98,210.42
2023,5,26,11,2.49,3.89,4.65,318.25,459.25,48.4,1.97,10.6,16.64,5.73,11.19,8.24,50.56,0,72.48,4.66,210.78,5.87,210.73
2023,5,26,12,2.72,3.98,4.72,352.48,473.95,54.64,2.24,12.27,16.29,6.56,11.42,8.67,54.12,0.01,72.47,4.96,211.61,6.27,211.61
2023,5,26,13,2.53,3.76,4.52,325.6,450.23,50.23,1.98,10.23,15.41,6.89,11.15,8.85,58.44,0.05,72.45,4.93,211.24,6.24,211.22
2023,5,26,14,2.03,3.22,4.07,260.1,388.35,38.77,1.36,6.92,14.8,6.93,10.87,8.85,60.94,0.08,72.42,4.73,210.8,6,210.77
2023,5,26,15,1.56,2.59,3.39,197.12,310.58,29.28,0.88,4.65,14.24,6.83,10.53,8.79,62.81,0.11,72.4,4.52,208.69,5.76,208.62
2023,5,26,16,1.02,1.71,2.55,127,200.23,18.41,0.41,2.02,13.26,6.65,9.96,8.73,66.19,0.11,72.39,4.15,206.37,5.29,206.38
2023,5,26,17,0.5,0.83,1.58,56.12,92.4,7.51,0.09,0.45,11.98,6.54,9.26,8.67,71.5,0.09,72.4,3.59,203.61,4.6,203.52
2023,5,26,18,0.15,0.19,0.57,17.1,21.17,2.4,0.01,0.05,10.48,6.5,8.49,8.67,79,0.19,72.43,2.84,198.78,3.73,198.43
2023,5,26,19,0,0,0,0,0,0,0,0,9.17,6.71,7.94,8.79,87.88,0.16,72.48,1.71,190.8,2.38,190.42
2023,5,26,20,0,0,0,0,0,0,0,0,8.66,6.76,7.71,8.85,91.44,0.11,72.52,1.35,182.32,1.95,181.15
2023,5,26,21,0,0,0,0,0,0,0,0,8.02,6.63,7.33,8.79,94.75,0.06,72.53,0.77,177.11,1.21,170.36
2023,5,26,22,0,0,0,0,0,0,0,0,7.19,6.22,6.71,8.54,97.62,0.02,72.51,0.49,155.48,0.79,137.8
2023,5,26,23,0,0,0,0,0,0,0,0,6.3,5.69,6,8.24,100,0.01,72.47,0.31,110.73,0.7,93.86
2023,5,27,0,0,0,0,0,0,0,0,0,5.8,5.12,5.45,7.93,99.75,0,72.42,0.31,84.14,0.83,70.71
2023,5,27,1,0,0,0,0,0,0,0,0,5.45,4.29,4.87,7.45,96.06,0,72.36,0.35,71.97,0.98,62.41
2023,5,27,2,0,0,0,0,0,0,0,0,5.25,3.22,4.23,6.9,90.12,0,72.31,0.48,59.68,1.15,55.77
2023,5,27,3,0,0,0,0,0,0,0,0,5.18,2.08,3.63,6.35,83.25,0,72.27,0.51,54.36,1.2,51.86
2023,5,27,4,0,0,0,0,0,0,0,0,5.23,0.91,3.07,5.8,76.06,0,72.23,0.51,48.08,1.15,47.2
2023,5,27,5,0.05,0.04,0.16,4.02,4.58,0.59,0,0.02,5.38,0.01,2.69,5.43,70.31,0,72.23,0.55,40.96,1.15,41.41
2023,5,27,6,0.51,0.52,1.08,53.12,54.58,7.16,0.05,0.25,7.73,1.4,4.56,6.04,66.69,0,72.25,0.33,37.41,0.73,39.33
2023,5,27,7,1.32,1.36,2.08,145.17,150.98,19.58,0.34,1.67,10.81,1.15,5.98,5.92,52.88,0,72.28,0.75,206.57,0.9,206.79
2023,5,27,8,2.02,2.24,2.99,233.58,256.5,33.27,0.87,4.42,13.03,1.65,7.33,6.1,47.25,0,72.3,2.26,214.13,2.76,214.05
2023,5,27,9,2.1,2.94,3.75,256.45,339.52,37.41,1.24,6.7,14.67,2.31,8.49,6.41,44.5,0.01,72.33,3.42,214.96,4.25,214.89
2023,5,27,10,2.35,3.53,4.32,294.12,411.2,43.9,1.68,8.62,15.6,3.28,9.44,6.84,44.81,0.02,72.36,4.25,214.13,5.32,214.16
2023,5,27,11,2.42,3.87,4.65,300.45,453.27,46.38,1.89,10.3,16.05,4.3,10.18,7.32,46.69,0.04,72.37,4.67,212.28,5.85,212.29
2023,5,27,12,2.62,3.85,4.72,337.23,450.75,49.94,2.04,11.27,15.79,5.04,10.41,7.75,50,0.11,72.36,4.8,211.28,6.05,211.2
2023,5,27,13,2.42,3.67,4.52,304.6,428.83,45.2,1.79,9.45,14.93,5.61,10.26,8.06,55.06,0.23,72.35,4.64,211.36,5.86,211.36
2023,5,27,14,1.89,3.21,4.07,233.67,374.4,34.39,1.23,6.35,14.27,6.02,10.15,8.36,59.31,0.48,72.32,4.37,209.82,5.52,209.8
2023,5,27,15,1.59,2.54,3.4,194.98,295.42,28.46,0.87,4.62,13.48,6.3,9.89,8.54,63.81,0.85,72.3,4.29,209.69,5.45,209.65
2023,5,27,16,1.08,1.75,2.55,127.95,201.52,18.13,0.41,2.05,12.35,6.64,9.5,8.79,70.5,1.35,72.29,4.07,209.08,5.21,209.06
2023,5,27,17,0.55,0.92,1.59,62.35,104.2,8.3,0.1,0.52,10.94,7.09,9.01,9.09,80.12,1.9,72.3,3.61,207.62,4.7,207.55
2023,5,27,18,0.16,0.23,0.58,18.92,25.02,2.66,0.01,0.05,9.76,7.57,8.66,9.4,89.88,1.28,72.33,2.84,205.08,3.79,205.03
2023,5,27,19,0,0,0,0,0,0,0,0,8.87,7.69,8.29,9.52,96.56,1.26,72.37,2.06,200.84,2.87,200.76
2023,5,27,20,0,0,0,0,0,0,0,0,8.57,7.72,8.14,9.52,98.81,0.98,72.42,2.01,200.27,2.82,200.09
2023,5,27,21,0,0,0,0,0,0,0,0,8.31,7.82,8.07,9.58,100,0.67,72.46,1.76,201.33,2.53,200.62
2023,5,27,22,0,0,0,0,0,0,0,0,8.02,7.6,7.81,9.46,100,0.42,72.47,1.46,198.73,2.13,197.97
2023,5,27,23,0,0,0,0,0,0,0,0,7.65,7.26,7.46,9.22,100,0.26,72.46,1.03,194.46,1.56,194.18
2023,5,28,0,0,0,0,0,0,0,0,0,7.31,6.9,7.11,8.97,100,0.16,72.43,0.84,190.78,1.28,189.87
2023,5,28,1,0,0,0,0,0,0,0,0,6.92,6.55,6.74,8.79,100,0.08,72.41,0.6,180.74,0.88,178.48
2023,5,28,2,0,0,0,0,0,0,0,0,6.38,6.13,6.26,8.54,100,0.04,72.38,0.27,146.77,0.42,125.17
2023,5,28,3,0,0,0,0,0,0,0,0,5.87,5.71,5.79,8.3,100,0.02,72.36,0.24,93.69,0.58,74.48
2023,5,28,4,0,0,0,0,0,0,0,0,5.46,5.2,5.33,8,100,0.01,72.35,0.35,59.47,0.75,54.32
2023,5,28,5,0.05,0.05,0.16,4.17,4.62,0.61,0,0.02,4.95,4.51,4.73,7.57,100,0,72.36,0.42,45,1.01,43.74
2023,5,28,6,0.52,0.52,1.08,53.12,53.25,7.08,0.05,0.27,7.11,4.61,5.86,7.63,87.62,0,72.39,0.71,39.16,1.07,39.64
2023,5,28,7,1.22,1.35,2.08,130.95,143.38,17.33,0.3,1.5,10.05,4.3,7.17,7.51,70.38,0,72.43,0.29,214.11,0.34,212.97
2023,5,28,8,2.15,2.26,2.99,239.3,251.02,33.32,0.88,4.42,12.62,3.63,8.12,7.14,56.88,0,72.46,2.05,222.68,2.54,222.63
2023,5,28,9,2.87,3.05,3.76,330.25,344.67,47.59,1.57,8.35,14.32,3.74,9.03,7.26,51.44,0,72.49,3.15,223.59,3.93,223.47
2023,5,28,10,2.73,3.61,4.32,321.1,410.1,48.2,1.85,9.88,15.52,4.51,10.01,7.63,50.12,0,72.5,3.88,223.78,4.88,223.7
2023,5,28,11,2.89,3.95,4.65,355.88,453,53.4,2.18,12.17,16.23,5.51,10.87,8.12,51,0,72.5,4.26,223.07,5.37,223.05
2023,5,28,12,2.79,4.03,4.72,355.23,468.52,54.59,2.28,12.7,16.6,6.44,11.52,8.61,52.69,0.07,72.48,4.4,222.55,5.55,222.55
2023,5,28,13,2.32,3.83,4.52,287.55,447.33,45.09,1.84,9.7,16.47,7.1,11.78,8.97,55.31,0.21,72.46,4.43,221.78,5.6,221.83
2023,5,28,14,2.31,3.42,4.07,289.9,402.4,45.02,1.68,8.65,15.7,7.47,11.58,9.16,59.5,0.39,72.45,4.43,220.57,5.64,220.62
2023,5,28,15,1.74,2.77,3.4,211.3,325.9,32.12,1.01,5.33,14.76,7.76,11.26,9.34,64.5,0.55,72.45,4.09,219.65,5.21,219.71
2023,5,28,16,1.22,1.99,2.56,146.95,233.52,21.71,0.5,2.5,13.37,7.91,10.64,9.46,71.44,0.59,72.46,3.54,219.98,4.53,219.96
2023,5,28,17,0.79,1.12,1.6,92.58,130.65,12.77,0.16,0.83,12.26,8.04,10.15,9.58,77.69,0.44,72.49,2.91,221.4,3.74,221.35
2023,5,28,18,0.26,0.26,0.59,28.08,28.1,3.76,0.02,0.08,11.11,8.18,9.65,9.7,85,0.27,72.52,2.04,223.45,2.71,223.02
2023,5,28,19,0,0,0,0,0,0,0,0,9.86,8.4,9.13,9.89,94.25,0.18,72.55,1.04,229.59,1.57,227.42
2023,5,28,20,0,0,0,0,0,0,0,0,9.4,8.44,8.92,9.95,97.69,0.09,72.59,0.7,236.31,1.15,233.29
2023,5,28,21,0,0,0,0,0,0,0,0,9.12,8.31,8.72,9.83,98.69,0.03,72.63,0.54,240.46,0.92,244.75
2023,5,28,22,0,0,0,0,0,0,0,0,8.91,8.12,8.51,9.7,98.69,0.02,72.65,0.39,263.16,0.64,266.51
2023,5,28,23,0,0,0,0,0,0,0,0,8.62,7.88,8.26,9.58,99.06,0.01,72.64,0.25,292.48,0.41,297.55
2023,5,29,0,0,0,0,0,0,0,0,0,8.2,7.59,7.9,9.4,100,0.01,72.63,0.19,343.07,0.4,353.29
2023,5,29,1,0,0,0,0,0,0,0,0,7.88,7.26,7.58,9.16,99.94,0.01,72.61,0.25,9.16,0.55,14.04
2023,5,29,2,0,0,0,0,0,0,0,0,7.94,6.93,7.44,8.97,97.38,0,72.59,0.34,6.63,0.69,10.42
2023,5,29,3,0,0,0,0,0,0,0,0,8.08,6.55,7.31,8.73,94,0,72.57,0.44,0,0.77,2.89
2023,5,29,4,0,0,0,0,0,0,0,0,7.99,6.08,7.04,8.48,91.5,0,72.56,0.6,6.75,0.98,6.9
2023,5,29,5,0.06,0.06,0.16,4.9,6.48,0.72,0,0.02,7.77,5.54,6.65,8.12,89.5,0,72.57,0.73,18.63,1.18,18.19
2023,5,29,6,0.74,0.73,1.08,82.75,83.73,9.92,0.07,0.35,9.43,5.92,7.68,8.36,82.38,0,72.6,0.82,29.74,1.14,28.14
2023,5,29,7,1.62,1.63,2.08,188.48,191.38,25.71,0.46,2.25,12.16,5.61,8.89,8.24,67.75,0,72.66,0.57,199.18,0.7,199.65
2023,5,29,8,2.45,2.47,2.99,290.08,292.9,42.34,1.15,5.8,14.25,5.37,9.81,8.18,58.31,0,72.7,2.26,207.1,2.82,207.2
2023,5,29,9,3.14,3.19,3.76,376.45,377.5,56.45,1.94,10.27,15.87,5.69,10.77,8.24,53.25,0,72.73,3.29,210.52,4.15,210.58
2023,5,29,10,3.62,3.72,4.32,437.83,441.08,66.92,2.63,14.48,16.94,6.37,11.65,8.61,51.69,0,72.75,4.09,210.68,5.16,210.8
2023,5,29,11,3.73,4.02,4.65,463.48,476.77,71.5,3.02,16.95,17.52,7.15,12.33,8.97,52,0,72.74,4.3,210.95,5.41,211.05
2023,5,29,12,3.33,4.01,4.72,422.9,476.8,64.7,2.73,15.4,17.76,7.73,12.75,9.28,52.88,0.01,72.71,4.21,211.89,5.28,211.88
2023,5,29,13,2.88,3.83,4.52,354.45,455.45,54.58,2.22,12.1,17.96,8,12.98,9.4,53.19,0.01,72.66,4.27,212.38,5.36,212.37
2023,5,29,14,2.78,3.4,4.07,343.77,403.77,51.65,1.93,10.02,17.82,8.1,12.96,9.46,53.94,0.01,72.63,4.31,212.71,5.42,212.71
2023,5,29,15,2.23,2.77,3.41,272.5,328.5,40.17,1.27,6.8,17.26,8.05,12.66,9.46,55.69,0.01,72.62,4.09,213.14,5.16,213.14
2023,5,29,16,1.46,1.94,2.56,175.15,227.7,25.03,0.58,2.9,16.33,7.96,12.15,9.4,58.75,0.01,72.62,3.64,214.51,4.61,214.63
2023,5,29,17,0.84,1.11,1.6,96.75,129.55,12.79,0.16,0.83,15.16,7.87,11.51,9.34,63,0,72.63,3.06,215.96,3.9,216.04
2023,5,29,18,0.28,0.3,0.6,31.25,33.75,3.95,0.02,0.08,13.59,7.95,10.77,9.4,70.31,0,72.65,2.14,216.07,2.89,216.31
2023,5,29,19,0,0,0,0,0,0,0,0,11.42,8.07,9.75,9.52,82,0,72.69,0.9,213.69,1.69,214.86
2023,5,29,20,0,0,0,0,0,0,0,0,10.93,7.92,9.43,9.46,83.94,0,72.75,0.8,216.31,1.4,215.72
2023,5,29,21,0,0,0,0,0,0,0,0,10.71,7.62,9.16,9.22,83.38,0,72.8,0.55,227.89,0.92,224.31
2023,5,29,22,0,0,0,0,0,0,0,0,10.23,7.48,8.86,9.16,85.31,0,72.82,0.13,287.35,0.24,254.58
2023,5,29,23,0,0,0,0,0,0,0,0,9.38,7.29,8.33,9.03,89.31,0,72.82,0.28,28.74,0.37,28.71
2023,5,30,0,0,0,0,0,0,0,0,0,8.63,6.95,7.79,8.85,92.06,0,72.8,0.43,34.56,0.73,34.54
2023,5,30,1,0,0,0,0,0,0,0,0,8.01,6.5,7.25,8.61,93.56,0,72.78,0.57,32.17,1.09,32.09
2023,5,30,2,0,0,0,0,0,0,0,0,7.71,5.96,6.83,8.3,92.12,0,72.74,0.7,29.43,1.35,29.83
2023,5,30,3,0,0,0,0,0,0,0,0,7.68,5.28,6.48,7.93,88,0,72.71,0.82,32.18,1.5,31.78
2023,5,30,4,0,0,0,0,0,0,0,0,7.62,4.38,6,7.45,83,0,72.69,0.97,31.52,1.68,31.1
2023,5,30,5,0.06,0.06,0.17,5.35,6.67,0.77,0,0.02,7.76,3.41,5.58,6.96,76.75,0,72.7,1.05,28.85,1.77,28.83
2023,5,30,6,0.74,0.74,1.09,84.17,85.98,10.08,0.07,0.35,10.49,4.48,7.49,7.57,69.31,0,72.74,0.82,28.26,1.36,27.45
2023,5,30,7,1.62,1.63,2.08,189.77,193.38,25.8,0.46,2.27,13.9,3.96,8.93,7.39,54.06,0,72.78,0.92,234.01,1.12,233.77
2023,5,30,8,2.43,2.47,2.99,290.25,294.48,42.23,1.16,5.83,15.96,3.37,9.67,7.02,45.12,0,72.8,2.16,218.53,2.67,218.35
2023,5,30,9,3.12,3.18,3.76,376.92,379.5,56.58,1.96,10.4,17.75,3.24,10.5,6.9,39.56,0,72.81,3.1,215.45,3.85,215.5
2023,5,30,10,3.6,3.71,4.32,438.55,442.75,66.99,2.67,14.48,18.97,3.69,11.33,7.08,37.56,0,72.81,3.87,214.81,4.84,214.87
2023,5,30,11,3.75,4.03,4.65,468.15,479.58,72.58,3.09,17.5,19.65,4.41,12.03,7.39,37.56,0,72.78,4.25,214.45,5.33,214.44
2023,5,30,12,3.61,4.05,4.72,456.48,482.2,70.04,3.01,17.12,20.01,5.08,12.55,7.69,38.25,0,72.74,4.4,214.28,5.51,214.32
2023,5,30,13,3.45,3.9,4.52,423.42,462.17,65.53,2.73,14.98,20.13,5.55,12.84,7.93,39.19,0,72.69,4.42,214.42,5.55,214.5
2023,5,30,14,2.85,3.45,4.08,350.67,409.15,53.04,2.02,10.4,19.89,5.9,12.9,8.12,40.69,0,72.65,4.28,215.05,5.38,215.19
2023,5,30,15,2.43,2.83,3.41,293.35,335.4,43.45,1.38,7.48,19.25,6.16,12.7,8.3,43.06,0,72.62,4.09,214.81,5.15,214.87
2023,5,30,16,1.65,2.05,2.57,197.88,242.8,28.65,0.68,3.42,18.3,6.21,12.26,8.3,45.75,0,72.61,3.7,214.43,4.68,214.67
2023,5,30,17,0.98,1.18,1.61,113.73,138.55,14.96,0.2,0.98,16.97,6.13,11.55,8.24,49.5,0,72.62,3.15,214.2,4.03,214.43
2023,5,30,18,0.33,0.34,0.6,36.17,38.25,4.3,0.02,0.08,14.9,6.72,10.81,8.61,59.19,0,72.65,2.04,211.68,2.82,212.46
2023,5,30,19,0,0,0,0,0,0,0,0,12.63,6.7,9.66,8.61,68.56,0,72.7,0.93,208.73,1.56,209.14
2023,5,30,20,0,0,0,0,0,0,0,0,12.36,6.04,9.2,8.24,66.56,0,72.75,0.52,200.35,0.86,201.41
2023,5,30,21,0,0,0,0,0,0,0,0,11.42,5.7,8.56,8.06,69.31,0,72.78,0.25,79.38,0.34,92.66
2023,5,30,22,0,0,0,0,0,0,0,0,10.37,5.36,7.87,7.87,72.81,0,72.8,0.52,60.36,0.88,61.39
2023,5,30,23,0,0,0,0,0,0,0,0,9.58,4.91,7.25,7.63,74.38,0,72.78,0.63,54.13,1.18,52.83
2023,5,31,0,0,0,0,0,0,0,0,0,9.06,4.42,6.74,7.39,74.56,0,72.76,0.72,47.19,1.39,46.14
2023,5,31,1,0,0,0,0,0,0,0,0,8.65,3.85,6.25,7.08,73.56,0,72.72,0.81,43.05,1.58,42.39
2023,5,31,2,0,0,0,0,0,0,0,0,8.29,3.08,5.69,6.71,71.44,0,72.68,0.9,40.06,1.79,39.68
2023,5,31,3,0,0,0,0,0,0,0,0,8,2.08,5.04,6.29,67.94,0,72.64,1.05,33.45,2.03,34.36
2023,5,31,4,0,0,0,0,0,0,0,0,8.03,0.89,4.46,5.74,62.31,0,72.61,1.16,30.37,2.1,31.15
2023,5,31,5,0.06,0.07,0.17,5.02,6.83,0.73,0,0.02,8.49,-0.19,4.15,5.31,55.88,0,72.61,1.15,28.3,1.97,29.01
2023,5,31,6,0.7,0.75,1.09,78.4,85.58,9.52,0.07,0.38,11.2,1.69,6.44,6.35,55.38,0,72.63,0.74,22.25,1.37,25.39
2023,5,31,7,1.6,1.65,2.08,185.2,192.7,25.23,0.47,2.3,14.94,-1.35,6.8,5.07,34.56,0,72.67,0.57,254.05,0.68,254.69
2023,5,31,8,2.37,2.47,2.99,279.52,290.92,40.51,1.13,5.8,17.02,-1.32,7.85,5.07,30.44,0,72.7,2.25,227.54,2.79,227.5
2023,5,31,9,3.05,3.19,3.76,365.95,375.48,54.5,1.91,10.27,18.55,-0.64,8.96,5.31,28.94,0,72.72,3.19,224.21,3.98,224.2
2023,5,31,10,3.55,3.73,4.32,429.77,440.5,65.59,2.65,14.5,19.69,0.41,10.05,5.74,29,0,72.73,3.83,222.85,4.78,222.82
2023,5,31,11,3.7,4.02,4.65,461.62,477.3,71.12,3.05,17.45,20.4,1.67,11.04,6.23,30.12,0,72.71,4.13,222.39,5.16,222.48
2023,5,31,12,3.5,3.97,4.72,441.23,472.42,66.67,2.85,16.35,20.83,3.02,11.93,6.77,32.06,0,72.67,4.27,222.77,5.35,222.87
2023,5,31,13,3.29,3.79,4.52,408.58,450.95,61.52,2.55,13.95,20.97,4.19,12.58,7.32,34.25,0,72.62,4.32,223.75,5.41,223.95
2023,5,31,14,2.86,3.36,4.08,352.4,399.67,52.1,1.97,10.33,20.78,5.09,12.94,7.75,36.75,0,72.58,4.29,224.85,5.4,225.06
2023,5,31,15,2.28,2.73,3.41,278.25,325.35,40.4,1.3,7.12,20.18,5.74,12.96,8.12,39.75,0,72.55,4.07,226.01,5.15,226.23
2023,5,31,16,1.63,1.96,2.57,195.42,233.25,27.59,0.66,3.35,19.12,6.11,12.62,8.3,43.56,0,72.53,3.69,227.83,4.68,228.18
2023,5,31,17,0.94,1.11,1.62,108.98,130.73,14.27,0.2,0.95,17.72,6.3,12.01,8.42,48.25,0,72.53,3.13,230.16,4.02,230.59
2023,5,31,18,0.3,0.31,0.61,34.2,35.38,4.18,0.02,0.08,15.63,7.15,11.39,9.03,58.94,0,72.54,1.94,227.62,2.68,229.38
2023,5,31,19,0,0,0,0,0,0,0,0,13.68,7.94,10.81,9.58,70.81,0,72.56,0.79,225.4,1.49,228.39
2023,5,31,20,0,0,0,0,0,0,0,0,13.08,7.64,10.36,9.4,72.25,0,72.58,0.63,226.01,1.17,226.08
2023,5,31,21,0,0,0,0,0,0,0,0,12.59,7.23,9.91,9.16,72.62,0,72.59,0.47,231.79,0.8,228.97
2023,5,31,22,0,0,0,0,0,0,0,0,12.15,7.05,9.6,9.03,73.75,0,72.59,0.31,264.14,0.49,254.43
2023,5,31,23,0,0,0,0,0,0,0,0,11.49,6.87,9.18,8.91,76.19,0,72.56,0.27,324.46,0.38,317.49
2023,6,1,0,0,0,0,0,0,0,0,0,10.83,6.63,8.73,8.79,78.25,0,72.51,0.4,1.12,0.58,359.23
2023,6,1,1,0,0,0,0,0,0,0,0,10.27,6.35,8.31,8.61,79.56,0,72.46,0.47,5.71,0.7,3.81
2023,6,1,2,0,0,0,0,0,0,0,0,9.74,6.04,7.89,8.42,80.62,0,72.43,0.55,5.71,0.86,5.24
2023,6,1,3,0,0,0,0,0,0,0,0,9.18,5.55,7.37,8.12,81.12,0,72.4,0.66,20.79,1.1,20.75
2023,6,1,4,0,0,0,0,0,0,0,0,8.6,4.64,6.62,7.69,79.62,0,72.39,0.78,31.94,1.37,30.8
2023,6,1,5,0.08,0.07,0.17,6.77,6.8,0.91,0,0.02,8.29,3.37,5.83,7.08,75,0,72.4,0.83,36.54,1.47,35.29
